Time_s,NodeID,NodeType,Action,Value
0,2,STA,FIXED_STA_DISTANCE,85.000000
0,3,STA,FIXED_STA_DISTANCE,85.000000
0,4,STA,FIXED_STA_DISTANCE,85.000000
0,5,STA,FIXED_STA_DISTANCE,85.000000
0,6,STA,FIXED_STA_DISTANCE,85.000000
0,7,STA,FIXED_STA_DISTANCE,85.000000
0,8,STA,FIXED_STA_DISTANCE,85.000000
0,9,STA,FIXED_STA_DISTANCE,85.000000
0,10,STA,FIXED_STA_DISTANCE,85.000000
0,11,STA,FIXED_STA_DISTANCE,85.000000
0,12,STA,FIXED_STA_DISTANCE,85.000000
0,13,STA,FIXED_STA_DISTANCE,85.000000
0,14,STA,FIXED_STA_DISTANCE,85.000000
0,15,STA,FIXED_STA_DISTANCE,85.000000
0,16,STA,FIXED_STA_DISTANCE,85.000000
0,17,STA,FIXED_STA_DISTANCE,85.000000
0,18,STA,FIXED_STA_DISTANCE,85.000000
0,19,STA,FIXED_STA_DISTANCE,85.000000
0,20,STA,FIXED_STA_DISTANCE,85.000000
0,21,STA,FIXED_STA_DISTANCE,85.000000
0,2,STA,FIXED_TX_POWER_DBM,24.000000
0,2,STA,NAKAGAMI_FADING,1.000000
0.0529911,18,STA,ASSOC,
0.0529911,18,STA,JOINED,
0.0539812,14,STA,ASSOC,
0.0539812,14,STA,JOINED,
0.0562612,11,STA,ASSOC,
0.0562612,11,STA,JOINED,
0.0570084,12,STA,ASSOC,
0.0570084,12,STA,JOINED,
0.10205,13,STA,ASSOC,
0.10205,13,STA,JOINED,
0.104836,2,STA,ASSOC,
0.104836,2,STA,JOINED,
0.106094,3,STA,ASSOC,
0.106094,3,STA,JOINED,
0.10997,4,STA,ASSOC,
0.10997,4,STA,JOINED,
0.110314,19,STA,ASSOC,
0.110314,19,STA,JOINED,
0.116812,9,STA,ASSOC,
0.116812,9,STA,JOINED,
0.118672,10,STA,ASSOC,
0.118672,10,STA,JOINED,
0.122988,20,STA,ASSOC,
0.122988,20,STA,JOINED,
0.152662,6,STA,ASSOC,
0.152662,6,STA,JOINED,
0.201326,21,STA,ASSOC,
0.201326,21,STA,JOINED,
0.204709,5,STA,ASSOC,
0.204709,5,STA,JOINED,
0.207813,17,STA,ASSOC,
0.207813,17,STA,JOINED,
0.303139,7,STA,ASSOC,
0.303139,7,STA,JOINED,
0.304693,16,STA,ASSOC,
0.304693,16,STA,JOINED,
0.603053,8,STA,ASSOC,
0.603053,8,STA,JOINED,
0.605796,15,STA,ASSOC,
0.605796,15,STA,JOINED,
1,1,AP,SENT_COUNT,
1,1,AP,RECV_COUNT,
1.7344,8,STA,WIFI_DROP,
1.7368,8,STA,WIFI_DROP,
1.7392,8,STA,WIFI_DROP,
1.7416,8,STA,WIFI_DROP,
1.744,8,STA,WIFI_DROP,
1.7464,8,STA,WIFI_DROP,
1.7488,8,STA,WIFI_DROP,
1.7512,8,STA,WIFI_DROP,
1.7536,8,STA,WIFI_DROP,
1.756,8,STA,WIFI_DROP,
1.7584,8,STA,WIFI_DROP,
1.7608,8,STA,WIFI_DROP,
1.7632,8,STA,WIFI_DROP,
1.7656,8,STA,WIFI_DROP,
1.768,8,STA,WIFI_DROP,
1.7704,8,STA,WIFI_DROP,
1.7728,8,STA,WIFI_DROP,
1.7752,8,STA,WIFI_DROP,
1.7776,8,STA,WIFI_DROP,
1.78,8,STA,WIFI_DROP,
1.7824,8,STA,WIFI_DROP,
1.7848,8,STA,WIFI_DROP,
1.7872,8,STA,WIFI_DROP,
1.7896,8,STA,WIFI_DROP,
1.792,8,STA,WIFI_DROP,
1.7944,8,STA,WIFI_DROP,
1.7968,8,STA,WIFI_DROP,
1.7992,8,STA,WIFI_DROP,
1.8016,8,STA,WIFI_DROP,
1.804,8,STA,WIFI_DROP,
1.8064,8,STA,WIFI_DROP,
1.8088,8,STA,WIFI_DROP,
1.8112,8,STA,WIFI_DROP,
1.8136,8,STA,WIFI_DROP,
1.816,8,STA,WIFI_DROP,
1.8184,8,STA,WIFI_DROP,
1.8208,8,STA,WIFI_DROP,
1.8232,8,STA,WIFI_DROP,
1.8256,8,STA,WIFI_DROP,
1.828,8,STA,WIFI_DROP,
1.8304,8,STA,WIFI_DROP,
1.8328,8,STA,WIFI_DROP,
1.8352,8,STA,WIFI_DROP,
1.8376,8,STA,WIFI_DROP,
1.8376,14,STA,WIFI_DROP,
1.84,8,STA,WIFI_DROP,
1.84,14,STA,WIFI_DROP,
1.8424,8,STA,WIFI_DROP,
1.8424,14,STA,WIFI_DROP,
1.8448,8,STA,WIFI_DROP,
1.8448,14,STA,WIFI_DROP,
1.8472,8,STA,WIFI_DROP,
1.8472,14,STA,WIFI_DROP,
1.8496,8,STA,WIFI_DROP,
1.8496,14,STA,WIFI_DROP,
1.852,8,STA,WIFI_DROP,
1.852,14,STA,WIFI_DROP,
1.8544,8,STA,WIFI_DROP,
1.8544,14,STA,WIFI_DROP,
1.8568,8,STA,WIFI_DROP,
1.8568,14,STA,WIFI_DROP,
1.8592,8,STA,WIFI_DROP,
1.8592,14,STA,WIFI_DROP,
1.8616,8,STA,WIFI_DROP,
1.8616,14,STA,WIFI_DROP,
1.864,8,STA,WIFI_DROP,
1.864,14,STA,WIFI_DROP,
1.8664,8,STA,WIFI_DROP,
1.8664,14,STA,WIFI_DROP,
1.8688,8,STA,WIFI_DROP,
1.8688,14,STA,WIFI_DROP,
1.8712,8,STA,WIFI_DROP,
1.8712,14,STA,WIFI_DROP,
1.8736,8,STA,WIFI_DROP,
1.8736,14,STA,WIFI_DROP,
1.876,8,STA,WIFI_DROP,
1.876,14,STA,WIFI_DROP,
1.8784,8,STA,WIFI_DROP,
1.8784,14,STA,WIFI_DROP,
1.8808,8,STA,WIFI_DROP,
1.8808,14,STA,WIFI_DROP,
1.8832,8,STA,WIFI_DROP,
1.8832,14,STA,WIFI_DROP,
1.8856,8,STA,WIFI_DROP,
1.8856,14,STA,WIFI_DROP,
1.888,8,STA,WIFI_DROP,
1.888,14,STA,WIFI_DROP,
1.8904,8,STA,WIFI_DROP,
1.8928,8,STA,WIFI_DROP,
1.8952,8,STA,WIFI_DROP,
1.8976,8,STA,WIFI_DROP,
1.9,8,STA,WIFI_DROP,
1.9024,8,STA,WIFI_DROP,
1.9048,8,STA,WIFI_DROP,
1.9072,8,STA,WIFI_DROP,
1.9096,8,STA,WIFI_DROP,
1.912,8,STA,WIFI_DROP,
1.9144,8,STA,WIFI_DROP,
1.9168,8,STA,WIFI_DROP,
1.9192,8,STA,WIFI_DROP,
1.9216,8,STA,WIFI_DROP,
1.924,8,STA,WIFI_DROP,
1.9264,8,STA,WIFI_DROP,
1.9288,8,STA,WIFI_DROP,
1.9312,8,STA,WIFI_DROP,
1.9336,8,STA,WIFI_DROP,
1.936,8,STA,WIFI_DROP,
1.9384,8,STA,WIFI_DROP,
1.9384,17,STA,WIFI_DROP,
1.9408,8,STA,WIFI_DROP,
1.9408,17,STA,WIFI_DROP,
1.9432,8,STA,WIFI_DROP,
1.9432,17,STA,WIFI_DROP,
1.9456,8,STA,WIFI_DROP,
1.9456,17,STA,WIFI_DROP,
1.948,8,STA,WIFI_DROP,
1.948,17,STA,WIFI_DROP,
1.9504,8,STA,WIFI_DROP,
1.9504,17,STA,WIFI_DROP,
1.9528,8,STA,WIFI_DROP,
1.9528,17,STA,WIFI_DROP,
1.9552,8,STA,WIFI_DROP,
1.9552,17,STA,WIFI_DROP,
1.9576,8,STA,WIFI_DROP,
1.9576,17,STA,WIFI_DROP,
1.96,8,STA,WIFI_DROP,
1.96,17,STA,WIFI_DROP,
1.9624,8,STA,WIFI_DROP,
1.9624,17,STA,WIFI_DROP,
1.9648,8,STA,WIFI_DROP,
1.9648,17,STA,WIFI_DROP,
1.9672,8,STA,WIFI_DROP,
1.9672,17,STA,WIFI_DROP,
1.9696,8,STA,WIFI_DROP,
1.9696,17,STA,WIFI_DROP,
1.972,8,STA,WIFI_DROP,
1.972,17,STA,WIFI_DROP,
1.9744,8,STA,WIFI_DROP,
1.9744,17,STA,WIFI_DROP,
1.9768,8,STA,WIFI_DROP,
1.9768,17,STA,WIFI_DROP,
1.9792,8,STA,WIFI_DROP,
1.9792,17,STA,WIFI_DROP,
1.9816,8,STA,WIFI_DROP,
1.9816,17,STA,WIFI_DROP,
1.984,8,STA,WIFI_DROP,
1.984,17,STA,WIFI_DROP,
1.9864,8,STA,WIFI_DROP,
1.9864,17,STA,WIFI_DROP,
1.9888,8,STA,WIFI_DROP,
1.9888,17,STA,WIFI_DROP,
1.9912,8,STA,WIFI_DROP,
1.9912,17,STA,WIFI_DROP,
1.9936,8,STA,WIFI_DROP,
1.9936,17,STA,WIFI_DROP,
1.996,8,STA,WIFI_DROP,
1.996,17,STA,WIFI_DROP,
1.9984,8,STA,WIFI_DROP,
1.9984,17,STA,WIFI_DROP,
2,3,STA,THROUGHPUT_MBPS,0.180000
2,4,STA,THROUGHPUT_MBPS,1.224000
2,5,STA,THROUGHPUT_MBPS,1.308000
2,7,STA,THROUGHPUT_MBPS,0.408000
2,8,STA,THROUGHPUT_MBPS,1.872000
2,9,STA,THROUGHPUT_MBPS,0.084000
2,10,STA,THROUGHPUT_MBPS,1.848000
2,11,STA,THROUGHPUT_MBPS,2.808000
2,12,STA,THROUGHPUT_MBPS,1.032000
2,13,STA,THROUGHPUT_MBPS,0.444000
2,16,STA,THROUGHPUT_MBPS,1.368000
2,18,STA,THROUGHPUT_MBPS,1.104000
2,19,STA,THROUGHPUT_MBPS,0.048000
2,21,STA,THROUGHPUT_MBPS,0.348000
2,1,AP,AGGREGATE_THROUGHPUT_MBPS,14.076000
2,1,AP,SENT_COUNT,8340.000000
2,1,AP,RECV_COUNT,1173.000000
2,1,AP,LATENCY_P95_MS,530.538575
2.0008,8,STA,WIFI_DROP,
2.0008,17,STA,WIFI_DROP,
2.0032,8,STA,WIFI_DROP,
2.0032,17,STA,WIFI_DROP,
2.0056,8,STA,WIFI_DROP,
2.0056,17,STA,WIFI_DROP,
2.008,8,STA,WIFI_DROP,
2.008,17,STA,WIFI_DROP,
2.0104,8,STA,WIFI_DROP,
2.0104,17,STA,WIFI_DROP,
2.0128,8,STA,WIFI_DROP,
2.0128,17,STA,WIFI_DROP,
2.0152,8,STA,WIFI_DROP,
2.0152,17,STA,WIFI_DROP,
2.0176,8,STA,WIFI_DROP,
2.0176,17,STA,WIFI_DROP,
2.02,8,STA,WIFI_DROP,
2.02,17,STA,WIFI_DROP,
2.0224,8,STA,WIFI_DROP,
2.0224,17,STA,WIFI_DROP,
2.0248,8,STA,WIFI_DROP,
2.0248,17,STA,WIFI_DROP,
2.0272,8,STA,WIFI_DROP,
2.0272,17,STA,WIFI_DROP,
2.0296,8,STA,WIFI_DROP,
2.0296,17,STA,WIFI_DROP,
2.032,8,STA,WIFI_DROP,
2.032,17,STA,WIFI_DROP,
2.0344,8,STA,WIFI_DROP,
2.0344,17,STA,WIFI_DROP,
2.0368,8,STA,WIFI_DROP,
2.0368,17,STA,WIFI_DROP,
2.0392,8,STA,WIFI_DROP,
2.0392,17,STA,WIFI_DROP,
2.0416,8,STA,WIFI_DROP,
2.0416,17,STA,WIFI_DROP,
2.044,8,STA,WIFI_DROP,
2.044,17,STA,WIFI_DROP,
2.0464,8,STA,WIFI_DROP,
2.0464,17,STA,WIFI_DROP,
2.0488,8,STA,WIFI_DROP,
2.0488,17,STA,WIFI_DROP,
2.0512,8,STA,WIFI_DROP,
2.0512,17,STA,WIFI_DROP,
2.0536,8,STA,WIFI_DROP,
2.0536,17,STA,WIFI_DROP,
2.056,8,STA,WIFI_DROP,
2.056,17,STA,WIFI_DROP,
2.0584,8,STA,WIFI_DROP,
2.0584,17,STA,WIFI_DROP,
2.0608,8,STA,WIFI_DROP,
2.0608,17,STA,WIFI_DROP,
2.0632,8,STA,WIFI_DROP,
2.0632,17,STA,WIFI_DROP,
2.0656,8,STA,WIFI_DROP,
2.0656,17,STA,WIFI_DROP,
2.068,8,STA,WIFI_DROP,
2.068,17,STA,WIFI_DROP,
2.0704,8,STA,WIFI_DROP,
2.0704,17,STA,WIFI_DROP,
2.0728,8,STA,WIFI_DROP,
2.0728,17,STA,WIFI_DROP,
2.0752,8,STA,WIFI_DROP,
2.0752,17,STA,WIFI_DROP,
2.0776,8,STA,WIFI_DROP,
2.0776,17,STA,WIFI_DROP,
2.08,8,STA,WIFI_DROP,
2.08,17,STA,WIFI_DROP,
2.0824,8,STA,WIFI_DROP,
2.0824,17,STA,WIFI_DROP,
2.0848,8,STA,WIFI_DROP,
2.0848,17,STA,WIFI_DROP,
2.0872,8,STA,WIFI_DROP,
2.0872,17,STA,WIFI_DROP,
2.0896,8,STA,WIFI_DROP,
2.0896,17,STA,WIFI_DROP,
2.092,8,STA,WIFI_DROP,
2.092,17,STA,WIFI_DROP,
2.0944,8,STA,WIFI_DROP,
2.0944,17,STA,WIFI_DROP,
2.0968,8,STA,WIFI_DROP,
2.0968,17,STA,WIFI_DROP,
2.0992,8,STA,WIFI_DROP,
2.0992,17,STA,WIFI_DROP,
2.1016,8,STA,WIFI_DROP,
2.1016,17,STA,WIFI_DROP,
2.104,8,STA,WIFI_DROP,
2.104,17,STA,WIFI_DROP,
2.1064,8,STA,WIFI_DROP,
2.1064,17,STA,WIFI_DROP,
2.1088,8,STA,WIFI_DROP,
2.1088,17,STA,WIFI_DROP,
2.1112,8,STA,WIFI_DROP,
2.1112,17,STA,WIFI_DROP,
2.1136,8,STA,WIFI_DROP,
2.1136,17,STA,WIFI_DROP,
2.116,8,STA,WIFI_DROP,
2.116,17,STA,WIFI_DROP,
2.1184,8,STA,WIFI_DROP,
2.1184,17,STA,WIFI_DROP,
2.1208,8,STA,WIFI_DROP,
2.1208,17,STA,WIFI_DROP,
2.1232,8,STA,WIFI_DROP,
2.1232,17,STA,WIFI_DROP,
2.1256,8,STA,WIFI_DROP,
2.1256,17,STA,WIFI_DROP,
2.128,8,STA,WIFI_DROP,
2.128,17,STA,WIFI_DROP,
2.1304,8,STA,WIFI_DROP,
2.1304,17,STA,WIFI_DROP,
2.1328,8,STA,WIFI_DROP,
2.1328,17,STA,WIFI_DROP,
2.1352,8,STA,WIFI_DROP,
2.1352,17,STA,WIFI_DROP,
2.1376,8,STA,WIFI_DROP,
2.1376,17,STA,WIFI_DROP,
2.14,8,STA,WIFI_DROP,
2.14,17,STA,WIFI_DROP,
2.1424,8,STA,WIFI_DROP,
2.1424,17,STA,WIFI_DROP,
2.1448,8,STA,WIFI_DROP,
2.1448,17,STA,WIFI_DROP,
2.1472,8,STA,WIFI_DROP,
2.1472,17,STA,WIFI_DROP,
2.1496,8,STA,WIFI_DROP,
2.1496,17,STA,WIFI_DROP,
2.152,8,STA,WIFI_DROP,
2.152,17,STA,WIFI_DROP,
2.1544,8,STA,WIFI_DROP,
2.1544,17,STA,WIFI_DROP,
2.1568,8,STA,WIFI_DROP,
2.1568,17,STA,WIFI_DROP,
2.1592,8,STA,WIFI_DROP,
2.1592,17,STA,WIFI_DROP,
2.1616,8,STA,WIFI_DROP,
2.1616,17,STA,WIFI_DROP,
2.164,8,STA,WIFI_DROP,
2.164,17,STA,WIFI_DROP,
2.1664,8,STA,WIFI_DROP,
2.1664,17,STA,WIFI_DROP,
2.1688,8,STA,WIFI_DROP,
2.1688,17,STA,WIFI_DROP,
2.1712,8,STA,WIFI_DROP,
2.1712,17,STA,WIFI_DROP,
2.1736,8,STA,WIFI_DROP,
2.1736,17,STA,WIFI_DROP,
2.176,8,STA,WIFI_DROP,
2.176,17,STA,WIFI_DROP,
2.1784,8,STA,WIFI_DROP,
2.1784,17,STA,WIFI_DROP,
2.1808,8,STA,WIFI_DROP,
2.1808,17,STA,WIFI_DROP,
2.1832,8,STA,WIFI_DROP,
2.1832,17,STA,WIFI_DROP,
2.1856,8,STA,WIFI_DROP,
2.1856,17,STA,WIFI_DROP,
2.188,8,STA,WIFI_DROP,
2.188,17,STA,WIFI_DROP,
2.1904,8,STA,WIFI_DROP,
2.1904,17,STA,WIFI_DROP,
2.1928,8,STA,WIFI_DROP,
2.1928,17,STA,WIFI_DROP,
2.1952,8,STA,WIFI_DROP,
2.1952,17,STA,WIFI_DROP,
2.1976,8,STA,WIFI_DROP,
2.1976,17,STA,WIFI_DROP,
2.2,8,STA,WIFI_DROP,
2.2,17,STA,WIFI_DROP,
2.2024,8,STA,WIFI_DROP,
2.2024,17,STA,WIFI_DROP,
2.2048,8,STA,WIFI_DROP,
2.2048,17,STA,WIFI_DROP,
2.2072,8,STA,WIFI_DROP,
2.2072,17,STA,WIFI_DROP,
2.2096,8,STA,WIFI_DROP,
2.2096,17,STA,WIFI_DROP,
2.212,8,STA,WIFI_DROP,
2.212,17,STA,WIFI_DROP,
2.2144,8,STA,WIFI_DROP,
2.2144,17,STA,WIFI_DROP,
2.2168,8,STA,WIFI_DROP,
2.2168,17,STA,WIFI_DROP,
2.2192,8,STA,WIFI_DROP,
2.2192,17,STA,WIFI_DROP,
2.2216,8,STA,WIFI_DROP,
2.2216,17,STA,WIFI_DROP,
2.224,8,STA,WIFI_DROP,
2.224,17,STA,WIFI_DROP,
2.2264,8,STA,WIFI_DROP,
2.2264,17,STA,WIFI_DROP,
2.2288,8,STA,WIFI_DROP,
2.2288,17,STA,WIFI_DROP,
2.2312,8,STA,WIFI_DROP,
2.2312,17,STA,WIFI_DROP,
2.2336,8,STA,WIFI_DROP,
2.2336,17,STA,WIFI_DROP,
2.236,8,STA,WIFI_DROP,
2.236,17,STA,WIFI_DROP,
2.2384,8,STA,WIFI_DROP,
2.2384,17,STA,WIFI_DROP,
2.2408,8,STA,WIFI_DROP,
2.2408,17,STA,WIFI_DROP,
2.2432,8,STA,WIFI_DROP,
2.2432,17,STA,WIFI_DROP,
2.2456,8,STA,WIFI_DROP,
2.2456,15,STA,WIFI_DROP,
2.2456,17,STA,WIFI_DROP,
2.248,8,STA,WIFI_DROP,
2.248,15,STA,WIFI_DROP,
2.248,17,STA,WIFI_DROP,
2.2504,8,STA,WIFI_DROP,
2.2504,15,STA,WIFI_DROP,
2.2504,17,STA,WIFI_DROP,
2.2528,8,STA,WIFI_DROP,
2.2528,15,STA,WIFI_DROP,
2.2528,17,STA,WIFI_DROP,
2.2552,8,STA,WIFI_DROP,
2.2552,15,STA,WIFI_DROP,
2.2552,17,STA,WIFI_DROP,
2.2576,8,STA,WIFI_DROP,
2.2576,15,STA,WIFI_DROP,
2.2576,17,STA,WIFI_DROP,
2.26,8,STA,WIFI_DROP,
2.26,15,STA,WIFI_DROP,
2.26,17,STA,WIFI_DROP,
2.2624,8,STA,WIFI_DROP,
2.2624,15,STA,WIFI_DROP,
2.2624,17,STA,WIFI_DROP,
2.2648,8,STA,WIFI_DROP,
2.2648,15,STA,WIFI_DROP,
2.2648,17,STA,WIFI_DROP,
2.2672,8,STA,WIFI_DROP,
2.2672,15,STA,WIFI_DROP,
2.2672,17,STA,WIFI_DROP,
2.2696,8,STA,WIFI_DROP,
2.2696,15,STA,WIFI_DROP,
2.2696,17,STA,WIFI_DROP,
2.272,8,STA,WIFI_DROP,
2.272,15,STA,WIFI_DROP,
2.272,17,STA,WIFI_DROP,
2.2744,8,STA,WIFI_DROP,
2.2744,15,STA,WIFI_DROP,
2.2744,17,STA,WIFI_DROP,
2.2768,8,STA,WIFI_DROP,
2.2768,15,STA,WIFI_DROP,
2.2768,17,STA,WIFI_DROP,
2.2792,8,STA,WIFI_DROP,
2.2792,15,STA,WIFI_DROP,
2.2792,17,STA,WIFI_DROP,
2.2816,8,STA,WIFI_DROP,
2.2816,15,STA,WIFI_DROP,
2.2816,17,STA,WIFI_DROP,
2.284,8,STA,WIFI_DROP,
2.284,15,STA,WIFI_DROP,
2.284,17,STA,WIFI_DROP,
2.2864,8,STA,WIFI_DROP,
2.2864,15,STA,WIFI_DROP,
2.2864,17,STA,WIFI_DROP,
2.2888,8,STA,WIFI_DROP,
2.2888,15,STA,WIFI_DROP,
2.2888,17,STA,WIFI_DROP,
2.2912,8,STA,WIFI_DROP,
2.2912,15,STA,WIFI_DROP,
2.2912,17,STA,WIFI_DROP,
2.2936,8,STA,WIFI_DROP,
2.2936,15,STA,WIFI_DROP,
2.2936,17,STA,WIFI_DROP,
2.296,8,STA,WIFI_DROP,
2.296,15,STA,WIFI_DROP,
2.296,17,STA,WIFI_DROP,
2.2984,8,STA,WIFI_DROP,
2.2984,15,STA,WIFI_DROP,
2.2984,17,STA,WIFI_DROP,
2.3008,8,STA,WIFI_DROP,
2.3008,15,STA,WIFI_DROP,
2.3008,17,STA,WIFI_DROP,
2.3032,8,STA,WIFI_DROP,
2.3032,15,STA,WIFI_DROP,
2.3032,17,STA,WIFI_DROP,
2.3056,8,STA,WIFI_DROP,
2.3056,15,STA,WIFI_DROP,
2.3056,17,STA,WIFI_DROP,
2.308,8,STA,WIFI_DROP,
2.308,15,STA,WIFI_DROP,
2.308,17,STA,WIFI_DROP,
2.3104,8,STA,WIFI_DROP,
2.3104,15,STA,WIFI_DROP,
2.3104,17,STA,WIFI_DROP,
2.3128,8,STA,WIFI_DROP,
2.3128,15,STA,WIFI_DROP,
2.3128,17,STA,WIFI_DROP,
2.3152,8,STA,WIFI_DROP,
2.3152,15,STA,WIFI_DROP,
2.3152,17,STA,WIFI_DROP,
2.3176,8,STA,WIFI_DROP,
2.3176,15,STA,WIFI_DROP,
2.3176,17,STA,WIFI_DROP,
2.32,8,STA,WIFI_DROP,
2.32,15,STA,WIFI_DROP,
2.32,17,STA,WIFI_DROP,
2.3224,8,STA,WIFI_DROP,
2.3224,15,STA,WIFI_DROP,
2.3224,17,STA,WIFI_DROP,
2.3248,8,STA,WIFI_DROP,
2.3248,15,STA,WIFI_DROP,
2.3248,17,STA,WIFI_DROP,
2.3272,8,STA,WIFI_DROP,
2.3272,15,STA,WIFI_DROP,
2.3272,17,STA,WIFI_DROP,
2.3296,8,STA,WIFI_DROP,
2.3296,15,STA,WIFI_DROP,
2.3296,17,STA,WIFI_DROP,
2.332,8,STA,WIFI_DROP,
2.332,15,STA,WIFI_DROP,
2.332,17,STA,WIFI_DROP,
2.3344,8,STA,WIFI_DROP,
2.3344,15,STA,WIFI_DROP,
2.3344,17,STA,WIFI_DROP,
2.3368,8,STA,WIFI_DROP,
2.3368,15,STA,WIFI_DROP,
2.3368,17,STA,WIFI_DROP,
2.3392,8,STA,WIFI_DROP,
2.3392,15,STA,WIFI_DROP,
2.3392,17,STA,WIFI_DROP,
2.3416,8,STA,WIFI_DROP,
2.3416,15,STA,WIFI_DROP,
2.3416,17,STA,WIFI_DROP,
2.344,8,STA,WIFI_DROP,
2.344,15,STA,WIFI_DROP,
2.344,17,STA,WIFI_DROP,
2.3464,8,STA,WIFI_DROP,
2.3464,15,STA,WIFI_DROP,
2.3464,17,STA,WIFI_DROP,
2.3488,8,STA,WIFI_DROP,
2.3488,15,STA,WIFI_DROP,
2.3488,17,STA,WIFI_DROP,
2.3512,8,STA,WIFI_DROP,
2.3512,15,STA,WIFI_DROP,
2.3512,17,STA,WIFI_DROP,
2.3536,8,STA,WIFI_DROP,
2.3536,15,STA,WIFI_DROP,
2.3536,17,STA,WIFI_DROP,
2.356,8,STA,WIFI_DROP,
2.356,15,STA,WIFI_DROP,
2.356,17,STA,WIFI_DROP,
2.3584,8,STA,WIFI_DROP,
2.3584,15,STA,WIFI_DROP,
2.3584,17,STA,WIFI_DROP,
2.3608,8,STA,WIFI_DROP,
2.3608,15,STA,WIFI_DROP,
2.3608,17,STA,WIFI_DROP,
2.3632,8,STA,WIFI_DROP,
2.3632,15,STA,WIFI_DROP,
2.3632,17,STA,WIFI_DROP,
2.3656,8,STA,WIFI_DROP,
2.3656,15,STA,WIFI_DROP,
2.3656,17,STA,WIFI_DROP,
2.368,8,STA,WIFI_DROP,
2.368,15,STA,WIFI_DROP,
2.368,17,STA,WIFI_DROP,
2.3704,8,STA,WIFI_DROP,
2.3704,15,STA,WIFI_DROP,
2.3704,17,STA,WIFI_DROP,
2.3728,8,STA,WIFI_DROP,
2.3728,15,STA,WIFI_DROP,
2.3728,17,STA,WIFI_DROP,
2.3752,8,STA,WIFI_DROP,
2.3752,15,STA,WIFI_DROP,
2.3752,17,STA,WIFI_DROP,
2.3776,8,STA,WIFI_DROP,
2.3776,15,STA,WIFI_DROP,
2.3776,17,STA,WIFI_DROP,
2.38,8,STA,WIFI_DROP,
2.38,15,STA,WIFI_DROP,
2.38,17,STA,WIFI_DROP,
2.3824,8,STA,WIFI_DROP,
2.3824,15,STA,WIFI_DROP,
2.3824,17,STA,WIFI_DROP,
2.3848,8,STA,WIFI_DROP,
2.3848,15,STA,WIFI_DROP,
2.3848,17,STA,WIFI_DROP,
2.3872,8,STA,WIFI_DROP,
2.3872,15,STA,WIFI_DROP,
2.3872,17,STA,WIFI_DROP,
2.3896,8,STA,WIFI_DROP,
2.3896,15,STA,WIFI_DROP,
2.3896,17,STA,WIFI_DROP,
2.392,8,STA,WIFI_DROP,
2.392,15,STA,WIFI_DROP,
2.392,17,STA,WIFI_DROP,
2.3944,8,STA,WIFI_DROP,
2.3944,15,STA,WIFI_DROP,
2.3944,17,STA,WIFI_DROP,
2.3968,8,STA,WIFI_DROP,
2.3968,15,STA,WIFI_DROP,
2.3968,17,STA,WIFI_DROP,
2.3992,8,STA,WIFI_DROP,
2.3992,15,STA,WIFI_DROP,
2.3992,17,STA,WIFI_DROP,
2.4016,8,STA,WIFI_DROP,
2.4016,15,STA,WIFI_DROP,
2.4016,17,STA,WIFI_DROP,
2.404,8,STA,WIFI_DROP,
2.404,15,STA,WIFI_DROP,
2.404,17,STA,WIFI_DROP,
2.4064,8,STA,WIFI_DROP,
2.4064,15,STA,WIFI_DROP,
2.4064,17,STA,WIFI_DROP,
2.4088,8,STA,WIFI_DROP,
2.4088,15,STA,WIFI_DROP,
2.4088,17,STA,WIFI_DROP,
2.4112,8,STA,WIFI_DROP,
2.4112,15,STA,WIFI_DROP,
2.4112,17,STA,WIFI_DROP,
2.4136,8,STA,WIFI_DROP,
2.4136,15,STA,WIFI_DROP,
2.4136,17,STA,WIFI_DROP,
2.416,8,STA,WIFI_DROP,
2.416,15,STA,WIFI_DROP,
2.416,17,STA,WIFI_DROP,
2.4184,8,STA,WIFI_DROP,
2.4184,15,STA,WIFI_DROP,
2.4184,17,STA,WIFI_DROP,
2.4208,8,STA,WIFI_DROP,
2.4208,15,STA,WIFI_DROP,
2.4208,17,STA,WIFI_DROP,
2.4232,8,STA,WIFI_DROP,
2.4232,15,STA,WIFI_DROP,
2.4232,17,STA,WIFI_DROP,
2.4256,8,STA,WIFI_DROP,
2.4256,15,STA,WIFI_DROP,
2.4256,17,STA,WIFI_DROP,
2.428,8,STA,WIFI_DROP,
2.428,15,STA,WIFI_DROP,
2.428,17,STA,WIFI_DROP,
2.4304,8,STA,WIFI_DROP,
2.4304,15,STA,WIFI_DROP,
2.4304,17,STA,WIFI_DROP,
2.4328,8,STA,WIFI_DROP,
2.4328,15,STA,WIFI_DROP,
2.4328,17,STA,WIFI_DROP,
2.4352,8,STA,WIFI_DROP,
2.4352,15,STA,WIFI_DROP,
2.4352,17,STA,WIFI_DROP,
2.4376,8,STA,WIFI_DROP,
2.4376,15,STA,WIFI_DROP,
2.4376,17,STA,WIFI_DROP,
2.44,8,STA,WIFI_DROP,
2.44,15,STA,WIFI_DROP,
2.44,17,STA,WIFI_DROP,
2.4424,8,STA,WIFI_DROP,
2.4424,15,STA,WIFI_DROP,
2.4424,17,STA,WIFI_DROP,
2.4448,8,STA,WIFI_DROP,
2.4448,15,STA,WIFI_DROP,
2.4448,17,STA,WIFI_DROP,
2.4472,8,STA,WIFI_DROP,
2.4472,15,STA,WIFI_DROP,
2.4472,17,STA,WIFI_DROP,
2.4496,8,STA,WIFI_DROP,
2.4496,15,STA,WIFI_DROP,
2.4496,17,STA,WIFI_DROP,
2.452,8,STA,WIFI_DROP,
2.452,15,STA,WIFI_DROP,
2.452,17,STA,WIFI_DROP,
2.4544,8,STA,WIFI_DROP,
2.4544,15,STA,WIFI_DROP,
2.4544,17,STA,WIFI_DROP,
2.4568,8,STA,WIFI_DROP,
2.4568,15,STA,WIFI_DROP,
2.4568,17,STA,WIFI_DROP,
2.4592,8,STA,WIFI_DROP,
2.4592,15,STA,WIFI_DROP,
2.4592,17,STA,WIFI_DROP,
2.4616,8,STA,WIFI_DROP,
2.4616,15,STA,WIFI_DROP,
2.4616,17,STA,WIFI_DROP,
2.464,8,STA,WIFI_DROP,
2.464,15,STA,WIFI_DROP,
2.464,17,STA,WIFI_DROP,
2.4664,8,STA,WIFI_DROP,
2.4664,15,STA,WIFI_DROP,
2.4664,17,STA,WIFI_DROP,
2.4688,8,STA,WIFI_DROP,
2.4688,15,STA,WIFI_DROP,
2.4688,17,STA,WIFI_DROP,
2.4712,8,STA,WIFI_DROP,
2.4712,15,STA,WIFI_DROP,
2.4712,17,STA,WIFI_DROP,
2.4736,8,STA,WIFI_DROP,
2.4736,15,STA,WIFI_DROP,
2.4736,17,STA,WIFI_DROP,
2.476,8,STA,WIFI_DROP,
2.476,15,STA,WIFI_DROP,
2.476,17,STA,WIFI_DROP,
2.4784,8,STA,WIFI_DROP,
2.4784,15,STA,WIFI_DROP,
2.4784,17,STA,WIFI_DROP,
2.4808,8,STA,WIFI_DROP,
2.4808,15,STA,WIFI_DROP,
2.4808,17,STA,WIFI_DROP,
2.4832,8,STA,WIFI_DROP,
2.4832,15,STA,WIFI_DROP,
2.4832,17,STA,WIFI_DROP,
2.4856,8,STA,WIFI_DROP,
2.4856,15,STA,WIFI_DROP,
2.4856,17,STA,WIFI_DROP,
2.488,8,STA,WIFI_DROP,
2.488,15,STA,WIFI_DROP,
2.488,17,STA,WIFI_DROP,
2.4904,8,STA,WIFI_DROP,
2.4904,15,STA,WIFI_DROP,
2.4904,17,STA,WIFI_DROP,
2.4928,8,STA,WIFI_DROP,
2.4928,15,STA,WIFI_DROP,
2.4928,17,STA,WIFI_DROP,
2.4952,8,STA,WIFI_DROP,
2.4952,15,STA,WIFI_DROP,
2.4952,17,STA,WIFI_DROP,
2.4976,8,STA,WIFI_DROP,
2.4976,15,STA,WIFI_DROP,
2.4976,17,STA,WIFI_DROP,
2.5,8,STA,WIFI_DROP,
2.5,15,STA,WIFI_DROP,
2.5,17,STA,WIFI_DROP,
2.5024,8,STA,WIFI_DROP,
2.5024,15,STA,WIFI_DROP,
2.5024,17,STA,WIFI_DROP,
2.5048,8,STA,WIFI_DROP,
2.5048,15,STA,WIFI_DROP,
2.5048,17,STA,WIFI_DROP,
2.5072,8,STA,WIFI_DROP,
2.5072,15,STA,WIFI_DROP,
2.5072,17,STA,WIFI_DROP,
2.5096,8,STA,WIFI_DROP,
2.5096,15,STA,WIFI_DROP,
2.5096,17,STA,WIFI_DROP,
2.512,8,STA,WIFI_DROP,
2.512,15,STA,WIFI_DROP,
2.512,17,STA,WIFI_DROP,
2.5144,8,STA,WIFI_DROP,
2.5144,15,STA,WIFI_DROP,
2.5144,17,STA,WIFI_DROP,
2.5168,8,STA,WIFI_DROP,
2.5168,15,STA,WIFI_DROP,
2.5168,17,STA,WIFI_DROP,
2.5192,8,STA,WIFI_DROP,
2.5192,15,STA,WIFI_DROP,
2.5192,17,STA,WIFI_DROP,
2.5216,8,STA,WIFI_DROP,
2.5216,15,STA,WIFI_DROP,
2.5216,17,STA,WIFI_DROP,
2.524,8,STA,WIFI_DROP,
2.524,15,STA,WIFI_DROP,
2.524,17,STA,WIFI_DROP,
2.5264,8,STA,WIFI_DROP,
2.5264,15,STA,WIFI_DROP,
2.5264,17,STA,WIFI_DROP,
2.5288,8,STA,WIFI_DROP,
2.5288,15,STA,WIFI_DROP,
2.5288,17,STA,WIFI_DROP,
2.5312,8,STA,WIFI_DROP,
2.5312,15,STA,WIFI_DROP,
2.5312,17,STA,WIFI_DROP,
2.5336,8,STA,WIFI_DROP,
2.5336,15,STA,WIFI_DROP,
2.5336,17,STA,WIFI_DROP,
2.536,8,STA,WIFI_DROP,
2.536,15,STA,WIFI_DROP,
2.536,17,STA,WIFI_DROP,
2.5384,8,STA,WIFI_DROP,
2.5384,15,STA,WIFI_DROP,
2.5384,17,STA,WIFI_DROP,
2.5408,8,STA,WIFI_DROP,
2.5408,15,STA,WIFI_DROP,
2.5408,17,STA,WIFI_DROP,
2.5432,8,STA,WIFI_DROP,
2.5432,15,STA,WIFI_DROP,
2.5432,17,STA,WIFI_DROP,
2.5456,8,STA,WIFI_DROP,
2.5456,15,STA,WIFI_DROP,
2.5456,17,STA,WIFI_DROP,
2.548,8,STA,WIFI_DROP,
2.548,15,STA,WIFI_DROP,
2.548,17,STA,WIFI_DROP,
2.5504,8,STA,WIFI_DROP,
2.5504,15,STA,WIFI_DROP,
2.5504,17,STA,WIFI_DROP,
2.5528,8,STA,WIFI_DROP,
2.5528,15,STA,WIFI_DROP,
2.5528,17,STA,WIFI_DROP,
2.5552,8,STA,WIFI_DROP,
2.5552,15,STA,WIFI_DROP,
2.5552,17,STA,WIFI_DROP,
2.5576,8,STA,WIFI_DROP,
2.5576,15,STA,WIFI_DROP,
2.5576,17,STA,WIFI_DROP,
2.56,8,STA,WIFI_DROP,
2.56,15,STA,WIFI_DROP,
2.56,17,STA,WIFI_DROP,
2.5624,8,STA,WIFI_DROP,
2.5624,15,STA,WIFI_DROP,
2.5624,17,STA,WIFI_DROP,
2.5648,8,STA,WIFI_DROP,
2.5648,15,STA,WIFI_DROP,
2.5648,17,STA,WIFI_DROP,
2.5672,8,STA,WIFI_DROP,
2.5672,15,STA,WIFI_DROP,
2.5672,17,STA,WIFI_DROP,
2.5696,8,STA,WIFI_DROP,
2.5696,15,STA,WIFI_DROP,
2.5696,17,STA,WIFI_DROP,
2.572,8,STA,WIFI_DROP,
2.572,15,STA,WIFI_DROP,
2.572,17,STA,WIFI_DROP,
2.5744,8,STA,WIFI_DROP,
2.5744,15,STA,WIFI_DROP,
2.5744,17,STA,WIFI_DROP,
2.5768,8,STA,WIFI_DROP,
2.5768,15,STA,WIFI_DROP,
2.5768,17,STA,WIFI_DROP,
2.5792,8,STA,WIFI_DROP,
2.5792,15,STA,WIFI_DROP,
2.5792,17,STA,WIFI_DROP,
2.5816,8,STA,WIFI_DROP,
2.5816,15,STA,WIFI_DROP,
2.5816,17,STA,WIFI_DROP,
2.584,8,STA,WIFI_DROP,
2.584,15,STA,WIFI_DROP,
2.584,17,STA,WIFI_DROP,
2.5864,8,STA,WIFI_DROP,
2.5864,15,STA,WIFI_DROP,
2.5864,17,STA,WIFI_DROP,
2.5888,8,STA,WIFI_DROP,
2.5888,15,STA,WIFI_DROP,
2.5888,17,STA,WIFI_DROP,
2.5912,8,STA,WIFI_DROP,
2.5912,15,STA,WIFI_DROP,
2.5912,17,STA,WIFI_DROP,
2.5936,8,STA,WIFI_DROP,
2.5936,15,STA,WIFI_DROP,
2.5936,17,STA,WIFI_DROP,
2.596,8,STA,WIFI_DROP,
2.596,15,STA,WIFI_DROP,
2.596,17,STA,WIFI_DROP,
2.5984,8,STA,WIFI_DROP,
2.5984,15,STA,WIFI_DROP,
2.5984,17,STA,WIFI_DROP,
2.6008,8,STA,WIFI_DROP,
2.6008,15,STA,WIFI_DROP,
2.6008,17,STA,WIFI_DROP,
2.6032,8,STA,WIFI_DROP,
2.6032,15,STA,WIFI_DROP,
2.6032,17,STA,WIFI_DROP,
2.6056,8,STA,WIFI_DROP,
2.6056,15,STA,WIFI_DROP,
2.6056,17,STA,WIFI_DROP,
2.608,8,STA,WIFI_DROP,
2.608,15,STA,WIFI_DROP,
2.608,17,STA,WIFI_DROP,
2.6104,8,STA,WIFI_DROP,
2.6104,15,STA,WIFI_DROP,
2.6104,17,STA,WIFI_DROP,
2.6128,8,STA,WIFI_DROP,
2.6128,15,STA,WIFI_DROP,
2.6128,17,STA,WIFI_DROP,
2.6152,8,STA,WIFI_DROP,
2.6152,15,STA,WIFI_DROP,
2.6152,17,STA,WIFI_DROP,
2.6176,8,STA,WIFI_DROP,
2.6176,15,STA,WIFI_DROP,
2.6176,17,STA,WIFI_DROP,
2.62,8,STA,WIFI_DROP,
2.62,15,STA,WIFI_DROP,
2.62,17,STA,WIFI_DROP,
2.6224,8,STA,WIFI_DROP,
2.6224,15,STA,WIFI_DROP,
2.6224,17,STA,WIFI_DROP,
2.6248,8,STA,WIFI_DROP,
2.6248,15,STA,WIFI_DROP,
2.6248,17,STA,WIFI_DROP,
2.6272,8,STA,WIFI_DROP,
2.6272,15,STA,WIFI_DROP,
2.6272,17,STA,WIFI_DROP,
2.6296,8,STA,WIFI_DROP,
2.6296,15,STA,WIFI_DROP,
2.6296,17,STA,WIFI_DROP,
2.632,8,STA,WIFI_DROP,
2.632,15,STA,WIFI_DROP,
2.632,17,STA,WIFI_DROP,
2.6344,8,STA,WIFI_DROP,
2.6344,15,STA,WIFI_DROP,
2.6344,17,STA,WIFI_DROP,
2.6368,8,STA,WIFI_DROP,
2.6368,15,STA,WIFI_DROP,
2.6368,17,STA,WIFI_DROP,
2.6392,8,STA,WIFI_DROP,
2.6392,15,STA,WIFI_DROP,
2.6392,17,STA,WIFI_DROP,
2.6416,8,STA,WIFI_DROP,
2.6416,15,STA,WIFI_DROP,
2.644,8,STA,WIFI_DROP,
2.644,15,STA,WIFI_DROP,
2.6464,8,STA,WIFI_DROP,
2.6464,15,STA,WIFI_DROP,
2.6488,8,STA,WIFI_DROP,
2.6488,15,STA,WIFI_DROP,
2.6512,8,STA,WIFI_DROP,
2.6512,15,STA,WIFI_DROP,
2.6536,8,STA,WIFI_DROP,
2.6536,15,STA,WIFI_DROP,
2.656,8,STA,WIFI_DROP,
2.656,15,STA,WIFI_DROP,
2.6584,8,STA,WIFI_DROP,
2.6584,15,STA,WIFI_DROP,
2.6608,8,STA,WIFI_DROP,
2.6608,15,STA,WIFI_DROP,
2.6632,8,STA,WIFI_DROP,
2.6632,15,STA,WIFI_DROP,
2.6656,8,STA,WIFI_DROP,
2.6656,15,STA,WIFI_DROP,
2.668,8,STA,WIFI_DROP,
2.668,15,STA,WIFI_DROP,
2.6704,8,STA,WIFI_DROP,
2.6704,15,STA,WIFI_DROP,
2.6728,8,STA,WIFI_DROP,
2.6728,15,STA,WIFI_DROP,
2.6752,8,STA,WIFI_DROP,
2.6752,15,STA,WIFI_DROP,
2.6776,8,STA,WIFI_DROP,
2.6776,15,STA,WIFI_DROP,
2.68,8,STA,WIFI_DROP,
2.68,15,STA,WIFI_DROP,
2.6824,8,STA,WIFI_DROP,
2.6824,15,STA,WIFI_DROP,
2.6848,8,STA,WIFI_DROP,
2.6848,15,STA,WIFI_DROP,
2.6872,8,STA,WIFI_DROP,
2.6872,15,STA,WIFI_DROP,
2.6896,8,STA,WIFI_DROP,
2.6896,15,STA,WIFI_DROP,
2.692,8,STA,WIFI_DROP,
2.692,15,STA,WIFI_DROP,
2.6944,8,STA,WIFI_DROP,
2.6944,15,STA,WIFI_DROP,
2.6968,8,STA,WIFI_DROP,
2.6968,15,STA,WIFI_DROP,
2.6992,8,STA,WIFI_DROP,
2.6992,15,STA,WIFI_DROP,
2.7016,8,STA,WIFI_DROP,
2.7016,15,STA,WIFI_DROP,
2.704,8,STA,WIFI_DROP,
2.704,15,STA,WIFI_DROP,
2.7064,8,STA,WIFI_DROP,
2.7064,15,STA,WIFI_DROP,
2.7088,8,STA,WIFI_DROP,
2.7088,15,STA,WIFI_DROP,
2.7112,8,STA,WIFI_DROP,
2.7112,15,STA,WIFI_DROP,
2.7136,8,STA,WIFI_DROP,
2.7136,15,STA,WIFI_DROP,
2.716,8,STA,WIFI_DROP,
2.716,15,STA,WIFI_DROP,
2.7184,8,STA,WIFI_DROP,
2.7184,15,STA,WIFI_DROP,
2.7208,8,STA,WIFI_DROP,
2.7208,15,STA,WIFI_DROP,
2.7232,8,STA,WIFI_DROP,
2.7232,15,STA,WIFI_DROP,
2.7256,8,STA,WIFI_DROP,
2.7256,15,STA,WIFI_DROP,
2.728,8,STA,WIFI_DROP,
2.728,15,STA,WIFI_DROP,
2.7304,8,STA,WIFI_DROP,
2.7304,15,STA,WIFI_DROP,
2.7328,8,STA,WIFI_DROP,
2.7328,15,STA,WIFI_DROP,
2.7352,8,STA,WIFI_DROP,
2.7352,15,STA,WIFI_DROP,
2.7376,8,STA,WIFI_DROP,
2.7376,15,STA,WIFI_DROP,
2.74,8,STA,WIFI_DROP,
2.74,15,STA,WIFI_DROP,
2.7424,8,STA,WIFI_DROP,
2.7424,15,STA,WIFI_DROP,
2.7448,8,STA,WIFI_DROP,
2.7448,15,STA,WIFI_DROP,
2.7472,8,STA,WIFI_DROP,
2.7472,15,STA,WIFI_DROP,
2.7496,8,STA,WIFI_DROP,
2.7496,15,STA,WIFI_DROP,
2.752,8,STA,WIFI_DROP,
2.752,15,STA,WIFI_DROP,
2.7544,8,STA,WIFI_DROP,
2.7544,15,STA,WIFI_DROP,
2.7568,8,STA,WIFI_DROP,
2.7568,15,STA,WIFI_DROP,
2.7592,8,STA,WIFI_DROP,
2.7592,15,STA,WIFI_DROP,
2.7616,8,STA,WIFI_DROP,
2.7616,15,STA,WIFI_DROP,
2.764,8,STA,WIFI_DROP,
2.764,15,STA,WIFI_DROP,
2.7664,8,STA,WIFI_DROP,
2.7664,15,STA,WIFI_DROP,
2.7688,8,STA,WIFI_DROP,
2.7688,15,STA,WIFI_DROP,
2.7712,8,STA,WIFI_DROP,
2.7712,15,STA,WIFI_DROP,
2.7736,8,STA,WIFI_DROP,
2.7736,15,STA,WIFI_DROP,
2.776,8,STA,WIFI_DROP,
2.776,15,STA,WIFI_DROP,
2.7784,8,STA,WIFI_DROP,
2.7784,15,STA,WIFI_DROP,
2.7808,8,STA,WIFI_DROP,
2.7808,15,STA,WIFI_DROP,
2.7832,8,STA,WIFI_DROP,
2.7832,15,STA,WIFI_DROP,
2.7856,8,STA,WIFI_DROP,
2.7856,15,STA,WIFI_DROP,
2.788,8,STA,WIFI_DROP,
2.788,15,STA,WIFI_DROP,
2.7904,8,STA,WIFI_DROP,
2.7904,15,STA,WIFI_DROP,
2.7928,8,STA,WIFI_DROP,
2.7928,15,STA,WIFI_DROP,
2.7952,8,STA,WIFI_DROP,
2.7952,15,STA,WIFI_DROP,
2.7976,8,STA,WIFI_DROP,
2.7976,15,STA,WIFI_DROP,
2.8,8,STA,WIFI_DROP,
2.8,15,STA,WIFI_DROP,
2.8024,8,STA,WIFI_DROP,
2.8024,15,STA,WIFI_DROP,
2.8048,8,STA,WIFI_DROP,
2.8048,15,STA,WIFI_DROP,
2.8072,8,STA,WIFI_DROP,
2.8072,15,STA,WIFI_DROP,
2.8096,8,STA,WIFI_DROP,
2.8096,15,STA,WIFI_DROP,
2.812,8,STA,WIFI_DROP,
2.812,15,STA,WIFI_DROP,
2.8144,8,STA,WIFI_DROP,
2.8144,15,STA,WIFI_DROP,
2.8168,8,STA,WIFI_DROP,
2.8168,15,STA,WIFI_DROP,
2.8192,8,STA,WIFI_DROP,
2.8192,15,STA,WIFI_DROP,
2.8216,8,STA,WIFI_DROP,
2.8216,15,STA,WIFI_DROP,
2.824,8,STA,WIFI_DROP,
2.824,15,STA,WIFI_DROP,
2.8264,8,STA,WIFI_DROP,
2.8264,15,STA,WIFI_DROP,
2.8288,8,STA,WIFI_DROP,
2.8288,15,STA,WIFI_DROP,
2.8312,8,STA,WIFI_DROP,
2.8312,15,STA,WIFI_DROP,
2.8336,8,STA,WIFI_DROP,
2.8336,15,STA,WIFI_DROP,
2.836,8,STA,WIFI_DROP,
2.836,15,STA,WIFI_DROP,
2.8384,15,STA,WIFI_DROP,
2.8408,15,STA,WIFI_DROP,
2.8432,15,STA,WIFI_DROP,
2.8456,15,STA,WIFI_DROP,
2.848,15,STA,WIFI_DROP,
2.8504,15,STA,WIFI_DROP,
2.8528,15,STA,WIFI_DROP,
2.8552,15,STA,WIFI_DROP,
2.8576,8,STA,WIFI_DROP,
2.8576,15,STA,WIFI_DROP,
2.86,8,STA,WIFI_DROP,
2.86,15,STA,WIFI_DROP,
2.8624,8,STA,WIFI_DROP,
2.8624,15,STA,WIFI_DROP,
2.8648,8,STA,WIFI_DROP,
2.8648,15,STA,WIFI_DROP,
2.8672,8,STA,WIFI_DROP,
2.8672,15,STA,WIFI_DROP,
2.8696,8,STA,WIFI_DROP,
2.8696,15,STA,WIFI_DROP,
2.872,8,STA,WIFI_DROP,
2.872,15,STA,WIFI_DROP,
2.8744,8,STA,WIFI_DROP,
2.8744,15,STA,WIFI_DROP,
2.8768,8,STA,WIFI_DROP,
2.8768,15,STA,WIFI_DROP,
2.8792,8,STA,WIFI_DROP,
2.8792,15,STA,WIFI_DROP,
2.8816,8,STA,WIFI_DROP,
2.8816,15,STA,WIFI_DROP,
2.884,8,STA,WIFI_DROP,
2.884,15,STA,WIFI_DROP,
2.8864,8,STA,WIFI_DROP,
2.8864,15,STA,WIFI_DROP,
2.8888,8,STA,WIFI_DROP,
2.8888,15,STA,WIFI_DROP,
2.8912,8,STA,WIFI_DROP,
2.8912,15,STA,WIFI_DROP,
2.8936,8,STA,WIFI_DROP,
2.8936,15,STA,WIFI_DROP,
2.896,8,STA,WIFI_DROP,
2.896,15,STA,WIFI_DROP,
2.8984,8,STA,WIFI_DROP,
2.8984,15,STA,WIFI_DROP,
2.9008,8,STA,WIFI_DROP,
2.9008,15,STA,WIFI_DROP,
2.9032,8,STA,WIFI_DROP,
2.9032,15,STA,WIFI_DROP,
2.9056,8,STA,WIFI_DROP,
2.9056,15,STA,WIFI_DROP,
2.908,8,STA,WIFI_DROP,
2.908,15,STA,WIFI_DROP,
2.9104,15,STA,WIFI_DROP,
2.9128,15,STA,WIFI_DROP,
2.9152,15,STA,WIFI_DROP,
2.9176,15,STA,WIFI_DROP,
2.92,15,STA,WIFI_DROP,
2.9224,15,STA,WIFI_DROP,
2.9248,15,STA,WIFI_DROP,
2.9272,15,STA,WIFI_DROP,
2.9296,15,STA,WIFI_DROP,
2.932,15,STA,WIFI_DROP,
2.9344,15,STA,WIFI_DROP,
2.9368,15,STA,WIFI_DROP,
2.9392,15,STA,WIFI_DROP,
2.9416,15,STA,WIFI_DROP,
2.944,15,STA,WIFI_DROP,
2.9464,15,STA,WIFI_DROP,
2.9488,15,STA,WIFI_DROP,
2.9512,15,STA,WIFI_DROP,
2.9536,15,STA,WIFI_DROP,
2.956,15,STA,WIFI_DROP,
2.9584,15,STA,WIFI_DROP,
2.9608,15,STA,WIFI_DROP,
2.9632,15,STA,WIFI_DROP,
2.9656,15,STA,WIFI_DROP,
2.968,15,STA,WIFI_DROP,
2.9704,15,STA,WIFI_DROP,
2.9728,15,STA,WIFI_DROP,
2.9752,15,STA,WIFI_DROP,
2.9776,15,STA,WIFI_DROP,
2.98,15,STA,WIFI_DROP,
2.9824,15,STA,WIFI_DROP,
2.9848,15,STA,WIFI_DROP,
2.9872,15,STA,WIFI_DROP,
2.9896,15,STA,WIFI_DROP,
2.992,15,STA,WIFI_DROP,
2.9944,15,STA,WIFI_DROP,
2.9968,15,STA,WIFI_DROP,
2.9992,15,STA,WIFI_DROP,
3,3,STA,THROUGHPUT_MBPS,1.980000
3,4,STA,THROUGHPUT_MBPS,2.088000
3,5,STA,THROUGHPUT_MBPS,1.728000
3,7,STA,THROUGHPUT_MBPS,0.012000
3,8,STA,THROUGHPUT_MBPS,0.012000
3,9,STA,THROUGHPUT_MBPS,2.916000
3,10,STA,THROUGHPUT_MBPS,1.116000
3,11,STA,THROUGHPUT_MBPS,1.788000
3,12,STA,THROUGHPUT_MBPS,2.412000
3,13,STA,THROUGHPUT_MBPS,1.896000
3,14,STA,THROUGHPUT_MBPS,2.136000
3,16,STA,THROUGHPUT_MBPS,5.820000
3,17,STA,THROUGHPUT_MBPS,0.264000
3,18,STA,THROUGHPUT_MBPS,4.512000
3,19,STA,THROUGHPUT_MBPS,2.016000
3,21,STA,THROUGHPUT_MBPS,1.860000
3,1,AP,AGGREGATE_THROUGHPUT_MBPS,32.556000
3,1,AP,SENT_COUNT,8340.000000
3,1,AP,RECV_COUNT,2713.000000
3,1,AP,LATENCY_P95_MS,525.412961
3.0016,15,STA,WIFI_DROP,
3.004,15,STA,WIFI_DROP,
3.0064,15,STA,WIFI_DROP,
3.0088,15,STA,WIFI_DROP,
3.0112,15,STA,WIFI_DROP,
3.0136,15,STA,WIFI_DROP,
3.016,15,STA,WIFI_DROP,
3.0184,15,STA,WIFI_DROP,
3.0208,15,STA,WIFI_DROP,
3.0232,15,STA,WIFI_DROP,
3.0256,15,STA,WIFI_DROP,
3.028,15,STA,WIFI_DROP,
3.0304,15,STA,WIFI_DROP,
3.0328,15,STA,WIFI_DROP,
3.0352,15,STA,WIFI_DROP,
3.0376,15,STA,WIFI_DROP,
3.04,15,STA,WIFI_DROP,
3.0424,15,STA,WIFI_DROP,
3.0448,15,STA,WIFI_DROP,
3.0472,15,STA,WIFI_DROP,
3.0496,15,STA,WIFI_DROP,
3.1744,5,STA,WIFI_DROP,
3.1768,5,STA,WIFI_DROP,
3.1792,5,STA,WIFI_DROP,
3.1816,5,STA,WIFI_DROP,
3.184,5,STA,WIFI_DROP,
3.1864,5,STA,WIFI_DROP,
3.1888,5,STA,WIFI_DROP,
3.1912,5,STA,WIFI_DROP,
3.1936,5,STA,WIFI_DROP,
3.196,5,STA,WIFI_DROP,
3.1984,5,STA,WIFI_DROP,
3.2008,5,STA,WIFI_DROP,
3.2032,5,STA,WIFI_DROP,
3.2056,5,STA,WIFI_DROP,
3.208,5,STA,WIFI_DROP,
3.2104,5,STA,WIFI_DROP,
3.2128,5,STA,WIFI_DROP,
3.2152,5,STA,WIFI_DROP,
3.2176,5,STA,WIFI_DROP,
3.22,5,STA,WIFI_DROP,
3.2224,5,STA,WIFI_DROP,
3.2248,5,STA,WIFI_DROP,
3.2272,5,STA,WIFI_DROP,
3.2296,5,STA,WIFI_DROP,
3.232,5,STA,WIFI_DROP,
3.2344,5,STA,WIFI_DROP,
3.2368,5,STA,WIFI_DROP,
3.2392,5,STA,WIFI_DROP,
3.2416,5,STA,WIFI_DROP,
3.244,5,STA,WIFI_DROP,
3.2464,5,STA,WIFI_DROP,
3.2488,5,STA,WIFI_DROP,
3.2512,5,STA,WIFI_DROP,
3.2536,5,STA,WIFI_DROP,
3.256,5,STA,WIFI_DROP,
3.2584,5,STA,WIFI_DROP,
3.2608,5,STA,WIFI_DROP,
3.2632,5,STA,WIFI_DROP,
3.2656,5,STA,WIFI_DROP,
3.268,5,STA,WIFI_DROP,
3.2704,5,STA,WIFI_DROP,
3.2728,5,STA,WIFI_DROP,
3.2752,5,STA,WIFI_DROP,
3.2752,13,STA,WIFI_DROP,
3.2776,5,STA,WIFI_DROP,
3.2776,13,STA,WIFI_DROP,
3.2776,21,STA,WIFI_DROP,
3.28,5,STA,WIFI_DROP,
3.28,13,STA,WIFI_DROP,
3.28,21,STA,WIFI_DROP,
3.2824,5,STA,WIFI_DROP,
3.2824,13,STA,WIFI_DROP,
3.2824,21,STA,WIFI_DROP,
3.2848,5,STA,WIFI_DROP,
3.2848,13,STA,WIFI_DROP,
3.2848,21,STA,WIFI_DROP,
3.2872,5,STA,WIFI_DROP,
3.2872,13,STA,WIFI_DROP,
3.2872,21,STA,WIFI_DROP,
3.2896,5,STA,WIFI_DROP,
3.2896,13,STA,WIFI_DROP,
3.2896,21,STA,WIFI_DROP,
3.292,5,STA,WIFI_DROP,
3.292,13,STA,WIFI_DROP,
3.292,21,STA,WIFI_DROP,
3.2944,5,STA,WIFI_DROP,
3.2944,13,STA,WIFI_DROP,
3.2944,21,STA,WIFI_DROP,
3.2968,5,STA,WIFI_DROP,
3.2968,13,STA,WIFI_DROP,
3.2968,21,STA,WIFI_DROP,
3.2992,5,STA,WIFI_DROP,
3.2992,13,STA,WIFI_DROP,
3.2992,21,STA,WIFI_DROP,
3.3016,5,STA,WIFI_DROP,
3.3016,13,STA,WIFI_DROP,
3.3016,21,STA,WIFI_DROP,
3.304,5,STA,WIFI_DROP,
3.304,13,STA,WIFI_DROP,
3.304,21,STA,WIFI_DROP,
3.3064,5,STA,WIFI_DROP,
3.3064,13,STA,WIFI_DROP,
3.3064,21,STA,WIFI_DROP,
3.3088,5,STA,WIFI_DROP,
3.3088,13,STA,WIFI_DROP,
3.3088,21,STA,WIFI_DROP,
3.3112,5,STA,WIFI_DROP,
3.3112,13,STA,WIFI_DROP,
3.3112,21,STA,WIFI_DROP,
3.3136,5,STA,WIFI_DROP,
3.3136,13,STA,WIFI_DROP,
3.3136,21,STA,WIFI_DROP,
3.316,5,STA,WIFI_DROP,
3.316,13,STA,WIFI_DROP,
3.316,21,STA,WIFI_DROP,
3.3184,5,STA,WIFI_DROP,
3.3184,13,STA,WIFI_DROP,
3.3184,21,STA,WIFI_DROP,
3.3208,5,STA,WIFI_DROP,
3.3208,13,STA,WIFI_DROP,
3.3208,21,STA,WIFI_DROP,
3.3232,5,STA,WIFI_DROP,
3.3232,13,STA,WIFI_DROP,
3.3232,21,STA,WIFI_DROP,
3.3256,5,STA,WIFI_DROP,
3.3256,13,STA,WIFI_DROP,
3.3256,21,STA,WIFI_DROP,
3.328,5,STA,WIFI_DROP,
3.328,13,STA,WIFI_DROP,
3.328,21,STA,WIFI_DROP,
3.3304,5,STA,WIFI_DROP,
3.3304,21,STA,WIFI_DROP,
3.3328,5,STA,WIFI_DROP,
3.3328,21,STA,WIFI_DROP,
3.3352,5,STA,WIFI_DROP,
3.3352,21,STA,WIFI_DROP,
3.3376,5,STA,WIFI_DROP,
3.3376,21,STA,WIFI_DROP,
3.34,5,STA,WIFI_DROP,
3.34,21,STA,WIFI_DROP,
3.3424,5,STA,WIFI_DROP,
3.3424,21,STA,WIFI_DROP,
3.3448,5,STA,WIFI_DROP,
3.3448,21,STA,WIFI_DROP,
3.3472,5,STA,WIFI_DROP,
3.3472,21,STA,WIFI_DROP,
3.3496,5,STA,WIFI_DROP,
3.3496,21,STA,WIFI_DROP,
3.352,5,STA,WIFI_DROP,
3.352,21,STA,WIFI_DROP,
3.3544,5,STA,WIFI_DROP,
3.3544,21,STA,WIFI_DROP,
3.3568,5,STA,WIFI_DROP,
3.3568,21,STA,WIFI_DROP,
3.3592,5,STA,WIFI_DROP,
3.3592,21,STA,WIFI_DROP,
3.3616,5,STA,WIFI_DROP,
3.3616,21,STA,WIFI_DROP,
3.364,5,STA,WIFI_DROP,
3.364,21,STA,WIFI_DROP,
3.3664,5,STA,WIFI_DROP,
3.3664,21,STA,WIFI_DROP,
3.3688,5,STA,WIFI_DROP,
3.3688,21,STA,WIFI_DROP,
3.3712,5,STA,WIFI_DROP,
3.3712,21,STA,WIFI_DROP,
3.3736,5,STA,WIFI_DROP,
3.3736,21,STA,WIFI_DROP,
3.376,21,STA,WIFI_DROP,
3.3784,21,STA,WIFI_DROP,
3.3808,21,STA,WIFI_DROP,
3.5704,15,STA,WIFI_DROP,
3.5728,15,STA,WIFI_DROP,
3.5752,15,STA,WIFI_DROP,
3.5776,15,STA,WIFI_DROP,
3.58,15,STA,WIFI_DROP,
3.5824,15,STA,WIFI_DROP,
3.5848,15,STA,WIFI_DROP,
3.5872,15,STA,WIFI_DROP,
3.5896,15,STA,WIFI_DROP,
3.592,15,STA,WIFI_DROP,
3.5944,15,STA,WIFI_DROP,
3.5968,15,STA,WIFI_DROP,
3.5992,15,STA,WIFI_DROP,
3.6016,15,STA,WIFI_DROP,
3.604,15,STA,WIFI_DROP,
3.6064,15,STA,WIFI_DROP,
3.6088,15,STA,WIFI_DROP,
3.6112,15,STA,WIFI_DROP,
3.6136,15,STA,WIFI_DROP,
3.616,15,STA,WIFI_DROP,
3.6184,15,STA,WIFI_DROP,
3.6208,15,STA,WIFI_DROP,
3.6232,15,STA,WIFI_DROP,
3.6256,15,STA,WIFI_DROP,
3.628,15,STA,WIFI_DROP,
3.6304,15,STA,WIFI_DROP,
3.6328,15,STA,WIFI_DROP,
3.6352,15,STA,WIFI_DROP,
3.6376,15,STA,WIFI_DROP,
3.64,15,STA,WIFI_DROP,
3.6424,15,STA,WIFI_DROP,
3.6448,15,STA,WIFI_DROP,
3.6472,15,STA,WIFI_DROP,
3.6496,15,STA,WIFI_DROP,
3.652,15,STA,WIFI_DROP,
3.6544,15,STA,WIFI_DROP,
3.6568,15,STA,WIFI_DROP,
3.6592,15,STA,WIFI_DROP,
3.6616,15,STA,WIFI_DROP,
3.664,15,STA,WIFI_DROP,
3.6664,15,STA,WIFI_DROP,
3.6688,15,STA,WIFI_DROP,
3.6712,15,STA,WIFI_DROP,
3.6736,15,STA,WIFI_DROP,
3.676,15,STA,WIFI_DROP,
3.6784,15,STA,WIFI_DROP,
3.6808,15,STA,WIFI_DROP,
3.6832,15,STA,WIFI_DROP,
3.6856,15,STA,WIFI_DROP,
3.688,15,STA,WIFI_DROP,
3.6904,15,STA,WIFI_DROP,
3.6928,15,STA,WIFI_DROP,
3.6952,15,STA,WIFI_DROP,
3.6976,15,STA,WIFI_DROP,
3.7,15,STA,WIFI_DROP,
3.7024,15,STA,WIFI_DROP,
3.7048,15,STA,WIFI_DROP,
3.7072,15,STA,WIFI_DROP,
3.7096,15,STA,WIFI_DROP,
3.712,15,STA,WIFI_DROP,
3.7144,15,STA,WIFI_DROP,
3.7168,15,STA,WIFI_DROP,
3.7192,15,STA,WIFI_DROP,
3.7216,15,STA,WIFI_DROP,
3.724,15,STA,WIFI_DROP,
3.7264,15,STA,WIFI_DROP,
3.7288,15,STA,WIFI_DROP,
3.7312,15,STA,WIFI_DROP,
3.7336,15,STA,WIFI_DROP,
3.736,15,STA,WIFI_DROP,
3.7384,15,STA,WIFI_DROP,
3.7408,15,STA,WIFI_DROP,
3.7432,15,STA,WIFI_DROP,
3.7456,15,STA,WIFI_DROP,
3.748,15,STA,WIFI_DROP,
3.7504,15,STA,WIFI_DROP,
3.7528,15,STA,WIFI_DROP,
3.7552,15,STA,WIFI_DROP,
3.7576,15,STA,WIFI_DROP,
3.76,15,STA,WIFI_DROP,
3.7624,15,STA,WIFI_DROP,
3.7648,15,STA,WIFI_DROP,
3.7672,15,STA,WIFI_DROP,
3.7696,15,STA,WIFI_DROP,
3.772,15,STA,WIFI_DROP,
3.7744,15,STA,WIFI_DROP,
3.7768,15,STA,WIFI_DROP,
3.7792,15,STA,WIFI_DROP,
3.7816,15,STA,WIFI_DROP,
3.784,15,STA,WIFI_DROP,
3.7864,15,STA,WIFI_DROP,
3.7888,15,STA,WIFI_DROP,
3.7912,15,STA,WIFI_DROP,
3.7936,15,STA,WIFI_DROP,
3.796,15,STA,WIFI_DROP,
3.7984,15,STA,WIFI_DROP,
3.8008,15,STA,WIFI_DROP,
3.8032,15,STA,WIFI_DROP,
3.8056,15,STA,WIFI_DROP,
3.808,15,STA,WIFI_DROP,
3.8104,15,STA,WIFI_DROP,
3.8128,15,STA,WIFI_DROP,
3.8152,15,STA,WIFI_DROP,
3.8176,15,STA,WIFI_DROP,
3.82,15,STA,WIFI_DROP,
3.8224,15,STA,WIFI_DROP,
3.8248,15,STA,WIFI_DROP,
3.8272,15,STA,WIFI_DROP,
3.8296,15,STA,WIFI_DROP,
3.832,15,STA,WIFI_DROP,
3.8344,15,STA,WIFI_DROP,
3.8368,15,STA,WIFI_DROP,
3.8392,15,STA,WIFI_DROP,
3.8416,15,STA,WIFI_DROP,
3.844,15,STA,WIFI_DROP,
3.8464,15,STA,WIFI_DROP,
3.8488,15,STA,WIFI_DROP,
3.8512,15,STA,WIFI_DROP,
3.8536,15,STA,WIFI_DROP,
3.856,15,STA,WIFI_DROP,
3.8584,15,STA,WIFI_DROP,
3.8608,15,STA,WIFI_DROP,
3.8632,15,STA,WIFI_DROP,
3.8656,15,STA,WIFI_DROP,
3.868,15,STA,WIFI_DROP,
3.8704,15,STA,WIFI_DROP,
3.8728,15,STA,WIFI_DROP,
3.8752,15,STA,WIFI_DROP,
3.8776,15,STA,WIFI_DROP,
3.88,15,STA,WIFI_DROP,
3.8824,15,STA,WIFI_DROP,
3.8848,3,STA,WIFI_DROP,
3.8848,15,STA,WIFI_DROP,
3.8872,3,STA,WIFI_DROP,
3.8872,15,STA,WIFI_DROP,
3.8896,3,STA,WIFI_DROP,
3.8896,15,STA,WIFI_DROP,
3.892,3,STA,WIFI_DROP,
3.892,15,STA,WIFI_DROP,
3.8944,3,STA,WIFI_DROP,
3.8944,15,STA,WIFI_DROP,
3.8968,3,STA,WIFI_DROP,
3.8968,15,STA,WIFI_DROP,
3.8992,3,STA,WIFI_DROP,
3.8992,15,STA,WIFI_DROP,
3.9016,3,STA,WIFI_DROP,
3.9016,15,STA,WIFI_DROP,
3.904,3,STA,WIFI_DROP,
3.904,15,STA,WIFI_DROP,
3.9064,3,STA,WIFI_DROP,
3.9064,15,STA,WIFI_DROP,
3.9088,3,STA,WIFI_DROP,
3.9088,15,STA,WIFI_DROP,
3.9112,3,STA,WIFI_DROP,
3.9112,15,STA,WIFI_DROP,
3.9136,3,STA,WIFI_DROP,
3.9136,15,STA,WIFI_DROP,
3.916,3,STA,WIFI_DROP,
3.916,15,STA,WIFI_DROP,
3.9184,3,STA,WIFI_DROP,
3.9184,15,STA,WIFI_DROP,
3.9208,3,STA,WIFI_DROP,
3.9208,15,STA,WIFI_DROP,
3.9232,3,STA,WIFI_DROP,
3.9232,15,STA,WIFI_DROP,
3.9256,3,STA,WIFI_DROP,
3.9256,15,STA,WIFI_DROP,
3.928,3,STA,WIFI_DROP,
3.928,15,STA,WIFI_DROP,
3.9304,3,STA,WIFI_DROP,
3.9304,15,STA,WIFI_DROP,
3.9328,3,STA,WIFI_DROP,
3.9328,15,STA,WIFI_DROP,
3.9352,3,STA,WIFI_DROP,
3.9352,15,STA,WIFI_DROP,
3.9376,15,STA,WIFI_DROP,
3.94,15,STA,WIFI_DROP,
3.9424,15,STA,WIFI_DROP,
3.9448,15,STA,WIFI_DROP,
3.9472,15,STA,WIFI_DROP,
3.9496,15,STA,WIFI_DROP,
3.952,15,STA,WIFI_DROP,
3.9544,15,STA,WIFI_DROP,
3.9568,15,STA,WIFI_DROP,
3.9592,15,STA,WIFI_DROP,
3.9616,15,STA,WIFI_DROP,
3.964,15,STA,WIFI_DROP,
3.9664,15,STA,WIFI_DROP,
3.9688,15,STA,WIFI_DROP,
3.9712,15,STA,WIFI_DROP,
3.9736,15,STA,WIFI_DROP,
3.976,15,STA,WIFI_DROP,
3.9784,15,STA,WIFI_DROP,
3.9808,15,STA,WIFI_DROP,
3.9832,15,STA,WIFI_DROP,
3.9856,15,STA,WIFI_DROP,
3.988,15,STA,WIFI_DROP,
3.9904,15,STA,WIFI_DROP,
3.9928,15,STA,WIFI_DROP,
3.9952,15,STA,WIFI_DROP,
3.9976,15,STA,WIFI_DROP,
4,3,STA,THROUGHPUT_MBPS,1.416000
4,4,STA,THROUGHPUT_MBPS,1.056000
4,5,STA,THROUGHPUT_MBPS,3.468000
4,7,STA,THROUGHPUT_MBPS,0.312000
4,8,STA,THROUGHPUT_MBPS,0.720000
4,9,STA,THROUGHPUT_MBPS,3.000000
4,10,STA,THROUGHPUT_MBPS,1.956000
4,11,STA,THROUGHPUT_MBPS,0.864000
4,12,STA,THROUGHPUT_MBPS,1.512000
4,13,STA,THROUGHPUT_MBPS,4.680000
4,14,STA,THROUGHPUT_MBPS,2.220000
4,16,STA,THROUGHPUT_MBPS,1.488000
4,17,STA,THROUGHPUT_MBPS,1.368000
4,18,STA,THROUGHPUT_MBPS,3.084000
4,19,STA,THROUGHPUT_MBPS,1.536000
4,21,STA,THROUGHPUT_MBPS,1.860000
4,1,AP,AGGREGATE_THROUGHPUT_MBPS,30.540000
4,1,AP,SENT_COUNT,8320.000000
4,1,AP,RECV_COUNT,2545.000000
4,1,AP,LATENCY_P95_MS,540.090704
4,15,STA,WIFI_DROP,
4.0024,15,STA,WIFI_DROP,
4.0048,15,STA,WIFI_DROP,
4.0072,15,STA,WIFI_DROP,
4.0096,15,STA,WIFI_DROP,
4.012,15,STA,WIFI_DROP,
4.0144,15,STA,WIFI_DROP,
4.0168,15,STA,WIFI_DROP,
4.0192,15,STA,WIFI_DROP,
4.0216,15,STA,WIFI_DROP,
4.024,15,STA,WIFI_DROP,
4.0264,15,STA,WIFI_DROP,
4.0288,15,STA,WIFI_DROP,
4.0312,15,STA,WIFI_DROP,
4.0336,15,STA,WIFI_DROP,
4.036,15,STA,WIFI_DROP,
4.0384,15,STA,WIFI_DROP,
4.0408,15,STA,WIFI_DROP,
4.0432,15,STA,WIFI_DROP,
4.0456,15,STA,WIFI_DROP,
4.048,15,STA,WIFI_DROP,
4.0504,15,STA,WIFI_DROP,
4.0528,15,STA,WIFI_DROP,
4.0552,15,STA,WIFI_DROP,
4.0576,15,STA,WIFI_DROP,
4.06,15,STA,WIFI_DROP,
4.0624,15,STA,WIFI_DROP,
4.0648,15,STA,WIFI_DROP,
4.0672,15,STA,WIFI_DROP,
4.0696,15,STA,WIFI_DROP,
4.072,15,STA,WIFI_DROP,
4.0744,15,STA,WIFI_DROP,
4.0768,15,STA,WIFI_DROP,
4.0792,15,STA,WIFI_DROP,
4.0816,15,STA,WIFI_DROP,
4.084,15,STA,WIFI_DROP,
4.0864,15,STA,WIFI_DROP,
4.0888,15,STA,WIFI_DROP,
4.0912,15,STA,WIFI_DROP,
4.0936,15,STA,WIFI_DROP,
4.096,15,STA,WIFI_DROP,
4.0984,15,STA,WIFI_DROP,
4.1008,15,STA,WIFI_DROP,
4.1032,15,STA,WIFI_DROP,
4.1056,15,STA,WIFI_DROP,
4.108,15,STA,WIFI_DROP,
4.1104,15,STA,WIFI_DROP,
4.1128,15,STA,WIFI_DROP,
4.1152,15,STA,WIFI_DROP,
4.1176,15,STA,WIFI_DROP,
4.12,15,STA,WIFI_DROP,
4.1224,15,STA,WIFI_DROP,
4.1248,15,STA,WIFI_DROP,
4.1272,15,STA,WIFI_DROP,
4.1296,15,STA,WIFI_DROP,
4.132,15,STA,WIFI_DROP,
4.1344,15,STA,WIFI_DROP,
4.1368,15,STA,WIFI_DROP,
4.1392,15,STA,WIFI_DROP,
4.1416,15,STA,WIFI_DROP,
4.144,15,STA,WIFI_DROP,
4.1464,15,STA,WIFI_DROP,
4.1488,15,STA,WIFI_DROP,
4.1512,15,STA,WIFI_DROP,
4.1536,15,STA,WIFI_DROP,
4.156,15,STA,WIFI_DROP,
4.1584,15,STA,WIFI_DROP,
4.1608,15,STA,WIFI_DROP,
4.1632,15,STA,WIFI_DROP,
4.1656,15,STA,WIFI_DROP,
4.168,15,STA,WIFI_DROP,
4.1704,15,STA,WIFI_DROP,
4.1728,15,STA,WIFI_DROP,
4.1752,15,STA,WIFI_DROP,
4.1776,15,STA,WIFI_DROP,
4.18,15,STA,WIFI_DROP,
4.1824,15,STA,WIFI_DROP,
4.1848,15,STA,WIFI_DROP,
4.1872,15,STA,WIFI_DROP,
4.1896,15,STA,WIFI_DROP,
4.192,15,STA,WIFI_DROP,
4.1944,15,STA,WIFI_DROP,
4.1968,15,STA,WIFI_DROP,
4.1992,15,STA,WIFI_DROP,
4.2016,15,STA,WIFI_DROP,
4.204,15,STA,WIFI_DROP,
4.2064,15,STA,WIFI_DROP,
4.2088,15,STA,WIFI_DROP,
4.2112,15,STA,WIFI_DROP,
4.2136,15,STA,WIFI_DROP,
4.216,15,STA,WIFI_DROP,
4.2184,15,STA,WIFI_DROP,
4.2208,15,STA,WIFI_DROP,
4.2232,15,STA,WIFI_DROP,
4.2256,15,STA,WIFI_DROP,
4.228,15,STA,WIFI_DROP,
4.2304,15,STA,WIFI_DROP,
4.2328,15,STA,WIFI_DROP,
4.2352,15,STA,WIFI_DROP,
4.2376,15,STA,WIFI_DROP,
4.24,15,STA,WIFI_DROP,
4.2424,15,STA,WIFI_DROP,
4.2448,15,STA,WIFI_DROP,
4.2472,15,STA,WIFI_DROP,
4.2496,15,STA,WIFI_DROP,
4.252,15,STA,WIFI_DROP,
4.2544,15,STA,WIFI_DROP,
4.2568,15,STA,WIFI_DROP,
4.2592,15,STA,WIFI_DROP,
4.2616,15,STA,WIFI_DROP,
4.264,15,STA,WIFI_DROP,
4.2664,15,STA,WIFI_DROP,
4.2688,15,STA,WIFI_DROP,
4.2712,15,STA,WIFI_DROP,
4.2736,15,STA,WIFI_DROP,
4.276,15,STA,WIFI_DROP,
4.2784,15,STA,WIFI_DROP,
4.2808,15,STA,WIFI_DROP,
4.2832,15,STA,WIFI_DROP,
4.2856,15,STA,WIFI_DROP,
4.288,15,STA,WIFI_DROP,
4.2904,15,STA,WIFI_DROP,
4.2928,15,STA,WIFI_DROP,
4.2952,15,STA,WIFI_DROP,
4.2976,15,STA,WIFI_DROP,
4.3,15,STA,WIFI_DROP,
4.3024,15,STA,WIFI_DROP,
4.3048,15,STA,WIFI_DROP,
4.3072,15,STA,WIFI_DROP,
4.3096,15,STA,WIFI_DROP,
4.312,15,STA,WIFI_DROP,
4.3144,15,STA,WIFI_DROP,
4.3168,15,STA,WIFI_DROP,
4.3192,15,STA,WIFI_DROP,
4.3216,15,STA,WIFI_DROP,
4.324,15,STA,WIFI_DROP,
4.3264,15,STA,WIFI_DROP,
4.3288,15,STA,WIFI_DROP,
4.3312,15,STA,WIFI_DROP,
4.3336,15,STA,WIFI_DROP,
4.336,15,STA,WIFI_DROP,
4.3384,15,STA,WIFI_DROP,
4.3408,15,STA,WIFI_DROP,
4.3432,15,STA,WIFI_DROP,
4.3456,15,STA,WIFI_DROP,
4.348,15,STA,WIFI_DROP,
4.3504,15,STA,WIFI_DROP,
4.3528,15,STA,WIFI_DROP,
4.3552,15,STA,WIFI_DROP,
4.3576,15,STA,WIFI_DROP,
4.36,15,STA,WIFI_DROP,
4.3624,15,STA,WIFI_DROP,
4.3648,15,STA,WIFI_DROP,
4.3672,15,STA,WIFI_DROP,
4.3696,15,STA,WIFI_DROP,
4.372,15,STA,WIFI_DROP,
4.3744,15,STA,WIFI_DROP,
4.3768,15,STA,WIFI_DROP,
4.3792,15,STA,WIFI_DROP,
4.3816,15,STA,WIFI_DROP,
4.384,15,STA,WIFI_DROP,
4.3864,15,STA,WIFI_DROP,
4.3888,15,STA,WIFI_DROP,
4.3912,15,STA,WIFI_DROP,
4.3936,15,STA,WIFI_DROP,
4.396,15,STA,WIFI_DROP,
4.3984,15,STA,WIFI_DROP,
4.4008,15,STA,WIFI_DROP,
4.4032,15,STA,WIFI_DROP,
4.4056,15,STA,WIFI_DROP,
4.408,15,STA,WIFI_DROP,
4.4104,15,STA,WIFI_DROP,
4.4128,15,STA,WIFI_DROP,
4.4152,15,STA,WIFI_DROP,
4.4176,15,STA,WIFI_DROP,
4.42,15,STA,WIFI_DROP,
4.4224,15,STA,WIFI_DROP,
4.4248,15,STA,WIFI_DROP,
4.4272,15,STA,WIFI_DROP,
4.4296,15,STA,WIFI_DROP,
4.432,15,STA,WIFI_DROP,
4.4344,15,STA,WIFI_DROP,
4.4368,15,STA,WIFI_DROP,
4.4392,15,STA,WIFI_DROP,
4.4416,15,STA,WIFI_DROP,
4.444,15,STA,WIFI_DROP,
4.4464,15,STA,WIFI_DROP,
4.4488,15,STA,WIFI_DROP,
4.4512,15,STA,WIFI_DROP,
4.4536,15,STA,WIFI_DROP,
4.456,15,STA,WIFI_DROP,
4.4584,15,STA,WIFI_DROP,
4.4608,15,STA,WIFI_DROP,
4.4632,15,STA,WIFI_DROP,
4.4656,15,STA,WIFI_DROP,
4.468,15,STA,WIFI_DROP,
4.4704,15,STA,WIFI_DROP,
4.4728,15,STA,WIFI_DROP,
4.4752,15,STA,WIFI_DROP,
4.4776,15,STA,WIFI_DROP,
4.48,15,STA,WIFI_DROP,
4.4824,15,STA,WIFI_DROP,
4.4848,15,STA,WIFI_DROP,
4.4872,15,STA,WIFI_DROP,
4.4896,15,STA,WIFI_DROP,
4.492,15,STA,WIFI_DROP,
4.4944,15,STA,WIFI_DROP,
4.4968,15,STA,WIFI_DROP,
4.4992,15,STA,WIFI_DROP,
4.5016,15,STA,WIFI_DROP,
4.504,15,STA,WIFI_DROP,
4.5064,15,STA,WIFI_DROP,
4.5088,15,STA,WIFI_DROP,
4.5112,15,STA,WIFI_DROP,
4.5136,15,STA,WIFI_DROP,
4.516,15,STA,WIFI_DROP,
4.5184,15,STA,WIFI_DROP,
4.5208,15,STA,WIFI_DROP,
4.5232,15,STA,WIFI_DROP,
4.5256,15,STA,WIFI_DROP,
4.528,15,STA,WIFI_DROP,
4.5304,15,STA,WIFI_DROP,
4.5328,15,STA,WIFI_DROP,
4.5352,15,STA,WIFI_DROP,
4.5376,15,STA,WIFI_DROP,
4.54,15,STA,WIFI_DROP,
4.5424,15,STA,WIFI_DROP,
4.5448,15,STA,WIFI_DROP,
4.5472,15,STA,WIFI_DROP,
4.5496,15,STA,WIFI_DROP,
4.552,15,STA,WIFI_DROP,
4.5544,15,STA,WIFI_DROP,
4.5568,15,STA,WIFI_DROP,
4.5592,15,STA,WIFI_DROP,
4.5616,15,STA,WIFI_DROP,
4.564,15,STA,WIFI_DROP,
4.5664,15,STA,WIFI_DROP,
4.5688,15,STA,WIFI_DROP,
4.5712,15,STA,WIFI_DROP,
4.5736,15,STA,WIFI_DROP,
4.576,15,STA,WIFI_DROP,
4.5784,15,STA,WIFI_DROP,
4.5808,15,STA,WIFI_DROP,
4.5832,15,STA,WIFI_DROP,
4.5856,15,STA,WIFI_DROP,
4.588,15,STA,WIFI_DROP,
4.5904,15,STA,WIFI_DROP,
4.5928,15,STA,WIFI_DROP,
4.5952,15,STA,WIFI_DROP,
4.5976,15,STA,WIFI_DROP,
4.6,15,STA,WIFI_DROP,
4.6024,15,STA,WIFI_DROP,
4.6048,15,STA,WIFI_DROP,
4.6072,15,STA,WIFI_DROP,
4.6096,15,STA,WIFI_DROP,
4.612,15,STA,WIFI_DROP,
4.6144,15,STA,WIFI_DROP,
4.6168,15,STA,WIFI_DROP,
4.6192,15,STA,WIFI_DROP,
4.6216,15,STA,WIFI_DROP,
4.624,15,STA,WIFI_DROP,
4.6264,15,STA,WIFI_DROP,
4.6456,15,STA,WIFI_DROP,
4.648,15,STA,WIFI_DROP,
4.6504,15,STA,WIFI_DROP,
4.6528,15,STA,WIFI_DROP,
4.6552,15,STA,WIFI_DROP,
4.6576,15,STA,WIFI_DROP,
4.66,15,STA,WIFI_DROP,
4.6624,15,STA,WIFI_DROP,
4.6648,15,STA,WIFI_DROP,
4.6672,15,STA,WIFI_DROP,
4.6696,15,STA,WIFI_DROP,
4.672,15,STA,WIFI_DROP,
4.6744,15,STA,WIFI_DROP,
4.6768,15,STA,WIFI_DROP,
4.6792,15,STA,WIFI_DROP,
4.6816,15,STA,WIFI_DROP,
4.684,15,STA,WIFI_DROP,
4.6864,15,STA,WIFI_DROP,
4.6888,15,STA,WIFI_DROP,
4.6912,15,STA,WIFI_DROP,
4.6936,15,STA,WIFI_DROP,
4.696,15,STA,WIFI_DROP,
4.6984,15,STA,WIFI_DROP,
4.7008,15,STA,WIFI_DROP,
4.7032,15,STA,WIFI_DROP,
4.7056,15,STA,WIFI_DROP,
4.708,15,STA,WIFI_DROP,
4.7104,15,STA,WIFI_DROP,
4.7128,15,STA,WIFI_DROP,
4.7152,15,STA,WIFI_DROP,
4.7176,15,STA,WIFI_DROP,
4.72,15,STA,WIFI_DROP,
4.7224,15,STA,WIFI_DROP,
4.7248,15,STA,WIFI_DROP,
4.7272,15,STA,WIFI_DROP,
4.7296,15,STA,WIFI_DROP,
4.732,15,STA,WIFI_DROP,
4.7344,15,STA,WIFI_DROP,
4.7368,15,STA,WIFI_DROP,
4.7392,15,STA,WIFI_DROP,
4.7416,15,STA,WIFI_DROP,
4.744,15,STA,WIFI_DROP,
4.7464,15,STA,WIFI_DROP,
4.7488,15,STA,WIFI_DROP,
4.7512,15,STA,WIFI_DROP,
4.7536,15,STA,WIFI_DROP,
4.756,15,STA,WIFI_DROP,
4.7584,15,STA,WIFI_DROP,
4.7608,15,STA,WIFI_DROP,
4.7632,15,STA,WIFI_DROP,
4.7656,15,STA,WIFI_DROP,
4.768,15,STA,WIFI_DROP,
4.7704,15,STA,WIFI_DROP,
4.7728,15,STA,WIFI_DROP,
4.7752,15,STA,WIFI_DROP,
4.7776,15,STA,WIFI_DROP,
4.78,15,STA,WIFI_DROP,
4.7824,15,STA,WIFI_DROP,
4.7848,15,STA,WIFI_DROP,
4.7872,15,STA,WIFI_DROP,
4.7896,15,STA,WIFI_DROP,
4.792,15,STA,WIFI_DROP,
4.7944,15,STA,WIFI_DROP,
4.7968,15,STA,WIFI_DROP,
4.7992,15,STA,WIFI_DROP,
4.8016,15,STA,WIFI_DROP,
4.804,15,STA,WIFI_DROP,
4.8064,15,STA,WIFI_DROP,
4.8064,20,STA,WIFI_DROP,
4.8088,15,STA,WIFI_DROP,
4.8088,20,STA,WIFI_DROP,
4.8112,15,STA,WIFI_DROP,
4.8112,20,STA,WIFI_DROP,
4.8136,15,STA,WIFI_DROP,
4.8136,20,STA,WIFI_DROP,
4.816,15,STA,WIFI_DROP,
4.816,20,STA,WIFI_DROP,
4.8184,15,STA,WIFI_DROP,
4.8184,20,STA,WIFI_DROP,
4.8208,15,STA,WIFI_DROP,
4.8208,20,STA,WIFI_DROP,
4.8232,15,STA,WIFI_DROP,
4.8232,20,STA,WIFI_DROP,
4.8256,15,STA,WIFI_DROP,
4.8256,20,STA,WIFI_DROP,
4.828,15,STA,WIFI_DROP,
4.828,20,STA,WIFI_DROP,
4.8304,15,STA,WIFI_DROP,
4.8304,20,STA,WIFI_DROP,
4.8328,15,STA,WIFI_DROP,
4.8328,20,STA,WIFI_DROP,
4.8352,15,STA,WIFI_DROP,
4.8352,20,STA,WIFI_DROP,
4.8376,15,STA,WIFI_DROP,
4.8376,20,STA,WIFI_DROP,
4.84,15,STA,WIFI_DROP,
4.84,20,STA,WIFI_DROP,
4.8424,15,STA,WIFI_DROP,
4.8424,20,STA,WIFI_DROP,
4.8448,15,STA,WIFI_DROP,
4.8448,20,STA,WIFI_DROP,
4.8472,15,STA,WIFI_DROP,
4.8472,20,STA,WIFI_DROP,
4.8496,15,STA,WIFI_DROP,
4.8496,20,STA,WIFI_DROP,
4.852,15,STA,WIFI_DROP,
4.852,20,STA,WIFI_DROP,
4.8544,15,STA,WIFI_DROP,
4.8544,20,STA,WIFI_DROP,
4.8568,15,STA,WIFI_DROP,
4.8568,20,STA,WIFI_DROP,
4.8592,15,STA,WIFI_DROP,
4.8592,20,STA,WIFI_DROP,
4.8616,15,STA,WIFI_DROP,
4.8616,20,STA,WIFI_DROP,
4.864,15,STA,WIFI_DROP,
4.864,20,STA,WIFI_DROP,
4.8664,15,STA,WIFI_DROP,
4.8664,20,STA,WIFI_DROP,
4.8688,15,STA,WIFI_DROP,
4.8688,20,STA,WIFI_DROP,
4.8712,15,STA,WIFI_DROP,
4.8712,20,STA,WIFI_DROP,
4.8736,15,STA,WIFI_DROP,
4.8736,20,STA,WIFI_DROP,
4.876,15,STA,WIFI_DROP,
4.876,20,STA,WIFI_DROP,
4.8784,15,STA,WIFI_DROP,
4.8784,20,STA,WIFI_DROP,
4.8808,15,STA,WIFI_DROP,
4.8808,20,STA,WIFI_DROP,
4.8832,15,STA,WIFI_DROP,
4.8832,20,STA,WIFI_DROP,
4.8856,15,STA,WIFI_DROP,
4.8856,20,STA,WIFI_DROP,
4.888,15,STA,WIFI_DROP,
4.888,20,STA,WIFI_DROP,
4.8904,15,STA,WIFI_DROP,
4.8904,20,STA,WIFI_DROP,
4.8928,15,STA,WIFI_DROP,
4.8928,20,STA,WIFI_DROP,
4.8952,15,STA,WIFI_DROP,
4.8952,20,STA,WIFI_DROP,
4.8976,15,STA,WIFI_DROP,
4.8976,20,STA,WIFI_DROP,
4.9,15,STA,WIFI_DROP,
4.9,20,STA,WIFI_DROP,
4.9024,15,STA,WIFI_DROP,
4.9024,20,STA,WIFI_DROP,
4.9048,15,STA,WIFI_DROP,
4.9048,20,STA,WIFI_DROP,
4.9072,15,STA,WIFI_DROP,
4.9072,20,STA,WIFI_DROP,
4.9096,7,STA,WIFI_DROP,
4.9096,15,STA,WIFI_DROP,
4.9096,20,STA,WIFI_DROP,
4.912,7,STA,WIFI_DROP,
4.912,15,STA,WIFI_DROP,
4.912,20,STA,WIFI_DROP,
4.9144,7,STA,WIFI_DROP,
4.9144,15,STA,WIFI_DROP,
4.9144,20,STA,WIFI_DROP,
4.9168,7,STA,WIFI_DROP,
4.9168,15,STA,WIFI_DROP,
4.9168,20,STA,WIFI_DROP,
4.9192,7,STA,WIFI_DROP,
4.9192,15,STA,WIFI_DROP,
4.9192,20,STA,WIFI_DROP,
4.9216,7,STA,WIFI_DROP,
4.9216,15,STA,WIFI_DROP,
4.9216,20,STA,WIFI_DROP,
4.924,7,STA,WIFI_DROP,
4.924,15,STA,WIFI_DROP,
4.924,20,STA,WIFI_DROP,
4.9264,7,STA,WIFI_DROP,
4.9264,15,STA,WIFI_DROP,
4.9264,20,STA,WIFI_DROP,
4.9288,7,STA,WIFI_DROP,
4.9288,15,STA,WIFI_DROP,
4.9288,20,STA,WIFI_DROP,
4.9312,7,STA,WIFI_DROP,
4.9312,15,STA,WIFI_DROP,
4.9312,20,STA,WIFI_DROP,
4.9336,7,STA,WIFI_DROP,
4.9336,15,STA,WIFI_DROP,
4.9336,20,STA,WIFI_DROP,
4.936,7,STA,WIFI_DROP,
4.936,15,STA,WIFI_DROP,
4.936,20,STA,WIFI_DROP,
4.9384,7,STA,WIFI_DROP,
4.9384,15,STA,WIFI_DROP,
4.9384,20,STA,WIFI_DROP,
4.9408,7,STA,WIFI_DROP,
4.9408,15,STA,WIFI_DROP,
4.9408,20,STA,WIFI_DROP,
4.9432,7,STA,WIFI_DROP,
4.9432,15,STA,WIFI_DROP,
4.9432,20,STA,WIFI_DROP,
4.9456,7,STA,WIFI_DROP,
4.9456,15,STA,WIFI_DROP,
4.9456,20,STA,WIFI_DROP,
4.948,7,STA,WIFI_DROP,
4.948,15,STA,WIFI_DROP,
4.948,20,STA,WIFI_DROP,
4.9504,7,STA,WIFI_DROP,
4.9504,15,STA,WIFI_DROP,
4.9504,20,STA,WIFI_DROP,
4.9528,7,STA,WIFI_DROP,
4.9528,15,STA,WIFI_DROP,
4.9528,20,STA,WIFI_DROP,
4.9552,7,STA,WIFI_DROP,
4.9552,15,STA,WIFI_DROP,
4.9552,20,STA,WIFI_DROP,
4.9576,7,STA,WIFI_DROP,
4.9576,15,STA,WIFI_DROP,
4.9576,20,STA,WIFI_DROP,
4.96,7,STA,WIFI_DROP,
4.96,15,STA,WIFI_DROP,
4.96,20,STA,WIFI_DROP,
4.9624,7,STA,WIFI_DROP,
4.9624,15,STA,WIFI_DROP,
4.9624,20,STA,WIFI_DROP,
4.9648,7,STA,WIFI_DROP,
4.9648,15,STA,WIFI_DROP,
4.9648,20,STA,WIFI_DROP,
4.9672,7,STA,WIFI_DROP,
4.9672,15,STA,WIFI_DROP,
4.9672,20,STA,WIFI_DROP,
4.9696,7,STA,WIFI_DROP,
4.9696,15,STA,WIFI_DROP,
4.9696,20,STA,WIFI_DROP,
4.972,7,STA,WIFI_DROP,
4.972,15,STA,WIFI_DROP,
4.972,20,STA,WIFI_DROP,
4.9744,7,STA,WIFI_DROP,
4.9744,15,STA,WIFI_DROP,
4.9744,20,STA,WIFI_DROP,
4.9768,15,STA,WIFI_DROP,
4.9768,20,STA,WIFI_DROP,
4.9792,15,STA,WIFI_DROP,
4.9792,20,STA,WIFI_DROP,
4.9816,15,STA,WIFI_DROP,
4.9816,20,STA,WIFI_DROP,
4.984,15,STA,WIFI_DROP,
4.984,20,STA,WIFI_DROP,
4.9864,15,STA,WIFI_DROP,
4.9864,20,STA,WIFI_DROP,
4.9888,15,STA,WIFI_DROP,
4.9888,20,STA,WIFI_DROP,
4.9912,15,STA,WIFI_DROP,
4.9912,20,STA,WIFI_DROP,
4.9936,15,STA,WIFI_DROP,
4.9936,20,STA,WIFI_DROP,
4.996,15,STA,WIFI_DROP,
4.996,20,STA,WIFI_DROP,
4.9984,15,STA,WIFI_DROP,
4.9984,20,STA,WIFI_DROP,
5,4,STA,THROUGHPUT_MBPS,0.576000
5,5,STA,THROUGHPUT_MBPS,3.528000
5,7,STA,THROUGHPUT_MBPS,1.092000
5,8,STA,THROUGHPUT_MBPS,3.084000
5,9,STA,THROUGHPUT_MBPS,1.764000
5,10,STA,THROUGHPUT_MBPS,2.172000
5,11,STA,THROUGHPUT_MBPS,2.880000
5,12,STA,THROUGHPUT_MBPS,0.864000
5,13,STA,THROUGHPUT_MBPS,1.452000
5,14,STA,THROUGHPUT_MBPS,1.080000
5,16,STA,THROUGHPUT_MBPS,0.384000
5,17,STA,THROUGHPUT_MBPS,3.132000
5,18,STA,THROUGHPUT_MBPS,1.344000
5,19,STA,THROUGHPUT_MBPS,1.416000
5,21,STA,THROUGHPUT_MBPS,1.668000
5,1,AP,AGGREGATE_THROUGHPUT_MBPS,26.436000
5,1,AP,SENT_COUNT,8340.000000
5,1,AP,RECV_COUNT,2203.000000
5,1,AP,LATENCY_P95_MS,550.659542
5.0008,15,STA,WIFI_DROP,
5.0008,20,STA,WIFI_DROP,
5.0032,15,STA,WIFI_DROP,
5.0032,20,STA,WIFI_DROP,
5.0056,15,STA,WIFI_DROP,
5.0056,20,STA,WIFI_DROP,
5.008,15,STA,WIFI_DROP,
5.008,20,STA,WIFI_DROP,
5.0104,15,STA,WIFI_DROP,
5.0104,20,STA,WIFI_DROP,
5.0128,15,STA,WIFI_DROP,
5.0128,20,STA,WIFI_DROP,
5.0152,15,STA,WIFI_DROP,
5.0152,20,STA,WIFI_DROP,
5.0176,15,STA,WIFI_DROP,
5.0176,20,STA,WIFI_DROP,
5.02,15,STA,WIFI_DROP,
5.02,20,STA,WIFI_DROP,
5.0224,15,STA,WIFI_DROP,
5.0224,20,STA,WIFI_DROP,
5.0248,15,STA,WIFI_DROP,
5.0248,20,STA,WIFI_DROP,
5.0272,15,STA,WIFI_DROP,
5.0272,20,STA,WIFI_DROP,
5.0296,15,STA,WIFI_DROP,
5.0296,20,STA,WIFI_DROP,
5.032,15,STA,WIFI_DROP,
5.032,20,STA,WIFI_DROP,
5.0344,15,STA,WIFI_DROP,
5.0344,20,STA,WIFI_DROP,
5.0368,15,STA,WIFI_DROP,
5.0368,20,STA,WIFI_DROP,
5.0392,15,STA,WIFI_DROP,
5.0392,20,STA,WIFI_DROP,
5.0416,15,STA,WIFI_DROP,
5.0416,20,STA,WIFI_DROP,
5.044,15,STA,WIFI_DROP,
5.044,20,STA,WIFI_DROP,
5.0464,15,STA,WIFI_DROP,
5.0464,20,STA,WIFI_DROP,
5.0488,20,STA,WIFI_DROP,
5.0512,20,STA,WIFI_DROP,
5.0536,20,STA,WIFI_DROP,
5.056,20,STA,WIFI_DROP,
5.0584,20,STA,WIFI_DROP,
5.0608,20,STA,WIFI_DROP,
5.0632,20,STA,WIFI_DROP,
5.0656,20,STA,WIFI_DROP,
5.068,20,STA,WIFI_DROP,
5.0704,20,STA,WIFI_DROP,
5.0728,20,STA,WIFI_DROP,
5.0752,20,STA,WIFI_DROP,
5.0776,20,STA,WIFI_DROP,
5.08,20,STA,WIFI_DROP,
5.0824,20,STA,WIFI_DROP,
5.0848,20,STA,WIFI_DROP,
5.0872,20,STA,WIFI_DROP,
5.0896,20,STA,WIFI_DROP,
5.092,20,STA,WIFI_DROP,
5.0944,20,STA,WIFI_DROP,
5.0968,20,STA,WIFI_DROP,
5.0992,20,STA,WIFI_DROP,
5.1016,20,STA,WIFI_DROP,
5.104,20,STA,WIFI_DROP,
5.1064,20,STA,WIFI_DROP,
5.1088,20,STA,WIFI_DROP,
5.1112,20,STA,WIFI_DROP,
5.1136,20,STA,WIFI_DROP,
5.116,20,STA,WIFI_DROP,
5.1184,20,STA,WIFI_DROP,
5.1208,20,STA,WIFI_DROP,
5.1232,20,STA,WIFI_DROP,
5.1256,20,STA,WIFI_DROP,
5.128,20,STA,WIFI_DROP,
5.1304,20,STA,WIFI_DROP,
5.1328,20,STA,WIFI_DROP,
5.1352,20,STA,WIFI_DROP,
5.1376,20,STA,WIFI_DROP,
5.14,20,STA,WIFI_DROP,
5.1424,20,STA,WIFI_DROP,
5.1448,20,STA,WIFI_DROP,
5.1472,20,STA,WIFI_DROP,
5.1496,20,STA,WIFI_DROP,
5.152,20,STA,WIFI_DROP,
5.1544,20,STA,WIFI_DROP,
5.1568,20,STA,WIFI_DROP,
5.2192,10,STA,WIFI_DROP,
5.2216,10,STA,WIFI_DROP,
5.224,10,STA,WIFI_DROP,
5.2264,10,STA,WIFI_DROP,
5.2288,10,STA,WIFI_DROP,
5.2312,10,STA,WIFI_DROP,
5.2336,10,STA,WIFI_DROP,
5.236,10,STA,WIFI_DROP,
5.2384,10,STA,WIFI_DROP,
5.2408,10,STA,WIFI_DROP,
5.2432,10,STA,WIFI_DROP,
5.2456,10,STA,WIFI_DROP,
5.248,10,STA,WIFI_DROP,
5.2504,10,STA,WIFI_DROP,
5.2528,10,STA,WIFI_DROP,
5.2552,10,STA,WIFI_DROP,
5.2576,10,STA,WIFI_DROP,
5.26,10,STA,WIFI_DROP,
5.2624,10,STA,WIFI_DROP,
5.2648,10,STA,WIFI_DROP,
5.2672,10,STA,WIFI_DROP,
5.524,8,STA,WIFI_DROP,
5.5264,8,STA,WIFI_DROP,
5.5288,8,STA,WIFI_DROP,
5.5312,8,STA,WIFI_DROP,
5.5336,8,STA,WIFI_DROP,
5.536,8,STA,WIFI_DROP,
5.5384,8,STA,WIFI_DROP,
5.5408,8,STA,WIFI_DROP,
5.5432,8,STA,WIFI_DROP,
5.5456,8,STA,WIFI_DROP,
5.548,8,STA,WIFI_DROP,
5.5504,8,STA,WIFI_DROP,
5.5528,8,STA,WIFI_DROP,
5.5552,8,STA,WIFI_DROP,
5.5576,8,STA,WIFI_DROP,
5.56,8,STA,WIFI_DROP,
5.5624,8,STA,WIFI_DROP,
5.5648,8,STA,WIFI_DROP,
5.5672,8,STA,WIFI_DROP,
5.5696,8,STA,WIFI_DROP,
5.572,8,STA,WIFI_DROP,
5.5744,8,STA,WIFI_DROP,
5.5768,8,STA,WIFI_DROP,
5.5792,8,STA,WIFI_DROP,
5.5816,8,STA,WIFI_DROP,
5.584,8,STA,WIFI_DROP,
5.5864,8,STA,WIFI_DROP,
5.5888,8,STA,WIFI_DROP,
5.5912,8,STA,WIFI_DROP,
5.5936,8,STA,WIFI_DROP,
5.596,8,STA,WIFI_DROP,
5.5984,8,STA,WIFI_DROP,
5.6008,8,STA,WIFI_DROP,
5.6032,8,STA,WIFI_DROP,
5.6056,8,STA,WIFI_DROP,
5.608,8,STA,WIFI_DROP,
5.6104,8,STA,WIFI_DROP,
5.6128,8,STA,WIFI_DROP,
5.6152,8,STA,WIFI_DROP,
5.6176,8,STA,WIFI_DROP,
5.62,8,STA,WIFI_DROP,
5.6224,8,STA,WIFI_DROP,
5.6248,8,STA,WIFI_DROP,
6,4,STA,THROUGHPUT_MBPS,2.904000
6,5,STA,THROUGHPUT_MBPS,1.452000
6,7,STA,THROUGHPUT_MBPS,3.384000
6,8,STA,THROUGHPUT_MBPS,0.432000
6,9,STA,THROUGHPUT_MBPS,3.540000
6,10,STA,THROUGHPUT_MBPS,2.556000
6,11,STA,THROUGHPUT_MBPS,1.356000
6,12,STA,THROUGHPUT_MBPS,3.852000
6,13,STA,THROUGHPUT_MBPS,0.744000
6,14,STA,THROUGHPUT_MBPS,1.104000
6,15,STA,THROUGHPUT_MBPS,1.296000
6,16,STA,THROUGHPUT_MBPS,0.516000
6,17,STA,THROUGHPUT_MBPS,3.816000
6,18,STA,THROUGHPUT_MBPS,0.744000
6,19,STA,THROUGHPUT_MBPS,1.440000
6,20,STA,THROUGHPUT_MBPS,0.876000
6,21,STA,THROUGHPUT_MBPS,0.888000
6,1,AP,AGGREGATE_THROUGHPUT_MBPS,30.900000
6,1,AP,SENT_COUNT,8340.000000
6,1,AP,RECV_COUNT,2575.000000
6,1,AP,LATENCY_P95_MS,537.057582
6.3424,19,STA,WIFI_DROP,
6.3448,19,STA,WIFI_DROP,
6.3472,19,STA,WIFI_DROP,
6.3496,19,STA,WIFI_DROP,
6.352,19,STA,WIFI_DROP,
6.3544,19,STA,WIFI_DROP,
6.3568,19,STA,WIFI_DROP,
6.3592,19,STA,WIFI_DROP,
6.3616,19,STA,WIFI_DROP,
6.364,19,STA,WIFI_DROP,
6.3664,19,STA,WIFI_DROP,
6.3688,19,STA,WIFI_DROP,
6.3712,19,STA,WIFI_DROP,
6.3736,19,STA,WIFI_DROP,
6.376,19,STA,WIFI_DROP,
6.3784,19,STA,WIFI_DROP,
6.3808,19,STA,WIFI_DROP,
6.3832,19,STA,WIFI_DROP,
6.3856,19,STA,WIFI_DROP,
6.388,19,STA,WIFI_DROP,
6.3904,19,STA,WIFI_DROP,
6.3928,19,STA,WIFI_DROP,
6.652,13,STA,WIFI_DROP,
6.6544,13,STA,WIFI_DROP,
6.6568,13,STA,WIFI_DROP,
6.6592,13,STA,WIFI_DROP,
6.6616,13,STA,WIFI_DROP,
6.664,13,STA,WIFI_DROP,
6.6664,13,STA,WIFI_DROP,
6.6688,13,STA,WIFI_DROP,
6.6712,13,STA,WIFI_DROP,
6.6736,13,STA,WIFI_DROP,
6.676,13,STA,WIFI_DROP,
6.6784,13,STA,WIFI_DROP,
6.6808,13,STA,WIFI_DROP,
6.6832,13,STA,WIFI_DROP,
6.6856,13,STA,WIFI_DROP,
6.688,13,STA,WIFI_DROP,
6.6904,13,STA,WIFI_DROP,
6.6928,13,STA,WIFI_DROP,
6.6952,13,STA,WIFI_DROP,
6.6976,13,STA,WIFI_DROP,
6.7,13,STA,WIFI_DROP,
6.7024,13,STA,WIFI_DROP,
6.7048,13,STA,WIFI_DROP,
6.7072,13,STA,WIFI_DROP,
6.7096,13,STA,WIFI_DROP,
6.712,13,STA,WIFI_DROP,
6.7144,13,STA,WIFI_DROP,
6.7168,13,STA,WIFI_DROP,
6.7192,13,STA,WIFI_DROP,
6.7216,13,STA,WIFI_DROP,
6.724,13,STA,WIFI_DROP,
6.7264,13,STA,WIFI_DROP,
6.7288,13,STA,WIFI_DROP,
6.7312,13,STA,WIFI_DROP,
6.7336,13,STA,WIFI_DROP,
6.736,13,STA,WIFI_DROP,
6.7384,13,STA,WIFI_DROP,
6.7408,13,STA,WIFI_DROP,
6.7432,13,STA,WIFI_DROP,
6.7456,13,STA,WIFI_DROP,
6.748,13,STA,WIFI_DROP,
6.7504,13,STA,WIFI_DROP,
6.7528,13,STA,WIFI_DROP,
6.7552,13,STA,WIFI_DROP,
6.7576,13,STA,WIFI_DROP,
6.76,13,STA,WIFI_DROP,
6.7624,13,STA,WIFI_DROP,
6.7648,13,STA,WIFI_DROP,
6.7672,13,STA,WIFI_DROP,
6.7696,13,STA,WIFI_DROP,
6.772,13,STA,WIFI_DROP,
6.7744,13,STA,WIFI_DROP,
6.7768,13,STA,WIFI_DROP,
6.7792,13,STA,WIFI_DROP,
6.7816,13,STA,WIFI_DROP,
6.784,13,STA,WIFI_DROP,
6.7864,13,STA,WIFI_DROP,
6.7888,13,STA,WIFI_DROP,
6.7912,13,STA,WIFI_DROP,
6.7936,13,STA,WIFI_DROP,
6.796,13,STA,WIFI_DROP,
6.7984,13,STA,WIFI_DROP,
6.8008,13,STA,WIFI_DROP,
6.8032,13,STA,WIFI_DROP,
6.8056,13,STA,WIFI_DROP,
6.808,13,STA,WIFI_DROP,
6.8104,13,STA,WIFI_DROP,
6.8128,13,STA,WIFI_DROP,
6.8152,13,STA,WIFI_DROP,
6.8176,13,STA,WIFI_DROP,
6.82,13,STA,WIFI_DROP,
6.8224,13,STA,WIFI_DROP,
6.8248,13,STA,WIFI_DROP,
6.8272,13,STA,WIFI_DROP,
6.8296,13,STA,WIFI_DROP,
6.832,13,STA,WIFI_DROP,
6.8344,13,STA,WIFI_DROP,
6.8368,13,STA,WIFI_DROP,
6.8392,13,STA,WIFI_DROP,
6.8416,13,STA,WIFI_DROP,
6.844,13,STA,WIFI_DROP,
6.8464,13,STA,WIFI_DROP,
6.8488,13,STA,WIFI_DROP,
6.8512,13,STA,WIFI_DROP,
6.8536,13,STA,WIFI_DROP,
6.856,13,STA,WIFI_DROP,
6.8584,13,STA,WIFI_DROP,
6.8608,13,STA,WIFI_DROP,
6.8632,13,STA,WIFI_DROP,
6.8656,13,STA,WIFI_DROP,
6.868,13,STA,WIFI_DROP,
6.8704,13,STA,WIFI_DROP,
6.8728,13,STA,WIFI_DROP,
6.8752,13,STA,WIFI_DROP,
6.8776,13,STA,WIFI_DROP,
6.88,13,STA,WIFI_DROP,
6.8824,13,STA,WIFI_DROP,
6.8848,13,STA,WIFI_DROP,
6.8872,13,STA,WIFI_DROP,
6.8896,13,STA,WIFI_DROP,
6.892,13,STA,WIFI_DROP,
6.8944,13,STA,WIFI_DROP,
6.8968,13,STA,WIFI_DROP,
6.8992,13,STA,WIFI_DROP,
6.9016,13,STA,WIFI_DROP,
6.904,13,STA,WIFI_DROP,
6.9064,13,STA,WIFI_DROP,
6.9088,13,STA,WIFI_DROP,
6.9112,13,STA,WIFI_DROP,
6.9136,13,STA,WIFI_DROP,
6.916,13,STA,WIFI_DROP,
6.9184,13,STA,WIFI_DROP,
6.9208,13,STA,WIFI_DROP,
6.9232,13,STA,WIFI_DROP,
6.9256,13,STA,WIFI_DROP,
6.928,13,STA,WIFI_DROP,
6.9304,13,STA,WIFI_DROP,
6.9328,13,STA,WIFI_DROP,
6.9352,13,STA,WIFI_DROP,
6.9376,13,STA,WIFI_DROP,
6.94,13,STA,WIFI_DROP,
6.9424,13,STA,WIFI_DROP,
6.9448,13,STA,WIFI_DROP,
6.9472,13,STA,WIFI_DROP,
6.9496,13,STA,WIFI_DROP,
6.952,13,STA,WIFI_DROP,
6.9544,13,STA,WIFI_DROP,
6.9568,13,STA,WIFI_DROP,
6.9592,13,STA,WIFI_DROP,
6.9616,13,STA,WIFI_DROP,
6.964,13,STA,WIFI_DROP,
6.9664,13,STA,WIFI_DROP,
6.9688,13,STA,WIFI_DROP,
6.9712,13,STA,WIFI_DROP,
6.9736,13,STA,WIFI_DROP,
6.976,13,STA,WIFI_DROP,
6.9784,13,STA,WIFI_DROP,
6.9808,13,STA,WIFI_DROP,
6.9832,13,STA,WIFI_DROP,
6.9856,13,STA,WIFI_DROP,
6.988,13,STA,WIFI_DROP,
6.9904,13,STA,WIFI_DROP,
6.9928,13,STA,WIFI_DROP,
6.9952,13,STA,WIFI_DROP,
6.9976,13,STA,WIFI_DROP,
7,4,STA,THROUGHPUT_MBPS,1.620000
7,5,STA,THROUGHPUT_MBPS,1.764000
7,7,STA,THROUGHPUT_MBPS,1.344000
7,8,STA,THROUGHPUT_MBPS,2.796000
7,9,STA,THROUGHPUT_MBPS,2.256000
7,10,STA,THROUGHPUT_MBPS,4.164000
7,11,STA,THROUGHPUT_MBPS,2.532000
7,12,STA,THROUGHPUT_MBPS,1.620000
7,13,STA,THROUGHPUT_MBPS,1.692000
7,14,STA,THROUGHPUT_MBPS,0.756000
7,15,STA,THROUGHPUT_MBPS,4.128000
7,16,STA,THROUGHPUT_MBPS,3.732000
7,17,STA,THROUGHPUT_MBPS,1.716000
7,18,STA,THROUGHPUT_MBPS,1.056000
7,19,STA,THROUGHPUT_MBPS,0.876000
7,20,STA,THROUGHPUT_MBPS,2.184000
7,21,STA,THROUGHPUT_MBPS,2.460000
7,1,AP,AGGREGATE_THROUGHPUT_MBPS,36.696000
7,1,AP,SENT_COUNT,8320.000000
7,1,AP,RECV_COUNT,3058.000000
7,1,AP,LATENCY_P95_MS,540.801245
7,13,STA,WIFI_DROP,
7.0024,13,STA,WIFI_DROP,
7.0048,13,STA,WIFI_DROP,
7.0072,13,STA,WIFI_DROP,
7.0096,13,STA,WIFI_DROP,
7.012,13,STA,WIFI_DROP,
7.0144,13,STA,WIFI_DROP,
7.0168,13,STA,WIFI_DROP,
7.0192,13,STA,WIFI_DROP,
7.0216,13,STA,WIFI_DROP,
7.024,13,STA,WIFI_DROP,
7.0264,13,STA,WIFI_DROP,
7.0288,13,STA,WIFI_DROP,
7.0312,13,STA,WIFI_DROP,
7.0336,13,STA,WIFI_DROP,
7.036,13,STA,WIFI_DROP,
7.0384,13,STA,WIFI_DROP,
7.0408,13,STA,WIFI_DROP,
7.0432,13,STA,WIFI_DROP,
7.0456,13,STA,WIFI_DROP,
7.048,13,STA,WIFI_DROP,
7.0504,13,STA,WIFI_DROP,
7.0528,13,STA,WIFI_DROP,
7.0552,13,STA,WIFI_DROP,
7.0576,13,STA,WIFI_DROP,
7.06,13,STA,WIFI_DROP,
7.0624,13,STA,WIFI_DROP,
7.0648,13,STA,WIFI_DROP,
7.0672,13,STA,WIFI_DROP,
7.0696,13,STA,WIFI_DROP,
7.072,13,STA,WIFI_DROP,
7.0744,13,STA,WIFI_DROP,
7.0768,13,STA,WIFI_DROP,
7.0792,13,STA,WIFI_DROP,
7.0816,13,STA,WIFI_DROP,
7.084,13,STA,WIFI_DROP,
7.0864,13,STA,WIFI_DROP,
7.0888,13,STA,WIFI_DROP,
7.0912,13,STA,WIFI_DROP,
7.0936,13,STA,WIFI_DROP,
7.096,13,STA,WIFI_DROP,
7.0984,13,STA,WIFI_DROP,
7.1008,13,STA,WIFI_DROP,
7.1032,13,STA,WIFI_DROP,
7.1056,13,STA,WIFI_DROP,
7.108,13,STA,WIFI_DROP,
7.1104,13,STA,WIFI_DROP,
7.1128,13,STA,WIFI_DROP,
7.1152,13,STA,WIFI_DROP,
7.1176,13,STA,WIFI_DROP,
7.12,13,STA,WIFI_DROP,
7.1224,13,STA,WIFI_DROP,
7.1248,13,STA,WIFI_DROP,
7.1272,13,STA,WIFI_DROP,
7.1296,13,STA,WIFI_DROP,
7.132,13,STA,WIFI_DROP,
7.1344,13,STA,WIFI_DROP,
7.1368,13,STA,WIFI_DROP,
7.1392,13,STA,WIFI_DROP,
7.1416,13,STA,WIFI_DROP,
7.144,13,STA,WIFI_DROP,
7.1464,13,STA,WIFI_DROP,
7.1488,13,STA,WIFI_DROP,
7.1512,13,STA,WIFI_DROP,
7.1536,13,STA,WIFI_DROP,
7.156,13,STA,WIFI_DROP,
7.1584,13,STA,WIFI_DROP,
7.1608,13,STA,WIFI_DROP,
7.1632,13,STA,WIFI_DROP,
7.1656,13,STA,WIFI_DROP,
7.168,13,STA,WIFI_DROP,
7.1704,13,STA,WIFI_DROP,
7.1728,13,STA,WIFI_DROP,
7.1752,13,STA,WIFI_DROP,
7.1776,13,STA,WIFI_DROP,
7.18,13,STA,WIFI_DROP,
7.1824,13,STA,WIFI_DROP,
7.1848,13,STA,WIFI_DROP,
7.1872,13,STA,WIFI_DROP,
7.1896,13,STA,WIFI_DROP,
7.192,13,STA,WIFI_DROP,
7.1944,13,STA,WIFI_DROP,
7.1968,13,STA,WIFI_DROP,
7.1992,13,STA,WIFI_DROP,
7.2016,13,STA,WIFI_DROP,
7.3672,7,STA,WIFI_DROP,
7.3696,7,STA,WIFI_DROP,
7.372,7,STA,WIFI_DROP,
7.3744,7,STA,WIFI_DROP,
7.3768,7,STA,WIFI_DROP,
7.3792,7,STA,WIFI_DROP,
7.3816,7,STA,WIFI_DROP,
7.384,7,STA,WIFI_DROP,
7.3864,7,STA,WIFI_DROP,
7.3888,7,STA,WIFI_DROP,
7.3912,7,STA,WIFI_DROP,
7.3936,7,STA,WIFI_DROP,
7.396,7,STA,WIFI_DROP,
7.3984,7,STA,WIFI_DROP,
7.4008,7,STA,WIFI_DROP,
7.4032,7,STA,WIFI_DROP,
7.4056,7,STA,WIFI_DROP,
7.408,7,STA,WIFI_DROP,
7.4104,7,STA,WIFI_DROP,
7.4128,7,STA,WIFI_DROP,
7.4152,7,STA,WIFI_DROP,
7.4176,7,STA,WIFI_DROP,
7.42,7,STA,WIFI_DROP,
7.4224,7,STA,WIFI_DROP,
7.4248,7,STA,WIFI_DROP,
7.4272,7,STA,WIFI_DROP,
7.4296,7,STA,WIFI_DROP,
7.432,7,STA,WIFI_DROP,
7.4344,7,STA,WIFI_DROP,
7.4368,7,STA,WIFI_DROP,
7.4392,7,STA,WIFI_DROP,
7.4416,7,STA,WIFI_DROP,
7.444,7,STA,WIFI_DROP,
7.4464,7,STA,WIFI_DROP,
7.4488,7,STA,WIFI_DROP,
7.4512,7,STA,WIFI_DROP,
7.4536,7,STA,WIFI_DROP,
7.456,7,STA,WIFI_DROP,
7.4584,7,STA,WIFI_DROP,
7.4608,7,STA,WIFI_DROP,
7.4632,7,STA,WIFI_DROP,
7.4656,7,STA,WIFI_DROP,
7.468,7,STA,WIFI_DROP,
7.4704,7,STA,WIFI_DROP,
7.4728,7,STA,WIFI_DROP,
7.4752,7,STA,WIFI_DROP,
7.4776,7,STA,WIFI_DROP,
7.48,7,STA,WIFI_DROP,
7.4824,7,STA,WIFI_DROP,
7.4848,7,STA,WIFI_DROP,
7.4872,7,STA,WIFI_DROP,
7.4896,7,STA,WIFI_DROP,
7.492,7,STA,WIFI_DROP,
7.4944,7,STA,WIFI_DROP,
7.4968,7,STA,WIFI_DROP,
7.4992,7,STA,WIFI_DROP,
7.5016,7,STA,WIFI_DROP,
7.504,7,STA,WIFI_DROP,
7.5064,7,STA,WIFI_DROP,
7.5088,7,STA,WIFI_DROP,
7.5112,7,STA,WIFI_DROP,
7.5136,7,STA,WIFI_DROP,
7.516,7,STA,WIFI_DROP,
7.5184,7,STA,WIFI_DROP,
7.5208,7,STA,WIFI_DROP,
7.5232,7,STA,WIFI_DROP,
7.5256,7,STA,WIFI_DROP,
7.528,7,STA,WIFI_DROP,
7.5304,7,STA,WIFI_DROP,
7.5328,7,STA,WIFI_DROP,
7.5352,7,STA,WIFI_DROP,
7.5376,7,STA,WIFI_DROP,
7.54,7,STA,WIFI_DROP,
7.5424,7,STA,WIFI_DROP,
7.5448,7,STA,WIFI_DROP,
7.5472,7,STA,WIFI_DROP,
7.5496,7,STA,WIFI_DROP,
7.552,7,STA,WIFI_DROP,
7.5544,7,STA,WIFI_DROP,
7.5568,7,STA,WIFI_DROP,
7.5592,7,STA,WIFI_DROP,
7.5616,7,STA,WIFI_DROP,
7.564,7,STA,WIFI_DROP,
7.5664,7,STA,WIFI_DROP,
7.5688,7,STA,WIFI_DROP,
7.5712,7,STA,WIFI_DROP,
7.5712,16,STA,WIFI_DROP,
7.5736,7,STA,WIFI_DROP,
7.5736,16,STA,WIFI_DROP,
7.576,7,STA,WIFI_DROP,
7.576,16,STA,WIFI_DROP,
7.5784,7,STA,WIFI_DROP,
7.5784,16,STA,WIFI_DROP,
7.5808,7,STA,WIFI_DROP,
7.5808,16,STA,WIFI_DROP,
7.5832,7,STA,WIFI_DROP,
7.5832,16,STA,WIFI_DROP,
7.5856,7,STA,WIFI_DROP,
7.5856,16,STA,WIFI_DROP,
7.588,7,STA,WIFI_DROP,
7.588,16,STA,WIFI_DROP,
7.5904,7,STA,WIFI_DROP,
7.5904,16,STA,WIFI_DROP,
7.5928,7,STA,WIFI_DROP,
7.5928,16,STA,WIFI_DROP,
7.5952,7,STA,WIFI_DROP,
7.5952,16,STA,WIFI_DROP,
7.5976,7,STA,WIFI_DROP,
7.5976,16,STA,WIFI_DROP,
7.6,7,STA,WIFI_DROP,
7.6,16,STA,WIFI_DROP,
7.6024,7,STA,WIFI_DROP,
7.6024,16,STA,WIFI_DROP,
7.6048,7,STA,WIFI_DROP,
7.6048,16,STA,WIFI_DROP,
7.6072,7,STA,WIFI_DROP,
7.6072,16,STA,WIFI_DROP,
7.6096,7,STA,WIFI_DROP,
7.6096,16,STA,WIFI_DROP,
7.612,7,STA,WIFI_DROP,
7.612,16,STA,WIFI_DROP,
7.6144,7,STA,WIFI_DROP,
7.6144,16,STA,WIFI_DROP,
7.6168,7,STA,WIFI_DROP,
7.6168,16,STA,WIFI_DROP,
7.6192,7,STA,WIFI_DROP,
7.6192,16,STA,WIFI_DROP,
7.6216,7,STA,WIFI_DROP,
7.6216,16,STA,WIFI_DROP,
7.624,7,STA,WIFI_DROP,
7.624,16,STA,WIFI_DROP,
7.6264,7,STA,WIFI_DROP,
7.6264,16,STA,WIFI_DROP,
7.6288,7,STA,WIFI_DROP,
7.6288,16,STA,WIFI_DROP,
7.6312,7,STA,WIFI_DROP,
7.6312,16,STA,WIFI_DROP,
7.6336,7,STA,WIFI_DROP,
7.6336,16,STA,WIFI_DROP,
7.636,7,STA,WIFI_DROP,
7.636,16,STA,WIFI_DROP,
7.6384,7,STA,WIFI_DROP,
7.6384,16,STA,WIFI_DROP,
7.6408,7,STA,WIFI_DROP,
7.6408,16,STA,WIFI_DROP,
7.6432,7,STA,WIFI_DROP,
7.6432,16,STA,WIFI_DROP,
7.6456,7,STA,WIFI_DROP,
7.6456,16,STA,WIFI_DROP,
7.648,7,STA,WIFI_DROP,
7.648,16,STA,WIFI_DROP,
7.6504,7,STA,WIFI_DROP,
7.6504,16,STA,WIFI_DROP,
7.6528,7,STA,WIFI_DROP,
7.6528,16,STA,WIFI_DROP,
7.6552,7,STA,WIFI_DROP,
7.6552,16,STA,WIFI_DROP,
7.6576,7,STA,WIFI_DROP,
7.6576,16,STA,WIFI_DROP,
7.66,7,STA,WIFI_DROP,
7.66,16,STA,WIFI_DROP,
7.6624,7,STA,WIFI_DROP,
7.6624,16,STA,WIFI_DROP,
7.6648,7,STA,WIFI_DROP,
7.6648,16,STA,WIFI_DROP,
7.6672,7,STA,WIFI_DROP,
7.6672,16,STA,WIFI_DROP,
7.6696,16,STA,WIFI_DROP,
7.672,16,STA,WIFI_DROP,
7.6744,16,STA,WIFI_DROP,
7.6768,16,STA,WIFI_DROP,
7.6792,16,STA,WIFI_DROP,
7.6816,16,STA,WIFI_DROP,
7.684,16,STA,WIFI_DROP,
7.6864,16,STA,WIFI_DROP,
7.6888,16,STA,WIFI_DROP,
7.6912,16,STA,WIFI_DROP,
7.6936,16,STA,WIFI_DROP,
7.696,16,STA,WIFI_DROP,
7.6984,16,STA,WIFI_DROP,
7.7008,16,STA,WIFI_DROP,
7.7032,16,STA,WIFI_DROP,
7.7056,16,STA,WIFI_DROP,
7.708,16,STA,WIFI_DROP,
7.7104,16,STA,WIFI_DROP,
7.7128,16,STA,WIFI_DROP,
7.7152,16,STA,WIFI_DROP,
7.7176,16,STA,WIFI_DROP,
7.72,16,STA,WIFI_DROP,
7.7224,16,STA,WIFI_DROP,
7.7248,16,STA,WIFI_DROP,
7.7272,16,STA,WIFI_DROP,
7.7296,16,STA,WIFI_DROP,
7.732,16,STA,WIFI_DROP,
7.7344,16,STA,WIFI_DROP,
7.7368,16,STA,WIFI_DROP,
7.7392,16,STA,WIFI_DROP,
7.7416,16,STA,WIFI_DROP,
7.744,16,STA,WIFI_DROP,
7.7464,16,STA,WIFI_DROP,
7.7488,16,STA,WIFI_DROP,
7.7512,16,STA,WIFI_DROP,
7.7536,16,STA,WIFI_DROP,
7.756,16,STA,WIFI_DROP,
7.7584,16,STA,WIFI_DROP,
7.7608,16,STA,WIFI_DROP,
7.7632,16,STA,WIFI_DROP,
7.7656,16,STA,WIFI_DROP,
7.768,16,STA,WIFI_DROP,
7.7704,16,STA,WIFI_DROP,
7.7728,16,STA,WIFI_DROP,
7.7752,16,STA,WIFI_DROP,
7.7776,16,STA,WIFI_DROP,
7.78,16,STA,WIFI_DROP,
7.7824,16,STA,WIFI_DROP,
7.7848,16,STA,WIFI_DROP,
7.7872,16,STA,WIFI_DROP,
7.7896,16,STA,WIFI_DROP,
7.792,16,STA,WIFI_DROP,
7.7944,16,STA,WIFI_DROP,
7.7968,16,STA,WIFI_DROP,
7.7992,16,STA,WIFI_DROP,
7.8016,16,STA,WIFI_DROP,
7.804,16,STA,WIFI_DROP,
7.8064,16,STA,WIFI_DROP,
7.8088,16,STA,WIFI_DROP,
7.8112,16,STA,WIFI_DROP,
7.8136,16,STA,WIFI_DROP,
7.816,16,STA,WIFI_DROP,
7.8184,16,STA,WIFI_DROP,
7.8208,16,STA,WIFI_DROP,
7.8232,16,STA,WIFI_DROP,
7.8256,16,STA,WIFI_DROP,
7.828,16,STA,WIFI_DROP,
7.8304,16,STA,WIFI_DROP,
7.8328,16,STA,WIFI_DROP,
7.8352,16,STA,WIFI_DROP,
7.8376,16,STA,WIFI_DROP,
7.84,16,STA,WIFI_DROP,
7.8424,16,STA,WIFI_DROP,
7.8448,16,STA,WIFI_DROP,
7.8472,16,STA,WIFI_DROP,
7.8496,16,STA,WIFI_DROP,
7.852,16,STA,WIFI_DROP,
7.8544,16,STA,WIFI_DROP,
7.8568,16,STA,WIFI_DROP,
7.8592,16,STA,WIFI_DROP,
7.8616,16,STA,WIFI_DROP,
7.864,16,STA,WIFI_DROP,
7.8664,16,STA,WIFI_DROP,
7.8688,16,STA,WIFI_DROP,
7.8712,16,STA,WIFI_DROP,
7.8736,16,STA,WIFI_DROP,
7.876,16,STA,WIFI_DROP,
7.8784,16,STA,WIFI_DROP,
7.8808,16,STA,WIFI_DROP,
7.8832,16,STA,WIFI_DROP,
7.8856,16,STA,WIFI_DROP,
7.888,16,STA,WIFI_DROP,
7.8904,16,STA,WIFI_DROP,
7.8928,16,STA,WIFI_DROP,
7.8952,16,STA,WIFI_DROP,
7.8976,16,STA,WIFI_DROP,
7.9,16,STA,WIFI_DROP,
7.9024,16,STA,WIFI_DROP,
7.9048,16,STA,WIFI_DROP,
7.9072,16,STA,WIFI_DROP,
7.9096,16,STA,WIFI_DROP,
7.912,16,STA,WIFI_DROP,
7.9144,16,STA,WIFI_DROP,
7.9168,16,STA,WIFI_DROP,
7.9192,16,STA,WIFI_DROP,
7.9216,16,STA,WIFI_DROP,
7.924,16,STA,WIFI_DROP,
7.9264,16,STA,WIFI_DROP,
7.9288,16,STA,WIFI_DROP,
7.9312,16,STA,WIFI_DROP,
7.9336,16,STA,WIFI_DROP,
7.936,16,STA,WIFI_DROP,
7.9384,16,STA,WIFI_DROP,
7.9408,16,STA,WIFI_DROP,
7.9432,16,STA,WIFI_DROP,
7.9456,16,STA,WIFI_DROP,
7.948,16,STA,WIFI_DROP,
7.9504,16,STA,WIFI_DROP,
7.9528,16,STA,WIFI_DROP,
7.9552,16,STA,WIFI_DROP,
7.9576,16,STA,WIFI_DROP,
7.96,16,STA,WIFI_DROP,
7.9624,16,STA,WIFI_DROP,
7.9648,16,STA,WIFI_DROP,
7.9672,16,STA,WIFI_DROP,
7.9696,16,STA,WIFI_DROP,
7.972,16,STA,WIFI_DROP,
7.9744,16,STA,WIFI_DROP,
7.9768,16,STA,WIFI_DROP,
7.9792,16,STA,WIFI_DROP,
7.9816,16,STA,WIFI_DROP,
7.984,16,STA,WIFI_DROP,
7.9864,16,STA,WIFI_DROP,
7.9888,16,STA,WIFI_DROP,
7.9912,16,STA,WIFI_DROP,
7.9936,16,STA,WIFI_DROP,
7.996,16,STA,WIFI_DROP,
7.9984,16,STA,WIFI_DROP,
8,4,STA,THROUGHPUT_MBPS,2.532000
8,5,STA,THROUGHPUT_MBPS,1.572000
8,7,STA,THROUGHPUT_MBPS,0.648000
8,8,STA,THROUGHPUT_MBPS,3.732000
8,9,STA,THROUGHPUT_MBPS,1.980000
8,10,STA,THROUGHPUT_MBPS,2.148000
8,11,STA,THROUGHPUT_MBPS,5.364000
8,12,STA,THROUGHPUT_MBPS,0.600000
8,14,STA,THROUGHPUT_MBPS,2.196000
8,15,STA,THROUGHPUT_MBPS,1.368000
8,16,STA,THROUGHPUT_MBPS,2.604000
8,17,STA,THROUGHPUT_MBPS,3.144000
8,18,STA,THROUGHPUT_MBPS,6.156000
8,20,STA,THROUGHPUT_MBPS,2.568000
8,21,STA,THROUGHPUT_MBPS,0.672000
8,1,AP,AGGREGATE_THROUGHPUT_MBPS,37.284000
8,1,AP,SENT_COUNT,8340.000000
8,1,AP,RECV_COUNT,3107.000000
8,1,AP,LATENCY_P95_MS,529.217470
8.0008,16,STA,WIFI_DROP,
8.0032,16,STA,WIFI_DROP,
8.0056,16,STA,WIFI_DROP,
8.008,16,STA,WIFI_DROP,
8.0104,16,STA,WIFI_DROP,
8.0128,16,STA,WIFI_DROP,
8.0152,16,STA,WIFI_DROP,
8.0176,16,STA,WIFI_DROP,
8.02,16,STA,WIFI_DROP,
8.0224,16,STA,WIFI_DROP,
8.0248,16,STA,WIFI_DROP,
8.0272,16,STA,WIFI_DROP,
8.0296,16,STA,WIFI_DROP,
8.032,16,STA,WIFI_DROP,
8.0344,16,STA,WIFI_DROP,
8.0368,16,STA,WIFI_DROP,
8.0392,16,STA,WIFI_DROP,
8.0416,16,STA,WIFI_DROP,
8.044,16,STA,WIFI_DROP,
8.0464,16,STA,WIFI_DROP,
8.0488,16,STA,WIFI_DROP,
8.0512,16,STA,WIFI_DROP,
8.0536,16,STA,WIFI_DROP,
8.056,16,STA,WIFI_DROP,
8.0584,16,STA,WIFI_DROP,
8.0608,16,STA,WIFI_DROP,
8.0632,16,STA,WIFI_DROP,
8.0656,16,STA,WIFI_DROP,
8.068,16,STA,WIFI_DROP,
8.0704,16,STA,WIFI_DROP,
8.0728,16,STA,WIFI_DROP,
8.0752,16,STA,WIFI_DROP,
8.0776,16,STA,WIFI_DROP,
8.08,16,STA,WIFI_DROP,
8.0824,16,STA,WIFI_DROP,
8.0848,16,STA,WIFI_DROP,
8.0872,16,STA,WIFI_DROP,
8.0896,16,STA,WIFI_DROP,
8.092,16,STA,WIFI_DROP,
8.0944,16,STA,WIFI_DROP,
8.0968,16,STA,WIFI_DROP,
8.0992,16,STA,WIFI_DROP,
8.1016,16,STA,WIFI_DROP,
8.104,16,STA,WIFI_DROP,
8.1064,16,STA,WIFI_DROP,
8.1088,16,STA,WIFI_DROP,
8.1112,16,STA,WIFI_DROP,
8.1136,16,STA,WIFI_DROP,
8.116,16,STA,WIFI_DROP,
8.1184,16,STA,WIFI_DROP,
8.1208,16,STA,WIFI_DROP,
8.1232,16,STA,WIFI_DROP,
8.1256,16,STA,WIFI_DROP,
8.128,16,STA,WIFI_DROP,
8.1304,16,STA,WIFI_DROP,
8.1328,16,STA,WIFI_DROP,
8.1352,16,STA,WIFI_DROP,
8.1376,16,STA,WIFI_DROP,
8.14,16,STA,WIFI_DROP,
8.1424,16,STA,WIFI_DROP,
8.1448,16,STA,WIFI_DROP,
8.1472,16,STA,WIFI_DROP,
8.1496,16,STA,WIFI_DROP,
8.152,16,STA,WIFI_DROP,
8.1544,16,STA,WIFI_DROP,
8.1568,16,STA,WIFI_DROP,
8.1592,16,STA,WIFI_DROP,
8.1616,16,STA,WIFI_DROP,
8.164,16,STA,WIFI_DROP,
8.1664,16,STA,WIFI_DROP,
8.1688,16,STA,WIFI_DROP,
8.1712,16,STA,WIFI_DROP,
8.1736,16,STA,WIFI_DROP,
8.176,16,STA,WIFI_DROP,
8.1784,16,STA,WIFI_DROP,
8.1808,16,STA,WIFI_DROP,
8.1832,16,STA,WIFI_DROP,
8.1856,16,STA,WIFI_DROP,
8.188,16,STA,WIFI_DROP,
8.1904,16,STA,WIFI_DROP,
8.1928,16,STA,WIFI_DROP,
8.1952,16,STA,WIFI_DROP,
8.1976,16,STA,WIFI_DROP,
8.2,16,STA,WIFI_DROP,
8.2024,16,STA,WIFI_DROP,
8.2048,16,STA,WIFI_DROP,
8.2072,16,STA,WIFI_DROP,
8.2096,16,STA,WIFI_DROP,
8.212,16,STA,WIFI_DROP,
8.2144,16,STA,WIFI_DROP,
8.2168,16,STA,WIFI_DROP,
8.2192,16,STA,WIFI_DROP,
8.2216,16,STA,WIFI_DROP,
8.224,16,STA,WIFI_DROP,
8.2264,16,STA,WIFI_DROP,
8.2288,16,STA,WIFI_DROP,
8.2312,16,STA,WIFI_DROP,
8.2336,16,STA,WIFI_DROP,
8.236,16,STA,WIFI_DROP,
8.2384,16,STA,WIFI_DROP,
8.2408,16,STA,WIFI_DROP,
8.2432,16,STA,WIFI_DROP,
8.2456,16,STA,WIFI_DROP,
8.248,16,STA,WIFI_DROP,
8.2504,16,STA,WIFI_DROP,
8.2528,16,STA,WIFI_DROP,
8.2552,16,STA,WIFI_DROP,
8.2576,16,STA,WIFI_DROP,
8.26,16,STA,WIFI_DROP,
8.2624,16,STA,WIFI_DROP,
8.2648,16,STA,WIFI_DROP,
8.2672,16,STA,WIFI_DROP,
8.2696,16,STA,WIFI_DROP,
8.272,16,STA,WIFI_DROP,
8.2744,16,STA,WIFI_DROP,
8.2768,16,STA,WIFI_DROP,
8.2792,16,STA,WIFI_DROP,
8.2816,16,STA,WIFI_DROP,
8.284,16,STA,WIFI_DROP,
8.2864,16,STA,WIFI_DROP,
8.2888,16,STA,WIFI_DROP,
8.2912,16,STA,WIFI_DROP,
8.2936,16,STA,WIFI_DROP,
8.296,16,STA,WIFI_DROP,
8.2984,16,STA,WIFI_DROP,
8.3008,16,STA,WIFI_DROP,
8.3032,16,STA,WIFI_DROP,
8.3056,16,STA,WIFI_DROP,
8.308,16,STA,WIFI_DROP,
8.3104,16,STA,WIFI_DROP,
8.3128,16,STA,WIFI_DROP,
8.3152,16,STA,WIFI_DROP,
8.3176,16,STA,WIFI_DROP,
8.32,16,STA,WIFI_DROP,
8.3224,16,STA,WIFI_DROP,
8.3248,16,STA,WIFI_DROP,
8.3272,16,STA,WIFI_DROP,
8.3296,16,STA,WIFI_DROP,
8.332,16,STA,WIFI_DROP,
8.3344,16,STA,WIFI_DROP,
8.3368,16,STA,WIFI_DROP,
8.3392,16,STA,WIFI_DROP,
8.3416,16,STA,WIFI_DROP,
8.344,16,STA,WIFI_DROP,
8.3464,16,STA,WIFI_DROP,
8.3488,16,STA,WIFI_DROP,
8.3512,16,STA,WIFI_DROP,
8.3536,16,STA,WIFI_DROP,
8.356,16,STA,WIFI_DROP,
8.3584,16,STA,WIFI_DROP,
8.3608,16,STA,WIFI_DROP,
8.3632,16,STA,WIFI_DROP,
8.3656,16,STA,WIFI_DROP,
8.368,16,STA,WIFI_DROP,
8.3704,16,STA,WIFI_DROP,
8.3728,16,STA,WIFI_DROP,
8.3752,16,STA,WIFI_DROP,
8.3776,16,STA,WIFI_DROP,
8.38,16,STA,WIFI_DROP,
8.3824,16,STA,WIFI_DROP,
8.3848,16,STA,WIFI_DROP,
8.3872,16,STA,WIFI_DROP,
8.3896,16,STA,WIFI_DROP,
8.392,16,STA,WIFI_DROP,
8.3944,16,STA,WIFI_DROP,
8.3968,16,STA,WIFI_DROP,
8.3992,16,STA,WIFI_DROP,
8.4016,16,STA,WIFI_DROP,
8.404,16,STA,WIFI_DROP,
8.4064,16,STA,WIFI_DROP,
8.4088,16,STA,WIFI_DROP,
8.4112,16,STA,WIFI_DROP,
8.4136,16,STA,WIFI_DROP,
8.416,16,STA,WIFI_DROP,
8.4184,16,STA,WIFI_DROP,
8.4208,16,STA,WIFI_DROP,
8.4232,16,STA,WIFI_DROP,
8.4256,16,STA,WIFI_DROP,
8.428,16,STA,WIFI_DROP,
8.4304,16,STA,WIFI_DROP,
8.4328,16,STA,WIFI_DROP,
8.4352,16,STA,WIFI_DROP,
8.4376,16,STA,WIFI_DROP,
8.44,16,STA,WIFI_DROP,
8.4424,16,STA,WIFI_DROP,
8.4448,16,STA,WIFI_DROP,
8.4472,16,STA,WIFI_DROP,
8.4496,16,STA,WIFI_DROP,
8.452,16,STA,WIFI_DROP,
8.4544,16,STA,WIFI_DROP,
8.4568,16,STA,WIFI_DROP,
8.4592,16,STA,WIFI_DROP,
8.4616,16,STA,WIFI_DROP,
8.464,16,STA,WIFI_DROP,
8.4664,16,STA,WIFI_DROP,
8.4688,16,STA,WIFI_DROP,
8.4712,16,STA,WIFI_DROP,
8.4736,16,STA,WIFI_DROP,
8.476,16,STA,WIFI_DROP,
8.4784,16,STA,WIFI_DROP,
8.4808,16,STA,WIFI_DROP,
8.4832,16,STA,WIFI_DROP,
8.4856,16,STA,WIFI_DROP,
8.488,16,STA,WIFI_DROP,
8.4904,16,STA,WIFI_DROP,
8.4928,16,STA,WIFI_DROP,
8.4952,16,STA,WIFI_DROP,
8.4976,16,STA,WIFI_DROP,
8.5,16,STA,WIFI_DROP,
8.5024,16,STA,WIFI_DROP,
8.5048,16,STA,WIFI_DROP,
8.5072,16,STA,WIFI_DROP,
8.5096,16,STA,WIFI_DROP,
8.512,16,STA,WIFI_DROP,
8.5144,16,STA,WIFI_DROP,
8.5168,16,STA,WIFI_DROP,
8.5192,16,STA,WIFI_DROP,
8.5216,16,STA,WIFI_DROP,
8.524,16,STA,WIFI_DROP,
8.5264,16,STA,WIFI_DROP,
8.5288,16,STA,WIFI_DROP,
8.5312,16,STA,WIFI_DROP,
8.5336,16,STA,WIFI_DROP,
8.536,16,STA,WIFI_DROP,
8.5384,16,STA,WIFI_DROP,
8.5408,16,STA,WIFI_DROP,
8.5432,16,STA,WIFI_DROP,
8.5456,16,STA,WIFI_DROP,
8.548,16,STA,WIFI_DROP,
8.5504,16,STA,WIFI_DROP,
8.5528,16,STA,WIFI_DROP,
8.5552,16,STA,WIFI_DROP,
8.5576,16,STA,WIFI_DROP,
8.56,16,STA,WIFI_DROP,
8.5624,16,STA,WIFI_DROP,
8.5648,16,STA,WIFI_DROP,
8.5672,16,STA,WIFI_DROP,
8.5696,16,STA,WIFI_DROP,
8.572,16,STA,WIFI_DROP,
8.5744,16,STA,WIFI_DROP,
8.5768,16,STA,WIFI_DROP,
8.5792,16,STA,WIFI_DROP,
8.5816,16,STA,WIFI_DROP,
8.584,16,STA,WIFI_DROP,
8.5864,16,STA,WIFI_DROP,
8.5888,16,STA,WIFI_DROP,
8.5912,16,STA,WIFI_DROP,
8.5936,16,STA,WIFI_DROP,
8.596,16,STA,WIFI_DROP,
8.5984,16,STA,WIFI_DROP,
8.6008,16,STA,WIFI_DROP,
8.6032,16,STA,WIFI_DROP,
8.6056,16,STA,WIFI_DROP,
8.608,16,STA,WIFI_DROP,
8.6104,16,STA,WIFI_DROP,
8.6128,16,STA,WIFI_DROP,
8.6152,16,STA,WIFI_DROP,
8.6176,16,STA,WIFI_DROP,
8.62,16,STA,WIFI_DROP,
8.6224,16,STA,WIFI_DROP,
8.6248,16,STA,WIFI_DROP,
8.644,16,STA,WIFI_DROP,
8.6464,16,STA,WIFI_DROP,
8.6488,16,STA,WIFI_DROP,
8.6512,16,STA,WIFI_DROP,
8.6536,16,STA,WIFI_DROP,
8.656,16,STA,WIFI_DROP,
8.6584,16,STA,WIFI_DROP,
8.6608,16,STA,WIFI_DROP,
8.6632,16,STA,WIFI_DROP,
8.6656,16,STA,WIFI_DROP,
8.668,16,STA,WIFI_DROP,
8.6704,16,STA,WIFI_DROP,
8.6728,16,STA,WIFI_DROP,
8.6752,16,STA,WIFI_DROP,
8.6776,16,STA,WIFI_DROP,
8.68,16,STA,WIFI_DROP,
8.6824,16,STA,WIFI_DROP,
8.6848,16,STA,WIFI_DROP,
8.6872,16,STA,WIFI_DROP,
8.6896,16,STA,WIFI_DROP,
8.692,16,STA,WIFI_DROP,
8.6944,16,STA,WIFI_DROP,
8.6968,16,STA,WIFI_DROP,
8.6992,16,STA,WIFI_DROP,
8.7016,16,STA,WIFI_DROP,
8.704,16,STA,WIFI_DROP,
8.7064,16,STA,WIFI_DROP,
8.7088,16,STA,WIFI_DROP,
8.7112,16,STA,WIFI_DROP,
8.7136,16,STA,WIFI_DROP,
8.716,16,STA,WIFI_DROP,
8.7184,16,STA,WIFI_DROP,
8.7208,16,STA,WIFI_DROP,
8.7232,16,STA,WIFI_DROP,
8.7256,16,STA,WIFI_DROP,
8.728,16,STA,WIFI_DROP,
8.7304,16,STA,WIFI_DROP,
8.7328,16,STA,WIFI_DROP,
8.7352,16,STA,WIFI_DROP,
8.7376,16,STA,WIFI_DROP,
8.74,16,STA,WIFI_DROP,
8.7424,16,STA,WIFI_DROP,
8.7448,16,STA,WIFI_DROP,
9,4,STA,THROUGHPUT_MBPS,0.816000
9,5,STA,THROUGHPUT_MBPS,4.524000
9,8,STA,THROUGHPUT_MBPS,5.484000
9,9,STA,THROUGHPUT_MBPS,2.196000
9,10,STA,THROUGHPUT_MBPS,2.460000
9,11,STA,THROUGHPUT_MBPS,2.496000
9,12,STA,THROUGHPUT_MBPS,3.648000
9,14,STA,THROUGHPUT_MBPS,1.716000
9,15,STA,THROUGHPUT_MBPS,2.448000
9,16,STA,THROUGHPUT_MBPS,0.132000
9,17,STA,THROUGHPUT_MBPS,1.944000
9,18,STA,THROUGHPUT_MBPS,2.568000
9,20,STA,THROUGHPUT_MBPS,3.120000
9,21,STA,THROUGHPUT_MBPS,1.608000
9,1,AP,AGGREGATE_THROUGHPUT_MBPS,35.160000
9,1,AP,SENT_COUNT,8340.000000
9,1,AP,RECV_COUNT,2930.000000
9,1,AP,LATENCY_P95_MS,539.557485
9.3112,8,STA,WIFI_DROP,
9.3136,8,STA,WIFI_DROP,
9.316,8,STA,WIFI_DROP,
9.3184,8,STA,WIFI_DROP,
9.3208,8,STA,WIFI_DROP,
9.3232,8,STA,WIFI_DROP,
9.3256,8,STA,WIFI_DROP,
9.328,8,STA,WIFI_DROP,
9.3304,8,STA,WIFI_DROP,
9.3328,8,STA,WIFI_DROP,
9.3352,8,STA,WIFI_DROP,
9.3376,8,STA,WIFI_DROP,
9.34,8,STA,WIFI_DROP,
9.3424,8,STA,WIFI_DROP,
9.3448,8,STA,WIFI_DROP,
9.3472,8,STA,WIFI_DROP,
9.3496,8,STA,WIFI_DROP,
9.352,8,STA,WIFI_DROP,
9.3544,8,STA,WIFI_DROP,
9.3568,8,STA,WIFI_DROP,
9.3592,8,STA,WIFI_DROP,
9.3616,8,STA,WIFI_DROP,
9.364,8,STA,WIFI_DROP,
9.3664,8,STA,WIFI_DROP,
9.3688,8,STA,WIFI_DROP,
9.3712,8,STA,WIFI_DROP,
9.3736,8,STA,WIFI_DROP,
9.376,8,STA,WIFI_DROP,
9.3784,8,STA,WIFI_DROP,
9.3808,8,STA,WIFI_DROP,
9.3832,8,STA,WIFI_DROP,
9.3856,8,STA,WIFI_DROP,
9.388,8,STA,WIFI_DROP,
9.3904,8,STA,WIFI_DROP,
9.3928,8,STA,WIFI_DROP,
9.3952,8,STA,WIFI_DROP,
9.3976,8,STA,WIFI_DROP,
9.4,8,STA,WIFI_DROP,
9.4024,8,STA,WIFI_DROP,
9.4048,8,STA,WIFI_DROP,
9.4072,8,STA,WIFI_DROP,
9.4096,8,STA,WIFI_DROP,
9.412,8,STA,WIFI_DROP,
9.4144,4,STA,WIFI_DROP,
9.4144,8,STA,WIFI_DROP,
9.4168,4,STA,WIFI_DROP,
9.4168,8,STA,WIFI_DROP,
9.4192,4,STA,WIFI_DROP,
9.4192,8,STA,WIFI_DROP,
9.4216,4,STA,WIFI_DROP,
9.4216,8,STA,WIFI_DROP,
9.424,4,STA,WIFI_DROP,
9.424,8,STA,WIFI_DROP,
9.4264,4,STA,WIFI_DROP,
9.4264,8,STA,WIFI_DROP,
9.4288,4,STA,WIFI_DROP,
9.4288,8,STA,WIFI_DROP,
9.4312,4,STA,WIFI_DROP,
9.4312,8,STA,WIFI_DROP,
9.4336,4,STA,WIFI_DROP,
9.4336,8,STA,WIFI_DROP,
9.436,4,STA,WIFI_DROP,
9.436,8,STA,WIFI_DROP,
9.4384,4,STA,WIFI_DROP,
9.4384,8,STA,WIFI_DROP,
9.4408,4,STA,WIFI_DROP,
9.4408,8,STA,WIFI_DROP,
9.4432,4,STA,WIFI_DROP,
9.4432,8,STA,WIFI_DROP,
9.4456,4,STA,WIFI_DROP,
9.4456,8,STA,WIFI_DROP,
9.448,4,STA,WIFI_DROP,
9.448,8,STA,WIFI_DROP,
9.4504,4,STA,WIFI_DROP,
9.4504,8,STA,WIFI_DROP,
9.4528,4,STA,WIFI_DROP,
9.4528,8,STA,WIFI_DROP,
9.4552,4,STA,WIFI_DROP,
9.4552,8,STA,WIFI_DROP,
9.4576,4,STA,WIFI_DROP,
9.4576,8,STA,WIFI_DROP,
9.46,4,STA,WIFI_DROP,
9.46,8,STA,WIFI_DROP,
9.4624,4,STA,WIFI_DROP,
9.4624,8,STA,WIFI_DROP,
9.4648,4,STA,WIFI_DROP,
9.4648,8,STA,WIFI_DROP,
9.4672,4,STA,WIFI_DROP,
9.4672,8,STA,WIFI_DROP,
9.4696,4,STA,WIFI_DROP,
9.4696,8,STA,WIFI_DROP,
9.472,4,STA,WIFI_DROP,
9.4744,4,STA,WIFI_DROP,
9.4768,4,STA,WIFI_DROP,
9.4792,4,STA,WIFI_DROP,
9.4816,4,STA,WIFI_DROP,
9.484,4,STA,WIFI_DROP,
9.4864,4,STA,WIFI_DROP,
9.4888,4,STA,WIFI_DROP,
9.4912,4,STA,WIFI_DROP,
9.4936,4,STA,WIFI_DROP,
9.496,4,STA,WIFI_DROP,
9.4984,4,STA,WIFI_DROP,
9.5008,4,STA,WIFI_DROP,
9.5032,4,STA,WIFI_DROP,
9.5056,4,STA,WIFI_DROP,
9.508,4,STA,WIFI_DROP,
9.5104,4,STA,WIFI_DROP,
9.5128,4,STA,WIFI_DROP,
9.5152,4,STA,WIFI_DROP,
9.5176,4,STA,WIFI_DROP,
9.52,4,STA,WIFI_DROP,
9.5224,4,STA,WIFI_DROP,
9.5248,4,STA,WIFI_DROP,
9.5272,4,STA,WIFI_DROP,
9.5296,4,STA,WIFI_DROP,
9.532,4,STA,WIFI_DROP,
9.5344,4,STA,WIFI_DROP,
9.5368,4,STA,WIFI_DROP,
9.5392,4,STA,WIFI_DROP,
9.5416,4,STA,WIFI_DROP,
9.544,4,STA,WIFI_DROP,
9.5464,4,STA,WIFI_DROP,
9.5488,4,STA,WIFI_DROP,
9.5512,4,STA,WIFI_DROP,
9.5536,4,STA,WIFI_DROP,
9.556,4,STA,WIFI_DROP,
9.5584,4,STA,WIFI_DROP,
9.5608,4,STA,WIFI_DROP,
9.5632,4,STA,WIFI_DROP,
9.5656,4,STA,WIFI_DROP,
9.568,4,STA,WIFI_DROP,
9.5704,4,STA,WIFI_DROP,
9.5728,4,STA,WIFI_DROP,
9.5752,4,STA,WIFI_DROP,
9.5776,4,STA,WIFI_DROP,
9.58,4,STA,WIFI_DROP,
9.5824,4,STA,WIFI_DROP,
9.5848,4,STA,WIFI_DROP,
9.5872,4,STA,WIFI_DROP,
9.5896,4,STA,WIFI_DROP,
9.592,4,STA,WIFI_DROP,
9.5944,4,STA,WIFI_DROP,
9.5968,4,STA,WIFI_DROP,
9.5992,4,STA,WIFI_DROP,
9.6016,4,STA,WIFI_DROP,
9.604,4,STA,WIFI_DROP,
9.6064,4,STA,WIFI_DROP,
9.6088,4,STA,WIFI_DROP,
9.6112,4,STA,WIFI_DROP,
9.6136,4,STA,WIFI_DROP,
9.616,4,STA,WIFI_DROP,
9.6184,4,STA,WIFI_DROP,
9.6208,4,STA,WIFI_DROP,
9.6208,7,STA,WIFI_DROP,
9.6232,4,STA,WIFI_DROP,
9.6232,7,STA,WIFI_DROP,
9.6256,4,STA,WIFI_DROP,
9.6256,7,STA,WIFI_DROP,
9.628,4,STA,WIFI_DROP,
9.628,7,STA,WIFI_DROP,
9.6304,4,STA,WIFI_DROP,
9.6304,7,STA,WIFI_DROP,
9.6328,4,STA,WIFI_DROP,
9.6328,7,STA,WIFI_DROP,
9.6352,4,STA,WIFI_DROP,
9.6352,7,STA,WIFI_DROP,
9.6376,4,STA,WIFI_DROP,
9.6376,7,STA,WIFI_DROP,
9.64,4,STA,WIFI_DROP,
9.64,7,STA,WIFI_DROP,
9.6424,4,STA,WIFI_DROP,
9.6424,7,STA,WIFI_DROP,
9.6448,4,STA,WIFI_DROP,
9.6448,7,STA,WIFI_DROP,
9.6472,4,STA,WIFI_DROP,
9.6472,7,STA,WIFI_DROP,
9.6496,4,STA,WIFI_DROP,
9.6496,7,STA,WIFI_DROP,
9.652,4,STA,WIFI_DROP,
9.652,7,STA,WIFI_DROP,
9.6544,4,STA,WIFI_DROP,
9.6544,7,STA,WIFI_DROP,
9.6568,4,STA,WIFI_DROP,
9.6568,7,STA,WIFI_DROP,
9.6592,4,STA,WIFI_DROP,
9.6592,7,STA,WIFI_DROP,
9.6616,4,STA,WIFI_DROP,
9.6616,7,STA,WIFI_DROP,
9.664,4,STA,WIFI_DROP,
9.664,7,STA,WIFI_DROP,
9.6664,4,STA,WIFI_DROP,
9.6664,7,STA,WIFI_DROP,
9.6688,4,STA,WIFI_DROP,
9.6688,7,STA,WIFI_DROP,
9.6712,4,STA,WIFI_DROP,
9.6712,7,STA,WIFI_DROP,
9.6736,4,STA,WIFI_DROP,
9.6736,7,STA,WIFI_DROP,
9.676,4,STA,WIFI_DROP,
9.676,7,STA,WIFI_DROP,
9.6784,4,STA,WIFI_DROP,
9.6784,7,STA,WIFI_DROP,
9.6808,4,STA,WIFI_DROP,
9.6808,7,STA,WIFI_DROP,
9.6832,4,STA,WIFI_DROP,
9.6832,7,STA,WIFI_DROP,
9.6856,4,STA,WIFI_DROP,
9.6856,7,STA,WIFI_DROP,
9.688,4,STA,WIFI_DROP,
9.688,7,STA,WIFI_DROP,
9.6904,4,STA,WIFI_DROP,
9.6904,7,STA,WIFI_DROP,
9.6928,4,STA,WIFI_DROP,
9.6928,7,STA,WIFI_DROP,
9.6952,4,STA,WIFI_DROP,
9.6952,7,STA,WIFI_DROP,
9.6976,4,STA,WIFI_DROP,
9.6976,7,STA,WIFI_DROP,
9.7,4,STA,WIFI_DROP,
9.7,7,STA,WIFI_DROP,
9.7024,4,STA,WIFI_DROP,
9.7024,7,STA,WIFI_DROP,
9.7048,4,STA,WIFI_DROP,
9.7048,7,STA,WIFI_DROP,
9.7072,4,STA,WIFI_DROP,
9.7072,7,STA,WIFI_DROP,
9.7096,4,STA,WIFI_DROP,
9.7096,7,STA,WIFI_DROP,
9.712,4,STA,WIFI_DROP,
9.712,7,STA,WIFI_DROP,
9.7144,4,STA,WIFI_DROP,
9.7144,7,STA,WIFI_DROP,
9.7168,4,STA,WIFI_DROP,
9.7168,7,STA,WIFI_DROP,
9.7192,4,STA,WIFI_DROP,
9.7192,7,STA,WIFI_DROP,
9.7216,4,STA,WIFI_DROP,
9.7216,7,STA,WIFI_DROP,
9.724,4,STA,WIFI_DROP,
9.724,7,STA,WIFI_DROP,
9.7264,4,STA,WIFI_DROP,
9.7264,7,STA,WIFI_DROP,
9.7288,4,STA,WIFI_DROP,
9.7288,7,STA,WIFI_DROP,
9.7312,4,STA,WIFI_DROP,
9.7312,7,STA,WIFI_DROP,
9.7336,4,STA,WIFI_DROP,
9.7336,7,STA,WIFI_DROP,
9.736,4,STA,WIFI_DROP,
9.736,7,STA,WIFI_DROP,
9.7384,4,STA,WIFI_DROP,
9.7384,7,STA,WIFI_DROP,
9.7408,4,STA,WIFI_DROP,
9.7408,7,STA,WIFI_DROP,
9.7432,4,STA,WIFI_DROP,
9.7432,7,STA,WIFI_DROP,
9.7456,4,STA,WIFI_DROP,
9.7456,7,STA,WIFI_DROP,
9.748,4,STA,WIFI_DROP,
9.748,7,STA,WIFI_DROP,
9.7504,4,STA,WIFI_DROP,
9.7504,7,STA,WIFI_DROP,
9.7528,4,STA,WIFI_DROP,
9.7528,7,STA,WIFI_DROP,
9.7552,4,STA,WIFI_DROP,
9.7552,7,STA,WIFI_DROP,
9.7576,4,STA,WIFI_DROP,
9.7576,7,STA,WIFI_DROP,
9.76,4,STA,WIFI_DROP,
9.76,7,STA,WIFI_DROP,
9.7624,4,STA,WIFI_DROP,
9.7624,7,STA,WIFI_DROP,
9.7648,4,STA,WIFI_DROP,
9.7648,7,STA,WIFI_DROP,
9.7672,4,STA,WIFI_DROP,
9.7672,7,STA,WIFI_DROP,
9.7696,4,STA,WIFI_DROP,
9.7696,7,STA,WIFI_DROP,
9.772,4,STA,WIFI_DROP,
9.772,7,STA,WIFI_DROP,
9.7744,4,STA,WIFI_DROP,
9.7744,7,STA,WIFI_DROP,
9.7768,4,STA,WIFI_DROP,
9.7768,7,STA,WIFI_DROP,
9.7792,4,STA,WIFI_DROP,
9.7792,7,STA,WIFI_DROP,
9.7816,4,STA,WIFI_DROP,
9.7816,7,STA,WIFI_DROP,
9.784,4,STA,WIFI_DROP,
9.784,7,STA,WIFI_DROP,
9.7864,4,STA,WIFI_DROP,
9.7864,7,STA,WIFI_DROP,
9.7888,4,STA,WIFI_DROP,
9.7888,7,STA,WIFI_DROP,
9.7912,4,STA,WIFI_DROP,
9.7912,7,STA,WIFI_DROP,
9.7936,4,STA,WIFI_DROP,
9.7936,7,STA,WIFI_DROP,
9.796,4,STA,WIFI_DROP,
9.796,7,STA,WIFI_DROP,
9.7984,4,STA,WIFI_DROP,
9.7984,7,STA,WIFI_DROP,
9.8008,4,STA,WIFI_DROP,
9.8008,7,STA,WIFI_DROP,
9.8032,4,STA,WIFI_DROP,
9.8032,7,STA,WIFI_DROP,
9.8056,4,STA,WIFI_DROP,
9.8056,7,STA,WIFI_DROP,
9.808,4,STA,WIFI_DROP,
9.808,7,STA,WIFI_DROP,
9.8104,4,STA,WIFI_DROP,
9.8104,7,STA,WIFI_DROP,
9.8128,4,STA,WIFI_DROP,
9.8128,7,STA,WIFI_DROP,
9.8152,4,STA,WIFI_DROP,
9.8152,7,STA,WIFI_DROP,
9.8176,4,STA,WIFI_DROP,
9.8176,7,STA,WIFI_DROP,
9.82,4,STA,WIFI_DROP,
9.82,7,STA,WIFI_DROP,
9.8224,4,STA,WIFI_DROP,
9.8224,7,STA,WIFI_DROP,
9.8248,4,STA,WIFI_DROP,
9.8248,7,STA,WIFI_DROP,
9.8272,4,STA,WIFI_DROP,
9.8272,7,STA,WIFI_DROP,
9.8296,4,STA,WIFI_DROP,
9.8296,7,STA,WIFI_DROP,
9.832,4,STA,WIFI_DROP,
9.832,7,STA,WIFI_DROP,
9.8344,4,STA,WIFI_DROP,
9.8344,7,STA,WIFI_DROP,
9.8368,4,STA,WIFI_DROP,
9.8368,7,STA,WIFI_DROP,
9.8392,4,STA,WIFI_DROP,
9.8392,7,STA,WIFI_DROP,
9.8416,4,STA,WIFI_DROP,
9.8416,7,STA,WIFI_DROP,
9.844,4,STA,WIFI_DROP,
9.844,7,STA,WIFI_DROP,
9.8464,4,STA,WIFI_DROP,
9.8464,7,STA,WIFI_DROP,
9.8488,4,STA,WIFI_DROP,
9.8488,7,STA,WIFI_DROP,
9.8512,4,STA,WIFI_DROP,
9.8512,7,STA,WIFI_DROP,
9.8536,4,STA,WIFI_DROP,
9.8536,7,STA,WIFI_DROP,
9.856,4,STA,WIFI_DROP,
9.856,7,STA,WIFI_DROP,
9.8584,4,STA,WIFI_DROP,
9.8584,7,STA,WIFI_DROP,
9.8608,4,STA,WIFI_DROP,
9.8608,7,STA,WIFI_DROP,
9.8632,4,STA,WIFI_DROP,
9.8632,7,STA,WIFI_DROP,
9.8656,4,STA,WIFI_DROP,
9.8656,7,STA,WIFI_DROP,
9.868,4,STA,WIFI_DROP,
9.868,7,STA,WIFI_DROP,
9.8704,4,STA,WIFI_DROP,
9.8704,7,STA,WIFI_DROP,
9.8728,4,STA,WIFI_DROP,
9.8728,7,STA,WIFI_DROP,
9.8752,4,STA,WIFI_DROP,
9.8752,7,STA,WIFI_DROP,
9.8776,4,STA,WIFI_DROP,
9.8776,7,STA,WIFI_DROP,
9.88,4,STA,WIFI_DROP,
9.88,7,STA,WIFI_DROP,
9.8824,4,STA,WIFI_DROP,
9.8824,7,STA,WIFI_DROP,
9.8848,4,STA,WIFI_DROP,
9.8848,7,STA,WIFI_DROP,
9.8872,4,STA,WIFI_DROP,
9.8872,7,STA,WIFI_DROP,
9.8896,4,STA,WIFI_DROP,
9.8896,7,STA,WIFI_DROP,
9.892,4,STA,WIFI_DROP,
9.892,7,STA,WIFI_DROP,
9.8944,4,STA,WIFI_DROP,
9.8944,7,STA,WIFI_DROP,
9.8968,4,STA,WIFI_DROP,
9.8968,7,STA,WIFI_DROP,
9.8992,4,STA,WIFI_DROP,
9.8992,7,STA,WIFI_DROP,
9.9016,4,STA,WIFI_DROP,
9.9016,7,STA,WIFI_DROP,
9.904,4,STA,WIFI_DROP,
9.904,7,STA,WIFI_DROP,
9.9064,4,STA,WIFI_DROP,
9.9064,7,STA,WIFI_DROP,
9.9088,4,STA,WIFI_DROP,
9.9088,7,STA,WIFI_DROP,
9.9112,4,STA,WIFI_DROP,
9.9112,7,STA,WIFI_DROP,
9.9136,4,STA,WIFI_DROP,
9.9136,7,STA,WIFI_DROP,
9.916,4,STA,WIFI_DROP,
9.916,7,STA,WIFI_DROP,
9.9184,4,STA,WIFI_DROP,
9.9184,7,STA,WIFI_DROP,
9.9208,4,STA,WIFI_DROP,
9.9208,7,STA,WIFI_DROP,
9.9232,4,STA,WIFI_DROP,
9.9232,7,STA,WIFI_DROP,
9.9256,4,STA,WIFI_DROP,
9.9256,7,STA,WIFI_DROP,
9.928,4,STA,WIFI_DROP,
9.928,7,STA,WIFI_DROP,
9.9304,4,STA,WIFI_DROP,
9.9304,7,STA,WIFI_DROP,
9.9328,4,STA,WIFI_DROP,
9.9328,7,STA,WIFI_DROP,
9.9352,4,STA,WIFI_DROP,
9.9352,7,STA,WIFI_DROP,
9.9376,4,STA,WIFI_DROP,
9.9376,7,STA,WIFI_DROP,
9.94,4,STA,WIFI_DROP,
9.94,7,STA,WIFI_DROP,
9.9424,4,STA,WIFI_DROP,
9.9424,7,STA,WIFI_DROP,
9.9448,4,STA,WIFI_DROP,
9.9448,7,STA,WIFI_DROP,
9.9472,4,STA,WIFI_DROP,
9.9472,7,STA,WIFI_DROP,
9.9496,4,STA,WIFI_DROP,
9.9496,7,STA,WIFI_DROP,
9.952,4,STA,WIFI_DROP,
9.952,7,STA,WIFI_DROP,
9.9544,4,STA,WIFI_DROP,
9.9544,7,STA,WIFI_DROP,
9.9568,4,STA,WIFI_DROP,
9.9568,7,STA,WIFI_DROP,
9.9592,4,STA,WIFI_DROP,
9.9592,7,STA,WIFI_DROP,
9.9616,4,STA,WIFI_DROP,
9.9616,7,STA,WIFI_DROP,
9.964,4,STA,WIFI_DROP,
9.964,7,STA,WIFI_DROP,
9.9664,4,STA,WIFI_DROP,
9.9664,7,STA,WIFI_DROP,
9.9688,4,STA,WIFI_DROP,
9.9688,7,STA,WIFI_DROP,
9.9712,4,STA,WIFI_DROP,
9.9712,7,STA,WIFI_DROP,
9.9736,4,STA,WIFI_DROP,
9.9736,7,STA,WIFI_DROP,
9.976,4,STA,WIFI_DROP,
9.976,7,STA,WIFI_DROP,
9.9784,4,STA,WIFI_DROP,
9.9784,7,STA,WIFI_DROP,
9.9808,4,STA,WIFI_DROP,
9.9808,7,STA,WIFI_DROP,
9.9832,4,STA,WIFI_DROP,
9.9832,7,STA,WIFI_DROP,
9.9856,4,STA,WIFI_DROP,
9.9856,7,STA,WIFI_DROP,
9.988,4,STA,WIFI_DROP,
9.988,7,STA,WIFI_DROP,
9.9904,4,STA,WIFI_DROP,
9.9904,7,STA,WIFI_DROP,
9.9928,4,STA,WIFI_DROP,
9.9928,7,STA,WIFI_DROP,
9.9952,4,STA,WIFI_DROP,
9.9952,7,STA,WIFI_DROP,
9.9976,4,STA,WIFI_DROP,
9.9976,7,STA,WIFI_DROP,
10,4,STA,THROUGHPUT_MBPS,3.168000
10,5,STA,THROUGHPUT_MBPS,0.996000
10,8,STA,THROUGHPUT_MBPS,0.852000
10,9,STA,THROUGHPUT_MBPS,1.044000
10,10,STA,THROUGHPUT_MBPS,2.808000
10,11,STA,THROUGHPUT_MBPS,1.980000
10,12,STA,THROUGHPUT_MBPS,1.620000
10,14,STA,THROUGHPUT_MBPS,1.080000
10,15,STA,THROUGHPUT_MBPS,1.416000
10,16,STA,THROUGHPUT_MBPS,3.576000
10,17,STA,THROUGHPUT_MBPS,3.036000
10,18,STA,THROUGHPUT_MBPS,4.608000
10,20,STA,THROUGHPUT_MBPS,2.052000
10,21,STA,THROUGHPUT_MBPS,3.036000
10,1,AP,AGGREGATE_THROUGHPUT_MBPS,31.272000
10,1,AP,SENT_COUNT,8320.000000
10,1,AP,RECV_COUNT,2606.000000
10,1,AP,LATENCY_P95_MS,537.982273
10,4,STA,WIFI_DROP,
10,7,STA,WIFI_DROP,
10.0024,4,STA,WIFI_DROP,
10.0024,7,STA,WIFI_DROP,
10.0048,4,STA,WIFI_DROP,
10.0048,7,STA,WIFI_DROP,
10.0072,4,STA,WIFI_DROP,
10.0072,7,STA,WIFI_DROP,
10.0096,4,STA,WIFI_DROP,
10.0096,7,STA,WIFI_DROP,
10.012,4,STA,WIFI_DROP,
10.012,7,STA,WIFI_DROP,
10.0144,4,STA,WIFI_DROP,
10.0144,7,STA,WIFI_DROP,
10.0168,4,STA,WIFI_DROP,
10.0168,7,STA,WIFI_DROP,
10.0192,7,STA,WIFI_DROP,
10.0216,7,STA,WIFI_DROP,
10.024,7,STA,WIFI_DROP,
10.0264,7,STA,WIFI_DROP,
10.0288,7,STA,WIFI_DROP,
10.0312,7,STA,WIFI_DROP,
10.0336,7,STA,WIFI_DROP,
10.036,7,STA,WIFI_DROP,
10.0384,7,STA,WIFI_DROP,
10.0408,7,STA,WIFI_DROP,
10.0432,7,STA,WIFI_DROP,
10.0456,7,STA,WIFI_DROP,
10.048,7,STA,WIFI_DROP,
10.0504,7,STA,WIFI_DROP,
10.0528,7,STA,WIFI_DROP,
10.0552,7,STA,WIFI_DROP,
10.0576,7,STA,WIFI_DROP,
10.06,7,STA,WIFI_DROP,
10.0624,7,STA,WIFI_DROP,
10.0648,7,STA,WIFI_DROP,
10.0672,7,STA,WIFI_DROP,
10.0696,7,STA,WIFI_DROP,
10.072,7,STA,WIFI_DROP,
10.0744,7,STA,WIFI_DROP,
10.0768,7,STA,WIFI_DROP,
10.0792,7,STA,WIFI_DROP,
10.0816,7,STA,WIFI_DROP,
10.084,7,STA,WIFI_DROP,
10.0864,7,STA,WIFI_DROP,
10.0888,7,STA,WIFI_DROP,
10.0912,7,STA,WIFI_DROP,
10.0936,7,STA,WIFI_DROP,
10.096,7,STA,WIFI_DROP,
10.0984,7,STA,WIFI_DROP,
10.1008,7,STA,WIFI_DROP,
10.1032,7,STA,WIFI_DROP,
10.1056,7,STA,WIFI_DROP,
10.108,7,STA,WIFI_DROP,
10.1104,7,STA,WIFI_DROP,
10.1128,7,STA,WIFI_DROP,
10.1152,7,STA,WIFI_DROP,
10.1176,7,STA,WIFI_DROP,
10.12,7,STA,WIFI_DROP,
10.1224,7,STA,WIFI_DROP,
10.1248,7,STA,WIFI_DROP,
10.1272,7,STA,WIFI_DROP,
10.1296,7,STA,WIFI_DROP,
10.132,7,STA,WIFI_DROP,
10.1344,7,STA,WIFI_DROP,
10.1368,7,STA,WIFI_DROP,
10.1392,7,STA,WIFI_DROP,
10.1416,7,STA,WIFI_DROP,
10.144,7,STA,WIFI_DROP,
10.1464,7,STA,WIFI_DROP,
10.1488,7,STA,WIFI_DROP,
10.1512,7,STA,WIFI_DROP,
10.1536,7,STA,WIFI_DROP,
10.156,7,STA,WIFI_DROP,
10.1584,7,STA,WIFI_DROP,
10.1608,7,STA,WIFI_DROP,
10.1632,7,STA,WIFI_DROP,
10.1656,7,STA,WIFI_DROP,
10.168,7,STA,WIFI_DROP,
10.1704,7,STA,WIFI_DROP,
10.1728,7,STA,WIFI_DROP,
10.7488,10,STA,WIFI_DROP,
10.7512,10,STA,WIFI_DROP,
10.7536,10,STA,WIFI_DROP,
10.756,10,STA,WIFI_DROP,
10.7584,10,STA,WIFI_DROP,
10.7608,10,STA,WIFI_DROP,
10.7632,10,STA,WIFI_DROP,
10.7656,10,STA,WIFI_DROP,
10.768,10,STA,WIFI_DROP,
10.7704,10,STA,WIFI_DROP,
10.7728,10,STA,WIFI_DROP,
10.7752,10,STA,WIFI_DROP,
10.7776,10,STA,WIFI_DROP,
10.78,10,STA,WIFI_DROP,
10.7824,10,STA,WIFI_DROP,
10.7848,10,STA,WIFI_DROP,
10.7872,10,STA,WIFI_DROP,
10.7896,10,STA,WIFI_DROP,
10.792,10,STA,WIFI_DROP,
10.7944,10,STA,WIFI_DROP,
10.7968,10,STA,WIFI_DROP,
10.7992,10,STA,WIFI_DROP,
10.8016,10,STA,WIFI_DROP,
10.804,10,STA,WIFI_DROP,
11,4,STA,THROUGHPUT_MBPS,2.040000
11,5,STA,THROUGHPUT_MBPS,1.932000
11,7,STA,THROUGHPUT_MBPS,3.804000
11,9,STA,THROUGHPUT_MBPS,0.684000
11,10,STA,THROUGHPUT_MBPS,4.272000
11,11,STA,THROUGHPUT_MBPS,1.752000
11,12,STA,THROUGHPUT_MBPS,3.984000
11,14,STA,THROUGHPUT_MBPS,1.764000
11,15,STA,THROUGHPUT_MBPS,1.116000
11,16,STA,THROUGHPUT_MBPS,2.088000
11,17,STA,THROUGHPUT_MBPS,2.844000
11,18,STA,THROUGHPUT_MBPS,2.724000
11,20,STA,THROUGHPUT_MBPS,1.692000
11,21,STA,THROUGHPUT_MBPS,1.404000
11,1,AP,AGGREGATE_THROUGHPUT_MBPS,32.100000
11,1,AP,SENT_COUNT,8340.000000
11,1,AP,RECV_COUNT,2675.000000
11,1,AP,LATENCY_P95_MS,539.717904
11.0536,11,STA,WIFI_DROP,
11.056,11,STA,WIFI_DROP,
11.0584,11,STA,WIFI_DROP,
11.0608,11,STA,WIFI_DROP,
11.0632,11,STA,WIFI_DROP,
11.0656,11,STA,WIFI_DROP,
11.068,11,STA,WIFI_DROP,
11.0704,11,STA,WIFI_DROP,
11.0728,11,STA,WIFI_DROP,
11.0752,11,STA,WIFI_DROP,
11.0776,11,STA,WIFI_DROP,
11.08,11,STA,WIFI_DROP,
11.0824,11,STA,WIFI_DROP,
11.0848,11,STA,WIFI_DROP,
11.0872,11,STA,WIFI_DROP,
11.0896,11,STA,WIFI_DROP,
11.092,11,STA,WIFI_DROP,
11.0944,11,STA,WIFI_DROP,
11.0968,11,STA,WIFI_DROP,
11.0992,11,STA,WIFI_DROP,
11.1016,11,STA,WIFI_DROP,
11.104,11,STA,WIFI_DROP,
11.1064,11,STA,WIFI_DROP,
11.1088,11,STA,WIFI_DROP,
11.1112,11,STA,WIFI_DROP,
11.1136,11,STA,WIFI_DROP,
11.116,11,STA,WIFI_DROP,
11.1184,11,STA,WIFI_DROP,
11.1208,11,STA,WIFI_DROP,
11.1232,11,STA,WIFI_DROP,
11.1256,11,STA,WIFI_DROP,
11.128,11,STA,WIFI_DROP,
11.1304,11,STA,WIFI_DROP,
11.1328,11,STA,WIFI_DROP,
11.1352,11,STA,WIFI_DROP,
11.1376,11,STA,WIFI_DROP,
11.14,11,STA,WIFI_DROP,
11.1424,11,STA,WIFI_DROP,
11.1448,11,STA,WIFI_DROP,
11.1472,11,STA,WIFI_DROP,
11.1496,11,STA,WIFI_DROP,
11.152,11,STA,WIFI_DROP,
11.1544,11,STA,WIFI_DROP,
11.1568,11,STA,WIFI_DROP,
11.1592,11,STA,WIFI_DROP,
11.1592,19,STA,WIFI_DROP,
11.1616,11,STA,WIFI_DROP,
11.1616,19,STA,WIFI_DROP,
11.164,11,STA,WIFI_DROP,
11.164,19,STA,WIFI_DROP,
11.1664,11,STA,WIFI_DROP,
11.1664,19,STA,WIFI_DROP,
11.1688,11,STA,WIFI_DROP,
11.1688,19,STA,WIFI_DROP,
11.1712,11,STA,WIFI_DROP,
11.1712,19,STA,WIFI_DROP,
11.1736,11,STA,WIFI_DROP,
11.1736,19,STA,WIFI_DROP,
11.176,11,STA,WIFI_DROP,
11.176,19,STA,WIFI_DROP,
11.1784,11,STA,WIFI_DROP,
11.1784,19,STA,WIFI_DROP,
11.1808,11,STA,WIFI_DROP,
11.1808,19,STA,WIFI_DROP,
11.1832,11,STA,WIFI_DROP,
11.1832,19,STA,WIFI_DROP,
11.1856,11,STA,WIFI_DROP,
11.1856,19,STA,WIFI_DROP,
11.188,11,STA,WIFI_DROP,
11.188,19,STA,WIFI_DROP,
11.1904,11,STA,WIFI_DROP,
11.1904,19,STA,WIFI_DROP,
11.1928,11,STA,WIFI_DROP,
11.1928,19,STA,WIFI_DROP,
11.1952,11,STA,WIFI_DROP,
11.1952,19,STA,WIFI_DROP,
11.1976,11,STA,WIFI_DROP,
11.1976,19,STA,WIFI_DROP,
11.2,11,STA,WIFI_DROP,
11.2,19,STA,WIFI_DROP,
11.2024,11,STA,WIFI_DROP,
11.2024,19,STA,WIFI_DROP,
11.2048,11,STA,WIFI_DROP,
11.2048,19,STA,WIFI_DROP,
11.2072,11,STA,WIFI_DROP,
11.2072,19,STA,WIFI_DROP,
11.2096,11,STA,WIFI_DROP,
11.2096,19,STA,WIFI_DROP,
11.212,11,STA,WIFI_DROP,
11.212,19,STA,WIFI_DROP,
11.2144,11,STA,WIFI_DROP,
11.2144,19,STA,WIFI_DROP,
11.2168,11,STA,WIFI_DROP,
11.2168,19,STA,WIFI_DROP,
11.2192,11,STA,WIFI_DROP,
11.2192,19,STA,WIFI_DROP,
11.2216,11,STA,WIFI_DROP,
11.2216,19,STA,WIFI_DROP,
11.224,11,STA,WIFI_DROP,
11.224,19,STA,WIFI_DROP,
11.2264,11,STA,WIFI_DROP,
11.2264,19,STA,WIFI_DROP,
11.2288,11,STA,WIFI_DROP,
11.2288,19,STA,WIFI_DROP,
11.2312,11,STA,WIFI_DROP,
11.2312,19,STA,WIFI_DROP,
11.2336,11,STA,WIFI_DROP,
11.2336,19,STA,WIFI_DROP,
11.236,11,STA,WIFI_DROP,
11.236,19,STA,WIFI_DROP,
11.2384,11,STA,WIFI_DROP,
11.2384,19,STA,WIFI_DROP,
11.2408,11,STA,WIFI_DROP,
11.2408,19,STA,WIFI_DROP,
11.2432,11,STA,WIFI_DROP,
11.2432,19,STA,WIFI_DROP,
11.2456,11,STA,WIFI_DROP,
11.2456,19,STA,WIFI_DROP,
11.248,11,STA,WIFI_DROP,
11.248,19,STA,WIFI_DROP,
11.2504,11,STA,WIFI_DROP,
11.2504,19,STA,WIFI_DROP,
11.2528,11,STA,WIFI_DROP,
11.2528,19,STA,WIFI_DROP,
11.2552,11,STA,WIFI_DROP,
11.2552,19,STA,WIFI_DROP,
11.2576,11,STA,WIFI_DROP,
11.2576,19,STA,WIFI_DROP,
11.26,11,STA,WIFI_DROP,
11.2624,11,STA,WIFI_DROP,
11.2648,11,STA,WIFI_DROP,
11.2672,11,STA,WIFI_DROP,
11.2696,11,STA,WIFI_DROP,
11.272,11,STA,WIFI_DROP,
11.2744,11,STA,WIFI_DROP,
11.2768,11,STA,WIFI_DROP,
11.2792,11,STA,WIFI_DROP,
11.2816,11,STA,WIFI_DROP,
11.284,11,STA,WIFI_DROP,
11.2864,11,STA,WIFI_DROP,
11.2888,11,STA,WIFI_DROP,
11.2912,11,STA,WIFI_DROP,
11.2936,11,STA,WIFI_DROP,
11.296,11,STA,WIFI_DROP,
11.2984,11,STA,WIFI_DROP,
11.3008,11,STA,WIFI_DROP,
11.3032,11,STA,WIFI_DROP,
11.3056,11,STA,WIFI_DROP,
11.308,11,STA,WIFI_DROP,
11.3104,11,STA,WIFI_DROP,
11.3128,11,STA,WIFI_DROP,
11.3152,11,STA,WIFI_DROP,
11.3176,11,STA,WIFI_DROP,
11.32,11,STA,WIFI_DROP,
11.3224,11,STA,WIFI_DROP,
11.3248,11,STA,WIFI_DROP,
11.3272,11,STA,WIFI_DROP,
11.3296,11,STA,WIFI_DROP,
11.332,11,STA,WIFI_DROP,
11.3344,11,STA,WIFI_DROP,
11.3368,11,STA,WIFI_DROP,
11.3392,11,STA,WIFI_DROP,
11.3416,11,STA,WIFI_DROP,
11.344,11,STA,WIFI_DROP,
11.3464,11,STA,WIFI_DROP,
11.3488,11,STA,WIFI_DROP,
11.3512,11,STA,WIFI_DROP,
11.3536,11,STA,WIFI_DROP,
11.356,11,STA,WIFI_DROP,
11.3584,11,STA,WIFI_DROP,
11.3608,11,STA,WIFI_DROP,
11.3632,11,STA,WIFI_DROP,
11.3656,11,STA,WIFI_DROP,
11.368,11,STA,WIFI_DROP,
11.3704,11,STA,WIFI_DROP,
11.3728,11,STA,WIFI_DROP,
11.3752,11,STA,WIFI_DROP,
11.3776,11,STA,WIFI_DROP,
11.38,11,STA,WIFI_DROP,
11.3824,11,STA,WIFI_DROP,
11.3848,11,STA,WIFI_DROP,
11.3872,11,STA,WIFI_DROP,
11.3896,11,STA,WIFI_DROP,
11.392,11,STA,WIFI_DROP,
11.3944,11,STA,WIFI_DROP,
11.3968,11,STA,WIFI_DROP,
11.3992,11,STA,WIFI_DROP,
11.4016,11,STA,WIFI_DROP,
11.404,11,STA,WIFI_DROP,
11.4064,11,STA,WIFI_DROP,
11.4088,11,STA,WIFI_DROP,
11.4112,11,STA,WIFI_DROP,
11.4136,11,STA,WIFI_DROP,
11.416,11,STA,WIFI_DROP,
11.4184,11,STA,WIFI_DROP,
11.4208,11,STA,WIFI_DROP,
11.4232,11,STA,WIFI_DROP,
11.4256,11,STA,WIFI_DROP,
11.428,11,STA,WIFI_DROP,
11.4304,11,STA,WIFI_DROP,
11.4328,11,STA,WIFI_DROP,
11.4352,11,STA,WIFI_DROP,
11.4376,11,STA,WIFI_DROP,
11.44,11,STA,WIFI_DROP,
11.4424,11,STA,WIFI_DROP,
11.4448,11,STA,WIFI_DROP,
11.4472,11,STA,WIFI_DROP,
11.4496,11,STA,WIFI_DROP,
11.452,11,STA,WIFI_DROP,
11.4544,11,STA,WIFI_DROP,
11.4568,11,STA,WIFI_DROP,
11.4592,11,STA,WIFI_DROP,
11.4616,11,STA,WIFI_DROP,
11.464,11,STA,WIFI_DROP,
11.4664,11,STA,WIFI_DROP,
11.4688,11,STA,WIFI_DROP,
11.4712,11,STA,WIFI_DROP,
11.4736,11,STA,WIFI_DROP,
11.476,11,STA,WIFI_DROP,
11.4784,11,STA,WIFI_DROP,
11.4808,11,STA,WIFI_DROP,
11.4832,11,STA,WIFI_DROP,
11.4856,11,STA,WIFI_DROP,
11.488,11,STA,WIFI_DROP,
11.4904,11,STA,WIFI_DROP,
11.4928,11,STA,WIFI_DROP,
11.4952,11,STA,WIFI_DROP,
11.4976,11,STA,WIFI_DROP,
11.5,11,STA,WIFI_DROP,
11.5024,11,STA,WIFI_DROP,
11.5048,11,STA,WIFI_DROP,
11.5072,11,STA,WIFI_DROP,
11.5096,11,STA,WIFI_DROP,
11.512,11,STA,WIFI_DROP,
11.5144,11,STA,WIFI_DROP,
11.5168,11,STA,WIFI_DROP,
11.5192,11,STA,WIFI_DROP,
11.5216,11,STA,WIFI_DROP,
11.524,11,STA,WIFI_DROP,
11.5264,11,STA,WIFI_DROP,
11.5288,11,STA,WIFI_DROP,
11.5312,11,STA,WIFI_DROP,
11.5336,11,STA,WIFI_DROP,
11.536,11,STA,WIFI_DROP,
11.5384,11,STA,WIFI_DROP,
11.5408,11,STA,WIFI_DROP,
11.5432,11,STA,WIFI_DROP,
11.5456,11,STA,WIFI_DROP,
11.548,11,STA,WIFI_DROP,
11.5504,11,STA,WIFI_DROP,
11.5528,11,STA,WIFI_DROP,
11.5552,11,STA,WIFI_DROP,
11.5576,11,STA,WIFI_DROP,
11.56,11,STA,WIFI_DROP,
11.5624,11,STA,WIFI_DROP,
11.5648,11,STA,WIFI_DROP,
11.5672,11,STA,WIFI_DROP,
11.5696,11,STA,WIFI_DROP,
11.572,11,STA,WIFI_DROP,
11.5744,11,STA,WIFI_DROP,
11.5768,11,STA,WIFI_DROP,
11.5792,11,STA,WIFI_DROP,
11.5816,11,STA,WIFI_DROP,
11.584,11,STA,WIFI_DROP,
11.5864,11,STA,WIFI_DROP,
11.5888,11,STA,WIFI_DROP,
11.5912,11,STA,WIFI_DROP,
11.5936,11,STA,WIFI_DROP,
11.596,11,STA,WIFI_DROP,
11.5984,11,STA,WIFI_DROP,
11.6008,11,STA,WIFI_DROP,
11.6032,11,STA,WIFI_DROP,
11.6056,11,STA,WIFI_DROP,
11.668,3,STA,WIFI_DROP,
11.6704,3,STA,WIFI_DROP,
11.6728,3,STA,WIFI_DROP,
11.6752,3,STA,WIFI_DROP,
11.6776,3,STA,WIFI_DROP,
11.68,3,STA,WIFI_DROP,
11.6824,3,STA,WIFI_DROP,
11.6848,3,STA,WIFI_DROP,
11.6872,3,STA,WIFI_DROP,
11.6896,3,STA,WIFI_DROP,
11.692,3,STA,WIFI_DROP,
11.6944,3,STA,WIFI_DROP,
11.6968,3,STA,WIFI_DROP,
11.6992,3,STA,WIFI_DROP,
11.7016,3,STA,WIFI_DROP,
11.704,3,STA,WIFI_DROP,
11.7064,3,STA,WIFI_DROP,
11.7088,3,STA,WIFI_DROP,
11.7112,3,STA,WIFI_DROP,
11.7136,3,STA,WIFI_DROP,
11.716,3,STA,WIFI_DROP,
11.7184,3,STA,WIFI_DROP,
11.7208,3,STA,WIFI_DROP,
11.7232,3,STA,WIFI_DROP,
11.7256,3,STA,WIFI_DROP,
11.728,3,STA,WIFI_DROP,
11.7304,3,STA,WIFI_DROP,
11.7328,3,STA,WIFI_DROP,
11.7352,3,STA,WIFI_DROP,
11.7376,3,STA,WIFI_DROP,
11.74,3,STA,WIFI_DROP,
11.7424,3,STA,WIFI_DROP,
11.7448,3,STA,WIFI_DROP,
11.7472,3,STA,WIFI_DROP,
11.7496,3,STA,WIFI_DROP,
11.752,3,STA,WIFI_DROP,
11.7544,3,STA,WIFI_DROP,
11.7568,3,STA,WIFI_DROP,
11.7592,3,STA,WIFI_DROP,
11.7616,3,STA,WIFI_DROP,
11.764,3,STA,WIFI_DROP,
11.7664,3,STA,WIFI_DROP,
11.7688,3,STA,WIFI_DROP,
11.7712,3,STA,WIFI_DROP,
11.7736,3,STA,WIFI_DROP,
11.776,3,STA,WIFI_DROP,
11.7784,3,STA,WIFI_DROP,
11.7808,3,STA,WIFI_DROP,
11.7832,3,STA,WIFI_DROP,
11.7856,3,STA,WIFI_DROP,
11.788,3,STA,WIFI_DROP,
11.7904,3,STA,WIFI_DROP,
11.7928,3,STA,WIFI_DROP,
11.7952,3,STA,WIFI_DROP,
11.7976,3,STA,WIFI_DROP,
11.8,3,STA,WIFI_DROP,
11.8024,3,STA,WIFI_DROP,
11.8048,3,STA,WIFI_DROP,
11.8072,3,STA,WIFI_DROP,
11.8096,3,STA,WIFI_DROP,
11.812,3,STA,WIFI_DROP,
11.8144,3,STA,WIFI_DROP,
11.8168,3,STA,WIFI_DROP,
11.8192,3,STA,WIFI_DROP,
11.8216,3,STA,WIFI_DROP,
11.824,3,STA,WIFI_DROP,
11.8264,3,STA,WIFI_DROP,
11.8288,3,STA,WIFI_DROP,
11.8312,3,STA,WIFI_DROP,
11.8336,3,STA,WIFI_DROP,
11.836,3,STA,WIFI_DROP,
11.8384,3,STA,WIFI_DROP,
11.8408,3,STA,WIFI_DROP,
11.8432,3,STA,WIFI_DROP,
11.8456,3,STA,WIFI_DROP,
11.848,3,STA,WIFI_DROP,
11.8504,3,STA,WIFI_DROP,
11.8528,3,STA,WIFI_DROP,
11.8552,3,STA,WIFI_DROP,
11.8576,3,STA,WIFI_DROP,
11.86,3,STA,WIFI_DROP,
11.8624,3,STA,WIFI_DROP,
11.8648,3,STA,WIFI_DROP,
11.8672,3,STA,WIFI_DROP,
11.8696,3,STA,WIFI_DROP,
11.872,3,STA,WIFI_DROP,
11.8744,3,STA,WIFI_DROP,
12,4,STA,THROUGHPUT_MBPS,3.708000
12,5,STA,THROUGHPUT_MBPS,3.336000
12,7,STA,THROUGHPUT_MBPS,3.000000
12,9,STA,THROUGHPUT_MBPS,1.800000
12,11,STA,THROUGHPUT_MBPS,0.732000
12,12,STA,THROUGHPUT_MBPS,3.648000
12,14,STA,THROUGHPUT_MBPS,2.664000
12,15,STA,THROUGHPUT_MBPS,0.900000
12,16,STA,THROUGHPUT_MBPS,3.648000
12,17,STA,THROUGHPUT_MBPS,2.076000
12,18,STA,THROUGHPUT_MBPS,1.740000
12,20,STA,THROUGHPUT_MBPS,1.848000
12,21,STA,THROUGHPUT_MBPS,2.340000
12,1,AP,AGGREGATE_THROUGHPUT_MBPS,31.440000
12,1,AP,SENT_COUNT,8340.000000
12,1,AP,RECV_COUNT,2620.000000
12,1,AP,LATENCY_P95_MS,539.805508
12.0784,2,STA,WIFI_DROP,
12.0784,15,STA,WIFI_DROP,
12.0784,17,STA,WIFI_DROP,
12.0784,18,STA,WIFI_DROP,
12.0808,2,STA,WIFI_DROP,
12.0808,15,STA,WIFI_DROP,
12.0808,17,STA,WIFI_DROP,
12.0808,18,STA,WIFI_DROP,
12.0832,2,STA,WIFI_DROP,
12.0832,15,STA,WIFI_DROP,
12.0832,17,STA,WIFI_DROP,
12.0832,18,STA,WIFI_DROP,
12.0856,2,STA,WIFI_DROP,
12.0856,15,STA,WIFI_DROP,
12.0856,17,STA,WIFI_DROP,
12.0856,18,STA,WIFI_DROP,
12.088,2,STA,WIFI_DROP,
12.088,15,STA,WIFI_DROP,
12.088,17,STA,WIFI_DROP,
12.088,18,STA,WIFI_DROP,
12.0904,2,STA,WIFI_DROP,
12.0904,15,STA,WIFI_DROP,
12.0904,17,STA,WIFI_DROP,
12.0904,18,STA,WIFI_DROP,
12.0928,2,STA,WIFI_DROP,
12.0928,15,STA,WIFI_DROP,
12.0928,17,STA,WIFI_DROP,
12.0928,18,STA,WIFI_DROP,
12.0952,2,STA,WIFI_DROP,
12.0952,15,STA,WIFI_DROP,
12.0952,17,STA,WIFI_DROP,
12.0952,18,STA,WIFI_DROP,
12.0976,2,STA,WIFI_DROP,
12.0976,15,STA,WIFI_DROP,
12.0976,17,STA,WIFI_DROP,
12.0976,18,STA,WIFI_DROP,
12.1,2,STA,WIFI_DROP,
12.1,15,STA,WIFI_DROP,
12.1,17,STA,WIFI_DROP,
12.1,18,STA,WIFI_DROP,
12.1024,2,STA,WIFI_DROP,
12.1024,15,STA,WIFI_DROP,
12.1024,17,STA,WIFI_DROP,
12.1024,18,STA,WIFI_DROP,
12.1048,2,STA,WIFI_DROP,
12.1048,15,STA,WIFI_DROP,
12.1048,17,STA,WIFI_DROP,
12.1048,18,STA,WIFI_DROP,
12.1072,2,STA,WIFI_DROP,
12.1072,15,STA,WIFI_DROP,
12.1072,17,STA,WIFI_DROP,
12.1072,18,STA,WIFI_DROP,
12.1096,2,STA,WIFI_DROP,
12.1096,15,STA,WIFI_DROP,
12.1096,17,STA,WIFI_DROP,
12.1096,18,STA,WIFI_DROP,
12.112,2,STA,WIFI_DROP,
12.112,15,STA,WIFI_DROP,
12.112,17,STA,WIFI_DROP,
12.112,18,STA,WIFI_DROP,
12.1144,2,STA,WIFI_DROP,
12.1144,15,STA,WIFI_DROP,
12.1144,17,STA,WIFI_DROP,
12.1144,18,STA,WIFI_DROP,
12.1168,2,STA,WIFI_DROP,
12.1168,15,STA,WIFI_DROP,
12.1168,17,STA,WIFI_DROP,
12.1168,18,STA,WIFI_DROP,
12.1192,2,STA,WIFI_DROP,
12.1192,15,STA,WIFI_DROP,
12.1192,17,STA,WIFI_DROP,
12.1192,18,STA,WIFI_DROP,
12.1216,2,STA,WIFI_DROP,
12.1216,15,STA,WIFI_DROP,
12.1216,17,STA,WIFI_DROP,
12.1216,18,STA,WIFI_DROP,
12.124,2,STA,WIFI_DROP,
12.124,15,STA,WIFI_DROP,
12.124,17,STA,WIFI_DROP,
12.124,18,STA,WIFI_DROP,
12.1264,2,STA,WIFI_DROP,
12.1264,15,STA,WIFI_DROP,
12.1264,17,STA,WIFI_DROP,
12.1264,18,STA,WIFI_DROP,
12.1288,2,STA,WIFI_DROP,
12.1288,15,STA,WIFI_DROP,
12.1288,17,STA,WIFI_DROP,
12.1288,18,STA,WIFI_DROP,
12.1312,2,STA,WIFI_DROP,
12.1312,15,STA,WIFI_DROP,
12.1312,17,STA,WIFI_DROP,
12.1312,18,STA,WIFI_DROP,
12.1336,2,STA,WIFI_DROP,
12.1336,15,STA,WIFI_DROP,
12.1336,17,STA,WIFI_DROP,
12.1336,18,STA,WIFI_DROP,
12.136,2,STA,WIFI_DROP,
12.136,15,STA,WIFI_DROP,
12.136,17,STA,WIFI_DROP,
12.136,18,STA,WIFI_DROP,
12.1384,2,STA,WIFI_DROP,
12.1384,15,STA,WIFI_DROP,
12.1384,17,STA,WIFI_DROP,
12.1384,18,STA,WIFI_DROP,
12.1408,2,STA,WIFI_DROP,
12.1408,15,STA,WIFI_DROP,
12.1408,17,STA,WIFI_DROP,
12.1408,18,STA,WIFI_DROP,
12.1432,2,STA,WIFI_DROP,
12.1432,15,STA,WIFI_DROP,
12.1432,17,STA,WIFI_DROP,
12.1432,18,STA,WIFI_DROP,
12.1456,2,STA,WIFI_DROP,
12.1456,15,STA,WIFI_DROP,
12.1456,17,STA,WIFI_DROP,
12.1456,18,STA,WIFI_DROP,
12.148,2,STA,WIFI_DROP,
12.148,15,STA,WIFI_DROP,
12.148,17,STA,WIFI_DROP,
12.148,18,STA,WIFI_DROP,
12.1504,2,STA,WIFI_DROP,
12.1504,15,STA,WIFI_DROP,
12.1504,17,STA,WIFI_DROP,
12.1504,18,STA,WIFI_DROP,
12.1528,2,STA,WIFI_DROP,
12.1528,15,STA,WIFI_DROP,
12.1528,17,STA,WIFI_DROP,
12.1528,18,STA,WIFI_DROP,
12.1552,2,STA,WIFI_DROP,
12.1552,15,STA,WIFI_DROP,
12.1552,17,STA,WIFI_DROP,
12.1552,18,STA,WIFI_DROP,
12.1576,2,STA,WIFI_DROP,
12.1576,15,STA,WIFI_DROP,
12.1576,17,STA,WIFI_DROP,
12.1576,18,STA,WIFI_DROP,
12.16,2,STA,WIFI_DROP,
12.16,15,STA,WIFI_DROP,
12.16,17,STA,WIFI_DROP,
12.16,18,STA,WIFI_DROP,
12.1624,2,STA,WIFI_DROP,
12.1624,15,STA,WIFI_DROP,
12.1624,17,STA,WIFI_DROP,
12.1624,18,STA,WIFI_DROP,
12.1648,2,STA,WIFI_DROP,
12.1648,15,STA,WIFI_DROP,
12.1648,17,STA,WIFI_DROP,
12.1648,18,STA,WIFI_DROP,
12.1672,2,STA,WIFI_DROP,
12.1672,15,STA,WIFI_DROP,
12.1672,17,STA,WIFI_DROP,
12.1672,18,STA,WIFI_DROP,
12.1696,2,STA,WIFI_DROP,
12.1696,15,STA,WIFI_DROP,
12.1696,17,STA,WIFI_DROP,
12.1696,18,STA,WIFI_DROP,
12.172,2,STA,WIFI_DROP,
12.172,15,STA,WIFI_DROP,
12.172,17,STA,WIFI_DROP,
12.172,18,STA,WIFI_DROP,
12.1744,2,STA,WIFI_DROP,
12.1744,15,STA,WIFI_DROP,
12.1744,17,STA,WIFI_DROP,
12.1744,18,STA,WIFI_DROP,
12.1768,2,STA,WIFI_DROP,
12.1768,15,STA,WIFI_DROP,
12.1768,17,STA,WIFI_DROP,
12.1768,18,STA,WIFI_DROP,
12.1792,15,STA,WIFI_DROP,
12.1792,17,STA,WIFI_DROP,
12.1792,18,STA,WIFI_DROP,
12.1816,15,STA,WIFI_DROP,
12.1816,17,STA,WIFI_DROP,
12.1816,18,STA,WIFI_DROP,
12.184,15,STA,WIFI_DROP,
12.184,17,STA,WIFI_DROP,
12.184,18,STA,WIFI_DROP,
12.1864,15,STA,WIFI_DROP,
12.1864,17,STA,WIFI_DROP,
12.1864,18,STA,WIFI_DROP,
12.1888,15,STA,WIFI_DROP,
12.1888,17,STA,WIFI_DROP,
12.1888,18,STA,WIFI_DROP,
12.1912,15,STA,WIFI_DROP,
12.1912,17,STA,WIFI_DROP,
12.1912,18,STA,WIFI_DROP,
12.1936,15,STA,WIFI_DROP,
12.1936,17,STA,WIFI_DROP,
12.1936,18,STA,WIFI_DROP,
12.196,15,STA,WIFI_DROP,
12.196,17,STA,WIFI_DROP,
12.196,18,STA,WIFI_DROP,
12.1984,15,STA,WIFI_DROP,
12.1984,17,STA,WIFI_DROP,
12.1984,18,STA,WIFI_DROP,
12.2008,15,STA,WIFI_DROP,
12.2008,17,STA,WIFI_DROP,
12.2008,18,STA,WIFI_DROP,
12.2032,15,STA,WIFI_DROP,
12.2032,17,STA,WIFI_DROP,
12.2032,18,STA,WIFI_DROP,
12.2056,15,STA,WIFI_DROP,
12.2056,17,STA,WIFI_DROP,
12.2056,18,STA,WIFI_DROP,
12.208,15,STA,WIFI_DROP,
12.208,17,STA,WIFI_DROP,
12.208,18,STA,WIFI_DROP,
12.2104,15,STA,WIFI_DROP,
12.2104,17,STA,WIFI_DROP,
12.2104,18,STA,WIFI_DROP,
12.2128,15,STA,WIFI_DROP,
12.2128,17,STA,WIFI_DROP,
12.2128,18,STA,WIFI_DROP,
12.2152,15,STA,WIFI_DROP,
12.2152,17,STA,WIFI_DROP,
12.2152,18,STA,WIFI_DROP,
12.2176,15,STA,WIFI_DROP,
12.2176,17,STA,WIFI_DROP,
12.2176,18,STA,WIFI_DROP,
12.22,15,STA,WIFI_DROP,
12.22,17,STA,WIFI_DROP,
12.22,18,STA,WIFI_DROP,
12.2224,15,STA,WIFI_DROP,
12.2224,17,STA,WIFI_DROP,
12.2224,18,STA,WIFI_DROP,
12.2248,15,STA,WIFI_DROP,
12.2248,17,STA,WIFI_DROP,
12.2248,18,STA,WIFI_DROP,
12.2272,15,STA,WIFI_DROP,
12.2272,17,STA,WIFI_DROP,
12.2272,18,STA,WIFI_DROP,
12.2296,15,STA,WIFI_DROP,
12.2296,17,STA,WIFI_DROP,
12.2296,18,STA,WIFI_DROP,
12.232,15,STA,WIFI_DROP,
12.232,17,STA,WIFI_DROP,
12.232,18,STA,WIFI_DROP,
12.2344,17,STA,WIFI_DROP,
12.2344,18,STA,WIFI_DROP,
12.2368,17,STA,WIFI_DROP,
12.2368,18,STA,WIFI_DROP,
12.2392,17,STA,WIFI_DROP,
12.2392,18,STA,WIFI_DROP,
12.2416,17,STA,WIFI_DROP,
12.2416,18,STA,WIFI_DROP,
12.244,17,STA,WIFI_DROP,
12.244,18,STA,WIFI_DROP,
12.2464,17,STA,WIFI_DROP,
12.2464,18,STA,WIFI_DROP,
12.2488,17,STA,WIFI_DROP,
12.2488,18,STA,WIFI_DROP,
12.2512,17,STA,WIFI_DROP,
12.2512,18,STA,WIFI_DROP,
12.2536,17,STA,WIFI_DROP,
12.2536,18,STA,WIFI_DROP,
12.256,17,STA,WIFI_DROP,
12.256,18,STA,WIFI_DROP,
12.2584,17,STA,WIFI_DROP,
12.2584,18,STA,WIFI_DROP,
12.2608,17,STA,WIFI_DROP,
12.2608,18,STA,WIFI_DROP,
12.2632,17,STA,WIFI_DROP,
12.2632,18,STA,WIFI_DROP,
12.2656,17,STA,WIFI_DROP,
12.2656,18,STA,WIFI_DROP,
12.268,17,STA,WIFI_DROP,
12.268,18,STA,WIFI_DROP,
12.2704,17,STA,WIFI_DROP,
12.2704,18,STA,WIFI_DROP,
12.2728,17,STA,WIFI_DROP,
12.2728,18,STA,WIFI_DROP,
12.2752,17,STA,WIFI_DROP,
12.2752,18,STA,WIFI_DROP,
12.2776,17,STA,WIFI_DROP,
12.2776,18,STA,WIFI_DROP,
12.28,17,STA,WIFI_DROP,
12.28,18,STA,WIFI_DROP,
12.2824,17,STA,WIFI_DROP,
12.2824,18,STA,WIFI_DROP,
12.2824,19,STA,WIFI_DROP,
12.2848,17,STA,WIFI_DROP,
12.2848,18,STA,WIFI_DROP,
12.2848,19,STA,WIFI_DROP,
12.2872,17,STA,WIFI_DROP,
12.2872,18,STA,WIFI_DROP,
12.2872,19,STA,WIFI_DROP,
12.2896,17,STA,WIFI_DROP,
12.2896,18,STA,WIFI_DROP,
12.2896,19,STA,WIFI_DROP,
12.292,17,STA,WIFI_DROP,
12.292,18,STA,WIFI_DROP,
12.292,19,STA,WIFI_DROP,
12.2944,17,STA,WIFI_DROP,
12.2944,18,STA,WIFI_DROP,
12.2944,19,STA,WIFI_DROP,
12.2968,17,STA,WIFI_DROP,
12.2968,18,STA,WIFI_DROP,
12.2968,19,STA,WIFI_DROP,
12.2992,17,STA,WIFI_DROP,
12.2992,18,STA,WIFI_DROP,
12.2992,19,STA,WIFI_DROP,
12.3016,17,STA,WIFI_DROP,
12.3016,18,STA,WIFI_DROP,
12.3016,19,STA,WIFI_DROP,
12.304,17,STA,WIFI_DROP,
12.304,18,STA,WIFI_DROP,
12.304,19,STA,WIFI_DROP,
12.3064,17,STA,WIFI_DROP,
12.3064,18,STA,WIFI_DROP,
12.3064,19,STA,WIFI_DROP,
12.3088,17,STA,WIFI_DROP,
12.3088,18,STA,WIFI_DROP,
12.3088,19,STA,WIFI_DROP,
12.3112,17,STA,WIFI_DROP,
12.3112,18,STA,WIFI_DROP,
12.3112,19,STA,WIFI_DROP,
12.3136,17,STA,WIFI_DROP,
12.3136,18,STA,WIFI_DROP,
12.3136,19,STA,WIFI_DROP,
12.316,17,STA,WIFI_DROP,
12.316,18,STA,WIFI_DROP,
12.316,19,STA,WIFI_DROP,
12.3184,17,STA,WIFI_DROP,
12.3184,18,STA,WIFI_DROP,
12.3184,19,STA,WIFI_DROP,
12.3208,17,STA,WIFI_DROP,
12.3208,18,STA,WIFI_DROP,
12.3208,19,STA,WIFI_DROP,
12.3232,17,STA,WIFI_DROP,
12.3232,18,STA,WIFI_DROP,
12.3232,19,STA,WIFI_DROP,
12.3256,17,STA,WIFI_DROP,
12.3256,18,STA,WIFI_DROP,
12.3256,19,STA,WIFI_DROP,
12.328,17,STA,WIFI_DROP,
12.328,18,STA,WIFI_DROP,
12.328,19,STA,WIFI_DROP,
12.3304,17,STA,WIFI_DROP,
12.3304,18,STA,WIFI_DROP,
12.3304,19,STA,WIFI_DROP,
12.3328,17,STA,WIFI_DROP,
12.3328,18,STA,WIFI_DROP,
12.3328,19,STA,WIFI_DROP,
12.3352,17,STA,WIFI_DROP,
12.3352,18,STA,WIFI_DROP,
12.3352,19,STA,WIFI_DROP,
12.3376,17,STA,WIFI_DROP,
12.3376,18,STA,WIFI_DROP,
12.3376,19,STA,WIFI_DROP,
12.34,17,STA,WIFI_DROP,
12.34,18,STA,WIFI_DROP,
12.34,19,STA,WIFI_DROP,
12.3424,17,STA,WIFI_DROP,
12.3424,18,STA,WIFI_DROP,
12.3424,19,STA,WIFI_DROP,
12.3448,17,STA,WIFI_DROP,
12.3448,18,STA,WIFI_DROP,
12.3448,19,STA,WIFI_DROP,
12.3472,17,STA,WIFI_DROP,
12.3472,18,STA,WIFI_DROP,
12.3472,19,STA,WIFI_DROP,
12.3496,17,STA,WIFI_DROP,
12.3496,18,STA,WIFI_DROP,
12.3496,19,STA,WIFI_DROP,
12.352,17,STA,WIFI_DROP,
12.352,18,STA,WIFI_DROP,
12.352,19,STA,WIFI_DROP,
12.3544,17,STA,WIFI_DROP,
12.3544,18,STA,WIFI_DROP,
12.3544,19,STA,WIFI_DROP,
12.3568,17,STA,WIFI_DROP,
12.3568,18,STA,WIFI_DROP,
12.3568,19,STA,WIFI_DROP,
12.3592,17,STA,WIFI_DROP,
12.3592,18,STA,WIFI_DROP,
12.3592,19,STA,WIFI_DROP,
12.3616,17,STA,WIFI_DROP,
12.3616,18,STA,WIFI_DROP,
12.3616,19,STA,WIFI_DROP,
12.364,17,STA,WIFI_DROP,
12.364,18,STA,WIFI_DROP,
12.364,19,STA,WIFI_DROP,
12.3664,17,STA,WIFI_DROP,
12.3664,18,STA,WIFI_DROP,
12.3664,19,STA,WIFI_DROP,
12.3688,17,STA,WIFI_DROP,
12.3688,18,STA,WIFI_DROP,
12.3688,19,STA,WIFI_DROP,
12.3712,17,STA,WIFI_DROP,
12.3712,18,STA,WIFI_DROP,
12.3712,19,STA,WIFI_DROP,
12.3736,17,STA,WIFI_DROP,
12.3736,18,STA,WIFI_DROP,
12.3736,19,STA,WIFI_DROP,
12.376,17,STA,WIFI_DROP,
12.376,18,STA,WIFI_DROP,
12.376,19,STA,WIFI_DROP,
12.3784,17,STA,WIFI_DROP,
12.3784,18,STA,WIFI_DROP,
12.3784,19,STA,WIFI_DROP,
12.3808,17,STA,WIFI_DROP,
12.3808,18,STA,WIFI_DROP,
12.3808,19,STA,WIFI_DROP,
12.3832,17,STA,WIFI_DROP,
12.3832,18,STA,WIFI_DROP,
12.3832,19,STA,WIFI_DROP,
12.3856,17,STA,WIFI_DROP,
12.3856,18,STA,WIFI_DROP,
12.3856,19,STA,WIFI_DROP,
12.388,17,STA,WIFI_DROP,
12.388,18,STA,WIFI_DROP,
12.388,19,STA,WIFI_DROP,
12.3904,17,STA,WIFI_DROP,
12.3904,18,STA,WIFI_DROP,
12.3904,19,STA,WIFI_DROP,
12.3928,17,STA,WIFI_DROP,
12.3928,18,STA,WIFI_DROP,
12.3928,19,STA,WIFI_DROP,
12.3952,17,STA,WIFI_DROP,
12.3952,18,STA,WIFI_DROP,
12.3952,19,STA,WIFI_DROP,
12.3976,17,STA,WIFI_DROP,
12.3976,18,STA,WIFI_DROP,
12.3976,19,STA,WIFI_DROP,
12.4,17,STA,WIFI_DROP,
12.4,18,STA,WIFI_DROP,
12.4,19,STA,WIFI_DROP,
12.4024,17,STA,WIFI_DROP,
12.4024,18,STA,WIFI_DROP,
12.4024,19,STA,WIFI_DROP,
12.4048,17,STA,WIFI_DROP,
12.4048,18,STA,WIFI_DROP,
12.4048,19,STA,WIFI_DROP,
12.4072,17,STA,WIFI_DROP,
12.4072,18,STA,WIFI_DROP,
12.4072,19,STA,WIFI_DROP,
12.4096,17,STA,WIFI_DROP,
12.4096,18,STA,WIFI_DROP,
12.4096,19,STA,WIFI_DROP,
12.412,17,STA,WIFI_DROP,
12.412,18,STA,WIFI_DROP,
12.412,19,STA,WIFI_DROP,
12.4144,17,STA,WIFI_DROP,
12.4144,18,STA,WIFI_DROP,
12.4144,19,STA,WIFI_DROP,
12.4168,17,STA,WIFI_DROP,
12.4168,18,STA,WIFI_DROP,
12.4168,19,STA,WIFI_DROP,
12.4192,17,STA,WIFI_DROP,
12.4192,18,STA,WIFI_DROP,
12.4192,19,STA,WIFI_DROP,
12.4216,17,STA,WIFI_DROP,
12.4216,18,STA,WIFI_DROP,
12.4216,19,STA,WIFI_DROP,
12.424,17,STA,WIFI_DROP,
12.424,18,STA,WIFI_DROP,
12.424,19,STA,WIFI_DROP,
12.4264,17,STA,WIFI_DROP,
12.4264,18,STA,WIFI_DROP,
12.4264,19,STA,WIFI_DROP,
12.4288,17,STA,WIFI_DROP,
12.4288,18,STA,WIFI_DROP,
12.4288,19,STA,WIFI_DROP,
12.4312,17,STA,WIFI_DROP,
12.4312,18,STA,WIFI_DROP,
12.4312,19,STA,WIFI_DROP,
12.4336,17,STA,WIFI_DROP,
12.4336,18,STA,WIFI_DROP,
12.4336,19,STA,WIFI_DROP,
12.436,17,STA,WIFI_DROP,
12.436,19,STA,WIFI_DROP,
12.4384,17,STA,WIFI_DROP,
12.4384,19,STA,WIFI_DROP,
12.4408,17,STA,WIFI_DROP,
12.4408,19,STA,WIFI_DROP,
12.4432,17,STA,WIFI_DROP,
12.4432,19,STA,WIFI_DROP,
12.4456,17,STA,WIFI_DROP,
12.4456,19,STA,WIFI_DROP,
12.448,17,STA,WIFI_DROP,
12.448,19,STA,WIFI_DROP,
12.4504,17,STA,WIFI_DROP,
12.4504,19,STA,WIFI_DROP,
12.4528,17,STA,WIFI_DROP,
12.4528,19,STA,WIFI_DROP,
12.4552,17,STA,WIFI_DROP,
12.4552,19,STA,WIFI_DROP,
12.4576,17,STA,WIFI_DROP,
12.4576,19,STA,WIFI_DROP,
12.46,17,STA,WIFI_DROP,
12.46,19,STA,WIFI_DROP,
12.4624,17,STA,WIFI_DROP,
12.4624,19,STA,WIFI_DROP,
12.4648,17,STA,WIFI_DROP,
12.4648,19,STA,WIFI_DROP,
12.4672,17,STA,WIFI_DROP,
12.4672,19,STA,WIFI_DROP,
12.4696,17,STA,WIFI_DROP,
12.4696,19,STA,WIFI_DROP,
12.472,17,STA,WIFI_DROP,
12.472,19,STA,WIFI_DROP,
12.4744,17,STA,WIFI_DROP,
12.4744,19,STA,WIFI_DROP,
12.4768,17,STA,WIFI_DROP,
12.4768,19,STA,WIFI_DROP,
12.4792,17,STA,WIFI_DROP,
12.4792,19,STA,WIFI_DROP,
12.4816,17,STA,WIFI_DROP,
12.4816,19,STA,WIFI_DROP,
12.484,17,STA,WIFI_DROP,
12.484,19,STA,WIFI_DROP,
12.4864,17,STA,WIFI_DROP,
12.4864,19,STA,WIFI_DROP,
12.4888,17,STA,WIFI_DROP,
12.4888,19,STA,WIFI_DROP,
12.4912,17,STA,WIFI_DROP,
12.4912,19,STA,WIFI_DROP,
12.4936,17,STA,WIFI_DROP,
12.4936,19,STA,WIFI_DROP,
12.496,17,STA,WIFI_DROP,
12.496,19,STA,WIFI_DROP,
12.4984,17,STA,WIFI_DROP,
12.4984,19,STA,WIFI_DROP,
12.5008,17,STA,WIFI_DROP,
12.5008,19,STA,WIFI_DROP,
12.5032,17,STA,WIFI_DROP,
12.5032,19,STA,WIFI_DROP,
12.5056,17,STA,WIFI_DROP,
12.5056,19,STA,WIFI_DROP,
12.508,17,STA,WIFI_DROP,
12.508,19,STA,WIFI_DROP,
12.5104,17,STA,WIFI_DROP,
12.5104,19,STA,WIFI_DROP,
12.5128,17,STA,WIFI_DROP,
12.5128,19,STA,WIFI_DROP,
12.5152,17,STA,WIFI_DROP,
12.5152,19,STA,WIFI_DROP,
12.5176,17,STA,WIFI_DROP,
12.5176,19,STA,WIFI_DROP,
12.52,17,STA,WIFI_DROP,
12.52,19,STA,WIFI_DROP,
12.5224,17,STA,WIFI_DROP,
12.5224,19,STA,WIFI_DROP,
12.5248,17,STA,WIFI_DROP,
12.5248,19,STA,WIFI_DROP,
12.5272,17,STA,WIFI_DROP,
12.5272,19,STA,WIFI_DROP,
12.5296,17,STA,WIFI_DROP,
12.5296,19,STA,WIFI_DROP,
12.532,17,STA,WIFI_DROP,
12.532,19,STA,WIFI_DROP,
12.5344,17,STA,WIFI_DROP,
12.5344,19,STA,WIFI_DROP,
12.5368,17,STA,WIFI_DROP,
12.5368,19,STA,WIFI_DROP,
12.5392,17,STA,WIFI_DROP,
12.5392,19,STA,WIFI_DROP,
12.5416,17,STA,WIFI_DROP,
12.5416,19,STA,WIFI_DROP,
12.544,17,STA,WIFI_DROP,
12.544,19,STA,WIFI_DROP,
12.5464,17,STA,WIFI_DROP,
12.5464,19,STA,WIFI_DROP,
12.5488,17,STA,WIFI_DROP,
12.5488,19,STA,WIFI_DROP,
12.5512,17,STA,WIFI_DROP,
12.5512,19,STA,WIFI_DROP,
12.5536,17,STA,WIFI_DROP,
12.5536,19,STA,WIFI_DROP,
12.556,17,STA,WIFI_DROP,
12.556,19,STA,WIFI_DROP,
12.5584,17,STA,WIFI_DROP,
12.5584,19,STA,WIFI_DROP,
12.5608,17,STA,WIFI_DROP,
12.5608,19,STA,WIFI_DROP,
12.5632,17,STA,WIFI_DROP,
12.5632,19,STA,WIFI_DROP,
12.5656,17,STA,WIFI_DROP,
12.5656,19,STA,WIFI_DROP,
12.568,17,STA,WIFI_DROP,
12.568,19,STA,WIFI_DROP,
12.5704,17,STA,WIFI_DROP,
12.5704,19,STA,WIFI_DROP,
12.5728,17,STA,WIFI_DROP,
12.5728,19,STA,WIFI_DROP,
12.5752,17,STA,WIFI_DROP,
12.5752,19,STA,WIFI_DROP,
12.5776,17,STA,WIFI_DROP,
12.5776,19,STA,WIFI_DROP,
12.58,17,STA,WIFI_DROP,
12.58,19,STA,WIFI_DROP,
12.5824,17,STA,WIFI_DROP,
12.5824,19,STA,WIFI_DROP,
12.5848,17,STA,WIFI_DROP,
12.5848,19,STA,WIFI_DROP,
12.5872,17,STA,WIFI_DROP,
12.5872,19,STA,WIFI_DROP,
12.5896,17,STA,WIFI_DROP,
12.5896,19,STA,WIFI_DROP,
12.592,17,STA,WIFI_DROP,
12.592,19,STA,WIFI_DROP,
12.5944,17,STA,WIFI_DROP,
12.5944,19,STA,WIFI_DROP,
12.5968,17,STA,WIFI_DROP,
12.5968,19,STA,WIFI_DROP,
12.5992,17,STA,WIFI_DROP,
12.5992,19,STA,WIFI_DROP,
12.6016,17,STA,WIFI_DROP,
12.6016,19,STA,WIFI_DROP,
12.604,17,STA,WIFI_DROP,
12.604,19,STA,WIFI_DROP,
12.6064,17,STA,WIFI_DROP,
12.6064,19,STA,WIFI_DROP,
12.6088,17,STA,WIFI_DROP,
12.6088,19,STA,WIFI_DROP,
12.6112,17,STA,WIFI_DROP,
12.6112,19,STA,WIFI_DROP,
12.6136,17,STA,WIFI_DROP,
12.6136,19,STA,WIFI_DROP,
12.616,17,STA,WIFI_DROP,
12.616,19,STA,WIFI_DROP,
12.6184,17,STA,WIFI_DROP,
12.6184,19,STA,WIFI_DROP,
12.6208,17,STA,WIFI_DROP,
12.6208,19,STA,WIFI_DROP,
12.6232,17,STA,WIFI_DROP,
12.6232,19,STA,WIFI_DROP,
12.6256,17,STA,WIFI_DROP,
12.6256,19,STA,WIFI_DROP,
12.628,17,STA,WIFI_DROP,
12.628,19,STA,WIFI_DROP,
12.6304,17,STA,WIFI_DROP,
12.6304,19,STA,WIFI_DROP,
12.6328,17,STA,WIFI_DROP,
12.6328,19,STA,WIFI_DROP,
12.6352,17,STA,WIFI_DROP,
12.6352,19,STA,WIFI_DROP,
12.6376,17,STA,WIFI_DROP,
12.6376,19,STA,WIFI_DROP,
12.64,17,STA,WIFI_DROP,
12.64,19,STA,WIFI_DROP,
12.6424,17,STA,WIFI_DROP,
12.6424,19,STA,WIFI_DROP,
12.6448,17,STA,WIFI_DROP,
12.6448,19,STA,WIFI_DROP,
12.6472,17,STA,WIFI_DROP,
12.6472,19,STA,WIFI_DROP,
12.6496,17,STA,WIFI_DROP,
12.6496,19,STA,WIFI_DROP,
12.652,17,STA,WIFI_DROP,
12.652,19,STA,WIFI_DROP,
12.6544,17,STA,WIFI_DROP,
12.6544,19,STA,WIFI_DROP,
12.6568,17,STA,WIFI_DROP,
12.6568,19,STA,WIFI_DROP,
12.6592,17,STA,WIFI_DROP,
12.6592,19,STA,WIFI_DROP,
12.6616,17,STA,WIFI_DROP,
12.6616,19,STA,WIFI_DROP,
12.664,17,STA,WIFI_DROP,
12.664,19,STA,WIFI_DROP,
12.6664,17,STA,WIFI_DROP,
12.6664,19,STA,WIFI_DROP,
12.6688,17,STA,WIFI_DROP,
12.6688,19,STA,WIFI_DROP,
12.6712,17,STA,WIFI_DROP,
12.6712,19,STA,WIFI_DROP,
12.6736,17,STA,WIFI_DROP,
12.6736,19,STA,WIFI_DROP,
12.676,17,STA,WIFI_DROP,
12.676,19,STA,WIFI_DROP,
12.6784,17,STA,WIFI_DROP,
12.6784,19,STA,WIFI_DROP,
12.6808,17,STA,WIFI_DROP,
12.6808,19,STA,WIFI_DROP,
12.6832,17,STA,WIFI_DROP,
12.6832,19,STA,WIFI_DROP,
12.6856,17,STA,WIFI_DROP,
12.6856,19,STA,WIFI_DROP,
12.688,17,STA,WIFI_DROP,
12.688,19,STA,WIFI_DROP,
12.6904,17,STA,WIFI_DROP,
12.6904,19,STA,WIFI_DROP,
12.6928,17,STA,WIFI_DROP,
12.6928,19,STA,WIFI_DROP,
12.6952,17,STA,WIFI_DROP,
12.6952,19,STA,WIFI_DROP,
12.6976,17,STA,WIFI_DROP,
12.6976,19,STA,WIFI_DROP,
12.7,17,STA,WIFI_DROP,
12.7,19,STA,WIFI_DROP,
12.7024,17,STA,WIFI_DROP,
12.7024,19,STA,WIFI_DROP,
12.7048,17,STA,WIFI_DROP,
12.7048,19,STA,WIFI_DROP,
12.7072,17,STA,WIFI_DROP,
12.7072,19,STA,WIFI_DROP,
12.7096,17,STA,WIFI_DROP,
12.7096,19,STA,WIFI_DROP,
12.712,17,STA,WIFI_DROP,
12.712,19,STA,WIFI_DROP,
12.7144,17,STA,WIFI_DROP,
12.7144,19,STA,WIFI_DROP,
12.7168,17,STA,WIFI_DROP,
12.7168,19,STA,WIFI_DROP,
12.7192,17,STA,WIFI_DROP,
12.7192,19,STA,WIFI_DROP,
12.7216,17,STA,WIFI_DROP,
12.7216,19,STA,WIFI_DROP,
12.724,17,STA,WIFI_DROP,
12.724,19,STA,WIFI_DROP,
12.7264,17,STA,WIFI_DROP,
12.7264,19,STA,WIFI_DROP,
12.7288,17,STA,WIFI_DROP,
12.7288,19,STA,WIFI_DROP,
12.7312,17,STA,WIFI_DROP,
12.7312,19,STA,WIFI_DROP,
12.7336,17,STA,WIFI_DROP,
12.7336,19,STA,WIFI_DROP,
12.736,19,STA,WIFI_DROP,
12.7384,19,STA,WIFI_DROP,
12.7408,19,STA,WIFI_DROP,
12.7432,19,STA,WIFI_DROP,
12.7456,19,STA,WIFI_DROP,
12.748,19,STA,WIFI_DROP,
12.7504,19,STA,WIFI_DROP,
12.7528,19,STA,WIFI_DROP,
12.7552,19,STA,WIFI_DROP,
12.7576,19,STA,WIFI_DROP,
12.76,19,STA,WIFI_DROP,
12.7624,19,STA,WIFI_DROP,
12.7648,19,STA,WIFI_DROP,
12.7672,19,STA,WIFI_DROP,
12.7696,19,STA,WIFI_DROP,
12.772,19,STA,WIFI_DROP,
12.7744,19,STA,WIFI_DROP,
12.7768,19,STA,WIFI_DROP,
12.7792,19,STA,WIFI_DROP,
12.7816,19,STA,WIFI_DROP,
12.784,19,STA,WIFI_DROP,
12.7864,19,STA,WIFI_DROP,
12.7888,19,STA,WIFI_DROP,
12.7912,19,STA,WIFI_DROP,
12.7936,19,STA,WIFI_DROP,
12.796,19,STA,WIFI_DROP,
12.7984,19,STA,WIFI_DROP,
12.8008,19,STA,WIFI_DROP,
12.8032,19,STA,WIFI_DROP,
12.8056,19,STA,WIFI_DROP,
12.808,19,STA,WIFI_DROP,
12.8104,19,STA,WIFI_DROP,
12.8128,19,STA,WIFI_DROP,
12.8152,19,STA,WIFI_DROP,
12.8176,19,STA,WIFI_DROP,
12.82,19,STA,WIFI_DROP,
12.8224,19,STA,WIFI_DROP,
12.8248,19,STA,WIFI_DROP,
12.8272,19,STA,WIFI_DROP,
12.8296,19,STA,WIFI_DROP,
12.832,19,STA,WIFI_DROP,
12.8344,19,STA,WIFI_DROP,
12.8368,19,STA,WIFI_DROP,
12.8392,19,STA,WIFI_DROP,
12.8416,19,STA,WIFI_DROP,
12.844,19,STA,WIFI_DROP,
12.8464,19,STA,WIFI_DROP,
12.8488,19,STA,WIFI_DROP,
12.8512,19,STA,WIFI_DROP,
12.8536,19,STA,WIFI_DROP,
12.856,19,STA,WIFI_DROP,
12.8584,19,STA,WIFI_DROP,
12.8608,19,STA,WIFI_DROP,
12.8632,19,STA,WIFI_DROP,
12.8656,19,STA,WIFI_DROP,
12.868,19,STA,WIFI_DROP,
12.8704,19,STA,WIFI_DROP,
12.8728,19,STA,WIFI_DROP,
12.8752,19,STA,WIFI_DROP,
12.8776,19,STA,WIFI_DROP,
12.88,19,STA,WIFI_DROP,
12.8824,19,STA,WIFI_DROP,
12.8848,19,STA,WIFI_DROP,
12.8872,19,STA,WIFI_DROP,
12.8896,19,STA,WIFI_DROP,
12.892,19,STA,WIFI_DROP,
12.8944,19,STA,WIFI_DROP,
12.8968,19,STA,WIFI_DROP,
12.8992,19,STA,WIFI_DROP,
12.9016,19,STA,WIFI_DROP,
12.904,19,STA,WIFI_DROP,
12.9064,19,STA,WIFI_DROP,
12.9088,19,STA,WIFI_DROP,
12.9112,19,STA,WIFI_DROP,
12.9136,19,STA,WIFI_DROP,
12.916,19,STA,WIFI_DROP,
12.9184,19,STA,WIFI_DROP,
12.9208,19,STA,WIFI_DROP,
12.9232,19,STA,WIFI_DROP,
12.9256,19,STA,WIFI_DROP,
12.928,19,STA,WIFI_DROP,
12.9304,19,STA,WIFI_DROP,
12.9328,19,STA,WIFI_DROP,
12.9352,19,STA,WIFI_DROP,
12.9376,19,STA,WIFI_DROP,
12.94,19,STA,WIFI_DROP,
12.9424,19,STA,WIFI_DROP,
12.9448,19,STA,WIFI_DROP,
12.9472,19,STA,WIFI_DROP,
12.9496,19,STA,WIFI_DROP,
12.952,19,STA,WIFI_DROP,
12.9544,19,STA,WIFI_DROP,
12.9568,19,STA,WIFI_DROP,
12.9592,19,STA,WIFI_DROP,
12.9616,19,STA,WIFI_DROP,
12.964,19,STA,WIFI_DROP,
12.9664,19,STA,WIFI_DROP,
12.9688,19,STA,WIFI_DROP,
12.9712,19,STA,WIFI_DROP,
12.9736,19,STA,WIFI_DROP,
12.976,19,STA,WIFI_DROP,
12.9784,19,STA,WIFI_DROP,
12.9808,19,STA,WIFI_DROP,
12.9832,19,STA,WIFI_DROP,
12.9856,19,STA,WIFI_DROP,
12.988,19,STA,WIFI_DROP,
12.9904,19,STA,WIFI_DROP,
12.9928,19,STA,WIFI_DROP,
12.9952,19,STA,WIFI_DROP,
12.9976,19,STA,WIFI_DROP,
13,4,STA,THROUGHPUT_MBPS,2.652000
13,5,STA,THROUGHPUT_MBPS,1.296000
13,7,STA,THROUGHPUT_MBPS,1.416000
13,9,STA,THROUGHPUT_MBPS,0.948000
13,11,STA,THROUGHPUT_MBPS,1.944000
13,12,STA,THROUGHPUT_MBPS,2.820000
13,14,STA,THROUGHPUT_MBPS,2.148000
13,15,STA,THROUGHPUT_MBPS,1.896000
13,16,STA,THROUGHPUT_MBPS,5.100000
13,17,STA,THROUGHPUT_MBPS,0.504000
13,18,STA,THROUGHPUT_MBPS,0.840000
13,20,STA,THROUGHPUT_MBPS,4.548000
13,21,STA,THROUGHPUT_MBPS,3.300000
13,1,AP,AGGREGATE_THROUGHPUT_MBPS,29.412000
13,1,AP,SENT_COUNT,8320.000000
13,1,AP,RECV_COUNT,2451.000000
13,1,AP,LATENCY_P95_MS,537.711543
13,19,STA,WIFI_DROP,
13.0024,19,STA,WIFI_DROP,
13.0048,19,STA,WIFI_DROP,
13.0072,19,STA,WIFI_DROP,
13.0096,19,STA,WIFI_DROP,
13.012,19,STA,WIFI_DROP,
13.0144,19,STA,WIFI_DROP,
13.0168,19,STA,WIFI_DROP,
13.0192,19,STA,WIFI_DROP,
13.0216,19,STA,WIFI_DROP,
13.024,19,STA,WIFI_DROP,
13.0264,19,STA,WIFI_DROP,
13.0288,19,STA,WIFI_DROP,
13.0312,19,STA,WIFI_DROP,
13.0336,19,STA,WIFI_DROP,
13.036,19,STA,WIFI_DROP,
13.0384,19,STA,WIFI_DROP,
13.0408,19,STA,WIFI_DROP,
13.0432,19,STA,WIFI_DROP,
13.0456,19,STA,WIFI_DROP,
13.048,19,STA,WIFI_DROP,
13.0504,19,STA,WIFI_DROP,
13.0528,19,STA,WIFI_DROP,
13.0552,19,STA,WIFI_DROP,
13.0576,19,STA,WIFI_DROP,
13.06,19,STA,WIFI_DROP,
13.0624,19,STA,WIFI_DROP,
13.0648,19,STA,WIFI_DROP,
13.0672,19,STA,WIFI_DROP,
13.0696,19,STA,WIFI_DROP,
13.072,19,STA,WIFI_DROP,
13.0744,19,STA,WIFI_DROP,
13.0768,19,STA,WIFI_DROP,
13.0792,19,STA,WIFI_DROP,
13.0816,19,STA,WIFI_DROP,
13.084,19,STA,WIFI_DROP,
14,4,STA,THROUGHPUT_MBPS,1.800000
14,5,STA,THROUGHPUT_MBPS,0.468000
14,7,STA,THROUGHPUT_MBPS,3.552000
14,9,STA,THROUGHPUT_MBPS,6.252000
14,11,STA,THROUGHPUT_MBPS,2.052000
14,12,STA,THROUGHPUT_MBPS,2.724000
14,14,STA,THROUGHPUT_MBPS,3.792000
14,15,STA,THROUGHPUT_MBPS,3.360000
14,16,STA,THROUGHPUT_MBPS,1.716000
14,17,STA,THROUGHPUT_MBPS,1.032000
14,19,STA,THROUGHPUT_MBPS,3.096000
14,20,STA,THROUGHPUT_MBPS,0.924000
14,21,STA,THROUGHPUT_MBPS,0.672000
14,1,AP,AGGREGATE_THROUGHPUT_MBPS,31.440000
14,1,AP,SENT_COUNT,8340.000000
14,1,AP,RECV_COUNT,2620.000000
14,1,AP,LATENCY_P95_MS,547.486616
14.0296,8,STA,WIFI_DROP,
14.032,8,STA,WIFI_DROP,
14.0344,8,STA,WIFI_DROP,
14.0368,8,STA,WIFI_DROP,
14.0392,8,STA,WIFI_DROP,
14.0416,8,STA,WIFI_DROP,
14.044,8,STA,WIFI_DROP,
14.0464,8,STA,WIFI_DROP,
14.0488,8,STA,WIFI_DROP,
14.0512,8,STA,WIFI_DROP,
14.0536,8,STA,WIFI_DROP,
14.056,8,STA,WIFI_DROP,
14.0584,8,STA,WIFI_DROP,
14.0608,8,STA,WIFI_DROP,
14.0632,8,STA,WIFI_DROP,
14.0656,8,STA,WIFI_DROP,
14.068,8,STA,WIFI_DROP,
14.0704,8,STA,WIFI_DROP,
14.0728,8,STA,WIFI_DROP,
14.0752,8,STA,WIFI_DROP,
14.0776,8,STA,WIFI_DROP,
14.08,8,STA,WIFI_DROP,
14.0824,8,STA,WIFI_DROP,
14.0848,8,STA,WIFI_DROP,
14.0872,8,STA,WIFI_DROP,
14.0896,8,STA,WIFI_DROP,
14.092,8,STA,WIFI_DROP,
14.0944,8,STA,WIFI_DROP,
14.0968,8,STA,WIFI_DROP,
14.0992,8,STA,WIFI_DROP,
14.1016,8,STA,WIFI_DROP,
14.104,8,STA,WIFI_DROP,
14.1064,8,STA,WIFI_DROP,
14.1088,8,STA,WIFI_DROP,
14.1112,8,STA,WIFI_DROP,
14.1136,8,STA,WIFI_DROP,
14.116,8,STA,WIFI_DROP,
14.1184,8,STA,WIFI_DROP,
14.1208,8,STA,WIFI_DROP,
14.1232,8,STA,WIFI_DROP,
14.1256,8,STA,WIFI_DROP,
14.128,8,STA,WIFI_DROP,
14.1304,8,STA,WIFI_DROP,
14.1328,8,STA,WIFI_DROP,
14.1352,8,STA,WIFI_DROP,
14.1376,8,STA,WIFI_DROP,
14.14,8,STA,WIFI_DROP,
14.1424,8,STA,WIFI_DROP,
14.1448,8,STA,WIFI_DROP,
14.1472,8,STA,WIFI_DROP,
14.1496,8,STA,WIFI_DROP,
14.152,8,STA,WIFI_DROP,
14.1544,8,STA,WIFI_DROP,
14.1568,8,STA,WIFI_DROP,
14.1592,8,STA,WIFI_DROP,
14.1616,8,STA,WIFI_DROP,
14.164,8,STA,WIFI_DROP,
14.1664,8,STA,WIFI_DROP,
14.1688,8,STA,WIFI_DROP,
14.1712,8,STA,WIFI_DROP,
14.1736,8,STA,WIFI_DROP,
14.176,8,STA,WIFI_DROP,
14.1784,8,STA,WIFI_DROP,
14.1808,8,STA,WIFI_DROP,
14.1832,8,STA,WIFI_DROP,
14.1856,8,STA,WIFI_DROP,
14.188,8,STA,WIFI_DROP,
14.1904,8,STA,WIFI_DROP,
14.1928,8,STA,WIFI_DROP,
14.1952,8,STA,WIFI_DROP,
14.1976,8,STA,WIFI_DROP,
14.2,8,STA,WIFI_DROP,
14.2024,8,STA,WIFI_DROP,
14.2048,8,STA,WIFI_DROP,
14.2072,8,STA,WIFI_DROP,
14.2096,8,STA,WIFI_DROP,
14.212,8,STA,WIFI_DROP,
14.2144,8,STA,WIFI_DROP,
14.2168,8,STA,WIFI_DROP,
14.2192,8,STA,WIFI_DROP,
14.2216,8,STA,WIFI_DROP,
14.224,8,STA,WIFI_DROP,
14.2264,8,STA,WIFI_DROP,
14.2288,8,STA,WIFI_DROP,
14.2312,8,STA,WIFI_DROP,
14.2336,8,STA,WIFI_DROP,
14.236,8,STA,WIFI_DROP,
14.2384,8,STA,WIFI_DROP,
14.2408,8,STA,WIFI_DROP,
14.2432,8,STA,WIFI_DROP,
14.2456,8,STA,WIFI_DROP,
14.248,8,STA,WIFI_DROP,
14.2504,8,STA,WIFI_DROP,
14.2528,8,STA,WIFI_DROP,
14.2552,8,STA,WIFI_DROP,
14.2576,8,STA,WIFI_DROP,
14.26,8,STA,WIFI_DROP,
14.2624,8,STA,WIFI_DROP,
14.2648,8,STA,WIFI_DROP,
14.2672,8,STA,WIFI_DROP,
14.2696,8,STA,WIFI_DROP,
14.272,8,STA,WIFI_DROP,
14.2744,8,STA,WIFI_DROP,
14.2768,8,STA,WIFI_DROP,
14.2792,8,STA,WIFI_DROP,
14.2816,8,STA,WIFI_DROP,
14.284,8,STA,WIFI_DROP,
14.2864,8,STA,WIFI_DROP,
14.2888,8,STA,WIFI_DROP,
14.2912,8,STA,WIFI_DROP,
14.2936,8,STA,WIFI_DROP,
14.296,8,STA,WIFI_DROP,
14.2984,8,STA,WIFI_DROP,
14.3008,8,STA,WIFI_DROP,
14.3032,8,STA,WIFI_DROP,
14.3056,8,STA,WIFI_DROP,
14.308,8,STA,WIFI_DROP,
14.3104,8,STA,WIFI_DROP,
14.3128,8,STA,WIFI_DROP,
14.3152,8,STA,WIFI_DROP,
14.3176,8,STA,WIFI_DROP,
14.32,8,STA,WIFI_DROP,
14.3224,8,STA,WIFI_DROP,
14.3248,8,STA,WIFI_DROP,
14.3272,8,STA,WIFI_DROP,
14.3296,8,STA,WIFI_DROP,
14.332,8,STA,WIFI_DROP,
14.3344,8,STA,WIFI_DROP,
14.3368,8,STA,WIFI_DROP,
14.3392,8,STA,WIFI_DROP,
14.3416,8,STA,WIFI_DROP,
14.344,8,STA,WIFI_DROP,
14.3464,8,STA,WIFI_DROP,
14.3488,8,STA,WIFI_DROP,
14.3512,8,STA,WIFI_DROP,
14.3536,8,STA,WIFI_DROP,
14.356,8,STA,WIFI_DROP,
14.3584,8,STA,WIFI_DROP,
14.3608,8,STA,WIFI_DROP,
14.3632,8,STA,WIFI_DROP,
14.3656,8,STA,WIFI_DROP,
14.368,8,STA,WIFI_DROP,
14.3704,8,STA,WIFI_DROP,
14.3728,8,STA,WIFI_DROP,
14.3752,8,STA,WIFI_DROP,
14.3776,8,STA,WIFI_DROP,
14.38,8,STA,WIFI_DROP,
14.3824,8,STA,WIFI_DROP,
14.3848,8,STA,WIFI_DROP,
14.3872,8,STA,WIFI_DROP,
14.3896,8,STA,WIFI_DROP,
14.392,8,STA,WIFI_DROP,
14.3944,8,STA,WIFI_DROP,
14.3968,8,STA,WIFI_DROP,
14.3992,8,STA,WIFI_DROP,
14.4016,8,STA,WIFI_DROP,
14.404,8,STA,WIFI_DROP,
14.4064,8,STA,WIFI_DROP,
14.4088,8,STA,WIFI_DROP,
14.4112,8,STA,WIFI_DROP,
14.4136,8,STA,WIFI_DROP,
14.416,8,STA,WIFI_DROP,
14.4184,8,STA,WIFI_DROP,
14.4208,8,STA,WIFI_DROP,
14.4232,8,STA,WIFI_DROP,
14.4256,8,STA,WIFI_DROP,
14.428,8,STA,WIFI_DROP,
14.4304,8,STA,WIFI_DROP,
14.4328,8,STA,WIFI_DROP,
14.4352,8,STA,WIFI_DROP,
14.4376,8,STA,WIFI_DROP,
14.44,8,STA,WIFI_DROP,
14.4424,8,STA,WIFI_DROP,
14.4448,8,STA,WIFI_DROP,
14.4472,8,STA,WIFI_DROP,
14.4496,8,STA,WIFI_DROP,
14.452,8,STA,WIFI_DROP,
14.4544,8,STA,WIFI_DROP,
14.4568,8,STA,WIFI_DROP,
14.4592,8,STA,WIFI_DROP,
14.4616,8,STA,WIFI_DROP,
14.464,8,STA,WIFI_DROP,
14.4664,8,STA,WIFI_DROP,
14.4688,8,STA,WIFI_DROP,
14.4712,8,STA,WIFI_DROP,
14.4736,8,STA,WIFI_DROP,
14.476,8,STA,WIFI_DROP,
14.4784,8,STA,WIFI_DROP,
14.4808,8,STA,WIFI_DROP,
14.4832,8,STA,WIFI_DROP,
14.4856,8,STA,WIFI_DROP,
14.488,8,STA,WIFI_DROP,
14.4904,8,STA,WIFI_DROP,
14.4928,8,STA,WIFI_DROP,
14.4952,8,STA,WIFI_DROP,
14.4976,8,STA,WIFI_DROP,
14.5,8,STA,WIFI_DROP,
14.5024,8,STA,WIFI_DROP,
14.5048,8,STA,WIFI_DROP,
14.5072,8,STA,WIFI_DROP,
14.5096,8,STA,WIFI_DROP,
14.512,8,STA,WIFI_DROP,
14.5144,8,STA,WIFI_DROP,
14.5168,8,STA,WIFI_DROP,
14.5192,8,STA,WIFI_DROP,
14.5216,8,STA,WIFI_DROP,
14.524,8,STA,WIFI_DROP,
14.5264,8,STA,WIFI_DROP,
14.5288,8,STA,WIFI_DROP,
14.5312,8,STA,WIFI_DROP,
14.5336,8,STA,WIFI_DROP,
14.536,8,STA,WIFI_DROP,
14.5384,8,STA,WIFI_DROP,
14.5408,8,STA,WIFI_DROP,
14.5432,8,STA,WIFI_DROP,
14.5456,8,STA,WIFI_DROP,
14.548,8,STA,WIFI_DROP,
14.5504,8,STA,WIFI_DROP,
14.5528,8,STA,WIFI_DROP,
14.5552,8,STA,WIFI_DROP,
14.5576,8,STA,WIFI_DROP,
14.56,8,STA,WIFI_DROP,
14.5624,8,STA,WIFI_DROP,
14.5648,8,STA,WIFI_DROP,
14.5672,8,STA,WIFI_DROP,
14.5696,8,STA,WIFI_DROP,
14.572,8,STA,WIFI_DROP,
14.5744,8,STA,WIFI_DROP,
14.5768,8,STA,WIFI_DROP,
14.5792,8,STA,WIFI_DROP,
14.5816,8,STA,WIFI_DROP,
14.584,8,STA,WIFI_DROP,
14.5864,8,STA,WIFI_DROP,
14.5888,8,STA,WIFI_DROP,
14.5912,8,STA,WIFI_DROP,
14.5936,8,STA,WIFI_DROP,
14.596,8,STA,WIFI_DROP,
14.5984,8,STA,WIFI_DROP,
14.6008,8,STA,WIFI_DROP,
14.6032,8,STA,WIFI_DROP,
14.6056,8,STA,WIFI_DROP,
14.608,8,STA,WIFI_DROP,
14.6104,8,STA,WIFI_DROP,
14.6128,8,STA,WIFI_DROP,
14.6152,8,STA,WIFI_DROP,
14.6176,8,STA,WIFI_DROP,
14.62,8,STA,WIFI_DROP,
14.6224,8,STA,WIFI_DROP,
14.6248,8,STA,WIFI_DROP,
14.6272,8,STA,WIFI_DROP,
14.6296,8,STA,WIFI_DROP,
14.632,8,STA,WIFI_DROP,
14.6344,8,STA,WIFI_DROP,
14.6368,8,STA,WIFI_DROP,
14.6392,8,STA,WIFI_DROP,
14.6416,8,STA,WIFI_DROP,
14.644,8,STA,WIFI_DROP,
14.6464,8,STA,WIFI_DROP,
14.6488,8,STA,WIFI_DROP,
14.6512,8,STA,WIFI_DROP,
14.6536,8,STA,WIFI_DROP,
14.656,8,STA,WIFI_DROP,
14.6584,8,STA,WIFI_DROP,
14.6608,8,STA,WIFI_DROP,
14.6632,8,STA,WIFI_DROP,
14.6656,8,STA,WIFI_DROP,
14.668,8,STA,WIFI_DROP,
14.6704,8,STA,WIFI_DROP,
14.6728,8,STA,WIFI_DROP,
14.6752,8,STA,WIFI_DROP,
14.6776,8,STA,WIFI_DROP,
14.68,8,STA,WIFI_DROP,
14.6824,8,STA,WIFI_DROP,
14.6848,8,STA,WIFI_DROP,
14.6872,8,STA,WIFI_DROP,
14.6896,8,STA,WIFI_DROP,
14.692,8,STA,WIFI_DROP,
14.6944,8,STA,WIFI_DROP,
14.6968,8,STA,WIFI_DROP,
14.6992,8,STA,WIFI_DROP,
14.7016,8,STA,WIFI_DROP,
14.704,8,STA,WIFI_DROP,
14.7064,8,STA,WIFI_DROP,
14.7088,8,STA,WIFI_DROP,
14.7112,8,STA,WIFI_DROP,
14.7136,8,STA,WIFI_DROP,
14.716,8,STA,WIFI_DROP,
14.7184,8,STA,WIFI_DROP,
14.7208,8,STA,WIFI_DROP,
14.7232,8,STA,WIFI_DROP,
14.7256,8,STA,WIFI_DROP,
14.728,8,STA,WIFI_DROP,
14.7304,8,STA,WIFI_DROP,
14.7328,8,STA,WIFI_DROP,
14.7352,8,STA,WIFI_DROP,
14.7376,8,STA,WIFI_DROP,
14.74,8,STA,WIFI_DROP,
14.7424,8,STA,WIFI_DROP,
14.7448,8,STA,WIFI_DROP,
14.7472,8,STA,WIFI_DROP,
14.7496,8,STA,WIFI_DROP,
14.752,8,STA,WIFI_DROP,
14.7544,8,STA,WIFI_DROP,
14.7568,8,STA,WIFI_DROP,
14.7592,8,STA,WIFI_DROP,
14.7616,8,STA,WIFI_DROP,
14.764,8,STA,WIFI_DROP,
14.7664,8,STA,WIFI_DROP,
14.7688,8,STA,WIFI_DROP,
14.7712,8,STA,WIFI_DROP,
14.7736,8,STA,WIFI_DROP,
14.776,8,STA,WIFI_DROP,
14.7784,8,STA,WIFI_DROP,
14.7808,8,STA,WIFI_DROP,
14.7832,8,STA,WIFI_DROP,
14.7856,8,STA,WIFI_DROP,
14.788,8,STA,WIFI_DROP,
14.7904,8,STA,WIFI_DROP,
14.7928,8,STA,WIFI_DROP,
14.7952,8,STA,WIFI_DROP,
14.7976,8,STA,WIFI_DROP,
14.8,8,STA,WIFI_DROP,
14.8024,8,STA,WIFI_DROP,
14.8048,8,STA,WIFI_DROP,
14.8072,8,STA,WIFI_DROP,
14.8096,8,STA,WIFI_DROP,
14.812,8,STA,WIFI_DROP,
14.8144,8,STA,WIFI_DROP,
14.8168,8,STA,WIFI_DROP,
14.8192,8,STA,WIFI_DROP,
14.8216,8,STA,WIFI_DROP,
14.824,8,STA,WIFI_DROP,
14.8264,8,STA,WIFI_DROP,
14.8288,8,STA,WIFI_DROP,
14.8312,8,STA,WIFI_DROP,
14.8336,8,STA,WIFI_DROP,
14.836,8,STA,WIFI_DROP,
14.8384,8,STA,WIFI_DROP,
14.8408,8,STA,WIFI_DROP,
14.8432,8,STA,WIFI_DROP,
14.8456,5,STA,WIFI_DROP,
14.8456,8,STA,WIFI_DROP,
14.848,5,STA,WIFI_DROP,
14.848,8,STA,WIFI_DROP,
14.8504,5,STA,WIFI_DROP,
14.8504,8,STA,WIFI_DROP,
14.8528,5,STA,WIFI_DROP,
14.8528,8,STA,WIFI_DROP,
14.8552,5,STA,WIFI_DROP,
14.8552,8,STA,WIFI_DROP,
14.8576,5,STA,WIFI_DROP,
14.8576,8,STA,WIFI_DROP,
14.86,5,STA,WIFI_DROP,
14.86,8,STA,WIFI_DROP,
14.8624,5,STA,WIFI_DROP,
14.8624,8,STA,WIFI_DROP,
14.8648,5,STA,WIFI_DROP,
14.8648,8,STA,WIFI_DROP,
14.8672,5,STA,WIFI_DROP,
14.8672,8,STA,WIFI_DROP,
14.8696,5,STA,WIFI_DROP,
14.8696,8,STA,WIFI_DROP,
14.872,5,STA,WIFI_DROP,
14.872,8,STA,WIFI_DROP,
14.8744,5,STA,WIFI_DROP,
14.8744,8,STA,WIFI_DROP,
14.8768,5,STA,WIFI_DROP,
14.8768,8,STA,WIFI_DROP,
14.8792,5,STA,WIFI_DROP,
14.8792,8,STA,WIFI_DROP,
14.8816,5,STA,WIFI_DROP,
14.8816,8,STA,WIFI_DROP,
14.884,5,STA,WIFI_DROP,
14.884,8,STA,WIFI_DROP,
14.8864,5,STA,WIFI_DROP,
14.8864,8,STA,WIFI_DROP,
14.8888,5,STA,WIFI_DROP,
14.8888,8,STA,WIFI_DROP,
14.8912,5,STA,WIFI_DROP,
14.8912,8,STA,WIFI_DROP,
14.8936,5,STA,WIFI_DROP,
14.8936,8,STA,WIFI_DROP,
14.896,5,STA,WIFI_DROP,
14.896,8,STA,WIFI_DROP,
14.8984,8,STA,WIFI_DROP,
14.9008,8,STA,WIFI_DROP,
14.9032,8,STA,WIFI_DROP,
14.9056,8,STA,WIFI_DROP,
14.908,8,STA,WIFI_DROP,
14.9104,8,STA,WIFI_DROP,
14.9128,8,STA,WIFI_DROP,
14.9152,8,STA,WIFI_DROP,
14.9176,8,STA,WIFI_DROP,
14.92,8,STA,WIFI_DROP,
14.9224,8,STA,WIFI_DROP,
14.9248,8,STA,WIFI_DROP,
14.9272,8,STA,WIFI_DROP,
14.9296,8,STA,WIFI_DROP,
14.932,8,STA,WIFI_DROP,
14.9344,8,STA,WIFI_DROP,
14.9368,8,STA,WIFI_DROP,
14.9392,8,STA,WIFI_DROP,
14.9416,8,STA,WIFI_DROP,
14.944,8,STA,WIFI_DROP,
14.9464,8,STA,WIFI_DROP,
14.9488,8,STA,WIFI_DROP,
14.9512,8,STA,WIFI_DROP,
14.9536,8,STA,WIFI_DROP,
14.956,8,STA,WIFI_DROP,
14.9584,8,STA,WIFI_DROP,
14.9608,8,STA,WIFI_DROP,
14.9632,8,STA,WIFI_DROP,
14.9656,8,STA,WIFI_DROP,
14.968,8,STA,WIFI_DROP,
14.9704,8,STA,WIFI_DROP,
14.9728,8,STA,WIFI_DROP,
14.9752,8,STA,WIFI_DROP,
14.9776,8,STA,WIFI_DROP,
14.98,8,STA,WIFI_DROP,
14.9824,8,STA,WIFI_DROP,
14.9848,8,STA,WIFI_DROP,
14.9872,8,STA,WIFI_DROP,
14.9896,8,STA,WIFI_DROP,
14.992,8,STA,WIFI_DROP,
14.9944,8,STA,WIFI_DROP,
14.9968,8,STA,WIFI_DROP,
14.9992,8,STA,WIFI_DROP,
15,4,STA,THROUGHPUT_MBPS,4.032000
15,5,STA,THROUGHPUT_MBPS,2.760000
15,7,STA,THROUGHPUT_MBPS,4.116000
15,9,STA,THROUGHPUT_MBPS,3.408000
15,11,STA,THROUGHPUT_MBPS,2.148000
15,12,STA,THROUGHPUT_MBPS,1.176000
15,14,STA,THROUGHPUT_MBPS,1.884000
15,15,STA,THROUGHPUT_MBPS,0.864000
15,16,STA,THROUGHPUT_MBPS,2.196000
15,17,STA,THROUGHPUT_MBPS,1.212000
15,19,STA,THROUGHPUT_MBPS,1.752000
15,20,STA,THROUGHPUT_MBPS,1.296000
15,21,STA,THROUGHPUT_MBPS,1.152000
15,1,AP,AGGREGATE_THROUGHPUT_MBPS,27.996000
15,1,AP,SENT_COUNT,8340.000000
15,1,AP,RECV_COUNT,2333.000000
15,1,AP,LATENCY_P95_MS,536.487995
15.0016,8,STA,WIFI_DROP,
15.004,8,STA,WIFI_DROP,
15.0064,8,STA,WIFI_DROP,
15.0088,8,STA,WIFI_DROP,
15.0112,8,STA,WIFI_DROP,
15.0136,8,STA,WIFI_DROP,
15.016,8,STA,WIFI_DROP,
15.0184,8,STA,WIFI_DROP,
15.0208,8,STA,WIFI_DROP,
15.0232,8,STA,WIFI_DROP,
15.0256,8,STA,WIFI_DROP,
15.028,8,STA,WIFI_DROP,
15.0304,8,STA,WIFI_DROP,
15.0328,8,STA,WIFI_DROP,
15.0352,8,STA,WIFI_DROP,
15.0376,8,STA,WIFI_DROP,
15.04,8,STA,WIFI_DROP,
15.0424,8,STA,WIFI_DROP,
15.0448,8,STA,WIFI_DROP,
15.0472,8,STA,WIFI_DROP,
15.0496,8,STA,WIFI_DROP,
15.052,8,STA,WIFI_DROP,
15.0544,8,STA,WIFI_DROP,
15.0568,8,STA,WIFI_DROP,
15.0592,8,STA,WIFI_DROP,
15.0616,8,STA,WIFI_DROP,
15.064,8,STA,WIFI_DROP,
15.0664,8,STA,WIFI_DROP,
15.0688,8,STA,WIFI_DROP,
15.0712,8,STA,WIFI_DROP,
15.0736,8,STA,WIFI_DROP,
15.076,8,STA,WIFI_DROP,
15.0784,8,STA,WIFI_DROP,
15.0808,8,STA,WIFI_DROP,
15.0832,8,STA,WIFI_DROP,
15.0856,8,STA,WIFI_DROP,
15.088,8,STA,WIFI_DROP,
15.0904,8,STA,WIFI_DROP,
15.0928,8,STA,WIFI_DROP,
15.0952,8,STA,WIFI_DROP,
15.0976,8,STA,WIFI_DROP,
15.1,8,STA,WIFI_DROP,
15.1024,8,STA,WIFI_DROP,
15.1048,8,STA,WIFI_DROP,
15.1072,8,STA,WIFI_DROP,
15.1096,8,STA,WIFI_DROP,
15.112,8,STA,WIFI_DROP,
15.1144,8,STA,WIFI_DROP,
15.1168,8,STA,WIFI_DROP,
15.1192,8,STA,WIFI_DROP,
15.1216,8,STA,WIFI_DROP,
15.124,8,STA,WIFI_DROP,
15.1264,8,STA,WIFI_DROP,
15.1288,8,STA,WIFI_DROP,
15.1312,8,STA,WIFI_DROP,
15.1336,8,STA,WIFI_DROP,
15.136,8,STA,WIFI_DROP,
15.1384,8,STA,WIFI_DROP,
15.1408,8,STA,WIFI_DROP,
15.1432,8,STA,WIFI_DROP,
15.1456,8,STA,WIFI_DROP,
15.148,8,STA,WIFI_DROP,
15.1504,8,STA,WIFI_DROP,
15.1528,8,STA,WIFI_DROP,
15.1552,8,STA,WIFI_DROP,
15.1576,8,STA,WIFI_DROP,
15.16,8,STA,WIFI_DROP,
15.1624,8,STA,WIFI_DROP,
15.1648,8,STA,WIFI_DROP,
15.1672,8,STA,WIFI_DROP,
15.1696,8,STA,WIFI_DROP,
15.172,8,STA,WIFI_DROP,
15.1744,8,STA,WIFI_DROP,
15.1768,8,STA,WIFI_DROP,
15.1792,8,STA,WIFI_DROP,
15.1816,8,STA,WIFI_DROP,
15.184,8,STA,WIFI_DROP,
15.1864,8,STA,WIFI_DROP,
15.1888,8,STA,WIFI_DROP,
15.2056,8,STA,WIFI_DROP,
15.208,8,STA,WIFI_DROP,
15.2104,8,STA,WIFI_DROP,
15.2128,8,STA,WIFI_DROP,
15.2152,8,STA,WIFI_DROP,
15.2176,8,STA,WIFI_DROP,
15.22,8,STA,WIFI_DROP,
15.2224,8,STA,WIFI_DROP,
15.2248,8,STA,WIFI_DROP,
15.2272,8,STA,WIFI_DROP,
15.2296,8,STA,WIFI_DROP,
15.232,8,STA,WIFI_DROP,
15.2344,8,STA,WIFI_DROP,
15.2368,8,STA,WIFI_DROP,
15.2392,8,STA,WIFI_DROP,
15.2416,8,STA,WIFI_DROP,
15.244,8,STA,WIFI_DROP,
15.2464,8,STA,WIFI_DROP,
15.2488,8,STA,WIFI_DROP,
15.2512,8,STA,WIFI_DROP,
15.2536,8,STA,WIFI_DROP,
15.256,8,STA,WIFI_DROP,
15.256,14,STA,WIFI_DROP,
15.2584,8,STA,WIFI_DROP,
15.2584,14,STA,WIFI_DROP,
15.2608,8,STA,WIFI_DROP,
15.2608,14,STA,WIFI_DROP,
15.2632,8,STA,WIFI_DROP,
15.2632,14,STA,WIFI_DROP,
15.2656,8,STA,WIFI_DROP,
15.2656,14,STA,WIFI_DROP,
15.268,8,STA,WIFI_DROP,
15.268,14,STA,WIFI_DROP,
15.2704,8,STA,WIFI_DROP,
15.2704,14,STA,WIFI_DROP,
15.2728,8,STA,WIFI_DROP,
15.2728,14,STA,WIFI_DROP,
15.2752,8,STA,WIFI_DROP,
15.2752,14,STA,WIFI_DROP,
15.2776,8,STA,WIFI_DROP,
15.2776,14,STA,WIFI_DROP,
15.28,8,STA,WIFI_DROP,
15.28,14,STA,WIFI_DROP,
15.2824,8,STA,WIFI_DROP,
15.2824,14,STA,WIFI_DROP,
15.2848,8,STA,WIFI_DROP,
15.2848,14,STA,WIFI_DROP,
15.2872,8,STA,WIFI_DROP,
15.2872,14,STA,WIFI_DROP,
15.2896,8,STA,WIFI_DROP,
15.2896,14,STA,WIFI_DROP,
15.292,8,STA,WIFI_DROP,
15.292,14,STA,WIFI_DROP,
15.2944,8,STA,WIFI_DROP,
15.2944,14,STA,WIFI_DROP,
15.2968,8,STA,WIFI_DROP,
15.2968,14,STA,WIFI_DROP,
15.2992,8,STA,WIFI_DROP,
15.2992,14,STA,WIFI_DROP,
15.3016,8,STA,WIFI_DROP,
15.3016,14,STA,WIFI_DROP,
15.304,8,STA,WIFI_DROP,
15.304,14,STA,WIFI_DROP,
15.3064,8,STA,WIFI_DROP,
15.3064,14,STA,WIFI_DROP,
15.3088,8,STA,WIFI_DROP,
15.3088,14,STA,WIFI_DROP,
15.3112,8,STA,WIFI_DROP,
15.3112,14,STA,WIFI_DROP,
15.3136,8,STA,WIFI_DROP,
15.3136,14,STA,WIFI_DROP,
15.316,8,STA,WIFI_DROP,
15.316,14,STA,WIFI_DROP,
15.3184,8,STA,WIFI_DROP,
15.3184,14,STA,WIFI_DROP,
15.3208,8,STA,WIFI_DROP,
15.3208,14,STA,WIFI_DROP,
15.3232,8,STA,WIFI_DROP,
15.3232,14,STA,WIFI_DROP,
15.3256,8,STA,WIFI_DROP,
15.3256,14,STA,WIFI_DROP,
15.328,8,STA,WIFI_DROP,
15.328,14,STA,WIFI_DROP,
15.3304,8,STA,WIFI_DROP,
15.3304,14,STA,WIFI_DROP,
15.3328,8,STA,WIFI_DROP,
15.3328,14,STA,WIFI_DROP,
15.3352,8,STA,WIFI_DROP,
15.3352,14,STA,WIFI_DROP,
15.3376,8,STA,WIFI_DROP,
15.3376,14,STA,WIFI_DROP,
15.34,8,STA,WIFI_DROP,
15.34,14,STA,WIFI_DROP,
15.3424,8,STA,WIFI_DROP,
15.3424,14,STA,WIFI_DROP,
15.3448,8,STA,WIFI_DROP,
15.3448,14,STA,WIFI_DROP,
15.3472,8,STA,WIFI_DROP,
15.3472,14,STA,WIFI_DROP,
15.3496,8,STA,WIFI_DROP,
15.3496,14,STA,WIFI_DROP,
15.352,8,STA,WIFI_DROP,
15.352,14,STA,WIFI_DROP,
15.3544,8,STA,WIFI_DROP,
15.3544,14,STA,WIFI_DROP,
15.3568,8,STA,WIFI_DROP,
15.3568,14,STA,WIFI_DROP,
15.3592,8,STA,WIFI_DROP,
15.3592,14,STA,WIFI_DROP,
15.3616,8,STA,WIFI_DROP,
15.3616,14,STA,WIFI_DROP,
15.364,8,STA,WIFI_DROP,
15.364,14,STA,WIFI_DROP,
15.3664,8,STA,WIFI_DROP,
15.3664,14,STA,WIFI_DROP,
15.3688,8,STA,WIFI_DROP,
15.3688,14,STA,WIFI_DROP,
15.3712,8,STA,WIFI_DROP,
15.3712,14,STA,WIFI_DROP,
15.3736,8,STA,WIFI_DROP,
15.3736,14,STA,WIFI_DROP,
15.376,8,STA,WIFI_DROP,
15.376,14,STA,WIFI_DROP,
15.3784,8,STA,WIFI_DROP,
15.3784,14,STA,WIFI_DROP,
15.3808,8,STA,WIFI_DROP,
15.3808,14,STA,WIFI_DROP,
15.3832,8,STA,WIFI_DROP,
15.3832,14,STA,WIFI_DROP,
15.3856,8,STA,WIFI_DROP,
15.3856,14,STA,WIFI_DROP,
15.388,8,STA,WIFI_DROP,
15.388,14,STA,WIFI_DROP,
15.3904,8,STA,WIFI_DROP,
15.3904,14,STA,WIFI_DROP,
15.3928,8,STA,WIFI_DROP,
15.3928,14,STA,WIFI_DROP,
15.3952,8,STA,WIFI_DROP,
15.3952,14,STA,WIFI_DROP,
15.3976,8,STA,WIFI_DROP,
15.3976,14,STA,WIFI_DROP,
15.4,8,STA,WIFI_DROP,
15.4,14,STA,WIFI_DROP,
15.4024,8,STA,WIFI_DROP,
15.4024,14,STA,WIFI_DROP,
15.4048,8,STA,WIFI_DROP,
15.4048,14,STA,WIFI_DROP,
15.4072,8,STA,WIFI_DROP,
15.4072,14,STA,WIFI_DROP,
15.4096,14,STA,WIFI_DROP,
15.412,14,STA,WIFI_DROP,
15.4144,14,STA,WIFI_DROP,
15.4168,14,STA,WIFI_DROP,
15.4192,14,STA,WIFI_DROP,
15.4216,14,STA,WIFI_DROP,
15.424,14,STA,WIFI_DROP,
15.4264,14,STA,WIFI_DROP,
15.4288,14,STA,WIFI_DROP,
15.4312,14,STA,WIFI_DROP,
15.4336,14,STA,WIFI_DROP,
15.436,14,STA,WIFI_DROP,
15.4384,14,STA,WIFI_DROP,
15.4408,14,STA,WIFI_DROP,
15.4432,14,STA,WIFI_DROP,
15.4456,14,STA,WIFI_DROP,
15.448,14,STA,WIFI_DROP,
15.4504,14,STA,WIFI_DROP,
15.4528,14,STA,WIFI_DROP,
15.4552,14,STA,WIFI_DROP,
15.4576,11,STA,WIFI_DROP,
15.4576,14,STA,WIFI_DROP,
15.46,11,STA,WIFI_DROP,
15.46,14,STA,WIFI_DROP,
15.4624,11,STA,WIFI_DROP,
15.4624,14,STA,WIFI_DROP,
15.4648,11,STA,WIFI_DROP,
15.4648,14,STA,WIFI_DROP,
15.4672,11,STA,WIFI_DROP,
15.4672,14,STA,WIFI_DROP,
15.4696,11,STA,WIFI_DROP,
15.4696,14,STA,WIFI_DROP,
15.472,11,STA,WIFI_DROP,
15.472,14,STA,WIFI_DROP,
15.4744,11,STA,WIFI_DROP,
15.4744,14,STA,WIFI_DROP,
15.4768,11,STA,WIFI_DROP,
15.4768,14,STA,WIFI_DROP,
15.4792,11,STA,WIFI_DROP,
15.4792,14,STA,WIFI_DROP,
15.4816,11,STA,WIFI_DROP,
15.4816,14,STA,WIFI_DROP,
15.484,11,STA,WIFI_DROP,
15.484,14,STA,WIFI_DROP,
15.4864,11,STA,WIFI_DROP,
15.4864,14,STA,WIFI_DROP,
15.4888,11,STA,WIFI_DROP,
15.4888,14,STA,WIFI_DROP,
15.4912,11,STA,WIFI_DROP,
15.4912,14,STA,WIFI_DROP,
15.4936,11,STA,WIFI_DROP,
15.4936,14,STA,WIFI_DROP,
15.496,11,STA,WIFI_DROP,
15.496,14,STA,WIFI_DROP,
15.4984,11,STA,WIFI_DROP,
15.4984,14,STA,WIFI_DROP,
15.5008,11,STA,WIFI_DROP,
15.5008,14,STA,WIFI_DROP,
15.5032,11,STA,WIFI_DROP,
15.5032,14,STA,WIFI_DROP,
15.5056,11,STA,WIFI_DROP,
15.5056,14,STA,WIFI_DROP,
15.508,11,STA,WIFI_DROP,
15.508,14,STA,WIFI_DROP,
15.5104,11,STA,WIFI_DROP,
15.5104,14,STA,WIFI_DROP,
15.5128,11,STA,WIFI_DROP,
15.5128,14,STA,WIFI_DROP,
15.5152,11,STA,WIFI_DROP,
15.5152,14,STA,WIFI_DROP,
15.5176,11,STA,WIFI_DROP,
15.5176,14,STA,WIFI_DROP,
15.52,11,STA,WIFI_DROP,
15.52,14,STA,WIFI_DROP,
15.5224,11,STA,WIFI_DROP,
15.5224,14,STA,WIFI_DROP,
15.5248,11,STA,WIFI_DROP,
15.5248,14,STA,WIFI_DROP,
15.5272,11,STA,WIFI_DROP,
15.5272,14,STA,WIFI_DROP,
15.5296,11,STA,WIFI_DROP,
15.5296,14,STA,WIFI_DROP,
15.532,11,STA,WIFI_DROP,
15.532,14,STA,WIFI_DROP,
15.5344,11,STA,WIFI_DROP,
15.5344,14,STA,WIFI_DROP,
15.5368,11,STA,WIFI_DROP,
15.5368,14,STA,WIFI_DROP,
15.5392,11,STA,WIFI_DROP,
15.5392,14,STA,WIFI_DROP,
15.5416,11,STA,WIFI_DROP,
15.5416,14,STA,WIFI_DROP,
15.544,11,STA,WIFI_DROP,
15.544,14,STA,WIFI_DROP,
15.5464,11,STA,WIFI_DROP,
15.5464,14,STA,WIFI_DROP,
15.5488,11,STA,WIFI_DROP,
15.5488,14,STA,WIFI_DROP,
15.5512,11,STA,WIFI_DROP,
15.5512,14,STA,WIFI_DROP,
15.5536,11,STA,WIFI_DROP,
15.5536,14,STA,WIFI_DROP,
15.556,11,STA,WIFI_DROP,
15.556,14,STA,WIFI_DROP,
15.5584,11,STA,WIFI_DROP,
15.5584,14,STA,WIFI_DROP,
15.5608,11,STA,WIFI_DROP,
15.5608,14,STA,WIFI_DROP,
15.5632,11,STA,WIFI_DROP,
15.5632,14,STA,WIFI_DROP,
15.5656,11,STA,WIFI_DROP,
15.5656,14,STA,WIFI_DROP,
15.568,11,STA,WIFI_DROP,
15.568,14,STA,WIFI_DROP,
15.5704,11,STA,WIFI_DROP,
15.5704,14,STA,WIFI_DROP,
15.5728,11,STA,WIFI_DROP,
15.5728,14,STA,WIFI_DROP,
15.5752,11,STA,WIFI_DROP,
15.5752,14,STA,WIFI_DROP,
15.5776,11,STA,WIFI_DROP,
15.5776,14,STA,WIFI_DROP,
15.58,11,STA,WIFI_DROP,
15.58,14,STA,WIFI_DROP,
15.5824,11,STA,WIFI_DROP,
15.5824,14,STA,WIFI_DROP,
15.5848,11,STA,WIFI_DROP,
15.5848,14,STA,WIFI_DROP,
15.5872,11,STA,WIFI_DROP,
15.5872,14,STA,WIFI_DROP,
15.5896,11,STA,WIFI_DROP,
15.5896,14,STA,WIFI_DROP,
15.592,11,STA,WIFI_DROP,
15.592,14,STA,WIFI_DROP,
15.5944,11,STA,WIFI_DROP,
15.5944,14,STA,WIFI_DROP,
15.5968,11,STA,WIFI_DROP,
15.5968,14,STA,WIFI_DROP,
15.5992,11,STA,WIFI_DROP,
15.5992,14,STA,WIFI_DROP,
15.6016,11,STA,WIFI_DROP,
15.6016,14,STA,WIFI_DROP,
15.604,11,STA,WIFI_DROP,
15.604,14,STA,WIFI_DROP,
15.6064,11,STA,WIFI_DROP,
15.6064,14,STA,WIFI_DROP,
15.6088,11,STA,WIFI_DROP,
15.6088,14,STA,WIFI_DROP,
15.6112,14,STA,WIFI_DROP,
15.6136,14,STA,WIFI_DROP,
15.616,14,STA,WIFI_DROP,
15.6184,14,STA,WIFI_DROP,
15.6208,14,STA,WIFI_DROP,
15.6232,14,STA,WIFI_DROP,
15.6256,14,STA,WIFI_DROP,
15.628,14,STA,WIFI_DROP,
15.6304,14,STA,WIFI_DROP,
15.6328,14,STA,WIFI_DROP,
15.6352,14,STA,WIFI_DROP,
15.6376,14,STA,WIFI_DROP,
15.64,14,STA,WIFI_DROP,
15.6424,14,STA,WIFI_DROP,
15.6448,14,STA,WIFI_DROP,
15.6472,14,STA,WIFI_DROP,
15.6496,14,STA,WIFI_DROP,
15.652,14,STA,WIFI_DROP,
15.6544,14,STA,WIFI_DROP,
15.6568,14,STA,WIFI_DROP,
15.6592,14,STA,WIFI_DROP,
15.6616,14,STA,WIFI_DROP,
15.6616,20,STA,WIFI_DROP,
15.664,14,STA,WIFI_DROP,
15.664,20,STA,WIFI_DROP,
15.6664,14,STA,WIFI_DROP,
15.6664,20,STA,WIFI_DROP,
15.6688,14,STA,WIFI_DROP,
15.6688,20,STA,WIFI_DROP,
15.6712,14,STA,WIFI_DROP,
15.6712,20,STA,WIFI_DROP,
15.6736,14,STA,WIFI_DROP,
15.6736,20,STA,WIFI_DROP,
15.676,14,STA,WIFI_DROP,
15.676,20,STA,WIFI_DROP,
15.6784,14,STA,WIFI_DROP,
15.6784,20,STA,WIFI_DROP,
15.6808,14,STA,WIFI_DROP,
15.6808,20,STA,WIFI_DROP,
15.6832,14,STA,WIFI_DROP,
15.6832,20,STA,WIFI_DROP,
15.6856,14,STA,WIFI_DROP,
15.6856,20,STA,WIFI_DROP,
15.688,14,STA,WIFI_DROP,
15.688,20,STA,WIFI_DROP,
15.6904,14,STA,WIFI_DROP,
15.6904,20,STA,WIFI_DROP,
15.6928,14,STA,WIFI_DROP,
15.6928,20,STA,WIFI_DROP,
15.6952,14,STA,WIFI_DROP,
15.6952,20,STA,WIFI_DROP,
15.6976,14,STA,WIFI_DROP,
15.6976,20,STA,WIFI_DROP,
15.7,14,STA,WIFI_DROP,
15.7,20,STA,WIFI_DROP,
15.7024,14,STA,WIFI_DROP,
15.7024,20,STA,WIFI_DROP,
15.7048,14,STA,WIFI_DROP,
15.7048,20,STA,WIFI_DROP,
15.7072,14,STA,WIFI_DROP,
15.7072,20,STA,WIFI_DROP,
15.7096,20,STA,WIFI_DROP,
15.712,20,STA,WIFI_DROP,
15.7144,20,STA,WIFI_DROP,
15.7168,20,STA,WIFI_DROP,
15.7192,20,STA,WIFI_DROP,
15.7216,20,STA,WIFI_DROP,
15.724,20,STA,WIFI_DROP,
15.7264,20,STA,WIFI_DROP,
15.7288,20,STA,WIFI_DROP,
15.7312,20,STA,WIFI_DROP,
15.7336,20,STA,WIFI_DROP,
15.736,20,STA,WIFI_DROP,
15.7384,20,STA,WIFI_DROP,
15.7408,20,STA,WIFI_DROP,
15.7432,20,STA,WIFI_DROP,
15.7456,20,STA,WIFI_DROP,
15.748,20,STA,WIFI_DROP,
15.7504,20,STA,WIFI_DROP,
15.7528,20,STA,WIFI_DROP,
15.7552,20,STA,WIFI_DROP,
15.7576,20,STA,WIFI_DROP,
15.76,20,STA,WIFI_DROP,
15.7624,20,STA,WIFI_DROP,
15.7648,20,STA,WIFI_DROP,
15.7672,20,STA,WIFI_DROP,
15.7696,20,STA,WIFI_DROP,
15.772,20,STA,WIFI_DROP,
15.7744,20,STA,WIFI_DROP,
15.7768,20,STA,WIFI_DROP,
15.7792,20,STA,WIFI_DROP,
15.7816,20,STA,WIFI_DROP,
15.784,20,STA,WIFI_DROP,
15.7864,20,STA,WIFI_DROP,
15.7888,20,STA,WIFI_DROP,
15.7912,20,STA,WIFI_DROP,
15.7936,20,STA,WIFI_DROP,
15.796,20,STA,WIFI_DROP,
15.7984,20,STA,WIFI_DROP,
15.8008,20,STA,WIFI_DROP,
15.8032,20,STA,WIFI_DROP,
15.8056,20,STA,WIFI_DROP,
15.808,20,STA,WIFI_DROP,
15.8104,20,STA,WIFI_DROP,
15.8128,20,STA,WIFI_DROP,
15.8152,20,STA,WIFI_DROP,
15.8176,20,STA,WIFI_DROP,
15.82,20,STA,WIFI_DROP,
15.8224,20,STA,WIFI_DROP,
15.8248,20,STA,WIFI_DROP,
15.8272,20,STA,WIFI_DROP,
15.8296,20,STA,WIFI_DROP,
15.832,20,STA,WIFI_DROP,
15.8344,20,STA,WIFI_DROP,
15.8368,20,STA,WIFI_DROP,
15.8392,20,STA,WIFI_DROP,
15.8416,20,STA,WIFI_DROP,
15.844,20,STA,WIFI_DROP,
15.8464,20,STA,WIFI_DROP,
15.8488,20,STA,WIFI_DROP,
15.8512,20,STA,WIFI_DROP,
15.8536,20,STA,WIFI_DROP,
15.856,20,STA,WIFI_DROP,
15.8584,20,STA,WIFI_DROP,
15.8608,20,STA,WIFI_DROP,
15.8632,20,STA,WIFI_DROP,
15.8656,20,STA,WIFI_DROP,
15.868,20,STA,WIFI_DROP,
15.8704,20,STA,WIFI_DROP,
15.8728,20,STA,WIFI_DROP,
15.8752,20,STA,WIFI_DROP,
15.8776,20,STA,WIFI_DROP,
15.88,20,STA,WIFI_DROP,
15.8824,20,STA,WIFI_DROP,
15.8848,20,STA,WIFI_DROP,
15.8872,20,STA,WIFI_DROP,
15.8896,20,STA,WIFI_DROP,
15.892,20,STA,WIFI_DROP,
15.8944,20,STA,WIFI_DROP,
15.8968,20,STA,WIFI_DROP,
15.8992,20,STA,WIFI_DROP,
15.9016,20,STA,WIFI_DROP,
15.904,20,STA,WIFI_DROP,
15.9064,20,STA,WIFI_DROP,
15.9088,20,STA,WIFI_DROP,
15.9112,20,STA,WIFI_DROP,
15.9136,20,STA,WIFI_DROP,
15.916,20,STA,WIFI_DROP,
15.9184,20,STA,WIFI_DROP,
15.9208,20,STA,WIFI_DROP,
15.9232,20,STA,WIFI_DROP,
15.9256,20,STA,WIFI_DROP,
15.928,20,STA,WIFI_DROP,
15.9304,20,STA,WIFI_DROP,
15.9328,20,STA,WIFI_DROP,
15.9352,20,STA,WIFI_DROP,
15.9376,20,STA,WIFI_DROP,
15.94,20,STA,WIFI_DROP,
15.9424,20,STA,WIFI_DROP,
15.9448,20,STA,WIFI_DROP,
15.9472,20,STA,WIFI_DROP,
15.9496,20,STA,WIFI_DROP,
15.952,20,STA,WIFI_DROP,
15.9544,20,STA,WIFI_DROP,
15.9568,20,STA,WIFI_DROP,
15.9592,20,STA,WIFI_DROP,
15.9616,20,STA,WIFI_DROP,
15.964,20,STA,WIFI_DROP,
15.9664,20,STA,WIFI_DROP,
15.9688,20,STA,WIFI_DROP,
15.9712,20,STA,WIFI_DROP,
15.9736,20,STA,WIFI_DROP,
15.976,20,STA,WIFI_DROP,
15.9784,20,STA,WIFI_DROP,
15.9808,20,STA,WIFI_DROP,
15.9832,20,STA,WIFI_DROP,
15.9856,20,STA,WIFI_DROP,
15.988,20,STA,WIFI_DROP,
15.9904,20,STA,WIFI_DROP,
15.9928,20,STA,WIFI_DROP,
15.9952,20,STA,WIFI_DROP,
15.9976,20,STA,WIFI_DROP,
16,4,STA,THROUGHPUT_MBPS,3.084000
16,5,STA,THROUGHPUT_MBPS,1.572000
16,7,STA,THROUGHPUT_MBPS,2.964000
16,9,STA,THROUGHPUT_MBPS,2.952000
16,11,STA,THROUGHPUT_MBPS,2.496000
16,12,STA,THROUGHPUT_MBPS,4.428000
16,15,STA,THROUGHPUT_MBPS,2.856000
16,16,STA,THROUGHPUT_MBPS,1.260000
16,17,STA,THROUGHPUT_MBPS,4.164000
16,19,STA,THROUGHPUT_MBPS,3.972000
16,20,STA,THROUGHPUT_MBPS,1.272000
16,21,STA,THROUGHPUT_MBPS,1.548000
16,1,AP,AGGREGATE_THROUGHPUT_MBPS,32.568000
16,1,AP,SENT_COUNT,8320.000000
16,1,AP,RECV_COUNT,2714.000000
16,1,AP,LATENCY_P95_MS,546.192085
16,20,STA,WIFI_DROP,
16.0024,20,STA,WIFI_DROP,
16.0048,20,STA,WIFI_DROP,
16.0072,20,STA,WIFI_DROP,
16.0096,20,STA,WIFI_DROP,
16.012,20,STA,WIFI_DROP,
16.0144,20,STA,WIFI_DROP,
16.0168,20,STA,WIFI_DROP,
16.0192,20,STA,WIFI_DROP,
16.0216,20,STA,WIFI_DROP,
16.024,20,STA,WIFI_DROP,
16.0264,20,STA,WIFI_DROP,
16.0288,20,STA,WIFI_DROP,
16.0312,20,STA,WIFI_DROP,
16.0336,20,STA,WIFI_DROP,
16.036,20,STA,WIFI_DROP,
16.0384,20,STA,WIFI_DROP,
16.0408,20,STA,WIFI_DROP,
16.0432,20,STA,WIFI_DROP,
16.0456,20,STA,WIFI_DROP,
16.048,20,STA,WIFI_DROP,
16.0504,20,STA,WIFI_DROP,
16.0528,20,STA,WIFI_DROP,
16.0552,20,STA,WIFI_DROP,
16.0576,20,STA,WIFI_DROP,
16.06,20,STA,WIFI_DROP,
16.0624,20,STA,WIFI_DROP,
16.0648,20,STA,WIFI_DROP,
16.0672,20,STA,WIFI_DROP,
16.0696,20,STA,WIFI_DROP,
16.072,20,STA,WIFI_DROP,
16.0744,20,STA,WIFI_DROP,
16.0768,20,STA,WIFI_DROP,
16.0792,20,STA,WIFI_DROP,
16.0816,20,STA,WIFI_DROP,
16.084,20,STA,WIFI_DROP,
16.0864,20,STA,WIFI_DROP,
16.0888,20,STA,WIFI_DROP,
16.0912,20,STA,WIFI_DROP,
16.0936,20,STA,WIFI_DROP,
16.096,20,STA,WIFI_DROP,
16.0984,20,STA,WIFI_DROP,
16.1008,20,STA,WIFI_DROP,
16.1032,20,STA,WIFI_DROP,
16.1056,20,STA,WIFI_DROP,
16.108,20,STA,WIFI_DROP,
16.1104,20,STA,WIFI_DROP,
16.1128,20,STA,WIFI_DROP,
16.1152,20,STA,WIFI_DROP,
16.1176,20,STA,WIFI_DROP,
16.12,20,STA,WIFI_DROP,
16.1224,20,STA,WIFI_DROP,
16.1248,20,STA,WIFI_DROP,
16.1272,20,STA,WIFI_DROP,
16.1296,20,STA,WIFI_DROP,
16.132,20,STA,WIFI_DROP,
16.1344,20,STA,WIFI_DROP,
16.1368,20,STA,WIFI_DROP,
16.1392,20,STA,WIFI_DROP,
16.1416,20,STA,WIFI_DROP,
16.144,20,STA,WIFI_DROP,
16.1464,20,STA,WIFI_DROP,
16.1488,20,STA,WIFI_DROP,
16.1512,20,STA,WIFI_DROP,
16.1536,20,STA,WIFI_DROP,
16.156,20,STA,WIFI_DROP,
16.1584,20,STA,WIFI_DROP,
16.1608,20,STA,WIFI_DROP,
16.1632,20,STA,WIFI_DROP,
16.1656,20,STA,WIFI_DROP,
16.168,20,STA,WIFI_DROP,
16.1704,20,STA,WIFI_DROP,
16.1728,20,STA,WIFI_DROP,
16.1752,20,STA,WIFI_DROP,
16.1776,7,STA,WIFI_DROP,
16.1776,20,STA,WIFI_DROP,
16.18,7,STA,WIFI_DROP,
16.18,20,STA,WIFI_DROP,
16.1824,7,STA,WIFI_DROP,
16.1824,20,STA,WIFI_DROP,
16.1848,7,STA,WIFI_DROP,
16.1848,20,STA,WIFI_DROP,
16.1872,7,STA,WIFI_DROP,
16.1872,20,STA,WIFI_DROP,
16.1896,7,STA,WIFI_DROP,
16.1896,20,STA,WIFI_DROP,
16.192,7,STA,WIFI_DROP,
16.192,20,STA,WIFI_DROP,
16.1944,7,STA,WIFI_DROP,
16.1944,20,STA,WIFI_DROP,
16.1968,7,STA,WIFI_DROP,
16.1968,20,STA,WIFI_DROP,
16.1992,7,STA,WIFI_DROP,
16.1992,20,STA,WIFI_DROP,
16.2016,7,STA,WIFI_DROP,
16.2016,20,STA,WIFI_DROP,
16.204,7,STA,WIFI_DROP,
16.204,20,STA,WIFI_DROP,
16.2064,7,STA,WIFI_DROP,
16.2064,20,STA,WIFI_DROP,
16.2088,7,STA,WIFI_DROP,
16.2088,20,STA,WIFI_DROP,
16.2112,7,STA,WIFI_DROP,
16.2112,20,STA,WIFI_DROP,
16.2136,7,STA,WIFI_DROP,
16.2136,20,STA,WIFI_DROP,
16.216,7,STA,WIFI_DROP,
16.216,20,STA,WIFI_DROP,
16.2184,7,STA,WIFI_DROP,
16.2184,20,STA,WIFI_DROP,
16.2208,7,STA,WIFI_DROP,
16.2208,20,STA,WIFI_DROP,
16.2232,7,STA,WIFI_DROP,
16.2232,20,STA,WIFI_DROP,
16.2256,7,STA,WIFI_DROP,
16.2256,20,STA,WIFI_DROP,
16.228,7,STA,WIFI_DROP,
16.228,20,STA,WIFI_DROP,
16.2304,20,STA,WIFI_DROP,
16.2328,20,STA,WIFI_DROP,
16.2352,20,STA,WIFI_DROP,
16.2376,20,STA,WIFI_DROP,
16.24,20,STA,WIFI_DROP,
16.2424,20,STA,WIFI_DROP,
16.2448,20,STA,WIFI_DROP,
16.2472,20,STA,WIFI_DROP,
16.2496,20,STA,WIFI_DROP,
16.252,20,STA,WIFI_DROP,
16.2544,20,STA,WIFI_DROP,
16.2568,20,STA,WIFI_DROP,
16.2592,20,STA,WIFI_DROP,
16.2616,20,STA,WIFI_DROP,
16.264,20,STA,WIFI_DROP,
16.2664,20,STA,WIFI_DROP,
16.2688,20,STA,WIFI_DROP,
16.2712,20,STA,WIFI_DROP,
16.2736,20,STA,WIFI_DROP,
16.276,20,STA,WIFI_DROP,
16.2784,20,STA,WIFI_DROP,
16.2808,20,STA,WIFI_DROP,
16.2832,20,STA,WIFI_DROP,
16.2856,20,STA,WIFI_DROP,
16.288,20,STA,WIFI_DROP,
16.2904,20,STA,WIFI_DROP,
16.2928,20,STA,WIFI_DROP,
16.2952,20,STA,WIFI_DROP,
16.2976,20,STA,WIFI_DROP,
16.3,20,STA,WIFI_DROP,
16.3024,20,STA,WIFI_DROP,
16.3048,20,STA,WIFI_DROP,
16.3072,20,STA,WIFI_DROP,
16.3096,20,STA,WIFI_DROP,
16.312,20,STA,WIFI_DROP,
16.3144,20,STA,WIFI_DROP,
16.3168,20,STA,WIFI_DROP,
16.3192,20,STA,WIFI_DROP,
16.3216,20,STA,WIFI_DROP,
16.324,20,STA,WIFI_DROP,
16.3264,20,STA,WIFI_DROP,
16.3288,20,STA,WIFI_DROP,
16.3312,20,STA,WIFI_DROP,
16.3336,20,STA,WIFI_DROP,
16.336,20,STA,WIFI_DROP,
16.3384,20,STA,WIFI_DROP,
16.3408,20,STA,WIFI_DROP,
16.3432,20,STA,WIFI_DROP,
16.3456,20,STA,WIFI_DROP,
16.348,20,STA,WIFI_DROP,
16.3504,20,STA,WIFI_DROP,
16.3528,20,STA,WIFI_DROP,
16.3552,20,STA,WIFI_DROP,
16.3576,20,STA,WIFI_DROP,
16.36,20,STA,WIFI_DROP,
16.3624,20,STA,WIFI_DROP,
16.3648,20,STA,WIFI_DROP,
16.3672,20,STA,WIFI_DROP,
16.3696,20,STA,WIFI_DROP,
16.372,20,STA,WIFI_DROP,
16.3744,20,STA,WIFI_DROP,
16.3768,20,STA,WIFI_DROP,
16.3792,20,STA,WIFI_DROP,
16.3816,20,STA,WIFI_DROP,
16.384,20,STA,WIFI_DROP,
16.3864,20,STA,WIFI_DROP,
16.3888,20,STA,WIFI_DROP,
16.3912,20,STA,WIFI_DROP,
16.3936,20,STA,WIFI_DROP,
16.396,20,STA,WIFI_DROP,
16.3984,20,STA,WIFI_DROP,
16.4008,20,STA,WIFI_DROP,
16.4032,20,STA,WIFI_DROP,
16.4056,20,STA,WIFI_DROP,
16.408,20,STA,WIFI_DROP,
16.4104,20,STA,WIFI_DROP,
16.4128,20,STA,WIFI_DROP,
16.4152,20,STA,WIFI_DROP,
16.4176,20,STA,WIFI_DROP,
16.42,20,STA,WIFI_DROP,
16.4224,20,STA,WIFI_DROP,
16.4248,20,STA,WIFI_DROP,
16.4272,20,STA,WIFI_DROP,
16.4296,20,STA,WIFI_DROP,
16.432,20,STA,WIFI_DROP,
16.4344,20,STA,WIFI_DROP,
16.4368,20,STA,WIFI_DROP,
16.4392,20,STA,WIFI_DROP,
16.4416,20,STA,WIFI_DROP,
16.444,20,STA,WIFI_DROP,
16.4464,20,STA,WIFI_DROP,
16.4488,20,STA,WIFI_DROP,
16.4512,20,STA,WIFI_DROP,
16.4536,20,STA,WIFI_DROP,
16.456,20,STA,WIFI_DROP,
16.4584,20,STA,WIFI_DROP,
16.4608,20,STA,WIFI_DROP,
16.4632,20,STA,WIFI_DROP,
16.6336,11,STA,WIFI_DROP,
16.636,11,STA,WIFI_DROP,
16.6384,11,STA,WIFI_DROP,
16.6408,11,STA,WIFI_DROP,
16.6432,11,STA,WIFI_DROP,
16.6456,11,STA,WIFI_DROP,
16.648,11,STA,WIFI_DROP,
16.6504,11,STA,WIFI_DROP,
16.6528,11,STA,WIFI_DROP,
16.6552,11,STA,WIFI_DROP,
16.6576,11,STA,WIFI_DROP,
16.66,11,STA,WIFI_DROP,
16.6624,11,STA,WIFI_DROP,
16.6648,11,STA,WIFI_DROP,
16.6672,11,STA,WIFI_DROP,
16.6696,11,STA,WIFI_DROP,
16.672,11,STA,WIFI_DROP,
16.6744,11,STA,WIFI_DROP,
16.6768,11,STA,WIFI_DROP,
16.6792,11,STA,WIFI_DROP,
16.6816,11,STA,WIFI_DROP,
16.684,11,STA,WIFI_DROP,
16.6864,11,STA,WIFI_DROP,
16.6888,11,STA,WIFI_DROP,
16.6912,11,STA,WIFI_DROP,
16.6936,11,STA,WIFI_DROP,
16.696,11,STA,WIFI_DROP,
16.6984,11,STA,WIFI_DROP,
16.7008,11,STA,WIFI_DROP,
16.7032,11,STA,WIFI_DROP,
16.7056,11,STA,WIFI_DROP,
16.708,11,STA,WIFI_DROP,
16.7104,11,STA,WIFI_DROP,
16.7128,11,STA,WIFI_DROP,
16.7152,11,STA,WIFI_DROP,
16.7176,11,STA,WIFI_DROP,
16.72,11,STA,WIFI_DROP,
16.7224,11,STA,WIFI_DROP,
16.7248,11,STA,WIFI_DROP,
16.7272,11,STA,WIFI_DROP,
16.7296,11,STA,WIFI_DROP,
16.732,11,STA,WIFI_DROP,
16.7344,11,STA,WIFI_DROP,
16.7368,11,STA,WIFI_DROP,
16.7392,11,STA,WIFI_DROP,
16.7416,11,STA,WIFI_DROP,
16.744,11,STA,WIFI_DROP,
16.7464,11,STA,WIFI_DROP,
16.7488,11,STA,WIFI_DROP,
16.7512,11,STA,WIFI_DROP,
16.7536,11,STA,WIFI_DROP,
16.756,11,STA,WIFI_DROP,
16.7584,11,STA,WIFI_DROP,
16.7608,11,STA,WIFI_DROP,
16.7632,11,STA,WIFI_DROP,
16.7656,11,STA,WIFI_DROP,
16.768,11,STA,WIFI_DROP,
16.7704,11,STA,WIFI_DROP,
16.7728,11,STA,WIFI_DROP,
16.7752,11,STA,WIFI_DROP,
16.7776,11,STA,WIFI_DROP,
16.78,11,STA,WIFI_DROP,
16.7824,11,STA,WIFI_DROP,
16.7848,11,STA,WIFI_DROP,
16.7872,11,STA,WIFI_DROP,
16.7896,11,STA,WIFI_DROP,
16.792,11,STA,WIFI_DROP,
16.7944,11,STA,WIFI_DROP,
16.7968,11,STA,WIFI_DROP,
16.7992,11,STA,WIFI_DROP,
16.8016,11,STA,WIFI_DROP,
16.804,11,STA,WIFI_DROP,
16.8064,11,STA,WIFI_DROP,
16.8088,11,STA,WIFI_DROP,
16.8112,11,STA,WIFI_DROP,
16.8136,11,STA,WIFI_DROP,
16.816,11,STA,WIFI_DROP,
16.8184,11,STA,WIFI_DROP,
16.8208,11,STA,WIFI_DROP,
16.8232,11,STA,WIFI_DROP,
16.8256,11,STA,WIFI_DROP,
16.828,11,STA,WIFI_DROP,
16.8304,11,STA,WIFI_DROP,
16.8328,11,STA,WIFI_DROP,
16.8352,11,STA,WIFI_DROP,
16.8376,11,STA,WIFI_DROP,
16.84,11,STA,WIFI_DROP,
16.8424,11,STA,WIFI_DROP,
16.8448,11,STA,WIFI_DROP,
16.8472,11,STA,WIFI_DROP,
16.8496,11,STA,WIFI_DROP,
16.852,11,STA,WIFI_DROP,
16.8544,11,STA,WIFI_DROP,
16.8568,11,STA,WIFI_DROP,
16.8592,11,STA,WIFI_DROP,
16.8616,11,STA,WIFI_DROP,
16.864,11,STA,WIFI_DROP,
16.8664,11,STA,WIFI_DROP,
16.8688,11,STA,WIFI_DROP,
16.8712,11,STA,WIFI_DROP,
16.8736,11,STA,WIFI_DROP,
16.876,11,STA,WIFI_DROP,
16.8784,11,STA,WIFI_DROP,
16.8808,11,STA,WIFI_DROP,
16.8832,11,STA,WIFI_DROP,
16.8856,11,STA,WIFI_DROP,
16.888,11,STA,WIFI_DROP,
16.8904,11,STA,WIFI_DROP,
16.8928,11,STA,WIFI_DROP,
16.8952,11,STA,WIFI_DROP,
16.8976,11,STA,WIFI_DROP,
16.9,11,STA,WIFI_DROP,
16.9024,11,STA,WIFI_DROP,
16.9048,11,STA,WIFI_DROP,
16.9072,11,STA,WIFI_DROP,
16.9096,11,STA,WIFI_DROP,
16.912,11,STA,WIFI_DROP,
16.9144,11,STA,WIFI_DROP,
16.9168,11,STA,WIFI_DROP,
16.9192,11,STA,WIFI_DROP,
16.9216,11,STA,WIFI_DROP,
16.924,11,STA,WIFI_DROP,
16.9264,11,STA,WIFI_DROP,
16.9288,11,STA,WIFI_DROP,
16.9312,11,STA,WIFI_DROP,
16.9336,11,STA,WIFI_DROP,
16.936,11,STA,WIFI_DROP,
16.9384,11,STA,WIFI_DROP,
16.9408,11,STA,WIFI_DROP,
16.9432,11,STA,WIFI_DROP,
16.9456,11,STA,WIFI_DROP,
16.948,11,STA,WIFI_DROP,
16.9504,11,STA,WIFI_DROP,
16.9528,11,STA,WIFI_DROP,
16.9552,11,STA,WIFI_DROP,
16.9576,11,STA,WIFI_DROP,
16.96,11,STA,WIFI_DROP,
16.9624,11,STA,WIFI_DROP,
16.9648,11,STA,WIFI_DROP,
16.9672,11,STA,WIFI_DROP,
16.9696,11,STA,WIFI_DROP,
16.972,11,STA,WIFI_DROP,
16.9744,11,STA,WIFI_DROP,
16.9768,11,STA,WIFI_DROP,
16.9792,11,STA,WIFI_DROP,
16.9816,11,STA,WIFI_DROP,
16.984,11,STA,WIFI_DROP,
16.9864,11,STA,WIFI_DROP,
16.9864,20,STA,WIFI_DROP,
16.9888,11,STA,WIFI_DROP,
16.9888,20,STA,WIFI_DROP,
16.9912,11,STA,WIFI_DROP,
16.9912,20,STA,WIFI_DROP,
16.9936,11,STA,WIFI_DROP,
16.9936,20,STA,WIFI_DROP,
16.996,11,STA,WIFI_DROP,
16.996,20,STA,WIFI_DROP,
16.9984,11,STA,WIFI_DROP,
16.9984,20,STA,WIFI_DROP,
17,4,STA,THROUGHPUT_MBPS,1.212000
17,5,STA,THROUGHPUT_MBPS,2.256000
17,7,STA,THROUGHPUT_MBPS,1.068000
17,9,STA,THROUGHPUT_MBPS,1.344000
17,11,STA,THROUGHPUT_MBPS,1.704000
17,12,STA,THROUGHPUT_MBPS,4.080000
17,14,STA,THROUGHPUT_MBPS,2.376000
17,15,STA,THROUGHPUT_MBPS,1.692000
17,16,STA,THROUGHPUT_MBPS,2.532000
17,17,STA,THROUGHPUT_MBPS,2.472000
17,19,STA,THROUGHPUT_MBPS,3.924000
17,21,STA,THROUGHPUT_MBPS,2.004000
17,1,AP,AGGREGATE_THROUGHPUT_MBPS,26.664000
17,1,AP,SENT_COUNT,8340.000000
17,1,AP,RECV_COUNT,2222.000000
17,1,AP,LATENCY_P95_MS,538.730647
17.0008,11,STA,WIFI_DROP,
17.0008,20,STA,WIFI_DROP,
17.0032,11,STA,WIFI_DROP,
17.0032,20,STA,WIFI_DROP,
17.0056,11,STA,WIFI_DROP,
17.0056,20,STA,WIFI_DROP,
17.008,11,STA,WIFI_DROP,
17.008,20,STA,WIFI_DROP,
17.0104,11,STA,WIFI_DROP,
17.0104,20,STA,WIFI_DROP,
17.0128,11,STA,WIFI_DROP,
17.0128,20,STA,WIFI_DROP,
17.0152,11,STA,WIFI_DROP,
17.0152,20,STA,WIFI_DROP,
17.0176,11,STA,WIFI_DROP,
17.0176,20,STA,WIFI_DROP,
17.02,11,STA,WIFI_DROP,
17.02,20,STA,WIFI_DROP,
17.0224,11,STA,WIFI_DROP,
17.0224,20,STA,WIFI_DROP,
17.0248,11,STA,WIFI_DROP,
17.0248,20,STA,WIFI_DROP,
17.0272,11,STA,WIFI_DROP,
17.0272,20,STA,WIFI_DROP,
17.0296,11,STA,WIFI_DROP,
17.0296,20,STA,WIFI_DROP,
17.032,11,STA,WIFI_DROP,
17.032,20,STA,WIFI_DROP,
17.0344,11,STA,WIFI_DROP,
17.0344,20,STA,WIFI_DROP,
17.0368,11,STA,WIFI_DROP,
17.0368,20,STA,WIFI_DROP,
17.0392,11,STA,WIFI_DROP,
17.0416,11,STA,WIFI_DROP,
17.044,11,STA,WIFI_DROP,
17.0464,11,STA,WIFI_DROP,
17.0488,11,STA,WIFI_DROP,
17.0512,11,STA,WIFI_DROP,
17.0536,11,STA,WIFI_DROP,
17.056,11,STA,WIFI_DROP,
17.0584,11,STA,WIFI_DROP,
17.0608,11,STA,WIFI_DROP,
17.0632,11,STA,WIFI_DROP,
17.0656,11,STA,WIFI_DROP,
17.068,11,STA,WIFI_DROP,
17.0704,11,STA,WIFI_DROP,
17.0728,11,STA,WIFI_DROP,
17.0752,11,STA,WIFI_DROP,
17.0776,11,STA,WIFI_DROP,
17.08,11,STA,WIFI_DROP,
17.0824,11,STA,WIFI_DROP,
17.0848,11,STA,WIFI_DROP,
17.0872,11,STA,WIFI_DROP,
17.0896,11,STA,WIFI_DROP,
17.092,11,STA,WIFI_DROP,
17.0944,11,STA,WIFI_DROP,
17.0968,11,STA,WIFI_DROP,
17.0992,11,STA,WIFI_DROP,
17.1016,11,STA,WIFI_DROP,
17.104,11,STA,WIFI_DROP,
17.1064,11,STA,WIFI_DROP,
17.1088,11,STA,WIFI_DROP,
17.1112,11,STA,WIFI_DROP,
17.1136,11,STA,WIFI_DROP,
17.116,11,STA,WIFI_DROP,
17.1184,11,STA,WIFI_DROP,
17.1208,11,STA,WIFI_DROP,
17.1232,11,STA,WIFI_DROP,
17.1256,11,STA,WIFI_DROP,
17.128,11,STA,WIFI_DROP,
17.1304,11,STA,WIFI_DROP,
17.1328,11,STA,WIFI_DROP,
17.1352,11,STA,WIFI_DROP,
17.1376,11,STA,WIFI_DROP,
17.14,11,STA,WIFI_DROP,
17.1424,11,STA,WIFI_DROP,
17.1448,11,STA,WIFI_DROP,
17.1472,11,STA,WIFI_DROP,
17.1496,11,STA,WIFI_DROP,
17.152,11,STA,WIFI_DROP,
17.1544,11,STA,WIFI_DROP,
17.1568,11,STA,WIFI_DROP,
17.1592,11,STA,WIFI_DROP,
17.1616,11,STA,WIFI_DROP,
17.164,11,STA,WIFI_DROP,
17.1664,11,STA,WIFI_DROP,
17.1688,11,STA,WIFI_DROP,
17.1712,11,STA,WIFI_DROP,
17.1736,11,STA,WIFI_DROP,
17.176,11,STA,WIFI_DROP,
17.1784,11,STA,WIFI_DROP,
17.1808,11,STA,WIFI_DROP,
17.1832,11,STA,WIFI_DROP,
17.1856,11,STA,WIFI_DROP,
17.7088,11,STA,WIFI_DROP,
17.7112,11,STA,WIFI_DROP,
17.7136,11,STA,WIFI_DROP,
17.716,11,STA,WIFI_DROP,
17.7184,11,STA,WIFI_DROP,
17.7208,11,STA,WIFI_DROP,
17.7232,11,STA,WIFI_DROP,
17.7256,11,STA,WIFI_DROP,
17.728,11,STA,WIFI_DROP,
17.7304,11,STA,WIFI_DROP,
17.7328,11,STA,WIFI_DROP,
17.7352,11,STA,WIFI_DROP,
17.7376,11,STA,WIFI_DROP,
17.74,11,STA,WIFI_DROP,
17.7424,11,STA,WIFI_DROP,
17.7448,11,STA,WIFI_DROP,
17.7472,11,STA,WIFI_DROP,
17.7496,11,STA,WIFI_DROP,
17.752,11,STA,WIFI_DROP,
17.7544,11,STA,WIFI_DROP,
17.7568,11,STA,WIFI_DROP,
17.7592,11,STA,WIFI_DROP,
17.7616,11,STA,WIFI_DROP,
17.764,11,STA,WIFI_DROP,
17.7664,11,STA,WIFI_DROP,
17.7688,11,STA,WIFI_DROP,
17.7712,11,STA,WIFI_DROP,
17.7736,11,STA,WIFI_DROP,
17.776,11,STA,WIFI_DROP,
17.7784,11,STA,WIFI_DROP,
17.7808,11,STA,WIFI_DROP,
17.7832,11,STA,WIFI_DROP,
17.7856,11,STA,WIFI_DROP,
17.788,11,STA,WIFI_DROP,
17.7904,11,STA,WIFI_DROP,
17.7928,11,STA,WIFI_DROP,
17.7952,11,STA,WIFI_DROP,
17.7976,11,STA,WIFI_DROP,
17.8,11,STA,WIFI_DROP,
17.8024,11,STA,WIFI_DROP,
17.8048,11,STA,WIFI_DROP,
17.8072,11,STA,WIFI_DROP,
17.8096,11,STA,WIFI_DROP,
17.812,11,STA,WIFI_DROP,
17.8144,11,STA,WIFI_DROP,
17.8168,11,STA,WIFI_DROP,
17.8192,11,STA,WIFI_DROP,
17.8216,11,STA,WIFI_DROP,
17.824,11,STA,WIFI_DROP,
17.8264,11,STA,WIFI_DROP,
17.8288,11,STA,WIFI_DROP,
17.8312,11,STA,WIFI_DROP,
17.8336,11,STA,WIFI_DROP,
17.836,11,STA,WIFI_DROP,
17.8384,11,STA,WIFI_DROP,
17.8408,11,STA,WIFI_DROP,
17.8432,11,STA,WIFI_DROP,
17.8456,11,STA,WIFI_DROP,
17.848,11,STA,WIFI_DROP,
17.8504,11,STA,WIFI_DROP,
17.8528,11,STA,WIFI_DROP,
17.8552,11,STA,WIFI_DROP,
17.8576,11,STA,WIFI_DROP,
17.86,11,STA,WIFI_DROP,
17.9128,12,STA,WIFI_DROP,
17.9152,12,STA,WIFI_DROP,
17.9176,12,STA,WIFI_DROP,
17.92,12,STA,WIFI_DROP,
17.9224,12,STA,WIFI_DROP,
17.9248,12,STA,WIFI_DROP,
17.9272,12,STA,WIFI_DROP,
17.9296,12,STA,WIFI_DROP,
17.932,12,STA,WIFI_DROP,
17.9344,12,STA,WIFI_DROP,
17.9368,12,STA,WIFI_DROP,
17.9392,12,STA,WIFI_DROP,
17.9416,12,STA,WIFI_DROP,
17.944,12,STA,WIFI_DROP,
17.9464,12,STA,WIFI_DROP,
17.9488,12,STA,WIFI_DROP,
17.9512,12,STA,WIFI_DROP,
17.9536,12,STA,WIFI_DROP,
17.956,12,STA,WIFI_DROP,
17.9584,12,STA,WIFI_DROP,
17.9608,12,STA,WIFI_DROP,
17.9632,12,STA,WIFI_DROP,
17.9656,12,STA,WIFI_DROP,
17.968,12,STA,WIFI_DROP,
17.9704,12,STA,WIFI_DROP,
17.9728,12,STA,WIFI_DROP,
17.9752,12,STA,WIFI_DROP,
17.9776,12,STA,WIFI_DROP,
17.98,12,STA,WIFI_DROP,
17.9824,12,STA,WIFI_DROP,
17.9848,12,STA,WIFI_DROP,
17.9872,12,STA,WIFI_DROP,
17.9896,12,STA,WIFI_DROP,
17.992,12,STA,WIFI_DROP,
17.9944,12,STA,WIFI_DROP,
17.9968,12,STA,WIFI_DROP,
17.9992,12,STA,WIFI_DROP,
18,4,STA,THROUGHPUT_MBPS,2.772000
18,5,STA,THROUGHPUT_MBPS,1.968000
18,7,STA,THROUGHPUT_MBPS,0.504000
18,9,STA,THROUGHPUT_MBPS,3.576000
18,11,STA,THROUGHPUT_MBPS,1.872000
18,12,STA,THROUGHPUT_MBPS,1.116000
18,14,STA,THROUGHPUT_MBPS,2.544000
18,15,STA,THROUGHPUT_MBPS,4.608000
18,16,STA,THROUGHPUT_MBPS,2.748000
18,17,STA,THROUGHPUT_MBPS,2.052000
18,19,STA,THROUGHPUT_MBPS,1.392000
18,20,STA,THROUGHPUT_MBPS,1.344000
18,21,STA,THROUGHPUT_MBPS,3.528000
18,1,AP,AGGREGATE_THROUGHPUT_MBPS,30.024000
18,1,AP,SENT_COUNT,8340.000000
18,1,AP,RECV_COUNT,2502.000000
18,1,AP,LATENCY_P95_MS,539.265812
18.0016,12,STA,WIFI_DROP,
18.004,12,STA,WIFI_DROP,
18.0064,12,STA,WIFI_DROP,
18.0088,12,STA,WIFI_DROP,
18.0112,12,STA,WIFI_DROP,
18.0136,12,STA,WIFI_DROP,
18.016,12,STA,WIFI_DROP,
18.016,17,STA,WIFI_DROP,
18.0184,12,STA,WIFI_DROP,
18.0184,17,STA,WIFI_DROP,
18.0208,12,STA,WIFI_DROP,
18.0208,17,STA,WIFI_DROP,
18.0232,12,STA,WIFI_DROP,
18.0232,17,STA,WIFI_DROP,
18.0256,12,STA,WIFI_DROP,
18.0256,17,STA,WIFI_DROP,
18.028,12,STA,WIFI_DROP,
18.028,17,STA,WIFI_DROP,
18.0304,12,STA,WIFI_DROP,
18.0304,17,STA,WIFI_DROP,
18.0328,12,STA,WIFI_DROP,
18.0328,17,STA,WIFI_DROP,
18.0352,12,STA,WIFI_DROP,
18.0352,17,STA,WIFI_DROP,
18.0376,12,STA,WIFI_DROP,
18.0376,17,STA,WIFI_DROP,
18.04,12,STA,WIFI_DROP,
18.04,17,STA,WIFI_DROP,
18.0424,12,STA,WIFI_DROP,
18.0424,17,STA,WIFI_DROP,
18.0448,12,STA,WIFI_DROP,
18.0448,17,STA,WIFI_DROP,
18.0472,12,STA,WIFI_DROP,
18.0472,17,STA,WIFI_DROP,
18.0496,12,STA,WIFI_DROP,
18.0496,17,STA,WIFI_DROP,
18.052,12,STA,WIFI_DROP,
18.052,17,STA,WIFI_DROP,
18.0544,12,STA,WIFI_DROP,
18.0544,17,STA,WIFI_DROP,
18.0568,12,STA,WIFI_DROP,
18.0568,17,STA,WIFI_DROP,
18.0592,12,STA,WIFI_DROP,
18.0592,17,STA,WIFI_DROP,
18.0616,12,STA,WIFI_DROP,
18.0616,17,STA,WIFI_DROP,
18.064,12,STA,WIFI_DROP,
18.064,17,STA,WIFI_DROP,
18.0664,12,STA,WIFI_DROP,
18.0664,17,STA,WIFI_DROP,
18.0688,12,STA,WIFI_DROP,
18.0688,17,STA,WIFI_DROP,
18.0712,12,STA,WIFI_DROP,
18.0712,17,STA,WIFI_DROP,
18.0736,12,STA,WIFI_DROP,
18.0736,17,STA,WIFI_DROP,
18.076,12,STA,WIFI_DROP,
18.076,17,STA,WIFI_DROP,
18.0784,12,STA,WIFI_DROP,
18.0784,17,STA,WIFI_DROP,
18.0808,12,STA,WIFI_DROP,
18.0808,17,STA,WIFI_DROP,
18.0832,12,STA,WIFI_DROP,
18.0832,17,STA,WIFI_DROP,
18.0856,12,STA,WIFI_DROP,
18.0856,17,STA,WIFI_DROP,
18.088,12,STA,WIFI_DROP,
18.088,17,STA,WIFI_DROP,
18.0904,12,STA,WIFI_DROP,
18.0904,17,STA,WIFI_DROP,
18.0928,12,STA,WIFI_DROP,
18.0928,17,STA,WIFI_DROP,
18.0952,12,STA,WIFI_DROP,
18.0952,17,STA,WIFI_DROP,
18.0976,12,STA,WIFI_DROP,
18.0976,17,STA,WIFI_DROP,
18.1,12,STA,WIFI_DROP,
18.1,17,STA,WIFI_DROP,
18.1024,12,STA,WIFI_DROP,
18.1024,17,STA,WIFI_DROP,
18.1048,12,STA,WIFI_DROP,
18.1048,17,STA,WIFI_DROP,
18.1072,12,STA,WIFI_DROP,
18.1072,17,STA,WIFI_DROP,
18.1096,12,STA,WIFI_DROP,
18.1096,17,STA,WIFI_DROP,
18.112,12,STA,WIFI_DROP,
18.112,17,STA,WIFI_DROP,
18.1144,12,STA,WIFI_DROP,
18.1144,17,STA,WIFI_DROP,
18.1168,12,STA,WIFI_DROP,
18.1168,17,STA,WIFI_DROP,
18.1192,7,STA,WIFI_DROP,
18.1192,13,STA,WIFI_DROP,
18.1192,17,STA,WIFI_DROP,
18.1216,7,STA,WIFI_DROP,
18.1216,13,STA,WIFI_DROP,
18.1216,17,STA,WIFI_DROP,
18.124,7,STA,WIFI_DROP,
18.124,13,STA,WIFI_DROP,
18.124,17,STA,WIFI_DROP,
18.1264,7,STA,WIFI_DROP,
18.1264,13,STA,WIFI_DROP,
18.1264,17,STA,WIFI_DROP,
18.1288,7,STA,WIFI_DROP,
18.1288,13,STA,WIFI_DROP,
18.1288,17,STA,WIFI_DROP,
18.1312,7,STA,WIFI_DROP,
18.1312,13,STA,WIFI_DROP,
18.1312,17,STA,WIFI_DROP,
18.1336,7,STA,WIFI_DROP,
18.1336,13,STA,WIFI_DROP,
18.1336,17,STA,WIFI_DROP,
18.136,7,STA,WIFI_DROP,
18.136,13,STA,WIFI_DROP,
18.136,17,STA,WIFI_DROP,
18.1384,7,STA,WIFI_DROP,
18.1384,13,STA,WIFI_DROP,
18.1384,17,STA,WIFI_DROP,
18.1408,7,STA,WIFI_DROP,
18.1408,13,STA,WIFI_DROP,
18.1408,17,STA,WIFI_DROP,
18.1432,7,STA,WIFI_DROP,
18.1432,13,STA,WIFI_DROP,
18.1432,17,STA,WIFI_DROP,
18.1456,7,STA,WIFI_DROP,
18.1456,13,STA,WIFI_DROP,
18.1456,17,STA,WIFI_DROP,
18.148,7,STA,WIFI_DROP,
18.148,13,STA,WIFI_DROP,
18.148,17,STA,WIFI_DROP,
18.1504,7,STA,WIFI_DROP,
18.1504,13,STA,WIFI_DROP,
18.1504,17,STA,WIFI_DROP,
18.1528,7,STA,WIFI_DROP,
18.1528,13,STA,WIFI_DROP,
18.1528,17,STA,WIFI_DROP,
18.1552,7,STA,WIFI_DROP,
18.1552,13,STA,WIFI_DROP,
18.1552,17,STA,WIFI_DROP,
18.1576,7,STA,WIFI_DROP,
18.1576,13,STA,WIFI_DROP,
18.1576,17,STA,WIFI_DROP,
18.16,7,STA,WIFI_DROP,
18.16,13,STA,WIFI_DROP,
18.16,17,STA,WIFI_DROP,
18.1624,7,STA,WIFI_DROP,
18.1624,13,STA,WIFI_DROP,
18.1624,17,STA,WIFI_DROP,
18.1648,7,STA,WIFI_DROP,
18.1648,13,STA,WIFI_DROP,
18.1648,17,STA,WIFI_DROP,
18.1672,7,STA,WIFI_DROP,
18.1672,13,STA,WIFI_DROP,
18.1696,7,STA,WIFI_DROP,
18.1696,13,STA,WIFI_DROP,
18.172,7,STA,WIFI_DROP,
18.172,13,STA,WIFI_DROP,
18.1744,7,STA,WIFI_DROP,
18.1768,7,STA,WIFI_DROP,
18.1792,7,STA,WIFI_DROP,
18.1816,7,STA,WIFI_DROP,
18.184,7,STA,WIFI_DROP,
18.1864,7,STA,WIFI_DROP,
18.1888,7,STA,WIFI_DROP,
18.1912,7,STA,WIFI_DROP,
18.1936,7,STA,WIFI_DROP,
18.196,7,STA,WIFI_DROP,
18.1984,7,STA,WIFI_DROP,
18.2008,7,STA,WIFI_DROP,
18.2032,7,STA,WIFI_DROP,
18.2056,7,STA,WIFI_DROP,
18.208,7,STA,WIFI_DROP,
18.2104,7,STA,WIFI_DROP,
18.2128,7,STA,WIFI_DROP,
18.2152,7,STA,WIFI_DROP,
18.2176,7,STA,WIFI_DROP,
18.22,7,STA,WIFI_DROP,
18.22,9,STA,WIFI_DROP,
18.22,18,STA,WIFI_DROP,
18.2224,7,STA,WIFI_DROP,
18.2224,9,STA,WIFI_DROP,
18.2224,18,STA,WIFI_DROP,
18.2248,7,STA,WIFI_DROP,
18.2248,9,STA,WIFI_DROP,
18.2248,18,STA,WIFI_DROP,
18.2272,7,STA,WIFI_DROP,
18.2272,9,STA,WIFI_DROP,
18.2272,18,STA,WIFI_DROP,
18.2296,7,STA,WIFI_DROP,
18.2296,9,STA,WIFI_DROP,
18.2296,18,STA,WIFI_DROP,
18.232,7,STA,WIFI_DROP,
18.232,9,STA,WIFI_DROP,
18.232,18,STA,WIFI_DROP,
18.2344,7,STA,WIFI_DROP,
18.2344,9,STA,WIFI_DROP,
18.2344,18,STA,WIFI_DROP,
18.2368,7,STA,WIFI_DROP,
18.2368,9,STA,WIFI_DROP,
18.2368,18,STA,WIFI_DROP,
18.2392,7,STA,WIFI_DROP,
18.2392,9,STA,WIFI_DROP,
18.2392,18,STA,WIFI_DROP,
18.2416,7,STA,WIFI_DROP,
18.2416,9,STA,WIFI_DROP,
18.2416,18,STA,WIFI_DROP,
18.244,7,STA,WIFI_DROP,
18.244,9,STA,WIFI_DROP,
18.244,18,STA,WIFI_DROP,
18.2464,7,STA,WIFI_DROP,
18.2464,9,STA,WIFI_DROP,
18.2464,18,STA,WIFI_DROP,
18.2488,7,STA,WIFI_DROP,
18.2488,9,STA,WIFI_DROP,
18.2488,18,STA,WIFI_DROP,
18.2512,7,STA,WIFI_DROP,
18.2512,9,STA,WIFI_DROP,
18.2512,18,STA,WIFI_DROP,
18.2536,7,STA,WIFI_DROP,
18.2536,9,STA,WIFI_DROP,
18.2536,18,STA,WIFI_DROP,
18.256,7,STA,WIFI_DROP,
18.256,9,STA,WIFI_DROP,
18.256,18,STA,WIFI_DROP,
18.2584,7,STA,WIFI_DROP,
18.2584,9,STA,WIFI_DROP,
18.2584,18,STA,WIFI_DROP,
18.2608,7,STA,WIFI_DROP,
18.2608,9,STA,WIFI_DROP,
18.2608,18,STA,WIFI_DROP,
18.2632,7,STA,WIFI_DROP,
18.2632,9,STA,WIFI_DROP,
18.2632,18,STA,WIFI_DROP,
18.2656,7,STA,WIFI_DROP,
18.2656,9,STA,WIFI_DROP,
18.2656,18,STA,WIFI_DROP,
18.268,7,STA,WIFI_DROP,
18.268,9,STA,WIFI_DROP,
18.268,18,STA,WIFI_DROP,
18.2704,7,STA,WIFI_DROP,
18.2704,9,STA,WIFI_DROP,
18.2704,18,STA,WIFI_DROP,
18.2728,7,STA,WIFI_DROP,
18.2728,9,STA,WIFI_DROP,
18.2728,18,STA,WIFI_DROP,
18.2752,7,STA,WIFI_DROP,
18.2752,9,STA,WIFI_DROP,
18.2752,18,STA,WIFI_DROP,
18.2776,7,STA,WIFI_DROP,
18.2776,9,STA,WIFI_DROP,
18.2776,18,STA,WIFI_DROP,
18.28,7,STA,WIFI_DROP,
18.28,9,STA,WIFI_DROP,
18.28,18,STA,WIFI_DROP,
18.2824,7,STA,WIFI_DROP,
18.2824,9,STA,WIFI_DROP,
18.2824,18,STA,WIFI_DROP,
18.2848,7,STA,WIFI_DROP,
18.2848,9,STA,WIFI_DROP,
18.2848,18,STA,WIFI_DROP,
18.2872,7,STA,WIFI_DROP,
18.2872,9,STA,WIFI_DROP,
18.2872,18,STA,WIFI_DROP,
18.2896,7,STA,WIFI_DROP,
18.2896,9,STA,WIFI_DROP,
18.2896,18,STA,WIFI_DROP,
18.292,7,STA,WIFI_DROP,
18.292,9,STA,WIFI_DROP,
18.292,18,STA,WIFI_DROP,
18.2944,7,STA,WIFI_DROP,
18.2944,9,STA,WIFI_DROP,
18.2944,18,STA,WIFI_DROP,
18.2968,7,STA,WIFI_DROP,
18.2968,9,STA,WIFI_DROP,
18.2968,18,STA,WIFI_DROP,
18.2992,7,STA,WIFI_DROP,
18.2992,9,STA,WIFI_DROP,
18.2992,18,STA,WIFI_DROP,
18.3016,7,STA,WIFI_DROP,
18.3016,9,STA,WIFI_DROP,
18.3016,18,STA,WIFI_DROP,
18.304,7,STA,WIFI_DROP,
18.304,9,STA,WIFI_DROP,
18.304,18,STA,WIFI_DROP,
18.3064,7,STA,WIFI_DROP,
18.3064,9,STA,WIFI_DROP,
18.3064,18,STA,WIFI_DROP,
18.3088,7,STA,WIFI_DROP,
18.3088,9,STA,WIFI_DROP,
18.3088,18,STA,WIFI_DROP,
18.3112,7,STA,WIFI_DROP,
18.3112,9,STA,WIFI_DROP,
18.3112,18,STA,WIFI_DROP,
18.3136,7,STA,WIFI_DROP,
18.3136,9,STA,WIFI_DROP,
18.3136,18,STA,WIFI_DROP,
18.316,7,STA,WIFI_DROP,
18.316,9,STA,WIFI_DROP,
18.316,18,STA,WIFI_DROP,
18.3184,7,STA,WIFI_DROP,
18.3184,9,STA,WIFI_DROP,
18.3184,18,STA,WIFI_DROP,
18.3208,7,STA,WIFI_DROP,
18.3208,9,STA,WIFI_DROP,
18.3208,18,STA,WIFI_DROP,
18.3232,7,STA,WIFI_DROP,
18.3232,9,STA,WIFI_DROP,
18.3232,18,STA,WIFI_DROP,
18.3256,7,STA,WIFI_DROP,
18.3256,9,STA,WIFI_DROP,
18.3256,18,STA,WIFI_DROP,
18.328,7,STA,WIFI_DROP,
18.328,9,STA,WIFI_DROP,
18.328,18,STA,WIFI_DROP,
18.3304,7,STA,WIFI_DROP,
18.3304,9,STA,WIFI_DROP,
18.3304,18,STA,WIFI_DROP,
18.3328,7,STA,WIFI_DROP,
18.3328,9,STA,WIFI_DROP,
18.3328,18,STA,WIFI_DROP,
18.3352,7,STA,WIFI_DROP,
18.3352,9,STA,WIFI_DROP,
18.3352,18,STA,WIFI_DROP,
18.3376,7,STA,WIFI_DROP,
18.3376,9,STA,WIFI_DROP,
18.3376,18,STA,WIFI_DROP,
18.34,7,STA,WIFI_DROP,
18.34,9,STA,WIFI_DROP,
18.34,18,STA,WIFI_DROP,
18.3424,7,STA,WIFI_DROP,
18.3424,9,STA,WIFI_DROP,
18.3424,18,STA,WIFI_DROP,
18.3448,7,STA,WIFI_DROP,
18.3448,9,STA,WIFI_DROP,
18.3448,18,STA,WIFI_DROP,
18.3472,7,STA,WIFI_DROP,
18.3472,9,STA,WIFI_DROP,
18.3472,18,STA,WIFI_DROP,
18.3496,7,STA,WIFI_DROP,
18.3496,9,STA,WIFI_DROP,
18.3496,18,STA,WIFI_DROP,
18.352,7,STA,WIFI_DROP,
18.352,9,STA,WIFI_DROP,
18.352,18,STA,WIFI_DROP,
18.3544,7,STA,WIFI_DROP,
18.3544,9,STA,WIFI_DROP,
18.3544,18,STA,WIFI_DROP,
18.3568,7,STA,WIFI_DROP,
18.3568,9,STA,WIFI_DROP,
18.3568,18,STA,WIFI_DROP,
18.3592,7,STA,WIFI_DROP,
18.3592,9,STA,WIFI_DROP,
18.3592,18,STA,WIFI_DROP,
18.3616,7,STA,WIFI_DROP,
18.3616,9,STA,WIFI_DROP,
18.3616,18,STA,WIFI_DROP,
18.364,7,STA,WIFI_DROP,
18.364,9,STA,WIFI_DROP,
18.364,18,STA,WIFI_DROP,
18.3664,7,STA,WIFI_DROP,
18.3664,9,STA,WIFI_DROP,
18.3664,18,STA,WIFI_DROP,
18.3688,7,STA,WIFI_DROP,
18.3688,9,STA,WIFI_DROP,
18.3688,18,STA,WIFI_DROP,
18.3712,7,STA,WIFI_DROP,
18.3712,9,STA,WIFI_DROP,
18.3712,18,STA,WIFI_DROP,
18.3736,7,STA,WIFI_DROP,
18.3736,9,STA,WIFI_DROP,
18.3736,18,STA,WIFI_DROP,
18.376,7,STA,WIFI_DROP,
18.376,9,STA,WIFI_DROP,
18.376,18,STA,WIFI_DROP,
18.3784,7,STA,WIFI_DROP,
18.3784,9,STA,WIFI_DROP,
18.3784,18,STA,WIFI_DROP,
18.3808,7,STA,WIFI_DROP,
18.3808,9,STA,WIFI_DROP,
18.3808,18,STA,WIFI_DROP,
18.3832,7,STA,WIFI_DROP,
18.3832,9,STA,WIFI_DROP,
18.3832,18,STA,WIFI_DROP,
18.3856,7,STA,WIFI_DROP,
18.3856,9,STA,WIFI_DROP,
18.3856,18,STA,WIFI_DROP,
18.388,7,STA,WIFI_DROP,
18.388,9,STA,WIFI_DROP,
18.388,18,STA,WIFI_DROP,
18.3904,7,STA,WIFI_DROP,
18.3904,9,STA,WIFI_DROP,
18.3904,18,STA,WIFI_DROP,
18.3928,7,STA,WIFI_DROP,
18.3928,9,STA,WIFI_DROP,
18.3928,18,STA,WIFI_DROP,
18.3952,7,STA,WIFI_DROP,
18.3952,9,STA,WIFI_DROP,
18.3952,18,STA,WIFI_DROP,
18.3976,7,STA,WIFI_DROP,
18.3976,9,STA,WIFI_DROP,
18.3976,18,STA,WIFI_DROP,
18.4,7,STA,WIFI_DROP,
18.4,9,STA,WIFI_DROP,
18.4,18,STA,WIFI_DROP,
18.4024,7,STA,WIFI_DROP,
18.4024,9,STA,WIFI_DROP,
18.4024,18,STA,WIFI_DROP,
18.4048,7,STA,WIFI_DROP,
18.4048,9,STA,WIFI_DROP,
18.4048,18,STA,WIFI_DROP,
18.4072,7,STA,WIFI_DROP,
18.4072,9,STA,WIFI_DROP,
18.4072,18,STA,WIFI_DROP,
18.4096,7,STA,WIFI_DROP,
18.4096,9,STA,WIFI_DROP,
18.4096,18,STA,WIFI_DROP,
18.412,7,STA,WIFI_DROP,
18.412,9,STA,WIFI_DROP,
18.412,18,STA,WIFI_DROP,
18.4144,7,STA,WIFI_DROP,
18.4144,9,STA,WIFI_DROP,
18.4144,18,STA,WIFI_DROP,
18.4168,7,STA,WIFI_DROP,
18.4168,9,STA,WIFI_DROP,
18.4168,18,STA,WIFI_DROP,
18.4192,7,STA,WIFI_DROP,
18.4192,9,STA,WIFI_DROP,
18.4192,18,STA,WIFI_DROP,
18.4216,7,STA,WIFI_DROP,
18.4216,9,STA,WIFI_DROP,
18.4216,18,STA,WIFI_DROP,
18.424,7,STA,WIFI_DROP,
18.424,9,STA,WIFI_DROP,
18.424,18,STA,WIFI_DROP,
18.4264,4,STA,WIFI_DROP,
18.4264,7,STA,WIFI_DROP,
18.4264,9,STA,WIFI_DROP,
18.4288,4,STA,WIFI_DROP,
18.4288,7,STA,WIFI_DROP,
18.4288,9,STA,WIFI_DROP,
18.4312,4,STA,WIFI_DROP,
18.4312,7,STA,WIFI_DROP,
18.4312,9,STA,WIFI_DROP,
18.4336,4,STA,WIFI_DROP,
18.4336,7,STA,WIFI_DROP,
18.4336,9,STA,WIFI_DROP,
18.436,4,STA,WIFI_DROP,
18.436,7,STA,WIFI_DROP,
18.436,9,STA,WIFI_DROP,
18.4384,4,STA,WIFI_DROP,
18.4384,7,STA,WIFI_DROP,
18.4384,9,STA,WIFI_DROP,
18.4408,4,STA,WIFI_DROP,
18.4408,7,STA,WIFI_DROP,
18.4408,9,STA,WIFI_DROP,
18.4432,4,STA,WIFI_DROP,
18.4432,7,STA,WIFI_DROP,
18.4432,9,STA,WIFI_DROP,
18.4456,4,STA,WIFI_DROP,
18.4456,7,STA,WIFI_DROP,
18.4456,9,STA,WIFI_DROP,
18.448,4,STA,WIFI_DROP,
18.448,7,STA,WIFI_DROP,
18.448,9,STA,WIFI_DROP,
18.4504,4,STA,WIFI_DROP,
18.4504,7,STA,WIFI_DROP,
18.4504,9,STA,WIFI_DROP,
18.4528,4,STA,WIFI_DROP,
18.4528,7,STA,WIFI_DROP,
18.4528,9,STA,WIFI_DROP,
18.4552,4,STA,WIFI_DROP,
18.4552,7,STA,WIFI_DROP,
18.4552,9,STA,WIFI_DROP,
18.4576,4,STA,WIFI_DROP,
18.4576,7,STA,WIFI_DROP,
18.4576,9,STA,WIFI_DROP,
18.46,4,STA,WIFI_DROP,
18.46,7,STA,WIFI_DROP,
18.46,9,STA,WIFI_DROP,
18.4624,4,STA,WIFI_DROP,
18.4624,7,STA,WIFI_DROP,
18.4624,9,STA,WIFI_DROP,
18.4648,4,STA,WIFI_DROP,
18.4648,7,STA,WIFI_DROP,
18.4648,9,STA,WIFI_DROP,
18.4672,4,STA,WIFI_DROP,
18.4672,7,STA,WIFI_DROP,
18.4672,9,STA,WIFI_DROP,
18.4696,4,STA,WIFI_DROP,
18.4696,7,STA,WIFI_DROP,
18.4696,9,STA,WIFI_DROP,
18.472,4,STA,WIFI_DROP,
18.472,7,STA,WIFI_DROP,
18.472,9,STA,WIFI_DROP,
18.4744,4,STA,WIFI_DROP,
18.4744,7,STA,WIFI_DROP,
18.4768,4,STA,WIFI_DROP,
18.4768,7,STA,WIFI_DROP,
18.4792,4,STA,WIFI_DROP,
18.4792,7,STA,WIFI_DROP,
18.4816,4,STA,WIFI_DROP,
18.4816,7,STA,WIFI_DROP,
18.484,4,STA,WIFI_DROP,
18.484,7,STA,WIFI_DROP,
18.4864,4,STA,WIFI_DROP,
18.4864,7,STA,WIFI_DROP,
18.4888,4,STA,WIFI_DROP,
18.4888,7,STA,WIFI_DROP,
18.4912,4,STA,WIFI_DROP,
18.4912,7,STA,WIFI_DROP,
18.4936,4,STA,WIFI_DROP,
18.4936,7,STA,WIFI_DROP,
18.496,4,STA,WIFI_DROP,
18.496,7,STA,WIFI_DROP,
18.4984,4,STA,WIFI_DROP,
18.4984,7,STA,WIFI_DROP,
18.5008,4,STA,WIFI_DROP,
18.5008,7,STA,WIFI_DROP,
18.5032,4,STA,WIFI_DROP,
18.5032,7,STA,WIFI_DROP,
18.5056,4,STA,WIFI_DROP,
18.5056,7,STA,WIFI_DROP,
18.508,4,STA,WIFI_DROP,
18.508,7,STA,WIFI_DROP,
18.5104,4,STA,WIFI_DROP,
18.5104,7,STA,WIFI_DROP,
18.5128,4,STA,WIFI_DROP,
18.5128,7,STA,WIFI_DROP,
18.5152,4,STA,WIFI_DROP,
18.5152,7,STA,WIFI_DROP,
18.5176,4,STA,WIFI_DROP,
18.5176,7,STA,WIFI_DROP,
18.52,4,STA,WIFI_DROP,
18.52,7,STA,WIFI_DROP,
18.5224,4,STA,WIFI_DROP,
18.5224,7,STA,WIFI_DROP,
18.5248,4,STA,WIFI_DROP,
18.5248,7,STA,WIFI_DROP,
18.5272,7,STA,WIFI_DROP,
18.5272,20,STA,WIFI_DROP,
18.5296,7,STA,WIFI_DROP,
18.5296,20,STA,WIFI_DROP,
18.532,7,STA,WIFI_DROP,
18.532,20,STA,WIFI_DROP,
18.5344,7,STA,WIFI_DROP,
18.5344,20,STA,WIFI_DROP,
18.5368,7,STA,WIFI_DROP,
18.5368,20,STA,WIFI_DROP,
18.5392,7,STA,WIFI_DROP,
18.5392,20,STA,WIFI_DROP,
18.5416,7,STA,WIFI_DROP,
18.5416,20,STA,WIFI_DROP,
18.544,7,STA,WIFI_DROP,
18.544,20,STA,WIFI_DROP,
18.5464,7,STA,WIFI_DROP,
18.5464,20,STA,WIFI_DROP,
18.5488,7,STA,WIFI_DROP,
18.5488,20,STA,WIFI_DROP,
18.5512,7,STA,WIFI_DROP,
18.5512,20,STA,WIFI_DROP,
18.5536,7,STA,WIFI_DROP,
18.5536,20,STA,WIFI_DROP,
18.556,7,STA,WIFI_DROP,
18.556,20,STA,WIFI_DROP,
18.5584,7,STA,WIFI_DROP,
18.5584,20,STA,WIFI_DROP,
18.5608,7,STA,WIFI_DROP,
18.5608,20,STA,WIFI_DROP,
18.5632,7,STA,WIFI_DROP,
18.5632,20,STA,WIFI_DROP,
18.5656,7,STA,WIFI_DROP,
18.5656,20,STA,WIFI_DROP,
18.568,7,STA,WIFI_DROP,
18.568,20,STA,WIFI_DROP,
18.5704,7,STA,WIFI_DROP,
18.5704,20,STA,WIFI_DROP,
18.5728,7,STA,WIFI_DROP,
18.5728,20,STA,WIFI_DROP,
18.5752,7,STA,WIFI_DROP,
18.5752,20,STA,WIFI_DROP,
18.5776,7,STA,WIFI_DROP,
18.5776,20,STA,WIFI_DROP,
18.58,7,STA,WIFI_DROP,
18.58,20,STA,WIFI_DROP,
18.5824,7,STA,WIFI_DROP,
18.5824,20,STA,WIFI_DROP,
18.5848,7,STA,WIFI_DROP,
18.5848,20,STA,WIFI_DROP,
18.5872,7,STA,WIFI_DROP,
18.5872,20,STA,WIFI_DROP,
18.5896,7,STA,WIFI_DROP,
18.5896,20,STA,WIFI_DROP,
18.592,7,STA,WIFI_DROP,
18.592,20,STA,WIFI_DROP,
18.5944,7,STA,WIFI_DROP,
18.5944,20,STA,WIFI_DROP,
18.5968,7,STA,WIFI_DROP,
18.5968,20,STA,WIFI_DROP,
18.5992,7,STA,WIFI_DROP,
18.5992,20,STA,WIFI_DROP,
18.6016,7,STA,WIFI_DROP,
18.6016,20,STA,WIFI_DROP,
18.604,7,STA,WIFI_DROP,
18.604,20,STA,WIFI_DROP,
18.6064,7,STA,WIFI_DROP,
18.6064,20,STA,WIFI_DROP,
18.6088,7,STA,WIFI_DROP,
18.6088,20,STA,WIFI_DROP,
18.6112,7,STA,WIFI_DROP,
18.6112,20,STA,WIFI_DROP,
18.6136,7,STA,WIFI_DROP,
18.6136,20,STA,WIFI_DROP,
18.616,7,STA,WIFI_DROP,
18.616,20,STA,WIFI_DROP,
18.6184,7,STA,WIFI_DROP,
18.6184,20,STA,WIFI_DROP,
18.6208,7,STA,WIFI_DROP,
18.6208,20,STA,WIFI_DROP,
18.6232,7,STA,WIFI_DROP,
18.6232,20,STA,WIFI_DROP,
18.6256,7,STA,WIFI_DROP,
18.6256,20,STA,WIFI_DROP,
18.628,7,STA,WIFI_DROP,
18.628,20,STA,WIFI_DROP,
18.6304,7,STA,WIFI_DROP,
18.6304,20,STA,WIFI_DROP,
18.6328,7,STA,WIFI_DROP,
18.6328,20,STA,WIFI_DROP,
18.6352,7,STA,WIFI_DROP,
18.6352,20,STA,WIFI_DROP,
18.6376,7,STA,WIFI_DROP,
18.6376,20,STA,WIFI_DROP,
18.64,7,STA,WIFI_DROP,
18.64,20,STA,WIFI_DROP,
18.6424,7,STA,WIFI_DROP,
18.6424,20,STA,WIFI_DROP,
18.6448,7,STA,WIFI_DROP,
18.6448,20,STA,WIFI_DROP,
18.6472,7,STA,WIFI_DROP,
18.6472,20,STA,WIFI_DROP,
18.6496,7,STA,WIFI_DROP,
18.6496,20,STA,WIFI_DROP,
18.652,7,STA,WIFI_DROP,
18.652,20,STA,WIFI_DROP,
18.6544,7,STA,WIFI_DROP,
18.6544,20,STA,WIFI_DROP,
18.6568,7,STA,WIFI_DROP,
18.6568,20,STA,WIFI_DROP,
18.6592,7,STA,WIFI_DROP,
18.6592,20,STA,WIFI_DROP,
18.6616,7,STA,WIFI_DROP,
18.6616,20,STA,WIFI_DROP,
18.664,7,STA,WIFI_DROP,
18.664,20,STA,WIFI_DROP,
18.6664,7,STA,WIFI_DROP,
18.6664,20,STA,WIFI_DROP,
18.6688,7,STA,WIFI_DROP,
18.6688,20,STA,WIFI_DROP,
18.6712,20,STA,WIFI_DROP,
18.6736,20,STA,WIFI_DROP,
18.676,20,STA,WIFI_DROP,
18.6784,20,STA,WIFI_DROP,
19,4,STA,THROUGHPUT_MBPS,1.812000
19,5,STA,THROUGHPUT_MBPS,2.700000
19,7,STA,THROUGHPUT_MBPS,0.384000
19,9,STA,THROUGHPUT_MBPS,2.184000
19,11,STA,THROUGHPUT_MBPS,5.016000
19,12,STA,THROUGHPUT_MBPS,0.960000
19,13,STA,THROUGHPUT_MBPS,2.376000
19,14,STA,THROUGHPUT_MBPS,2.376000
19,15,STA,THROUGHPUT_MBPS,4.020000
19,16,STA,THROUGHPUT_MBPS,0.900000
19,20,STA,THROUGHPUT_MBPS,1.524000
19,21,STA,THROUGHPUT_MBPS,1.104000
19,1,AP,AGGREGATE_THROUGHPUT_MBPS,25.356000
19,1,AP,SENT_COUNT,8320.000000
19,1,AP,RECV_COUNT,2113.000000
19,1,AP,LATENCY_P95_MS,536.435175
