Time_s,NodeID,NodeType,Action,Value
0,2,STA,FIXED_STA_DISTANCE,90.000000
0,3,STA,FIXED_STA_DISTANCE,90.000000
0,4,STA,FIXED_STA_DISTANCE,90.000000
0,5,STA,FIXED_STA_DISTANCE,90.000000
0,6,STA,FIXED_STA_DISTANCE,90.000000
0,7,STA,FIXED_STA_DISTANCE,90.000000
0,8,STA,FIXED_STA_DISTANCE,90.000000
0,9,STA,FIXED_STA_DISTANCE,90.000000
0,10,STA,FIXED_STA_DISTANCE,90.000000
0,11,STA,FIXED_STA_DISTANCE,90.000000
0,12,STA,FIXED_STA_DISTANCE,90.000000
0,13,STA,FIXED_STA_DISTANCE,90.000000
0,14,STA,FIXED_STA_DISTANCE,90.000000
0,15,STA,FIXED_STA_DISTANCE,90.000000
0,16,STA,FIXED_STA_DISTANCE,90.000000
0,17,STA,FIXED_STA_DISTANCE,90.000000
0,18,STA,FIXED_STA_DISTANCE,90.000000
0,19,STA,FIXED_STA_DISTANCE,90.000000
0,20,STA,FIXED_STA_DISTANCE,90.000000
0,21,STA,FIXED_STA_DISTANCE,90.000000
0,2,STA,FIXED_TX_POWER_DBM,24.000000
0,2,STA,NAKAGAMI_FADING,1.000000
0.0534547,6,STA,ASSOC,
0.0534547,6,STA,JOINED,
0.0548943,21,STA,ASSOC,
0.0548943,21,STA,JOINED,
0.0555769,17,STA,ASSOC,
0.0555769,17,STA,JOINED,
0.0590747,8,STA,ASSOC,
0.0590747,8,STA,JOINED,
0.0605153,3,STA,ASSOC,
0.0605153,3,STA,JOINED,
0.102606,5,STA,ASSOC,
0.102606,5,STA,JOINED,
0.107715,20,STA,ASSOC,
0.107715,20,STA,JOINED,
0.113055,7,STA,ASSOC,
0.113055,7,STA,JOINED,
0.1134,12,STA,ASSOC,
0.1134,12,STA,JOINED,
0.119248,19,STA,ASSOC,
0.119248,19,STA,JOINED,
0.152844,13,STA,ASSOC,
0.152844,13,STA,JOINED,
0.202457,2,STA,ASSOC,
0.202457,2,STA,JOINED,
0.204653,16,STA,ASSOC,
0.204653,16,STA,JOINED,
0.210425,9,STA,ASSOC,
0.210425,9,STA,JOINED,
0.212267,15,STA,ASSOC,
0.212267,15,STA,JOINED,
0.35326,11,STA,ASSOC,
0.35326,11,STA,JOINED,
0.40356,4,STA,ASSOC,
0.40356,4,STA,JOINED,
0.602935,14,STA,ASSOC,
0.602935,14,STA,JOINED,
0.605749,18,STA,ASSOC,
0.605749,18,STA,JOINED,
0.702293,10,STA,ASSOC,
0.702293,10,STA,JOINED,
1,1,AP,SENT_COUNT,
1,1,AP,RECV_COUNT,
1.312,12,STA,WIFI_DROP,
1.3144,12,STA,WIFI_DROP,
1.3168,12,STA,WIFI_DROP,
1.3192,12,STA,WIFI_DROP,
1.3216,12,STA,WIFI_DROP,
1.324,12,STA,WIFI_DROP,
1.3264,12,STA,WIFI_DROP,
1.3288,12,STA,WIFI_DROP,
1.3312,12,STA,WIFI_DROP,
1.3336,12,STA,WIFI_DROP,
1.336,12,STA,WIFI_DROP,
1.3384,12,STA,WIFI_DROP,
1.3408,12,STA,WIFI_DROP,
1.3432,12,STA,WIFI_DROP,
1.3456,12,STA,WIFI_DROP,
1.348,12,STA,WIFI_DROP,
1.3504,12,STA,WIFI_DROP,
1.3528,12,STA,WIFI_DROP,
1.3552,12,STA,WIFI_DROP,
1.3576,12,STA,WIFI_DROP,
1.36,12,STA,WIFI_DROP,
1.3624,12,STA,WIFI_DROP,
1.3648,12,STA,WIFI_DROP,
1.3672,12,STA,WIFI_DROP,
1.3696,12,STA,WIFI_DROP,
1.372,12,STA,WIFI_DROP,
1.3744,12,STA,WIFI_DROP,
1.3768,12,STA,WIFI_DROP,
1.3792,12,STA,WIFI_DROP,
1.3816,12,STA,WIFI_DROP,
1.384,12,STA,WIFI_DROP,
1.3864,12,STA,WIFI_DROP,
1.3888,12,STA,WIFI_DROP,
1.3912,12,STA,WIFI_DROP,
1.3936,12,STA,WIFI_DROP,
1.396,12,STA,WIFI_DROP,
1.3984,12,STA,WIFI_DROP,
1.4008,12,STA,WIFI_DROP,
1.4032,12,STA,WIFI_DROP,
1.4056,12,STA,WIFI_DROP,
1.408,12,STA,WIFI_DROP,
1.4104,12,STA,WIFI_DROP,
1.4128,12,STA,WIFI_DROP,
1.4152,12,STA,WIFI_DROP,
1.6168,7,STA,WIFI_DROP,
1.6192,7,STA,WIFI_DROP,
1.6216,7,STA,WIFI_DROP,
1.624,7,STA,WIFI_DROP,
1.6264,7,STA,WIFI_DROP,
1.6288,7,STA,WIFI_DROP,
1.6312,7,STA,WIFI_DROP,
1.6336,7,STA,WIFI_DROP,
1.636,7,STA,WIFI_DROP,
1.6384,7,STA,WIFI_DROP,
1.6408,7,STA,WIFI_DROP,
1.6432,7,STA,WIFI_DROP,
1.6456,7,STA,WIFI_DROP,
1.648,7,STA,WIFI_DROP,
1.6504,7,STA,WIFI_DROP,
1.6528,7,STA,WIFI_DROP,
1.6552,7,STA,WIFI_DROP,
1.6576,7,STA,WIFI_DROP,
1.66,7,STA,WIFI_DROP,
1.6624,7,STA,WIFI_DROP,
1.6648,7,STA,WIFI_DROP,
1.8232,14,STA,WIFI_DROP,
1.8256,14,STA,WIFI_DROP,
1.828,14,STA,WIFI_DROP,
1.8304,14,STA,WIFI_DROP,
1.8328,14,STA,WIFI_DROP,
1.8352,14,STA,WIFI_DROP,
1.8376,14,STA,WIFI_DROP,
1.84,14,STA,WIFI_DROP,
1.8424,14,STA,WIFI_DROP,
1.8448,14,STA,WIFI_DROP,
1.8472,14,STA,WIFI_DROP,
1.8496,14,STA,WIFI_DROP,
1.852,14,STA,WIFI_DROP,
1.8544,14,STA,WIFI_DROP,
1.8568,14,STA,WIFI_DROP,
1.8592,14,STA,WIFI_DROP,
1.8616,14,STA,WIFI_DROP,
1.864,14,STA,WIFI_DROP,
1.8664,14,STA,WIFI_DROP,
1.8688,14,STA,WIFI_DROP,
1.8712,14,STA,WIFI_DROP,
1.8736,14,STA,WIFI_DROP,
1.924,2,STA,WIFI_DROP,
1.9264,2,STA,WIFI_DROP,
1.9288,2,STA,WIFI_DROP,
1.9312,2,STA,WIFI_DROP,
1.9336,2,STA,WIFI_DROP,
1.936,2,STA,WIFI_DROP,
1.9384,2,STA,WIFI_DROP,
1.9408,2,STA,WIFI_DROP,
1.9432,2,STA,WIFI_DROP,
1.9456,2,STA,WIFI_DROP,
1.948,2,STA,WIFI_DROP,
1.9504,2,STA,WIFI_DROP,
1.9528,2,STA,WIFI_DROP,
1.9552,2,STA,WIFI_DROP,
1.9576,2,STA,WIFI_DROP,
1.96,2,STA,WIFI_DROP,
1.9624,2,STA,WIFI_DROP,
1.9648,2,STA,WIFI_DROP,
1.9672,2,STA,WIFI_DROP,
1.9696,2,STA,WIFI_DROP,
1.972,2,STA,WIFI_DROP,
1.9744,2,STA,WIFI_DROP,
1.9768,2,STA,WIFI_DROP,
1.9792,2,STA,WIFI_DROP,
1.9816,2,STA,WIFI_DROP,
1.984,2,STA,WIFI_DROP,
1.9864,2,STA,WIFI_DROP,
1.9888,2,STA,WIFI_DROP,
1.9912,2,STA,WIFI_DROP,
1.9936,2,STA,WIFI_DROP,
1.996,2,STA,WIFI_DROP,
1.9984,2,STA,WIFI_DROP,
2,2,STA,THROUGHPUT_MBPS,2.232000
2,3,STA,THROUGHPUT_MBPS,1.956000
2,6,STA,THROUGHPUT_MBPS,0.996000
2,7,STA,THROUGHPUT_MBPS,0.972000
2,8,STA,THROUGHPUT_MBPS,0.456000
2,9,STA,THROUGHPUT_MBPS,0.072000
2,10,STA,THROUGHPUT_MBPS,1.488000
2,11,STA,THROUGHPUT_MBPS,1.704000
2,12,STA,THROUGHPUT_MBPS,0.096000
2,13,STA,THROUGHPUT_MBPS,0.864000
2,17,STA,THROUGHPUT_MBPS,1.428000
2,18,STA,THROUGHPUT_MBPS,1.872000
2,21,STA,THROUGHPUT_MBPS,1.164000
2,1,AP,AGGREGATE_THROUGHPUT_MBPS,15.300000
2,1,AP,SENT_COUNT,8340.000000
2,1,AP,RECV_COUNT,1275.000000
2,1,AP,LATENCY_P95_MS,531.429187
2.0008,2,STA,WIFI_DROP,
2.0032,2,STA,WIFI_DROP,
2.0056,2,STA,WIFI_DROP,
2.008,2,STA,WIFI_DROP,
2.0104,2,STA,WIFI_DROP,
2.0128,2,STA,WIFI_DROP,
2.0152,2,STA,WIFI_DROP,
2.0176,2,STA,WIFI_DROP,
2.02,2,STA,WIFI_DROP,
2.0224,2,STA,WIFI_DROP,
2.0248,2,STA,WIFI_DROP,
2.0272,2,STA,WIFI_DROP,
2.0296,2,STA,WIFI_DROP,
2.032,2,STA,WIFI_DROP,
2.0344,2,STA,WIFI_DROP,
2.0368,2,STA,WIFI_DROP,
2.0392,2,STA,WIFI_DROP,
2.0416,2,STA,WIFI_DROP,
2.044,2,STA,WIFI_DROP,
2.0464,2,STA,WIFI_DROP,
2.0488,2,STA,WIFI_DROP,
2.0512,2,STA,WIFI_DROP,
2.0536,2,STA,WIFI_DROP,
2.056,2,STA,WIFI_DROP,
2.0584,2,STA,WIFI_DROP,
2.0608,2,STA,WIFI_DROP,
2.0632,2,STA,WIFI_DROP,
2.0656,2,STA,WIFI_DROP,
2.068,2,STA,WIFI_DROP,
2.0704,2,STA,WIFI_DROP,
2.0728,2,STA,WIFI_DROP,
2.0752,2,STA,WIFI_DROP,
2.0776,2,STA,WIFI_DROP,
2.08,2,STA,WIFI_DROP,
2.0824,2,STA,WIFI_DROP,
2.0848,2,STA,WIFI_DROP,
2.0872,2,STA,WIFI_DROP,
2.0896,2,STA,WIFI_DROP,
2.092,2,STA,WIFI_DROP,
2.0944,2,STA,WIFI_DROP,
2.0968,2,STA,WIFI_DROP,
2.0992,2,STA,WIFI_DROP,
2.1016,2,STA,WIFI_DROP,
2.104,2,STA,WIFI_DROP,
2.1064,2,STA,WIFI_DROP,
2.1088,2,STA,WIFI_DROP,
2.1112,2,STA,WIFI_DROP,
2.1136,2,STA,WIFI_DROP,
2.116,2,STA,WIFI_DROP,
2.1184,2,STA,WIFI_DROP,
2.1208,2,STA,WIFI_DROP,
2.1232,2,STA,WIFI_DROP,
2.1256,2,STA,WIFI_DROP,
2.128,2,STA,WIFI_DROP,
2.1304,2,STA,WIFI_DROP,
2.1328,2,STA,WIFI_DROP,
2.1352,2,STA,WIFI_DROP,
2.1376,2,STA,WIFI_DROP,
2.14,2,STA,WIFI_DROP,
2.1424,2,STA,WIFI_DROP,
2.1448,2,STA,WIFI_DROP,
2.1472,2,STA,WIFI_DROP,
2.1496,2,STA,WIFI_DROP,
2.152,2,STA,WIFI_DROP,
2.1544,2,STA,WIFI_DROP,
2.1568,2,STA,WIFI_DROP,
2.1592,2,STA,WIFI_DROP,
2.1616,2,STA,WIFI_DROP,
2.164,2,STA,WIFI_DROP,
2.1664,2,STA,WIFI_DROP,
2.1688,2,STA,WIFI_DROP,
2.1712,2,STA,WIFI_DROP,
2.1736,2,STA,WIFI_DROP,
2.5408,19,STA,WIFI_DROP,
2.5432,3,STA,WIFI_DROP,
2.5432,19,STA,WIFI_DROP,
2.5456,3,STA,WIFI_DROP,
2.5456,19,STA,WIFI_DROP,
2.548,3,STA,WIFI_DROP,
2.548,19,STA,WIFI_DROP,
2.5504,3,STA,WIFI_DROP,
2.5504,19,STA,WIFI_DROP,
2.5528,3,STA,WIFI_DROP,
2.5528,19,STA,WIFI_DROP,
2.5552,3,STA,WIFI_DROP,
2.5552,19,STA,WIFI_DROP,
2.5576,3,STA,WIFI_DROP,
2.5576,19,STA,WIFI_DROP,
2.56,3,STA,WIFI_DROP,
2.56,19,STA,WIFI_DROP,
2.5624,3,STA,WIFI_DROP,
2.5624,19,STA,WIFI_DROP,
2.5648,3,STA,WIFI_DROP,
2.5648,19,STA,WIFI_DROP,
2.5672,3,STA,WIFI_DROP,
2.5672,19,STA,WIFI_DROP,
2.5696,3,STA,WIFI_DROP,
2.5696,19,STA,WIFI_DROP,
2.572,3,STA,WIFI_DROP,
2.572,19,STA,WIFI_DROP,
2.5744,3,STA,WIFI_DROP,
2.5744,19,STA,WIFI_DROP,
2.5768,3,STA,WIFI_DROP,
2.5768,19,STA,WIFI_DROP,
2.5792,3,STA,WIFI_DROP,
2.5792,19,STA,WIFI_DROP,
2.5816,3,STA,WIFI_DROP,
2.5816,19,STA,WIFI_DROP,
2.584,3,STA,WIFI_DROP,
2.584,19,STA,WIFI_DROP,
2.5864,3,STA,WIFI_DROP,
2.5864,19,STA,WIFI_DROP,
2.5888,3,STA,WIFI_DROP,
2.5888,19,STA,WIFI_DROP,
2.5912,3,STA,WIFI_DROP,
2.5912,19,STA,WIFI_DROP,
2.5936,3,STA,WIFI_DROP,
2.5936,19,STA,WIFI_DROP,
2.596,3,STA,WIFI_DROP,
2.596,19,STA,WIFI_DROP,
2.5984,3,STA,WIFI_DROP,
2.5984,19,STA,WIFI_DROP,
2.6008,3,STA,WIFI_DROP,
2.6008,19,STA,WIFI_DROP,
2.6032,3,STA,WIFI_DROP,
2.6032,19,STA,WIFI_DROP,
2.6056,3,STA,WIFI_DROP,
2.6056,19,STA,WIFI_DROP,
2.608,3,STA,WIFI_DROP,
2.608,19,STA,WIFI_DROP,
2.6104,3,STA,WIFI_DROP,
2.6104,19,STA,WIFI_DROP,
2.6128,3,STA,WIFI_DROP,
2.6128,19,STA,WIFI_DROP,
2.6152,3,STA,WIFI_DROP,
2.6152,19,STA,WIFI_DROP,
2.6176,3,STA,WIFI_DROP,
2.6176,19,STA,WIFI_DROP,
2.62,3,STA,WIFI_DROP,
2.62,19,STA,WIFI_DROP,
2.6224,3,STA,WIFI_DROP,
2.6224,19,STA,WIFI_DROP,
2.6248,3,STA,WIFI_DROP,
2.6248,19,STA,WIFI_DROP,
2.6272,3,STA,WIFI_DROP,
2.6272,19,STA,WIFI_DROP,
2.6296,3,STA,WIFI_DROP,
2.6296,19,STA,WIFI_DROP,
2.632,3,STA,WIFI_DROP,
2.632,19,STA,WIFI_DROP,
2.6344,3,STA,WIFI_DROP,
2.6344,19,STA,WIFI_DROP,
2.6368,3,STA,WIFI_DROP,
2.6368,19,STA,WIFI_DROP,
2.6392,3,STA,WIFI_DROP,
2.6392,19,STA,WIFI_DROP,
2.6416,3,STA,WIFI_DROP,
2.6416,19,STA,WIFI_DROP,
2.644,3,STA,WIFI_DROP,
2.644,19,STA,WIFI_DROP,
2.6464,3,STA,WIFI_DROP,
2.6464,19,STA,WIFI_DROP,
2.6488,3,STA,WIFI_DROP,
2.6488,19,STA,WIFI_DROP,
2.6512,3,STA,WIFI_DROP,
2.6512,19,STA,WIFI_DROP,
2.6536,3,STA,WIFI_DROP,
2.6536,19,STA,WIFI_DROP,
2.656,3,STA,WIFI_DROP,
2.656,19,STA,WIFI_DROP,
2.6584,3,STA,WIFI_DROP,
2.6584,19,STA,WIFI_DROP,
2.6608,3,STA,WIFI_DROP,
2.6608,19,STA,WIFI_DROP,
2.6632,3,STA,WIFI_DROP,
2.6632,19,STA,WIFI_DROP,
2.6656,3,STA,WIFI_DROP,
2.6656,19,STA,WIFI_DROP,
2.668,3,STA,WIFI_DROP,
2.668,19,STA,WIFI_DROP,
2.6704,3,STA,WIFI_DROP,
2.6704,19,STA,WIFI_DROP,
2.6728,3,STA,WIFI_DROP,
2.6728,19,STA,WIFI_DROP,
2.6752,3,STA,WIFI_DROP,
2.6752,19,STA,WIFI_DROP,
2.6776,3,STA,WIFI_DROP,
2.6776,19,STA,WIFI_DROP,
2.68,3,STA,WIFI_DROP,
2.68,19,STA,WIFI_DROP,
2.6824,3,STA,WIFI_DROP,
2.6824,19,STA,WIFI_DROP,
2.6848,3,STA,WIFI_DROP,
2.6848,19,STA,WIFI_DROP,
2.6872,3,STA,WIFI_DROP,
2.6872,19,STA,WIFI_DROP,
2.6896,3,STA,WIFI_DROP,
2.6896,19,STA,WIFI_DROP,
2.692,3,STA,WIFI_DROP,
2.692,19,STA,WIFI_DROP,
2.6944,3,STA,WIFI_DROP,
2.6944,19,STA,WIFI_DROP,
2.6968,19,STA,WIFI_DROP,
2.6992,19,STA,WIFI_DROP,
2.7016,19,STA,WIFI_DROP,
2.704,19,STA,WIFI_DROP,
2.7064,19,STA,WIFI_DROP,
2.7088,19,STA,WIFI_DROP,
2.7112,19,STA,WIFI_DROP,
2.7136,19,STA,WIFI_DROP,
2.716,19,STA,WIFI_DROP,
2.7184,19,STA,WIFI_DROP,
2.7208,19,STA,WIFI_DROP,
2.7232,19,STA,WIFI_DROP,
2.7256,19,STA,WIFI_DROP,
2.728,19,STA,WIFI_DROP,
2.7304,19,STA,WIFI_DROP,
2.7328,19,STA,WIFI_DROP,
2.7352,19,STA,WIFI_DROP,
2.7376,19,STA,WIFI_DROP,
2.74,19,STA,WIFI_DROP,
2.7424,19,STA,WIFI_DROP,
2.7448,13,STA,WIFI_DROP,
2.7448,19,STA,WIFI_DROP,
2.7472,13,STA,WIFI_DROP,
2.7472,19,STA,WIFI_DROP,
2.7496,13,STA,WIFI_DROP,
2.7496,19,STA,WIFI_DROP,
2.752,13,STA,WIFI_DROP,
2.752,19,STA,WIFI_DROP,
2.7544,13,STA,WIFI_DROP,
2.7544,19,STA,WIFI_DROP,
2.7568,13,STA,WIFI_DROP,
2.7568,19,STA,WIFI_DROP,
2.7592,13,STA,WIFI_DROP,
2.7592,19,STA,WIFI_DROP,
2.7616,13,STA,WIFI_DROP,
2.7616,19,STA,WIFI_DROP,
2.764,13,STA,WIFI_DROP,
2.764,19,STA,WIFI_DROP,
2.7664,13,STA,WIFI_DROP,
2.7664,19,STA,WIFI_DROP,
2.7688,13,STA,WIFI_DROP,
2.7688,19,STA,WIFI_DROP,
2.7712,13,STA,WIFI_DROP,
2.7712,19,STA,WIFI_DROP,
2.7736,13,STA,WIFI_DROP,
2.7736,19,STA,WIFI_DROP,
2.776,13,STA,WIFI_DROP,
2.776,19,STA,WIFI_DROP,
2.7784,13,STA,WIFI_DROP,
2.7784,19,STA,WIFI_DROP,
2.7808,13,STA,WIFI_DROP,
2.7808,19,STA,WIFI_DROP,
2.7832,13,STA,WIFI_DROP,
2.7832,19,STA,WIFI_DROP,
2.7856,13,STA,WIFI_DROP,
2.7856,19,STA,WIFI_DROP,
2.788,13,STA,WIFI_DROP,
2.788,19,STA,WIFI_DROP,
2.7904,13,STA,WIFI_DROP,
2.7904,19,STA,WIFI_DROP,
2.7928,13,STA,WIFI_DROP,
2.7928,19,STA,WIFI_DROP,
2.7952,13,STA,WIFI_DROP,
2.7952,19,STA,WIFI_DROP,
2.7976,13,STA,WIFI_DROP,
2.7976,19,STA,WIFI_DROP,
2.8,13,STA,WIFI_DROP,
2.8,19,STA,WIFI_DROP,
2.8024,13,STA,WIFI_DROP,
2.8024,19,STA,WIFI_DROP,
2.8048,13,STA,WIFI_DROP,
2.8048,19,STA,WIFI_DROP,
2.8072,13,STA,WIFI_DROP,
2.8072,19,STA,WIFI_DROP,
2.8096,13,STA,WIFI_DROP,
2.8096,19,STA,WIFI_DROP,
2.812,13,STA,WIFI_DROP,
2.812,19,STA,WIFI_DROP,
2.8144,13,STA,WIFI_DROP,
2.8144,19,STA,WIFI_DROP,
2.8168,13,STA,WIFI_DROP,
2.8168,19,STA,WIFI_DROP,
2.8192,13,STA,WIFI_DROP,
2.8192,19,STA,WIFI_DROP,
2.8216,13,STA,WIFI_DROP,
2.8216,19,STA,WIFI_DROP,
2.824,13,STA,WIFI_DROP,
2.824,19,STA,WIFI_DROP,
2.8264,13,STA,WIFI_DROP,
2.8264,19,STA,WIFI_DROP,
2.8288,13,STA,WIFI_DROP,
2.8288,19,STA,WIFI_DROP,
2.8312,13,STA,WIFI_DROP,
2.8312,19,STA,WIFI_DROP,
2.8336,13,STA,WIFI_DROP,
2.8336,19,STA,WIFI_DROP,
2.836,13,STA,WIFI_DROP,
2.836,19,STA,WIFI_DROP,
2.8384,13,STA,WIFI_DROP,
2.8384,19,STA,WIFI_DROP,
2.8408,13,STA,WIFI_DROP,
2.8408,19,STA,WIFI_DROP,
2.8432,13,STA,WIFI_DROP,
2.8432,19,STA,WIFI_DROP,
2.8456,13,STA,WIFI_DROP,
2.8456,19,STA,WIFI_DROP,
2.848,13,STA,WIFI_DROP,
2.848,19,STA,WIFI_DROP,
2.8504,13,STA,WIFI_DROP,
2.8504,19,STA,WIFI_DROP,
2.8528,13,STA,WIFI_DROP,
2.8528,19,STA,WIFI_DROP,
2.8552,13,STA,WIFI_DROP,
2.8552,19,STA,WIFI_DROP,
2.8576,13,STA,WIFI_DROP,
2.8576,19,STA,WIFI_DROP,
2.86,13,STA,WIFI_DROP,
2.86,19,STA,WIFI_DROP,
2.8624,13,STA,WIFI_DROP,
2.8624,19,STA,WIFI_DROP,
2.8648,13,STA,WIFI_DROP,
2.8648,19,STA,WIFI_DROP,
2.8672,13,STA,WIFI_DROP,
2.8672,19,STA,WIFI_DROP,
2.8696,13,STA,WIFI_DROP,
2.8696,19,STA,WIFI_DROP,
2.872,13,STA,WIFI_DROP,
2.872,19,STA,WIFI_DROP,
2.8744,13,STA,WIFI_DROP,
2.8744,19,STA,WIFI_DROP,
2.8768,13,STA,WIFI_DROP,
2.8768,19,STA,WIFI_DROP,
2.8792,13,STA,WIFI_DROP,
2.8792,19,STA,WIFI_DROP,
2.8816,13,STA,WIFI_DROP,
2.8816,19,STA,WIFI_DROP,
2.884,13,STA,WIFI_DROP,
2.884,19,STA,WIFI_DROP,
2.8864,13,STA,WIFI_DROP,
2.8864,19,STA,WIFI_DROP,
2.8888,13,STA,WIFI_DROP,
2.8888,19,STA,WIFI_DROP,
2.8912,13,STA,WIFI_DROP,
2.8912,19,STA,WIFI_DROP,
2.8936,13,STA,WIFI_DROP,
2.8936,19,STA,WIFI_DROP,
2.896,13,STA,WIFI_DROP,
2.8984,13,STA,WIFI_DROP,
2.9008,13,STA,WIFI_DROP,
2.9032,13,STA,WIFI_DROP,
2.9056,13,STA,WIFI_DROP,
2.908,13,STA,WIFI_DROP,
2.9104,13,STA,WIFI_DROP,
2.9128,13,STA,WIFI_DROP,
2.9152,13,STA,WIFI_DROP,
2.9176,13,STA,WIFI_DROP,
2.92,13,STA,WIFI_DROP,
2.9224,13,STA,WIFI_DROP,
2.9248,13,STA,WIFI_DROP,
2.9272,13,STA,WIFI_DROP,
2.9296,13,STA,WIFI_DROP,
2.932,13,STA,WIFI_DROP,
2.9344,13,STA,WIFI_DROP,
2.9368,13,STA,WIFI_DROP,
2.9392,13,STA,WIFI_DROP,
2.9416,13,STA,WIFI_DROP,
2.944,13,STA,WIFI_DROP,
2.9464,13,STA,WIFI_DROP,
2.9488,13,STA,WIFI_DROP,
2.9512,13,STA,WIFI_DROP,
2.9512,21,STA,WIFI_DROP,
2.9536,13,STA,WIFI_DROP,
2.9536,21,STA,WIFI_DROP,
2.956,13,STA,WIFI_DROP,
2.956,21,STA,WIFI_DROP,
2.9584,13,STA,WIFI_DROP,
2.9584,21,STA,WIFI_DROP,
2.9608,13,STA,WIFI_DROP,
2.9608,21,STA,WIFI_DROP,
2.9632,13,STA,WIFI_DROP,
2.9632,21,STA,WIFI_DROP,
2.9656,13,STA,WIFI_DROP,
2.9656,21,STA,WIFI_DROP,
2.968,13,STA,WIFI_DROP,
2.968,21,STA,WIFI_DROP,
2.9704,13,STA,WIFI_DROP,
2.9704,21,STA,WIFI_DROP,
2.9728,13,STA,WIFI_DROP,
2.9728,21,STA,WIFI_DROP,
2.9752,13,STA,WIFI_DROP,
2.9752,21,STA,WIFI_DROP,
2.9776,13,STA,WIFI_DROP,
2.9776,21,STA,WIFI_DROP,
2.98,13,STA,WIFI_DROP,
2.98,21,STA,WIFI_DROP,
2.9824,13,STA,WIFI_DROP,
2.9824,21,STA,WIFI_DROP,
2.9848,13,STA,WIFI_DROP,
2.9848,21,STA,WIFI_DROP,
2.9872,13,STA,WIFI_DROP,
2.9872,21,STA,WIFI_DROP,
2.9896,13,STA,WIFI_DROP,
2.9896,21,STA,WIFI_DROP,
2.992,13,STA,WIFI_DROP,
2.992,21,STA,WIFI_DROP,
2.9944,13,STA,WIFI_DROP,
2.9944,21,STA,WIFI_DROP,
2.9968,21,STA,WIFI_DROP,
2.9992,21,STA,WIFI_DROP,
3,2,STA,THROUGHPUT_MBPS,2.028000
3,3,STA,THROUGHPUT_MBPS,1.452000
3,6,STA,THROUGHPUT_MBPS,0.768000
3,8,STA,THROUGHPUT_MBPS,1.020000
3,9,STA,THROUGHPUT_MBPS,0.972000
3,10,STA,THROUGHPUT_MBPS,0.684000
3,11,STA,THROUGHPUT_MBPS,3.876000
3,12,STA,THROUGHPUT_MBPS,0.696000
3,13,STA,THROUGHPUT_MBPS,0.732000
3,17,STA,THROUGHPUT_MBPS,4.176000
3,18,STA,THROUGHPUT_MBPS,0.936000
3,21,STA,THROUGHPUT_MBPS,2.004000
3,1,AP,AGGREGATE_THROUGHPUT_MBPS,19.344000
3,1,AP,SENT_COUNT,8340.000000
3,1,AP,RECV_COUNT,1612.000000
3,1,AP,LATENCY_P95_MS,539.343187
3.0016,21,STA,WIFI_DROP,
3.004,21,STA,WIFI_DROP,
3.0064,21,STA,WIFI_DROP,
3.0088,21,STA,WIFI_DROP,
3.0112,21,STA,WIFI_DROP,
3.0136,21,STA,WIFI_DROP,
3.016,21,STA,WIFI_DROP,
3.0184,21,STA,WIFI_DROP,
3.0208,21,STA,WIFI_DROP,
3.0232,21,STA,WIFI_DROP,
3.0256,21,STA,WIFI_DROP,
3.028,21,STA,WIFI_DROP,
3.0304,21,STA,WIFI_DROP,
3.0328,21,STA,WIFI_DROP,
3.0352,21,STA,WIFI_DROP,
3.0376,21,STA,WIFI_DROP,
3.04,21,STA,WIFI_DROP,
3.0424,21,STA,WIFI_DROP,
3.0448,21,STA,WIFI_DROP,
3.0472,21,STA,WIFI_DROP,
3.0496,21,STA,WIFI_DROP,
3.052,21,STA,WIFI_DROP,
3.1528,10,STA,WIFI_DROP,
3.1552,10,STA,WIFI_DROP,
3.1576,10,STA,WIFI_DROP,
3.16,10,STA,WIFI_DROP,
3.1624,10,STA,WIFI_DROP,
3.1648,10,STA,WIFI_DROP,
3.1672,10,STA,WIFI_DROP,
3.1696,10,STA,WIFI_DROP,
3.172,10,STA,WIFI_DROP,
3.1744,10,STA,WIFI_DROP,
3.1768,10,STA,WIFI_DROP,
3.1792,10,STA,WIFI_DROP,
3.1816,10,STA,WIFI_DROP,
3.184,10,STA,WIFI_DROP,
3.1864,10,STA,WIFI_DROP,
3.1888,10,STA,WIFI_DROP,
3.1912,10,STA,WIFI_DROP,
3.1936,10,STA,WIFI_DROP,
3.196,10,STA,WIFI_DROP,
3.1984,10,STA,WIFI_DROP,
3.2008,10,STA,WIFI_DROP,
3.2032,10,STA,WIFI_DROP,
3.2056,10,STA,WIFI_DROP,
3.208,10,STA,WIFI_DROP,
3.2104,10,STA,WIFI_DROP,
3.2128,10,STA,WIFI_DROP,
3.2152,10,STA,WIFI_DROP,
3.2176,10,STA,WIFI_DROP,
3.22,10,STA,WIFI_DROP,
3.2224,10,STA,WIFI_DROP,
3.2248,10,STA,WIFI_DROP,
3.2272,10,STA,WIFI_DROP,
3.2296,10,STA,WIFI_DROP,
3.232,10,STA,WIFI_DROP,
3.2344,10,STA,WIFI_DROP,
3.2368,10,STA,WIFI_DROP,
3.2392,10,STA,WIFI_DROP,
3.2416,10,STA,WIFI_DROP,
3.244,10,STA,WIFI_DROP,
3.2464,10,STA,WIFI_DROP,
3.2488,10,STA,WIFI_DROP,
3.2512,10,STA,WIFI_DROP,
3.2536,10,STA,WIFI_DROP,
3.256,10,STA,WIFI_DROP,
3.2584,10,STA,WIFI_DROP,
3.2608,10,STA,WIFI_DROP,
3.2632,10,STA,WIFI_DROP,
3.2656,10,STA,WIFI_DROP,
3.268,10,STA,WIFI_DROP,
3.2704,10,STA,WIFI_DROP,
3.2728,10,STA,WIFI_DROP,
3.2752,10,STA,WIFI_DROP,
3.2776,10,STA,WIFI_DROP,
3.28,10,STA,WIFI_DROP,
3.2824,10,STA,WIFI_DROP,
3.2848,10,STA,WIFI_DROP,
3.2872,10,STA,WIFI_DROP,
3.2896,10,STA,WIFI_DROP,
3.292,10,STA,WIFI_DROP,
3.2944,10,STA,WIFI_DROP,
3.2968,10,STA,WIFI_DROP,
3.2992,10,STA,WIFI_DROP,
3.3016,10,STA,WIFI_DROP,
3.304,10,STA,WIFI_DROP,
3.3064,10,STA,WIFI_DROP,
3.3088,10,STA,WIFI_DROP,
3.3112,10,STA,WIFI_DROP,
3.3136,10,STA,WIFI_DROP,
3.316,10,STA,WIFI_DROP,
3.3184,10,STA,WIFI_DROP,
3.3208,10,STA,WIFI_DROP,
3.3232,10,STA,WIFI_DROP,
3.3256,10,STA,WIFI_DROP,
3.328,10,STA,WIFI_DROP,
3.3304,10,STA,WIFI_DROP,
3.3328,10,STA,WIFI_DROP,
3.3352,10,STA,WIFI_DROP,
3.3376,10,STA,WIFI_DROP,
3.34,10,STA,WIFI_DROP,
3.3424,10,STA,WIFI_DROP,
3.3448,10,STA,WIFI_DROP,
3.3472,10,STA,WIFI_DROP,
3.3496,10,STA,WIFI_DROP,
3.352,10,STA,WIFI_DROP,
3.3544,10,STA,WIFI_DROP,
3.3568,10,STA,WIFI_DROP,
3.3592,10,STA,WIFI_DROP,
3.3616,10,STA,WIFI_DROP,
3.364,10,STA,WIFI_DROP,
3.3664,10,STA,WIFI_DROP,
3.3688,10,STA,WIFI_DROP,
3.3712,10,STA,WIFI_DROP,
3.3736,10,STA,WIFI_DROP,
3.376,10,STA,WIFI_DROP,
3.3784,10,STA,WIFI_DROP,
3.3808,10,STA,WIFI_DROP,
3.3832,10,STA,WIFI_DROP,
3.3856,10,STA,WIFI_DROP,
3.388,10,STA,WIFI_DROP,
3.3904,10,STA,WIFI_DROP,
3.3928,10,STA,WIFI_DROP,
3.3952,10,STA,WIFI_DROP,
3.3976,10,STA,WIFI_DROP,
3.4,10,STA,WIFI_DROP,
3.4024,10,STA,WIFI_DROP,
3.4048,10,STA,WIFI_DROP,
3.4072,10,STA,WIFI_DROP,
3.4096,10,STA,WIFI_DROP,
3.412,10,STA,WIFI_DROP,
3.4144,10,STA,WIFI_DROP,
3.4168,10,STA,WIFI_DROP,
3.4192,10,STA,WIFI_DROP,
3.4216,10,STA,WIFI_DROP,
3.424,10,STA,WIFI_DROP,
3.4264,10,STA,WIFI_DROP,
3.4288,10,STA,WIFI_DROP,
3.4312,10,STA,WIFI_DROP,
3.4336,10,STA,WIFI_DROP,
3.436,10,STA,WIFI_DROP,
3.4384,10,STA,WIFI_DROP,
3.4408,10,STA,WIFI_DROP,
3.4432,10,STA,WIFI_DROP,
3.4456,10,STA,WIFI_DROP,
3.448,10,STA,WIFI_DROP,
3.4504,10,STA,WIFI_DROP,
3.4528,10,STA,WIFI_DROP,
3.4552,10,STA,WIFI_DROP,
3.4576,10,STA,WIFI_DROP,
3.46,10,STA,WIFI_DROP,
3.4624,9,STA,WIFI_DROP,
3.4624,10,STA,WIFI_DROP,
3.4648,9,STA,WIFI_DROP,
3.4648,10,STA,WIFI_DROP,
3.4672,9,STA,WIFI_DROP,
3.4672,10,STA,WIFI_DROP,
3.4696,9,STA,WIFI_DROP,
3.4696,10,STA,WIFI_DROP,
3.472,9,STA,WIFI_DROP,
3.472,10,STA,WIFI_DROP,
3.4744,9,STA,WIFI_DROP,
3.4744,10,STA,WIFI_DROP,
3.4768,9,STA,WIFI_DROP,
3.4768,10,STA,WIFI_DROP,
3.4792,9,STA,WIFI_DROP,
3.4792,10,STA,WIFI_DROP,
3.4816,9,STA,WIFI_DROP,
3.4816,10,STA,WIFI_DROP,
3.484,9,STA,WIFI_DROP,
3.484,10,STA,WIFI_DROP,
3.4864,9,STA,WIFI_DROP,
3.4864,10,STA,WIFI_DROP,
3.4888,9,STA,WIFI_DROP,
3.4888,10,STA,WIFI_DROP,
3.4912,9,STA,WIFI_DROP,
3.4912,10,STA,WIFI_DROP,
3.4936,9,STA,WIFI_DROP,
3.4936,10,STA,WIFI_DROP,
3.496,9,STA,WIFI_DROP,
3.496,10,STA,WIFI_DROP,
3.4984,9,STA,WIFI_DROP,
3.4984,10,STA,WIFI_DROP,
3.5008,9,STA,WIFI_DROP,
3.5008,10,STA,WIFI_DROP,
3.5032,9,STA,WIFI_DROP,
3.5032,10,STA,WIFI_DROP,
3.5056,9,STA,WIFI_DROP,
3.5056,10,STA,WIFI_DROP,
3.508,9,STA,WIFI_DROP,
3.508,10,STA,WIFI_DROP,
3.5104,9,STA,WIFI_DROP,
3.5104,10,STA,WIFI_DROP,
3.5128,9,STA,WIFI_DROP,
3.5128,10,STA,WIFI_DROP,
3.5152,9,STA,WIFI_DROP,
3.5152,10,STA,WIFI_DROP,
3.5176,9,STA,WIFI_DROP,
3.5176,10,STA,WIFI_DROP,
3.52,9,STA,WIFI_DROP,
3.52,10,STA,WIFI_DROP,
3.5224,9,STA,WIFI_DROP,
3.5224,10,STA,WIFI_DROP,
3.5248,9,STA,WIFI_DROP,
3.5248,10,STA,WIFI_DROP,
3.5272,9,STA,WIFI_DROP,
3.5272,10,STA,WIFI_DROP,
3.5296,9,STA,WIFI_DROP,
3.5296,10,STA,WIFI_DROP,
3.532,9,STA,WIFI_DROP,
3.532,10,STA,WIFI_DROP,
3.5344,9,STA,WIFI_DROP,
3.5344,10,STA,WIFI_DROP,
3.5368,9,STA,WIFI_DROP,
3.5368,10,STA,WIFI_DROP,
3.5392,9,STA,WIFI_DROP,
3.5392,10,STA,WIFI_DROP,
3.5416,9,STA,WIFI_DROP,
3.5416,10,STA,WIFI_DROP,
3.544,9,STA,WIFI_DROP,
3.544,10,STA,WIFI_DROP,
3.5464,9,STA,WIFI_DROP,
3.5464,10,STA,WIFI_DROP,
3.5488,9,STA,WIFI_DROP,
3.5488,10,STA,WIFI_DROP,
3.5512,9,STA,WIFI_DROP,
3.5512,10,STA,WIFI_DROP,
3.5536,9,STA,WIFI_DROP,
3.5536,10,STA,WIFI_DROP,
3.556,9,STA,WIFI_DROP,
3.556,10,STA,WIFI_DROP,
3.5584,9,STA,WIFI_DROP,
3.5584,10,STA,WIFI_DROP,
3.5608,9,STA,WIFI_DROP,
3.5608,10,STA,WIFI_DROP,
3.5632,9,STA,WIFI_DROP,
3.5632,10,STA,WIFI_DROP,
3.5656,9,STA,WIFI_DROP,
3.5656,10,STA,WIFI_DROP,
3.568,9,STA,WIFI_DROP,
3.568,10,STA,WIFI_DROP,
3.5704,9,STA,WIFI_DROP,
3.5704,10,STA,WIFI_DROP,
3.5728,9,STA,WIFI_DROP,
3.5728,10,STA,WIFI_DROP,
3.5752,9,STA,WIFI_DROP,
3.5752,10,STA,WIFI_DROP,
3.5776,9,STA,WIFI_DROP,
3.5776,10,STA,WIFI_DROP,
3.58,9,STA,WIFI_DROP,
3.58,10,STA,WIFI_DROP,
3.5824,9,STA,WIFI_DROP,
3.5824,10,STA,WIFI_DROP,
3.5848,9,STA,WIFI_DROP,
3.5848,10,STA,WIFI_DROP,
3.5872,9,STA,WIFI_DROP,
3.5872,10,STA,WIFI_DROP,
3.5896,9,STA,WIFI_DROP,
3.5896,10,STA,WIFI_DROP,
3.592,9,STA,WIFI_DROP,
3.592,10,STA,WIFI_DROP,
3.5944,9,STA,WIFI_DROP,
3.5944,10,STA,WIFI_DROP,
3.5968,9,STA,WIFI_DROP,
3.5968,10,STA,WIFI_DROP,
3.5992,9,STA,WIFI_DROP,
3.5992,10,STA,WIFI_DROP,
3.6016,9,STA,WIFI_DROP,
3.6016,10,STA,WIFI_DROP,
3.604,9,STA,WIFI_DROP,
3.604,10,STA,WIFI_DROP,
3.6064,9,STA,WIFI_DROP,
3.6064,10,STA,WIFI_DROP,
3.6088,9,STA,WIFI_DROP,
3.6088,10,STA,WIFI_DROP,
3.6112,9,STA,WIFI_DROP,
3.6112,10,STA,WIFI_DROP,
3.6136,9,STA,WIFI_DROP,
3.6136,10,STA,WIFI_DROP,
3.616,9,STA,WIFI_DROP,
3.616,10,STA,WIFI_DROP,
3.6184,9,STA,WIFI_DROP,
3.6184,10,STA,WIFI_DROP,
3.6208,9,STA,WIFI_DROP,
3.6208,10,STA,WIFI_DROP,
3.6232,9,STA,WIFI_DROP,
3.6232,10,STA,WIFI_DROP,
3.6256,9,STA,WIFI_DROP,
3.6256,10,STA,WIFI_DROP,
3.628,9,STA,WIFI_DROP,
3.628,10,STA,WIFI_DROP,
3.6304,9,STA,WIFI_DROP,
3.6304,10,STA,WIFI_DROP,
3.6328,9,STA,WIFI_DROP,
3.6328,10,STA,WIFI_DROP,
3.6352,9,STA,WIFI_DROP,
3.6352,10,STA,WIFI_DROP,
3.6376,9,STA,WIFI_DROP,
3.6376,10,STA,WIFI_DROP,
3.64,9,STA,WIFI_DROP,
3.64,10,STA,WIFI_DROP,
3.6424,9,STA,WIFI_DROP,
3.6424,10,STA,WIFI_DROP,
3.6448,9,STA,WIFI_DROP,
3.6448,10,STA,WIFI_DROP,
3.6472,9,STA,WIFI_DROP,
3.6472,10,STA,WIFI_DROP,
3.6496,9,STA,WIFI_DROP,
3.6496,10,STA,WIFI_DROP,
3.652,9,STA,WIFI_DROP,
3.652,10,STA,WIFI_DROP,
3.6544,9,STA,WIFI_DROP,
3.6544,10,STA,WIFI_DROP,
3.6568,9,STA,WIFI_DROP,
3.6568,10,STA,WIFI_DROP,
3.6592,9,STA,WIFI_DROP,
3.6592,10,STA,WIFI_DROP,
3.6616,9,STA,WIFI_DROP,
3.6616,10,STA,WIFI_DROP,
3.664,9,STA,WIFI_DROP,
3.664,10,STA,WIFI_DROP,
3.6664,9,STA,WIFI_DROP,
3.6664,10,STA,WIFI_DROP,
3.6688,9,STA,WIFI_DROP,
3.6688,10,STA,WIFI_DROP,
3.6712,9,STA,WIFI_DROP,
3.6712,10,STA,WIFI_DROP,
3.6736,9,STA,WIFI_DROP,
3.6736,10,STA,WIFI_DROP,
3.676,9,STA,WIFI_DROP,
3.676,10,STA,WIFI_DROP,
3.6784,9,STA,WIFI_DROP,
3.6784,10,STA,WIFI_DROP,
3.6808,9,STA,WIFI_DROP,
3.6808,10,STA,WIFI_DROP,
3.6832,9,STA,WIFI_DROP,
3.6832,10,STA,WIFI_DROP,
3.6856,9,STA,WIFI_DROP,
3.6856,10,STA,WIFI_DROP,
3.688,9,STA,WIFI_DROP,
3.688,10,STA,WIFI_DROP,
3.6904,9,STA,WIFI_DROP,
3.6904,10,STA,WIFI_DROP,
3.6928,9,STA,WIFI_DROP,
3.6928,10,STA,WIFI_DROP,
3.6952,9,STA,WIFI_DROP,
3.6952,10,STA,WIFI_DROP,
3.6976,9,STA,WIFI_DROP,
3.6976,10,STA,WIFI_DROP,
3.7,9,STA,WIFI_DROP,
3.7,10,STA,WIFI_DROP,
3.7024,9,STA,WIFI_DROP,
3.7024,10,STA,WIFI_DROP,
3.7048,9,STA,WIFI_DROP,
3.7048,10,STA,WIFI_DROP,
3.7072,9,STA,WIFI_DROP,
3.7072,10,STA,WIFI_DROP,
3.7096,9,STA,WIFI_DROP,
3.7096,10,STA,WIFI_DROP,
3.712,9,STA,WIFI_DROP,
3.712,10,STA,WIFI_DROP,
3.7144,10,STA,WIFI_DROP,
3.7168,10,STA,WIFI_DROP,
3.7192,10,STA,WIFI_DROP,
3.7216,10,STA,WIFI_DROP,
3.724,10,STA,WIFI_DROP,
3.7264,10,STA,WIFI_DROP,
3.7288,10,STA,WIFI_DROP,
3.7312,10,STA,WIFI_DROP,
3.7336,10,STA,WIFI_DROP,
3.736,10,STA,WIFI_DROP,
3.7384,10,STA,WIFI_DROP,
3.7408,10,STA,WIFI_DROP,
3.7432,10,STA,WIFI_DROP,
3.7456,10,STA,WIFI_DROP,
3.748,10,STA,WIFI_DROP,
3.7504,10,STA,WIFI_DROP,
3.7528,10,STA,WIFI_DROP,
3.7552,10,STA,WIFI_DROP,
3.7576,10,STA,WIFI_DROP,
3.76,10,STA,WIFI_DROP,
3.7624,10,STA,WIFI_DROP,
3.7648,10,STA,WIFI_DROP,
3.7672,10,STA,WIFI_DROP,
3.7696,10,STA,WIFI_DROP,
3.772,10,STA,WIFI_DROP,
3.7744,10,STA,WIFI_DROP,
3.7768,10,STA,WIFI_DROP,
3.7792,10,STA,WIFI_DROP,
3.7816,10,STA,WIFI_DROP,
3.784,10,STA,WIFI_DROP,
3.7864,10,STA,WIFI_DROP,
3.7888,10,STA,WIFI_DROP,
3.7912,10,STA,WIFI_DROP,
3.7936,10,STA,WIFI_DROP,
3.796,10,STA,WIFI_DROP,
3.7984,10,STA,WIFI_DROP,
3.8008,10,STA,WIFI_DROP,
3.8032,10,STA,WIFI_DROP,
3.8056,10,STA,WIFI_DROP,
3.808,10,STA,WIFI_DROP,
3.8104,10,STA,WIFI_DROP,
3.8128,10,STA,WIFI_DROP,
3.8152,10,STA,WIFI_DROP,
3.8176,10,STA,WIFI_DROP,
3.82,10,STA,WIFI_DROP,
3.8224,10,STA,WIFI_DROP,
3.8248,10,STA,WIFI_DROP,
3.8272,10,STA,WIFI_DROP,
3.8296,10,STA,WIFI_DROP,
3.832,10,STA,WIFI_DROP,
3.8344,10,STA,WIFI_DROP,
3.8368,10,STA,WIFI_DROP,
3.8392,10,STA,WIFI_DROP,
3.8416,10,STA,WIFI_DROP,
3.844,10,STA,WIFI_DROP,
3.8464,10,STA,WIFI_DROP,
3.8488,10,STA,WIFI_DROP,
3.8512,10,STA,WIFI_DROP,
3.8536,10,STA,WIFI_DROP,
3.856,10,STA,WIFI_DROP,
3.8584,10,STA,WIFI_DROP,
3.8608,10,STA,WIFI_DROP,
3.8632,10,STA,WIFI_DROP,
3.8656,10,STA,WIFI_DROP,
3.868,10,STA,WIFI_DROP,
3.8704,10,STA,WIFI_DROP,
3.8728,10,STA,WIFI_DROP,
3.8752,10,STA,WIFI_DROP,
3.8776,10,STA,WIFI_DROP,
3.88,10,STA,WIFI_DROP,
3.8824,10,STA,WIFI_DROP,
3.8848,10,STA,WIFI_DROP,
3.8872,10,STA,WIFI_DROP,
3.8896,10,STA,WIFI_DROP,
3.892,10,STA,WIFI_DROP,
3.8944,10,STA,WIFI_DROP,
3.8968,10,STA,WIFI_DROP,
3.8992,10,STA,WIFI_DROP,
3.9016,10,STA,WIFI_DROP,
3.904,10,STA,WIFI_DROP,
3.9064,10,STA,WIFI_DROP,
3.9088,10,STA,WIFI_DROP,
3.9112,10,STA,WIFI_DROP,
3.9136,10,STA,WIFI_DROP,
3.916,10,STA,WIFI_DROP,
3.9184,10,STA,WIFI_DROP,
3.9208,10,STA,WIFI_DROP,
3.9232,10,STA,WIFI_DROP,
3.9256,10,STA,WIFI_DROP,
3.928,10,STA,WIFI_DROP,
3.9304,10,STA,WIFI_DROP,
3.9328,10,STA,WIFI_DROP,
3.9352,10,STA,WIFI_DROP,
3.9376,10,STA,WIFI_DROP,
3.94,10,STA,WIFI_DROP,
3.9424,10,STA,WIFI_DROP,
3.9448,10,STA,WIFI_DROP,
3.9472,10,STA,WIFI_DROP,
3.9496,10,STA,WIFI_DROP,
3.952,10,STA,WIFI_DROP,
3.9544,10,STA,WIFI_DROP,
3.9568,10,STA,WIFI_DROP,
3.9592,10,STA,WIFI_DROP,
3.9616,10,STA,WIFI_DROP,
3.964,10,STA,WIFI_DROP,
3.9664,10,STA,WIFI_DROP,
3.9688,10,STA,WIFI_DROP,
3.9712,10,STA,WIFI_DROP,
3.9736,10,STA,WIFI_DROP,
3.976,10,STA,WIFI_DROP,
3.9784,10,STA,WIFI_DROP,
3.9808,10,STA,WIFI_DROP,
3.9832,10,STA,WIFI_DROP,
3.9856,10,STA,WIFI_DROP,
3.988,10,STA,WIFI_DROP,
3.9904,10,STA,WIFI_DROP,
3.9928,10,STA,WIFI_DROP,
3.9952,10,STA,WIFI_DROP,
3.9976,10,STA,WIFI_DROP,
4,2,STA,THROUGHPUT_MBPS,2.880000
4,3,STA,THROUGHPUT_MBPS,3.012000
4,6,STA,THROUGHPUT_MBPS,0.924000
4,8,STA,THROUGHPUT_MBPS,1.764000
4,9,STA,THROUGHPUT_MBPS,0.996000
4,10,STA,THROUGHPUT_MBPS,0.744000
4,11,STA,THROUGHPUT_MBPS,0.588000
4,12,STA,THROUGHPUT_MBPS,0.768000
4,17,STA,THROUGHPUT_MBPS,1.920000
4,18,STA,THROUGHPUT_MBPS,2.460000
4,1,AP,AGGREGATE_THROUGHPUT_MBPS,16.056000
4,1,AP,SENT_COUNT,8320.000000
4,1,AP,RECV_COUNT,1338.000000
4,1,AP,LATENCY_P95_MS,547.301508
4,10,STA,WIFI_DROP,
4.0024,10,STA,WIFI_DROP,
4.0048,10,STA,WIFI_DROP,
4.0072,10,STA,WIFI_DROP,
4.0096,10,STA,WIFI_DROP,
4.012,10,STA,WIFI_DROP,
4.0144,10,STA,WIFI_DROP,
4.0168,10,STA,WIFI_DROP,
4.0192,10,STA,WIFI_DROP,
4.0216,10,STA,WIFI_DROP,
4.024,10,STA,WIFI_DROP,
4.0264,10,STA,WIFI_DROP,
4.0288,10,STA,WIFI_DROP,
4.0312,10,STA,WIFI_DROP,
4.0336,10,STA,WIFI_DROP,
4.036,10,STA,WIFI_DROP,
4.0384,10,STA,WIFI_DROP,
4.0408,10,STA,WIFI_DROP,
4.0432,10,STA,WIFI_DROP,
4.0456,10,STA,WIFI_DROP,
4.048,10,STA,WIFI_DROP,
4.0504,10,STA,WIFI_DROP,
4.0528,10,STA,WIFI_DROP,
4.0552,10,STA,WIFI_DROP,
4.0576,10,STA,WIFI_DROP,
4.06,10,STA,WIFI_DROP,
4.0624,10,STA,WIFI_DROP,
4.0648,10,STA,WIFI_DROP,
4.0672,10,STA,WIFI_DROP,
4.0696,10,STA,WIFI_DROP,
4.072,10,STA,WIFI_DROP,
4.0744,10,STA,WIFI_DROP,
4.0768,10,STA,WIFI_DROP,
4.0792,10,STA,WIFI_DROP,
4.0816,10,STA,WIFI_DROP,
4.084,10,STA,WIFI_DROP,
4.0864,10,STA,WIFI_DROP,
4.0888,10,STA,WIFI_DROP,
4.0912,10,STA,WIFI_DROP,
4.0936,10,STA,WIFI_DROP,
4.096,10,STA,WIFI_DROP,
4.0984,10,STA,WIFI_DROP,
4.1008,10,STA,WIFI_DROP,
4.1032,10,STA,WIFI_DROP,
4.1056,10,STA,WIFI_DROP,
4.4848,12,STA,WIFI_DROP,
4.4848,20,STA,WIFI_DROP,
4.4872,12,STA,WIFI_DROP,
4.4872,20,STA,WIFI_DROP,
4.4896,12,STA,WIFI_DROP,
4.4896,20,STA,WIFI_DROP,
4.492,12,STA,WIFI_DROP,
4.492,20,STA,WIFI_DROP,
4.4944,12,STA,WIFI_DROP,
4.4944,20,STA,WIFI_DROP,
4.4968,12,STA,WIFI_DROP,
4.4968,20,STA,WIFI_DROP,
4.4992,12,STA,WIFI_DROP,
4.4992,20,STA,WIFI_DROP,
4.5016,12,STA,WIFI_DROP,
4.5016,20,STA,WIFI_DROP,
4.504,12,STA,WIFI_DROP,
4.504,20,STA,WIFI_DROP,
4.5064,12,STA,WIFI_DROP,
4.5064,20,STA,WIFI_DROP,
4.5088,12,STA,WIFI_DROP,
4.5088,20,STA,WIFI_DROP,
4.5112,12,STA,WIFI_DROP,
4.5112,20,STA,WIFI_DROP,
4.5136,12,STA,WIFI_DROP,
4.5136,20,STA,WIFI_DROP,
4.516,12,STA,WIFI_DROP,
4.516,20,STA,WIFI_DROP,
4.5184,12,STA,WIFI_DROP,
4.5184,20,STA,WIFI_DROP,
4.5208,12,STA,WIFI_DROP,
4.5208,20,STA,WIFI_DROP,
4.5232,12,STA,WIFI_DROP,
4.5232,20,STA,WIFI_DROP,
4.5256,12,STA,WIFI_DROP,
4.5256,20,STA,WIFI_DROP,
4.528,12,STA,WIFI_DROP,
4.528,20,STA,WIFI_DROP,
4.5304,12,STA,WIFI_DROP,
4.5304,20,STA,WIFI_DROP,
4.5328,12,STA,WIFI_DROP,
4.5328,20,STA,WIFI_DROP,
4.5352,12,STA,WIFI_DROP,
4.5352,20,STA,WIFI_DROP,
4.5376,12,STA,WIFI_DROP,
4.5376,20,STA,WIFI_DROP,
4.54,12,STA,WIFI_DROP,
4.54,20,STA,WIFI_DROP,
4.5424,12,STA,WIFI_DROP,
4.5424,20,STA,WIFI_DROP,
4.5448,12,STA,WIFI_DROP,
4.5448,20,STA,WIFI_DROP,
4.5472,12,STA,WIFI_DROP,
4.5472,20,STA,WIFI_DROP,
4.5496,12,STA,WIFI_DROP,
4.5496,20,STA,WIFI_DROP,
4.552,12,STA,WIFI_DROP,
4.552,20,STA,WIFI_DROP,
4.5544,12,STA,WIFI_DROP,
4.5544,20,STA,WIFI_DROP,
4.5568,12,STA,WIFI_DROP,
4.5568,20,STA,WIFI_DROP,
4.5592,12,STA,WIFI_DROP,
4.5592,20,STA,WIFI_DROP,
4.5616,12,STA,WIFI_DROP,
4.5616,20,STA,WIFI_DROP,
4.564,12,STA,WIFI_DROP,
4.564,20,STA,WIFI_DROP,
4.5664,12,STA,WIFI_DROP,
4.5664,20,STA,WIFI_DROP,
4.5688,12,STA,WIFI_DROP,
4.5688,20,STA,WIFI_DROP,
4.5712,12,STA,WIFI_DROP,
4.5712,20,STA,WIFI_DROP,
4.5736,12,STA,WIFI_DROP,
4.5736,20,STA,WIFI_DROP,
4.576,12,STA,WIFI_DROP,
4.576,20,STA,WIFI_DROP,
4.5784,12,STA,WIFI_DROP,
4.5784,20,STA,WIFI_DROP,
4.5808,12,STA,WIFI_DROP,
4.5808,20,STA,WIFI_DROP,
4.5832,12,STA,WIFI_DROP,
4.5832,20,STA,WIFI_DROP,
4.5856,12,STA,WIFI_DROP,
4.5856,20,STA,WIFI_DROP,
4.588,12,STA,WIFI_DROP,
4.588,20,STA,WIFI_DROP,
4.5904,12,STA,WIFI_DROP,
4.5904,20,STA,WIFI_DROP,
4.5928,12,STA,WIFI_DROP,
4.5928,20,STA,WIFI_DROP,
4.5952,12,STA,WIFI_DROP,
4.5952,20,STA,WIFI_DROP,
4.5976,12,STA,WIFI_DROP,
4.5976,20,STA,WIFI_DROP,
4.6,12,STA,WIFI_DROP,
4.6,20,STA,WIFI_DROP,
4.6024,12,STA,WIFI_DROP,
4.6024,20,STA,WIFI_DROP,
4.6048,12,STA,WIFI_DROP,
4.6048,20,STA,WIFI_DROP,
4.6072,12,STA,WIFI_DROP,
4.6072,20,STA,WIFI_DROP,
4.6096,12,STA,WIFI_DROP,
4.6096,20,STA,WIFI_DROP,
4.612,12,STA,WIFI_DROP,
4.612,20,STA,WIFI_DROP,
4.6144,12,STA,WIFI_DROP,
4.6144,20,STA,WIFI_DROP,
4.6168,12,STA,WIFI_DROP,
4.6168,20,STA,WIFI_DROP,
4.6192,12,STA,WIFI_DROP,
4.6192,20,STA,WIFI_DROP,
4.6216,12,STA,WIFI_DROP,
4.6216,20,STA,WIFI_DROP,
4.624,12,STA,WIFI_DROP,
4.624,20,STA,WIFI_DROP,
4.6264,12,STA,WIFI_DROP,
4.6264,20,STA,WIFI_DROP,
4.6288,12,STA,WIFI_DROP,
4.6288,20,STA,WIFI_DROP,
4.6312,12,STA,WIFI_DROP,
4.6312,20,STA,WIFI_DROP,
4.6336,12,STA,WIFI_DROP,
4.6336,20,STA,WIFI_DROP,
4.636,12,STA,WIFI_DROP,
4.636,20,STA,WIFI_DROP,
4.6384,12,STA,WIFI_DROP,
4.6384,20,STA,WIFI_DROP,
4.6408,12,STA,WIFI_DROP,
4.6408,20,STA,WIFI_DROP,
4.6432,12,STA,WIFI_DROP,
4.6432,20,STA,WIFI_DROP,
4.6456,12,STA,WIFI_DROP,
4.6456,20,STA,WIFI_DROP,
4.648,12,STA,WIFI_DROP,
4.648,20,STA,WIFI_DROP,
4.6504,12,STA,WIFI_DROP,
4.6504,20,STA,WIFI_DROP,
4.6528,12,STA,WIFI_DROP,
4.6528,20,STA,WIFI_DROP,
4.6552,12,STA,WIFI_DROP,
4.6552,20,STA,WIFI_DROP,
4.6576,12,STA,WIFI_DROP,
4.6576,20,STA,WIFI_DROP,
4.66,12,STA,WIFI_DROP,
4.66,20,STA,WIFI_DROP,
4.6624,12,STA,WIFI_DROP,
4.6624,20,STA,WIFI_DROP,
4.6648,12,STA,WIFI_DROP,
4.6648,20,STA,WIFI_DROP,
4.6672,12,STA,WIFI_DROP,
4.6672,20,STA,WIFI_DROP,
4.6696,12,STA,WIFI_DROP,
4.6696,20,STA,WIFI_DROP,
4.672,12,STA,WIFI_DROP,
4.672,20,STA,WIFI_DROP,
4.6744,12,STA,WIFI_DROP,
4.6744,20,STA,WIFI_DROP,
4.6768,12,STA,WIFI_DROP,
4.6768,20,STA,WIFI_DROP,
4.6792,12,STA,WIFI_DROP,
4.6792,20,STA,WIFI_DROP,
4.6816,12,STA,WIFI_DROP,
4.6816,20,STA,WIFI_DROP,
4.684,12,STA,WIFI_DROP,
4.684,20,STA,WIFI_DROP,
4.6864,12,STA,WIFI_DROP,
4.6864,20,STA,WIFI_DROP,
4.6888,12,STA,WIFI_DROP,
4.6888,20,STA,WIFI_DROP,
4.6912,12,STA,WIFI_DROP,
4.6936,12,STA,WIFI_DROP,
4.696,12,STA,WIFI_DROP,
4.6984,12,STA,WIFI_DROP,
4.7008,12,STA,WIFI_DROP,
4.7032,12,STA,WIFI_DROP,
4.7056,12,STA,WIFI_DROP,
4.708,12,STA,WIFI_DROP,
4.7104,12,STA,WIFI_DROP,
4.7128,12,STA,WIFI_DROP,
4.7152,12,STA,WIFI_DROP,
4.7176,12,STA,WIFI_DROP,
4.72,12,STA,WIFI_DROP,
4.7224,12,STA,WIFI_DROP,
4.7248,12,STA,WIFI_DROP,
4.7272,12,STA,WIFI_DROP,
4.7296,12,STA,WIFI_DROP,
4.732,12,STA,WIFI_DROP,
4.7344,12,STA,WIFI_DROP,
4.8952,14,STA,WIFI_DROP,
4.8976,14,STA,WIFI_DROP,
4.9,14,STA,WIFI_DROP,
4.9024,14,STA,WIFI_DROP,
4.9048,14,STA,WIFI_DROP,
4.9072,14,STA,WIFI_DROP,
4.9096,14,STA,WIFI_DROP,
4.912,14,STA,WIFI_DROP,
4.9144,14,STA,WIFI_DROP,
4.9168,14,STA,WIFI_DROP,
4.9192,14,STA,WIFI_DROP,
4.9216,14,STA,WIFI_DROP,
4.924,14,STA,WIFI_DROP,
4.9264,14,STA,WIFI_DROP,
4.9288,14,STA,WIFI_DROP,
4.9312,14,STA,WIFI_DROP,
4.9336,14,STA,WIFI_DROP,
4.936,14,STA,WIFI_DROP,
4.9384,14,STA,WIFI_DROP,
4.9408,14,STA,WIFI_DROP,
4.9432,14,STA,WIFI_DROP,
4.9456,14,STA,WIFI_DROP,
4.948,14,STA,WIFI_DROP,
4.9504,14,STA,WIFI_DROP,
4.9528,14,STA,WIFI_DROP,
4.9552,14,STA,WIFI_DROP,
4.9576,14,STA,WIFI_DROP,
4.96,14,STA,WIFI_DROP,
4.9624,14,STA,WIFI_DROP,
4.9648,14,STA,WIFI_DROP,
4.9672,14,STA,WIFI_DROP,
4.9696,14,STA,WIFI_DROP,
4.972,14,STA,WIFI_DROP,
4.9744,14,STA,WIFI_DROP,
4.9768,14,STA,WIFI_DROP,
4.9792,14,STA,WIFI_DROP,
4.9816,14,STA,WIFI_DROP,
4.984,14,STA,WIFI_DROP,
4.9864,14,STA,WIFI_DROP,
4.9888,14,STA,WIFI_DROP,
4.9912,14,STA,WIFI_DROP,
4.9936,14,STA,WIFI_DROP,
4.996,14,STA,WIFI_DROP,
4.9984,14,STA,WIFI_DROP,
5,2,STA,THROUGHPUT_MBPS,1.056000
5,3,STA,THROUGHPUT_MBPS,3.444000
5,6,STA,THROUGHPUT_MBPS,1.692000
5,8,STA,THROUGHPUT_MBPS,1.704000
5,9,STA,THROUGHPUT_MBPS,3.036000
5,11,STA,THROUGHPUT_MBPS,1.164000
5,17,STA,THROUGHPUT_MBPS,0.096000
5,18,STA,THROUGHPUT_MBPS,1.656000
5,1,AP,AGGREGATE_THROUGHPUT_MBPS,13.848000
5,1,AP,SENT_COUNT,8340.000000
5,1,AP,RECV_COUNT,1154.000000
5,1,AP,LATENCY_P95_MS,534.047945
5.0008,14,STA,WIFI_DROP,
5.0032,14,STA,WIFI_DROP,
5.0056,14,STA,WIFI_DROP,
5.008,14,STA,WIFI_DROP,
5.0104,14,STA,WIFI_DROP,
5.0128,14,STA,WIFI_DROP,
5.0152,14,STA,WIFI_DROP,
5.0176,14,STA,WIFI_DROP,
5.02,14,STA,WIFI_DROP,
5.0224,14,STA,WIFI_DROP,
5.0248,14,STA,WIFI_DROP,
5.0272,14,STA,WIFI_DROP,
5.0296,14,STA,WIFI_DROP,
5.032,14,STA,WIFI_DROP,
5.0344,14,STA,WIFI_DROP,
5.0368,14,STA,WIFI_DROP,
5.0392,14,STA,WIFI_DROP,
5.0416,14,STA,WIFI_DROP,
5.044,14,STA,WIFI_DROP,
5.0464,14,STA,WIFI_DROP,
5.0488,14,STA,WIFI_DROP,
5.0512,14,STA,WIFI_DROP,
5.0536,14,STA,WIFI_DROP,
5.056,14,STA,WIFI_DROP,
5.0584,14,STA,WIFI_DROP,
5.0608,14,STA,WIFI_DROP,
5.0632,14,STA,WIFI_DROP,
5.0656,14,STA,WIFI_DROP,
5.068,14,STA,WIFI_DROP,
5.0704,14,STA,WIFI_DROP,
5.0728,14,STA,WIFI_DROP,
5.0752,14,STA,WIFI_DROP,
5.0776,14,STA,WIFI_DROP,
5.08,14,STA,WIFI_DROP,
5.0824,14,STA,WIFI_DROP,
5.0848,14,STA,WIFI_DROP,
5.0872,14,STA,WIFI_DROP,
5.0896,14,STA,WIFI_DROP,
5.092,14,STA,WIFI_DROP,
5.0944,14,STA,WIFI_DROP,
5.0968,14,STA,WIFI_DROP,
5.0992,14,STA,WIFI_DROP,
5.1016,14,STA,WIFI_DROP,
5.104,14,STA,WIFI_DROP,
5.1064,14,STA,WIFI_DROP,
5.1088,14,STA,WIFI_DROP,
5.1112,14,STA,WIFI_DROP,
5.1136,14,STA,WIFI_DROP,
5.116,14,STA,WIFI_DROP,
5.1184,14,STA,WIFI_DROP,
5.1208,14,STA,WIFI_DROP,
5.1232,14,STA,WIFI_DROP,
5.1256,14,STA,WIFI_DROP,
5.128,14,STA,WIFI_DROP,
5.1304,14,STA,WIFI_DROP,
5.1328,14,STA,WIFI_DROP,
5.1352,14,STA,WIFI_DROP,
5.1376,14,STA,WIFI_DROP,
5.14,14,STA,WIFI_DROP,
5.1424,14,STA,WIFI_DROP,
5.1448,14,STA,WIFI_DROP,
5.1472,14,STA,WIFI_DROP,
5.1496,14,STA,WIFI_DROP,
5.152,14,STA,WIFI_DROP,
5.1544,14,STA,WIFI_DROP,
5.1568,14,STA,WIFI_DROP,
5.1592,14,STA,WIFI_DROP,
5.1616,14,STA,WIFI_DROP,
5.164,14,STA,WIFI_DROP,
5.1664,14,STA,WIFI_DROP,
5.1688,14,STA,WIFI_DROP,
5.1712,14,STA,WIFI_DROP,
5.1736,14,STA,WIFI_DROP,
5.176,14,STA,WIFI_DROP,
5.1784,14,STA,WIFI_DROP,
5.1808,14,STA,WIFI_DROP,
5.1832,14,STA,WIFI_DROP,
5.1856,14,STA,WIFI_DROP,
5.188,14,STA,WIFI_DROP,
5.1904,14,STA,WIFI_DROP,
5.1928,14,STA,WIFI_DROP,
5.1952,14,STA,WIFI_DROP,
5.1976,14,STA,WIFI_DROP,
5.2,14,STA,WIFI_DROP,
5.2024,3,STA,WIFI_DROP,
5.2024,8,STA,WIFI_DROP,
5.2024,14,STA,WIFI_DROP,
5.2048,3,STA,WIFI_DROP,
5.2048,8,STA,WIFI_DROP,
5.2048,14,STA,WIFI_DROP,
5.2072,3,STA,WIFI_DROP,
5.2072,8,STA,WIFI_DROP,
5.2072,14,STA,WIFI_DROP,
5.2096,3,STA,WIFI_DROP,
5.2096,8,STA,WIFI_DROP,
5.2096,14,STA,WIFI_DROP,
5.212,3,STA,WIFI_DROP,
5.212,8,STA,WIFI_DROP,
5.212,14,STA,WIFI_DROP,
5.2144,3,STA,WIFI_DROP,
5.2144,8,STA,WIFI_DROP,
5.2144,14,STA,WIFI_DROP,
5.2168,3,STA,WIFI_DROP,
5.2168,8,STA,WIFI_DROP,
5.2168,14,STA,WIFI_DROP,
5.2192,3,STA,WIFI_DROP,
5.2192,8,STA,WIFI_DROP,
5.2192,14,STA,WIFI_DROP,
5.2216,3,STA,WIFI_DROP,
5.2216,8,STA,WIFI_DROP,
5.2216,14,STA,WIFI_DROP,
5.224,3,STA,WIFI_DROP,
5.224,8,STA,WIFI_DROP,
5.224,14,STA,WIFI_DROP,
5.2264,3,STA,WIFI_DROP,
5.2264,8,STA,WIFI_DROP,
5.2264,14,STA,WIFI_DROP,
5.2288,3,STA,WIFI_DROP,
5.2288,8,STA,WIFI_DROP,
5.2288,14,STA,WIFI_DROP,
5.2312,3,STA,WIFI_DROP,
5.2312,8,STA,WIFI_DROP,
5.2312,14,STA,WIFI_DROP,
5.2336,3,STA,WIFI_DROP,
5.2336,8,STA,WIFI_DROP,
5.2336,14,STA,WIFI_DROP,
5.236,3,STA,WIFI_DROP,
5.236,8,STA,WIFI_DROP,
5.236,14,STA,WIFI_DROP,
5.2384,3,STA,WIFI_DROP,
5.2384,8,STA,WIFI_DROP,
5.2384,14,STA,WIFI_DROP,
5.2408,3,STA,WIFI_DROP,
5.2408,8,STA,WIFI_DROP,
5.2408,14,STA,WIFI_DROP,
5.2432,3,STA,WIFI_DROP,
5.2432,8,STA,WIFI_DROP,
5.2432,14,STA,WIFI_DROP,
5.2456,3,STA,WIFI_DROP,
5.2456,8,STA,WIFI_DROP,
5.2456,14,STA,WIFI_DROP,
5.248,3,STA,WIFI_DROP,
5.248,8,STA,WIFI_DROP,
5.248,14,STA,WIFI_DROP,
5.2504,3,STA,WIFI_DROP,
5.2504,8,STA,WIFI_DROP,
5.2504,14,STA,WIFI_DROP,
5.2528,3,STA,WIFI_DROP,
5.2528,8,STA,WIFI_DROP,
5.2528,14,STA,WIFI_DROP,
5.2552,3,STA,WIFI_DROP,
5.2552,14,STA,WIFI_DROP,
5.2576,3,STA,WIFI_DROP,
5.2576,14,STA,WIFI_DROP,
5.26,3,STA,WIFI_DROP,
5.26,14,STA,WIFI_DROP,
5.2624,3,STA,WIFI_DROP,
5.2624,14,STA,WIFI_DROP,
5.2648,3,STA,WIFI_DROP,
5.2648,14,STA,WIFI_DROP,
5.2672,3,STA,WIFI_DROP,
5.2672,14,STA,WIFI_DROP,
5.2696,3,STA,WIFI_DROP,
5.2696,14,STA,WIFI_DROP,
5.272,3,STA,WIFI_DROP,
5.272,14,STA,WIFI_DROP,
5.2744,3,STA,WIFI_DROP,
5.2744,14,STA,WIFI_DROP,
5.2768,3,STA,WIFI_DROP,
5.2768,14,STA,WIFI_DROP,
5.2792,3,STA,WIFI_DROP,
5.2792,14,STA,WIFI_DROP,
5.2816,3,STA,WIFI_DROP,
5.2816,14,STA,WIFI_DROP,
5.284,3,STA,WIFI_DROP,
5.284,14,STA,WIFI_DROP,
5.2864,3,STA,WIFI_DROP,
5.2864,14,STA,WIFI_DROP,
5.2888,3,STA,WIFI_DROP,
5.2888,14,STA,WIFI_DROP,
5.2912,3,STA,WIFI_DROP,
5.2912,14,STA,WIFI_DROP,
5.2936,3,STA,WIFI_DROP,
5.2936,14,STA,WIFI_DROP,
5.296,3,STA,WIFI_DROP,
5.296,14,STA,WIFI_DROP,
5.2984,3,STA,WIFI_DROP,
5.2984,14,STA,WIFI_DROP,
5.3008,3,STA,WIFI_DROP,
5.3008,14,STA,WIFI_DROP,
5.3032,3,STA,WIFI_DROP,
5.3032,14,STA,WIFI_DROP,
5.3056,3,STA,WIFI_DROP,
5.3056,14,STA,WIFI_DROP,
5.308,3,STA,WIFI_DROP,
5.308,14,STA,WIFI_DROP,
5.3104,3,STA,WIFI_DROP,
5.3104,14,STA,WIFI_DROP,
5.3128,3,STA,WIFI_DROP,
5.3128,14,STA,WIFI_DROP,
5.3152,3,STA,WIFI_DROP,
5.3152,14,STA,WIFI_DROP,
5.3176,3,STA,WIFI_DROP,
5.3176,14,STA,WIFI_DROP,
5.32,3,STA,WIFI_DROP,
5.32,14,STA,WIFI_DROP,
5.3224,3,STA,WIFI_DROP,
5.3224,14,STA,WIFI_DROP,
5.3248,3,STA,WIFI_DROP,
5.3248,14,STA,WIFI_DROP,
5.3272,3,STA,WIFI_DROP,
5.3272,14,STA,WIFI_DROP,
5.3296,3,STA,WIFI_DROP,
5.3296,14,STA,WIFI_DROP,
5.332,3,STA,WIFI_DROP,
5.332,14,STA,WIFI_DROP,
5.3344,3,STA,WIFI_DROP,
5.3344,14,STA,WIFI_DROP,
5.3368,3,STA,WIFI_DROP,
5.3368,14,STA,WIFI_DROP,
5.3392,3,STA,WIFI_DROP,
5.3392,14,STA,WIFI_DROP,
5.3416,3,STA,WIFI_DROP,
5.3416,14,STA,WIFI_DROP,
5.344,3,STA,WIFI_DROP,
5.344,14,STA,WIFI_DROP,
5.3464,3,STA,WIFI_DROP,
5.3464,14,STA,WIFI_DROP,
5.3488,3,STA,WIFI_DROP,
5.3488,14,STA,WIFI_DROP,
5.3512,3,STA,WIFI_DROP,
5.3512,14,STA,WIFI_DROP,
5.3536,3,STA,WIFI_DROP,
5.3536,14,STA,WIFI_DROP,
5.356,3,STA,WIFI_DROP,
5.356,14,STA,WIFI_DROP,
5.3584,3,STA,WIFI_DROP,
5.3584,14,STA,WIFI_DROP,
5.3608,3,STA,WIFI_DROP,
5.3608,14,STA,WIFI_DROP,
5.3632,3,STA,WIFI_DROP,
5.3632,14,STA,WIFI_DROP,
5.3656,3,STA,WIFI_DROP,
5.3656,14,STA,WIFI_DROP,
5.368,3,STA,WIFI_DROP,
5.368,14,STA,WIFI_DROP,
5.3704,3,STA,WIFI_DROP,
5.3704,14,STA,WIFI_DROP,
5.3728,3,STA,WIFI_DROP,
5.3728,14,STA,WIFI_DROP,
5.3752,3,STA,WIFI_DROP,
5.3752,14,STA,WIFI_DROP,
5.3776,3,STA,WIFI_DROP,
5.3776,14,STA,WIFI_DROP,
5.38,3,STA,WIFI_DROP,
5.38,14,STA,WIFI_DROP,
5.3824,3,STA,WIFI_DROP,
5.3824,14,STA,WIFI_DROP,
5.3848,3,STA,WIFI_DROP,
5.3848,14,STA,WIFI_DROP,
5.3872,3,STA,WIFI_DROP,
5.3872,14,STA,WIFI_DROP,
5.3896,3,STA,WIFI_DROP,
5.3896,14,STA,WIFI_DROP,
5.392,3,STA,WIFI_DROP,
5.392,14,STA,WIFI_DROP,
5.3944,3,STA,WIFI_DROP,
5.3944,14,STA,WIFI_DROP,
5.3968,3,STA,WIFI_DROP,
5.3968,14,STA,WIFI_DROP,
5.3992,3,STA,WIFI_DROP,
5.3992,14,STA,WIFI_DROP,
5.4016,3,STA,WIFI_DROP,
5.4016,14,STA,WIFI_DROP,
5.404,3,STA,WIFI_DROP,
5.404,14,STA,WIFI_DROP,
5.4064,3,STA,WIFI_DROP,
5.4064,14,STA,WIFI_DROP,
5.4064,16,STA,WIFI_DROP,
5.4088,3,STA,WIFI_DROP,
5.4088,14,STA,WIFI_DROP,
5.4088,16,STA,WIFI_DROP,
5.4112,3,STA,WIFI_DROP,
5.4112,14,STA,WIFI_DROP,
5.4112,16,STA,WIFI_DROP,
5.4136,3,STA,WIFI_DROP,
5.4136,14,STA,WIFI_DROP,
5.4136,16,STA,WIFI_DROP,
5.416,3,STA,WIFI_DROP,
5.416,14,STA,WIFI_DROP,
5.416,16,STA,WIFI_DROP,
5.4184,3,STA,WIFI_DROP,
5.4184,14,STA,WIFI_DROP,
5.4184,16,STA,WIFI_DROP,
5.4208,3,STA,WIFI_DROP,
5.4208,14,STA,WIFI_DROP,
5.4208,16,STA,WIFI_DROP,
5.4232,3,STA,WIFI_DROP,
5.4232,14,STA,WIFI_DROP,
5.4232,16,STA,WIFI_DROP,
5.4256,3,STA,WIFI_DROP,
5.4256,14,STA,WIFI_DROP,
5.4256,16,STA,WIFI_DROP,
5.428,3,STA,WIFI_DROP,
5.428,14,STA,WIFI_DROP,
5.428,16,STA,WIFI_DROP,
5.4304,3,STA,WIFI_DROP,
5.4304,14,STA,WIFI_DROP,
5.4304,16,STA,WIFI_DROP,
5.4328,3,STA,WIFI_DROP,
5.4328,14,STA,WIFI_DROP,
5.4328,16,STA,WIFI_DROP,
5.4352,3,STA,WIFI_DROP,
5.4352,14,STA,WIFI_DROP,
5.4352,16,STA,WIFI_DROP,
5.4376,3,STA,WIFI_DROP,
5.4376,14,STA,WIFI_DROP,
5.4376,16,STA,WIFI_DROP,
5.44,3,STA,WIFI_DROP,
5.44,14,STA,WIFI_DROP,
5.44,16,STA,WIFI_DROP,
5.4424,3,STA,WIFI_DROP,
5.4424,14,STA,WIFI_DROP,
5.4424,16,STA,WIFI_DROP,
5.4448,3,STA,WIFI_DROP,
5.4448,14,STA,WIFI_DROP,
5.4448,16,STA,WIFI_DROP,
5.4472,3,STA,WIFI_DROP,
5.4472,14,STA,WIFI_DROP,
5.4472,16,STA,WIFI_DROP,
5.4496,3,STA,WIFI_DROP,
5.4496,14,STA,WIFI_DROP,
5.4496,16,STA,WIFI_DROP,
5.452,3,STA,WIFI_DROP,
5.452,14,STA,WIFI_DROP,
5.452,16,STA,WIFI_DROP,
5.4544,3,STA,WIFI_DROP,
5.4544,14,STA,WIFI_DROP,
5.4544,16,STA,WIFI_DROP,
5.4568,3,STA,WIFI_DROP,
5.4568,14,STA,WIFI_DROP,
5.4568,16,STA,WIFI_DROP,
5.4592,3,STA,WIFI_DROP,
5.4592,14,STA,WIFI_DROP,
5.4592,16,STA,WIFI_DROP,
5.4616,3,STA,WIFI_DROP,
5.4616,14,STA,WIFI_DROP,
5.4616,16,STA,WIFI_DROP,
5.464,3,STA,WIFI_DROP,
5.464,14,STA,WIFI_DROP,
5.464,16,STA,WIFI_DROP,
5.4664,3,STA,WIFI_DROP,
5.4664,14,STA,WIFI_DROP,
5.4664,16,STA,WIFI_DROP,
5.4688,3,STA,WIFI_DROP,
5.4688,14,STA,WIFI_DROP,
5.4688,16,STA,WIFI_DROP,
5.4712,3,STA,WIFI_DROP,
5.4712,14,STA,WIFI_DROP,
5.4712,16,STA,WIFI_DROP,
5.4736,3,STA,WIFI_DROP,
5.4736,14,STA,WIFI_DROP,
5.4736,16,STA,WIFI_DROP,
5.476,3,STA,WIFI_DROP,
5.476,14,STA,WIFI_DROP,
5.476,16,STA,WIFI_DROP,
5.4784,3,STA,WIFI_DROP,
5.4784,14,STA,WIFI_DROP,
5.4784,16,STA,WIFI_DROP,
5.4808,3,STA,WIFI_DROP,
5.4808,14,STA,WIFI_DROP,
5.4808,16,STA,WIFI_DROP,
5.4832,3,STA,WIFI_DROP,
5.4832,14,STA,WIFI_DROP,
5.4832,16,STA,WIFI_DROP,
5.4856,3,STA,WIFI_DROP,
5.4856,14,STA,WIFI_DROP,
5.4856,16,STA,WIFI_DROP,
5.488,3,STA,WIFI_DROP,
5.488,14,STA,WIFI_DROP,
5.488,16,STA,WIFI_DROP,
5.4904,3,STA,WIFI_DROP,
5.4904,14,STA,WIFI_DROP,
5.4904,16,STA,WIFI_DROP,
5.4928,3,STA,WIFI_DROP,
5.4928,14,STA,WIFI_DROP,
5.4928,16,STA,WIFI_DROP,
5.4952,3,STA,WIFI_DROP,
5.4952,14,STA,WIFI_DROP,
5.4952,16,STA,WIFI_DROP,
5.4976,3,STA,WIFI_DROP,
5.4976,14,STA,WIFI_DROP,
5.4976,16,STA,WIFI_DROP,
5.5,3,STA,WIFI_DROP,
5.5,14,STA,WIFI_DROP,
5.5,16,STA,WIFI_DROP,
5.5024,3,STA,WIFI_DROP,
5.5024,14,STA,WIFI_DROP,
5.5024,16,STA,WIFI_DROP,
5.5048,3,STA,WIFI_DROP,
5.5048,14,STA,WIFI_DROP,
5.5048,16,STA,WIFI_DROP,
5.5072,3,STA,WIFI_DROP,
5.5072,14,STA,WIFI_DROP,
5.5072,16,STA,WIFI_DROP,
5.5096,3,STA,WIFI_DROP,
5.5096,14,STA,WIFI_DROP,
5.5096,16,STA,WIFI_DROP,
5.512,3,STA,WIFI_DROP,
5.512,14,STA,WIFI_DROP,
5.512,16,STA,WIFI_DROP,
5.5144,3,STA,WIFI_DROP,
5.5144,14,STA,WIFI_DROP,
5.5144,16,STA,WIFI_DROP,
5.5168,3,STA,WIFI_DROP,
5.5168,14,STA,WIFI_DROP,
5.5168,16,STA,WIFI_DROP,
5.5192,3,STA,WIFI_DROP,
5.5192,14,STA,WIFI_DROP,
5.5192,16,STA,WIFI_DROP,
5.5216,3,STA,WIFI_DROP,
5.5216,14,STA,WIFI_DROP,
5.5216,16,STA,WIFI_DROP,
5.524,3,STA,WIFI_DROP,
5.524,14,STA,WIFI_DROP,
5.524,16,STA,WIFI_DROP,
5.5264,3,STA,WIFI_DROP,
5.5264,14,STA,WIFI_DROP,
5.5264,16,STA,WIFI_DROP,
5.5288,3,STA,WIFI_DROP,
5.5288,14,STA,WIFI_DROP,
5.5288,16,STA,WIFI_DROP,
5.5312,3,STA,WIFI_DROP,
5.5312,14,STA,WIFI_DROP,
5.5312,16,STA,WIFI_DROP,
5.5336,3,STA,WIFI_DROP,
5.5336,14,STA,WIFI_DROP,
5.5336,16,STA,WIFI_DROP,
5.536,3,STA,WIFI_DROP,
5.536,14,STA,WIFI_DROP,
5.536,16,STA,WIFI_DROP,
5.5384,3,STA,WIFI_DROP,
5.5384,14,STA,WIFI_DROP,
5.5384,16,STA,WIFI_DROP,
5.5408,3,STA,WIFI_DROP,
5.5408,14,STA,WIFI_DROP,
5.5408,16,STA,WIFI_DROP,
5.5432,3,STA,WIFI_DROP,
5.5432,14,STA,WIFI_DROP,
5.5432,16,STA,WIFI_DROP,
5.5456,3,STA,WIFI_DROP,
5.5456,14,STA,WIFI_DROP,
5.5456,16,STA,WIFI_DROP,
5.548,3,STA,WIFI_DROP,
5.548,14,STA,WIFI_DROP,
5.548,16,STA,WIFI_DROP,
5.5504,3,STA,WIFI_DROP,
5.5504,14,STA,WIFI_DROP,
5.5504,16,STA,WIFI_DROP,
5.5528,3,STA,WIFI_DROP,
5.5528,14,STA,WIFI_DROP,
5.5528,16,STA,WIFI_DROP,
5.5552,3,STA,WIFI_DROP,
5.5552,14,STA,WIFI_DROP,
5.5552,16,STA,WIFI_DROP,
5.5576,3,STA,WIFI_DROP,
5.5576,14,STA,WIFI_DROP,
5.5576,16,STA,WIFI_DROP,
5.56,3,STA,WIFI_DROP,
5.56,14,STA,WIFI_DROP,
5.56,16,STA,WIFI_DROP,
5.5624,3,STA,WIFI_DROP,
5.5624,14,STA,WIFI_DROP,
5.5624,16,STA,WIFI_DROP,
5.5648,3,STA,WIFI_DROP,
5.5648,14,STA,WIFI_DROP,
5.5648,16,STA,WIFI_DROP,
5.5672,3,STA,WIFI_DROP,
5.5672,14,STA,WIFI_DROP,
5.5672,16,STA,WIFI_DROP,
5.5696,3,STA,WIFI_DROP,
5.5696,14,STA,WIFI_DROP,
5.5696,16,STA,WIFI_DROP,
5.572,3,STA,WIFI_DROP,
5.572,14,STA,WIFI_DROP,
5.572,16,STA,WIFI_DROP,
5.5744,3,STA,WIFI_DROP,
5.5744,14,STA,WIFI_DROP,
5.5744,16,STA,WIFI_DROP,
5.5768,3,STA,WIFI_DROP,
5.5768,14,STA,WIFI_DROP,
5.5768,16,STA,WIFI_DROP,
5.5792,3,STA,WIFI_DROP,
5.5792,14,STA,WIFI_DROP,
5.5792,16,STA,WIFI_DROP,
5.5816,3,STA,WIFI_DROP,
5.5816,14,STA,WIFI_DROP,
5.5816,16,STA,WIFI_DROP,
5.584,3,STA,WIFI_DROP,
5.584,14,STA,WIFI_DROP,
5.584,16,STA,WIFI_DROP,
5.5864,3,STA,WIFI_DROP,
5.5864,14,STA,WIFI_DROP,
5.5864,16,STA,WIFI_DROP,
5.5888,3,STA,WIFI_DROP,
5.5888,14,STA,WIFI_DROP,
5.5888,16,STA,WIFI_DROP,
5.5912,3,STA,WIFI_DROP,
5.5912,14,STA,WIFI_DROP,
5.5912,16,STA,WIFI_DROP,
5.5936,3,STA,WIFI_DROP,
5.5936,14,STA,WIFI_DROP,
5.5936,16,STA,WIFI_DROP,
5.596,3,STA,WIFI_DROP,
5.596,14,STA,WIFI_DROP,
5.596,16,STA,WIFI_DROP,
5.5984,3,STA,WIFI_DROP,
5.5984,14,STA,WIFI_DROP,
5.5984,16,STA,WIFI_DROP,
5.6008,3,STA,WIFI_DROP,
5.6008,14,STA,WIFI_DROP,
5.6008,16,STA,WIFI_DROP,
5.6032,3,STA,WIFI_DROP,
5.6032,14,STA,WIFI_DROP,
5.6032,16,STA,WIFI_DROP,
5.6056,3,STA,WIFI_DROP,
5.6056,14,STA,WIFI_DROP,
5.6056,16,STA,WIFI_DROP,
5.608,3,STA,WIFI_DROP,
5.608,14,STA,WIFI_DROP,
5.608,16,STA,WIFI_DROP,
5.6104,2,STA,WIFI_DROP,
5.6104,3,STA,WIFI_DROP,
5.6104,14,STA,WIFI_DROP,
5.6104,16,STA,WIFI_DROP,
5.6128,2,STA,WIFI_DROP,
5.6128,3,STA,WIFI_DROP,
5.6128,14,STA,WIFI_DROP,
5.6128,16,STA,WIFI_DROP,
5.6152,2,STA,WIFI_DROP,
5.6152,3,STA,WIFI_DROP,
5.6152,14,STA,WIFI_DROP,
5.6152,16,STA,WIFI_DROP,
5.6176,2,STA,WIFI_DROP,
5.6176,3,STA,WIFI_DROP,
5.6176,14,STA,WIFI_DROP,
5.6176,16,STA,WIFI_DROP,
5.62,2,STA,WIFI_DROP,
5.62,3,STA,WIFI_DROP,
5.62,14,STA,WIFI_DROP,
5.62,16,STA,WIFI_DROP,
5.6224,2,STA,WIFI_DROP,
5.6224,3,STA,WIFI_DROP,
5.6224,14,STA,WIFI_DROP,
5.6224,16,STA,WIFI_DROP,
5.6248,2,STA,WIFI_DROP,
5.6248,3,STA,WIFI_DROP,
5.6248,14,STA,WIFI_DROP,
5.6248,16,STA,WIFI_DROP,
5.6272,2,STA,WIFI_DROP,
5.6272,3,STA,WIFI_DROP,
5.6272,14,STA,WIFI_DROP,
5.6272,16,STA,WIFI_DROP,
5.6296,2,STA,WIFI_DROP,
5.6296,3,STA,WIFI_DROP,
5.6296,14,STA,WIFI_DROP,
5.6296,16,STA,WIFI_DROP,
5.632,2,STA,WIFI_DROP,
5.632,3,STA,WIFI_DROP,
5.632,14,STA,WIFI_DROP,
5.632,16,STA,WIFI_DROP,
5.6344,2,STA,WIFI_DROP,
5.6344,3,STA,WIFI_DROP,
5.6344,14,STA,WIFI_DROP,
5.6344,16,STA,WIFI_DROP,
5.6368,2,STA,WIFI_DROP,
5.6368,3,STA,WIFI_DROP,
5.6368,14,STA,WIFI_DROP,
5.6368,16,STA,WIFI_DROP,
5.6392,2,STA,WIFI_DROP,
5.6392,3,STA,WIFI_DROP,
5.6392,14,STA,WIFI_DROP,
5.6392,16,STA,WIFI_DROP,
5.6416,2,STA,WIFI_DROP,
5.6416,3,STA,WIFI_DROP,
5.6416,14,STA,WIFI_DROP,
5.6416,16,STA,WIFI_DROP,
5.644,2,STA,WIFI_DROP,
5.644,3,STA,WIFI_DROP,
5.644,14,STA,WIFI_DROP,
5.644,16,STA,WIFI_DROP,
5.6464,2,STA,WIFI_DROP,
5.6464,3,STA,WIFI_DROP,
5.6464,14,STA,WIFI_DROP,
5.6464,16,STA,WIFI_DROP,
5.6488,2,STA,WIFI_DROP,
5.6488,3,STA,WIFI_DROP,
5.6488,14,STA,WIFI_DROP,
5.6488,16,STA,WIFI_DROP,
5.6512,2,STA,WIFI_DROP,
5.6512,3,STA,WIFI_DROP,
5.6512,14,STA,WIFI_DROP,
5.6512,16,STA,WIFI_DROP,
5.6536,2,STA,WIFI_DROP,
5.6536,3,STA,WIFI_DROP,
5.6536,14,STA,WIFI_DROP,
5.6536,16,STA,WIFI_DROP,
5.656,2,STA,WIFI_DROP,
5.656,3,STA,WIFI_DROP,
5.656,14,STA,WIFI_DROP,
5.656,16,STA,WIFI_DROP,
5.6584,2,STA,WIFI_DROP,
5.6584,3,STA,WIFI_DROP,
5.6584,14,STA,WIFI_DROP,
5.6584,16,STA,WIFI_DROP,
5.6608,2,STA,WIFI_DROP,
5.6608,3,STA,WIFI_DROP,
5.6608,14,STA,WIFI_DROP,
5.6632,2,STA,WIFI_DROP,
5.6632,3,STA,WIFI_DROP,
5.6632,14,STA,WIFI_DROP,
5.6656,2,STA,WIFI_DROP,
5.6656,3,STA,WIFI_DROP,
5.6656,14,STA,WIFI_DROP,
5.668,2,STA,WIFI_DROP,
5.668,3,STA,WIFI_DROP,
5.668,14,STA,WIFI_DROP,
5.6704,2,STA,WIFI_DROP,
5.6704,3,STA,WIFI_DROP,
5.6704,14,STA,WIFI_DROP,
5.6728,2,STA,WIFI_DROP,
5.6728,3,STA,WIFI_DROP,
5.6728,14,STA,WIFI_DROP,
5.6752,2,STA,WIFI_DROP,
5.6752,3,STA,WIFI_DROP,
5.6752,14,STA,WIFI_DROP,
5.6776,2,STA,WIFI_DROP,
5.6776,3,STA,WIFI_DROP,
5.6776,14,STA,WIFI_DROP,
5.68,2,STA,WIFI_DROP,
5.68,3,STA,WIFI_DROP,
5.68,14,STA,WIFI_DROP,
5.6824,2,STA,WIFI_DROP,
5.6824,3,STA,WIFI_DROP,
5.6824,14,STA,WIFI_DROP,
5.6848,2,STA,WIFI_DROP,
5.6848,3,STA,WIFI_DROP,
5.6848,14,STA,WIFI_DROP,
5.6872,2,STA,WIFI_DROP,
5.6872,3,STA,WIFI_DROP,
5.6872,14,STA,WIFI_DROP,
5.6896,2,STA,WIFI_DROP,
5.6896,3,STA,WIFI_DROP,
5.6896,14,STA,WIFI_DROP,
5.692,2,STA,WIFI_DROP,
5.692,3,STA,WIFI_DROP,
5.692,14,STA,WIFI_DROP,
5.6944,2,STA,WIFI_DROP,
5.6944,3,STA,WIFI_DROP,
5.6944,14,STA,WIFI_DROP,
5.6968,2,STA,WIFI_DROP,
5.6968,3,STA,WIFI_DROP,
5.6968,14,STA,WIFI_DROP,
5.6992,2,STA,WIFI_DROP,
5.6992,3,STA,WIFI_DROP,
5.6992,14,STA,WIFI_DROP,
5.7016,2,STA,WIFI_DROP,
5.7016,3,STA,WIFI_DROP,
5.7016,14,STA,WIFI_DROP,
5.704,2,STA,WIFI_DROP,
5.704,3,STA,WIFI_DROP,
5.704,14,STA,WIFI_DROP,
5.7064,2,STA,WIFI_DROP,
5.7064,3,STA,WIFI_DROP,
5.7064,14,STA,WIFI_DROP,
5.7088,2,STA,WIFI_DROP,
5.7088,3,STA,WIFI_DROP,
5.7088,14,STA,WIFI_DROP,
5.7112,2,STA,WIFI_DROP,
5.7112,3,STA,WIFI_DROP,
5.7112,14,STA,WIFI_DROP,
5.7136,2,STA,WIFI_DROP,
5.7136,3,STA,WIFI_DROP,
5.7136,14,STA,WIFI_DROP,
5.716,2,STA,WIFI_DROP,
5.716,3,STA,WIFI_DROP,
5.716,14,STA,WIFI_DROP,
5.7184,2,STA,WIFI_DROP,
5.7184,3,STA,WIFI_DROP,
5.7184,14,STA,WIFI_DROP,
5.7208,2,STA,WIFI_DROP,
5.7208,3,STA,WIFI_DROP,
5.7208,14,STA,WIFI_DROP,
5.7232,2,STA,WIFI_DROP,
5.7232,3,STA,WIFI_DROP,
5.7232,14,STA,WIFI_DROP,
5.7256,2,STA,WIFI_DROP,
5.7256,3,STA,WIFI_DROP,
5.7256,14,STA,WIFI_DROP,
5.728,2,STA,WIFI_DROP,
5.728,3,STA,WIFI_DROP,
5.728,14,STA,WIFI_DROP,
5.7304,2,STA,WIFI_DROP,
5.7304,3,STA,WIFI_DROP,
5.7304,14,STA,WIFI_DROP,
5.7328,2,STA,WIFI_DROP,
5.7328,3,STA,WIFI_DROP,
5.7328,14,STA,WIFI_DROP,
5.7352,2,STA,WIFI_DROP,
5.7352,3,STA,WIFI_DROP,
5.7352,14,STA,WIFI_DROP,
5.7376,2,STA,WIFI_DROP,
5.7376,3,STA,WIFI_DROP,
5.7376,14,STA,WIFI_DROP,
5.74,2,STA,WIFI_DROP,
5.74,3,STA,WIFI_DROP,
5.74,14,STA,WIFI_DROP,
5.7424,2,STA,WIFI_DROP,
5.7424,3,STA,WIFI_DROP,
5.7424,14,STA,WIFI_DROP,
5.7448,2,STA,WIFI_DROP,
5.7448,3,STA,WIFI_DROP,
5.7448,14,STA,WIFI_DROP,
5.7472,2,STA,WIFI_DROP,
5.7472,3,STA,WIFI_DROP,
5.7472,14,STA,WIFI_DROP,
5.7496,2,STA,WIFI_DROP,
5.7496,3,STA,WIFI_DROP,
5.7496,14,STA,WIFI_DROP,
5.752,2,STA,WIFI_DROP,
5.752,3,STA,WIFI_DROP,
5.752,14,STA,WIFI_DROP,
5.7544,2,STA,WIFI_DROP,
5.7544,3,STA,WIFI_DROP,
5.7544,14,STA,WIFI_DROP,
5.7568,2,STA,WIFI_DROP,
5.7568,3,STA,WIFI_DROP,
5.7568,14,STA,WIFI_DROP,
5.7592,2,STA,WIFI_DROP,
5.7592,3,STA,WIFI_DROP,
5.7592,14,STA,WIFI_DROP,
5.7616,2,STA,WIFI_DROP,
5.7616,3,STA,WIFI_DROP,
5.7616,14,STA,WIFI_DROP,
5.764,2,STA,WIFI_DROP,
5.764,3,STA,WIFI_DROP,
5.764,14,STA,WIFI_DROP,
5.7664,2,STA,WIFI_DROP,
5.7664,3,STA,WIFI_DROP,
5.7664,14,STA,WIFI_DROP,
5.7688,2,STA,WIFI_DROP,
5.7688,3,STA,WIFI_DROP,
5.7688,14,STA,WIFI_DROP,
5.7712,2,STA,WIFI_DROP,
5.7712,3,STA,WIFI_DROP,
5.7712,14,STA,WIFI_DROP,
5.7736,2,STA,WIFI_DROP,
5.7736,3,STA,WIFI_DROP,
5.7736,14,STA,WIFI_DROP,
5.776,2,STA,WIFI_DROP,
5.776,3,STA,WIFI_DROP,
5.776,14,STA,WIFI_DROP,
5.7784,2,STA,WIFI_DROP,
5.7784,3,STA,WIFI_DROP,
5.7784,14,STA,WIFI_DROP,
5.7808,2,STA,WIFI_DROP,
5.7808,3,STA,WIFI_DROP,
5.7808,14,STA,WIFI_DROP,
5.7832,2,STA,WIFI_DROP,
5.7832,3,STA,WIFI_DROP,
5.7832,14,STA,WIFI_DROP,
5.7856,2,STA,WIFI_DROP,
5.7856,3,STA,WIFI_DROP,
5.7856,14,STA,WIFI_DROP,
5.788,2,STA,WIFI_DROP,
5.788,3,STA,WIFI_DROP,
5.788,14,STA,WIFI_DROP,
5.7904,2,STA,WIFI_DROP,
5.7904,3,STA,WIFI_DROP,
5.7904,14,STA,WIFI_DROP,
5.7928,2,STA,WIFI_DROP,
5.7928,3,STA,WIFI_DROP,
5.7928,14,STA,WIFI_DROP,
5.7952,2,STA,WIFI_DROP,
5.7952,3,STA,WIFI_DROP,
5.7952,14,STA,WIFI_DROP,
5.7976,2,STA,WIFI_DROP,
5.7976,3,STA,WIFI_DROP,
5.7976,14,STA,WIFI_DROP,
5.8,2,STA,WIFI_DROP,
5.8,3,STA,WIFI_DROP,
5.8,14,STA,WIFI_DROP,
5.8024,2,STA,WIFI_DROP,
5.8024,3,STA,WIFI_DROP,
5.8024,14,STA,WIFI_DROP,
5.8048,2,STA,WIFI_DROP,
5.8048,3,STA,WIFI_DROP,
5.8048,14,STA,WIFI_DROP,
5.8072,2,STA,WIFI_DROP,
5.8072,3,STA,WIFI_DROP,
5.8072,14,STA,WIFI_DROP,
5.8096,2,STA,WIFI_DROP,
5.8096,3,STA,WIFI_DROP,
5.8096,14,STA,WIFI_DROP,
5.812,2,STA,WIFI_DROP,
5.812,3,STA,WIFI_DROP,
5.812,14,STA,WIFI_DROP,
5.8144,2,STA,WIFI_DROP,
5.8144,3,STA,WIFI_DROP,
5.8144,14,STA,WIFI_DROP,
5.8168,2,STA,WIFI_DROP,
5.8168,3,STA,WIFI_DROP,
5.8168,14,STA,WIFI_DROP,
5.8192,2,STA,WIFI_DROP,
5.8192,3,STA,WIFI_DROP,
5.8192,14,STA,WIFI_DROP,
5.8216,2,STA,WIFI_DROP,
5.8216,3,STA,WIFI_DROP,
5.8216,14,STA,WIFI_DROP,
5.824,2,STA,WIFI_DROP,
5.824,3,STA,WIFI_DROP,
5.824,14,STA,WIFI_DROP,
5.8264,2,STA,WIFI_DROP,
5.8264,3,STA,WIFI_DROP,
5.8264,14,STA,WIFI_DROP,
5.8288,2,STA,WIFI_DROP,
5.8288,3,STA,WIFI_DROP,
5.8288,14,STA,WIFI_DROP,
5.8312,2,STA,WIFI_DROP,
5.8312,3,STA,WIFI_DROP,
5.8312,14,STA,WIFI_DROP,
5.8336,2,STA,WIFI_DROP,
5.8336,3,STA,WIFI_DROP,
5.8336,14,STA,WIFI_DROP,
5.836,2,STA,WIFI_DROP,
5.836,3,STA,WIFI_DROP,
5.836,14,STA,WIFI_DROP,
5.8384,2,STA,WIFI_DROP,
5.8384,3,STA,WIFI_DROP,
5.8384,14,STA,WIFI_DROP,
5.8408,2,STA,WIFI_DROP,
5.8408,3,STA,WIFI_DROP,
5.8408,14,STA,WIFI_DROP,
5.8432,2,STA,WIFI_DROP,
5.8432,3,STA,WIFI_DROP,
5.8432,14,STA,WIFI_DROP,
5.8456,2,STA,WIFI_DROP,
5.8456,3,STA,WIFI_DROP,
5.8456,14,STA,WIFI_DROP,
5.848,2,STA,WIFI_DROP,
5.848,3,STA,WIFI_DROP,
5.848,14,STA,WIFI_DROP,
5.8504,2,STA,WIFI_DROP,
5.8504,3,STA,WIFI_DROP,
5.8504,14,STA,WIFI_DROP,
5.8528,2,STA,WIFI_DROP,
5.8528,3,STA,WIFI_DROP,
5.8528,14,STA,WIFI_DROP,
5.8552,2,STA,WIFI_DROP,
5.8552,14,STA,WIFI_DROP,
5.8576,2,STA,WIFI_DROP,
5.8576,14,STA,WIFI_DROP,
5.86,2,STA,WIFI_DROP,
5.86,14,STA,WIFI_DROP,
5.8624,2,STA,WIFI_DROP,
5.8624,14,STA,WIFI_DROP,
5.8648,2,STA,WIFI_DROP,
5.8648,14,STA,WIFI_DROP,
5.8672,2,STA,WIFI_DROP,
5.8672,14,STA,WIFI_DROP,
5.8696,2,STA,WIFI_DROP,
5.8696,14,STA,WIFI_DROP,
5.872,2,STA,WIFI_DROP,
5.872,14,STA,WIFI_DROP,
5.8744,2,STA,WIFI_DROP,
5.8744,14,STA,WIFI_DROP,
5.8768,2,STA,WIFI_DROP,
5.8768,14,STA,WIFI_DROP,
5.8792,2,STA,WIFI_DROP,
5.8792,14,STA,WIFI_DROP,
5.8816,2,STA,WIFI_DROP,
5.8816,14,STA,WIFI_DROP,
5.884,2,STA,WIFI_DROP,
5.884,14,STA,WIFI_DROP,
5.8864,2,STA,WIFI_DROP,
5.8864,14,STA,WIFI_DROP,
5.8888,2,STA,WIFI_DROP,
5.8888,14,STA,WIFI_DROP,
5.8912,2,STA,WIFI_DROP,
5.8912,14,STA,WIFI_DROP,
5.8936,2,STA,WIFI_DROP,
5.8936,14,STA,WIFI_DROP,
5.896,2,STA,WIFI_DROP,
5.896,14,STA,WIFI_DROP,
5.8984,2,STA,WIFI_DROP,
5.8984,14,STA,WIFI_DROP,
5.9008,2,STA,WIFI_DROP,
5.9008,14,STA,WIFI_DROP,
5.9032,2,STA,WIFI_DROP,
5.9032,14,STA,WIFI_DROP,
5.9056,2,STA,WIFI_DROP,
5.9056,14,STA,WIFI_DROP,
5.908,2,STA,WIFI_DROP,
5.908,14,STA,WIFI_DROP,
5.9104,2,STA,WIFI_DROP,
5.9104,14,STA,WIFI_DROP,
5.9128,2,STA,WIFI_DROP,
5.9128,14,STA,WIFI_DROP,
5.9152,2,STA,WIFI_DROP,
5.9152,14,STA,WIFI_DROP,
5.9176,2,STA,WIFI_DROP,
5.9176,14,STA,WIFI_DROP,
5.92,2,STA,WIFI_DROP,
5.92,14,STA,WIFI_DROP,
5.9224,2,STA,WIFI_DROP,
5.9224,14,STA,WIFI_DROP,
5.9248,2,STA,WIFI_DROP,
5.9248,14,STA,WIFI_DROP,
5.9272,2,STA,WIFI_DROP,
5.9272,14,STA,WIFI_DROP,
5.9296,2,STA,WIFI_DROP,
5.9296,14,STA,WIFI_DROP,
5.932,2,STA,WIFI_DROP,
5.932,14,STA,WIFI_DROP,
5.9344,2,STA,WIFI_DROP,
5.9344,14,STA,WIFI_DROP,
5.9368,2,STA,WIFI_DROP,
5.9368,14,STA,WIFI_DROP,
5.9392,2,STA,WIFI_DROP,
5.9392,14,STA,WIFI_DROP,
5.9416,2,STA,WIFI_DROP,
5.9416,14,STA,WIFI_DROP,
5.944,2,STA,WIFI_DROP,
5.944,14,STA,WIFI_DROP,
5.9464,2,STA,WIFI_DROP,
5.9464,14,STA,WIFI_DROP,
5.9488,2,STA,WIFI_DROP,
5.9488,14,STA,WIFI_DROP,
5.9512,2,STA,WIFI_DROP,
5.9512,14,STA,WIFI_DROP,
5.9536,2,STA,WIFI_DROP,
5.9536,14,STA,WIFI_DROP,
5.956,2,STA,WIFI_DROP,
5.956,14,STA,WIFI_DROP,
5.9584,2,STA,WIFI_DROP,
5.9584,14,STA,WIFI_DROP,
5.9608,2,STA,WIFI_DROP,
5.9608,14,STA,WIFI_DROP,
5.9632,2,STA,WIFI_DROP,
5.9632,14,STA,WIFI_DROP,
5.9656,2,STA,WIFI_DROP,
5.9656,14,STA,WIFI_DROP,
5.968,2,STA,WIFI_DROP,
5.968,14,STA,WIFI_DROP,
5.9704,2,STA,WIFI_DROP,
5.9704,14,STA,WIFI_DROP,
5.9728,2,STA,WIFI_DROP,
5.9728,14,STA,WIFI_DROP,
5.9752,2,STA,WIFI_DROP,
5.9752,14,STA,WIFI_DROP,
5.9776,2,STA,WIFI_DROP,
5.9776,14,STA,WIFI_DROP,
5.98,2,STA,WIFI_DROP,
5.98,14,STA,WIFI_DROP,
5.9824,2,STA,WIFI_DROP,
5.9824,14,STA,WIFI_DROP,
5.9848,2,STA,WIFI_DROP,
5.9848,14,STA,WIFI_DROP,
5.9872,2,STA,WIFI_DROP,
5.9872,14,STA,WIFI_DROP,
5.9896,2,STA,WIFI_DROP,
5.9896,14,STA,WIFI_DROP,
5.992,2,STA,WIFI_DROP,
5.992,14,STA,WIFI_DROP,
5.9944,2,STA,WIFI_DROP,
5.9944,14,STA,WIFI_DROP,
5.9968,2,STA,WIFI_DROP,
5.9968,14,STA,WIFI_DROP,
5.9992,2,STA,WIFI_DROP,
6,3,STA,THROUGHPUT_MBPS,0.312000
6,6,STA,THROUGHPUT_MBPS,0.876000
6,8,STA,THROUGHPUT_MBPS,0.696000
6,9,STA,THROUGHPUT_MBPS,1.236000
6,11,STA,THROUGHPUT_MBPS,1.236000
6,14,STA,THROUGHPUT_MBPS,0.024000
6,16,STA,THROUGHPUT_MBPS,0.300000
6,17,STA,THROUGHPUT_MBPS,2.724000
6,18,STA,THROUGHPUT_MBPS,2.892000
6,20,STA,THROUGHPUT_MBPS,0.384000
6,1,AP,AGGREGATE_THROUGHPUT_MBPS,10.680000
6,1,AP,SENT_COUNT,8340.000000
6,1,AP,RECV_COUNT,890.000000
6,1,AP,LATENCY_P95_MS,543.969119
6.0016,2,STA,WIFI_DROP,
6.004,2,STA,WIFI_DROP,
6.0064,2,STA,WIFI_DROP,
6.0088,2,STA,WIFI_DROP,
6.0112,2,STA,WIFI_DROP,
6.0136,2,STA,WIFI_DROP,
6.016,2,STA,WIFI_DROP,
6.0184,2,STA,WIFI_DROP,
6.0208,2,STA,WIFI_DROP,
6.0208,14,STA,WIFI_DROP,
6.0232,2,STA,WIFI_DROP,
6.0232,14,STA,WIFI_DROP,
6.0256,2,STA,WIFI_DROP,
6.0256,14,STA,WIFI_DROP,
6.028,2,STA,WIFI_DROP,
6.028,14,STA,WIFI_DROP,
6.0304,2,STA,WIFI_DROP,
6.0304,14,STA,WIFI_DROP,
6.0328,2,STA,WIFI_DROP,
6.0328,14,STA,WIFI_DROP,
6.0352,2,STA,WIFI_DROP,
6.0352,14,STA,WIFI_DROP,
6.0376,2,STA,WIFI_DROP,
6.0376,14,STA,WIFI_DROP,
6.04,2,STA,WIFI_DROP,
6.04,14,STA,WIFI_DROP,
6.0424,2,STA,WIFI_DROP,
6.0424,14,STA,WIFI_DROP,
6.0448,2,STA,WIFI_DROP,
6.0448,14,STA,WIFI_DROP,
6.0472,2,STA,WIFI_DROP,
6.0472,14,STA,WIFI_DROP,
6.0496,2,STA,WIFI_DROP,
6.0496,14,STA,WIFI_DROP,
6.052,2,STA,WIFI_DROP,
6.052,14,STA,WIFI_DROP,
6.0544,2,STA,WIFI_DROP,
6.0544,14,STA,WIFI_DROP,
6.0568,2,STA,WIFI_DROP,
6.0568,14,STA,WIFI_DROP,
6.0592,2,STA,WIFI_DROP,
6.0592,14,STA,WIFI_DROP,
6.0616,2,STA,WIFI_DROP,
6.0616,14,STA,WIFI_DROP,
6.064,14,STA,WIFI_DROP,
6.0664,14,STA,WIFI_DROP,
6.0688,14,STA,WIFI_DROP,
6.0712,14,STA,WIFI_DROP,
6.0736,14,STA,WIFI_DROP,
6.076,14,STA,WIFI_DROP,
6.0784,14,STA,WIFI_DROP,
6.0808,14,STA,WIFI_DROP,
6.0832,14,STA,WIFI_DROP,
6.0856,14,STA,WIFI_DROP,
6.088,14,STA,WIFI_DROP,
6.0904,14,STA,WIFI_DROP,
6.0928,14,STA,WIFI_DROP,
6.0952,14,STA,WIFI_DROP,
6.0976,14,STA,WIFI_DROP,
6.1,14,STA,WIFI_DROP,
6.1024,14,STA,WIFI_DROP,
6.1048,14,STA,WIFI_DROP,
6.1072,14,STA,WIFI_DROP,
6.1096,14,STA,WIFI_DROP,
6.112,14,STA,WIFI_DROP,
6.1144,14,STA,WIFI_DROP,
6.1168,14,STA,WIFI_DROP,
6.1192,14,STA,WIFI_DROP,
6.1216,14,STA,WIFI_DROP,
6.2248,10,STA,WIFI_DROP,
6.2248,11,STA,WIFI_DROP,
6.2272,10,STA,WIFI_DROP,
6.2272,11,STA,WIFI_DROP,
6.2296,10,STA,WIFI_DROP,
6.2296,11,STA,WIFI_DROP,
6.232,10,STA,WIFI_DROP,
6.232,11,STA,WIFI_DROP,
6.2344,10,STA,WIFI_DROP,
6.2344,11,STA,WIFI_DROP,
6.2368,10,STA,WIFI_DROP,
6.2368,11,STA,WIFI_DROP,
6.2392,10,STA,WIFI_DROP,
6.2392,11,STA,WIFI_DROP,
6.2416,10,STA,WIFI_DROP,
6.2416,11,STA,WIFI_DROP,
6.244,10,STA,WIFI_DROP,
6.244,11,STA,WIFI_DROP,
6.2464,10,STA,WIFI_DROP,
6.2464,11,STA,WIFI_DROP,
6.2488,10,STA,WIFI_DROP,
6.2488,11,STA,WIFI_DROP,
6.2512,10,STA,WIFI_DROP,
6.2512,11,STA,WIFI_DROP,
6.2536,10,STA,WIFI_DROP,
6.2536,11,STA,WIFI_DROP,
6.256,10,STA,WIFI_DROP,
6.256,11,STA,WIFI_DROP,
6.2584,10,STA,WIFI_DROP,
6.2584,11,STA,WIFI_DROP,
6.2608,10,STA,WIFI_DROP,
6.2608,11,STA,WIFI_DROP,
6.2632,10,STA,WIFI_DROP,
6.2632,11,STA,WIFI_DROP,
6.2656,10,STA,WIFI_DROP,
6.2656,11,STA,WIFI_DROP,
6.268,10,STA,WIFI_DROP,
6.268,11,STA,WIFI_DROP,
6.2704,10,STA,WIFI_DROP,
6.2704,11,STA,WIFI_DROP,
6.2728,10,STA,WIFI_DROP,
6.2728,11,STA,WIFI_DROP,
6.2752,10,STA,WIFI_DROP,
6.2752,11,STA,WIFI_DROP,
6.2776,10,STA,WIFI_DROP,
6.2776,11,STA,WIFI_DROP,
6.28,10,STA,WIFI_DROP,
6.28,11,STA,WIFI_DROP,
6.2824,10,STA,WIFI_DROP,
6.2824,11,STA,WIFI_DROP,
6.2848,10,STA,WIFI_DROP,
6.2848,11,STA,WIFI_DROP,
6.2872,10,STA,WIFI_DROP,
6.2872,11,STA,WIFI_DROP,
6.2896,10,STA,WIFI_DROP,
6.2896,11,STA,WIFI_DROP,
6.292,10,STA,WIFI_DROP,
6.292,11,STA,WIFI_DROP,
6.2944,10,STA,WIFI_DROP,
6.2944,11,STA,WIFI_DROP,
6.2968,10,STA,WIFI_DROP,
6.2968,11,STA,WIFI_DROP,
6.2992,10,STA,WIFI_DROP,
6.2992,11,STA,WIFI_DROP,
6.3016,10,STA,WIFI_DROP,
6.3016,11,STA,WIFI_DROP,
6.304,10,STA,WIFI_DROP,
6.304,11,STA,WIFI_DROP,
6.3064,10,STA,WIFI_DROP,
6.3064,11,STA,WIFI_DROP,
6.3088,10,STA,WIFI_DROP,
6.3088,11,STA,WIFI_DROP,
6.3112,10,STA,WIFI_DROP,
6.3112,11,STA,WIFI_DROP,
6.3136,10,STA,WIFI_DROP,
6.3136,11,STA,WIFI_DROP,
6.316,10,STA,WIFI_DROP,
6.316,11,STA,WIFI_DROP,
6.3184,10,STA,WIFI_DROP,
6.3184,11,STA,WIFI_DROP,
6.3208,10,STA,WIFI_DROP,
6.3208,11,STA,WIFI_DROP,
6.3232,10,STA,WIFI_DROP,
6.3232,11,STA,WIFI_DROP,
6.3256,10,STA,WIFI_DROP,
6.3256,11,STA,WIFI_DROP,
6.328,10,STA,WIFI_DROP,
6.328,11,STA,WIFI_DROP,
6.3304,10,STA,WIFI_DROP,
6.3304,11,STA,WIFI_DROP,
6.3328,10,STA,WIFI_DROP,
6.3328,11,STA,WIFI_DROP,
6.3352,10,STA,WIFI_DROP,
6.3352,11,STA,WIFI_DROP,
6.3376,10,STA,WIFI_DROP,
6.3376,11,STA,WIFI_DROP,
6.34,10,STA,WIFI_DROP,
6.34,11,STA,WIFI_DROP,
6.3424,10,STA,WIFI_DROP,
6.3424,11,STA,WIFI_DROP,
6.3448,10,STA,WIFI_DROP,
6.3448,11,STA,WIFI_DROP,
6.3472,10,STA,WIFI_DROP,
6.3472,11,STA,WIFI_DROP,
6.3496,10,STA,WIFI_DROP,
6.3496,11,STA,WIFI_DROP,
6.352,10,STA,WIFI_DROP,
6.352,11,STA,WIFI_DROP,
6.3544,10,STA,WIFI_DROP,
6.3544,11,STA,WIFI_DROP,
6.3568,10,STA,WIFI_DROP,
6.3568,11,STA,WIFI_DROP,
6.3592,10,STA,WIFI_DROP,
6.3592,11,STA,WIFI_DROP,
6.3616,10,STA,WIFI_DROP,
6.3616,11,STA,WIFI_DROP,
6.364,10,STA,WIFI_DROP,
6.364,11,STA,WIFI_DROP,
6.3664,10,STA,WIFI_DROP,
6.3664,11,STA,WIFI_DROP,
6.3688,10,STA,WIFI_DROP,
6.3688,11,STA,WIFI_DROP,
6.3712,10,STA,WIFI_DROP,
6.3712,11,STA,WIFI_DROP,
6.3736,10,STA,WIFI_DROP,
6.3736,11,STA,WIFI_DROP,
6.376,10,STA,WIFI_DROP,
6.376,11,STA,WIFI_DROP,
6.3784,10,STA,WIFI_DROP,
6.3808,10,STA,WIFI_DROP,
6.3832,10,STA,WIFI_DROP,
6.3856,10,STA,WIFI_DROP,
6.388,10,STA,WIFI_DROP,
6.3904,10,STA,WIFI_DROP,
6.3928,10,STA,WIFI_DROP,
6.3952,10,STA,WIFI_DROP,
6.3976,10,STA,WIFI_DROP,
6.4,10,STA,WIFI_DROP,
6.4024,10,STA,WIFI_DROP,
6.4048,10,STA,WIFI_DROP,
6.4072,10,STA,WIFI_DROP,
6.4096,10,STA,WIFI_DROP,
6.412,10,STA,WIFI_DROP,
6.4144,10,STA,WIFI_DROP,
6.4168,10,STA,WIFI_DROP,
6.4192,10,STA,WIFI_DROP,
6.4216,10,STA,WIFI_DROP,
6.424,10,STA,WIFI_DROP,
6.4264,10,STA,WIFI_DROP,
6.4288,10,STA,WIFI_DROP,
6.4312,10,STA,WIFI_DROP,
6.4336,10,STA,WIFI_DROP,
6.436,10,STA,WIFI_DROP,
6.4384,10,STA,WIFI_DROP,
6.4408,10,STA,WIFI_DROP,
6.4432,10,STA,WIFI_DROP,
6.4456,10,STA,WIFI_DROP,
6.448,10,STA,WIFI_DROP,
6.4504,10,STA,WIFI_DROP,
6.4528,10,STA,WIFI_DROP,
6.4552,10,STA,WIFI_DROP,
6.4576,10,STA,WIFI_DROP,
6.46,10,STA,WIFI_DROP,
6.4624,10,STA,WIFI_DROP,
6.4648,10,STA,WIFI_DROP,
6.4672,10,STA,WIFI_DROP,
6.4696,10,STA,WIFI_DROP,
6.472,10,STA,WIFI_DROP,
6.4744,10,STA,WIFI_DROP,
6.4768,10,STA,WIFI_DROP,
6.4792,10,STA,WIFI_DROP,
6.4816,10,STA,WIFI_DROP,
6.484,10,STA,WIFI_DROP,
6.4864,10,STA,WIFI_DROP,
6.4888,10,STA,WIFI_DROP,
6.4912,10,STA,WIFI_DROP,
6.4936,10,STA,WIFI_DROP,
6.496,10,STA,WIFI_DROP,
6.4984,10,STA,WIFI_DROP,
6.5008,10,STA,WIFI_DROP,
6.5032,10,STA,WIFI_DROP,
6.5056,10,STA,WIFI_DROP,
6.508,10,STA,WIFI_DROP,
6.5104,10,STA,WIFI_DROP,
6.5128,10,STA,WIFI_DROP,
6.5152,10,STA,WIFI_DROP,
6.5176,10,STA,WIFI_DROP,
6.52,10,STA,WIFI_DROP,
6.5224,10,STA,WIFI_DROP,
6.5248,10,STA,WIFI_DROP,
6.5272,10,STA,WIFI_DROP,
6.5296,10,STA,WIFI_DROP,
6.532,10,STA,WIFI_DROP,
6.5344,10,STA,WIFI_DROP,
6.5368,10,STA,WIFI_DROP,
6.5392,10,STA,WIFI_DROP,
6.5416,10,STA,WIFI_DROP,
6.544,10,STA,WIFI_DROP,
6.5464,10,STA,WIFI_DROP,
6.5488,10,STA,WIFI_DROP,
6.5512,10,STA,WIFI_DROP,
6.5536,10,STA,WIFI_DROP,
6.556,10,STA,WIFI_DROP,
6.5584,10,STA,WIFI_DROP,
6.5608,10,STA,WIFI_DROP,
6.5632,10,STA,WIFI_DROP,
6.5656,10,STA,WIFI_DROP,
6.568,10,STA,WIFI_DROP,
6.5704,10,STA,WIFI_DROP,
6.5728,10,STA,WIFI_DROP,
6.5752,10,STA,WIFI_DROP,
6.5776,10,STA,WIFI_DROP,
6.58,10,STA,WIFI_DROP,
6.5824,10,STA,WIFI_DROP,
6.5848,10,STA,WIFI_DROP,
6.5872,10,STA,WIFI_DROP,
6.5896,10,STA,WIFI_DROP,
6.592,10,STA,WIFI_DROP,
6.5944,10,STA,WIFI_DROP,
6.5968,10,STA,WIFI_DROP,
6.5992,10,STA,WIFI_DROP,
6.6016,10,STA,WIFI_DROP,
6.604,10,STA,WIFI_DROP,
6.6064,10,STA,WIFI_DROP,
6.6088,10,STA,WIFI_DROP,
6.6112,10,STA,WIFI_DROP,
6.6136,10,STA,WIFI_DROP,
6.616,10,STA,WIFI_DROP,
6.6184,10,STA,WIFI_DROP,
6.6208,10,STA,WIFI_DROP,
6.6232,10,STA,WIFI_DROP,
6.6256,10,STA,WIFI_DROP,
6.628,10,STA,WIFI_DROP,
6.6304,10,STA,WIFI_DROP,
6.6328,10,STA,WIFI_DROP,
6.6352,10,STA,WIFI_DROP,
6.6376,7,STA,WIFI_DROP,
6.6376,10,STA,WIFI_DROP,
6.64,7,STA,WIFI_DROP,
6.64,10,STA,WIFI_DROP,
6.6424,7,STA,WIFI_DROP,
6.6424,10,STA,WIFI_DROP,
6.6448,7,STA,WIFI_DROP,
6.6448,10,STA,WIFI_DROP,
6.6472,7,STA,WIFI_DROP,
6.6472,10,STA,WIFI_DROP,
6.6496,7,STA,WIFI_DROP,
6.6496,10,STA,WIFI_DROP,
6.652,7,STA,WIFI_DROP,
6.652,10,STA,WIFI_DROP,
6.6544,7,STA,WIFI_DROP,
6.6544,10,STA,WIFI_DROP,
6.6568,7,STA,WIFI_DROP,
6.6568,10,STA,WIFI_DROP,
6.6592,7,STA,WIFI_DROP,
6.6592,10,STA,WIFI_DROP,
6.6616,7,STA,WIFI_DROP,
6.6616,10,STA,WIFI_DROP,
6.664,7,STA,WIFI_DROP,
6.664,10,STA,WIFI_DROP,
6.6664,7,STA,WIFI_DROP,
6.6664,10,STA,WIFI_DROP,
6.6688,7,STA,WIFI_DROP,
6.6688,10,STA,WIFI_DROP,
6.6712,7,STA,WIFI_DROP,
6.6712,10,STA,WIFI_DROP,
6.6736,7,STA,WIFI_DROP,
6.6736,10,STA,WIFI_DROP,
6.676,7,STA,WIFI_DROP,
6.676,10,STA,WIFI_DROP,
6.6784,7,STA,WIFI_DROP,
6.6784,10,STA,WIFI_DROP,
6.6808,7,STA,WIFI_DROP,
6.6808,10,STA,WIFI_DROP,
6.6832,7,STA,WIFI_DROP,
6.6832,10,STA,WIFI_DROP,
6.6856,7,STA,WIFI_DROP,
6.6856,10,STA,WIFI_DROP,
6.688,7,STA,WIFI_DROP,
6.688,10,STA,WIFI_DROP,
6.6904,7,STA,WIFI_DROP,
6.6904,10,STA,WIFI_DROP,
6.6928,7,STA,WIFI_DROP,
6.6928,10,STA,WIFI_DROP,
6.6952,7,STA,WIFI_DROP,
6.6952,10,STA,WIFI_DROP,
6.6976,7,STA,WIFI_DROP,
6.6976,10,STA,WIFI_DROP,
6.7,7,STA,WIFI_DROP,
6.7,10,STA,WIFI_DROP,
6.7024,7,STA,WIFI_DROP,
6.7024,10,STA,WIFI_DROP,
6.7048,7,STA,WIFI_DROP,
6.7048,10,STA,WIFI_DROP,
6.7072,7,STA,WIFI_DROP,
6.7072,10,STA,WIFI_DROP,
6.7096,7,STA,WIFI_DROP,
6.7096,10,STA,WIFI_DROP,
6.712,7,STA,WIFI_DROP,
6.712,10,STA,WIFI_DROP,
6.7144,7,STA,WIFI_DROP,
6.7144,10,STA,WIFI_DROP,
6.7168,7,STA,WIFI_DROP,
6.7168,10,STA,WIFI_DROP,
6.7192,7,STA,WIFI_DROP,
6.7192,10,STA,WIFI_DROP,
6.7216,7,STA,WIFI_DROP,
6.7216,10,STA,WIFI_DROP,
6.724,7,STA,WIFI_DROP,
6.724,10,STA,WIFI_DROP,
6.7264,7,STA,WIFI_DROP,
6.7264,10,STA,WIFI_DROP,
6.7288,7,STA,WIFI_DROP,
6.7288,10,STA,WIFI_DROP,
6.7312,7,STA,WIFI_DROP,
6.7312,10,STA,WIFI_DROP,
6.7336,7,STA,WIFI_DROP,
6.7336,10,STA,WIFI_DROP,
6.736,7,STA,WIFI_DROP,
6.736,10,STA,WIFI_DROP,
6.7384,7,STA,WIFI_DROP,
6.7384,10,STA,WIFI_DROP,
6.7408,7,STA,WIFI_DROP,
6.7408,10,STA,WIFI_DROP,
6.7432,7,STA,WIFI_DROP,
6.7432,10,STA,WIFI_DROP,
6.7456,7,STA,WIFI_DROP,
6.7456,10,STA,WIFI_DROP,
6.748,7,STA,WIFI_DROP,
6.748,10,STA,WIFI_DROP,
6.7504,7,STA,WIFI_DROP,
6.7504,10,STA,WIFI_DROP,
6.7528,7,STA,WIFI_DROP,
6.7528,10,STA,WIFI_DROP,
6.7552,7,STA,WIFI_DROP,
6.7552,10,STA,WIFI_DROP,
6.7576,7,STA,WIFI_DROP,
6.7576,10,STA,WIFI_DROP,
6.76,7,STA,WIFI_DROP,
6.76,10,STA,WIFI_DROP,
6.7624,7,STA,WIFI_DROP,
6.7624,10,STA,WIFI_DROP,
6.7648,7,STA,WIFI_DROP,
6.7648,10,STA,WIFI_DROP,
6.7672,7,STA,WIFI_DROP,
6.7672,10,STA,WIFI_DROP,
6.7696,7,STA,WIFI_DROP,
6.7696,10,STA,WIFI_DROP,
6.772,7,STA,WIFI_DROP,
6.772,10,STA,WIFI_DROP,
6.7744,7,STA,WIFI_DROP,
6.7744,10,STA,WIFI_DROP,
6.7768,7,STA,WIFI_DROP,
6.7768,10,STA,WIFI_DROP,
6.7792,7,STA,WIFI_DROP,
6.7792,10,STA,WIFI_DROP,
6.7816,7,STA,WIFI_DROP,
6.7816,10,STA,WIFI_DROP,
6.784,7,STA,WIFI_DROP,
6.784,10,STA,WIFI_DROP,
6.7864,7,STA,WIFI_DROP,
6.7864,10,STA,WIFI_DROP,
6.7888,7,STA,WIFI_DROP,
6.7888,10,STA,WIFI_DROP,
6.7912,10,STA,WIFI_DROP,
6.7936,10,STA,WIFI_DROP,
6.796,10,STA,WIFI_DROP,
6.7984,10,STA,WIFI_DROP,
6.8008,10,STA,WIFI_DROP,
6.8032,10,STA,WIFI_DROP,
6.8056,10,STA,WIFI_DROP,
6.808,10,STA,WIFI_DROP,
6.8104,10,STA,WIFI_DROP,
6.8128,10,STA,WIFI_DROP,
6.8152,10,STA,WIFI_DROP,
6.8176,10,STA,WIFI_DROP,
6.82,10,STA,WIFI_DROP,
6.8224,10,STA,WIFI_DROP,
6.8248,10,STA,WIFI_DROP,
6.8272,10,STA,WIFI_DROP,
6.8296,10,STA,WIFI_DROP,
6.832,10,STA,WIFI_DROP,
6.8344,10,STA,WIFI_DROP,
6.8368,10,STA,WIFI_DROP,
6.8392,10,STA,WIFI_DROP,
6.8416,10,STA,WIFI_DROP,
6.844,10,STA,WIFI_DROP,
6.8464,10,STA,WIFI_DROP,
6.8488,10,STA,WIFI_DROP,
6.8512,10,STA,WIFI_DROP,
6.8536,10,STA,WIFI_DROP,
6.856,10,STA,WIFI_DROP,
6.8584,10,STA,WIFI_DROP,
6.8608,10,STA,WIFI_DROP,
6.8632,10,STA,WIFI_DROP,
6.8656,10,STA,WIFI_DROP,
6.868,10,STA,WIFI_DROP,
6.8704,10,STA,WIFI_DROP,
6.8728,10,STA,WIFI_DROP,
6.8752,10,STA,WIFI_DROP,
6.8776,10,STA,WIFI_DROP,
6.88,10,STA,WIFI_DROP,
6.8824,10,STA,WIFI_DROP,
6.8848,10,STA,WIFI_DROP,
6.8872,10,STA,WIFI_DROP,
6.8896,10,STA,WIFI_DROP,
6.892,10,STA,WIFI_DROP,
6.8944,10,STA,WIFI_DROP,
6.8968,10,STA,WIFI_DROP,
6.8992,10,STA,WIFI_DROP,
6.9016,10,STA,WIFI_DROP,
6.904,10,STA,WIFI_DROP,
6.9064,10,STA,WIFI_DROP,
6.9088,10,STA,WIFI_DROP,
6.9112,10,STA,WIFI_DROP,
6.9136,10,STA,WIFI_DROP,
6.916,10,STA,WIFI_DROP,
6.9184,10,STA,WIFI_DROP,
6.9208,10,STA,WIFI_DROP,
6.9232,10,STA,WIFI_DROP,
6.9256,10,STA,WIFI_DROP,
6.928,10,STA,WIFI_DROP,
6.9304,10,STA,WIFI_DROP,
6.9328,10,STA,WIFI_DROP,
6.9352,10,STA,WIFI_DROP,
6.9376,10,STA,WIFI_DROP,
6.94,10,STA,WIFI_DROP,
6.9424,10,STA,WIFI_DROP,
6.9448,10,STA,WIFI_DROP,
6.9472,10,STA,WIFI_DROP,
6.9496,10,STA,WIFI_DROP,
6.952,10,STA,WIFI_DROP,
6.9544,10,STA,WIFI_DROP,
6.9568,10,STA,WIFI_DROP,
6.9592,10,STA,WIFI_DROP,
6.9616,10,STA,WIFI_DROP,
6.964,10,STA,WIFI_DROP,
6.9664,10,STA,WIFI_DROP,
6.9688,10,STA,WIFI_DROP,
6.9712,10,STA,WIFI_DROP,
6.9736,10,STA,WIFI_DROP,
6.976,10,STA,WIFI_DROP,
6.9784,10,STA,WIFI_DROP,
6.9808,10,STA,WIFI_DROP,
6.9832,10,STA,WIFI_DROP,
6.9856,10,STA,WIFI_DROP,
6.988,10,STA,WIFI_DROP,
6.9904,10,STA,WIFI_DROP,
6.9928,10,STA,WIFI_DROP,
6.9952,10,STA,WIFI_DROP,
6.9976,10,STA,WIFI_DROP,
7,6,STA,THROUGHPUT_MBPS,1.848000
7,8,STA,THROUGHPUT_MBPS,2.448000
7,9,STA,THROUGHPUT_MBPS,0.552000
7,11,STA,THROUGHPUT_MBPS,0.336000
7,14,STA,THROUGHPUT_MBPS,1.692000
7,16,STA,THROUGHPUT_MBPS,1.980000
7,17,STA,THROUGHPUT_MBPS,1.656000
7,18,STA,THROUGHPUT_MBPS,1.620000
7,20,STA,THROUGHPUT_MBPS,0.720000
7,1,AP,AGGREGATE_THROUGHPUT_MBPS,12.852000
7,1,AP,SENT_COUNT,8320.000000
7,1,AP,RECV_COUNT,1071.000000
7,1,AP,LATENCY_P95_MS,531.445759
7,10,STA,WIFI_DROP,
7.0024,10,STA,WIFI_DROP,
7.0048,10,STA,WIFI_DROP,
7.0072,10,STA,WIFI_DROP,
7.0096,10,STA,WIFI_DROP,
7.012,10,STA,WIFI_DROP,
7.0144,10,STA,WIFI_DROP,
7.0168,10,STA,WIFI_DROP,
7.0192,10,STA,WIFI_DROP,
7.0216,10,STA,WIFI_DROP,
7.024,10,STA,WIFI_DROP,
7.0264,10,STA,WIFI_DROP,
7.0288,10,STA,WIFI_DROP,
7.0312,10,STA,WIFI_DROP,
7.0336,10,STA,WIFI_DROP,
7.036,10,STA,WIFI_DROP,
7.0384,10,STA,WIFI_DROP,
7.0408,10,STA,WIFI_DROP,
7.0432,10,STA,WIFI_DROP,
7.0456,10,STA,WIFI_DROP,
7.048,10,STA,WIFI_DROP,
7.0504,10,STA,WIFI_DROP,
7.0528,10,STA,WIFI_DROP,
7.0552,10,STA,WIFI_DROP,
7.0576,10,STA,WIFI_DROP,
7.06,10,STA,WIFI_DROP,
7.0624,10,STA,WIFI_DROP,
7.0648,10,STA,WIFI_DROP,
7.0672,10,STA,WIFI_DROP,
7.0696,10,STA,WIFI_DROP,
7.072,10,STA,WIFI_DROP,
7.0744,10,STA,WIFI_DROP,
7.0768,10,STA,WIFI_DROP,
7.0792,10,STA,WIFI_DROP,
7.0816,10,STA,WIFI_DROP,
7.084,10,STA,WIFI_DROP,
7.0864,10,STA,WIFI_DROP,
7.0888,10,STA,WIFI_DROP,
7.0912,10,STA,WIFI_DROP,
7.0936,10,STA,WIFI_DROP,
7.096,10,STA,WIFI_DROP,
7.0984,10,STA,WIFI_DROP,
7.1008,10,STA,WIFI_DROP,
7.1032,10,STA,WIFI_DROP,
7.1056,10,STA,WIFI_DROP,
7.108,10,STA,WIFI_DROP,
7.1104,10,STA,WIFI_DROP,
7.1128,10,STA,WIFI_DROP,
7.1152,10,STA,WIFI_DROP,
7.1176,10,STA,WIFI_DROP,
7.12,10,STA,WIFI_DROP,
7.1224,10,STA,WIFI_DROP,
7.1248,10,STA,WIFI_DROP,
7.1272,10,STA,WIFI_DROP,
7.1296,10,STA,WIFI_DROP,
7.132,10,STA,WIFI_DROP,
7.1344,10,STA,WIFI_DROP,
7.1368,10,STA,WIFI_DROP,
7.1392,10,STA,WIFI_DROP,
7.1416,10,STA,WIFI_DROP,
7.144,10,STA,WIFI_DROP,
7.1464,10,STA,WIFI_DROP,
7.1488,10,STA,WIFI_DROP,
7.1512,10,STA,WIFI_DROP,
7.1536,10,STA,WIFI_DROP,
7.156,10,STA,WIFI_DROP,
7.1584,10,STA,WIFI_DROP,
7.1608,10,STA,WIFI_DROP,
7.1632,10,STA,WIFI_DROP,
7.1656,10,STA,WIFI_DROP,
7.168,10,STA,WIFI_DROP,
7.1704,10,STA,WIFI_DROP,
7.1728,10,STA,WIFI_DROP,
7.1752,10,STA,WIFI_DROP,
7.1776,10,STA,WIFI_DROP,
7.18,10,STA,WIFI_DROP,
7.1824,10,STA,WIFI_DROP,
7.1848,10,STA,WIFI_DROP,
7.1872,10,STA,WIFI_DROP,
7.1896,10,STA,WIFI_DROP,
7.192,10,STA,WIFI_DROP,
7.1944,10,STA,WIFI_DROP,
7.1968,10,STA,WIFI_DROP,
7.1992,10,STA,WIFI_DROP,
7.2016,10,STA,WIFI_DROP,
7.204,10,STA,WIFI_DROP,
7.2064,10,STA,WIFI_DROP,
7.2088,10,STA,WIFI_DROP,
7.2112,10,STA,WIFI_DROP,
7.2136,10,STA,WIFI_DROP,
7.216,10,STA,WIFI_DROP,
7.2184,10,STA,WIFI_DROP,
7.2208,10,STA,WIFI_DROP,
7.2232,10,STA,WIFI_DROP,
7.2256,10,STA,WIFI_DROP,
7.228,10,STA,WIFI_DROP,
7.2304,10,STA,WIFI_DROP,
7.2328,10,STA,WIFI_DROP,
7.2352,10,STA,WIFI_DROP,
7.2376,10,STA,WIFI_DROP,
7.24,10,STA,WIFI_DROP,
7.2424,10,STA,WIFI_DROP,
7.2448,10,STA,WIFI_DROP,
7.2472,10,STA,WIFI_DROP,
7.2496,10,STA,WIFI_DROP,
7.252,10,STA,WIFI_DROP,
7.2544,10,STA,WIFI_DROP,
7.2568,10,STA,WIFI_DROP,
7.2592,10,STA,WIFI_DROP,
7.2616,10,STA,WIFI_DROP,
7.264,10,STA,WIFI_DROP,
7.2664,10,STA,WIFI_DROP,
7.2688,10,STA,WIFI_DROP,
7.2712,10,STA,WIFI_DROP,
7.2736,10,STA,WIFI_DROP,
7.276,10,STA,WIFI_DROP,
7.2784,10,STA,WIFI_DROP,
7.2808,10,STA,WIFI_DROP,
7.2832,10,STA,WIFI_DROP,
7.2856,10,STA,WIFI_DROP,
7.288,10,STA,WIFI_DROP,
7.2904,10,STA,WIFI_DROP,
7.2928,10,STA,WIFI_DROP,
7.2952,10,STA,WIFI_DROP,
7.2976,10,STA,WIFI_DROP,
7.3,10,STA,WIFI_DROP,
7.3024,10,STA,WIFI_DROP,
7.3048,10,STA,WIFI_DROP,
7.3072,10,STA,WIFI_DROP,
7.3096,10,STA,WIFI_DROP,
7.312,10,STA,WIFI_DROP,
7.3144,10,STA,WIFI_DROP,
7.3168,10,STA,WIFI_DROP,
7.3192,10,STA,WIFI_DROP,
7.3216,10,STA,WIFI_DROP,
7.324,10,STA,WIFI_DROP,
7.3264,10,STA,WIFI_DROP,
7.3288,10,STA,WIFI_DROP,
7.3312,10,STA,WIFI_DROP,
7.3336,10,STA,WIFI_DROP,
7.336,10,STA,WIFI_DROP,
7.3384,10,STA,WIFI_DROP,
7.3408,10,STA,WIFI_DROP,
7.3432,10,STA,WIFI_DROP,
7.3456,10,STA,WIFI_DROP,
7.348,10,STA,WIFI_DROP,
7.3504,10,STA,WIFI_DROP,
7.3528,10,STA,WIFI_DROP,
7.3552,10,STA,WIFI_DROP,
7.3576,10,STA,WIFI_DROP,
7.36,10,STA,WIFI_DROP,
7.3624,10,STA,WIFI_DROP,
7.3648,10,STA,WIFI_DROP,
7.3672,10,STA,WIFI_DROP,
7.3696,10,STA,WIFI_DROP,
7.372,10,STA,WIFI_DROP,
7.3744,10,STA,WIFI_DROP,
7.3768,10,STA,WIFI_DROP,
7.3792,10,STA,WIFI_DROP,
7.3816,10,STA,WIFI_DROP,
7.384,10,STA,WIFI_DROP,
7.3864,10,STA,WIFI_DROP,
7.3888,10,STA,WIFI_DROP,
7.3912,10,STA,WIFI_DROP,
7.3936,10,STA,WIFI_DROP,
7.396,10,STA,WIFI_DROP,
7.3984,10,STA,WIFI_DROP,
7.4008,10,STA,WIFI_DROP,
7.4032,10,STA,WIFI_DROP,
7.4056,10,STA,WIFI_DROP,
7.408,10,STA,WIFI_DROP,
7.4104,10,STA,WIFI_DROP,
7.4128,10,STA,WIFI_DROP,
7.4152,10,STA,WIFI_DROP,
7.4176,10,STA,WIFI_DROP,
7.42,10,STA,WIFI_DROP,
7.4224,10,STA,WIFI_DROP,
7.4248,10,STA,WIFI_DROP,
7.4512,10,STA,WIFI_DROP,
7.4536,10,STA,WIFI_DROP,
7.456,10,STA,WIFI_DROP,
7.4584,10,STA,WIFI_DROP,
7.4608,10,STA,WIFI_DROP,
7.4632,10,STA,WIFI_DROP,
7.4656,10,STA,WIFI_DROP,
7.468,10,STA,WIFI_DROP,
7.4704,10,STA,WIFI_DROP,
7.4728,10,STA,WIFI_DROP,
7.4752,10,STA,WIFI_DROP,
7.4776,10,STA,WIFI_DROP,
7.48,10,STA,WIFI_DROP,
7.4824,10,STA,WIFI_DROP,
7.4848,10,STA,WIFI_DROP,
7.4872,10,STA,WIFI_DROP,
7.4896,10,STA,WIFI_DROP,
7.492,10,STA,WIFI_DROP,
7.4944,10,STA,WIFI_DROP,
7.4968,10,STA,WIFI_DROP,
7.4992,10,STA,WIFI_DROP,
7.5016,10,STA,WIFI_DROP,
7.504,10,STA,WIFI_DROP,
7.5064,10,STA,WIFI_DROP,
7.5088,10,STA,WIFI_DROP,
7.5112,10,STA,WIFI_DROP,
7.5136,10,STA,WIFI_DROP,
7.516,10,STA,WIFI_DROP,
7.5184,10,STA,WIFI_DROP,
7.5208,10,STA,WIFI_DROP,
7.5232,10,STA,WIFI_DROP,
7.5256,10,STA,WIFI_DROP,
7.528,10,STA,WIFI_DROP,
7.5304,10,STA,WIFI_DROP,
7.5328,10,STA,WIFI_DROP,
7.5352,10,STA,WIFI_DROP,
7.5376,10,STA,WIFI_DROP,
7.54,10,STA,WIFI_DROP,
7.5424,10,STA,WIFI_DROP,
7.5448,10,STA,WIFI_DROP,
7.5472,10,STA,WIFI_DROP,
7.5496,10,STA,WIFI_DROP,
7.552,10,STA,WIFI_DROP,
7.5544,10,STA,WIFI_DROP,
7.5568,10,STA,WIFI_DROP,
7.5592,10,STA,WIFI_DROP,
7.5616,10,STA,WIFI_DROP,
7.564,10,STA,WIFI_DROP,
7.5664,10,STA,WIFI_DROP,
7.5688,10,STA,WIFI_DROP,
7.5712,10,STA,WIFI_DROP,
7.5736,10,STA,WIFI_DROP,
7.576,10,STA,WIFI_DROP,
7.5784,10,STA,WIFI_DROP,
7.5808,10,STA,WIFI_DROP,
7.5832,10,STA,WIFI_DROP,
7.5856,10,STA,WIFI_DROP,
7.588,10,STA,WIFI_DROP,
7.5904,10,STA,WIFI_DROP,
7.5928,10,STA,WIFI_DROP,
7.5952,10,STA,WIFI_DROP,
7.5976,10,STA,WIFI_DROP,
7.6,10,STA,WIFI_DROP,
7.6024,10,STA,WIFI_DROP,
7.6048,10,STA,WIFI_DROP,
7.6072,10,STA,WIFI_DROP,
7.6096,10,STA,WIFI_DROP,
7.612,10,STA,WIFI_DROP,
7.6144,10,STA,WIFI_DROP,
7.6168,10,STA,WIFI_DROP,
7.6192,10,STA,WIFI_DROP,
7.6216,10,STA,WIFI_DROP,
7.624,10,STA,WIFI_DROP,
7.6264,10,STA,WIFI_DROP,
7.6288,10,STA,WIFI_DROP,
7.6312,10,STA,WIFI_DROP,
7.6336,10,STA,WIFI_DROP,
7.636,10,STA,WIFI_DROP,
7.6384,10,STA,WIFI_DROP,
7.6408,10,STA,WIFI_DROP,
7.6432,10,STA,WIFI_DROP,
7.6456,10,STA,WIFI_DROP,
7.648,10,STA,WIFI_DROP,
7.6504,10,STA,WIFI_DROP,
7.6528,10,STA,WIFI_DROP,
7.6552,10,STA,WIFI_DROP,
7.6576,10,STA,WIFI_DROP,
7.66,10,STA,WIFI_DROP,
7.6624,10,STA,WIFI_DROP,
7.6648,10,STA,WIFI_DROP,
7.6672,10,STA,WIFI_DROP,
7.6696,10,STA,WIFI_DROP,
7.672,10,STA,WIFI_DROP,
7.6744,10,STA,WIFI_DROP,
7.6768,10,STA,WIFI_DROP,
7.6792,10,STA,WIFI_DROP,
7.6816,10,STA,WIFI_DROP,
7.684,10,STA,WIFI_DROP,
7.6864,10,STA,WIFI_DROP,
7.6888,10,STA,WIFI_DROP,
7.6912,10,STA,WIFI_DROP,
7.6936,10,STA,WIFI_DROP,
7.696,10,STA,WIFI_DROP,
7.6984,10,STA,WIFI_DROP,
7.7008,10,STA,WIFI_DROP,
7.7032,10,STA,WIFI_DROP,
7.7056,10,STA,WIFI_DROP,
7.708,10,STA,WIFI_DROP,
7.7104,10,STA,WIFI_DROP,
7.7128,10,STA,WIFI_DROP,
7.7152,10,STA,WIFI_DROP,
7.7176,10,STA,WIFI_DROP,
7.72,10,STA,WIFI_DROP,
7.7224,10,STA,WIFI_DROP,
7.7248,10,STA,WIFI_DROP,
7.7272,10,STA,WIFI_DROP,
7.7296,10,STA,WIFI_DROP,
7.732,10,STA,WIFI_DROP,
7.7344,10,STA,WIFI_DROP,
7.7368,10,STA,WIFI_DROP,
7.7392,10,STA,WIFI_DROP,
7.7416,10,STA,WIFI_DROP,
7.744,10,STA,WIFI_DROP,
7.7464,10,STA,WIFI_DROP,
7.7488,10,STA,WIFI_DROP,
7.7512,10,STA,WIFI_DROP,
7.7536,10,STA,WIFI_DROP,
7.756,10,STA,WIFI_DROP,
7.7584,10,STA,WIFI_DROP,
7.7608,10,STA,WIFI_DROP,
7.7632,10,STA,WIFI_DROP,
7.7656,5,STA,WIFI_DROP,
7.7656,10,STA,WIFI_DROP,
7.768,5,STA,WIFI_DROP,
7.768,10,STA,WIFI_DROP,
7.7704,5,STA,WIFI_DROP,
7.7704,10,STA,WIFI_DROP,
7.7728,5,STA,WIFI_DROP,
7.7728,10,STA,WIFI_DROP,
7.7752,5,STA,WIFI_DROP,
7.7752,10,STA,WIFI_DROP,
7.7776,5,STA,WIFI_DROP,
7.7776,10,STA,WIFI_DROP,
7.78,5,STA,WIFI_DROP,
7.78,10,STA,WIFI_DROP,
7.7824,5,STA,WIFI_DROP,
7.7824,10,STA,WIFI_DROP,
7.7848,5,STA,WIFI_DROP,
7.7848,10,STA,WIFI_DROP,
7.7872,5,STA,WIFI_DROP,
7.7872,10,STA,WIFI_DROP,
7.7896,5,STA,WIFI_DROP,
7.7896,10,STA,WIFI_DROP,
7.792,5,STA,WIFI_DROP,
7.792,10,STA,WIFI_DROP,
7.7944,5,STA,WIFI_DROP,
7.7944,10,STA,WIFI_DROP,
7.7968,5,STA,WIFI_DROP,
7.7968,10,STA,WIFI_DROP,
7.7992,5,STA,WIFI_DROP,
7.7992,10,STA,WIFI_DROP,
7.8016,5,STA,WIFI_DROP,
7.8016,10,STA,WIFI_DROP,
7.804,5,STA,WIFI_DROP,
7.804,10,STA,WIFI_DROP,
7.8064,5,STA,WIFI_DROP,
7.8064,10,STA,WIFI_DROP,
7.8088,5,STA,WIFI_DROP,
7.8088,10,STA,WIFI_DROP,
7.8112,5,STA,WIFI_DROP,
7.8112,10,STA,WIFI_DROP,
7.8136,5,STA,WIFI_DROP,
7.8136,10,STA,WIFI_DROP,
7.816,5,STA,WIFI_DROP,
7.816,10,STA,WIFI_DROP,
7.8184,5,STA,WIFI_DROP,
7.8184,10,STA,WIFI_DROP,
7.8208,5,STA,WIFI_DROP,
7.8208,10,STA,WIFI_DROP,
7.8232,5,STA,WIFI_DROP,
7.8232,10,STA,WIFI_DROP,
7.8256,5,STA,WIFI_DROP,
7.8256,10,STA,WIFI_DROP,
7.828,5,STA,WIFI_DROP,
7.828,10,STA,WIFI_DROP,
7.8304,5,STA,WIFI_DROP,
7.8304,10,STA,WIFI_DROP,
7.8328,5,STA,WIFI_DROP,
7.8328,10,STA,WIFI_DROP,
7.8352,5,STA,WIFI_DROP,
7.8352,10,STA,WIFI_DROP,
7.8376,5,STA,WIFI_DROP,
7.8376,10,STA,WIFI_DROP,
7.84,5,STA,WIFI_DROP,
7.84,10,STA,WIFI_DROP,
7.8424,5,STA,WIFI_DROP,
7.8424,10,STA,WIFI_DROP,
7.8448,5,STA,WIFI_DROP,
7.8448,10,STA,WIFI_DROP,
7.8472,5,STA,WIFI_DROP,
7.8472,10,STA,WIFI_DROP,
7.8496,5,STA,WIFI_DROP,
7.8496,10,STA,WIFI_DROP,
7.852,5,STA,WIFI_DROP,
7.852,10,STA,WIFI_DROP,
7.8544,5,STA,WIFI_DROP,
7.8544,10,STA,WIFI_DROP,
7.8568,5,STA,WIFI_DROP,
7.8568,10,STA,WIFI_DROP,
7.8592,5,STA,WIFI_DROP,
7.8592,10,STA,WIFI_DROP,
7.8616,5,STA,WIFI_DROP,
7.8616,10,STA,WIFI_DROP,
7.864,5,STA,WIFI_DROP,
7.864,10,STA,WIFI_DROP,
7.8664,5,STA,WIFI_DROP,
7.8664,10,STA,WIFI_DROP,
7.8664,15,STA,WIFI_DROP,
7.8688,5,STA,WIFI_DROP,
7.8688,10,STA,WIFI_DROP,
7.8688,15,STA,WIFI_DROP,
7.8712,5,STA,WIFI_DROP,
7.8712,10,STA,WIFI_DROP,
7.8712,15,STA,WIFI_DROP,
7.8736,5,STA,WIFI_DROP,
7.8736,10,STA,WIFI_DROP,
7.8736,15,STA,WIFI_DROP,
7.876,5,STA,WIFI_DROP,
7.876,10,STA,WIFI_DROP,
7.876,15,STA,WIFI_DROP,
7.8784,5,STA,WIFI_DROP,
7.8784,10,STA,WIFI_DROP,
7.8784,15,STA,WIFI_DROP,
7.8808,5,STA,WIFI_DROP,
7.8808,10,STA,WIFI_DROP,
7.8808,15,STA,WIFI_DROP,
7.8832,5,STA,WIFI_DROP,
7.8832,10,STA,WIFI_DROP,
7.8832,15,STA,WIFI_DROP,
7.8856,5,STA,WIFI_DROP,
7.8856,10,STA,WIFI_DROP,
7.8856,15,STA,WIFI_DROP,
7.888,5,STA,WIFI_DROP,
7.888,10,STA,WIFI_DROP,
7.888,15,STA,WIFI_DROP,
7.8904,5,STA,WIFI_DROP,
7.8904,10,STA,WIFI_DROP,
7.8904,15,STA,WIFI_DROP,
7.8928,5,STA,WIFI_DROP,
7.8928,10,STA,WIFI_DROP,
7.8928,15,STA,WIFI_DROP,
7.8952,5,STA,WIFI_DROP,
7.8952,10,STA,WIFI_DROP,
7.8952,15,STA,WIFI_DROP,
7.8976,5,STA,WIFI_DROP,
7.8976,10,STA,WIFI_DROP,
7.8976,15,STA,WIFI_DROP,
7.9,5,STA,WIFI_DROP,
7.9,10,STA,WIFI_DROP,
7.9,15,STA,WIFI_DROP,
7.9024,5,STA,WIFI_DROP,
7.9024,10,STA,WIFI_DROP,
7.9024,15,STA,WIFI_DROP,
7.9048,5,STA,WIFI_DROP,
7.9048,10,STA,WIFI_DROP,
7.9048,15,STA,WIFI_DROP,
7.9072,5,STA,WIFI_DROP,
7.9072,10,STA,WIFI_DROP,
7.9072,15,STA,WIFI_DROP,
7.9096,5,STA,WIFI_DROP,
7.9096,10,STA,WIFI_DROP,
7.9096,15,STA,WIFI_DROP,
7.912,5,STA,WIFI_DROP,
7.912,10,STA,WIFI_DROP,
7.912,15,STA,WIFI_DROP,
7.9144,5,STA,WIFI_DROP,
7.9144,10,STA,WIFI_DROP,
7.9144,15,STA,WIFI_DROP,
7.9168,5,STA,WIFI_DROP,
7.9168,10,STA,WIFI_DROP,
7.9168,15,STA,WIFI_DROP,
7.9192,5,STA,WIFI_DROP,
7.9192,10,STA,WIFI_DROP,
7.9192,15,STA,WIFI_DROP,
7.9216,5,STA,WIFI_DROP,
7.9216,10,STA,WIFI_DROP,
7.9216,15,STA,WIFI_DROP,
7.924,5,STA,WIFI_DROP,
7.924,10,STA,WIFI_DROP,
7.924,15,STA,WIFI_DROP,
7.9264,5,STA,WIFI_DROP,
7.9264,10,STA,WIFI_DROP,
7.9264,15,STA,WIFI_DROP,
7.9288,5,STA,WIFI_DROP,
7.9288,10,STA,WIFI_DROP,
7.9288,15,STA,WIFI_DROP,
7.9312,5,STA,WIFI_DROP,
7.9312,10,STA,WIFI_DROP,
7.9312,15,STA,WIFI_DROP,
7.9336,5,STA,WIFI_DROP,
7.9336,10,STA,WIFI_DROP,
7.9336,15,STA,WIFI_DROP,
7.936,5,STA,WIFI_DROP,
7.936,10,STA,WIFI_DROP,
7.936,15,STA,WIFI_DROP,
7.9384,5,STA,WIFI_DROP,
7.9384,10,STA,WIFI_DROP,
7.9384,15,STA,WIFI_DROP,
7.9408,5,STA,WIFI_DROP,
7.9408,10,STA,WIFI_DROP,
7.9408,15,STA,WIFI_DROP,
7.9432,5,STA,WIFI_DROP,
7.9432,10,STA,WIFI_DROP,
7.9432,15,STA,WIFI_DROP,
7.9456,5,STA,WIFI_DROP,
7.9456,10,STA,WIFI_DROP,
7.9456,15,STA,WIFI_DROP,
7.948,5,STA,WIFI_DROP,
7.948,10,STA,WIFI_DROP,
7.948,15,STA,WIFI_DROP,
7.9504,5,STA,WIFI_DROP,
7.9504,10,STA,WIFI_DROP,
7.9504,15,STA,WIFI_DROP,
7.9528,5,STA,WIFI_DROP,
7.9528,10,STA,WIFI_DROP,
7.9528,15,STA,WIFI_DROP,
7.9552,5,STA,WIFI_DROP,
7.9552,10,STA,WIFI_DROP,
7.9552,15,STA,WIFI_DROP,
7.9576,5,STA,WIFI_DROP,
7.9576,10,STA,WIFI_DROP,
7.9576,15,STA,WIFI_DROP,
7.96,5,STA,WIFI_DROP,
7.96,10,STA,WIFI_DROP,
7.96,15,STA,WIFI_DROP,
7.9624,5,STA,WIFI_DROP,
7.9624,10,STA,WIFI_DROP,
7.9624,15,STA,WIFI_DROP,
7.9648,5,STA,WIFI_DROP,
7.9648,10,STA,WIFI_DROP,
7.9648,15,STA,WIFI_DROP,
7.9672,5,STA,WIFI_DROP,
7.9672,10,STA,WIFI_DROP,
7.9672,15,STA,WIFI_DROP,
7.9696,5,STA,WIFI_DROP,
7.9696,10,STA,WIFI_DROP,
7.9696,15,STA,WIFI_DROP,
7.972,5,STA,WIFI_DROP,
7.972,10,STA,WIFI_DROP,
7.972,15,STA,WIFI_DROP,
7.9744,5,STA,WIFI_DROP,
7.9744,10,STA,WIFI_DROP,
7.9744,15,STA,WIFI_DROP,
7.9768,5,STA,WIFI_DROP,
7.9768,10,STA,WIFI_DROP,
7.9768,15,STA,WIFI_DROP,
7.9792,5,STA,WIFI_DROP,
7.9792,10,STA,WIFI_DROP,
7.9792,15,STA,WIFI_DROP,
7.9816,5,STA,WIFI_DROP,
7.9816,10,STA,WIFI_DROP,
7.9816,15,STA,WIFI_DROP,
7.984,5,STA,WIFI_DROP,
7.984,10,STA,WIFI_DROP,
7.984,15,STA,WIFI_DROP,
7.9864,5,STA,WIFI_DROP,
7.9864,10,STA,WIFI_DROP,
7.9864,15,STA,WIFI_DROP,
7.9888,5,STA,WIFI_DROP,
7.9888,10,STA,WIFI_DROP,
7.9888,15,STA,WIFI_DROP,
7.9912,5,STA,WIFI_DROP,
7.9912,10,STA,WIFI_DROP,
7.9912,15,STA,WIFI_DROP,
7.9936,5,STA,WIFI_DROP,
7.9936,10,STA,WIFI_DROP,
7.9936,15,STA,WIFI_DROP,
7.996,5,STA,WIFI_DROP,
7.996,10,STA,WIFI_DROP,
7.996,15,STA,WIFI_DROP,
7.9984,5,STA,WIFI_DROP,
7.9984,10,STA,WIFI_DROP,
7.9984,15,STA,WIFI_DROP,
8,6,STA,THROUGHPUT_MBPS,0.936000
8,8,STA,THROUGHPUT_MBPS,3.336000
8,9,STA,THROUGHPUT_MBPS,0.312000
8,10,STA,THROUGHPUT_MBPS,0.012000
8,14,STA,THROUGHPUT_MBPS,3.672000
8,16,STA,THROUGHPUT_MBPS,1.056000
8,17,STA,THROUGHPUT_MBPS,0.804000
8,18,STA,THROUGHPUT_MBPS,3.756000
8,20,STA,THROUGHPUT_MBPS,0.384000
8,1,AP,AGGREGATE_THROUGHPUT_MBPS,14.268000
8,1,AP,SENT_COUNT,8340.000000
8,1,AP,RECV_COUNT,1189.000000
8,1,AP,LATENCY_P95_MS,550.858598
8.0008,5,STA,WIFI_DROP,
8.0008,10,STA,WIFI_DROP,
8.0008,15,STA,WIFI_DROP,
8.0032,5,STA,WIFI_DROP,
8.0032,15,STA,WIFI_DROP,
8.0056,5,STA,WIFI_DROP,
8.0056,15,STA,WIFI_DROP,
8.008,5,STA,WIFI_DROP,
8.008,15,STA,WIFI_DROP,
8.0104,5,STA,WIFI_DROP,
8.0104,15,STA,WIFI_DROP,
8.0128,5,STA,WIFI_DROP,
8.0128,15,STA,WIFI_DROP,
8.0152,5,STA,WIFI_DROP,
8.0152,15,STA,WIFI_DROP,
8.0176,5,STA,WIFI_DROP,
8.0176,15,STA,WIFI_DROP,
8.02,5,STA,WIFI_DROP,
8.02,15,STA,WIFI_DROP,
8.0224,5,STA,WIFI_DROP,
8.0224,15,STA,WIFI_DROP,
8.0248,5,STA,WIFI_DROP,
8.0248,15,STA,WIFI_DROP,
8.0272,5,STA,WIFI_DROP,
8.0272,15,STA,WIFI_DROP,
8.0296,5,STA,WIFI_DROP,
8.0296,15,STA,WIFI_DROP,
8.032,5,STA,WIFI_DROP,
8.032,15,STA,WIFI_DROP,
8.0344,5,STA,WIFI_DROP,
8.0344,15,STA,WIFI_DROP,
8.0368,5,STA,WIFI_DROP,
8.0368,15,STA,WIFI_DROP,
8.0392,5,STA,WIFI_DROP,
8.0392,15,STA,WIFI_DROP,
8.0416,5,STA,WIFI_DROP,
8.0416,15,STA,WIFI_DROP,
8.044,5,STA,WIFI_DROP,
8.044,15,STA,WIFI_DROP,
8.0464,5,STA,WIFI_DROP,
8.0464,15,STA,WIFI_DROP,
8.0488,5,STA,WIFI_DROP,
8.0488,15,STA,WIFI_DROP,
8.0512,5,STA,WIFI_DROP,
8.0512,15,STA,WIFI_DROP,
8.0536,5,STA,WIFI_DROP,
8.0536,15,STA,WIFI_DROP,
8.056,5,STA,WIFI_DROP,
8.056,15,STA,WIFI_DROP,
8.0584,5,STA,WIFI_DROP,
8.0584,15,STA,WIFI_DROP,
8.0608,5,STA,WIFI_DROP,
8.0608,15,STA,WIFI_DROP,
8.0632,5,STA,WIFI_DROP,
8.0632,15,STA,WIFI_DROP,
8.0656,5,STA,WIFI_DROP,
8.0656,15,STA,WIFI_DROP,
8.068,5,STA,WIFI_DROP,
8.068,15,STA,WIFI_DROP,
8.0704,5,STA,WIFI_DROP,
8.0704,15,STA,WIFI_DROP,
8.0728,5,STA,WIFI_DROP,
8.0728,15,STA,WIFI_DROP,
8.0752,5,STA,WIFI_DROP,
8.0752,15,STA,WIFI_DROP,
8.0776,5,STA,WIFI_DROP,
8.0776,15,STA,WIFI_DROP,
8.08,5,STA,WIFI_DROP,
8.08,15,STA,WIFI_DROP,
8.0824,5,STA,WIFI_DROP,
8.0824,15,STA,WIFI_DROP,
8.0848,5,STA,WIFI_DROP,
8.0848,15,STA,WIFI_DROP,
8.0872,5,STA,WIFI_DROP,
8.0872,15,STA,WIFI_DROP,
8.0896,5,STA,WIFI_DROP,
8.0896,15,STA,WIFI_DROP,
8.092,5,STA,WIFI_DROP,
8.092,15,STA,WIFI_DROP,
8.0944,5,STA,WIFI_DROP,
8.0944,15,STA,WIFI_DROP,
8.0968,5,STA,WIFI_DROP,
8.0968,15,STA,WIFI_DROP,
8.0992,5,STA,WIFI_DROP,
8.0992,15,STA,WIFI_DROP,
8.1016,5,STA,WIFI_DROP,
8.1016,15,STA,WIFI_DROP,
8.104,5,STA,WIFI_DROP,
8.104,15,STA,WIFI_DROP,
8.1064,5,STA,WIFI_DROP,
8.1064,15,STA,WIFI_DROP,
8.1088,5,STA,WIFI_DROP,
8.1088,15,STA,WIFI_DROP,
8.1112,5,STA,WIFI_DROP,
8.1112,15,STA,WIFI_DROP,
8.1136,5,STA,WIFI_DROP,
8.1136,15,STA,WIFI_DROP,
8.116,5,STA,WIFI_DROP,
8.116,15,STA,WIFI_DROP,
8.1184,5,STA,WIFI_DROP,
8.1184,15,STA,WIFI_DROP,
8.1208,5,STA,WIFI_DROP,
8.1208,15,STA,WIFI_DROP,
8.1232,5,STA,WIFI_DROP,
8.1232,15,STA,WIFI_DROP,
8.1256,5,STA,WIFI_DROP,
8.1256,15,STA,WIFI_DROP,
8.128,5,STA,WIFI_DROP,
8.128,15,STA,WIFI_DROP,
8.1304,5,STA,WIFI_DROP,
8.1304,15,STA,WIFI_DROP,
8.1328,5,STA,WIFI_DROP,
8.1328,15,STA,WIFI_DROP,
8.1352,5,STA,WIFI_DROP,
8.1352,15,STA,WIFI_DROP,
8.1376,5,STA,WIFI_DROP,
8.1376,15,STA,WIFI_DROP,
8.14,5,STA,WIFI_DROP,
8.14,15,STA,WIFI_DROP,
8.1424,5,STA,WIFI_DROP,
8.1424,15,STA,WIFI_DROP,
8.1448,5,STA,WIFI_DROP,
8.1448,15,STA,WIFI_DROP,
8.1472,5,STA,WIFI_DROP,
8.1472,15,STA,WIFI_DROP,
8.1496,5,STA,WIFI_DROP,
8.1496,15,STA,WIFI_DROP,
8.152,5,STA,WIFI_DROP,
8.152,15,STA,WIFI_DROP,
8.1544,5,STA,WIFI_DROP,
8.1544,15,STA,WIFI_DROP,
8.1568,5,STA,WIFI_DROP,
8.1568,15,STA,WIFI_DROP,
8.1592,5,STA,WIFI_DROP,
8.1592,15,STA,WIFI_DROP,
8.1616,5,STA,WIFI_DROP,
8.1616,15,STA,WIFI_DROP,
8.164,5,STA,WIFI_DROP,
8.164,15,STA,WIFI_DROP,
8.1664,5,STA,WIFI_DROP,
8.1664,15,STA,WIFI_DROP,
8.1688,5,STA,WIFI_DROP,
8.1688,15,STA,WIFI_DROP,
8.1712,5,STA,WIFI_DROP,
8.1712,15,STA,WIFI_DROP,
8.1736,5,STA,WIFI_DROP,
8.1736,15,STA,WIFI_DROP,
8.176,5,STA,WIFI_DROP,
8.176,15,STA,WIFI_DROP,
8.1784,5,STA,WIFI_DROP,
8.1784,15,STA,WIFI_DROP,
8.1808,5,STA,WIFI_DROP,
8.1808,15,STA,WIFI_DROP,
8.1832,5,STA,WIFI_DROP,
8.1832,15,STA,WIFI_DROP,
8.1856,5,STA,WIFI_DROP,
8.1856,15,STA,WIFI_DROP,
8.188,5,STA,WIFI_DROP,
8.188,15,STA,WIFI_DROP,
8.1904,5,STA,WIFI_DROP,
8.1904,15,STA,WIFI_DROP,
8.1928,5,STA,WIFI_DROP,
8.1928,15,STA,WIFI_DROP,
8.1952,5,STA,WIFI_DROP,
8.1952,15,STA,WIFI_DROP,
8.1976,5,STA,WIFI_DROP,
8.1976,15,STA,WIFI_DROP,
8.2,5,STA,WIFI_DROP,
8.2,15,STA,WIFI_DROP,
8.2024,5,STA,WIFI_DROP,
8.2024,15,STA,WIFI_DROP,
8.2048,5,STA,WIFI_DROP,
8.2048,15,STA,WIFI_DROP,
8.2072,5,STA,WIFI_DROP,
8.2072,15,STA,WIFI_DROP,
8.2096,5,STA,WIFI_DROP,
8.2096,15,STA,WIFI_DROP,
8.212,5,STA,WIFI_DROP,
8.212,15,STA,WIFI_DROP,
8.2144,5,STA,WIFI_DROP,
8.2144,15,STA,WIFI_DROP,
8.2168,5,STA,WIFI_DROP,
8.2168,15,STA,WIFI_DROP,
8.2192,5,STA,WIFI_DROP,
8.2192,15,STA,WIFI_DROP,
8.2216,5,STA,WIFI_DROP,
8.2216,15,STA,WIFI_DROP,
8.224,5,STA,WIFI_DROP,
8.224,15,STA,WIFI_DROP,
8.2264,5,STA,WIFI_DROP,
8.2264,15,STA,WIFI_DROP,
8.2288,5,STA,WIFI_DROP,
8.2288,15,STA,WIFI_DROP,
8.2312,5,STA,WIFI_DROP,
8.2312,15,STA,WIFI_DROP,
8.2336,5,STA,WIFI_DROP,
8.2336,15,STA,WIFI_DROP,
8.236,5,STA,WIFI_DROP,
8.236,15,STA,WIFI_DROP,
8.2384,5,STA,WIFI_DROP,
8.2384,15,STA,WIFI_DROP,
8.2408,5,STA,WIFI_DROP,
8.2408,15,STA,WIFI_DROP,
8.2432,5,STA,WIFI_DROP,
8.2432,15,STA,WIFI_DROP,
8.2456,5,STA,WIFI_DROP,
8.2456,15,STA,WIFI_DROP,
8.248,5,STA,WIFI_DROP,
8.248,15,STA,WIFI_DROP,
8.2504,5,STA,WIFI_DROP,
8.2504,15,STA,WIFI_DROP,
8.2528,5,STA,WIFI_DROP,
8.2528,15,STA,WIFI_DROP,
8.2552,5,STA,WIFI_DROP,
8.2552,15,STA,WIFI_DROP,
8.2576,5,STA,WIFI_DROP,
8.2576,15,STA,WIFI_DROP,
8.26,5,STA,WIFI_DROP,
8.26,15,STA,WIFI_DROP,
8.2624,5,STA,WIFI_DROP,
8.2624,15,STA,WIFI_DROP,
8.2648,5,STA,WIFI_DROP,
8.2648,15,STA,WIFI_DROP,
8.2672,5,STA,WIFI_DROP,
8.2672,15,STA,WIFI_DROP,
8.2696,5,STA,WIFI_DROP,
8.2696,15,STA,WIFI_DROP,
8.272,5,STA,WIFI_DROP,
8.272,15,STA,WIFI_DROP,
8.2744,5,STA,WIFI_DROP,
8.2744,13,STA,WIFI_DROP,
8.2744,15,STA,WIFI_DROP,
8.2768,5,STA,WIFI_DROP,
8.2768,13,STA,WIFI_DROP,
8.2768,15,STA,WIFI_DROP,
8.2792,5,STA,WIFI_DROP,
8.2792,13,STA,WIFI_DROP,
8.2792,15,STA,WIFI_DROP,
8.2816,5,STA,WIFI_DROP,
8.2816,13,STA,WIFI_DROP,
8.2816,15,STA,WIFI_DROP,
8.284,5,STA,WIFI_DROP,
8.284,13,STA,WIFI_DROP,
8.284,15,STA,WIFI_DROP,
8.2864,5,STA,WIFI_DROP,
8.2864,13,STA,WIFI_DROP,
8.2864,15,STA,WIFI_DROP,
8.2888,5,STA,WIFI_DROP,
8.2888,13,STA,WIFI_DROP,
8.2888,15,STA,WIFI_DROP,
8.2912,5,STA,WIFI_DROP,
8.2912,13,STA,WIFI_DROP,
8.2912,15,STA,WIFI_DROP,
8.2936,5,STA,WIFI_DROP,
8.2936,13,STA,WIFI_DROP,
8.2936,15,STA,WIFI_DROP,
8.296,5,STA,WIFI_DROP,
8.296,13,STA,WIFI_DROP,
8.296,15,STA,WIFI_DROP,
8.2984,5,STA,WIFI_DROP,
8.2984,13,STA,WIFI_DROP,
8.2984,15,STA,WIFI_DROP,
8.3008,5,STA,WIFI_DROP,
8.3008,13,STA,WIFI_DROP,
8.3008,15,STA,WIFI_DROP,
8.3032,5,STA,WIFI_DROP,
8.3032,13,STA,WIFI_DROP,
8.3032,15,STA,WIFI_DROP,
8.3056,5,STA,WIFI_DROP,
8.3056,13,STA,WIFI_DROP,
8.3056,15,STA,WIFI_DROP,
8.308,5,STA,WIFI_DROP,
8.308,13,STA,WIFI_DROP,
8.308,15,STA,WIFI_DROP,
8.3104,5,STA,WIFI_DROP,
8.3104,13,STA,WIFI_DROP,
8.3104,15,STA,WIFI_DROP,
8.3128,5,STA,WIFI_DROP,
8.3128,13,STA,WIFI_DROP,
8.3128,15,STA,WIFI_DROP,
8.3152,5,STA,WIFI_DROP,
8.3152,13,STA,WIFI_DROP,
8.3152,15,STA,WIFI_DROP,
8.3176,13,STA,WIFI_DROP,
8.3176,15,STA,WIFI_DROP,
8.32,13,STA,WIFI_DROP,
8.32,15,STA,WIFI_DROP,
8.3224,13,STA,WIFI_DROP,
8.3224,15,STA,WIFI_DROP,
8.3248,13,STA,WIFI_DROP,
8.3248,15,STA,WIFI_DROP,
8.3272,13,STA,WIFI_DROP,
8.3272,15,STA,WIFI_DROP,
8.3296,13,STA,WIFI_DROP,
8.3296,15,STA,WIFI_DROP,
8.332,13,STA,WIFI_DROP,
8.332,15,STA,WIFI_DROP,
8.3344,13,STA,WIFI_DROP,
8.3344,15,STA,WIFI_DROP,
8.3368,13,STA,WIFI_DROP,
8.3368,15,STA,WIFI_DROP,
8.3392,13,STA,WIFI_DROP,
8.3392,15,STA,WIFI_DROP,
8.3416,13,STA,WIFI_DROP,
8.3416,15,STA,WIFI_DROP,
8.344,13,STA,WIFI_DROP,
8.344,15,STA,WIFI_DROP,
8.3464,13,STA,WIFI_DROP,
8.3464,15,STA,WIFI_DROP,
8.3488,13,STA,WIFI_DROP,
8.3488,15,STA,WIFI_DROP,
8.3512,13,STA,WIFI_DROP,
8.3512,15,STA,WIFI_DROP,
8.3536,13,STA,WIFI_DROP,
8.3536,15,STA,WIFI_DROP,
8.356,13,STA,WIFI_DROP,
8.356,15,STA,WIFI_DROP,
8.3584,13,STA,WIFI_DROP,
8.3584,15,STA,WIFI_DROP,
8.3608,13,STA,WIFI_DROP,
8.3608,15,STA,WIFI_DROP,
8.3632,13,STA,WIFI_DROP,
8.3632,15,STA,WIFI_DROP,
8.3656,13,STA,WIFI_DROP,
8.3656,15,STA,WIFI_DROP,
8.368,13,STA,WIFI_DROP,
8.368,15,STA,WIFI_DROP,
8.3704,13,STA,WIFI_DROP,
8.3704,15,STA,WIFI_DROP,
8.3728,13,STA,WIFI_DROP,
8.3728,15,STA,WIFI_DROP,
8.3752,4,STA,WIFI_DROP,
8.3752,13,STA,WIFI_DROP,
8.3752,15,STA,WIFI_DROP,
8.3776,4,STA,WIFI_DROP,
8.3776,13,STA,WIFI_DROP,
8.3776,15,STA,WIFI_DROP,
8.38,4,STA,WIFI_DROP,
8.38,13,STA,WIFI_DROP,
8.38,15,STA,WIFI_DROP,
8.3824,4,STA,WIFI_DROP,
8.3824,13,STA,WIFI_DROP,
8.3824,15,STA,WIFI_DROP,
8.3848,4,STA,WIFI_DROP,
8.3848,13,STA,WIFI_DROP,
8.3848,15,STA,WIFI_DROP,
8.3872,4,STA,WIFI_DROP,
8.3872,13,STA,WIFI_DROP,
8.3872,15,STA,WIFI_DROP,
8.3896,4,STA,WIFI_DROP,
8.3896,13,STA,WIFI_DROP,
8.3896,15,STA,WIFI_DROP,
8.392,4,STA,WIFI_DROP,
8.392,13,STA,WIFI_DROP,
8.392,15,STA,WIFI_DROP,
8.3944,4,STA,WIFI_DROP,
8.3944,13,STA,WIFI_DROP,
8.3944,15,STA,WIFI_DROP,
8.3968,4,STA,WIFI_DROP,
8.3968,13,STA,WIFI_DROP,
8.3968,15,STA,WIFI_DROP,
8.3992,4,STA,WIFI_DROP,
8.3992,13,STA,WIFI_DROP,
8.3992,15,STA,WIFI_DROP,
8.4016,4,STA,WIFI_DROP,
8.4016,13,STA,WIFI_DROP,
8.4016,15,STA,WIFI_DROP,
8.404,4,STA,WIFI_DROP,
8.404,13,STA,WIFI_DROP,
8.404,15,STA,WIFI_DROP,
8.4064,4,STA,WIFI_DROP,
8.4064,13,STA,WIFI_DROP,
8.4064,15,STA,WIFI_DROP,
8.4088,4,STA,WIFI_DROP,
8.4088,13,STA,WIFI_DROP,
8.4088,15,STA,WIFI_DROP,
8.4112,4,STA,WIFI_DROP,
8.4112,13,STA,WIFI_DROP,
8.4112,15,STA,WIFI_DROP,
8.4136,4,STA,WIFI_DROP,
8.4136,13,STA,WIFI_DROP,
8.4136,15,STA,WIFI_DROP,
8.416,4,STA,WIFI_DROP,
8.416,13,STA,WIFI_DROP,
8.416,15,STA,WIFI_DROP,
8.4184,4,STA,WIFI_DROP,
8.4184,13,STA,WIFI_DROP,
8.4184,15,STA,WIFI_DROP,
8.4208,4,STA,WIFI_DROP,
8.4208,13,STA,WIFI_DROP,
8.4208,15,STA,WIFI_DROP,
8.4232,4,STA,WIFI_DROP,
8.4232,13,STA,WIFI_DROP,
8.4232,15,STA,WIFI_DROP,
8.4256,4,STA,WIFI_DROP,
8.4256,15,STA,WIFI_DROP,
8.428,4,STA,WIFI_DROP,
8.428,15,STA,WIFI_DROP,
8.4304,15,STA,WIFI_DROP,
8.4328,15,STA,WIFI_DROP,
8.4352,15,STA,WIFI_DROP,
8.4376,15,STA,WIFI_DROP,
8.44,15,STA,WIFI_DROP,
8.4424,15,STA,WIFI_DROP,
8.4448,15,STA,WIFI_DROP,
8.4472,15,STA,WIFI_DROP,
8.4496,15,STA,WIFI_DROP,
8.452,15,STA,WIFI_DROP,
8.4544,15,STA,WIFI_DROP,
8.4568,15,STA,WIFI_DROP,
8.4592,15,STA,WIFI_DROP,
8.4616,15,STA,WIFI_DROP,
8.464,15,STA,WIFI_DROP,
8.4664,15,STA,WIFI_DROP,
8.4688,15,STA,WIFI_DROP,
8.4712,15,STA,WIFI_DROP,
8.4736,15,STA,WIFI_DROP,
8.476,15,STA,WIFI_DROP,
8.4784,15,STA,WIFI_DROP,
8.4808,15,STA,WIFI_DROP,
8.4832,15,STA,WIFI_DROP,
8.4856,15,STA,WIFI_DROP,
8.488,15,STA,WIFI_DROP,
8.4904,15,STA,WIFI_DROP,
8.4928,15,STA,WIFI_DROP,
8.4952,15,STA,WIFI_DROP,
8.4976,15,STA,WIFI_DROP,
8.5,15,STA,WIFI_DROP,
8.5024,15,STA,WIFI_DROP,
8.5048,15,STA,WIFI_DROP,
8.5072,15,STA,WIFI_DROP,
8.5096,15,STA,WIFI_DROP,
8.512,15,STA,WIFI_DROP,
8.5144,15,STA,WIFI_DROP,
8.5168,15,STA,WIFI_DROP,
8.5192,15,STA,WIFI_DROP,
8.5216,15,STA,WIFI_DROP,
8.524,15,STA,WIFI_DROP,
8.5264,15,STA,WIFI_DROP,
8.5288,15,STA,WIFI_DROP,
8.5312,15,STA,WIFI_DROP,
8.5336,15,STA,WIFI_DROP,
8.536,15,STA,WIFI_DROP,
8.5384,15,STA,WIFI_DROP,
8.5408,15,STA,WIFI_DROP,
8.5432,15,STA,WIFI_DROP,
8.5456,15,STA,WIFI_DROP,
8.548,15,STA,WIFI_DROP,
8.5504,15,STA,WIFI_DROP,
8.5528,15,STA,WIFI_DROP,
8.5552,15,STA,WIFI_DROP,
8.5576,15,STA,WIFI_DROP,
8.56,15,STA,WIFI_DROP,
8.5624,15,STA,WIFI_DROP,
8.5648,15,STA,WIFI_DROP,
8.5672,15,STA,WIFI_DROP,
8.5696,15,STA,WIFI_DROP,
8.572,15,STA,WIFI_DROP,
8.5744,15,STA,WIFI_DROP,
8.5768,15,STA,WIFI_DROP,
8.5792,15,STA,WIFI_DROP,
8.5816,9,STA,WIFI_DROP,
8.5816,15,STA,WIFI_DROP,
8.584,9,STA,WIFI_DROP,
8.584,15,STA,WIFI_DROP,
8.5864,9,STA,WIFI_DROP,
8.5864,15,STA,WIFI_DROP,
8.5888,9,STA,WIFI_DROP,
8.5888,15,STA,WIFI_DROP,
8.5912,9,STA,WIFI_DROP,
8.5912,15,STA,WIFI_DROP,
8.5936,9,STA,WIFI_DROP,
8.5936,15,STA,WIFI_DROP,
8.596,9,STA,WIFI_DROP,
8.596,15,STA,WIFI_DROP,
8.5984,9,STA,WIFI_DROP,
8.5984,15,STA,WIFI_DROP,
8.6008,9,STA,WIFI_DROP,
8.6008,15,STA,WIFI_DROP,
8.6032,9,STA,WIFI_DROP,
8.6032,15,STA,WIFI_DROP,
8.6056,9,STA,WIFI_DROP,
8.6056,15,STA,WIFI_DROP,
8.608,9,STA,WIFI_DROP,
8.608,15,STA,WIFI_DROP,
8.6104,9,STA,WIFI_DROP,
8.6104,15,STA,WIFI_DROP,
8.6128,9,STA,WIFI_DROP,
8.6128,15,STA,WIFI_DROP,
8.6152,9,STA,WIFI_DROP,
8.6152,15,STA,WIFI_DROP,
8.6176,9,STA,WIFI_DROP,
8.6176,15,STA,WIFI_DROP,
8.62,9,STA,WIFI_DROP,
8.62,15,STA,WIFI_DROP,
8.6224,9,STA,WIFI_DROP,
8.6224,15,STA,WIFI_DROP,
8.6248,9,STA,WIFI_DROP,
8.6248,15,STA,WIFI_DROP,
8.6272,9,STA,WIFI_DROP,
8.6272,15,STA,WIFI_DROP,
8.6296,9,STA,WIFI_DROP,
8.6296,15,STA,WIFI_DROP,
8.632,9,STA,WIFI_DROP,
8.632,15,STA,WIFI_DROP,
8.6344,9,STA,WIFI_DROP,
8.6344,15,STA,WIFI_DROP,
8.6368,15,STA,WIFI_DROP,
8.6392,15,STA,WIFI_DROP,
8.6416,15,STA,WIFI_DROP,
8.644,15,STA,WIFI_DROP,
8.6464,15,STA,WIFI_DROP,
8.6488,15,STA,WIFI_DROP,
8.6512,15,STA,WIFI_DROP,
8.6536,15,STA,WIFI_DROP,
8.656,15,STA,WIFI_DROP,
8.6584,15,STA,WIFI_DROP,
8.6608,15,STA,WIFI_DROP,
8.6632,15,STA,WIFI_DROP,
8.6656,15,STA,WIFI_DROP,
8.668,15,STA,WIFI_DROP,
8.6704,15,STA,WIFI_DROP,
8.6728,15,STA,WIFI_DROP,
8.6752,15,STA,WIFI_DROP,
8.6776,15,STA,WIFI_DROP,
8.68,15,STA,WIFI_DROP,
8.6824,15,STA,WIFI_DROP,
8.6848,15,STA,WIFI_DROP,
8.6872,15,STA,WIFI_DROP,
8.6896,15,STA,WIFI_DROP,
8.692,15,STA,WIFI_DROP,
8.6944,15,STA,WIFI_DROP,
8.6968,15,STA,WIFI_DROP,
8.6992,15,STA,WIFI_DROP,
8.7016,15,STA,WIFI_DROP,
8.704,15,STA,WIFI_DROP,
8.7064,15,STA,WIFI_DROP,
8.7088,15,STA,WIFI_DROP,
8.7112,15,STA,WIFI_DROP,
8.7136,15,STA,WIFI_DROP,
8.716,15,STA,WIFI_DROP,
8.7184,15,STA,WIFI_DROP,
8.7208,15,STA,WIFI_DROP,
8.7232,15,STA,WIFI_DROP,
8.7256,15,STA,WIFI_DROP,
8.728,15,STA,WIFI_DROP,
8.7304,15,STA,WIFI_DROP,
8.7328,15,STA,WIFI_DROP,
8.7352,15,STA,WIFI_DROP,
8.7376,15,STA,WIFI_DROP,
8.74,15,STA,WIFI_DROP,
8.7424,15,STA,WIFI_DROP,
8.7448,15,STA,WIFI_DROP,
8.7472,15,STA,WIFI_DROP,
8.7496,15,STA,WIFI_DROP,
8.752,15,STA,WIFI_DROP,
8.7544,15,STA,WIFI_DROP,
8.7568,15,STA,WIFI_DROP,
8.7592,15,STA,WIFI_DROP,
8.7616,15,STA,WIFI_DROP,
8.764,15,STA,WIFI_DROP,
8.7664,15,STA,WIFI_DROP,
8.7688,15,STA,WIFI_DROP,
8.7712,15,STA,WIFI_DROP,
8.7736,15,STA,WIFI_DROP,
8.776,15,STA,WIFI_DROP,
8.7784,15,STA,WIFI_DROP,
8.7808,15,STA,WIFI_DROP,
8.7832,15,STA,WIFI_DROP,
8.7856,15,STA,WIFI_DROP,
8.788,15,STA,WIFI_DROP,
8.7904,15,STA,WIFI_DROP,
8.7928,15,STA,WIFI_DROP,
8.7952,15,STA,WIFI_DROP,
8.7976,15,STA,WIFI_DROP,
8.8,15,STA,WIFI_DROP,
8.8024,15,STA,WIFI_DROP,
8.8048,15,STA,WIFI_DROP,
8.8072,15,STA,WIFI_DROP,
8.8096,15,STA,WIFI_DROP,
8.812,15,STA,WIFI_DROP,
8.8144,15,STA,WIFI_DROP,
8.8168,15,STA,WIFI_DROP,
8.8192,15,STA,WIFI_DROP,
8.8216,15,STA,WIFI_DROP,
8.824,15,STA,WIFI_DROP,
8.8264,15,STA,WIFI_DROP,
8.8288,15,STA,WIFI_DROP,
8.8312,15,STA,WIFI_DROP,
8.8336,15,STA,WIFI_DROP,
8.836,15,STA,WIFI_DROP,
8.8384,15,STA,WIFI_DROP,
8.8408,15,STA,WIFI_DROP,
8.8432,15,STA,WIFI_DROP,
8.8456,15,STA,WIFI_DROP,
8.848,15,STA,WIFI_DROP,
8.8504,15,STA,WIFI_DROP,
8.8528,15,STA,WIFI_DROP,
8.8552,15,STA,WIFI_DROP,
8.8576,15,STA,WIFI_DROP,
8.86,15,STA,WIFI_DROP,
8.8624,15,STA,WIFI_DROP,
8.8648,15,STA,WIFI_DROP,
8.8672,15,STA,WIFI_DROP,
8.8696,15,STA,WIFI_DROP,
8.872,15,STA,WIFI_DROP,
8.8744,15,STA,WIFI_DROP,
8.8768,15,STA,WIFI_DROP,
8.8792,15,STA,WIFI_DROP,
8.8816,15,STA,WIFI_DROP,
8.884,15,STA,WIFI_DROP,
8.8864,15,STA,WIFI_DROP,
8.8888,15,STA,WIFI_DROP,
8.8912,15,STA,WIFI_DROP,
8.8936,15,STA,WIFI_DROP,
8.896,15,STA,WIFI_DROP,
8.8984,15,STA,WIFI_DROP,
8.9008,15,STA,WIFI_DROP,
8.9032,15,STA,WIFI_DROP,
8.9056,15,STA,WIFI_DROP,
8.908,15,STA,WIFI_DROP,
8.9104,15,STA,WIFI_DROP,
8.9128,15,STA,WIFI_DROP,
8.9152,15,STA,WIFI_DROP,
8.9392,15,STA,WIFI_DROP,
8.9416,15,STA,WIFI_DROP,
8.944,15,STA,WIFI_DROP,
8.9464,15,STA,WIFI_DROP,
8.9488,15,STA,WIFI_DROP,
8.9512,15,STA,WIFI_DROP,
8.9536,15,STA,WIFI_DROP,
8.956,15,STA,WIFI_DROP,
8.9584,15,STA,WIFI_DROP,
8.9608,15,STA,WIFI_DROP,
8.9632,15,STA,WIFI_DROP,
8.9656,15,STA,WIFI_DROP,
8.968,15,STA,WIFI_DROP,
8.9704,15,STA,WIFI_DROP,
8.9728,15,STA,WIFI_DROP,
8.9752,15,STA,WIFI_DROP,
8.9776,15,STA,WIFI_DROP,
8.98,15,STA,WIFI_DROP,
8.9824,15,STA,WIFI_DROP,
8.9848,15,STA,WIFI_DROP,
8.9872,15,STA,WIFI_DROP,
8.9896,15,STA,WIFI_DROP,
8.992,15,STA,WIFI_DROP,
8.9944,15,STA,WIFI_DROP,
8.9968,15,STA,WIFI_DROP,
8.9992,15,STA,WIFI_DROP,
9,6,STA,THROUGHPUT_MBPS,2.460000
9,8,STA,THROUGHPUT_MBPS,0.912000
9,9,STA,THROUGHPUT_MBPS,3.120000
9,10,STA,THROUGHPUT_MBPS,1.428000
9,13,STA,THROUGHPUT_MBPS,1.200000
9,14,STA,THROUGHPUT_MBPS,0.564000
9,16,STA,THROUGHPUT_MBPS,4.128000
9,17,STA,THROUGHPUT_MBPS,1.476000
9,18,STA,THROUGHPUT_MBPS,2.364000
9,20,STA,THROUGHPUT_MBPS,1.896000
9,1,AP,AGGREGATE_THROUGHPUT_MBPS,19.548000
9,1,AP,SENT_COUNT,8340.000000
9,1,AP,RECV_COUNT,1629.000000
9,1,AP,LATENCY_P95_MS,539.509878
9.0016,15,STA,WIFI_DROP,
9.004,15,STA,WIFI_DROP,
9.0064,15,STA,WIFI_DROP,
9.0088,15,STA,WIFI_DROP,
9.0112,15,STA,WIFI_DROP,
9.0136,15,STA,WIFI_DROP,
9.016,15,STA,WIFI_DROP,
9.0184,15,STA,WIFI_DROP,
9.0208,15,STA,WIFI_DROP,
9.0232,15,STA,WIFI_DROP,
9.0256,15,STA,WIFI_DROP,
9.028,15,STA,WIFI_DROP,
9.0304,15,STA,WIFI_DROP,
9.0328,15,STA,WIFI_DROP,
9.0352,15,STA,WIFI_DROP,
9.0376,15,STA,WIFI_DROP,
9.04,15,STA,WIFI_DROP,
9.0424,15,STA,WIFI_DROP,
9.0448,15,STA,WIFI_DROP,
9.0472,15,STA,WIFI_DROP,
9.0496,15,STA,WIFI_DROP,
9.052,15,STA,WIFI_DROP,
9.0544,15,STA,WIFI_DROP,
9.0568,15,STA,WIFI_DROP,
9.0592,15,STA,WIFI_DROP,
9.0616,15,STA,WIFI_DROP,
9.064,15,STA,WIFI_DROP,
9.0664,15,STA,WIFI_DROP,
9.0688,15,STA,WIFI_DROP,
9.0712,15,STA,WIFI_DROP,
9.0736,15,STA,WIFI_DROP,
9.076,15,STA,WIFI_DROP,
9.0784,15,STA,WIFI_DROP,
9.0808,15,STA,WIFI_DROP,
9.0832,15,STA,WIFI_DROP,
9.0856,15,STA,WIFI_DROP,
9.088,15,STA,WIFI_DROP,
9.0904,15,STA,WIFI_DROP,
9.0928,15,STA,WIFI_DROP,
9.0952,15,STA,WIFI_DROP,
9.0976,15,STA,WIFI_DROP,
9.1,15,STA,WIFI_DROP,
9.1024,15,STA,WIFI_DROP,
9.1048,15,STA,WIFI_DROP,
9.1072,15,STA,WIFI_DROP,
9.1096,15,STA,WIFI_DROP,
9.112,15,STA,WIFI_DROP,
9.1144,15,STA,WIFI_DROP,
9.1168,15,STA,WIFI_DROP,
9.1192,15,STA,WIFI_DROP,
9.1216,15,STA,WIFI_DROP,
9.124,15,STA,WIFI_DROP,
9.1264,15,STA,WIFI_DROP,
9.1288,15,STA,WIFI_DROP,
9.1312,15,STA,WIFI_DROP,
9.1336,15,STA,WIFI_DROP,
9.136,15,STA,WIFI_DROP,
9.1384,15,STA,WIFI_DROP,
9.1408,15,STA,WIFI_DROP,
9.1432,15,STA,WIFI_DROP,
9.1456,15,STA,WIFI_DROP,
9.148,15,STA,WIFI_DROP,
9.1504,15,STA,WIFI_DROP,
9.1528,15,STA,WIFI_DROP,
9.1552,15,STA,WIFI_DROP,
9.1576,15,STA,WIFI_DROP,
9.16,15,STA,WIFI_DROP,
9.1624,15,STA,WIFI_DROP,
9.1648,15,STA,WIFI_DROP,
9.1672,15,STA,WIFI_DROP,
9.1696,15,STA,WIFI_DROP,
9.172,15,STA,WIFI_DROP,
9.1744,15,STA,WIFI_DROP,
9.1768,15,STA,WIFI_DROP,
9.1792,15,STA,WIFI_DROP,
9.1816,15,STA,WIFI_DROP,
9.184,15,STA,WIFI_DROP,
9.1864,15,STA,WIFI_DROP,
9.1888,15,STA,WIFI_DROP,
9.1912,15,STA,WIFI_DROP,
9.1936,15,STA,WIFI_DROP,
9.196,11,STA,WIFI_DROP,
9.196,15,STA,WIFI_DROP,
9.196,19,STA,WIFI_DROP,
9.1984,11,STA,WIFI_DROP,
9.1984,15,STA,WIFI_DROP,
9.1984,19,STA,WIFI_DROP,
9.2008,11,STA,WIFI_DROP,
9.2008,15,STA,WIFI_DROP,
9.2008,19,STA,WIFI_DROP,
9.2032,11,STA,WIFI_DROP,
9.2032,15,STA,WIFI_DROP,
9.2032,19,STA,WIFI_DROP,
9.2056,11,STA,WIFI_DROP,
9.2056,15,STA,WIFI_DROP,
9.2056,19,STA,WIFI_DROP,
9.208,11,STA,WIFI_DROP,
9.208,15,STA,WIFI_DROP,
9.208,19,STA,WIFI_DROP,
9.2104,11,STA,WIFI_DROP,
9.2104,15,STA,WIFI_DROP,
9.2104,19,STA,WIFI_DROP,
9.2128,11,STA,WIFI_DROP,
9.2128,15,STA,WIFI_DROP,
9.2128,19,STA,WIFI_DROP,
9.2152,11,STA,WIFI_DROP,
9.2152,15,STA,WIFI_DROP,
9.2152,19,STA,WIFI_DROP,
9.2176,11,STA,WIFI_DROP,
9.2176,15,STA,WIFI_DROP,
9.2176,19,STA,WIFI_DROP,
9.22,11,STA,WIFI_DROP,
9.22,15,STA,WIFI_DROP,
9.22,19,STA,WIFI_DROP,
9.2224,11,STA,WIFI_DROP,
9.2224,15,STA,WIFI_DROP,
9.2224,19,STA,WIFI_DROP,
9.2248,11,STA,WIFI_DROP,
9.2248,15,STA,WIFI_DROP,
9.2248,19,STA,WIFI_DROP,
9.2272,11,STA,WIFI_DROP,
9.2272,15,STA,WIFI_DROP,
9.2272,19,STA,WIFI_DROP,
9.2296,11,STA,WIFI_DROP,
9.2296,15,STA,WIFI_DROP,
9.2296,19,STA,WIFI_DROP,
9.232,11,STA,WIFI_DROP,
9.232,15,STA,WIFI_DROP,
9.232,19,STA,WIFI_DROP,
9.2344,11,STA,WIFI_DROP,
9.2344,15,STA,WIFI_DROP,
9.2344,19,STA,WIFI_DROP,
9.2368,11,STA,WIFI_DROP,
9.2368,15,STA,WIFI_DROP,
9.2368,19,STA,WIFI_DROP,
9.2392,11,STA,WIFI_DROP,
9.2392,15,STA,WIFI_DROP,
9.2392,19,STA,WIFI_DROP,
9.2416,11,STA,WIFI_DROP,
9.2416,19,STA,WIFI_DROP,
9.244,11,STA,WIFI_DROP,
9.244,19,STA,WIFI_DROP,
9.2464,11,STA,WIFI_DROP,
9.2464,19,STA,WIFI_DROP,
9.2488,19,STA,WIFI_DROP,
9.2512,19,STA,WIFI_DROP,
9.2536,19,STA,WIFI_DROP,
9.256,19,STA,WIFI_DROP,
9.2584,19,STA,WIFI_DROP,
9.2608,19,STA,WIFI_DROP,
9.2632,19,STA,WIFI_DROP,
9.2656,19,STA,WIFI_DROP,
9.268,19,STA,WIFI_DROP,
9.2704,19,STA,WIFI_DROP,
9.2728,19,STA,WIFI_DROP,
9.2752,19,STA,WIFI_DROP,
9.2776,19,STA,WIFI_DROP,
9.28,19,STA,WIFI_DROP,
9.2824,19,STA,WIFI_DROP,
9.2848,19,STA,WIFI_DROP,
9.2872,19,STA,WIFI_DROP,
9.2896,19,STA,WIFI_DROP,
9.292,19,STA,WIFI_DROP,
9.2944,19,STA,WIFI_DROP,
9.2968,19,STA,WIFI_DROP,
9.2992,19,STA,WIFI_DROP,
9.3016,19,STA,WIFI_DROP,
9.304,19,STA,WIFI_DROP,
9.3064,19,STA,WIFI_DROP,
9.3088,19,STA,WIFI_DROP,
9.3112,19,STA,WIFI_DROP,
9.3136,19,STA,WIFI_DROP,
9.316,19,STA,WIFI_DROP,
9.3184,19,STA,WIFI_DROP,
9.3208,19,STA,WIFI_DROP,
9.3232,19,STA,WIFI_DROP,
9.3256,19,STA,WIFI_DROP,
9.328,19,STA,WIFI_DROP,
9.3304,19,STA,WIFI_DROP,
9.3328,19,STA,WIFI_DROP,
9.3352,19,STA,WIFI_DROP,
9.3376,19,STA,WIFI_DROP,
9.34,19,STA,WIFI_DROP,
9.3424,19,STA,WIFI_DROP,
9.3448,19,STA,WIFI_DROP,
9.3472,19,STA,WIFI_DROP,
9.3496,19,STA,WIFI_DROP,
9.352,19,STA,WIFI_DROP,
9.3544,19,STA,WIFI_DROP,
9.3568,19,STA,WIFI_DROP,
9.3592,19,STA,WIFI_DROP,
9.3616,19,STA,WIFI_DROP,
9.364,19,STA,WIFI_DROP,
9.3664,19,STA,WIFI_DROP,
9.3688,19,STA,WIFI_DROP,
9.3712,19,STA,WIFI_DROP,
9.3736,19,STA,WIFI_DROP,
9.376,19,STA,WIFI_DROP,
9.3784,19,STA,WIFI_DROP,
9.3808,19,STA,WIFI_DROP,
9.3832,19,STA,WIFI_DROP,
9.3856,19,STA,WIFI_DROP,
9.388,19,STA,WIFI_DROP,
9.3904,19,STA,WIFI_DROP,
9.3928,19,STA,WIFI_DROP,
9.3952,19,STA,WIFI_DROP,
9.3976,19,STA,WIFI_DROP,
9.4,19,STA,WIFI_DROP,
9.4024,19,STA,WIFI_DROP,
9.4048,19,STA,WIFI_DROP,
9.4072,19,STA,WIFI_DROP,
9.4096,19,STA,WIFI_DROP,
9.412,19,STA,WIFI_DROP,
9.4144,19,STA,WIFI_DROP,
9.4168,19,STA,WIFI_DROP,
9.4192,19,STA,WIFI_DROP,
9.4216,19,STA,WIFI_DROP,
9.424,19,STA,WIFI_DROP,
9.4264,19,STA,WIFI_DROP,
9.4288,19,STA,WIFI_DROP,
9.4312,19,STA,WIFI_DROP,
9.4336,19,STA,WIFI_DROP,
9.436,19,STA,WIFI_DROP,
9.4384,19,STA,WIFI_DROP,
9.4408,19,STA,WIFI_DROP,
9.4432,19,STA,WIFI_DROP,
9.4456,19,STA,WIFI_DROP,
9.448,19,STA,WIFI_DROP,
9.4504,19,STA,WIFI_DROP,
9.4528,19,STA,WIFI_DROP,
9.4552,19,STA,WIFI_DROP,
9.4576,19,STA,WIFI_DROP,
9.46,19,STA,WIFI_DROP,
9.4624,19,STA,WIFI_DROP,
9.4648,19,STA,WIFI_DROP,
9.4672,19,STA,WIFI_DROP,
9.4696,19,STA,WIFI_DROP,
9.472,19,STA,WIFI_DROP,
9.4744,19,STA,WIFI_DROP,
9.4768,19,STA,WIFI_DROP,
9.4792,19,STA,WIFI_DROP,
9.4816,19,STA,WIFI_DROP,
9.484,19,STA,WIFI_DROP,
9.4864,19,STA,WIFI_DROP,
9.4888,19,STA,WIFI_DROP,
9.4912,19,STA,WIFI_DROP,
9.4936,19,STA,WIFI_DROP,
9.496,19,STA,WIFI_DROP,
9.4984,19,STA,WIFI_DROP,
9.5008,19,STA,WIFI_DROP,
9.5032,19,STA,WIFI_DROP,
9.5056,19,STA,WIFI_DROP,
9.508,19,STA,WIFI_DROP,
9.5104,19,STA,WIFI_DROP,
9.5128,19,STA,WIFI_DROP,
9.5152,19,STA,WIFI_DROP,
9.5176,19,STA,WIFI_DROP,
9.52,19,STA,WIFI_DROP,
9.5224,19,STA,WIFI_DROP,
9.5248,19,STA,WIFI_DROP,
9.5272,19,STA,WIFI_DROP,
9.5296,19,STA,WIFI_DROP,
9.532,19,STA,WIFI_DROP,
9.5344,19,STA,WIFI_DROP,
9.5368,19,STA,WIFI_DROP,
9.5392,19,STA,WIFI_DROP,
9.5416,19,STA,WIFI_DROP,
9.544,19,STA,WIFI_DROP,
9.5464,19,STA,WIFI_DROP,
9.604,2,STA,WIFI_DROP,
9.604,4,STA,WIFI_DROP,
9.6064,2,STA,WIFI_DROP,
9.6064,4,STA,WIFI_DROP,
9.6088,2,STA,WIFI_DROP,
9.6088,4,STA,WIFI_DROP,
9.6112,2,STA,WIFI_DROP,
9.6112,4,STA,WIFI_DROP,
9.6136,2,STA,WIFI_DROP,
9.6136,4,STA,WIFI_DROP,
9.616,2,STA,WIFI_DROP,
9.616,4,STA,WIFI_DROP,
9.6184,2,STA,WIFI_DROP,
9.6184,4,STA,WIFI_DROP,
9.6208,2,STA,WIFI_DROP,
9.6208,4,STA,WIFI_DROP,
9.6232,2,STA,WIFI_DROP,
9.6232,4,STA,WIFI_DROP,
9.6256,2,STA,WIFI_DROP,
9.6256,4,STA,WIFI_DROP,
9.628,2,STA,WIFI_DROP,
9.628,4,STA,WIFI_DROP,
9.6304,2,STA,WIFI_DROP,
9.6304,4,STA,WIFI_DROP,
9.6328,2,STA,WIFI_DROP,
9.6328,4,STA,WIFI_DROP,
9.6352,2,STA,WIFI_DROP,
9.6352,4,STA,WIFI_DROP,
9.6376,2,STA,WIFI_DROP,
9.6376,4,STA,WIFI_DROP,
9.64,2,STA,WIFI_DROP,
9.64,4,STA,WIFI_DROP,
9.6424,2,STA,WIFI_DROP,
9.6424,4,STA,WIFI_DROP,
9.6448,2,STA,WIFI_DROP,
9.6448,4,STA,WIFI_DROP,
9.6472,2,STA,WIFI_DROP,
9.6472,4,STA,WIFI_DROP,
9.6496,2,STA,WIFI_DROP,
9.6496,4,STA,WIFI_DROP,
9.652,2,STA,WIFI_DROP,
9.652,4,STA,WIFI_DROP,
9.6544,2,STA,WIFI_DROP,
9.6544,4,STA,WIFI_DROP,
9.6568,2,STA,WIFI_DROP,
9.6568,4,STA,WIFI_DROP,
9.6592,2,STA,WIFI_DROP,
9.6616,2,STA,WIFI_DROP,
9.664,2,STA,WIFI_DROP,
9.6664,2,STA,WIFI_DROP,
9.6688,2,STA,WIFI_DROP,
9.6712,2,STA,WIFI_DROP,
9.6736,2,STA,WIFI_DROP,
9.676,2,STA,WIFI_DROP,
9.6784,2,STA,WIFI_DROP,
9.6808,2,STA,WIFI_DROP,
9.6832,2,STA,WIFI_DROP,
9.6856,2,STA,WIFI_DROP,
9.688,2,STA,WIFI_DROP,
9.6904,2,STA,WIFI_DROP,
9.6928,2,STA,WIFI_DROP,
9.6952,2,STA,WIFI_DROP,
9.6976,2,STA,WIFI_DROP,
9.7,2,STA,WIFI_DROP,
9.7024,2,STA,WIFI_DROP,
9.7048,2,STA,WIFI_DROP,
9.7072,2,STA,WIFI_DROP,
9.7072,14,STA,WIFI_DROP,
9.7096,2,STA,WIFI_DROP,
9.7096,14,STA,WIFI_DROP,
9.712,2,STA,WIFI_DROP,
9.712,14,STA,WIFI_DROP,
9.7144,2,STA,WIFI_DROP,
9.7144,14,STA,WIFI_DROP,
9.7168,2,STA,WIFI_DROP,
9.7168,14,STA,WIFI_DROP,
9.7192,2,STA,WIFI_DROP,
9.7192,14,STA,WIFI_DROP,
9.7216,2,STA,WIFI_DROP,
9.7216,14,STA,WIFI_DROP,
9.724,2,STA,WIFI_DROP,
9.724,14,STA,WIFI_DROP,
9.7264,2,STA,WIFI_DROP,
9.7264,14,STA,WIFI_DROP,
9.7288,2,STA,WIFI_DROP,
9.7288,14,STA,WIFI_DROP,
9.7312,2,STA,WIFI_DROP,
9.7312,14,STA,WIFI_DROP,
9.7336,2,STA,WIFI_DROP,
9.7336,14,STA,WIFI_DROP,
9.736,2,STA,WIFI_DROP,
9.736,14,STA,WIFI_DROP,
9.7384,2,STA,WIFI_DROP,
9.7384,14,STA,WIFI_DROP,
9.7408,2,STA,WIFI_DROP,
9.7408,14,STA,WIFI_DROP,
9.7432,2,STA,WIFI_DROP,
9.7432,14,STA,WIFI_DROP,
9.7456,2,STA,WIFI_DROP,
9.7456,14,STA,WIFI_DROP,
9.748,2,STA,WIFI_DROP,
9.748,14,STA,WIFI_DROP,
9.7504,2,STA,WIFI_DROP,
9.7504,14,STA,WIFI_DROP,
9.7528,2,STA,WIFI_DROP,
9.7528,14,STA,WIFI_DROP,
9.7552,2,STA,WIFI_DROP,
9.7552,14,STA,WIFI_DROP,
9.7576,2,STA,WIFI_DROP,
9.7576,14,STA,WIFI_DROP,
9.76,2,STA,WIFI_DROP,
9.76,14,STA,WIFI_DROP,
9.7624,2,STA,WIFI_DROP,
9.7624,14,STA,WIFI_DROP,
9.7648,2,STA,WIFI_DROP,
9.7648,14,STA,WIFI_DROP,
9.7672,2,STA,WIFI_DROP,
9.7672,14,STA,WIFI_DROP,
9.7696,2,STA,WIFI_DROP,
9.7696,14,STA,WIFI_DROP,
9.772,2,STA,WIFI_DROP,
9.772,14,STA,WIFI_DROP,
9.7744,2,STA,WIFI_DROP,
9.7744,14,STA,WIFI_DROP,
9.7768,2,STA,WIFI_DROP,
9.7768,14,STA,WIFI_DROP,
9.7792,2,STA,WIFI_DROP,
9.7792,14,STA,WIFI_DROP,
9.7816,2,STA,WIFI_DROP,
9.7816,14,STA,WIFI_DROP,
9.784,2,STA,WIFI_DROP,
9.784,14,STA,WIFI_DROP,
9.7864,2,STA,WIFI_DROP,
9.7864,14,STA,WIFI_DROP,
9.7888,2,STA,WIFI_DROP,
9.7888,14,STA,WIFI_DROP,
9.7912,2,STA,WIFI_DROP,
9.7912,14,STA,WIFI_DROP,
9.7936,2,STA,WIFI_DROP,
9.7936,14,STA,WIFI_DROP,
9.796,2,STA,WIFI_DROP,
9.796,14,STA,WIFI_DROP,
9.7984,2,STA,WIFI_DROP,
9.7984,14,STA,WIFI_DROP,
9.8008,2,STA,WIFI_DROP,
9.8008,14,STA,WIFI_DROP,
9.8032,2,STA,WIFI_DROP,
9.8032,14,STA,WIFI_DROP,
9.8056,2,STA,WIFI_DROP,
9.8056,14,STA,WIFI_DROP,
9.808,2,STA,WIFI_DROP,
9.808,14,STA,WIFI_DROP,
9.8104,2,STA,WIFI_DROP,
9.8104,14,STA,WIFI_DROP,
9.8128,2,STA,WIFI_DROP,
9.8128,14,STA,WIFI_DROP,
9.8152,2,STA,WIFI_DROP,
9.8152,14,STA,WIFI_DROP,
9.8176,2,STA,WIFI_DROP,
9.8176,14,STA,WIFI_DROP,
9.82,2,STA,WIFI_DROP,
9.82,14,STA,WIFI_DROP,
9.8224,2,STA,WIFI_DROP,
9.8224,14,STA,WIFI_DROP,
9.8248,2,STA,WIFI_DROP,
9.8248,14,STA,WIFI_DROP,
9.8272,2,STA,WIFI_DROP,
9.8272,14,STA,WIFI_DROP,
9.8296,2,STA,WIFI_DROP,
9.8296,14,STA,WIFI_DROP,
9.832,2,STA,WIFI_DROP,
9.832,14,STA,WIFI_DROP,
9.8344,2,STA,WIFI_DROP,
9.8344,14,STA,WIFI_DROP,
9.8368,2,STA,WIFI_DROP,
9.8368,14,STA,WIFI_DROP,
9.8392,2,STA,WIFI_DROP,
9.8392,14,STA,WIFI_DROP,
9.8416,2,STA,WIFI_DROP,
9.8416,14,STA,WIFI_DROP,
9.844,2,STA,WIFI_DROP,
9.844,14,STA,WIFI_DROP,
9.8464,2,STA,WIFI_DROP,
9.8464,14,STA,WIFI_DROP,
9.8488,2,STA,WIFI_DROP,
9.8488,14,STA,WIFI_DROP,
9.8512,2,STA,WIFI_DROP,
9.8512,14,STA,WIFI_DROP,
9.8536,2,STA,WIFI_DROP,
9.8536,14,STA,WIFI_DROP,
9.856,2,STA,WIFI_DROP,
9.856,14,STA,WIFI_DROP,
9.8584,2,STA,WIFI_DROP,
9.8584,14,STA,WIFI_DROP,
9.8608,2,STA,WIFI_DROP,
9.8608,14,STA,WIFI_DROP,
9.8632,2,STA,WIFI_DROP,
9.8632,14,STA,WIFI_DROP,
9.8656,2,STA,WIFI_DROP,
9.8656,14,STA,WIFI_DROP,
9.868,2,STA,WIFI_DROP,
9.868,14,STA,WIFI_DROP,
9.8704,2,STA,WIFI_DROP,
9.8704,14,STA,WIFI_DROP,
9.8728,2,STA,WIFI_DROP,
9.8728,14,STA,WIFI_DROP,
9.8752,2,STA,WIFI_DROP,
9.8752,14,STA,WIFI_DROP,
9.8776,2,STA,WIFI_DROP,
9.8776,14,STA,WIFI_DROP,
9.88,2,STA,WIFI_DROP,
9.88,14,STA,WIFI_DROP,
9.8824,2,STA,WIFI_DROP,
9.8824,14,STA,WIFI_DROP,
9.8848,2,STA,WIFI_DROP,
9.8848,14,STA,WIFI_DROP,
9.8872,2,STA,WIFI_DROP,
9.8872,14,STA,WIFI_DROP,
9.8896,2,STA,WIFI_DROP,
9.8896,14,STA,WIFI_DROP,
9.892,2,STA,WIFI_DROP,
9.892,14,STA,WIFI_DROP,
9.8944,2,STA,WIFI_DROP,
9.8944,14,STA,WIFI_DROP,
9.8968,2,STA,WIFI_DROP,
9.8968,14,STA,WIFI_DROP,
9.8992,2,STA,WIFI_DROP,
9.8992,14,STA,WIFI_DROP,
9.9016,2,STA,WIFI_DROP,
9.9016,14,STA,WIFI_DROP,
9.904,2,STA,WIFI_DROP,
9.904,14,STA,WIFI_DROP,
9.9064,2,STA,WIFI_DROP,
9.9064,14,STA,WIFI_DROP,
9.9088,2,STA,WIFI_DROP,
9.9088,14,STA,WIFI_DROP,
9.9112,2,STA,WIFI_DROP,
9.9112,14,STA,WIFI_DROP,
9.9136,2,STA,WIFI_DROP,
9.9136,14,STA,WIFI_DROP,
9.916,2,STA,WIFI_DROP,
9.916,14,STA,WIFI_DROP,
9.9184,2,STA,WIFI_DROP,
9.9184,14,STA,WIFI_DROP,
9.9208,2,STA,WIFI_DROP,
9.9208,14,STA,WIFI_DROP,
9.9232,2,STA,WIFI_DROP,
9.9232,14,STA,WIFI_DROP,
9.9256,2,STA,WIFI_DROP,
9.9256,14,STA,WIFI_DROP,
9.928,2,STA,WIFI_DROP,
9.928,14,STA,WIFI_DROP,
9.9304,2,STA,WIFI_DROP,
9.9304,14,STA,WIFI_DROP,
9.9328,2,STA,WIFI_DROP,
9.9328,14,STA,WIFI_DROP,
9.9352,2,STA,WIFI_DROP,
9.9352,14,STA,WIFI_DROP,
9.9376,2,STA,WIFI_DROP,
9.9376,14,STA,WIFI_DROP,
9.94,2,STA,WIFI_DROP,
9.94,14,STA,WIFI_DROP,
9.9424,2,STA,WIFI_DROP,
9.9424,14,STA,WIFI_DROP,
9.9448,2,STA,WIFI_DROP,
9.9448,14,STA,WIFI_DROP,
9.9472,2,STA,WIFI_DROP,
9.9472,14,STA,WIFI_DROP,
9.9496,2,STA,WIFI_DROP,
9.9496,14,STA,WIFI_DROP,
9.952,2,STA,WIFI_DROP,
9.952,14,STA,WIFI_DROP,
9.9544,2,STA,WIFI_DROP,
9.9544,14,STA,WIFI_DROP,
9.9568,2,STA,WIFI_DROP,
9.9568,14,STA,WIFI_DROP,
9.9592,2,STA,WIFI_DROP,
9.9616,2,STA,WIFI_DROP,
9.964,2,STA,WIFI_DROP,
10,4,STA,THROUGHPUT_MBPS,0.660000
10,6,STA,THROUGHPUT_MBPS,2.088000
10,8,STA,THROUGHPUT_MBPS,2.772000
10,9,STA,THROUGHPUT_MBPS,0.792000
10,10,STA,THROUGHPUT_MBPS,0.660000
10,13,STA,THROUGHPUT_MBPS,2.988000
10,14,STA,THROUGHPUT_MBPS,0.780000
10,15,STA,THROUGHPUT_MBPS,1.008000
10,16,STA,THROUGHPUT_MBPS,0.708000
10,17,STA,THROUGHPUT_MBPS,2.148000
10,18,STA,THROUGHPUT_MBPS,1.764000
10,20,STA,THROUGHPUT_MBPS,1.128000
10,1,AP,AGGREGATE_THROUGHPUT_MBPS,17.496000
10,1,AP,SENT_COUNT,8320.000000
10,1,AP,RECV_COUNT,1458.000000
10,1,AP,LATENCY_P95_MS,540.008830
10.2184,18,STA,WIFI_DROP,
10.2208,18,STA,WIFI_DROP,
10.2232,18,STA,WIFI_DROP,
10.2256,18,STA,WIFI_DROP,
10.228,18,STA,WIFI_DROP,
10.2304,18,STA,WIFI_DROP,
10.2328,18,STA,WIFI_DROP,
10.2352,18,STA,WIFI_DROP,
10.2376,18,STA,WIFI_DROP,
10.24,18,STA,WIFI_DROP,
10.2424,18,STA,WIFI_DROP,
10.2448,18,STA,WIFI_DROP,
10.2472,18,STA,WIFI_DROP,
10.2496,18,STA,WIFI_DROP,
10.252,18,STA,WIFI_DROP,
10.2544,18,STA,WIFI_DROP,
10.2568,18,STA,WIFI_DROP,
10.2592,18,STA,WIFI_DROP,
10.2616,18,STA,WIFI_DROP,
10.264,18,STA,WIFI_DROP,
10.2664,18,STA,WIFI_DROP,
10.2688,18,STA,WIFI_DROP,
10.2712,18,STA,WIFI_DROP,
10.2736,18,STA,WIFI_DROP,
10.276,18,STA,WIFI_DROP,
10.2784,18,STA,WIFI_DROP,
10.2808,18,STA,WIFI_DROP,
10.2832,18,STA,WIFI_DROP,
10.2856,18,STA,WIFI_DROP,
10.288,18,STA,WIFI_DROP,
10.2904,18,STA,WIFI_DROP,
10.2928,18,STA,WIFI_DROP,
10.2952,18,STA,WIFI_DROP,
10.2976,18,STA,WIFI_DROP,
10.3,18,STA,WIFI_DROP,
10.3024,18,STA,WIFI_DROP,
10.3048,18,STA,WIFI_DROP,
10.3072,18,STA,WIFI_DROP,
10.3096,18,STA,WIFI_DROP,
10.312,18,STA,WIFI_DROP,
10.3144,18,STA,WIFI_DROP,
10.3168,18,STA,WIFI_DROP,
10.3192,18,STA,WIFI_DROP,
10.3216,18,STA,WIFI_DROP,
10.324,18,STA,WIFI_DROP,
10.3264,18,STA,WIFI_DROP,
10.3288,18,STA,WIFI_DROP,
10.3312,18,STA,WIFI_DROP,
10.3336,18,STA,WIFI_DROP,
10.336,18,STA,WIFI_DROP,
10.3384,18,STA,WIFI_DROP,
10.3408,18,STA,WIFI_DROP,
10.3432,18,STA,WIFI_DROP,
10.3456,18,STA,WIFI_DROP,
10.348,18,STA,WIFI_DROP,
10.3504,18,STA,WIFI_DROP,
10.3528,18,STA,WIFI_DROP,
10.3552,18,STA,WIFI_DROP,
10.3576,18,STA,WIFI_DROP,
10.36,18,STA,WIFI_DROP,
10.3624,18,STA,WIFI_DROP,
10.3648,18,STA,WIFI_DROP,
10.3672,18,STA,WIFI_DROP,
10.3696,18,STA,WIFI_DROP,
10.372,18,STA,WIFI_DROP,
10.3744,18,STA,WIFI_DROP,
10.3768,18,STA,WIFI_DROP,
10.3792,18,STA,WIFI_DROP,
10.3816,18,STA,WIFI_DROP,
10.384,18,STA,WIFI_DROP,
10.3864,18,STA,WIFI_DROP,
10.3888,18,STA,WIFI_DROP,
10.3912,18,STA,WIFI_DROP,
10.3936,18,STA,WIFI_DROP,
10.396,18,STA,WIFI_DROP,
10.3984,18,STA,WIFI_DROP,
10.4008,18,STA,WIFI_DROP,
10.4032,18,STA,WIFI_DROP,
10.4056,18,STA,WIFI_DROP,
10.408,18,STA,WIFI_DROP,
10.4104,18,STA,WIFI_DROP,
10.4128,18,STA,WIFI_DROP,
10.4152,18,STA,WIFI_DROP,
10.4176,18,STA,WIFI_DROP,
10.42,18,STA,WIFI_DROP,
10.4224,18,STA,WIFI_DROP,
10.4248,18,STA,WIFI_DROP,
10.4272,18,STA,WIFI_DROP,
10.4296,18,STA,WIFI_DROP,
10.432,18,STA,WIFI_DROP,
10.4344,18,STA,WIFI_DROP,
10.4368,18,STA,WIFI_DROP,
10.4392,18,STA,WIFI_DROP,
10.4416,18,STA,WIFI_DROP,
10.444,18,STA,WIFI_DROP,
10.4464,18,STA,WIFI_DROP,
10.4488,18,STA,WIFI_DROP,
10.4512,18,STA,WIFI_DROP,
10.4536,18,STA,WIFI_DROP,
10.456,18,STA,WIFI_DROP,
10.4584,18,STA,WIFI_DROP,
10.4608,18,STA,WIFI_DROP,
10.4632,18,STA,WIFI_DROP,
10.4656,18,STA,WIFI_DROP,
10.468,18,STA,WIFI_DROP,
10.4704,18,STA,WIFI_DROP,
10.4728,18,STA,WIFI_DROP,
10.4752,18,STA,WIFI_DROP,
10.4776,18,STA,WIFI_DROP,
10.48,18,STA,WIFI_DROP,
10.4824,18,STA,WIFI_DROP,
10.4848,18,STA,WIFI_DROP,
10.4872,18,STA,WIFI_DROP,
10.4896,18,STA,WIFI_DROP,
10.492,18,STA,WIFI_DROP,
10.4944,18,STA,WIFI_DROP,
10.4968,18,STA,WIFI_DROP,
10.4992,18,STA,WIFI_DROP,
10.5016,18,STA,WIFI_DROP,
10.504,18,STA,WIFI_DROP,
10.5064,18,STA,WIFI_DROP,
10.5088,18,STA,WIFI_DROP,
10.5112,18,STA,WIFI_DROP,
10.5136,18,STA,WIFI_DROP,
10.516,18,STA,WIFI_DROP,
10.5184,18,STA,WIFI_DROP,
10.5208,18,STA,WIFI_DROP,
10.5232,18,STA,WIFI_DROP,
10.5256,18,STA,WIFI_DROP,
10.528,18,STA,WIFI_DROP,
10.5304,18,STA,WIFI_DROP,
10.5328,18,STA,WIFI_DROP,
10.5352,18,STA,WIFI_DROP,
10.5376,18,STA,WIFI_DROP,
10.54,18,STA,WIFI_DROP,
10.5424,18,STA,WIFI_DROP,
10.5448,18,STA,WIFI_DROP,
10.5472,18,STA,WIFI_DROP,
10.5496,18,STA,WIFI_DROP,
10.552,18,STA,WIFI_DROP,
10.5544,18,STA,WIFI_DROP,
10.5568,18,STA,WIFI_DROP,
10.5592,18,STA,WIFI_DROP,
10.5616,18,STA,WIFI_DROP,
10.564,18,STA,WIFI_DROP,
10.5664,18,STA,WIFI_DROP,
10.5688,18,STA,WIFI_DROP,
10.5712,18,STA,WIFI_DROP,
10.5736,18,STA,WIFI_DROP,
10.576,18,STA,WIFI_DROP,
10.5784,18,STA,WIFI_DROP,
10.5808,18,STA,WIFI_DROP,
10.5832,18,STA,WIFI_DROP,
10.5856,18,STA,WIFI_DROP,
10.588,18,STA,WIFI_DROP,
10.5904,18,STA,WIFI_DROP,
10.5928,18,STA,WIFI_DROP,
10.5952,18,STA,WIFI_DROP,
10.5976,18,STA,WIFI_DROP,
10.6,18,STA,WIFI_DROP,
10.6024,18,STA,WIFI_DROP,
10.6048,18,STA,WIFI_DROP,
10.6072,18,STA,WIFI_DROP,
10.6096,18,STA,WIFI_DROP,
10.612,18,STA,WIFI_DROP,
10.6144,18,STA,WIFI_DROP,
10.6168,18,STA,WIFI_DROP,
10.6192,18,STA,WIFI_DROP,
10.6216,18,STA,WIFI_DROP,
10.624,18,STA,WIFI_DROP,
10.6264,18,STA,WIFI_DROP,
10.6288,18,STA,WIFI_DROP,
10.6312,18,STA,WIFI_DROP,
10.6336,18,STA,WIFI_DROP,
10.636,18,STA,WIFI_DROP,
10.6384,18,STA,WIFI_DROP,
10.6408,18,STA,WIFI_DROP,
10.6432,18,STA,WIFI_DROP,
10.6456,18,STA,WIFI_DROP,
10.648,18,STA,WIFI_DROP,
10.6504,18,STA,WIFI_DROP,
10.6528,18,STA,WIFI_DROP,
10.6552,18,STA,WIFI_DROP,
10.6576,18,STA,WIFI_DROP,
10.66,18,STA,WIFI_DROP,
10.6624,18,STA,WIFI_DROP,
10.6648,18,STA,WIFI_DROP,
10.6672,18,STA,WIFI_DROP,
10.6696,18,STA,WIFI_DROP,
10.672,18,STA,WIFI_DROP,
10.6744,18,STA,WIFI_DROP,
10.6768,18,STA,WIFI_DROP,
10.6792,18,STA,WIFI_DROP,
10.6816,18,STA,WIFI_DROP,
10.684,18,STA,WIFI_DROP,
10.6864,18,STA,WIFI_DROP,
10.6888,18,STA,WIFI_DROP,
10.6912,18,STA,WIFI_DROP,
10.6936,18,STA,WIFI_DROP,
10.696,18,STA,WIFI_DROP,
10.6984,18,STA,WIFI_DROP,
10.7008,18,STA,WIFI_DROP,
10.7032,18,STA,WIFI_DROP,
10.7056,18,STA,WIFI_DROP,
10.708,18,STA,WIFI_DROP,
10.7104,18,STA,WIFI_DROP,
10.7128,18,STA,WIFI_DROP,
10.7152,18,STA,WIFI_DROP,
10.7176,18,STA,WIFI_DROP,
10.72,18,STA,WIFI_DROP,
10.7224,18,STA,WIFI_DROP,
10.7248,18,STA,WIFI_DROP,
10.7272,18,STA,WIFI_DROP,
10.7296,18,STA,WIFI_DROP,
10.732,18,STA,WIFI_DROP,
10.7344,18,STA,WIFI_DROP,
10.7368,18,STA,WIFI_DROP,
10.7392,18,STA,WIFI_DROP,
10.7416,18,STA,WIFI_DROP,
10.744,18,STA,WIFI_DROP,
10.7464,18,STA,WIFI_DROP,
10.7488,18,STA,WIFI_DROP,
10.7512,18,STA,WIFI_DROP,
10.7536,18,STA,WIFI_DROP,
10.756,18,STA,WIFI_DROP,
10.7584,18,STA,WIFI_DROP,
10.7608,18,STA,WIFI_DROP,
10.7632,18,STA,WIFI_DROP,
10.7656,18,STA,WIFI_DROP,
10.768,18,STA,WIFI_DROP,
10.7704,18,STA,WIFI_DROP,
10.7728,18,STA,WIFI_DROP,
10.7752,18,STA,WIFI_DROP,
10.7776,18,STA,WIFI_DROP,
10.78,18,STA,WIFI_DROP,
10.7824,18,STA,WIFI_DROP,
10.7848,18,STA,WIFI_DROP,
10.7872,18,STA,WIFI_DROP,
10.7896,18,STA,WIFI_DROP,
10.792,18,STA,WIFI_DROP,
10.7944,18,STA,WIFI_DROP,
10.7968,18,STA,WIFI_DROP,
10.7992,18,STA,WIFI_DROP,
10.8016,18,STA,WIFI_DROP,
10.804,18,STA,WIFI_DROP,
10.8064,18,STA,WIFI_DROP,
10.8088,18,STA,WIFI_DROP,
10.8112,18,STA,WIFI_DROP,
10.8136,18,STA,WIFI_DROP,
10.816,18,STA,WIFI_DROP,
10.8184,18,STA,WIFI_DROP,
10.8208,18,STA,WIFI_DROP,
10.8232,18,STA,WIFI_DROP,
10.8256,18,STA,WIFI_DROP,
10.828,18,STA,WIFI_DROP,
10.8304,18,STA,WIFI_DROP,
10.8328,18,STA,WIFI_DROP,
10.8352,18,STA,WIFI_DROP,
10.8376,18,STA,WIFI_DROP,
10.84,18,STA,WIFI_DROP,
10.8424,18,STA,WIFI_DROP,
10.8448,18,STA,WIFI_DROP,
10.8472,18,STA,WIFI_DROP,
10.8496,18,STA,WIFI_DROP,
10.852,18,STA,WIFI_DROP,
10.8544,18,STA,WIFI_DROP,
10.8568,18,STA,WIFI_DROP,
10.8592,18,STA,WIFI_DROP,
10.8616,18,STA,WIFI_DROP,
10.864,18,STA,WIFI_DROP,
10.8664,18,STA,WIFI_DROP,
10.8688,18,STA,WIFI_DROP,
10.8712,18,STA,WIFI_DROP,
10.8736,18,STA,WIFI_DROP,
10.876,18,STA,WIFI_DROP,
10.8784,18,STA,WIFI_DROP,
10.8808,18,STA,WIFI_DROP,
10.8832,18,STA,WIFI_DROP,
10.8856,18,STA,WIFI_DROP,
10.888,18,STA,WIFI_DROP,
10.8904,18,STA,WIFI_DROP,
10.8928,18,STA,WIFI_DROP,
10.8952,18,STA,WIFI_DROP,
10.8976,18,STA,WIFI_DROP,
10.9,18,STA,WIFI_DROP,
10.9024,18,STA,WIFI_DROP,
10.9048,18,STA,WIFI_DROP,
10.9072,18,STA,WIFI_DROP,
10.9096,18,STA,WIFI_DROP,
10.912,18,STA,WIFI_DROP,
10.9144,18,STA,WIFI_DROP,
10.9168,18,STA,WIFI_DROP,
10.9192,18,STA,WIFI_DROP,
10.9216,18,STA,WIFI_DROP,
10.924,18,STA,WIFI_DROP,
10.9264,18,STA,WIFI_DROP,
10.9288,18,STA,WIFI_DROP,
10.9312,18,STA,WIFI_DROP,
10.9336,18,STA,WIFI_DROP,
10.936,18,STA,WIFI_DROP,
10.9384,18,STA,WIFI_DROP,
10.9408,18,STA,WIFI_DROP,
10.9432,18,STA,WIFI_DROP,
10.9456,18,STA,WIFI_DROP,
10.948,18,STA,WIFI_DROP,
10.9504,18,STA,WIFI_DROP,
10.9528,18,STA,WIFI_DROP,
10.9552,18,STA,WIFI_DROP,
10.9576,18,STA,WIFI_DROP,
10.96,18,STA,WIFI_DROP,
10.9624,18,STA,WIFI_DROP,
10.9648,18,STA,WIFI_DROP,
10.9672,18,STA,WIFI_DROP,
10.9696,18,STA,WIFI_DROP,
10.972,18,STA,WIFI_DROP,
10.9744,18,STA,WIFI_DROP,
10.9768,18,STA,WIFI_DROP,
10.9792,18,STA,WIFI_DROP,
10.9816,18,STA,WIFI_DROP,
10.984,18,STA,WIFI_DROP,
10.9864,18,STA,WIFI_DROP,
10.9888,18,STA,WIFI_DROP,
10.9912,18,STA,WIFI_DROP,
10.9936,18,STA,WIFI_DROP,
10.996,18,STA,WIFI_DROP,
10.9984,18,STA,WIFI_DROP,
11,4,STA,THROUGHPUT_MBPS,1.908000
11,6,STA,THROUGHPUT_MBPS,1.272000
11,8,STA,THROUGHPUT_MBPS,2.976000
11,9,STA,THROUGHPUT_MBPS,4.500000
11,10,STA,THROUGHPUT_MBPS,0.372000
11,13,STA,THROUGHPUT_MBPS,1.116000
11,15,STA,THROUGHPUT_MBPS,3.888000
11,16,STA,THROUGHPUT_MBPS,1.560000
11,17,STA,THROUGHPUT_MBPS,2.124000
11,18,STA,THROUGHPUT_MBPS,0.204000
11,20,STA,THROUGHPUT_MBPS,1.452000
11,1,AP,AGGREGATE_THROUGHPUT_MBPS,21.372000
11,1,AP,SENT_COUNT,8340.000000
11,1,AP,RECV_COUNT,1781.000000
11,1,AP,LATENCY_P95_MS,535.286187
11.0008,18,STA,WIFI_DROP,
11.0032,18,STA,WIFI_DROP,
11.0056,18,STA,WIFI_DROP,
11.008,18,STA,WIFI_DROP,
11.0104,18,STA,WIFI_DROP,
11.0128,18,STA,WIFI_DROP,
11.0152,18,STA,WIFI_DROP,
11.0176,18,STA,WIFI_DROP,
11.02,18,STA,WIFI_DROP,
11.0224,18,STA,WIFI_DROP,
11.0248,18,STA,WIFI_DROP,
11.0272,18,STA,WIFI_DROP,
11.0296,18,STA,WIFI_DROP,
11.032,18,STA,WIFI_DROP,
11.0344,18,STA,WIFI_DROP,
11.0368,18,STA,WIFI_DROP,
11.0392,18,STA,WIFI_DROP,
11.0416,18,STA,WIFI_DROP,
11.044,18,STA,WIFI_DROP,
11.0464,18,STA,WIFI_DROP,
11.0488,18,STA,WIFI_DROP,
11.0512,18,STA,WIFI_DROP,
11.0536,18,STA,WIFI_DROP,
11.056,18,STA,WIFI_DROP,
11.0584,18,STA,WIFI_DROP,
11.0608,18,STA,WIFI_DROP,
11.0632,18,STA,WIFI_DROP,
11.0656,18,STA,WIFI_DROP,
11.068,18,STA,WIFI_DROP,
11.0704,18,STA,WIFI_DROP,
11.0728,18,STA,WIFI_DROP,
11.0752,18,STA,WIFI_DROP,
11.0776,18,STA,WIFI_DROP,
11.08,18,STA,WIFI_DROP,
11.0824,18,STA,WIFI_DROP,
11.0848,18,STA,WIFI_DROP,
11.0872,18,STA,WIFI_DROP,
11.0896,18,STA,WIFI_DROP,
11.092,18,STA,WIFI_DROP,
11.0944,18,STA,WIFI_DROP,
11.0968,18,STA,WIFI_DROP,
11.0992,18,STA,WIFI_DROP,
11.1016,18,STA,WIFI_DROP,
11.104,18,STA,WIFI_DROP,
11.1064,18,STA,WIFI_DROP,
11.1088,18,STA,WIFI_DROP,
11.1112,18,STA,WIFI_DROP,
11.1136,18,STA,WIFI_DROP,
11.116,18,STA,WIFI_DROP,
11.1184,18,STA,WIFI_DROP,
11.1208,18,STA,WIFI_DROP,
11.1232,18,STA,WIFI_DROP,
11.1256,18,STA,WIFI_DROP,
11.128,18,STA,WIFI_DROP,
11.1304,18,STA,WIFI_DROP,
11.1328,18,STA,WIFI_DROP,
11.1352,18,STA,WIFI_DROP,
11.1376,18,STA,WIFI_DROP,
11.14,18,STA,WIFI_DROP,
11.1424,18,STA,WIFI_DROP,
11.1448,18,STA,WIFI_DROP,
11.1472,18,STA,WIFI_DROP,
11.1496,18,STA,WIFI_DROP,
11.152,18,STA,WIFI_DROP,
11.1544,18,STA,WIFI_DROP,
11.1568,18,STA,WIFI_DROP,
11.1592,18,STA,WIFI_DROP,
11.1616,18,STA,WIFI_DROP,
11.164,18,STA,WIFI_DROP,
11.1664,18,STA,WIFI_DROP,
11.1688,18,STA,WIFI_DROP,
11.1712,18,STA,WIFI_DROP,
11.1736,18,STA,WIFI_DROP,
11.176,18,STA,WIFI_DROP,
11.1784,18,STA,WIFI_DROP,
11.1808,18,STA,WIFI_DROP,
11.1832,18,STA,WIFI_DROP,
11.1856,18,STA,WIFI_DROP,
11.188,18,STA,WIFI_DROP,
11.1904,18,STA,WIFI_DROP,
11.1928,18,STA,WIFI_DROP,
11.1952,18,STA,WIFI_DROP,
11.1976,18,STA,WIFI_DROP,
11.2,18,STA,WIFI_DROP,
11.2024,18,STA,WIFI_DROP,
11.2048,18,STA,WIFI_DROP,
11.2072,18,STA,WIFI_DROP,
11.2096,18,STA,WIFI_DROP,
11.212,18,STA,WIFI_DROP,
11.2144,18,STA,WIFI_DROP,
11.2168,18,STA,WIFI_DROP,
11.2192,18,STA,WIFI_DROP,
11.2216,18,STA,WIFI_DROP,
11.224,18,STA,WIFI_DROP,
11.2264,18,STA,WIFI_DROP,
11.2288,18,STA,WIFI_DROP,
11.2312,18,STA,WIFI_DROP,
11.2336,18,STA,WIFI_DROP,
11.236,18,STA,WIFI_DROP,
11.2384,18,STA,WIFI_DROP,
11.2408,18,STA,WIFI_DROP,
11.2432,18,STA,WIFI_DROP,
11.2456,18,STA,WIFI_DROP,
11.248,18,STA,WIFI_DROP,
11.2504,18,STA,WIFI_DROP,
11.2528,18,STA,WIFI_DROP,
11.2552,18,STA,WIFI_DROP,
11.2576,18,STA,WIFI_DROP,
11.26,18,STA,WIFI_DROP,
11.2624,18,STA,WIFI_DROP,
11.2648,18,STA,WIFI_DROP,
11.2672,18,STA,WIFI_DROP,
11.2696,18,STA,WIFI_DROP,
11.272,18,STA,WIFI_DROP,
11.2744,18,STA,WIFI_DROP,
11.2768,18,STA,WIFI_DROP,
11.2792,18,STA,WIFI_DROP,
11.2816,18,STA,WIFI_DROP,
11.284,18,STA,WIFI_DROP,
11.2864,18,STA,WIFI_DROP,
11.2888,18,STA,WIFI_DROP,
11.2912,18,STA,WIFI_DROP,
11.2936,18,STA,WIFI_DROP,
11.296,18,STA,WIFI_DROP,
11.2984,18,STA,WIFI_DROP,
11.3008,18,STA,WIFI_DROP,
11.3032,18,STA,WIFI_DROP,
11.3056,18,STA,WIFI_DROP,
11.308,18,STA,WIFI_DROP,
11.3104,18,STA,WIFI_DROP,
11.3128,18,STA,WIFI_DROP,
11.3152,18,STA,WIFI_DROP,
11.3176,18,STA,WIFI_DROP,
11.32,18,STA,WIFI_DROP,
11.3224,18,STA,WIFI_DROP,
11.3248,18,STA,WIFI_DROP,
11.3272,18,STA,WIFI_DROP,
11.3296,18,STA,WIFI_DROP,
11.332,18,STA,WIFI_DROP,
11.3344,18,STA,WIFI_DROP,
11.3368,18,STA,WIFI_DROP,
11.3392,18,STA,WIFI_DROP,
11.3416,18,STA,WIFI_DROP,
11.344,18,STA,WIFI_DROP,
11.3464,18,STA,WIFI_DROP,
11.3488,18,STA,WIFI_DROP,
11.3512,18,STA,WIFI_DROP,
11.3536,18,STA,WIFI_DROP,
11.356,18,STA,WIFI_DROP,
11.3584,18,STA,WIFI_DROP,
11.3608,18,STA,WIFI_DROP,
11.3632,18,STA,WIFI_DROP,
11.3656,18,STA,WIFI_DROP,
11.368,18,STA,WIFI_DROP,
11.3704,18,STA,WIFI_DROP,
11.3728,18,STA,WIFI_DROP,
11.3752,18,STA,WIFI_DROP,
11.3776,18,STA,WIFI_DROP,
11.38,18,STA,WIFI_DROP,
11.3824,18,STA,WIFI_DROP,
11.3848,18,STA,WIFI_DROP,
11.3872,18,STA,WIFI_DROP,
11.3896,18,STA,WIFI_DROP,
11.392,18,STA,WIFI_DROP,
11.3944,18,STA,WIFI_DROP,
11.3968,18,STA,WIFI_DROP,
11.3992,18,STA,WIFI_DROP,
11.4016,18,STA,WIFI_DROP,
11.404,18,STA,WIFI_DROP,
11.4064,18,STA,WIFI_DROP,
11.4088,18,STA,WIFI_DROP,
11.4112,18,STA,WIFI_DROP,
11.4136,18,STA,WIFI_DROP,
11.416,18,STA,WIFI_DROP,
11.4184,18,STA,WIFI_DROP,
11.4208,18,STA,WIFI_DROP,
11.4232,18,STA,WIFI_DROP,
11.4256,18,STA,WIFI_DROP,
11.428,18,STA,WIFI_DROP,
11.4304,18,STA,WIFI_DROP,
11.4328,18,STA,WIFI_DROP,
11.4352,18,STA,WIFI_DROP,
11.4376,18,STA,WIFI_DROP,
11.44,18,STA,WIFI_DROP,
11.4424,18,STA,WIFI_DROP,
11.4448,18,STA,WIFI_DROP,
11.4472,18,STA,WIFI_DROP,
11.4496,18,STA,WIFI_DROP,
11.452,18,STA,WIFI_DROP,
11.4544,18,STA,WIFI_DROP,
11.4568,18,STA,WIFI_DROP,
11.4592,18,STA,WIFI_DROP,
11.4616,18,STA,WIFI_DROP,
11.464,18,STA,WIFI_DROP,
11.4664,18,STA,WIFI_DROP,
11.4688,18,STA,WIFI_DROP,
11.4712,18,STA,WIFI_DROP,
11.4736,18,STA,WIFI_DROP,
11.476,18,STA,WIFI_DROP,
11.4784,18,STA,WIFI_DROP,
11.4808,18,STA,WIFI_DROP,
11.4832,18,STA,WIFI_DROP,
11.4856,18,STA,WIFI_DROP,
11.488,18,STA,WIFI_DROP,
11.4904,18,STA,WIFI_DROP,
11.4928,18,STA,WIFI_DROP,
11.4952,18,STA,WIFI_DROP,
11.4976,18,STA,WIFI_DROP,
11.5,18,STA,WIFI_DROP,
11.5024,18,STA,WIFI_DROP,
11.5048,18,STA,WIFI_DROP,
11.5072,18,STA,WIFI_DROP,
11.5096,18,STA,WIFI_DROP,
11.512,18,STA,WIFI_DROP,
11.5144,18,STA,WIFI_DROP,
11.5168,18,STA,WIFI_DROP,
11.5192,18,STA,WIFI_DROP,
11.5216,18,STA,WIFI_DROP,
11.524,18,STA,WIFI_DROP,
11.5264,18,STA,WIFI_DROP,
11.5288,18,STA,WIFI_DROP,
11.5312,18,STA,WIFI_DROP,
11.5336,18,STA,WIFI_DROP,
11.536,18,STA,WIFI_DROP,
11.5384,18,STA,WIFI_DROP,
11.5408,18,STA,WIFI_DROP,
11.5432,18,STA,WIFI_DROP,
11.5456,18,STA,WIFI_DROP,
11.548,18,STA,WIFI_DROP,
11.5504,18,STA,WIFI_DROP,
11.5528,18,STA,WIFI_DROP,
11.5552,18,STA,WIFI_DROP,
11.5576,18,STA,WIFI_DROP,
11.56,18,STA,WIFI_DROP,
11.5624,18,STA,WIFI_DROP,
11.5648,18,STA,WIFI_DROP,
11.5672,18,STA,WIFI_DROP,
11.5696,18,STA,WIFI_DROP,
11.572,18,STA,WIFI_DROP,
11.5744,18,STA,WIFI_DROP,
11.5768,18,STA,WIFI_DROP,
11.5792,18,STA,WIFI_DROP,
11.5816,18,STA,WIFI_DROP,
11.584,18,STA,WIFI_DROP,
11.5864,18,STA,WIFI_DROP,
11.5888,18,STA,WIFI_DROP,
11.5912,18,STA,WIFI_DROP,
11.5936,18,STA,WIFI_DROP,
11.596,18,STA,WIFI_DROP,
11.5984,18,STA,WIFI_DROP,
11.6008,18,STA,WIFI_DROP,
11.6032,18,STA,WIFI_DROP,
11.6056,18,STA,WIFI_DROP,
11.608,18,STA,WIFI_DROP,
11.6104,18,STA,WIFI_DROP,
11.6128,18,STA,WIFI_DROP,
11.6152,18,STA,WIFI_DROP,
11.6176,18,STA,WIFI_DROP,
11.62,18,STA,WIFI_DROP,
11.6224,18,STA,WIFI_DROP,
11.6248,18,STA,WIFI_DROP,
11.6272,18,STA,WIFI_DROP,
11.6296,18,STA,WIFI_DROP,
11.632,18,STA,WIFI_DROP,
11.6344,18,STA,WIFI_DROP,
11.6368,18,STA,WIFI_DROP,
11.6392,18,STA,WIFI_DROP,
11.6416,18,STA,WIFI_DROP,
11.644,18,STA,WIFI_DROP,
11.6464,18,STA,WIFI_DROP,
11.6488,18,STA,WIFI_DROP,
11.6512,18,STA,WIFI_DROP,
11.6536,18,STA,WIFI_DROP,
11.656,18,STA,WIFI_DROP,
11.6584,18,STA,WIFI_DROP,
11.6608,18,STA,WIFI_DROP,
11.6632,18,STA,WIFI_DROP,
11.6656,18,STA,WIFI_DROP,
11.668,18,STA,WIFI_DROP,
11.6704,18,STA,WIFI_DROP,
11.6728,18,STA,WIFI_DROP,
11.6752,18,STA,WIFI_DROP,
11.6776,18,STA,WIFI_DROP,
11.68,18,STA,WIFI_DROP,
11.6824,18,STA,WIFI_DROP,
11.6848,18,STA,WIFI_DROP,
11.6872,18,STA,WIFI_DROP,
11.6896,18,STA,WIFI_DROP,
11.692,18,STA,WIFI_DROP,
11.6944,18,STA,WIFI_DROP,
11.6968,18,STA,WIFI_DROP,
11.6992,18,STA,WIFI_DROP,
11.7016,18,STA,WIFI_DROP,
11.704,18,STA,WIFI_DROP,
11.7064,18,STA,WIFI_DROP,
11.7088,18,STA,WIFI_DROP,
11.7112,18,STA,WIFI_DROP,
11.7136,18,STA,WIFI_DROP,
11.716,18,STA,WIFI_DROP,
11.7184,18,STA,WIFI_DROP,
11.7208,18,STA,WIFI_DROP,
11.7232,18,STA,WIFI_DROP,
11.7256,18,STA,WIFI_DROP,
11.728,18,STA,WIFI_DROP,
11.7304,18,STA,WIFI_DROP,
11.7328,18,STA,WIFI_DROP,
11.7352,18,STA,WIFI_DROP,
11.7376,18,STA,WIFI_DROP,
11.74,18,STA,WIFI_DROP,
11.7424,18,STA,WIFI_DROP,
11.7448,18,STA,WIFI_DROP,
11.7472,18,STA,WIFI_DROP,
11.7496,18,STA,WIFI_DROP,
11.752,18,STA,WIFI_DROP,
11.7544,4,STA,WIFI_DROP,
11.7544,18,STA,WIFI_DROP,
11.7568,4,STA,WIFI_DROP,
11.7568,18,STA,WIFI_DROP,
11.7592,4,STA,WIFI_DROP,
11.7592,18,STA,WIFI_DROP,
11.7616,4,STA,WIFI_DROP,
11.7616,18,STA,WIFI_DROP,
11.764,4,STA,WIFI_DROP,
11.764,18,STA,WIFI_DROP,
11.7664,4,STA,WIFI_DROP,
11.7664,18,STA,WIFI_DROP,
11.7688,4,STA,WIFI_DROP,
11.7688,18,STA,WIFI_DROP,
11.7712,4,STA,WIFI_DROP,
11.7712,18,STA,WIFI_DROP,
11.7736,4,STA,WIFI_DROP,
11.7736,18,STA,WIFI_DROP,
11.776,4,STA,WIFI_DROP,
11.776,18,STA,WIFI_DROP,
11.7784,4,STA,WIFI_DROP,
11.7784,18,STA,WIFI_DROP,
11.7808,4,STA,WIFI_DROP,
11.7808,18,STA,WIFI_DROP,
11.7832,4,STA,WIFI_DROP,
11.7832,18,STA,WIFI_DROP,
11.7856,4,STA,WIFI_DROP,
11.7856,18,STA,WIFI_DROP,
11.788,4,STA,WIFI_DROP,
11.788,18,STA,WIFI_DROP,
11.7904,4,STA,WIFI_DROP,
11.7904,18,STA,WIFI_DROP,
11.7928,4,STA,WIFI_DROP,
11.7928,18,STA,WIFI_DROP,
11.7952,4,STA,WIFI_DROP,
11.7952,18,STA,WIFI_DROP,
11.7976,4,STA,WIFI_DROP,
11.7976,18,STA,WIFI_DROP,
11.8,4,STA,WIFI_DROP,
11.8,18,STA,WIFI_DROP,
11.8024,4,STA,WIFI_DROP,
11.8024,18,STA,WIFI_DROP,
11.8048,4,STA,WIFI_DROP,
11.8048,18,STA,WIFI_DROP,
11.8072,4,STA,WIFI_DROP,
11.8072,18,STA,WIFI_DROP,
11.8096,4,STA,WIFI_DROP,
11.8096,18,STA,WIFI_DROP,
11.812,4,STA,WIFI_DROP,
11.812,18,STA,WIFI_DROP,
11.8144,4,STA,WIFI_DROP,
11.8144,18,STA,WIFI_DROP,
11.8168,4,STA,WIFI_DROP,
11.8168,18,STA,WIFI_DROP,
11.8192,4,STA,WIFI_DROP,
11.8192,18,STA,WIFI_DROP,
11.8216,4,STA,WIFI_DROP,
11.8216,18,STA,WIFI_DROP,
11.824,4,STA,WIFI_DROP,
11.824,18,STA,WIFI_DROP,
11.8264,4,STA,WIFI_DROP,
11.8264,18,STA,WIFI_DROP,
11.8288,4,STA,WIFI_DROP,
11.8288,18,STA,WIFI_DROP,
11.8312,4,STA,WIFI_DROP,
11.8312,18,STA,WIFI_DROP,
11.8336,4,STA,WIFI_DROP,
11.8336,18,STA,WIFI_DROP,
11.836,4,STA,WIFI_DROP,
11.836,18,STA,WIFI_DROP,
11.8384,4,STA,WIFI_DROP,
11.8384,18,STA,WIFI_DROP,
11.8408,4,STA,WIFI_DROP,
11.8408,18,STA,WIFI_DROP,
11.8432,4,STA,WIFI_DROP,
11.8432,18,STA,WIFI_DROP,
11.8456,4,STA,WIFI_DROP,
11.8456,18,STA,WIFI_DROP,
11.848,4,STA,WIFI_DROP,
11.848,18,STA,WIFI_DROP,
11.8504,4,STA,WIFI_DROP,
11.8504,18,STA,WIFI_DROP,
11.8528,4,STA,WIFI_DROP,
11.8528,18,STA,WIFI_DROP,
11.8552,4,STA,WIFI_DROP,
11.8552,18,STA,WIFI_DROP,
11.8576,4,STA,WIFI_DROP,
11.8576,18,STA,WIFI_DROP,
11.86,4,STA,WIFI_DROP,
11.86,18,STA,WIFI_DROP,
11.8624,4,STA,WIFI_DROP,
11.8624,18,STA,WIFI_DROP,
11.8648,4,STA,WIFI_DROP,
11.8648,18,STA,WIFI_DROP,
11.8672,4,STA,WIFI_DROP,
11.8672,18,STA,WIFI_DROP,
11.8696,4,STA,WIFI_DROP,
11.8696,18,STA,WIFI_DROP,
11.872,4,STA,WIFI_DROP,
11.872,18,STA,WIFI_DROP,
11.8744,4,STA,WIFI_DROP,
11.8744,18,STA,WIFI_DROP,
11.8768,4,STA,WIFI_DROP,
11.8768,18,STA,WIFI_DROP,
11.8792,4,STA,WIFI_DROP,
11.8792,18,STA,WIFI_DROP,
11.8816,4,STA,WIFI_DROP,
11.8816,18,STA,WIFI_DROP,
11.884,4,STA,WIFI_DROP,
11.884,18,STA,WIFI_DROP,
11.8864,4,STA,WIFI_DROP,
11.8864,18,STA,WIFI_DROP,
11.8888,4,STA,WIFI_DROP,
11.8888,18,STA,WIFI_DROP,
11.8912,4,STA,WIFI_DROP,
11.8912,18,STA,WIFI_DROP,
11.8936,4,STA,WIFI_DROP,
11.8936,18,STA,WIFI_DROP,
11.896,4,STA,WIFI_DROP,
11.896,18,STA,WIFI_DROP,
11.8984,4,STA,WIFI_DROP,
11.8984,18,STA,WIFI_DROP,
11.9008,4,STA,WIFI_DROP,
11.9008,18,STA,WIFI_DROP,
11.9032,4,STA,WIFI_DROP,
11.9032,18,STA,WIFI_DROP,
11.9056,4,STA,WIFI_DROP,
11.9056,18,STA,WIFI_DROP,
11.908,4,STA,WIFI_DROP,
11.908,18,STA,WIFI_DROP,
11.9104,4,STA,WIFI_DROP,
11.9104,18,STA,WIFI_DROP,
11.9128,4,STA,WIFI_DROP,
11.9128,18,STA,WIFI_DROP,
11.9152,4,STA,WIFI_DROP,
11.9152,18,STA,WIFI_DROP,
11.9176,4,STA,WIFI_DROP,
11.9176,18,STA,WIFI_DROP,
11.92,4,STA,WIFI_DROP,
11.92,18,STA,WIFI_DROP,
11.9224,4,STA,WIFI_DROP,
11.9224,18,STA,WIFI_DROP,
11.9248,4,STA,WIFI_DROP,
11.9248,18,STA,WIFI_DROP,
11.9272,4,STA,WIFI_DROP,
11.9272,18,STA,WIFI_DROP,
11.9296,4,STA,WIFI_DROP,
11.9296,18,STA,WIFI_DROP,
11.932,4,STA,WIFI_DROP,
11.932,18,STA,WIFI_DROP,
11.9344,4,STA,WIFI_DROP,
11.9344,18,STA,WIFI_DROP,
11.9368,4,STA,WIFI_DROP,
11.9368,18,STA,WIFI_DROP,
11.9392,4,STA,WIFI_DROP,
11.9392,18,STA,WIFI_DROP,
11.9416,4,STA,WIFI_DROP,
11.9416,18,STA,WIFI_DROP,
11.944,4,STA,WIFI_DROP,
11.944,18,STA,WIFI_DROP,
11.9464,4,STA,WIFI_DROP,
11.9464,18,STA,WIFI_DROP,
11.9488,4,STA,WIFI_DROP,
11.9488,18,STA,WIFI_DROP,
11.9512,4,STA,WIFI_DROP,
11.9512,18,STA,WIFI_DROP,
11.9536,4,STA,WIFI_DROP,
11.9536,18,STA,WIFI_DROP,
11.956,4,STA,WIFI_DROP,
11.956,18,STA,WIFI_DROP,
11.9584,4,STA,WIFI_DROP,
11.9584,18,STA,WIFI_DROP,
11.9608,4,STA,WIFI_DROP,
11.9608,18,STA,WIFI_DROP,
11.9632,4,STA,WIFI_DROP,
11.9632,18,STA,WIFI_DROP,
11.9656,4,STA,WIFI_DROP,
11.9656,18,STA,WIFI_DROP,
11.968,4,STA,WIFI_DROP,
11.968,18,STA,WIFI_DROP,
11.9704,4,STA,WIFI_DROP,
11.9704,18,STA,WIFI_DROP,
11.9728,4,STA,WIFI_DROP,
11.9728,18,STA,WIFI_DROP,
11.9752,4,STA,WIFI_DROP,
11.9752,18,STA,WIFI_DROP,
11.9776,4,STA,WIFI_DROP,
11.9776,18,STA,WIFI_DROP,
11.98,4,STA,WIFI_DROP,
11.98,18,STA,WIFI_DROP,
11.9824,4,STA,WIFI_DROP,
11.9824,18,STA,WIFI_DROP,
11.9848,4,STA,WIFI_DROP,
11.9848,18,STA,WIFI_DROP,
11.9872,4,STA,WIFI_DROP,
11.9872,18,STA,WIFI_DROP,
11.9896,4,STA,WIFI_DROP,
11.9896,18,STA,WIFI_DROP,
11.992,4,STA,WIFI_DROP,
11.992,18,STA,WIFI_DROP,
11.9944,4,STA,WIFI_DROP,
11.9968,4,STA,WIFI_DROP,
11.9992,4,STA,WIFI_DROP,
12,4,STA,THROUGHPUT_MBPS,1.032000
12,6,STA,THROUGHPUT_MBPS,3.312000
12,8,STA,THROUGHPUT_MBPS,3.600000
12,9,STA,THROUGHPUT_MBPS,1.128000
12,10,STA,THROUGHPUT_MBPS,3.732000
12,13,STA,THROUGHPUT_MBPS,1.320000
12,15,STA,THROUGHPUT_MBPS,3.120000
12,16,STA,THROUGHPUT_MBPS,3.264000
12,17,STA,THROUGHPUT_MBPS,0.852000
12,20,STA,THROUGHPUT_MBPS,1.428000
12,1,AP,AGGREGATE_THROUGHPUT_MBPS,22.788000
12,1,AP,SENT_COUNT,8340.000000
12,1,AP,RECV_COUNT,1899.000000
12,1,AP,LATENCY_P95_MS,520.464482
12.0016,4,STA,WIFI_DROP,
12.004,4,STA,WIFI_DROP,
12.0064,4,STA,WIFI_DROP,
12.0088,4,STA,WIFI_DROP,
12.0112,4,STA,WIFI_DROP,
12.0136,4,STA,WIFI_DROP,
12.016,4,STA,WIFI_DROP,
12.0184,4,STA,WIFI_DROP,
12.0208,4,STA,WIFI_DROP,
12.0232,4,STA,WIFI_DROP,
12.0256,4,STA,WIFI_DROP,
12.028,4,STA,WIFI_DROP,
12.0304,4,STA,WIFI_DROP,
12.0328,4,STA,WIFI_DROP,
12.0352,4,STA,WIFI_DROP,
12.0376,4,STA,WIFI_DROP,
12.04,4,STA,WIFI_DROP,
12.0424,4,STA,WIFI_DROP,
12.0448,4,STA,WIFI_DROP,
12.0472,4,STA,WIFI_DROP,
12.0496,4,STA,WIFI_DROP,
12.052,4,STA,WIFI_DROP,
12.0544,4,STA,WIFI_DROP,
12.0568,4,STA,WIFI_DROP,
12.0592,4,STA,WIFI_DROP,
12.0616,4,STA,WIFI_DROP,
12.064,4,STA,WIFI_DROP,
12.0664,4,STA,WIFI_DROP,
12.0688,4,STA,WIFI_DROP,
12.0712,4,STA,WIFI_DROP,
12.0736,4,STA,WIFI_DROP,
12.076,4,STA,WIFI_DROP,
12.0784,4,STA,WIFI_DROP,
12.0808,4,STA,WIFI_DROP,
12.0832,4,STA,WIFI_DROP,
12.0856,4,STA,WIFI_DROP,
12.088,4,STA,WIFI_DROP,
12.0904,4,STA,WIFI_DROP,
12.0928,4,STA,WIFI_DROP,
12.0952,4,STA,WIFI_DROP,
12.0976,4,STA,WIFI_DROP,
12.1,4,STA,WIFI_DROP,
12.1024,4,STA,WIFI_DROP,
12.1048,4,STA,WIFI_DROP,
12.1072,4,STA,WIFI_DROP,
12.1096,4,STA,WIFI_DROP,
12.112,4,STA,WIFI_DROP,
12.1144,4,STA,WIFI_DROP,
12.1168,4,STA,WIFI_DROP,
12.1192,4,STA,WIFI_DROP,
12.1216,4,STA,WIFI_DROP,
12.124,4,STA,WIFI_DROP,
12.1264,4,STA,WIFI_DROP,
12.1288,4,STA,WIFI_DROP,
12.1312,4,STA,WIFI_DROP,
12.1336,4,STA,WIFI_DROP,
12.136,4,STA,WIFI_DROP,
12.1384,4,STA,WIFI_DROP,
12.1408,4,STA,WIFI_DROP,
12.1432,4,STA,WIFI_DROP,
12.1456,4,STA,WIFI_DROP,
12.148,4,STA,WIFI_DROP,
12.1504,4,STA,WIFI_DROP,
12.1528,4,STA,WIFI_DROP,
12.1552,4,STA,WIFI_DROP,
12.1576,4,STA,WIFI_DROP,
12.16,4,STA,WIFI_DROP,
12.1624,4,STA,WIFI_DROP,
12.1648,4,STA,WIFI_DROP,
12.1672,4,STA,WIFI_DROP,
12.1696,4,STA,WIFI_DROP,
12.172,4,STA,WIFI_DROP,
12.1744,4,STA,WIFI_DROP,
12.1768,4,STA,WIFI_DROP,
12.1792,4,STA,WIFI_DROP,
12.1816,4,STA,WIFI_DROP,
12.184,4,STA,WIFI_DROP,
12.1864,4,STA,WIFI_DROP,
12.1888,4,STA,WIFI_DROP,
12.1912,4,STA,WIFI_DROP,
12.1936,4,STA,WIFI_DROP,
12.196,4,STA,WIFI_DROP,
12.1984,4,STA,WIFI_DROP,
12.2008,4,STA,WIFI_DROP,
12.2032,4,STA,WIFI_DROP,
12.2056,4,STA,WIFI_DROP,
12.208,4,STA,WIFI_DROP,
12.2104,4,STA,WIFI_DROP,
12.2128,4,STA,WIFI_DROP,
12.2152,4,STA,WIFI_DROP,
12.2176,4,STA,WIFI_DROP,
12.22,4,STA,WIFI_DROP,
12.2224,4,STA,WIFI_DROP,
12.2248,4,STA,WIFI_DROP,
12.2272,4,STA,WIFI_DROP,
12.2296,4,STA,WIFI_DROP,
12.232,4,STA,WIFI_DROP,
12.2344,4,STA,WIFI_DROP,
12.2368,4,STA,WIFI_DROP,
12.2392,4,STA,WIFI_DROP,
12.2416,4,STA,WIFI_DROP,
12.244,4,STA,WIFI_DROP,
12.2464,4,STA,WIFI_DROP,
12.2488,4,STA,WIFI_DROP,
12.2512,4,STA,WIFI_DROP,
12.2536,4,STA,WIFI_DROP,
12.256,4,STA,WIFI_DROP,
12.2584,4,STA,WIFI_DROP,
12.2608,4,STA,WIFI_DROP,
12.2632,4,STA,WIFI_DROP,
12.2656,4,STA,WIFI_DROP,
12.268,4,STA,WIFI_DROP,
12.2704,4,STA,WIFI_DROP,
12.2728,4,STA,WIFI_DROP,
12.2752,4,STA,WIFI_DROP,
12.2776,4,STA,WIFI_DROP,
12.28,4,STA,WIFI_DROP,
12.2824,4,STA,WIFI_DROP,
12.2848,4,STA,WIFI_DROP,
12.2872,4,STA,WIFI_DROP,
12.2896,4,STA,WIFI_DROP,
12.292,4,STA,WIFI_DROP,
12.2944,4,STA,WIFI_DROP,
12.2968,4,STA,WIFI_DROP,
12.2992,4,STA,WIFI_DROP,
12.3016,4,STA,WIFI_DROP,
12.304,4,STA,WIFI_DROP,
12.3064,4,STA,WIFI_DROP,
12.3088,4,STA,WIFI_DROP,
12.3112,4,STA,WIFI_DROP,
12.3136,4,STA,WIFI_DROP,
12.316,4,STA,WIFI_DROP,
12.3184,4,STA,WIFI_DROP,
12.3208,4,STA,WIFI_DROP,
12.3232,4,STA,WIFI_DROP,
12.3256,4,STA,WIFI_DROP,
12.328,4,STA,WIFI_DROP,
12.3304,4,STA,WIFI_DROP,
12.3328,4,STA,WIFI_DROP,
12.3352,4,STA,WIFI_DROP,
12.3376,4,STA,WIFI_DROP,
12.34,4,STA,WIFI_DROP,
12.3424,4,STA,WIFI_DROP,
12.3448,4,STA,WIFI_DROP,
12.3472,4,STA,WIFI_DROP,
12.3496,4,STA,WIFI_DROP,
12.352,4,STA,WIFI_DROP,
12.3544,4,STA,WIFI_DROP,
12.3568,4,STA,WIFI_DROP,
12.3592,4,STA,WIFI_DROP,
12.3616,4,STA,WIFI_DROP,
12.364,4,STA,WIFI_DROP,
12.3664,4,STA,WIFI_DROP,
12.3688,4,STA,WIFI_DROP,
12.3688,10,STA,WIFI_DROP,
12.3712,4,STA,WIFI_DROP,
12.3712,10,STA,WIFI_DROP,
12.3736,4,STA,WIFI_DROP,
12.3736,10,STA,WIFI_DROP,
12.376,4,STA,WIFI_DROP,
12.376,10,STA,WIFI_DROP,
12.3784,4,STA,WIFI_DROP,
12.3784,10,STA,WIFI_DROP,
12.3808,4,STA,WIFI_DROP,
12.3808,10,STA,WIFI_DROP,
12.3832,4,STA,WIFI_DROP,
12.3832,10,STA,WIFI_DROP,
12.3856,4,STA,WIFI_DROP,
12.3856,10,STA,WIFI_DROP,
12.388,4,STA,WIFI_DROP,
12.388,10,STA,WIFI_DROP,
12.3904,4,STA,WIFI_DROP,
12.3904,10,STA,WIFI_DROP,
12.3928,4,STA,WIFI_DROP,
12.3928,10,STA,WIFI_DROP,
12.3952,4,STA,WIFI_DROP,
12.3952,10,STA,WIFI_DROP,
12.3976,4,STA,WIFI_DROP,
12.3976,10,STA,WIFI_DROP,
12.4,4,STA,WIFI_DROP,
12.4,10,STA,WIFI_DROP,
12.4024,4,STA,WIFI_DROP,
12.4024,10,STA,WIFI_DROP,
12.4048,4,STA,WIFI_DROP,
12.4048,10,STA,WIFI_DROP,
12.4072,4,STA,WIFI_DROP,
12.4072,10,STA,WIFI_DROP,
12.4096,4,STA,WIFI_DROP,
12.4096,10,STA,WIFI_DROP,
12.412,4,STA,WIFI_DROP,
12.412,10,STA,WIFI_DROP,
12.4144,4,STA,WIFI_DROP,
12.4144,10,STA,WIFI_DROP,
12.4168,4,STA,WIFI_DROP,
12.4168,10,STA,WIFI_DROP,
12.4192,4,STA,WIFI_DROP,
12.4192,10,STA,WIFI_DROP,
12.4216,4,STA,WIFI_DROP,
12.4216,10,STA,WIFI_DROP,
12.424,4,STA,WIFI_DROP,
12.424,10,STA,WIFI_DROP,
12.4264,4,STA,WIFI_DROP,
12.4264,10,STA,WIFI_DROP,
12.4288,4,STA,WIFI_DROP,
12.4288,10,STA,WIFI_DROP,
12.4312,4,STA,WIFI_DROP,
12.4312,10,STA,WIFI_DROP,
12.4336,4,STA,WIFI_DROP,
12.4336,10,STA,WIFI_DROP,
12.436,4,STA,WIFI_DROP,
12.436,10,STA,WIFI_DROP,
12.4384,4,STA,WIFI_DROP,
12.4384,10,STA,WIFI_DROP,
12.4408,4,STA,WIFI_DROP,
12.4408,10,STA,WIFI_DROP,
12.4432,4,STA,WIFI_DROP,
12.4432,10,STA,WIFI_DROP,
12.4456,4,STA,WIFI_DROP,
12.4456,10,STA,WIFI_DROP,
12.448,4,STA,WIFI_DROP,
12.448,10,STA,WIFI_DROP,
12.4504,4,STA,WIFI_DROP,
12.4504,10,STA,WIFI_DROP,
12.4528,4,STA,WIFI_DROP,
12.4528,10,STA,WIFI_DROP,
12.4552,4,STA,WIFI_DROP,
12.4552,10,STA,WIFI_DROP,
12.4576,4,STA,WIFI_DROP,
12.4576,10,STA,WIFI_DROP,
12.46,4,STA,WIFI_DROP,
12.46,10,STA,WIFI_DROP,
12.4624,4,STA,WIFI_DROP,
12.4624,10,STA,WIFI_DROP,
12.4648,4,STA,WIFI_DROP,
12.4648,10,STA,WIFI_DROP,
12.4672,4,STA,WIFI_DROP,
12.4672,10,STA,WIFI_DROP,
12.4696,4,STA,WIFI_DROP,
12.4696,10,STA,WIFI_DROP,
12.472,4,STA,WIFI_DROP,
12.472,8,STA,WIFI_DROP,
12.472,10,STA,WIFI_DROP,
12.4744,4,STA,WIFI_DROP,
12.4744,8,STA,WIFI_DROP,
12.4744,10,STA,WIFI_DROP,
12.4768,4,STA,WIFI_DROP,
12.4768,8,STA,WIFI_DROP,
12.4768,10,STA,WIFI_DROP,
12.4792,4,STA,WIFI_DROP,
12.4792,8,STA,WIFI_DROP,
12.4792,10,STA,WIFI_DROP,
12.4816,4,STA,WIFI_DROP,
12.4816,8,STA,WIFI_DROP,
12.4816,10,STA,WIFI_DROP,
12.484,4,STA,WIFI_DROP,
12.484,8,STA,WIFI_DROP,
12.484,10,STA,WIFI_DROP,
12.4864,4,STA,WIFI_DROP,
12.4864,8,STA,WIFI_DROP,
12.4864,10,STA,WIFI_DROP,
12.4888,4,STA,WIFI_DROP,
12.4888,8,STA,WIFI_DROP,
12.4888,10,STA,WIFI_DROP,
12.4912,4,STA,WIFI_DROP,
12.4912,8,STA,WIFI_DROP,
12.4912,10,STA,WIFI_DROP,
12.4936,4,STA,WIFI_DROP,
12.4936,8,STA,WIFI_DROP,
12.4936,10,STA,WIFI_DROP,
12.496,4,STA,WIFI_DROP,
12.496,8,STA,WIFI_DROP,
12.496,10,STA,WIFI_DROP,
12.4984,4,STA,WIFI_DROP,
12.4984,8,STA,WIFI_DROP,
12.4984,10,STA,WIFI_DROP,
12.5008,4,STA,WIFI_DROP,
12.5008,8,STA,WIFI_DROP,
12.5008,10,STA,WIFI_DROP,
12.5032,4,STA,WIFI_DROP,
12.5032,8,STA,WIFI_DROP,
12.5032,10,STA,WIFI_DROP,
12.5056,4,STA,WIFI_DROP,
12.5056,8,STA,WIFI_DROP,
12.5056,10,STA,WIFI_DROP,
12.508,4,STA,WIFI_DROP,
12.508,8,STA,WIFI_DROP,
12.508,10,STA,WIFI_DROP,
12.5104,4,STA,WIFI_DROP,
12.5104,8,STA,WIFI_DROP,
12.5104,10,STA,WIFI_DROP,
12.5128,4,STA,WIFI_DROP,
12.5128,8,STA,WIFI_DROP,
12.5128,10,STA,WIFI_DROP,
12.5152,4,STA,WIFI_DROP,
12.5152,8,STA,WIFI_DROP,
12.5152,10,STA,WIFI_DROP,
12.5176,4,STA,WIFI_DROP,
12.5176,8,STA,WIFI_DROP,
12.5176,10,STA,WIFI_DROP,
12.52,4,STA,WIFI_DROP,
12.52,8,STA,WIFI_DROP,
12.52,10,STA,WIFI_DROP,
12.5224,4,STA,WIFI_DROP,
12.5224,8,STA,WIFI_DROP,
12.5224,10,STA,WIFI_DROP,
12.5248,4,STA,WIFI_DROP,
12.5248,8,STA,WIFI_DROP,
12.5248,10,STA,WIFI_DROP,
12.5272,4,STA,WIFI_DROP,
12.5272,8,STA,WIFI_DROP,
12.5272,10,STA,WIFI_DROP,
12.5296,4,STA,WIFI_DROP,
12.5296,8,STA,WIFI_DROP,
12.5296,10,STA,WIFI_DROP,
12.532,4,STA,WIFI_DROP,
12.532,8,STA,WIFI_DROP,
12.532,10,STA,WIFI_DROP,
12.5344,4,STA,WIFI_DROP,
12.5344,8,STA,WIFI_DROP,
12.5344,10,STA,WIFI_DROP,
12.5368,4,STA,WIFI_DROP,
12.5368,8,STA,WIFI_DROP,
12.5368,10,STA,WIFI_DROP,
12.5392,4,STA,WIFI_DROP,
12.5392,8,STA,WIFI_DROP,
12.5392,10,STA,WIFI_DROP,
12.5416,4,STA,WIFI_DROP,
12.5416,8,STA,WIFI_DROP,
12.5416,10,STA,WIFI_DROP,
12.544,4,STA,WIFI_DROP,
12.544,8,STA,WIFI_DROP,
12.544,10,STA,WIFI_DROP,
12.5464,4,STA,WIFI_DROP,
12.5464,8,STA,WIFI_DROP,
12.5464,10,STA,WIFI_DROP,
12.5488,4,STA,WIFI_DROP,
12.5488,8,STA,WIFI_DROP,
12.5488,10,STA,WIFI_DROP,
12.5512,4,STA,WIFI_DROP,
12.5512,8,STA,WIFI_DROP,
12.5512,10,STA,WIFI_DROP,
12.5536,4,STA,WIFI_DROP,
12.5536,8,STA,WIFI_DROP,
12.5536,10,STA,WIFI_DROP,
12.556,4,STA,WIFI_DROP,
12.556,8,STA,WIFI_DROP,
12.556,10,STA,WIFI_DROP,
12.5584,4,STA,WIFI_DROP,
12.5584,8,STA,WIFI_DROP,
12.5584,10,STA,WIFI_DROP,
12.5608,4,STA,WIFI_DROP,
12.5608,8,STA,WIFI_DROP,
12.5608,10,STA,WIFI_DROP,
12.5632,4,STA,WIFI_DROP,
12.5632,8,STA,WIFI_DROP,
12.5632,10,STA,WIFI_DROP,
12.5656,4,STA,WIFI_DROP,
12.5656,8,STA,WIFI_DROP,
12.5656,10,STA,WIFI_DROP,
12.568,4,STA,WIFI_DROP,
12.568,8,STA,WIFI_DROP,
12.568,10,STA,WIFI_DROP,
12.5704,4,STA,WIFI_DROP,
12.5704,8,STA,WIFI_DROP,
12.5704,10,STA,WIFI_DROP,
12.5728,4,STA,WIFI_DROP,
12.5728,8,STA,WIFI_DROP,
12.5728,10,STA,WIFI_DROP,
12.5752,4,STA,WIFI_DROP,
12.5752,8,STA,WIFI_DROP,
12.5752,10,STA,WIFI_DROP,
12.5776,4,STA,WIFI_DROP,
12.5776,8,STA,WIFI_DROP,
12.5776,10,STA,WIFI_DROP,
12.58,4,STA,WIFI_DROP,
12.58,8,STA,WIFI_DROP,
12.58,10,STA,WIFI_DROP,
12.5824,4,STA,WIFI_DROP,
12.5824,8,STA,WIFI_DROP,
12.5824,10,STA,WIFI_DROP,
12.5848,4,STA,WIFI_DROP,
12.5848,8,STA,WIFI_DROP,
12.5848,10,STA,WIFI_DROP,
12.5872,4,STA,WIFI_DROP,
12.5872,8,STA,WIFI_DROP,
12.5872,10,STA,WIFI_DROP,
12.5896,4,STA,WIFI_DROP,
12.5896,8,STA,WIFI_DROP,
12.5896,10,STA,WIFI_DROP,
12.592,4,STA,WIFI_DROP,
12.592,8,STA,WIFI_DROP,
12.592,10,STA,WIFI_DROP,
12.5944,4,STA,WIFI_DROP,
12.5944,8,STA,WIFI_DROP,
12.5944,10,STA,WIFI_DROP,
12.5968,4,STA,WIFI_DROP,
12.5968,8,STA,WIFI_DROP,
12.5968,10,STA,WIFI_DROP,
12.5992,4,STA,WIFI_DROP,
12.5992,8,STA,WIFI_DROP,
12.5992,10,STA,WIFI_DROP,
12.6016,4,STA,WIFI_DROP,
12.6016,8,STA,WIFI_DROP,
12.6016,10,STA,WIFI_DROP,
12.604,4,STA,WIFI_DROP,
12.604,8,STA,WIFI_DROP,
12.604,10,STA,WIFI_DROP,
12.6064,4,STA,WIFI_DROP,
12.6064,8,STA,WIFI_DROP,
12.6064,10,STA,WIFI_DROP,
12.6088,4,STA,WIFI_DROP,
12.6088,8,STA,WIFI_DROP,
12.6088,10,STA,WIFI_DROP,
12.6112,4,STA,WIFI_DROP,
12.6112,8,STA,WIFI_DROP,
12.6112,10,STA,WIFI_DROP,
12.6136,4,STA,WIFI_DROP,
12.6136,8,STA,WIFI_DROP,
12.6136,10,STA,WIFI_DROP,
12.616,4,STA,WIFI_DROP,
12.616,8,STA,WIFI_DROP,
12.616,10,STA,WIFI_DROP,
12.6184,4,STA,WIFI_DROP,
12.6184,8,STA,WIFI_DROP,
12.6184,10,STA,WIFI_DROP,
12.6208,4,STA,WIFI_DROP,
12.6208,8,STA,WIFI_DROP,
12.6208,10,STA,WIFI_DROP,
12.6232,4,STA,WIFI_DROP,
12.6232,8,STA,WIFI_DROP,
12.6232,10,STA,WIFI_DROP,
12.6256,4,STA,WIFI_DROP,
12.6256,8,STA,WIFI_DROP,
12.6256,10,STA,WIFI_DROP,
12.628,4,STA,WIFI_DROP,
12.628,8,STA,WIFI_DROP,
12.628,10,STA,WIFI_DROP,
12.6304,4,STA,WIFI_DROP,
12.6304,8,STA,WIFI_DROP,
12.6304,10,STA,WIFI_DROP,
12.6328,4,STA,WIFI_DROP,
12.6328,8,STA,WIFI_DROP,
12.6328,10,STA,WIFI_DROP,
12.6352,4,STA,WIFI_DROP,
12.6352,8,STA,WIFI_DROP,
12.6352,10,STA,WIFI_DROP,
12.6376,4,STA,WIFI_DROP,
12.6376,8,STA,WIFI_DROP,
12.6376,10,STA,WIFI_DROP,
12.64,4,STA,WIFI_DROP,
12.64,8,STA,WIFI_DROP,
12.64,10,STA,WIFI_DROP,
12.6424,4,STA,WIFI_DROP,
12.6424,8,STA,WIFI_DROP,
12.6424,10,STA,WIFI_DROP,
12.6448,4,STA,WIFI_DROP,
12.6448,8,STA,WIFI_DROP,
12.6448,10,STA,WIFI_DROP,
12.6472,4,STA,WIFI_DROP,
12.6472,8,STA,WIFI_DROP,
12.6472,10,STA,WIFI_DROP,
12.6496,4,STA,WIFI_DROP,
12.6496,8,STA,WIFI_DROP,
12.6496,10,STA,WIFI_DROP,
12.652,4,STA,WIFI_DROP,
12.652,8,STA,WIFI_DROP,
12.652,10,STA,WIFI_DROP,
12.6544,4,STA,WIFI_DROP,
12.6544,8,STA,WIFI_DROP,
12.6544,10,STA,WIFI_DROP,
12.6568,4,STA,WIFI_DROP,
12.6568,8,STA,WIFI_DROP,
12.6568,10,STA,WIFI_DROP,
12.6592,4,STA,WIFI_DROP,
12.6592,8,STA,WIFI_DROP,
12.6592,10,STA,WIFI_DROP,
12.6616,4,STA,WIFI_DROP,
12.6616,8,STA,WIFI_DROP,
12.6616,10,STA,WIFI_DROP,
12.664,4,STA,WIFI_DROP,
12.664,8,STA,WIFI_DROP,
12.664,10,STA,WIFI_DROP,
12.6664,4,STA,WIFI_DROP,
12.6664,8,STA,WIFI_DROP,
12.6664,10,STA,WIFI_DROP,
12.6688,4,STA,WIFI_DROP,
12.6688,8,STA,WIFI_DROP,
12.6688,10,STA,WIFI_DROP,
12.6712,4,STA,WIFI_DROP,
12.6712,8,STA,WIFI_DROP,
12.6712,10,STA,WIFI_DROP,
12.6736,4,STA,WIFI_DROP,
12.6736,8,STA,WIFI_DROP,
12.6736,10,STA,WIFI_DROP,
12.676,4,STA,WIFI_DROP,
12.676,8,STA,WIFI_DROP,
12.676,10,STA,WIFI_DROP,
12.6784,4,STA,WIFI_DROP,
12.6784,8,STA,WIFI_DROP,
12.6784,10,STA,WIFI_DROP,
12.6808,4,STA,WIFI_DROP,
12.6808,8,STA,WIFI_DROP,
12.6808,10,STA,WIFI_DROP,
12.6832,4,STA,WIFI_DROP,
12.6832,8,STA,WIFI_DROP,
12.6832,10,STA,WIFI_DROP,
12.6856,4,STA,WIFI_DROP,
12.6856,8,STA,WIFI_DROP,
12.6856,10,STA,WIFI_DROP,
12.688,4,STA,WIFI_DROP,
12.688,8,STA,WIFI_DROP,
12.688,10,STA,WIFI_DROP,
12.6904,4,STA,WIFI_DROP,
12.6904,8,STA,WIFI_DROP,
12.6904,10,STA,WIFI_DROP,
12.6928,4,STA,WIFI_DROP,
12.6928,8,STA,WIFI_DROP,
12.6928,10,STA,WIFI_DROP,
12.6952,4,STA,WIFI_DROP,
12.6952,8,STA,WIFI_DROP,
12.6952,10,STA,WIFI_DROP,
12.6976,4,STA,WIFI_DROP,
12.6976,8,STA,WIFI_DROP,
12.6976,10,STA,WIFI_DROP,
12.7,4,STA,WIFI_DROP,
12.7,8,STA,WIFI_DROP,
12.7,10,STA,WIFI_DROP,
12.7024,4,STA,WIFI_DROP,
12.7024,8,STA,WIFI_DROP,
12.7024,10,STA,WIFI_DROP,
12.7048,4,STA,WIFI_DROP,
12.7048,8,STA,WIFI_DROP,
12.7048,10,STA,WIFI_DROP,
12.7072,4,STA,WIFI_DROP,
12.7072,8,STA,WIFI_DROP,
12.7072,10,STA,WIFI_DROP,
12.7096,4,STA,WIFI_DROP,
12.7096,8,STA,WIFI_DROP,
12.7096,10,STA,WIFI_DROP,
12.712,4,STA,WIFI_DROP,
12.712,8,STA,WIFI_DROP,
12.712,10,STA,WIFI_DROP,
12.7144,4,STA,WIFI_DROP,
12.7144,8,STA,WIFI_DROP,
12.7144,10,STA,WIFI_DROP,
12.7168,4,STA,WIFI_DROP,
12.7168,8,STA,WIFI_DROP,
12.7168,10,STA,WIFI_DROP,
12.7192,4,STA,WIFI_DROP,
12.7192,8,STA,WIFI_DROP,
12.7192,10,STA,WIFI_DROP,
12.7216,4,STA,WIFI_DROP,
12.7216,8,STA,WIFI_DROP,
12.7216,10,STA,WIFI_DROP,
12.724,4,STA,WIFI_DROP,
12.724,8,STA,WIFI_DROP,
12.724,10,STA,WIFI_DROP,
12.7264,4,STA,WIFI_DROP,
12.7264,8,STA,WIFI_DROP,
12.7264,10,STA,WIFI_DROP,
12.7288,4,STA,WIFI_DROP,
12.7288,8,STA,WIFI_DROP,
12.7288,10,STA,WIFI_DROP,
12.7312,4,STA,WIFI_DROP,
12.7312,8,STA,WIFI_DROP,
12.7312,10,STA,WIFI_DROP,
12.7336,4,STA,WIFI_DROP,
12.7336,8,STA,WIFI_DROP,
12.7336,10,STA,WIFI_DROP,
12.736,4,STA,WIFI_DROP,
12.736,8,STA,WIFI_DROP,
12.736,10,STA,WIFI_DROP,
12.7384,4,STA,WIFI_DROP,
12.7384,8,STA,WIFI_DROP,
12.7384,10,STA,WIFI_DROP,
12.7408,4,STA,WIFI_DROP,
12.7408,8,STA,WIFI_DROP,
12.7408,10,STA,WIFI_DROP,
12.7432,4,STA,WIFI_DROP,
12.7432,8,STA,WIFI_DROP,
12.7432,10,STA,WIFI_DROP,
12.7456,4,STA,WIFI_DROP,
12.7456,8,STA,WIFI_DROP,
12.7456,10,STA,WIFI_DROP,
12.748,4,STA,WIFI_DROP,
12.748,8,STA,WIFI_DROP,
12.748,10,STA,WIFI_DROP,
12.7504,4,STA,WIFI_DROP,
12.7504,8,STA,WIFI_DROP,
12.7504,10,STA,WIFI_DROP,
12.7528,4,STA,WIFI_DROP,
12.7528,8,STA,WIFI_DROP,
12.7528,10,STA,WIFI_DROP,
12.7552,4,STA,WIFI_DROP,
12.7552,8,STA,WIFI_DROP,
12.7552,10,STA,WIFI_DROP,
12.7576,4,STA,WIFI_DROP,
12.7576,8,STA,WIFI_DROP,
12.7576,10,STA,WIFI_DROP,
12.76,4,STA,WIFI_DROP,
12.76,8,STA,WIFI_DROP,
12.76,10,STA,WIFI_DROP,
12.7624,4,STA,WIFI_DROP,
12.7624,8,STA,WIFI_DROP,
12.7624,10,STA,WIFI_DROP,
12.7648,4,STA,WIFI_DROP,
12.7648,8,STA,WIFI_DROP,
12.7648,10,STA,WIFI_DROP,
12.7672,4,STA,WIFI_DROP,
12.7672,8,STA,WIFI_DROP,
12.7672,10,STA,WIFI_DROP,
12.7696,4,STA,WIFI_DROP,
12.7696,8,STA,WIFI_DROP,
12.7696,10,STA,WIFI_DROP,
12.772,4,STA,WIFI_DROP,
12.772,8,STA,WIFI_DROP,
12.772,10,STA,WIFI_DROP,
12.7744,4,STA,WIFI_DROP,
12.7744,8,STA,WIFI_DROP,
12.7744,10,STA,WIFI_DROP,
12.7768,4,STA,WIFI_DROP,
12.7768,8,STA,WIFI_DROP,
12.7768,10,STA,WIFI_DROP,
12.7792,4,STA,WIFI_DROP,
12.7792,8,STA,WIFI_DROP,
12.7792,10,STA,WIFI_DROP,
12.7816,4,STA,WIFI_DROP,
12.7816,8,STA,WIFI_DROP,
12.7816,10,STA,WIFI_DROP,
12.784,4,STA,WIFI_DROP,
12.784,8,STA,WIFI_DROP,
12.784,10,STA,WIFI_DROP,
12.7864,4,STA,WIFI_DROP,
12.7864,8,STA,WIFI_DROP,
12.7864,10,STA,WIFI_DROP,
12.7888,4,STA,WIFI_DROP,
12.7888,8,STA,WIFI_DROP,
12.7888,10,STA,WIFI_DROP,
12.7912,4,STA,WIFI_DROP,
12.7912,8,STA,WIFI_DROP,
12.7912,10,STA,WIFI_DROP,
12.7936,4,STA,WIFI_DROP,
12.7936,8,STA,WIFI_DROP,
12.7936,10,STA,WIFI_DROP,
12.796,4,STA,WIFI_DROP,
12.796,8,STA,WIFI_DROP,
12.796,10,STA,WIFI_DROP,
12.7984,4,STA,WIFI_DROP,
12.7984,8,STA,WIFI_DROP,
12.7984,10,STA,WIFI_DROP,
12.8008,4,STA,WIFI_DROP,
12.8008,8,STA,WIFI_DROP,
12.8008,10,STA,WIFI_DROP,
12.8032,4,STA,WIFI_DROP,
12.8032,8,STA,WIFI_DROP,
12.8032,10,STA,WIFI_DROP,
12.8056,8,STA,WIFI_DROP,
12.8056,10,STA,WIFI_DROP,
12.808,8,STA,WIFI_DROP,
12.808,10,STA,WIFI_DROP,
12.8104,8,STA,WIFI_DROP,
12.8104,10,STA,WIFI_DROP,
12.8128,8,STA,WIFI_DROP,
12.8128,10,STA,WIFI_DROP,
12.8152,8,STA,WIFI_DROP,
12.8152,10,STA,WIFI_DROP,
12.8176,8,STA,WIFI_DROP,
12.8176,10,STA,WIFI_DROP,
12.82,8,STA,WIFI_DROP,
12.82,10,STA,WIFI_DROP,
12.8224,8,STA,WIFI_DROP,
12.8224,10,STA,WIFI_DROP,
12.8248,8,STA,WIFI_DROP,
12.8248,10,STA,WIFI_DROP,
12.8272,8,STA,WIFI_DROP,
12.8272,10,STA,WIFI_DROP,
12.8296,4,STA,WIFI_DROP,
12.8296,8,STA,WIFI_DROP,
12.8296,10,STA,WIFI_DROP,
12.832,4,STA,WIFI_DROP,
12.832,8,STA,WIFI_DROP,
12.832,10,STA,WIFI_DROP,
12.8344,4,STA,WIFI_DROP,
12.8344,8,STA,WIFI_DROP,
12.8344,10,STA,WIFI_DROP,
12.8368,4,STA,WIFI_DROP,
12.8368,8,STA,WIFI_DROP,
12.8368,10,STA,WIFI_DROP,
12.8392,4,STA,WIFI_DROP,
12.8392,8,STA,WIFI_DROP,
12.8392,10,STA,WIFI_DROP,
12.8416,4,STA,WIFI_DROP,
12.8416,8,STA,WIFI_DROP,
12.8416,10,STA,WIFI_DROP,
12.844,4,STA,WIFI_DROP,
12.844,8,STA,WIFI_DROP,
12.844,10,STA,WIFI_DROP,
12.8464,4,STA,WIFI_DROP,
12.8464,8,STA,WIFI_DROP,
12.8464,10,STA,WIFI_DROP,
12.8488,4,STA,WIFI_DROP,
12.8488,8,STA,WIFI_DROP,
12.8488,10,STA,WIFI_DROP,
12.8512,4,STA,WIFI_DROP,
12.8512,8,STA,WIFI_DROP,
12.8512,10,STA,WIFI_DROP,
12.8536,4,STA,WIFI_DROP,
12.8536,8,STA,WIFI_DROP,
12.8536,10,STA,WIFI_DROP,
12.856,4,STA,WIFI_DROP,
12.856,8,STA,WIFI_DROP,
12.856,10,STA,WIFI_DROP,
12.8584,4,STA,WIFI_DROP,
12.8584,8,STA,WIFI_DROP,
12.8584,10,STA,WIFI_DROP,
12.8608,4,STA,WIFI_DROP,
12.8608,8,STA,WIFI_DROP,
12.8608,10,STA,WIFI_DROP,
12.8632,4,STA,WIFI_DROP,
12.8632,8,STA,WIFI_DROP,
12.8632,10,STA,WIFI_DROP,
12.8656,4,STA,WIFI_DROP,
12.8656,8,STA,WIFI_DROP,
12.8656,10,STA,WIFI_DROP,
12.868,4,STA,WIFI_DROP,
12.868,8,STA,WIFI_DROP,
12.868,10,STA,WIFI_DROP,
12.8704,4,STA,WIFI_DROP,
12.8704,8,STA,WIFI_DROP,
12.8704,10,STA,WIFI_DROP,
12.8728,4,STA,WIFI_DROP,
12.8728,8,STA,WIFI_DROP,
12.8728,10,STA,WIFI_DROP,
12.8752,4,STA,WIFI_DROP,
12.8752,8,STA,WIFI_DROP,
12.8752,10,STA,WIFI_DROP,
12.8776,4,STA,WIFI_DROP,
12.8776,8,STA,WIFI_DROP,
12.8776,10,STA,WIFI_DROP,
12.88,4,STA,WIFI_DROP,
12.88,8,STA,WIFI_DROP,
12.88,10,STA,WIFI_DROP,
12.8824,4,STA,WIFI_DROP,
12.8824,8,STA,WIFI_DROP,
12.8824,10,STA,WIFI_DROP,
12.8848,4,STA,WIFI_DROP,
12.8848,8,STA,WIFI_DROP,
12.8848,10,STA,WIFI_DROP,
12.8872,4,STA,WIFI_DROP,
12.8872,8,STA,WIFI_DROP,
12.8872,10,STA,WIFI_DROP,
12.8896,4,STA,WIFI_DROP,
12.8896,8,STA,WIFI_DROP,
12.8896,10,STA,WIFI_DROP,
12.892,4,STA,WIFI_DROP,
12.892,8,STA,WIFI_DROP,
12.892,10,STA,WIFI_DROP,
12.8944,4,STA,WIFI_DROP,
12.8944,8,STA,WIFI_DROP,
12.8944,10,STA,WIFI_DROP,
12.8968,4,STA,WIFI_DROP,
12.8968,8,STA,WIFI_DROP,
12.8968,10,STA,WIFI_DROP,
12.8992,4,STA,WIFI_DROP,
12.8992,8,STA,WIFI_DROP,
12.8992,10,STA,WIFI_DROP,
12.9016,4,STA,WIFI_DROP,
12.9016,8,STA,WIFI_DROP,
12.9016,10,STA,WIFI_DROP,
12.904,4,STA,WIFI_DROP,
12.904,8,STA,WIFI_DROP,
12.904,10,STA,WIFI_DROP,
12.9064,4,STA,WIFI_DROP,
12.9064,8,STA,WIFI_DROP,
12.9064,10,STA,WIFI_DROP,
12.9088,4,STA,WIFI_DROP,
12.9088,8,STA,WIFI_DROP,
12.9088,10,STA,WIFI_DROP,
12.9112,4,STA,WIFI_DROP,
12.9112,8,STA,WIFI_DROP,
12.9112,10,STA,WIFI_DROP,
12.9136,4,STA,WIFI_DROP,
12.9136,8,STA,WIFI_DROP,
12.9136,10,STA,WIFI_DROP,
12.916,4,STA,WIFI_DROP,
12.916,8,STA,WIFI_DROP,
12.916,10,STA,WIFI_DROP,
12.9184,4,STA,WIFI_DROP,
12.9184,8,STA,WIFI_DROP,
12.9184,10,STA,WIFI_DROP,
12.9208,4,STA,WIFI_DROP,
12.9208,8,STA,WIFI_DROP,
12.9208,10,STA,WIFI_DROP,
12.9232,4,STA,WIFI_DROP,
12.9232,8,STA,WIFI_DROP,
12.9232,10,STA,WIFI_DROP,
12.9256,4,STA,WIFI_DROP,
12.9256,8,STA,WIFI_DROP,
12.9256,10,STA,WIFI_DROP,
12.928,4,STA,WIFI_DROP,
12.928,8,STA,WIFI_DROP,
12.928,10,STA,WIFI_DROP,
12.9304,4,STA,WIFI_DROP,
12.9304,8,STA,WIFI_DROP,
12.9304,10,STA,WIFI_DROP,
12.9328,4,STA,WIFI_DROP,
12.9328,8,STA,WIFI_DROP,
12.9328,10,STA,WIFI_DROP,
12.9352,4,STA,WIFI_DROP,
12.9352,8,STA,WIFI_DROP,
12.9352,10,STA,WIFI_DROP,
12.9376,4,STA,WIFI_DROP,
12.9376,8,STA,WIFI_DROP,
12.9376,10,STA,WIFI_DROP,
12.94,4,STA,WIFI_DROP,
12.94,8,STA,WIFI_DROP,
12.94,10,STA,WIFI_DROP,
12.9424,4,STA,WIFI_DROP,
12.9424,8,STA,WIFI_DROP,
12.9424,10,STA,WIFI_DROP,
12.9448,4,STA,WIFI_DROP,
12.9448,8,STA,WIFI_DROP,
12.9448,10,STA,WIFI_DROP,
12.9472,4,STA,WIFI_DROP,
12.9472,8,STA,WIFI_DROP,
12.9472,10,STA,WIFI_DROP,
12.9496,4,STA,WIFI_DROP,
12.9496,8,STA,WIFI_DROP,
12.9496,10,STA,WIFI_DROP,
12.952,4,STA,WIFI_DROP,
12.952,8,STA,WIFI_DROP,
12.952,10,STA,WIFI_DROP,
12.9544,4,STA,WIFI_DROP,
12.9544,8,STA,WIFI_DROP,
12.9544,10,STA,WIFI_DROP,
12.9568,4,STA,WIFI_DROP,
12.9568,8,STA,WIFI_DROP,
12.9568,10,STA,WIFI_DROP,
12.9592,4,STA,WIFI_DROP,
12.9592,8,STA,WIFI_DROP,
12.9592,10,STA,WIFI_DROP,
12.9616,4,STA,WIFI_DROP,
12.9616,8,STA,WIFI_DROP,
12.9616,10,STA,WIFI_DROP,
12.964,4,STA,WIFI_DROP,
12.964,8,STA,WIFI_DROP,
12.964,10,STA,WIFI_DROP,
12.9664,4,STA,WIFI_DROP,
12.9664,8,STA,WIFI_DROP,
12.9664,10,STA,WIFI_DROP,
12.9688,4,STA,WIFI_DROP,
12.9688,8,STA,WIFI_DROP,
12.9688,10,STA,WIFI_DROP,
12.9712,4,STA,WIFI_DROP,
12.9712,8,STA,WIFI_DROP,
12.9712,10,STA,WIFI_DROP,
12.9736,4,STA,WIFI_DROP,
12.9736,8,STA,WIFI_DROP,
12.9736,10,STA,WIFI_DROP,
12.976,4,STA,WIFI_DROP,
12.976,8,STA,WIFI_DROP,
12.976,10,STA,WIFI_DROP,
12.9784,4,STA,WIFI_DROP,
12.9784,8,STA,WIFI_DROP,
12.9784,10,STA,WIFI_DROP,
12.9808,4,STA,WIFI_DROP,
12.9808,8,STA,WIFI_DROP,
12.9808,10,STA,WIFI_DROP,
12.9832,4,STA,WIFI_DROP,
12.9832,8,STA,WIFI_DROP,
12.9832,10,STA,WIFI_DROP,
12.9856,4,STA,WIFI_DROP,
12.9856,8,STA,WIFI_DROP,
12.9856,10,STA,WIFI_DROP,
12.988,4,STA,WIFI_DROP,
12.988,8,STA,WIFI_DROP,
12.988,10,STA,WIFI_DROP,
12.9904,4,STA,WIFI_DROP,
12.9904,8,STA,WIFI_DROP,
12.9904,10,STA,WIFI_DROP,
12.9928,4,STA,WIFI_DROP,
12.9928,8,STA,WIFI_DROP,
12.9928,10,STA,WIFI_DROP,
12.9952,4,STA,WIFI_DROP,
12.9952,8,STA,WIFI_DROP,
12.9952,10,STA,WIFI_DROP,
12.9976,4,STA,WIFI_DROP,
12.9976,8,STA,WIFI_DROP,
12.9976,10,STA,WIFI_DROP,
13,4,STA,THROUGHPUT_MBPS,0.204000
13,6,STA,THROUGHPUT_MBPS,3.744000
13,8,STA,THROUGHPUT_MBPS,1.968000
13,9,STA,THROUGHPUT_MBPS,1.944000
13,10,STA,THROUGHPUT_MBPS,0.060000
13,13,STA,THROUGHPUT_MBPS,1.008000
13,15,STA,THROUGHPUT_MBPS,1.524000
13,16,STA,THROUGHPUT_MBPS,0.600000
13,17,STA,THROUGHPUT_MBPS,3.744000
13,20,STA,THROUGHPUT_MBPS,0.900000
13,1,AP,AGGREGATE_THROUGHPUT_MBPS,15.696000
13,1,AP,SENT_COUNT,8320.000000
13,1,AP,RECV_COUNT,1308.000000
13,1,AP,LATENCY_P95_MS,535.610280
13,4,STA,WIFI_DROP,
13,8,STA,WIFI_DROP,
13,10,STA,WIFI_DROP,
13.0024,4,STA,WIFI_DROP,
13.0024,8,STA,WIFI_DROP,
13.0024,10,STA,WIFI_DROP,
13.0048,4,STA,WIFI_DROP,
13.0048,8,STA,WIFI_DROP,
13.0048,10,STA,WIFI_DROP,
13.0072,4,STA,WIFI_DROP,
13.0072,8,STA,WIFI_DROP,
13.0072,10,STA,WIFI_DROP,
13.0096,4,STA,WIFI_DROP,
13.0096,8,STA,WIFI_DROP,
13.0096,10,STA,WIFI_DROP,
13.012,4,STA,WIFI_DROP,
13.012,8,STA,WIFI_DROP,
13.012,10,STA,WIFI_DROP,
13.0144,4,STA,WIFI_DROP,
13.0144,8,STA,WIFI_DROP,
13.0144,10,STA,WIFI_DROP,
13.0168,4,STA,WIFI_DROP,
13.0168,8,STA,WIFI_DROP,
13.0168,10,STA,WIFI_DROP,
13.0192,4,STA,WIFI_DROP,
13.0192,8,STA,WIFI_DROP,
13.0192,10,STA,WIFI_DROP,
13.0216,4,STA,WIFI_DROP,
13.0216,8,STA,WIFI_DROP,
13.0216,10,STA,WIFI_DROP,
13.024,4,STA,WIFI_DROP,
13.024,8,STA,WIFI_DROP,
13.0264,4,STA,WIFI_DROP,
13.0264,8,STA,WIFI_DROP,
13.0288,4,STA,WIFI_DROP,
13.0288,8,STA,WIFI_DROP,
13.0312,4,STA,WIFI_DROP,
13.0312,8,STA,WIFI_DROP,
13.0336,8,STA,WIFI_DROP,
13.036,8,STA,WIFI_DROP,
13.0384,8,STA,WIFI_DROP,
13.0408,8,STA,WIFI_DROP,
13.0432,8,STA,WIFI_DROP,
13.0456,8,STA,WIFI_DROP,
13.048,8,STA,WIFI_DROP,
13.0504,8,STA,WIFI_DROP,
13.0528,8,STA,WIFI_DROP,
13.0552,8,STA,WIFI_DROP,
13.0576,8,STA,WIFI_DROP,
13.06,8,STA,WIFI_DROP,
13.0624,8,STA,WIFI_DROP,
13.0648,8,STA,WIFI_DROP,
13.0672,8,STA,WIFI_DROP,
13.0696,8,STA,WIFI_DROP,
13.072,8,STA,WIFI_DROP,
13.0744,8,STA,WIFI_DROP,
13.0768,8,STA,WIFI_DROP,
13.0792,8,STA,WIFI_DROP,
13.0816,8,STA,WIFI_DROP,
13.084,8,STA,WIFI_DROP,
13.0864,8,STA,WIFI_DROP,
13.0888,8,STA,WIFI_DROP,
13.0912,8,STA,WIFI_DROP,
13.0936,8,STA,WIFI_DROP,
13.096,8,STA,WIFI_DROP,
13.0984,8,STA,WIFI_DROP,
13.1008,8,STA,WIFI_DROP,
13.1032,8,STA,WIFI_DROP,
13.1056,8,STA,WIFI_DROP,
13.108,8,STA,WIFI_DROP,
13.1104,8,STA,WIFI_DROP,
13.1128,8,STA,WIFI_DROP,
13.1152,8,STA,WIFI_DROP,
13.1176,8,STA,WIFI_DROP,
13.12,8,STA,WIFI_DROP,
13.1224,8,STA,WIFI_DROP,
13.1248,8,STA,WIFI_DROP,
13.1272,8,STA,WIFI_DROP,
13.1296,8,STA,WIFI_DROP,
13.132,8,STA,WIFI_DROP,
13.1344,8,STA,WIFI_DROP,
13.1368,8,STA,WIFI_DROP,
13.1392,8,STA,WIFI_DROP,
13.1416,8,STA,WIFI_DROP,
13.144,8,STA,WIFI_DROP,
13.1464,8,STA,WIFI_DROP,
13.1488,8,STA,WIFI_DROP,
13.1512,8,STA,WIFI_DROP,
13.1536,8,STA,WIFI_DROP,
13.156,8,STA,WIFI_DROP,
13.1584,8,STA,WIFI_DROP,
13.1608,8,STA,WIFI_DROP,
13.1632,8,STA,WIFI_DROP,
13.1656,8,STA,WIFI_DROP,
13.168,8,STA,WIFI_DROP,
13.1704,8,STA,WIFI_DROP,
13.1728,8,STA,WIFI_DROP,
13.1752,8,STA,WIFI_DROP,
13.1776,8,STA,WIFI_DROP,
13.18,8,STA,WIFI_DROP,
13.1824,8,STA,WIFI_DROP,
13.1848,8,STA,WIFI_DROP,
13.1872,8,STA,WIFI_DROP,
13.1896,8,STA,WIFI_DROP,
13.192,8,STA,WIFI_DROP,
13.1944,8,STA,WIFI_DROP,
13.1968,8,STA,WIFI_DROP,
13.1992,8,STA,WIFI_DROP,
13.2016,8,STA,WIFI_DROP,
13.204,8,STA,WIFI_DROP,
13.2064,8,STA,WIFI_DROP,
13.2088,8,STA,WIFI_DROP,
13.2112,8,STA,WIFI_DROP,
13.2136,8,STA,WIFI_DROP,
13.216,8,STA,WIFI_DROP,
13.2184,8,STA,WIFI_DROP,
13.2208,8,STA,WIFI_DROP,
13.2232,8,STA,WIFI_DROP,
13.4968,11,STA,WIFI_DROP,
13.4992,11,STA,WIFI_DROP,
13.5016,11,STA,WIFI_DROP,
13.504,11,STA,WIFI_DROP,
13.5064,11,STA,WIFI_DROP,
13.5088,11,STA,WIFI_DROP,
13.5112,11,STA,WIFI_DROP,
13.5136,11,STA,WIFI_DROP,
13.516,11,STA,WIFI_DROP,
13.5184,11,STA,WIFI_DROP,
13.5208,11,STA,WIFI_DROP,
13.5232,11,STA,WIFI_DROP,
13.5256,11,STA,WIFI_DROP,
13.528,11,STA,WIFI_DROP,
13.5304,11,STA,WIFI_DROP,
13.5328,11,STA,WIFI_DROP,
13.5352,11,STA,WIFI_DROP,
13.5376,11,STA,WIFI_DROP,
13.54,11,STA,WIFI_DROP,
13.5424,11,STA,WIFI_DROP,
13.5448,11,STA,WIFI_DROP,
13.5472,11,STA,WIFI_DROP,
13.5496,11,STA,WIFI_DROP,
13.552,11,STA,WIFI_DROP,
13.5544,11,STA,WIFI_DROP,
13.5568,11,STA,WIFI_DROP,
13.5592,11,STA,WIFI_DROP,
13.5616,11,STA,WIFI_DROP,
13.564,11,STA,WIFI_DROP,
13.5664,11,STA,WIFI_DROP,
13.5688,11,STA,WIFI_DROP,
13.5712,11,STA,WIFI_DROP,
13.5736,11,STA,WIFI_DROP,
13.576,11,STA,WIFI_DROP,
13.5784,11,STA,WIFI_DROP,
13.5808,11,STA,WIFI_DROP,
13.5832,11,STA,WIFI_DROP,
13.5856,11,STA,WIFI_DROP,
13.588,11,STA,WIFI_DROP,
13.5904,11,STA,WIFI_DROP,
13.5928,11,STA,WIFI_DROP,
13.5952,11,STA,WIFI_DROP,
13.5976,11,STA,WIFI_DROP,
13.6,11,STA,WIFI_DROP,
13.6024,11,STA,WIFI_DROP,
13.6048,11,STA,WIFI_DROP,
13.6072,11,STA,WIFI_DROP,
13.6096,11,STA,WIFI_DROP,
13.612,11,STA,WIFI_DROP,
13.6144,11,STA,WIFI_DROP,
13.6168,11,STA,WIFI_DROP,
13.6192,11,STA,WIFI_DROP,
13.6216,11,STA,WIFI_DROP,
13.624,11,STA,WIFI_DROP,
13.6264,11,STA,WIFI_DROP,
13.6288,11,STA,WIFI_DROP,
13.6312,11,STA,WIFI_DROP,
13.6336,11,STA,WIFI_DROP,
13.636,11,STA,WIFI_DROP,
13.6384,11,STA,WIFI_DROP,
13.6408,11,STA,WIFI_DROP,
13.6432,11,STA,WIFI_DROP,
13.6456,11,STA,WIFI_DROP,
13.648,11,STA,WIFI_DROP,
13.6504,11,STA,WIFI_DROP,
13.7032,12,STA,WIFI_DROP,
13.7056,12,STA,WIFI_DROP,
13.708,12,STA,WIFI_DROP,
13.7104,12,STA,WIFI_DROP,
13.7128,12,STA,WIFI_DROP,
13.7152,12,STA,WIFI_DROP,
13.7176,12,STA,WIFI_DROP,
13.72,12,STA,WIFI_DROP,
13.7224,12,STA,WIFI_DROP,
13.7248,12,STA,WIFI_DROP,
13.7272,12,STA,WIFI_DROP,
13.7296,12,STA,WIFI_DROP,
13.732,12,STA,WIFI_DROP,
13.7344,12,STA,WIFI_DROP,
13.7368,12,STA,WIFI_DROP,
13.7392,12,STA,WIFI_DROP,
13.7416,12,STA,WIFI_DROP,
13.744,12,STA,WIFI_DROP,
13.7464,8,STA,WIFI_DROP,
13.7464,12,STA,WIFI_DROP,
13.7488,8,STA,WIFI_DROP,
13.7488,12,STA,WIFI_DROP,
13.7512,8,STA,WIFI_DROP,
13.7512,12,STA,WIFI_DROP,
13.7536,8,STA,WIFI_DROP,
13.7536,12,STA,WIFI_DROP,
13.756,8,STA,WIFI_DROP,
13.756,12,STA,WIFI_DROP,
13.7584,8,STA,WIFI_DROP,
13.7584,12,STA,WIFI_DROP,
13.7608,8,STA,WIFI_DROP,
13.7608,12,STA,WIFI_DROP,
13.7632,8,STA,WIFI_DROP,
13.7632,12,STA,WIFI_DROP,
13.7656,8,STA,WIFI_DROP,
13.7656,12,STA,WIFI_DROP,
13.768,8,STA,WIFI_DROP,
13.768,12,STA,WIFI_DROP,
13.7704,8,STA,WIFI_DROP,
13.7704,12,STA,WIFI_DROP,
13.7728,8,STA,WIFI_DROP,
13.7728,12,STA,WIFI_DROP,
13.7752,8,STA,WIFI_DROP,
13.7752,12,STA,WIFI_DROP,
13.7776,8,STA,WIFI_DROP,
13.7776,12,STA,WIFI_DROP,
13.78,8,STA,WIFI_DROP,
13.78,12,STA,WIFI_DROP,
13.7824,8,STA,WIFI_DROP,
13.7824,12,STA,WIFI_DROP,
13.7848,8,STA,WIFI_DROP,
13.7848,12,STA,WIFI_DROP,
13.7872,8,STA,WIFI_DROP,
13.7872,12,STA,WIFI_DROP,
13.7896,8,STA,WIFI_DROP,
13.7896,12,STA,WIFI_DROP,
13.792,8,STA,WIFI_DROP,
13.792,12,STA,WIFI_DROP,
13.7944,8,STA,WIFI_DROP,
13.7944,12,STA,WIFI_DROP,
13.7968,8,STA,WIFI_DROP,
13.7968,12,STA,WIFI_DROP,
13.7992,8,STA,WIFI_DROP,
13.7992,12,STA,WIFI_DROP,
13.8016,8,STA,WIFI_DROP,
13.8016,12,STA,WIFI_DROP,
13.804,8,STA,WIFI_DROP,
13.804,12,STA,WIFI_DROP,
13.8064,8,STA,WIFI_DROP,
13.8088,8,STA,WIFI_DROP,
13.8112,8,STA,WIFI_DROP,
13.8136,8,STA,WIFI_DROP,
13.816,8,STA,WIFI_DROP,
13.8184,8,STA,WIFI_DROP,
13.8208,8,STA,WIFI_DROP,
13.8232,8,STA,WIFI_DROP,
13.8256,8,STA,WIFI_DROP,
13.828,8,STA,WIFI_DROP,
13.8304,8,STA,WIFI_DROP,
13.8328,8,STA,WIFI_DROP,
13.8352,8,STA,WIFI_DROP,
13.8376,8,STA,WIFI_DROP,
13.84,8,STA,WIFI_DROP,
13.8424,8,STA,WIFI_DROP,
13.8448,8,STA,WIFI_DROP,
13.8472,8,STA,WIFI_DROP,
13.8496,8,STA,WIFI_DROP,
13.852,8,STA,WIFI_DROP,
13.8544,8,STA,WIFI_DROP,
13.8568,8,STA,WIFI_DROP,
13.8592,8,STA,WIFI_DROP,
13.8616,8,STA,WIFI_DROP,
13.864,8,STA,WIFI_DROP,
13.8664,8,STA,WIFI_DROP,
13.8688,8,STA,WIFI_DROP,
13.8712,8,STA,WIFI_DROP,
13.8736,8,STA,WIFI_DROP,
13.876,8,STA,WIFI_DROP,
13.8784,8,STA,WIFI_DROP,
13.8808,8,STA,WIFI_DROP,
13.8832,8,STA,WIFI_DROP,
13.8856,8,STA,WIFI_DROP,
13.888,8,STA,WIFI_DROP,
13.8904,8,STA,WIFI_DROP,
13.8928,8,STA,WIFI_DROP,
13.8952,8,STA,WIFI_DROP,
13.8976,8,STA,WIFI_DROP,
13.9,8,STA,WIFI_DROP,
13.9024,8,STA,WIFI_DROP,
13.9048,8,STA,WIFI_DROP,
13.9072,8,STA,WIFI_DROP,
13.9096,8,STA,WIFI_DROP,
13.912,8,STA,WIFI_DROP,
13.9144,8,STA,WIFI_DROP,
13.9168,8,STA,WIFI_DROP,
13.9192,8,STA,WIFI_DROP,
13.9216,8,STA,WIFI_DROP,
13.924,8,STA,WIFI_DROP,
13.9264,8,STA,WIFI_DROP,
13.9288,8,STA,WIFI_DROP,
13.9312,8,STA,WIFI_DROP,
13.9336,8,STA,WIFI_DROP,
13.936,8,STA,WIFI_DROP,
13.9384,8,STA,WIFI_DROP,
13.9408,8,STA,WIFI_DROP,
13.9432,8,STA,WIFI_DROP,
13.9456,8,STA,WIFI_DROP,
13.948,8,STA,WIFI_DROP,
13.9504,8,STA,WIFI_DROP,
13.9528,8,STA,WIFI_DROP,
13.9552,8,STA,WIFI_DROP,
13.9576,8,STA,WIFI_DROP,
13.96,8,STA,WIFI_DROP,
13.9624,8,STA,WIFI_DROP,
13.9648,8,STA,WIFI_DROP,
13.9672,8,STA,WIFI_DROP,
13.9696,8,STA,WIFI_DROP,
13.972,8,STA,WIFI_DROP,
13.9744,8,STA,WIFI_DROP,
13.9768,8,STA,WIFI_DROP,
13.9792,8,STA,WIFI_DROP,
13.9816,8,STA,WIFI_DROP,
13.984,8,STA,WIFI_DROP,
13.9864,8,STA,WIFI_DROP,
13.9888,8,STA,WIFI_DROP,
13.9912,8,STA,WIFI_DROP,
13.9936,8,STA,WIFI_DROP,
13.996,8,STA,WIFI_DROP,
13.9984,8,STA,WIFI_DROP,
14,4,STA,THROUGHPUT_MBPS,2.340000
14,6,STA,THROUGHPUT_MBPS,3.156000
14,8,STA,THROUGHPUT_MBPS,0.684000
14,9,STA,THROUGHPUT_MBPS,1.656000
14,10,STA,THROUGHPUT_MBPS,2.292000
14,13,STA,THROUGHPUT_MBPS,2.280000
14,15,STA,THROUGHPUT_MBPS,1.608000
14,16,STA,THROUGHPUT_MBPS,1.176000
14,17,STA,THROUGHPUT_MBPS,2.376000
14,20,STA,THROUGHPUT_MBPS,1.176000
14,1,AP,AGGREGATE_THROUGHPUT_MBPS,18.744000
14,1,AP,SENT_COUNT,8340.000000
14,1,AP,RECV_COUNT,1562.000000
14,1,AP,LATENCY_P95_MS,537.014940
14.0008,8,STA,WIFI_DROP,
14.0032,8,STA,WIFI_DROP,
14.1112,2,STA,WIFI_DROP,
14.1136,2,STA,WIFI_DROP,
14.116,2,STA,WIFI_DROP,
14.1184,2,STA,WIFI_DROP,
14.1208,2,STA,WIFI_DROP,
14.1232,2,STA,WIFI_DROP,
14.1256,2,STA,WIFI_DROP,
14.128,2,STA,WIFI_DROP,
14.1304,2,STA,WIFI_DROP,
14.1328,2,STA,WIFI_DROP,
14.1352,2,STA,WIFI_DROP,
14.1376,2,STA,WIFI_DROP,
14.14,2,STA,WIFI_DROP,
14.1424,2,STA,WIFI_DROP,
14.1448,2,STA,WIFI_DROP,
14.1472,2,STA,WIFI_DROP,
14.1496,2,STA,WIFI_DROP,
14.152,2,STA,WIFI_DROP,
14.1544,2,STA,WIFI_DROP,
14.1568,2,STA,WIFI_DROP,
14.1592,2,STA,WIFI_DROP,
14.1616,2,STA,WIFI_DROP,
14.164,2,STA,WIFI_DROP,
14.1664,2,STA,WIFI_DROP,
14.1688,2,STA,WIFI_DROP,
14.1712,2,STA,WIFI_DROP,
14.1736,2,STA,WIFI_DROP,
14.176,2,STA,WIFI_DROP,
14.1784,2,STA,WIFI_DROP,
14.1808,2,STA,WIFI_DROP,
14.1832,2,STA,WIFI_DROP,
14.1856,2,STA,WIFI_DROP,
14.188,2,STA,WIFI_DROP,
14.1904,2,STA,WIFI_DROP,
14.1928,2,STA,WIFI_DROP,
14.1952,2,STA,WIFI_DROP,
14.1976,2,STA,WIFI_DROP,
14.2,2,STA,WIFI_DROP,
14.2024,2,STA,WIFI_DROP,
14.2048,2,STA,WIFI_DROP,
14.2072,2,STA,WIFI_DROP,
14.2096,2,STA,WIFI_DROP,
14.212,2,STA,WIFI_DROP,
14.2144,2,STA,WIFI_DROP,
14.2168,2,STA,WIFI_DROP,
14.2192,2,STA,WIFI_DROP,
14.2216,2,STA,WIFI_DROP,
14.224,2,STA,WIFI_DROP,
14.2264,2,STA,WIFI_DROP,
14.2288,2,STA,WIFI_DROP,
14.2312,2,STA,WIFI_DROP,
14.2336,2,STA,WIFI_DROP,
14.236,2,STA,WIFI_DROP,
14.2384,2,STA,WIFI_DROP,
14.2408,2,STA,WIFI_DROP,
14.2432,2,STA,WIFI_DROP,
14.2456,2,STA,WIFI_DROP,
14.248,2,STA,WIFI_DROP,
14.2504,2,STA,WIFI_DROP,
14.2528,2,STA,WIFI_DROP,
14.2552,2,STA,WIFI_DROP,
14.2576,2,STA,WIFI_DROP,
14.26,2,STA,WIFI_DROP,
14.2624,2,STA,WIFI_DROP,
14.2648,2,STA,WIFI_DROP,
14.2672,2,STA,WIFI_DROP,
14.2696,2,STA,WIFI_DROP,
14.272,2,STA,WIFI_DROP,
14.2744,2,STA,WIFI_DROP,
14.2768,2,STA,WIFI_DROP,
14.2792,2,STA,WIFI_DROP,
14.2816,2,STA,WIFI_DROP,
14.284,2,STA,WIFI_DROP,
14.2864,2,STA,WIFI_DROP,
14.2888,2,STA,WIFI_DROP,
14.2912,2,STA,WIFI_DROP,
14.2936,2,STA,WIFI_DROP,
14.296,2,STA,WIFI_DROP,
14.2984,2,STA,WIFI_DROP,
14.3008,2,STA,WIFI_DROP,
14.3032,2,STA,WIFI_DROP,
14.3056,2,STA,WIFI_DROP,
14.308,2,STA,WIFI_DROP,
14.3104,2,STA,WIFI_DROP,
14.3128,2,STA,WIFI_DROP,
14.3152,2,STA,WIFI_DROP,
14.3176,2,STA,WIFI_DROP,
14.32,2,STA,WIFI_DROP,
14.3224,2,STA,WIFI_DROP,
14.3248,2,STA,WIFI_DROP,
14.3272,2,STA,WIFI_DROP,
14.3296,2,STA,WIFI_DROP,
14.332,2,STA,WIFI_DROP,
14.3344,2,STA,WIFI_DROP,
14.3368,2,STA,WIFI_DROP,
14.3392,2,STA,WIFI_DROP,
14.3416,2,STA,WIFI_DROP,
14.344,2,STA,WIFI_DROP,
14.3464,2,STA,WIFI_DROP,
14.3488,2,STA,WIFI_DROP,
14.3512,2,STA,WIFI_DROP,
14.3536,2,STA,WIFI_DROP,
14.356,2,STA,WIFI_DROP,
14.3584,2,STA,WIFI_DROP,
14.3608,2,STA,WIFI_DROP,
14.3632,2,STA,WIFI_DROP,
14.3656,2,STA,WIFI_DROP,
14.368,2,STA,WIFI_DROP,
14.3704,2,STA,WIFI_DROP,
14.3728,2,STA,WIFI_DROP,
14.3752,2,STA,WIFI_DROP,
14.3776,2,STA,WIFI_DROP,
14.38,2,STA,WIFI_DROP,
14.3824,2,STA,WIFI_DROP,
14.3848,2,STA,WIFI_DROP,
14.3872,2,STA,WIFI_DROP,
14.3896,2,STA,WIFI_DROP,
14.392,2,STA,WIFI_DROP,
14.3944,2,STA,WIFI_DROP,
14.3968,2,STA,WIFI_DROP,
14.3992,2,STA,WIFI_DROP,
14.4016,2,STA,WIFI_DROP,
14.404,2,STA,WIFI_DROP,
14.4064,2,STA,WIFI_DROP,
14.4088,2,STA,WIFI_DROP,
14.4112,2,STA,WIFI_DROP,
14.4136,2,STA,WIFI_DROP,
14.416,2,STA,WIFI_DROP,
14.4184,2,STA,WIFI_DROP,
14.4208,2,STA,WIFI_DROP,
14.4232,2,STA,WIFI_DROP,
14.4256,2,STA,WIFI_DROP,
14.428,2,STA,WIFI_DROP,
14.4304,2,STA,WIFI_DROP,
14.4328,2,STA,WIFI_DROP,
14.4352,2,STA,WIFI_DROP,
14.4376,2,STA,WIFI_DROP,
14.44,2,STA,WIFI_DROP,
14.4424,2,STA,WIFI_DROP,
14.4448,2,STA,WIFI_DROP,
14.4472,2,STA,WIFI_DROP,
14.4496,2,STA,WIFI_DROP,
14.452,2,STA,WIFI_DROP,
14.4544,2,STA,WIFI_DROP,
14.4568,2,STA,WIFI_DROP,
14.4592,2,STA,WIFI_DROP,
14.4616,2,STA,WIFI_DROP,
14.464,2,STA,WIFI_DROP,
14.4664,2,STA,WIFI_DROP,
14.4688,2,STA,WIFI_DROP,
14.4712,2,STA,WIFI_DROP,
14.4736,2,STA,WIFI_DROP,
14.476,2,STA,WIFI_DROP,
14.4784,2,STA,WIFI_DROP,
14.4808,2,STA,WIFI_DROP,
14.4832,2,STA,WIFI_DROP,
14.4856,2,STA,WIFI_DROP,
14.488,2,STA,WIFI_DROP,
14.4904,2,STA,WIFI_DROP,
14.4928,2,STA,WIFI_DROP,
14.4952,2,STA,WIFI_DROP,
14.4976,2,STA,WIFI_DROP,
14.5,2,STA,WIFI_DROP,
14.5024,2,STA,WIFI_DROP,
14.5048,2,STA,WIFI_DROP,
14.5072,2,STA,WIFI_DROP,
14.5096,2,STA,WIFI_DROP,
14.512,2,STA,WIFI_DROP,
14.5144,2,STA,WIFI_DROP,
14.5168,2,STA,WIFI_DROP,
14.5192,2,STA,WIFI_DROP,
14.5216,2,STA,WIFI_DROP,
14.524,2,STA,WIFI_DROP,
14.5264,2,STA,WIFI_DROP,
14.5288,2,STA,WIFI_DROP,
14.5312,2,STA,WIFI_DROP,
14.5336,2,STA,WIFI_DROP,
14.536,2,STA,WIFI_DROP,
14.5384,2,STA,WIFI_DROP,
14.5408,2,STA,WIFI_DROP,
14.5432,2,STA,WIFI_DROP,
14.5456,2,STA,WIFI_DROP,
14.548,2,STA,WIFI_DROP,
14.5504,2,STA,WIFI_DROP,
14.5528,2,STA,WIFI_DROP,
14.5552,2,STA,WIFI_DROP,
14.5576,2,STA,WIFI_DROP,
14.56,2,STA,WIFI_DROP,
14.5624,2,STA,WIFI_DROP,
14.5648,2,STA,WIFI_DROP,
14.5672,2,STA,WIFI_DROP,
14.5696,2,STA,WIFI_DROP,
14.572,2,STA,WIFI_DROP,
14.5744,2,STA,WIFI_DROP,
14.5768,2,STA,WIFI_DROP,
14.5792,2,STA,WIFI_DROP,
14.5816,2,STA,WIFI_DROP,
14.584,2,STA,WIFI_DROP,
14.5864,2,STA,WIFI_DROP,
14.5888,2,STA,WIFI_DROP,
14.5912,2,STA,WIFI_DROP,
14.5936,2,STA,WIFI_DROP,
14.596,2,STA,WIFI_DROP,
14.5984,2,STA,WIFI_DROP,
14.6008,2,STA,WIFI_DROP,
14.6032,2,STA,WIFI_DROP,
14.6056,2,STA,WIFI_DROP,
14.608,2,STA,WIFI_DROP,
14.6104,2,STA,WIFI_DROP,
14.6128,2,STA,WIFI_DROP,
14.6152,2,STA,WIFI_DROP,
14.6176,2,STA,WIFI_DROP,
14.62,2,STA,WIFI_DROP,
14.6224,2,STA,WIFI_DROP,
14.6248,2,STA,WIFI_DROP,
14.6272,2,STA,WIFI_DROP,
14.6296,2,STA,WIFI_DROP,
14.632,2,STA,WIFI_DROP,
14.6344,2,STA,WIFI_DROP,
14.6368,2,STA,WIFI_DROP,
14.6392,2,STA,WIFI_DROP,
14.6416,2,STA,WIFI_DROP,
14.644,2,STA,WIFI_DROP,
14.6464,2,STA,WIFI_DROP,
14.6488,2,STA,WIFI_DROP,
14.6512,2,STA,WIFI_DROP,
14.6536,2,STA,WIFI_DROP,
14.656,2,STA,WIFI_DROP,
14.6584,2,STA,WIFI_DROP,
14.6608,2,STA,WIFI_DROP,
14.6632,2,STA,WIFI_DROP,
14.6656,2,STA,WIFI_DROP,
14.668,2,STA,WIFI_DROP,
14.6704,2,STA,WIFI_DROP,
14.6728,2,STA,WIFI_DROP,
14.6752,2,STA,WIFI_DROP,
14.6776,2,STA,WIFI_DROP,
14.68,2,STA,WIFI_DROP,
14.6824,2,STA,WIFI_DROP,
14.6848,2,STA,WIFI_DROP,
14.6872,2,STA,WIFI_DROP,
14.6896,2,STA,WIFI_DROP,
14.692,2,STA,WIFI_DROP,
14.6944,2,STA,WIFI_DROP,
14.6968,2,STA,WIFI_DROP,
14.6992,2,STA,WIFI_DROP,
14.7016,2,STA,WIFI_DROP,
14.704,2,STA,WIFI_DROP,
14.7064,2,STA,WIFI_DROP,
14.7088,2,STA,WIFI_DROP,
14.7112,2,STA,WIFI_DROP,
15,2,STA,THROUGHPUT_MBPS,0.108000
15,4,STA,THROUGHPUT_MBPS,2.172000
15,6,STA,THROUGHPUT_MBPS,2.532000
15,8,STA,THROUGHPUT_MBPS,2.736000
15,9,STA,THROUGHPUT_MBPS,0.132000
15,10,STA,THROUGHPUT_MBPS,1.056000
15,13,STA,THROUGHPUT_MBPS,2.832000
15,15,STA,THROUGHPUT_MBPS,0.912000
15,16,STA,THROUGHPUT_MBPS,1.740000
15,17,STA,THROUGHPUT_MBPS,1.260000
15,20,STA,THROUGHPUT_MBPS,3.072000
15,1,AP,AGGREGATE_THROUGHPUT_MBPS,18.552000
15,1,AP,SENT_COUNT,8340.000000
15,1,AP,RECV_COUNT,1546.000000
15,1,AP,LATENCY_P95_MS,533.320676
15.2344,2,STA,WIFI_DROP,
15.2368,2,STA,WIFI_DROP,
15.2368,13,STA,WIFI_DROP,
15.2392,2,STA,WIFI_DROP,
15.2392,13,STA,WIFI_DROP,
15.2416,2,STA,WIFI_DROP,
15.2416,13,STA,WIFI_DROP,
15.244,2,STA,WIFI_DROP,
15.244,13,STA,WIFI_DROP,
15.2464,2,STA,WIFI_DROP,
15.2464,13,STA,WIFI_DROP,
15.2488,2,STA,WIFI_DROP,
15.2488,13,STA,WIFI_DROP,
15.2512,2,STA,WIFI_DROP,
15.2512,13,STA,WIFI_DROP,
15.2536,2,STA,WIFI_DROP,
15.2536,13,STA,WIFI_DROP,
15.256,2,STA,WIFI_DROP,
15.256,13,STA,WIFI_DROP,
15.2584,2,STA,WIFI_DROP,
15.2584,13,STA,WIFI_DROP,
15.2608,2,STA,WIFI_DROP,
15.2608,13,STA,WIFI_DROP,
15.2632,2,STA,WIFI_DROP,
15.2632,13,STA,WIFI_DROP,
15.2656,2,STA,WIFI_DROP,
15.2656,13,STA,WIFI_DROP,
15.268,2,STA,WIFI_DROP,
15.268,13,STA,WIFI_DROP,
15.2704,2,STA,WIFI_DROP,
15.2704,13,STA,WIFI_DROP,
15.2728,2,STA,WIFI_DROP,
15.2728,13,STA,WIFI_DROP,
15.2752,2,STA,WIFI_DROP,
15.2752,13,STA,WIFI_DROP,
15.2776,2,STA,WIFI_DROP,
15.2776,13,STA,WIFI_DROP,
15.28,2,STA,WIFI_DROP,
15.28,13,STA,WIFI_DROP,
15.2824,2,STA,WIFI_DROP,
15.2824,13,STA,WIFI_DROP,
15.2848,2,STA,WIFI_DROP,
15.2848,13,STA,WIFI_DROP,
15.2872,13,STA,WIFI_DROP,
15.2896,13,STA,WIFI_DROP,
15.292,13,STA,WIFI_DROP,
15.2944,13,STA,WIFI_DROP,
15.2968,13,STA,WIFI_DROP,
15.2992,13,STA,WIFI_DROP,
15.3016,13,STA,WIFI_DROP,
15.304,13,STA,WIFI_DROP,
15.3064,13,STA,WIFI_DROP,
15.3088,13,STA,WIFI_DROP,
15.3112,13,STA,WIFI_DROP,
15.3136,13,STA,WIFI_DROP,
15.316,13,STA,WIFI_DROP,
15.3184,13,STA,WIFI_DROP,
15.3208,13,STA,WIFI_DROP,
15.3232,13,STA,WIFI_DROP,
15.3256,13,STA,WIFI_DROP,
15.328,13,STA,WIFI_DROP,
15.3304,13,STA,WIFI_DROP,
15.3328,13,STA,WIFI_DROP,
15.3352,13,STA,WIFI_DROP,
15.3376,13,STA,WIFI_DROP,
15.34,13,STA,WIFI_DROP,
15.3424,13,STA,WIFI_DROP,
15.3448,13,STA,WIFI_DROP,
15.3472,13,STA,WIFI_DROP,
15.3496,13,STA,WIFI_DROP,
15.352,13,STA,WIFI_DROP,
15.3544,13,STA,WIFI_DROP,
15.3568,13,STA,WIFI_DROP,
15.3592,13,STA,WIFI_DROP,
15.3616,13,STA,WIFI_DROP,
15.364,13,STA,WIFI_DROP,
15.3664,13,STA,WIFI_DROP,
15.3688,13,STA,WIFI_DROP,
15.3712,13,STA,WIFI_DROP,
15.3736,13,STA,WIFI_DROP,
15.376,13,STA,WIFI_DROP,
15.3784,13,STA,WIFI_DROP,
15.3808,13,STA,WIFI_DROP,
15.3832,13,STA,WIFI_DROP,
15.3856,13,STA,WIFI_DROP,
15.388,13,STA,WIFI_DROP,
15.3904,13,STA,WIFI_DROP,
15.3928,13,STA,WIFI_DROP,
15.3952,13,STA,WIFI_DROP,
15.3976,13,STA,WIFI_DROP,
15.4,13,STA,WIFI_DROP,
15.4024,13,STA,WIFI_DROP,
15.4048,13,STA,WIFI_DROP,
15.4072,13,STA,WIFI_DROP,
15.4096,13,STA,WIFI_DROP,
15.412,13,STA,WIFI_DROP,
15.4144,13,STA,WIFI_DROP,
15.4168,13,STA,WIFI_DROP,
15.4192,13,STA,WIFI_DROP,
15.4216,13,STA,WIFI_DROP,
15.424,13,STA,WIFI_DROP,
15.4264,13,STA,WIFI_DROP,
15.4288,13,STA,WIFI_DROP,
15.4312,13,STA,WIFI_DROP,
15.4336,13,STA,WIFI_DROP,
15.436,13,STA,WIFI_DROP,
15.4384,13,STA,WIFI_DROP,
15.4408,13,STA,WIFI_DROP,
15.4432,13,STA,WIFI_DROP,
15.4456,13,STA,WIFI_DROP,
15.448,13,STA,WIFI_DROP,
15.4504,13,STA,WIFI_DROP,
15.4528,13,STA,WIFI_DROP,
15.4552,13,STA,WIFI_DROP,
15.4576,13,STA,WIFI_DROP,
15.46,13,STA,WIFI_DROP,
15.4624,13,STA,WIFI_DROP,
15.4648,13,STA,WIFI_DROP,
15.4672,13,STA,WIFI_DROP,
15.4696,13,STA,WIFI_DROP,
15.472,13,STA,WIFI_DROP,
15.4744,13,STA,WIFI_DROP,
15.4768,13,STA,WIFI_DROP,
15.4792,13,STA,WIFI_DROP,
15.4816,13,STA,WIFI_DROP,
15.484,13,STA,WIFI_DROP,
15.4864,13,STA,WIFI_DROP,
15.4888,13,STA,WIFI_DROP,
15.4912,13,STA,WIFI_DROP,
15.4936,13,STA,WIFI_DROP,
15.496,13,STA,WIFI_DROP,
15.4984,13,STA,WIFI_DROP,
15.5008,13,STA,WIFI_DROP,
15.5032,13,STA,WIFI_DROP,
15.5056,13,STA,WIFI_DROP,
15.508,13,STA,WIFI_DROP,
15.5104,13,STA,WIFI_DROP,
15.5128,13,STA,WIFI_DROP,
15.5152,13,STA,WIFI_DROP,
15.5176,13,STA,WIFI_DROP,
15.52,13,STA,WIFI_DROP,
15.5224,13,STA,WIFI_DROP,
15.5248,13,STA,WIFI_DROP,
15.5272,13,STA,WIFI_DROP,
15.5296,13,STA,WIFI_DROP,
15.532,13,STA,WIFI_DROP,
15.5344,13,STA,WIFI_DROP,
15.5368,13,STA,WIFI_DROP,
15.5392,13,STA,WIFI_DROP,
15.5416,13,STA,WIFI_DROP,
15.544,13,STA,WIFI_DROP,
15.544,16,STA,WIFI_DROP,
15.5464,13,STA,WIFI_DROP,
15.5464,16,STA,WIFI_DROP,
15.5488,13,STA,WIFI_DROP,
15.5488,16,STA,WIFI_DROP,
15.5512,13,STA,WIFI_DROP,
15.5512,16,STA,WIFI_DROP,
15.5536,13,STA,WIFI_DROP,
15.5536,16,STA,WIFI_DROP,
15.556,13,STA,WIFI_DROP,
15.556,16,STA,WIFI_DROP,
15.5584,13,STA,WIFI_DROP,
15.5584,16,STA,WIFI_DROP,
15.5608,13,STA,WIFI_DROP,
15.5608,16,STA,WIFI_DROP,
15.5632,13,STA,WIFI_DROP,
15.5632,16,STA,WIFI_DROP,
15.5656,13,STA,WIFI_DROP,
15.5656,16,STA,WIFI_DROP,
15.568,13,STA,WIFI_DROP,
15.568,16,STA,WIFI_DROP,
15.5704,13,STA,WIFI_DROP,
15.5704,16,STA,WIFI_DROP,
15.5728,13,STA,WIFI_DROP,
15.5728,16,STA,WIFI_DROP,
15.5752,13,STA,WIFI_DROP,
15.5752,16,STA,WIFI_DROP,
15.5776,13,STA,WIFI_DROP,
15.5776,16,STA,WIFI_DROP,
15.58,13,STA,WIFI_DROP,
15.58,16,STA,WIFI_DROP,
15.5824,13,STA,WIFI_DROP,
15.5824,16,STA,WIFI_DROP,
15.5848,13,STA,WIFI_DROP,
15.5848,16,STA,WIFI_DROP,
15.5872,13,STA,WIFI_DROP,
15.5872,16,STA,WIFI_DROP,
15.5896,13,STA,WIFI_DROP,
15.5896,16,STA,WIFI_DROP,
15.592,13,STA,WIFI_DROP,
15.592,16,STA,WIFI_DROP,
15.5944,13,STA,WIFI_DROP,
15.5944,16,STA,WIFI_DROP,
15.5968,13,STA,WIFI_DROP,
15.5968,16,STA,WIFI_DROP,
15.5992,13,STA,WIFI_DROP,
15.5992,16,STA,WIFI_DROP,
15.6016,13,STA,WIFI_DROP,
15.6016,16,STA,WIFI_DROP,
15.604,13,STA,WIFI_DROP,
15.604,16,STA,WIFI_DROP,
15.6064,13,STA,WIFI_DROP,
15.6064,16,STA,WIFI_DROP,
15.6088,13,STA,WIFI_DROP,
15.6088,16,STA,WIFI_DROP,
15.6112,13,STA,WIFI_DROP,
15.6112,16,STA,WIFI_DROP,
15.6136,13,STA,WIFI_DROP,
15.6136,16,STA,WIFI_DROP,
15.616,13,STA,WIFI_DROP,
15.616,16,STA,WIFI_DROP,
15.6184,13,STA,WIFI_DROP,
15.6184,16,STA,WIFI_DROP,
15.6208,13,STA,WIFI_DROP,
15.6208,16,STA,WIFI_DROP,
15.6232,13,STA,WIFI_DROP,
15.6232,16,STA,WIFI_DROP,
15.6256,13,STA,WIFI_DROP,
15.6256,16,STA,WIFI_DROP,
15.628,13,STA,WIFI_DROP,
15.628,16,STA,WIFI_DROP,
15.6304,13,STA,WIFI_DROP,
15.6304,16,STA,WIFI_DROP,
15.6328,13,STA,WIFI_DROP,
15.6328,16,STA,WIFI_DROP,
15.6352,13,STA,WIFI_DROP,
15.6352,16,STA,WIFI_DROP,
15.6376,13,STA,WIFI_DROP,
15.6376,16,STA,WIFI_DROP,
15.64,13,STA,WIFI_DROP,
15.64,16,STA,WIFI_DROP,
15.6424,13,STA,WIFI_DROP,
15.6424,16,STA,WIFI_DROP,
15.6448,13,STA,WIFI_DROP,
15.6448,16,STA,WIFI_DROP,
15.6472,7,STA,WIFI_DROP,
15.6472,13,STA,WIFI_DROP,
15.6472,16,STA,WIFI_DROP,
15.6496,7,STA,WIFI_DROP,
15.6496,13,STA,WIFI_DROP,
15.6496,16,STA,WIFI_DROP,
15.652,7,STA,WIFI_DROP,
15.652,13,STA,WIFI_DROP,
15.652,16,STA,WIFI_DROP,
15.6544,7,STA,WIFI_DROP,
15.6544,13,STA,WIFI_DROP,
15.6544,16,STA,WIFI_DROP,
15.6568,7,STA,WIFI_DROP,
15.6568,13,STA,WIFI_DROP,
15.6568,16,STA,WIFI_DROP,
15.6592,7,STA,WIFI_DROP,
15.6592,13,STA,WIFI_DROP,
15.6592,16,STA,WIFI_DROP,
15.6616,7,STA,WIFI_DROP,
15.6616,13,STA,WIFI_DROP,
15.6616,16,STA,WIFI_DROP,
15.664,7,STA,WIFI_DROP,
15.664,13,STA,WIFI_DROP,
15.664,16,STA,WIFI_DROP,
15.6664,7,STA,WIFI_DROP,
15.6664,13,STA,WIFI_DROP,
15.6664,16,STA,WIFI_DROP,
15.6688,7,STA,WIFI_DROP,
15.6688,13,STA,WIFI_DROP,
15.6688,16,STA,WIFI_DROP,
15.6712,7,STA,WIFI_DROP,
15.6712,13,STA,WIFI_DROP,
15.6712,16,STA,WIFI_DROP,
15.6736,7,STA,WIFI_DROP,
15.6736,13,STA,WIFI_DROP,
15.6736,16,STA,WIFI_DROP,
15.676,7,STA,WIFI_DROP,
15.676,13,STA,WIFI_DROP,
15.676,16,STA,WIFI_DROP,
15.6784,7,STA,WIFI_DROP,
15.6784,13,STA,WIFI_DROP,
15.6784,16,STA,WIFI_DROP,
15.6808,7,STA,WIFI_DROP,
15.6808,13,STA,WIFI_DROP,
15.6808,16,STA,WIFI_DROP,
15.6832,7,STA,WIFI_DROP,
15.6832,13,STA,WIFI_DROP,
15.6832,16,STA,WIFI_DROP,
15.6856,7,STA,WIFI_DROP,
15.6856,13,STA,WIFI_DROP,
15.6856,16,STA,WIFI_DROP,
15.688,7,STA,WIFI_DROP,
15.688,13,STA,WIFI_DROP,
15.688,16,STA,WIFI_DROP,
15.6904,7,STA,WIFI_DROP,
15.6904,13,STA,WIFI_DROP,
15.6904,16,STA,WIFI_DROP,
15.6928,7,STA,WIFI_DROP,
15.6928,13,STA,WIFI_DROP,
15.6928,16,STA,WIFI_DROP,
15.6952,7,STA,WIFI_DROP,
15.6952,13,STA,WIFI_DROP,
15.6952,16,STA,WIFI_DROP,
15.6976,7,STA,WIFI_DROP,
15.6976,13,STA,WIFI_DROP,
15.6976,16,STA,WIFI_DROP,
15.7,7,STA,WIFI_DROP,
15.7,13,STA,WIFI_DROP,
15.7,16,STA,WIFI_DROP,
15.7024,7,STA,WIFI_DROP,
15.7024,13,STA,WIFI_DROP,
15.7024,16,STA,WIFI_DROP,
15.7048,7,STA,WIFI_DROP,
15.7048,13,STA,WIFI_DROP,
15.7048,16,STA,WIFI_DROP,
15.7072,7,STA,WIFI_DROP,
15.7072,13,STA,WIFI_DROP,
15.7072,16,STA,WIFI_DROP,
15.7096,7,STA,WIFI_DROP,
15.7096,13,STA,WIFI_DROP,
15.7096,16,STA,WIFI_DROP,
15.712,7,STA,WIFI_DROP,
15.712,13,STA,WIFI_DROP,
15.712,16,STA,WIFI_DROP,
15.7144,7,STA,WIFI_DROP,
15.7144,13,STA,WIFI_DROP,
15.7144,16,STA,WIFI_DROP,
15.7168,7,STA,WIFI_DROP,
15.7168,13,STA,WIFI_DROP,
15.7168,16,STA,WIFI_DROP,
15.7192,7,STA,WIFI_DROP,
15.7192,13,STA,WIFI_DROP,
15.7192,16,STA,WIFI_DROP,
15.7216,7,STA,WIFI_DROP,
15.7216,13,STA,WIFI_DROP,
15.7216,16,STA,WIFI_DROP,
15.724,7,STA,WIFI_DROP,
15.724,13,STA,WIFI_DROP,
15.724,16,STA,WIFI_DROP,
15.7264,7,STA,WIFI_DROP,
15.7264,13,STA,WIFI_DROP,
15.7264,16,STA,WIFI_DROP,
15.7288,7,STA,WIFI_DROP,
15.7288,13,STA,WIFI_DROP,
15.7288,16,STA,WIFI_DROP,
15.7312,7,STA,WIFI_DROP,
15.7312,13,STA,WIFI_DROP,
15.7312,16,STA,WIFI_DROP,
15.7336,7,STA,WIFI_DROP,
15.7336,13,STA,WIFI_DROP,
15.7336,16,STA,WIFI_DROP,
15.736,7,STA,WIFI_DROP,
15.736,13,STA,WIFI_DROP,
15.736,16,STA,WIFI_DROP,
15.7384,7,STA,WIFI_DROP,
15.7384,13,STA,WIFI_DROP,
15.7384,16,STA,WIFI_DROP,
15.7408,7,STA,WIFI_DROP,
15.7408,13,STA,WIFI_DROP,
15.7408,16,STA,WIFI_DROP,
15.7432,7,STA,WIFI_DROP,
15.7432,13,STA,WIFI_DROP,
15.7432,16,STA,WIFI_DROP,
15.7456,7,STA,WIFI_DROP,
15.7456,13,STA,WIFI_DROP,
15.7456,16,STA,WIFI_DROP,
15.748,7,STA,WIFI_DROP,
15.748,13,STA,WIFI_DROP,
15.748,16,STA,WIFI_DROP,
15.7504,10,STA,WIFI_DROP,
15.7504,13,STA,WIFI_DROP,
15.7504,16,STA,WIFI_DROP,
15.7528,10,STA,WIFI_DROP,
15.7528,13,STA,WIFI_DROP,
15.7528,16,STA,WIFI_DROP,
15.7552,10,STA,WIFI_DROP,
15.7552,13,STA,WIFI_DROP,
15.7552,16,STA,WIFI_DROP,
15.7576,10,STA,WIFI_DROP,
15.7576,13,STA,WIFI_DROP,
15.7576,16,STA,WIFI_DROP,
15.76,10,STA,WIFI_DROP,
15.76,13,STA,WIFI_DROP,
15.76,16,STA,WIFI_DROP,
15.7624,10,STA,WIFI_DROP,
15.7624,13,STA,WIFI_DROP,
15.7624,16,STA,WIFI_DROP,
15.7648,10,STA,WIFI_DROP,
15.7648,13,STA,WIFI_DROP,
15.7648,16,STA,WIFI_DROP,
15.7672,10,STA,WIFI_DROP,
15.7672,13,STA,WIFI_DROP,
15.7672,16,STA,WIFI_DROP,
15.7696,10,STA,WIFI_DROP,
15.7696,13,STA,WIFI_DROP,
15.7696,16,STA,WIFI_DROP,
15.772,10,STA,WIFI_DROP,
15.772,13,STA,WIFI_DROP,
15.772,16,STA,WIFI_DROP,
15.7744,10,STA,WIFI_DROP,
15.7744,13,STA,WIFI_DROP,
15.7744,16,STA,WIFI_DROP,
15.7768,10,STA,WIFI_DROP,
15.7768,13,STA,WIFI_DROP,
15.7768,16,STA,WIFI_DROP,
15.7792,10,STA,WIFI_DROP,
15.7792,13,STA,WIFI_DROP,
15.7792,16,STA,WIFI_DROP,
15.7816,10,STA,WIFI_DROP,
15.7816,13,STA,WIFI_DROP,
15.7816,16,STA,WIFI_DROP,
15.784,10,STA,WIFI_DROP,
15.784,13,STA,WIFI_DROP,
15.784,16,STA,WIFI_DROP,
15.7864,10,STA,WIFI_DROP,
15.7864,13,STA,WIFI_DROP,
15.7864,16,STA,WIFI_DROP,
15.7888,10,STA,WIFI_DROP,
15.7888,13,STA,WIFI_DROP,
15.7888,16,STA,WIFI_DROP,
15.7912,10,STA,WIFI_DROP,
15.7912,13,STA,WIFI_DROP,
15.7912,16,STA,WIFI_DROP,
15.7936,10,STA,WIFI_DROP,
15.7936,13,STA,WIFI_DROP,
15.7936,16,STA,WIFI_DROP,
15.796,10,STA,WIFI_DROP,
15.796,13,STA,WIFI_DROP,
15.796,16,STA,WIFI_DROP,
15.7984,10,STA,WIFI_DROP,
15.7984,13,STA,WIFI_DROP,
15.8008,10,STA,WIFI_DROP,
15.8008,13,STA,WIFI_DROP,
15.8032,10,STA,WIFI_DROP,
15.8032,13,STA,WIFI_DROP,
15.8056,10,STA,WIFI_DROP,
15.8056,13,STA,WIFI_DROP,
15.808,10,STA,WIFI_DROP,
15.808,13,STA,WIFI_DROP,
15.8104,10,STA,WIFI_DROP,
15.8104,13,STA,WIFI_DROP,
15.8128,10,STA,WIFI_DROP,
15.8128,13,STA,WIFI_DROP,
15.8152,10,STA,WIFI_DROP,
15.8152,13,STA,WIFI_DROP,
15.8176,10,STA,WIFI_DROP,
15.8176,13,STA,WIFI_DROP,
15.82,10,STA,WIFI_DROP,
15.82,13,STA,WIFI_DROP,
15.8224,10,STA,WIFI_DROP,
15.8224,13,STA,WIFI_DROP,
15.8248,10,STA,WIFI_DROP,
15.8248,13,STA,WIFI_DROP,
15.8272,10,STA,WIFI_DROP,
15.8272,13,STA,WIFI_DROP,
15.8296,10,STA,WIFI_DROP,
15.8296,13,STA,WIFI_DROP,
15.832,10,STA,WIFI_DROP,
15.832,13,STA,WIFI_DROP,
15.8344,10,STA,WIFI_DROP,
15.8344,13,STA,WIFI_DROP,
15.8368,10,STA,WIFI_DROP,
15.8368,13,STA,WIFI_DROP,
15.8392,10,STA,WIFI_DROP,
15.8392,13,STA,WIFI_DROP,
15.8416,10,STA,WIFI_DROP,
15.8416,13,STA,WIFI_DROP,
15.844,10,STA,WIFI_DROP,
15.844,13,STA,WIFI_DROP,
15.8464,10,STA,WIFI_DROP,
15.8464,13,STA,WIFI_DROP,
15.8488,10,STA,WIFI_DROP,
15.8488,13,STA,WIFI_DROP,
15.8512,10,STA,WIFI_DROP,
15.8512,13,STA,WIFI_DROP,
15.8536,10,STA,WIFI_DROP,
15.8536,13,STA,WIFI_DROP,
15.856,10,STA,WIFI_DROP,
15.856,13,STA,WIFI_DROP,
15.8584,10,STA,WIFI_DROP,
15.8584,13,STA,WIFI_DROP,
15.8608,10,STA,WIFI_DROP,
15.8608,13,STA,WIFI_DROP,
15.8632,10,STA,WIFI_DROP,
15.8632,13,STA,WIFI_DROP,
15.8656,10,STA,WIFI_DROP,
15.8656,13,STA,WIFI_DROP,
15.868,10,STA,WIFI_DROP,
15.868,13,STA,WIFI_DROP,
15.8704,10,STA,WIFI_DROP,
15.8704,13,STA,WIFI_DROP,
15.8728,10,STA,WIFI_DROP,
15.8728,13,STA,WIFI_DROP,
15.8752,10,STA,WIFI_DROP,
15.8752,13,STA,WIFI_DROP,
15.8776,10,STA,WIFI_DROP,
15.8776,13,STA,WIFI_DROP,
15.88,10,STA,WIFI_DROP,
15.88,13,STA,WIFI_DROP,
15.8824,10,STA,WIFI_DROP,
15.8824,13,STA,WIFI_DROP,
15.8848,10,STA,WIFI_DROP,
15.8848,13,STA,WIFI_DROP,
15.8872,10,STA,WIFI_DROP,
15.8872,13,STA,WIFI_DROP,
15.8896,10,STA,WIFI_DROP,
15.8896,13,STA,WIFI_DROP,
15.892,10,STA,WIFI_DROP,
15.892,13,STA,WIFI_DROP,
15.8944,10,STA,WIFI_DROP,
15.8944,13,STA,WIFI_DROP,
15.8968,10,STA,WIFI_DROP,
15.8968,13,STA,WIFI_DROP,
15.8992,10,STA,WIFI_DROP,
15.8992,13,STA,WIFI_DROP,
15.9016,10,STA,WIFI_DROP,
15.9016,13,STA,WIFI_DROP,
15.904,10,STA,WIFI_DROP,
15.904,13,STA,WIFI_DROP,
15.9064,13,STA,WIFI_DROP,
15.9088,13,STA,WIFI_DROP,
15.9112,13,STA,WIFI_DROP,
15.9136,13,STA,WIFI_DROP,
15.916,13,STA,WIFI_DROP,
15.9184,13,STA,WIFI_DROP,
15.9208,13,STA,WIFI_DROP,
15.9232,13,STA,WIFI_DROP,
15.9256,13,STA,WIFI_DROP,
15.928,13,STA,WIFI_DROP,
15.9304,13,STA,WIFI_DROP,
15.9328,13,STA,WIFI_DROP,
15.9352,13,STA,WIFI_DROP,
15.9376,13,STA,WIFI_DROP,
15.94,13,STA,WIFI_DROP,
15.9424,13,STA,WIFI_DROP,
15.9448,13,STA,WIFI_DROP,
15.9472,13,STA,WIFI_DROP,
15.9496,13,STA,WIFI_DROP,
15.952,13,STA,WIFI_DROP,
15.9544,13,STA,WIFI_DROP,
15.9568,13,STA,WIFI_DROP,
15.9592,13,STA,WIFI_DROP,
15.9616,13,STA,WIFI_DROP,
15.964,13,STA,WIFI_DROP,
15.9664,13,STA,WIFI_DROP,
15.9688,13,STA,WIFI_DROP,
15.9712,13,STA,WIFI_DROP,
15.9736,13,STA,WIFI_DROP,
15.976,13,STA,WIFI_DROP,
15.9784,13,STA,WIFI_DROP,
15.9808,13,STA,WIFI_DROP,
15.9832,13,STA,WIFI_DROP,
15.9856,13,STA,WIFI_DROP,
15.988,13,STA,WIFI_DROP,
15.9904,13,STA,WIFI_DROP,
15.9928,13,STA,WIFI_DROP,
15.9952,13,STA,WIFI_DROP,
15.9976,13,STA,WIFI_DROP,
16,4,STA,THROUGHPUT_MBPS,0.936000
16,6,STA,THROUGHPUT_MBPS,2.400000
16,8,STA,THROUGHPUT_MBPS,0.792000
16,9,STA,THROUGHPUT_MBPS,2.544000
16,10,STA,THROUGHPUT_MBPS,0.684000
16,13,STA,THROUGHPUT_MBPS,0.816000
16,15,STA,THROUGHPUT_MBPS,1.404000
16,17,STA,THROUGHPUT_MBPS,3.504000
16,20,STA,THROUGHPUT_MBPS,5.028000
16,1,AP,AGGREGATE_THROUGHPUT_MBPS,18.108000
16,1,AP,SENT_COUNT,8320.000000
16,1,AP,RECV_COUNT,1509.000000
16,1,AP,LATENCY_P95_MS,535.635398
16,13,STA,WIFI_DROP,
16.0024,13,STA,WIFI_DROP,
16.0048,13,STA,WIFI_DROP,
16.0072,13,STA,WIFI_DROP,
16.0096,13,STA,WIFI_DROP,
16.012,13,STA,WIFI_DROP,
16.0144,13,STA,WIFI_DROP,
16.0168,13,STA,WIFI_DROP,
16.0192,13,STA,WIFI_DROP,
16.0216,13,STA,WIFI_DROP,
16.024,13,STA,WIFI_DROP,
16.0264,13,STA,WIFI_DROP,
16.0288,13,STA,WIFI_DROP,
16.0312,13,STA,WIFI_DROP,
16.0336,13,STA,WIFI_DROP,
16.036,13,STA,WIFI_DROP,
16.0384,13,STA,WIFI_DROP,
16.2616,3,STA,WIFI_DROP,
16.2616,17,STA,WIFI_DROP,
16.264,3,STA,WIFI_DROP,
16.264,17,STA,WIFI_DROP,
16.2664,3,STA,WIFI_DROP,
16.2664,17,STA,WIFI_DROP,
16.2688,3,STA,WIFI_DROP,
16.2688,17,STA,WIFI_DROP,
16.2712,3,STA,WIFI_DROP,
16.2712,17,STA,WIFI_DROP,
16.2736,3,STA,WIFI_DROP,
16.2736,17,STA,WIFI_DROP,
16.276,3,STA,WIFI_DROP,
16.276,17,STA,WIFI_DROP,
16.2784,3,STA,WIFI_DROP,
16.2784,17,STA,WIFI_DROP,
16.2808,3,STA,WIFI_DROP,
16.2808,17,STA,WIFI_DROP,
16.2832,3,STA,WIFI_DROP,
16.2832,17,STA,WIFI_DROP,
16.2856,3,STA,WIFI_DROP,
16.2856,17,STA,WIFI_DROP,
16.288,3,STA,WIFI_DROP,
16.288,17,STA,WIFI_DROP,
16.2904,3,STA,WIFI_DROP,
16.2904,17,STA,WIFI_DROP,
16.2928,3,STA,WIFI_DROP,
16.2928,17,STA,WIFI_DROP,
16.2952,3,STA,WIFI_DROP,
16.2952,17,STA,WIFI_DROP,
16.2976,3,STA,WIFI_DROP,
16.2976,17,STA,WIFI_DROP,
16.3,3,STA,WIFI_DROP,
16.3,17,STA,WIFI_DROP,
16.3024,3,STA,WIFI_DROP,
16.3024,17,STA,WIFI_DROP,
16.3048,3,STA,WIFI_DROP,
16.3048,17,STA,WIFI_DROP,
16.3072,3,STA,WIFI_DROP,
16.3072,17,STA,WIFI_DROP,
16.3096,3,STA,WIFI_DROP,
16.3096,17,STA,WIFI_DROP,
16.312,3,STA,WIFI_DROP,
16.312,17,STA,WIFI_DROP,
16.3144,3,STA,WIFI_DROP,
16.3144,17,STA,WIFI_DROP,
16.3168,3,STA,WIFI_DROP,
16.3168,17,STA,WIFI_DROP,
16.3192,3,STA,WIFI_DROP,
16.3192,17,STA,WIFI_DROP,
16.3216,3,STA,WIFI_DROP,
16.3216,17,STA,WIFI_DROP,
16.324,3,STA,WIFI_DROP,
16.324,17,STA,WIFI_DROP,
16.3264,3,STA,WIFI_DROP,
16.3264,17,STA,WIFI_DROP,
16.3288,3,STA,WIFI_DROP,
16.3288,17,STA,WIFI_DROP,
16.3312,3,STA,WIFI_DROP,
16.3312,17,STA,WIFI_DROP,
16.3336,3,STA,WIFI_DROP,
16.3336,17,STA,WIFI_DROP,
16.336,3,STA,WIFI_DROP,
16.336,17,STA,WIFI_DROP,
16.3384,3,STA,WIFI_DROP,
16.3384,17,STA,WIFI_DROP,
16.3408,3,STA,WIFI_DROP,
16.3408,17,STA,WIFI_DROP,
16.3432,3,STA,WIFI_DROP,
16.3432,17,STA,WIFI_DROP,
16.3456,3,STA,WIFI_DROP,
16.3456,17,STA,WIFI_DROP,
16.348,3,STA,WIFI_DROP,
16.348,17,STA,WIFI_DROP,
16.3504,3,STA,WIFI_DROP,
16.3504,17,STA,WIFI_DROP,
16.3528,3,STA,WIFI_DROP,
16.3528,17,STA,WIFI_DROP,
16.3552,3,STA,WIFI_DROP,
16.3552,17,STA,WIFI_DROP,
16.3576,3,STA,WIFI_DROP,
16.3576,17,STA,WIFI_DROP,
16.36,3,STA,WIFI_DROP,
16.36,17,STA,WIFI_DROP,
16.3624,3,STA,WIFI_DROP,
16.3624,17,STA,WIFI_DROP,
16.3648,3,STA,WIFI_DROP,
16.3648,17,STA,WIFI_DROP,
16.3672,3,STA,WIFI_DROP,
16.3672,17,STA,WIFI_DROP,
16.3696,3,STA,WIFI_DROP,
16.3696,17,STA,WIFI_DROP,
16.372,3,STA,WIFI_DROP,
16.372,17,STA,WIFI_DROP,
16.3744,3,STA,WIFI_DROP,
16.3744,17,STA,WIFI_DROP,
16.3768,3,STA,WIFI_DROP,
16.3768,17,STA,WIFI_DROP,
16.3792,3,STA,WIFI_DROP,
16.3792,17,STA,WIFI_DROP,
16.3816,3,STA,WIFI_DROP,
16.3816,17,STA,WIFI_DROP,
16.384,3,STA,WIFI_DROP,
16.384,17,STA,WIFI_DROP,
16.3864,3,STA,WIFI_DROP,
16.3864,17,STA,WIFI_DROP,
16.3888,3,STA,WIFI_DROP,
16.3888,17,STA,WIFI_DROP,
16.3912,3,STA,WIFI_DROP,
16.3912,17,STA,WIFI_DROP,
16.3936,3,STA,WIFI_DROP,
16.3936,17,STA,WIFI_DROP,
16.396,3,STA,WIFI_DROP,
16.396,17,STA,WIFI_DROP,
16.3984,3,STA,WIFI_DROP,
16.3984,17,STA,WIFI_DROP,
16.4008,3,STA,WIFI_DROP,
16.4008,17,STA,WIFI_DROP,
16.4032,3,STA,WIFI_DROP,
16.4032,17,STA,WIFI_DROP,
16.4056,3,STA,WIFI_DROP,
16.4056,17,STA,WIFI_DROP,
16.408,3,STA,WIFI_DROP,
16.408,17,STA,WIFI_DROP,
16.4104,3,STA,WIFI_DROP,
16.4104,17,STA,WIFI_DROP,
16.4128,3,STA,WIFI_DROP,
16.4128,17,STA,WIFI_DROP,
16.4152,17,STA,WIFI_DROP,
16.4176,17,STA,WIFI_DROP,
16.42,17,STA,WIFI_DROP,
16.4224,17,STA,WIFI_DROP,
16.4248,17,STA,WIFI_DROP,
16.4272,17,STA,WIFI_DROP,
16.4296,17,STA,WIFI_DROP,
16.432,17,STA,WIFI_DROP,
16.4344,17,STA,WIFI_DROP,
16.4368,17,STA,WIFI_DROP,
16.4392,17,STA,WIFI_DROP,
16.4416,17,STA,WIFI_DROP,
16.444,17,STA,WIFI_DROP,
16.4464,17,STA,WIFI_DROP,
16.4488,17,STA,WIFI_DROP,
16.4512,17,STA,WIFI_DROP,
16.4536,17,STA,WIFI_DROP,
16.456,17,STA,WIFI_DROP,
16.4584,17,STA,WIFI_DROP,
16.4608,17,STA,WIFI_DROP,
16.4632,17,STA,WIFI_DROP,
16.4656,17,STA,WIFI_DROP,
16.468,17,STA,WIFI_DROP,
16.4704,17,STA,WIFI_DROP,
16.4728,17,STA,WIFI_DROP,
16.4752,17,STA,WIFI_DROP,
16.4776,17,STA,WIFI_DROP,
16.48,17,STA,WIFI_DROP,
16.4824,17,STA,WIFI_DROP,
16.4848,17,STA,WIFI_DROP,
16.4872,17,STA,WIFI_DROP,
16.4896,17,STA,WIFI_DROP,
16.492,17,STA,WIFI_DROP,
16.4944,17,STA,WIFI_DROP,
16.4968,17,STA,WIFI_DROP,
16.4992,17,STA,WIFI_DROP,
16.5016,17,STA,WIFI_DROP,
16.504,17,STA,WIFI_DROP,
16.5064,17,STA,WIFI_DROP,
16.5088,17,STA,WIFI_DROP,
16.5112,17,STA,WIFI_DROP,
16.5616,13,STA,WIFI_DROP,
16.564,13,STA,WIFI_DROP,
16.5664,13,STA,WIFI_DROP,
16.5688,11,STA,WIFI_DROP,
16.5688,13,STA,WIFI_DROP,
16.5712,11,STA,WIFI_DROP,
16.5712,13,STA,WIFI_DROP,
16.5736,11,STA,WIFI_DROP,
16.5736,13,STA,WIFI_DROP,
16.576,11,STA,WIFI_DROP,
16.576,13,STA,WIFI_DROP,
16.5784,11,STA,WIFI_DROP,
16.5784,13,STA,WIFI_DROP,
16.5808,11,STA,WIFI_DROP,
16.5808,13,STA,WIFI_DROP,
16.5832,11,STA,WIFI_DROP,
16.5832,13,STA,WIFI_DROP,
16.5856,11,STA,WIFI_DROP,
16.5856,13,STA,WIFI_DROP,
16.588,11,STA,WIFI_DROP,
16.588,13,STA,WIFI_DROP,
16.5904,11,STA,WIFI_DROP,
16.5904,13,STA,WIFI_DROP,
16.5928,11,STA,WIFI_DROP,
16.5928,13,STA,WIFI_DROP,
16.5952,11,STA,WIFI_DROP,
16.5952,13,STA,WIFI_DROP,
16.5976,11,STA,WIFI_DROP,
16.5976,13,STA,WIFI_DROP,
16.6,11,STA,WIFI_DROP,
16.6,13,STA,WIFI_DROP,
16.6024,11,STA,WIFI_DROP,
16.6024,13,STA,WIFI_DROP,
16.6048,11,STA,WIFI_DROP,
16.6048,13,STA,WIFI_DROP,
16.6072,11,STA,WIFI_DROP,
16.6072,13,STA,WIFI_DROP,
16.6096,11,STA,WIFI_DROP,
16.6096,13,STA,WIFI_DROP,
16.612,11,STA,WIFI_DROP,
16.612,13,STA,WIFI_DROP,
16.6144,11,STA,WIFI_DROP,
16.6144,13,STA,WIFI_DROP,
16.6168,11,STA,WIFI_DROP,
16.6168,13,STA,WIFI_DROP,
16.6192,13,STA,WIFI_DROP,
16.6216,13,STA,WIFI_DROP,
16.624,13,STA,WIFI_DROP,
16.6264,13,STA,WIFI_DROP,
16.6288,13,STA,WIFI_DROP,
16.6312,13,STA,WIFI_DROP,
16.6336,13,STA,WIFI_DROP,
16.636,13,STA,WIFI_DROP,
16.6384,13,STA,WIFI_DROP,
16.6408,13,STA,WIFI_DROP,
16.6432,13,STA,WIFI_DROP,
16.6456,13,STA,WIFI_DROP,
16.648,13,STA,WIFI_DROP,
16.6504,13,STA,WIFI_DROP,
16.6528,13,STA,WIFI_DROP,
16.6552,13,STA,WIFI_DROP,
16.6576,13,STA,WIFI_DROP,
16.66,13,STA,WIFI_DROP,
16.6624,13,STA,WIFI_DROP,
16.6648,13,STA,WIFI_DROP,
16.6672,13,STA,WIFI_DROP,
16.6696,13,STA,WIFI_DROP,
17,4,STA,THROUGHPUT_MBPS,1.716000
17,6,STA,THROUGHPUT_MBPS,1.080000
17,8,STA,THROUGHPUT_MBPS,2.376000
17,9,STA,THROUGHPUT_MBPS,1.644000
17,10,STA,THROUGHPUT_MBPS,2.868000
17,13,STA,THROUGHPUT_MBPS,2.016000
17,15,STA,THROUGHPUT_MBPS,0.744000
17,17,STA,THROUGHPUT_MBPS,1.080000
17,20,STA,THROUGHPUT_MBPS,0.576000
17,1,AP,AGGREGATE_THROUGHPUT_MBPS,14.100000
17,1,AP,SENT_COUNT,8340.000000
17,1,AP,RECV_COUNT,1175.000000
17,1,AP,LATENCY_P95_MS,532.618681
17.3872,16,STA,WIFI_DROP,
17.3896,16,STA,WIFI_DROP,
17.392,16,STA,WIFI_DROP,
17.3944,16,STA,WIFI_DROP,
17.3968,16,STA,WIFI_DROP,
17.3992,16,STA,WIFI_DROP,
17.4016,16,STA,WIFI_DROP,
17.404,16,STA,WIFI_DROP,
17.4064,16,STA,WIFI_DROP,
17.4088,16,STA,WIFI_DROP,
17.4112,16,STA,WIFI_DROP,
17.4136,16,STA,WIFI_DROP,
17.416,16,STA,WIFI_DROP,
17.4184,16,STA,WIFI_DROP,
17.4208,16,STA,WIFI_DROP,
17.4232,16,STA,WIFI_DROP,
17.4256,16,STA,WIFI_DROP,
17.428,16,STA,WIFI_DROP,
17.4304,16,STA,WIFI_DROP,
17.4328,16,STA,WIFI_DROP,
17.4352,16,STA,WIFI_DROP,
17.4376,16,STA,WIFI_DROP,
17.44,16,STA,WIFI_DROP,
17.4424,16,STA,WIFI_DROP,
17.4448,16,STA,WIFI_DROP,
17.4472,16,STA,WIFI_DROP,
17.4496,16,STA,WIFI_DROP,
17.452,16,STA,WIFI_DROP,
17.4544,16,STA,WIFI_DROP,
17.4568,16,STA,WIFI_DROP,
17.4592,16,STA,WIFI_DROP,
17.4616,16,STA,WIFI_DROP,
17.464,16,STA,WIFI_DROP,
17.4664,16,STA,WIFI_DROP,
17.4688,16,STA,WIFI_DROP,
17.4712,16,STA,WIFI_DROP,
17.4736,16,STA,WIFI_DROP,
17.476,16,STA,WIFI_DROP,
17.4784,16,STA,WIFI_DROP,
17.4808,16,STA,WIFI_DROP,
17.4832,16,STA,WIFI_DROP,
17.4856,16,STA,WIFI_DROP,
17.488,16,STA,WIFI_DROP,
17.4904,10,STA,WIFI_DROP,
17.4904,16,STA,WIFI_DROP,
17.4928,10,STA,WIFI_DROP,
17.4928,16,STA,WIFI_DROP,
17.4952,10,STA,WIFI_DROP,
17.4952,16,STA,WIFI_DROP,
17.4976,10,STA,WIFI_DROP,
17.4976,16,STA,WIFI_DROP,
17.5,10,STA,WIFI_DROP,
17.5,16,STA,WIFI_DROP,
17.5024,10,STA,WIFI_DROP,
17.5024,16,STA,WIFI_DROP,
17.5048,10,STA,WIFI_DROP,
17.5048,16,STA,WIFI_DROP,
17.5072,10,STA,WIFI_DROP,
17.5072,16,STA,WIFI_DROP,
17.5096,10,STA,WIFI_DROP,
17.5096,16,STA,WIFI_DROP,
17.512,10,STA,WIFI_DROP,
17.512,16,STA,WIFI_DROP,
17.5144,10,STA,WIFI_DROP,
17.5144,16,STA,WIFI_DROP,
17.5168,10,STA,WIFI_DROP,
17.5168,16,STA,WIFI_DROP,
17.5192,10,STA,WIFI_DROP,
17.5192,16,STA,WIFI_DROP,
17.5216,10,STA,WIFI_DROP,
17.5216,16,STA,WIFI_DROP,
17.524,10,STA,WIFI_DROP,
17.524,16,STA,WIFI_DROP,
17.5264,10,STA,WIFI_DROP,
17.5264,16,STA,WIFI_DROP,
17.5288,10,STA,WIFI_DROP,
17.5288,16,STA,WIFI_DROP,
17.5312,10,STA,WIFI_DROP,
17.5312,16,STA,WIFI_DROP,
17.5336,10,STA,WIFI_DROP,
17.5336,16,STA,WIFI_DROP,
17.536,10,STA,WIFI_DROP,
17.536,16,STA,WIFI_DROP,
17.5384,10,STA,WIFI_DROP,
17.5384,16,STA,WIFI_DROP,
17.5408,10,STA,WIFI_DROP,
17.5408,16,STA,WIFI_DROP,
17.5432,10,STA,WIFI_DROP,
17.5432,16,STA,WIFI_DROP,
17.5456,10,STA,WIFI_DROP,
17.5456,16,STA,WIFI_DROP,
17.548,10,STA,WIFI_DROP,
17.548,16,STA,WIFI_DROP,
17.5504,10,STA,WIFI_DROP,
17.5504,16,STA,WIFI_DROP,
17.5528,10,STA,WIFI_DROP,
17.5528,16,STA,WIFI_DROP,
17.5552,10,STA,WIFI_DROP,
17.5552,16,STA,WIFI_DROP,
17.5576,10,STA,WIFI_DROP,
17.5576,16,STA,WIFI_DROP,
17.56,10,STA,WIFI_DROP,
17.56,16,STA,WIFI_DROP,
17.5624,10,STA,WIFI_DROP,
17.5624,16,STA,WIFI_DROP,
17.5648,10,STA,WIFI_DROP,
17.5648,16,STA,WIFI_DROP,
17.5672,10,STA,WIFI_DROP,
17.5672,16,STA,WIFI_DROP,
17.5696,10,STA,WIFI_DROP,
17.5696,16,STA,WIFI_DROP,
17.572,10,STA,WIFI_DROP,
17.572,16,STA,WIFI_DROP,
17.5744,10,STA,WIFI_DROP,
17.5744,16,STA,WIFI_DROP,
17.5768,10,STA,WIFI_DROP,
17.5768,16,STA,WIFI_DROP,
17.5792,10,STA,WIFI_DROP,
17.5792,16,STA,WIFI_DROP,
17.5816,10,STA,WIFI_DROP,
17.5816,16,STA,WIFI_DROP,
17.584,10,STA,WIFI_DROP,
17.584,16,STA,WIFI_DROP,
17.5864,10,STA,WIFI_DROP,
17.5864,16,STA,WIFI_DROP,
17.5888,10,STA,WIFI_DROP,
17.5888,16,STA,WIFI_DROP,
17.5912,10,STA,WIFI_DROP,
17.5912,16,STA,WIFI_DROP,
17.5936,10,STA,WIFI_DROP,
17.5936,16,STA,WIFI_DROP,
17.596,10,STA,WIFI_DROP,
17.596,16,STA,WIFI_DROP,
17.5984,10,STA,WIFI_DROP,
17.5984,16,STA,WIFI_DROP,
17.6008,10,STA,WIFI_DROP,
17.6008,16,STA,WIFI_DROP,
17.6032,10,STA,WIFI_DROP,
17.6032,16,STA,WIFI_DROP,
17.6056,10,STA,WIFI_DROP,
17.6056,16,STA,WIFI_DROP,
17.608,10,STA,WIFI_DROP,
17.608,16,STA,WIFI_DROP,
17.6104,10,STA,WIFI_DROP,
17.6104,16,STA,WIFI_DROP,
17.6128,10,STA,WIFI_DROP,
17.6128,16,STA,WIFI_DROP,
17.6152,10,STA,WIFI_DROP,
17.6152,16,STA,WIFI_DROP,
17.6176,10,STA,WIFI_DROP,
17.6176,16,STA,WIFI_DROP,
17.62,10,STA,WIFI_DROP,
17.62,16,STA,WIFI_DROP,
17.6224,10,STA,WIFI_DROP,
17.6224,16,STA,WIFI_DROP,
17.6248,10,STA,WIFI_DROP,
17.6248,16,STA,WIFI_DROP,
17.6272,10,STA,WIFI_DROP,
17.6272,16,STA,WIFI_DROP,
17.6296,10,STA,WIFI_DROP,
17.6296,16,STA,WIFI_DROP,
17.632,10,STA,WIFI_DROP,
17.632,16,STA,WIFI_DROP,
17.6344,10,STA,WIFI_DROP,
17.6344,16,STA,WIFI_DROP,
17.6368,10,STA,WIFI_DROP,
17.6368,16,STA,WIFI_DROP,
17.6392,10,STA,WIFI_DROP,
17.6392,16,STA,WIFI_DROP,
17.6416,10,STA,WIFI_DROP,
17.6416,16,STA,WIFI_DROP,
17.644,10,STA,WIFI_DROP,
17.644,16,STA,WIFI_DROP,
17.6464,10,STA,WIFI_DROP,
17.6464,16,STA,WIFI_DROP,
17.6488,10,STA,WIFI_DROP,
17.6488,16,STA,WIFI_DROP,
17.6512,10,STA,WIFI_DROP,
17.6512,16,STA,WIFI_DROP,
17.6536,10,STA,WIFI_DROP,
17.6536,16,STA,WIFI_DROP,
17.656,10,STA,WIFI_DROP,
17.656,16,STA,WIFI_DROP,
17.6584,10,STA,WIFI_DROP,
17.6584,16,STA,WIFI_DROP,
17.6608,10,STA,WIFI_DROP,
17.6608,16,STA,WIFI_DROP,
17.6632,10,STA,WIFI_DROP,
17.6632,16,STA,WIFI_DROP,
17.6656,10,STA,WIFI_DROP,
17.6656,16,STA,WIFI_DROP,
17.668,10,STA,WIFI_DROP,
17.668,16,STA,WIFI_DROP,
17.6704,10,STA,WIFI_DROP,
17.6704,16,STA,WIFI_DROP,
17.6728,10,STA,WIFI_DROP,
17.6728,16,STA,WIFI_DROP,
17.6752,10,STA,WIFI_DROP,
17.6752,16,STA,WIFI_DROP,
17.6776,10,STA,WIFI_DROP,
17.6776,16,STA,WIFI_DROP,
17.68,10,STA,WIFI_DROP,
17.68,16,STA,WIFI_DROP,
17.6824,10,STA,WIFI_DROP,
17.6824,16,STA,WIFI_DROP,
17.6848,10,STA,WIFI_DROP,
17.6848,16,STA,WIFI_DROP,
17.6872,10,STA,WIFI_DROP,
17.6872,16,STA,WIFI_DROP,
17.6896,10,STA,WIFI_DROP,
17.6896,16,STA,WIFI_DROP,
17.692,10,STA,WIFI_DROP,
17.692,16,STA,WIFI_DROP,
17.6944,4,STA,WIFI_DROP,
17.6944,10,STA,WIFI_DROP,
17.6944,16,STA,WIFI_DROP,
17.6968,4,STA,WIFI_DROP,
17.6968,10,STA,WIFI_DROP,
17.6968,16,STA,WIFI_DROP,
17.6992,4,STA,WIFI_DROP,
17.6992,10,STA,WIFI_DROP,
17.6992,16,STA,WIFI_DROP,
17.7016,4,STA,WIFI_DROP,
17.7016,10,STA,WIFI_DROP,
17.7016,16,STA,WIFI_DROP,
17.704,4,STA,WIFI_DROP,
17.704,10,STA,WIFI_DROP,
17.704,16,STA,WIFI_DROP,
17.7064,4,STA,WIFI_DROP,
17.7064,10,STA,WIFI_DROP,
17.7064,16,STA,WIFI_DROP,
17.7088,4,STA,WIFI_DROP,
17.7088,10,STA,WIFI_DROP,
17.7088,16,STA,WIFI_DROP,
17.7112,4,STA,WIFI_DROP,
17.7112,10,STA,WIFI_DROP,
17.7112,16,STA,WIFI_DROP,
17.7136,4,STA,WIFI_DROP,
17.7136,10,STA,WIFI_DROP,
17.7136,16,STA,WIFI_DROP,
17.716,4,STA,WIFI_DROP,
17.716,10,STA,WIFI_DROP,
17.716,16,STA,WIFI_DROP,
17.7184,4,STA,WIFI_DROP,
17.7184,10,STA,WIFI_DROP,
17.7184,16,STA,WIFI_DROP,
17.7208,4,STA,WIFI_DROP,
17.7208,10,STA,WIFI_DROP,
17.7208,16,STA,WIFI_DROP,
17.7232,4,STA,WIFI_DROP,
17.7232,10,STA,WIFI_DROP,
17.7232,16,STA,WIFI_DROP,
17.7256,4,STA,WIFI_DROP,
17.7256,10,STA,WIFI_DROP,
17.7256,16,STA,WIFI_DROP,
17.728,4,STA,WIFI_DROP,
17.728,10,STA,WIFI_DROP,
17.728,16,STA,WIFI_DROP,
17.7304,4,STA,WIFI_DROP,
17.7304,10,STA,WIFI_DROP,
17.7304,16,STA,WIFI_DROP,
17.7328,4,STA,WIFI_DROP,
17.7328,10,STA,WIFI_DROP,
17.7328,16,STA,WIFI_DROP,
17.7352,4,STA,WIFI_DROP,
17.7352,10,STA,WIFI_DROP,
17.7352,16,STA,WIFI_DROP,
17.7376,4,STA,WIFI_DROP,
17.7376,10,STA,WIFI_DROP,
17.7376,16,STA,WIFI_DROP,
17.74,4,STA,WIFI_DROP,
17.74,10,STA,WIFI_DROP,
17.74,16,STA,WIFI_DROP,
17.7424,4,STA,WIFI_DROP,
17.7424,16,STA,WIFI_DROP,
17.7448,4,STA,WIFI_DROP,
17.7448,16,STA,WIFI_DROP,
17.7472,4,STA,WIFI_DROP,
17.7472,16,STA,WIFI_DROP,
17.7496,4,STA,WIFI_DROP,
17.7496,16,STA,WIFI_DROP,
17.752,4,STA,WIFI_DROP,
17.752,16,STA,WIFI_DROP,
17.7544,4,STA,WIFI_DROP,
17.7544,16,STA,WIFI_DROP,
17.7568,4,STA,WIFI_DROP,
17.7568,16,STA,WIFI_DROP,
17.7592,4,STA,WIFI_DROP,
17.7592,16,STA,WIFI_DROP,
17.7616,4,STA,WIFI_DROP,
17.7616,16,STA,WIFI_DROP,
17.764,4,STA,WIFI_DROP,
17.764,16,STA,WIFI_DROP,
17.7664,4,STA,WIFI_DROP,
17.7664,16,STA,WIFI_DROP,
17.7688,4,STA,WIFI_DROP,
17.7688,16,STA,WIFI_DROP,
17.7712,4,STA,WIFI_DROP,
17.7712,16,STA,WIFI_DROP,
17.7736,4,STA,WIFI_DROP,
17.7736,16,STA,WIFI_DROP,
17.776,4,STA,WIFI_DROP,
17.776,16,STA,WIFI_DROP,
17.7784,4,STA,WIFI_DROP,
17.7784,16,STA,WIFI_DROP,
17.7808,4,STA,WIFI_DROP,
17.7808,16,STA,WIFI_DROP,
17.7832,4,STA,WIFI_DROP,
17.7832,16,STA,WIFI_DROP,
17.7856,4,STA,WIFI_DROP,
17.7856,16,STA,WIFI_DROP,
17.788,4,STA,WIFI_DROP,
17.788,16,STA,WIFI_DROP,
17.7904,4,STA,WIFI_DROP,
17.7904,16,STA,WIFI_DROP,
17.7928,4,STA,WIFI_DROP,
17.7928,16,STA,WIFI_DROP,
17.7952,4,STA,WIFI_DROP,
17.7952,16,STA,WIFI_DROP,
17.7976,4,STA,WIFI_DROP,
17.7976,11,STA,WIFI_DROP,
17.7976,16,STA,WIFI_DROP,
17.8,4,STA,WIFI_DROP,
17.8,11,STA,WIFI_DROP,
17.8,16,STA,WIFI_DROP,
17.8024,4,STA,WIFI_DROP,
17.8024,11,STA,WIFI_DROP,
17.8024,16,STA,WIFI_DROP,
17.8048,4,STA,WIFI_DROP,
17.8048,11,STA,WIFI_DROP,
17.8048,16,STA,WIFI_DROP,
17.8072,4,STA,WIFI_DROP,
17.8072,11,STA,WIFI_DROP,
17.8072,16,STA,WIFI_DROP,
17.8096,4,STA,WIFI_DROP,
17.8096,11,STA,WIFI_DROP,
17.8096,16,STA,WIFI_DROP,
17.812,4,STA,WIFI_DROP,
17.812,11,STA,WIFI_DROP,
17.812,16,STA,WIFI_DROP,
17.8144,4,STA,WIFI_DROP,
17.8144,11,STA,WIFI_DROP,
17.8144,16,STA,WIFI_DROP,
17.8168,4,STA,WIFI_DROP,
17.8168,11,STA,WIFI_DROP,
17.8168,16,STA,WIFI_DROP,
17.8192,4,STA,WIFI_DROP,
17.8192,11,STA,WIFI_DROP,
17.8192,16,STA,WIFI_DROP,
17.8216,4,STA,WIFI_DROP,
17.8216,11,STA,WIFI_DROP,
17.8216,16,STA,WIFI_DROP,
17.824,4,STA,WIFI_DROP,
17.824,11,STA,WIFI_DROP,
17.824,16,STA,WIFI_DROP,
17.8264,4,STA,WIFI_DROP,
17.8264,11,STA,WIFI_DROP,
17.8264,16,STA,WIFI_DROP,
17.8288,4,STA,WIFI_DROP,
17.8288,11,STA,WIFI_DROP,
17.8288,16,STA,WIFI_DROP,
17.8312,4,STA,WIFI_DROP,
17.8312,11,STA,WIFI_DROP,
17.8312,16,STA,WIFI_DROP,
17.8336,4,STA,WIFI_DROP,
17.8336,11,STA,WIFI_DROP,
17.8336,16,STA,WIFI_DROP,
17.836,4,STA,WIFI_DROP,
17.836,11,STA,WIFI_DROP,
17.836,16,STA,WIFI_DROP,
17.8384,4,STA,WIFI_DROP,
17.8384,11,STA,WIFI_DROP,
17.8384,16,STA,WIFI_DROP,
17.8408,4,STA,WIFI_DROP,
17.8408,11,STA,WIFI_DROP,
17.8408,16,STA,WIFI_DROP,
17.8432,4,STA,WIFI_DROP,
17.8432,11,STA,WIFI_DROP,
17.8432,16,STA,WIFI_DROP,
17.8456,4,STA,WIFI_DROP,
17.8456,11,STA,WIFI_DROP,
17.8456,16,STA,WIFI_DROP,
17.848,4,STA,WIFI_DROP,
17.848,11,STA,WIFI_DROP,
17.848,16,STA,WIFI_DROP,
17.8504,4,STA,WIFI_DROP,
17.8504,11,STA,WIFI_DROP,
17.8504,16,STA,WIFI_DROP,
17.8528,4,STA,WIFI_DROP,
17.8528,11,STA,WIFI_DROP,
17.8528,16,STA,WIFI_DROP,
17.8552,4,STA,WIFI_DROP,
17.8552,11,STA,WIFI_DROP,
17.8552,16,STA,WIFI_DROP,
17.8576,4,STA,WIFI_DROP,
17.8576,11,STA,WIFI_DROP,
17.8576,16,STA,WIFI_DROP,
17.86,4,STA,WIFI_DROP,
17.86,11,STA,WIFI_DROP,
17.86,16,STA,WIFI_DROP,
17.8624,4,STA,WIFI_DROP,
17.8624,11,STA,WIFI_DROP,
17.8624,16,STA,WIFI_DROP,
17.8648,4,STA,WIFI_DROP,
17.8648,11,STA,WIFI_DROP,
17.8648,16,STA,WIFI_DROP,
17.8672,4,STA,WIFI_DROP,
17.8672,11,STA,WIFI_DROP,
17.8672,16,STA,WIFI_DROP,
17.8696,4,STA,WIFI_DROP,
17.8696,11,STA,WIFI_DROP,
17.8696,16,STA,WIFI_DROP,
17.872,4,STA,WIFI_DROP,
17.872,11,STA,WIFI_DROP,
17.872,16,STA,WIFI_DROP,
17.8744,4,STA,WIFI_DROP,
17.8744,11,STA,WIFI_DROP,
17.8744,16,STA,WIFI_DROP,
17.8768,4,STA,WIFI_DROP,
17.8768,11,STA,WIFI_DROP,
17.8768,16,STA,WIFI_DROP,
17.8792,4,STA,WIFI_DROP,
17.8792,11,STA,WIFI_DROP,
17.8792,16,STA,WIFI_DROP,
17.8816,4,STA,WIFI_DROP,
17.8816,11,STA,WIFI_DROP,
17.8816,16,STA,WIFI_DROP,
17.884,4,STA,WIFI_DROP,
17.884,11,STA,WIFI_DROP,
17.884,16,STA,WIFI_DROP,
17.8864,4,STA,WIFI_DROP,
17.8864,11,STA,WIFI_DROP,
17.8864,16,STA,WIFI_DROP,
17.8888,4,STA,WIFI_DROP,
17.8888,11,STA,WIFI_DROP,
17.8888,16,STA,WIFI_DROP,
17.8912,4,STA,WIFI_DROP,
17.8912,11,STA,WIFI_DROP,
17.8912,16,STA,WIFI_DROP,
17.8936,4,STA,WIFI_DROP,
17.8936,11,STA,WIFI_DROP,
17.8936,16,STA,WIFI_DROP,
17.896,4,STA,WIFI_DROP,
17.896,11,STA,WIFI_DROP,
17.896,16,STA,WIFI_DROP,
17.8984,4,STA,WIFI_DROP,
17.8984,11,STA,WIFI_DROP,
17.8984,16,STA,WIFI_DROP,
17.9008,4,STA,WIFI_DROP,
17.9008,11,STA,WIFI_DROP,
17.9008,16,STA,WIFI_DROP,
17.9032,4,STA,WIFI_DROP,
17.9032,11,STA,WIFI_DROP,
17.9032,16,STA,WIFI_DROP,
17.9056,4,STA,WIFI_DROP,
17.9056,11,STA,WIFI_DROP,
17.9056,16,STA,WIFI_DROP,
17.908,4,STA,WIFI_DROP,
17.908,11,STA,WIFI_DROP,
17.908,16,STA,WIFI_DROP,
17.9104,4,STA,WIFI_DROP,
17.9104,11,STA,WIFI_DROP,
17.9104,16,STA,WIFI_DROP,
17.9128,4,STA,WIFI_DROP,
17.9128,11,STA,WIFI_DROP,
17.9128,16,STA,WIFI_DROP,
17.9152,4,STA,WIFI_DROP,
17.9152,11,STA,WIFI_DROP,
17.9152,16,STA,WIFI_DROP,
17.9176,4,STA,WIFI_DROP,
17.9176,11,STA,WIFI_DROP,
17.9176,16,STA,WIFI_DROP,
17.92,4,STA,WIFI_DROP,
17.92,11,STA,WIFI_DROP,
17.92,16,STA,WIFI_DROP,
17.9224,4,STA,WIFI_DROP,
17.9224,11,STA,WIFI_DROP,
17.9224,16,STA,WIFI_DROP,
17.9248,4,STA,WIFI_DROP,
17.9248,11,STA,WIFI_DROP,
17.9248,16,STA,WIFI_DROP,
17.9272,4,STA,WIFI_DROP,
17.9272,11,STA,WIFI_DROP,
17.9272,16,STA,WIFI_DROP,
17.9296,4,STA,WIFI_DROP,
17.9296,11,STA,WIFI_DROP,
17.9296,16,STA,WIFI_DROP,
17.932,4,STA,WIFI_DROP,
17.932,11,STA,WIFI_DROP,
17.932,16,STA,WIFI_DROP,
17.9344,4,STA,WIFI_DROP,
17.9344,11,STA,WIFI_DROP,
17.9344,16,STA,WIFI_DROP,
17.9368,4,STA,WIFI_DROP,
17.9368,11,STA,WIFI_DROP,
17.9368,16,STA,WIFI_DROP,
17.9392,4,STA,WIFI_DROP,
17.9392,11,STA,WIFI_DROP,
17.9392,16,STA,WIFI_DROP,
17.9416,4,STA,WIFI_DROP,
17.9416,11,STA,WIFI_DROP,
17.9416,16,STA,WIFI_DROP,
17.944,4,STA,WIFI_DROP,
17.944,11,STA,WIFI_DROP,
17.944,16,STA,WIFI_DROP,
17.9464,4,STA,WIFI_DROP,
17.9464,11,STA,WIFI_DROP,
17.9464,16,STA,WIFI_DROP,
17.9488,4,STA,WIFI_DROP,
17.9488,11,STA,WIFI_DROP,
17.9488,16,STA,WIFI_DROP,
17.9512,4,STA,WIFI_DROP,
17.9512,11,STA,WIFI_DROP,
17.9512,16,STA,WIFI_DROP,
17.9536,4,STA,WIFI_DROP,
17.9536,11,STA,WIFI_DROP,
17.9536,16,STA,WIFI_DROP,
17.956,4,STA,WIFI_DROP,
17.956,11,STA,WIFI_DROP,
17.956,16,STA,WIFI_DROP,
17.9584,4,STA,WIFI_DROP,
17.9584,11,STA,WIFI_DROP,
17.9584,16,STA,WIFI_DROP,
17.9608,4,STA,WIFI_DROP,
17.9608,11,STA,WIFI_DROP,
17.9608,16,STA,WIFI_DROP,
17.9632,4,STA,WIFI_DROP,
17.9632,11,STA,WIFI_DROP,
17.9632,16,STA,WIFI_DROP,
17.9656,4,STA,WIFI_DROP,
17.9656,11,STA,WIFI_DROP,
17.9656,16,STA,WIFI_DROP,
17.968,4,STA,WIFI_DROP,
17.968,11,STA,WIFI_DROP,
17.968,16,STA,WIFI_DROP,
17.9704,4,STA,WIFI_DROP,
17.9704,11,STA,WIFI_DROP,
17.9704,16,STA,WIFI_DROP,
17.9728,4,STA,WIFI_DROP,
17.9728,11,STA,WIFI_DROP,
17.9728,16,STA,WIFI_DROP,
17.9752,4,STA,WIFI_DROP,
17.9752,11,STA,WIFI_DROP,
17.9752,16,STA,WIFI_DROP,
17.9776,4,STA,WIFI_DROP,
17.9776,11,STA,WIFI_DROP,
17.9776,16,STA,WIFI_DROP,
17.98,4,STA,WIFI_DROP,
17.98,11,STA,WIFI_DROP,
17.98,16,STA,WIFI_DROP,
17.9824,4,STA,WIFI_DROP,
17.9824,11,STA,WIFI_DROP,
17.9824,16,STA,WIFI_DROP,
17.9848,4,STA,WIFI_DROP,
17.9848,11,STA,WIFI_DROP,
17.9848,16,STA,WIFI_DROP,
17.9872,4,STA,WIFI_DROP,
17.9872,11,STA,WIFI_DROP,
17.9872,16,STA,WIFI_DROP,
17.9896,4,STA,WIFI_DROP,
17.9896,11,STA,WIFI_DROP,
17.9896,16,STA,WIFI_DROP,
17.992,4,STA,WIFI_DROP,
17.992,11,STA,WIFI_DROP,
17.992,16,STA,WIFI_DROP,
17.9944,4,STA,WIFI_DROP,
17.9944,11,STA,WIFI_DROP,
17.9944,16,STA,WIFI_DROP,
17.9968,4,STA,WIFI_DROP,
17.9968,11,STA,WIFI_DROP,
17.9968,16,STA,WIFI_DROP,
17.9992,4,STA,WIFI_DROP,
17.9992,16,STA,WIFI_DROP,
18,4,STA,THROUGHPUT_MBPS,1.176000
18,6,STA,THROUGHPUT_MBPS,2.532000
18,8,STA,THROUGHPUT_MBPS,2.328000
18,9,STA,THROUGHPUT_MBPS,0.912000
18,10,STA,THROUGHPUT_MBPS,2.700000
18,11,STA,THROUGHPUT_MBPS,0.324000
18,13,STA,THROUGHPUT_MBPS,1.248000
18,15,STA,THROUGHPUT_MBPS,1.884000
18,17,STA,THROUGHPUT_MBPS,2.136000
18,20,STA,THROUGHPUT_MBPS,1.332000
18,1,AP,AGGREGATE_THROUGHPUT_MBPS,16.572000
18,1,AP,SENT_COUNT,8340.000000
18,1,AP,RECV_COUNT,1381.000000
18,1,AP,LATENCY_P95_MS,537.820382
18.0016,4,STA,WIFI_DROP,
18.0016,16,STA,WIFI_DROP,
18.004,4,STA,WIFI_DROP,
18.004,16,STA,WIFI_DROP,
18.0064,4,STA,WIFI_DROP,
18.0064,16,STA,WIFI_DROP,
18.0088,4,STA,WIFI_DROP,
18.0088,16,STA,WIFI_DROP,
18.0112,4,STA,WIFI_DROP,
18.0112,16,STA,WIFI_DROP,
18.0136,4,STA,WIFI_DROP,
18.0136,16,STA,WIFI_DROP,
18.016,4,STA,WIFI_DROP,
18.016,16,STA,WIFI_DROP,
18.0184,4,STA,WIFI_DROP,
18.0184,16,STA,WIFI_DROP,
18.0208,4,STA,WIFI_DROP,
18.0208,16,STA,WIFI_DROP,
18.0232,4,STA,WIFI_DROP,
18.0232,16,STA,WIFI_DROP,
18.0256,4,STA,WIFI_DROP,
18.0256,16,STA,WIFI_DROP,
18.028,4,STA,WIFI_DROP,
18.028,16,STA,WIFI_DROP,
18.0304,4,STA,WIFI_DROP,
18.0304,16,STA,WIFI_DROP,
18.0328,4,STA,WIFI_DROP,
18.0328,16,STA,WIFI_DROP,
18.0352,4,STA,WIFI_DROP,
18.0352,16,STA,WIFI_DROP,
18.0376,4,STA,WIFI_DROP,
18.0376,16,STA,WIFI_DROP,
18.04,4,STA,WIFI_DROP,
18.04,16,STA,WIFI_DROP,
18.0424,4,STA,WIFI_DROP,
18.0424,16,STA,WIFI_DROP,
18.0448,4,STA,WIFI_DROP,
18.0448,16,STA,WIFI_DROP,
18.0472,4,STA,WIFI_DROP,
18.0472,16,STA,WIFI_DROP,
18.0496,4,STA,WIFI_DROP,
18.0496,16,STA,WIFI_DROP,
18.052,4,STA,WIFI_DROP,
18.052,16,STA,WIFI_DROP,
18.0544,4,STA,WIFI_DROP,
18.0544,16,STA,WIFI_DROP,
18.0568,4,STA,WIFI_DROP,
18.0568,16,STA,WIFI_DROP,
18.0592,4,STA,WIFI_DROP,
18.0592,16,STA,WIFI_DROP,
18.0616,4,STA,WIFI_DROP,
18.0616,16,STA,WIFI_DROP,
18.064,4,STA,WIFI_DROP,
18.064,16,STA,WIFI_DROP,
18.0664,4,STA,WIFI_DROP,
18.0664,16,STA,WIFI_DROP,
18.0688,4,STA,WIFI_DROP,
18.0688,16,STA,WIFI_DROP,
18.0712,4,STA,WIFI_DROP,
18.0712,16,STA,WIFI_DROP,
18.0736,4,STA,WIFI_DROP,
18.0736,16,STA,WIFI_DROP,
18.076,4,STA,WIFI_DROP,
18.076,16,STA,WIFI_DROP,
18.0784,4,STA,WIFI_DROP,
18.0784,16,STA,WIFI_DROP,
18.0808,4,STA,WIFI_DROP,
18.0808,16,STA,WIFI_DROP,
18.0832,4,STA,WIFI_DROP,
18.0832,16,STA,WIFI_DROP,
18.0856,4,STA,WIFI_DROP,
18.0856,16,STA,WIFI_DROP,
18.088,4,STA,WIFI_DROP,
18.0904,4,STA,WIFI_DROP,
18.0928,4,STA,WIFI_DROP,
18.0952,4,STA,WIFI_DROP,
18.0976,4,STA,WIFI_DROP,
18.1,4,STA,WIFI_DROP,
18.1024,4,STA,WIFI_DROP,
18.1048,4,STA,WIFI_DROP,
18.1072,4,STA,WIFI_DROP,
18.1096,4,STA,WIFI_DROP,
18.112,4,STA,WIFI_DROP,
18.1144,4,STA,WIFI_DROP,
18.1168,4,STA,WIFI_DROP,
18.1192,4,STA,WIFI_DROP,
18.1216,4,STA,WIFI_DROP,
18.124,4,STA,WIFI_DROP,
18.1264,4,STA,WIFI_DROP,
18.1288,4,STA,WIFI_DROP,
18.1312,4,STA,WIFI_DROP,
18.1336,4,STA,WIFI_DROP,
18.136,4,STA,WIFI_DROP,
18.1384,4,STA,WIFI_DROP,
18.1408,4,STA,WIFI_DROP,
18.1432,4,STA,WIFI_DROP,
18.1456,4,STA,WIFI_DROP,
18.148,4,STA,WIFI_DROP,
18.1504,4,STA,WIFI_DROP,
18.1528,4,STA,WIFI_DROP,
18.1552,4,STA,WIFI_DROP,
18.1576,4,STA,WIFI_DROP,
18.16,4,STA,WIFI_DROP,
18.1624,4,STA,WIFI_DROP,
18.1648,4,STA,WIFI_DROP,
18.1672,4,STA,WIFI_DROP,
18.1696,4,STA,WIFI_DROP,
18.172,4,STA,WIFI_DROP,
18.1744,4,STA,WIFI_DROP,
18.1768,4,STA,WIFI_DROP,
18.1792,4,STA,WIFI_DROP,
18.1816,4,STA,WIFI_DROP,
18.184,4,STA,WIFI_DROP,
18.1864,4,STA,WIFI_DROP,
18.1888,4,STA,WIFI_DROP,
18.1912,4,STA,WIFI_DROP,
18.1936,4,STA,WIFI_DROP,
18.196,4,STA,WIFI_DROP,
18.1984,4,STA,WIFI_DROP,
18.2008,4,STA,WIFI_DROP,
18.2032,4,STA,WIFI_DROP,
18.2056,4,STA,WIFI_DROP,
18.208,4,STA,WIFI_DROP,
18.2104,4,STA,WIFI_DROP,
18.2128,4,STA,WIFI_DROP,
18.2152,4,STA,WIFI_DROP,
18.2176,4,STA,WIFI_DROP,
18.22,4,STA,WIFI_DROP,
18.2224,4,STA,WIFI_DROP,
18.2248,4,STA,WIFI_DROP,
18.2272,4,STA,WIFI_DROP,
18.2296,4,STA,WIFI_DROP,
18.232,4,STA,WIFI_DROP,
18.2344,4,STA,WIFI_DROP,
18.2368,4,STA,WIFI_DROP,
18.2392,4,STA,WIFI_DROP,
18.2416,4,STA,WIFI_DROP,
18.244,4,STA,WIFI_DROP,
18.2464,4,STA,WIFI_DROP,
18.2488,4,STA,WIFI_DROP,
18.2512,4,STA,WIFI_DROP,
18.2536,4,STA,WIFI_DROP,
18.256,4,STA,WIFI_DROP,
18.2584,4,STA,WIFI_DROP,
18.2608,4,STA,WIFI_DROP,
18.2632,4,STA,WIFI_DROP,
18.2656,4,STA,WIFI_DROP,
18.268,4,STA,WIFI_DROP,
18.2704,4,STA,WIFI_DROP,
18.2728,4,STA,WIFI_DROP,
18.2752,4,STA,WIFI_DROP,
18.2776,4,STA,WIFI_DROP,
18.28,4,STA,WIFI_DROP,
18.2824,4,STA,WIFI_DROP,
18.2848,4,STA,WIFI_DROP,
18.2872,4,STA,WIFI_DROP,
18.2896,4,STA,WIFI_DROP,
18.292,4,STA,WIFI_DROP,
18.2944,4,STA,WIFI_DROP,
18.2968,4,STA,WIFI_DROP,
18.2992,4,STA,WIFI_DROP,
18.5128,14,STA,WIFI_DROP,
18.5152,14,STA,WIFI_DROP,
18.5176,14,STA,WIFI_DROP,
18.52,14,STA,WIFI_DROP,
18.5224,14,STA,WIFI_DROP,
18.5248,14,STA,WIFI_DROP,
18.5272,14,STA,WIFI_DROP,
18.5296,14,STA,WIFI_DROP,
18.532,14,STA,WIFI_DROP,
18.5344,14,STA,WIFI_DROP,
18.5368,14,STA,WIFI_DROP,
18.5392,14,STA,WIFI_DROP,
18.5416,14,STA,WIFI_DROP,
18.544,14,STA,WIFI_DROP,
18.5464,14,STA,WIFI_DROP,
18.5488,14,STA,WIFI_DROP,
18.5512,14,STA,WIFI_DROP,
18.5536,14,STA,WIFI_DROP,
18.556,14,STA,WIFI_DROP,
18.5584,14,STA,WIFI_DROP,
18.5608,14,STA,WIFI_DROP,
18.5632,14,STA,WIFI_DROP,
18.5656,14,STA,WIFI_DROP,
18.6112,16,STA,WIFI_DROP,
18.6136,16,STA,WIFI_DROP,
18.616,16,STA,WIFI_DROP,
18.6184,16,STA,WIFI_DROP,
18.6208,16,STA,WIFI_DROP,
18.6232,16,STA,WIFI_DROP,
18.6256,16,STA,WIFI_DROP,
18.628,16,STA,WIFI_DROP,
18.6304,16,STA,WIFI_DROP,
18.6328,16,STA,WIFI_DROP,
18.6352,16,STA,WIFI_DROP,
18.6376,16,STA,WIFI_DROP,
18.64,16,STA,WIFI_DROP,
18.6424,16,STA,WIFI_DROP,
18.6448,16,STA,WIFI_DROP,
18.6472,16,STA,WIFI_DROP,
18.6496,16,STA,WIFI_DROP,
18.652,16,STA,WIFI_DROP,
18.6544,16,STA,WIFI_DROP,
18.6568,16,STA,WIFI_DROP,
18.6592,16,STA,WIFI_DROP,
18.6616,16,STA,WIFI_DROP,
18.664,16,STA,WIFI_DROP,
18.6664,16,STA,WIFI_DROP,
18.6688,16,STA,WIFI_DROP,
18.6712,16,STA,WIFI_DROP,
18.6736,16,STA,WIFI_DROP,
18.676,16,STA,WIFI_DROP,
18.6784,16,STA,WIFI_DROP,
18.6808,16,STA,WIFI_DROP,
18.6832,16,STA,WIFI_DROP,
18.6856,16,STA,WIFI_DROP,
18.688,16,STA,WIFI_DROP,
18.6904,16,STA,WIFI_DROP,
18.6928,16,STA,WIFI_DROP,
18.6952,16,STA,WIFI_DROP,
18.6976,16,STA,WIFI_DROP,
18.7,16,STA,WIFI_DROP,
18.7024,16,STA,WIFI_DROP,
18.7048,16,STA,WIFI_DROP,
18.7072,16,STA,WIFI_DROP,
18.7096,16,STA,WIFI_DROP,
18.712,16,STA,WIFI_DROP,
18.7144,16,STA,WIFI_DROP,
18.7168,16,STA,WIFI_DROP,
18.7192,12,STA,WIFI_DROP,
18.7192,16,STA,WIFI_DROP,
18.7216,12,STA,WIFI_DROP,
18.7216,16,STA,WIFI_DROP,
18.724,12,STA,WIFI_DROP,
18.724,16,STA,WIFI_DROP,
18.7264,12,STA,WIFI_DROP,
18.7264,16,STA,WIFI_DROP,
18.7288,12,STA,WIFI_DROP,
18.7288,16,STA,WIFI_DROP,
18.7312,12,STA,WIFI_DROP,
18.7312,16,STA,WIFI_DROP,
18.7336,12,STA,WIFI_DROP,
18.7336,16,STA,WIFI_DROP,
18.736,12,STA,WIFI_DROP,
18.736,16,STA,WIFI_DROP,
18.7384,12,STA,WIFI_DROP,
18.7384,16,STA,WIFI_DROP,
18.7408,12,STA,WIFI_DROP,
18.7408,16,STA,WIFI_DROP,
18.7432,12,STA,WIFI_DROP,
18.7432,16,STA,WIFI_DROP,
18.7456,12,STA,WIFI_DROP,
18.7456,16,STA,WIFI_DROP,
18.748,12,STA,WIFI_DROP,
18.748,16,STA,WIFI_DROP,
18.7504,12,STA,WIFI_DROP,
18.7504,16,STA,WIFI_DROP,
18.7528,12,STA,WIFI_DROP,
18.7528,16,STA,WIFI_DROP,
18.7552,12,STA,WIFI_DROP,
18.7552,16,STA,WIFI_DROP,
18.7576,12,STA,WIFI_DROP,
18.7576,16,STA,WIFI_DROP,
18.76,12,STA,WIFI_DROP,
18.76,16,STA,WIFI_DROP,
18.7624,12,STA,WIFI_DROP,
18.7624,16,STA,WIFI_DROP,
18.7648,12,STA,WIFI_DROP,
18.7648,16,STA,WIFI_DROP,
18.7672,12,STA,WIFI_DROP,
18.7672,16,STA,WIFI_DROP,
18.7696,12,STA,WIFI_DROP,
18.7696,16,STA,WIFI_DROP,
18.772,12,STA,WIFI_DROP,
18.772,16,STA,WIFI_DROP,
18.7744,12,STA,WIFI_DROP,
18.7744,16,STA,WIFI_DROP,
18.7768,12,STA,WIFI_DROP,
18.7768,16,STA,WIFI_DROP,
18.7792,12,STA,WIFI_DROP,
18.7792,16,STA,WIFI_DROP,
18.7816,12,STA,WIFI_DROP,
18.7816,16,STA,WIFI_DROP,
18.784,12,STA,WIFI_DROP,
18.784,16,STA,WIFI_DROP,
18.7864,12,STA,WIFI_DROP,
18.7864,16,STA,WIFI_DROP,
18.7888,12,STA,WIFI_DROP,
18.7888,16,STA,WIFI_DROP,
18.7912,12,STA,WIFI_DROP,
18.7912,16,STA,WIFI_DROP,
18.7936,12,STA,WIFI_DROP,
18.7936,16,STA,WIFI_DROP,
18.796,12,STA,WIFI_DROP,
18.796,16,STA,WIFI_DROP,
18.7984,12,STA,WIFI_DROP,
18.7984,16,STA,WIFI_DROP,
18.8008,12,STA,WIFI_DROP,
18.8008,16,STA,WIFI_DROP,
18.8032,12,STA,WIFI_DROP,
18.8032,16,STA,WIFI_DROP,
18.8056,12,STA,WIFI_DROP,
18.8056,16,STA,WIFI_DROP,
18.808,12,STA,WIFI_DROP,
18.808,16,STA,WIFI_DROP,
18.8104,12,STA,WIFI_DROP,
18.8104,16,STA,WIFI_DROP,
18.8128,12,STA,WIFI_DROP,
18.8128,16,STA,WIFI_DROP,
18.8152,12,STA,WIFI_DROP,
18.8152,16,STA,WIFI_DROP,
18.8176,12,STA,WIFI_DROP,
18.8176,16,STA,WIFI_DROP,
18.82,12,STA,WIFI_DROP,
18.82,16,STA,WIFI_DROP,
18.8224,12,STA,WIFI_DROP,
18.8224,16,STA,WIFI_DROP,
18.8248,12,STA,WIFI_DROP,
18.8248,16,STA,WIFI_DROP,
18.8272,12,STA,WIFI_DROP,
18.8272,16,STA,WIFI_DROP,
18.8296,12,STA,WIFI_DROP,
18.8296,16,STA,WIFI_DROP,
18.832,12,STA,WIFI_DROP,
18.832,16,STA,WIFI_DROP,
18.8344,12,STA,WIFI_DROP,
18.8344,16,STA,WIFI_DROP,
18.8368,12,STA,WIFI_DROP,
18.8368,16,STA,WIFI_DROP,
18.8392,12,STA,WIFI_DROP,
18.8392,16,STA,WIFI_DROP,
18.8416,12,STA,WIFI_DROP,
18.8416,16,STA,WIFI_DROP,
18.844,12,STA,WIFI_DROP,
18.844,16,STA,WIFI_DROP,
18.8464,12,STA,WIFI_DROP,
18.8464,16,STA,WIFI_DROP,
18.8488,12,STA,WIFI_DROP,
18.8488,16,STA,WIFI_DROP,
18.8512,12,STA,WIFI_DROP,
18.8512,16,STA,WIFI_DROP,
18.8536,12,STA,WIFI_DROP,
18.8536,16,STA,WIFI_DROP,
18.856,12,STA,WIFI_DROP,
18.856,16,STA,WIFI_DROP,
18.8584,12,STA,WIFI_DROP,
18.8584,16,STA,WIFI_DROP,
18.8608,12,STA,WIFI_DROP,
18.8608,16,STA,WIFI_DROP,
18.8632,12,STA,WIFI_DROP,
18.8632,16,STA,WIFI_DROP,
18.8656,12,STA,WIFI_DROP,
18.8656,16,STA,WIFI_DROP,
18.868,12,STA,WIFI_DROP,
18.868,16,STA,WIFI_DROP,
18.8704,12,STA,WIFI_DROP,
18.8704,16,STA,WIFI_DROP,
18.8728,12,STA,WIFI_DROP,
18.8728,16,STA,WIFI_DROP,
18.8752,12,STA,WIFI_DROP,
18.8752,16,STA,WIFI_DROP,
18.8776,12,STA,WIFI_DROP,
18.8776,16,STA,WIFI_DROP,
18.88,12,STA,WIFI_DROP,
18.88,16,STA,WIFI_DROP,
18.8824,12,STA,WIFI_DROP,
18.8824,16,STA,WIFI_DROP,
18.8848,12,STA,WIFI_DROP,
18.8848,16,STA,WIFI_DROP,
18.8872,12,STA,WIFI_DROP,
18.8872,16,STA,WIFI_DROP,
18.8896,12,STA,WIFI_DROP,
18.8896,16,STA,WIFI_DROP,
18.892,12,STA,WIFI_DROP,
18.892,16,STA,WIFI_DROP,
18.8944,12,STA,WIFI_DROP,
18.8944,16,STA,WIFI_DROP,
18.8968,12,STA,WIFI_DROP,
18.8968,16,STA,WIFI_DROP,
18.8992,12,STA,WIFI_DROP,
18.8992,16,STA,WIFI_DROP,
18.9016,12,STA,WIFI_DROP,
18.9016,16,STA,WIFI_DROP,
18.904,12,STA,WIFI_DROP,
18.904,16,STA,WIFI_DROP,
18.9064,12,STA,WIFI_DROP,
18.9064,16,STA,WIFI_DROP,
18.9088,12,STA,WIFI_DROP,
18.9088,16,STA,WIFI_DROP,
18.9112,12,STA,WIFI_DROP,
18.9112,16,STA,WIFI_DROP,
18.9136,12,STA,WIFI_DROP,
18.9136,16,STA,WIFI_DROP,
18.916,12,STA,WIFI_DROP,
18.916,16,STA,WIFI_DROP,
18.9184,12,STA,WIFI_DROP,
18.9184,16,STA,WIFI_DROP,
18.9208,12,STA,WIFI_DROP,
18.9208,16,STA,WIFI_DROP,
18.9232,12,STA,WIFI_DROP,
18.9232,16,STA,WIFI_DROP,
18.9256,12,STA,WIFI_DROP,
18.9256,16,STA,WIFI_DROP,
18.928,12,STA,WIFI_DROP,
18.928,16,STA,WIFI_DROP,
18.9304,12,STA,WIFI_DROP,
18.9304,16,STA,WIFI_DROP,
18.9328,12,STA,WIFI_DROP,
18.9328,16,STA,WIFI_DROP,
18.9352,12,STA,WIFI_DROP,
18.9352,16,STA,WIFI_DROP,
18.9376,12,STA,WIFI_DROP,
18.9376,16,STA,WIFI_DROP,
18.94,12,STA,WIFI_DROP,
18.94,16,STA,WIFI_DROP,
18.9424,12,STA,WIFI_DROP,
18.9424,16,STA,WIFI_DROP,
18.9448,12,STA,WIFI_DROP,
18.9448,16,STA,WIFI_DROP,
18.9472,12,STA,WIFI_DROP,
18.9472,16,STA,WIFI_DROP,
18.9496,12,STA,WIFI_DROP,
18.9496,16,STA,WIFI_DROP,
18.952,12,STA,WIFI_DROP,
18.952,16,STA,WIFI_DROP,
18.9544,12,STA,WIFI_DROP,
18.9544,16,STA,WIFI_DROP,
18.9568,12,STA,WIFI_DROP,
18.9568,16,STA,WIFI_DROP,
18.9592,12,STA,WIFI_DROP,
18.9592,16,STA,WIFI_DROP,
18.9616,12,STA,WIFI_DROP,
18.9616,16,STA,WIFI_DROP,
18.964,12,STA,WIFI_DROP,
18.964,16,STA,WIFI_DROP,
18.9664,12,STA,WIFI_DROP,
18.9664,16,STA,WIFI_DROP,
18.9688,12,STA,WIFI_DROP,
18.9688,16,STA,WIFI_DROP,
18.9712,12,STA,WIFI_DROP,
18.9712,16,STA,WIFI_DROP,
18.9736,12,STA,WIFI_DROP,
18.9736,16,STA,WIFI_DROP,
18.976,12,STA,WIFI_DROP,
18.976,16,STA,WIFI_DROP,
18.9784,12,STA,WIFI_DROP,
18.9784,16,STA,WIFI_DROP,
18.9808,12,STA,WIFI_DROP,
18.9808,16,STA,WIFI_DROP,
18.9832,12,STA,WIFI_DROP,
18.9832,16,STA,WIFI_DROP,
18.9856,12,STA,WIFI_DROP,
18.9856,16,STA,WIFI_DROP,
18.988,12,STA,WIFI_DROP,
18.988,16,STA,WIFI_DROP,
18.9904,12,STA,WIFI_DROP,
18.9904,16,STA,WIFI_DROP,
18.9928,12,STA,WIFI_DROP,
18.9928,16,STA,WIFI_DROP,
18.9952,12,STA,WIFI_DROP,
18.9952,16,STA,WIFI_DROP,
18.9976,12,STA,WIFI_DROP,
18.9976,16,STA,WIFI_DROP,
19,4,STA,THROUGHPUT_MBPS,1.344000
19,6,STA,THROUGHPUT_MBPS,5.988000
19,8,STA,THROUGHPUT_MBPS,1.248000
19,9,STA,THROUGHPUT_MBPS,3.264000
19,10,STA,THROUGHPUT_MBPS,1.092000
19,11,STA,THROUGHPUT_MBPS,1.656000
19,13,STA,THROUGHPUT_MBPS,0.996000
19,15,STA,THROUGHPUT_MBPS,0.708000
19,20,STA,THROUGHPUT_MBPS,1.932000
19,1,AP,AGGREGATE_THROUGHPUT_MBPS,18.228000
19,1,AP,SENT_COUNT,8320.000000
19,1,AP,RECV_COUNT,1519.000000
19,1,AP,LATENCY_P95_MS,541.387035
19,12,STA,WIFI_DROP,
19,16,STA,WIFI_DROP,
19.0024,12,STA,WIFI_DROP,
19.0024,16,STA,WIFI_DROP,
19.0048,12,STA,WIFI_DROP,
19.0048,16,STA,WIFI_DROP,
19.0072,12,STA,WIFI_DROP,
19.0072,16,STA,WIFI_DROP,
19.0096,12,STA,WIFI_DROP,
19.0096,16,STA,WIFI_DROP,
19.012,12,STA,WIFI_DROP,
19.012,16,STA,WIFI_DROP,
19.0144,12,STA,WIFI_DROP,
19.0144,16,STA,WIFI_DROP,
19.0168,12,STA,WIFI_DROP,
19.0168,16,STA,WIFI_DROP,
19.0192,12,STA,WIFI_DROP,
19.0192,16,STA,WIFI_DROP,
19.0216,11,STA,WIFI_DROP,
19.0216,12,STA,WIFI_DROP,
19.0216,16,STA,WIFI_DROP,
19.024,11,STA,WIFI_DROP,
19.024,12,STA,WIFI_DROP,
19.024,16,STA,WIFI_DROP,
19.0264,11,STA,WIFI_DROP,
19.0264,12,STA,WIFI_DROP,
19.0264,16,STA,WIFI_DROP,
19.0288,11,STA,WIFI_DROP,
19.0288,12,STA,WIFI_DROP,
19.0288,16,STA,WIFI_DROP,
19.0312,11,STA,WIFI_DROP,
19.0312,12,STA,WIFI_DROP,
19.0312,16,STA,WIFI_DROP,
19.0336,11,STA,WIFI_DROP,
19.0336,12,STA,WIFI_DROP,
19.0336,16,STA,WIFI_DROP,
19.036,11,STA,WIFI_DROP,
19.036,12,STA,WIFI_DROP,
19.036,16,STA,WIFI_DROP,
19.0384,11,STA,WIFI_DROP,
19.0384,12,STA,WIFI_DROP,
19.0384,16,STA,WIFI_DROP,
19.0408,11,STA,WIFI_DROP,
19.0408,12,STA,WIFI_DROP,
19.0408,16,STA,WIFI_DROP,
19.0432,11,STA,WIFI_DROP,
19.0432,12,STA,WIFI_DROP,
19.0432,16,STA,WIFI_DROP,
19.0456,11,STA,WIFI_DROP,
19.0456,12,STA,WIFI_DROP,
19.0456,16,STA,WIFI_DROP,
19.048,11,STA,WIFI_DROP,
19.048,12,STA,WIFI_DROP,
19.048,16,STA,WIFI_DROP,
19.0504,11,STA,WIFI_DROP,
19.0504,12,STA,WIFI_DROP,
19.0504,16,STA,WIFI_DROP,
19.0528,11,STA,WIFI_DROP,
19.0528,12,STA,WIFI_DROP,
19.0528,16,STA,WIFI_DROP,
19.0552,11,STA,WIFI_DROP,
19.0552,12,STA,WIFI_DROP,
19.0552,16,STA,WIFI_DROP,
19.0576,11,STA,WIFI_DROP,
19.0576,12,STA,WIFI_DROP,
19.0576,16,STA,WIFI_DROP,
19.06,11,STA,WIFI_DROP,
19.06,12,STA,WIFI_DROP,
19.06,16,STA,WIFI_DROP,
19.0624,11,STA,WIFI_DROP,
19.0624,12,STA,WIFI_DROP,
19.0624,16,STA,WIFI_DROP,
19.0648,11,STA,WIFI_DROP,
19.0648,12,STA,WIFI_DROP,
19.0648,16,STA,WIFI_DROP,
19.0672,11,STA,WIFI_DROP,
19.0672,12,STA,WIFI_DROP,
19.0672,16,STA,WIFI_DROP,
19.0696,11,STA,WIFI_DROP,
19.0696,12,STA,WIFI_DROP,
19.0696,16,STA,WIFI_DROP,
19.072,11,STA,WIFI_DROP,
19.072,12,STA,WIFI_DROP,
19.072,16,STA,WIFI_DROP,
19.0744,12,STA,WIFI_DROP,
19.0744,16,STA,WIFI_DROP,
19.0768,12,STA,WIFI_DROP,
19.0768,16,STA,WIFI_DROP,
19.0792,12,STA,WIFI_DROP,
19.0792,16,STA,WIFI_DROP,
19.0816,12,STA,WIFI_DROP,
19.0816,16,STA,WIFI_DROP,
19.084,12,STA,WIFI_DROP,
19.084,16,STA,WIFI_DROP,
19.0864,12,STA,WIFI_DROP,
19.0864,16,STA,WIFI_DROP,
19.0888,12,STA,WIFI_DROP,
19.0888,16,STA,WIFI_DROP,
19.0912,12,STA,WIFI_DROP,
19.0912,16,STA,WIFI_DROP,
19.0936,12,STA,WIFI_DROP,
19.0936,16,STA,WIFI_DROP,
19.096,12,STA,WIFI_DROP,
19.096,16,STA,WIFI_DROP,
19.0984,12,STA,WIFI_DROP,
19.0984,16,STA,WIFI_DROP,
19.1008,12,STA,WIFI_DROP,
19.1008,16,STA,WIFI_DROP,
19.1032,12,STA,WIFI_DROP,
19.1032,16,STA,WIFI_DROP,
19.1056,12,STA,WIFI_DROP,
19.1056,16,STA,WIFI_DROP,
19.108,12,STA,WIFI_DROP,
19.108,16,STA,WIFI_DROP,
19.1104,12,STA,WIFI_DROP,
19.1104,16,STA,WIFI_DROP,
19.1128,12,STA,WIFI_DROP,
19.1128,16,STA,WIFI_DROP,
19.1152,12,STA,WIFI_DROP,
19.1152,16,STA,WIFI_DROP,
19.1176,12,STA,WIFI_DROP,
19.1176,16,STA,WIFI_DROP,
19.12,16,STA,WIFI_DROP,
19.1224,16,STA,WIFI_DROP,
19.1248,16,STA,WIFI_DROP,
19.1272,16,STA,WIFI_DROP,
19.1296,16,STA,WIFI_DROP,
19.132,16,STA,WIFI_DROP,
19.1344,16,STA,WIFI_DROP,
19.1368,16,STA,WIFI_DROP,
19.1392,16,STA,WIFI_DROP,
19.1416,16,STA,WIFI_DROP,
19.144,16,STA,WIFI_DROP,
19.1464,16,STA,WIFI_DROP,
19.1488,16,STA,WIFI_DROP,
19.1512,16,STA,WIFI_DROP,
19.1536,16,STA,WIFI_DROP,
19.156,16,STA,WIFI_DROP,
19.1584,16,STA,WIFI_DROP,
19.1608,16,STA,WIFI_DROP,
19.1632,16,STA,WIFI_DROP,
19.1656,16,STA,WIFI_DROP,
19.168,16,STA,WIFI_DROP,
19.1704,16,STA,WIFI_DROP,
19.1728,16,STA,WIFI_DROP,
19.1752,16,STA,WIFI_DROP,
19.1776,16,STA,WIFI_DROP,
19.18,16,STA,WIFI_DROP,
19.1824,16,STA,WIFI_DROP,
19.1848,16,STA,WIFI_DROP,
19.1872,16,STA,WIFI_DROP,
19.1896,16,STA,WIFI_DROP,
19.192,16,STA,WIFI_DROP,
19.1944,16,STA,WIFI_DROP,
19.1968,16,STA,WIFI_DROP,
19.1992,16,STA,WIFI_DROP,
19.2016,16,STA,WIFI_DROP,
19.204,16,STA,WIFI_DROP,
19.2064,16,STA,WIFI_DROP,
19.2088,16,STA,WIFI_DROP,
19.2112,16,STA,WIFI_DROP,
19.2136,16,STA,WIFI_DROP,
19.216,16,STA,WIFI_DROP,
19.2184,16,STA,WIFI_DROP,
19.2208,16,STA,WIFI_DROP,
19.2232,16,STA,WIFI_DROP,
19.2256,16,STA,WIFI_DROP,
19.228,16,STA,WIFI_DROP,
19.2304,16,STA,WIFI_DROP,
19.2328,16,STA,WIFI_DROP,
19.2352,16,STA,WIFI_DROP,
19.2376,16,STA,WIFI_DROP,
19.24,16,STA,WIFI_DROP,
19.2424,16,STA,WIFI_DROP,
19.2448,16,STA,WIFI_DROP,
19.2472,16,STA,WIFI_DROP,
19.2496,16,STA,WIFI_DROP,
19.252,16,STA,WIFI_DROP,
19.2544,16,STA,WIFI_DROP,
19.2568,16,STA,WIFI_DROP,
19.2592,16,STA,WIFI_DROP,
19.2616,16,STA,WIFI_DROP,
19.4368,5,STA,WIFI_DROP,
19.4368,17,STA,WIFI_DROP,
19.4392,5,STA,WIFI_DROP,
19.4392,17,STA,WIFI_DROP,
19.4416,5,STA,WIFI_DROP,
19.4416,17,STA,WIFI_DROP,
19.444,5,STA,WIFI_DROP,
19.444,17,STA,WIFI_DROP,
19.4464,5,STA,WIFI_DROP,
19.4464,17,STA,WIFI_DROP,
19.4488,5,STA,WIFI_DROP,
19.4488,17,STA,WIFI_DROP,
19.4512,5,STA,WIFI_DROP,
19.4512,17,STA,WIFI_DROP,
19.4536,5,STA,WIFI_DROP,
19.4536,17,STA,WIFI_DROP,
19.456,5,STA,WIFI_DROP,
19.456,17,STA,WIFI_DROP,
19.4584,5,STA,WIFI_DROP,
19.4584,17,STA,WIFI_DROP,
19.4608,5,STA,WIFI_DROP,
19.4608,17,STA,WIFI_DROP,
19.4632,5,STA,WIFI_DROP,
19.4632,17,STA,WIFI_DROP,
19.4656,5,STA,WIFI_DROP,
19.4656,17,STA,WIFI_DROP,
19.468,5,STA,WIFI_DROP,
19.468,17,STA,WIFI_DROP,
19.4704,5,STA,WIFI_DROP,
19.4704,17,STA,WIFI_DROP,
19.4728,5,STA,WIFI_DROP,
19.4728,17,STA,WIFI_DROP,
19.4752,5,STA,WIFI_DROP,
19.4752,17,STA,WIFI_DROP,
19.4776,5,STA,WIFI_DROP,
19.4776,17,STA,WIFI_DROP,
19.48,5,STA,WIFI_DROP,
19.48,17,STA,WIFI_DROP,
19.4824,5,STA,WIFI_DROP,
19.4824,17,STA,WIFI_DROP,
19.4848,5,STA,WIFI_DROP,
19.4848,17,STA,WIFI_DROP,
19.4872,5,STA,WIFI_DROP,
19.4872,17,STA,WIFI_DROP,
19.4896,5,STA,WIFI_DROP,
19.4896,17,STA,WIFI_DROP,
19.492,5,STA,WIFI_DROP,
19.492,17,STA,WIFI_DROP,
19.4944,5,STA,WIFI_DROP,
19.4944,17,STA,WIFI_DROP,
19.4968,5,STA,WIFI_DROP,
19.4968,17,STA,WIFI_DROP,
19.4992,5,STA,WIFI_DROP,
19.4992,17,STA,WIFI_DROP,
19.5016,5,STA,WIFI_DROP,
19.5016,17,STA,WIFI_DROP,
19.504,5,STA,WIFI_DROP,
19.504,17,STA,WIFI_DROP,
19.5064,5,STA,WIFI_DROP,
19.5064,17,STA,WIFI_DROP,
19.5088,5,STA,WIFI_DROP,
19.5088,17,STA,WIFI_DROP,
19.5112,5,STA,WIFI_DROP,
19.5112,17,STA,WIFI_DROP,
19.5136,5,STA,WIFI_DROP,
19.5136,17,STA,WIFI_DROP,
19.516,5,STA,WIFI_DROP,
19.516,17,STA,WIFI_DROP,
19.5184,5,STA,WIFI_DROP,
19.5184,17,STA,WIFI_DROP,
19.5208,5,STA,WIFI_DROP,
19.5208,17,STA,WIFI_DROP,
19.5232,5,STA,WIFI_DROP,
19.5232,17,STA,WIFI_DROP,
19.5256,5,STA,WIFI_DROP,
19.5256,17,STA,WIFI_DROP,
19.528,5,STA,WIFI_DROP,
19.528,17,STA,WIFI_DROP,
19.5304,5,STA,WIFI_DROP,
19.5304,17,STA,WIFI_DROP,
19.5328,5,STA,WIFI_DROP,
19.5328,17,STA,WIFI_DROP,
19.5352,5,STA,WIFI_DROP,
19.5352,17,STA,WIFI_DROP,
19.5376,5,STA,WIFI_DROP,
19.5376,17,STA,WIFI_DROP,
19.54,5,STA,WIFI_DROP,
19.54,17,STA,WIFI_DROP,
19.5424,5,STA,WIFI_DROP,
19.5424,17,STA,WIFI_DROP,
19.5448,5,STA,WIFI_DROP,
19.5448,17,STA,WIFI_DROP,
19.5472,5,STA,WIFI_DROP,
19.5472,17,STA,WIFI_DROP,
19.5496,5,STA,WIFI_DROP,
19.5496,17,STA,WIFI_DROP,
19.552,5,STA,WIFI_DROP,
19.552,17,STA,WIFI_DROP,
19.5544,5,STA,WIFI_DROP,
19.5544,17,STA,WIFI_DROP,
19.5568,5,STA,WIFI_DROP,
19.5568,17,STA,WIFI_DROP,
19.5592,5,STA,WIFI_DROP,
19.5592,17,STA,WIFI_DROP,
19.5616,5,STA,WIFI_DROP,
19.5616,17,STA,WIFI_DROP,
19.564,5,STA,WIFI_DROP,
19.564,17,STA,WIFI_DROP,
19.5664,5,STA,WIFI_DROP,
19.5664,17,STA,WIFI_DROP,
19.5688,5,STA,WIFI_DROP,
19.5688,17,STA,WIFI_DROP,
19.5712,5,STA,WIFI_DROP,
19.5712,17,STA,WIFI_DROP,
19.5736,5,STA,WIFI_DROP,
19.5736,17,STA,WIFI_DROP,
19.576,5,STA,WIFI_DROP,
19.576,17,STA,WIFI_DROP,
19.5784,5,STA,WIFI_DROP,
19.5784,17,STA,WIFI_DROP,
19.5808,5,STA,WIFI_DROP,
19.5808,17,STA,WIFI_DROP,
19.5832,5,STA,WIFI_DROP,
19.5832,17,STA,WIFI_DROP,
19.5856,5,STA,WIFI_DROP,
19.5856,17,STA,WIFI_DROP,
19.588,5,STA,WIFI_DROP,
19.588,17,STA,WIFI_DROP,
19.5904,5,STA,WIFI_DROP,
19.5928,5,STA,WIFI_DROP,
19.5952,5,STA,WIFI_DROP,
19.5976,5,STA,WIFI_DROP,
19.6,5,STA,WIFI_DROP,
19.6024,5,STA,WIFI_DROP,
19.6048,5,STA,WIFI_DROP,
19.6072,5,STA,WIFI_DROP,
19.6096,5,STA,WIFI_DROP,
19.612,5,STA,WIFI_DROP,
19.6144,5,STA,WIFI_DROP,
19.6168,5,STA,WIFI_DROP,
19.6192,5,STA,WIFI_DROP,
19.6216,5,STA,WIFI_DROP,
19.624,5,STA,WIFI_DROP,
19.6264,5,STA,WIFI_DROP,
19.6288,5,STA,WIFI_DROP,
19.6312,5,STA,WIFI_DROP,
19.6336,5,STA,WIFI_DROP,
19.636,5,STA,WIFI_DROP,
19.6384,5,STA,WIFI_DROP,
19.6408,5,STA,WIFI_DROP,
19.6432,5,STA,WIFI_DROP,
19.6456,5,STA,WIFI_DROP,
19.648,5,STA,WIFI_DROP,
19.6504,5,STA,WIFI_DROP,
19.6528,5,STA,WIFI_DROP,
19.6552,5,STA,WIFI_DROP,
19.6576,5,STA,WIFI_DROP,
19.66,5,STA,WIFI_DROP,
19.6624,5,STA,WIFI_DROP,
19.6648,5,STA,WIFI_DROP,
19.6672,5,STA,WIFI_DROP,
19.6696,5,STA,WIFI_DROP,
19.672,5,STA,WIFI_DROP,
19.6744,5,STA,WIFI_DROP,
19.6768,5,STA,WIFI_DROP,
19.6792,5,STA,WIFI_DROP,
19.6816,5,STA,WIFI_DROP,
19.684,5,STA,WIFI_DROP,
19.6864,5,STA,WIFI_DROP,
