Time_s,NodeID,NodeType,Action,Value
0,2,STA,FIXED_STA_DISTANCE,90.000000
0,3,STA,FIXED_STA_DISTANCE,90.000000
0,4,STA,FIXED_STA_DISTANCE,90.000000
0,5,STA,FIXED_STA_DISTANCE,90.000000
0,6,STA,FIXED_STA_DISTANCE,90.000000
0,7,STA,FIXED_STA_DISTANCE,90.000000
0,8,STA,FIXED_STA_DISTANCE,90.000000
0,9,STA,FIXED_STA_DISTANCE,90.000000
0,10,STA,FIXED_STA_DISTANCE,90.000000
0,11,STA,FIXED_STA_DISTANCE,90.000000
0,12,STA,FIXED_STA_DISTANCE,90.000000
0,13,STA,FIXED_STA_DISTANCE,90.000000
0,14,STA,FIXED_STA_DISTANCE,90.000000
0,15,STA,FIXED_STA_DISTANCE,90.000000
0,16,STA,FIXED_STA_DISTANCE,90.000000
0,17,STA,FIXED_STA_DISTANCE,90.000000
0,18,STA,FIXED_STA_DISTANCE,90.000000
0,19,STA,FIXED_STA_DISTANCE,90.000000
0,20,STA,FIXED_STA_DISTANCE,90.000000
0,21,STA,FIXED_STA_DISTANCE,90.000000
0,2,STA,FIXED_TX_POWER_DBM,24.000000
0,2,STA,NAKAGAMI_FADING,1.000000
0.0512257,21,STA,ASSOC,
0.0512257,21,STA,JOINED,
0.0555692,6,STA,ASSOC,
0.0555692,6,STA,JOINED,
0.0581697,8,STA,ASSOC,
0.0581697,8,STA,JOINED,
0.0613443,18,STA,ASSOC,
0.0613443,18,STA,JOINED,
0.0682835,16,STA,ASSOC,
0.0682835,16,STA,JOINED,
0.0707557,3,STA,ASSOC,
0.0707557,3,STA,JOINED,
0.102096,20,STA,ASSOC,
0.102096,20,STA,JOINED,
0.106965,19,STA,ASSOC,
0.106965,19,STA,JOINED,
0.202406,13,STA,ASSOC,
0.202406,13,STA,JOINED,
0.304104,7,STA,ASSOC,
0.304104,7,STA,JOINED,
0.352808,5,STA,ASSOC,
0.352808,5,STA,JOINED,
0.402447,9,STA,ASSOC,
0.402447,9,STA,JOINED,
0.553529,15,STA,ASSOC,
0.553529,15,STA,JOINED,
0.556782,14,STA,ASSOC,
0.556782,14,STA,JOINED,
0.558158,12,STA,ASSOC,
0.558158,12,STA,JOINED,
0.560872,2,STA,ASSOC,
0.560872,2,STA,JOINED,
0.561216,17,STA,ASSOC,
0.561216,17,STA,JOINED,
0.651333,4,STA,ASSOC,
0.651333,4,STA,JOINED,
1,1,AP,SENT_COUNT,
1,1,AP,RECV_COUNT,
1,10,STA,WIFI_DROP,
1,11,STA,WIFI_DROP,
1.0024,10,STA,WIFI_DROP,
1.0024,11,STA,WIFI_DROP,
1.0048,10,STA,WIFI_DROP,
1.0048,11,STA,WIFI_DROP,
1.0072,10,STA,WIFI_DROP,
1.0072,11,STA,WIFI_DROP,
1.0096,10,STA,WIFI_DROP,
1.0096,11,STA,WIFI_DROP,
1.012,10,STA,WIFI_DROP,
1.012,11,STA,WIFI_DROP,
1.0144,10,STA,WIFI_DROP,
1.0144,11,STA,WIFI_DROP,
1.0168,10,STA,WIFI_DROP,
1.0168,11,STA,WIFI_DROP,
1.0192,10,STA,WIFI_DROP,
1.0192,11,STA,WIFI_DROP,
1.0216,10,STA,WIFI_DROP,
1.0216,11,STA,WIFI_DROP,
1.024,10,STA,WIFI_DROP,
1.024,11,STA,WIFI_DROP,
1.0264,10,STA,WIFI_DROP,
1.0264,11,STA,WIFI_DROP,
1.0288,10,STA,WIFI_DROP,
1.0288,11,STA,WIFI_DROP,
1.0312,10,STA,WIFI_DROP,
1.0312,11,STA,WIFI_DROP,
1.0336,10,STA,WIFI_DROP,
1.0336,11,STA,WIFI_DROP,
1.036,10,STA,WIFI_DROP,
1.036,11,STA,WIFI_DROP,
1.0384,10,STA,WIFI_DROP,
1.0384,11,STA,WIFI_DROP,
1.0408,10,STA,WIFI_DROP,
1.0408,11,STA,WIFI_DROP,
1.0432,10,STA,WIFI_DROP,
1.0432,11,STA,WIFI_DROP,
1.0456,10,STA,WIFI_DROP,
1.0456,11,STA,WIFI_DROP,
1.048,10,STA,WIFI_DROP,
1.048,11,STA,WIFI_DROP,
1.0504,10,STA,WIFI_DROP,
1.0504,11,STA,WIFI_DROP,
1.05118,10,STA,ASSOC,
1.05118,10,STA,JOINED,
1.0528,11,STA,WIFI_DROP,
1.05312,11,STA,ASSOC,
1.05312,11,STA,JOINED,
1.0792,10,STA,WIFI_DROP,
1.0792,11,STA,WIFI_DROP,
1.0816,10,STA,WIFI_DROP,
1.0816,11,STA,WIFI_DROP,
1.084,10,STA,WIFI_DROP,
1.084,11,STA,WIFI_DROP,
1.0864,10,STA,WIFI_DROP,
1.0864,11,STA,WIFI_DROP,
1.0888,10,STA,WIFI_DROP,
1.0888,11,STA,WIFI_DROP,
1.0912,10,STA,WIFI_DROP,
1.0912,11,STA,WIFI_DROP,
1.0936,10,STA,WIFI_DROP,
1.0936,11,STA,WIFI_DROP,
1.096,10,STA,WIFI_DROP,
1.096,11,STA,WIFI_DROP,
1.0984,10,STA,WIFI_DROP,
1.0984,11,STA,WIFI_DROP,
1.1008,10,STA,WIFI_DROP,
1.1008,11,STA,WIFI_DROP,
1.1032,10,STA,WIFI_DROP,
1.1032,11,STA,WIFI_DROP,
1.1056,10,STA,WIFI_DROP,
1.1056,11,STA,WIFI_DROP,
1.108,10,STA,WIFI_DROP,
1.108,11,STA,WIFI_DROP,
1.1104,10,STA,WIFI_DROP,
1.1104,11,STA,WIFI_DROP,
1.1128,10,STA,WIFI_DROP,
1.1128,11,STA,WIFI_DROP,
1.1152,10,STA,WIFI_DROP,
1.1152,11,STA,WIFI_DROP,
1.1176,10,STA,WIFI_DROP,
1.1176,11,STA,WIFI_DROP,
1.12,10,STA,WIFI_DROP,
1.12,11,STA,WIFI_DROP,
1.1224,10,STA,WIFI_DROP,
1.1224,11,STA,WIFI_DROP,
1.1248,10,STA,WIFI_DROP,
1.1248,11,STA,WIFI_DROP,
1.1272,10,STA,WIFI_DROP,
1.1272,11,STA,WIFI_DROP,
1.1296,10,STA,WIFI_DROP,
1.1296,11,STA,WIFI_DROP,
1.132,10,STA,WIFI_DROP,
1.132,11,STA,WIFI_DROP,
1.1344,10,STA,WIFI_DROP,
1.8472,3,STA,WIFI_DROP,
1.8472,15,STA,WIFI_DROP,
1.8496,3,STA,WIFI_DROP,
1.8496,15,STA,WIFI_DROP,
1.852,3,STA,WIFI_DROP,
1.852,15,STA,WIFI_DROP,
1.8544,3,STA,WIFI_DROP,
1.8544,15,STA,WIFI_DROP,
1.8568,3,STA,WIFI_DROP,
1.8568,15,STA,WIFI_DROP,
1.8592,3,STA,WIFI_DROP,
1.8592,15,STA,WIFI_DROP,
1.8616,3,STA,WIFI_DROP,
1.8616,15,STA,WIFI_DROP,
1.864,3,STA,WIFI_DROP,
1.864,15,STA,WIFI_DROP,
1.8664,3,STA,WIFI_DROP,
1.8664,15,STA,WIFI_DROP,
1.8688,3,STA,WIFI_DROP,
1.8688,15,STA,WIFI_DROP,
1.8712,3,STA,WIFI_DROP,
1.8712,15,STA,WIFI_DROP,
1.8736,3,STA,WIFI_DROP,
1.8736,15,STA,WIFI_DROP,
1.876,3,STA,WIFI_DROP,
1.876,15,STA,WIFI_DROP,
1.8784,3,STA,WIFI_DROP,
1.8784,15,STA,WIFI_DROP,
1.8808,3,STA,WIFI_DROP,
1.8808,15,STA,WIFI_DROP,
1.8832,3,STA,WIFI_DROP,
1.8832,15,STA,WIFI_DROP,
1.8856,3,STA,WIFI_DROP,
1.8856,15,STA,WIFI_DROP,
1.888,3,STA,WIFI_DROP,
1.888,15,STA,WIFI_DROP,
1.8904,3,STA,WIFI_DROP,
1.8904,15,STA,WIFI_DROP,
1.8928,3,STA,WIFI_DROP,
1.8928,15,STA,WIFI_DROP,
1.8952,3,STA,WIFI_DROP,
1.8952,15,STA,WIFI_DROP,
1.8976,15,STA,WIFI_DROP,
1.9,15,STA,WIFI_DROP,
1.9024,15,STA,WIFI_DROP,
1.9048,15,STA,WIFI_DROP,
1.9072,15,STA,WIFI_DROP,
1.9096,15,STA,WIFI_DROP,
1.912,15,STA,WIFI_DROP,
1.9144,15,STA,WIFI_DROP,
1.9168,15,STA,WIFI_DROP,
1.9192,15,STA,WIFI_DROP,
1.9216,15,STA,WIFI_DROP,
1.924,15,STA,WIFI_DROP,
1.9264,15,STA,WIFI_DROP,
1.9288,15,STA,WIFI_DROP,
1.9312,15,STA,WIFI_DROP,
1.9336,15,STA,WIFI_DROP,
1.936,15,STA,WIFI_DROP,
1.9384,15,STA,WIFI_DROP,
1.9408,15,STA,WIFI_DROP,
1.9432,15,STA,WIFI_DROP,
1.9456,15,STA,WIFI_DROP,
1.948,15,STA,WIFI_DROP,
1.9504,15,STA,WIFI_DROP,
1.9528,15,STA,WIFI_DROP,
1.9552,15,STA,WIFI_DROP,
1.9576,15,STA,WIFI_DROP,
1.96,15,STA,WIFI_DROP,
1.9624,15,STA,WIFI_DROP,
1.9648,15,STA,WIFI_DROP,
1.9672,15,STA,WIFI_DROP,
1.9696,15,STA,WIFI_DROP,
1.972,15,STA,WIFI_DROP,
1.9744,15,STA,WIFI_DROP,
1.9768,15,STA,WIFI_DROP,
1.9792,15,STA,WIFI_DROP,
1.9816,15,STA,WIFI_DROP,
1.984,15,STA,WIFI_DROP,
1.9864,15,STA,WIFI_DROP,
1.9888,15,STA,WIFI_DROP,
1.9912,15,STA,WIFI_DROP,
1.9936,15,STA,WIFI_DROP,
1.996,15,STA,WIFI_DROP,
1.9984,15,STA,WIFI_DROP,
2,2,STA,THROUGHPUT_MBPS,1.272000
2,3,STA,THROUGHPUT_MBPS,1.404000
2,5,STA,THROUGHPUT_MBPS,0.540000
2,8,STA,THROUGHPUT_MBPS,2.220000
2,9,STA,THROUGHPUT_MBPS,2.160000
2,10,STA,THROUGHPUT_MBPS,1.920000
2,13,STA,THROUGHPUT_MBPS,2.196000
2,14,STA,THROUGHPUT_MBPS,2.256000
2,17,STA,THROUGHPUT_MBPS,2.520000
2,19,STA,THROUGHPUT_MBPS,0.240000
2,20,STA,THROUGHPUT_MBPS,0.624000
2,21,STA,THROUGHPUT_MBPS,1.248000
2,1,AP,AGGREGATE_THROUGHPUT_MBPS,18.600000
2,1,AP,SENT_COUNT,8340.000000
2,1,AP,RECV_COUNT,1550.000000
2,1,AP,LATENCY_P95_MS,525.544825
2.0008,15,STA,WIFI_DROP,
2.0032,15,STA,WIFI_DROP,
2.0056,15,STA,WIFI_DROP,
2.008,15,STA,WIFI_DROP,
2.0104,15,STA,WIFI_DROP,
2.0128,15,STA,WIFI_DROP,
2.0152,15,STA,WIFI_DROP,
2.0176,15,STA,WIFI_DROP,
2.02,15,STA,WIFI_DROP,
2.0224,15,STA,WIFI_DROP,
2.0248,15,STA,WIFI_DROP,
2.0272,15,STA,WIFI_DROP,
2.0296,15,STA,WIFI_DROP,
2.032,15,STA,WIFI_DROP,
2.0344,15,STA,WIFI_DROP,
2.0368,15,STA,WIFI_DROP,
2.0392,15,STA,WIFI_DROP,
2.0416,15,STA,WIFI_DROP,
2.044,15,STA,WIFI_DROP,
2.0464,15,STA,WIFI_DROP,
2.0488,15,STA,WIFI_DROP,
2.0512,15,STA,WIFI_DROP,
2.0536,4,STA,WIFI_DROP,
2.0536,15,STA,WIFI_DROP,
2.056,4,STA,WIFI_DROP,
2.056,15,STA,WIFI_DROP,
2.0584,4,STA,WIFI_DROP,
2.0584,15,STA,WIFI_DROP,
2.0608,4,STA,WIFI_DROP,
2.0608,15,STA,WIFI_DROP,
2.0632,4,STA,WIFI_DROP,
2.0632,15,STA,WIFI_DROP,
2.0656,4,STA,WIFI_DROP,
2.0656,15,STA,WIFI_DROP,
2.068,4,STA,WIFI_DROP,
2.068,15,STA,WIFI_DROP,
2.0704,4,STA,WIFI_DROP,
2.0704,15,STA,WIFI_DROP,
2.0728,4,STA,WIFI_DROP,
2.0728,15,STA,WIFI_DROP,
2.0752,4,STA,WIFI_DROP,
2.0752,15,STA,WIFI_DROP,
2.0776,4,STA,WIFI_DROP,
2.0776,15,STA,WIFI_DROP,
2.08,4,STA,WIFI_DROP,
2.08,15,STA,WIFI_DROP,
2.0824,4,STA,WIFI_DROP,
2.0824,15,STA,WIFI_DROP,
2.0848,4,STA,WIFI_DROP,
2.0848,15,STA,WIFI_DROP,
2.0872,4,STA,WIFI_DROP,
2.0872,15,STA,WIFI_DROP,
2.0896,4,STA,WIFI_DROP,
2.0896,15,STA,WIFI_DROP,
2.092,4,STA,WIFI_DROP,
2.092,15,STA,WIFI_DROP,
2.0944,4,STA,WIFI_DROP,
2.0944,15,STA,WIFI_DROP,
2.0968,4,STA,WIFI_DROP,
2.0968,15,STA,WIFI_DROP,
2.0992,4,STA,WIFI_DROP,
2.0992,15,STA,WIFI_DROP,
2.1016,4,STA,WIFI_DROP,
2.1016,15,STA,WIFI_DROP,
2.104,4,STA,WIFI_DROP,
2.104,15,STA,WIFI_DROP,
2.1064,4,STA,WIFI_DROP,
2.1064,15,STA,WIFI_DROP,
2.1088,15,STA,WIFI_DROP,
2.1112,15,STA,WIFI_DROP,
2.1136,15,STA,WIFI_DROP,
2.116,15,STA,WIFI_DROP,
2.1184,15,STA,WIFI_DROP,
2.1208,15,STA,WIFI_DROP,
2.1232,15,STA,WIFI_DROP,
2.1256,15,STA,WIFI_DROP,
2.128,15,STA,WIFI_DROP,
2.1304,15,STA,WIFI_DROP,
2.1328,15,STA,WIFI_DROP,
2.1352,15,STA,WIFI_DROP,
2.1376,15,STA,WIFI_DROP,
2.14,15,STA,WIFI_DROP,
2.1424,15,STA,WIFI_DROP,
2.1448,15,STA,WIFI_DROP,
2.1472,15,STA,WIFI_DROP,
2.1496,15,STA,WIFI_DROP,
2.152,15,STA,WIFI_DROP,
2.1544,2,STA,WIFI_DROP,
2.1544,15,STA,WIFI_DROP,
2.1544,21,STA,WIFI_DROP,
2.1568,2,STA,WIFI_DROP,
2.1568,15,STA,WIFI_DROP,
2.1568,21,STA,WIFI_DROP,
2.1592,2,STA,WIFI_DROP,
2.1592,15,STA,WIFI_DROP,
2.1592,21,STA,WIFI_DROP,
2.1616,2,STA,WIFI_DROP,
2.1616,15,STA,WIFI_DROP,
2.1616,21,STA,WIFI_DROP,
2.164,2,STA,WIFI_DROP,
2.164,15,STA,WIFI_DROP,
2.164,21,STA,WIFI_DROP,
2.1664,2,STA,WIFI_DROP,
2.1664,15,STA,WIFI_DROP,
2.1664,21,STA,WIFI_DROP,
2.1688,2,STA,WIFI_DROP,
2.1688,15,STA,WIFI_DROP,
2.1688,21,STA,WIFI_DROP,
2.1712,2,STA,WIFI_DROP,
2.1712,15,STA,WIFI_DROP,
2.1712,21,STA,WIFI_DROP,
2.1736,2,STA,WIFI_DROP,
2.1736,15,STA,WIFI_DROP,
2.1736,21,STA,WIFI_DROP,
2.176,2,STA,WIFI_DROP,
2.176,15,STA,WIFI_DROP,
2.176,21,STA,WIFI_DROP,
2.1784,2,STA,WIFI_DROP,
2.1784,15,STA,WIFI_DROP,
2.1784,21,STA,WIFI_DROP,
2.1808,2,STA,WIFI_DROP,
2.1808,15,STA,WIFI_DROP,
2.1808,21,STA,WIFI_DROP,
2.1832,2,STA,WIFI_DROP,
2.1832,15,STA,WIFI_DROP,
2.1832,21,STA,WIFI_DROP,
2.1856,2,STA,WIFI_DROP,
2.1856,15,STA,WIFI_DROP,
2.1856,21,STA,WIFI_DROP,
2.188,2,STA,WIFI_DROP,
2.188,15,STA,WIFI_DROP,
2.188,21,STA,WIFI_DROP,
2.1904,2,STA,WIFI_DROP,
2.1904,15,STA,WIFI_DROP,
2.1904,21,STA,WIFI_DROP,
2.1928,2,STA,WIFI_DROP,
2.1928,15,STA,WIFI_DROP,
2.1928,21,STA,WIFI_DROP,
2.1952,2,STA,WIFI_DROP,
2.1952,15,STA,WIFI_DROP,
2.1952,21,STA,WIFI_DROP,
2.1976,2,STA,WIFI_DROP,
2.1976,15,STA,WIFI_DROP,
2.1976,21,STA,WIFI_DROP,
2.2,2,STA,WIFI_DROP,
2.2,15,STA,WIFI_DROP,
2.2,21,STA,WIFI_DROP,
2.2024,2,STA,WIFI_DROP,
2.2024,15,STA,WIFI_DROP,
2.2024,21,STA,WIFI_DROP,
2.2048,2,STA,WIFI_DROP,
2.2048,15,STA,WIFI_DROP,
2.2048,21,STA,WIFI_DROP,
2.2072,2,STA,WIFI_DROP,
2.2072,15,STA,WIFI_DROP,
2.2072,21,STA,WIFI_DROP,
2.2096,2,STA,WIFI_DROP,
2.2096,15,STA,WIFI_DROP,
2.2096,21,STA,WIFI_DROP,
2.212,2,STA,WIFI_DROP,
2.212,15,STA,WIFI_DROP,
2.212,21,STA,WIFI_DROP,
2.2144,2,STA,WIFI_DROP,
2.2144,15,STA,WIFI_DROP,
2.2144,21,STA,WIFI_DROP,
2.2168,2,STA,WIFI_DROP,
2.2168,15,STA,WIFI_DROP,
2.2168,21,STA,WIFI_DROP,
2.2192,2,STA,WIFI_DROP,
2.2192,15,STA,WIFI_DROP,
2.2192,21,STA,WIFI_DROP,
2.2216,2,STA,WIFI_DROP,
2.2216,15,STA,WIFI_DROP,
2.2216,21,STA,WIFI_DROP,
2.224,2,STA,WIFI_DROP,
2.224,15,STA,WIFI_DROP,
2.224,21,STA,WIFI_DROP,
2.2264,2,STA,WIFI_DROP,
2.2264,15,STA,WIFI_DROP,
2.2264,21,STA,WIFI_DROP,
2.2288,2,STA,WIFI_DROP,
2.2288,15,STA,WIFI_DROP,
2.2288,21,STA,WIFI_DROP,
2.2312,2,STA,WIFI_DROP,
2.2312,15,STA,WIFI_DROP,
2.2312,21,STA,WIFI_DROP,
2.2336,2,STA,WIFI_DROP,
2.2336,15,STA,WIFI_DROP,
2.2336,21,STA,WIFI_DROP,
2.236,2,STA,WIFI_DROP,
2.236,15,STA,WIFI_DROP,
2.236,21,STA,WIFI_DROP,
2.2384,2,STA,WIFI_DROP,
2.2384,15,STA,WIFI_DROP,
2.2384,21,STA,WIFI_DROP,
2.2408,2,STA,WIFI_DROP,
2.2408,15,STA,WIFI_DROP,
2.2408,21,STA,WIFI_DROP,
2.2432,2,STA,WIFI_DROP,
2.2432,15,STA,WIFI_DROP,
2.2432,21,STA,WIFI_DROP,
2.2456,2,STA,WIFI_DROP,
2.2456,15,STA,WIFI_DROP,
2.2456,21,STA,WIFI_DROP,
2.248,2,STA,WIFI_DROP,
2.248,15,STA,WIFI_DROP,
2.248,21,STA,WIFI_DROP,
2.2504,2,STA,WIFI_DROP,
2.2504,15,STA,WIFI_DROP,
2.2504,21,STA,WIFI_DROP,
2.2528,2,STA,WIFI_DROP,
2.2528,15,STA,WIFI_DROP,
2.2528,21,STA,WIFI_DROP,
2.2552,2,STA,WIFI_DROP,
2.2552,15,STA,WIFI_DROP,
2.2552,21,STA,WIFI_DROP,
2.2576,2,STA,WIFI_DROP,
2.2576,15,STA,WIFI_DROP,
2.2576,21,STA,WIFI_DROP,
2.26,2,STA,WIFI_DROP,
2.26,15,STA,WIFI_DROP,
2.26,17,STA,WIFI_DROP,
2.26,21,STA,WIFI_DROP,
2.2624,2,STA,WIFI_DROP,
2.2624,5,STA,WIFI_DROP,
2.2624,15,STA,WIFI_DROP,
2.2624,17,STA,WIFI_DROP,
2.2624,21,STA,WIFI_DROP,
2.2648,2,STA,WIFI_DROP,
2.2648,5,STA,WIFI_DROP,
2.2648,15,STA,WIFI_DROP,
2.2648,17,STA,WIFI_DROP,
2.2648,21,STA,WIFI_DROP,
2.2672,2,STA,WIFI_DROP,
2.2672,5,STA,WIFI_DROP,
2.2672,15,STA,WIFI_DROP,
2.2672,17,STA,WIFI_DROP,
2.2672,21,STA,WIFI_DROP,
2.2696,2,STA,WIFI_DROP,
2.2696,5,STA,WIFI_DROP,
2.2696,15,STA,WIFI_DROP,
2.2696,17,STA,WIFI_DROP,
2.2696,21,STA,WIFI_DROP,
2.272,2,STA,WIFI_DROP,
2.272,5,STA,WIFI_DROP,
2.272,15,STA,WIFI_DROP,
2.272,17,STA,WIFI_DROP,
2.272,21,STA,WIFI_DROP,
2.2744,2,STA,WIFI_DROP,
2.2744,5,STA,WIFI_DROP,
2.2744,15,STA,WIFI_DROP,
2.2744,17,STA,WIFI_DROP,
2.2744,21,STA,WIFI_DROP,
2.2768,2,STA,WIFI_DROP,
2.2768,5,STA,WIFI_DROP,
2.2768,15,STA,WIFI_DROP,
2.2768,17,STA,WIFI_DROP,
2.2768,21,STA,WIFI_DROP,
2.2792,2,STA,WIFI_DROP,
2.2792,5,STA,WIFI_DROP,
2.2792,15,STA,WIFI_DROP,
2.2792,17,STA,WIFI_DROP,
2.2792,21,STA,WIFI_DROP,
2.2816,2,STA,WIFI_DROP,
2.2816,5,STA,WIFI_DROP,
2.2816,15,STA,WIFI_DROP,
2.2816,17,STA,WIFI_DROP,
2.2816,21,STA,WIFI_DROP,
2.284,2,STA,WIFI_DROP,
2.284,5,STA,WIFI_DROP,
2.284,15,STA,WIFI_DROP,
2.284,17,STA,WIFI_DROP,
2.284,21,STA,WIFI_DROP,
2.2864,2,STA,WIFI_DROP,
2.2864,5,STA,WIFI_DROP,
2.2864,15,STA,WIFI_DROP,
2.2864,17,STA,WIFI_DROP,
2.2864,21,STA,WIFI_DROP,
2.2888,2,STA,WIFI_DROP,
2.2888,5,STA,WIFI_DROP,
2.2888,15,STA,WIFI_DROP,
2.2888,17,STA,WIFI_DROP,
2.2888,21,STA,WIFI_DROP,
2.2912,2,STA,WIFI_DROP,
2.2912,5,STA,WIFI_DROP,
2.2912,15,STA,WIFI_DROP,
2.2912,17,STA,WIFI_DROP,
2.2912,21,STA,WIFI_DROP,
2.2936,2,STA,WIFI_DROP,
2.2936,5,STA,WIFI_DROP,
2.2936,15,STA,WIFI_DROP,
2.2936,17,STA,WIFI_DROP,
2.2936,21,STA,WIFI_DROP,
2.296,2,STA,WIFI_DROP,
2.296,5,STA,WIFI_DROP,
2.296,15,STA,WIFI_DROP,
2.296,17,STA,WIFI_DROP,
2.296,21,STA,WIFI_DROP,
2.2984,2,STA,WIFI_DROP,
2.2984,5,STA,WIFI_DROP,
2.2984,15,STA,WIFI_DROP,
2.2984,17,STA,WIFI_DROP,
2.2984,21,STA,WIFI_DROP,
2.3008,2,STA,WIFI_DROP,
2.3008,5,STA,WIFI_DROP,
2.3008,15,STA,WIFI_DROP,
2.3008,17,STA,WIFI_DROP,
2.3008,21,STA,WIFI_DROP,
2.3032,2,STA,WIFI_DROP,
2.3032,5,STA,WIFI_DROP,
2.3032,15,STA,WIFI_DROP,
2.3032,17,STA,WIFI_DROP,
2.3032,21,STA,WIFI_DROP,
2.3056,2,STA,WIFI_DROP,
2.3056,5,STA,WIFI_DROP,
2.3056,15,STA,WIFI_DROP,
2.3056,17,STA,WIFI_DROP,
2.3056,21,STA,WIFI_DROP,
2.308,2,STA,WIFI_DROP,
2.308,5,STA,WIFI_DROP,
2.308,15,STA,WIFI_DROP,
2.308,17,STA,WIFI_DROP,
2.308,21,STA,WIFI_DROP,
2.3104,2,STA,WIFI_DROP,
2.3104,5,STA,WIFI_DROP,
2.3104,15,STA,WIFI_DROP,
2.3104,17,STA,WIFI_DROP,
2.3104,21,STA,WIFI_DROP,
2.3128,2,STA,WIFI_DROP,
2.3128,5,STA,WIFI_DROP,
2.3128,15,STA,WIFI_DROP,
2.3128,17,STA,WIFI_DROP,
2.3128,21,STA,WIFI_DROP,
2.3152,2,STA,WIFI_DROP,
2.3152,5,STA,WIFI_DROP,
2.3152,15,STA,WIFI_DROP,
2.3152,17,STA,WIFI_DROP,
2.3152,21,STA,WIFI_DROP,
2.3176,2,STA,WIFI_DROP,
2.3176,5,STA,WIFI_DROP,
2.3176,15,STA,WIFI_DROP,
2.3176,17,STA,WIFI_DROP,
2.3176,21,STA,WIFI_DROP,
2.32,2,STA,WIFI_DROP,
2.32,5,STA,WIFI_DROP,
2.32,15,STA,WIFI_DROP,
2.32,17,STA,WIFI_DROP,
2.32,21,STA,WIFI_DROP,
2.3224,2,STA,WIFI_DROP,
2.3224,5,STA,WIFI_DROP,
2.3224,15,STA,WIFI_DROP,
2.3224,17,STA,WIFI_DROP,
2.3224,21,STA,WIFI_DROP,
2.3248,2,STA,WIFI_DROP,
2.3248,5,STA,WIFI_DROP,
2.3248,15,STA,WIFI_DROP,
2.3248,17,STA,WIFI_DROP,
2.3248,21,STA,WIFI_DROP,
2.3272,2,STA,WIFI_DROP,
2.3272,5,STA,WIFI_DROP,
2.3272,15,STA,WIFI_DROP,
2.3272,17,STA,WIFI_DROP,
2.3272,21,STA,WIFI_DROP,
2.3296,2,STA,WIFI_DROP,
2.3296,5,STA,WIFI_DROP,
2.3296,15,STA,WIFI_DROP,
2.3296,17,STA,WIFI_DROP,
2.3296,21,STA,WIFI_DROP,
2.332,2,STA,WIFI_DROP,
2.332,5,STA,WIFI_DROP,
2.332,15,STA,WIFI_DROP,
2.332,17,STA,WIFI_DROP,
2.332,21,STA,WIFI_DROP,
2.3344,2,STA,WIFI_DROP,
2.3344,5,STA,WIFI_DROP,
2.3344,15,STA,WIFI_DROP,
2.3344,17,STA,WIFI_DROP,
2.3344,21,STA,WIFI_DROP,
2.3368,2,STA,WIFI_DROP,
2.3368,5,STA,WIFI_DROP,
2.3368,15,STA,WIFI_DROP,
2.3368,17,STA,WIFI_DROP,
2.3368,21,STA,WIFI_DROP,
2.3392,2,STA,WIFI_DROP,
2.3392,5,STA,WIFI_DROP,
2.3392,15,STA,WIFI_DROP,
2.3392,17,STA,WIFI_DROP,
2.3392,21,STA,WIFI_DROP,
2.3416,2,STA,WIFI_DROP,
2.3416,5,STA,WIFI_DROP,
2.3416,15,STA,WIFI_DROP,
2.3416,17,STA,WIFI_DROP,
2.3416,21,STA,WIFI_DROP,
2.344,2,STA,WIFI_DROP,
2.344,5,STA,WIFI_DROP,
2.344,15,STA,WIFI_DROP,
2.344,17,STA,WIFI_DROP,
2.344,21,STA,WIFI_DROP,
2.3464,2,STA,WIFI_DROP,
2.3464,5,STA,WIFI_DROP,
2.3464,15,STA,WIFI_DROP,
2.3464,17,STA,WIFI_DROP,
2.3464,21,STA,WIFI_DROP,
2.3488,2,STA,WIFI_DROP,
2.3488,5,STA,WIFI_DROP,
2.3488,15,STA,WIFI_DROP,
2.3488,17,STA,WIFI_DROP,
2.3488,21,STA,WIFI_DROP,
2.3512,2,STA,WIFI_DROP,
2.3512,5,STA,WIFI_DROP,
2.3512,15,STA,WIFI_DROP,
2.3512,17,STA,WIFI_DROP,
2.3512,21,STA,WIFI_DROP,
2.3536,2,STA,WIFI_DROP,
2.3536,5,STA,WIFI_DROP,
2.3536,15,STA,WIFI_DROP,
2.3536,17,STA,WIFI_DROP,
2.3536,21,STA,WIFI_DROP,
2.356,2,STA,WIFI_DROP,
2.356,5,STA,WIFI_DROP,
2.356,15,STA,WIFI_DROP,
2.356,17,STA,WIFI_DROP,
2.356,21,STA,WIFI_DROP,
2.3584,2,STA,WIFI_DROP,
2.3584,5,STA,WIFI_DROP,
2.3584,14,STA,WIFI_DROP,
2.3584,15,STA,WIFI_DROP,
2.3584,17,STA,WIFI_DROP,
2.3584,21,STA,WIFI_DROP,
2.3608,2,STA,WIFI_DROP,
2.3608,5,STA,WIFI_DROP,
2.3608,14,STA,WIFI_DROP,
2.3608,15,STA,WIFI_DROP,
2.3608,17,STA,WIFI_DROP,
2.3608,21,STA,WIFI_DROP,
2.3632,2,STA,WIFI_DROP,
2.3632,5,STA,WIFI_DROP,
2.3632,14,STA,WIFI_DROP,
2.3632,15,STA,WIFI_DROP,
2.3632,17,STA,WIFI_DROP,
2.3632,21,STA,WIFI_DROP,
2.3656,2,STA,WIFI_DROP,
2.3656,5,STA,WIFI_DROP,
2.3656,14,STA,WIFI_DROP,
2.3656,15,STA,WIFI_DROP,
2.3656,17,STA,WIFI_DROP,
2.3656,21,STA,WIFI_DROP,
2.368,2,STA,WIFI_DROP,
2.368,5,STA,WIFI_DROP,
2.368,14,STA,WIFI_DROP,
2.368,15,STA,WIFI_DROP,
2.368,17,STA,WIFI_DROP,
2.368,21,STA,WIFI_DROP,
2.3704,2,STA,WIFI_DROP,
2.3704,5,STA,WIFI_DROP,
2.3704,14,STA,WIFI_DROP,
2.3704,15,STA,WIFI_DROP,
2.3704,17,STA,WIFI_DROP,
2.3704,21,STA,WIFI_DROP,
2.3728,2,STA,WIFI_DROP,
2.3728,5,STA,WIFI_DROP,
2.3728,14,STA,WIFI_DROP,
2.3728,15,STA,WIFI_DROP,
2.3728,17,STA,WIFI_DROP,
2.3728,21,STA,WIFI_DROP,
2.3752,2,STA,WIFI_DROP,
2.3752,5,STA,WIFI_DROP,
2.3752,14,STA,WIFI_DROP,
2.3752,15,STA,WIFI_DROP,
2.3752,17,STA,WIFI_DROP,
2.3752,21,STA,WIFI_DROP,
2.3776,2,STA,WIFI_DROP,
2.3776,5,STA,WIFI_DROP,
2.3776,14,STA,WIFI_DROP,
2.3776,15,STA,WIFI_DROP,
2.3776,17,STA,WIFI_DROP,
2.3776,21,STA,WIFI_DROP,
2.38,2,STA,WIFI_DROP,
2.38,5,STA,WIFI_DROP,
2.38,14,STA,WIFI_DROP,
2.38,15,STA,WIFI_DROP,
2.38,17,STA,WIFI_DROP,
2.38,21,STA,WIFI_DROP,
2.3824,2,STA,WIFI_DROP,
2.3824,5,STA,WIFI_DROP,
2.3824,14,STA,WIFI_DROP,
2.3824,15,STA,WIFI_DROP,
2.3824,17,STA,WIFI_DROP,
2.3824,21,STA,WIFI_DROP,
2.3848,2,STA,WIFI_DROP,
2.3848,5,STA,WIFI_DROP,
2.3848,14,STA,WIFI_DROP,
2.3848,15,STA,WIFI_DROP,
2.3848,17,STA,WIFI_DROP,
2.3848,21,STA,WIFI_DROP,
2.3872,2,STA,WIFI_DROP,
2.3872,5,STA,WIFI_DROP,
2.3872,14,STA,WIFI_DROP,
2.3872,15,STA,WIFI_DROP,
2.3872,17,STA,WIFI_DROP,
2.3872,21,STA,WIFI_DROP,
2.3896,2,STA,WIFI_DROP,
2.3896,5,STA,WIFI_DROP,
2.3896,14,STA,WIFI_DROP,
2.3896,15,STA,WIFI_DROP,
2.3896,17,STA,WIFI_DROP,
2.3896,21,STA,WIFI_DROP,
2.392,2,STA,WIFI_DROP,
2.392,5,STA,WIFI_DROP,
2.392,14,STA,WIFI_DROP,
2.392,15,STA,WIFI_DROP,
2.392,17,STA,WIFI_DROP,
2.392,21,STA,WIFI_DROP,
2.3944,2,STA,WIFI_DROP,
2.3944,5,STA,WIFI_DROP,
2.3944,14,STA,WIFI_DROP,
2.3944,15,STA,WIFI_DROP,
2.3944,17,STA,WIFI_DROP,
2.3944,21,STA,WIFI_DROP,
2.3968,2,STA,WIFI_DROP,
2.3968,5,STA,WIFI_DROP,
2.3968,14,STA,WIFI_DROP,
2.3968,15,STA,WIFI_DROP,
2.3968,17,STA,WIFI_DROP,
2.3968,21,STA,WIFI_DROP,
2.3992,2,STA,WIFI_DROP,
2.3992,5,STA,WIFI_DROP,
2.3992,14,STA,WIFI_DROP,
2.3992,15,STA,WIFI_DROP,
2.3992,17,STA,WIFI_DROP,
2.3992,21,STA,WIFI_DROP,
2.4016,2,STA,WIFI_DROP,
2.4016,5,STA,WIFI_DROP,
2.4016,14,STA,WIFI_DROP,
2.4016,15,STA,WIFI_DROP,
2.4016,17,STA,WIFI_DROP,
2.4016,21,STA,WIFI_DROP,
2.404,2,STA,WIFI_DROP,
2.404,5,STA,WIFI_DROP,
2.404,14,STA,WIFI_DROP,
2.404,15,STA,WIFI_DROP,
2.404,17,STA,WIFI_DROP,
2.404,21,STA,WIFI_DROP,
2.4064,2,STA,WIFI_DROP,
2.4064,5,STA,WIFI_DROP,
2.4064,14,STA,WIFI_DROP,
2.4064,15,STA,WIFI_DROP,
2.4064,17,STA,WIFI_DROP,
2.4064,21,STA,WIFI_DROP,
2.4088,2,STA,WIFI_DROP,
2.4088,5,STA,WIFI_DROP,
2.4088,14,STA,WIFI_DROP,
2.4088,15,STA,WIFI_DROP,
2.4088,17,STA,WIFI_DROP,
2.4088,21,STA,WIFI_DROP,
2.4112,2,STA,WIFI_DROP,
2.4112,5,STA,WIFI_DROP,
2.4112,14,STA,WIFI_DROP,
2.4112,15,STA,WIFI_DROP,
2.4112,17,STA,WIFI_DROP,
2.4112,21,STA,WIFI_DROP,
2.4136,2,STA,WIFI_DROP,
2.4136,5,STA,WIFI_DROP,
2.4136,14,STA,WIFI_DROP,
2.4136,15,STA,WIFI_DROP,
2.4136,17,STA,WIFI_DROP,
2.4136,21,STA,WIFI_DROP,
2.416,2,STA,WIFI_DROP,
2.416,5,STA,WIFI_DROP,
2.416,14,STA,WIFI_DROP,
2.416,15,STA,WIFI_DROP,
2.416,17,STA,WIFI_DROP,
2.416,21,STA,WIFI_DROP,
2.4184,2,STA,WIFI_DROP,
2.4184,5,STA,WIFI_DROP,
2.4184,14,STA,WIFI_DROP,
2.4184,15,STA,WIFI_DROP,
2.4184,17,STA,WIFI_DROP,
2.4184,21,STA,WIFI_DROP,
2.4208,2,STA,WIFI_DROP,
2.4208,5,STA,WIFI_DROP,
2.4208,14,STA,WIFI_DROP,
2.4208,15,STA,WIFI_DROP,
2.4208,17,STA,WIFI_DROP,
2.4208,21,STA,WIFI_DROP,
2.4232,2,STA,WIFI_DROP,
2.4232,5,STA,WIFI_DROP,
2.4232,14,STA,WIFI_DROP,
2.4232,15,STA,WIFI_DROP,
2.4232,17,STA,WIFI_DROP,
2.4232,21,STA,WIFI_DROP,
2.4256,2,STA,WIFI_DROP,
2.4256,5,STA,WIFI_DROP,
2.4256,14,STA,WIFI_DROP,
2.4256,15,STA,WIFI_DROP,
2.4256,17,STA,WIFI_DROP,
2.4256,21,STA,WIFI_DROP,
2.428,2,STA,WIFI_DROP,
2.428,5,STA,WIFI_DROP,
2.428,14,STA,WIFI_DROP,
2.428,15,STA,WIFI_DROP,
2.428,17,STA,WIFI_DROP,
2.428,21,STA,WIFI_DROP,
2.4304,2,STA,WIFI_DROP,
2.4304,5,STA,WIFI_DROP,
2.4304,14,STA,WIFI_DROP,
2.4304,15,STA,WIFI_DROP,
2.4304,17,STA,WIFI_DROP,
2.4304,21,STA,WIFI_DROP,
2.4328,2,STA,WIFI_DROP,
2.4328,5,STA,WIFI_DROP,
2.4328,14,STA,WIFI_DROP,
2.4328,15,STA,WIFI_DROP,
2.4328,17,STA,WIFI_DROP,
2.4328,21,STA,WIFI_DROP,
2.4352,2,STA,WIFI_DROP,
2.4352,5,STA,WIFI_DROP,
2.4352,14,STA,WIFI_DROP,
2.4352,15,STA,WIFI_DROP,
2.4352,17,STA,WIFI_DROP,
2.4352,21,STA,WIFI_DROP,
2.4376,2,STA,WIFI_DROP,
2.4376,5,STA,WIFI_DROP,
2.4376,14,STA,WIFI_DROP,
2.4376,15,STA,WIFI_DROP,
2.4376,17,STA,WIFI_DROP,
2.4376,21,STA,WIFI_DROP,
2.44,2,STA,WIFI_DROP,
2.44,5,STA,WIFI_DROP,
2.44,14,STA,WIFI_DROP,
2.44,15,STA,WIFI_DROP,
2.44,17,STA,WIFI_DROP,
2.44,21,STA,WIFI_DROP,
2.4424,2,STA,WIFI_DROP,
2.4424,5,STA,WIFI_DROP,
2.4424,14,STA,WIFI_DROP,
2.4424,15,STA,WIFI_DROP,
2.4424,17,STA,WIFI_DROP,
2.4424,21,STA,WIFI_DROP,
2.4448,2,STA,WIFI_DROP,
2.4448,5,STA,WIFI_DROP,
2.4448,14,STA,WIFI_DROP,
2.4448,15,STA,WIFI_DROP,
2.4448,17,STA,WIFI_DROP,
2.4448,21,STA,WIFI_DROP,
2.4472,2,STA,WIFI_DROP,
2.4472,5,STA,WIFI_DROP,
2.4472,14,STA,WIFI_DROP,
2.4472,15,STA,WIFI_DROP,
2.4472,17,STA,WIFI_DROP,
2.4472,21,STA,WIFI_DROP,
2.4496,2,STA,WIFI_DROP,
2.4496,5,STA,WIFI_DROP,
2.4496,14,STA,WIFI_DROP,
2.4496,15,STA,WIFI_DROP,
2.4496,17,STA,WIFI_DROP,
2.4496,21,STA,WIFI_DROP,
2.452,2,STA,WIFI_DROP,
2.452,5,STA,WIFI_DROP,
2.452,14,STA,WIFI_DROP,
2.452,15,STA,WIFI_DROP,
2.452,17,STA,WIFI_DROP,
2.452,21,STA,WIFI_DROP,
2.4544,2,STA,WIFI_DROP,
2.4544,5,STA,WIFI_DROP,
2.4544,14,STA,WIFI_DROP,
2.4544,15,STA,WIFI_DROP,
2.4544,17,STA,WIFI_DROP,
2.4544,21,STA,WIFI_DROP,
2.4568,2,STA,WIFI_DROP,
2.4568,5,STA,WIFI_DROP,
2.4568,14,STA,WIFI_DROP,
2.4568,15,STA,WIFI_DROP,
2.4568,17,STA,WIFI_DROP,
2.4568,21,STA,WIFI_DROP,
2.4592,2,STA,WIFI_DROP,
2.4592,5,STA,WIFI_DROP,
2.4592,14,STA,WIFI_DROP,
2.4592,15,STA,WIFI_DROP,
2.4592,17,STA,WIFI_DROP,
2.4592,21,STA,WIFI_DROP,
2.4616,2,STA,WIFI_DROP,
2.4616,5,STA,WIFI_DROP,
2.4616,14,STA,WIFI_DROP,
2.4616,15,STA,WIFI_DROP,
2.4616,17,STA,WIFI_DROP,
2.4616,21,STA,WIFI_DROP,
2.464,2,STA,WIFI_DROP,
2.464,5,STA,WIFI_DROP,
2.464,14,STA,WIFI_DROP,
2.464,15,STA,WIFI_DROP,
2.464,17,STA,WIFI_DROP,
2.464,21,STA,WIFI_DROP,
2.4664,2,STA,WIFI_DROP,
2.4664,5,STA,WIFI_DROP,
2.4664,14,STA,WIFI_DROP,
2.4664,15,STA,WIFI_DROP,
2.4664,17,STA,WIFI_DROP,
2.4664,21,STA,WIFI_DROP,
2.4688,2,STA,WIFI_DROP,
2.4688,5,STA,WIFI_DROP,
2.4688,14,STA,WIFI_DROP,
2.4688,15,STA,WIFI_DROP,
2.4688,17,STA,WIFI_DROP,
2.4688,21,STA,WIFI_DROP,
2.4712,2,STA,WIFI_DROP,
2.4712,5,STA,WIFI_DROP,
2.4712,14,STA,WIFI_DROP,
2.4712,15,STA,WIFI_DROP,
2.4712,17,STA,WIFI_DROP,
2.4712,21,STA,WIFI_DROP,
2.4736,2,STA,WIFI_DROP,
2.4736,5,STA,WIFI_DROP,
2.4736,14,STA,WIFI_DROP,
2.4736,15,STA,WIFI_DROP,
2.4736,17,STA,WIFI_DROP,
2.4736,21,STA,WIFI_DROP,
2.476,2,STA,WIFI_DROP,
2.476,5,STA,WIFI_DROP,
2.476,14,STA,WIFI_DROP,
2.476,15,STA,WIFI_DROP,
2.476,17,STA,WIFI_DROP,
2.476,21,STA,WIFI_DROP,
2.4784,2,STA,WIFI_DROP,
2.4784,5,STA,WIFI_DROP,
2.4784,14,STA,WIFI_DROP,
2.4784,15,STA,WIFI_DROP,
2.4784,17,STA,WIFI_DROP,
2.4784,21,STA,WIFI_DROP,
2.4808,2,STA,WIFI_DROP,
2.4808,5,STA,WIFI_DROP,
2.4808,14,STA,WIFI_DROP,
2.4808,15,STA,WIFI_DROP,
2.4808,17,STA,WIFI_DROP,
2.4808,21,STA,WIFI_DROP,
2.4832,2,STA,WIFI_DROP,
2.4832,5,STA,WIFI_DROP,
2.4832,14,STA,WIFI_DROP,
2.4832,15,STA,WIFI_DROP,
2.4832,17,STA,WIFI_DROP,
2.4832,21,STA,WIFI_DROP,
2.4856,2,STA,WIFI_DROP,
2.4856,5,STA,WIFI_DROP,
2.4856,14,STA,WIFI_DROP,
2.4856,15,STA,WIFI_DROP,
2.4856,17,STA,WIFI_DROP,
2.4856,21,STA,WIFI_DROP,
2.488,2,STA,WIFI_DROP,
2.488,5,STA,WIFI_DROP,
2.488,14,STA,WIFI_DROP,
2.488,15,STA,WIFI_DROP,
2.488,17,STA,WIFI_DROP,
2.488,21,STA,WIFI_DROP,
2.4904,2,STA,WIFI_DROP,
2.4904,5,STA,WIFI_DROP,
2.4904,14,STA,WIFI_DROP,
2.4904,15,STA,WIFI_DROP,
2.4904,17,STA,WIFI_DROP,
2.4904,21,STA,WIFI_DROP,
2.4928,2,STA,WIFI_DROP,
2.4928,5,STA,WIFI_DROP,
2.4928,14,STA,WIFI_DROP,
2.4928,15,STA,WIFI_DROP,
2.4928,17,STA,WIFI_DROP,
2.4928,21,STA,WIFI_DROP,
2.4952,2,STA,WIFI_DROP,
2.4952,5,STA,WIFI_DROP,
2.4952,14,STA,WIFI_DROP,
2.4952,15,STA,WIFI_DROP,
2.4952,17,STA,WIFI_DROP,
2.4952,21,STA,WIFI_DROP,
2.4976,2,STA,WIFI_DROP,
2.4976,5,STA,WIFI_DROP,
2.4976,14,STA,WIFI_DROP,
2.4976,15,STA,WIFI_DROP,
2.4976,17,STA,WIFI_DROP,
2.4976,21,STA,WIFI_DROP,
2.5,2,STA,WIFI_DROP,
2.5,5,STA,WIFI_DROP,
2.5,14,STA,WIFI_DROP,
2.5,15,STA,WIFI_DROP,
2.5,17,STA,WIFI_DROP,
2.5,21,STA,WIFI_DROP,
2.5024,2,STA,WIFI_DROP,
2.5024,5,STA,WIFI_DROP,
2.5024,14,STA,WIFI_DROP,
2.5024,15,STA,WIFI_DROP,
2.5024,17,STA,WIFI_DROP,
2.5024,21,STA,WIFI_DROP,
2.5048,2,STA,WIFI_DROP,
2.5048,5,STA,WIFI_DROP,
2.5048,14,STA,WIFI_DROP,
2.5048,15,STA,WIFI_DROP,
2.5048,17,STA,WIFI_DROP,
2.5048,21,STA,WIFI_DROP,
2.5072,2,STA,WIFI_DROP,
2.5072,5,STA,WIFI_DROP,
2.5072,14,STA,WIFI_DROP,
2.5072,15,STA,WIFI_DROP,
2.5072,17,STA,WIFI_DROP,
2.5072,21,STA,WIFI_DROP,
2.5096,2,STA,WIFI_DROP,
2.5096,5,STA,WIFI_DROP,
2.5096,15,STA,WIFI_DROP,
2.5096,17,STA,WIFI_DROP,
2.5096,21,STA,WIFI_DROP,
2.512,2,STA,WIFI_DROP,
2.512,5,STA,WIFI_DROP,
2.512,15,STA,WIFI_DROP,
2.512,17,STA,WIFI_DROP,
2.512,21,STA,WIFI_DROP,
2.5144,2,STA,WIFI_DROP,
2.5144,5,STA,WIFI_DROP,
2.5144,15,STA,WIFI_DROP,
2.5144,17,STA,WIFI_DROP,
2.5144,21,STA,WIFI_DROP,
2.5168,2,STA,WIFI_DROP,
2.5168,5,STA,WIFI_DROP,
2.5168,15,STA,WIFI_DROP,
2.5168,17,STA,WIFI_DROP,
2.5168,21,STA,WIFI_DROP,
2.5192,2,STA,WIFI_DROP,
2.5192,5,STA,WIFI_DROP,
2.5192,15,STA,WIFI_DROP,
2.5192,17,STA,WIFI_DROP,
2.5192,21,STA,WIFI_DROP,
2.5216,2,STA,WIFI_DROP,
2.5216,5,STA,WIFI_DROP,
2.5216,15,STA,WIFI_DROP,
2.5216,17,STA,WIFI_DROP,
2.5216,21,STA,WIFI_DROP,
2.524,2,STA,WIFI_DROP,
2.524,5,STA,WIFI_DROP,
2.524,15,STA,WIFI_DROP,
2.524,17,STA,WIFI_DROP,
2.524,21,STA,WIFI_DROP,
2.5264,2,STA,WIFI_DROP,
2.5264,5,STA,WIFI_DROP,
2.5264,15,STA,WIFI_DROP,
2.5264,17,STA,WIFI_DROP,
2.5264,21,STA,WIFI_DROP,
2.5288,2,STA,WIFI_DROP,
2.5288,5,STA,WIFI_DROP,
2.5288,15,STA,WIFI_DROP,
2.5288,17,STA,WIFI_DROP,
2.5288,21,STA,WIFI_DROP,
2.5312,2,STA,WIFI_DROP,
2.5312,5,STA,WIFI_DROP,
2.5312,15,STA,WIFI_DROP,
2.5312,17,STA,WIFI_DROP,
2.5312,21,STA,WIFI_DROP,
2.5336,2,STA,WIFI_DROP,
2.5336,5,STA,WIFI_DROP,
2.5336,15,STA,WIFI_DROP,
2.5336,17,STA,WIFI_DROP,
2.5336,21,STA,WIFI_DROP,
2.536,2,STA,WIFI_DROP,
2.536,5,STA,WIFI_DROP,
2.536,15,STA,WIFI_DROP,
2.536,17,STA,WIFI_DROP,
2.536,21,STA,WIFI_DROP,
2.5384,2,STA,WIFI_DROP,
2.5384,5,STA,WIFI_DROP,
2.5384,15,STA,WIFI_DROP,
2.5384,17,STA,WIFI_DROP,
2.5384,21,STA,WIFI_DROP,
2.5408,2,STA,WIFI_DROP,
2.5408,5,STA,WIFI_DROP,
2.5408,15,STA,WIFI_DROP,
2.5408,17,STA,WIFI_DROP,
2.5408,21,STA,WIFI_DROP,
2.5432,2,STA,WIFI_DROP,
2.5432,5,STA,WIFI_DROP,
2.5432,15,STA,WIFI_DROP,
2.5432,17,STA,WIFI_DROP,
2.5432,21,STA,WIFI_DROP,
2.5456,2,STA,WIFI_DROP,
2.5456,5,STA,WIFI_DROP,
2.5456,15,STA,WIFI_DROP,
2.5456,17,STA,WIFI_DROP,
2.5456,21,STA,WIFI_DROP,
2.548,2,STA,WIFI_DROP,
2.548,5,STA,WIFI_DROP,
2.548,15,STA,WIFI_DROP,
2.548,17,STA,WIFI_DROP,
2.548,21,STA,WIFI_DROP,
2.5504,2,STA,WIFI_DROP,
2.5504,5,STA,WIFI_DROP,
2.5504,15,STA,WIFI_DROP,
2.5504,17,STA,WIFI_DROP,
2.5504,21,STA,WIFI_DROP,
2.5528,2,STA,WIFI_DROP,
2.5528,5,STA,WIFI_DROP,
2.5528,15,STA,WIFI_DROP,
2.5528,17,STA,WIFI_DROP,
2.5528,21,STA,WIFI_DROP,
2.5552,2,STA,WIFI_DROP,
2.5552,5,STA,WIFI_DROP,
2.5552,15,STA,WIFI_DROP,
2.5552,17,STA,WIFI_DROP,
2.5552,21,STA,WIFI_DROP,
2.5576,2,STA,WIFI_DROP,
2.5576,5,STA,WIFI_DROP,
2.5576,15,STA,WIFI_DROP,
2.5576,17,STA,WIFI_DROP,
2.5576,21,STA,WIFI_DROP,
2.56,2,STA,WIFI_DROP,
2.56,5,STA,WIFI_DROP,
2.56,15,STA,WIFI_DROP,
2.56,17,STA,WIFI_DROP,
2.56,21,STA,WIFI_DROP,
2.5624,2,STA,WIFI_DROP,
2.5624,5,STA,WIFI_DROP,
2.5624,15,STA,WIFI_DROP,
2.5624,17,STA,WIFI_DROP,
2.5624,21,STA,WIFI_DROP,
2.5648,2,STA,WIFI_DROP,
2.5648,5,STA,WIFI_DROP,
2.5648,15,STA,WIFI_DROP,
2.5648,17,STA,WIFI_DROP,
2.5648,21,STA,WIFI_DROP,
2.5672,2,STA,WIFI_DROP,
2.5672,5,STA,WIFI_DROP,
2.5672,15,STA,WIFI_DROP,
2.5672,17,STA,WIFI_DROP,
2.5672,21,STA,WIFI_DROP,
2.5696,2,STA,WIFI_DROP,
2.5696,5,STA,WIFI_DROP,
2.5696,15,STA,WIFI_DROP,
2.5696,17,STA,WIFI_DROP,
2.5696,21,STA,WIFI_DROP,
2.572,2,STA,WIFI_DROP,
2.572,5,STA,WIFI_DROP,
2.572,15,STA,WIFI_DROP,
2.572,17,STA,WIFI_DROP,
2.572,21,STA,WIFI_DROP,
2.5744,2,STA,WIFI_DROP,
2.5744,5,STA,WIFI_DROP,
2.5744,15,STA,WIFI_DROP,
2.5744,17,STA,WIFI_DROP,
2.5744,21,STA,WIFI_DROP,
2.5768,2,STA,WIFI_DROP,
2.5768,5,STA,WIFI_DROP,
2.5768,15,STA,WIFI_DROP,
2.5768,17,STA,WIFI_DROP,
2.5768,21,STA,WIFI_DROP,
2.5792,2,STA,WIFI_DROP,
2.5792,5,STA,WIFI_DROP,
2.5792,15,STA,WIFI_DROP,
2.5792,17,STA,WIFI_DROP,
2.5792,21,STA,WIFI_DROP,
2.5816,2,STA,WIFI_DROP,
2.5816,5,STA,WIFI_DROP,
2.5816,15,STA,WIFI_DROP,
2.5816,17,STA,WIFI_DROP,
2.5816,21,STA,WIFI_DROP,
2.584,2,STA,WIFI_DROP,
2.584,5,STA,WIFI_DROP,
2.584,15,STA,WIFI_DROP,
2.584,17,STA,WIFI_DROP,
2.584,21,STA,WIFI_DROP,
2.5864,2,STA,WIFI_DROP,
2.5864,5,STA,WIFI_DROP,
2.5864,15,STA,WIFI_DROP,
2.5864,17,STA,WIFI_DROP,
2.5864,21,STA,WIFI_DROP,
2.5888,2,STA,WIFI_DROP,
2.5888,5,STA,WIFI_DROP,
2.5888,15,STA,WIFI_DROP,
2.5888,17,STA,WIFI_DROP,
2.5888,21,STA,WIFI_DROP,
2.5912,2,STA,WIFI_DROP,
2.5912,5,STA,WIFI_DROP,
2.5912,15,STA,WIFI_DROP,
2.5912,17,STA,WIFI_DROP,
2.5912,21,STA,WIFI_DROP,
2.5936,2,STA,WIFI_DROP,
2.5936,5,STA,WIFI_DROP,
2.5936,15,STA,WIFI_DROP,
2.5936,17,STA,WIFI_DROP,
2.5936,21,STA,WIFI_DROP,
2.596,2,STA,WIFI_DROP,
2.596,5,STA,WIFI_DROP,
2.596,15,STA,WIFI_DROP,
2.596,17,STA,WIFI_DROP,
2.596,21,STA,WIFI_DROP,
2.5984,2,STA,WIFI_DROP,
2.5984,5,STA,WIFI_DROP,
2.5984,15,STA,WIFI_DROP,
2.5984,17,STA,WIFI_DROP,
2.5984,21,STA,WIFI_DROP,
2.6008,2,STA,WIFI_DROP,
2.6008,5,STA,WIFI_DROP,
2.6008,15,STA,WIFI_DROP,
2.6008,17,STA,WIFI_DROP,
2.6008,21,STA,WIFI_DROP,
2.6032,2,STA,WIFI_DROP,
2.6032,5,STA,WIFI_DROP,
2.6032,15,STA,WIFI_DROP,
2.6032,17,STA,WIFI_DROP,
2.6032,21,STA,WIFI_DROP,
2.6056,2,STA,WIFI_DROP,
2.6056,5,STA,WIFI_DROP,
2.6056,15,STA,WIFI_DROP,
2.6056,17,STA,WIFI_DROP,
2.6056,21,STA,WIFI_DROP,
2.608,2,STA,WIFI_DROP,
2.608,5,STA,WIFI_DROP,
2.608,15,STA,WIFI_DROP,
2.608,17,STA,WIFI_DROP,
2.6104,2,STA,WIFI_DROP,
2.6104,5,STA,WIFI_DROP,
2.6104,15,STA,WIFI_DROP,
2.6104,17,STA,WIFI_DROP,
2.6128,2,STA,WIFI_DROP,
2.6128,5,STA,WIFI_DROP,
2.6128,15,STA,WIFI_DROP,
2.6128,17,STA,WIFI_DROP,
2.6152,2,STA,WIFI_DROP,
2.6152,5,STA,WIFI_DROP,
2.6152,15,STA,WIFI_DROP,
2.6152,17,STA,WIFI_DROP,
2.6176,2,STA,WIFI_DROP,
2.6176,5,STA,WIFI_DROP,
2.6176,15,STA,WIFI_DROP,
2.6176,17,STA,WIFI_DROP,
2.62,2,STA,WIFI_DROP,
2.62,5,STA,WIFI_DROP,
2.62,15,STA,WIFI_DROP,
2.62,17,STA,WIFI_DROP,
2.6224,2,STA,WIFI_DROP,
2.6224,5,STA,WIFI_DROP,
2.6224,15,STA,WIFI_DROP,
2.6224,17,STA,WIFI_DROP,
2.6248,2,STA,WIFI_DROP,
2.6248,5,STA,WIFI_DROP,
2.6248,15,STA,WIFI_DROP,
2.6248,17,STA,WIFI_DROP,
2.6272,2,STA,WIFI_DROP,
2.6272,5,STA,WIFI_DROP,
2.6272,15,STA,WIFI_DROP,
2.6272,17,STA,WIFI_DROP,
2.6296,2,STA,WIFI_DROP,
2.6296,5,STA,WIFI_DROP,
2.6296,15,STA,WIFI_DROP,
2.6296,17,STA,WIFI_DROP,
2.632,2,STA,WIFI_DROP,
2.632,5,STA,WIFI_DROP,
2.632,15,STA,WIFI_DROP,
2.632,17,STA,WIFI_DROP,
2.6344,2,STA,WIFI_DROP,
2.6344,5,STA,WIFI_DROP,
2.6344,15,STA,WIFI_DROP,
2.6344,17,STA,WIFI_DROP,
2.6368,2,STA,WIFI_DROP,
2.6368,5,STA,WIFI_DROP,
2.6368,15,STA,WIFI_DROP,
2.6368,17,STA,WIFI_DROP,
2.6392,2,STA,WIFI_DROP,
2.6392,5,STA,WIFI_DROP,
2.6392,15,STA,WIFI_DROP,
2.6392,17,STA,WIFI_DROP,
2.6416,2,STA,WIFI_DROP,
2.6416,5,STA,WIFI_DROP,
2.6416,15,STA,WIFI_DROP,
2.6416,17,STA,WIFI_DROP,
2.644,2,STA,WIFI_DROP,
2.644,5,STA,WIFI_DROP,
2.644,15,STA,WIFI_DROP,
2.644,17,STA,WIFI_DROP,
2.6464,2,STA,WIFI_DROP,
2.6464,5,STA,WIFI_DROP,
2.6464,15,STA,WIFI_DROP,
2.6464,17,STA,WIFI_DROP,
2.6488,2,STA,WIFI_DROP,
2.6488,5,STA,WIFI_DROP,
2.6488,15,STA,WIFI_DROP,
2.6488,17,STA,WIFI_DROP,
2.6512,2,STA,WIFI_DROP,
2.6512,5,STA,WIFI_DROP,
2.6512,15,STA,WIFI_DROP,
2.6512,17,STA,WIFI_DROP,
2.6536,2,STA,WIFI_DROP,
2.6536,5,STA,WIFI_DROP,
2.6536,15,STA,WIFI_DROP,
2.6536,17,STA,WIFI_DROP,
2.656,2,STA,WIFI_DROP,
2.656,5,STA,WIFI_DROP,
2.656,15,STA,WIFI_DROP,
2.656,17,STA,WIFI_DROP,
2.6584,2,STA,WIFI_DROP,
2.6584,5,STA,WIFI_DROP,
2.6584,15,STA,WIFI_DROP,
2.6584,17,STA,WIFI_DROP,
2.6608,2,STA,WIFI_DROP,
2.6608,5,STA,WIFI_DROP,
2.6608,15,STA,WIFI_DROP,
2.6608,17,STA,WIFI_DROP,
2.6632,2,STA,WIFI_DROP,
2.6632,5,STA,WIFI_DROP,
2.6632,15,STA,WIFI_DROP,
2.6632,17,STA,WIFI_DROP,
2.6656,2,STA,WIFI_DROP,
2.6656,5,STA,WIFI_DROP,
2.6656,15,STA,WIFI_DROP,
2.6656,17,STA,WIFI_DROP,
2.668,2,STA,WIFI_DROP,
2.668,5,STA,WIFI_DROP,
2.668,15,STA,WIFI_DROP,
2.668,17,STA,WIFI_DROP,
2.6704,2,STA,WIFI_DROP,
2.6704,5,STA,WIFI_DROP,
2.6704,15,STA,WIFI_DROP,
2.6704,17,STA,WIFI_DROP,
2.6728,2,STA,WIFI_DROP,
2.6728,5,STA,WIFI_DROP,
2.6728,15,STA,WIFI_DROP,
2.6728,17,STA,WIFI_DROP,
2.6752,2,STA,WIFI_DROP,
2.6752,5,STA,WIFI_DROP,
2.6752,15,STA,WIFI_DROP,
2.6752,17,STA,WIFI_DROP,
2.6776,2,STA,WIFI_DROP,
2.6776,5,STA,WIFI_DROP,
2.6776,15,STA,WIFI_DROP,
2.6776,17,STA,WIFI_DROP,
2.68,2,STA,WIFI_DROP,
2.68,5,STA,WIFI_DROP,
2.68,15,STA,WIFI_DROP,
2.68,17,STA,WIFI_DROP,
2.6824,2,STA,WIFI_DROP,
2.6824,5,STA,WIFI_DROP,
2.6824,15,STA,WIFI_DROP,
2.6824,17,STA,WIFI_DROP,
2.6848,2,STA,WIFI_DROP,
2.6848,5,STA,WIFI_DROP,
2.6848,15,STA,WIFI_DROP,
2.6848,17,STA,WIFI_DROP,
2.6872,2,STA,WIFI_DROP,
2.6872,5,STA,WIFI_DROP,
2.6872,15,STA,WIFI_DROP,
2.6872,17,STA,WIFI_DROP,
2.6896,2,STA,WIFI_DROP,
2.6896,5,STA,WIFI_DROP,
2.6896,15,STA,WIFI_DROP,
2.6896,17,STA,WIFI_DROP,
2.692,2,STA,WIFI_DROP,
2.692,5,STA,WIFI_DROP,
2.692,15,STA,WIFI_DROP,
2.692,17,STA,WIFI_DROP,
2.6944,2,STA,WIFI_DROP,
2.6944,5,STA,WIFI_DROP,
2.6944,15,STA,WIFI_DROP,
2.6944,17,STA,WIFI_DROP,
2.6968,2,STA,WIFI_DROP,
2.6968,5,STA,WIFI_DROP,
2.6968,15,STA,WIFI_DROP,
2.6968,17,STA,WIFI_DROP,
2.6992,2,STA,WIFI_DROP,
2.6992,5,STA,WIFI_DROP,
2.6992,15,STA,WIFI_DROP,
2.6992,17,STA,WIFI_DROP,
2.7016,2,STA,WIFI_DROP,
2.7016,5,STA,WIFI_DROP,
2.7016,15,STA,WIFI_DROP,
2.7016,17,STA,WIFI_DROP,
2.704,2,STA,WIFI_DROP,
2.704,5,STA,WIFI_DROP,
2.704,15,STA,WIFI_DROP,
2.704,17,STA,WIFI_DROP,
2.7064,2,STA,WIFI_DROP,
2.7064,5,STA,WIFI_DROP,
2.7064,15,STA,WIFI_DROP,
2.7064,17,STA,WIFI_DROP,
2.7088,2,STA,WIFI_DROP,
2.7088,5,STA,WIFI_DROP,
2.7088,15,STA,WIFI_DROP,
2.7088,17,STA,WIFI_DROP,
2.7112,2,STA,WIFI_DROP,
2.7112,5,STA,WIFI_DROP,
2.7112,15,STA,WIFI_DROP,
2.7112,17,STA,WIFI_DROP,
2.7136,2,STA,WIFI_DROP,
2.7136,5,STA,WIFI_DROP,
2.7136,15,STA,WIFI_DROP,
2.7136,17,STA,WIFI_DROP,
2.716,2,STA,WIFI_DROP,
2.716,5,STA,WIFI_DROP,
2.716,15,STA,WIFI_DROP,
2.716,17,STA,WIFI_DROP,
2.7184,2,STA,WIFI_DROP,
2.7184,5,STA,WIFI_DROP,
2.7184,15,STA,WIFI_DROP,
2.7184,17,STA,WIFI_DROP,
2.7208,2,STA,WIFI_DROP,
2.7208,5,STA,WIFI_DROP,
2.7208,15,STA,WIFI_DROP,
2.7208,17,STA,WIFI_DROP,
2.7232,2,STA,WIFI_DROP,
2.7232,5,STA,WIFI_DROP,
2.7232,15,STA,WIFI_DROP,
2.7232,17,STA,WIFI_DROP,
2.7256,2,STA,WIFI_DROP,
2.7256,5,STA,WIFI_DROP,
2.7256,15,STA,WIFI_DROP,
2.7256,17,STA,WIFI_DROP,
2.728,2,STA,WIFI_DROP,
2.728,5,STA,WIFI_DROP,
2.728,15,STA,WIFI_DROP,
2.728,17,STA,WIFI_DROP,
2.7304,2,STA,WIFI_DROP,
2.7304,5,STA,WIFI_DROP,
2.7304,15,STA,WIFI_DROP,
2.7304,17,STA,WIFI_DROP,
2.7328,2,STA,WIFI_DROP,
2.7328,5,STA,WIFI_DROP,
2.7328,15,STA,WIFI_DROP,
2.7328,17,STA,WIFI_DROP,
2.7352,2,STA,WIFI_DROP,
2.7352,5,STA,WIFI_DROP,
2.7352,15,STA,WIFI_DROP,
2.7352,17,STA,WIFI_DROP,
2.7376,2,STA,WIFI_DROP,
2.7376,5,STA,WIFI_DROP,
2.7376,15,STA,WIFI_DROP,
2.7376,17,STA,WIFI_DROP,
2.74,2,STA,WIFI_DROP,
2.74,5,STA,WIFI_DROP,
2.74,15,STA,WIFI_DROP,
2.74,17,STA,WIFI_DROP,
2.7424,2,STA,WIFI_DROP,
2.7424,5,STA,WIFI_DROP,
2.7424,15,STA,WIFI_DROP,
2.7424,17,STA,WIFI_DROP,
2.7448,2,STA,WIFI_DROP,
2.7448,5,STA,WIFI_DROP,
2.7448,15,STA,WIFI_DROP,
2.7448,17,STA,WIFI_DROP,
2.7472,2,STA,WIFI_DROP,
2.7472,5,STA,WIFI_DROP,
2.7472,15,STA,WIFI_DROP,
2.7472,17,STA,WIFI_DROP,
2.7496,2,STA,WIFI_DROP,
2.7496,5,STA,WIFI_DROP,
2.7496,15,STA,WIFI_DROP,
2.7496,17,STA,WIFI_DROP,
2.752,2,STA,WIFI_DROP,
2.752,5,STA,WIFI_DROP,
2.752,15,STA,WIFI_DROP,
2.752,17,STA,WIFI_DROP,
2.7544,2,STA,WIFI_DROP,
2.7544,5,STA,WIFI_DROP,
2.7544,15,STA,WIFI_DROP,
2.7544,17,STA,WIFI_DROP,
2.7568,2,STA,WIFI_DROP,
2.7568,5,STA,WIFI_DROP,
2.7568,15,STA,WIFI_DROP,
2.7568,17,STA,WIFI_DROP,
2.7592,2,STA,WIFI_DROP,
2.7592,5,STA,WIFI_DROP,
2.7592,15,STA,WIFI_DROP,
2.7592,17,STA,WIFI_DROP,
2.7616,2,STA,WIFI_DROP,
2.7616,5,STA,WIFI_DROP,
2.7616,15,STA,WIFI_DROP,
2.7616,17,STA,WIFI_DROP,
2.764,2,STA,WIFI_DROP,
2.764,5,STA,WIFI_DROP,
2.764,15,STA,WIFI_DROP,
2.764,17,STA,WIFI_DROP,
2.7664,2,STA,WIFI_DROP,
2.7664,5,STA,WIFI_DROP,
2.7664,15,STA,WIFI_DROP,
2.7664,17,STA,WIFI_DROP,
2.7688,2,STA,WIFI_DROP,
2.7688,5,STA,WIFI_DROP,
2.7688,15,STA,WIFI_DROP,
2.7688,17,STA,WIFI_DROP,
2.7712,2,STA,WIFI_DROP,
2.7712,5,STA,WIFI_DROP,
2.7712,15,STA,WIFI_DROP,
2.7712,17,STA,WIFI_DROP,
2.7736,2,STA,WIFI_DROP,
2.7736,5,STA,WIFI_DROP,
2.7736,15,STA,WIFI_DROP,
2.7736,17,STA,WIFI_DROP,
2.776,2,STA,WIFI_DROP,
2.776,5,STA,WIFI_DROP,
2.776,15,STA,WIFI_DROP,
2.776,17,STA,WIFI_DROP,
2.7784,2,STA,WIFI_DROP,
2.7784,5,STA,WIFI_DROP,
2.7784,15,STA,WIFI_DROP,
2.7784,17,STA,WIFI_DROP,
2.7808,2,STA,WIFI_DROP,
2.7808,5,STA,WIFI_DROP,
2.7808,15,STA,WIFI_DROP,
2.7808,17,STA,WIFI_DROP,
2.7832,2,STA,WIFI_DROP,
2.7832,5,STA,WIFI_DROP,
2.7832,15,STA,WIFI_DROP,
2.7832,17,STA,WIFI_DROP,
2.7856,2,STA,WIFI_DROP,
2.7856,5,STA,WIFI_DROP,
2.7856,15,STA,WIFI_DROP,
2.7856,17,STA,WIFI_DROP,
2.788,2,STA,WIFI_DROP,
2.788,5,STA,WIFI_DROP,
2.788,15,STA,WIFI_DROP,
2.788,17,STA,WIFI_DROP,
2.7904,2,STA,WIFI_DROP,
2.7904,5,STA,WIFI_DROP,
2.7904,15,STA,WIFI_DROP,
2.7904,17,STA,WIFI_DROP,
2.7928,2,STA,WIFI_DROP,
2.7928,5,STA,WIFI_DROP,
2.7928,15,STA,WIFI_DROP,
2.7928,17,STA,WIFI_DROP,
2.7952,2,STA,WIFI_DROP,
2.7952,5,STA,WIFI_DROP,
2.7952,15,STA,WIFI_DROP,
2.7952,17,STA,WIFI_DROP,
2.7976,2,STA,WIFI_DROP,
2.7976,5,STA,WIFI_DROP,
2.7976,15,STA,WIFI_DROP,
2.7976,17,STA,WIFI_DROP,
2.8,2,STA,WIFI_DROP,
2.8,5,STA,WIFI_DROP,
2.8,15,STA,WIFI_DROP,
2.8,17,STA,WIFI_DROP,
2.8024,2,STA,WIFI_DROP,
2.8024,5,STA,WIFI_DROP,
2.8024,15,STA,WIFI_DROP,
2.8024,17,STA,WIFI_DROP,
2.8048,2,STA,WIFI_DROP,
2.8048,5,STA,WIFI_DROP,
2.8048,15,STA,WIFI_DROP,
2.8048,17,STA,WIFI_DROP,
2.8072,2,STA,WIFI_DROP,
2.8072,5,STA,WIFI_DROP,
2.8072,15,STA,WIFI_DROP,
2.8072,17,STA,WIFI_DROP,
2.8096,2,STA,WIFI_DROP,
2.8096,5,STA,WIFI_DROP,
2.8096,15,STA,WIFI_DROP,
2.8096,17,STA,WIFI_DROP,
2.812,2,STA,WIFI_DROP,
2.812,5,STA,WIFI_DROP,
2.812,15,STA,WIFI_DROP,
2.812,17,STA,WIFI_DROP,
2.8144,2,STA,WIFI_DROP,
2.8144,5,STA,WIFI_DROP,
2.8144,15,STA,WIFI_DROP,
2.8144,17,STA,WIFI_DROP,
2.8168,2,STA,WIFI_DROP,
2.8168,5,STA,WIFI_DROP,
2.8168,15,STA,WIFI_DROP,
2.8168,17,STA,WIFI_DROP,
2.8192,2,STA,WIFI_DROP,
2.8192,5,STA,WIFI_DROP,
2.8192,15,STA,WIFI_DROP,
2.8192,17,STA,WIFI_DROP,
2.8216,2,STA,WIFI_DROP,
2.8216,5,STA,WIFI_DROP,
2.8216,15,STA,WIFI_DROP,
2.8216,17,STA,WIFI_DROP,
2.824,2,STA,WIFI_DROP,
2.824,5,STA,WIFI_DROP,
2.824,15,STA,WIFI_DROP,
2.824,17,STA,WIFI_DROP,
2.8264,2,STA,WIFI_DROP,
2.8264,5,STA,WIFI_DROP,
2.8264,15,STA,WIFI_DROP,
2.8264,17,STA,WIFI_DROP,
2.8288,2,STA,WIFI_DROP,
2.8288,5,STA,WIFI_DROP,
2.8288,15,STA,WIFI_DROP,
2.8288,17,STA,WIFI_DROP,
2.8312,2,STA,WIFI_DROP,
2.8312,5,STA,WIFI_DROP,
2.8312,15,STA,WIFI_DROP,
2.8312,17,STA,WIFI_DROP,
2.8336,2,STA,WIFI_DROP,
2.8336,5,STA,WIFI_DROP,
2.8336,15,STA,WIFI_DROP,
2.8336,17,STA,WIFI_DROP,
2.836,2,STA,WIFI_DROP,
2.836,5,STA,WIFI_DROP,
2.836,15,STA,WIFI_DROP,
2.836,17,STA,WIFI_DROP,
2.8384,2,STA,WIFI_DROP,
2.8384,5,STA,WIFI_DROP,
2.8384,15,STA,WIFI_DROP,
2.8384,17,STA,WIFI_DROP,
2.8408,2,STA,WIFI_DROP,
2.8408,5,STA,WIFI_DROP,
2.8408,15,STA,WIFI_DROP,
2.8408,17,STA,WIFI_DROP,
2.8432,2,STA,WIFI_DROP,
2.8432,5,STA,WIFI_DROP,
2.8432,15,STA,WIFI_DROP,
2.8432,17,STA,WIFI_DROP,
2.8456,2,STA,WIFI_DROP,
2.8456,5,STA,WIFI_DROP,
2.8456,15,STA,WIFI_DROP,
2.8456,17,STA,WIFI_DROP,
2.848,2,STA,WIFI_DROP,
2.848,5,STA,WIFI_DROP,
2.848,15,STA,WIFI_DROP,
2.848,17,STA,WIFI_DROP,
2.8504,2,STA,WIFI_DROP,
2.8504,5,STA,WIFI_DROP,
2.8504,15,STA,WIFI_DROP,
2.8504,17,STA,WIFI_DROP,
2.8528,2,STA,WIFI_DROP,
2.8528,5,STA,WIFI_DROP,
2.8528,15,STA,WIFI_DROP,
2.8528,17,STA,WIFI_DROP,
2.8552,2,STA,WIFI_DROP,
2.8552,5,STA,WIFI_DROP,
2.8552,15,STA,WIFI_DROP,
2.8552,17,STA,WIFI_DROP,
2.8576,2,STA,WIFI_DROP,
2.8576,5,STA,WIFI_DROP,
2.8576,15,STA,WIFI_DROP,
2.8576,17,STA,WIFI_DROP,
2.86,2,STA,WIFI_DROP,
2.86,5,STA,WIFI_DROP,
2.86,15,STA,WIFI_DROP,
2.86,17,STA,WIFI_DROP,
2.8624,2,STA,WIFI_DROP,
2.8624,5,STA,WIFI_DROP,
2.8624,15,STA,WIFI_DROP,
2.8624,17,STA,WIFI_DROP,
2.8648,2,STA,WIFI_DROP,
2.8648,5,STA,WIFI_DROP,
2.8648,15,STA,WIFI_DROP,
2.8648,17,STA,WIFI_DROP,
2.8672,2,STA,WIFI_DROP,
2.8672,5,STA,WIFI_DROP,
2.8672,15,STA,WIFI_DROP,
2.8672,17,STA,WIFI_DROP,
2.8696,2,STA,WIFI_DROP,
2.8696,5,STA,WIFI_DROP,
2.8696,15,STA,WIFI_DROP,
2.8696,17,STA,WIFI_DROP,
2.872,2,STA,WIFI_DROP,
2.872,5,STA,WIFI_DROP,
2.872,15,STA,WIFI_DROP,
2.872,17,STA,WIFI_DROP,
2.8744,2,STA,WIFI_DROP,
2.8744,5,STA,WIFI_DROP,
2.8744,15,STA,WIFI_DROP,
2.8744,17,STA,WIFI_DROP,
2.8768,2,STA,WIFI_DROP,
2.8768,5,STA,WIFI_DROP,
2.8768,15,STA,WIFI_DROP,
2.8768,17,STA,WIFI_DROP,
2.8792,2,STA,WIFI_DROP,
2.8792,5,STA,WIFI_DROP,
2.8792,15,STA,WIFI_DROP,
2.8792,17,STA,WIFI_DROP,
2.8816,2,STA,WIFI_DROP,
2.8816,5,STA,WIFI_DROP,
2.8816,15,STA,WIFI_DROP,
2.8816,17,STA,WIFI_DROP,
2.884,2,STA,WIFI_DROP,
2.884,5,STA,WIFI_DROP,
2.884,15,STA,WIFI_DROP,
2.884,17,STA,WIFI_DROP,
2.8864,2,STA,WIFI_DROP,
2.8864,5,STA,WIFI_DROP,
2.8864,15,STA,WIFI_DROP,
2.8864,17,STA,WIFI_DROP,
2.8888,2,STA,WIFI_DROP,
2.8888,5,STA,WIFI_DROP,
2.8888,15,STA,WIFI_DROP,
2.8888,17,STA,WIFI_DROP,
2.8912,2,STA,WIFI_DROP,
2.8912,5,STA,WIFI_DROP,
2.8912,15,STA,WIFI_DROP,
2.8912,17,STA,WIFI_DROP,
2.8936,2,STA,WIFI_DROP,
2.8936,5,STA,WIFI_DROP,
2.8936,15,STA,WIFI_DROP,
2.8936,17,STA,WIFI_DROP,
2.896,2,STA,WIFI_DROP,
2.896,5,STA,WIFI_DROP,
2.896,15,STA,WIFI_DROP,
2.896,17,STA,WIFI_DROP,
2.8984,2,STA,WIFI_DROP,
2.8984,5,STA,WIFI_DROP,
2.8984,15,STA,WIFI_DROP,
2.8984,17,STA,WIFI_DROP,
2.9008,2,STA,WIFI_DROP,
2.9008,5,STA,WIFI_DROP,
2.9008,15,STA,WIFI_DROP,
2.9008,17,STA,WIFI_DROP,
2.9032,2,STA,WIFI_DROP,
2.9032,5,STA,WIFI_DROP,
2.9032,15,STA,WIFI_DROP,
2.9032,17,STA,WIFI_DROP,
2.9056,2,STA,WIFI_DROP,
2.9056,5,STA,WIFI_DROP,
2.9056,15,STA,WIFI_DROP,
2.9056,17,STA,WIFI_DROP,
2.908,2,STA,WIFI_DROP,
2.908,5,STA,WIFI_DROP,
2.908,15,STA,WIFI_DROP,
2.908,17,STA,WIFI_DROP,
2.9104,2,STA,WIFI_DROP,
2.9104,5,STA,WIFI_DROP,
2.9104,15,STA,WIFI_DROP,
2.9104,17,STA,WIFI_DROP,
2.9128,2,STA,WIFI_DROP,
2.9128,5,STA,WIFI_DROP,
2.9128,15,STA,WIFI_DROP,
2.9128,17,STA,WIFI_DROP,
2.9152,2,STA,WIFI_DROP,
2.9152,5,STA,WIFI_DROP,
2.9152,15,STA,WIFI_DROP,
2.9152,17,STA,WIFI_DROP,
2.9176,2,STA,WIFI_DROP,
2.9176,5,STA,WIFI_DROP,
2.9176,15,STA,WIFI_DROP,
2.9176,17,STA,WIFI_DROP,
2.92,2,STA,WIFI_DROP,
2.92,5,STA,WIFI_DROP,
2.92,15,STA,WIFI_DROP,
2.92,17,STA,WIFI_DROP,
2.9224,2,STA,WIFI_DROP,
2.9224,5,STA,WIFI_DROP,
2.9224,15,STA,WIFI_DROP,
2.9224,17,STA,WIFI_DROP,
2.9248,2,STA,WIFI_DROP,
2.9248,5,STA,WIFI_DROP,
2.9248,15,STA,WIFI_DROP,
2.9248,17,STA,WIFI_DROP,
2.9272,2,STA,WIFI_DROP,
2.9272,5,STA,WIFI_DROP,
2.9272,15,STA,WIFI_DROP,
2.9272,17,STA,WIFI_DROP,
2.9296,2,STA,WIFI_DROP,
2.9296,5,STA,WIFI_DROP,
2.9296,15,STA,WIFI_DROP,
2.9296,17,STA,WIFI_DROP,
2.932,2,STA,WIFI_DROP,
2.932,5,STA,WIFI_DROP,
2.932,15,STA,WIFI_DROP,
2.932,17,STA,WIFI_DROP,
2.9344,2,STA,WIFI_DROP,
2.9344,5,STA,WIFI_DROP,
2.9344,15,STA,WIFI_DROP,
2.9344,17,STA,WIFI_DROP,
2.9368,2,STA,WIFI_DROP,
2.9368,5,STA,WIFI_DROP,
2.9368,15,STA,WIFI_DROP,
2.9368,17,STA,WIFI_DROP,
2.9392,2,STA,WIFI_DROP,
2.9392,5,STA,WIFI_DROP,
2.9392,15,STA,WIFI_DROP,
2.9392,17,STA,WIFI_DROP,
2.9416,2,STA,WIFI_DROP,
2.9416,5,STA,WIFI_DROP,
2.9416,15,STA,WIFI_DROP,
2.9416,17,STA,WIFI_DROP,
2.944,2,STA,WIFI_DROP,
2.944,5,STA,WIFI_DROP,
2.944,15,STA,WIFI_DROP,
2.944,17,STA,WIFI_DROP,
2.9464,2,STA,WIFI_DROP,
2.9464,5,STA,WIFI_DROP,
2.9464,15,STA,WIFI_DROP,
2.9464,17,STA,WIFI_DROP,
2.9488,2,STA,WIFI_DROP,
2.9488,5,STA,WIFI_DROP,
2.9488,15,STA,WIFI_DROP,
2.9488,17,STA,WIFI_DROP,
2.9512,2,STA,WIFI_DROP,
2.9512,5,STA,WIFI_DROP,
2.9512,15,STA,WIFI_DROP,
2.9512,17,STA,WIFI_DROP,
2.9536,2,STA,WIFI_DROP,
2.9536,5,STA,WIFI_DROP,
2.9536,15,STA,WIFI_DROP,
2.9536,17,STA,WIFI_DROP,
2.956,2,STA,WIFI_DROP,
2.956,5,STA,WIFI_DROP,
2.956,15,STA,WIFI_DROP,
2.956,17,STA,WIFI_DROP,
2.9584,2,STA,WIFI_DROP,
2.9584,5,STA,WIFI_DROP,
2.9584,15,STA,WIFI_DROP,
2.9584,17,STA,WIFI_DROP,
2.9608,2,STA,WIFI_DROP,
2.9608,5,STA,WIFI_DROP,
2.9608,15,STA,WIFI_DROP,
2.9608,17,STA,WIFI_DROP,
2.9632,2,STA,WIFI_DROP,
2.9632,5,STA,WIFI_DROP,
2.9632,15,STA,WIFI_DROP,
2.9632,17,STA,WIFI_DROP,
2.9656,2,STA,WIFI_DROP,
2.9656,5,STA,WIFI_DROP,
2.9656,15,STA,WIFI_DROP,
2.9656,17,STA,WIFI_DROP,
2.968,2,STA,WIFI_DROP,
2.968,5,STA,WIFI_DROP,
2.968,15,STA,WIFI_DROP,
2.968,17,STA,WIFI_DROP,
2.9704,2,STA,WIFI_DROP,
2.9704,5,STA,WIFI_DROP,
2.9704,15,STA,WIFI_DROP,
2.9704,17,STA,WIFI_DROP,
2.9728,2,STA,WIFI_DROP,
2.9728,5,STA,WIFI_DROP,
2.9728,15,STA,WIFI_DROP,
2.9728,17,STA,WIFI_DROP,
2.9752,2,STA,WIFI_DROP,
2.9752,5,STA,WIFI_DROP,
2.9752,15,STA,WIFI_DROP,
2.9752,17,STA,WIFI_DROP,
2.9776,2,STA,WIFI_DROP,
2.9776,5,STA,WIFI_DROP,
2.9776,15,STA,WIFI_DROP,
2.9776,17,STA,WIFI_DROP,
2.98,2,STA,WIFI_DROP,
2.98,5,STA,WIFI_DROP,
2.98,15,STA,WIFI_DROP,
2.98,17,STA,WIFI_DROP,
2.9824,2,STA,WIFI_DROP,
2.9824,5,STA,WIFI_DROP,
2.9824,15,STA,WIFI_DROP,
2.9824,17,STA,WIFI_DROP,
2.9848,2,STA,WIFI_DROP,
2.9848,5,STA,WIFI_DROP,
2.9848,15,STA,WIFI_DROP,
2.9848,17,STA,WIFI_DROP,
2.9872,2,STA,WIFI_DROP,
2.9872,5,STA,WIFI_DROP,
2.9872,15,STA,WIFI_DROP,
2.9872,17,STA,WIFI_DROP,
2.9896,2,STA,WIFI_DROP,
2.9896,5,STA,WIFI_DROP,
2.9896,15,STA,WIFI_DROP,
2.9896,17,STA,WIFI_DROP,
2.992,2,STA,WIFI_DROP,
2.992,5,STA,WIFI_DROP,
2.992,15,STA,WIFI_DROP,
2.992,17,STA,WIFI_DROP,
2.9944,2,STA,WIFI_DROP,
2.9944,5,STA,WIFI_DROP,
2.9944,15,STA,WIFI_DROP,
2.9944,17,STA,WIFI_DROP,
2.9968,2,STA,WIFI_DROP,
2.9968,5,STA,WIFI_DROP,
2.9968,15,STA,WIFI_DROP,
2.9968,17,STA,WIFI_DROP,
2.9992,2,STA,WIFI_DROP,
2.9992,5,STA,WIFI_DROP,
2.9992,17,STA,WIFI_DROP,
3,2,STA,THROUGHPUT_MBPS,0.648000
3,3,STA,THROUGHPUT_MBPS,3.540000
3,4,STA,THROUGHPUT_MBPS,1.176000
3,8,STA,THROUGHPUT_MBPS,3.192000
3,9,STA,THROUGHPUT_MBPS,2.592000
3,10,STA,THROUGHPUT_MBPS,1.728000
3,13,STA,THROUGHPUT_MBPS,1.728000
3,14,STA,THROUGHPUT_MBPS,2.520000
3,17,STA,THROUGHPUT_MBPS,0.564000
3,19,STA,THROUGHPUT_MBPS,4.404000
3,20,STA,THROUGHPUT_MBPS,2.388000
3,1,AP,AGGREGATE_THROUGHPUT_MBPS,24.480000
3,1,AP,SENT_COUNT,8340.000000
3,1,AP,RECV_COUNT,2040.000000
3,1,AP,LATENCY_P95_MS,531.600673
3.0016,2,STA,WIFI_DROP,
3.0016,5,STA,WIFI_DROP,
3.0016,17,STA,WIFI_DROP,
3.004,2,STA,WIFI_DROP,
3.004,5,STA,WIFI_DROP,
3.004,17,STA,WIFI_DROP,
3.0064,2,STA,WIFI_DROP,
3.0064,5,STA,WIFI_DROP,
3.0064,17,STA,WIFI_DROP,
3.0088,2,STA,WIFI_DROP,
3.0088,5,STA,WIFI_DROP,
3.0088,17,STA,WIFI_DROP,
3.0112,2,STA,WIFI_DROP,
3.0112,5,STA,WIFI_DROP,
3.0112,17,STA,WIFI_DROP,
3.0136,2,STA,WIFI_DROP,
3.0136,5,STA,WIFI_DROP,
3.016,2,STA,WIFI_DROP,
3.016,5,STA,WIFI_DROP,
3.0184,2,STA,WIFI_DROP,
3.0208,2,STA,WIFI_DROP,
3.0208,15,STA,WIFI_DROP,
3.0232,2,STA,WIFI_DROP,
3.0232,15,STA,WIFI_DROP,
3.0256,2,STA,WIFI_DROP,
3.0256,15,STA,WIFI_DROP,
3.028,2,STA,WIFI_DROP,
3.028,15,STA,WIFI_DROP,
3.0304,2,STA,WIFI_DROP,
3.0304,15,STA,WIFI_DROP,
3.0328,2,STA,WIFI_DROP,
3.0328,15,STA,WIFI_DROP,
3.0352,2,STA,WIFI_DROP,
3.0352,15,STA,WIFI_DROP,
3.0376,2,STA,WIFI_DROP,
3.0376,15,STA,WIFI_DROP,
3.04,2,STA,WIFI_DROP,
3.04,15,STA,WIFI_DROP,
3.0424,2,STA,WIFI_DROP,
3.0424,15,STA,WIFI_DROP,
3.0448,2,STA,WIFI_DROP,
3.0448,15,STA,WIFI_DROP,
3.0472,2,STA,WIFI_DROP,
3.0472,15,STA,WIFI_DROP,
3.0496,2,STA,WIFI_DROP,
3.0496,15,STA,WIFI_DROP,
3.052,2,STA,WIFI_DROP,
3.052,15,STA,WIFI_DROP,
3.0544,2,STA,WIFI_DROP,
3.0544,15,STA,WIFI_DROP,
3.0568,2,STA,WIFI_DROP,
3.0568,15,STA,WIFI_DROP,
3.0592,2,STA,WIFI_DROP,
3.0592,15,STA,WIFI_DROP,
3.0616,2,STA,WIFI_DROP,
3.0616,15,STA,WIFI_DROP,
3.064,2,STA,WIFI_DROP,
3.064,15,STA,WIFI_DROP,
3.0664,2,STA,WIFI_DROP,
3.0664,15,STA,WIFI_DROP,
3.0688,2,STA,WIFI_DROP,
3.0688,15,STA,WIFI_DROP,
3.0712,2,STA,WIFI_DROP,
3.0712,15,STA,WIFI_DROP,
3.0736,2,STA,WIFI_DROP,
3.0736,15,STA,WIFI_DROP,
3.076,2,STA,WIFI_DROP,
3.076,15,STA,WIFI_DROP,
3.0784,2,STA,WIFI_DROP,
3.0784,15,STA,WIFI_DROP,
3.0808,2,STA,WIFI_DROP,
3.0808,15,STA,WIFI_DROP,
3.0832,2,STA,WIFI_DROP,
3.0832,15,STA,WIFI_DROP,
3.0856,2,STA,WIFI_DROP,
3.0856,15,STA,WIFI_DROP,
3.088,2,STA,WIFI_DROP,
3.088,15,STA,WIFI_DROP,
3.0904,2,STA,WIFI_DROP,
3.0904,15,STA,WIFI_DROP,
3.0928,2,STA,WIFI_DROP,
3.0928,15,STA,WIFI_DROP,
3.0952,2,STA,WIFI_DROP,
3.0952,15,STA,WIFI_DROP,
3.0976,2,STA,WIFI_DROP,
3.0976,15,STA,WIFI_DROP,
3.1,2,STA,WIFI_DROP,
3.1,15,STA,WIFI_DROP,
3.1024,2,STA,WIFI_DROP,
3.1024,15,STA,WIFI_DROP,
3.1048,2,STA,WIFI_DROP,
3.1048,15,STA,WIFI_DROP,
3.1072,2,STA,WIFI_DROP,
3.1072,15,STA,WIFI_DROP,
3.1096,2,STA,WIFI_DROP,
3.1096,15,STA,WIFI_DROP,
3.112,2,STA,WIFI_DROP,
3.112,15,STA,WIFI_DROP,
3.1144,2,STA,WIFI_DROP,
3.1144,15,STA,WIFI_DROP,
3.1168,2,STA,WIFI_DROP,
3.1168,15,STA,WIFI_DROP,
3.1192,2,STA,WIFI_DROP,
3.1192,15,STA,WIFI_DROP,
3.1216,2,STA,WIFI_DROP,
3.1216,15,STA,WIFI_DROP,
3.124,2,STA,WIFI_DROP,
3.124,15,STA,WIFI_DROP,
3.1264,2,STA,WIFI_DROP,
3.1264,15,STA,WIFI_DROP,
3.1288,2,STA,WIFI_DROP,
3.1288,15,STA,WIFI_DROP,
3.1312,2,STA,WIFI_DROP,
3.1312,15,STA,WIFI_DROP,
3.1336,2,STA,WIFI_DROP,
3.1336,15,STA,WIFI_DROP,
3.136,2,STA,WIFI_DROP,
3.136,15,STA,WIFI_DROP,
3.1384,2,STA,WIFI_DROP,
3.1384,15,STA,WIFI_DROP,
3.1408,2,STA,WIFI_DROP,
3.1408,15,STA,WIFI_DROP,
3.1432,2,STA,WIFI_DROP,
3.1432,15,STA,WIFI_DROP,
3.1456,2,STA,WIFI_DROP,
3.1456,15,STA,WIFI_DROP,
3.148,2,STA,WIFI_DROP,
3.148,15,STA,WIFI_DROP,
3.1504,2,STA,WIFI_DROP,
3.1504,15,STA,WIFI_DROP,
3.1528,2,STA,WIFI_DROP,
3.1528,15,STA,WIFI_DROP,
3.1552,2,STA,WIFI_DROP,
3.1552,15,STA,WIFI_DROP,
3.1576,2,STA,WIFI_DROP,
3.1576,15,STA,WIFI_DROP,
3.16,2,STA,WIFI_DROP,
3.16,15,STA,WIFI_DROP,
3.1624,2,STA,WIFI_DROP,
3.1624,15,STA,WIFI_DROP,
3.1648,2,STA,WIFI_DROP,
3.1648,15,STA,WIFI_DROP,
3.1672,2,STA,WIFI_DROP,
3.1672,15,STA,WIFI_DROP,
3.1696,2,STA,WIFI_DROP,
3.1696,15,STA,WIFI_DROP,
3.172,2,STA,WIFI_DROP,
3.172,15,STA,WIFI_DROP,
3.1744,2,STA,WIFI_DROP,
3.1744,15,STA,WIFI_DROP,
3.1768,2,STA,WIFI_DROP,
3.1768,15,STA,WIFI_DROP,
3.1792,2,STA,WIFI_DROP,
3.1792,15,STA,WIFI_DROP,
3.1816,2,STA,WIFI_DROP,
3.1816,15,STA,WIFI_DROP,
3.184,2,STA,WIFI_DROP,
3.184,15,STA,WIFI_DROP,
3.1864,2,STA,WIFI_DROP,
3.1864,15,STA,WIFI_DROP,
3.1888,2,STA,WIFI_DROP,
3.1888,15,STA,WIFI_DROP,
3.1912,2,STA,WIFI_DROP,
3.1912,15,STA,WIFI_DROP,
3.1936,2,STA,WIFI_DROP,
3.1936,15,STA,WIFI_DROP,
3.196,2,STA,WIFI_DROP,
3.196,15,STA,WIFI_DROP,
3.1984,2,STA,WIFI_DROP,
3.1984,15,STA,WIFI_DROP,
3.2008,2,STA,WIFI_DROP,
3.2008,15,STA,WIFI_DROP,
3.2032,2,STA,WIFI_DROP,
3.2032,15,STA,WIFI_DROP,
3.2056,2,STA,WIFI_DROP,
3.2056,15,STA,WIFI_DROP,
3.208,2,STA,WIFI_DROP,
3.208,15,STA,WIFI_DROP,
3.2104,2,STA,WIFI_DROP,
3.2104,15,STA,WIFI_DROP,
3.2128,2,STA,WIFI_DROP,
3.2128,15,STA,WIFI_DROP,
3.2152,2,STA,WIFI_DROP,
3.2152,15,STA,WIFI_DROP,
3.2176,2,STA,WIFI_DROP,
3.2176,15,STA,WIFI_DROP,
3.22,2,STA,WIFI_DROP,
3.22,15,STA,WIFI_DROP,
3.2224,2,STA,WIFI_DROP,
3.2224,15,STA,WIFI_DROP,
3.2248,2,STA,WIFI_DROP,
3.2248,15,STA,WIFI_DROP,
3.2272,2,STA,WIFI_DROP,
3.2272,15,STA,WIFI_DROP,
3.2296,2,STA,WIFI_DROP,
3.2296,15,STA,WIFI_DROP,
3.232,2,STA,WIFI_DROP,
3.232,15,STA,WIFI_DROP,
3.2344,2,STA,WIFI_DROP,
3.2344,15,STA,WIFI_DROP,
3.2368,2,STA,WIFI_DROP,
3.2368,15,STA,WIFI_DROP,
3.2392,2,STA,WIFI_DROP,
3.2392,15,STA,WIFI_DROP,
3.2416,2,STA,WIFI_DROP,
3.2416,15,STA,WIFI_DROP,
3.244,2,STA,WIFI_DROP,
3.244,15,STA,WIFI_DROP,
3.2464,2,STA,WIFI_DROP,
3.2464,15,STA,WIFI_DROP,
3.2488,2,STA,WIFI_DROP,
3.2488,15,STA,WIFI_DROP,
3.2512,2,STA,WIFI_DROP,
3.2512,15,STA,WIFI_DROP,
3.2536,2,STA,WIFI_DROP,
3.2536,15,STA,WIFI_DROP,
3.256,2,STA,WIFI_DROP,
3.256,15,STA,WIFI_DROP,
3.2584,2,STA,WIFI_DROP,
3.2584,15,STA,WIFI_DROP,
3.2608,2,STA,WIFI_DROP,
3.2608,15,STA,WIFI_DROP,
3.2632,2,STA,WIFI_DROP,
3.2632,15,STA,WIFI_DROP,
3.2656,2,STA,WIFI_DROP,
3.2656,15,STA,WIFI_DROP,
3.268,2,STA,WIFI_DROP,
3.268,15,STA,WIFI_DROP,
3.2704,2,STA,WIFI_DROP,
3.2704,15,STA,WIFI_DROP,
3.2728,2,STA,WIFI_DROP,
3.2728,15,STA,WIFI_DROP,
3.2752,2,STA,WIFI_DROP,
3.2752,15,STA,WIFI_DROP,
3.2776,2,STA,WIFI_DROP,
3.2776,15,STA,WIFI_DROP,
3.28,2,STA,WIFI_DROP,
3.28,15,STA,WIFI_DROP,
3.2824,2,STA,WIFI_DROP,
3.2824,15,STA,WIFI_DROP,
3.2848,2,STA,WIFI_DROP,
3.2848,15,STA,WIFI_DROP,
3.2872,2,STA,WIFI_DROP,
3.2872,15,STA,WIFI_DROP,
3.2896,2,STA,WIFI_DROP,
3.2896,15,STA,WIFI_DROP,
3.292,2,STA,WIFI_DROP,
3.292,15,STA,WIFI_DROP,
3.2944,2,STA,WIFI_DROP,
3.2944,15,STA,WIFI_DROP,
3.2968,2,STA,WIFI_DROP,
3.2968,15,STA,WIFI_DROP,
3.2992,2,STA,WIFI_DROP,
3.2992,15,STA,WIFI_DROP,
3.3016,2,STA,WIFI_DROP,
3.3016,15,STA,WIFI_DROP,
3.304,2,STA,WIFI_DROP,
3.304,15,STA,WIFI_DROP,
3.3064,2,STA,WIFI_DROP,
3.3064,15,STA,WIFI_DROP,
3.3088,2,STA,WIFI_DROP,
3.3088,15,STA,WIFI_DROP,
3.3112,2,STA,WIFI_DROP,
3.3112,15,STA,WIFI_DROP,
3.3136,2,STA,WIFI_DROP,
3.3136,15,STA,WIFI_DROP,
3.316,2,STA,WIFI_DROP,
3.316,15,STA,WIFI_DROP,
3.3184,2,STA,WIFI_DROP,
3.3184,15,STA,WIFI_DROP,
3.3208,2,STA,WIFI_DROP,
3.3208,15,STA,WIFI_DROP,
3.3232,2,STA,WIFI_DROP,
3.3232,15,STA,WIFI_DROP,
3.3256,2,STA,WIFI_DROP,
3.3256,15,STA,WIFI_DROP,
3.328,2,STA,WIFI_DROP,
3.328,15,STA,WIFI_DROP,
3.3304,2,STA,WIFI_DROP,
3.3304,15,STA,WIFI_DROP,
3.3328,2,STA,WIFI_DROP,
3.3328,15,STA,WIFI_DROP,
3.3352,2,STA,WIFI_DROP,
3.3352,15,STA,WIFI_DROP,
3.3376,2,STA,WIFI_DROP,
3.3376,15,STA,WIFI_DROP,
3.34,2,STA,WIFI_DROP,
3.34,15,STA,WIFI_DROP,
3.3424,2,STA,WIFI_DROP,
3.3424,15,STA,WIFI_DROP,
3.3448,2,STA,WIFI_DROP,
3.3448,15,STA,WIFI_DROP,
3.3472,2,STA,WIFI_DROP,
3.3472,15,STA,WIFI_DROP,
3.3496,2,STA,WIFI_DROP,
3.3496,15,STA,WIFI_DROP,
3.352,2,STA,WIFI_DROP,
3.352,15,STA,WIFI_DROP,
3.3544,2,STA,WIFI_DROP,
3.3544,15,STA,WIFI_DROP,
3.3568,2,STA,WIFI_DROP,
3.3568,15,STA,WIFI_DROP,
3.3592,2,STA,WIFI_DROP,
3.3592,15,STA,WIFI_DROP,
3.3616,2,STA,WIFI_DROP,
3.3616,15,STA,WIFI_DROP,
3.364,2,STA,WIFI_DROP,
3.364,15,STA,WIFI_DROP,
3.3664,2,STA,WIFI_DROP,
3.3664,15,STA,WIFI_DROP,
3.3688,2,STA,WIFI_DROP,
3.3688,15,STA,WIFI_DROP,
3.3712,2,STA,WIFI_DROP,
3.3712,15,STA,WIFI_DROP,
3.3736,2,STA,WIFI_DROP,
3.3736,15,STA,WIFI_DROP,
3.376,2,STA,WIFI_DROP,
3.376,15,STA,WIFI_DROP,
3.3784,2,STA,WIFI_DROP,
3.3784,15,STA,WIFI_DROP,
3.3808,2,STA,WIFI_DROP,
3.3808,15,STA,WIFI_DROP,
3.3832,2,STA,WIFI_DROP,
3.3832,15,STA,WIFI_DROP,
3.3856,2,STA,WIFI_DROP,
3.3856,15,STA,WIFI_DROP,
3.388,2,STA,WIFI_DROP,
3.388,15,STA,WIFI_DROP,
3.3904,2,STA,WIFI_DROP,
3.3904,15,STA,WIFI_DROP,
3.3928,2,STA,WIFI_DROP,
3.3928,15,STA,WIFI_DROP,
3.3952,2,STA,WIFI_DROP,
3.3952,15,STA,WIFI_DROP,
3.3976,2,STA,WIFI_DROP,
3.3976,15,STA,WIFI_DROP,
3.4,2,STA,WIFI_DROP,
3.4,15,STA,WIFI_DROP,
3.4024,2,STA,WIFI_DROP,
3.4024,15,STA,WIFI_DROP,
3.4048,2,STA,WIFI_DROP,
3.4048,15,STA,WIFI_DROP,
3.4072,2,STA,WIFI_DROP,
3.4072,15,STA,WIFI_DROP,
3.4096,2,STA,WIFI_DROP,
3.4096,15,STA,WIFI_DROP,
3.412,2,STA,WIFI_DROP,
3.412,15,STA,WIFI_DROP,
3.4144,2,STA,WIFI_DROP,
3.4144,15,STA,WIFI_DROP,
3.4168,2,STA,WIFI_DROP,
3.4168,15,STA,WIFI_DROP,
3.4192,2,STA,WIFI_DROP,
3.4192,15,STA,WIFI_DROP,
3.4216,2,STA,WIFI_DROP,
3.4216,15,STA,WIFI_DROP,
3.424,2,STA,WIFI_DROP,
3.424,15,STA,WIFI_DROP,
3.4264,2,STA,WIFI_DROP,
3.4264,15,STA,WIFI_DROP,
3.4288,2,STA,WIFI_DROP,
3.4288,15,STA,WIFI_DROP,
3.4312,2,STA,WIFI_DROP,
3.4312,15,STA,WIFI_DROP,
3.4336,2,STA,WIFI_DROP,
3.4336,15,STA,WIFI_DROP,
3.436,2,STA,WIFI_DROP,
3.436,15,STA,WIFI_DROP,
3.4384,2,STA,WIFI_DROP,
3.4384,15,STA,WIFI_DROP,
3.4408,2,STA,WIFI_DROP,
3.4408,15,STA,WIFI_DROP,
3.4432,2,STA,WIFI_DROP,
3.4432,15,STA,WIFI_DROP,
3.4456,2,STA,WIFI_DROP,
3.4456,15,STA,WIFI_DROP,
3.448,2,STA,WIFI_DROP,
3.448,15,STA,WIFI_DROP,
3.4504,2,STA,WIFI_DROP,
3.4504,15,STA,WIFI_DROP,
3.4528,2,STA,WIFI_DROP,
3.4528,15,STA,WIFI_DROP,
3.4552,2,STA,WIFI_DROP,
3.4552,15,STA,WIFI_DROP,
3.4576,2,STA,WIFI_DROP,
3.4576,15,STA,WIFI_DROP,
3.46,2,STA,WIFI_DROP,
3.46,15,STA,WIFI_DROP,
3.4624,2,STA,WIFI_DROP,
3.4624,15,STA,WIFI_DROP,
3.4648,2,STA,WIFI_DROP,
3.4648,15,STA,WIFI_DROP,
3.4672,2,STA,WIFI_DROP,
3.4672,15,STA,WIFI_DROP,
3.4696,2,STA,WIFI_DROP,
3.4696,15,STA,WIFI_DROP,
3.472,2,STA,WIFI_DROP,
3.472,15,STA,WIFI_DROP,
3.4744,2,STA,WIFI_DROP,
3.4744,15,STA,WIFI_DROP,
3.4768,2,STA,WIFI_DROP,
3.4768,15,STA,WIFI_DROP,
3.4792,2,STA,WIFI_DROP,
3.4792,15,STA,WIFI_DROP,
3.4816,2,STA,WIFI_DROP,
3.4816,15,STA,WIFI_DROP,
3.484,2,STA,WIFI_DROP,
3.484,15,STA,WIFI_DROP,
3.4864,2,STA,WIFI_DROP,
3.4864,8,STA,WIFI_DROP,
3.4864,15,STA,WIFI_DROP,
3.4888,2,STA,WIFI_DROP,
3.4888,8,STA,WIFI_DROP,
3.4888,15,STA,WIFI_DROP,
3.4912,2,STA,WIFI_DROP,
3.4912,8,STA,WIFI_DROP,
3.4912,15,STA,WIFI_DROP,
3.4936,2,STA,WIFI_DROP,
3.4936,8,STA,WIFI_DROP,
3.4936,15,STA,WIFI_DROP,
3.496,2,STA,WIFI_DROP,
3.496,8,STA,WIFI_DROP,
3.496,15,STA,WIFI_DROP,
3.4984,2,STA,WIFI_DROP,
3.4984,8,STA,WIFI_DROP,
3.4984,15,STA,WIFI_DROP,
3.5008,2,STA,WIFI_DROP,
3.5008,8,STA,WIFI_DROP,
3.5008,15,STA,WIFI_DROP,
3.5032,2,STA,WIFI_DROP,
3.5032,8,STA,WIFI_DROP,
3.5032,15,STA,WIFI_DROP,
3.5056,2,STA,WIFI_DROP,
3.5056,8,STA,WIFI_DROP,
3.5056,15,STA,WIFI_DROP,
3.508,2,STA,WIFI_DROP,
3.508,8,STA,WIFI_DROP,
3.508,15,STA,WIFI_DROP,
3.5104,2,STA,WIFI_DROP,
3.5104,8,STA,WIFI_DROP,
3.5104,15,STA,WIFI_DROP,
3.5128,2,STA,WIFI_DROP,
3.5128,8,STA,WIFI_DROP,
3.5128,15,STA,WIFI_DROP,
3.5152,2,STA,WIFI_DROP,
3.5152,8,STA,WIFI_DROP,
3.5152,15,STA,WIFI_DROP,
3.5176,2,STA,WIFI_DROP,
3.5176,8,STA,WIFI_DROP,
3.5176,15,STA,WIFI_DROP,
3.52,2,STA,WIFI_DROP,
3.52,8,STA,WIFI_DROP,
3.52,15,STA,WIFI_DROP,
3.5224,2,STA,WIFI_DROP,
3.5224,8,STA,WIFI_DROP,
3.5224,15,STA,WIFI_DROP,
3.5248,2,STA,WIFI_DROP,
3.5248,8,STA,WIFI_DROP,
3.5248,15,STA,WIFI_DROP,
3.5272,2,STA,WIFI_DROP,
3.5272,8,STA,WIFI_DROP,
3.5272,15,STA,WIFI_DROP,
3.5296,2,STA,WIFI_DROP,
3.5296,8,STA,WIFI_DROP,
3.5296,15,STA,WIFI_DROP,
3.532,2,STA,WIFI_DROP,
3.532,8,STA,WIFI_DROP,
3.532,15,STA,WIFI_DROP,
3.5344,2,STA,WIFI_DROP,
3.5344,8,STA,WIFI_DROP,
3.5344,15,STA,WIFI_DROP,
3.5368,2,STA,WIFI_DROP,
3.5368,8,STA,WIFI_DROP,
3.5368,15,STA,WIFI_DROP,
3.5392,2,STA,WIFI_DROP,
3.5392,8,STA,WIFI_DROP,
3.5392,15,STA,WIFI_DROP,
3.5416,2,STA,WIFI_DROP,
3.5416,8,STA,WIFI_DROP,
3.5416,15,STA,WIFI_DROP,
3.544,2,STA,WIFI_DROP,
3.544,8,STA,WIFI_DROP,
3.544,15,STA,WIFI_DROP,
3.5464,2,STA,WIFI_DROP,
3.5464,8,STA,WIFI_DROP,
3.5464,15,STA,WIFI_DROP,
3.5488,2,STA,WIFI_DROP,
3.5488,8,STA,WIFI_DROP,
3.5488,15,STA,WIFI_DROP,
3.5512,2,STA,WIFI_DROP,
3.5512,8,STA,WIFI_DROP,
3.5512,15,STA,WIFI_DROP,
3.5536,2,STA,WIFI_DROP,
3.5536,8,STA,WIFI_DROP,
3.5536,15,STA,WIFI_DROP,
3.556,2,STA,WIFI_DROP,
3.556,8,STA,WIFI_DROP,
3.556,15,STA,WIFI_DROP,
3.5584,2,STA,WIFI_DROP,
3.5584,8,STA,WIFI_DROP,
3.5584,15,STA,WIFI_DROP,
3.5608,8,STA,WIFI_DROP,
3.5608,15,STA,WIFI_DROP,
3.5632,8,STA,WIFI_DROP,
3.5632,15,STA,WIFI_DROP,
3.5656,8,STA,WIFI_DROP,
3.5656,15,STA,WIFI_DROP,
3.568,8,STA,WIFI_DROP,
3.568,15,STA,WIFI_DROP,
3.5704,8,STA,WIFI_DROP,
3.5704,15,STA,WIFI_DROP,
3.5728,8,STA,WIFI_DROP,
3.5728,15,STA,WIFI_DROP,
3.5752,8,STA,WIFI_DROP,
3.5752,15,STA,WIFI_DROP,
3.5776,8,STA,WIFI_DROP,
3.5776,15,STA,WIFI_DROP,
3.58,2,STA,WIFI_DROP,
3.58,8,STA,WIFI_DROP,
3.58,15,STA,WIFI_DROP,
3.5824,2,STA,WIFI_DROP,
3.5824,8,STA,WIFI_DROP,
3.5824,15,STA,WIFI_DROP,
3.5848,2,STA,WIFI_DROP,
3.5848,8,STA,WIFI_DROP,
3.5848,15,STA,WIFI_DROP,
3.5872,2,STA,WIFI_DROP,
3.5872,8,STA,WIFI_DROP,
3.5872,15,STA,WIFI_DROP,
3.5872,18,STA,WIFI_DROP,
3.5896,2,STA,WIFI_DROP,
3.5896,8,STA,WIFI_DROP,
3.5896,15,STA,WIFI_DROP,
3.5896,18,STA,WIFI_DROP,
3.592,2,STA,WIFI_DROP,
3.592,8,STA,WIFI_DROP,
3.592,15,STA,WIFI_DROP,
3.592,18,STA,WIFI_DROP,
3.5944,2,STA,WIFI_DROP,
3.5944,8,STA,WIFI_DROP,
3.5944,15,STA,WIFI_DROP,
3.5944,18,STA,WIFI_DROP,
3.5968,2,STA,WIFI_DROP,
3.5968,8,STA,WIFI_DROP,
3.5968,15,STA,WIFI_DROP,
3.5968,18,STA,WIFI_DROP,
3.5992,2,STA,WIFI_DROP,
3.5992,8,STA,WIFI_DROP,
3.5992,15,STA,WIFI_DROP,
3.5992,18,STA,WIFI_DROP,
3.6016,2,STA,WIFI_DROP,
3.6016,8,STA,WIFI_DROP,
3.6016,15,STA,WIFI_DROP,
3.6016,18,STA,WIFI_DROP,
3.604,2,STA,WIFI_DROP,
3.604,8,STA,WIFI_DROP,
3.604,15,STA,WIFI_DROP,
3.604,18,STA,WIFI_DROP,
3.6064,2,STA,WIFI_DROP,
3.6064,8,STA,WIFI_DROP,
3.6064,15,STA,WIFI_DROP,
3.6064,18,STA,WIFI_DROP,
3.6088,2,STA,WIFI_DROP,
3.6088,8,STA,WIFI_DROP,
3.6088,15,STA,WIFI_DROP,
3.6088,18,STA,WIFI_DROP,
3.6112,2,STA,WIFI_DROP,
3.6112,8,STA,WIFI_DROP,
3.6112,15,STA,WIFI_DROP,
3.6112,18,STA,WIFI_DROP,
3.6136,2,STA,WIFI_DROP,
3.6136,8,STA,WIFI_DROP,
3.6136,15,STA,WIFI_DROP,
3.6136,18,STA,WIFI_DROP,
3.616,2,STA,WIFI_DROP,
3.616,8,STA,WIFI_DROP,
3.616,15,STA,WIFI_DROP,
3.616,18,STA,WIFI_DROP,
3.6184,2,STA,WIFI_DROP,
3.6184,8,STA,WIFI_DROP,
3.6184,15,STA,WIFI_DROP,
3.6184,18,STA,WIFI_DROP,
3.6208,2,STA,WIFI_DROP,
3.6208,8,STA,WIFI_DROP,
3.6208,15,STA,WIFI_DROP,
3.6208,18,STA,WIFI_DROP,
3.6232,2,STA,WIFI_DROP,
3.6232,8,STA,WIFI_DROP,
3.6232,15,STA,WIFI_DROP,
3.6232,18,STA,WIFI_DROP,
3.6256,2,STA,WIFI_DROP,
3.6256,8,STA,WIFI_DROP,
3.6256,18,STA,WIFI_DROP,
3.628,2,STA,WIFI_DROP,
3.628,8,STA,WIFI_DROP,
3.628,18,STA,WIFI_DROP,
3.6304,2,STA,WIFI_DROP,
3.6304,8,STA,WIFI_DROP,
3.6304,18,STA,WIFI_DROP,
3.6328,8,STA,WIFI_DROP,
3.6328,18,STA,WIFI_DROP,
3.6352,8,STA,WIFI_DROP,
3.6352,18,STA,WIFI_DROP,
3.6376,8,STA,WIFI_DROP,
3.6376,18,STA,WIFI_DROP,
3.64,8,STA,WIFI_DROP,
3.64,18,STA,WIFI_DROP,
3.6424,8,STA,WIFI_DROP,
3.6424,18,STA,WIFI_DROP,
3.6448,8,STA,WIFI_DROP,
3.6448,18,STA,WIFI_DROP,
3.6472,8,STA,WIFI_DROP,
3.6472,18,STA,WIFI_DROP,
3.6496,8,STA,WIFI_DROP,
3.6496,18,STA,WIFI_DROP,
3.652,8,STA,WIFI_DROP,
3.652,18,STA,WIFI_DROP,
3.6544,8,STA,WIFI_DROP,
3.6544,18,STA,WIFI_DROP,
3.6568,8,STA,WIFI_DROP,
3.6568,18,STA,WIFI_DROP,
3.6592,8,STA,WIFI_DROP,
3.6592,18,STA,WIFI_DROP,
3.6616,8,STA,WIFI_DROP,
3.6616,18,STA,WIFI_DROP,
3.664,8,STA,WIFI_DROP,
3.664,18,STA,WIFI_DROP,
3.6664,8,STA,WIFI_DROP,
3.6664,18,STA,WIFI_DROP,
3.6688,8,STA,WIFI_DROP,
3.6688,18,STA,WIFI_DROP,
3.6712,8,STA,WIFI_DROP,
3.6712,18,STA,WIFI_DROP,
3.6736,8,STA,WIFI_DROP,
3.6736,18,STA,WIFI_DROP,
3.676,8,STA,WIFI_DROP,
3.676,18,STA,WIFI_DROP,
3.6784,8,STA,WIFI_DROP,
3.6784,18,STA,WIFI_DROP,
3.6808,8,STA,WIFI_DROP,
3.6808,18,STA,WIFI_DROP,
3.6832,8,STA,WIFI_DROP,
3.6832,18,STA,WIFI_DROP,
3.6856,8,STA,WIFI_DROP,
3.6856,18,STA,WIFI_DROP,
3.688,8,STA,WIFI_DROP,
3.688,18,STA,WIFI_DROP,
3.6904,8,STA,WIFI_DROP,
3.6904,18,STA,WIFI_DROP,
3.6928,8,STA,WIFI_DROP,
3.6928,18,STA,WIFI_DROP,
3.6952,8,STA,WIFI_DROP,
3.6952,18,STA,WIFI_DROP,
3.6976,8,STA,WIFI_DROP,
3.6976,18,STA,WIFI_DROP,
3.7,8,STA,WIFI_DROP,
3.7,18,STA,WIFI_DROP,
3.7024,8,STA,WIFI_DROP,
3.7024,18,STA,WIFI_DROP,
3.7048,8,STA,WIFI_DROP,
3.7048,18,STA,WIFI_DROP,
3.7072,8,STA,WIFI_DROP,
3.7072,18,STA,WIFI_DROP,
3.7096,8,STA,WIFI_DROP,
3.7096,18,STA,WIFI_DROP,
3.712,8,STA,WIFI_DROP,
3.712,18,STA,WIFI_DROP,
3.7144,8,STA,WIFI_DROP,
3.7144,18,STA,WIFI_DROP,
3.7168,8,STA,WIFI_DROP,
3.7168,18,STA,WIFI_DROP,
3.7192,8,STA,WIFI_DROP,
3.7192,18,STA,WIFI_DROP,
3.7216,8,STA,WIFI_DROP,
3.7216,18,STA,WIFI_DROP,
3.724,8,STA,WIFI_DROP,
3.724,18,STA,WIFI_DROP,
3.7264,8,STA,WIFI_DROP,
3.7264,18,STA,WIFI_DROP,
3.7288,8,STA,WIFI_DROP,
3.7288,18,STA,WIFI_DROP,
3.7312,8,STA,WIFI_DROP,
3.7312,18,STA,WIFI_DROP,
3.7336,8,STA,WIFI_DROP,
3.7336,18,STA,WIFI_DROP,
3.736,8,STA,WIFI_DROP,
3.736,18,STA,WIFI_DROP,
3.7384,8,STA,WIFI_DROP,
3.7384,18,STA,WIFI_DROP,
3.7408,8,STA,WIFI_DROP,
3.7408,18,STA,WIFI_DROP,
3.7432,8,STA,WIFI_DROP,
3.7432,18,STA,WIFI_DROP,
3.7456,8,STA,WIFI_DROP,
3.7456,18,STA,WIFI_DROP,
3.748,8,STA,WIFI_DROP,
3.748,18,STA,WIFI_DROP,
3.7504,8,STA,WIFI_DROP,
3.7504,18,STA,WIFI_DROP,
3.7528,8,STA,WIFI_DROP,
3.7528,18,STA,WIFI_DROP,
3.7552,8,STA,WIFI_DROP,
3.7552,18,STA,WIFI_DROP,
3.7576,8,STA,WIFI_DROP,
3.7576,18,STA,WIFI_DROP,
3.76,8,STA,WIFI_DROP,
3.76,18,STA,WIFI_DROP,
3.7624,8,STA,WIFI_DROP,
3.7624,18,STA,WIFI_DROP,
3.7648,8,STA,WIFI_DROP,
3.7648,18,STA,WIFI_DROP,
3.7672,8,STA,WIFI_DROP,
3.7672,18,STA,WIFI_DROP,
3.7696,8,STA,WIFI_DROP,
3.7696,18,STA,WIFI_DROP,
3.772,8,STA,WIFI_DROP,
3.772,18,STA,WIFI_DROP,
3.7744,8,STA,WIFI_DROP,
3.7744,18,STA,WIFI_DROP,
3.7768,8,STA,WIFI_DROP,
3.7768,18,STA,WIFI_DROP,
3.7792,8,STA,WIFI_DROP,
3.7792,18,STA,WIFI_DROP,
3.7816,8,STA,WIFI_DROP,
3.7816,18,STA,WIFI_DROP,
3.784,8,STA,WIFI_DROP,
3.784,18,STA,WIFI_DROP,
3.7864,8,STA,WIFI_DROP,
3.7864,18,STA,WIFI_DROP,
3.7888,8,STA,WIFI_DROP,
3.7888,18,STA,WIFI_DROP,
3.7912,8,STA,WIFI_DROP,
3.7912,18,STA,WIFI_DROP,
3.7936,8,STA,WIFI_DROP,
3.7936,18,STA,WIFI_DROP,
3.796,8,STA,WIFI_DROP,
3.796,18,STA,WIFI_DROP,
3.7984,8,STA,WIFI_DROP,
3.7984,18,STA,WIFI_DROP,
3.8008,8,STA,WIFI_DROP,
3.8008,18,STA,WIFI_DROP,
3.8032,8,STA,WIFI_DROP,
3.8032,18,STA,WIFI_DROP,
3.8056,8,STA,WIFI_DROP,
3.8056,18,STA,WIFI_DROP,
3.808,8,STA,WIFI_DROP,
3.808,18,STA,WIFI_DROP,
3.8104,8,STA,WIFI_DROP,
3.8104,18,STA,WIFI_DROP,
3.8128,8,STA,WIFI_DROP,
3.8128,18,STA,WIFI_DROP,
3.8152,8,STA,WIFI_DROP,
3.8152,18,STA,WIFI_DROP,
3.8176,8,STA,WIFI_DROP,
3.8176,18,STA,WIFI_DROP,
3.82,8,STA,WIFI_DROP,
3.82,18,STA,WIFI_DROP,
3.8224,8,STA,WIFI_DROP,
3.8224,18,STA,WIFI_DROP,
3.8248,8,STA,WIFI_DROP,
3.8248,18,STA,WIFI_DROP,
3.8272,8,STA,WIFI_DROP,
3.8272,18,STA,WIFI_DROP,
3.8296,8,STA,WIFI_DROP,
3.8296,18,STA,WIFI_DROP,
3.832,8,STA,WIFI_DROP,
3.832,18,STA,WIFI_DROP,
3.8344,8,STA,WIFI_DROP,
3.8344,18,STA,WIFI_DROP,
3.8368,8,STA,WIFI_DROP,
3.8368,18,STA,WIFI_DROP,
3.8392,8,STA,WIFI_DROP,
3.8392,18,STA,WIFI_DROP,
3.8416,8,STA,WIFI_DROP,
3.8416,18,STA,WIFI_DROP,
3.844,8,STA,WIFI_DROP,
3.844,18,STA,WIFI_DROP,
3.8464,8,STA,WIFI_DROP,
3.8464,18,STA,WIFI_DROP,
3.8488,8,STA,WIFI_DROP,
3.8488,18,STA,WIFI_DROP,
3.8512,8,STA,WIFI_DROP,
3.8512,18,STA,WIFI_DROP,
3.8536,8,STA,WIFI_DROP,
3.8536,18,STA,WIFI_DROP,
3.856,8,STA,WIFI_DROP,
3.856,18,STA,WIFI_DROP,
3.8584,8,STA,WIFI_DROP,
3.8584,18,STA,WIFI_DROP,
3.8608,8,STA,WIFI_DROP,
3.8608,18,STA,WIFI_DROP,
3.8632,8,STA,WIFI_DROP,
3.8632,18,STA,WIFI_DROP,
3.8656,8,STA,WIFI_DROP,
3.8656,18,STA,WIFI_DROP,
3.868,8,STA,WIFI_DROP,
3.868,18,STA,WIFI_DROP,
3.8704,8,STA,WIFI_DROP,
3.8704,18,STA,WIFI_DROP,
3.8728,8,STA,WIFI_DROP,
3.8728,18,STA,WIFI_DROP,
3.8752,8,STA,WIFI_DROP,
3.8752,18,STA,WIFI_DROP,
3.8776,8,STA,WIFI_DROP,
3.8776,18,STA,WIFI_DROP,
3.88,8,STA,WIFI_DROP,
3.88,18,STA,WIFI_DROP,
3.8824,8,STA,WIFI_DROP,
3.8824,18,STA,WIFI_DROP,
3.8848,8,STA,WIFI_DROP,
3.8848,18,STA,WIFI_DROP,
3.8872,8,STA,WIFI_DROP,
3.8872,18,STA,WIFI_DROP,
3.8896,8,STA,WIFI_DROP,
3.8896,18,STA,WIFI_DROP,
3.892,8,STA,WIFI_DROP,
3.892,18,STA,WIFI_DROP,
3.8944,8,STA,WIFI_DROP,
3.8944,18,STA,WIFI_DROP,
3.8968,8,STA,WIFI_DROP,
3.8968,18,STA,WIFI_DROP,
3.8992,8,STA,WIFI_DROP,
3.8992,18,STA,WIFI_DROP,
3.9016,8,STA,WIFI_DROP,
3.9016,18,STA,WIFI_DROP,
3.904,8,STA,WIFI_DROP,
3.904,18,STA,WIFI_DROP,
3.9064,8,STA,WIFI_DROP,
3.9064,18,STA,WIFI_DROP,
3.9088,8,STA,WIFI_DROP,
3.9088,18,STA,WIFI_DROP,
3.9112,8,STA,WIFI_DROP,
3.9112,18,STA,WIFI_DROP,
3.9136,8,STA,WIFI_DROP,
3.9136,18,STA,WIFI_DROP,
3.916,8,STA,WIFI_DROP,
3.916,18,STA,WIFI_DROP,
3.9184,8,STA,WIFI_DROP,
3.9184,18,STA,WIFI_DROP,
3.9208,8,STA,WIFI_DROP,
3.9208,18,STA,WIFI_DROP,
3.9232,8,STA,WIFI_DROP,
3.9232,18,STA,WIFI_DROP,
3.9256,8,STA,WIFI_DROP,
3.9256,18,STA,WIFI_DROP,
3.928,8,STA,WIFI_DROP,
3.928,18,STA,WIFI_DROP,
3.9304,8,STA,WIFI_DROP,
3.9304,18,STA,WIFI_DROP,
3.9328,8,STA,WIFI_DROP,
3.9328,18,STA,WIFI_DROP,
3.9352,8,STA,WIFI_DROP,
3.9352,18,STA,WIFI_DROP,
3.9376,8,STA,WIFI_DROP,
3.9376,18,STA,WIFI_DROP,
3.94,8,STA,WIFI_DROP,
3.94,18,STA,WIFI_DROP,
3.9424,8,STA,WIFI_DROP,
3.9424,18,STA,WIFI_DROP,
3.9448,8,STA,WIFI_DROP,
3.9448,18,STA,WIFI_DROP,
3.9472,8,STA,WIFI_DROP,
3.9472,18,STA,WIFI_DROP,
3.9496,8,STA,WIFI_DROP,
3.9496,18,STA,WIFI_DROP,
3.952,8,STA,WIFI_DROP,
3.952,18,STA,WIFI_DROP,
3.9544,8,STA,WIFI_DROP,
3.9544,18,STA,WIFI_DROP,
3.9568,8,STA,WIFI_DROP,
3.9568,18,STA,WIFI_DROP,
3.9592,8,STA,WIFI_DROP,
3.9592,18,STA,WIFI_DROP,
3.9616,8,STA,WIFI_DROP,
3.9616,18,STA,WIFI_DROP,
3.964,8,STA,WIFI_DROP,
3.964,18,STA,WIFI_DROP,
3.9664,8,STA,WIFI_DROP,
3.9664,18,STA,WIFI_DROP,
3.9688,8,STA,WIFI_DROP,
3.9688,18,STA,WIFI_DROP,
3.9712,8,STA,WIFI_DROP,
3.9712,18,STA,WIFI_DROP,
3.9736,8,STA,WIFI_DROP,
3.9736,18,STA,WIFI_DROP,
3.976,8,STA,WIFI_DROP,
3.976,18,STA,WIFI_DROP,
3.9784,8,STA,WIFI_DROP,
3.9784,18,STA,WIFI_DROP,
3.9808,8,STA,WIFI_DROP,
3.9808,18,STA,WIFI_DROP,
3.9832,8,STA,WIFI_DROP,
3.9832,18,STA,WIFI_DROP,
3.9856,8,STA,WIFI_DROP,
3.9856,18,STA,WIFI_DROP,
3.988,8,STA,WIFI_DROP,
3.988,18,STA,WIFI_DROP,
3.9904,8,STA,WIFI_DROP,
3.9904,18,STA,WIFI_DROP,
3.9928,8,STA,WIFI_DROP,
3.9928,18,STA,WIFI_DROP,
3.9952,8,STA,WIFI_DROP,
3.9952,18,STA,WIFI_DROP,
3.9976,8,STA,WIFI_DROP,
3.9976,14,STA,WIFI_DROP,
3.9976,18,STA,WIFI_DROP,
4,2,STA,THROUGHPUT_MBPS,1.356000
4,3,STA,THROUGHPUT_MBPS,4.224000
4,4,STA,THROUGHPUT_MBPS,1.920000
4,5,STA,THROUGHPUT_MBPS,0.948000
4,9,STA,THROUGHPUT_MBPS,1.176000
4,10,STA,THROUGHPUT_MBPS,1.368000
4,13,STA,THROUGHPUT_MBPS,1.140000
4,19,STA,THROUGHPUT_MBPS,2.376000
4,20,STA,THROUGHPUT_MBPS,2.532000
4,1,AP,AGGREGATE_THROUGHPUT_MBPS,17.040000
4,1,AP,SENT_COUNT,8320.000000
4,1,AP,RECV_COUNT,1420.000000
4,1,AP,LATENCY_P95_MS,527.870651
4,8,STA,WIFI_DROP,
4,14,STA,WIFI_DROP,
4,18,STA,WIFI_DROP,
4.0024,8,STA,WIFI_DROP,
4.0024,14,STA,WIFI_DROP,
4.0024,18,STA,WIFI_DROP,
4.0048,8,STA,WIFI_DROP,
4.0048,14,STA,WIFI_DROP,
4.0048,18,STA,WIFI_DROP,
4.0072,8,STA,WIFI_DROP,
4.0072,14,STA,WIFI_DROP,
4.0072,18,STA,WIFI_DROP,
4.0096,8,STA,WIFI_DROP,
4.0096,14,STA,WIFI_DROP,
4.0096,18,STA,WIFI_DROP,
4.012,8,STA,WIFI_DROP,
4.012,14,STA,WIFI_DROP,
4.012,18,STA,WIFI_DROP,
4.0144,8,STA,WIFI_DROP,
4.0144,14,STA,WIFI_DROP,
4.0144,18,STA,WIFI_DROP,
4.0168,8,STA,WIFI_DROP,
4.0168,14,STA,WIFI_DROP,
4.0168,18,STA,WIFI_DROP,
4.0192,8,STA,WIFI_DROP,
4.0192,14,STA,WIFI_DROP,
4.0192,18,STA,WIFI_DROP,
4.0216,8,STA,WIFI_DROP,
4.0216,14,STA,WIFI_DROP,
4.0216,18,STA,WIFI_DROP,
4.024,8,STA,WIFI_DROP,
4.024,14,STA,WIFI_DROP,
4.024,18,STA,WIFI_DROP,
4.0264,8,STA,WIFI_DROP,
4.0264,14,STA,WIFI_DROP,
4.0264,18,STA,WIFI_DROP,
4.0288,8,STA,WIFI_DROP,
4.0288,14,STA,WIFI_DROP,
4.0288,18,STA,WIFI_DROP,
4.0312,8,STA,WIFI_DROP,
4.0312,14,STA,WIFI_DROP,
4.0312,18,STA,WIFI_DROP,
4.0336,8,STA,WIFI_DROP,
4.0336,14,STA,WIFI_DROP,
4.0336,18,STA,WIFI_DROP,
4.036,8,STA,WIFI_DROP,
4.036,14,STA,WIFI_DROP,
4.036,18,STA,WIFI_DROP,
4.0384,8,STA,WIFI_DROP,
4.0384,14,STA,WIFI_DROP,
4.0384,18,STA,WIFI_DROP,
4.0408,8,STA,WIFI_DROP,
4.0408,14,STA,WIFI_DROP,
4.0408,18,STA,WIFI_DROP,
4.0432,8,STA,WIFI_DROP,
4.0432,14,STA,WIFI_DROP,
4.0456,8,STA,WIFI_DROP,
4.0456,14,STA,WIFI_DROP,
4.048,8,STA,WIFI_DROP,
4.048,14,STA,WIFI_DROP,
4.0504,8,STA,WIFI_DROP,
4.0504,14,STA,WIFI_DROP,
4.0528,8,STA,WIFI_DROP,
4.0528,14,STA,WIFI_DROP,
4.0552,8,STA,WIFI_DROP,
4.0552,14,STA,WIFI_DROP,
4.0576,8,STA,WIFI_DROP,
4.0576,14,STA,WIFI_DROP,
4.06,8,STA,WIFI_DROP,
4.06,14,STA,WIFI_DROP,
4.0624,8,STA,WIFI_DROP,
4.0624,14,STA,WIFI_DROP,
4.0648,8,STA,WIFI_DROP,
4.0648,14,STA,WIFI_DROP,
4.0672,8,STA,WIFI_DROP,
4.0672,14,STA,WIFI_DROP,
4.0696,8,STA,WIFI_DROP,
4.0696,14,STA,WIFI_DROP,
4.072,8,STA,WIFI_DROP,
4.072,14,STA,WIFI_DROP,
4.0744,8,STA,WIFI_DROP,
4.0744,14,STA,WIFI_DROP,
4.0768,8,STA,WIFI_DROP,
4.0768,14,STA,WIFI_DROP,
4.0792,8,STA,WIFI_DROP,
4.0792,14,STA,WIFI_DROP,
4.0816,8,STA,WIFI_DROP,
4.0816,14,STA,WIFI_DROP,
4.084,8,STA,WIFI_DROP,
4.084,14,STA,WIFI_DROP,
4.0864,8,STA,WIFI_DROP,
4.0864,14,STA,WIFI_DROP,
4.0888,8,STA,WIFI_DROP,
4.0888,14,STA,WIFI_DROP,
4.0912,8,STA,WIFI_DROP,
4.0912,14,STA,WIFI_DROP,
4.0936,8,STA,WIFI_DROP,
4.0936,14,STA,WIFI_DROP,
4.096,8,STA,WIFI_DROP,
4.096,14,STA,WIFI_DROP,
4.0984,8,STA,WIFI_DROP,
4.0984,14,STA,WIFI_DROP,
4.1008,8,STA,WIFI_DROP,
4.1008,20,STA,WIFI_DROP,
4.1032,8,STA,WIFI_DROP,
4.1032,20,STA,WIFI_DROP,
4.1056,8,STA,WIFI_DROP,
4.1056,20,STA,WIFI_DROP,
4.108,8,STA,WIFI_DROP,
4.108,20,STA,WIFI_DROP,
4.1104,8,STA,WIFI_DROP,
4.1104,20,STA,WIFI_DROP,
4.1128,8,STA,WIFI_DROP,
4.1128,20,STA,WIFI_DROP,
4.1152,8,STA,WIFI_DROP,
4.1152,20,STA,WIFI_DROP,
4.1176,8,STA,WIFI_DROP,
4.1176,20,STA,WIFI_DROP,
4.12,8,STA,WIFI_DROP,
4.12,20,STA,WIFI_DROP,
4.1224,8,STA,WIFI_DROP,
4.1224,20,STA,WIFI_DROP,
4.1248,8,STA,WIFI_DROP,
4.1248,20,STA,WIFI_DROP,
4.1272,8,STA,WIFI_DROP,
4.1272,20,STA,WIFI_DROP,
4.1296,8,STA,WIFI_DROP,
4.1296,20,STA,WIFI_DROP,
4.132,8,STA,WIFI_DROP,
4.132,20,STA,WIFI_DROP,
4.1344,8,STA,WIFI_DROP,
4.1344,20,STA,WIFI_DROP,
4.1368,8,STA,WIFI_DROP,
4.1368,20,STA,WIFI_DROP,
4.1392,8,STA,WIFI_DROP,
4.1392,20,STA,WIFI_DROP,
4.1416,8,STA,WIFI_DROP,
4.1416,20,STA,WIFI_DROP,
4.144,8,STA,WIFI_DROP,
4.144,20,STA,WIFI_DROP,
4.1464,8,STA,WIFI_DROP,
4.1464,20,STA,WIFI_DROP,
4.1488,8,STA,WIFI_DROP,
4.1488,20,STA,WIFI_DROP,
4.1512,8,STA,WIFI_DROP,
4.1512,20,STA,WIFI_DROP,
4.1536,8,STA,WIFI_DROP,
4.1536,20,STA,WIFI_DROP,
4.156,8,STA,WIFI_DROP,
4.156,20,STA,WIFI_DROP,
4.1584,8,STA,WIFI_DROP,
4.1584,20,STA,WIFI_DROP,
4.1608,8,STA,WIFI_DROP,
4.1608,20,STA,WIFI_DROP,
4.1632,8,STA,WIFI_DROP,
4.1632,20,STA,WIFI_DROP,
4.1656,8,STA,WIFI_DROP,
4.1656,20,STA,WIFI_DROP,
4.168,8,STA,WIFI_DROP,
4.168,20,STA,WIFI_DROP,
4.1704,8,STA,WIFI_DROP,
4.1704,20,STA,WIFI_DROP,
4.1728,8,STA,WIFI_DROP,
4.1728,20,STA,WIFI_DROP,
4.1752,8,STA,WIFI_DROP,
4.1752,20,STA,WIFI_DROP,
4.1776,8,STA,WIFI_DROP,
4.1776,20,STA,WIFI_DROP,
4.18,8,STA,WIFI_DROP,
4.18,20,STA,WIFI_DROP,
4.1824,8,STA,WIFI_DROP,
4.1824,20,STA,WIFI_DROP,
4.1848,8,STA,WIFI_DROP,
4.1848,20,STA,WIFI_DROP,
4.1872,8,STA,WIFI_DROP,
4.1872,20,STA,WIFI_DROP,
4.1896,8,STA,WIFI_DROP,
4.1896,20,STA,WIFI_DROP,
4.192,8,STA,WIFI_DROP,
4.192,20,STA,WIFI_DROP,
4.1944,8,STA,WIFI_DROP,
4.1944,20,STA,WIFI_DROP,
4.1968,8,STA,WIFI_DROP,
4.1968,20,STA,WIFI_DROP,
4.1992,8,STA,WIFI_DROP,
4.1992,20,STA,WIFI_DROP,
4.2016,3,STA,WIFI_DROP,
4.2016,8,STA,WIFI_DROP,
4.2016,20,STA,WIFI_DROP,
4.204,3,STA,WIFI_DROP,
4.204,8,STA,WIFI_DROP,
4.2064,3,STA,WIFI_DROP,
4.2064,8,STA,WIFI_DROP,
4.2088,3,STA,WIFI_DROP,
4.2088,8,STA,WIFI_DROP,
4.2112,3,STA,WIFI_DROP,
4.2112,8,STA,WIFI_DROP,
4.2136,3,STA,WIFI_DROP,
4.2136,8,STA,WIFI_DROP,
4.216,3,STA,WIFI_DROP,
4.216,8,STA,WIFI_DROP,
4.2184,3,STA,WIFI_DROP,
4.2184,8,STA,WIFI_DROP,
4.2208,3,STA,WIFI_DROP,
4.2208,8,STA,WIFI_DROP,
4.2232,3,STA,WIFI_DROP,
4.2232,8,STA,WIFI_DROP,
4.2256,3,STA,WIFI_DROP,
4.2256,8,STA,WIFI_DROP,
4.228,3,STA,WIFI_DROP,
4.228,8,STA,WIFI_DROP,
4.2304,3,STA,WIFI_DROP,
4.2304,8,STA,WIFI_DROP,
4.2328,3,STA,WIFI_DROP,
4.2328,8,STA,WIFI_DROP,
4.2352,3,STA,WIFI_DROP,
4.2352,8,STA,WIFI_DROP,
4.2376,3,STA,WIFI_DROP,
4.2376,8,STA,WIFI_DROP,
4.24,3,STA,WIFI_DROP,
4.24,8,STA,WIFI_DROP,
4.2424,3,STA,WIFI_DROP,
4.2448,3,STA,WIFI_DROP,
4.2472,3,STA,WIFI_DROP,
4.2496,3,STA,WIFI_DROP,
4.252,3,STA,WIFI_DROP,
4.2544,3,STA,WIFI_DROP,
4.2568,3,STA,WIFI_DROP,
4.2592,3,STA,WIFI_DROP,
4.2616,3,STA,WIFI_DROP,
4.264,3,STA,WIFI_DROP,
4.2664,3,STA,WIFI_DROP,
4.2688,3,STA,WIFI_DROP,
4.2712,3,STA,WIFI_DROP,
4.2736,3,STA,WIFI_DROP,
4.276,3,STA,WIFI_DROP,
4.2784,3,STA,WIFI_DROP,
4.2808,3,STA,WIFI_DROP,
4.2832,3,STA,WIFI_DROP,
4.2856,3,STA,WIFI_DROP,
4.288,3,STA,WIFI_DROP,
4.2904,3,STA,WIFI_DROP,
4.2928,3,STA,WIFI_DROP,
4.2952,3,STA,WIFI_DROP,
4.2976,3,STA,WIFI_DROP,
4.3,3,STA,WIFI_DROP,
4.3024,3,STA,WIFI_DROP,
4.3048,3,STA,WIFI_DROP,
5,2,STA,THROUGHPUT_MBPS,0.876000
5,3,STA,THROUGHPUT_MBPS,1.584000
5,4,STA,THROUGHPUT_MBPS,0.600000
5,5,STA,THROUGHPUT_MBPS,0.996000
5,8,STA,THROUGHPUT_MBPS,1.356000
5,9,STA,THROUGHPUT_MBPS,1.908000
5,10,STA,THROUGHPUT_MBPS,2.556000
5,13,STA,THROUGHPUT_MBPS,1.212000
5,14,STA,THROUGHPUT_MBPS,0.624000
5,15,STA,THROUGHPUT_MBPS,3.480000
5,19,STA,THROUGHPUT_MBPS,1.044000
5,1,AP,AGGREGATE_THROUGHPUT_MBPS,16.236000
5,1,AP,SENT_COUNT,8340.000000
5,1,AP,RECV_COUNT,1353.000000
5,1,AP,LATENCY_P95_MS,530.390566
5.6368,13,STA,WIFI_DROP,
5.6392,13,STA,WIFI_DROP,
5.6416,13,STA,WIFI_DROP,
5.644,13,STA,WIFI_DROP,
5.6464,13,STA,WIFI_DROP,
5.6488,13,STA,WIFI_DROP,
5.6512,13,STA,WIFI_DROP,
5.6536,13,STA,WIFI_DROP,
5.656,13,STA,WIFI_DROP,
5.6584,13,STA,WIFI_DROP,
5.6608,13,STA,WIFI_DROP,
5.6632,13,STA,WIFI_DROP,
5.6656,13,STA,WIFI_DROP,
5.668,13,STA,WIFI_DROP,
5.6704,13,STA,WIFI_DROP,
5.6728,13,STA,WIFI_DROP,
5.6752,13,STA,WIFI_DROP,
5.6776,13,STA,WIFI_DROP,
5.68,13,STA,WIFI_DROP,
5.6824,13,STA,WIFI_DROP,
5.6848,13,STA,WIFI_DROP,
5.6872,13,STA,WIFI_DROP,
5.6896,13,STA,WIFI_DROP,
5.692,13,STA,WIFI_DROP,
5.6944,13,STA,WIFI_DROP,
5.6968,13,STA,WIFI_DROP,
5.6992,13,STA,WIFI_DROP,
5.7016,13,STA,WIFI_DROP,
5.704,13,STA,WIFI_DROP,
5.7064,13,STA,WIFI_DROP,
5.7088,13,STA,WIFI_DROP,
5.7112,13,STA,WIFI_DROP,
5.7136,13,STA,WIFI_DROP,
5.716,13,STA,WIFI_DROP,
5.7184,13,STA,WIFI_DROP,
5.7208,13,STA,WIFI_DROP,
5.7232,13,STA,WIFI_DROP,
5.7256,13,STA,WIFI_DROP,
5.728,13,STA,WIFI_DROP,
5.7304,13,STA,WIFI_DROP,
5.7328,13,STA,WIFI_DROP,
5.7352,13,STA,WIFI_DROP,
5.7376,13,STA,WIFI_DROP,
5.7376,20,STA,WIFI_DROP,
5.74,13,STA,WIFI_DROP,
5.74,20,STA,WIFI_DROP,
5.7424,13,STA,WIFI_DROP,
5.7424,20,STA,WIFI_DROP,
5.7448,13,STA,WIFI_DROP,
5.7448,20,STA,WIFI_DROP,
5.7472,13,STA,WIFI_DROP,
5.7472,20,STA,WIFI_DROP,
5.7496,13,STA,WIFI_DROP,
5.7496,20,STA,WIFI_DROP,
5.752,13,STA,WIFI_DROP,
5.752,20,STA,WIFI_DROP,
5.7544,13,STA,WIFI_DROP,
5.7544,20,STA,WIFI_DROP,
5.7568,13,STA,WIFI_DROP,
5.7568,20,STA,WIFI_DROP,
5.7592,13,STA,WIFI_DROP,
5.7592,20,STA,WIFI_DROP,
5.7616,13,STA,WIFI_DROP,
5.7616,20,STA,WIFI_DROP,
5.764,13,STA,WIFI_DROP,
5.764,20,STA,WIFI_DROP,
5.7664,13,STA,WIFI_DROP,
5.7664,20,STA,WIFI_DROP,
5.7688,13,STA,WIFI_DROP,
5.7688,20,STA,WIFI_DROP,
5.7712,13,STA,WIFI_DROP,
5.7712,20,STA,WIFI_DROP,
5.7736,13,STA,WIFI_DROP,
5.7736,20,STA,WIFI_DROP,
5.776,13,STA,WIFI_DROP,
5.776,20,STA,WIFI_DROP,
5.7784,13,STA,WIFI_DROP,
5.7784,20,STA,WIFI_DROP,
5.7808,13,STA,WIFI_DROP,
5.7808,20,STA,WIFI_DROP,
5.7832,13,STA,WIFI_DROP,
5.7832,20,STA,WIFI_DROP,
5.7856,13,STA,WIFI_DROP,
5.7856,20,STA,WIFI_DROP,
5.788,13,STA,WIFI_DROP,
5.788,20,STA,WIFI_DROP,
5.7904,13,STA,WIFI_DROP,
5.7904,20,STA,WIFI_DROP,
5.7928,13,STA,WIFI_DROP,
5.7928,20,STA,WIFI_DROP,
5.7952,13,STA,WIFI_DROP,
5.7952,20,STA,WIFI_DROP,
5.7976,13,STA,WIFI_DROP,
5.7976,20,STA,WIFI_DROP,
5.8,13,STA,WIFI_DROP,
5.8,20,STA,WIFI_DROP,
5.8024,13,STA,WIFI_DROP,
5.8024,20,STA,WIFI_DROP,
5.8048,13,STA,WIFI_DROP,
5.8048,20,STA,WIFI_DROP,
5.8072,13,STA,WIFI_DROP,
5.8072,20,STA,WIFI_DROP,
5.8096,13,STA,WIFI_DROP,
5.8096,20,STA,WIFI_DROP,
5.812,13,STA,WIFI_DROP,
5.812,20,STA,WIFI_DROP,
5.8144,13,STA,WIFI_DROP,
5.8144,20,STA,WIFI_DROP,
5.8168,13,STA,WIFI_DROP,
5.8168,20,STA,WIFI_DROP,
5.8192,13,STA,WIFI_DROP,
5.8192,20,STA,WIFI_DROP,
5.8216,13,STA,WIFI_DROP,
5.8216,20,STA,WIFI_DROP,
5.824,13,STA,WIFI_DROP,
5.824,20,STA,WIFI_DROP,
5.8264,13,STA,WIFI_DROP,
5.8264,20,STA,WIFI_DROP,
5.8288,13,STA,WIFI_DROP,
5.8288,20,STA,WIFI_DROP,
5.8312,13,STA,WIFI_DROP,
5.8312,20,STA,WIFI_DROP,
5.8336,13,STA,WIFI_DROP,
5.8336,20,STA,WIFI_DROP,
5.836,13,STA,WIFI_DROP,
5.836,20,STA,WIFI_DROP,
5.8384,13,STA,WIFI_DROP,
5.8384,20,STA,WIFI_DROP,
5.8408,13,STA,WIFI_DROP,
5.8408,20,STA,WIFI_DROP,
5.8432,13,STA,WIFI_DROP,
5.8456,13,STA,WIFI_DROP,
5.848,13,STA,WIFI_DROP,
5.8504,13,STA,WIFI_DROP,
5.8528,13,STA,WIFI_DROP,
5.8552,13,STA,WIFI_DROP,
5.8576,13,STA,WIFI_DROP,
5.86,13,STA,WIFI_DROP,
5.8624,13,STA,WIFI_DROP,
5.8648,13,STA,WIFI_DROP,
5.8672,13,STA,WIFI_DROP,
5.8696,13,STA,WIFI_DROP,
5.872,13,STA,WIFI_DROP,
5.8744,13,STA,WIFI_DROP,
5.8768,13,STA,WIFI_DROP,
5.8792,13,STA,WIFI_DROP,
5.8816,13,STA,WIFI_DROP,
5.884,13,STA,WIFI_DROP,
5.8864,13,STA,WIFI_DROP,
5.8888,13,STA,WIFI_DROP,
5.8912,13,STA,WIFI_DROP,
5.8936,13,STA,WIFI_DROP,
5.896,13,STA,WIFI_DROP,
5.8984,13,STA,WIFI_DROP,
5.9008,13,STA,WIFI_DROP,
5.9032,13,STA,WIFI_DROP,
5.9056,13,STA,WIFI_DROP,
5.908,13,STA,WIFI_DROP,
5.9104,13,STA,WIFI_DROP,
5.9128,13,STA,WIFI_DROP,
5.9152,13,STA,WIFI_DROP,
5.9176,13,STA,WIFI_DROP,
5.92,13,STA,WIFI_DROP,
5.9224,13,STA,WIFI_DROP,
5.9248,13,STA,WIFI_DROP,
5.9272,13,STA,WIFI_DROP,
5.9296,13,STA,WIFI_DROP,
5.932,13,STA,WIFI_DROP,
5.9344,13,STA,WIFI_DROP,
5.9368,13,STA,WIFI_DROP,
5.9392,13,STA,WIFI_DROP,
5.9416,13,STA,WIFI_DROP,
5.944,8,STA,WIFI_DROP,
5.944,13,STA,WIFI_DROP,
5.944,19,STA,WIFI_DROP,
5.9464,8,STA,WIFI_DROP,
5.9464,13,STA,WIFI_DROP,
5.9464,19,STA,WIFI_DROP,
5.9488,8,STA,WIFI_DROP,
5.9488,13,STA,WIFI_DROP,
5.9488,19,STA,WIFI_DROP,
5.9512,8,STA,WIFI_DROP,
5.9512,13,STA,WIFI_DROP,
5.9512,19,STA,WIFI_DROP,
5.9536,8,STA,WIFI_DROP,
5.9536,13,STA,WIFI_DROP,
5.9536,19,STA,WIFI_DROP,
5.956,8,STA,WIFI_DROP,
5.956,13,STA,WIFI_DROP,
5.956,19,STA,WIFI_DROP,
5.9584,8,STA,WIFI_DROP,
5.9584,13,STA,WIFI_DROP,
5.9584,19,STA,WIFI_DROP,
5.9608,8,STA,WIFI_DROP,
5.9608,13,STA,WIFI_DROP,
5.9608,19,STA,WIFI_DROP,
5.9632,8,STA,WIFI_DROP,
5.9632,13,STA,WIFI_DROP,
5.9632,19,STA,WIFI_DROP,
5.9656,8,STA,WIFI_DROP,
5.9656,13,STA,WIFI_DROP,
5.9656,19,STA,WIFI_DROP,
5.968,8,STA,WIFI_DROP,
5.968,13,STA,WIFI_DROP,
5.968,19,STA,WIFI_DROP,
5.9704,8,STA,WIFI_DROP,
5.9704,13,STA,WIFI_DROP,
5.9704,19,STA,WIFI_DROP,
5.9728,8,STA,WIFI_DROP,
5.9728,13,STA,WIFI_DROP,
5.9728,19,STA,WIFI_DROP,
5.9752,8,STA,WIFI_DROP,
5.9752,13,STA,WIFI_DROP,
5.9752,19,STA,WIFI_DROP,
5.9776,8,STA,WIFI_DROP,
5.9776,13,STA,WIFI_DROP,
5.9776,19,STA,WIFI_DROP,
5.98,8,STA,WIFI_DROP,
5.98,13,STA,WIFI_DROP,
5.98,19,STA,WIFI_DROP,
5.9824,8,STA,WIFI_DROP,
5.9824,13,STA,WIFI_DROP,
5.9824,19,STA,WIFI_DROP,
5.9848,8,STA,WIFI_DROP,
5.9848,13,STA,WIFI_DROP,
5.9848,19,STA,WIFI_DROP,
5.9872,8,STA,WIFI_DROP,
5.9872,13,STA,WIFI_DROP,
5.9872,19,STA,WIFI_DROP,
5.9896,8,STA,WIFI_DROP,
5.9896,13,STA,WIFI_DROP,
5.9896,19,STA,WIFI_DROP,
5.992,8,STA,WIFI_DROP,
5.992,13,STA,WIFI_DROP,
5.992,19,STA,WIFI_DROP,
5.9944,8,STA,WIFI_DROP,
5.9944,13,STA,WIFI_DROP,
5.9944,19,STA,WIFI_DROP,
5.9968,8,STA,WIFI_DROP,
5.9968,13,STA,WIFI_DROP,
5.9968,19,STA,WIFI_DROP,
5.9992,8,STA,WIFI_DROP,
5.9992,13,STA,WIFI_DROP,
5.9992,19,STA,WIFI_DROP,
6,2,STA,THROUGHPUT_MBPS,0.300000
6,3,STA,THROUGHPUT_MBPS,2.388000
6,4,STA,THROUGHPUT_MBPS,3.300000
6,5,STA,THROUGHPUT_MBPS,1.632000
6,8,STA,THROUGHPUT_MBPS,1.656000
6,9,STA,THROUGHPUT_MBPS,1.908000
6,10,STA,THROUGHPUT_MBPS,2.544000
6,13,STA,THROUGHPUT_MBPS,0.780000
6,14,STA,THROUGHPUT_MBPS,3.612000
6,15,STA,THROUGHPUT_MBPS,1.224000
6,19,STA,THROUGHPUT_MBPS,2.928000
6,20,STA,THROUGHPUT_MBPS,0.324000
6,1,AP,AGGREGATE_THROUGHPUT_MBPS,22.596000
6,1,AP,SENT_COUNT,8340.000000
6,1,AP,RECV_COUNT,1883.000000
6,1,AP,LATENCY_P95_MS,543.066934
6.0016,8,STA,WIFI_DROP,
6.0016,13,STA,WIFI_DROP,
6.0016,19,STA,WIFI_DROP,
6.004,8,STA,WIFI_DROP,
6.004,13,STA,WIFI_DROP,
6.004,19,STA,WIFI_DROP,
6.0064,8,STA,WIFI_DROP,
6.0064,13,STA,WIFI_DROP,
6.0064,19,STA,WIFI_DROP,
6.0088,8,STA,WIFI_DROP,
6.0088,13,STA,WIFI_DROP,
6.0088,19,STA,WIFI_DROP,
6.0112,8,STA,WIFI_DROP,
6.0112,13,STA,WIFI_DROP,
6.0112,19,STA,WIFI_DROP,
6.0136,8,STA,WIFI_DROP,
6.0136,13,STA,WIFI_DROP,
6.0136,19,STA,WIFI_DROP,
6.016,8,STA,WIFI_DROP,
6.016,13,STA,WIFI_DROP,
6.016,19,STA,WIFI_DROP,
6.0184,8,STA,WIFI_DROP,
6.0184,13,STA,WIFI_DROP,
6.0184,19,STA,WIFI_DROP,
6.0208,8,STA,WIFI_DROP,
6.0208,13,STA,WIFI_DROP,
6.0208,19,STA,WIFI_DROP,
6.0232,8,STA,WIFI_DROP,
6.0232,13,STA,WIFI_DROP,
6.0232,19,STA,WIFI_DROP,
6.0256,8,STA,WIFI_DROP,
6.0256,13,STA,WIFI_DROP,
6.0256,19,STA,WIFI_DROP,
6.028,8,STA,WIFI_DROP,
6.028,13,STA,WIFI_DROP,
6.028,19,STA,WIFI_DROP,
6.0304,8,STA,WIFI_DROP,
6.0304,13,STA,WIFI_DROP,
6.0304,19,STA,WIFI_DROP,
6.0328,8,STA,WIFI_DROP,
6.0328,13,STA,WIFI_DROP,
6.0328,19,STA,WIFI_DROP,
6.0352,8,STA,WIFI_DROP,
6.0352,13,STA,WIFI_DROP,
6.0352,19,STA,WIFI_DROP,
6.0376,8,STA,WIFI_DROP,
6.0376,13,STA,WIFI_DROP,
6.0376,19,STA,WIFI_DROP,
6.04,8,STA,WIFI_DROP,
6.04,13,STA,WIFI_DROP,
6.04,19,STA,WIFI_DROP,
6.0424,8,STA,WIFI_DROP,
6.0424,13,STA,WIFI_DROP,
6.0424,19,STA,WIFI_DROP,
6.0448,8,STA,WIFI_DROP,
6.0448,13,STA,WIFI_DROP,
6.0448,19,STA,WIFI_DROP,
6.0472,8,STA,WIFI_DROP,
6.0472,13,STA,WIFI_DROP,
6.0472,19,STA,WIFI_DROP,
6.0496,8,STA,WIFI_DROP,
6.0496,13,STA,WIFI_DROP,
6.0496,19,STA,WIFI_DROP,
6.052,8,STA,WIFI_DROP,
6.052,13,STA,WIFI_DROP,
6.052,19,STA,WIFI_DROP,
6.0544,8,STA,WIFI_DROP,
6.0544,13,STA,WIFI_DROP,
6.0544,19,STA,WIFI_DROP,
6.0568,8,STA,WIFI_DROP,
6.0568,13,STA,WIFI_DROP,
6.0568,19,STA,WIFI_DROP,
6.0592,8,STA,WIFI_DROP,
6.0592,13,STA,WIFI_DROP,
6.0592,19,STA,WIFI_DROP,
6.0616,8,STA,WIFI_DROP,
6.0616,13,STA,WIFI_DROP,
6.0616,19,STA,WIFI_DROP,
6.064,8,STA,WIFI_DROP,
6.064,13,STA,WIFI_DROP,
6.064,19,STA,WIFI_DROP,
6.0664,8,STA,WIFI_DROP,
6.0664,13,STA,WIFI_DROP,
6.0664,19,STA,WIFI_DROP,
6.0688,8,STA,WIFI_DROP,
6.0688,13,STA,WIFI_DROP,
6.0688,19,STA,WIFI_DROP,
6.0712,8,STA,WIFI_DROP,
6.0712,13,STA,WIFI_DROP,
6.0712,19,STA,WIFI_DROP,
6.0736,8,STA,WIFI_DROP,
6.0736,13,STA,WIFI_DROP,
6.0736,19,STA,WIFI_DROP,
6.076,8,STA,WIFI_DROP,
6.076,13,STA,WIFI_DROP,
6.076,19,STA,WIFI_DROP,
6.0784,8,STA,WIFI_DROP,
6.0784,13,STA,WIFI_DROP,
6.0784,19,STA,WIFI_DROP,
6.0808,8,STA,WIFI_DROP,
6.0808,13,STA,WIFI_DROP,
6.0808,19,STA,WIFI_DROP,
6.0832,8,STA,WIFI_DROP,
6.0832,13,STA,WIFI_DROP,
6.0832,19,STA,WIFI_DROP,
6.0856,8,STA,WIFI_DROP,
6.0856,13,STA,WIFI_DROP,
6.0856,19,STA,WIFI_DROP,
6.088,8,STA,WIFI_DROP,
6.088,13,STA,WIFI_DROP,
6.088,19,STA,WIFI_DROP,
6.0904,8,STA,WIFI_DROP,
6.0904,13,STA,WIFI_DROP,
6.0904,19,STA,WIFI_DROP,
6.0928,8,STA,WIFI_DROP,
6.0928,13,STA,WIFI_DROP,
6.0928,19,STA,WIFI_DROP,
6.0952,8,STA,WIFI_DROP,
6.0952,13,STA,WIFI_DROP,
6.0952,19,STA,WIFI_DROP,
6.0976,8,STA,WIFI_DROP,
6.0976,13,STA,WIFI_DROP,
6.0976,19,STA,WIFI_DROP,
6.1,8,STA,WIFI_DROP,
6.1,13,STA,WIFI_DROP,
6.1,19,STA,WIFI_DROP,
6.1024,8,STA,WIFI_DROP,
6.1024,13,STA,WIFI_DROP,
6.1024,19,STA,WIFI_DROP,
6.1048,8,STA,WIFI_DROP,
6.1048,13,STA,WIFI_DROP,
6.1048,19,STA,WIFI_DROP,
6.1072,8,STA,WIFI_DROP,
6.1072,13,STA,WIFI_DROP,
6.1072,19,STA,WIFI_DROP,
6.1096,8,STA,WIFI_DROP,
6.1096,13,STA,WIFI_DROP,
6.1096,19,STA,WIFI_DROP,
6.112,8,STA,WIFI_DROP,
6.112,13,STA,WIFI_DROP,
6.112,19,STA,WIFI_DROP,
6.1144,8,STA,WIFI_DROP,
6.1144,13,STA,WIFI_DROP,
6.1144,19,STA,WIFI_DROP,
6.1168,8,STA,WIFI_DROP,
6.1168,13,STA,WIFI_DROP,
6.1168,19,STA,WIFI_DROP,
6.1192,8,STA,WIFI_DROP,
6.1192,13,STA,WIFI_DROP,
6.1192,19,STA,WIFI_DROP,
6.1216,8,STA,WIFI_DROP,
6.1216,13,STA,WIFI_DROP,
6.1216,19,STA,WIFI_DROP,
6.124,8,STA,WIFI_DROP,
6.124,13,STA,WIFI_DROP,
6.124,19,STA,WIFI_DROP,
6.1264,8,STA,WIFI_DROP,
6.1264,13,STA,WIFI_DROP,
6.1264,19,STA,WIFI_DROP,
6.1288,8,STA,WIFI_DROP,
6.1288,13,STA,WIFI_DROP,
6.1288,19,STA,WIFI_DROP,
6.1312,8,STA,WIFI_DROP,
6.1312,13,STA,WIFI_DROP,
6.1312,19,STA,WIFI_DROP,
6.1336,8,STA,WIFI_DROP,
6.1336,13,STA,WIFI_DROP,
6.1336,19,STA,WIFI_DROP,
6.136,8,STA,WIFI_DROP,
6.136,13,STA,WIFI_DROP,
6.136,19,STA,WIFI_DROP,
6.1384,8,STA,WIFI_DROP,
6.1384,13,STA,WIFI_DROP,
6.1384,19,STA,WIFI_DROP,
6.1408,8,STA,WIFI_DROP,
6.1408,13,STA,WIFI_DROP,
6.1408,19,STA,WIFI_DROP,
6.1432,8,STA,WIFI_DROP,
6.1432,13,STA,WIFI_DROP,
6.1432,19,STA,WIFI_DROP,
6.1456,8,STA,WIFI_DROP,
6.1456,13,STA,WIFI_DROP,
6.1456,19,STA,WIFI_DROP,
6.148,8,STA,WIFI_DROP,
6.148,13,STA,WIFI_DROP,
6.148,19,STA,WIFI_DROP,
6.1504,8,STA,WIFI_DROP,
6.1504,13,STA,WIFI_DROP,
6.1504,19,STA,WIFI_DROP,
6.1528,8,STA,WIFI_DROP,
6.1528,13,STA,WIFI_DROP,
6.1528,19,STA,WIFI_DROP,
6.1552,8,STA,WIFI_DROP,
6.1552,13,STA,WIFI_DROP,
6.1552,19,STA,WIFI_DROP,
6.1576,8,STA,WIFI_DROP,
6.1576,13,STA,WIFI_DROP,
6.1576,19,STA,WIFI_DROP,
6.16,8,STA,WIFI_DROP,
6.16,13,STA,WIFI_DROP,
6.16,19,STA,WIFI_DROP,
6.1624,8,STA,WIFI_DROP,
6.1624,13,STA,WIFI_DROP,
6.1624,19,STA,WIFI_DROP,
6.1648,8,STA,WIFI_DROP,
6.1648,13,STA,WIFI_DROP,
6.1648,19,STA,WIFI_DROP,
6.1672,8,STA,WIFI_DROP,
6.1672,13,STA,WIFI_DROP,
6.1672,19,STA,WIFI_DROP,
6.1696,8,STA,WIFI_DROP,
6.1696,13,STA,WIFI_DROP,
6.1696,19,STA,WIFI_DROP,
6.172,8,STA,WIFI_DROP,
6.172,13,STA,WIFI_DROP,
6.172,19,STA,WIFI_DROP,
6.1744,8,STA,WIFI_DROP,
6.1744,13,STA,WIFI_DROP,
6.1744,19,STA,WIFI_DROP,
6.1768,8,STA,WIFI_DROP,
6.1768,13,STA,WIFI_DROP,
6.1768,19,STA,WIFI_DROP,
6.1792,8,STA,WIFI_DROP,
6.1792,13,STA,WIFI_DROP,
6.1792,19,STA,WIFI_DROP,
6.1816,8,STA,WIFI_DROP,
6.1816,13,STA,WIFI_DROP,
6.1816,19,STA,WIFI_DROP,
6.184,8,STA,WIFI_DROP,
6.184,13,STA,WIFI_DROP,
6.184,19,STA,WIFI_DROP,
6.1864,8,STA,WIFI_DROP,
6.1864,13,STA,WIFI_DROP,
6.1864,19,STA,WIFI_DROP,
6.1888,8,STA,WIFI_DROP,
6.1888,13,STA,WIFI_DROP,
6.1888,19,STA,WIFI_DROP,
6.1912,8,STA,WIFI_DROP,
6.1912,13,STA,WIFI_DROP,
6.1912,19,STA,WIFI_DROP,
6.1936,8,STA,WIFI_DROP,
6.1936,13,STA,WIFI_DROP,
6.1936,19,STA,WIFI_DROP,
6.196,8,STA,WIFI_DROP,
6.196,13,STA,WIFI_DROP,
6.196,19,STA,WIFI_DROP,
6.1984,8,STA,WIFI_DROP,
6.1984,13,STA,WIFI_DROP,
6.1984,19,STA,WIFI_DROP,
6.2008,8,STA,WIFI_DROP,
6.2008,13,STA,WIFI_DROP,
6.2008,19,STA,WIFI_DROP,
6.2032,8,STA,WIFI_DROP,
6.2032,13,STA,WIFI_DROP,
6.2032,19,STA,WIFI_DROP,
6.2056,8,STA,WIFI_DROP,
6.2056,13,STA,WIFI_DROP,
6.2056,19,STA,WIFI_DROP,
6.208,8,STA,WIFI_DROP,
6.208,13,STA,WIFI_DROP,
6.208,19,STA,WIFI_DROP,
6.2104,8,STA,WIFI_DROP,
6.2104,13,STA,WIFI_DROP,
6.2104,19,STA,WIFI_DROP,
6.2128,8,STA,WIFI_DROP,
6.2128,13,STA,WIFI_DROP,
6.2128,19,STA,WIFI_DROP,
6.2152,8,STA,WIFI_DROP,
6.2152,13,STA,WIFI_DROP,
6.2152,19,STA,WIFI_DROP,
6.2176,8,STA,WIFI_DROP,
6.2176,13,STA,WIFI_DROP,
6.2176,19,STA,WIFI_DROP,
6.22,8,STA,WIFI_DROP,
6.22,13,STA,WIFI_DROP,
6.22,19,STA,WIFI_DROP,
6.2224,8,STA,WIFI_DROP,
6.2224,13,STA,WIFI_DROP,
6.2224,19,STA,WIFI_DROP,
6.2248,8,STA,WIFI_DROP,
6.2248,13,STA,WIFI_DROP,
6.2248,19,STA,WIFI_DROP,
6.2272,8,STA,WIFI_DROP,
6.2272,13,STA,WIFI_DROP,
6.2272,19,STA,WIFI_DROP,
6.2296,8,STA,WIFI_DROP,
6.2296,13,STA,WIFI_DROP,
6.2296,19,STA,WIFI_DROP,
6.232,8,STA,WIFI_DROP,
6.232,13,STA,WIFI_DROP,
6.232,19,STA,WIFI_DROP,
6.2344,8,STA,WIFI_DROP,
6.2344,13,STA,WIFI_DROP,
6.2344,19,STA,WIFI_DROP,
6.2368,8,STA,WIFI_DROP,
6.2368,13,STA,WIFI_DROP,
6.2368,19,STA,WIFI_DROP,
6.2392,8,STA,WIFI_DROP,
6.2392,13,STA,WIFI_DROP,
6.2392,19,STA,WIFI_DROP,
6.2416,8,STA,WIFI_DROP,
6.2416,13,STA,WIFI_DROP,
6.2416,19,STA,WIFI_DROP,
6.244,8,STA,WIFI_DROP,
6.244,13,STA,WIFI_DROP,
6.244,19,STA,WIFI_DROP,
6.2464,8,STA,WIFI_DROP,
6.2464,13,STA,WIFI_DROP,
6.2464,19,STA,WIFI_DROP,
6.2488,8,STA,WIFI_DROP,
6.2488,13,STA,WIFI_DROP,
6.2488,19,STA,WIFI_DROP,
6.2512,8,STA,WIFI_DROP,
6.2512,13,STA,WIFI_DROP,
6.2512,18,STA,WIFI_DROP,
6.2512,19,STA,WIFI_DROP,
6.2536,8,STA,WIFI_DROP,
6.2536,13,STA,WIFI_DROP,
6.2536,18,STA,WIFI_DROP,
6.2536,19,STA,WIFI_DROP,
6.256,8,STA,WIFI_DROP,
6.256,13,STA,WIFI_DROP,
6.256,18,STA,WIFI_DROP,
6.256,19,STA,WIFI_DROP,
6.2584,8,STA,WIFI_DROP,
6.2584,13,STA,WIFI_DROP,
6.2584,18,STA,WIFI_DROP,
6.2584,19,STA,WIFI_DROP,
6.2608,8,STA,WIFI_DROP,
6.2608,13,STA,WIFI_DROP,
6.2608,18,STA,WIFI_DROP,
6.2608,19,STA,WIFI_DROP,
6.2632,8,STA,WIFI_DROP,
6.2632,13,STA,WIFI_DROP,
6.2632,18,STA,WIFI_DROP,
6.2632,19,STA,WIFI_DROP,
6.2656,8,STA,WIFI_DROP,
6.2656,13,STA,WIFI_DROP,
6.2656,18,STA,WIFI_DROP,
6.2656,19,STA,WIFI_DROP,
6.268,8,STA,WIFI_DROP,
6.268,13,STA,WIFI_DROP,
6.268,18,STA,WIFI_DROP,
6.268,19,STA,WIFI_DROP,
6.2704,8,STA,WIFI_DROP,
6.2704,13,STA,WIFI_DROP,
6.2704,18,STA,WIFI_DROP,
6.2704,19,STA,WIFI_DROP,
6.2728,8,STA,WIFI_DROP,
6.2728,13,STA,WIFI_DROP,
6.2728,18,STA,WIFI_DROP,
6.2728,19,STA,WIFI_DROP,
6.2752,8,STA,WIFI_DROP,
6.2752,13,STA,WIFI_DROP,
6.2752,18,STA,WIFI_DROP,
6.2752,19,STA,WIFI_DROP,
6.2776,8,STA,WIFI_DROP,
6.2776,13,STA,WIFI_DROP,
6.2776,18,STA,WIFI_DROP,
6.2776,19,STA,WIFI_DROP,
6.28,8,STA,WIFI_DROP,
6.28,13,STA,WIFI_DROP,
6.28,18,STA,WIFI_DROP,
6.28,19,STA,WIFI_DROP,
6.2824,8,STA,WIFI_DROP,
6.2824,13,STA,WIFI_DROP,
6.2824,18,STA,WIFI_DROP,
6.2824,19,STA,WIFI_DROP,
6.2848,8,STA,WIFI_DROP,
6.2848,13,STA,WIFI_DROP,
6.2848,18,STA,WIFI_DROP,
6.2848,19,STA,WIFI_DROP,
6.2872,8,STA,WIFI_DROP,
6.2872,13,STA,WIFI_DROP,
6.2872,18,STA,WIFI_DROP,
6.2872,19,STA,WIFI_DROP,
6.2896,8,STA,WIFI_DROP,
6.2896,18,STA,WIFI_DROP,
6.2896,19,STA,WIFI_DROP,
6.292,8,STA,WIFI_DROP,
6.292,18,STA,WIFI_DROP,
6.292,19,STA,WIFI_DROP,
6.2944,8,STA,WIFI_DROP,
6.2944,18,STA,WIFI_DROP,
6.2944,19,STA,WIFI_DROP,
6.2968,18,STA,WIFI_DROP,
6.2968,19,STA,WIFI_DROP,
6.2992,18,STA,WIFI_DROP,
6.2992,19,STA,WIFI_DROP,
6.3016,18,STA,WIFI_DROP,
6.3016,19,STA,WIFI_DROP,
6.304,18,STA,WIFI_DROP,
6.304,19,STA,WIFI_DROP,
6.3064,18,STA,WIFI_DROP,
6.3064,19,STA,WIFI_DROP,
6.3088,18,STA,WIFI_DROP,
6.3088,19,STA,WIFI_DROP,
6.3112,18,STA,WIFI_DROP,
6.3112,19,STA,WIFI_DROP,
6.3136,18,STA,WIFI_DROP,
6.3136,19,STA,WIFI_DROP,
6.316,18,STA,WIFI_DROP,
6.316,19,STA,WIFI_DROP,
6.3184,18,STA,WIFI_DROP,
6.3184,19,STA,WIFI_DROP,
6.3208,18,STA,WIFI_DROP,
6.3208,19,STA,WIFI_DROP,
6.3232,18,STA,WIFI_DROP,
6.3232,19,STA,WIFI_DROP,
6.3256,18,STA,WIFI_DROP,
6.3256,19,STA,WIFI_DROP,
6.328,18,STA,WIFI_DROP,
6.328,19,STA,WIFI_DROP,
6.3304,18,STA,WIFI_DROP,
6.3304,19,STA,WIFI_DROP,
6.3328,18,STA,WIFI_DROP,
6.3328,19,STA,WIFI_DROP,
6.3352,18,STA,WIFI_DROP,
6.3352,19,STA,WIFI_DROP,
6.3376,18,STA,WIFI_DROP,
6.3376,19,STA,WIFI_DROP,
6.34,18,STA,WIFI_DROP,
6.34,19,STA,WIFI_DROP,
6.3424,18,STA,WIFI_DROP,
6.3424,19,STA,WIFI_DROP,
6.3448,18,STA,WIFI_DROP,
6.3448,19,STA,WIFI_DROP,
6.3472,18,STA,WIFI_DROP,
6.3472,19,STA,WIFI_DROP,
6.3496,18,STA,WIFI_DROP,
6.3496,19,STA,WIFI_DROP,
6.352,18,STA,WIFI_DROP,
6.352,19,STA,WIFI_DROP,
6.3544,18,STA,WIFI_DROP,
6.3544,19,STA,WIFI_DROP,
6.3568,18,STA,WIFI_DROP,
6.3568,19,STA,WIFI_DROP,
6.3592,18,STA,WIFI_DROP,
6.3592,19,STA,WIFI_DROP,
6.3616,18,STA,WIFI_DROP,
6.3616,19,STA,WIFI_DROP,
6.364,18,STA,WIFI_DROP,
6.364,19,STA,WIFI_DROP,
6.3664,18,STA,WIFI_DROP,
6.3664,19,STA,WIFI_DROP,
6.3688,18,STA,WIFI_DROP,
6.3688,19,STA,WIFI_DROP,
6.3712,18,STA,WIFI_DROP,
6.3712,19,STA,WIFI_DROP,
6.3736,18,STA,WIFI_DROP,
6.3736,19,STA,WIFI_DROP,
6.376,18,STA,WIFI_DROP,
6.376,19,STA,WIFI_DROP,
6.3784,18,STA,WIFI_DROP,
6.3784,19,STA,WIFI_DROP,
6.3808,18,STA,WIFI_DROP,
6.3808,19,STA,WIFI_DROP,
6.3832,18,STA,WIFI_DROP,
6.3832,19,STA,WIFI_DROP,
6.3856,18,STA,WIFI_DROP,
6.3856,19,STA,WIFI_DROP,
6.388,18,STA,WIFI_DROP,
6.388,19,STA,WIFI_DROP,
6.3904,18,STA,WIFI_DROP,
6.3904,19,STA,WIFI_DROP,
6.3928,18,STA,WIFI_DROP,
6.3928,19,STA,WIFI_DROP,
6.3952,18,STA,WIFI_DROP,
6.3952,19,STA,WIFI_DROP,
6.3976,18,STA,WIFI_DROP,
6.3976,19,STA,WIFI_DROP,
6.4,18,STA,WIFI_DROP,
6.4,19,STA,WIFI_DROP,
6.4024,18,STA,WIFI_DROP,
6.4024,19,STA,WIFI_DROP,
6.4048,19,STA,WIFI_DROP,
6.4072,19,STA,WIFI_DROP,
6.4096,19,STA,WIFI_DROP,
6.412,19,STA,WIFI_DROP,
6.4144,19,STA,WIFI_DROP,
6.4168,19,STA,WIFI_DROP,
6.4192,19,STA,WIFI_DROP,
6.4216,19,STA,WIFI_DROP,
6.424,19,STA,WIFI_DROP,
6.4264,19,STA,WIFI_DROP,
6.4288,19,STA,WIFI_DROP,
6.4312,19,STA,WIFI_DROP,
6.4336,19,STA,WIFI_DROP,
6.436,19,STA,WIFI_DROP,
6.4384,19,STA,WIFI_DROP,
6.4408,19,STA,WIFI_DROP,
6.4432,19,STA,WIFI_DROP,
6.4456,19,STA,WIFI_DROP,
6.448,19,STA,WIFI_DROP,
6.4504,19,STA,WIFI_DROP,
6.4528,19,STA,WIFI_DROP,
6.4552,19,STA,WIFI_DROP,
6.4576,19,STA,WIFI_DROP,
6.46,19,STA,WIFI_DROP,
6.4624,19,STA,WIFI_DROP,
6.4648,19,STA,WIFI_DROP,
6.4672,19,STA,WIFI_DROP,
6.4696,19,STA,WIFI_DROP,
6.472,19,STA,WIFI_DROP,
6.4744,19,STA,WIFI_DROP,
6.4768,19,STA,WIFI_DROP,
6.4792,19,STA,WIFI_DROP,
6.4816,19,STA,WIFI_DROP,
6.484,19,STA,WIFI_DROP,
6.4864,19,STA,WIFI_DROP,
6.4888,19,STA,WIFI_DROP,
6.4912,19,STA,WIFI_DROP,
6.4936,19,STA,WIFI_DROP,
6.496,19,STA,WIFI_DROP,
6.4984,19,STA,WIFI_DROP,
6.5008,19,STA,WIFI_DROP,
6.5032,19,STA,WIFI_DROP,
6.5056,19,STA,WIFI_DROP,
6.508,19,STA,WIFI_DROP,
6.5104,19,STA,WIFI_DROP,
6.5128,19,STA,WIFI_DROP,
6.5152,19,STA,WIFI_DROP,
6.5176,19,STA,WIFI_DROP,
6.52,19,STA,WIFI_DROP,
6.5224,19,STA,WIFI_DROP,
6.5248,19,STA,WIFI_DROP,
6.5272,19,STA,WIFI_DROP,
6.5296,19,STA,WIFI_DROP,
6.532,19,STA,WIFI_DROP,
6.5344,19,STA,WIFI_DROP,
6.5368,19,STA,WIFI_DROP,
6.5392,19,STA,WIFI_DROP,
6.5416,19,STA,WIFI_DROP,
6.544,19,STA,WIFI_DROP,
6.5464,19,STA,WIFI_DROP,
6.5488,19,STA,WIFI_DROP,
6.5512,19,STA,WIFI_DROP,
6.5536,19,STA,WIFI_DROP,
6.556,19,STA,WIFI_DROP,
6.5584,19,STA,WIFI_DROP,
6.5608,19,STA,WIFI_DROP,
6.5632,19,STA,WIFI_DROP,
6.5656,19,STA,WIFI_DROP,
6.568,19,STA,WIFI_DROP,
6.5704,19,STA,WIFI_DROP,
6.5728,19,STA,WIFI_DROP,
6.5752,19,STA,WIFI_DROP,
6.5776,19,STA,WIFI_DROP,
6.58,19,STA,WIFI_DROP,
6.5824,19,STA,WIFI_DROP,
6.5848,19,STA,WIFI_DROP,
6.5872,19,STA,WIFI_DROP,
6.5896,19,STA,WIFI_DROP,
6.592,19,STA,WIFI_DROP,
6.5944,19,STA,WIFI_DROP,
6.5968,19,STA,WIFI_DROP,
6.5992,19,STA,WIFI_DROP,
6.6016,19,STA,WIFI_DROP,
6.604,19,STA,WIFI_DROP,
6.6064,19,STA,WIFI_DROP,
6.6088,19,STA,WIFI_DROP,
6.6112,19,STA,WIFI_DROP,
6.6136,19,STA,WIFI_DROP,
6.616,19,STA,WIFI_DROP,
6.6184,19,STA,WIFI_DROP,
6.6208,19,STA,WIFI_DROP,
6.6232,19,STA,WIFI_DROP,
6.6256,19,STA,WIFI_DROP,
6.628,19,STA,WIFI_DROP,
6.6304,19,STA,WIFI_DROP,
6.6328,19,STA,WIFI_DROP,
6.6352,19,STA,WIFI_DROP,
6.6376,19,STA,WIFI_DROP,
6.64,19,STA,WIFI_DROP,
6.6424,19,STA,WIFI_DROP,
6.6448,19,STA,WIFI_DROP,
6.6472,19,STA,WIFI_DROP,
6.6496,19,STA,WIFI_DROP,
6.652,19,STA,WIFI_DROP,
6.6544,19,STA,WIFI_DROP,
6.6568,19,STA,WIFI_DROP,
6.6592,19,STA,WIFI_DROP,
6.6616,19,STA,WIFI_DROP,
6.664,19,STA,WIFI_DROP,
6.6664,19,STA,WIFI_DROP,
6.6688,19,STA,WIFI_DROP,
6.6712,19,STA,WIFI_DROP,
6.6736,19,STA,WIFI_DROP,
6.676,19,STA,WIFI_DROP,
6.6784,19,STA,WIFI_DROP,
6.6808,19,STA,WIFI_DROP,
6.6832,19,STA,WIFI_DROP,
6.6856,19,STA,WIFI_DROP,
6.688,19,STA,WIFI_DROP,
6.6904,19,STA,WIFI_DROP,
6.6928,19,STA,WIFI_DROP,
6.6952,19,STA,WIFI_DROP,
6.6976,19,STA,WIFI_DROP,
6.7,19,STA,WIFI_DROP,
6.7024,19,STA,WIFI_DROP,
6.7048,19,STA,WIFI_DROP,
6.7072,19,STA,WIFI_DROP,
6.7096,19,STA,WIFI_DROP,
6.712,19,STA,WIFI_DROP,
6.7144,19,STA,WIFI_DROP,
6.7168,19,STA,WIFI_DROP,
6.7192,19,STA,WIFI_DROP,
6.7216,19,STA,WIFI_DROP,
6.724,19,STA,WIFI_DROP,
6.7264,19,STA,WIFI_DROP,
6.7288,19,STA,WIFI_DROP,
6.7312,19,STA,WIFI_DROP,
6.7336,19,STA,WIFI_DROP,
6.736,19,STA,WIFI_DROP,
6.7384,19,STA,WIFI_DROP,
6.7408,19,STA,WIFI_DROP,
6.7432,19,STA,WIFI_DROP,
6.7456,19,STA,WIFI_DROP,
6.748,19,STA,WIFI_DROP,
6.7504,19,STA,WIFI_DROP,
6.7528,19,STA,WIFI_DROP,
6.7552,19,STA,WIFI_DROP,
6.7576,19,STA,WIFI_DROP,
6.76,19,STA,WIFI_DROP,
6.7624,19,STA,WIFI_DROP,
6.7648,19,STA,WIFI_DROP,
6.7672,19,STA,WIFI_DROP,
6.7696,19,STA,WIFI_DROP,
6.772,19,STA,WIFI_DROP,
6.7744,19,STA,WIFI_DROP,
6.7768,19,STA,WIFI_DROP,
6.7792,19,STA,WIFI_DROP,
6.7816,19,STA,WIFI_DROP,
6.784,19,STA,WIFI_DROP,
6.7864,19,STA,WIFI_DROP,
6.7888,19,STA,WIFI_DROP,
6.7912,19,STA,WIFI_DROP,
6.7936,19,STA,WIFI_DROP,
6.796,19,STA,WIFI_DROP,
6.7984,19,STA,WIFI_DROP,
6.8008,19,STA,WIFI_DROP,
6.8032,19,STA,WIFI_DROP,
6.8056,19,STA,WIFI_DROP,
6.808,19,STA,WIFI_DROP,
6.8104,19,STA,WIFI_DROP,
6.8128,19,STA,WIFI_DROP,
6.8152,19,STA,WIFI_DROP,
6.8176,19,STA,WIFI_DROP,
6.82,19,STA,WIFI_DROP,
6.8224,19,STA,WIFI_DROP,
6.8248,19,STA,WIFI_DROP,
6.8272,19,STA,WIFI_DROP,
6.8296,19,STA,WIFI_DROP,
6.832,19,STA,WIFI_DROP,
6.8344,19,STA,WIFI_DROP,
6.8368,19,STA,WIFI_DROP,
6.8392,19,STA,WIFI_DROP,
6.8416,19,STA,WIFI_DROP,
6.844,19,STA,WIFI_DROP,
6.8464,19,STA,WIFI_DROP,
6.8488,19,STA,WIFI_DROP,
6.8512,19,STA,WIFI_DROP,
6.8536,19,STA,WIFI_DROP,
6.856,19,STA,WIFI_DROP,
6.8584,19,STA,WIFI_DROP,
6.8608,19,STA,WIFI_DROP,
6.8632,19,STA,WIFI_DROP,
6.8656,19,STA,WIFI_DROP,
6.868,19,STA,WIFI_DROP,
6.8704,19,STA,WIFI_DROP,
6.8728,19,STA,WIFI_DROP,
6.8752,19,STA,WIFI_DROP,
6.8776,19,STA,WIFI_DROP,
6.88,19,STA,WIFI_DROP,
6.8824,19,STA,WIFI_DROP,
6.8848,19,STA,WIFI_DROP,
6.8872,19,STA,WIFI_DROP,
6.8896,19,STA,WIFI_DROP,
6.892,19,STA,WIFI_DROP,
6.8944,19,STA,WIFI_DROP,
6.8968,19,STA,WIFI_DROP,
6.8992,19,STA,WIFI_DROP,
6.9016,19,STA,WIFI_DROP,
6.904,19,STA,WIFI_DROP,
6.9064,19,STA,WIFI_DROP,
6.9088,19,STA,WIFI_DROP,
6.9112,19,STA,WIFI_DROP,
6.9136,19,STA,WIFI_DROP,
6.916,19,STA,WIFI_DROP,
6.9184,19,STA,WIFI_DROP,
6.9208,19,STA,WIFI_DROP,
6.9232,19,STA,WIFI_DROP,
6.9256,19,STA,WIFI_DROP,
6.928,19,STA,WIFI_DROP,
6.9304,19,STA,WIFI_DROP,
6.9328,19,STA,WIFI_DROP,
6.9352,19,STA,WIFI_DROP,
6.9376,19,STA,WIFI_DROP,
6.94,19,STA,WIFI_DROP,
6.9424,19,STA,WIFI_DROP,
6.9448,19,STA,WIFI_DROP,
6.9472,19,STA,WIFI_DROP,
6.9496,19,STA,WIFI_DROP,
6.952,19,STA,WIFI_DROP,
6.9544,19,STA,WIFI_DROP,
6.9568,19,STA,WIFI_DROP,
6.9592,19,STA,WIFI_DROP,
6.9616,19,STA,WIFI_DROP,
6.964,19,STA,WIFI_DROP,
6.9664,19,STA,WIFI_DROP,
6.9688,19,STA,WIFI_DROP,
6.9712,19,STA,WIFI_DROP,
6.9736,19,STA,WIFI_DROP,
6.976,19,STA,WIFI_DROP,
6.9784,19,STA,WIFI_DROP,
6.9808,19,STA,WIFI_DROP,
6.9832,19,STA,WIFI_DROP,
6.9856,19,STA,WIFI_DROP,
6.988,19,STA,WIFI_DROP,
6.9904,19,STA,WIFI_DROP,
6.9928,19,STA,WIFI_DROP,
6.9952,19,STA,WIFI_DROP,
6.9976,19,STA,WIFI_DROP,
7,2,STA,THROUGHPUT_MBPS,1.908000
7,3,STA,THROUGHPUT_MBPS,3.840000
7,4,STA,THROUGHPUT_MBPS,1.356000
7,5,STA,THROUGHPUT_MBPS,2.652000
7,9,STA,THROUGHPUT_MBPS,1.968000
7,10,STA,THROUGHPUT_MBPS,0.900000
7,14,STA,THROUGHPUT_MBPS,2.028000
7,15,STA,THROUGHPUT_MBPS,1.092000
7,18,STA,THROUGHPUT_MBPS,2.136000
7,20,STA,THROUGHPUT_MBPS,3.120000
7,1,AP,AGGREGATE_THROUGHPUT_MBPS,21.000000
7,1,AP,SENT_COUNT,8320.000000
7,1,AP,RECV_COUNT,1750.000000
7,1,AP,LATENCY_P95_MS,542.574488
7,19,STA,WIFI_DROP,
7.0024,19,STA,WIFI_DROP,
7.0048,19,STA,WIFI_DROP,
7.0072,19,STA,WIFI_DROP,
7.0096,19,STA,WIFI_DROP,
7.012,19,STA,WIFI_DROP,
7.0144,19,STA,WIFI_DROP,
7.0168,19,STA,WIFI_DROP,
7.0192,19,STA,WIFI_DROP,
7.0216,19,STA,WIFI_DROP,
7.024,19,STA,WIFI_DROP,
7.0264,19,STA,WIFI_DROP,
7.0288,19,STA,WIFI_DROP,
7.0312,19,STA,WIFI_DROP,
7.0336,19,STA,WIFI_DROP,
7.036,19,STA,WIFI_DROP,
7.0384,19,STA,WIFI_DROP,
7.0408,19,STA,WIFI_DROP,
7.0432,19,STA,WIFI_DROP,
7.0456,19,STA,WIFI_DROP,
7.048,19,STA,WIFI_DROP,
7.0504,19,STA,WIFI_DROP,
7.0528,19,STA,WIFI_DROP,
7.0552,19,STA,WIFI_DROP,
7.0576,19,STA,WIFI_DROP,
7.06,19,STA,WIFI_DROP,
7.0624,19,STA,WIFI_DROP,
7.0648,19,STA,WIFI_DROP,
7.0672,19,STA,WIFI_DROP,
7.0696,19,STA,WIFI_DROP,
7.072,19,STA,WIFI_DROP,
7.0744,19,STA,WIFI_DROP,
7.0768,19,STA,WIFI_DROP,
7.0792,19,STA,WIFI_DROP,
7.0816,19,STA,WIFI_DROP,
7.084,19,STA,WIFI_DROP,
7.0864,19,STA,WIFI_DROP,
7.0888,19,STA,WIFI_DROP,
7.0912,19,STA,WIFI_DROP,
7.0936,19,STA,WIFI_DROP,
7.096,19,STA,WIFI_DROP,
7.0984,19,STA,WIFI_DROP,
7.1008,19,STA,WIFI_DROP,
7.1032,19,STA,WIFI_DROP,
7.1056,19,STA,WIFI_DROP,
7.108,19,STA,WIFI_DROP,
7.1104,19,STA,WIFI_DROP,
7.1128,19,STA,WIFI_DROP,
7.1152,19,STA,WIFI_DROP,
7.1176,19,STA,WIFI_DROP,
7.12,19,STA,WIFI_DROP,
7.1224,19,STA,WIFI_DROP,
7.1248,19,STA,WIFI_DROP,
7.1272,19,STA,WIFI_DROP,
7.1296,19,STA,WIFI_DROP,
7.132,19,STA,WIFI_DROP,
7.1344,19,STA,WIFI_DROP,
7.1368,19,STA,WIFI_DROP,
7.1392,19,STA,WIFI_DROP,
7.1416,19,STA,WIFI_DROP,
7.144,19,STA,WIFI_DROP,
7.1464,19,STA,WIFI_DROP,
7.1488,19,STA,WIFI_DROP,
7.1512,19,STA,WIFI_DROP,
7.1536,19,STA,WIFI_DROP,
7.156,19,STA,WIFI_DROP,
7.1584,19,STA,WIFI_DROP,
7.1608,19,STA,WIFI_DROP,
7.1632,19,STA,WIFI_DROP,
7.1656,19,STA,WIFI_DROP,
7.168,19,STA,WIFI_DROP,
7.1704,19,STA,WIFI_DROP,
7.1728,19,STA,WIFI_DROP,
7.1752,19,STA,WIFI_DROP,
7.1776,19,STA,WIFI_DROP,
7.18,19,STA,WIFI_DROP,
7.1824,19,STA,WIFI_DROP,
7.1848,19,STA,WIFI_DROP,
7.1872,19,STA,WIFI_DROP,
7.1896,19,STA,WIFI_DROP,
7.192,19,STA,WIFI_DROP,
7.1944,19,STA,WIFI_DROP,
7.1968,19,STA,WIFI_DROP,
7.1992,19,STA,WIFI_DROP,
7.2016,19,STA,WIFI_DROP,
7.204,19,STA,WIFI_DROP,
7.2064,19,STA,WIFI_DROP,
7.2088,19,STA,WIFI_DROP,
7.2112,19,STA,WIFI_DROP,
7.2136,19,STA,WIFI_DROP,
7.216,19,STA,WIFI_DROP,
7.2184,19,STA,WIFI_DROP,
7.2208,19,STA,WIFI_DROP,
7.2232,19,STA,WIFI_DROP,
7.2256,19,STA,WIFI_DROP,
7.228,19,STA,WIFI_DROP,
7.2304,19,STA,WIFI_DROP,
7.2328,19,STA,WIFI_DROP,
7.2352,19,STA,WIFI_DROP,
7.2376,19,STA,WIFI_DROP,
7.24,19,STA,WIFI_DROP,
7.2424,19,STA,WIFI_DROP,
7.2448,19,STA,WIFI_DROP,
7.2472,19,STA,WIFI_DROP,
7.2496,19,STA,WIFI_DROP,
7.252,19,STA,WIFI_DROP,
7.2544,19,STA,WIFI_DROP,
7.2568,19,STA,WIFI_DROP,
7.2592,19,STA,WIFI_DROP,
7.2616,19,STA,WIFI_DROP,
7.264,19,STA,WIFI_DROP,
7.2664,19,STA,WIFI_DROP,
7.2688,19,STA,WIFI_DROP,
7.2712,19,STA,WIFI_DROP,
7.2736,19,STA,WIFI_DROP,
7.276,19,STA,WIFI_DROP,
7.2784,19,STA,WIFI_DROP,
7.2808,19,STA,WIFI_DROP,
7.2832,19,STA,WIFI_DROP,
7.2856,19,STA,WIFI_DROP,
7.288,19,STA,WIFI_DROP,
7.2904,19,STA,WIFI_DROP,
7.2928,19,STA,WIFI_DROP,
7.2952,19,STA,WIFI_DROP,
7.2976,19,STA,WIFI_DROP,
7.3,19,STA,WIFI_DROP,
7.3024,19,STA,WIFI_DROP,
7.3048,19,STA,WIFI_DROP,
7.3072,19,STA,WIFI_DROP,
7.3096,19,STA,WIFI_DROP,
7.312,19,STA,WIFI_DROP,
7.3144,19,STA,WIFI_DROP,
7.3168,19,STA,WIFI_DROP,
7.3192,19,STA,WIFI_DROP,
7.3216,19,STA,WIFI_DROP,
7.324,19,STA,WIFI_DROP,
7.3264,19,STA,WIFI_DROP,
7.3288,19,STA,WIFI_DROP,
7.3312,19,STA,WIFI_DROP,
7.3336,19,STA,WIFI_DROP,
7.336,19,STA,WIFI_DROP,
7.3384,19,STA,WIFI_DROP,
7.3408,19,STA,WIFI_DROP,
7.3432,19,STA,WIFI_DROP,
7.3456,19,STA,WIFI_DROP,
7.348,19,STA,WIFI_DROP,
7.3504,19,STA,WIFI_DROP,
7.3528,19,STA,WIFI_DROP,
7.3552,19,STA,WIFI_DROP,
7.3576,19,STA,WIFI_DROP,
7.36,19,STA,WIFI_DROP,
7.3624,19,STA,WIFI_DROP,
7.3648,19,STA,WIFI_DROP,
7.3672,19,STA,WIFI_DROP,
7.3696,19,STA,WIFI_DROP,
7.372,19,STA,WIFI_DROP,
7.3744,19,STA,WIFI_DROP,
7.3768,15,STA,WIFI_DROP,
7.3768,19,STA,WIFI_DROP,
7.3792,15,STA,WIFI_DROP,
7.3792,19,STA,WIFI_DROP,
7.3816,15,STA,WIFI_DROP,
7.3816,19,STA,WIFI_DROP,
7.384,15,STA,WIFI_DROP,
7.384,19,STA,WIFI_DROP,
7.3864,15,STA,WIFI_DROP,
7.3864,19,STA,WIFI_DROP,
7.3888,15,STA,WIFI_DROP,
7.3888,19,STA,WIFI_DROP,
7.3912,15,STA,WIFI_DROP,
7.3912,19,STA,WIFI_DROP,
7.3936,15,STA,WIFI_DROP,
7.3936,19,STA,WIFI_DROP,
7.396,15,STA,WIFI_DROP,
7.396,19,STA,WIFI_DROP,
7.3984,15,STA,WIFI_DROP,
7.3984,19,STA,WIFI_DROP,
7.4008,15,STA,WIFI_DROP,
7.4008,19,STA,WIFI_DROP,
7.4032,15,STA,WIFI_DROP,
7.4032,19,STA,WIFI_DROP,
7.4056,15,STA,WIFI_DROP,
7.4056,19,STA,WIFI_DROP,
7.408,15,STA,WIFI_DROP,
7.408,19,STA,WIFI_DROP,
7.4104,15,STA,WIFI_DROP,
7.4104,19,STA,WIFI_DROP,
7.4128,15,STA,WIFI_DROP,
7.4128,19,STA,WIFI_DROP,
7.4152,15,STA,WIFI_DROP,
7.4152,19,STA,WIFI_DROP,
7.4176,15,STA,WIFI_DROP,
7.4176,19,STA,WIFI_DROP,
7.42,15,STA,WIFI_DROP,
7.42,19,STA,WIFI_DROP,
7.4224,15,STA,WIFI_DROP,
7.4224,19,STA,WIFI_DROP,
7.4248,15,STA,WIFI_DROP,
7.4248,19,STA,WIFI_DROP,
7.4272,15,STA,WIFI_DROP,
7.4272,19,STA,WIFI_DROP,
7.4296,15,STA,WIFI_DROP,
7.4296,19,STA,WIFI_DROP,
7.432,15,STA,WIFI_DROP,
7.432,19,STA,WIFI_DROP,
7.4344,15,STA,WIFI_DROP,
7.4344,19,STA,WIFI_DROP,
7.4368,15,STA,WIFI_DROP,
7.4368,19,STA,WIFI_DROP,
7.4392,15,STA,WIFI_DROP,
7.4392,19,STA,WIFI_DROP,
7.4416,15,STA,WIFI_DROP,
7.4416,19,STA,WIFI_DROP,
7.444,15,STA,WIFI_DROP,
7.444,19,STA,WIFI_DROP,
7.4464,15,STA,WIFI_DROP,
7.4464,19,STA,WIFI_DROP,
7.4488,15,STA,WIFI_DROP,
7.4488,19,STA,WIFI_DROP,
7.4512,15,STA,WIFI_DROP,
7.4512,19,STA,WIFI_DROP,
7.4536,15,STA,WIFI_DROP,
7.4536,19,STA,WIFI_DROP,
7.456,15,STA,WIFI_DROP,
7.456,19,STA,WIFI_DROP,
7.4584,15,STA,WIFI_DROP,
7.4584,19,STA,WIFI_DROP,
7.4608,15,STA,WIFI_DROP,
7.4608,19,STA,WIFI_DROP,
7.4632,15,STA,WIFI_DROP,
7.4632,19,STA,WIFI_DROP,
7.4656,15,STA,WIFI_DROP,
7.4656,19,STA,WIFI_DROP,
7.468,15,STA,WIFI_DROP,
7.468,19,STA,WIFI_DROP,
7.4704,15,STA,WIFI_DROP,
7.4704,19,STA,WIFI_DROP,
7.4728,15,STA,WIFI_DROP,
7.4728,19,STA,WIFI_DROP,
7.4752,15,STA,WIFI_DROP,
7.4752,19,STA,WIFI_DROP,
7.4776,15,STA,WIFI_DROP,
7.4776,19,STA,WIFI_DROP,
7.48,15,STA,WIFI_DROP,
7.48,19,STA,WIFI_DROP,
7.4824,15,STA,WIFI_DROP,
7.4824,19,STA,WIFI_DROP,
7.4848,15,STA,WIFI_DROP,
7.4848,19,STA,WIFI_DROP,
7.4872,15,STA,WIFI_DROP,
7.4872,19,STA,WIFI_DROP,
7.4896,15,STA,WIFI_DROP,
7.4896,19,STA,WIFI_DROP,
7.492,15,STA,WIFI_DROP,
7.492,19,STA,WIFI_DROP,
7.4944,15,STA,WIFI_DROP,
7.4944,19,STA,WIFI_DROP,
7.4968,15,STA,WIFI_DROP,
7.4968,19,STA,WIFI_DROP,
7.4992,15,STA,WIFI_DROP,
7.4992,19,STA,WIFI_DROP,
7.5016,15,STA,WIFI_DROP,
7.5016,19,STA,WIFI_DROP,
7.504,15,STA,WIFI_DROP,
7.504,19,STA,WIFI_DROP,
7.5064,15,STA,WIFI_DROP,
7.5064,19,STA,WIFI_DROP,
7.5088,15,STA,WIFI_DROP,
7.5088,19,STA,WIFI_DROP,
7.5112,15,STA,WIFI_DROP,
7.5112,19,STA,WIFI_DROP,
7.5136,15,STA,WIFI_DROP,
7.5136,19,STA,WIFI_DROP,
7.516,15,STA,WIFI_DROP,
7.516,19,STA,WIFI_DROP,
7.5184,15,STA,WIFI_DROP,
7.5184,19,STA,WIFI_DROP,
7.5208,15,STA,WIFI_DROP,
7.5208,19,STA,WIFI_DROP,
7.5232,15,STA,WIFI_DROP,
7.5232,19,STA,WIFI_DROP,
7.5256,15,STA,WIFI_DROP,
7.5256,19,STA,WIFI_DROP,
7.528,15,STA,WIFI_DROP,
7.528,19,STA,WIFI_DROP,
7.5304,15,STA,WIFI_DROP,
7.5304,19,STA,WIFI_DROP,
7.5328,15,STA,WIFI_DROP,
7.5328,19,STA,WIFI_DROP,
7.5352,15,STA,WIFI_DROP,
7.5352,19,STA,WIFI_DROP,
7.5376,15,STA,WIFI_DROP,
7.5376,19,STA,WIFI_DROP,
7.54,15,STA,WIFI_DROP,
7.54,19,STA,WIFI_DROP,
7.5424,15,STA,WIFI_DROP,
7.5424,19,STA,WIFI_DROP,
7.5448,15,STA,WIFI_DROP,
7.5448,19,STA,WIFI_DROP,
7.5472,15,STA,WIFI_DROP,
7.5472,19,STA,WIFI_DROP,
7.5496,15,STA,WIFI_DROP,
7.5496,19,STA,WIFI_DROP,
7.552,15,STA,WIFI_DROP,
7.552,19,STA,WIFI_DROP,
7.5544,15,STA,WIFI_DROP,
7.5544,19,STA,WIFI_DROP,
7.5568,15,STA,WIFI_DROP,
7.5568,19,STA,WIFI_DROP,
7.5592,15,STA,WIFI_DROP,
7.5592,19,STA,WIFI_DROP,
7.5616,15,STA,WIFI_DROP,
7.5616,19,STA,WIFI_DROP,
7.564,15,STA,WIFI_DROP,
7.564,19,STA,WIFI_DROP,
7.5664,15,STA,WIFI_DROP,
7.5664,19,STA,WIFI_DROP,
7.5688,15,STA,WIFI_DROP,
7.5688,19,STA,WIFI_DROP,
7.5712,15,STA,WIFI_DROP,
7.5712,19,STA,WIFI_DROP,
7.5736,15,STA,WIFI_DROP,
7.5736,19,STA,WIFI_DROP,
7.576,15,STA,WIFI_DROP,
7.576,19,STA,WIFI_DROP,
7.5784,15,STA,WIFI_DROP,
7.5784,19,STA,WIFI_DROP,
7.5808,15,STA,WIFI_DROP,
7.5808,19,STA,WIFI_DROP,
7.5832,15,STA,WIFI_DROP,
7.5832,19,STA,WIFI_DROP,
7.5856,15,STA,WIFI_DROP,
7.5856,19,STA,WIFI_DROP,
7.588,15,STA,WIFI_DROP,
7.588,19,STA,WIFI_DROP,
7.5904,15,STA,WIFI_DROP,
7.5904,19,STA,WIFI_DROP,
7.5928,15,STA,WIFI_DROP,
7.5928,19,STA,WIFI_DROP,
7.5952,15,STA,WIFI_DROP,
7.5952,19,STA,WIFI_DROP,
7.5976,15,STA,WIFI_DROP,
7.5976,19,STA,WIFI_DROP,
7.6,15,STA,WIFI_DROP,
7.6,19,STA,WIFI_DROP,
7.6024,15,STA,WIFI_DROP,
7.6024,19,STA,WIFI_DROP,
7.6048,15,STA,WIFI_DROP,
7.6048,19,STA,WIFI_DROP,
7.6072,15,STA,WIFI_DROP,
7.6072,19,STA,WIFI_DROP,
7.6096,15,STA,WIFI_DROP,
7.6096,19,STA,WIFI_DROP,
7.612,15,STA,WIFI_DROP,
7.612,19,STA,WIFI_DROP,
7.6144,15,STA,WIFI_DROP,
7.6144,19,STA,WIFI_DROP,
7.6168,15,STA,WIFI_DROP,
7.6168,19,STA,WIFI_DROP,
7.6192,15,STA,WIFI_DROP,
7.6192,19,STA,WIFI_DROP,
7.6216,15,STA,WIFI_DROP,
7.6216,19,STA,WIFI_DROP,
7.624,15,STA,WIFI_DROP,
7.624,19,STA,WIFI_DROP,
7.6264,15,STA,WIFI_DROP,
7.6264,19,STA,WIFI_DROP,
7.6288,15,STA,WIFI_DROP,
7.6288,19,STA,WIFI_DROP,
7.6312,15,STA,WIFI_DROP,
7.6312,19,STA,WIFI_DROP,
7.6336,15,STA,WIFI_DROP,
7.6336,19,STA,WIFI_DROP,
7.636,15,STA,WIFI_DROP,
7.636,19,STA,WIFI_DROP,
7.6384,15,STA,WIFI_DROP,
7.6384,19,STA,WIFI_DROP,
7.6408,15,STA,WIFI_DROP,
7.6408,19,STA,WIFI_DROP,
7.6432,15,STA,WIFI_DROP,
7.6432,19,STA,WIFI_DROP,
7.6456,15,STA,WIFI_DROP,
7.6456,19,STA,WIFI_DROP,
7.648,15,STA,WIFI_DROP,
7.648,19,STA,WIFI_DROP,
7.6504,15,STA,WIFI_DROP,
7.6504,19,STA,WIFI_DROP,
7.6528,15,STA,WIFI_DROP,
7.6528,19,STA,WIFI_DROP,
7.6552,15,STA,WIFI_DROP,
7.6552,19,STA,WIFI_DROP,
7.6576,15,STA,WIFI_DROP,
7.6576,19,STA,WIFI_DROP,
7.66,15,STA,WIFI_DROP,
7.66,19,STA,WIFI_DROP,
7.6624,15,STA,WIFI_DROP,
7.6624,19,STA,WIFI_DROP,
7.6648,15,STA,WIFI_DROP,
7.6648,19,STA,WIFI_DROP,
7.6672,15,STA,WIFI_DROP,
7.6672,19,STA,WIFI_DROP,
7.6696,15,STA,WIFI_DROP,
7.6696,19,STA,WIFI_DROP,
7.672,15,STA,WIFI_DROP,
7.672,19,STA,WIFI_DROP,
7.6744,15,STA,WIFI_DROP,
7.6744,19,STA,WIFI_DROP,
7.6768,15,STA,WIFI_DROP,
7.6768,19,STA,WIFI_DROP,
7.6792,15,STA,WIFI_DROP,
7.6792,19,STA,WIFI_DROP,
7.6816,15,STA,WIFI_DROP,
7.6816,19,STA,WIFI_DROP,
7.684,15,STA,WIFI_DROP,
7.684,19,STA,WIFI_DROP,
7.6864,15,STA,WIFI_DROP,
7.6864,19,STA,WIFI_DROP,
7.6888,15,STA,WIFI_DROP,
7.6888,19,STA,WIFI_DROP,
7.6912,15,STA,WIFI_DROP,
7.6912,19,STA,WIFI_DROP,
7.6936,15,STA,WIFI_DROP,
7.6936,19,STA,WIFI_DROP,
7.696,15,STA,WIFI_DROP,
7.696,19,STA,WIFI_DROP,
7.6984,15,STA,WIFI_DROP,
7.6984,19,STA,WIFI_DROP,
7.7008,15,STA,WIFI_DROP,
7.7008,19,STA,WIFI_DROP,
7.7032,15,STA,WIFI_DROP,
7.7032,19,STA,WIFI_DROP,
7.7056,15,STA,WIFI_DROP,
7.7056,19,STA,WIFI_DROP,
7.708,15,STA,WIFI_DROP,
7.708,19,STA,WIFI_DROP,
7.7104,15,STA,WIFI_DROP,
7.7104,19,STA,WIFI_DROP,
7.7128,15,STA,WIFI_DROP,
7.7128,19,STA,WIFI_DROP,
7.7152,15,STA,WIFI_DROP,
7.7152,19,STA,WIFI_DROP,
7.7176,15,STA,WIFI_DROP,
7.7176,19,STA,WIFI_DROP,
7.72,15,STA,WIFI_DROP,
7.72,19,STA,WIFI_DROP,
7.7224,15,STA,WIFI_DROP,
7.7224,19,STA,WIFI_DROP,
7.7248,15,STA,WIFI_DROP,
7.7248,19,STA,WIFI_DROP,
7.7272,15,STA,WIFI_DROP,
7.7272,19,STA,WIFI_DROP,
7.7296,15,STA,WIFI_DROP,
7.7296,19,STA,WIFI_DROP,
7.732,15,STA,WIFI_DROP,
7.732,19,STA,WIFI_DROP,
7.7344,15,STA,WIFI_DROP,
7.7344,19,STA,WIFI_DROP,
7.7368,15,STA,WIFI_DROP,
7.7368,19,STA,WIFI_DROP,
7.7392,15,STA,WIFI_DROP,
7.7392,19,STA,WIFI_DROP,
7.7416,15,STA,WIFI_DROP,
7.7416,19,STA,WIFI_DROP,
7.744,15,STA,WIFI_DROP,
7.744,19,STA,WIFI_DROP,
7.7464,15,STA,WIFI_DROP,
7.7464,19,STA,WIFI_DROP,
7.7488,15,STA,WIFI_DROP,
7.7488,19,STA,WIFI_DROP,
7.7512,15,STA,WIFI_DROP,
7.7512,19,STA,WIFI_DROP,
7.7536,15,STA,WIFI_DROP,
7.7536,19,STA,WIFI_DROP,
7.756,15,STA,WIFI_DROP,
7.756,19,STA,WIFI_DROP,
7.7584,15,STA,WIFI_DROP,
7.7584,19,STA,WIFI_DROP,
7.7608,15,STA,WIFI_DROP,
7.7608,19,STA,WIFI_DROP,
7.7632,15,STA,WIFI_DROP,
7.7632,19,STA,WIFI_DROP,
7.7656,15,STA,WIFI_DROP,
7.7656,19,STA,WIFI_DROP,
7.768,15,STA,WIFI_DROP,
7.768,19,STA,WIFI_DROP,
7.7704,15,STA,WIFI_DROP,
7.7704,19,STA,WIFI_DROP,
7.7728,15,STA,WIFI_DROP,
7.7728,19,STA,WIFI_DROP,
7.7752,15,STA,WIFI_DROP,
7.7752,19,STA,WIFI_DROP,
7.7776,15,STA,WIFI_DROP,
7.7776,19,STA,WIFI_DROP,
7.78,15,STA,WIFI_DROP,
7.78,19,STA,WIFI_DROP,
7.7824,15,STA,WIFI_DROP,
7.7824,19,STA,WIFI_DROP,
7.7848,15,STA,WIFI_DROP,
7.7848,19,STA,WIFI_DROP,
7.7872,15,STA,WIFI_DROP,
7.7872,19,STA,WIFI_DROP,
7.7896,15,STA,WIFI_DROP,
7.7896,19,STA,WIFI_DROP,
7.792,15,STA,WIFI_DROP,
7.792,19,STA,WIFI_DROP,
7.7944,15,STA,WIFI_DROP,
7.7944,19,STA,WIFI_DROP,
7.7968,15,STA,WIFI_DROP,
7.7968,19,STA,WIFI_DROP,
7.7992,15,STA,WIFI_DROP,
7.7992,19,STA,WIFI_DROP,
7.8016,15,STA,WIFI_DROP,
7.8016,19,STA,WIFI_DROP,
7.804,15,STA,WIFI_DROP,
7.804,19,STA,WIFI_DROP,
7.8064,15,STA,WIFI_DROP,
7.8064,19,STA,WIFI_DROP,
7.8088,15,STA,WIFI_DROP,
7.8088,19,STA,WIFI_DROP,
7.8112,15,STA,WIFI_DROP,
7.8112,19,STA,WIFI_DROP,
7.8136,15,STA,WIFI_DROP,
7.8136,19,STA,WIFI_DROP,
7.816,15,STA,WIFI_DROP,
7.816,19,STA,WIFI_DROP,
7.8184,15,STA,WIFI_DROP,
7.8184,19,STA,WIFI_DROP,
7.8208,15,STA,WIFI_DROP,
7.8208,19,STA,WIFI_DROP,
7.8232,15,STA,WIFI_DROP,
7.8232,19,STA,WIFI_DROP,
7.8256,15,STA,WIFI_DROP,
7.8256,19,STA,WIFI_DROP,
7.828,15,STA,WIFI_DROP,
7.828,19,STA,WIFI_DROP,
7.8304,15,STA,WIFI_DROP,
7.8304,19,STA,WIFI_DROP,
7.8328,15,STA,WIFI_DROP,
7.8328,19,STA,WIFI_DROP,
7.8352,15,STA,WIFI_DROP,
7.8352,19,STA,WIFI_DROP,
7.8376,15,STA,WIFI_DROP,
7.8376,19,STA,WIFI_DROP,
7.84,15,STA,WIFI_DROP,
7.84,19,STA,WIFI_DROP,
7.8424,15,STA,WIFI_DROP,
7.8424,19,STA,WIFI_DROP,
7.8448,15,STA,WIFI_DROP,
7.8448,19,STA,WIFI_DROP,
7.8472,15,STA,WIFI_DROP,
7.8472,19,STA,WIFI_DROP,
7.8496,15,STA,WIFI_DROP,
7.8496,19,STA,WIFI_DROP,
7.852,15,STA,WIFI_DROP,
7.852,19,STA,WIFI_DROP,
7.8544,15,STA,WIFI_DROP,
7.8544,19,STA,WIFI_DROP,
7.8568,15,STA,WIFI_DROP,
7.8568,19,STA,WIFI_DROP,
7.8592,15,STA,WIFI_DROP,
7.8592,19,STA,WIFI_DROP,
7.8616,15,STA,WIFI_DROP,
7.8616,19,STA,WIFI_DROP,
7.864,15,STA,WIFI_DROP,
7.864,19,STA,WIFI_DROP,
7.8664,15,STA,WIFI_DROP,
7.8664,19,STA,WIFI_DROP,
7.8688,15,STA,WIFI_DROP,
7.8688,19,STA,WIFI_DROP,
7.8712,15,STA,WIFI_DROP,
7.8712,19,STA,WIFI_DROP,
7.8736,15,STA,WIFI_DROP,
7.8736,19,STA,WIFI_DROP,
7.876,15,STA,WIFI_DROP,
7.876,19,STA,WIFI_DROP,
7.8784,15,STA,WIFI_DROP,
7.8784,19,STA,WIFI_DROP,
7.8808,15,STA,WIFI_DROP,
7.8808,19,STA,WIFI_DROP,
7.8832,15,STA,WIFI_DROP,
7.8832,19,STA,WIFI_DROP,
7.8856,15,STA,WIFI_DROP,
7.8856,19,STA,WIFI_DROP,
7.888,10,STA,WIFI_DROP,
7.888,15,STA,WIFI_DROP,
7.888,19,STA,WIFI_DROP,
7.8904,10,STA,WIFI_DROP,
7.8904,15,STA,WIFI_DROP,
7.8904,19,STA,WIFI_DROP,
7.8928,10,STA,WIFI_DROP,
7.8928,15,STA,WIFI_DROP,
7.8928,19,STA,WIFI_DROP,
7.8952,10,STA,WIFI_DROP,
7.8952,15,STA,WIFI_DROP,
7.8952,19,STA,WIFI_DROP,
7.8976,10,STA,WIFI_DROP,
7.8976,15,STA,WIFI_DROP,
7.8976,19,STA,WIFI_DROP,
7.9,10,STA,WIFI_DROP,
7.9,15,STA,WIFI_DROP,
7.9,19,STA,WIFI_DROP,
7.9024,10,STA,WIFI_DROP,
7.9024,15,STA,WIFI_DROP,
7.9024,19,STA,WIFI_DROP,
7.9048,10,STA,WIFI_DROP,
7.9048,15,STA,WIFI_DROP,
7.9048,19,STA,WIFI_DROP,
7.9072,10,STA,WIFI_DROP,
7.9072,15,STA,WIFI_DROP,
7.9072,19,STA,WIFI_DROP,
7.9096,10,STA,WIFI_DROP,
7.9096,15,STA,WIFI_DROP,
7.9096,19,STA,WIFI_DROP,
7.912,10,STA,WIFI_DROP,
7.912,15,STA,WIFI_DROP,
7.912,19,STA,WIFI_DROP,
7.9144,10,STA,WIFI_DROP,
7.9144,15,STA,WIFI_DROP,
7.9144,19,STA,WIFI_DROP,
7.9168,10,STA,WIFI_DROP,
7.9168,15,STA,WIFI_DROP,
7.9168,19,STA,WIFI_DROP,
7.9192,10,STA,WIFI_DROP,
7.9192,15,STA,WIFI_DROP,
7.9216,10,STA,WIFI_DROP,
7.9216,15,STA,WIFI_DROP,
7.924,10,STA,WIFI_DROP,
7.924,15,STA,WIFI_DROP,
7.9264,10,STA,WIFI_DROP,
7.9264,15,STA,WIFI_DROP,
7.9288,10,STA,WIFI_DROP,
7.9312,10,STA,WIFI_DROP,
7.9336,10,STA,WIFI_DROP,
7.936,10,STA,WIFI_DROP,
7.9384,10,STA,WIFI_DROP,
8,2,STA,THROUGHPUT_MBPS,1.992000
8,3,STA,THROUGHPUT_MBPS,2.088000
8,4,STA,THROUGHPUT_MBPS,2.388000
8,5,STA,THROUGHPUT_MBPS,2.748000
8,9,STA,THROUGHPUT_MBPS,2.016000
8,10,STA,THROUGHPUT_MBPS,1.584000
8,14,STA,THROUGHPUT_MBPS,2.268000
8,15,STA,THROUGHPUT_MBPS,0.564000
8,18,STA,THROUGHPUT_MBPS,0.948000
8,20,STA,THROUGHPUT_MBPS,4.272000
8,1,AP,AGGREGATE_THROUGHPUT_MBPS,20.868000
8,1,AP,SENT_COUNT,8340.000000
8,1,AP,RECV_COUNT,1739.000000
8,1,AP,LATENCY_P95_MS,534.917191
8.4016,3,STA,WIFI_DROP,
8.4016,8,STA,WIFI_DROP,
8.404,3,STA,WIFI_DROP,
8.404,8,STA,WIFI_DROP,
8.4064,3,STA,WIFI_DROP,
8.4064,8,STA,WIFI_DROP,
8.4088,3,STA,WIFI_DROP,
8.4088,8,STA,WIFI_DROP,
8.4112,3,STA,WIFI_DROP,
8.4112,8,STA,WIFI_DROP,
8.4136,3,STA,WIFI_DROP,
8.4136,8,STA,WIFI_DROP,
8.416,3,STA,WIFI_DROP,
8.416,8,STA,WIFI_DROP,
8.4184,3,STA,WIFI_DROP,
8.4184,8,STA,WIFI_DROP,
8.4208,3,STA,WIFI_DROP,
8.4208,8,STA,WIFI_DROP,
8.4232,3,STA,WIFI_DROP,
8.4232,8,STA,WIFI_DROP,
8.4256,3,STA,WIFI_DROP,
8.4256,8,STA,WIFI_DROP,
8.428,3,STA,WIFI_DROP,
8.428,8,STA,WIFI_DROP,
8.4304,3,STA,WIFI_DROP,
8.4304,8,STA,WIFI_DROP,
8.4328,3,STA,WIFI_DROP,
8.4328,8,STA,WIFI_DROP,
8.4352,3,STA,WIFI_DROP,
8.4352,8,STA,WIFI_DROP,
8.4376,3,STA,WIFI_DROP,
8.4376,8,STA,WIFI_DROP,
8.44,3,STA,WIFI_DROP,
8.44,8,STA,WIFI_DROP,
8.4424,3,STA,WIFI_DROP,
8.4424,8,STA,WIFI_DROP,
8.4448,3,STA,WIFI_DROP,
8.4448,8,STA,WIFI_DROP,
8.4472,3,STA,WIFI_DROP,
8.4472,8,STA,WIFI_DROP,
8.4496,3,STA,WIFI_DROP,
8.4496,8,STA,WIFI_DROP,
8.452,3,STA,WIFI_DROP,
8.452,8,STA,WIFI_DROP,
8.4544,8,STA,WIFI_DROP,
8.4568,8,STA,WIFI_DROP,
8.4592,8,STA,WIFI_DROP,
8.4616,8,STA,WIFI_DROP,
8.464,8,STA,WIFI_DROP,
8.4664,8,STA,WIFI_DROP,
8.4688,8,STA,WIFI_DROP,
8.4712,8,STA,WIFI_DROP,
8.4736,8,STA,WIFI_DROP,
8.476,8,STA,WIFI_DROP,
8.4784,8,STA,WIFI_DROP,
8.4808,8,STA,WIFI_DROP,
8.4832,8,STA,WIFI_DROP,
8.4856,8,STA,WIFI_DROP,
8.488,8,STA,WIFI_DROP,
8.4904,8,STA,WIFI_DROP,
8.4928,8,STA,WIFI_DROP,
8.4952,8,STA,WIFI_DROP,
8.4976,8,STA,WIFI_DROP,
8.5,8,STA,WIFI_DROP,
8.5024,8,STA,WIFI_DROP,
8.5048,8,STA,WIFI_DROP,
8.5072,8,STA,WIFI_DROP,
8.5096,8,STA,WIFI_DROP,
8.512,8,STA,WIFI_DROP,
8.5144,8,STA,WIFI_DROP,
8.5168,8,STA,WIFI_DROP,
8.5192,8,STA,WIFI_DROP,
8.5216,8,STA,WIFI_DROP,
8.524,8,STA,WIFI_DROP,
8.5264,8,STA,WIFI_DROP,
8.5288,8,STA,WIFI_DROP,
8.5312,8,STA,WIFI_DROP,
8.5336,8,STA,WIFI_DROP,
8.536,8,STA,WIFI_DROP,
8.5384,8,STA,WIFI_DROP,
8.5408,8,STA,WIFI_DROP,
8.5432,8,STA,WIFI_DROP,
8.5456,8,STA,WIFI_DROP,
8.548,8,STA,WIFI_DROP,
8.5504,8,STA,WIFI_DROP,
8.5528,8,STA,WIFI_DROP,
8.5552,8,STA,WIFI_DROP,
8.5576,8,STA,WIFI_DROP,
8.56,8,STA,WIFI_DROP,
8.5624,8,STA,WIFI_DROP,
8.5648,8,STA,WIFI_DROP,
8.5672,8,STA,WIFI_DROP,
8.5696,8,STA,WIFI_DROP,
8.572,8,STA,WIFI_DROP,
8.5744,8,STA,WIFI_DROP,
8.5768,8,STA,WIFI_DROP,
8.5792,8,STA,WIFI_DROP,
8.5816,8,STA,WIFI_DROP,
8.584,8,STA,WIFI_DROP,
8.5864,8,STA,WIFI_DROP,
8.5888,8,STA,WIFI_DROP,
8.5912,8,STA,WIFI_DROP,
8.5936,8,STA,WIFI_DROP,
8.596,8,STA,WIFI_DROP,
8.5984,8,STA,WIFI_DROP,
8.6008,8,STA,WIFI_DROP,
8.6032,8,STA,WIFI_DROP,
8.6056,4,STA,WIFI_DROP,
8.6056,8,STA,WIFI_DROP,
8.608,4,STA,WIFI_DROP,
8.608,8,STA,WIFI_DROP,
8.6104,4,STA,WIFI_DROP,
8.6104,8,STA,WIFI_DROP,
8.6128,4,STA,WIFI_DROP,
8.6128,8,STA,WIFI_DROP,
8.6152,4,STA,WIFI_DROP,
8.6152,8,STA,WIFI_DROP,
8.6176,4,STA,WIFI_DROP,
8.6176,8,STA,WIFI_DROP,
8.62,4,STA,WIFI_DROP,
8.62,8,STA,WIFI_DROP,
8.6224,4,STA,WIFI_DROP,
8.6224,8,STA,WIFI_DROP,
8.6248,4,STA,WIFI_DROP,
8.6248,8,STA,WIFI_DROP,
8.6272,4,STA,WIFI_DROP,
8.6272,8,STA,WIFI_DROP,
8.6296,4,STA,WIFI_DROP,
8.6296,8,STA,WIFI_DROP,
8.632,4,STA,WIFI_DROP,
8.632,8,STA,WIFI_DROP,
8.6344,4,STA,WIFI_DROP,
8.6344,8,STA,WIFI_DROP,
8.6368,4,STA,WIFI_DROP,
8.6368,8,STA,WIFI_DROP,
8.6392,4,STA,WIFI_DROP,
8.6392,8,STA,WIFI_DROP,
8.6416,4,STA,WIFI_DROP,
8.6416,8,STA,WIFI_DROP,
8.644,4,STA,WIFI_DROP,
8.644,8,STA,WIFI_DROP,
8.6464,4,STA,WIFI_DROP,
8.6464,8,STA,WIFI_DROP,
8.6488,4,STA,WIFI_DROP,
8.6488,8,STA,WIFI_DROP,
8.6512,4,STA,WIFI_DROP,
8.6512,8,STA,WIFI_DROP,
8.6536,4,STA,WIFI_DROP,
8.6536,8,STA,WIFI_DROP,
8.656,4,STA,WIFI_DROP,
8.656,8,STA,WIFI_DROP,
8.6584,4,STA,WIFI_DROP,
8.6584,8,STA,WIFI_DROP,
8.6608,4,STA,WIFI_DROP,
8.6608,8,STA,WIFI_DROP,
8.6632,4,STA,WIFI_DROP,
8.6632,8,STA,WIFI_DROP,
8.6656,4,STA,WIFI_DROP,
8.6656,8,STA,WIFI_DROP,
8.668,4,STA,WIFI_DROP,
8.668,8,STA,WIFI_DROP,
8.6704,4,STA,WIFI_DROP,
8.6704,8,STA,WIFI_DROP,
8.6728,4,STA,WIFI_DROP,
8.6728,8,STA,WIFI_DROP,
8.6752,4,STA,WIFI_DROP,
8.6752,8,STA,WIFI_DROP,
8.6776,4,STA,WIFI_DROP,
8.6776,8,STA,WIFI_DROP,
8.68,4,STA,WIFI_DROP,
8.68,8,STA,WIFI_DROP,
8.6824,4,STA,WIFI_DROP,
8.6824,8,STA,WIFI_DROP,
8.6848,4,STA,WIFI_DROP,
8.6848,8,STA,WIFI_DROP,
8.6872,4,STA,WIFI_DROP,
8.6872,8,STA,WIFI_DROP,
8.6896,4,STA,WIFI_DROP,
8.6896,8,STA,WIFI_DROP,
8.692,4,STA,WIFI_DROP,
8.692,8,STA,WIFI_DROP,
8.6944,4,STA,WIFI_DROP,
8.6944,8,STA,WIFI_DROP,
8.6968,4,STA,WIFI_DROP,
8.6968,8,STA,WIFI_DROP,
8.6992,4,STA,WIFI_DROP,
8.6992,8,STA,WIFI_DROP,
8.7016,4,STA,WIFI_DROP,
8.7016,8,STA,WIFI_DROP,
8.704,4,STA,WIFI_DROP,
8.704,8,STA,WIFI_DROP,
8.7064,4,STA,WIFI_DROP,
8.7064,8,STA,WIFI_DROP,
8.7088,4,STA,WIFI_DROP,
8.7088,6,STA,WIFI_DROP,
8.7088,8,STA,WIFI_DROP,
8.7112,4,STA,WIFI_DROP,
8.7112,6,STA,WIFI_DROP,
8.7112,8,STA,WIFI_DROP,
8.7136,4,STA,WIFI_DROP,
8.7136,6,STA,WIFI_DROP,
8.7136,8,STA,WIFI_DROP,
8.716,4,STA,WIFI_DROP,
8.716,6,STA,WIFI_DROP,
8.716,8,STA,WIFI_DROP,
8.7184,4,STA,WIFI_DROP,
8.7184,6,STA,WIFI_DROP,
8.7184,8,STA,WIFI_DROP,
8.7208,4,STA,WIFI_DROP,
8.7208,6,STA,WIFI_DROP,
8.7208,8,STA,WIFI_DROP,
8.7232,4,STA,WIFI_DROP,
8.7232,6,STA,WIFI_DROP,
8.7232,8,STA,WIFI_DROP,
8.7256,4,STA,WIFI_DROP,
8.7256,6,STA,WIFI_DROP,
8.7256,8,STA,WIFI_DROP,
8.728,4,STA,WIFI_DROP,
8.728,6,STA,WIFI_DROP,
8.728,8,STA,WIFI_DROP,
8.7304,4,STA,WIFI_DROP,
8.7304,6,STA,WIFI_DROP,
8.7304,8,STA,WIFI_DROP,
8.7328,4,STA,WIFI_DROP,
8.7328,6,STA,WIFI_DROP,
8.7328,8,STA,WIFI_DROP,
8.7352,4,STA,WIFI_DROP,
8.7352,6,STA,WIFI_DROP,
8.7352,8,STA,WIFI_DROP,
8.7376,4,STA,WIFI_DROP,
8.7376,6,STA,WIFI_DROP,
8.7376,8,STA,WIFI_DROP,
8.74,4,STA,WIFI_DROP,
8.74,6,STA,WIFI_DROP,
8.74,8,STA,WIFI_DROP,
8.7424,4,STA,WIFI_DROP,
8.7424,6,STA,WIFI_DROP,
8.7424,8,STA,WIFI_DROP,
8.7448,4,STA,WIFI_DROP,
8.7448,6,STA,WIFI_DROP,
8.7448,8,STA,WIFI_DROP,
8.7472,4,STA,WIFI_DROP,
8.7472,6,STA,WIFI_DROP,
8.7472,8,STA,WIFI_DROP,
8.7496,4,STA,WIFI_DROP,
8.7496,6,STA,WIFI_DROP,
8.7496,8,STA,WIFI_DROP,
8.752,4,STA,WIFI_DROP,
8.752,6,STA,WIFI_DROP,
8.752,8,STA,WIFI_DROP,
8.7544,4,STA,WIFI_DROP,
8.7544,6,STA,WIFI_DROP,
8.7544,8,STA,WIFI_DROP,
8.7568,4,STA,WIFI_DROP,
8.7568,6,STA,WIFI_DROP,
8.7568,8,STA,WIFI_DROP,
8.7592,4,STA,WIFI_DROP,
8.7592,6,STA,WIFI_DROP,
8.7592,8,STA,WIFI_DROP,
8.7616,4,STA,WIFI_DROP,
8.7616,6,STA,WIFI_DROP,
8.7616,8,STA,WIFI_DROP,
8.764,4,STA,WIFI_DROP,
8.764,6,STA,WIFI_DROP,
8.764,8,STA,WIFI_DROP,
8.7664,4,STA,WIFI_DROP,
8.7664,6,STA,WIFI_DROP,
8.7664,8,STA,WIFI_DROP,
8.7688,4,STA,WIFI_DROP,
8.7688,6,STA,WIFI_DROP,
8.7688,8,STA,WIFI_DROP,
8.7712,4,STA,WIFI_DROP,
8.7712,6,STA,WIFI_DROP,
8.7712,8,STA,WIFI_DROP,
8.7736,4,STA,WIFI_DROP,
8.7736,6,STA,WIFI_DROP,
8.7736,8,STA,WIFI_DROP,
8.776,4,STA,WIFI_DROP,
8.776,6,STA,WIFI_DROP,
8.776,8,STA,WIFI_DROP,
8.7784,4,STA,WIFI_DROP,
8.7784,6,STA,WIFI_DROP,
8.7784,8,STA,WIFI_DROP,
8.7808,4,STA,WIFI_DROP,
8.7808,6,STA,WIFI_DROP,
8.7808,8,STA,WIFI_DROP,
8.7832,4,STA,WIFI_DROP,
8.7832,6,STA,WIFI_DROP,
8.7832,8,STA,WIFI_DROP,
8.7856,4,STA,WIFI_DROP,
8.7856,6,STA,WIFI_DROP,
8.7856,8,STA,WIFI_DROP,
8.788,4,STA,WIFI_DROP,
8.788,6,STA,WIFI_DROP,
8.788,8,STA,WIFI_DROP,
8.7904,4,STA,WIFI_DROP,
8.7904,6,STA,WIFI_DROP,
8.7904,8,STA,WIFI_DROP,
8.7928,4,STA,WIFI_DROP,
8.7928,6,STA,WIFI_DROP,
8.7928,8,STA,WIFI_DROP,
8.7952,4,STA,WIFI_DROP,
8.7952,6,STA,WIFI_DROP,
8.7952,8,STA,WIFI_DROP,
8.7976,4,STA,WIFI_DROP,
8.7976,6,STA,WIFI_DROP,
8.7976,8,STA,WIFI_DROP,
8.8,4,STA,WIFI_DROP,
8.8,6,STA,WIFI_DROP,
8.8,8,STA,WIFI_DROP,
8.8024,4,STA,WIFI_DROP,
8.8024,6,STA,WIFI_DROP,
8.8024,8,STA,WIFI_DROP,
8.8048,4,STA,WIFI_DROP,
8.8048,6,STA,WIFI_DROP,
8.8048,8,STA,WIFI_DROP,
8.8072,4,STA,WIFI_DROP,
8.8072,6,STA,WIFI_DROP,
8.8072,8,STA,WIFI_DROP,
8.8096,4,STA,WIFI_DROP,
8.8096,5,STA,WIFI_DROP,
8.8096,8,STA,WIFI_DROP,
8.8096,20,STA,WIFI_DROP,
8.812,4,STA,WIFI_DROP,
8.812,5,STA,WIFI_DROP,
8.812,8,STA,WIFI_DROP,
8.812,20,STA,WIFI_DROP,
8.8144,4,STA,WIFI_DROP,
8.8144,5,STA,WIFI_DROP,
8.8144,8,STA,WIFI_DROP,
8.8144,20,STA,WIFI_DROP,
8.8168,4,STA,WIFI_DROP,
8.8168,5,STA,WIFI_DROP,
8.8168,8,STA,WIFI_DROP,
8.8168,20,STA,WIFI_DROP,
8.8192,4,STA,WIFI_DROP,
8.8192,5,STA,WIFI_DROP,
8.8192,8,STA,WIFI_DROP,
8.8192,20,STA,WIFI_DROP,
8.8216,4,STA,WIFI_DROP,
8.8216,5,STA,WIFI_DROP,
8.8216,8,STA,WIFI_DROP,
8.8216,20,STA,WIFI_DROP,
8.824,4,STA,WIFI_DROP,
8.824,5,STA,WIFI_DROP,
8.824,8,STA,WIFI_DROP,
8.824,20,STA,WIFI_DROP,
8.8264,4,STA,WIFI_DROP,
8.8264,5,STA,WIFI_DROP,
8.8264,8,STA,WIFI_DROP,
8.8264,20,STA,WIFI_DROP,
8.8288,4,STA,WIFI_DROP,
8.8288,5,STA,WIFI_DROP,
8.8288,8,STA,WIFI_DROP,
8.8288,20,STA,WIFI_DROP,
8.8312,4,STA,WIFI_DROP,
8.8312,5,STA,WIFI_DROP,
8.8312,8,STA,WIFI_DROP,
8.8312,20,STA,WIFI_DROP,
8.8336,4,STA,WIFI_DROP,
8.8336,5,STA,WIFI_DROP,
8.8336,8,STA,WIFI_DROP,
8.8336,20,STA,WIFI_DROP,
8.836,4,STA,WIFI_DROP,
8.836,5,STA,WIFI_DROP,
8.836,8,STA,WIFI_DROP,
8.836,20,STA,WIFI_DROP,
8.8384,4,STA,WIFI_DROP,
8.8384,5,STA,WIFI_DROP,
8.8384,8,STA,WIFI_DROP,
8.8384,20,STA,WIFI_DROP,
8.8408,4,STA,WIFI_DROP,
8.8408,5,STA,WIFI_DROP,
8.8408,8,STA,WIFI_DROP,
8.8408,20,STA,WIFI_DROP,
8.8432,4,STA,WIFI_DROP,
8.8432,5,STA,WIFI_DROP,
8.8432,8,STA,WIFI_DROP,
8.8432,20,STA,WIFI_DROP,
8.8456,4,STA,WIFI_DROP,
8.8456,5,STA,WIFI_DROP,
8.8456,8,STA,WIFI_DROP,
8.8456,20,STA,WIFI_DROP,
8.848,4,STA,WIFI_DROP,
8.848,5,STA,WIFI_DROP,
8.848,8,STA,WIFI_DROP,
8.848,20,STA,WIFI_DROP,
8.8504,4,STA,WIFI_DROP,
8.8504,5,STA,WIFI_DROP,
8.8504,8,STA,WIFI_DROP,
8.8504,20,STA,WIFI_DROP,
8.8528,4,STA,WIFI_DROP,
8.8528,5,STA,WIFI_DROP,
8.8528,8,STA,WIFI_DROP,
8.8528,20,STA,WIFI_DROP,
8.8552,4,STA,WIFI_DROP,
8.8552,5,STA,WIFI_DROP,
8.8552,8,STA,WIFI_DROP,
8.8552,20,STA,WIFI_DROP,
8.8576,4,STA,WIFI_DROP,
8.8576,5,STA,WIFI_DROP,
8.8576,8,STA,WIFI_DROP,
8.8576,20,STA,WIFI_DROP,
8.86,4,STA,WIFI_DROP,
8.86,5,STA,WIFI_DROP,
8.86,8,STA,WIFI_DROP,
8.86,20,STA,WIFI_DROP,
8.8624,4,STA,WIFI_DROP,
8.8624,5,STA,WIFI_DROP,
8.8624,8,STA,WIFI_DROP,
8.8624,20,STA,WIFI_DROP,
8.8648,4,STA,WIFI_DROP,
8.8648,5,STA,WIFI_DROP,
8.8648,8,STA,WIFI_DROP,
8.8648,20,STA,WIFI_DROP,
8.8672,4,STA,WIFI_DROP,
8.8672,5,STA,WIFI_DROP,
8.8672,8,STA,WIFI_DROP,
8.8672,20,STA,WIFI_DROP,
8.8696,4,STA,WIFI_DROP,
8.8696,5,STA,WIFI_DROP,
8.8696,8,STA,WIFI_DROP,
8.8696,20,STA,WIFI_DROP,
8.872,4,STA,WIFI_DROP,
8.872,5,STA,WIFI_DROP,
8.872,8,STA,WIFI_DROP,
8.872,20,STA,WIFI_DROP,
8.8744,4,STA,WIFI_DROP,
8.8744,5,STA,WIFI_DROP,
8.8744,8,STA,WIFI_DROP,
8.8744,20,STA,WIFI_DROP,
8.8768,4,STA,WIFI_DROP,
8.8768,5,STA,WIFI_DROP,
8.8768,8,STA,WIFI_DROP,
8.8768,20,STA,WIFI_DROP,
8.8792,4,STA,WIFI_DROP,
8.8792,5,STA,WIFI_DROP,
8.8792,8,STA,WIFI_DROP,
8.8792,20,STA,WIFI_DROP,
8.8816,4,STA,WIFI_DROP,
8.8816,5,STA,WIFI_DROP,
8.8816,8,STA,WIFI_DROP,
8.8816,20,STA,WIFI_DROP,
8.884,4,STA,WIFI_DROP,
8.884,5,STA,WIFI_DROP,
8.884,8,STA,WIFI_DROP,
8.884,20,STA,WIFI_DROP,
8.8864,4,STA,WIFI_DROP,
8.8864,5,STA,WIFI_DROP,
8.8864,8,STA,WIFI_DROP,
8.8864,20,STA,WIFI_DROP,
8.8888,4,STA,WIFI_DROP,
8.8888,5,STA,WIFI_DROP,
8.8888,8,STA,WIFI_DROP,
8.8888,20,STA,WIFI_DROP,
8.8912,4,STA,WIFI_DROP,
8.8912,5,STA,WIFI_DROP,
8.8912,8,STA,WIFI_DROP,
8.8912,20,STA,WIFI_DROP,
8.8936,4,STA,WIFI_DROP,
8.8936,5,STA,WIFI_DROP,
8.8936,8,STA,WIFI_DROP,
8.8936,20,STA,WIFI_DROP,
8.896,4,STA,WIFI_DROP,
8.896,5,STA,WIFI_DROP,
8.896,8,STA,WIFI_DROP,
8.896,20,STA,WIFI_DROP,
8.8984,4,STA,WIFI_DROP,
8.8984,5,STA,WIFI_DROP,
8.8984,8,STA,WIFI_DROP,
8.8984,20,STA,WIFI_DROP,
8.9008,4,STA,WIFI_DROP,
8.9008,5,STA,WIFI_DROP,
8.9008,8,STA,WIFI_DROP,
8.9008,20,STA,WIFI_DROP,
8.9032,4,STA,WIFI_DROP,
8.9032,5,STA,WIFI_DROP,
8.9032,8,STA,WIFI_DROP,
8.9032,20,STA,WIFI_DROP,
8.9056,4,STA,WIFI_DROP,
8.9056,5,STA,WIFI_DROP,
8.9056,8,STA,WIFI_DROP,
8.9056,20,STA,WIFI_DROP,
8.908,4,STA,WIFI_DROP,
8.908,5,STA,WIFI_DROP,
8.908,8,STA,WIFI_DROP,
8.908,20,STA,WIFI_DROP,
8.9104,4,STA,WIFI_DROP,
8.9104,5,STA,WIFI_DROP,
8.9104,8,STA,WIFI_DROP,
8.9104,20,STA,WIFI_DROP,
8.9128,4,STA,WIFI_DROP,
8.9128,8,STA,WIFI_DROP,
8.9128,20,STA,WIFI_DROP,
8.9152,4,STA,WIFI_DROP,
8.9152,8,STA,WIFI_DROP,
8.9152,20,STA,WIFI_DROP,
8.9176,4,STA,WIFI_DROP,
8.9176,8,STA,WIFI_DROP,
8.9176,20,STA,WIFI_DROP,
8.92,4,STA,WIFI_DROP,
8.92,8,STA,WIFI_DROP,
8.92,20,STA,WIFI_DROP,
8.9224,4,STA,WIFI_DROP,
8.9224,8,STA,WIFI_DROP,
8.9224,20,STA,WIFI_DROP,
8.9248,4,STA,WIFI_DROP,
8.9248,8,STA,WIFI_DROP,
8.9248,20,STA,WIFI_DROP,
8.9272,4,STA,WIFI_DROP,
8.9272,8,STA,WIFI_DROP,
8.9272,20,STA,WIFI_DROP,
8.9296,4,STA,WIFI_DROP,
8.9296,8,STA,WIFI_DROP,
8.9296,20,STA,WIFI_DROP,
8.932,4,STA,WIFI_DROP,
8.932,8,STA,WIFI_DROP,
8.932,20,STA,WIFI_DROP,
8.9344,4,STA,WIFI_DROP,
8.9344,8,STA,WIFI_DROP,
8.9344,20,STA,WIFI_DROP,
8.9368,4,STA,WIFI_DROP,
8.9368,8,STA,WIFI_DROP,
8.9368,20,STA,WIFI_DROP,
8.9392,4,STA,WIFI_DROP,
8.9392,8,STA,WIFI_DROP,
8.9392,20,STA,WIFI_DROP,
8.9416,4,STA,WIFI_DROP,
8.9416,8,STA,WIFI_DROP,
8.9416,20,STA,WIFI_DROP,
8.944,4,STA,WIFI_DROP,
8.944,8,STA,WIFI_DROP,
8.944,20,STA,WIFI_DROP,
8.9464,4,STA,WIFI_DROP,
8.9464,8,STA,WIFI_DROP,
8.9464,20,STA,WIFI_DROP,
8.9488,4,STA,WIFI_DROP,
8.9488,8,STA,WIFI_DROP,
8.9488,20,STA,WIFI_DROP,
8.9512,4,STA,WIFI_DROP,
8.9512,8,STA,WIFI_DROP,
8.9512,20,STA,WIFI_DROP,
8.9536,4,STA,WIFI_DROP,
8.9536,8,STA,WIFI_DROP,
8.9536,20,STA,WIFI_DROP,
8.956,4,STA,WIFI_DROP,
8.956,8,STA,WIFI_DROP,
8.956,20,STA,WIFI_DROP,
8.9584,4,STA,WIFI_DROP,
8.9584,8,STA,WIFI_DROP,
8.9584,20,STA,WIFI_DROP,
8.9608,4,STA,WIFI_DROP,
8.9608,8,STA,WIFI_DROP,
8.9608,20,STA,WIFI_DROP,
8.9632,4,STA,WIFI_DROP,
8.9632,8,STA,WIFI_DROP,
8.9632,20,STA,WIFI_DROP,
8.9656,4,STA,WIFI_DROP,
8.9656,8,STA,WIFI_DROP,
8.9656,20,STA,WIFI_DROP,
8.968,4,STA,WIFI_DROP,
8.968,8,STA,WIFI_DROP,
8.968,20,STA,WIFI_DROP,
8.9704,4,STA,WIFI_DROP,
8.9704,8,STA,WIFI_DROP,
8.9704,20,STA,WIFI_DROP,
8.9728,4,STA,WIFI_DROP,
8.9728,8,STA,WIFI_DROP,
8.9728,20,STA,WIFI_DROP,
8.9752,4,STA,WIFI_DROP,
8.9752,8,STA,WIFI_DROP,
8.9776,4,STA,WIFI_DROP,
8.9776,8,STA,WIFI_DROP,
8.98,4,STA,WIFI_DROP,
8.98,8,STA,WIFI_DROP,
8.9824,4,STA,WIFI_DROP,
8.9824,8,STA,WIFI_DROP,
8.9848,4,STA,WIFI_DROP,
8.9848,8,STA,WIFI_DROP,
8.9872,4,STA,WIFI_DROP,
8.9872,8,STA,WIFI_DROP,
8.9896,4,STA,WIFI_DROP,
8.9896,8,STA,WIFI_DROP,
8.992,4,STA,WIFI_DROP,
8.992,8,STA,WIFI_DROP,
8.9944,4,STA,WIFI_DROP,
8.9944,8,STA,WIFI_DROP,
8.9968,4,STA,WIFI_DROP,
8.9968,8,STA,WIFI_DROP,
8.9992,4,STA,WIFI_DROP,
8.9992,8,STA,WIFI_DROP,
9,2,STA,THROUGHPUT_MBPS,5.256000
9,3,STA,THROUGHPUT_MBPS,0.660000
9,4,STA,THROUGHPUT_MBPS,2.832000
9,5,STA,THROUGHPUT_MBPS,4.440000
9,6,STA,THROUGHPUT_MBPS,0.168000
9,9,STA,THROUGHPUT_MBPS,2.472000
9,10,STA,THROUGHPUT_MBPS,1.272000
9,14,STA,THROUGHPUT_MBPS,3.156000
9,15,STA,THROUGHPUT_MBPS,3.060000
9,18,STA,THROUGHPUT_MBPS,1.548000
9,20,STA,THROUGHPUT_MBPS,1.572000
9,1,AP,AGGREGATE_THROUGHPUT_MBPS,26.436000
9,1,AP,SENT_COUNT,8340.000000
9,1,AP,RECV_COUNT,2203.000000
9,1,AP,LATENCY_P95_MS,537.295131
9.0016,4,STA,WIFI_DROP,
9.0016,8,STA,WIFI_DROP,
9.004,4,STA,WIFI_DROP,
9.004,8,STA,WIFI_DROP,
9.0064,4,STA,WIFI_DROP,
9.0064,8,STA,WIFI_DROP,
9.0088,4,STA,WIFI_DROP,
9.0112,4,STA,WIFI_DROP,
9.0136,4,STA,WIFI_DROP,
9.016,4,STA,WIFI_DROP,
9.0184,4,STA,WIFI_DROP,
9.0208,4,STA,WIFI_DROP,
9.0232,4,STA,WIFI_DROP,
9.0256,4,STA,WIFI_DROP,
9.028,4,STA,WIFI_DROP,
9.0304,4,STA,WIFI_DROP,
9.0328,4,STA,WIFI_DROP,
9.0352,4,STA,WIFI_DROP,
9.0376,4,STA,WIFI_DROP,
9.04,4,STA,WIFI_DROP,
9.0424,4,STA,WIFI_DROP,
9.0448,4,STA,WIFI_DROP,
9.0472,4,STA,WIFI_DROP,
9.0496,4,STA,WIFI_DROP,
9.052,4,STA,WIFI_DROP,
9.0544,4,STA,WIFI_DROP,
9.0568,4,STA,WIFI_DROP,
9.0592,4,STA,WIFI_DROP,
9.0616,4,STA,WIFI_DROP,
9.064,4,STA,WIFI_DROP,
9.0664,4,STA,WIFI_DROP,
9.0688,4,STA,WIFI_DROP,
9.0712,4,STA,WIFI_DROP,
9.0736,4,STA,WIFI_DROP,
9.076,4,STA,WIFI_DROP,
9.0784,4,STA,WIFI_DROP,
9.0808,4,STA,WIFI_DROP,
9.0832,4,STA,WIFI_DROP,
9.0856,4,STA,WIFI_DROP,
9.088,4,STA,WIFI_DROP,
9.0904,4,STA,WIFI_DROP,
9.0928,4,STA,WIFI_DROP,
9.0952,4,STA,WIFI_DROP,
9.0976,4,STA,WIFI_DROP,
9.1,4,STA,WIFI_DROP,
9.1024,4,STA,WIFI_DROP,
9.1048,4,STA,WIFI_DROP,
9.1072,4,STA,WIFI_DROP,
9.1096,4,STA,WIFI_DROP,
9.112,4,STA,WIFI_DROP,
9.1144,4,STA,WIFI_DROP,
9.1168,4,STA,WIFI_DROP,
9.1192,4,STA,WIFI_DROP,
9.1216,4,STA,WIFI_DROP,
9.124,4,STA,WIFI_DROP,
9.1264,4,STA,WIFI_DROP,
9.1288,4,STA,WIFI_DROP,
9.1312,4,STA,WIFI_DROP,
9.1336,4,STA,WIFI_DROP,
9.136,4,STA,WIFI_DROP,
9.1384,4,STA,WIFI_DROP,
9.1408,4,STA,WIFI_DROP,
9.1432,4,STA,WIFI_DROP,
9.1456,4,STA,WIFI_DROP,
9.148,4,STA,WIFI_DROP,
9.1504,4,STA,WIFI_DROP,
9.1528,4,STA,WIFI_DROP,
9.1552,4,STA,WIFI_DROP,
9.1576,4,STA,WIFI_DROP,
9.16,4,STA,WIFI_DROP,
9.1624,4,STA,WIFI_DROP,
9.1648,4,STA,WIFI_DROP,
9.1672,4,STA,WIFI_DROP,
9.1696,4,STA,WIFI_DROP,
9.172,4,STA,WIFI_DROP,
9.1744,4,STA,WIFI_DROP,
9.1768,4,STA,WIFI_DROP,
9.1792,4,STA,WIFI_DROP,
9.1816,4,STA,WIFI_DROP,
9.184,4,STA,WIFI_DROP,
9.1864,4,STA,WIFI_DROP,
9.1888,4,STA,WIFI_DROP,
9.1912,4,STA,WIFI_DROP,
9.1936,4,STA,WIFI_DROP,
9.196,4,STA,WIFI_DROP,
9.1984,4,STA,WIFI_DROP,
9.2008,4,STA,WIFI_DROP,
9.2032,4,STA,WIFI_DROP,
9.2056,4,STA,WIFI_DROP,
9.6304,16,STA,WIFI_DROP,
9.6328,16,STA,WIFI_DROP,
9.6352,16,STA,WIFI_DROP,
9.6376,16,STA,WIFI_DROP,
9.64,16,STA,WIFI_DROP,
9.6424,16,STA,WIFI_DROP,
9.6448,16,STA,WIFI_DROP,
9.6472,16,STA,WIFI_DROP,
9.6496,16,STA,WIFI_DROP,
9.652,16,STA,WIFI_DROP,
9.6544,16,STA,WIFI_DROP,
9.6568,16,STA,WIFI_DROP,
9.6592,16,STA,WIFI_DROP,
9.6616,16,STA,WIFI_DROP,
9.664,16,STA,WIFI_DROP,
9.6664,16,STA,WIFI_DROP,
9.6688,16,STA,WIFI_DROP,
9.6712,16,STA,WIFI_DROP,
9.6736,16,STA,WIFI_DROP,
9.676,16,STA,WIFI_DROP,
9.6784,16,STA,WIFI_DROP,
9.6808,16,STA,WIFI_DROP,
9.6832,16,STA,WIFI_DROP,
9.6856,16,STA,WIFI_DROP,
9.688,16,STA,WIFI_DROP,
9.6904,16,STA,WIFI_DROP,
9.6928,16,STA,WIFI_DROP,
9.6952,16,STA,WIFI_DROP,
9.6976,16,STA,WIFI_DROP,
9.7,16,STA,WIFI_DROP,
9.7024,16,STA,WIFI_DROP,
9.7048,16,STA,WIFI_DROP,
9.7072,16,STA,WIFI_DROP,
9.7096,16,STA,WIFI_DROP,
9.712,16,STA,WIFI_DROP,
9.7144,16,STA,WIFI_DROP,
9.7168,16,STA,WIFI_DROP,
9.7192,16,STA,WIFI_DROP,
9.7216,16,STA,WIFI_DROP,
9.724,16,STA,WIFI_DROP,
9.7264,16,STA,WIFI_DROP,
9.7288,16,STA,WIFI_DROP,
9.7312,4,STA,WIFI_DROP,
9.7312,16,STA,WIFI_DROP,
9.7336,4,STA,WIFI_DROP,
9.7336,16,STA,WIFI_DROP,
9.736,4,STA,WIFI_DROP,
9.736,16,STA,WIFI_DROP,
9.7384,4,STA,WIFI_DROP,
9.7384,16,STA,WIFI_DROP,
9.7408,4,STA,WIFI_DROP,
9.7408,16,STA,WIFI_DROP,
9.7432,4,STA,WIFI_DROP,
9.7432,16,STA,WIFI_DROP,
9.7456,4,STA,WIFI_DROP,
9.7456,16,STA,WIFI_DROP,
9.748,4,STA,WIFI_DROP,
9.748,16,STA,WIFI_DROP,
9.7504,4,STA,WIFI_DROP,
9.7504,16,STA,WIFI_DROP,
9.7528,4,STA,WIFI_DROP,
9.7528,16,STA,WIFI_DROP,
9.7552,4,STA,WIFI_DROP,
9.7552,16,STA,WIFI_DROP,
9.7576,4,STA,WIFI_DROP,
9.7576,16,STA,WIFI_DROP,
9.76,4,STA,WIFI_DROP,
9.76,16,STA,WIFI_DROP,
9.7624,4,STA,WIFI_DROP,
9.7624,16,STA,WIFI_DROP,
9.7648,4,STA,WIFI_DROP,
9.7648,16,STA,WIFI_DROP,
9.7672,4,STA,WIFI_DROP,
9.7672,16,STA,WIFI_DROP,
9.7696,4,STA,WIFI_DROP,
9.7696,16,STA,WIFI_DROP,
9.772,4,STA,WIFI_DROP,
9.772,16,STA,WIFI_DROP,
9.7744,4,STA,WIFI_DROP,
9.7744,16,STA,WIFI_DROP,
9.7768,4,STA,WIFI_DROP,
9.7768,16,STA,WIFI_DROP,
9.7792,4,STA,WIFI_DROP,
9.7792,16,STA,WIFI_DROP,
9.7816,4,STA,WIFI_DROP,
9.7816,16,STA,WIFI_DROP,
9.784,4,STA,WIFI_DROP,
9.7864,4,STA,WIFI_DROP,
9.7888,4,STA,WIFI_DROP,
9.7912,4,STA,WIFI_DROP,
9.7936,4,STA,WIFI_DROP,
9.796,4,STA,WIFI_DROP,
9.7984,4,STA,WIFI_DROP,
9.8008,4,STA,WIFI_DROP,
9.8032,4,STA,WIFI_DROP,
9.8056,4,STA,WIFI_DROP,
9.808,4,STA,WIFI_DROP,
9.8104,4,STA,WIFI_DROP,
9.8128,4,STA,WIFI_DROP,
9.8152,4,STA,WIFI_DROP,
9.8176,4,STA,WIFI_DROP,
9.82,4,STA,WIFI_DROP,
9.8224,4,STA,WIFI_DROP,
9.8248,4,STA,WIFI_DROP,
9.8272,4,STA,WIFI_DROP,
9.8296,4,STA,WIFI_DROP,
9.832,4,STA,WIFI_DROP,
9.8344,4,STA,WIFI_DROP,
9.8368,4,STA,WIFI_DROP,
9.8392,4,STA,WIFI_DROP,
9.8416,4,STA,WIFI_DROP,
9.844,4,STA,WIFI_DROP,
9.8464,4,STA,WIFI_DROP,
9.8488,4,STA,WIFI_DROP,
9.8512,4,STA,WIFI_DROP,
9.8536,4,STA,WIFI_DROP,
9.856,4,STA,WIFI_DROP,
9.8584,4,STA,WIFI_DROP,
9.8608,4,STA,WIFI_DROP,
9.8632,4,STA,WIFI_DROP,
9.8656,4,STA,WIFI_DROP,
9.868,4,STA,WIFI_DROP,
9.8704,4,STA,WIFI_DROP,
9.8728,4,STA,WIFI_DROP,
9.8752,4,STA,WIFI_DROP,
9.8776,4,STA,WIFI_DROP,
9.88,4,STA,WIFI_DROP,
10,2,STA,THROUGHPUT_MBPS,3.384000
10,3,STA,THROUGHPUT_MBPS,0.768000
10,4,STA,THROUGHPUT_MBPS,0.216000
10,5,STA,THROUGHPUT_MBPS,4.344000
10,6,STA,THROUGHPUT_MBPS,0.792000
10,8,STA,THROUGHPUT_MBPS,1.380000
10,9,STA,THROUGHPUT_MBPS,1.740000
10,10,STA,THROUGHPUT_MBPS,1.776000
10,14,STA,THROUGHPUT_MBPS,3.768000
10,15,STA,THROUGHPUT_MBPS,0.588000
10,18,STA,THROUGHPUT_MBPS,2.112000
10,1,AP,AGGREGATE_THROUGHPUT_MBPS,20.868000
10,1,AP,SENT_COUNT,8320.000000
10,1,AP,RECV_COUNT,1739.000000
10,1,AP,LATENCY_P95_MS,531.651177
10.5544,19,STA,WIFI_DROP,
10.5568,19,STA,WIFI_DROP,
10.5592,19,STA,WIFI_DROP,
10.5616,19,STA,WIFI_DROP,
10.564,19,STA,WIFI_DROP,
10.5664,19,STA,WIFI_DROP,
10.5688,19,STA,WIFI_DROP,
10.5712,19,STA,WIFI_DROP,
10.5736,19,STA,WIFI_DROP,
10.576,19,STA,WIFI_DROP,
10.5784,19,STA,WIFI_DROP,
10.5808,19,STA,WIFI_DROP,
10.5832,19,STA,WIFI_DROP,
10.5856,19,STA,WIFI_DROP,
10.588,19,STA,WIFI_DROP,
10.5904,19,STA,WIFI_DROP,
10.5928,19,STA,WIFI_DROP,
10.5952,19,STA,WIFI_DROP,
10.5976,19,STA,WIFI_DROP,
10.6,19,STA,WIFI_DROP,
10.6024,19,STA,WIFI_DROP,
10.6048,19,STA,WIFI_DROP,
10.6072,19,STA,WIFI_DROP,
10.6096,19,STA,WIFI_DROP,
10.612,19,STA,WIFI_DROP,
10.6144,19,STA,WIFI_DROP,
10.6168,19,STA,WIFI_DROP,
10.6192,19,STA,WIFI_DROP,
10.6216,19,STA,WIFI_DROP,
10.624,19,STA,WIFI_DROP,
10.6264,19,STA,WIFI_DROP,
10.6288,19,STA,WIFI_DROP,
10.6312,19,STA,WIFI_DROP,
10.6336,19,STA,WIFI_DROP,
10.636,19,STA,WIFI_DROP,
10.6384,19,STA,WIFI_DROP,
10.6408,19,STA,WIFI_DROP,
10.6432,19,STA,WIFI_DROP,
10.6456,19,STA,WIFI_DROP,
10.648,19,STA,WIFI_DROP,
10.6504,19,STA,WIFI_DROP,
10.6528,19,STA,WIFI_DROP,
10.6552,19,STA,WIFI_DROP,
10.6576,19,STA,WIFI_DROP,
10.66,19,STA,WIFI_DROP,
10.6624,19,STA,WIFI_DROP,
10.6648,19,STA,WIFI_DROP,
10.6672,19,STA,WIFI_DROP,
10.6696,19,STA,WIFI_DROP,
10.672,19,STA,WIFI_DROP,
10.6744,19,STA,WIFI_DROP,
10.6768,19,STA,WIFI_DROP,
10.6792,19,STA,WIFI_DROP,
10.6816,19,STA,WIFI_DROP,
10.684,19,STA,WIFI_DROP,
10.6864,19,STA,WIFI_DROP,
10.6888,19,STA,WIFI_DROP,
10.6912,19,STA,WIFI_DROP,
10.6936,19,STA,WIFI_DROP,
10.696,19,STA,WIFI_DROP,
10.6984,19,STA,WIFI_DROP,
10.7008,19,STA,WIFI_DROP,
10.7032,19,STA,WIFI_DROP,
10.7056,19,STA,WIFI_DROP,
10.708,19,STA,WIFI_DROP,
10.7104,19,STA,WIFI_DROP,
10.7128,19,STA,WIFI_DROP,
10.7152,19,STA,WIFI_DROP,
10.7176,19,STA,WIFI_DROP,
10.72,19,STA,WIFI_DROP,
10.7224,19,STA,WIFI_DROP,
10.7248,19,STA,WIFI_DROP,
10.7272,19,STA,WIFI_DROP,
10.7296,19,STA,WIFI_DROP,
10.732,19,STA,WIFI_DROP,
10.7344,19,STA,WIFI_DROP,
10.7368,19,STA,WIFI_DROP,
10.7392,19,STA,WIFI_DROP,
10.7416,19,STA,WIFI_DROP,
10.744,19,STA,WIFI_DROP,
10.7464,19,STA,WIFI_DROP,
10.7488,19,STA,WIFI_DROP,
10.7512,19,STA,WIFI_DROP,
10.7536,19,STA,WIFI_DROP,
10.756,19,STA,WIFI_DROP,
10.7584,20,STA,WIFI_DROP,
10.7608,20,STA,WIFI_DROP,
10.7632,20,STA,WIFI_DROP,
10.7656,20,STA,WIFI_DROP,
10.768,20,STA,WIFI_DROP,
10.7704,20,STA,WIFI_DROP,
10.7728,20,STA,WIFI_DROP,
10.7752,20,STA,WIFI_DROP,
10.7776,20,STA,WIFI_DROP,
10.78,20,STA,WIFI_DROP,
10.7824,20,STA,WIFI_DROP,
10.7848,20,STA,WIFI_DROP,
10.7872,20,STA,WIFI_DROP,
10.7896,20,STA,WIFI_DROP,
10.792,20,STA,WIFI_DROP,
10.7944,20,STA,WIFI_DROP,
10.7968,20,STA,WIFI_DROP,
10.7992,20,STA,WIFI_DROP,
10.8016,20,STA,WIFI_DROP,
10.804,20,STA,WIFI_DROP,
10.8064,20,STA,WIFI_DROP,
10.96,10,STA,WIFI_DROP,
10.9624,10,STA,WIFI_DROP,
10.9648,10,STA,WIFI_DROP,
10.9672,10,STA,WIFI_DROP,
10.9696,10,STA,WIFI_DROP,
10.972,10,STA,WIFI_DROP,
10.9744,10,STA,WIFI_DROP,
10.9768,10,STA,WIFI_DROP,
10.9792,10,STA,WIFI_DROP,
10.9816,10,STA,WIFI_DROP,
10.984,10,STA,WIFI_DROP,
10.9864,10,STA,WIFI_DROP,
10.9888,10,STA,WIFI_DROP,
10.9912,10,STA,WIFI_DROP,
10.9936,10,STA,WIFI_DROP,
10.996,10,STA,WIFI_DROP,
10.9984,10,STA,WIFI_DROP,
11,2,STA,THROUGHPUT_MBPS,0.696000
11,5,STA,THROUGHPUT_MBPS,1.368000
11,6,STA,THROUGHPUT_MBPS,2.076000
11,8,STA,THROUGHPUT_MBPS,1.872000
11,9,STA,THROUGHPUT_MBPS,3.840000
11,10,STA,THROUGHPUT_MBPS,2.796000
11,14,STA,THROUGHPUT_MBPS,1.008000
11,15,STA,THROUGHPUT_MBPS,1.872000
11,18,STA,THROUGHPUT_MBPS,1.032000
11,19,STA,THROUGHPUT_MBPS,0.348000
11,1,AP,AGGREGATE_THROUGHPUT_MBPS,16.908000
11,1,AP,SENT_COUNT,8340.000000
11,1,AP,RECV_COUNT,1409.000000
11,1,AP,LATENCY_P95_MS,547.917890
11.0008,10,STA,WIFI_DROP,
11.0032,10,STA,WIFI_DROP,
11.0056,10,STA,WIFI_DROP,
11.008,10,STA,WIFI_DROP,
11.0104,10,STA,WIFI_DROP,
11.0128,10,STA,WIFI_DROP,
11.0152,10,STA,WIFI_DROP,
11.0176,10,STA,WIFI_DROP,
11.02,10,STA,WIFI_DROP,
11.0224,10,STA,WIFI_DROP,
11.0248,10,STA,WIFI_DROP,
11.0272,10,STA,WIFI_DROP,
11.0296,10,STA,WIFI_DROP,
11.032,10,STA,WIFI_DROP,
11.0344,10,STA,WIFI_DROP,
11.0368,10,STA,WIFI_DROP,
11.0392,10,STA,WIFI_DROP,
11.0416,10,STA,WIFI_DROP,
11.044,10,STA,WIFI_DROP,
11.0464,10,STA,WIFI_DROP,
11.0488,10,STA,WIFI_DROP,
11.0512,10,STA,WIFI_DROP,
11.0536,10,STA,WIFI_DROP,
11.056,10,STA,WIFI_DROP,
11.0584,10,STA,WIFI_DROP,
11.0608,10,STA,WIFI_DROP,
11.7784,19,STA,WIFI_DROP,
11.7808,19,STA,WIFI_DROP,
11.7832,19,STA,WIFI_DROP,
11.7856,19,STA,WIFI_DROP,
11.788,19,STA,WIFI_DROP,
11.7904,19,STA,WIFI_DROP,
11.7928,19,STA,WIFI_DROP,
11.7952,19,STA,WIFI_DROP,
11.7976,19,STA,WIFI_DROP,
11.8,19,STA,WIFI_DROP,
11.8024,19,STA,WIFI_DROP,
11.8048,19,STA,WIFI_DROP,
11.8072,19,STA,WIFI_DROP,
11.8096,19,STA,WIFI_DROP,
11.812,19,STA,WIFI_DROP,
11.8144,19,STA,WIFI_DROP,
11.8168,19,STA,WIFI_DROP,
11.8192,19,STA,WIFI_DROP,
11.8216,19,STA,WIFI_DROP,
11.824,19,STA,WIFI_DROP,
11.8264,19,STA,WIFI_DROP,
11.8288,19,STA,WIFI_DROP,
11.8312,19,STA,WIFI_DROP,
11.8336,19,STA,WIFI_DROP,
11.836,19,STA,WIFI_DROP,
11.8384,19,STA,WIFI_DROP,
11.8408,19,STA,WIFI_DROP,
11.8432,19,STA,WIFI_DROP,
11.8456,19,STA,WIFI_DROP,
11.848,19,STA,WIFI_DROP,
11.8504,19,STA,WIFI_DROP,
11.8528,19,STA,WIFI_DROP,
11.8552,19,STA,WIFI_DROP,
11.8576,19,STA,WIFI_DROP,
11.86,19,STA,WIFI_DROP,
11.8624,19,STA,WIFI_DROP,
11.8648,19,STA,WIFI_DROP,
11.8672,19,STA,WIFI_DROP,
11.8696,19,STA,WIFI_DROP,
11.872,19,STA,WIFI_DROP,
11.8744,19,STA,WIFI_DROP,
11.8768,19,STA,WIFI_DROP,
11.8792,19,STA,WIFI_DROP,
11.8816,16,STA,WIFI_DROP,
11.8816,17,STA,WIFI_DROP,
11.8816,19,STA,WIFI_DROP,
11.884,16,STA,WIFI_DROP,
11.884,17,STA,WIFI_DROP,
11.884,19,STA,WIFI_DROP,
11.8864,16,STA,WIFI_DROP,
11.8864,17,STA,WIFI_DROP,
11.8864,19,STA,WIFI_DROP,
11.8888,16,STA,WIFI_DROP,
11.8888,17,STA,WIFI_DROP,
11.8888,19,STA,WIFI_DROP,
11.8912,16,STA,WIFI_DROP,
11.8912,17,STA,WIFI_DROP,
11.8912,19,STA,WIFI_DROP,
11.8936,16,STA,WIFI_DROP,
11.8936,17,STA,WIFI_DROP,
11.8936,19,STA,WIFI_DROP,
11.896,16,STA,WIFI_DROP,
11.896,17,STA,WIFI_DROP,
11.896,19,STA,WIFI_DROP,
11.8984,16,STA,WIFI_DROP,
11.8984,17,STA,WIFI_DROP,
11.8984,19,STA,WIFI_DROP,
11.9008,16,STA,WIFI_DROP,
11.9008,17,STA,WIFI_DROP,
11.9008,19,STA,WIFI_DROP,
11.9032,16,STA,WIFI_DROP,
11.9032,17,STA,WIFI_DROP,
11.9032,19,STA,WIFI_DROP,
11.9056,16,STA,WIFI_DROP,
11.9056,17,STA,WIFI_DROP,
11.9056,19,STA,WIFI_DROP,
11.908,16,STA,WIFI_DROP,
11.908,17,STA,WIFI_DROP,
11.908,19,STA,WIFI_DROP,
11.9104,16,STA,WIFI_DROP,
11.9104,17,STA,WIFI_DROP,
11.9104,19,STA,WIFI_DROP,
11.9128,16,STA,WIFI_DROP,
11.9128,17,STA,WIFI_DROP,
11.9128,19,STA,WIFI_DROP,
11.9152,16,STA,WIFI_DROP,
11.9152,17,STA,WIFI_DROP,
11.9152,19,STA,WIFI_DROP,
11.9176,16,STA,WIFI_DROP,
11.9176,17,STA,WIFI_DROP,
11.9176,19,STA,WIFI_DROP,
11.92,16,STA,WIFI_DROP,
11.92,17,STA,WIFI_DROP,
11.92,19,STA,WIFI_DROP,
11.9224,16,STA,WIFI_DROP,
11.9224,17,STA,WIFI_DROP,
11.9224,19,STA,WIFI_DROP,
11.9248,16,STA,WIFI_DROP,
11.9248,17,STA,WIFI_DROP,
11.9248,19,STA,WIFI_DROP,
11.9272,16,STA,WIFI_DROP,
11.9272,17,STA,WIFI_DROP,
11.9272,19,STA,WIFI_DROP,
11.9296,16,STA,WIFI_DROP,
11.9296,17,STA,WIFI_DROP,
11.9296,19,STA,WIFI_DROP,
11.932,16,STA,WIFI_DROP,
11.932,17,STA,WIFI_DROP,
11.932,19,STA,WIFI_DROP,
11.9344,16,STA,WIFI_DROP,
11.9344,17,STA,WIFI_DROP,
11.9344,19,STA,WIFI_DROP,
11.9368,16,STA,WIFI_DROP,
11.9368,17,STA,WIFI_DROP,
11.9368,19,STA,WIFI_DROP,
11.9392,16,STA,WIFI_DROP,
11.9392,17,STA,WIFI_DROP,
11.9392,19,STA,WIFI_DROP,
11.9416,16,STA,WIFI_DROP,
11.9416,17,STA,WIFI_DROP,
11.9416,19,STA,WIFI_DROP,
11.944,16,STA,WIFI_DROP,
11.944,17,STA,WIFI_DROP,
11.944,19,STA,WIFI_DROP,
11.9464,16,STA,WIFI_DROP,
11.9464,17,STA,WIFI_DROP,
11.9464,19,STA,WIFI_DROP,
11.9488,16,STA,WIFI_DROP,
11.9488,17,STA,WIFI_DROP,
11.9488,19,STA,WIFI_DROP,
11.9512,16,STA,WIFI_DROP,
11.9512,17,STA,WIFI_DROP,
11.9512,19,STA,WIFI_DROP,
11.9536,16,STA,WIFI_DROP,
11.9536,17,STA,WIFI_DROP,
11.9536,19,STA,WIFI_DROP,
11.956,16,STA,WIFI_DROP,
11.956,17,STA,WIFI_DROP,
11.956,19,STA,WIFI_DROP,
11.9584,16,STA,WIFI_DROP,
11.9584,17,STA,WIFI_DROP,
11.9584,19,STA,WIFI_DROP,
11.9608,16,STA,WIFI_DROP,
11.9608,17,STA,WIFI_DROP,
11.9608,19,STA,WIFI_DROP,
11.9632,16,STA,WIFI_DROP,
11.9632,17,STA,WIFI_DROP,
11.9632,19,STA,WIFI_DROP,
11.9656,16,STA,WIFI_DROP,
11.9656,17,STA,WIFI_DROP,
11.9656,19,STA,WIFI_DROP,
11.968,16,STA,WIFI_DROP,
11.968,17,STA,WIFI_DROP,
11.968,19,STA,WIFI_DROP,
11.9704,16,STA,WIFI_DROP,
11.9704,17,STA,WIFI_DROP,
11.9704,19,STA,WIFI_DROP,
11.9728,16,STA,WIFI_DROP,
11.9728,17,STA,WIFI_DROP,
11.9728,19,STA,WIFI_DROP,
11.9752,16,STA,WIFI_DROP,
11.9752,17,STA,WIFI_DROP,
11.9752,19,STA,WIFI_DROP,
11.9776,16,STA,WIFI_DROP,
11.9776,17,STA,WIFI_DROP,
11.9776,19,STA,WIFI_DROP,
11.98,16,STA,WIFI_DROP,
11.98,17,STA,WIFI_DROP,
11.98,19,STA,WIFI_DROP,
11.9824,16,STA,WIFI_DROP,
11.9824,17,STA,WIFI_DROP,
11.9824,19,STA,WIFI_DROP,
11.9848,16,STA,WIFI_DROP,
11.9848,17,STA,WIFI_DROP,
11.9848,19,STA,WIFI_DROP,
11.9872,16,STA,WIFI_DROP,
11.9872,19,STA,WIFI_DROP,
11.9896,16,STA,WIFI_DROP,
11.9896,19,STA,WIFI_DROP,
11.992,16,STA,WIFI_DROP,
11.992,19,STA,WIFI_DROP,
11.9944,16,STA,WIFI_DROP,
11.9944,19,STA,WIFI_DROP,
11.9968,16,STA,WIFI_DROP,
11.9968,19,STA,WIFI_DROP,
11.9992,16,STA,WIFI_DROP,
11.9992,19,STA,WIFI_DROP,
12,2,STA,THROUGHPUT_MBPS,1.296000
12,3,STA,THROUGHPUT_MBPS,2.460000
12,5,STA,THROUGHPUT_MBPS,0.756000
12,6,STA,THROUGHPUT_MBPS,2.592000
12,8,STA,THROUGHPUT_MBPS,2.268000
12,9,STA,THROUGHPUT_MBPS,4.404000
12,14,STA,THROUGHPUT_MBPS,1.500000
12,15,STA,THROUGHPUT_MBPS,0.672000
12,17,STA,THROUGHPUT_MBPS,0.024000
12,18,STA,THROUGHPUT_MBPS,1.788000
12,19,STA,THROUGHPUT_MBPS,1.272000
12,1,AP,AGGREGATE_THROUGHPUT_MBPS,19.032000
12,1,AP,SENT_COUNT,8340.000000
12,1,AP,RECV_COUNT,1586.000000
12,1,AP,LATENCY_P95_MS,538.073659
12.0016,16,STA,WIFI_DROP,
12.0016,19,STA,WIFI_DROP,
12.004,16,STA,WIFI_DROP,
12.004,19,STA,WIFI_DROP,
12.0064,16,STA,WIFI_DROP,
12.0064,19,STA,WIFI_DROP,
12.0088,16,STA,WIFI_DROP,
12.0088,19,STA,WIFI_DROP,
12.0112,16,STA,WIFI_DROP,
12.0112,19,STA,WIFI_DROP,
12.0136,16,STA,WIFI_DROP,
12.0136,19,STA,WIFI_DROP,
12.016,16,STA,WIFI_DROP,
12.016,19,STA,WIFI_DROP,
12.0184,16,STA,WIFI_DROP,
12.0184,19,STA,WIFI_DROP,
12.0208,16,STA,WIFI_DROP,
12.0208,19,STA,WIFI_DROP,
12.0232,16,STA,WIFI_DROP,
12.0232,19,STA,WIFI_DROP,
12.0256,16,STA,WIFI_DROP,
12.0256,19,STA,WIFI_DROP,
12.028,16,STA,WIFI_DROP,
12.028,19,STA,WIFI_DROP,
12.0304,16,STA,WIFI_DROP,
12.0304,19,STA,WIFI_DROP,
12.0328,16,STA,WIFI_DROP,
12.0328,19,STA,WIFI_DROP,
12.0352,16,STA,WIFI_DROP,
12.0352,19,STA,WIFI_DROP,
12.0376,16,STA,WIFI_DROP,
12.0376,19,STA,WIFI_DROP,
12.04,16,STA,WIFI_DROP,
12.04,19,STA,WIFI_DROP,
12.0424,16,STA,WIFI_DROP,
12.0424,19,STA,WIFI_DROP,
12.0448,16,STA,WIFI_DROP,
12.0448,19,STA,WIFI_DROP,
12.0472,16,STA,WIFI_DROP,
12.0472,19,STA,WIFI_DROP,
12.0496,16,STA,WIFI_DROP,
12.0496,19,STA,WIFI_DROP,
12.052,16,STA,WIFI_DROP,
12.052,19,STA,WIFI_DROP,
12.0544,16,STA,WIFI_DROP,
12.0544,19,STA,WIFI_DROP,
12.0568,16,STA,WIFI_DROP,
12.0568,19,STA,WIFI_DROP,
12.0592,16,STA,WIFI_DROP,
12.0592,19,STA,WIFI_DROP,
12.0616,16,STA,WIFI_DROP,
12.0616,19,STA,WIFI_DROP,
12.064,16,STA,WIFI_DROP,
12.064,19,STA,WIFI_DROP,
12.0664,16,STA,WIFI_DROP,
12.0664,19,STA,WIFI_DROP,
12.0688,16,STA,WIFI_DROP,
12.0688,19,STA,WIFI_DROP,
12.0712,16,STA,WIFI_DROP,
12.0712,19,STA,WIFI_DROP,
12.0736,16,STA,WIFI_DROP,
12.0736,19,STA,WIFI_DROP,
12.076,16,STA,WIFI_DROP,
12.076,19,STA,WIFI_DROP,
12.0784,16,STA,WIFI_DROP,
12.0784,19,STA,WIFI_DROP,
12.0808,16,STA,WIFI_DROP,
12.0808,19,STA,WIFI_DROP,
12.0832,16,STA,WIFI_DROP,
12.0832,19,STA,WIFI_DROP,
12.0856,16,STA,WIFI_DROP,
12.0856,19,STA,WIFI_DROP,
12.088,8,STA,WIFI_DROP,
12.088,16,STA,WIFI_DROP,
12.088,19,STA,WIFI_DROP,
12.0904,8,STA,WIFI_DROP,
12.0904,16,STA,WIFI_DROP,
12.0904,19,STA,WIFI_DROP,
12.0928,8,STA,WIFI_DROP,
12.0928,16,STA,WIFI_DROP,
12.0928,19,STA,WIFI_DROP,
12.0952,8,STA,WIFI_DROP,
12.0952,16,STA,WIFI_DROP,
12.0952,19,STA,WIFI_DROP,
12.0976,8,STA,WIFI_DROP,
12.0976,16,STA,WIFI_DROP,
12.0976,19,STA,WIFI_DROP,
12.1,8,STA,WIFI_DROP,
12.1,16,STA,WIFI_DROP,
12.1,19,STA,WIFI_DROP,
12.1024,8,STA,WIFI_DROP,
12.1024,16,STA,WIFI_DROP,
12.1024,19,STA,WIFI_DROP,
12.1048,8,STA,WIFI_DROP,
12.1048,16,STA,WIFI_DROP,
12.1048,19,STA,WIFI_DROP,
12.1072,8,STA,WIFI_DROP,
12.1072,16,STA,WIFI_DROP,
12.1072,19,STA,WIFI_DROP,
12.1096,8,STA,WIFI_DROP,
12.1096,16,STA,WIFI_DROP,
12.1096,19,STA,WIFI_DROP,
12.112,8,STA,WIFI_DROP,
12.112,16,STA,WIFI_DROP,
12.112,19,STA,WIFI_DROP,
12.1144,8,STA,WIFI_DROP,
12.1144,16,STA,WIFI_DROP,
12.1144,19,STA,WIFI_DROP,
12.1168,8,STA,WIFI_DROP,
12.1168,16,STA,WIFI_DROP,
12.1168,19,STA,WIFI_DROP,
12.1192,8,STA,WIFI_DROP,
12.1192,16,STA,WIFI_DROP,
12.1192,19,STA,WIFI_DROP,
12.1216,8,STA,WIFI_DROP,
12.1216,16,STA,WIFI_DROP,
12.1216,19,STA,WIFI_DROP,
12.124,8,STA,WIFI_DROP,
12.124,16,STA,WIFI_DROP,
12.124,19,STA,WIFI_DROP,
12.1264,8,STA,WIFI_DROP,
12.1264,16,STA,WIFI_DROP,
12.1264,19,STA,WIFI_DROP,
12.1288,8,STA,WIFI_DROP,
12.1288,16,STA,WIFI_DROP,
12.1288,19,STA,WIFI_DROP,
12.1312,8,STA,WIFI_DROP,
12.1312,16,STA,WIFI_DROP,
12.1312,19,STA,WIFI_DROP,
12.1336,8,STA,WIFI_DROP,
12.1336,16,STA,WIFI_DROP,
12.1336,19,STA,WIFI_DROP,
12.136,8,STA,WIFI_DROP,
12.136,16,STA,WIFI_DROP,
12.136,19,STA,WIFI_DROP,
12.1384,8,STA,WIFI_DROP,
12.1384,16,STA,WIFI_DROP,
12.1384,19,STA,WIFI_DROP,
12.1408,8,STA,WIFI_DROP,
12.1408,16,STA,WIFI_DROP,
12.1408,19,STA,WIFI_DROP,
12.1432,8,STA,WIFI_DROP,
12.1432,16,STA,WIFI_DROP,
12.1432,19,STA,WIFI_DROP,
12.1456,8,STA,WIFI_DROP,
12.1456,16,STA,WIFI_DROP,
12.1456,19,STA,WIFI_DROP,
12.148,8,STA,WIFI_DROP,
12.148,16,STA,WIFI_DROP,
12.148,19,STA,WIFI_DROP,
12.1504,8,STA,WIFI_DROP,
12.1504,16,STA,WIFI_DROP,
12.1504,19,STA,WIFI_DROP,
12.1528,8,STA,WIFI_DROP,
12.1528,16,STA,WIFI_DROP,
12.1528,19,STA,WIFI_DROP,
12.1552,8,STA,WIFI_DROP,
12.1552,16,STA,WIFI_DROP,
12.1552,19,STA,WIFI_DROP,
12.1576,8,STA,WIFI_DROP,
12.1576,16,STA,WIFI_DROP,
12.1576,19,STA,WIFI_DROP,
12.16,8,STA,WIFI_DROP,
12.16,16,STA,WIFI_DROP,
12.16,19,STA,WIFI_DROP,
12.1624,8,STA,WIFI_DROP,
12.1624,16,STA,WIFI_DROP,
12.1624,19,STA,WIFI_DROP,
12.1648,8,STA,WIFI_DROP,
12.1648,16,STA,WIFI_DROP,
12.1648,19,STA,WIFI_DROP,
12.1672,8,STA,WIFI_DROP,
12.1672,16,STA,WIFI_DROP,
12.1672,19,STA,WIFI_DROP,
12.1696,8,STA,WIFI_DROP,
12.1696,16,STA,WIFI_DROP,
12.1696,19,STA,WIFI_DROP,
12.172,8,STA,WIFI_DROP,
12.172,16,STA,WIFI_DROP,
12.172,19,STA,WIFI_DROP,
12.1744,8,STA,WIFI_DROP,
12.1744,16,STA,WIFI_DROP,
12.1744,19,STA,WIFI_DROP,
12.1768,8,STA,WIFI_DROP,
12.1768,16,STA,WIFI_DROP,
12.1768,19,STA,WIFI_DROP,
12.1792,8,STA,WIFI_DROP,
12.1792,16,STA,WIFI_DROP,
12.1792,19,STA,WIFI_DROP,
12.1816,8,STA,WIFI_DROP,
12.1816,16,STA,WIFI_DROP,
12.1816,19,STA,WIFI_DROP,
12.184,8,STA,WIFI_DROP,
12.184,16,STA,WIFI_DROP,
12.184,19,STA,WIFI_DROP,
12.1864,8,STA,WIFI_DROP,
12.1864,16,STA,WIFI_DROP,
12.1864,19,STA,WIFI_DROP,
12.1888,8,STA,WIFI_DROP,
12.1888,16,STA,WIFI_DROP,
12.1888,19,STA,WIFI_DROP,
12.1912,8,STA,WIFI_DROP,
12.1912,16,STA,WIFI_DROP,
12.1912,19,STA,WIFI_DROP,
12.1936,8,STA,WIFI_DROP,
12.1936,16,STA,WIFI_DROP,
12.1936,19,STA,WIFI_DROP,
12.196,8,STA,WIFI_DROP,
12.196,16,STA,WIFI_DROP,
12.196,19,STA,WIFI_DROP,
12.1984,8,STA,WIFI_DROP,
12.1984,16,STA,WIFI_DROP,
12.1984,19,STA,WIFI_DROP,
12.2008,8,STA,WIFI_DROP,
12.2008,16,STA,WIFI_DROP,
12.2008,19,STA,WIFI_DROP,
12.2032,8,STA,WIFI_DROP,
12.2032,16,STA,WIFI_DROP,
12.2032,19,STA,WIFI_DROP,
12.2056,8,STA,WIFI_DROP,
12.2056,16,STA,WIFI_DROP,
12.2056,19,STA,WIFI_DROP,
12.208,8,STA,WIFI_DROP,
12.208,16,STA,WIFI_DROP,
12.208,19,STA,WIFI_DROP,
12.2104,8,STA,WIFI_DROP,
12.2104,16,STA,WIFI_DROP,
12.2104,19,STA,WIFI_DROP,
12.2128,8,STA,WIFI_DROP,
12.2128,16,STA,WIFI_DROP,
12.2128,19,STA,WIFI_DROP,
12.2152,8,STA,WIFI_DROP,
12.2152,16,STA,WIFI_DROP,
12.2152,19,STA,WIFI_DROP,
12.2176,8,STA,WIFI_DROP,
12.2176,16,STA,WIFI_DROP,
12.2176,19,STA,WIFI_DROP,
12.22,8,STA,WIFI_DROP,
12.22,16,STA,WIFI_DROP,
12.22,19,STA,WIFI_DROP,
12.2224,8,STA,WIFI_DROP,
12.2224,16,STA,WIFI_DROP,
12.2224,19,STA,WIFI_DROP,
12.2248,8,STA,WIFI_DROP,
12.2248,16,STA,WIFI_DROP,
12.2248,19,STA,WIFI_DROP,
12.2272,8,STA,WIFI_DROP,
12.2272,16,STA,WIFI_DROP,
12.2272,19,STA,WIFI_DROP,
12.2296,8,STA,WIFI_DROP,
12.2296,16,STA,WIFI_DROP,
12.2296,19,STA,WIFI_DROP,
12.232,8,STA,WIFI_DROP,
12.232,16,STA,WIFI_DROP,
12.232,19,STA,WIFI_DROP,
12.2344,8,STA,WIFI_DROP,
12.2344,16,STA,WIFI_DROP,
12.2344,19,STA,WIFI_DROP,
12.2368,8,STA,WIFI_DROP,
12.2368,19,STA,WIFI_DROP,
12.2392,8,STA,WIFI_DROP,
12.2392,19,STA,WIFI_DROP,
12.2416,8,STA,WIFI_DROP,
12.2416,19,STA,WIFI_DROP,
12.244,8,STA,WIFI_DROP,
12.244,19,STA,WIFI_DROP,
12.2464,8,STA,WIFI_DROP,
12.2464,19,STA,WIFI_DROP,
12.2488,8,STA,WIFI_DROP,
12.2488,19,STA,WIFI_DROP,
12.2512,8,STA,WIFI_DROP,
12.2512,19,STA,WIFI_DROP,
12.2536,8,STA,WIFI_DROP,
12.2536,19,STA,WIFI_DROP,
12.256,8,STA,WIFI_DROP,
12.256,19,STA,WIFI_DROP,
12.2584,8,STA,WIFI_DROP,
12.2584,19,STA,WIFI_DROP,
12.2608,8,STA,WIFI_DROP,
12.2608,19,STA,WIFI_DROP,
12.2632,8,STA,WIFI_DROP,
12.2632,19,STA,WIFI_DROP,
12.2656,8,STA,WIFI_DROP,
12.2656,19,STA,WIFI_DROP,
12.268,8,STA,WIFI_DROP,
12.268,19,STA,WIFI_DROP,
12.2704,8,STA,WIFI_DROP,
12.2704,19,STA,WIFI_DROP,
12.2728,8,STA,WIFI_DROP,
12.2728,19,STA,WIFI_DROP,
12.2752,8,STA,WIFI_DROP,
12.2752,19,STA,WIFI_DROP,
12.2776,8,STA,WIFI_DROP,
12.2776,19,STA,WIFI_DROP,
12.28,8,STA,WIFI_DROP,
12.28,19,STA,WIFI_DROP,
12.2824,8,STA,WIFI_DROP,
12.2824,19,STA,WIFI_DROP,
12.2848,8,STA,WIFI_DROP,
12.2848,19,STA,WIFI_DROP,
12.2872,8,STA,WIFI_DROP,
12.2872,19,STA,WIFI_DROP,
12.2896,8,STA,WIFI_DROP,
12.2896,19,STA,WIFI_DROP,
12.292,8,STA,WIFI_DROP,
12.292,19,STA,WIFI_DROP,
12.2944,8,STA,WIFI_DROP,
12.2944,19,STA,WIFI_DROP,
12.2968,8,STA,WIFI_DROP,
12.2968,19,STA,WIFI_DROP,
12.2992,8,STA,WIFI_DROP,
12.2992,19,STA,WIFI_DROP,
12.3016,8,STA,WIFI_DROP,
12.3016,19,STA,WIFI_DROP,
12.304,8,STA,WIFI_DROP,
12.304,19,STA,WIFI_DROP,
12.3064,8,STA,WIFI_DROP,
12.3064,19,STA,WIFI_DROP,
12.3088,8,STA,WIFI_DROP,
12.3088,19,STA,WIFI_DROP,
12.3112,8,STA,WIFI_DROP,
12.3112,19,STA,WIFI_DROP,
12.3136,8,STA,WIFI_DROP,
12.3136,19,STA,WIFI_DROP,
12.316,8,STA,WIFI_DROP,
12.316,19,STA,WIFI_DROP,
12.3184,8,STA,WIFI_DROP,
12.3184,19,STA,WIFI_DROP,
12.3208,8,STA,WIFI_DROP,
12.3208,19,STA,WIFI_DROP,
12.3232,8,STA,WIFI_DROP,
12.3232,19,STA,WIFI_DROP,
12.3256,8,STA,WIFI_DROP,
12.3256,19,STA,WIFI_DROP,
12.328,8,STA,WIFI_DROP,
12.328,19,STA,WIFI_DROP,
12.3304,8,STA,WIFI_DROP,
12.3304,19,STA,WIFI_DROP,
12.3328,8,STA,WIFI_DROP,
12.3352,8,STA,WIFI_DROP,
12.3376,8,STA,WIFI_DROP,
12.34,8,STA,WIFI_DROP,
12.3424,8,STA,WIFI_DROP,
12.3448,8,STA,WIFI_DROP,
12.3472,8,STA,WIFI_DROP,
12.3496,8,STA,WIFI_DROP,
12.352,8,STA,WIFI_DROP,
12.3544,8,STA,WIFI_DROP,
12.3568,8,STA,WIFI_DROP,
12.3592,8,STA,WIFI_DROP,
12.3616,8,STA,WIFI_DROP,
12.364,8,STA,WIFI_DROP,
12.3664,8,STA,WIFI_DROP,
12.3688,8,STA,WIFI_DROP,
12.3712,8,STA,WIFI_DROP,
12.3736,8,STA,WIFI_DROP,
12.376,8,STA,WIFI_DROP,
12.3784,8,STA,WIFI_DROP,
12.3808,8,STA,WIFI_DROP,
12.3832,8,STA,WIFI_DROP,
12.3856,8,STA,WIFI_DROP,
12.388,8,STA,WIFI_DROP,
12.3904,8,STA,WIFI_DROP,
12.3928,8,STA,WIFI_DROP,
12.3952,2,STA,WIFI_DROP,
12.3952,8,STA,WIFI_DROP,
12.3976,2,STA,WIFI_DROP,
12.3976,8,STA,WIFI_DROP,
12.4,2,STA,WIFI_DROP,
12.4,8,STA,WIFI_DROP,
12.4024,2,STA,WIFI_DROP,
12.4024,8,STA,WIFI_DROP,
12.4048,2,STA,WIFI_DROP,
12.4048,8,STA,WIFI_DROP,
12.4072,2,STA,WIFI_DROP,
12.4072,8,STA,WIFI_DROP,
12.4096,2,STA,WIFI_DROP,
12.4096,8,STA,WIFI_DROP,
12.412,2,STA,WIFI_DROP,
12.412,8,STA,WIFI_DROP,
12.4144,2,STA,WIFI_DROP,
12.4144,8,STA,WIFI_DROP,
12.4168,2,STA,WIFI_DROP,
12.4168,8,STA,WIFI_DROP,
12.4192,2,STA,WIFI_DROP,
12.4192,8,STA,WIFI_DROP,
12.4216,2,STA,WIFI_DROP,
12.4216,8,STA,WIFI_DROP,
12.424,2,STA,WIFI_DROP,
12.424,8,STA,WIFI_DROP,
12.4264,2,STA,WIFI_DROP,
12.4264,8,STA,WIFI_DROP,
12.4288,2,STA,WIFI_DROP,
12.4288,8,STA,WIFI_DROP,
12.4312,2,STA,WIFI_DROP,
12.4312,8,STA,WIFI_DROP,
12.4336,2,STA,WIFI_DROP,
12.4336,8,STA,WIFI_DROP,
12.436,2,STA,WIFI_DROP,
12.436,8,STA,WIFI_DROP,
12.4384,2,STA,WIFI_DROP,
12.4384,8,STA,WIFI_DROP,
12.4408,2,STA,WIFI_DROP,
12.4408,8,STA,WIFI_DROP,
12.4432,2,STA,WIFI_DROP,
12.4432,8,STA,WIFI_DROP,
12.4456,2,STA,WIFI_DROP,
12.4456,8,STA,WIFI_DROP,
12.448,2,STA,WIFI_DROP,
12.448,8,STA,WIFI_DROP,
12.4504,2,STA,WIFI_DROP,
12.4504,8,STA,WIFI_DROP,
12.4528,2,STA,WIFI_DROP,
12.4528,8,STA,WIFI_DROP,
12.4552,2,STA,WIFI_DROP,
12.4552,8,STA,WIFI_DROP,
12.4576,2,STA,WIFI_DROP,
12.4576,8,STA,WIFI_DROP,
12.46,2,STA,WIFI_DROP,
12.46,8,STA,WIFI_DROP,
12.4624,2,STA,WIFI_DROP,
12.4624,8,STA,WIFI_DROP,
12.4648,2,STA,WIFI_DROP,
12.4648,8,STA,WIFI_DROP,
12.4672,2,STA,WIFI_DROP,
12.4672,8,STA,WIFI_DROP,
12.4696,2,STA,WIFI_DROP,
12.4696,8,STA,WIFI_DROP,
12.472,2,STA,WIFI_DROP,
12.472,8,STA,WIFI_DROP,
12.4744,2,STA,WIFI_DROP,
12.4744,8,STA,WIFI_DROP,
12.4768,2,STA,WIFI_DROP,
12.4768,8,STA,WIFI_DROP,
12.4792,2,STA,WIFI_DROP,
12.4792,8,STA,WIFI_DROP,
12.4816,2,STA,WIFI_DROP,
12.4816,8,STA,WIFI_DROP,
12.484,2,STA,WIFI_DROP,
12.484,8,STA,WIFI_DROP,
12.4864,2,STA,WIFI_DROP,
12.4864,8,STA,WIFI_DROP,
12.4888,2,STA,WIFI_DROP,
12.4888,8,STA,WIFI_DROP,
12.4912,2,STA,WIFI_DROP,
12.4912,8,STA,WIFI_DROP,
12.4936,2,STA,WIFI_DROP,
12.4936,8,STA,WIFI_DROP,
12.496,2,STA,WIFI_DROP,
12.496,8,STA,WIFI_DROP,
12.4984,2,STA,WIFI_DROP,
12.4984,8,STA,WIFI_DROP,
12.5008,2,STA,WIFI_DROP,
12.5008,8,STA,WIFI_DROP,
12.5032,2,STA,WIFI_DROP,
12.5032,8,STA,WIFI_DROP,
12.5056,2,STA,WIFI_DROP,
12.5056,8,STA,WIFI_DROP,
12.508,2,STA,WIFI_DROP,
12.508,8,STA,WIFI_DROP,
12.5104,2,STA,WIFI_DROP,
12.5104,8,STA,WIFI_DROP,
12.5128,2,STA,WIFI_DROP,
12.5128,8,STA,WIFI_DROP,
12.5152,2,STA,WIFI_DROP,
12.5152,8,STA,WIFI_DROP,
12.5176,2,STA,WIFI_DROP,
12.5176,8,STA,WIFI_DROP,
12.52,2,STA,WIFI_DROP,
12.52,8,STA,WIFI_DROP,
12.5224,2,STA,WIFI_DROP,
12.5224,8,STA,WIFI_DROP,
12.5248,2,STA,WIFI_DROP,
12.5248,8,STA,WIFI_DROP,
12.5272,2,STA,WIFI_DROP,
12.5272,8,STA,WIFI_DROP,
12.5296,2,STA,WIFI_DROP,
12.5296,8,STA,WIFI_DROP,
12.532,2,STA,WIFI_DROP,
12.532,8,STA,WIFI_DROP,
12.5344,2,STA,WIFI_DROP,
12.5344,8,STA,WIFI_DROP,
12.5368,2,STA,WIFI_DROP,
12.5368,8,STA,WIFI_DROP,
12.5392,2,STA,WIFI_DROP,
12.5392,8,STA,WIFI_DROP,
12.5416,2,STA,WIFI_DROP,
12.5416,8,STA,WIFI_DROP,
12.544,2,STA,WIFI_DROP,
12.544,8,STA,WIFI_DROP,
12.5464,2,STA,WIFI_DROP,
12.5464,8,STA,WIFI_DROP,
12.5488,2,STA,WIFI_DROP,
12.5488,8,STA,WIFI_DROP,
12.5512,2,STA,WIFI_DROP,
12.5512,8,STA,WIFI_DROP,
12.5536,2,STA,WIFI_DROP,
12.5536,8,STA,WIFI_DROP,
12.556,2,STA,WIFI_DROP,
12.556,8,STA,WIFI_DROP,
12.5584,2,STA,WIFI_DROP,
12.5584,8,STA,WIFI_DROP,
12.5608,2,STA,WIFI_DROP,
12.5608,8,STA,WIFI_DROP,
12.5632,2,STA,WIFI_DROP,
12.5632,8,STA,WIFI_DROP,
12.5656,2,STA,WIFI_DROP,
12.5656,8,STA,WIFI_DROP,
12.568,2,STA,WIFI_DROP,
12.568,8,STA,WIFI_DROP,
12.5704,2,STA,WIFI_DROP,
12.5704,8,STA,WIFI_DROP,
12.5728,2,STA,WIFI_DROP,
12.5728,8,STA,WIFI_DROP,
12.5752,2,STA,WIFI_DROP,
12.5752,8,STA,WIFI_DROP,
12.5776,2,STA,WIFI_DROP,
12.5776,8,STA,WIFI_DROP,
12.58,2,STA,WIFI_DROP,
12.58,8,STA,WIFI_DROP,
12.5824,2,STA,WIFI_DROP,
12.5824,8,STA,WIFI_DROP,
12.5848,2,STA,WIFI_DROP,
12.5848,8,STA,WIFI_DROP,
12.5872,2,STA,WIFI_DROP,
12.5872,8,STA,WIFI_DROP,
12.5896,2,STA,WIFI_DROP,
12.5896,8,STA,WIFI_DROP,
12.592,2,STA,WIFI_DROP,
12.592,8,STA,WIFI_DROP,
12.5944,2,STA,WIFI_DROP,
12.5944,8,STA,WIFI_DROP,
12.5968,8,STA,WIFI_DROP,
12.5992,8,STA,WIFI_DROP,
12.5992,18,STA,WIFI_DROP,
12.6016,8,STA,WIFI_DROP,
12.6016,18,STA,WIFI_DROP,
12.604,8,STA,WIFI_DROP,
12.604,18,STA,WIFI_DROP,
12.6064,8,STA,WIFI_DROP,
12.6064,18,STA,WIFI_DROP,
12.6088,8,STA,WIFI_DROP,
12.6088,18,STA,WIFI_DROP,
12.6112,8,STA,WIFI_DROP,
12.6112,18,STA,WIFI_DROP,
12.6136,8,STA,WIFI_DROP,
12.6136,18,STA,WIFI_DROP,
12.616,8,STA,WIFI_DROP,
12.616,18,STA,WIFI_DROP,
12.6184,8,STA,WIFI_DROP,
12.6184,18,STA,WIFI_DROP,
12.6208,8,STA,WIFI_DROP,
12.6208,18,STA,WIFI_DROP,
12.6232,8,STA,WIFI_DROP,
12.6232,18,STA,WIFI_DROP,
12.6256,8,STA,WIFI_DROP,
12.6256,18,STA,WIFI_DROP,
12.628,8,STA,WIFI_DROP,
12.628,18,STA,WIFI_DROP,
12.6304,8,STA,WIFI_DROP,
12.6304,18,STA,WIFI_DROP,
12.6328,8,STA,WIFI_DROP,
12.6328,18,STA,WIFI_DROP,
12.6352,8,STA,WIFI_DROP,
12.6352,18,STA,WIFI_DROP,
12.6376,8,STA,WIFI_DROP,
12.6376,18,STA,WIFI_DROP,
12.64,8,STA,WIFI_DROP,
12.64,18,STA,WIFI_DROP,
12.6424,8,STA,WIFI_DROP,
12.6424,18,STA,WIFI_DROP,
12.6448,8,STA,WIFI_DROP,
12.6448,18,STA,WIFI_DROP,
12.6472,8,STA,WIFI_DROP,
12.6472,18,STA,WIFI_DROP,
12.6496,8,STA,WIFI_DROP,
12.6496,18,STA,WIFI_DROP,
12.652,8,STA,WIFI_DROP,
12.652,18,STA,WIFI_DROP,
12.6544,8,STA,WIFI_DROP,
12.6544,18,STA,WIFI_DROP,
12.6568,8,STA,WIFI_DROP,
12.6568,18,STA,WIFI_DROP,
12.6592,8,STA,WIFI_DROP,
12.6592,18,STA,WIFI_DROP,
12.6616,8,STA,WIFI_DROP,
12.6616,18,STA,WIFI_DROP,
12.664,8,STA,WIFI_DROP,
12.664,18,STA,WIFI_DROP,
12.6664,8,STA,WIFI_DROP,
12.6664,18,STA,WIFI_DROP,
12.6688,8,STA,WIFI_DROP,
12.6688,18,STA,WIFI_DROP,
12.6712,8,STA,WIFI_DROP,
12.6712,18,STA,WIFI_DROP,
12.6736,8,STA,WIFI_DROP,
12.6736,18,STA,WIFI_DROP,
12.676,8,STA,WIFI_DROP,
12.676,18,STA,WIFI_DROP,
12.6784,8,STA,WIFI_DROP,
12.6784,18,STA,WIFI_DROP,
12.6808,8,STA,WIFI_DROP,
12.6808,18,STA,WIFI_DROP,
12.6832,8,STA,WIFI_DROP,
12.6832,18,STA,WIFI_DROP,
12.6856,8,STA,WIFI_DROP,
12.6856,18,STA,WIFI_DROP,
12.688,18,STA,WIFI_DROP,
12.6904,18,STA,WIFI_DROP,
12.6928,18,STA,WIFI_DROP,
12.6952,18,STA,WIFI_DROP,
12.6976,18,STA,WIFI_DROP,
12.7,18,STA,WIFI_DROP,
12.7024,18,STA,WIFI_DROP,
12.7048,18,STA,WIFI_DROP,
12.7072,18,STA,WIFI_DROP,
12.7096,18,STA,WIFI_DROP,
12.712,18,STA,WIFI_DROP,
12.7144,18,STA,WIFI_DROP,
12.7168,18,STA,WIFI_DROP,
12.7192,18,STA,WIFI_DROP,
12.7216,18,STA,WIFI_DROP,
12.724,18,STA,WIFI_DROP,
12.7264,18,STA,WIFI_DROP,
12.7288,18,STA,WIFI_DROP,
12.7312,18,STA,WIFI_DROP,
12.7336,18,STA,WIFI_DROP,
12.736,18,STA,WIFI_DROP,
12.7384,18,STA,WIFI_DROP,
12.7408,18,STA,WIFI_DROP,
12.7432,18,STA,WIFI_DROP,
12.7456,18,STA,WIFI_DROP,
12.748,18,STA,WIFI_DROP,
12.7504,18,STA,WIFI_DROP,
12.7528,18,STA,WIFI_DROP,
12.7552,18,STA,WIFI_DROP,
12.7576,18,STA,WIFI_DROP,
12.76,18,STA,WIFI_DROP,
12.7624,18,STA,WIFI_DROP,
12.7648,18,STA,WIFI_DROP,
12.7672,18,STA,WIFI_DROP,
12.7696,18,STA,WIFI_DROP,
12.772,18,STA,WIFI_DROP,
12.7744,18,STA,WIFI_DROP,
12.7768,18,STA,WIFI_DROP,
12.7792,18,STA,WIFI_DROP,
12.7816,18,STA,WIFI_DROP,
12.784,18,STA,WIFI_DROP,
12.7864,18,STA,WIFI_DROP,
12.7888,18,STA,WIFI_DROP,
12.7912,18,STA,WIFI_DROP,
12.7936,18,STA,WIFI_DROP,
12.796,18,STA,WIFI_DROP,
12.7984,18,STA,WIFI_DROP,
13,2,STA,THROUGHPUT_MBPS,1.008000
13,3,STA,THROUGHPUT_MBPS,1.584000
13,5,STA,THROUGHPUT_MBPS,3.108000
13,6,STA,THROUGHPUT_MBPS,3.228000
13,8,STA,THROUGHPUT_MBPS,0.528000
13,9,STA,THROUGHPUT_MBPS,2.700000
13,14,STA,THROUGHPUT_MBPS,0.720000
13,15,STA,THROUGHPUT_MBPS,2.784000
13,17,STA,THROUGHPUT_MBPS,3.312000
13,18,STA,THROUGHPUT_MBPS,1.080000
13,19,STA,THROUGHPUT_MBPS,1.572000
13,1,AP,AGGREGATE_THROUGHPUT_MBPS,21.624000
13,1,AP,SENT_COUNT,8320.000000
13,1,AP,RECV_COUNT,1802.000000
13,1,AP,LATENCY_P95_MS,548.141294
13.2136,13,STA,WIFI_DROP,
13.216,13,STA,WIFI_DROP,
13.2184,13,STA,WIFI_DROP,
13.2208,13,STA,WIFI_DROP,
13.2232,13,STA,WIFI_DROP,
13.2256,13,STA,WIFI_DROP,
13.228,13,STA,WIFI_DROP,
13.2304,13,STA,WIFI_DROP,
13.2328,13,STA,WIFI_DROP,
13.2352,13,STA,WIFI_DROP,
13.2376,13,STA,WIFI_DROP,
13.24,13,STA,WIFI_DROP,
13.2424,13,STA,WIFI_DROP,
13.2448,13,STA,WIFI_DROP,
13.2472,13,STA,WIFI_DROP,
13.2496,13,STA,WIFI_DROP,
13.252,13,STA,WIFI_DROP,
13.2544,13,STA,WIFI_DROP,
13.2568,13,STA,WIFI_DROP,
13.2592,13,STA,WIFI_DROP,
13.2616,13,STA,WIFI_DROP,
13.264,13,STA,WIFI_DROP,
13.2664,13,STA,WIFI_DROP,
13.2688,13,STA,WIFI_DROP,
13.2712,13,STA,WIFI_DROP,
13.2736,13,STA,WIFI_DROP,
13.276,13,STA,WIFI_DROP,
13.2784,13,STA,WIFI_DROP,
13.2808,13,STA,WIFI_DROP,
13.2832,13,STA,WIFI_DROP,
13.2856,13,STA,WIFI_DROP,
13.288,13,STA,WIFI_DROP,
13.2904,13,STA,WIFI_DROP,
13.2928,13,STA,WIFI_DROP,
13.2952,13,STA,WIFI_DROP,
13.2976,13,STA,WIFI_DROP,
13.3,13,STA,WIFI_DROP,
13.3024,13,STA,WIFI_DROP,
13.3048,13,STA,WIFI_DROP,
13.3072,13,STA,WIFI_DROP,
13.3096,13,STA,WIFI_DROP,
13.312,13,STA,WIFI_DROP,
13.3144,13,STA,WIFI_DROP,
13.3168,13,STA,WIFI_DROP,
13.3192,13,STA,WIFI_DROP,
13.3216,13,STA,WIFI_DROP,
13.324,13,STA,WIFI_DROP,
13.3264,13,STA,WIFI_DROP,
13.3288,13,STA,WIFI_DROP,
13.3312,13,STA,WIFI_DROP,
13.3336,13,STA,WIFI_DROP,
13.336,13,STA,WIFI_DROP,
13.3384,13,STA,WIFI_DROP,
13.3408,13,STA,WIFI_DROP,
13.3432,13,STA,WIFI_DROP,
13.3456,13,STA,WIFI_DROP,
13.348,13,STA,WIFI_DROP,
13.3504,13,STA,WIFI_DROP,
13.3528,13,STA,WIFI_DROP,
13.3552,13,STA,WIFI_DROP,
13.3576,13,STA,WIFI_DROP,
13.36,13,STA,WIFI_DROP,
13.3624,13,STA,WIFI_DROP,
13.3648,13,STA,WIFI_DROP,
13.3672,13,STA,WIFI_DROP,
13.3696,13,STA,WIFI_DROP,
13.372,13,STA,WIFI_DROP,
13.3744,13,STA,WIFI_DROP,
13.3768,13,STA,WIFI_DROP,
13.3792,13,STA,WIFI_DROP,
13.3816,13,STA,WIFI_DROP,
13.384,13,STA,WIFI_DROP,
13.3864,13,STA,WIFI_DROP,
13.3888,13,STA,WIFI_DROP,
13.3912,13,STA,WIFI_DROP,
13.3936,13,STA,WIFI_DROP,
13.396,13,STA,WIFI_DROP,
13.3984,13,STA,WIFI_DROP,
13.4008,13,STA,WIFI_DROP,
13.4032,13,STA,WIFI_DROP,
13.4056,13,STA,WIFI_DROP,
13.408,13,STA,WIFI_DROP,
13.4104,13,STA,WIFI_DROP,
13.4128,13,STA,WIFI_DROP,
13.4152,13,STA,WIFI_DROP,
13.4176,13,STA,WIFI_DROP,
13.42,13,STA,WIFI_DROP,
13.4224,13,STA,WIFI_DROP,
13.4248,13,STA,WIFI_DROP,
13.4272,13,STA,WIFI_DROP,
13.4296,13,STA,WIFI_DROP,
13.432,13,STA,WIFI_DROP,
13.4344,13,STA,WIFI_DROP,
13.4368,13,STA,WIFI_DROP,
13.4392,13,STA,WIFI_DROP,
13.4416,13,STA,WIFI_DROP,
13.444,13,STA,WIFI_DROP,
13.4464,13,STA,WIFI_DROP,
13.4488,13,STA,WIFI_DROP,
13.4512,13,STA,WIFI_DROP,
13.4536,13,STA,WIFI_DROP,
13.456,13,STA,WIFI_DROP,
13.4584,13,STA,WIFI_DROP,
13.4608,13,STA,WIFI_DROP,
13.4632,13,STA,WIFI_DROP,
13.828,6,STA,WIFI_DROP,
13.828,14,STA,WIFI_DROP,
13.8304,6,STA,WIFI_DROP,
13.8304,14,STA,WIFI_DROP,
13.8328,6,STA,WIFI_DROP,
13.8328,14,STA,WIFI_DROP,
13.8352,6,STA,WIFI_DROP,
13.8352,14,STA,WIFI_DROP,
13.8376,6,STA,WIFI_DROP,
13.8376,14,STA,WIFI_DROP,
13.84,6,STA,WIFI_DROP,
13.84,14,STA,WIFI_DROP,
13.8424,6,STA,WIFI_DROP,
13.8424,14,STA,WIFI_DROP,
13.8448,6,STA,WIFI_DROP,
13.8448,14,STA,WIFI_DROP,
13.8472,6,STA,WIFI_DROP,
13.8472,14,STA,WIFI_DROP,
13.8496,6,STA,WIFI_DROP,
13.8496,14,STA,WIFI_DROP,
13.852,6,STA,WIFI_DROP,
13.852,14,STA,WIFI_DROP,
13.8544,6,STA,WIFI_DROP,
13.8544,14,STA,WIFI_DROP,
13.8568,6,STA,WIFI_DROP,
13.8568,14,STA,WIFI_DROP,
13.8592,6,STA,WIFI_DROP,
13.8592,14,STA,WIFI_DROP,
13.8616,6,STA,WIFI_DROP,
13.8616,14,STA,WIFI_DROP,
13.864,6,STA,WIFI_DROP,
13.864,14,STA,WIFI_DROP,
13.8664,6,STA,WIFI_DROP,
13.8664,14,STA,WIFI_DROP,
13.8688,6,STA,WIFI_DROP,
13.8688,14,STA,WIFI_DROP,
13.8712,6,STA,WIFI_DROP,
13.8712,14,STA,WIFI_DROP,
13.8736,6,STA,WIFI_DROP,
13.8736,14,STA,WIFI_DROP,
13.876,6,STA,WIFI_DROP,
13.876,14,STA,WIFI_DROP,
13.8784,6,STA,WIFI_DROP,
13.8784,14,STA,WIFI_DROP,
13.8808,6,STA,WIFI_DROP,
13.8808,14,STA,WIFI_DROP,
13.8832,6,STA,WIFI_DROP,
13.8832,14,STA,WIFI_DROP,
13.8856,6,STA,WIFI_DROP,
13.8856,14,STA,WIFI_DROP,
13.888,6,STA,WIFI_DROP,
13.888,14,STA,WIFI_DROP,
13.8904,6,STA,WIFI_DROP,
13.8904,14,STA,WIFI_DROP,
13.8928,6,STA,WIFI_DROP,
13.8928,14,STA,WIFI_DROP,
13.8952,6,STA,WIFI_DROP,
13.8952,14,STA,WIFI_DROP,
13.8976,6,STA,WIFI_DROP,
13.8976,14,STA,WIFI_DROP,
13.9,6,STA,WIFI_DROP,
13.9,14,STA,WIFI_DROP,
13.9024,6,STA,WIFI_DROP,
13.9024,14,STA,WIFI_DROP,
13.9048,6,STA,WIFI_DROP,
13.9048,14,STA,WIFI_DROP,
13.9072,6,STA,WIFI_DROP,
13.9072,14,STA,WIFI_DROP,
13.9096,6,STA,WIFI_DROP,
13.9096,14,STA,WIFI_DROP,
13.912,6,STA,WIFI_DROP,
13.912,14,STA,WIFI_DROP,
13.9144,6,STA,WIFI_DROP,
13.9144,14,STA,WIFI_DROP,
13.9168,6,STA,WIFI_DROP,
13.9168,14,STA,WIFI_DROP,
13.9192,6,STA,WIFI_DROP,
13.9192,14,STA,WIFI_DROP,
13.9216,6,STA,WIFI_DROP,
13.9216,14,STA,WIFI_DROP,
13.924,6,STA,WIFI_DROP,
13.924,14,STA,WIFI_DROP,
13.9264,6,STA,WIFI_DROP,
13.9264,14,STA,WIFI_DROP,
13.9288,6,STA,WIFI_DROP,
13.9288,14,STA,WIFI_DROP,
13.9312,6,STA,WIFI_DROP,
13.9312,14,STA,WIFI_DROP,
13.9336,6,STA,WIFI_DROP,
13.9336,14,STA,WIFI_DROP,
13.936,6,STA,WIFI_DROP,
13.936,14,STA,WIFI_DROP,
13.9384,6,STA,WIFI_DROP,
13.9384,14,STA,WIFI_DROP,
13.9408,6,STA,WIFI_DROP,
13.9408,14,STA,WIFI_DROP,
13.9432,6,STA,WIFI_DROP,
13.9432,14,STA,WIFI_DROP,
13.9456,6,STA,WIFI_DROP,
13.9456,14,STA,WIFI_DROP,
13.948,6,STA,WIFI_DROP,
13.948,14,STA,WIFI_DROP,
13.9504,6,STA,WIFI_DROP,
13.9504,14,STA,WIFI_DROP,
13.9528,6,STA,WIFI_DROP,
13.9528,14,STA,WIFI_DROP,
13.9552,6,STA,WIFI_DROP,
13.9552,14,STA,WIFI_DROP,
13.9576,6,STA,WIFI_DROP,
13.9576,14,STA,WIFI_DROP,
13.96,6,STA,WIFI_DROP,
13.96,14,STA,WIFI_DROP,
13.9624,6,STA,WIFI_DROP,
13.9624,14,STA,WIFI_DROP,
13.9648,6,STA,WIFI_DROP,
13.9648,14,STA,WIFI_DROP,
13.9672,6,STA,WIFI_DROP,
13.9672,14,STA,WIFI_DROP,
13.9696,6,STA,WIFI_DROP,
13.9696,14,STA,WIFI_DROP,
13.972,6,STA,WIFI_DROP,
13.972,14,STA,WIFI_DROP,
13.9744,6,STA,WIFI_DROP,
13.9744,14,STA,WIFI_DROP,
13.9768,6,STA,WIFI_DROP,
13.9768,14,STA,WIFI_DROP,
13.9792,6,STA,WIFI_DROP,
13.9792,14,STA,WIFI_DROP,
13.9816,6,STA,WIFI_DROP,
13.9816,14,STA,WIFI_DROP,
13.984,6,STA,WIFI_DROP,
13.984,14,STA,WIFI_DROP,
13.9864,6,STA,WIFI_DROP,
13.9864,14,STA,WIFI_DROP,
13.9888,6,STA,WIFI_DROP,
13.9888,14,STA,WIFI_DROP,
13.9912,6,STA,WIFI_DROP,
13.9912,14,STA,WIFI_DROP,
13.9936,6,STA,WIFI_DROP,
13.9936,14,STA,WIFI_DROP,
13.996,6,STA,WIFI_DROP,
13.996,14,STA,WIFI_DROP,
13.9984,6,STA,WIFI_DROP,
13.9984,14,STA,WIFI_DROP,
14,3,STA,THROUGHPUT_MBPS,1.932000
14,5,STA,THROUGHPUT_MBPS,1.752000
14,6,STA,THROUGHPUT_MBPS,2.040000
14,8,STA,THROUGHPUT_MBPS,2.484000
14,9,STA,THROUGHPUT_MBPS,0.252000
14,13,STA,THROUGHPUT_MBPS,0.312000
14,14,STA,THROUGHPUT_MBPS,1.368000
14,15,STA,THROUGHPUT_MBPS,1.644000
14,17,STA,THROUGHPUT_MBPS,1.980000
14,19,STA,THROUGHPUT_MBPS,1.368000
14,1,AP,AGGREGATE_THROUGHPUT_MBPS,15.132000
14,1,AP,SENT_COUNT,8340.000000
14,1,AP,RECV_COUNT,1261.000000
14,1,AP,LATENCY_P95_MS,541.208053
14.0008,6,STA,WIFI_DROP,
14.0008,14,STA,WIFI_DROP,
14.0032,6,STA,WIFI_DROP,
14.0032,14,STA,WIFI_DROP,
14.0056,6,STA,WIFI_DROP,
14.0056,14,STA,WIFI_DROP,
14.008,6,STA,WIFI_DROP,
14.008,14,STA,WIFI_DROP,
14.0104,6,STA,WIFI_DROP,
14.0104,14,STA,WIFI_DROP,
14.0128,6,STA,WIFI_DROP,
14.0128,14,STA,WIFI_DROP,
14.0152,6,STA,WIFI_DROP,
14.0152,14,STA,WIFI_DROP,
14.0176,6,STA,WIFI_DROP,
14.0176,14,STA,WIFI_DROP,
14.02,6,STA,WIFI_DROP,
14.02,14,STA,WIFI_DROP,
14.0224,6,STA,WIFI_DROP,
14.0224,14,STA,WIFI_DROP,
14.0248,6,STA,WIFI_DROP,
14.0248,14,STA,WIFI_DROP,
14.0272,6,STA,WIFI_DROP,
14.0272,14,STA,WIFI_DROP,
14.0296,14,STA,WIFI_DROP,
14.032,14,STA,WIFI_DROP,
14.0344,14,STA,WIFI_DROP,
14.0368,14,STA,WIFI_DROP,
14.0392,14,STA,WIFI_DROP,
14.0416,14,STA,WIFI_DROP,
14.044,14,STA,WIFI_DROP,
14.0464,14,STA,WIFI_DROP,
14.0488,14,STA,WIFI_DROP,
14.0512,14,STA,WIFI_DROP,
14.0536,14,STA,WIFI_DROP,
14.056,14,STA,WIFI_DROP,
14.0584,14,STA,WIFI_DROP,
14.0608,14,STA,WIFI_DROP,
14.0632,14,STA,WIFI_DROP,
14.0656,14,STA,WIFI_DROP,
14.068,14,STA,WIFI_DROP,
14.0704,14,STA,WIFI_DROP,
14.0728,14,STA,WIFI_DROP,
14.0752,14,STA,WIFI_DROP,
14.0776,14,STA,WIFI_DROP,
14.08,14,STA,WIFI_DROP,
14.0824,14,STA,WIFI_DROP,
14.0848,14,STA,WIFI_DROP,
14.0872,14,STA,WIFI_DROP,
14.0896,14,STA,WIFI_DROP,
14.092,14,STA,WIFI_DROP,
14.0944,14,STA,WIFI_DROP,
14.0968,14,STA,WIFI_DROP,
14.0992,14,STA,WIFI_DROP,
14.1016,14,STA,WIFI_DROP,
14.104,14,STA,WIFI_DROP,
14.1064,14,STA,WIFI_DROP,
14.1088,14,STA,WIFI_DROP,
14.1112,14,STA,WIFI_DROP,
14.1136,14,STA,WIFI_DROP,
14.116,14,STA,WIFI_DROP,
14.1184,14,STA,WIFI_DROP,
14.1208,14,STA,WIFI_DROP,
14.1232,14,STA,WIFI_DROP,
14.1256,14,STA,WIFI_DROP,
14.128,14,STA,WIFI_DROP,
14.1304,14,STA,WIFI_DROP,
14.1328,14,STA,WIFI_DROP,
14.1352,14,STA,WIFI_DROP,
14.1376,14,STA,WIFI_DROP,
14.14,14,STA,WIFI_DROP,
14.1424,14,STA,WIFI_DROP,
14.1448,14,STA,WIFI_DROP,
14.1472,14,STA,WIFI_DROP,
14.1496,14,STA,WIFI_DROP,
14.152,14,STA,WIFI_DROP,
14.1544,14,STA,WIFI_DROP,
14.1568,14,STA,WIFI_DROP,
14.1592,14,STA,WIFI_DROP,
14.1616,14,STA,WIFI_DROP,
14.164,14,STA,WIFI_DROP,
14.1664,14,STA,WIFI_DROP,
14.1688,14,STA,WIFI_DROP,
14.1712,14,STA,WIFI_DROP,
14.1736,14,STA,WIFI_DROP,
14.176,14,STA,WIFI_DROP,
14.1784,14,STA,WIFI_DROP,
14.1808,14,STA,WIFI_DROP,
14.1832,14,STA,WIFI_DROP,
14.1856,14,STA,WIFI_DROP,
14.188,14,STA,WIFI_DROP,
14.1904,14,STA,WIFI_DROP,
14.1928,14,STA,WIFI_DROP,
14.1952,14,STA,WIFI_DROP,
14.1976,14,STA,WIFI_DROP,
14.2,14,STA,WIFI_DROP,
14.2024,14,STA,WIFI_DROP,
14.2048,14,STA,WIFI_DROP,
14.2072,14,STA,WIFI_DROP,
14.2096,14,STA,WIFI_DROP,
14.212,14,STA,WIFI_DROP,
14.2144,14,STA,WIFI_DROP,
14.2168,14,STA,WIFI_DROP,
14.2192,14,STA,WIFI_DROP,
14.2216,14,STA,WIFI_DROP,
14.224,14,STA,WIFI_DROP,
14.2264,14,STA,WIFI_DROP,
14.2288,14,STA,WIFI_DROP,
14.2312,14,STA,WIFI_DROP,
14.2336,14,STA,WIFI_DROP,
14.236,14,STA,WIFI_DROP,
14.2384,14,STA,WIFI_DROP,
14.2408,14,STA,WIFI_DROP,
14.2432,14,STA,WIFI_DROP,
14.2456,14,STA,WIFI_DROP,
14.248,14,STA,WIFI_DROP,
14.2504,14,STA,WIFI_DROP,
14.2528,14,STA,WIFI_DROP,
14.2552,14,STA,WIFI_DROP,
14.2576,14,STA,WIFI_DROP,
14.26,14,STA,WIFI_DROP,
14.2624,14,STA,WIFI_DROP,
14.2648,14,STA,WIFI_DROP,
14.2672,14,STA,WIFI_DROP,
14.2696,14,STA,WIFI_DROP,
14.272,14,STA,WIFI_DROP,
14.2744,14,STA,WIFI_DROP,
14.2768,14,STA,WIFI_DROP,
14.2792,14,STA,WIFI_DROP,
15,3,STA,THROUGHPUT_MBPS,1.524000
15,5,STA,THROUGHPUT_MBPS,2.028000
15,6,STA,THROUGHPUT_MBPS,1.428000
15,8,STA,THROUGHPUT_MBPS,1.632000
15,9,STA,THROUGHPUT_MBPS,1.872000
15,13,STA,THROUGHPUT_MBPS,2.292000
15,15,STA,THROUGHPUT_MBPS,2.172000
15,17,STA,THROUGHPUT_MBPS,2.760000
15,19,STA,THROUGHPUT_MBPS,0.780000
15,1,AP,AGGREGATE_THROUGHPUT_MBPS,16.488000
15,1,AP,SENT_COUNT,8340.000000
15,1,AP,RECV_COUNT,1374.000000
15,1,AP,LATENCY_P95_MS,545.401026
15.0568,3,STA,WIFI_DROP,
15.0592,3,STA,WIFI_DROP,
15.0616,3,STA,WIFI_DROP,
15.064,3,STA,WIFI_DROP,
15.0664,3,STA,WIFI_DROP,
15.0688,3,STA,WIFI_DROP,
15.0712,3,STA,WIFI_DROP,
15.0736,3,STA,WIFI_DROP,
15.076,3,STA,WIFI_DROP,
15.0784,3,STA,WIFI_DROP,
15.0808,3,STA,WIFI_DROP,
15.0832,3,STA,WIFI_DROP,
15.0856,3,STA,WIFI_DROP,
15.088,3,STA,WIFI_DROP,
15.0904,3,STA,WIFI_DROP,
15.0928,3,STA,WIFI_DROP,
15.0952,3,STA,WIFI_DROP,
15.0976,3,STA,WIFI_DROP,
15.1,3,STA,WIFI_DROP,
15.1024,3,STA,WIFI_DROP,
15.1048,3,STA,WIFI_DROP,
15.1072,3,STA,WIFI_DROP,
15.1096,3,STA,WIFI_DROP,
15.112,3,STA,WIFI_DROP,
15.1144,3,STA,WIFI_DROP,
15.1168,3,STA,WIFI_DROP,
15.1192,3,STA,WIFI_DROP,
15.1216,3,STA,WIFI_DROP,
15.124,3,STA,WIFI_DROP,
15.1264,3,STA,WIFI_DROP,
15.1288,3,STA,WIFI_DROP,
15.1312,3,STA,WIFI_DROP,
15.1336,3,STA,WIFI_DROP,
15.136,3,STA,WIFI_DROP,
15.1384,3,STA,WIFI_DROP,
15.1408,3,STA,WIFI_DROP,
15.1432,3,STA,WIFI_DROP,
15.1456,3,STA,WIFI_DROP,
15.148,3,STA,WIFI_DROP,
15.1504,3,STA,WIFI_DROP,
15.1528,3,STA,WIFI_DROP,
15.1552,3,STA,WIFI_DROP,
15.1576,3,STA,WIFI_DROP,
15.16,3,STA,WIFI_DROP,
15.1624,3,STA,WIFI_DROP,
15.1648,3,STA,WIFI_DROP,
15.1672,3,STA,WIFI_DROP,
15.1696,3,STA,WIFI_DROP,
15.172,3,STA,WIFI_DROP,
15.1744,3,STA,WIFI_DROP,
15.1768,3,STA,WIFI_DROP,
15.1792,3,STA,WIFI_DROP,
15.1816,3,STA,WIFI_DROP,
15.184,3,STA,WIFI_DROP,
15.1864,3,STA,WIFI_DROP,
15.1888,3,STA,WIFI_DROP,
15.1912,3,STA,WIFI_DROP,
15.1936,3,STA,WIFI_DROP,
15.196,3,STA,WIFI_DROP,
15.1984,3,STA,WIFI_DROP,
15.2008,3,STA,WIFI_DROP,
15.2032,3,STA,WIFI_DROP,
15.2056,3,STA,WIFI_DROP,
15.208,3,STA,WIFI_DROP,
15.2104,3,STA,WIFI_DROP,
15.2128,3,STA,WIFI_DROP,
15.2152,3,STA,WIFI_DROP,
15.2176,3,STA,WIFI_DROP,
15.22,3,STA,WIFI_DROP,
15.2224,3,STA,WIFI_DROP,
15.2248,3,STA,WIFI_DROP,
15.2272,3,STA,WIFI_DROP,
15.2296,3,STA,WIFI_DROP,
15.232,3,STA,WIFI_DROP,
15.2344,3,STA,WIFI_DROP,
15.2368,3,STA,WIFI_DROP,
15.2392,3,STA,WIFI_DROP,
15.2416,3,STA,WIFI_DROP,
15.244,3,STA,WIFI_DROP,
15.2464,3,STA,WIFI_DROP,
15.2488,3,STA,WIFI_DROP,
15.2512,3,STA,WIFI_DROP,
15.2536,3,STA,WIFI_DROP,
15.256,3,STA,WIFI_DROP,
15.2584,3,STA,WIFI_DROP,
15.2608,3,STA,WIFI_DROP,
15.2632,3,STA,WIFI_DROP,
15.2656,3,STA,WIFI_DROP,
15.268,3,STA,WIFI_DROP,
15.2704,3,STA,WIFI_DROP,
15.2728,3,STA,WIFI_DROP,
15.2752,3,STA,WIFI_DROP,
15.2776,3,STA,WIFI_DROP,
15.28,3,STA,WIFI_DROP,
15.2824,3,STA,WIFI_DROP,
15.2848,3,STA,WIFI_DROP,
15.2872,3,STA,WIFI_DROP,
15.2896,3,STA,WIFI_DROP,
15.292,3,STA,WIFI_DROP,
15.2944,3,STA,WIFI_DROP,
15.2968,3,STA,WIFI_DROP,
15.2992,3,STA,WIFI_DROP,
15.3016,3,STA,WIFI_DROP,
15.304,3,STA,WIFI_DROP,
15.3064,3,STA,WIFI_DROP,
15.3088,3,STA,WIFI_DROP,
15.3112,3,STA,WIFI_DROP,
15.3136,3,STA,WIFI_DROP,
15.316,3,STA,WIFI_DROP,
15.3184,3,STA,WIFI_DROP,
15.3208,3,STA,WIFI_DROP,
15.3232,3,STA,WIFI_DROP,
15.3256,3,STA,WIFI_DROP,
15.328,3,STA,WIFI_DROP,
15.3304,3,STA,WIFI_DROP,
15.3328,3,STA,WIFI_DROP,
15.3352,3,STA,WIFI_DROP,
15.3376,3,STA,WIFI_DROP,
15.34,3,STA,WIFI_DROP,
15.3424,3,STA,WIFI_DROP,
15.3448,3,STA,WIFI_DROP,
15.3472,3,STA,WIFI_DROP,
15.3496,3,STA,WIFI_DROP,
15.352,3,STA,WIFI_DROP,
15.3544,3,STA,WIFI_DROP,
15.3568,3,STA,WIFI_DROP,
15.3592,3,STA,WIFI_DROP,
15.3616,3,STA,WIFI_DROP,
15.364,3,STA,WIFI_DROP,
15.3664,3,STA,WIFI_DROP,
15.3688,3,STA,WIFI_DROP,
15.3712,3,STA,WIFI_DROP,
15.3736,3,STA,WIFI_DROP,
15.376,3,STA,WIFI_DROP,
15.3784,3,STA,WIFI_DROP,
15.3808,3,STA,WIFI_DROP,
15.3832,3,STA,WIFI_DROP,
15.3856,3,STA,WIFI_DROP,
15.388,3,STA,WIFI_DROP,
15.3904,3,STA,WIFI_DROP,
15.3928,3,STA,WIFI_DROP,
15.3952,3,STA,WIFI_DROP,
15.3976,3,STA,WIFI_DROP,
15.4,3,STA,WIFI_DROP,
15.4024,3,STA,WIFI_DROP,
15.4048,3,STA,WIFI_DROP,
15.4072,3,STA,WIFI_DROP,
15.4096,3,STA,WIFI_DROP,
15.412,3,STA,WIFI_DROP,
15.4144,3,STA,WIFI_DROP,
15.4168,3,STA,WIFI_DROP,
15.4192,3,STA,WIFI_DROP,
15.4216,3,STA,WIFI_DROP,
15.424,3,STA,WIFI_DROP,
15.4264,3,STA,WIFI_DROP,
15.4288,3,STA,WIFI_DROP,
15.4312,3,STA,WIFI_DROP,
15.4336,3,STA,WIFI_DROP,
15.436,3,STA,WIFI_DROP,
15.4384,3,STA,WIFI_DROP,
15.4408,3,STA,WIFI_DROP,
15.4432,3,STA,WIFI_DROP,
15.4456,3,STA,WIFI_DROP,
15.448,3,STA,WIFI_DROP,
15.4504,3,STA,WIFI_DROP,
15.4528,3,STA,WIFI_DROP,
15.4552,3,STA,WIFI_DROP,
15.4576,3,STA,WIFI_DROP,
15.46,3,STA,WIFI_DROP,
15.4624,3,STA,WIFI_DROP,
15.4648,3,STA,WIFI_DROP,
15.4672,3,STA,WIFI_DROP,
15.4696,3,STA,WIFI_DROP,
15.472,3,STA,WIFI_DROP,
15.4744,3,STA,WIFI_DROP,
15.4768,3,STA,WIFI_DROP,
15.4792,3,STA,WIFI_DROP,
15.4816,3,STA,WIFI_DROP,
15.484,3,STA,WIFI_DROP,
15.4864,3,STA,WIFI_DROP,
15.4888,3,STA,WIFI_DROP,
15.4912,3,STA,WIFI_DROP,
15.4936,3,STA,WIFI_DROP,
15.496,3,STA,WIFI_DROP,
15.4984,3,STA,WIFI_DROP,
15.5008,3,STA,WIFI_DROP,
15.5032,3,STA,WIFI_DROP,
15.5056,3,STA,WIFI_DROP,
15.508,3,STA,WIFI_DROP,
15.5104,3,STA,WIFI_DROP,
15.5128,3,STA,WIFI_DROP,
15.5152,3,STA,WIFI_DROP,
15.5176,3,STA,WIFI_DROP,
15.52,3,STA,WIFI_DROP,
15.5224,3,STA,WIFI_DROP,
15.5248,3,STA,WIFI_DROP,
15.5272,3,STA,WIFI_DROP,
15.5296,3,STA,WIFI_DROP,
15.532,3,STA,WIFI_DROP,
15.5344,3,STA,WIFI_DROP,
15.5368,3,STA,WIFI_DROP,
15.5392,3,STA,WIFI_DROP,
15.5416,3,STA,WIFI_DROP,
15.544,3,STA,WIFI_DROP,
15.5464,3,STA,WIFI_DROP,
15.5488,3,STA,WIFI_DROP,
15.5512,3,STA,WIFI_DROP,
15.5536,3,STA,WIFI_DROP,
15.556,3,STA,WIFI_DROP,
15.5584,3,STA,WIFI_DROP,
15.5608,3,STA,WIFI_DROP,
15.5632,3,STA,WIFI_DROP,
15.5656,3,STA,WIFI_DROP,
15.568,3,STA,WIFI_DROP,
15.5704,3,STA,WIFI_DROP,
15.5728,3,STA,WIFI_DROP,
15.5752,3,STA,WIFI_DROP,
15.5776,3,STA,WIFI_DROP,
15.58,3,STA,WIFI_DROP,
15.5824,3,STA,WIFI_DROP,
15.5848,3,STA,WIFI_DROP,
15.5872,3,STA,WIFI_DROP,
15.5896,3,STA,WIFI_DROP,
15.592,3,STA,WIFI_DROP,
15.5944,3,STA,WIFI_DROP,
15.5968,3,STA,WIFI_DROP,
15.5992,3,STA,WIFI_DROP,
15.6016,3,STA,WIFI_DROP,
15.604,3,STA,WIFI_DROP,
15.6064,3,STA,WIFI_DROP,
15.6712,7,STA,WIFI_DROP,
15.6736,7,STA,WIFI_DROP,
15.676,7,STA,WIFI_DROP,
15.6784,7,STA,WIFI_DROP,
15.6808,7,STA,WIFI_DROP,
15.6832,7,STA,WIFI_DROP,
15.6856,7,STA,WIFI_DROP,
15.688,7,STA,WIFI_DROP,
15.6904,7,STA,WIFI_DROP,
15.6928,7,STA,WIFI_DROP,
15.6952,7,STA,WIFI_DROP,
15.6976,7,STA,WIFI_DROP,
15.7,7,STA,WIFI_DROP,
15.7024,7,STA,WIFI_DROP,
15.7048,7,STA,WIFI_DROP,
15.7072,7,STA,WIFI_DROP,
15.7096,7,STA,WIFI_DROP,
15.712,7,STA,WIFI_DROP,
15.7144,7,STA,WIFI_DROP,
15.7168,7,STA,WIFI_DROP,
15.7192,7,STA,WIFI_DROP,
15.7216,7,STA,WIFI_DROP,
15.724,7,STA,WIFI_DROP,
15.7264,7,STA,WIFI_DROP,
15.8776,8,STA,WIFI_DROP,
15.8776,9,STA,WIFI_DROP,
15.88,8,STA,WIFI_DROP,
15.88,9,STA,WIFI_DROP,
15.8824,8,STA,WIFI_DROP,
15.8824,9,STA,WIFI_DROP,
15.8848,8,STA,WIFI_DROP,
15.8848,9,STA,WIFI_DROP,
15.8872,8,STA,WIFI_DROP,
15.8872,9,STA,WIFI_DROP,
15.8896,8,STA,WIFI_DROP,
15.8896,9,STA,WIFI_DROP,
15.892,8,STA,WIFI_DROP,
15.892,9,STA,WIFI_DROP,
15.8944,8,STA,WIFI_DROP,
15.8944,9,STA,WIFI_DROP,
15.8968,8,STA,WIFI_DROP,
15.8968,9,STA,WIFI_DROP,
15.8992,8,STA,WIFI_DROP,
15.8992,9,STA,WIFI_DROP,
15.9016,8,STA,WIFI_DROP,
15.9016,9,STA,WIFI_DROP,
15.904,8,STA,WIFI_DROP,
15.904,9,STA,WIFI_DROP,
15.9064,8,STA,WIFI_DROP,
15.9064,9,STA,WIFI_DROP,
15.9088,8,STA,WIFI_DROP,
15.9088,9,STA,WIFI_DROP,
15.9112,8,STA,WIFI_DROP,
15.9112,9,STA,WIFI_DROP,
15.9136,8,STA,WIFI_DROP,
15.9136,9,STA,WIFI_DROP,
15.916,8,STA,WIFI_DROP,
15.916,9,STA,WIFI_DROP,
15.9184,8,STA,WIFI_DROP,
15.9184,9,STA,WIFI_DROP,
15.9208,8,STA,WIFI_DROP,
15.9208,9,STA,WIFI_DROP,
15.9232,8,STA,WIFI_DROP,
15.9232,9,STA,WIFI_DROP,
15.9256,8,STA,WIFI_DROP,
15.9256,9,STA,WIFI_DROP,
15.928,8,STA,WIFI_DROP,
15.928,9,STA,WIFI_DROP,
15.9304,8,STA,WIFI_DROP,
15.9304,9,STA,WIFI_DROP,
15.9328,8,STA,WIFI_DROP,
15.9328,9,STA,WIFI_DROP,
15.9352,8,STA,WIFI_DROP,
15.9352,9,STA,WIFI_DROP,
15.9376,8,STA,WIFI_DROP,
15.9376,9,STA,WIFI_DROP,
15.94,8,STA,WIFI_DROP,
15.94,9,STA,WIFI_DROP,
15.9424,8,STA,WIFI_DROP,
15.9424,9,STA,WIFI_DROP,
15.9448,8,STA,WIFI_DROP,
15.9448,9,STA,WIFI_DROP,
15.9472,8,STA,WIFI_DROP,
15.9472,9,STA,WIFI_DROP,
15.9496,8,STA,WIFI_DROP,
15.9496,9,STA,WIFI_DROP,
15.952,8,STA,WIFI_DROP,
15.952,9,STA,WIFI_DROP,
15.9544,8,STA,WIFI_DROP,
15.9544,9,STA,WIFI_DROP,
15.9568,8,STA,WIFI_DROP,
15.9568,9,STA,WIFI_DROP,
15.9592,8,STA,WIFI_DROP,
15.9592,9,STA,WIFI_DROP,
15.9616,8,STA,WIFI_DROP,
15.9616,9,STA,WIFI_DROP,
15.964,8,STA,WIFI_DROP,
15.964,9,STA,WIFI_DROP,
15.9664,8,STA,WIFI_DROP,
15.9664,9,STA,WIFI_DROP,
15.9688,8,STA,WIFI_DROP,
15.9688,9,STA,WIFI_DROP,
15.9712,8,STA,WIFI_DROP,
15.9712,9,STA,WIFI_DROP,
15.9736,8,STA,WIFI_DROP,
15.9736,9,STA,WIFI_DROP,
15.976,8,STA,WIFI_DROP,
15.976,9,STA,WIFI_DROP,
15.9784,8,STA,WIFI_DROP,
15.9784,9,STA,WIFI_DROP,
15.9808,8,STA,WIFI_DROP,
15.9808,9,STA,WIFI_DROP,
15.9832,8,STA,WIFI_DROP,
15.9832,9,STA,WIFI_DROP,
15.9856,8,STA,WIFI_DROP,
15.9856,9,STA,WIFI_DROP,
15.988,8,STA,WIFI_DROP,
15.988,9,STA,WIFI_DROP,
15.9904,8,STA,WIFI_DROP,
15.9904,9,STA,WIFI_DROP,
15.9928,8,STA,WIFI_DROP,
15.9928,9,STA,WIFI_DROP,
15.9952,8,STA,WIFI_DROP,
15.9952,9,STA,WIFI_DROP,
15.9976,8,STA,WIFI_DROP,
15.9976,9,STA,WIFI_DROP,
16,5,STA,THROUGHPUT_MBPS,0.852000
16,6,STA,THROUGHPUT_MBPS,1.896000
16,8,STA,THROUGHPUT_MBPS,1.788000
16,9,STA,THROUGHPUT_MBPS,2.136000
16,13,STA,THROUGHPUT_MBPS,1.728000
16,15,STA,THROUGHPUT_MBPS,1.992000
16,17,STA,THROUGHPUT_MBPS,3.516000
16,19,STA,THROUGHPUT_MBPS,1.704000
16,1,AP,AGGREGATE_THROUGHPUT_MBPS,15.612000
16,1,AP,SENT_COUNT,8320.000000
16,1,AP,RECV_COUNT,1301.000000
16,1,AP,LATENCY_P95_MS,536.340361
16,8,STA,WIFI_DROP,
16,9,STA,WIFI_DROP,
16.0024,8,STA,WIFI_DROP,
16.0024,9,STA,WIFI_DROP,
16.0048,8,STA,WIFI_DROP,
16.0048,9,STA,WIFI_DROP,
16.0072,8,STA,WIFI_DROP,
16.0072,9,STA,WIFI_DROP,
16.0096,8,STA,WIFI_DROP,
16.0096,9,STA,WIFI_DROP,
16.012,8,STA,WIFI_DROP,
16.012,9,STA,WIFI_DROP,
16.0144,8,STA,WIFI_DROP,
16.0144,9,STA,WIFI_DROP,
16.0168,8,STA,WIFI_DROP,
16.0168,9,STA,WIFI_DROP,
16.0192,8,STA,WIFI_DROP,
16.0192,9,STA,WIFI_DROP,
16.0216,8,STA,WIFI_DROP,
16.0216,9,STA,WIFI_DROP,
16.024,8,STA,WIFI_DROP,
16.024,9,STA,WIFI_DROP,
16.0264,8,STA,WIFI_DROP,
16.0264,9,STA,WIFI_DROP,
16.0288,8,STA,WIFI_DROP,
16.0288,9,STA,WIFI_DROP,
16.0312,8,STA,WIFI_DROP,
16.0312,9,STA,WIFI_DROP,
16.0336,8,STA,WIFI_DROP,
16.0336,9,STA,WIFI_DROP,
16.036,8,STA,WIFI_DROP,
16.036,9,STA,WIFI_DROP,
16.0384,8,STA,WIFI_DROP,
16.0384,9,STA,WIFI_DROP,
16.0408,8,STA,WIFI_DROP,
16.0408,9,STA,WIFI_DROP,
16.0432,8,STA,WIFI_DROP,
16.0432,9,STA,WIFI_DROP,
16.0456,8,STA,WIFI_DROP,
16.0456,9,STA,WIFI_DROP,
16.048,8,STA,WIFI_DROP,
16.048,9,STA,WIFI_DROP,
16.0504,8,STA,WIFI_DROP,
16.0504,9,STA,WIFI_DROP,
16.0528,8,STA,WIFI_DROP,
16.0528,9,STA,WIFI_DROP,
16.0552,8,STA,WIFI_DROP,
16.0552,9,STA,WIFI_DROP,
16.0576,8,STA,WIFI_DROP,
16.0576,9,STA,WIFI_DROP,
16.06,8,STA,WIFI_DROP,
16.06,9,STA,WIFI_DROP,
16.0624,8,STA,WIFI_DROP,
16.0624,9,STA,WIFI_DROP,
16.0648,8,STA,WIFI_DROP,
16.0648,9,STA,WIFI_DROP,
16.0672,8,STA,WIFI_DROP,
16.0672,9,STA,WIFI_DROP,
16.0696,8,STA,WIFI_DROP,
16.0696,9,STA,WIFI_DROP,
16.072,8,STA,WIFI_DROP,
16.072,9,STA,WIFI_DROP,
16.0744,8,STA,WIFI_DROP,
16.0744,9,STA,WIFI_DROP,
16.0768,8,STA,WIFI_DROP,
16.0768,9,STA,WIFI_DROP,
16.0792,8,STA,WIFI_DROP,
16.0792,9,STA,WIFI_DROP,
16.0816,8,STA,WIFI_DROP,
16.0816,9,STA,WIFI_DROP,
16.084,8,STA,WIFI_DROP,
16.084,9,STA,WIFI_DROP,
16.0864,8,STA,WIFI_DROP,
16.0864,9,STA,WIFI_DROP,
16.0888,8,STA,WIFI_DROP,
16.0888,9,STA,WIFI_DROP,
16.0912,8,STA,WIFI_DROP,
16.0912,9,STA,WIFI_DROP,
16.0936,8,STA,WIFI_DROP,
16.0936,9,STA,WIFI_DROP,
16.096,8,STA,WIFI_DROP,
16.096,9,STA,WIFI_DROP,
16.0984,8,STA,WIFI_DROP,
16.0984,9,STA,WIFI_DROP,
16.1008,8,STA,WIFI_DROP,
16.1008,9,STA,WIFI_DROP,
16.1032,8,STA,WIFI_DROP,
16.1032,9,STA,WIFI_DROP,
16.1056,8,STA,WIFI_DROP,
16.1056,9,STA,WIFI_DROP,
16.108,8,STA,WIFI_DROP,
16.108,9,STA,WIFI_DROP,
16.1104,8,STA,WIFI_DROP,
16.1104,9,STA,WIFI_DROP,
16.1128,8,STA,WIFI_DROP,
16.1128,9,STA,WIFI_DROP,
16.1152,8,STA,WIFI_DROP,
16.1152,9,STA,WIFI_DROP,
16.1176,8,STA,WIFI_DROP,
16.1176,9,STA,WIFI_DROP,
16.12,8,STA,WIFI_DROP,
16.12,9,STA,WIFI_DROP,
16.1224,8,STA,WIFI_DROP,
16.1224,9,STA,WIFI_DROP,
16.1248,8,STA,WIFI_DROP,
16.1248,9,STA,WIFI_DROP,
16.1272,8,STA,WIFI_DROP,
16.1272,9,STA,WIFI_DROP,
16.1296,8,STA,WIFI_DROP,
16.1296,9,STA,WIFI_DROP,
16.132,8,STA,WIFI_DROP,
16.132,9,STA,WIFI_DROP,
16.1344,8,STA,WIFI_DROP,
16.1344,9,STA,WIFI_DROP,
16.1368,8,STA,WIFI_DROP,
16.1368,9,STA,WIFI_DROP,
16.1392,8,STA,WIFI_DROP,
16.1392,9,STA,WIFI_DROP,
16.1416,8,STA,WIFI_DROP,
16.1416,9,STA,WIFI_DROP,
16.144,8,STA,WIFI_DROP,
16.144,9,STA,WIFI_DROP,
16.1464,8,STA,WIFI_DROP,
16.1464,9,STA,WIFI_DROP,
16.1488,8,STA,WIFI_DROP,
16.1488,9,STA,WIFI_DROP,
16.1512,8,STA,WIFI_DROP,
16.1512,9,STA,WIFI_DROP,
16.1536,8,STA,WIFI_DROP,
16.1536,9,STA,WIFI_DROP,
16.156,8,STA,WIFI_DROP,
16.156,9,STA,WIFI_DROP,
16.1584,8,STA,WIFI_DROP,
16.1584,9,STA,WIFI_DROP,
16.1608,8,STA,WIFI_DROP,
16.1608,9,STA,WIFI_DROP,
16.1632,8,STA,WIFI_DROP,
16.1632,9,STA,WIFI_DROP,
16.1656,8,STA,WIFI_DROP,
16.1656,9,STA,WIFI_DROP,
16.168,8,STA,WIFI_DROP,
16.168,9,STA,WIFI_DROP,
16.1704,8,STA,WIFI_DROP,
16.1704,9,STA,WIFI_DROP,
16.1728,8,STA,WIFI_DROP,
16.1728,9,STA,WIFI_DROP,
16.1752,8,STA,WIFI_DROP,
16.1752,9,STA,WIFI_DROP,
16.1776,8,STA,WIFI_DROP,
16.1776,9,STA,WIFI_DROP,
16.18,8,STA,WIFI_DROP,
16.18,9,STA,WIFI_DROP,
16.1824,8,STA,WIFI_DROP,
16.1824,9,STA,WIFI_DROP,
16.1848,8,STA,WIFI_DROP,
16.1848,9,STA,WIFI_DROP,
16.1872,8,STA,WIFI_DROP,
16.1872,9,STA,WIFI_DROP,
16.1896,8,STA,WIFI_DROP,
16.1896,9,STA,WIFI_DROP,
16.192,8,STA,WIFI_DROP,
16.192,9,STA,WIFI_DROP,
16.1944,8,STA,WIFI_DROP,
16.1944,9,STA,WIFI_DROP,
16.1968,8,STA,WIFI_DROP,
16.1968,9,STA,WIFI_DROP,
16.1992,8,STA,WIFI_DROP,
16.1992,9,STA,WIFI_DROP,
16.2016,8,STA,WIFI_DROP,
16.2016,9,STA,WIFI_DROP,
16.204,8,STA,WIFI_DROP,
16.204,9,STA,WIFI_DROP,
16.2064,8,STA,WIFI_DROP,
16.2064,9,STA,WIFI_DROP,
16.2088,8,STA,WIFI_DROP,
16.2088,9,STA,WIFI_DROP,
16.2112,8,STA,WIFI_DROP,
16.2112,9,STA,WIFI_DROP,
16.2136,8,STA,WIFI_DROP,
16.2136,9,STA,WIFI_DROP,
16.216,8,STA,WIFI_DROP,
16.216,9,STA,WIFI_DROP,
16.2184,8,STA,WIFI_DROP,
16.2184,9,STA,WIFI_DROP,
16.2208,8,STA,WIFI_DROP,
16.2208,9,STA,WIFI_DROP,
16.2232,8,STA,WIFI_DROP,
16.2232,9,STA,WIFI_DROP,
16.2256,8,STA,WIFI_DROP,
16.2256,9,STA,WIFI_DROP,
16.228,8,STA,WIFI_DROP,
16.228,9,STA,WIFI_DROP,
16.2304,8,STA,WIFI_DROP,
16.2304,9,STA,WIFI_DROP,
16.2328,8,STA,WIFI_DROP,
16.2328,9,STA,WIFI_DROP,
16.2352,8,STA,WIFI_DROP,
16.2352,9,STA,WIFI_DROP,
16.2376,8,STA,WIFI_DROP,
16.2376,9,STA,WIFI_DROP,
16.24,8,STA,WIFI_DROP,
16.24,9,STA,WIFI_DROP,
16.2424,8,STA,WIFI_DROP,
16.2424,9,STA,WIFI_DROP,
16.2448,8,STA,WIFI_DROP,
16.2448,9,STA,WIFI_DROP,
16.2472,8,STA,WIFI_DROP,
16.2472,9,STA,WIFI_DROP,
16.2496,8,STA,WIFI_DROP,
16.2496,9,STA,WIFI_DROP,
16.252,8,STA,WIFI_DROP,
16.252,9,STA,WIFI_DROP,
16.2544,8,STA,WIFI_DROP,
16.2544,9,STA,WIFI_DROP,
16.2568,8,STA,WIFI_DROP,
16.2568,9,STA,WIFI_DROP,
16.2592,8,STA,WIFI_DROP,
16.2592,9,STA,WIFI_DROP,
16.2616,8,STA,WIFI_DROP,
16.2616,9,STA,WIFI_DROP,
16.264,8,STA,WIFI_DROP,
16.264,9,STA,WIFI_DROP,
16.2664,8,STA,WIFI_DROP,
16.2664,9,STA,WIFI_DROP,
16.2688,8,STA,WIFI_DROP,
16.2688,9,STA,WIFI_DROP,
16.2712,8,STA,WIFI_DROP,
16.2712,9,STA,WIFI_DROP,
16.2736,8,STA,WIFI_DROP,
16.2736,9,STA,WIFI_DROP,
16.276,8,STA,WIFI_DROP,
16.276,9,STA,WIFI_DROP,
16.2784,8,STA,WIFI_DROP,
16.2784,9,STA,WIFI_DROP,
16.2808,8,STA,WIFI_DROP,
16.2808,9,STA,WIFI_DROP,
16.2832,8,STA,WIFI_DROP,
16.2832,9,STA,WIFI_DROP,
16.2856,8,STA,WIFI_DROP,
16.2856,9,STA,WIFI_DROP,
16.2856,10,STA,WIFI_DROP,
16.288,8,STA,WIFI_DROP,
16.288,9,STA,WIFI_DROP,
16.288,10,STA,WIFI_DROP,
16.2904,8,STA,WIFI_DROP,
16.2904,9,STA,WIFI_DROP,
16.2904,10,STA,WIFI_DROP,
16.2928,8,STA,WIFI_DROP,
16.2928,9,STA,WIFI_DROP,
16.2928,10,STA,WIFI_DROP,
16.2952,8,STA,WIFI_DROP,
16.2952,9,STA,WIFI_DROP,
16.2952,10,STA,WIFI_DROP,
16.2976,8,STA,WIFI_DROP,
16.2976,9,STA,WIFI_DROP,
16.2976,10,STA,WIFI_DROP,
16.3,8,STA,WIFI_DROP,
16.3,9,STA,WIFI_DROP,
16.3,10,STA,WIFI_DROP,
16.3024,8,STA,WIFI_DROP,
16.3024,9,STA,WIFI_DROP,
16.3024,10,STA,WIFI_DROP,
16.3048,8,STA,WIFI_DROP,
16.3048,9,STA,WIFI_DROP,
16.3048,10,STA,WIFI_DROP,
16.3072,8,STA,WIFI_DROP,
16.3072,9,STA,WIFI_DROP,
16.3072,10,STA,WIFI_DROP,
16.3096,8,STA,WIFI_DROP,
16.3096,9,STA,WIFI_DROP,
16.3096,10,STA,WIFI_DROP,
16.312,8,STA,WIFI_DROP,
16.312,9,STA,WIFI_DROP,
16.312,10,STA,WIFI_DROP,
16.3144,8,STA,WIFI_DROP,
16.3144,9,STA,WIFI_DROP,
16.3144,10,STA,WIFI_DROP,
16.3168,8,STA,WIFI_DROP,
16.3168,9,STA,WIFI_DROP,
16.3168,10,STA,WIFI_DROP,
16.3192,8,STA,WIFI_DROP,
16.3192,9,STA,WIFI_DROP,
16.3192,10,STA,WIFI_DROP,
16.3216,8,STA,WIFI_DROP,
16.3216,9,STA,WIFI_DROP,
16.3216,10,STA,WIFI_DROP,
16.324,8,STA,WIFI_DROP,
16.324,9,STA,WIFI_DROP,
16.324,10,STA,WIFI_DROP,
16.3264,8,STA,WIFI_DROP,
16.3264,9,STA,WIFI_DROP,
16.3264,10,STA,WIFI_DROP,
16.3288,8,STA,WIFI_DROP,
16.3288,9,STA,WIFI_DROP,
16.3288,10,STA,WIFI_DROP,
16.3312,8,STA,WIFI_DROP,
16.3312,9,STA,WIFI_DROP,
16.3312,10,STA,WIFI_DROP,
16.3336,8,STA,WIFI_DROP,
16.3336,9,STA,WIFI_DROP,
16.3336,10,STA,WIFI_DROP,
16.336,8,STA,WIFI_DROP,
16.336,9,STA,WIFI_DROP,
16.3384,8,STA,WIFI_DROP,
16.3384,9,STA,WIFI_DROP,
16.3408,8,STA,WIFI_DROP,
16.3408,9,STA,WIFI_DROP,
16.3432,8,STA,WIFI_DROP,
16.3432,9,STA,WIFI_DROP,
16.3456,8,STA,WIFI_DROP,
16.3456,9,STA,WIFI_DROP,
16.348,8,STA,WIFI_DROP,
16.348,9,STA,WIFI_DROP,
16.3504,8,STA,WIFI_DROP,
16.3504,9,STA,WIFI_DROP,
16.3528,8,STA,WIFI_DROP,
16.3528,9,STA,WIFI_DROP,
16.3552,8,STA,WIFI_DROP,
16.3552,9,STA,WIFI_DROP,
16.3576,8,STA,WIFI_DROP,
16.3576,9,STA,WIFI_DROP,
16.36,8,STA,WIFI_DROP,
16.36,9,STA,WIFI_DROP,
16.3624,8,STA,WIFI_DROP,
16.3624,9,STA,WIFI_DROP,
16.3648,8,STA,WIFI_DROP,
16.3648,9,STA,WIFI_DROP,
16.3672,8,STA,WIFI_DROP,
16.3672,9,STA,WIFI_DROP,
16.3696,8,STA,WIFI_DROP,
16.3696,9,STA,WIFI_DROP,
16.372,8,STA,WIFI_DROP,
16.372,9,STA,WIFI_DROP,
16.3744,8,STA,WIFI_DROP,
16.3744,9,STA,WIFI_DROP,
16.3768,8,STA,WIFI_DROP,
16.3768,9,STA,WIFI_DROP,
16.3792,8,STA,WIFI_DROP,
16.3792,9,STA,WIFI_DROP,
16.3816,8,STA,WIFI_DROP,
16.3816,9,STA,WIFI_DROP,
16.384,8,STA,WIFI_DROP,
16.384,9,STA,WIFI_DROP,
16.3864,8,STA,WIFI_DROP,
16.3864,9,STA,WIFI_DROP,
16.3888,8,STA,WIFI_DROP,
16.3888,9,STA,WIFI_DROP,
16.3912,8,STA,WIFI_DROP,
16.3912,9,STA,WIFI_DROP,
16.3936,8,STA,WIFI_DROP,
16.3936,9,STA,WIFI_DROP,
16.396,8,STA,WIFI_DROP,
16.396,9,STA,WIFI_DROP,
16.3984,8,STA,WIFI_DROP,
16.3984,9,STA,WIFI_DROP,
16.4008,8,STA,WIFI_DROP,
16.4008,9,STA,WIFI_DROP,
16.4032,8,STA,WIFI_DROP,
16.4032,9,STA,WIFI_DROP,
16.4056,8,STA,WIFI_DROP,
16.4056,9,STA,WIFI_DROP,
16.408,8,STA,WIFI_DROP,
16.408,9,STA,WIFI_DROP,
16.4104,8,STA,WIFI_DROP,
16.4104,9,STA,WIFI_DROP,
16.4128,8,STA,WIFI_DROP,
16.4128,9,STA,WIFI_DROP,
16.4152,8,STA,WIFI_DROP,
16.4152,9,STA,WIFI_DROP,
16.4176,8,STA,WIFI_DROP,
16.4176,9,STA,WIFI_DROP,
16.42,8,STA,WIFI_DROP,
16.42,9,STA,WIFI_DROP,
16.4224,8,STA,WIFI_DROP,
16.4224,9,STA,WIFI_DROP,
16.4248,8,STA,WIFI_DROP,
16.4248,9,STA,WIFI_DROP,
16.4272,8,STA,WIFI_DROP,
16.4272,9,STA,WIFI_DROP,
16.4296,8,STA,WIFI_DROP,
16.4296,9,STA,WIFI_DROP,
16.432,8,STA,WIFI_DROP,
16.432,9,STA,WIFI_DROP,
16.4344,8,STA,WIFI_DROP,
16.4344,9,STA,WIFI_DROP,
16.4368,8,STA,WIFI_DROP,
16.4368,9,STA,WIFI_DROP,
16.4392,8,STA,WIFI_DROP,
16.4392,9,STA,WIFI_DROP,
16.4416,8,STA,WIFI_DROP,
16.4416,9,STA,WIFI_DROP,
16.444,8,STA,WIFI_DROP,
16.444,9,STA,WIFI_DROP,
16.4464,8,STA,WIFI_DROP,
16.4464,9,STA,WIFI_DROP,
16.4488,8,STA,WIFI_DROP,
16.4488,9,STA,WIFI_DROP,
16.4512,8,STA,WIFI_DROP,
16.4512,9,STA,WIFI_DROP,
16.4536,8,STA,WIFI_DROP,
16.4536,9,STA,WIFI_DROP,
16.456,8,STA,WIFI_DROP,
16.456,9,STA,WIFI_DROP,
16.4584,8,STA,WIFI_DROP,
16.4584,9,STA,WIFI_DROP,
16.4608,8,STA,WIFI_DROP,
16.4608,9,STA,WIFI_DROP,
16.4632,8,STA,WIFI_DROP,
16.4632,9,STA,WIFI_DROP,
16.4656,8,STA,WIFI_DROP,
16.4656,9,STA,WIFI_DROP,
16.468,8,STA,WIFI_DROP,
16.468,9,STA,WIFI_DROP,
16.4704,8,STA,WIFI_DROP,
16.4704,9,STA,WIFI_DROP,
16.4728,8,STA,WIFI_DROP,
16.4728,9,STA,WIFI_DROP,
16.4752,8,STA,WIFI_DROP,
16.4752,9,STA,WIFI_DROP,
16.4776,8,STA,WIFI_DROP,
16.4776,9,STA,WIFI_DROP,
16.48,8,STA,WIFI_DROP,
16.48,9,STA,WIFI_DROP,
16.4824,8,STA,WIFI_DROP,
16.4824,9,STA,WIFI_DROP,
16.4848,8,STA,WIFI_DROP,
16.4848,9,STA,WIFI_DROP,
16.4872,8,STA,WIFI_DROP,
16.4872,9,STA,WIFI_DROP,
16.4896,8,STA,WIFI_DROP,
16.4896,9,STA,WIFI_DROP,
16.492,8,STA,WIFI_DROP,
16.492,9,STA,WIFI_DROP,
16.4944,8,STA,WIFI_DROP,
16.4944,9,STA,WIFI_DROP,
16.4968,8,STA,WIFI_DROP,
16.4968,9,STA,WIFI_DROP,
16.4992,8,STA,WIFI_DROP,
16.4992,9,STA,WIFI_DROP,
16.5016,8,STA,WIFI_DROP,
16.5016,9,STA,WIFI_DROP,
16.504,8,STA,WIFI_DROP,
16.504,9,STA,WIFI_DROP,
16.5064,8,STA,WIFI_DROP,
16.5064,9,STA,WIFI_DROP,
16.5088,8,STA,WIFI_DROP,
16.5088,9,STA,WIFI_DROP,
16.5112,8,STA,WIFI_DROP,
16.5112,9,STA,WIFI_DROP,
16.5136,8,STA,WIFI_DROP,
16.5136,9,STA,WIFI_DROP,
16.516,8,STA,WIFI_DROP,
16.516,9,STA,WIFI_DROP,
16.5184,8,STA,WIFI_DROP,
16.5184,9,STA,WIFI_DROP,
16.5208,8,STA,WIFI_DROP,
16.5208,9,STA,WIFI_DROP,
16.5232,8,STA,WIFI_DROP,
16.5232,9,STA,WIFI_DROP,
16.5256,8,STA,WIFI_DROP,
16.5256,9,STA,WIFI_DROP,
16.528,8,STA,WIFI_DROP,
16.528,9,STA,WIFI_DROP,
16.5304,8,STA,WIFI_DROP,
16.5304,9,STA,WIFI_DROP,
16.5328,8,STA,WIFI_DROP,
16.5328,9,STA,WIFI_DROP,
16.5352,8,STA,WIFI_DROP,
16.5352,9,STA,WIFI_DROP,
16.5376,8,STA,WIFI_DROP,
16.5376,9,STA,WIFI_DROP,
16.54,8,STA,WIFI_DROP,
16.54,9,STA,WIFI_DROP,
16.5424,8,STA,WIFI_DROP,
16.5424,9,STA,WIFI_DROP,
16.5448,8,STA,WIFI_DROP,
16.5448,9,STA,WIFI_DROP,
16.5472,8,STA,WIFI_DROP,
16.5472,9,STA,WIFI_DROP,
16.5496,8,STA,WIFI_DROP,
16.5496,9,STA,WIFI_DROP,
16.552,8,STA,WIFI_DROP,
16.552,9,STA,WIFI_DROP,
16.5544,8,STA,WIFI_DROP,
16.5544,9,STA,WIFI_DROP,
16.5568,8,STA,WIFI_DROP,
16.5568,9,STA,WIFI_DROP,
16.5592,8,STA,WIFI_DROP,
16.5592,9,STA,WIFI_DROP,
16.5616,8,STA,WIFI_DROP,
16.5616,9,STA,WIFI_DROP,
16.564,8,STA,WIFI_DROP,
16.564,9,STA,WIFI_DROP,
16.5664,8,STA,WIFI_DROP,
16.5664,9,STA,WIFI_DROP,
16.5688,8,STA,WIFI_DROP,
16.5688,9,STA,WIFI_DROP,
16.5712,8,STA,WIFI_DROP,
16.5712,9,STA,WIFI_DROP,
16.5736,8,STA,WIFI_DROP,
16.5736,9,STA,WIFI_DROP,
16.576,8,STA,WIFI_DROP,
16.576,9,STA,WIFI_DROP,
16.5784,8,STA,WIFI_DROP,
16.5784,9,STA,WIFI_DROP,
16.5808,8,STA,WIFI_DROP,
16.5808,9,STA,WIFI_DROP,
16.5832,8,STA,WIFI_DROP,
16.5832,9,STA,WIFI_DROP,
16.5856,8,STA,WIFI_DROP,
16.5856,9,STA,WIFI_DROP,
16.588,8,STA,WIFI_DROP,
16.588,9,STA,WIFI_DROP,
16.5904,8,STA,WIFI_DROP,
16.5904,9,STA,WIFI_DROP,
16.5928,8,STA,WIFI_DROP,
16.5928,9,STA,WIFI_DROP,
16.5952,8,STA,WIFI_DROP,
16.5952,9,STA,WIFI_DROP,
16.5976,8,STA,WIFI_DROP,
16.5976,9,STA,WIFI_DROP,
16.6,8,STA,WIFI_DROP,
16.6,9,STA,WIFI_DROP,
16.6024,8,STA,WIFI_DROP,
16.6024,9,STA,WIFI_DROP,
16.6048,8,STA,WIFI_DROP,
16.6048,9,STA,WIFI_DROP,
16.6072,8,STA,WIFI_DROP,
16.6072,9,STA,WIFI_DROP,
16.6096,8,STA,WIFI_DROP,
16.6096,9,STA,WIFI_DROP,
16.612,8,STA,WIFI_DROP,
16.612,9,STA,WIFI_DROP,
16.6144,8,STA,WIFI_DROP,
16.6144,9,STA,WIFI_DROP,
16.6168,8,STA,WIFI_DROP,
16.6168,9,STA,WIFI_DROP,
16.6192,8,STA,WIFI_DROP,
16.6192,9,STA,WIFI_DROP,
16.6216,8,STA,WIFI_DROP,
16.6216,9,STA,WIFI_DROP,
16.624,8,STA,WIFI_DROP,
16.624,9,STA,WIFI_DROP,
16.6264,8,STA,WIFI_DROP,
16.6264,9,STA,WIFI_DROP,
16.6288,8,STA,WIFI_DROP,
16.6288,9,STA,WIFI_DROP,
16.6312,8,STA,WIFI_DROP,
16.6312,9,STA,WIFI_DROP,
16.6336,8,STA,WIFI_DROP,
16.6336,9,STA,WIFI_DROP,
16.636,8,STA,WIFI_DROP,
16.636,9,STA,WIFI_DROP,
16.6384,8,STA,WIFI_DROP,
16.6384,9,STA,WIFI_DROP,
16.6408,8,STA,WIFI_DROP,
16.6408,9,STA,WIFI_DROP,
16.6432,8,STA,WIFI_DROP,
16.6432,9,STA,WIFI_DROP,
16.6456,8,STA,WIFI_DROP,
16.6456,9,STA,WIFI_DROP,
16.648,8,STA,WIFI_DROP,
16.648,9,STA,WIFI_DROP,
16.6504,8,STA,WIFI_DROP,
16.6504,9,STA,WIFI_DROP,
16.6528,8,STA,WIFI_DROP,
16.6528,9,STA,WIFI_DROP,
16.6552,8,STA,WIFI_DROP,
16.6552,9,STA,WIFI_DROP,
16.6576,8,STA,WIFI_DROP,
16.6576,9,STA,WIFI_DROP,
16.66,8,STA,WIFI_DROP,
16.66,9,STA,WIFI_DROP,
16.6624,8,STA,WIFI_DROP,
16.6624,9,STA,WIFI_DROP,
16.6648,8,STA,WIFI_DROP,
16.6648,9,STA,WIFI_DROP,
16.6672,8,STA,WIFI_DROP,
16.6672,9,STA,WIFI_DROP,
16.6696,8,STA,WIFI_DROP,
16.6696,9,STA,WIFI_DROP,
16.672,8,STA,WIFI_DROP,
16.672,9,STA,WIFI_DROP,
16.6744,8,STA,WIFI_DROP,
16.6744,9,STA,WIFI_DROP,
16.6768,8,STA,WIFI_DROP,
16.6768,9,STA,WIFI_DROP,
16.6792,8,STA,WIFI_DROP,
16.6792,9,STA,WIFI_DROP,
16.6816,8,STA,WIFI_DROP,
16.6816,9,STA,WIFI_DROP,
16.684,8,STA,WIFI_DROP,
16.684,9,STA,WIFI_DROP,
16.6864,8,STA,WIFI_DROP,
16.6864,9,STA,WIFI_DROP,
16.6888,8,STA,WIFI_DROP,
16.6888,9,STA,WIFI_DROP,
16.6912,8,STA,WIFI_DROP,
16.6912,9,STA,WIFI_DROP,
16.6936,8,STA,WIFI_DROP,
16.6936,9,STA,WIFI_DROP,
16.696,8,STA,WIFI_DROP,
16.696,9,STA,WIFI_DROP,
16.696,19,STA,WIFI_DROP,
16.6984,8,STA,WIFI_DROP,
16.6984,9,STA,WIFI_DROP,
16.6984,19,STA,WIFI_DROP,
16.7008,8,STA,WIFI_DROP,
16.7008,9,STA,WIFI_DROP,
16.7008,19,STA,WIFI_DROP,
16.7032,8,STA,WIFI_DROP,
16.7032,9,STA,WIFI_DROP,
16.7032,19,STA,WIFI_DROP,
16.7056,8,STA,WIFI_DROP,
16.7056,9,STA,WIFI_DROP,
16.7056,19,STA,WIFI_DROP,
16.708,8,STA,WIFI_DROP,
16.708,9,STA,WIFI_DROP,
16.708,19,STA,WIFI_DROP,
16.7104,8,STA,WIFI_DROP,
16.7104,9,STA,WIFI_DROP,
16.7104,19,STA,WIFI_DROP,
16.7128,8,STA,WIFI_DROP,
16.7128,9,STA,WIFI_DROP,
16.7128,19,STA,WIFI_DROP,
16.7152,8,STA,WIFI_DROP,
16.7152,9,STA,WIFI_DROP,
16.7152,19,STA,WIFI_DROP,
16.7176,8,STA,WIFI_DROP,
16.7176,9,STA,WIFI_DROP,
16.7176,19,STA,WIFI_DROP,
16.72,8,STA,WIFI_DROP,
16.72,9,STA,WIFI_DROP,
16.72,19,STA,WIFI_DROP,
16.7224,8,STA,WIFI_DROP,
16.7224,9,STA,WIFI_DROP,
16.7224,19,STA,WIFI_DROP,
16.7248,8,STA,WIFI_DROP,
16.7248,9,STA,WIFI_DROP,
16.7248,19,STA,WIFI_DROP,
16.7272,8,STA,WIFI_DROP,
16.7272,9,STA,WIFI_DROP,
16.7272,19,STA,WIFI_DROP,
16.7296,8,STA,WIFI_DROP,
16.7296,9,STA,WIFI_DROP,
16.7296,19,STA,WIFI_DROP,
16.732,8,STA,WIFI_DROP,
16.732,9,STA,WIFI_DROP,
16.732,19,STA,WIFI_DROP,
16.7344,8,STA,WIFI_DROP,
16.7344,9,STA,WIFI_DROP,
16.7344,19,STA,WIFI_DROP,
16.7368,8,STA,WIFI_DROP,
16.7368,9,STA,WIFI_DROP,
16.7368,19,STA,WIFI_DROP,
16.7392,8,STA,WIFI_DROP,
16.7392,9,STA,WIFI_DROP,
16.7392,19,STA,WIFI_DROP,
16.7416,8,STA,WIFI_DROP,
16.7416,9,STA,WIFI_DROP,
16.7416,19,STA,WIFI_DROP,
16.744,8,STA,WIFI_DROP,
16.744,9,STA,WIFI_DROP,
16.744,19,STA,WIFI_DROP,
16.7464,8,STA,WIFI_DROP,
16.7464,9,STA,WIFI_DROP,
16.7464,19,STA,WIFI_DROP,
16.7488,8,STA,WIFI_DROP,
16.7488,9,STA,WIFI_DROP,
16.7512,8,STA,WIFI_DROP,
16.7512,9,STA,WIFI_DROP,
16.7536,8,STA,WIFI_DROP,
16.7536,9,STA,WIFI_DROP,
16.756,8,STA,WIFI_DROP,
16.756,9,STA,WIFI_DROP,
16.7584,8,STA,WIFI_DROP,
16.7584,9,STA,WIFI_DROP,
16.7608,8,STA,WIFI_DROP,
16.7608,9,STA,WIFI_DROP,
16.7632,8,STA,WIFI_DROP,
16.7632,9,STA,WIFI_DROP,
16.7656,8,STA,WIFI_DROP,
16.7656,9,STA,WIFI_DROP,
16.768,8,STA,WIFI_DROP,
16.768,9,STA,WIFI_DROP,
16.7704,8,STA,WIFI_DROP,
16.7704,9,STA,WIFI_DROP,
16.7728,8,STA,WIFI_DROP,
16.7728,9,STA,WIFI_DROP,
16.7752,8,STA,WIFI_DROP,
16.7752,9,STA,WIFI_DROP,
16.7776,8,STA,WIFI_DROP,
16.7776,9,STA,WIFI_DROP,
16.78,8,STA,WIFI_DROP,
16.78,9,STA,WIFI_DROP,
16.7824,8,STA,WIFI_DROP,
16.7824,9,STA,WIFI_DROP,
16.7848,8,STA,WIFI_DROP,
16.7848,9,STA,WIFI_DROP,
16.7872,8,STA,WIFI_DROP,
16.7872,9,STA,WIFI_DROP,
16.7896,8,STA,WIFI_DROP,
16.7896,9,STA,WIFI_DROP,
16.792,8,STA,WIFI_DROP,
16.792,9,STA,WIFI_DROP,
16.7944,8,STA,WIFI_DROP,
16.7944,9,STA,WIFI_DROP,
16.7968,8,STA,WIFI_DROP,
16.7968,9,STA,WIFI_DROP,
16.7992,8,STA,WIFI_DROP,
16.7992,9,STA,WIFI_DROP,
16.8016,8,STA,WIFI_DROP,
16.8016,9,STA,WIFI_DROP,
16.804,8,STA,WIFI_DROP,
16.804,9,STA,WIFI_DROP,
16.8064,8,STA,WIFI_DROP,
16.8064,9,STA,WIFI_DROP,
16.8088,8,STA,WIFI_DROP,
16.8088,9,STA,WIFI_DROP,
16.8112,8,STA,WIFI_DROP,
16.8112,9,STA,WIFI_DROP,
16.8136,8,STA,WIFI_DROP,
16.8136,9,STA,WIFI_DROP,
16.816,8,STA,WIFI_DROP,
16.816,9,STA,WIFI_DROP,
16.8184,8,STA,WIFI_DROP,
16.8184,9,STA,WIFI_DROP,
16.8208,8,STA,WIFI_DROP,
16.8208,9,STA,WIFI_DROP,
16.8232,8,STA,WIFI_DROP,
16.8232,9,STA,WIFI_DROP,
16.8256,8,STA,WIFI_DROP,
16.8256,9,STA,WIFI_DROP,
16.828,8,STA,WIFI_DROP,
16.828,9,STA,WIFI_DROP,
16.8304,8,STA,WIFI_DROP,
16.8304,9,STA,WIFI_DROP,
16.8328,8,STA,WIFI_DROP,
16.8328,9,STA,WIFI_DROP,
16.8352,8,STA,WIFI_DROP,
16.8352,9,STA,WIFI_DROP,
16.8376,8,STA,WIFI_DROP,
16.8376,9,STA,WIFI_DROP,
16.84,8,STA,WIFI_DROP,
16.84,9,STA,WIFI_DROP,
16.8424,8,STA,WIFI_DROP,
16.8424,9,STA,WIFI_DROP,
16.8448,8,STA,WIFI_DROP,
16.8448,9,STA,WIFI_DROP,
16.8472,8,STA,WIFI_DROP,
16.8472,9,STA,WIFI_DROP,
16.8496,8,STA,WIFI_DROP,
16.8496,9,STA,WIFI_DROP,
16.852,8,STA,WIFI_DROP,
16.852,9,STA,WIFI_DROP,
16.8544,8,STA,WIFI_DROP,
16.8544,9,STA,WIFI_DROP,
16.8568,8,STA,WIFI_DROP,
16.8568,9,STA,WIFI_DROP,
16.8592,8,STA,WIFI_DROP,
16.8592,9,STA,WIFI_DROP,
16.8616,8,STA,WIFI_DROP,
16.8616,9,STA,WIFI_DROP,
16.864,8,STA,WIFI_DROP,
16.864,9,STA,WIFI_DROP,
16.8664,8,STA,WIFI_DROP,
16.8664,9,STA,WIFI_DROP,
16.8688,8,STA,WIFI_DROP,
16.8688,9,STA,WIFI_DROP,
16.8712,8,STA,WIFI_DROP,
16.8712,9,STA,WIFI_DROP,
16.8736,8,STA,WIFI_DROP,
16.8736,9,STA,WIFI_DROP,
16.876,8,STA,WIFI_DROP,
16.876,9,STA,WIFI_DROP,
16.8784,8,STA,WIFI_DROP,
16.8784,9,STA,WIFI_DROP,
16.8808,8,STA,WIFI_DROP,
16.8808,9,STA,WIFI_DROP,
16.8832,8,STA,WIFI_DROP,
16.8832,9,STA,WIFI_DROP,
16.8856,8,STA,WIFI_DROP,
16.8856,9,STA,WIFI_DROP,
16.888,8,STA,WIFI_DROP,
16.888,9,STA,WIFI_DROP,
16.8904,8,STA,WIFI_DROP,
16.8904,9,STA,WIFI_DROP,
16.8928,8,STA,WIFI_DROP,
16.8928,9,STA,WIFI_DROP,
16.8952,8,STA,WIFI_DROP,
16.8952,9,STA,WIFI_DROP,
16.8976,8,STA,WIFI_DROP,
16.8976,9,STA,WIFI_DROP,
16.9,8,STA,WIFI_DROP,
16.9,9,STA,WIFI_DROP,
16.9024,8,STA,WIFI_DROP,
16.9024,9,STA,WIFI_DROP,
16.9048,8,STA,WIFI_DROP,
16.9048,9,STA,WIFI_DROP,
16.9072,8,STA,WIFI_DROP,
16.9072,9,STA,WIFI_DROP,
16.9096,8,STA,WIFI_DROP,
16.9096,9,STA,WIFI_DROP,
16.912,8,STA,WIFI_DROP,
16.912,9,STA,WIFI_DROP,
16.9144,8,STA,WIFI_DROP,
16.9144,9,STA,WIFI_DROP,
16.9168,8,STA,WIFI_DROP,
16.9168,9,STA,WIFI_DROP,
16.9192,8,STA,WIFI_DROP,
16.9192,9,STA,WIFI_DROP,
16.9216,8,STA,WIFI_DROP,
16.9216,9,STA,WIFI_DROP,
16.924,8,STA,WIFI_DROP,
16.924,9,STA,WIFI_DROP,
16.9264,8,STA,WIFI_DROP,
16.9264,9,STA,WIFI_DROP,
16.9288,9,STA,WIFI_DROP,
16.9312,9,STA,WIFI_DROP,
16.9336,9,STA,WIFI_DROP,
16.936,9,STA,WIFI_DROP,
16.9384,9,STA,WIFI_DROP,
16.9408,9,STA,WIFI_DROP,
16.9432,9,STA,WIFI_DROP,
16.9456,9,STA,WIFI_DROP,
16.948,9,STA,WIFI_DROP,
16.9504,8,STA,WIFI_DROP,
16.9504,9,STA,WIFI_DROP,
16.9528,8,STA,WIFI_DROP,
16.9528,9,STA,WIFI_DROP,
16.9552,8,STA,WIFI_DROP,
16.9552,9,STA,WIFI_DROP,
16.9576,8,STA,WIFI_DROP,
16.9576,9,STA,WIFI_DROP,
16.96,8,STA,WIFI_DROP,
16.96,9,STA,WIFI_DROP,
16.9624,8,STA,WIFI_DROP,
16.9624,9,STA,WIFI_DROP,
16.9648,8,STA,WIFI_DROP,
16.9648,9,STA,WIFI_DROP,
16.9672,8,STA,WIFI_DROP,
16.9672,9,STA,WIFI_DROP,
16.9696,8,STA,WIFI_DROP,
16.9696,9,STA,WIFI_DROP,
16.972,8,STA,WIFI_DROP,
16.972,9,STA,WIFI_DROP,
16.9744,8,STA,WIFI_DROP,
16.9744,9,STA,WIFI_DROP,
16.9768,8,STA,WIFI_DROP,
16.9768,9,STA,WIFI_DROP,
16.9792,8,STA,WIFI_DROP,
16.9792,9,STA,WIFI_DROP,
16.9816,8,STA,WIFI_DROP,
16.9816,9,STA,WIFI_DROP,
16.984,8,STA,WIFI_DROP,
16.984,9,STA,WIFI_DROP,
16.9864,8,STA,WIFI_DROP,
16.9864,9,STA,WIFI_DROP,
16.9888,8,STA,WIFI_DROP,
16.9888,9,STA,WIFI_DROP,
16.9912,8,STA,WIFI_DROP,
16.9912,9,STA,WIFI_DROP,
16.9936,8,STA,WIFI_DROP,
16.9936,9,STA,WIFI_DROP,
16.996,8,STA,WIFI_DROP,
16.996,9,STA,WIFI_DROP,
16.9984,8,STA,WIFI_DROP,
16.9984,9,STA,WIFI_DROP,
17,3,STA,THROUGHPUT_MBPS,1.644000
17,5,STA,THROUGHPUT_MBPS,3.072000
17,6,STA,THROUGHPUT_MBPS,4.272000
17,8,STA,THROUGHPUT_MBPS,0.012000
17,10,STA,THROUGHPUT_MBPS,1.476000
17,13,STA,THROUGHPUT_MBPS,2.508000
17,15,STA,THROUGHPUT_MBPS,1.740000
17,17,STA,THROUGHPUT_MBPS,3.624000
17,19,STA,THROUGHPUT_MBPS,2.172000
17,1,AP,AGGREGATE_THROUGHPUT_MBPS,20.520000
17,1,AP,SENT_COUNT,8340.000000
17,1,AP,RECV_COUNT,1710.000000
17,1,AP,LATENCY_P95_MS,547.422501
17.0008,8,STA,WIFI_DROP,
17.0008,9,STA,WIFI_DROP,
17.0032,8,STA,WIFI_DROP,
17.0032,9,STA,WIFI_DROP,
17.0056,8,STA,WIFI_DROP,
17.0056,9,STA,WIFI_DROP,
17.008,8,STA,WIFI_DROP,
17.008,9,STA,WIFI_DROP,
17.0104,8,STA,WIFI_DROP,
17.0104,9,STA,WIFI_DROP,
17.0128,8,STA,WIFI_DROP,
17.0128,9,STA,WIFI_DROP,
17.0152,8,STA,WIFI_DROP,
17.0152,9,STA,WIFI_DROP,
17.0176,8,STA,WIFI_DROP,
17.0176,9,STA,WIFI_DROP,
17.02,8,STA,WIFI_DROP,
17.02,9,STA,WIFI_DROP,
17.0224,8,STA,WIFI_DROP,
17.0224,9,STA,WIFI_DROP,
17.0248,8,STA,WIFI_DROP,
17.0248,9,STA,WIFI_DROP,
17.0272,8,STA,WIFI_DROP,
17.0272,9,STA,WIFI_DROP,
17.0296,8,STA,WIFI_DROP,
17.0296,9,STA,WIFI_DROP,
17.032,8,STA,WIFI_DROP,
17.032,9,STA,WIFI_DROP,
17.0344,8,STA,WIFI_DROP,
17.0344,9,STA,WIFI_DROP,
17.0368,8,STA,WIFI_DROP,
17.0368,9,STA,WIFI_DROP,
17.0392,8,STA,WIFI_DROP,
17.0392,9,STA,WIFI_DROP,
17.0416,8,STA,WIFI_DROP,
17.0416,9,STA,WIFI_DROP,
17.044,8,STA,WIFI_DROP,
17.044,9,STA,WIFI_DROP,
17.0464,8,STA,WIFI_DROP,
17.0464,9,STA,WIFI_DROP,
17.0488,8,STA,WIFI_DROP,
17.0488,9,STA,WIFI_DROP,
17.0512,8,STA,WIFI_DROP,
17.0512,9,STA,WIFI_DROP,
17.0536,8,STA,WIFI_DROP,
17.0536,9,STA,WIFI_DROP,
17.056,8,STA,WIFI_DROP,
17.056,9,STA,WIFI_DROP,
17.0584,8,STA,WIFI_DROP,
17.0584,9,STA,WIFI_DROP,
17.0608,8,STA,WIFI_DROP,
17.0608,9,STA,WIFI_DROP,
17.0632,8,STA,WIFI_DROP,
17.0632,9,STA,WIFI_DROP,
17.0656,8,STA,WIFI_DROP,
17.0656,9,STA,WIFI_DROP,
17.068,8,STA,WIFI_DROP,
17.068,9,STA,WIFI_DROP,
17.0704,8,STA,WIFI_DROP,
17.0704,9,STA,WIFI_DROP,
17.0728,8,STA,WIFI_DROP,
17.0728,9,STA,WIFI_DROP,
17.0752,8,STA,WIFI_DROP,
17.0752,9,STA,WIFI_DROP,
17.0776,8,STA,WIFI_DROP,
17.0776,9,STA,WIFI_DROP,
17.08,8,STA,WIFI_DROP,
17.08,9,STA,WIFI_DROP,
17.0824,8,STA,WIFI_DROP,
17.0824,9,STA,WIFI_DROP,
17.0848,8,STA,WIFI_DROP,
17.0848,9,STA,WIFI_DROP,
17.0872,8,STA,WIFI_DROP,
17.0872,9,STA,WIFI_DROP,
17.0896,8,STA,WIFI_DROP,
17.0896,9,STA,WIFI_DROP,
17.092,8,STA,WIFI_DROP,
17.092,9,STA,WIFI_DROP,
17.0944,8,STA,WIFI_DROP,
17.0944,9,STA,WIFI_DROP,
17.0968,8,STA,WIFI_DROP,
17.0968,9,STA,WIFI_DROP,
17.0992,8,STA,WIFI_DROP,
17.0992,9,STA,WIFI_DROP,
17.1016,8,STA,WIFI_DROP,
17.1016,9,STA,WIFI_DROP,
17.104,8,STA,WIFI_DROP,
17.104,9,STA,WIFI_DROP,
17.1064,8,STA,WIFI_DROP,
17.1064,9,STA,WIFI_DROP,
17.1088,8,STA,WIFI_DROP,
17.1088,9,STA,WIFI_DROP,
17.1112,8,STA,WIFI_DROP,
17.1112,9,STA,WIFI_DROP,
17.1136,8,STA,WIFI_DROP,
17.1136,9,STA,WIFI_DROP,
17.116,8,STA,WIFI_DROP,
17.116,9,STA,WIFI_DROP,
17.1184,8,STA,WIFI_DROP,
17.1184,9,STA,WIFI_DROP,
17.1208,8,STA,WIFI_DROP,
17.1208,9,STA,WIFI_DROP,
17.1232,8,STA,WIFI_DROP,
17.1232,9,STA,WIFI_DROP,
17.1256,8,STA,WIFI_DROP,
17.1256,9,STA,WIFI_DROP,
17.128,8,STA,WIFI_DROP,
17.128,9,STA,WIFI_DROP,
17.1304,8,STA,WIFI_DROP,
17.1304,9,STA,WIFI_DROP,
17.1328,8,STA,WIFI_DROP,
17.1328,9,STA,WIFI_DROP,
17.1352,8,STA,WIFI_DROP,
17.1352,9,STA,WIFI_DROP,
17.1376,8,STA,WIFI_DROP,
17.1376,9,STA,WIFI_DROP,
17.14,8,STA,WIFI_DROP,
17.14,9,STA,WIFI_DROP,
17.1424,8,STA,WIFI_DROP,
17.1424,9,STA,WIFI_DROP,
17.1448,8,STA,WIFI_DROP,
17.1448,9,STA,WIFI_DROP,
17.1472,8,STA,WIFI_DROP,
17.1472,9,STA,WIFI_DROP,
17.1496,8,STA,WIFI_DROP,
17.1496,9,STA,WIFI_DROP,
17.152,8,STA,WIFI_DROP,
17.152,9,STA,WIFI_DROP,
17.1544,9,STA,WIFI_DROP,
17.1568,9,STA,WIFI_DROP,
17.1592,9,STA,WIFI_DROP,
17.1616,9,STA,WIFI_DROP,
17.164,9,STA,WIFI_DROP,
17.1664,9,STA,WIFI_DROP,
17.1688,9,STA,WIFI_DROP,
17.1712,9,STA,WIFI_DROP,
17.1736,9,STA,WIFI_DROP,
17.176,9,STA,WIFI_DROP,
17.1784,9,STA,WIFI_DROP,
17.1808,9,STA,WIFI_DROP,
17.1832,9,STA,WIFI_DROP,
17.1856,9,STA,WIFI_DROP,
17.188,9,STA,WIFI_DROP,
17.1904,9,STA,WIFI_DROP,
17.1928,9,STA,WIFI_DROP,
17.1952,9,STA,WIFI_DROP,
17.1976,9,STA,WIFI_DROP,
17.2,9,STA,WIFI_DROP,
17.2024,9,STA,WIFI_DROP,
17.2048,9,STA,WIFI_DROP,
17.2072,9,STA,WIFI_DROP,
18,3,STA,THROUGHPUT_MBPS,1.752000
18,5,STA,THROUGHPUT_MBPS,1.008000
18,6,STA,THROUGHPUT_MBPS,0.660000
18,10,STA,THROUGHPUT_MBPS,2.376000
18,13,STA,THROUGHPUT_MBPS,2.352000
18,15,STA,THROUGHPUT_MBPS,1.164000
18,17,STA,THROUGHPUT_MBPS,0.840000
18,19,STA,THROUGHPUT_MBPS,0.852000
18,1,AP,AGGREGATE_THROUGHPUT_MBPS,11.004000
18,1,AP,SENT_COUNT,8340.000000
18,1,AP,RECV_COUNT,917.000000
18,1,AP,LATENCY_P95_MS,535.368577
18.5392,18,STA,WIFI_DROP,
18.5416,18,STA,WIFI_DROP,
18.544,18,STA,WIFI_DROP,
18.5464,18,STA,WIFI_DROP,
18.5488,18,STA,WIFI_DROP,
18.5512,18,STA,WIFI_DROP,
18.5536,18,STA,WIFI_DROP,
18.556,18,STA,WIFI_DROP,
18.5584,18,STA,WIFI_DROP,
18.5608,18,STA,WIFI_DROP,
18.5632,18,STA,WIFI_DROP,
18.5656,18,STA,WIFI_DROP,
18.568,18,STA,WIFI_DROP,
18.5704,18,STA,WIFI_DROP,
18.5728,18,STA,WIFI_DROP,
18.5752,18,STA,WIFI_DROP,
18.5776,18,STA,WIFI_DROP,
18.58,18,STA,WIFI_DROP,
18.5824,18,STA,WIFI_DROP,
18.5848,18,STA,WIFI_DROP,
18.5872,18,STA,WIFI_DROP,
18.5896,18,STA,WIFI_DROP,
18.592,18,STA,WIFI_DROP,
18.5944,18,STA,WIFI_DROP,
18.5968,18,STA,WIFI_DROP,
18.5992,18,STA,WIFI_DROP,
18.6016,18,STA,WIFI_DROP,
18.604,18,STA,WIFI_DROP,
18.6064,18,STA,WIFI_DROP,
18.6088,18,STA,WIFI_DROP,
18.6112,18,STA,WIFI_DROP,
18.6136,18,STA,WIFI_DROP,
18.616,18,STA,WIFI_DROP,
18.6184,18,STA,WIFI_DROP,
18.6208,18,STA,WIFI_DROP,
18.6232,18,STA,WIFI_DROP,
18.6256,18,STA,WIFI_DROP,
18.628,18,STA,WIFI_DROP,
18.6304,18,STA,WIFI_DROP,
18.6328,18,STA,WIFI_DROP,
18.6352,18,STA,WIFI_DROP,
18.6376,18,STA,WIFI_DROP,
18.64,18,STA,WIFI_DROP,
18.6424,18,STA,WIFI_DROP,
18.6448,18,STA,WIFI_DROP,
18.6472,18,STA,WIFI_DROP,
18.6496,18,STA,WIFI_DROP,
18.652,18,STA,WIFI_DROP,
18.6544,18,STA,WIFI_DROP,
18.6568,18,STA,WIFI_DROP,
18.6592,18,STA,WIFI_DROP,
18.6616,18,STA,WIFI_DROP,
18.664,18,STA,WIFI_DROP,
18.6664,18,STA,WIFI_DROP,
18.6688,18,STA,WIFI_DROP,
18.6712,18,STA,WIFI_DROP,
18.6736,18,STA,WIFI_DROP,
18.676,18,STA,WIFI_DROP,
18.6784,18,STA,WIFI_DROP,
18.6808,18,STA,WIFI_DROP,
18.6832,18,STA,WIFI_DROP,
18.6856,18,STA,WIFI_DROP,
18.688,18,STA,WIFI_DROP,
18.6904,18,STA,WIFI_DROP,
18.6928,18,STA,WIFI_DROP,
18.6952,18,STA,WIFI_DROP,
18.6976,18,STA,WIFI_DROP,
18.7,18,STA,WIFI_DROP,
18.7024,18,STA,WIFI_DROP,
18.7048,18,STA,WIFI_DROP,
18.7072,18,STA,WIFI_DROP,
18.7096,18,STA,WIFI_DROP,
18.712,18,STA,WIFI_DROP,
18.7144,18,STA,WIFI_DROP,
18.7168,18,STA,WIFI_DROP,
18.7192,18,STA,WIFI_DROP,
18.7216,18,STA,WIFI_DROP,
18.724,18,STA,WIFI_DROP,
18.7264,18,STA,WIFI_DROP,
18.7288,18,STA,WIFI_DROP,
18.7312,18,STA,WIFI_DROP,
18.7336,18,STA,WIFI_DROP,
18.736,18,STA,WIFI_DROP,
18.7384,18,STA,WIFI_DROP,
18.7408,18,STA,WIFI_DROP,
18.7432,18,STA,WIFI_DROP,
18.7456,18,STA,WIFI_DROP,
18.748,18,STA,WIFI_DROP,
18.7504,18,STA,WIFI_DROP,
18.7528,18,STA,WIFI_DROP,
18.7552,18,STA,WIFI_DROP,
18.7576,18,STA,WIFI_DROP,
18.76,18,STA,WIFI_DROP,
18.7624,18,STA,WIFI_DROP,
18.7648,18,STA,WIFI_DROP,
18.7672,18,STA,WIFI_DROP,
18.7696,18,STA,WIFI_DROP,
18.772,18,STA,WIFI_DROP,
18.7744,18,STA,WIFI_DROP,
18.7768,18,STA,WIFI_DROP,
18.7792,18,STA,WIFI_DROP,
18.7816,18,STA,WIFI_DROP,
18.784,18,STA,WIFI_DROP,
18.7864,18,STA,WIFI_DROP,
18.7888,18,STA,WIFI_DROP,
18.7912,18,STA,WIFI_DROP,
18.7936,18,STA,WIFI_DROP,
18.796,18,STA,WIFI_DROP,
18.7984,18,STA,WIFI_DROP,
18.8008,18,STA,WIFI_DROP,
18.8032,18,STA,WIFI_DROP,
18.8056,18,STA,WIFI_DROP,
18.808,18,STA,WIFI_DROP,
18.8104,18,STA,WIFI_DROP,
18.8128,18,STA,WIFI_DROP,
18.8152,18,STA,WIFI_DROP,
18.8176,18,STA,WIFI_DROP,
18.82,18,STA,WIFI_DROP,
18.8224,18,STA,WIFI_DROP,
18.8248,18,STA,WIFI_DROP,
18.8272,18,STA,WIFI_DROP,
18.8296,18,STA,WIFI_DROP,
18.832,18,STA,WIFI_DROP,
18.8344,18,STA,WIFI_DROP,
18.8368,18,STA,WIFI_DROP,
18.8392,18,STA,WIFI_DROP,
18.8416,18,STA,WIFI_DROP,
18.844,18,STA,WIFI_DROP,
18.8464,18,STA,WIFI_DROP,
18.8488,18,STA,WIFI_DROP,
18.8512,18,STA,WIFI_DROP,
18.8536,18,STA,WIFI_DROP,
18.856,18,STA,WIFI_DROP,
18.8584,18,STA,WIFI_DROP,
18.8608,18,STA,WIFI_DROP,
18.8632,18,STA,WIFI_DROP,
18.8656,18,STA,WIFI_DROP,
18.868,18,STA,WIFI_DROP,
18.8704,18,STA,WIFI_DROP,
18.8728,18,STA,WIFI_DROP,
18.8752,18,STA,WIFI_DROP,
18.8776,18,STA,WIFI_DROP,
18.88,18,STA,WIFI_DROP,
18.8824,18,STA,WIFI_DROP,
18.8848,18,STA,WIFI_DROP,
18.8872,18,STA,WIFI_DROP,
18.8896,18,STA,WIFI_DROP,
18.892,18,STA,WIFI_DROP,
18.8944,18,STA,WIFI_DROP,
18.8968,18,STA,WIFI_DROP,
18.8992,18,STA,WIFI_DROP,
18.9016,18,STA,WIFI_DROP,
18.904,18,STA,WIFI_DROP,
18.9064,18,STA,WIFI_DROP,
18.9088,18,STA,WIFI_DROP,
18.9112,18,STA,WIFI_DROP,
18.9136,18,STA,WIFI_DROP,
18.916,18,STA,WIFI_DROP,
18.9184,18,STA,WIFI_DROP,
18.9208,18,STA,WIFI_DROP,
18.9232,18,STA,WIFI_DROP,
18.9256,18,STA,WIFI_DROP,
18.928,18,STA,WIFI_DROP,
18.9304,18,STA,WIFI_DROP,
18.9328,18,STA,WIFI_DROP,
18.9352,18,STA,WIFI_DROP,
18.9376,18,STA,WIFI_DROP,
18.94,18,STA,WIFI_DROP,
18.9424,18,STA,WIFI_DROP,
18.9448,18,STA,WIFI_DROP,
18.9472,18,STA,WIFI_DROP,
18.9496,18,STA,WIFI_DROP,
18.952,18,STA,WIFI_DROP,
18.9544,18,STA,WIFI_DROP,
18.9568,18,STA,WIFI_DROP,
18.9592,18,STA,WIFI_DROP,
18.9616,18,STA,WIFI_DROP,
18.964,18,STA,WIFI_DROP,
18.9664,18,STA,WIFI_DROP,
18.9688,18,STA,WIFI_DROP,
18.9712,18,STA,WIFI_DROP,
18.9736,18,STA,WIFI_DROP,
18.976,18,STA,WIFI_DROP,
18.9784,18,STA,WIFI_DROP,
18.9808,18,STA,WIFI_DROP,
18.9832,18,STA,WIFI_DROP,
18.9856,18,STA,WIFI_DROP,
18.988,18,STA,WIFI_DROP,
18.9904,18,STA,WIFI_DROP,
18.9928,18,STA,WIFI_DROP,
18.9952,18,STA,WIFI_DROP,
18.9976,18,STA,WIFI_DROP,
19,3,STA,THROUGHPUT_MBPS,1.824000
19,5,STA,THROUGHPUT_MBPS,2.532000
19,6,STA,THROUGHPUT_MBPS,2.364000
19,10,STA,THROUGHPUT_MBPS,3.036000
19,13,STA,THROUGHPUT_MBPS,1.992000
19,15,STA,THROUGHPUT_MBPS,1.752000
19,17,STA,THROUGHPUT_MBPS,1.944000
19,19,STA,THROUGHPUT_MBPS,2.460000
19,1,AP,AGGREGATE_THROUGHPUT_MBPS,17.904000
19,1,AP,SENT_COUNT,8320.000000
19,1,AP,RECV_COUNT,1492.000000
19,1,AP,LATENCY_P95_MS,552.032585
19,18,STA,WIFI_DROP,
19.0024,18,STA,WIFI_DROP,
19.0048,18,STA,WIFI_DROP,
19.0072,18,STA,WIFI_DROP,
19.0096,18,STA,WIFI_DROP,
19.012,18,STA,WIFI_DROP,
19.0144,18,STA,WIFI_DROP,
19.0168,18,STA,WIFI_DROP,
19.0192,18,STA,WIFI_DROP,
19.0216,18,STA,WIFI_DROP,
19.024,18,STA,WIFI_DROP,
19.0264,18,STA,WIFI_DROP,
19.0288,18,STA,WIFI_DROP,
19.0312,18,STA,WIFI_DROP,
19.0336,18,STA,WIFI_DROP,
19.036,18,STA,WIFI_DROP,
19.0384,18,STA,WIFI_DROP,
19.0408,18,STA,WIFI_DROP,
19.0432,18,STA,WIFI_DROP,
19.0456,18,STA,WIFI_DROP,
19.048,18,STA,WIFI_DROP,
19.0504,18,STA,WIFI_DROP,
19.0528,18,STA,WIFI_DROP,
19.0552,18,STA,WIFI_DROP,
19.0576,18,STA,WIFI_DROP,
19.06,18,STA,WIFI_DROP,
19.0624,18,STA,WIFI_DROP,
19.0648,18,STA,WIFI_DROP,
19.0672,18,STA,WIFI_DROP,
19.0696,18,STA,WIFI_DROP,
19.072,18,STA,WIFI_DROP,
19.0744,18,STA,WIFI_DROP,
19.0768,18,STA,WIFI_DROP,
19.0792,18,STA,WIFI_DROP,
19.0816,18,STA,WIFI_DROP,
19.084,18,STA,WIFI_DROP,
19.0864,18,STA,WIFI_DROP,
19.0888,18,STA,WIFI_DROP,
19.0912,18,STA,WIFI_DROP,
19.3576,15,STA,WIFI_DROP,
19.36,15,STA,WIFI_DROP,
19.3624,15,STA,WIFI_DROP,
19.3648,15,STA,WIFI_DROP,
19.3672,15,STA,WIFI_DROP,
19.3696,15,STA,WIFI_DROP,
19.372,15,STA,WIFI_DROP,
19.3744,15,STA,WIFI_DROP,
19.3768,15,STA,WIFI_DROP,
19.3792,15,STA,WIFI_DROP,
19.3816,15,STA,WIFI_DROP,
19.384,15,STA,WIFI_DROP,
19.3864,15,STA,WIFI_DROP,
19.3888,15,STA,WIFI_DROP,
19.3912,15,STA,WIFI_DROP,
19.3936,15,STA,WIFI_DROP,
19.396,15,STA,WIFI_DROP,
19.3984,15,STA,WIFI_DROP,
19.4008,15,STA,WIFI_DROP,
19.4032,15,STA,WIFI_DROP,
19.4056,15,STA,WIFI_DROP,
19.408,15,STA,WIFI_DROP,
19.4104,15,STA,WIFI_DROP,
19.4128,15,STA,WIFI_DROP,
19.4152,15,STA,WIFI_DROP,
19.4176,15,STA,WIFI_DROP,
19.42,15,STA,WIFI_DROP,
19.4224,15,STA,WIFI_DROP,
19.4248,15,STA,WIFI_DROP,
19.4272,15,STA,WIFI_DROP,
19.4296,15,STA,WIFI_DROP,
19.432,15,STA,WIFI_DROP,
19.4344,15,STA,WIFI_DROP,
19.4368,15,STA,WIFI_DROP,
19.4392,15,STA,WIFI_DROP,
19.4416,15,STA,WIFI_DROP,
19.444,15,STA,WIFI_DROP,
19.4464,15,STA,WIFI_DROP,
19.4488,15,STA,WIFI_DROP,
19.4512,15,STA,WIFI_DROP,
19.4536,15,STA,WIFI_DROP,
19.456,15,STA,WIFI_DROP,
19.4584,15,STA,WIFI_DROP,
19.4608,15,STA,WIFI_DROP,
19.4632,15,STA,WIFI_DROP,
19.4656,15,STA,WIFI_DROP,
19.468,15,STA,WIFI_DROP,
19.4704,15,STA,WIFI_DROP,
19.4728,15,STA,WIFI_DROP,
19.4752,15,STA,WIFI_DROP,
19.4776,15,STA,WIFI_DROP,
19.48,15,STA,WIFI_DROP,
19.4824,15,STA,WIFI_DROP,
19.4848,15,STA,WIFI_DROP,
19.4872,15,STA,WIFI_DROP,
19.4896,15,STA,WIFI_DROP,
19.492,15,STA,WIFI_DROP,
19.4944,15,STA,WIFI_DROP,
19.4968,15,STA,WIFI_DROP,
19.4992,15,STA,WIFI_DROP,
19.5016,15,STA,WIFI_DROP,
19.504,15,STA,WIFI_DROP,
19.5064,15,STA,WIFI_DROP,
19.5088,15,STA,WIFI_DROP,
