Time_s,NodeID,NodeType,Action,Value
0,2,STA,FIXED_STA_DISTANCE,85.000000
0,3,STA,FIXED_STA_DISTANCE,85.000000
0,4,STA,FIXED_STA_DISTANCE,85.000000
0,5,STA,FIXED_STA_DISTANCE,85.000000
0,6,STA,FIXED_STA_DISTANCE,85.000000
0,7,STA,FIXED_STA_DISTANCE,85.000000
0,8,STA,FIXED_STA_DISTANCE,85.000000
0,9,STA,FIXED_STA_DISTANCE,85.000000
0,10,STA,FIXED_STA_DISTANCE,85.000000
0,11,STA,FIXED_STA_DISTANCE,85.000000
0,12,STA,FIXED_STA_DISTANCE,85.000000
0,13,STA,FIXED_STA_DISTANCE,85.000000
0,14,STA,FIXED_STA_DISTANCE,85.000000
0,15,STA,FIXED_STA_DISTANCE,85.000000
0,16,STA,FIXED_STA_DISTANCE,85.000000
0,17,STA,FIXED_STA_DISTANCE,85.000000
0,18,STA,FIXED_STA_DISTANCE,85.000000
0,19,STA,FIXED_STA_DISTANCE,85.000000
0,20,STA,FIXED_STA_DISTANCE,85.000000
0,21,STA,FIXED_STA_DISTANCE,85.000000
0,2,STA,FIXED_TX_POWER_DBM,24.000000
0,2,STA,NAKAGAMI_FADING,1.000000
0.051982,16,STA,ASSOC,
0.051982,16,STA,JOINED,
0.0530745,13,STA,ASSOC,
0.0530745,13,STA,JOINED,
0.0548071,5,STA,ASSOC,
0.0548071,5,STA,JOINED,
0.0595029,2,STA,ASSOC,
0.0595029,2,STA,JOINED,
0.0626301,4,STA,ASSOC,
0.0626301,4,STA,JOINED,
0.067357,11,STA,ASSOC,
0.067357,11,STA,JOINED,
0.0711771,12,STA,ASSOC,
0.0711771,12,STA,JOINED,
0.103366,7,STA,ASSOC,
0.103366,7,STA,JOINED,
0.106508,9,STA,ASSOC,
0.106508,9,STA,JOINED,
0.151925,15,STA,ASSOC,
0.151925,15,STA,JOINED,
0.15771,17,STA,ASSOC,
0.15771,17,STA,JOINED,
0.162959,14,STA,ASSOC,
0.162959,14,STA,JOINED,
0.166872,18,STA,ASSOC,
0.166872,18,STA,JOINED,
0.201895,10,STA,ASSOC,
0.201895,10,STA,JOINED,
0.253307,3,STA,ASSOC,
0.253307,3,STA,JOINED,
0.254437,6,STA,ASSOC,
0.254437,6,STA,JOINED,
0.40392,19,STA,ASSOC,
0.40392,19,STA,JOINED,
0.552045,21,STA,ASSOC,
0.552045,21,STA,JOINED,
0.553901,8,STA,ASSOC,
0.553901,8,STA,JOINED,
0.651746,20,STA,ASSOC,
0.651746,20,STA,JOINED,
1,1,AP,SENT_COUNT,
1,1,AP,RECV_COUNT,
1.2256,10,STA,WIFI_DROP,
1.228,10,STA,WIFI_DROP,
1.2304,10,STA,WIFI_DROP,
1.2328,10,STA,WIFI_DROP,
1.2352,10,STA,WIFI_DROP,
1.2376,10,STA,WIFI_DROP,
1.24,10,STA,WIFI_DROP,
1.2424,10,STA,WIFI_DROP,
1.2448,10,STA,WIFI_DROP,
1.2472,10,STA,WIFI_DROP,
1.2496,10,STA,WIFI_DROP,
1.252,10,STA,WIFI_DROP,
1.2544,10,STA,WIFI_DROP,
1.2568,10,STA,WIFI_DROP,
1.2592,10,STA,WIFI_DROP,
1.2616,10,STA,WIFI_DROP,
1.264,10,STA,WIFI_DROP,
1.2664,10,STA,WIFI_DROP,
1.2688,10,STA,WIFI_DROP,
1.2712,10,STA,WIFI_DROP,
1.2736,10,STA,WIFI_DROP,
1.276,10,STA,WIFI_DROP,
1.2784,10,STA,WIFI_DROP,
1.2808,10,STA,WIFI_DROP,
1.2832,10,STA,WIFI_DROP,
1.2856,10,STA,WIFI_DROP,
1.288,10,STA,WIFI_DROP,
1.2904,10,STA,WIFI_DROP,
1.2928,10,STA,WIFI_DROP,
1.2952,10,STA,WIFI_DROP,
1.2976,10,STA,WIFI_DROP,
1.3,10,STA,WIFI_DROP,
1.3024,10,STA,WIFI_DROP,
1.3048,10,STA,WIFI_DROP,
1.3072,10,STA,WIFI_DROP,
1.3096,10,STA,WIFI_DROP,
1.312,10,STA,WIFI_DROP,
1.3144,10,STA,WIFI_DROP,
1.3168,10,STA,WIFI_DROP,
1.3192,10,STA,WIFI_DROP,
1.3216,10,STA,WIFI_DROP,
1.324,10,STA,WIFI_DROP,
1.3264,10,STA,WIFI_DROP,
1.3288,10,STA,WIFI_DROP,
1.3312,10,STA,WIFI_DROP,
1.3336,10,STA,WIFI_DROP,
1.336,10,STA,WIFI_DROP,
1.3384,10,STA,WIFI_DROP,
1.3408,10,STA,WIFI_DROP,
1.3432,10,STA,WIFI_DROP,
1.3456,10,STA,WIFI_DROP,
1.348,10,STA,WIFI_DROP,
1.3504,10,STA,WIFI_DROP,
1.3528,10,STA,WIFI_DROP,
1.3552,10,STA,WIFI_DROP,
1.3576,10,STA,WIFI_DROP,
1.36,10,STA,WIFI_DROP,
1.3624,10,STA,WIFI_DROP,
1.3648,10,STA,WIFI_DROP,
1.3672,10,STA,WIFI_DROP,
1.3696,10,STA,WIFI_DROP,
1.372,10,STA,WIFI_DROP,
1.3744,10,STA,WIFI_DROP,
1.3768,10,STA,WIFI_DROP,
1.744,20,STA,WIFI_DROP,
1.7464,20,STA,WIFI_DROP,
1.7488,20,STA,WIFI_DROP,
1.7512,20,STA,WIFI_DROP,
1.7536,20,STA,WIFI_DROP,
1.756,20,STA,WIFI_DROP,
1.7584,20,STA,WIFI_DROP,
1.7608,20,STA,WIFI_DROP,
1.7632,20,STA,WIFI_DROP,
1.7656,20,STA,WIFI_DROP,
1.768,20,STA,WIFI_DROP,
1.7704,20,STA,WIFI_DROP,
1.7728,20,STA,WIFI_DROP,
1.7752,20,STA,WIFI_DROP,
1.7776,20,STA,WIFI_DROP,
1.78,20,STA,WIFI_DROP,
1.7824,20,STA,WIFI_DROP,
1.7848,20,STA,WIFI_DROP,
1.7872,20,STA,WIFI_DROP,
1.7896,20,STA,WIFI_DROP,
1.792,20,STA,WIFI_DROP,
1.7944,20,STA,WIFI_DROP,
1.7968,20,STA,WIFI_DROP,
1.7992,20,STA,WIFI_DROP,
1.8016,20,STA,WIFI_DROP,
1.804,20,STA,WIFI_DROP,
1.8064,20,STA,WIFI_DROP,
1.8088,20,STA,WIFI_DROP,
1.8112,20,STA,WIFI_DROP,
1.8136,20,STA,WIFI_DROP,
1.816,20,STA,WIFI_DROP,
1.8184,20,STA,WIFI_DROP,
1.8208,20,STA,WIFI_DROP,
1.8232,20,STA,WIFI_DROP,
1.8256,20,STA,WIFI_DROP,
1.828,20,STA,WIFI_DROP,
1.8304,20,STA,WIFI_DROP,
1.8328,20,STA,WIFI_DROP,
1.8352,20,STA,WIFI_DROP,
1.8376,20,STA,WIFI_DROP,
1.84,20,STA,WIFI_DROP,
1.8424,20,STA,WIFI_DROP,
1.8448,20,STA,WIFI_DROP,
1.8472,20,STA,WIFI_DROP,
2,3,STA,THROUGHPUT_MBPS,2.136000
2,4,STA,THROUGHPUT_MBPS,2.280000
2,5,STA,THROUGHPUT_MBPS,0.192000
2,6,STA,THROUGHPUT_MBPS,2.172000
2,7,STA,THROUGHPUT_MBPS,0.204000
2,8,STA,THROUGHPUT_MBPS,0.336000
2,9,STA,THROUGHPUT_MBPS,0.600000
2,10,STA,THROUGHPUT_MBPS,1.056000
2,12,STA,THROUGHPUT_MBPS,2.664000
2,13,STA,THROUGHPUT_MBPS,0.216000
2,15,STA,THROUGHPUT_MBPS,0.300000
2,16,STA,THROUGHPUT_MBPS,0.264000
2,18,STA,THROUGHPUT_MBPS,3.384000
2,20,STA,THROUGHPUT_MBPS,2.160000
2,21,STA,THROUGHPUT_MBPS,2.616000
2,1,AP,AGGREGATE_THROUGHPUT_MBPS,20.580000
2,1,AP,SENT_COUNT,8340.000000
2,1,AP,RECV_COUNT,1715.000000
2,1,AP,LATENCY_P95_MS,522.588561
2.1544,15,STA,WIFI_DROP,
2.1568,15,STA,WIFI_DROP,
2.1592,15,STA,WIFI_DROP,
2.1616,15,STA,WIFI_DROP,
2.164,15,STA,WIFI_DROP,
2.1664,15,STA,WIFI_DROP,
2.1688,15,STA,WIFI_DROP,
2.1712,15,STA,WIFI_DROP,
2.1736,15,STA,WIFI_DROP,
2.176,15,STA,WIFI_DROP,
2.1784,15,STA,WIFI_DROP,
2.1808,15,STA,WIFI_DROP,
2.1832,15,STA,WIFI_DROP,
2.1856,15,STA,WIFI_DROP,
2.188,15,STA,WIFI_DROP,
2.1904,15,STA,WIFI_DROP,
2.1928,15,STA,WIFI_DROP,
2.1952,15,STA,WIFI_DROP,
2.1976,15,STA,WIFI_DROP,
2.2,15,STA,WIFI_DROP,
2.2024,15,STA,WIFI_DROP,
2.2048,15,STA,WIFI_DROP,
2.2072,15,STA,WIFI_DROP,
2.2096,15,STA,WIFI_DROP,
2.212,15,STA,WIFI_DROP,
2.2144,15,STA,WIFI_DROP,
2.2168,15,STA,WIFI_DROP,
2.2192,15,STA,WIFI_DROP,
2.2216,15,STA,WIFI_DROP,
2.224,15,STA,WIFI_DROP,
2.2264,15,STA,WIFI_DROP,
2.2288,15,STA,WIFI_DROP,
2.2312,15,STA,WIFI_DROP,
2.2336,15,STA,WIFI_DROP,
2.236,15,STA,WIFI_DROP,
2.2384,15,STA,WIFI_DROP,
2.2408,15,STA,WIFI_DROP,
2.2432,15,STA,WIFI_DROP,
2.2456,15,STA,WIFI_DROP,
2.248,15,STA,WIFI_DROP,
2.2504,15,STA,WIFI_DROP,
2.2528,15,STA,WIFI_DROP,
2.2552,15,STA,WIFI_DROP,
2.2576,15,STA,WIFI_DROP,
2.26,15,STA,WIFI_DROP,
2.2624,15,STA,WIFI_DROP,
2.2648,15,STA,WIFI_DROP,
2.2672,15,STA,WIFI_DROP,
2.2696,15,STA,WIFI_DROP,
2.272,15,STA,WIFI_DROP,
2.2744,15,STA,WIFI_DROP,
2.2768,15,STA,WIFI_DROP,
2.2792,15,STA,WIFI_DROP,
2.2816,15,STA,WIFI_DROP,
2.284,15,STA,WIFI_DROP,
2.2864,15,STA,WIFI_DROP,
2.2888,15,STA,WIFI_DROP,
2.2912,15,STA,WIFI_DROP,
2.2936,15,STA,WIFI_DROP,
2.296,15,STA,WIFI_DROP,
2.2984,15,STA,WIFI_DROP,
2.3008,15,STA,WIFI_DROP,
2.3032,15,STA,WIFI_DROP,
2.3056,15,STA,WIFI_DROP,
2.308,15,STA,WIFI_DROP,
2.3104,15,STA,WIFI_DROP,
2.3128,15,STA,WIFI_DROP,
2.3152,15,STA,WIFI_DROP,
2.3176,15,STA,WIFI_DROP,
2.32,15,STA,WIFI_DROP,
2.3224,15,STA,WIFI_DROP,
2.3248,15,STA,WIFI_DROP,
2.3272,15,STA,WIFI_DROP,
2.3296,15,STA,WIFI_DROP,
2.332,15,STA,WIFI_DROP,
2.3344,15,STA,WIFI_DROP,
2.3368,15,STA,WIFI_DROP,
2.3392,15,STA,WIFI_DROP,
2.3416,15,STA,WIFI_DROP,
2.344,15,STA,WIFI_DROP,
2.3464,15,STA,WIFI_DROP,
2.3488,15,STA,WIFI_DROP,
2.3512,15,STA,WIFI_DROP,
2.3536,15,STA,WIFI_DROP,
2.356,15,STA,WIFI_DROP,
2.3584,15,STA,WIFI_DROP,
2.3608,15,STA,WIFI_DROP,
2.3632,15,STA,WIFI_DROP,
2.3656,15,STA,WIFI_DROP,
2.368,15,STA,WIFI_DROP,
2.3704,15,STA,WIFI_DROP,
2.3728,15,STA,WIFI_DROP,
2.3752,15,STA,WIFI_DROP,
2.3776,15,STA,WIFI_DROP,
2.38,15,STA,WIFI_DROP,
2.3824,15,STA,WIFI_DROP,
2.3848,15,STA,WIFI_DROP,
2.3872,15,STA,WIFI_DROP,
2.3896,15,STA,WIFI_DROP,
2.392,15,STA,WIFI_DROP,
2.3944,15,STA,WIFI_DROP,
2.3968,15,STA,WIFI_DROP,
2.3992,15,STA,WIFI_DROP,
2.4016,15,STA,WIFI_DROP,
2.404,15,STA,WIFI_DROP,
2.4064,15,STA,WIFI_DROP,
2.4088,15,STA,WIFI_DROP,
2.4112,15,STA,WIFI_DROP,
2.4136,15,STA,WIFI_DROP,
2.416,15,STA,WIFI_DROP,
2.4184,15,STA,WIFI_DROP,
2.4208,15,STA,WIFI_DROP,
2.4232,15,STA,WIFI_DROP,
2.4256,15,STA,WIFI_DROP,
2.428,15,STA,WIFI_DROP,
2.4304,15,STA,WIFI_DROP,
2.4328,15,STA,WIFI_DROP,
2.4352,15,STA,WIFI_DROP,
2.4376,15,STA,WIFI_DROP,
2.44,15,STA,WIFI_DROP,
2.4424,15,STA,WIFI_DROP,
2.4448,15,STA,WIFI_DROP,
2.4472,15,STA,WIFI_DROP,
2.4496,15,STA,WIFI_DROP,
2.452,15,STA,WIFI_DROP,
2.4544,15,STA,WIFI_DROP,
2.4568,15,STA,WIFI_DROP,
2.4592,15,STA,WIFI_DROP,
2.4616,15,STA,WIFI_DROP,
2.464,15,STA,WIFI_DROP,
2.4664,15,STA,WIFI_DROP,
2.4688,15,STA,WIFI_DROP,
2.4712,15,STA,WIFI_DROP,
2.4736,15,STA,WIFI_DROP,
2.476,15,STA,WIFI_DROP,
2.4784,15,STA,WIFI_DROP,
2.4808,15,STA,WIFI_DROP,
2.4832,15,STA,WIFI_DROP,
2.4856,15,STA,WIFI_DROP,
2.488,15,STA,WIFI_DROP,
2.4904,15,STA,WIFI_DROP,
2.4928,15,STA,WIFI_DROP,
2.4952,15,STA,WIFI_DROP,
2.4976,15,STA,WIFI_DROP,
2.5,15,STA,WIFI_DROP,
2.5024,15,STA,WIFI_DROP,
2.5048,15,STA,WIFI_DROP,
2.5072,15,STA,WIFI_DROP,
2.5096,15,STA,WIFI_DROP,
2.512,15,STA,WIFI_DROP,
2.5144,15,STA,WIFI_DROP,
2.5168,15,STA,WIFI_DROP,
2.5192,15,STA,WIFI_DROP,
2.5216,15,STA,WIFI_DROP,
2.524,15,STA,WIFI_DROP,
2.5264,15,STA,WIFI_DROP,
2.5288,15,STA,WIFI_DROP,
2.5312,15,STA,WIFI_DROP,
2.5336,15,STA,WIFI_DROP,
2.536,15,STA,WIFI_DROP,
2.5384,15,STA,WIFI_DROP,
2.5408,15,STA,WIFI_DROP,
2.5432,15,STA,WIFI_DROP,
2.5456,15,STA,WIFI_DROP,
2.548,15,STA,WIFI_DROP,
2.5504,15,STA,WIFI_DROP,
2.5528,15,STA,WIFI_DROP,
2.5552,15,STA,WIFI_DROP,
2.5576,15,STA,WIFI_DROP,
2.56,15,STA,WIFI_DROP,
2.5624,15,STA,WIFI_DROP,
2.5648,15,STA,WIFI_DROP,
2.5672,15,STA,WIFI_DROP,
2.5696,15,STA,WIFI_DROP,
2.572,15,STA,WIFI_DROP,
2.5744,15,STA,WIFI_DROP,
2.5768,15,STA,WIFI_DROP,
2.5792,15,STA,WIFI_DROP,
2.5816,15,STA,WIFI_DROP,
2.584,15,STA,WIFI_DROP,
2.5864,15,STA,WIFI_DROP,
2.5888,15,STA,WIFI_DROP,
2.5912,15,STA,WIFI_DROP,
2.5936,15,STA,WIFI_DROP,
2.596,15,STA,WIFI_DROP,
2.5984,15,STA,WIFI_DROP,
2.6008,15,STA,WIFI_DROP,
2.6032,15,STA,WIFI_DROP,
2.6056,15,STA,WIFI_DROP,
2.608,15,STA,WIFI_DROP,
2.6104,15,STA,WIFI_DROP,
2.6128,15,STA,WIFI_DROP,
2.6152,15,STA,WIFI_DROP,
2.6176,15,STA,WIFI_DROP,
2.62,15,STA,WIFI_DROP,
2.6224,15,STA,WIFI_DROP,
2.6248,15,STA,WIFI_DROP,
2.6272,15,STA,WIFI_DROP,
2.6296,15,STA,WIFI_DROP,
2.632,15,STA,WIFI_DROP,
2.6344,15,STA,WIFI_DROP,
2.6368,15,STA,WIFI_DROP,
2.6392,15,STA,WIFI_DROP,
2.6416,15,STA,WIFI_DROP,
2.644,15,STA,WIFI_DROP,
2.6464,15,STA,WIFI_DROP,
2.6488,15,STA,WIFI_DROP,
2.6512,15,STA,WIFI_DROP,
2.6536,15,STA,WIFI_DROP,
2.656,15,STA,WIFI_DROP,
2.6584,15,STA,WIFI_DROP,
2.6608,15,STA,WIFI_DROP,
2.6632,15,STA,WIFI_DROP,
2.6656,11,STA,WIFI_DROP,
2.6656,12,STA,WIFI_DROP,
2.6656,15,STA,WIFI_DROP,
2.668,11,STA,WIFI_DROP,
2.668,12,STA,WIFI_DROP,
2.668,15,STA,WIFI_DROP,
2.6704,11,STA,WIFI_DROP,
2.6704,12,STA,WIFI_DROP,
2.6704,15,STA,WIFI_DROP,
2.6728,11,STA,WIFI_DROP,
2.6728,12,STA,WIFI_DROP,
2.6728,15,STA,WIFI_DROP,
2.6752,11,STA,WIFI_DROP,
2.6752,12,STA,WIFI_DROP,
2.6752,15,STA,WIFI_DROP,
2.6776,11,STA,WIFI_DROP,
2.6776,12,STA,WIFI_DROP,
2.6776,15,STA,WIFI_DROP,
2.68,11,STA,WIFI_DROP,
2.68,12,STA,WIFI_DROP,
2.68,15,STA,WIFI_DROP,
2.6824,11,STA,WIFI_DROP,
2.6824,12,STA,WIFI_DROP,
2.6824,15,STA,WIFI_DROP,
2.6848,11,STA,WIFI_DROP,
2.6848,12,STA,WIFI_DROP,
2.6848,15,STA,WIFI_DROP,
2.6872,11,STA,WIFI_DROP,
2.6872,12,STA,WIFI_DROP,
2.6872,15,STA,WIFI_DROP,
2.6896,11,STA,WIFI_DROP,
2.6896,12,STA,WIFI_DROP,
2.6896,15,STA,WIFI_DROP,
2.692,11,STA,WIFI_DROP,
2.692,12,STA,WIFI_DROP,
2.692,15,STA,WIFI_DROP,
2.6944,11,STA,WIFI_DROP,
2.6944,12,STA,WIFI_DROP,
2.6944,15,STA,WIFI_DROP,
2.6968,11,STA,WIFI_DROP,
2.6968,12,STA,WIFI_DROP,
2.6968,15,STA,WIFI_DROP,
2.6992,11,STA,WIFI_DROP,
2.6992,12,STA,WIFI_DROP,
2.6992,15,STA,WIFI_DROP,
2.7016,11,STA,WIFI_DROP,
2.7016,12,STA,WIFI_DROP,
2.7016,15,STA,WIFI_DROP,
2.704,11,STA,WIFI_DROP,
2.704,12,STA,WIFI_DROP,
2.704,15,STA,WIFI_DROP,
2.7064,11,STA,WIFI_DROP,
2.7064,12,STA,WIFI_DROP,
2.7064,15,STA,WIFI_DROP,
2.7088,11,STA,WIFI_DROP,
2.7088,12,STA,WIFI_DROP,
2.7088,15,STA,WIFI_DROP,
2.7112,11,STA,WIFI_DROP,
2.7112,12,STA,WIFI_DROP,
2.7112,15,STA,WIFI_DROP,
2.7136,11,STA,WIFI_DROP,
2.7136,12,STA,WIFI_DROP,
2.7136,15,STA,WIFI_DROP,
2.716,11,STA,WIFI_DROP,
2.716,12,STA,WIFI_DROP,
2.716,15,STA,WIFI_DROP,
2.7184,11,STA,WIFI_DROP,
2.7184,12,STA,WIFI_DROP,
2.7184,15,STA,WIFI_DROP,
2.7208,11,STA,WIFI_DROP,
2.7208,12,STA,WIFI_DROP,
2.7208,15,STA,WIFI_DROP,
2.7232,11,STA,WIFI_DROP,
2.7232,12,STA,WIFI_DROP,
2.7232,15,STA,WIFI_DROP,
2.7256,11,STA,WIFI_DROP,
2.7256,12,STA,WIFI_DROP,
2.7256,15,STA,WIFI_DROP,
2.728,11,STA,WIFI_DROP,
2.728,12,STA,WIFI_DROP,
2.728,15,STA,WIFI_DROP,
2.7304,11,STA,WIFI_DROP,
2.7304,12,STA,WIFI_DROP,
2.7304,15,STA,WIFI_DROP,
2.7328,11,STA,WIFI_DROP,
2.7328,12,STA,WIFI_DROP,
2.7328,15,STA,WIFI_DROP,
2.7352,11,STA,WIFI_DROP,
2.7352,12,STA,WIFI_DROP,
2.7352,15,STA,WIFI_DROP,
2.7376,11,STA,WIFI_DROP,
2.7376,12,STA,WIFI_DROP,
2.7376,15,STA,WIFI_DROP,
2.74,11,STA,WIFI_DROP,
2.74,12,STA,WIFI_DROP,
2.74,15,STA,WIFI_DROP,
2.7424,11,STA,WIFI_DROP,
2.7424,12,STA,WIFI_DROP,
2.7424,15,STA,WIFI_DROP,
2.7448,11,STA,WIFI_DROP,
2.7448,12,STA,WIFI_DROP,
2.7448,15,STA,WIFI_DROP,
2.7472,11,STA,WIFI_DROP,
2.7472,12,STA,WIFI_DROP,
2.7472,15,STA,WIFI_DROP,
2.7496,11,STA,WIFI_DROP,
2.7496,12,STA,WIFI_DROP,
2.7496,15,STA,WIFI_DROP,
2.752,11,STA,WIFI_DROP,
2.752,12,STA,WIFI_DROP,
2.752,15,STA,WIFI_DROP,
2.7544,11,STA,WIFI_DROP,
2.7544,12,STA,WIFI_DROP,
2.7544,15,STA,WIFI_DROP,
2.7568,11,STA,WIFI_DROP,
2.7568,12,STA,WIFI_DROP,
2.7568,15,STA,WIFI_DROP,
2.7592,11,STA,WIFI_DROP,
2.7592,12,STA,WIFI_DROP,
2.7592,15,STA,WIFI_DROP,
2.7616,11,STA,WIFI_DROP,
2.7616,12,STA,WIFI_DROP,
2.7616,15,STA,WIFI_DROP,
2.764,11,STA,WIFI_DROP,
2.764,12,STA,WIFI_DROP,
2.764,15,STA,WIFI_DROP,
2.7664,12,STA,WIFI_DROP,
2.7664,15,STA,WIFI_DROP,
2.7688,12,STA,WIFI_DROP,
2.7688,15,STA,WIFI_DROP,
2.7712,12,STA,WIFI_DROP,
2.7712,15,STA,WIFI_DROP,
2.7736,12,STA,WIFI_DROP,
2.7736,15,STA,WIFI_DROP,
2.776,12,STA,WIFI_DROP,
2.776,15,STA,WIFI_DROP,
2.7784,12,STA,WIFI_DROP,
2.7784,15,STA,WIFI_DROP,
2.7808,12,STA,WIFI_DROP,
2.7808,15,STA,WIFI_DROP,
2.7832,12,STA,WIFI_DROP,
2.7832,15,STA,WIFI_DROP,
2.7856,12,STA,WIFI_DROP,
2.7856,15,STA,WIFI_DROP,
2.788,12,STA,WIFI_DROP,
2.788,15,STA,WIFI_DROP,
2.7904,12,STA,WIFI_DROP,
2.7904,15,STA,WIFI_DROP,
2.7928,12,STA,WIFI_DROP,
2.7928,15,STA,WIFI_DROP,
2.7952,12,STA,WIFI_DROP,
2.7952,15,STA,WIFI_DROP,
2.7976,12,STA,WIFI_DROP,
2.7976,15,STA,WIFI_DROP,
2.8,12,STA,WIFI_DROP,
2.8,15,STA,WIFI_DROP,
2.8024,12,STA,WIFI_DROP,
2.8024,15,STA,WIFI_DROP,
2.8048,12,STA,WIFI_DROP,
2.8048,15,STA,WIFI_DROP,
2.8072,12,STA,WIFI_DROP,
2.8072,15,STA,WIFI_DROP,
2.8096,12,STA,WIFI_DROP,
2.8096,15,STA,WIFI_DROP,
2.812,12,STA,WIFI_DROP,
2.812,15,STA,WIFI_DROP,
2.8144,12,STA,WIFI_DROP,
2.8144,15,STA,WIFI_DROP,
2.8168,12,STA,WIFI_DROP,
2.8168,15,STA,WIFI_DROP,
2.8192,12,STA,WIFI_DROP,
2.8192,15,STA,WIFI_DROP,
2.8216,15,STA,WIFI_DROP,
2.824,15,STA,WIFI_DROP,
2.8264,15,STA,WIFI_DROP,
2.8288,15,STA,WIFI_DROP,
2.8312,15,STA,WIFI_DROP,
2.8336,15,STA,WIFI_DROP,
2.836,15,STA,WIFI_DROP,
2.8384,15,STA,WIFI_DROP,
2.8408,15,STA,WIFI_DROP,
2.8432,15,STA,WIFI_DROP,
2.8456,15,STA,WIFI_DROP,
2.848,15,STA,WIFI_DROP,
2.8504,15,STA,WIFI_DROP,
2.8528,15,STA,WIFI_DROP,
2.8552,15,STA,WIFI_DROP,
2.8576,15,STA,WIFI_DROP,
2.86,15,STA,WIFI_DROP,
2.8624,15,STA,WIFI_DROP,
2.8648,15,STA,WIFI_DROP,
2.8672,15,STA,WIFI_DROP,
2.8696,15,STA,WIFI_DROP,
2.872,15,STA,WIFI_DROP,
2.8744,15,STA,WIFI_DROP,
2.8768,15,STA,WIFI_DROP,
2.8792,15,STA,WIFI_DROP,
2.8816,15,STA,WIFI_DROP,
2.884,15,STA,WIFI_DROP,
2.8864,15,STA,WIFI_DROP,
2.8888,15,STA,WIFI_DROP,
2.8912,15,STA,WIFI_DROP,
2.8936,15,STA,WIFI_DROP,
2.896,15,STA,WIFI_DROP,
2.8984,15,STA,WIFI_DROP,
2.9008,15,STA,WIFI_DROP,
2.9032,15,STA,WIFI_DROP,
2.9056,15,STA,WIFI_DROP,
2.908,15,STA,WIFI_DROP,
2.9104,15,STA,WIFI_DROP,
2.9128,15,STA,WIFI_DROP,
2.9152,15,STA,WIFI_DROP,
2.9176,15,STA,WIFI_DROP,
2.92,15,STA,WIFI_DROP,
2.9224,15,STA,WIFI_DROP,
2.9248,15,STA,WIFI_DROP,
2.9272,15,STA,WIFI_DROP,
2.9296,15,STA,WIFI_DROP,
2.932,15,STA,WIFI_DROP,
2.9344,15,STA,WIFI_DROP,
2.9368,15,STA,WIFI_DROP,
2.9392,15,STA,WIFI_DROP,
2.9416,15,STA,WIFI_DROP,
2.944,15,STA,WIFI_DROP,
2.9464,15,STA,WIFI_DROP,
2.9488,15,STA,WIFI_DROP,
2.9512,15,STA,WIFI_DROP,
2.9536,15,STA,WIFI_DROP,
2.956,15,STA,WIFI_DROP,
2.9584,15,STA,WIFI_DROP,
2.9608,15,STA,WIFI_DROP,
2.9632,15,STA,WIFI_DROP,
2.9656,15,STA,WIFI_DROP,
2.968,15,STA,WIFI_DROP,
2.9704,15,STA,WIFI_DROP,
2.9728,15,STA,WIFI_DROP,
2.9752,15,STA,WIFI_DROP,
2.9776,15,STA,WIFI_DROP,
2.98,15,STA,WIFI_DROP,
2.9824,15,STA,WIFI_DROP,
2.9848,15,STA,WIFI_DROP,
2.9872,15,STA,WIFI_DROP,
2.9896,15,STA,WIFI_DROP,
2.992,15,STA,WIFI_DROP,
2.9944,15,STA,WIFI_DROP,
2.9968,15,STA,WIFI_DROP,
2.9992,15,STA,WIFI_DROP,
3,3,STA,THROUGHPUT_MBPS,3.000000
3,4,STA,THROUGHPUT_MBPS,0.816000
3,5,STA,THROUGHPUT_MBPS,1.356000
3,6,STA,THROUGHPUT_MBPS,2.592000
3,7,STA,THROUGHPUT_MBPS,2.544000
3,8,STA,THROUGHPUT_MBPS,3.600000
3,9,STA,THROUGHPUT_MBPS,3.516000
3,10,STA,THROUGHPUT_MBPS,3.264000
3,12,STA,THROUGHPUT_MBPS,2.616000
3,13,STA,THROUGHPUT_MBPS,0.948000
3,15,STA,THROUGHPUT_MBPS,1.188000
3,16,STA,THROUGHPUT_MBPS,1.512000
3,18,STA,THROUGHPUT_MBPS,2.424000
3,20,STA,THROUGHPUT_MBPS,2.820000
3,21,STA,THROUGHPUT_MBPS,2.268000
3,1,AP,AGGREGATE_THROUGHPUT_MBPS,34.464000
3,1,AP,SENT_COUNT,8340.000000
3,1,AP,RECV_COUNT,2872.000000
3,1,AP,LATENCY_P95_MS,548.614318
3.0016,15,STA,WIFI_DROP,
3.004,15,STA,WIFI_DROP,
3.0064,15,STA,WIFI_DROP,
3.0088,15,STA,WIFI_DROP,
3.0112,15,STA,WIFI_DROP,
3.0136,15,STA,WIFI_DROP,
3.016,15,STA,WIFI_DROP,
3.0184,15,STA,WIFI_DROP,
3.0208,15,STA,WIFI_DROP,
3.0232,15,STA,WIFI_DROP,
3.0256,15,STA,WIFI_DROP,
3.028,15,STA,WIFI_DROP,
3.0304,15,STA,WIFI_DROP,
3.0328,15,STA,WIFI_DROP,
3.0352,15,STA,WIFI_DROP,
3.0376,15,STA,WIFI_DROP,
3.04,15,STA,WIFI_DROP,
3.0424,15,STA,WIFI_DROP,
3.0448,15,STA,WIFI_DROP,
3.0472,15,STA,WIFI_DROP,
3.0496,15,STA,WIFI_DROP,
3.052,15,STA,WIFI_DROP,
3.0544,15,STA,WIFI_DROP,
3.0568,15,STA,WIFI_DROP,
3.0592,15,STA,WIFI_DROP,
3.0616,15,STA,WIFI_DROP,
3.064,15,STA,WIFI_DROP,
3.0664,15,STA,WIFI_DROP,
3.0688,15,STA,WIFI_DROP,
3.0712,15,STA,WIFI_DROP,
3.0736,15,STA,WIFI_DROP,
3.076,9,STA,WIFI_DROP,
3.076,15,STA,WIFI_DROP,
3.0784,9,STA,WIFI_DROP,
3.0784,15,STA,WIFI_DROP,
3.0808,9,STA,WIFI_DROP,
3.0808,15,STA,WIFI_DROP,
3.0832,9,STA,WIFI_DROP,
3.0832,15,STA,WIFI_DROP,
3.0856,9,STA,WIFI_DROP,
3.0856,15,STA,WIFI_DROP,
3.088,9,STA,WIFI_DROP,
3.088,15,STA,WIFI_DROP,
3.0904,9,STA,WIFI_DROP,
3.0904,15,STA,WIFI_DROP,
3.0928,9,STA,WIFI_DROP,
3.0928,15,STA,WIFI_DROP,
3.0952,9,STA,WIFI_DROP,
3.0952,15,STA,WIFI_DROP,
3.0976,9,STA,WIFI_DROP,
3.0976,15,STA,WIFI_DROP,
3.1,9,STA,WIFI_DROP,
3.1,15,STA,WIFI_DROP,
3.1024,9,STA,WIFI_DROP,
3.1024,15,STA,WIFI_DROP,
3.1048,9,STA,WIFI_DROP,
3.1048,15,STA,WIFI_DROP,
3.1072,9,STA,WIFI_DROP,
3.1072,15,STA,WIFI_DROP,
3.1096,9,STA,WIFI_DROP,
3.1096,15,STA,WIFI_DROP,
3.112,9,STA,WIFI_DROP,
3.112,15,STA,WIFI_DROP,
3.1144,9,STA,WIFI_DROP,
3.1144,15,STA,WIFI_DROP,
3.1168,9,STA,WIFI_DROP,
3.1168,15,STA,WIFI_DROP,
3.1192,9,STA,WIFI_DROP,
3.1192,15,STA,WIFI_DROP,
3.1216,9,STA,WIFI_DROP,
3.1216,15,STA,WIFI_DROP,
3.124,9,STA,WIFI_DROP,
3.124,15,STA,WIFI_DROP,
3.1264,9,STA,WIFI_DROP,
3.1264,15,STA,WIFI_DROP,
3.1288,9,STA,WIFI_DROP,
3.1288,15,STA,WIFI_DROP,
3.1312,9,STA,WIFI_DROP,
3.1312,15,STA,WIFI_DROP,
3.1336,9,STA,WIFI_DROP,
3.1336,15,STA,WIFI_DROP,
3.136,9,STA,WIFI_DROP,
3.136,15,STA,WIFI_DROP,
3.1384,9,STA,WIFI_DROP,
3.1384,15,STA,WIFI_DROP,
3.1408,9,STA,WIFI_DROP,
3.1408,15,STA,WIFI_DROP,
3.1432,9,STA,WIFI_DROP,
3.1432,15,STA,WIFI_DROP,
3.1456,9,STA,WIFI_DROP,
3.1456,15,STA,WIFI_DROP,
3.148,9,STA,WIFI_DROP,
3.148,15,STA,WIFI_DROP,
3.1504,9,STA,WIFI_DROP,
3.1504,15,STA,WIFI_DROP,
3.1528,9,STA,WIFI_DROP,
3.1528,15,STA,WIFI_DROP,
3.1552,9,STA,WIFI_DROP,
3.1552,15,STA,WIFI_DROP,
3.1576,9,STA,WIFI_DROP,
3.1576,15,STA,WIFI_DROP,
3.16,9,STA,WIFI_DROP,
3.16,15,STA,WIFI_DROP,
3.1624,9,STA,WIFI_DROP,
3.1624,15,STA,WIFI_DROP,
3.1648,9,STA,WIFI_DROP,
3.1648,15,STA,WIFI_DROP,
3.1672,9,STA,WIFI_DROP,
3.1672,15,STA,WIFI_DROP,
3.1696,9,STA,WIFI_DROP,
3.1696,15,STA,WIFI_DROP,
3.172,9,STA,WIFI_DROP,
3.172,15,STA,WIFI_DROP,
3.1744,9,STA,WIFI_DROP,
3.1744,15,STA,WIFI_DROP,
3.1768,9,STA,WIFI_DROP,
3.1768,15,STA,WIFI_DROP,
3.1792,9,STA,WIFI_DROP,
3.1792,15,STA,WIFI_DROP,
3.1816,9,STA,WIFI_DROP,
3.1816,15,STA,WIFI_DROP,
3.184,15,STA,WIFI_DROP,
3.1864,15,STA,WIFI_DROP,
3.1888,15,STA,WIFI_DROP,
3.1912,15,STA,WIFI_DROP,
3.1936,15,STA,WIFI_DROP,
3.196,15,STA,WIFI_DROP,
3.1984,15,STA,WIFI_DROP,
3.2008,15,STA,WIFI_DROP,
3.2032,15,STA,WIFI_DROP,
3.2056,15,STA,WIFI_DROP,
3.2296,15,STA,WIFI_DROP,
3.232,15,STA,WIFI_DROP,
3.2344,15,STA,WIFI_DROP,
3.2368,15,STA,WIFI_DROP,
3.2392,15,STA,WIFI_DROP,
3.2416,15,STA,WIFI_DROP,
3.244,15,STA,WIFI_DROP,
3.2464,15,STA,WIFI_DROP,
3.2488,15,STA,WIFI_DROP,
3.2512,15,STA,WIFI_DROP,
3.2536,15,STA,WIFI_DROP,
3.256,15,STA,WIFI_DROP,
3.2584,15,STA,WIFI_DROP,
3.2608,15,STA,WIFI_DROP,
3.2632,15,STA,WIFI_DROP,
3.2656,15,STA,WIFI_DROP,
3.268,15,STA,WIFI_DROP,
3.2704,15,STA,WIFI_DROP,
3.2728,15,STA,WIFI_DROP,
3.2752,15,STA,WIFI_DROP,
3.2776,15,STA,WIFI_DROP,
3.28,15,STA,WIFI_DROP,
3.2824,15,STA,WIFI_DROP,
3.2848,15,STA,WIFI_DROP,
3.2872,15,STA,WIFI_DROP,
3.2896,15,STA,WIFI_DROP,
3.292,15,STA,WIFI_DROP,
3.2944,15,STA,WIFI_DROP,
3.2968,15,STA,WIFI_DROP,
3.2992,15,STA,WIFI_DROP,
3.3016,15,STA,WIFI_DROP,
3.304,15,STA,WIFI_DROP,
3.3064,15,STA,WIFI_DROP,
3.3088,15,STA,WIFI_DROP,
3.3112,15,STA,WIFI_DROP,
3.3136,15,STA,WIFI_DROP,
3.316,15,STA,WIFI_DROP,
3.3184,15,STA,WIFI_DROP,
3.3208,15,STA,WIFI_DROP,
3.3232,15,STA,WIFI_DROP,
3.3256,15,STA,WIFI_DROP,
3.328,15,STA,WIFI_DROP,
3.3304,15,STA,WIFI_DROP,
3.3328,15,STA,WIFI_DROP,
3.3352,15,STA,WIFI_DROP,
3.3376,15,STA,WIFI_DROP,
3.34,15,STA,WIFI_DROP,
3.3424,15,STA,WIFI_DROP,
3.3448,15,STA,WIFI_DROP,
3.3472,15,STA,WIFI_DROP,
3.3496,15,STA,WIFI_DROP,
3.352,15,STA,WIFI_DROP,
3.3544,15,STA,WIFI_DROP,
3.3568,15,STA,WIFI_DROP,
3.3592,15,STA,WIFI_DROP,
3.3616,15,STA,WIFI_DROP,
3.364,15,STA,WIFI_DROP,
3.3664,15,STA,WIFI_DROP,
3.3688,15,STA,WIFI_DROP,
3.3712,15,STA,WIFI_DROP,
3.3736,15,STA,WIFI_DROP,
3.376,15,STA,WIFI_DROP,
3.3784,15,STA,WIFI_DROP,
3.3808,15,STA,WIFI_DROP,
3.3832,15,STA,WIFI_DROP,
3.3856,15,STA,WIFI_DROP,
3.388,15,STA,WIFI_DROP,
3.3904,15,STA,WIFI_DROP,
3.3928,15,STA,WIFI_DROP,
3.3952,15,STA,WIFI_DROP,
3.3976,15,STA,WIFI_DROP,
3.4,15,STA,WIFI_DROP,
3.4024,15,STA,WIFI_DROP,
3.4048,15,STA,WIFI_DROP,
3.4072,15,STA,WIFI_DROP,
3.4096,15,STA,WIFI_DROP,
3.412,15,STA,WIFI_DROP,
3.4144,15,STA,WIFI_DROP,
3.4168,15,STA,WIFI_DROP,
3.4192,15,STA,WIFI_DROP,
3.4216,15,STA,WIFI_DROP,
3.424,15,STA,WIFI_DROP,
3.4264,15,STA,WIFI_DROP,
3.4288,15,STA,WIFI_DROP,
3.4312,15,STA,WIFI_DROP,
3.4336,15,STA,WIFI_DROP,
3.436,15,STA,WIFI_DROP,
3.4384,15,STA,WIFI_DROP,
3.4408,15,STA,WIFI_DROP,
3.4432,15,STA,WIFI_DROP,
3.4456,15,STA,WIFI_DROP,
3.448,15,STA,WIFI_DROP,
3.4504,15,STA,WIFI_DROP,
3.4528,15,STA,WIFI_DROP,
3.4552,15,STA,WIFI_DROP,
3.4576,15,STA,WIFI_DROP,
3.46,15,STA,WIFI_DROP,
3.4624,15,STA,WIFI_DROP,
3.4648,15,STA,WIFI_DROP,
3.4672,15,STA,WIFI_DROP,
3.4696,15,STA,WIFI_DROP,
3.472,15,STA,WIFI_DROP,
3.4744,15,STA,WIFI_DROP,
3.4768,15,STA,WIFI_DROP,
3.4792,15,STA,WIFI_DROP,
3.4816,15,STA,WIFI_DROP,
3.484,15,STA,WIFI_DROP,
3.4864,15,STA,WIFI_DROP,
3.4888,15,STA,WIFI_DROP,
3.4912,15,STA,WIFI_DROP,
3.4936,15,STA,WIFI_DROP,
3.496,15,STA,WIFI_DROP,
3.4984,15,STA,WIFI_DROP,
3.5008,15,STA,WIFI_DROP,
3.5032,15,STA,WIFI_DROP,
3.5056,15,STA,WIFI_DROP,
3.508,15,STA,WIFI_DROP,
3.5104,15,STA,WIFI_DROP,
3.5128,15,STA,WIFI_DROP,
3.5152,15,STA,WIFI_DROP,
3.5176,15,STA,WIFI_DROP,
3.52,15,STA,WIFI_DROP,
3.5224,15,STA,WIFI_DROP,
3.5248,15,STA,WIFI_DROP,
3.5272,15,STA,WIFI_DROP,
3.5296,15,STA,WIFI_DROP,
3.532,15,STA,WIFI_DROP,
3.5344,15,STA,WIFI_DROP,
3.5368,15,STA,WIFI_DROP,
3.5392,15,STA,WIFI_DROP,
3.5416,15,STA,WIFI_DROP,
3.544,15,STA,WIFI_DROP,
3.5464,15,STA,WIFI_DROP,
3.5488,15,STA,WIFI_DROP,
3.5512,15,STA,WIFI_DROP,
3.5536,15,STA,WIFI_DROP,
3.556,15,STA,WIFI_DROP,
3.5584,15,STA,WIFI_DROP,
3.5608,15,STA,WIFI_DROP,
3.5632,15,STA,WIFI_DROP,
3.5656,15,STA,WIFI_DROP,
3.568,15,STA,WIFI_DROP,
3.5704,15,STA,WIFI_DROP,
3.5728,15,STA,WIFI_DROP,
3.5752,15,STA,WIFI_DROP,
3.5776,15,STA,WIFI_DROP,
3.58,15,STA,WIFI_DROP,
3.5824,15,STA,WIFI_DROP,
3.5848,15,STA,WIFI_DROP,
3.5872,15,STA,WIFI_DROP,
3.5896,15,STA,WIFI_DROP,
3.5896,18,STA,WIFI_DROP,
3.592,15,STA,WIFI_DROP,
3.592,18,STA,WIFI_DROP,
3.5944,15,STA,WIFI_DROP,
3.5944,18,STA,WIFI_DROP,
3.5968,15,STA,WIFI_DROP,
3.5968,18,STA,WIFI_DROP,
3.5992,15,STA,WIFI_DROP,
3.5992,18,STA,WIFI_DROP,
3.6016,15,STA,WIFI_DROP,
3.6016,18,STA,WIFI_DROP,
3.604,15,STA,WIFI_DROP,
3.604,18,STA,WIFI_DROP,
3.6064,15,STA,WIFI_DROP,
3.6064,18,STA,WIFI_DROP,
3.6088,15,STA,WIFI_DROP,
3.6088,18,STA,WIFI_DROP,
3.6112,15,STA,WIFI_DROP,
3.6112,18,STA,WIFI_DROP,
3.6136,15,STA,WIFI_DROP,
3.6136,18,STA,WIFI_DROP,
3.616,15,STA,WIFI_DROP,
3.616,18,STA,WIFI_DROP,
3.6184,15,STA,WIFI_DROP,
3.6184,18,STA,WIFI_DROP,
3.6208,15,STA,WIFI_DROP,
3.6208,18,STA,WIFI_DROP,
3.6232,15,STA,WIFI_DROP,
3.6232,18,STA,WIFI_DROP,
3.6256,15,STA,WIFI_DROP,
3.6256,18,STA,WIFI_DROP,
3.628,15,STA,WIFI_DROP,
3.628,18,STA,WIFI_DROP,
3.6304,15,STA,WIFI_DROP,
3.6304,18,STA,WIFI_DROP,
3.6328,15,STA,WIFI_DROP,
3.6328,18,STA,WIFI_DROP,
3.6352,15,STA,WIFI_DROP,
3.6352,18,STA,WIFI_DROP,
3.6376,15,STA,WIFI_DROP,
3.6376,18,STA,WIFI_DROP,
3.64,15,STA,WIFI_DROP,
3.64,18,STA,WIFI_DROP,
3.6424,15,STA,WIFI_DROP,
3.6424,18,STA,WIFI_DROP,
3.6448,15,STA,WIFI_DROP,
3.6448,18,STA,WIFI_DROP,
3.6472,15,STA,WIFI_DROP,
3.6472,18,STA,WIFI_DROP,
3.6496,15,STA,WIFI_DROP,
3.6496,18,STA,WIFI_DROP,
3.652,15,STA,WIFI_DROP,
3.652,18,STA,WIFI_DROP,
3.6544,15,STA,WIFI_DROP,
3.6544,18,STA,WIFI_DROP,
3.6568,15,STA,WIFI_DROP,
3.6568,18,STA,WIFI_DROP,
3.6592,15,STA,WIFI_DROP,
3.6592,18,STA,WIFI_DROP,
3.6616,15,STA,WIFI_DROP,
3.6616,18,STA,WIFI_DROP,
3.664,15,STA,WIFI_DROP,
3.664,18,STA,WIFI_DROP,
3.6664,15,STA,WIFI_DROP,
3.6664,18,STA,WIFI_DROP,
3.6688,15,STA,WIFI_DROP,
3.6688,18,STA,WIFI_DROP,
3.6712,15,STA,WIFI_DROP,
3.6712,18,STA,WIFI_DROP,
3.6736,15,STA,WIFI_DROP,
3.6736,18,STA,WIFI_DROP,
3.676,15,STA,WIFI_DROP,
3.676,18,STA,WIFI_DROP,
3.6784,15,STA,WIFI_DROP,
3.6784,18,STA,WIFI_DROP,
3.6808,15,STA,WIFI_DROP,
3.6808,18,STA,WIFI_DROP,
3.6832,15,STA,WIFI_DROP,
3.6832,18,STA,WIFI_DROP,
3.6856,15,STA,WIFI_DROP,
3.6856,18,STA,WIFI_DROP,
3.688,15,STA,WIFI_DROP,
3.688,18,STA,WIFI_DROP,
3.6904,3,STA,WIFI_DROP,
3.6904,15,STA,WIFI_DROP,
3.6904,18,STA,WIFI_DROP,
3.6928,3,STA,WIFI_DROP,
3.6928,15,STA,WIFI_DROP,
3.6928,18,STA,WIFI_DROP,
3.6952,3,STA,WIFI_DROP,
3.6952,15,STA,WIFI_DROP,
3.6952,18,STA,WIFI_DROP,
3.6976,3,STA,WIFI_DROP,
3.6976,15,STA,WIFI_DROP,
3.6976,18,STA,WIFI_DROP,
3.7,3,STA,WIFI_DROP,
3.7,15,STA,WIFI_DROP,
3.7,18,STA,WIFI_DROP,
3.7024,3,STA,WIFI_DROP,
3.7024,15,STA,WIFI_DROP,
3.7024,18,STA,WIFI_DROP,
3.7048,3,STA,WIFI_DROP,
3.7048,15,STA,WIFI_DROP,
3.7048,18,STA,WIFI_DROP,
3.7072,3,STA,WIFI_DROP,
3.7072,15,STA,WIFI_DROP,
3.7072,18,STA,WIFI_DROP,
3.7096,3,STA,WIFI_DROP,
3.7096,15,STA,WIFI_DROP,
3.7096,18,STA,WIFI_DROP,
3.712,3,STA,WIFI_DROP,
3.712,15,STA,WIFI_DROP,
3.712,18,STA,WIFI_DROP,
3.7144,3,STA,WIFI_DROP,
3.7144,15,STA,WIFI_DROP,
3.7144,18,STA,WIFI_DROP,
3.7168,3,STA,WIFI_DROP,
3.7168,15,STA,WIFI_DROP,
3.7168,18,STA,WIFI_DROP,
3.7192,3,STA,WIFI_DROP,
3.7192,15,STA,WIFI_DROP,
3.7192,18,STA,WIFI_DROP,
3.7216,3,STA,WIFI_DROP,
3.7216,15,STA,WIFI_DROP,
3.7216,18,STA,WIFI_DROP,
3.724,3,STA,WIFI_DROP,
3.724,15,STA,WIFI_DROP,
3.724,18,STA,WIFI_DROP,
3.7264,3,STA,WIFI_DROP,
3.7264,15,STA,WIFI_DROP,
3.7264,18,STA,WIFI_DROP,
3.7288,3,STA,WIFI_DROP,
3.7288,15,STA,WIFI_DROP,
3.7288,18,STA,WIFI_DROP,
3.7312,3,STA,WIFI_DROP,
3.7312,15,STA,WIFI_DROP,
3.7312,18,STA,WIFI_DROP,
3.7336,3,STA,WIFI_DROP,
3.7336,15,STA,WIFI_DROP,
3.7336,18,STA,WIFI_DROP,
3.736,3,STA,WIFI_DROP,
3.736,15,STA,WIFI_DROP,
3.736,18,STA,WIFI_DROP,
3.7384,3,STA,WIFI_DROP,
3.7384,15,STA,WIFI_DROP,
3.7384,18,STA,WIFI_DROP,
3.7408,3,STA,WIFI_DROP,
3.7408,15,STA,WIFI_DROP,
3.7408,18,STA,WIFI_DROP,
3.7432,3,STA,WIFI_DROP,
3.7432,15,STA,WIFI_DROP,
3.7432,18,STA,WIFI_DROP,
3.7456,15,STA,WIFI_DROP,
3.7456,18,STA,WIFI_DROP,
3.748,15,STA,WIFI_DROP,
3.748,18,STA,WIFI_DROP,
3.7504,15,STA,WIFI_DROP,
3.7504,18,STA,WIFI_DROP,
3.7528,15,STA,WIFI_DROP,
3.7528,18,STA,WIFI_DROP,
3.7552,15,STA,WIFI_DROP,
3.7552,18,STA,WIFI_DROP,
3.7576,15,STA,WIFI_DROP,
3.7576,18,STA,WIFI_DROP,
3.76,15,STA,WIFI_DROP,
3.76,18,STA,WIFI_DROP,
3.7624,15,STA,WIFI_DROP,
3.7624,18,STA,WIFI_DROP,
3.7648,15,STA,WIFI_DROP,
3.7648,18,STA,WIFI_DROP,
3.7672,15,STA,WIFI_DROP,
3.7672,18,STA,WIFI_DROP,
3.7696,15,STA,WIFI_DROP,
3.7696,18,STA,WIFI_DROP,
3.772,15,STA,WIFI_DROP,
3.772,18,STA,WIFI_DROP,
3.7744,15,STA,WIFI_DROP,
3.7744,18,STA,WIFI_DROP,
3.7768,15,STA,WIFI_DROP,
3.7768,18,STA,WIFI_DROP,
3.7792,15,STA,WIFI_DROP,
3.7792,18,STA,WIFI_DROP,
3.7816,15,STA,WIFI_DROP,
3.7816,18,STA,WIFI_DROP,
3.784,18,STA,WIFI_DROP,
3.7864,18,STA,WIFI_DROP,
3.7888,18,STA,WIFI_DROP,
3.7912,18,STA,WIFI_DROP,
3.7936,18,STA,WIFI_DROP,
3.796,18,STA,WIFI_DROP,
3.7984,18,STA,WIFI_DROP,
3.8008,18,STA,WIFI_DROP,
3.8032,18,STA,WIFI_DROP,
3.8056,18,STA,WIFI_DROP,
3.808,18,STA,WIFI_DROP,
3.8104,18,STA,WIFI_DROP,
3.8128,18,STA,WIFI_DROP,
3.8152,18,STA,WIFI_DROP,
3.8176,18,STA,WIFI_DROP,
3.82,18,STA,WIFI_DROP,
3.8224,18,STA,WIFI_DROP,
3.8248,18,STA,WIFI_DROP,
3.8272,18,STA,WIFI_DROP,
3.8296,18,STA,WIFI_DROP,
3.832,18,STA,WIFI_DROP,
3.8344,18,STA,WIFI_DROP,
3.8368,18,STA,WIFI_DROP,
3.8392,18,STA,WIFI_DROP,
3.8416,18,STA,WIFI_DROP,
3.844,12,STA,WIFI_DROP,
3.844,18,STA,WIFI_DROP,
3.8464,12,STA,WIFI_DROP,
3.8464,18,STA,WIFI_DROP,
3.8488,12,STA,WIFI_DROP,
3.8488,18,STA,WIFI_DROP,
3.8512,12,STA,WIFI_DROP,
3.8512,18,STA,WIFI_DROP,
3.8536,12,STA,WIFI_DROP,
3.8536,18,STA,WIFI_DROP,
3.856,12,STA,WIFI_DROP,
3.856,18,STA,WIFI_DROP,
3.8584,12,STA,WIFI_DROP,
3.8584,18,STA,WIFI_DROP,
3.8608,12,STA,WIFI_DROP,
3.8608,18,STA,WIFI_DROP,
3.8632,12,STA,WIFI_DROP,
3.8632,18,STA,WIFI_DROP,
3.8656,12,STA,WIFI_DROP,
3.8656,18,STA,WIFI_DROP,
3.868,12,STA,WIFI_DROP,
3.868,18,STA,WIFI_DROP,
3.8704,12,STA,WIFI_DROP,
3.8704,18,STA,WIFI_DROP,
3.8728,12,STA,WIFI_DROP,
3.8728,18,STA,WIFI_DROP,
3.8752,12,STA,WIFI_DROP,
3.8752,18,STA,WIFI_DROP,
3.8776,12,STA,WIFI_DROP,
3.8776,18,STA,WIFI_DROP,
3.88,12,STA,WIFI_DROP,
3.88,18,STA,WIFI_DROP,
3.8824,12,STA,WIFI_DROP,
3.8824,18,STA,WIFI_DROP,
3.8848,12,STA,WIFI_DROP,
3.8848,18,STA,WIFI_DROP,
3.8872,12,STA,WIFI_DROP,
3.8872,18,STA,WIFI_DROP,
3.8896,12,STA,WIFI_DROP,
3.8896,18,STA,WIFI_DROP,
3.892,12,STA,WIFI_DROP,
3.892,18,STA,WIFI_DROP,
3.8944,12,STA,WIFI_DROP,
3.8944,18,STA,WIFI_DROP,
3.8968,12,STA,WIFI_DROP,
3.8968,18,STA,WIFI_DROP,
3.8992,12,STA,WIFI_DROP,
3.8992,18,STA,WIFI_DROP,
3.9016,12,STA,WIFI_DROP,
3.9016,18,STA,WIFI_DROP,
3.904,12,STA,WIFI_DROP,
3.904,18,STA,WIFI_DROP,
3.9064,12,STA,WIFI_DROP,
3.9064,18,STA,WIFI_DROP,
3.9088,12,STA,WIFI_DROP,
3.9088,18,STA,WIFI_DROP,
3.9112,12,STA,WIFI_DROP,
3.9112,18,STA,WIFI_DROP,
3.9136,12,STA,WIFI_DROP,
3.9136,18,STA,WIFI_DROP,
3.916,12,STA,WIFI_DROP,
3.916,18,STA,WIFI_DROP,
3.9184,12,STA,WIFI_DROP,
3.9184,18,STA,WIFI_DROP,
3.9208,12,STA,WIFI_DROP,
3.9208,18,STA,WIFI_DROP,
3.9232,12,STA,WIFI_DROP,
3.9232,18,STA,WIFI_DROP,
3.9256,12,STA,WIFI_DROP,
3.9256,18,STA,WIFI_DROP,
3.928,12,STA,WIFI_DROP,
3.928,18,STA,WIFI_DROP,
3.9304,12,STA,WIFI_DROP,
3.9304,18,STA,WIFI_DROP,
3.9328,12,STA,WIFI_DROP,
3.9328,18,STA,WIFI_DROP,
3.9352,12,STA,WIFI_DROP,
3.9352,18,STA,WIFI_DROP,
3.9376,12,STA,WIFI_DROP,
3.9376,18,STA,WIFI_DROP,
3.94,12,STA,WIFI_DROP,
3.94,18,STA,WIFI_DROP,
3.9424,12,STA,WIFI_DROP,
3.9424,18,STA,WIFI_DROP,
3.9448,12,STA,WIFI_DROP,
3.9448,18,STA,WIFI_DROP,
3.9472,12,STA,WIFI_DROP,
3.9472,18,STA,WIFI_DROP,
3.9496,12,STA,WIFI_DROP,
3.9496,18,STA,WIFI_DROP,
3.952,12,STA,WIFI_DROP,
3.952,18,STA,WIFI_DROP,
3.9544,12,STA,WIFI_DROP,
3.9544,18,STA,WIFI_DROP,
3.9568,12,STA,WIFI_DROP,
3.9568,18,STA,WIFI_DROP,
3.9592,12,STA,WIFI_DROP,
3.9592,18,STA,WIFI_DROP,
3.9616,12,STA,WIFI_DROP,
3.9616,18,STA,WIFI_DROP,
3.964,12,STA,WIFI_DROP,
3.964,18,STA,WIFI_DROP,
3.9664,12,STA,WIFI_DROP,
3.9664,18,STA,WIFI_DROP,
3.9688,12,STA,WIFI_DROP,
3.9688,18,STA,WIFI_DROP,
3.9712,12,STA,WIFI_DROP,
3.9712,18,STA,WIFI_DROP,
3.9736,12,STA,WIFI_DROP,
3.9736,18,STA,WIFI_DROP,
3.976,12,STA,WIFI_DROP,
3.976,18,STA,WIFI_DROP,
3.9784,12,STA,WIFI_DROP,
3.9784,18,STA,WIFI_DROP,
3.9808,12,STA,WIFI_DROP,
3.9808,18,STA,WIFI_DROP,
3.9832,12,STA,WIFI_DROP,
3.9832,18,STA,WIFI_DROP,
3.9856,12,STA,WIFI_DROP,
3.9856,18,STA,WIFI_DROP,
3.988,12,STA,WIFI_DROP,
3.988,18,STA,WIFI_DROP,
3.9904,12,STA,WIFI_DROP,
3.9904,18,STA,WIFI_DROP,
3.9928,12,STA,WIFI_DROP,
3.9928,18,STA,WIFI_DROP,
3.9952,12,STA,WIFI_DROP,
3.9952,18,STA,WIFI_DROP,
3.9976,12,STA,WIFI_DROP,
3.9976,18,STA,WIFI_DROP,
4,3,STA,THROUGHPUT_MBPS,2.220000
4,4,STA,THROUGHPUT_MBPS,2.124000
4,5,STA,THROUGHPUT_MBPS,0.588000
4,6,STA,THROUGHPUT_MBPS,4.200000
4,7,STA,THROUGHPUT_MBPS,1.932000
4,8,STA,THROUGHPUT_MBPS,2.400000
4,10,STA,THROUGHPUT_MBPS,2.640000
4,12,STA,THROUGHPUT_MBPS,1.512000
4,13,STA,THROUGHPUT_MBPS,2.304000
4,15,STA,THROUGHPUT_MBPS,0.864000
4,16,STA,THROUGHPUT_MBPS,1.512000
4,18,STA,THROUGHPUT_MBPS,0.504000
4,20,STA,THROUGHPUT_MBPS,3.636000
4,21,STA,THROUGHPUT_MBPS,2.616000
4,1,AP,AGGREGATE_THROUGHPUT_MBPS,29.052000
4,1,AP,SENT_COUNT,8320.000000
4,1,AP,RECV_COUNT,2421.000000
4,1,AP,LATENCY_P95_MS,539.867361
4,12,STA,WIFI_DROP,
4,18,STA,WIFI_DROP,
4.0024,12,STA,WIFI_DROP,
4.0024,18,STA,WIFI_DROP,
4.0048,12,STA,WIFI_DROP,
4.0048,18,STA,WIFI_DROP,
4.0072,12,STA,WIFI_DROP,
4.0072,18,STA,WIFI_DROP,
4.0096,12,STA,WIFI_DROP,
4.0096,18,STA,WIFI_DROP,
4.012,12,STA,WIFI_DROP,
4.012,18,STA,WIFI_DROP,
4.0144,12,STA,WIFI_DROP,
4.0144,18,STA,WIFI_DROP,
4.0168,12,STA,WIFI_DROP,
4.0168,18,STA,WIFI_DROP,
4.0192,12,STA,WIFI_DROP,
4.0192,18,STA,WIFI_DROP,
4.0216,12,STA,WIFI_DROP,
4.0216,18,STA,WIFI_DROP,
4.024,12,STA,WIFI_DROP,
4.024,18,STA,WIFI_DROP,
4.0264,12,STA,WIFI_DROP,
4.0264,18,STA,WIFI_DROP,
4.0288,12,STA,WIFI_DROP,
4.0288,18,STA,WIFI_DROP,
4.0312,12,STA,WIFI_DROP,
4.0312,18,STA,WIFI_DROP,
4.0336,12,STA,WIFI_DROP,
4.0336,18,STA,WIFI_DROP,
4.036,12,STA,WIFI_DROP,
4.036,18,STA,WIFI_DROP,
4.0384,12,STA,WIFI_DROP,
4.0384,18,STA,WIFI_DROP,
4.0408,12,STA,WIFI_DROP,
4.0408,18,STA,WIFI_DROP,
4.0432,12,STA,WIFI_DROP,
4.0432,18,STA,WIFI_DROP,
4.0456,18,STA,WIFI_DROP,
4.048,18,STA,WIFI_DROP,
4.0504,18,STA,WIFI_DROP,
4.0528,18,STA,WIFI_DROP,
4.0552,18,STA,WIFI_DROP,
4.0576,18,STA,WIFI_DROP,
4.06,18,STA,WIFI_DROP,
4.0624,18,STA,WIFI_DROP,
4.0648,18,STA,WIFI_DROP,
4.0672,18,STA,WIFI_DROP,
4.0696,18,STA,WIFI_DROP,
4.072,18,STA,WIFI_DROP,
4.0744,18,STA,WIFI_DROP,
4.0768,18,STA,WIFI_DROP,
4.0792,18,STA,WIFI_DROP,
4.0816,18,STA,WIFI_DROP,
4.084,18,STA,WIFI_DROP,
4.0864,18,STA,WIFI_DROP,
4.0888,18,STA,WIFI_DROP,
4.0912,18,STA,WIFI_DROP,
4.0936,18,STA,WIFI_DROP,
4.096,18,STA,WIFI_DROP,
4.0984,18,STA,WIFI_DROP,
4.1008,18,STA,WIFI_DROP,
4.1032,18,STA,WIFI_DROP,
4.1056,18,STA,WIFI_DROP,
4.108,18,STA,WIFI_DROP,
4.1104,18,STA,WIFI_DROP,
4.1128,18,STA,WIFI_DROP,
4.1152,18,STA,WIFI_DROP,
4.1176,18,STA,WIFI_DROP,
4.12,18,STA,WIFI_DROP,
4.1224,18,STA,WIFI_DROP,
4.1248,18,STA,WIFI_DROP,
4.1272,18,STA,WIFI_DROP,
4.1296,18,STA,WIFI_DROP,
4.132,18,STA,WIFI_DROP,
4.1344,18,STA,WIFI_DROP,
4.1368,18,STA,WIFI_DROP,
4.1392,18,STA,WIFI_DROP,
4.1416,18,STA,WIFI_DROP,
4.144,18,STA,WIFI_DROP,
4.1464,18,STA,WIFI_DROP,
4.1488,18,STA,WIFI_DROP,
4.1512,18,STA,WIFI_DROP,
4.1536,18,STA,WIFI_DROP,
4.156,18,STA,WIFI_DROP,
4.1584,18,STA,WIFI_DROP,
4.1608,18,STA,WIFI_DROP,
4.1632,18,STA,WIFI_DROP,
4.1656,18,STA,WIFI_DROP,
4.168,18,STA,WIFI_DROP,
4.1704,18,STA,WIFI_DROP,
4.1728,18,STA,WIFI_DROP,
4.1752,18,STA,WIFI_DROP,
4.1776,18,STA,WIFI_DROP,
4.18,18,STA,WIFI_DROP,
4.1824,18,STA,WIFI_DROP,
4.1848,18,STA,WIFI_DROP,
4.1872,18,STA,WIFI_DROP,
4.1896,18,STA,WIFI_DROP,
4.192,18,STA,WIFI_DROP,
4.1944,18,STA,WIFI_DROP,
4.1968,18,STA,WIFI_DROP,
4.1992,18,STA,WIFI_DROP,
4.2016,18,STA,WIFI_DROP,
4.204,18,STA,WIFI_DROP,
4.2064,18,STA,WIFI_DROP,
4.2088,18,STA,WIFI_DROP,
4.2112,18,STA,WIFI_DROP,
4.2136,18,STA,WIFI_DROP,
4.216,18,STA,WIFI_DROP,
4.2184,18,STA,WIFI_DROP,
4.2208,18,STA,WIFI_DROP,
4.2232,18,STA,WIFI_DROP,
4.2256,18,STA,WIFI_DROP,
4.228,18,STA,WIFI_DROP,
4.2304,18,STA,WIFI_DROP,
4.2328,18,STA,WIFI_DROP,
4.2352,18,STA,WIFI_DROP,
4.2376,18,STA,WIFI_DROP,
4.8208,5,STA,WIFI_DROP,
4.8232,5,STA,WIFI_DROP,
4.8256,5,STA,WIFI_DROP,
4.828,5,STA,WIFI_DROP,
4.8304,5,STA,WIFI_DROP,
4.8328,5,STA,WIFI_DROP,
4.8352,5,STA,WIFI_DROP,
4.8376,5,STA,WIFI_DROP,
4.84,5,STA,WIFI_DROP,
4.8424,5,STA,WIFI_DROP,
4.8448,5,STA,WIFI_DROP,
4.8472,5,STA,WIFI_DROP,
4.8496,5,STA,WIFI_DROP,
4.852,5,STA,WIFI_DROP,
4.8544,5,STA,WIFI_DROP,
4.8568,5,STA,WIFI_DROP,
4.8592,5,STA,WIFI_DROP,
4.8616,5,STA,WIFI_DROP,
4.864,5,STA,WIFI_DROP,
4.8664,5,STA,WIFI_DROP,
4.8688,5,STA,WIFI_DROP,
4.8712,5,STA,WIFI_DROP,
4.8736,5,STA,WIFI_DROP,
4.876,5,STA,WIFI_DROP,
4.8784,5,STA,WIFI_DROP,
4.8808,5,STA,WIFI_DROP,
4.8832,5,STA,WIFI_DROP,
4.8856,5,STA,WIFI_DROP,
4.888,5,STA,WIFI_DROP,
4.8904,5,STA,WIFI_DROP,
4.8928,5,STA,WIFI_DROP,
4.8952,5,STA,WIFI_DROP,
4.8976,5,STA,WIFI_DROP,
4.9,5,STA,WIFI_DROP,
4.9024,5,STA,WIFI_DROP,
4.9048,5,STA,WIFI_DROP,
4.9072,5,STA,WIFI_DROP,
4.9096,5,STA,WIFI_DROP,
4.912,5,STA,WIFI_DROP,
4.9144,5,STA,WIFI_DROP,
4.9168,5,STA,WIFI_DROP,
4.9192,5,STA,WIFI_DROP,
4.9216,5,STA,WIFI_DROP,
4.924,5,STA,WIFI_DROP,
4.9264,5,STA,WIFI_DROP,
4.9288,5,STA,WIFI_DROP,
4.9312,5,STA,WIFI_DROP,
4.9336,5,STA,WIFI_DROP,
4.936,5,STA,WIFI_DROP,
4.9384,5,STA,WIFI_DROP,
4.9408,5,STA,WIFI_DROP,
4.9432,5,STA,WIFI_DROP,
4.9456,5,STA,WIFI_DROP,
4.948,5,STA,WIFI_DROP,
4.9504,5,STA,WIFI_DROP,
4.9528,5,STA,WIFI_DROP,
4.9552,5,STA,WIFI_DROP,
4.9576,5,STA,WIFI_DROP,
4.96,5,STA,WIFI_DROP,
4.9624,5,STA,WIFI_DROP,
4.9648,5,STA,WIFI_DROP,
4.9672,5,STA,WIFI_DROP,
4.9696,5,STA,WIFI_DROP,
4.972,5,STA,WIFI_DROP,
4.9744,5,STA,WIFI_DROP,
4.9768,5,STA,WIFI_DROP,
4.9792,5,STA,WIFI_DROP,
4.9816,5,STA,WIFI_DROP,
4.984,5,STA,WIFI_DROP,
4.9864,5,STA,WIFI_DROP,
4.9888,5,STA,WIFI_DROP,
4.9912,5,STA,WIFI_DROP,
4.9936,5,STA,WIFI_DROP,
4.996,5,STA,WIFI_DROP,
4.9984,5,STA,WIFI_DROP,
5,3,STA,THROUGHPUT_MBPS,2.160000
5,4,STA,THROUGHPUT_MBPS,2.304000
5,5,STA,THROUGHPUT_MBPS,1.932000
5,6,STA,THROUGHPUT_MBPS,1.224000
5,7,STA,THROUGHPUT_MBPS,0.840000
5,8,STA,THROUGHPUT_MBPS,1.524000
5,10,STA,THROUGHPUT_MBPS,2.148000
5,12,STA,THROUGHPUT_MBPS,2.784000
5,13,STA,THROUGHPUT_MBPS,2.640000
5,15,STA,THROUGHPUT_MBPS,0.696000
5,16,STA,THROUGHPUT_MBPS,1.884000
5,20,STA,THROUGHPUT_MBPS,0.708000
5,21,STA,THROUGHPUT_MBPS,1.932000
5,1,AP,AGGREGATE_THROUGHPUT_MBPS,22.776000
5,1,AP,SENT_COUNT,8340.000000
5,1,AP,RECV_COUNT,1898.000000
5,1,AP,LATENCY_P95_MS,544.618455
5.0008,5,STA,WIFI_DROP,
5.0032,5,STA,WIFI_DROP,
5.0056,5,STA,WIFI_DROP,
5.008,5,STA,WIFI_DROP,
5.0104,5,STA,WIFI_DROP,
5.0128,5,STA,WIFI_DROP,
5.0152,5,STA,WIFI_DROP,
5.0176,5,STA,WIFI_DROP,
5.02,5,STA,WIFI_DROP,
5.0224,5,STA,WIFI_DROP,
5.0248,5,STA,WIFI_DROP,
5.0272,5,STA,WIFI_DROP,
5.0296,5,STA,WIFI_DROP,
5.032,5,STA,WIFI_DROP,
5.0344,5,STA,WIFI_DROP,
5.0368,5,STA,WIFI_DROP,
5.0392,5,STA,WIFI_DROP,
5.0416,5,STA,WIFI_DROP,
5.044,5,STA,WIFI_DROP,
5.0464,5,STA,WIFI_DROP,
5.0488,5,STA,WIFI_DROP,
5.0512,5,STA,WIFI_DROP,
5.0536,5,STA,WIFI_DROP,
5.056,5,STA,WIFI_DROP,
5.0584,5,STA,WIFI_DROP,
5.0608,5,STA,WIFI_DROP,
5.0632,5,STA,WIFI_DROP,
5.0656,5,STA,WIFI_DROP,
5.068,5,STA,WIFI_DROP,
5.0704,5,STA,WIFI_DROP,
5.0728,5,STA,WIFI_DROP,
5.0752,5,STA,WIFI_DROP,
5.0776,5,STA,WIFI_DROP,
5.08,5,STA,WIFI_DROP,
5.0824,5,STA,WIFI_DROP,
5.0848,5,STA,WIFI_DROP,
5.0872,5,STA,WIFI_DROP,
5.0896,5,STA,WIFI_DROP,
5.092,5,STA,WIFI_DROP,
5.0944,5,STA,WIFI_DROP,
5.0968,5,STA,WIFI_DROP,
5.0992,5,STA,WIFI_DROP,
5.1016,5,STA,WIFI_DROP,
5.104,5,STA,WIFI_DROP,
5.1064,5,STA,WIFI_DROP,
5.1088,5,STA,WIFI_DROP,
5.1112,5,STA,WIFI_DROP,
5.1136,5,STA,WIFI_DROP,
5.116,5,STA,WIFI_DROP,
5.1184,5,STA,WIFI_DROP,
5.1208,5,STA,WIFI_DROP,
5.1232,5,STA,WIFI_DROP,
5.1256,5,STA,WIFI_DROP,
5.128,5,STA,WIFI_DROP,
5.1304,5,STA,WIFI_DROP,
5.1328,5,STA,WIFI_DROP,
5.1352,5,STA,WIFI_DROP,
5.1376,5,STA,WIFI_DROP,
5.14,5,STA,WIFI_DROP,
5.1424,5,STA,WIFI_DROP,
5.1448,5,STA,WIFI_DROP,
5.1472,5,STA,WIFI_DROP,
5.1496,5,STA,WIFI_DROP,
5.152,5,STA,WIFI_DROP,
5.1544,5,STA,WIFI_DROP,
5.1568,5,STA,WIFI_DROP,
5.1592,5,STA,WIFI_DROP,
5.1616,5,STA,WIFI_DROP,
5.164,5,STA,WIFI_DROP,
5.1664,5,STA,WIFI_DROP,
5.1688,5,STA,WIFI_DROP,
5.1712,5,STA,WIFI_DROP,
5.1736,5,STA,WIFI_DROP,
5.176,5,STA,WIFI_DROP,
5.1784,5,STA,WIFI_DROP,
5.1808,5,STA,WIFI_DROP,
5.1832,5,STA,WIFI_DROP,
5.1856,5,STA,WIFI_DROP,
5.188,5,STA,WIFI_DROP,
5.1904,5,STA,WIFI_DROP,
5.1928,5,STA,WIFI_DROP,
5.1952,5,STA,WIFI_DROP,
5.1976,5,STA,WIFI_DROP,
5.2,5,STA,WIFI_DROP,
5.2024,5,STA,WIFI_DROP,
5.2048,5,STA,WIFI_DROP,
5.2072,5,STA,WIFI_DROP,
5.2096,5,STA,WIFI_DROP,
5.212,5,STA,WIFI_DROP,
5.2144,5,STA,WIFI_DROP,
5.2168,5,STA,WIFI_DROP,
5.2192,5,STA,WIFI_DROP,
5.2216,5,STA,WIFI_DROP,
5.224,5,STA,WIFI_DROP,
5.2264,5,STA,WIFI_DROP,
5.2288,5,STA,WIFI_DROP,
5.2312,5,STA,WIFI_DROP,
5.2336,5,STA,WIFI_DROP,
5.236,5,STA,WIFI_DROP,
5.2384,5,STA,WIFI_DROP,
5.2408,5,STA,WIFI_DROP,
5.2432,5,STA,WIFI_DROP,
5.2456,5,STA,WIFI_DROP,
5.248,5,STA,WIFI_DROP,
5.2504,5,STA,WIFI_DROP,
5.2528,5,STA,WIFI_DROP,
5.2552,5,STA,WIFI_DROP,
5.2576,5,STA,WIFI_DROP,
5.26,5,STA,WIFI_DROP,
5.2624,5,STA,WIFI_DROP,
5.2648,5,STA,WIFI_DROP,
5.2672,5,STA,WIFI_DROP,
5.2696,5,STA,WIFI_DROP,
5.272,5,STA,WIFI_DROP,
5.2744,5,STA,WIFI_DROP,
5.2768,5,STA,WIFI_DROP,
5.2792,5,STA,WIFI_DROP,
5.2816,5,STA,WIFI_DROP,
5.284,5,STA,WIFI_DROP,
5.2864,5,STA,WIFI_DROP,
5.2888,5,STA,WIFI_DROP,
5.2912,5,STA,WIFI_DROP,
5.2936,5,STA,WIFI_DROP,
5.296,5,STA,WIFI_DROP,
5.2984,5,STA,WIFI_DROP,
5.3008,5,STA,WIFI_DROP,
5.3032,5,STA,WIFI_DROP,
5.3056,5,STA,WIFI_DROP,
5.308,5,STA,WIFI_DROP,
5.3104,5,STA,WIFI_DROP,
5.3128,5,STA,WIFI_DROP,
5.3152,5,STA,WIFI_DROP,
5.3176,5,STA,WIFI_DROP,
5.32,5,STA,WIFI_DROP,
5.3224,5,STA,WIFI_DROP,
5.3248,5,STA,WIFI_DROP,
5.3272,5,STA,WIFI_DROP,
5.3296,5,STA,WIFI_DROP,
5.332,5,STA,WIFI_DROP,
5.3344,5,STA,WIFI_DROP,
5.3368,5,STA,WIFI_DROP,
5.3392,5,STA,WIFI_DROP,
5.3416,5,STA,WIFI_DROP,
5.344,5,STA,WIFI_DROP,
5.3464,5,STA,WIFI_DROP,
5.3488,5,STA,WIFI_DROP,
5.3512,5,STA,WIFI_DROP,
5.3536,5,STA,WIFI_DROP,
5.356,5,STA,WIFI_DROP,
5.3584,5,STA,WIFI_DROP,
5.3608,5,STA,WIFI_DROP,
5.3632,5,STA,WIFI_DROP,
5.3656,5,STA,WIFI_DROP,
5.368,5,STA,WIFI_DROP,
5.3704,5,STA,WIFI_DROP,
5.3728,5,STA,WIFI_DROP,
5.3752,5,STA,WIFI_DROP,
5.3776,5,STA,WIFI_DROP,
5.38,5,STA,WIFI_DROP,
5.3824,5,STA,WIFI_DROP,
5.3848,5,STA,WIFI_DROP,
5.3872,5,STA,WIFI_DROP,
5.3896,5,STA,WIFI_DROP,
5.392,5,STA,WIFI_DROP,
5.3944,5,STA,WIFI_DROP,
5.3968,5,STA,WIFI_DROP,
5.3992,5,STA,WIFI_DROP,
5.4016,5,STA,WIFI_DROP,
5.404,5,STA,WIFI_DROP,
5.4064,5,STA,WIFI_DROP,
5.4088,5,STA,WIFI_DROP,
5.4112,5,STA,WIFI_DROP,
5.4136,5,STA,WIFI_DROP,
5.416,5,STA,WIFI_DROP,
5.4184,5,STA,WIFI_DROP,
5.4208,5,STA,WIFI_DROP,
5.4232,5,STA,WIFI_DROP,
5.4256,5,STA,WIFI_DROP,
5.428,5,STA,WIFI_DROP,
5.4304,5,STA,WIFI_DROP,
5.4328,5,STA,WIFI_DROP,
5.4352,5,STA,WIFI_DROP,
5.4352,9,STA,WIFI_DROP,
5.4376,5,STA,WIFI_DROP,
5.4376,9,STA,WIFI_DROP,
5.44,5,STA,WIFI_DROP,
5.44,9,STA,WIFI_DROP,
5.4424,5,STA,WIFI_DROP,
5.4424,9,STA,WIFI_DROP,
5.4448,5,STA,WIFI_DROP,
5.4448,9,STA,WIFI_DROP,
5.4472,5,STA,WIFI_DROP,
5.4472,9,STA,WIFI_DROP,
5.4496,5,STA,WIFI_DROP,
5.4496,9,STA,WIFI_DROP,
5.452,5,STA,WIFI_DROP,
5.452,9,STA,WIFI_DROP,
5.4544,5,STA,WIFI_DROP,
5.4544,9,STA,WIFI_DROP,
5.4568,5,STA,WIFI_DROP,
5.4568,9,STA,WIFI_DROP,
5.4592,5,STA,WIFI_DROP,
5.4592,9,STA,WIFI_DROP,
5.4616,5,STA,WIFI_DROP,
5.4616,9,STA,WIFI_DROP,
5.464,5,STA,WIFI_DROP,
5.464,9,STA,WIFI_DROP,
5.4664,5,STA,WIFI_DROP,
5.4664,9,STA,WIFI_DROP,
5.4688,5,STA,WIFI_DROP,
5.4688,9,STA,WIFI_DROP,
5.4712,5,STA,WIFI_DROP,
5.4712,9,STA,WIFI_DROP,
5.4736,5,STA,WIFI_DROP,
5.4736,9,STA,WIFI_DROP,
5.476,5,STA,WIFI_DROP,
5.476,9,STA,WIFI_DROP,
5.4784,5,STA,WIFI_DROP,
5.4784,9,STA,WIFI_DROP,
5.4808,5,STA,WIFI_DROP,
5.4808,9,STA,WIFI_DROP,
5.4832,5,STA,WIFI_DROP,
5.4832,9,STA,WIFI_DROP,
5.4856,5,STA,WIFI_DROP,
5.4856,9,STA,WIFI_DROP,
5.488,5,STA,WIFI_DROP,
5.488,9,STA,WIFI_DROP,
5.4904,5,STA,WIFI_DROP,
5.4904,9,STA,WIFI_DROP,
5.4928,5,STA,WIFI_DROP,
5.4928,9,STA,WIFI_DROP,
5.4952,5,STA,WIFI_DROP,
5.4952,9,STA,WIFI_DROP,
5.4976,5,STA,WIFI_DROP,
5.4976,9,STA,WIFI_DROP,
5.5,5,STA,WIFI_DROP,
5.5,9,STA,WIFI_DROP,
5.5024,5,STA,WIFI_DROP,
5.5024,9,STA,WIFI_DROP,
5.5048,5,STA,WIFI_DROP,
5.5048,9,STA,WIFI_DROP,
5.5072,5,STA,WIFI_DROP,
5.5072,9,STA,WIFI_DROP,
5.5096,5,STA,WIFI_DROP,
5.5096,9,STA,WIFI_DROP,
5.512,5,STA,WIFI_DROP,
5.512,9,STA,WIFI_DROP,
5.5144,5,STA,WIFI_DROP,
5.5144,9,STA,WIFI_DROP,
5.5168,5,STA,WIFI_DROP,
5.5168,9,STA,WIFI_DROP,
5.5192,5,STA,WIFI_DROP,
5.5192,9,STA,WIFI_DROP,
5.5216,5,STA,WIFI_DROP,
5.5216,9,STA,WIFI_DROP,
5.524,5,STA,WIFI_DROP,
5.524,9,STA,WIFI_DROP,
5.5264,5,STA,WIFI_DROP,
5.5264,9,STA,WIFI_DROP,
5.5288,5,STA,WIFI_DROP,
5.5288,9,STA,WIFI_DROP,
5.5312,5,STA,WIFI_DROP,
5.5312,9,STA,WIFI_DROP,
5.5336,5,STA,WIFI_DROP,
5.5336,9,STA,WIFI_DROP,
5.536,5,STA,WIFI_DROP,
5.536,9,STA,WIFI_DROP,
5.5384,5,STA,WIFI_DROP,
5.5384,9,STA,WIFI_DROP,
5.5408,5,STA,WIFI_DROP,
5.5408,9,STA,WIFI_DROP,
5.5432,5,STA,WIFI_DROP,
5.5432,9,STA,WIFI_DROP,
5.5456,5,STA,WIFI_DROP,
5.5456,9,STA,WIFI_DROP,
5.548,5,STA,WIFI_DROP,
5.548,9,STA,WIFI_DROP,
5.5504,5,STA,WIFI_DROP,
5.5504,9,STA,WIFI_DROP,
5.5528,5,STA,WIFI_DROP,
5.5528,9,STA,WIFI_DROP,
5.5552,5,STA,WIFI_DROP,
5.5552,9,STA,WIFI_DROP,
5.5576,5,STA,WIFI_DROP,
5.5576,9,STA,WIFI_DROP,
5.56,5,STA,WIFI_DROP,
5.56,9,STA,WIFI_DROP,
5.5624,5,STA,WIFI_DROP,
5.5624,9,STA,WIFI_DROP,
5.5648,5,STA,WIFI_DROP,
5.5648,9,STA,WIFI_DROP,
5.5672,5,STA,WIFI_DROP,
5.5672,9,STA,WIFI_DROP,
5.5696,5,STA,WIFI_DROP,
5.5696,9,STA,WIFI_DROP,
5.572,5,STA,WIFI_DROP,
5.572,9,STA,WIFI_DROP,
5.5744,5,STA,WIFI_DROP,
5.5744,9,STA,WIFI_DROP,
5.5768,5,STA,WIFI_DROP,
5.5768,9,STA,WIFI_DROP,
5.5792,5,STA,WIFI_DROP,
5.5792,9,STA,WIFI_DROP,
5.5816,5,STA,WIFI_DROP,
5.5816,9,STA,WIFI_DROP,
5.584,5,STA,WIFI_DROP,
5.584,9,STA,WIFI_DROP,
5.5864,5,STA,WIFI_DROP,
5.5888,5,STA,WIFI_DROP,
5.5912,5,STA,WIFI_DROP,
5.5936,5,STA,WIFI_DROP,
5.596,5,STA,WIFI_DROP,
5.5984,5,STA,WIFI_DROP,
5.6008,5,STA,WIFI_DROP,
5.6032,5,STA,WIFI_DROP,
5.6056,5,STA,WIFI_DROP,
5.608,5,STA,WIFI_DROP,
5.6104,5,STA,WIFI_DROP,
5.6128,5,STA,WIFI_DROP,
5.6152,5,STA,WIFI_DROP,
5.6176,5,STA,WIFI_DROP,
5.62,5,STA,WIFI_DROP,
5.6224,5,STA,WIFI_DROP,
5.6248,5,STA,WIFI_DROP,
5.6272,5,STA,WIFI_DROP,
5.6296,5,STA,WIFI_DROP,
5.632,5,STA,WIFI_DROP,
5.6344,5,STA,WIFI_DROP,
5.6368,5,STA,WIFI_DROP,
5.6392,5,STA,WIFI_DROP,
5.6416,5,STA,WIFI_DROP,
5.644,5,STA,WIFI_DROP,
5.6464,5,STA,WIFI_DROP,
5.6488,5,STA,WIFI_DROP,
5.6512,5,STA,WIFI_DROP,
5.6536,5,STA,WIFI_DROP,
5.656,5,STA,WIFI_DROP,
5.6584,5,STA,WIFI_DROP,
5.6608,5,STA,WIFI_DROP,
5.6632,5,STA,WIFI_DROP,
5.6656,5,STA,WIFI_DROP,
5.668,5,STA,WIFI_DROP,
5.6704,5,STA,WIFI_DROP,
5.6728,5,STA,WIFI_DROP,
5.6752,5,STA,WIFI_DROP,
5.6776,5,STA,WIFI_DROP,
5.68,5,STA,WIFI_DROP,
5.6824,5,STA,WIFI_DROP,
5.6848,5,STA,WIFI_DROP,
5.6872,5,STA,WIFI_DROP,
5.6896,5,STA,WIFI_DROP,
5.692,5,STA,WIFI_DROP,
5.6944,5,STA,WIFI_DROP,
5.6968,5,STA,WIFI_DROP,
5.6992,5,STA,WIFI_DROP,
5.7016,5,STA,WIFI_DROP,
5.704,5,STA,WIFI_DROP,
5.7064,5,STA,WIFI_DROP,
5.7088,5,STA,WIFI_DROP,
5.7112,5,STA,WIFI_DROP,
5.7136,5,STA,WIFI_DROP,
5.716,5,STA,WIFI_DROP,
5.7184,5,STA,WIFI_DROP,
5.7208,5,STA,WIFI_DROP,
5.7232,5,STA,WIFI_DROP,
5.7256,5,STA,WIFI_DROP,
5.728,5,STA,WIFI_DROP,
5.7304,5,STA,WIFI_DROP,
5.7328,5,STA,WIFI_DROP,
5.7352,5,STA,WIFI_DROP,
5.7376,5,STA,WIFI_DROP,
5.74,5,STA,WIFI_DROP,
5.7424,5,STA,WIFI_DROP,
5.7448,5,STA,WIFI_DROP,
5.7472,5,STA,WIFI_DROP,
5.7496,5,STA,WIFI_DROP,
5.752,5,STA,WIFI_DROP,
5.7544,5,STA,WIFI_DROP,
5.7568,5,STA,WIFI_DROP,
5.7592,5,STA,WIFI_DROP,
5.7616,5,STA,WIFI_DROP,
5.764,5,STA,WIFI_DROP,
5.7664,5,STA,WIFI_DROP,
5.7688,5,STA,WIFI_DROP,
5.7712,5,STA,WIFI_DROP,
5.7736,5,STA,WIFI_DROP,
5.776,5,STA,WIFI_DROP,
5.7784,5,STA,WIFI_DROP,
5.7808,5,STA,WIFI_DROP,
5.7832,5,STA,WIFI_DROP,
5.7856,5,STA,WIFI_DROP,
5.788,5,STA,WIFI_DROP,
5.7904,5,STA,WIFI_DROP,
5.7928,5,STA,WIFI_DROP,
5.7952,5,STA,WIFI_DROP,
5.7976,5,STA,WIFI_DROP,
5.8,5,STA,WIFI_DROP,
5.8024,5,STA,WIFI_DROP,
5.8048,5,STA,WIFI_DROP,
5.8072,5,STA,WIFI_DROP,
5.8096,5,STA,WIFI_DROP,
5.812,5,STA,WIFI_DROP,
5.8144,5,STA,WIFI_DROP,
5.8168,5,STA,WIFI_DROP,
5.8192,5,STA,WIFI_DROP,
5.8216,5,STA,WIFI_DROP,
5.824,5,STA,WIFI_DROP,
5.8264,5,STA,WIFI_DROP,
5.8288,5,STA,WIFI_DROP,
5.8312,5,STA,WIFI_DROP,
5.8336,5,STA,WIFI_DROP,
5.836,5,STA,WIFI_DROP,
5.8384,5,STA,WIFI_DROP,
5.8408,5,STA,WIFI_DROP,
5.8432,5,STA,WIFI_DROP,
5.8456,5,STA,WIFI_DROP,
5.848,5,STA,WIFI_DROP,
5.8504,5,STA,WIFI_DROP,
5.8528,5,STA,WIFI_DROP,
5.8552,5,STA,WIFI_DROP,
5.8576,5,STA,WIFI_DROP,
5.86,5,STA,WIFI_DROP,
5.8624,5,STA,WIFI_DROP,
5.8648,5,STA,WIFI_DROP,
5.8672,5,STA,WIFI_DROP,
5.8696,5,STA,WIFI_DROP,
5.872,5,STA,WIFI_DROP,
5.8744,5,STA,WIFI_DROP,
5.8768,5,STA,WIFI_DROP,
5.8792,5,STA,WIFI_DROP,
5.8816,5,STA,WIFI_DROP,
5.884,5,STA,WIFI_DROP,
5.8864,5,STA,WIFI_DROP,
5.8888,5,STA,WIFI_DROP,
5.8912,5,STA,WIFI_DROP,
5.8936,5,STA,WIFI_DROP,
5.896,5,STA,WIFI_DROP,
5.8984,5,STA,WIFI_DROP,
5.9008,5,STA,WIFI_DROP,
5.9032,5,STA,WIFI_DROP,
5.9056,5,STA,WIFI_DROP,
5.908,5,STA,WIFI_DROP,
5.9104,5,STA,WIFI_DROP,
5.9128,5,STA,WIFI_DROP,
5.9152,5,STA,WIFI_DROP,
5.9176,5,STA,WIFI_DROP,
5.92,5,STA,WIFI_DROP,
5.9224,5,STA,WIFI_DROP,
5.9248,5,STA,WIFI_DROP,
5.9272,5,STA,WIFI_DROP,
5.9296,5,STA,WIFI_DROP,
5.932,5,STA,WIFI_DROP,
5.9344,5,STA,WIFI_DROP,
5.9368,5,STA,WIFI_DROP,
5.9392,5,STA,WIFI_DROP,
5.9416,5,STA,WIFI_DROP,
5.944,5,STA,WIFI_DROP,
5.9464,5,STA,WIFI_DROP,
5.9464,18,STA,WIFI_DROP,
5.9488,5,STA,WIFI_DROP,
5.9488,18,STA,WIFI_DROP,
5.9512,5,STA,WIFI_DROP,
5.9512,18,STA,WIFI_DROP,
5.9536,5,STA,WIFI_DROP,
5.9536,18,STA,WIFI_DROP,
5.956,5,STA,WIFI_DROP,
5.956,18,STA,WIFI_DROP,
5.9584,5,STA,WIFI_DROP,
5.9584,18,STA,WIFI_DROP,
5.9608,5,STA,WIFI_DROP,
5.9608,18,STA,WIFI_DROP,
5.9632,5,STA,WIFI_DROP,
5.9632,18,STA,WIFI_DROP,
5.9656,5,STA,WIFI_DROP,
5.9656,18,STA,WIFI_DROP,
5.968,5,STA,WIFI_DROP,
5.968,18,STA,WIFI_DROP,
5.9704,5,STA,WIFI_DROP,
5.9704,18,STA,WIFI_DROP,
5.9728,5,STA,WIFI_DROP,
5.9728,18,STA,WIFI_DROP,
5.9752,5,STA,WIFI_DROP,
5.9752,18,STA,WIFI_DROP,
5.9776,5,STA,WIFI_DROP,
5.9776,18,STA,WIFI_DROP,
5.98,5,STA,WIFI_DROP,
5.98,18,STA,WIFI_DROP,
5.9824,5,STA,WIFI_DROP,
5.9824,18,STA,WIFI_DROP,
5.9848,5,STA,WIFI_DROP,
5.9848,18,STA,WIFI_DROP,
5.9872,5,STA,WIFI_DROP,
5.9872,18,STA,WIFI_DROP,
5.9896,5,STA,WIFI_DROP,
5.9896,18,STA,WIFI_DROP,
5.992,5,STA,WIFI_DROP,
5.992,18,STA,WIFI_DROP,
5.9944,5,STA,WIFI_DROP,
5.9944,18,STA,WIFI_DROP,
5.9968,5,STA,WIFI_DROP,
5.9968,18,STA,WIFI_DROP,
5.9992,5,STA,WIFI_DROP,
5.9992,18,STA,WIFI_DROP,
6,3,STA,THROUGHPUT_MBPS,3.852000
6,4,STA,THROUGHPUT_MBPS,1.092000
6,6,STA,THROUGHPUT_MBPS,2.652000
6,7,STA,THROUGHPUT_MBPS,3.144000
6,8,STA,THROUGHPUT_MBPS,0.816000
6,10,STA,THROUGHPUT_MBPS,4.164000
6,12,STA,THROUGHPUT_MBPS,3.804000
6,13,STA,THROUGHPUT_MBPS,1.368000
6,15,STA,THROUGHPUT_MBPS,0.972000
6,16,STA,THROUGHPUT_MBPS,0.024000
6,20,STA,THROUGHPUT_MBPS,1.056000
6,21,STA,THROUGHPUT_MBPS,2.256000
6,1,AP,AGGREGATE_THROUGHPUT_MBPS,25.200000
6,1,AP,SENT_COUNT,8340.000000
6,1,AP,RECV_COUNT,2100.000000
6,1,AP,LATENCY_P95_MS,538.884968
6.0016,5,STA,WIFI_DROP,
6.0016,18,STA,WIFI_DROP,
6.004,5,STA,WIFI_DROP,
6.004,18,STA,WIFI_DROP,
6.0064,5,STA,WIFI_DROP,
6.0064,18,STA,WIFI_DROP,
6.0088,5,STA,WIFI_DROP,
6.0088,18,STA,WIFI_DROP,
6.0112,5,STA,WIFI_DROP,
6.0112,18,STA,WIFI_DROP,
6.0136,5,STA,WIFI_DROP,
6.0136,18,STA,WIFI_DROP,
6.016,5,STA,WIFI_DROP,
6.016,18,STA,WIFI_DROP,
6.0184,5,STA,WIFI_DROP,
6.0184,18,STA,WIFI_DROP,
6.0208,5,STA,WIFI_DROP,
6.0208,18,STA,WIFI_DROP,
6.0232,18,STA,WIFI_DROP,
6.0256,18,STA,WIFI_DROP,
6.028,18,STA,WIFI_DROP,
6.0304,18,STA,WIFI_DROP,
6.0328,18,STA,WIFI_DROP,
6.0352,18,STA,WIFI_DROP,
6.0376,18,STA,WIFI_DROP,
6.04,18,STA,WIFI_DROP,
6.0424,18,STA,WIFI_DROP,
6.0448,5,STA,WIFI_DROP,
6.0448,18,STA,WIFI_DROP,
6.0472,5,STA,WIFI_DROP,
6.0472,18,STA,WIFI_DROP,
6.0496,5,STA,WIFI_DROP,
6.0496,18,STA,WIFI_DROP,
6.052,5,STA,WIFI_DROP,
6.052,18,STA,WIFI_DROP,
6.0544,5,STA,WIFI_DROP,
6.0544,18,STA,WIFI_DROP,
6.0568,5,STA,WIFI_DROP,
6.0568,18,STA,WIFI_DROP,
6.0592,5,STA,WIFI_DROP,
6.0592,18,STA,WIFI_DROP,
6.0616,5,STA,WIFI_DROP,
6.0616,18,STA,WIFI_DROP,
6.064,5,STA,WIFI_DROP,
6.064,18,STA,WIFI_DROP,
6.0664,5,STA,WIFI_DROP,
6.0664,18,STA,WIFI_DROP,
6.0688,5,STA,WIFI_DROP,
6.0688,18,STA,WIFI_DROP,
6.0712,5,STA,WIFI_DROP,
6.0712,18,STA,WIFI_DROP,
6.0736,5,STA,WIFI_DROP,
6.0736,18,STA,WIFI_DROP,
6.076,5,STA,WIFI_DROP,
6.076,18,STA,WIFI_DROP,
6.0784,5,STA,WIFI_DROP,
6.0784,18,STA,WIFI_DROP,
6.0808,5,STA,WIFI_DROP,
6.0808,18,STA,WIFI_DROP,
6.0832,5,STA,WIFI_DROP,
6.0832,18,STA,WIFI_DROP,
6.0856,5,STA,WIFI_DROP,
6.0856,18,STA,WIFI_DROP,
6.088,5,STA,WIFI_DROP,
6.088,18,STA,WIFI_DROP,
6.0904,5,STA,WIFI_DROP,
6.0904,18,STA,WIFI_DROP,
6.0928,5,STA,WIFI_DROP,
6.0928,18,STA,WIFI_DROP,
6.0952,5,STA,WIFI_DROP,
6.0952,18,STA,WIFI_DROP,
6.0976,5,STA,WIFI_DROP,
6.0976,18,STA,WIFI_DROP,
6.7624,8,STA,WIFI_DROP,
6.7648,8,STA,WIFI_DROP,
6.7672,8,STA,WIFI_DROP,
6.7696,8,STA,WIFI_DROP,
6.772,8,STA,WIFI_DROP,
6.7744,8,STA,WIFI_DROP,
6.7768,8,STA,WIFI_DROP,
6.7792,8,STA,WIFI_DROP,
6.7816,8,STA,WIFI_DROP,
6.784,8,STA,WIFI_DROP,
6.7864,8,STA,WIFI_DROP,
6.7888,8,STA,WIFI_DROP,
6.7912,8,STA,WIFI_DROP,
6.7936,8,STA,WIFI_DROP,
6.796,8,STA,WIFI_DROP,
6.7984,8,STA,WIFI_DROP,
6.8008,8,STA,WIFI_DROP,
6.8032,8,STA,WIFI_DROP,
6.8056,8,STA,WIFI_DROP,
6.808,8,STA,WIFI_DROP,
6.8104,8,STA,WIFI_DROP,
6.8128,8,STA,WIFI_DROP,
6.8152,8,STA,WIFI_DROP,
6.8176,8,STA,WIFI_DROP,
6.82,8,STA,WIFI_DROP,
6.8224,8,STA,WIFI_DROP,
6.8248,8,STA,WIFI_DROP,
6.8272,8,STA,WIFI_DROP,
6.8296,8,STA,WIFI_DROP,
6.832,8,STA,WIFI_DROP,
6.8344,8,STA,WIFI_DROP,
6.8368,8,STA,WIFI_DROP,
6.8392,8,STA,WIFI_DROP,
6.8416,8,STA,WIFI_DROP,
6.844,8,STA,WIFI_DROP,
6.8464,8,STA,WIFI_DROP,
6.8488,8,STA,WIFI_DROP,
6.8512,8,STA,WIFI_DROP,
6.8536,8,STA,WIFI_DROP,
6.856,8,STA,WIFI_DROP,
6.8584,8,STA,WIFI_DROP,
6.8608,8,STA,WIFI_DROP,
6.8632,8,STA,WIFI_DROP,
6.8656,8,STA,WIFI_DROP,
6.868,8,STA,WIFI_DROP,
6.8704,8,STA,WIFI_DROP,
6.8728,8,STA,WIFI_DROP,
6.8752,8,STA,WIFI_DROP,
6.8776,8,STA,WIFI_DROP,
6.88,8,STA,WIFI_DROP,
6.8824,8,STA,WIFI_DROP,
6.8848,8,STA,WIFI_DROP,
6.8872,8,STA,WIFI_DROP,
6.8896,8,STA,WIFI_DROP,
6.892,8,STA,WIFI_DROP,
6.8944,8,STA,WIFI_DROP,
6.8968,8,STA,WIFI_DROP,
6.8992,8,STA,WIFI_DROP,
6.9016,8,STA,WIFI_DROP,
6.904,8,STA,WIFI_DROP,
6.9064,8,STA,WIFI_DROP,
6.9088,8,STA,WIFI_DROP,
6.9112,8,STA,WIFI_DROP,
6.9136,8,STA,WIFI_DROP,
6.916,8,STA,WIFI_DROP,
6.9184,8,STA,WIFI_DROP,
6.9208,8,STA,WIFI_DROP,
6.9232,8,STA,WIFI_DROP,
6.9256,8,STA,WIFI_DROP,
6.928,8,STA,WIFI_DROP,
6.9304,8,STA,WIFI_DROP,
6.9328,8,STA,WIFI_DROP,
6.9352,8,STA,WIFI_DROP,
6.9376,8,STA,WIFI_DROP,
6.94,8,STA,WIFI_DROP,
6.9424,8,STA,WIFI_DROP,
6.9448,8,STA,WIFI_DROP,
6.9472,8,STA,WIFI_DROP,
6.9496,8,STA,WIFI_DROP,
6.952,8,STA,WIFI_DROP,
6.9544,8,STA,WIFI_DROP,
6.9568,8,STA,WIFI_DROP,
6.9592,8,STA,WIFI_DROP,
6.9616,8,STA,WIFI_DROP,
6.964,8,STA,WIFI_DROP,
6.9664,8,STA,WIFI_DROP,
6.9688,8,STA,WIFI_DROP,
6.9712,8,STA,WIFI_DROP,
6.9736,8,STA,WIFI_DROP,
6.976,8,STA,WIFI_DROP,
6.9784,8,STA,WIFI_DROP,
6.9808,8,STA,WIFI_DROP,
6.9832,8,STA,WIFI_DROP,
6.9856,8,STA,WIFI_DROP,
6.988,8,STA,WIFI_DROP,
6.9904,8,STA,WIFI_DROP,
6.9928,8,STA,WIFI_DROP,
6.9952,8,STA,WIFI_DROP,
6.9976,8,STA,WIFI_DROP,
7,3,STA,THROUGHPUT_MBPS,1.824000
7,4,STA,THROUGHPUT_MBPS,1.296000
7,5,STA,THROUGHPUT_MBPS,3.504000
7,6,STA,THROUGHPUT_MBPS,1.068000
7,7,STA,THROUGHPUT_MBPS,2.700000
7,8,STA,THROUGHPUT_MBPS,1.224000
7,10,STA,THROUGHPUT_MBPS,2.976000
7,12,STA,THROUGHPUT_MBPS,3.036000
7,13,STA,THROUGHPUT_MBPS,4.500000
7,15,STA,THROUGHPUT_MBPS,1.452000
7,16,STA,THROUGHPUT_MBPS,1.680000
7,20,STA,THROUGHPUT_MBPS,2.076000
7,21,STA,THROUGHPUT_MBPS,3.108000
7,1,AP,AGGREGATE_THROUGHPUT_MBPS,30.444000
7,1,AP,SENT_COUNT,8320.000000
7,1,AP,RECV_COUNT,2537.000000
7,1,AP,LATENCY_P95_MS,558.777513
7,8,STA,WIFI_DROP,
7.0024,8,STA,WIFI_DROP,
7.0048,8,STA,WIFI_DROP,
7.0072,8,STA,WIFI_DROP,
7.0096,8,STA,WIFI_DROP,
7.012,8,STA,WIFI_DROP,
7.0144,8,STA,WIFI_DROP,
7.0168,8,STA,WIFI_DROP,
7.0192,8,STA,WIFI_DROP,
7.0216,8,STA,WIFI_DROP,
7.024,8,STA,WIFI_DROP,
7.0264,8,STA,WIFI_DROP,
7.0288,8,STA,WIFI_DROP,
7.0312,8,STA,WIFI_DROP,
7.0336,8,STA,WIFI_DROP,
7.036,8,STA,WIFI_DROP,
7.0384,8,STA,WIFI_DROP,
7.0408,8,STA,WIFI_DROP,
7.0432,8,STA,WIFI_DROP,
7.0456,8,STA,WIFI_DROP,
7.048,8,STA,WIFI_DROP,
7.0504,8,STA,WIFI_DROP,
7.0528,8,STA,WIFI_DROP,
7.0552,8,STA,WIFI_DROP,
7.0576,8,STA,WIFI_DROP,
7.06,8,STA,WIFI_DROP,
7.0624,8,STA,WIFI_DROP,
7.0648,8,STA,WIFI_DROP,
7.0672,8,STA,WIFI_DROP,
7.0696,8,STA,WIFI_DROP,
7.072,8,STA,WIFI_DROP,
7.0744,8,STA,WIFI_DROP,
7.0768,8,STA,WIFI_DROP,
7.0792,8,STA,WIFI_DROP,
7.0816,8,STA,WIFI_DROP,
7.084,8,STA,WIFI_DROP,
7.0864,8,STA,WIFI_DROP,
7.0888,8,STA,WIFI_DROP,
7.0912,8,STA,WIFI_DROP,
7.0936,8,STA,WIFI_DROP,
7.096,8,STA,WIFI_DROP,
7.0984,8,STA,WIFI_DROP,
7.1008,8,STA,WIFI_DROP,
7.1032,8,STA,WIFI_DROP,
7.1056,8,STA,WIFI_DROP,
7.108,8,STA,WIFI_DROP,
7.1104,8,STA,WIFI_DROP,
7.1128,8,STA,WIFI_DROP,
7.1152,8,STA,WIFI_DROP,
7.1176,8,STA,WIFI_DROP,
7.12,8,STA,WIFI_DROP,
7.1224,8,STA,WIFI_DROP,
7.1248,8,STA,WIFI_DROP,
7.1272,8,STA,WIFI_DROP,
7.1296,8,STA,WIFI_DROP,
7.132,8,STA,WIFI_DROP,
7.1344,8,STA,WIFI_DROP,
7.1368,8,STA,WIFI_DROP,
7.1392,8,STA,WIFI_DROP,
7.1416,8,STA,WIFI_DROP,
7.144,8,STA,WIFI_DROP,
7.1464,8,STA,WIFI_DROP,
7.1488,8,STA,WIFI_DROP,
7.1512,8,STA,WIFI_DROP,
7.1536,8,STA,WIFI_DROP,
7.156,8,STA,WIFI_DROP,
7.1584,8,STA,WIFI_DROP,
7.1608,8,STA,WIFI_DROP,
7.1632,8,STA,WIFI_DROP,
7.1656,8,STA,WIFI_DROP,
7.168,8,STA,WIFI_DROP,
7.1704,8,STA,WIFI_DROP,
7.1728,8,STA,WIFI_DROP,
7.1728,12,STA,WIFI_DROP,
7.1728,15,STA,WIFI_DROP,
7.1752,8,STA,WIFI_DROP,
7.1752,12,STA,WIFI_DROP,
7.1752,15,STA,WIFI_DROP,
7.1776,8,STA,WIFI_DROP,
7.1776,12,STA,WIFI_DROP,
7.1776,15,STA,WIFI_DROP,
7.18,8,STA,WIFI_DROP,
7.18,12,STA,WIFI_DROP,
7.18,15,STA,WIFI_DROP,
7.1824,8,STA,WIFI_DROP,
7.1824,12,STA,WIFI_DROP,
7.1824,15,STA,WIFI_DROP,
7.1848,8,STA,WIFI_DROP,
7.1848,12,STA,WIFI_DROP,
7.1848,15,STA,WIFI_DROP,
7.1872,8,STA,WIFI_DROP,
7.1872,12,STA,WIFI_DROP,
7.1872,15,STA,WIFI_DROP,
7.1896,8,STA,WIFI_DROP,
7.1896,12,STA,WIFI_DROP,
7.1896,15,STA,WIFI_DROP,
7.192,8,STA,WIFI_DROP,
7.192,12,STA,WIFI_DROP,
7.192,15,STA,WIFI_DROP,
7.1944,8,STA,WIFI_DROP,
7.1944,12,STA,WIFI_DROP,
7.1944,15,STA,WIFI_DROP,
7.1968,8,STA,WIFI_DROP,
7.1968,12,STA,WIFI_DROP,
7.1968,15,STA,WIFI_DROP,
7.1992,8,STA,WIFI_DROP,
7.1992,12,STA,WIFI_DROP,
7.1992,15,STA,WIFI_DROP,
7.2016,8,STA,WIFI_DROP,
7.2016,12,STA,WIFI_DROP,
7.2016,15,STA,WIFI_DROP,
7.204,8,STA,WIFI_DROP,
7.204,12,STA,WIFI_DROP,
7.204,15,STA,WIFI_DROP,
7.2064,8,STA,WIFI_DROP,
7.2064,12,STA,WIFI_DROP,
7.2064,15,STA,WIFI_DROP,
7.2088,8,STA,WIFI_DROP,
7.2088,12,STA,WIFI_DROP,
7.2088,15,STA,WIFI_DROP,
7.2112,8,STA,WIFI_DROP,
7.2112,12,STA,WIFI_DROP,
7.2112,15,STA,WIFI_DROP,
7.2136,8,STA,WIFI_DROP,
7.2136,12,STA,WIFI_DROP,
7.2136,15,STA,WIFI_DROP,
7.216,8,STA,WIFI_DROP,
7.216,12,STA,WIFI_DROP,
7.216,15,STA,WIFI_DROP,
7.2184,8,STA,WIFI_DROP,
7.2184,12,STA,WIFI_DROP,
7.2184,15,STA,WIFI_DROP,
7.2208,8,STA,WIFI_DROP,
7.2208,12,STA,WIFI_DROP,
7.2208,15,STA,WIFI_DROP,
7.2232,8,STA,WIFI_DROP,
7.2232,12,STA,WIFI_DROP,
7.2232,15,STA,WIFI_DROP,
7.2256,8,STA,WIFI_DROP,
7.2256,12,STA,WIFI_DROP,
7.2256,15,STA,WIFI_DROP,
7.228,8,STA,WIFI_DROP,
7.228,12,STA,WIFI_DROP,
7.2304,8,STA,WIFI_DROP,
7.2304,12,STA,WIFI_DROP,
7.2328,8,STA,WIFI_DROP,
7.2328,12,STA,WIFI_DROP,
7.2352,8,STA,WIFI_DROP,
7.2352,12,STA,WIFI_DROP,
7.2376,8,STA,WIFI_DROP,
7.2376,12,STA,WIFI_DROP,
7.24,8,STA,WIFI_DROP,
7.24,12,STA,WIFI_DROP,
7.2424,8,STA,WIFI_DROP,
7.2424,12,STA,WIFI_DROP,
7.2448,8,STA,WIFI_DROP,
7.2448,12,STA,WIFI_DROP,
7.2472,8,STA,WIFI_DROP,
7.2472,12,STA,WIFI_DROP,
7.2496,8,STA,WIFI_DROP,
7.2496,12,STA,WIFI_DROP,
7.252,8,STA,WIFI_DROP,
7.252,12,STA,WIFI_DROP,
7.2544,8,STA,WIFI_DROP,
7.2544,12,STA,WIFI_DROP,
7.2568,8,STA,WIFI_DROP,
7.2568,12,STA,WIFI_DROP,
7.2592,8,STA,WIFI_DROP,
7.2592,12,STA,WIFI_DROP,
7.2616,8,STA,WIFI_DROP,
7.2616,12,STA,WIFI_DROP,
7.264,8,STA,WIFI_DROP,
7.264,12,STA,WIFI_DROP,
7.2664,8,STA,WIFI_DROP,
7.2664,12,STA,WIFI_DROP,
7.2688,8,STA,WIFI_DROP,
7.2688,12,STA,WIFI_DROP,
7.2712,8,STA,WIFI_DROP,
7.2712,12,STA,WIFI_DROP,
7.2736,8,STA,WIFI_DROP,
7.2736,12,STA,WIFI_DROP,
7.276,8,STA,WIFI_DROP,
7.276,12,STA,WIFI_DROP,
7.2784,3,STA,WIFI_DROP,
7.2784,8,STA,WIFI_DROP,
7.2784,12,STA,WIFI_DROP,
7.2784,21,STA,WIFI_DROP,
7.2808,3,STA,WIFI_DROP,
7.2808,8,STA,WIFI_DROP,
7.2808,12,STA,WIFI_DROP,
7.2808,21,STA,WIFI_DROP,
7.2832,3,STA,WIFI_DROP,
7.2832,8,STA,WIFI_DROP,
7.2832,12,STA,WIFI_DROP,
7.2832,21,STA,WIFI_DROP,
7.2856,3,STA,WIFI_DROP,
7.2856,8,STA,WIFI_DROP,
7.2856,12,STA,WIFI_DROP,
7.2856,21,STA,WIFI_DROP,
7.288,3,STA,WIFI_DROP,
7.288,8,STA,WIFI_DROP,
7.288,12,STA,WIFI_DROP,
7.288,21,STA,WIFI_DROP,
7.2904,3,STA,WIFI_DROP,
7.2904,8,STA,WIFI_DROP,
7.2904,12,STA,WIFI_DROP,
7.2904,21,STA,WIFI_DROP,
7.2928,3,STA,WIFI_DROP,
7.2928,8,STA,WIFI_DROP,
7.2928,12,STA,WIFI_DROP,
7.2928,21,STA,WIFI_DROP,
7.2952,3,STA,WIFI_DROP,
7.2952,8,STA,WIFI_DROP,
7.2952,12,STA,WIFI_DROP,
7.2952,21,STA,WIFI_DROP,
7.2976,3,STA,WIFI_DROP,
7.2976,8,STA,WIFI_DROP,
7.2976,12,STA,WIFI_DROP,
7.2976,21,STA,WIFI_DROP,
7.3,3,STA,WIFI_DROP,
7.3,8,STA,WIFI_DROP,
7.3,12,STA,WIFI_DROP,
7.3,21,STA,WIFI_DROP,
7.3024,3,STA,WIFI_DROP,
7.3024,8,STA,WIFI_DROP,
7.3024,12,STA,WIFI_DROP,
7.3024,21,STA,WIFI_DROP,
7.3048,3,STA,WIFI_DROP,
7.3048,8,STA,WIFI_DROP,
7.3048,12,STA,WIFI_DROP,
7.3048,21,STA,WIFI_DROP,
7.3072,3,STA,WIFI_DROP,
7.3072,8,STA,WIFI_DROP,
7.3072,12,STA,WIFI_DROP,
7.3072,21,STA,WIFI_DROP,
7.3096,3,STA,WIFI_DROP,
7.3096,8,STA,WIFI_DROP,
7.3096,12,STA,WIFI_DROP,
7.3096,21,STA,WIFI_DROP,
7.312,3,STA,WIFI_DROP,
7.312,8,STA,WIFI_DROP,
7.312,12,STA,WIFI_DROP,
7.312,21,STA,WIFI_DROP,
7.3144,3,STA,WIFI_DROP,
7.3144,8,STA,WIFI_DROP,
7.3144,12,STA,WIFI_DROP,
7.3144,21,STA,WIFI_DROP,
7.3168,3,STA,WIFI_DROP,
7.3168,8,STA,WIFI_DROP,
7.3168,12,STA,WIFI_DROP,
7.3168,21,STA,WIFI_DROP,
7.3192,3,STA,WIFI_DROP,
7.3192,8,STA,WIFI_DROP,
7.3192,12,STA,WIFI_DROP,
7.3192,21,STA,WIFI_DROP,
7.3216,3,STA,WIFI_DROP,
7.3216,8,STA,WIFI_DROP,
7.3216,12,STA,WIFI_DROP,
7.3216,21,STA,WIFI_DROP,
7.324,3,STA,WIFI_DROP,
7.324,8,STA,WIFI_DROP,
7.324,12,STA,WIFI_DROP,
7.324,21,STA,WIFI_DROP,
7.3264,3,STA,WIFI_DROP,
7.3264,8,STA,WIFI_DROP,
7.3264,12,STA,WIFI_DROP,
7.3264,21,STA,WIFI_DROP,
7.3288,8,STA,WIFI_DROP,
7.3288,12,STA,WIFI_DROP,
7.3288,21,STA,WIFI_DROP,
7.3312,8,STA,WIFI_DROP,
7.3312,12,STA,WIFI_DROP,
7.3312,21,STA,WIFI_DROP,
7.3336,8,STA,WIFI_DROP,
7.3336,12,STA,WIFI_DROP,
7.3336,21,STA,WIFI_DROP,
7.336,8,STA,WIFI_DROP,
7.336,12,STA,WIFI_DROP,
7.336,21,STA,WIFI_DROP,
7.3384,8,STA,WIFI_DROP,
7.3384,12,STA,WIFI_DROP,
7.3384,21,STA,WIFI_DROP,
7.3408,8,STA,WIFI_DROP,
7.3408,12,STA,WIFI_DROP,
7.3408,21,STA,WIFI_DROP,
7.3432,8,STA,WIFI_DROP,
7.3432,12,STA,WIFI_DROP,
7.3432,21,STA,WIFI_DROP,
7.3456,8,STA,WIFI_DROP,
7.3456,12,STA,WIFI_DROP,
7.3456,21,STA,WIFI_DROP,
7.348,8,STA,WIFI_DROP,
7.348,12,STA,WIFI_DROP,
7.348,21,STA,WIFI_DROP,
7.3504,8,STA,WIFI_DROP,
7.3504,12,STA,WIFI_DROP,
7.3504,21,STA,WIFI_DROP,
7.3528,8,STA,WIFI_DROP,
7.3528,12,STA,WIFI_DROP,
7.3528,21,STA,WIFI_DROP,
7.3552,8,STA,WIFI_DROP,
7.3552,12,STA,WIFI_DROP,
7.3552,21,STA,WIFI_DROP,
7.3576,8,STA,WIFI_DROP,
7.3576,12,STA,WIFI_DROP,
7.3576,21,STA,WIFI_DROP,
7.36,8,STA,WIFI_DROP,
7.36,12,STA,WIFI_DROP,
7.36,21,STA,WIFI_DROP,
7.3624,8,STA,WIFI_DROP,
7.3624,12,STA,WIFI_DROP,
7.3624,21,STA,WIFI_DROP,
7.3648,8,STA,WIFI_DROP,
7.3648,12,STA,WIFI_DROP,
7.3648,21,STA,WIFI_DROP,
7.3672,8,STA,WIFI_DROP,
7.3672,12,STA,WIFI_DROP,
7.3672,21,STA,WIFI_DROP,
7.3696,8,STA,WIFI_DROP,
7.3696,12,STA,WIFI_DROP,
7.3696,21,STA,WIFI_DROP,
7.372,8,STA,WIFI_DROP,
7.372,12,STA,WIFI_DROP,
7.372,21,STA,WIFI_DROP,
7.3744,8,STA,WIFI_DROP,
7.3744,12,STA,WIFI_DROP,
7.3744,21,STA,WIFI_DROP,
7.3768,8,STA,WIFI_DROP,
7.3768,12,STA,WIFI_DROP,
7.3768,21,STA,WIFI_DROP,
7.3792,8,STA,WIFI_DROP,
7.3792,12,STA,WIFI_DROP,
7.3792,21,STA,WIFI_DROP,
7.3816,8,STA,WIFI_DROP,
7.3816,12,STA,WIFI_DROP,
7.384,8,STA,WIFI_DROP,
7.384,12,STA,WIFI_DROP,
7.3864,8,STA,WIFI_DROP,
7.3864,12,STA,WIFI_DROP,
7.3888,8,STA,WIFI_DROP,
7.3888,12,STA,WIFI_DROP,
7.3912,8,STA,WIFI_DROP,
7.3912,12,STA,WIFI_DROP,
7.3936,8,STA,WIFI_DROP,
7.3936,12,STA,WIFI_DROP,
7.396,8,STA,WIFI_DROP,
7.396,12,STA,WIFI_DROP,
7.3984,8,STA,WIFI_DROP,
7.3984,12,STA,WIFI_DROP,
7.4008,8,STA,WIFI_DROP,
7.4008,12,STA,WIFI_DROP,
7.4032,8,STA,WIFI_DROP,
7.4032,12,STA,WIFI_DROP,
7.4056,8,STA,WIFI_DROP,
7.4056,12,STA,WIFI_DROP,
7.408,8,STA,WIFI_DROP,
7.408,12,STA,WIFI_DROP,
7.4104,8,STA,WIFI_DROP,
7.4104,12,STA,WIFI_DROP,
7.4128,8,STA,WIFI_DROP,
7.4128,12,STA,WIFI_DROP,
7.4152,8,STA,WIFI_DROP,
7.4152,12,STA,WIFI_DROP,
7.4176,8,STA,WIFI_DROP,
7.4176,12,STA,WIFI_DROP,
7.42,8,STA,WIFI_DROP,
7.42,12,STA,WIFI_DROP,
7.4224,8,STA,WIFI_DROP,
7.4224,12,STA,WIFI_DROP,
7.4248,8,STA,WIFI_DROP,
7.4248,12,STA,WIFI_DROP,
7.4272,8,STA,WIFI_DROP,
7.4296,8,STA,WIFI_DROP,
7.432,8,STA,WIFI_DROP,
7.4344,8,STA,WIFI_DROP,
7.4368,8,STA,WIFI_DROP,
7.4392,8,STA,WIFI_DROP,
7.4416,8,STA,WIFI_DROP,
7.444,8,STA,WIFI_DROP,
7.4464,8,STA,WIFI_DROP,
7.4488,8,STA,WIFI_DROP,
7.4512,8,STA,WIFI_DROP,
7.4536,8,STA,WIFI_DROP,
7.456,8,STA,WIFI_DROP,
7.4584,8,STA,WIFI_DROP,
7.4608,8,STA,WIFI_DROP,
7.4632,8,STA,WIFI_DROP,
7.4656,8,STA,WIFI_DROP,
7.468,8,STA,WIFI_DROP,
7.4704,8,STA,WIFI_DROP,
7.4728,8,STA,WIFI_DROP,
7.4752,8,STA,WIFI_DROP,
7.4776,8,STA,WIFI_DROP,
7.48,8,STA,WIFI_DROP,
7.4824,8,STA,WIFI_DROP,
7.4848,8,STA,WIFI_DROP,
7.4872,8,STA,WIFI_DROP,
7.4896,8,STA,WIFI_DROP,
7.492,8,STA,WIFI_DROP,
7.4944,8,STA,WIFI_DROP,
7.4968,8,STA,WIFI_DROP,
7.4992,8,STA,WIFI_DROP,
7.5016,8,STA,WIFI_DROP,
7.504,8,STA,WIFI_DROP,
7.5064,8,STA,WIFI_DROP,
7.5088,8,STA,WIFI_DROP,
7.5112,8,STA,WIFI_DROP,
7.5136,8,STA,WIFI_DROP,
7.516,8,STA,WIFI_DROP,
7.5184,8,STA,WIFI_DROP,
7.5208,8,STA,WIFI_DROP,
7.5232,8,STA,WIFI_DROP,
7.5256,8,STA,WIFI_DROP,
7.528,8,STA,WIFI_DROP,
7.5304,8,STA,WIFI_DROP,
7.5328,8,STA,WIFI_DROP,
7.5352,8,STA,WIFI_DROP,
7.5376,8,STA,WIFI_DROP,
7.54,8,STA,WIFI_DROP,
7.5424,8,STA,WIFI_DROP,
7.5448,8,STA,WIFI_DROP,
7.5472,8,STA,WIFI_DROP,
7.5496,8,STA,WIFI_DROP,
7.552,8,STA,WIFI_DROP,
7.5544,8,STA,WIFI_DROP,
7.5568,8,STA,WIFI_DROP,
7.5592,8,STA,WIFI_DROP,
7.5616,8,STA,WIFI_DROP,
7.564,8,STA,WIFI_DROP,
7.5664,8,STA,WIFI_DROP,
7.5688,8,STA,WIFI_DROP,
7.5712,8,STA,WIFI_DROP,
7.5736,8,STA,WIFI_DROP,
7.576,8,STA,WIFI_DROP,
7.5784,8,STA,WIFI_DROP,
7.5808,8,STA,WIFI_DROP,
7.5832,8,STA,WIFI_DROP,
7.5856,8,STA,WIFI_DROP,
7.588,8,STA,WIFI_DROP,
7.5904,8,STA,WIFI_DROP,
7.5928,8,STA,WIFI_DROP,
7.5952,8,STA,WIFI_DROP,
7.5976,8,STA,WIFI_DROP,
7.6,8,STA,WIFI_DROP,
7.6024,8,STA,WIFI_DROP,
7.6048,8,STA,WIFI_DROP,
7.6072,8,STA,WIFI_DROP,
7.6096,8,STA,WIFI_DROP,
7.612,8,STA,WIFI_DROP,
7.6144,8,STA,WIFI_DROP,
7.6168,8,STA,WIFI_DROP,
7.6192,8,STA,WIFI_DROP,
7.6216,8,STA,WIFI_DROP,
7.624,8,STA,WIFI_DROP,
7.6264,8,STA,WIFI_DROP,
7.6288,8,STA,WIFI_DROP,
7.6312,8,STA,WIFI_DROP,
7.6336,8,STA,WIFI_DROP,
7.636,8,STA,WIFI_DROP,
7.6384,8,STA,WIFI_DROP,
7.6408,8,STA,WIFI_DROP,
7.6432,8,STA,WIFI_DROP,
7.6456,8,STA,WIFI_DROP,
7.648,8,STA,WIFI_DROP,
7.6504,8,STA,WIFI_DROP,
7.6528,8,STA,WIFI_DROP,
7.6552,8,STA,WIFI_DROP,
7.6576,8,STA,WIFI_DROP,
7.66,8,STA,WIFI_DROP,
7.6624,8,STA,WIFI_DROP,
7.6648,8,STA,WIFI_DROP,
7.6672,8,STA,WIFI_DROP,
7.6696,8,STA,WIFI_DROP,
7.672,8,STA,WIFI_DROP,
7.6744,8,STA,WIFI_DROP,
7.6768,8,STA,WIFI_DROP,
7.6792,8,STA,WIFI_DROP,
7.6816,8,STA,WIFI_DROP,
7.684,8,STA,WIFI_DROP,
7.6864,8,STA,WIFI_DROP,
7.6888,8,STA,WIFI_DROP,
7.6912,8,STA,WIFI_DROP,
7.6936,8,STA,WIFI_DROP,
7.696,8,STA,WIFI_DROP,
7.6984,8,STA,WIFI_DROP,
7.7008,8,STA,WIFI_DROP,
7.7032,8,STA,WIFI_DROP,
7.7056,8,STA,WIFI_DROP,
7.708,8,STA,WIFI_DROP,
7.7104,8,STA,WIFI_DROP,
7.7128,8,STA,WIFI_DROP,
7.7152,8,STA,WIFI_DROP,
7.7176,8,STA,WIFI_DROP,
7.72,8,STA,WIFI_DROP,
7.7224,8,STA,WIFI_DROP,
7.7248,8,STA,WIFI_DROP,
7.7272,8,STA,WIFI_DROP,
7.7296,8,STA,WIFI_DROP,
7.732,8,STA,WIFI_DROP,
7.7344,8,STA,WIFI_DROP,
7.7368,8,STA,WIFI_DROP,
7.7392,8,STA,WIFI_DROP,
7.7416,8,STA,WIFI_DROP,
7.744,8,STA,WIFI_DROP,
7.7464,8,STA,WIFI_DROP,
7.7488,8,STA,WIFI_DROP,
7.7512,8,STA,WIFI_DROP,
7.7536,8,STA,WIFI_DROP,
7.756,8,STA,WIFI_DROP,
7.7584,8,STA,WIFI_DROP,
7.7608,8,STA,WIFI_DROP,
7.7632,8,STA,WIFI_DROP,
7.7656,8,STA,WIFI_DROP,
7.768,8,STA,WIFI_DROP,
7.7704,8,STA,WIFI_DROP,
7.7728,8,STA,WIFI_DROP,
7.7752,8,STA,WIFI_DROP,
7.7776,8,STA,WIFI_DROP,
7.78,8,STA,WIFI_DROP,
7.7824,8,STA,WIFI_DROP,
7.7848,8,STA,WIFI_DROP,
7.7872,8,STA,WIFI_DROP,
7.7896,8,STA,WIFI_DROP,
7.792,8,STA,WIFI_DROP,
7.7944,8,STA,WIFI_DROP,
7.7968,8,STA,WIFI_DROP,
7.7992,8,STA,WIFI_DROP,
7.8016,8,STA,WIFI_DROP,
7.804,8,STA,WIFI_DROP,
7.8064,8,STA,WIFI_DROP,
7.8088,8,STA,WIFI_DROP,
7.8112,8,STA,WIFI_DROP,
7.8136,8,STA,WIFI_DROP,
7.816,8,STA,WIFI_DROP,
7.8184,8,STA,WIFI_DROP,
7.8208,8,STA,WIFI_DROP,
7.8232,8,STA,WIFI_DROP,
7.8256,8,STA,WIFI_DROP,
7.828,8,STA,WIFI_DROP,
7.8304,8,STA,WIFI_DROP,
7.8328,8,STA,WIFI_DROP,
7.8352,8,STA,WIFI_DROP,
7.8376,8,STA,WIFI_DROP,
7.84,8,STA,WIFI_DROP,
7.8424,8,STA,WIFI_DROP,
7.8448,8,STA,WIFI_DROP,
7.8472,8,STA,WIFI_DROP,
7.8496,8,STA,WIFI_DROP,
7.852,8,STA,WIFI_DROP,
7.8544,8,STA,WIFI_DROP,
7.8568,8,STA,WIFI_DROP,
7.8592,8,STA,WIFI_DROP,
7.8616,8,STA,WIFI_DROP,
7.8856,8,STA,WIFI_DROP,
7.888,8,STA,WIFI_DROP,
7.8904,8,STA,WIFI_DROP,
7.8928,8,STA,WIFI_DROP,
7.8952,8,STA,WIFI_DROP,
7.8976,8,STA,WIFI_DROP,
7.9,8,STA,WIFI_DROP,
7.9024,8,STA,WIFI_DROP,
7.9048,8,STA,WIFI_DROP,
7.9072,8,STA,WIFI_DROP,
7.9096,8,STA,WIFI_DROP,
7.912,8,STA,WIFI_DROP,
7.9144,8,STA,WIFI_DROP,
7.9168,8,STA,WIFI_DROP,
7.9192,8,STA,WIFI_DROP,
7.9216,8,STA,WIFI_DROP,
7.924,8,STA,WIFI_DROP,
7.9264,8,STA,WIFI_DROP,
7.9288,8,STA,WIFI_DROP,
7.9312,8,STA,WIFI_DROP,
7.9336,8,STA,WIFI_DROP,
7.936,8,STA,WIFI_DROP,
7.9384,8,STA,WIFI_DROP,
7.9408,8,STA,WIFI_DROP,
7.9432,8,STA,WIFI_DROP,
7.9456,8,STA,WIFI_DROP,
7.948,8,STA,WIFI_DROP,
7.9504,8,STA,WIFI_DROP,
7.9528,8,STA,WIFI_DROP,
7.9552,8,STA,WIFI_DROP,
7.9576,8,STA,WIFI_DROP,
7.96,8,STA,WIFI_DROP,
7.9624,8,STA,WIFI_DROP,
7.9648,8,STA,WIFI_DROP,
7.9672,8,STA,WIFI_DROP,
7.9696,8,STA,WIFI_DROP,
7.972,8,STA,WIFI_DROP,
7.9744,8,STA,WIFI_DROP,
7.9768,8,STA,WIFI_DROP,
7.9792,8,STA,WIFI_DROP,
7.9816,8,STA,WIFI_DROP,
7.984,8,STA,WIFI_DROP,
7.9864,8,STA,WIFI_DROP,
7.9888,8,STA,WIFI_DROP,
7.9912,8,STA,WIFI_DROP,
7.9936,8,STA,WIFI_DROP,
7.996,8,STA,WIFI_DROP,
7.9984,8,STA,WIFI_DROP,
8,3,STA,THROUGHPUT_MBPS,1.068000
8,4,STA,THROUGHPUT_MBPS,2.124000
8,5,STA,THROUGHPUT_MBPS,3.792000
8,6,STA,THROUGHPUT_MBPS,1.680000
8,7,STA,THROUGHPUT_MBPS,2.688000
8,10,STA,THROUGHPUT_MBPS,2.688000
8,12,STA,THROUGHPUT_MBPS,0.372000
8,13,STA,THROUGHPUT_MBPS,1.452000
8,15,STA,THROUGHPUT_MBPS,1.848000
8,16,STA,THROUGHPUT_MBPS,2.856000
8,20,STA,THROUGHPUT_MBPS,1.236000
8,21,STA,THROUGHPUT_MBPS,1.512000
8,1,AP,AGGREGATE_THROUGHPUT_MBPS,23.316000
8,1,AP,SENT_COUNT,8340.000000
8,1,AP,RECV_COUNT,1943.000000
8,1,AP,LATENCY_P95_MS,542.522267
8.0008,8,STA,WIFI_DROP,
8.0032,8,STA,WIFI_DROP,
8.0056,8,STA,WIFI_DROP,
8.008,8,STA,WIFI_DROP,
8.0104,8,STA,WIFI_DROP,
8.0128,8,STA,WIFI_DROP,
8.0152,8,STA,WIFI_DROP,
8.0176,8,STA,WIFI_DROP,
8.02,8,STA,WIFI_DROP,
8.0224,8,STA,WIFI_DROP,
8.0248,8,STA,WIFI_DROP,
8.0272,8,STA,WIFI_DROP,
8.0296,8,STA,WIFI_DROP,
8.032,8,STA,WIFI_DROP,
8.0344,8,STA,WIFI_DROP,
8.0368,8,STA,WIFI_DROP,
8.4016,20,STA,WIFI_DROP,
8.404,20,STA,WIFI_DROP,
8.4064,20,STA,WIFI_DROP,
8.4088,20,STA,WIFI_DROP,
8.4112,20,STA,WIFI_DROP,
8.4136,20,STA,WIFI_DROP,
8.416,20,STA,WIFI_DROP,
8.4184,20,STA,WIFI_DROP,
8.4208,20,STA,WIFI_DROP,
8.4232,20,STA,WIFI_DROP,
8.4256,20,STA,WIFI_DROP,
8.428,20,STA,WIFI_DROP,
8.4304,20,STA,WIFI_DROP,
8.4328,20,STA,WIFI_DROP,
8.4352,20,STA,WIFI_DROP,
8.4376,20,STA,WIFI_DROP,
8.44,20,STA,WIFI_DROP,
8.4424,20,STA,WIFI_DROP,
8.4448,20,STA,WIFI_DROP,
8.4472,20,STA,WIFI_DROP,
8.4496,20,STA,WIFI_DROP,
8.452,20,STA,WIFI_DROP,
8.4544,20,STA,WIFI_DROP,
8.4568,20,STA,WIFI_DROP,
8.4592,20,STA,WIFI_DROP,
8.4616,20,STA,WIFI_DROP,
8.464,20,STA,WIFI_DROP,
8.4664,20,STA,WIFI_DROP,
8.4688,20,STA,WIFI_DROP,
8.4712,20,STA,WIFI_DROP,
8.4736,20,STA,WIFI_DROP,
8.476,20,STA,WIFI_DROP,
8.4784,20,STA,WIFI_DROP,
8.4808,20,STA,WIFI_DROP,
8.4832,20,STA,WIFI_DROP,
8.4856,20,STA,WIFI_DROP,
8.488,20,STA,WIFI_DROP,
8.4904,20,STA,WIFI_DROP,
8.4928,20,STA,WIFI_DROP,
8.4952,20,STA,WIFI_DROP,
8.4976,20,STA,WIFI_DROP,
8.5,20,STA,WIFI_DROP,
8.7088,12,STA,WIFI_DROP,
8.7112,12,STA,WIFI_DROP,
8.7136,12,STA,WIFI_DROP,
8.716,12,STA,WIFI_DROP,
8.7184,12,STA,WIFI_DROP,
8.7208,12,STA,WIFI_DROP,
8.7232,12,STA,WIFI_DROP,
8.7256,12,STA,WIFI_DROP,
8.728,12,STA,WIFI_DROP,
8.7304,12,STA,WIFI_DROP,
8.7328,12,STA,WIFI_DROP,
8.7352,12,STA,WIFI_DROP,
8.7376,12,STA,WIFI_DROP,
8.74,12,STA,WIFI_DROP,
8.7424,12,STA,WIFI_DROP,
8.7448,12,STA,WIFI_DROP,
8.7472,12,STA,WIFI_DROP,
8.7496,12,STA,WIFI_DROP,
8.752,12,STA,WIFI_DROP,
8.7544,12,STA,WIFI_DROP,
8.7568,12,STA,WIFI_DROP,
8.7592,12,STA,WIFI_DROP,
8.7616,12,STA,WIFI_DROP,
8.764,12,STA,WIFI_DROP,
8.7664,12,STA,WIFI_DROP,
8.7688,12,STA,WIFI_DROP,
8.7712,12,STA,WIFI_DROP,
8.7736,12,STA,WIFI_DROP,
8.776,12,STA,WIFI_DROP,
8.7784,12,STA,WIFI_DROP,
8.7808,12,STA,WIFI_DROP,
8.7832,12,STA,WIFI_DROP,
8.7856,12,STA,WIFI_DROP,
8.788,12,STA,WIFI_DROP,
8.7904,12,STA,WIFI_DROP,
8.7928,12,STA,WIFI_DROP,
8.7952,12,STA,WIFI_DROP,
8.7976,12,STA,WIFI_DROP,
8.8,12,STA,WIFI_DROP,
8.8024,12,STA,WIFI_DROP,
8.8048,12,STA,WIFI_DROP,
8.8072,12,STA,WIFI_DROP,
8.8096,12,STA,WIFI_DROP,
8.812,12,STA,WIFI_DROP,
8.8144,12,STA,WIFI_DROP,
8.8168,12,STA,WIFI_DROP,
8.8192,12,STA,WIFI_DROP,
8.8216,12,STA,WIFI_DROP,
8.824,12,STA,WIFI_DROP,
8.8264,12,STA,WIFI_DROP,
8.8288,12,STA,WIFI_DROP,
8.8312,12,STA,WIFI_DROP,
8.8336,12,STA,WIFI_DROP,
8.836,12,STA,WIFI_DROP,
8.8384,12,STA,WIFI_DROP,
8.8408,12,STA,WIFI_DROP,
8.8432,12,STA,WIFI_DROP,
8.8456,12,STA,WIFI_DROP,
8.848,12,STA,WIFI_DROP,
8.8504,12,STA,WIFI_DROP,
8.8528,12,STA,WIFI_DROP,
8.8552,12,STA,WIFI_DROP,
8.8576,12,STA,WIFI_DROP,
8.86,12,STA,WIFI_DROP,
8.8624,12,STA,WIFI_DROP,
8.8648,12,STA,WIFI_DROP,
8.8672,12,STA,WIFI_DROP,
8.8696,12,STA,WIFI_DROP,
8.872,12,STA,WIFI_DROP,
8.8744,12,STA,WIFI_DROP,
8.8768,12,STA,WIFI_DROP,
8.8792,12,STA,WIFI_DROP,
8.8816,12,STA,WIFI_DROP,
8.884,12,STA,WIFI_DROP,
8.8864,12,STA,WIFI_DROP,
8.8888,12,STA,WIFI_DROP,
8.8912,12,STA,WIFI_DROP,
8.8936,12,STA,WIFI_DROP,
8.896,12,STA,WIFI_DROP,
8.8984,12,STA,WIFI_DROP,
8.9008,12,STA,WIFI_DROP,
8.9032,12,STA,WIFI_DROP,
8.9056,12,STA,WIFI_DROP,
8.908,12,STA,WIFI_DROP,
8.9104,12,STA,WIFI_DROP,
8.9128,10,STA,WIFI_DROP,
8.9128,12,STA,WIFI_DROP,
8.9152,10,STA,WIFI_DROP,
8.9152,12,STA,WIFI_DROP,
8.9176,10,STA,WIFI_DROP,
8.9176,12,STA,WIFI_DROP,
8.92,10,STA,WIFI_DROP,
8.92,12,STA,WIFI_DROP,
8.9224,10,STA,WIFI_DROP,
8.9224,12,STA,WIFI_DROP,
8.9248,10,STA,WIFI_DROP,
8.9248,12,STA,WIFI_DROP,
8.9272,10,STA,WIFI_DROP,
8.9272,12,STA,WIFI_DROP,
8.9296,10,STA,WIFI_DROP,
8.9296,12,STA,WIFI_DROP,
8.932,10,STA,WIFI_DROP,
8.932,12,STA,WIFI_DROP,
8.9344,10,STA,WIFI_DROP,
8.9344,12,STA,WIFI_DROP,
8.9368,10,STA,WIFI_DROP,
8.9368,12,STA,WIFI_DROP,
8.9392,10,STA,WIFI_DROP,
8.9392,12,STA,WIFI_DROP,
8.9416,10,STA,WIFI_DROP,
8.9416,12,STA,WIFI_DROP,
8.944,10,STA,WIFI_DROP,
8.944,12,STA,WIFI_DROP,
8.9464,10,STA,WIFI_DROP,
8.9464,12,STA,WIFI_DROP,
8.9488,10,STA,WIFI_DROP,
8.9488,12,STA,WIFI_DROP,
8.9512,10,STA,WIFI_DROP,
8.9512,12,STA,WIFI_DROP,
8.9536,10,STA,WIFI_DROP,
8.9536,12,STA,WIFI_DROP,
8.956,10,STA,WIFI_DROP,
8.956,12,STA,WIFI_DROP,
8.9584,10,STA,WIFI_DROP,
8.9584,12,STA,WIFI_DROP,
8.9608,10,STA,WIFI_DROP,
8.9608,12,STA,WIFI_DROP,
8.9632,10,STA,WIFI_DROP,
8.9632,12,STA,WIFI_DROP,
8.9656,10,STA,WIFI_DROP,
8.9656,12,STA,WIFI_DROP,
8.968,10,STA,WIFI_DROP,
8.968,12,STA,WIFI_DROP,
8.9704,10,STA,WIFI_DROP,
8.9704,12,STA,WIFI_DROP,
8.9728,10,STA,WIFI_DROP,
8.9728,12,STA,WIFI_DROP,
8.9752,10,STA,WIFI_DROP,
8.9752,12,STA,WIFI_DROP,
8.9776,10,STA,WIFI_DROP,
8.9776,12,STA,WIFI_DROP,
8.98,10,STA,WIFI_DROP,
8.98,12,STA,WIFI_DROP,
8.9824,10,STA,WIFI_DROP,
8.9824,12,STA,WIFI_DROP,
8.9848,10,STA,WIFI_DROP,
8.9848,12,STA,WIFI_DROP,
8.9872,10,STA,WIFI_DROP,
8.9872,12,STA,WIFI_DROP,
8.9896,10,STA,WIFI_DROP,
8.9896,12,STA,WIFI_DROP,
8.992,10,STA,WIFI_DROP,
8.992,12,STA,WIFI_DROP,
8.9944,10,STA,WIFI_DROP,
8.9944,12,STA,WIFI_DROP,
8.9968,10,STA,WIFI_DROP,
8.9968,12,STA,WIFI_DROP,
8.9992,10,STA,WIFI_DROP,
8.9992,12,STA,WIFI_DROP,
9,3,STA,THROUGHPUT_MBPS,2.568000
9,4,STA,THROUGHPUT_MBPS,2.244000
9,5,STA,THROUGHPUT_MBPS,0.984000
9,6,STA,THROUGHPUT_MBPS,2.112000
9,7,STA,THROUGHPUT_MBPS,0.552000
9,8,STA,THROUGHPUT_MBPS,1.104000
9,10,STA,THROUGHPUT_MBPS,2.532000
9,13,STA,THROUGHPUT_MBPS,2.016000
9,15,STA,THROUGHPUT_MBPS,0.780000
9,16,STA,THROUGHPUT_MBPS,1.656000
9,20,STA,THROUGHPUT_MBPS,1.572000
9,21,STA,THROUGHPUT_MBPS,1.284000
9,1,AP,AGGREGATE_THROUGHPUT_MBPS,19.404000
9,1,AP,SENT_COUNT,8340.000000
9,1,AP,RECV_COUNT,1617.000000
9,1,AP,LATENCY_P95_MS,549.771182
9.0016,10,STA,WIFI_DROP,
9.0016,12,STA,WIFI_DROP,
9.004,10,STA,WIFI_DROP,
9.004,12,STA,WIFI_DROP,
9.0064,10,STA,WIFI_DROP,
9.0064,12,STA,WIFI_DROP,
9.0088,10,STA,WIFI_DROP,
9.0088,12,STA,WIFI_DROP,
9.0112,10,STA,WIFI_DROP,
9.0112,12,STA,WIFI_DROP,
9.0136,10,STA,WIFI_DROP,
9.0136,12,STA,WIFI_DROP,
9.016,6,STA,WIFI_DROP,
9.016,10,STA,WIFI_DROP,
9.016,12,STA,WIFI_DROP,
9.0184,6,STA,WIFI_DROP,
9.0184,10,STA,WIFI_DROP,
9.0184,12,STA,WIFI_DROP,
9.0208,6,STA,WIFI_DROP,
9.0208,10,STA,WIFI_DROP,
9.0208,12,STA,WIFI_DROP,
9.0232,6,STA,WIFI_DROP,
9.0232,10,STA,WIFI_DROP,
9.0232,12,STA,WIFI_DROP,
9.0256,6,STA,WIFI_DROP,
9.0256,10,STA,WIFI_DROP,
9.0256,12,STA,WIFI_DROP,
9.028,6,STA,WIFI_DROP,
9.028,10,STA,WIFI_DROP,
9.028,12,STA,WIFI_DROP,
9.0304,6,STA,WIFI_DROP,
9.0304,10,STA,WIFI_DROP,
9.0304,12,STA,WIFI_DROP,
9.0328,6,STA,WIFI_DROP,
9.0328,10,STA,WIFI_DROP,
9.0328,12,STA,WIFI_DROP,
9.0352,6,STA,WIFI_DROP,
9.0352,10,STA,WIFI_DROP,
9.0352,12,STA,WIFI_DROP,
9.0376,6,STA,WIFI_DROP,
9.0376,10,STA,WIFI_DROP,
9.0376,12,STA,WIFI_DROP,
9.04,6,STA,WIFI_DROP,
9.04,10,STA,WIFI_DROP,
9.04,12,STA,WIFI_DROP,
9.0424,6,STA,WIFI_DROP,
9.0424,10,STA,WIFI_DROP,
9.0424,12,STA,WIFI_DROP,
9.0448,6,STA,WIFI_DROP,
9.0448,10,STA,WIFI_DROP,
9.0448,12,STA,WIFI_DROP,
9.0472,6,STA,WIFI_DROP,
9.0472,10,STA,WIFI_DROP,
9.0472,12,STA,WIFI_DROP,
9.0496,6,STA,WIFI_DROP,
9.0496,10,STA,WIFI_DROP,
9.0496,12,STA,WIFI_DROP,
9.052,6,STA,WIFI_DROP,
9.052,10,STA,WIFI_DROP,
9.052,12,STA,WIFI_DROP,
9.0544,6,STA,WIFI_DROP,
9.0544,10,STA,WIFI_DROP,
9.0544,12,STA,WIFI_DROP,
9.0568,6,STA,WIFI_DROP,
9.0568,10,STA,WIFI_DROP,
9.0568,12,STA,WIFI_DROP,
9.0592,6,STA,WIFI_DROP,
9.0592,10,STA,WIFI_DROP,
9.0592,12,STA,WIFI_DROP,
9.0616,6,STA,WIFI_DROP,
9.0616,10,STA,WIFI_DROP,
9.0616,12,STA,WIFI_DROP,
9.064,6,STA,WIFI_DROP,
9.064,10,STA,WIFI_DROP,
9.064,12,STA,WIFI_DROP,
9.0664,6,STA,WIFI_DROP,
9.0664,10,STA,WIFI_DROP,
9.0664,12,STA,WIFI_DROP,
9.0688,6,STA,WIFI_DROP,
9.0688,10,STA,WIFI_DROP,
9.0688,12,STA,WIFI_DROP,
9.0712,6,STA,WIFI_DROP,
9.0712,10,STA,WIFI_DROP,
9.0712,12,STA,WIFI_DROP,
9.0736,6,STA,WIFI_DROP,
9.0736,10,STA,WIFI_DROP,
9.0736,12,STA,WIFI_DROP,
9.076,6,STA,WIFI_DROP,
9.076,10,STA,WIFI_DROP,
9.076,12,STA,WIFI_DROP,
9.0784,6,STA,WIFI_DROP,
9.0784,10,STA,WIFI_DROP,
9.0784,12,STA,WIFI_DROP,
9.0808,6,STA,WIFI_DROP,
9.0808,10,STA,WIFI_DROP,
9.0808,12,STA,WIFI_DROP,
9.0832,6,STA,WIFI_DROP,
9.0832,10,STA,WIFI_DROP,
9.0832,12,STA,WIFI_DROP,
9.0856,6,STA,WIFI_DROP,
9.0856,10,STA,WIFI_DROP,
9.0856,12,STA,WIFI_DROP,
9.088,6,STA,WIFI_DROP,
9.088,10,STA,WIFI_DROP,
9.088,12,STA,WIFI_DROP,
9.0904,6,STA,WIFI_DROP,
9.0904,10,STA,WIFI_DROP,
9.0904,12,STA,WIFI_DROP,
9.0928,6,STA,WIFI_DROP,
9.0928,10,STA,WIFI_DROP,
9.0928,12,STA,WIFI_DROP,
9.0952,6,STA,WIFI_DROP,
9.0952,10,STA,WIFI_DROP,
9.0952,12,STA,WIFI_DROP,
9.0976,6,STA,WIFI_DROP,
9.0976,10,STA,WIFI_DROP,
9.0976,12,STA,WIFI_DROP,
9.1,6,STA,WIFI_DROP,
9.1,10,STA,WIFI_DROP,
9.1,12,STA,WIFI_DROP,
9.1024,6,STA,WIFI_DROP,
9.1024,10,STA,WIFI_DROP,
9.1024,12,STA,WIFI_DROP,
9.1048,6,STA,WIFI_DROP,
9.1048,10,STA,WIFI_DROP,
9.1048,12,STA,WIFI_DROP,
9.1072,6,STA,WIFI_DROP,
9.1072,10,STA,WIFI_DROP,
9.1072,12,STA,WIFI_DROP,
9.1096,6,STA,WIFI_DROP,
9.1096,10,STA,WIFI_DROP,
9.1096,12,STA,WIFI_DROP,
9.112,6,STA,WIFI_DROP,
9.112,10,STA,WIFI_DROP,
9.112,12,STA,WIFI_DROP,
9.1144,6,STA,WIFI_DROP,
9.1144,10,STA,WIFI_DROP,
9.1144,12,STA,WIFI_DROP,
9.1168,6,STA,WIFI_DROP,
9.1168,10,STA,WIFI_DROP,
9.1168,12,STA,WIFI_DROP,
9.1192,6,STA,WIFI_DROP,
9.1192,10,STA,WIFI_DROP,
9.1192,12,STA,WIFI_DROP,
9.1216,10,STA,WIFI_DROP,
9.1216,12,STA,WIFI_DROP,
9.124,10,STA,WIFI_DROP,
9.124,12,STA,WIFI_DROP,
9.1264,10,STA,WIFI_DROP,
9.1264,12,STA,WIFI_DROP,
9.1288,10,STA,WIFI_DROP,
9.1288,12,STA,WIFI_DROP,
9.1312,10,STA,WIFI_DROP,
9.1312,12,STA,WIFI_DROP,
9.1336,10,STA,WIFI_DROP,
9.1336,12,STA,WIFI_DROP,
9.136,10,STA,WIFI_DROP,
9.136,12,STA,WIFI_DROP,
9.1384,10,STA,WIFI_DROP,
9.1384,12,STA,WIFI_DROP,
9.1408,10,STA,WIFI_DROP,
9.1408,12,STA,WIFI_DROP,
9.1432,10,STA,WIFI_DROP,
9.1432,12,STA,WIFI_DROP,
9.1456,10,STA,WIFI_DROP,
9.1456,12,STA,WIFI_DROP,
9.148,10,STA,WIFI_DROP,
9.148,12,STA,WIFI_DROP,
9.1504,10,STA,WIFI_DROP,
9.1504,12,STA,WIFI_DROP,
9.1528,10,STA,WIFI_DROP,
9.1528,12,STA,WIFI_DROP,
9.1552,10,STA,WIFI_DROP,
9.1552,12,STA,WIFI_DROP,
9.1576,10,STA,WIFI_DROP,
9.1576,12,STA,WIFI_DROP,
9.16,10,STA,WIFI_DROP,
9.16,12,STA,WIFI_DROP,
9.1624,10,STA,WIFI_DROP,
9.1624,12,STA,WIFI_DROP,
9.1648,10,STA,WIFI_DROP,
9.1648,12,STA,WIFI_DROP,
9.1672,10,STA,WIFI_DROP,
9.1672,12,STA,WIFI_DROP,
9.1696,10,STA,WIFI_DROP,
9.1696,12,STA,WIFI_DROP,
9.172,10,STA,WIFI_DROP,
9.172,12,STA,WIFI_DROP,
9.1744,10,STA,WIFI_DROP,
9.1744,12,STA,WIFI_DROP,
9.1768,10,STA,WIFI_DROP,
9.1768,12,STA,WIFI_DROP,
9.1792,10,STA,WIFI_DROP,
9.1792,12,STA,WIFI_DROP,
9.1816,10,STA,WIFI_DROP,
9.1816,12,STA,WIFI_DROP,
9.184,10,STA,WIFI_DROP,
9.184,12,STA,WIFI_DROP,
9.1864,10,STA,WIFI_DROP,
9.1864,12,STA,WIFI_DROP,
9.1888,10,STA,WIFI_DROP,
9.1888,12,STA,WIFI_DROP,
9.1912,10,STA,WIFI_DROP,
9.1912,12,STA,WIFI_DROP,
9.1936,10,STA,WIFI_DROP,
9.1936,12,STA,WIFI_DROP,
9.196,10,STA,WIFI_DROP,
9.196,12,STA,WIFI_DROP,
9.1984,10,STA,WIFI_DROP,
9.1984,12,STA,WIFI_DROP,
9.2008,10,STA,WIFI_DROP,
9.2008,12,STA,WIFI_DROP,
9.2032,10,STA,WIFI_DROP,
9.2032,12,STA,WIFI_DROP,
9.2056,10,STA,WIFI_DROP,
9.2056,12,STA,WIFI_DROP,
9.208,10,STA,WIFI_DROP,
9.208,12,STA,WIFI_DROP,
9.2104,10,STA,WIFI_DROP,
9.2104,12,STA,WIFI_DROP,
9.2128,10,STA,WIFI_DROP,
9.2128,12,STA,WIFI_DROP,
9.2152,10,STA,WIFI_DROP,
9.2152,12,STA,WIFI_DROP,
9.2176,10,STA,WIFI_DROP,
9.2176,12,STA,WIFI_DROP,
9.22,10,STA,WIFI_DROP,
9.22,12,STA,WIFI_DROP,
9.2224,10,STA,WIFI_DROP,
9.2224,12,STA,WIFI_DROP,
9.2248,10,STA,WIFI_DROP,
9.2248,12,STA,WIFI_DROP,
9.2272,10,STA,WIFI_DROP,
9.2272,12,STA,WIFI_DROP,
9.2296,10,STA,WIFI_DROP,
9.2296,12,STA,WIFI_DROP,
9.232,10,STA,WIFI_DROP,
9.232,12,STA,WIFI_DROP,
9.2344,10,STA,WIFI_DROP,
9.2344,12,STA,WIFI_DROP,
9.2368,10,STA,WIFI_DROP,
9.2368,12,STA,WIFI_DROP,
9.2392,10,STA,WIFI_DROP,
9.2392,12,STA,WIFI_DROP,
9.2416,10,STA,WIFI_DROP,
9.2416,12,STA,WIFI_DROP,
9.244,10,STA,WIFI_DROP,
9.244,12,STA,WIFI_DROP,
9.2464,10,STA,WIFI_DROP,
9.2464,12,STA,WIFI_DROP,
9.2488,10,STA,WIFI_DROP,
9.2488,12,STA,WIFI_DROP,
9.2512,10,STA,WIFI_DROP,
9.2512,12,STA,WIFI_DROP,
9.2536,10,STA,WIFI_DROP,
9.2536,12,STA,WIFI_DROP,
9.256,10,STA,WIFI_DROP,
9.256,12,STA,WIFI_DROP,
9.2584,10,STA,WIFI_DROP,
9.2584,12,STA,WIFI_DROP,
9.2608,10,STA,WIFI_DROP,
9.2608,12,STA,WIFI_DROP,
9.2632,10,STA,WIFI_DROP,
9.2632,12,STA,WIFI_DROP,
9.2656,10,STA,WIFI_DROP,
9.2656,12,STA,WIFI_DROP,
9.268,10,STA,WIFI_DROP,
9.268,12,STA,WIFI_DROP,
9.2704,10,STA,WIFI_DROP,
9.2704,12,STA,WIFI_DROP,
9.2728,10,STA,WIFI_DROP,
9.2728,12,STA,WIFI_DROP,
9.2752,10,STA,WIFI_DROP,
9.2752,12,STA,WIFI_DROP,
9.2776,10,STA,WIFI_DROP,
9.2776,12,STA,WIFI_DROP,
9.28,10,STA,WIFI_DROP,
9.28,12,STA,WIFI_DROP,
9.2824,10,STA,WIFI_DROP,
9.2824,12,STA,WIFI_DROP,
9.2848,10,STA,WIFI_DROP,
9.2848,12,STA,WIFI_DROP,
9.2872,10,STA,WIFI_DROP,
9.2872,12,STA,WIFI_DROP,
9.2896,10,STA,WIFI_DROP,
9.2896,12,STA,WIFI_DROP,
9.292,10,STA,WIFI_DROP,
9.292,12,STA,WIFI_DROP,
9.2944,10,STA,WIFI_DROP,
9.2944,12,STA,WIFI_DROP,
9.2968,10,STA,WIFI_DROP,
9.2968,12,STA,WIFI_DROP,
9.2992,10,STA,WIFI_DROP,
9.2992,12,STA,WIFI_DROP,
9.3016,10,STA,WIFI_DROP,
9.3016,12,STA,WIFI_DROP,
9.304,10,STA,WIFI_DROP,
9.304,12,STA,WIFI_DROP,
9.3064,10,STA,WIFI_DROP,
9.3064,12,STA,WIFI_DROP,
9.3088,10,STA,WIFI_DROP,
9.3112,10,STA,WIFI_DROP,
9.3136,10,STA,WIFI_DROP,
9.316,10,STA,WIFI_DROP,
9.3184,10,STA,WIFI_DROP,
9.3208,10,STA,WIFI_DROP,
9.3232,10,STA,WIFI_DROP,
9.3256,10,STA,WIFI_DROP,
9.328,10,STA,WIFI_DROP,
9.3304,10,STA,WIFI_DROP,
9.3328,10,STA,WIFI_DROP,
9.3352,10,STA,WIFI_DROP,
9.3376,10,STA,WIFI_DROP,
9.34,10,STA,WIFI_DROP,
9.3424,10,STA,WIFI_DROP,
9.3448,10,STA,WIFI_DROP,
9.3472,10,STA,WIFI_DROP,
9.3496,10,STA,WIFI_DROP,
9.352,10,STA,WIFI_DROP,
9.3544,10,STA,WIFI_DROP,
9.3568,10,STA,WIFI_DROP,
9.3592,10,STA,WIFI_DROP,
9.3616,10,STA,WIFI_DROP,
9.364,10,STA,WIFI_DROP,
9.3664,10,STA,WIFI_DROP,
9.3688,10,STA,WIFI_DROP,
9.3712,10,STA,WIFI_DROP,
9.3736,10,STA,WIFI_DROP,
9.376,10,STA,WIFI_DROP,
9.3784,10,STA,WIFI_DROP,
9.3808,10,STA,WIFI_DROP,
9.3832,10,STA,WIFI_DROP,
9.3856,10,STA,WIFI_DROP,
9.388,10,STA,WIFI_DROP,
9.3904,10,STA,WIFI_DROP,
9.3928,10,STA,WIFI_DROP,
9.3952,10,STA,WIFI_DROP,
9.3976,10,STA,WIFI_DROP,
9.4,10,STA,WIFI_DROP,
9.4024,10,STA,WIFI_DROP,
9.4048,10,STA,WIFI_DROP,
9.4072,10,STA,WIFI_DROP,
9.4096,10,STA,WIFI_DROP,
9.412,10,STA,WIFI_DROP,
9.4144,10,STA,WIFI_DROP,
9.4168,10,STA,WIFI_DROP,
9.4192,10,STA,WIFI_DROP,
9.4216,10,STA,WIFI_DROP,
9.424,10,STA,WIFI_DROP,
9.4264,10,STA,WIFI_DROP,
9.4288,10,STA,WIFI_DROP,
9.4312,10,STA,WIFI_DROP,
9.4336,10,STA,WIFI_DROP,
9.436,10,STA,WIFI_DROP,
9.4384,10,STA,WIFI_DROP,
9.4408,10,STA,WIFI_DROP,
9.4432,10,STA,WIFI_DROP,
9.4456,10,STA,WIFI_DROP,
9.448,10,STA,WIFI_DROP,
9.4504,10,STA,WIFI_DROP,
9.4528,10,STA,WIFI_DROP,
9.4552,10,STA,WIFI_DROP,
9.4576,10,STA,WIFI_DROP,
9.46,10,STA,WIFI_DROP,
9.4624,10,STA,WIFI_DROP,
9.4648,10,STA,WIFI_DROP,
9.4672,10,STA,WIFI_DROP,
9.4696,10,STA,WIFI_DROP,
9.472,10,STA,WIFI_DROP,
9.4744,10,STA,WIFI_DROP,
9.4768,10,STA,WIFI_DROP,
9.4792,10,STA,WIFI_DROP,
9.4816,10,STA,WIFI_DROP,
9.484,10,STA,WIFI_DROP,
9.4864,10,STA,WIFI_DROP,
9.4888,10,STA,WIFI_DROP,
9.4912,10,STA,WIFI_DROP,
9.4936,10,STA,WIFI_DROP,
9.496,10,STA,WIFI_DROP,
9.4984,10,STA,WIFI_DROP,
9.5008,10,STA,WIFI_DROP,
9.5032,10,STA,WIFI_DROP,
9.5056,10,STA,WIFI_DROP,
9.508,10,STA,WIFI_DROP,
9.5104,10,STA,WIFI_DROP,
9.5128,10,STA,WIFI_DROP,
9.5152,10,STA,WIFI_DROP,
9.5176,10,STA,WIFI_DROP,
9.52,10,STA,WIFI_DROP,
9.5224,10,STA,WIFI_DROP,
9.5248,10,STA,WIFI_DROP,
9.5272,10,STA,WIFI_DROP,
9.5296,10,STA,WIFI_DROP,
9.532,10,STA,WIFI_DROP,
9.5344,10,STA,WIFI_DROP,
9.5368,10,STA,WIFI_DROP,
9.5392,10,STA,WIFI_DROP,
9.5416,10,STA,WIFI_DROP,
9.544,10,STA,WIFI_DROP,
9.5464,10,STA,WIFI_DROP,
9.5488,10,STA,WIFI_DROP,
9.5512,10,STA,WIFI_DROP,
9.5536,10,STA,WIFI_DROP,
9.556,10,STA,WIFI_DROP,
9.5584,10,STA,WIFI_DROP,
9.5608,10,STA,WIFI_DROP,
9.5632,10,STA,WIFI_DROP,
9.5656,10,STA,WIFI_DROP,
9.568,10,STA,WIFI_DROP,
9.5704,10,STA,WIFI_DROP,
9.5728,10,STA,WIFI_DROP,
9.5752,10,STA,WIFI_DROP,
9.5776,10,STA,WIFI_DROP,
9.58,10,STA,WIFI_DROP,
9.5824,10,STA,WIFI_DROP,
9.5848,10,STA,WIFI_DROP,
9.5872,10,STA,WIFI_DROP,
9.5896,10,STA,WIFI_DROP,
9.592,10,STA,WIFI_DROP,
9.5944,10,STA,WIFI_DROP,
9.5968,10,STA,WIFI_DROP,
9.5992,10,STA,WIFI_DROP,
9.6016,10,STA,WIFI_DROP,
9.604,10,STA,WIFI_DROP,
9.6064,10,STA,WIFI_DROP,
9.6088,10,STA,WIFI_DROP,
9.6112,10,STA,WIFI_DROP,
9.6136,10,STA,WIFI_DROP,
9.616,10,STA,WIFI_DROP,
9.6184,10,STA,WIFI_DROP,
9.6208,10,STA,WIFI_DROP,
9.6232,10,STA,WIFI_DROP,
9.6256,10,STA,WIFI_DROP,
9.628,10,STA,WIFI_DROP,
9.6304,10,STA,WIFI_DROP,
9.6328,10,STA,WIFI_DROP,
9.6352,10,STA,WIFI_DROP,
9.6376,10,STA,WIFI_DROP,
9.64,10,STA,WIFI_DROP,
9.6424,10,STA,WIFI_DROP,
9.6448,10,STA,WIFI_DROP,
9.6472,10,STA,WIFI_DROP,
9.6496,10,STA,WIFI_DROP,
9.652,10,STA,WIFI_DROP,
9.6544,10,STA,WIFI_DROP,
9.6568,10,STA,WIFI_DROP,
9.6592,10,STA,WIFI_DROP,
9.6616,10,STA,WIFI_DROP,
9.664,10,STA,WIFI_DROP,
9.6664,10,STA,WIFI_DROP,
9.6688,10,STA,WIFI_DROP,
9.6712,10,STA,WIFI_DROP,
9.6736,10,STA,WIFI_DROP,
9.676,10,STA,WIFI_DROP,
9.6784,10,STA,WIFI_DROP,
9.6808,10,STA,WIFI_DROP,
9.6832,10,STA,WIFI_DROP,
9.6856,10,STA,WIFI_DROP,
9.688,10,STA,WIFI_DROP,
9.6904,10,STA,WIFI_DROP,
9.6928,10,STA,WIFI_DROP,
9.6952,10,STA,WIFI_DROP,
9.6976,10,STA,WIFI_DROP,
9.7,10,STA,WIFI_DROP,
9.7024,10,STA,WIFI_DROP,
9.7048,10,STA,WIFI_DROP,
9.7072,10,STA,WIFI_DROP,
9.7096,10,STA,WIFI_DROP,
9.712,10,STA,WIFI_DROP,
9.7144,10,STA,WIFI_DROP,
9.7168,10,STA,WIFI_DROP,
9.7192,10,STA,WIFI_DROP,
9.7216,10,STA,WIFI_DROP,
9.724,10,STA,WIFI_DROP,
9.7264,10,STA,WIFI_DROP,
9.7288,10,STA,WIFI_DROP,
9.7312,10,STA,WIFI_DROP,
9.7336,10,STA,WIFI_DROP,
9.736,10,STA,WIFI_DROP,
9.7384,10,STA,WIFI_DROP,
9.7408,10,STA,WIFI_DROP,
9.7432,10,STA,WIFI_DROP,
9.7456,10,STA,WIFI_DROP,
9.748,10,STA,WIFI_DROP,
9.7504,10,STA,WIFI_DROP,
9.7528,10,STA,WIFI_DROP,
9.7552,10,STA,WIFI_DROP,
9.7576,10,STA,WIFI_DROP,
9.76,10,STA,WIFI_DROP,
9.7624,10,STA,WIFI_DROP,
9.7648,10,STA,WIFI_DROP,
9.7672,10,STA,WIFI_DROP,
9.7696,10,STA,WIFI_DROP,
9.772,10,STA,WIFI_DROP,
9.7744,10,STA,WIFI_DROP,
9.7768,10,STA,WIFI_DROP,
9.7792,10,STA,WIFI_DROP,
9.7816,10,STA,WIFI_DROP,
9.784,10,STA,WIFI_DROP,
9.7864,10,STA,WIFI_DROP,
9.7888,10,STA,WIFI_DROP,
9.7912,10,STA,WIFI_DROP,
9.7936,10,STA,WIFI_DROP,
9.796,10,STA,WIFI_DROP,
9.7984,10,STA,WIFI_DROP,
9.8008,10,STA,WIFI_DROP,
9.8032,10,STA,WIFI_DROP,
9.8056,10,STA,WIFI_DROP,
9.808,10,STA,WIFI_DROP,
9.8104,10,STA,WIFI_DROP,
9.8128,10,STA,WIFI_DROP,
9.8152,10,STA,WIFI_DROP,
9.8176,10,STA,WIFI_DROP,
9.82,10,STA,WIFI_DROP,
9.8224,10,STA,WIFI_DROP,
9.8248,10,STA,WIFI_DROP,
9.8272,10,STA,WIFI_DROP,
9.8296,10,STA,WIFI_DROP,
9.832,10,STA,WIFI_DROP,
9.832,12,STA,WIFI_DROP,
9.8344,10,STA,WIFI_DROP,
9.8344,12,STA,WIFI_DROP,
9.8368,10,STA,WIFI_DROP,
9.8368,12,STA,WIFI_DROP,
9.8392,10,STA,WIFI_DROP,
9.8392,12,STA,WIFI_DROP,
9.8416,10,STA,WIFI_DROP,
9.8416,12,STA,WIFI_DROP,
9.844,10,STA,WIFI_DROP,
9.844,12,STA,WIFI_DROP,
9.8464,10,STA,WIFI_DROP,
9.8464,12,STA,WIFI_DROP,
9.8488,10,STA,WIFI_DROP,
9.8488,12,STA,WIFI_DROP,
9.8512,10,STA,WIFI_DROP,
9.8512,12,STA,WIFI_DROP,
9.8536,10,STA,WIFI_DROP,
9.8536,12,STA,WIFI_DROP,
9.856,10,STA,WIFI_DROP,
9.856,12,STA,WIFI_DROP,
9.8584,10,STA,WIFI_DROP,
9.8584,12,STA,WIFI_DROP,
9.8608,10,STA,WIFI_DROP,
9.8608,12,STA,WIFI_DROP,
9.8632,10,STA,WIFI_DROP,
9.8632,12,STA,WIFI_DROP,
9.8656,10,STA,WIFI_DROP,
9.8656,12,STA,WIFI_DROP,
9.868,10,STA,WIFI_DROP,
9.868,12,STA,WIFI_DROP,
9.8704,10,STA,WIFI_DROP,
9.8704,12,STA,WIFI_DROP,
9.8728,10,STA,WIFI_DROP,
9.8728,12,STA,WIFI_DROP,
9.8752,10,STA,WIFI_DROP,
9.8752,12,STA,WIFI_DROP,
9.8776,10,STA,WIFI_DROP,
9.8776,12,STA,WIFI_DROP,
9.88,10,STA,WIFI_DROP,
9.88,12,STA,WIFI_DROP,
9.8824,10,STA,WIFI_DROP,
9.8824,12,STA,WIFI_DROP,
9.8848,10,STA,WIFI_DROP,
9.8872,10,STA,WIFI_DROP,
9.8896,10,STA,WIFI_DROP,
9.892,10,STA,WIFI_DROP,
9.8944,10,STA,WIFI_DROP,
9.8968,10,STA,WIFI_DROP,
9.8992,10,STA,WIFI_DROP,
9.9016,10,STA,WIFI_DROP,
9.904,10,STA,WIFI_DROP,
9.9064,10,STA,WIFI_DROP,
9.9088,10,STA,WIFI_DROP,
9.9112,10,STA,WIFI_DROP,
9.9136,10,STA,WIFI_DROP,
9.916,10,STA,WIFI_DROP,
9.9184,10,STA,WIFI_DROP,
9.9208,10,STA,WIFI_DROP,
9.9232,10,STA,WIFI_DROP,
9.9256,10,STA,WIFI_DROP,
9.928,10,STA,WIFI_DROP,
9.9304,10,STA,WIFI_DROP,
9.9328,10,STA,WIFI_DROP,
9.9352,10,STA,WIFI_DROP,
9.9376,10,STA,WIFI_DROP,
9.94,10,STA,WIFI_DROP,
9.9424,10,STA,WIFI_DROP,
9.9448,10,STA,WIFI_DROP,
9.9472,10,STA,WIFI_DROP,
9.9496,10,STA,WIFI_DROP,
9.952,10,STA,WIFI_DROP,
9.9544,10,STA,WIFI_DROP,
9.9568,10,STA,WIFI_DROP,
9.9592,10,STA,WIFI_DROP,
9.9616,10,STA,WIFI_DROP,
9.964,10,STA,WIFI_DROP,
9.9664,10,STA,WIFI_DROP,
9.988,10,STA,WIFI_DROP,
9.9904,10,STA,WIFI_DROP,
9.9928,10,STA,WIFI_DROP,
9.9952,10,STA,WIFI_DROP,
9.9976,10,STA,WIFI_DROP,
10,3,STA,THROUGHPUT_MBPS,2.280000
10,4,STA,THROUGHPUT_MBPS,1.716000
10,5,STA,THROUGHPUT_MBPS,1.536000
10,6,STA,THROUGHPUT_MBPS,0.288000
10,7,STA,THROUGHPUT_MBPS,0.852000
10,8,STA,THROUGHPUT_MBPS,2.028000
10,13,STA,THROUGHPUT_MBPS,4.152000
10,15,STA,THROUGHPUT_MBPS,1.608000
10,16,STA,THROUGHPUT_MBPS,1.044000
10,20,STA,THROUGHPUT_MBPS,3.228000
10,21,STA,THROUGHPUT_MBPS,3.792000
10,1,AP,AGGREGATE_THROUGHPUT_MBPS,22.524000
10,1,AP,SENT_COUNT,8320.000000
10,1,AP,RECV_COUNT,1877.000000
10,1,AP,LATENCY_P95_MS,535.447872
10,10,STA,WIFI_DROP,
10.0024,10,STA,WIFI_DROP,
10.0048,10,STA,WIFI_DROP,
10.0072,10,STA,WIFI_DROP,
10.0096,10,STA,WIFI_DROP,
10.012,10,STA,WIFI_DROP,
10.0144,10,STA,WIFI_DROP,
10.0168,10,STA,WIFI_DROP,
10.0192,10,STA,WIFI_DROP,
10.0216,10,STA,WIFI_DROP,
10.024,10,STA,WIFI_DROP,
10.0264,10,STA,WIFI_DROP,
10.0288,10,STA,WIFI_DROP,
10.0312,10,STA,WIFI_DROP,
10.0336,10,STA,WIFI_DROP,
10.036,10,STA,WIFI_DROP,
10.0384,10,STA,WIFI_DROP,
10.0408,10,STA,WIFI_DROP,
10.0432,10,STA,WIFI_DROP,
10.0456,10,STA,WIFI_DROP,
10.048,10,STA,WIFI_DROP,
10.0504,10,STA,WIFI_DROP,
10.0528,10,STA,WIFI_DROP,
10.0552,10,STA,WIFI_DROP,
10.0576,10,STA,WIFI_DROP,
10.06,10,STA,WIFI_DROP,
10.0624,10,STA,WIFI_DROP,
10.0648,10,STA,WIFI_DROP,
10.0672,10,STA,WIFI_DROP,
10.0696,10,STA,WIFI_DROP,
10.072,10,STA,WIFI_DROP,
10.0744,10,STA,WIFI_DROP,
10.0768,10,STA,WIFI_DROP,
10.0792,10,STA,WIFI_DROP,
10.0816,10,STA,WIFI_DROP,
10.084,10,STA,WIFI_DROP,
10.0864,10,STA,WIFI_DROP,
10.0888,10,STA,WIFI_DROP,
10.0912,10,STA,WIFI_DROP,
10.0936,10,STA,WIFI_DROP,
10.096,10,STA,WIFI_DROP,
10.0984,10,STA,WIFI_DROP,
10.1008,10,STA,WIFI_DROP,
10.1032,10,STA,WIFI_DROP,
10.1056,10,STA,WIFI_DROP,
10.108,10,STA,WIFI_DROP,
10.1104,10,STA,WIFI_DROP,
10.1128,10,STA,WIFI_DROP,
10.1152,10,STA,WIFI_DROP,
10.1176,10,STA,WIFI_DROP,
10.12,10,STA,WIFI_DROP,
10.1224,10,STA,WIFI_DROP,
10.1248,10,STA,WIFI_DROP,
10.1272,10,STA,WIFI_DROP,
10.1296,10,STA,WIFI_DROP,
10.132,10,STA,WIFI_DROP,
10.1344,10,STA,WIFI_DROP,
10.1368,10,STA,WIFI_DROP,
10.1392,10,STA,WIFI_DROP,
10.1416,10,STA,WIFI_DROP,
10.144,10,STA,WIFI_DROP,
10.1464,10,STA,WIFI_DROP,
10.1488,10,STA,WIFI_DROP,
10.1512,10,STA,WIFI_DROP,
10.1536,10,STA,WIFI_DROP,
10.156,10,STA,WIFI_DROP,
10.1584,10,STA,WIFI_DROP,
10.1608,10,STA,WIFI_DROP,
10.1632,10,STA,WIFI_DROP,
10.1656,10,STA,WIFI_DROP,
10.168,10,STA,WIFI_DROP,
10.1704,10,STA,WIFI_DROP,
10.1728,10,STA,WIFI_DROP,
10.1752,10,STA,WIFI_DROP,
10.1776,10,STA,WIFI_DROP,
10.18,10,STA,WIFI_DROP,
10.1824,10,STA,WIFI_DROP,
10.1848,10,STA,WIFI_DROP,
10.1872,10,STA,WIFI_DROP,
10.1896,10,STA,WIFI_DROP,
10.192,10,STA,WIFI_DROP,
10.1944,10,STA,WIFI_DROP,
10.1968,10,STA,WIFI_DROP,
10.1992,10,STA,WIFI_DROP,
10.2016,10,STA,WIFI_DROP,
10.204,10,STA,WIFI_DROP,
10.2064,10,STA,WIFI_DROP,
10.2088,10,STA,WIFI_DROP,
10.2112,10,STA,WIFI_DROP,
10.2136,10,STA,WIFI_DROP,
10.216,10,STA,WIFI_DROP,
10.2184,10,STA,WIFI_DROP,
10.2208,10,STA,WIFI_DROP,
10.2232,10,STA,WIFI_DROP,
10.2256,10,STA,WIFI_DROP,
10.228,10,STA,WIFI_DROP,
10.2304,10,STA,WIFI_DROP,
10.2328,10,STA,WIFI_DROP,
10.2352,10,STA,WIFI_DROP,
10.2376,10,STA,WIFI_DROP,
10.24,10,STA,WIFI_DROP,
10.2424,10,STA,WIFI_DROP,
10.2448,10,STA,WIFI_DROP,
10.2472,10,STA,WIFI_DROP,
10.2496,10,STA,WIFI_DROP,
10.252,10,STA,WIFI_DROP,
10.2544,10,STA,WIFI_DROP,
10.2568,10,STA,WIFI_DROP,
10.2592,10,STA,WIFI_DROP,
10.2616,10,STA,WIFI_DROP,
10.264,10,STA,WIFI_DROP,
10.2664,10,STA,WIFI_DROP,
10.2688,10,STA,WIFI_DROP,
10.2712,10,STA,WIFI_DROP,
10.2736,10,STA,WIFI_DROP,
10.276,10,STA,WIFI_DROP,
10.2784,10,STA,WIFI_DROP,
10.2808,10,STA,WIFI_DROP,
10.2832,10,STA,WIFI_DROP,
10.2856,10,STA,WIFI_DROP,
10.288,10,STA,WIFI_DROP,
10.2904,10,STA,WIFI_DROP,
10.2928,10,STA,WIFI_DROP,
10.2952,10,STA,WIFI_DROP,
10.2976,10,STA,WIFI_DROP,
10.3,10,STA,WIFI_DROP,
10.3024,10,STA,WIFI_DROP,
10.3048,10,STA,WIFI_DROP,
10.3072,10,STA,WIFI_DROP,
10.3096,10,STA,WIFI_DROP,
10.312,10,STA,WIFI_DROP,
10.3144,10,STA,WIFI_DROP,
10.3168,10,STA,WIFI_DROP,
10.3192,10,STA,WIFI_DROP,
10.3216,10,STA,WIFI_DROP,
10.324,10,STA,WIFI_DROP,
10.3264,10,STA,WIFI_DROP,
10.3288,10,STA,WIFI_DROP,
10.3312,10,STA,WIFI_DROP,
10.3336,10,STA,WIFI_DROP,
10.336,10,STA,WIFI_DROP,
10.3384,10,STA,WIFI_DROP,
10.3408,10,STA,WIFI_DROP,
10.3432,10,STA,WIFI_DROP,
10.3456,10,STA,WIFI_DROP,
10.348,10,STA,WIFI_DROP,
10.3504,10,STA,WIFI_DROP,
10.3528,10,STA,WIFI_DROP,
10.3552,10,STA,WIFI_DROP,
10.3576,10,STA,WIFI_DROP,
10.36,10,STA,WIFI_DROP,
10.3624,10,STA,WIFI_DROP,
10.3648,10,STA,WIFI_DROP,
10.3672,10,STA,WIFI_DROP,
10.3696,10,STA,WIFI_DROP,
10.372,10,STA,WIFI_DROP,
10.3744,10,STA,WIFI_DROP,
10.3768,10,STA,WIFI_DROP,
10.3792,10,STA,WIFI_DROP,
10.3816,10,STA,WIFI_DROP,
10.384,10,STA,WIFI_DROP,
10.3864,10,STA,WIFI_DROP,
10.3888,10,STA,WIFI_DROP,
10.3912,10,STA,WIFI_DROP,
10.3936,10,STA,WIFI_DROP,
10.396,10,STA,WIFI_DROP,
10.3984,10,STA,WIFI_DROP,
10.4008,10,STA,WIFI_DROP,
10.4032,10,STA,WIFI_DROP,
10.4056,10,STA,WIFI_DROP,
10.408,10,STA,WIFI_DROP,
10.4104,10,STA,WIFI_DROP,
10.4128,10,STA,WIFI_DROP,
10.4152,10,STA,WIFI_DROP,
10.4176,10,STA,WIFI_DROP,
10.42,10,STA,WIFI_DROP,
10.4224,10,STA,WIFI_DROP,
10.4248,10,STA,WIFI_DROP,
10.4272,10,STA,WIFI_DROP,
10.4296,10,STA,WIFI_DROP,
10.432,10,STA,WIFI_DROP,
10.4344,10,STA,WIFI_DROP,
10.4368,10,STA,WIFI_DROP,
10.4392,10,STA,WIFI_DROP,
10.4416,10,STA,WIFI_DROP,
10.444,10,STA,WIFI_DROP,
10.4464,10,STA,WIFI_DROP,
10.4488,10,STA,WIFI_DROP,
10.4512,10,STA,WIFI_DROP,
10.4536,10,STA,WIFI_DROP,
10.456,10,STA,WIFI_DROP,
10.4584,10,STA,WIFI_DROP,
10.4608,10,STA,WIFI_DROP,
10.4632,10,STA,WIFI_DROP,
10.4656,10,STA,WIFI_DROP,
10.468,10,STA,WIFI_DROP,
10.4704,10,STA,WIFI_DROP,
10.4728,10,STA,WIFI_DROP,
10.4752,10,STA,WIFI_DROP,
10.4776,10,STA,WIFI_DROP,
10.48,10,STA,WIFI_DROP,
10.4824,10,STA,WIFI_DROP,
10.4848,10,STA,WIFI_DROP,
10.4872,10,STA,WIFI_DROP,
10.4896,10,STA,WIFI_DROP,
10.492,10,STA,WIFI_DROP,
10.4944,10,STA,WIFI_DROP,
10.4968,10,STA,WIFI_DROP,
10.4992,10,STA,WIFI_DROP,
10.5016,10,STA,WIFI_DROP,
10.504,10,STA,WIFI_DROP,
10.5064,10,STA,WIFI_DROP,
10.5088,10,STA,WIFI_DROP,
10.5112,10,STA,WIFI_DROP,
10.5136,10,STA,WIFI_DROP,
10.516,10,STA,WIFI_DROP,
10.5184,10,STA,WIFI_DROP,
10.5208,10,STA,WIFI_DROP,
10.5232,10,STA,WIFI_DROP,
10.5256,10,STA,WIFI_DROP,
10.528,10,STA,WIFI_DROP,
10.5304,10,STA,WIFI_DROP,
10.5328,10,STA,WIFI_DROP,
10.5352,10,STA,WIFI_DROP,
10.552,5,STA,WIFI_DROP,
10.5544,5,STA,WIFI_DROP,
10.5568,5,STA,WIFI_DROP,
10.5592,5,STA,WIFI_DROP,
10.5616,5,STA,WIFI_DROP,
10.564,5,STA,WIFI_DROP,
10.5664,5,STA,WIFI_DROP,
10.5688,5,STA,WIFI_DROP,
10.5712,5,STA,WIFI_DROP,
10.5736,5,STA,WIFI_DROP,
10.576,5,STA,WIFI_DROP,
10.5784,5,STA,WIFI_DROP,
10.5808,5,STA,WIFI_DROP,
10.5832,5,STA,WIFI_DROP,
10.5856,5,STA,WIFI_DROP,
10.588,5,STA,WIFI_DROP,
10.5904,5,STA,WIFI_DROP,
10.5928,5,STA,WIFI_DROP,
10.5952,5,STA,WIFI_DROP,
10.5976,5,STA,WIFI_DROP,
10.6,5,STA,WIFI_DROP,
10.6024,5,STA,WIFI_DROP,
10.6048,5,STA,WIFI_DROP,
10.6072,5,STA,WIFI_DROP,
10.6096,5,STA,WIFI_DROP,
10.612,5,STA,WIFI_DROP,
10.6144,5,STA,WIFI_DROP,
10.6168,5,STA,WIFI_DROP,
10.6192,5,STA,WIFI_DROP,
10.6216,5,STA,WIFI_DROP,
10.624,5,STA,WIFI_DROP,
10.6264,5,STA,WIFI_DROP,
10.6288,5,STA,WIFI_DROP,
10.6312,5,STA,WIFI_DROP,
10.6336,5,STA,WIFI_DROP,
10.636,5,STA,WIFI_DROP,
10.6384,5,STA,WIFI_DROP,
10.6408,5,STA,WIFI_DROP,
10.6432,5,STA,WIFI_DROP,
10.6456,5,STA,WIFI_DROP,
10.648,5,STA,WIFI_DROP,
10.6504,5,STA,WIFI_DROP,
10.6528,5,STA,WIFI_DROP,
10.96,4,STA,WIFI_DROP,
10.9624,4,STA,WIFI_DROP,
10.9648,4,STA,WIFI_DROP,
10.9672,4,STA,WIFI_DROP,
10.9696,4,STA,WIFI_DROP,
10.972,4,STA,WIFI_DROP,
10.9744,4,STA,WIFI_DROP,
10.9768,4,STA,WIFI_DROP,
10.9792,4,STA,WIFI_DROP,
10.9816,4,STA,WIFI_DROP,
10.984,4,STA,WIFI_DROP,
10.9864,4,STA,WIFI_DROP,
10.9888,4,STA,WIFI_DROP,
10.9912,4,STA,WIFI_DROP,
10.9936,4,STA,WIFI_DROP,
10.996,4,STA,WIFI_DROP,
10.9984,4,STA,WIFI_DROP,
11,3,STA,THROUGHPUT_MBPS,2.280000
11,4,STA,THROUGHPUT_MBPS,1.728000
11,5,STA,THROUGHPUT_MBPS,2.292000
11,7,STA,THROUGHPUT_MBPS,1.164000
11,8,STA,THROUGHPUT_MBPS,2.808000
11,10,STA,THROUGHPUT_MBPS,0.576000
11,12,STA,THROUGHPUT_MBPS,3.204000
11,13,STA,THROUGHPUT_MBPS,3.180000
11,15,STA,THROUGHPUT_MBPS,3.384000
11,16,STA,THROUGHPUT_MBPS,1.500000
11,20,STA,THROUGHPUT_MBPS,2.352000
11,21,STA,THROUGHPUT_MBPS,1.356000
11,1,AP,AGGREGATE_THROUGHPUT_MBPS,25.824000
11,1,AP,SENT_COUNT,8340.000000
11,1,AP,RECV_COUNT,2152.000000
11,1,AP,LATENCY_P95_MS,556.814596
11.0008,4,STA,WIFI_DROP,
11.0032,4,STA,WIFI_DROP,
11.0056,4,STA,WIFI_DROP,
11.008,4,STA,WIFI_DROP,
11.0104,4,STA,WIFI_DROP,
11.0128,4,STA,WIFI_DROP,
11.2672,16,STA,WIFI_DROP,
11.2696,16,STA,WIFI_DROP,
11.272,16,STA,WIFI_DROP,
11.2744,16,STA,WIFI_DROP,
11.2768,16,STA,WIFI_DROP,
11.2792,16,STA,WIFI_DROP,
11.2816,16,STA,WIFI_DROP,
11.284,16,STA,WIFI_DROP,
11.2864,16,STA,WIFI_DROP,
11.2888,16,STA,WIFI_DROP,
11.2912,16,STA,WIFI_DROP,
11.2936,16,STA,WIFI_DROP,
11.296,16,STA,WIFI_DROP,
11.2984,16,STA,WIFI_DROP,
11.3008,16,STA,WIFI_DROP,
11.3032,16,STA,WIFI_DROP,
11.3056,16,STA,WIFI_DROP,
11.308,16,STA,WIFI_DROP,
11.3104,16,STA,WIFI_DROP,
11.3128,16,STA,WIFI_DROP,
11.3152,16,STA,WIFI_DROP,
11.3176,16,STA,WIFI_DROP,
11.32,16,STA,WIFI_DROP,
11.3224,16,STA,WIFI_DROP,
11.3248,16,STA,WIFI_DROP,
11.3272,16,STA,WIFI_DROP,
11.3296,16,STA,WIFI_DROP,
11.332,16,STA,WIFI_DROP,
11.3344,16,STA,WIFI_DROP,
11.3368,16,STA,WIFI_DROP,
11.3392,16,STA,WIFI_DROP,
11.3416,16,STA,WIFI_DROP,
11.344,16,STA,WIFI_DROP,
11.3464,16,STA,WIFI_DROP,
11.3488,16,STA,WIFI_DROP,
11.3512,16,STA,WIFI_DROP,
11.3536,16,STA,WIFI_DROP,
11.356,16,STA,WIFI_DROP,
11.3584,16,STA,WIFI_DROP,
11.3608,16,STA,WIFI_DROP,
11.3632,16,STA,WIFI_DROP,
11.3656,16,STA,WIFI_DROP,
11.368,16,STA,WIFI_DROP,
11.3704,16,STA,WIFI_DROP,
11.3728,16,STA,WIFI_DROP,
11.3752,16,STA,WIFI_DROP,
11.3776,16,STA,WIFI_DROP,
11.38,16,STA,WIFI_DROP,
11.3824,16,STA,WIFI_DROP,
11.3848,16,STA,WIFI_DROP,
11.3872,16,STA,WIFI_DROP,
11.3896,16,STA,WIFI_DROP,
11.392,16,STA,WIFI_DROP,
11.3944,16,STA,WIFI_DROP,
11.3968,16,STA,WIFI_DROP,
11.3992,16,STA,WIFI_DROP,
11.4016,16,STA,WIFI_DROP,
11.404,16,STA,WIFI_DROP,
11.4064,16,STA,WIFI_DROP,
11.4088,16,STA,WIFI_DROP,
11.4112,16,STA,WIFI_DROP,
11.4136,16,STA,WIFI_DROP,
11.416,16,STA,WIFI_DROP,
11.4184,16,STA,WIFI_DROP,
11.4208,16,STA,WIFI_DROP,
11.4232,16,STA,WIFI_DROP,
11.4256,16,STA,WIFI_DROP,
11.428,16,STA,WIFI_DROP,
11.4304,16,STA,WIFI_DROP,
11.4328,16,STA,WIFI_DROP,
11.4352,16,STA,WIFI_DROP,
11.4376,16,STA,WIFI_DROP,
11.44,16,STA,WIFI_DROP,
11.4424,16,STA,WIFI_DROP,
11.4448,16,STA,WIFI_DROP,
11.4472,16,STA,WIFI_DROP,
11.4496,16,STA,WIFI_DROP,
11.452,16,STA,WIFI_DROP,
11.4544,16,STA,WIFI_DROP,
11.4568,16,STA,WIFI_DROP,
11.4592,16,STA,WIFI_DROP,
11.4616,16,STA,WIFI_DROP,
11.464,16,STA,WIFI_DROP,
11.4664,16,STA,WIFI_DROP,
11.4688,16,STA,WIFI_DROP,
11.4712,16,STA,WIFI_DROP,
11.4736,16,STA,WIFI_DROP,
11.476,16,STA,WIFI_DROP,
11.4784,16,STA,WIFI_DROP,
11.4808,16,STA,WIFI_DROP,
11.4832,16,STA,WIFI_DROP,
11.4856,16,STA,WIFI_DROP,
11.488,16,STA,WIFI_DROP,
11.4904,16,STA,WIFI_DROP,
11.4928,16,STA,WIFI_DROP,
11.4952,16,STA,WIFI_DROP,
11.4976,16,STA,WIFI_DROP,
11.5,16,STA,WIFI_DROP,
11.5024,16,STA,WIFI_DROP,
11.5048,16,STA,WIFI_DROP,
11.5072,16,STA,WIFI_DROP,
11.5096,16,STA,WIFI_DROP,
11.512,16,STA,WIFI_DROP,
11.5144,16,STA,WIFI_DROP,
11.5168,16,STA,WIFI_DROP,
11.5192,16,STA,WIFI_DROP,
11.5216,16,STA,WIFI_DROP,
11.524,16,STA,WIFI_DROP,
11.5264,16,STA,WIFI_DROP,
11.5288,16,STA,WIFI_DROP,
11.5312,16,STA,WIFI_DROP,
11.5336,16,STA,WIFI_DROP,
11.536,16,STA,WIFI_DROP,
11.5384,16,STA,WIFI_DROP,
11.5408,16,STA,WIFI_DROP,
11.5432,16,STA,WIFI_DROP,
11.5456,16,STA,WIFI_DROP,
11.548,16,STA,WIFI_DROP,
11.5504,16,STA,WIFI_DROP,
11.5528,16,STA,WIFI_DROP,
11.5552,16,STA,WIFI_DROP,
11.5576,16,STA,WIFI_DROP,
11.56,16,STA,WIFI_DROP,
11.5624,16,STA,WIFI_DROP,
11.5648,16,STA,WIFI_DROP,
11.5672,16,STA,WIFI_DROP,
11.5696,16,STA,WIFI_DROP,
11.572,16,STA,WIFI_DROP,
11.5744,16,STA,WIFI_DROP,
11.5768,16,STA,WIFI_DROP,
11.5792,16,STA,WIFI_DROP,
11.5816,16,STA,WIFI_DROP,
11.584,16,STA,WIFI_DROP,
11.5864,16,STA,WIFI_DROP,
11.5888,16,STA,WIFI_DROP,
11.5912,16,STA,WIFI_DROP,
11.5936,16,STA,WIFI_DROP,
11.596,16,STA,WIFI_DROP,
11.5984,16,STA,WIFI_DROP,
11.6008,16,STA,WIFI_DROP,
11.6032,16,STA,WIFI_DROP,
11.6056,16,STA,WIFI_DROP,
11.608,16,STA,WIFI_DROP,
11.6104,16,STA,WIFI_DROP,
11.6128,16,STA,WIFI_DROP,
11.6152,16,STA,WIFI_DROP,
11.6176,16,STA,WIFI_DROP,
11.62,16,STA,WIFI_DROP,
11.6224,16,STA,WIFI_DROP,
11.6248,16,STA,WIFI_DROP,
11.6272,16,STA,WIFI_DROP,
11.6296,16,STA,WIFI_DROP,
11.632,16,STA,WIFI_DROP,
11.6344,16,STA,WIFI_DROP,
11.6368,16,STA,WIFI_DROP,
11.6392,16,STA,WIFI_DROP,
11.6416,16,STA,WIFI_DROP,
11.644,16,STA,WIFI_DROP,
11.6464,16,STA,WIFI_DROP,
11.6488,16,STA,WIFI_DROP,
11.6512,16,STA,WIFI_DROP,
11.6536,16,STA,WIFI_DROP,
11.656,16,STA,WIFI_DROP,
11.6584,16,STA,WIFI_DROP,
11.6608,16,STA,WIFI_DROP,
11.6632,16,STA,WIFI_DROP,
11.6656,16,STA,WIFI_DROP,
11.668,16,STA,WIFI_DROP,
11.6704,16,STA,WIFI_DROP,
11.6728,16,STA,WIFI_DROP,
11.6752,16,STA,WIFI_DROP,
11.6776,16,STA,WIFI_DROP,
11.68,16,STA,WIFI_DROP,
11.6824,16,STA,WIFI_DROP,
11.6848,16,STA,WIFI_DROP,
11.6872,16,STA,WIFI_DROP,
11.6896,16,STA,WIFI_DROP,
11.692,16,STA,WIFI_DROP,
11.6944,16,STA,WIFI_DROP,
11.6968,16,STA,WIFI_DROP,
11.6992,16,STA,WIFI_DROP,
11.7016,16,STA,WIFI_DROP,
11.704,16,STA,WIFI_DROP,
11.7064,16,STA,WIFI_DROP,
11.7088,16,STA,WIFI_DROP,
11.7112,16,STA,WIFI_DROP,
11.7136,16,STA,WIFI_DROP,
11.716,16,STA,WIFI_DROP,
11.7184,16,STA,WIFI_DROP,
11.7208,16,STA,WIFI_DROP,
11.7232,16,STA,WIFI_DROP,
11.7256,16,STA,WIFI_DROP,
11.728,16,STA,WIFI_DROP,
11.7304,16,STA,WIFI_DROP,
11.7328,16,STA,WIFI_DROP,
11.7352,16,STA,WIFI_DROP,
11.7376,16,STA,WIFI_DROP,
11.74,16,STA,WIFI_DROP,
11.7424,16,STA,WIFI_DROP,
11.7448,16,STA,WIFI_DROP,
11.7472,16,STA,WIFI_DROP,
11.7496,16,STA,WIFI_DROP,
11.752,16,STA,WIFI_DROP,
11.7544,16,STA,WIFI_DROP,
11.7568,16,STA,WIFI_DROP,
11.7592,16,STA,WIFI_DROP,
11.7616,16,STA,WIFI_DROP,
11.764,16,STA,WIFI_DROP,
11.7664,16,STA,WIFI_DROP,
11.7688,16,STA,WIFI_DROP,
11.7712,16,STA,WIFI_DROP,
11.7736,16,STA,WIFI_DROP,
11.776,16,STA,WIFI_DROP,
11.7784,16,STA,WIFI_DROP,
11.7808,16,STA,WIFI_DROP,
11.7832,16,STA,WIFI_DROP,
11.7856,16,STA,WIFI_DROP,
11.788,16,STA,WIFI_DROP,
11.7904,16,STA,WIFI_DROP,
11.7928,16,STA,WIFI_DROP,
11.7952,16,STA,WIFI_DROP,
11.7976,16,STA,WIFI_DROP,
11.8,16,STA,WIFI_DROP,
11.8024,16,STA,WIFI_DROP,
11.8048,16,STA,WIFI_DROP,
11.8072,16,STA,WIFI_DROP,
11.8096,16,STA,WIFI_DROP,
11.812,16,STA,WIFI_DROP,
11.8144,16,STA,WIFI_DROP,
11.8168,16,STA,WIFI_DROP,
11.8192,16,STA,WIFI_DROP,
11.8216,16,STA,WIFI_DROP,
11.824,16,STA,WIFI_DROP,
11.8264,16,STA,WIFI_DROP,
11.8288,16,STA,WIFI_DROP,
11.8312,16,STA,WIFI_DROP,
11.8336,16,STA,WIFI_DROP,
11.836,16,STA,WIFI_DROP,
11.8384,16,STA,WIFI_DROP,
11.8408,16,STA,WIFI_DROP,
11.8432,16,STA,WIFI_DROP,
11.8456,16,STA,WIFI_DROP,
11.848,16,STA,WIFI_DROP,
11.8504,16,STA,WIFI_DROP,
11.8528,16,STA,WIFI_DROP,
11.8552,16,STA,WIFI_DROP,
11.8576,16,STA,WIFI_DROP,
11.86,16,STA,WIFI_DROP,
11.8624,16,STA,WIFI_DROP,
11.8648,16,STA,WIFI_DROP,
11.8672,16,STA,WIFI_DROP,
11.8696,16,STA,WIFI_DROP,
11.872,16,STA,WIFI_DROP,
11.8816,9,STA,WIFI_DROP,
11.884,9,STA,WIFI_DROP,
11.8864,9,STA,WIFI_DROP,
11.8888,9,STA,WIFI_DROP,
11.8912,9,STA,WIFI_DROP,
11.8936,9,STA,WIFI_DROP,
11.896,9,STA,WIFI_DROP,
11.8984,9,STA,WIFI_DROP,
11.9008,9,STA,WIFI_DROP,
11.9032,9,STA,WIFI_DROP,
11.9056,9,STA,WIFI_DROP,
11.908,9,STA,WIFI_DROP,
11.9104,9,STA,WIFI_DROP,
11.9128,9,STA,WIFI_DROP,
11.9152,9,STA,WIFI_DROP,
11.9176,9,STA,WIFI_DROP,
11.92,9,STA,WIFI_DROP,
11.9224,9,STA,WIFI_DROP,
11.9248,9,STA,WIFI_DROP,
11.9272,9,STA,WIFI_DROP,
11.9296,9,STA,WIFI_DROP,
11.932,9,STA,WIFI_DROP,
11.9344,9,STA,WIFI_DROP,
11.9368,9,STA,WIFI_DROP,
11.9392,9,STA,WIFI_DROP,
11.9416,9,STA,WIFI_DROP,
11.944,9,STA,WIFI_DROP,
11.9464,9,STA,WIFI_DROP,
11.9488,9,STA,WIFI_DROP,
11.9512,9,STA,WIFI_DROP,
11.9536,9,STA,WIFI_DROP,
11.956,9,STA,WIFI_DROP,
11.9584,9,STA,WIFI_DROP,
11.9608,9,STA,WIFI_DROP,
11.9632,9,STA,WIFI_DROP,
11.9656,9,STA,WIFI_DROP,
11.968,9,STA,WIFI_DROP,
11.9704,9,STA,WIFI_DROP,
11.9728,9,STA,WIFI_DROP,
11.9752,9,STA,WIFI_DROP,
11.9776,9,STA,WIFI_DROP,
11.98,9,STA,WIFI_DROP,
11.9824,9,STA,WIFI_DROP,
11.9848,9,STA,WIFI_DROP,
11.9872,9,STA,WIFI_DROP,
11.9896,9,STA,WIFI_DROP,
11.992,9,STA,WIFI_DROP,
11.9944,9,STA,WIFI_DROP,
11.9968,9,STA,WIFI_DROP,
11.9992,9,STA,WIFI_DROP,
12,3,STA,THROUGHPUT_MBPS,3.132000
12,4,STA,THROUGHPUT_MBPS,0.624000
12,5,STA,THROUGHPUT_MBPS,0.552000
12,7,STA,THROUGHPUT_MBPS,1.404000
12,8,STA,THROUGHPUT_MBPS,5.040000
12,10,STA,THROUGHPUT_MBPS,4.392000
12,12,STA,THROUGHPUT_MBPS,1.656000
12,13,STA,THROUGHPUT_MBPS,1.536000
12,15,STA,THROUGHPUT_MBPS,0.156000
12,16,STA,THROUGHPUT_MBPS,2.064000
12,20,STA,THROUGHPUT_MBPS,3.228000
12,21,STA,THROUGHPUT_MBPS,2.832000
12,1,AP,AGGREGATE_THROUGHPUT_MBPS,26.616000
12,1,AP,SENT_COUNT,8340.000000
12,1,AP,RECV_COUNT,2218.000000
12,1,AP,LATENCY_P95_MS,540.080826
12.0016,9,STA,WIFI_DROP,
12.004,9,STA,WIFI_DROP,
12.0064,9,STA,WIFI_DROP,
12.0088,9,STA,WIFI_DROP,
12.0112,9,STA,WIFI_DROP,
12.0136,9,STA,WIFI_DROP,
12.016,9,STA,WIFI_DROP,
12.0184,9,STA,WIFI_DROP,
12.0208,9,STA,WIFI_DROP,
12.0232,9,STA,WIFI_DROP,
12.0256,9,STA,WIFI_DROP,
12.028,9,STA,WIFI_DROP,
12.0304,9,STA,WIFI_DROP,
12.0328,9,STA,WIFI_DROP,
12.088,14,STA,WIFI_DROP,
12.0904,14,STA,WIFI_DROP,
12.0928,14,STA,WIFI_DROP,
12.0952,14,STA,WIFI_DROP,
12.0976,14,STA,WIFI_DROP,
12.1,14,STA,WIFI_DROP,
12.1024,14,STA,WIFI_DROP,
12.1048,14,STA,WIFI_DROP,
12.1072,14,STA,WIFI_DROP,
12.1096,14,STA,WIFI_DROP,
12.112,14,STA,WIFI_DROP,
12.1144,14,STA,WIFI_DROP,
12.1168,14,STA,WIFI_DROP,
12.1192,14,STA,WIFI_DROP,
12.1216,14,STA,WIFI_DROP,
12.124,14,STA,WIFI_DROP,
12.1264,14,STA,WIFI_DROP,
12.1288,14,STA,WIFI_DROP,
12.1312,14,STA,WIFI_DROP,
12.1336,14,STA,WIFI_DROP,
12.136,14,STA,WIFI_DROP,
12.1384,14,STA,WIFI_DROP,
12.1408,14,STA,WIFI_DROP,
12.1432,14,STA,WIFI_DROP,
12.1456,14,STA,WIFI_DROP,
12.148,14,STA,WIFI_DROP,
12.1504,14,STA,WIFI_DROP,
12.1528,14,STA,WIFI_DROP,
12.1552,14,STA,WIFI_DROP,
12.1576,14,STA,WIFI_DROP,
12.16,14,STA,WIFI_DROP,
12.1624,14,STA,WIFI_DROP,
12.1648,14,STA,WIFI_DROP,
12.1672,14,STA,WIFI_DROP,
12.1696,14,STA,WIFI_DROP,
12.172,14,STA,WIFI_DROP,
12.1744,14,STA,WIFI_DROP,
12.1768,14,STA,WIFI_DROP,
12.1792,14,STA,WIFI_DROP,
12.1816,14,STA,WIFI_DROP,
12.184,14,STA,WIFI_DROP,
12.1864,14,STA,WIFI_DROP,
12.1888,14,STA,WIFI_DROP,
12.5008,4,STA,WIFI_DROP,
12.5032,4,STA,WIFI_DROP,
12.5056,4,STA,WIFI_DROP,
12.508,4,STA,WIFI_DROP,
12.5104,4,STA,WIFI_DROP,
12.5128,4,STA,WIFI_DROP,
12.5152,4,STA,WIFI_DROP,
12.5176,4,STA,WIFI_DROP,
12.52,4,STA,WIFI_DROP,
12.5224,4,STA,WIFI_DROP,
12.5248,4,STA,WIFI_DROP,
12.5272,4,STA,WIFI_DROP,
12.5296,4,STA,WIFI_DROP,
12.532,4,STA,WIFI_DROP,
12.5344,4,STA,WIFI_DROP,
12.5368,4,STA,WIFI_DROP,
12.5392,4,STA,WIFI_DROP,
12.5416,4,STA,WIFI_DROP,
12.544,4,STA,WIFI_DROP,
12.5464,4,STA,WIFI_DROP,
12.5488,4,STA,WIFI_DROP,
12.5512,4,STA,WIFI_DROP,
12.5536,4,STA,WIFI_DROP,
12.556,4,STA,WIFI_DROP,
12.5584,4,STA,WIFI_DROP,
12.5608,4,STA,WIFI_DROP,
12.5632,4,STA,WIFI_DROP,
12.5656,4,STA,WIFI_DROP,
12.568,4,STA,WIFI_DROP,
12.5704,4,STA,WIFI_DROP,
12.5728,4,STA,WIFI_DROP,
12.5752,4,STA,WIFI_DROP,
12.5776,4,STA,WIFI_DROP,
12.58,4,STA,WIFI_DROP,
12.5824,4,STA,WIFI_DROP,
12.5848,4,STA,WIFI_DROP,
12.5872,4,STA,WIFI_DROP,
12.5896,4,STA,WIFI_DROP,
12.592,4,STA,WIFI_DROP,
12.5944,4,STA,WIFI_DROP,
12.5968,4,STA,WIFI_DROP,
12.5992,4,STA,WIFI_DROP,
12.6016,4,STA,WIFI_DROP,
12.604,4,STA,WIFI_DROP,
12.6064,4,STA,WIFI_DROP,
12.6088,4,STA,WIFI_DROP,
12.6112,4,STA,WIFI_DROP,
12.6136,4,STA,WIFI_DROP,
12.616,4,STA,WIFI_DROP,
12.6184,4,STA,WIFI_DROP,
12.6208,4,STA,WIFI_DROP,
12.6232,4,STA,WIFI_DROP,
12.6256,4,STA,WIFI_DROP,
12.628,4,STA,WIFI_DROP,
12.6304,4,STA,WIFI_DROP,
12.6328,4,STA,WIFI_DROP,
12.6352,4,STA,WIFI_DROP,
12.6376,4,STA,WIFI_DROP,
12.64,4,STA,WIFI_DROP,
12.6424,4,STA,WIFI_DROP,
12.6448,4,STA,WIFI_DROP,
12.6472,4,STA,WIFI_DROP,
12.6496,4,STA,WIFI_DROP,
12.652,4,STA,WIFI_DROP,
12.6544,4,STA,WIFI_DROP,
12.6568,4,STA,WIFI_DROP,
12.6592,4,STA,WIFI_DROP,
12.6616,4,STA,WIFI_DROP,
12.664,4,STA,WIFI_DROP,
12.6664,4,STA,WIFI_DROP,
12.6688,4,STA,WIFI_DROP,
12.6712,4,STA,WIFI_DROP,
12.6736,4,STA,WIFI_DROP,
12.676,4,STA,WIFI_DROP,
12.6784,4,STA,WIFI_DROP,
12.6808,4,STA,WIFI_DROP,
12.6832,4,STA,WIFI_DROP,
12.6856,4,STA,WIFI_DROP,
12.688,4,STA,WIFI_DROP,
12.6904,4,STA,WIFI_DROP,
12.6928,4,STA,WIFI_DROP,
12.6952,4,STA,WIFI_DROP,
12.6976,4,STA,WIFI_DROP,
12.7,4,STA,WIFI_DROP,
12.7024,4,STA,WIFI_DROP,
12.7048,3,STA,WIFI_DROP,
12.7048,4,STA,WIFI_DROP,
12.7048,5,STA,WIFI_DROP,
12.7072,3,STA,WIFI_DROP,
12.7072,4,STA,WIFI_DROP,
12.7072,5,STA,WIFI_DROP,
12.7096,3,STA,WIFI_DROP,
12.7096,4,STA,WIFI_DROP,
12.7096,5,STA,WIFI_DROP,
12.712,3,STA,WIFI_DROP,
12.712,4,STA,WIFI_DROP,
12.712,5,STA,WIFI_DROP,
12.7144,3,STA,WIFI_DROP,
12.7144,4,STA,WIFI_DROP,
12.7144,5,STA,WIFI_DROP,
12.7168,3,STA,WIFI_DROP,
12.7168,4,STA,WIFI_DROP,
12.7168,5,STA,WIFI_DROP,
12.7192,3,STA,WIFI_DROP,
12.7192,4,STA,WIFI_DROP,
12.7192,5,STA,WIFI_DROP,
12.7216,3,STA,WIFI_DROP,
12.7216,4,STA,WIFI_DROP,
12.7216,5,STA,WIFI_DROP,
12.724,3,STA,WIFI_DROP,
12.724,4,STA,WIFI_DROP,
12.724,5,STA,WIFI_DROP,
12.7264,3,STA,WIFI_DROP,
12.7264,4,STA,WIFI_DROP,
12.7264,5,STA,WIFI_DROP,
12.7288,3,STA,WIFI_DROP,
12.7288,4,STA,WIFI_DROP,
12.7288,5,STA,WIFI_DROP,
12.7312,3,STA,WIFI_DROP,
12.7312,4,STA,WIFI_DROP,
12.7312,5,STA,WIFI_DROP,
12.7336,3,STA,WIFI_DROP,
12.7336,4,STA,WIFI_DROP,
12.7336,5,STA,WIFI_DROP,
12.736,3,STA,WIFI_DROP,
12.736,4,STA,WIFI_DROP,
12.736,5,STA,WIFI_DROP,
12.7384,3,STA,WIFI_DROP,
12.7384,4,STA,WIFI_DROP,
12.7384,5,STA,WIFI_DROP,
12.7408,3,STA,WIFI_DROP,
12.7408,4,STA,WIFI_DROP,
12.7408,5,STA,WIFI_DROP,
12.7432,3,STA,WIFI_DROP,
12.7432,4,STA,WIFI_DROP,
12.7432,5,STA,WIFI_DROP,
12.7456,3,STA,WIFI_DROP,
12.7456,4,STA,WIFI_DROP,
12.7456,5,STA,WIFI_DROP,
12.748,3,STA,WIFI_DROP,
12.748,4,STA,WIFI_DROP,
12.748,5,STA,WIFI_DROP,
12.7504,3,STA,WIFI_DROP,
12.7504,4,STA,WIFI_DROP,
12.7504,5,STA,WIFI_DROP,
12.7528,3,STA,WIFI_DROP,
12.7528,4,STA,WIFI_DROP,
12.7528,5,STA,WIFI_DROP,
12.7552,3,STA,WIFI_DROP,
12.7552,4,STA,WIFI_DROP,
12.7552,5,STA,WIFI_DROP,
12.7576,4,STA,WIFI_DROP,
12.7576,5,STA,WIFI_DROP,
12.76,4,STA,WIFI_DROP,
12.7624,4,STA,WIFI_DROP,
12.7648,4,STA,WIFI_DROP,
12.7672,4,STA,WIFI_DROP,
12.7696,4,STA,WIFI_DROP,
12.772,4,STA,WIFI_DROP,
12.7744,4,STA,WIFI_DROP,
12.7768,4,STA,WIFI_DROP,
12.7792,4,STA,WIFI_DROP,
12.7816,4,STA,WIFI_DROP,
12.784,4,STA,WIFI_DROP,
12.7864,4,STA,WIFI_DROP,
12.7888,4,STA,WIFI_DROP,
12.7912,4,STA,WIFI_DROP,
12.7936,4,STA,WIFI_DROP,
12.796,4,STA,WIFI_DROP,
12.7984,4,STA,WIFI_DROP,
12.8008,4,STA,WIFI_DROP,
12.8032,4,STA,WIFI_DROP,
12.8056,4,STA,WIFI_DROP,
12.808,4,STA,WIFI_DROP,
12.8104,4,STA,WIFI_DROP,
12.8128,4,STA,WIFI_DROP,
12.8152,4,STA,WIFI_DROP,
12.8176,4,STA,WIFI_DROP,
12.82,4,STA,WIFI_DROP,
12.8224,4,STA,WIFI_DROP,
12.8248,4,STA,WIFI_DROP,
12.8272,4,STA,WIFI_DROP,
12.8296,4,STA,WIFI_DROP,
12.832,4,STA,WIFI_DROP,
12.8344,4,STA,WIFI_DROP,
12.8368,4,STA,WIFI_DROP,
12.8392,4,STA,WIFI_DROP,
12.8416,4,STA,WIFI_DROP,
12.844,4,STA,WIFI_DROP,
12.8464,4,STA,WIFI_DROP,
12.8488,4,STA,WIFI_DROP,
12.8512,4,STA,WIFI_DROP,
12.8536,4,STA,WIFI_DROP,
12.856,4,STA,WIFI_DROP,
12.8584,4,STA,WIFI_DROP,
12.8608,4,STA,WIFI_DROP,
12.8632,4,STA,WIFI_DROP,
12.8656,4,STA,WIFI_DROP,
12.868,4,STA,WIFI_DROP,
12.8704,4,STA,WIFI_DROP,
12.8728,4,STA,WIFI_DROP,
12.8752,4,STA,WIFI_DROP,
12.8776,4,STA,WIFI_DROP,
12.88,4,STA,WIFI_DROP,
12.8824,4,STA,WIFI_DROP,
12.8848,4,STA,WIFI_DROP,
12.8872,4,STA,WIFI_DROP,
12.8896,4,STA,WIFI_DROP,
12.892,4,STA,WIFI_DROP,
12.8944,4,STA,WIFI_DROP,
12.8968,4,STA,WIFI_DROP,
12.8992,4,STA,WIFI_DROP,
12.9016,4,STA,WIFI_DROP,
12.904,4,STA,WIFI_DROP,
12.9064,4,STA,WIFI_DROP,
12.9088,4,STA,WIFI_DROP,
12.9112,4,STA,WIFI_DROP,
12.9136,4,STA,WIFI_DROP,
12.916,4,STA,WIFI_DROP,
12.9184,4,STA,WIFI_DROP,
12.9208,4,STA,WIFI_DROP,
12.9232,4,STA,WIFI_DROP,
12.9256,4,STA,WIFI_DROP,
12.928,4,STA,WIFI_DROP,
12.9304,4,STA,WIFI_DROP,
12.9328,4,STA,WIFI_DROP,
12.9352,4,STA,WIFI_DROP,
12.9376,4,STA,WIFI_DROP,
12.94,4,STA,WIFI_DROP,
12.9424,4,STA,WIFI_DROP,
12.9448,4,STA,WIFI_DROP,
12.9472,4,STA,WIFI_DROP,
12.9496,4,STA,WIFI_DROP,
12.952,4,STA,WIFI_DROP,
12.9544,4,STA,WIFI_DROP,
12.9568,4,STA,WIFI_DROP,
12.9592,4,STA,WIFI_DROP,
12.9616,4,STA,WIFI_DROP,
12.964,4,STA,WIFI_DROP,
12.9664,4,STA,WIFI_DROP,
12.9688,4,STA,WIFI_DROP,
12.9712,4,STA,WIFI_DROP,
12.9736,4,STA,WIFI_DROP,
12.976,4,STA,WIFI_DROP,
12.9784,4,STA,WIFI_DROP,
12.9808,4,STA,WIFI_DROP,
12.9832,4,STA,WIFI_DROP,
12.9856,4,STA,WIFI_DROP,
12.988,4,STA,WIFI_DROP,
12.9904,4,STA,WIFI_DROP,
12.9928,4,STA,WIFI_DROP,
12.9952,4,STA,WIFI_DROP,
12.9976,4,STA,WIFI_DROP,
13,3,STA,THROUGHPUT_MBPS,2.952000
13,4,STA,THROUGHPUT_MBPS,1.164000
13,5,STA,THROUGHPUT_MBPS,1.764000
13,7,STA,THROUGHPUT_MBPS,3.492000
13,8,STA,THROUGHPUT_MBPS,2.412000
13,9,STA,THROUGHPUT_MBPS,1.740000
13,10,STA,THROUGHPUT_MBPS,1.680000
13,12,STA,THROUGHPUT_MBPS,2.388000
13,13,STA,THROUGHPUT_MBPS,2.064000
13,14,STA,THROUGHPUT_MBPS,2.916000
13,15,STA,THROUGHPUT_MBPS,1.980000
13,16,STA,THROUGHPUT_MBPS,1.704000
13,20,STA,THROUGHPUT_MBPS,1.260000
13,21,STA,THROUGHPUT_MBPS,1.896000
13,1,AP,AGGREGATE_THROUGHPUT_MBPS,29.412000
13,1,AP,SENT_COUNT,8320.000000
13,1,AP,RECV_COUNT,2451.000000
13,1,AP,LATENCY_P95_MS,545.629568
13,4,STA,WIFI_DROP,
13.0024,4,STA,WIFI_DROP,
13.0048,4,STA,WIFI_DROP,
13.0072,4,STA,WIFI_DROP,
13.0096,4,STA,WIFI_DROP,
13.012,4,STA,WIFI_DROP,
13.0144,4,STA,WIFI_DROP,
13.0168,4,STA,WIFI_DROP,
13.0192,4,STA,WIFI_DROP,
13.0216,4,STA,WIFI_DROP,
13.024,4,STA,WIFI_DROP,
13.0264,4,STA,WIFI_DROP,
13.0288,4,STA,WIFI_DROP,
13.0312,4,STA,WIFI_DROP,
13.0336,4,STA,WIFI_DROP,
13.036,4,STA,WIFI_DROP,
13.0384,4,STA,WIFI_DROP,
13.0408,4,STA,WIFI_DROP,
13.0432,4,STA,WIFI_DROP,
13.0456,4,STA,WIFI_DROP,
13.048,4,STA,WIFI_DROP,
13.0504,4,STA,WIFI_DROP,
13.1152,13,STA,WIFI_DROP,
13.1176,13,STA,WIFI_DROP,
13.12,13,STA,WIFI_DROP,
13.1224,13,STA,WIFI_DROP,
13.1248,13,STA,WIFI_DROP,
13.1272,13,STA,WIFI_DROP,
13.1296,13,STA,WIFI_DROP,
13.132,13,STA,WIFI_DROP,
13.1344,13,STA,WIFI_DROP,
13.1368,13,STA,WIFI_DROP,
13.1392,13,STA,WIFI_DROP,
13.1416,13,STA,WIFI_DROP,
13.144,13,STA,WIFI_DROP,
13.1464,13,STA,WIFI_DROP,
13.1488,13,STA,WIFI_DROP,
13.1512,13,STA,WIFI_DROP,
13.1536,13,STA,WIFI_DROP,
13.156,13,STA,WIFI_DROP,
13.1584,13,STA,WIFI_DROP,
13.1608,13,STA,WIFI_DROP,
13.1632,13,STA,WIFI_DROP,
13.1656,13,STA,WIFI_DROP,
13.168,13,STA,WIFI_DROP,
13.1704,13,STA,WIFI_DROP,
13.1728,13,STA,WIFI_DROP,
13.1752,13,STA,WIFI_DROP,
13.1776,13,STA,WIFI_DROP,
13.18,13,STA,WIFI_DROP,
13.1824,13,STA,WIFI_DROP,
13.1848,13,STA,WIFI_DROP,
13.1872,13,STA,WIFI_DROP,
13.1896,13,STA,WIFI_DROP,
13.192,13,STA,WIFI_DROP,
13.1944,13,STA,WIFI_DROP,
13.1968,13,STA,WIFI_DROP,
13.1992,13,STA,WIFI_DROP,
13.2016,13,STA,WIFI_DROP,
13.204,13,STA,WIFI_DROP,
13.2064,13,STA,WIFI_DROP,
13.2088,13,STA,WIFI_DROP,
13.2112,13,STA,WIFI_DROP,
13.2136,13,STA,WIFI_DROP,
13.216,13,STA,WIFI_DROP,
13.2184,13,STA,WIFI_DROP,
13.2208,13,STA,WIFI_DROP,
13.2232,13,STA,WIFI_DROP,
13.2256,13,STA,WIFI_DROP,
13.228,13,STA,WIFI_DROP,
13.2304,13,STA,WIFI_DROP,
13.2328,13,STA,WIFI_DROP,
13.2352,13,STA,WIFI_DROP,
13.2376,13,STA,WIFI_DROP,
13.24,13,STA,WIFI_DROP,
13.2424,13,STA,WIFI_DROP,
13.2448,13,STA,WIFI_DROP,
13.2472,13,STA,WIFI_DROP,
13.2496,13,STA,WIFI_DROP,
13.252,13,STA,WIFI_DROP,
13.2544,13,STA,WIFI_DROP,
13.2568,13,STA,WIFI_DROP,
13.2592,13,STA,WIFI_DROP,
13.2616,13,STA,WIFI_DROP,
13.264,13,STA,WIFI_DROP,
13.2664,13,STA,WIFI_DROP,
13.2688,13,STA,WIFI_DROP,
13.2712,13,STA,WIFI_DROP,
13.2736,13,STA,WIFI_DROP,
13.276,13,STA,WIFI_DROP,
13.2784,13,STA,WIFI_DROP,
13.2808,13,STA,WIFI_DROP,
13.2832,13,STA,WIFI_DROP,
13.2856,13,STA,WIFI_DROP,
13.288,13,STA,WIFI_DROP,
13.2904,13,STA,WIFI_DROP,
13.2928,13,STA,WIFI_DROP,
13.2952,13,STA,WIFI_DROP,
13.2976,13,STA,WIFI_DROP,
13.3,13,STA,WIFI_DROP,
13.3024,13,STA,WIFI_DROP,
13.3048,13,STA,WIFI_DROP,
13.3072,13,STA,WIFI_DROP,
13.3096,13,STA,WIFI_DROP,
13.312,13,STA,WIFI_DROP,
13.3144,13,STA,WIFI_DROP,
13.3168,13,STA,WIFI_DROP,
13.3192,13,STA,WIFI_DROP,
13.3216,13,STA,WIFI_DROP,
13.324,13,STA,WIFI_DROP,
13.3264,13,STA,WIFI_DROP,
13.3288,13,STA,WIFI_DROP,
13.3312,13,STA,WIFI_DROP,
13.3336,13,STA,WIFI_DROP,
13.336,13,STA,WIFI_DROP,
13.3384,13,STA,WIFI_DROP,
13.3408,13,STA,WIFI_DROP,
13.3432,13,STA,WIFI_DROP,
13.3456,13,STA,WIFI_DROP,
13.348,13,STA,WIFI_DROP,
13.3504,13,STA,WIFI_DROP,
13.3528,13,STA,WIFI_DROP,
13.3552,13,STA,WIFI_DROP,
13.3576,13,STA,WIFI_DROP,
13.36,13,STA,WIFI_DROP,
13.3624,13,STA,WIFI_DROP,
13.3648,13,STA,WIFI_DROP,
13.3672,13,STA,WIFI_DROP,
13.3696,13,STA,WIFI_DROP,
13.372,13,STA,WIFI_DROP,
13.3744,13,STA,WIFI_DROP,
13.3768,13,STA,WIFI_DROP,
13.3792,13,STA,WIFI_DROP,
13.3816,13,STA,WIFI_DROP,
13.384,13,STA,WIFI_DROP,
13.3864,13,STA,WIFI_DROP,
13.3888,13,STA,WIFI_DROP,
13.3912,13,STA,WIFI_DROP,
13.3936,13,STA,WIFI_DROP,
13.396,13,STA,WIFI_DROP,
13.3984,13,STA,WIFI_DROP,
13.4008,13,STA,WIFI_DROP,
13.4032,13,STA,WIFI_DROP,
13.4056,13,STA,WIFI_DROP,
13.408,13,STA,WIFI_DROP,
13.4104,13,STA,WIFI_DROP,
13.4128,13,STA,WIFI_DROP,
13.4152,13,STA,WIFI_DROP,
13.4176,13,STA,WIFI_DROP,
13.42,13,STA,WIFI_DROP,
13.4224,13,STA,WIFI_DROP,
13.4248,13,STA,WIFI_DROP,
13.4272,13,STA,WIFI_DROP,
13.4296,13,STA,WIFI_DROP,
13.432,13,STA,WIFI_DROP,
13.4344,13,STA,WIFI_DROP,
13.4368,13,STA,WIFI_DROP,
13.4392,13,STA,WIFI_DROP,
13.4416,13,STA,WIFI_DROP,
13.444,13,STA,WIFI_DROP,
13.4464,13,STA,WIFI_DROP,
13.4488,13,STA,WIFI_DROP,
13.4512,13,STA,WIFI_DROP,
13.4536,13,STA,WIFI_DROP,
13.456,13,STA,WIFI_DROP,
13.4584,13,STA,WIFI_DROP,
13.4608,13,STA,WIFI_DROP,
13.4632,13,STA,WIFI_DROP,
13.4656,13,STA,WIFI_DROP,
13.468,13,STA,WIFI_DROP,
13.624,10,STA,WIFI_DROP,
13.624,11,STA,WIFI_DROP,
13.6264,10,STA,WIFI_DROP,
13.6264,11,STA,WIFI_DROP,
13.6288,10,STA,WIFI_DROP,
13.6288,11,STA,WIFI_DROP,
13.6312,10,STA,WIFI_DROP,
13.6312,11,STA,WIFI_DROP,
13.6336,10,STA,WIFI_DROP,
13.6336,11,STA,WIFI_DROP,
13.636,10,STA,WIFI_DROP,
13.636,11,STA,WIFI_DROP,
13.6384,10,STA,WIFI_DROP,
13.6384,11,STA,WIFI_DROP,
13.6408,10,STA,WIFI_DROP,
13.6408,11,STA,WIFI_DROP,
13.6432,10,STA,WIFI_DROP,
13.6432,11,STA,WIFI_DROP,
13.6456,10,STA,WIFI_DROP,
13.6456,11,STA,WIFI_DROP,
13.648,10,STA,WIFI_DROP,
13.648,11,STA,WIFI_DROP,
13.6504,10,STA,WIFI_DROP,
13.6504,11,STA,WIFI_DROP,
13.6528,10,STA,WIFI_DROP,
13.6528,11,STA,WIFI_DROP,
13.6552,10,STA,WIFI_DROP,
13.6552,11,STA,WIFI_DROP,
13.6576,10,STA,WIFI_DROP,
13.6576,11,STA,WIFI_DROP,
13.66,10,STA,WIFI_DROP,
13.66,11,STA,WIFI_DROP,
13.6624,10,STA,WIFI_DROP,
13.6624,11,STA,WIFI_DROP,
13.6648,10,STA,WIFI_DROP,
13.6648,11,STA,WIFI_DROP,
13.6672,10,STA,WIFI_DROP,
13.6672,11,STA,WIFI_DROP,
13.6696,10,STA,WIFI_DROP,
13.6696,11,STA,WIFI_DROP,
13.672,10,STA,WIFI_DROP,
13.672,11,STA,WIFI_DROP,
13.6744,10,STA,WIFI_DROP,
13.6744,11,STA,WIFI_DROP,
13.6768,10,STA,WIFI_DROP,
13.6768,11,STA,WIFI_DROP,
13.6792,10,STA,WIFI_DROP,
13.6792,11,STA,WIFI_DROP,
13.6816,10,STA,WIFI_DROP,
13.6816,11,STA,WIFI_DROP,
13.684,10,STA,WIFI_DROP,
13.684,11,STA,WIFI_DROP,
13.6864,10,STA,WIFI_DROP,
13.6864,11,STA,WIFI_DROP,
13.6888,10,STA,WIFI_DROP,
13.6888,11,STA,WIFI_DROP,
13.6912,10,STA,WIFI_DROP,
13.6912,11,STA,WIFI_DROP,
13.6936,10,STA,WIFI_DROP,
13.6936,11,STA,WIFI_DROP,
13.696,10,STA,WIFI_DROP,
13.696,11,STA,WIFI_DROP,
13.6984,10,STA,WIFI_DROP,
13.6984,11,STA,WIFI_DROP,
13.7008,10,STA,WIFI_DROP,
13.7008,11,STA,WIFI_DROP,
13.7032,10,STA,WIFI_DROP,
13.7032,11,STA,WIFI_DROP,
13.7056,10,STA,WIFI_DROP,
13.7056,11,STA,WIFI_DROP,
13.708,10,STA,WIFI_DROP,
13.708,11,STA,WIFI_DROP,
13.7104,10,STA,WIFI_DROP,
13.7104,11,STA,WIFI_DROP,
13.7128,10,STA,WIFI_DROP,
13.7128,11,STA,WIFI_DROP,
13.7152,10,STA,WIFI_DROP,
13.7152,11,STA,WIFI_DROP,
13.7176,10,STA,WIFI_DROP,
13.7176,11,STA,WIFI_DROP,
13.72,10,STA,WIFI_DROP,
13.72,11,STA,WIFI_DROP,
13.7224,10,STA,WIFI_DROP,
13.7224,11,STA,WIFI_DROP,
13.7248,10,STA,WIFI_DROP,
13.7248,11,STA,WIFI_DROP,
13.7272,11,STA,WIFI_DROP,
13.7296,11,STA,WIFI_DROP,
13.732,11,STA,WIFI_DROP,
13.7344,11,STA,WIFI_DROP,
13.7368,11,STA,WIFI_DROP,
13.7392,11,STA,WIFI_DROP,
13.7416,11,STA,WIFI_DROP,
13.744,11,STA,WIFI_DROP,
13.7464,11,STA,WIFI_DROP,
13.7488,11,STA,WIFI_DROP,
13.7512,11,STA,WIFI_DROP,
13.7536,11,STA,WIFI_DROP,
13.756,11,STA,WIFI_DROP,
13.7584,11,STA,WIFI_DROP,
13.7608,11,STA,WIFI_DROP,
13.7632,11,STA,WIFI_DROP,
13.7656,11,STA,WIFI_DROP,
13.768,11,STA,WIFI_DROP,
13.7704,11,STA,WIFI_DROP,
13.7728,11,STA,WIFI_DROP,
13.7752,11,STA,WIFI_DROP,
13.7776,11,STA,WIFI_DROP,
13.78,11,STA,WIFI_DROP,
13.7824,11,STA,WIFI_DROP,
13.7848,11,STA,WIFI_DROP,
13.7872,11,STA,WIFI_DROP,
13.7896,11,STA,WIFI_DROP,
13.792,11,STA,WIFI_DROP,
13.7944,11,STA,WIFI_DROP,
13.7968,11,STA,WIFI_DROP,
13.7992,11,STA,WIFI_DROP,
13.8016,11,STA,WIFI_DROP,
13.804,11,STA,WIFI_DROP,
13.8064,11,STA,WIFI_DROP,
13.8088,11,STA,WIFI_DROP,
13.8112,11,STA,WIFI_DROP,
13.8136,11,STA,WIFI_DROP,
13.816,11,STA,WIFI_DROP,
13.8184,11,STA,WIFI_DROP,
13.8208,11,STA,WIFI_DROP,
13.8232,11,STA,WIFI_DROP,
13.8256,11,STA,WIFI_DROP,
13.828,11,STA,WIFI_DROP,
13.8304,11,STA,WIFI_DROP,
13.8328,11,STA,WIFI_DROP,
13.8352,11,STA,WIFI_DROP,
13.8376,11,STA,WIFI_DROP,
13.84,11,STA,WIFI_DROP,
13.8424,11,STA,WIFI_DROP,
13.8448,11,STA,WIFI_DROP,
13.8472,11,STA,WIFI_DROP,
13.8496,11,STA,WIFI_DROP,
13.852,11,STA,WIFI_DROP,
13.8544,11,STA,WIFI_DROP,
13.8568,11,STA,WIFI_DROP,
13.8592,11,STA,WIFI_DROP,
13.8616,11,STA,WIFI_DROP,
13.864,11,STA,WIFI_DROP,
13.8664,11,STA,WIFI_DROP,
13.8688,11,STA,WIFI_DROP,
13.8712,11,STA,WIFI_DROP,
13.8736,11,STA,WIFI_DROP,
13.876,11,STA,WIFI_DROP,
13.8784,11,STA,WIFI_DROP,
13.8808,11,STA,WIFI_DROP,
13.8832,11,STA,WIFI_DROP,
13.8856,11,STA,WIFI_DROP,
13.888,11,STA,WIFI_DROP,
13.8904,11,STA,WIFI_DROP,
13.8928,11,STA,WIFI_DROP,
13.8952,11,STA,WIFI_DROP,
13.8976,11,STA,WIFI_DROP,
13.9,11,STA,WIFI_DROP,
13.9024,11,STA,WIFI_DROP,
13.9048,11,STA,WIFI_DROP,
13.9072,11,STA,WIFI_DROP,
13.9096,11,STA,WIFI_DROP,
13.912,11,STA,WIFI_DROP,
13.9144,11,STA,WIFI_DROP,
13.9168,11,STA,WIFI_DROP,
13.9192,11,STA,WIFI_DROP,
13.9216,11,STA,WIFI_DROP,
13.924,11,STA,WIFI_DROP,
13.9264,11,STA,WIFI_DROP,
13.9288,11,STA,WIFI_DROP,
13.9312,11,STA,WIFI_DROP,
13.9336,11,STA,WIFI_DROP,
13.936,11,STA,WIFI_DROP,
13.9384,11,STA,WIFI_DROP,
13.9408,11,STA,WIFI_DROP,
13.9432,11,STA,WIFI_DROP,
13.9456,11,STA,WIFI_DROP,
13.948,11,STA,WIFI_DROP,
13.9504,11,STA,WIFI_DROP,
13.9528,11,STA,WIFI_DROP,
13.9552,11,STA,WIFI_DROP,
13.9576,11,STA,WIFI_DROP,
13.96,11,STA,WIFI_DROP,
13.9624,11,STA,WIFI_DROP,
13.9648,11,STA,WIFI_DROP,
13.9672,11,STA,WIFI_DROP,
13.9696,11,STA,WIFI_DROP,
13.972,11,STA,WIFI_DROP,
13.9744,11,STA,WIFI_DROP,
13.9768,11,STA,WIFI_DROP,
13.9792,11,STA,WIFI_DROP,
13.9816,11,STA,WIFI_DROP,
13.984,11,STA,WIFI_DROP,
13.9864,11,STA,WIFI_DROP,
13.9888,11,STA,WIFI_DROP,
13.9912,11,STA,WIFI_DROP,
13.9936,11,STA,WIFI_DROP,
13.996,11,STA,WIFI_DROP,
13.9984,11,STA,WIFI_DROP,
14,3,STA,THROUGHPUT_MBPS,2.184000
14,4,STA,THROUGHPUT_MBPS,2.736000
14,5,STA,THROUGHPUT_MBPS,0.756000
14,7,STA,THROUGHPUT_MBPS,1.716000
14,8,STA,THROUGHPUT_MBPS,2.400000
14,9,STA,THROUGHPUT_MBPS,1.680000
14,10,STA,THROUGHPUT_MBPS,1.944000
14,12,STA,THROUGHPUT_MBPS,1.080000
14,13,STA,THROUGHPUT_MBPS,0.216000
14,14,STA,THROUGHPUT_MBPS,2.412000
14,16,STA,THROUGHPUT_MBPS,0.828000
14,20,STA,THROUGHPUT_MBPS,1.884000
14,21,STA,THROUGHPUT_MBPS,1.536000
14,1,AP,AGGREGATE_THROUGHPUT_MBPS,21.372000
14,1,AP,SENT_COUNT,8340.000000
14,1,AP,RECV_COUNT,1781.000000
14,1,AP,LATENCY_P95_MS,550.759218
14.0008,11,STA,WIFI_DROP,
14.0032,11,STA,WIFI_DROP,
14.0056,11,STA,WIFI_DROP,
14.008,11,STA,WIFI_DROP,
14.0104,11,STA,WIFI_DROP,
14.0128,11,STA,WIFI_DROP,
14.0152,11,STA,WIFI_DROP,
14.0176,11,STA,WIFI_DROP,
14.02,11,STA,WIFI_DROP,
14.0224,11,STA,WIFI_DROP,
14.0248,11,STA,WIFI_DROP,
14.0272,11,STA,WIFI_DROP,
14.0296,11,STA,WIFI_DROP,
14.032,11,STA,WIFI_DROP,
14.0344,11,STA,WIFI_DROP,
14.0368,11,STA,WIFI_DROP,
14.0392,11,STA,WIFI_DROP,
14.0416,11,STA,WIFI_DROP,
14.044,11,STA,WIFI_DROP,
14.0464,11,STA,WIFI_DROP,
14.0488,11,STA,WIFI_DROP,
14.0512,11,STA,WIFI_DROP,
14.0536,11,STA,WIFI_DROP,
14.056,11,STA,WIFI_DROP,
14.0584,11,STA,WIFI_DROP,
14.0608,11,STA,WIFI_DROP,
14.0632,11,STA,WIFI_DROP,
14.0656,11,STA,WIFI_DROP,
14.068,11,STA,WIFI_DROP,
14.0704,11,STA,WIFI_DROP,
14.0728,11,STA,WIFI_DROP,
14.0752,11,STA,WIFI_DROP,
14.0776,11,STA,WIFI_DROP,
14.08,11,STA,WIFI_DROP,
14.0824,11,STA,WIFI_DROP,
14.0848,11,STA,WIFI_DROP,
14.0872,11,STA,WIFI_DROP,
14.0896,11,STA,WIFI_DROP,
14.092,11,STA,WIFI_DROP,
14.0944,11,STA,WIFI_DROP,
14.0968,11,STA,WIFI_DROP,
14.0992,11,STA,WIFI_DROP,
14.1016,11,STA,WIFI_DROP,
14.104,11,STA,WIFI_DROP,
14.1064,11,STA,WIFI_DROP,
14.1088,11,STA,WIFI_DROP,
14.1112,11,STA,WIFI_DROP,
14.1136,11,STA,WIFI_DROP,
14.116,11,STA,WIFI_DROP,
14.1184,11,STA,WIFI_DROP,
14.1208,11,STA,WIFI_DROP,
14.1232,11,STA,WIFI_DROP,
14.1256,11,STA,WIFI_DROP,
14.128,11,STA,WIFI_DROP,
14.1304,11,STA,WIFI_DROP,
14.1328,11,STA,WIFI_DROP,
14.1352,11,STA,WIFI_DROP,
14.1352,17,STA,WIFI_DROP,
14.1376,11,STA,WIFI_DROP,
14.1376,17,STA,WIFI_DROP,
14.14,11,STA,WIFI_DROP,
14.14,17,STA,WIFI_DROP,
14.1424,11,STA,WIFI_DROP,
14.1424,17,STA,WIFI_DROP,
14.1448,11,STA,WIFI_DROP,
14.1448,17,STA,WIFI_DROP,
14.1472,11,STA,WIFI_DROP,
14.1472,17,STA,WIFI_DROP,
14.1496,11,STA,WIFI_DROP,
14.1496,17,STA,WIFI_DROP,
14.152,11,STA,WIFI_DROP,
14.152,17,STA,WIFI_DROP,
14.1544,11,STA,WIFI_DROP,
14.1544,17,STA,WIFI_DROP,
14.1568,11,STA,WIFI_DROP,
14.1568,17,STA,WIFI_DROP,
14.1592,11,STA,WIFI_DROP,
14.1592,17,STA,WIFI_DROP,
14.1616,11,STA,WIFI_DROP,
14.1616,17,STA,WIFI_DROP,
14.164,11,STA,WIFI_DROP,
14.164,17,STA,WIFI_DROP,
14.1664,11,STA,WIFI_DROP,
14.1664,17,STA,WIFI_DROP,
14.1688,11,STA,WIFI_DROP,
14.1688,17,STA,WIFI_DROP,
14.1712,11,STA,WIFI_DROP,
14.1712,17,STA,WIFI_DROP,
14.1736,11,STA,WIFI_DROP,
14.1736,17,STA,WIFI_DROP,
14.176,11,STA,WIFI_DROP,
14.176,17,STA,WIFI_DROP,
14.1784,11,STA,WIFI_DROP,
14.1784,17,STA,WIFI_DROP,
14.1808,11,STA,WIFI_DROP,
14.1808,17,STA,WIFI_DROP,
14.1832,11,STA,WIFI_DROP,
14.1832,17,STA,WIFI_DROP,
14.1856,11,STA,WIFI_DROP,
14.1856,17,STA,WIFI_DROP,
14.188,11,STA,WIFI_DROP,
14.188,17,STA,WIFI_DROP,
14.1904,11,STA,WIFI_DROP,
14.1904,17,STA,WIFI_DROP,
14.1928,11,STA,WIFI_DROP,
14.1928,17,STA,WIFI_DROP,
14.1952,11,STA,WIFI_DROP,
14.1952,17,STA,WIFI_DROP,
14.1976,11,STA,WIFI_DROP,
14.1976,17,STA,WIFI_DROP,
14.2,11,STA,WIFI_DROP,
14.2,17,STA,WIFI_DROP,
14.2024,11,STA,WIFI_DROP,
14.2024,17,STA,WIFI_DROP,
14.2048,11,STA,WIFI_DROP,
14.2048,17,STA,WIFI_DROP,
14.2072,11,STA,WIFI_DROP,
14.2072,17,STA,WIFI_DROP,
14.2096,11,STA,WIFI_DROP,
14.2096,17,STA,WIFI_DROP,
14.212,11,STA,WIFI_DROP,
14.212,17,STA,WIFI_DROP,
14.2144,11,STA,WIFI_DROP,
14.2144,17,STA,WIFI_DROP,
14.2168,11,STA,WIFI_DROP,
14.2168,17,STA,WIFI_DROP,
14.2192,11,STA,WIFI_DROP,
14.2192,17,STA,WIFI_DROP,
14.2216,11,STA,WIFI_DROP,
14.2216,17,STA,WIFI_DROP,
14.224,11,STA,WIFI_DROP,
14.224,17,STA,WIFI_DROP,
14.2264,11,STA,WIFI_DROP,
14.2264,17,STA,WIFI_DROP,
14.2288,11,STA,WIFI_DROP,
14.2288,17,STA,WIFI_DROP,
14.2312,11,STA,WIFI_DROP,
14.2312,17,STA,WIFI_DROP,
14.2336,11,STA,WIFI_DROP,
14.2336,17,STA,WIFI_DROP,
14.236,11,STA,WIFI_DROP,
14.236,17,STA,WIFI_DROP,
14.2384,11,STA,WIFI_DROP,
14.2408,11,STA,WIFI_DROP,
14.2432,11,STA,WIFI_DROP,
14.2456,11,STA,WIFI_DROP,
14.248,11,STA,WIFI_DROP,
14.2504,11,STA,WIFI_DROP,
14.2528,11,STA,WIFI_DROP,
14.2552,11,STA,WIFI_DROP,
14.2576,11,STA,WIFI_DROP,
14.26,11,STA,WIFI_DROP,
14.2624,11,STA,WIFI_DROP,
14.2648,11,STA,WIFI_DROP,
14.2672,11,STA,WIFI_DROP,
14.2696,11,STA,WIFI_DROP,
14.272,11,STA,WIFI_DROP,
14.2744,11,STA,WIFI_DROP,
14.2768,11,STA,WIFI_DROP,
14.2792,11,STA,WIFI_DROP,
14.2816,11,STA,WIFI_DROP,
14.284,11,STA,WIFI_DROP,
14.2864,11,STA,WIFI_DROP,
14.2888,11,STA,WIFI_DROP,
14.2912,11,STA,WIFI_DROP,
14.2936,11,STA,WIFI_DROP,
14.296,11,STA,WIFI_DROP,
14.2984,11,STA,WIFI_DROP,
14.3008,11,STA,WIFI_DROP,
14.3032,11,STA,WIFI_DROP,
14.3056,11,STA,WIFI_DROP,
14.308,11,STA,WIFI_DROP,
14.3104,11,STA,WIFI_DROP,
14.3128,11,STA,WIFI_DROP,
14.3152,11,STA,WIFI_DROP,
14.3176,11,STA,WIFI_DROP,
14.32,11,STA,WIFI_DROP,
14.3224,11,STA,WIFI_DROP,
14.3248,11,STA,WIFI_DROP,
14.3272,11,STA,WIFI_DROP,
14.3296,11,STA,WIFI_DROP,
14.332,11,STA,WIFI_DROP,
14.3344,11,STA,WIFI_DROP,
14.3368,11,STA,WIFI_DROP,
14.3392,11,STA,WIFI_DROP,
14.3416,11,STA,WIFI_DROP,
14.344,11,STA,WIFI_DROP,
14.3464,11,STA,WIFI_DROP,
14.3488,11,STA,WIFI_DROP,
14.3512,11,STA,WIFI_DROP,
14.3536,11,STA,WIFI_DROP,
14.356,11,STA,WIFI_DROP,
14.3584,11,STA,WIFI_DROP,
14.3608,11,STA,WIFI_DROP,
14.3632,11,STA,WIFI_DROP,
14.3656,11,STA,WIFI_DROP,
14.368,11,STA,WIFI_DROP,
14.3704,11,STA,WIFI_DROP,
14.3728,11,STA,WIFI_DROP,
14.3752,11,STA,WIFI_DROP,
14.3776,11,STA,WIFI_DROP,
14.38,11,STA,WIFI_DROP,
14.3824,11,STA,WIFI_DROP,
14.3848,11,STA,WIFI_DROP,
14.3872,11,STA,WIFI_DROP,
14.3896,11,STA,WIFI_DROP,
14.392,11,STA,WIFI_DROP,
14.3944,11,STA,WIFI_DROP,
14.3968,11,STA,WIFI_DROP,
14.3992,11,STA,WIFI_DROP,
14.4016,11,STA,WIFI_DROP,
14.404,11,STA,WIFI_DROP,
14.4064,11,STA,WIFI_DROP,
14.4088,11,STA,WIFI_DROP,
14.4112,11,STA,WIFI_DROP,
14.4136,11,STA,WIFI_DROP,
14.416,11,STA,WIFI_DROP,
14.4184,11,STA,WIFI_DROP,
14.4208,11,STA,WIFI_DROP,
14.4232,11,STA,WIFI_DROP,
14.4256,11,STA,WIFI_DROP,
14.4424,15,STA,WIFI_DROP,
14.4448,15,STA,WIFI_DROP,
14.4472,15,STA,WIFI_DROP,
14.4496,15,STA,WIFI_DROP,
14.452,15,STA,WIFI_DROP,
14.4544,15,STA,WIFI_DROP,
14.4568,15,STA,WIFI_DROP,
14.4592,15,STA,WIFI_DROP,
14.4616,15,STA,WIFI_DROP,
14.464,15,STA,WIFI_DROP,
14.4664,15,STA,WIFI_DROP,
14.4688,15,STA,WIFI_DROP,
14.4712,15,STA,WIFI_DROP,
14.4736,15,STA,WIFI_DROP,
14.476,15,STA,WIFI_DROP,
14.4784,15,STA,WIFI_DROP,
14.4808,15,STA,WIFI_DROP,
14.4832,15,STA,WIFI_DROP,
14.4856,15,STA,WIFI_DROP,
14.488,15,STA,WIFI_DROP,
14.4904,15,STA,WIFI_DROP,
14.4928,15,STA,WIFI_DROP,
14.4952,15,STA,WIFI_DROP,
14.4976,15,STA,WIFI_DROP,
14.5,15,STA,WIFI_DROP,
14.5024,15,STA,WIFI_DROP,
14.5048,15,STA,WIFI_DROP,
14.5072,15,STA,WIFI_DROP,
14.5096,15,STA,WIFI_DROP,
14.512,15,STA,WIFI_DROP,
14.5144,15,STA,WIFI_DROP,
14.5168,15,STA,WIFI_DROP,
14.5192,15,STA,WIFI_DROP,
14.5216,15,STA,WIFI_DROP,
14.524,15,STA,WIFI_DROP,
14.5264,15,STA,WIFI_DROP,
14.5288,15,STA,WIFI_DROP,
14.5312,15,STA,WIFI_DROP,
14.5336,15,STA,WIFI_DROP,
14.536,15,STA,WIFI_DROP,
14.5384,15,STA,WIFI_DROP,
14.5408,15,STA,WIFI_DROP,
14.5432,15,STA,WIFI_DROP,
14.7496,10,STA,WIFI_DROP,
14.752,10,STA,WIFI_DROP,
14.7544,10,STA,WIFI_DROP,
14.7568,10,STA,WIFI_DROP,
14.7592,10,STA,WIFI_DROP,
14.7616,10,STA,WIFI_DROP,
14.764,10,STA,WIFI_DROP,
14.7664,10,STA,WIFI_DROP,
14.7688,10,STA,WIFI_DROP,
14.7712,10,STA,WIFI_DROP,
14.7736,10,STA,WIFI_DROP,
14.776,10,STA,WIFI_DROP,
14.7784,10,STA,WIFI_DROP,
14.7808,10,STA,WIFI_DROP,
14.7832,10,STA,WIFI_DROP,
14.7856,10,STA,WIFI_DROP,
14.788,10,STA,WIFI_DROP,
14.7904,10,STA,WIFI_DROP,
14.7928,10,STA,WIFI_DROP,
14.7952,10,STA,WIFI_DROP,
14.7976,10,STA,WIFI_DROP,
14.8,10,STA,WIFI_DROP,
14.8024,10,STA,WIFI_DROP,
14.8048,10,STA,WIFI_DROP,
14.8072,10,STA,WIFI_DROP,
14.8096,10,STA,WIFI_DROP,
14.812,10,STA,WIFI_DROP,
14.8144,10,STA,WIFI_DROP,
14.8168,10,STA,WIFI_DROP,
14.8192,10,STA,WIFI_DROP,
14.8216,10,STA,WIFI_DROP,
14.824,10,STA,WIFI_DROP,
14.8264,10,STA,WIFI_DROP,
14.8288,10,STA,WIFI_DROP,
14.8312,10,STA,WIFI_DROP,
14.8336,10,STA,WIFI_DROP,
14.836,10,STA,WIFI_DROP,
14.8384,10,STA,WIFI_DROP,
14.8408,10,STA,WIFI_DROP,
14.8432,10,STA,WIFI_DROP,
14.8456,10,STA,WIFI_DROP,
14.848,10,STA,WIFI_DROP,
14.8504,10,STA,WIFI_DROP,
14.8528,10,STA,WIFI_DROP,
14.8552,10,STA,WIFI_DROP,
14.8576,10,STA,WIFI_DROP,
14.86,10,STA,WIFI_DROP,
14.8624,10,STA,WIFI_DROP,
14.8648,10,STA,WIFI_DROP,
14.8672,10,STA,WIFI_DROP,
14.8696,10,STA,WIFI_DROP,
14.872,10,STA,WIFI_DROP,
14.8744,10,STA,WIFI_DROP,
14.8768,10,STA,WIFI_DROP,
14.8792,10,STA,WIFI_DROP,
14.8816,10,STA,WIFI_DROP,
14.884,10,STA,WIFI_DROP,
14.8864,10,STA,WIFI_DROP,
14.8888,10,STA,WIFI_DROP,
14.8912,10,STA,WIFI_DROP,
14.8936,10,STA,WIFI_DROP,
14.896,10,STA,WIFI_DROP,
14.8984,10,STA,WIFI_DROP,
14.9008,10,STA,WIFI_DROP,
14.9608,21,STA,WIFI_DROP,
14.9632,21,STA,WIFI_DROP,
14.9656,21,STA,WIFI_DROP,
14.968,21,STA,WIFI_DROP,
14.9704,21,STA,WIFI_DROP,
14.9728,21,STA,WIFI_DROP,
14.9752,21,STA,WIFI_DROP,
14.9776,21,STA,WIFI_DROP,
14.98,21,STA,WIFI_DROP,
14.9824,21,STA,WIFI_DROP,
14.9848,21,STA,WIFI_DROP,
14.9872,21,STA,WIFI_DROP,
14.9896,21,STA,WIFI_DROP,
14.992,21,STA,WIFI_DROP,
14.9944,21,STA,WIFI_DROP,
14.9968,21,STA,WIFI_DROP,
14.9992,21,STA,WIFI_DROP,
15,3,STA,THROUGHPUT_MBPS,1.692000
15,4,STA,THROUGHPUT_MBPS,4.548000
15,5,STA,THROUGHPUT_MBPS,1.416000
15,7,STA,THROUGHPUT_MBPS,3.624000
15,8,STA,THROUGHPUT_MBPS,3.804000
15,9,STA,THROUGHPUT_MBPS,1.536000
15,10,STA,THROUGHPUT_MBPS,0.096000
15,11,STA,THROUGHPUT_MBPS,0.300000
15,12,STA,THROUGHPUT_MBPS,2.580000
15,14,STA,THROUGHPUT_MBPS,3.444000
15,15,STA,THROUGHPUT_MBPS,1.020000
15,16,STA,THROUGHPUT_MBPS,1.956000
15,20,STA,THROUGHPUT_MBPS,1.980000
15,21,STA,THROUGHPUT_MBPS,1.512000
15,1,AP,AGGREGATE_THROUGHPUT_MBPS,29.508000
15,1,AP,SENT_COUNT,8340.000000
15,1,AP,RECV_COUNT,2459.000000
15,1,AP,LATENCY_P95_MS,531.291315
15.0016,21,STA,WIFI_DROP,
15.004,21,STA,WIFI_DROP,
15.0064,21,STA,WIFI_DROP,
15.0088,21,STA,WIFI_DROP,
15.0112,21,STA,WIFI_DROP,
15.0136,21,STA,WIFI_DROP,
15.016,21,STA,WIFI_DROP,
15.0184,21,STA,WIFI_DROP,
15.0208,21,STA,WIFI_DROP,
15.0232,21,STA,WIFI_DROP,
15.0256,21,STA,WIFI_DROP,
15.028,21,STA,WIFI_DROP,
15.0304,21,STA,WIFI_DROP,
15.0328,21,STA,WIFI_DROP,
15.0352,21,STA,WIFI_DROP,
15.0376,21,STA,WIFI_DROP,
15.04,21,STA,WIFI_DROP,
15.0424,21,STA,WIFI_DROP,
15.0448,21,STA,WIFI_DROP,
15.0472,21,STA,WIFI_DROP,
15.0496,21,STA,WIFI_DROP,
15.052,21,STA,WIFI_DROP,
15.0544,21,STA,WIFI_DROP,
15.0568,21,STA,WIFI_DROP,
15.0592,21,STA,WIFI_DROP,
15.0616,21,STA,WIFI_DROP,
15.064,21,STA,WIFI_DROP,
15.0664,21,STA,WIFI_DROP,
15.0688,21,STA,WIFI_DROP,
15.0712,21,STA,WIFI_DROP,
15.0736,21,STA,WIFI_DROP,
15.076,21,STA,WIFI_DROP,
15.0784,21,STA,WIFI_DROP,
15.0808,21,STA,WIFI_DROP,
15.0832,21,STA,WIFI_DROP,
15.0856,21,STA,WIFI_DROP,
15.088,21,STA,WIFI_DROP,
15.0904,21,STA,WIFI_DROP,
15.0928,21,STA,WIFI_DROP,
15.0952,21,STA,WIFI_DROP,
15.0976,21,STA,WIFI_DROP,
15.1,21,STA,WIFI_DROP,
15.1024,21,STA,WIFI_DROP,
15.1048,21,STA,WIFI_DROP,
15.1072,21,STA,WIFI_DROP,
15.1096,21,STA,WIFI_DROP,
15.112,21,STA,WIFI_DROP,
15.2632,7,STA,WIFI_DROP,
15.2656,7,STA,WIFI_DROP,
15.268,7,STA,WIFI_DROP,
15.2704,7,STA,WIFI_DROP,
15.2728,7,STA,WIFI_DROP,
15.2752,7,STA,WIFI_DROP,
15.2776,7,STA,WIFI_DROP,
15.28,7,STA,WIFI_DROP,
15.2824,7,STA,WIFI_DROP,
15.2848,7,STA,WIFI_DROP,
15.2872,7,STA,WIFI_DROP,
15.2896,7,STA,WIFI_DROP,
15.292,7,STA,WIFI_DROP,
15.2944,7,STA,WIFI_DROP,
15.2968,7,STA,WIFI_DROP,
15.2992,7,STA,WIFI_DROP,
15.3016,7,STA,WIFI_DROP,
15.304,7,STA,WIFI_DROP,
15.3064,7,STA,WIFI_DROP,
15.3088,7,STA,WIFI_DROP,
15.3112,7,STA,WIFI_DROP,
15.3136,7,STA,WIFI_DROP,
15.316,7,STA,WIFI_DROP,
15.3184,7,STA,WIFI_DROP,
15.3208,7,STA,WIFI_DROP,
15.3232,7,STA,WIFI_DROP,
15.3256,7,STA,WIFI_DROP,
15.328,7,STA,WIFI_DROP,
15.3304,7,STA,WIFI_DROP,
15.3328,7,STA,WIFI_DROP,
15.3352,7,STA,WIFI_DROP,
15.3376,7,STA,WIFI_DROP,
15.34,7,STA,WIFI_DROP,
15.3424,7,STA,WIFI_DROP,
15.3448,7,STA,WIFI_DROP,
15.3472,7,STA,WIFI_DROP,
15.3496,7,STA,WIFI_DROP,
15.352,7,STA,WIFI_DROP,
15.3544,7,STA,WIFI_DROP,
15.3568,7,STA,WIFI_DROP,
15.3592,7,STA,WIFI_DROP,
15.3616,7,STA,WIFI_DROP,
15.364,7,STA,WIFI_DROP,
15.3664,7,STA,WIFI_DROP,
15.3688,7,STA,WIFI_DROP,
15.3712,7,STA,WIFI_DROP,
15.3736,7,STA,WIFI_DROP,
15.376,7,STA,WIFI_DROP,
15.3784,7,STA,WIFI_DROP,
15.3808,7,STA,WIFI_DROP,
15.3832,7,STA,WIFI_DROP,
15.3856,7,STA,WIFI_DROP,
15.388,7,STA,WIFI_DROP,
15.3904,7,STA,WIFI_DROP,
15.3928,7,STA,WIFI_DROP,
15.3952,7,STA,WIFI_DROP,
15.3976,7,STA,WIFI_DROP,
15.4,7,STA,WIFI_DROP,
15.4024,7,STA,WIFI_DROP,
15.4048,7,STA,WIFI_DROP,
15.4072,7,STA,WIFI_DROP,
15.4096,7,STA,WIFI_DROP,
15.412,7,STA,WIFI_DROP,
15.4144,7,STA,WIFI_DROP,
15.568,12,STA,WIFI_DROP,
15.5704,12,STA,WIFI_DROP,
15.5728,12,STA,WIFI_DROP,
15.5752,12,STA,WIFI_DROP,
15.5776,12,STA,WIFI_DROP,
15.58,12,STA,WIFI_DROP,
15.5824,12,STA,WIFI_DROP,
15.5848,12,STA,WIFI_DROP,
15.5872,12,STA,WIFI_DROP,
15.5896,12,STA,WIFI_DROP,
15.592,12,STA,WIFI_DROP,
15.5944,12,STA,WIFI_DROP,
15.5968,12,STA,WIFI_DROP,
15.5992,12,STA,WIFI_DROP,
15.6016,12,STA,WIFI_DROP,
15.604,12,STA,WIFI_DROP,
15.6064,12,STA,WIFI_DROP,
15.6088,12,STA,WIFI_DROP,
15.6112,12,STA,WIFI_DROP,
15.6136,12,STA,WIFI_DROP,
15.616,12,STA,WIFI_DROP,
15.6184,12,STA,WIFI_DROP,
15.6208,12,STA,WIFI_DROP,
16,3,STA,THROUGHPUT_MBPS,3.060000
16,4,STA,THROUGHPUT_MBPS,1.176000
16,5,STA,THROUGHPUT_MBPS,0.804000
16,7,STA,THROUGHPUT_MBPS,0.288000
16,8,STA,THROUGHPUT_MBPS,2.748000
16,9,STA,THROUGHPUT_MBPS,1.968000
16,10,STA,THROUGHPUT_MBPS,1.128000
16,11,STA,THROUGHPUT_MBPS,1.644000
16,12,STA,THROUGHPUT_MBPS,3.648000
16,14,STA,THROUGHPUT_MBPS,3.048000
16,16,STA,THROUGHPUT_MBPS,2.940000
16,20,STA,THROUGHPUT_MBPS,2.664000
16,21,STA,THROUGHPUT_MBPS,2.568000
16,1,AP,AGGREGATE_THROUGHPUT_MBPS,27.684000
16,1,AP,SENT_COUNT,8320.000000
16,1,AP,RECV_COUNT,2307.000000
16,1,AP,LATENCY_P95_MS,546.462087
16.492,6,STA,WIFI_DROP,
16.4944,6,STA,WIFI_DROP,
16.4968,6,STA,WIFI_DROP,
16.4992,6,STA,WIFI_DROP,
16.5016,6,STA,WIFI_DROP,
16.504,6,STA,WIFI_DROP,
16.5064,6,STA,WIFI_DROP,
16.5088,6,STA,WIFI_DROP,
16.5112,6,STA,WIFI_DROP,
16.5136,6,STA,WIFI_DROP,
16.516,6,STA,WIFI_DROP,
16.5184,6,STA,WIFI_DROP,
16.5208,6,STA,WIFI_DROP,
16.5232,6,STA,WIFI_DROP,
16.5256,6,STA,WIFI_DROP,
16.528,6,STA,WIFI_DROP,
16.5304,6,STA,WIFI_DROP,
16.5328,6,STA,WIFI_DROP,
16.5352,6,STA,WIFI_DROP,
16.5376,6,STA,WIFI_DROP,
16.54,6,STA,WIFI_DROP,
16.5424,6,STA,WIFI_DROP,
16.5448,6,STA,WIFI_DROP,
16.5472,6,STA,WIFI_DROP,
16.5496,6,STA,WIFI_DROP,
16.552,6,STA,WIFI_DROP,
16.5544,6,STA,WIFI_DROP,
16.5568,6,STA,WIFI_DROP,
16.5592,6,STA,WIFI_DROP,
16.5616,6,STA,WIFI_DROP,
16.564,6,STA,WIFI_DROP,
16.5664,6,STA,WIFI_DROP,
16.5688,6,STA,WIFI_DROP,
16.5712,6,STA,WIFI_DROP,
16.5736,6,STA,WIFI_DROP,
16.576,6,STA,WIFI_DROP,
16.5784,6,STA,WIFI_DROP,
16.5808,6,STA,WIFI_DROP,
16.5832,6,STA,WIFI_DROP,
16.5856,6,STA,WIFI_DROP,
16.588,6,STA,WIFI_DROP,
16.5904,6,STA,WIFI_DROP,
16.5928,6,STA,WIFI_DROP,
16.5952,6,STA,WIFI_DROP,
16.5976,6,STA,WIFI_DROP,
16.6,6,STA,WIFI_DROP,
16.6024,6,STA,WIFI_DROP,
16.6048,6,STA,WIFI_DROP,
16.6072,6,STA,WIFI_DROP,
16.6096,6,STA,WIFI_DROP,
16.612,6,STA,WIFI_DROP,
16.6144,6,STA,WIFI_DROP,
16.6168,6,STA,WIFI_DROP,
16.6192,6,STA,WIFI_DROP,
16.6216,6,STA,WIFI_DROP,
16.624,6,STA,WIFI_DROP,
16.6264,6,STA,WIFI_DROP,
16.6288,6,STA,WIFI_DROP,
16.6312,6,STA,WIFI_DROP,
16.6336,6,STA,WIFI_DROP,
16.636,6,STA,WIFI_DROP,
16.6384,6,STA,WIFI_DROP,
16.6408,6,STA,WIFI_DROP,
16.6432,6,STA,WIFI_DROP,
16.6456,6,STA,WIFI_DROP,
16.648,6,STA,WIFI_DROP,
16.6504,6,STA,WIFI_DROP,
16.6528,6,STA,WIFI_DROP,
16.6552,6,STA,WIFI_DROP,
16.6576,6,STA,WIFI_DROP,
16.66,6,STA,WIFI_DROP,
16.6624,6,STA,WIFI_DROP,
16.6648,6,STA,WIFI_DROP,
16.6672,6,STA,WIFI_DROP,
16.6696,6,STA,WIFI_DROP,
16.672,6,STA,WIFI_DROP,
16.6744,6,STA,WIFI_DROP,
16.6768,6,STA,WIFI_DROP,
16.6792,6,STA,WIFI_DROP,
16.6816,6,STA,WIFI_DROP,
16.684,6,STA,WIFI_DROP,
16.6864,6,STA,WIFI_DROP,
16.6888,6,STA,WIFI_DROP,
16.6912,6,STA,WIFI_DROP,
16.6936,6,STA,WIFI_DROP,
16.696,6,STA,WIFI_DROP,
16.6984,6,STA,WIFI_DROP,
16.6984,21,STA,WIFI_DROP,
16.7008,6,STA,WIFI_DROP,
16.7008,21,STA,WIFI_DROP,
16.7032,6,STA,WIFI_DROP,
16.7032,21,STA,WIFI_DROP,
16.7056,6,STA,WIFI_DROP,
16.7056,21,STA,WIFI_DROP,
16.708,6,STA,WIFI_DROP,
16.708,21,STA,WIFI_DROP,
16.7104,21,STA,WIFI_DROP,
16.7128,21,STA,WIFI_DROP,
16.7152,21,STA,WIFI_DROP,
16.7176,21,STA,WIFI_DROP,
16.72,21,STA,WIFI_DROP,
16.7224,21,STA,WIFI_DROP,
16.7248,21,STA,WIFI_DROP,
16.7272,21,STA,WIFI_DROP,
16.7296,21,STA,WIFI_DROP,
16.732,21,STA,WIFI_DROP,
16.7344,21,STA,WIFI_DROP,
16.7368,21,STA,WIFI_DROP,
16.7392,21,STA,WIFI_DROP,
16.7416,21,STA,WIFI_DROP,
16.744,21,STA,WIFI_DROP,
16.7464,21,STA,WIFI_DROP,
16.7488,21,STA,WIFI_DROP,
16.7512,21,STA,WIFI_DROP,
16.7536,21,STA,WIFI_DROP,
16.756,21,STA,WIFI_DROP,
16.7584,21,STA,WIFI_DROP,
16.7608,21,STA,WIFI_DROP,
16.7632,21,STA,WIFI_DROP,
16.7656,21,STA,WIFI_DROP,
16.768,21,STA,WIFI_DROP,
16.7704,21,STA,WIFI_DROP,
16.7728,21,STA,WIFI_DROP,
16.7752,21,STA,WIFI_DROP,
16.7776,21,STA,WIFI_DROP,
16.78,21,STA,WIFI_DROP,
16.7824,21,STA,WIFI_DROP,
16.7848,21,STA,WIFI_DROP,
16.7872,21,STA,WIFI_DROP,
16.7896,21,STA,WIFI_DROP,
16.792,21,STA,WIFI_DROP,
16.7944,21,STA,WIFI_DROP,
16.7968,21,STA,WIFI_DROP,
16.7992,21,STA,WIFI_DROP,
16.8016,21,STA,WIFI_DROP,
16.804,21,STA,WIFI_DROP,
16.8064,21,STA,WIFI_DROP,
16.8088,21,STA,WIFI_DROP,
16.8112,21,STA,WIFI_DROP,
16.8136,21,STA,WIFI_DROP,
16.816,21,STA,WIFI_DROP,
16.8184,21,STA,WIFI_DROP,
16.8208,21,STA,WIFI_DROP,
16.8232,21,STA,WIFI_DROP,
16.8256,21,STA,WIFI_DROP,
16.828,21,STA,WIFI_DROP,
16.8304,21,STA,WIFI_DROP,
16.8328,21,STA,WIFI_DROP,
16.8352,21,STA,WIFI_DROP,
16.8376,21,STA,WIFI_DROP,
16.84,21,STA,WIFI_DROP,
16.8424,21,STA,WIFI_DROP,
16.8448,21,STA,WIFI_DROP,
16.8472,21,STA,WIFI_DROP,
16.8496,21,STA,WIFI_DROP,
16.852,21,STA,WIFI_DROP,
16.8544,21,STA,WIFI_DROP,
16.8568,21,STA,WIFI_DROP,
16.8592,21,STA,WIFI_DROP,
16.8616,21,STA,WIFI_DROP,
16.864,21,STA,WIFI_DROP,
16.8664,21,STA,WIFI_DROP,
16.8688,21,STA,WIFI_DROP,
16.8712,21,STA,WIFI_DROP,
16.8736,21,STA,WIFI_DROP,
16.876,21,STA,WIFI_DROP,
16.8784,21,STA,WIFI_DROP,
16.8808,21,STA,WIFI_DROP,
16.8832,21,STA,WIFI_DROP,
16.8856,21,STA,WIFI_DROP,
16.888,21,STA,WIFI_DROP,
16.8904,21,STA,WIFI_DROP,
16.8928,21,STA,WIFI_DROP,
16.8952,21,STA,WIFI_DROP,
16.8976,21,STA,WIFI_DROP,
16.9,10,STA,WIFI_DROP,
16.9,21,STA,WIFI_DROP,
16.9024,10,STA,WIFI_DROP,
16.9024,21,STA,WIFI_DROP,
16.9048,10,STA,WIFI_DROP,
16.9048,21,STA,WIFI_DROP,
16.9072,10,STA,WIFI_DROP,
16.9072,21,STA,WIFI_DROP,
16.9096,10,STA,WIFI_DROP,
16.9096,21,STA,WIFI_DROP,
16.912,10,STA,WIFI_DROP,
16.912,21,STA,WIFI_DROP,
16.9144,10,STA,WIFI_DROP,
16.9144,21,STA,WIFI_DROP,
16.9168,10,STA,WIFI_DROP,
16.9168,21,STA,WIFI_DROP,
16.9192,10,STA,WIFI_DROP,
16.9192,21,STA,WIFI_DROP,
16.9216,10,STA,WIFI_DROP,
16.9216,21,STA,WIFI_DROP,
16.924,10,STA,WIFI_DROP,
16.924,21,STA,WIFI_DROP,
16.9264,10,STA,WIFI_DROP,
16.9264,21,STA,WIFI_DROP,
16.9288,10,STA,WIFI_DROP,
16.9288,21,STA,WIFI_DROP,
16.9312,10,STA,WIFI_DROP,
16.9312,21,STA,WIFI_DROP,
16.9336,10,STA,WIFI_DROP,
16.9336,21,STA,WIFI_DROP,
16.936,10,STA,WIFI_DROP,
16.936,21,STA,WIFI_DROP,
16.9384,10,STA,WIFI_DROP,
16.9384,21,STA,WIFI_DROP,
16.9408,10,STA,WIFI_DROP,
16.9408,21,STA,WIFI_DROP,
16.9432,10,STA,WIFI_DROP,
16.9432,21,STA,WIFI_DROP,
16.9456,10,STA,WIFI_DROP,
16.9456,21,STA,WIFI_DROP,
16.948,10,STA,WIFI_DROP,
16.948,21,STA,WIFI_DROP,
16.9504,10,STA,WIFI_DROP,
16.9528,10,STA,WIFI_DROP,
16.9552,10,STA,WIFI_DROP,
16.9576,10,STA,WIFI_DROP,
16.96,10,STA,WIFI_DROP,
16.9624,10,STA,WIFI_DROP,
16.9648,10,STA,WIFI_DROP,
16.9672,10,STA,WIFI_DROP,
16.9696,10,STA,WIFI_DROP,
16.972,10,STA,WIFI_DROP,
16.9744,10,STA,WIFI_DROP,
16.9768,10,STA,WIFI_DROP,
16.9792,10,STA,WIFI_DROP,
16.9816,10,STA,WIFI_DROP,
16.984,10,STA,WIFI_DROP,
16.9864,10,STA,WIFI_DROP,
16.9888,10,STA,WIFI_DROP,
16.9912,10,STA,WIFI_DROP,
16.9936,10,STA,WIFI_DROP,
16.996,10,STA,WIFI_DROP,
16.9984,10,STA,WIFI_DROP,
17,3,STA,THROUGHPUT_MBPS,2.928000
17,4,STA,THROUGHPUT_MBPS,2.652000
17,7,STA,THROUGHPUT_MBPS,1.440000
17,8,STA,THROUGHPUT_MBPS,1.560000
17,9,STA,THROUGHPUT_MBPS,0.384000
17,10,STA,THROUGHPUT_MBPS,0.804000
17,11,STA,THROUGHPUT_MBPS,3.204000
17,12,STA,THROUGHPUT_MBPS,3.612000
17,14,STA,THROUGHPUT_MBPS,2.304000
17,16,STA,THROUGHPUT_MBPS,3.372000
17,20,STA,THROUGHPUT_MBPS,2.448000
17,21,STA,THROUGHPUT_MBPS,1.068000
17,1,AP,AGGREGATE_THROUGHPUT_MBPS,25.776000
17,1,AP,SENT_COUNT,8340.000000
17,1,AP,RECV_COUNT,2148.000000
17,1,AP,LATENCY_P95_MS,547.459264
17.0008,10,STA,WIFI_DROP,
17.0032,10,STA,WIFI_DROP,
17.0056,10,STA,WIFI_DROP,
17.008,10,STA,WIFI_DROP,
17.0104,10,STA,WIFI_DROP,
17.0128,10,STA,WIFI_DROP,
17.0152,10,STA,WIFI_DROP,
17.0176,10,STA,WIFI_DROP,
17.02,10,STA,WIFI_DROP,
17.0224,10,STA,WIFI_DROP,
17.0248,10,STA,WIFI_DROP,
17.0272,10,STA,WIFI_DROP,
17.0296,10,STA,WIFI_DROP,
17.032,10,STA,WIFI_DROP,
17.0344,10,STA,WIFI_DROP,
17.0368,10,STA,WIFI_DROP,
17.0392,10,STA,WIFI_DROP,
17.0416,10,STA,WIFI_DROP,
17.044,10,STA,WIFI_DROP,
17.0464,10,STA,WIFI_DROP,
17.0488,10,STA,WIFI_DROP,
17.0512,10,STA,WIFI_DROP,
17.0536,10,STA,WIFI_DROP,
17.056,10,STA,WIFI_DROP,
17.0584,10,STA,WIFI_DROP,
17.0608,10,STA,WIFI_DROP,
17.0632,10,STA,WIFI_DROP,
17.0656,10,STA,WIFI_DROP,
17.068,10,STA,WIFI_DROP,
17.0704,10,STA,WIFI_DROP,
17.0728,10,STA,WIFI_DROP,
17.0752,10,STA,WIFI_DROP,
17.0776,10,STA,WIFI_DROP,
17.08,10,STA,WIFI_DROP,
17.0824,10,STA,WIFI_DROP,
17.0848,10,STA,WIFI_DROP,
17.0872,10,STA,WIFI_DROP,
17.0896,10,STA,WIFI_DROP,
17.092,10,STA,WIFI_DROP,
17.0944,10,STA,WIFI_DROP,
17.0968,10,STA,WIFI_DROP,
17.0992,10,STA,WIFI_DROP,
17.1016,10,STA,WIFI_DROP,
17.104,10,STA,WIFI_DROP,
17.1064,10,STA,WIFI_DROP,
17.1088,10,STA,WIFI_DROP,
17.1112,10,STA,WIFI_DROP,
17.1136,10,STA,WIFI_DROP,
17.116,10,STA,WIFI_DROP,
17.1184,10,STA,WIFI_DROP,
17.1208,10,STA,WIFI_DROP,
17.1232,10,STA,WIFI_DROP,
17.1256,10,STA,WIFI_DROP,
17.128,10,STA,WIFI_DROP,
17.1304,10,STA,WIFI_DROP,
17.1328,10,STA,WIFI_DROP,
17.1352,10,STA,WIFI_DROP,
17.1376,10,STA,WIFI_DROP,
17.14,10,STA,WIFI_DROP,
17.1424,10,STA,WIFI_DROP,
17.1448,10,STA,WIFI_DROP,
17.1472,10,STA,WIFI_DROP,
17.1496,10,STA,WIFI_DROP,
17.152,10,STA,WIFI_DROP,
17.1544,10,STA,WIFI_DROP,
17.1568,10,STA,WIFI_DROP,
17.1592,10,STA,WIFI_DROP,
17.1616,10,STA,WIFI_DROP,
17.164,10,STA,WIFI_DROP,
17.1664,10,STA,WIFI_DROP,
17.1688,10,STA,WIFI_DROP,
17.1712,10,STA,WIFI_DROP,
17.1736,10,STA,WIFI_DROP,
17.176,10,STA,WIFI_DROP,
17.1784,10,STA,WIFI_DROP,
17.1808,10,STA,WIFI_DROP,
17.1832,10,STA,WIFI_DROP,
17.1856,10,STA,WIFI_DROP,
17.188,10,STA,WIFI_DROP,
17.1904,10,STA,WIFI_DROP,
17.1928,10,STA,WIFI_DROP,
17.1952,10,STA,WIFI_DROP,
17.1976,10,STA,WIFI_DROP,
17.2,10,STA,WIFI_DROP,
17.2024,10,STA,WIFI_DROP,
17.2048,10,STA,WIFI_DROP,
17.2072,10,STA,WIFI_DROP,
17.2096,10,STA,WIFI_DROP,
17.212,10,STA,WIFI_DROP,
17.2144,10,STA,WIFI_DROP,
17.2168,10,STA,WIFI_DROP,
17.2192,10,STA,WIFI_DROP,
17.2216,10,STA,WIFI_DROP,
17.224,10,STA,WIFI_DROP,
17.2264,10,STA,WIFI_DROP,
17.2288,10,STA,WIFI_DROP,
17.2312,10,STA,WIFI_DROP,
17.2336,10,STA,WIFI_DROP,
17.236,10,STA,WIFI_DROP,
17.2384,10,STA,WIFI_DROP,
17.2408,10,STA,WIFI_DROP,
17.2432,10,STA,WIFI_DROP,
17.2456,10,STA,WIFI_DROP,
17.248,10,STA,WIFI_DROP,
17.2504,10,STA,WIFI_DROP,
17.2528,10,STA,WIFI_DROP,
17.2552,10,STA,WIFI_DROP,
17.2576,10,STA,WIFI_DROP,
17.26,10,STA,WIFI_DROP,
17.2624,10,STA,WIFI_DROP,
17.2648,10,STA,WIFI_DROP,
17.2672,10,STA,WIFI_DROP,
17.2696,10,STA,WIFI_DROP,
17.272,10,STA,WIFI_DROP,
17.2744,10,STA,WIFI_DROP,
17.2768,10,STA,WIFI_DROP,
17.2792,10,STA,WIFI_DROP,
17.2816,10,STA,WIFI_DROP,
17.284,10,STA,WIFI_DROP,
17.2864,10,STA,WIFI_DROP,
17.2888,10,STA,WIFI_DROP,
17.2912,10,STA,WIFI_DROP,
17.2936,10,STA,WIFI_DROP,
17.296,10,STA,WIFI_DROP,
17.2984,10,STA,WIFI_DROP,
17.3008,10,STA,WIFI_DROP,
17.3032,10,STA,WIFI_DROP,
17.3056,10,STA,WIFI_DROP,
17.308,10,STA,WIFI_DROP,
17.3104,10,STA,WIFI_DROP,
17.3128,10,STA,WIFI_DROP,
17.3152,10,STA,WIFI_DROP,
17.3176,10,STA,WIFI_DROP,
17.32,10,STA,WIFI_DROP,
17.3224,10,STA,WIFI_DROP,
17.3248,10,STA,WIFI_DROP,
17.3272,10,STA,WIFI_DROP,
17.3296,10,STA,WIFI_DROP,
17.332,10,STA,WIFI_DROP,
17.3344,10,STA,WIFI_DROP,
17.3368,10,STA,WIFI_DROP,
17.3392,10,STA,WIFI_DROP,
17.3416,10,STA,WIFI_DROP,
17.344,10,STA,WIFI_DROP,
17.3464,10,STA,WIFI_DROP,
17.3488,10,STA,WIFI_DROP,
17.3512,10,STA,WIFI_DROP,
17.3536,10,STA,WIFI_DROP,
17.356,10,STA,WIFI_DROP,
17.3584,10,STA,WIFI_DROP,
17.3608,10,STA,WIFI_DROP,
17.3632,10,STA,WIFI_DROP,
17.3656,10,STA,WIFI_DROP,
17.368,10,STA,WIFI_DROP,
17.3704,10,STA,WIFI_DROP,
17.3728,10,STA,WIFI_DROP,
17.3752,10,STA,WIFI_DROP,
17.3776,10,STA,WIFI_DROP,
17.38,10,STA,WIFI_DROP,
17.3824,10,STA,WIFI_DROP,
17.3848,10,STA,WIFI_DROP,
17.3872,10,STA,WIFI_DROP,
17.3896,10,STA,WIFI_DROP,
17.392,10,STA,WIFI_DROP,
17.3944,10,STA,WIFI_DROP,
17.3968,10,STA,WIFI_DROP,
17.3992,10,STA,WIFI_DROP,
17.4016,10,STA,WIFI_DROP,
17.404,10,STA,WIFI_DROP,
17.4064,10,STA,WIFI_DROP,
17.4088,10,STA,WIFI_DROP,
17.4112,10,STA,WIFI_DROP,
17.4136,10,STA,WIFI_DROP,
17.416,10,STA,WIFI_DROP,
17.4184,10,STA,WIFI_DROP,
17.4208,10,STA,WIFI_DROP,
17.4232,10,STA,WIFI_DROP,
17.4256,10,STA,WIFI_DROP,
17.428,10,STA,WIFI_DROP,
17.4304,10,STA,WIFI_DROP,
17.4328,10,STA,WIFI_DROP,
17.4352,10,STA,WIFI_DROP,
17.4376,10,STA,WIFI_DROP,
17.44,10,STA,WIFI_DROP,
17.4424,10,STA,WIFI_DROP,
17.4448,10,STA,WIFI_DROP,
17.4472,10,STA,WIFI_DROP,
17.4496,10,STA,WIFI_DROP,
17.452,10,STA,WIFI_DROP,
17.4544,10,STA,WIFI_DROP,
17.4568,10,STA,WIFI_DROP,
17.4592,10,STA,WIFI_DROP,
17.4616,10,STA,WIFI_DROP,
17.464,10,STA,WIFI_DROP,
17.4664,10,STA,WIFI_DROP,
17.4688,10,STA,WIFI_DROP,
17.4712,10,STA,WIFI_DROP,
17.4736,10,STA,WIFI_DROP,
17.476,10,STA,WIFI_DROP,
17.4784,10,STA,WIFI_DROP,
17.4808,10,STA,WIFI_DROP,
17.4832,10,STA,WIFI_DROP,
17.4856,10,STA,WIFI_DROP,
17.488,10,STA,WIFI_DROP,
17.4904,10,STA,WIFI_DROP,
17.4928,10,STA,WIFI_DROP,
17.4952,10,STA,WIFI_DROP,
17.4976,10,STA,WIFI_DROP,
17.5,10,STA,WIFI_DROP,
17.5024,10,STA,WIFI_DROP,
17.5048,10,STA,WIFI_DROP,
17.5072,10,STA,WIFI_DROP,
17.5096,10,STA,WIFI_DROP,
17.512,10,STA,WIFI_DROP,
17.5144,10,STA,WIFI_DROP,
17.5168,10,STA,WIFI_DROP,
17.5192,10,STA,WIFI_DROP,
17.5216,10,STA,WIFI_DROP,
17.524,10,STA,WIFI_DROP,
17.5264,10,STA,WIFI_DROP,
17.5288,10,STA,WIFI_DROP,
17.5312,10,STA,WIFI_DROP,
17.5336,10,STA,WIFI_DROP,
17.536,10,STA,WIFI_DROP,
17.5384,10,STA,WIFI_DROP,
17.5408,10,STA,WIFI_DROP,
17.5432,10,STA,WIFI_DROP,
17.5456,10,STA,WIFI_DROP,
17.548,10,STA,WIFI_DROP,
17.5504,10,STA,WIFI_DROP,
17.8216,3,STA,WIFI_DROP,
17.824,3,STA,WIFI_DROP,
17.8264,3,STA,WIFI_DROP,
17.8288,3,STA,WIFI_DROP,
17.8312,3,STA,WIFI_DROP,
17.8336,3,STA,WIFI_DROP,
17.836,3,STA,WIFI_DROP,
17.8384,3,STA,WIFI_DROP,
17.8408,3,STA,WIFI_DROP,
17.8432,3,STA,WIFI_DROP,
17.8456,3,STA,WIFI_DROP,
17.848,3,STA,WIFI_DROP,
17.8504,3,STA,WIFI_DROP,
17.8528,3,STA,WIFI_DROP,
17.8552,3,STA,WIFI_DROP,
17.8576,3,STA,WIFI_DROP,
17.86,3,STA,WIFI_DROP,
17.8624,3,STA,WIFI_DROP,
17.8648,3,STA,WIFI_DROP,
17.8672,3,STA,WIFI_DROP,
17.8696,3,STA,WIFI_DROP,
17.872,3,STA,WIFI_DROP,
17.8744,3,STA,WIFI_DROP,
18,3,STA,THROUGHPUT_MBPS,1.068000
18,4,STA,THROUGHPUT_MBPS,1.212000
18,5,STA,THROUGHPUT_MBPS,2.340000
18,7,STA,THROUGHPUT_MBPS,2.364000
18,8,STA,THROUGHPUT_MBPS,2.124000
18,9,STA,THROUGHPUT_MBPS,2.340000
18,11,STA,THROUGHPUT_MBPS,4.068000
18,12,STA,THROUGHPUT_MBPS,1.428000
18,14,STA,THROUGHPUT_MBPS,2.556000
18,16,STA,THROUGHPUT_MBPS,3.984000
18,20,STA,THROUGHPUT_MBPS,2.808000
18,1,AP,AGGREGATE_THROUGHPUT_MBPS,26.292000
18,1,AP,SENT_COUNT,8340.000000
18,1,AP,RECV_COUNT,2191.000000
18,1,AP,LATENCY_P95_MS,541.977962
18.3352,18,STA,WIFI_DROP,
18.3376,18,STA,WIFI_DROP,
18.34,18,STA,WIFI_DROP,
18.3424,18,STA,WIFI_DROP,
18.3448,18,STA,WIFI_DROP,
18.3472,18,STA,WIFI_DROP,
18.3496,18,STA,WIFI_DROP,
18.352,18,STA,WIFI_DROP,
18.3544,18,STA,WIFI_DROP,
18.3568,18,STA,WIFI_DROP,
18.3592,18,STA,WIFI_DROP,
18.3616,18,STA,WIFI_DROP,
18.364,18,STA,WIFI_DROP,
18.3664,18,STA,WIFI_DROP,
18.3688,18,STA,WIFI_DROP,
18.3712,18,STA,WIFI_DROP,
18.3736,18,STA,WIFI_DROP,
18.376,18,STA,WIFI_DROP,
18.3784,18,STA,WIFI_DROP,
18.3808,18,STA,WIFI_DROP,
18.3832,18,STA,WIFI_DROP,
18.3856,18,STA,WIFI_DROP,
18.388,18,STA,WIFI_DROP,
18.3904,18,STA,WIFI_DROP,
18.3928,18,STA,WIFI_DROP,
18.3952,18,STA,WIFI_DROP,
18.3976,18,STA,WIFI_DROP,
18.4,18,STA,WIFI_DROP,
18.4024,18,STA,WIFI_DROP,
18.4048,18,STA,WIFI_DROP,
18.4072,18,STA,WIFI_DROP,
18.4096,18,STA,WIFI_DROP,
18.412,18,STA,WIFI_DROP,
18.4144,18,STA,WIFI_DROP,
18.4168,18,STA,WIFI_DROP,
18.4192,18,STA,WIFI_DROP,
18.4216,18,STA,WIFI_DROP,
18.424,18,STA,WIFI_DROP,
18.4264,18,STA,WIFI_DROP,
18.4288,18,STA,WIFI_DROP,
18.4312,18,STA,WIFI_DROP,
18.4336,18,STA,WIFI_DROP,
18.436,18,STA,WIFI_DROP,
18.4384,18,STA,WIFI_DROP,
18.4408,18,STA,WIFI_DROP,
18.4432,18,STA,WIFI_DROP,
18.4456,18,STA,WIFI_DROP,
18.448,18,STA,WIFI_DROP,
18.4504,18,STA,WIFI_DROP,
18.4528,18,STA,WIFI_DROP,
18.4552,18,STA,WIFI_DROP,
18.4576,18,STA,WIFI_DROP,
18.46,18,STA,WIFI_DROP,
18.4624,18,STA,WIFI_DROP,
18.4648,18,STA,WIFI_DROP,
18.4672,18,STA,WIFI_DROP,
18.4696,18,STA,WIFI_DROP,
18.472,18,STA,WIFI_DROP,
18.4744,18,STA,WIFI_DROP,
18.4768,18,STA,WIFI_DROP,
18.4792,18,STA,WIFI_DROP,
18.4816,18,STA,WIFI_DROP,
18.484,18,STA,WIFI_DROP,
18.4864,18,STA,WIFI_DROP,
18.4888,18,STA,WIFI_DROP,
18.4912,18,STA,WIFI_DROP,
18.4936,18,STA,WIFI_DROP,
18.496,18,STA,WIFI_DROP,
18.4984,18,STA,WIFI_DROP,
18.5008,18,STA,WIFI_DROP,
18.5032,18,STA,WIFI_DROP,
18.5056,18,STA,WIFI_DROP,
18.508,18,STA,WIFI_DROP,
18.5104,18,STA,WIFI_DROP,
18.5128,18,STA,WIFI_DROP,
18.5152,18,STA,WIFI_DROP,
18.5176,18,STA,WIFI_DROP,
18.52,18,STA,WIFI_DROP,
18.5224,18,STA,WIFI_DROP,
18.5248,18,STA,WIFI_DROP,
18.5272,18,STA,WIFI_DROP,
18.5296,18,STA,WIFI_DROP,
18.532,18,STA,WIFI_DROP,
18.5344,18,STA,WIFI_DROP,
18.5368,18,STA,WIFI_DROP,
18.5392,18,STA,WIFI_DROP,
18.5416,18,STA,WIFI_DROP,
18.544,18,STA,WIFI_DROP,
18.5464,18,STA,WIFI_DROP,
18.5488,18,STA,WIFI_DROP,
18.5512,18,STA,WIFI_DROP,
18.5536,18,STA,WIFI_DROP,
18.556,18,STA,WIFI_DROP,
18.5584,18,STA,WIFI_DROP,
18.5608,18,STA,WIFI_DROP,
18.5632,18,STA,WIFI_DROP,
18.5656,18,STA,WIFI_DROP,
18.568,18,STA,WIFI_DROP,
18.5704,18,STA,WIFI_DROP,
18.5728,18,STA,WIFI_DROP,
18.5752,18,STA,WIFI_DROP,
18.5776,18,STA,WIFI_DROP,
18.58,18,STA,WIFI_DROP,
18.5824,18,STA,WIFI_DROP,
18.5848,18,STA,WIFI_DROP,
18.5872,18,STA,WIFI_DROP,
18.5896,18,STA,WIFI_DROP,
18.592,18,STA,WIFI_DROP,
18.5944,18,STA,WIFI_DROP,
18.5968,18,STA,WIFI_DROP,
18.5992,18,STA,WIFI_DROP,
18.6016,18,STA,WIFI_DROP,
18.604,18,STA,WIFI_DROP,
18.6064,18,STA,WIFI_DROP,
18.6088,18,STA,WIFI_DROP,
18.6112,18,STA,WIFI_DROP,
18.6136,18,STA,WIFI_DROP,
18.616,18,STA,WIFI_DROP,
18.6184,18,STA,WIFI_DROP,
18.6208,18,STA,WIFI_DROP,
18.6232,18,STA,WIFI_DROP,
18.6256,18,STA,WIFI_DROP,
18.628,18,STA,WIFI_DROP,
18.6304,18,STA,WIFI_DROP,
18.6328,18,STA,WIFI_DROP,
18.6352,18,STA,WIFI_DROP,
18.6376,18,STA,WIFI_DROP,
18.64,16,STA,WIFI_DROP,
18.64,18,STA,WIFI_DROP,
18.6424,16,STA,WIFI_DROP,
18.6424,18,STA,WIFI_DROP,
18.6448,16,STA,WIFI_DROP,
18.6448,18,STA,WIFI_DROP,
18.6472,16,STA,WIFI_DROP,
18.6472,18,STA,WIFI_DROP,
18.6496,16,STA,WIFI_DROP,
18.6496,18,STA,WIFI_DROP,
18.652,16,STA,WIFI_DROP,
18.652,18,STA,WIFI_DROP,
18.6544,16,STA,WIFI_DROP,
18.6544,18,STA,WIFI_DROP,
18.6568,16,STA,WIFI_DROP,
18.6568,18,STA,WIFI_DROP,
18.6592,16,STA,WIFI_DROP,
18.6592,18,STA,WIFI_DROP,
18.6616,16,STA,WIFI_DROP,
18.6616,18,STA,WIFI_DROP,
18.664,16,STA,WIFI_DROP,
18.664,18,STA,WIFI_DROP,
18.6664,16,STA,WIFI_DROP,
18.6664,18,STA,WIFI_DROP,
18.6688,16,STA,WIFI_DROP,
18.6688,18,STA,WIFI_DROP,
18.6712,16,STA,WIFI_DROP,
18.6712,18,STA,WIFI_DROP,
18.6736,16,STA,WIFI_DROP,
18.6736,18,STA,WIFI_DROP,
18.676,16,STA,WIFI_DROP,
18.676,18,STA,WIFI_DROP,
18.6784,16,STA,WIFI_DROP,
18.6784,18,STA,WIFI_DROP,
18.6808,16,STA,WIFI_DROP,
18.6808,18,STA,WIFI_DROP,
18.6832,16,STA,WIFI_DROP,
18.6832,18,STA,WIFI_DROP,
18.6856,16,STA,WIFI_DROP,
18.6856,18,STA,WIFI_DROP,
18.688,16,STA,WIFI_DROP,
18.688,18,STA,WIFI_DROP,
18.6904,16,STA,WIFI_DROP,
18.6904,18,STA,WIFI_DROP,
18.6928,16,STA,WIFI_DROP,
18.6928,18,STA,WIFI_DROP,
18.6952,16,STA,WIFI_DROP,
18.6952,18,STA,WIFI_DROP,
18.6976,16,STA,WIFI_DROP,
18.6976,18,STA,WIFI_DROP,
18.7,16,STA,WIFI_DROP,
18.7,18,STA,WIFI_DROP,
18.7024,16,STA,WIFI_DROP,
18.7024,18,STA,WIFI_DROP,
18.7048,16,STA,WIFI_DROP,
18.7048,18,STA,WIFI_DROP,
18.7072,16,STA,WIFI_DROP,
18.7072,18,STA,WIFI_DROP,
18.7096,16,STA,WIFI_DROP,
18.7096,18,STA,WIFI_DROP,
18.712,16,STA,WIFI_DROP,
18.712,18,STA,WIFI_DROP,
18.7144,16,STA,WIFI_DROP,
18.7144,18,STA,WIFI_DROP,
18.7168,16,STA,WIFI_DROP,
18.7168,18,STA,WIFI_DROP,
18.7192,16,STA,WIFI_DROP,
18.7192,18,STA,WIFI_DROP,
18.7216,16,STA,WIFI_DROP,
18.7216,18,STA,WIFI_DROP,
18.724,16,STA,WIFI_DROP,
18.724,18,STA,WIFI_DROP,
18.7264,16,STA,WIFI_DROP,
18.7264,18,STA,WIFI_DROP,
18.7288,16,STA,WIFI_DROP,
18.7288,18,STA,WIFI_DROP,
18.7312,16,STA,WIFI_DROP,
18.7312,18,STA,WIFI_DROP,
18.7336,16,STA,WIFI_DROP,
18.7336,18,STA,WIFI_DROP,
18.736,16,STA,WIFI_DROP,
18.736,18,STA,WIFI_DROP,
18.7384,16,STA,WIFI_DROP,
18.7384,18,STA,WIFI_DROP,
18.7408,16,STA,WIFI_DROP,
18.7408,18,STA,WIFI_DROP,
18.7432,16,STA,WIFI_DROP,
18.7432,18,STA,WIFI_DROP,
18.7456,16,STA,WIFI_DROP,
18.7456,18,STA,WIFI_DROP,
18.748,16,STA,WIFI_DROP,
18.748,18,STA,WIFI_DROP,
18.7504,16,STA,WIFI_DROP,
18.7504,18,STA,WIFI_DROP,
18.7528,16,STA,WIFI_DROP,
18.7528,18,STA,WIFI_DROP,
18.7552,16,STA,WIFI_DROP,
18.7552,18,STA,WIFI_DROP,
18.7576,16,STA,WIFI_DROP,
18.7576,18,STA,WIFI_DROP,
18.76,16,STA,WIFI_DROP,
18.76,18,STA,WIFI_DROP,
18.7624,16,STA,WIFI_DROP,
18.7624,18,STA,WIFI_DROP,
18.7648,16,STA,WIFI_DROP,
18.7648,18,STA,WIFI_DROP,
18.7672,16,STA,WIFI_DROP,
18.7672,18,STA,WIFI_DROP,
18.7696,16,STA,WIFI_DROP,
18.7696,18,STA,WIFI_DROP,
18.772,16,STA,WIFI_DROP,
18.772,18,STA,WIFI_DROP,
18.7744,16,STA,WIFI_DROP,
18.7744,18,STA,WIFI_DROP,
18.7768,16,STA,WIFI_DROP,
18.7768,18,STA,WIFI_DROP,
18.7792,16,STA,WIFI_DROP,
18.7792,18,STA,WIFI_DROP,
18.7816,16,STA,WIFI_DROP,
18.7816,18,STA,WIFI_DROP,
18.784,16,STA,WIFI_DROP,
18.784,18,STA,WIFI_DROP,
18.7864,16,STA,WIFI_DROP,
18.7864,18,STA,WIFI_DROP,
18.7888,16,STA,WIFI_DROP,
18.7888,18,STA,WIFI_DROP,
18.7912,16,STA,WIFI_DROP,
18.7912,18,STA,WIFI_DROP,
18.7936,16,STA,WIFI_DROP,
18.7936,18,STA,WIFI_DROP,
18.796,16,STA,WIFI_DROP,
18.796,18,STA,WIFI_DROP,
18.7984,16,STA,WIFI_DROP,
18.7984,18,STA,WIFI_DROP,
18.8008,16,STA,WIFI_DROP,
18.8008,18,STA,WIFI_DROP,
18.8032,16,STA,WIFI_DROP,
18.8032,18,STA,WIFI_DROP,
18.8056,16,STA,WIFI_DROP,
18.8056,18,STA,WIFI_DROP,
18.808,16,STA,WIFI_DROP,
18.808,18,STA,WIFI_DROP,
18.8104,16,STA,WIFI_DROP,
18.8104,18,STA,WIFI_DROP,
18.8128,16,STA,WIFI_DROP,
18.8128,18,STA,WIFI_DROP,
18.8152,16,STA,WIFI_DROP,
18.8152,18,STA,WIFI_DROP,
18.8176,16,STA,WIFI_DROP,
18.8176,18,STA,WIFI_DROP,
18.82,16,STA,WIFI_DROP,
18.82,18,STA,WIFI_DROP,
18.8224,16,STA,WIFI_DROP,
18.8224,18,STA,WIFI_DROP,
18.8248,16,STA,WIFI_DROP,
18.8248,18,STA,WIFI_DROP,
18.8272,16,STA,WIFI_DROP,
18.8272,18,STA,WIFI_DROP,
18.8296,16,STA,WIFI_DROP,
18.8296,18,STA,WIFI_DROP,
18.832,16,STA,WIFI_DROP,
18.832,18,STA,WIFI_DROP,
18.8344,16,STA,WIFI_DROP,
18.8344,18,STA,WIFI_DROP,
18.8368,16,STA,WIFI_DROP,
18.8368,18,STA,WIFI_DROP,
18.8392,16,STA,WIFI_DROP,
18.8392,18,STA,WIFI_DROP,
18.8416,16,STA,WIFI_DROP,
18.8416,18,STA,WIFI_DROP,
18.844,16,STA,WIFI_DROP,
18.844,18,STA,WIFI_DROP,
18.8464,16,STA,WIFI_DROP,
18.8464,18,STA,WIFI_DROP,
18.8488,15,STA,WIFI_DROP,
18.8488,16,STA,WIFI_DROP,
18.8488,18,STA,WIFI_DROP,
18.8512,15,STA,WIFI_DROP,
18.8512,16,STA,WIFI_DROP,
18.8512,18,STA,WIFI_DROP,
18.8536,15,STA,WIFI_DROP,
18.8536,16,STA,WIFI_DROP,
18.8536,18,STA,WIFI_DROP,
18.856,15,STA,WIFI_DROP,
18.856,16,STA,WIFI_DROP,
18.856,18,STA,WIFI_DROP,
18.8584,15,STA,WIFI_DROP,
18.8584,16,STA,WIFI_DROP,
18.8584,18,STA,WIFI_DROP,
18.8608,15,STA,WIFI_DROP,
18.8608,16,STA,WIFI_DROP,
18.8608,18,STA,WIFI_DROP,
18.8632,15,STA,WIFI_DROP,
18.8632,16,STA,WIFI_DROP,
18.8632,18,STA,WIFI_DROP,
18.8656,15,STA,WIFI_DROP,
18.8656,16,STA,WIFI_DROP,
18.8656,18,STA,WIFI_DROP,
18.868,15,STA,WIFI_DROP,
18.868,16,STA,WIFI_DROP,
18.868,18,STA,WIFI_DROP,
18.8704,15,STA,WIFI_DROP,
18.8704,16,STA,WIFI_DROP,
18.8704,18,STA,WIFI_DROP,
18.8728,15,STA,WIFI_DROP,
18.8728,16,STA,WIFI_DROP,
18.8728,18,STA,WIFI_DROP,
18.8752,15,STA,WIFI_DROP,
18.8752,16,STA,WIFI_DROP,
18.8752,18,STA,WIFI_DROP,
18.8776,15,STA,WIFI_DROP,
18.8776,16,STA,WIFI_DROP,
18.8776,18,STA,WIFI_DROP,
18.88,15,STA,WIFI_DROP,
18.88,16,STA,WIFI_DROP,
18.88,18,STA,WIFI_DROP,
18.8824,15,STA,WIFI_DROP,
18.8824,16,STA,WIFI_DROP,
18.8824,18,STA,WIFI_DROP,
18.8848,15,STA,WIFI_DROP,
18.8848,16,STA,WIFI_DROP,
18.8848,18,STA,WIFI_DROP,
18.8872,15,STA,WIFI_DROP,
18.8872,16,STA,WIFI_DROP,
18.8872,18,STA,WIFI_DROP,
18.8896,15,STA,WIFI_DROP,
18.8896,16,STA,WIFI_DROP,
18.8896,18,STA,WIFI_DROP,
18.892,15,STA,WIFI_DROP,
18.892,16,STA,WIFI_DROP,
18.892,18,STA,WIFI_DROP,
18.8944,15,STA,WIFI_DROP,
18.8944,16,STA,WIFI_DROP,
18.8944,18,STA,WIFI_DROP,
18.8968,15,STA,WIFI_DROP,
18.8968,16,STA,WIFI_DROP,
18.8968,18,STA,WIFI_DROP,
18.8992,15,STA,WIFI_DROP,
18.8992,16,STA,WIFI_DROP,
18.8992,18,STA,WIFI_DROP,
18.9016,15,STA,WIFI_DROP,
18.9016,16,STA,WIFI_DROP,
18.9016,18,STA,WIFI_DROP,
18.904,15,STA,WIFI_DROP,
18.904,16,STA,WIFI_DROP,
18.904,18,STA,WIFI_DROP,
18.9064,15,STA,WIFI_DROP,
18.9064,16,STA,WIFI_DROP,
18.9064,18,STA,WIFI_DROP,
18.9088,15,STA,WIFI_DROP,
18.9088,16,STA,WIFI_DROP,
18.9088,18,STA,WIFI_DROP,
18.9112,15,STA,WIFI_DROP,
18.9112,16,STA,WIFI_DROP,
18.9112,18,STA,WIFI_DROP,
18.9136,15,STA,WIFI_DROP,
18.9136,16,STA,WIFI_DROP,
18.9136,18,STA,WIFI_DROP,
18.916,15,STA,WIFI_DROP,
18.916,16,STA,WIFI_DROP,
18.916,18,STA,WIFI_DROP,
18.9184,15,STA,WIFI_DROP,
18.9184,16,STA,WIFI_DROP,
18.9184,18,STA,WIFI_DROP,
18.9208,15,STA,WIFI_DROP,
18.9208,16,STA,WIFI_DROP,
18.9208,18,STA,WIFI_DROP,
18.9232,15,STA,WIFI_DROP,
18.9232,16,STA,WIFI_DROP,
18.9232,18,STA,WIFI_DROP,
18.9256,15,STA,WIFI_DROP,
18.9256,16,STA,WIFI_DROP,
18.9256,18,STA,WIFI_DROP,
18.928,15,STA,WIFI_DROP,
18.928,16,STA,WIFI_DROP,
18.928,18,STA,WIFI_DROP,
18.9304,15,STA,WIFI_DROP,
18.9304,16,STA,WIFI_DROP,
18.9304,18,STA,WIFI_DROP,
18.9328,15,STA,WIFI_DROP,
18.9328,16,STA,WIFI_DROP,
18.9328,18,STA,WIFI_DROP,
18.9352,15,STA,WIFI_DROP,
18.9352,16,STA,WIFI_DROP,
18.9376,15,STA,WIFI_DROP,
18.9376,16,STA,WIFI_DROP,
18.94,15,STA,WIFI_DROP,
18.94,16,STA,WIFI_DROP,
18.9424,15,STA,WIFI_DROP,
18.9448,15,STA,WIFI_DROP,
18.9472,15,STA,WIFI_DROP,
18.9496,15,STA,WIFI_DROP,
18.952,15,STA,WIFI_DROP,
18.9544,15,STA,WIFI_DROP,
18.9568,15,STA,WIFI_DROP,
18.9592,15,STA,WIFI_DROP,
18.9616,15,STA,WIFI_DROP,
18.964,15,STA,WIFI_DROP,
18.9664,15,STA,WIFI_DROP,
18.9688,15,STA,WIFI_DROP,
18.9712,15,STA,WIFI_DROP,
18.9736,15,STA,WIFI_DROP,
18.976,15,STA,WIFI_DROP,
18.9784,15,STA,WIFI_DROP,
18.9808,15,STA,WIFI_DROP,
18.9832,15,STA,WIFI_DROP,
18.9856,15,STA,WIFI_DROP,
18.988,15,STA,WIFI_DROP,
18.9904,15,STA,WIFI_DROP,
18.9928,15,STA,WIFI_DROP,
18.9952,15,STA,WIFI_DROP,
18.9976,15,STA,WIFI_DROP,
19,3,STA,THROUGHPUT_MBPS,0.840000
19,4,STA,THROUGHPUT_MBPS,0.984000
19,5,STA,THROUGHPUT_MBPS,2.640000
19,7,STA,THROUGHPUT_MBPS,0.744000
19,8,STA,THROUGHPUT_MBPS,2.532000
19,9,STA,THROUGHPUT_MBPS,3.684000
19,11,STA,THROUGHPUT_MBPS,4.320000
19,12,STA,THROUGHPUT_MBPS,2.316000
19,14,STA,THROUGHPUT_MBPS,2.760000
19,16,STA,THROUGHPUT_MBPS,0.192000
19,20,STA,THROUGHPUT_MBPS,3.492000
19,1,AP,AGGREGATE_THROUGHPUT_MBPS,24.504000
19,1,AP,SENT_COUNT,8320.000000
19,1,AP,RECV_COUNT,2042.000000
19,1,AP,LATENCY_P95_MS,538.619174
19,15,STA,WIFI_DROP,
19.0024,15,STA,WIFI_DROP,
19.0048,15,STA,WIFI_DROP,
19.0072,15,STA,WIFI_DROP,
19.0096,15,STA,WIFI_DROP,
19.012,15,STA,WIFI_DROP,
19.0144,15,STA,WIFI_DROP,
19.0168,15,STA,WIFI_DROP,
19.0192,15,STA,WIFI_DROP,
19.0216,15,STA,WIFI_DROP,
19.024,15,STA,WIFI_DROP,
19.0264,15,STA,WIFI_DROP,
19.0288,15,STA,WIFI_DROP,
19.0312,15,STA,WIFI_DROP,
19.0336,15,STA,WIFI_DROP,
19.036,15,STA,WIFI_DROP,
19.0384,15,STA,WIFI_DROP,
19.0408,15,STA,WIFI_DROP,
19.0432,15,STA,WIFI_DROP,
19.0456,15,STA,WIFI_DROP,
19.048,15,STA,WIFI_DROP,
19.0504,15,STA,WIFI_DROP,
19.0528,15,STA,WIFI_DROP,
19.0552,15,STA,WIFI_DROP,
19.0576,15,STA,WIFI_DROP,
19.06,15,STA,WIFI_DROP,
19.0624,15,STA,WIFI_DROP,
19.0648,15,STA,WIFI_DROP,
19.0672,15,STA,WIFI_DROP,
19.0696,15,STA,WIFI_DROP,
19.072,15,STA,WIFI_DROP,
19.0744,15,STA,WIFI_DROP,
19.0768,15,STA,WIFI_DROP,
19.0792,15,STA,WIFI_DROP,
19.0816,15,STA,WIFI_DROP,
19.084,15,STA,WIFI_DROP,
19.0864,15,STA,WIFI_DROP,
19.0888,15,STA,WIFI_DROP,
19.0912,15,STA,WIFI_DROP,
19.0936,15,STA,WIFI_DROP,
19.096,15,STA,WIFI_DROP,
19.0984,15,STA,WIFI_DROP,
19.1008,15,STA,WIFI_DROP,
19.1032,15,STA,WIFI_DROP,
19.1056,15,STA,WIFI_DROP,
19.108,15,STA,WIFI_DROP,
19.1104,15,STA,WIFI_DROP,
19.1128,15,STA,WIFI_DROP,
19.1152,15,STA,WIFI_DROP,
19.1176,15,STA,WIFI_DROP,
19.12,15,STA,WIFI_DROP,
19.1224,15,STA,WIFI_DROP,
19.1248,15,STA,WIFI_DROP,
19.1272,15,STA,WIFI_DROP,
19.1296,15,STA,WIFI_DROP,
19.132,15,STA,WIFI_DROP,
19.1344,15,STA,WIFI_DROP,
19.1368,15,STA,WIFI_DROP,
19.1392,15,STA,WIFI_DROP,
19.1416,15,STA,WIFI_DROP,
19.144,15,STA,WIFI_DROP,
19.1464,15,STA,WIFI_DROP,
19.1488,15,STA,WIFI_DROP,
19.1512,15,STA,WIFI_DROP,
19.1536,12,STA,WIFI_DROP,
19.1536,15,STA,WIFI_DROP,
19.156,12,STA,WIFI_DROP,
19.156,15,STA,WIFI_DROP,
19.1584,12,STA,WIFI_DROP,
19.1584,15,STA,WIFI_DROP,
19.1608,12,STA,WIFI_DROP,
19.1608,15,STA,WIFI_DROP,
19.1632,12,STA,WIFI_DROP,
19.1632,15,STA,WIFI_DROP,
19.1656,12,STA,WIFI_DROP,
19.1656,15,STA,WIFI_DROP,
19.168,12,STA,WIFI_DROP,
19.168,15,STA,WIFI_DROP,
19.1704,12,STA,WIFI_DROP,
19.1704,15,STA,WIFI_DROP,
19.1728,12,STA,WIFI_DROP,
19.1728,15,STA,WIFI_DROP,
19.1752,12,STA,WIFI_DROP,
19.1752,15,STA,WIFI_DROP,
19.1776,12,STA,WIFI_DROP,
19.1776,15,STA,WIFI_DROP,
19.18,12,STA,WIFI_DROP,
19.18,15,STA,WIFI_DROP,
19.1824,12,STA,WIFI_DROP,
19.1824,15,STA,WIFI_DROP,
19.1848,12,STA,WIFI_DROP,
19.1848,15,STA,WIFI_DROP,
19.1872,12,STA,WIFI_DROP,
19.1872,15,STA,WIFI_DROP,
19.1896,12,STA,WIFI_DROP,
19.1896,15,STA,WIFI_DROP,
19.192,12,STA,WIFI_DROP,
19.192,15,STA,WIFI_DROP,
19.1944,12,STA,WIFI_DROP,
19.1944,15,STA,WIFI_DROP,
19.1968,12,STA,WIFI_DROP,
19.1968,15,STA,WIFI_DROP,
19.1992,12,STA,WIFI_DROP,
19.1992,15,STA,WIFI_DROP,
19.2016,12,STA,WIFI_DROP,
19.2016,15,STA,WIFI_DROP,
19.204,12,STA,WIFI_DROP,
19.204,15,STA,WIFI_DROP,
19.2064,12,STA,WIFI_DROP,
19.2064,15,STA,WIFI_DROP,
19.2088,12,STA,WIFI_DROP,
19.2088,15,STA,WIFI_DROP,
19.2112,12,STA,WIFI_DROP,
19.2112,15,STA,WIFI_DROP,
19.2136,12,STA,WIFI_DROP,
19.2136,15,STA,WIFI_DROP,
19.216,12,STA,WIFI_DROP,
19.216,15,STA,WIFI_DROP,
19.2184,12,STA,WIFI_DROP,
19.2184,15,STA,WIFI_DROP,
19.2208,12,STA,WIFI_DROP,
19.2208,15,STA,WIFI_DROP,
19.2232,12,STA,WIFI_DROP,
19.2232,15,STA,WIFI_DROP,
19.2256,12,STA,WIFI_DROP,
19.2256,15,STA,WIFI_DROP,
19.228,12,STA,WIFI_DROP,
19.228,15,STA,WIFI_DROP,
19.2304,12,STA,WIFI_DROP,
19.2304,15,STA,WIFI_DROP,
19.2328,12,STA,WIFI_DROP,
19.2328,15,STA,WIFI_DROP,
19.2352,12,STA,WIFI_DROP,
19.2352,15,STA,WIFI_DROP,
19.2376,12,STA,WIFI_DROP,
19.2376,15,STA,WIFI_DROP,
19.24,12,STA,WIFI_DROP,
19.24,15,STA,WIFI_DROP,
19.2424,12,STA,WIFI_DROP,
19.2424,15,STA,WIFI_DROP,
19.2448,12,STA,WIFI_DROP,
19.2448,15,STA,WIFI_DROP,
19.2472,12,STA,WIFI_DROP,
19.2472,15,STA,WIFI_DROP,
19.2496,12,STA,WIFI_DROP,
19.2496,15,STA,WIFI_DROP,
19.252,12,STA,WIFI_DROP,
19.252,15,STA,WIFI_DROP,
19.2544,12,STA,WIFI_DROP,
19.2544,15,STA,WIFI_DROP,
19.2568,10,STA,WIFI_DROP,
19.2568,12,STA,WIFI_DROP,
19.2568,15,STA,WIFI_DROP,
19.2592,10,STA,WIFI_DROP,
19.2592,12,STA,WIFI_DROP,
19.2592,15,STA,WIFI_DROP,
19.2616,10,STA,WIFI_DROP,
19.2616,12,STA,WIFI_DROP,
19.2616,15,STA,WIFI_DROP,
19.264,10,STA,WIFI_DROP,
19.264,12,STA,WIFI_DROP,
19.264,15,STA,WIFI_DROP,
19.2664,10,STA,WIFI_DROP,
19.2664,12,STA,WIFI_DROP,
19.2664,15,STA,WIFI_DROP,
19.2688,10,STA,WIFI_DROP,
19.2688,12,STA,WIFI_DROP,
19.2688,15,STA,WIFI_DROP,
19.2712,10,STA,WIFI_DROP,
19.2712,12,STA,WIFI_DROP,
19.2712,15,STA,WIFI_DROP,
19.2736,10,STA,WIFI_DROP,
19.2736,12,STA,WIFI_DROP,
19.2736,15,STA,WIFI_DROP,
19.276,10,STA,WIFI_DROP,
19.276,12,STA,WIFI_DROP,
19.276,15,STA,WIFI_DROP,
19.2784,10,STA,WIFI_DROP,
19.2784,12,STA,WIFI_DROP,
19.2784,15,STA,WIFI_DROP,
19.2808,10,STA,WIFI_DROP,
19.2808,12,STA,WIFI_DROP,
19.2808,15,STA,WIFI_DROP,
19.2832,10,STA,WIFI_DROP,
19.2832,12,STA,WIFI_DROP,
19.2832,15,STA,WIFI_DROP,
19.2856,10,STA,WIFI_DROP,
19.2856,12,STA,WIFI_DROP,
19.2856,15,STA,WIFI_DROP,
19.288,10,STA,WIFI_DROP,
19.288,12,STA,WIFI_DROP,
19.288,15,STA,WIFI_DROP,
19.2904,10,STA,WIFI_DROP,
19.2904,12,STA,WIFI_DROP,
19.2904,15,STA,WIFI_DROP,
19.2928,10,STA,WIFI_DROP,
19.2928,12,STA,WIFI_DROP,
19.2928,15,STA,WIFI_DROP,
19.2952,10,STA,WIFI_DROP,
19.2952,12,STA,WIFI_DROP,
19.2952,15,STA,WIFI_DROP,
19.2976,10,STA,WIFI_DROP,
19.2976,12,STA,WIFI_DROP,
19.2976,15,STA,WIFI_DROP,
19.3,10,STA,WIFI_DROP,
19.3,12,STA,WIFI_DROP,
19.3024,10,STA,WIFI_DROP,
19.3024,12,STA,WIFI_DROP,
19.3048,10,STA,WIFI_DROP,
19.3072,10,STA,WIFI_DROP,
19.3096,10,STA,WIFI_DROP,
19.312,10,STA,WIFI_DROP,
19.3144,10,STA,WIFI_DROP,
19.3168,10,STA,WIFI_DROP,
19.3192,10,STA,WIFI_DROP,
19.3216,10,STA,WIFI_DROP,
19.324,10,STA,WIFI_DROP,
19.3264,10,STA,WIFI_DROP,
19.3288,10,STA,WIFI_DROP,
19.3312,10,STA,WIFI_DROP,
19.3336,10,STA,WIFI_DROP,
19.336,10,STA,WIFI_DROP,
19.3384,10,STA,WIFI_DROP,
19.3408,10,STA,WIFI_DROP,
19.3432,10,STA,WIFI_DROP,
19.3456,10,STA,WIFI_DROP,
19.348,10,STA,WIFI_DROP,
19.3504,10,STA,WIFI_DROP,
19.3528,10,STA,WIFI_DROP,
19.3552,10,STA,WIFI_DROP,
19.3576,10,STA,WIFI_DROP,
19.36,10,STA,WIFI_DROP,
19.3624,10,STA,WIFI_DROP,
19.3648,10,STA,WIFI_DROP,
19.3672,10,STA,WIFI_DROP,
19.3696,10,STA,WIFI_DROP,
19.372,10,STA,WIFI_DROP,
19.3744,10,STA,WIFI_DROP,
19.3768,10,STA,WIFI_DROP,
19.3792,10,STA,WIFI_DROP,
19.3816,10,STA,WIFI_DROP,
19.384,10,STA,WIFI_DROP,
19.3864,10,STA,WIFI_DROP,
19.3888,10,STA,WIFI_DROP,
19.3912,10,STA,WIFI_DROP,
19.3936,10,STA,WIFI_DROP,
19.396,10,STA,WIFI_DROP,
19.3984,10,STA,WIFI_DROP,
19.4008,10,STA,WIFI_DROP,
19.4032,10,STA,WIFI_DROP,
19.4056,10,STA,WIFI_DROP,
19.408,10,STA,WIFI_DROP,
19.4104,10,STA,WIFI_DROP,
19.4128,10,STA,WIFI_DROP,
19.4152,10,STA,WIFI_DROP,
19.4176,10,STA,WIFI_DROP,
19.42,10,STA,WIFI_DROP,
19.4224,10,STA,WIFI_DROP,
19.4248,10,STA,WIFI_DROP,
19.4272,10,STA,WIFI_DROP,
19.4296,10,STA,WIFI_DROP,
19.432,10,STA,WIFI_DROP,
19.4344,10,STA,WIFI_DROP,
19.4368,10,STA,WIFI_DROP,
19.4392,10,STA,WIFI_DROP,
19.4416,10,STA,WIFI_DROP,
19.444,10,STA,WIFI_DROP,
19.4464,10,STA,WIFI_DROP,
19.4488,10,STA,WIFI_DROP,
19.4512,10,STA,WIFI_DROP,
19.4536,10,STA,WIFI_DROP,
19.456,10,STA,WIFI_DROP,
19.4584,10,STA,WIFI_DROP,
19.4584,18,STA,WIFI_DROP,
19.4608,10,STA,WIFI_DROP,
19.4608,18,STA,WIFI_DROP,
19.4632,10,STA,WIFI_DROP,
19.4632,18,STA,WIFI_DROP,
19.4656,4,STA,WIFI_DROP,
19.4656,10,STA,WIFI_DROP,
19.4656,18,STA,WIFI_DROP,
19.468,4,STA,WIFI_DROP,
19.468,10,STA,WIFI_DROP,
19.468,18,STA,WIFI_DROP,
19.4704,4,STA,WIFI_DROP,
19.4704,10,STA,WIFI_DROP,
19.4704,18,STA,WIFI_DROP,
19.4728,4,STA,WIFI_DROP,
19.4728,10,STA,WIFI_DROP,
19.4728,18,STA,WIFI_DROP,
19.4752,4,STA,WIFI_DROP,
19.4752,10,STA,WIFI_DROP,
19.4752,18,STA,WIFI_DROP,
19.4776,4,STA,WIFI_DROP,
19.4776,10,STA,WIFI_DROP,
19.4776,18,STA,WIFI_DROP,
19.48,4,STA,WIFI_DROP,
19.48,10,STA,WIFI_DROP,
19.48,18,STA,WIFI_DROP,
19.4824,4,STA,WIFI_DROP,
19.4824,10,STA,WIFI_DROP,
19.4824,18,STA,WIFI_DROP,
19.4848,4,STA,WIFI_DROP,
19.4848,10,STA,WIFI_DROP,
19.4848,18,STA,WIFI_DROP,
19.4872,4,STA,WIFI_DROP,
19.4872,10,STA,WIFI_DROP,
19.4872,18,STA,WIFI_DROP,
19.4896,4,STA,WIFI_DROP,
19.4896,10,STA,WIFI_DROP,
19.4896,18,STA,WIFI_DROP,
19.492,4,STA,WIFI_DROP,
19.492,10,STA,WIFI_DROP,
19.492,18,STA,WIFI_DROP,
19.4944,4,STA,WIFI_DROP,
19.4944,10,STA,WIFI_DROP,
19.4944,18,STA,WIFI_DROP,
19.4968,4,STA,WIFI_DROP,
19.4968,10,STA,WIFI_DROP,
19.4968,18,STA,WIFI_DROP,
19.4992,4,STA,WIFI_DROP,
19.4992,10,STA,WIFI_DROP,
19.4992,18,STA,WIFI_DROP,
19.5016,4,STA,WIFI_DROP,
19.5016,10,STA,WIFI_DROP,
19.5016,18,STA,WIFI_DROP,
19.504,4,STA,WIFI_DROP,
19.504,10,STA,WIFI_DROP,
19.504,18,STA,WIFI_DROP,
19.5064,4,STA,WIFI_DROP,
19.5064,10,STA,WIFI_DROP,
19.5064,18,STA,WIFI_DROP,
19.5088,4,STA,WIFI_DROP,
19.5088,10,STA,WIFI_DROP,
19.5088,18,STA,WIFI_DROP,
19.5112,4,STA,WIFI_DROP,
19.5112,10,STA,WIFI_DROP,
19.5112,18,STA,WIFI_DROP,
19.5136,4,STA,WIFI_DROP,
19.5136,10,STA,WIFI_DROP,
19.5136,18,STA,WIFI_DROP,
19.516,4,STA,WIFI_DROP,
19.516,10,STA,WIFI_DROP,
19.516,18,STA,WIFI_DROP,
19.5184,4,STA,WIFI_DROP,
19.5184,10,STA,WIFI_DROP,
19.5184,18,STA,WIFI_DROP,
19.5208,4,STA,WIFI_DROP,
19.5208,10,STA,WIFI_DROP,
19.5208,18,STA,WIFI_DROP,
19.5232,4,STA,WIFI_DROP,
19.5232,10,STA,WIFI_DROP,
19.5232,18,STA,WIFI_DROP,
19.5256,4,STA,WIFI_DROP,
19.5256,10,STA,WIFI_DROP,
19.5256,18,STA,WIFI_DROP,
19.528,4,STA,WIFI_DROP,
19.528,10,STA,WIFI_DROP,
19.528,18,STA,WIFI_DROP,
19.5304,4,STA,WIFI_DROP,
19.5304,10,STA,WIFI_DROP,
19.5304,18,STA,WIFI_DROP,
19.5328,4,STA,WIFI_DROP,
19.5328,10,STA,WIFI_DROP,
19.5328,18,STA,WIFI_DROP,
19.5352,4,STA,WIFI_DROP,
19.5352,10,STA,WIFI_DROP,
19.5352,18,STA,WIFI_DROP,
19.5376,4,STA,WIFI_DROP,
19.5376,10,STA,WIFI_DROP,
19.5376,18,STA,WIFI_DROP,
19.54,4,STA,WIFI_DROP,
19.54,10,STA,WIFI_DROP,
19.54,18,STA,WIFI_DROP,
19.5424,4,STA,WIFI_DROP,
19.5424,10,STA,WIFI_DROP,
19.5424,18,STA,WIFI_DROP,
19.5448,4,STA,WIFI_DROP,
19.5448,10,STA,WIFI_DROP,
19.5448,18,STA,WIFI_DROP,
19.5472,4,STA,WIFI_DROP,
19.5472,10,STA,WIFI_DROP,
19.5472,18,STA,WIFI_DROP,
19.5496,4,STA,WIFI_DROP,
19.5496,10,STA,WIFI_DROP,
19.5496,18,STA,WIFI_DROP,
19.552,4,STA,WIFI_DROP,
19.552,10,STA,WIFI_DROP,
19.552,18,STA,WIFI_DROP,
19.5544,4,STA,WIFI_DROP,
19.5544,10,STA,WIFI_DROP,
19.5544,18,STA,WIFI_DROP,
19.5568,4,STA,WIFI_DROP,
19.5568,10,STA,WIFI_DROP,
19.5568,18,STA,WIFI_DROP,
19.5592,4,STA,WIFI_DROP,
19.5592,10,STA,WIFI_DROP,
19.5592,18,STA,WIFI_DROP,
19.5616,4,STA,WIFI_DROP,
19.5616,10,STA,WIFI_DROP,
19.5616,18,STA,WIFI_DROP,
19.564,4,STA,WIFI_DROP,
19.564,10,STA,WIFI_DROP,
19.564,18,STA,WIFI_DROP,
19.5664,4,STA,WIFI_DROP,
19.5664,10,STA,WIFI_DROP,
19.5664,18,STA,WIFI_DROP,
19.5688,4,STA,WIFI_DROP,
19.5688,10,STA,WIFI_DROP,
19.5688,18,STA,WIFI_DROP,
19.5712,4,STA,WIFI_DROP,
19.5712,10,STA,WIFI_DROP,
19.5712,18,STA,WIFI_DROP,
19.5736,4,STA,WIFI_DROP,
19.5736,10,STA,WIFI_DROP,
19.5736,18,STA,WIFI_DROP,
19.576,4,STA,WIFI_DROP,
19.576,10,STA,WIFI_DROP,
19.576,18,STA,WIFI_DROP,
19.5784,4,STA,WIFI_DROP,
19.5784,10,STA,WIFI_DROP,
19.5784,18,STA,WIFI_DROP,
19.5808,4,STA,WIFI_DROP,
19.5808,10,STA,WIFI_DROP,
19.5808,18,STA,WIFI_DROP,
19.5832,4,STA,WIFI_DROP,
19.5832,10,STA,WIFI_DROP,
19.5832,18,STA,WIFI_DROP,
19.5856,4,STA,WIFI_DROP,
19.5856,10,STA,WIFI_DROP,
19.5856,18,STA,WIFI_DROP,
19.588,4,STA,WIFI_DROP,
19.588,10,STA,WIFI_DROP,
19.588,18,STA,WIFI_DROP,
19.5904,4,STA,WIFI_DROP,
19.5904,10,STA,WIFI_DROP,
19.5904,18,STA,WIFI_DROP,
19.5928,4,STA,WIFI_DROP,
19.5928,10,STA,WIFI_DROP,
19.5928,18,STA,WIFI_DROP,
19.5952,4,STA,WIFI_DROP,
19.5952,10,STA,WIFI_DROP,
19.5952,18,STA,WIFI_DROP,
19.5976,4,STA,WIFI_DROP,
19.5976,10,STA,WIFI_DROP,
19.5976,18,STA,WIFI_DROP,
19.6,4,STA,WIFI_DROP,
19.6,10,STA,WIFI_DROP,
19.6,18,STA,WIFI_DROP,
19.6024,4,STA,WIFI_DROP,
19.6024,10,STA,WIFI_DROP,
19.6024,18,STA,WIFI_DROP,
19.6048,4,STA,WIFI_DROP,
19.6048,10,STA,WIFI_DROP,
19.6048,18,STA,WIFI_DROP,
19.6072,4,STA,WIFI_DROP,
19.6072,10,STA,WIFI_DROP,
19.6072,18,STA,WIFI_DROP,
19.6096,4,STA,WIFI_DROP,
19.6096,10,STA,WIFI_DROP,
19.6096,18,STA,WIFI_DROP,
19.612,4,STA,WIFI_DROP,
19.612,10,STA,WIFI_DROP,
19.612,18,STA,WIFI_DROP,
19.6144,4,STA,WIFI_DROP,
19.6144,10,STA,WIFI_DROP,
19.6144,18,STA,WIFI_DROP,
19.6168,4,STA,WIFI_DROP,
19.6168,10,STA,WIFI_DROP,
19.6168,18,STA,WIFI_DROP,
19.6192,4,STA,WIFI_DROP,
19.6192,10,STA,WIFI_DROP,
19.6192,18,STA,WIFI_DROP,
19.6216,4,STA,WIFI_DROP,
19.6216,10,STA,WIFI_DROP,
19.6216,18,STA,WIFI_DROP,
19.624,4,STA,WIFI_DROP,
19.624,10,STA,WIFI_DROP,
19.624,18,STA,WIFI_DROP,
19.6264,4,STA,WIFI_DROP,
19.6264,10,STA,WIFI_DROP,
19.6264,18,STA,WIFI_DROP,
19.6288,4,STA,WIFI_DROP,
19.6288,10,STA,WIFI_DROP,
19.6288,18,STA,WIFI_DROP,
19.6312,4,STA,WIFI_DROP,
19.6312,10,STA,WIFI_DROP,
19.6312,18,STA,WIFI_DROP,
19.6336,4,STA,WIFI_DROP,
19.6336,10,STA,WIFI_DROP,
19.6336,18,STA,WIFI_DROP,
19.636,4,STA,WIFI_DROP,
19.636,10,STA,WIFI_DROP,
19.636,18,STA,WIFI_DROP,
19.6384,4,STA,WIFI_DROP,
19.6384,10,STA,WIFI_DROP,
19.6384,18,STA,WIFI_DROP,
19.6408,4,STA,WIFI_DROP,
19.6408,10,STA,WIFI_DROP,
19.6408,18,STA,WIFI_DROP,
19.6432,4,STA,WIFI_DROP,
19.6432,10,STA,WIFI_DROP,
19.6432,18,STA,WIFI_DROP,
19.6456,4,STA,WIFI_DROP,
19.6456,10,STA,WIFI_DROP,
19.6456,18,STA,WIFI_DROP,
19.648,4,STA,WIFI_DROP,
19.648,10,STA,WIFI_DROP,
19.648,18,STA,WIFI_DROP,
19.6504,4,STA,WIFI_DROP,
19.6504,10,STA,WIFI_DROP,
19.6504,18,STA,WIFI_DROP,
19.6528,4,STA,WIFI_DROP,
19.6528,10,STA,WIFI_DROP,
19.6528,18,STA,WIFI_DROP,
19.6552,4,STA,WIFI_DROP,
19.6552,10,STA,WIFI_DROP,
19.6552,18,STA,WIFI_DROP,
19.6576,4,STA,WIFI_DROP,
19.6576,10,STA,WIFI_DROP,
19.6576,18,STA,WIFI_DROP,
19.66,4,STA,WIFI_DROP,
19.66,10,STA,WIFI_DROP,
19.66,18,STA,WIFI_DROP,
19.6624,4,STA,WIFI_DROP,
19.6624,10,STA,WIFI_DROP,
19.6624,18,STA,WIFI_DROP,
19.6648,4,STA,WIFI_DROP,
19.6648,10,STA,WIFI_DROP,
19.6648,18,STA,WIFI_DROP,
19.6672,10,STA,WIFI_DROP,
19.6672,18,STA,WIFI_DROP,
19.6696,10,STA,WIFI_DROP,
19.6696,18,STA,WIFI_DROP,
19.672,10,STA,WIFI_DROP,
19.672,18,STA,WIFI_DROP,
19.6744,10,STA,WIFI_DROP,
19.6744,18,STA,WIFI_DROP,
19.6768,10,STA,WIFI_DROP,
19.6768,18,STA,WIFI_DROP,
19.6792,10,STA,WIFI_DROP,
19.6792,18,STA,WIFI_DROP,
19.6816,10,STA,WIFI_DROP,
19.6816,18,STA,WIFI_DROP,
19.684,10,STA,WIFI_DROP,
19.684,18,STA,WIFI_DROP,
19.6864,10,STA,WIFI_DROP,
19.6864,18,STA,WIFI_DROP,
19.6888,10,STA,WIFI_DROP,
19.6888,18,STA,WIFI_DROP,
19.6912,10,STA,WIFI_DROP,
19.6912,18,STA,WIFI_DROP,
19.6936,10,STA,WIFI_DROP,
19.6936,18,STA,WIFI_DROP,
19.696,10,STA,WIFI_DROP,
19.696,18,STA,WIFI_DROP,
19.6984,10,STA,WIFI_DROP,
19.6984,18,STA,WIFI_DROP,
19.7008,10,STA,WIFI_DROP,
19.7008,18,STA,WIFI_DROP,
19.7032,10,STA,WIFI_DROP,
19.7032,18,STA,WIFI_DROP,
19.7056,10,STA,WIFI_DROP,
19.7056,18,STA,WIFI_DROP,
19.708,10,STA,WIFI_DROP,
19.708,18,STA,WIFI_DROP,
19.7104,10,STA,WIFI_DROP,
19.7104,18,STA,WIFI_DROP,
19.7128,10,STA,WIFI_DROP,
19.7128,18,STA,WIFI_DROP,
19.7152,10,STA,WIFI_DROP,
19.7152,18,STA,WIFI_DROP,
19.7176,10,STA,WIFI_DROP,
19.7176,18,STA,WIFI_DROP,
19.72,10,STA,WIFI_DROP,
19.72,18,STA,WIFI_DROP,
19.7224,10,STA,WIFI_DROP,
19.7224,18,STA,WIFI_DROP,
19.7248,10,STA,WIFI_DROP,
19.7248,18,STA,WIFI_DROP,
19.7272,10,STA,WIFI_DROP,
19.7272,18,STA,WIFI_DROP,
19.7296,10,STA,WIFI_DROP,
19.7296,18,STA,WIFI_DROP,
19.732,10,STA,WIFI_DROP,
19.732,18,STA,WIFI_DROP,
19.7344,10,STA,WIFI_DROP,
19.7344,18,STA,WIFI_DROP,
19.7368,10,STA,WIFI_DROP,
19.7368,18,STA,WIFI_DROP,
19.7392,10,STA,WIFI_DROP,
19.7392,18,STA,WIFI_DROP,
19.7416,10,STA,WIFI_DROP,
19.7416,18,STA,WIFI_DROP,
19.744,10,STA,WIFI_DROP,
19.744,18,STA,WIFI_DROP,
19.7464,10,STA,WIFI_DROP,
19.7464,18,STA,WIFI_DROP,
19.7488,10,STA,WIFI_DROP,
19.7488,18,STA,WIFI_DROP,
19.7512,10,STA,WIFI_DROP,
19.7512,18,STA,WIFI_DROP,
19.7536,10,STA,WIFI_DROP,
19.7536,18,STA,WIFI_DROP,
19.756,10,STA,WIFI_DROP,
19.756,18,STA,WIFI_DROP,
19.7584,10,STA,WIFI_DROP,
19.7584,18,STA,WIFI_DROP,
19.7608,10,STA,WIFI_DROP,
19.7608,18,STA,WIFI_DROP,
19.7632,10,STA,WIFI_DROP,
19.7632,18,STA,WIFI_DROP,
19.7656,10,STA,WIFI_DROP,
19.7656,18,STA,WIFI_DROP,
19.768,10,STA,WIFI_DROP,
19.768,18,STA,WIFI_DROP,
19.7704,10,STA,WIFI_DROP,
19.7704,18,STA,WIFI_DROP,
19.7728,10,STA,WIFI_DROP,
19.7728,18,STA,WIFI_DROP,
19.7752,10,STA,WIFI_DROP,
19.7752,18,STA,WIFI_DROP,
19.7776,10,STA,WIFI_DROP,
19.7776,18,STA,WIFI_DROP,
19.78,10,STA,WIFI_DROP,
19.78,18,STA,WIFI_DROP,
19.7824,10,STA,WIFI_DROP,
19.7824,18,STA,WIFI_DROP,
19.7848,10,STA,WIFI_DROP,
19.7848,18,STA,WIFI_DROP,
19.7872,10,STA,WIFI_DROP,
19.7872,18,STA,WIFI_DROP,
19.7896,10,STA,WIFI_DROP,
19.7896,18,STA,WIFI_DROP,
19.792,10,STA,WIFI_DROP,
19.792,18,STA,WIFI_DROP,
19.7944,10,STA,WIFI_DROP,
19.7944,18,STA,WIFI_DROP,
19.7968,10,STA,WIFI_DROP,
19.7968,18,STA,WIFI_DROP,
19.7992,10,STA,WIFI_DROP,
19.7992,18,STA,WIFI_DROP,
19.8016,10,STA,WIFI_DROP,
19.8016,18,STA,WIFI_DROP,
19.804,10,STA,WIFI_DROP,
19.804,18,STA,WIFI_DROP,
19.8064,10,STA,WIFI_DROP,
19.8064,18,STA,WIFI_DROP,
19.8088,10,STA,WIFI_DROP,
19.8088,18,STA,WIFI_DROP,
19.8112,10,STA,WIFI_DROP,
19.8112,18,STA,WIFI_DROP,
19.8136,10,STA,WIFI_DROP,
19.8136,18,STA,WIFI_DROP,
19.816,10,STA,WIFI_DROP,
19.816,18,STA,WIFI_DROP,
19.8184,10,STA,WIFI_DROP,
19.8184,18,STA,WIFI_DROP,
19.8208,10,STA,WIFI_DROP,
19.8208,18,STA,WIFI_DROP,
19.8232,10,STA,WIFI_DROP,
19.8232,18,STA,WIFI_DROP,
19.8256,10,STA,WIFI_DROP,
19.8256,18,STA,WIFI_DROP,
19.828,10,STA,WIFI_DROP,
19.828,18,STA,WIFI_DROP,
19.8304,10,STA,WIFI_DROP,
19.8304,18,STA,WIFI_DROP,
19.8328,10,STA,WIFI_DROP,
19.8328,18,STA,WIFI_DROP,
19.8352,10,STA,WIFI_DROP,
19.8352,18,STA,WIFI_DROP,
19.8376,10,STA,WIFI_DROP,
19.8376,18,STA,WIFI_DROP,
19.84,10,STA,WIFI_DROP,
19.84,18,STA,WIFI_DROP,
19.8424,10,STA,WIFI_DROP,
19.8424,18,STA,WIFI_DROP,
19.8448,10,STA,WIFI_DROP,
19.8448,18,STA,WIFI_DROP,
19.8472,10,STA,WIFI_DROP,
19.8472,18,STA,WIFI_DROP,
19.8496,10,STA,WIFI_DROP,
19.8496,18,STA,WIFI_DROP,
19.852,10,STA,WIFI_DROP,
19.852,18,STA,WIFI_DROP,
19.8544,10,STA,WIFI_DROP,
19.8544,18,STA,WIFI_DROP,
19.8568,10,STA,WIFI_DROP,
19.8568,18,STA,WIFI_DROP,
19.8592,10,STA,WIFI_DROP,
19.8592,18,STA,WIFI_DROP,
19.8616,10,STA,WIFI_DROP,
19.8616,18,STA,WIFI_DROP,
19.864,10,STA,WIFI_DROP,
19.864,18,STA,WIFI_DROP,
19.8664,10,STA,WIFI_DROP,
19.8664,18,STA,WIFI_DROP,
19.8688,10,STA,WIFI_DROP,
19.8688,18,STA,WIFI_DROP,
19.8712,10,STA,WIFI_DROP,
19.8712,18,STA,WIFI_DROP,
19.8736,10,STA,WIFI_DROP,
19.8736,18,STA,WIFI_DROP,
19.876,10,STA,WIFI_DROP,
19.876,18,STA,WIFI_DROP,
19.8784,10,STA,WIFI_DROP,
19.8784,18,STA,WIFI_DROP,
19.8808,10,STA,WIFI_DROP,
19.8808,18,STA,WIFI_DROP,
19.8832,10,STA,WIFI_DROP,
19.8832,18,STA,WIFI_DROP,
19.8856,10,STA,WIFI_DROP,
19.8856,18,STA,WIFI_DROP,
19.888,10,STA,WIFI_DROP,
19.888,18,STA,WIFI_DROP,
19.8904,10,STA,WIFI_DROP,
19.8904,18,STA,WIFI_DROP,
19.8928,10,STA,WIFI_DROP,
19.8928,18,STA,WIFI_DROP,
19.8952,10,STA,WIFI_DROP,
19.8952,18,STA,WIFI_DROP,
19.8976,10,STA,WIFI_DROP,
19.8976,18,STA,WIFI_DROP,
19.9,10,STA,WIFI_DROP,
19.9,18,STA,WIFI_DROP,
19.9024,10,STA,WIFI_DROP,
19.9024,18,STA,WIFI_DROP,
19.9048,10,STA,WIFI_DROP,
19.9048,18,STA,WIFI_DROP,
19.9072,10,STA,WIFI_DROP,
19.9072,18,STA,WIFI_DROP,
19.9096,10,STA,WIFI_DROP,
19.9096,18,STA,WIFI_DROP,
19.912,10,STA,WIFI_DROP,
19.912,18,STA,WIFI_DROP,
19.9144,10,STA,WIFI_DROP,
19.9144,18,STA,WIFI_DROP,
19.9168,10,STA,WIFI_DROP,
19.9168,18,STA,WIFI_DROP,
19.9192,10,STA,WIFI_DROP,
19.9192,18,STA,WIFI_DROP,
19.9216,10,STA,WIFI_DROP,
19.9216,18,STA,WIFI_DROP,
19.924,10,STA,WIFI_DROP,
19.924,18,STA,WIFI_DROP,
19.9264,10,STA,WIFI_DROP,
19.9264,18,STA,WIFI_DROP,
19.9288,10,STA,WIFI_DROP,
19.9288,18,STA,WIFI_DROP,
19.9312,10,STA,WIFI_DROP,
19.9312,18,STA,WIFI_DROP,
19.9336,10,STA,WIFI_DROP,
19.9336,18,STA,WIFI_DROP,
19.936,10,STA,WIFI_DROP,
19.936,18,STA,WIFI_DROP,
19.9384,10,STA,WIFI_DROP,
19.9384,18,STA,WIFI_DROP,
19.9408,10,STA,WIFI_DROP,
19.9408,18,STA,WIFI_DROP,
19.9432,10,STA,WIFI_DROP,
19.9432,18,STA,WIFI_DROP,
19.9456,10,STA,WIFI_DROP,
19.9456,18,STA,WIFI_DROP,
19.948,10,STA,WIFI_DROP,
19.948,18,STA,WIFI_DROP,
19.9504,10,STA,WIFI_DROP,
19.9504,18,STA,WIFI_DROP,
19.9528,10,STA,WIFI_DROP,
19.9528,18,STA,WIFI_DROP,
19.9552,10,STA,WIFI_DROP,
19.9552,18,STA,WIFI_DROP,
19.9576,10,STA,WIFI_DROP,
19.9576,18,STA,WIFI_DROP,
19.96,10,STA,WIFI_DROP,
19.96,18,STA,WIFI_DROP,
19.9624,10,STA,WIFI_DROP,
19.9624,18,STA,WIFI_DROP,
19.9648,10,STA,WIFI_DROP,
19.9648,18,STA,WIFI_DROP,
19.9672,10,STA,WIFI_DROP,
19.9672,18,STA,WIFI_DROP,
19.9696,10,STA,WIFI_DROP,
19.9696,18,STA,WIFI_DROP,
19.972,10,STA,WIFI_DROP,
19.972,18,STA,WIFI_DROP,
19.9744,10,STA,WIFI_DROP,
19.9744,18,STA,WIFI_DROP,
19.9768,8,STA,WIFI_DROP,
19.9768,10,STA,WIFI_DROP,
19.9768,18,STA,WIFI_DROP,
19.9792,8,STA,WIFI_DROP,
19.9792,10,STA,WIFI_DROP,
19.9792,18,STA,WIFI_DROP,
19.9816,8,STA,WIFI_DROP,
19.9816,10,STA,WIFI_DROP,
19.9816,18,STA,WIFI_DROP,
19.984,8,STA,WIFI_DROP,
19.984,10,STA,WIFI_DROP,
19.984,18,STA,WIFI_DROP,
19.9864,8,STA,WIFI_DROP,
19.9864,10,STA,WIFI_DROP,
19.9864,18,STA,WIFI_DROP,
19.9888,8,STA,WIFI_DROP,
19.9888,10,STA,WIFI_DROP,
19.9888,18,STA,WIFI_DROP,
19.9912,8,STA,WIFI_DROP,
19.9912,10,STA,WIFI_DROP,
19.9912,18,STA,WIFI_DROP,
19.9936,8,STA,WIFI_DROP,
19.9936,10,STA,WIFI_DROP,
19.9936,18,STA,WIFI_DROP,
19.996,8,STA,WIFI_DROP,
19.996,10,STA,WIFI_DROP,
19.996,18,STA,WIFI_DROP,
19.9984,8,STA,WIFI_DROP,
19.9984,10,STA,WIFI_DROP,
19.9984,18,STA,WIFI_DROP,
