Time_s,NodeID,NodeType,Action,Value
0,2,STA,FIXED_STA_DISTANCE,100.000000
0,3,STA,FIXED_STA_DISTANCE,100.000000
0,4,STA,FIXED_STA_DISTANCE,100.000000
0,5,STA,FIXED_STA_DISTANCE,100.000000
0,6,STA,FIXED_STA_DISTANCE,100.000000
0,7,STA,FIXED_STA_DISTANCE,100.000000
0,8,STA,FIXED_STA_DISTANCE,100.000000
0,9,STA,FIXED_STA_DISTANCE,100.000000
0,10,STA,FIXED_STA_DISTANCE,100.000000
0,11,STA,FIXED_STA_DISTANCE,100.000000
0,12,STA,FIXED_STA_DISTANCE,100.000000
0,13,STA,FIXED_STA_DISTANCE,100.000000
0,14,STA,FIXED_STA_DISTANCE,100.000000
0,15,STA,FIXED_STA_DISTANCE,100.000000
0,16,STA,FIXED_STA_DISTANCE,100.000000
0,17,STA,FIXED_STA_DISTANCE,100.000000
0,18,STA,FIXED_STA_DISTANCE,100.000000
0,19,STA,FIXED_STA_DISTANCE,100.000000
0,20,STA,FIXED_STA_DISTANCE,100.000000
0,21,STA,FIXED_STA_DISTANCE,100.000000
0,2,STA,FIXED_TX_POWER_DBM,24.000000
0,2,STA,NAKAGAMI_FADING,1.000000
0.0554909,20,STA,ASSOC,
0.0554909,20,STA,JOINED,
0.060861,18,STA,ASSOC,
0.060861,18,STA,JOINED,
0.0640053,7,STA,ASSOC,
0.0640053,7,STA,JOINED,
0.068489,10,STA,ASSOC,
0.068489,10,STA,JOINED,
0.0688337,19,STA,ASSOC,
0.0688337,19,STA,JOINED,
0.153945,2,STA,ASSOC,
0.153945,2,STA,JOINED,
0.155535,6,STA,ASSOC,
0.155535,6,STA,JOINED,
0.203744,9,STA,ASSOC,
0.203744,9,STA,JOINED,
0.258161,14,STA,ASSOC,
0.258161,14,STA,JOINED,
0.353596,21,STA,ASSOC,
0.353596,21,STA,JOINED,
0.403729,12,STA,ASSOC,
0.403729,12,STA,JOINED,
0.505079,4,STA,ASSOC,
0.505079,4,STA,JOINED,
0.555639,11,STA,ASSOC,
0.555639,11,STA,JOINED,
0.563338,13,STA,ASSOC,
0.563338,13,STA,JOINED,
0.602757,3,STA,ASSOC,
0.602757,3,STA,JOINED,
0.752446,17,STA,ASSOC,
0.752446,17,STA,JOINED,
0.854574,8,STA,ASSOC,
0.854574,8,STA,JOINED,
1,1,AP,SENT_COUNT,
1,1,AP,RECV_COUNT,
1,5,STA,WIFI_DROP,
1,15,STA,WIFI_DROP,
1,16,STA,WIFI_DROP,
1.0024,5,STA,WIFI_DROP,
1.0024,15,STA,WIFI_DROP,
1.0024,16,STA,WIFI_DROP,
1.0048,5,STA,WIFI_DROP,
1.0048,15,STA,WIFI_DROP,
1.0048,16,STA,WIFI_DROP,
1.0072,5,STA,WIFI_DROP,
1.0072,15,STA,WIFI_DROP,
1.0072,16,STA,WIFI_DROP,
1.0096,5,STA,WIFI_DROP,
1.0096,15,STA,WIFI_DROP,
1.0096,16,STA,WIFI_DROP,
1.012,5,STA,WIFI_DROP,
1.012,15,STA,WIFI_DROP,
1.012,16,STA,WIFI_DROP,
1.0144,5,STA,WIFI_DROP,
1.0144,15,STA,WIFI_DROP,
1.0144,16,STA,WIFI_DROP,
1.0168,5,STA,WIFI_DROP,
1.0168,15,STA,WIFI_DROP,
1.0168,16,STA,WIFI_DROP,
1.0192,5,STA,WIFI_DROP,
1.0192,15,STA,WIFI_DROP,
1.0192,16,STA,WIFI_DROP,
1.0216,5,STA,WIFI_DROP,
1.0216,15,STA,WIFI_DROP,
1.0216,16,STA,WIFI_DROP,
1.024,5,STA,WIFI_DROP,
1.024,15,STA,WIFI_DROP,
1.024,16,STA,WIFI_DROP,
1.0264,5,STA,WIFI_DROP,
1.0264,15,STA,WIFI_DROP,
1.0264,16,STA,WIFI_DROP,
1.0288,5,STA,WIFI_DROP,
1.0288,15,STA,WIFI_DROP,
1.0288,16,STA,WIFI_DROP,
1.0312,5,STA,WIFI_DROP,
1.0312,15,STA,WIFI_DROP,
1.0312,16,STA,WIFI_DROP,
1.0336,5,STA,WIFI_DROP,
1.0336,15,STA,WIFI_DROP,
1.0336,16,STA,WIFI_DROP,
1.036,5,STA,WIFI_DROP,
1.036,15,STA,WIFI_DROP,
1.036,16,STA,WIFI_DROP,
1.0384,5,STA,WIFI_DROP,
1.0384,15,STA,WIFI_DROP,
1.0384,16,STA,WIFI_DROP,
1.0408,5,STA,WIFI_DROP,
1.0408,15,STA,WIFI_DROP,
1.0408,16,STA,WIFI_DROP,
1.0432,5,STA,WIFI_DROP,
1.0432,15,STA,WIFI_DROP,
1.0432,16,STA,WIFI_DROP,
1.0456,5,STA,WIFI_DROP,
1.0456,15,STA,WIFI_DROP,
1.0456,16,STA,WIFI_DROP,
1.048,5,STA,WIFI_DROP,
1.048,15,STA,WIFI_DROP,
1.048,16,STA,WIFI_DROP,
1.0504,5,STA,WIFI_DROP,
1.0504,15,STA,WIFI_DROP,
1.0504,16,STA,WIFI_DROP,
1.05196,15,STA,ASSOC,
1.05196,15,STA,JOINED,
1.0528,5,STA,WIFI_DROP,
1.0528,16,STA,WIFI_DROP,
1.0552,5,STA,WIFI_DROP,
1.0552,16,STA,WIFI_DROP,
1.0576,5,STA,WIFI_DROP,
1.0576,16,STA,WIFI_DROP,
1.05958,16,STA,ASSOC,
1.05958,16,STA,JOINED,
1.06,5,STA,WIFI_DROP,
1.0624,5,STA,WIFI_DROP,
1.0648,5,STA,WIFI_DROP,
1.0672,5,STA,WIFI_DROP,
1.0696,5,STA,WIFI_DROP,
1.072,5,STA,WIFI_DROP,
1.0744,5,STA,WIFI_DROP,
1.0744,15,STA,WIFI_DROP,
1.0744,16,STA,WIFI_DROP,
1.0768,5,STA,WIFI_DROP,
1.0768,15,STA,WIFI_DROP,
1.0768,16,STA,WIFI_DROP,
1.0792,5,STA,WIFI_DROP,
1.0792,15,STA,WIFI_DROP,
1.0792,16,STA,WIFI_DROP,
1.0816,5,STA,WIFI_DROP,
1.0816,15,STA,WIFI_DROP,
1.0816,16,STA,WIFI_DROP,
1.084,5,STA,WIFI_DROP,
1.084,15,STA,WIFI_DROP,
1.084,16,STA,WIFI_DROP,
1.0864,5,STA,WIFI_DROP,
1.0864,15,STA,WIFI_DROP,
1.0864,16,STA,WIFI_DROP,
1.0888,5,STA,WIFI_DROP,
1.0888,15,STA,WIFI_DROP,
1.0888,16,STA,WIFI_DROP,
1.0912,5,STA,WIFI_DROP,
1.0912,15,STA,WIFI_DROP,
1.0912,16,STA,WIFI_DROP,
1.0936,5,STA,WIFI_DROP,
1.0936,15,STA,WIFI_DROP,
1.0936,16,STA,WIFI_DROP,
1.096,5,STA,WIFI_DROP,
1.096,15,STA,WIFI_DROP,
1.096,16,STA,WIFI_DROP,
1.0984,5,STA,WIFI_DROP,
1.0984,15,STA,WIFI_DROP,
1.0984,16,STA,WIFI_DROP,
1.1008,5,STA,WIFI_DROP,
1.1008,15,STA,WIFI_DROP,
1.1008,16,STA,WIFI_DROP,
1.1032,5,STA,WIFI_DROP,
1.1032,15,STA,WIFI_DROP,
1.1032,16,STA,WIFI_DROP,
1.1056,5,STA,WIFI_DROP,
1.1056,15,STA,WIFI_DROP,
1.1056,16,STA,WIFI_DROP,
1.108,5,STA,WIFI_DROP,
1.108,15,STA,WIFI_DROP,
1.108,16,STA,WIFI_DROP,
1.1104,5,STA,WIFI_DROP,
1.1104,15,STA,WIFI_DROP,
1.1104,16,STA,WIFI_DROP,
1.1128,5,STA,WIFI_DROP,
1.1128,15,STA,WIFI_DROP,
1.1128,16,STA,WIFI_DROP,
1.1152,5,STA,WIFI_DROP,
1.1152,15,STA,WIFI_DROP,
1.1152,16,STA,WIFI_DROP,
1.1176,5,STA,WIFI_DROP,
1.1176,15,STA,WIFI_DROP,
1.1176,16,STA,WIFI_DROP,
1.12,5,STA,WIFI_DROP,
1.12,15,STA,WIFI_DROP,
1.12,16,STA,WIFI_DROP,
1.1224,5,STA,WIFI_DROP,
1.1224,15,STA,WIFI_DROP,
1.1224,16,STA,WIFI_DROP,
1.1248,5,STA,WIFI_DROP,
1.1248,15,STA,WIFI_DROP,
1.1248,16,STA,WIFI_DROP,
1.1272,5,STA,WIFI_DROP,
1.1272,15,STA,WIFI_DROP,
1.1272,16,STA,WIFI_DROP,
1.1296,5,STA,WIFI_DROP,
1.1296,15,STA,WIFI_DROP,
1.132,5,STA,WIFI_DROP,
1.132,15,STA,WIFI_DROP,
1.1344,5,STA,WIFI_DROP,
1.1344,15,STA,WIFI_DROP,
1.1368,5,STA,WIFI_DROP,
1.1368,15,STA,WIFI_DROP,
1.1392,5,STA,WIFI_DROP,
1.1392,15,STA,WIFI_DROP,
1.1416,5,STA,WIFI_DROP,
1.1416,15,STA,WIFI_DROP,
1.144,5,STA,WIFI_DROP,
1.144,15,STA,WIFI_DROP,
1.1464,5,STA,WIFI_DROP,
1.1464,15,STA,WIFI_DROP,
1.1488,5,STA,WIFI_DROP,
1.1488,15,STA,WIFI_DROP,
1.1512,5,STA,WIFI_DROP,
1.1512,15,STA,WIFI_DROP,
1.1536,5,STA,WIFI_DROP,
1.1536,15,STA,WIFI_DROP,
1.156,5,STA,WIFI_DROP,
1.156,15,STA,WIFI_DROP,
1.1584,5,STA,WIFI_DROP,
1.1584,15,STA,WIFI_DROP,
1.1608,5,STA,WIFI_DROP,
1.1608,15,STA,WIFI_DROP,
1.1608,18,STA,WIFI_DROP,
1.1608,20,STA,WIFI_DROP,
1.1632,5,STA,WIFI_DROP,
1.1632,15,STA,WIFI_DROP,
1.1632,18,STA,WIFI_DROP,
1.1632,20,STA,WIFI_DROP,
1.1656,5,STA,WIFI_DROP,
1.1656,15,STA,WIFI_DROP,
1.1656,18,STA,WIFI_DROP,
1.1656,20,STA,WIFI_DROP,
1.168,5,STA,WIFI_DROP,
1.168,15,STA,WIFI_DROP,
1.168,18,STA,WIFI_DROP,
1.168,20,STA,WIFI_DROP,
1.1704,5,STA,WIFI_DROP,
1.1704,15,STA,WIFI_DROP,
1.1704,18,STA,WIFI_DROP,
1.1704,20,STA,WIFI_DROP,
1.1728,5,STA,WIFI_DROP,
1.1728,15,STA,WIFI_DROP,
1.1728,18,STA,WIFI_DROP,
1.1728,20,STA,WIFI_DROP,
1.1752,5,STA,WIFI_DROP,
1.1752,15,STA,WIFI_DROP,
1.1752,18,STA,WIFI_DROP,
1.1752,20,STA,WIFI_DROP,
1.1776,5,STA,WIFI_DROP,
1.1776,15,STA,WIFI_DROP,
1.1776,18,STA,WIFI_DROP,
1.1776,20,STA,WIFI_DROP,
1.18,5,STA,WIFI_DROP,
1.18,15,STA,WIFI_DROP,
1.18,18,STA,WIFI_DROP,
1.18,20,STA,WIFI_DROP,
1.1824,5,STA,WIFI_DROP,
1.1824,15,STA,WIFI_DROP,
1.1824,18,STA,WIFI_DROP,
1.1824,20,STA,WIFI_DROP,
1.1848,5,STA,WIFI_DROP,
1.1848,15,STA,WIFI_DROP,
1.1848,18,STA,WIFI_DROP,
1.1848,20,STA,WIFI_DROP,
1.1872,5,STA,WIFI_DROP,
1.1872,15,STA,WIFI_DROP,
1.1872,18,STA,WIFI_DROP,
1.1872,20,STA,WIFI_DROP,
1.1896,5,STA,WIFI_DROP,
1.1896,15,STA,WIFI_DROP,
1.1896,18,STA,WIFI_DROP,
1.1896,20,STA,WIFI_DROP,
1.192,5,STA,WIFI_DROP,
1.192,15,STA,WIFI_DROP,
1.192,18,STA,WIFI_DROP,
1.192,20,STA,WIFI_DROP,
1.1944,5,STA,WIFI_DROP,
1.1944,15,STA,WIFI_DROP,
1.1944,18,STA,WIFI_DROP,
1.1944,20,STA,WIFI_DROP,
1.1968,5,STA,WIFI_DROP,
1.1968,15,STA,WIFI_DROP,
1.1968,18,STA,WIFI_DROP,
1.1968,20,STA,WIFI_DROP,
1.1992,5,STA,WIFI_DROP,
1.1992,15,STA,WIFI_DROP,
1.1992,18,STA,WIFI_DROP,
1.1992,20,STA,WIFI_DROP,
1.2016,5,STA,WIFI_DROP,
1.2016,15,STA,WIFI_DROP,
1.2016,18,STA,WIFI_DROP,
1.2016,20,STA,WIFI_DROP,
1.204,5,STA,WIFI_DROP,
1.204,15,STA,WIFI_DROP,
1.204,18,STA,WIFI_DROP,
1.204,20,STA,WIFI_DROP,
1.2064,5,STA,WIFI_DROP,
1.2064,15,STA,WIFI_DROP,
1.2064,18,STA,WIFI_DROP,
1.2064,20,STA,WIFI_DROP,
1.2088,5,STA,WIFI_DROP,
1.2088,15,STA,WIFI_DROP,
1.2088,18,STA,WIFI_DROP,
1.2088,20,STA,WIFI_DROP,
1.2112,5,STA,WIFI_DROP,
1.2112,15,STA,WIFI_DROP,
1.2112,18,STA,WIFI_DROP,
1.2112,20,STA,WIFI_DROP,
1.2136,5,STA,WIFI_DROP,
1.2136,15,STA,WIFI_DROP,
1.2136,18,STA,WIFI_DROP,
1.2136,20,STA,WIFI_DROP,
1.216,5,STA,WIFI_DROP,
1.216,15,STA,WIFI_DROP,
1.216,18,STA,WIFI_DROP,
1.216,20,STA,WIFI_DROP,
1.2184,5,STA,WIFI_DROP,
1.2184,15,STA,WIFI_DROP,
1.2184,18,STA,WIFI_DROP,
1.2184,20,STA,WIFI_DROP,
1.2208,5,STA,WIFI_DROP,
1.2208,15,STA,WIFI_DROP,
1.2208,18,STA,WIFI_DROP,
1.2208,20,STA,WIFI_DROP,
1.2232,5,STA,WIFI_DROP,
1.2232,15,STA,WIFI_DROP,
1.2232,18,STA,WIFI_DROP,
1.2232,20,STA,WIFI_DROP,
1.2256,5,STA,WIFI_DROP,
1.2256,15,STA,WIFI_DROP,
1.2256,18,STA,WIFI_DROP,
1.2256,20,STA,WIFI_DROP,
1.228,5,STA,WIFI_DROP,
1.228,15,STA,WIFI_DROP,
1.228,18,STA,WIFI_DROP,
1.228,20,STA,WIFI_DROP,
1.2304,5,STA,WIFI_DROP,
1.2304,15,STA,WIFI_DROP,
1.2304,18,STA,WIFI_DROP,
1.2304,20,STA,WIFI_DROP,
1.2328,5,STA,WIFI_DROP,
1.2328,15,STA,WIFI_DROP,
1.2328,18,STA,WIFI_DROP,
1.2328,20,STA,WIFI_DROP,
1.2352,5,STA,WIFI_DROP,
1.2352,15,STA,WIFI_DROP,
1.2352,18,STA,WIFI_DROP,
1.2352,20,STA,WIFI_DROP,
1.2376,5,STA,WIFI_DROP,
1.2376,15,STA,WIFI_DROP,
1.2376,18,STA,WIFI_DROP,
1.2376,20,STA,WIFI_DROP,
1.24,5,STA,WIFI_DROP,
1.24,15,STA,WIFI_DROP,
1.24,18,STA,WIFI_DROP,
1.24,20,STA,WIFI_DROP,
1.2424,5,STA,WIFI_DROP,
1.2424,15,STA,WIFI_DROP,
1.2424,18,STA,WIFI_DROP,
1.2424,20,STA,WIFI_DROP,
1.2448,5,STA,WIFI_DROP,
1.2448,15,STA,WIFI_DROP,
1.2448,18,STA,WIFI_DROP,
1.2448,20,STA,WIFI_DROP,
1.2472,5,STA,WIFI_DROP,
1.2472,15,STA,WIFI_DROP,
1.2472,18,STA,WIFI_DROP,
1.2472,20,STA,WIFI_DROP,
1.2496,5,STA,WIFI_DROP,
1.2496,15,STA,WIFI_DROP,
1.2496,18,STA,WIFI_DROP,
1.2496,20,STA,WIFI_DROP,
1.252,5,STA,WIFI_DROP,
1.252,15,STA,WIFI_DROP,
1.252,18,STA,WIFI_DROP,
1.252,20,STA,WIFI_DROP,
1.2544,5,STA,WIFI_DROP,
1.2544,15,STA,WIFI_DROP,
1.2544,18,STA,WIFI_DROP,
1.2544,20,STA,WIFI_DROP,
1.2568,5,STA,WIFI_DROP,
1.2568,15,STA,WIFI_DROP,
1.2568,18,STA,WIFI_DROP,
1.2568,20,STA,WIFI_DROP,
1.2592,5,STA,WIFI_DROP,
1.2592,15,STA,WIFI_DROP,
1.2592,18,STA,WIFI_DROP,
1.2592,20,STA,WIFI_DROP,
1.2616,5,STA,WIFI_DROP,
1.2616,15,STA,WIFI_DROP,
1.2616,18,STA,WIFI_DROP,
1.2616,20,STA,WIFI_DROP,
1.264,5,STA,WIFI_DROP,
1.264,15,STA,WIFI_DROP,
1.264,18,STA,WIFI_DROP,
1.264,20,STA,WIFI_DROP,
1.2664,5,STA,WIFI_DROP,
1.2664,15,STA,WIFI_DROP,
1.2664,18,STA,WIFI_DROP,
1.2664,20,STA,WIFI_DROP,
1.2688,5,STA,WIFI_DROP,
1.2688,15,STA,WIFI_DROP,
1.2688,18,STA,WIFI_DROP,
1.2688,20,STA,WIFI_DROP,
1.2712,5,STA,WIFI_DROP,
1.2712,15,STA,WIFI_DROP,
1.2712,18,STA,WIFI_DROP,
1.2712,20,STA,WIFI_DROP,
1.2736,5,STA,WIFI_DROP,
1.2736,15,STA,WIFI_DROP,
1.2736,18,STA,WIFI_DROP,
1.2736,20,STA,WIFI_DROP,
1.276,5,STA,WIFI_DROP,
1.276,15,STA,WIFI_DROP,
1.276,18,STA,WIFI_DROP,
1.276,20,STA,WIFI_DROP,
1.2784,5,STA,WIFI_DROP,
1.2784,15,STA,WIFI_DROP,
1.2784,18,STA,WIFI_DROP,
1.2784,20,STA,WIFI_DROP,
1.2808,5,STA,WIFI_DROP,
1.2808,15,STA,WIFI_DROP,
1.2808,17,STA,WIFI_DROP,
1.2808,18,STA,WIFI_DROP,
1.2808,20,STA,WIFI_DROP,
1.2832,5,STA,WIFI_DROP,
1.2832,15,STA,WIFI_DROP,
1.2832,17,STA,WIFI_DROP,
1.2832,18,STA,WIFI_DROP,
1.2832,20,STA,WIFI_DROP,
1.2856,5,STA,WIFI_DROP,
1.2856,15,STA,WIFI_DROP,
1.2856,17,STA,WIFI_DROP,
1.2856,18,STA,WIFI_DROP,
1.2856,20,STA,WIFI_DROP,
1.288,5,STA,WIFI_DROP,
1.288,15,STA,WIFI_DROP,
1.288,17,STA,WIFI_DROP,
1.288,18,STA,WIFI_DROP,
1.288,20,STA,WIFI_DROP,
1.2904,5,STA,WIFI_DROP,
1.2904,15,STA,WIFI_DROP,
1.2904,17,STA,WIFI_DROP,
1.2904,18,STA,WIFI_DROP,
1.2904,20,STA,WIFI_DROP,
1.2928,5,STA,WIFI_DROP,
1.2928,15,STA,WIFI_DROP,
1.2928,17,STA,WIFI_DROP,
1.2928,18,STA,WIFI_DROP,
1.2928,20,STA,WIFI_DROP,
1.2952,5,STA,WIFI_DROP,
1.2952,15,STA,WIFI_DROP,
1.2952,17,STA,WIFI_DROP,
1.2952,18,STA,WIFI_DROP,
1.2952,20,STA,WIFI_DROP,
1.2976,5,STA,WIFI_DROP,
1.2976,15,STA,WIFI_DROP,
1.2976,17,STA,WIFI_DROP,
1.2976,18,STA,WIFI_DROP,
1.2976,20,STA,WIFI_DROP,
1.3,5,STA,WIFI_DROP,
1.3,15,STA,WIFI_DROP,
1.3,17,STA,WIFI_DROP,
1.3,18,STA,WIFI_DROP,
1.3,20,STA,WIFI_DROP,
1.3024,5,STA,WIFI_DROP,
1.3024,15,STA,WIFI_DROP,
1.3024,17,STA,WIFI_DROP,
1.3024,18,STA,WIFI_DROP,
1.3024,20,STA,WIFI_DROP,
1.3048,5,STA,WIFI_DROP,
1.3048,15,STA,WIFI_DROP,
1.3048,17,STA,WIFI_DROP,
1.3048,18,STA,WIFI_DROP,
1.3048,20,STA,WIFI_DROP,
1.3072,5,STA,WIFI_DROP,
1.3072,15,STA,WIFI_DROP,
1.3072,17,STA,WIFI_DROP,
1.3072,18,STA,WIFI_DROP,
1.3072,20,STA,WIFI_DROP,
1.3096,5,STA,WIFI_DROP,
1.3096,15,STA,WIFI_DROP,
1.3096,17,STA,WIFI_DROP,
1.3096,18,STA,WIFI_DROP,
1.3096,20,STA,WIFI_DROP,
1.312,5,STA,WIFI_DROP,
1.312,15,STA,WIFI_DROP,
1.312,17,STA,WIFI_DROP,
1.312,18,STA,WIFI_DROP,
1.312,20,STA,WIFI_DROP,
1.3144,5,STA,WIFI_DROP,
1.3144,15,STA,WIFI_DROP,
1.3144,17,STA,WIFI_DROP,
1.3144,18,STA,WIFI_DROP,
1.3144,20,STA,WIFI_DROP,
1.3168,5,STA,WIFI_DROP,
1.3168,15,STA,WIFI_DROP,
1.3168,17,STA,WIFI_DROP,
1.3168,18,STA,WIFI_DROP,
1.3168,20,STA,WIFI_DROP,
1.3192,5,STA,WIFI_DROP,
1.3192,15,STA,WIFI_DROP,
1.3192,17,STA,WIFI_DROP,
1.3192,18,STA,WIFI_DROP,
1.3192,20,STA,WIFI_DROP,
1.3216,5,STA,WIFI_DROP,
1.3216,15,STA,WIFI_DROP,
1.3216,17,STA,WIFI_DROP,
1.3216,18,STA,WIFI_DROP,
1.3216,20,STA,WIFI_DROP,
1.324,5,STA,WIFI_DROP,
1.324,15,STA,WIFI_DROP,
1.324,17,STA,WIFI_DROP,
1.324,18,STA,WIFI_DROP,
1.324,20,STA,WIFI_DROP,
1.3264,5,STA,WIFI_DROP,
1.3264,15,STA,WIFI_DROP,
1.3264,17,STA,WIFI_DROP,
1.3264,18,STA,WIFI_DROP,
1.3264,20,STA,WIFI_DROP,
1.3288,5,STA,WIFI_DROP,
1.3288,15,STA,WIFI_DROP,
1.3288,17,STA,WIFI_DROP,
1.3288,18,STA,WIFI_DROP,
1.3288,20,STA,WIFI_DROP,
1.3312,5,STA,WIFI_DROP,
1.3312,15,STA,WIFI_DROP,
1.3312,17,STA,WIFI_DROP,
1.3312,18,STA,WIFI_DROP,
1.3312,20,STA,WIFI_DROP,
1.3336,5,STA,WIFI_DROP,
1.3336,15,STA,WIFI_DROP,
1.3336,18,STA,WIFI_DROP,
1.3336,20,STA,WIFI_DROP,
1.336,5,STA,WIFI_DROP,
1.336,15,STA,WIFI_DROP,
1.336,18,STA,WIFI_DROP,
1.336,20,STA,WIFI_DROP,
1.3384,5,STA,WIFI_DROP,
1.3384,15,STA,WIFI_DROP,
1.3384,18,STA,WIFI_DROP,
1.3384,20,STA,WIFI_DROP,
1.3408,5,STA,WIFI_DROP,
1.3408,15,STA,WIFI_DROP,
1.3408,18,STA,WIFI_DROP,
1.3408,20,STA,WIFI_DROP,
1.3432,5,STA,WIFI_DROP,
1.3432,15,STA,WIFI_DROP,
1.3432,18,STA,WIFI_DROP,
1.3432,20,STA,WIFI_DROP,
1.3456,5,STA,WIFI_DROP,
1.3456,15,STA,WIFI_DROP,
1.3456,18,STA,WIFI_DROP,
1.3456,20,STA,WIFI_DROP,
1.348,5,STA,WIFI_DROP,
1.348,15,STA,WIFI_DROP,
1.348,18,STA,WIFI_DROP,
1.348,20,STA,WIFI_DROP,
1.3504,5,STA,WIFI_DROP,
1.3504,15,STA,WIFI_DROP,
1.3504,18,STA,WIFI_DROP,
1.3504,20,STA,WIFI_DROP,
1.3528,5,STA,WIFI_DROP,
1.3528,15,STA,WIFI_DROP,
1.3528,18,STA,WIFI_DROP,
1.3528,20,STA,WIFI_DROP,
1.3552,5,STA,WIFI_DROP,
1.3552,15,STA,WIFI_DROP,
1.3552,18,STA,WIFI_DROP,
1.3552,20,STA,WIFI_DROP,
1.3576,5,STA,WIFI_DROP,
1.3576,15,STA,WIFI_DROP,
1.3576,18,STA,WIFI_DROP,
1.3576,20,STA,WIFI_DROP,
1.36,5,STA,WIFI_DROP,
1.36,15,STA,WIFI_DROP,
1.36,18,STA,WIFI_DROP,
1.36,20,STA,WIFI_DROP,
1.3624,5,STA,WIFI_DROP,
1.3624,15,STA,WIFI_DROP,
1.3624,18,STA,WIFI_DROP,
1.3624,20,STA,WIFI_DROP,
1.3648,5,STA,WIFI_DROP,
1.3648,15,STA,WIFI_DROP,
1.3648,18,STA,WIFI_DROP,
1.3648,20,STA,WIFI_DROP,
1.3672,5,STA,WIFI_DROP,
1.3672,15,STA,WIFI_DROP,
1.3672,18,STA,WIFI_DROP,
1.3672,20,STA,WIFI_DROP,
1.3696,5,STA,WIFI_DROP,
1.3696,15,STA,WIFI_DROP,
1.3696,18,STA,WIFI_DROP,
1.3696,20,STA,WIFI_DROP,
1.372,5,STA,WIFI_DROP,
1.372,15,STA,WIFI_DROP,
1.372,18,STA,WIFI_DROP,
1.372,20,STA,WIFI_DROP,
1.3744,5,STA,WIFI_DROP,
1.3744,15,STA,WIFI_DROP,
1.3744,18,STA,WIFI_DROP,
1.3744,20,STA,WIFI_DROP,
1.3768,5,STA,WIFI_DROP,
1.3768,8,STA,WIFI_DROP,
1.3768,15,STA,WIFI_DROP,
1.3768,18,STA,WIFI_DROP,
1.3768,20,STA,WIFI_DROP,
1.37761,5,STA,ASSOC,
1.37761,5,STA,JOINED,
1.3792,8,STA,WIFI_DROP,
1.3792,15,STA,WIFI_DROP,
1.3792,18,STA,WIFI_DROP,
1.3792,20,STA,WIFI_DROP,
1.3816,8,STA,WIFI_DROP,
1.3816,15,STA,WIFI_DROP,
1.3816,18,STA,WIFI_DROP,
1.3816,20,STA,WIFI_DROP,
1.384,8,STA,WIFI_DROP,
1.384,15,STA,WIFI_DROP,
1.384,18,STA,WIFI_DROP,
1.384,20,STA,WIFI_DROP,
1.3864,8,STA,WIFI_DROP,
1.3864,15,STA,WIFI_DROP,
1.3864,18,STA,WIFI_DROP,
1.3864,20,STA,WIFI_DROP,
1.3888,8,STA,WIFI_DROP,
1.3888,15,STA,WIFI_DROP,
1.3888,18,STA,WIFI_DROP,
1.3888,20,STA,WIFI_DROP,
1.3912,8,STA,WIFI_DROP,
1.3912,15,STA,WIFI_DROP,
1.3912,18,STA,WIFI_DROP,
1.3912,20,STA,WIFI_DROP,
1.3936,8,STA,WIFI_DROP,
1.3936,15,STA,WIFI_DROP,
1.3936,18,STA,WIFI_DROP,
1.3936,20,STA,WIFI_DROP,
1.396,8,STA,WIFI_DROP,
1.396,15,STA,WIFI_DROP,
1.396,18,STA,WIFI_DROP,
1.396,20,STA,WIFI_DROP,
1.3984,8,STA,WIFI_DROP,
1.3984,15,STA,WIFI_DROP,
1.3984,18,STA,WIFI_DROP,
1.3984,20,STA,WIFI_DROP,
1.4008,8,STA,WIFI_DROP,
1.4008,15,STA,WIFI_DROP,
1.4008,18,STA,WIFI_DROP,
1.4008,20,STA,WIFI_DROP,
1.4032,8,STA,WIFI_DROP,
1.4032,15,STA,WIFI_DROP,
1.4032,18,STA,WIFI_DROP,
1.4032,20,STA,WIFI_DROP,
1.4056,8,STA,WIFI_DROP,
1.4056,15,STA,WIFI_DROP,
1.4056,18,STA,WIFI_DROP,
1.4056,20,STA,WIFI_DROP,
1.408,8,STA,WIFI_DROP,
1.408,15,STA,WIFI_DROP,
1.408,18,STA,WIFI_DROP,
1.408,20,STA,WIFI_DROP,
1.4104,8,STA,WIFI_DROP,
1.4104,15,STA,WIFI_DROP,
1.4104,18,STA,WIFI_DROP,
1.4104,20,STA,WIFI_DROP,
1.4128,8,STA,WIFI_DROP,
1.4128,15,STA,WIFI_DROP,
1.4128,18,STA,WIFI_DROP,
1.4128,20,STA,WIFI_DROP,
1.4152,8,STA,WIFI_DROP,
1.4152,15,STA,WIFI_DROP,
1.4152,18,STA,WIFI_DROP,
1.4176,8,STA,WIFI_DROP,
1.4176,15,STA,WIFI_DROP,
1.4176,18,STA,WIFI_DROP,
1.42,8,STA,WIFI_DROP,
1.42,15,STA,WIFI_DROP,
1.42,18,STA,WIFI_DROP,
1.4224,8,STA,WIFI_DROP,
1.4224,15,STA,WIFI_DROP,
1.4224,18,STA,WIFI_DROP,
1.4248,8,STA,WIFI_DROP,
1.4248,15,STA,WIFI_DROP,
1.4248,18,STA,WIFI_DROP,
1.4272,8,STA,WIFI_DROP,
1.4272,15,STA,WIFI_DROP,
1.4272,18,STA,WIFI_DROP,
1.4296,8,STA,WIFI_DROP,
1.4296,15,STA,WIFI_DROP,
1.4296,18,STA,WIFI_DROP,
1.432,8,STA,WIFI_DROP,
1.432,15,STA,WIFI_DROP,
1.432,18,STA,WIFI_DROP,
1.4344,8,STA,WIFI_DROP,
1.4344,15,STA,WIFI_DROP,
1.4344,18,STA,WIFI_DROP,
1.4368,8,STA,WIFI_DROP,
1.4368,15,STA,WIFI_DROP,
1.4368,18,STA,WIFI_DROP,
1.4392,8,STA,WIFI_DROP,
1.4392,15,STA,WIFI_DROP,
1.4392,18,STA,WIFI_DROP,
1.4416,8,STA,WIFI_DROP,
1.4416,15,STA,WIFI_DROP,
1.4416,18,STA,WIFI_DROP,
1.444,8,STA,WIFI_DROP,
1.444,15,STA,WIFI_DROP,
1.444,18,STA,WIFI_DROP,
1.4464,8,STA,WIFI_DROP,
1.4464,15,STA,WIFI_DROP,
1.4464,18,STA,WIFI_DROP,
1.4488,8,STA,WIFI_DROP,
1.4488,15,STA,WIFI_DROP,
1.4488,18,STA,WIFI_DROP,
1.4512,8,STA,WIFI_DROP,
1.4512,15,STA,WIFI_DROP,
1.4512,18,STA,WIFI_DROP,
1.4536,8,STA,WIFI_DROP,
1.4536,15,STA,WIFI_DROP,
1.4536,18,STA,WIFI_DROP,
1.456,8,STA,WIFI_DROP,
1.456,15,STA,WIFI_DROP,
1.456,18,STA,WIFI_DROP,
1.4584,8,STA,WIFI_DROP,
1.4584,15,STA,WIFI_DROP,
1.4584,18,STA,WIFI_DROP,
1.4608,8,STA,WIFI_DROP,
1.4608,15,STA,WIFI_DROP,
1.4608,18,STA,WIFI_DROP,
1.4632,8,STA,WIFI_DROP,
1.4632,15,STA,WIFI_DROP,
1.4632,18,STA,WIFI_DROP,
1.4656,8,STA,WIFI_DROP,
1.4656,15,STA,WIFI_DROP,
1.4656,18,STA,WIFI_DROP,
1.468,8,STA,WIFI_DROP,
1.468,15,STA,WIFI_DROP,
1.468,18,STA,WIFI_DROP,
1.4704,8,STA,WIFI_DROP,
1.4704,15,STA,WIFI_DROP,
1.4704,18,STA,WIFI_DROP,
1.4728,8,STA,WIFI_DROP,
1.4728,15,STA,WIFI_DROP,
1.4728,18,STA,WIFI_DROP,
1.4752,8,STA,WIFI_DROP,
1.4752,15,STA,WIFI_DROP,
1.4752,18,STA,WIFI_DROP,
1.4776,8,STA,WIFI_DROP,
1.4776,15,STA,WIFI_DROP,
1.4776,18,STA,WIFI_DROP,
1.48,8,STA,WIFI_DROP,
1.48,15,STA,WIFI_DROP,
1.48,18,STA,WIFI_DROP,
1.4824,8,STA,WIFI_DROP,
1.4824,15,STA,WIFI_DROP,
1.4824,18,STA,WIFI_DROP,
1.4848,8,STA,WIFI_DROP,
1.4848,15,STA,WIFI_DROP,
1.4848,18,STA,WIFI_DROP,
1.4872,8,STA,WIFI_DROP,
1.4872,15,STA,WIFI_DROP,
1.4872,18,STA,WIFI_DROP,
1.4896,8,STA,WIFI_DROP,
1.4896,15,STA,WIFI_DROP,
1.4896,18,STA,WIFI_DROP,
1.492,8,STA,WIFI_DROP,
1.492,15,STA,WIFI_DROP,
1.492,18,STA,WIFI_DROP,
1.4944,8,STA,WIFI_DROP,
1.4944,15,STA,WIFI_DROP,
1.4944,18,STA,WIFI_DROP,
1.4968,8,STA,WIFI_DROP,
1.4968,15,STA,WIFI_DROP,
1.4968,18,STA,WIFI_DROP,
1.4992,8,STA,WIFI_DROP,
1.4992,15,STA,WIFI_DROP,
1.4992,18,STA,WIFI_DROP,
1.5016,8,STA,WIFI_DROP,
1.5016,15,STA,WIFI_DROP,
1.5016,18,STA,WIFI_DROP,
1.504,8,STA,WIFI_DROP,
1.504,15,STA,WIFI_DROP,
1.504,18,STA,WIFI_DROP,
1.5064,8,STA,WIFI_DROP,
1.5064,15,STA,WIFI_DROP,
1.5064,18,STA,WIFI_DROP,
1.5088,8,STA,WIFI_DROP,
1.5088,15,STA,WIFI_DROP,
1.5088,18,STA,WIFI_DROP,
1.5112,8,STA,WIFI_DROP,
1.5112,15,STA,WIFI_DROP,
1.5112,18,STA,WIFI_DROP,
1.5136,8,STA,WIFI_DROP,
1.5136,15,STA,WIFI_DROP,
1.5136,18,STA,WIFI_DROP,
1.516,8,STA,WIFI_DROP,
1.516,15,STA,WIFI_DROP,
1.516,18,STA,WIFI_DROP,
1.5184,8,STA,WIFI_DROP,
1.5184,15,STA,WIFI_DROP,
1.5184,18,STA,WIFI_DROP,
1.5208,8,STA,WIFI_DROP,
1.5208,15,STA,WIFI_DROP,
1.5208,18,STA,WIFI_DROP,
1.5232,8,STA,WIFI_DROP,
1.5232,15,STA,WIFI_DROP,
1.5232,18,STA,WIFI_DROP,
1.5256,8,STA,WIFI_DROP,
1.5256,15,STA,WIFI_DROP,
1.5256,18,STA,WIFI_DROP,
1.528,8,STA,WIFI_DROP,
1.528,15,STA,WIFI_DROP,
1.528,18,STA,WIFI_DROP,
1.5304,8,STA,WIFI_DROP,
1.5304,15,STA,WIFI_DROP,
1.5304,18,STA,WIFI_DROP,
1.5328,8,STA,WIFI_DROP,
1.5328,15,STA,WIFI_DROP,
1.5328,18,STA,WIFI_DROP,
1.5352,8,STA,WIFI_DROP,
1.5352,15,STA,WIFI_DROP,
1.5352,18,STA,WIFI_DROP,
1.5376,8,STA,WIFI_DROP,
1.5376,15,STA,WIFI_DROP,
1.5376,18,STA,WIFI_DROP,
1.54,8,STA,WIFI_DROP,
1.54,15,STA,WIFI_DROP,
1.54,18,STA,WIFI_DROP,
1.5424,8,STA,WIFI_DROP,
1.5424,15,STA,WIFI_DROP,
1.5424,18,STA,WIFI_DROP,
1.5448,8,STA,WIFI_DROP,
1.5448,15,STA,WIFI_DROP,
1.5448,18,STA,WIFI_DROP,
1.5472,8,STA,WIFI_DROP,
1.5472,15,STA,WIFI_DROP,
1.5472,18,STA,WIFI_DROP,
1.5496,8,STA,WIFI_DROP,
1.5496,15,STA,WIFI_DROP,
1.5496,18,STA,WIFI_DROP,
1.552,8,STA,WIFI_DROP,
1.552,15,STA,WIFI_DROP,
1.552,18,STA,WIFI_DROP,
1.5544,8,STA,WIFI_DROP,
1.5544,15,STA,WIFI_DROP,
1.5544,18,STA,WIFI_DROP,
1.5568,8,STA,WIFI_DROP,
1.5568,15,STA,WIFI_DROP,
1.5568,18,STA,WIFI_DROP,
1.5592,8,STA,WIFI_DROP,
1.5592,15,STA,WIFI_DROP,
1.5592,18,STA,WIFI_DROP,
1.5616,8,STA,WIFI_DROP,
1.5616,15,STA,WIFI_DROP,
1.5616,18,STA,WIFI_DROP,
1.564,8,STA,WIFI_DROP,
1.564,15,STA,WIFI_DROP,
1.564,18,STA,WIFI_DROP,
1.5664,8,STA,WIFI_DROP,
1.5664,15,STA,WIFI_DROP,
1.5664,18,STA,WIFI_DROP,
1.5688,8,STA,WIFI_DROP,
1.5688,15,STA,WIFI_DROP,
1.5688,18,STA,WIFI_DROP,
1.5712,8,STA,WIFI_DROP,
1.5712,15,STA,WIFI_DROP,
1.5712,18,STA,WIFI_DROP,
1.5736,8,STA,WIFI_DROP,
1.5736,15,STA,WIFI_DROP,
1.5736,18,STA,WIFI_DROP,
1.576,8,STA,WIFI_DROP,
1.576,15,STA,WIFI_DROP,
1.576,18,STA,WIFI_DROP,
1.5784,8,STA,WIFI_DROP,
1.5784,15,STA,WIFI_DROP,
1.5784,18,STA,WIFI_DROP,
1.5808,8,STA,WIFI_DROP,
1.5808,18,STA,WIFI_DROP,
1.5832,8,STA,WIFI_DROP,
1.5832,18,STA,WIFI_DROP,
1.5856,8,STA,WIFI_DROP,
1.5856,18,STA,WIFI_DROP,
1.588,8,STA,WIFI_DROP,
1.588,18,STA,WIFI_DROP,
1.5904,8,STA,WIFI_DROP,
1.5904,18,STA,WIFI_DROP,
1.5928,8,STA,WIFI_DROP,
1.5928,18,STA,WIFI_DROP,
1.5952,8,STA,WIFI_DROP,
1.5952,18,STA,WIFI_DROP,
1.5976,8,STA,WIFI_DROP,
1.5976,18,STA,WIFI_DROP,
1.6,8,STA,WIFI_DROP,
1.6,18,STA,WIFI_DROP,
1.6024,8,STA,WIFI_DROP,
1.6024,18,STA,WIFI_DROP,
1.6048,8,STA,WIFI_DROP,
1.6048,18,STA,WIFI_DROP,
1.6072,8,STA,WIFI_DROP,
1.6072,18,STA,WIFI_DROP,
1.6096,8,STA,WIFI_DROP,
1.6096,18,STA,WIFI_DROP,
1.612,8,STA,WIFI_DROP,
1.612,18,STA,WIFI_DROP,
1.6144,8,STA,WIFI_DROP,
1.6144,18,STA,WIFI_DROP,
1.6168,8,STA,WIFI_DROP,
1.6168,18,STA,WIFI_DROP,
1.6192,8,STA,WIFI_DROP,
1.6192,18,STA,WIFI_DROP,
1.6216,8,STA,WIFI_DROP,
1.6216,18,STA,WIFI_DROP,
1.624,8,STA,WIFI_DROP,
1.624,18,STA,WIFI_DROP,
1.6264,8,STA,WIFI_DROP,
1.6264,18,STA,WIFI_DROP,
1.6288,8,STA,WIFI_DROP,
1.6288,18,STA,WIFI_DROP,
1.6312,8,STA,WIFI_DROP,
1.6312,18,STA,WIFI_DROP,
1.6336,8,STA,WIFI_DROP,
1.6336,18,STA,WIFI_DROP,
1.636,8,STA,WIFI_DROP,
1.636,18,STA,WIFI_DROP,
1.6384,8,STA,WIFI_DROP,
1.6384,18,STA,WIFI_DROP,
1.6408,8,STA,WIFI_DROP,
1.6408,18,STA,WIFI_DROP,
1.6432,8,STA,WIFI_DROP,
1.6432,18,STA,WIFI_DROP,
1.6456,8,STA,WIFI_DROP,
1.6456,18,STA,WIFI_DROP,
1.648,8,STA,WIFI_DROP,
1.648,18,STA,WIFI_DROP,
1.6504,8,STA,WIFI_DROP,
1.6504,18,STA,WIFI_DROP,
1.6528,8,STA,WIFI_DROP,
1.6528,18,STA,WIFI_DROP,
1.6552,8,STA,WIFI_DROP,
1.6552,18,STA,WIFI_DROP,
1.6576,8,STA,WIFI_DROP,
1.6576,18,STA,WIFI_DROP,
1.66,8,STA,WIFI_DROP,
1.66,18,STA,WIFI_DROP,
1.6624,8,STA,WIFI_DROP,
1.6624,18,STA,WIFI_DROP,
1.6648,8,STA,WIFI_DROP,
1.6648,18,STA,WIFI_DROP,
1.6672,8,STA,WIFI_DROP,
1.6672,18,STA,WIFI_DROP,
1.6696,8,STA,WIFI_DROP,
1.6696,18,STA,WIFI_DROP,
1.672,8,STA,WIFI_DROP,
1.672,13,STA,WIFI_DROP,
1.672,18,STA,WIFI_DROP,
1.6744,8,STA,WIFI_DROP,
1.6744,13,STA,WIFI_DROP,
1.6744,18,STA,WIFI_DROP,
1.6768,8,STA,WIFI_DROP,
1.6768,13,STA,WIFI_DROP,
1.6768,18,STA,WIFI_DROP,
1.6792,8,STA,WIFI_DROP,
1.6792,13,STA,WIFI_DROP,
1.6792,18,STA,WIFI_DROP,
1.6816,8,STA,WIFI_DROP,
1.6816,13,STA,WIFI_DROP,
1.6816,18,STA,WIFI_DROP,
1.684,8,STA,WIFI_DROP,
1.684,13,STA,WIFI_DROP,
1.684,18,STA,WIFI_DROP,
1.6864,8,STA,WIFI_DROP,
1.6864,13,STA,WIFI_DROP,
1.6864,18,STA,WIFI_DROP,
1.6888,8,STA,WIFI_DROP,
1.6888,13,STA,WIFI_DROP,
1.6888,18,STA,WIFI_DROP,
1.6912,8,STA,WIFI_DROP,
1.6912,13,STA,WIFI_DROP,
1.6912,18,STA,WIFI_DROP,
1.6936,8,STA,WIFI_DROP,
1.6936,13,STA,WIFI_DROP,
1.6936,18,STA,WIFI_DROP,
1.696,8,STA,WIFI_DROP,
1.696,13,STA,WIFI_DROP,
1.696,18,STA,WIFI_DROP,
1.6984,8,STA,WIFI_DROP,
1.6984,13,STA,WIFI_DROP,
1.6984,18,STA,WIFI_DROP,
1.7008,8,STA,WIFI_DROP,
1.7008,13,STA,WIFI_DROP,
1.7008,18,STA,WIFI_DROP,
1.7032,8,STA,WIFI_DROP,
1.7032,13,STA,WIFI_DROP,
1.7032,18,STA,WIFI_DROP,
1.7056,8,STA,WIFI_DROP,
1.7056,13,STA,WIFI_DROP,
1.7056,18,STA,WIFI_DROP,
1.708,8,STA,WIFI_DROP,
1.708,13,STA,WIFI_DROP,
1.708,18,STA,WIFI_DROP,
1.7104,8,STA,WIFI_DROP,
1.7104,13,STA,WIFI_DROP,
1.7104,18,STA,WIFI_DROP,
1.7128,8,STA,WIFI_DROP,
1.7128,13,STA,WIFI_DROP,
1.7128,18,STA,WIFI_DROP,
1.7152,8,STA,WIFI_DROP,
1.7152,13,STA,WIFI_DROP,
1.7152,18,STA,WIFI_DROP,
1.7176,8,STA,WIFI_DROP,
1.7176,13,STA,WIFI_DROP,
1.7176,18,STA,WIFI_DROP,
1.72,8,STA,WIFI_DROP,
1.72,13,STA,WIFI_DROP,
1.72,18,STA,WIFI_DROP,
1.7224,8,STA,WIFI_DROP,
1.7224,13,STA,WIFI_DROP,
1.7224,18,STA,WIFI_DROP,
1.7248,8,STA,WIFI_DROP,
1.7248,13,STA,WIFI_DROP,
1.7248,18,STA,WIFI_DROP,
1.7272,8,STA,WIFI_DROP,
1.7272,13,STA,WIFI_DROP,
1.7272,18,STA,WIFI_DROP,
1.7296,8,STA,WIFI_DROP,
1.7296,13,STA,WIFI_DROP,
1.7296,18,STA,WIFI_DROP,
1.732,8,STA,WIFI_DROP,
1.732,13,STA,WIFI_DROP,
1.732,18,STA,WIFI_DROP,
1.7344,8,STA,WIFI_DROP,
1.7344,13,STA,WIFI_DROP,
1.7344,18,STA,WIFI_DROP,
1.7368,8,STA,WIFI_DROP,
1.7368,13,STA,WIFI_DROP,
1.7368,18,STA,WIFI_DROP,
1.7392,8,STA,WIFI_DROP,
1.7392,13,STA,WIFI_DROP,
1.7392,18,STA,WIFI_DROP,
1.7416,8,STA,WIFI_DROP,
1.7416,13,STA,WIFI_DROP,
1.7416,18,STA,WIFI_DROP,
1.744,8,STA,WIFI_DROP,
1.744,13,STA,WIFI_DROP,
1.744,18,STA,WIFI_DROP,
1.7464,8,STA,WIFI_DROP,
1.7464,13,STA,WIFI_DROP,
1.7464,18,STA,WIFI_DROP,
1.7488,8,STA,WIFI_DROP,
1.7488,13,STA,WIFI_DROP,
1.7488,18,STA,WIFI_DROP,
1.7512,8,STA,WIFI_DROP,
1.7512,13,STA,WIFI_DROP,
1.7512,18,STA,WIFI_DROP,
1.7536,8,STA,WIFI_DROP,
1.7536,13,STA,WIFI_DROP,
1.7536,18,STA,WIFI_DROP,
1.756,8,STA,WIFI_DROP,
1.756,13,STA,WIFI_DROP,
1.756,18,STA,WIFI_DROP,
1.7584,8,STA,WIFI_DROP,
1.7584,13,STA,WIFI_DROP,
1.7584,18,STA,WIFI_DROP,
1.7608,8,STA,WIFI_DROP,
1.7608,13,STA,WIFI_DROP,
1.7608,18,STA,WIFI_DROP,
1.7632,8,STA,WIFI_DROP,
1.7632,13,STA,WIFI_DROP,
1.7632,18,STA,WIFI_DROP,
1.7656,8,STA,WIFI_DROP,
1.7656,13,STA,WIFI_DROP,
1.7656,18,STA,WIFI_DROP,
1.768,8,STA,WIFI_DROP,
1.768,13,STA,WIFI_DROP,
1.768,18,STA,WIFI_DROP,
1.7704,8,STA,WIFI_DROP,
1.7704,13,STA,WIFI_DROP,
1.7704,18,STA,WIFI_DROP,
1.7728,8,STA,WIFI_DROP,
1.7728,13,STA,WIFI_DROP,
1.7728,18,STA,WIFI_DROP,
1.7752,8,STA,WIFI_DROP,
1.7752,13,STA,WIFI_DROP,
1.7752,18,STA,WIFI_DROP,
1.7776,8,STA,WIFI_DROP,
1.7776,13,STA,WIFI_DROP,
1.7776,18,STA,WIFI_DROP,
1.78,8,STA,WIFI_DROP,
1.78,13,STA,WIFI_DROP,
1.78,18,STA,WIFI_DROP,
1.7824,8,STA,WIFI_DROP,
1.7824,13,STA,WIFI_DROP,
1.7824,18,STA,WIFI_DROP,
1.7848,8,STA,WIFI_DROP,
1.7848,13,STA,WIFI_DROP,
1.7848,18,STA,WIFI_DROP,
1.7872,8,STA,WIFI_DROP,
1.7872,13,STA,WIFI_DROP,
1.7872,18,STA,WIFI_DROP,
1.7896,8,STA,WIFI_DROP,
1.7896,13,STA,WIFI_DROP,
1.7896,18,STA,WIFI_DROP,
1.792,8,STA,WIFI_DROP,
1.792,13,STA,WIFI_DROP,
1.792,18,STA,WIFI_DROP,
1.7944,8,STA,WIFI_DROP,
1.7944,13,STA,WIFI_DROP,
1.7944,18,STA,WIFI_DROP,
1.7968,8,STA,WIFI_DROP,
1.7968,13,STA,WIFI_DROP,
1.7968,18,STA,WIFI_DROP,
1.7992,8,STA,WIFI_DROP,
1.7992,13,STA,WIFI_DROP,
1.7992,18,STA,WIFI_DROP,
1.8016,8,STA,WIFI_DROP,
1.8016,13,STA,WIFI_DROP,
1.8016,18,STA,WIFI_DROP,
1.804,8,STA,WIFI_DROP,
1.804,13,STA,WIFI_DROP,
1.804,18,STA,WIFI_DROP,
1.8064,8,STA,WIFI_DROP,
1.8064,13,STA,WIFI_DROP,
1.8064,18,STA,WIFI_DROP,
1.8088,8,STA,WIFI_DROP,
1.8088,13,STA,WIFI_DROP,
1.8088,18,STA,WIFI_DROP,
1.8112,8,STA,WIFI_DROP,
1.8112,13,STA,WIFI_DROP,
1.8112,18,STA,WIFI_DROP,
1.8136,8,STA,WIFI_DROP,
1.8136,13,STA,WIFI_DROP,
1.8136,18,STA,WIFI_DROP,
1.816,8,STA,WIFI_DROP,
1.816,13,STA,WIFI_DROP,
1.816,18,STA,WIFI_DROP,
1.8184,8,STA,WIFI_DROP,
1.8184,13,STA,WIFI_DROP,
1.8184,18,STA,WIFI_DROP,
1.8208,8,STA,WIFI_DROP,
1.8208,13,STA,WIFI_DROP,
1.8208,18,STA,WIFI_DROP,
1.8232,8,STA,WIFI_DROP,
1.8232,18,STA,WIFI_DROP,
1.8256,8,STA,WIFI_DROP,
1.8256,18,STA,WIFI_DROP,
1.828,8,STA,WIFI_DROP,
1.828,18,STA,WIFI_DROP,
1.8304,8,STA,WIFI_DROP,
1.8304,18,STA,WIFI_DROP,
1.8328,8,STA,WIFI_DROP,
1.8328,18,STA,WIFI_DROP,
1.8352,8,STA,WIFI_DROP,
1.8352,18,STA,WIFI_DROP,
1.8376,8,STA,WIFI_DROP,
1.8376,18,STA,WIFI_DROP,
1.84,8,STA,WIFI_DROP,
1.84,18,STA,WIFI_DROP,
1.8424,8,STA,WIFI_DROP,
1.8424,18,STA,WIFI_DROP,
1.8448,8,STA,WIFI_DROP,
1.8448,18,STA,WIFI_DROP,
1.8472,8,STA,WIFI_DROP,
1.8472,18,STA,WIFI_DROP,
1.8496,8,STA,WIFI_DROP,
1.8496,18,STA,WIFI_DROP,
1.852,8,STA,WIFI_DROP,
1.852,18,STA,WIFI_DROP,
1.8544,8,STA,WIFI_DROP,
1.8544,18,STA,WIFI_DROP,
1.8568,8,STA,WIFI_DROP,
1.8568,18,STA,WIFI_DROP,
1.8592,8,STA,WIFI_DROP,
1.8592,18,STA,WIFI_DROP,
1.8616,8,STA,WIFI_DROP,
1.8616,18,STA,WIFI_DROP,
1.864,8,STA,WIFI_DROP,
1.864,18,STA,WIFI_DROP,
1.8664,8,STA,WIFI_DROP,
1.8664,18,STA,WIFI_DROP,
1.8688,8,STA,WIFI_DROP,
1.8688,18,STA,WIFI_DROP,
1.8712,8,STA,WIFI_DROP,
1.8712,18,STA,WIFI_DROP,
1.8736,8,STA,WIFI_DROP,
1.8736,18,STA,WIFI_DROP,
1.876,8,STA,WIFI_DROP,
1.876,18,STA,WIFI_DROP,
1.8784,8,STA,WIFI_DROP,
1.8784,18,STA,WIFI_DROP,
1.8808,8,STA,WIFI_DROP,
1.8808,18,STA,WIFI_DROP,
1.8832,8,STA,WIFI_DROP,
1.8832,18,STA,WIFI_DROP,
1.8856,8,STA,WIFI_DROP,
1.8856,18,STA,WIFI_DROP,
1.888,8,STA,WIFI_DROP,
1.888,18,STA,WIFI_DROP,
1.8904,8,STA,WIFI_DROP,
1.8904,18,STA,WIFI_DROP,
1.8928,8,STA,WIFI_DROP,
1.8928,18,STA,WIFI_DROP,
1.8952,8,STA,WIFI_DROP,
1.8952,18,STA,WIFI_DROP,
1.8976,8,STA,WIFI_DROP,
1.8976,18,STA,WIFI_DROP,
1.9,8,STA,WIFI_DROP,
1.9,18,STA,WIFI_DROP,
1.9024,8,STA,WIFI_DROP,
1.9024,18,STA,WIFI_DROP,
1.9048,8,STA,WIFI_DROP,
1.9048,18,STA,WIFI_DROP,
1.9072,8,STA,WIFI_DROP,
1.9072,18,STA,WIFI_DROP,
1.9096,8,STA,WIFI_DROP,
1.9096,18,STA,WIFI_DROP,
1.912,8,STA,WIFI_DROP,
1.912,18,STA,WIFI_DROP,
1.9144,8,STA,WIFI_DROP,
1.9144,18,STA,WIFI_DROP,
1.9168,8,STA,WIFI_DROP,
1.9168,18,STA,WIFI_DROP,
1.9192,8,STA,WIFI_DROP,
1.9192,18,STA,WIFI_DROP,
1.9216,8,STA,WIFI_DROP,
1.9216,18,STA,WIFI_DROP,
1.924,8,STA,WIFI_DROP,
1.924,18,STA,WIFI_DROP,
1.9264,8,STA,WIFI_DROP,
1.9264,18,STA,WIFI_DROP,
1.9288,8,STA,WIFI_DROP,
1.9288,18,STA,WIFI_DROP,
1.9312,8,STA,WIFI_DROP,
1.9312,18,STA,WIFI_DROP,
1.9336,8,STA,WIFI_DROP,
1.9336,18,STA,WIFI_DROP,
1.936,8,STA,WIFI_DROP,
1.936,18,STA,WIFI_DROP,
1.9384,8,STA,WIFI_DROP,
1.9384,18,STA,WIFI_DROP,
1.9408,8,STA,WIFI_DROP,
1.9408,18,STA,WIFI_DROP,
1.9432,8,STA,WIFI_DROP,
1.9432,18,STA,WIFI_DROP,
1.9456,8,STA,WIFI_DROP,
1.9456,18,STA,WIFI_DROP,
1.948,8,STA,WIFI_DROP,
1.948,18,STA,WIFI_DROP,
1.9504,8,STA,WIFI_DROP,
1.9504,18,STA,WIFI_DROP,
1.9528,8,STA,WIFI_DROP,
1.9528,18,STA,WIFI_DROP,
1.9552,8,STA,WIFI_DROP,
1.9552,18,STA,WIFI_DROP,
1.9576,8,STA,WIFI_DROP,
1.9576,18,STA,WIFI_DROP,
1.96,8,STA,WIFI_DROP,
1.96,18,STA,WIFI_DROP,
1.9624,8,STA,WIFI_DROP,
1.9624,18,STA,WIFI_DROP,
1.9648,8,STA,WIFI_DROP,
1.9648,18,STA,WIFI_DROP,
1.9672,8,STA,WIFI_DROP,
1.9696,8,STA,WIFI_DROP,
1.972,8,STA,WIFI_DROP,
1.9744,8,STA,WIFI_DROP,
1.9768,8,STA,WIFI_DROP,
1.9792,8,STA,WIFI_DROP,
1.9792,19,STA,WIFI_DROP,
1.9816,8,STA,WIFI_DROP,
1.9816,19,STA,WIFI_DROP,
1.984,8,STA,WIFI_DROP,
1.984,19,STA,WIFI_DROP,
1.9864,8,STA,WIFI_DROP,
1.9864,19,STA,WIFI_DROP,
1.9888,8,STA,WIFI_DROP,
1.9888,19,STA,WIFI_DROP,
1.9912,8,STA,WIFI_DROP,
1.9912,19,STA,WIFI_DROP,
1.9936,8,STA,WIFI_DROP,
1.9936,19,STA,WIFI_DROP,
1.996,8,STA,WIFI_DROP,
1.996,19,STA,WIFI_DROP,
1.9984,8,STA,WIFI_DROP,
1.9984,19,STA,WIFI_DROP,
2,6,STA,THROUGHPUT_MBPS,0.984000
2,10,STA,THROUGHPUT_MBPS,0.168000
2,12,STA,THROUGHPUT_MBPS,1.824000
2,14,STA,THROUGHPUT_MBPS,0.528000
2,15,STA,THROUGHPUT_MBPS,0.384000
2,18,STA,THROUGHPUT_MBPS,0.048000
2,21,STA,THROUGHPUT_MBPS,1.404000
2,1,AP,AGGREGATE_THROUGHPUT_MBPS,5.340000
2,1,AP,SENT_COUNT,8340.000000
2,1,AP,RECV_COUNT,445.000000
2,1,AP,LATENCY_P95_MS,522.651042
2.0008,8,STA,WIFI_DROP,
2.0008,19,STA,WIFI_DROP,
2.0032,8,STA,WIFI_DROP,
2.0032,19,STA,WIFI_DROP,
2.0056,8,STA,WIFI_DROP,
2.0056,19,STA,WIFI_DROP,
2.008,8,STA,WIFI_DROP,
2.008,19,STA,WIFI_DROP,
2.0104,8,STA,WIFI_DROP,
2.0104,19,STA,WIFI_DROP,
2.0128,8,STA,WIFI_DROP,
2.0128,19,STA,WIFI_DROP,
2.0152,8,STA,WIFI_DROP,
2.0152,19,STA,WIFI_DROP,
2.0176,8,STA,WIFI_DROP,
2.0176,19,STA,WIFI_DROP,
2.02,8,STA,WIFI_DROP,
2.02,19,STA,WIFI_DROP,
2.0224,8,STA,WIFI_DROP,
2.0224,19,STA,WIFI_DROP,
2.0248,8,STA,WIFI_DROP,
2.0248,19,STA,WIFI_DROP,
2.0272,8,STA,WIFI_DROP,
2.0272,19,STA,WIFI_DROP,
2.0296,8,STA,WIFI_DROP,
2.0296,19,STA,WIFI_DROP,
2.032,8,STA,WIFI_DROP,
2.032,19,STA,WIFI_DROP,
2.0344,8,STA,WIFI_DROP,
2.0344,19,STA,WIFI_DROP,
2.0368,8,STA,WIFI_DROP,
2.0368,19,STA,WIFI_DROP,
2.0392,8,STA,WIFI_DROP,
2.0392,19,STA,WIFI_DROP,
2.0416,8,STA,WIFI_DROP,
2.0416,19,STA,WIFI_DROP,
2.044,8,STA,WIFI_DROP,
2.044,19,STA,WIFI_DROP,
2.0464,8,STA,WIFI_DROP,
2.0464,19,STA,WIFI_DROP,
2.0488,8,STA,WIFI_DROP,
2.0488,19,STA,WIFI_DROP,
2.0512,8,STA,WIFI_DROP,
2.0512,19,STA,WIFI_DROP,
2.0536,8,STA,WIFI_DROP,
2.0536,19,STA,WIFI_DROP,
2.056,8,STA,WIFI_DROP,
2.056,19,STA,WIFI_DROP,
2.0584,8,STA,WIFI_DROP,
2.0584,19,STA,WIFI_DROP,
2.0608,8,STA,WIFI_DROP,
2.0608,19,STA,WIFI_DROP,
2.0632,8,STA,WIFI_DROP,
2.0632,19,STA,WIFI_DROP,
2.0656,8,STA,WIFI_DROP,
2.0656,19,STA,WIFI_DROP,
2.068,8,STA,WIFI_DROP,
2.068,19,STA,WIFI_DROP,
2.0704,8,STA,WIFI_DROP,
2.0704,19,STA,WIFI_DROP,
2.0728,8,STA,WIFI_DROP,
2.0728,19,STA,WIFI_DROP,
2.0752,8,STA,WIFI_DROP,
2.0752,19,STA,WIFI_DROP,
2.0776,8,STA,WIFI_DROP,
2.0776,19,STA,WIFI_DROP,
2.08,8,STA,WIFI_DROP,
2.08,19,STA,WIFI_DROP,
2.0824,8,STA,WIFI_DROP,
2.0824,19,STA,WIFI_DROP,
2.0848,8,STA,WIFI_DROP,
2.0848,19,STA,WIFI_DROP,
2.0872,8,STA,WIFI_DROP,
2.0872,19,STA,WIFI_DROP,
2.0896,8,STA,WIFI_DROP,
2.0896,19,STA,WIFI_DROP,
2.092,8,STA,WIFI_DROP,
2.092,19,STA,WIFI_DROP,
2.0944,8,STA,WIFI_DROP,
2.0944,19,STA,WIFI_DROP,
2.0968,8,STA,WIFI_DROP,
2.0968,19,STA,WIFI_DROP,
2.0992,8,STA,WIFI_DROP,
2.0992,19,STA,WIFI_DROP,
2.1016,8,STA,WIFI_DROP,
2.1016,19,STA,WIFI_DROP,
2.104,8,STA,WIFI_DROP,
2.104,19,STA,WIFI_DROP,
2.1064,8,STA,WIFI_DROP,
2.1064,19,STA,WIFI_DROP,
2.1088,8,STA,WIFI_DROP,
2.1088,19,STA,WIFI_DROP,
2.1112,8,STA,WIFI_DROP,
2.1112,19,STA,WIFI_DROP,
2.1136,8,STA,WIFI_DROP,
2.1136,19,STA,WIFI_DROP,
2.116,8,STA,WIFI_DROP,
2.116,19,STA,WIFI_DROP,
2.1184,8,STA,WIFI_DROP,
2.1184,19,STA,WIFI_DROP,
2.1208,8,STA,WIFI_DROP,
2.1208,19,STA,WIFI_DROP,
2.1232,8,STA,WIFI_DROP,
2.1232,19,STA,WIFI_DROP,
2.1256,8,STA,WIFI_DROP,
2.1256,19,STA,WIFI_DROP,
2.128,8,STA,WIFI_DROP,
2.128,19,STA,WIFI_DROP,
2.1304,8,STA,WIFI_DROP,
2.1304,19,STA,WIFI_DROP,
2.1328,8,STA,WIFI_DROP,
2.1352,8,STA,WIFI_DROP,
2.1376,8,STA,WIFI_DROP,
2.14,8,STA,WIFI_DROP,
2.1424,8,STA,WIFI_DROP,
2.1448,8,STA,WIFI_DROP,
2.1472,8,STA,WIFI_DROP,
2.1496,8,STA,WIFI_DROP,
2.152,8,STA,WIFI_DROP,
2.1544,8,STA,WIFI_DROP,
2.1568,8,STA,WIFI_DROP,
2.1592,8,STA,WIFI_DROP,
2.1616,8,STA,WIFI_DROP,
2.164,8,STA,WIFI_DROP,
2.1664,8,STA,WIFI_DROP,
2.1688,8,STA,WIFI_DROP,
2.1712,8,STA,WIFI_DROP,
2.1736,8,STA,WIFI_DROP,
2.176,8,STA,WIFI_DROP,
2.1784,8,STA,WIFI_DROP,
2.1808,8,STA,WIFI_DROP,
2.1832,8,STA,WIFI_DROP,
2.1856,8,STA,WIFI_DROP,
2.188,8,STA,WIFI_DROP,
2.1904,8,STA,WIFI_DROP,
2.1928,8,STA,WIFI_DROP,
2.1952,8,STA,WIFI_DROP,
2.1976,8,STA,WIFI_DROP,
2.2,8,STA,WIFI_DROP,
2.2024,8,STA,WIFI_DROP,
2.2048,8,STA,WIFI_DROP,
2.2072,8,STA,WIFI_DROP,
2.2096,8,STA,WIFI_DROP,
2.212,8,STA,WIFI_DROP,
2.2144,8,STA,WIFI_DROP,
2.2168,8,STA,WIFI_DROP,
2.2192,8,STA,WIFI_DROP,
2.2216,8,STA,WIFI_DROP,
2.224,8,STA,WIFI_DROP,
2.2264,8,STA,WIFI_DROP,
2.2288,8,STA,WIFI_DROP,
2.2312,8,STA,WIFI_DROP,
2.2336,8,STA,WIFI_DROP,
2.236,8,STA,WIFI_DROP,
2.2384,8,STA,WIFI_DROP,
2.2408,8,STA,WIFI_DROP,
2.2432,8,STA,WIFI_DROP,
2.2456,8,STA,WIFI_DROP,
2.248,8,STA,WIFI_DROP,
2.2504,8,STA,WIFI_DROP,
2.2528,8,STA,WIFI_DROP,
2.2552,8,STA,WIFI_DROP,
2.2576,8,STA,WIFI_DROP,
2.26,8,STA,WIFI_DROP,
2.2624,8,STA,WIFI_DROP,
2.2648,8,STA,WIFI_DROP,
2.2672,8,STA,WIFI_DROP,
2.2696,8,STA,WIFI_DROP,
2.272,8,STA,WIFI_DROP,
2.2744,8,STA,WIFI_DROP,
2.2768,8,STA,WIFI_DROP,
2.2792,8,STA,WIFI_DROP,
2.2816,8,STA,WIFI_DROP,
2.284,8,STA,WIFI_DROP,
2.2864,8,STA,WIFI_DROP,
2.2888,8,STA,WIFI_DROP,
2.2912,8,STA,WIFI_DROP,
2.2936,8,STA,WIFI_DROP,
2.296,8,STA,WIFI_DROP,
2.2984,8,STA,WIFI_DROP,
2.3008,8,STA,WIFI_DROP,
2.3032,8,STA,WIFI_DROP,
2.3056,8,STA,WIFI_DROP,
2.308,8,STA,WIFI_DROP,
2.3104,8,STA,WIFI_DROP,
2.3128,8,STA,WIFI_DROP,
2.3152,8,STA,WIFI_DROP,
2.3176,8,STA,WIFI_DROP,
2.32,8,STA,WIFI_DROP,
2.3224,8,STA,WIFI_DROP,
2.3248,8,STA,WIFI_DROP,
2.3272,8,STA,WIFI_DROP,
2.3296,8,STA,WIFI_DROP,
2.332,8,STA,WIFI_DROP,
2.3344,8,STA,WIFI_DROP,
2.3368,8,STA,WIFI_DROP,
2.3392,8,STA,WIFI_DROP,
2.3416,8,STA,WIFI_DROP,
2.344,8,STA,WIFI_DROP,
2.3464,8,STA,WIFI_DROP,
2.3488,8,STA,WIFI_DROP,
2.3512,8,STA,WIFI_DROP,
2.3536,8,STA,WIFI_DROP,
2.356,8,STA,WIFI_DROP,
2.3584,8,STA,WIFI_DROP,
2.3608,8,STA,WIFI_DROP,
2.3632,8,STA,WIFI_DROP,
2.3656,8,STA,WIFI_DROP,
2.368,8,STA,WIFI_DROP,
2.3704,8,STA,WIFI_DROP,
2.3728,8,STA,WIFI_DROP,
2.3752,8,STA,WIFI_DROP,
2.3776,8,STA,WIFI_DROP,
2.38,8,STA,WIFI_DROP,
2.3824,8,STA,WIFI_DROP,
2.3848,8,STA,WIFI_DROP,
2.3872,8,STA,WIFI_DROP,
2.3896,8,STA,WIFI_DROP,
2.392,8,STA,WIFI_DROP,
2.3944,8,STA,WIFI_DROP,
2.3968,8,STA,WIFI_DROP,
2.3992,8,STA,WIFI_DROP,
2.4016,8,STA,WIFI_DROP,
2.404,8,STA,WIFI_DROP,
2.4064,8,STA,WIFI_DROP,
2.4088,8,STA,WIFI_DROP,
2.4112,8,STA,WIFI_DROP,
2.4136,8,STA,WIFI_DROP,
2.416,8,STA,WIFI_DROP,
2.4184,8,STA,WIFI_DROP,
2.4208,8,STA,WIFI_DROP,
2.4232,8,STA,WIFI_DROP,
2.4256,8,STA,WIFI_DROP,
2.428,8,STA,WIFI_DROP,
2.4304,8,STA,WIFI_DROP,
2.4328,8,STA,WIFI_DROP,
2.4352,8,STA,WIFI_DROP,
2.4376,8,STA,WIFI_DROP,
2.44,8,STA,WIFI_DROP,
2.4424,8,STA,WIFI_DROP,
2.4448,8,STA,WIFI_DROP,
2.4472,8,STA,WIFI_DROP,
2.4496,8,STA,WIFI_DROP,
2.452,8,STA,WIFI_DROP,
2.4544,8,STA,WIFI_DROP,
2.4568,8,STA,WIFI_DROP,
2.4592,8,STA,WIFI_DROP,
2.4616,8,STA,WIFI_DROP,
2.464,8,STA,WIFI_DROP,
2.4664,8,STA,WIFI_DROP,
2.4688,8,STA,WIFI_DROP,
2.4712,8,STA,WIFI_DROP,
2.4736,8,STA,WIFI_DROP,
2.476,8,STA,WIFI_DROP,
2.4784,8,STA,WIFI_DROP,
2.4808,8,STA,WIFI_DROP,
2.4832,8,STA,WIFI_DROP,
2.4856,8,STA,WIFI_DROP,
2.488,8,STA,WIFI_DROP,
2.4904,4,STA,WIFI_DROP,
2.4904,8,STA,WIFI_DROP,
2.4904,10,STA,WIFI_DROP,
2.4904,11,STA,WIFI_DROP,
2.4928,4,STA,WIFI_DROP,
2.4928,8,STA,WIFI_DROP,
2.4928,10,STA,WIFI_DROP,
2.4928,11,STA,WIFI_DROP,
2.4952,4,STA,WIFI_DROP,
2.4952,8,STA,WIFI_DROP,
2.4952,10,STA,WIFI_DROP,
2.4952,11,STA,WIFI_DROP,
2.4976,4,STA,WIFI_DROP,
2.4976,8,STA,WIFI_DROP,
2.4976,10,STA,WIFI_DROP,
2.4976,11,STA,WIFI_DROP,
2.5,4,STA,WIFI_DROP,
2.5,8,STA,WIFI_DROP,
2.5,10,STA,WIFI_DROP,
2.5,11,STA,WIFI_DROP,
2.5024,4,STA,WIFI_DROP,
2.5024,8,STA,WIFI_DROP,
2.5024,10,STA,WIFI_DROP,
2.5024,11,STA,WIFI_DROP,
2.5048,4,STA,WIFI_DROP,
2.5048,8,STA,WIFI_DROP,
2.5048,10,STA,WIFI_DROP,
2.5048,11,STA,WIFI_DROP,
2.5072,4,STA,WIFI_DROP,
2.5072,8,STA,WIFI_DROP,
2.5072,10,STA,WIFI_DROP,
2.5072,11,STA,WIFI_DROP,
2.5096,4,STA,WIFI_DROP,
2.5096,8,STA,WIFI_DROP,
2.5096,10,STA,WIFI_DROP,
2.5096,11,STA,WIFI_DROP,
2.512,4,STA,WIFI_DROP,
2.512,8,STA,WIFI_DROP,
2.512,10,STA,WIFI_DROP,
2.512,11,STA,WIFI_DROP,
2.5144,4,STA,WIFI_DROP,
2.5144,8,STA,WIFI_DROP,
2.5144,10,STA,WIFI_DROP,
2.5144,11,STA,WIFI_DROP,
2.5168,4,STA,WIFI_DROP,
2.5168,8,STA,WIFI_DROP,
2.5168,10,STA,WIFI_DROP,
2.5168,11,STA,WIFI_DROP,
2.5192,4,STA,WIFI_DROP,
2.5192,8,STA,WIFI_DROP,
2.5192,10,STA,WIFI_DROP,
2.5192,11,STA,WIFI_DROP,
2.5216,4,STA,WIFI_DROP,
2.5216,8,STA,WIFI_DROP,
2.5216,10,STA,WIFI_DROP,
2.5216,11,STA,WIFI_DROP,
2.524,4,STA,WIFI_DROP,
2.524,8,STA,WIFI_DROP,
2.524,10,STA,WIFI_DROP,
2.524,11,STA,WIFI_DROP,
2.5264,4,STA,WIFI_DROP,
2.5264,8,STA,WIFI_DROP,
2.5264,10,STA,WIFI_DROP,
2.5264,11,STA,WIFI_DROP,
2.5288,4,STA,WIFI_DROP,
2.5288,8,STA,WIFI_DROP,
2.5288,10,STA,WIFI_DROP,
2.5288,11,STA,WIFI_DROP,
2.5312,4,STA,WIFI_DROP,
2.5312,8,STA,WIFI_DROP,
2.5312,10,STA,WIFI_DROP,
2.5312,11,STA,WIFI_DROP,
2.5336,4,STA,WIFI_DROP,
2.5336,8,STA,WIFI_DROP,
2.5336,10,STA,WIFI_DROP,
2.5336,11,STA,WIFI_DROP,
2.536,4,STA,WIFI_DROP,
2.536,8,STA,WIFI_DROP,
2.536,10,STA,WIFI_DROP,
2.536,11,STA,WIFI_DROP,
2.5384,4,STA,WIFI_DROP,
2.5384,8,STA,WIFI_DROP,
2.5384,10,STA,WIFI_DROP,
2.5384,11,STA,WIFI_DROP,
2.5408,4,STA,WIFI_DROP,
2.5408,8,STA,WIFI_DROP,
2.5408,10,STA,WIFI_DROP,
2.5408,11,STA,WIFI_DROP,
2.5432,4,STA,WIFI_DROP,
2.5432,8,STA,WIFI_DROP,
2.5432,10,STA,WIFI_DROP,
2.5432,11,STA,WIFI_DROP,
2.5456,4,STA,WIFI_DROP,
2.5456,8,STA,WIFI_DROP,
2.5456,10,STA,WIFI_DROP,
2.5456,11,STA,WIFI_DROP,
2.548,4,STA,WIFI_DROP,
2.548,8,STA,WIFI_DROP,
2.548,10,STA,WIFI_DROP,
2.548,11,STA,WIFI_DROP,
2.5504,4,STA,WIFI_DROP,
2.5504,8,STA,WIFI_DROP,
2.5504,10,STA,WIFI_DROP,
2.5504,11,STA,WIFI_DROP,
2.5528,4,STA,WIFI_DROP,
2.5528,8,STA,WIFI_DROP,
2.5528,10,STA,WIFI_DROP,
2.5528,11,STA,WIFI_DROP,
2.5552,4,STA,WIFI_DROP,
2.5552,8,STA,WIFI_DROP,
2.5552,10,STA,WIFI_DROP,
2.5552,11,STA,WIFI_DROP,
2.5576,4,STA,WIFI_DROP,
2.5576,8,STA,WIFI_DROP,
2.5576,10,STA,WIFI_DROP,
2.5576,11,STA,WIFI_DROP,
2.56,4,STA,WIFI_DROP,
2.56,8,STA,WIFI_DROP,
2.56,10,STA,WIFI_DROP,
2.56,11,STA,WIFI_DROP,
2.5624,4,STA,WIFI_DROP,
2.5624,8,STA,WIFI_DROP,
2.5624,10,STA,WIFI_DROP,
2.5624,11,STA,WIFI_DROP,
2.5648,4,STA,WIFI_DROP,
2.5648,8,STA,WIFI_DROP,
2.5648,10,STA,WIFI_DROP,
2.5648,11,STA,WIFI_DROP,
2.5672,4,STA,WIFI_DROP,
2.5672,8,STA,WIFI_DROP,
2.5672,10,STA,WIFI_DROP,
2.5672,11,STA,WIFI_DROP,
2.5696,4,STA,WIFI_DROP,
2.5696,8,STA,WIFI_DROP,
2.5696,10,STA,WIFI_DROP,
2.5696,11,STA,WIFI_DROP,
2.572,4,STA,WIFI_DROP,
2.572,8,STA,WIFI_DROP,
2.572,10,STA,WIFI_DROP,
2.572,11,STA,WIFI_DROP,
2.5744,4,STA,WIFI_DROP,
2.5744,8,STA,WIFI_DROP,
2.5744,10,STA,WIFI_DROP,
2.5744,11,STA,WIFI_DROP,
2.5768,4,STA,WIFI_DROP,
2.5768,8,STA,WIFI_DROP,
2.5768,10,STA,WIFI_DROP,
2.5768,11,STA,WIFI_DROP,
2.5792,4,STA,WIFI_DROP,
2.5792,8,STA,WIFI_DROP,
2.5792,10,STA,WIFI_DROP,
2.5792,11,STA,WIFI_DROP,
2.5816,4,STA,WIFI_DROP,
2.5816,8,STA,WIFI_DROP,
2.5816,10,STA,WIFI_DROP,
2.5816,11,STA,WIFI_DROP,
2.584,4,STA,WIFI_DROP,
2.584,8,STA,WIFI_DROP,
2.584,10,STA,WIFI_DROP,
2.584,11,STA,WIFI_DROP,
2.5864,4,STA,WIFI_DROP,
2.5864,8,STA,WIFI_DROP,
2.5864,10,STA,WIFI_DROP,
2.5864,11,STA,WIFI_DROP,
2.5888,4,STA,WIFI_DROP,
2.5888,8,STA,WIFI_DROP,
2.5888,10,STA,WIFI_DROP,
2.5888,11,STA,WIFI_DROP,
2.5912,4,STA,WIFI_DROP,
2.5912,8,STA,WIFI_DROP,
2.5912,10,STA,WIFI_DROP,
2.5912,11,STA,WIFI_DROP,
2.5936,4,STA,WIFI_DROP,
2.5936,8,STA,WIFI_DROP,
2.5936,10,STA,WIFI_DROP,
2.5936,11,STA,WIFI_DROP,
2.596,4,STA,WIFI_DROP,
2.596,8,STA,WIFI_DROP,
2.596,10,STA,WIFI_DROP,
2.596,11,STA,WIFI_DROP,
2.5984,8,STA,WIFI_DROP,
2.5984,10,STA,WIFI_DROP,
2.5984,11,STA,WIFI_DROP,
2.6008,8,STA,WIFI_DROP,
2.6008,10,STA,WIFI_DROP,
2.6008,11,STA,WIFI_DROP,
2.6032,8,STA,WIFI_DROP,
2.6032,10,STA,WIFI_DROP,
2.6032,11,STA,WIFI_DROP,
2.6056,8,STA,WIFI_DROP,
2.6056,10,STA,WIFI_DROP,
2.6056,11,STA,WIFI_DROP,
2.608,8,STA,WIFI_DROP,
2.608,10,STA,WIFI_DROP,
2.608,11,STA,WIFI_DROP,
2.6104,8,STA,WIFI_DROP,
2.6104,10,STA,WIFI_DROP,
2.6104,11,STA,WIFI_DROP,
2.6128,8,STA,WIFI_DROP,
2.6128,10,STA,WIFI_DROP,
2.6128,11,STA,WIFI_DROP,
2.6152,8,STA,WIFI_DROP,
2.6152,10,STA,WIFI_DROP,
2.6152,11,STA,WIFI_DROP,
2.6176,8,STA,WIFI_DROP,
2.6176,10,STA,WIFI_DROP,
2.6176,11,STA,WIFI_DROP,
2.62,8,STA,WIFI_DROP,
2.62,10,STA,WIFI_DROP,
2.62,11,STA,WIFI_DROP,
2.6224,8,STA,WIFI_DROP,
2.6224,10,STA,WIFI_DROP,
2.6224,11,STA,WIFI_DROP,
2.6248,8,STA,WIFI_DROP,
2.6248,10,STA,WIFI_DROP,
2.6248,11,STA,WIFI_DROP,
2.6272,8,STA,WIFI_DROP,
2.6272,10,STA,WIFI_DROP,
2.6272,11,STA,WIFI_DROP,
2.6296,10,STA,WIFI_DROP,
2.6296,11,STA,WIFI_DROP,
2.632,10,STA,WIFI_DROP,
2.632,11,STA,WIFI_DROP,
2.6344,10,STA,WIFI_DROP,
2.6344,11,STA,WIFI_DROP,
2.6368,10,STA,WIFI_DROP,
2.6368,11,STA,WIFI_DROP,
2.6392,10,STA,WIFI_DROP,
2.6392,11,STA,WIFI_DROP,
2.6416,10,STA,WIFI_DROP,
2.6416,11,STA,WIFI_DROP,
2.644,11,STA,WIFI_DROP,
2.6464,11,STA,WIFI_DROP,
2.6488,11,STA,WIFI_DROP,
2.6512,8,STA,WIFI_DROP,
2.6512,11,STA,WIFI_DROP,
2.6536,8,STA,WIFI_DROP,
2.6536,11,STA,WIFI_DROP,
2.656,8,STA,WIFI_DROP,
2.656,11,STA,WIFI_DROP,
2.6584,8,STA,WIFI_DROP,
2.6584,11,STA,WIFI_DROP,
2.6608,8,STA,WIFI_DROP,
2.6608,11,STA,WIFI_DROP,
2.6632,8,STA,WIFI_DROP,
2.6632,11,STA,WIFI_DROP,
2.6656,8,STA,WIFI_DROP,
2.6656,11,STA,WIFI_DROP,
2.668,8,STA,WIFI_DROP,
2.668,11,STA,WIFI_DROP,
2.6704,8,STA,WIFI_DROP,
2.6704,11,STA,WIFI_DROP,
2.6728,8,STA,WIFI_DROP,
2.6728,11,STA,WIFI_DROP,
2.6752,8,STA,WIFI_DROP,
2.6752,11,STA,WIFI_DROP,
2.6776,8,STA,WIFI_DROP,
2.6776,11,STA,WIFI_DROP,
2.68,8,STA,WIFI_DROP,
2.68,11,STA,WIFI_DROP,
2.6824,8,STA,WIFI_DROP,
2.6824,11,STA,WIFI_DROP,
2.6848,8,STA,WIFI_DROP,
2.6848,11,STA,WIFI_DROP,
2.6872,8,STA,WIFI_DROP,
2.6872,11,STA,WIFI_DROP,
2.6896,8,STA,WIFI_DROP,
2.6896,11,STA,WIFI_DROP,
2.692,8,STA,WIFI_DROP,
2.692,11,STA,WIFI_DROP,
2.6944,8,STA,WIFI_DROP,
2.6944,11,STA,WIFI_DROP,
2.6968,8,STA,WIFI_DROP,
2.6968,11,STA,WIFI_DROP,
2.6992,8,STA,WIFI_DROP,
2.6992,11,STA,WIFI_DROP,
2.7016,8,STA,WIFI_DROP,
2.7016,11,STA,WIFI_DROP,
2.704,8,STA,WIFI_DROP,
2.704,11,STA,WIFI_DROP,
2.7064,8,STA,WIFI_DROP,
2.7064,11,STA,WIFI_DROP,
2.7088,8,STA,WIFI_DROP,
2.7088,11,STA,WIFI_DROP,
2.7112,8,STA,WIFI_DROP,
2.7112,11,STA,WIFI_DROP,
2.7136,8,STA,WIFI_DROP,
2.7136,11,STA,WIFI_DROP,
2.716,8,STA,WIFI_DROP,
2.716,11,STA,WIFI_DROP,
2.7184,8,STA,WIFI_DROP,
2.7184,11,STA,WIFI_DROP,
2.7208,8,STA,WIFI_DROP,
2.7208,11,STA,WIFI_DROP,
2.7232,8,STA,WIFI_DROP,
2.7232,11,STA,WIFI_DROP,
2.7256,8,STA,WIFI_DROP,
2.7256,11,STA,WIFI_DROP,
2.728,8,STA,WIFI_DROP,
2.728,11,STA,WIFI_DROP,
2.7304,8,STA,WIFI_DROP,
2.7304,11,STA,WIFI_DROP,
2.7328,8,STA,WIFI_DROP,
2.7328,11,STA,WIFI_DROP,
2.7352,8,STA,WIFI_DROP,
2.7352,11,STA,WIFI_DROP,
2.7376,8,STA,WIFI_DROP,
2.7376,11,STA,WIFI_DROP,
2.74,8,STA,WIFI_DROP,
2.74,11,STA,WIFI_DROP,
2.7424,8,STA,WIFI_DROP,
2.7424,11,STA,WIFI_DROP,
2.7448,8,STA,WIFI_DROP,
2.7448,11,STA,WIFI_DROP,
2.7472,8,STA,WIFI_DROP,
2.7472,11,STA,WIFI_DROP,
2.7496,8,STA,WIFI_DROP,
2.7496,11,STA,WIFI_DROP,
2.752,8,STA,WIFI_DROP,
2.752,11,STA,WIFI_DROP,
2.7544,8,STA,WIFI_DROP,
2.7544,11,STA,WIFI_DROP,
2.7568,8,STA,WIFI_DROP,
2.7568,11,STA,WIFI_DROP,
2.7592,8,STA,WIFI_DROP,
2.7592,11,STA,WIFI_DROP,
2.7616,8,STA,WIFI_DROP,
2.7616,11,STA,WIFI_DROP,
2.764,8,STA,WIFI_DROP,
2.764,11,STA,WIFI_DROP,
2.7664,8,STA,WIFI_DROP,
2.7664,11,STA,WIFI_DROP,
2.7688,8,STA,WIFI_DROP,
2.7688,11,STA,WIFI_DROP,
2.7712,8,STA,WIFI_DROP,
2.7712,11,STA,WIFI_DROP,
2.7736,8,STA,WIFI_DROP,
2.7736,11,STA,WIFI_DROP,
2.776,8,STA,WIFI_DROP,
2.776,11,STA,WIFI_DROP,
2.7784,8,STA,WIFI_DROP,
2.7784,11,STA,WIFI_DROP,
2.7808,8,STA,WIFI_DROP,
2.7808,11,STA,WIFI_DROP,
2.7832,8,STA,WIFI_DROP,
2.7832,11,STA,WIFI_DROP,
2.7856,8,STA,WIFI_DROP,
2.7856,11,STA,WIFI_DROP,
2.788,8,STA,WIFI_DROP,
2.788,11,STA,WIFI_DROP,
2.7904,8,STA,WIFI_DROP,
2.7904,11,STA,WIFI_DROP,
2.7928,8,STA,WIFI_DROP,
2.7928,11,STA,WIFI_DROP,
2.7952,8,STA,WIFI_DROP,
2.7952,11,STA,WIFI_DROP,
2.7976,8,STA,WIFI_DROP,
2.7976,11,STA,WIFI_DROP,
2.8,8,STA,WIFI_DROP,
2.8,11,STA,WIFI_DROP,
2.8024,8,STA,WIFI_DROP,
2.8024,11,STA,WIFI_DROP,
2.8048,8,STA,WIFI_DROP,
2.8048,11,STA,WIFI_DROP,
2.8072,8,STA,WIFI_DROP,
2.8072,11,STA,WIFI_DROP,
2.8096,8,STA,WIFI_DROP,
2.8096,11,STA,WIFI_DROP,
2.812,8,STA,WIFI_DROP,
2.812,11,STA,WIFI_DROP,
2.8144,8,STA,WIFI_DROP,
2.8144,11,STA,WIFI_DROP,
2.8168,8,STA,WIFI_DROP,
2.8168,11,STA,WIFI_DROP,
2.8192,8,STA,WIFI_DROP,
2.8192,11,STA,WIFI_DROP,
2.8216,8,STA,WIFI_DROP,
2.8216,11,STA,WIFI_DROP,
2.824,8,STA,WIFI_DROP,
2.824,11,STA,WIFI_DROP,
2.8264,8,STA,WIFI_DROP,
2.8264,11,STA,WIFI_DROP,
2.8288,8,STA,WIFI_DROP,
2.8288,11,STA,WIFI_DROP,
2.8312,8,STA,WIFI_DROP,
2.8312,11,STA,WIFI_DROP,
2.8336,8,STA,WIFI_DROP,
2.8336,11,STA,WIFI_DROP,
2.836,8,STA,WIFI_DROP,
2.836,11,STA,WIFI_DROP,
2.8384,8,STA,WIFI_DROP,
2.8384,11,STA,WIFI_DROP,
2.8408,8,STA,WIFI_DROP,
2.8408,11,STA,WIFI_DROP,
2.8432,8,STA,WIFI_DROP,
2.8432,11,STA,WIFI_DROP,
2.8456,8,STA,WIFI_DROP,
2.8456,11,STA,WIFI_DROP,
2.848,8,STA,WIFI_DROP,
2.848,11,STA,WIFI_DROP,
2.8504,8,STA,WIFI_DROP,
2.8504,11,STA,WIFI_DROP,
2.8528,8,STA,WIFI_DROP,
2.8528,11,STA,WIFI_DROP,
2.8552,8,STA,WIFI_DROP,
2.8552,11,STA,WIFI_DROP,
2.8576,8,STA,WIFI_DROP,
2.8576,11,STA,WIFI_DROP,
2.86,8,STA,WIFI_DROP,
2.86,11,STA,WIFI_DROP,
2.8624,8,STA,WIFI_DROP,
2.8624,11,STA,WIFI_DROP,
2.8648,8,STA,WIFI_DROP,
2.8648,11,STA,WIFI_DROP,
2.8672,8,STA,WIFI_DROP,
2.8672,11,STA,WIFI_DROP,
2.8696,8,STA,WIFI_DROP,
2.8696,11,STA,WIFI_DROP,
2.872,8,STA,WIFI_DROP,
2.872,11,STA,WIFI_DROP,
2.8744,8,STA,WIFI_DROP,
2.8744,11,STA,WIFI_DROP,
2.8768,8,STA,WIFI_DROP,
2.8768,11,STA,WIFI_DROP,
2.8792,8,STA,WIFI_DROP,
2.8792,11,STA,WIFI_DROP,
2.8816,8,STA,WIFI_DROP,
2.8816,11,STA,WIFI_DROP,
2.884,8,STA,WIFI_DROP,
2.884,11,STA,WIFI_DROP,
2.8864,8,STA,WIFI_DROP,
2.8864,11,STA,WIFI_DROP,
2.8888,8,STA,WIFI_DROP,
2.8888,11,STA,WIFI_DROP,
2.8912,8,STA,WIFI_DROP,
2.8912,11,STA,WIFI_DROP,
2.8936,8,STA,WIFI_DROP,
2.896,8,STA,WIFI_DROP,
2.8984,8,STA,WIFI_DROP,
2.9008,8,STA,WIFI_DROP,
2.9032,8,STA,WIFI_DROP,
2.9056,8,STA,WIFI_DROP,
2.908,8,STA,WIFI_DROP,
2.9104,8,STA,WIFI_DROP,
2.9128,8,STA,WIFI_DROP,
2.9152,8,STA,WIFI_DROP,
2.9176,8,STA,WIFI_DROP,
2.92,8,STA,WIFI_DROP,
2.9224,8,STA,WIFI_DROP,
2.9248,8,STA,WIFI_DROP,
2.9272,8,STA,WIFI_DROP,
2.9296,8,STA,WIFI_DROP,
2.932,8,STA,WIFI_DROP,
2.9344,8,STA,WIFI_DROP,
2.9368,8,STA,WIFI_DROP,
2.9392,8,STA,WIFI_DROP,
2.9416,8,STA,WIFI_DROP,
2.944,8,STA,WIFI_DROP,
2.9464,8,STA,WIFI_DROP,
2.9488,8,STA,WIFI_DROP,
2.9512,8,STA,WIFI_DROP,
2.9536,8,STA,WIFI_DROP,
2.956,8,STA,WIFI_DROP,
2.9584,8,STA,WIFI_DROP,
2.9608,8,STA,WIFI_DROP,
2.9632,8,STA,WIFI_DROP,
2.9656,8,STA,WIFI_DROP,
2.968,8,STA,WIFI_DROP,
2.9704,8,STA,WIFI_DROP,
2.9728,8,STA,WIFI_DROP,
2.9752,8,STA,WIFI_DROP,
2.9776,8,STA,WIFI_DROP,
2.98,8,STA,WIFI_DROP,
2.9824,8,STA,WIFI_DROP,
2.9848,8,STA,WIFI_DROP,
2.9872,8,STA,WIFI_DROP,
2.9896,8,STA,WIFI_DROP,
2.992,8,STA,WIFI_DROP,
2.9944,8,STA,WIFI_DROP,
2.9968,8,STA,WIFI_DROP,
2.9992,8,STA,WIFI_DROP,
3,6,STA,THROUGHPUT_MBPS,0.468000
3,8,STA,THROUGHPUT_MBPS,0.012000
3,12,STA,THROUGHPUT_MBPS,0.780000
3,14,STA,THROUGHPUT_MBPS,1.116000
3,15,STA,THROUGHPUT_MBPS,1.968000
3,21,STA,THROUGHPUT_MBPS,1.392000
3,1,AP,AGGREGATE_THROUGHPUT_MBPS,5.736000
3,1,AP,SENT_COUNT,8340.000000
3,1,AP,RECV_COUNT,478.000000
3,1,AP,LATENCY_P95_MS,529.838769
3.0016,8,STA,WIFI_DROP,
3.004,8,STA,WIFI_DROP,
3.0064,8,STA,WIFI_DROP,
3.0088,8,STA,WIFI_DROP,
3.0112,8,STA,WIFI_DROP,
3.0136,8,STA,WIFI_DROP,
3.016,8,STA,WIFI_DROP,
3.0184,8,STA,WIFI_DROP,
3.0208,8,STA,WIFI_DROP,
3.0232,8,STA,WIFI_DROP,
3.0256,8,STA,WIFI_DROP,
3.028,8,STA,WIFI_DROP,
3.0304,8,STA,WIFI_DROP,
3.0328,8,STA,WIFI_DROP,
3.0352,8,STA,WIFI_DROP,
3.0376,8,STA,WIFI_DROP,
3.04,8,STA,WIFI_DROP,
3.0424,8,STA,WIFI_DROP,
3.0448,8,STA,WIFI_DROP,
3.0472,8,STA,WIFI_DROP,
3.0496,8,STA,WIFI_DROP,
3.052,8,STA,WIFI_DROP,
3.0544,8,STA,WIFI_DROP,
3.0568,8,STA,WIFI_DROP,
3.0592,8,STA,WIFI_DROP,
3.0616,8,STA,WIFI_DROP,
3.064,8,STA,WIFI_DROP,
3.0664,8,STA,WIFI_DROP,
3.0688,8,STA,WIFI_DROP,
3.0712,8,STA,WIFI_DROP,
3.0736,8,STA,WIFI_DROP,
3.076,8,STA,WIFI_DROP,
3.0784,8,STA,WIFI_DROP,
3.0808,8,STA,WIFI_DROP,
3.0832,8,STA,WIFI_DROP,
3.0856,8,STA,WIFI_DROP,
3.088,8,STA,WIFI_DROP,
3.0904,8,STA,WIFI_DROP,
3.0928,8,STA,WIFI_DROP,
3.0952,8,STA,WIFI_DROP,
3.0976,8,STA,WIFI_DROP,
3.1,8,STA,WIFI_DROP,
3.1024,8,STA,WIFI_DROP,
3.1048,8,STA,WIFI_DROP,
3.1072,8,STA,WIFI_DROP,
3.1096,8,STA,WIFI_DROP,
3.112,8,STA,WIFI_DROP,
3.1144,8,STA,WIFI_DROP,
3.1168,8,STA,WIFI_DROP,
3.1192,8,STA,WIFI_DROP,
3.1216,8,STA,WIFI_DROP,
3.124,8,STA,WIFI_DROP,
3.1264,8,STA,WIFI_DROP,
3.1288,8,STA,WIFI_DROP,
3.1312,8,STA,WIFI_DROP,
3.1336,8,STA,WIFI_DROP,
3.136,8,STA,WIFI_DROP,
3.1384,8,STA,WIFI_DROP,
3.1408,8,STA,WIFI_DROP,
3.1432,8,STA,WIFI_DROP,
3.1456,8,STA,WIFI_DROP,
3.148,8,STA,WIFI_DROP,
3.1504,8,STA,WIFI_DROP,
3.1528,8,STA,WIFI_DROP,
3.1552,8,STA,WIFI_DROP,
3.1576,8,STA,WIFI_DROP,
3.16,8,STA,WIFI_DROP,
3.1624,8,STA,WIFI_DROP,
3.1648,8,STA,WIFI_DROP,
3.1672,8,STA,WIFI_DROP,
3.1696,8,STA,WIFI_DROP,
3.172,8,STA,WIFI_DROP,
3.1744,8,STA,WIFI_DROP,
3.1768,8,STA,WIFI_DROP,
3.1792,8,STA,WIFI_DROP,
3.1816,8,STA,WIFI_DROP,
3.184,8,STA,WIFI_DROP,
3.1864,8,STA,WIFI_DROP,
3.1888,8,STA,WIFI_DROP,
3.1912,8,STA,WIFI_DROP,
3.1936,8,STA,WIFI_DROP,
3.196,8,STA,WIFI_DROP,
3.1984,8,STA,WIFI_DROP,
3.2008,8,STA,WIFI_DROP,
3.2032,8,STA,WIFI_DROP,
3.2056,8,STA,WIFI_DROP,
3.5176,16,STA,WIFI_DROP,
3.52,16,STA,WIFI_DROP,
3.5224,16,STA,WIFI_DROP,
3.5248,16,STA,WIFI_DROP,
3.5272,16,STA,WIFI_DROP,
3.5296,16,STA,WIFI_DROP,
3.532,16,STA,WIFI_DROP,
3.5344,16,STA,WIFI_DROP,
3.5368,16,STA,WIFI_DROP,
3.5392,16,STA,WIFI_DROP,
3.5416,16,STA,WIFI_DROP,
3.544,16,STA,WIFI_DROP,
3.5464,16,STA,WIFI_DROP,
3.5488,16,STA,WIFI_DROP,
3.5512,16,STA,WIFI_DROP,
3.5536,16,STA,WIFI_DROP,
3.556,16,STA,WIFI_DROP,
3.5584,16,STA,WIFI_DROP,
3.5608,16,STA,WIFI_DROP,
3.5632,16,STA,WIFI_DROP,
3.5656,16,STA,WIFI_DROP,
3.568,16,STA,WIFI_DROP,
3.5704,16,STA,WIFI_DROP,
3.5728,16,STA,WIFI_DROP,
3.5752,16,STA,WIFI_DROP,
3.5776,16,STA,WIFI_DROP,
3.58,16,STA,WIFI_DROP,
3.5824,16,STA,WIFI_DROP,
3.5848,16,STA,WIFI_DROP,
3.5872,16,STA,WIFI_DROP,
3.5896,16,STA,WIFI_DROP,
3.592,16,STA,WIFI_DROP,
3.5944,16,STA,WIFI_DROP,
3.5968,16,STA,WIFI_DROP,
3.5992,16,STA,WIFI_DROP,
3.6016,16,STA,WIFI_DROP,
3.604,16,STA,WIFI_DROP,
3.6064,16,STA,WIFI_DROP,
3.6088,16,STA,WIFI_DROP,
3.6112,16,STA,WIFI_DROP,
3.6136,16,STA,WIFI_DROP,
3.616,16,STA,WIFI_DROP,
3.6184,5,STA,WIFI_DROP,
3.6184,15,STA,WIFI_DROP,
3.6184,16,STA,WIFI_DROP,
3.6208,5,STA,WIFI_DROP,
3.6208,15,STA,WIFI_DROP,
3.6208,16,STA,WIFI_DROP,
3.6208,21,STA,WIFI_DROP,
3.6232,5,STA,WIFI_DROP,
3.6232,15,STA,WIFI_DROP,
3.6232,16,STA,WIFI_DROP,
3.6232,21,STA,WIFI_DROP,
3.6256,5,STA,WIFI_DROP,
3.6256,15,STA,WIFI_DROP,
3.6256,16,STA,WIFI_DROP,
3.6256,21,STA,WIFI_DROP,
3.628,5,STA,WIFI_DROP,
3.628,15,STA,WIFI_DROP,
3.628,16,STA,WIFI_DROP,
3.628,21,STA,WIFI_DROP,
3.6304,5,STA,WIFI_DROP,
3.6304,15,STA,WIFI_DROP,
3.6304,16,STA,WIFI_DROP,
3.6304,21,STA,WIFI_DROP,
3.6328,5,STA,WIFI_DROP,
3.6328,15,STA,WIFI_DROP,
3.6328,16,STA,WIFI_DROP,
3.6328,21,STA,WIFI_DROP,
3.6352,5,STA,WIFI_DROP,
3.6352,15,STA,WIFI_DROP,
3.6352,16,STA,WIFI_DROP,
3.6352,21,STA,WIFI_DROP,
3.6376,5,STA,WIFI_DROP,
3.6376,15,STA,WIFI_DROP,
3.6376,16,STA,WIFI_DROP,
3.6376,21,STA,WIFI_DROP,
3.64,5,STA,WIFI_DROP,
3.64,15,STA,WIFI_DROP,
3.64,16,STA,WIFI_DROP,
3.64,21,STA,WIFI_DROP,
3.6424,5,STA,WIFI_DROP,
3.6424,15,STA,WIFI_DROP,
3.6424,16,STA,WIFI_DROP,
3.6424,21,STA,WIFI_DROP,
3.6448,5,STA,WIFI_DROP,
3.6448,15,STA,WIFI_DROP,
3.6448,16,STA,WIFI_DROP,
3.6448,21,STA,WIFI_DROP,
3.6472,5,STA,WIFI_DROP,
3.6472,15,STA,WIFI_DROP,
3.6472,16,STA,WIFI_DROP,
3.6472,21,STA,WIFI_DROP,
3.6496,5,STA,WIFI_DROP,
3.6496,15,STA,WIFI_DROP,
3.6496,16,STA,WIFI_DROP,
3.6496,21,STA,WIFI_DROP,
3.652,5,STA,WIFI_DROP,
3.652,15,STA,WIFI_DROP,
3.652,16,STA,WIFI_DROP,
3.652,21,STA,WIFI_DROP,
3.6544,5,STA,WIFI_DROP,
3.6544,15,STA,WIFI_DROP,
3.6544,16,STA,WIFI_DROP,
3.6544,21,STA,WIFI_DROP,
3.6568,5,STA,WIFI_DROP,
3.6568,15,STA,WIFI_DROP,
3.6568,16,STA,WIFI_DROP,
3.6568,21,STA,WIFI_DROP,
3.6592,5,STA,WIFI_DROP,
3.6592,15,STA,WIFI_DROP,
3.6592,16,STA,WIFI_DROP,
3.6592,21,STA,WIFI_DROP,
3.6616,5,STA,WIFI_DROP,
3.6616,15,STA,WIFI_DROP,
3.6616,16,STA,WIFI_DROP,
3.6616,21,STA,WIFI_DROP,
3.664,5,STA,WIFI_DROP,
3.664,15,STA,WIFI_DROP,
3.664,16,STA,WIFI_DROP,
3.664,21,STA,WIFI_DROP,
3.6664,5,STA,WIFI_DROP,
3.6664,15,STA,WIFI_DROP,
3.6664,16,STA,WIFI_DROP,
3.6664,21,STA,WIFI_DROP,
3.6688,5,STA,WIFI_DROP,
3.6688,15,STA,WIFI_DROP,
3.6688,16,STA,WIFI_DROP,
3.6688,21,STA,WIFI_DROP,
3.6712,5,STA,WIFI_DROP,
3.6712,15,STA,WIFI_DROP,
3.6712,21,STA,WIFI_DROP,
3.6736,5,STA,WIFI_DROP,
3.6736,15,STA,WIFI_DROP,
3.6736,21,STA,WIFI_DROP,
3.676,5,STA,WIFI_DROP,
3.676,15,STA,WIFI_DROP,
3.676,21,STA,WIFI_DROP,
3.6784,5,STA,WIFI_DROP,
3.6784,15,STA,WIFI_DROP,
3.6784,21,STA,WIFI_DROP,
3.6808,5,STA,WIFI_DROP,
3.6808,15,STA,WIFI_DROP,
3.6808,21,STA,WIFI_DROP,
3.6832,5,STA,WIFI_DROP,
3.6832,15,STA,WIFI_DROP,
3.6832,21,STA,WIFI_DROP,
3.6856,5,STA,WIFI_DROP,
3.6856,15,STA,WIFI_DROP,
3.6856,21,STA,WIFI_DROP,
3.688,5,STA,WIFI_DROP,
3.688,15,STA,WIFI_DROP,
3.688,21,STA,WIFI_DROP,
3.6904,5,STA,WIFI_DROP,
3.6904,15,STA,WIFI_DROP,
3.6904,21,STA,WIFI_DROP,
3.6928,5,STA,WIFI_DROP,
3.6928,15,STA,WIFI_DROP,
3.6928,21,STA,WIFI_DROP,
3.6952,5,STA,WIFI_DROP,
3.6952,15,STA,WIFI_DROP,
3.6952,21,STA,WIFI_DROP,
3.6976,5,STA,WIFI_DROP,
3.6976,15,STA,WIFI_DROP,
3.6976,21,STA,WIFI_DROP,
3.7,5,STA,WIFI_DROP,
3.7,15,STA,WIFI_DROP,
3.7,21,STA,WIFI_DROP,
3.7024,5,STA,WIFI_DROP,
3.7024,15,STA,WIFI_DROP,
3.7024,21,STA,WIFI_DROP,
3.7048,5,STA,WIFI_DROP,
3.7048,15,STA,WIFI_DROP,
3.7048,21,STA,WIFI_DROP,
3.7072,5,STA,WIFI_DROP,
3.7072,15,STA,WIFI_DROP,
3.7072,21,STA,WIFI_DROP,
3.7096,5,STA,WIFI_DROP,
3.7096,15,STA,WIFI_DROP,
3.7096,21,STA,WIFI_DROP,
3.712,5,STA,WIFI_DROP,
3.712,15,STA,WIFI_DROP,
3.712,21,STA,WIFI_DROP,
3.7144,5,STA,WIFI_DROP,
3.7144,15,STA,WIFI_DROP,
3.7144,21,STA,WIFI_DROP,
3.7168,5,STA,WIFI_DROP,
3.7168,15,STA,WIFI_DROP,
3.7168,21,STA,WIFI_DROP,
3.7192,5,STA,WIFI_DROP,
3.7192,15,STA,WIFI_DROP,
3.7192,21,STA,WIFI_DROP,
3.7216,5,STA,WIFI_DROP,
3.7216,15,STA,WIFI_DROP,
3.7216,21,STA,WIFI_DROP,
3.724,5,STA,WIFI_DROP,
3.724,8,STA,WIFI_DROP,
3.724,15,STA,WIFI_DROP,
3.724,21,STA,WIFI_DROP,
3.7264,5,STA,WIFI_DROP,
3.7264,8,STA,WIFI_DROP,
3.7264,15,STA,WIFI_DROP,
3.7264,21,STA,WIFI_DROP,
3.7288,5,STA,WIFI_DROP,
3.7288,8,STA,WIFI_DROP,
3.7288,15,STA,WIFI_DROP,
3.7288,21,STA,WIFI_DROP,
3.7312,5,STA,WIFI_DROP,
3.7312,8,STA,WIFI_DROP,
3.7312,15,STA,WIFI_DROP,
3.7312,21,STA,WIFI_DROP,
3.7336,5,STA,WIFI_DROP,
3.7336,8,STA,WIFI_DROP,
3.7336,15,STA,WIFI_DROP,
3.7336,21,STA,WIFI_DROP,
3.736,5,STA,WIFI_DROP,
3.736,8,STA,WIFI_DROP,
3.736,15,STA,WIFI_DROP,
3.736,21,STA,WIFI_DROP,
3.7384,5,STA,WIFI_DROP,
3.7384,8,STA,WIFI_DROP,
3.7384,15,STA,WIFI_DROP,
3.7384,21,STA,WIFI_DROP,
3.7408,5,STA,WIFI_DROP,
3.7408,8,STA,WIFI_DROP,
3.7408,15,STA,WIFI_DROP,
3.7408,21,STA,WIFI_DROP,
3.7432,5,STA,WIFI_DROP,
3.7432,8,STA,WIFI_DROP,
3.7432,15,STA,WIFI_DROP,
3.7432,21,STA,WIFI_DROP,
3.7456,5,STA,WIFI_DROP,
3.7456,8,STA,WIFI_DROP,
3.7456,15,STA,WIFI_DROP,
3.7456,21,STA,WIFI_DROP,
3.748,5,STA,WIFI_DROP,
3.748,8,STA,WIFI_DROP,
3.748,15,STA,WIFI_DROP,
3.748,21,STA,WIFI_DROP,
3.7504,5,STA,WIFI_DROP,
3.7504,8,STA,WIFI_DROP,
3.7504,15,STA,WIFI_DROP,
3.7504,21,STA,WIFI_DROP,
3.7528,5,STA,WIFI_DROP,
3.7528,8,STA,WIFI_DROP,
3.7528,15,STA,WIFI_DROP,
3.7528,21,STA,WIFI_DROP,
3.7552,5,STA,WIFI_DROP,
3.7552,8,STA,WIFI_DROP,
3.7552,15,STA,WIFI_DROP,
3.7552,21,STA,WIFI_DROP,
3.7576,5,STA,WIFI_DROP,
3.7576,8,STA,WIFI_DROP,
3.7576,15,STA,WIFI_DROP,
3.7576,21,STA,WIFI_DROP,
3.76,5,STA,WIFI_DROP,
3.76,8,STA,WIFI_DROP,
3.76,15,STA,WIFI_DROP,
3.76,21,STA,WIFI_DROP,
3.7624,5,STA,WIFI_DROP,
3.7624,8,STA,WIFI_DROP,
3.7624,15,STA,WIFI_DROP,
3.7624,21,STA,WIFI_DROP,
3.7648,5,STA,WIFI_DROP,
3.7648,8,STA,WIFI_DROP,
3.7648,15,STA,WIFI_DROP,
3.7648,21,STA,WIFI_DROP,
3.7672,5,STA,WIFI_DROP,
3.7672,8,STA,WIFI_DROP,
3.7672,15,STA,WIFI_DROP,
3.7672,21,STA,WIFI_DROP,
3.7696,5,STA,WIFI_DROP,
3.7696,8,STA,WIFI_DROP,
3.7696,15,STA,WIFI_DROP,
3.7696,21,STA,WIFI_DROP,
3.772,5,STA,WIFI_DROP,
3.772,8,STA,WIFI_DROP,
3.772,15,STA,WIFI_DROP,
3.772,21,STA,WIFI_DROP,
3.7744,5,STA,WIFI_DROP,
3.7744,8,STA,WIFI_DROP,
3.7744,15,STA,WIFI_DROP,
3.7744,21,STA,WIFI_DROP,
3.7768,5,STA,WIFI_DROP,
3.7768,8,STA,WIFI_DROP,
3.7768,15,STA,WIFI_DROP,
3.7768,21,STA,WIFI_DROP,
3.7792,5,STA,WIFI_DROP,
3.7792,8,STA,WIFI_DROP,
3.7792,15,STA,WIFI_DROP,
3.7792,21,STA,WIFI_DROP,
3.7816,5,STA,WIFI_DROP,
3.7816,8,STA,WIFI_DROP,
3.7816,15,STA,WIFI_DROP,
3.7816,21,STA,WIFI_DROP,
3.784,5,STA,WIFI_DROP,
3.784,8,STA,WIFI_DROP,
3.784,15,STA,WIFI_DROP,
3.784,21,STA,WIFI_DROP,
3.7864,5,STA,WIFI_DROP,
3.7864,8,STA,WIFI_DROP,
3.7864,15,STA,WIFI_DROP,
3.7864,21,STA,WIFI_DROP,
3.7888,5,STA,WIFI_DROP,
3.7888,8,STA,WIFI_DROP,
3.7888,15,STA,WIFI_DROP,
3.7888,21,STA,WIFI_DROP,
3.7912,5,STA,WIFI_DROP,
3.7912,8,STA,WIFI_DROP,
3.7912,15,STA,WIFI_DROP,
3.7912,21,STA,WIFI_DROP,
3.7936,5,STA,WIFI_DROP,
3.7936,8,STA,WIFI_DROP,
3.7936,15,STA,WIFI_DROP,
3.7936,21,STA,WIFI_DROP,
3.796,5,STA,WIFI_DROP,
3.796,8,STA,WIFI_DROP,
3.796,15,STA,WIFI_DROP,
3.796,21,STA,WIFI_DROP,
3.7984,5,STA,WIFI_DROP,
3.7984,8,STA,WIFI_DROP,
3.7984,15,STA,WIFI_DROP,
3.7984,21,STA,WIFI_DROP,
3.8008,5,STA,WIFI_DROP,
3.8008,8,STA,WIFI_DROP,
3.8008,15,STA,WIFI_DROP,
3.8008,21,STA,WIFI_DROP,
3.8032,5,STA,WIFI_DROP,
3.8032,8,STA,WIFI_DROP,
3.8032,15,STA,WIFI_DROP,
3.8032,21,STA,WIFI_DROP,
3.8056,5,STA,WIFI_DROP,
3.8056,8,STA,WIFI_DROP,
3.8056,15,STA,WIFI_DROP,
3.8056,21,STA,WIFI_DROP,
3.808,5,STA,WIFI_DROP,
3.808,8,STA,WIFI_DROP,
3.808,15,STA,WIFI_DROP,
3.808,21,STA,WIFI_DROP,
3.8104,5,STA,WIFI_DROP,
3.8104,8,STA,WIFI_DROP,
3.8104,15,STA,WIFI_DROP,
3.8104,21,STA,WIFI_DROP,
3.8128,5,STA,WIFI_DROP,
3.8128,8,STA,WIFI_DROP,
3.8128,15,STA,WIFI_DROP,
3.8128,21,STA,WIFI_DROP,
3.8152,5,STA,WIFI_DROP,
3.8152,8,STA,WIFI_DROP,
3.8152,15,STA,WIFI_DROP,
3.8152,21,STA,WIFI_DROP,
3.8176,5,STA,WIFI_DROP,
3.8176,8,STA,WIFI_DROP,
3.8176,15,STA,WIFI_DROP,
3.8176,21,STA,WIFI_DROP,
3.82,5,STA,WIFI_DROP,
3.82,8,STA,WIFI_DROP,
3.82,15,STA,WIFI_DROP,
3.82,21,STA,WIFI_DROP,
3.8224,5,STA,WIFI_DROP,
3.8224,8,STA,WIFI_DROP,
3.8224,15,STA,WIFI_DROP,
3.8224,21,STA,WIFI_DROP,
3.8248,5,STA,WIFI_DROP,
3.8248,8,STA,WIFI_DROP,
3.8248,15,STA,WIFI_DROP,
3.8248,21,STA,WIFI_DROP,
3.8272,5,STA,WIFI_DROP,
3.8272,8,STA,WIFI_DROP,
3.8272,15,STA,WIFI_DROP,
3.8272,21,STA,WIFI_DROP,
3.8296,5,STA,WIFI_DROP,
3.8296,8,STA,WIFI_DROP,
3.8296,15,STA,WIFI_DROP,
3.8296,21,STA,WIFI_DROP,
3.832,5,STA,WIFI_DROP,
3.832,8,STA,WIFI_DROP,
3.832,15,STA,WIFI_DROP,
3.832,21,STA,WIFI_DROP,
3.8344,5,STA,WIFI_DROP,
3.8344,8,STA,WIFI_DROP,
3.8344,15,STA,WIFI_DROP,
3.8344,21,STA,WIFI_DROP,
3.8368,5,STA,WIFI_DROP,
3.8368,8,STA,WIFI_DROP,
3.8368,15,STA,WIFI_DROP,
3.8368,21,STA,WIFI_DROP,
3.8392,5,STA,WIFI_DROP,
3.8392,8,STA,WIFI_DROP,
3.8392,15,STA,WIFI_DROP,
3.8392,21,STA,WIFI_DROP,
3.8416,5,STA,WIFI_DROP,
3.8416,8,STA,WIFI_DROP,
3.8416,15,STA,WIFI_DROP,
3.8416,21,STA,WIFI_DROP,
3.844,5,STA,WIFI_DROP,
3.844,8,STA,WIFI_DROP,
3.844,15,STA,WIFI_DROP,
3.844,21,STA,WIFI_DROP,
3.8464,5,STA,WIFI_DROP,
3.8464,8,STA,WIFI_DROP,
3.8464,15,STA,WIFI_DROP,
3.8464,21,STA,WIFI_DROP,
3.8488,5,STA,WIFI_DROP,
3.8488,8,STA,WIFI_DROP,
3.8488,15,STA,WIFI_DROP,
3.8488,21,STA,WIFI_DROP,
3.8512,5,STA,WIFI_DROP,
3.8512,8,STA,WIFI_DROP,
3.8512,15,STA,WIFI_DROP,
3.8512,21,STA,WIFI_DROP,
3.8536,5,STA,WIFI_DROP,
3.8536,8,STA,WIFI_DROP,
3.8536,15,STA,WIFI_DROP,
3.8536,21,STA,WIFI_DROP,
3.856,5,STA,WIFI_DROP,
3.856,8,STA,WIFI_DROP,
3.856,15,STA,WIFI_DROP,
3.856,21,STA,WIFI_DROP,
3.8584,5,STA,WIFI_DROP,
3.8584,8,STA,WIFI_DROP,
3.8584,15,STA,WIFI_DROP,
3.8584,21,STA,WIFI_DROP,
3.8608,5,STA,WIFI_DROP,
3.8608,8,STA,WIFI_DROP,
3.8608,15,STA,WIFI_DROP,
3.8608,21,STA,WIFI_DROP,
3.8632,5,STA,WIFI_DROP,
3.8632,8,STA,WIFI_DROP,
3.8632,15,STA,WIFI_DROP,
3.8632,21,STA,WIFI_DROP,
3.8656,5,STA,WIFI_DROP,
3.8656,8,STA,WIFI_DROP,
3.8656,15,STA,WIFI_DROP,
3.8656,21,STA,WIFI_DROP,
3.868,5,STA,WIFI_DROP,
3.868,8,STA,WIFI_DROP,
3.868,15,STA,WIFI_DROP,
3.868,21,STA,WIFI_DROP,
3.8704,8,STA,WIFI_DROP,
3.8704,15,STA,WIFI_DROP,
3.8704,21,STA,WIFI_DROP,
3.8728,8,STA,WIFI_DROP,
3.8728,15,STA,WIFI_DROP,
3.8728,21,STA,WIFI_DROP,
3.8752,8,STA,WIFI_DROP,
3.8752,15,STA,WIFI_DROP,
3.8752,21,STA,WIFI_DROP,
3.8776,8,STA,WIFI_DROP,
3.8776,15,STA,WIFI_DROP,
3.8776,21,STA,WIFI_DROP,
3.88,8,STA,WIFI_DROP,
3.88,15,STA,WIFI_DROP,
3.88,21,STA,WIFI_DROP,
3.8824,8,STA,WIFI_DROP,
3.8824,15,STA,WIFI_DROP,
3.8824,21,STA,WIFI_DROP,
3.8848,8,STA,WIFI_DROP,
3.8848,15,STA,WIFI_DROP,
3.8848,21,STA,WIFI_DROP,
3.8872,8,STA,WIFI_DROP,
3.8872,15,STA,WIFI_DROP,
3.8872,21,STA,WIFI_DROP,
3.8896,8,STA,WIFI_DROP,
3.8896,15,STA,WIFI_DROP,
3.8896,21,STA,WIFI_DROP,
3.892,8,STA,WIFI_DROP,
3.892,15,STA,WIFI_DROP,
3.892,21,STA,WIFI_DROP,
3.8944,8,STA,WIFI_DROP,
3.8944,15,STA,WIFI_DROP,
3.8944,21,STA,WIFI_DROP,
3.8968,8,STA,WIFI_DROP,
3.8968,15,STA,WIFI_DROP,
3.8968,21,STA,WIFI_DROP,
3.8992,8,STA,WIFI_DROP,
3.8992,15,STA,WIFI_DROP,
3.8992,21,STA,WIFI_DROP,
3.9016,8,STA,WIFI_DROP,
3.9016,15,STA,WIFI_DROP,
3.9016,21,STA,WIFI_DROP,
3.904,8,STA,WIFI_DROP,
3.904,15,STA,WIFI_DROP,
3.904,21,STA,WIFI_DROP,
3.9064,8,STA,WIFI_DROP,
3.9064,15,STA,WIFI_DROP,
3.9064,21,STA,WIFI_DROP,
3.9088,8,STA,WIFI_DROP,
3.9088,15,STA,WIFI_DROP,
3.9088,21,STA,WIFI_DROP,
3.9112,8,STA,WIFI_DROP,
3.9112,15,STA,WIFI_DROP,
3.9112,21,STA,WIFI_DROP,
3.9136,8,STA,WIFI_DROP,
3.9136,15,STA,WIFI_DROP,
3.9136,21,STA,WIFI_DROP,
3.916,8,STA,WIFI_DROP,
3.916,15,STA,WIFI_DROP,
3.916,21,STA,WIFI_DROP,
3.9184,8,STA,WIFI_DROP,
3.9184,15,STA,WIFI_DROP,
3.9184,21,STA,WIFI_DROP,
3.9208,8,STA,WIFI_DROP,
3.9208,15,STA,WIFI_DROP,
3.9208,21,STA,WIFI_DROP,
3.9232,8,STA,WIFI_DROP,
3.9232,15,STA,WIFI_DROP,
3.9232,21,STA,WIFI_DROP,
3.9256,8,STA,WIFI_DROP,
3.9256,15,STA,WIFI_DROP,
3.9256,21,STA,WIFI_DROP,
3.928,8,STA,WIFI_DROP,
3.928,15,STA,WIFI_DROP,
3.928,21,STA,WIFI_DROP,
3.9304,8,STA,WIFI_DROP,
3.9304,15,STA,WIFI_DROP,
3.9304,21,STA,WIFI_DROP,
3.9328,8,STA,WIFI_DROP,
3.9328,15,STA,WIFI_DROP,
3.9328,21,STA,WIFI_DROP,
3.9352,8,STA,WIFI_DROP,
3.9352,15,STA,WIFI_DROP,
3.9352,21,STA,WIFI_DROP,
3.9376,8,STA,WIFI_DROP,
3.9376,15,STA,WIFI_DROP,
3.9376,21,STA,WIFI_DROP,
3.94,8,STA,WIFI_DROP,
3.94,15,STA,WIFI_DROP,
3.94,21,STA,WIFI_DROP,
3.9424,8,STA,WIFI_DROP,
3.9424,15,STA,WIFI_DROP,
3.9424,21,STA,WIFI_DROP,
3.9448,8,STA,WIFI_DROP,
3.9448,15,STA,WIFI_DROP,
3.9448,21,STA,WIFI_DROP,
3.9472,8,STA,WIFI_DROP,
3.9472,15,STA,WIFI_DROP,
3.9472,21,STA,WIFI_DROP,
3.9496,8,STA,WIFI_DROP,
3.9496,15,STA,WIFI_DROP,
3.9496,21,STA,WIFI_DROP,
3.952,8,STA,WIFI_DROP,
3.952,15,STA,WIFI_DROP,
3.952,21,STA,WIFI_DROP,
3.9544,8,STA,WIFI_DROP,
3.9544,15,STA,WIFI_DROP,
3.9544,21,STA,WIFI_DROP,
3.9568,8,STA,WIFI_DROP,
3.9568,15,STA,WIFI_DROP,
3.9568,21,STA,WIFI_DROP,
3.9592,8,STA,WIFI_DROP,
3.9592,15,STA,WIFI_DROP,
3.9592,21,STA,WIFI_DROP,
3.9616,8,STA,WIFI_DROP,
3.9616,15,STA,WIFI_DROP,
3.9616,21,STA,WIFI_DROP,
3.964,8,STA,WIFI_DROP,
3.964,15,STA,WIFI_DROP,
3.964,21,STA,WIFI_DROP,
3.9664,8,STA,WIFI_DROP,
3.9664,15,STA,WIFI_DROP,
3.9664,21,STA,WIFI_DROP,
3.9688,8,STA,WIFI_DROP,
3.9688,15,STA,WIFI_DROP,
3.9688,21,STA,WIFI_DROP,
3.9712,8,STA,WIFI_DROP,
3.9712,15,STA,WIFI_DROP,
3.9712,21,STA,WIFI_DROP,
3.9736,8,STA,WIFI_DROP,
3.9736,15,STA,WIFI_DROP,
3.9736,21,STA,WIFI_DROP,
3.976,8,STA,WIFI_DROP,
3.976,15,STA,WIFI_DROP,
3.976,21,STA,WIFI_DROP,
3.9784,8,STA,WIFI_DROP,
3.9784,15,STA,WIFI_DROP,
3.9784,21,STA,WIFI_DROP,
3.9808,8,STA,WIFI_DROP,
3.9808,15,STA,WIFI_DROP,
3.9808,21,STA,WIFI_DROP,
3.9832,8,STA,WIFI_DROP,
3.9832,15,STA,WIFI_DROP,
3.9832,21,STA,WIFI_DROP,
3.9856,8,STA,WIFI_DROP,
3.9856,15,STA,WIFI_DROP,
3.9856,21,STA,WIFI_DROP,
3.988,8,STA,WIFI_DROP,
3.988,15,STA,WIFI_DROP,
3.988,21,STA,WIFI_DROP,
3.9904,8,STA,WIFI_DROP,
3.9904,15,STA,WIFI_DROP,
3.9904,21,STA,WIFI_DROP,
3.9928,8,STA,WIFI_DROP,
3.9928,15,STA,WIFI_DROP,
3.9928,21,STA,WIFI_DROP,
3.9952,8,STA,WIFI_DROP,
3.9952,15,STA,WIFI_DROP,
3.9952,21,STA,WIFI_DROP,
3.9976,8,STA,WIFI_DROP,
3.9976,15,STA,WIFI_DROP,
3.9976,21,STA,WIFI_DROP,
4,6,STA,THROUGHPUT_MBPS,3.000000
4,12,STA,THROUGHPUT_MBPS,0.264000
4,14,STA,THROUGHPUT_MBPS,0.972000
4,15,STA,THROUGHPUT_MBPS,1.524000
4,21,STA,THROUGHPUT_MBPS,0.996000
4,1,AP,AGGREGATE_THROUGHPUT_MBPS,6.756000
4,1,AP,SENT_COUNT,8320.000000
4,1,AP,RECV_COUNT,563.000000
4,1,AP,LATENCY_P95_MS,528.428001
4,8,STA,WIFI_DROP,
4,15,STA,WIFI_DROP,
4,21,STA,WIFI_DROP,
4.0024,8,STA,WIFI_DROP,
4.0024,15,STA,WIFI_DROP,
4.0024,21,STA,WIFI_DROP,
4.0048,8,STA,WIFI_DROP,
4.0048,15,STA,WIFI_DROP,
4.0048,21,STA,WIFI_DROP,
4.0072,8,STA,WIFI_DROP,
4.0072,15,STA,WIFI_DROP,
4.0072,21,STA,WIFI_DROP,
4.0096,8,STA,WIFI_DROP,
4.0096,15,STA,WIFI_DROP,
4.0096,21,STA,WIFI_DROP,
4.012,8,STA,WIFI_DROP,
4.012,15,STA,WIFI_DROP,
4.012,21,STA,WIFI_DROP,
4.0144,8,STA,WIFI_DROP,
4.0144,15,STA,WIFI_DROP,
4.0144,21,STA,WIFI_DROP,
4.0168,8,STA,WIFI_DROP,
4.0168,15,STA,WIFI_DROP,
4.0168,21,STA,WIFI_DROP,
4.0192,8,STA,WIFI_DROP,
4.0192,15,STA,WIFI_DROP,
4.0192,21,STA,WIFI_DROP,
4.0216,8,STA,WIFI_DROP,
4.0216,15,STA,WIFI_DROP,
4.0216,21,STA,WIFI_DROP,
4.024,8,STA,WIFI_DROP,
4.024,15,STA,WIFI_DROP,
4.024,21,STA,WIFI_DROP,
4.0264,8,STA,WIFI_DROP,
4.0264,15,STA,WIFI_DROP,
4.0264,21,STA,WIFI_DROP,
4.0288,15,STA,WIFI_DROP,
4.0288,21,STA,WIFI_DROP,
4.0312,15,STA,WIFI_DROP,
4.0312,21,STA,WIFI_DROP,
4.0336,15,STA,WIFI_DROP,
4.0336,21,STA,WIFI_DROP,
4.036,15,STA,WIFI_DROP,
4.036,21,STA,WIFI_DROP,
4.0384,15,STA,WIFI_DROP,
4.0384,21,STA,WIFI_DROP,
4.0408,15,STA,WIFI_DROP,
4.0408,21,STA,WIFI_DROP,
4.0432,15,STA,WIFI_DROP,
4.0432,21,STA,WIFI_DROP,
4.0456,15,STA,WIFI_DROP,
4.0456,21,STA,WIFI_DROP,
4.048,15,STA,WIFI_DROP,
4.048,21,STA,WIFI_DROP,
4.0504,15,STA,WIFI_DROP,
4.0504,21,STA,WIFI_DROP,
4.0528,15,STA,WIFI_DROP,
4.0528,21,STA,WIFI_DROP,
4.0552,15,STA,WIFI_DROP,
4.0552,21,STA,WIFI_DROP,
4.0576,15,STA,WIFI_DROP,
4.0576,21,STA,WIFI_DROP,
4.06,15,STA,WIFI_DROP,
4.06,21,STA,WIFI_DROP,
4.0624,15,STA,WIFI_DROP,
4.0624,21,STA,WIFI_DROP,
4.0648,15,STA,WIFI_DROP,
4.0648,21,STA,WIFI_DROP,
4.0672,15,STA,WIFI_DROP,
4.0672,21,STA,WIFI_DROP,
4.0696,15,STA,WIFI_DROP,
4.0696,21,STA,WIFI_DROP,
4.072,21,STA,WIFI_DROP,
4.0744,21,STA,WIFI_DROP,
4.0768,21,STA,WIFI_DROP,
4.0792,21,STA,WIFI_DROP,
4.0816,21,STA,WIFI_DROP,
4.084,21,STA,WIFI_DROP,
4.0864,21,STA,WIFI_DROP,
4.0888,21,STA,WIFI_DROP,
4.0912,21,STA,WIFI_DROP,
4.0936,21,STA,WIFI_DROP,
4.096,21,STA,WIFI_DROP,
4.0984,21,STA,WIFI_DROP,
4.1008,21,STA,WIFI_DROP,
4.1032,21,STA,WIFI_DROP,
4.1056,21,STA,WIFI_DROP,
4.108,21,STA,WIFI_DROP,
4.1104,21,STA,WIFI_DROP,
4.1128,21,STA,WIFI_DROP,
4.1152,21,STA,WIFI_DROP,
4.1176,21,STA,WIFI_DROP,
4.12,21,STA,WIFI_DROP,
4.1224,21,STA,WIFI_DROP,
4.1248,21,STA,WIFI_DROP,
4.1272,21,STA,WIFI_DROP,
4.1296,6,STA,WIFI_DROP,
4.1296,21,STA,WIFI_DROP,
4.132,6,STA,WIFI_DROP,
4.132,21,STA,WIFI_DROP,
4.1344,6,STA,WIFI_DROP,
4.1344,21,STA,WIFI_DROP,
4.1368,6,STA,WIFI_DROP,
4.1368,21,STA,WIFI_DROP,
4.1392,6,STA,WIFI_DROP,
4.1392,21,STA,WIFI_DROP,
4.1416,6,STA,WIFI_DROP,
4.1416,21,STA,WIFI_DROP,
4.144,6,STA,WIFI_DROP,
4.144,21,STA,WIFI_DROP,
4.1464,6,STA,WIFI_DROP,
4.1464,21,STA,WIFI_DROP,
4.1488,6,STA,WIFI_DROP,
4.1488,21,STA,WIFI_DROP,
4.1512,6,STA,WIFI_DROP,
4.1512,21,STA,WIFI_DROP,
4.1536,6,STA,WIFI_DROP,
4.1536,21,STA,WIFI_DROP,
4.156,6,STA,WIFI_DROP,
4.156,21,STA,WIFI_DROP,
4.1584,6,STA,WIFI_DROP,
4.1584,21,STA,WIFI_DROP,
4.1608,6,STA,WIFI_DROP,
4.1608,21,STA,WIFI_DROP,
4.1632,6,STA,WIFI_DROP,
4.1632,21,STA,WIFI_DROP,
4.1656,6,STA,WIFI_DROP,
4.1656,21,STA,WIFI_DROP,
4.168,6,STA,WIFI_DROP,
4.168,21,STA,WIFI_DROP,
4.1704,6,STA,WIFI_DROP,
4.1704,21,STA,WIFI_DROP,
4.1728,6,STA,WIFI_DROP,
4.1728,21,STA,WIFI_DROP,
4.1752,6,STA,WIFI_DROP,
4.1752,21,STA,WIFI_DROP,
4.1776,6,STA,WIFI_DROP,
4.1776,21,STA,WIFI_DROP,
4.18,6,STA,WIFI_DROP,
4.18,21,STA,WIFI_DROP,
4.1824,6,STA,WIFI_DROP,
4.1824,21,STA,WIFI_DROP,
4.1848,6,STA,WIFI_DROP,
4.1848,21,STA,WIFI_DROP,
4.1872,6,STA,WIFI_DROP,
4.1872,21,STA,WIFI_DROP,
4.1896,6,STA,WIFI_DROP,
4.1896,21,STA,WIFI_DROP,
4.192,6,STA,WIFI_DROP,
4.192,21,STA,WIFI_DROP,
4.1944,6,STA,WIFI_DROP,
4.1944,21,STA,WIFI_DROP,
4.1968,6,STA,WIFI_DROP,
4.1968,21,STA,WIFI_DROP,
4.1992,6,STA,WIFI_DROP,
4.1992,21,STA,WIFI_DROP,
4.2016,6,STA,WIFI_DROP,
4.2016,21,STA,WIFI_DROP,
4.204,6,STA,WIFI_DROP,
4.204,21,STA,WIFI_DROP,
4.2064,6,STA,WIFI_DROP,
4.2064,21,STA,WIFI_DROP,
4.2088,6,STA,WIFI_DROP,
4.2088,21,STA,WIFI_DROP,
4.2112,6,STA,WIFI_DROP,
4.2112,21,STA,WIFI_DROP,
4.2136,6,STA,WIFI_DROP,
4.2136,21,STA,WIFI_DROP,
4.216,6,STA,WIFI_DROP,
4.216,21,STA,WIFI_DROP,
4.2184,6,STA,WIFI_DROP,
4.2184,21,STA,WIFI_DROP,
4.2208,6,STA,WIFI_DROP,
4.2208,21,STA,WIFI_DROP,
4.2232,6,STA,WIFI_DROP,
4.2232,21,STA,WIFI_DROP,
4.2256,6,STA,WIFI_DROP,
4.2256,21,STA,WIFI_DROP,
4.228,6,STA,WIFI_DROP,
4.228,21,STA,WIFI_DROP,
4.2304,6,STA,WIFI_DROP,
4.2304,21,STA,WIFI_DROP,
4.2328,6,STA,WIFI_DROP,
4.2328,21,STA,WIFI_DROP,
4.2352,6,STA,WIFI_DROP,
4.2352,21,STA,WIFI_DROP,
4.2376,6,STA,WIFI_DROP,
4.2376,21,STA,WIFI_DROP,
4.24,6,STA,WIFI_DROP,
4.24,21,STA,WIFI_DROP,
4.2424,6,STA,WIFI_DROP,
4.2424,21,STA,WIFI_DROP,
4.2448,6,STA,WIFI_DROP,
4.2448,21,STA,WIFI_DROP,
4.2472,6,STA,WIFI_DROP,
4.2472,21,STA,WIFI_DROP,
4.2496,6,STA,WIFI_DROP,
4.2496,21,STA,WIFI_DROP,
4.252,6,STA,WIFI_DROP,
4.252,21,STA,WIFI_DROP,
4.2544,6,STA,WIFI_DROP,
4.2544,21,STA,WIFI_DROP,
4.2568,6,STA,WIFI_DROP,
4.2568,21,STA,WIFI_DROP,
4.2592,6,STA,WIFI_DROP,
4.2592,21,STA,WIFI_DROP,
4.2616,6,STA,WIFI_DROP,
4.2616,21,STA,WIFI_DROP,
4.264,6,STA,WIFI_DROP,
4.264,21,STA,WIFI_DROP,
4.2664,6,STA,WIFI_DROP,
4.2664,21,STA,WIFI_DROP,
4.2688,6,STA,WIFI_DROP,
4.2688,21,STA,WIFI_DROP,
4.2712,6,STA,WIFI_DROP,
4.2712,21,STA,WIFI_DROP,
4.2736,6,STA,WIFI_DROP,
4.276,6,STA,WIFI_DROP,
4.2784,6,STA,WIFI_DROP,
4.2808,6,STA,WIFI_DROP,
4.2832,6,STA,WIFI_DROP,
4.2856,6,STA,WIFI_DROP,
4.288,6,STA,WIFI_DROP,
4.2904,6,STA,WIFI_DROP,
4.2928,6,STA,WIFI_DROP,
4.2952,6,STA,WIFI_DROP,
4.2976,6,STA,WIFI_DROP,
4.3,6,STA,WIFI_DROP,
4.3024,6,STA,WIFI_DROP,
4.3048,6,STA,WIFI_DROP,
4.3072,6,STA,WIFI_DROP,
4.3096,6,STA,WIFI_DROP,
4.312,6,STA,WIFI_DROP,
4.3144,6,STA,WIFI_DROP,
4.3168,6,STA,WIFI_DROP,
4.3192,6,STA,WIFI_DROP,
4.3216,6,STA,WIFI_DROP,
4.324,6,STA,WIFI_DROP,
4.3264,6,STA,WIFI_DROP,
4.3288,6,STA,WIFI_DROP,
4.3312,6,STA,WIFI_DROP,
4.3336,6,STA,WIFI_DROP,
4.336,6,STA,WIFI_DROP,
4.3384,6,STA,WIFI_DROP,
4.3408,6,STA,WIFI_DROP,
4.3432,6,STA,WIFI_DROP,
4.3456,6,STA,WIFI_DROP,
4.348,6,STA,WIFI_DROP,
4.3504,6,STA,WIFI_DROP,
4.3528,6,STA,WIFI_DROP,
4.3552,6,STA,WIFI_DROP,
4.3576,6,STA,WIFI_DROP,
4.36,6,STA,WIFI_DROP,
4.3624,6,STA,WIFI_DROP,
4.3648,6,STA,WIFI_DROP,
4.3672,6,STA,WIFI_DROP,
4.3696,6,STA,WIFI_DROP,
4.372,6,STA,WIFI_DROP,
4.3744,6,STA,WIFI_DROP,
4.3768,6,STA,WIFI_DROP,
4.3792,6,STA,WIFI_DROP,
4.3816,6,STA,WIFI_DROP,
4.384,6,STA,WIFI_DROP,
4.3864,6,STA,WIFI_DROP,
4.3888,6,STA,WIFI_DROP,
4.3912,6,STA,WIFI_DROP,
4.3936,6,STA,WIFI_DROP,
4.396,6,STA,WIFI_DROP,
4.3984,6,STA,WIFI_DROP,
4.4008,6,STA,WIFI_DROP,
4.4032,6,STA,WIFI_DROP,
4.4056,6,STA,WIFI_DROP,
4.408,6,STA,WIFI_DROP,
4.4104,6,STA,WIFI_DROP,
4.4128,6,STA,WIFI_DROP,
4.4152,6,STA,WIFI_DROP,
4.4176,6,STA,WIFI_DROP,
4.42,6,STA,WIFI_DROP,
4.4224,6,STA,WIFI_DROP,
4.4248,6,STA,WIFI_DROP,
4.4272,6,STA,WIFI_DROP,
4.4296,6,STA,WIFI_DROP,
4.432,6,STA,WIFI_DROP,
4.4344,6,STA,WIFI_DROP,
4.4368,6,STA,WIFI_DROP,
4.4392,6,STA,WIFI_DROP,
4.4416,6,STA,WIFI_DROP,
4.444,6,STA,WIFI_DROP,
4.4464,6,STA,WIFI_DROP,
4.4488,6,STA,WIFI_DROP,
4.4512,6,STA,WIFI_DROP,
4.4536,6,STA,WIFI_DROP,
4.456,6,STA,WIFI_DROP,
4.4584,6,STA,WIFI_DROP,
4.4608,6,STA,WIFI_DROP,
4.4632,6,STA,WIFI_DROP,
4.4656,6,STA,WIFI_DROP,
4.468,6,STA,WIFI_DROP,
4.4704,6,STA,WIFI_DROP,
4.4728,6,STA,WIFI_DROP,
4.4752,6,STA,WIFI_DROP,
4.4776,6,STA,WIFI_DROP,
4.48,6,STA,WIFI_DROP,
4.4824,6,STA,WIFI_DROP,
4.4848,6,STA,WIFI_DROP,
4.4872,6,STA,WIFI_DROP,
4.4896,6,STA,WIFI_DROP,
4.492,6,STA,WIFI_DROP,
4.4944,6,STA,WIFI_DROP,
4.4968,6,STA,WIFI_DROP,
4.4992,6,STA,WIFI_DROP,
4.5016,6,STA,WIFI_DROP,
4.504,6,STA,WIFI_DROP,
4.5064,6,STA,WIFI_DROP,
4.5088,6,STA,WIFI_DROP,
4.5112,6,STA,WIFI_DROP,
4.5136,6,STA,WIFI_DROP,
4.516,6,STA,WIFI_DROP,
4.5184,6,STA,WIFI_DROP,
4.5208,6,STA,WIFI_DROP,
4.5232,6,STA,WIFI_DROP,
4.5256,6,STA,WIFI_DROP,
4.528,6,STA,WIFI_DROP,
4.5304,6,STA,WIFI_DROP,
4.5328,6,STA,WIFI_DROP,
4.5352,6,STA,WIFI_DROP,
4.5376,6,STA,WIFI_DROP,
4.54,6,STA,WIFI_DROP,
4.5424,6,STA,WIFI_DROP,
4.5448,6,STA,WIFI_DROP,
4.5472,6,STA,WIFI_DROP,
4.5496,6,STA,WIFI_DROP,
4.552,6,STA,WIFI_DROP,
4.5544,6,STA,WIFI_DROP,
4.5568,6,STA,WIFI_DROP,
4.5592,6,STA,WIFI_DROP,
4.5616,6,STA,WIFI_DROP,
4.564,6,STA,WIFI_DROP,
4.5664,6,STA,WIFI_DROP,
4.5688,6,STA,WIFI_DROP,
4.5712,6,STA,WIFI_DROP,
4.5736,6,STA,WIFI_DROP,
4.576,6,STA,WIFI_DROP,
4.5784,6,STA,WIFI_DROP,
4.5808,6,STA,WIFI_DROP,
4.5832,6,STA,WIFI_DROP,
4.5856,6,STA,WIFI_DROP,
4.588,6,STA,WIFI_DROP,
4.5904,6,STA,WIFI_DROP,
4.5928,6,STA,WIFI_DROP,
4.5952,6,STA,WIFI_DROP,
4.5976,6,STA,WIFI_DROP,
4.6,6,STA,WIFI_DROP,
4.6024,6,STA,WIFI_DROP,
4.6048,6,STA,WIFI_DROP,
4.6072,6,STA,WIFI_DROP,
4.6096,6,STA,WIFI_DROP,
4.612,6,STA,WIFI_DROP,
4.6144,6,STA,WIFI_DROP,
4.6168,6,STA,WIFI_DROP,
4.6192,6,STA,WIFI_DROP,
4.6216,6,STA,WIFI_DROP,
4.624,6,STA,WIFI_DROP,
4.6264,6,STA,WIFI_DROP,
4.6288,6,STA,WIFI_DROP,
4.6312,6,STA,WIFI_DROP,
4.6336,6,STA,WIFI_DROP,
4.636,6,STA,WIFI_DROP,
4.6384,6,STA,WIFI_DROP,
4.6408,6,STA,WIFI_DROP,
4.6432,6,STA,WIFI_DROP,
4.6456,6,STA,WIFI_DROP,
4.648,6,STA,WIFI_DROP,
4.6504,6,STA,WIFI_DROP,
4.6528,6,STA,WIFI_DROP,
4.6552,6,STA,WIFI_DROP,
4.6576,6,STA,WIFI_DROP,
4.66,6,STA,WIFI_DROP,
4.6624,6,STA,WIFI_DROP,
4.6648,6,STA,WIFI_DROP,
4.6672,6,STA,WIFI_DROP,
4.6696,6,STA,WIFI_DROP,
4.672,6,STA,WIFI_DROP,
4.6744,6,STA,WIFI_DROP,
4.6768,6,STA,WIFI_DROP,
4.6792,6,STA,WIFI_DROP,
4.6816,6,STA,WIFI_DROP,
4.684,6,STA,WIFI_DROP,
4.6864,6,STA,WIFI_DROP,
4.6888,6,STA,WIFI_DROP,
4.6912,6,STA,WIFI_DROP,
4.6936,6,STA,WIFI_DROP,
4.696,6,STA,WIFI_DROP,
4.6984,6,STA,WIFI_DROP,
4.7008,6,STA,WIFI_DROP,
4.7032,6,STA,WIFI_DROP,
4.7056,6,STA,WIFI_DROP,
4.708,6,STA,WIFI_DROP,
4.7104,6,STA,WIFI_DROP,
4.7128,6,STA,WIFI_DROP,
4.7152,6,STA,WIFI_DROP,
4.7176,6,STA,WIFI_DROP,
4.72,6,STA,WIFI_DROP,
4.7224,6,STA,WIFI_DROP,
4.7248,6,STA,WIFI_DROP,
4.7272,6,STA,WIFI_DROP,
4.7296,6,STA,WIFI_DROP,
4.732,6,STA,WIFI_DROP,
4.7344,6,STA,WIFI_DROP,
4.7368,6,STA,WIFI_DROP,
4.7392,6,STA,WIFI_DROP,
4.7416,6,STA,WIFI_DROP,
4.744,6,STA,WIFI_DROP,
4.7464,6,STA,WIFI_DROP,
4.7488,6,STA,WIFI_DROP,
4.7512,6,STA,WIFI_DROP,
4.7536,6,STA,WIFI_DROP,
4.756,6,STA,WIFI_DROP,
4.7584,6,STA,WIFI_DROP,
4.7608,6,STA,WIFI_DROP,
4.7632,6,STA,WIFI_DROP,
4.7656,6,STA,WIFI_DROP,
4.768,6,STA,WIFI_DROP,
4.7704,6,STA,WIFI_DROP,
4.7728,6,STA,WIFI_DROP,
4.7752,6,STA,WIFI_DROP,
4.7776,6,STA,WIFI_DROP,
4.78,6,STA,WIFI_DROP,
4.7824,6,STA,WIFI_DROP,
4.7848,6,STA,WIFI_DROP,
4.7872,6,STA,WIFI_DROP,
4.7896,6,STA,WIFI_DROP,
4.792,6,STA,WIFI_DROP,
4.7944,6,STA,WIFI_DROP,
4.7944,21,STA,WIFI_DROP,
4.7968,6,STA,WIFI_DROP,
4.7968,21,STA,WIFI_DROP,
4.7992,6,STA,WIFI_DROP,
4.7992,21,STA,WIFI_DROP,
4.8016,6,STA,WIFI_DROP,
4.8016,21,STA,WIFI_DROP,
4.804,6,STA,WIFI_DROP,
4.804,21,STA,WIFI_DROP,
4.8064,6,STA,WIFI_DROP,
4.8064,21,STA,WIFI_DROP,
4.8088,6,STA,WIFI_DROP,
4.8088,21,STA,WIFI_DROP,
4.8112,6,STA,WIFI_DROP,
4.8112,21,STA,WIFI_DROP,
4.8136,6,STA,WIFI_DROP,
4.8136,21,STA,WIFI_DROP,
4.816,6,STA,WIFI_DROP,
4.816,21,STA,WIFI_DROP,
4.8184,6,STA,WIFI_DROP,
4.8184,21,STA,WIFI_DROP,
4.8208,6,STA,WIFI_DROP,
4.8208,21,STA,WIFI_DROP,
4.8232,6,STA,WIFI_DROP,
4.8232,21,STA,WIFI_DROP,
4.8256,6,STA,WIFI_DROP,
4.8256,21,STA,WIFI_DROP,
4.828,6,STA,WIFI_DROP,
4.828,21,STA,WIFI_DROP,
4.8304,6,STA,WIFI_DROP,
4.8304,21,STA,WIFI_DROP,
4.8328,6,STA,WIFI_DROP,
4.8328,21,STA,WIFI_DROP,
4.8352,6,STA,WIFI_DROP,
4.8352,21,STA,WIFI_DROP,
4.8376,6,STA,WIFI_DROP,
4.8376,21,STA,WIFI_DROP,
4.84,6,STA,WIFI_DROP,
4.84,21,STA,WIFI_DROP,
4.8424,6,STA,WIFI_DROP,
4.8424,21,STA,WIFI_DROP,
4.8448,6,STA,WIFI_DROP,
4.8448,21,STA,WIFI_DROP,
4.8472,6,STA,WIFI_DROP,
4.8472,21,STA,WIFI_DROP,
4.8496,6,STA,WIFI_DROP,
4.8496,21,STA,WIFI_DROP,
4.852,6,STA,WIFI_DROP,
4.852,21,STA,WIFI_DROP,
4.8544,6,STA,WIFI_DROP,
4.8544,21,STA,WIFI_DROP,
4.8568,6,STA,WIFI_DROP,
4.8568,21,STA,WIFI_DROP,
4.8592,6,STA,WIFI_DROP,
4.8592,21,STA,WIFI_DROP,
4.8616,6,STA,WIFI_DROP,
4.8616,21,STA,WIFI_DROP,
4.864,6,STA,WIFI_DROP,
4.864,21,STA,WIFI_DROP,
4.8664,6,STA,WIFI_DROP,
4.8664,21,STA,WIFI_DROP,
4.8688,6,STA,WIFI_DROP,
4.8688,21,STA,WIFI_DROP,
4.8712,6,STA,WIFI_DROP,
4.8712,21,STA,WIFI_DROP,
4.8736,6,STA,WIFI_DROP,
4.8736,21,STA,WIFI_DROP,
4.876,6,STA,WIFI_DROP,
4.876,21,STA,WIFI_DROP,
4.8784,6,STA,WIFI_DROP,
4.8784,21,STA,WIFI_DROP,
4.8808,6,STA,WIFI_DROP,
4.8808,21,STA,WIFI_DROP,
4.8832,6,STA,WIFI_DROP,
4.8832,21,STA,WIFI_DROP,
4.8856,6,STA,WIFI_DROP,
4.8856,21,STA,WIFI_DROP,
4.888,6,STA,WIFI_DROP,
4.888,21,STA,WIFI_DROP,
4.8904,6,STA,WIFI_DROP,
4.8904,21,STA,WIFI_DROP,
4.8928,6,STA,WIFI_DROP,
4.8928,21,STA,WIFI_DROP,
4.8952,6,STA,WIFI_DROP,
4.8952,21,STA,WIFI_DROP,
4.8976,6,STA,WIFI_DROP,
4.8976,21,STA,WIFI_DROP,
4.9,6,STA,WIFI_DROP,
4.9,21,STA,WIFI_DROP,
4.9024,6,STA,WIFI_DROP,
4.9024,21,STA,WIFI_DROP,
4.9048,6,STA,WIFI_DROP,
4.9048,21,STA,WIFI_DROP,
4.9072,6,STA,WIFI_DROP,
4.9072,21,STA,WIFI_DROP,
4.9096,6,STA,WIFI_DROP,
4.9096,21,STA,WIFI_DROP,
4.912,6,STA,WIFI_DROP,
4.912,21,STA,WIFI_DROP,
4.9144,6,STA,WIFI_DROP,
4.9144,21,STA,WIFI_DROP,
4.9168,6,STA,WIFI_DROP,
4.9168,21,STA,WIFI_DROP,
4.9192,6,STA,WIFI_DROP,
4.9192,21,STA,WIFI_DROP,
4.9216,6,STA,WIFI_DROP,
4.9216,21,STA,WIFI_DROP,
4.924,6,STA,WIFI_DROP,
4.924,21,STA,WIFI_DROP,
4.9264,6,STA,WIFI_DROP,
4.9264,21,STA,WIFI_DROP,
4.9288,6,STA,WIFI_DROP,
4.9288,21,STA,WIFI_DROP,
4.9312,6,STA,WIFI_DROP,
4.9312,21,STA,WIFI_DROP,
4.9336,6,STA,WIFI_DROP,
4.9336,21,STA,WIFI_DROP,
4.936,6,STA,WIFI_DROP,
4.936,21,STA,WIFI_DROP,
4.9384,6,STA,WIFI_DROP,
4.9384,21,STA,WIFI_DROP,
4.9408,6,STA,WIFI_DROP,
4.9408,21,STA,WIFI_DROP,
4.9432,6,STA,WIFI_DROP,
4.9432,21,STA,WIFI_DROP,
4.9456,6,STA,WIFI_DROP,
4.9456,21,STA,WIFI_DROP,
4.948,6,STA,WIFI_DROP,
4.948,21,STA,WIFI_DROP,
4.9504,6,STA,WIFI_DROP,
4.9504,21,STA,WIFI_DROP,
4.9528,6,STA,WIFI_DROP,
4.9528,21,STA,WIFI_DROP,
4.9552,6,STA,WIFI_DROP,
4.9552,21,STA,WIFI_DROP,
4.9576,6,STA,WIFI_DROP,
4.9576,21,STA,WIFI_DROP,
4.96,6,STA,WIFI_DROP,
4.96,21,STA,WIFI_DROP,
4.9624,6,STA,WIFI_DROP,
4.9624,21,STA,WIFI_DROP,
4.9648,6,STA,WIFI_DROP,
4.9648,21,STA,WIFI_DROP,
4.9672,6,STA,WIFI_DROP,
4.9672,21,STA,WIFI_DROP,
4.9696,6,STA,WIFI_DROP,
4.9696,21,STA,WIFI_DROP,
4.972,6,STA,WIFI_DROP,
4.972,21,STA,WIFI_DROP,
4.9744,6,STA,WIFI_DROP,
4.9744,21,STA,WIFI_DROP,
4.9768,6,STA,WIFI_DROP,
4.9768,21,STA,WIFI_DROP,
4.9792,6,STA,WIFI_DROP,
4.9792,21,STA,WIFI_DROP,
4.9816,6,STA,WIFI_DROP,
4.9816,21,STA,WIFI_DROP,
4.984,6,STA,WIFI_DROP,
4.984,21,STA,WIFI_DROP,
4.9864,6,STA,WIFI_DROP,
4.9864,21,STA,WIFI_DROP,
4.9888,6,STA,WIFI_DROP,
4.9888,21,STA,WIFI_DROP,
4.9912,6,STA,WIFI_DROP,
4.9912,21,STA,WIFI_DROP,
4.9936,6,STA,WIFI_DROP,
4.9936,21,STA,WIFI_DROP,
4.996,6,STA,WIFI_DROP,
4.996,21,STA,WIFI_DROP,
4.9984,6,STA,WIFI_DROP,
4.9984,21,STA,WIFI_DROP,
5,12,STA,THROUGHPUT_MBPS,1.296000
5,14,STA,THROUGHPUT_MBPS,2.124000
5,1,AP,AGGREGATE_THROUGHPUT_MBPS,3.420000
5,1,AP,SENT_COUNT,8340.000000
5,1,AP,RECV_COUNT,285.000000
5,1,AP,LATENCY_P95_MS,531.323949
5.0008,6,STA,WIFI_DROP,
5.0008,21,STA,WIFI_DROP,
5.0032,6,STA,WIFI_DROP,
5.0032,21,STA,WIFI_DROP,
5.0056,6,STA,WIFI_DROP,
5.0056,21,STA,WIFI_DROP,
5.008,6,STA,WIFI_DROP,
5.008,21,STA,WIFI_DROP,
5.0104,6,STA,WIFI_DROP,
5.0104,21,STA,WIFI_DROP,
5.0128,6,STA,WIFI_DROP,
5.0128,21,STA,WIFI_DROP,
5.0152,6,STA,WIFI_DROP,
5.0152,21,STA,WIFI_DROP,
5.0176,6,STA,WIFI_DROP,
5.0176,21,STA,WIFI_DROP,
5.02,6,STA,WIFI_DROP,
5.02,21,STA,WIFI_DROP,
5.0224,6,STA,WIFI_DROP,
5.0224,21,STA,WIFI_DROP,
5.0248,6,STA,WIFI_DROP,
5.0248,21,STA,WIFI_DROP,
5.0272,6,STA,WIFI_DROP,
5.0272,21,STA,WIFI_DROP,
5.0296,6,STA,WIFI_DROP,
5.0296,21,STA,WIFI_DROP,
5.032,6,STA,WIFI_DROP,
5.032,21,STA,WIFI_DROP,
5.0344,6,STA,WIFI_DROP,
5.0344,21,STA,WIFI_DROP,
5.0368,6,STA,WIFI_DROP,
5.0368,21,STA,WIFI_DROP,
5.0392,6,STA,WIFI_DROP,
5.0392,21,STA,WIFI_DROP,
5.0416,6,STA,WIFI_DROP,
5.0416,21,STA,WIFI_DROP,
5.044,6,STA,WIFI_DROP,
5.044,21,STA,WIFI_DROP,
5.0464,6,STA,WIFI_DROP,
5.0464,21,STA,WIFI_DROP,
5.0488,6,STA,WIFI_DROP,
5.0488,8,STA,WIFI_DROP,
5.0488,21,STA,WIFI_DROP,
5.0512,6,STA,WIFI_DROP,
5.0512,8,STA,WIFI_DROP,
5.0512,21,STA,WIFI_DROP,
5.0536,6,STA,WIFI_DROP,
5.0536,8,STA,WIFI_DROP,
5.0536,21,STA,WIFI_DROP,
5.056,6,STA,WIFI_DROP,
5.056,8,STA,WIFI_DROP,
5.056,21,STA,WIFI_DROP,
5.0584,6,STA,WIFI_DROP,
5.0584,8,STA,WIFI_DROP,
5.0584,21,STA,WIFI_DROP,
5.0608,6,STA,WIFI_DROP,
5.0608,8,STA,WIFI_DROP,
5.0608,21,STA,WIFI_DROP,
5.0632,6,STA,WIFI_DROP,
5.0632,8,STA,WIFI_DROP,
5.0632,21,STA,WIFI_DROP,
5.0656,6,STA,WIFI_DROP,
5.0656,8,STA,WIFI_DROP,
5.0656,21,STA,WIFI_DROP,
5.068,6,STA,WIFI_DROP,
5.068,8,STA,WIFI_DROP,
5.068,21,STA,WIFI_DROP,
5.0704,6,STA,WIFI_DROP,
5.0704,8,STA,WIFI_DROP,
5.0704,21,STA,WIFI_DROP,
5.0728,6,STA,WIFI_DROP,
5.0728,8,STA,WIFI_DROP,
5.0728,21,STA,WIFI_DROP,
5.0752,6,STA,WIFI_DROP,
5.0752,8,STA,WIFI_DROP,
5.0752,21,STA,WIFI_DROP,
5.0776,6,STA,WIFI_DROP,
5.0776,8,STA,WIFI_DROP,
5.0776,21,STA,WIFI_DROP,
5.08,6,STA,WIFI_DROP,
5.08,8,STA,WIFI_DROP,
5.08,21,STA,WIFI_DROP,
5.0824,6,STA,WIFI_DROP,
5.0824,8,STA,WIFI_DROP,
5.0824,21,STA,WIFI_DROP,
5.0848,6,STA,WIFI_DROP,
5.0848,8,STA,WIFI_DROP,
5.0848,21,STA,WIFI_DROP,
5.0872,6,STA,WIFI_DROP,
5.0872,8,STA,WIFI_DROP,
5.0872,21,STA,WIFI_DROP,
5.0896,6,STA,WIFI_DROP,
5.0896,8,STA,WIFI_DROP,
5.0896,21,STA,WIFI_DROP,
5.092,6,STA,WIFI_DROP,
5.092,8,STA,WIFI_DROP,
5.092,21,STA,WIFI_DROP,
5.0944,6,STA,WIFI_DROP,
5.0944,8,STA,WIFI_DROP,
5.0944,21,STA,WIFI_DROP,
5.0968,6,STA,WIFI_DROP,
5.0968,8,STA,WIFI_DROP,
5.0968,21,STA,WIFI_DROP,
5.0992,6,STA,WIFI_DROP,
5.0992,8,STA,WIFI_DROP,
5.0992,21,STA,WIFI_DROP,
5.1016,6,STA,WIFI_DROP,
5.1016,8,STA,WIFI_DROP,
5.1016,21,STA,WIFI_DROP,
5.104,6,STA,WIFI_DROP,
5.104,8,STA,WIFI_DROP,
5.104,21,STA,WIFI_DROP,
5.1064,6,STA,WIFI_DROP,
5.1064,8,STA,WIFI_DROP,
5.1064,21,STA,WIFI_DROP,
5.1088,6,STA,WIFI_DROP,
5.1088,8,STA,WIFI_DROP,
5.1088,21,STA,WIFI_DROP,
5.1112,6,STA,WIFI_DROP,
5.1112,8,STA,WIFI_DROP,
5.1112,21,STA,WIFI_DROP,
5.1136,6,STA,WIFI_DROP,
5.1136,8,STA,WIFI_DROP,
5.1136,21,STA,WIFI_DROP,
5.116,6,STA,WIFI_DROP,
5.116,8,STA,WIFI_DROP,
5.116,21,STA,WIFI_DROP,
5.1184,6,STA,WIFI_DROP,
5.1184,8,STA,WIFI_DROP,
5.1184,21,STA,WIFI_DROP,
5.1208,6,STA,WIFI_DROP,
5.1208,8,STA,WIFI_DROP,
5.1208,21,STA,WIFI_DROP,
5.1232,6,STA,WIFI_DROP,
5.1232,8,STA,WIFI_DROP,
5.1232,21,STA,WIFI_DROP,
5.1256,6,STA,WIFI_DROP,
5.1256,8,STA,WIFI_DROP,
5.1256,21,STA,WIFI_DROP,
5.128,6,STA,WIFI_DROP,
5.128,8,STA,WIFI_DROP,
5.128,21,STA,WIFI_DROP,
5.1304,6,STA,WIFI_DROP,
5.1304,8,STA,WIFI_DROP,
5.1304,21,STA,WIFI_DROP,
5.1328,6,STA,WIFI_DROP,
5.1328,8,STA,WIFI_DROP,
5.1328,21,STA,WIFI_DROP,
5.1352,6,STA,WIFI_DROP,
5.1352,8,STA,WIFI_DROP,
5.1352,21,STA,WIFI_DROP,
5.1376,6,STA,WIFI_DROP,
5.1376,8,STA,WIFI_DROP,
5.1376,21,STA,WIFI_DROP,
5.14,6,STA,WIFI_DROP,
5.14,8,STA,WIFI_DROP,
5.14,21,STA,WIFI_DROP,
5.1424,6,STA,WIFI_DROP,
5.1424,8,STA,WIFI_DROP,
5.1424,21,STA,WIFI_DROP,
5.1448,6,STA,WIFI_DROP,
5.1448,8,STA,WIFI_DROP,
5.1448,21,STA,WIFI_DROP,
5.1472,6,STA,WIFI_DROP,
5.1472,8,STA,WIFI_DROP,
5.1472,21,STA,WIFI_DROP,
5.1496,6,STA,WIFI_DROP,
5.1496,8,STA,WIFI_DROP,
5.1496,21,STA,WIFI_DROP,
5.152,6,STA,WIFI_DROP,
5.152,8,STA,WIFI_DROP,
5.152,21,STA,WIFI_DROP,
5.1544,6,STA,WIFI_DROP,
5.1544,8,STA,WIFI_DROP,
5.1544,21,STA,WIFI_DROP,
5.1568,6,STA,WIFI_DROP,
5.1568,8,STA,WIFI_DROP,
5.1568,21,STA,WIFI_DROP,
5.1592,6,STA,WIFI_DROP,
5.1592,8,STA,WIFI_DROP,
5.1592,21,STA,WIFI_DROP,
5.1616,6,STA,WIFI_DROP,
5.1616,8,STA,WIFI_DROP,
5.1616,21,STA,WIFI_DROP,
5.164,6,STA,WIFI_DROP,
5.164,8,STA,WIFI_DROP,
5.164,21,STA,WIFI_DROP,
5.1664,6,STA,WIFI_DROP,
5.1664,8,STA,WIFI_DROP,
5.1664,21,STA,WIFI_DROP,
5.1688,6,STA,WIFI_DROP,
5.1688,8,STA,WIFI_DROP,
5.1688,21,STA,WIFI_DROP,
5.1712,6,STA,WIFI_DROP,
5.1712,8,STA,WIFI_DROP,
5.1712,21,STA,WIFI_DROP,
5.1736,6,STA,WIFI_DROP,
5.1736,8,STA,WIFI_DROP,
5.1736,21,STA,WIFI_DROP,
5.176,6,STA,WIFI_DROP,
5.176,8,STA,WIFI_DROP,
5.176,21,STA,WIFI_DROP,
5.1784,6,STA,WIFI_DROP,
5.1784,8,STA,WIFI_DROP,
5.1784,21,STA,WIFI_DROP,
5.1808,6,STA,WIFI_DROP,
5.1808,8,STA,WIFI_DROP,
5.1808,21,STA,WIFI_DROP,
5.1832,8,STA,WIFI_DROP,
5.1832,21,STA,WIFI_DROP,
5.1856,8,STA,WIFI_DROP,
5.1856,21,STA,WIFI_DROP,
5.188,8,STA,WIFI_DROP,
5.188,21,STA,WIFI_DROP,
5.1904,8,STA,WIFI_DROP,
5.1904,21,STA,WIFI_DROP,
5.1928,8,STA,WIFI_DROP,
5.1928,21,STA,WIFI_DROP,
5.1952,8,STA,WIFI_DROP,
5.1952,21,STA,WIFI_DROP,
5.1976,8,STA,WIFI_DROP,
5.1976,21,STA,WIFI_DROP,
5.2,8,STA,WIFI_DROP,
5.2,21,STA,WIFI_DROP,
5.2024,8,STA,WIFI_DROP,
5.2024,21,STA,WIFI_DROP,
5.2048,8,STA,WIFI_DROP,
5.2048,21,STA,WIFI_DROP,
5.2072,8,STA,WIFI_DROP,
5.2072,21,STA,WIFI_DROP,
5.2096,8,STA,WIFI_DROP,
5.2096,21,STA,WIFI_DROP,
5.212,8,STA,WIFI_DROP,
5.212,21,STA,WIFI_DROP,
5.2144,8,STA,WIFI_DROP,
5.2144,21,STA,WIFI_DROP,
5.2168,8,STA,WIFI_DROP,
5.2168,21,STA,WIFI_DROP,
5.2192,8,STA,WIFI_DROP,
5.2192,21,STA,WIFI_DROP,
5.2216,8,STA,WIFI_DROP,
5.2216,21,STA,WIFI_DROP,
5.224,8,STA,WIFI_DROP,
5.224,21,STA,WIFI_DROP,
5.2264,8,STA,WIFI_DROP,
5.2264,21,STA,WIFI_DROP,
5.2288,8,STA,WIFI_DROP,
5.2288,21,STA,WIFI_DROP,
5.2312,8,STA,WIFI_DROP,
5.2312,21,STA,WIFI_DROP,
5.2336,8,STA,WIFI_DROP,
5.2336,21,STA,WIFI_DROP,
5.236,8,STA,WIFI_DROP,
5.236,21,STA,WIFI_DROP,
5.2384,8,STA,WIFI_DROP,
5.2384,21,STA,WIFI_DROP,
5.2408,8,STA,WIFI_DROP,
5.2408,21,STA,WIFI_DROP,
5.2432,8,STA,WIFI_DROP,
5.2432,21,STA,WIFI_DROP,
5.2456,8,STA,WIFI_DROP,
5.2456,21,STA,WIFI_DROP,
5.248,8,STA,WIFI_DROP,
5.248,21,STA,WIFI_DROP,
5.2504,8,STA,WIFI_DROP,
5.2504,21,STA,WIFI_DROP,
5.2528,8,STA,WIFI_DROP,
5.2528,21,STA,WIFI_DROP,
5.2552,8,STA,WIFI_DROP,
5.2552,21,STA,WIFI_DROP,
5.2576,8,STA,WIFI_DROP,
5.2576,21,STA,WIFI_DROP,
5.26,8,STA,WIFI_DROP,
5.26,21,STA,WIFI_DROP,
5.2624,8,STA,WIFI_DROP,
5.2624,21,STA,WIFI_DROP,
5.2648,8,STA,WIFI_DROP,
5.2648,21,STA,WIFI_DROP,
5.2672,8,STA,WIFI_DROP,
5.2672,21,STA,WIFI_DROP,
5.2696,8,STA,WIFI_DROP,
5.2696,21,STA,WIFI_DROP,
5.272,8,STA,WIFI_DROP,
5.272,21,STA,WIFI_DROP,
5.2744,8,STA,WIFI_DROP,
5.2744,21,STA,WIFI_DROP,
5.2768,8,STA,WIFI_DROP,
5.2768,21,STA,WIFI_DROP,
5.2792,8,STA,WIFI_DROP,
5.2792,21,STA,WIFI_DROP,
5.2816,8,STA,WIFI_DROP,
5.2816,21,STA,WIFI_DROP,
5.284,8,STA,WIFI_DROP,
5.284,21,STA,WIFI_DROP,
5.2864,8,STA,WIFI_DROP,
5.2864,21,STA,WIFI_DROP,
5.2888,8,STA,WIFI_DROP,
5.2888,21,STA,WIFI_DROP,
5.2912,8,STA,WIFI_DROP,
5.2912,21,STA,WIFI_DROP,
5.2936,8,STA,WIFI_DROP,
5.2936,21,STA,WIFI_DROP,
5.296,8,STA,WIFI_DROP,
5.296,21,STA,WIFI_DROP,
5.2984,8,STA,WIFI_DROP,
5.2984,21,STA,WIFI_DROP,
5.3008,8,STA,WIFI_DROP,
5.3008,21,STA,WIFI_DROP,
5.3032,8,STA,WIFI_DROP,
5.3032,21,STA,WIFI_DROP,
5.3056,8,STA,WIFI_DROP,
5.3056,21,STA,WIFI_DROP,
5.308,8,STA,WIFI_DROP,
5.308,21,STA,WIFI_DROP,
5.3104,8,STA,WIFI_DROP,
5.3104,21,STA,WIFI_DROP,
5.3128,8,STA,WIFI_DROP,
5.3128,21,STA,WIFI_DROP,
5.3152,8,STA,WIFI_DROP,
5.3152,21,STA,WIFI_DROP,
5.3176,8,STA,WIFI_DROP,
5.3176,21,STA,WIFI_DROP,
5.32,8,STA,WIFI_DROP,
5.32,21,STA,WIFI_DROP,
5.3224,8,STA,WIFI_DROP,
5.3224,21,STA,WIFI_DROP,
5.3248,8,STA,WIFI_DROP,
5.3248,21,STA,WIFI_DROP,
5.3272,8,STA,WIFI_DROP,
5.3272,21,STA,WIFI_DROP,
5.3296,8,STA,WIFI_DROP,
5.3296,21,STA,WIFI_DROP,
5.332,8,STA,WIFI_DROP,
5.332,21,STA,WIFI_DROP,
5.3344,8,STA,WIFI_DROP,
5.3344,21,STA,WIFI_DROP,
5.3368,8,STA,WIFI_DROP,
5.3368,21,STA,WIFI_DROP,
5.3392,8,STA,WIFI_DROP,
5.3392,21,STA,WIFI_DROP,
5.3416,8,STA,WIFI_DROP,
5.3416,21,STA,WIFI_DROP,
5.344,8,STA,WIFI_DROP,
5.344,21,STA,WIFI_DROP,
5.3464,8,STA,WIFI_DROP,
5.3464,21,STA,WIFI_DROP,
5.3488,8,STA,WIFI_DROP,
5.3488,21,STA,WIFI_DROP,
5.3512,8,STA,WIFI_DROP,
5.3512,21,STA,WIFI_DROP,
5.3536,8,STA,WIFI_DROP,
5.3536,21,STA,WIFI_DROP,
5.356,8,STA,WIFI_DROP,
5.356,21,STA,WIFI_DROP,
5.3584,8,STA,WIFI_DROP,
5.3584,21,STA,WIFI_DROP,
5.3608,8,STA,WIFI_DROP,
5.3608,12,STA,WIFI_DROP,
5.3608,15,STA,WIFI_DROP,
5.3608,21,STA,WIFI_DROP,
5.3632,8,STA,WIFI_DROP,
5.3632,12,STA,WIFI_DROP,
5.3632,15,STA,WIFI_DROP,
5.3632,21,STA,WIFI_DROP,
5.3656,8,STA,WIFI_DROP,
5.3656,12,STA,WIFI_DROP,
5.3656,15,STA,WIFI_DROP,
5.3656,21,STA,WIFI_DROP,
5.368,8,STA,WIFI_DROP,
5.368,12,STA,WIFI_DROP,
5.368,15,STA,WIFI_DROP,
5.368,21,STA,WIFI_DROP,
5.3704,8,STA,WIFI_DROP,
5.3704,12,STA,WIFI_DROP,
5.3704,15,STA,WIFI_DROP,
5.3704,21,STA,WIFI_DROP,
5.3728,8,STA,WIFI_DROP,
5.3728,12,STA,WIFI_DROP,
5.3728,15,STA,WIFI_DROP,
5.3728,21,STA,WIFI_DROP,
5.3752,8,STA,WIFI_DROP,
5.3752,12,STA,WIFI_DROP,
5.3752,15,STA,WIFI_DROP,
5.3752,21,STA,WIFI_DROP,
5.3776,8,STA,WIFI_DROP,
5.3776,12,STA,WIFI_DROP,
5.3776,15,STA,WIFI_DROP,
5.3776,21,STA,WIFI_DROP,
5.38,8,STA,WIFI_DROP,
5.38,12,STA,WIFI_DROP,
5.38,15,STA,WIFI_DROP,
5.38,21,STA,WIFI_DROP,
5.3824,8,STA,WIFI_DROP,
5.3824,12,STA,WIFI_DROP,
5.3824,15,STA,WIFI_DROP,
5.3824,21,STA,WIFI_DROP,
5.3848,8,STA,WIFI_DROP,
5.3848,12,STA,WIFI_DROP,
5.3848,15,STA,WIFI_DROP,
5.3848,21,STA,WIFI_DROP,
5.3872,8,STA,WIFI_DROP,
5.3872,12,STA,WIFI_DROP,
5.3872,15,STA,WIFI_DROP,
5.3872,21,STA,WIFI_DROP,
5.3896,8,STA,WIFI_DROP,
5.3896,12,STA,WIFI_DROP,
5.3896,15,STA,WIFI_DROP,
5.3896,21,STA,WIFI_DROP,
5.392,8,STA,WIFI_DROP,
5.392,12,STA,WIFI_DROP,
5.392,15,STA,WIFI_DROP,
5.392,21,STA,WIFI_DROP,
5.3944,8,STA,WIFI_DROP,
5.3944,12,STA,WIFI_DROP,
5.3944,15,STA,WIFI_DROP,
5.3944,21,STA,WIFI_DROP,
5.3968,8,STA,WIFI_DROP,
5.3968,12,STA,WIFI_DROP,
5.3968,15,STA,WIFI_DROP,
5.3968,21,STA,WIFI_DROP,
5.3992,8,STA,WIFI_DROP,
5.3992,12,STA,WIFI_DROP,
5.3992,15,STA,WIFI_DROP,
5.3992,21,STA,WIFI_DROP,
5.4016,8,STA,WIFI_DROP,
5.4016,12,STA,WIFI_DROP,
5.4016,15,STA,WIFI_DROP,
5.4016,21,STA,WIFI_DROP,
5.404,8,STA,WIFI_DROP,
5.404,12,STA,WIFI_DROP,
5.404,15,STA,WIFI_DROP,
5.404,21,STA,WIFI_DROP,
5.4064,8,STA,WIFI_DROP,
5.4064,12,STA,WIFI_DROP,
5.4064,15,STA,WIFI_DROP,
5.4064,21,STA,WIFI_DROP,
5.4088,8,STA,WIFI_DROP,
5.4088,12,STA,WIFI_DROP,
5.4088,15,STA,WIFI_DROP,
5.4088,21,STA,WIFI_DROP,
5.4112,8,STA,WIFI_DROP,
5.4112,12,STA,WIFI_DROP,
5.4112,15,STA,WIFI_DROP,
5.4112,21,STA,WIFI_DROP,
5.4136,8,STA,WIFI_DROP,
5.4136,12,STA,WIFI_DROP,
5.4136,15,STA,WIFI_DROP,
5.4136,21,STA,WIFI_DROP,
5.416,8,STA,WIFI_DROP,
5.416,12,STA,WIFI_DROP,
5.416,15,STA,WIFI_DROP,
5.416,21,STA,WIFI_DROP,
5.4184,8,STA,WIFI_DROP,
5.4184,12,STA,WIFI_DROP,
5.4184,15,STA,WIFI_DROP,
5.4184,21,STA,WIFI_DROP,
5.4208,8,STA,WIFI_DROP,
5.4208,12,STA,WIFI_DROP,
5.4208,15,STA,WIFI_DROP,
5.4208,21,STA,WIFI_DROP,
5.4232,8,STA,WIFI_DROP,
5.4232,12,STA,WIFI_DROP,
5.4232,15,STA,WIFI_DROP,
5.4232,21,STA,WIFI_DROP,
5.4256,8,STA,WIFI_DROP,
5.4256,12,STA,WIFI_DROP,
5.4256,15,STA,WIFI_DROP,
5.4256,21,STA,WIFI_DROP,
5.428,8,STA,WIFI_DROP,
5.428,12,STA,WIFI_DROP,
5.428,15,STA,WIFI_DROP,
5.428,21,STA,WIFI_DROP,
5.4304,8,STA,WIFI_DROP,
5.4304,12,STA,WIFI_DROP,
5.4304,15,STA,WIFI_DROP,
5.4304,21,STA,WIFI_DROP,
5.4328,8,STA,WIFI_DROP,
5.4328,12,STA,WIFI_DROP,
5.4328,15,STA,WIFI_DROP,
5.4328,21,STA,WIFI_DROP,
5.4352,8,STA,WIFI_DROP,
5.4352,12,STA,WIFI_DROP,
5.4352,15,STA,WIFI_DROP,
5.4352,21,STA,WIFI_DROP,
5.4376,8,STA,WIFI_DROP,
5.4376,12,STA,WIFI_DROP,
5.4376,15,STA,WIFI_DROP,
5.4376,21,STA,WIFI_DROP,
5.44,8,STA,WIFI_DROP,
5.44,12,STA,WIFI_DROP,
5.44,15,STA,WIFI_DROP,
5.44,21,STA,WIFI_DROP,
5.4424,8,STA,WIFI_DROP,
5.4424,12,STA,WIFI_DROP,
5.4424,15,STA,WIFI_DROP,
5.4424,21,STA,WIFI_DROP,
5.4448,8,STA,WIFI_DROP,
5.4448,12,STA,WIFI_DROP,
5.4448,15,STA,WIFI_DROP,
5.4448,21,STA,WIFI_DROP,
5.4472,8,STA,WIFI_DROP,
5.4472,12,STA,WIFI_DROP,
5.4472,15,STA,WIFI_DROP,
5.4472,21,STA,WIFI_DROP,
5.4496,8,STA,WIFI_DROP,
5.4496,12,STA,WIFI_DROP,
5.4496,15,STA,WIFI_DROP,
5.4496,21,STA,WIFI_DROP,
5.452,8,STA,WIFI_DROP,
5.452,12,STA,WIFI_DROP,
5.452,15,STA,WIFI_DROP,
5.452,21,STA,WIFI_DROP,
5.4544,8,STA,WIFI_DROP,
5.4544,12,STA,WIFI_DROP,
5.4544,15,STA,WIFI_DROP,
5.4544,21,STA,WIFI_DROP,
5.4568,8,STA,WIFI_DROP,
5.4568,12,STA,WIFI_DROP,
5.4568,15,STA,WIFI_DROP,
5.4568,21,STA,WIFI_DROP,
5.4592,8,STA,WIFI_DROP,
5.4592,12,STA,WIFI_DROP,
5.4592,15,STA,WIFI_DROP,
5.4592,21,STA,WIFI_DROP,
5.4616,8,STA,WIFI_DROP,
5.4616,12,STA,WIFI_DROP,
5.4616,15,STA,WIFI_DROP,
5.4616,21,STA,WIFI_DROP,
5.464,8,STA,WIFI_DROP,
5.464,15,STA,WIFI_DROP,
5.464,21,STA,WIFI_DROP,
5.4664,8,STA,WIFI_DROP,
5.4664,15,STA,WIFI_DROP,
5.4664,21,STA,WIFI_DROP,
5.4688,8,STA,WIFI_DROP,
5.4688,15,STA,WIFI_DROP,
5.4688,21,STA,WIFI_DROP,
5.4712,8,STA,WIFI_DROP,
5.4712,15,STA,WIFI_DROP,
5.4712,21,STA,WIFI_DROP,
5.4736,8,STA,WIFI_DROP,
5.4736,15,STA,WIFI_DROP,
5.4736,21,STA,WIFI_DROP,
5.476,8,STA,WIFI_DROP,
5.476,15,STA,WIFI_DROP,
5.476,21,STA,WIFI_DROP,
5.4784,8,STA,WIFI_DROP,
5.4784,15,STA,WIFI_DROP,
5.4784,21,STA,WIFI_DROP,
5.4808,8,STA,WIFI_DROP,
5.4808,15,STA,WIFI_DROP,
5.4808,21,STA,WIFI_DROP,
5.4832,8,STA,WIFI_DROP,
5.4832,15,STA,WIFI_DROP,
5.4832,21,STA,WIFI_DROP,
5.4856,8,STA,WIFI_DROP,
5.4856,15,STA,WIFI_DROP,
5.4856,21,STA,WIFI_DROP,
5.488,8,STA,WIFI_DROP,
5.488,15,STA,WIFI_DROP,
5.488,21,STA,WIFI_DROP,
5.4904,8,STA,WIFI_DROP,
5.4904,15,STA,WIFI_DROP,
5.4904,21,STA,WIFI_DROP,
5.4928,8,STA,WIFI_DROP,
5.4928,15,STA,WIFI_DROP,
5.4928,21,STA,WIFI_DROP,
5.4952,8,STA,WIFI_DROP,
5.4952,15,STA,WIFI_DROP,
5.4952,21,STA,WIFI_DROP,
5.4976,8,STA,WIFI_DROP,
5.4976,15,STA,WIFI_DROP,
5.4976,21,STA,WIFI_DROP,
5.5,8,STA,WIFI_DROP,
5.5,15,STA,WIFI_DROP,
5.5,21,STA,WIFI_DROP,
5.5024,8,STA,WIFI_DROP,
5.5024,15,STA,WIFI_DROP,
5.5024,21,STA,WIFI_DROP,
5.5048,8,STA,WIFI_DROP,
5.5048,15,STA,WIFI_DROP,
5.5048,21,STA,WIFI_DROP,
5.5072,8,STA,WIFI_DROP,
5.5072,15,STA,WIFI_DROP,
5.5072,21,STA,WIFI_DROP,
5.5096,8,STA,WIFI_DROP,
5.5096,15,STA,WIFI_DROP,
5.5096,21,STA,WIFI_DROP,
5.512,8,STA,WIFI_DROP,
5.512,15,STA,WIFI_DROP,
5.512,21,STA,WIFI_DROP,
5.5144,8,STA,WIFI_DROP,
5.5144,15,STA,WIFI_DROP,
5.5144,21,STA,WIFI_DROP,
5.5168,8,STA,WIFI_DROP,
5.5168,15,STA,WIFI_DROP,
5.5168,21,STA,WIFI_DROP,
5.5192,8,STA,WIFI_DROP,
5.5192,15,STA,WIFI_DROP,
5.5192,21,STA,WIFI_DROP,
5.5216,8,STA,WIFI_DROP,
5.5216,15,STA,WIFI_DROP,
5.5216,21,STA,WIFI_DROP,
5.524,8,STA,WIFI_DROP,
5.524,15,STA,WIFI_DROP,
5.524,21,STA,WIFI_DROP,
5.5264,8,STA,WIFI_DROP,
5.5264,15,STA,WIFI_DROP,
5.5264,21,STA,WIFI_DROP,
5.5288,8,STA,WIFI_DROP,
5.5288,15,STA,WIFI_DROP,
5.5288,21,STA,WIFI_DROP,
5.5312,8,STA,WIFI_DROP,
5.5312,15,STA,WIFI_DROP,
5.5312,21,STA,WIFI_DROP,
5.5336,8,STA,WIFI_DROP,
5.5336,15,STA,WIFI_DROP,
5.5336,21,STA,WIFI_DROP,
5.536,8,STA,WIFI_DROP,
5.536,15,STA,WIFI_DROP,
5.536,21,STA,WIFI_DROP,
5.5384,8,STA,WIFI_DROP,
5.5384,15,STA,WIFI_DROP,
5.5384,21,STA,WIFI_DROP,
5.5408,8,STA,WIFI_DROP,
5.5408,15,STA,WIFI_DROP,
5.5408,21,STA,WIFI_DROP,
5.5432,8,STA,WIFI_DROP,
5.5432,15,STA,WIFI_DROP,
5.5432,21,STA,WIFI_DROP,
5.5456,8,STA,WIFI_DROP,
5.5456,15,STA,WIFI_DROP,
5.5456,21,STA,WIFI_DROP,
5.548,8,STA,WIFI_DROP,
5.548,15,STA,WIFI_DROP,
5.548,21,STA,WIFI_DROP,
5.5504,8,STA,WIFI_DROP,
5.5504,15,STA,WIFI_DROP,
5.5504,21,STA,WIFI_DROP,
5.5528,8,STA,WIFI_DROP,
5.5528,15,STA,WIFI_DROP,
5.5528,21,STA,WIFI_DROP,
5.5552,8,STA,WIFI_DROP,
5.5552,15,STA,WIFI_DROP,
5.5552,21,STA,WIFI_DROP,
5.5576,8,STA,WIFI_DROP,
5.5576,15,STA,WIFI_DROP,
5.5576,21,STA,WIFI_DROP,
5.56,8,STA,WIFI_DROP,
5.56,15,STA,WIFI_DROP,
5.56,21,STA,WIFI_DROP,
5.5624,8,STA,WIFI_DROP,
5.5624,11,STA,WIFI_DROP,
5.5624,15,STA,WIFI_DROP,
5.5624,21,STA,WIFI_DROP,
5.5648,8,STA,WIFI_DROP,
5.5648,11,STA,WIFI_DROP,
5.5648,15,STA,WIFI_DROP,
5.5648,21,STA,WIFI_DROP,
5.5672,8,STA,WIFI_DROP,
5.5672,11,STA,WIFI_DROP,
5.5672,15,STA,WIFI_DROP,
5.5672,21,STA,WIFI_DROP,
5.5696,8,STA,WIFI_DROP,
5.5696,11,STA,WIFI_DROP,
5.5696,15,STA,WIFI_DROP,
5.5696,21,STA,WIFI_DROP,
5.572,8,STA,WIFI_DROP,
5.572,11,STA,WIFI_DROP,
5.572,15,STA,WIFI_DROP,
5.572,21,STA,WIFI_DROP,
5.5744,8,STA,WIFI_DROP,
5.5744,11,STA,WIFI_DROP,
5.5744,15,STA,WIFI_DROP,
5.5744,21,STA,WIFI_DROP,
5.5768,8,STA,WIFI_DROP,
5.5768,11,STA,WIFI_DROP,
5.5768,15,STA,WIFI_DROP,
5.5768,21,STA,WIFI_DROP,
5.5792,8,STA,WIFI_DROP,
5.5792,11,STA,WIFI_DROP,
5.5792,15,STA,WIFI_DROP,
5.5792,21,STA,WIFI_DROP,
5.5816,8,STA,WIFI_DROP,
5.5816,11,STA,WIFI_DROP,
5.5816,15,STA,WIFI_DROP,
5.5816,21,STA,WIFI_DROP,
5.584,8,STA,WIFI_DROP,
5.584,11,STA,WIFI_DROP,
5.584,15,STA,WIFI_DROP,
5.584,21,STA,WIFI_DROP,
5.5864,8,STA,WIFI_DROP,
5.5864,11,STA,WIFI_DROP,
5.5864,15,STA,WIFI_DROP,
5.5864,21,STA,WIFI_DROP,
5.5888,8,STA,WIFI_DROP,
5.5888,11,STA,WIFI_DROP,
5.5888,15,STA,WIFI_DROP,
5.5888,21,STA,WIFI_DROP,
5.5912,8,STA,WIFI_DROP,
5.5912,11,STA,WIFI_DROP,
5.5912,15,STA,WIFI_DROP,
5.5912,21,STA,WIFI_DROP,
5.5936,8,STA,WIFI_DROP,
5.5936,11,STA,WIFI_DROP,
5.5936,15,STA,WIFI_DROP,
5.5936,21,STA,WIFI_DROP,
5.596,8,STA,WIFI_DROP,
5.596,11,STA,WIFI_DROP,
5.596,15,STA,WIFI_DROP,
5.596,21,STA,WIFI_DROP,
5.5984,8,STA,WIFI_DROP,
5.5984,11,STA,WIFI_DROP,
5.5984,15,STA,WIFI_DROP,
5.6008,8,STA,WIFI_DROP,
5.6008,11,STA,WIFI_DROP,
5.6008,15,STA,WIFI_DROP,
5.6032,8,STA,WIFI_DROP,
5.6032,11,STA,WIFI_DROP,
5.6032,15,STA,WIFI_DROP,
5.6056,8,STA,WIFI_DROP,
5.6056,11,STA,WIFI_DROP,
5.6056,15,STA,WIFI_DROP,
5.608,8,STA,WIFI_DROP,
5.608,11,STA,WIFI_DROP,
5.608,15,STA,WIFI_DROP,
5.6104,8,STA,WIFI_DROP,
5.6104,11,STA,WIFI_DROP,
5.6104,15,STA,WIFI_DROP,
5.6128,8,STA,WIFI_DROP,
5.6128,11,STA,WIFI_DROP,
5.6128,15,STA,WIFI_DROP,
5.6152,8,STA,WIFI_DROP,
5.6152,15,STA,WIFI_DROP,
5.6176,8,STA,WIFI_DROP,
5.6176,15,STA,WIFI_DROP,
5.62,8,STA,WIFI_DROP,
5.62,15,STA,WIFI_DROP,
5.6224,8,STA,WIFI_DROP,
5.6224,15,STA,WIFI_DROP,
5.6248,8,STA,WIFI_DROP,
5.6248,15,STA,WIFI_DROP,
5.6272,8,STA,WIFI_DROP,
5.6272,15,STA,WIFI_DROP,
5.6296,8,STA,WIFI_DROP,
5.6296,15,STA,WIFI_DROP,
5.632,8,STA,WIFI_DROP,
5.632,15,STA,WIFI_DROP,
5.6344,8,STA,WIFI_DROP,
5.6344,15,STA,WIFI_DROP,
5.6368,8,STA,WIFI_DROP,
5.6368,15,STA,WIFI_DROP,
5.6392,8,STA,WIFI_DROP,
5.6392,15,STA,WIFI_DROP,
5.6416,8,STA,WIFI_DROP,
5.6416,15,STA,WIFI_DROP,
5.644,8,STA,WIFI_DROP,
5.644,15,STA,WIFI_DROP,
5.6464,8,STA,WIFI_DROP,
5.6464,15,STA,WIFI_DROP,
5.6488,8,STA,WIFI_DROP,
5.6488,15,STA,WIFI_DROP,
5.6512,8,STA,WIFI_DROP,
5.6512,15,STA,WIFI_DROP,
5.6536,8,STA,WIFI_DROP,
5.6536,15,STA,WIFI_DROP,
5.656,8,STA,WIFI_DROP,
5.656,15,STA,WIFI_DROP,
5.6584,8,STA,WIFI_DROP,
5.6584,15,STA,WIFI_DROP,
5.6608,8,STA,WIFI_DROP,
5.6608,15,STA,WIFI_DROP,
5.6632,8,STA,WIFI_DROP,
5.6632,15,STA,WIFI_DROP,
5.6656,8,STA,WIFI_DROP,
5.6656,15,STA,WIFI_DROP,
5.668,8,STA,WIFI_DROP,
5.668,15,STA,WIFI_DROP,
5.6704,8,STA,WIFI_DROP,
5.6704,15,STA,WIFI_DROP,
5.6728,8,STA,WIFI_DROP,
5.6728,15,STA,WIFI_DROP,
5.6752,8,STA,WIFI_DROP,
5.6752,15,STA,WIFI_DROP,
5.6776,8,STA,WIFI_DROP,
5.6776,15,STA,WIFI_DROP,
5.68,8,STA,WIFI_DROP,
5.68,15,STA,WIFI_DROP,
5.6824,8,STA,WIFI_DROP,
5.6824,15,STA,WIFI_DROP,
5.6848,8,STA,WIFI_DROP,
5.6848,15,STA,WIFI_DROP,
5.6872,8,STA,WIFI_DROP,
5.6872,15,STA,WIFI_DROP,
5.6896,8,STA,WIFI_DROP,
5.6896,15,STA,WIFI_DROP,
5.692,8,STA,WIFI_DROP,
5.692,15,STA,WIFI_DROP,
5.6944,8,STA,WIFI_DROP,
5.6944,15,STA,WIFI_DROP,
5.6968,8,STA,WIFI_DROP,
5.6968,15,STA,WIFI_DROP,
5.6992,8,STA,WIFI_DROP,
5.6992,15,STA,WIFI_DROP,
5.7016,8,STA,WIFI_DROP,
5.7016,15,STA,WIFI_DROP,
5.704,15,STA,WIFI_DROP,
5.7064,15,STA,WIFI_DROP,
5.7088,15,STA,WIFI_DROP,
5.7112,15,STA,WIFI_DROP,
5.7136,15,STA,WIFI_DROP,
5.716,15,STA,WIFI_DROP,
5.7184,15,STA,WIFI_DROP,
5.7208,15,STA,WIFI_DROP,
5.7232,15,STA,WIFI_DROP,
5.7256,15,STA,WIFI_DROP,
5.728,15,STA,WIFI_DROP,
5.7304,15,STA,WIFI_DROP,
5.7328,15,STA,WIFI_DROP,
5.7352,15,STA,WIFI_DROP,
5.7376,15,STA,WIFI_DROP,
5.74,15,STA,WIFI_DROP,
5.7424,15,STA,WIFI_DROP,
5.7448,15,STA,WIFI_DROP,
5.7472,15,STA,WIFI_DROP,
5.7496,15,STA,WIFI_DROP,
5.752,15,STA,WIFI_DROP,
5.7544,15,STA,WIFI_DROP,
5.7568,15,STA,WIFI_DROP,
5.7592,15,STA,WIFI_DROP,
5.7616,15,STA,WIFI_DROP,
5.764,15,STA,WIFI_DROP,
5.7664,15,STA,WIFI_DROP,
5.7688,15,STA,WIFI_DROP,
5.7712,4,STA,WIFI_DROP,
5.7712,15,STA,WIFI_DROP,
5.7736,4,STA,WIFI_DROP,
5.7736,15,STA,WIFI_DROP,
5.776,4,STA,WIFI_DROP,
5.776,15,STA,WIFI_DROP,
5.7784,4,STA,WIFI_DROP,
5.7784,15,STA,WIFI_DROP,
5.7808,4,STA,WIFI_DROP,
5.7808,15,STA,WIFI_DROP,
5.7832,4,STA,WIFI_DROP,
5.7832,15,STA,WIFI_DROP,
5.7856,4,STA,WIFI_DROP,
5.7856,15,STA,WIFI_DROP,
5.788,4,STA,WIFI_DROP,
5.788,15,STA,WIFI_DROP,
5.7904,4,STA,WIFI_DROP,
5.7904,15,STA,WIFI_DROP,
5.7928,4,STA,WIFI_DROP,
5.7928,15,STA,WIFI_DROP,
5.7952,4,STA,WIFI_DROP,
5.7952,15,STA,WIFI_DROP,
5.7976,4,STA,WIFI_DROP,
5.7976,15,STA,WIFI_DROP,
5.8,4,STA,WIFI_DROP,
5.8,15,STA,WIFI_DROP,
5.8024,4,STA,WIFI_DROP,
5.8024,15,STA,WIFI_DROP,
5.8048,4,STA,WIFI_DROP,
5.8048,15,STA,WIFI_DROP,
5.8072,4,STA,WIFI_DROP,
5.8072,15,STA,WIFI_DROP,
5.8096,4,STA,WIFI_DROP,
5.8096,15,STA,WIFI_DROP,
5.812,4,STA,WIFI_DROP,
5.812,15,STA,WIFI_DROP,
5.8144,4,STA,WIFI_DROP,
5.8144,15,STA,WIFI_DROP,
5.8168,4,STA,WIFI_DROP,
5.8168,15,STA,WIFI_DROP,
5.8192,4,STA,WIFI_DROP,
5.8192,15,STA,WIFI_DROP,
5.8216,4,STA,WIFI_DROP,
5.8216,15,STA,WIFI_DROP,
5.824,4,STA,WIFI_DROP,
5.824,15,STA,WIFI_DROP,
5.8264,4,STA,WIFI_DROP,
5.8264,15,STA,WIFI_DROP,
5.8288,4,STA,WIFI_DROP,
5.8288,15,STA,WIFI_DROP,
5.8312,4,STA,WIFI_DROP,
5.8312,15,STA,WIFI_DROP,
5.8336,4,STA,WIFI_DROP,
5.8336,15,STA,WIFI_DROP,
5.836,4,STA,WIFI_DROP,
5.836,15,STA,WIFI_DROP,
5.8384,4,STA,WIFI_DROP,
5.8384,15,STA,WIFI_DROP,
5.8408,4,STA,WIFI_DROP,
5.8408,15,STA,WIFI_DROP,
5.8432,4,STA,WIFI_DROP,
5.8432,15,STA,WIFI_DROP,
5.8456,4,STA,WIFI_DROP,
5.8456,15,STA,WIFI_DROP,
5.848,4,STA,WIFI_DROP,
5.848,15,STA,WIFI_DROP,
5.8504,4,STA,WIFI_DROP,
5.8504,15,STA,WIFI_DROP,
5.8528,4,STA,WIFI_DROP,
5.8528,15,STA,WIFI_DROP,
5.8552,4,STA,WIFI_DROP,
5.8552,15,STA,WIFI_DROP,
5.8576,4,STA,WIFI_DROP,
5.8576,15,STA,WIFI_DROP,
5.86,4,STA,WIFI_DROP,
5.86,15,STA,WIFI_DROP,
5.8624,4,STA,WIFI_DROP,
5.8624,15,STA,WIFI_DROP,
5.8648,4,STA,WIFI_DROP,
5.8648,15,STA,WIFI_DROP,
5.8672,4,STA,WIFI_DROP,
5.8672,15,STA,WIFI_DROP,
5.8696,4,STA,WIFI_DROP,
5.8696,15,STA,WIFI_DROP,
5.872,4,STA,WIFI_DROP,
5.872,15,STA,WIFI_DROP,
5.8744,15,STA,WIFI_DROP,
5.8768,15,STA,WIFI_DROP,
5.8792,15,STA,WIFI_DROP,
5.8816,15,STA,WIFI_DROP,
5.884,15,STA,WIFI_DROP,
5.8864,15,STA,WIFI_DROP,
5.8888,15,STA,WIFI_DROP,
5.8912,15,STA,WIFI_DROP,
5.8936,15,STA,WIFI_DROP,
5.896,15,STA,WIFI_DROP,
5.8984,15,STA,WIFI_DROP,
5.9008,15,STA,WIFI_DROP,
5.9032,15,STA,WIFI_DROP,
5.9056,15,STA,WIFI_DROP,
5.908,15,STA,WIFI_DROP,
5.9104,15,STA,WIFI_DROP,
5.9128,15,STA,WIFI_DROP,
5.9152,15,STA,WIFI_DROP,
5.9176,15,STA,WIFI_DROP,
5.92,15,STA,WIFI_DROP,
5.9224,15,STA,WIFI_DROP,
5.9248,15,STA,WIFI_DROP,
5.9272,15,STA,WIFI_DROP,
5.9296,15,STA,WIFI_DROP,
5.932,15,STA,WIFI_DROP,
5.9344,15,STA,WIFI_DROP,
5.9368,15,STA,WIFI_DROP,
5.9392,15,STA,WIFI_DROP,
5.9416,15,STA,WIFI_DROP,
5.944,15,STA,WIFI_DROP,
5.9464,15,STA,WIFI_DROP,
5.9488,15,STA,WIFI_DROP,
5.9512,15,STA,WIFI_DROP,
5.9536,15,STA,WIFI_DROP,
5.956,15,STA,WIFI_DROP,
5.9584,15,STA,WIFI_DROP,
5.9608,15,STA,WIFI_DROP,
5.9632,15,STA,WIFI_DROP,
5.9656,15,STA,WIFI_DROP,
5.968,15,STA,WIFI_DROP,
5.9704,15,STA,WIFI_DROP,
5.9728,15,STA,WIFI_DROP,
5.9752,15,STA,WIFI_DROP,
5.9776,15,STA,WIFI_DROP,
5.98,15,STA,WIFI_DROP,
5.9824,15,STA,WIFI_DROP,
5.9848,15,STA,WIFI_DROP,
5.9872,15,STA,WIFI_DROP,
5.9896,15,STA,WIFI_DROP,
5.992,15,STA,WIFI_DROP,
5.9944,15,STA,WIFI_DROP,
5.9968,15,STA,WIFI_DROP,
5.9992,15,STA,WIFI_DROP,
6,8,STA,THROUGHPUT_MBPS,0.120000
6,11,STA,THROUGHPUT_MBPS,0.336000
6,12,STA,THROUGHPUT_MBPS,1.812000
6,14,STA,THROUGHPUT_MBPS,0.444000
6,21,STA,THROUGHPUT_MBPS,0.552000
6,1,AP,AGGREGATE_THROUGHPUT_MBPS,3.264000
6,1,AP,SENT_COUNT,8340.000000
6,1,AP,RECV_COUNT,272.000000
6,1,AP,LATENCY_P95_MS,1163.391261
6.0016,15,STA,WIFI_DROP,
6.004,15,STA,WIFI_DROP,
6.0064,15,STA,WIFI_DROP,
6.0088,15,STA,WIFI_DROP,
6.0112,15,STA,WIFI_DROP,
6.0136,15,STA,WIFI_DROP,
6.016,15,STA,WIFI_DROP,
6.0184,15,STA,WIFI_DROP,
6.0208,15,STA,WIFI_DROP,
6.0232,15,STA,WIFI_DROP,
6.0256,15,STA,WIFI_DROP,
6.028,15,STA,WIFI_DROP,
6.0304,15,STA,WIFI_DROP,
6.0328,15,STA,WIFI_DROP,
6.0352,15,STA,WIFI_DROP,
6.0376,15,STA,WIFI_DROP,
6.04,15,STA,WIFI_DROP,
6.0424,15,STA,WIFI_DROP,
6.0448,15,STA,WIFI_DROP,
6.0472,15,STA,WIFI_DROP,
6.0496,15,STA,WIFI_DROP,
6.052,15,STA,WIFI_DROP,
6.0544,15,STA,WIFI_DROP,
6.0568,15,STA,WIFI_DROP,
6.0592,15,STA,WIFI_DROP,
6.0616,15,STA,WIFI_DROP,
6.064,15,STA,WIFI_DROP,
6.0664,15,STA,WIFI_DROP,
6.0688,15,STA,WIFI_DROP,
6.0712,15,STA,WIFI_DROP,
6.0736,15,STA,WIFI_DROP,
6.076,15,STA,WIFI_DROP,
6.0784,15,STA,WIFI_DROP,
6.0808,15,STA,WIFI_DROP,
6.0832,15,STA,WIFI_DROP,
6.0856,15,STA,WIFI_DROP,
6.088,15,STA,WIFI_DROP,
6.0904,15,STA,WIFI_DROP,
6.0928,15,STA,WIFI_DROP,
6.0952,15,STA,WIFI_DROP,
6.0976,15,STA,WIFI_DROP,
6.1,15,STA,WIFI_DROP,
6.1024,15,STA,WIFI_DROP,
6.1048,15,STA,WIFI_DROP,
6.1072,15,STA,WIFI_DROP,
6.1096,15,STA,WIFI_DROP,
6.112,15,STA,WIFI_DROP,
6.1144,15,STA,WIFI_DROP,
6.1168,15,STA,WIFI_DROP,
6.1192,15,STA,WIFI_DROP,
6.1216,15,STA,WIFI_DROP,
6.124,15,STA,WIFI_DROP,
6.1264,15,STA,WIFI_DROP,
6.1288,15,STA,WIFI_DROP,
6.1312,15,STA,WIFI_DROP,
6.1336,15,STA,WIFI_DROP,
6.136,15,STA,WIFI_DROP,
6.1384,15,STA,WIFI_DROP,
6.1408,15,STA,WIFI_DROP,
6.1432,15,STA,WIFI_DROP,
6.1456,15,STA,WIFI_DROP,
6.148,15,STA,WIFI_DROP,
6.1504,15,STA,WIFI_DROP,
6.1528,15,STA,WIFI_DROP,
6.1552,15,STA,WIFI_DROP,
6.1576,15,STA,WIFI_DROP,
6.16,15,STA,WIFI_DROP,
6.1624,15,STA,WIFI_DROP,
6.1648,15,STA,WIFI_DROP,
6.1672,15,STA,WIFI_DROP,
6.1696,15,STA,WIFI_DROP,
6.172,15,STA,WIFI_DROP,
6.1744,15,STA,WIFI_DROP,
6.1768,10,STA,WIFI_DROP,
6.1768,15,STA,WIFI_DROP,
6.1768,18,STA,WIFI_DROP,
6.1792,10,STA,WIFI_DROP,
6.1792,15,STA,WIFI_DROP,
6.1792,18,STA,WIFI_DROP,
6.1816,10,STA,WIFI_DROP,
6.1816,15,STA,WIFI_DROP,
6.1816,18,STA,WIFI_DROP,
6.184,10,STA,WIFI_DROP,
6.184,15,STA,WIFI_DROP,
6.184,18,STA,WIFI_DROP,
6.1864,10,STA,WIFI_DROP,
6.1864,15,STA,WIFI_DROP,
6.1864,18,STA,WIFI_DROP,
6.1888,10,STA,WIFI_DROP,
6.1888,15,STA,WIFI_DROP,
6.1888,18,STA,WIFI_DROP,
6.1912,10,STA,WIFI_DROP,
6.1912,15,STA,WIFI_DROP,
6.1912,18,STA,WIFI_DROP,
6.1936,10,STA,WIFI_DROP,
6.1936,15,STA,WIFI_DROP,
6.1936,18,STA,WIFI_DROP,
6.196,10,STA,WIFI_DROP,
6.196,15,STA,WIFI_DROP,
6.196,18,STA,WIFI_DROP,
6.1984,10,STA,WIFI_DROP,
6.1984,15,STA,WIFI_DROP,
6.1984,18,STA,WIFI_DROP,
6.2008,10,STA,WIFI_DROP,
6.2008,15,STA,WIFI_DROP,
6.2008,18,STA,WIFI_DROP,
6.2032,10,STA,WIFI_DROP,
6.2032,15,STA,WIFI_DROP,
6.2032,18,STA,WIFI_DROP,
6.2056,10,STA,WIFI_DROP,
6.2056,15,STA,WIFI_DROP,
6.2056,18,STA,WIFI_DROP,
6.208,10,STA,WIFI_DROP,
6.208,15,STA,WIFI_DROP,
6.208,18,STA,WIFI_DROP,
6.2104,10,STA,WIFI_DROP,
6.2104,15,STA,WIFI_DROP,
6.2104,18,STA,WIFI_DROP,
6.2128,10,STA,WIFI_DROP,
6.2128,18,STA,WIFI_DROP,
6.2152,10,STA,WIFI_DROP,
6.2152,18,STA,WIFI_DROP,
6.2176,10,STA,WIFI_DROP,
6.2176,18,STA,WIFI_DROP,
6.22,10,STA,WIFI_DROP,
6.22,18,STA,WIFI_DROP,
6.2224,10,STA,WIFI_DROP,
6.2224,18,STA,WIFI_DROP,
6.2248,10,STA,WIFI_DROP,
6.2248,18,STA,WIFI_DROP,
6.2272,10,STA,WIFI_DROP,
6.2272,18,STA,WIFI_DROP,
6.2296,10,STA,WIFI_DROP,
6.232,10,STA,WIFI_DROP,
6.2344,10,STA,WIFI_DROP,
6.2368,10,STA,WIFI_DROP,
6.2392,10,STA,WIFI_DROP,
6.2416,10,STA,WIFI_DROP,
6.244,10,STA,WIFI_DROP,
6.2464,10,STA,WIFI_DROP,
6.2488,10,STA,WIFI_DROP,
6.2512,10,STA,WIFI_DROP,
6.2536,10,STA,WIFI_DROP,
6.256,10,STA,WIFI_DROP,
6.2584,10,STA,WIFI_DROP,
6.2608,10,STA,WIFI_DROP,
6.2632,10,STA,WIFI_DROP,
6.2656,10,STA,WIFI_DROP,
6.268,10,STA,WIFI_DROP,
6.2704,10,STA,WIFI_DROP,
6.2728,10,STA,WIFI_DROP,
6.2752,10,STA,WIFI_DROP,
6.2776,10,STA,WIFI_DROP,
6.28,10,STA,WIFI_DROP,
6.2824,10,STA,WIFI_DROP,
6.2848,10,STA,WIFI_DROP,
6.2872,10,STA,WIFI_DROP,
6.2896,10,STA,WIFI_DROP,
6.292,10,STA,WIFI_DROP,
6.2944,10,STA,WIFI_DROP,
6.2968,10,STA,WIFI_DROP,
6.2992,10,STA,WIFI_DROP,
6.3016,10,STA,WIFI_DROP,
6.304,10,STA,WIFI_DROP,
6.3064,10,STA,WIFI_DROP,
6.3088,10,STA,WIFI_DROP,
6.3112,10,STA,WIFI_DROP,
6.3136,10,STA,WIFI_DROP,
6.316,10,STA,WIFI_DROP,
6.3184,10,STA,WIFI_DROP,
6.3208,10,STA,WIFI_DROP,
6.3232,10,STA,WIFI_DROP,
6.3256,10,STA,WIFI_DROP,
6.328,10,STA,WIFI_DROP,
6.3304,10,STA,WIFI_DROP,
6.3328,10,STA,WIFI_DROP,
6.3352,10,STA,WIFI_DROP,
6.3376,10,STA,WIFI_DROP,
6.34,10,STA,WIFI_DROP,
6.3424,10,STA,WIFI_DROP,
6.3448,10,STA,WIFI_DROP,
6.3472,10,STA,WIFI_DROP,
6.3496,10,STA,WIFI_DROP,
6.352,10,STA,WIFI_DROP,
6.3544,10,STA,WIFI_DROP,
6.3568,10,STA,WIFI_DROP,
6.3592,10,STA,WIFI_DROP,
6.3616,10,STA,WIFI_DROP,
6.364,10,STA,WIFI_DROP,
6.3664,10,STA,WIFI_DROP,
6.3688,10,STA,WIFI_DROP,
6.3712,10,STA,WIFI_DROP,
6.3736,10,STA,WIFI_DROP,
6.376,10,STA,WIFI_DROP,
6.3784,10,STA,WIFI_DROP,
6.3808,10,STA,WIFI_DROP,
6.3832,10,STA,WIFI_DROP,
6.3856,10,STA,WIFI_DROP,
6.388,10,STA,WIFI_DROP,
6.3904,10,STA,WIFI_DROP,
6.3928,10,STA,WIFI_DROP,
6.3952,10,STA,WIFI_DROP,
6.3976,10,STA,WIFI_DROP,
6.4,10,STA,WIFI_DROP,
6.4024,10,STA,WIFI_DROP,
6.4048,10,STA,WIFI_DROP,
6.4072,10,STA,WIFI_DROP,
6.4096,10,STA,WIFI_DROP,
6.412,10,STA,WIFI_DROP,
6.4144,10,STA,WIFI_DROP,
6.4168,10,STA,WIFI_DROP,
6.4192,10,STA,WIFI_DROP,
6.4216,10,STA,WIFI_DROP,
6.424,10,STA,WIFI_DROP,
6.4264,10,STA,WIFI_DROP,
6.4288,10,STA,WIFI_DROP,
6.4312,10,STA,WIFI_DROP,
6.4336,10,STA,WIFI_DROP,
6.436,10,STA,WIFI_DROP,
6.4384,10,STA,WIFI_DROP,
6.4408,10,STA,WIFI_DROP,
6.4432,10,STA,WIFI_DROP,
6.4456,10,STA,WIFI_DROP,
6.448,10,STA,WIFI_DROP,
6.4504,10,STA,WIFI_DROP,
6.4528,10,STA,WIFI_DROP,
6.4552,10,STA,WIFI_DROP,
6.4576,10,STA,WIFI_DROP,
6.46,10,STA,WIFI_DROP,
6.4624,10,STA,WIFI_DROP,
6.4648,10,STA,WIFI_DROP,
6.4672,10,STA,WIFI_DROP,
6.4696,10,STA,WIFI_DROP,
6.472,10,STA,WIFI_DROP,
6.4744,10,STA,WIFI_DROP,
6.4768,10,STA,WIFI_DROP,
6.4792,10,STA,WIFI_DROP,
6.4816,10,STA,WIFI_DROP,
6.484,9,STA,WIFI_DROP,
6.484,10,STA,WIFI_DROP,
6.4864,9,STA,WIFI_DROP,
6.4864,10,STA,WIFI_DROP,
6.4888,9,STA,WIFI_DROP,
6.4888,10,STA,WIFI_DROP,
6.4912,9,STA,WIFI_DROP,
6.4912,10,STA,WIFI_DROP,
6.4936,9,STA,WIFI_DROP,
6.4936,10,STA,WIFI_DROP,
6.496,9,STA,WIFI_DROP,
6.496,10,STA,WIFI_DROP,
6.4984,9,STA,WIFI_DROP,
6.4984,10,STA,WIFI_DROP,
6.5008,9,STA,WIFI_DROP,
6.5008,10,STA,WIFI_DROP,
6.5032,9,STA,WIFI_DROP,
6.5032,10,STA,WIFI_DROP,
6.5056,9,STA,WIFI_DROP,
6.5056,10,STA,WIFI_DROP,
6.508,9,STA,WIFI_DROP,
6.508,10,STA,WIFI_DROP,
6.5104,9,STA,WIFI_DROP,
6.5104,10,STA,WIFI_DROP,
6.5128,9,STA,WIFI_DROP,
6.5128,10,STA,WIFI_DROP,
6.5152,9,STA,WIFI_DROP,
6.5152,10,STA,WIFI_DROP,
6.5176,9,STA,WIFI_DROP,
6.5176,10,STA,WIFI_DROP,
6.52,9,STA,WIFI_DROP,
6.52,10,STA,WIFI_DROP,
6.5224,9,STA,WIFI_DROP,
6.5224,10,STA,WIFI_DROP,
6.5248,9,STA,WIFI_DROP,
6.5248,10,STA,WIFI_DROP,
6.5272,9,STA,WIFI_DROP,
6.5272,10,STA,WIFI_DROP,
6.5296,9,STA,WIFI_DROP,
6.5296,10,STA,WIFI_DROP,
6.532,9,STA,WIFI_DROP,
6.532,10,STA,WIFI_DROP,
6.5344,9,STA,WIFI_DROP,
6.5344,10,STA,WIFI_DROP,
6.5368,9,STA,WIFI_DROP,
6.5368,10,STA,WIFI_DROP,
6.5392,10,STA,WIFI_DROP,
6.5416,10,STA,WIFI_DROP,
6.544,10,STA,WIFI_DROP,
6.5464,10,STA,WIFI_DROP,
6.5488,10,STA,WIFI_DROP,
6.5512,10,STA,WIFI_DROP,
6.5536,10,STA,WIFI_DROP,
6.556,10,STA,WIFI_DROP,
6.5584,10,STA,WIFI_DROP,
6.5608,10,STA,WIFI_DROP,
6.5632,10,STA,WIFI_DROP,
6.5656,10,STA,WIFI_DROP,
6.568,10,STA,WIFI_DROP,
6.5704,10,STA,WIFI_DROP,
6.5728,10,STA,WIFI_DROP,
6.5752,10,STA,WIFI_DROP,
6.5776,10,STA,WIFI_DROP,
6.58,10,STA,WIFI_DROP,
6.5824,10,STA,WIFI_DROP,
6.5848,10,STA,WIFI_DROP,
6.5872,3,STA,WIFI_DROP,
6.5872,10,STA,WIFI_DROP,
6.5896,3,STA,WIFI_DROP,
6.5896,10,STA,WIFI_DROP,
6.592,3,STA,WIFI_DROP,
6.592,10,STA,WIFI_DROP,
6.5944,3,STA,WIFI_DROP,
6.5944,10,STA,WIFI_DROP,
6.5968,3,STA,WIFI_DROP,
6.5968,10,STA,WIFI_DROP,
6.5992,3,STA,WIFI_DROP,
6.5992,10,STA,WIFI_DROP,
6.6016,3,STA,WIFI_DROP,
6.6016,10,STA,WIFI_DROP,
6.604,3,STA,WIFI_DROP,
6.604,10,STA,WIFI_DROP,
6.6064,3,STA,WIFI_DROP,
6.6064,10,STA,WIFI_DROP,
6.6088,3,STA,WIFI_DROP,
6.6088,10,STA,WIFI_DROP,
6.6112,3,STA,WIFI_DROP,
6.6112,10,STA,WIFI_DROP,
6.6136,3,STA,WIFI_DROP,
6.6136,10,STA,WIFI_DROP,
6.616,3,STA,WIFI_DROP,
6.616,10,STA,WIFI_DROP,
6.6184,3,STA,WIFI_DROP,
6.6184,10,STA,WIFI_DROP,
6.6208,3,STA,WIFI_DROP,
6.6208,10,STA,WIFI_DROP,
6.6232,3,STA,WIFI_DROP,
6.6232,10,STA,WIFI_DROP,
6.6256,3,STA,WIFI_DROP,
6.6256,10,STA,WIFI_DROP,
6.628,3,STA,WIFI_DROP,
6.628,10,STA,WIFI_DROP,
6.6304,3,STA,WIFI_DROP,
6.6304,10,STA,WIFI_DROP,
6.6328,3,STA,WIFI_DROP,
6.6328,10,STA,WIFI_DROP,
6.6352,3,STA,WIFI_DROP,
6.6352,10,STA,WIFI_DROP,
6.6376,3,STA,WIFI_DROP,
6.6376,10,STA,WIFI_DROP,
6.64,3,STA,WIFI_DROP,
6.64,10,STA,WIFI_DROP,
6.6424,3,STA,WIFI_DROP,
6.6424,10,STA,WIFI_DROP,
6.6448,3,STA,WIFI_DROP,
6.6448,10,STA,WIFI_DROP,
6.6472,3,STA,WIFI_DROP,
6.6472,10,STA,WIFI_DROP,
6.6496,3,STA,WIFI_DROP,
6.6496,10,STA,WIFI_DROP,
6.652,3,STA,WIFI_DROP,
6.652,10,STA,WIFI_DROP,
6.6544,3,STA,WIFI_DROP,
6.6544,10,STA,WIFI_DROP,
6.6568,3,STA,WIFI_DROP,
6.6568,10,STA,WIFI_DROP,
6.6592,3,STA,WIFI_DROP,
6.6592,10,STA,WIFI_DROP,
6.6616,3,STA,WIFI_DROP,
6.6616,10,STA,WIFI_DROP,
6.664,3,STA,WIFI_DROP,
6.664,10,STA,WIFI_DROP,
6.6664,3,STA,WIFI_DROP,
6.6664,10,STA,WIFI_DROP,
6.6688,3,STA,WIFI_DROP,
6.6688,10,STA,WIFI_DROP,
6.6712,3,STA,WIFI_DROP,
6.6712,10,STA,WIFI_DROP,
6.6736,3,STA,WIFI_DROP,
6.6736,10,STA,WIFI_DROP,
6.676,3,STA,WIFI_DROP,
6.676,10,STA,WIFI_DROP,
6.6784,3,STA,WIFI_DROP,
6.6784,10,STA,WIFI_DROP,
6.6808,3,STA,WIFI_DROP,
6.6808,10,STA,WIFI_DROP,
6.6832,3,STA,WIFI_DROP,
6.6832,10,STA,WIFI_DROP,
6.6856,3,STA,WIFI_DROP,
6.6856,10,STA,WIFI_DROP,
6.688,3,STA,WIFI_DROP,
6.688,10,STA,WIFI_DROP,
6.6904,3,STA,WIFI_DROP,
6.6904,10,STA,WIFI_DROP,
6.6928,3,STA,WIFI_DROP,
6.6928,10,STA,WIFI_DROP,
6.6952,3,STA,WIFI_DROP,
6.6952,10,STA,WIFI_DROP,
6.6976,3,STA,WIFI_DROP,
6.6976,10,STA,WIFI_DROP,
6.7,3,STA,WIFI_DROP,
6.7,10,STA,WIFI_DROP,
6.7024,3,STA,WIFI_DROP,
6.7024,10,STA,WIFI_DROP,
6.7048,3,STA,WIFI_DROP,
6.7048,10,STA,WIFI_DROP,
6.7072,3,STA,WIFI_DROP,
6.7072,10,STA,WIFI_DROP,
6.7096,3,STA,WIFI_DROP,
6.7096,10,STA,WIFI_DROP,
6.712,3,STA,WIFI_DROP,
6.712,10,STA,WIFI_DROP,
6.7144,3,STA,WIFI_DROP,
6.7144,10,STA,WIFI_DROP,
6.7168,3,STA,WIFI_DROP,
6.7168,10,STA,WIFI_DROP,
6.7192,3,STA,WIFI_DROP,
6.7192,10,STA,WIFI_DROP,
6.7216,3,STA,WIFI_DROP,
6.7216,10,STA,WIFI_DROP,
6.724,3,STA,WIFI_DROP,
6.724,10,STA,WIFI_DROP,
6.7264,3,STA,WIFI_DROP,
6.7264,10,STA,WIFI_DROP,
6.7288,3,STA,WIFI_DROP,
6.7288,10,STA,WIFI_DROP,
6.7312,3,STA,WIFI_DROP,
6.7312,10,STA,WIFI_DROP,
6.7336,3,STA,WIFI_DROP,
6.7336,10,STA,WIFI_DROP,
6.736,3,STA,WIFI_DROP,
6.736,10,STA,WIFI_DROP,
6.7384,3,STA,WIFI_DROP,
6.7384,10,STA,WIFI_DROP,
6.7408,3,STA,WIFI_DROP,
6.7408,10,STA,WIFI_DROP,
6.7432,3,STA,WIFI_DROP,
6.7432,10,STA,WIFI_DROP,
6.7456,3,STA,WIFI_DROP,
6.7456,10,STA,WIFI_DROP,
6.748,3,STA,WIFI_DROP,
6.748,10,STA,WIFI_DROP,
6.7504,3,STA,WIFI_DROP,
6.7504,10,STA,WIFI_DROP,
6.7528,3,STA,WIFI_DROP,
6.7528,10,STA,WIFI_DROP,
6.7552,3,STA,WIFI_DROP,
6.7552,10,STA,WIFI_DROP,
6.7576,3,STA,WIFI_DROP,
6.7576,10,STA,WIFI_DROP,
6.76,3,STA,WIFI_DROP,
6.76,10,STA,WIFI_DROP,
6.7624,3,STA,WIFI_DROP,
6.7624,10,STA,WIFI_DROP,
6.7648,3,STA,WIFI_DROP,
6.7648,10,STA,WIFI_DROP,
6.7672,3,STA,WIFI_DROP,
6.7672,10,STA,WIFI_DROP,
6.7696,3,STA,WIFI_DROP,
6.7696,10,STA,WIFI_DROP,
6.772,3,STA,WIFI_DROP,
6.772,10,STA,WIFI_DROP,
6.7744,3,STA,WIFI_DROP,
6.7744,10,STA,WIFI_DROP,
6.7768,3,STA,WIFI_DROP,
6.7768,10,STA,WIFI_DROP,
6.7792,3,STA,WIFI_DROP,
6.7792,10,STA,WIFI_DROP,
6.7816,3,STA,WIFI_DROP,
6.7816,10,STA,WIFI_DROP,
6.784,3,STA,WIFI_DROP,
6.784,10,STA,WIFI_DROP,
6.7864,3,STA,WIFI_DROP,
6.7864,10,STA,WIFI_DROP,
6.7888,3,STA,WIFI_DROP,
6.7888,10,STA,WIFI_DROP,
6.7912,3,STA,WIFI_DROP,
6.7912,10,STA,WIFI_DROP,
6.7912,19,STA,WIFI_DROP,
6.7936,3,STA,WIFI_DROP,
6.7936,10,STA,WIFI_DROP,
6.7936,19,STA,WIFI_DROP,
6.796,3,STA,WIFI_DROP,
6.796,10,STA,WIFI_DROP,
6.796,19,STA,WIFI_DROP,
6.7984,3,STA,WIFI_DROP,
6.7984,10,STA,WIFI_DROP,
6.7984,19,STA,WIFI_DROP,
6.8008,3,STA,WIFI_DROP,
6.8008,10,STA,WIFI_DROP,
6.8008,19,STA,WIFI_DROP,
6.8032,3,STA,WIFI_DROP,
6.8032,10,STA,WIFI_DROP,
6.8032,19,STA,WIFI_DROP,
6.8056,3,STA,WIFI_DROP,
6.8056,10,STA,WIFI_DROP,
6.8056,19,STA,WIFI_DROP,
6.808,3,STA,WIFI_DROP,
6.808,10,STA,WIFI_DROP,
6.808,19,STA,WIFI_DROP,
6.8104,3,STA,WIFI_DROP,
6.8104,10,STA,WIFI_DROP,
6.8104,19,STA,WIFI_DROP,
6.8128,3,STA,WIFI_DROP,
6.8128,10,STA,WIFI_DROP,
6.8128,19,STA,WIFI_DROP,
6.8152,3,STA,WIFI_DROP,
6.8152,10,STA,WIFI_DROP,
6.8152,19,STA,WIFI_DROP,
6.8176,3,STA,WIFI_DROP,
6.8176,10,STA,WIFI_DROP,
6.8176,19,STA,WIFI_DROP,
6.82,3,STA,WIFI_DROP,
6.82,10,STA,WIFI_DROP,
6.82,19,STA,WIFI_DROP,
6.8224,3,STA,WIFI_DROP,
6.8224,10,STA,WIFI_DROP,
6.8224,19,STA,WIFI_DROP,
6.8248,3,STA,WIFI_DROP,
6.8248,10,STA,WIFI_DROP,
6.8248,19,STA,WIFI_DROP,
6.8272,3,STA,WIFI_DROP,
6.8272,10,STA,WIFI_DROP,
6.8272,19,STA,WIFI_DROP,
6.8296,3,STA,WIFI_DROP,
6.8296,10,STA,WIFI_DROP,
6.8296,19,STA,WIFI_DROP,
6.832,3,STA,WIFI_DROP,
6.832,10,STA,WIFI_DROP,
6.832,19,STA,WIFI_DROP,
6.8344,3,STA,WIFI_DROP,
6.8344,10,STA,WIFI_DROP,
6.8344,19,STA,WIFI_DROP,
6.8368,3,STA,WIFI_DROP,
6.8368,10,STA,WIFI_DROP,
6.8368,19,STA,WIFI_DROP,
6.8392,10,STA,WIFI_DROP,
6.8392,19,STA,WIFI_DROP,
6.8416,10,STA,WIFI_DROP,
6.8416,19,STA,WIFI_DROP,
6.844,10,STA,WIFI_DROP,
6.844,19,STA,WIFI_DROP,
6.8464,10,STA,WIFI_DROP,
6.8464,19,STA,WIFI_DROP,
6.8488,10,STA,WIFI_DROP,
6.8488,19,STA,WIFI_DROP,
6.8512,10,STA,WIFI_DROP,
6.8512,19,STA,WIFI_DROP,
6.8536,10,STA,WIFI_DROP,
6.8536,19,STA,WIFI_DROP,
6.856,10,STA,WIFI_DROP,
6.856,19,STA,WIFI_DROP,
6.8584,10,STA,WIFI_DROP,
6.8584,19,STA,WIFI_DROP,
6.8608,10,STA,WIFI_DROP,
6.8608,19,STA,WIFI_DROP,
6.8632,10,STA,WIFI_DROP,
6.8632,19,STA,WIFI_DROP,
6.8656,10,STA,WIFI_DROP,
6.8656,19,STA,WIFI_DROP,
6.868,10,STA,WIFI_DROP,
6.868,19,STA,WIFI_DROP,
6.8704,10,STA,WIFI_DROP,
6.8704,19,STA,WIFI_DROP,
6.8728,10,STA,WIFI_DROP,
6.8728,19,STA,WIFI_DROP,
6.8752,10,STA,WIFI_DROP,
6.8752,19,STA,WIFI_DROP,
6.8776,10,STA,WIFI_DROP,
6.8776,19,STA,WIFI_DROP,
6.88,10,STA,WIFI_DROP,
6.88,19,STA,WIFI_DROP,
6.8824,10,STA,WIFI_DROP,
6.8824,19,STA,WIFI_DROP,
6.8848,10,STA,WIFI_DROP,
6.8848,19,STA,WIFI_DROP,
6.8872,10,STA,WIFI_DROP,
6.8872,19,STA,WIFI_DROP,
6.8896,10,STA,WIFI_DROP,
6.8896,19,STA,WIFI_DROP,
6.892,10,STA,WIFI_DROP,
6.892,19,STA,WIFI_DROP,
6.8944,10,STA,WIFI_DROP,
6.8944,19,STA,WIFI_DROP,
6.8968,10,STA,WIFI_DROP,
6.8968,19,STA,WIFI_DROP,
6.8992,10,STA,WIFI_DROP,
6.8992,19,STA,WIFI_DROP,
6.9016,10,STA,WIFI_DROP,
6.9016,19,STA,WIFI_DROP,
6.904,10,STA,WIFI_DROP,
6.904,19,STA,WIFI_DROP,
6.9064,10,STA,WIFI_DROP,
6.9064,19,STA,WIFI_DROP,
6.9088,10,STA,WIFI_DROP,
6.9088,19,STA,WIFI_DROP,
6.9112,10,STA,WIFI_DROP,
6.9112,19,STA,WIFI_DROP,
6.9136,10,STA,WIFI_DROP,
6.9136,19,STA,WIFI_DROP,
6.916,10,STA,WIFI_DROP,
6.916,19,STA,WIFI_DROP,
6.9184,10,STA,WIFI_DROP,
6.9184,19,STA,WIFI_DROP,
6.9208,10,STA,WIFI_DROP,
6.9208,19,STA,WIFI_DROP,
6.9232,10,STA,WIFI_DROP,
6.9232,19,STA,WIFI_DROP,
6.9256,10,STA,WIFI_DROP,
6.9256,19,STA,WIFI_DROP,
6.928,10,STA,WIFI_DROP,
6.928,19,STA,WIFI_DROP,
6.9304,10,STA,WIFI_DROP,
6.9304,19,STA,WIFI_DROP,
6.9328,10,STA,WIFI_DROP,
6.9328,19,STA,WIFI_DROP,
6.9352,10,STA,WIFI_DROP,
6.9352,19,STA,WIFI_DROP,
6.9376,10,STA,WIFI_DROP,
6.9376,19,STA,WIFI_DROP,
6.94,10,STA,WIFI_DROP,
6.94,19,STA,WIFI_DROP,
6.9424,10,STA,WIFI_DROP,
6.9424,19,STA,WIFI_DROP,
6.9448,10,STA,WIFI_DROP,
6.9448,19,STA,WIFI_DROP,
6.9472,10,STA,WIFI_DROP,
6.9472,19,STA,WIFI_DROP,
6.9496,10,STA,WIFI_DROP,
6.9496,19,STA,WIFI_DROP,
6.952,10,STA,WIFI_DROP,
6.952,19,STA,WIFI_DROP,
6.9544,10,STA,WIFI_DROP,
6.9544,19,STA,WIFI_DROP,
6.9568,10,STA,WIFI_DROP,
6.9568,19,STA,WIFI_DROP,
6.9592,10,STA,WIFI_DROP,
6.9592,19,STA,WIFI_DROP,
6.9616,10,STA,WIFI_DROP,
6.9616,19,STA,WIFI_DROP,
6.964,10,STA,WIFI_DROP,
6.964,19,STA,WIFI_DROP,
6.9664,10,STA,WIFI_DROP,
6.9664,19,STA,WIFI_DROP,
6.9688,10,STA,WIFI_DROP,
6.9688,19,STA,WIFI_DROP,
6.9712,10,STA,WIFI_DROP,
6.9712,19,STA,WIFI_DROP,
6.9736,10,STA,WIFI_DROP,
6.9736,19,STA,WIFI_DROP,
6.976,10,STA,WIFI_DROP,
6.976,19,STA,WIFI_DROP,
6.9784,10,STA,WIFI_DROP,
6.9784,19,STA,WIFI_DROP,
6.9808,10,STA,WIFI_DROP,
6.9808,19,STA,WIFI_DROP,
6.9832,10,STA,WIFI_DROP,
6.9832,19,STA,WIFI_DROP,
6.9856,10,STA,WIFI_DROP,
6.9856,19,STA,WIFI_DROP,
6.988,10,STA,WIFI_DROP,
6.988,19,STA,WIFI_DROP,
6.9904,10,STA,WIFI_DROP,
6.9904,19,STA,WIFI_DROP,
6.9928,10,STA,WIFI_DROP,
6.9928,19,STA,WIFI_DROP,
6.9952,10,STA,WIFI_DROP,
6.9952,19,STA,WIFI_DROP,
6.9976,10,STA,WIFI_DROP,
6.9976,19,STA,WIFI_DROP,
7,3,STA,THROUGHPUT_MBPS,0.312000
7,8,STA,THROUGHPUT_MBPS,1.560000
7,9,STA,THROUGHPUT_MBPS,0.324000
7,11,STA,THROUGHPUT_MBPS,0.660000
7,12,STA,THROUGHPUT_MBPS,1.632000
7,21,STA,THROUGHPUT_MBPS,1.248000
7,1,AP,AGGREGATE_THROUGHPUT_MBPS,5.736000
7,1,AP,SENT_COUNT,8320.000000
7,1,AP,RECV_COUNT,478.000000
7,1,AP,LATENCY_P95_MS,540.331748
7,10,STA,WIFI_DROP,
7,19,STA,WIFI_DROP,
7.0024,10,STA,WIFI_DROP,
7.0024,19,STA,WIFI_DROP,
7.0048,10,STA,WIFI_DROP,
7.0048,19,STA,WIFI_DROP,
7.0072,10,STA,WIFI_DROP,
7.0072,19,STA,WIFI_DROP,
7.0096,10,STA,WIFI_DROP,
7.0096,19,STA,WIFI_DROP,
7.012,10,STA,WIFI_DROP,
7.012,19,STA,WIFI_DROP,
7.0144,10,STA,WIFI_DROP,
7.0144,19,STA,WIFI_DROP,
7.0168,10,STA,WIFI_DROP,
7.0168,19,STA,WIFI_DROP,
7.0192,10,STA,WIFI_DROP,
7.0192,19,STA,WIFI_DROP,
7.0216,10,STA,WIFI_DROP,
7.0216,19,STA,WIFI_DROP,
7.024,10,STA,WIFI_DROP,
7.024,19,STA,WIFI_DROP,
7.0264,10,STA,WIFI_DROP,
7.0264,19,STA,WIFI_DROP,
7.0288,10,STA,WIFI_DROP,
7.0288,19,STA,WIFI_DROP,
7.0312,10,STA,WIFI_DROP,
7.0312,19,STA,WIFI_DROP,
7.0336,10,STA,WIFI_DROP,
7.0336,19,STA,WIFI_DROP,
7.036,10,STA,WIFI_DROP,
7.036,19,STA,WIFI_DROP,
7.0384,10,STA,WIFI_DROP,
7.0384,19,STA,WIFI_DROP,
7.0408,10,STA,WIFI_DROP,
7.0408,19,STA,WIFI_DROP,
7.0432,10,STA,WIFI_DROP,
7.0432,19,STA,WIFI_DROP,
7.0456,10,STA,WIFI_DROP,
7.0456,19,STA,WIFI_DROP,
7.048,10,STA,WIFI_DROP,
7.048,19,STA,WIFI_DROP,
7.0504,10,STA,WIFI_DROP,
7.0504,19,STA,WIFI_DROP,
7.0528,10,STA,WIFI_DROP,
7.0528,19,STA,WIFI_DROP,
7.0552,10,STA,WIFI_DROP,
7.0552,19,STA,WIFI_DROP,
7.0576,10,STA,WIFI_DROP,
7.0576,19,STA,WIFI_DROP,
7.06,10,STA,WIFI_DROP,
7.06,19,STA,WIFI_DROP,
7.0624,10,STA,WIFI_DROP,
7.0624,19,STA,WIFI_DROP,
7.0648,10,STA,WIFI_DROP,
7.0648,19,STA,WIFI_DROP,
7.0672,10,STA,WIFI_DROP,
7.0672,19,STA,WIFI_DROP,
7.0696,10,STA,WIFI_DROP,
7.0696,19,STA,WIFI_DROP,
7.072,10,STA,WIFI_DROP,
7.072,19,STA,WIFI_DROP,
7.0744,10,STA,WIFI_DROP,
7.0744,19,STA,WIFI_DROP,
7.0768,10,STA,WIFI_DROP,
7.0768,19,STA,WIFI_DROP,
7.0792,10,STA,WIFI_DROP,
7.0792,19,STA,WIFI_DROP,
7.0816,10,STA,WIFI_DROP,
7.0816,19,STA,WIFI_DROP,
7.084,10,STA,WIFI_DROP,
7.084,19,STA,WIFI_DROP,
7.0864,10,STA,WIFI_DROP,
7.0864,19,STA,WIFI_DROP,
7.0888,10,STA,WIFI_DROP,
7.0888,19,STA,WIFI_DROP,
7.0912,10,STA,WIFI_DROP,
7.0912,19,STA,WIFI_DROP,
7.0936,10,STA,WIFI_DROP,
7.0936,19,STA,WIFI_DROP,
7.096,10,STA,WIFI_DROP,
7.096,19,STA,WIFI_DROP,
7.0984,10,STA,WIFI_DROP,
7.0984,19,STA,WIFI_DROP,
7.0984,21,STA,WIFI_DROP,
7.1008,10,STA,WIFI_DROP,
7.1008,19,STA,WIFI_DROP,
7.1008,21,STA,WIFI_DROP,
7.1032,10,STA,WIFI_DROP,
7.1032,19,STA,WIFI_DROP,
7.1032,21,STA,WIFI_DROP,
7.1056,10,STA,WIFI_DROP,
7.1056,19,STA,WIFI_DROP,
7.1056,21,STA,WIFI_DROP,
7.108,10,STA,WIFI_DROP,
7.108,19,STA,WIFI_DROP,
7.108,21,STA,WIFI_DROP,
7.1104,10,STA,WIFI_DROP,
7.1104,19,STA,WIFI_DROP,
7.1104,21,STA,WIFI_DROP,
7.1128,10,STA,WIFI_DROP,
7.1128,19,STA,WIFI_DROP,
7.1128,21,STA,WIFI_DROP,
7.1152,10,STA,WIFI_DROP,
7.1152,19,STA,WIFI_DROP,
7.1152,21,STA,WIFI_DROP,
7.1176,10,STA,WIFI_DROP,
7.1176,19,STA,WIFI_DROP,
7.1176,21,STA,WIFI_DROP,
7.12,10,STA,WIFI_DROP,
7.12,19,STA,WIFI_DROP,
7.12,21,STA,WIFI_DROP,
7.1224,10,STA,WIFI_DROP,
7.1224,19,STA,WIFI_DROP,
7.1224,21,STA,WIFI_DROP,
7.1248,10,STA,WIFI_DROP,
7.1248,19,STA,WIFI_DROP,
7.1248,21,STA,WIFI_DROP,
7.1272,10,STA,WIFI_DROP,
7.1272,19,STA,WIFI_DROP,
7.1272,21,STA,WIFI_DROP,
7.1296,10,STA,WIFI_DROP,
7.1296,19,STA,WIFI_DROP,
7.1296,21,STA,WIFI_DROP,
7.132,10,STA,WIFI_DROP,
7.132,19,STA,WIFI_DROP,
7.132,21,STA,WIFI_DROP,
7.1344,10,STA,WIFI_DROP,
7.1344,19,STA,WIFI_DROP,
7.1344,21,STA,WIFI_DROP,
7.1368,10,STA,WIFI_DROP,
7.1368,19,STA,WIFI_DROP,
7.1368,21,STA,WIFI_DROP,
7.1392,10,STA,WIFI_DROP,
7.1392,19,STA,WIFI_DROP,
7.1392,21,STA,WIFI_DROP,
7.1416,10,STA,WIFI_DROP,
7.1416,19,STA,WIFI_DROP,
7.1416,21,STA,WIFI_DROP,
7.144,10,STA,WIFI_DROP,
7.144,19,STA,WIFI_DROP,
7.144,21,STA,WIFI_DROP,
7.1464,10,STA,WIFI_DROP,
7.1464,19,STA,WIFI_DROP,
7.1464,21,STA,WIFI_DROP,
7.1488,10,STA,WIFI_DROP,
7.1488,19,STA,WIFI_DROP,
7.1488,21,STA,WIFI_DROP,
7.1512,10,STA,WIFI_DROP,
7.1512,19,STA,WIFI_DROP,
7.1512,21,STA,WIFI_DROP,
7.1536,10,STA,WIFI_DROP,
7.1536,19,STA,WIFI_DROP,
7.1536,21,STA,WIFI_DROP,
7.156,10,STA,WIFI_DROP,
7.156,19,STA,WIFI_DROP,
7.156,21,STA,WIFI_DROP,
7.1584,10,STA,WIFI_DROP,
7.1584,19,STA,WIFI_DROP,
7.1584,21,STA,WIFI_DROP,
7.1608,10,STA,WIFI_DROP,
7.1608,19,STA,WIFI_DROP,
7.1608,21,STA,WIFI_DROP,
7.1632,10,STA,WIFI_DROP,
7.1632,19,STA,WIFI_DROP,
7.1632,21,STA,WIFI_DROP,
7.1656,10,STA,WIFI_DROP,
7.1656,19,STA,WIFI_DROP,
7.1656,21,STA,WIFI_DROP,
7.168,10,STA,WIFI_DROP,
7.168,19,STA,WIFI_DROP,
7.168,21,STA,WIFI_DROP,
7.1704,10,STA,WIFI_DROP,
7.1704,19,STA,WIFI_DROP,
7.1704,21,STA,WIFI_DROP,
7.1728,10,STA,WIFI_DROP,
7.1728,19,STA,WIFI_DROP,
7.1728,21,STA,WIFI_DROP,
7.1752,10,STA,WIFI_DROP,
7.1752,19,STA,WIFI_DROP,
7.1752,21,STA,WIFI_DROP,
7.1776,10,STA,WIFI_DROP,
7.1776,19,STA,WIFI_DROP,
7.1776,21,STA,WIFI_DROP,
7.18,10,STA,WIFI_DROP,
7.18,19,STA,WIFI_DROP,
7.18,21,STA,WIFI_DROP,
7.1824,10,STA,WIFI_DROP,
7.1824,19,STA,WIFI_DROP,
7.1824,21,STA,WIFI_DROP,
7.1848,10,STA,WIFI_DROP,
7.1848,19,STA,WIFI_DROP,
7.1848,21,STA,WIFI_DROP,
7.1872,10,STA,WIFI_DROP,
7.1872,19,STA,WIFI_DROP,
7.1872,21,STA,WIFI_DROP,
7.1896,10,STA,WIFI_DROP,
7.1896,19,STA,WIFI_DROP,
7.1896,21,STA,WIFI_DROP,
7.192,10,STA,WIFI_DROP,
7.192,19,STA,WIFI_DROP,
7.192,21,STA,WIFI_DROP,
7.1944,10,STA,WIFI_DROP,
7.1944,19,STA,WIFI_DROP,
7.1944,21,STA,WIFI_DROP,
7.1968,10,STA,WIFI_DROP,
7.1968,19,STA,WIFI_DROP,
7.1968,21,STA,WIFI_DROP,
7.1992,10,STA,WIFI_DROP,
7.1992,19,STA,WIFI_DROP,
7.1992,21,STA,WIFI_DROP,
7.2016,10,STA,WIFI_DROP,
7.2016,19,STA,WIFI_DROP,
7.2016,21,STA,WIFI_DROP,
7.204,2,STA,WIFI_DROP,
7.204,10,STA,WIFI_DROP,
7.204,19,STA,WIFI_DROP,
7.204,21,STA,WIFI_DROP,
7.2064,2,STA,WIFI_DROP,
7.2064,10,STA,WIFI_DROP,
7.2064,19,STA,WIFI_DROP,
7.2064,21,STA,WIFI_DROP,
7.2088,2,STA,WIFI_DROP,
7.2088,10,STA,WIFI_DROP,
7.2088,19,STA,WIFI_DROP,
7.2088,21,STA,WIFI_DROP,
7.2112,2,STA,WIFI_DROP,
7.2112,10,STA,WIFI_DROP,
7.2112,19,STA,WIFI_DROP,
7.2112,21,STA,WIFI_DROP,
7.2136,2,STA,WIFI_DROP,
7.2136,10,STA,WIFI_DROP,
7.2136,19,STA,WIFI_DROP,
7.2136,21,STA,WIFI_DROP,
7.216,2,STA,WIFI_DROP,
7.216,10,STA,WIFI_DROP,
7.216,19,STA,WIFI_DROP,
7.216,21,STA,WIFI_DROP,
7.2184,2,STA,WIFI_DROP,
7.2184,10,STA,WIFI_DROP,
7.2184,19,STA,WIFI_DROP,
7.2184,21,STA,WIFI_DROP,
7.2208,2,STA,WIFI_DROP,
7.2208,10,STA,WIFI_DROP,
7.2208,19,STA,WIFI_DROP,
7.2208,21,STA,WIFI_DROP,
7.2232,2,STA,WIFI_DROP,
7.2232,10,STA,WIFI_DROP,
7.2232,19,STA,WIFI_DROP,
7.2232,21,STA,WIFI_DROP,
7.2256,2,STA,WIFI_DROP,
7.2256,10,STA,WIFI_DROP,
7.2256,19,STA,WIFI_DROP,
7.2256,21,STA,WIFI_DROP,
7.228,2,STA,WIFI_DROP,
7.228,10,STA,WIFI_DROP,
7.228,19,STA,WIFI_DROP,
7.228,21,STA,WIFI_DROP,
7.2304,2,STA,WIFI_DROP,
7.2304,10,STA,WIFI_DROP,
7.2304,19,STA,WIFI_DROP,
7.2304,21,STA,WIFI_DROP,
7.2328,2,STA,WIFI_DROP,
7.2328,10,STA,WIFI_DROP,
7.2328,19,STA,WIFI_DROP,
7.2328,21,STA,WIFI_DROP,
7.2352,2,STA,WIFI_DROP,
7.2352,10,STA,WIFI_DROP,
7.2352,19,STA,WIFI_DROP,
7.2352,21,STA,WIFI_DROP,
7.2376,2,STA,WIFI_DROP,
7.2376,10,STA,WIFI_DROP,
7.2376,19,STA,WIFI_DROP,
7.2376,21,STA,WIFI_DROP,
7.24,2,STA,WIFI_DROP,
7.24,10,STA,WIFI_DROP,
7.24,19,STA,WIFI_DROP,
7.24,21,STA,WIFI_DROP,
7.2424,2,STA,WIFI_DROP,
7.2424,10,STA,WIFI_DROP,
7.2424,19,STA,WIFI_DROP,
7.2424,21,STA,WIFI_DROP,
7.2448,2,STA,WIFI_DROP,
7.2448,10,STA,WIFI_DROP,
7.2448,19,STA,WIFI_DROP,
7.2448,21,STA,WIFI_DROP,
7.2472,2,STA,WIFI_DROP,
7.2472,10,STA,WIFI_DROP,
7.2472,19,STA,WIFI_DROP,
7.2472,21,STA,WIFI_DROP,
7.2496,2,STA,WIFI_DROP,
7.2496,10,STA,WIFI_DROP,
7.2496,19,STA,WIFI_DROP,
7.2496,21,STA,WIFI_DROP,
7.252,2,STA,WIFI_DROP,
7.252,10,STA,WIFI_DROP,
7.252,19,STA,WIFI_DROP,
7.252,21,STA,WIFI_DROP,
7.2544,2,STA,WIFI_DROP,
7.2544,10,STA,WIFI_DROP,
7.2544,19,STA,WIFI_DROP,
7.2544,21,STA,WIFI_DROP,
7.2568,2,STA,WIFI_DROP,
7.2568,10,STA,WIFI_DROP,
7.2568,19,STA,WIFI_DROP,
7.2568,21,STA,WIFI_DROP,
7.2592,2,STA,WIFI_DROP,
7.2592,10,STA,WIFI_DROP,
7.2592,19,STA,WIFI_DROP,
7.2592,21,STA,WIFI_DROP,
7.2616,2,STA,WIFI_DROP,
7.2616,10,STA,WIFI_DROP,
7.2616,19,STA,WIFI_DROP,
7.2616,21,STA,WIFI_DROP,
7.264,2,STA,WIFI_DROP,
7.264,10,STA,WIFI_DROP,
7.264,19,STA,WIFI_DROP,
7.264,21,STA,WIFI_DROP,
7.2664,2,STA,WIFI_DROP,
7.2664,10,STA,WIFI_DROP,
7.2664,19,STA,WIFI_DROP,
7.2664,21,STA,WIFI_DROP,
7.2688,2,STA,WIFI_DROP,
7.2688,10,STA,WIFI_DROP,
7.2688,19,STA,WIFI_DROP,
7.2688,21,STA,WIFI_DROP,
7.2712,2,STA,WIFI_DROP,
7.2712,10,STA,WIFI_DROP,
7.2712,19,STA,WIFI_DROP,
7.2712,21,STA,WIFI_DROP,
7.2736,2,STA,WIFI_DROP,
7.2736,10,STA,WIFI_DROP,
7.2736,19,STA,WIFI_DROP,
7.2736,21,STA,WIFI_DROP,
7.276,2,STA,WIFI_DROP,
7.276,10,STA,WIFI_DROP,
7.276,19,STA,WIFI_DROP,
7.276,21,STA,WIFI_DROP,
7.2784,2,STA,WIFI_DROP,
7.2784,10,STA,WIFI_DROP,
7.2784,19,STA,WIFI_DROP,
7.2784,21,STA,WIFI_DROP,
7.2808,2,STA,WIFI_DROP,
7.2808,10,STA,WIFI_DROP,
7.2808,19,STA,WIFI_DROP,
7.2808,21,STA,WIFI_DROP,
7.2832,2,STA,WIFI_DROP,
7.2832,10,STA,WIFI_DROP,
7.2832,19,STA,WIFI_DROP,
7.2832,21,STA,WIFI_DROP,
7.2856,2,STA,WIFI_DROP,
7.2856,10,STA,WIFI_DROP,
7.2856,19,STA,WIFI_DROP,
7.2856,21,STA,WIFI_DROP,
7.288,2,STA,WIFI_DROP,
7.288,10,STA,WIFI_DROP,
7.288,19,STA,WIFI_DROP,
7.288,21,STA,WIFI_DROP,
7.2904,2,STA,WIFI_DROP,
7.2904,10,STA,WIFI_DROP,
7.2904,19,STA,WIFI_DROP,
7.2904,21,STA,WIFI_DROP,
7.2928,2,STA,WIFI_DROP,
7.2928,10,STA,WIFI_DROP,
7.2928,19,STA,WIFI_DROP,
7.2928,21,STA,WIFI_DROP,
7.2952,2,STA,WIFI_DROP,
7.2952,10,STA,WIFI_DROP,
7.2952,19,STA,WIFI_DROP,
7.2952,21,STA,WIFI_DROP,
7.2976,2,STA,WIFI_DROP,
7.2976,10,STA,WIFI_DROP,
7.2976,19,STA,WIFI_DROP,
7.2976,21,STA,WIFI_DROP,
7.3,2,STA,WIFI_DROP,
7.3,10,STA,WIFI_DROP,
7.3,19,STA,WIFI_DROP,
7.3,21,STA,WIFI_DROP,
7.3024,2,STA,WIFI_DROP,
7.3024,10,STA,WIFI_DROP,
7.3024,19,STA,WIFI_DROP,
7.3024,21,STA,WIFI_DROP,
7.3048,2,STA,WIFI_DROP,
7.3048,10,STA,WIFI_DROP,
7.3048,19,STA,WIFI_DROP,
7.3048,21,STA,WIFI_DROP,
7.3072,2,STA,WIFI_DROP,
7.3072,10,STA,WIFI_DROP,
7.3072,19,STA,WIFI_DROP,
7.3072,21,STA,WIFI_DROP,
7.3096,2,STA,WIFI_DROP,
7.3096,10,STA,WIFI_DROP,
7.3096,19,STA,WIFI_DROP,
7.3096,21,STA,WIFI_DROP,
7.312,2,STA,WIFI_DROP,
7.312,10,STA,WIFI_DROP,
7.312,19,STA,WIFI_DROP,
7.312,21,STA,WIFI_DROP,
7.3144,2,STA,WIFI_DROP,
7.3144,10,STA,WIFI_DROP,
7.3144,19,STA,WIFI_DROP,
7.3144,21,STA,WIFI_DROP,
7.3168,2,STA,WIFI_DROP,
7.3168,10,STA,WIFI_DROP,
7.3168,19,STA,WIFI_DROP,
7.3168,21,STA,WIFI_DROP,
7.3192,2,STA,WIFI_DROP,
7.3192,10,STA,WIFI_DROP,
7.3192,19,STA,WIFI_DROP,
7.3192,21,STA,WIFI_DROP,
7.3216,2,STA,WIFI_DROP,
7.3216,10,STA,WIFI_DROP,
7.3216,19,STA,WIFI_DROP,
7.3216,21,STA,WIFI_DROP,
7.324,2,STA,WIFI_DROP,
7.324,10,STA,WIFI_DROP,
7.324,19,STA,WIFI_DROP,
7.324,21,STA,WIFI_DROP,
7.3264,2,STA,WIFI_DROP,
7.3264,10,STA,WIFI_DROP,
7.3264,19,STA,WIFI_DROP,
7.3264,21,STA,WIFI_DROP,
7.3288,2,STA,WIFI_DROP,
7.3288,10,STA,WIFI_DROP,
7.3288,19,STA,WIFI_DROP,
7.3288,21,STA,WIFI_DROP,
7.3312,2,STA,WIFI_DROP,
7.3312,10,STA,WIFI_DROP,
7.3312,19,STA,WIFI_DROP,
7.3312,21,STA,WIFI_DROP,
7.3336,2,STA,WIFI_DROP,
7.3336,10,STA,WIFI_DROP,
7.3336,19,STA,WIFI_DROP,
7.3336,21,STA,WIFI_DROP,
7.336,2,STA,WIFI_DROP,
7.336,10,STA,WIFI_DROP,
7.336,19,STA,WIFI_DROP,
7.336,21,STA,WIFI_DROP,
7.3384,2,STA,WIFI_DROP,
7.3384,10,STA,WIFI_DROP,
7.3384,19,STA,WIFI_DROP,
7.3384,21,STA,WIFI_DROP,
7.3408,2,STA,WIFI_DROP,
7.3408,10,STA,WIFI_DROP,
7.3408,19,STA,WIFI_DROP,
7.3408,21,STA,WIFI_DROP,
7.3432,2,STA,WIFI_DROP,
7.3432,10,STA,WIFI_DROP,
7.3432,19,STA,WIFI_DROP,
7.3432,21,STA,WIFI_DROP,
7.3456,2,STA,WIFI_DROP,
7.3456,10,STA,WIFI_DROP,
7.3456,19,STA,WIFI_DROP,
7.3456,21,STA,WIFI_DROP,
7.348,2,STA,WIFI_DROP,
7.348,10,STA,WIFI_DROP,
7.348,19,STA,WIFI_DROP,
7.348,21,STA,WIFI_DROP,
7.3504,2,STA,WIFI_DROP,
7.3504,10,STA,WIFI_DROP,
7.3504,19,STA,WIFI_DROP,
7.3504,21,STA,WIFI_DROP,
7.3528,2,STA,WIFI_DROP,
7.3528,10,STA,WIFI_DROP,
7.3528,19,STA,WIFI_DROP,
7.3528,21,STA,WIFI_DROP,
7.3552,2,STA,WIFI_DROP,
7.3552,10,STA,WIFI_DROP,
7.3552,19,STA,WIFI_DROP,
7.3552,21,STA,WIFI_DROP,
7.3576,2,STA,WIFI_DROP,
7.3576,10,STA,WIFI_DROP,
7.3576,19,STA,WIFI_DROP,
7.3576,21,STA,WIFI_DROP,
7.36,2,STA,WIFI_DROP,
7.36,10,STA,WIFI_DROP,
7.36,19,STA,WIFI_DROP,
7.36,21,STA,WIFI_DROP,
7.3624,2,STA,WIFI_DROP,
7.3624,10,STA,WIFI_DROP,
7.3624,19,STA,WIFI_DROP,
7.3624,21,STA,WIFI_DROP,
7.3648,2,STA,WIFI_DROP,
7.3648,10,STA,WIFI_DROP,
7.3648,19,STA,WIFI_DROP,
7.3648,21,STA,WIFI_DROP,
7.3672,2,STA,WIFI_DROP,
7.3672,10,STA,WIFI_DROP,
7.3672,19,STA,WIFI_DROP,
7.3672,21,STA,WIFI_DROP,
7.3696,2,STA,WIFI_DROP,
7.3696,10,STA,WIFI_DROP,
7.3696,19,STA,WIFI_DROP,
7.3696,21,STA,WIFI_DROP,
7.372,2,STA,WIFI_DROP,
7.372,10,STA,WIFI_DROP,
7.372,19,STA,WIFI_DROP,
7.372,21,STA,WIFI_DROP,
7.3744,2,STA,WIFI_DROP,
7.3744,10,STA,WIFI_DROP,
7.3744,19,STA,WIFI_DROP,
7.3744,21,STA,WIFI_DROP,
7.3768,2,STA,WIFI_DROP,
7.3768,10,STA,WIFI_DROP,
7.3768,19,STA,WIFI_DROP,
7.3768,21,STA,WIFI_DROP,
7.3792,2,STA,WIFI_DROP,
7.3792,10,STA,WIFI_DROP,
7.3792,19,STA,WIFI_DROP,
7.3792,21,STA,WIFI_DROP,
7.3816,2,STA,WIFI_DROP,
7.3816,10,STA,WIFI_DROP,
7.3816,19,STA,WIFI_DROP,
7.3816,21,STA,WIFI_DROP,
7.384,2,STA,WIFI_DROP,
7.384,10,STA,WIFI_DROP,
7.384,19,STA,WIFI_DROP,
7.384,21,STA,WIFI_DROP,
7.3864,2,STA,WIFI_DROP,
7.3864,10,STA,WIFI_DROP,
7.3864,19,STA,WIFI_DROP,
7.3864,21,STA,WIFI_DROP,
7.3888,2,STA,WIFI_DROP,
7.3888,10,STA,WIFI_DROP,
7.3888,19,STA,WIFI_DROP,
7.3888,21,STA,WIFI_DROP,
7.3912,2,STA,WIFI_DROP,
7.3912,10,STA,WIFI_DROP,
7.3912,19,STA,WIFI_DROP,
7.3912,21,STA,WIFI_DROP,
7.3936,2,STA,WIFI_DROP,
7.3936,10,STA,WIFI_DROP,
7.3936,19,STA,WIFI_DROP,
7.3936,21,STA,WIFI_DROP,
7.396,2,STA,WIFI_DROP,
7.396,10,STA,WIFI_DROP,
7.396,21,STA,WIFI_DROP,
7.3984,2,STA,WIFI_DROP,
7.3984,10,STA,WIFI_DROP,
7.3984,21,STA,WIFI_DROP,
7.4008,2,STA,WIFI_DROP,
7.4008,10,STA,WIFI_DROP,
7.4008,21,STA,WIFI_DROP,
7.4032,2,STA,WIFI_DROP,
7.4032,10,STA,WIFI_DROP,
7.4032,21,STA,WIFI_DROP,
7.4056,2,STA,WIFI_DROP,
7.4056,10,STA,WIFI_DROP,
7.4056,21,STA,WIFI_DROP,
7.408,2,STA,WIFI_DROP,
7.408,4,STA,WIFI_DROP,
7.408,10,STA,WIFI_DROP,
7.408,21,STA,WIFI_DROP,
7.4104,2,STA,WIFI_DROP,
7.4104,4,STA,WIFI_DROP,
7.4104,10,STA,WIFI_DROP,
7.4104,21,STA,WIFI_DROP,
7.4128,2,STA,WIFI_DROP,
7.4128,4,STA,WIFI_DROP,
7.4128,10,STA,WIFI_DROP,
7.4128,21,STA,WIFI_DROP,
7.4152,2,STA,WIFI_DROP,
7.4152,4,STA,WIFI_DROP,
7.4152,10,STA,WIFI_DROP,
7.4152,21,STA,WIFI_DROP,
7.4176,2,STA,WIFI_DROP,
7.4176,4,STA,WIFI_DROP,
7.4176,10,STA,WIFI_DROP,
7.4176,21,STA,WIFI_DROP,
7.42,2,STA,WIFI_DROP,
7.42,4,STA,WIFI_DROP,
7.42,10,STA,WIFI_DROP,
7.42,21,STA,WIFI_DROP,
7.4224,2,STA,WIFI_DROP,
7.4224,4,STA,WIFI_DROP,
7.4224,10,STA,WIFI_DROP,
7.4224,21,STA,WIFI_DROP,
7.4248,2,STA,WIFI_DROP,
7.4248,4,STA,WIFI_DROP,
7.4248,10,STA,WIFI_DROP,
7.4248,21,STA,WIFI_DROP,
7.4272,2,STA,WIFI_DROP,
7.4272,4,STA,WIFI_DROP,
7.4272,10,STA,WIFI_DROP,
7.4272,21,STA,WIFI_DROP,
7.4296,2,STA,WIFI_DROP,
7.4296,4,STA,WIFI_DROP,
7.4296,10,STA,WIFI_DROP,
7.4296,21,STA,WIFI_DROP,
7.432,2,STA,WIFI_DROP,
7.432,4,STA,WIFI_DROP,
7.432,10,STA,WIFI_DROP,
7.432,21,STA,WIFI_DROP,
7.4344,2,STA,WIFI_DROP,
7.4344,4,STA,WIFI_DROP,
7.4344,10,STA,WIFI_DROP,
7.4344,21,STA,WIFI_DROP,
7.4368,2,STA,WIFI_DROP,
7.4368,4,STA,WIFI_DROP,
7.4368,10,STA,WIFI_DROP,
7.4368,21,STA,WIFI_DROP,
7.4392,2,STA,WIFI_DROP,
7.4392,4,STA,WIFI_DROP,
7.4392,10,STA,WIFI_DROP,
7.4392,21,STA,WIFI_DROP,
7.4416,2,STA,WIFI_DROP,
7.4416,4,STA,WIFI_DROP,
7.4416,10,STA,WIFI_DROP,
7.4416,21,STA,WIFI_DROP,
7.444,2,STA,WIFI_DROP,
7.444,4,STA,WIFI_DROP,
7.444,10,STA,WIFI_DROP,
7.444,21,STA,WIFI_DROP,
7.4464,2,STA,WIFI_DROP,
7.4464,4,STA,WIFI_DROP,
7.4464,10,STA,WIFI_DROP,
7.4464,21,STA,WIFI_DROP,
7.4488,2,STA,WIFI_DROP,
7.4488,4,STA,WIFI_DROP,
7.4488,10,STA,WIFI_DROP,
7.4488,21,STA,WIFI_DROP,
7.4512,2,STA,WIFI_DROP,
7.4512,4,STA,WIFI_DROP,
7.4512,10,STA,WIFI_DROP,
7.4512,21,STA,WIFI_DROP,
7.4536,2,STA,WIFI_DROP,
7.4536,4,STA,WIFI_DROP,
7.4536,10,STA,WIFI_DROP,
7.4536,21,STA,WIFI_DROP,
7.456,4,STA,WIFI_DROP,
7.456,10,STA,WIFI_DROP,
7.456,21,STA,WIFI_DROP,
7.4584,4,STA,WIFI_DROP,
7.4584,10,STA,WIFI_DROP,
7.4584,21,STA,WIFI_DROP,
7.4608,4,STA,WIFI_DROP,
7.4608,10,STA,WIFI_DROP,
7.4608,21,STA,WIFI_DROP,
7.4632,4,STA,WIFI_DROP,
7.4632,10,STA,WIFI_DROP,
7.4632,21,STA,WIFI_DROP,
7.4656,4,STA,WIFI_DROP,
7.4656,10,STA,WIFI_DROP,
7.4656,21,STA,WIFI_DROP,
7.468,4,STA,WIFI_DROP,
7.468,10,STA,WIFI_DROP,
7.468,21,STA,WIFI_DROP,
7.4704,4,STA,WIFI_DROP,
7.4704,10,STA,WIFI_DROP,
7.4704,21,STA,WIFI_DROP,
7.4728,4,STA,WIFI_DROP,
7.4728,10,STA,WIFI_DROP,
7.4728,21,STA,WIFI_DROP,
7.4752,4,STA,WIFI_DROP,
7.4752,10,STA,WIFI_DROP,
7.4752,21,STA,WIFI_DROP,
7.4776,4,STA,WIFI_DROP,
7.4776,10,STA,WIFI_DROP,
7.4776,21,STA,WIFI_DROP,
7.48,4,STA,WIFI_DROP,
7.48,10,STA,WIFI_DROP,
7.48,21,STA,WIFI_DROP,
7.4824,4,STA,WIFI_DROP,
7.4824,10,STA,WIFI_DROP,
7.4824,21,STA,WIFI_DROP,
7.4848,4,STA,WIFI_DROP,
7.4848,10,STA,WIFI_DROP,
7.4848,21,STA,WIFI_DROP,
7.4872,4,STA,WIFI_DROP,
7.4872,10,STA,WIFI_DROP,
7.4872,21,STA,WIFI_DROP,
7.4896,4,STA,WIFI_DROP,
7.4896,10,STA,WIFI_DROP,
7.4896,21,STA,WIFI_DROP,
7.492,4,STA,WIFI_DROP,
7.492,10,STA,WIFI_DROP,
7.492,21,STA,WIFI_DROP,
7.4944,4,STA,WIFI_DROP,
7.4944,10,STA,WIFI_DROP,
7.4944,21,STA,WIFI_DROP,
7.4968,4,STA,WIFI_DROP,
7.4968,10,STA,WIFI_DROP,
7.4968,21,STA,WIFI_DROP,
7.4992,4,STA,WIFI_DROP,
7.4992,10,STA,WIFI_DROP,
7.4992,21,STA,WIFI_DROP,
7.5016,4,STA,WIFI_DROP,
7.5016,10,STA,WIFI_DROP,
7.5016,21,STA,WIFI_DROP,
7.504,4,STA,WIFI_DROP,
7.504,10,STA,WIFI_DROP,
7.504,21,STA,WIFI_DROP,
7.5064,4,STA,WIFI_DROP,
7.5064,10,STA,WIFI_DROP,
7.5064,21,STA,WIFI_DROP,
7.5088,4,STA,WIFI_DROP,
7.5088,10,STA,WIFI_DROP,
7.5088,21,STA,WIFI_DROP,
7.5112,4,STA,WIFI_DROP,
7.5112,10,STA,WIFI_DROP,
7.5112,21,STA,WIFI_DROP,
7.5136,4,STA,WIFI_DROP,
7.5136,10,STA,WIFI_DROP,
7.5136,21,STA,WIFI_DROP,
7.516,4,STA,WIFI_DROP,
7.516,10,STA,WIFI_DROP,
7.516,21,STA,WIFI_DROP,
7.5184,4,STA,WIFI_DROP,
7.5184,10,STA,WIFI_DROP,
7.5184,21,STA,WIFI_DROP,
7.5208,4,STA,WIFI_DROP,
7.5208,10,STA,WIFI_DROP,
7.5208,21,STA,WIFI_DROP,
7.5232,4,STA,WIFI_DROP,
7.5232,10,STA,WIFI_DROP,
7.5232,21,STA,WIFI_DROP,
7.5256,4,STA,WIFI_DROP,
7.5256,10,STA,WIFI_DROP,
7.5256,21,STA,WIFI_DROP,
7.528,4,STA,WIFI_DROP,
7.528,10,STA,WIFI_DROP,
7.528,21,STA,WIFI_DROP,
7.5304,4,STA,WIFI_DROP,
7.5304,10,STA,WIFI_DROP,
7.5304,21,STA,WIFI_DROP,
7.5328,4,STA,WIFI_DROP,
7.5328,10,STA,WIFI_DROP,
7.5328,21,STA,WIFI_DROP,
7.5352,4,STA,WIFI_DROP,
7.5352,10,STA,WIFI_DROP,
7.5352,21,STA,WIFI_DROP,
7.5376,4,STA,WIFI_DROP,
7.5376,10,STA,WIFI_DROP,
7.5376,21,STA,WIFI_DROP,
7.54,4,STA,WIFI_DROP,
7.54,10,STA,WIFI_DROP,
7.54,21,STA,WIFI_DROP,
7.5424,4,STA,WIFI_DROP,
7.5424,10,STA,WIFI_DROP,
7.5424,21,STA,WIFI_DROP,
7.5448,4,STA,WIFI_DROP,
7.5448,10,STA,WIFI_DROP,
7.5448,21,STA,WIFI_DROP,
7.5472,4,STA,WIFI_DROP,
7.5472,10,STA,WIFI_DROP,
7.5472,21,STA,WIFI_DROP,
7.5496,4,STA,WIFI_DROP,
7.5496,10,STA,WIFI_DROP,
7.5496,21,STA,WIFI_DROP,
7.552,4,STA,WIFI_DROP,
7.552,10,STA,WIFI_DROP,
7.5544,4,STA,WIFI_DROP,
7.5544,10,STA,WIFI_DROP,
7.5568,4,STA,WIFI_DROP,
7.5568,10,STA,WIFI_DROP,
7.5592,4,STA,WIFI_DROP,
7.5592,9,STA,WIFI_DROP,
7.5592,10,STA,WIFI_DROP,
7.5616,4,STA,WIFI_DROP,
7.5616,9,STA,WIFI_DROP,
7.5616,10,STA,WIFI_DROP,
7.564,4,STA,WIFI_DROP,
7.564,9,STA,WIFI_DROP,
7.564,10,STA,WIFI_DROP,
7.5664,4,STA,WIFI_DROP,
7.5664,9,STA,WIFI_DROP,
7.5664,10,STA,WIFI_DROP,
7.5688,4,STA,WIFI_DROP,
7.5688,9,STA,WIFI_DROP,
7.5688,10,STA,WIFI_DROP,
7.5712,4,STA,WIFI_DROP,
7.5712,9,STA,WIFI_DROP,
7.5712,10,STA,WIFI_DROP,
7.5736,4,STA,WIFI_DROP,
7.5736,9,STA,WIFI_DROP,
7.5736,10,STA,WIFI_DROP,
7.576,4,STA,WIFI_DROP,
7.576,9,STA,WIFI_DROP,
7.576,10,STA,WIFI_DROP,
7.5784,4,STA,WIFI_DROP,
7.5784,9,STA,WIFI_DROP,
7.5784,10,STA,WIFI_DROP,
7.5808,4,STA,WIFI_DROP,
7.5808,9,STA,WIFI_DROP,
7.5808,10,STA,WIFI_DROP,
7.5832,4,STA,WIFI_DROP,
7.5832,9,STA,WIFI_DROP,
7.5832,10,STA,WIFI_DROP,
7.5856,4,STA,WIFI_DROP,
7.5856,9,STA,WIFI_DROP,
7.5856,10,STA,WIFI_DROP,
7.588,4,STA,WIFI_DROP,
7.588,9,STA,WIFI_DROP,
7.588,10,STA,WIFI_DROP,
7.5904,4,STA,WIFI_DROP,
7.5904,9,STA,WIFI_DROP,
7.5904,10,STA,WIFI_DROP,
7.5928,4,STA,WIFI_DROP,
7.5928,9,STA,WIFI_DROP,
7.5928,10,STA,WIFI_DROP,
7.5952,4,STA,WIFI_DROP,
7.5952,9,STA,WIFI_DROP,
7.5952,10,STA,WIFI_DROP,
7.5976,4,STA,WIFI_DROP,
7.5976,9,STA,WIFI_DROP,
7.5976,10,STA,WIFI_DROP,
7.6,4,STA,WIFI_DROP,
7.6,9,STA,WIFI_DROP,
7.6,10,STA,WIFI_DROP,
7.6024,4,STA,WIFI_DROP,
7.6024,9,STA,WIFI_DROP,
7.6024,10,STA,WIFI_DROP,
7.6048,4,STA,WIFI_DROP,
7.6048,9,STA,WIFI_DROP,
7.6048,10,STA,WIFI_DROP,
7.6072,4,STA,WIFI_DROP,
7.6072,9,STA,WIFI_DROP,
7.6072,10,STA,WIFI_DROP,
7.6096,4,STA,WIFI_DROP,
7.6096,9,STA,WIFI_DROP,
7.6096,10,STA,WIFI_DROP,
7.612,4,STA,WIFI_DROP,
7.612,9,STA,WIFI_DROP,
7.612,10,STA,WIFI_DROP,
7.6144,4,STA,WIFI_DROP,
7.6144,9,STA,WIFI_DROP,
7.6144,10,STA,WIFI_DROP,
7.6168,4,STA,WIFI_DROP,
7.6168,9,STA,WIFI_DROP,
7.6168,10,STA,WIFI_DROP,
7.6192,4,STA,WIFI_DROP,
7.6192,9,STA,WIFI_DROP,
7.6192,10,STA,WIFI_DROP,
7.6216,4,STA,WIFI_DROP,
7.6216,9,STA,WIFI_DROP,
7.6216,10,STA,WIFI_DROP,
7.624,4,STA,WIFI_DROP,
7.624,9,STA,WIFI_DROP,
7.624,10,STA,WIFI_DROP,
7.6264,4,STA,WIFI_DROP,
7.6264,9,STA,WIFI_DROP,
7.6264,10,STA,WIFI_DROP,
7.6288,4,STA,WIFI_DROP,
7.6288,9,STA,WIFI_DROP,
7.6288,10,STA,WIFI_DROP,
7.6312,4,STA,WIFI_DROP,
7.6312,9,STA,WIFI_DROP,
7.6312,10,STA,WIFI_DROP,
7.6336,4,STA,WIFI_DROP,
7.6336,9,STA,WIFI_DROP,
7.6336,10,STA,WIFI_DROP,
7.636,4,STA,WIFI_DROP,
7.636,9,STA,WIFI_DROP,
7.636,10,STA,WIFI_DROP,
7.6384,4,STA,WIFI_DROP,
7.6384,9,STA,WIFI_DROP,
7.6384,10,STA,WIFI_DROP,
7.6408,4,STA,WIFI_DROP,
7.6408,9,STA,WIFI_DROP,
7.6408,10,STA,WIFI_DROP,
7.6432,4,STA,WIFI_DROP,
7.6432,9,STA,WIFI_DROP,
7.6432,10,STA,WIFI_DROP,
7.6456,4,STA,WIFI_DROP,
7.6456,9,STA,WIFI_DROP,
7.6456,10,STA,WIFI_DROP,
7.648,4,STA,WIFI_DROP,
7.648,9,STA,WIFI_DROP,
7.648,10,STA,WIFI_DROP,
7.6504,4,STA,WIFI_DROP,
7.6504,9,STA,WIFI_DROP,
7.6504,10,STA,WIFI_DROP,
7.6528,4,STA,WIFI_DROP,
7.6528,9,STA,WIFI_DROP,
7.6528,10,STA,WIFI_DROP,
7.6552,4,STA,WIFI_DROP,
7.6552,9,STA,WIFI_DROP,
7.6576,4,STA,WIFI_DROP,
7.6576,9,STA,WIFI_DROP,
7.66,4,STA,WIFI_DROP,
7.66,9,STA,WIFI_DROP,
7.6624,4,STA,WIFI_DROP,
7.6624,9,STA,WIFI_DROP,
7.6648,4,STA,WIFI_DROP,
7.6648,9,STA,WIFI_DROP,
7.6672,4,STA,WIFI_DROP,
7.6672,9,STA,WIFI_DROP,
7.6696,4,STA,WIFI_DROP,
7.6696,9,STA,WIFI_DROP,
7.672,4,STA,WIFI_DROP,
7.672,9,STA,WIFI_DROP,
7.6744,4,STA,WIFI_DROP,
7.6744,9,STA,WIFI_DROP,
7.6768,4,STA,WIFI_DROP,
7.6768,9,STA,WIFI_DROP,
7.6792,4,STA,WIFI_DROP,
7.6792,9,STA,WIFI_DROP,
7.6816,4,STA,WIFI_DROP,
7.6816,9,STA,WIFI_DROP,
7.684,4,STA,WIFI_DROP,
7.684,9,STA,WIFI_DROP,
7.6864,4,STA,WIFI_DROP,
7.6864,9,STA,WIFI_DROP,
7.6888,4,STA,WIFI_DROP,
7.6888,9,STA,WIFI_DROP,
7.6912,4,STA,WIFI_DROP,
7.6912,9,STA,WIFI_DROP,
7.6936,4,STA,WIFI_DROP,
7.6936,9,STA,WIFI_DROP,
7.696,4,STA,WIFI_DROP,
7.696,9,STA,WIFI_DROP,
7.6984,4,STA,WIFI_DROP,
7.6984,9,STA,WIFI_DROP,
7.7008,4,STA,WIFI_DROP,
7.7008,9,STA,WIFI_DROP,
7.7032,4,STA,WIFI_DROP,
7.7032,9,STA,WIFI_DROP,
7.7056,4,STA,WIFI_DROP,
7.7056,9,STA,WIFI_DROP,
7.708,4,STA,WIFI_DROP,
7.708,9,STA,WIFI_DROP,
7.7104,4,STA,WIFI_DROP,
7.7104,9,STA,WIFI_DROP,
7.7128,4,STA,WIFI_DROP,
7.7128,9,STA,WIFI_DROP,
7.7152,4,STA,WIFI_DROP,
7.7152,9,STA,WIFI_DROP,
7.7176,4,STA,WIFI_DROP,
7.7176,9,STA,WIFI_DROP,
7.72,4,STA,WIFI_DROP,
7.72,9,STA,WIFI_DROP,
7.7224,4,STA,WIFI_DROP,
7.7224,9,STA,WIFI_DROP,
7.7248,4,STA,WIFI_DROP,
7.7248,9,STA,WIFI_DROP,
7.7272,4,STA,WIFI_DROP,
7.7272,9,STA,WIFI_DROP,
7.7296,4,STA,WIFI_DROP,
7.7296,9,STA,WIFI_DROP,
7.732,4,STA,WIFI_DROP,
7.732,9,STA,WIFI_DROP,
7.7344,4,STA,WIFI_DROP,
7.7344,9,STA,WIFI_DROP,
7.7368,4,STA,WIFI_DROP,
7.7368,9,STA,WIFI_DROP,
7.7392,4,STA,WIFI_DROP,
7.7392,9,STA,WIFI_DROP,
7.7416,4,STA,WIFI_DROP,
7.7416,9,STA,WIFI_DROP,
7.744,4,STA,WIFI_DROP,
7.744,9,STA,WIFI_DROP,
7.7464,4,STA,WIFI_DROP,
7.7464,9,STA,WIFI_DROP,
7.7488,4,STA,WIFI_DROP,
7.7488,9,STA,WIFI_DROP,
7.7512,4,STA,WIFI_DROP,
7.7512,9,STA,WIFI_DROP,
7.7536,4,STA,WIFI_DROP,
7.7536,9,STA,WIFI_DROP,
7.756,4,STA,WIFI_DROP,
7.756,9,STA,WIFI_DROP,
7.7584,4,STA,WIFI_DROP,
7.7584,9,STA,WIFI_DROP,
7.7608,4,STA,WIFI_DROP,
7.7608,9,STA,WIFI_DROP,
7.7632,4,STA,WIFI_DROP,
7.7632,9,STA,WIFI_DROP,
7.7656,4,STA,WIFI_DROP,
7.7656,9,STA,WIFI_DROP,
7.768,4,STA,WIFI_DROP,
7.768,9,STA,WIFI_DROP,
7.7704,4,STA,WIFI_DROP,
7.7704,9,STA,WIFI_DROP,
7.7728,4,STA,WIFI_DROP,
7.7728,9,STA,WIFI_DROP,
7.7752,4,STA,WIFI_DROP,
7.7752,9,STA,WIFI_DROP,
7.7776,4,STA,WIFI_DROP,
7.7776,9,STA,WIFI_DROP,
7.78,4,STA,WIFI_DROP,
7.78,9,STA,WIFI_DROP,
7.7824,4,STA,WIFI_DROP,
7.7824,9,STA,WIFI_DROP,
7.7848,4,STA,WIFI_DROP,
7.7848,9,STA,WIFI_DROP,
7.7872,4,STA,WIFI_DROP,
7.7872,9,STA,WIFI_DROP,
7.7896,4,STA,WIFI_DROP,
7.7896,9,STA,WIFI_DROP,
7.792,4,STA,WIFI_DROP,
7.792,9,STA,WIFI_DROP,
7.7944,4,STA,WIFI_DROP,
7.7944,9,STA,WIFI_DROP,
7.7968,4,STA,WIFI_DROP,
7.7968,9,STA,WIFI_DROP,
7.7992,4,STA,WIFI_DROP,
7.7992,9,STA,WIFI_DROP,
7.8016,4,STA,WIFI_DROP,
7.8016,9,STA,WIFI_DROP,
7.804,4,STA,WIFI_DROP,
7.804,9,STA,WIFI_DROP,
7.8064,4,STA,WIFI_DROP,
7.8064,9,STA,WIFI_DROP,
7.8088,4,STA,WIFI_DROP,
7.8088,9,STA,WIFI_DROP,
7.8112,4,STA,WIFI_DROP,
7.8112,9,STA,WIFI_DROP,
7.8136,4,STA,WIFI_DROP,
7.8136,9,STA,WIFI_DROP,
7.816,4,STA,WIFI_DROP,
7.816,9,STA,WIFI_DROP,
7.8184,4,STA,WIFI_DROP,
7.8184,9,STA,WIFI_DROP,
7.8208,4,STA,WIFI_DROP,
7.8208,9,STA,WIFI_DROP,
7.8232,4,STA,WIFI_DROP,
7.8232,9,STA,WIFI_DROP,
7.8256,4,STA,WIFI_DROP,
7.8256,9,STA,WIFI_DROP,
7.828,4,STA,WIFI_DROP,
7.828,9,STA,WIFI_DROP,
7.8304,4,STA,WIFI_DROP,
7.8304,9,STA,WIFI_DROP,
7.8328,4,STA,WIFI_DROP,
7.8328,9,STA,WIFI_DROP,
7.8352,4,STA,WIFI_DROP,
7.8352,9,STA,WIFI_DROP,
7.8376,4,STA,WIFI_DROP,
7.8376,9,STA,WIFI_DROP,
7.84,4,STA,WIFI_DROP,
7.84,9,STA,WIFI_DROP,
7.8424,4,STA,WIFI_DROP,
7.8424,9,STA,WIFI_DROP,
7.8448,4,STA,WIFI_DROP,
7.8448,9,STA,WIFI_DROP,
7.8472,4,STA,WIFI_DROP,
7.8472,9,STA,WIFI_DROP,
7.8496,4,STA,WIFI_DROP,
7.8496,9,STA,WIFI_DROP,
7.852,4,STA,WIFI_DROP,
7.852,9,STA,WIFI_DROP,
7.8544,4,STA,WIFI_DROP,
7.8544,9,STA,WIFI_DROP,
7.8568,4,STA,WIFI_DROP,
7.8568,9,STA,WIFI_DROP,
7.8592,4,STA,WIFI_DROP,
7.8592,9,STA,WIFI_DROP,
7.8616,4,STA,WIFI_DROP,
7.8616,9,STA,WIFI_DROP,
7.864,4,STA,WIFI_DROP,
7.864,9,STA,WIFI_DROP,
7.8664,4,STA,WIFI_DROP,
7.8664,9,STA,WIFI_DROP,
7.8688,4,STA,WIFI_DROP,
7.8688,9,STA,WIFI_DROP,
7.8712,4,STA,WIFI_DROP,
7.8712,9,STA,WIFI_DROP,
7.8736,4,STA,WIFI_DROP,
7.8736,9,STA,WIFI_DROP,
7.876,4,STA,WIFI_DROP,
7.876,9,STA,WIFI_DROP,
7.8784,4,STA,WIFI_DROP,
7.8784,9,STA,WIFI_DROP,
7.8808,4,STA,WIFI_DROP,
7.8808,9,STA,WIFI_DROP,
7.8832,4,STA,WIFI_DROP,
7.8832,9,STA,WIFI_DROP,
7.8856,4,STA,WIFI_DROP,
7.8856,9,STA,WIFI_DROP,
7.888,4,STA,WIFI_DROP,
7.888,9,STA,WIFI_DROP,
7.8904,4,STA,WIFI_DROP,
7.8904,9,STA,WIFI_DROP,
7.8928,4,STA,WIFI_DROP,
7.8928,9,STA,WIFI_DROP,
7.8952,4,STA,WIFI_DROP,
7.8952,9,STA,WIFI_DROP,
7.8976,4,STA,WIFI_DROP,
7.8976,9,STA,WIFI_DROP,
7.9,4,STA,WIFI_DROP,
7.9,9,STA,WIFI_DROP,
7.9024,4,STA,WIFI_DROP,
7.9024,9,STA,WIFI_DROP,
7.9048,4,STA,WIFI_DROP,
7.9048,9,STA,WIFI_DROP,
7.9072,4,STA,WIFI_DROP,
7.9072,9,STA,WIFI_DROP,
7.9096,4,STA,WIFI_DROP,
7.9096,9,STA,WIFI_DROP,
7.912,4,STA,WIFI_DROP,
7.912,9,STA,WIFI_DROP,
7.9144,4,STA,WIFI_DROP,
7.9144,9,STA,WIFI_DROP,
7.9168,4,STA,WIFI_DROP,
7.9168,9,STA,WIFI_DROP,
7.9192,4,STA,WIFI_DROP,
7.9192,9,STA,WIFI_DROP,
7.9216,4,STA,WIFI_DROP,
7.9216,9,STA,WIFI_DROP,
7.924,4,STA,WIFI_DROP,
7.924,9,STA,WIFI_DROP,
7.9264,4,STA,WIFI_DROP,
7.9264,9,STA,WIFI_DROP,
7.9288,4,STA,WIFI_DROP,
7.9288,9,STA,WIFI_DROP,
7.9312,4,STA,WIFI_DROP,
7.9312,9,STA,WIFI_DROP,
7.9336,4,STA,WIFI_DROP,
7.9336,9,STA,WIFI_DROP,
7.936,4,STA,WIFI_DROP,
7.936,9,STA,WIFI_DROP,
7.9384,4,STA,WIFI_DROP,
7.9384,9,STA,WIFI_DROP,
7.9408,4,STA,WIFI_DROP,
7.9408,9,STA,WIFI_DROP,
7.9432,4,STA,WIFI_DROP,
7.9432,9,STA,WIFI_DROP,
7.9456,4,STA,WIFI_DROP,
7.9456,9,STA,WIFI_DROP,
7.948,4,STA,WIFI_DROP,
7.948,9,STA,WIFI_DROP,
7.9504,4,STA,WIFI_DROP,
7.9504,9,STA,WIFI_DROP,
7.9528,4,STA,WIFI_DROP,
7.9528,9,STA,WIFI_DROP,
7.9552,4,STA,WIFI_DROP,
7.9552,9,STA,WIFI_DROP,
7.9576,4,STA,WIFI_DROP,
7.9576,9,STA,WIFI_DROP,
7.96,4,STA,WIFI_DROP,
7.96,9,STA,WIFI_DROP,
7.9624,4,STA,WIFI_DROP,
7.9624,9,STA,WIFI_DROP,
7.9648,4,STA,WIFI_DROP,
7.9648,9,STA,WIFI_DROP,
7.9672,4,STA,WIFI_DROP,
7.9672,9,STA,WIFI_DROP,
7.9696,4,STA,WIFI_DROP,
7.9696,9,STA,WIFI_DROP,
7.972,4,STA,WIFI_DROP,
7.972,9,STA,WIFI_DROP,
7.9744,4,STA,WIFI_DROP,
7.9744,9,STA,WIFI_DROP,
7.9768,4,STA,WIFI_DROP,
7.9768,9,STA,WIFI_DROP,
7.9792,4,STA,WIFI_DROP,
7.9792,9,STA,WIFI_DROP,
7.9816,4,STA,WIFI_DROP,
7.9816,9,STA,WIFI_DROP,
7.984,4,STA,WIFI_DROP,
7.984,9,STA,WIFI_DROP,
7.9864,4,STA,WIFI_DROP,
7.9864,9,STA,WIFI_DROP,
7.9888,4,STA,WIFI_DROP,
7.9888,9,STA,WIFI_DROP,
7.9912,4,STA,WIFI_DROP,
7.9912,9,STA,WIFI_DROP,
7.9936,4,STA,WIFI_DROP,
7.9936,9,STA,WIFI_DROP,
7.996,4,STA,WIFI_DROP,
7.996,9,STA,WIFI_DROP,
7.9984,4,STA,WIFI_DROP,
7.9984,9,STA,WIFI_DROP,
8,3,STA,THROUGHPUT_MBPS,1.836000
8,8,STA,THROUGHPUT_MBPS,1.356000
8,9,STA,THROUGHPUT_MBPS,0.492000
8,10,STA,THROUGHPUT_MBPS,0.396000
8,11,STA,THROUGHPUT_MBPS,0.996000
8,12,STA,THROUGHPUT_MBPS,1.584000
8,14,STA,THROUGHPUT_MBPS,1.164000
8,1,AP,AGGREGATE_THROUGHPUT_MBPS,7.824000
8,1,AP,SENT_COUNT,8340.000000
8,1,AP,RECV_COUNT,652.000000
8,1,AP,LATENCY_P95_MS,526.221857
8.0008,4,STA,WIFI_DROP,
8.0008,9,STA,WIFI_DROP,
8.0032,4,STA,WIFI_DROP,
8.0032,9,STA,WIFI_DROP,
8.0056,4,STA,WIFI_DROP,
8.0056,9,STA,WIFI_DROP,
8.008,4,STA,WIFI_DROP,
8.008,9,STA,WIFI_DROP,
8.0104,4,STA,WIFI_DROP,
8.0104,9,STA,WIFI_DROP,
8.0128,4,STA,WIFI_DROP,
8.0128,9,STA,WIFI_DROP,
8.0152,4,STA,WIFI_DROP,
8.0152,9,STA,WIFI_DROP,
8.0176,4,STA,WIFI_DROP,
8.0176,9,STA,WIFI_DROP,
8.02,4,STA,WIFI_DROP,
8.02,9,STA,WIFI_DROP,
8.0224,4,STA,WIFI_DROP,
8.0224,9,STA,WIFI_DROP,
8.0248,4,STA,WIFI_DROP,
8.0248,9,STA,WIFI_DROP,
8.0272,4,STA,WIFI_DROP,
8.0272,9,STA,WIFI_DROP,
8.0296,4,STA,WIFI_DROP,
8.0296,9,STA,WIFI_DROP,
8.032,4,STA,WIFI_DROP,
8.032,9,STA,WIFI_DROP,
8.0344,4,STA,WIFI_DROP,
8.0344,9,STA,WIFI_DROP,
8.0368,4,STA,WIFI_DROP,
8.0368,9,STA,WIFI_DROP,
8.0392,4,STA,WIFI_DROP,
8.0392,9,STA,WIFI_DROP,
8.0416,4,STA,WIFI_DROP,
8.0416,9,STA,WIFI_DROP,
8.044,4,STA,WIFI_DROP,
8.044,9,STA,WIFI_DROP,
8.0464,4,STA,WIFI_DROP,
8.0464,9,STA,WIFI_DROP,
8.0488,4,STA,WIFI_DROP,
8.0488,9,STA,WIFI_DROP,
8.0512,4,STA,WIFI_DROP,
8.0512,9,STA,WIFI_DROP,
8.0536,4,STA,WIFI_DROP,
8.0536,9,STA,WIFI_DROP,
8.056,4,STA,WIFI_DROP,
8.056,9,STA,WIFI_DROP,
8.0584,4,STA,WIFI_DROP,
8.0584,9,STA,WIFI_DROP,
8.0608,4,STA,WIFI_DROP,
8.0608,9,STA,WIFI_DROP,
8.0632,4,STA,WIFI_DROP,
8.0632,9,STA,WIFI_DROP,
8.0656,4,STA,WIFI_DROP,
8.0656,9,STA,WIFI_DROP,
8.068,4,STA,WIFI_DROP,
8.068,9,STA,WIFI_DROP,
8.0704,4,STA,WIFI_DROP,
8.0704,9,STA,WIFI_DROP,
8.0728,4,STA,WIFI_DROP,
8.0728,9,STA,WIFI_DROP,
8.0752,4,STA,WIFI_DROP,
8.0752,9,STA,WIFI_DROP,
8.0776,4,STA,WIFI_DROP,
8.0776,9,STA,WIFI_DROP,
8.08,4,STA,WIFI_DROP,
8.08,9,STA,WIFI_DROP,
8.0824,4,STA,WIFI_DROP,
8.0824,9,STA,WIFI_DROP,
8.0848,4,STA,WIFI_DROP,
8.0848,9,STA,WIFI_DROP,
8.0872,4,STA,WIFI_DROP,
8.0872,9,STA,WIFI_DROP,
8.0896,4,STA,WIFI_DROP,
8.0896,9,STA,WIFI_DROP,
8.092,4,STA,WIFI_DROP,
8.092,9,STA,WIFI_DROP,
8.0944,4,STA,WIFI_DROP,
8.0944,9,STA,WIFI_DROP,
8.0968,4,STA,WIFI_DROP,
8.0968,9,STA,WIFI_DROP,
8.0992,4,STA,WIFI_DROP,
8.0992,9,STA,WIFI_DROP,
8.1016,4,STA,WIFI_DROP,
8.1016,9,STA,WIFI_DROP,
8.104,4,STA,WIFI_DROP,
8.104,9,STA,WIFI_DROP,
8.1064,4,STA,WIFI_DROP,
8.1064,9,STA,WIFI_DROP,
8.1088,4,STA,WIFI_DROP,
8.1088,9,STA,WIFI_DROP,
8.1112,4,STA,WIFI_DROP,
8.1112,9,STA,WIFI_DROP,
8.1136,4,STA,WIFI_DROP,
8.1136,9,STA,WIFI_DROP,
8.116,4,STA,WIFI_DROP,
8.116,9,STA,WIFI_DROP,
8.1184,4,STA,WIFI_DROP,
8.1184,9,STA,WIFI_DROP,
8.1208,4,STA,WIFI_DROP,
8.1208,9,STA,WIFI_DROP,
8.1232,4,STA,WIFI_DROP,
8.1232,9,STA,WIFI_DROP,
8.1256,4,STA,WIFI_DROP,
8.1256,9,STA,WIFI_DROP,
8.128,4,STA,WIFI_DROP,
8.128,9,STA,WIFI_DROP,
8.1304,4,STA,WIFI_DROP,
8.1304,9,STA,WIFI_DROP,
8.1328,4,STA,WIFI_DROP,
8.1328,9,STA,WIFI_DROP,
8.1352,4,STA,WIFI_DROP,
8.1352,9,STA,WIFI_DROP,
8.1376,4,STA,WIFI_DROP,
8.1376,9,STA,WIFI_DROP,
8.14,4,STA,WIFI_DROP,
8.14,9,STA,WIFI_DROP,
8.1424,4,STA,WIFI_DROP,
8.1424,9,STA,WIFI_DROP,
8.1448,4,STA,WIFI_DROP,
8.1448,9,STA,WIFI_DROP,
8.1472,4,STA,WIFI_DROP,
8.1472,9,STA,WIFI_DROP,
8.1496,4,STA,WIFI_DROP,
8.1496,9,STA,WIFI_DROP,
8.152,4,STA,WIFI_DROP,
8.152,9,STA,WIFI_DROP,
8.1544,4,STA,WIFI_DROP,
8.1544,9,STA,WIFI_DROP,
8.1568,4,STA,WIFI_DROP,
8.1568,9,STA,WIFI_DROP,
8.1592,4,STA,WIFI_DROP,
8.1592,9,STA,WIFI_DROP,
8.1616,4,STA,WIFI_DROP,
8.1616,9,STA,WIFI_DROP,
8.164,4,STA,WIFI_DROP,
8.164,9,STA,WIFI_DROP,
8.1664,4,STA,WIFI_DROP,
8.1664,9,STA,WIFI_DROP,
8.1688,4,STA,WIFI_DROP,
8.1688,9,STA,WIFI_DROP,
8.1712,4,STA,WIFI_DROP,
8.1712,9,STA,WIFI_DROP,
8.1736,4,STA,WIFI_DROP,
8.1736,9,STA,WIFI_DROP,
8.176,4,STA,WIFI_DROP,
8.176,9,STA,WIFI_DROP,
8.1784,4,STA,WIFI_DROP,
8.1784,9,STA,WIFI_DROP,
8.1808,4,STA,WIFI_DROP,
8.1808,9,STA,WIFI_DROP,
8.1832,4,STA,WIFI_DROP,
8.1832,9,STA,WIFI_DROP,
8.1856,4,STA,WIFI_DROP,
8.1856,9,STA,WIFI_DROP,
8.188,4,STA,WIFI_DROP,
8.188,9,STA,WIFI_DROP,
8.1904,4,STA,WIFI_DROP,
8.1904,9,STA,WIFI_DROP,
8.1928,4,STA,WIFI_DROP,
8.1928,9,STA,WIFI_DROP,
8.1952,4,STA,WIFI_DROP,
8.1952,9,STA,WIFI_DROP,
8.1976,4,STA,WIFI_DROP,
8.1976,9,STA,WIFI_DROP,
8.2,4,STA,WIFI_DROP,
8.2,9,STA,WIFI_DROP,
8.2024,4,STA,WIFI_DROP,
8.2024,9,STA,WIFI_DROP,
8.2048,4,STA,WIFI_DROP,
8.2048,9,STA,WIFI_DROP,
8.2072,4,STA,WIFI_DROP,
8.2072,9,STA,WIFI_DROP,
8.2096,4,STA,WIFI_DROP,
8.2096,9,STA,WIFI_DROP,
8.212,4,STA,WIFI_DROP,
8.212,9,STA,WIFI_DROP,
8.2144,4,STA,WIFI_DROP,
8.2144,9,STA,WIFI_DROP,
8.2168,4,STA,WIFI_DROP,
8.2168,9,STA,WIFI_DROP,
8.2192,4,STA,WIFI_DROP,
8.2192,9,STA,WIFI_DROP,
8.2216,4,STA,WIFI_DROP,
8.2216,9,STA,WIFI_DROP,
8.224,4,STA,WIFI_DROP,
8.224,9,STA,WIFI_DROP,
8.2264,4,STA,WIFI_DROP,
8.2264,9,STA,WIFI_DROP,
8.2288,4,STA,WIFI_DROP,
8.2288,9,STA,WIFI_DROP,
8.2312,4,STA,WIFI_DROP,
8.2312,9,STA,WIFI_DROP,
8.2336,4,STA,WIFI_DROP,
8.2336,9,STA,WIFI_DROP,
8.236,4,STA,WIFI_DROP,
8.236,9,STA,WIFI_DROP,
8.2384,4,STA,WIFI_DROP,
8.2384,9,STA,WIFI_DROP,
8.2408,4,STA,WIFI_DROP,
8.2408,9,STA,WIFI_DROP,
8.2432,4,STA,WIFI_DROP,
8.2432,9,STA,WIFI_DROP,
8.2456,4,STA,WIFI_DROP,
8.2456,9,STA,WIFI_DROP,
8.248,4,STA,WIFI_DROP,
8.248,9,STA,WIFI_DROP,
8.2504,4,STA,WIFI_DROP,
8.2504,9,STA,WIFI_DROP,
8.2528,4,STA,WIFI_DROP,
8.2528,9,STA,WIFI_DROP,
8.2552,4,STA,WIFI_DROP,
8.2552,9,STA,WIFI_DROP,
8.2576,4,STA,WIFI_DROP,
8.2576,9,STA,WIFI_DROP,
8.26,4,STA,WIFI_DROP,
8.26,9,STA,WIFI_DROP,
8.2624,4,STA,WIFI_DROP,
8.2624,9,STA,WIFI_DROP,
8.2648,4,STA,WIFI_DROP,
8.2648,9,STA,WIFI_DROP,
8.2672,4,STA,WIFI_DROP,
8.2672,9,STA,WIFI_DROP,
8.2696,4,STA,WIFI_DROP,
8.2696,9,STA,WIFI_DROP,
8.272,4,STA,WIFI_DROP,
8.272,9,STA,WIFI_DROP,
8.2744,4,STA,WIFI_DROP,
8.2744,9,STA,WIFI_DROP,
8.2768,4,STA,WIFI_DROP,
8.2768,9,STA,WIFI_DROP,
8.2792,4,STA,WIFI_DROP,
8.2792,9,STA,WIFI_DROP,
8.2816,4,STA,WIFI_DROP,
8.2816,9,STA,WIFI_DROP,
8.284,4,STA,WIFI_DROP,
8.284,9,STA,WIFI_DROP,
8.2864,4,STA,WIFI_DROP,
8.2864,9,STA,WIFI_DROP,
8.2888,4,STA,WIFI_DROP,
8.2888,9,STA,WIFI_DROP,
8.2912,4,STA,WIFI_DROP,
8.2912,9,STA,WIFI_DROP,
8.2936,4,STA,WIFI_DROP,
8.2936,9,STA,WIFI_DROP,
8.296,4,STA,WIFI_DROP,
8.296,9,STA,WIFI_DROP,
8.2984,4,STA,WIFI_DROP,
8.2984,9,STA,WIFI_DROP,
8.3008,4,STA,WIFI_DROP,
8.3008,9,STA,WIFI_DROP,
8.3032,4,STA,WIFI_DROP,
8.3032,9,STA,WIFI_DROP,
8.3056,4,STA,WIFI_DROP,
8.3056,9,STA,WIFI_DROP,
8.308,4,STA,WIFI_DROP,
8.308,9,STA,WIFI_DROP,
8.3104,4,STA,WIFI_DROP,
8.3104,9,STA,WIFI_DROP,
8.3128,4,STA,WIFI_DROP,
8.3128,9,STA,WIFI_DROP,
8.3152,4,STA,WIFI_DROP,
8.3152,9,STA,WIFI_DROP,
8.3176,4,STA,WIFI_DROP,
8.3176,9,STA,WIFI_DROP,
8.32,4,STA,WIFI_DROP,
8.32,9,STA,WIFI_DROP,
8.3224,4,STA,WIFI_DROP,
8.3224,9,STA,WIFI_DROP,
8.3248,4,STA,WIFI_DROP,
8.3248,9,STA,WIFI_DROP,
8.3272,4,STA,WIFI_DROP,
8.3272,6,STA,WIFI_DROP,
8.3272,9,STA,WIFI_DROP,
8.3272,17,STA,WIFI_DROP,
8.3296,4,STA,WIFI_DROP,
8.3296,6,STA,WIFI_DROP,
8.3296,9,STA,WIFI_DROP,
8.3296,17,STA,WIFI_DROP,
8.332,4,STA,WIFI_DROP,
8.332,6,STA,WIFI_DROP,
8.332,9,STA,WIFI_DROP,
8.332,17,STA,WIFI_DROP,
8.3344,4,STA,WIFI_DROP,
8.3344,6,STA,WIFI_DROP,
8.3344,9,STA,WIFI_DROP,
8.3344,17,STA,WIFI_DROP,
8.3368,4,STA,WIFI_DROP,
8.3368,6,STA,WIFI_DROP,
8.3368,9,STA,WIFI_DROP,
8.3368,17,STA,WIFI_DROP,
8.3392,4,STA,WIFI_DROP,
8.3392,6,STA,WIFI_DROP,
8.3392,9,STA,WIFI_DROP,
8.3392,17,STA,WIFI_DROP,
8.3416,4,STA,WIFI_DROP,
8.3416,6,STA,WIFI_DROP,
8.3416,9,STA,WIFI_DROP,
8.3416,17,STA,WIFI_DROP,
8.344,4,STA,WIFI_DROP,
8.344,6,STA,WIFI_DROP,
8.344,9,STA,WIFI_DROP,
8.344,17,STA,WIFI_DROP,
8.3464,4,STA,WIFI_DROP,
8.3464,6,STA,WIFI_DROP,
8.3464,9,STA,WIFI_DROP,
8.3464,17,STA,WIFI_DROP,
8.3488,4,STA,WIFI_DROP,
8.3488,6,STA,WIFI_DROP,
8.3488,9,STA,WIFI_DROP,
8.3488,17,STA,WIFI_DROP,
8.3512,4,STA,WIFI_DROP,
8.3512,6,STA,WIFI_DROP,
8.3512,9,STA,WIFI_DROP,
8.3512,17,STA,WIFI_DROP,
8.3536,4,STA,WIFI_DROP,
8.3536,6,STA,WIFI_DROP,
8.3536,9,STA,WIFI_DROP,
8.3536,17,STA,WIFI_DROP,
8.356,4,STA,WIFI_DROP,
8.356,6,STA,WIFI_DROP,
8.356,9,STA,WIFI_DROP,
8.356,17,STA,WIFI_DROP,
8.3584,4,STA,WIFI_DROP,
8.3584,6,STA,WIFI_DROP,
8.3584,9,STA,WIFI_DROP,
8.3584,17,STA,WIFI_DROP,
8.3608,4,STA,WIFI_DROP,
8.3608,6,STA,WIFI_DROP,
8.3608,9,STA,WIFI_DROP,
8.3608,17,STA,WIFI_DROP,
8.3632,4,STA,WIFI_DROP,
8.3632,6,STA,WIFI_DROP,
8.3632,9,STA,WIFI_DROP,
8.3632,17,STA,WIFI_DROP,
8.3656,4,STA,WIFI_DROP,
8.3656,6,STA,WIFI_DROP,
8.3656,9,STA,WIFI_DROP,
8.3656,17,STA,WIFI_DROP,
8.368,4,STA,WIFI_DROP,
8.368,6,STA,WIFI_DROP,
8.368,9,STA,WIFI_DROP,
8.368,17,STA,WIFI_DROP,
8.3704,4,STA,WIFI_DROP,
8.3704,6,STA,WIFI_DROP,
8.3704,9,STA,WIFI_DROP,
8.3704,17,STA,WIFI_DROP,
8.3728,4,STA,WIFI_DROP,
8.3728,6,STA,WIFI_DROP,
8.3728,9,STA,WIFI_DROP,
8.3728,17,STA,WIFI_DROP,
8.3752,4,STA,WIFI_DROP,
8.3752,6,STA,WIFI_DROP,
8.3752,9,STA,WIFI_DROP,
8.3752,17,STA,WIFI_DROP,
8.3776,4,STA,WIFI_DROP,
8.3776,6,STA,WIFI_DROP,
8.3776,9,STA,WIFI_DROP,
8.3776,17,STA,WIFI_DROP,
8.38,4,STA,WIFI_DROP,
8.38,6,STA,WIFI_DROP,
8.38,9,STA,WIFI_DROP,
8.3824,4,STA,WIFI_DROP,
8.3824,6,STA,WIFI_DROP,
8.3824,9,STA,WIFI_DROP,
8.3848,4,STA,WIFI_DROP,
8.3848,6,STA,WIFI_DROP,
8.3848,9,STA,WIFI_DROP,
8.3872,4,STA,WIFI_DROP,
8.3872,6,STA,WIFI_DROP,
8.3872,9,STA,WIFI_DROP,
8.3896,4,STA,WIFI_DROP,
8.3896,6,STA,WIFI_DROP,
8.3896,9,STA,WIFI_DROP,
8.392,4,STA,WIFI_DROP,
8.392,6,STA,WIFI_DROP,
8.392,9,STA,WIFI_DROP,
8.3944,4,STA,WIFI_DROP,
8.3944,6,STA,WIFI_DROP,
8.3944,9,STA,WIFI_DROP,
8.3968,4,STA,WIFI_DROP,
8.3968,6,STA,WIFI_DROP,
8.3968,9,STA,WIFI_DROP,
8.3992,4,STA,WIFI_DROP,
8.3992,6,STA,WIFI_DROP,
8.3992,9,STA,WIFI_DROP,
8.4016,4,STA,WIFI_DROP,
8.4016,6,STA,WIFI_DROP,
8.4016,9,STA,WIFI_DROP,
8.404,4,STA,WIFI_DROP,
8.404,6,STA,WIFI_DROP,
8.404,9,STA,WIFI_DROP,
8.4064,4,STA,WIFI_DROP,
8.4064,6,STA,WIFI_DROP,
8.4064,9,STA,WIFI_DROP,
8.4088,4,STA,WIFI_DROP,
8.4088,6,STA,WIFI_DROP,
8.4088,9,STA,WIFI_DROP,
8.4112,4,STA,WIFI_DROP,
8.4112,6,STA,WIFI_DROP,
8.4112,9,STA,WIFI_DROP,
8.4136,4,STA,WIFI_DROP,
8.4136,6,STA,WIFI_DROP,
8.4136,9,STA,WIFI_DROP,
8.416,4,STA,WIFI_DROP,
8.416,6,STA,WIFI_DROP,
8.416,9,STA,WIFI_DROP,
8.4184,4,STA,WIFI_DROP,
8.4184,6,STA,WIFI_DROP,
8.4184,9,STA,WIFI_DROP,
8.4208,4,STA,WIFI_DROP,
8.4208,6,STA,WIFI_DROP,
8.4208,9,STA,WIFI_DROP,
8.4232,4,STA,WIFI_DROP,
8.4232,6,STA,WIFI_DROP,
8.4232,9,STA,WIFI_DROP,
8.4256,4,STA,WIFI_DROP,
8.4256,6,STA,WIFI_DROP,
8.4256,9,STA,WIFI_DROP,
8.428,4,STA,WIFI_DROP,
8.428,6,STA,WIFI_DROP,
8.428,9,STA,WIFI_DROP,
8.4304,4,STA,WIFI_DROP,
8.4304,6,STA,WIFI_DROP,
8.4304,9,STA,WIFI_DROP,
8.4304,18,STA,WIFI_DROP,
8.4328,4,STA,WIFI_DROP,
8.4328,6,STA,WIFI_DROP,
8.4328,9,STA,WIFI_DROP,
8.4328,18,STA,WIFI_DROP,
8.4352,4,STA,WIFI_DROP,
8.4352,6,STA,WIFI_DROP,
8.4352,9,STA,WIFI_DROP,
8.4352,18,STA,WIFI_DROP,
8.4376,4,STA,WIFI_DROP,
8.4376,6,STA,WIFI_DROP,
8.4376,9,STA,WIFI_DROP,
8.4376,18,STA,WIFI_DROP,
8.44,4,STA,WIFI_DROP,
8.44,6,STA,WIFI_DROP,
8.44,9,STA,WIFI_DROP,
8.44,18,STA,WIFI_DROP,
8.4424,4,STA,WIFI_DROP,
8.4424,6,STA,WIFI_DROP,
8.4424,9,STA,WIFI_DROP,
8.4424,18,STA,WIFI_DROP,
8.4448,4,STA,WIFI_DROP,
8.4448,6,STA,WIFI_DROP,
8.4448,9,STA,WIFI_DROP,
8.4448,18,STA,WIFI_DROP,
8.4472,4,STA,WIFI_DROP,
8.4472,6,STA,WIFI_DROP,
8.4472,9,STA,WIFI_DROP,
8.4472,18,STA,WIFI_DROP,
8.4496,4,STA,WIFI_DROP,
8.4496,6,STA,WIFI_DROP,
8.4496,9,STA,WIFI_DROP,
8.4496,18,STA,WIFI_DROP,
8.452,4,STA,WIFI_DROP,
8.452,6,STA,WIFI_DROP,
8.452,9,STA,WIFI_DROP,
8.452,18,STA,WIFI_DROP,
8.4544,4,STA,WIFI_DROP,
8.4544,6,STA,WIFI_DROP,
8.4544,9,STA,WIFI_DROP,
8.4544,18,STA,WIFI_DROP,
8.4568,4,STA,WIFI_DROP,
8.4568,6,STA,WIFI_DROP,
8.4568,9,STA,WIFI_DROP,
8.4568,18,STA,WIFI_DROP,
8.4592,4,STA,WIFI_DROP,
8.4592,6,STA,WIFI_DROP,
8.4592,9,STA,WIFI_DROP,
8.4592,18,STA,WIFI_DROP,
8.4616,4,STA,WIFI_DROP,
8.4616,6,STA,WIFI_DROP,
8.4616,9,STA,WIFI_DROP,
8.4616,18,STA,WIFI_DROP,
8.464,4,STA,WIFI_DROP,
8.464,6,STA,WIFI_DROP,
8.464,9,STA,WIFI_DROP,
8.464,18,STA,WIFI_DROP,
8.4664,4,STA,WIFI_DROP,
8.4664,6,STA,WIFI_DROP,
8.4664,9,STA,WIFI_DROP,
8.4664,18,STA,WIFI_DROP,
8.4688,4,STA,WIFI_DROP,
8.4688,6,STA,WIFI_DROP,
8.4688,9,STA,WIFI_DROP,
8.4688,18,STA,WIFI_DROP,
8.4712,4,STA,WIFI_DROP,
8.4712,6,STA,WIFI_DROP,
8.4712,9,STA,WIFI_DROP,
8.4712,18,STA,WIFI_DROP,
8.4736,4,STA,WIFI_DROP,
8.4736,6,STA,WIFI_DROP,
8.4736,9,STA,WIFI_DROP,
8.4736,18,STA,WIFI_DROP,
8.476,4,STA,WIFI_DROP,
8.476,6,STA,WIFI_DROP,
8.476,9,STA,WIFI_DROP,
8.476,18,STA,WIFI_DROP,
8.4784,4,STA,WIFI_DROP,
8.4784,6,STA,WIFI_DROP,
8.4784,9,STA,WIFI_DROP,
8.4784,18,STA,WIFI_DROP,
8.4808,4,STA,WIFI_DROP,
8.4808,9,STA,WIFI_DROP,
8.4808,18,STA,WIFI_DROP,
8.4832,4,STA,WIFI_DROP,
8.4832,9,STA,WIFI_DROP,
8.4832,18,STA,WIFI_DROP,
8.4856,4,STA,WIFI_DROP,
8.4856,9,STA,WIFI_DROP,
8.4856,18,STA,WIFI_DROP,
8.488,4,STA,WIFI_DROP,
8.488,9,STA,WIFI_DROP,
8.488,18,STA,WIFI_DROP,
8.4904,4,STA,WIFI_DROP,
8.4904,9,STA,WIFI_DROP,
8.4904,18,STA,WIFI_DROP,
8.4928,4,STA,WIFI_DROP,
8.4928,9,STA,WIFI_DROP,
8.4928,18,STA,WIFI_DROP,
8.4952,4,STA,WIFI_DROP,
8.4952,9,STA,WIFI_DROP,
8.4952,18,STA,WIFI_DROP,
8.4976,4,STA,WIFI_DROP,
8.4976,9,STA,WIFI_DROP,
8.4976,18,STA,WIFI_DROP,
8.5,4,STA,WIFI_DROP,
8.5,9,STA,WIFI_DROP,
8.5,18,STA,WIFI_DROP,
8.5024,4,STA,WIFI_DROP,
8.5024,9,STA,WIFI_DROP,
8.5024,18,STA,WIFI_DROP,
8.5048,4,STA,WIFI_DROP,
8.5048,9,STA,WIFI_DROP,
8.5048,18,STA,WIFI_DROP,
8.5072,4,STA,WIFI_DROP,
8.5072,9,STA,WIFI_DROP,
8.5072,18,STA,WIFI_DROP,
8.5096,4,STA,WIFI_DROP,
8.5096,9,STA,WIFI_DROP,
8.5096,18,STA,WIFI_DROP,
8.512,4,STA,WIFI_DROP,
8.512,9,STA,WIFI_DROP,
8.512,18,STA,WIFI_DROP,
8.5144,4,STA,WIFI_DROP,
8.5144,9,STA,WIFI_DROP,
8.5144,18,STA,WIFI_DROP,
8.5168,4,STA,WIFI_DROP,
8.5168,9,STA,WIFI_DROP,
8.5168,18,STA,WIFI_DROP,
8.5192,4,STA,WIFI_DROP,
8.5192,9,STA,WIFI_DROP,
8.5192,18,STA,WIFI_DROP,
8.5216,4,STA,WIFI_DROP,
8.5216,9,STA,WIFI_DROP,
8.5216,18,STA,WIFI_DROP,
8.524,4,STA,WIFI_DROP,
8.524,9,STA,WIFI_DROP,
8.524,18,STA,WIFI_DROP,
8.5264,4,STA,WIFI_DROP,
8.5264,9,STA,WIFI_DROP,
8.5264,18,STA,WIFI_DROP,
8.5288,4,STA,WIFI_DROP,
8.5288,9,STA,WIFI_DROP,
8.5288,18,STA,WIFI_DROP,
8.5312,4,STA,WIFI_DROP,
8.5312,9,STA,WIFI_DROP,
8.5312,18,STA,WIFI_DROP,
8.5336,4,STA,WIFI_DROP,
8.5336,9,STA,WIFI_DROP,
8.5336,18,STA,WIFI_DROP,
8.536,4,STA,WIFI_DROP,
8.536,9,STA,WIFI_DROP,
8.536,18,STA,WIFI_DROP,
8.5384,4,STA,WIFI_DROP,
8.5384,9,STA,WIFI_DROP,
8.5384,18,STA,WIFI_DROP,
8.5408,4,STA,WIFI_DROP,
8.5408,9,STA,WIFI_DROP,
8.5408,18,STA,WIFI_DROP,
8.5432,4,STA,WIFI_DROP,
8.5432,9,STA,WIFI_DROP,
8.5432,18,STA,WIFI_DROP,
8.5456,4,STA,WIFI_DROP,
8.5456,9,STA,WIFI_DROP,
8.5456,18,STA,WIFI_DROP,
8.548,4,STA,WIFI_DROP,
8.548,9,STA,WIFI_DROP,
8.548,18,STA,WIFI_DROP,
8.5504,4,STA,WIFI_DROP,
8.5504,9,STA,WIFI_DROP,
8.5504,18,STA,WIFI_DROP,
8.5528,4,STA,WIFI_DROP,
8.5528,9,STA,WIFI_DROP,
8.5528,18,STA,WIFI_DROP,
8.5552,4,STA,WIFI_DROP,
8.5552,9,STA,WIFI_DROP,
8.5552,18,STA,WIFI_DROP,
8.5576,4,STA,WIFI_DROP,
8.5576,9,STA,WIFI_DROP,
8.5576,18,STA,WIFI_DROP,
8.56,4,STA,WIFI_DROP,
8.56,9,STA,WIFI_DROP,
8.56,18,STA,WIFI_DROP,
8.5624,4,STA,WIFI_DROP,
8.5624,9,STA,WIFI_DROP,
8.5624,18,STA,WIFI_DROP,
8.5648,4,STA,WIFI_DROP,
8.5648,9,STA,WIFI_DROP,
8.5648,18,STA,WIFI_DROP,
8.5672,4,STA,WIFI_DROP,
8.5672,9,STA,WIFI_DROP,
8.5672,18,STA,WIFI_DROP,
8.5696,4,STA,WIFI_DROP,
8.5696,9,STA,WIFI_DROP,
8.5696,18,STA,WIFI_DROP,
8.572,4,STA,WIFI_DROP,
8.572,9,STA,WIFI_DROP,
8.572,18,STA,WIFI_DROP,
8.5744,4,STA,WIFI_DROP,
8.5744,9,STA,WIFI_DROP,
8.5744,18,STA,WIFI_DROP,
8.5768,4,STA,WIFI_DROP,
8.5768,9,STA,WIFI_DROP,
8.5768,18,STA,WIFI_DROP,
8.5792,4,STA,WIFI_DROP,
8.5792,9,STA,WIFI_DROP,
8.5792,18,STA,WIFI_DROP,
8.5816,4,STA,WIFI_DROP,
8.5816,9,STA,WIFI_DROP,
8.5816,18,STA,WIFI_DROP,
8.584,4,STA,WIFI_DROP,
8.584,9,STA,WIFI_DROP,
8.584,18,STA,WIFI_DROP,
8.5864,4,STA,WIFI_DROP,
8.5864,9,STA,WIFI_DROP,
8.5864,18,STA,WIFI_DROP,
8.5888,4,STA,WIFI_DROP,
8.5888,9,STA,WIFI_DROP,
8.5888,18,STA,WIFI_DROP,
8.5912,4,STA,WIFI_DROP,
8.5912,9,STA,WIFI_DROP,
8.5912,18,STA,WIFI_DROP,
8.5936,4,STA,WIFI_DROP,
8.5936,9,STA,WIFI_DROP,
8.5936,18,STA,WIFI_DROP,
8.596,4,STA,WIFI_DROP,
8.596,9,STA,WIFI_DROP,
8.596,18,STA,WIFI_DROP,
8.5984,4,STA,WIFI_DROP,
8.5984,9,STA,WIFI_DROP,
8.5984,18,STA,WIFI_DROP,
8.6008,4,STA,WIFI_DROP,
8.6008,9,STA,WIFI_DROP,
8.6008,18,STA,WIFI_DROP,
8.6032,4,STA,WIFI_DROP,
8.6032,9,STA,WIFI_DROP,
8.6032,18,STA,WIFI_DROP,
8.6056,4,STA,WIFI_DROP,
8.6056,9,STA,WIFI_DROP,
8.6056,18,STA,WIFI_DROP,
8.608,4,STA,WIFI_DROP,
8.608,9,STA,WIFI_DROP,
8.608,18,STA,WIFI_DROP,
8.6104,4,STA,WIFI_DROP,
8.6104,9,STA,WIFI_DROP,
8.6104,18,STA,WIFI_DROP,
8.6128,4,STA,WIFI_DROP,
8.6128,9,STA,WIFI_DROP,
8.6128,18,STA,WIFI_DROP,
8.6152,4,STA,WIFI_DROP,
8.6152,9,STA,WIFI_DROP,
8.6152,18,STA,WIFI_DROP,
8.6176,4,STA,WIFI_DROP,
8.6176,9,STA,WIFI_DROP,
8.6176,18,STA,WIFI_DROP,
8.62,4,STA,WIFI_DROP,
8.62,9,STA,WIFI_DROP,
8.62,18,STA,WIFI_DROP,
8.6224,4,STA,WIFI_DROP,
8.6224,9,STA,WIFI_DROP,
8.6224,18,STA,WIFI_DROP,
8.6248,4,STA,WIFI_DROP,
8.6248,9,STA,WIFI_DROP,
8.6248,18,STA,WIFI_DROP,
8.6272,4,STA,WIFI_DROP,
8.6272,9,STA,WIFI_DROP,
8.6272,18,STA,WIFI_DROP,
8.6296,4,STA,WIFI_DROP,
8.6296,9,STA,WIFI_DROP,
8.6296,18,STA,WIFI_DROP,
8.632,4,STA,WIFI_DROP,
8.632,9,STA,WIFI_DROP,
8.632,18,STA,WIFI_DROP,
8.6344,4,STA,WIFI_DROP,
8.6344,9,STA,WIFI_DROP,
8.6344,18,STA,WIFI_DROP,
8.6368,4,STA,WIFI_DROP,
8.6368,9,STA,WIFI_DROP,
8.6368,18,STA,WIFI_DROP,
8.6392,4,STA,WIFI_DROP,
8.6392,9,STA,WIFI_DROP,
8.6392,18,STA,WIFI_DROP,
8.6416,4,STA,WIFI_DROP,
8.6416,9,STA,WIFI_DROP,
8.6416,18,STA,WIFI_DROP,
8.644,4,STA,WIFI_DROP,
8.644,9,STA,WIFI_DROP,
8.644,18,STA,WIFI_DROP,
8.6464,4,STA,WIFI_DROP,
8.6464,9,STA,WIFI_DROP,
8.6464,18,STA,WIFI_DROP,
8.6488,4,STA,WIFI_DROP,
8.6488,9,STA,WIFI_DROP,
8.6488,18,STA,WIFI_DROP,
8.6512,4,STA,WIFI_DROP,
8.6512,9,STA,WIFI_DROP,
8.6512,18,STA,WIFI_DROP,
8.6536,4,STA,WIFI_DROP,
8.6536,9,STA,WIFI_DROP,
8.6536,18,STA,WIFI_DROP,
8.656,4,STA,WIFI_DROP,
8.656,9,STA,WIFI_DROP,
8.656,18,STA,WIFI_DROP,
8.6584,4,STA,WIFI_DROP,
8.6584,9,STA,WIFI_DROP,
8.6584,18,STA,WIFI_DROP,
8.6608,4,STA,WIFI_DROP,
8.6608,9,STA,WIFI_DROP,
8.6608,18,STA,WIFI_DROP,
8.6632,4,STA,WIFI_DROP,
8.6632,18,STA,WIFI_DROP,
8.6656,4,STA,WIFI_DROP,
8.6656,18,STA,WIFI_DROP,
8.668,4,STA,WIFI_DROP,
8.668,18,STA,WIFI_DROP,
8.6704,4,STA,WIFI_DROP,
8.6704,18,STA,WIFI_DROP,
8.6728,4,STA,WIFI_DROP,
8.6728,18,STA,WIFI_DROP,
8.6752,4,STA,WIFI_DROP,
8.6752,18,STA,WIFI_DROP,
8.6776,4,STA,WIFI_DROP,
8.6776,10,STA,WIFI_DROP,
8.6776,18,STA,WIFI_DROP,
8.68,4,STA,WIFI_DROP,
8.68,10,STA,WIFI_DROP,
8.68,18,STA,WIFI_DROP,
8.6824,4,STA,WIFI_DROP,
8.6824,9,STA,WIFI_DROP,
8.6824,10,STA,WIFI_DROP,
8.6824,18,STA,WIFI_DROP,
8.6848,4,STA,WIFI_DROP,
8.6848,9,STA,WIFI_DROP,
8.6848,10,STA,WIFI_DROP,
8.6848,18,STA,WIFI_DROP,
8.6872,4,STA,WIFI_DROP,
8.6872,9,STA,WIFI_DROP,
8.6872,10,STA,WIFI_DROP,
8.6896,4,STA,WIFI_DROP,
8.6896,9,STA,WIFI_DROP,
8.6896,10,STA,WIFI_DROP,
8.692,4,STA,WIFI_DROP,
8.692,9,STA,WIFI_DROP,
8.692,10,STA,WIFI_DROP,
8.6944,4,STA,WIFI_DROP,
8.6944,9,STA,WIFI_DROP,
8.6944,10,STA,WIFI_DROP,
8.6968,4,STA,WIFI_DROP,
8.6968,9,STA,WIFI_DROP,
8.6968,10,STA,WIFI_DROP,
8.6992,4,STA,WIFI_DROP,
8.6992,9,STA,WIFI_DROP,
8.6992,10,STA,WIFI_DROP,
8.7016,4,STA,WIFI_DROP,
8.7016,9,STA,WIFI_DROP,
8.7016,10,STA,WIFI_DROP,
8.704,4,STA,WIFI_DROP,
8.704,9,STA,WIFI_DROP,
8.704,10,STA,WIFI_DROP,
8.7064,4,STA,WIFI_DROP,
8.7064,9,STA,WIFI_DROP,
8.7064,10,STA,WIFI_DROP,
8.7088,4,STA,WIFI_DROP,
8.7088,9,STA,WIFI_DROP,
8.7088,10,STA,WIFI_DROP,
8.7112,4,STA,WIFI_DROP,
8.7112,9,STA,WIFI_DROP,
8.7112,10,STA,WIFI_DROP,
8.7136,4,STA,WIFI_DROP,
8.7136,9,STA,WIFI_DROP,
8.7136,10,STA,WIFI_DROP,
8.716,4,STA,WIFI_DROP,
8.716,9,STA,WIFI_DROP,
8.716,10,STA,WIFI_DROP,
8.7184,4,STA,WIFI_DROP,
8.7184,9,STA,WIFI_DROP,
8.7184,10,STA,WIFI_DROP,
8.7208,4,STA,WIFI_DROP,
8.7208,9,STA,WIFI_DROP,
8.7208,10,STA,WIFI_DROP,
8.7232,4,STA,WIFI_DROP,
8.7232,9,STA,WIFI_DROP,
8.7232,10,STA,WIFI_DROP,
8.7256,4,STA,WIFI_DROP,
8.7256,9,STA,WIFI_DROP,
8.7256,10,STA,WIFI_DROP,
8.728,4,STA,WIFI_DROP,
8.728,9,STA,WIFI_DROP,
8.728,10,STA,WIFI_DROP,
8.7304,4,STA,WIFI_DROP,
8.7304,9,STA,WIFI_DROP,
8.7304,10,STA,WIFI_DROP,
8.7328,4,STA,WIFI_DROP,
8.7328,9,STA,WIFI_DROP,
8.7328,10,STA,WIFI_DROP,
8.7352,4,STA,WIFI_DROP,
8.7352,9,STA,WIFI_DROP,
8.7352,10,STA,WIFI_DROP,
8.7376,4,STA,WIFI_DROP,
8.7376,9,STA,WIFI_DROP,
8.7376,10,STA,WIFI_DROP,
8.74,4,STA,WIFI_DROP,
8.74,9,STA,WIFI_DROP,
8.74,10,STA,WIFI_DROP,
8.7424,4,STA,WIFI_DROP,
8.7424,9,STA,WIFI_DROP,
8.7424,10,STA,WIFI_DROP,
8.7448,4,STA,WIFI_DROP,
8.7448,9,STA,WIFI_DROP,
8.7448,10,STA,WIFI_DROP,
8.7472,4,STA,WIFI_DROP,
8.7472,9,STA,WIFI_DROP,
8.7472,10,STA,WIFI_DROP,
8.7496,4,STA,WIFI_DROP,
8.7496,9,STA,WIFI_DROP,
8.7496,10,STA,WIFI_DROP,
8.752,4,STA,WIFI_DROP,
8.752,9,STA,WIFI_DROP,
8.752,10,STA,WIFI_DROP,
8.7544,4,STA,WIFI_DROP,
8.7544,9,STA,WIFI_DROP,
8.7544,10,STA,WIFI_DROP,
8.7568,4,STA,WIFI_DROP,
8.7568,9,STA,WIFI_DROP,
8.7568,10,STA,WIFI_DROP,
8.7592,4,STA,WIFI_DROP,
8.7592,9,STA,WIFI_DROP,
8.7592,10,STA,WIFI_DROP,
8.7616,4,STA,WIFI_DROP,
8.7616,9,STA,WIFI_DROP,
8.7616,10,STA,WIFI_DROP,
8.764,4,STA,WIFI_DROP,
8.764,9,STA,WIFI_DROP,
8.764,10,STA,WIFI_DROP,
8.7664,4,STA,WIFI_DROP,
8.7664,9,STA,WIFI_DROP,
8.7664,10,STA,WIFI_DROP,
8.7688,4,STA,WIFI_DROP,
8.7688,9,STA,WIFI_DROP,
8.7688,10,STA,WIFI_DROP,
8.7712,4,STA,WIFI_DROP,
8.7712,9,STA,WIFI_DROP,
8.7712,10,STA,WIFI_DROP,
8.7736,4,STA,WIFI_DROP,
8.7736,9,STA,WIFI_DROP,
8.7736,10,STA,WIFI_DROP,
8.776,4,STA,WIFI_DROP,
8.776,9,STA,WIFI_DROP,
8.776,10,STA,WIFI_DROP,
8.7784,4,STA,WIFI_DROP,
8.7784,9,STA,WIFI_DROP,
8.7784,10,STA,WIFI_DROP,
8.7808,4,STA,WIFI_DROP,
8.7808,9,STA,WIFI_DROP,
8.7808,10,STA,WIFI_DROP,
8.7832,4,STA,WIFI_DROP,
8.7832,9,STA,WIFI_DROP,
8.7832,10,STA,WIFI_DROP,
8.7856,4,STA,WIFI_DROP,
8.7856,9,STA,WIFI_DROP,
8.7856,10,STA,WIFI_DROP,
8.788,4,STA,WIFI_DROP,
8.788,9,STA,WIFI_DROP,
8.788,10,STA,WIFI_DROP,
8.7904,4,STA,WIFI_DROP,
8.7904,9,STA,WIFI_DROP,
8.7904,10,STA,WIFI_DROP,
8.7928,4,STA,WIFI_DROP,
8.7928,9,STA,WIFI_DROP,
8.7928,10,STA,WIFI_DROP,
8.7952,4,STA,WIFI_DROP,
8.7952,9,STA,WIFI_DROP,
8.7952,10,STA,WIFI_DROP,
8.7976,4,STA,WIFI_DROP,
8.7976,9,STA,WIFI_DROP,
8.7976,10,STA,WIFI_DROP,
8.8,4,STA,WIFI_DROP,
8.8,9,STA,WIFI_DROP,
8.8,10,STA,WIFI_DROP,
8.8024,4,STA,WIFI_DROP,
8.8024,9,STA,WIFI_DROP,
8.8024,10,STA,WIFI_DROP,
8.8048,4,STA,WIFI_DROP,
8.8048,9,STA,WIFI_DROP,
8.8048,10,STA,WIFI_DROP,
8.8072,4,STA,WIFI_DROP,
8.8072,9,STA,WIFI_DROP,
8.8072,10,STA,WIFI_DROP,
8.8096,4,STA,WIFI_DROP,
8.8096,9,STA,WIFI_DROP,
8.8096,10,STA,WIFI_DROP,
8.812,4,STA,WIFI_DROP,
8.812,9,STA,WIFI_DROP,
8.812,10,STA,WIFI_DROP,
8.8144,4,STA,WIFI_DROP,
8.8144,9,STA,WIFI_DROP,
8.8144,10,STA,WIFI_DROP,
8.8168,4,STA,WIFI_DROP,
8.8168,9,STA,WIFI_DROP,
8.8168,10,STA,WIFI_DROP,
8.8192,4,STA,WIFI_DROP,
8.8192,9,STA,WIFI_DROP,
8.8192,10,STA,WIFI_DROP,
8.8216,4,STA,WIFI_DROP,
8.8216,9,STA,WIFI_DROP,
8.8216,10,STA,WIFI_DROP,
8.824,4,STA,WIFI_DROP,
8.824,9,STA,WIFI_DROP,
8.824,10,STA,WIFI_DROP,
8.8264,4,STA,WIFI_DROP,
8.8264,9,STA,WIFI_DROP,
8.8264,10,STA,WIFI_DROP,
8.8288,4,STA,WIFI_DROP,
8.8288,9,STA,WIFI_DROP,
8.8288,10,STA,WIFI_DROP,
8.8312,4,STA,WIFI_DROP,
8.8312,9,STA,WIFI_DROP,
8.8312,10,STA,WIFI_DROP,
8.8336,4,STA,WIFI_DROP,
8.8336,9,STA,WIFI_DROP,
8.8336,10,STA,WIFI_DROP,
8.836,4,STA,WIFI_DROP,
8.836,9,STA,WIFI_DROP,
8.836,10,STA,WIFI_DROP,
8.8384,4,STA,WIFI_DROP,
8.8384,9,STA,WIFI_DROP,
8.8384,10,STA,WIFI_DROP,
8.8408,4,STA,WIFI_DROP,
8.8408,9,STA,WIFI_DROP,
8.8408,10,STA,WIFI_DROP,
8.8432,4,STA,WIFI_DROP,
8.8432,9,STA,WIFI_DROP,
8.8432,10,STA,WIFI_DROP,
8.8456,4,STA,WIFI_DROP,
8.8456,9,STA,WIFI_DROP,
8.8456,10,STA,WIFI_DROP,
8.848,4,STA,WIFI_DROP,
8.848,9,STA,WIFI_DROP,
8.848,10,STA,WIFI_DROP,
8.8504,4,STA,WIFI_DROP,
8.8504,9,STA,WIFI_DROP,
8.8504,10,STA,WIFI_DROP,
8.8528,4,STA,WIFI_DROP,
8.8528,9,STA,WIFI_DROP,
8.8528,10,STA,WIFI_DROP,
8.8552,4,STA,WIFI_DROP,
8.8552,9,STA,WIFI_DROP,
8.8552,10,STA,WIFI_DROP,
8.8576,4,STA,WIFI_DROP,
8.8576,9,STA,WIFI_DROP,
8.8576,10,STA,WIFI_DROP,
8.86,4,STA,WIFI_DROP,
8.86,9,STA,WIFI_DROP,
8.86,10,STA,WIFI_DROP,
8.8624,4,STA,WIFI_DROP,
8.8624,9,STA,WIFI_DROP,
8.8624,10,STA,WIFI_DROP,
8.8648,4,STA,WIFI_DROP,
8.8648,9,STA,WIFI_DROP,
8.8648,10,STA,WIFI_DROP,
8.8672,4,STA,WIFI_DROP,
8.8672,9,STA,WIFI_DROP,
8.8672,10,STA,WIFI_DROP,
8.8696,4,STA,WIFI_DROP,
8.8696,9,STA,WIFI_DROP,
8.8696,10,STA,WIFI_DROP,
8.872,4,STA,WIFI_DROP,
8.872,9,STA,WIFI_DROP,
8.872,10,STA,WIFI_DROP,
8.8744,4,STA,WIFI_DROP,
8.8744,9,STA,WIFI_DROP,
8.8744,10,STA,WIFI_DROP,
8.8768,4,STA,WIFI_DROP,
8.8768,9,STA,WIFI_DROP,
8.8768,10,STA,WIFI_DROP,
8.8792,4,STA,WIFI_DROP,
8.8792,9,STA,WIFI_DROP,
8.8792,10,STA,WIFI_DROP,
8.8816,4,STA,WIFI_DROP,
8.8816,9,STA,WIFI_DROP,
8.8816,10,STA,WIFI_DROP,
8.884,4,STA,WIFI_DROP,
8.884,9,STA,WIFI_DROP,
8.884,10,STA,WIFI_DROP,
8.8864,9,STA,WIFI_DROP,
8.8864,10,STA,WIFI_DROP,
8.8888,9,STA,WIFI_DROP,
8.8888,10,STA,WIFI_DROP,
8.8912,9,STA,WIFI_DROP,
8.8912,10,STA,WIFI_DROP,
8.8936,9,STA,WIFI_DROP,
8.8936,10,STA,WIFI_DROP,
8.896,9,STA,WIFI_DROP,
8.896,10,STA,WIFI_DROP,
8.8984,9,STA,WIFI_DROP,
8.8984,10,STA,WIFI_DROP,
8.9008,9,STA,WIFI_DROP,
8.9008,10,STA,WIFI_DROP,
8.9032,9,STA,WIFI_DROP,
8.9032,10,STA,WIFI_DROP,
8.9056,9,STA,WIFI_DROP,
8.9056,10,STA,WIFI_DROP,
8.908,9,STA,WIFI_DROP,
8.908,10,STA,WIFI_DROP,
8.9104,9,STA,WIFI_DROP,
8.9104,10,STA,WIFI_DROP,
8.9128,9,STA,WIFI_DROP,
8.9128,10,STA,WIFI_DROP,
8.9152,9,STA,WIFI_DROP,
8.9152,10,STA,WIFI_DROP,
8.9176,9,STA,WIFI_DROP,
8.9176,10,STA,WIFI_DROP,
8.92,9,STA,WIFI_DROP,
8.92,10,STA,WIFI_DROP,
8.9224,9,STA,WIFI_DROP,
8.9224,10,STA,WIFI_DROP,
8.9248,9,STA,WIFI_DROP,
8.9248,10,STA,WIFI_DROP,
8.9272,9,STA,WIFI_DROP,
8.9296,9,STA,WIFI_DROP,
8.932,9,STA,WIFI_DROP,
8.9344,9,STA,WIFI_DROP,
8.9368,9,STA,WIFI_DROP,
8.9392,9,STA,WIFI_DROP,
8.9416,9,STA,WIFI_DROP,
8.944,9,STA,WIFI_DROP,
8.9464,9,STA,WIFI_DROP,
8.9488,9,STA,WIFI_DROP,
8.9512,9,STA,WIFI_DROP,
8.9536,9,STA,WIFI_DROP,
8.956,9,STA,WIFI_DROP,
8.9584,9,STA,WIFI_DROP,
8.9608,9,STA,WIFI_DROP,
8.9632,9,STA,WIFI_DROP,
8.9656,9,STA,WIFI_DROP,
8.968,9,STA,WIFI_DROP,
8.9704,9,STA,WIFI_DROP,
8.9728,9,STA,WIFI_DROP,
8.9752,9,STA,WIFI_DROP,
8.9776,9,STA,WIFI_DROP,
8.98,9,STA,WIFI_DROP,
8.9824,9,STA,WIFI_DROP,
8.9848,9,STA,WIFI_DROP,
8.9872,9,STA,WIFI_DROP,
8.9896,9,STA,WIFI_DROP,
8.992,9,STA,WIFI_DROP,
8.9944,9,STA,WIFI_DROP,
8.9968,9,STA,WIFI_DROP,
8.9992,9,STA,WIFI_DROP,
9,3,STA,THROUGHPUT_MBPS,1.140000
9,8,STA,THROUGHPUT_MBPS,0.396000
9,10,STA,THROUGHPUT_MBPS,1.092000
9,11,STA,THROUGHPUT_MBPS,1.044000
9,12,STA,THROUGHPUT_MBPS,0.372000
9,14,STA,THROUGHPUT_MBPS,0.960000
9,1,AP,AGGREGATE_THROUGHPUT_MBPS,5.004000
9,1,AP,SENT_COUNT,8340.000000
9,1,AP,RECV_COUNT,417.000000
9,1,AP,LATENCY_P95_MS,592.827922
9.0016,9,STA,WIFI_DROP,
9.004,9,STA,WIFI_DROP,
9.0064,9,STA,WIFI_DROP,
9.0088,9,STA,WIFI_DROP,
9.0112,9,STA,WIFI_DROP,
9.0136,9,STA,WIFI_DROP,
9.016,9,STA,WIFI_DROP,
9.0184,9,STA,WIFI_DROP,
9.0208,9,STA,WIFI_DROP,
9.0232,9,STA,WIFI_DROP,
9.0256,9,STA,WIFI_DROP,
9.028,9,STA,WIFI_DROP,
9.0304,9,STA,WIFI_DROP,
9.0328,9,STA,WIFI_DROP,
9.0352,9,STA,WIFI_DROP,
9.0376,9,STA,WIFI_DROP,
9.04,9,STA,WIFI_DROP,
9.0424,9,STA,WIFI_DROP,
9.0448,9,STA,WIFI_DROP,
9.0472,9,STA,WIFI_DROP,
9.0496,9,STA,WIFI_DROP,
9.052,9,STA,WIFI_DROP,
9.0544,9,STA,WIFI_DROP,
9.0568,9,STA,WIFI_DROP,
9.0592,9,STA,WIFI_DROP,
9.0616,9,STA,WIFI_DROP,
9.064,9,STA,WIFI_DROP,
9.0664,9,STA,WIFI_DROP,
9.0688,9,STA,WIFI_DROP,
9.0712,9,STA,WIFI_DROP,
9.0736,9,STA,WIFI_DROP,
9.076,9,STA,WIFI_DROP,
9.0784,9,STA,WIFI_DROP,
9.0808,9,STA,WIFI_DROP,
9.0832,9,STA,WIFI_DROP,
9.0856,9,STA,WIFI_DROP,
9.088,9,STA,WIFI_DROP,
9.0904,9,STA,WIFI_DROP,
9.0928,9,STA,WIFI_DROP,
9.0952,9,STA,WIFI_DROP,
9.0976,9,STA,WIFI_DROP,
9.1,9,STA,WIFI_DROP,
9.1024,9,STA,WIFI_DROP,
9.1048,9,STA,WIFI_DROP,
9.1072,9,STA,WIFI_DROP,
9.1096,9,STA,WIFI_DROP,
9.112,9,STA,WIFI_DROP,
9.1144,9,STA,WIFI_DROP,
9.1168,9,STA,WIFI_DROP,
9.1192,9,STA,WIFI_DROP,
9.1216,9,STA,WIFI_DROP,
9.124,9,STA,WIFI_DROP,
9.1264,9,STA,WIFI_DROP,
9.1288,9,STA,WIFI_DROP,
9.1312,9,STA,WIFI_DROP,
9.1336,9,STA,WIFI_DROP,
9.136,9,STA,WIFI_DROP,
9.1384,9,STA,WIFI_DROP,
9.1408,9,STA,WIFI_DROP,
9.1432,9,STA,WIFI_DROP,
9.1456,9,STA,WIFI_DROP,
9.148,9,STA,WIFI_DROP,
9.1504,9,STA,WIFI_DROP,
9.1528,9,STA,WIFI_DROP,
9.1552,9,STA,WIFI_DROP,
9.1576,9,STA,WIFI_DROP,
9.16,9,STA,WIFI_DROP,
9.1624,9,STA,WIFI_DROP,
9.1648,9,STA,WIFI_DROP,
9.1672,9,STA,WIFI_DROP,
9.1696,9,STA,WIFI_DROP,
9.172,9,STA,WIFI_DROP,
9.1744,9,STA,WIFI_DROP,
9.1768,9,STA,WIFI_DROP,
9.1792,9,STA,WIFI_DROP,
9.1816,9,STA,WIFI_DROP,
9.184,9,STA,WIFI_DROP,
9.1864,9,STA,WIFI_DROP,
9.1888,9,STA,WIFI_DROP,
9.1912,9,STA,WIFI_DROP,
9.1936,9,STA,WIFI_DROP,
9.196,9,STA,WIFI_DROP,
9.1984,9,STA,WIFI_DROP,
9.2008,9,STA,WIFI_DROP,
9.2032,9,STA,WIFI_DROP,
9.2056,9,STA,WIFI_DROP,
9.208,9,STA,WIFI_DROP,
9.2104,9,STA,WIFI_DROP,
9.2128,9,STA,WIFI_DROP,
9.2152,9,STA,WIFI_DROP,
9.2176,9,STA,WIFI_DROP,
9.22,9,STA,WIFI_DROP,
9.2224,9,STA,WIFI_DROP,
9.2248,9,STA,WIFI_DROP,
9.2272,9,STA,WIFI_DROP,
9.2296,9,STA,WIFI_DROP,
9.232,9,STA,WIFI_DROP,
9.2344,9,STA,WIFI_DROP,
9.2368,9,STA,WIFI_DROP,
9.2392,9,STA,WIFI_DROP,
9.2416,9,STA,WIFI_DROP,
9.244,9,STA,WIFI_DROP,
9.2464,9,STA,WIFI_DROP,
9.2488,9,STA,WIFI_DROP,
9.2512,9,STA,WIFI_DROP,
9.2536,9,STA,WIFI_DROP,
9.256,9,STA,WIFI_DROP,
9.2584,9,STA,WIFI_DROP,
9.2608,9,STA,WIFI_DROP,
9.2632,9,STA,WIFI_DROP,
9.2656,9,STA,WIFI_DROP,
9.268,9,STA,WIFI_DROP,
9.2704,9,STA,WIFI_DROP,
9.2728,9,STA,WIFI_DROP,
9.2752,9,STA,WIFI_DROP,
9.2776,9,STA,WIFI_DROP,
9.28,9,STA,WIFI_DROP,
9.2824,9,STA,WIFI_DROP,
9.2848,9,STA,WIFI_DROP,
9.2872,9,STA,WIFI_DROP,
9.2896,9,STA,WIFI_DROP,
9.4552,12,STA,WIFI_DROP,
9.4552,14,STA,WIFI_DROP,
9.4552,19,STA,WIFI_DROP,
9.4576,12,STA,WIFI_DROP,
9.4576,14,STA,WIFI_DROP,
9.4576,19,STA,WIFI_DROP,
9.46,12,STA,WIFI_DROP,
9.46,14,STA,WIFI_DROP,
9.46,19,STA,WIFI_DROP,
9.4624,12,STA,WIFI_DROP,
9.4624,14,STA,WIFI_DROP,
9.4624,19,STA,WIFI_DROP,
9.4648,12,STA,WIFI_DROP,
9.4648,14,STA,WIFI_DROP,
9.4648,19,STA,WIFI_DROP,
9.4672,12,STA,WIFI_DROP,
9.4672,14,STA,WIFI_DROP,
9.4672,19,STA,WIFI_DROP,
9.4696,12,STA,WIFI_DROP,
9.4696,14,STA,WIFI_DROP,
9.4696,19,STA,WIFI_DROP,
9.472,12,STA,WIFI_DROP,
9.472,14,STA,WIFI_DROP,
9.472,19,STA,WIFI_DROP,
9.4744,12,STA,WIFI_DROP,
9.4744,14,STA,WIFI_DROP,
9.4744,19,STA,WIFI_DROP,
9.4768,12,STA,WIFI_DROP,
9.4768,14,STA,WIFI_DROP,
9.4768,19,STA,WIFI_DROP,
9.4792,12,STA,WIFI_DROP,
9.4792,14,STA,WIFI_DROP,
9.4792,19,STA,WIFI_DROP,
9.4816,12,STA,WIFI_DROP,
9.4816,14,STA,WIFI_DROP,
9.4816,19,STA,WIFI_DROP,
9.484,12,STA,WIFI_DROP,
9.484,14,STA,WIFI_DROP,
9.484,19,STA,WIFI_DROP,
9.4864,12,STA,WIFI_DROP,
9.4864,14,STA,WIFI_DROP,
9.4864,19,STA,WIFI_DROP,
9.4888,12,STA,WIFI_DROP,
9.4888,14,STA,WIFI_DROP,
9.4888,19,STA,WIFI_DROP,
9.4912,12,STA,WIFI_DROP,
9.4912,14,STA,WIFI_DROP,
9.4912,19,STA,WIFI_DROP,
9.4936,12,STA,WIFI_DROP,
9.4936,14,STA,WIFI_DROP,
9.4936,19,STA,WIFI_DROP,
9.496,12,STA,WIFI_DROP,
9.496,14,STA,WIFI_DROP,
9.496,19,STA,WIFI_DROP,
9.4984,12,STA,WIFI_DROP,
9.4984,14,STA,WIFI_DROP,
9.4984,19,STA,WIFI_DROP,
9.5008,12,STA,WIFI_DROP,
9.5008,14,STA,WIFI_DROP,
9.5008,19,STA,WIFI_DROP,
9.5032,12,STA,WIFI_DROP,
9.5032,14,STA,WIFI_DROP,
9.5032,19,STA,WIFI_DROP,
9.5056,12,STA,WIFI_DROP,
9.5056,14,STA,WIFI_DROP,
9.5056,19,STA,WIFI_DROP,
9.508,12,STA,WIFI_DROP,
9.508,14,STA,WIFI_DROP,
9.508,19,STA,WIFI_DROP,
9.5104,12,STA,WIFI_DROP,
9.5104,14,STA,WIFI_DROP,
9.5104,19,STA,WIFI_DROP,
9.5128,12,STA,WIFI_DROP,
9.5128,14,STA,WIFI_DROP,
9.5152,12,STA,WIFI_DROP,
9.5152,14,STA,WIFI_DROP,
9.5176,12,STA,WIFI_DROP,
9.5176,14,STA,WIFI_DROP,
9.52,12,STA,WIFI_DROP,
9.52,14,STA,WIFI_DROP,
9.5224,12,STA,WIFI_DROP,
9.5224,14,STA,WIFI_DROP,
9.5248,12,STA,WIFI_DROP,
9.5248,14,STA,WIFI_DROP,
9.5272,12,STA,WIFI_DROP,
9.5272,14,STA,WIFI_DROP,
9.5296,12,STA,WIFI_DROP,
9.5296,14,STA,WIFI_DROP,
9.532,12,STA,WIFI_DROP,
9.532,14,STA,WIFI_DROP,
9.5344,12,STA,WIFI_DROP,
9.5344,14,STA,WIFI_DROP,
9.5368,12,STA,WIFI_DROP,
9.5368,14,STA,WIFI_DROP,
9.5392,12,STA,WIFI_DROP,
9.5392,14,STA,WIFI_DROP,
9.5416,12,STA,WIFI_DROP,
9.5416,14,STA,WIFI_DROP,
9.544,12,STA,WIFI_DROP,
9.544,14,STA,WIFI_DROP,
9.5464,12,STA,WIFI_DROP,
9.5464,14,STA,WIFI_DROP,
9.5488,12,STA,WIFI_DROP,
9.5488,14,STA,WIFI_DROP,
9.5512,12,STA,WIFI_DROP,
9.5512,14,STA,WIFI_DROP,
9.5536,12,STA,WIFI_DROP,
9.5536,14,STA,WIFI_DROP,
9.556,12,STA,WIFI_DROP,
9.556,14,STA,WIFI_DROP,
9.5584,12,STA,WIFI_DROP,
9.5584,14,STA,WIFI_DROP,
9.5608,12,STA,WIFI_DROP,
9.5608,14,STA,WIFI_DROP,
9.5632,12,STA,WIFI_DROP,
9.5632,14,STA,WIFI_DROP,
9.5656,12,STA,WIFI_DROP,
9.5656,14,STA,WIFI_DROP,
9.568,12,STA,WIFI_DROP,
9.568,14,STA,WIFI_DROP,
9.5704,12,STA,WIFI_DROP,
9.5704,14,STA,WIFI_DROP,
9.5728,12,STA,WIFI_DROP,
9.5728,14,STA,WIFI_DROP,
9.5752,12,STA,WIFI_DROP,
9.5752,14,STA,WIFI_DROP,
9.5776,12,STA,WIFI_DROP,
9.5776,14,STA,WIFI_DROP,
9.58,12,STA,WIFI_DROP,
9.58,14,STA,WIFI_DROP,
9.5824,12,STA,WIFI_DROP,
9.5824,14,STA,WIFI_DROP,
9.5848,12,STA,WIFI_DROP,
9.5848,14,STA,WIFI_DROP,
9.5872,12,STA,WIFI_DROP,
9.5872,14,STA,WIFI_DROP,
9.5896,12,STA,WIFI_DROP,
9.5896,14,STA,WIFI_DROP,
9.592,12,STA,WIFI_DROP,
9.592,14,STA,WIFI_DROP,
9.5944,12,STA,WIFI_DROP,
9.5944,14,STA,WIFI_DROP,
9.5968,12,STA,WIFI_DROP,
9.5968,14,STA,WIFI_DROP,
9.5992,12,STA,WIFI_DROP,
9.5992,14,STA,WIFI_DROP,
9.6016,12,STA,WIFI_DROP,
9.6016,14,STA,WIFI_DROP,
9.604,12,STA,WIFI_DROP,
9.604,14,STA,WIFI_DROP,
9.6064,12,STA,WIFI_DROP,
9.6064,14,STA,WIFI_DROP,
9.6088,14,STA,WIFI_DROP,
9.6112,14,STA,WIFI_DROP,
9.6136,14,STA,WIFI_DROP,
9.616,14,STA,WIFI_DROP,
9.6184,14,STA,WIFI_DROP,
9.6208,14,STA,WIFI_DROP,
9.6232,14,STA,WIFI_DROP,
9.6256,14,STA,WIFI_DROP,
9.628,14,STA,WIFI_DROP,
9.6304,14,STA,WIFI_DROP,
9.6328,14,STA,WIFI_DROP,
9.6352,14,STA,WIFI_DROP,
9.6376,14,STA,WIFI_DROP,
9.64,14,STA,WIFI_DROP,
9.6424,14,STA,WIFI_DROP,
9.6448,14,STA,WIFI_DROP,
9.6472,14,STA,WIFI_DROP,
9.6496,14,STA,WIFI_DROP,
9.652,14,STA,WIFI_DROP,
9.6544,14,STA,WIFI_DROP,
9.6568,14,STA,WIFI_DROP,
9.6592,14,STA,WIFI_DROP,
9.6592,20,STA,WIFI_DROP,
9.6592,21,STA,WIFI_DROP,
9.6616,14,STA,WIFI_DROP,
9.6616,20,STA,WIFI_DROP,
9.6616,21,STA,WIFI_DROP,
9.664,14,STA,WIFI_DROP,
9.664,20,STA,WIFI_DROP,
9.664,21,STA,WIFI_DROP,
9.6664,14,STA,WIFI_DROP,
9.6664,20,STA,WIFI_DROP,
9.6664,21,STA,WIFI_DROP,
9.6688,14,STA,WIFI_DROP,
9.6688,20,STA,WIFI_DROP,
9.6688,21,STA,WIFI_DROP,
9.6712,14,STA,WIFI_DROP,
9.6712,20,STA,WIFI_DROP,
9.6712,21,STA,WIFI_DROP,
9.6736,14,STA,WIFI_DROP,
9.6736,20,STA,WIFI_DROP,
9.6736,21,STA,WIFI_DROP,
9.676,14,STA,WIFI_DROP,
9.676,20,STA,WIFI_DROP,
9.676,21,STA,WIFI_DROP,
9.6784,14,STA,WIFI_DROP,
9.6784,20,STA,WIFI_DROP,
9.6784,21,STA,WIFI_DROP,
9.6808,14,STA,WIFI_DROP,
9.6808,20,STA,WIFI_DROP,
9.6808,21,STA,WIFI_DROP,
9.6832,14,STA,WIFI_DROP,
9.6832,20,STA,WIFI_DROP,
9.6832,21,STA,WIFI_DROP,
9.6856,14,STA,WIFI_DROP,
9.6856,20,STA,WIFI_DROP,
9.6856,21,STA,WIFI_DROP,
9.688,14,STA,WIFI_DROP,
9.688,20,STA,WIFI_DROP,
9.688,21,STA,WIFI_DROP,
9.6904,14,STA,WIFI_DROP,
9.6904,20,STA,WIFI_DROP,
9.6904,21,STA,WIFI_DROP,
9.6928,14,STA,WIFI_DROP,
9.6928,20,STA,WIFI_DROP,
9.6928,21,STA,WIFI_DROP,
9.6952,14,STA,WIFI_DROP,
9.6952,20,STA,WIFI_DROP,
9.6952,21,STA,WIFI_DROP,
9.6976,14,STA,WIFI_DROP,
9.6976,20,STA,WIFI_DROP,
9.6976,21,STA,WIFI_DROP,
9.7,14,STA,WIFI_DROP,
9.7,20,STA,WIFI_DROP,
9.7,21,STA,WIFI_DROP,
9.7024,14,STA,WIFI_DROP,
9.7024,20,STA,WIFI_DROP,
9.7024,21,STA,WIFI_DROP,
9.7048,14,STA,WIFI_DROP,
9.7048,20,STA,WIFI_DROP,
9.7048,21,STA,WIFI_DROP,
9.7072,14,STA,WIFI_DROP,
9.7072,20,STA,WIFI_DROP,
9.7072,21,STA,WIFI_DROP,
9.7096,14,STA,WIFI_DROP,
9.7096,20,STA,WIFI_DROP,
9.7096,21,STA,WIFI_DROP,
9.712,14,STA,WIFI_DROP,
9.712,20,STA,WIFI_DROP,
9.712,21,STA,WIFI_DROP,
9.7144,14,STA,WIFI_DROP,
9.7144,20,STA,WIFI_DROP,
9.7144,21,STA,WIFI_DROP,
9.7168,14,STA,WIFI_DROP,
9.7168,20,STA,WIFI_DROP,
9.7168,21,STA,WIFI_DROP,
9.7192,14,STA,WIFI_DROP,
9.7192,20,STA,WIFI_DROP,
9.7192,21,STA,WIFI_DROP,
9.7216,14,STA,WIFI_DROP,
9.7216,20,STA,WIFI_DROP,
9.7216,21,STA,WIFI_DROP,
9.724,14,STA,WIFI_DROP,
9.724,20,STA,WIFI_DROP,
9.724,21,STA,WIFI_DROP,
9.7264,14,STA,WIFI_DROP,
9.7264,20,STA,WIFI_DROP,
9.7264,21,STA,WIFI_DROP,
9.7288,14,STA,WIFI_DROP,
9.7288,20,STA,WIFI_DROP,
9.7288,21,STA,WIFI_DROP,
9.7312,14,STA,WIFI_DROP,
9.7312,20,STA,WIFI_DROP,
9.7312,21,STA,WIFI_DROP,
9.7336,14,STA,WIFI_DROP,
9.7336,20,STA,WIFI_DROP,
9.7336,21,STA,WIFI_DROP,
9.736,14,STA,WIFI_DROP,
9.736,20,STA,WIFI_DROP,
9.736,21,STA,WIFI_DROP,
9.7384,14,STA,WIFI_DROP,
9.7384,20,STA,WIFI_DROP,
9.7384,21,STA,WIFI_DROP,
9.7408,14,STA,WIFI_DROP,
9.7408,20,STA,WIFI_DROP,
9.7408,21,STA,WIFI_DROP,
9.7432,14,STA,WIFI_DROP,
9.7432,20,STA,WIFI_DROP,
9.7432,21,STA,WIFI_DROP,
9.7456,14,STA,WIFI_DROP,
9.7456,20,STA,WIFI_DROP,
9.7456,21,STA,WIFI_DROP,
9.748,14,STA,WIFI_DROP,
9.748,20,STA,WIFI_DROP,
9.748,21,STA,WIFI_DROP,
9.7504,14,STA,WIFI_DROP,
9.7504,20,STA,WIFI_DROP,
9.7504,21,STA,WIFI_DROP,
9.7528,14,STA,WIFI_DROP,
9.7528,20,STA,WIFI_DROP,
9.7528,21,STA,WIFI_DROP,
9.7552,14,STA,WIFI_DROP,
9.7552,20,STA,WIFI_DROP,
9.7552,21,STA,WIFI_DROP,
9.7576,14,STA,WIFI_DROP,
9.7576,20,STA,WIFI_DROP,
9.7576,21,STA,WIFI_DROP,
9.76,14,STA,WIFI_DROP,
9.76,20,STA,WIFI_DROP,
9.76,21,STA,WIFI_DROP,
9.7624,14,STA,WIFI_DROP,
9.7624,20,STA,WIFI_DROP,
9.7624,21,STA,WIFI_DROP,
9.7648,14,STA,WIFI_DROP,
9.7648,20,STA,WIFI_DROP,
9.7648,21,STA,WIFI_DROP,
9.7672,14,STA,WIFI_DROP,
9.7672,20,STA,WIFI_DROP,
9.7672,21,STA,WIFI_DROP,
9.7696,14,STA,WIFI_DROP,
9.7696,20,STA,WIFI_DROP,
9.7696,21,STA,WIFI_DROP,
9.772,14,STA,WIFI_DROP,
9.772,20,STA,WIFI_DROP,
9.772,21,STA,WIFI_DROP,
9.7744,14,STA,WIFI_DROP,
9.7744,20,STA,WIFI_DROP,
9.7744,21,STA,WIFI_DROP,
9.7768,14,STA,WIFI_DROP,
9.7768,20,STA,WIFI_DROP,
9.7768,21,STA,WIFI_DROP,
9.7792,14,STA,WIFI_DROP,
9.7792,20,STA,WIFI_DROP,
9.7792,21,STA,WIFI_DROP,
9.7816,14,STA,WIFI_DROP,
9.7816,20,STA,WIFI_DROP,
9.7816,21,STA,WIFI_DROP,
9.784,14,STA,WIFI_DROP,
9.784,20,STA,WIFI_DROP,
9.784,21,STA,WIFI_DROP,
9.7864,14,STA,WIFI_DROP,
9.7864,20,STA,WIFI_DROP,
9.7864,21,STA,WIFI_DROP,
9.7888,14,STA,WIFI_DROP,
9.7888,20,STA,WIFI_DROP,
9.7888,21,STA,WIFI_DROP,
9.7912,14,STA,WIFI_DROP,
9.7912,20,STA,WIFI_DROP,
9.7912,21,STA,WIFI_DROP,
9.7936,14,STA,WIFI_DROP,
9.7936,20,STA,WIFI_DROP,
9.7936,21,STA,WIFI_DROP,
9.796,14,STA,WIFI_DROP,
9.796,20,STA,WIFI_DROP,
9.796,21,STA,WIFI_DROP,
9.7984,14,STA,WIFI_DROP,
9.7984,20,STA,WIFI_DROP,
9.7984,21,STA,WIFI_DROP,
9.8008,14,STA,WIFI_DROP,
9.8008,20,STA,WIFI_DROP,
9.8008,21,STA,WIFI_DROP,
9.8032,14,STA,WIFI_DROP,
9.8032,20,STA,WIFI_DROP,
9.8032,21,STA,WIFI_DROP,
9.8056,14,STA,WIFI_DROP,
9.8056,20,STA,WIFI_DROP,
9.8056,21,STA,WIFI_DROP,
9.808,14,STA,WIFI_DROP,
9.808,20,STA,WIFI_DROP,
9.808,21,STA,WIFI_DROP,
9.8104,14,STA,WIFI_DROP,
9.8104,21,STA,WIFI_DROP,
9.8128,14,STA,WIFI_DROP,
9.8128,21,STA,WIFI_DROP,
9.8152,14,STA,WIFI_DROP,
9.8152,21,STA,WIFI_DROP,
9.8176,14,STA,WIFI_DROP,
9.8176,21,STA,WIFI_DROP,
9.82,14,STA,WIFI_DROP,
9.82,21,STA,WIFI_DROP,
9.8224,14,STA,WIFI_DROP,
9.8224,21,STA,WIFI_DROP,
9.8248,14,STA,WIFI_DROP,
9.8248,21,STA,WIFI_DROP,
9.8272,14,STA,WIFI_DROP,
9.8272,21,STA,WIFI_DROP,
9.8296,14,STA,WIFI_DROP,
9.8296,21,STA,WIFI_DROP,
9.832,14,STA,WIFI_DROP,
9.832,21,STA,WIFI_DROP,
9.8344,14,STA,WIFI_DROP,
9.8344,21,STA,WIFI_DROP,
9.8368,14,STA,WIFI_DROP,
9.8368,21,STA,WIFI_DROP,
9.8392,14,STA,WIFI_DROP,
9.8392,21,STA,WIFI_DROP,
9.8416,14,STA,WIFI_DROP,
9.8416,21,STA,WIFI_DROP,
9.844,14,STA,WIFI_DROP,
9.844,21,STA,WIFI_DROP,
9.8464,14,STA,WIFI_DROP,
9.8464,21,STA,WIFI_DROP,
9.8488,14,STA,WIFI_DROP,
9.8488,21,STA,WIFI_DROP,
9.8512,14,STA,WIFI_DROP,
9.8512,21,STA,WIFI_DROP,
9.8536,14,STA,WIFI_DROP,
9.8536,21,STA,WIFI_DROP,
9.856,14,STA,WIFI_DROP,
9.856,21,STA,WIFI_DROP,
9.8584,14,STA,WIFI_DROP,
9.8584,21,STA,WIFI_DROP,
9.8608,14,STA,WIFI_DROP,
9.8608,21,STA,WIFI_DROP,
9.8632,8,STA,WIFI_DROP,
9.8632,14,STA,WIFI_DROP,
9.8632,21,STA,WIFI_DROP,
9.8656,8,STA,WIFI_DROP,
9.8656,14,STA,WIFI_DROP,
9.8656,21,STA,WIFI_DROP,
9.868,8,STA,WIFI_DROP,
9.868,14,STA,WIFI_DROP,
9.868,21,STA,WIFI_DROP,
9.8704,8,STA,WIFI_DROP,
9.8704,14,STA,WIFI_DROP,
9.8704,21,STA,WIFI_DROP,
9.8728,8,STA,WIFI_DROP,
9.8728,14,STA,WIFI_DROP,
9.8728,21,STA,WIFI_DROP,
9.8752,8,STA,WIFI_DROP,
9.8752,14,STA,WIFI_DROP,
9.8752,21,STA,WIFI_DROP,
9.8776,8,STA,WIFI_DROP,
9.8776,14,STA,WIFI_DROP,
9.8776,21,STA,WIFI_DROP,
9.88,8,STA,WIFI_DROP,
9.88,14,STA,WIFI_DROP,
9.88,21,STA,WIFI_DROP,
9.8824,8,STA,WIFI_DROP,
9.8824,14,STA,WIFI_DROP,
9.8824,21,STA,WIFI_DROP,
9.8848,8,STA,WIFI_DROP,
9.8848,14,STA,WIFI_DROP,
9.8848,21,STA,WIFI_DROP,
9.8872,8,STA,WIFI_DROP,
9.8872,14,STA,WIFI_DROP,
9.8872,21,STA,WIFI_DROP,
9.8896,8,STA,WIFI_DROP,
9.8896,14,STA,WIFI_DROP,
9.8896,21,STA,WIFI_DROP,
9.892,8,STA,WIFI_DROP,
9.892,14,STA,WIFI_DROP,
9.892,21,STA,WIFI_DROP,
9.8944,8,STA,WIFI_DROP,
9.8944,14,STA,WIFI_DROP,
9.8944,21,STA,WIFI_DROP,
9.8968,8,STA,WIFI_DROP,
9.8968,14,STA,WIFI_DROP,
9.8968,21,STA,WIFI_DROP,
9.8992,8,STA,WIFI_DROP,
9.8992,14,STA,WIFI_DROP,
9.8992,21,STA,WIFI_DROP,
9.9016,8,STA,WIFI_DROP,
9.9016,14,STA,WIFI_DROP,
9.9016,21,STA,WIFI_DROP,
9.904,8,STA,WIFI_DROP,
9.904,14,STA,WIFI_DROP,
9.904,21,STA,WIFI_DROP,
9.9064,8,STA,WIFI_DROP,
9.9064,14,STA,WIFI_DROP,
9.9064,21,STA,WIFI_DROP,
9.9088,8,STA,WIFI_DROP,
9.9088,14,STA,WIFI_DROP,
9.9088,21,STA,WIFI_DROP,
9.9112,8,STA,WIFI_DROP,
9.9112,14,STA,WIFI_DROP,
9.9112,21,STA,WIFI_DROP,
9.9136,8,STA,WIFI_DROP,
9.9136,14,STA,WIFI_DROP,
9.916,8,STA,WIFI_DROP,
9.916,14,STA,WIFI_DROP,
9.9184,8,STA,WIFI_DROP,
9.9184,14,STA,WIFI_DROP,
9.9208,8,STA,WIFI_DROP,
9.9208,14,STA,WIFI_DROP,
9.9232,8,STA,WIFI_DROP,
9.9232,14,STA,WIFI_DROP,
9.9256,8,STA,WIFI_DROP,
9.9256,14,STA,WIFI_DROP,
9.928,8,STA,WIFI_DROP,
9.928,14,STA,WIFI_DROP,
9.9304,8,STA,WIFI_DROP,
9.9304,14,STA,WIFI_DROP,
9.9328,8,STA,WIFI_DROP,
9.9328,14,STA,WIFI_DROP,
9.9352,8,STA,WIFI_DROP,
9.9352,14,STA,WIFI_DROP,
9.9376,8,STA,WIFI_DROP,
9.9376,14,STA,WIFI_DROP,
9.94,8,STA,WIFI_DROP,
9.94,14,STA,WIFI_DROP,
9.9424,8,STA,WIFI_DROP,
9.9424,14,STA,WIFI_DROP,
9.9448,8,STA,WIFI_DROP,
9.9448,14,STA,WIFI_DROP,
9.9472,8,STA,WIFI_DROP,
9.9472,14,STA,WIFI_DROP,
9.9496,8,STA,WIFI_DROP,
9.9496,14,STA,WIFI_DROP,
9.952,8,STA,WIFI_DROP,
9.952,14,STA,WIFI_DROP,
9.9544,8,STA,WIFI_DROP,
9.9544,14,STA,WIFI_DROP,
9.9568,8,STA,WIFI_DROP,
9.9568,14,STA,WIFI_DROP,
9.9592,8,STA,WIFI_DROP,
9.9592,14,STA,WIFI_DROP,
9.9616,8,STA,WIFI_DROP,
9.9616,14,STA,WIFI_DROP,
9.964,8,STA,WIFI_DROP,
9.964,14,STA,WIFI_DROP,
9.9664,6,STA,WIFI_DROP,
9.9664,8,STA,WIFI_DROP,
9.9664,14,STA,WIFI_DROP,
9.9688,6,STA,WIFI_DROP,
9.9688,8,STA,WIFI_DROP,
9.9688,14,STA,WIFI_DROP,
9.9712,6,STA,WIFI_DROP,
9.9712,8,STA,WIFI_DROP,
9.9712,14,STA,WIFI_DROP,
9.9736,6,STA,WIFI_DROP,
9.9736,8,STA,WIFI_DROP,
9.9736,14,STA,WIFI_DROP,
9.976,6,STA,WIFI_DROP,
9.976,8,STA,WIFI_DROP,
9.976,14,STA,WIFI_DROP,
9.9784,6,STA,WIFI_DROP,
9.9784,8,STA,WIFI_DROP,
9.9784,14,STA,WIFI_DROP,
9.9808,6,STA,WIFI_DROP,
9.9808,8,STA,WIFI_DROP,
9.9808,14,STA,WIFI_DROP,
9.9832,6,STA,WIFI_DROP,
9.9832,8,STA,WIFI_DROP,
9.9832,14,STA,WIFI_DROP,
9.9856,6,STA,WIFI_DROP,
9.9856,8,STA,WIFI_DROP,
9.9856,14,STA,WIFI_DROP,
9.988,6,STA,WIFI_DROP,
9.988,8,STA,WIFI_DROP,
9.988,14,STA,WIFI_DROP,
9.9904,6,STA,WIFI_DROP,
9.9904,8,STA,WIFI_DROP,
9.9904,14,STA,WIFI_DROP,
9.9928,6,STA,WIFI_DROP,
9.9928,8,STA,WIFI_DROP,
9.9928,14,STA,WIFI_DROP,
9.9952,6,STA,WIFI_DROP,
9.9952,8,STA,WIFI_DROP,
9.9952,14,STA,WIFI_DROP,
9.9976,6,STA,WIFI_DROP,
9.9976,8,STA,WIFI_DROP,
9.9976,14,STA,WIFI_DROP,
10,3,STA,THROUGHPUT_MBPS,1.260000
10,8,STA,THROUGHPUT_MBPS,0.840000
10,11,STA,THROUGHPUT_MBPS,2.028000
10,12,STA,THROUGHPUT_MBPS,0.336000
10,20,STA,THROUGHPUT_MBPS,0.396000
10,1,AP,AGGREGATE_THROUGHPUT_MBPS,4.860000
10,1,AP,SENT_COUNT,8320.000000
10,1,AP,RECV_COUNT,405.000000
10,1,AP,LATENCY_P95_MS,532.393651
10,6,STA,WIFI_DROP,
10,8,STA,WIFI_DROP,
10,14,STA,WIFI_DROP,
10.0024,6,STA,WIFI_DROP,
10.0024,8,STA,WIFI_DROP,
10.0024,14,STA,WIFI_DROP,
10.0048,6,STA,WIFI_DROP,
10.0048,8,STA,WIFI_DROP,
10.0048,14,STA,WIFI_DROP,
10.0072,6,STA,WIFI_DROP,
10.0072,8,STA,WIFI_DROP,
10.0072,14,STA,WIFI_DROP,
10.0096,6,STA,WIFI_DROP,
10.0096,8,STA,WIFI_DROP,
10.0096,14,STA,WIFI_DROP,
10.012,6,STA,WIFI_DROP,
10.012,8,STA,WIFI_DROP,
10.012,14,STA,WIFI_DROP,
10.0144,6,STA,WIFI_DROP,
10.0144,8,STA,WIFI_DROP,
10.0144,14,STA,WIFI_DROP,
10.0168,6,STA,WIFI_DROP,
10.0168,8,STA,WIFI_DROP,
10.0168,14,STA,WIFI_DROP,
10.0192,6,STA,WIFI_DROP,
10.0192,8,STA,WIFI_DROP,
10.0192,14,STA,WIFI_DROP,
10.0216,6,STA,WIFI_DROP,
10.0216,8,STA,WIFI_DROP,
10.0216,14,STA,WIFI_DROP,
10.024,6,STA,WIFI_DROP,
10.024,8,STA,WIFI_DROP,
10.024,14,STA,WIFI_DROP,
10.0264,6,STA,WIFI_DROP,
10.0264,8,STA,WIFI_DROP,
10.0264,14,STA,WIFI_DROP,
10.0288,6,STA,WIFI_DROP,
10.0288,8,STA,WIFI_DROP,
10.0288,14,STA,WIFI_DROP,
10.0312,6,STA,WIFI_DROP,
10.0312,8,STA,WIFI_DROP,
10.0312,14,STA,WIFI_DROP,
10.0336,6,STA,WIFI_DROP,
10.0336,8,STA,WIFI_DROP,
10.0336,14,STA,WIFI_DROP,
10.036,6,STA,WIFI_DROP,
10.036,8,STA,WIFI_DROP,
10.036,14,STA,WIFI_DROP,
10.0384,6,STA,WIFI_DROP,
10.0384,8,STA,WIFI_DROP,
10.0384,14,STA,WIFI_DROP,
10.0408,6,STA,WIFI_DROP,
10.0408,8,STA,WIFI_DROP,
10.0408,14,STA,WIFI_DROP,
10.0432,6,STA,WIFI_DROP,
10.0432,8,STA,WIFI_DROP,
10.0432,14,STA,WIFI_DROP,
10.0456,6,STA,WIFI_DROP,
10.0456,8,STA,WIFI_DROP,
10.0456,14,STA,WIFI_DROP,
10.048,6,STA,WIFI_DROP,
10.048,8,STA,WIFI_DROP,
10.048,14,STA,WIFI_DROP,
10.0504,6,STA,WIFI_DROP,
10.0504,8,STA,WIFI_DROP,
10.0504,14,STA,WIFI_DROP,
10.0528,6,STA,WIFI_DROP,
10.0528,8,STA,WIFI_DROP,
10.0528,14,STA,WIFI_DROP,
10.0552,6,STA,WIFI_DROP,
10.0552,8,STA,WIFI_DROP,
10.0552,14,STA,WIFI_DROP,
10.0576,6,STA,WIFI_DROP,
10.0576,8,STA,WIFI_DROP,
10.0576,14,STA,WIFI_DROP,
10.06,6,STA,WIFI_DROP,
10.06,8,STA,WIFI_DROP,
10.06,14,STA,WIFI_DROP,
10.0624,6,STA,WIFI_DROP,
10.0624,8,STA,WIFI_DROP,
10.0624,14,STA,WIFI_DROP,
10.0648,6,STA,WIFI_DROP,
10.0648,8,STA,WIFI_DROP,
10.0648,14,STA,WIFI_DROP,
10.0672,6,STA,WIFI_DROP,
10.0672,8,STA,WIFI_DROP,
10.0672,14,STA,WIFI_DROP,
10.0696,6,STA,WIFI_DROP,
10.0696,8,STA,WIFI_DROP,
10.0696,14,STA,WIFI_DROP,
10.072,6,STA,WIFI_DROP,
10.072,8,STA,WIFI_DROP,
10.072,14,STA,WIFI_DROP,
10.0744,6,STA,WIFI_DROP,
10.0744,8,STA,WIFI_DROP,
10.0744,14,STA,WIFI_DROP,
10.0768,6,STA,WIFI_DROP,
10.0768,8,STA,WIFI_DROP,
10.0768,14,STA,WIFI_DROP,
10.0792,6,STA,WIFI_DROP,
10.0792,8,STA,WIFI_DROP,
10.0792,14,STA,WIFI_DROP,
10.0816,6,STA,WIFI_DROP,
10.0816,8,STA,WIFI_DROP,
10.0816,14,STA,WIFI_DROP,
10.084,6,STA,WIFI_DROP,
10.084,8,STA,WIFI_DROP,
10.084,14,STA,WIFI_DROP,
10.0864,6,STA,WIFI_DROP,
10.0864,8,STA,WIFI_DROP,
10.0864,14,STA,WIFI_DROP,
10.0888,6,STA,WIFI_DROP,
10.0888,8,STA,WIFI_DROP,
10.0888,14,STA,WIFI_DROP,
10.0912,6,STA,WIFI_DROP,
10.0912,8,STA,WIFI_DROP,
10.0912,14,STA,WIFI_DROP,
10.0936,6,STA,WIFI_DROP,
10.0936,8,STA,WIFI_DROP,
10.0936,14,STA,WIFI_DROP,
10.096,6,STA,WIFI_DROP,
10.096,8,STA,WIFI_DROP,
10.096,14,STA,WIFI_DROP,
10.0984,6,STA,WIFI_DROP,
10.0984,8,STA,WIFI_DROP,
10.0984,14,STA,WIFI_DROP,
10.1008,6,STA,WIFI_DROP,
10.1008,8,STA,WIFI_DROP,
10.1008,14,STA,WIFI_DROP,
10.1032,6,STA,WIFI_DROP,
10.1032,8,STA,WIFI_DROP,
10.1032,14,STA,WIFI_DROP,
10.1056,6,STA,WIFI_DROP,
10.1056,8,STA,WIFI_DROP,
10.1056,14,STA,WIFI_DROP,
10.108,6,STA,WIFI_DROP,
10.108,8,STA,WIFI_DROP,
10.108,14,STA,WIFI_DROP,
10.1104,6,STA,WIFI_DROP,
10.1104,8,STA,WIFI_DROP,
10.1104,14,STA,WIFI_DROP,
10.1128,6,STA,WIFI_DROP,
10.1128,8,STA,WIFI_DROP,
10.1128,14,STA,WIFI_DROP,
10.1152,6,STA,WIFI_DROP,
10.1152,8,STA,WIFI_DROP,
10.1152,14,STA,WIFI_DROP,
10.1176,6,STA,WIFI_DROP,
10.1176,8,STA,WIFI_DROP,
10.1176,14,STA,WIFI_DROP,
10.12,6,STA,WIFI_DROP,
10.12,8,STA,WIFI_DROP,
10.12,14,STA,WIFI_DROP,
10.1224,6,STA,WIFI_DROP,
10.1224,8,STA,WIFI_DROP,
10.1224,14,STA,WIFI_DROP,
10.1248,6,STA,WIFI_DROP,
10.1248,8,STA,WIFI_DROP,
10.1248,14,STA,WIFI_DROP,
10.1272,6,STA,WIFI_DROP,
10.1272,8,STA,WIFI_DROP,
10.1272,14,STA,WIFI_DROP,
10.1296,6,STA,WIFI_DROP,
10.1296,8,STA,WIFI_DROP,
10.1296,14,STA,WIFI_DROP,
10.132,6,STA,WIFI_DROP,
10.132,8,STA,WIFI_DROP,
10.132,14,STA,WIFI_DROP,
10.1344,6,STA,WIFI_DROP,
10.1344,8,STA,WIFI_DROP,
10.1344,14,STA,WIFI_DROP,
10.1368,6,STA,WIFI_DROP,
10.1368,8,STA,WIFI_DROP,
10.1368,14,STA,WIFI_DROP,
10.1392,6,STA,WIFI_DROP,
10.1392,8,STA,WIFI_DROP,
10.1392,14,STA,WIFI_DROP,
10.1416,6,STA,WIFI_DROP,
10.1416,8,STA,WIFI_DROP,
10.1416,14,STA,WIFI_DROP,
10.144,6,STA,WIFI_DROP,
10.144,8,STA,WIFI_DROP,
10.144,14,STA,WIFI_DROP,
10.1464,6,STA,WIFI_DROP,
10.1464,8,STA,WIFI_DROP,
10.1464,14,STA,WIFI_DROP,
10.1488,6,STA,WIFI_DROP,
10.1488,8,STA,WIFI_DROP,
10.1488,14,STA,WIFI_DROP,
10.1512,6,STA,WIFI_DROP,
10.1512,8,STA,WIFI_DROP,
10.1512,14,STA,WIFI_DROP,
10.1536,6,STA,WIFI_DROP,
10.1536,8,STA,WIFI_DROP,
10.1536,14,STA,WIFI_DROP,
10.156,6,STA,WIFI_DROP,
10.156,8,STA,WIFI_DROP,
10.156,14,STA,WIFI_DROP,
10.1584,6,STA,WIFI_DROP,
10.1584,8,STA,WIFI_DROP,
10.1584,14,STA,WIFI_DROP,
10.1608,6,STA,WIFI_DROP,
10.1608,8,STA,WIFI_DROP,
10.1608,14,STA,WIFI_DROP,
10.1632,6,STA,WIFI_DROP,
10.1632,8,STA,WIFI_DROP,
10.1632,14,STA,WIFI_DROP,
10.1656,6,STA,WIFI_DROP,
10.1656,8,STA,WIFI_DROP,
10.1656,14,STA,WIFI_DROP,
10.168,6,STA,WIFI_DROP,
10.168,8,STA,WIFI_DROP,
10.168,14,STA,WIFI_DROP,
10.1704,2,STA,WIFI_DROP,
10.1704,6,STA,WIFI_DROP,
10.1704,8,STA,WIFI_DROP,
10.1704,14,STA,WIFI_DROP,
10.1728,2,STA,WIFI_DROP,
10.1728,6,STA,WIFI_DROP,
10.1728,8,STA,WIFI_DROP,
10.1728,14,STA,WIFI_DROP,
10.1752,2,STA,WIFI_DROP,
10.1752,6,STA,WIFI_DROP,
10.1752,8,STA,WIFI_DROP,
10.1752,14,STA,WIFI_DROP,
10.1776,2,STA,WIFI_DROP,
10.1776,6,STA,WIFI_DROP,
10.1776,8,STA,WIFI_DROP,
10.1776,14,STA,WIFI_DROP,
10.18,2,STA,WIFI_DROP,
10.18,6,STA,WIFI_DROP,
10.18,8,STA,WIFI_DROP,
10.18,14,STA,WIFI_DROP,
10.1824,2,STA,WIFI_DROP,
10.1824,6,STA,WIFI_DROP,
10.1824,8,STA,WIFI_DROP,
10.1824,14,STA,WIFI_DROP,
10.1848,2,STA,WIFI_DROP,
10.1848,6,STA,WIFI_DROP,
10.1848,8,STA,WIFI_DROP,
10.1848,14,STA,WIFI_DROP,
10.1872,2,STA,WIFI_DROP,
10.1872,6,STA,WIFI_DROP,
10.1872,8,STA,WIFI_DROP,
10.1872,14,STA,WIFI_DROP,
10.1896,2,STA,WIFI_DROP,
10.1896,6,STA,WIFI_DROP,
10.1896,8,STA,WIFI_DROP,
10.1896,14,STA,WIFI_DROP,
10.192,2,STA,WIFI_DROP,
10.192,6,STA,WIFI_DROP,
10.192,8,STA,WIFI_DROP,
10.192,14,STA,WIFI_DROP,
10.1944,2,STA,WIFI_DROP,
10.1944,6,STA,WIFI_DROP,
10.1944,8,STA,WIFI_DROP,
10.1944,14,STA,WIFI_DROP,
10.1968,2,STA,WIFI_DROP,
10.1968,6,STA,WIFI_DROP,
10.1968,8,STA,WIFI_DROP,
10.1968,14,STA,WIFI_DROP,
10.1992,2,STA,WIFI_DROP,
10.1992,6,STA,WIFI_DROP,
10.1992,8,STA,WIFI_DROP,
10.1992,14,STA,WIFI_DROP,
10.2016,2,STA,WIFI_DROP,
10.2016,6,STA,WIFI_DROP,
10.2016,8,STA,WIFI_DROP,
10.2016,14,STA,WIFI_DROP,
10.204,2,STA,WIFI_DROP,
10.204,6,STA,WIFI_DROP,
10.204,8,STA,WIFI_DROP,
10.204,14,STA,WIFI_DROP,
10.2064,2,STA,WIFI_DROP,
10.2064,6,STA,WIFI_DROP,
10.2064,8,STA,WIFI_DROP,
10.2064,14,STA,WIFI_DROP,
10.2088,2,STA,WIFI_DROP,
10.2088,6,STA,WIFI_DROP,
10.2088,8,STA,WIFI_DROP,
10.2088,14,STA,WIFI_DROP,
10.2112,2,STA,WIFI_DROP,
10.2112,6,STA,WIFI_DROP,
10.2112,8,STA,WIFI_DROP,
10.2112,14,STA,WIFI_DROP,
10.2136,2,STA,WIFI_DROP,
10.2136,6,STA,WIFI_DROP,
10.2136,8,STA,WIFI_DROP,
10.2136,14,STA,WIFI_DROP,
10.216,2,STA,WIFI_DROP,
10.216,6,STA,WIFI_DROP,
10.216,8,STA,WIFI_DROP,
10.216,14,STA,WIFI_DROP,
10.2184,2,STA,WIFI_DROP,
10.2184,6,STA,WIFI_DROP,
10.2184,8,STA,WIFI_DROP,
10.2184,14,STA,WIFI_DROP,
10.2208,2,STA,WIFI_DROP,
10.2208,6,STA,WIFI_DROP,
10.2208,8,STA,WIFI_DROP,
10.2208,14,STA,WIFI_DROP,
10.2232,2,STA,WIFI_DROP,
10.2232,6,STA,WIFI_DROP,
10.2232,8,STA,WIFI_DROP,
10.2232,14,STA,WIFI_DROP,
10.2256,2,STA,WIFI_DROP,
10.2256,6,STA,WIFI_DROP,
10.2256,8,STA,WIFI_DROP,
10.2256,14,STA,WIFI_DROP,
10.228,2,STA,WIFI_DROP,
10.228,6,STA,WIFI_DROP,
10.228,8,STA,WIFI_DROP,
10.228,14,STA,WIFI_DROP,
10.2304,2,STA,WIFI_DROP,
10.2304,6,STA,WIFI_DROP,
10.2304,8,STA,WIFI_DROP,
10.2304,14,STA,WIFI_DROP,
10.2328,2,STA,WIFI_DROP,
10.2328,6,STA,WIFI_DROP,
10.2328,8,STA,WIFI_DROP,
10.2328,14,STA,WIFI_DROP,
10.2352,2,STA,WIFI_DROP,
10.2352,6,STA,WIFI_DROP,
10.2352,8,STA,WIFI_DROP,
10.2352,14,STA,WIFI_DROP,
10.2376,2,STA,WIFI_DROP,
10.2376,6,STA,WIFI_DROP,
10.2376,8,STA,WIFI_DROP,
10.2376,14,STA,WIFI_DROP,
10.24,2,STA,WIFI_DROP,
10.24,6,STA,WIFI_DROP,
10.24,8,STA,WIFI_DROP,
10.24,14,STA,WIFI_DROP,
10.2424,2,STA,WIFI_DROP,
10.2424,6,STA,WIFI_DROP,
10.2424,8,STA,WIFI_DROP,
10.2424,14,STA,WIFI_DROP,
10.2448,2,STA,WIFI_DROP,
10.2448,6,STA,WIFI_DROP,
10.2448,8,STA,WIFI_DROP,
10.2448,14,STA,WIFI_DROP,
10.2472,2,STA,WIFI_DROP,
10.2472,6,STA,WIFI_DROP,
10.2472,8,STA,WIFI_DROP,
10.2472,14,STA,WIFI_DROP,
10.2496,2,STA,WIFI_DROP,
10.2496,6,STA,WIFI_DROP,
10.2496,8,STA,WIFI_DROP,
10.2496,14,STA,WIFI_DROP,
10.252,2,STA,WIFI_DROP,
10.252,6,STA,WIFI_DROP,
10.252,8,STA,WIFI_DROP,
10.252,14,STA,WIFI_DROP,
10.2544,2,STA,WIFI_DROP,
10.2544,6,STA,WIFI_DROP,
10.2544,8,STA,WIFI_DROP,
10.2544,14,STA,WIFI_DROP,
10.2568,2,STA,WIFI_DROP,
10.2568,6,STA,WIFI_DROP,
10.2568,8,STA,WIFI_DROP,
10.2568,14,STA,WIFI_DROP,
10.2592,2,STA,WIFI_DROP,
10.2592,6,STA,WIFI_DROP,
10.2592,8,STA,WIFI_DROP,
10.2592,14,STA,WIFI_DROP,
10.2616,2,STA,WIFI_DROP,
10.2616,6,STA,WIFI_DROP,
10.2616,8,STA,WIFI_DROP,
10.2616,14,STA,WIFI_DROP,
10.264,2,STA,WIFI_DROP,
10.264,6,STA,WIFI_DROP,
10.264,8,STA,WIFI_DROP,
10.264,14,STA,WIFI_DROP,
10.2664,2,STA,WIFI_DROP,
10.2664,6,STA,WIFI_DROP,
10.2664,8,STA,WIFI_DROP,
10.2664,14,STA,WIFI_DROP,
10.2688,2,STA,WIFI_DROP,
10.2688,6,STA,WIFI_DROP,
10.2688,8,STA,WIFI_DROP,
10.2688,14,STA,WIFI_DROP,
10.2712,2,STA,WIFI_DROP,
10.2712,6,STA,WIFI_DROP,
10.2712,8,STA,WIFI_DROP,
10.2712,14,STA,WIFI_DROP,
10.2736,2,STA,WIFI_DROP,
10.2736,6,STA,WIFI_DROP,
10.2736,8,STA,WIFI_DROP,
10.2736,14,STA,WIFI_DROP,
10.276,2,STA,WIFI_DROP,
10.276,6,STA,WIFI_DROP,
10.276,8,STA,WIFI_DROP,
10.276,14,STA,WIFI_DROP,
10.2784,2,STA,WIFI_DROP,
10.2784,6,STA,WIFI_DROP,
10.2784,8,STA,WIFI_DROP,
10.2784,14,STA,WIFI_DROP,
10.2808,2,STA,WIFI_DROP,
10.2808,6,STA,WIFI_DROP,
10.2808,8,STA,WIFI_DROP,
10.2808,14,STA,WIFI_DROP,
10.2832,2,STA,WIFI_DROP,
10.2832,6,STA,WIFI_DROP,
10.2832,8,STA,WIFI_DROP,
10.2832,14,STA,WIFI_DROP,
10.2856,2,STA,WIFI_DROP,
10.2856,6,STA,WIFI_DROP,
10.2856,8,STA,WIFI_DROP,
10.2856,14,STA,WIFI_DROP,
10.288,2,STA,WIFI_DROP,
10.288,6,STA,WIFI_DROP,
10.288,8,STA,WIFI_DROP,
10.288,14,STA,WIFI_DROP,
10.2904,2,STA,WIFI_DROP,
10.2904,6,STA,WIFI_DROP,
10.2904,8,STA,WIFI_DROP,
10.2904,14,STA,WIFI_DROP,
10.2928,2,STA,WIFI_DROP,
10.2928,6,STA,WIFI_DROP,
10.2928,8,STA,WIFI_DROP,
10.2928,14,STA,WIFI_DROP,
10.2952,2,STA,WIFI_DROP,
10.2952,6,STA,WIFI_DROP,
10.2952,8,STA,WIFI_DROP,
10.2952,14,STA,WIFI_DROP,
10.2976,2,STA,WIFI_DROP,
10.2976,6,STA,WIFI_DROP,
10.2976,8,STA,WIFI_DROP,
10.2976,14,STA,WIFI_DROP,
10.3,2,STA,WIFI_DROP,
10.3,6,STA,WIFI_DROP,
10.3,8,STA,WIFI_DROP,
10.3,14,STA,WIFI_DROP,
10.3024,2,STA,WIFI_DROP,
10.3024,6,STA,WIFI_DROP,
10.3024,8,STA,WIFI_DROP,
10.3024,14,STA,WIFI_DROP,
10.3048,2,STA,WIFI_DROP,
10.3048,6,STA,WIFI_DROP,
10.3048,8,STA,WIFI_DROP,
10.3048,14,STA,WIFI_DROP,
10.3072,2,STA,WIFI_DROP,
10.3072,6,STA,WIFI_DROP,
10.3072,8,STA,WIFI_DROP,
10.3072,14,STA,WIFI_DROP,
10.3096,2,STA,WIFI_DROP,
10.3096,6,STA,WIFI_DROP,
10.3096,8,STA,WIFI_DROP,
10.3096,14,STA,WIFI_DROP,
10.312,2,STA,WIFI_DROP,
10.312,6,STA,WIFI_DROP,
10.312,8,STA,WIFI_DROP,
10.312,14,STA,WIFI_DROP,
10.3144,2,STA,WIFI_DROP,
10.3144,6,STA,WIFI_DROP,
10.3144,8,STA,WIFI_DROP,
10.3144,14,STA,WIFI_DROP,
10.3168,2,STA,WIFI_DROP,
10.3168,6,STA,WIFI_DROP,
10.3168,8,STA,WIFI_DROP,
10.3168,14,STA,WIFI_DROP,
10.3192,2,STA,WIFI_DROP,
10.3192,6,STA,WIFI_DROP,
10.3192,8,STA,WIFI_DROP,
10.3192,14,STA,WIFI_DROP,
10.3216,2,STA,WIFI_DROP,
10.3216,6,STA,WIFI_DROP,
10.3216,8,STA,WIFI_DROP,
10.3216,14,STA,WIFI_DROP,
10.324,2,STA,WIFI_DROP,
10.324,6,STA,WIFI_DROP,
10.324,8,STA,WIFI_DROP,
10.324,14,STA,WIFI_DROP,
10.3264,2,STA,WIFI_DROP,
10.3264,6,STA,WIFI_DROP,
10.3264,8,STA,WIFI_DROP,
10.3264,14,STA,WIFI_DROP,
10.3288,6,STA,WIFI_DROP,
10.3288,8,STA,WIFI_DROP,
10.3288,14,STA,WIFI_DROP,
10.3312,6,STA,WIFI_DROP,
10.3312,8,STA,WIFI_DROP,
10.3312,14,STA,WIFI_DROP,
10.3336,6,STA,WIFI_DROP,
10.3336,8,STA,WIFI_DROP,
10.3336,14,STA,WIFI_DROP,
10.336,6,STA,WIFI_DROP,
10.336,8,STA,WIFI_DROP,
10.336,14,STA,WIFI_DROP,
10.3384,6,STA,WIFI_DROP,
10.3384,8,STA,WIFI_DROP,
10.3384,14,STA,WIFI_DROP,
10.3408,6,STA,WIFI_DROP,
10.3408,8,STA,WIFI_DROP,
10.3408,14,STA,WIFI_DROP,
10.3432,6,STA,WIFI_DROP,
10.3432,8,STA,WIFI_DROP,
10.3432,14,STA,WIFI_DROP,
10.3456,6,STA,WIFI_DROP,
10.3456,8,STA,WIFI_DROP,
10.3456,14,STA,WIFI_DROP,
10.348,6,STA,WIFI_DROP,
10.348,8,STA,WIFI_DROP,
10.348,14,STA,WIFI_DROP,
10.3504,6,STA,WIFI_DROP,
10.3504,8,STA,WIFI_DROP,
10.3504,14,STA,WIFI_DROP,
10.3528,6,STA,WIFI_DROP,
10.3528,8,STA,WIFI_DROP,
10.3528,14,STA,WIFI_DROP,
10.3552,6,STA,WIFI_DROP,
10.3552,8,STA,WIFI_DROP,
10.3552,14,STA,WIFI_DROP,
10.3576,6,STA,WIFI_DROP,
10.3576,8,STA,WIFI_DROP,
10.3576,14,STA,WIFI_DROP,
10.36,6,STA,WIFI_DROP,
10.36,8,STA,WIFI_DROP,
10.36,14,STA,WIFI_DROP,
10.3624,6,STA,WIFI_DROP,
10.3624,8,STA,WIFI_DROP,
10.3624,14,STA,WIFI_DROP,
10.3648,6,STA,WIFI_DROP,
10.3648,8,STA,WIFI_DROP,
10.3648,14,STA,WIFI_DROP,
10.3672,6,STA,WIFI_DROP,
10.3672,8,STA,WIFI_DROP,
10.3672,14,STA,WIFI_DROP,
10.3696,6,STA,WIFI_DROP,
10.3696,8,STA,WIFI_DROP,
10.3696,14,STA,WIFI_DROP,
10.372,6,STA,WIFI_DROP,
10.372,8,STA,WIFI_DROP,
10.372,14,STA,WIFI_DROP,
10.3744,6,STA,WIFI_DROP,
10.3744,8,STA,WIFI_DROP,
10.3744,14,STA,WIFI_DROP,
10.3768,6,STA,WIFI_DROP,
10.3768,8,STA,WIFI_DROP,
10.3768,9,STA,WIFI_DROP,
10.3768,14,STA,WIFI_DROP,
10.3792,6,STA,WIFI_DROP,
10.3792,8,STA,WIFI_DROP,
10.3792,9,STA,WIFI_DROP,
10.3792,14,STA,WIFI_DROP,
10.3816,6,STA,WIFI_DROP,
10.3816,8,STA,WIFI_DROP,
10.3816,9,STA,WIFI_DROP,
10.3816,14,STA,WIFI_DROP,
10.384,6,STA,WIFI_DROP,
10.384,8,STA,WIFI_DROP,
10.384,9,STA,WIFI_DROP,
10.384,14,STA,WIFI_DROP,
10.3864,6,STA,WIFI_DROP,
10.3864,8,STA,WIFI_DROP,
10.3864,9,STA,WIFI_DROP,
10.3864,14,STA,WIFI_DROP,
10.3888,6,STA,WIFI_DROP,
10.3888,8,STA,WIFI_DROP,
10.3888,9,STA,WIFI_DROP,
10.3888,14,STA,WIFI_DROP,
10.3912,6,STA,WIFI_DROP,
10.3912,8,STA,WIFI_DROP,
10.3912,9,STA,WIFI_DROP,
10.3912,14,STA,WIFI_DROP,
10.3936,6,STA,WIFI_DROP,
10.3936,8,STA,WIFI_DROP,
10.3936,9,STA,WIFI_DROP,
10.3936,14,STA,WIFI_DROP,
10.396,6,STA,WIFI_DROP,
10.396,8,STA,WIFI_DROP,
10.396,9,STA,WIFI_DROP,
10.396,14,STA,WIFI_DROP,
10.3984,6,STA,WIFI_DROP,
10.3984,8,STA,WIFI_DROP,
10.3984,9,STA,WIFI_DROP,
10.3984,14,STA,WIFI_DROP,
10.4008,6,STA,WIFI_DROP,
10.4008,8,STA,WIFI_DROP,
10.4008,9,STA,WIFI_DROP,
10.4008,14,STA,WIFI_DROP,
10.4032,6,STA,WIFI_DROP,
10.4032,8,STA,WIFI_DROP,
10.4032,9,STA,WIFI_DROP,
10.4032,14,STA,WIFI_DROP,
10.4056,6,STA,WIFI_DROP,
10.4056,8,STA,WIFI_DROP,
10.4056,9,STA,WIFI_DROP,
10.4056,14,STA,WIFI_DROP,
10.408,6,STA,WIFI_DROP,
10.408,8,STA,WIFI_DROP,
10.408,9,STA,WIFI_DROP,
10.408,14,STA,WIFI_DROP,
10.4104,6,STA,WIFI_DROP,
10.4104,8,STA,WIFI_DROP,
10.4104,9,STA,WIFI_DROP,
10.4104,14,STA,WIFI_DROP,
10.4128,6,STA,WIFI_DROP,
10.4128,8,STA,WIFI_DROP,
10.4128,9,STA,WIFI_DROP,
10.4128,14,STA,WIFI_DROP,
10.4152,6,STA,WIFI_DROP,
10.4152,8,STA,WIFI_DROP,
10.4152,9,STA,WIFI_DROP,
10.4152,14,STA,WIFI_DROP,
10.4176,6,STA,WIFI_DROP,
10.4176,8,STA,WIFI_DROP,
10.4176,9,STA,WIFI_DROP,
10.4176,14,STA,WIFI_DROP,
10.42,6,STA,WIFI_DROP,
10.42,8,STA,WIFI_DROP,
10.42,9,STA,WIFI_DROP,
10.42,14,STA,WIFI_DROP,
10.4224,6,STA,WIFI_DROP,
10.4224,8,STA,WIFI_DROP,
10.4224,9,STA,WIFI_DROP,
10.4224,14,STA,WIFI_DROP,
10.4248,6,STA,WIFI_DROP,
10.4248,8,STA,WIFI_DROP,
10.4248,9,STA,WIFI_DROP,
10.4248,14,STA,WIFI_DROP,
10.4272,6,STA,WIFI_DROP,
10.4272,8,STA,WIFI_DROP,
10.4272,9,STA,WIFI_DROP,
10.4272,14,STA,WIFI_DROP,
10.4296,6,STA,WIFI_DROP,
10.4296,8,STA,WIFI_DROP,
10.4296,9,STA,WIFI_DROP,
10.4296,14,STA,WIFI_DROP,
10.432,6,STA,WIFI_DROP,
10.432,8,STA,WIFI_DROP,
10.432,9,STA,WIFI_DROP,
10.432,14,STA,WIFI_DROP,
10.4344,6,STA,WIFI_DROP,
10.4344,8,STA,WIFI_DROP,
10.4344,9,STA,WIFI_DROP,
10.4344,14,STA,WIFI_DROP,
10.4368,6,STA,WIFI_DROP,
10.4368,8,STA,WIFI_DROP,
10.4368,9,STA,WIFI_DROP,
10.4368,14,STA,WIFI_DROP,
10.4392,6,STA,WIFI_DROP,
10.4392,8,STA,WIFI_DROP,
10.4392,9,STA,WIFI_DROP,
10.4392,14,STA,WIFI_DROP,
10.4416,6,STA,WIFI_DROP,
10.4416,8,STA,WIFI_DROP,
10.4416,9,STA,WIFI_DROP,
10.4416,14,STA,WIFI_DROP,
10.444,6,STA,WIFI_DROP,
10.444,8,STA,WIFI_DROP,
10.444,9,STA,WIFI_DROP,
10.444,14,STA,WIFI_DROP,
10.4464,6,STA,WIFI_DROP,
10.4464,8,STA,WIFI_DROP,
10.4464,9,STA,WIFI_DROP,
10.4464,14,STA,WIFI_DROP,
10.4488,6,STA,WIFI_DROP,
10.4488,8,STA,WIFI_DROP,
10.4488,9,STA,WIFI_DROP,
10.4488,14,STA,WIFI_DROP,
10.4512,6,STA,WIFI_DROP,
10.4512,8,STA,WIFI_DROP,
10.4512,9,STA,WIFI_DROP,
10.4512,14,STA,WIFI_DROP,
10.4536,6,STA,WIFI_DROP,
10.4536,8,STA,WIFI_DROP,
10.4536,9,STA,WIFI_DROP,
10.4536,14,STA,WIFI_DROP,
10.456,6,STA,WIFI_DROP,
10.456,8,STA,WIFI_DROP,
10.456,9,STA,WIFI_DROP,
10.456,14,STA,WIFI_DROP,
10.4584,6,STA,WIFI_DROP,
10.4584,8,STA,WIFI_DROP,
10.4584,9,STA,WIFI_DROP,
10.4584,14,STA,WIFI_DROP,
10.4608,6,STA,WIFI_DROP,
10.4608,8,STA,WIFI_DROP,
10.4608,9,STA,WIFI_DROP,
10.4608,14,STA,WIFI_DROP,
10.4632,6,STA,WIFI_DROP,
10.4632,8,STA,WIFI_DROP,
10.4632,9,STA,WIFI_DROP,
10.4632,14,STA,WIFI_DROP,
10.4656,6,STA,WIFI_DROP,
10.4656,8,STA,WIFI_DROP,
10.4656,9,STA,WIFI_DROP,
10.4656,14,STA,WIFI_DROP,
10.468,6,STA,WIFI_DROP,
10.468,8,STA,WIFI_DROP,
10.468,9,STA,WIFI_DROP,
10.468,14,STA,WIFI_DROP,
10.4704,6,STA,WIFI_DROP,
10.4704,8,STA,WIFI_DROP,
10.4704,9,STA,WIFI_DROP,
10.4704,14,STA,WIFI_DROP,
10.4728,6,STA,WIFI_DROP,
10.4728,8,STA,WIFI_DROP,
10.4728,9,STA,WIFI_DROP,
10.4728,14,STA,WIFI_DROP,
10.4752,6,STA,WIFI_DROP,
10.4752,8,STA,WIFI_DROP,
10.4752,9,STA,WIFI_DROP,
10.4752,14,STA,WIFI_DROP,
10.4776,6,STA,WIFI_DROP,
10.4776,8,STA,WIFI_DROP,
10.4776,9,STA,WIFI_DROP,
10.4776,14,STA,WIFI_DROP,
10.48,6,STA,WIFI_DROP,
10.48,8,STA,WIFI_DROP,
10.48,9,STA,WIFI_DROP,
10.48,14,STA,WIFI_DROP,
10.4824,6,STA,WIFI_DROP,
10.4824,8,STA,WIFI_DROP,
10.4824,9,STA,WIFI_DROP,
10.4824,14,STA,WIFI_DROP,
10.4848,6,STA,WIFI_DROP,
10.4848,8,STA,WIFI_DROP,
10.4848,9,STA,WIFI_DROP,
10.4848,14,STA,WIFI_DROP,
10.4872,6,STA,WIFI_DROP,
10.4872,8,STA,WIFI_DROP,
10.4872,9,STA,WIFI_DROP,
10.4872,14,STA,WIFI_DROP,
10.4896,6,STA,WIFI_DROP,
10.4896,8,STA,WIFI_DROP,
10.4896,9,STA,WIFI_DROP,
10.4896,14,STA,WIFI_DROP,
10.492,6,STA,WIFI_DROP,
10.492,8,STA,WIFI_DROP,
10.492,9,STA,WIFI_DROP,
10.492,14,STA,WIFI_DROP,
10.4944,6,STA,WIFI_DROP,
10.4944,8,STA,WIFI_DROP,
10.4944,9,STA,WIFI_DROP,
10.4944,14,STA,WIFI_DROP,
10.4968,6,STA,WIFI_DROP,
10.4968,8,STA,WIFI_DROP,
10.4968,9,STA,WIFI_DROP,
10.4968,14,STA,WIFI_DROP,
10.4992,6,STA,WIFI_DROP,
10.4992,8,STA,WIFI_DROP,
10.4992,9,STA,WIFI_DROP,
10.4992,14,STA,WIFI_DROP,
10.5016,6,STA,WIFI_DROP,
10.5016,8,STA,WIFI_DROP,
10.5016,9,STA,WIFI_DROP,
10.5016,14,STA,WIFI_DROP,
10.504,6,STA,WIFI_DROP,
10.504,8,STA,WIFI_DROP,
10.504,9,STA,WIFI_DROP,
10.504,14,STA,WIFI_DROP,
10.5064,6,STA,WIFI_DROP,
10.5064,8,STA,WIFI_DROP,
10.5064,9,STA,WIFI_DROP,
10.5064,14,STA,WIFI_DROP,
10.5088,6,STA,WIFI_DROP,
10.5088,8,STA,WIFI_DROP,
10.5088,9,STA,WIFI_DROP,
10.5088,14,STA,WIFI_DROP,
10.5112,6,STA,WIFI_DROP,
10.5112,8,STA,WIFI_DROP,
10.5112,9,STA,WIFI_DROP,
10.5112,14,STA,WIFI_DROP,
10.5136,6,STA,WIFI_DROP,
10.5136,8,STA,WIFI_DROP,
10.5136,9,STA,WIFI_DROP,
10.5136,14,STA,WIFI_DROP,
10.516,6,STA,WIFI_DROP,
10.516,8,STA,WIFI_DROP,
10.516,9,STA,WIFI_DROP,
10.516,14,STA,WIFI_DROP,
10.5184,6,STA,WIFI_DROP,
10.5184,8,STA,WIFI_DROP,
10.5184,9,STA,WIFI_DROP,
10.5184,14,STA,WIFI_DROP,
10.5208,6,STA,WIFI_DROP,
10.5208,8,STA,WIFI_DROP,
10.5208,9,STA,WIFI_DROP,
10.5208,14,STA,WIFI_DROP,
10.5232,6,STA,WIFI_DROP,
10.5232,8,STA,WIFI_DROP,
10.5232,9,STA,WIFI_DROP,
10.5232,14,STA,WIFI_DROP,
10.5256,6,STA,WIFI_DROP,
10.5256,8,STA,WIFI_DROP,
10.5256,9,STA,WIFI_DROP,
10.5256,14,STA,WIFI_DROP,
10.528,6,STA,WIFI_DROP,
10.528,8,STA,WIFI_DROP,
10.528,9,STA,WIFI_DROP,
10.528,14,STA,WIFI_DROP,
10.5304,6,STA,WIFI_DROP,
10.5304,8,STA,WIFI_DROP,
10.5304,14,STA,WIFI_DROP,
10.5328,6,STA,WIFI_DROP,
10.5328,8,STA,WIFI_DROP,
10.5328,14,STA,WIFI_DROP,
10.5352,6,STA,WIFI_DROP,
10.5352,8,STA,WIFI_DROP,
10.5352,14,STA,WIFI_DROP,
10.5376,6,STA,WIFI_DROP,
10.5376,8,STA,WIFI_DROP,
10.5376,14,STA,WIFI_DROP,
10.54,6,STA,WIFI_DROP,
10.54,8,STA,WIFI_DROP,
10.54,14,STA,WIFI_DROP,
10.5424,6,STA,WIFI_DROP,
10.5424,8,STA,WIFI_DROP,
10.5424,14,STA,WIFI_DROP,
10.5448,6,STA,WIFI_DROP,
10.5448,8,STA,WIFI_DROP,
10.5448,14,STA,WIFI_DROP,
10.5472,6,STA,WIFI_DROP,
10.5472,8,STA,WIFI_DROP,
10.5472,14,STA,WIFI_DROP,
10.5496,6,STA,WIFI_DROP,
10.5496,8,STA,WIFI_DROP,
10.5496,14,STA,WIFI_DROP,
10.552,6,STA,WIFI_DROP,
10.552,8,STA,WIFI_DROP,
10.552,14,STA,WIFI_DROP,
10.5544,6,STA,WIFI_DROP,
10.5544,8,STA,WIFI_DROP,
10.5544,14,STA,WIFI_DROP,
10.5568,6,STA,WIFI_DROP,
10.5568,8,STA,WIFI_DROP,
10.5568,14,STA,WIFI_DROP,
10.5592,6,STA,WIFI_DROP,
10.5592,8,STA,WIFI_DROP,
10.5592,14,STA,WIFI_DROP,
10.5616,6,STA,WIFI_DROP,
10.5616,8,STA,WIFI_DROP,
10.5616,14,STA,WIFI_DROP,
10.564,6,STA,WIFI_DROP,
10.564,8,STA,WIFI_DROP,
10.564,14,STA,WIFI_DROP,
10.5664,6,STA,WIFI_DROP,
10.5664,8,STA,WIFI_DROP,
10.5664,14,STA,WIFI_DROP,
10.5688,6,STA,WIFI_DROP,
10.5688,8,STA,WIFI_DROP,
10.5688,14,STA,WIFI_DROP,
10.5712,6,STA,WIFI_DROP,
10.5712,8,STA,WIFI_DROP,
10.5712,14,STA,WIFI_DROP,
10.5736,6,STA,WIFI_DROP,
10.5736,8,STA,WIFI_DROP,
10.5736,14,STA,WIFI_DROP,
10.576,6,STA,WIFI_DROP,
10.576,8,STA,WIFI_DROP,
10.576,14,STA,WIFI_DROP,
10.5784,6,STA,WIFI_DROP,
10.5784,8,STA,WIFI_DROP,
10.5784,14,STA,WIFI_DROP,
10.5808,6,STA,WIFI_DROP,
10.5808,8,STA,WIFI_DROP,
10.5808,14,STA,WIFI_DROP,
10.5832,6,STA,WIFI_DROP,
10.5832,8,STA,WIFI_DROP,
10.5832,14,STA,WIFI_DROP,
10.5856,6,STA,WIFI_DROP,
10.5856,8,STA,WIFI_DROP,
10.5856,14,STA,WIFI_DROP,
10.588,6,STA,WIFI_DROP,
10.588,8,STA,WIFI_DROP,
10.588,14,STA,WIFI_DROP,
10.5904,6,STA,WIFI_DROP,
10.5904,8,STA,WIFI_DROP,
10.5904,14,STA,WIFI_DROP,
10.5928,6,STA,WIFI_DROP,
10.5928,8,STA,WIFI_DROP,
10.5928,14,STA,WIFI_DROP,
10.5952,6,STA,WIFI_DROP,
10.5952,8,STA,WIFI_DROP,
10.5952,14,STA,WIFI_DROP,
10.5976,6,STA,WIFI_DROP,
10.5976,8,STA,WIFI_DROP,
10.5976,14,STA,WIFI_DROP,
10.6,6,STA,WIFI_DROP,
10.6,8,STA,WIFI_DROP,
10.6,14,STA,WIFI_DROP,
10.6024,6,STA,WIFI_DROP,
10.6024,8,STA,WIFI_DROP,
10.6024,14,STA,WIFI_DROP,
10.6048,6,STA,WIFI_DROP,
10.6048,8,STA,WIFI_DROP,
10.6048,14,STA,WIFI_DROP,
10.6072,6,STA,WIFI_DROP,
10.6072,8,STA,WIFI_DROP,
10.6072,14,STA,WIFI_DROP,
10.6096,6,STA,WIFI_DROP,
10.6096,8,STA,WIFI_DROP,
10.6096,14,STA,WIFI_DROP,
10.612,6,STA,WIFI_DROP,
10.612,8,STA,WIFI_DROP,
10.612,14,STA,WIFI_DROP,
10.6144,6,STA,WIFI_DROP,
10.6144,8,STA,WIFI_DROP,
10.6144,14,STA,WIFI_DROP,
10.6168,6,STA,WIFI_DROP,
10.6168,8,STA,WIFI_DROP,
10.6168,14,STA,WIFI_DROP,
10.6192,6,STA,WIFI_DROP,
10.6192,8,STA,WIFI_DROP,
10.6192,14,STA,WIFI_DROP,
10.6216,6,STA,WIFI_DROP,
10.6216,8,STA,WIFI_DROP,
10.6216,14,STA,WIFI_DROP,
10.624,6,STA,WIFI_DROP,
10.624,8,STA,WIFI_DROP,
10.624,14,STA,WIFI_DROP,
10.6264,6,STA,WIFI_DROP,
10.6264,8,STA,WIFI_DROP,
10.6264,14,STA,WIFI_DROP,
10.6288,6,STA,WIFI_DROP,
10.6288,8,STA,WIFI_DROP,
10.6288,14,STA,WIFI_DROP,
10.6312,6,STA,WIFI_DROP,
10.6312,8,STA,WIFI_DROP,
10.6312,14,STA,WIFI_DROP,
10.6336,6,STA,WIFI_DROP,
10.6336,8,STA,WIFI_DROP,
10.6336,14,STA,WIFI_DROP,
10.636,6,STA,WIFI_DROP,
10.636,8,STA,WIFI_DROP,
10.636,14,STA,WIFI_DROP,
10.6384,6,STA,WIFI_DROP,
10.6384,8,STA,WIFI_DROP,
10.6384,14,STA,WIFI_DROP,
10.6408,6,STA,WIFI_DROP,
10.6408,8,STA,WIFI_DROP,
10.6408,14,STA,WIFI_DROP,
10.6432,6,STA,WIFI_DROP,
10.6432,8,STA,WIFI_DROP,
10.6432,14,STA,WIFI_DROP,
10.6456,6,STA,WIFI_DROP,
10.6456,8,STA,WIFI_DROP,
10.6456,14,STA,WIFI_DROP,
10.648,6,STA,WIFI_DROP,
10.648,8,STA,WIFI_DROP,
10.648,14,STA,WIFI_DROP,
10.6504,6,STA,WIFI_DROP,
10.6504,8,STA,WIFI_DROP,
10.6504,14,STA,WIFI_DROP,
10.6528,6,STA,WIFI_DROP,
10.6528,8,STA,WIFI_DROP,
10.6528,14,STA,WIFI_DROP,
10.6552,6,STA,WIFI_DROP,
10.6552,8,STA,WIFI_DROP,
10.6552,14,STA,WIFI_DROP,
10.6576,6,STA,WIFI_DROP,
10.6576,8,STA,WIFI_DROP,
10.6576,14,STA,WIFI_DROP,
10.66,6,STA,WIFI_DROP,
10.66,8,STA,WIFI_DROP,
10.66,14,STA,WIFI_DROP,
10.6624,6,STA,WIFI_DROP,
10.6624,8,STA,WIFI_DROP,
10.6624,14,STA,WIFI_DROP,
10.6648,6,STA,WIFI_DROP,
10.6648,8,STA,WIFI_DROP,
10.6648,14,STA,WIFI_DROP,
10.6672,6,STA,WIFI_DROP,
10.6672,8,STA,WIFI_DROP,
10.6672,14,STA,WIFI_DROP,
10.6696,8,STA,WIFI_DROP,
10.6696,14,STA,WIFI_DROP,
10.672,8,STA,WIFI_DROP,
10.672,14,STA,WIFI_DROP,
10.6744,8,STA,WIFI_DROP,
10.6744,14,STA,WIFI_DROP,
10.6768,8,STA,WIFI_DROP,
10.6768,14,STA,WIFI_DROP,
10.6792,8,STA,WIFI_DROP,
10.6792,14,STA,WIFI_DROP,
10.6816,8,STA,WIFI_DROP,
10.6816,14,STA,WIFI_DROP,
10.684,8,STA,WIFI_DROP,
10.684,14,STA,WIFI_DROP,
10.6864,8,STA,WIFI_DROP,
10.6864,14,STA,WIFI_DROP,
10.6888,8,STA,WIFI_DROP,
10.6888,14,STA,WIFI_DROP,
10.6912,8,STA,WIFI_DROP,
10.6912,14,STA,WIFI_DROP,
10.6936,8,STA,WIFI_DROP,
10.6936,14,STA,WIFI_DROP,
10.696,8,STA,WIFI_DROP,
10.696,14,STA,WIFI_DROP,
10.6984,8,STA,WIFI_DROP,
10.6984,14,STA,WIFI_DROP,
10.7008,8,STA,WIFI_DROP,
10.7008,14,STA,WIFI_DROP,
10.7032,8,STA,WIFI_DROP,
10.7032,14,STA,WIFI_DROP,
10.7056,8,STA,WIFI_DROP,
10.7056,14,STA,WIFI_DROP,
10.708,8,STA,WIFI_DROP,
10.708,14,STA,WIFI_DROP,
10.7104,8,STA,WIFI_DROP,
10.7104,14,STA,WIFI_DROP,
10.7128,8,STA,WIFI_DROP,
10.7128,14,STA,WIFI_DROP,
10.7152,8,STA,WIFI_DROP,
10.7152,14,STA,WIFI_DROP,
10.7176,8,STA,WIFI_DROP,
10.7176,14,STA,WIFI_DROP,
10.72,8,STA,WIFI_DROP,
10.72,14,STA,WIFI_DROP,
10.7224,8,STA,WIFI_DROP,
10.7224,14,STA,WIFI_DROP,
10.7248,8,STA,WIFI_DROP,
10.7248,14,STA,WIFI_DROP,
10.7272,8,STA,WIFI_DROP,
10.7272,14,STA,WIFI_DROP,
10.7296,8,STA,WIFI_DROP,
10.7296,14,STA,WIFI_DROP,
10.732,8,STA,WIFI_DROP,
10.732,14,STA,WIFI_DROP,
10.7344,8,STA,WIFI_DROP,
10.7344,14,STA,WIFI_DROP,
10.7368,8,STA,WIFI_DROP,
10.7368,14,STA,WIFI_DROP,
10.7392,8,STA,WIFI_DROP,
10.7392,14,STA,WIFI_DROP,
10.7416,8,STA,WIFI_DROP,
10.7416,14,STA,WIFI_DROP,
10.744,8,STA,WIFI_DROP,
10.744,14,STA,WIFI_DROP,
10.7464,8,STA,WIFI_DROP,
10.7464,14,STA,WIFI_DROP,
10.7488,8,STA,WIFI_DROP,
10.7488,14,STA,WIFI_DROP,
10.7512,8,STA,WIFI_DROP,
10.7512,14,STA,WIFI_DROP,
10.7536,8,STA,WIFI_DROP,
10.7536,14,STA,WIFI_DROP,
10.756,8,STA,WIFI_DROP,
10.756,14,STA,WIFI_DROP,
10.7584,8,STA,WIFI_DROP,
10.7608,8,STA,WIFI_DROP,
10.7632,8,STA,WIFI_DROP,
10.7656,8,STA,WIFI_DROP,
10.768,8,STA,WIFI_DROP,
10.7704,8,STA,WIFI_DROP,
10.7728,8,STA,WIFI_DROP,
10.7752,8,STA,WIFI_DROP,
10.7776,8,STA,WIFI_DROP,
10.78,8,STA,WIFI_DROP,
10.78,14,STA,WIFI_DROP,
10.7824,8,STA,WIFI_DROP,
10.7824,14,STA,WIFI_DROP,
10.7848,8,STA,WIFI_DROP,
10.7848,14,STA,WIFI_DROP,
10.7872,8,STA,WIFI_DROP,
10.7872,14,STA,WIFI_DROP,
10.7896,8,STA,WIFI_DROP,
10.7896,14,STA,WIFI_DROP,
10.792,8,STA,WIFI_DROP,
10.792,14,STA,WIFI_DROP,
10.7944,8,STA,WIFI_DROP,
10.7944,14,STA,WIFI_DROP,
10.7968,8,STA,WIFI_DROP,
10.7968,14,STA,WIFI_DROP,
10.7992,8,STA,WIFI_DROP,
10.7992,14,STA,WIFI_DROP,
10.8016,8,STA,WIFI_DROP,
10.8016,14,STA,WIFI_DROP,
10.804,8,STA,WIFI_DROP,
10.804,14,STA,WIFI_DROP,
10.8064,8,STA,WIFI_DROP,
10.8064,14,STA,WIFI_DROP,
10.8088,8,STA,WIFI_DROP,
10.8088,14,STA,WIFI_DROP,
10.8112,8,STA,WIFI_DROP,
10.8112,14,STA,WIFI_DROP,
10.8136,8,STA,WIFI_DROP,
10.8136,14,STA,WIFI_DROP,
10.816,8,STA,WIFI_DROP,
10.816,14,STA,WIFI_DROP,
10.8184,8,STA,WIFI_DROP,
10.8184,14,STA,WIFI_DROP,
10.8208,8,STA,WIFI_DROP,
10.8208,14,STA,WIFI_DROP,
10.8232,8,STA,WIFI_DROP,
10.8232,14,STA,WIFI_DROP,
10.8256,8,STA,WIFI_DROP,
10.8256,14,STA,WIFI_DROP,
10.828,8,STA,WIFI_DROP,
10.828,14,STA,WIFI_DROP,
10.8304,8,STA,WIFI_DROP,
10.8304,14,STA,WIFI_DROP,
10.8328,8,STA,WIFI_DROP,
10.8328,14,STA,WIFI_DROP,
10.8328,20,STA,WIFI_DROP,
10.8352,8,STA,WIFI_DROP,
10.8352,14,STA,WIFI_DROP,
10.8352,20,STA,WIFI_DROP,
10.8376,8,STA,WIFI_DROP,
10.8376,14,STA,WIFI_DROP,
10.8376,20,STA,WIFI_DROP,
10.84,8,STA,WIFI_DROP,
10.84,14,STA,WIFI_DROP,
10.84,20,STA,WIFI_DROP,
10.8424,8,STA,WIFI_DROP,
10.8424,14,STA,WIFI_DROP,
10.8424,20,STA,WIFI_DROP,
10.8448,8,STA,WIFI_DROP,
10.8448,14,STA,WIFI_DROP,
10.8448,20,STA,WIFI_DROP,
10.8472,8,STA,WIFI_DROP,
10.8472,14,STA,WIFI_DROP,
10.8472,20,STA,WIFI_DROP,
10.8496,8,STA,WIFI_DROP,
10.8496,14,STA,WIFI_DROP,
10.8496,20,STA,WIFI_DROP,
10.852,8,STA,WIFI_DROP,
10.852,14,STA,WIFI_DROP,
10.852,20,STA,WIFI_DROP,
10.8544,8,STA,WIFI_DROP,
10.8544,14,STA,WIFI_DROP,
10.8544,20,STA,WIFI_DROP,
10.8568,8,STA,WIFI_DROP,
10.8568,14,STA,WIFI_DROP,
10.8568,20,STA,WIFI_DROP,
10.8592,8,STA,WIFI_DROP,
10.8592,14,STA,WIFI_DROP,
10.8592,20,STA,WIFI_DROP,
10.8616,8,STA,WIFI_DROP,
10.8616,14,STA,WIFI_DROP,
10.8616,20,STA,WIFI_DROP,
10.864,8,STA,WIFI_DROP,
10.864,14,STA,WIFI_DROP,
10.864,20,STA,WIFI_DROP,
10.8664,8,STA,WIFI_DROP,
10.8664,14,STA,WIFI_DROP,
10.8664,20,STA,WIFI_DROP,
10.8688,8,STA,WIFI_DROP,
10.8688,14,STA,WIFI_DROP,
10.8688,20,STA,WIFI_DROP,
10.8712,8,STA,WIFI_DROP,
10.8712,14,STA,WIFI_DROP,
10.8712,20,STA,WIFI_DROP,
10.8736,8,STA,WIFI_DROP,
10.8736,14,STA,WIFI_DROP,
10.8736,20,STA,WIFI_DROP,
10.876,8,STA,WIFI_DROP,
10.876,14,STA,WIFI_DROP,
10.876,20,STA,WIFI_DROP,
10.8784,8,STA,WIFI_DROP,
10.8784,14,STA,WIFI_DROP,
10.8784,20,STA,WIFI_DROP,
10.8808,8,STA,WIFI_DROP,
10.8808,14,STA,WIFI_DROP,
10.8808,20,STA,WIFI_DROP,
10.8832,8,STA,WIFI_DROP,
10.8832,14,STA,WIFI_DROP,
10.8832,20,STA,WIFI_DROP,
10.8856,8,STA,WIFI_DROP,
10.8856,14,STA,WIFI_DROP,
10.8856,20,STA,WIFI_DROP,
10.888,8,STA,WIFI_DROP,
10.888,14,STA,WIFI_DROP,
10.888,20,STA,WIFI_DROP,
10.8904,8,STA,WIFI_DROP,
10.8904,14,STA,WIFI_DROP,
10.8904,20,STA,WIFI_DROP,
10.8928,8,STA,WIFI_DROP,
10.8928,14,STA,WIFI_DROP,
10.8928,20,STA,WIFI_DROP,
10.8952,8,STA,WIFI_DROP,
10.8952,14,STA,WIFI_DROP,
10.8952,20,STA,WIFI_DROP,
10.8976,8,STA,WIFI_DROP,
10.8976,14,STA,WIFI_DROP,
10.8976,20,STA,WIFI_DROP,
10.9,8,STA,WIFI_DROP,
10.9,14,STA,WIFI_DROP,
10.9,20,STA,WIFI_DROP,
10.9024,8,STA,WIFI_DROP,
10.9024,14,STA,WIFI_DROP,
10.9024,20,STA,WIFI_DROP,
10.9048,8,STA,WIFI_DROP,
10.9048,14,STA,WIFI_DROP,
10.9048,20,STA,WIFI_DROP,
10.9072,8,STA,WIFI_DROP,
10.9072,14,STA,WIFI_DROP,
10.9072,20,STA,WIFI_DROP,
10.9096,8,STA,WIFI_DROP,
10.9096,14,STA,WIFI_DROP,
10.9096,20,STA,WIFI_DROP,
10.912,8,STA,WIFI_DROP,
10.912,14,STA,WIFI_DROP,
10.912,20,STA,WIFI_DROP,
10.9144,8,STA,WIFI_DROP,
10.9144,14,STA,WIFI_DROP,
10.9144,20,STA,WIFI_DROP,
10.9168,14,STA,WIFI_DROP,
10.9168,20,STA,WIFI_DROP,
10.9192,14,STA,WIFI_DROP,
10.9192,20,STA,WIFI_DROP,
10.9216,14,STA,WIFI_DROP,
10.9216,20,STA,WIFI_DROP,
10.924,14,STA,WIFI_DROP,
10.924,20,STA,WIFI_DROP,
10.9264,14,STA,WIFI_DROP,
10.9264,20,STA,WIFI_DROP,
10.9288,14,STA,WIFI_DROP,
10.9288,20,STA,WIFI_DROP,
10.9312,14,STA,WIFI_DROP,
10.9312,20,STA,WIFI_DROP,
10.9336,14,STA,WIFI_DROP,
10.9336,20,STA,WIFI_DROP,
10.936,14,STA,WIFI_DROP,
10.936,20,STA,WIFI_DROP,
10.9384,8,STA,WIFI_DROP,
10.9384,14,STA,WIFI_DROP,
10.9384,20,STA,WIFI_DROP,
10.9408,8,STA,WIFI_DROP,
10.9408,14,STA,WIFI_DROP,
10.9408,20,STA,WIFI_DROP,
10.9432,8,STA,WIFI_DROP,
10.9432,14,STA,WIFI_DROP,
10.9432,20,STA,WIFI_DROP,
10.9456,8,STA,WIFI_DROP,
10.9456,14,STA,WIFI_DROP,
10.9456,20,STA,WIFI_DROP,
10.948,8,STA,WIFI_DROP,
10.948,14,STA,WIFI_DROP,
10.948,20,STA,WIFI_DROP,
10.9504,8,STA,WIFI_DROP,
10.9504,14,STA,WIFI_DROP,
10.9504,20,STA,WIFI_DROP,
10.9528,8,STA,WIFI_DROP,
10.9528,14,STA,WIFI_DROP,
10.9528,20,STA,WIFI_DROP,
10.9552,8,STA,WIFI_DROP,
10.9552,14,STA,WIFI_DROP,
10.9552,20,STA,WIFI_DROP,
10.9576,8,STA,WIFI_DROP,
10.9576,14,STA,WIFI_DROP,
10.9576,20,STA,WIFI_DROP,
10.96,8,STA,WIFI_DROP,
10.96,14,STA,WIFI_DROP,
10.96,20,STA,WIFI_DROP,
10.9624,8,STA,WIFI_DROP,
10.9624,14,STA,WIFI_DROP,
10.9624,20,STA,WIFI_DROP,
10.9648,8,STA,WIFI_DROP,
10.9648,14,STA,WIFI_DROP,
10.9648,20,STA,WIFI_DROP,
10.9672,8,STA,WIFI_DROP,
10.9672,14,STA,WIFI_DROP,
10.9672,20,STA,WIFI_DROP,
10.9696,8,STA,WIFI_DROP,
10.9696,14,STA,WIFI_DROP,
10.9696,20,STA,WIFI_DROP,
10.972,8,STA,WIFI_DROP,
10.972,14,STA,WIFI_DROP,
10.972,20,STA,WIFI_DROP,
10.9744,8,STA,WIFI_DROP,
10.9744,14,STA,WIFI_DROP,
10.9744,20,STA,WIFI_DROP,
10.9768,8,STA,WIFI_DROP,
10.9768,14,STA,WIFI_DROP,
10.9768,20,STA,WIFI_DROP,
10.9792,8,STA,WIFI_DROP,
10.9792,14,STA,WIFI_DROP,
10.9792,20,STA,WIFI_DROP,
10.9816,8,STA,WIFI_DROP,
10.9816,14,STA,WIFI_DROP,
10.9816,20,STA,WIFI_DROP,
10.984,8,STA,WIFI_DROP,
10.984,14,STA,WIFI_DROP,
10.984,20,STA,WIFI_DROP,
10.9864,8,STA,WIFI_DROP,
10.9864,14,STA,WIFI_DROP,
10.9864,20,STA,WIFI_DROP,
10.9888,8,STA,WIFI_DROP,
10.9888,14,STA,WIFI_DROP,
10.9888,20,STA,WIFI_DROP,
10.9912,8,STA,WIFI_DROP,
10.9912,14,STA,WIFI_DROP,
10.9912,20,STA,WIFI_DROP,
10.9936,8,STA,WIFI_DROP,
10.9936,14,STA,WIFI_DROP,
10.9936,20,STA,WIFI_DROP,
10.996,8,STA,WIFI_DROP,
10.996,14,STA,WIFI_DROP,
10.996,20,STA,WIFI_DROP,
10.9984,8,STA,WIFI_DROP,
10.9984,14,STA,WIFI_DROP,
10.9984,20,STA,WIFI_DROP,
11,2,STA,THROUGHPUT_MBPS,1.188000
11,3,STA,THROUGHPUT_MBPS,1.032000
11,9,STA,THROUGHPUT_MBPS,0.480000
11,11,STA,THROUGHPUT_MBPS,3.108000
11,12,STA,THROUGHPUT_MBPS,0.756000
11,20,STA,THROUGHPUT_MBPS,0.840000
11,1,AP,AGGREGATE_THROUGHPUT_MBPS,7.404000
11,1,AP,SENT_COUNT,8340.000000
11,1,AP,RECV_COUNT,617.000000
11,1,AP,LATENCY_P95_MS,531.504579
11.0008,8,STA,WIFI_DROP,
11.0008,14,STA,WIFI_DROP,
11.0008,20,STA,WIFI_DROP,
11.0032,8,STA,WIFI_DROP,
11.0032,14,STA,WIFI_DROP,
11.0032,20,STA,WIFI_DROP,
11.0056,8,STA,WIFI_DROP,
11.0056,14,STA,WIFI_DROP,
11.0056,20,STA,WIFI_DROP,
11.008,8,STA,WIFI_DROP,
11.008,14,STA,WIFI_DROP,
11.008,20,STA,WIFI_DROP,
11.0104,8,STA,WIFI_DROP,
11.0104,14,STA,WIFI_DROP,
11.0104,20,STA,WIFI_DROP,
11.0128,8,STA,WIFI_DROP,
11.0128,14,STA,WIFI_DROP,
11.0128,20,STA,WIFI_DROP,
11.0152,8,STA,WIFI_DROP,
11.0152,14,STA,WIFI_DROP,
11.0152,20,STA,WIFI_DROP,
11.0176,8,STA,WIFI_DROP,
11.0176,14,STA,WIFI_DROP,
11.0176,20,STA,WIFI_DROP,
11.02,8,STA,WIFI_DROP,
11.02,14,STA,WIFI_DROP,
11.02,20,STA,WIFI_DROP,
11.0224,8,STA,WIFI_DROP,
11.0224,14,STA,WIFI_DROP,
11.0224,20,STA,WIFI_DROP,
11.0248,8,STA,WIFI_DROP,
11.0248,14,STA,WIFI_DROP,
11.0248,20,STA,WIFI_DROP,
11.0272,8,STA,WIFI_DROP,
11.0272,14,STA,WIFI_DROP,
11.0272,20,STA,WIFI_DROP,
11.0296,8,STA,WIFI_DROP,
11.0296,14,STA,WIFI_DROP,
11.0296,20,STA,WIFI_DROP,
11.032,8,STA,WIFI_DROP,
11.032,14,STA,WIFI_DROP,
11.032,20,STA,WIFI_DROP,
11.0344,8,STA,WIFI_DROP,
11.0344,14,STA,WIFI_DROP,
11.0344,20,STA,WIFI_DROP,
11.0368,8,STA,WIFI_DROP,
11.0368,14,STA,WIFI_DROP,
11.0368,20,STA,WIFI_DROP,
11.0392,8,STA,WIFI_DROP,
11.0392,14,STA,WIFI_DROP,
11.0392,20,STA,WIFI_DROP,
11.0416,8,STA,WIFI_DROP,
11.0416,14,STA,WIFI_DROP,
11.0416,20,STA,WIFI_DROP,
11.044,8,STA,WIFI_DROP,
11.044,14,STA,WIFI_DROP,
11.044,20,STA,WIFI_DROP,
11.0464,8,STA,WIFI_DROP,
11.0464,14,STA,WIFI_DROP,
11.0464,20,STA,WIFI_DROP,
11.0488,8,STA,WIFI_DROP,
11.0488,14,STA,WIFI_DROP,
11.0488,20,STA,WIFI_DROP,
11.0512,8,STA,WIFI_DROP,
11.0512,14,STA,WIFI_DROP,
11.0512,20,STA,WIFI_DROP,
11.0536,8,STA,WIFI_DROP,
11.0536,14,STA,WIFI_DROP,
11.0536,20,STA,WIFI_DROP,
11.056,8,STA,WIFI_DROP,
11.056,14,STA,WIFI_DROP,
11.056,20,STA,WIFI_DROP,
11.0584,8,STA,WIFI_DROP,
11.0584,14,STA,WIFI_DROP,
11.0584,20,STA,WIFI_DROP,
11.0608,8,STA,WIFI_DROP,
11.0608,14,STA,WIFI_DROP,
11.0608,20,STA,WIFI_DROP,
11.0632,8,STA,WIFI_DROP,
11.0632,14,STA,WIFI_DROP,
11.0632,20,STA,WIFI_DROP,
11.0656,8,STA,WIFI_DROP,
11.0656,14,STA,WIFI_DROP,
11.0656,20,STA,WIFI_DROP,
11.068,8,STA,WIFI_DROP,
11.068,14,STA,WIFI_DROP,
11.068,20,STA,WIFI_DROP,
11.0704,8,STA,WIFI_DROP,
11.0704,14,STA,WIFI_DROP,
11.0704,20,STA,WIFI_DROP,
11.0728,8,STA,WIFI_DROP,
11.0728,14,STA,WIFI_DROP,
11.0728,20,STA,WIFI_DROP,
11.0752,8,STA,WIFI_DROP,
11.0752,14,STA,WIFI_DROP,
11.0752,20,STA,WIFI_DROP,
11.0776,8,STA,WIFI_DROP,
11.0776,14,STA,WIFI_DROP,
11.0776,20,STA,WIFI_DROP,
11.08,8,STA,WIFI_DROP,
11.08,14,STA,WIFI_DROP,
11.08,20,STA,WIFI_DROP,
11.0824,8,STA,WIFI_DROP,
11.0824,14,STA,WIFI_DROP,
11.0824,20,STA,WIFI_DROP,
11.0848,8,STA,WIFI_DROP,
11.0848,14,STA,WIFI_DROP,
11.0848,20,STA,WIFI_DROP,
11.0872,8,STA,WIFI_DROP,
11.0872,14,STA,WIFI_DROP,
11.0872,20,STA,WIFI_DROP,
11.0896,8,STA,WIFI_DROP,
11.0896,14,STA,WIFI_DROP,
11.0896,20,STA,WIFI_DROP,
11.092,8,STA,WIFI_DROP,
11.092,14,STA,WIFI_DROP,
11.092,20,STA,WIFI_DROP,
11.0944,8,STA,WIFI_DROP,
11.0944,14,STA,WIFI_DROP,
11.0944,18,STA,WIFI_DROP,
11.0944,20,STA,WIFI_DROP,
11.0968,8,STA,WIFI_DROP,
11.0968,14,STA,WIFI_DROP,
11.0968,18,STA,WIFI_DROP,
11.0968,20,STA,WIFI_DROP,
11.0992,8,STA,WIFI_DROP,
11.0992,14,STA,WIFI_DROP,
11.0992,18,STA,WIFI_DROP,
11.0992,20,STA,WIFI_DROP,
11.1016,8,STA,WIFI_DROP,
11.1016,14,STA,WIFI_DROP,
11.1016,18,STA,WIFI_DROP,
11.1016,20,STA,WIFI_DROP,
11.104,8,STA,WIFI_DROP,
11.104,14,STA,WIFI_DROP,
11.104,18,STA,WIFI_DROP,
11.104,20,STA,WIFI_DROP,
11.1064,8,STA,WIFI_DROP,
11.1064,14,STA,WIFI_DROP,
11.1064,18,STA,WIFI_DROP,
11.1064,20,STA,WIFI_DROP,
11.1088,8,STA,WIFI_DROP,
11.1088,14,STA,WIFI_DROP,
11.1088,18,STA,WIFI_DROP,
11.1088,20,STA,WIFI_DROP,
11.1112,8,STA,WIFI_DROP,
11.1112,14,STA,WIFI_DROP,
11.1112,18,STA,WIFI_DROP,
11.1112,20,STA,WIFI_DROP,
11.1136,8,STA,WIFI_DROP,
11.1136,14,STA,WIFI_DROP,
11.1136,18,STA,WIFI_DROP,
11.1136,20,STA,WIFI_DROP,
11.116,8,STA,WIFI_DROP,
11.116,14,STA,WIFI_DROP,
11.116,18,STA,WIFI_DROP,
11.116,20,STA,WIFI_DROP,
11.1184,8,STA,WIFI_DROP,
11.1184,14,STA,WIFI_DROP,
11.1184,18,STA,WIFI_DROP,
11.1184,20,STA,WIFI_DROP,
11.1208,8,STA,WIFI_DROP,
11.1208,14,STA,WIFI_DROP,
11.1208,18,STA,WIFI_DROP,
11.1208,20,STA,WIFI_DROP,
11.1232,8,STA,WIFI_DROP,
11.1232,14,STA,WIFI_DROP,
11.1232,18,STA,WIFI_DROP,
11.1232,20,STA,WIFI_DROP,
11.1256,8,STA,WIFI_DROP,
11.1256,14,STA,WIFI_DROP,
11.1256,18,STA,WIFI_DROP,
11.1256,20,STA,WIFI_DROP,
11.128,8,STA,WIFI_DROP,
11.128,14,STA,WIFI_DROP,
11.128,18,STA,WIFI_DROP,
11.128,20,STA,WIFI_DROP,
11.1304,8,STA,WIFI_DROP,
11.1304,14,STA,WIFI_DROP,
11.1304,18,STA,WIFI_DROP,
11.1304,20,STA,WIFI_DROP,
11.1328,8,STA,WIFI_DROP,
11.1328,14,STA,WIFI_DROP,
11.1328,18,STA,WIFI_DROP,
11.1328,20,STA,WIFI_DROP,
11.1352,8,STA,WIFI_DROP,
11.1352,14,STA,WIFI_DROP,
11.1352,18,STA,WIFI_DROP,
11.1352,20,STA,WIFI_DROP,
11.1376,8,STA,WIFI_DROP,
11.1376,14,STA,WIFI_DROP,
11.1376,18,STA,WIFI_DROP,
11.1376,20,STA,WIFI_DROP,
11.14,8,STA,WIFI_DROP,
11.14,14,STA,WIFI_DROP,
11.14,18,STA,WIFI_DROP,
11.14,20,STA,WIFI_DROP,
11.1424,8,STA,WIFI_DROP,
11.1424,14,STA,WIFI_DROP,
11.1424,18,STA,WIFI_DROP,
11.1424,20,STA,WIFI_DROP,
11.1448,8,STA,WIFI_DROP,
11.1448,14,STA,WIFI_DROP,
11.1448,18,STA,WIFI_DROP,
11.1448,20,STA,WIFI_DROP,
11.1472,8,STA,WIFI_DROP,
11.1472,14,STA,WIFI_DROP,
11.1472,18,STA,WIFI_DROP,
11.1472,20,STA,WIFI_DROP,
11.1496,8,STA,WIFI_DROP,
11.1496,14,STA,WIFI_DROP,
11.1496,18,STA,WIFI_DROP,
11.1496,20,STA,WIFI_DROP,
11.152,8,STA,WIFI_DROP,
11.152,14,STA,WIFI_DROP,
11.152,18,STA,WIFI_DROP,
11.152,20,STA,WIFI_DROP,
11.1544,8,STA,WIFI_DROP,
11.1544,14,STA,WIFI_DROP,
11.1544,18,STA,WIFI_DROP,
11.1544,20,STA,WIFI_DROP,
11.1568,8,STA,WIFI_DROP,
11.1568,14,STA,WIFI_DROP,
11.1568,18,STA,WIFI_DROP,
11.1568,20,STA,WIFI_DROP,
11.1592,8,STA,WIFI_DROP,
11.1592,14,STA,WIFI_DROP,
11.1592,18,STA,WIFI_DROP,
11.1592,20,STA,WIFI_DROP,
11.1616,8,STA,WIFI_DROP,
11.1616,14,STA,WIFI_DROP,
11.1616,18,STA,WIFI_DROP,
11.1616,20,STA,WIFI_DROP,
11.164,8,STA,WIFI_DROP,
11.164,14,STA,WIFI_DROP,
11.164,18,STA,WIFI_DROP,
11.164,20,STA,WIFI_DROP,
11.1664,8,STA,WIFI_DROP,
11.1664,14,STA,WIFI_DROP,
11.1664,18,STA,WIFI_DROP,
11.1664,20,STA,WIFI_DROP,
11.1688,8,STA,WIFI_DROP,
11.1688,14,STA,WIFI_DROP,
11.1688,18,STA,WIFI_DROP,
11.1688,20,STA,WIFI_DROP,
11.1712,8,STA,WIFI_DROP,
11.1712,14,STA,WIFI_DROP,
11.1712,18,STA,WIFI_DROP,
11.1712,20,STA,WIFI_DROP,
11.1736,8,STA,WIFI_DROP,
11.1736,14,STA,WIFI_DROP,
11.1736,18,STA,WIFI_DROP,
11.1736,20,STA,WIFI_DROP,
11.176,8,STA,WIFI_DROP,
11.176,14,STA,WIFI_DROP,
11.176,18,STA,WIFI_DROP,
11.176,20,STA,WIFI_DROP,
11.1784,8,STA,WIFI_DROP,
11.1784,14,STA,WIFI_DROP,
11.1784,18,STA,WIFI_DROP,
11.1784,20,STA,WIFI_DROP,
11.1808,8,STA,WIFI_DROP,
11.1808,14,STA,WIFI_DROP,
11.1808,18,STA,WIFI_DROP,
11.1808,20,STA,WIFI_DROP,
11.1832,8,STA,WIFI_DROP,
11.1832,14,STA,WIFI_DROP,
11.1832,18,STA,WIFI_DROP,
11.1832,20,STA,WIFI_DROP,
11.1856,8,STA,WIFI_DROP,
11.1856,14,STA,WIFI_DROP,
11.1856,18,STA,WIFI_DROP,
11.1856,20,STA,WIFI_DROP,
11.188,8,STA,WIFI_DROP,
11.188,14,STA,WIFI_DROP,
11.188,18,STA,WIFI_DROP,
11.188,20,STA,WIFI_DROP,
11.1904,8,STA,WIFI_DROP,
11.1904,14,STA,WIFI_DROP,
11.1904,18,STA,WIFI_DROP,
11.1904,20,STA,WIFI_DROP,
11.1928,8,STA,WIFI_DROP,
11.1928,14,STA,WIFI_DROP,
11.1928,18,STA,WIFI_DROP,
11.1928,20,STA,WIFI_DROP,
11.1952,8,STA,WIFI_DROP,
11.1952,14,STA,WIFI_DROP,
11.1952,18,STA,WIFI_DROP,
11.1952,20,STA,WIFI_DROP,
11.1976,8,STA,WIFI_DROP,
11.1976,14,STA,WIFI_DROP,
11.1976,18,STA,WIFI_DROP,
11.1976,20,STA,WIFI_DROP,
11.2,8,STA,WIFI_DROP,
11.2,14,STA,WIFI_DROP,
11.2,18,STA,WIFI_DROP,
11.2,20,STA,WIFI_DROP,
11.2024,8,STA,WIFI_DROP,
11.2024,14,STA,WIFI_DROP,
11.2024,18,STA,WIFI_DROP,
11.2024,20,STA,WIFI_DROP,
11.2048,8,STA,WIFI_DROP,
11.2048,14,STA,WIFI_DROP,
11.2048,18,STA,WIFI_DROP,
11.2048,20,STA,WIFI_DROP,
11.2072,8,STA,WIFI_DROP,
11.2072,14,STA,WIFI_DROP,
11.2072,18,STA,WIFI_DROP,
11.2072,20,STA,WIFI_DROP,
11.2096,8,STA,WIFI_DROP,
11.2096,14,STA,WIFI_DROP,
11.2096,18,STA,WIFI_DROP,
11.2096,20,STA,WIFI_DROP,
11.212,8,STA,WIFI_DROP,
11.212,14,STA,WIFI_DROP,
11.212,18,STA,WIFI_DROP,
11.212,20,STA,WIFI_DROP,
11.2144,8,STA,WIFI_DROP,
11.2144,14,STA,WIFI_DROP,
11.2144,18,STA,WIFI_DROP,
11.2144,20,STA,WIFI_DROP,
11.2168,8,STA,WIFI_DROP,
11.2168,14,STA,WIFI_DROP,
11.2168,18,STA,WIFI_DROP,
11.2168,20,STA,WIFI_DROP,
11.2192,8,STA,WIFI_DROP,
11.2192,14,STA,WIFI_DROP,
11.2192,18,STA,WIFI_DROP,
11.2192,20,STA,WIFI_DROP,
11.2216,8,STA,WIFI_DROP,
11.2216,14,STA,WIFI_DROP,
11.2216,18,STA,WIFI_DROP,
11.2216,20,STA,WIFI_DROP,
11.224,8,STA,WIFI_DROP,
11.224,14,STA,WIFI_DROP,
11.224,18,STA,WIFI_DROP,
11.224,20,STA,WIFI_DROP,
11.2264,8,STA,WIFI_DROP,
11.2264,14,STA,WIFI_DROP,
11.2264,18,STA,WIFI_DROP,
11.2264,20,STA,WIFI_DROP,
11.2288,8,STA,WIFI_DROP,
11.2288,14,STA,WIFI_DROP,
11.2288,18,STA,WIFI_DROP,
11.2288,20,STA,WIFI_DROP,
11.2312,8,STA,WIFI_DROP,
11.2312,14,STA,WIFI_DROP,
11.2312,18,STA,WIFI_DROP,
11.2312,20,STA,WIFI_DROP,
11.2336,8,STA,WIFI_DROP,
11.2336,14,STA,WIFI_DROP,
11.2336,18,STA,WIFI_DROP,
11.2336,20,STA,WIFI_DROP,
11.236,8,STA,WIFI_DROP,
11.236,14,STA,WIFI_DROP,
11.236,18,STA,WIFI_DROP,
11.236,20,STA,WIFI_DROP,
11.2384,8,STA,WIFI_DROP,
11.2384,14,STA,WIFI_DROP,
11.2384,18,STA,WIFI_DROP,
11.2384,20,STA,WIFI_DROP,
11.2408,8,STA,WIFI_DROP,
11.2408,14,STA,WIFI_DROP,
11.2408,18,STA,WIFI_DROP,
11.2408,20,STA,WIFI_DROP,
11.2432,8,STA,WIFI_DROP,
11.2432,14,STA,WIFI_DROP,
11.2432,18,STA,WIFI_DROP,
11.2432,20,STA,WIFI_DROP,
11.2456,8,STA,WIFI_DROP,
11.2456,14,STA,WIFI_DROP,
11.2456,18,STA,WIFI_DROP,
11.2456,20,STA,WIFI_DROP,
11.248,8,STA,WIFI_DROP,
11.248,14,STA,WIFI_DROP,
11.248,18,STA,WIFI_DROP,
11.248,20,STA,WIFI_DROP,
11.2504,8,STA,WIFI_DROP,
11.2504,14,STA,WIFI_DROP,
11.2504,18,STA,WIFI_DROP,
11.2504,20,STA,WIFI_DROP,
11.2528,8,STA,WIFI_DROP,
11.2528,14,STA,WIFI_DROP,
11.2528,18,STA,WIFI_DROP,
11.2528,20,STA,WIFI_DROP,
11.2552,8,STA,WIFI_DROP,
11.2552,14,STA,WIFI_DROP,
11.2552,18,STA,WIFI_DROP,
11.2552,20,STA,WIFI_DROP,
11.2576,8,STA,WIFI_DROP,
11.2576,14,STA,WIFI_DROP,
11.2576,18,STA,WIFI_DROP,
11.2576,20,STA,WIFI_DROP,
11.26,8,STA,WIFI_DROP,
11.26,14,STA,WIFI_DROP,
11.26,18,STA,WIFI_DROP,
11.26,20,STA,WIFI_DROP,
11.2624,8,STA,WIFI_DROP,
11.2624,14,STA,WIFI_DROP,
11.2624,18,STA,WIFI_DROP,
11.2624,20,STA,WIFI_DROP,
11.2648,8,STA,WIFI_DROP,
11.2648,14,STA,WIFI_DROP,
11.2648,18,STA,WIFI_DROP,
11.2648,20,STA,WIFI_DROP,
11.2672,8,STA,WIFI_DROP,
11.2672,14,STA,WIFI_DROP,
11.2672,18,STA,WIFI_DROP,
11.2672,20,STA,WIFI_DROP,
11.2696,8,STA,WIFI_DROP,
11.2696,14,STA,WIFI_DROP,
11.2696,18,STA,WIFI_DROP,
11.2696,20,STA,WIFI_DROP,
11.272,8,STA,WIFI_DROP,
11.272,14,STA,WIFI_DROP,
11.272,18,STA,WIFI_DROP,
11.272,20,STA,WIFI_DROP,
11.2744,8,STA,WIFI_DROP,
11.2744,14,STA,WIFI_DROP,
11.2744,18,STA,WIFI_DROP,
11.2744,20,STA,WIFI_DROP,
11.2768,8,STA,WIFI_DROP,
11.2768,14,STA,WIFI_DROP,
11.2768,18,STA,WIFI_DROP,
11.2768,20,STA,WIFI_DROP,
11.2792,8,STA,WIFI_DROP,
11.2792,14,STA,WIFI_DROP,
11.2792,18,STA,WIFI_DROP,
11.2792,20,STA,WIFI_DROP,
11.2816,8,STA,WIFI_DROP,
11.2816,14,STA,WIFI_DROP,
11.2816,18,STA,WIFI_DROP,
11.2816,20,STA,WIFI_DROP,
11.284,8,STA,WIFI_DROP,
11.284,14,STA,WIFI_DROP,
11.284,18,STA,WIFI_DROP,
11.284,20,STA,WIFI_DROP,
11.2864,8,STA,WIFI_DROP,
11.2864,14,STA,WIFI_DROP,
11.2864,18,STA,WIFI_DROP,
11.2864,20,STA,WIFI_DROP,
11.2888,8,STA,WIFI_DROP,
11.2888,14,STA,WIFI_DROP,
11.2888,18,STA,WIFI_DROP,
11.2888,20,STA,WIFI_DROP,
11.2912,8,STA,WIFI_DROP,
11.2912,14,STA,WIFI_DROP,
11.2912,18,STA,WIFI_DROP,
11.2912,20,STA,WIFI_DROP,
11.2936,8,STA,WIFI_DROP,
11.2936,14,STA,WIFI_DROP,
11.2936,18,STA,WIFI_DROP,
11.2936,20,STA,WIFI_DROP,
11.296,8,STA,WIFI_DROP,
11.296,14,STA,WIFI_DROP,
11.296,18,STA,WIFI_DROP,
11.296,20,STA,WIFI_DROP,
11.2984,8,STA,WIFI_DROP,
11.2984,14,STA,WIFI_DROP,
11.2984,18,STA,WIFI_DROP,
11.2984,20,STA,WIFI_DROP,
11.3008,8,STA,WIFI_DROP,
11.3008,14,STA,WIFI_DROP,
11.3008,18,STA,WIFI_DROP,
11.3008,20,STA,WIFI_DROP,
11.3032,8,STA,WIFI_DROP,
11.3032,14,STA,WIFI_DROP,
11.3032,18,STA,WIFI_DROP,
11.3032,20,STA,WIFI_DROP,
11.3056,8,STA,WIFI_DROP,
11.3056,14,STA,WIFI_DROP,
11.3056,18,STA,WIFI_DROP,
11.3056,20,STA,WIFI_DROP,
11.308,8,STA,WIFI_DROP,
11.308,14,STA,WIFI_DROP,
11.308,18,STA,WIFI_DROP,
11.308,20,STA,WIFI_DROP,
11.3104,8,STA,WIFI_DROP,
11.3104,14,STA,WIFI_DROP,
11.3104,18,STA,WIFI_DROP,
11.3104,20,STA,WIFI_DROP,
11.3128,8,STA,WIFI_DROP,
11.3128,14,STA,WIFI_DROP,
11.3128,18,STA,WIFI_DROP,
11.3128,20,STA,WIFI_DROP,
11.3152,8,STA,WIFI_DROP,
11.3152,14,STA,WIFI_DROP,
11.3152,18,STA,WIFI_DROP,
11.3152,20,STA,WIFI_DROP,
11.3176,8,STA,WIFI_DROP,
11.3176,14,STA,WIFI_DROP,
11.3176,18,STA,WIFI_DROP,
11.3176,20,STA,WIFI_DROP,
11.32,8,STA,WIFI_DROP,
11.32,14,STA,WIFI_DROP,
11.32,18,STA,WIFI_DROP,
11.32,20,STA,WIFI_DROP,
11.3224,8,STA,WIFI_DROP,
11.3224,14,STA,WIFI_DROP,
11.3224,18,STA,WIFI_DROP,
11.3224,20,STA,WIFI_DROP,
11.3248,8,STA,WIFI_DROP,
11.3248,14,STA,WIFI_DROP,
11.3248,18,STA,WIFI_DROP,
11.3248,20,STA,WIFI_DROP,
11.3272,8,STA,WIFI_DROP,
11.3272,14,STA,WIFI_DROP,
11.3272,18,STA,WIFI_DROP,
11.3272,20,STA,WIFI_DROP,
11.3296,8,STA,WIFI_DROP,
11.3296,14,STA,WIFI_DROP,
11.3296,18,STA,WIFI_DROP,
11.3296,20,STA,WIFI_DROP,
11.332,8,STA,WIFI_DROP,
11.332,14,STA,WIFI_DROP,
11.332,18,STA,WIFI_DROP,
11.332,20,STA,WIFI_DROP,
11.3344,8,STA,WIFI_DROP,
11.3344,14,STA,WIFI_DROP,
11.3344,18,STA,WIFI_DROP,
11.3344,20,STA,WIFI_DROP,
11.3368,8,STA,WIFI_DROP,
11.3368,14,STA,WIFI_DROP,
11.3368,18,STA,WIFI_DROP,
11.3368,20,STA,WIFI_DROP,
11.3392,8,STA,WIFI_DROP,
11.3392,14,STA,WIFI_DROP,
11.3392,18,STA,WIFI_DROP,
11.3392,20,STA,WIFI_DROP,
11.3416,8,STA,WIFI_DROP,
11.3416,14,STA,WIFI_DROP,
11.3416,18,STA,WIFI_DROP,
11.3416,20,STA,WIFI_DROP,
11.344,8,STA,WIFI_DROP,
11.344,14,STA,WIFI_DROP,
11.344,18,STA,WIFI_DROP,
11.344,20,STA,WIFI_DROP,
11.3464,8,STA,WIFI_DROP,
11.3464,14,STA,WIFI_DROP,
11.3464,18,STA,WIFI_DROP,
11.3464,20,STA,WIFI_DROP,
11.3488,8,STA,WIFI_DROP,
11.3488,14,STA,WIFI_DROP,
11.3488,18,STA,WIFI_DROP,
11.3488,20,STA,WIFI_DROP,
11.3512,8,STA,WIFI_DROP,
11.3512,14,STA,WIFI_DROP,
11.3512,18,STA,WIFI_DROP,
11.3512,20,STA,WIFI_DROP,
11.3536,8,STA,WIFI_DROP,
11.3536,14,STA,WIFI_DROP,
11.3536,18,STA,WIFI_DROP,
11.3536,20,STA,WIFI_DROP,
11.356,8,STA,WIFI_DROP,
11.356,14,STA,WIFI_DROP,
11.356,18,STA,WIFI_DROP,
11.356,20,STA,WIFI_DROP,
11.3584,8,STA,WIFI_DROP,
11.3584,14,STA,WIFI_DROP,
11.3584,18,STA,WIFI_DROP,
11.3584,20,STA,WIFI_DROP,
11.3608,8,STA,WIFI_DROP,
11.3608,14,STA,WIFI_DROP,
11.3608,18,STA,WIFI_DROP,
11.3608,20,STA,WIFI_DROP,
11.3632,8,STA,WIFI_DROP,
11.3632,14,STA,WIFI_DROP,
11.3632,18,STA,WIFI_DROP,
11.3632,20,STA,WIFI_DROP,
11.3656,8,STA,WIFI_DROP,
11.3656,14,STA,WIFI_DROP,
11.3656,18,STA,WIFI_DROP,
11.3656,20,STA,WIFI_DROP,
11.368,8,STA,WIFI_DROP,
11.368,14,STA,WIFI_DROP,
11.368,18,STA,WIFI_DROP,
11.368,20,STA,WIFI_DROP,
11.3704,8,STA,WIFI_DROP,
11.3704,14,STA,WIFI_DROP,
11.3704,18,STA,WIFI_DROP,
11.3704,20,STA,WIFI_DROP,
11.3728,8,STA,WIFI_DROP,
11.3728,14,STA,WIFI_DROP,
11.3728,18,STA,WIFI_DROP,
11.3728,20,STA,WIFI_DROP,
11.3752,8,STA,WIFI_DROP,
11.3752,14,STA,WIFI_DROP,
11.3752,18,STA,WIFI_DROP,
11.3752,20,STA,WIFI_DROP,
11.3776,8,STA,WIFI_DROP,
11.3776,14,STA,WIFI_DROP,
11.3776,18,STA,WIFI_DROP,
11.3776,20,STA,WIFI_DROP,
11.38,8,STA,WIFI_DROP,
11.38,14,STA,WIFI_DROP,
11.38,18,STA,WIFI_DROP,
11.38,20,STA,WIFI_DROP,
11.3824,8,STA,WIFI_DROP,
11.3824,14,STA,WIFI_DROP,
11.3824,18,STA,WIFI_DROP,
11.3824,20,STA,WIFI_DROP,
11.3848,8,STA,WIFI_DROP,
11.3848,14,STA,WIFI_DROP,
11.3848,18,STA,WIFI_DROP,
11.3848,20,STA,WIFI_DROP,
11.3872,8,STA,WIFI_DROP,
11.3872,14,STA,WIFI_DROP,
11.3872,18,STA,WIFI_DROP,
11.3872,20,STA,WIFI_DROP,
11.3896,8,STA,WIFI_DROP,
11.3896,14,STA,WIFI_DROP,
11.3896,18,STA,WIFI_DROP,
11.3896,20,STA,WIFI_DROP,
11.392,8,STA,WIFI_DROP,
11.392,14,STA,WIFI_DROP,
11.392,18,STA,WIFI_DROP,
11.392,20,STA,WIFI_DROP,
11.3944,8,STA,WIFI_DROP,
11.3944,14,STA,WIFI_DROP,
11.3944,18,STA,WIFI_DROP,
11.3944,20,STA,WIFI_DROP,
11.3968,8,STA,WIFI_DROP,
11.3968,14,STA,WIFI_DROP,
11.3968,18,STA,WIFI_DROP,
11.3968,20,STA,WIFI_DROP,
11.3992,8,STA,WIFI_DROP,
11.3992,14,STA,WIFI_DROP,
11.3992,18,STA,WIFI_DROP,
11.3992,20,STA,WIFI_DROP,
11.4016,8,STA,WIFI_DROP,
11.4016,14,STA,WIFI_DROP,
11.4016,18,STA,WIFI_DROP,
11.4016,20,STA,WIFI_DROP,
11.404,8,STA,WIFI_DROP,
11.404,14,STA,WIFI_DROP,
11.404,18,STA,WIFI_DROP,
11.404,20,STA,WIFI_DROP,
11.4064,8,STA,WIFI_DROP,
11.4064,14,STA,WIFI_DROP,
11.4064,18,STA,WIFI_DROP,
11.4064,20,STA,WIFI_DROP,
11.4088,8,STA,WIFI_DROP,
11.4088,14,STA,WIFI_DROP,
11.4088,18,STA,WIFI_DROP,
11.4088,20,STA,WIFI_DROP,
11.4112,8,STA,WIFI_DROP,
11.4112,14,STA,WIFI_DROP,
11.4112,18,STA,WIFI_DROP,
11.4112,20,STA,WIFI_DROP,
11.4136,8,STA,WIFI_DROP,
11.4136,14,STA,WIFI_DROP,
11.4136,18,STA,WIFI_DROP,
11.4136,20,STA,WIFI_DROP,
11.416,8,STA,WIFI_DROP,
11.416,14,STA,WIFI_DROP,
11.416,18,STA,WIFI_DROP,
11.416,20,STA,WIFI_DROP,
11.4184,8,STA,WIFI_DROP,
11.4184,14,STA,WIFI_DROP,
11.4184,18,STA,WIFI_DROP,
11.4184,20,STA,WIFI_DROP,
11.4208,8,STA,WIFI_DROP,
11.4208,14,STA,WIFI_DROP,
11.4208,18,STA,WIFI_DROP,
11.4208,20,STA,WIFI_DROP,
11.4232,8,STA,WIFI_DROP,
11.4232,14,STA,WIFI_DROP,
11.4232,18,STA,WIFI_DROP,
11.4232,20,STA,WIFI_DROP,
11.4256,8,STA,WIFI_DROP,
11.4256,14,STA,WIFI_DROP,
11.4256,18,STA,WIFI_DROP,
11.4256,20,STA,WIFI_DROP,
11.428,8,STA,WIFI_DROP,
11.428,14,STA,WIFI_DROP,
11.428,18,STA,WIFI_DROP,
11.428,20,STA,WIFI_DROP,
11.4304,8,STA,WIFI_DROP,
11.4304,14,STA,WIFI_DROP,
11.4304,18,STA,WIFI_DROP,
11.4304,20,STA,WIFI_DROP,
11.4328,8,STA,WIFI_DROP,
11.4328,14,STA,WIFI_DROP,
11.4328,18,STA,WIFI_DROP,
11.4328,20,STA,WIFI_DROP,
11.4352,8,STA,WIFI_DROP,
11.4352,14,STA,WIFI_DROP,
11.4352,18,STA,WIFI_DROP,
11.4352,20,STA,WIFI_DROP,
11.4376,8,STA,WIFI_DROP,
11.4376,14,STA,WIFI_DROP,
11.4376,18,STA,WIFI_DROP,
11.4376,20,STA,WIFI_DROP,
11.44,8,STA,WIFI_DROP,
11.44,14,STA,WIFI_DROP,
11.44,18,STA,WIFI_DROP,
11.44,20,STA,WIFI_DROP,
11.4424,8,STA,WIFI_DROP,
11.4424,14,STA,WIFI_DROP,
11.4424,18,STA,WIFI_DROP,
11.4424,20,STA,WIFI_DROP,
11.4448,8,STA,WIFI_DROP,
11.4448,14,STA,WIFI_DROP,
11.4448,18,STA,WIFI_DROP,
11.4448,20,STA,WIFI_DROP,
11.4472,8,STA,WIFI_DROP,
11.4472,14,STA,WIFI_DROP,
11.4472,18,STA,WIFI_DROP,
11.4472,20,STA,WIFI_DROP,
11.4496,8,STA,WIFI_DROP,
11.4496,14,STA,WIFI_DROP,
11.4496,18,STA,WIFI_DROP,
11.4496,20,STA,WIFI_DROP,
11.452,8,STA,WIFI_DROP,
11.452,14,STA,WIFI_DROP,
11.452,18,STA,WIFI_DROP,
11.452,20,STA,WIFI_DROP,
11.4544,8,STA,WIFI_DROP,
11.4544,14,STA,WIFI_DROP,
11.4544,18,STA,WIFI_DROP,
11.4544,20,STA,WIFI_DROP,
11.4568,8,STA,WIFI_DROP,
11.4568,14,STA,WIFI_DROP,
11.4568,18,STA,WIFI_DROP,
11.4568,20,STA,WIFI_DROP,
11.4592,8,STA,WIFI_DROP,
11.4592,14,STA,WIFI_DROP,
11.4592,18,STA,WIFI_DROP,
11.4592,20,STA,WIFI_DROP,
11.4616,8,STA,WIFI_DROP,
11.4616,14,STA,WIFI_DROP,
11.4616,18,STA,WIFI_DROP,
11.4616,20,STA,WIFI_DROP,
11.464,8,STA,WIFI_DROP,
11.464,14,STA,WIFI_DROP,
11.464,18,STA,WIFI_DROP,
11.464,20,STA,WIFI_DROP,
11.4664,8,STA,WIFI_DROP,
11.4664,14,STA,WIFI_DROP,
11.4664,18,STA,WIFI_DROP,
11.4664,20,STA,WIFI_DROP,
11.4688,8,STA,WIFI_DROP,
11.4688,14,STA,WIFI_DROP,
11.4688,18,STA,WIFI_DROP,
11.4688,20,STA,WIFI_DROP,
11.4712,8,STA,WIFI_DROP,
11.4712,14,STA,WIFI_DROP,
11.4712,18,STA,WIFI_DROP,
11.4712,20,STA,WIFI_DROP,
11.4736,8,STA,WIFI_DROP,
11.4736,14,STA,WIFI_DROP,
11.4736,18,STA,WIFI_DROP,
11.4736,20,STA,WIFI_DROP,
11.476,8,STA,WIFI_DROP,
11.476,14,STA,WIFI_DROP,
11.476,18,STA,WIFI_DROP,
11.476,20,STA,WIFI_DROP,
11.4784,8,STA,WIFI_DROP,
11.4784,14,STA,WIFI_DROP,
11.4784,18,STA,WIFI_DROP,
11.4784,20,STA,WIFI_DROP,
11.4808,8,STA,WIFI_DROP,
11.4808,14,STA,WIFI_DROP,
11.4808,18,STA,WIFI_DROP,
11.4808,20,STA,WIFI_DROP,
11.4832,8,STA,WIFI_DROP,
11.4832,14,STA,WIFI_DROP,
11.4832,18,STA,WIFI_DROP,
11.4832,20,STA,WIFI_DROP,
11.4856,8,STA,WIFI_DROP,
11.4856,14,STA,WIFI_DROP,
11.4856,18,STA,WIFI_DROP,
11.4856,20,STA,WIFI_DROP,
11.488,8,STA,WIFI_DROP,
11.488,14,STA,WIFI_DROP,
11.488,18,STA,WIFI_DROP,
11.488,20,STA,WIFI_DROP,
11.4904,8,STA,WIFI_DROP,
11.4904,14,STA,WIFI_DROP,
11.4904,18,STA,WIFI_DROP,
11.4904,20,STA,WIFI_DROP,
11.4928,8,STA,WIFI_DROP,
11.4928,14,STA,WIFI_DROP,
11.4928,18,STA,WIFI_DROP,
11.4928,20,STA,WIFI_DROP,
11.4952,8,STA,WIFI_DROP,
11.4952,14,STA,WIFI_DROP,
11.4952,18,STA,WIFI_DROP,
11.4952,20,STA,WIFI_DROP,
11.4976,8,STA,WIFI_DROP,
11.4976,14,STA,WIFI_DROP,
11.4976,18,STA,WIFI_DROP,
11.4976,20,STA,WIFI_DROP,
11.5,8,STA,WIFI_DROP,
11.5,14,STA,WIFI_DROP,
11.5,18,STA,WIFI_DROP,
11.5,20,STA,WIFI_DROP,
11.5024,8,STA,WIFI_DROP,
11.5024,14,STA,WIFI_DROP,
11.5024,18,STA,WIFI_DROP,
11.5024,19,STA,WIFI_DROP,
11.5024,20,STA,WIFI_DROP,
11.5048,8,STA,WIFI_DROP,
11.5048,14,STA,WIFI_DROP,
11.5048,18,STA,WIFI_DROP,
11.5048,19,STA,WIFI_DROP,
11.5048,20,STA,WIFI_DROP,
11.5072,8,STA,WIFI_DROP,
11.5072,14,STA,WIFI_DROP,
11.5072,18,STA,WIFI_DROP,
11.5072,19,STA,WIFI_DROP,
11.5072,20,STA,WIFI_DROP,
11.5096,8,STA,WIFI_DROP,
11.5096,14,STA,WIFI_DROP,
11.5096,18,STA,WIFI_DROP,
11.5096,19,STA,WIFI_DROP,
11.5096,20,STA,WIFI_DROP,
11.512,8,STA,WIFI_DROP,
11.512,14,STA,WIFI_DROP,
11.512,18,STA,WIFI_DROP,
11.512,19,STA,WIFI_DROP,
11.512,20,STA,WIFI_DROP,
11.5144,8,STA,WIFI_DROP,
11.5144,14,STA,WIFI_DROP,
11.5144,18,STA,WIFI_DROP,
11.5144,19,STA,WIFI_DROP,
11.5144,20,STA,WIFI_DROP,
11.5168,8,STA,WIFI_DROP,
11.5168,14,STA,WIFI_DROP,
11.5168,18,STA,WIFI_DROP,
11.5168,19,STA,WIFI_DROP,
11.5168,20,STA,WIFI_DROP,
11.5192,8,STA,WIFI_DROP,
11.5192,14,STA,WIFI_DROP,
11.5192,18,STA,WIFI_DROP,
11.5192,19,STA,WIFI_DROP,
11.5192,20,STA,WIFI_DROP,
11.5216,8,STA,WIFI_DROP,
11.5216,14,STA,WIFI_DROP,
11.5216,18,STA,WIFI_DROP,
11.5216,19,STA,WIFI_DROP,
11.5216,20,STA,WIFI_DROP,
11.524,8,STA,WIFI_DROP,
11.524,14,STA,WIFI_DROP,
11.524,18,STA,WIFI_DROP,
11.524,19,STA,WIFI_DROP,
11.524,20,STA,WIFI_DROP,
11.5264,8,STA,WIFI_DROP,
11.5264,14,STA,WIFI_DROP,
11.5264,18,STA,WIFI_DROP,
11.5264,19,STA,WIFI_DROP,
11.5264,20,STA,WIFI_DROP,
11.5288,8,STA,WIFI_DROP,
11.5288,14,STA,WIFI_DROP,
11.5288,18,STA,WIFI_DROP,
11.5288,19,STA,WIFI_DROP,
11.5288,20,STA,WIFI_DROP,
11.5312,8,STA,WIFI_DROP,
11.5312,18,STA,WIFI_DROP,
11.5312,19,STA,WIFI_DROP,
11.5312,20,STA,WIFI_DROP,
11.5336,8,STA,WIFI_DROP,
11.5336,18,STA,WIFI_DROP,
11.5336,19,STA,WIFI_DROP,
11.5336,20,STA,WIFI_DROP,
11.536,8,STA,WIFI_DROP,
11.536,18,STA,WIFI_DROP,
11.536,19,STA,WIFI_DROP,
11.536,20,STA,WIFI_DROP,
11.5384,8,STA,WIFI_DROP,
11.5384,18,STA,WIFI_DROP,
11.5384,19,STA,WIFI_DROP,
11.5384,20,STA,WIFI_DROP,
11.5408,8,STA,WIFI_DROP,
11.5408,18,STA,WIFI_DROP,
11.5408,19,STA,WIFI_DROP,
11.5408,20,STA,WIFI_DROP,
11.5432,8,STA,WIFI_DROP,
11.5432,18,STA,WIFI_DROP,
11.5432,19,STA,WIFI_DROP,
11.5432,20,STA,WIFI_DROP,
11.5456,8,STA,WIFI_DROP,
11.5456,18,STA,WIFI_DROP,
11.5456,19,STA,WIFI_DROP,
11.5456,20,STA,WIFI_DROP,
11.548,8,STA,WIFI_DROP,
11.548,18,STA,WIFI_DROP,
11.548,19,STA,WIFI_DROP,
11.548,20,STA,WIFI_DROP,
11.5504,8,STA,WIFI_DROP,
11.5504,18,STA,WIFI_DROP,
11.5504,19,STA,WIFI_DROP,
11.5504,20,STA,WIFI_DROP,
11.5528,8,STA,WIFI_DROP,
11.5528,18,STA,WIFI_DROP,
11.5528,19,STA,WIFI_DROP,
11.5528,20,STA,WIFI_DROP,
11.5552,8,STA,WIFI_DROP,
11.5552,18,STA,WIFI_DROP,
11.5552,19,STA,WIFI_DROP,
11.5552,20,STA,WIFI_DROP,
11.5576,8,STA,WIFI_DROP,
11.5576,18,STA,WIFI_DROP,
11.5576,19,STA,WIFI_DROP,
11.5576,20,STA,WIFI_DROP,
11.56,8,STA,WIFI_DROP,
11.56,18,STA,WIFI_DROP,
11.56,19,STA,WIFI_DROP,
11.56,20,STA,WIFI_DROP,
11.5624,8,STA,WIFI_DROP,
11.5624,18,STA,WIFI_DROP,
11.5624,19,STA,WIFI_DROP,
11.5624,20,STA,WIFI_DROP,
11.5648,8,STA,WIFI_DROP,
11.5648,18,STA,WIFI_DROP,
11.5648,19,STA,WIFI_DROP,
11.5648,20,STA,WIFI_DROP,
11.5672,8,STA,WIFI_DROP,
11.5672,18,STA,WIFI_DROP,
11.5672,19,STA,WIFI_DROP,
11.5672,20,STA,WIFI_DROP,
11.5696,8,STA,WIFI_DROP,
11.5696,18,STA,WIFI_DROP,
11.5696,19,STA,WIFI_DROP,
11.5696,20,STA,WIFI_DROP,
11.572,8,STA,WIFI_DROP,
11.572,18,STA,WIFI_DROP,
11.572,19,STA,WIFI_DROP,
11.572,20,STA,WIFI_DROP,
11.5744,8,STA,WIFI_DROP,
11.5744,18,STA,WIFI_DROP,
11.5744,19,STA,WIFI_DROP,
11.5744,20,STA,WIFI_DROP,
11.5768,8,STA,WIFI_DROP,
11.5768,18,STA,WIFI_DROP,
11.5768,19,STA,WIFI_DROP,
11.5768,20,STA,WIFI_DROP,
11.5792,8,STA,WIFI_DROP,
11.5792,18,STA,WIFI_DROP,
11.5792,19,STA,WIFI_DROP,
11.5792,20,STA,WIFI_DROP,
11.5816,8,STA,WIFI_DROP,
11.5816,18,STA,WIFI_DROP,
11.5816,19,STA,WIFI_DROP,
11.5816,20,STA,WIFI_DROP,
11.584,8,STA,WIFI_DROP,
11.584,18,STA,WIFI_DROP,
11.584,19,STA,WIFI_DROP,
11.584,20,STA,WIFI_DROP,
11.5864,8,STA,WIFI_DROP,
11.5864,18,STA,WIFI_DROP,
11.5864,19,STA,WIFI_DROP,
11.5864,20,STA,WIFI_DROP,
11.5888,8,STA,WIFI_DROP,
11.5888,18,STA,WIFI_DROP,
11.5888,19,STA,WIFI_DROP,
11.5888,20,STA,WIFI_DROP,
11.5912,8,STA,WIFI_DROP,
11.5912,18,STA,WIFI_DROP,
11.5912,19,STA,WIFI_DROP,
11.5912,20,STA,WIFI_DROP,
11.5936,8,STA,WIFI_DROP,
11.5936,18,STA,WIFI_DROP,
11.5936,19,STA,WIFI_DROP,
11.5936,20,STA,WIFI_DROP,
11.596,8,STA,WIFI_DROP,
11.596,18,STA,WIFI_DROP,
11.596,19,STA,WIFI_DROP,
11.596,20,STA,WIFI_DROP,
11.5984,8,STA,WIFI_DROP,
11.5984,18,STA,WIFI_DROP,
11.5984,19,STA,WIFI_DROP,
11.5984,20,STA,WIFI_DROP,
11.6008,8,STA,WIFI_DROP,
11.6008,18,STA,WIFI_DROP,
11.6008,19,STA,WIFI_DROP,
11.6008,20,STA,WIFI_DROP,
11.6032,8,STA,WIFI_DROP,
11.6032,18,STA,WIFI_DROP,
11.6032,19,STA,WIFI_DROP,
11.6032,20,STA,WIFI_DROP,
11.6056,8,STA,WIFI_DROP,
11.6056,18,STA,WIFI_DROP,
11.6056,19,STA,WIFI_DROP,
11.6056,20,STA,WIFI_DROP,
11.608,8,STA,WIFI_DROP,
11.608,18,STA,WIFI_DROP,
11.608,19,STA,WIFI_DROP,
11.608,20,STA,WIFI_DROP,
11.6104,8,STA,WIFI_DROP,
11.6104,18,STA,WIFI_DROP,
11.6104,19,STA,WIFI_DROP,
11.6104,20,STA,WIFI_DROP,
11.6128,8,STA,WIFI_DROP,
11.6128,18,STA,WIFI_DROP,
11.6128,19,STA,WIFI_DROP,
11.6128,20,STA,WIFI_DROP,
11.6152,8,STA,WIFI_DROP,
11.6152,18,STA,WIFI_DROP,
11.6152,19,STA,WIFI_DROP,
11.6152,20,STA,WIFI_DROP,
11.6176,8,STA,WIFI_DROP,
11.6176,18,STA,WIFI_DROP,
11.6176,19,STA,WIFI_DROP,
11.6176,20,STA,WIFI_DROP,
11.62,8,STA,WIFI_DROP,
11.62,18,STA,WIFI_DROP,
11.62,19,STA,WIFI_DROP,
11.62,20,STA,WIFI_DROP,
11.6224,8,STA,WIFI_DROP,
11.6224,18,STA,WIFI_DROP,
11.6224,19,STA,WIFI_DROP,
11.6224,20,STA,WIFI_DROP,
11.6248,8,STA,WIFI_DROP,
11.6248,18,STA,WIFI_DROP,
11.6248,19,STA,WIFI_DROP,
11.6248,20,STA,WIFI_DROP,
11.6272,8,STA,WIFI_DROP,
11.6272,18,STA,WIFI_DROP,
11.6272,19,STA,WIFI_DROP,
11.6272,20,STA,WIFI_DROP,
11.6296,8,STA,WIFI_DROP,
11.6296,18,STA,WIFI_DROP,
11.6296,19,STA,WIFI_DROP,
11.6296,20,STA,WIFI_DROP,
11.632,8,STA,WIFI_DROP,
11.632,18,STA,WIFI_DROP,
11.632,19,STA,WIFI_DROP,
11.632,20,STA,WIFI_DROP,
11.6344,8,STA,WIFI_DROP,
11.6344,18,STA,WIFI_DROP,
11.6344,19,STA,WIFI_DROP,
11.6344,20,STA,WIFI_DROP,
11.6368,8,STA,WIFI_DROP,
11.6368,18,STA,WIFI_DROP,
11.6368,19,STA,WIFI_DROP,
11.6368,20,STA,WIFI_DROP,
11.6392,8,STA,WIFI_DROP,
11.6392,18,STA,WIFI_DROP,
11.6392,19,STA,WIFI_DROP,
11.6392,20,STA,WIFI_DROP,
11.6416,8,STA,WIFI_DROP,
11.6416,18,STA,WIFI_DROP,
11.6416,19,STA,WIFI_DROP,
11.6416,20,STA,WIFI_DROP,
11.644,8,STA,WIFI_DROP,
11.644,18,STA,WIFI_DROP,
11.644,19,STA,WIFI_DROP,
11.644,20,STA,WIFI_DROP,
11.6464,8,STA,WIFI_DROP,
11.6464,19,STA,WIFI_DROP,
11.6464,20,STA,WIFI_DROP,
11.6488,8,STA,WIFI_DROP,
11.6488,19,STA,WIFI_DROP,
11.6488,20,STA,WIFI_DROP,
11.6512,8,STA,WIFI_DROP,
11.6512,19,STA,WIFI_DROP,
11.6512,20,STA,WIFI_DROP,
11.6536,8,STA,WIFI_DROP,
11.6536,19,STA,WIFI_DROP,
11.6536,20,STA,WIFI_DROP,
11.656,8,STA,WIFI_DROP,
11.656,19,STA,WIFI_DROP,
11.656,20,STA,WIFI_DROP,
11.6584,8,STA,WIFI_DROP,
11.6584,19,STA,WIFI_DROP,
11.6584,20,STA,WIFI_DROP,
11.6608,8,STA,WIFI_DROP,
11.6608,19,STA,WIFI_DROP,
11.6608,20,STA,WIFI_DROP,
11.6632,8,STA,WIFI_DROP,
11.6632,19,STA,WIFI_DROP,
11.6632,20,STA,WIFI_DROP,
11.6656,8,STA,WIFI_DROP,
11.6656,19,STA,WIFI_DROP,
11.6656,20,STA,WIFI_DROP,
11.668,8,STA,WIFI_DROP,
11.668,19,STA,WIFI_DROP,
11.668,20,STA,WIFI_DROP,
11.6704,8,STA,WIFI_DROP,
11.6704,19,STA,WIFI_DROP,
11.6704,20,STA,WIFI_DROP,
11.6728,8,STA,WIFI_DROP,
11.6728,19,STA,WIFI_DROP,
11.6728,20,STA,WIFI_DROP,
11.6752,8,STA,WIFI_DROP,
11.6752,19,STA,WIFI_DROP,
11.6752,20,STA,WIFI_DROP,
11.6776,8,STA,WIFI_DROP,
11.6776,19,STA,WIFI_DROP,
11.6776,20,STA,WIFI_DROP,
11.68,8,STA,WIFI_DROP,
11.68,19,STA,WIFI_DROP,
11.68,20,STA,WIFI_DROP,
11.6824,8,STA,WIFI_DROP,
11.6824,19,STA,WIFI_DROP,
11.6824,20,STA,WIFI_DROP,
11.6848,8,STA,WIFI_DROP,
11.6848,19,STA,WIFI_DROP,
11.6848,20,STA,WIFI_DROP,
11.6872,8,STA,WIFI_DROP,
11.6872,19,STA,WIFI_DROP,
11.6872,20,STA,WIFI_DROP,
11.6896,8,STA,WIFI_DROP,
11.6896,19,STA,WIFI_DROP,
11.6896,20,STA,WIFI_DROP,
11.692,8,STA,WIFI_DROP,
11.692,19,STA,WIFI_DROP,
11.692,20,STA,WIFI_DROP,
11.6944,8,STA,WIFI_DROP,
11.6944,19,STA,WIFI_DROP,
11.6944,20,STA,WIFI_DROP,
11.6968,8,STA,WIFI_DROP,
11.6968,19,STA,WIFI_DROP,
11.6968,20,STA,WIFI_DROP,
11.6992,8,STA,WIFI_DROP,
11.6992,19,STA,WIFI_DROP,
11.6992,20,STA,WIFI_DROP,
11.7016,8,STA,WIFI_DROP,
11.7016,19,STA,WIFI_DROP,
11.7016,20,STA,WIFI_DROP,
11.704,8,STA,WIFI_DROP,
11.704,19,STA,WIFI_DROP,
11.704,20,STA,WIFI_DROP,
11.7064,8,STA,WIFI_DROP,
11.7064,19,STA,WIFI_DROP,
11.7064,20,STA,WIFI_DROP,
11.7088,8,STA,WIFI_DROP,
11.7088,19,STA,WIFI_DROP,
11.7088,20,STA,WIFI_DROP,
11.7112,8,STA,WIFI_DROP,
11.7112,19,STA,WIFI_DROP,
11.7112,20,STA,WIFI_DROP,
11.7136,8,STA,WIFI_DROP,
11.7136,19,STA,WIFI_DROP,
11.7136,20,STA,WIFI_DROP,
11.716,8,STA,WIFI_DROP,
11.716,19,STA,WIFI_DROP,
11.716,20,STA,WIFI_DROP,
11.7184,8,STA,WIFI_DROP,
11.7184,19,STA,WIFI_DROP,
11.7184,20,STA,WIFI_DROP,
11.7208,8,STA,WIFI_DROP,
11.7208,19,STA,WIFI_DROP,
11.7208,20,STA,WIFI_DROP,
11.7232,8,STA,WIFI_DROP,
11.7232,19,STA,WIFI_DROP,
11.7232,20,STA,WIFI_DROP,
11.7256,8,STA,WIFI_DROP,
11.7256,19,STA,WIFI_DROP,
11.7256,20,STA,WIFI_DROP,
11.728,8,STA,WIFI_DROP,
11.728,19,STA,WIFI_DROP,
11.728,20,STA,WIFI_DROP,
11.7304,8,STA,WIFI_DROP,
11.7304,19,STA,WIFI_DROP,
11.7304,20,STA,WIFI_DROP,
11.7328,8,STA,WIFI_DROP,
11.7328,19,STA,WIFI_DROP,
11.7328,20,STA,WIFI_DROP,
11.7352,8,STA,WIFI_DROP,
11.7352,19,STA,WIFI_DROP,
11.7352,20,STA,WIFI_DROP,
11.7376,8,STA,WIFI_DROP,
11.7376,19,STA,WIFI_DROP,
11.7376,20,STA,WIFI_DROP,
11.74,8,STA,WIFI_DROP,
11.74,19,STA,WIFI_DROP,
11.74,20,STA,WIFI_DROP,
11.7424,8,STA,WIFI_DROP,
11.7424,19,STA,WIFI_DROP,
11.7424,20,STA,WIFI_DROP,
11.7448,8,STA,WIFI_DROP,
11.7448,19,STA,WIFI_DROP,
11.7448,20,STA,WIFI_DROP,
11.7472,8,STA,WIFI_DROP,
11.7472,19,STA,WIFI_DROP,
11.7472,20,STA,WIFI_DROP,
11.7496,8,STA,WIFI_DROP,
11.7496,19,STA,WIFI_DROP,
11.7496,20,STA,WIFI_DROP,
11.752,8,STA,WIFI_DROP,
11.752,19,STA,WIFI_DROP,
11.752,20,STA,WIFI_DROP,
11.7544,8,STA,WIFI_DROP,
11.7544,19,STA,WIFI_DROP,
11.7544,20,STA,WIFI_DROP,
11.7568,8,STA,WIFI_DROP,
11.7568,19,STA,WIFI_DROP,
11.7568,20,STA,WIFI_DROP,
11.7592,8,STA,WIFI_DROP,
11.7592,19,STA,WIFI_DROP,
11.7592,20,STA,WIFI_DROP,
11.7616,8,STA,WIFI_DROP,
11.7616,19,STA,WIFI_DROP,
11.7616,20,STA,WIFI_DROP,
11.764,8,STA,WIFI_DROP,
11.764,19,STA,WIFI_DROP,
11.764,20,STA,WIFI_DROP,
11.7664,8,STA,WIFI_DROP,
11.7664,19,STA,WIFI_DROP,
11.7664,20,STA,WIFI_DROP,
11.7688,8,STA,WIFI_DROP,
11.7688,19,STA,WIFI_DROP,
11.7688,20,STA,WIFI_DROP,
11.7712,8,STA,WIFI_DROP,
11.7712,19,STA,WIFI_DROP,
11.7712,20,STA,WIFI_DROP,
11.7736,8,STA,WIFI_DROP,
11.7736,19,STA,WIFI_DROP,
11.7736,20,STA,WIFI_DROP,
11.776,8,STA,WIFI_DROP,
11.776,19,STA,WIFI_DROP,
11.776,20,STA,WIFI_DROP,
11.7784,8,STA,WIFI_DROP,
11.7784,19,STA,WIFI_DROP,
11.7784,20,STA,WIFI_DROP,
11.7808,8,STA,WIFI_DROP,
11.7808,19,STA,WIFI_DROP,
11.7808,20,STA,WIFI_DROP,
11.7832,8,STA,WIFI_DROP,
11.7832,19,STA,WIFI_DROP,
11.7832,20,STA,WIFI_DROP,
11.7856,8,STA,WIFI_DROP,
11.7856,19,STA,WIFI_DROP,
11.7856,20,STA,WIFI_DROP,
11.788,8,STA,WIFI_DROP,
11.788,19,STA,WIFI_DROP,
11.788,20,STA,WIFI_DROP,
11.7904,8,STA,WIFI_DROP,
11.7904,19,STA,WIFI_DROP,
11.7904,20,STA,WIFI_DROP,
11.7928,8,STA,WIFI_DROP,
11.7928,19,STA,WIFI_DROP,
11.7928,20,STA,WIFI_DROP,
11.7952,8,STA,WIFI_DROP,
11.7952,19,STA,WIFI_DROP,
11.7952,20,STA,WIFI_DROP,
11.7976,8,STA,WIFI_DROP,
11.7976,19,STA,WIFI_DROP,
11.7976,20,STA,WIFI_DROP,
11.8,8,STA,WIFI_DROP,
11.8,19,STA,WIFI_DROP,
11.8,20,STA,WIFI_DROP,
11.8024,8,STA,WIFI_DROP,
11.8024,19,STA,WIFI_DROP,
11.8024,20,STA,WIFI_DROP,
11.8048,8,STA,WIFI_DROP,
11.8048,19,STA,WIFI_DROP,
11.8048,20,STA,WIFI_DROP,
11.8072,8,STA,WIFI_DROP,
11.8072,19,STA,WIFI_DROP,
11.8072,20,STA,WIFI_DROP,
11.8096,8,STA,WIFI_DROP,
11.8096,19,STA,WIFI_DROP,
11.8096,20,STA,WIFI_DROP,
11.812,8,STA,WIFI_DROP,
11.812,19,STA,WIFI_DROP,
11.812,20,STA,WIFI_DROP,
11.8144,8,STA,WIFI_DROP,
11.8144,19,STA,WIFI_DROP,
11.8144,20,STA,WIFI_DROP,
11.8168,8,STA,WIFI_DROP,
11.8168,19,STA,WIFI_DROP,
11.8168,20,STA,WIFI_DROP,
11.8192,8,STA,WIFI_DROP,
11.8192,19,STA,WIFI_DROP,
11.8192,20,STA,WIFI_DROP,
11.8216,8,STA,WIFI_DROP,
11.8216,19,STA,WIFI_DROP,
11.8216,20,STA,WIFI_DROP,
11.824,8,STA,WIFI_DROP,
11.824,19,STA,WIFI_DROP,
11.824,20,STA,WIFI_DROP,
11.8264,8,STA,WIFI_DROP,
11.8264,19,STA,WIFI_DROP,
11.8264,20,STA,WIFI_DROP,
11.8288,8,STA,WIFI_DROP,
11.8288,19,STA,WIFI_DROP,
11.8288,20,STA,WIFI_DROP,
11.8312,8,STA,WIFI_DROP,
11.8312,19,STA,WIFI_DROP,
11.8312,20,STA,WIFI_DROP,
11.8336,8,STA,WIFI_DROP,
11.8336,19,STA,WIFI_DROP,
11.8336,20,STA,WIFI_DROP,
11.836,8,STA,WIFI_DROP,
11.836,19,STA,WIFI_DROP,
11.836,20,STA,WIFI_DROP,
11.8384,8,STA,WIFI_DROP,
11.8384,19,STA,WIFI_DROP,
11.8384,20,STA,WIFI_DROP,
11.8408,8,STA,WIFI_DROP,
11.8408,19,STA,WIFI_DROP,
11.8408,20,STA,WIFI_DROP,
11.8432,8,STA,WIFI_DROP,
11.8432,19,STA,WIFI_DROP,
11.8432,20,STA,WIFI_DROP,
11.8456,8,STA,WIFI_DROP,
11.8456,19,STA,WIFI_DROP,
11.8456,20,STA,WIFI_DROP,
11.848,8,STA,WIFI_DROP,
11.848,19,STA,WIFI_DROP,
11.848,20,STA,WIFI_DROP,
11.8504,8,STA,WIFI_DROP,
11.8504,19,STA,WIFI_DROP,
11.8504,20,STA,WIFI_DROP,
11.8528,8,STA,WIFI_DROP,
11.8528,19,STA,WIFI_DROP,
11.8528,20,STA,WIFI_DROP,
11.8552,8,STA,WIFI_DROP,
11.8552,19,STA,WIFI_DROP,
11.8552,20,STA,WIFI_DROP,
11.8576,8,STA,WIFI_DROP,
11.8576,19,STA,WIFI_DROP,
11.8576,20,STA,WIFI_DROP,
11.86,8,STA,WIFI_DROP,
11.86,19,STA,WIFI_DROP,
11.86,20,STA,WIFI_DROP,
11.8624,8,STA,WIFI_DROP,
11.8624,19,STA,WIFI_DROP,
11.8624,20,STA,WIFI_DROP,
11.8648,8,STA,WIFI_DROP,
11.8648,19,STA,WIFI_DROP,
11.8648,20,STA,WIFI_DROP,
11.8672,8,STA,WIFI_DROP,
11.8672,19,STA,WIFI_DROP,
11.8672,20,STA,WIFI_DROP,
11.8696,8,STA,WIFI_DROP,
11.8696,19,STA,WIFI_DROP,
11.8696,20,STA,WIFI_DROP,
11.872,8,STA,WIFI_DROP,
11.872,19,STA,WIFI_DROP,
11.872,20,STA,WIFI_DROP,
11.8744,8,STA,WIFI_DROP,
11.8744,19,STA,WIFI_DROP,
11.8744,20,STA,WIFI_DROP,
11.8768,8,STA,WIFI_DROP,
11.8768,19,STA,WIFI_DROP,
11.8768,20,STA,WIFI_DROP,
11.8792,8,STA,WIFI_DROP,
11.8792,19,STA,WIFI_DROP,
11.8792,20,STA,WIFI_DROP,
11.8816,8,STA,WIFI_DROP,
11.8816,19,STA,WIFI_DROP,
11.8816,20,STA,WIFI_DROP,
11.884,8,STA,WIFI_DROP,
11.884,19,STA,WIFI_DROP,
11.884,20,STA,WIFI_DROP,
11.8864,8,STA,WIFI_DROP,
11.8864,19,STA,WIFI_DROP,
11.8864,20,STA,WIFI_DROP,
11.8888,8,STA,WIFI_DROP,
11.8888,19,STA,WIFI_DROP,
11.8888,20,STA,WIFI_DROP,
11.8912,8,STA,WIFI_DROP,
11.8912,19,STA,WIFI_DROP,
11.8912,20,STA,WIFI_DROP,
11.8936,8,STA,WIFI_DROP,
11.8936,19,STA,WIFI_DROP,
11.8936,20,STA,WIFI_DROP,
11.896,8,STA,WIFI_DROP,
11.896,19,STA,WIFI_DROP,
11.896,20,STA,WIFI_DROP,
11.8984,8,STA,WIFI_DROP,
11.8984,19,STA,WIFI_DROP,
11.8984,20,STA,WIFI_DROP,
11.9008,8,STA,WIFI_DROP,
11.9008,19,STA,WIFI_DROP,
11.9008,20,STA,WIFI_DROP,
11.9032,8,STA,WIFI_DROP,
11.9032,19,STA,WIFI_DROP,
11.9032,20,STA,WIFI_DROP,
11.9056,8,STA,WIFI_DROP,
11.9056,19,STA,WIFI_DROP,
11.9056,20,STA,WIFI_DROP,
11.908,8,STA,WIFI_DROP,
11.908,19,STA,WIFI_DROP,
11.908,20,STA,WIFI_DROP,
11.9104,8,STA,WIFI_DROP,
11.9104,19,STA,WIFI_DROP,
11.9104,20,STA,WIFI_DROP,
11.9128,8,STA,WIFI_DROP,
11.9128,19,STA,WIFI_DROP,
11.9128,20,STA,WIFI_DROP,
11.9152,8,STA,WIFI_DROP,
11.9152,19,STA,WIFI_DROP,
11.9152,20,STA,WIFI_DROP,
11.9176,8,STA,WIFI_DROP,
11.9176,19,STA,WIFI_DROP,
11.9176,20,STA,WIFI_DROP,
11.92,8,STA,WIFI_DROP,
11.92,19,STA,WIFI_DROP,
11.92,20,STA,WIFI_DROP,
11.9224,8,STA,WIFI_DROP,
11.9224,19,STA,WIFI_DROP,
11.9224,20,STA,WIFI_DROP,
11.9248,8,STA,WIFI_DROP,
11.9248,19,STA,WIFI_DROP,
11.9248,20,STA,WIFI_DROP,
11.9272,8,STA,WIFI_DROP,
11.9272,19,STA,WIFI_DROP,
11.9272,20,STA,WIFI_DROP,
11.9296,8,STA,WIFI_DROP,
11.9296,19,STA,WIFI_DROP,
11.9296,20,STA,WIFI_DROP,
11.932,8,STA,WIFI_DROP,
11.932,19,STA,WIFI_DROP,
11.932,20,STA,WIFI_DROP,
11.9344,8,STA,WIFI_DROP,
11.9344,19,STA,WIFI_DROP,
11.9344,20,STA,WIFI_DROP,
11.9368,8,STA,WIFI_DROP,
11.9368,19,STA,WIFI_DROP,
11.9368,20,STA,WIFI_DROP,
11.9392,8,STA,WIFI_DROP,
11.9392,19,STA,WIFI_DROP,
11.9392,20,STA,WIFI_DROP,
11.9416,8,STA,WIFI_DROP,
11.9416,19,STA,WIFI_DROP,
11.9416,20,STA,WIFI_DROP,
11.944,8,STA,WIFI_DROP,
11.944,19,STA,WIFI_DROP,
11.944,20,STA,WIFI_DROP,
11.9464,8,STA,WIFI_DROP,
11.9464,19,STA,WIFI_DROP,
11.9464,20,STA,WIFI_DROP,
11.9488,8,STA,WIFI_DROP,
11.9488,19,STA,WIFI_DROP,
11.9488,20,STA,WIFI_DROP,
11.9512,8,STA,WIFI_DROP,
11.9512,19,STA,WIFI_DROP,
11.9512,20,STA,WIFI_DROP,
11.9536,8,STA,WIFI_DROP,
11.9536,19,STA,WIFI_DROP,
11.9536,20,STA,WIFI_DROP,
11.956,8,STA,WIFI_DROP,
11.956,19,STA,WIFI_DROP,
11.956,20,STA,WIFI_DROP,
11.9584,8,STA,WIFI_DROP,
11.9584,19,STA,WIFI_DROP,
11.9584,20,STA,WIFI_DROP,
11.9608,8,STA,WIFI_DROP,
11.9608,19,STA,WIFI_DROP,
11.9608,20,STA,WIFI_DROP,
11.9632,8,STA,WIFI_DROP,
11.9632,19,STA,WIFI_DROP,
11.9632,20,STA,WIFI_DROP,
11.9656,8,STA,WIFI_DROP,
11.9656,19,STA,WIFI_DROP,
11.9656,20,STA,WIFI_DROP,
11.968,8,STA,WIFI_DROP,
11.968,19,STA,WIFI_DROP,
11.968,20,STA,WIFI_DROP,
11.9704,8,STA,WIFI_DROP,
11.9704,19,STA,WIFI_DROP,
11.9704,20,STA,WIFI_DROP,
11.9728,8,STA,WIFI_DROP,
11.9728,19,STA,WIFI_DROP,
11.9728,20,STA,WIFI_DROP,
11.9752,8,STA,WIFI_DROP,
11.9752,19,STA,WIFI_DROP,
11.9752,20,STA,WIFI_DROP,
11.9776,8,STA,WIFI_DROP,
11.9776,19,STA,WIFI_DROP,
11.9776,20,STA,WIFI_DROP,
11.98,8,STA,WIFI_DROP,
11.98,19,STA,WIFI_DROP,
11.98,20,STA,WIFI_DROP,
11.9824,8,STA,WIFI_DROP,
11.9824,19,STA,WIFI_DROP,
11.9824,20,STA,WIFI_DROP,
11.9848,8,STA,WIFI_DROP,
11.9848,19,STA,WIFI_DROP,
11.9848,20,STA,WIFI_DROP,
11.9872,8,STA,WIFI_DROP,
11.9872,19,STA,WIFI_DROP,
11.9872,20,STA,WIFI_DROP,
11.9896,8,STA,WIFI_DROP,
11.9896,19,STA,WIFI_DROP,
11.9896,20,STA,WIFI_DROP,
11.992,8,STA,WIFI_DROP,
11.992,19,STA,WIFI_DROP,
11.992,20,STA,WIFI_DROP,
11.9944,8,STA,WIFI_DROP,
11.9944,19,STA,WIFI_DROP,
11.9944,20,STA,WIFI_DROP,
11.9968,8,STA,WIFI_DROP,
11.9968,19,STA,WIFI_DROP,
11.9968,20,STA,WIFI_DROP,
11.9992,8,STA,WIFI_DROP,
11.9992,19,STA,WIFI_DROP,
11.9992,20,STA,WIFI_DROP,
12,2,STA,THROUGHPUT_MBPS,1.728000
12,3,STA,THROUGHPUT_MBPS,0.876000
12,9,STA,THROUGHPUT_MBPS,0.516000
12,11,STA,THROUGHPUT_MBPS,0.216000
12,12,STA,THROUGHPUT_MBPS,2.076000
12,14,STA,THROUGHPUT_MBPS,0.060000
12,18,STA,THROUGHPUT_MBPS,0.024000
12,1,AP,AGGREGATE_THROUGHPUT_MBPS,5.496000
12,1,AP,SENT_COUNT,8340.000000
12,1,AP,RECV_COUNT,458.000000
12,1,AP,LATENCY_P95_MS,539.267341
12.0016,8,STA,WIFI_DROP,
12.0016,19,STA,WIFI_DROP,
12.0016,20,STA,WIFI_DROP,
12.004,8,STA,WIFI_DROP,
12.004,19,STA,WIFI_DROP,
12.004,20,STA,WIFI_DROP,
12.0064,8,STA,WIFI_DROP,
12.0064,19,STA,WIFI_DROP,
12.0064,20,STA,WIFI_DROP,
12.0088,8,STA,WIFI_DROP,
12.0088,19,STA,WIFI_DROP,
12.0088,20,STA,WIFI_DROP,
12.0112,8,STA,WIFI_DROP,
12.0112,19,STA,WIFI_DROP,
12.0112,20,STA,WIFI_DROP,
12.0136,8,STA,WIFI_DROP,
12.0136,17,STA,WIFI_DROP,
12.0136,19,STA,WIFI_DROP,
12.0136,20,STA,WIFI_DROP,
12.016,8,STA,WIFI_DROP,
12.016,17,STA,WIFI_DROP,
12.016,19,STA,WIFI_DROP,
12.016,20,STA,WIFI_DROP,
12.0184,8,STA,WIFI_DROP,
12.0184,17,STA,WIFI_DROP,
12.0184,19,STA,WIFI_DROP,
12.0184,20,STA,WIFI_DROP,
12.0208,8,STA,WIFI_DROP,
12.0208,17,STA,WIFI_DROP,
12.0208,19,STA,WIFI_DROP,
12.0208,20,STA,WIFI_DROP,
12.0232,8,STA,WIFI_DROP,
12.0232,17,STA,WIFI_DROP,
12.0232,19,STA,WIFI_DROP,
12.0232,20,STA,WIFI_DROP,
12.0256,8,STA,WIFI_DROP,
12.0256,17,STA,WIFI_DROP,
12.0256,19,STA,WIFI_DROP,
12.0256,20,STA,WIFI_DROP,
12.028,8,STA,WIFI_DROP,
12.028,17,STA,WIFI_DROP,
12.028,19,STA,WIFI_DROP,
12.028,20,STA,WIFI_DROP,
12.0304,8,STA,WIFI_DROP,
12.0304,17,STA,WIFI_DROP,
12.0304,19,STA,WIFI_DROP,
12.0304,20,STA,WIFI_DROP,
12.0328,8,STA,WIFI_DROP,
12.0328,17,STA,WIFI_DROP,
12.0328,19,STA,WIFI_DROP,
12.0328,20,STA,WIFI_DROP,
12.0352,8,STA,WIFI_DROP,
12.0352,17,STA,WIFI_DROP,
12.0352,19,STA,WIFI_DROP,
12.0352,20,STA,WIFI_DROP,
12.0376,8,STA,WIFI_DROP,
12.0376,17,STA,WIFI_DROP,
12.0376,19,STA,WIFI_DROP,
12.04,8,STA,WIFI_DROP,
12.04,17,STA,WIFI_DROP,
12.04,19,STA,WIFI_DROP,
12.0424,17,STA,WIFI_DROP,
12.0424,19,STA,WIFI_DROP,
12.0448,17,STA,WIFI_DROP,
12.0448,19,STA,WIFI_DROP,
12.0472,17,STA,WIFI_DROP,
12.0472,19,STA,WIFI_DROP,
12.0496,17,STA,WIFI_DROP,
12.0496,19,STA,WIFI_DROP,
12.052,17,STA,WIFI_DROP,
12.052,19,STA,WIFI_DROP,
12.0544,17,STA,WIFI_DROP,
12.0544,19,STA,WIFI_DROP,
12.0568,17,STA,WIFI_DROP,
12.0568,19,STA,WIFI_DROP,
12.0592,17,STA,WIFI_DROP,
12.0592,19,STA,WIFI_DROP,
12.0592,20,STA,WIFI_DROP,
12.0616,8,STA,WIFI_DROP,
12.0616,17,STA,WIFI_DROP,
12.0616,19,STA,WIFI_DROP,
12.0616,20,STA,WIFI_DROP,
12.064,8,STA,WIFI_DROP,
12.064,17,STA,WIFI_DROP,
12.064,19,STA,WIFI_DROP,
12.064,20,STA,WIFI_DROP,
12.0664,8,STA,WIFI_DROP,
12.0664,17,STA,WIFI_DROP,
12.0664,19,STA,WIFI_DROP,
12.0664,20,STA,WIFI_DROP,
12.0688,8,STA,WIFI_DROP,
12.0688,17,STA,WIFI_DROP,
12.0688,19,STA,WIFI_DROP,
12.0688,20,STA,WIFI_DROP,
12.0712,8,STA,WIFI_DROP,
12.0712,17,STA,WIFI_DROP,
12.0712,19,STA,WIFI_DROP,
12.0712,20,STA,WIFI_DROP,
12.0736,8,STA,WIFI_DROP,
12.0736,17,STA,WIFI_DROP,
12.0736,19,STA,WIFI_DROP,
12.0736,20,STA,WIFI_DROP,
12.076,8,STA,WIFI_DROP,
12.076,17,STA,WIFI_DROP,
12.076,19,STA,WIFI_DROP,
12.076,20,STA,WIFI_DROP,
12.0784,8,STA,WIFI_DROP,
12.0784,17,STA,WIFI_DROP,
12.0784,19,STA,WIFI_DROP,
12.0784,20,STA,WIFI_DROP,
12.0808,8,STA,WIFI_DROP,
12.0808,17,STA,WIFI_DROP,
12.0808,19,STA,WIFI_DROP,
12.0808,20,STA,WIFI_DROP,
12.0832,8,STA,WIFI_DROP,
12.0832,17,STA,WIFI_DROP,
12.0832,19,STA,WIFI_DROP,
12.0832,20,STA,WIFI_DROP,
12.0856,8,STA,WIFI_DROP,
12.0856,17,STA,WIFI_DROP,
12.0856,19,STA,WIFI_DROP,
12.0856,20,STA,WIFI_DROP,
12.088,8,STA,WIFI_DROP,
12.088,17,STA,WIFI_DROP,
12.088,19,STA,WIFI_DROP,
12.088,20,STA,WIFI_DROP,
12.0904,8,STA,WIFI_DROP,
12.0904,17,STA,WIFI_DROP,
12.0904,19,STA,WIFI_DROP,
12.0904,20,STA,WIFI_DROP,
12.0928,8,STA,WIFI_DROP,
12.0928,17,STA,WIFI_DROP,
12.0928,19,STA,WIFI_DROP,
12.0928,20,STA,WIFI_DROP,
12.0952,8,STA,WIFI_DROP,
12.0952,17,STA,WIFI_DROP,
12.0952,19,STA,WIFI_DROP,
12.0952,20,STA,WIFI_DROP,
12.0976,8,STA,WIFI_DROP,
12.0976,17,STA,WIFI_DROP,
12.0976,19,STA,WIFI_DROP,
12.0976,20,STA,WIFI_DROP,
12.1,8,STA,WIFI_DROP,
12.1,17,STA,WIFI_DROP,
12.1,19,STA,WIFI_DROP,
12.1,20,STA,WIFI_DROP,
12.1024,8,STA,WIFI_DROP,
12.1024,17,STA,WIFI_DROP,
12.1024,19,STA,WIFI_DROP,
12.1024,20,STA,WIFI_DROP,
12.1048,8,STA,WIFI_DROP,
12.1048,17,STA,WIFI_DROP,
12.1048,19,STA,WIFI_DROP,
12.1048,20,STA,WIFI_DROP,
12.1072,8,STA,WIFI_DROP,
12.1072,17,STA,WIFI_DROP,
12.1072,19,STA,WIFI_DROP,
12.1072,20,STA,WIFI_DROP,
12.1096,8,STA,WIFI_DROP,
12.1096,17,STA,WIFI_DROP,
12.1096,19,STA,WIFI_DROP,
12.1096,20,STA,WIFI_DROP,
12.112,8,STA,WIFI_DROP,
12.112,17,STA,WIFI_DROP,
12.112,19,STA,WIFI_DROP,
12.112,20,STA,WIFI_DROP,
12.1144,8,STA,WIFI_DROP,
12.1144,17,STA,WIFI_DROP,
12.1144,19,STA,WIFI_DROP,
12.1144,20,STA,WIFI_DROP,
12.1168,8,STA,WIFI_DROP,
12.1168,17,STA,WIFI_DROP,
12.1168,19,STA,WIFI_DROP,
12.1168,20,STA,WIFI_DROP,
12.1192,8,STA,WIFI_DROP,
12.1192,17,STA,WIFI_DROP,
12.1192,19,STA,WIFI_DROP,
12.1192,20,STA,WIFI_DROP,
12.1216,8,STA,WIFI_DROP,
12.1216,17,STA,WIFI_DROP,
12.1216,19,STA,WIFI_DROP,
12.1216,20,STA,WIFI_DROP,
12.124,8,STA,WIFI_DROP,
12.124,17,STA,WIFI_DROP,
12.124,19,STA,WIFI_DROP,
12.124,20,STA,WIFI_DROP,
12.1264,8,STA,WIFI_DROP,
12.1264,17,STA,WIFI_DROP,
12.1264,19,STA,WIFI_DROP,
12.1264,20,STA,WIFI_DROP,
12.1288,8,STA,WIFI_DROP,
12.1288,17,STA,WIFI_DROP,
12.1288,19,STA,WIFI_DROP,
12.1288,20,STA,WIFI_DROP,
12.1312,8,STA,WIFI_DROP,
12.1312,17,STA,WIFI_DROP,
12.1312,19,STA,WIFI_DROP,
12.1312,20,STA,WIFI_DROP,
12.1336,8,STA,WIFI_DROP,
12.1336,17,STA,WIFI_DROP,
12.1336,19,STA,WIFI_DROP,
12.1336,20,STA,WIFI_DROP,
12.136,8,STA,WIFI_DROP,
12.136,17,STA,WIFI_DROP,
12.136,19,STA,WIFI_DROP,
12.136,20,STA,WIFI_DROP,
12.1384,8,STA,WIFI_DROP,
12.1384,17,STA,WIFI_DROP,
12.1384,19,STA,WIFI_DROP,
12.1384,20,STA,WIFI_DROP,
12.1408,8,STA,WIFI_DROP,
12.1408,17,STA,WIFI_DROP,
12.1408,19,STA,WIFI_DROP,
12.1408,20,STA,WIFI_DROP,
12.1432,8,STA,WIFI_DROP,
12.1432,17,STA,WIFI_DROP,
12.1432,19,STA,WIFI_DROP,
12.1432,20,STA,WIFI_DROP,
12.1456,8,STA,WIFI_DROP,
12.1456,17,STA,WIFI_DROP,
12.1456,19,STA,WIFI_DROP,
12.1456,20,STA,WIFI_DROP,
12.148,8,STA,WIFI_DROP,
12.148,17,STA,WIFI_DROP,
12.148,19,STA,WIFI_DROP,
12.148,20,STA,WIFI_DROP,
12.1504,8,STA,WIFI_DROP,
12.1504,17,STA,WIFI_DROP,
12.1504,19,STA,WIFI_DROP,
12.1504,20,STA,WIFI_DROP,
12.1528,8,STA,WIFI_DROP,
12.1528,17,STA,WIFI_DROP,
12.1528,19,STA,WIFI_DROP,
12.1528,20,STA,WIFI_DROP,
12.1552,8,STA,WIFI_DROP,
12.1552,17,STA,WIFI_DROP,
12.1552,19,STA,WIFI_DROP,
12.1552,20,STA,WIFI_DROP,
12.1576,8,STA,WIFI_DROP,
12.1576,17,STA,WIFI_DROP,
12.1576,19,STA,WIFI_DROP,
12.1576,20,STA,WIFI_DROP,
12.16,8,STA,WIFI_DROP,
12.16,17,STA,WIFI_DROP,
12.16,19,STA,WIFI_DROP,
12.16,20,STA,WIFI_DROP,
12.1624,8,STA,WIFI_DROP,
12.1624,17,STA,WIFI_DROP,
12.1624,19,STA,WIFI_DROP,
12.1648,17,STA,WIFI_DROP,
12.1648,19,STA,WIFI_DROP,
12.1672,17,STA,WIFI_DROP,
12.1672,18,STA,WIFI_DROP,
12.1672,19,STA,WIFI_DROP,
12.1696,17,STA,WIFI_DROP,
12.1696,18,STA,WIFI_DROP,
12.1696,19,STA,WIFI_DROP,
12.172,17,STA,WIFI_DROP,
12.172,18,STA,WIFI_DROP,
12.172,19,STA,WIFI_DROP,
12.1744,17,STA,WIFI_DROP,
12.1744,18,STA,WIFI_DROP,
12.1744,19,STA,WIFI_DROP,
12.1768,17,STA,WIFI_DROP,
12.1768,18,STA,WIFI_DROP,
12.1768,19,STA,WIFI_DROP,
12.1792,17,STA,WIFI_DROP,
12.1792,18,STA,WIFI_DROP,
12.1792,19,STA,WIFI_DROP,
12.1816,17,STA,WIFI_DROP,
12.1816,18,STA,WIFI_DROP,
12.1816,19,STA,WIFI_DROP,
12.184,17,STA,WIFI_DROP,
12.184,18,STA,WIFI_DROP,
12.184,19,STA,WIFI_DROP,
12.1864,17,STA,WIFI_DROP,
12.1864,18,STA,WIFI_DROP,
12.1864,19,STA,WIFI_DROP,
12.1888,17,STA,WIFI_DROP,
12.1888,18,STA,WIFI_DROP,
12.1888,19,STA,WIFI_DROP,
12.1912,17,STA,WIFI_DROP,
12.1912,18,STA,WIFI_DROP,
12.1912,19,STA,WIFI_DROP,
12.1936,17,STA,WIFI_DROP,
12.1936,18,STA,WIFI_DROP,
12.1936,19,STA,WIFI_DROP,
12.196,17,STA,WIFI_DROP,
12.196,18,STA,WIFI_DROP,
12.196,19,STA,WIFI_DROP,
12.1984,17,STA,WIFI_DROP,
12.1984,18,STA,WIFI_DROP,
12.1984,19,STA,WIFI_DROP,
12.2008,17,STA,WIFI_DROP,
12.2008,18,STA,WIFI_DROP,
12.2008,19,STA,WIFI_DROP,
12.2032,17,STA,WIFI_DROP,
12.2032,18,STA,WIFI_DROP,
12.2032,19,STA,WIFI_DROP,
12.2056,17,STA,WIFI_DROP,
12.2056,18,STA,WIFI_DROP,
12.2056,19,STA,WIFI_DROP,
12.208,17,STA,WIFI_DROP,
12.208,18,STA,WIFI_DROP,
12.208,19,STA,WIFI_DROP,
12.2104,17,STA,WIFI_DROP,
12.2104,18,STA,WIFI_DROP,
12.2104,19,STA,WIFI_DROP,
12.2128,17,STA,WIFI_DROP,
12.2128,18,STA,WIFI_DROP,
12.2128,19,STA,WIFI_DROP,
12.2152,17,STA,WIFI_DROP,
12.2152,18,STA,WIFI_DROP,
12.2152,19,STA,WIFI_DROP,
12.2176,18,STA,WIFI_DROP,
12.2176,19,STA,WIFI_DROP,
12.22,18,STA,WIFI_DROP,
12.22,19,STA,WIFI_DROP,
12.2224,18,STA,WIFI_DROP,
12.2224,19,STA,WIFI_DROP,
12.2248,18,STA,WIFI_DROP,
12.2248,19,STA,WIFI_DROP,
12.2272,18,STA,WIFI_DROP,
12.2272,19,STA,WIFI_DROP,
12.2296,18,STA,WIFI_DROP,
12.2296,19,STA,WIFI_DROP,
12.232,18,STA,WIFI_DROP,
12.232,19,STA,WIFI_DROP,
12.2344,18,STA,WIFI_DROP,
12.2344,19,STA,WIFI_DROP,
12.2368,18,STA,WIFI_DROP,
12.2368,19,STA,WIFI_DROP,
12.2392,18,STA,WIFI_DROP,
12.2392,19,STA,WIFI_DROP,
12.2416,18,STA,WIFI_DROP,
12.2416,19,STA,WIFI_DROP,
12.244,18,STA,WIFI_DROP,
12.244,19,STA,WIFI_DROP,
12.2464,18,STA,WIFI_DROP,
12.2464,19,STA,WIFI_DROP,
12.2488,18,STA,WIFI_DROP,
12.2488,19,STA,WIFI_DROP,
12.2512,18,STA,WIFI_DROP,
12.2512,19,STA,WIFI_DROP,
12.2536,18,STA,WIFI_DROP,
12.2536,19,STA,WIFI_DROP,
12.256,18,STA,WIFI_DROP,
12.256,19,STA,WIFI_DROP,
12.2584,18,STA,WIFI_DROP,
12.2584,19,STA,WIFI_DROP,
12.2608,18,STA,WIFI_DROP,
12.2608,19,STA,WIFI_DROP,
12.2632,18,STA,WIFI_DROP,
12.2632,19,STA,WIFI_DROP,
12.2656,18,STA,WIFI_DROP,
12.2656,19,STA,WIFI_DROP,
12.268,18,STA,WIFI_DROP,
12.268,19,STA,WIFI_DROP,
12.2704,18,STA,WIFI_DROP,
12.2704,19,STA,WIFI_DROP,
12.2728,19,STA,WIFI_DROP,
12.2752,19,STA,WIFI_DROP,
12.2776,19,STA,WIFI_DROP,
12.28,19,STA,WIFI_DROP,
12.2824,19,STA,WIFI_DROP,
12.2848,19,STA,WIFI_DROP,
12.2872,19,STA,WIFI_DROP,
12.2896,19,STA,WIFI_DROP,
12.292,19,STA,WIFI_DROP,
12.2944,19,STA,WIFI_DROP,
12.2968,19,STA,WIFI_DROP,
12.2992,19,STA,WIFI_DROP,
12.3016,19,STA,WIFI_DROP,
12.304,19,STA,WIFI_DROP,
12.3064,19,STA,WIFI_DROP,
12.3088,19,STA,WIFI_DROP,
12.3112,19,STA,WIFI_DROP,
12.3136,19,STA,WIFI_DROP,
12.316,19,STA,WIFI_DROP,
12.3184,19,STA,WIFI_DROP,
12.3208,7,STA,WIFI_DROP,
12.3208,9,STA,WIFI_DROP,
12.3208,19,STA,WIFI_DROP,
12.3232,7,STA,WIFI_DROP,
12.3232,9,STA,WIFI_DROP,
12.3232,19,STA,WIFI_DROP,
12.3256,7,STA,WIFI_DROP,
12.3256,9,STA,WIFI_DROP,
12.3256,19,STA,WIFI_DROP,
12.328,7,STA,WIFI_DROP,
12.328,9,STA,WIFI_DROP,
12.328,19,STA,WIFI_DROP,
12.3304,7,STA,WIFI_DROP,
12.3304,9,STA,WIFI_DROP,
12.3304,19,STA,WIFI_DROP,
12.3328,7,STA,WIFI_DROP,
12.3328,9,STA,WIFI_DROP,
12.3328,19,STA,WIFI_DROP,
12.3352,7,STA,WIFI_DROP,
12.3352,9,STA,WIFI_DROP,
12.3352,19,STA,WIFI_DROP,
12.3376,7,STA,WIFI_DROP,
12.3376,9,STA,WIFI_DROP,
12.3376,19,STA,WIFI_DROP,
12.34,7,STA,WIFI_DROP,
12.34,9,STA,WIFI_DROP,
12.34,19,STA,WIFI_DROP,
12.3424,7,STA,WIFI_DROP,
12.3424,9,STA,WIFI_DROP,
12.3424,19,STA,WIFI_DROP,
12.3448,7,STA,WIFI_DROP,
12.3448,9,STA,WIFI_DROP,
12.3448,19,STA,WIFI_DROP,
12.3472,7,STA,WIFI_DROP,
12.3472,9,STA,WIFI_DROP,
12.3472,19,STA,WIFI_DROP,
12.3496,7,STA,WIFI_DROP,
12.3496,9,STA,WIFI_DROP,
12.3496,19,STA,WIFI_DROP,
12.352,7,STA,WIFI_DROP,
12.352,9,STA,WIFI_DROP,
12.352,19,STA,WIFI_DROP,
12.3544,7,STA,WIFI_DROP,
12.3544,9,STA,WIFI_DROP,
12.3544,19,STA,WIFI_DROP,
12.3568,7,STA,WIFI_DROP,
12.3568,9,STA,WIFI_DROP,
12.3568,19,STA,WIFI_DROP,
12.3592,7,STA,WIFI_DROP,
12.3592,9,STA,WIFI_DROP,
12.3592,19,STA,WIFI_DROP,
12.3616,7,STA,WIFI_DROP,
12.3616,9,STA,WIFI_DROP,
12.3616,19,STA,WIFI_DROP,
12.364,7,STA,WIFI_DROP,
12.364,9,STA,WIFI_DROP,
12.364,19,STA,WIFI_DROP,
12.3664,7,STA,WIFI_DROP,
12.3664,9,STA,WIFI_DROP,
12.3664,19,STA,WIFI_DROP,
12.3688,7,STA,WIFI_DROP,
12.3688,9,STA,WIFI_DROP,
12.3688,19,STA,WIFI_DROP,
12.3712,7,STA,WIFI_DROP,
12.3712,9,STA,WIFI_DROP,
12.3712,19,STA,WIFI_DROP,
12.3736,7,STA,WIFI_DROP,
12.3736,9,STA,WIFI_DROP,
12.3736,19,STA,WIFI_DROP,
12.376,7,STA,WIFI_DROP,
12.376,9,STA,WIFI_DROP,
12.376,19,STA,WIFI_DROP,
12.3784,7,STA,WIFI_DROP,
12.3784,9,STA,WIFI_DROP,
12.3784,19,STA,WIFI_DROP,
12.3808,7,STA,WIFI_DROP,
12.3808,9,STA,WIFI_DROP,
12.3808,19,STA,WIFI_DROP,
12.3832,7,STA,WIFI_DROP,
12.3832,9,STA,WIFI_DROP,
12.3832,19,STA,WIFI_DROP,
12.3856,7,STA,WIFI_DROP,
12.3856,9,STA,WIFI_DROP,
12.3856,19,STA,WIFI_DROP,
12.388,7,STA,WIFI_DROP,
12.388,9,STA,WIFI_DROP,
12.388,19,STA,WIFI_DROP,
12.3904,7,STA,WIFI_DROP,
12.3904,9,STA,WIFI_DROP,
12.3904,19,STA,WIFI_DROP,
12.3928,7,STA,WIFI_DROP,
12.3928,9,STA,WIFI_DROP,
12.3928,19,STA,WIFI_DROP,
12.3952,7,STA,WIFI_DROP,
12.3952,9,STA,WIFI_DROP,
12.3952,19,STA,WIFI_DROP,
12.3976,7,STA,WIFI_DROP,
12.3976,9,STA,WIFI_DROP,
12.3976,19,STA,WIFI_DROP,
12.4,7,STA,WIFI_DROP,
12.4,9,STA,WIFI_DROP,
12.4,19,STA,WIFI_DROP,
12.4024,7,STA,WIFI_DROP,
12.4024,9,STA,WIFI_DROP,
12.4024,19,STA,WIFI_DROP,
12.4048,7,STA,WIFI_DROP,
12.4048,9,STA,WIFI_DROP,
12.4048,19,STA,WIFI_DROP,
12.4072,7,STA,WIFI_DROP,
12.4072,9,STA,WIFI_DROP,
12.4072,19,STA,WIFI_DROP,
12.4096,7,STA,WIFI_DROP,
12.4096,9,STA,WIFI_DROP,
12.4096,19,STA,WIFI_DROP,
12.412,7,STA,WIFI_DROP,
12.412,9,STA,WIFI_DROP,
12.412,19,STA,WIFI_DROP,
12.4144,7,STA,WIFI_DROP,
12.4144,9,STA,WIFI_DROP,
12.4144,19,STA,WIFI_DROP,
12.4168,7,STA,WIFI_DROP,
12.4168,9,STA,WIFI_DROP,
12.4168,19,STA,WIFI_DROP,
12.4192,7,STA,WIFI_DROP,
12.4192,9,STA,WIFI_DROP,
12.4192,19,STA,WIFI_DROP,
12.4216,7,STA,WIFI_DROP,
12.4216,9,STA,WIFI_DROP,
12.4216,19,STA,WIFI_DROP,
12.424,7,STA,WIFI_DROP,
12.424,9,STA,WIFI_DROP,
12.424,19,STA,WIFI_DROP,
12.4264,7,STA,WIFI_DROP,
12.4264,9,STA,WIFI_DROP,
12.4264,19,STA,WIFI_DROP,
12.4288,7,STA,WIFI_DROP,
12.4288,9,STA,WIFI_DROP,
12.4288,19,STA,WIFI_DROP,
12.4312,7,STA,WIFI_DROP,
12.4312,9,STA,WIFI_DROP,
12.4312,19,STA,WIFI_DROP,
12.4336,7,STA,WIFI_DROP,
12.4336,9,STA,WIFI_DROP,
12.4336,19,STA,WIFI_DROP,
12.436,7,STA,WIFI_DROP,
12.436,9,STA,WIFI_DROP,
12.436,19,STA,WIFI_DROP,
12.4384,7,STA,WIFI_DROP,
12.4384,9,STA,WIFI_DROP,
12.4384,19,STA,WIFI_DROP,
12.4408,7,STA,WIFI_DROP,
12.4408,9,STA,WIFI_DROP,
12.4408,19,STA,WIFI_DROP,
12.4432,7,STA,WIFI_DROP,
12.4432,9,STA,WIFI_DROP,
12.4432,19,STA,WIFI_DROP,
12.4456,7,STA,WIFI_DROP,
12.4456,9,STA,WIFI_DROP,
12.4456,19,STA,WIFI_DROP,
12.448,7,STA,WIFI_DROP,
12.448,9,STA,WIFI_DROP,
12.448,19,STA,WIFI_DROP,
12.4504,7,STA,WIFI_DROP,
12.4504,9,STA,WIFI_DROP,
12.4504,19,STA,WIFI_DROP,
12.4528,7,STA,WIFI_DROP,
12.4528,9,STA,WIFI_DROP,
12.4528,19,STA,WIFI_DROP,
12.4552,7,STA,WIFI_DROP,
12.4552,9,STA,WIFI_DROP,
12.4552,19,STA,WIFI_DROP,
12.4576,7,STA,WIFI_DROP,
12.4576,9,STA,WIFI_DROP,
12.4576,19,STA,WIFI_DROP,
12.46,7,STA,WIFI_DROP,
12.46,9,STA,WIFI_DROP,
12.46,19,STA,WIFI_DROP,
12.4624,7,STA,WIFI_DROP,
12.4624,9,STA,WIFI_DROP,
12.4624,19,STA,WIFI_DROP,
12.4648,7,STA,WIFI_DROP,
12.4648,9,STA,WIFI_DROP,
12.4648,19,STA,WIFI_DROP,
12.4672,7,STA,WIFI_DROP,
12.4672,9,STA,WIFI_DROP,
12.4672,19,STA,WIFI_DROP,
12.4696,7,STA,WIFI_DROP,
12.4696,9,STA,WIFI_DROP,
12.4696,19,STA,WIFI_DROP,
12.472,7,STA,WIFI_DROP,
12.472,9,STA,WIFI_DROP,
12.472,19,STA,WIFI_DROP,
12.4744,7,STA,WIFI_DROP,
12.4744,19,STA,WIFI_DROP,
12.4768,7,STA,WIFI_DROP,
12.4768,19,STA,WIFI_DROP,
12.4792,7,STA,WIFI_DROP,
12.4792,19,STA,WIFI_DROP,
12.4816,7,STA,WIFI_DROP,
12.4816,19,STA,WIFI_DROP,
12.484,7,STA,WIFI_DROP,
12.484,19,STA,WIFI_DROP,
12.4864,7,STA,WIFI_DROP,
12.4864,19,STA,WIFI_DROP,
12.4888,7,STA,WIFI_DROP,
12.4888,19,STA,WIFI_DROP,
12.4912,7,STA,WIFI_DROP,
12.4912,19,STA,WIFI_DROP,
12.4936,7,STA,WIFI_DROP,
12.4936,19,STA,WIFI_DROP,
12.496,7,STA,WIFI_DROP,
12.496,19,STA,WIFI_DROP,
12.4984,7,STA,WIFI_DROP,
12.4984,19,STA,WIFI_DROP,
12.5008,7,STA,WIFI_DROP,
12.5008,19,STA,WIFI_DROP,
12.5032,7,STA,WIFI_DROP,
12.5032,19,STA,WIFI_DROP,
12.5056,7,STA,WIFI_DROP,
12.5056,19,STA,WIFI_DROP,
12.508,7,STA,WIFI_DROP,
12.508,19,STA,WIFI_DROP,
12.5104,7,STA,WIFI_DROP,
12.5104,19,STA,WIFI_DROP,
12.5128,7,STA,WIFI_DROP,
12.5128,19,STA,WIFI_DROP,
12.5152,7,STA,WIFI_DROP,
12.5152,19,STA,WIFI_DROP,
12.5176,7,STA,WIFI_DROP,
12.5176,19,STA,WIFI_DROP,
12.52,7,STA,WIFI_DROP,
12.52,19,STA,WIFI_DROP,
12.5224,7,STA,WIFI_DROP,
12.5224,19,STA,WIFI_DROP,
12.5248,7,STA,WIFI_DROP,
12.5248,19,STA,WIFI_DROP,
12.5272,5,STA,WIFI_DROP,
12.5272,7,STA,WIFI_DROP,
12.5272,19,STA,WIFI_DROP,
12.5296,5,STA,WIFI_DROP,
12.5296,7,STA,WIFI_DROP,
12.5296,19,STA,WIFI_DROP,
12.532,5,STA,WIFI_DROP,
12.532,7,STA,WIFI_DROP,
12.532,19,STA,WIFI_DROP,
12.5344,5,STA,WIFI_DROP,
12.5344,7,STA,WIFI_DROP,
12.5344,19,STA,WIFI_DROP,
12.5368,5,STA,WIFI_DROP,
12.5368,7,STA,WIFI_DROP,
12.5368,19,STA,WIFI_DROP,
12.5392,5,STA,WIFI_DROP,
12.5392,7,STA,WIFI_DROP,
12.5392,19,STA,WIFI_DROP,
12.5416,5,STA,WIFI_DROP,
12.5416,7,STA,WIFI_DROP,
12.5416,19,STA,WIFI_DROP,
12.544,5,STA,WIFI_DROP,
12.544,7,STA,WIFI_DROP,
12.544,19,STA,WIFI_DROP,
12.5464,5,STA,WIFI_DROP,
12.5464,7,STA,WIFI_DROP,
12.5464,19,STA,WIFI_DROP,
12.5488,5,STA,WIFI_DROP,
12.5488,7,STA,WIFI_DROP,
12.5488,19,STA,WIFI_DROP,
12.5512,5,STA,WIFI_DROP,
12.5512,7,STA,WIFI_DROP,
12.5512,19,STA,WIFI_DROP,
12.5536,5,STA,WIFI_DROP,
12.5536,7,STA,WIFI_DROP,
12.5536,19,STA,WIFI_DROP,
12.556,5,STA,WIFI_DROP,
12.556,7,STA,WIFI_DROP,
12.556,19,STA,WIFI_DROP,
12.5584,5,STA,WIFI_DROP,
12.5584,7,STA,WIFI_DROP,
12.5584,19,STA,WIFI_DROP,
12.5608,5,STA,WIFI_DROP,
12.5608,7,STA,WIFI_DROP,
12.5608,19,STA,WIFI_DROP,
12.5632,5,STA,WIFI_DROP,
12.5632,7,STA,WIFI_DROP,
12.5632,19,STA,WIFI_DROP,
12.5656,5,STA,WIFI_DROP,
12.5656,7,STA,WIFI_DROP,
12.5656,19,STA,WIFI_DROP,
12.568,5,STA,WIFI_DROP,
12.568,7,STA,WIFI_DROP,
12.568,19,STA,WIFI_DROP,
12.5704,5,STA,WIFI_DROP,
12.5704,7,STA,WIFI_DROP,
12.5704,19,STA,WIFI_DROP,
12.5728,5,STA,WIFI_DROP,
12.5728,7,STA,WIFI_DROP,
12.5728,19,STA,WIFI_DROP,
12.5752,5,STA,WIFI_DROP,
12.5752,7,STA,WIFI_DROP,
12.5752,19,STA,WIFI_DROP,
12.5776,5,STA,WIFI_DROP,
12.5776,7,STA,WIFI_DROP,
12.5776,19,STA,WIFI_DROP,
12.58,5,STA,WIFI_DROP,
12.58,7,STA,WIFI_DROP,
12.58,19,STA,WIFI_DROP,
12.5824,5,STA,WIFI_DROP,
12.5824,7,STA,WIFI_DROP,
12.5824,19,STA,WIFI_DROP,
12.5848,5,STA,WIFI_DROP,
12.5848,7,STA,WIFI_DROP,
12.5848,19,STA,WIFI_DROP,
12.5872,5,STA,WIFI_DROP,
12.5872,7,STA,WIFI_DROP,
12.5872,19,STA,WIFI_DROP,
12.5896,5,STA,WIFI_DROP,
12.5896,7,STA,WIFI_DROP,
12.5896,19,STA,WIFI_DROP,
12.592,5,STA,WIFI_DROP,
12.592,7,STA,WIFI_DROP,
12.592,19,STA,WIFI_DROP,
12.5944,5,STA,WIFI_DROP,
12.5944,7,STA,WIFI_DROP,
12.5944,19,STA,WIFI_DROP,
12.5968,5,STA,WIFI_DROP,
12.5968,7,STA,WIFI_DROP,
12.5968,19,STA,WIFI_DROP,
12.5992,5,STA,WIFI_DROP,
12.5992,7,STA,WIFI_DROP,
12.5992,19,STA,WIFI_DROP,
12.6016,5,STA,WIFI_DROP,
12.6016,7,STA,WIFI_DROP,
12.6016,19,STA,WIFI_DROP,
12.604,5,STA,WIFI_DROP,
12.604,7,STA,WIFI_DROP,
12.604,19,STA,WIFI_DROP,
12.6064,5,STA,WIFI_DROP,
12.6064,7,STA,WIFI_DROP,
12.6064,19,STA,WIFI_DROP,
12.6088,5,STA,WIFI_DROP,
12.6088,7,STA,WIFI_DROP,
12.6088,19,STA,WIFI_DROP,
12.6112,5,STA,WIFI_DROP,
12.6112,7,STA,WIFI_DROP,
12.6112,19,STA,WIFI_DROP,
12.6136,5,STA,WIFI_DROP,
12.6136,7,STA,WIFI_DROP,
12.6136,19,STA,WIFI_DROP,
12.616,5,STA,WIFI_DROP,
12.616,7,STA,WIFI_DROP,
12.616,19,STA,WIFI_DROP,
12.6184,5,STA,WIFI_DROP,
12.6184,7,STA,WIFI_DROP,
12.6184,19,STA,WIFI_DROP,
12.6208,5,STA,WIFI_DROP,
12.6208,7,STA,WIFI_DROP,
12.6208,19,STA,WIFI_DROP,
12.6232,5,STA,WIFI_DROP,
12.6232,7,STA,WIFI_DROP,
12.6232,19,STA,WIFI_DROP,
12.6256,5,STA,WIFI_DROP,
12.6256,7,STA,WIFI_DROP,
12.6256,19,STA,WIFI_DROP,
12.628,5,STA,WIFI_DROP,
12.628,7,STA,WIFI_DROP,
12.628,15,STA,WIFI_DROP,
12.628,19,STA,WIFI_DROP,
12.6304,5,STA,WIFI_DROP,
12.6304,7,STA,WIFI_DROP,
12.6304,15,STA,WIFI_DROP,
12.6328,5,STA,WIFI_DROP,
12.6328,7,STA,WIFI_DROP,
12.6328,15,STA,WIFI_DROP,
12.6352,5,STA,WIFI_DROP,
12.6352,7,STA,WIFI_DROP,
12.6352,15,STA,WIFI_DROP,
12.6376,5,STA,WIFI_DROP,
12.6376,7,STA,WIFI_DROP,
12.6376,15,STA,WIFI_DROP,
12.64,5,STA,WIFI_DROP,
12.64,7,STA,WIFI_DROP,
12.64,15,STA,WIFI_DROP,
12.6424,5,STA,WIFI_DROP,
12.6424,7,STA,WIFI_DROP,
12.6424,15,STA,WIFI_DROP,
12.6448,5,STA,WIFI_DROP,
12.6448,7,STA,WIFI_DROP,
12.6448,15,STA,WIFI_DROP,
12.6472,5,STA,WIFI_DROP,
12.6472,7,STA,WIFI_DROP,
12.6472,15,STA,WIFI_DROP,
12.6496,5,STA,WIFI_DROP,
12.6496,7,STA,WIFI_DROP,
12.6496,15,STA,WIFI_DROP,
12.652,5,STA,WIFI_DROP,
12.652,7,STA,WIFI_DROP,
12.652,15,STA,WIFI_DROP,
12.6544,5,STA,WIFI_DROP,
12.6544,7,STA,WIFI_DROP,
12.6544,15,STA,WIFI_DROP,
12.6568,5,STA,WIFI_DROP,
12.6568,7,STA,WIFI_DROP,
12.6568,15,STA,WIFI_DROP,
12.6592,5,STA,WIFI_DROP,
12.6592,7,STA,WIFI_DROP,
12.6592,15,STA,WIFI_DROP,
12.6616,5,STA,WIFI_DROP,
12.6616,7,STA,WIFI_DROP,
12.6616,15,STA,WIFI_DROP,
12.664,5,STA,WIFI_DROP,
12.664,7,STA,WIFI_DROP,
12.664,15,STA,WIFI_DROP,
12.6664,5,STA,WIFI_DROP,
12.6664,7,STA,WIFI_DROP,
12.6664,15,STA,WIFI_DROP,
12.6688,5,STA,WIFI_DROP,
12.6688,7,STA,WIFI_DROP,
12.6688,15,STA,WIFI_DROP,
12.6712,5,STA,WIFI_DROP,
12.6712,7,STA,WIFI_DROP,
12.6712,15,STA,WIFI_DROP,
12.6736,5,STA,WIFI_DROP,
12.6736,7,STA,WIFI_DROP,
12.6736,15,STA,WIFI_DROP,
12.676,5,STA,WIFI_DROP,
12.676,7,STA,WIFI_DROP,
12.676,15,STA,WIFI_DROP,
12.6784,5,STA,WIFI_DROP,
12.6784,7,STA,WIFI_DROP,
12.6784,15,STA,WIFI_DROP,
12.6808,7,STA,WIFI_DROP,
12.6808,15,STA,WIFI_DROP,
12.6832,7,STA,WIFI_DROP,
12.6832,15,STA,WIFI_DROP,
12.6856,7,STA,WIFI_DROP,
12.6856,15,STA,WIFI_DROP,
12.688,7,STA,WIFI_DROP,
12.688,15,STA,WIFI_DROP,
12.6904,7,STA,WIFI_DROP,
12.6904,15,STA,WIFI_DROP,
12.6928,7,STA,WIFI_DROP,
12.6928,15,STA,WIFI_DROP,
12.6952,7,STA,WIFI_DROP,
12.6952,15,STA,WIFI_DROP,
12.6976,7,STA,WIFI_DROP,
12.6976,15,STA,WIFI_DROP,
12.7,7,STA,WIFI_DROP,
12.7,15,STA,WIFI_DROP,
12.7024,7,STA,WIFI_DROP,
12.7024,15,STA,WIFI_DROP,
12.7048,7,STA,WIFI_DROP,
12.7048,15,STA,WIFI_DROP,
12.7072,7,STA,WIFI_DROP,
12.7072,15,STA,WIFI_DROP,
12.7096,7,STA,WIFI_DROP,
12.7096,15,STA,WIFI_DROP,
12.712,7,STA,WIFI_DROP,
12.712,15,STA,WIFI_DROP,
12.7144,7,STA,WIFI_DROP,
12.7144,15,STA,WIFI_DROP,
12.7168,7,STA,WIFI_DROP,
12.7168,15,STA,WIFI_DROP,
12.7192,7,STA,WIFI_DROP,
12.7192,15,STA,WIFI_DROP,
12.7216,7,STA,WIFI_DROP,
12.7216,15,STA,WIFI_DROP,
12.724,7,STA,WIFI_DROP,
12.724,15,STA,WIFI_DROP,
12.7264,7,STA,WIFI_DROP,
12.7264,15,STA,WIFI_DROP,
12.7288,7,STA,WIFI_DROP,
12.7288,15,STA,WIFI_DROP,
12.7312,7,STA,WIFI_DROP,
12.7312,15,STA,WIFI_DROP,
12.7336,7,STA,WIFI_DROP,
12.7336,15,STA,WIFI_DROP,
12.736,7,STA,WIFI_DROP,
12.736,15,STA,WIFI_DROP,
12.7384,7,STA,WIFI_DROP,
12.7384,15,STA,WIFI_DROP,
12.7408,7,STA,WIFI_DROP,
12.7408,15,STA,WIFI_DROP,
12.7432,7,STA,WIFI_DROP,
12.7432,15,STA,WIFI_DROP,
12.7456,7,STA,WIFI_DROP,
12.7456,15,STA,WIFI_DROP,
12.748,7,STA,WIFI_DROP,
12.748,15,STA,WIFI_DROP,
12.7504,7,STA,WIFI_DROP,
12.7504,15,STA,WIFI_DROP,
12.7528,7,STA,WIFI_DROP,
12.7528,15,STA,WIFI_DROP,
12.7552,7,STA,WIFI_DROP,
12.7552,15,STA,WIFI_DROP,
12.7576,7,STA,WIFI_DROP,
12.7576,15,STA,WIFI_DROP,
12.76,7,STA,WIFI_DROP,
12.76,15,STA,WIFI_DROP,
12.7624,7,STA,WIFI_DROP,
12.7624,15,STA,WIFI_DROP,
12.7648,7,STA,WIFI_DROP,
12.7648,15,STA,WIFI_DROP,
12.7672,7,STA,WIFI_DROP,
12.7672,15,STA,WIFI_DROP,
12.7696,7,STA,WIFI_DROP,
12.7696,15,STA,WIFI_DROP,
12.772,7,STA,WIFI_DROP,
12.772,15,STA,WIFI_DROP,
12.7744,7,STA,WIFI_DROP,
12.7744,15,STA,WIFI_DROP,
12.7768,7,STA,WIFI_DROP,
12.7768,15,STA,WIFI_DROP,
12.7792,7,STA,WIFI_DROP,
12.7792,15,STA,WIFI_DROP,
12.7816,7,STA,WIFI_DROP,
12.7816,15,STA,WIFI_DROP,
12.784,7,STA,WIFI_DROP,
12.784,15,STA,WIFI_DROP,
12.7864,7,STA,WIFI_DROP,
12.7864,15,STA,WIFI_DROP,
12.7888,7,STA,WIFI_DROP,
12.7888,15,STA,WIFI_DROP,
12.7912,7,STA,WIFI_DROP,
12.7912,15,STA,WIFI_DROP,
12.7936,7,STA,WIFI_DROP,
12.7936,15,STA,WIFI_DROP,
12.796,7,STA,WIFI_DROP,
12.796,15,STA,WIFI_DROP,
12.7984,7,STA,WIFI_DROP,
12.7984,15,STA,WIFI_DROP,
12.8008,7,STA,WIFI_DROP,
12.8008,15,STA,WIFI_DROP,
12.8032,7,STA,WIFI_DROP,
12.8032,15,STA,WIFI_DROP,
12.8056,7,STA,WIFI_DROP,
12.8056,15,STA,WIFI_DROP,
12.808,7,STA,WIFI_DROP,
12.808,15,STA,WIFI_DROP,
12.8104,7,STA,WIFI_DROP,
12.8104,15,STA,WIFI_DROP,
12.8128,7,STA,WIFI_DROP,
12.8128,15,STA,WIFI_DROP,
12.8152,7,STA,WIFI_DROP,
12.8152,15,STA,WIFI_DROP,
12.8176,7,STA,WIFI_DROP,
12.8176,15,STA,WIFI_DROP,
12.82,7,STA,WIFI_DROP,
12.82,15,STA,WIFI_DROP,
12.8224,7,STA,WIFI_DROP,
12.8224,15,STA,WIFI_DROP,
12.8248,7,STA,WIFI_DROP,
12.8248,15,STA,WIFI_DROP,
12.8272,7,STA,WIFI_DROP,
12.8272,15,STA,WIFI_DROP,
12.8296,7,STA,WIFI_DROP,
12.8296,15,STA,WIFI_DROP,
12.832,7,STA,WIFI_DROP,
12.8344,7,STA,WIFI_DROP,
12.8368,7,STA,WIFI_DROP,
12.8392,7,STA,WIFI_DROP,
12.8416,7,STA,WIFI_DROP,
12.844,7,STA,WIFI_DROP,
12.8464,7,STA,WIFI_DROP,
12.8488,7,STA,WIFI_DROP,
12.8512,7,STA,WIFI_DROP,
12.8536,7,STA,WIFI_DROP,
12.856,7,STA,WIFI_DROP,
12.8584,7,STA,WIFI_DROP,
12.8608,7,STA,WIFI_DROP,
12.8632,7,STA,WIFI_DROP,
12.8656,7,STA,WIFI_DROP,
12.868,7,STA,WIFI_DROP,
12.8704,7,STA,WIFI_DROP,
12.8728,7,STA,WIFI_DROP,
12.8752,7,STA,WIFI_DROP,
12.8776,7,STA,WIFI_DROP,
12.88,7,STA,WIFI_DROP,
12.8824,7,STA,WIFI_DROP,
12.8848,7,STA,WIFI_DROP,
12.8872,7,STA,WIFI_DROP,
12.8896,7,STA,WIFI_DROP,
12.892,7,STA,WIFI_DROP,
12.8944,7,STA,WIFI_DROP,
12.8968,7,STA,WIFI_DROP,
12.8992,7,STA,WIFI_DROP,
12.9016,7,STA,WIFI_DROP,
12.904,7,STA,WIFI_DROP,
12.9064,7,STA,WIFI_DROP,
12.9088,7,STA,WIFI_DROP,
12.9112,7,STA,WIFI_DROP,
12.9136,7,STA,WIFI_DROP,
12.916,7,STA,WIFI_DROP,
12.9184,7,STA,WIFI_DROP,
12.9208,7,STA,WIFI_DROP,
12.9232,7,STA,WIFI_DROP,
12.9256,7,STA,WIFI_DROP,
12.928,7,STA,WIFI_DROP,
12.9304,7,STA,WIFI_DROP,
12.9328,7,STA,WIFI_DROP,
12.9352,7,STA,WIFI_DROP,
12.9376,7,STA,WIFI_DROP,
12.94,7,STA,WIFI_DROP,
12.9424,7,STA,WIFI_DROP,
12.9448,7,STA,WIFI_DROP,
12.9472,7,STA,WIFI_DROP,
12.9496,7,STA,WIFI_DROP,
12.952,7,STA,WIFI_DROP,
12.9544,7,STA,WIFI_DROP,
12.9568,7,STA,WIFI_DROP,
12.9592,7,STA,WIFI_DROP,
12.9616,7,STA,WIFI_DROP,
12.964,7,STA,WIFI_DROP,
12.9664,7,STA,WIFI_DROP,
12.9688,7,STA,WIFI_DROP,
12.9712,7,STA,WIFI_DROP,
12.9736,7,STA,WIFI_DROP,
12.976,7,STA,WIFI_DROP,
12.9784,7,STA,WIFI_DROP,
12.9808,7,STA,WIFI_DROP,
12.9832,7,STA,WIFI_DROP,
12.9856,7,STA,WIFI_DROP,
12.988,7,STA,WIFI_DROP,
12.9904,7,STA,WIFI_DROP,
12.9928,7,STA,WIFI_DROP,
12.9952,7,STA,WIFI_DROP,
12.9976,7,STA,WIFI_DROP,
13,3,STA,THROUGHPUT_MBPS,0.516000
13,5,STA,THROUGHPUT_MBPS,0.156000
13,8,STA,THROUGHPUT_MBPS,0.960000
13,9,STA,THROUGHPUT_MBPS,0.276000
13,11,STA,THROUGHPUT_MBPS,1.212000
13,12,STA,THROUGHPUT_MBPS,0.804000
13,14,STA,THROUGHPUT_MBPS,1.908000
13,15,STA,THROUGHPUT_MBPS,0.708000
13,18,STA,THROUGHPUT_MBPS,1.356000
13,19,STA,THROUGHPUT_MBPS,0.408000
13,1,AP,AGGREGATE_THROUGHPUT_MBPS,8.304000
13,1,AP,SENT_COUNT,8320.000000
13,1,AP,RECV_COUNT,692.000000
13,1,AP,LATENCY_P95_MS,546.891558
13,7,STA,WIFI_DROP,
13.0024,7,STA,WIFI_DROP,
13.0048,7,STA,WIFI_DROP,
13.0072,7,STA,WIFI_DROP,
13.0096,7,STA,WIFI_DROP,
13.012,7,STA,WIFI_DROP,
13.0144,7,STA,WIFI_DROP,
13.0168,7,STA,WIFI_DROP,
13.0192,7,STA,WIFI_DROP,
13.0216,7,STA,WIFI_DROP,
13.024,7,STA,WIFI_DROP,
13.0264,7,STA,WIFI_DROP,
13.0288,7,STA,WIFI_DROP,
13.0312,7,STA,WIFI_DROP,
13.0336,7,STA,WIFI_DROP,
13.036,7,STA,WIFI_DROP,
13.0384,7,STA,WIFI_DROP,
13.0408,7,STA,WIFI_DROP,
13.0432,7,STA,WIFI_DROP,
13.0456,7,STA,WIFI_DROP,
13.048,7,STA,WIFI_DROP,
13.0504,7,STA,WIFI_DROP,
13.0528,7,STA,WIFI_DROP,
13.0552,7,STA,WIFI_DROP,
13.0576,7,STA,WIFI_DROP,
13.06,7,STA,WIFI_DROP,
13.0624,7,STA,WIFI_DROP,
13.0648,7,STA,WIFI_DROP,
13.0672,7,STA,WIFI_DROP,
13.0696,7,STA,WIFI_DROP,
13.072,7,STA,WIFI_DROP,
13.0744,7,STA,WIFI_DROP,
13.0768,7,STA,WIFI_DROP,
13.1416,14,STA,WIFI_DROP,
13.144,14,STA,WIFI_DROP,
13.1464,14,STA,WIFI_DROP,
13.1488,14,STA,WIFI_DROP,
13.1512,14,STA,WIFI_DROP,
13.1536,14,STA,WIFI_DROP,
13.156,14,STA,WIFI_DROP,
13.1584,14,STA,WIFI_DROP,
13.1608,14,STA,WIFI_DROP,
13.1632,14,STA,WIFI_DROP,
13.1656,14,STA,WIFI_DROP,
13.168,14,STA,WIFI_DROP,
13.1704,14,STA,WIFI_DROP,
13.1728,14,STA,WIFI_DROP,
13.1752,14,STA,WIFI_DROP,
13.1776,14,STA,WIFI_DROP,
13.18,14,STA,WIFI_DROP,
13.1824,14,STA,WIFI_DROP,
13.1848,14,STA,WIFI_DROP,
13.1872,14,STA,WIFI_DROP,
13.1896,14,STA,WIFI_DROP,
13.2472,10,STA,WIFI_DROP,
13.2496,10,STA,WIFI_DROP,
13.252,10,STA,WIFI_DROP,
13.2544,10,STA,WIFI_DROP,
13.2568,10,STA,WIFI_DROP,
13.2592,10,STA,WIFI_DROP,
13.2616,10,STA,WIFI_DROP,
13.264,10,STA,WIFI_DROP,
13.2664,10,STA,WIFI_DROP,
13.2688,10,STA,WIFI_DROP,
13.2712,10,STA,WIFI_DROP,
13.2736,10,STA,WIFI_DROP,
13.276,10,STA,WIFI_DROP,
13.2784,10,STA,WIFI_DROP,
13.2808,10,STA,WIFI_DROP,
13.2832,10,STA,WIFI_DROP,
13.2856,10,STA,WIFI_DROP,
13.288,10,STA,WIFI_DROP,
13.2904,10,STA,WIFI_DROP,
13.2928,10,STA,WIFI_DROP,
13.2952,10,STA,WIFI_DROP,
13.2976,10,STA,WIFI_DROP,
13.3,10,STA,WIFI_DROP,
13.3024,10,STA,WIFI_DROP,
13.3048,10,STA,WIFI_DROP,
13.3072,10,STA,WIFI_DROP,
13.3096,10,STA,WIFI_DROP,
13.312,10,STA,WIFI_DROP,
13.3144,10,STA,WIFI_DROP,
13.3168,10,STA,WIFI_DROP,
13.3192,10,STA,WIFI_DROP,
13.3216,10,STA,WIFI_DROP,
13.324,10,STA,WIFI_DROP,
13.3264,10,STA,WIFI_DROP,
13.3288,10,STA,WIFI_DROP,
13.3312,10,STA,WIFI_DROP,
13.3336,10,STA,WIFI_DROP,
13.336,10,STA,WIFI_DROP,
13.3384,10,STA,WIFI_DROP,
13.3408,10,STA,WIFI_DROP,
13.3432,10,STA,WIFI_DROP,
13.3456,10,STA,WIFI_DROP,
13.348,10,STA,WIFI_DROP,
13.3504,10,STA,WIFI_DROP,
13.5496,16,STA,WIFI_DROP,
13.552,16,STA,WIFI_DROP,
13.5544,16,STA,WIFI_DROP,
13.5568,16,STA,WIFI_DROP,
13.5592,16,STA,WIFI_DROP,
13.5616,16,STA,WIFI_DROP,
13.564,16,STA,WIFI_DROP,
13.5664,16,STA,WIFI_DROP,
13.5688,16,STA,WIFI_DROP,
13.5712,16,STA,WIFI_DROP,
13.5736,16,STA,WIFI_DROP,
13.576,16,STA,WIFI_DROP,
13.5784,16,STA,WIFI_DROP,
13.5808,16,STA,WIFI_DROP,
13.5832,16,STA,WIFI_DROP,
13.5856,16,STA,WIFI_DROP,
13.588,16,STA,WIFI_DROP,
13.5904,16,STA,WIFI_DROP,
13.5928,16,STA,WIFI_DROP,
13.5952,16,STA,WIFI_DROP,
13.5976,16,STA,WIFI_DROP,
13.6,16,STA,WIFI_DROP,
13.6024,16,STA,WIFI_DROP,
13.6048,16,STA,WIFI_DROP,
13.6072,16,STA,WIFI_DROP,
13.6096,16,STA,WIFI_DROP,
13.612,16,STA,WIFI_DROP,
13.6144,16,STA,WIFI_DROP,
13.6168,16,STA,WIFI_DROP,
13.6192,16,STA,WIFI_DROP,
13.6216,16,STA,WIFI_DROP,
13.624,16,STA,WIFI_DROP,
13.6264,16,STA,WIFI_DROP,
13.6288,16,STA,WIFI_DROP,
13.6312,16,STA,WIFI_DROP,
13.6336,16,STA,WIFI_DROP,
13.636,16,STA,WIFI_DROP,
13.6384,16,STA,WIFI_DROP,
13.6408,16,STA,WIFI_DROP,
13.6432,16,STA,WIFI_DROP,
13.6456,16,STA,WIFI_DROP,
13.648,16,STA,WIFI_DROP,
13.6504,16,STA,WIFI_DROP,
13.6528,16,STA,WIFI_DROP,
13.6552,16,STA,WIFI_DROP,
13.6576,16,STA,WIFI_DROP,
13.66,16,STA,WIFI_DROP,
13.6624,16,STA,WIFI_DROP,
13.6648,16,STA,WIFI_DROP,
13.6672,16,STA,WIFI_DROP,
13.6696,16,STA,WIFI_DROP,
13.672,16,STA,WIFI_DROP,
13.6744,16,STA,WIFI_DROP,
13.6768,16,STA,WIFI_DROP,
13.6792,16,STA,WIFI_DROP,
13.6816,16,STA,WIFI_DROP,
13.684,16,STA,WIFI_DROP,
13.6864,16,STA,WIFI_DROP,
13.6888,16,STA,WIFI_DROP,
13.6912,16,STA,WIFI_DROP,
13.6936,16,STA,WIFI_DROP,
13.696,16,STA,WIFI_DROP,
13.6984,16,STA,WIFI_DROP,
13.7008,16,STA,WIFI_DROP,
13.7032,16,STA,WIFI_DROP,
13.7056,16,STA,WIFI_DROP,
13.708,16,STA,WIFI_DROP,
13.7104,16,STA,WIFI_DROP,
13.7128,16,STA,WIFI_DROP,
13.7152,16,STA,WIFI_DROP,
13.7176,16,STA,WIFI_DROP,
13.72,16,STA,WIFI_DROP,
13.7224,16,STA,WIFI_DROP,
13.7248,16,STA,WIFI_DROP,
13.7272,16,STA,WIFI_DROP,
13.7296,16,STA,WIFI_DROP,
13.732,16,STA,WIFI_DROP,
13.7344,16,STA,WIFI_DROP,
13.7368,16,STA,WIFI_DROP,
13.7392,16,STA,WIFI_DROP,
13.7416,16,STA,WIFI_DROP,
13.744,16,STA,WIFI_DROP,
13.7464,16,STA,WIFI_DROP,
13.7488,16,STA,WIFI_DROP,
13.7512,16,STA,WIFI_DROP,
13.7536,16,STA,WIFI_DROP,
13.756,16,STA,WIFI_DROP,
13.7584,16,STA,WIFI_DROP,
13.7608,16,STA,WIFI_DROP,
13.7632,16,STA,WIFI_DROP,
13.7656,16,STA,WIFI_DROP,
13.768,16,STA,WIFI_DROP,
13.7704,16,STA,WIFI_DROP,
13.7728,16,STA,WIFI_DROP,
13.7752,16,STA,WIFI_DROP,
13.7776,16,STA,WIFI_DROP,
13.78,16,STA,WIFI_DROP,
13.7824,16,STA,WIFI_DROP,
13.7848,16,STA,WIFI_DROP,
13.7872,16,STA,WIFI_DROP,
13.7896,16,STA,WIFI_DROP,
13.792,16,STA,WIFI_DROP,
13.7944,16,STA,WIFI_DROP,
13.7968,16,STA,WIFI_DROP,
13.7992,16,STA,WIFI_DROP,
13.8016,16,STA,WIFI_DROP,
13.804,16,STA,WIFI_DROP,
13.8064,16,STA,WIFI_DROP,
13.8088,16,STA,WIFI_DROP,
13.8112,16,STA,WIFI_DROP,
13.8136,16,STA,WIFI_DROP,
13.816,16,STA,WIFI_DROP,
13.8184,16,STA,WIFI_DROP,
13.8208,16,STA,WIFI_DROP,
13.8232,16,STA,WIFI_DROP,
13.8256,16,STA,WIFI_DROP,
13.828,16,STA,WIFI_DROP,
13.8304,16,STA,WIFI_DROP,
13.8328,16,STA,WIFI_DROP,
13.8352,16,STA,WIFI_DROP,
13.8376,16,STA,WIFI_DROP,
13.84,16,STA,WIFI_DROP,
13.8424,16,STA,WIFI_DROP,
13.8448,16,STA,WIFI_DROP,
13.8472,16,STA,WIFI_DROP,
13.8496,16,STA,WIFI_DROP,
13.852,16,STA,WIFI_DROP,
13.8544,16,STA,WIFI_DROP,
13.8568,16,STA,WIFI_DROP,
13.8592,16,STA,WIFI_DROP,
13.8616,16,STA,WIFI_DROP,
13.864,16,STA,WIFI_DROP,
13.8664,16,STA,WIFI_DROP,
13.8688,16,STA,WIFI_DROP,
13.8712,16,STA,WIFI_DROP,
13.8736,16,STA,WIFI_DROP,
13.876,16,STA,WIFI_DROP,
13.8784,16,STA,WIFI_DROP,
13.8808,16,STA,WIFI_DROP,
13.8832,16,STA,WIFI_DROP,
13.8856,16,STA,WIFI_DROP,
13.888,16,STA,WIFI_DROP,
13.8904,16,STA,WIFI_DROP,
13.8928,16,STA,WIFI_DROP,
13.8952,16,STA,WIFI_DROP,
13.8976,16,STA,WIFI_DROP,
13.9,16,STA,WIFI_DROP,
13.9024,16,STA,WIFI_DROP,
13.9048,16,STA,WIFI_DROP,
13.9072,16,STA,WIFI_DROP,
13.9096,16,STA,WIFI_DROP,
13.912,16,STA,WIFI_DROP,
13.9144,16,STA,WIFI_DROP,
13.9168,16,STA,WIFI_DROP,
13.9192,16,STA,WIFI_DROP,
13.9216,16,STA,WIFI_DROP,
13.924,16,STA,WIFI_DROP,
13.9264,16,STA,WIFI_DROP,
13.9288,16,STA,WIFI_DROP,
13.9312,16,STA,WIFI_DROP,
13.9336,16,STA,WIFI_DROP,
13.936,16,STA,WIFI_DROP,
13.9384,16,STA,WIFI_DROP,
13.9408,16,STA,WIFI_DROP,
13.9432,16,STA,WIFI_DROP,
13.9456,16,STA,WIFI_DROP,
13.948,16,STA,WIFI_DROP,
13.9504,16,STA,WIFI_DROP,
13.9528,16,STA,WIFI_DROP,
13.9552,16,STA,WIFI_DROP,
13.9576,16,STA,WIFI_DROP,
13.96,16,STA,WIFI_DROP,
13.9624,16,STA,WIFI_DROP,
13.9648,16,STA,WIFI_DROP,
13.9672,16,STA,WIFI_DROP,
13.9696,16,STA,WIFI_DROP,
13.972,16,STA,WIFI_DROP,
13.9744,16,STA,WIFI_DROP,
13.9768,16,STA,WIFI_DROP,
13.9792,16,STA,WIFI_DROP,
13.9816,16,STA,WIFI_DROP,
13.984,16,STA,WIFI_DROP,
13.9864,16,STA,WIFI_DROP,
13.9888,16,STA,WIFI_DROP,
13.9912,16,STA,WIFI_DROP,
13.9936,16,STA,WIFI_DROP,
13.996,16,STA,WIFI_DROP,
13.9984,16,STA,WIFI_DROP,
14,2,STA,THROUGHPUT_MBPS,2.136000
14,3,STA,THROUGHPUT_MBPS,0.924000
14,5,STA,THROUGHPUT_MBPS,1.836000
14,7,STA,THROUGHPUT_MBPS,0.948000
14,8,STA,THROUGHPUT_MBPS,0.792000
14,9,STA,THROUGHPUT_MBPS,1.764000
14,10,STA,THROUGHPUT_MBPS,0.432000
14,11,STA,THROUGHPUT_MBPS,1.188000
14,12,STA,THROUGHPUT_MBPS,0.936000
14,14,STA,THROUGHPUT_MBPS,0.048000
14,15,STA,THROUGHPUT_MBPS,2.016000
14,18,STA,THROUGHPUT_MBPS,0.648000
14,19,STA,THROUGHPUT_MBPS,0.576000
14,1,AP,AGGREGATE_THROUGHPUT_MBPS,14.244000
14,1,AP,SENT_COUNT,8340.000000
14,1,AP,RECV_COUNT,1187.000000
14,1,AP,LATENCY_P95_MS,534.823744
14.0008,16,STA,WIFI_DROP,
14.0032,16,STA,WIFI_DROP,
14.0056,16,STA,WIFI_DROP,
14.008,16,STA,WIFI_DROP,
14.0104,16,STA,WIFI_DROP,
14.0128,16,STA,WIFI_DROP,
14.0152,16,STA,WIFI_DROP,
14.0176,16,STA,WIFI_DROP,
14.02,16,STA,WIFI_DROP,
14.0224,16,STA,WIFI_DROP,
14.0248,16,STA,WIFI_DROP,
14.0272,16,STA,WIFI_DROP,
14.0296,16,STA,WIFI_DROP,
14.032,16,STA,WIFI_DROP,
14.0344,16,STA,WIFI_DROP,
14.0368,16,STA,WIFI_DROP,
14.0392,16,STA,WIFI_DROP,
14.0416,16,STA,WIFI_DROP,
14.044,16,STA,WIFI_DROP,
14.0464,16,STA,WIFI_DROP,
14.0488,16,STA,WIFI_DROP,
14.0512,16,STA,WIFI_DROP,
14.0536,16,STA,WIFI_DROP,
14.056,16,STA,WIFI_DROP,
14.0584,16,STA,WIFI_DROP,
14.0608,16,STA,WIFI_DROP,
14.0632,16,STA,WIFI_DROP,
14.0656,16,STA,WIFI_DROP,
14.068,16,STA,WIFI_DROP,
14.0704,16,STA,WIFI_DROP,
14.0728,16,STA,WIFI_DROP,
14.0752,16,STA,WIFI_DROP,
14.0776,16,STA,WIFI_DROP,
14.08,16,STA,WIFI_DROP,
14.0824,16,STA,WIFI_DROP,
14.0848,16,STA,WIFI_DROP,
14.0872,16,STA,WIFI_DROP,
14.0896,16,STA,WIFI_DROP,
14.092,16,STA,WIFI_DROP,
14.0944,16,STA,WIFI_DROP,
14.0968,16,STA,WIFI_DROP,
14.0992,16,STA,WIFI_DROP,
14.1016,16,STA,WIFI_DROP,
14.104,16,STA,WIFI_DROP,
14.1064,16,STA,WIFI_DROP,
14.1088,16,STA,WIFI_DROP,
14.1112,16,STA,WIFI_DROP,
14.1136,16,STA,WIFI_DROP,
14.116,16,STA,WIFI_DROP,
14.1184,16,STA,WIFI_DROP,
14.1208,16,STA,WIFI_DROP,
14.1232,16,STA,WIFI_DROP,
14.1256,16,STA,WIFI_DROP,
14.128,16,STA,WIFI_DROP,
14.1304,16,STA,WIFI_DROP,
14.1328,16,STA,WIFI_DROP,
14.1352,16,STA,WIFI_DROP,
14.1376,16,STA,WIFI_DROP,
14.14,16,STA,WIFI_DROP,
14.1424,16,STA,WIFI_DROP,
14.1448,16,STA,WIFI_DROP,
14.1472,16,STA,WIFI_DROP,
14.1496,16,STA,WIFI_DROP,
14.152,16,STA,WIFI_DROP,
14.1544,16,STA,WIFI_DROP,
14.1568,16,STA,WIFI_DROP,
14.1592,16,STA,WIFI_DROP,
14.1616,16,STA,WIFI_DROP,
14.164,16,STA,WIFI_DROP,
14.1664,16,STA,WIFI_DROP,
14.1688,16,STA,WIFI_DROP,
14.1712,16,STA,WIFI_DROP,
14.1736,16,STA,WIFI_DROP,
14.176,16,STA,WIFI_DROP,
14.1784,16,STA,WIFI_DROP,
14.1808,16,STA,WIFI_DROP,
14.1832,16,STA,WIFI_DROP,
14.1856,16,STA,WIFI_DROP,
14.188,16,STA,WIFI_DROP,
14.1904,16,STA,WIFI_DROP,
14.1928,16,STA,WIFI_DROP,
14.1952,16,STA,WIFI_DROP,
14.1976,16,STA,WIFI_DROP,
14.2,16,STA,WIFI_DROP,
14.2024,16,STA,WIFI_DROP,
14.2048,16,STA,WIFI_DROP,
14.2072,16,STA,WIFI_DROP,
14.2096,16,STA,WIFI_DROP,
14.212,16,STA,WIFI_DROP,
14.2144,16,STA,WIFI_DROP,
14.2168,16,STA,WIFI_DROP,
14.2192,16,STA,WIFI_DROP,
14.2216,16,STA,WIFI_DROP,
14.224,16,STA,WIFI_DROP,
14.2264,16,STA,WIFI_DROP,
14.2288,16,STA,WIFI_DROP,
14.2312,16,STA,WIFI_DROP,
14.2336,16,STA,WIFI_DROP,
14.236,16,STA,WIFI_DROP,
14.2384,16,STA,WIFI_DROP,
14.2408,16,STA,WIFI_DROP,
14.2432,16,STA,WIFI_DROP,
14.2456,16,STA,WIFI_DROP,
14.248,16,STA,WIFI_DROP,
14.2504,16,STA,WIFI_DROP,
14.2528,16,STA,WIFI_DROP,
14.2552,16,STA,WIFI_DROP,
14.2576,16,STA,WIFI_DROP,
14.26,16,STA,WIFI_DROP,
14.2624,16,STA,WIFI_DROP,
14.2648,16,STA,WIFI_DROP,
14.2672,11,STA,WIFI_DROP,
14.2672,16,STA,WIFI_DROP,
14.2696,11,STA,WIFI_DROP,
14.2696,16,STA,WIFI_DROP,
14.272,11,STA,WIFI_DROP,
14.272,16,STA,WIFI_DROP,
14.2744,11,STA,WIFI_DROP,
14.2744,16,STA,WIFI_DROP,
14.2768,11,STA,WIFI_DROP,
14.2768,16,STA,WIFI_DROP,
14.2792,11,STA,WIFI_DROP,
14.2792,16,STA,WIFI_DROP,
14.2816,11,STA,WIFI_DROP,
14.2816,16,STA,WIFI_DROP,
14.284,11,STA,WIFI_DROP,
14.284,16,STA,WIFI_DROP,
14.2864,11,STA,WIFI_DROP,
14.2864,16,STA,WIFI_DROP,
14.2888,11,STA,WIFI_DROP,
14.2888,16,STA,WIFI_DROP,
14.2912,11,STA,WIFI_DROP,
14.2912,16,STA,WIFI_DROP,
14.2936,11,STA,WIFI_DROP,
14.2936,16,STA,WIFI_DROP,
14.296,11,STA,WIFI_DROP,
14.296,16,STA,WIFI_DROP,
14.2984,11,STA,WIFI_DROP,
14.2984,16,STA,WIFI_DROP,
14.3008,11,STA,WIFI_DROP,
14.3008,16,STA,WIFI_DROP,
14.3032,11,STA,WIFI_DROP,
14.3056,11,STA,WIFI_DROP,
14.308,11,STA,WIFI_DROP,
14.3104,11,STA,WIFI_DROP,
14.3128,11,STA,WIFI_DROP,
14.3152,11,STA,WIFI_DROP,
14.3176,11,STA,WIFI_DROP,
14.32,11,STA,WIFI_DROP,
14.3224,11,STA,WIFI_DROP,
14.3248,11,STA,WIFI_DROP,
14.3272,11,STA,WIFI_DROP,
14.3296,11,STA,WIFI_DROP,
14.332,11,STA,WIFI_DROP,
14.3344,11,STA,WIFI_DROP,
14.3368,11,STA,WIFI_DROP,
14.3392,11,STA,WIFI_DROP,
14.3416,11,STA,WIFI_DROP,
14.344,11,STA,WIFI_DROP,
14.3464,11,STA,WIFI_DROP,
14.3488,11,STA,WIFI_DROP,
14.3512,11,STA,WIFI_DROP,
14.3536,11,STA,WIFI_DROP,
14.356,11,STA,WIFI_DROP,
14.3584,11,STA,WIFI_DROP,
14.3608,11,STA,WIFI_DROP,
14.3632,11,STA,WIFI_DROP,
14.3656,11,STA,WIFI_DROP,
14.368,11,STA,WIFI_DROP,
14.3704,11,STA,WIFI_DROP,
14.3704,13,STA,WIFI_DROP,
14.3704,17,STA,WIFI_DROP,
14.3728,11,STA,WIFI_DROP,
14.3728,13,STA,WIFI_DROP,
14.3728,17,STA,WIFI_DROP,
14.3752,11,STA,WIFI_DROP,
14.3752,13,STA,WIFI_DROP,
14.3752,17,STA,WIFI_DROP,
14.3776,11,STA,WIFI_DROP,
14.3776,13,STA,WIFI_DROP,
14.3776,17,STA,WIFI_DROP,
14.38,11,STA,WIFI_DROP,
14.38,13,STA,WIFI_DROP,
14.38,17,STA,WIFI_DROP,
14.3824,11,STA,WIFI_DROP,
14.3824,13,STA,WIFI_DROP,
14.3824,17,STA,WIFI_DROP,
14.3848,11,STA,WIFI_DROP,
14.3848,13,STA,WIFI_DROP,
14.3848,17,STA,WIFI_DROP,
14.3872,11,STA,WIFI_DROP,
14.3872,13,STA,WIFI_DROP,
14.3872,17,STA,WIFI_DROP,
14.3896,11,STA,WIFI_DROP,
14.3896,13,STA,WIFI_DROP,
14.3896,17,STA,WIFI_DROP,
14.392,11,STA,WIFI_DROP,
14.392,13,STA,WIFI_DROP,
14.392,17,STA,WIFI_DROP,
14.3944,11,STA,WIFI_DROP,
14.3944,13,STA,WIFI_DROP,
14.3944,17,STA,WIFI_DROP,
14.3968,11,STA,WIFI_DROP,
14.3968,13,STA,WIFI_DROP,
14.3968,17,STA,WIFI_DROP,
14.3992,11,STA,WIFI_DROP,
14.3992,13,STA,WIFI_DROP,
14.3992,17,STA,WIFI_DROP,
14.4016,11,STA,WIFI_DROP,
14.4016,13,STA,WIFI_DROP,
14.4016,17,STA,WIFI_DROP,
14.404,11,STA,WIFI_DROP,
14.404,13,STA,WIFI_DROP,
14.404,17,STA,WIFI_DROP,
14.4064,11,STA,WIFI_DROP,
14.4064,13,STA,WIFI_DROP,
14.4064,17,STA,WIFI_DROP,
14.4088,11,STA,WIFI_DROP,
14.4088,13,STA,WIFI_DROP,
14.4088,17,STA,WIFI_DROP,
14.4112,11,STA,WIFI_DROP,
14.4112,13,STA,WIFI_DROP,
14.4112,17,STA,WIFI_DROP,
14.4136,11,STA,WIFI_DROP,
14.4136,13,STA,WIFI_DROP,
14.4136,17,STA,WIFI_DROP,
14.416,11,STA,WIFI_DROP,
14.416,13,STA,WIFI_DROP,
14.416,17,STA,WIFI_DROP,
14.4184,11,STA,WIFI_DROP,
14.4184,13,STA,WIFI_DROP,
14.4184,17,STA,WIFI_DROP,
14.4208,11,STA,WIFI_DROP,
14.4208,13,STA,WIFI_DROP,
14.4208,17,STA,WIFI_DROP,
14.4232,11,STA,WIFI_DROP,
14.4232,13,STA,WIFI_DROP,
14.4232,17,STA,WIFI_DROP,
14.4256,11,STA,WIFI_DROP,
14.4256,13,STA,WIFI_DROP,
14.4256,17,STA,WIFI_DROP,
14.428,11,STA,WIFI_DROP,
14.428,13,STA,WIFI_DROP,
14.428,17,STA,WIFI_DROP,
14.4304,11,STA,WIFI_DROP,
14.4304,13,STA,WIFI_DROP,
14.4304,17,STA,WIFI_DROP,
14.4328,11,STA,WIFI_DROP,
14.4328,13,STA,WIFI_DROP,
14.4328,17,STA,WIFI_DROP,
14.4352,11,STA,WIFI_DROP,
14.4352,13,STA,WIFI_DROP,
14.4352,17,STA,WIFI_DROP,
14.4376,11,STA,WIFI_DROP,
14.4376,13,STA,WIFI_DROP,
14.4376,17,STA,WIFI_DROP,
14.44,11,STA,WIFI_DROP,
14.44,13,STA,WIFI_DROP,
14.44,17,STA,WIFI_DROP,
14.4424,11,STA,WIFI_DROP,
14.4424,13,STA,WIFI_DROP,
14.4424,17,STA,WIFI_DROP,
14.4448,11,STA,WIFI_DROP,
14.4448,13,STA,WIFI_DROP,
14.4448,17,STA,WIFI_DROP,
14.4472,11,STA,WIFI_DROP,
14.4472,13,STA,WIFI_DROP,
14.4472,17,STA,WIFI_DROP,
14.4496,11,STA,WIFI_DROP,
14.4496,13,STA,WIFI_DROP,
14.4496,17,STA,WIFI_DROP,
14.452,11,STA,WIFI_DROP,
14.452,13,STA,WIFI_DROP,
14.452,17,STA,WIFI_DROP,
14.4544,11,STA,WIFI_DROP,
14.4544,13,STA,WIFI_DROP,
14.4544,17,STA,WIFI_DROP,
14.4568,11,STA,WIFI_DROP,
14.4568,13,STA,WIFI_DROP,
14.4568,17,STA,WIFI_DROP,
14.4592,11,STA,WIFI_DROP,
14.4592,13,STA,WIFI_DROP,
14.4592,17,STA,WIFI_DROP,
14.4616,11,STA,WIFI_DROP,
14.4616,13,STA,WIFI_DROP,
14.4616,17,STA,WIFI_DROP,
14.464,11,STA,WIFI_DROP,
14.464,13,STA,WIFI_DROP,
14.464,17,STA,WIFI_DROP,
14.4664,11,STA,WIFI_DROP,
14.4664,13,STA,WIFI_DROP,
14.4664,17,STA,WIFI_DROP,
14.4688,11,STA,WIFI_DROP,
14.4688,13,STA,WIFI_DROP,
14.4688,17,STA,WIFI_DROP,
14.4712,9,STA,WIFI_DROP,
14.4712,11,STA,WIFI_DROP,
14.4712,13,STA,WIFI_DROP,
14.4712,17,STA,WIFI_DROP,
14.4736,3,STA,WIFI_DROP,
14.4736,9,STA,WIFI_DROP,
14.4736,11,STA,WIFI_DROP,
14.4736,13,STA,WIFI_DROP,
14.4736,17,STA,WIFI_DROP,
14.4736,21,STA,WIFI_DROP,
14.476,3,STA,WIFI_DROP,
14.476,9,STA,WIFI_DROP,
14.476,11,STA,WIFI_DROP,
14.476,13,STA,WIFI_DROP,
14.476,17,STA,WIFI_DROP,
14.476,21,STA,WIFI_DROP,
14.4784,3,STA,WIFI_DROP,
14.4784,9,STA,WIFI_DROP,
14.4784,11,STA,WIFI_DROP,
14.4784,13,STA,WIFI_DROP,
14.4784,17,STA,WIFI_DROP,
14.4784,21,STA,WIFI_DROP,
14.4808,3,STA,WIFI_DROP,
14.4808,9,STA,WIFI_DROP,
14.4808,11,STA,WIFI_DROP,
14.4808,13,STA,WIFI_DROP,
14.4808,17,STA,WIFI_DROP,
14.4808,21,STA,WIFI_DROP,
14.4832,3,STA,WIFI_DROP,
14.4832,9,STA,WIFI_DROP,
14.4832,11,STA,WIFI_DROP,
14.4832,13,STA,WIFI_DROP,
14.4832,17,STA,WIFI_DROP,
14.4832,21,STA,WIFI_DROP,
14.4856,3,STA,WIFI_DROP,
14.4856,9,STA,WIFI_DROP,
14.4856,11,STA,WIFI_DROP,
14.4856,13,STA,WIFI_DROP,
14.4856,17,STA,WIFI_DROP,
14.4856,21,STA,WIFI_DROP,
14.488,3,STA,WIFI_DROP,
14.488,9,STA,WIFI_DROP,
14.488,11,STA,WIFI_DROP,
14.488,13,STA,WIFI_DROP,
14.488,17,STA,WIFI_DROP,
14.488,21,STA,WIFI_DROP,
14.4904,3,STA,WIFI_DROP,
14.4904,9,STA,WIFI_DROP,
14.4904,11,STA,WIFI_DROP,
14.4904,13,STA,WIFI_DROP,
14.4904,17,STA,WIFI_DROP,
14.4904,21,STA,WIFI_DROP,
14.4928,3,STA,WIFI_DROP,
14.4928,9,STA,WIFI_DROP,
14.4928,11,STA,WIFI_DROP,
14.4928,13,STA,WIFI_DROP,
14.4928,17,STA,WIFI_DROP,
14.4928,21,STA,WIFI_DROP,
14.4952,3,STA,WIFI_DROP,
14.4952,9,STA,WIFI_DROP,
14.4952,11,STA,WIFI_DROP,
14.4952,13,STA,WIFI_DROP,
14.4952,17,STA,WIFI_DROP,
14.4952,21,STA,WIFI_DROP,
14.4976,3,STA,WIFI_DROP,
14.4976,9,STA,WIFI_DROP,
14.4976,11,STA,WIFI_DROP,
14.4976,13,STA,WIFI_DROP,
14.4976,17,STA,WIFI_DROP,
14.4976,21,STA,WIFI_DROP,
14.5,3,STA,WIFI_DROP,
14.5,9,STA,WIFI_DROP,
14.5,11,STA,WIFI_DROP,
14.5,13,STA,WIFI_DROP,
14.5,17,STA,WIFI_DROP,
14.5,21,STA,WIFI_DROP,
14.5024,3,STA,WIFI_DROP,
14.5024,9,STA,WIFI_DROP,
14.5024,11,STA,WIFI_DROP,
14.5024,13,STA,WIFI_DROP,
14.5024,17,STA,WIFI_DROP,
14.5024,21,STA,WIFI_DROP,
14.5048,3,STA,WIFI_DROP,
14.5048,9,STA,WIFI_DROP,
14.5048,11,STA,WIFI_DROP,
14.5048,13,STA,WIFI_DROP,
14.5048,17,STA,WIFI_DROP,
14.5048,21,STA,WIFI_DROP,
14.5072,3,STA,WIFI_DROP,
14.5072,9,STA,WIFI_DROP,
14.5072,11,STA,WIFI_DROP,
14.5072,13,STA,WIFI_DROP,
14.5072,17,STA,WIFI_DROP,
14.5072,21,STA,WIFI_DROP,
14.5096,3,STA,WIFI_DROP,
14.5096,9,STA,WIFI_DROP,
14.5096,11,STA,WIFI_DROP,
14.5096,13,STA,WIFI_DROP,
14.5096,17,STA,WIFI_DROP,
14.5096,21,STA,WIFI_DROP,
14.512,3,STA,WIFI_DROP,
14.512,9,STA,WIFI_DROP,
14.512,11,STA,WIFI_DROP,
14.512,13,STA,WIFI_DROP,
14.512,17,STA,WIFI_DROP,
14.512,21,STA,WIFI_DROP,
14.5144,3,STA,WIFI_DROP,
14.5144,9,STA,WIFI_DROP,
14.5144,11,STA,WIFI_DROP,
14.5144,13,STA,WIFI_DROP,
14.5144,17,STA,WIFI_DROP,
14.5144,21,STA,WIFI_DROP,
14.5168,3,STA,WIFI_DROP,
14.5168,9,STA,WIFI_DROP,
14.5168,11,STA,WIFI_DROP,
14.5168,13,STA,WIFI_DROP,
14.5168,17,STA,WIFI_DROP,
14.5168,21,STA,WIFI_DROP,
14.5192,3,STA,WIFI_DROP,
14.5192,9,STA,WIFI_DROP,
14.5192,11,STA,WIFI_DROP,
14.5192,13,STA,WIFI_DROP,
14.5192,17,STA,WIFI_DROP,
14.5192,21,STA,WIFI_DROP,
14.5216,3,STA,WIFI_DROP,
14.5216,9,STA,WIFI_DROP,
14.5216,11,STA,WIFI_DROP,
14.5216,13,STA,WIFI_DROP,
14.5216,17,STA,WIFI_DROP,
14.5216,21,STA,WIFI_DROP,
14.524,3,STA,WIFI_DROP,
14.524,9,STA,WIFI_DROP,
14.524,11,STA,WIFI_DROP,
14.524,13,STA,WIFI_DROP,
14.524,17,STA,WIFI_DROP,
14.524,21,STA,WIFI_DROP,
14.5264,3,STA,WIFI_DROP,
14.5264,9,STA,WIFI_DROP,
14.5264,11,STA,WIFI_DROP,
14.5264,13,STA,WIFI_DROP,
14.5264,17,STA,WIFI_DROP,
14.5264,21,STA,WIFI_DROP,
14.5288,3,STA,WIFI_DROP,
14.5288,9,STA,WIFI_DROP,
14.5288,11,STA,WIFI_DROP,
14.5288,13,STA,WIFI_DROP,
14.5288,17,STA,WIFI_DROP,
14.5288,21,STA,WIFI_DROP,
14.5312,3,STA,WIFI_DROP,
14.5312,9,STA,WIFI_DROP,
14.5312,11,STA,WIFI_DROP,
14.5312,13,STA,WIFI_DROP,
14.5312,17,STA,WIFI_DROP,
14.5312,21,STA,WIFI_DROP,
14.5336,3,STA,WIFI_DROP,
14.5336,9,STA,WIFI_DROP,
14.5336,11,STA,WIFI_DROP,
14.5336,13,STA,WIFI_DROP,
14.5336,17,STA,WIFI_DROP,
14.5336,21,STA,WIFI_DROP,
14.536,3,STA,WIFI_DROP,
14.536,9,STA,WIFI_DROP,
14.536,11,STA,WIFI_DROP,
14.536,13,STA,WIFI_DROP,
14.536,17,STA,WIFI_DROP,
14.536,21,STA,WIFI_DROP,
14.5384,3,STA,WIFI_DROP,
14.5384,9,STA,WIFI_DROP,
14.5384,11,STA,WIFI_DROP,
14.5384,13,STA,WIFI_DROP,
14.5384,17,STA,WIFI_DROP,
14.5384,21,STA,WIFI_DROP,
14.5408,3,STA,WIFI_DROP,
14.5408,9,STA,WIFI_DROP,
14.5408,11,STA,WIFI_DROP,
14.5408,13,STA,WIFI_DROP,
14.5408,17,STA,WIFI_DROP,
14.5408,21,STA,WIFI_DROP,
14.5432,3,STA,WIFI_DROP,
14.5432,9,STA,WIFI_DROP,
14.5432,11,STA,WIFI_DROP,
14.5432,13,STA,WIFI_DROP,
14.5432,17,STA,WIFI_DROP,
14.5432,21,STA,WIFI_DROP,
14.5456,3,STA,WIFI_DROP,
14.5456,9,STA,WIFI_DROP,
14.5456,11,STA,WIFI_DROP,
14.5456,13,STA,WIFI_DROP,
14.5456,17,STA,WIFI_DROP,
14.5456,21,STA,WIFI_DROP,
14.548,3,STA,WIFI_DROP,
14.548,9,STA,WIFI_DROP,
14.548,11,STA,WIFI_DROP,
14.548,13,STA,WIFI_DROP,
14.548,17,STA,WIFI_DROP,
14.548,21,STA,WIFI_DROP,
14.5504,3,STA,WIFI_DROP,
14.5504,9,STA,WIFI_DROP,
14.5504,11,STA,WIFI_DROP,
14.5504,13,STA,WIFI_DROP,
14.5504,17,STA,WIFI_DROP,
14.5504,21,STA,WIFI_DROP,
14.5528,3,STA,WIFI_DROP,
14.5528,9,STA,WIFI_DROP,
14.5528,11,STA,WIFI_DROP,
14.5528,13,STA,WIFI_DROP,
14.5528,17,STA,WIFI_DROP,
14.5528,21,STA,WIFI_DROP,
14.5552,3,STA,WIFI_DROP,
14.5552,9,STA,WIFI_DROP,
14.5552,11,STA,WIFI_DROP,
14.5552,13,STA,WIFI_DROP,
14.5552,17,STA,WIFI_DROP,
14.5552,21,STA,WIFI_DROP,
14.5576,3,STA,WIFI_DROP,
14.5576,9,STA,WIFI_DROP,
14.5576,11,STA,WIFI_DROP,
14.5576,13,STA,WIFI_DROP,
14.5576,17,STA,WIFI_DROP,
14.5576,21,STA,WIFI_DROP,
14.56,3,STA,WIFI_DROP,
14.56,9,STA,WIFI_DROP,
14.56,11,STA,WIFI_DROP,
14.56,13,STA,WIFI_DROP,
14.56,17,STA,WIFI_DROP,
14.56,21,STA,WIFI_DROP,
14.5624,3,STA,WIFI_DROP,
14.5624,9,STA,WIFI_DROP,
14.5624,11,STA,WIFI_DROP,
14.5624,13,STA,WIFI_DROP,
14.5624,17,STA,WIFI_DROP,
14.5624,21,STA,WIFI_DROP,
14.5648,3,STA,WIFI_DROP,
14.5648,9,STA,WIFI_DROP,
14.5648,11,STA,WIFI_DROP,
14.5648,13,STA,WIFI_DROP,
14.5648,17,STA,WIFI_DROP,
14.5648,21,STA,WIFI_DROP,
14.5672,3,STA,WIFI_DROP,
14.5672,9,STA,WIFI_DROP,
14.5672,11,STA,WIFI_DROP,
14.5672,13,STA,WIFI_DROP,
14.5672,17,STA,WIFI_DROP,
14.5672,21,STA,WIFI_DROP,
14.5696,3,STA,WIFI_DROP,
14.5696,9,STA,WIFI_DROP,
14.5696,11,STA,WIFI_DROP,
14.5696,13,STA,WIFI_DROP,
14.5696,17,STA,WIFI_DROP,
14.5696,21,STA,WIFI_DROP,
14.572,3,STA,WIFI_DROP,
14.572,9,STA,WIFI_DROP,
14.572,11,STA,WIFI_DROP,
14.572,13,STA,WIFI_DROP,
14.572,17,STA,WIFI_DROP,
14.572,21,STA,WIFI_DROP,
14.5744,3,STA,WIFI_DROP,
14.5744,11,STA,WIFI_DROP,
14.5744,13,STA,WIFI_DROP,
14.5744,17,STA,WIFI_DROP,
14.5744,21,STA,WIFI_DROP,
14.5768,3,STA,WIFI_DROP,
14.5768,11,STA,WIFI_DROP,
14.5768,13,STA,WIFI_DROP,
14.5768,17,STA,WIFI_DROP,
14.5768,21,STA,WIFI_DROP,
14.5792,3,STA,WIFI_DROP,
14.5792,11,STA,WIFI_DROP,
14.5792,13,STA,WIFI_DROP,
14.5792,17,STA,WIFI_DROP,
14.5792,21,STA,WIFI_DROP,
14.5816,3,STA,WIFI_DROP,
14.5816,11,STA,WIFI_DROP,
14.5816,13,STA,WIFI_DROP,
14.5816,17,STA,WIFI_DROP,
14.5816,21,STA,WIFI_DROP,
14.584,3,STA,WIFI_DROP,
14.584,11,STA,WIFI_DROP,
14.584,13,STA,WIFI_DROP,
14.584,17,STA,WIFI_DROP,
14.584,21,STA,WIFI_DROP,
14.5864,3,STA,WIFI_DROP,
14.5864,11,STA,WIFI_DROP,
14.5864,13,STA,WIFI_DROP,
14.5864,17,STA,WIFI_DROP,
14.5864,21,STA,WIFI_DROP,
14.5888,3,STA,WIFI_DROP,
14.5888,11,STA,WIFI_DROP,
14.5888,13,STA,WIFI_DROP,
14.5888,17,STA,WIFI_DROP,
14.5888,21,STA,WIFI_DROP,
14.5912,3,STA,WIFI_DROP,
14.5912,11,STA,WIFI_DROP,
14.5912,13,STA,WIFI_DROP,
14.5912,17,STA,WIFI_DROP,
14.5912,21,STA,WIFI_DROP,
14.5936,3,STA,WIFI_DROP,
14.5936,11,STA,WIFI_DROP,
14.5936,13,STA,WIFI_DROP,
14.5936,17,STA,WIFI_DROP,
14.5936,21,STA,WIFI_DROP,
14.596,3,STA,WIFI_DROP,
14.596,11,STA,WIFI_DROP,
14.596,13,STA,WIFI_DROP,
14.596,17,STA,WIFI_DROP,
14.596,21,STA,WIFI_DROP,
14.5984,3,STA,WIFI_DROP,
14.5984,11,STA,WIFI_DROP,
14.5984,13,STA,WIFI_DROP,
14.5984,17,STA,WIFI_DROP,
14.5984,21,STA,WIFI_DROP,
14.6008,3,STA,WIFI_DROP,
14.6008,11,STA,WIFI_DROP,
14.6008,13,STA,WIFI_DROP,
14.6008,17,STA,WIFI_DROP,
14.6008,21,STA,WIFI_DROP,
14.6032,3,STA,WIFI_DROP,
14.6032,11,STA,WIFI_DROP,
14.6032,13,STA,WIFI_DROP,
14.6032,17,STA,WIFI_DROP,
14.6032,21,STA,WIFI_DROP,
14.6056,3,STA,WIFI_DROP,
14.6056,11,STA,WIFI_DROP,
14.6056,13,STA,WIFI_DROP,
14.6056,17,STA,WIFI_DROP,
14.6056,21,STA,WIFI_DROP,
14.608,3,STA,WIFI_DROP,
14.608,11,STA,WIFI_DROP,
14.608,13,STA,WIFI_DROP,
14.608,17,STA,WIFI_DROP,
14.608,21,STA,WIFI_DROP,
14.6104,3,STA,WIFI_DROP,
14.6104,11,STA,WIFI_DROP,
14.6104,13,STA,WIFI_DROP,
14.6104,17,STA,WIFI_DROP,
14.6104,21,STA,WIFI_DROP,
14.6128,3,STA,WIFI_DROP,
14.6128,11,STA,WIFI_DROP,
14.6128,13,STA,WIFI_DROP,
14.6128,17,STA,WIFI_DROP,
14.6128,21,STA,WIFI_DROP,
14.6152,3,STA,WIFI_DROP,
14.6152,11,STA,WIFI_DROP,
14.6152,13,STA,WIFI_DROP,
14.6152,17,STA,WIFI_DROP,
14.6152,21,STA,WIFI_DROP,
14.6176,3,STA,WIFI_DROP,
14.6176,11,STA,WIFI_DROP,
14.6176,13,STA,WIFI_DROP,
14.6176,17,STA,WIFI_DROP,
14.6176,21,STA,WIFI_DROP,
14.62,3,STA,WIFI_DROP,
14.62,11,STA,WIFI_DROP,
14.62,13,STA,WIFI_DROP,
14.62,17,STA,WIFI_DROP,
14.62,21,STA,WIFI_DROP,
14.6224,3,STA,WIFI_DROP,
14.6224,11,STA,WIFI_DROP,
14.6224,13,STA,WIFI_DROP,
14.6224,17,STA,WIFI_DROP,
14.6224,21,STA,WIFI_DROP,
14.6248,3,STA,WIFI_DROP,
14.6248,11,STA,WIFI_DROP,
14.6248,13,STA,WIFI_DROP,
14.6248,17,STA,WIFI_DROP,
14.6248,21,STA,WIFI_DROP,
14.6272,3,STA,WIFI_DROP,
14.6272,11,STA,WIFI_DROP,
14.6272,13,STA,WIFI_DROP,
14.6272,17,STA,WIFI_DROP,
14.6296,3,STA,WIFI_DROP,
14.6296,11,STA,WIFI_DROP,
14.6296,13,STA,WIFI_DROP,
14.6296,17,STA,WIFI_DROP,
14.632,3,STA,WIFI_DROP,
14.632,11,STA,WIFI_DROP,
14.632,13,STA,WIFI_DROP,
14.632,17,STA,WIFI_DROP,
14.6344,3,STA,WIFI_DROP,
14.6344,11,STA,WIFI_DROP,
14.6344,13,STA,WIFI_DROP,
14.6344,17,STA,WIFI_DROP,
14.6368,3,STA,WIFI_DROP,
14.6368,11,STA,WIFI_DROP,
14.6368,13,STA,WIFI_DROP,
14.6368,17,STA,WIFI_DROP,
14.6392,3,STA,WIFI_DROP,
14.6392,11,STA,WIFI_DROP,
14.6392,13,STA,WIFI_DROP,
14.6392,17,STA,WIFI_DROP,
14.6416,3,STA,WIFI_DROP,
14.6416,11,STA,WIFI_DROP,
14.6416,13,STA,WIFI_DROP,
14.6416,17,STA,WIFI_DROP,
14.644,3,STA,WIFI_DROP,
14.644,11,STA,WIFI_DROP,
14.644,13,STA,WIFI_DROP,
14.644,17,STA,WIFI_DROP,
14.6464,3,STA,WIFI_DROP,
14.6464,11,STA,WIFI_DROP,
14.6464,13,STA,WIFI_DROP,
14.6464,17,STA,WIFI_DROP,
14.6488,3,STA,WIFI_DROP,
14.6488,11,STA,WIFI_DROP,
14.6488,13,STA,WIFI_DROP,
14.6488,17,STA,WIFI_DROP,
14.6512,3,STA,WIFI_DROP,
14.6512,11,STA,WIFI_DROP,
14.6512,13,STA,WIFI_DROP,
14.6512,17,STA,WIFI_DROP,
14.6536,3,STA,WIFI_DROP,
14.6536,11,STA,WIFI_DROP,
14.6536,13,STA,WIFI_DROP,
14.6536,17,STA,WIFI_DROP,
14.656,3,STA,WIFI_DROP,
14.656,11,STA,WIFI_DROP,
14.656,13,STA,WIFI_DROP,
14.656,17,STA,WIFI_DROP,
14.6584,3,STA,WIFI_DROP,
14.6584,11,STA,WIFI_DROP,
14.6584,13,STA,WIFI_DROP,
14.6584,17,STA,WIFI_DROP,
14.6608,3,STA,WIFI_DROP,
14.6608,11,STA,WIFI_DROP,
14.6608,13,STA,WIFI_DROP,
14.6608,17,STA,WIFI_DROP,
14.6632,3,STA,WIFI_DROP,
14.6632,11,STA,WIFI_DROP,
14.6632,13,STA,WIFI_DROP,
14.6632,17,STA,WIFI_DROP,
14.6656,3,STA,WIFI_DROP,
14.6656,11,STA,WIFI_DROP,
14.6656,13,STA,WIFI_DROP,
14.6656,17,STA,WIFI_DROP,
14.668,3,STA,WIFI_DROP,
14.668,11,STA,WIFI_DROP,
14.668,13,STA,WIFI_DROP,
14.668,17,STA,WIFI_DROP,
14.6704,3,STA,WIFI_DROP,
14.6704,11,STA,WIFI_DROP,
14.6704,13,STA,WIFI_DROP,
14.6704,17,STA,WIFI_DROP,
14.6728,3,STA,WIFI_DROP,
14.6728,11,STA,WIFI_DROP,
14.6728,13,STA,WIFI_DROP,
14.6728,17,STA,WIFI_DROP,
14.6752,3,STA,WIFI_DROP,
14.6752,11,STA,WIFI_DROP,
14.6752,13,STA,WIFI_DROP,
14.6752,17,STA,WIFI_DROP,
14.6776,3,STA,WIFI_DROP,
14.6776,11,STA,WIFI_DROP,
14.6776,13,STA,WIFI_DROP,
14.6776,17,STA,WIFI_DROP,
14.68,3,STA,WIFI_DROP,
14.68,11,STA,WIFI_DROP,
14.68,13,STA,WIFI_DROP,
14.68,17,STA,WIFI_DROP,
14.6824,3,STA,WIFI_DROP,
14.6824,11,STA,WIFI_DROP,
14.6824,13,STA,WIFI_DROP,
14.6824,17,STA,WIFI_DROP,
14.6848,3,STA,WIFI_DROP,
14.6848,11,STA,WIFI_DROP,
14.6848,13,STA,WIFI_DROP,
14.6848,17,STA,WIFI_DROP,
14.6872,3,STA,WIFI_DROP,
14.6872,11,STA,WIFI_DROP,
14.6872,13,STA,WIFI_DROP,
14.6872,17,STA,WIFI_DROP,
14.6896,3,STA,WIFI_DROP,
14.6896,11,STA,WIFI_DROP,
14.6896,13,STA,WIFI_DROP,
14.6896,17,STA,WIFI_DROP,
14.692,3,STA,WIFI_DROP,
14.692,11,STA,WIFI_DROP,
14.692,13,STA,WIFI_DROP,
14.692,17,STA,WIFI_DROP,
14.6944,3,STA,WIFI_DROP,
14.6944,11,STA,WIFI_DROP,
14.6944,13,STA,WIFI_DROP,
14.6944,17,STA,WIFI_DROP,
14.6968,3,STA,WIFI_DROP,
14.6968,11,STA,WIFI_DROP,
14.6968,13,STA,WIFI_DROP,
14.6968,17,STA,WIFI_DROP,
14.6992,3,STA,WIFI_DROP,
14.6992,11,STA,WIFI_DROP,
14.6992,13,STA,WIFI_DROP,
14.6992,17,STA,WIFI_DROP,
14.7016,3,STA,WIFI_DROP,
14.7016,11,STA,WIFI_DROP,
14.7016,13,STA,WIFI_DROP,
14.7016,17,STA,WIFI_DROP,
14.704,3,STA,WIFI_DROP,
14.704,11,STA,WIFI_DROP,
14.704,13,STA,WIFI_DROP,
14.704,17,STA,WIFI_DROP,
14.7064,3,STA,WIFI_DROP,
14.7064,11,STA,WIFI_DROP,
14.7064,13,STA,WIFI_DROP,
14.7064,17,STA,WIFI_DROP,
14.7088,3,STA,WIFI_DROP,
14.7088,11,STA,WIFI_DROP,
14.7088,13,STA,WIFI_DROP,
14.7088,17,STA,WIFI_DROP,
14.7112,3,STA,WIFI_DROP,
14.7112,11,STA,WIFI_DROP,
14.7112,13,STA,WIFI_DROP,
14.7112,17,STA,WIFI_DROP,
14.7136,3,STA,WIFI_DROP,
14.7136,11,STA,WIFI_DROP,
14.7136,13,STA,WIFI_DROP,
14.7136,17,STA,WIFI_DROP,
14.716,3,STA,WIFI_DROP,
14.716,11,STA,WIFI_DROP,
14.716,13,STA,WIFI_DROP,
14.716,17,STA,WIFI_DROP,
14.7184,3,STA,WIFI_DROP,
14.7184,11,STA,WIFI_DROP,
14.7184,13,STA,WIFI_DROP,
14.7184,17,STA,WIFI_DROP,
14.7208,3,STA,WIFI_DROP,
14.7208,11,STA,WIFI_DROP,
14.7208,13,STA,WIFI_DROP,
14.7208,17,STA,WIFI_DROP,
14.7232,3,STA,WIFI_DROP,
14.7232,11,STA,WIFI_DROP,
14.7232,13,STA,WIFI_DROP,
14.7232,17,STA,WIFI_DROP,
14.7256,3,STA,WIFI_DROP,
14.7256,11,STA,WIFI_DROP,
14.7256,13,STA,WIFI_DROP,
14.7256,17,STA,WIFI_DROP,
14.728,3,STA,WIFI_DROP,
14.728,11,STA,WIFI_DROP,
14.728,13,STA,WIFI_DROP,
14.728,17,STA,WIFI_DROP,
14.7304,3,STA,WIFI_DROP,
14.7304,11,STA,WIFI_DROP,
14.7304,13,STA,WIFI_DROP,
14.7304,17,STA,WIFI_DROP,
14.7328,3,STA,WIFI_DROP,
14.7328,11,STA,WIFI_DROP,
14.7328,13,STA,WIFI_DROP,
14.7328,17,STA,WIFI_DROP,
14.7352,3,STA,WIFI_DROP,
14.7352,11,STA,WIFI_DROP,
14.7352,13,STA,WIFI_DROP,
14.7352,17,STA,WIFI_DROP,
14.7376,3,STA,WIFI_DROP,
14.7376,11,STA,WIFI_DROP,
14.7376,13,STA,WIFI_DROP,
14.7376,17,STA,WIFI_DROP,
14.74,3,STA,WIFI_DROP,
14.74,11,STA,WIFI_DROP,
14.74,13,STA,WIFI_DROP,
14.74,17,STA,WIFI_DROP,
14.7424,3,STA,WIFI_DROP,
14.7424,11,STA,WIFI_DROP,
14.7424,13,STA,WIFI_DROP,
14.7424,17,STA,WIFI_DROP,
14.7448,3,STA,WIFI_DROP,
14.7448,11,STA,WIFI_DROP,
14.7448,13,STA,WIFI_DROP,
14.7448,17,STA,WIFI_DROP,
14.7472,3,STA,WIFI_DROP,
14.7472,11,STA,WIFI_DROP,
14.7472,13,STA,WIFI_DROP,
14.7472,17,STA,WIFI_DROP,
14.7496,3,STA,WIFI_DROP,
14.7496,11,STA,WIFI_DROP,
14.7496,13,STA,WIFI_DROP,
14.7496,17,STA,WIFI_DROP,
14.752,3,STA,WIFI_DROP,
14.752,11,STA,WIFI_DROP,
14.752,13,STA,WIFI_DROP,
14.752,17,STA,WIFI_DROP,
14.7544,3,STA,WIFI_DROP,
14.7544,11,STA,WIFI_DROP,
14.7544,13,STA,WIFI_DROP,
14.7544,17,STA,WIFI_DROP,
14.7568,3,STA,WIFI_DROP,
14.7568,11,STA,WIFI_DROP,
14.7568,13,STA,WIFI_DROP,
14.7568,17,STA,WIFI_DROP,
14.7592,3,STA,WIFI_DROP,
14.7592,11,STA,WIFI_DROP,
14.7592,13,STA,WIFI_DROP,
14.7592,17,STA,WIFI_DROP,
14.7616,3,STA,WIFI_DROP,
14.7616,11,STA,WIFI_DROP,
14.7616,13,STA,WIFI_DROP,
14.7616,17,STA,WIFI_DROP,
14.764,3,STA,WIFI_DROP,
14.764,11,STA,WIFI_DROP,
14.764,13,STA,WIFI_DROP,
14.764,17,STA,WIFI_DROP,
14.7664,3,STA,WIFI_DROP,
14.7664,11,STA,WIFI_DROP,
14.7664,13,STA,WIFI_DROP,
14.7664,17,STA,WIFI_DROP,
14.7688,3,STA,WIFI_DROP,
14.7688,11,STA,WIFI_DROP,
14.7688,13,STA,WIFI_DROP,
14.7688,17,STA,WIFI_DROP,
14.7712,3,STA,WIFI_DROP,
14.7712,11,STA,WIFI_DROP,
14.7712,13,STA,WIFI_DROP,
14.7712,17,STA,WIFI_DROP,
14.7736,3,STA,WIFI_DROP,
14.7736,11,STA,WIFI_DROP,
14.7736,13,STA,WIFI_DROP,
14.7736,17,STA,WIFI_DROP,
14.776,3,STA,WIFI_DROP,
14.776,11,STA,WIFI_DROP,
14.776,13,STA,WIFI_DROP,
14.776,17,STA,WIFI_DROP,
14.7784,3,STA,WIFI_DROP,
14.7784,11,STA,WIFI_DROP,
14.7784,13,STA,WIFI_DROP,
14.7784,17,STA,WIFI_DROP,
14.7808,3,STA,WIFI_DROP,
14.7808,11,STA,WIFI_DROP,
14.7808,13,STA,WIFI_DROP,
14.7808,17,STA,WIFI_DROP,
14.7832,3,STA,WIFI_DROP,
14.7832,11,STA,WIFI_DROP,
14.7832,13,STA,WIFI_DROP,
14.7832,17,STA,WIFI_DROP,
14.7856,3,STA,WIFI_DROP,
14.7856,11,STA,WIFI_DROP,
14.7856,13,STA,WIFI_DROP,
14.7856,17,STA,WIFI_DROP,
14.788,3,STA,WIFI_DROP,
14.788,11,STA,WIFI_DROP,
14.788,13,STA,WIFI_DROP,
14.788,17,STA,WIFI_DROP,
14.7904,3,STA,WIFI_DROP,
14.7904,11,STA,WIFI_DROP,
14.7904,13,STA,WIFI_DROP,
14.7904,17,STA,WIFI_DROP,
14.7928,3,STA,WIFI_DROP,
14.7928,11,STA,WIFI_DROP,
14.7928,13,STA,WIFI_DROP,
14.7928,17,STA,WIFI_DROP,
14.7952,3,STA,WIFI_DROP,
14.7952,11,STA,WIFI_DROP,
14.7952,13,STA,WIFI_DROP,
14.7952,17,STA,WIFI_DROP,
14.7976,3,STA,WIFI_DROP,
14.7976,11,STA,WIFI_DROP,
14.7976,13,STA,WIFI_DROP,
14.7976,17,STA,WIFI_DROP,
14.8,3,STA,WIFI_DROP,
14.8,11,STA,WIFI_DROP,
14.8,13,STA,WIFI_DROP,
14.8,17,STA,WIFI_DROP,
14.8024,3,STA,WIFI_DROP,
14.8024,11,STA,WIFI_DROP,
14.8024,13,STA,WIFI_DROP,
14.8024,17,STA,WIFI_DROP,
14.8048,3,STA,WIFI_DROP,
14.8048,11,STA,WIFI_DROP,
14.8048,13,STA,WIFI_DROP,
14.8048,17,STA,WIFI_DROP,
14.8072,3,STA,WIFI_DROP,
14.8072,11,STA,WIFI_DROP,
14.8072,13,STA,WIFI_DROP,
14.8072,17,STA,WIFI_DROP,
14.8096,3,STA,WIFI_DROP,
14.8096,11,STA,WIFI_DROP,
14.8096,13,STA,WIFI_DROP,
14.8096,17,STA,WIFI_DROP,
14.812,3,STA,WIFI_DROP,
14.812,11,STA,WIFI_DROP,
14.812,13,STA,WIFI_DROP,
14.812,17,STA,WIFI_DROP,
14.8144,3,STA,WIFI_DROP,
14.8144,11,STA,WIFI_DROP,
14.8144,13,STA,WIFI_DROP,
14.8144,17,STA,WIFI_DROP,
14.8168,3,STA,WIFI_DROP,
14.8168,11,STA,WIFI_DROP,
14.8168,13,STA,WIFI_DROP,
14.8168,17,STA,WIFI_DROP,
14.8192,3,STA,WIFI_DROP,
14.8192,11,STA,WIFI_DROP,
14.8192,13,STA,WIFI_DROP,
14.8192,17,STA,WIFI_DROP,
14.8216,3,STA,WIFI_DROP,
14.8216,11,STA,WIFI_DROP,
14.8216,13,STA,WIFI_DROP,
14.8216,17,STA,WIFI_DROP,
14.824,3,STA,WIFI_DROP,
14.824,11,STA,WIFI_DROP,
14.824,13,STA,WIFI_DROP,
14.8264,3,STA,WIFI_DROP,
14.8264,11,STA,WIFI_DROP,
14.8264,13,STA,WIFI_DROP,
14.8288,3,STA,WIFI_DROP,
14.8288,11,STA,WIFI_DROP,
14.8288,13,STA,WIFI_DROP,
14.8312,3,STA,WIFI_DROP,
14.8312,11,STA,WIFI_DROP,
14.8312,13,STA,WIFI_DROP,
14.8336,3,STA,WIFI_DROP,
14.8336,11,STA,WIFI_DROP,
14.8336,13,STA,WIFI_DROP,
14.836,3,STA,WIFI_DROP,
14.836,11,STA,WIFI_DROP,
14.836,13,STA,WIFI_DROP,
14.8384,3,STA,WIFI_DROP,
14.8384,11,STA,WIFI_DROP,
14.8384,13,STA,WIFI_DROP,
14.8408,3,STA,WIFI_DROP,
14.8408,11,STA,WIFI_DROP,
14.8408,13,STA,WIFI_DROP,
14.8432,3,STA,WIFI_DROP,
14.8432,11,STA,WIFI_DROP,
14.8432,13,STA,WIFI_DROP,
14.8456,3,STA,WIFI_DROP,
14.8456,11,STA,WIFI_DROP,
14.8456,13,STA,WIFI_DROP,
14.848,3,STA,WIFI_DROP,
14.848,11,STA,WIFI_DROP,
14.848,13,STA,WIFI_DROP,
14.8504,3,STA,WIFI_DROP,
14.8504,11,STA,WIFI_DROP,
14.8504,13,STA,WIFI_DROP,
14.8528,3,STA,WIFI_DROP,
14.8528,11,STA,WIFI_DROP,
14.8528,13,STA,WIFI_DROP,
14.8552,3,STA,WIFI_DROP,
14.8552,11,STA,WIFI_DROP,
14.8552,13,STA,WIFI_DROP,
14.8576,3,STA,WIFI_DROP,
14.8576,11,STA,WIFI_DROP,
14.8576,13,STA,WIFI_DROP,
14.86,3,STA,WIFI_DROP,
14.86,11,STA,WIFI_DROP,
14.86,13,STA,WIFI_DROP,
14.8624,3,STA,WIFI_DROP,
14.8624,11,STA,WIFI_DROP,
14.8624,13,STA,WIFI_DROP,
14.8648,3,STA,WIFI_DROP,
14.8648,11,STA,WIFI_DROP,
14.8648,13,STA,WIFI_DROP,
14.8672,3,STA,WIFI_DROP,
14.8672,11,STA,WIFI_DROP,
14.8672,13,STA,WIFI_DROP,
14.8696,3,STA,WIFI_DROP,
14.8696,11,STA,WIFI_DROP,
14.8696,13,STA,WIFI_DROP,
14.872,3,STA,WIFI_DROP,
14.872,11,STA,WIFI_DROP,
14.872,13,STA,WIFI_DROP,
14.8744,3,STA,WIFI_DROP,
14.8744,11,STA,WIFI_DROP,
14.8744,13,STA,WIFI_DROP,
14.8768,3,STA,WIFI_DROP,
14.8768,11,STA,WIFI_DROP,
14.8768,13,STA,WIFI_DROP,
14.8792,3,STA,WIFI_DROP,
14.8792,11,STA,WIFI_DROP,
14.8792,13,STA,WIFI_DROP,
14.8816,3,STA,WIFI_DROP,
14.8816,11,STA,WIFI_DROP,
14.8816,13,STA,WIFI_DROP,
14.884,3,STA,WIFI_DROP,
14.884,11,STA,WIFI_DROP,
14.884,13,STA,WIFI_DROP,
14.8864,3,STA,WIFI_DROP,
14.8864,11,STA,WIFI_DROP,
14.8864,13,STA,WIFI_DROP,
14.8888,3,STA,WIFI_DROP,
14.8888,11,STA,WIFI_DROP,
14.8888,13,STA,WIFI_DROP,
14.8912,3,STA,WIFI_DROP,
14.8912,11,STA,WIFI_DROP,
14.8912,13,STA,WIFI_DROP,
14.8936,3,STA,WIFI_DROP,
14.8936,11,STA,WIFI_DROP,
14.8936,13,STA,WIFI_DROP,
14.896,3,STA,WIFI_DROP,
14.896,11,STA,WIFI_DROP,
14.896,13,STA,WIFI_DROP,
14.8984,3,STA,WIFI_DROP,
14.8984,11,STA,WIFI_DROP,
14.8984,13,STA,WIFI_DROP,
14.9008,3,STA,WIFI_DROP,
14.9008,11,STA,WIFI_DROP,
14.9008,13,STA,WIFI_DROP,
14.9032,3,STA,WIFI_DROP,
14.9032,11,STA,WIFI_DROP,
14.9032,13,STA,WIFI_DROP,
14.9056,3,STA,WIFI_DROP,
14.9056,11,STA,WIFI_DROP,
14.9056,13,STA,WIFI_DROP,
14.908,3,STA,WIFI_DROP,
14.908,11,STA,WIFI_DROP,
14.908,13,STA,WIFI_DROP,
14.9104,3,STA,WIFI_DROP,
14.9104,11,STA,WIFI_DROP,
14.9104,13,STA,WIFI_DROP,
14.9128,3,STA,WIFI_DROP,
14.9128,11,STA,WIFI_DROP,
14.9128,13,STA,WIFI_DROP,
14.9152,3,STA,WIFI_DROP,
14.9152,11,STA,WIFI_DROP,
14.9152,13,STA,WIFI_DROP,
14.9176,3,STA,WIFI_DROP,
14.9176,11,STA,WIFI_DROP,
14.9176,13,STA,WIFI_DROP,
14.92,3,STA,WIFI_DROP,
14.92,11,STA,WIFI_DROP,
14.92,13,STA,WIFI_DROP,
14.9224,3,STA,WIFI_DROP,
14.9224,11,STA,WIFI_DROP,
14.9224,13,STA,WIFI_DROP,
14.9248,3,STA,WIFI_DROP,
14.9248,11,STA,WIFI_DROP,
14.9248,13,STA,WIFI_DROP,
14.9272,3,STA,WIFI_DROP,
14.9272,11,STA,WIFI_DROP,
14.9272,13,STA,WIFI_DROP,
14.9296,3,STA,WIFI_DROP,
14.9296,11,STA,WIFI_DROP,
14.9296,13,STA,WIFI_DROP,
14.932,3,STA,WIFI_DROP,
14.932,11,STA,WIFI_DROP,
14.932,13,STA,WIFI_DROP,
14.9344,3,STA,WIFI_DROP,
14.9344,11,STA,WIFI_DROP,
14.9344,13,STA,WIFI_DROP,
14.9368,3,STA,WIFI_DROP,
14.9368,11,STA,WIFI_DROP,
14.9368,13,STA,WIFI_DROP,
14.9392,3,STA,WIFI_DROP,
14.9392,11,STA,WIFI_DROP,
14.9392,13,STA,WIFI_DROP,
14.9416,3,STA,WIFI_DROP,
14.9416,11,STA,WIFI_DROP,
14.9416,13,STA,WIFI_DROP,
14.944,3,STA,WIFI_DROP,
14.944,11,STA,WIFI_DROP,
14.944,13,STA,WIFI_DROP,
14.9464,3,STA,WIFI_DROP,
14.9464,11,STA,WIFI_DROP,
14.9464,13,STA,WIFI_DROP,
14.9488,3,STA,WIFI_DROP,
14.9488,11,STA,WIFI_DROP,
14.9488,13,STA,WIFI_DROP,
14.9512,3,STA,WIFI_DROP,
14.9512,11,STA,WIFI_DROP,
14.9512,13,STA,WIFI_DROP,
14.9536,3,STA,WIFI_DROP,
14.9536,11,STA,WIFI_DROP,
14.9536,13,STA,WIFI_DROP,
14.956,3,STA,WIFI_DROP,
14.956,11,STA,WIFI_DROP,
14.956,13,STA,WIFI_DROP,
14.9584,3,STA,WIFI_DROP,
14.9584,11,STA,WIFI_DROP,
14.9584,13,STA,WIFI_DROP,
14.9608,3,STA,WIFI_DROP,
14.9608,11,STA,WIFI_DROP,
14.9608,13,STA,WIFI_DROP,
14.9632,3,STA,WIFI_DROP,
14.9632,11,STA,WIFI_DROP,
14.9632,13,STA,WIFI_DROP,
14.9656,3,STA,WIFI_DROP,
14.9656,11,STA,WIFI_DROP,
14.9656,13,STA,WIFI_DROP,
14.968,3,STA,WIFI_DROP,
14.968,11,STA,WIFI_DROP,
14.968,13,STA,WIFI_DROP,
14.9704,3,STA,WIFI_DROP,
14.9704,11,STA,WIFI_DROP,
14.9704,13,STA,WIFI_DROP,
14.9728,3,STA,WIFI_DROP,
14.9728,11,STA,WIFI_DROP,
14.9728,13,STA,WIFI_DROP,
14.9752,3,STA,WIFI_DROP,
14.9752,11,STA,WIFI_DROP,
14.9752,13,STA,WIFI_DROP,
14.9776,3,STA,WIFI_DROP,
14.9776,11,STA,WIFI_DROP,
14.9776,13,STA,WIFI_DROP,
14.98,3,STA,WIFI_DROP,
14.98,11,STA,WIFI_DROP,
14.98,13,STA,WIFI_DROP,
14.9824,3,STA,WIFI_DROP,
14.9824,11,STA,WIFI_DROP,
14.9824,13,STA,WIFI_DROP,
14.9848,3,STA,WIFI_DROP,
14.9848,11,STA,WIFI_DROP,
14.9848,13,STA,WIFI_DROP,
14.9872,3,STA,WIFI_DROP,
14.9872,11,STA,WIFI_DROP,
14.9872,13,STA,WIFI_DROP,
14.9896,3,STA,WIFI_DROP,
14.9896,11,STA,WIFI_DROP,
14.9896,13,STA,WIFI_DROP,
14.992,3,STA,WIFI_DROP,
14.992,11,STA,WIFI_DROP,
14.992,13,STA,WIFI_DROP,
14.9944,3,STA,WIFI_DROP,
14.9944,11,STA,WIFI_DROP,
14.9944,13,STA,WIFI_DROP,
14.9968,3,STA,WIFI_DROP,
14.9968,11,STA,WIFI_DROP,
14.9968,13,STA,WIFI_DROP,
14.9992,3,STA,WIFI_DROP,
14.9992,11,STA,WIFI_DROP,
14.9992,13,STA,WIFI_DROP,
15,2,STA,THROUGHPUT_MBPS,0.480000
15,3,STA,THROUGHPUT_MBPS,0.468000
15,5,STA,THROUGHPUT_MBPS,1.368000
15,8,STA,THROUGHPUT_MBPS,0.648000
15,9,STA,THROUGHPUT_MBPS,0.816000
15,10,STA,THROUGHPUT_MBPS,0.732000
15,11,STA,THROUGHPUT_MBPS,0.480000
15,12,STA,THROUGHPUT_MBPS,1.548000
15,15,STA,THROUGHPUT_MBPS,0.612000
15,16,STA,THROUGHPUT_MBPS,1.464000
15,18,STA,THROUGHPUT_MBPS,1.644000
15,19,STA,THROUGHPUT_MBPS,1.896000
15,1,AP,AGGREGATE_THROUGHPUT_MBPS,12.156000
15,1,AP,SENT_COUNT,8340.000000
15,1,AP,RECV_COUNT,1013.000000
15,1,AP,LATENCY_P95_MS,529.128933
15.0016,3,STA,WIFI_DROP,
15.0016,11,STA,WIFI_DROP,
15.0016,13,STA,WIFI_DROP,
15.004,3,STA,WIFI_DROP,
15.004,11,STA,WIFI_DROP,
15.004,13,STA,WIFI_DROP,
15.0064,3,STA,WIFI_DROP,
15.0064,11,STA,WIFI_DROP,
15.0064,13,STA,WIFI_DROP,
15.0088,3,STA,WIFI_DROP,
15.0088,11,STA,WIFI_DROP,
15.0088,13,STA,WIFI_DROP,
15.0112,3,STA,WIFI_DROP,
15.0112,11,STA,WIFI_DROP,
15.0112,13,STA,WIFI_DROP,
15.0136,3,STA,WIFI_DROP,
15.0136,11,STA,WIFI_DROP,
15.0136,13,STA,WIFI_DROP,
15.016,3,STA,WIFI_DROP,
15.016,11,STA,WIFI_DROP,
15.016,13,STA,WIFI_DROP,
15.0184,3,STA,WIFI_DROP,
15.0184,11,STA,WIFI_DROP,
15.0184,13,STA,WIFI_DROP,
15.0208,3,STA,WIFI_DROP,
15.0208,11,STA,WIFI_DROP,
15.0208,13,STA,WIFI_DROP,
15.0232,3,STA,WIFI_DROP,
15.0232,11,STA,WIFI_DROP,
15.0232,13,STA,WIFI_DROP,
15.0256,3,STA,WIFI_DROP,
15.0256,11,STA,WIFI_DROP,
15.0256,13,STA,WIFI_DROP,
15.028,3,STA,WIFI_DROP,
15.028,11,STA,WIFI_DROP,
15.028,13,STA,WIFI_DROP,
15.0304,3,STA,WIFI_DROP,
15.0304,11,STA,WIFI_DROP,
15.0304,13,STA,WIFI_DROP,
15.0328,3,STA,WIFI_DROP,
15.0328,11,STA,WIFI_DROP,
15.0328,13,STA,WIFI_DROP,
15.0352,3,STA,WIFI_DROP,
15.0352,11,STA,WIFI_DROP,
15.0352,13,STA,WIFI_DROP,
15.0376,3,STA,WIFI_DROP,
15.0376,11,STA,WIFI_DROP,
15.0376,13,STA,WIFI_DROP,
15.04,3,STA,WIFI_DROP,
15.04,11,STA,WIFI_DROP,
15.04,13,STA,WIFI_DROP,
15.0424,3,STA,WIFI_DROP,
15.0424,11,STA,WIFI_DROP,
15.0424,13,STA,WIFI_DROP,
15.0448,3,STA,WIFI_DROP,
15.0448,11,STA,WIFI_DROP,
15.0448,13,STA,WIFI_DROP,
15.0472,3,STA,WIFI_DROP,
15.0472,11,STA,WIFI_DROP,
15.0472,13,STA,WIFI_DROP,
15.0496,3,STA,WIFI_DROP,
15.0496,11,STA,WIFI_DROP,
15.0496,13,STA,WIFI_DROP,
15.052,3,STA,WIFI_DROP,
15.052,11,STA,WIFI_DROP,
15.052,13,STA,WIFI_DROP,
15.0544,3,STA,WIFI_DROP,
15.0544,11,STA,WIFI_DROP,
15.0544,13,STA,WIFI_DROP,
15.0568,3,STA,WIFI_DROP,
15.0568,11,STA,WIFI_DROP,
15.0568,13,STA,WIFI_DROP,
15.0592,3,STA,WIFI_DROP,
15.0592,11,STA,WIFI_DROP,
15.0592,13,STA,WIFI_DROP,
15.0616,3,STA,WIFI_DROP,
15.0616,11,STA,WIFI_DROP,
15.0616,13,STA,WIFI_DROP,
15.064,3,STA,WIFI_DROP,
15.064,11,STA,WIFI_DROP,
15.064,13,STA,WIFI_DROP,
15.0664,3,STA,WIFI_DROP,
15.0664,11,STA,WIFI_DROP,
15.0664,13,STA,WIFI_DROP,
15.0688,3,STA,WIFI_DROP,
15.0688,11,STA,WIFI_DROP,
15.0688,13,STA,WIFI_DROP,
15.0712,3,STA,WIFI_DROP,
15.0712,11,STA,WIFI_DROP,
15.0712,13,STA,WIFI_DROP,
15.0736,3,STA,WIFI_DROP,
15.0736,11,STA,WIFI_DROP,
15.0736,13,STA,WIFI_DROP,
15.076,3,STA,WIFI_DROP,
15.076,11,STA,WIFI_DROP,
15.076,13,STA,WIFI_DROP,
15.0784,3,STA,WIFI_DROP,
15.0784,11,STA,WIFI_DROP,
15.0784,13,STA,WIFI_DROP,
15.0808,3,STA,WIFI_DROP,
15.0808,11,STA,WIFI_DROP,
15.0808,13,STA,WIFI_DROP,
15.0832,3,STA,WIFI_DROP,
15.0832,11,STA,WIFI_DROP,
15.0832,13,STA,WIFI_DROP,
15.0856,3,STA,WIFI_DROP,
15.0856,11,STA,WIFI_DROP,
15.0856,13,STA,WIFI_DROP,
15.088,3,STA,WIFI_DROP,
15.088,11,STA,WIFI_DROP,
15.088,13,STA,WIFI_DROP,
15.0904,3,STA,WIFI_DROP,
15.0904,11,STA,WIFI_DROP,
15.0904,13,STA,WIFI_DROP,
15.0928,3,STA,WIFI_DROP,
15.0928,11,STA,WIFI_DROP,
15.0928,13,STA,WIFI_DROP,
15.0952,3,STA,WIFI_DROP,
15.0952,11,STA,WIFI_DROP,
15.0952,13,STA,WIFI_DROP,
15.0976,3,STA,WIFI_DROP,
15.0976,11,STA,WIFI_DROP,
15.0976,13,STA,WIFI_DROP,
15.1,3,STA,WIFI_DROP,
15.1,11,STA,WIFI_DROP,
15.1,13,STA,WIFI_DROP,
15.1024,3,STA,WIFI_DROP,
15.1024,11,STA,WIFI_DROP,
15.1024,13,STA,WIFI_DROP,
15.1048,3,STA,WIFI_DROP,
15.1048,11,STA,WIFI_DROP,
15.1048,13,STA,WIFI_DROP,
15.1072,3,STA,WIFI_DROP,
15.1072,11,STA,WIFI_DROP,
15.1072,13,STA,WIFI_DROP,
15.1096,3,STA,WIFI_DROP,
15.1096,11,STA,WIFI_DROP,
15.1096,13,STA,WIFI_DROP,
15.112,3,STA,WIFI_DROP,
15.112,11,STA,WIFI_DROP,
15.112,13,STA,WIFI_DROP,
15.1144,3,STA,WIFI_DROP,
15.1144,11,STA,WIFI_DROP,
15.1144,13,STA,WIFI_DROP,
15.1168,3,STA,WIFI_DROP,
15.1168,11,STA,WIFI_DROP,
15.1168,13,STA,WIFI_DROP,
15.1192,3,STA,WIFI_DROP,
15.1192,11,STA,WIFI_DROP,
15.1192,13,STA,WIFI_DROP,
15.1216,3,STA,WIFI_DROP,
15.1216,11,STA,WIFI_DROP,
15.1216,13,STA,WIFI_DROP,
15.124,3,STA,WIFI_DROP,
15.124,11,STA,WIFI_DROP,
15.124,13,STA,WIFI_DROP,
15.1264,11,STA,WIFI_DROP,
15.1264,13,STA,WIFI_DROP,
15.1288,11,STA,WIFI_DROP,
15.1288,13,STA,WIFI_DROP,
15.1312,11,STA,WIFI_DROP,
15.1312,13,STA,WIFI_DROP,
15.1336,11,STA,WIFI_DROP,
15.1336,13,STA,WIFI_DROP,
15.136,11,STA,WIFI_DROP,
15.136,13,STA,WIFI_DROP,
15.1384,11,STA,WIFI_DROP,
15.1384,13,STA,WIFI_DROP,
15.1408,11,STA,WIFI_DROP,
15.1408,13,STA,WIFI_DROP,
15.1432,11,STA,WIFI_DROP,
15.1432,13,STA,WIFI_DROP,
15.1456,11,STA,WIFI_DROP,
15.1456,13,STA,WIFI_DROP,
15.148,11,STA,WIFI_DROP,
15.148,13,STA,WIFI_DROP,
15.1504,11,STA,WIFI_DROP,
15.1504,13,STA,WIFI_DROP,
15.1528,11,STA,WIFI_DROP,
15.1528,13,STA,WIFI_DROP,
15.1552,11,STA,WIFI_DROP,
15.1552,13,STA,WIFI_DROP,
15.1576,11,STA,WIFI_DROP,
15.1576,13,STA,WIFI_DROP,
15.16,11,STA,WIFI_DROP,
15.16,13,STA,WIFI_DROP,
15.1624,11,STA,WIFI_DROP,
15.1624,13,STA,WIFI_DROP,
15.1648,11,STA,WIFI_DROP,
15.1648,13,STA,WIFI_DROP,
15.1672,11,STA,WIFI_DROP,
15.1672,13,STA,WIFI_DROP,
15.1696,11,STA,WIFI_DROP,
15.1696,13,STA,WIFI_DROP,
15.172,11,STA,WIFI_DROP,
15.172,13,STA,WIFI_DROP,
15.1744,11,STA,WIFI_DROP,
15.1744,13,STA,WIFI_DROP,
15.1768,11,STA,WIFI_DROP,
15.1768,13,STA,WIFI_DROP,
15.1792,11,STA,WIFI_DROP,
15.1792,13,STA,WIFI_DROP,
15.1816,11,STA,WIFI_DROP,
15.1816,13,STA,WIFI_DROP,
15.184,11,STA,WIFI_DROP,
15.184,13,STA,WIFI_DROP,
15.1864,11,STA,WIFI_DROP,
15.1864,13,STA,WIFI_DROP,
15.1888,11,STA,WIFI_DROP,
15.1888,13,STA,WIFI_DROP,
15.1912,11,STA,WIFI_DROP,
15.1912,13,STA,WIFI_DROP,
15.1936,11,STA,WIFI_DROP,
15.1936,13,STA,WIFI_DROP,
15.196,11,STA,WIFI_DROP,
15.196,13,STA,WIFI_DROP,
15.1984,11,STA,WIFI_DROP,
15.1984,13,STA,WIFI_DROP,
15.2008,11,STA,WIFI_DROP,
15.2008,13,STA,WIFI_DROP,
15.2032,11,STA,WIFI_DROP,
15.2032,13,STA,WIFI_DROP,
15.2056,11,STA,WIFI_DROP,
15.2056,13,STA,WIFI_DROP,
15.208,11,STA,WIFI_DROP,
15.208,13,STA,WIFI_DROP,
15.2104,11,STA,WIFI_DROP,
15.2104,13,STA,WIFI_DROP,
15.2128,11,STA,WIFI_DROP,
15.2128,13,STA,WIFI_DROP,
15.2152,11,STA,WIFI_DROP,
15.2152,13,STA,WIFI_DROP,
15.2176,11,STA,WIFI_DROP,
15.2176,13,STA,WIFI_DROP,
15.22,11,STA,WIFI_DROP,
15.22,13,STA,WIFI_DROP,
15.2224,11,STA,WIFI_DROP,
15.2224,13,STA,WIFI_DROP,
15.2248,11,STA,WIFI_DROP,
15.2248,13,STA,WIFI_DROP,
15.2272,11,STA,WIFI_DROP,
15.2272,13,STA,WIFI_DROP,
15.2296,11,STA,WIFI_DROP,
15.2296,13,STA,WIFI_DROP,
15.232,11,STA,WIFI_DROP,
15.232,13,STA,WIFI_DROP,
15.2344,11,STA,WIFI_DROP,
15.2344,13,STA,WIFI_DROP,
15.2368,11,STA,WIFI_DROP,
15.2368,13,STA,WIFI_DROP,
15.2392,11,STA,WIFI_DROP,
15.2392,13,STA,WIFI_DROP,
15.2416,11,STA,WIFI_DROP,
15.2416,13,STA,WIFI_DROP,
15.244,11,STA,WIFI_DROP,
15.244,13,STA,WIFI_DROP,
15.2464,11,STA,WIFI_DROP,
15.2464,13,STA,WIFI_DROP,
15.2488,11,STA,WIFI_DROP,
15.2488,13,STA,WIFI_DROP,
15.2512,11,STA,WIFI_DROP,
15.2512,13,STA,WIFI_DROP,
15.2536,11,STA,WIFI_DROP,
15.2536,13,STA,WIFI_DROP,
15.256,11,STA,WIFI_DROP,
15.256,13,STA,WIFI_DROP,
15.2584,11,STA,WIFI_DROP,
15.2584,13,STA,WIFI_DROP,
15.2608,11,STA,WIFI_DROP,
15.2608,13,STA,WIFI_DROP,
15.2632,11,STA,WIFI_DROP,
15.2632,13,STA,WIFI_DROP,
15.2656,11,STA,WIFI_DROP,
15.2656,13,STA,WIFI_DROP,
15.268,11,STA,WIFI_DROP,
15.268,13,STA,WIFI_DROP,
15.2704,11,STA,WIFI_DROP,
15.2704,13,STA,WIFI_DROP,
15.2728,11,STA,WIFI_DROP,
15.2728,13,STA,WIFI_DROP,
15.2752,11,STA,WIFI_DROP,
15.2752,13,STA,WIFI_DROP,
15.2776,11,STA,WIFI_DROP,
15.2776,13,STA,WIFI_DROP,
15.28,11,STA,WIFI_DROP,
15.28,13,STA,WIFI_DROP,
15.2824,11,STA,WIFI_DROP,
15.2824,13,STA,WIFI_DROP,
15.2848,11,STA,WIFI_DROP,
15.2848,13,STA,WIFI_DROP,
15.2872,11,STA,WIFI_DROP,
15.2872,13,STA,WIFI_DROP,
15.2896,11,STA,WIFI_DROP,
15.2896,13,STA,WIFI_DROP,
15.292,11,STA,WIFI_DROP,
15.292,13,STA,WIFI_DROP,
15.2944,11,STA,WIFI_DROP,
15.2944,13,STA,WIFI_DROP,
15.2968,11,STA,WIFI_DROP,
15.2968,13,STA,WIFI_DROP,
15.2992,11,STA,WIFI_DROP,
15.2992,13,STA,WIFI_DROP,
15.3016,11,STA,WIFI_DROP,
15.3016,13,STA,WIFI_DROP,
15.304,11,STA,WIFI_DROP,
15.304,13,STA,WIFI_DROP,
15.3064,11,STA,WIFI_DROP,
15.3064,13,STA,WIFI_DROP,
15.3088,11,STA,WIFI_DROP,
15.3088,13,STA,WIFI_DROP,
15.3112,11,STA,WIFI_DROP,
15.3112,13,STA,WIFI_DROP,
15.3136,11,STA,WIFI_DROP,
15.3136,13,STA,WIFI_DROP,
15.316,11,STA,WIFI_DROP,
15.316,13,STA,WIFI_DROP,
15.3184,11,STA,WIFI_DROP,
15.3184,13,STA,WIFI_DROP,
15.3208,11,STA,WIFI_DROP,
15.3208,13,STA,WIFI_DROP,
15.3232,11,STA,WIFI_DROP,
15.3232,13,STA,WIFI_DROP,
15.3256,11,STA,WIFI_DROP,
15.3256,13,STA,WIFI_DROP,
15.328,11,STA,WIFI_DROP,
15.328,13,STA,WIFI_DROP,
15.3304,11,STA,WIFI_DROP,
15.3304,13,STA,WIFI_DROP,
15.3328,11,STA,WIFI_DROP,
15.3328,13,STA,WIFI_DROP,
15.3352,11,STA,WIFI_DROP,
15.3352,13,STA,WIFI_DROP,
15.3376,11,STA,WIFI_DROP,
15.3376,13,STA,WIFI_DROP,
15.34,11,STA,WIFI_DROP,
15.34,13,STA,WIFI_DROP,
15.3424,11,STA,WIFI_DROP,
15.3424,13,STA,WIFI_DROP,
15.3448,11,STA,WIFI_DROP,
15.3448,13,STA,WIFI_DROP,
15.3472,11,STA,WIFI_DROP,
15.3472,13,STA,WIFI_DROP,
15.3496,11,STA,WIFI_DROP,
15.3496,13,STA,WIFI_DROP,
15.352,11,STA,WIFI_DROP,
15.352,13,STA,WIFI_DROP,
15.3544,11,STA,WIFI_DROP,
15.3544,13,STA,WIFI_DROP,
15.3568,11,STA,WIFI_DROP,
15.3568,13,STA,WIFI_DROP,
15.3592,11,STA,WIFI_DROP,
15.3592,13,STA,WIFI_DROP,
15.3616,11,STA,WIFI_DROP,
15.3616,13,STA,WIFI_DROP,
15.364,11,STA,WIFI_DROP,
15.364,13,STA,WIFI_DROP,
15.3664,11,STA,WIFI_DROP,
15.3664,13,STA,WIFI_DROP,
15.3688,11,STA,WIFI_DROP,
15.3688,13,STA,WIFI_DROP,
15.3712,13,STA,WIFI_DROP,
15.3736,13,STA,WIFI_DROP,
15.376,13,STA,WIFI_DROP,
15.3784,13,STA,WIFI_DROP,
15.3808,13,STA,WIFI_DROP,
15.3832,13,STA,WIFI_DROP,
15.3856,13,STA,WIFI_DROP,
15.388,13,STA,WIFI_DROP,
15.3904,13,STA,WIFI_DROP,
15.3928,11,STA,WIFI_DROP,
15.3928,13,STA,WIFI_DROP,
15.3952,11,STA,WIFI_DROP,
15.3952,13,STA,WIFI_DROP,
15.3976,11,STA,WIFI_DROP,
15.3976,13,STA,WIFI_DROP,
15.4,11,STA,WIFI_DROP,
15.4,13,STA,WIFI_DROP,
15.4024,11,STA,WIFI_DROP,
15.4024,13,STA,WIFI_DROP,
15.4048,11,STA,WIFI_DROP,
15.4048,13,STA,WIFI_DROP,
15.4072,11,STA,WIFI_DROP,
15.4072,13,STA,WIFI_DROP,
15.4096,11,STA,WIFI_DROP,
15.4096,13,STA,WIFI_DROP,
15.412,11,STA,WIFI_DROP,
15.412,13,STA,WIFI_DROP,
15.4144,11,STA,WIFI_DROP,
15.4144,13,STA,WIFI_DROP,
15.4168,11,STA,WIFI_DROP,
15.4168,13,STA,WIFI_DROP,
15.4192,11,STA,WIFI_DROP,
15.4192,13,STA,WIFI_DROP,
15.4216,11,STA,WIFI_DROP,
15.4216,13,STA,WIFI_DROP,
15.424,11,STA,WIFI_DROP,
15.424,13,STA,WIFI_DROP,
15.4264,11,STA,WIFI_DROP,
15.4264,13,STA,WIFI_DROP,
15.4288,11,STA,WIFI_DROP,
15.4288,13,STA,WIFI_DROP,
15.4312,11,STA,WIFI_DROP,
15.4312,13,STA,WIFI_DROP,
15.4336,11,STA,WIFI_DROP,
15.4336,13,STA,WIFI_DROP,
15.436,11,STA,WIFI_DROP,
15.436,13,STA,WIFI_DROP,
15.4384,11,STA,WIFI_DROP,
15.4384,13,STA,WIFI_DROP,
15.4408,11,STA,WIFI_DROP,
15.4408,13,STA,WIFI_DROP,
15.4432,11,STA,WIFI_DROP,
15.4432,13,STA,WIFI_DROP,
15.4456,13,STA,WIFI_DROP,
15.448,13,STA,WIFI_DROP,
15.4504,13,STA,WIFI_DROP,
15.4528,13,STA,WIFI_DROP,
15.4552,13,STA,WIFI_DROP,
15.4576,13,STA,WIFI_DROP,
15.46,13,STA,WIFI_DROP,
15.4624,13,STA,WIFI_DROP,
15.4648,13,STA,WIFI_DROP,
15.4672,13,STA,WIFI_DROP,
15.4696,13,STA,WIFI_DROP,
15.472,13,STA,WIFI_DROP,
15.4744,13,STA,WIFI_DROP,
15.4768,13,STA,WIFI_DROP,
15.4792,13,STA,WIFI_DROP,
15.4816,13,STA,WIFI_DROP,
15.484,13,STA,WIFI_DROP,
15.4864,13,STA,WIFI_DROP,
15.4888,13,STA,WIFI_DROP,
15.4912,13,STA,WIFI_DROP,
15.4936,13,STA,WIFI_DROP,
15.496,13,STA,WIFI_DROP,
15.4984,13,STA,WIFI_DROP,
15.5008,13,STA,WIFI_DROP,
15.5032,13,STA,WIFI_DROP,
15.5056,13,STA,WIFI_DROP,
15.508,13,STA,WIFI_DROP,
15.5104,13,STA,WIFI_DROP,
15.5128,13,STA,WIFI_DROP,
15.5152,13,STA,WIFI_DROP,
15.5176,13,STA,WIFI_DROP,
15.52,13,STA,WIFI_DROP,
15.5224,13,STA,WIFI_DROP,
15.6496,3,STA,WIFI_DROP,
15.652,3,STA,WIFI_DROP,
15.6544,3,STA,WIFI_DROP,
15.6568,3,STA,WIFI_DROP,
15.6592,3,STA,WIFI_DROP,
15.6616,3,STA,WIFI_DROP,
15.664,3,STA,WIFI_DROP,
15.6664,3,STA,WIFI_DROP,
15.6688,3,STA,WIFI_DROP,
15.6712,3,STA,WIFI_DROP,
15.6736,3,STA,WIFI_DROP,
15.676,3,STA,WIFI_DROP,
15.6784,3,STA,WIFI_DROP,
15.6808,3,STA,WIFI_DROP,
15.6832,3,STA,WIFI_DROP,
15.6856,3,STA,WIFI_DROP,
15.688,3,STA,WIFI_DROP,
15.6904,3,STA,WIFI_DROP,
15.6928,3,STA,WIFI_DROP,
15.6952,3,STA,WIFI_DROP,
15.6976,3,STA,WIFI_DROP,
15.7,3,STA,WIFI_DROP,
15.7024,2,STA,WIFI_DROP,
15.7024,3,STA,WIFI_DROP,
15.7048,2,STA,WIFI_DROP,
15.7048,3,STA,WIFI_DROP,
15.7072,2,STA,WIFI_DROP,
15.7072,3,STA,WIFI_DROP,
15.7096,2,STA,WIFI_DROP,
15.7096,3,STA,WIFI_DROP,
15.712,2,STA,WIFI_DROP,
15.712,3,STA,WIFI_DROP,
15.7144,2,STA,WIFI_DROP,
15.7144,3,STA,WIFI_DROP,
15.7168,2,STA,WIFI_DROP,
15.7168,3,STA,WIFI_DROP,
15.7192,2,STA,WIFI_DROP,
15.7192,3,STA,WIFI_DROP,
15.7216,2,STA,WIFI_DROP,
15.7216,3,STA,WIFI_DROP,
15.724,2,STA,WIFI_DROP,
15.724,3,STA,WIFI_DROP,
15.7264,2,STA,WIFI_DROP,
15.7264,3,STA,WIFI_DROP,
15.7288,2,STA,WIFI_DROP,
15.7288,3,STA,WIFI_DROP,
15.7312,2,STA,WIFI_DROP,
15.7312,3,STA,WIFI_DROP,
15.7336,2,STA,WIFI_DROP,
15.7336,3,STA,WIFI_DROP,
15.736,2,STA,WIFI_DROP,
15.736,3,STA,WIFI_DROP,
15.7384,2,STA,WIFI_DROP,
15.7384,3,STA,WIFI_DROP,
15.7408,2,STA,WIFI_DROP,
15.7408,3,STA,WIFI_DROP,
15.7432,2,STA,WIFI_DROP,
15.7432,3,STA,WIFI_DROP,
15.7456,2,STA,WIFI_DROP,
15.7456,3,STA,WIFI_DROP,
15.748,2,STA,WIFI_DROP,
15.748,3,STA,WIFI_DROP,
15.7504,2,STA,WIFI_DROP,
15.7504,3,STA,WIFI_DROP,
15.7528,2,STA,WIFI_DROP,
15.7528,3,STA,WIFI_DROP,
15.7552,3,STA,WIFI_DROP,
15.7576,3,STA,WIFI_DROP,
15.76,3,STA,WIFI_DROP,
15.7624,3,STA,WIFI_DROP,
15.7648,3,STA,WIFI_DROP,
15.7672,3,STA,WIFI_DROP,
15.7696,3,STA,WIFI_DROP,
15.772,3,STA,WIFI_DROP,
15.7744,3,STA,WIFI_DROP,
15.7768,3,STA,WIFI_DROP,
15.7792,3,STA,WIFI_DROP,
15.7816,3,STA,WIFI_DROP,
15.784,3,STA,WIFI_DROP,
15.7864,3,STA,WIFI_DROP,
15.7888,3,STA,WIFI_DROP,
15.7912,3,STA,WIFI_DROP,
15.7936,3,STA,WIFI_DROP,
15.796,3,STA,WIFI_DROP,
15.7984,3,STA,WIFI_DROP,
15.8008,3,STA,WIFI_DROP,
15.8032,3,STA,WIFI_DROP,
15.8032,14,STA,WIFI_DROP,
15.8056,3,STA,WIFI_DROP,
15.8056,14,STA,WIFI_DROP,
15.808,3,STA,WIFI_DROP,
15.808,14,STA,WIFI_DROP,
15.8104,3,STA,WIFI_DROP,
15.8104,14,STA,WIFI_DROP,
15.8128,3,STA,WIFI_DROP,
15.8128,14,STA,WIFI_DROP,
15.8152,3,STA,WIFI_DROP,
15.8152,14,STA,WIFI_DROP,
15.8176,3,STA,WIFI_DROP,
15.8176,14,STA,WIFI_DROP,
15.82,3,STA,WIFI_DROP,
15.82,14,STA,WIFI_DROP,
15.8224,3,STA,WIFI_DROP,
15.8224,14,STA,WIFI_DROP,
15.8248,3,STA,WIFI_DROP,
15.8248,14,STA,WIFI_DROP,
15.8272,3,STA,WIFI_DROP,
15.8272,14,STA,WIFI_DROP,
15.8296,3,STA,WIFI_DROP,
15.8296,14,STA,WIFI_DROP,
15.832,3,STA,WIFI_DROP,
15.832,14,STA,WIFI_DROP,
15.8344,3,STA,WIFI_DROP,
15.8344,14,STA,WIFI_DROP,
15.8368,3,STA,WIFI_DROP,
15.8368,14,STA,WIFI_DROP,
15.8392,3,STA,WIFI_DROP,
15.8392,14,STA,WIFI_DROP,
15.8416,3,STA,WIFI_DROP,
15.8416,14,STA,WIFI_DROP,
15.844,3,STA,WIFI_DROP,
15.844,14,STA,WIFI_DROP,
15.8464,3,STA,WIFI_DROP,
15.8464,14,STA,WIFI_DROP,
15.8488,3,STA,WIFI_DROP,
15.8488,14,STA,WIFI_DROP,
15.8512,3,STA,WIFI_DROP,
15.8512,14,STA,WIFI_DROP,
15.8536,3,STA,WIFI_DROP,
15.8536,14,STA,WIFI_DROP,
15.856,3,STA,WIFI_DROP,
15.856,14,STA,WIFI_DROP,
15.8584,3,STA,WIFI_DROP,
15.8584,14,STA,WIFI_DROP,
15.8608,3,STA,WIFI_DROP,
15.8608,14,STA,WIFI_DROP,
15.8632,3,STA,WIFI_DROP,
15.8632,14,STA,WIFI_DROP,
15.8656,3,STA,WIFI_DROP,
15.8656,14,STA,WIFI_DROP,
15.868,3,STA,WIFI_DROP,
15.868,14,STA,WIFI_DROP,
15.8704,3,STA,WIFI_DROP,
15.8704,14,STA,WIFI_DROP,
15.8728,3,STA,WIFI_DROP,
15.8728,14,STA,WIFI_DROP,
15.8752,3,STA,WIFI_DROP,
15.8752,14,STA,WIFI_DROP,
15.8776,3,STA,WIFI_DROP,
15.8776,14,STA,WIFI_DROP,
15.88,3,STA,WIFI_DROP,
15.88,14,STA,WIFI_DROP,
15.8824,3,STA,WIFI_DROP,
15.8824,14,STA,WIFI_DROP,
15.8848,3,STA,WIFI_DROP,
15.8848,14,STA,WIFI_DROP,
15.8872,3,STA,WIFI_DROP,
15.8872,14,STA,WIFI_DROP,
15.8896,3,STA,WIFI_DROP,
15.8896,14,STA,WIFI_DROP,
15.892,3,STA,WIFI_DROP,
15.892,14,STA,WIFI_DROP,
15.8944,3,STA,WIFI_DROP,
15.8944,14,STA,WIFI_DROP,
15.8968,3,STA,WIFI_DROP,
15.8968,14,STA,WIFI_DROP,
15.8992,3,STA,WIFI_DROP,
15.8992,14,STA,WIFI_DROP,
15.9016,3,STA,WIFI_DROP,
15.9016,14,STA,WIFI_DROP,
15.904,3,STA,WIFI_DROP,
15.904,14,STA,WIFI_DROP,
15.9064,3,STA,WIFI_DROP,
15.9088,3,STA,WIFI_DROP,
15.9112,3,STA,WIFI_DROP,
15.9136,3,STA,WIFI_DROP,
15.916,3,STA,WIFI_DROP,
15.9184,3,STA,WIFI_DROP,
15.9208,3,STA,WIFI_DROP,
15.9232,3,STA,WIFI_DROP,
15.9256,3,STA,WIFI_DROP,
15.928,3,STA,WIFI_DROP,
15.9304,3,STA,WIFI_DROP,
15.9328,3,STA,WIFI_DROP,
15.9352,3,STA,WIFI_DROP,
15.9376,3,STA,WIFI_DROP,
15.94,3,STA,WIFI_DROP,
15.9424,3,STA,WIFI_DROP,
15.9448,3,STA,WIFI_DROP,
15.9472,3,STA,WIFI_DROP,
15.9496,3,STA,WIFI_DROP,
15.952,3,STA,WIFI_DROP,
15.9544,3,STA,WIFI_DROP,
15.9568,3,STA,WIFI_DROP,
15.9592,3,STA,WIFI_DROP,
15.9616,3,STA,WIFI_DROP,
15.964,3,STA,WIFI_DROP,
15.9664,3,STA,WIFI_DROP,
15.9688,3,STA,WIFI_DROP,
15.9712,3,STA,WIFI_DROP,
15.9736,3,STA,WIFI_DROP,
15.976,3,STA,WIFI_DROP,
15.9784,3,STA,WIFI_DROP,
15.9808,3,STA,WIFI_DROP,
15.9832,3,STA,WIFI_DROP,
15.9856,3,STA,WIFI_DROP,
15.988,3,STA,WIFI_DROP,
15.9904,3,STA,WIFI_DROP,
15.9928,3,STA,WIFI_DROP,
15.9952,3,STA,WIFI_DROP,
15.9976,3,STA,WIFI_DROP,
16,2,STA,THROUGHPUT_MBPS,0.552000
16,5,STA,THROUGHPUT_MBPS,2.328000
16,8,STA,THROUGHPUT_MBPS,0.624000
16,10,STA,THROUGHPUT_MBPS,0.276000
16,12,STA,THROUGHPUT_MBPS,0.300000
16,15,STA,THROUGHPUT_MBPS,1.512000
16,16,STA,THROUGHPUT_MBPS,2.928000
16,18,STA,THROUGHPUT_MBPS,2.040000
16,19,STA,THROUGHPUT_MBPS,1.296000
16,1,AP,AGGREGATE_THROUGHPUT_MBPS,11.856000
16,1,AP,SENT_COUNT,8320.000000
16,1,AP,RECV_COUNT,988.000000
16,1,AP,LATENCY_P95_MS,557.322220
16,3,STA,WIFI_DROP,
16.0024,3,STA,WIFI_DROP,
16.0048,3,STA,WIFI_DROP,
16.0072,3,STA,WIFI_DROP,
16.0096,3,STA,WIFI_DROP,
16.012,3,STA,WIFI_DROP,
16.012,21,STA,WIFI_DROP,
16.0144,3,STA,WIFI_DROP,
16.0144,21,STA,WIFI_DROP,
16.0168,3,STA,WIFI_DROP,
16.0168,21,STA,WIFI_DROP,
16.0192,3,STA,WIFI_DROP,
16.0192,21,STA,WIFI_DROP,
16.0216,3,STA,WIFI_DROP,
16.0216,21,STA,WIFI_DROP,
16.024,3,STA,WIFI_DROP,
16.024,21,STA,WIFI_DROP,
16.0264,3,STA,WIFI_DROP,
16.0264,21,STA,WIFI_DROP,
16.0288,3,STA,WIFI_DROP,
16.0288,21,STA,WIFI_DROP,
16.0312,3,STA,WIFI_DROP,
16.0312,21,STA,WIFI_DROP,
16.0336,3,STA,WIFI_DROP,
16.0336,21,STA,WIFI_DROP,
16.036,3,STA,WIFI_DROP,
16.036,21,STA,WIFI_DROP,
16.0384,3,STA,WIFI_DROP,
16.0384,21,STA,WIFI_DROP,
16.0408,3,STA,WIFI_DROP,
16.0408,21,STA,WIFI_DROP,
16.0432,3,STA,WIFI_DROP,
16.0432,21,STA,WIFI_DROP,
16.0456,3,STA,WIFI_DROP,
16.0456,13,STA,WIFI_DROP,
16.0456,21,STA,WIFI_DROP,
16.048,3,STA,WIFI_DROP,
16.048,13,STA,WIFI_DROP,
16.048,21,STA,WIFI_DROP,
16.0504,3,STA,WIFI_DROP,
16.0504,13,STA,WIFI_DROP,
16.0504,21,STA,WIFI_DROP,
16.0528,3,STA,WIFI_DROP,
16.0528,13,STA,WIFI_DROP,
16.0528,21,STA,WIFI_DROP,
16.0552,3,STA,WIFI_DROP,
16.0552,13,STA,WIFI_DROP,
16.0552,21,STA,WIFI_DROP,
16.0576,3,STA,WIFI_DROP,
16.0576,13,STA,WIFI_DROP,
16.0576,21,STA,WIFI_DROP,
16.06,3,STA,WIFI_DROP,
16.06,13,STA,WIFI_DROP,
16.06,21,STA,WIFI_DROP,
16.0624,3,STA,WIFI_DROP,
16.0624,13,STA,WIFI_DROP,
16.0624,21,STA,WIFI_DROP,
16.0648,3,STA,WIFI_DROP,
16.0648,13,STA,WIFI_DROP,
16.0648,21,STA,WIFI_DROP,
16.0672,3,STA,WIFI_DROP,
16.0672,13,STA,WIFI_DROP,
16.0672,21,STA,WIFI_DROP,
16.0696,3,STA,WIFI_DROP,
16.0696,13,STA,WIFI_DROP,
16.0696,21,STA,WIFI_DROP,
16.072,3,STA,WIFI_DROP,
16.072,13,STA,WIFI_DROP,
16.072,21,STA,WIFI_DROP,
16.0744,3,STA,WIFI_DROP,
16.0744,13,STA,WIFI_DROP,
16.0744,21,STA,WIFI_DROP,
16.0768,3,STA,WIFI_DROP,
16.0768,13,STA,WIFI_DROP,
16.0768,21,STA,WIFI_DROP,
16.0792,3,STA,WIFI_DROP,
16.0792,13,STA,WIFI_DROP,
16.0792,21,STA,WIFI_DROP,
16.0816,3,STA,WIFI_DROP,
16.0816,13,STA,WIFI_DROP,
16.0816,21,STA,WIFI_DROP,
16.084,3,STA,WIFI_DROP,
16.084,13,STA,WIFI_DROP,
16.084,21,STA,WIFI_DROP,
16.0864,3,STA,WIFI_DROP,
16.0864,13,STA,WIFI_DROP,
16.0864,21,STA,WIFI_DROP,
16.0888,3,STA,WIFI_DROP,
16.0888,13,STA,WIFI_DROP,
16.0888,21,STA,WIFI_DROP,
16.0912,3,STA,WIFI_DROP,
16.0912,13,STA,WIFI_DROP,
16.0912,21,STA,WIFI_DROP,
16.0936,3,STA,WIFI_DROP,
16.0936,13,STA,WIFI_DROP,
16.0936,21,STA,WIFI_DROP,
16.096,3,STA,WIFI_DROP,
16.096,13,STA,WIFI_DROP,
16.096,21,STA,WIFI_DROP,
16.0984,3,STA,WIFI_DROP,
16.0984,13,STA,WIFI_DROP,
16.0984,21,STA,WIFI_DROP,
16.1008,3,STA,WIFI_DROP,
16.1008,13,STA,WIFI_DROP,
16.1008,21,STA,WIFI_DROP,
16.1032,3,STA,WIFI_DROP,
16.1032,13,STA,WIFI_DROP,
16.1032,21,STA,WIFI_DROP,
16.1056,3,STA,WIFI_DROP,
16.1056,13,STA,WIFI_DROP,
16.1056,21,STA,WIFI_DROP,
16.108,3,STA,WIFI_DROP,
16.108,13,STA,WIFI_DROP,
16.108,21,STA,WIFI_DROP,
16.1104,3,STA,WIFI_DROP,
16.1104,13,STA,WIFI_DROP,
16.1104,21,STA,WIFI_DROP,
16.1128,3,STA,WIFI_DROP,
16.1128,13,STA,WIFI_DROP,
16.1128,21,STA,WIFI_DROP,
16.1152,3,STA,WIFI_DROP,
16.1152,13,STA,WIFI_DROP,
16.1152,21,STA,WIFI_DROP,
16.1176,3,STA,WIFI_DROP,
16.1176,13,STA,WIFI_DROP,
16.1176,21,STA,WIFI_DROP,
16.12,3,STA,WIFI_DROP,
16.12,13,STA,WIFI_DROP,
16.12,21,STA,WIFI_DROP,
16.1224,3,STA,WIFI_DROP,
16.1224,13,STA,WIFI_DROP,
16.1224,21,STA,WIFI_DROP,
16.1248,3,STA,WIFI_DROP,
16.1248,13,STA,WIFI_DROP,
16.1248,21,STA,WIFI_DROP,
16.1272,3,STA,WIFI_DROP,
16.1272,13,STA,WIFI_DROP,
16.1272,21,STA,WIFI_DROP,
16.1296,3,STA,WIFI_DROP,
16.1296,13,STA,WIFI_DROP,
16.1296,21,STA,WIFI_DROP,
16.132,3,STA,WIFI_DROP,
16.132,13,STA,WIFI_DROP,
16.132,21,STA,WIFI_DROP,
16.1344,3,STA,WIFI_DROP,
16.1344,13,STA,WIFI_DROP,
16.1344,21,STA,WIFI_DROP,
16.1368,3,STA,WIFI_DROP,
16.1368,13,STA,WIFI_DROP,
16.1368,21,STA,WIFI_DROP,
16.1392,3,STA,WIFI_DROP,
16.1392,13,STA,WIFI_DROP,
16.1392,21,STA,WIFI_DROP,
16.1416,3,STA,WIFI_DROP,
16.1416,13,STA,WIFI_DROP,
16.1416,21,STA,WIFI_DROP,
16.144,3,STA,WIFI_DROP,
16.144,13,STA,WIFI_DROP,
16.144,21,STA,WIFI_DROP,
16.1464,3,STA,WIFI_DROP,
16.1464,13,STA,WIFI_DROP,
16.1464,21,STA,WIFI_DROP,
16.1488,3,STA,WIFI_DROP,
16.1488,13,STA,WIFI_DROP,
16.1488,21,STA,WIFI_DROP,
16.1512,13,STA,WIFI_DROP,
16.1512,21,STA,WIFI_DROP,
16.1536,13,STA,WIFI_DROP,
16.1536,21,STA,WIFI_DROP,
16.156,13,STA,WIFI_DROP,
16.156,21,STA,WIFI_DROP,
16.1584,13,STA,WIFI_DROP,
16.1584,21,STA,WIFI_DROP,
16.1608,13,STA,WIFI_DROP,
16.1608,21,STA,WIFI_DROP,
16.1632,13,STA,WIFI_DROP,
16.1632,21,STA,WIFI_DROP,
16.1656,13,STA,WIFI_DROP,
16.1656,21,STA,WIFI_DROP,
16.168,13,STA,WIFI_DROP,
16.168,21,STA,WIFI_DROP,
16.1704,13,STA,WIFI_DROP,
16.1704,21,STA,WIFI_DROP,
16.1728,13,STA,WIFI_DROP,
16.1728,21,STA,WIFI_DROP,
16.1752,13,STA,WIFI_DROP,
16.1752,21,STA,WIFI_DROP,
16.1776,13,STA,WIFI_DROP,
16.1776,21,STA,WIFI_DROP,
16.18,13,STA,WIFI_DROP,
16.18,21,STA,WIFI_DROP,
16.1824,13,STA,WIFI_DROP,
16.1824,21,STA,WIFI_DROP,
16.1848,13,STA,WIFI_DROP,
16.1848,21,STA,WIFI_DROP,
16.1872,13,STA,WIFI_DROP,
16.1872,21,STA,WIFI_DROP,
16.1896,13,STA,WIFI_DROP,
16.1896,21,STA,WIFI_DROP,
16.192,13,STA,WIFI_DROP,
16.192,21,STA,WIFI_DROP,
16.1944,13,STA,WIFI_DROP,
16.1944,21,STA,WIFI_DROP,
16.1968,13,STA,WIFI_DROP,
16.1968,21,STA,WIFI_DROP,
16.1992,13,STA,WIFI_DROP,
16.1992,21,STA,WIFI_DROP,
16.2016,13,STA,WIFI_DROP,
16.2016,21,STA,WIFI_DROP,
16.204,13,STA,WIFI_DROP,
16.204,21,STA,WIFI_DROP,
16.2064,13,STA,WIFI_DROP,
16.2064,21,STA,WIFI_DROP,
16.2088,13,STA,WIFI_DROP,
16.2088,21,STA,WIFI_DROP,
16.2112,13,STA,WIFI_DROP,
16.2112,21,STA,WIFI_DROP,
16.2136,13,STA,WIFI_DROP,
16.2136,21,STA,WIFI_DROP,
16.216,13,STA,WIFI_DROP,
16.216,21,STA,WIFI_DROP,
16.2184,13,STA,WIFI_DROP,
16.2184,21,STA,WIFI_DROP,
16.2208,13,STA,WIFI_DROP,
16.2208,21,STA,WIFI_DROP,
16.2232,13,STA,WIFI_DROP,
16.2232,21,STA,WIFI_DROP,
16.2256,13,STA,WIFI_DROP,
16.2256,21,STA,WIFI_DROP,
16.228,13,STA,WIFI_DROP,
16.228,21,STA,WIFI_DROP,
16.2304,13,STA,WIFI_DROP,
16.2304,21,STA,WIFI_DROP,
16.2328,13,STA,WIFI_DROP,
16.2328,21,STA,WIFI_DROP,
16.2352,13,STA,WIFI_DROP,
16.2352,21,STA,WIFI_DROP,
16.2376,13,STA,WIFI_DROP,
16.2376,21,STA,WIFI_DROP,
16.24,13,STA,WIFI_DROP,
16.24,21,STA,WIFI_DROP,
16.2424,13,STA,WIFI_DROP,
16.2424,21,STA,WIFI_DROP,
16.2448,13,STA,WIFI_DROP,
16.2448,21,STA,WIFI_DROP,
16.2472,13,STA,WIFI_DROP,
16.2472,21,STA,WIFI_DROP,
16.2496,13,STA,WIFI_DROP,
16.2496,21,STA,WIFI_DROP,
16.252,13,STA,WIFI_DROP,
16.252,21,STA,WIFI_DROP,
16.2544,13,STA,WIFI_DROP,
16.2544,21,STA,WIFI_DROP,
16.2568,13,STA,WIFI_DROP,
16.2568,21,STA,WIFI_DROP,
16.2592,13,STA,WIFI_DROP,
16.2592,21,STA,WIFI_DROP,
16.2616,13,STA,WIFI_DROP,
16.2616,21,STA,WIFI_DROP,
16.264,13,STA,WIFI_DROP,
16.2664,13,STA,WIFI_DROP,
16.2688,13,STA,WIFI_DROP,
16.2712,13,STA,WIFI_DROP,
16.2736,13,STA,WIFI_DROP,
16.276,13,STA,WIFI_DROP,
16.2784,13,STA,WIFI_DROP,
16.2808,13,STA,WIFI_DROP,
16.2832,13,STA,WIFI_DROP,
16.2856,13,STA,WIFI_DROP,
16.288,13,STA,WIFI_DROP,
16.2904,13,STA,WIFI_DROP,
16.2928,13,STA,WIFI_DROP,
16.2952,13,STA,WIFI_DROP,
16.2976,13,STA,WIFI_DROP,
16.3,13,STA,WIFI_DROP,
16.3024,13,STA,WIFI_DROP,
16.3048,13,STA,WIFI_DROP,
16.3072,13,STA,WIFI_DROP,
16.3096,13,STA,WIFI_DROP,
16.312,13,STA,WIFI_DROP,
16.3144,13,STA,WIFI_DROP,
16.3144,15,STA,WIFI_DROP,
16.3168,13,STA,WIFI_DROP,
16.3168,15,STA,WIFI_DROP,
16.3192,13,STA,WIFI_DROP,
16.3192,15,STA,WIFI_DROP,
16.3216,13,STA,WIFI_DROP,
16.3216,15,STA,WIFI_DROP,
16.324,13,STA,WIFI_DROP,
16.324,15,STA,WIFI_DROP,
16.3264,13,STA,WIFI_DROP,
16.3264,15,STA,WIFI_DROP,
16.3288,13,STA,WIFI_DROP,
16.3288,15,STA,WIFI_DROP,
16.3312,13,STA,WIFI_DROP,
16.3312,15,STA,WIFI_DROP,
16.3336,13,STA,WIFI_DROP,
16.3336,15,STA,WIFI_DROP,
16.336,13,STA,WIFI_DROP,
16.336,15,STA,WIFI_DROP,
16.3384,13,STA,WIFI_DROP,
16.3384,15,STA,WIFI_DROP,
16.3408,13,STA,WIFI_DROP,
16.3408,15,STA,WIFI_DROP,
16.3432,13,STA,WIFI_DROP,
16.3432,15,STA,WIFI_DROP,
16.3456,13,STA,WIFI_DROP,
16.3456,15,STA,WIFI_DROP,
16.348,13,STA,WIFI_DROP,
16.348,15,STA,WIFI_DROP,
16.3504,13,STA,WIFI_DROP,
16.3504,15,STA,WIFI_DROP,
16.3528,13,STA,WIFI_DROP,
16.3528,15,STA,WIFI_DROP,
16.3552,13,STA,WIFI_DROP,
16.3552,15,STA,WIFI_DROP,
16.3576,13,STA,WIFI_DROP,
16.3576,15,STA,WIFI_DROP,
16.36,13,STA,WIFI_DROP,
16.36,15,STA,WIFI_DROP,
16.3624,13,STA,WIFI_DROP,
16.3624,15,STA,WIFI_DROP,
16.3648,13,STA,WIFI_DROP,
16.3648,15,STA,WIFI_DROP,
16.3672,13,STA,WIFI_DROP,
16.3672,15,STA,WIFI_DROP,
16.3696,13,STA,WIFI_DROP,
16.3696,15,STA,WIFI_DROP,
16.372,13,STA,WIFI_DROP,
16.372,15,STA,WIFI_DROP,
16.3744,13,STA,WIFI_DROP,
16.3744,15,STA,WIFI_DROP,
16.3768,13,STA,WIFI_DROP,
16.3768,15,STA,WIFI_DROP,
16.3792,13,STA,WIFI_DROP,
16.3792,15,STA,WIFI_DROP,
16.3816,13,STA,WIFI_DROP,
16.3816,15,STA,WIFI_DROP,
16.384,13,STA,WIFI_DROP,
16.384,15,STA,WIFI_DROP,
16.3864,13,STA,WIFI_DROP,
16.3864,15,STA,WIFI_DROP,
16.3888,13,STA,WIFI_DROP,
16.3888,15,STA,WIFI_DROP,
16.3912,13,STA,WIFI_DROP,
16.3912,15,STA,WIFI_DROP,
16.3936,13,STA,WIFI_DROP,
16.3936,15,STA,WIFI_DROP,
16.396,13,STA,WIFI_DROP,
16.396,15,STA,WIFI_DROP,
16.3984,13,STA,WIFI_DROP,
16.3984,15,STA,WIFI_DROP,
16.4008,13,STA,WIFI_DROP,
16.4008,15,STA,WIFI_DROP,
16.4032,13,STA,WIFI_DROP,
16.4032,15,STA,WIFI_DROP,
16.4056,13,STA,WIFI_DROP,
16.4056,15,STA,WIFI_DROP,
16.408,13,STA,WIFI_DROP,
16.408,15,STA,WIFI_DROP,
16.4104,13,STA,WIFI_DROP,
16.4104,15,STA,WIFI_DROP,
16.4128,13,STA,WIFI_DROP,
16.4128,15,STA,WIFI_DROP,
16.4152,13,STA,WIFI_DROP,
16.4152,15,STA,WIFI_DROP,
16.4176,13,STA,WIFI_DROP,
16.4176,15,STA,WIFI_DROP,
16.42,13,STA,WIFI_DROP,
16.42,15,STA,WIFI_DROP,
16.4224,13,STA,WIFI_DROP,
16.4224,15,STA,WIFI_DROP,
16.4248,13,STA,WIFI_DROP,
16.4248,15,STA,WIFI_DROP,
16.4272,13,STA,WIFI_DROP,
16.4272,15,STA,WIFI_DROP,
16.4296,13,STA,WIFI_DROP,
16.4296,15,STA,WIFI_DROP,
16.432,13,STA,WIFI_DROP,
16.432,15,STA,WIFI_DROP,
16.4344,13,STA,WIFI_DROP,
16.4344,15,STA,WIFI_DROP,
16.4368,13,STA,WIFI_DROP,
16.4368,15,STA,WIFI_DROP,
16.4392,13,STA,WIFI_DROP,
16.4392,15,STA,WIFI_DROP,
16.4416,13,STA,WIFI_DROP,
16.4416,15,STA,WIFI_DROP,
16.444,13,STA,WIFI_DROP,
16.444,15,STA,WIFI_DROP,
16.4464,13,STA,WIFI_DROP,
16.4464,15,STA,WIFI_DROP,
16.4488,13,STA,WIFI_DROP,
16.4488,15,STA,WIFI_DROP,
16.4512,13,STA,WIFI_DROP,
16.4512,15,STA,WIFI_DROP,
16.4536,13,STA,WIFI_DROP,
16.4536,15,STA,WIFI_DROP,
16.456,13,STA,WIFI_DROP,
16.456,15,STA,WIFI_DROP,
16.4584,13,STA,WIFI_DROP,
16.4584,15,STA,WIFI_DROP,
16.4608,13,STA,WIFI_DROP,
16.4608,15,STA,WIFI_DROP,
16.4632,13,STA,WIFI_DROP,
16.4632,15,STA,WIFI_DROP,
16.4656,13,STA,WIFI_DROP,
16.4656,15,STA,WIFI_DROP,
16.468,13,STA,WIFI_DROP,
16.468,15,STA,WIFI_DROP,
16.4704,13,STA,WIFI_DROP,
16.4704,15,STA,WIFI_DROP,
16.4728,13,STA,WIFI_DROP,
16.4728,15,STA,WIFI_DROP,
16.4752,13,STA,WIFI_DROP,
16.4752,15,STA,WIFI_DROP,
16.4776,13,STA,WIFI_DROP,
16.4776,15,STA,WIFI_DROP,
16.48,13,STA,WIFI_DROP,
16.48,15,STA,WIFI_DROP,
16.4824,13,STA,WIFI_DROP,
16.4824,15,STA,WIFI_DROP,
16.4848,13,STA,WIFI_DROP,
16.4848,15,STA,WIFI_DROP,
16.4872,13,STA,WIFI_DROP,
16.4872,15,STA,WIFI_DROP,
16.4896,13,STA,WIFI_DROP,
16.4896,15,STA,WIFI_DROP,
16.492,13,STA,WIFI_DROP,
16.492,15,STA,WIFI_DROP,
16.4944,13,STA,WIFI_DROP,
16.4944,15,STA,WIFI_DROP,
16.4968,13,STA,WIFI_DROP,
16.4968,15,STA,WIFI_DROP,
16.4992,13,STA,WIFI_DROP,
16.4992,15,STA,WIFI_DROP,
16.5016,13,STA,WIFI_DROP,
16.5016,15,STA,WIFI_DROP,
16.504,13,STA,WIFI_DROP,
16.504,15,STA,WIFI_DROP,
16.5064,13,STA,WIFI_DROP,
16.5064,15,STA,WIFI_DROP,
16.5088,13,STA,WIFI_DROP,
16.5088,15,STA,WIFI_DROP,
16.5112,13,STA,WIFI_DROP,
16.5112,15,STA,WIFI_DROP,
16.5136,13,STA,WIFI_DROP,
16.5136,15,STA,WIFI_DROP,
16.516,13,STA,WIFI_DROP,
16.516,15,STA,WIFI_DROP,
16.5184,13,STA,WIFI_DROP,
16.5184,15,STA,WIFI_DROP,
16.5208,13,STA,WIFI_DROP,
16.5208,15,STA,WIFI_DROP,
16.5232,13,STA,WIFI_DROP,
16.5232,15,STA,WIFI_DROP,
16.5256,13,STA,WIFI_DROP,
16.5256,15,STA,WIFI_DROP,
16.528,13,STA,WIFI_DROP,
16.528,15,STA,WIFI_DROP,
16.5304,13,STA,WIFI_DROP,
16.5304,15,STA,WIFI_DROP,
16.5328,13,STA,WIFI_DROP,
16.5328,15,STA,WIFI_DROP,
16.5352,13,STA,WIFI_DROP,
16.5352,15,STA,WIFI_DROP,
16.5376,13,STA,WIFI_DROP,
16.5376,15,STA,WIFI_DROP,
16.54,13,STA,WIFI_DROP,
16.54,15,STA,WIFI_DROP,
16.5424,13,STA,WIFI_DROP,
16.5424,15,STA,WIFI_DROP,
16.5448,13,STA,WIFI_DROP,
16.5448,15,STA,WIFI_DROP,
16.5472,13,STA,WIFI_DROP,
16.5472,15,STA,WIFI_DROP,
16.5496,13,STA,WIFI_DROP,
16.5496,15,STA,WIFI_DROP,
16.552,13,STA,WIFI_DROP,
16.552,15,STA,WIFI_DROP,
16.5544,13,STA,WIFI_DROP,
16.5544,15,STA,WIFI_DROP,
16.5568,13,STA,WIFI_DROP,
16.5568,15,STA,WIFI_DROP,
16.5592,13,STA,WIFI_DROP,
16.5592,15,STA,WIFI_DROP,
16.5616,13,STA,WIFI_DROP,
16.5616,15,STA,WIFI_DROP,
16.564,13,STA,WIFI_DROP,
16.564,15,STA,WIFI_DROP,
16.5664,13,STA,WIFI_DROP,
16.5664,15,STA,WIFI_DROP,
16.5688,13,STA,WIFI_DROP,
16.5688,15,STA,WIFI_DROP,
16.5712,13,STA,WIFI_DROP,
16.5712,15,STA,WIFI_DROP,
16.5736,13,STA,WIFI_DROP,
16.5736,15,STA,WIFI_DROP,
16.576,13,STA,WIFI_DROP,
16.576,15,STA,WIFI_DROP,
16.5784,13,STA,WIFI_DROP,
16.5784,15,STA,WIFI_DROP,
16.5808,13,STA,WIFI_DROP,
16.5808,15,STA,WIFI_DROP,
16.5832,13,STA,WIFI_DROP,
16.5832,15,STA,WIFI_DROP,
16.5856,13,STA,WIFI_DROP,
16.5856,15,STA,WIFI_DROP,
16.588,13,STA,WIFI_DROP,
16.588,15,STA,WIFI_DROP,
16.5904,13,STA,WIFI_DROP,
16.5904,15,STA,WIFI_DROP,
16.5928,13,STA,WIFI_DROP,
16.5928,15,STA,WIFI_DROP,
16.5952,13,STA,WIFI_DROP,
16.5952,15,STA,WIFI_DROP,
16.5976,13,STA,WIFI_DROP,
16.5976,15,STA,WIFI_DROP,
16.6,13,STA,WIFI_DROP,
16.6,15,STA,WIFI_DROP,
16.6024,13,STA,WIFI_DROP,
16.6024,15,STA,WIFI_DROP,
16.6048,13,STA,WIFI_DROP,
16.6048,15,STA,WIFI_DROP,
16.6072,13,STA,WIFI_DROP,
16.6072,15,STA,WIFI_DROP,
16.6096,13,STA,WIFI_DROP,
16.6096,15,STA,WIFI_DROP,
16.612,13,STA,WIFI_DROP,
16.612,15,STA,WIFI_DROP,
16.6144,13,STA,WIFI_DROP,
16.6144,15,STA,WIFI_DROP,
16.6168,13,STA,WIFI_DROP,
16.6168,15,STA,WIFI_DROP,
16.6192,13,STA,WIFI_DROP,
16.6192,15,STA,WIFI_DROP,
16.6216,13,STA,WIFI_DROP,
16.6216,15,STA,WIFI_DROP,
16.624,13,STA,WIFI_DROP,
16.624,15,STA,WIFI_DROP,
16.6264,13,STA,WIFI_DROP,
16.6264,15,STA,WIFI_DROP,
16.6288,13,STA,WIFI_DROP,
16.6288,15,STA,WIFI_DROP,
16.6312,13,STA,WIFI_DROP,
16.6312,15,STA,WIFI_DROP,
16.6336,13,STA,WIFI_DROP,
16.6336,15,STA,WIFI_DROP,
16.636,13,STA,WIFI_DROP,
16.636,15,STA,WIFI_DROP,
16.6384,13,STA,WIFI_DROP,
16.6384,15,STA,WIFI_DROP,
16.6408,13,STA,WIFI_DROP,
16.6408,15,STA,WIFI_DROP,
16.6432,13,STA,WIFI_DROP,
16.6432,15,STA,WIFI_DROP,
16.6456,13,STA,WIFI_DROP,
16.6456,15,STA,WIFI_DROP,
16.648,13,STA,WIFI_DROP,
16.648,15,STA,WIFI_DROP,
16.6504,13,STA,WIFI_DROP,
16.6504,15,STA,WIFI_DROP,
16.6528,13,STA,WIFI_DROP,
16.6528,15,STA,WIFI_DROP,
16.6552,13,STA,WIFI_DROP,
16.6552,15,STA,WIFI_DROP,
16.6576,13,STA,WIFI_DROP,
16.6576,15,STA,WIFI_DROP,
16.66,13,STA,WIFI_DROP,
16.66,15,STA,WIFI_DROP,
16.6624,13,STA,WIFI_DROP,
16.6624,15,STA,WIFI_DROP,
16.6648,13,STA,WIFI_DROP,
16.6648,15,STA,WIFI_DROP,
16.6672,13,STA,WIFI_DROP,
16.6672,15,STA,WIFI_DROP,
16.6696,13,STA,WIFI_DROP,
16.6696,15,STA,WIFI_DROP,
16.672,13,STA,WIFI_DROP,
16.672,15,STA,WIFI_DROP,
16.6744,13,STA,WIFI_DROP,
16.6744,15,STA,WIFI_DROP,
16.6768,13,STA,WIFI_DROP,
16.6768,15,STA,WIFI_DROP,
16.6792,13,STA,WIFI_DROP,
16.6792,15,STA,WIFI_DROP,
16.6816,13,STA,WIFI_DROP,
16.6816,15,STA,WIFI_DROP,
16.684,13,STA,WIFI_DROP,
16.684,15,STA,WIFI_DROP,
16.6864,13,STA,WIFI_DROP,
16.6864,15,STA,WIFI_DROP,
16.6888,13,STA,WIFI_DROP,
16.6888,15,STA,WIFI_DROP,
16.6912,13,STA,WIFI_DROP,
16.6912,15,STA,WIFI_DROP,
16.6936,13,STA,WIFI_DROP,
16.6936,15,STA,WIFI_DROP,
16.696,13,STA,WIFI_DROP,
16.696,15,STA,WIFI_DROP,
16.6984,13,STA,WIFI_DROP,
16.6984,15,STA,WIFI_DROP,
16.7008,13,STA,WIFI_DROP,
16.7008,15,STA,WIFI_DROP,
16.7032,13,STA,WIFI_DROP,
16.7032,15,STA,WIFI_DROP,
16.7056,13,STA,WIFI_DROP,
16.7056,15,STA,WIFI_DROP,
16.708,13,STA,WIFI_DROP,
16.708,15,STA,WIFI_DROP,
16.7104,13,STA,WIFI_DROP,
16.7104,15,STA,WIFI_DROP,
16.7128,13,STA,WIFI_DROP,
16.7128,15,STA,WIFI_DROP,
16.7152,13,STA,WIFI_DROP,
16.7152,15,STA,WIFI_DROP,
16.7176,13,STA,WIFI_DROP,
16.7176,15,STA,WIFI_DROP,
16.72,13,STA,WIFI_DROP,
16.72,15,STA,WIFI_DROP,
16.7224,13,STA,WIFI_DROP,
16.7224,15,STA,WIFI_DROP,
16.7248,13,STA,WIFI_DROP,
16.7248,15,STA,WIFI_DROP,
16.7248,16,STA,WIFI_DROP,
16.7272,13,STA,WIFI_DROP,
16.7272,15,STA,WIFI_DROP,
16.7272,16,STA,WIFI_DROP,
16.7296,13,STA,WIFI_DROP,
16.7296,15,STA,WIFI_DROP,
16.7296,16,STA,WIFI_DROP,
16.732,13,STA,WIFI_DROP,
16.732,15,STA,WIFI_DROP,
16.732,16,STA,WIFI_DROP,
16.7344,13,STA,WIFI_DROP,
16.7344,15,STA,WIFI_DROP,
16.7344,16,STA,WIFI_DROP,
16.7368,13,STA,WIFI_DROP,
16.7368,15,STA,WIFI_DROP,
16.7368,16,STA,WIFI_DROP,
16.7392,13,STA,WIFI_DROP,
16.7392,15,STA,WIFI_DROP,
16.7392,16,STA,WIFI_DROP,
16.7416,13,STA,WIFI_DROP,
16.7416,15,STA,WIFI_DROP,
16.7416,16,STA,WIFI_DROP,
16.744,13,STA,WIFI_DROP,
16.744,15,STA,WIFI_DROP,
16.744,16,STA,WIFI_DROP,
16.7464,13,STA,WIFI_DROP,
16.7464,15,STA,WIFI_DROP,
16.7464,16,STA,WIFI_DROP,
16.7488,13,STA,WIFI_DROP,
16.7488,15,STA,WIFI_DROP,
16.7488,16,STA,WIFI_DROP,
16.7512,13,STA,WIFI_DROP,
16.7512,15,STA,WIFI_DROP,
16.7512,16,STA,WIFI_DROP,
16.7536,13,STA,WIFI_DROP,
16.7536,15,STA,WIFI_DROP,
16.7536,16,STA,WIFI_DROP,
16.756,13,STA,WIFI_DROP,
16.756,15,STA,WIFI_DROP,
16.756,16,STA,WIFI_DROP,
16.7584,13,STA,WIFI_DROP,
16.7584,15,STA,WIFI_DROP,
16.7584,16,STA,WIFI_DROP,
16.7608,13,STA,WIFI_DROP,
16.7608,15,STA,WIFI_DROP,
16.7608,16,STA,WIFI_DROP,
16.7632,13,STA,WIFI_DROP,
16.7632,15,STA,WIFI_DROP,
16.7632,16,STA,WIFI_DROP,
16.7656,13,STA,WIFI_DROP,
16.7656,15,STA,WIFI_DROP,
16.7656,16,STA,WIFI_DROP,
16.768,13,STA,WIFI_DROP,
16.768,15,STA,WIFI_DROP,
16.768,16,STA,WIFI_DROP,
16.7704,13,STA,WIFI_DROP,
16.7704,15,STA,WIFI_DROP,
16.7704,16,STA,WIFI_DROP,
16.7728,13,STA,WIFI_DROP,
16.7728,15,STA,WIFI_DROP,
16.7728,16,STA,WIFI_DROP,
16.7752,13,STA,WIFI_DROP,
16.7752,15,STA,WIFI_DROP,
16.7752,16,STA,WIFI_DROP,
16.7776,13,STA,WIFI_DROP,
16.7776,15,STA,WIFI_DROP,
16.7776,16,STA,WIFI_DROP,
16.78,13,STA,WIFI_DROP,
16.78,15,STA,WIFI_DROP,
16.78,16,STA,WIFI_DROP,
16.7824,13,STA,WIFI_DROP,
16.7824,15,STA,WIFI_DROP,
16.7824,16,STA,WIFI_DROP,
16.7848,13,STA,WIFI_DROP,
16.7848,15,STA,WIFI_DROP,
16.7848,16,STA,WIFI_DROP,
16.7872,13,STA,WIFI_DROP,
16.7872,15,STA,WIFI_DROP,
16.7872,16,STA,WIFI_DROP,
16.7896,13,STA,WIFI_DROP,
16.7896,15,STA,WIFI_DROP,
16.7896,16,STA,WIFI_DROP,
16.792,13,STA,WIFI_DROP,
16.792,15,STA,WIFI_DROP,
16.792,16,STA,WIFI_DROP,
16.7944,13,STA,WIFI_DROP,
16.7944,15,STA,WIFI_DROP,
16.7944,16,STA,WIFI_DROP,
16.7968,13,STA,WIFI_DROP,
16.7968,15,STA,WIFI_DROP,
16.7968,16,STA,WIFI_DROP,
16.7992,13,STA,WIFI_DROP,
16.7992,15,STA,WIFI_DROP,
16.7992,16,STA,WIFI_DROP,
16.8016,13,STA,WIFI_DROP,
16.8016,15,STA,WIFI_DROP,
16.8016,16,STA,WIFI_DROP,
16.804,13,STA,WIFI_DROP,
16.804,15,STA,WIFI_DROP,
16.804,16,STA,WIFI_DROP,
16.8064,13,STA,WIFI_DROP,
16.8064,15,STA,WIFI_DROP,
16.8064,16,STA,WIFI_DROP,
16.8088,13,STA,WIFI_DROP,
16.8088,15,STA,WIFI_DROP,
16.8088,16,STA,WIFI_DROP,
16.8112,13,STA,WIFI_DROP,
16.8112,15,STA,WIFI_DROP,
16.8112,16,STA,WIFI_DROP,
16.8136,13,STA,WIFI_DROP,
16.8136,15,STA,WIFI_DROP,
16.8136,16,STA,WIFI_DROP,
16.816,13,STA,WIFI_DROP,
16.816,15,STA,WIFI_DROP,
16.816,16,STA,WIFI_DROP,
16.8184,13,STA,WIFI_DROP,
16.8184,15,STA,WIFI_DROP,
16.8184,16,STA,WIFI_DROP,
16.8208,13,STA,WIFI_DROP,
16.8208,15,STA,WIFI_DROP,
16.8208,16,STA,WIFI_DROP,
16.8232,13,STA,WIFI_DROP,
16.8232,15,STA,WIFI_DROP,
16.8232,16,STA,WIFI_DROP,
16.8256,13,STA,WIFI_DROP,
16.8256,15,STA,WIFI_DROP,
16.8256,16,STA,WIFI_DROP,
16.828,13,STA,WIFI_DROP,
16.828,15,STA,WIFI_DROP,
16.828,16,STA,WIFI_DROP,
16.8304,13,STA,WIFI_DROP,
16.8304,15,STA,WIFI_DROP,
16.8304,16,STA,WIFI_DROP,
16.8328,13,STA,WIFI_DROP,
16.8328,15,STA,WIFI_DROP,
16.8328,16,STA,WIFI_DROP,
16.8352,13,STA,WIFI_DROP,
16.8352,15,STA,WIFI_DROP,
16.8352,16,STA,WIFI_DROP,
16.8376,13,STA,WIFI_DROP,
16.8376,15,STA,WIFI_DROP,
16.8376,16,STA,WIFI_DROP,
16.84,13,STA,WIFI_DROP,
16.84,15,STA,WIFI_DROP,
16.84,16,STA,WIFI_DROP,
16.8424,13,STA,WIFI_DROP,
16.8424,15,STA,WIFI_DROP,
16.8424,16,STA,WIFI_DROP,
16.8448,13,STA,WIFI_DROP,
16.8448,15,STA,WIFI_DROP,
16.8448,16,STA,WIFI_DROP,
16.8472,13,STA,WIFI_DROP,
16.8472,15,STA,WIFI_DROP,
16.8472,16,STA,WIFI_DROP,
16.8496,13,STA,WIFI_DROP,
16.8496,15,STA,WIFI_DROP,
16.8496,16,STA,WIFI_DROP,
16.852,15,STA,WIFI_DROP,
16.852,16,STA,WIFI_DROP,
16.8544,15,STA,WIFI_DROP,
16.8544,16,STA,WIFI_DROP,
16.8568,15,STA,WIFI_DROP,
16.8568,16,STA,WIFI_DROP,
16.8592,15,STA,WIFI_DROP,
16.8592,16,STA,WIFI_DROP,
16.8616,15,STA,WIFI_DROP,
16.8616,16,STA,WIFI_DROP,
16.864,15,STA,WIFI_DROP,
16.864,16,STA,WIFI_DROP,
16.8664,15,STA,WIFI_DROP,
16.8664,16,STA,WIFI_DROP,
16.8688,15,STA,WIFI_DROP,
16.8688,16,STA,WIFI_DROP,
16.8712,16,STA,WIFI_DROP,
16.8736,16,STA,WIFI_DROP,
16.876,16,STA,WIFI_DROP,
16.8784,16,STA,WIFI_DROP,
16.8808,16,STA,WIFI_DROP,
16.8832,16,STA,WIFI_DROP,
16.8856,16,STA,WIFI_DROP,
16.888,16,STA,WIFI_DROP,
16.8904,16,STA,WIFI_DROP,
16.8928,16,STA,WIFI_DROP,
16.8952,16,STA,WIFI_DROP,
16.8976,16,STA,WIFI_DROP,
16.9,16,STA,WIFI_DROP,
16.9024,16,STA,WIFI_DROP,
16.9048,16,STA,WIFI_DROP,
16.9072,16,STA,WIFI_DROP,
16.9096,16,STA,WIFI_DROP,
16.912,16,STA,WIFI_DROP,
16.9144,16,STA,WIFI_DROP,
16.9168,16,STA,WIFI_DROP,
16.9192,16,STA,WIFI_DROP,
16.9216,16,STA,WIFI_DROP,
16.924,16,STA,WIFI_DROP,
16.9264,16,STA,WIFI_DROP,
16.9288,16,STA,WIFI_DROP,
16.9288,17,STA,WIFI_DROP,
16.9312,16,STA,WIFI_DROP,
16.9312,17,STA,WIFI_DROP,
16.9336,16,STA,WIFI_DROP,
16.9336,17,STA,WIFI_DROP,
16.936,16,STA,WIFI_DROP,
16.936,17,STA,WIFI_DROP,
16.9384,16,STA,WIFI_DROP,
16.9384,17,STA,WIFI_DROP,
16.9408,16,STA,WIFI_DROP,
16.9408,17,STA,WIFI_DROP,
16.9432,16,STA,WIFI_DROP,
16.9432,17,STA,WIFI_DROP,
16.9456,16,STA,WIFI_DROP,
16.9456,17,STA,WIFI_DROP,
16.948,16,STA,WIFI_DROP,
16.948,17,STA,WIFI_DROP,
16.9504,16,STA,WIFI_DROP,
16.9504,17,STA,WIFI_DROP,
16.9528,16,STA,WIFI_DROP,
16.9528,17,STA,WIFI_DROP,
16.9552,16,STA,WIFI_DROP,
16.9552,17,STA,WIFI_DROP,
16.9576,16,STA,WIFI_DROP,
16.9576,17,STA,WIFI_DROP,
16.96,16,STA,WIFI_DROP,
16.96,17,STA,WIFI_DROP,
16.9624,16,STA,WIFI_DROP,
16.9624,17,STA,WIFI_DROP,
16.9648,16,STA,WIFI_DROP,
16.9648,17,STA,WIFI_DROP,
16.9672,16,STA,WIFI_DROP,
16.9672,17,STA,WIFI_DROP,
16.9696,16,STA,WIFI_DROP,
16.9696,17,STA,WIFI_DROP,
16.972,16,STA,WIFI_DROP,
16.972,17,STA,WIFI_DROP,
16.9744,16,STA,WIFI_DROP,
16.9744,17,STA,WIFI_DROP,
16.9768,16,STA,WIFI_DROP,
16.9768,17,STA,WIFI_DROP,
16.9792,16,STA,WIFI_DROP,
16.9792,17,STA,WIFI_DROP,
16.9816,16,STA,WIFI_DROP,
16.9816,17,STA,WIFI_DROP,
16.984,16,STA,WIFI_DROP,
16.984,17,STA,WIFI_DROP,
16.9864,16,STA,WIFI_DROP,
16.9864,17,STA,WIFI_DROP,
16.9888,16,STA,WIFI_DROP,
16.9888,17,STA,WIFI_DROP,
16.9912,16,STA,WIFI_DROP,
16.9912,17,STA,WIFI_DROP,
16.9936,16,STA,WIFI_DROP,
16.9936,17,STA,WIFI_DROP,
16.996,16,STA,WIFI_DROP,
16.996,17,STA,WIFI_DROP,
16.9984,16,STA,WIFI_DROP,
16.9984,17,STA,WIFI_DROP,
17,3,STA,THROUGHPUT_MBPS,1.848000
17,5,STA,THROUGHPUT_MBPS,1.200000
17,7,STA,THROUGHPUT_MBPS,2.280000
17,8,STA,THROUGHPUT_MBPS,1.380000
17,10,STA,THROUGHPUT_MBPS,1.212000
17,12,STA,THROUGHPUT_MBPS,0.528000
17,13,STA,THROUGHPUT_MBPS,0.060000
17,14,STA,THROUGHPUT_MBPS,0.432000
17,16,STA,THROUGHPUT_MBPS,1.356000
17,18,STA,THROUGHPUT_MBPS,0.096000
17,19,STA,THROUGHPUT_MBPS,1.056000
17,1,AP,AGGREGATE_THROUGHPUT_MBPS,11.448000
17,1,AP,SENT_COUNT,8340.000000
17,1,AP,RECV_COUNT,954.000000
17,1,AP,LATENCY_P95_MS,567.364640
17.0008,16,STA,WIFI_DROP,
17.0008,17,STA,WIFI_DROP,
17.0032,16,STA,WIFI_DROP,
17.0032,17,STA,WIFI_DROP,
17.0056,16,STA,WIFI_DROP,
17.0056,17,STA,WIFI_DROP,
17.008,16,STA,WIFI_DROP,
17.008,17,STA,WIFI_DROP,
17.0104,16,STA,WIFI_DROP,
17.0104,17,STA,WIFI_DROP,
17.0128,16,STA,WIFI_DROP,
17.0128,17,STA,WIFI_DROP,
17.0152,16,STA,WIFI_DROP,
17.0152,17,STA,WIFI_DROP,
17.0176,16,STA,WIFI_DROP,
17.0176,17,STA,WIFI_DROP,
17.02,16,STA,WIFI_DROP,
17.02,17,STA,WIFI_DROP,
17.0224,16,STA,WIFI_DROP,
17.0224,17,STA,WIFI_DROP,
17.0248,16,STA,WIFI_DROP,
17.0248,17,STA,WIFI_DROP,
17.0272,16,STA,WIFI_DROP,
17.0272,17,STA,WIFI_DROP,
17.0296,16,STA,WIFI_DROP,
17.0296,17,STA,WIFI_DROP,
17.032,16,STA,WIFI_DROP,
17.032,17,STA,WIFI_DROP,
17.0344,16,STA,WIFI_DROP,
17.0344,17,STA,WIFI_DROP,
17.0368,16,STA,WIFI_DROP,
17.0368,17,STA,WIFI_DROP,
17.0392,16,STA,WIFI_DROP,
17.0392,17,STA,WIFI_DROP,
17.0416,16,STA,WIFI_DROP,
17.0416,17,STA,WIFI_DROP,
17.044,16,STA,WIFI_DROP,
17.044,17,STA,WIFI_DROP,
17.0464,16,STA,WIFI_DROP,
17.0464,17,STA,WIFI_DROP,
17.0488,16,STA,WIFI_DROP,
17.0488,17,STA,WIFI_DROP,
17.0512,16,STA,WIFI_DROP,
17.0512,17,STA,WIFI_DROP,
17.0536,16,STA,WIFI_DROP,
17.0536,17,STA,WIFI_DROP,
17.056,16,STA,WIFI_DROP,
17.056,17,STA,WIFI_DROP,
17.0584,16,STA,WIFI_DROP,
17.0584,17,STA,WIFI_DROP,
17.0608,16,STA,WIFI_DROP,
17.0608,17,STA,WIFI_DROP,
17.0632,16,STA,WIFI_DROP,
17.0632,17,STA,WIFI_DROP,
17.0656,16,STA,WIFI_DROP,
17.0656,17,STA,WIFI_DROP,
17.068,16,STA,WIFI_DROP,
17.068,17,STA,WIFI_DROP,
17.0704,16,STA,WIFI_DROP,
17.0704,17,STA,WIFI_DROP,
17.0728,16,STA,WIFI_DROP,
17.0728,17,STA,WIFI_DROP,
17.0752,16,STA,WIFI_DROP,
17.0752,17,STA,WIFI_DROP,
17.0776,16,STA,WIFI_DROP,
17.0776,17,STA,WIFI_DROP,
17.08,16,STA,WIFI_DROP,
17.08,17,STA,WIFI_DROP,
17.0824,16,STA,WIFI_DROP,
17.0848,16,STA,WIFI_DROP,
17.0872,16,STA,WIFI_DROP,
17.0896,16,STA,WIFI_DROP,
17.092,16,STA,WIFI_DROP,
17.0944,16,STA,WIFI_DROP,
17.0968,16,STA,WIFI_DROP,
17.0992,16,STA,WIFI_DROP,
17.1016,16,STA,WIFI_DROP,
17.104,16,STA,WIFI_DROP,
17.1064,16,STA,WIFI_DROP,
17.1088,16,STA,WIFI_DROP,
17.1112,16,STA,WIFI_DROP,
17.1136,16,STA,WIFI_DROP,
17.116,16,STA,WIFI_DROP,
17.1184,16,STA,WIFI_DROP,
17.1208,16,STA,WIFI_DROP,
17.1232,16,STA,WIFI_DROP,
17.1256,16,STA,WIFI_DROP,
17.128,16,STA,WIFI_DROP,
17.1304,16,STA,WIFI_DROP,
17.1328,16,STA,WIFI_DROP,
17.1352,16,STA,WIFI_DROP,
17.1376,16,STA,WIFI_DROP,
17.14,16,STA,WIFI_DROP,
17.1424,16,STA,WIFI_DROP,
17.1448,16,STA,WIFI_DROP,
17.1472,16,STA,WIFI_DROP,
17.1496,16,STA,WIFI_DROP,
17.152,16,STA,WIFI_DROP,
17.1544,16,STA,WIFI_DROP,
17.1568,16,STA,WIFI_DROP,
17.1592,16,STA,WIFI_DROP,
17.1616,16,STA,WIFI_DROP,
17.164,16,STA,WIFI_DROP,
17.1664,16,STA,WIFI_DROP,
17.1688,16,STA,WIFI_DROP,
17.1712,16,STA,WIFI_DROP,
17.1736,16,STA,WIFI_DROP,
17.176,16,STA,WIFI_DROP,
17.1784,16,STA,WIFI_DROP,
17.1808,16,STA,WIFI_DROP,
17.1832,16,STA,WIFI_DROP,
17.1856,16,STA,WIFI_DROP,
17.188,16,STA,WIFI_DROP,
17.1904,16,STA,WIFI_DROP,
17.1928,16,STA,WIFI_DROP,
17.1952,16,STA,WIFI_DROP,
17.1976,16,STA,WIFI_DROP,
17.2,16,STA,WIFI_DROP,
17.2024,16,STA,WIFI_DROP,
17.2048,16,STA,WIFI_DROP,
17.2072,16,STA,WIFI_DROP,
17.2096,16,STA,WIFI_DROP,
17.212,16,STA,WIFI_DROP,
17.2144,16,STA,WIFI_DROP,
17.2168,16,STA,WIFI_DROP,
17.2192,16,STA,WIFI_DROP,
17.2216,16,STA,WIFI_DROP,
17.224,16,STA,WIFI_DROP,
17.2264,16,STA,WIFI_DROP,
17.2288,16,STA,WIFI_DROP,
17.2312,16,STA,WIFI_DROP,
17.2336,16,STA,WIFI_DROP,
17.236,16,STA,WIFI_DROP,
17.2384,16,STA,WIFI_DROP,
17.2408,16,STA,WIFI_DROP,
17.2432,16,STA,WIFI_DROP,
17.2456,16,STA,WIFI_DROP,
17.248,16,STA,WIFI_DROP,
17.2504,16,STA,WIFI_DROP,
17.2528,16,STA,WIFI_DROP,
17.2552,16,STA,WIFI_DROP,
17.2576,16,STA,WIFI_DROP,
17.26,16,STA,WIFI_DROP,
17.2624,16,STA,WIFI_DROP,
17.2648,16,STA,WIFI_DROP,
17.2672,16,STA,WIFI_DROP,
17.2696,16,STA,WIFI_DROP,
17.272,16,STA,WIFI_DROP,
17.2744,16,STA,WIFI_DROP,
17.344,7,STA,WIFI_DROP,
17.3464,7,STA,WIFI_DROP,
17.3488,7,STA,WIFI_DROP,
17.3512,7,STA,WIFI_DROP,
17.3536,7,STA,WIFI_DROP,
17.356,7,STA,WIFI_DROP,
17.3584,7,STA,WIFI_DROP,
17.3608,7,STA,WIFI_DROP,
17.3632,7,STA,WIFI_DROP,
17.3656,7,STA,WIFI_DROP,
17.368,7,STA,WIFI_DROP,
17.3704,7,STA,WIFI_DROP,
17.3728,7,STA,WIFI_DROP,
17.3752,7,STA,WIFI_DROP,
17.3776,7,STA,WIFI_DROP,
17.38,7,STA,WIFI_DROP,
17.3824,7,STA,WIFI_DROP,
17.3848,7,STA,WIFI_DROP,
17.3872,7,STA,WIFI_DROP,
17.3896,7,STA,WIFI_DROP,
17.392,7,STA,WIFI_DROP,
17.3944,7,STA,WIFI_DROP,
17.3968,7,STA,WIFI_DROP,
17.3992,7,STA,WIFI_DROP,
17.4016,7,STA,WIFI_DROP,
17.404,7,STA,WIFI_DROP,
17.4064,7,STA,WIFI_DROP,
17.4088,7,STA,WIFI_DROP,
17.4112,7,STA,WIFI_DROP,
17.4136,7,STA,WIFI_DROP,
17.416,7,STA,WIFI_DROP,
17.4184,7,STA,WIFI_DROP,
17.4208,7,STA,WIFI_DROP,
17.4232,7,STA,WIFI_DROP,
17.4256,7,STA,WIFI_DROP,
17.428,7,STA,WIFI_DROP,
17.4304,7,STA,WIFI_DROP,
17.4328,7,STA,WIFI_DROP,
17.4352,7,STA,WIFI_DROP,
17.4376,7,STA,WIFI_DROP,
17.44,7,STA,WIFI_DROP,
17.4424,7,STA,WIFI_DROP,
17.4448,7,STA,WIFI_DROP,
17.4472,7,STA,WIFI_DROP,
17.4496,7,STA,WIFI_DROP,
17.452,7,STA,WIFI_DROP,
17.4544,7,STA,WIFI_DROP,
17.4568,7,STA,WIFI_DROP,
17.4592,7,STA,WIFI_DROP,
17.4616,7,STA,WIFI_DROP,
17.464,7,STA,WIFI_DROP,
17.4664,7,STA,WIFI_DROP,
17.4688,7,STA,WIFI_DROP,
17.4712,7,STA,WIFI_DROP,
17.4736,7,STA,WIFI_DROP,
17.476,7,STA,WIFI_DROP,
17.4784,7,STA,WIFI_DROP,
17.4808,7,STA,WIFI_DROP,
17.4832,7,STA,WIFI_DROP,
17.4856,7,STA,WIFI_DROP,
17.488,7,STA,WIFI_DROP,
17.4904,7,STA,WIFI_DROP,
17.4928,7,STA,WIFI_DROP,
17.4952,7,STA,WIFI_DROP,
17.4976,7,STA,WIFI_DROP,
17.5,7,STA,WIFI_DROP,
17.5024,7,STA,WIFI_DROP,
17.5048,7,STA,WIFI_DROP,
17.5072,7,STA,WIFI_DROP,
17.5096,7,STA,WIFI_DROP,
17.512,7,STA,WIFI_DROP,
17.5144,7,STA,WIFI_DROP,
17.5168,7,STA,WIFI_DROP,
17.5192,7,STA,WIFI_DROP,
17.5216,7,STA,WIFI_DROP,
17.524,7,STA,WIFI_DROP,
17.5264,7,STA,WIFI_DROP,
17.5288,7,STA,WIFI_DROP,
17.5312,7,STA,WIFI_DROP,
17.5336,7,STA,WIFI_DROP,
17.536,7,STA,WIFI_DROP,
17.5384,7,STA,WIFI_DROP,
17.5408,7,STA,WIFI_DROP,
17.5432,7,STA,WIFI_DROP,
17.5432,9,STA,WIFI_DROP,
17.5432,20,STA,WIFI_DROP,
17.5456,7,STA,WIFI_DROP,
17.5456,9,STA,WIFI_DROP,
17.5456,20,STA,WIFI_DROP,
17.548,7,STA,WIFI_DROP,
17.548,9,STA,WIFI_DROP,
17.548,20,STA,WIFI_DROP,
17.5504,7,STA,WIFI_DROP,
17.5504,9,STA,WIFI_DROP,
17.5504,20,STA,WIFI_DROP,
17.5528,7,STA,WIFI_DROP,
17.5528,9,STA,WIFI_DROP,
17.5528,20,STA,WIFI_DROP,
17.5552,7,STA,WIFI_DROP,
17.5552,9,STA,WIFI_DROP,
17.5552,20,STA,WIFI_DROP,
17.5576,7,STA,WIFI_DROP,
17.5576,9,STA,WIFI_DROP,
17.5576,20,STA,WIFI_DROP,
17.56,7,STA,WIFI_DROP,
17.56,9,STA,WIFI_DROP,
17.56,20,STA,WIFI_DROP,
17.5624,7,STA,WIFI_DROP,
17.5624,9,STA,WIFI_DROP,
17.5624,20,STA,WIFI_DROP,
17.5648,7,STA,WIFI_DROP,
17.5648,9,STA,WIFI_DROP,
17.5648,20,STA,WIFI_DROP,
17.5672,7,STA,WIFI_DROP,
17.5672,9,STA,WIFI_DROP,
17.5672,20,STA,WIFI_DROP,
17.5696,7,STA,WIFI_DROP,
17.5696,9,STA,WIFI_DROP,
17.5696,20,STA,WIFI_DROP,
17.572,7,STA,WIFI_DROP,
17.572,9,STA,WIFI_DROP,
17.572,20,STA,WIFI_DROP,
17.5744,7,STA,WIFI_DROP,
17.5744,9,STA,WIFI_DROP,
17.5744,20,STA,WIFI_DROP,
17.5768,7,STA,WIFI_DROP,
17.5768,9,STA,WIFI_DROP,
17.5768,20,STA,WIFI_DROP,
17.5792,7,STA,WIFI_DROP,
17.5792,9,STA,WIFI_DROP,
17.5792,20,STA,WIFI_DROP,
17.5816,7,STA,WIFI_DROP,
17.5816,9,STA,WIFI_DROP,
17.5816,20,STA,WIFI_DROP,
17.584,7,STA,WIFI_DROP,
17.584,9,STA,WIFI_DROP,
17.584,20,STA,WIFI_DROP,
17.5864,7,STA,WIFI_DROP,
17.5864,9,STA,WIFI_DROP,
17.5864,20,STA,WIFI_DROP,
17.5888,7,STA,WIFI_DROP,
17.5888,9,STA,WIFI_DROP,
17.5888,20,STA,WIFI_DROP,
17.5912,7,STA,WIFI_DROP,
17.5912,9,STA,WIFI_DROP,
17.5912,20,STA,WIFI_DROP,
17.5936,7,STA,WIFI_DROP,
17.5936,9,STA,WIFI_DROP,
17.5936,20,STA,WIFI_DROP,
17.596,7,STA,WIFI_DROP,
17.596,20,STA,WIFI_DROP,
17.5984,7,STA,WIFI_DROP,
17.5984,20,STA,WIFI_DROP,
17.6008,7,STA,WIFI_DROP,
17.6008,20,STA,WIFI_DROP,
17.6032,7,STA,WIFI_DROP,
17.6032,20,STA,WIFI_DROP,
17.6056,7,STA,WIFI_DROP,
17.6056,20,STA,WIFI_DROP,
17.608,7,STA,WIFI_DROP,
17.608,20,STA,WIFI_DROP,
17.6104,7,STA,WIFI_DROP,
17.6104,20,STA,WIFI_DROP,
17.6128,7,STA,WIFI_DROP,
17.6128,20,STA,WIFI_DROP,
17.6152,7,STA,WIFI_DROP,
17.6152,20,STA,WIFI_DROP,
17.6176,7,STA,WIFI_DROP,
17.6176,20,STA,WIFI_DROP,
17.62,7,STA,WIFI_DROP,
17.62,20,STA,WIFI_DROP,
17.6224,7,STA,WIFI_DROP,
17.6224,20,STA,WIFI_DROP,
17.6248,7,STA,WIFI_DROP,
17.6248,20,STA,WIFI_DROP,
17.6272,7,STA,WIFI_DROP,
17.6272,20,STA,WIFI_DROP,
17.6296,7,STA,WIFI_DROP,
17.6296,20,STA,WIFI_DROP,
17.632,7,STA,WIFI_DROP,
17.632,20,STA,WIFI_DROP,
17.6344,7,STA,WIFI_DROP,
17.6344,20,STA,WIFI_DROP,
17.6368,7,STA,WIFI_DROP,
17.6368,20,STA,WIFI_DROP,
17.6392,7,STA,WIFI_DROP,
17.6392,20,STA,WIFI_DROP,
17.6416,7,STA,WIFI_DROP,
17.6416,20,STA,WIFI_DROP,
17.644,7,STA,WIFI_DROP,
17.644,20,STA,WIFI_DROP,
17.6464,7,STA,WIFI_DROP,
17.6464,19,STA,WIFI_DROP,
17.6464,20,STA,WIFI_DROP,
17.6488,7,STA,WIFI_DROP,
17.6488,19,STA,WIFI_DROP,
17.6488,20,STA,WIFI_DROP,
17.6512,7,STA,WIFI_DROP,
17.6512,19,STA,WIFI_DROP,
17.6512,20,STA,WIFI_DROP,
17.6536,7,STA,WIFI_DROP,
17.6536,19,STA,WIFI_DROP,
17.6536,20,STA,WIFI_DROP,
17.656,7,STA,WIFI_DROP,
17.656,19,STA,WIFI_DROP,
17.656,20,STA,WIFI_DROP,
17.6584,7,STA,WIFI_DROP,
17.6584,19,STA,WIFI_DROP,
17.6584,20,STA,WIFI_DROP,
17.6608,7,STA,WIFI_DROP,
17.6608,19,STA,WIFI_DROP,
17.6608,20,STA,WIFI_DROP,
17.6632,7,STA,WIFI_DROP,
17.6632,19,STA,WIFI_DROP,
17.6632,20,STA,WIFI_DROP,
17.6656,7,STA,WIFI_DROP,
17.6656,19,STA,WIFI_DROP,
17.6656,20,STA,WIFI_DROP,
17.668,7,STA,WIFI_DROP,
17.668,19,STA,WIFI_DROP,
17.668,20,STA,WIFI_DROP,
17.6704,7,STA,WIFI_DROP,
17.6704,19,STA,WIFI_DROP,
17.6704,20,STA,WIFI_DROP,
17.6728,7,STA,WIFI_DROP,
17.6728,19,STA,WIFI_DROP,
17.6728,20,STA,WIFI_DROP,
17.6752,7,STA,WIFI_DROP,
17.6752,19,STA,WIFI_DROP,
17.6752,20,STA,WIFI_DROP,
17.6776,7,STA,WIFI_DROP,
17.6776,19,STA,WIFI_DROP,
17.6776,20,STA,WIFI_DROP,
17.68,7,STA,WIFI_DROP,
17.68,19,STA,WIFI_DROP,
17.68,20,STA,WIFI_DROP,
17.6824,7,STA,WIFI_DROP,
17.6824,19,STA,WIFI_DROP,
17.6824,20,STA,WIFI_DROP,
17.6848,7,STA,WIFI_DROP,
17.6848,19,STA,WIFI_DROP,
17.6848,20,STA,WIFI_DROP,
17.6872,7,STA,WIFI_DROP,
17.6872,19,STA,WIFI_DROP,
17.6872,20,STA,WIFI_DROP,
17.6896,7,STA,WIFI_DROP,
17.6896,19,STA,WIFI_DROP,
17.6896,20,STA,WIFI_DROP,
17.692,7,STA,WIFI_DROP,
17.692,19,STA,WIFI_DROP,
17.692,20,STA,WIFI_DROP,
17.6944,7,STA,WIFI_DROP,
17.6944,19,STA,WIFI_DROP,
17.6944,20,STA,WIFI_DROP,
17.6968,7,STA,WIFI_DROP,
17.6968,19,STA,WIFI_DROP,
17.6992,7,STA,WIFI_DROP,
17.6992,19,STA,WIFI_DROP,
17.7016,7,STA,WIFI_DROP,
17.7016,19,STA,WIFI_DROP,
17.704,7,STA,WIFI_DROP,
17.704,19,STA,WIFI_DROP,
17.7064,7,STA,WIFI_DROP,
17.7064,19,STA,WIFI_DROP,
17.7088,7,STA,WIFI_DROP,
17.7088,19,STA,WIFI_DROP,
17.7112,7,STA,WIFI_DROP,
17.7112,19,STA,WIFI_DROP,
17.7136,7,STA,WIFI_DROP,
17.7136,19,STA,WIFI_DROP,
17.716,7,STA,WIFI_DROP,
17.716,19,STA,WIFI_DROP,
17.7184,7,STA,WIFI_DROP,
17.7184,19,STA,WIFI_DROP,
17.7208,7,STA,WIFI_DROP,
17.7208,19,STA,WIFI_DROP,
17.7232,7,STA,WIFI_DROP,
17.7232,19,STA,WIFI_DROP,
17.7256,7,STA,WIFI_DROP,
17.7256,19,STA,WIFI_DROP,
17.728,7,STA,WIFI_DROP,
17.728,19,STA,WIFI_DROP,
17.7304,7,STA,WIFI_DROP,
17.7304,19,STA,WIFI_DROP,
17.7328,7,STA,WIFI_DROP,
17.7328,19,STA,WIFI_DROP,
17.7352,7,STA,WIFI_DROP,
17.7352,19,STA,WIFI_DROP,
17.7376,7,STA,WIFI_DROP,
17.7376,19,STA,WIFI_DROP,
17.74,7,STA,WIFI_DROP,
17.74,19,STA,WIFI_DROP,
17.7424,7,STA,WIFI_DROP,
17.7424,19,STA,WIFI_DROP,
17.7448,7,STA,WIFI_DROP,
17.7448,19,STA,WIFI_DROP,
17.7472,7,STA,WIFI_DROP,
17.7472,19,STA,WIFI_DROP,
17.7496,7,STA,WIFI_DROP,
17.7496,19,STA,WIFI_DROP,
17.752,7,STA,WIFI_DROP,
17.752,19,STA,WIFI_DROP,
17.7544,7,STA,WIFI_DROP,
17.7544,19,STA,WIFI_DROP,
17.7568,7,STA,WIFI_DROP,
17.7568,19,STA,WIFI_DROP,
17.7592,7,STA,WIFI_DROP,
17.7592,19,STA,WIFI_DROP,
17.7616,7,STA,WIFI_DROP,
17.7616,19,STA,WIFI_DROP,
17.764,7,STA,WIFI_DROP,
17.764,19,STA,WIFI_DROP,
17.7664,7,STA,WIFI_DROP,
17.7664,19,STA,WIFI_DROP,
17.7688,7,STA,WIFI_DROP,
17.7688,19,STA,WIFI_DROP,
17.7712,7,STA,WIFI_DROP,
17.7712,19,STA,WIFI_DROP,
17.7736,7,STA,WIFI_DROP,
17.7736,19,STA,WIFI_DROP,
17.776,7,STA,WIFI_DROP,
17.776,19,STA,WIFI_DROP,
17.7784,7,STA,WIFI_DROP,
17.7784,19,STA,WIFI_DROP,
17.7808,7,STA,WIFI_DROP,
17.7808,19,STA,WIFI_DROP,
17.7832,7,STA,WIFI_DROP,
17.7832,19,STA,WIFI_DROP,
17.7856,7,STA,WIFI_DROP,
17.7856,19,STA,WIFI_DROP,
17.788,7,STA,WIFI_DROP,
17.788,19,STA,WIFI_DROP,
17.7904,7,STA,WIFI_DROP,
17.7904,19,STA,WIFI_DROP,
17.7928,7,STA,WIFI_DROP,
17.7928,19,STA,WIFI_DROP,
17.7952,7,STA,WIFI_DROP,
17.7952,19,STA,WIFI_DROP,
17.7976,7,STA,WIFI_DROP,
17.7976,19,STA,WIFI_DROP,
17.8,7,STA,WIFI_DROP,
17.8,19,STA,WIFI_DROP,
17.8024,7,STA,WIFI_DROP,
17.8024,19,STA,WIFI_DROP,
17.8048,7,STA,WIFI_DROP,
17.8048,19,STA,WIFI_DROP,
17.8072,7,STA,WIFI_DROP,
17.8072,19,STA,WIFI_DROP,
17.8096,7,STA,WIFI_DROP,
17.8096,19,STA,WIFI_DROP,
17.812,7,STA,WIFI_DROP,
17.812,19,STA,WIFI_DROP,
17.8144,7,STA,WIFI_DROP,
17.8144,19,STA,WIFI_DROP,
17.8168,7,STA,WIFI_DROP,
17.8168,19,STA,WIFI_DROP,
17.8192,7,STA,WIFI_DROP,
17.8192,19,STA,WIFI_DROP,
17.8216,7,STA,WIFI_DROP,
17.8216,19,STA,WIFI_DROP,
17.824,7,STA,WIFI_DROP,
17.824,19,STA,WIFI_DROP,
17.8264,7,STA,WIFI_DROP,
17.8264,19,STA,WIFI_DROP,
17.8288,7,STA,WIFI_DROP,
17.8288,19,STA,WIFI_DROP,
17.8312,7,STA,WIFI_DROP,
17.8312,19,STA,WIFI_DROP,
17.8336,7,STA,WIFI_DROP,
17.8336,19,STA,WIFI_DROP,
17.836,7,STA,WIFI_DROP,
17.836,19,STA,WIFI_DROP,
17.8384,7,STA,WIFI_DROP,
17.8384,19,STA,WIFI_DROP,
17.8408,7,STA,WIFI_DROP,
17.8408,19,STA,WIFI_DROP,
17.8432,7,STA,WIFI_DROP,
17.8432,19,STA,WIFI_DROP,
17.8456,7,STA,WIFI_DROP,
17.8456,19,STA,WIFI_DROP,
17.848,7,STA,WIFI_DROP,
17.848,19,STA,WIFI_DROP,
17.8504,7,STA,WIFI_DROP,
17.8504,19,STA,WIFI_DROP,
17.8528,7,STA,WIFI_DROP,
17.8528,19,STA,WIFI_DROP,
17.8552,7,STA,WIFI_DROP,
17.8552,19,STA,WIFI_DROP,
17.8576,7,STA,WIFI_DROP,
17.8576,19,STA,WIFI_DROP,
17.86,7,STA,WIFI_DROP,
17.86,19,STA,WIFI_DROP,
17.8624,7,STA,WIFI_DROP,
17.8624,19,STA,WIFI_DROP,
17.8648,7,STA,WIFI_DROP,
17.8648,19,STA,WIFI_DROP,
17.8672,7,STA,WIFI_DROP,
17.8672,19,STA,WIFI_DROP,
17.8696,7,STA,WIFI_DROP,
17.8696,19,STA,WIFI_DROP,
17.872,7,STA,WIFI_DROP,
17.872,19,STA,WIFI_DROP,
17.8744,7,STA,WIFI_DROP,
17.8744,19,STA,WIFI_DROP,
17.8768,7,STA,WIFI_DROP,
17.8768,19,STA,WIFI_DROP,
17.8792,7,STA,WIFI_DROP,
17.8792,19,STA,WIFI_DROP,
17.8816,7,STA,WIFI_DROP,
17.8816,19,STA,WIFI_DROP,
17.884,7,STA,WIFI_DROP,
17.884,19,STA,WIFI_DROP,
17.8864,7,STA,WIFI_DROP,
17.8864,19,STA,WIFI_DROP,
17.8888,7,STA,WIFI_DROP,
17.8888,19,STA,WIFI_DROP,
17.8912,7,STA,WIFI_DROP,
17.8912,15,STA,WIFI_DROP,
17.8912,19,STA,WIFI_DROP,
17.8936,7,STA,WIFI_DROP,
17.8936,15,STA,WIFI_DROP,
17.8936,19,STA,WIFI_DROP,
17.896,7,STA,WIFI_DROP,
17.896,15,STA,WIFI_DROP,
17.896,19,STA,WIFI_DROP,
17.8984,7,STA,WIFI_DROP,
17.8984,15,STA,WIFI_DROP,
17.8984,19,STA,WIFI_DROP,
17.9008,7,STA,WIFI_DROP,
17.9008,15,STA,WIFI_DROP,
17.9008,19,STA,WIFI_DROP,
17.9032,7,STA,WIFI_DROP,
17.9032,15,STA,WIFI_DROP,
17.9032,19,STA,WIFI_DROP,
17.9056,7,STA,WIFI_DROP,
17.9056,15,STA,WIFI_DROP,
17.9056,19,STA,WIFI_DROP,
17.908,7,STA,WIFI_DROP,
17.908,15,STA,WIFI_DROP,
17.908,19,STA,WIFI_DROP,
17.9104,7,STA,WIFI_DROP,
17.9104,15,STA,WIFI_DROP,
17.9104,19,STA,WIFI_DROP,
17.9128,7,STA,WIFI_DROP,
17.9128,15,STA,WIFI_DROP,
17.9128,19,STA,WIFI_DROP,
17.9152,7,STA,WIFI_DROP,
17.9152,15,STA,WIFI_DROP,
17.9152,19,STA,WIFI_DROP,
17.9176,7,STA,WIFI_DROP,
17.9176,15,STA,WIFI_DROP,
17.9176,19,STA,WIFI_DROP,
17.92,7,STA,WIFI_DROP,
17.92,15,STA,WIFI_DROP,
17.92,19,STA,WIFI_DROP,
17.9224,7,STA,WIFI_DROP,
17.9224,15,STA,WIFI_DROP,
17.9224,19,STA,WIFI_DROP,
17.9248,7,STA,WIFI_DROP,
17.9248,15,STA,WIFI_DROP,
17.9248,19,STA,WIFI_DROP,
17.9272,7,STA,WIFI_DROP,
17.9272,15,STA,WIFI_DROP,
17.9272,19,STA,WIFI_DROP,
17.9296,7,STA,WIFI_DROP,
17.9296,15,STA,WIFI_DROP,
17.9296,19,STA,WIFI_DROP,
17.932,7,STA,WIFI_DROP,
17.932,15,STA,WIFI_DROP,
17.932,19,STA,WIFI_DROP,
17.9344,7,STA,WIFI_DROP,
17.9344,15,STA,WIFI_DROP,
17.9344,19,STA,WIFI_DROP,
17.9368,7,STA,WIFI_DROP,
17.9368,15,STA,WIFI_DROP,
17.9368,19,STA,WIFI_DROP,
17.9392,7,STA,WIFI_DROP,
17.9392,15,STA,WIFI_DROP,
17.9392,19,STA,WIFI_DROP,
17.9416,7,STA,WIFI_DROP,
17.9416,15,STA,WIFI_DROP,
17.9416,19,STA,WIFI_DROP,
17.944,7,STA,WIFI_DROP,
17.944,15,STA,WIFI_DROP,
17.944,19,STA,WIFI_DROP,
17.9464,7,STA,WIFI_DROP,
17.9464,15,STA,WIFI_DROP,
17.9464,19,STA,WIFI_DROP,
17.9488,7,STA,WIFI_DROP,
17.9488,15,STA,WIFI_DROP,
17.9488,19,STA,WIFI_DROP,
17.9512,7,STA,WIFI_DROP,
17.9512,15,STA,WIFI_DROP,
17.9512,19,STA,WIFI_DROP,
17.9536,7,STA,WIFI_DROP,
17.9536,15,STA,WIFI_DROP,
17.9536,19,STA,WIFI_DROP,
17.956,7,STA,WIFI_DROP,
17.956,15,STA,WIFI_DROP,
17.956,19,STA,WIFI_DROP,
17.9584,7,STA,WIFI_DROP,
17.9584,15,STA,WIFI_DROP,
17.9584,19,STA,WIFI_DROP,
17.9608,7,STA,WIFI_DROP,
17.9608,15,STA,WIFI_DROP,
17.9608,19,STA,WIFI_DROP,
17.9632,7,STA,WIFI_DROP,
17.9632,15,STA,WIFI_DROP,
17.9632,19,STA,WIFI_DROP,
17.9656,7,STA,WIFI_DROP,
17.9656,15,STA,WIFI_DROP,
17.9656,19,STA,WIFI_DROP,
17.968,7,STA,WIFI_DROP,
17.968,15,STA,WIFI_DROP,
17.968,19,STA,WIFI_DROP,
17.9704,7,STA,WIFI_DROP,
17.9704,15,STA,WIFI_DROP,
17.9704,19,STA,WIFI_DROP,
17.9728,7,STA,WIFI_DROP,
17.9728,15,STA,WIFI_DROP,
17.9728,19,STA,WIFI_DROP,
17.9752,7,STA,WIFI_DROP,
17.9752,15,STA,WIFI_DROP,
17.9752,19,STA,WIFI_DROP,
17.9776,7,STA,WIFI_DROP,
17.9776,15,STA,WIFI_DROP,
17.9776,19,STA,WIFI_DROP,
17.98,7,STA,WIFI_DROP,
17.98,15,STA,WIFI_DROP,
17.98,19,STA,WIFI_DROP,
17.9824,7,STA,WIFI_DROP,
17.9824,15,STA,WIFI_DROP,
17.9824,19,STA,WIFI_DROP,
17.9848,7,STA,WIFI_DROP,
17.9848,15,STA,WIFI_DROP,
17.9848,19,STA,WIFI_DROP,
17.9872,7,STA,WIFI_DROP,
17.9872,15,STA,WIFI_DROP,
17.9872,19,STA,WIFI_DROP,
17.9896,7,STA,WIFI_DROP,
17.9896,15,STA,WIFI_DROP,
17.9896,19,STA,WIFI_DROP,
17.992,7,STA,WIFI_DROP,
17.992,15,STA,WIFI_DROP,
17.992,19,STA,WIFI_DROP,
17.9944,7,STA,WIFI_DROP,
17.9944,15,STA,WIFI_DROP,
17.9944,19,STA,WIFI_DROP,
17.9968,7,STA,WIFI_DROP,
17.9968,15,STA,WIFI_DROP,
17.9968,19,STA,WIFI_DROP,
17.9992,7,STA,WIFI_DROP,
17.9992,15,STA,WIFI_DROP,
17.9992,19,STA,WIFI_DROP,
18,3,STA,THROUGHPUT_MBPS,0.312000
18,5,STA,THROUGHPUT_MBPS,1.464000
18,7,STA,THROUGHPUT_MBPS,1.368000
18,8,STA,THROUGHPUT_MBPS,1.488000
18,9,STA,THROUGHPUT_MBPS,0.888000
18,10,STA,THROUGHPUT_MBPS,0.456000
18,12,STA,THROUGHPUT_MBPS,1.812000
18,13,STA,THROUGHPUT_MBPS,0.756000
18,14,STA,THROUGHPUT_MBPS,0.768000
18,18,STA,THROUGHPUT_MBPS,0.732000
18,19,STA,THROUGHPUT_MBPS,0.900000
18,21,STA,THROUGHPUT_MBPS,1.212000
18,1,AP,AGGREGATE_THROUGHPUT_MBPS,12.156000
18,1,AP,SENT_COUNT,8340.000000
18,1,AP,RECV_COUNT,1013.000000
18,1,AP,LATENCY_P95_MS,534.737609
18.0016,7,STA,WIFI_DROP,
18.0016,15,STA,WIFI_DROP,
18.0016,19,STA,WIFI_DROP,
18.004,7,STA,WIFI_DROP,
18.004,15,STA,WIFI_DROP,
18.004,19,STA,WIFI_DROP,
18.0064,7,STA,WIFI_DROP,
18.0064,15,STA,WIFI_DROP,
18.0064,19,STA,WIFI_DROP,
18.0088,7,STA,WIFI_DROP,
18.0088,15,STA,WIFI_DROP,
18.0088,19,STA,WIFI_DROP,
18.0112,7,STA,WIFI_DROP,
18.0112,15,STA,WIFI_DROP,
18.0112,19,STA,WIFI_DROP,
18.0136,7,STA,WIFI_DROP,
18.0136,15,STA,WIFI_DROP,
18.0136,19,STA,WIFI_DROP,
18.016,7,STA,WIFI_DROP,
18.016,15,STA,WIFI_DROP,
18.016,19,STA,WIFI_DROP,
18.0184,7,STA,WIFI_DROP,
18.0184,15,STA,WIFI_DROP,
18.0184,19,STA,WIFI_DROP,
18.0208,7,STA,WIFI_DROP,
18.0208,15,STA,WIFI_DROP,
18.0208,19,STA,WIFI_DROP,
18.0232,7,STA,WIFI_DROP,
18.0232,15,STA,WIFI_DROP,
18.0232,19,STA,WIFI_DROP,
18.0256,7,STA,WIFI_DROP,
18.0256,15,STA,WIFI_DROP,
18.0256,19,STA,WIFI_DROP,
18.028,7,STA,WIFI_DROP,
18.028,15,STA,WIFI_DROP,
18.028,19,STA,WIFI_DROP,
18.0304,7,STA,WIFI_DROP,
18.0304,15,STA,WIFI_DROP,
18.0304,19,STA,WIFI_DROP,
18.0328,7,STA,WIFI_DROP,
18.0328,15,STA,WIFI_DROP,
18.0328,19,STA,WIFI_DROP,
18.0352,7,STA,WIFI_DROP,
18.0352,15,STA,WIFI_DROP,
18.0352,19,STA,WIFI_DROP,
18.0376,7,STA,WIFI_DROP,
18.0376,15,STA,WIFI_DROP,
18.0376,19,STA,WIFI_DROP,
18.04,7,STA,WIFI_DROP,
18.04,15,STA,WIFI_DROP,
18.04,19,STA,WIFI_DROP,
18.0424,7,STA,WIFI_DROP,
18.0424,15,STA,WIFI_DROP,
18.0424,19,STA,WIFI_DROP,
18.0448,7,STA,WIFI_DROP,
18.0448,15,STA,WIFI_DROP,
18.0448,19,STA,WIFI_DROP,
18.0472,7,STA,WIFI_DROP,
18.0472,15,STA,WIFI_DROP,
18.0472,19,STA,WIFI_DROP,
18.0496,7,STA,WIFI_DROP,
18.0496,15,STA,WIFI_DROP,
18.0496,19,STA,WIFI_DROP,
18.052,7,STA,WIFI_DROP,
18.052,15,STA,WIFI_DROP,
18.052,19,STA,WIFI_DROP,
18.0544,7,STA,WIFI_DROP,
18.0544,15,STA,WIFI_DROP,
18.0544,19,STA,WIFI_DROP,
18.0568,7,STA,WIFI_DROP,
18.0568,15,STA,WIFI_DROP,
18.0568,19,STA,WIFI_DROP,
18.0592,7,STA,WIFI_DROP,
18.0592,15,STA,WIFI_DROP,
18.0592,19,STA,WIFI_DROP,
18.0616,7,STA,WIFI_DROP,
18.0616,15,STA,WIFI_DROP,
18.0616,19,STA,WIFI_DROP,
18.064,7,STA,WIFI_DROP,
18.064,15,STA,WIFI_DROP,
18.064,19,STA,WIFI_DROP,
18.0664,7,STA,WIFI_DROP,
18.0664,15,STA,WIFI_DROP,
18.0664,19,STA,WIFI_DROP,
18.0688,7,STA,WIFI_DROP,
18.0688,15,STA,WIFI_DROP,
18.0688,19,STA,WIFI_DROP,
18.0712,7,STA,WIFI_DROP,
18.0712,15,STA,WIFI_DROP,
18.0712,19,STA,WIFI_DROP,
18.0736,7,STA,WIFI_DROP,
18.0736,15,STA,WIFI_DROP,
18.0736,19,STA,WIFI_DROP,
18.076,7,STA,WIFI_DROP,
18.076,15,STA,WIFI_DROP,
18.076,19,STA,WIFI_DROP,
18.0784,7,STA,WIFI_DROP,
18.0784,15,STA,WIFI_DROP,
18.0784,19,STA,WIFI_DROP,
18.0808,7,STA,WIFI_DROP,
18.0808,15,STA,WIFI_DROP,
18.0808,19,STA,WIFI_DROP,
18.0832,7,STA,WIFI_DROP,
18.0832,15,STA,WIFI_DROP,
18.0832,19,STA,WIFI_DROP,
18.0856,7,STA,WIFI_DROP,
18.0856,15,STA,WIFI_DROP,
18.0856,19,STA,WIFI_DROP,
18.088,7,STA,WIFI_DROP,
18.088,15,STA,WIFI_DROP,
18.088,19,STA,WIFI_DROP,
18.0904,7,STA,WIFI_DROP,
18.0904,15,STA,WIFI_DROP,
18.0904,19,STA,WIFI_DROP,
18.0928,7,STA,WIFI_DROP,
18.0928,15,STA,WIFI_DROP,
18.0928,19,STA,WIFI_DROP,
18.0952,7,STA,WIFI_DROP,
18.0952,15,STA,WIFI_DROP,
18.0952,19,STA,WIFI_DROP,
18.0976,7,STA,WIFI_DROP,
18.0976,15,STA,WIFI_DROP,
18.0976,19,STA,WIFI_DROP,
18.1,7,STA,WIFI_DROP,
18.1,15,STA,WIFI_DROP,
18.1,19,STA,WIFI_DROP,
18.1024,7,STA,WIFI_DROP,
18.1024,15,STA,WIFI_DROP,
18.1024,19,STA,WIFI_DROP,
18.1048,7,STA,WIFI_DROP,
18.1048,15,STA,WIFI_DROP,
18.1048,19,STA,WIFI_DROP,
18.1072,7,STA,WIFI_DROP,
18.1072,15,STA,WIFI_DROP,
18.1072,19,STA,WIFI_DROP,
18.1096,7,STA,WIFI_DROP,
18.1096,15,STA,WIFI_DROP,
18.1096,19,STA,WIFI_DROP,
18.112,7,STA,WIFI_DROP,
18.112,15,STA,WIFI_DROP,
18.112,19,STA,WIFI_DROP,
18.1144,7,STA,WIFI_DROP,
18.1144,15,STA,WIFI_DROP,
18.1144,19,STA,WIFI_DROP,
18.1168,7,STA,WIFI_DROP,
18.1168,15,STA,WIFI_DROP,
18.1168,19,STA,WIFI_DROP,
18.1192,7,STA,WIFI_DROP,
18.1192,15,STA,WIFI_DROP,
18.1192,19,STA,WIFI_DROP,
18.1216,7,STA,WIFI_DROP,
18.1216,15,STA,WIFI_DROP,
18.1216,19,STA,WIFI_DROP,
18.124,7,STA,WIFI_DROP,
18.124,15,STA,WIFI_DROP,
18.124,19,STA,WIFI_DROP,
18.1264,7,STA,WIFI_DROP,
18.1264,15,STA,WIFI_DROP,
18.1264,19,STA,WIFI_DROP,
18.1288,7,STA,WIFI_DROP,
18.1288,15,STA,WIFI_DROP,
18.1288,19,STA,WIFI_DROP,
18.1312,7,STA,WIFI_DROP,
18.1312,15,STA,WIFI_DROP,
18.1312,19,STA,WIFI_DROP,
18.1336,7,STA,WIFI_DROP,
18.1336,15,STA,WIFI_DROP,
18.1336,19,STA,WIFI_DROP,
18.136,7,STA,WIFI_DROP,
18.136,15,STA,WIFI_DROP,
18.136,19,STA,WIFI_DROP,
18.1384,7,STA,WIFI_DROP,
18.1384,15,STA,WIFI_DROP,
18.1384,19,STA,WIFI_DROP,
18.1408,7,STA,WIFI_DROP,
18.1408,15,STA,WIFI_DROP,
18.1408,19,STA,WIFI_DROP,
18.1432,7,STA,WIFI_DROP,
18.1432,15,STA,WIFI_DROP,
18.1432,19,STA,WIFI_DROP,
18.1456,7,STA,WIFI_DROP,
18.1456,15,STA,WIFI_DROP,
18.1456,19,STA,WIFI_DROP,
18.148,7,STA,WIFI_DROP,
18.148,15,STA,WIFI_DROP,
18.148,19,STA,WIFI_DROP,
18.1504,7,STA,WIFI_DROP,
18.1504,15,STA,WIFI_DROP,
18.1504,19,STA,WIFI_DROP,
18.1528,7,STA,WIFI_DROP,
18.1528,15,STA,WIFI_DROP,
18.1528,19,STA,WIFI_DROP,
18.1552,7,STA,WIFI_DROP,
18.1552,15,STA,WIFI_DROP,
18.1552,19,STA,WIFI_DROP,
18.1576,7,STA,WIFI_DROP,
18.1576,15,STA,WIFI_DROP,
18.1576,19,STA,WIFI_DROP,
18.16,7,STA,WIFI_DROP,
18.16,15,STA,WIFI_DROP,
18.16,19,STA,WIFI_DROP,
18.1624,7,STA,WIFI_DROP,
18.1624,15,STA,WIFI_DROP,
18.1624,19,STA,WIFI_DROP,
18.1648,7,STA,WIFI_DROP,
18.1648,15,STA,WIFI_DROP,
18.1648,19,STA,WIFI_DROP,
18.1672,7,STA,WIFI_DROP,
18.1672,15,STA,WIFI_DROP,
18.1672,19,STA,WIFI_DROP,
18.1696,7,STA,WIFI_DROP,
18.1696,15,STA,WIFI_DROP,
18.1696,19,STA,WIFI_DROP,
18.172,7,STA,WIFI_DROP,
18.172,15,STA,WIFI_DROP,
18.172,19,STA,WIFI_DROP,
18.1744,7,STA,WIFI_DROP,
18.1744,15,STA,WIFI_DROP,
18.1744,19,STA,WIFI_DROP,
18.1768,7,STA,WIFI_DROP,
18.1768,15,STA,WIFI_DROP,
18.1768,19,STA,WIFI_DROP,
18.1792,7,STA,WIFI_DROP,
18.1792,15,STA,WIFI_DROP,
18.1792,19,STA,WIFI_DROP,
18.1816,7,STA,WIFI_DROP,
18.1816,15,STA,WIFI_DROP,
18.1816,19,STA,WIFI_DROP,
18.184,7,STA,WIFI_DROP,
18.184,15,STA,WIFI_DROP,
18.184,19,STA,WIFI_DROP,
18.1864,7,STA,WIFI_DROP,
18.1864,15,STA,WIFI_DROP,
18.1864,19,STA,WIFI_DROP,
18.1888,7,STA,WIFI_DROP,
18.1888,15,STA,WIFI_DROP,
18.1888,19,STA,WIFI_DROP,
18.1912,7,STA,WIFI_DROP,
18.1912,15,STA,WIFI_DROP,
18.1912,19,STA,WIFI_DROP,
18.1936,7,STA,WIFI_DROP,
18.1936,15,STA,WIFI_DROP,
18.1936,19,STA,WIFI_DROP,
18.196,7,STA,WIFI_DROP,
18.196,15,STA,WIFI_DROP,
18.196,19,STA,WIFI_DROP,
18.1984,7,STA,WIFI_DROP,
18.1984,15,STA,WIFI_DROP,
18.1984,19,STA,WIFI_DROP,
18.2008,7,STA,WIFI_DROP,
18.2008,15,STA,WIFI_DROP,
18.2008,19,STA,WIFI_DROP,
18.2032,7,STA,WIFI_DROP,
18.2032,15,STA,WIFI_DROP,
18.2032,19,STA,WIFI_DROP,
18.2056,7,STA,WIFI_DROP,
18.2056,15,STA,WIFI_DROP,
18.2056,19,STA,WIFI_DROP,
18.208,7,STA,WIFI_DROP,
18.208,15,STA,WIFI_DROP,
18.208,19,STA,WIFI_DROP,
18.2104,7,STA,WIFI_DROP,
18.2104,15,STA,WIFI_DROP,
18.2104,19,STA,WIFI_DROP,
18.2128,7,STA,WIFI_DROP,
18.2128,15,STA,WIFI_DROP,
18.2128,19,STA,WIFI_DROP,
18.2152,7,STA,WIFI_DROP,
18.2152,15,STA,WIFI_DROP,
18.2152,19,STA,WIFI_DROP,
18.2176,7,STA,WIFI_DROP,
18.2176,15,STA,WIFI_DROP,
18.2176,19,STA,WIFI_DROP,
18.22,7,STA,WIFI_DROP,
18.22,15,STA,WIFI_DROP,
18.22,19,STA,WIFI_DROP,
18.2224,7,STA,WIFI_DROP,
18.2224,15,STA,WIFI_DROP,
18.2224,19,STA,WIFI_DROP,
18.2248,7,STA,WIFI_DROP,
18.2248,15,STA,WIFI_DROP,
18.2248,19,STA,WIFI_DROP,
18.2272,7,STA,WIFI_DROP,
18.2272,15,STA,WIFI_DROP,
18.2272,19,STA,WIFI_DROP,
18.2296,7,STA,WIFI_DROP,
18.2296,15,STA,WIFI_DROP,
18.2296,19,STA,WIFI_DROP,
18.232,7,STA,WIFI_DROP,
18.232,15,STA,WIFI_DROP,
18.232,19,STA,WIFI_DROP,
18.2344,7,STA,WIFI_DROP,
18.2344,15,STA,WIFI_DROP,
18.2344,19,STA,WIFI_DROP,
18.2368,7,STA,WIFI_DROP,
18.2368,15,STA,WIFI_DROP,
18.2368,19,STA,WIFI_DROP,
18.2392,7,STA,WIFI_DROP,
18.2392,15,STA,WIFI_DROP,
18.2392,19,STA,WIFI_DROP,
18.2416,7,STA,WIFI_DROP,
18.2416,15,STA,WIFI_DROP,
18.2416,19,STA,WIFI_DROP,
18.244,7,STA,WIFI_DROP,
18.244,15,STA,WIFI_DROP,
18.244,19,STA,WIFI_DROP,
18.2464,7,STA,WIFI_DROP,
18.2464,15,STA,WIFI_DROP,
18.2464,19,STA,WIFI_DROP,
18.2488,7,STA,WIFI_DROP,
18.2488,15,STA,WIFI_DROP,
18.2488,19,STA,WIFI_DROP,
18.2512,7,STA,WIFI_DROP,
18.2512,15,STA,WIFI_DROP,
18.2512,19,STA,WIFI_DROP,
18.2536,7,STA,WIFI_DROP,
18.2536,15,STA,WIFI_DROP,
18.2536,19,STA,WIFI_DROP,
18.256,7,STA,WIFI_DROP,
18.256,15,STA,WIFI_DROP,
18.256,19,STA,WIFI_DROP,
18.2584,7,STA,WIFI_DROP,
18.2584,15,STA,WIFI_DROP,
18.2584,19,STA,WIFI_DROP,
18.2608,7,STA,WIFI_DROP,
18.2608,13,STA,WIFI_DROP,
18.2608,15,STA,WIFI_DROP,
18.2608,19,STA,WIFI_DROP,
18.2632,7,STA,WIFI_DROP,
18.2632,13,STA,WIFI_DROP,
18.2632,15,STA,WIFI_DROP,
18.2632,19,STA,WIFI_DROP,
18.2656,7,STA,WIFI_DROP,
18.2656,13,STA,WIFI_DROP,
18.2656,15,STA,WIFI_DROP,
18.2656,19,STA,WIFI_DROP,
18.268,7,STA,WIFI_DROP,
18.268,13,STA,WIFI_DROP,
18.268,15,STA,WIFI_DROP,
18.268,19,STA,WIFI_DROP,
18.2704,7,STA,WIFI_DROP,
18.2704,13,STA,WIFI_DROP,
18.2704,15,STA,WIFI_DROP,
18.2704,19,STA,WIFI_DROP,
18.2728,7,STA,WIFI_DROP,
18.2728,13,STA,WIFI_DROP,
18.2728,15,STA,WIFI_DROP,
18.2728,19,STA,WIFI_DROP,
18.2752,7,STA,WIFI_DROP,
18.2752,13,STA,WIFI_DROP,
18.2752,15,STA,WIFI_DROP,
18.2752,19,STA,WIFI_DROP,
18.2776,7,STA,WIFI_DROP,
18.2776,13,STA,WIFI_DROP,
18.2776,15,STA,WIFI_DROP,
18.2776,19,STA,WIFI_DROP,
18.28,7,STA,WIFI_DROP,
18.28,13,STA,WIFI_DROP,
18.28,15,STA,WIFI_DROP,
18.28,19,STA,WIFI_DROP,
18.2824,7,STA,WIFI_DROP,
18.2824,13,STA,WIFI_DROP,
18.2824,15,STA,WIFI_DROP,
18.2824,19,STA,WIFI_DROP,
18.2848,7,STA,WIFI_DROP,
18.2848,13,STA,WIFI_DROP,
18.2848,15,STA,WIFI_DROP,
18.2848,19,STA,WIFI_DROP,
18.2872,7,STA,WIFI_DROP,
18.2872,13,STA,WIFI_DROP,
18.2872,15,STA,WIFI_DROP,
18.2872,19,STA,WIFI_DROP,
18.2896,7,STA,WIFI_DROP,
18.2896,13,STA,WIFI_DROP,
18.2896,15,STA,WIFI_DROP,
18.2896,19,STA,WIFI_DROP,
18.292,7,STA,WIFI_DROP,
18.292,13,STA,WIFI_DROP,
18.292,15,STA,WIFI_DROP,
18.292,19,STA,WIFI_DROP,
18.2944,7,STA,WIFI_DROP,
18.2944,13,STA,WIFI_DROP,
18.2944,15,STA,WIFI_DROP,
18.2944,19,STA,WIFI_DROP,
18.2968,7,STA,WIFI_DROP,
18.2968,13,STA,WIFI_DROP,
18.2968,15,STA,WIFI_DROP,
18.2968,19,STA,WIFI_DROP,
18.2992,7,STA,WIFI_DROP,
18.2992,13,STA,WIFI_DROP,
18.2992,15,STA,WIFI_DROP,
18.2992,19,STA,WIFI_DROP,
18.3016,13,STA,WIFI_DROP,
18.3016,15,STA,WIFI_DROP,
18.3016,19,STA,WIFI_DROP,
18.304,13,STA,WIFI_DROP,
18.304,15,STA,WIFI_DROP,
18.304,19,STA,WIFI_DROP,
18.3064,13,STA,WIFI_DROP,
18.3064,15,STA,WIFI_DROP,
18.3064,19,STA,WIFI_DROP,
18.3088,13,STA,WIFI_DROP,
18.3088,15,STA,WIFI_DROP,
18.3088,19,STA,WIFI_DROP,
18.3112,13,STA,WIFI_DROP,
18.3112,15,STA,WIFI_DROP,
18.3112,19,STA,WIFI_DROP,
18.3136,15,STA,WIFI_DROP,
18.3136,19,STA,WIFI_DROP,
18.316,15,STA,WIFI_DROP,
18.316,19,STA,WIFI_DROP,
18.3184,15,STA,WIFI_DROP,
18.3184,19,STA,WIFI_DROP,
18.3208,15,STA,WIFI_DROP,
18.3208,19,STA,WIFI_DROP,
18.3232,15,STA,WIFI_DROP,
18.3232,19,STA,WIFI_DROP,
18.3256,15,STA,WIFI_DROP,
18.3256,19,STA,WIFI_DROP,
18.328,15,STA,WIFI_DROP,
18.328,19,STA,WIFI_DROP,
18.3304,15,STA,WIFI_DROP,
18.3304,19,STA,WIFI_DROP,
18.3328,15,STA,WIFI_DROP,
18.3328,19,STA,WIFI_DROP,
18.3352,15,STA,WIFI_DROP,
18.3352,19,STA,WIFI_DROP,
18.3376,15,STA,WIFI_DROP,
18.3376,19,STA,WIFI_DROP,
18.34,15,STA,WIFI_DROP,
18.34,19,STA,WIFI_DROP,
18.3424,15,STA,WIFI_DROP,
18.3424,19,STA,WIFI_DROP,
18.3448,15,STA,WIFI_DROP,
18.3448,19,STA,WIFI_DROP,
18.3472,15,STA,WIFI_DROP,
18.3472,19,STA,WIFI_DROP,
18.3496,15,STA,WIFI_DROP,
18.3496,19,STA,WIFI_DROP,
18.352,15,STA,WIFI_DROP,
18.352,19,STA,WIFI_DROP,
18.3544,15,STA,WIFI_DROP,
18.3544,19,STA,WIFI_DROP,
18.3568,15,STA,WIFI_DROP,
18.3568,19,STA,WIFI_DROP,
18.3592,15,STA,WIFI_DROP,
18.3592,19,STA,WIFI_DROP,
18.3616,15,STA,WIFI_DROP,
18.3616,19,STA,WIFI_DROP,
18.364,15,STA,WIFI_DROP,
18.364,19,STA,WIFI_DROP,
18.3664,15,STA,WIFI_DROP,
18.3664,19,STA,WIFI_DROP,
18.3688,15,STA,WIFI_DROP,
18.3688,19,STA,WIFI_DROP,
18.3712,15,STA,WIFI_DROP,
18.3712,19,STA,WIFI_DROP,
18.3736,15,STA,WIFI_DROP,
18.3736,19,STA,WIFI_DROP,
18.376,15,STA,WIFI_DROP,
18.376,19,STA,WIFI_DROP,
18.3784,15,STA,WIFI_DROP,
18.3784,19,STA,WIFI_DROP,
18.3808,15,STA,WIFI_DROP,
18.3808,19,STA,WIFI_DROP,
18.3832,15,STA,WIFI_DROP,
18.3832,19,STA,WIFI_DROP,
18.3856,15,STA,WIFI_DROP,
18.3856,19,STA,WIFI_DROP,
18.388,15,STA,WIFI_DROP,
18.388,19,STA,WIFI_DROP,
18.3904,15,STA,WIFI_DROP,
18.3904,19,STA,WIFI_DROP,
18.3928,15,STA,WIFI_DROP,
18.3928,19,STA,WIFI_DROP,
18.3952,15,STA,WIFI_DROP,
18.3952,19,STA,WIFI_DROP,
18.3976,15,STA,WIFI_DROP,
18.3976,19,STA,WIFI_DROP,
18.4,15,STA,WIFI_DROP,
18.4,19,STA,WIFI_DROP,
18.4024,15,STA,WIFI_DROP,
18.4024,19,STA,WIFI_DROP,
18.4048,15,STA,WIFI_DROP,
18.4048,19,STA,WIFI_DROP,
18.4072,15,STA,WIFI_DROP,
18.4072,19,STA,WIFI_DROP,
18.4096,15,STA,WIFI_DROP,
18.4096,19,STA,WIFI_DROP,
18.412,15,STA,WIFI_DROP,
18.412,19,STA,WIFI_DROP,
18.4144,15,STA,WIFI_DROP,
18.4144,19,STA,WIFI_DROP,
18.4168,15,STA,WIFI_DROP,
18.4168,19,STA,WIFI_DROP,
18.4192,15,STA,WIFI_DROP,
18.4192,19,STA,WIFI_DROP,
18.4216,15,STA,WIFI_DROP,
18.4216,19,STA,WIFI_DROP,
18.424,15,STA,WIFI_DROP,
18.424,19,STA,WIFI_DROP,
18.4264,15,STA,WIFI_DROP,
18.4264,19,STA,WIFI_DROP,
18.4288,15,STA,WIFI_DROP,
18.4288,19,STA,WIFI_DROP,
18.4312,15,STA,WIFI_DROP,
18.4312,19,STA,WIFI_DROP,
18.4336,15,STA,WIFI_DROP,
18.4336,19,STA,WIFI_DROP,
18.436,15,STA,WIFI_DROP,
18.436,19,STA,WIFI_DROP,
18.4384,15,STA,WIFI_DROP,
18.4384,19,STA,WIFI_DROP,
18.4408,15,STA,WIFI_DROP,
18.4408,19,STA,WIFI_DROP,
18.4432,19,STA,WIFI_DROP,
18.4456,19,STA,WIFI_DROP,
18.448,19,STA,WIFI_DROP,
18.4504,19,STA,WIFI_DROP,
18.4528,19,STA,WIFI_DROP,
18.4552,19,STA,WIFI_DROP,
18.4576,19,STA,WIFI_DROP,
18.46,19,STA,WIFI_DROP,
18.4624,19,STA,WIFI_DROP,
18.4648,19,STA,WIFI_DROP,
18.4672,19,STA,WIFI_DROP,
18.4696,19,STA,WIFI_DROP,
18.472,19,STA,WIFI_DROP,
18.4744,19,STA,WIFI_DROP,
18.4768,19,STA,WIFI_DROP,
18.4792,19,STA,WIFI_DROP,
18.4816,19,STA,WIFI_DROP,
18.484,19,STA,WIFI_DROP,
18.4864,19,STA,WIFI_DROP,
18.4888,19,STA,WIFI_DROP,
18.4912,19,STA,WIFI_DROP,
18.4936,19,STA,WIFI_DROP,
18.496,19,STA,WIFI_DROP,
18.4984,19,STA,WIFI_DROP,
18.5008,19,STA,WIFI_DROP,
18.5032,19,STA,WIFI_DROP,
18.5056,19,STA,WIFI_DROP,
18.508,19,STA,WIFI_DROP,
18.5104,19,STA,WIFI_DROP,
18.5128,19,STA,WIFI_DROP,
18.5152,19,STA,WIFI_DROP,
18.5176,19,STA,WIFI_DROP,
18.52,19,STA,WIFI_DROP,
18.5224,19,STA,WIFI_DROP,
18.5248,19,STA,WIFI_DROP,
18.5272,19,STA,WIFI_DROP,
18.5296,19,STA,WIFI_DROP,
18.532,19,STA,WIFI_DROP,
18.5344,19,STA,WIFI_DROP,
18.5368,19,STA,WIFI_DROP,
18.5392,19,STA,WIFI_DROP,
18.5416,19,STA,WIFI_DROP,
18.544,19,STA,WIFI_DROP,
18.5464,19,STA,WIFI_DROP,
18.5488,19,STA,WIFI_DROP,
18.5512,19,STA,WIFI_DROP,
18.5536,19,STA,WIFI_DROP,
18.556,19,STA,WIFI_DROP,
18.5584,19,STA,WIFI_DROP,
18.5608,19,STA,WIFI_DROP,
18.5632,19,STA,WIFI_DROP,
18.5656,19,STA,WIFI_DROP,
18.568,19,STA,WIFI_DROP,
18.5704,19,STA,WIFI_DROP,
18.5728,19,STA,WIFI_DROP,
18.5752,19,STA,WIFI_DROP,
18.5776,19,STA,WIFI_DROP,
18.58,19,STA,WIFI_DROP,
18.5824,19,STA,WIFI_DROP,
18.5848,19,STA,WIFI_DROP,
18.5872,19,STA,WIFI_DROP,
18.5896,19,STA,WIFI_DROP,
18.592,19,STA,WIFI_DROP,
18.5944,19,STA,WIFI_DROP,
18.5968,19,STA,WIFI_DROP,
18.5992,19,STA,WIFI_DROP,
18.6016,19,STA,WIFI_DROP,
18.604,19,STA,WIFI_DROP,
18.6064,19,STA,WIFI_DROP,
18.6088,19,STA,WIFI_DROP,
18.6112,19,STA,WIFI_DROP,
18.6136,19,STA,WIFI_DROP,
18.616,19,STA,WIFI_DROP,
18.6184,19,STA,WIFI_DROP,
18.6208,19,STA,WIFI_DROP,
18.6232,19,STA,WIFI_DROP,
18.6256,19,STA,WIFI_DROP,
18.628,19,STA,WIFI_DROP,
18.6304,19,STA,WIFI_DROP,
18.6328,19,STA,WIFI_DROP,
18.6352,19,STA,WIFI_DROP,
18.6376,19,STA,WIFI_DROP,
18.64,19,STA,WIFI_DROP,
18.6424,19,STA,WIFI_DROP,
18.6448,19,STA,WIFI_DROP,
18.6472,19,STA,WIFI_DROP,
18.6496,19,STA,WIFI_DROP,
18.652,19,STA,WIFI_DROP,
18.6544,19,STA,WIFI_DROP,
18.6568,19,STA,WIFI_DROP,
18.6592,19,STA,WIFI_DROP,
18.6616,19,STA,WIFI_DROP,
18.664,19,STA,WIFI_DROP,
18.6664,19,STA,WIFI_DROP,
18.6688,19,STA,WIFI_DROP,
18.6712,19,STA,WIFI_DROP,
18.6736,19,STA,WIFI_DROP,
18.676,19,STA,WIFI_DROP,
18.6784,19,STA,WIFI_DROP,
18.6808,19,STA,WIFI_DROP,
18.6832,19,STA,WIFI_DROP,
18.6856,19,STA,WIFI_DROP,
18.688,19,STA,WIFI_DROP,
18.6904,19,STA,WIFI_DROP,
18.6928,19,STA,WIFI_DROP,
18.6952,19,STA,WIFI_DROP,
18.6976,19,STA,WIFI_DROP,
18.7,19,STA,WIFI_DROP,
18.7024,19,STA,WIFI_DROP,
18.7048,19,STA,WIFI_DROP,
18.7072,19,STA,WIFI_DROP,
18.7096,19,STA,WIFI_DROP,
18.712,19,STA,WIFI_DROP,
18.7144,19,STA,WIFI_DROP,
18.7168,19,STA,WIFI_DROP,
18.7192,19,STA,WIFI_DROP,
18.7216,19,STA,WIFI_DROP,
18.724,19,STA,WIFI_DROP,
18.7264,19,STA,WIFI_DROP,
18.7288,19,STA,WIFI_DROP,
18.7312,19,STA,WIFI_DROP,
18.7336,19,STA,WIFI_DROP,
18.736,19,STA,WIFI_DROP,
18.7384,19,STA,WIFI_DROP,
18.7408,19,STA,WIFI_DROP,
18.7432,19,STA,WIFI_DROP,
18.7456,19,STA,WIFI_DROP,
18.748,19,STA,WIFI_DROP,
18.7504,19,STA,WIFI_DROP,
18.7528,19,STA,WIFI_DROP,
18.7552,19,STA,WIFI_DROP,
18.7576,19,STA,WIFI_DROP,
18.76,19,STA,WIFI_DROP,
18.7624,19,STA,WIFI_DROP,
18.7648,19,STA,WIFI_DROP,
18.7672,19,STA,WIFI_DROP,
18.7696,19,STA,WIFI_DROP,
18.772,12,STA,WIFI_DROP,
18.772,19,STA,WIFI_DROP,
18.7744,12,STA,WIFI_DROP,
18.7744,19,STA,WIFI_DROP,
18.7768,12,STA,WIFI_DROP,
18.7768,19,STA,WIFI_DROP,
18.7792,12,STA,WIFI_DROP,
18.7792,19,STA,WIFI_DROP,
18.7816,12,STA,WIFI_DROP,
18.7816,19,STA,WIFI_DROP,
18.784,12,STA,WIFI_DROP,
18.784,19,STA,WIFI_DROP,
18.7864,12,STA,WIFI_DROP,
18.7864,19,STA,WIFI_DROP,
18.7888,12,STA,WIFI_DROP,
18.7888,19,STA,WIFI_DROP,
18.7912,12,STA,WIFI_DROP,
18.7912,19,STA,WIFI_DROP,
18.7936,12,STA,WIFI_DROP,
18.7936,19,STA,WIFI_DROP,
18.796,12,STA,WIFI_DROP,
18.796,19,STA,WIFI_DROP,
18.7984,12,STA,WIFI_DROP,
18.7984,19,STA,WIFI_DROP,
18.8008,12,STA,WIFI_DROP,
18.8008,19,STA,WIFI_DROP,
18.8032,12,STA,WIFI_DROP,
18.8032,19,STA,WIFI_DROP,
18.8056,12,STA,WIFI_DROP,
18.8056,19,STA,WIFI_DROP,
18.808,12,STA,WIFI_DROP,
18.808,19,STA,WIFI_DROP,
18.8104,12,STA,WIFI_DROP,
18.8104,19,STA,WIFI_DROP,
18.8128,12,STA,WIFI_DROP,
18.8128,19,STA,WIFI_DROP,
18.8152,12,STA,WIFI_DROP,
18.8152,19,STA,WIFI_DROP,
18.8176,12,STA,WIFI_DROP,
18.8176,19,STA,WIFI_DROP,
18.82,7,STA,WIFI_DROP,
18.82,12,STA,WIFI_DROP,
18.82,19,STA,WIFI_DROP,
18.8224,7,STA,WIFI_DROP,
18.8224,12,STA,WIFI_DROP,
18.8224,19,STA,WIFI_DROP,
18.8248,7,STA,WIFI_DROP,
18.8248,12,STA,WIFI_DROP,
18.8248,19,STA,WIFI_DROP,
18.8272,7,STA,WIFI_DROP,
18.8272,12,STA,WIFI_DROP,
18.8272,19,STA,WIFI_DROP,
18.8296,7,STA,WIFI_DROP,
18.8296,12,STA,WIFI_DROP,
18.8296,19,STA,WIFI_DROP,
18.832,7,STA,WIFI_DROP,
18.832,12,STA,WIFI_DROP,
18.832,19,STA,WIFI_DROP,
18.8344,7,STA,WIFI_DROP,
18.8344,12,STA,WIFI_DROP,
18.8344,19,STA,WIFI_DROP,
18.8368,7,STA,WIFI_DROP,
18.8368,12,STA,WIFI_DROP,
18.8368,19,STA,WIFI_DROP,
18.8392,7,STA,WIFI_DROP,
18.8392,12,STA,WIFI_DROP,
18.8392,19,STA,WIFI_DROP,
18.8416,7,STA,WIFI_DROP,
18.8416,12,STA,WIFI_DROP,
18.8416,19,STA,WIFI_DROP,
18.844,7,STA,WIFI_DROP,
18.844,12,STA,WIFI_DROP,
18.844,19,STA,WIFI_DROP,
18.8464,7,STA,WIFI_DROP,
18.8464,12,STA,WIFI_DROP,
18.8464,19,STA,WIFI_DROP,
18.8488,7,STA,WIFI_DROP,
18.8488,12,STA,WIFI_DROP,
18.8488,19,STA,WIFI_DROP,
18.8512,7,STA,WIFI_DROP,
18.8512,12,STA,WIFI_DROP,
18.8512,19,STA,WIFI_DROP,
18.8536,7,STA,WIFI_DROP,
18.8536,12,STA,WIFI_DROP,
18.8536,19,STA,WIFI_DROP,
18.856,7,STA,WIFI_DROP,
18.856,12,STA,WIFI_DROP,
18.856,19,STA,WIFI_DROP,
18.8584,7,STA,WIFI_DROP,
18.8584,12,STA,WIFI_DROP,
18.8584,19,STA,WIFI_DROP,
18.8608,7,STA,WIFI_DROP,
18.8608,12,STA,WIFI_DROP,
18.8608,19,STA,WIFI_DROP,
18.8632,7,STA,WIFI_DROP,
18.8632,12,STA,WIFI_DROP,
18.8632,19,STA,WIFI_DROP,
18.8656,7,STA,WIFI_DROP,
18.8656,12,STA,WIFI_DROP,
18.8656,19,STA,WIFI_DROP,
18.868,7,STA,WIFI_DROP,
18.868,12,STA,WIFI_DROP,
18.868,19,STA,WIFI_DROP,
18.8704,7,STA,WIFI_DROP,
18.8704,12,STA,WIFI_DROP,
18.8704,19,STA,WIFI_DROP,
18.8728,7,STA,WIFI_DROP,
18.8728,12,STA,WIFI_DROP,
18.8728,19,STA,WIFI_DROP,
18.8752,7,STA,WIFI_DROP,
18.8752,12,STA,WIFI_DROP,
18.8752,19,STA,WIFI_DROP,
18.8776,7,STA,WIFI_DROP,
18.8776,12,STA,WIFI_DROP,
18.8776,19,STA,WIFI_DROP,
18.88,7,STA,WIFI_DROP,
18.88,12,STA,WIFI_DROP,
18.88,19,STA,WIFI_DROP,
18.8824,7,STA,WIFI_DROP,
18.8824,12,STA,WIFI_DROP,
18.8824,19,STA,WIFI_DROP,
18.8848,7,STA,WIFI_DROP,
18.8848,12,STA,WIFI_DROP,
18.8848,19,STA,WIFI_DROP,
18.8872,7,STA,WIFI_DROP,
18.8872,12,STA,WIFI_DROP,
18.8872,19,STA,WIFI_DROP,
18.8896,7,STA,WIFI_DROP,
18.8896,12,STA,WIFI_DROP,
18.8896,19,STA,WIFI_DROP,
18.892,7,STA,WIFI_DROP,
18.892,12,STA,WIFI_DROP,
18.892,19,STA,WIFI_DROP,
18.8944,7,STA,WIFI_DROP,
18.8944,12,STA,WIFI_DROP,
18.8944,19,STA,WIFI_DROP,
18.8968,7,STA,WIFI_DROP,
18.8968,12,STA,WIFI_DROP,
18.8968,19,STA,WIFI_DROP,
18.8992,7,STA,WIFI_DROP,
18.8992,12,STA,WIFI_DROP,
18.8992,19,STA,WIFI_DROP,
18.9016,7,STA,WIFI_DROP,
18.9016,12,STA,WIFI_DROP,
18.9016,19,STA,WIFI_DROP,
18.904,7,STA,WIFI_DROP,
18.904,12,STA,WIFI_DROP,
18.904,19,STA,WIFI_DROP,
18.9064,7,STA,WIFI_DROP,
18.9064,12,STA,WIFI_DROP,
18.9064,19,STA,WIFI_DROP,
18.9088,7,STA,WIFI_DROP,
18.9088,12,STA,WIFI_DROP,
18.9088,19,STA,WIFI_DROP,
18.9112,7,STA,WIFI_DROP,
18.9112,12,STA,WIFI_DROP,
18.9112,19,STA,WIFI_DROP,
18.9136,7,STA,WIFI_DROP,
18.9136,12,STA,WIFI_DROP,
18.9136,19,STA,WIFI_DROP,
18.916,7,STA,WIFI_DROP,
18.916,12,STA,WIFI_DROP,
18.916,19,STA,WIFI_DROP,
18.9184,7,STA,WIFI_DROP,
18.9184,12,STA,WIFI_DROP,
18.9184,19,STA,WIFI_DROP,
18.9208,7,STA,WIFI_DROP,
18.9208,12,STA,WIFI_DROP,
18.9208,19,STA,WIFI_DROP,
18.9232,7,STA,WIFI_DROP,
18.9232,12,STA,WIFI_DROP,
18.9232,19,STA,WIFI_DROP,
18.9256,7,STA,WIFI_DROP,
18.9256,12,STA,WIFI_DROP,
18.9256,19,STA,WIFI_DROP,
18.928,7,STA,WIFI_DROP,
18.928,12,STA,WIFI_DROP,
18.928,19,STA,WIFI_DROP,
18.9304,7,STA,WIFI_DROP,
18.9304,12,STA,WIFI_DROP,
18.9304,19,STA,WIFI_DROP,
18.9328,7,STA,WIFI_DROP,
18.9328,12,STA,WIFI_DROP,
18.9328,19,STA,WIFI_DROP,
18.9352,7,STA,WIFI_DROP,
18.9352,12,STA,WIFI_DROP,
18.9352,19,STA,WIFI_DROP,
18.9376,7,STA,WIFI_DROP,
18.9376,12,STA,WIFI_DROP,
18.9376,19,STA,WIFI_DROP,
18.94,7,STA,WIFI_DROP,
18.94,12,STA,WIFI_DROP,
18.94,19,STA,WIFI_DROP,
18.9424,7,STA,WIFI_DROP,
18.9424,12,STA,WIFI_DROP,
18.9424,19,STA,WIFI_DROP,
18.9448,7,STA,WIFI_DROP,
18.9448,12,STA,WIFI_DROP,
18.9448,19,STA,WIFI_DROP,
18.9472,7,STA,WIFI_DROP,
18.9472,12,STA,WIFI_DROP,
18.9472,19,STA,WIFI_DROP,
18.9496,7,STA,WIFI_DROP,
18.9496,12,STA,WIFI_DROP,
18.9496,19,STA,WIFI_DROP,
18.952,7,STA,WIFI_DROP,
18.952,12,STA,WIFI_DROP,
18.952,19,STA,WIFI_DROP,
18.9544,7,STA,WIFI_DROP,
18.9544,12,STA,WIFI_DROP,
18.9544,19,STA,WIFI_DROP,
18.9568,7,STA,WIFI_DROP,
18.9568,12,STA,WIFI_DROP,
18.9568,19,STA,WIFI_DROP,
18.9592,7,STA,WIFI_DROP,
18.9592,12,STA,WIFI_DROP,
18.9592,19,STA,WIFI_DROP,
18.9616,7,STA,WIFI_DROP,
18.9616,12,STA,WIFI_DROP,
18.9616,19,STA,WIFI_DROP,
18.964,7,STA,WIFI_DROP,
18.964,12,STA,WIFI_DROP,
18.964,19,STA,WIFI_DROP,
18.9664,7,STA,WIFI_DROP,
18.9664,12,STA,WIFI_DROP,
18.9664,19,STA,WIFI_DROP,
18.9688,7,STA,WIFI_DROP,
18.9688,12,STA,WIFI_DROP,
18.9688,19,STA,WIFI_DROP,
18.9712,7,STA,WIFI_DROP,
18.9712,12,STA,WIFI_DROP,
18.9712,19,STA,WIFI_DROP,
18.9736,7,STA,WIFI_DROP,
18.9736,12,STA,WIFI_DROP,
18.9736,19,STA,WIFI_DROP,
18.976,7,STA,WIFI_DROP,
18.976,12,STA,WIFI_DROP,
18.976,19,STA,WIFI_DROP,
18.9784,7,STA,WIFI_DROP,
18.9784,12,STA,WIFI_DROP,
18.9784,19,STA,WIFI_DROP,
18.9808,7,STA,WIFI_DROP,
18.9808,12,STA,WIFI_DROP,
18.9808,19,STA,WIFI_DROP,
18.9832,7,STA,WIFI_DROP,
18.9832,12,STA,WIFI_DROP,
18.9832,19,STA,WIFI_DROP,
18.9856,7,STA,WIFI_DROP,
18.9856,12,STA,WIFI_DROP,
18.9856,19,STA,WIFI_DROP,
18.988,7,STA,WIFI_DROP,
18.988,12,STA,WIFI_DROP,
18.988,19,STA,WIFI_DROP,
18.9904,7,STA,WIFI_DROP,
18.9904,12,STA,WIFI_DROP,
18.9904,19,STA,WIFI_DROP,
18.9928,7,STA,WIFI_DROP,
18.9928,12,STA,WIFI_DROP,
18.9928,19,STA,WIFI_DROP,
18.9952,7,STA,WIFI_DROP,
18.9952,12,STA,WIFI_DROP,
18.9952,19,STA,WIFI_DROP,
18.9976,7,STA,WIFI_DROP,
18.9976,12,STA,WIFI_DROP,
18.9976,19,STA,WIFI_DROP,
19,3,STA,THROUGHPUT_MBPS,0.744000
19,5,STA,THROUGHPUT_MBPS,0.768000
19,8,STA,THROUGHPUT_MBPS,0.480000
19,9,STA,THROUGHPUT_MBPS,1.284000
19,10,STA,THROUGHPUT_MBPS,2.244000
19,12,STA,THROUGHPUT_MBPS,0.276000
19,13,STA,THROUGHPUT_MBPS,0.180000
19,14,STA,THROUGHPUT_MBPS,1.812000
19,18,STA,THROUGHPUT_MBPS,0.408000
19,21,STA,THROUGHPUT_MBPS,1.752000
19,1,AP,AGGREGATE_THROUGHPUT_MBPS,9.948000
19,1,AP,SENT_COUNT,8320.000000
19,1,AP,RECV_COUNT,829.000000
19,1,AP,LATENCY_P95_MS,540.150880
19,7,STA,WIFI_DROP,
19,12,STA,WIFI_DROP,
19,19,STA,WIFI_DROP,
19.0024,7,STA,WIFI_DROP,
19.0024,12,STA,WIFI_DROP,
19.0024,19,STA,WIFI_DROP,
19.0048,7,STA,WIFI_DROP,
19.0048,12,STA,WIFI_DROP,
19.0048,19,STA,WIFI_DROP,
19.0072,7,STA,WIFI_DROP,
19.0072,12,STA,WIFI_DROP,
19.0072,19,STA,WIFI_DROP,
19.0096,7,STA,WIFI_DROP,
19.0096,12,STA,WIFI_DROP,
19.0096,19,STA,WIFI_DROP,
19.012,7,STA,WIFI_DROP,
19.012,12,STA,WIFI_DROP,
19.012,19,STA,WIFI_DROP,
19.0144,7,STA,WIFI_DROP,
19.0144,12,STA,WIFI_DROP,
19.0144,19,STA,WIFI_DROP,
19.0168,7,STA,WIFI_DROP,
19.0168,12,STA,WIFI_DROP,
19.0168,19,STA,WIFI_DROP,
19.0192,7,STA,WIFI_DROP,
19.0192,12,STA,WIFI_DROP,
19.0192,19,STA,WIFI_DROP,
19.0216,7,STA,WIFI_DROP,
19.0216,12,STA,WIFI_DROP,
19.0216,19,STA,WIFI_DROP,
19.024,7,STA,WIFI_DROP,
19.024,12,STA,WIFI_DROP,
19.024,19,STA,WIFI_DROP,
19.0264,7,STA,WIFI_DROP,
19.0264,12,STA,WIFI_DROP,
19.0264,19,STA,WIFI_DROP,
19.0288,7,STA,WIFI_DROP,
19.0288,12,STA,WIFI_DROP,
19.0288,19,STA,WIFI_DROP,
19.0312,7,STA,WIFI_DROP,
19.0312,12,STA,WIFI_DROP,
19.0312,19,STA,WIFI_DROP,
19.0336,7,STA,WIFI_DROP,
19.0336,12,STA,WIFI_DROP,
19.0336,19,STA,WIFI_DROP,
19.036,7,STA,WIFI_DROP,
19.036,12,STA,WIFI_DROP,
19.036,19,STA,WIFI_DROP,
19.0384,7,STA,WIFI_DROP,
19.0384,12,STA,WIFI_DROP,
19.0384,19,STA,WIFI_DROP,
19.0408,7,STA,WIFI_DROP,
19.0408,12,STA,WIFI_DROP,
19.0408,19,STA,WIFI_DROP,
19.0432,7,STA,WIFI_DROP,
19.0432,12,STA,WIFI_DROP,
19.0432,19,STA,WIFI_DROP,
19.0456,7,STA,WIFI_DROP,
19.0456,12,STA,WIFI_DROP,
19.0456,19,STA,WIFI_DROP,
19.048,7,STA,WIFI_DROP,
19.048,12,STA,WIFI_DROP,
19.048,19,STA,WIFI_DROP,
19.0504,7,STA,WIFI_DROP,
19.0504,12,STA,WIFI_DROP,
19.0504,19,STA,WIFI_DROP,
19.0528,7,STA,WIFI_DROP,
19.0528,12,STA,WIFI_DROP,
19.0528,19,STA,WIFI_DROP,
19.0552,7,STA,WIFI_DROP,
19.0552,12,STA,WIFI_DROP,
19.0552,19,STA,WIFI_DROP,
19.0576,7,STA,WIFI_DROP,
19.0576,12,STA,WIFI_DROP,
19.0576,19,STA,WIFI_DROP,
19.06,7,STA,WIFI_DROP,
19.06,12,STA,WIFI_DROP,
19.06,19,STA,WIFI_DROP,
19.0624,7,STA,WIFI_DROP,
19.0624,12,STA,WIFI_DROP,
19.0624,19,STA,WIFI_DROP,
19.0648,7,STA,WIFI_DROP,
19.0648,12,STA,WIFI_DROP,
19.0648,19,STA,WIFI_DROP,
19.0672,7,STA,WIFI_DROP,
19.0672,12,STA,WIFI_DROP,
19.0672,19,STA,WIFI_DROP,
19.0696,7,STA,WIFI_DROP,
19.0696,12,STA,WIFI_DROP,
19.0696,19,STA,WIFI_DROP,
19.072,7,STA,WIFI_DROP,
19.072,12,STA,WIFI_DROP,
19.072,19,STA,WIFI_DROP,
19.0744,7,STA,WIFI_DROP,
19.0744,12,STA,WIFI_DROP,
19.0744,19,STA,WIFI_DROP,
19.0768,7,STA,WIFI_DROP,
19.0768,12,STA,WIFI_DROP,
19.0768,19,STA,WIFI_DROP,
19.0792,7,STA,WIFI_DROP,
19.0792,12,STA,WIFI_DROP,
19.0792,19,STA,WIFI_DROP,
19.0816,7,STA,WIFI_DROP,
19.0816,8,STA,WIFI_DROP,
19.0816,12,STA,WIFI_DROP,
19.0816,19,STA,WIFI_DROP,
19.084,7,STA,WIFI_DROP,
19.084,8,STA,WIFI_DROP,
19.084,12,STA,WIFI_DROP,
19.084,19,STA,WIFI_DROP,
19.0864,7,STA,WIFI_DROP,
19.0864,8,STA,WIFI_DROP,
19.0864,12,STA,WIFI_DROP,
19.0864,19,STA,WIFI_DROP,
19.0888,7,STA,WIFI_DROP,
19.0888,8,STA,WIFI_DROP,
19.0888,12,STA,WIFI_DROP,
19.0888,19,STA,WIFI_DROP,
19.0912,7,STA,WIFI_DROP,
19.0912,8,STA,WIFI_DROP,
19.0912,12,STA,WIFI_DROP,
19.0912,19,STA,WIFI_DROP,
19.0936,7,STA,WIFI_DROP,
19.0936,8,STA,WIFI_DROP,
19.0936,12,STA,WIFI_DROP,
19.0936,19,STA,WIFI_DROP,
19.096,7,STA,WIFI_DROP,
19.096,8,STA,WIFI_DROP,
19.096,12,STA,WIFI_DROP,
19.096,19,STA,WIFI_DROP,
19.0984,7,STA,WIFI_DROP,
19.0984,8,STA,WIFI_DROP,
19.0984,12,STA,WIFI_DROP,
19.0984,19,STA,WIFI_DROP,
19.1008,7,STA,WIFI_DROP,
19.1008,8,STA,WIFI_DROP,
19.1008,12,STA,WIFI_DROP,
19.1008,19,STA,WIFI_DROP,
19.1032,7,STA,WIFI_DROP,
19.1032,8,STA,WIFI_DROP,
19.1032,12,STA,WIFI_DROP,
19.1032,19,STA,WIFI_DROP,
19.1056,7,STA,WIFI_DROP,
19.1056,8,STA,WIFI_DROP,
19.1056,12,STA,WIFI_DROP,
19.1056,19,STA,WIFI_DROP,
19.108,7,STA,WIFI_DROP,
19.108,8,STA,WIFI_DROP,
19.108,12,STA,WIFI_DROP,
19.108,19,STA,WIFI_DROP,
19.1104,7,STA,WIFI_DROP,
19.1104,8,STA,WIFI_DROP,
19.1104,12,STA,WIFI_DROP,
19.1104,19,STA,WIFI_DROP,
19.1128,7,STA,WIFI_DROP,
19.1128,8,STA,WIFI_DROP,
19.1128,12,STA,WIFI_DROP,
19.1128,19,STA,WIFI_DROP,
19.1152,7,STA,WIFI_DROP,
19.1152,8,STA,WIFI_DROP,
19.1152,12,STA,WIFI_DROP,
19.1152,19,STA,WIFI_DROP,
19.1176,7,STA,WIFI_DROP,
19.1176,8,STA,WIFI_DROP,
19.1176,12,STA,WIFI_DROP,
19.1176,19,STA,WIFI_DROP,
19.12,7,STA,WIFI_DROP,
19.12,8,STA,WIFI_DROP,
19.12,12,STA,WIFI_DROP,
19.12,19,STA,WIFI_DROP,
19.1224,7,STA,WIFI_DROP,
19.1224,8,STA,WIFI_DROP,
19.1224,12,STA,WIFI_DROP,
19.1224,19,STA,WIFI_DROP,
19.1248,7,STA,WIFI_DROP,
19.1248,8,STA,WIFI_DROP,
19.1248,12,STA,WIFI_DROP,
19.1248,19,STA,WIFI_DROP,
19.1272,7,STA,WIFI_DROP,
19.1272,8,STA,WIFI_DROP,
19.1272,12,STA,WIFI_DROP,
19.1272,19,STA,WIFI_DROP,
19.1296,7,STA,WIFI_DROP,
19.1296,8,STA,WIFI_DROP,
19.1296,12,STA,WIFI_DROP,
19.1296,19,STA,WIFI_DROP,
19.132,7,STA,WIFI_DROP,
19.132,8,STA,WIFI_DROP,
19.132,12,STA,WIFI_DROP,
19.132,19,STA,WIFI_DROP,
19.1344,7,STA,WIFI_DROP,
19.1344,8,STA,WIFI_DROP,
19.1344,12,STA,WIFI_DROP,
19.1344,19,STA,WIFI_DROP,
19.1368,7,STA,WIFI_DROP,
19.1368,8,STA,WIFI_DROP,
19.1368,12,STA,WIFI_DROP,
19.1368,19,STA,WIFI_DROP,
19.1392,7,STA,WIFI_DROP,
19.1392,8,STA,WIFI_DROP,
19.1392,12,STA,WIFI_DROP,
19.1392,19,STA,WIFI_DROP,
19.1416,7,STA,WIFI_DROP,
19.1416,8,STA,WIFI_DROP,
19.1416,12,STA,WIFI_DROP,
19.1416,19,STA,WIFI_DROP,
19.144,7,STA,WIFI_DROP,
19.144,8,STA,WIFI_DROP,
19.144,12,STA,WIFI_DROP,
19.144,19,STA,WIFI_DROP,
19.1464,7,STA,WIFI_DROP,
19.1464,8,STA,WIFI_DROP,
19.1464,12,STA,WIFI_DROP,
19.1464,19,STA,WIFI_DROP,
19.1488,7,STA,WIFI_DROP,
19.1488,8,STA,WIFI_DROP,
19.1488,12,STA,WIFI_DROP,
19.1488,19,STA,WIFI_DROP,
19.1512,7,STA,WIFI_DROP,
19.1512,8,STA,WIFI_DROP,
19.1512,12,STA,WIFI_DROP,
19.1512,19,STA,WIFI_DROP,
19.1536,7,STA,WIFI_DROP,
19.1536,8,STA,WIFI_DROP,
19.1536,12,STA,WIFI_DROP,
19.1536,19,STA,WIFI_DROP,
19.156,7,STA,WIFI_DROP,
19.156,8,STA,WIFI_DROP,
19.156,12,STA,WIFI_DROP,
19.156,19,STA,WIFI_DROP,
19.1584,7,STA,WIFI_DROP,
19.1584,8,STA,WIFI_DROP,
19.1584,12,STA,WIFI_DROP,
19.1584,19,STA,WIFI_DROP,
19.1608,7,STA,WIFI_DROP,
19.1608,8,STA,WIFI_DROP,
19.1608,12,STA,WIFI_DROP,
19.1608,19,STA,WIFI_DROP,
19.1632,7,STA,WIFI_DROP,
19.1632,8,STA,WIFI_DROP,
19.1632,12,STA,WIFI_DROP,
19.1632,19,STA,WIFI_DROP,
19.1656,7,STA,WIFI_DROP,
19.1656,8,STA,WIFI_DROP,
19.1656,12,STA,WIFI_DROP,
19.1656,19,STA,WIFI_DROP,
19.168,7,STA,WIFI_DROP,
19.168,8,STA,WIFI_DROP,
19.168,12,STA,WIFI_DROP,
19.168,19,STA,WIFI_DROP,
19.1704,7,STA,WIFI_DROP,
19.1704,8,STA,WIFI_DROP,
19.1704,12,STA,WIFI_DROP,
19.1704,19,STA,WIFI_DROP,
19.1728,7,STA,WIFI_DROP,
19.1728,8,STA,WIFI_DROP,
19.1728,12,STA,WIFI_DROP,
19.1728,19,STA,WIFI_DROP,
19.1752,7,STA,WIFI_DROP,
19.1752,8,STA,WIFI_DROP,
19.1752,12,STA,WIFI_DROP,
19.1752,19,STA,WIFI_DROP,
19.1776,7,STA,WIFI_DROP,
19.1776,8,STA,WIFI_DROP,
19.1776,12,STA,WIFI_DROP,
19.1776,19,STA,WIFI_DROP,
19.18,7,STA,WIFI_DROP,
19.18,8,STA,WIFI_DROP,
19.18,12,STA,WIFI_DROP,
19.18,19,STA,WIFI_DROP,
19.1824,7,STA,WIFI_DROP,
19.1824,8,STA,WIFI_DROP,
19.1824,12,STA,WIFI_DROP,
19.1824,19,STA,WIFI_DROP,
19.1848,7,STA,WIFI_DROP,
19.1848,8,STA,WIFI_DROP,
19.1848,12,STA,WIFI_DROP,
19.1848,19,STA,WIFI_DROP,
19.1872,7,STA,WIFI_DROP,
19.1872,8,STA,WIFI_DROP,
19.1872,12,STA,WIFI_DROP,
19.1872,19,STA,WIFI_DROP,
19.1896,7,STA,WIFI_DROP,
19.1896,8,STA,WIFI_DROP,
19.1896,12,STA,WIFI_DROP,
19.1896,19,STA,WIFI_DROP,
19.192,7,STA,WIFI_DROP,
19.192,8,STA,WIFI_DROP,
19.192,12,STA,WIFI_DROP,
19.192,19,STA,WIFI_DROP,
19.1944,7,STA,WIFI_DROP,
19.1944,8,STA,WIFI_DROP,
19.1944,12,STA,WIFI_DROP,
19.1944,19,STA,WIFI_DROP,
19.1968,7,STA,WIFI_DROP,
19.1968,8,STA,WIFI_DROP,
19.1968,12,STA,WIFI_DROP,
19.1968,19,STA,WIFI_DROP,
19.1992,7,STA,WIFI_DROP,
19.1992,8,STA,WIFI_DROP,
19.1992,12,STA,WIFI_DROP,
19.1992,19,STA,WIFI_DROP,
19.2016,7,STA,WIFI_DROP,
19.2016,8,STA,WIFI_DROP,
19.2016,12,STA,WIFI_DROP,
19.2016,19,STA,WIFI_DROP,
19.204,7,STA,WIFI_DROP,
19.204,8,STA,WIFI_DROP,
19.204,12,STA,WIFI_DROP,
19.204,19,STA,WIFI_DROP,
19.2064,7,STA,WIFI_DROP,
19.2064,8,STA,WIFI_DROP,
19.2064,12,STA,WIFI_DROP,
19.2064,19,STA,WIFI_DROP,
19.2088,7,STA,WIFI_DROP,
19.2088,8,STA,WIFI_DROP,
19.2088,12,STA,WIFI_DROP,
19.2088,19,STA,WIFI_DROP,
19.2112,7,STA,WIFI_DROP,
19.2112,8,STA,WIFI_DROP,
19.2112,12,STA,WIFI_DROP,
19.2112,19,STA,WIFI_DROP,
19.2136,7,STA,WIFI_DROP,
19.2136,8,STA,WIFI_DROP,
19.2136,12,STA,WIFI_DROP,
19.2136,19,STA,WIFI_DROP,
19.216,7,STA,WIFI_DROP,
19.216,8,STA,WIFI_DROP,
19.216,12,STA,WIFI_DROP,
19.216,19,STA,WIFI_DROP,
19.2184,7,STA,WIFI_DROP,
19.2184,8,STA,WIFI_DROP,
19.2184,12,STA,WIFI_DROP,
19.2184,19,STA,WIFI_DROP,
19.2208,7,STA,WIFI_DROP,
19.2208,8,STA,WIFI_DROP,
19.2208,12,STA,WIFI_DROP,
19.2208,19,STA,WIFI_DROP,
19.2232,7,STA,WIFI_DROP,
19.2232,8,STA,WIFI_DROP,
19.2232,12,STA,WIFI_DROP,
19.2232,19,STA,WIFI_DROP,
19.2256,7,STA,WIFI_DROP,
19.2256,8,STA,WIFI_DROP,
19.2256,12,STA,WIFI_DROP,
19.2256,19,STA,WIFI_DROP,
19.228,7,STA,WIFI_DROP,
19.228,8,STA,WIFI_DROP,
19.228,12,STA,WIFI_DROP,
19.228,19,STA,WIFI_DROP,
19.2304,7,STA,WIFI_DROP,
19.2304,8,STA,WIFI_DROP,
19.2304,12,STA,WIFI_DROP,
19.2304,19,STA,WIFI_DROP,
19.2328,7,STA,WIFI_DROP,
19.2328,8,STA,WIFI_DROP,
19.2328,12,STA,WIFI_DROP,
19.2328,19,STA,WIFI_DROP,
19.2352,7,STA,WIFI_DROP,
19.2352,8,STA,WIFI_DROP,
19.2352,12,STA,WIFI_DROP,
19.2352,19,STA,WIFI_DROP,
19.2376,7,STA,WIFI_DROP,
19.2376,8,STA,WIFI_DROP,
19.2376,12,STA,WIFI_DROP,
19.2376,19,STA,WIFI_DROP,
19.24,7,STA,WIFI_DROP,
19.24,8,STA,WIFI_DROP,
19.24,12,STA,WIFI_DROP,
19.24,19,STA,WIFI_DROP,
19.2424,7,STA,WIFI_DROP,
19.2424,8,STA,WIFI_DROP,
19.2424,12,STA,WIFI_DROP,
19.2424,19,STA,WIFI_DROP,
19.2448,7,STA,WIFI_DROP,
19.2448,8,STA,WIFI_DROP,
19.2448,12,STA,WIFI_DROP,
19.2448,19,STA,WIFI_DROP,
19.2472,7,STA,WIFI_DROP,
19.2472,8,STA,WIFI_DROP,
19.2472,12,STA,WIFI_DROP,
19.2472,19,STA,WIFI_DROP,
19.2496,7,STA,WIFI_DROP,
19.2496,8,STA,WIFI_DROP,
19.2496,12,STA,WIFI_DROP,
19.2496,19,STA,WIFI_DROP,
19.252,7,STA,WIFI_DROP,
19.252,8,STA,WIFI_DROP,
19.252,12,STA,WIFI_DROP,
19.252,19,STA,WIFI_DROP,
19.2544,7,STA,WIFI_DROP,
19.2544,8,STA,WIFI_DROP,
19.2544,12,STA,WIFI_DROP,
19.2544,19,STA,WIFI_DROP,
19.2568,7,STA,WIFI_DROP,
19.2568,8,STA,WIFI_DROP,
19.2568,12,STA,WIFI_DROP,
19.2568,19,STA,WIFI_DROP,
19.2592,7,STA,WIFI_DROP,
19.2592,8,STA,WIFI_DROP,
19.2592,12,STA,WIFI_DROP,
19.2592,19,STA,WIFI_DROP,
19.2616,7,STA,WIFI_DROP,
19.2616,8,STA,WIFI_DROP,
19.2616,12,STA,WIFI_DROP,
19.2616,19,STA,WIFI_DROP,
19.264,7,STA,WIFI_DROP,
19.264,8,STA,WIFI_DROP,
19.264,12,STA,WIFI_DROP,
19.264,19,STA,WIFI_DROP,
19.2664,7,STA,WIFI_DROP,
19.2664,8,STA,WIFI_DROP,
19.2664,12,STA,WIFI_DROP,
19.2664,19,STA,WIFI_DROP,
19.2688,7,STA,WIFI_DROP,
19.2688,8,STA,WIFI_DROP,
19.2688,12,STA,WIFI_DROP,
19.2688,19,STA,WIFI_DROP,
19.2712,7,STA,WIFI_DROP,
19.2712,8,STA,WIFI_DROP,
19.2712,12,STA,WIFI_DROP,
19.2712,19,STA,WIFI_DROP,
19.2736,7,STA,WIFI_DROP,
19.2736,8,STA,WIFI_DROP,
19.2736,12,STA,WIFI_DROP,
19.2736,19,STA,WIFI_DROP,
19.276,7,STA,WIFI_DROP,
19.276,8,STA,WIFI_DROP,
19.276,12,STA,WIFI_DROP,
19.276,19,STA,WIFI_DROP,
19.2784,7,STA,WIFI_DROP,
19.2784,8,STA,WIFI_DROP,
19.2784,12,STA,WIFI_DROP,
19.2784,19,STA,WIFI_DROP,
19.2808,7,STA,WIFI_DROP,
19.2808,8,STA,WIFI_DROP,
19.2808,12,STA,WIFI_DROP,
19.2808,19,STA,WIFI_DROP,
19.2832,7,STA,WIFI_DROP,
19.2832,8,STA,WIFI_DROP,
19.2832,12,STA,WIFI_DROP,
19.2832,19,STA,WIFI_DROP,
19.2856,7,STA,WIFI_DROP,
19.2856,8,STA,WIFI_DROP,
19.2856,12,STA,WIFI_DROP,
19.2856,19,STA,WIFI_DROP,
19.288,7,STA,WIFI_DROP,
19.288,8,STA,WIFI_DROP,
19.288,12,STA,WIFI_DROP,
19.288,19,STA,WIFI_DROP,
19.2904,7,STA,WIFI_DROP,
19.2904,8,STA,WIFI_DROP,
19.2904,12,STA,WIFI_DROP,
19.2904,19,STA,WIFI_DROP,
19.2928,7,STA,WIFI_DROP,
19.2928,8,STA,WIFI_DROP,
19.2928,12,STA,WIFI_DROP,
19.2928,19,STA,WIFI_DROP,
19.2952,7,STA,WIFI_DROP,
19.2952,8,STA,WIFI_DROP,
19.2952,12,STA,WIFI_DROP,
19.2952,19,STA,WIFI_DROP,
19.2976,7,STA,WIFI_DROP,
19.2976,8,STA,WIFI_DROP,
19.2976,12,STA,WIFI_DROP,
19.2976,19,STA,WIFI_DROP,
19.3,7,STA,WIFI_DROP,
19.3,8,STA,WIFI_DROP,
19.3,12,STA,WIFI_DROP,
19.3,19,STA,WIFI_DROP,
19.3024,7,STA,WIFI_DROP,
19.3024,8,STA,WIFI_DROP,
19.3024,12,STA,WIFI_DROP,
19.3024,19,STA,WIFI_DROP,
19.3048,7,STA,WIFI_DROP,
19.3048,8,STA,WIFI_DROP,
19.3048,12,STA,WIFI_DROP,
19.3048,19,STA,WIFI_DROP,
19.3072,7,STA,WIFI_DROP,
19.3072,8,STA,WIFI_DROP,
19.3072,12,STA,WIFI_DROP,
19.3072,19,STA,WIFI_DROP,
19.3096,7,STA,WIFI_DROP,
19.3096,8,STA,WIFI_DROP,
19.3096,12,STA,WIFI_DROP,
19.3096,19,STA,WIFI_DROP,
19.312,7,STA,WIFI_DROP,
19.312,8,STA,WIFI_DROP,
19.312,12,STA,WIFI_DROP,
19.312,19,STA,WIFI_DROP,
19.3144,7,STA,WIFI_DROP,
19.3144,8,STA,WIFI_DROP,
19.3144,12,STA,WIFI_DROP,
19.3144,19,STA,WIFI_DROP,
19.3168,7,STA,WIFI_DROP,
19.3168,8,STA,WIFI_DROP,
19.3168,12,STA,WIFI_DROP,
19.3168,19,STA,WIFI_DROP,
19.3192,7,STA,WIFI_DROP,
19.3192,8,STA,WIFI_DROP,
19.3192,12,STA,WIFI_DROP,
19.3192,19,STA,WIFI_DROP,
19.3216,7,STA,WIFI_DROP,
19.3216,8,STA,WIFI_DROP,
19.3216,12,STA,WIFI_DROP,
19.3216,19,STA,WIFI_DROP,
19.324,7,STA,WIFI_DROP,
19.324,8,STA,WIFI_DROP,
19.324,12,STA,WIFI_DROP,
19.324,19,STA,WIFI_DROP,
19.3264,7,STA,WIFI_DROP,
19.3264,8,STA,WIFI_DROP,
19.3264,12,STA,WIFI_DROP,
19.3264,19,STA,WIFI_DROP,
19.3288,7,STA,WIFI_DROP,
19.3288,8,STA,WIFI_DROP,
19.3288,12,STA,WIFI_DROP,
19.3288,19,STA,WIFI_DROP,
19.3312,7,STA,WIFI_DROP,
19.3312,8,STA,WIFI_DROP,
19.3312,12,STA,WIFI_DROP,
19.3312,19,STA,WIFI_DROP,
19.3336,7,STA,WIFI_DROP,
19.3336,8,STA,WIFI_DROP,
19.3336,12,STA,WIFI_DROP,
19.3336,19,STA,WIFI_DROP,
19.336,7,STA,WIFI_DROP,
19.336,8,STA,WIFI_DROP,
19.336,12,STA,WIFI_DROP,
19.336,13,STA,WIFI_DROP,
19.336,19,STA,WIFI_DROP,
19.3384,7,STA,WIFI_DROP,
19.3384,8,STA,WIFI_DROP,
19.3384,12,STA,WIFI_DROP,
19.3384,13,STA,WIFI_DROP,
19.3384,19,STA,WIFI_DROP,
19.3408,7,STA,WIFI_DROP,
19.3408,8,STA,WIFI_DROP,
19.3408,12,STA,WIFI_DROP,
19.3408,13,STA,WIFI_DROP,
19.3408,19,STA,WIFI_DROP,
19.3432,7,STA,WIFI_DROP,
19.3432,8,STA,WIFI_DROP,
19.3432,12,STA,WIFI_DROP,
19.3432,13,STA,WIFI_DROP,
19.3432,19,STA,WIFI_DROP,
19.3456,7,STA,WIFI_DROP,
19.3456,8,STA,WIFI_DROP,
19.3456,12,STA,WIFI_DROP,
19.3456,13,STA,WIFI_DROP,
19.3456,19,STA,WIFI_DROP,
19.348,7,STA,WIFI_DROP,
19.348,8,STA,WIFI_DROP,
19.348,12,STA,WIFI_DROP,
19.348,13,STA,WIFI_DROP,
19.348,19,STA,WIFI_DROP,
19.3504,7,STA,WIFI_DROP,
19.3504,8,STA,WIFI_DROP,
19.3504,12,STA,WIFI_DROP,
19.3504,13,STA,WIFI_DROP,
19.3504,19,STA,WIFI_DROP,
19.3528,7,STA,WIFI_DROP,
19.3528,8,STA,WIFI_DROP,
19.3528,12,STA,WIFI_DROP,
19.3528,13,STA,WIFI_DROP,
19.3528,19,STA,WIFI_DROP,
19.3552,7,STA,WIFI_DROP,
19.3552,8,STA,WIFI_DROP,
19.3552,12,STA,WIFI_DROP,
19.3552,13,STA,WIFI_DROP,
19.3552,19,STA,WIFI_DROP,
19.3576,7,STA,WIFI_DROP,
19.3576,8,STA,WIFI_DROP,
19.3576,12,STA,WIFI_DROP,
19.3576,13,STA,WIFI_DROP,
19.3576,19,STA,WIFI_DROP,
19.36,7,STA,WIFI_DROP,
19.36,8,STA,WIFI_DROP,
19.36,12,STA,WIFI_DROP,
19.36,13,STA,WIFI_DROP,
19.36,19,STA,WIFI_DROP,
19.3624,7,STA,WIFI_DROP,
19.3624,8,STA,WIFI_DROP,
19.3624,12,STA,WIFI_DROP,
19.3624,13,STA,WIFI_DROP,
19.3624,19,STA,WIFI_DROP,
19.3648,7,STA,WIFI_DROP,
19.3648,8,STA,WIFI_DROP,
19.3648,12,STA,WIFI_DROP,
19.3648,13,STA,WIFI_DROP,
19.3648,19,STA,WIFI_DROP,
19.3672,7,STA,WIFI_DROP,
19.3672,8,STA,WIFI_DROP,
19.3672,12,STA,WIFI_DROP,
19.3672,13,STA,WIFI_DROP,
19.3672,19,STA,WIFI_DROP,
19.3696,8,STA,WIFI_DROP,
19.3696,12,STA,WIFI_DROP,
19.3696,13,STA,WIFI_DROP,
19.3696,19,STA,WIFI_DROP,
19.372,8,STA,WIFI_DROP,
19.372,12,STA,WIFI_DROP,
19.372,13,STA,WIFI_DROP,
19.372,19,STA,WIFI_DROP,
19.3744,8,STA,WIFI_DROP,
19.3744,12,STA,WIFI_DROP,
19.3744,13,STA,WIFI_DROP,
19.3744,19,STA,WIFI_DROP,
19.3768,8,STA,WIFI_DROP,
19.3768,12,STA,WIFI_DROP,
19.3768,13,STA,WIFI_DROP,
19.3768,19,STA,WIFI_DROP,
19.3792,8,STA,WIFI_DROP,
19.3792,12,STA,WIFI_DROP,
19.3792,13,STA,WIFI_DROP,
19.3792,19,STA,WIFI_DROP,
19.3816,8,STA,WIFI_DROP,
19.3816,12,STA,WIFI_DROP,
19.3816,13,STA,WIFI_DROP,
19.3816,19,STA,WIFI_DROP,
19.384,8,STA,WIFI_DROP,
19.384,12,STA,WIFI_DROP,
19.384,13,STA,WIFI_DROP,
19.384,19,STA,WIFI_DROP,
19.3864,8,STA,WIFI_DROP,
19.3864,12,STA,WIFI_DROP,
19.3864,13,STA,WIFI_DROP,
19.3864,19,STA,WIFI_DROP,
19.3888,8,STA,WIFI_DROP,
19.3888,12,STA,WIFI_DROP,
19.3888,13,STA,WIFI_DROP,
19.3888,19,STA,WIFI_DROP,
19.3912,8,STA,WIFI_DROP,
19.3912,12,STA,WIFI_DROP,
19.3912,13,STA,WIFI_DROP,
19.3912,19,STA,WIFI_DROP,
19.3936,8,STA,WIFI_DROP,
19.3936,12,STA,WIFI_DROP,
19.3936,13,STA,WIFI_DROP,
19.3936,19,STA,WIFI_DROP,
19.396,8,STA,WIFI_DROP,
19.396,12,STA,WIFI_DROP,
19.396,13,STA,WIFI_DROP,
19.396,19,STA,WIFI_DROP,
19.3984,8,STA,WIFI_DROP,
19.3984,12,STA,WIFI_DROP,
19.3984,13,STA,WIFI_DROP,
19.3984,19,STA,WIFI_DROP,
19.4008,8,STA,WIFI_DROP,
19.4008,12,STA,WIFI_DROP,
19.4008,13,STA,WIFI_DROP,
19.4008,19,STA,WIFI_DROP,
19.4032,8,STA,WIFI_DROP,
19.4032,12,STA,WIFI_DROP,
19.4032,13,STA,WIFI_DROP,
19.4032,19,STA,WIFI_DROP,
19.4056,8,STA,WIFI_DROP,
19.4056,12,STA,WIFI_DROP,
19.4056,13,STA,WIFI_DROP,
19.4056,19,STA,WIFI_DROP,
19.408,8,STA,WIFI_DROP,
19.408,12,STA,WIFI_DROP,
19.408,13,STA,WIFI_DROP,
19.408,19,STA,WIFI_DROP,
19.4104,8,STA,WIFI_DROP,
19.4104,12,STA,WIFI_DROP,
19.4104,13,STA,WIFI_DROP,
19.4104,19,STA,WIFI_DROP,
19.4128,8,STA,WIFI_DROP,
19.4128,12,STA,WIFI_DROP,
19.4128,13,STA,WIFI_DROP,
19.4128,19,STA,WIFI_DROP,
19.4152,8,STA,WIFI_DROP,
19.4152,12,STA,WIFI_DROP,
19.4152,13,STA,WIFI_DROP,
19.4152,19,STA,WIFI_DROP,
19.4176,8,STA,WIFI_DROP,
19.4176,12,STA,WIFI_DROP,
19.4176,13,STA,WIFI_DROP,
19.4176,19,STA,WIFI_DROP,
19.42,8,STA,WIFI_DROP,
19.42,12,STA,WIFI_DROP,
19.42,13,STA,WIFI_DROP,
19.42,19,STA,WIFI_DROP,
19.4224,8,STA,WIFI_DROP,
19.4224,12,STA,WIFI_DROP,
19.4224,13,STA,WIFI_DROP,
19.4224,19,STA,WIFI_DROP,
19.4248,8,STA,WIFI_DROP,
19.4248,13,STA,WIFI_DROP,
19.4248,19,STA,WIFI_DROP,
19.4272,8,STA,WIFI_DROP,
19.4272,13,STA,WIFI_DROP,
19.4272,19,STA,WIFI_DROP,
19.4296,8,STA,WIFI_DROP,
19.4296,13,STA,WIFI_DROP,
19.4296,19,STA,WIFI_DROP,
19.432,8,STA,WIFI_DROP,
19.432,13,STA,WIFI_DROP,
19.432,19,STA,WIFI_DROP,
19.4344,8,STA,WIFI_DROP,
19.4344,13,STA,WIFI_DROP,
19.4344,19,STA,WIFI_DROP,
19.4368,8,STA,WIFI_DROP,
19.4368,13,STA,WIFI_DROP,
19.4368,19,STA,WIFI_DROP,
19.4392,8,STA,WIFI_DROP,
19.4392,19,STA,WIFI_DROP,
19.4416,8,STA,WIFI_DROP,
19.4416,19,STA,WIFI_DROP,
19.444,8,STA,WIFI_DROP,
19.444,19,STA,WIFI_DROP,
19.4464,8,STA,WIFI_DROP,
19.4464,19,STA,WIFI_DROP,
19.4488,8,STA,WIFI_DROP,
19.4488,19,STA,WIFI_DROP,
19.4512,8,STA,WIFI_DROP,
19.4512,19,STA,WIFI_DROP,
19.4536,8,STA,WIFI_DROP,
19.4536,19,STA,WIFI_DROP,
19.456,8,STA,WIFI_DROP,
19.456,19,STA,WIFI_DROP,
19.4584,8,STA,WIFI_DROP,
19.4584,19,STA,WIFI_DROP,
19.4608,8,STA,WIFI_DROP,
19.4608,19,STA,WIFI_DROP,
19.4632,8,STA,WIFI_DROP,
19.4632,19,STA,WIFI_DROP,
19.4656,8,STA,WIFI_DROP,
19.4656,19,STA,WIFI_DROP,
19.468,8,STA,WIFI_DROP,
19.468,19,STA,WIFI_DROP,
19.4704,8,STA,WIFI_DROP,
19.4704,19,STA,WIFI_DROP,
19.4728,8,STA,WIFI_DROP,
19.4728,19,STA,WIFI_DROP,
19.4752,8,STA,WIFI_DROP,
19.4752,19,STA,WIFI_DROP,
19.4776,8,STA,WIFI_DROP,
19.4776,19,STA,WIFI_DROP,
19.48,8,STA,WIFI_DROP,
19.48,19,STA,WIFI_DROP,
19.4824,8,STA,WIFI_DROP,
19.4824,19,STA,WIFI_DROP,
19.4848,8,STA,WIFI_DROP,
19.4848,19,STA,WIFI_DROP,
19.4872,8,STA,WIFI_DROP,
19.4872,19,STA,WIFI_DROP,
19.4896,8,STA,WIFI_DROP,
19.4896,19,STA,WIFI_DROP,
19.492,8,STA,WIFI_DROP,
19.492,19,STA,WIFI_DROP,
19.492,20,STA,WIFI_DROP,
19.4944,8,STA,WIFI_DROP,
19.4944,19,STA,WIFI_DROP,
19.4944,20,STA,WIFI_DROP,
19.4968,8,STA,WIFI_DROP,
19.4968,19,STA,WIFI_DROP,
19.4968,20,STA,WIFI_DROP,
19.4992,8,STA,WIFI_DROP,
19.4992,19,STA,WIFI_DROP,
19.4992,20,STA,WIFI_DROP,
19.5016,8,STA,WIFI_DROP,
19.5016,19,STA,WIFI_DROP,
19.5016,20,STA,WIFI_DROP,
19.504,8,STA,WIFI_DROP,
19.504,19,STA,WIFI_DROP,
19.504,20,STA,WIFI_DROP,
19.5064,8,STA,WIFI_DROP,
19.5064,19,STA,WIFI_DROP,
19.5064,20,STA,WIFI_DROP,
19.5088,8,STA,WIFI_DROP,
19.5088,19,STA,WIFI_DROP,
19.5088,20,STA,WIFI_DROP,
19.5112,8,STA,WIFI_DROP,
19.5112,19,STA,WIFI_DROP,
19.5112,20,STA,WIFI_DROP,
19.5136,8,STA,WIFI_DROP,
19.5136,19,STA,WIFI_DROP,
19.5136,20,STA,WIFI_DROP,
19.516,8,STA,WIFI_DROP,
19.516,19,STA,WIFI_DROP,
19.516,20,STA,WIFI_DROP,
19.5184,8,STA,WIFI_DROP,
19.5184,19,STA,WIFI_DROP,
19.5184,20,STA,WIFI_DROP,
19.5208,8,STA,WIFI_DROP,
19.5208,19,STA,WIFI_DROP,
19.5208,20,STA,WIFI_DROP,
19.5232,8,STA,WIFI_DROP,
19.5232,19,STA,WIFI_DROP,
19.5232,20,STA,WIFI_DROP,
19.5256,8,STA,WIFI_DROP,
19.5256,19,STA,WIFI_DROP,
19.5256,20,STA,WIFI_DROP,
19.528,8,STA,WIFI_DROP,
19.528,19,STA,WIFI_DROP,
19.528,20,STA,WIFI_DROP,
19.5304,8,STA,WIFI_DROP,
19.5304,19,STA,WIFI_DROP,
19.5304,20,STA,WIFI_DROP,
19.5328,8,STA,WIFI_DROP,
19.5328,19,STA,WIFI_DROP,
19.5328,20,STA,WIFI_DROP,
19.5352,8,STA,WIFI_DROP,
19.5352,19,STA,WIFI_DROP,
19.5352,20,STA,WIFI_DROP,
19.5376,8,STA,WIFI_DROP,
19.5376,19,STA,WIFI_DROP,
19.5376,20,STA,WIFI_DROP,
19.54,8,STA,WIFI_DROP,
19.54,19,STA,WIFI_DROP,
19.54,20,STA,WIFI_DROP,
19.5424,8,STA,WIFI_DROP,
19.5424,19,STA,WIFI_DROP,
19.5424,20,STA,WIFI_DROP,
19.5448,8,STA,WIFI_DROP,
19.5448,19,STA,WIFI_DROP,
19.5448,20,STA,WIFI_DROP,
19.5472,8,STA,WIFI_DROP,
19.5472,19,STA,WIFI_DROP,
19.5472,20,STA,WIFI_DROP,
19.5496,8,STA,WIFI_DROP,
19.5496,19,STA,WIFI_DROP,
19.5496,20,STA,WIFI_DROP,
19.552,8,STA,WIFI_DROP,
19.552,19,STA,WIFI_DROP,
19.552,20,STA,WIFI_DROP,
19.5544,8,STA,WIFI_DROP,
19.5544,19,STA,WIFI_DROP,
19.5544,20,STA,WIFI_DROP,
19.5568,8,STA,WIFI_DROP,
19.5568,19,STA,WIFI_DROP,
19.5568,20,STA,WIFI_DROP,
19.5592,8,STA,WIFI_DROP,
19.5592,19,STA,WIFI_DROP,
19.5592,20,STA,WIFI_DROP,
19.5616,8,STA,WIFI_DROP,
19.5616,19,STA,WIFI_DROP,
19.5616,20,STA,WIFI_DROP,
19.564,8,STA,WIFI_DROP,
19.564,19,STA,WIFI_DROP,
19.564,20,STA,WIFI_DROP,
19.5664,8,STA,WIFI_DROP,
19.5664,19,STA,WIFI_DROP,
19.5664,20,STA,WIFI_DROP,
19.5688,8,STA,WIFI_DROP,
19.5688,19,STA,WIFI_DROP,
19.5688,20,STA,WIFI_DROP,
19.5712,8,STA,WIFI_DROP,
19.5712,19,STA,WIFI_DROP,
19.5712,20,STA,WIFI_DROP,
19.5736,8,STA,WIFI_DROP,
19.5736,19,STA,WIFI_DROP,
19.5736,20,STA,WIFI_DROP,
19.576,8,STA,WIFI_DROP,
19.576,19,STA,WIFI_DROP,
19.576,20,STA,WIFI_DROP,
19.5784,8,STA,WIFI_DROP,
19.5784,19,STA,WIFI_DROP,
19.5784,20,STA,WIFI_DROP,
19.5808,8,STA,WIFI_DROP,
19.5808,19,STA,WIFI_DROP,
19.5808,20,STA,WIFI_DROP,
19.5832,8,STA,WIFI_DROP,
19.5832,19,STA,WIFI_DROP,
19.5832,20,STA,WIFI_DROP,
19.5856,8,STA,WIFI_DROP,
19.5856,19,STA,WIFI_DROP,
19.5856,20,STA,WIFI_DROP,
19.588,8,STA,WIFI_DROP,
19.588,19,STA,WIFI_DROP,
19.588,20,STA,WIFI_DROP,
19.5904,8,STA,WIFI_DROP,
19.5904,19,STA,WIFI_DROP,
19.5904,20,STA,WIFI_DROP,
19.5928,8,STA,WIFI_DROP,
19.5928,11,STA,WIFI_DROP,
19.5928,18,STA,WIFI_DROP,
19.5928,19,STA,WIFI_DROP,
19.5928,20,STA,WIFI_DROP,
19.5952,8,STA,WIFI_DROP,
19.5952,11,STA,WIFI_DROP,
19.5952,18,STA,WIFI_DROP,
19.5952,19,STA,WIFI_DROP,
19.5952,20,STA,WIFI_DROP,
19.5976,8,STA,WIFI_DROP,
19.5976,11,STA,WIFI_DROP,
19.5976,18,STA,WIFI_DROP,
19.5976,19,STA,WIFI_DROP,
19.5976,20,STA,WIFI_DROP,
19.6,8,STA,WIFI_DROP,
19.6,11,STA,WIFI_DROP,
19.6,18,STA,WIFI_DROP,
19.6,19,STA,WIFI_DROP,
19.6,20,STA,WIFI_DROP,
19.6024,8,STA,WIFI_DROP,
19.6024,11,STA,WIFI_DROP,
19.6024,18,STA,WIFI_DROP,
19.6024,19,STA,WIFI_DROP,
19.6024,20,STA,WIFI_DROP,
19.6048,8,STA,WIFI_DROP,
19.6048,11,STA,WIFI_DROP,
19.6048,18,STA,WIFI_DROP,
19.6048,19,STA,WIFI_DROP,
19.6048,20,STA,WIFI_DROP,
19.6072,8,STA,WIFI_DROP,
19.6072,11,STA,WIFI_DROP,
19.6072,18,STA,WIFI_DROP,
19.6072,19,STA,WIFI_DROP,
19.6072,20,STA,WIFI_DROP,
19.6096,8,STA,WIFI_DROP,
19.6096,11,STA,WIFI_DROP,
19.6096,18,STA,WIFI_DROP,
19.6096,19,STA,WIFI_DROP,
19.6096,20,STA,WIFI_DROP,
19.612,8,STA,WIFI_DROP,
19.612,11,STA,WIFI_DROP,
19.612,18,STA,WIFI_DROP,
19.612,19,STA,WIFI_DROP,
19.612,20,STA,WIFI_DROP,
19.6144,8,STA,WIFI_DROP,
19.6144,11,STA,WIFI_DROP,
19.6144,18,STA,WIFI_DROP,
19.6144,19,STA,WIFI_DROP,
19.6144,20,STA,WIFI_DROP,
19.6168,8,STA,WIFI_DROP,
19.6168,11,STA,WIFI_DROP,
19.6168,18,STA,WIFI_DROP,
19.6168,19,STA,WIFI_DROP,
19.6168,20,STA,WIFI_DROP,
19.6192,8,STA,WIFI_DROP,
19.6192,11,STA,WIFI_DROP,
19.6192,18,STA,WIFI_DROP,
19.6192,19,STA,WIFI_DROP,
19.6192,20,STA,WIFI_DROP,
19.6216,8,STA,WIFI_DROP,
19.6216,11,STA,WIFI_DROP,
19.6216,18,STA,WIFI_DROP,
19.6216,19,STA,WIFI_DROP,
19.6216,20,STA,WIFI_DROP,
19.624,8,STA,WIFI_DROP,
19.624,11,STA,WIFI_DROP,
19.624,18,STA,WIFI_DROP,
19.624,19,STA,WIFI_DROP,
19.624,20,STA,WIFI_DROP,
19.6264,8,STA,WIFI_DROP,
19.6264,11,STA,WIFI_DROP,
19.6264,18,STA,WIFI_DROP,
19.6264,19,STA,WIFI_DROP,
19.6264,20,STA,WIFI_DROP,
19.6288,8,STA,WIFI_DROP,
19.6288,11,STA,WIFI_DROP,
19.6288,18,STA,WIFI_DROP,
19.6288,19,STA,WIFI_DROP,
19.6288,20,STA,WIFI_DROP,
19.6312,8,STA,WIFI_DROP,
19.6312,11,STA,WIFI_DROP,
19.6312,18,STA,WIFI_DROP,
19.6312,19,STA,WIFI_DROP,
19.6312,20,STA,WIFI_DROP,
19.6336,8,STA,WIFI_DROP,
19.6336,11,STA,WIFI_DROP,
19.6336,18,STA,WIFI_DROP,
19.6336,19,STA,WIFI_DROP,
19.6336,20,STA,WIFI_DROP,
19.636,8,STA,WIFI_DROP,
19.636,11,STA,WIFI_DROP,
19.636,18,STA,WIFI_DROP,
19.636,19,STA,WIFI_DROP,
19.636,20,STA,WIFI_DROP,
19.6384,8,STA,WIFI_DROP,
19.6384,11,STA,WIFI_DROP,
19.6384,18,STA,WIFI_DROP,
19.6384,19,STA,WIFI_DROP,
19.6384,20,STA,WIFI_DROP,
19.6408,8,STA,WIFI_DROP,
19.6408,11,STA,WIFI_DROP,
19.6408,18,STA,WIFI_DROP,
19.6408,19,STA,WIFI_DROP,
19.6408,20,STA,WIFI_DROP,
19.6432,8,STA,WIFI_DROP,
19.6432,11,STA,WIFI_DROP,
19.6432,18,STA,WIFI_DROP,
19.6432,19,STA,WIFI_DROP,
19.6432,20,STA,WIFI_DROP,
19.6456,8,STA,WIFI_DROP,
19.6456,11,STA,WIFI_DROP,
19.6456,18,STA,WIFI_DROP,
19.6456,19,STA,WIFI_DROP,
19.6456,20,STA,WIFI_DROP,
19.648,8,STA,WIFI_DROP,
19.648,11,STA,WIFI_DROP,
19.648,18,STA,WIFI_DROP,
19.648,19,STA,WIFI_DROP,
19.648,20,STA,WIFI_DROP,
19.6504,8,STA,WIFI_DROP,
19.6504,11,STA,WIFI_DROP,
19.6504,18,STA,WIFI_DROP,
19.6504,19,STA,WIFI_DROP,
19.6504,20,STA,WIFI_DROP,
19.6528,8,STA,WIFI_DROP,
19.6528,11,STA,WIFI_DROP,
19.6528,18,STA,WIFI_DROP,
19.6528,19,STA,WIFI_DROP,
19.6528,20,STA,WIFI_DROP,
19.6552,8,STA,WIFI_DROP,
19.6552,11,STA,WIFI_DROP,
19.6552,18,STA,WIFI_DROP,
19.6552,19,STA,WIFI_DROP,
19.6552,20,STA,WIFI_DROP,
19.6576,8,STA,WIFI_DROP,
19.6576,11,STA,WIFI_DROP,
19.6576,18,STA,WIFI_DROP,
19.6576,19,STA,WIFI_DROP,
19.6576,20,STA,WIFI_DROP,
19.66,8,STA,WIFI_DROP,
19.66,11,STA,WIFI_DROP,
19.66,18,STA,WIFI_DROP,
19.66,19,STA,WIFI_DROP,
19.66,20,STA,WIFI_DROP,
19.6624,8,STA,WIFI_DROP,
19.6624,11,STA,WIFI_DROP,
19.6624,18,STA,WIFI_DROP,
19.6624,19,STA,WIFI_DROP,
19.6624,20,STA,WIFI_DROP,
19.6648,8,STA,WIFI_DROP,
19.6648,11,STA,WIFI_DROP,
19.6648,18,STA,WIFI_DROP,
19.6648,19,STA,WIFI_DROP,
19.6648,20,STA,WIFI_DROP,
19.6672,8,STA,WIFI_DROP,
19.6672,11,STA,WIFI_DROP,
19.6672,18,STA,WIFI_DROP,
19.6672,19,STA,WIFI_DROP,
19.6672,20,STA,WIFI_DROP,
19.6696,8,STA,WIFI_DROP,
19.6696,11,STA,WIFI_DROP,
19.6696,18,STA,WIFI_DROP,
19.6696,19,STA,WIFI_DROP,
19.6696,20,STA,WIFI_DROP,
19.672,8,STA,WIFI_DROP,
19.672,11,STA,WIFI_DROP,
19.672,18,STA,WIFI_DROP,
19.672,19,STA,WIFI_DROP,
19.672,20,STA,WIFI_DROP,
19.6744,8,STA,WIFI_DROP,
19.6744,11,STA,WIFI_DROP,
19.6744,18,STA,WIFI_DROP,
19.6744,19,STA,WIFI_DROP,
19.6744,20,STA,WIFI_DROP,
19.6768,8,STA,WIFI_DROP,
19.6768,11,STA,WIFI_DROP,
19.6768,18,STA,WIFI_DROP,
19.6768,19,STA,WIFI_DROP,
19.6768,20,STA,WIFI_DROP,
19.6792,8,STA,WIFI_DROP,
19.6792,11,STA,WIFI_DROP,
19.6792,18,STA,WIFI_DROP,
19.6792,19,STA,WIFI_DROP,
19.6792,20,STA,WIFI_DROP,
19.6816,8,STA,WIFI_DROP,
19.6816,11,STA,WIFI_DROP,
19.6816,18,STA,WIFI_DROP,
19.6816,19,STA,WIFI_DROP,
19.6816,20,STA,WIFI_DROP,
19.684,8,STA,WIFI_DROP,
19.684,11,STA,WIFI_DROP,
19.684,18,STA,WIFI_DROP,
19.684,19,STA,WIFI_DROP,
19.684,20,STA,WIFI_DROP,
19.6864,8,STA,WIFI_DROP,
19.6864,11,STA,WIFI_DROP,
19.6864,18,STA,WIFI_DROP,
19.6864,19,STA,WIFI_DROP,
19.6864,20,STA,WIFI_DROP,
19.6888,8,STA,WIFI_DROP,
19.6888,11,STA,WIFI_DROP,
19.6888,18,STA,WIFI_DROP,
19.6888,19,STA,WIFI_DROP,
19.6888,20,STA,WIFI_DROP,
19.6912,8,STA,WIFI_DROP,
19.6912,11,STA,WIFI_DROP,
19.6912,18,STA,WIFI_DROP,
19.6912,19,STA,WIFI_DROP,
19.6912,20,STA,WIFI_DROP,
19.6936,8,STA,WIFI_DROP,
19.6936,11,STA,WIFI_DROP,
19.6936,18,STA,WIFI_DROP,
19.6936,19,STA,WIFI_DROP,
19.6936,20,STA,WIFI_DROP,
19.696,8,STA,WIFI_DROP,
19.696,11,STA,WIFI_DROP,
19.696,18,STA,WIFI_DROP,
19.696,19,STA,WIFI_DROP,
19.696,20,STA,WIFI_DROP,
19.6984,8,STA,WIFI_DROP,
19.6984,11,STA,WIFI_DROP,
19.6984,18,STA,WIFI_DROP,
19.6984,19,STA,WIFI_DROP,
19.6984,20,STA,WIFI_DROP,
19.7008,8,STA,WIFI_DROP,
19.7008,11,STA,WIFI_DROP,
19.7008,18,STA,WIFI_DROP,
19.7008,19,STA,WIFI_DROP,
19.7008,20,STA,WIFI_DROP,
19.7032,8,STA,WIFI_DROP,
19.7032,11,STA,WIFI_DROP,
19.7032,18,STA,WIFI_DROP,
19.7032,19,STA,WIFI_DROP,
19.7032,20,STA,WIFI_DROP,
19.7056,8,STA,WIFI_DROP,
19.7056,11,STA,WIFI_DROP,
19.7056,18,STA,WIFI_DROP,
19.7056,19,STA,WIFI_DROP,
19.7056,20,STA,WIFI_DROP,
19.708,8,STA,WIFI_DROP,
19.708,11,STA,WIFI_DROP,
19.708,18,STA,WIFI_DROP,
19.708,19,STA,WIFI_DROP,
19.708,20,STA,WIFI_DROP,
19.7104,8,STA,WIFI_DROP,
19.7104,11,STA,WIFI_DROP,
19.7104,18,STA,WIFI_DROP,
19.7104,19,STA,WIFI_DROP,
19.7104,20,STA,WIFI_DROP,
19.7128,8,STA,WIFI_DROP,
19.7128,11,STA,WIFI_DROP,
19.7128,18,STA,WIFI_DROP,
19.7128,19,STA,WIFI_DROP,
19.7128,20,STA,WIFI_DROP,
19.7152,8,STA,WIFI_DROP,
19.7152,11,STA,WIFI_DROP,
19.7152,18,STA,WIFI_DROP,
19.7152,19,STA,WIFI_DROP,
19.7152,20,STA,WIFI_DROP,
19.7176,8,STA,WIFI_DROP,
19.7176,11,STA,WIFI_DROP,
19.7176,18,STA,WIFI_DROP,
19.7176,19,STA,WIFI_DROP,
19.7176,20,STA,WIFI_DROP,
19.72,8,STA,WIFI_DROP,
19.72,11,STA,WIFI_DROP,
19.72,18,STA,WIFI_DROP,
19.72,19,STA,WIFI_DROP,
19.72,20,STA,WIFI_DROP,
19.7224,8,STA,WIFI_DROP,
19.7224,11,STA,WIFI_DROP,
19.7224,18,STA,WIFI_DROP,
19.7224,19,STA,WIFI_DROP,
19.7224,20,STA,WIFI_DROP,
19.7248,8,STA,WIFI_DROP,
19.7248,11,STA,WIFI_DROP,
19.7248,18,STA,WIFI_DROP,
19.7248,19,STA,WIFI_DROP,
19.7248,20,STA,WIFI_DROP,
19.7272,8,STA,WIFI_DROP,
19.7272,11,STA,WIFI_DROP,
19.7272,18,STA,WIFI_DROP,
19.7272,19,STA,WIFI_DROP,
19.7272,20,STA,WIFI_DROP,
19.7296,8,STA,WIFI_DROP,
19.7296,11,STA,WIFI_DROP,
19.7296,18,STA,WIFI_DROP,
19.7296,19,STA,WIFI_DROP,
19.7296,20,STA,WIFI_DROP,
19.732,8,STA,WIFI_DROP,
19.732,11,STA,WIFI_DROP,
19.732,18,STA,WIFI_DROP,
19.732,19,STA,WIFI_DROP,
19.732,20,STA,WIFI_DROP,
19.7344,8,STA,WIFI_DROP,
19.7344,11,STA,WIFI_DROP,
19.7344,18,STA,WIFI_DROP,
19.7344,19,STA,WIFI_DROP,
19.7344,20,STA,WIFI_DROP,
19.7368,8,STA,WIFI_DROP,
19.7368,11,STA,WIFI_DROP,
19.7368,18,STA,WIFI_DROP,
19.7368,19,STA,WIFI_DROP,
19.7368,20,STA,WIFI_DROP,
19.7392,8,STA,WIFI_DROP,
19.7392,11,STA,WIFI_DROP,
19.7392,18,STA,WIFI_DROP,
19.7392,19,STA,WIFI_DROP,
19.7392,20,STA,WIFI_DROP,
19.7416,8,STA,WIFI_DROP,
19.7416,11,STA,WIFI_DROP,
19.7416,18,STA,WIFI_DROP,
19.7416,19,STA,WIFI_DROP,
19.7416,20,STA,WIFI_DROP,
19.744,8,STA,WIFI_DROP,
19.744,11,STA,WIFI_DROP,
19.744,18,STA,WIFI_DROP,
19.744,19,STA,WIFI_DROP,
19.744,20,STA,WIFI_DROP,
19.7464,8,STA,WIFI_DROP,
19.7464,11,STA,WIFI_DROP,
19.7464,19,STA,WIFI_DROP,
19.7464,20,STA,WIFI_DROP,
19.7488,8,STA,WIFI_DROP,
19.7488,11,STA,WIFI_DROP,
19.7488,19,STA,WIFI_DROP,
19.7488,20,STA,WIFI_DROP,
19.7512,8,STA,WIFI_DROP,
19.7512,11,STA,WIFI_DROP,
19.7512,19,STA,WIFI_DROP,
19.7512,20,STA,WIFI_DROP,
19.7536,8,STA,WIFI_DROP,
19.7536,11,STA,WIFI_DROP,
19.7536,19,STA,WIFI_DROP,
19.7536,20,STA,WIFI_DROP,
19.756,8,STA,WIFI_DROP,
19.756,11,STA,WIFI_DROP,
19.756,19,STA,WIFI_DROP,
19.756,20,STA,WIFI_DROP,
19.7584,8,STA,WIFI_DROP,
19.7584,11,STA,WIFI_DROP,
19.7584,19,STA,WIFI_DROP,
19.7584,20,STA,WIFI_DROP,
19.7608,8,STA,WIFI_DROP,
19.7608,11,STA,WIFI_DROP,
19.7608,19,STA,WIFI_DROP,
19.7608,20,STA,WIFI_DROP,
19.7632,8,STA,WIFI_DROP,
19.7632,11,STA,WIFI_DROP,
19.7632,19,STA,WIFI_DROP,
19.7632,20,STA,WIFI_DROP,
19.7656,8,STA,WIFI_DROP,
19.7656,11,STA,WIFI_DROP,
19.7656,19,STA,WIFI_DROP,
19.7656,20,STA,WIFI_DROP,
19.768,8,STA,WIFI_DROP,
19.768,11,STA,WIFI_DROP,
19.768,19,STA,WIFI_DROP,
19.768,20,STA,WIFI_DROP,
19.7704,8,STA,WIFI_DROP,
19.7704,11,STA,WIFI_DROP,
19.7704,19,STA,WIFI_DROP,
19.7704,20,STA,WIFI_DROP,
19.7728,8,STA,WIFI_DROP,
19.7728,11,STA,WIFI_DROP,
19.7728,19,STA,WIFI_DROP,
19.7728,20,STA,WIFI_DROP,
19.7752,8,STA,WIFI_DROP,
19.7752,11,STA,WIFI_DROP,
19.7752,19,STA,WIFI_DROP,
19.7752,20,STA,WIFI_DROP,
19.7776,8,STA,WIFI_DROP,
19.7776,11,STA,WIFI_DROP,
19.7776,19,STA,WIFI_DROP,
19.7776,20,STA,WIFI_DROP,
19.78,8,STA,WIFI_DROP,
19.78,11,STA,WIFI_DROP,
19.78,19,STA,WIFI_DROP,
19.78,20,STA,WIFI_DROP,
19.7824,8,STA,WIFI_DROP,
19.7824,11,STA,WIFI_DROP,
19.7824,19,STA,WIFI_DROP,
19.7824,20,STA,WIFI_DROP,
19.7848,8,STA,WIFI_DROP,
19.7848,11,STA,WIFI_DROP,
19.7848,19,STA,WIFI_DROP,
19.7848,20,STA,WIFI_DROP,
19.7872,8,STA,WIFI_DROP,
19.7872,11,STA,WIFI_DROP,
19.7872,19,STA,WIFI_DROP,
19.7872,20,STA,WIFI_DROP,
19.7896,8,STA,WIFI_DROP,
19.7896,11,STA,WIFI_DROP,
19.7896,19,STA,WIFI_DROP,
19.7896,20,STA,WIFI_DROP,
19.792,8,STA,WIFI_DROP,
19.792,11,STA,WIFI_DROP,
19.792,19,STA,WIFI_DROP,
19.792,20,STA,WIFI_DROP,
19.7944,8,STA,WIFI_DROP,
19.7944,11,STA,WIFI_DROP,
19.7944,19,STA,WIFI_DROP,
19.7944,20,STA,WIFI_DROP,
19.7968,8,STA,WIFI_DROP,
19.7968,11,STA,WIFI_DROP,
19.7968,19,STA,WIFI_DROP,
19.7968,20,STA,WIFI_DROP,
19.7992,8,STA,WIFI_DROP,
19.7992,11,STA,WIFI_DROP,
19.7992,19,STA,WIFI_DROP,
19.7992,20,STA,WIFI_DROP,
19.8016,8,STA,WIFI_DROP,
19.8016,11,STA,WIFI_DROP,
19.8016,19,STA,WIFI_DROP,
19.8016,20,STA,WIFI_DROP,
19.804,8,STA,WIFI_DROP,
19.804,11,STA,WIFI_DROP,
19.804,19,STA,WIFI_DROP,
19.804,20,STA,WIFI_DROP,
19.8064,8,STA,WIFI_DROP,
19.8064,11,STA,WIFI_DROP,
19.8064,19,STA,WIFI_DROP,
19.8064,20,STA,WIFI_DROP,
19.8088,8,STA,WIFI_DROP,
19.8088,11,STA,WIFI_DROP,
19.8088,19,STA,WIFI_DROP,
19.8088,20,STA,WIFI_DROP,
19.8112,8,STA,WIFI_DROP,
19.8112,11,STA,WIFI_DROP,
19.8112,19,STA,WIFI_DROP,
19.8112,20,STA,WIFI_DROP,
19.8136,8,STA,WIFI_DROP,
19.8136,11,STA,WIFI_DROP,
19.8136,19,STA,WIFI_DROP,
19.8136,20,STA,WIFI_DROP,
19.816,8,STA,WIFI_DROP,
19.816,11,STA,WIFI_DROP,
19.816,19,STA,WIFI_DROP,
19.816,20,STA,WIFI_DROP,
19.8184,8,STA,WIFI_DROP,
19.8184,11,STA,WIFI_DROP,
19.8184,19,STA,WIFI_DROP,
19.8184,20,STA,WIFI_DROP,
19.8208,8,STA,WIFI_DROP,
19.8208,11,STA,WIFI_DROP,
19.8208,19,STA,WIFI_DROP,
19.8208,20,STA,WIFI_DROP,
19.8232,8,STA,WIFI_DROP,
19.8232,11,STA,WIFI_DROP,
19.8232,19,STA,WIFI_DROP,
19.8232,20,STA,WIFI_DROP,
19.8256,8,STA,WIFI_DROP,
19.8256,11,STA,WIFI_DROP,
19.8256,19,STA,WIFI_DROP,
19.8256,20,STA,WIFI_DROP,
19.828,8,STA,WIFI_DROP,
19.828,11,STA,WIFI_DROP,
19.828,19,STA,WIFI_DROP,
19.828,20,STA,WIFI_DROP,
19.8304,8,STA,WIFI_DROP,
19.8304,11,STA,WIFI_DROP,
19.8304,19,STA,WIFI_DROP,
19.8304,20,STA,WIFI_DROP,
19.8328,8,STA,WIFI_DROP,
19.8328,11,STA,WIFI_DROP,
19.8328,19,STA,WIFI_DROP,
19.8328,20,STA,WIFI_DROP,
19.8352,8,STA,WIFI_DROP,
19.8352,11,STA,WIFI_DROP,
19.8352,19,STA,WIFI_DROP,
19.8352,20,STA,WIFI_DROP,
19.8376,8,STA,WIFI_DROP,
19.8376,11,STA,WIFI_DROP,
19.8376,19,STA,WIFI_DROP,
19.8376,20,STA,WIFI_DROP,
19.84,8,STA,WIFI_DROP,
19.84,11,STA,WIFI_DROP,
19.84,19,STA,WIFI_DROP,
19.84,20,STA,WIFI_DROP,
19.8424,8,STA,WIFI_DROP,
19.8424,11,STA,WIFI_DROP,
19.8424,19,STA,WIFI_DROP,
19.8424,20,STA,WIFI_DROP,
19.8448,8,STA,WIFI_DROP,
19.8448,11,STA,WIFI_DROP,
19.8448,19,STA,WIFI_DROP,
19.8448,20,STA,WIFI_DROP,
19.8472,8,STA,WIFI_DROP,
19.8472,11,STA,WIFI_DROP,
19.8472,19,STA,WIFI_DROP,
19.8472,20,STA,WIFI_DROP,
19.8496,8,STA,WIFI_DROP,
19.8496,11,STA,WIFI_DROP,
19.8496,19,STA,WIFI_DROP,
19.8496,20,STA,WIFI_DROP,
19.852,8,STA,WIFI_DROP,
19.852,11,STA,WIFI_DROP,
19.852,19,STA,WIFI_DROP,
19.852,20,STA,WIFI_DROP,
19.8544,8,STA,WIFI_DROP,
19.8544,11,STA,WIFI_DROP,
19.8544,19,STA,WIFI_DROP,
19.8544,20,STA,WIFI_DROP,
19.8568,8,STA,WIFI_DROP,
19.8568,11,STA,WIFI_DROP,
19.8568,19,STA,WIFI_DROP,
19.8568,20,STA,WIFI_DROP,
19.8592,8,STA,WIFI_DROP,
19.8592,11,STA,WIFI_DROP,
19.8592,19,STA,WIFI_DROP,
19.8592,20,STA,WIFI_DROP,
19.8616,8,STA,WIFI_DROP,
19.8616,11,STA,WIFI_DROP,
19.8616,19,STA,WIFI_DROP,
19.8616,20,STA,WIFI_DROP,
19.864,8,STA,WIFI_DROP,
19.864,11,STA,WIFI_DROP,
19.864,19,STA,WIFI_DROP,
19.864,20,STA,WIFI_DROP,
19.8664,8,STA,WIFI_DROP,
19.8664,11,STA,WIFI_DROP,
19.8664,19,STA,WIFI_DROP,
19.8664,20,STA,WIFI_DROP,
19.8688,8,STA,WIFI_DROP,
19.8688,11,STA,WIFI_DROP,
19.8688,19,STA,WIFI_DROP,
19.8688,20,STA,WIFI_DROP,
19.8712,8,STA,WIFI_DROP,
19.8712,11,STA,WIFI_DROP,
19.8712,19,STA,WIFI_DROP,
19.8712,20,STA,WIFI_DROP,
19.8736,8,STA,WIFI_DROP,
19.8736,11,STA,WIFI_DROP,
19.8736,19,STA,WIFI_DROP,
19.8736,20,STA,WIFI_DROP,
19.876,8,STA,WIFI_DROP,
19.876,11,STA,WIFI_DROP,
19.876,19,STA,WIFI_DROP,
19.876,20,STA,WIFI_DROP,
19.8784,8,STA,WIFI_DROP,
19.8784,11,STA,WIFI_DROP,
19.8784,19,STA,WIFI_DROP,
19.8784,20,STA,WIFI_DROP,
19.8808,8,STA,WIFI_DROP,
19.8808,11,STA,WIFI_DROP,
19.8808,19,STA,WIFI_DROP,
19.8808,20,STA,WIFI_DROP,
19.8832,8,STA,WIFI_DROP,
19.8832,11,STA,WIFI_DROP,
19.8832,19,STA,WIFI_DROP,
19.8832,20,STA,WIFI_DROP,
19.8856,8,STA,WIFI_DROP,
19.8856,11,STA,WIFI_DROP,
19.8856,19,STA,WIFI_DROP,
19.8856,20,STA,WIFI_DROP,
19.888,8,STA,WIFI_DROP,
19.888,11,STA,WIFI_DROP,
19.888,19,STA,WIFI_DROP,
19.888,20,STA,WIFI_DROP,
19.8904,8,STA,WIFI_DROP,
19.8904,11,STA,WIFI_DROP,
19.8904,19,STA,WIFI_DROP,
19.8904,20,STA,WIFI_DROP,
19.8928,7,STA,WIFI_DROP,
19.8928,8,STA,WIFI_DROP,
19.8928,11,STA,WIFI_DROP,
19.8928,19,STA,WIFI_DROP,
19.8928,20,STA,WIFI_DROP,
19.8952,7,STA,WIFI_DROP,
19.8952,8,STA,WIFI_DROP,
19.8952,11,STA,WIFI_DROP,
19.8952,19,STA,WIFI_DROP,
19.8952,20,STA,WIFI_DROP,
19.8976,7,STA,WIFI_DROP,
19.8976,8,STA,WIFI_DROP,
19.8976,11,STA,WIFI_DROP,
19.8976,19,STA,WIFI_DROP,
19.8976,20,STA,WIFI_DROP,
19.9,7,STA,WIFI_DROP,
19.9,8,STA,WIFI_DROP,
19.9,11,STA,WIFI_DROP,
19.9,19,STA,WIFI_DROP,
19.9,20,STA,WIFI_DROP,
19.9024,7,STA,WIFI_DROP,
19.9024,8,STA,WIFI_DROP,
19.9024,11,STA,WIFI_DROP,
19.9024,19,STA,WIFI_DROP,
19.9024,20,STA,WIFI_DROP,
19.9048,7,STA,WIFI_DROP,
19.9048,8,STA,WIFI_DROP,
19.9048,11,STA,WIFI_DROP,
19.9048,19,STA,WIFI_DROP,
19.9048,20,STA,WIFI_DROP,
19.9072,7,STA,WIFI_DROP,
19.9072,8,STA,WIFI_DROP,
19.9072,11,STA,WIFI_DROP,
19.9072,19,STA,WIFI_DROP,
19.9072,20,STA,WIFI_DROP,
19.9096,7,STA,WIFI_DROP,
19.9096,8,STA,WIFI_DROP,
19.9096,11,STA,WIFI_DROP,
19.9096,19,STA,WIFI_DROP,
19.9096,20,STA,WIFI_DROP,
19.912,7,STA,WIFI_DROP,
19.912,8,STA,WIFI_DROP,
19.912,11,STA,WIFI_DROP,
19.912,19,STA,WIFI_DROP,
19.912,20,STA,WIFI_DROP,
19.9144,7,STA,WIFI_DROP,
19.9144,8,STA,WIFI_DROP,
19.9144,11,STA,WIFI_DROP,
19.9144,19,STA,WIFI_DROP,
19.9144,20,STA,WIFI_DROP,
19.9168,7,STA,WIFI_DROP,
19.9168,8,STA,WIFI_DROP,
19.9168,11,STA,WIFI_DROP,
19.9168,19,STA,WIFI_DROP,
19.9168,20,STA,WIFI_DROP,
19.9192,7,STA,WIFI_DROP,
19.9192,8,STA,WIFI_DROP,
19.9192,11,STA,WIFI_DROP,
19.9192,19,STA,WIFI_DROP,
19.9192,20,STA,WIFI_DROP,
19.9216,7,STA,WIFI_DROP,
19.9216,8,STA,WIFI_DROP,
19.9216,11,STA,WIFI_DROP,
19.9216,19,STA,WIFI_DROP,
19.9216,20,STA,WIFI_DROP,
19.924,7,STA,WIFI_DROP,
19.924,8,STA,WIFI_DROP,
19.924,11,STA,WIFI_DROP,
19.924,19,STA,WIFI_DROP,
19.924,20,STA,WIFI_DROP,
19.9264,7,STA,WIFI_DROP,
19.9264,8,STA,WIFI_DROP,
19.9264,11,STA,WIFI_DROP,
19.9264,19,STA,WIFI_DROP,
19.9264,20,STA,WIFI_DROP,
19.9288,7,STA,WIFI_DROP,
19.9288,8,STA,WIFI_DROP,
19.9288,11,STA,WIFI_DROP,
19.9288,19,STA,WIFI_DROP,
19.9288,20,STA,WIFI_DROP,
19.9312,7,STA,WIFI_DROP,
19.9312,8,STA,WIFI_DROP,
19.9312,11,STA,WIFI_DROP,
19.9312,19,STA,WIFI_DROP,
19.9312,20,STA,WIFI_DROP,
19.9336,7,STA,WIFI_DROP,
19.9336,8,STA,WIFI_DROP,
19.9336,11,STA,WIFI_DROP,
19.9336,19,STA,WIFI_DROP,
19.9336,20,STA,WIFI_DROP,
19.936,7,STA,WIFI_DROP,
19.936,8,STA,WIFI_DROP,
19.936,11,STA,WIFI_DROP,
19.936,19,STA,WIFI_DROP,
19.936,20,STA,WIFI_DROP,
19.9384,7,STA,WIFI_DROP,
19.9384,8,STA,WIFI_DROP,
19.9384,11,STA,WIFI_DROP,
19.9384,19,STA,WIFI_DROP,
19.9384,20,STA,WIFI_DROP,
19.9408,7,STA,WIFI_DROP,
19.9408,8,STA,WIFI_DROP,
19.9408,11,STA,WIFI_DROP,
19.9408,19,STA,WIFI_DROP,
19.9408,20,STA,WIFI_DROP,
19.9432,7,STA,WIFI_DROP,
19.9432,8,STA,WIFI_DROP,
19.9432,11,STA,WIFI_DROP,
19.9432,19,STA,WIFI_DROP,
19.9432,20,STA,WIFI_DROP,
19.9456,7,STA,WIFI_DROP,
19.9456,8,STA,WIFI_DROP,
19.9456,11,STA,WIFI_DROP,
19.9456,19,STA,WIFI_DROP,
19.9456,20,STA,WIFI_DROP,
19.948,7,STA,WIFI_DROP,
19.948,8,STA,WIFI_DROP,
19.948,11,STA,WIFI_DROP,
19.948,19,STA,WIFI_DROP,
19.948,20,STA,WIFI_DROP,
19.9504,7,STA,WIFI_DROP,
19.9504,8,STA,WIFI_DROP,
19.9504,11,STA,WIFI_DROP,
19.9504,19,STA,WIFI_DROP,
19.9504,20,STA,WIFI_DROP,
19.9528,7,STA,WIFI_DROP,
19.9528,8,STA,WIFI_DROP,
19.9528,11,STA,WIFI_DROP,
19.9528,19,STA,WIFI_DROP,
19.9528,20,STA,WIFI_DROP,
19.9552,7,STA,WIFI_DROP,
19.9552,8,STA,WIFI_DROP,
19.9552,11,STA,WIFI_DROP,
19.9552,19,STA,WIFI_DROP,
19.9552,20,STA,WIFI_DROP,
19.9576,7,STA,WIFI_DROP,
19.9576,8,STA,WIFI_DROP,
19.9576,11,STA,WIFI_DROP,
19.9576,19,STA,WIFI_DROP,
19.9576,20,STA,WIFI_DROP,
19.96,7,STA,WIFI_DROP,
19.96,8,STA,WIFI_DROP,
19.96,11,STA,WIFI_DROP,
19.96,19,STA,WIFI_DROP,
19.96,20,STA,WIFI_DROP,
19.9624,7,STA,WIFI_DROP,
19.9624,8,STA,WIFI_DROP,
19.9624,11,STA,WIFI_DROP,
19.9624,19,STA,WIFI_DROP,
19.9624,20,STA,WIFI_DROP,
19.9648,7,STA,WIFI_DROP,
19.9648,8,STA,WIFI_DROP,
19.9648,11,STA,WIFI_DROP,
19.9648,19,STA,WIFI_DROP,
19.9648,20,STA,WIFI_DROP,
19.9672,7,STA,WIFI_DROP,
19.9672,8,STA,WIFI_DROP,
19.9672,11,STA,WIFI_DROP,
19.9672,19,STA,WIFI_DROP,
19.9672,20,STA,WIFI_DROP,
19.9696,7,STA,WIFI_DROP,
19.9696,8,STA,WIFI_DROP,
19.9696,11,STA,WIFI_DROP,
19.9696,19,STA,WIFI_DROP,
19.9696,20,STA,WIFI_DROP,
19.972,7,STA,WIFI_DROP,
19.972,8,STA,WIFI_DROP,
19.972,11,STA,WIFI_DROP,
19.972,19,STA,WIFI_DROP,
19.972,20,STA,WIFI_DROP,
19.9744,7,STA,WIFI_DROP,
19.9744,8,STA,WIFI_DROP,
19.9744,11,STA,WIFI_DROP,
19.9744,19,STA,WIFI_DROP,
19.9744,20,STA,WIFI_DROP,
19.9768,7,STA,WIFI_DROP,
19.9768,8,STA,WIFI_DROP,
19.9768,11,STA,WIFI_DROP,
19.9768,19,STA,WIFI_DROP,
19.9768,20,STA,WIFI_DROP,
19.9792,7,STA,WIFI_DROP,
19.9792,8,STA,WIFI_DROP,
19.9792,11,STA,WIFI_DROP,
19.9792,19,STA,WIFI_DROP,
19.9792,20,STA,WIFI_DROP,
19.9816,7,STA,WIFI_DROP,
19.9816,8,STA,WIFI_DROP,
19.9816,11,STA,WIFI_DROP,
19.9816,19,STA,WIFI_DROP,
19.9816,20,STA,WIFI_DROP,
19.984,7,STA,WIFI_DROP,
19.984,8,STA,WIFI_DROP,
19.984,11,STA,WIFI_DROP,
19.984,19,STA,WIFI_DROP,
19.984,20,STA,WIFI_DROP,
19.9864,7,STA,WIFI_DROP,
19.9864,8,STA,WIFI_DROP,
19.9864,11,STA,WIFI_DROP,
19.9864,19,STA,WIFI_DROP,
19.9864,20,STA,WIFI_DROP,
19.9888,7,STA,WIFI_DROP,
19.9888,8,STA,WIFI_DROP,
19.9888,11,STA,WIFI_DROP,
19.9888,19,STA,WIFI_DROP,
19.9888,20,STA,WIFI_DROP,
19.9912,7,STA,WIFI_DROP,
19.9912,8,STA,WIFI_DROP,
19.9912,11,STA,WIFI_DROP,
19.9912,19,STA,WIFI_DROP,
19.9912,20,STA,WIFI_DROP,
19.9936,7,STA,WIFI_DROP,
19.9936,8,STA,WIFI_DROP,
19.9936,11,STA,WIFI_DROP,
19.9936,19,STA,WIFI_DROP,
19.9936,20,STA,WIFI_DROP,
19.996,7,STA,WIFI_DROP,
19.996,8,STA,WIFI_DROP,
19.996,11,STA,WIFI_DROP,
19.996,19,STA,WIFI_DROP,
19.996,20,STA,WIFI_DROP,
19.9984,7,STA,WIFI_DROP,
19.9984,8,STA,WIFI_DROP,
19.9984,11,STA,WIFI_DROP,
19.9984,19,STA,WIFI_DROP,
19.9984,20,STA,WIFI_DROP,
