Time_s,NodeID,NodeType,Action,Value
0,2,STA,FIXED_STA_DISTANCE,85.000000
0,3,STA,FIXED_STA_DISTANCE,85.000000
0,4,STA,FIXED_STA_DISTANCE,85.000000
0,5,STA,FIXED_STA_DISTANCE,85.000000
0,6,STA,FIXED_STA_DISTANCE,85.000000
0,7,STA,FIXED_STA_DISTANCE,85.000000
0,8,STA,FIXED_STA_DISTANCE,85.000000
0,9,STA,FIXED_STA_DISTANCE,85.000000
0,10,STA,FIXED_STA_DISTANCE,85.000000
0,11,STA,FIXED_STA_DISTANCE,85.000000
0,12,STA,FIXED_STA_DISTANCE,85.000000
0,13,STA,FIXED_STA_DISTANCE,85.000000
0,14,STA,FIXED_STA_DISTANCE,85.000000
0,15,STA,FIXED_STA_DISTANCE,85.000000
0,16,STA,FIXED_STA_DISTANCE,85.000000
0,17,STA,FIXED_STA_DISTANCE,85.000000
0,18,STA,FIXED_STA_DISTANCE,85.000000
0,19,STA,FIXED_STA_DISTANCE,85.000000
0,20,STA,FIXED_STA_DISTANCE,85.000000
0,21,STA,FIXED_STA_DISTANCE,85.000000
0,2,STA,FIXED_TX_POWER_DBM,24.000000
0,2,STA,NAKAGAMI_FADING,1.000000
0.050625,17,STA,ASSOC,
0.050625,17,STA,JOINED,
0.058837,7,STA,ASSOC,
0.058837,7,STA,JOINED,
0.0617157,3,STA,ASSOC,
0.0617157,3,STA,JOINED,
0.0627363,2,STA,ASSOC,
0.0627363,2,STA,JOINED,
0.0671656,15,STA,ASSOC,
0.0671656,15,STA,JOINED,
0.0688712,16,STA,ASSOC,
0.0688712,16,STA,JOINED,
0.102697,6,STA,ASSOC,
0.102697,6,STA,JOINED,
0.154049,4,STA,ASSOC,
0.154049,4,STA,JOINED,
0.155901,21,STA,ASSOC,
0.155901,21,STA,JOINED,
0.159058,18,STA,ASSOC,
0.159058,18,STA,JOINED,
0.159971,12,STA,ASSOC,
0.159971,12,STA,JOINED,
0.164784,11,STA,ASSOC,
0.164784,11,STA,JOINED,
0.202663,5,STA,ASSOC,
0.202663,5,STA,JOINED,
0.252423,13,STA,ASSOC,
0.252423,13,STA,JOINED,
0.552761,20,STA,ASSOC,
0.552761,20,STA,JOINED,
0.562104,19,STA,ASSOC,
0.562104,19,STA,JOINED,
0.602636,10,STA,ASSOC,
0.602636,10,STA,JOINED,
0.652925,9,STA,ASSOC,
0.652925,9,STA,JOINED,
1,1,AP,SENT_COUNT,
1,1,AP,RECV_COUNT,
1,8,STA,WIFI_DROP,
1,14,STA,WIFI_DROP,
1.0024,8,STA,WIFI_DROP,
1.0024,14,STA,WIFI_DROP,
1.0048,8,STA,WIFI_DROP,
1.0048,14,STA,WIFI_DROP,
1.0072,8,STA,WIFI_DROP,
1.0072,14,STA,WIFI_DROP,
1.0096,8,STA,WIFI_DROP,
1.0096,14,STA,WIFI_DROP,
1.012,8,STA,WIFI_DROP,
1.012,14,STA,WIFI_DROP,
1.0144,8,STA,WIFI_DROP,
1.0144,14,STA,WIFI_DROP,
1.0168,8,STA,WIFI_DROP,
1.0168,14,STA,WIFI_DROP,
1.0192,8,STA,WIFI_DROP,
1.0192,14,STA,WIFI_DROP,
1.0216,8,STA,WIFI_DROP,
1.0216,14,STA,WIFI_DROP,
1.024,8,STA,WIFI_DROP,
1.024,14,STA,WIFI_DROP,
1.0264,8,STA,WIFI_DROP,
1.0264,14,STA,WIFI_DROP,
1.0288,8,STA,WIFI_DROP,
1.0288,14,STA,WIFI_DROP,
1.0312,8,STA,WIFI_DROP,
1.0312,14,STA,WIFI_DROP,
1.0336,8,STA,WIFI_DROP,
1.0336,14,STA,WIFI_DROP,
1.036,8,STA,WIFI_DROP,
1.036,14,STA,WIFI_DROP,
1.0384,8,STA,WIFI_DROP,
1.0384,14,STA,WIFI_DROP,
1.0408,8,STA,WIFI_DROP,
1.0408,14,STA,WIFI_DROP,
1.0432,8,STA,WIFI_DROP,
1.0432,14,STA,WIFI_DROP,
1.0456,8,STA,WIFI_DROP,
1.0456,14,STA,WIFI_DROP,
1.048,8,STA,WIFI_DROP,
1.048,14,STA,WIFI_DROP,
1.0504,8,STA,WIFI_DROP,
1.0504,14,STA,WIFI_DROP,
1.0528,8,STA,WIFI_DROP,
1.0528,14,STA,WIFI_DROP,
1.05337,8,STA,ASSOC,
1.05337,8,STA,JOINED,
1.05372,14,STA,ASSOC,
1.05372,14,STA,JOINED,
1.0744,8,STA,WIFI_DROP,
1.0744,14,STA,WIFI_DROP,
1.0768,8,STA,WIFI_DROP,
1.0768,14,STA,WIFI_DROP,
1.0792,8,STA,WIFI_DROP,
1.0792,14,STA,WIFI_DROP,
1.0816,8,STA,WIFI_DROP,
1.0816,14,STA,WIFI_DROP,
1.084,8,STA,WIFI_DROP,
1.084,14,STA,WIFI_DROP,
1.0864,8,STA,WIFI_DROP,
1.0864,14,STA,WIFI_DROP,
1.0888,8,STA,WIFI_DROP,
1.0888,14,STA,WIFI_DROP,
1.0912,8,STA,WIFI_DROP,
1.0912,14,STA,WIFI_DROP,
1.0936,8,STA,WIFI_DROP,
1.0936,14,STA,WIFI_DROP,
1.096,8,STA,WIFI_DROP,
1.096,14,STA,WIFI_DROP,
1.0984,8,STA,WIFI_DROP,
1.0984,14,STA,WIFI_DROP,
1.1008,8,STA,WIFI_DROP,
1.1008,14,STA,WIFI_DROP,
1.1032,8,STA,WIFI_DROP,
1.1032,14,STA,WIFI_DROP,
1.1056,8,STA,WIFI_DROP,
1.1056,14,STA,WIFI_DROP,
1.108,8,STA,WIFI_DROP,
1.108,14,STA,WIFI_DROP,
1.1104,8,STA,WIFI_DROP,
1.1104,14,STA,WIFI_DROP,
1.1128,8,STA,WIFI_DROP,
1.1128,14,STA,WIFI_DROP,
1.1152,8,STA,WIFI_DROP,
1.1152,14,STA,WIFI_DROP,
1.1176,8,STA,WIFI_DROP,
1.1176,14,STA,WIFI_DROP,
1.12,8,STA,WIFI_DROP,
1.12,14,STA,WIFI_DROP,
1.1224,8,STA,WIFI_DROP,
1.1224,14,STA,WIFI_DROP,
1.1248,8,STA,WIFI_DROP,
1.1248,14,STA,WIFI_DROP,
1.1272,8,STA,WIFI_DROP,
1.1272,14,STA,WIFI_DROP,
1.1296,8,STA,WIFI_DROP,
1.1296,14,STA,WIFI_DROP,
1.132,8,STA,WIFI_DROP,
1.132,14,STA,WIFI_DROP,
1.1344,8,STA,WIFI_DROP,
1.1344,14,STA,WIFI_DROP,
1.1368,8,STA,WIFI_DROP,
1.1368,14,STA,WIFI_DROP,
1.1392,8,STA,WIFI_DROP,
1.1392,14,STA,WIFI_DROP,
1.1416,8,STA,WIFI_DROP,
1.1416,14,STA,WIFI_DROP,
1.144,8,STA,WIFI_DROP,
1.144,14,STA,WIFI_DROP,
1.1464,8,STA,WIFI_DROP,
1.1464,14,STA,WIFI_DROP,
1.1488,8,STA,WIFI_DROP,
1.1488,14,STA,WIFI_DROP,
1.1512,8,STA,WIFI_DROP,
1.1512,14,STA,WIFI_DROP,
1.1536,8,STA,WIFI_DROP,
1.1536,14,STA,WIFI_DROP,
1.156,8,STA,WIFI_DROP,
1.156,14,STA,WIFI_DROP,
1.1584,8,STA,WIFI_DROP,
1.1584,14,STA,WIFI_DROP,
1.1608,8,STA,WIFI_DROP,
1.1608,14,STA,WIFI_DROP,
1.1632,8,STA,WIFI_DROP,
1.1632,14,STA,WIFI_DROP,
1.1656,8,STA,WIFI_DROP,
1.1656,14,STA,WIFI_DROP,
1.168,8,STA,WIFI_DROP,
1.168,14,STA,WIFI_DROP,
1.1704,8,STA,WIFI_DROP,
1.1704,14,STA,WIFI_DROP,
1.1728,8,STA,WIFI_DROP,
1.1728,14,STA,WIFI_DROP,
1.1752,8,STA,WIFI_DROP,
1.1752,14,STA,WIFI_DROP,
1.1776,8,STA,WIFI_DROP,
1.18,8,STA,WIFI_DROP,
1.1824,8,STA,WIFI_DROP,
1.1848,8,STA,WIFI_DROP,
1.1872,8,STA,WIFI_DROP,
1.1896,8,STA,WIFI_DROP,
1.192,8,STA,WIFI_DROP,
1.1944,8,STA,WIFI_DROP,
1.1968,8,STA,WIFI_DROP,
1.1992,8,STA,WIFI_DROP,
1.2016,8,STA,WIFI_DROP,
1.204,8,STA,WIFI_DROP,
1.2064,8,STA,WIFI_DROP,
1.2088,8,STA,WIFI_DROP,
1.2112,8,STA,WIFI_DROP,
1.2136,8,STA,WIFI_DROP,
1.216,8,STA,WIFI_DROP,
1.2184,8,STA,WIFI_DROP,
1.2208,8,STA,WIFI_DROP,
1.2232,8,STA,WIFI_DROP,
1.2256,8,STA,WIFI_DROP,
1.444,13,STA,WIFI_DROP,
1.4464,13,STA,WIFI_DROP,
1.4488,13,STA,WIFI_DROP,
1.4512,13,STA,WIFI_DROP,
1.4536,13,STA,WIFI_DROP,
1.456,13,STA,WIFI_DROP,
1.4584,13,STA,WIFI_DROP,
1.4608,13,STA,WIFI_DROP,
1.4632,13,STA,WIFI_DROP,
1.4656,13,STA,WIFI_DROP,
1.468,13,STA,WIFI_DROP,
1.4704,13,STA,WIFI_DROP,
1.4728,13,STA,WIFI_DROP,
1.4752,13,STA,WIFI_DROP,
1.4776,13,STA,WIFI_DROP,
1.48,13,STA,WIFI_DROP,
1.4824,13,STA,WIFI_DROP,
1.4848,13,STA,WIFI_DROP,
1.4872,13,STA,WIFI_DROP,
1.4896,13,STA,WIFI_DROP,
1.492,13,STA,WIFI_DROP,
1.4944,13,STA,WIFI_DROP,
1.4968,13,STA,WIFI_DROP,
1.4992,13,STA,WIFI_DROP,
1.5016,13,STA,WIFI_DROP,
1.504,13,STA,WIFI_DROP,
1.5064,13,STA,WIFI_DROP,
1.5088,13,STA,WIFI_DROP,
1.5112,13,STA,WIFI_DROP,
1.5136,13,STA,WIFI_DROP,
1.516,13,STA,WIFI_DROP,
1.5184,13,STA,WIFI_DROP,
1.5208,13,STA,WIFI_DROP,
1.5232,13,STA,WIFI_DROP,
1.5256,13,STA,WIFI_DROP,
1.528,13,STA,WIFI_DROP,
1.5304,13,STA,WIFI_DROP,
1.5328,13,STA,WIFI_DROP,
1.5352,13,STA,WIFI_DROP,
1.5376,13,STA,WIFI_DROP,
1.54,13,STA,WIFI_DROP,
1.5424,13,STA,WIFI_DROP,
1.5448,13,STA,WIFI_DROP,
1.5472,13,STA,WIFI_DROP,
1.5496,13,STA,WIFI_DROP,
1.552,13,STA,WIFI_DROP,
1.5544,13,STA,WIFI_DROP,
1.5568,13,STA,WIFI_DROP,
1.5592,13,STA,WIFI_DROP,
1.5616,13,STA,WIFI_DROP,
1.564,13,STA,WIFI_DROP,
1.5664,13,STA,WIFI_DROP,
1.5688,13,STA,WIFI_DROP,
1.5712,13,STA,WIFI_DROP,
1.5736,13,STA,WIFI_DROP,
1.576,13,STA,WIFI_DROP,
1.5784,13,STA,WIFI_DROP,
1.5808,13,STA,WIFI_DROP,
1.5832,13,STA,WIFI_DROP,
1.5856,13,STA,WIFI_DROP,
1.588,13,STA,WIFI_DROP,
1.5904,13,STA,WIFI_DROP,
1.5928,13,STA,WIFI_DROP,
1.852,12,STA,WIFI_DROP,
1.8544,12,STA,WIFI_DROP,
1.8568,12,STA,WIFI_DROP,
1.8592,12,STA,WIFI_DROP,
1.8616,12,STA,WIFI_DROP,
1.864,12,STA,WIFI_DROP,
1.8664,12,STA,WIFI_DROP,
1.8688,12,STA,WIFI_DROP,
1.8712,12,STA,WIFI_DROP,
1.8736,12,STA,WIFI_DROP,
1.876,12,STA,WIFI_DROP,
1.8784,12,STA,WIFI_DROP,
1.8808,12,STA,WIFI_DROP,
1.8832,12,STA,WIFI_DROP,
1.8856,12,STA,WIFI_DROP,
1.888,12,STA,WIFI_DROP,
1.8904,12,STA,WIFI_DROP,
1.8928,12,STA,WIFI_DROP,
1.8952,12,STA,WIFI_DROP,
1.8976,12,STA,WIFI_DROP,
1.9,12,STA,WIFI_DROP,
1.9024,12,STA,WIFI_DROP,
1.9552,10,STA,WIFI_DROP,
1.9576,10,STA,WIFI_DROP,
1.96,10,STA,WIFI_DROP,
1.9624,10,STA,WIFI_DROP,
1.9648,10,STA,WIFI_DROP,
1.9672,10,STA,WIFI_DROP,
1.9696,10,STA,WIFI_DROP,
1.972,10,STA,WIFI_DROP,
1.9744,10,STA,WIFI_DROP,
1.9768,10,STA,WIFI_DROP,
1.9792,10,STA,WIFI_DROP,
1.9816,10,STA,WIFI_DROP,
1.984,10,STA,WIFI_DROP,
1.9864,10,STA,WIFI_DROP,
1.9888,10,STA,WIFI_DROP,
1.9912,10,STA,WIFI_DROP,
1.9936,10,STA,WIFI_DROP,
1.996,10,STA,WIFI_DROP,
1.9984,10,STA,WIFI_DROP,
2,2,STA,THROUGHPUT_MBPS,1.200000
2,3,STA,THROUGHPUT_MBPS,2.544000
2,5,STA,THROUGHPUT_MBPS,2.484000
2,6,STA,THROUGHPUT_MBPS,0.204000
2,7,STA,THROUGHPUT_MBPS,1.332000
2,8,STA,THROUGHPUT_MBPS,0.492000
2,9,STA,THROUGHPUT_MBPS,2.352000
2,10,STA,THROUGHPUT_MBPS,1.308000
2,11,STA,THROUGHPUT_MBPS,1.164000
2,12,STA,THROUGHPUT_MBPS,1.416000
2,14,STA,THROUGHPUT_MBPS,1.788000
2,15,STA,THROUGHPUT_MBPS,0.924000
2,16,STA,THROUGHPUT_MBPS,1.488000
2,17,STA,THROUGHPUT_MBPS,0.420000
2,18,STA,THROUGHPUT_MBPS,3.684000
2,19,STA,THROUGHPUT_MBPS,1.104000
2,21,STA,THROUGHPUT_MBPS,2.088000
2,1,AP,AGGREGATE_THROUGHPUT_MBPS,25.992000
2,1,AP,SENT_COUNT,8340.000000
2,1,AP,RECV_COUNT,2166.000000
2,1,AP,LATENCY_P95_MS,530.464342
2.0008,10,STA,WIFI_DROP,
2.0032,10,STA,WIFI_DROP,
2.0056,10,STA,WIFI_DROP,
2.8768,5,STA,WIFI_DROP,
2.8792,5,STA,WIFI_DROP,
2.8816,5,STA,WIFI_DROP,
2.884,5,STA,WIFI_DROP,
2.8864,5,STA,WIFI_DROP,
2.8888,5,STA,WIFI_DROP,
2.8912,5,STA,WIFI_DROP,
2.8936,5,STA,WIFI_DROP,
2.896,5,STA,WIFI_DROP,
2.8984,5,STA,WIFI_DROP,
2.9008,5,STA,WIFI_DROP,
2.9032,5,STA,WIFI_DROP,
2.9056,5,STA,WIFI_DROP,
2.908,5,STA,WIFI_DROP,
2.9104,5,STA,WIFI_DROP,
2.9128,5,STA,WIFI_DROP,
2.9152,5,STA,WIFI_DROP,
2.9176,5,STA,WIFI_DROP,
2.92,5,STA,WIFI_DROP,
2.9224,5,STA,WIFI_DROP,
2.9248,5,STA,WIFI_DROP,
2.9272,5,STA,WIFI_DROP,
2.9296,5,STA,WIFI_DROP,
2.932,5,STA,WIFI_DROP,
2.9344,5,STA,WIFI_DROP,
2.9368,5,STA,WIFI_DROP,
2.9392,5,STA,WIFI_DROP,
2.9416,5,STA,WIFI_DROP,
2.944,5,STA,WIFI_DROP,
2.9464,5,STA,WIFI_DROP,
2.9488,5,STA,WIFI_DROP,
2.9512,5,STA,WIFI_DROP,
2.9536,5,STA,WIFI_DROP,
2.956,5,STA,WIFI_DROP,
2.9584,5,STA,WIFI_DROP,
2.9608,5,STA,WIFI_DROP,
2.9632,5,STA,WIFI_DROP,
2.9656,5,STA,WIFI_DROP,
2.968,5,STA,WIFI_DROP,
2.9704,5,STA,WIFI_DROP,
2.9728,5,STA,WIFI_DROP,
2.9752,5,STA,WIFI_DROP,
2.9776,5,STA,WIFI_DROP,
2.98,5,STA,WIFI_DROP,
2.9824,5,STA,WIFI_DROP,
2.9848,5,STA,WIFI_DROP,
2.9872,5,STA,WIFI_DROP,
2.9896,5,STA,WIFI_DROP,
2.992,5,STA,WIFI_DROP,
2.9944,5,STA,WIFI_DROP,
2.9968,5,STA,WIFI_DROP,
2.9992,5,STA,WIFI_DROP,
3,3,STA,THROUGHPUT_MBPS,5.172000
3,5,STA,THROUGHPUT_MBPS,1.668000
3,6,STA,THROUGHPUT_MBPS,1.476000
3,7,STA,THROUGHPUT_MBPS,3.396000
3,8,STA,THROUGHPUT_MBPS,1.452000
3,9,STA,THROUGHPUT_MBPS,3.144000
3,10,STA,THROUGHPUT_MBPS,1.356000
3,11,STA,THROUGHPUT_MBPS,3.180000
3,12,STA,THROUGHPUT_MBPS,2.460000
3,14,STA,THROUGHPUT_MBPS,1.092000
3,15,STA,THROUGHPUT_MBPS,1.572000
3,16,STA,THROUGHPUT_MBPS,3.528000
3,17,STA,THROUGHPUT_MBPS,1.596000
3,18,STA,THROUGHPUT_MBPS,1.476000
3,19,STA,THROUGHPUT_MBPS,2.112000
3,21,STA,THROUGHPUT_MBPS,1.872000
3,1,AP,AGGREGATE_THROUGHPUT_MBPS,36.552000
3,1,AP,SENT_COUNT,8340.000000
3,1,AP,RECV_COUNT,3046.000000
3,1,AP,LATENCY_P95_MS,536.434318
3.0016,5,STA,WIFI_DROP,
3.004,5,STA,WIFI_DROP,
3.0064,5,STA,WIFI_DROP,
3.0088,5,STA,WIFI_DROP,
3.0112,5,STA,WIFI_DROP,
3.0136,5,STA,WIFI_DROP,
3.016,5,STA,WIFI_DROP,
3.0184,5,STA,WIFI_DROP,
3.0208,5,STA,WIFI_DROP,
3.0232,5,STA,WIFI_DROP,
3.0256,5,STA,WIFI_DROP,
3.028,5,STA,WIFI_DROP,
3.1912,7,STA,WIFI_DROP,
3.1936,7,STA,WIFI_DROP,
3.196,7,STA,WIFI_DROP,
3.1984,7,STA,WIFI_DROP,
3.2008,7,STA,WIFI_DROP,
3.2032,7,STA,WIFI_DROP,
3.2056,7,STA,WIFI_DROP,
3.208,7,STA,WIFI_DROP,
3.2104,7,STA,WIFI_DROP,
3.2128,7,STA,WIFI_DROP,
3.2152,7,STA,WIFI_DROP,
3.2176,7,STA,WIFI_DROP,
3.22,7,STA,WIFI_DROP,
3.2224,7,STA,WIFI_DROP,
3.2248,7,STA,WIFI_DROP,
3.2272,7,STA,WIFI_DROP,
3.2296,7,STA,WIFI_DROP,
3.232,7,STA,WIFI_DROP,
3.2344,7,STA,WIFI_DROP,
3.2368,7,STA,WIFI_DROP,
3.2392,7,STA,WIFI_DROP,
3.2416,7,STA,WIFI_DROP,
3.244,7,STA,WIFI_DROP,
3.2464,7,STA,WIFI_DROP,
3.2488,7,STA,WIFI_DROP,
3.2512,7,STA,WIFI_DROP,
3.2536,7,STA,WIFI_DROP,
3.256,7,STA,WIFI_DROP,
3.2584,7,STA,WIFI_DROP,
3.2608,7,STA,WIFI_DROP,
3.2632,7,STA,WIFI_DROP,
3.2656,7,STA,WIFI_DROP,
3.268,7,STA,WIFI_DROP,
3.2704,7,STA,WIFI_DROP,
3.2728,7,STA,WIFI_DROP,
3.2752,7,STA,WIFI_DROP,
3.2776,7,STA,WIFI_DROP,
3.28,7,STA,WIFI_DROP,
3.2824,7,STA,WIFI_DROP,
3.2848,7,STA,WIFI_DROP,
3.2872,7,STA,WIFI_DROP,
3.2896,7,STA,WIFI_DROP,
3.292,7,STA,WIFI_DROP,
3.2944,7,STA,WIFI_DROP,
3.2968,7,STA,WIFI_DROP,
3.2992,7,STA,WIFI_DROP,
3.3016,7,STA,WIFI_DROP,
3.304,7,STA,WIFI_DROP,
3.3064,7,STA,WIFI_DROP,
3.3088,7,STA,WIFI_DROP,
3.3112,7,STA,WIFI_DROP,
3.3136,7,STA,WIFI_DROP,
3.316,7,STA,WIFI_DROP,
3.3184,7,STA,WIFI_DROP,
3.3208,7,STA,WIFI_DROP,
3.3232,7,STA,WIFI_DROP,
3.3256,7,STA,WIFI_DROP,
3.328,7,STA,WIFI_DROP,
3.3304,7,STA,WIFI_DROP,
3.3328,7,STA,WIFI_DROP,
3.3352,7,STA,WIFI_DROP,
3.3376,7,STA,WIFI_DROP,
3.34,7,STA,WIFI_DROP,
3.8008,21,STA,WIFI_DROP,
3.8032,21,STA,WIFI_DROP,
3.8056,21,STA,WIFI_DROP,
3.808,21,STA,WIFI_DROP,
3.8104,21,STA,WIFI_DROP,
3.8128,21,STA,WIFI_DROP,
3.8152,21,STA,WIFI_DROP,
3.8176,21,STA,WIFI_DROP,
3.82,21,STA,WIFI_DROP,
3.8224,21,STA,WIFI_DROP,
3.8248,21,STA,WIFI_DROP,
3.8272,21,STA,WIFI_DROP,
3.8296,21,STA,WIFI_DROP,
3.832,21,STA,WIFI_DROP,
3.8344,21,STA,WIFI_DROP,
3.8368,21,STA,WIFI_DROP,
3.8392,21,STA,WIFI_DROP,
3.8416,21,STA,WIFI_DROP,
3.844,21,STA,WIFI_DROP,
3.8464,21,STA,WIFI_DROP,
3.8488,21,STA,WIFI_DROP,
3.8512,21,STA,WIFI_DROP,
3.8536,21,STA,WIFI_DROP,
3.856,21,STA,WIFI_DROP,
3.8584,21,STA,WIFI_DROP,
3.8608,21,STA,WIFI_DROP,
3.8632,21,STA,WIFI_DROP,
3.8656,21,STA,WIFI_DROP,
3.868,21,STA,WIFI_DROP,
3.8704,21,STA,WIFI_DROP,
3.8728,21,STA,WIFI_DROP,
3.8752,21,STA,WIFI_DROP,
3.8776,21,STA,WIFI_DROP,
3.88,21,STA,WIFI_DROP,
3.8824,21,STA,WIFI_DROP,
3.8848,21,STA,WIFI_DROP,
3.8872,21,STA,WIFI_DROP,
3.8896,21,STA,WIFI_DROP,
3.892,21,STA,WIFI_DROP,
3.8944,21,STA,WIFI_DROP,
3.8968,21,STA,WIFI_DROP,
3.8992,21,STA,WIFI_DROP,
3.9016,21,STA,WIFI_DROP,
3.904,21,STA,WIFI_DROP,
3.9064,21,STA,WIFI_DROP,
3.9088,21,STA,WIFI_DROP,
3.9112,21,STA,WIFI_DROP,
3.9136,21,STA,WIFI_DROP,
3.916,21,STA,WIFI_DROP,
3.9184,21,STA,WIFI_DROP,
3.9208,21,STA,WIFI_DROP,
3.9232,21,STA,WIFI_DROP,
3.9256,21,STA,WIFI_DROP,
3.928,21,STA,WIFI_DROP,
3.9304,21,STA,WIFI_DROP,
3.9328,21,STA,WIFI_DROP,
3.9352,21,STA,WIFI_DROP,
3.9376,21,STA,WIFI_DROP,
3.94,21,STA,WIFI_DROP,
3.9424,21,STA,WIFI_DROP,
3.9448,21,STA,WIFI_DROP,
3.9472,21,STA,WIFI_DROP,
3.9496,21,STA,WIFI_DROP,
3.952,21,STA,WIFI_DROP,
3.9544,21,STA,WIFI_DROP,
3.9568,21,STA,WIFI_DROP,
3.9592,21,STA,WIFI_DROP,
3.9616,21,STA,WIFI_DROP,
3.964,21,STA,WIFI_DROP,
3.9664,21,STA,WIFI_DROP,
3.9688,21,STA,WIFI_DROP,
3.9712,21,STA,WIFI_DROP,
3.9736,21,STA,WIFI_DROP,
3.976,21,STA,WIFI_DROP,
3.9784,21,STA,WIFI_DROP,
3.9808,21,STA,WIFI_DROP,
3.9832,21,STA,WIFI_DROP,
3.9856,21,STA,WIFI_DROP,
3.988,21,STA,WIFI_DROP,
3.9904,21,STA,WIFI_DROP,
3.9928,21,STA,WIFI_DROP,
3.9952,21,STA,WIFI_DROP,
3.9976,21,STA,WIFI_DROP,
4,2,STA,THROUGHPUT_MBPS,1.392000
4,3,STA,THROUGHPUT_MBPS,2.532000
4,5,STA,THROUGHPUT_MBPS,2.844000
4,6,STA,THROUGHPUT_MBPS,6.084000
4,7,STA,THROUGHPUT_MBPS,2.856000
4,8,STA,THROUGHPUT_MBPS,2.928000
4,9,STA,THROUGHPUT_MBPS,1.416000
4,10,STA,THROUGHPUT_MBPS,2.868000
4,11,STA,THROUGHPUT_MBPS,0.588000
4,12,STA,THROUGHPUT_MBPS,1.452000
4,14,STA,THROUGHPUT_MBPS,0.852000
4,15,STA,THROUGHPUT_MBPS,3.468000
4,16,STA,THROUGHPUT_MBPS,2.772000
4,17,STA,THROUGHPUT_MBPS,4.692000
4,18,STA,THROUGHPUT_MBPS,1.212000
4,19,STA,THROUGHPUT_MBPS,2.124000
4,21,STA,THROUGHPUT_MBPS,0.816000
4,1,AP,AGGREGATE_THROUGHPUT_MBPS,40.896000
4,1,AP,SENT_COUNT,8320.000000
4,1,AP,RECV_COUNT,3408.000000
4,1,AP,LATENCY_P95_MS,533.050626
4,21,STA,WIFI_DROP,
4.0024,21,STA,WIFI_DROP,
4.0048,21,STA,WIFI_DROP,
4.0072,21,STA,WIFI_DROP,
4.0096,21,STA,WIFI_DROP,
4.012,21,STA,WIFI_DROP,
4.0144,21,STA,WIFI_DROP,
4.0168,21,STA,WIFI_DROP,
4.0192,21,STA,WIFI_DROP,
4.0216,21,STA,WIFI_DROP,
4.024,21,STA,WIFI_DROP,
4.0264,21,STA,WIFI_DROP,
4.0288,21,STA,WIFI_DROP,
4.0312,21,STA,WIFI_DROP,
4.0336,21,STA,WIFI_DROP,
4.036,21,STA,WIFI_DROP,
4.0384,21,STA,WIFI_DROP,
4.0408,21,STA,WIFI_DROP,
4.0432,21,STA,WIFI_DROP,
4.0456,21,STA,WIFI_DROP,
4.048,21,STA,WIFI_DROP,
4.0504,21,STA,WIFI_DROP,
4.0528,21,STA,WIFI_DROP,
4.0552,21,STA,WIFI_DROP,
4.0576,21,STA,WIFI_DROP,
4.06,21,STA,WIFI_DROP,
4.0624,21,STA,WIFI_DROP,
4.0648,21,STA,WIFI_DROP,
4.0672,21,STA,WIFI_DROP,
4.0696,21,STA,WIFI_DROP,
4.072,21,STA,WIFI_DROP,
4.0744,21,STA,WIFI_DROP,
4.0768,21,STA,WIFI_DROP,
4.0792,21,STA,WIFI_DROP,
4.0816,21,STA,WIFI_DROP,
4.084,21,STA,WIFI_DROP,
4.0864,21,STA,WIFI_DROP,
4.0888,21,STA,WIFI_DROP,
4.0912,21,STA,WIFI_DROP,
4.0936,21,STA,WIFI_DROP,
4.096,21,STA,WIFI_DROP,
4.0984,21,STA,WIFI_DROP,
4.1008,21,STA,WIFI_DROP,
4.1032,21,STA,WIFI_DROP,
4.1056,3,STA,WIFI_DROP,
4.1056,13,STA,WIFI_DROP,
4.1056,21,STA,WIFI_DROP,
4.108,3,STA,WIFI_DROP,
4.108,13,STA,WIFI_DROP,
4.108,21,STA,WIFI_DROP,
4.1104,3,STA,WIFI_DROP,
4.1104,13,STA,WIFI_DROP,
4.1104,21,STA,WIFI_DROP,
4.1128,3,STA,WIFI_DROP,
4.1128,13,STA,WIFI_DROP,
4.1128,21,STA,WIFI_DROP,
4.1152,3,STA,WIFI_DROP,
4.1152,13,STA,WIFI_DROP,
4.1152,21,STA,WIFI_DROP,
4.1176,3,STA,WIFI_DROP,
4.1176,13,STA,WIFI_DROP,
4.1176,21,STA,WIFI_DROP,
4.12,3,STA,WIFI_DROP,
4.12,13,STA,WIFI_DROP,
4.12,21,STA,WIFI_DROP,
4.1224,3,STA,WIFI_DROP,
4.1224,13,STA,WIFI_DROP,
4.1224,21,STA,WIFI_DROP,
4.1248,3,STA,WIFI_DROP,
4.1248,13,STA,WIFI_DROP,
4.1248,21,STA,WIFI_DROP,
4.1272,3,STA,WIFI_DROP,
4.1272,13,STA,WIFI_DROP,
4.1272,21,STA,WIFI_DROP,
4.1296,3,STA,WIFI_DROP,
4.1296,13,STA,WIFI_DROP,
4.1296,21,STA,WIFI_DROP,
4.132,3,STA,WIFI_DROP,
4.132,13,STA,WIFI_DROP,
4.132,21,STA,WIFI_DROP,
4.1344,3,STA,WIFI_DROP,
4.1344,13,STA,WIFI_DROP,
4.1344,21,STA,WIFI_DROP,
4.1368,3,STA,WIFI_DROP,
4.1368,13,STA,WIFI_DROP,
4.1368,21,STA,WIFI_DROP,
4.1392,3,STA,WIFI_DROP,
4.1392,13,STA,WIFI_DROP,
4.1392,21,STA,WIFI_DROP,
4.1416,3,STA,WIFI_DROP,
4.1416,13,STA,WIFI_DROP,
4.1416,21,STA,WIFI_DROP,
4.144,3,STA,WIFI_DROP,
4.144,13,STA,WIFI_DROP,
4.144,21,STA,WIFI_DROP,
4.1464,3,STA,WIFI_DROP,
4.1464,13,STA,WIFI_DROP,
4.1464,21,STA,WIFI_DROP,
4.1488,3,STA,WIFI_DROP,
4.1488,13,STA,WIFI_DROP,
4.1488,21,STA,WIFI_DROP,
4.1512,3,STA,WIFI_DROP,
4.1512,13,STA,WIFI_DROP,
4.1512,21,STA,WIFI_DROP,
4.1536,3,STA,WIFI_DROP,
4.1536,13,STA,WIFI_DROP,
4.1536,21,STA,WIFI_DROP,
4.156,3,STA,WIFI_DROP,
4.156,13,STA,WIFI_DROP,
4.156,21,STA,WIFI_DROP,
4.1584,3,STA,WIFI_DROP,
4.1584,13,STA,WIFI_DROP,
4.1584,21,STA,WIFI_DROP,
4.1608,3,STA,WIFI_DROP,
4.1608,13,STA,WIFI_DROP,
4.1608,21,STA,WIFI_DROP,
4.1632,3,STA,WIFI_DROP,
4.1632,13,STA,WIFI_DROP,
4.1632,21,STA,WIFI_DROP,
4.1656,3,STA,WIFI_DROP,
4.1656,13,STA,WIFI_DROP,
4.1656,21,STA,WIFI_DROP,
4.168,3,STA,WIFI_DROP,
4.168,13,STA,WIFI_DROP,
4.168,21,STA,WIFI_DROP,
4.1704,3,STA,WIFI_DROP,
4.1704,13,STA,WIFI_DROP,
4.1704,21,STA,WIFI_DROP,
4.1728,3,STA,WIFI_DROP,
4.1728,13,STA,WIFI_DROP,
4.1728,21,STA,WIFI_DROP,
4.1752,3,STA,WIFI_DROP,
4.1752,13,STA,WIFI_DROP,
4.1752,21,STA,WIFI_DROP,
4.1776,3,STA,WIFI_DROP,
4.1776,13,STA,WIFI_DROP,
4.1776,21,STA,WIFI_DROP,
4.18,3,STA,WIFI_DROP,
4.18,13,STA,WIFI_DROP,
4.18,21,STA,WIFI_DROP,
4.1824,3,STA,WIFI_DROP,
4.1824,13,STA,WIFI_DROP,
4.1824,21,STA,WIFI_DROP,
4.1848,3,STA,WIFI_DROP,
4.1848,13,STA,WIFI_DROP,
4.1848,21,STA,WIFI_DROP,
4.1872,3,STA,WIFI_DROP,
4.1872,13,STA,WIFI_DROP,
4.1872,21,STA,WIFI_DROP,
4.1896,3,STA,WIFI_DROP,
4.1896,13,STA,WIFI_DROP,
4.1896,21,STA,WIFI_DROP,
4.192,3,STA,WIFI_DROP,
4.192,13,STA,WIFI_DROP,
4.192,21,STA,WIFI_DROP,
4.1944,3,STA,WIFI_DROP,
4.1944,13,STA,WIFI_DROP,
4.1944,21,STA,WIFI_DROP,
4.1968,3,STA,WIFI_DROP,
4.1968,13,STA,WIFI_DROP,
4.1968,21,STA,WIFI_DROP,
4.1992,3,STA,WIFI_DROP,
4.1992,13,STA,WIFI_DROP,
4.1992,21,STA,WIFI_DROP,
4.2016,3,STA,WIFI_DROP,
4.2016,13,STA,WIFI_DROP,
4.2016,21,STA,WIFI_DROP,
4.204,3,STA,WIFI_DROP,
4.204,13,STA,WIFI_DROP,
4.204,21,STA,WIFI_DROP,
4.2064,3,STA,WIFI_DROP,
4.2064,13,STA,WIFI_DROP,
4.2064,21,STA,WIFI_DROP,
4.2088,3,STA,WIFI_DROP,
4.2088,13,STA,WIFI_DROP,
4.2088,21,STA,WIFI_DROP,
4.2112,3,STA,WIFI_DROP,
4.2112,13,STA,WIFI_DROP,
4.2112,21,STA,WIFI_DROP,
4.2136,3,STA,WIFI_DROP,
4.2136,13,STA,WIFI_DROP,
4.2136,21,STA,WIFI_DROP,
4.216,3,STA,WIFI_DROP,
4.216,13,STA,WIFI_DROP,
4.216,21,STA,WIFI_DROP,
4.2184,3,STA,WIFI_DROP,
4.2184,13,STA,WIFI_DROP,
4.2184,21,STA,WIFI_DROP,
4.2208,3,STA,WIFI_DROP,
4.2208,13,STA,WIFI_DROP,
4.2208,21,STA,WIFI_DROP,
4.2232,3,STA,WIFI_DROP,
4.2232,13,STA,WIFI_DROP,
4.2232,21,STA,WIFI_DROP,
4.2256,3,STA,WIFI_DROP,
4.2256,13,STA,WIFI_DROP,
4.2256,21,STA,WIFI_DROP,
4.228,3,STA,WIFI_DROP,
4.228,13,STA,WIFI_DROP,
4.228,21,STA,WIFI_DROP,
4.2304,3,STA,WIFI_DROP,
4.2304,13,STA,WIFI_DROP,
4.2304,21,STA,WIFI_DROP,
4.2328,3,STA,WIFI_DROP,
4.2328,13,STA,WIFI_DROP,
4.2328,21,STA,WIFI_DROP,
4.2352,3,STA,WIFI_DROP,
4.2352,13,STA,WIFI_DROP,
4.2352,21,STA,WIFI_DROP,
4.2376,3,STA,WIFI_DROP,
4.2376,13,STA,WIFI_DROP,
4.2376,21,STA,WIFI_DROP,
4.24,3,STA,WIFI_DROP,
4.24,13,STA,WIFI_DROP,
4.24,21,STA,WIFI_DROP,
4.2424,3,STA,WIFI_DROP,
4.2424,13,STA,WIFI_DROP,
4.2424,21,STA,WIFI_DROP,
4.2448,3,STA,WIFI_DROP,
4.2448,13,STA,WIFI_DROP,
4.2448,21,STA,WIFI_DROP,
4.2472,3,STA,WIFI_DROP,
4.2472,13,STA,WIFI_DROP,
4.2472,21,STA,WIFI_DROP,
4.2496,3,STA,WIFI_DROP,
4.2496,13,STA,WIFI_DROP,
4.2496,21,STA,WIFI_DROP,
4.252,3,STA,WIFI_DROP,
4.252,13,STA,WIFI_DROP,
4.252,21,STA,WIFI_DROP,
4.2544,3,STA,WIFI_DROP,
4.2544,13,STA,WIFI_DROP,
4.2544,21,STA,WIFI_DROP,
4.2568,3,STA,WIFI_DROP,
4.2568,13,STA,WIFI_DROP,
4.2568,21,STA,WIFI_DROP,
4.2592,3,STA,WIFI_DROP,
4.2592,13,STA,WIFI_DROP,
4.2592,21,STA,WIFI_DROP,
4.2616,3,STA,WIFI_DROP,
4.2616,13,STA,WIFI_DROP,
4.2616,21,STA,WIFI_DROP,
4.264,3,STA,WIFI_DROP,
4.264,13,STA,WIFI_DROP,
4.264,21,STA,WIFI_DROP,
4.2664,3,STA,WIFI_DROP,
4.2664,13,STA,WIFI_DROP,
4.2664,21,STA,WIFI_DROP,
4.2688,3,STA,WIFI_DROP,
4.2688,13,STA,WIFI_DROP,
4.2688,21,STA,WIFI_DROP,
4.2712,3,STA,WIFI_DROP,
4.2712,13,STA,WIFI_DROP,
4.2712,21,STA,WIFI_DROP,
4.2736,3,STA,WIFI_DROP,
4.2736,13,STA,WIFI_DROP,
4.2736,21,STA,WIFI_DROP,
4.276,3,STA,WIFI_DROP,
4.276,13,STA,WIFI_DROP,
4.276,21,STA,WIFI_DROP,
4.2784,3,STA,WIFI_DROP,
4.2784,13,STA,WIFI_DROP,
4.2784,21,STA,WIFI_DROP,
4.2808,3,STA,WIFI_DROP,
4.2808,13,STA,WIFI_DROP,
4.2808,21,STA,WIFI_DROP,
4.2832,3,STA,WIFI_DROP,
4.2832,13,STA,WIFI_DROP,
4.2832,21,STA,WIFI_DROP,
4.2856,3,STA,WIFI_DROP,
4.2856,13,STA,WIFI_DROP,
4.2856,21,STA,WIFI_DROP,
4.288,3,STA,WIFI_DROP,
4.288,13,STA,WIFI_DROP,
4.288,21,STA,WIFI_DROP,
4.2904,3,STA,WIFI_DROP,
4.2904,13,STA,WIFI_DROP,
4.2904,21,STA,WIFI_DROP,
4.2928,3,STA,WIFI_DROP,
4.2928,13,STA,WIFI_DROP,
4.2928,21,STA,WIFI_DROP,
4.2952,3,STA,WIFI_DROP,
4.2952,13,STA,WIFI_DROP,
4.2952,21,STA,WIFI_DROP,
4.2976,3,STA,WIFI_DROP,
4.2976,13,STA,WIFI_DROP,
4.2976,21,STA,WIFI_DROP,
4.3,3,STA,WIFI_DROP,
4.3,13,STA,WIFI_DROP,
4.3,21,STA,WIFI_DROP,
4.3024,3,STA,WIFI_DROP,
4.3024,13,STA,WIFI_DROP,
4.3024,21,STA,WIFI_DROP,
4.3048,3,STA,WIFI_DROP,
4.3048,13,STA,WIFI_DROP,
4.3048,21,STA,WIFI_DROP,
4.3072,3,STA,WIFI_DROP,
4.3072,13,STA,WIFI_DROP,
4.3072,21,STA,WIFI_DROP,
4.3096,3,STA,WIFI_DROP,
4.3096,13,STA,WIFI_DROP,
4.3096,21,STA,WIFI_DROP,
4.312,3,STA,WIFI_DROP,
4.312,13,STA,WIFI_DROP,
4.312,21,STA,WIFI_DROP,
4.3144,3,STA,WIFI_DROP,
4.3144,13,STA,WIFI_DROP,
4.3144,21,STA,WIFI_DROP,
4.3168,3,STA,WIFI_DROP,
4.3168,13,STA,WIFI_DROP,
4.3168,21,STA,WIFI_DROP,
4.3192,3,STA,WIFI_DROP,
4.3192,13,STA,WIFI_DROP,
4.3192,21,STA,WIFI_DROP,
4.3216,3,STA,WIFI_DROP,
4.3216,13,STA,WIFI_DROP,
4.3216,21,STA,WIFI_DROP,
4.324,3,STA,WIFI_DROP,
4.324,13,STA,WIFI_DROP,
4.324,21,STA,WIFI_DROP,
4.3264,3,STA,WIFI_DROP,
4.3264,13,STA,WIFI_DROP,
4.3264,21,STA,WIFI_DROP,
4.3288,3,STA,WIFI_DROP,
4.3288,13,STA,WIFI_DROP,
4.3288,21,STA,WIFI_DROP,
4.3312,3,STA,WIFI_DROP,
4.3312,13,STA,WIFI_DROP,
4.3312,21,STA,WIFI_DROP,
4.3336,3,STA,WIFI_DROP,
4.3336,13,STA,WIFI_DROP,
4.3336,21,STA,WIFI_DROP,
4.336,3,STA,WIFI_DROP,
4.336,13,STA,WIFI_DROP,
4.336,21,STA,WIFI_DROP,
4.3384,3,STA,WIFI_DROP,
4.3384,13,STA,WIFI_DROP,
4.3384,21,STA,WIFI_DROP,
4.3408,3,STA,WIFI_DROP,
4.3408,13,STA,WIFI_DROP,
4.3408,21,STA,WIFI_DROP,
4.3432,3,STA,WIFI_DROP,
4.3432,13,STA,WIFI_DROP,
4.3432,21,STA,WIFI_DROP,
4.3456,3,STA,WIFI_DROP,
4.3456,13,STA,WIFI_DROP,
4.3456,21,STA,WIFI_DROP,
4.348,3,STA,WIFI_DROP,
4.348,13,STA,WIFI_DROP,
4.348,21,STA,WIFI_DROP,
4.3504,3,STA,WIFI_DROP,
4.3504,13,STA,WIFI_DROP,
4.3504,21,STA,WIFI_DROP,
4.3528,3,STA,WIFI_DROP,
4.3528,13,STA,WIFI_DROP,
4.3528,21,STA,WIFI_DROP,
4.3552,3,STA,WIFI_DROP,
4.3552,13,STA,WIFI_DROP,
4.3552,21,STA,WIFI_DROP,
4.3576,13,STA,WIFI_DROP,
4.3576,21,STA,WIFI_DROP,
4.36,13,STA,WIFI_DROP,
4.36,21,STA,WIFI_DROP,
4.3624,13,STA,WIFI_DROP,
4.3624,21,STA,WIFI_DROP,
4.3648,13,STA,WIFI_DROP,
4.3648,21,STA,WIFI_DROP,
4.3672,13,STA,WIFI_DROP,
4.3672,21,STA,WIFI_DROP,
4.3696,13,STA,WIFI_DROP,
4.3696,21,STA,WIFI_DROP,
4.372,13,STA,WIFI_DROP,
4.372,21,STA,WIFI_DROP,
4.3744,13,STA,WIFI_DROP,
4.3744,21,STA,WIFI_DROP,
4.3768,13,STA,WIFI_DROP,
4.3768,21,STA,WIFI_DROP,
4.3792,13,STA,WIFI_DROP,
4.3792,21,STA,WIFI_DROP,
4.3816,13,STA,WIFI_DROP,
4.3816,21,STA,WIFI_DROP,
4.384,13,STA,WIFI_DROP,
4.384,21,STA,WIFI_DROP,
4.3864,13,STA,WIFI_DROP,
4.3864,21,STA,WIFI_DROP,
4.3888,13,STA,WIFI_DROP,
4.3888,21,STA,WIFI_DROP,
4.3912,13,STA,WIFI_DROP,
4.3912,21,STA,WIFI_DROP,
4.3936,13,STA,WIFI_DROP,
4.3936,21,STA,WIFI_DROP,
4.396,13,STA,WIFI_DROP,
4.396,21,STA,WIFI_DROP,
4.3984,13,STA,WIFI_DROP,
4.3984,21,STA,WIFI_DROP,
4.4008,13,STA,WIFI_DROP,
4.4008,21,STA,WIFI_DROP,
4.4032,13,STA,WIFI_DROP,
4.4032,21,STA,WIFI_DROP,
4.4056,13,STA,WIFI_DROP,
4.4056,21,STA,WIFI_DROP,
4.408,13,STA,WIFI_DROP,
4.408,21,STA,WIFI_DROP,
4.4104,13,STA,WIFI_DROP,
4.4104,21,STA,WIFI_DROP,
4.4128,13,STA,WIFI_DROP,
4.4128,21,STA,WIFI_DROP,
4.4152,13,STA,WIFI_DROP,
4.4152,21,STA,WIFI_DROP,
4.4176,13,STA,WIFI_DROP,
4.4176,21,STA,WIFI_DROP,
4.42,13,STA,WIFI_DROP,
4.42,21,STA,WIFI_DROP,
4.4224,13,STA,WIFI_DROP,
4.4224,21,STA,WIFI_DROP,
4.4248,13,STA,WIFI_DROP,
4.4248,21,STA,WIFI_DROP,
4.4272,13,STA,WIFI_DROP,
4.4272,21,STA,WIFI_DROP,
4.4296,13,STA,WIFI_DROP,
4.4296,21,STA,WIFI_DROP,
4.432,13,STA,WIFI_DROP,
4.432,21,STA,WIFI_DROP,
4.4344,13,STA,WIFI_DROP,
4.4344,21,STA,WIFI_DROP,
4.4368,13,STA,WIFI_DROP,
4.4368,21,STA,WIFI_DROP,
4.4392,13,STA,WIFI_DROP,
4.4392,21,STA,WIFI_DROP,
4.4416,13,STA,WIFI_DROP,
4.4416,21,STA,WIFI_DROP,
4.444,13,STA,WIFI_DROP,
4.444,21,STA,WIFI_DROP,
4.4464,13,STA,WIFI_DROP,
4.4464,21,STA,WIFI_DROP,
4.4488,13,STA,WIFI_DROP,
4.4488,21,STA,WIFI_DROP,
4.4512,13,STA,WIFI_DROP,
4.4512,21,STA,WIFI_DROP,
4.4536,13,STA,WIFI_DROP,
4.4536,21,STA,WIFI_DROP,
4.456,13,STA,WIFI_DROP,
4.456,21,STA,WIFI_DROP,
4.4584,13,STA,WIFI_DROP,
4.4584,21,STA,WIFI_DROP,
4.4608,13,STA,WIFI_DROP,
4.4608,21,STA,WIFI_DROP,
4.4632,13,STA,WIFI_DROP,
4.4632,21,STA,WIFI_DROP,
4.4656,13,STA,WIFI_DROP,
4.4656,21,STA,WIFI_DROP,
4.468,13,STA,WIFI_DROP,
4.468,21,STA,WIFI_DROP,
4.4704,13,STA,WIFI_DROP,
4.4704,21,STA,WIFI_DROP,
4.4728,13,STA,WIFI_DROP,
4.4728,21,STA,WIFI_DROP,
4.4752,13,STA,WIFI_DROP,
4.4752,21,STA,WIFI_DROP,
4.4776,13,STA,WIFI_DROP,
4.4776,21,STA,WIFI_DROP,
4.48,13,STA,WIFI_DROP,
4.48,21,STA,WIFI_DROP,
4.4824,13,STA,WIFI_DROP,
4.4824,21,STA,WIFI_DROP,
4.4848,13,STA,WIFI_DROP,
4.4848,21,STA,WIFI_DROP,
4.4872,13,STA,WIFI_DROP,
4.4872,21,STA,WIFI_DROP,
4.4896,13,STA,WIFI_DROP,
4.4896,21,STA,WIFI_DROP,
4.492,13,STA,WIFI_DROP,
4.492,21,STA,WIFI_DROP,
4.4944,13,STA,WIFI_DROP,
4.4944,21,STA,WIFI_DROP,
4.4968,13,STA,WIFI_DROP,
4.4968,21,STA,WIFI_DROP,
4.4992,13,STA,WIFI_DROP,
4.4992,21,STA,WIFI_DROP,
4.5016,13,STA,WIFI_DROP,
4.5016,21,STA,WIFI_DROP,
4.504,13,STA,WIFI_DROP,
4.504,21,STA,WIFI_DROP,
4.5064,13,STA,WIFI_DROP,
4.5064,21,STA,WIFI_DROP,
4.5088,13,STA,WIFI_DROP,
4.5088,21,STA,WIFI_DROP,
4.5112,13,STA,WIFI_DROP,
4.5112,21,STA,WIFI_DROP,
4.5136,13,STA,WIFI_DROP,
4.5136,21,STA,WIFI_DROP,
4.516,13,STA,WIFI_DROP,
4.516,21,STA,WIFI_DROP,
4.5184,13,STA,WIFI_DROP,
4.5184,21,STA,WIFI_DROP,
4.5208,13,STA,WIFI_DROP,
4.5208,21,STA,WIFI_DROP,
4.5232,13,STA,WIFI_DROP,
4.5232,21,STA,WIFI_DROP,
4.5256,13,STA,WIFI_DROP,
4.5256,21,STA,WIFI_DROP,
4.528,13,STA,WIFI_DROP,
4.528,21,STA,WIFI_DROP,
4.5304,13,STA,WIFI_DROP,
4.5304,21,STA,WIFI_DROP,
4.5328,13,STA,WIFI_DROP,
4.5328,21,STA,WIFI_DROP,
4.5352,13,STA,WIFI_DROP,
4.5352,21,STA,WIFI_DROP,
4.5376,13,STA,WIFI_DROP,
4.5376,21,STA,WIFI_DROP,
4.54,13,STA,WIFI_DROP,
4.54,21,STA,WIFI_DROP,
4.5424,13,STA,WIFI_DROP,
4.5424,21,STA,WIFI_DROP,
4.5448,13,STA,WIFI_DROP,
4.5448,21,STA,WIFI_DROP,
4.5472,13,STA,WIFI_DROP,
4.5472,21,STA,WIFI_DROP,
4.5496,13,STA,WIFI_DROP,
4.5496,21,STA,WIFI_DROP,
4.552,13,STA,WIFI_DROP,
4.552,21,STA,WIFI_DROP,
4.5544,13,STA,WIFI_DROP,
4.5544,21,STA,WIFI_DROP,
4.5568,13,STA,WIFI_DROP,
4.5568,21,STA,WIFI_DROP,
4.5592,13,STA,WIFI_DROP,
4.5592,21,STA,WIFI_DROP,
4.5616,13,STA,WIFI_DROP,
4.5616,21,STA,WIFI_DROP,
4.564,13,STA,WIFI_DROP,
4.564,21,STA,WIFI_DROP,
4.5664,13,STA,WIFI_DROP,
4.5664,21,STA,WIFI_DROP,
4.5688,13,STA,WIFI_DROP,
4.5688,21,STA,WIFI_DROP,
4.5712,13,STA,WIFI_DROP,
4.5712,21,STA,WIFI_DROP,
4.5736,13,STA,WIFI_DROP,
4.5736,21,STA,WIFI_DROP,
4.576,13,STA,WIFI_DROP,
4.576,21,STA,WIFI_DROP,
4.5784,13,STA,WIFI_DROP,
4.5784,21,STA,WIFI_DROP,
4.5808,13,STA,WIFI_DROP,
4.5808,21,STA,WIFI_DROP,
4.5832,13,STA,WIFI_DROP,
4.5832,21,STA,WIFI_DROP,
4.5856,13,STA,WIFI_DROP,
4.5856,21,STA,WIFI_DROP,
4.588,13,STA,WIFI_DROP,
4.588,21,STA,WIFI_DROP,
4.5904,13,STA,WIFI_DROP,
4.5904,21,STA,WIFI_DROP,
4.5928,13,STA,WIFI_DROP,
4.5928,21,STA,WIFI_DROP,
4.5952,13,STA,WIFI_DROP,
4.5952,21,STA,WIFI_DROP,
4.5976,13,STA,WIFI_DROP,
4.5976,21,STA,WIFI_DROP,
4.6,13,STA,WIFI_DROP,
4.6,21,STA,WIFI_DROP,
4.6024,13,STA,WIFI_DROP,
4.6024,21,STA,WIFI_DROP,
4.6048,13,STA,WIFI_DROP,
4.6048,21,STA,WIFI_DROP,
4.6072,13,STA,WIFI_DROP,
4.6072,21,STA,WIFI_DROP,
4.6096,13,STA,WIFI_DROP,
4.6096,21,STA,WIFI_DROP,
4.612,13,STA,WIFI_DROP,
4.612,21,STA,WIFI_DROP,
4.6144,13,STA,WIFI_DROP,
4.6144,21,STA,WIFI_DROP,
4.6168,13,STA,WIFI_DROP,
4.6168,21,STA,WIFI_DROP,
4.6192,13,STA,WIFI_DROP,
4.6192,21,STA,WIFI_DROP,
4.6216,13,STA,WIFI_DROP,
4.6216,21,STA,WIFI_DROP,
4.624,13,STA,WIFI_DROP,
4.624,21,STA,WIFI_DROP,
4.6264,13,STA,WIFI_DROP,
4.6264,21,STA,WIFI_DROP,
4.6288,13,STA,WIFI_DROP,
4.6288,21,STA,WIFI_DROP,
4.6312,13,STA,WIFI_DROP,
4.6312,21,STA,WIFI_DROP,
4.6336,13,STA,WIFI_DROP,
4.6336,21,STA,WIFI_DROP,
4.636,13,STA,WIFI_DROP,
4.636,21,STA,WIFI_DROP,
4.6384,13,STA,WIFI_DROP,
4.6384,21,STA,WIFI_DROP,
4.6408,13,STA,WIFI_DROP,
4.6408,21,STA,WIFI_DROP,
4.6432,13,STA,WIFI_DROP,
4.6432,21,STA,WIFI_DROP,
4.6456,13,STA,WIFI_DROP,
4.6456,21,STA,WIFI_DROP,
4.648,13,STA,WIFI_DROP,
4.648,21,STA,WIFI_DROP,
4.6504,13,STA,WIFI_DROP,
4.6504,21,STA,WIFI_DROP,
4.6528,13,STA,WIFI_DROP,
4.6528,21,STA,WIFI_DROP,
4.6552,13,STA,WIFI_DROP,
4.6552,21,STA,WIFI_DROP,
4.6576,13,STA,WIFI_DROP,
4.6576,21,STA,WIFI_DROP,
4.66,13,STA,WIFI_DROP,
4.66,21,STA,WIFI_DROP,
4.6624,13,STA,WIFI_DROP,
4.6624,21,STA,WIFI_DROP,
4.6648,13,STA,WIFI_DROP,
4.6648,21,STA,WIFI_DROP,
4.6672,13,STA,WIFI_DROP,
4.6672,21,STA,WIFI_DROP,
4.6696,13,STA,WIFI_DROP,
4.6696,21,STA,WIFI_DROP,
4.672,13,STA,WIFI_DROP,
4.672,21,STA,WIFI_DROP,
4.6744,13,STA,WIFI_DROP,
4.6744,21,STA,WIFI_DROP,
4.6768,13,STA,WIFI_DROP,
4.6768,21,STA,WIFI_DROP,
4.6792,13,STA,WIFI_DROP,
4.6792,21,STA,WIFI_DROP,
4.6816,13,STA,WIFI_DROP,
4.6816,21,STA,WIFI_DROP,
4.684,13,STA,WIFI_DROP,
4.684,21,STA,WIFI_DROP,
4.6864,13,STA,WIFI_DROP,
4.6864,21,STA,WIFI_DROP,
4.6888,13,STA,WIFI_DROP,
4.6888,21,STA,WIFI_DROP,
4.6912,13,STA,WIFI_DROP,
4.6912,21,STA,WIFI_DROP,
4.6936,13,STA,WIFI_DROP,
4.6936,21,STA,WIFI_DROP,
4.696,13,STA,WIFI_DROP,
4.696,21,STA,WIFI_DROP,
4.6984,13,STA,WIFI_DROP,
4.6984,21,STA,WIFI_DROP,
4.7008,13,STA,WIFI_DROP,
4.7008,21,STA,WIFI_DROP,
4.7032,13,STA,WIFI_DROP,
4.7032,21,STA,WIFI_DROP,
4.7056,13,STA,WIFI_DROP,
4.7056,21,STA,WIFI_DROP,
4.708,13,STA,WIFI_DROP,
4.708,21,STA,WIFI_DROP,
4.7104,13,STA,WIFI_DROP,
4.7104,21,STA,WIFI_DROP,
4.7128,13,STA,WIFI_DROP,
4.7128,21,STA,WIFI_DROP,
4.7152,13,STA,WIFI_DROP,
4.7152,21,STA,WIFI_DROP,
4.7176,13,STA,WIFI_DROP,
4.7176,21,STA,WIFI_DROP,
4.72,13,STA,WIFI_DROP,
4.72,21,STA,WIFI_DROP,
4.7224,13,STA,WIFI_DROP,
4.7224,19,STA,WIFI_DROP,
4.7224,21,STA,WIFI_DROP,
4.7248,13,STA,WIFI_DROP,
4.7248,19,STA,WIFI_DROP,
4.7248,21,STA,WIFI_DROP,
4.7272,13,STA,WIFI_DROP,
4.7272,19,STA,WIFI_DROP,
4.7272,21,STA,WIFI_DROP,
4.7296,13,STA,WIFI_DROP,
4.7296,19,STA,WIFI_DROP,
4.7296,21,STA,WIFI_DROP,
4.732,13,STA,WIFI_DROP,
4.732,19,STA,WIFI_DROP,
4.732,21,STA,WIFI_DROP,
4.7344,13,STA,WIFI_DROP,
4.7344,19,STA,WIFI_DROP,
4.7344,21,STA,WIFI_DROP,
4.7368,13,STA,WIFI_DROP,
4.7368,19,STA,WIFI_DROP,
4.7368,21,STA,WIFI_DROP,
4.7392,13,STA,WIFI_DROP,
4.7392,19,STA,WIFI_DROP,
4.7392,21,STA,WIFI_DROP,
4.7416,13,STA,WIFI_DROP,
4.7416,19,STA,WIFI_DROP,
4.7416,21,STA,WIFI_DROP,
4.744,13,STA,WIFI_DROP,
4.744,19,STA,WIFI_DROP,
4.744,21,STA,WIFI_DROP,
4.7464,13,STA,WIFI_DROP,
4.7464,19,STA,WIFI_DROP,
4.7464,21,STA,WIFI_DROP,
4.7488,13,STA,WIFI_DROP,
4.7488,19,STA,WIFI_DROP,
4.7488,21,STA,WIFI_DROP,
4.7512,13,STA,WIFI_DROP,
4.7512,19,STA,WIFI_DROP,
4.7512,21,STA,WIFI_DROP,
4.7536,13,STA,WIFI_DROP,
4.7536,19,STA,WIFI_DROP,
4.7536,21,STA,WIFI_DROP,
4.756,13,STA,WIFI_DROP,
4.756,19,STA,WIFI_DROP,
4.756,21,STA,WIFI_DROP,
4.7584,13,STA,WIFI_DROP,
4.7584,19,STA,WIFI_DROP,
4.7584,21,STA,WIFI_DROP,
4.7608,13,STA,WIFI_DROP,
4.7608,19,STA,WIFI_DROP,
4.7608,21,STA,WIFI_DROP,
4.7632,13,STA,WIFI_DROP,
4.7632,19,STA,WIFI_DROP,
4.7632,21,STA,WIFI_DROP,
4.7656,13,STA,WIFI_DROP,
4.7656,19,STA,WIFI_DROP,
4.7656,21,STA,WIFI_DROP,
4.768,13,STA,WIFI_DROP,
4.768,19,STA,WIFI_DROP,
4.768,21,STA,WIFI_DROP,
4.7704,13,STA,WIFI_DROP,
4.7704,19,STA,WIFI_DROP,
4.7704,21,STA,WIFI_DROP,
4.7728,13,STA,WIFI_DROP,
4.7728,19,STA,WIFI_DROP,
4.7728,21,STA,WIFI_DROP,
4.7752,13,STA,WIFI_DROP,
4.7752,19,STA,WIFI_DROP,
4.7752,21,STA,WIFI_DROP,
4.7776,13,STA,WIFI_DROP,
4.7776,19,STA,WIFI_DROP,
4.7776,21,STA,WIFI_DROP,
4.78,13,STA,WIFI_DROP,
4.78,19,STA,WIFI_DROP,
4.78,21,STA,WIFI_DROP,
4.7824,13,STA,WIFI_DROP,
4.7824,19,STA,WIFI_DROP,
4.7824,21,STA,WIFI_DROP,
4.7848,13,STA,WIFI_DROP,
4.7848,19,STA,WIFI_DROP,
4.7848,21,STA,WIFI_DROP,
4.7872,13,STA,WIFI_DROP,
4.7872,19,STA,WIFI_DROP,
4.7872,21,STA,WIFI_DROP,
4.7896,13,STA,WIFI_DROP,
4.7896,19,STA,WIFI_DROP,
4.7896,21,STA,WIFI_DROP,
4.792,13,STA,WIFI_DROP,
4.792,19,STA,WIFI_DROP,
4.792,21,STA,WIFI_DROP,
4.7944,13,STA,WIFI_DROP,
4.7944,19,STA,WIFI_DROP,
4.7944,21,STA,WIFI_DROP,
4.7968,13,STA,WIFI_DROP,
4.7968,19,STA,WIFI_DROP,
4.7968,21,STA,WIFI_DROP,
4.7992,13,STA,WIFI_DROP,
4.7992,19,STA,WIFI_DROP,
4.7992,21,STA,WIFI_DROP,
4.8016,13,STA,WIFI_DROP,
4.8016,19,STA,WIFI_DROP,
4.8016,21,STA,WIFI_DROP,
4.804,13,STA,WIFI_DROP,
4.804,19,STA,WIFI_DROP,
4.804,21,STA,WIFI_DROP,
4.8064,13,STA,WIFI_DROP,
4.8064,19,STA,WIFI_DROP,
4.8064,21,STA,WIFI_DROP,
4.8088,13,STA,WIFI_DROP,
4.8088,19,STA,WIFI_DROP,
4.8088,21,STA,WIFI_DROP,
4.8112,13,STA,WIFI_DROP,
4.8112,19,STA,WIFI_DROP,
4.8112,21,STA,WIFI_DROP,
4.8136,13,STA,WIFI_DROP,
4.8136,19,STA,WIFI_DROP,
4.8136,21,STA,WIFI_DROP,
4.816,13,STA,WIFI_DROP,
4.816,19,STA,WIFI_DROP,
4.816,21,STA,WIFI_DROP,
4.8184,13,STA,WIFI_DROP,
4.8184,19,STA,WIFI_DROP,
4.8184,21,STA,WIFI_DROP,
4.8208,13,STA,WIFI_DROP,
4.8208,19,STA,WIFI_DROP,
4.8208,21,STA,WIFI_DROP,
4.8232,13,STA,WIFI_DROP,
4.8232,19,STA,WIFI_DROP,
4.8232,21,STA,WIFI_DROP,
4.8256,6,STA,WIFI_DROP,
4.8256,13,STA,WIFI_DROP,
4.8256,21,STA,WIFI_DROP,
4.828,6,STA,WIFI_DROP,
4.828,13,STA,WIFI_DROP,
4.828,21,STA,WIFI_DROP,
4.8304,6,STA,WIFI_DROP,
4.8304,13,STA,WIFI_DROP,
4.8304,21,STA,WIFI_DROP,
4.8328,6,STA,WIFI_DROP,
4.8328,13,STA,WIFI_DROP,
4.8328,21,STA,WIFI_DROP,
4.8352,6,STA,WIFI_DROP,
4.8352,13,STA,WIFI_DROP,
4.8352,21,STA,WIFI_DROP,
4.8376,6,STA,WIFI_DROP,
4.8376,13,STA,WIFI_DROP,
4.8376,21,STA,WIFI_DROP,
4.84,6,STA,WIFI_DROP,
4.84,13,STA,WIFI_DROP,
4.84,21,STA,WIFI_DROP,
4.8424,6,STA,WIFI_DROP,
4.8424,13,STA,WIFI_DROP,
4.8424,21,STA,WIFI_DROP,
4.8448,6,STA,WIFI_DROP,
4.8448,13,STA,WIFI_DROP,
4.8448,21,STA,WIFI_DROP,
4.8472,6,STA,WIFI_DROP,
4.8472,13,STA,WIFI_DROP,
4.8472,21,STA,WIFI_DROP,
4.8496,6,STA,WIFI_DROP,
4.8496,13,STA,WIFI_DROP,
4.8496,21,STA,WIFI_DROP,
4.852,6,STA,WIFI_DROP,
4.852,13,STA,WIFI_DROP,
4.8544,6,STA,WIFI_DROP,
4.8544,13,STA,WIFI_DROP,
4.8568,6,STA,WIFI_DROP,
4.8568,13,STA,WIFI_DROP,
4.8592,6,STA,WIFI_DROP,
4.8592,13,STA,WIFI_DROP,
4.8616,6,STA,WIFI_DROP,
4.8616,13,STA,WIFI_DROP,
4.864,6,STA,WIFI_DROP,
4.864,13,STA,WIFI_DROP,
4.8664,6,STA,WIFI_DROP,
4.8664,13,STA,WIFI_DROP,
4.8688,6,STA,WIFI_DROP,
4.8688,13,STA,WIFI_DROP,
4.8712,6,STA,WIFI_DROP,
4.8712,13,STA,WIFI_DROP,
4.8736,6,STA,WIFI_DROP,
4.8736,13,STA,WIFI_DROP,
4.876,6,STA,WIFI_DROP,
4.876,13,STA,WIFI_DROP,
4.876,21,STA,WIFI_DROP,
4.8784,6,STA,WIFI_DROP,
4.8784,13,STA,WIFI_DROP,
4.8784,21,STA,WIFI_DROP,
4.8808,6,STA,WIFI_DROP,
4.8808,13,STA,WIFI_DROP,
4.8808,21,STA,WIFI_DROP,
4.8832,6,STA,WIFI_DROP,
4.8832,13,STA,WIFI_DROP,
4.8832,21,STA,WIFI_DROP,
4.8856,6,STA,WIFI_DROP,
4.8856,13,STA,WIFI_DROP,
4.8856,21,STA,WIFI_DROP,
4.888,6,STA,WIFI_DROP,
4.888,13,STA,WIFI_DROP,
4.888,21,STA,WIFI_DROP,
4.8904,6,STA,WIFI_DROP,
4.8904,13,STA,WIFI_DROP,
4.8904,21,STA,WIFI_DROP,
4.8928,6,STA,WIFI_DROP,
4.8928,13,STA,WIFI_DROP,
4.8928,21,STA,WIFI_DROP,
4.8952,6,STA,WIFI_DROP,
4.8952,13,STA,WIFI_DROP,
4.8952,21,STA,WIFI_DROP,
4.8976,6,STA,WIFI_DROP,
4.8976,13,STA,WIFI_DROP,
4.8976,21,STA,WIFI_DROP,
4.9,6,STA,WIFI_DROP,
4.9,13,STA,WIFI_DROP,
4.9,21,STA,WIFI_DROP,
4.9024,6,STA,WIFI_DROP,
4.9024,13,STA,WIFI_DROP,
4.9024,21,STA,WIFI_DROP,
4.9048,6,STA,WIFI_DROP,
4.9048,13,STA,WIFI_DROP,
4.9048,21,STA,WIFI_DROP,
4.9072,6,STA,WIFI_DROP,
4.9072,13,STA,WIFI_DROP,
4.9072,21,STA,WIFI_DROP,
4.9096,6,STA,WIFI_DROP,
4.9096,13,STA,WIFI_DROP,
4.9096,21,STA,WIFI_DROP,
4.912,6,STA,WIFI_DROP,
4.912,13,STA,WIFI_DROP,
4.912,21,STA,WIFI_DROP,
4.9144,6,STA,WIFI_DROP,
4.9144,13,STA,WIFI_DROP,
4.9144,21,STA,WIFI_DROP,
4.9168,6,STA,WIFI_DROP,
4.9168,13,STA,WIFI_DROP,
4.9168,21,STA,WIFI_DROP,
4.9192,6,STA,WIFI_DROP,
4.9192,13,STA,WIFI_DROP,
4.9192,21,STA,WIFI_DROP,
4.9216,6,STA,WIFI_DROP,
4.9216,13,STA,WIFI_DROP,
4.9216,21,STA,WIFI_DROP,
4.924,6,STA,WIFI_DROP,
4.924,13,STA,WIFI_DROP,
4.924,21,STA,WIFI_DROP,
4.9264,6,STA,WIFI_DROP,
4.9264,13,STA,WIFI_DROP,
4.9264,21,STA,WIFI_DROP,
4.9288,13,STA,WIFI_DROP,
4.9288,21,STA,WIFI_DROP,
4.9312,13,STA,WIFI_DROP,
4.9336,13,STA,WIFI_DROP,
4.936,13,STA,WIFI_DROP,
4.9384,13,STA,WIFI_DROP,
4.9408,13,STA,WIFI_DROP,
4.9432,13,STA,WIFI_DROP,
4.9456,13,STA,WIFI_DROP,
4.948,13,STA,WIFI_DROP,
4.9504,13,STA,WIFI_DROP,
4.9528,13,STA,WIFI_DROP,
4.9552,13,STA,WIFI_DROP,
4.9576,13,STA,WIFI_DROP,
4.96,13,STA,WIFI_DROP,
4.9624,13,STA,WIFI_DROP,
4.9648,13,STA,WIFI_DROP,
4.9672,13,STA,WIFI_DROP,
4.9696,13,STA,WIFI_DROP,
4.972,13,STA,WIFI_DROP,
4.9744,13,STA,WIFI_DROP,
4.9768,13,STA,WIFI_DROP,
4.9792,13,STA,WIFI_DROP,
4.9816,13,STA,WIFI_DROP,
4.984,13,STA,WIFI_DROP,
4.9864,13,STA,WIFI_DROP,
4.9888,13,STA,WIFI_DROP,
4.9912,13,STA,WIFI_DROP,
4.9936,13,STA,WIFI_DROP,
4.996,13,STA,WIFI_DROP,
4.9984,13,STA,WIFI_DROP,
5,2,STA,THROUGHPUT_MBPS,3.348000
5,3,STA,THROUGHPUT_MBPS,1.572000
5,5,STA,THROUGHPUT_MBPS,0.900000
5,6,STA,THROUGHPUT_MBPS,3.012000
5,7,STA,THROUGHPUT_MBPS,2.052000
5,8,STA,THROUGHPUT_MBPS,0.612000
5,9,STA,THROUGHPUT_MBPS,2.724000
5,10,STA,THROUGHPUT_MBPS,3.144000
5,11,STA,THROUGHPUT_MBPS,1.572000
5,12,STA,THROUGHPUT_MBPS,1.740000
5,14,STA,THROUGHPUT_MBPS,1.992000
5,15,STA,THROUGHPUT_MBPS,5.040000
5,16,STA,THROUGHPUT_MBPS,2.052000
5,17,STA,THROUGHPUT_MBPS,1.344000
5,18,STA,THROUGHPUT_MBPS,3.312000
5,19,STA,THROUGHPUT_MBPS,2.688000
5,21,STA,THROUGHPUT_MBPS,0.024000
5,1,AP,AGGREGATE_THROUGHPUT_MBPS,37.128000
5,1,AP,SENT_COUNT,8340.000000
5,1,AP,RECV_COUNT,3094.000000
5,1,AP,LATENCY_P95_MS,536.813930
5.0008,13,STA,WIFI_DROP,
5.0032,13,STA,WIFI_DROP,
5.0056,13,STA,WIFI_DROP,
5.008,13,STA,WIFI_DROP,
5.0104,13,STA,WIFI_DROP,
5.0128,13,STA,WIFI_DROP,
5.0152,13,STA,WIFI_DROP,
5.0176,13,STA,WIFI_DROP,
5.02,13,STA,WIFI_DROP,
5.0224,13,STA,WIFI_DROP,
5.0248,13,STA,WIFI_DROP,
5.0272,13,STA,WIFI_DROP,
5.0272,18,STA,WIFI_DROP,
5.0296,13,STA,WIFI_DROP,
5.0296,18,STA,WIFI_DROP,
5.032,13,STA,WIFI_DROP,
5.032,18,STA,WIFI_DROP,
5.0344,13,STA,WIFI_DROP,
5.0344,18,STA,WIFI_DROP,
5.0368,13,STA,WIFI_DROP,
5.0368,18,STA,WIFI_DROP,
5.0392,13,STA,WIFI_DROP,
5.0392,18,STA,WIFI_DROP,
5.0416,13,STA,WIFI_DROP,
5.0416,18,STA,WIFI_DROP,
5.044,13,STA,WIFI_DROP,
5.044,18,STA,WIFI_DROP,
5.0464,13,STA,WIFI_DROP,
5.0464,18,STA,WIFI_DROP,
5.0488,13,STA,WIFI_DROP,
5.0488,18,STA,WIFI_DROP,
5.0512,13,STA,WIFI_DROP,
5.0512,18,STA,WIFI_DROP,
5.0536,13,STA,WIFI_DROP,
5.0536,18,STA,WIFI_DROP,
5.056,13,STA,WIFI_DROP,
5.056,18,STA,WIFI_DROP,
5.0584,13,STA,WIFI_DROP,
5.0584,18,STA,WIFI_DROP,
5.0608,13,STA,WIFI_DROP,
5.0608,18,STA,WIFI_DROP,
5.0632,13,STA,WIFI_DROP,
5.0632,18,STA,WIFI_DROP,
5.0656,13,STA,WIFI_DROP,
5.0656,18,STA,WIFI_DROP,
5.068,13,STA,WIFI_DROP,
5.068,18,STA,WIFI_DROP,
5.0704,13,STA,WIFI_DROP,
5.0704,18,STA,WIFI_DROP,
5.0728,13,STA,WIFI_DROP,
5.0728,18,STA,WIFI_DROP,
5.0752,13,STA,WIFI_DROP,
5.0752,18,STA,WIFI_DROP,
5.0776,13,STA,WIFI_DROP,
5.0776,18,STA,WIFI_DROP,
5.08,13,STA,WIFI_DROP,
5.0824,13,STA,WIFI_DROP,
5.0848,13,STA,WIFI_DROP,
5.0872,13,STA,WIFI_DROP,
5.0896,13,STA,WIFI_DROP,
5.092,13,STA,WIFI_DROP,
5.0944,13,STA,WIFI_DROP,
5.0968,13,STA,WIFI_DROP,
5.0992,13,STA,WIFI_DROP,
5.1016,13,STA,WIFI_DROP,
5.104,13,STA,WIFI_DROP,
5.1064,13,STA,WIFI_DROP,
5.1088,13,STA,WIFI_DROP,
5.1112,13,STA,WIFI_DROP,
5.1136,13,STA,WIFI_DROP,
5.116,13,STA,WIFI_DROP,
5.1184,13,STA,WIFI_DROP,
5.1208,13,STA,WIFI_DROP,
5.1232,13,STA,WIFI_DROP,
5.1256,13,STA,WIFI_DROP,
5.128,13,STA,WIFI_DROP,
5.1304,13,STA,WIFI_DROP,
5.1328,13,STA,WIFI_DROP,
5.1352,13,STA,WIFI_DROP,
5.1376,13,STA,WIFI_DROP,
5.14,13,STA,WIFI_DROP,
5.1424,13,STA,WIFI_DROP,
5.1448,13,STA,WIFI_DROP,
5.1472,13,STA,WIFI_DROP,
5.1496,13,STA,WIFI_DROP,
5.152,13,STA,WIFI_DROP,
5.1544,13,STA,WIFI_DROP,
5.1808,13,STA,WIFI_DROP,
5.1832,13,STA,WIFI_DROP,
5.1856,13,STA,WIFI_DROP,
5.188,13,STA,WIFI_DROP,
5.1904,13,STA,WIFI_DROP,
5.1928,13,STA,WIFI_DROP,
5.1952,13,STA,WIFI_DROP,
5.1976,13,STA,WIFI_DROP,
5.2,13,STA,WIFI_DROP,
5.2024,13,STA,WIFI_DROP,
5.2048,13,STA,WIFI_DROP,
5.2072,13,STA,WIFI_DROP,
5.2096,13,STA,WIFI_DROP,
5.212,13,STA,WIFI_DROP,
5.2144,13,STA,WIFI_DROP,
5.2168,13,STA,WIFI_DROP,
5.2192,13,STA,WIFI_DROP,
5.2216,13,STA,WIFI_DROP,
5.224,13,STA,WIFI_DROP,
5.2264,13,STA,WIFI_DROP,
5.2288,13,STA,WIFI_DROP,
5.2312,13,STA,WIFI_DROP,
5.2336,13,STA,WIFI_DROP,
5.2336,17,STA,WIFI_DROP,
5.236,13,STA,WIFI_DROP,
5.236,17,STA,WIFI_DROP,
5.2384,13,STA,WIFI_DROP,
5.2384,17,STA,WIFI_DROP,
5.2408,13,STA,WIFI_DROP,
5.2408,17,STA,WIFI_DROP,
5.2432,13,STA,WIFI_DROP,
5.2432,17,STA,WIFI_DROP,
5.2456,13,STA,WIFI_DROP,
5.2456,17,STA,WIFI_DROP,
5.248,13,STA,WIFI_DROP,
5.248,17,STA,WIFI_DROP,
5.2504,13,STA,WIFI_DROP,
5.2504,17,STA,WIFI_DROP,
5.2528,13,STA,WIFI_DROP,
5.2528,17,STA,WIFI_DROP,
5.2552,13,STA,WIFI_DROP,
5.2552,17,STA,WIFI_DROP,
5.2576,13,STA,WIFI_DROP,
5.2576,17,STA,WIFI_DROP,
5.26,13,STA,WIFI_DROP,
5.26,17,STA,WIFI_DROP,
5.2624,13,STA,WIFI_DROP,
5.2624,17,STA,WIFI_DROP,
5.2648,13,STA,WIFI_DROP,
5.2648,17,STA,WIFI_DROP,
5.2672,13,STA,WIFI_DROP,
5.2672,17,STA,WIFI_DROP,
5.2696,13,STA,WIFI_DROP,
5.2696,17,STA,WIFI_DROP,
5.272,13,STA,WIFI_DROP,
5.272,17,STA,WIFI_DROP,
5.2744,13,STA,WIFI_DROP,
5.2744,17,STA,WIFI_DROP,
5.2768,13,STA,WIFI_DROP,
5.2768,17,STA,WIFI_DROP,
5.2792,13,STA,WIFI_DROP,
5.2792,17,STA,WIFI_DROP,
5.2816,13,STA,WIFI_DROP,
5.2816,17,STA,WIFI_DROP,
5.284,17,STA,WIFI_DROP,
5.2864,17,STA,WIFI_DROP,
5.2888,17,STA,WIFI_DROP,
5.2912,17,STA,WIFI_DROP,
5.2936,17,STA,WIFI_DROP,
5.296,17,STA,WIFI_DROP,
5.2984,17,STA,WIFI_DROP,
5.3008,17,STA,WIFI_DROP,
5.3032,17,STA,WIFI_DROP,
5.3056,17,STA,WIFI_DROP,
5.308,17,STA,WIFI_DROP,
5.3104,17,STA,WIFI_DROP,
5.3128,17,STA,WIFI_DROP,
5.3152,17,STA,WIFI_DROP,
5.3176,17,STA,WIFI_DROP,
5.32,17,STA,WIFI_DROP,
5.3224,17,STA,WIFI_DROP,
5.3248,17,STA,WIFI_DROP,
5.3272,17,STA,WIFI_DROP,
5.3296,17,STA,WIFI_DROP,
5.332,17,STA,WIFI_DROP,
5.3344,17,STA,WIFI_DROP,
6,2,STA,THROUGHPUT_MBPS,1.584000
6,3,STA,THROUGHPUT_MBPS,0.624000
6,5,STA,THROUGHPUT_MBPS,1.500000
6,6,STA,THROUGHPUT_MBPS,0.804000
6,7,STA,THROUGHPUT_MBPS,2.580000
6,8,STA,THROUGHPUT_MBPS,0.876000
6,9,STA,THROUGHPUT_MBPS,1.308000
6,10,STA,THROUGHPUT_MBPS,3.480000
6,11,STA,THROUGHPUT_MBPS,0.480000
6,12,STA,THROUGHPUT_MBPS,4.056000
6,13,STA,THROUGHPUT_MBPS,1.236000
6,14,STA,THROUGHPUT_MBPS,1.080000
6,15,STA,THROUGHPUT_MBPS,2.364000
6,16,STA,THROUGHPUT_MBPS,4.896000
6,17,STA,THROUGHPUT_MBPS,0.756000
6,18,STA,THROUGHPUT_MBPS,2.100000
6,19,STA,THROUGHPUT_MBPS,2.316000
6,1,AP,AGGREGATE_THROUGHPUT_MBPS,32.040000
6,1,AP,SENT_COUNT,8340.000000
6,1,AP,RECV_COUNT,2670.000000
6,1,AP,LATENCY_P95_MS,546.370416
6.2584,6,STA,WIFI_DROP,
6.2608,6,STA,WIFI_DROP,
6.2632,6,STA,WIFI_DROP,
6.2656,6,STA,WIFI_DROP,
6.268,6,STA,WIFI_DROP,
6.2704,6,STA,WIFI_DROP,
6.2728,6,STA,WIFI_DROP,
6.2752,6,STA,WIFI_DROP,
6.2776,6,STA,WIFI_DROP,
6.28,6,STA,WIFI_DROP,
6.2824,6,STA,WIFI_DROP,
6.2848,6,STA,WIFI_DROP,
6.2872,6,STA,WIFI_DROP,
6.2896,6,STA,WIFI_DROP,
6.292,6,STA,WIFI_DROP,
6.2944,6,STA,WIFI_DROP,
6.2968,6,STA,WIFI_DROP,
6.2992,6,STA,WIFI_DROP,
6.3016,6,STA,WIFI_DROP,
6.304,6,STA,WIFI_DROP,
6.3064,6,STA,WIFI_DROP,
6.3088,6,STA,WIFI_DROP,
6.3112,6,STA,WIFI_DROP,
6.3136,6,STA,WIFI_DROP,
6.316,6,STA,WIFI_DROP,
6.3184,6,STA,WIFI_DROP,
6.3208,6,STA,WIFI_DROP,
6.3232,6,STA,WIFI_DROP,
6.3256,6,STA,WIFI_DROP,
6.328,6,STA,WIFI_DROP,
6.3304,6,STA,WIFI_DROP,
6.3328,6,STA,WIFI_DROP,
6.3352,6,STA,WIFI_DROP,
6.3376,6,STA,WIFI_DROP,
6.34,6,STA,WIFI_DROP,
6.3424,6,STA,WIFI_DROP,
6.3448,6,STA,WIFI_DROP,
6.3472,6,STA,WIFI_DROP,
6.3496,6,STA,WIFI_DROP,
6.352,6,STA,WIFI_DROP,
6.3544,6,STA,WIFI_DROP,
6.3568,6,STA,WIFI_DROP,
6.3568,17,STA,WIFI_DROP,
6.3592,6,STA,WIFI_DROP,
6.3592,17,STA,WIFI_DROP,
6.3616,6,STA,WIFI_DROP,
6.3616,17,STA,WIFI_DROP,
6.364,6,STA,WIFI_DROP,
6.364,17,STA,WIFI_DROP,
6.3664,6,STA,WIFI_DROP,
6.3664,17,STA,WIFI_DROP,
6.3688,6,STA,WIFI_DROP,
6.3688,17,STA,WIFI_DROP,
6.3712,6,STA,WIFI_DROP,
6.3712,17,STA,WIFI_DROP,
6.3736,6,STA,WIFI_DROP,
6.3736,17,STA,WIFI_DROP,
6.376,6,STA,WIFI_DROP,
6.376,17,STA,WIFI_DROP,
6.3784,6,STA,WIFI_DROP,
6.3784,17,STA,WIFI_DROP,
6.3808,6,STA,WIFI_DROP,
6.3808,17,STA,WIFI_DROP,
6.3832,6,STA,WIFI_DROP,
6.3832,17,STA,WIFI_DROP,
6.3856,6,STA,WIFI_DROP,
6.3856,17,STA,WIFI_DROP,
6.388,6,STA,WIFI_DROP,
6.388,17,STA,WIFI_DROP,
6.3904,6,STA,WIFI_DROP,
6.3904,17,STA,WIFI_DROP,
6.3928,6,STA,WIFI_DROP,
6.3928,17,STA,WIFI_DROP,
6.3952,6,STA,WIFI_DROP,
6.3952,17,STA,WIFI_DROP,
6.3976,6,STA,WIFI_DROP,
6.3976,17,STA,WIFI_DROP,
6.4,6,STA,WIFI_DROP,
6.4,17,STA,WIFI_DROP,
6.4024,6,STA,WIFI_DROP,
6.4024,17,STA,WIFI_DROP,
6.4048,6,STA,WIFI_DROP,
6.4048,17,STA,WIFI_DROP,
6.4072,6,STA,WIFI_DROP,
6.4072,17,STA,WIFI_DROP,
6.4096,6,STA,WIFI_DROP,
6.4096,17,STA,WIFI_DROP,
6.412,6,STA,WIFI_DROP,
6.412,17,STA,WIFI_DROP,
6.4144,6,STA,WIFI_DROP,
6.4144,17,STA,WIFI_DROP,
6.4168,6,STA,WIFI_DROP,
6.4168,17,STA,WIFI_DROP,
6.4192,6,STA,WIFI_DROP,
6.4192,17,STA,WIFI_DROP,
6.4216,6,STA,WIFI_DROP,
6.4216,17,STA,WIFI_DROP,
6.424,6,STA,WIFI_DROP,
6.424,17,STA,WIFI_DROP,
6.4264,6,STA,WIFI_DROP,
6.4264,17,STA,WIFI_DROP,
6.4288,6,STA,WIFI_DROP,
6.4288,17,STA,WIFI_DROP,
6.4312,6,STA,WIFI_DROP,
6.4312,17,STA,WIFI_DROP,
6.4336,6,STA,WIFI_DROP,
6.4336,17,STA,WIFI_DROP,
6.436,6,STA,WIFI_DROP,
6.436,17,STA,WIFI_DROP,
6.4384,6,STA,WIFI_DROP,
6.4384,17,STA,WIFI_DROP,
6.4408,6,STA,WIFI_DROP,
6.4408,17,STA,WIFI_DROP,
6.4432,6,STA,WIFI_DROP,
6.4432,17,STA,WIFI_DROP,
6.4456,6,STA,WIFI_DROP,
6.4456,17,STA,WIFI_DROP,
6.448,6,STA,WIFI_DROP,
6.448,17,STA,WIFI_DROP,
6.4504,6,STA,WIFI_DROP,
6.4504,17,STA,WIFI_DROP,
6.4528,6,STA,WIFI_DROP,
6.4528,17,STA,WIFI_DROP,
6.4552,6,STA,WIFI_DROP,
6.4552,17,STA,WIFI_DROP,
6.4576,6,STA,WIFI_DROP,
6.4576,17,STA,WIFI_DROP,
6.46,6,STA,WIFI_DROP,
6.46,9,STA,WIFI_DROP,
6.46,17,STA,WIFI_DROP,
6.4624,6,STA,WIFI_DROP,
6.4624,9,STA,WIFI_DROP,
6.4624,17,STA,WIFI_DROP,
6.4648,6,STA,WIFI_DROP,
6.4648,9,STA,WIFI_DROP,
6.4648,17,STA,WIFI_DROP,
6.4672,6,STA,WIFI_DROP,
6.4672,9,STA,WIFI_DROP,
6.4672,17,STA,WIFI_DROP,
6.4696,6,STA,WIFI_DROP,
6.4696,9,STA,WIFI_DROP,
6.4696,17,STA,WIFI_DROP,
6.472,6,STA,WIFI_DROP,
6.472,9,STA,WIFI_DROP,
6.472,17,STA,WIFI_DROP,
6.4744,6,STA,WIFI_DROP,
6.4744,9,STA,WIFI_DROP,
6.4744,17,STA,WIFI_DROP,
6.4768,6,STA,WIFI_DROP,
6.4768,9,STA,WIFI_DROP,
6.4768,17,STA,WIFI_DROP,
6.4792,6,STA,WIFI_DROP,
6.4792,9,STA,WIFI_DROP,
6.4792,17,STA,WIFI_DROP,
6.4816,6,STA,WIFI_DROP,
6.4816,9,STA,WIFI_DROP,
6.4816,17,STA,WIFI_DROP,
6.484,6,STA,WIFI_DROP,
6.484,9,STA,WIFI_DROP,
6.484,17,STA,WIFI_DROP,
6.4864,6,STA,WIFI_DROP,
6.4864,9,STA,WIFI_DROP,
6.4864,17,STA,WIFI_DROP,
6.4888,6,STA,WIFI_DROP,
6.4888,9,STA,WIFI_DROP,
6.4888,17,STA,WIFI_DROP,
6.4912,6,STA,WIFI_DROP,
6.4912,9,STA,WIFI_DROP,
6.4912,17,STA,WIFI_DROP,
6.4936,6,STA,WIFI_DROP,
6.4936,9,STA,WIFI_DROP,
6.4936,17,STA,WIFI_DROP,
6.496,6,STA,WIFI_DROP,
6.496,9,STA,WIFI_DROP,
6.496,17,STA,WIFI_DROP,
6.4984,6,STA,WIFI_DROP,
6.4984,9,STA,WIFI_DROP,
6.4984,17,STA,WIFI_DROP,
6.5008,6,STA,WIFI_DROP,
6.5008,9,STA,WIFI_DROP,
6.5008,17,STA,WIFI_DROP,
6.5032,6,STA,WIFI_DROP,
6.5032,9,STA,WIFI_DROP,
6.5032,17,STA,WIFI_DROP,
6.5056,6,STA,WIFI_DROP,
6.5056,9,STA,WIFI_DROP,
6.5056,17,STA,WIFI_DROP,
6.508,6,STA,WIFI_DROP,
6.508,9,STA,WIFI_DROP,
6.508,17,STA,WIFI_DROP,
6.5104,6,STA,WIFI_DROP,
6.5104,9,STA,WIFI_DROP,
6.5104,17,STA,WIFI_DROP,
6.5128,6,STA,WIFI_DROP,
6.5128,9,STA,WIFI_DROP,
6.5128,17,STA,WIFI_DROP,
6.5152,6,STA,WIFI_DROP,
6.5152,9,STA,WIFI_DROP,
6.5152,17,STA,WIFI_DROP,
6.5176,6,STA,WIFI_DROP,
6.5176,9,STA,WIFI_DROP,
6.5176,17,STA,WIFI_DROP,
6.52,6,STA,WIFI_DROP,
6.52,9,STA,WIFI_DROP,
6.52,17,STA,WIFI_DROP,
6.5224,6,STA,WIFI_DROP,
6.5224,9,STA,WIFI_DROP,
6.5224,17,STA,WIFI_DROP,
6.5248,6,STA,WIFI_DROP,
6.5248,9,STA,WIFI_DROP,
6.5248,17,STA,WIFI_DROP,
6.5272,6,STA,WIFI_DROP,
6.5272,9,STA,WIFI_DROP,
6.5272,17,STA,WIFI_DROP,
6.5296,6,STA,WIFI_DROP,
6.5296,9,STA,WIFI_DROP,
6.5296,17,STA,WIFI_DROP,
6.532,6,STA,WIFI_DROP,
6.532,9,STA,WIFI_DROP,
6.532,17,STA,WIFI_DROP,
6.5344,6,STA,WIFI_DROP,
6.5344,9,STA,WIFI_DROP,
6.5344,17,STA,WIFI_DROP,
6.5368,6,STA,WIFI_DROP,
6.5368,9,STA,WIFI_DROP,
6.5368,17,STA,WIFI_DROP,
6.5392,6,STA,WIFI_DROP,
6.5392,9,STA,WIFI_DROP,
6.5392,17,STA,WIFI_DROP,
6.5416,6,STA,WIFI_DROP,
6.5416,9,STA,WIFI_DROP,
6.5416,17,STA,WIFI_DROP,
6.544,6,STA,WIFI_DROP,
6.544,9,STA,WIFI_DROP,
6.544,17,STA,WIFI_DROP,
6.5464,6,STA,WIFI_DROP,
6.5464,9,STA,WIFI_DROP,
6.5464,17,STA,WIFI_DROP,
6.5488,6,STA,WIFI_DROP,
6.5488,9,STA,WIFI_DROP,
6.5488,17,STA,WIFI_DROP,
6.5512,6,STA,WIFI_DROP,
6.5512,9,STA,WIFI_DROP,
6.5512,17,STA,WIFI_DROP,
6.5536,6,STA,WIFI_DROP,
6.5536,9,STA,WIFI_DROP,
6.5536,17,STA,WIFI_DROP,
6.556,6,STA,WIFI_DROP,
6.556,9,STA,WIFI_DROP,
6.556,17,STA,WIFI_DROP,
6.5584,6,STA,WIFI_DROP,
6.5584,9,STA,WIFI_DROP,
6.5584,17,STA,WIFI_DROP,
6.5608,6,STA,WIFI_DROP,
6.5608,9,STA,WIFI_DROP,
6.5608,17,STA,WIFI_DROP,
6.5632,6,STA,WIFI_DROP,
6.5632,9,STA,WIFI_DROP,
6.5632,17,STA,WIFI_DROP,
6.5656,6,STA,WIFI_DROP,
6.5656,9,STA,WIFI_DROP,
6.5656,17,STA,WIFI_DROP,
6.568,6,STA,WIFI_DROP,
6.568,9,STA,WIFI_DROP,
6.568,17,STA,WIFI_DROP,
6.5704,6,STA,WIFI_DROP,
6.5704,9,STA,WIFI_DROP,
6.5704,17,STA,WIFI_DROP,
6.5728,6,STA,WIFI_DROP,
6.5728,9,STA,WIFI_DROP,
6.5728,17,STA,WIFI_DROP,
6.5752,6,STA,WIFI_DROP,
6.5752,9,STA,WIFI_DROP,
6.5752,17,STA,WIFI_DROP,
6.5776,6,STA,WIFI_DROP,
6.5776,9,STA,WIFI_DROP,
6.5776,17,STA,WIFI_DROP,
6.58,6,STA,WIFI_DROP,
6.58,9,STA,WIFI_DROP,
6.58,17,STA,WIFI_DROP,
6.5824,6,STA,WIFI_DROP,
6.5824,9,STA,WIFI_DROP,
6.5824,17,STA,WIFI_DROP,
6.5848,6,STA,WIFI_DROP,
6.5848,9,STA,WIFI_DROP,
6.5848,17,STA,WIFI_DROP,
6.5872,6,STA,WIFI_DROP,
6.5872,9,STA,WIFI_DROP,
6.5872,17,STA,WIFI_DROP,
6.5896,6,STA,WIFI_DROP,
6.5896,9,STA,WIFI_DROP,
6.5896,17,STA,WIFI_DROP,
6.592,6,STA,WIFI_DROP,
6.592,9,STA,WIFI_DROP,
6.592,17,STA,WIFI_DROP,
6.5944,6,STA,WIFI_DROP,
6.5944,9,STA,WIFI_DROP,
6.5944,17,STA,WIFI_DROP,
6.5968,6,STA,WIFI_DROP,
6.5968,9,STA,WIFI_DROP,
6.5968,17,STA,WIFI_DROP,
6.5992,6,STA,WIFI_DROP,
6.5992,9,STA,WIFI_DROP,
6.5992,17,STA,WIFI_DROP,
6.6016,6,STA,WIFI_DROP,
6.6016,9,STA,WIFI_DROP,
6.6016,17,STA,WIFI_DROP,
6.604,6,STA,WIFI_DROP,
6.604,9,STA,WIFI_DROP,
6.604,17,STA,WIFI_DROP,
6.6064,6,STA,WIFI_DROP,
6.6064,9,STA,WIFI_DROP,
6.6064,17,STA,WIFI_DROP,
6.6088,6,STA,WIFI_DROP,
6.6088,9,STA,WIFI_DROP,
6.6088,17,STA,WIFI_DROP,
6.6112,6,STA,WIFI_DROP,
6.6112,9,STA,WIFI_DROP,
6.6112,17,STA,WIFI_DROP,
6.6136,6,STA,WIFI_DROP,
6.6136,9,STA,WIFI_DROP,
6.6136,17,STA,WIFI_DROP,
6.616,6,STA,WIFI_DROP,
6.616,9,STA,WIFI_DROP,
6.616,17,STA,WIFI_DROP,
6.6184,6,STA,WIFI_DROP,
6.6184,9,STA,WIFI_DROP,
6.6184,17,STA,WIFI_DROP,
6.6208,6,STA,WIFI_DROP,
6.6208,9,STA,WIFI_DROP,
6.6208,17,STA,WIFI_DROP,
6.6232,6,STA,WIFI_DROP,
6.6232,9,STA,WIFI_DROP,
6.6232,17,STA,WIFI_DROP,
6.6256,6,STA,WIFI_DROP,
6.6256,9,STA,WIFI_DROP,
6.6256,17,STA,WIFI_DROP,
6.628,6,STA,WIFI_DROP,
6.628,9,STA,WIFI_DROP,
6.628,17,STA,WIFI_DROP,
6.6304,6,STA,WIFI_DROP,
6.6304,9,STA,WIFI_DROP,
6.6304,17,STA,WIFI_DROP,
6.6328,6,STA,WIFI_DROP,
6.6328,9,STA,WIFI_DROP,
6.6328,17,STA,WIFI_DROP,
6.6352,6,STA,WIFI_DROP,
6.6352,9,STA,WIFI_DROP,
6.6352,17,STA,WIFI_DROP,
6.6376,6,STA,WIFI_DROP,
6.6376,9,STA,WIFI_DROP,
6.6376,17,STA,WIFI_DROP,
6.64,6,STA,WIFI_DROP,
6.64,9,STA,WIFI_DROP,
6.64,17,STA,WIFI_DROP,
6.6424,6,STA,WIFI_DROP,
6.6424,9,STA,WIFI_DROP,
6.6424,17,STA,WIFI_DROP,
6.6448,6,STA,WIFI_DROP,
6.6448,9,STA,WIFI_DROP,
6.6448,17,STA,WIFI_DROP,
6.6472,6,STA,WIFI_DROP,
6.6472,9,STA,WIFI_DROP,
6.6472,17,STA,WIFI_DROP,
6.6496,6,STA,WIFI_DROP,
6.6496,9,STA,WIFI_DROP,
6.6496,17,STA,WIFI_DROP,
6.652,6,STA,WIFI_DROP,
6.652,9,STA,WIFI_DROP,
6.652,17,STA,WIFI_DROP,
6.6544,6,STA,WIFI_DROP,
6.6544,9,STA,WIFI_DROP,
6.6544,17,STA,WIFI_DROP,
6.6568,6,STA,WIFI_DROP,
6.6568,9,STA,WIFI_DROP,
6.6568,17,STA,WIFI_DROP,
6.6592,6,STA,WIFI_DROP,
6.6592,9,STA,WIFI_DROP,
6.6592,17,STA,WIFI_DROP,
6.6616,6,STA,WIFI_DROP,
6.6616,17,STA,WIFI_DROP,
6.664,6,STA,WIFI_DROP,
6.664,17,STA,WIFI_DROP,
6.6664,6,STA,WIFI_DROP,
6.6664,17,STA,WIFI_DROP,
6.6688,6,STA,WIFI_DROP,
6.6688,17,STA,WIFI_DROP,
6.6712,6,STA,WIFI_DROP,
6.6712,17,STA,WIFI_DROP,
6.6736,6,STA,WIFI_DROP,
6.6736,17,STA,WIFI_DROP,
6.676,6,STA,WIFI_DROP,
6.676,17,STA,WIFI_DROP,
6.6784,6,STA,WIFI_DROP,
6.6784,17,STA,WIFI_DROP,
6.6808,6,STA,WIFI_DROP,
6.6808,17,STA,WIFI_DROP,
6.6832,6,STA,WIFI_DROP,
6.6832,17,STA,WIFI_DROP,
6.6856,6,STA,WIFI_DROP,
6.6856,17,STA,WIFI_DROP,
6.688,6,STA,WIFI_DROP,
6.688,17,STA,WIFI_DROP,
6.6904,6,STA,WIFI_DROP,
6.6904,17,STA,WIFI_DROP,
6.6928,6,STA,WIFI_DROP,
6.6928,17,STA,WIFI_DROP,
6.6952,6,STA,WIFI_DROP,
6.6952,17,STA,WIFI_DROP,
6.6976,6,STA,WIFI_DROP,
6.6976,17,STA,WIFI_DROP,
6.7,6,STA,WIFI_DROP,
6.7,17,STA,WIFI_DROP,
6.7024,6,STA,WIFI_DROP,
6.7024,17,STA,WIFI_DROP,
6.7048,6,STA,WIFI_DROP,
6.7048,17,STA,WIFI_DROP,
6.7072,6,STA,WIFI_DROP,
6.7072,17,STA,WIFI_DROP,
6.7096,6,STA,WIFI_DROP,
6.7096,17,STA,WIFI_DROP,
6.712,6,STA,WIFI_DROP,
6.712,17,STA,WIFI_DROP,
6.7144,6,STA,WIFI_DROP,
6.7144,17,STA,WIFI_DROP,
6.7168,6,STA,WIFI_DROP,
6.7168,17,STA,WIFI_DROP,
6.7192,6,STA,WIFI_DROP,
6.7192,17,STA,WIFI_DROP,
6.7216,6,STA,WIFI_DROP,
6.7216,17,STA,WIFI_DROP,
6.724,6,STA,WIFI_DROP,
6.724,17,STA,WIFI_DROP,
6.7264,6,STA,WIFI_DROP,
6.7264,17,STA,WIFI_DROP,
6.7288,6,STA,WIFI_DROP,
6.7288,17,STA,WIFI_DROP,
6.7312,6,STA,WIFI_DROP,
6.7312,17,STA,WIFI_DROP,
6.7336,6,STA,WIFI_DROP,
6.7336,17,STA,WIFI_DROP,
6.736,6,STA,WIFI_DROP,
6.736,17,STA,WIFI_DROP,
6.7384,6,STA,WIFI_DROP,
6.7384,17,STA,WIFI_DROP,
6.7408,6,STA,WIFI_DROP,
6.7408,17,STA,WIFI_DROP,
6.7432,6,STA,WIFI_DROP,
6.7432,17,STA,WIFI_DROP,
6.7456,6,STA,WIFI_DROP,
6.7456,17,STA,WIFI_DROP,
6.748,6,STA,WIFI_DROP,
6.748,17,STA,WIFI_DROP,
6.7504,6,STA,WIFI_DROP,
6.7504,17,STA,WIFI_DROP,
6.7528,6,STA,WIFI_DROP,
6.7528,17,STA,WIFI_DROP,
6.7552,6,STA,WIFI_DROP,
6.7552,17,STA,WIFI_DROP,
6.7576,6,STA,WIFI_DROP,
6.7576,17,STA,WIFI_DROP,
6.76,6,STA,WIFI_DROP,
6.76,17,STA,WIFI_DROP,
6.7624,6,STA,WIFI_DROP,
6.7624,17,STA,WIFI_DROP,
6.7648,6,STA,WIFI_DROP,
6.7648,17,STA,WIFI_DROP,
6.7672,6,STA,WIFI_DROP,
6.7672,17,STA,WIFI_DROP,
6.7696,6,STA,WIFI_DROP,
6.7696,17,STA,WIFI_DROP,
6.772,6,STA,WIFI_DROP,
6.772,17,STA,WIFI_DROP,
6.7744,6,STA,WIFI_DROP,
6.7744,17,STA,WIFI_DROP,
6.7768,6,STA,WIFI_DROP,
6.7768,17,STA,WIFI_DROP,
6.7792,6,STA,WIFI_DROP,
6.7792,17,STA,WIFI_DROP,
6.7816,6,STA,WIFI_DROP,
6.7816,17,STA,WIFI_DROP,
6.784,6,STA,WIFI_DROP,
6.784,17,STA,WIFI_DROP,
6.7864,6,STA,WIFI_DROP,
6.7864,17,STA,WIFI_DROP,
6.7888,6,STA,WIFI_DROP,
6.7888,17,STA,WIFI_DROP,
6.7912,6,STA,WIFI_DROP,
6.7912,17,STA,WIFI_DROP,
6.7936,6,STA,WIFI_DROP,
6.7936,17,STA,WIFI_DROP,
6.796,6,STA,WIFI_DROP,
6.796,17,STA,WIFI_DROP,
6.7984,6,STA,WIFI_DROP,
6.7984,17,STA,WIFI_DROP,
6.8008,6,STA,WIFI_DROP,
6.8008,17,STA,WIFI_DROP,
6.8032,6,STA,WIFI_DROP,
6.8032,17,STA,WIFI_DROP,
6.8056,6,STA,WIFI_DROP,
6.8056,17,STA,WIFI_DROP,
6.808,6,STA,WIFI_DROP,
6.808,17,STA,WIFI_DROP,
6.8104,17,STA,WIFI_DROP,
6.8128,17,STA,WIFI_DROP,
6.8152,17,STA,WIFI_DROP,
6.8176,17,STA,WIFI_DROP,
6.82,17,STA,WIFI_DROP,
6.8224,17,STA,WIFI_DROP,
6.8248,17,STA,WIFI_DROP,
6.8272,17,STA,WIFI_DROP,
6.8296,17,STA,WIFI_DROP,
6.832,17,STA,WIFI_DROP,
6.8344,17,STA,WIFI_DROP,
6.8368,17,STA,WIFI_DROP,
6.8392,17,STA,WIFI_DROP,
6.8416,17,STA,WIFI_DROP,
6.844,17,STA,WIFI_DROP,
6.8464,17,STA,WIFI_DROP,
6.8488,17,STA,WIFI_DROP,
6.8512,17,STA,WIFI_DROP,
6.8536,17,STA,WIFI_DROP,
6.856,17,STA,WIFI_DROP,
6.8584,17,STA,WIFI_DROP,
6.8608,17,STA,WIFI_DROP,
6.8632,17,STA,WIFI_DROP,
6.8656,17,STA,WIFI_DROP,
6.868,17,STA,WIFI_DROP,
6.8704,17,STA,WIFI_DROP,
6.8728,17,STA,WIFI_DROP,
6.8752,17,STA,WIFI_DROP,
6.8776,17,STA,WIFI_DROP,
6.88,17,STA,WIFI_DROP,
6.8824,17,STA,WIFI_DROP,
6.8848,17,STA,WIFI_DROP,
6.8872,17,STA,WIFI_DROP,
6.8896,17,STA,WIFI_DROP,
6.892,17,STA,WIFI_DROP,
6.8944,17,STA,WIFI_DROP,
6.8968,17,STA,WIFI_DROP,
6.8992,17,STA,WIFI_DROP,
6.9016,17,STA,WIFI_DROP,
6.904,17,STA,WIFI_DROP,
6.9064,17,STA,WIFI_DROP,
6.9088,17,STA,WIFI_DROP,
6.9112,17,STA,WIFI_DROP,
6.9136,17,STA,WIFI_DROP,
6.916,17,STA,WIFI_DROP,
6.9184,17,STA,WIFI_DROP,
6.9208,17,STA,WIFI_DROP,
6.9232,17,STA,WIFI_DROP,
6.9256,17,STA,WIFI_DROP,
6.928,17,STA,WIFI_DROP,
6.9304,17,STA,WIFI_DROP,
6.9328,17,STA,WIFI_DROP,
6.9352,17,STA,WIFI_DROP,
6.9376,17,STA,WIFI_DROP,
6.94,17,STA,WIFI_DROP,
6.9424,17,STA,WIFI_DROP,
6.9448,17,STA,WIFI_DROP,
6.9472,17,STA,WIFI_DROP,
6.9496,17,STA,WIFI_DROP,
6.952,17,STA,WIFI_DROP,
6.9544,17,STA,WIFI_DROP,
6.9568,17,STA,WIFI_DROP,
6.9592,17,STA,WIFI_DROP,
6.9616,17,STA,WIFI_DROP,
6.964,17,STA,WIFI_DROP,
6.9664,17,STA,WIFI_DROP,
6.9688,17,STA,WIFI_DROP,
6.9712,17,STA,WIFI_DROP,
6.9736,17,STA,WIFI_DROP,
6.976,17,STA,WIFI_DROP,
6.9784,17,STA,WIFI_DROP,
6.9808,17,STA,WIFI_DROP,
6.9832,17,STA,WIFI_DROP,
6.9856,17,STA,WIFI_DROP,
6.988,17,STA,WIFI_DROP,
6.9904,17,STA,WIFI_DROP,
6.9928,17,STA,WIFI_DROP,
6.9952,17,STA,WIFI_DROP,
6.9976,17,STA,WIFI_DROP,
7,2,STA,THROUGHPUT_MBPS,1.464000
7,3,STA,THROUGHPUT_MBPS,1.764000
7,5,STA,THROUGHPUT_MBPS,3.564000
7,6,STA,THROUGHPUT_MBPS,0.048000
7,7,STA,THROUGHPUT_MBPS,0.828000
7,8,STA,THROUGHPUT_MBPS,4.008000
7,9,STA,THROUGHPUT_MBPS,3.300000
7,10,STA,THROUGHPUT_MBPS,3.456000
7,11,STA,THROUGHPUT_MBPS,1.224000
7,12,STA,THROUGHPUT_MBPS,0.588000
7,13,STA,THROUGHPUT_MBPS,1.452000
7,14,STA,THROUGHPUT_MBPS,1.464000
7,15,STA,THROUGHPUT_MBPS,2.028000
7,16,STA,THROUGHPUT_MBPS,3.960000
7,18,STA,THROUGHPUT_MBPS,1.200000
7,19,STA,THROUGHPUT_MBPS,3.372000
7,1,AP,AGGREGATE_THROUGHPUT_MBPS,33.720000
7,1,AP,SENT_COUNT,8320.000000
7,1,AP,RECV_COUNT,2810.000000
7,1,AP,LATENCY_P95_MS,542.226675
7,17,STA,WIFI_DROP,
7.0024,17,STA,WIFI_DROP,
7.0048,17,STA,WIFI_DROP,
7.0072,17,STA,WIFI_DROP,
7.0096,17,STA,WIFI_DROP,
7.012,17,STA,WIFI_DROP,
7.0144,17,STA,WIFI_DROP,
7.0168,17,STA,WIFI_DROP,
7.0192,17,STA,WIFI_DROP,
7.0216,17,STA,WIFI_DROP,
7.024,17,STA,WIFI_DROP,
7.0264,17,STA,WIFI_DROP,
7.0288,17,STA,WIFI_DROP,
7.0312,17,STA,WIFI_DROP,
7.0336,17,STA,WIFI_DROP,
7.036,17,STA,WIFI_DROP,
7.0384,17,STA,WIFI_DROP,
7.0408,17,STA,WIFI_DROP,
7.0432,17,STA,WIFI_DROP,
7.0456,17,STA,WIFI_DROP,
7.048,17,STA,WIFI_DROP,
7.0504,17,STA,WIFI_DROP,
7.0528,17,STA,WIFI_DROP,
7.0552,17,STA,WIFI_DROP,
7.0576,17,STA,WIFI_DROP,
7.06,17,STA,WIFI_DROP,
7.0624,17,STA,WIFI_DROP,
7.0648,17,STA,WIFI_DROP,
7.0672,17,STA,WIFI_DROP,
7.0696,17,STA,WIFI_DROP,
7.072,17,STA,WIFI_DROP,
7.0744,17,STA,WIFI_DROP,
7.0768,17,STA,WIFI_DROP,
7.0792,17,STA,WIFI_DROP,
7.0816,17,STA,WIFI_DROP,
7.084,17,STA,WIFI_DROP,
7.0864,17,STA,WIFI_DROP,
7.0888,17,STA,WIFI_DROP,
7.0912,17,STA,WIFI_DROP,
7.0936,17,STA,WIFI_DROP,
7.096,17,STA,WIFI_DROP,
7.0984,17,STA,WIFI_DROP,
7.1008,17,STA,WIFI_DROP,
7.1032,17,STA,WIFI_DROP,
7.1056,17,STA,WIFI_DROP,
7.108,17,STA,WIFI_DROP,
7.1104,17,STA,WIFI_DROP,
7.1128,17,STA,WIFI_DROP,
7.1152,17,STA,WIFI_DROP,
7.1176,17,STA,WIFI_DROP,
7.12,17,STA,WIFI_DROP,
7.1224,17,STA,WIFI_DROP,
7.1248,17,STA,WIFI_DROP,
7.1272,17,STA,WIFI_DROP,
7.1296,17,STA,WIFI_DROP,
7.132,17,STA,WIFI_DROP,
7.1344,17,STA,WIFI_DROP,
7.1368,17,STA,WIFI_DROP,
7.1392,17,STA,WIFI_DROP,
7.1416,17,STA,WIFI_DROP,
7.144,17,STA,WIFI_DROP,
7.1464,17,STA,WIFI_DROP,
7.1488,17,STA,WIFI_DROP,
7.1512,17,STA,WIFI_DROP,
7.1536,17,STA,WIFI_DROP,
7.156,17,STA,WIFI_DROP,
7.1584,17,STA,WIFI_DROP,
7.1608,17,STA,WIFI_DROP,
7.1632,17,STA,WIFI_DROP,
7.1656,17,STA,WIFI_DROP,
7.168,17,STA,WIFI_DROP,
7.1704,17,STA,WIFI_DROP,
7.1728,17,STA,WIFI_DROP,
7.1752,17,STA,WIFI_DROP,
7.1776,17,STA,WIFI_DROP,
7.18,17,STA,WIFI_DROP,
7.1824,17,STA,WIFI_DROP,
7.1848,17,STA,WIFI_DROP,
7.1872,17,STA,WIFI_DROP,
7.1896,17,STA,WIFI_DROP,
7.192,17,STA,WIFI_DROP,
7.1944,17,STA,WIFI_DROP,
7.1968,17,STA,WIFI_DROP,
7.1992,17,STA,WIFI_DROP,
7.2016,17,STA,WIFI_DROP,
7.204,17,STA,WIFI_DROP,
7.2064,17,STA,WIFI_DROP,
7.2088,17,STA,WIFI_DROP,
7.2112,17,STA,WIFI_DROP,
7.2136,17,STA,WIFI_DROP,
7.216,17,STA,WIFI_DROP,
7.2184,17,STA,WIFI_DROP,
7.2208,17,STA,WIFI_DROP,
7.2232,17,STA,WIFI_DROP,
7.2256,17,STA,WIFI_DROP,
7.228,17,STA,WIFI_DROP,
7.2304,17,STA,WIFI_DROP,
7.2328,17,STA,WIFI_DROP,
7.2352,17,STA,WIFI_DROP,
7.2376,17,STA,WIFI_DROP,
7.24,17,STA,WIFI_DROP,
7.2424,17,STA,WIFI_DROP,
7.2448,17,STA,WIFI_DROP,
7.2472,17,STA,WIFI_DROP,
7.2496,17,STA,WIFI_DROP,
7.252,17,STA,WIFI_DROP,
7.2544,17,STA,WIFI_DROP,
7.2568,17,STA,WIFI_DROP,
7.2592,17,STA,WIFI_DROP,
7.2616,17,STA,WIFI_DROP,
7.264,17,STA,WIFI_DROP,
7.2664,17,STA,WIFI_DROP,
7.2688,17,STA,WIFI_DROP,
7.2712,17,STA,WIFI_DROP,
7.2736,17,STA,WIFI_DROP,
7.276,17,STA,WIFI_DROP,
7.2784,17,STA,WIFI_DROP,
7.2808,17,STA,WIFI_DROP,
7.2832,17,STA,WIFI_DROP,
7.2856,17,STA,WIFI_DROP,
7.288,17,STA,WIFI_DROP,
7.2904,17,STA,WIFI_DROP,
7.2928,17,STA,WIFI_DROP,
7.2952,17,STA,WIFI_DROP,
7.2976,17,STA,WIFI_DROP,
7.3,17,STA,WIFI_DROP,
7.3024,17,STA,WIFI_DROP,
7.3048,17,STA,WIFI_DROP,
7.3072,17,STA,WIFI_DROP,
7.3096,17,STA,WIFI_DROP,
7.312,17,STA,WIFI_DROP,
7.3144,17,STA,WIFI_DROP,
7.3168,17,STA,WIFI_DROP,
7.3192,17,STA,WIFI_DROP,
7.3216,17,STA,WIFI_DROP,
7.324,17,STA,WIFI_DROP,
7.3264,17,STA,WIFI_DROP,
7.3288,17,STA,WIFI_DROP,
7.3312,17,STA,WIFI_DROP,
7.3336,6,STA,WIFI_DROP,
7.3336,17,STA,WIFI_DROP,
7.336,6,STA,WIFI_DROP,
7.336,17,STA,WIFI_DROP,
7.3384,6,STA,WIFI_DROP,
7.3384,17,STA,WIFI_DROP,
7.3408,6,STA,WIFI_DROP,
7.3408,17,STA,WIFI_DROP,
7.3432,6,STA,WIFI_DROP,
7.3432,17,STA,WIFI_DROP,
7.3456,6,STA,WIFI_DROP,
7.3456,17,STA,WIFI_DROP,
7.348,6,STA,WIFI_DROP,
7.348,17,STA,WIFI_DROP,
7.3504,6,STA,WIFI_DROP,
7.3504,17,STA,WIFI_DROP,
7.3528,6,STA,WIFI_DROP,
7.3528,17,STA,WIFI_DROP,
7.3552,6,STA,WIFI_DROP,
7.3552,17,STA,WIFI_DROP,
7.3576,6,STA,WIFI_DROP,
7.3576,17,STA,WIFI_DROP,
7.36,6,STA,WIFI_DROP,
7.36,17,STA,WIFI_DROP,
7.3624,6,STA,WIFI_DROP,
7.3624,17,STA,WIFI_DROP,
7.3648,6,STA,WIFI_DROP,
7.3648,17,STA,WIFI_DROP,
7.3672,6,STA,WIFI_DROP,
7.3672,17,STA,WIFI_DROP,
7.3696,6,STA,WIFI_DROP,
7.3696,17,STA,WIFI_DROP,
7.372,6,STA,WIFI_DROP,
7.372,17,STA,WIFI_DROP,
7.3744,6,STA,WIFI_DROP,
7.3744,17,STA,WIFI_DROP,
7.3768,6,STA,WIFI_DROP,
7.3768,17,STA,WIFI_DROP,
7.3792,6,STA,WIFI_DROP,
7.3792,17,STA,WIFI_DROP,
7.3816,6,STA,WIFI_DROP,
7.3816,17,STA,WIFI_DROP,
7.384,6,STA,WIFI_DROP,
7.384,11,STA,WIFI_DROP,
7.384,17,STA,WIFI_DROP,
7.3864,6,STA,WIFI_DROP,
7.3864,11,STA,WIFI_DROP,
7.3864,17,STA,WIFI_DROP,
7.3888,6,STA,WIFI_DROP,
7.3888,11,STA,WIFI_DROP,
7.3888,17,STA,WIFI_DROP,
7.3912,6,STA,WIFI_DROP,
7.3912,11,STA,WIFI_DROP,
7.3912,17,STA,WIFI_DROP,
7.3936,6,STA,WIFI_DROP,
7.3936,11,STA,WIFI_DROP,
7.3936,17,STA,WIFI_DROP,
7.396,6,STA,WIFI_DROP,
7.396,11,STA,WIFI_DROP,
7.396,17,STA,WIFI_DROP,
7.3984,6,STA,WIFI_DROP,
7.3984,11,STA,WIFI_DROP,
7.3984,17,STA,WIFI_DROP,
7.4008,6,STA,WIFI_DROP,
7.4008,11,STA,WIFI_DROP,
7.4008,17,STA,WIFI_DROP,
7.4032,6,STA,WIFI_DROP,
7.4032,11,STA,WIFI_DROP,
7.4032,17,STA,WIFI_DROP,
7.4056,6,STA,WIFI_DROP,
7.4056,11,STA,WIFI_DROP,
7.4056,17,STA,WIFI_DROP,
7.408,6,STA,WIFI_DROP,
7.408,11,STA,WIFI_DROP,
7.408,17,STA,WIFI_DROP,
7.4104,6,STA,WIFI_DROP,
7.4104,11,STA,WIFI_DROP,
7.4104,17,STA,WIFI_DROP,
7.4128,6,STA,WIFI_DROP,
7.4128,11,STA,WIFI_DROP,
7.4128,17,STA,WIFI_DROP,
7.4152,6,STA,WIFI_DROP,
7.4152,11,STA,WIFI_DROP,
7.4152,17,STA,WIFI_DROP,
7.4176,6,STA,WIFI_DROP,
7.4176,11,STA,WIFI_DROP,
7.4176,17,STA,WIFI_DROP,
7.42,6,STA,WIFI_DROP,
7.42,11,STA,WIFI_DROP,
7.42,17,STA,WIFI_DROP,
7.4224,6,STA,WIFI_DROP,
7.4224,11,STA,WIFI_DROP,
7.4224,17,STA,WIFI_DROP,
7.4248,6,STA,WIFI_DROP,
7.4248,11,STA,WIFI_DROP,
7.4248,17,STA,WIFI_DROP,
7.4272,6,STA,WIFI_DROP,
7.4272,11,STA,WIFI_DROP,
7.4272,17,STA,WIFI_DROP,
7.4296,6,STA,WIFI_DROP,
7.4296,11,STA,WIFI_DROP,
7.4296,17,STA,WIFI_DROP,
7.432,6,STA,WIFI_DROP,
7.432,11,STA,WIFI_DROP,
7.432,17,STA,WIFI_DROP,
7.4344,6,STA,WIFI_DROP,
7.4344,11,STA,WIFI_DROP,
7.4344,17,STA,WIFI_DROP,
7.4368,6,STA,WIFI_DROP,
7.4368,11,STA,WIFI_DROP,
7.4368,17,STA,WIFI_DROP,
7.4392,6,STA,WIFI_DROP,
7.4392,11,STA,WIFI_DROP,
7.4392,17,STA,WIFI_DROP,
7.4416,6,STA,WIFI_DROP,
7.4416,11,STA,WIFI_DROP,
7.4416,17,STA,WIFI_DROP,
7.444,6,STA,WIFI_DROP,
7.444,11,STA,WIFI_DROP,
7.444,17,STA,WIFI_DROP,
7.4464,6,STA,WIFI_DROP,
7.4464,11,STA,WIFI_DROP,
7.4464,17,STA,WIFI_DROP,
7.4488,6,STA,WIFI_DROP,
7.4488,11,STA,WIFI_DROP,
7.4488,17,STA,WIFI_DROP,
7.4512,6,STA,WIFI_DROP,
7.4512,11,STA,WIFI_DROP,
7.4512,17,STA,WIFI_DROP,
7.4536,6,STA,WIFI_DROP,
7.4536,11,STA,WIFI_DROP,
7.4536,17,STA,WIFI_DROP,
7.456,6,STA,WIFI_DROP,
7.456,11,STA,WIFI_DROP,
7.456,17,STA,WIFI_DROP,
7.4584,6,STA,WIFI_DROP,
7.4584,11,STA,WIFI_DROP,
7.4584,17,STA,WIFI_DROP,
7.4608,6,STA,WIFI_DROP,
7.4608,11,STA,WIFI_DROP,
7.4608,17,STA,WIFI_DROP,
7.4632,6,STA,WIFI_DROP,
7.4632,11,STA,WIFI_DROP,
7.4632,17,STA,WIFI_DROP,
7.4656,6,STA,WIFI_DROP,
7.4656,11,STA,WIFI_DROP,
7.4656,17,STA,WIFI_DROP,
7.468,6,STA,WIFI_DROP,
7.468,11,STA,WIFI_DROP,
7.468,17,STA,WIFI_DROP,
7.4704,6,STA,WIFI_DROP,
7.4704,11,STA,WIFI_DROP,
7.4704,17,STA,WIFI_DROP,
7.4728,6,STA,WIFI_DROP,
7.4728,11,STA,WIFI_DROP,
7.4728,17,STA,WIFI_DROP,
7.4752,6,STA,WIFI_DROP,
7.4752,11,STA,WIFI_DROP,
7.4752,17,STA,WIFI_DROP,
7.4776,6,STA,WIFI_DROP,
7.4776,11,STA,WIFI_DROP,
7.4776,17,STA,WIFI_DROP,
7.48,6,STA,WIFI_DROP,
7.48,11,STA,WIFI_DROP,
7.48,17,STA,WIFI_DROP,
7.4824,6,STA,WIFI_DROP,
7.4824,11,STA,WIFI_DROP,
7.4824,17,STA,WIFI_DROP,
7.4848,6,STA,WIFI_DROP,
7.4848,11,STA,WIFI_DROP,
7.4848,17,STA,WIFI_DROP,
7.4872,6,STA,WIFI_DROP,
7.4872,11,STA,WIFI_DROP,
7.4872,17,STA,WIFI_DROP,
7.4896,6,STA,WIFI_DROP,
7.4896,11,STA,WIFI_DROP,
7.4896,17,STA,WIFI_DROP,
7.492,6,STA,WIFI_DROP,
7.492,11,STA,WIFI_DROP,
7.492,17,STA,WIFI_DROP,
7.4944,6,STA,WIFI_DROP,
7.4944,11,STA,WIFI_DROP,
7.4944,17,STA,WIFI_DROP,
7.4968,6,STA,WIFI_DROP,
7.4968,11,STA,WIFI_DROP,
7.4968,17,STA,WIFI_DROP,
7.4992,6,STA,WIFI_DROP,
7.4992,11,STA,WIFI_DROP,
7.4992,17,STA,WIFI_DROP,
7.5016,6,STA,WIFI_DROP,
7.5016,11,STA,WIFI_DROP,
7.5016,17,STA,WIFI_DROP,
7.504,6,STA,WIFI_DROP,
7.504,11,STA,WIFI_DROP,
7.504,17,STA,WIFI_DROP,
7.5064,6,STA,WIFI_DROP,
7.5064,11,STA,WIFI_DROP,
7.5064,17,STA,WIFI_DROP,
7.5088,6,STA,WIFI_DROP,
7.5088,11,STA,WIFI_DROP,
7.5088,17,STA,WIFI_DROP,
7.5112,6,STA,WIFI_DROP,
7.5112,11,STA,WIFI_DROP,
7.5112,17,STA,WIFI_DROP,
7.5136,6,STA,WIFI_DROP,
7.5136,11,STA,WIFI_DROP,
7.5136,17,STA,WIFI_DROP,
7.516,6,STA,WIFI_DROP,
7.516,11,STA,WIFI_DROP,
7.516,17,STA,WIFI_DROP,
7.5184,6,STA,WIFI_DROP,
7.5184,11,STA,WIFI_DROP,
7.5184,17,STA,WIFI_DROP,
7.5208,6,STA,WIFI_DROP,
7.5208,11,STA,WIFI_DROP,
7.5208,17,STA,WIFI_DROP,
7.5232,6,STA,WIFI_DROP,
7.5232,11,STA,WIFI_DROP,
7.5232,17,STA,WIFI_DROP,
7.5256,6,STA,WIFI_DROP,
7.5256,11,STA,WIFI_DROP,
7.5256,17,STA,WIFI_DROP,
7.528,6,STA,WIFI_DROP,
7.528,11,STA,WIFI_DROP,
7.528,17,STA,WIFI_DROP,
7.5304,6,STA,WIFI_DROP,
7.5304,11,STA,WIFI_DROP,
7.5304,17,STA,WIFI_DROP,
7.5328,6,STA,WIFI_DROP,
7.5328,11,STA,WIFI_DROP,
7.5328,17,STA,WIFI_DROP,
7.5352,6,STA,WIFI_DROP,
7.5352,11,STA,WIFI_DROP,
7.5352,17,STA,WIFI_DROP,
7.5376,6,STA,WIFI_DROP,
7.5376,11,STA,WIFI_DROP,
7.5376,17,STA,WIFI_DROP,
7.54,6,STA,WIFI_DROP,
7.54,11,STA,WIFI_DROP,
7.54,17,STA,WIFI_DROP,
7.5424,6,STA,WIFI_DROP,
7.5424,11,STA,WIFI_DROP,
7.5424,17,STA,WIFI_DROP,
7.5448,6,STA,WIFI_DROP,
7.5448,11,STA,WIFI_DROP,
7.5448,17,STA,WIFI_DROP,
7.5472,6,STA,WIFI_DROP,
7.5472,11,STA,WIFI_DROP,
7.5472,17,STA,WIFI_DROP,
7.5496,6,STA,WIFI_DROP,
7.5496,11,STA,WIFI_DROP,
7.5496,17,STA,WIFI_DROP,
7.552,6,STA,WIFI_DROP,
7.552,11,STA,WIFI_DROP,
7.552,17,STA,WIFI_DROP,
7.5544,6,STA,WIFI_DROP,
7.5544,11,STA,WIFI_DROP,
7.5544,17,STA,WIFI_DROP,
7.5568,6,STA,WIFI_DROP,
7.5568,11,STA,WIFI_DROP,
7.5568,17,STA,WIFI_DROP,
7.5592,6,STA,WIFI_DROP,
7.5592,11,STA,WIFI_DROP,
7.5592,17,STA,WIFI_DROP,
7.5616,6,STA,WIFI_DROP,
7.5616,11,STA,WIFI_DROP,
7.5616,17,STA,WIFI_DROP,
7.564,6,STA,WIFI_DROP,
7.564,11,STA,WIFI_DROP,
7.564,17,STA,WIFI_DROP,
7.5664,6,STA,WIFI_DROP,
7.5664,11,STA,WIFI_DROP,
7.5664,17,STA,WIFI_DROP,
7.5688,6,STA,WIFI_DROP,
7.5688,11,STA,WIFI_DROP,
7.5688,17,STA,WIFI_DROP,
7.5712,6,STA,WIFI_DROP,
7.5712,11,STA,WIFI_DROP,
7.5712,17,STA,WIFI_DROP,
7.5736,6,STA,WIFI_DROP,
7.5736,11,STA,WIFI_DROP,
7.5736,17,STA,WIFI_DROP,
7.576,6,STA,WIFI_DROP,
7.576,11,STA,WIFI_DROP,
7.576,17,STA,WIFI_DROP,
7.5784,6,STA,WIFI_DROP,
7.5784,11,STA,WIFI_DROP,
7.5784,17,STA,WIFI_DROP,
7.5808,6,STA,WIFI_DROP,
7.5808,11,STA,WIFI_DROP,
7.5808,17,STA,WIFI_DROP,
7.5832,6,STA,WIFI_DROP,
7.5832,11,STA,WIFI_DROP,
7.5832,17,STA,WIFI_DROP,
7.5856,6,STA,WIFI_DROP,
7.5856,11,STA,WIFI_DROP,
7.5856,17,STA,WIFI_DROP,
7.588,6,STA,WIFI_DROP,
7.588,17,STA,WIFI_DROP,
7.588,20,STA,WIFI_DROP,
7.5904,6,STA,WIFI_DROP,
7.5904,17,STA,WIFI_DROP,
7.5904,20,STA,WIFI_DROP,
7.5928,6,STA,WIFI_DROP,
7.5928,17,STA,WIFI_DROP,
7.5928,20,STA,WIFI_DROP,
7.5952,6,STA,WIFI_DROP,
7.5952,17,STA,WIFI_DROP,
7.5952,20,STA,WIFI_DROP,
7.5976,6,STA,WIFI_DROP,
7.5976,17,STA,WIFI_DROP,
7.5976,20,STA,WIFI_DROP,
7.6,6,STA,WIFI_DROP,
7.6,17,STA,WIFI_DROP,
7.6,20,STA,WIFI_DROP,
7.6024,6,STA,WIFI_DROP,
7.6024,17,STA,WIFI_DROP,
7.6024,20,STA,WIFI_DROP,
7.6048,6,STA,WIFI_DROP,
7.6048,17,STA,WIFI_DROP,
7.6048,20,STA,WIFI_DROP,
7.6072,6,STA,WIFI_DROP,
7.6072,17,STA,WIFI_DROP,
7.6072,20,STA,WIFI_DROP,
7.6096,6,STA,WIFI_DROP,
7.6096,17,STA,WIFI_DROP,
7.6096,20,STA,WIFI_DROP,
7.612,6,STA,WIFI_DROP,
7.612,17,STA,WIFI_DROP,
7.612,20,STA,WIFI_DROP,
7.6144,6,STA,WIFI_DROP,
7.6144,17,STA,WIFI_DROP,
7.6144,20,STA,WIFI_DROP,
7.6168,6,STA,WIFI_DROP,
7.6168,17,STA,WIFI_DROP,
7.6168,20,STA,WIFI_DROP,
7.6192,6,STA,WIFI_DROP,
7.6192,17,STA,WIFI_DROP,
7.6192,20,STA,WIFI_DROP,
7.6216,6,STA,WIFI_DROP,
7.6216,17,STA,WIFI_DROP,
7.6216,20,STA,WIFI_DROP,
7.624,6,STA,WIFI_DROP,
7.624,17,STA,WIFI_DROP,
7.624,20,STA,WIFI_DROP,
7.6264,6,STA,WIFI_DROP,
7.6264,17,STA,WIFI_DROP,
7.6264,20,STA,WIFI_DROP,
7.6288,6,STA,WIFI_DROP,
7.6288,17,STA,WIFI_DROP,
7.6288,20,STA,WIFI_DROP,
7.6312,6,STA,WIFI_DROP,
7.6312,17,STA,WIFI_DROP,
7.6312,20,STA,WIFI_DROP,
7.6336,6,STA,WIFI_DROP,
7.6336,17,STA,WIFI_DROP,
7.6336,20,STA,WIFI_DROP,
7.636,6,STA,WIFI_DROP,
7.636,17,STA,WIFI_DROP,
7.636,20,STA,WIFI_DROP,
7.6384,6,STA,WIFI_DROP,
7.6384,17,STA,WIFI_DROP,
7.6384,20,STA,WIFI_DROP,
7.6408,6,STA,WIFI_DROP,
7.6408,17,STA,WIFI_DROP,
7.6408,20,STA,WIFI_DROP,
7.6432,6,STA,WIFI_DROP,
7.6432,17,STA,WIFI_DROP,
7.6432,20,STA,WIFI_DROP,
7.6456,6,STA,WIFI_DROP,
7.6456,17,STA,WIFI_DROP,
7.6456,20,STA,WIFI_DROP,
7.648,6,STA,WIFI_DROP,
7.648,17,STA,WIFI_DROP,
7.648,20,STA,WIFI_DROP,
7.6504,6,STA,WIFI_DROP,
7.6504,17,STA,WIFI_DROP,
7.6504,20,STA,WIFI_DROP,
7.6528,6,STA,WIFI_DROP,
7.6528,17,STA,WIFI_DROP,
7.6528,20,STA,WIFI_DROP,
7.6552,6,STA,WIFI_DROP,
7.6552,17,STA,WIFI_DROP,
7.6552,20,STA,WIFI_DROP,
7.6576,6,STA,WIFI_DROP,
7.6576,17,STA,WIFI_DROP,
7.6576,20,STA,WIFI_DROP,
7.66,6,STA,WIFI_DROP,
7.66,17,STA,WIFI_DROP,
7.66,20,STA,WIFI_DROP,
7.6624,6,STA,WIFI_DROP,
7.6624,17,STA,WIFI_DROP,
7.6624,20,STA,WIFI_DROP,
7.6648,6,STA,WIFI_DROP,
7.6648,17,STA,WIFI_DROP,
7.6648,20,STA,WIFI_DROP,
7.6672,6,STA,WIFI_DROP,
7.6672,17,STA,WIFI_DROP,
7.6672,20,STA,WIFI_DROP,
7.6696,6,STA,WIFI_DROP,
7.6696,17,STA,WIFI_DROP,
7.6696,20,STA,WIFI_DROP,
7.672,6,STA,WIFI_DROP,
7.672,17,STA,WIFI_DROP,
7.672,20,STA,WIFI_DROP,
7.6744,6,STA,WIFI_DROP,
7.6744,17,STA,WIFI_DROP,
7.6744,20,STA,WIFI_DROP,
7.6768,6,STA,WIFI_DROP,
7.6768,17,STA,WIFI_DROP,
7.6768,20,STA,WIFI_DROP,
7.6792,6,STA,WIFI_DROP,
7.6792,17,STA,WIFI_DROP,
7.6792,20,STA,WIFI_DROP,
7.6816,6,STA,WIFI_DROP,
7.6816,17,STA,WIFI_DROP,
7.6816,20,STA,WIFI_DROP,
7.684,6,STA,WIFI_DROP,
7.684,17,STA,WIFI_DROP,
7.684,20,STA,WIFI_DROP,
7.6864,6,STA,WIFI_DROP,
7.6864,17,STA,WIFI_DROP,
7.6864,20,STA,WIFI_DROP,
7.6888,6,STA,WIFI_DROP,
7.6888,17,STA,WIFI_DROP,
7.6888,20,STA,WIFI_DROP,
7.6912,6,STA,WIFI_DROP,
7.6912,17,STA,WIFI_DROP,
7.6912,18,STA,WIFI_DROP,
7.6912,19,STA,WIFI_DROP,
7.6912,20,STA,WIFI_DROP,
7.6936,6,STA,WIFI_DROP,
7.6936,17,STA,WIFI_DROP,
7.6936,18,STA,WIFI_DROP,
7.6936,19,STA,WIFI_DROP,
7.6936,20,STA,WIFI_DROP,
7.696,6,STA,WIFI_DROP,
7.696,17,STA,WIFI_DROP,
7.696,18,STA,WIFI_DROP,
7.696,19,STA,WIFI_DROP,
7.696,20,STA,WIFI_DROP,
7.6984,6,STA,WIFI_DROP,
7.6984,17,STA,WIFI_DROP,
7.6984,18,STA,WIFI_DROP,
7.6984,19,STA,WIFI_DROP,
7.6984,20,STA,WIFI_DROP,
7.7008,6,STA,WIFI_DROP,
7.7008,17,STA,WIFI_DROP,
7.7008,18,STA,WIFI_DROP,
7.7008,19,STA,WIFI_DROP,
7.7008,20,STA,WIFI_DROP,
7.7032,6,STA,WIFI_DROP,
7.7032,17,STA,WIFI_DROP,
7.7032,18,STA,WIFI_DROP,
7.7032,19,STA,WIFI_DROP,
7.7032,20,STA,WIFI_DROP,
7.7056,6,STA,WIFI_DROP,
7.7056,17,STA,WIFI_DROP,
7.7056,18,STA,WIFI_DROP,
7.7056,19,STA,WIFI_DROP,
7.7056,20,STA,WIFI_DROP,
7.708,6,STA,WIFI_DROP,
7.708,17,STA,WIFI_DROP,
7.708,18,STA,WIFI_DROP,
7.708,19,STA,WIFI_DROP,
7.708,20,STA,WIFI_DROP,
7.7104,6,STA,WIFI_DROP,
7.7104,17,STA,WIFI_DROP,
7.7104,18,STA,WIFI_DROP,
7.7104,19,STA,WIFI_DROP,
7.7104,20,STA,WIFI_DROP,
7.7128,6,STA,WIFI_DROP,
7.7128,17,STA,WIFI_DROP,
7.7128,18,STA,WIFI_DROP,
7.7128,19,STA,WIFI_DROP,
7.7128,20,STA,WIFI_DROP,
7.7152,6,STA,WIFI_DROP,
7.7152,17,STA,WIFI_DROP,
7.7152,18,STA,WIFI_DROP,
7.7152,19,STA,WIFI_DROP,
7.7152,20,STA,WIFI_DROP,
7.7176,6,STA,WIFI_DROP,
7.7176,17,STA,WIFI_DROP,
7.7176,18,STA,WIFI_DROP,
7.7176,19,STA,WIFI_DROP,
7.7176,20,STA,WIFI_DROP,
7.72,6,STA,WIFI_DROP,
7.72,17,STA,WIFI_DROP,
7.72,18,STA,WIFI_DROP,
7.72,19,STA,WIFI_DROP,
7.72,20,STA,WIFI_DROP,
7.7224,6,STA,WIFI_DROP,
7.7224,17,STA,WIFI_DROP,
7.7224,18,STA,WIFI_DROP,
7.7224,19,STA,WIFI_DROP,
7.7224,20,STA,WIFI_DROP,
7.7248,6,STA,WIFI_DROP,
7.7248,17,STA,WIFI_DROP,
7.7248,18,STA,WIFI_DROP,
7.7248,19,STA,WIFI_DROP,
7.7248,20,STA,WIFI_DROP,
7.7272,6,STA,WIFI_DROP,
7.7272,17,STA,WIFI_DROP,
7.7272,18,STA,WIFI_DROP,
7.7272,19,STA,WIFI_DROP,
7.7272,20,STA,WIFI_DROP,
7.7296,6,STA,WIFI_DROP,
7.7296,17,STA,WIFI_DROP,
7.7296,18,STA,WIFI_DROP,
7.7296,19,STA,WIFI_DROP,
7.7296,20,STA,WIFI_DROP,
7.732,6,STA,WIFI_DROP,
7.732,17,STA,WIFI_DROP,
7.732,18,STA,WIFI_DROP,
7.732,19,STA,WIFI_DROP,
7.732,20,STA,WIFI_DROP,
7.7344,6,STA,WIFI_DROP,
7.7344,17,STA,WIFI_DROP,
7.7344,18,STA,WIFI_DROP,
7.7344,19,STA,WIFI_DROP,
7.7344,20,STA,WIFI_DROP,
7.7368,6,STA,WIFI_DROP,
7.7368,17,STA,WIFI_DROP,
7.7368,18,STA,WIFI_DROP,
7.7368,19,STA,WIFI_DROP,
7.7368,20,STA,WIFI_DROP,
7.7392,17,STA,WIFI_DROP,
7.7392,18,STA,WIFI_DROP,
7.7392,19,STA,WIFI_DROP,
7.7392,20,STA,WIFI_DROP,
7.7416,17,STA,WIFI_DROP,
7.7416,18,STA,WIFI_DROP,
7.7416,19,STA,WIFI_DROP,
7.7416,20,STA,WIFI_DROP,
7.744,17,STA,WIFI_DROP,
7.744,18,STA,WIFI_DROP,
7.744,20,STA,WIFI_DROP,
7.7464,17,STA,WIFI_DROP,
7.7464,18,STA,WIFI_DROP,
7.7464,20,STA,WIFI_DROP,
7.7488,17,STA,WIFI_DROP,
7.7488,18,STA,WIFI_DROP,
7.7488,20,STA,WIFI_DROP,
7.7512,17,STA,WIFI_DROP,
7.7512,18,STA,WIFI_DROP,
7.7512,20,STA,WIFI_DROP,
7.7536,17,STA,WIFI_DROP,
7.7536,18,STA,WIFI_DROP,
7.7536,20,STA,WIFI_DROP,
7.756,17,STA,WIFI_DROP,
7.756,18,STA,WIFI_DROP,
7.756,20,STA,WIFI_DROP,
7.7584,17,STA,WIFI_DROP,
7.7584,18,STA,WIFI_DROP,
7.7584,20,STA,WIFI_DROP,
7.7608,17,STA,WIFI_DROP,
7.7608,18,STA,WIFI_DROP,
7.7608,20,STA,WIFI_DROP,
7.7632,17,STA,WIFI_DROP,
7.7632,18,STA,WIFI_DROP,
7.7632,20,STA,WIFI_DROP,
7.7656,17,STA,WIFI_DROP,
7.7656,18,STA,WIFI_DROP,
7.7656,20,STA,WIFI_DROP,
7.768,17,STA,WIFI_DROP,
7.768,18,STA,WIFI_DROP,
7.768,20,STA,WIFI_DROP,
7.7704,17,STA,WIFI_DROP,
7.7704,18,STA,WIFI_DROP,
7.7704,20,STA,WIFI_DROP,
7.7728,17,STA,WIFI_DROP,
7.7728,18,STA,WIFI_DROP,
7.7728,20,STA,WIFI_DROP,
7.7752,17,STA,WIFI_DROP,
7.7752,18,STA,WIFI_DROP,
7.7752,20,STA,WIFI_DROP,
7.7776,17,STA,WIFI_DROP,
7.7776,18,STA,WIFI_DROP,
7.7776,20,STA,WIFI_DROP,
7.78,17,STA,WIFI_DROP,
7.78,18,STA,WIFI_DROP,
7.78,20,STA,WIFI_DROP,
7.7824,17,STA,WIFI_DROP,
7.7824,18,STA,WIFI_DROP,
7.7824,20,STA,WIFI_DROP,
7.7848,17,STA,WIFI_DROP,
7.7848,18,STA,WIFI_DROP,
7.7848,20,STA,WIFI_DROP,
7.7872,17,STA,WIFI_DROP,
7.7872,18,STA,WIFI_DROP,
7.7872,20,STA,WIFI_DROP,
7.7896,17,STA,WIFI_DROP,
7.7896,18,STA,WIFI_DROP,
7.7896,20,STA,WIFI_DROP,
7.792,17,STA,WIFI_DROP,
7.792,18,STA,WIFI_DROP,
7.792,20,STA,WIFI_DROP,
7.7944,17,STA,WIFI_DROP,
7.7944,18,STA,WIFI_DROP,
7.7944,20,STA,WIFI_DROP,
7.7968,17,STA,WIFI_DROP,
7.7968,18,STA,WIFI_DROP,
7.7968,20,STA,WIFI_DROP,
7.7992,17,STA,WIFI_DROP,
7.7992,18,STA,WIFI_DROP,
7.7992,20,STA,WIFI_DROP,
7.8016,17,STA,WIFI_DROP,
7.8016,18,STA,WIFI_DROP,
7.8016,20,STA,WIFI_DROP,
7.804,17,STA,WIFI_DROP,
7.804,18,STA,WIFI_DROP,
7.804,20,STA,WIFI_DROP,
7.8064,17,STA,WIFI_DROP,
7.8064,18,STA,WIFI_DROP,
7.8064,20,STA,WIFI_DROP,
7.8088,17,STA,WIFI_DROP,
7.8088,18,STA,WIFI_DROP,
7.8088,20,STA,WIFI_DROP,
7.8112,17,STA,WIFI_DROP,
7.8112,18,STA,WIFI_DROP,
7.8112,20,STA,WIFI_DROP,
7.8136,17,STA,WIFI_DROP,
7.8136,18,STA,WIFI_DROP,
7.8136,20,STA,WIFI_DROP,
7.816,17,STA,WIFI_DROP,
7.816,18,STA,WIFI_DROP,
7.816,20,STA,WIFI_DROP,
7.8184,17,STA,WIFI_DROP,
7.8184,18,STA,WIFI_DROP,
7.8184,20,STA,WIFI_DROP,
7.8208,17,STA,WIFI_DROP,
7.8208,18,STA,WIFI_DROP,
7.8208,20,STA,WIFI_DROP,
7.8232,17,STA,WIFI_DROP,
7.8232,18,STA,WIFI_DROP,
7.8232,20,STA,WIFI_DROP,
7.8256,17,STA,WIFI_DROP,
7.8256,18,STA,WIFI_DROP,
7.8256,20,STA,WIFI_DROP,
7.828,17,STA,WIFI_DROP,
7.828,18,STA,WIFI_DROP,
7.828,20,STA,WIFI_DROP,
7.8304,17,STA,WIFI_DROP,
7.8304,18,STA,WIFI_DROP,
7.8304,20,STA,WIFI_DROP,
7.8328,17,STA,WIFI_DROP,
7.8328,18,STA,WIFI_DROP,
7.8328,20,STA,WIFI_DROP,
7.8352,17,STA,WIFI_DROP,
7.8352,18,STA,WIFI_DROP,
7.8352,20,STA,WIFI_DROP,
7.8376,17,STA,WIFI_DROP,
7.8376,18,STA,WIFI_DROP,
7.8376,20,STA,WIFI_DROP,
7.84,17,STA,WIFI_DROP,
7.84,18,STA,WIFI_DROP,
7.8424,17,STA,WIFI_DROP,
7.8424,18,STA,WIFI_DROP,
7.8448,17,STA,WIFI_DROP,
7.8448,18,STA,WIFI_DROP,
7.8472,17,STA,WIFI_DROP,
7.8472,18,STA,WIFI_DROP,
7.8496,17,STA,WIFI_DROP,
7.8496,18,STA,WIFI_DROP,
7.852,17,STA,WIFI_DROP,
7.852,18,STA,WIFI_DROP,
7.8544,17,STA,WIFI_DROP,
7.8544,18,STA,WIFI_DROP,
7.8568,17,STA,WIFI_DROP,
7.8568,18,STA,WIFI_DROP,
7.8592,17,STA,WIFI_DROP,
7.8592,18,STA,WIFI_DROP,
7.8616,17,STA,WIFI_DROP,
7.8616,18,STA,WIFI_DROP,
7.864,17,STA,WIFI_DROP,
7.864,18,STA,WIFI_DROP,
7.8664,17,STA,WIFI_DROP,
7.8664,18,STA,WIFI_DROP,
7.8688,17,STA,WIFI_DROP,
7.8688,18,STA,WIFI_DROP,
7.8712,17,STA,WIFI_DROP,
7.8712,18,STA,WIFI_DROP,
7.8736,17,STA,WIFI_DROP,
7.8736,18,STA,WIFI_DROP,
7.876,17,STA,WIFI_DROP,
7.876,18,STA,WIFI_DROP,
7.8784,17,STA,WIFI_DROP,
7.8784,18,STA,WIFI_DROP,
7.8808,17,STA,WIFI_DROP,
7.8808,18,STA,WIFI_DROP,
7.8832,17,STA,WIFI_DROP,
7.8832,18,STA,WIFI_DROP,
7.8856,17,STA,WIFI_DROP,
7.8856,18,STA,WIFI_DROP,
7.888,17,STA,WIFI_DROP,
7.888,18,STA,WIFI_DROP,
7.8904,17,STA,WIFI_DROP,
7.8904,18,STA,WIFI_DROP,
7.8928,17,STA,WIFI_DROP,
7.8928,18,STA,WIFI_DROP,
7.8952,17,STA,WIFI_DROP,
7.8952,18,STA,WIFI_DROP,
7.8976,17,STA,WIFI_DROP,
7.8976,18,STA,WIFI_DROP,
7.9,17,STA,WIFI_DROP,
7.9,18,STA,WIFI_DROP,
7.9024,17,STA,WIFI_DROP,
7.9024,18,STA,WIFI_DROP,
7.9048,17,STA,WIFI_DROP,
7.9048,18,STA,WIFI_DROP,
7.9072,17,STA,WIFI_DROP,
7.9072,18,STA,WIFI_DROP,
7.9096,17,STA,WIFI_DROP,
7.9096,18,STA,WIFI_DROP,
7.912,17,STA,WIFI_DROP,
7.912,18,STA,WIFI_DROP,
7.9144,17,STA,WIFI_DROP,
7.9144,18,STA,WIFI_DROP,
7.9168,17,STA,WIFI_DROP,
7.9168,18,STA,WIFI_DROP,
7.9192,17,STA,WIFI_DROP,
7.9192,18,STA,WIFI_DROP,
7.9216,17,STA,WIFI_DROP,
7.9216,18,STA,WIFI_DROP,
7.924,17,STA,WIFI_DROP,
7.924,18,STA,WIFI_DROP,
7.9264,17,STA,WIFI_DROP,
7.9264,18,STA,WIFI_DROP,
7.9288,17,STA,WIFI_DROP,
7.9288,18,STA,WIFI_DROP,
7.9312,17,STA,WIFI_DROP,
7.9312,18,STA,WIFI_DROP,
7.9336,17,STA,WIFI_DROP,
7.9336,18,STA,WIFI_DROP,
7.936,17,STA,WIFI_DROP,
7.936,18,STA,WIFI_DROP,
7.9384,17,STA,WIFI_DROP,
7.9384,18,STA,WIFI_DROP,
7.9408,17,STA,WIFI_DROP,
7.9408,18,STA,WIFI_DROP,
7.9432,17,STA,WIFI_DROP,
7.9432,18,STA,WIFI_DROP,
7.9456,17,STA,WIFI_DROP,
7.9456,18,STA,WIFI_DROP,
7.948,17,STA,WIFI_DROP,
7.948,18,STA,WIFI_DROP,
7.9504,17,STA,WIFI_DROP,
7.9504,18,STA,WIFI_DROP,
7.9528,17,STA,WIFI_DROP,
7.9528,18,STA,WIFI_DROP,
7.9552,17,STA,WIFI_DROP,
7.9552,18,STA,WIFI_DROP,
7.9576,17,STA,WIFI_DROP,
7.9576,18,STA,WIFI_DROP,
7.96,17,STA,WIFI_DROP,
7.96,18,STA,WIFI_DROP,
7.9624,17,STA,WIFI_DROP,
7.9624,18,STA,WIFI_DROP,
7.9648,17,STA,WIFI_DROP,
7.9648,18,STA,WIFI_DROP,
7.9672,17,STA,WIFI_DROP,
7.9672,18,STA,WIFI_DROP,
7.9696,17,STA,WIFI_DROP,
7.9696,18,STA,WIFI_DROP,
7.972,17,STA,WIFI_DROP,
7.972,18,STA,WIFI_DROP,
7.9744,17,STA,WIFI_DROP,
7.9744,18,STA,WIFI_DROP,
7.9768,17,STA,WIFI_DROP,
7.9768,18,STA,WIFI_DROP,
7.9792,17,STA,WIFI_DROP,
7.9792,18,STA,WIFI_DROP,
7.9816,17,STA,WIFI_DROP,
7.9816,18,STA,WIFI_DROP,
7.984,17,STA,WIFI_DROP,
7.984,18,STA,WIFI_DROP,
7.9864,17,STA,WIFI_DROP,
7.9864,18,STA,WIFI_DROP,
7.9888,17,STA,WIFI_DROP,
7.9888,18,STA,WIFI_DROP,
7.9912,17,STA,WIFI_DROP,
7.9912,18,STA,WIFI_DROP,
7.9936,17,STA,WIFI_DROP,
7.9936,18,STA,WIFI_DROP,
7.996,17,STA,WIFI_DROP,
7.996,18,STA,WIFI_DROP,
7.9984,17,STA,WIFI_DROP,
7.9984,18,STA,WIFI_DROP,
8,2,STA,THROUGHPUT_MBPS,1.068000
8,3,STA,THROUGHPUT_MBPS,2.028000
8,5,STA,THROUGHPUT_MBPS,3.180000
8,6,STA,THROUGHPUT_MBPS,0.288000
8,7,STA,THROUGHPUT_MBPS,1.572000
8,8,STA,THROUGHPUT_MBPS,2.088000
8,9,STA,THROUGHPUT_MBPS,1.728000
8,10,STA,THROUGHPUT_MBPS,2.436000
8,11,STA,THROUGHPUT_MBPS,0.264000
8,12,STA,THROUGHPUT_MBPS,0.420000
8,13,STA,THROUGHPUT_MBPS,2.688000
8,14,STA,THROUGHPUT_MBPS,4.704000
8,15,STA,THROUGHPUT_MBPS,3.744000
8,16,STA,THROUGHPUT_MBPS,1.680000
8,18,STA,THROUGHPUT_MBPS,3.264000
8,19,STA,THROUGHPUT_MBPS,3.840000
8,1,AP,AGGREGATE_THROUGHPUT_MBPS,34.992000
8,1,AP,SENT_COUNT,8340.000000
8,1,AP,RECV_COUNT,2916.000000
8,1,AP,LATENCY_P95_MS,535.417806
8.0008,17,STA,WIFI_DROP,
8.0008,18,STA,WIFI_DROP,
8.0032,17,STA,WIFI_DROP,
8.0032,18,STA,WIFI_DROP,
8.0056,17,STA,WIFI_DROP,
8.0056,18,STA,WIFI_DROP,
8.008,17,STA,WIFI_DROP,
8.008,18,STA,WIFI_DROP,
8.0104,17,STA,WIFI_DROP,
8.0104,18,STA,WIFI_DROP,
8.0128,17,STA,WIFI_DROP,
8.0128,18,STA,WIFI_DROP,
8.0152,17,STA,WIFI_DROP,
8.0152,18,STA,WIFI_DROP,
8.0176,17,STA,WIFI_DROP,
8.0176,18,STA,WIFI_DROP,
8.02,17,STA,WIFI_DROP,
8.02,18,STA,WIFI_DROP,
8.0224,17,STA,WIFI_DROP,
8.0224,18,STA,WIFI_DROP,
8.0248,17,STA,WIFI_DROP,
8.0248,18,STA,WIFI_DROP,
8.0272,17,STA,WIFI_DROP,
8.0272,18,STA,WIFI_DROP,
8.0296,17,STA,WIFI_DROP,
8.0296,18,STA,WIFI_DROP,
8.032,17,STA,WIFI_DROP,
8.032,18,STA,WIFI_DROP,
8.0344,17,STA,WIFI_DROP,
8.0344,18,STA,WIFI_DROP,
8.0368,17,STA,WIFI_DROP,
8.0368,18,STA,WIFI_DROP,
8.0392,17,STA,WIFI_DROP,
8.0392,18,STA,WIFI_DROP,
8.0416,17,STA,WIFI_DROP,
8.0416,18,STA,WIFI_DROP,
8.044,17,STA,WIFI_DROP,
8.044,18,STA,WIFI_DROP,
8.0464,17,STA,WIFI_DROP,
8.0464,18,STA,WIFI_DROP,
8.0488,17,STA,WIFI_DROP,
8.0488,18,STA,WIFI_DROP,
8.0512,17,STA,WIFI_DROP,
8.0512,18,STA,WIFI_DROP,
8.0536,17,STA,WIFI_DROP,
8.0536,18,STA,WIFI_DROP,
8.056,17,STA,WIFI_DROP,
8.056,18,STA,WIFI_DROP,
8.0584,17,STA,WIFI_DROP,
8.0584,18,STA,WIFI_DROP,
8.0608,17,STA,WIFI_DROP,
8.0608,18,STA,WIFI_DROP,
8.0632,17,STA,WIFI_DROP,
8.0632,18,STA,WIFI_DROP,
8.0656,17,STA,WIFI_DROP,
8.0656,18,STA,WIFI_DROP,
8.068,17,STA,WIFI_DROP,
8.068,18,STA,WIFI_DROP,
8.0704,17,STA,WIFI_DROP,
8.0704,18,STA,WIFI_DROP,
8.0728,17,STA,WIFI_DROP,
8.0728,18,STA,WIFI_DROP,
8.0752,17,STA,WIFI_DROP,
8.0752,18,STA,WIFI_DROP,
8.0776,17,STA,WIFI_DROP,
8.0776,18,STA,WIFI_DROP,
8.08,17,STA,WIFI_DROP,
8.08,18,STA,WIFI_DROP,
8.0824,17,STA,WIFI_DROP,
8.0824,18,STA,WIFI_DROP,
8.0848,17,STA,WIFI_DROP,
8.0848,18,STA,WIFI_DROP,
8.0872,17,STA,WIFI_DROP,
8.0872,18,STA,WIFI_DROP,
8.0896,17,STA,WIFI_DROP,
8.0896,18,STA,WIFI_DROP,
8.092,17,STA,WIFI_DROP,
8.092,18,STA,WIFI_DROP,
8.0944,17,STA,WIFI_DROP,
8.0944,18,STA,WIFI_DROP,
8.0968,17,STA,WIFI_DROP,
8.0968,18,STA,WIFI_DROP,
8.0992,17,STA,WIFI_DROP,
8.0992,18,STA,WIFI_DROP,
8.1016,17,STA,WIFI_DROP,
8.1016,18,STA,WIFI_DROP,
8.104,17,STA,WIFI_DROP,
8.104,18,STA,WIFI_DROP,
8.1064,17,STA,WIFI_DROP,
8.1064,18,STA,WIFI_DROP,
8.1088,17,STA,WIFI_DROP,
8.1088,18,STA,WIFI_DROP,
8.1112,17,STA,WIFI_DROP,
8.1112,18,STA,WIFI_DROP,
8.1136,17,STA,WIFI_DROP,
8.1136,18,STA,WIFI_DROP,
8.116,17,STA,WIFI_DROP,
8.116,18,STA,WIFI_DROP,
8.1184,17,STA,WIFI_DROP,
8.1184,18,STA,WIFI_DROP,
8.1208,17,STA,WIFI_DROP,
8.1208,18,STA,WIFI_DROP,
8.1232,17,STA,WIFI_DROP,
8.1232,18,STA,WIFI_DROP,
8.1256,17,STA,WIFI_DROP,
8.1256,18,STA,WIFI_DROP,
8.128,17,STA,WIFI_DROP,
8.128,18,STA,WIFI_DROP,
8.1304,17,STA,WIFI_DROP,
8.1304,18,STA,WIFI_DROP,
8.1328,17,STA,WIFI_DROP,
8.1328,18,STA,WIFI_DROP,
8.1352,17,STA,WIFI_DROP,
8.1352,18,STA,WIFI_DROP,
8.1376,17,STA,WIFI_DROP,
8.1376,18,STA,WIFI_DROP,
8.14,17,STA,WIFI_DROP,
8.14,18,STA,WIFI_DROP,
8.1424,17,STA,WIFI_DROP,
8.1424,18,STA,WIFI_DROP,
8.1448,17,STA,WIFI_DROP,
8.1448,18,STA,WIFI_DROP,
8.1472,17,STA,WIFI_DROP,
8.1472,18,STA,WIFI_DROP,
8.1496,17,STA,WIFI_DROP,
8.1496,18,STA,WIFI_DROP,
8.152,17,STA,WIFI_DROP,
8.152,18,STA,WIFI_DROP,
8.1544,17,STA,WIFI_DROP,
8.1544,18,STA,WIFI_DROP,
8.1568,17,STA,WIFI_DROP,
8.1568,18,STA,WIFI_DROP,
8.1592,17,STA,WIFI_DROP,
8.1592,18,STA,WIFI_DROP,
8.1616,17,STA,WIFI_DROP,
8.1616,18,STA,WIFI_DROP,
8.164,17,STA,WIFI_DROP,
8.164,18,STA,WIFI_DROP,
8.1664,17,STA,WIFI_DROP,
8.1664,18,STA,WIFI_DROP,
8.1688,17,STA,WIFI_DROP,
8.1688,18,STA,WIFI_DROP,
8.1712,17,STA,WIFI_DROP,
8.1712,18,STA,WIFI_DROP,
8.1736,17,STA,WIFI_DROP,
8.1736,18,STA,WIFI_DROP,
8.176,17,STA,WIFI_DROP,
8.176,18,STA,WIFI_DROP,
8.1784,17,STA,WIFI_DROP,
8.1784,18,STA,WIFI_DROP,
8.1808,17,STA,WIFI_DROP,
8.1808,18,STA,WIFI_DROP,
8.1832,17,STA,WIFI_DROP,
8.1832,18,STA,WIFI_DROP,
8.1856,17,STA,WIFI_DROP,
8.1856,18,STA,WIFI_DROP,
8.188,17,STA,WIFI_DROP,
8.188,18,STA,WIFI_DROP,
8.1904,17,STA,WIFI_DROP,
8.1904,18,STA,WIFI_DROP,
8.1928,17,STA,WIFI_DROP,
8.1928,18,STA,WIFI_DROP,
8.1952,17,STA,WIFI_DROP,
8.1952,18,STA,WIFI_DROP,
8.1976,17,STA,WIFI_DROP,
8.1976,18,STA,WIFI_DROP,
8.2,17,STA,WIFI_DROP,
8.2,18,STA,WIFI_DROP,
8.2024,17,STA,WIFI_DROP,
8.2024,18,STA,WIFI_DROP,
8.2048,17,STA,WIFI_DROP,
8.2048,18,STA,WIFI_DROP,
8.2072,17,STA,WIFI_DROP,
8.2072,18,STA,WIFI_DROP,
8.2096,17,STA,WIFI_DROP,
8.2096,18,STA,WIFI_DROP,
8.212,17,STA,WIFI_DROP,
8.212,18,STA,WIFI_DROP,
8.2144,17,STA,WIFI_DROP,
8.2144,18,STA,WIFI_DROP,
8.2168,17,STA,WIFI_DROP,
8.2168,18,STA,WIFI_DROP,
8.2192,17,STA,WIFI_DROP,
8.2192,18,STA,WIFI_DROP,
8.2216,17,STA,WIFI_DROP,
8.2216,18,STA,WIFI_DROP,
8.224,17,STA,WIFI_DROP,
8.224,18,STA,WIFI_DROP,
8.2264,17,STA,WIFI_DROP,
8.2264,18,STA,WIFI_DROP,
8.2288,17,STA,WIFI_DROP,
8.2288,18,STA,WIFI_DROP,
8.2312,17,STA,WIFI_DROP,
8.2312,18,STA,WIFI_DROP,
8.2336,17,STA,WIFI_DROP,
8.2336,18,STA,WIFI_DROP,
8.236,17,STA,WIFI_DROP,
8.236,18,STA,WIFI_DROP,
8.2384,17,STA,WIFI_DROP,
8.2384,18,STA,WIFI_DROP,
8.2408,17,STA,WIFI_DROP,
8.2408,18,STA,WIFI_DROP,
8.2432,17,STA,WIFI_DROP,
8.2432,18,STA,WIFI_DROP,
8.2456,17,STA,WIFI_DROP,
8.2456,18,STA,WIFI_DROP,
8.248,17,STA,WIFI_DROP,
8.248,18,STA,WIFI_DROP,
8.2504,17,STA,WIFI_DROP,
8.2504,18,STA,WIFI_DROP,
8.2528,17,STA,WIFI_DROP,
8.2528,18,STA,WIFI_DROP,
8.2552,17,STA,WIFI_DROP,
8.2552,18,STA,WIFI_DROP,
8.2576,17,STA,WIFI_DROP,
8.2576,18,STA,WIFI_DROP,
8.26,17,STA,WIFI_DROP,
8.26,18,STA,WIFI_DROP,
8.2624,17,STA,WIFI_DROP,
8.2624,18,STA,WIFI_DROP,
8.2648,17,STA,WIFI_DROP,
8.2648,18,STA,WIFI_DROP,
8.2672,17,STA,WIFI_DROP,
8.2672,18,STA,WIFI_DROP,
8.2696,17,STA,WIFI_DROP,
8.2696,18,STA,WIFI_DROP,
8.272,17,STA,WIFI_DROP,
8.272,18,STA,WIFI_DROP,
8.2744,17,STA,WIFI_DROP,
8.2744,18,STA,WIFI_DROP,
8.2768,17,STA,WIFI_DROP,
8.2768,18,STA,WIFI_DROP,
8.2792,17,STA,WIFI_DROP,
8.2792,18,STA,WIFI_DROP,
8.2816,17,STA,WIFI_DROP,
8.2816,18,STA,WIFI_DROP,
8.284,17,STA,WIFI_DROP,
8.284,18,STA,WIFI_DROP,
8.2864,17,STA,WIFI_DROP,
8.2864,18,STA,WIFI_DROP,
8.2888,17,STA,WIFI_DROP,
8.2888,18,STA,WIFI_DROP,
8.2912,17,STA,WIFI_DROP,
8.2912,18,STA,WIFI_DROP,
8.2936,17,STA,WIFI_DROP,
8.2936,18,STA,WIFI_DROP,
8.296,17,STA,WIFI_DROP,
8.296,18,STA,WIFI_DROP,
8.2984,17,STA,WIFI_DROP,
8.2984,18,STA,WIFI_DROP,
8.3008,17,STA,WIFI_DROP,
8.3008,18,STA,WIFI_DROP,
8.3032,17,STA,WIFI_DROP,
8.3032,18,STA,WIFI_DROP,
8.3056,9,STA,WIFI_DROP,
8.3056,17,STA,WIFI_DROP,
8.3056,18,STA,WIFI_DROP,
8.308,9,STA,WIFI_DROP,
8.308,17,STA,WIFI_DROP,
8.308,18,STA,WIFI_DROP,
8.3104,9,STA,WIFI_DROP,
8.3104,17,STA,WIFI_DROP,
8.3104,18,STA,WIFI_DROP,
8.3128,9,STA,WIFI_DROP,
8.3128,17,STA,WIFI_DROP,
8.3128,18,STA,WIFI_DROP,
8.3152,9,STA,WIFI_DROP,
8.3152,17,STA,WIFI_DROP,
8.3152,18,STA,WIFI_DROP,
8.3176,9,STA,WIFI_DROP,
8.3176,17,STA,WIFI_DROP,
8.3176,18,STA,WIFI_DROP,
8.32,9,STA,WIFI_DROP,
8.32,17,STA,WIFI_DROP,
8.32,18,STA,WIFI_DROP,
8.3224,9,STA,WIFI_DROP,
8.3224,17,STA,WIFI_DROP,
8.3224,18,STA,WIFI_DROP,
8.3248,9,STA,WIFI_DROP,
8.3248,17,STA,WIFI_DROP,
8.3248,18,STA,WIFI_DROP,
8.3272,9,STA,WIFI_DROP,
8.3272,17,STA,WIFI_DROP,
8.3272,18,STA,WIFI_DROP,
8.3296,9,STA,WIFI_DROP,
8.3296,17,STA,WIFI_DROP,
8.3296,18,STA,WIFI_DROP,
8.332,9,STA,WIFI_DROP,
8.332,17,STA,WIFI_DROP,
8.332,18,STA,WIFI_DROP,
8.3344,9,STA,WIFI_DROP,
8.3344,17,STA,WIFI_DROP,
8.3344,18,STA,WIFI_DROP,
8.3368,9,STA,WIFI_DROP,
8.3368,17,STA,WIFI_DROP,
8.3368,18,STA,WIFI_DROP,
8.3392,9,STA,WIFI_DROP,
8.3392,17,STA,WIFI_DROP,
8.3392,18,STA,WIFI_DROP,
8.3416,9,STA,WIFI_DROP,
8.3416,17,STA,WIFI_DROP,
8.344,9,STA,WIFI_DROP,
8.344,17,STA,WIFI_DROP,
8.3464,9,STA,WIFI_DROP,
8.3464,17,STA,WIFI_DROP,
8.3488,9,STA,WIFI_DROP,
8.3488,17,STA,WIFI_DROP,
8.3512,9,STA,WIFI_DROP,
8.3512,17,STA,WIFI_DROP,
8.3536,9,STA,WIFI_DROP,
8.3536,17,STA,WIFI_DROP,
8.356,9,STA,WIFI_DROP,
8.356,17,STA,WIFI_DROP,
8.3584,17,STA,WIFI_DROP,
8.3608,17,STA,WIFI_DROP,
8.3632,17,STA,WIFI_DROP,
8.3656,17,STA,WIFI_DROP,
8.368,17,STA,WIFI_DROP,
8.3704,17,STA,WIFI_DROP,
8.3728,17,STA,WIFI_DROP,
8.3752,17,STA,WIFI_DROP,
8.3776,17,STA,WIFI_DROP,
8.38,17,STA,WIFI_DROP,
8.3824,17,STA,WIFI_DROP,
8.3848,17,STA,WIFI_DROP,
8.3872,17,STA,WIFI_DROP,
8.3896,17,STA,WIFI_DROP,
8.392,17,STA,WIFI_DROP,
8.3944,17,STA,WIFI_DROP,
8.3968,17,STA,WIFI_DROP,
8.3992,17,STA,WIFI_DROP,
8.4016,17,STA,WIFI_DROP,
8.404,17,STA,WIFI_DROP,
8.4064,17,STA,WIFI_DROP,
8.4088,17,STA,WIFI_DROP,
8.4112,17,STA,WIFI_DROP,
8.4136,17,STA,WIFI_DROP,
8.416,17,STA,WIFI_DROP,
8.4184,17,STA,WIFI_DROP,
8.4208,17,STA,WIFI_DROP,
8.4232,17,STA,WIFI_DROP,
8.4256,17,STA,WIFI_DROP,
8.428,17,STA,WIFI_DROP,
8.4304,17,STA,WIFI_DROP,
8.4328,17,STA,WIFI_DROP,
8.4352,17,STA,WIFI_DROP,
8.4376,17,STA,WIFI_DROP,
8.44,17,STA,WIFI_DROP,
8.4424,17,STA,WIFI_DROP,
8.4448,17,STA,WIFI_DROP,
8.4472,17,STA,WIFI_DROP,
8.4496,17,STA,WIFI_DROP,
8.452,17,STA,WIFI_DROP,
8.4544,17,STA,WIFI_DROP,
8.4568,17,STA,WIFI_DROP,
8.4592,17,STA,WIFI_DROP,
8.4616,17,STA,WIFI_DROP,
8.464,17,STA,WIFI_DROP,
8.4664,17,STA,WIFI_DROP,
8.4688,17,STA,WIFI_DROP,
8.4712,17,STA,WIFI_DROP,
8.4736,17,STA,WIFI_DROP,
8.476,17,STA,WIFI_DROP,
8.4784,17,STA,WIFI_DROP,
8.4808,17,STA,WIFI_DROP,
8.4832,17,STA,WIFI_DROP,
8.4856,17,STA,WIFI_DROP,
8.488,17,STA,WIFI_DROP,
8.4904,17,STA,WIFI_DROP,
8.4928,17,STA,WIFI_DROP,
8.4952,17,STA,WIFI_DROP,
8.4976,17,STA,WIFI_DROP,
8.5,17,STA,WIFI_DROP,
8.5024,17,STA,WIFI_DROP,
8.5048,17,STA,WIFI_DROP,
8.5072,17,STA,WIFI_DROP,
8.5096,17,STA,WIFI_DROP,
8.512,17,STA,WIFI_DROP,
8.5144,17,STA,WIFI_DROP,
8.5168,17,STA,WIFI_DROP,
8.5192,17,STA,WIFI_DROP,
8.5216,17,STA,WIFI_DROP,
8.524,17,STA,WIFI_DROP,
8.5264,17,STA,WIFI_DROP,
8.5288,17,STA,WIFI_DROP,
8.5312,17,STA,WIFI_DROP,
8.5336,17,STA,WIFI_DROP,
8.536,17,STA,WIFI_DROP,
8.5384,17,STA,WIFI_DROP,
8.5408,17,STA,WIFI_DROP,
8.5432,17,STA,WIFI_DROP,
8.5456,17,STA,WIFI_DROP,
8.548,17,STA,WIFI_DROP,
8.5504,17,STA,WIFI_DROP,
8.5528,17,STA,WIFI_DROP,
8.5552,17,STA,WIFI_DROP,
8.5576,17,STA,WIFI_DROP,
8.56,17,STA,WIFI_DROP,
8.5624,17,STA,WIFI_DROP,
8.5648,17,STA,WIFI_DROP,
8.5672,17,STA,WIFI_DROP,
8.5696,17,STA,WIFI_DROP,
8.572,17,STA,WIFI_DROP,
8.5744,17,STA,WIFI_DROP,
8.5768,17,STA,WIFI_DROP,
8.5792,17,STA,WIFI_DROP,
8.5816,17,STA,WIFI_DROP,
8.584,17,STA,WIFI_DROP,
8.5864,17,STA,WIFI_DROP,
8.5888,17,STA,WIFI_DROP,
8.5912,17,STA,WIFI_DROP,
8.5936,17,STA,WIFI_DROP,
8.596,17,STA,WIFI_DROP,
8.5984,17,STA,WIFI_DROP,
8.6008,17,STA,WIFI_DROP,
8.6032,17,STA,WIFI_DROP,
8.6056,17,STA,WIFI_DROP,
8.608,17,STA,WIFI_DROP,
8.6104,17,STA,WIFI_DROP,
8.6128,17,STA,WIFI_DROP,
8.6152,17,STA,WIFI_DROP,
8.6176,17,STA,WIFI_DROP,
8.62,17,STA,WIFI_DROP,
8.6224,17,STA,WIFI_DROP,
8.6248,17,STA,WIFI_DROP,
8.6272,17,STA,WIFI_DROP,
8.6296,17,STA,WIFI_DROP,
8.632,17,STA,WIFI_DROP,
8.6344,17,STA,WIFI_DROP,
8.6368,17,STA,WIFI_DROP,
8.6392,17,STA,WIFI_DROP,
8.6416,17,STA,WIFI_DROP,
8.644,17,STA,WIFI_DROP,
8.6464,17,STA,WIFI_DROP,
8.6488,17,STA,WIFI_DROP,
8.6512,17,STA,WIFI_DROP,
8.6536,17,STA,WIFI_DROP,
8.656,17,STA,WIFI_DROP,
8.6584,17,STA,WIFI_DROP,
8.6608,17,STA,WIFI_DROP,
8.6632,17,STA,WIFI_DROP,
8.6656,17,STA,WIFI_DROP,
8.668,17,STA,WIFI_DROP,
8.6704,17,STA,WIFI_DROP,
8.6728,17,STA,WIFI_DROP,
8.6752,17,STA,WIFI_DROP,
8.6776,17,STA,WIFI_DROP,
8.68,17,STA,WIFI_DROP,
8.6824,17,STA,WIFI_DROP,
8.6848,17,STA,WIFI_DROP,
8.6872,17,STA,WIFI_DROP,
8.6896,17,STA,WIFI_DROP,
8.692,17,STA,WIFI_DROP,
8.6944,17,STA,WIFI_DROP,
8.6968,17,STA,WIFI_DROP,
8.6992,17,STA,WIFI_DROP,
8.7016,17,STA,WIFI_DROP,
8.704,17,STA,WIFI_DROP,
8.7064,17,STA,WIFI_DROP,
8.7088,17,STA,WIFI_DROP,
8.7112,17,STA,WIFI_DROP,
8.7136,17,STA,WIFI_DROP,
8.716,17,STA,WIFI_DROP,
8.7184,17,STA,WIFI_DROP,
8.7208,17,STA,WIFI_DROP,
8.7232,17,STA,WIFI_DROP,
8.7256,17,STA,WIFI_DROP,
8.728,17,STA,WIFI_DROP,
8.7304,17,STA,WIFI_DROP,
8.7328,17,STA,WIFI_DROP,
8.7352,17,STA,WIFI_DROP,
8.7376,17,STA,WIFI_DROP,
8.74,17,STA,WIFI_DROP,
8.7424,17,STA,WIFI_DROP,
8.7448,17,STA,WIFI_DROP,
8.7472,17,STA,WIFI_DROP,
8.7496,17,STA,WIFI_DROP,
8.752,17,STA,WIFI_DROP,
8.7544,17,STA,WIFI_DROP,
8.7568,17,STA,WIFI_DROP,
8.7592,17,STA,WIFI_DROP,
8.7616,17,STA,WIFI_DROP,
8.764,17,STA,WIFI_DROP,
8.7664,17,STA,WIFI_DROP,
8.7688,17,STA,WIFI_DROP,
8.7712,17,STA,WIFI_DROP,
8.7736,17,STA,WIFI_DROP,
8.776,17,STA,WIFI_DROP,
8.7784,17,STA,WIFI_DROP,
8.7808,17,STA,WIFI_DROP,
8.7832,17,STA,WIFI_DROP,
8.7856,17,STA,WIFI_DROP,
8.788,17,STA,WIFI_DROP,
8.7904,17,STA,WIFI_DROP,
8.7928,17,STA,WIFI_DROP,
8.7952,17,STA,WIFI_DROP,
8.7976,17,STA,WIFI_DROP,
8.8,17,STA,WIFI_DROP,
8.8024,17,STA,WIFI_DROP,
8.8048,17,STA,WIFI_DROP,
8.8072,17,STA,WIFI_DROP,
8.8096,17,STA,WIFI_DROP,
8.812,17,STA,WIFI_DROP,
8.8144,17,STA,WIFI_DROP,
8.8168,17,STA,WIFI_DROP,
8.8192,17,STA,WIFI_DROP,
8.8216,17,STA,WIFI_DROP,
8.824,17,STA,WIFI_DROP,
8.8264,17,STA,WIFI_DROP,
8.8288,17,STA,WIFI_DROP,
8.8312,17,STA,WIFI_DROP,
8.8336,17,STA,WIFI_DROP,
8.836,17,STA,WIFI_DROP,
8.8384,17,STA,WIFI_DROP,
8.8408,17,STA,WIFI_DROP,
8.8432,17,STA,WIFI_DROP,
8.8456,17,STA,WIFI_DROP,
8.848,17,STA,WIFI_DROP,
8.8504,17,STA,WIFI_DROP,
8.8528,17,STA,WIFI_DROP,
8.8552,17,STA,WIFI_DROP,
8.8576,17,STA,WIFI_DROP,
8.86,17,STA,WIFI_DROP,
8.8624,17,STA,WIFI_DROP,
8.8648,17,STA,WIFI_DROP,
8.8672,17,STA,WIFI_DROP,
8.8696,17,STA,WIFI_DROP,
8.872,17,STA,WIFI_DROP,
8.8744,17,STA,WIFI_DROP,
8.8768,17,STA,WIFI_DROP,
8.8792,17,STA,WIFI_DROP,
8.8816,17,STA,WIFI_DROP,
8.884,17,STA,WIFI_DROP,
8.8864,17,STA,WIFI_DROP,
8.8888,17,STA,WIFI_DROP,
8.8912,17,STA,WIFI_DROP,
8.8936,17,STA,WIFI_DROP,
8.896,17,STA,WIFI_DROP,
8.8984,17,STA,WIFI_DROP,
8.9008,17,STA,WIFI_DROP,
8.9032,17,STA,WIFI_DROP,
8.9056,17,STA,WIFI_DROP,
8.908,17,STA,WIFI_DROP,
8.9104,17,STA,WIFI_DROP,
8.9128,17,STA,WIFI_DROP,
8.9152,17,STA,WIFI_DROP,
8.9176,17,STA,WIFI_DROP,
8.92,17,STA,WIFI_DROP,
8.9224,17,STA,WIFI_DROP,
8.9248,17,STA,WIFI_DROP,
8.9272,17,STA,WIFI_DROP,
8.9296,17,STA,WIFI_DROP,
8.932,17,STA,WIFI_DROP,
8.9344,17,STA,WIFI_DROP,
8.9368,17,STA,WIFI_DROP,
8.9392,17,STA,WIFI_DROP,
8.9416,17,STA,WIFI_DROP,
8.944,17,STA,WIFI_DROP,
8.9464,17,STA,WIFI_DROP,
8.9488,17,STA,WIFI_DROP,
8.9512,17,STA,WIFI_DROP,
8.9536,17,STA,WIFI_DROP,
8.956,17,STA,WIFI_DROP,
8.9584,17,STA,WIFI_DROP,
8.9608,17,STA,WIFI_DROP,
8.9632,17,STA,WIFI_DROP,
8.9656,17,STA,WIFI_DROP,
8.968,17,STA,WIFI_DROP,
8.9704,17,STA,WIFI_DROP,
8.9728,17,STA,WIFI_DROP,
8.9752,17,STA,WIFI_DROP,
8.9776,17,STA,WIFI_DROP,
8.98,17,STA,WIFI_DROP,
8.9824,17,STA,WIFI_DROP,
8.9848,17,STA,WIFI_DROP,
8.9872,17,STA,WIFI_DROP,
8.9896,17,STA,WIFI_DROP,
8.992,17,STA,WIFI_DROP,
8.9944,17,STA,WIFI_DROP,
8.9968,17,STA,WIFI_DROP,
8.9992,17,STA,WIFI_DROP,
9,2,STA,THROUGHPUT_MBPS,2.268000
9,3,STA,THROUGHPUT_MBPS,2.172000
9,5,STA,THROUGHPUT_MBPS,1.488000
9,7,STA,THROUGHPUT_MBPS,1.692000
9,8,STA,THROUGHPUT_MBPS,4.920000
9,9,STA,THROUGHPUT_MBPS,2.712000
9,10,STA,THROUGHPUT_MBPS,3.072000
9,11,STA,THROUGHPUT_MBPS,2.004000
9,12,STA,THROUGHPUT_MBPS,3.504000
9,13,STA,THROUGHPUT_MBPS,1.368000
9,14,STA,THROUGHPUT_MBPS,1.800000
9,15,STA,THROUGHPUT_MBPS,1.860000
9,16,STA,THROUGHPUT_MBPS,1.896000
9,18,STA,THROUGHPUT_MBPS,1.104000
9,1,AP,AGGREGATE_THROUGHPUT_MBPS,31.860000
9,1,AP,SENT_COUNT,8340.000000
9,1,AP,RECV_COUNT,2655.000000
9,1,AP,LATENCY_P95_MS,547.203419
9.0016,17,STA,WIFI_DROP,
9.004,17,STA,WIFI_DROP,
9.0064,17,STA,WIFI_DROP,
9.0088,17,STA,WIFI_DROP,
9.0112,17,STA,WIFI_DROP,
9.0136,17,STA,WIFI_DROP,
9.016,17,STA,WIFI_DROP,
9.0184,17,STA,WIFI_DROP,
9.0208,17,STA,WIFI_DROP,
9.0232,17,STA,WIFI_DROP,
9.0256,17,STA,WIFI_DROP,
9.028,17,STA,WIFI_DROP,
9.0304,17,STA,WIFI_DROP,
9.0328,17,STA,WIFI_DROP,
9.0352,17,STA,WIFI_DROP,
9.0376,17,STA,WIFI_DROP,
9.04,17,STA,WIFI_DROP,
9.0424,17,STA,WIFI_DROP,
9.0448,17,STA,WIFI_DROP,
9.0472,17,STA,WIFI_DROP,
9.0496,17,STA,WIFI_DROP,
9.052,17,STA,WIFI_DROP,
9.0544,17,STA,WIFI_DROP,
9.0568,17,STA,WIFI_DROP,
9.0592,17,STA,WIFI_DROP,
9.0616,17,STA,WIFI_DROP,
9.064,17,STA,WIFI_DROP,
9.0664,17,STA,WIFI_DROP,
9.0688,17,STA,WIFI_DROP,
9.0712,17,STA,WIFI_DROP,
9.0736,17,STA,WIFI_DROP,
9.076,17,STA,WIFI_DROP,
9.0784,17,STA,WIFI_DROP,
9.0808,17,STA,WIFI_DROP,
9.0832,17,STA,WIFI_DROP,
9.0856,17,STA,WIFI_DROP,
9.088,17,STA,WIFI_DROP,
9.0904,17,STA,WIFI_DROP,
9.0928,17,STA,WIFI_DROP,
9.0952,17,STA,WIFI_DROP,
9.0976,17,STA,WIFI_DROP,
9.1,17,STA,WIFI_DROP,
9.1024,17,STA,WIFI_DROP,
9.1048,17,STA,WIFI_DROP,
9.1072,17,STA,WIFI_DROP,
9.1096,17,STA,WIFI_DROP,
9.4312,7,STA,WIFI_DROP,
9.4336,7,STA,WIFI_DROP,
9.436,7,STA,WIFI_DROP,
9.4384,7,STA,WIFI_DROP,
9.4408,7,STA,WIFI_DROP,
9.4432,7,STA,WIFI_DROP,
9.4456,7,STA,WIFI_DROP,
9.448,7,STA,WIFI_DROP,
9.4504,7,STA,WIFI_DROP,
9.4528,7,STA,WIFI_DROP,
9.4552,7,STA,WIFI_DROP,
9.4576,7,STA,WIFI_DROP,
9.46,7,STA,WIFI_DROP,
9.4624,7,STA,WIFI_DROP,
9.4648,7,STA,WIFI_DROP,
9.4672,7,STA,WIFI_DROP,
9.4696,7,STA,WIFI_DROP,
9.472,7,STA,WIFI_DROP,
9.4744,7,STA,WIFI_DROP,
9.4768,7,STA,WIFI_DROP,
9.4792,7,STA,WIFI_DROP,
9.4816,7,STA,WIFI_DROP,
9.484,7,STA,WIFI_DROP,
9.4864,7,STA,WIFI_DROP,
9.4888,7,STA,WIFI_DROP,
9.4912,7,STA,WIFI_DROP,
9.4936,7,STA,WIFI_DROP,
9.496,7,STA,WIFI_DROP,
9.4984,7,STA,WIFI_DROP,
9.5008,7,STA,WIFI_DROP,
9.5032,7,STA,WIFI_DROP,
9.5056,7,STA,WIFI_DROP,
9.508,7,STA,WIFI_DROP,
9.5104,7,STA,WIFI_DROP,
9.5128,7,STA,WIFI_DROP,
9.5152,7,STA,WIFI_DROP,
9.5176,7,STA,WIFI_DROP,
9.52,7,STA,WIFI_DROP,
9.5224,7,STA,WIFI_DROP,
9.5248,7,STA,WIFI_DROP,
9.5272,7,STA,WIFI_DROP,
9.5296,7,STA,WIFI_DROP,
9.532,7,STA,WIFI_DROP,
9.5344,7,STA,WIFI_DROP,
9.5368,7,STA,WIFI_DROP,
9.5392,7,STA,WIFI_DROP,
9.5416,7,STA,WIFI_DROP,
9.544,7,STA,WIFI_DROP,
9.5464,7,STA,WIFI_DROP,
9.5488,7,STA,WIFI_DROP,
9.5512,7,STA,WIFI_DROP,
9.5536,7,STA,WIFI_DROP,
9.556,7,STA,WIFI_DROP,
9.5584,7,STA,WIFI_DROP,
9.5608,7,STA,WIFI_DROP,
9.5632,7,STA,WIFI_DROP,
9.5656,7,STA,WIFI_DROP,
9.568,7,STA,WIFI_DROP,
9.5704,7,STA,WIFI_DROP,
9.5728,7,STA,WIFI_DROP,
9.5752,7,STA,WIFI_DROP,
9.5776,7,STA,WIFI_DROP,
9.58,7,STA,WIFI_DROP,
9.5824,7,STA,WIFI_DROP,
9.5848,7,STA,WIFI_DROP,
9.5872,7,STA,WIFI_DROP,
9.5896,7,STA,WIFI_DROP,
9.592,7,STA,WIFI_DROP,
9.5944,7,STA,WIFI_DROP,
9.5968,7,STA,WIFI_DROP,
9.5992,7,STA,WIFI_DROP,
9.6016,7,STA,WIFI_DROP,
9.604,7,STA,WIFI_DROP,
9.6064,7,STA,WIFI_DROP,
9.6088,7,STA,WIFI_DROP,
9.6112,7,STA,WIFI_DROP,
9.6136,7,STA,WIFI_DROP,
9.616,7,STA,WIFI_DROP,
9.6184,7,STA,WIFI_DROP,
9.6208,7,STA,WIFI_DROP,
9.6232,7,STA,WIFI_DROP,
9.6256,7,STA,WIFI_DROP,
9.628,7,STA,WIFI_DROP,
9.6304,7,STA,WIFI_DROP,
9.6328,7,STA,WIFI_DROP,
9.6352,7,STA,WIFI_DROP,
9.6376,7,STA,WIFI_DROP,
9.64,7,STA,WIFI_DROP,
9.6424,7,STA,WIFI_DROP,
9.6448,7,STA,WIFI_DROP,
9.6472,7,STA,WIFI_DROP,
9.6496,7,STA,WIFI_DROP,
9.652,7,STA,WIFI_DROP,
9.6544,7,STA,WIFI_DROP,
9.6568,7,STA,WIFI_DROP,
9.6592,7,STA,WIFI_DROP,
9.6616,7,STA,WIFI_DROP,
9.664,7,STA,WIFI_DROP,
9.6664,7,STA,WIFI_DROP,
9.6688,7,STA,WIFI_DROP,
9.6712,7,STA,WIFI_DROP,
9.6736,7,STA,WIFI_DROP,
9.676,7,STA,WIFI_DROP,
9.6784,7,STA,WIFI_DROP,
9.6808,7,STA,WIFI_DROP,
9.6832,7,STA,WIFI_DROP,
9.6856,7,STA,WIFI_DROP,
9.688,7,STA,WIFI_DROP,
9.6904,7,STA,WIFI_DROP,
9.6928,7,STA,WIFI_DROP,
9.6952,7,STA,WIFI_DROP,
9.6976,7,STA,WIFI_DROP,
9.7,7,STA,WIFI_DROP,
9.7024,7,STA,WIFI_DROP,
9.7048,7,STA,WIFI_DROP,
9.7072,7,STA,WIFI_DROP,
9.7096,7,STA,WIFI_DROP,
9.712,7,STA,WIFI_DROP,
9.7144,7,STA,WIFI_DROP,
9.7168,7,STA,WIFI_DROP,
9.7192,7,STA,WIFI_DROP,
9.7216,7,STA,WIFI_DROP,
9.724,7,STA,WIFI_DROP,
9.7264,7,STA,WIFI_DROP,
9.7288,7,STA,WIFI_DROP,
9.7312,7,STA,WIFI_DROP,
9.7336,7,STA,WIFI_DROP,
9.736,7,STA,WIFI_DROP,
9.7384,2,STA,WIFI_DROP,
9.7384,7,STA,WIFI_DROP,
9.7408,2,STA,WIFI_DROP,
9.7408,7,STA,WIFI_DROP,
9.7432,2,STA,WIFI_DROP,
9.7432,7,STA,WIFI_DROP,
9.7456,2,STA,WIFI_DROP,
9.7456,7,STA,WIFI_DROP,
9.748,2,STA,WIFI_DROP,
9.748,7,STA,WIFI_DROP,
9.7504,2,STA,WIFI_DROP,
9.7504,7,STA,WIFI_DROP,
9.7528,2,STA,WIFI_DROP,
9.7528,7,STA,WIFI_DROP,
9.7552,2,STA,WIFI_DROP,
9.7552,7,STA,WIFI_DROP,
9.7576,2,STA,WIFI_DROP,
9.7576,7,STA,WIFI_DROP,
9.76,2,STA,WIFI_DROP,
9.76,7,STA,WIFI_DROP,
9.7624,2,STA,WIFI_DROP,
9.7624,7,STA,WIFI_DROP,
9.7648,2,STA,WIFI_DROP,
9.7648,7,STA,WIFI_DROP,
9.7672,2,STA,WIFI_DROP,
9.7672,7,STA,WIFI_DROP,
9.7696,2,STA,WIFI_DROP,
9.7696,7,STA,WIFI_DROP,
9.772,2,STA,WIFI_DROP,
9.772,7,STA,WIFI_DROP,
9.7744,2,STA,WIFI_DROP,
9.7744,7,STA,WIFI_DROP,
9.7768,2,STA,WIFI_DROP,
9.7768,7,STA,WIFI_DROP,
9.7792,2,STA,WIFI_DROP,
9.7792,7,STA,WIFI_DROP,
9.7816,2,STA,WIFI_DROP,
9.7816,7,STA,WIFI_DROP,
9.784,2,STA,WIFI_DROP,
9.784,7,STA,WIFI_DROP,
9.7864,2,STA,WIFI_DROP,
9.7864,7,STA,WIFI_DROP,
9.7888,2,STA,WIFI_DROP,
9.7888,7,STA,WIFI_DROP,
9.7912,2,STA,WIFI_DROP,
9.7912,7,STA,WIFI_DROP,
9.7936,2,STA,WIFI_DROP,
9.7936,7,STA,WIFI_DROP,
9.796,2,STA,WIFI_DROP,
9.796,7,STA,WIFI_DROP,
9.7984,2,STA,WIFI_DROP,
9.7984,7,STA,WIFI_DROP,
9.8008,2,STA,WIFI_DROP,
9.8008,7,STA,WIFI_DROP,
9.8032,2,STA,WIFI_DROP,
9.8032,7,STA,WIFI_DROP,
9.8056,2,STA,WIFI_DROP,
9.8056,7,STA,WIFI_DROP,
9.808,2,STA,WIFI_DROP,
9.808,7,STA,WIFI_DROP,
9.8104,2,STA,WIFI_DROP,
9.8104,7,STA,WIFI_DROP,
9.8128,2,STA,WIFI_DROP,
9.8128,7,STA,WIFI_DROP,
9.8152,2,STA,WIFI_DROP,
9.8152,7,STA,WIFI_DROP,
9.8176,2,STA,WIFI_DROP,
9.8176,7,STA,WIFI_DROP,
9.82,2,STA,WIFI_DROP,
9.82,7,STA,WIFI_DROP,
9.8224,2,STA,WIFI_DROP,
9.8224,7,STA,WIFI_DROP,
9.8248,2,STA,WIFI_DROP,
9.8248,7,STA,WIFI_DROP,
9.8272,2,STA,WIFI_DROP,
9.8272,7,STA,WIFI_DROP,
9.8296,2,STA,WIFI_DROP,
9.8296,7,STA,WIFI_DROP,
9.832,2,STA,WIFI_DROP,
9.832,7,STA,WIFI_DROP,
9.8344,2,STA,WIFI_DROP,
9.8344,7,STA,WIFI_DROP,
9.8368,2,STA,WIFI_DROP,
9.8368,7,STA,WIFI_DROP,
9.8392,2,STA,WIFI_DROP,
9.8392,7,STA,WIFI_DROP,
9.8416,2,STA,WIFI_DROP,
9.8416,7,STA,WIFI_DROP,
9.844,2,STA,WIFI_DROP,
9.844,7,STA,WIFI_DROP,
9.8464,2,STA,WIFI_DROP,
9.8464,7,STA,WIFI_DROP,
9.8488,2,STA,WIFI_DROP,
9.8488,7,STA,WIFI_DROP,
9.8512,2,STA,WIFI_DROP,
9.8512,7,STA,WIFI_DROP,
9.8536,2,STA,WIFI_DROP,
9.8536,7,STA,WIFI_DROP,
9.856,2,STA,WIFI_DROP,
9.856,7,STA,WIFI_DROP,
9.8584,2,STA,WIFI_DROP,
9.8584,7,STA,WIFI_DROP,
9.8608,2,STA,WIFI_DROP,
9.8608,7,STA,WIFI_DROP,
9.8632,2,STA,WIFI_DROP,
9.8632,7,STA,WIFI_DROP,
9.8656,2,STA,WIFI_DROP,
9.8656,7,STA,WIFI_DROP,
9.868,2,STA,WIFI_DROP,
9.868,7,STA,WIFI_DROP,
9.8704,2,STA,WIFI_DROP,
9.8704,7,STA,WIFI_DROP,
9.8728,2,STA,WIFI_DROP,
9.8728,7,STA,WIFI_DROP,
9.8752,2,STA,WIFI_DROP,
9.8752,7,STA,WIFI_DROP,
9.8776,2,STA,WIFI_DROP,
9.8776,7,STA,WIFI_DROP,
9.88,2,STA,WIFI_DROP,
9.88,7,STA,WIFI_DROP,
9.8824,2,STA,WIFI_DROP,
9.8824,7,STA,WIFI_DROP,
9.8848,2,STA,WIFI_DROP,
9.8848,7,STA,WIFI_DROP,
9.8872,2,STA,WIFI_DROP,
9.8872,7,STA,WIFI_DROP,
9.8896,2,STA,WIFI_DROP,
9.8896,7,STA,WIFI_DROP,
9.892,2,STA,WIFI_DROP,
9.892,7,STA,WIFI_DROP,
9.8944,2,STA,WIFI_DROP,
9.8944,7,STA,WIFI_DROP,
9.8968,2,STA,WIFI_DROP,
9.8968,7,STA,WIFI_DROP,
9.8992,2,STA,WIFI_DROP,
9.8992,7,STA,WIFI_DROP,
9.9016,2,STA,WIFI_DROP,
9.9016,7,STA,WIFI_DROP,
9.904,2,STA,WIFI_DROP,
9.904,7,STA,WIFI_DROP,
9.9064,2,STA,WIFI_DROP,
9.9064,7,STA,WIFI_DROP,
9.9088,2,STA,WIFI_DROP,
9.9088,7,STA,WIFI_DROP,
9.9112,2,STA,WIFI_DROP,
9.9112,7,STA,WIFI_DROP,
9.9136,2,STA,WIFI_DROP,
9.9136,7,STA,WIFI_DROP,
9.916,2,STA,WIFI_DROP,
9.916,7,STA,WIFI_DROP,
9.9184,2,STA,WIFI_DROP,
9.9184,7,STA,WIFI_DROP,
9.9208,2,STA,WIFI_DROP,
9.9208,7,STA,WIFI_DROP,
9.9232,2,STA,WIFI_DROP,
9.9232,7,STA,WIFI_DROP,
9.9256,2,STA,WIFI_DROP,
9.9256,7,STA,WIFI_DROP,
9.928,2,STA,WIFI_DROP,
9.928,7,STA,WIFI_DROP,
9.9304,2,STA,WIFI_DROP,
9.9304,7,STA,WIFI_DROP,
9.9328,2,STA,WIFI_DROP,
9.9328,7,STA,WIFI_DROP,
9.9352,2,STA,WIFI_DROP,
9.9352,7,STA,WIFI_DROP,
9.9376,2,STA,WIFI_DROP,
9.9376,7,STA,WIFI_DROP,
9.94,2,STA,WIFI_DROP,
9.94,7,STA,WIFI_DROP,
9.9424,2,STA,WIFI_DROP,
9.9424,7,STA,WIFI_DROP,
9.9448,2,STA,WIFI_DROP,
9.9448,7,STA,WIFI_DROP,
9.9472,2,STA,WIFI_DROP,
9.9472,7,STA,WIFI_DROP,
9.9496,2,STA,WIFI_DROP,
9.9496,7,STA,WIFI_DROP,
9.952,2,STA,WIFI_DROP,
9.952,7,STA,WIFI_DROP,
9.9544,2,STA,WIFI_DROP,
9.9544,7,STA,WIFI_DROP,
9.9568,2,STA,WIFI_DROP,
9.9568,7,STA,WIFI_DROP,
9.9592,2,STA,WIFI_DROP,
9.9592,7,STA,WIFI_DROP,
9.9616,2,STA,WIFI_DROP,
9.9616,7,STA,WIFI_DROP,
9.964,2,STA,WIFI_DROP,
9.964,7,STA,WIFI_DROP,
9.9664,2,STA,WIFI_DROP,
9.9664,7,STA,WIFI_DROP,
9.9688,2,STA,WIFI_DROP,
9.9688,7,STA,WIFI_DROP,
9.9712,2,STA,WIFI_DROP,
9.9712,7,STA,WIFI_DROP,
9.9736,2,STA,WIFI_DROP,
9.9736,7,STA,WIFI_DROP,
9.976,2,STA,WIFI_DROP,
9.976,7,STA,WIFI_DROP,
9.9784,2,STA,WIFI_DROP,
9.9784,7,STA,WIFI_DROP,
9.9808,2,STA,WIFI_DROP,
9.9808,7,STA,WIFI_DROP,
9.9832,2,STA,WIFI_DROP,
9.9832,7,STA,WIFI_DROP,
9.9856,2,STA,WIFI_DROP,
9.9856,7,STA,WIFI_DROP,
9.988,2,STA,WIFI_DROP,
9.988,7,STA,WIFI_DROP,
9.9904,2,STA,WIFI_DROP,
9.9904,7,STA,WIFI_DROP,
9.9928,2,STA,WIFI_DROP,
9.9928,7,STA,WIFI_DROP,
9.9952,2,STA,WIFI_DROP,
9.9952,7,STA,WIFI_DROP,
9.9976,2,STA,WIFI_DROP,
9.9976,7,STA,WIFI_DROP,
10,2,STA,THROUGHPUT_MBPS,1.224000
10,3,STA,THROUGHPUT_MBPS,0.876000
10,5,STA,THROUGHPUT_MBPS,2.640000
10,8,STA,THROUGHPUT_MBPS,2.700000
10,9,STA,THROUGHPUT_MBPS,0.732000
10,10,STA,THROUGHPUT_MBPS,2.076000
10,11,STA,THROUGHPUT_MBPS,2.688000
10,12,STA,THROUGHPUT_MBPS,3.120000
10,13,STA,THROUGHPUT_MBPS,6.468000
10,14,STA,THROUGHPUT_MBPS,1.968000
10,15,STA,THROUGHPUT_MBPS,3.804000
10,16,STA,THROUGHPUT_MBPS,2.772000
10,18,STA,THROUGHPUT_MBPS,2.676000
10,1,AP,AGGREGATE_THROUGHPUT_MBPS,33.744000
10,1,AP,SENT_COUNT,8320.000000
10,1,AP,RECV_COUNT,2812.000000
10,1,AP,LATENCY_P95_MS,538.632403
10,2,STA,WIFI_DROP,
10,7,STA,WIFI_DROP,
10.0024,2,STA,WIFI_DROP,
10.0024,7,STA,WIFI_DROP,
10.0048,2,STA,WIFI_DROP,
10.0048,7,STA,WIFI_DROP,
10.0072,2,STA,WIFI_DROP,
10.0072,7,STA,WIFI_DROP,
10.0096,2,STA,WIFI_DROP,
10.0096,7,STA,WIFI_DROP,
10.012,2,STA,WIFI_DROP,
10.012,7,STA,WIFI_DROP,
10.0144,2,STA,WIFI_DROP,
10.0144,7,STA,WIFI_DROP,
10.0168,2,STA,WIFI_DROP,
10.0168,7,STA,WIFI_DROP,
10.0192,2,STA,WIFI_DROP,
10.0192,7,STA,WIFI_DROP,
10.0216,2,STA,WIFI_DROP,
10.0216,7,STA,WIFI_DROP,
10.024,2,STA,WIFI_DROP,
10.024,7,STA,WIFI_DROP,
10.0264,2,STA,WIFI_DROP,
10.0264,7,STA,WIFI_DROP,
10.0288,2,STA,WIFI_DROP,
10.0288,7,STA,WIFI_DROP,
10.0312,2,STA,WIFI_DROP,
10.0312,7,STA,WIFI_DROP,
10.0336,2,STA,WIFI_DROP,
10.0336,7,STA,WIFI_DROP,
10.036,2,STA,WIFI_DROP,
10.036,7,STA,WIFI_DROP,
10.0384,2,STA,WIFI_DROP,
10.0384,7,STA,WIFI_DROP,
10.0408,2,STA,WIFI_DROP,
10.0408,7,STA,WIFI_DROP,
10.0432,2,STA,WIFI_DROP,
10.0432,7,STA,WIFI_DROP,
10.0456,2,STA,WIFI_DROP,
10.0456,7,STA,WIFI_DROP,
10.0456,12,STA,WIFI_DROP,
10.048,2,STA,WIFI_DROP,
10.048,7,STA,WIFI_DROP,
10.048,12,STA,WIFI_DROP,
10.0504,2,STA,WIFI_DROP,
10.0504,7,STA,WIFI_DROP,
10.0504,12,STA,WIFI_DROP,
10.0528,2,STA,WIFI_DROP,
10.0528,7,STA,WIFI_DROP,
10.0528,12,STA,WIFI_DROP,
10.0552,2,STA,WIFI_DROP,
10.0552,7,STA,WIFI_DROP,
10.0552,12,STA,WIFI_DROP,
10.0576,2,STA,WIFI_DROP,
10.0576,7,STA,WIFI_DROP,
10.0576,12,STA,WIFI_DROP,
10.06,2,STA,WIFI_DROP,
10.06,7,STA,WIFI_DROP,
10.06,12,STA,WIFI_DROP,
10.0624,2,STA,WIFI_DROP,
10.0624,7,STA,WIFI_DROP,
10.0624,12,STA,WIFI_DROP,
10.0648,2,STA,WIFI_DROP,
10.0648,7,STA,WIFI_DROP,
10.0648,12,STA,WIFI_DROP,
10.0672,2,STA,WIFI_DROP,
10.0672,7,STA,WIFI_DROP,
10.0672,12,STA,WIFI_DROP,
10.0696,2,STA,WIFI_DROP,
10.0696,7,STA,WIFI_DROP,
10.0696,12,STA,WIFI_DROP,
10.072,2,STA,WIFI_DROP,
10.072,7,STA,WIFI_DROP,
10.072,12,STA,WIFI_DROP,
10.0744,2,STA,WIFI_DROP,
10.0744,7,STA,WIFI_DROP,
10.0744,12,STA,WIFI_DROP,
10.0768,2,STA,WIFI_DROP,
10.0768,7,STA,WIFI_DROP,
10.0768,12,STA,WIFI_DROP,
10.0792,2,STA,WIFI_DROP,
10.0792,7,STA,WIFI_DROP,
10.0792,12,STA,WIFI_DROP,
10.0816,2,STA,WIFI_DROP,
10.0816,7,STA,WIFI_DROP,
10.0816,12,STA,WIFI_DROP,
10.084,2,STA,WIFI_DROP,
10.084,12,STA,WIFI_DROP,
10.0864,2,STA,WIFI_DROP,
10.0864,12,STA,WIFI_DROP,
10.0888,2,STA,WIFI_DROP,
10.0888,12,STA,WIFI_DROP,
10.0912,2,STA,WIFI_DROP,
10.0912,12,STA,WIFI_DROP,
10.0936,12,STA,WIFI_DROP,
10.096,12,STA,WIFI_DROP,
10.0984,12,STA,WIFI_DROP,
10.1008,12,STA,WIFI_DROP,
10.1032,12,STA,WIFI_DROP,
10.1056,12,STA,WIFI_DROP,
10.108,12,STA,WIFI_DROP,
10.1104,12,STA,WIFI_DROP,
10.1128,12,STA,WIFI_DROP,
10.1152,12,STA,WIFI_DROP,
10.1176,12,STA,WIFI_DROP,
10.12,12,STA,WIFI_DROP,
10.1224,12,STA,WIFI_DROP,
10.1248,12,STA,WIFI_DROP,
10.1272,12,STA,WIFI_DROP,
10.1296,12,STA,WIFI_DROP,
10.132,12,STA,WIFI_DROP,
10.1344,12,STA,WIFI_DROP,
10.1368,12,STA,WIFI_DROP,
10.1392,12,STA,WIFI_DROP,
10.1416,12,STA,WIFI_DROP,
10.144,12,STA,WIFI_DROP,
10.3528,21,STA,WIFI_DROP,
10.3552,21,STA,WIFI_DROP,
10.3576,21,STA,WIFI_DROP,
10.36,21,STA,WIFI_DROP,
10.3624,21,STA,WIFI_DROP,
10.3648,21,STA,WIFI_DROP,
10.3672,21,STA,WIFI_DROP,
10.3696,21,STA,WIFI_DROP,
10.372,21,STA,WIFI_DROP,
10.3744,21,STA,WIFI_DROP,
10.3768,21,STA,WIFI_DROP,
10.3792,21,STA,WIFI_DROP,
10.3816,21,STA,WIFI_DROP,
10.384,21,STA,WIFI_DROP,
10.3864,21,STA,WIFI_DROP,
10.3888,21,STA,WIFI_DROP,
10.3912,21,STA,WIFI_DROP,
10.3936,21,STA,WIFI_DROP,
10.396,21,STA,WIFI_DROP,
10.3984,21,STA,WIFI_DROP,
10.4008,21,STA,WIFI_DROP,
11,2,STA,THROUGHPUT_MBPS,2.616000
11,3,STA,THROUGHPUT_MBPS,1.140000
11,5,STA,THROUGHPUT_MBPS,2.172000
11,7,STA,THROUGHPUT_MBPS,1.536000
11,8,STA,THROUGHPUT_MBPS,2.184000
11,9,STA,THROUGHPUT_MBPS,1.644000
11,10,STA,THROUGHPUT_MBPS,2.736000
11,11,STA,THROUGHPUT_MBPS,4.104000
11,13,STA,THROUGHPUT_MBPS,2.376000
11,14,STA,THROUGHPUT_MBPS,3.840000
11,15,STA,THROUGHPUT_MBPS,3.528000
11,16,STA,THROUGHPUT_MBPS,2.208000
11,18,STA,THROUGHPUT_MBPS,1.632000
11,21,STA,THROUGHPUT_MBPS,0.960000
11,1,AP,AGGREGATE_THROUGHPUT_MBPS,32.676000
11,1,AP,SENT_COUNT,8340.000000
11,1,AP,RECV_COUNT,2723.000000
11,1,AP,LATENCY_P95_MS,538.708726
12,2,STA,THROUGHPUT_MBPS,4.164000
12,3,STA,THROUGHPUT_MBPS,1.236000
12,5,STA,THROUGHPUT_MBPS,1.152000
12,7,STA,THROUGHPUT_MBPS,3.036000
12,8,STA,THROUGHPUT_MBPS,2.196000
12,9,STA,THROUGHPUT_MBPS,1.476000
12,10,STA,THROUGHPUT_MBPS,1.164000
12,11,STA,THROUGHPUT_MBPS,0.312000
12,13,STA,THROUGHPUT_MBPS,3.672000
12,14,STA,THROUGHPUT_MBPS,2.292000
12,15,STA,THROUGHPUT_MBPS,1.356000
12,16,STA,THROUGHPUT_MBPS,4.284000
12,18,STA,THROUGHPUT_MBPS,2.556000
12,21,STA,THROUGHPUT_MBPS,1.632000
12,1,AP,AGGREGATE_THROUGHPUT_MBPS,30.528000
12,1,AP,SENT_COUNT,8340.000000
12,1,AP,RECV_COUNT,2544.000000
12,1,AP,LATENCY_P95_MS,546.645227
12.5032,9,STA,WIFI_DROP,
12.5056,9,STA,WIFI_DROP,
12.508,9,STA,WIFI_DROP,
12.5104,9,STA,WIFI_DROP,
12.5128,9,STA,WIFI_DROP,
12.5152,9,STA,WIFI_DROP,
12.5176,9,STA,WIFI_DROP,
12.52,9,STA,WIFI_DROP,
12.5224,9,STA,WIFI_DROP,
12.5248,9,STA,WIFI_DROP,
12.5272,9,STA,WIFI_DROP,
12.5296,9,STA,WIFI_DROP,
12.532,9,STA,WIFI_DROP,
12.5344,9,STA,WIFI_DROP,
12.5368,9,STA,WIFI_DROP,
12.5392,9,STA,WIFI_DROP,
12.5416,9,STA,WIFI_DROP,
12.544,9,STA,WIFI_DROP,
12.5464,9,STA,WIFI_DROP,
12.5488,9,STA,WIFI_DROP,
12.5512,9,STA,WIFI_DROP,
12.5536,9,STA,WIFI_DROP,
12.556,9,STA,WIFI_DROP,
12.5584,9,STA,WIFI_DROP,
12.5608,9,STA,WIFI_DROP,
12.5632,9,STA,WIFI_DROP,
12.5656,9,STA,WIFI_DROP,
12.568,9,STA,WIFI_DROP,
12.5704,9,STA,WIFI_DROP,
12.5728,9,STA,WIFI_DROP,
12.5752,9,STA,WIFI_DROP,
12.5776,9,STA,WIFI_DROP,
12.58,9,STA,WIFI_DROP,
12.5824,9,STA,WIFI_DROP,
12.5848,9,STA,WIFI_DROP,
12.5872,9,STA,WIFI_DROP,
12.5896,9,STA,WIFI_DROP,
12.592,9,STA,WIFI_DROP,
12.5944,9,STA,WIFI_DROP,
12.5968,9,STA,WIFI_DROP,
12.5992,9,STA,WIFI_DROP,
12.6016,9,STA,WIFI_DROP,
12.604,9,STA,WIFI_DROP,
12.6064,9,STA,WIFI_DROP,
12.6088,9,STA,WIFI_DROP,
12.6112,9,STA,WIFI_DROP,
12.6136,9,STA,WIFI_DROP,
12.616,9,STA,WIFI_DROP,
12.6184,9,STA,WIFI_DROP,
12.6208,9,STA,WIFI_DROP,
12.6232,9,STA,WIFI_DROP,
12.6256,9,STA,WIFI_DROP,
12.628,9,STA,WIFI_DROP,
12.6304,9,STA,WIFI_DROP,
12.6328,9,STA,WIFI_DROP,
12.6352,9,STA,WIFI_DROP,
12.6376,9,STA,WIFI_DROP,
12.64,9,STA,WIFI_DROP,
12.6424,9,STA,WIFI_DROP,
12.6448,9,STA,WIFI_DROP,
12.6472,9,STA,WIFI_DROP,
12.6496,9,STA,WIFI_DROP,
12.652,9,STA,WIFI_DROP,
12.6544,9,STA,WIFI_DROP,
12.6568,9,STA,WIFI_DROP,
12.6592,9,STA,WIFI_DROP,
12.6616,9,STA,WIFI_DROP,
12.664,9,STA,WIFI_DROP,
12.6664,9,STA,WIFI_DROP,
12.6688,9,STA,WIFI_DROP,
12.6712,9,STA,WIFI_DROP,
12.6736,9,STA,WIFI_DROP,
12.676,9,STA,WIFI_DROP,
12.6784,9,STA,WIFI_DROP,
12.6808,9,STA,WIFI_DROP,
12.6832,9,STA,WIFI_DROP,
12.6856,9,STA,WIFI_DROP,
12.688,9,STA,WIFI_DROP,
12.6904,9,STA,WIFI_DROP,
12.6928,9,STA,WIFI_DROP,
12.6952,9,STA,WIFI_DROP,
12.6976,9,STA,WIFI_DROP,
12.7,9,STA,WIFI_DROP,
12.7024,9,STA,WIFI_DROP,
12.7048,9,STA,WIFI_DROP,
12.7072,9,STA,WIFI_DROP,
12.7096,9,STA,WIFI_DROP,
12.712,9,STA,WIFI_DROP,
12.7144,9,STA,WIFI_DROP,
12.7168,9,STA,WIFI_DROP,
12.7192,9,STA,WIFI_DROP,
12.7216,9,STA,WIFI_DROP,
12.724,9,STA,WIFI_DROP,
12.7264,9,STA,WIFI_DROP,
12.7288,9,STA,WIFI_DROP,
12.7312,9,STA,WIFI_DROP,
12.7336,9,STA,WIFI_DROP,
12.736,9,STA,WIFI_DROP,
12.7384,9,STA,WIFI_DROP,
12.7408,9,STA,WIFI_DROP,
12.7432,9,STA,WIFI_DROP,
12.7456,9,STA,WIFI_DROP,
12.748,9,STA,WIFI_DROP,
12.7504,9,STA,WIFI_DROP,
12.7528,9,STA,WIFI_DROP,
12.7552,9,STA,WIFI_DROP,
12.7576,9,STA,WIFI_DROP,
12.76,9,STA,WIFI_DROP,
12.7624,9,STA,WIFI_DROP,
12.7648,9,STA,WIFI_DROP,
12.7672,9,STA,WIFI_DROP,
12.7696,9,STA,WIFI_DROP,
12.772,9,STA,WIFI_DROP,
12.7744,9,STA,WIFI_DROP,
12.7768,9,STA,WIFI_DROP,
12.7792,9,STA,WIFI_DROP,
12.7816,9,STA,WIFI_DROP,
12.784,9,STA,WIFI_DROP,
12.7864,9,STA,WIFI_DROP,
12.7888,9,STA,WIFI_DROP,
12.7912,9,STA,WIFI_DROP,
12.7936,9,STA,WIFI_DROP,
12.796,9,STA,WIFI_DROP,
12.7984,9,STA,WIFI_DROP,
12.8008,9,STA,WIFI_DROP,
12.8032,9,STA,WIFI_DROP,
12.8056,9,STA,WIFI_DROP,
12.808,9,STA,WIFI_DROP,
12.8104,9,STA,WIFI_DROP,
12.8128,9,STA,WIFI_DROP,
12.8152,9,STA,WIFI_DROP,
12.8176,9,STA,WIFI_DROP,
12.82,9,STA,WIFI_DROP,
12.8224,9,STA,WIFI_DROP,
12.8248,9,STA,WIFI_DROP,
12.8272,9,STA,WIFI_DROP,
12.8296,9,STA,WIFI_DROP,
12.832,9,STA,WIFI_DROP,
12.8344,9,STA,WIFI_DROP,
12.8368,9,STA,WIFI_DROP,
12.8392,9,STA,WIFI_DROP,
12.8416,9,STA,WIFI_DROP,
12.844,9,STA,WIFI_DROP,
12.8464,9,STA,WIFI_DROP,
12.8488,9,STA,WIFI_DROP,
12.8512,9,STA,WIFI_DROP,
12.8536,9,STA,WIFI_DROP,
12.856,9,STA,WIFI_DROP,
12.8584,9,STA,WIFI_DROP,
12.8608,9,STA,WIFI_DROP,
12.8632,9,STA,WIFI_DROP,
12.8656,9,STA,WIFI_DROP,
12.868,9,STA,WIFI_DROP,
12.8704,9,STA,WIFI_DROP,
12.8728,9,STA,WIFI_DROP,
12.8752,9,STA,WIFI_DROP,
12.8776,9,STA,WIFI_DROP,
12.88,9,STA,WIFI_DROP,
12.8824,9,STA,WIFI_DROP,
12.8848,9,STA,WIFI_DROP,
12.8872,9,STA,WIFI_DROP,
12.8896,9,STA,WIFI_DROP,
12.892,9,STA,WIFI_DROP,
12.8944,9,STA,WIFI_DROP,
12.8968,9,STA,WIFI_DROP,
12.8992,9,STA,WIFI_DROP,
12.9016,9,STA,WIFI_DROP,
12.904,9,STA,WIFI_DROP,
12.9064,9,STA,WIFI_DROP,
12.9088,9,STA,WIFI_DROP,
12.9112,9,STA,WIFI_DROP,
12.9136,9,STA,WIFI_DROP,
12.916,9,STA,WIFI_DROP,
12.9184,9,STA,WIFI_DROP,
12.9208,9,STA,WIFI_DROP,
12.9232,9,STA,WIFI_DROP,
12.9256,9,STA,WIFI_DROP,
12.928,9,STA,WIFI_DROP,
12.9304,9,STA,WIFI_DROP,
12.9328,9,STA,WIFI_DROP,
12.9352,9,STA,WIFI_DROP,
12.9376,9,STA,WIFI_DROP,
12.94,9,STA,WIFI_DROP,
12.9424,9,STA,WIFI_DROP,
12.9448,9,STA,WIFI_DROP,
12.9472,9,STA,WIFI_DROP,
12.9496,9,STA,WIFI_DROP,
12.952,9,STA,WIFI_DROP,
12.9544,9,STA,WIFI_DROP,
12.9568,9,STA,WIFI_DROP,
12.9592,9,STA,WIFI_DROP,
12.9616,9,STA,WIFI_DROP,
12.964,9,STA,WIFI_DROP,
12.9664,9,STA,WIFI_DROP,
12.9688,9,STA,WIFI_DROP,
12.9712,9,STA,WIFI_DROP,
12.9736,9,STA,WIFI_DROP,
12.976,9,STA,WIFI_DROP,
12.9784,9,STA,WIFI_DROP,
12.9808,9,STA,WIFI_DROP,
12.9832,9,STA,WIFI_DROP,
12.9856,9,STA,WIFI_DROP,
12.988,9,STA,WIFI_DROP,
12.9904,9,STA,WIFI_DROP,
12.9928,9,STA,WIFI_DROP,
12.9952,9,STA,WIFI_DROP,
12.9976,9,STA,WIFI_DROP,
13,2,STA,THROUGHPUT_MBPS,0.840000
13,3,STA,THROUGHPUT_MBPS,2.160000
13,5,STA,THROUGHPUT_MBPS,1.656000
13,7,STA,THROUGHPUT_MBPS,4.716000
13,8,STA,THROUGHPUT_MBPS,1.200000
13,9,STA,THROUGHPUT_MBPS,0.864000
13,10,STA,THROUGHPUT_MBPS,2.676000
13,11,STA,THROUGHPUT_MBPS,4.320000
13,13,STA,THROUGHPUT_MBPS,3.060000
13,14,STA,THROUGHPUT_MBPS,1.272000
13,15,STA,THROUGHPUT_MBPS,1.116000
13,16,STA,THROUGHPUT_MBPS,1.836000
13,18,STA,THROUGHPUT_MBPS,2.244000
13,21,STA,THROUGHPUT_MBPS,1.224000
13,1,AP,AGGREGATE_THROUGHPUT_MBPS,29.184000
13,1,AP,SENT_COUNT,8320.000000
13,1,AP,RECV_COUNT,2432.000000
13,1,AP,LATENCY_P95_MS,543.967663
13,9,STA,WIFI_DROP,
13.0024,9,STA,WIFI_DROP,
13.0048,9,STA,WIFI_DROP,
13.0072,9,STA,WIFI_DROP,
13.0096,9,STA,WIFI_DROP,
13.012,9,STA,WIFI_DROP,
13.0144,9,STA,WIFI_DROP,
13.0168,9,STA,WIFI_DROP,
13.0192,9,STA,WIFI_DROP,
13.0216,9,STA,WIFI_DROP,
13.024,9,STA,WIFI_DROP,
13.0264,9,STA,WIFI_DROP,
13.0288,9,STA,WIFI_DROP,
13.0312,9,STA,WIFI_DROP,
13.0336,9,STA,WIFI_DROP,
13.036,9,STA,WIFI_DROP,
13.0384,9,STA,WIFI_DROP,
13.0408,9,STA,WIFI_DROP,
13.0432,9,STA,WIFI_DROP,
13.0456,9,STA,WIFI_DROP,
13.048,9,STA,WIFI_DROP,
13.0504,9,STA,WIFI_DROP,
13.0528,9,STA,WIFI_DROP,
13.0552,9,STA,WIFI_DROP,
13.0576,9,STA,WIFI_DROP,
13.06,9,STA,WIFI_DROP,
13.0624,9,STA,WIFI_DROP,
13.0648,9,STA,WIFI_DROP,
13.0672,9,STA,WIFI_DROP,
13.0696,9,STA,WIFI_DROP,
13.072,9,STA,WIFI_DROP,
13.0744,9,STA,WIFI_DROP,
13.0768,9,STA,WIFI_DROP,
13.0792,9,STA,WIFI_DROP,
13.0816,9,STA,WIFI_DROP,
13.084,9,STA,WIFI_DROP,
13.0864,9,STA,WIFI_DROP,
13.0888,9,STA,WIFI_DROP,
13.0912,9,STA,WIFI_DROP,
13.0936,9,STA,WIFI_DROP,
13.096,9,STA,WIFI_DROP,
13.0984,9,STA,WIFI_DROP,
13.1008,9,STA,WIFI_DROP,
13.1032,9,STA,WIFI_DROP,
13.1056,9,STA,WIFI_DROP,
13.108,9,STA,WIFI_DROP,
13.1104,9,STA,WIFI_DROP,
13.1128,9,STA,WIFI_DROP,
13.1152,9,STA,WIFI_DROP,
13.1176,9,STA,WIFI_DROP,
13.1176,21,STA,WIFI_DROP,
13.12,9,STA,WIFI_DROP,
13.12,21,STA,WIFI_DROP,
13.1224,9,STA,WIFI_DROP,
13.1224,21,STA,WIFI_DROP,
13.1248,9,STA,WIFI_DROP,
13.1248,21,STA,WIFI_DROP,
13.1272,9,STA,WIFI_DROP,
13.1272,21,STA,WIFI_DROP,
13.1296,9,STA,WIFI_DROP,
13.1296,21,STA,WIFI_DROP,
13.132,9,STA,WIFI_DROP,
13.132,21,STA,WIFI_DROP,
13.1344,9,STA,WIFI_DROP,
13.1344,21,STA,WIFI_DROP,
13.1368,9,STA,WIFI_DROP,
13.1368,21,STA,WIFI_DROP,
13.1392,9,STA,WIFI_DROP,
13.1392,21,STA,WIFI_DROP,
13.1416,9,STA,WIFI_DROP,
13.1416,21,STA,WIFI_DROP,
13.144,9,STA,WIFI_DROP,
13.144,21,STA,WIFI_DROP,
13.1464,9,STA,WIFI_DROP,
13.1464,21,STA,WIFI_DROP,
13.1488,9,STA,WIFI_DROP,
13.1488,21,STA,WIFI_DROP,
13.1512,9,STA,WIFI_DROP,
13.1512,21,STA,WIFI_DROP,
13.1536,9,STA,WIFI_DROP,
13.1536,21,STA,WIFI_DROP,
13.156,9,STA,WIFI_DROP,
13.156,21,STA,WIFI_DROP,
13.1584,9,STA,WIFI_DROP,
13.1584,21,STA,WIFI_DROP,
13.1608,9,STA,WIFI_DROP,
13.1608,21,STA,WIFI_DROP,
13.1632,9,STA,WIFI_DROP,
13.1632,21,STA,WIFI_DROP,
13.1656,9,STA,WIFI_DROP,
13.1656,21,STA,WIFI_DROP,
13.168,9,STA,WIFI_DROP,
13.168,21,STA,WIFI_DROP,
13.1704,9,STA,WIFI_DROP,
13.1728,9,STA,WIFI_DROP,
13.1752,9,STA,WIFI_DROP,
13.1776,9,STA,WIFI_DROP,
13.18,9,STA,WIFI_DROP,
13.1824,9,STA,WIFI_DROP,
13.1848,9,STA,WIFI_DROP,
13.1872,9,STA,WIFI_DROP,
13.1896,9,STA,WIFI_DROP,
13.192,9,STA,WIFI_DROP,
13.1944,9,STA,WIFI_DROP,
13.1968,9,STA,WIFI_DROP,
13.1992,9,STA,WIFI_DROP,
13.2016,9,STA,WIFI_DROP,
13.204,9,STA,WIFI_DROP,
13.2064,9,STA,WIFI_DROP,
13.2088,9,STA,WIFI_DROP,
13.2112,9,STA,WIFI_DROP,
13.2136,9,STA,WIFI_DROP,
13.216,9,STA,WIFI_DROP,
13.2184,9,STA,WIFI_DROP,
13.2208,9,STA,WIFI_DROP,
13.2232,9,STA,WIFI_DROP,
13.2256,9,STA,WIFI_DROP,
13.228,9,STA,WIFI_DROP,
13.2304,9,STA,WIFI_DROP,
13.2328,9,STA,WIFI_DROP,
13.2352,9,STA,WIFI_DROP,
13.2376,9,STA,WIFI_DROP,
13.24,9,STA,WIFI_DROP,
13.2424,9,STA,WIFI_DROP,
13.2448,9,STA,WIFI_DROP,
13.2472,9,STA,WIFI_DROP,
13.2496,9,STA,WIFI_DROP,
13.252,9,STA,WIFI_DROP,
13.2544,9,STA,WIFI_DROP,
13.2568,9,STA,WIFI_DROP,
13.2592,9,STA,WIFI_DROP,
13.2616,9,STA,WIFI_DROP,
13.264,9,STA,WIFI_DROP,
13.2664,9,STA,WIFI_DROP,
13.2688,9,STA,WIFI_DROP,
13.2712,9,STA,WIFI_DROP,
13.2736,9,STA,WIFI_DROP,
13.276,9,STA,WIFI_DROP,
13.2784,9,STA,WIFI_DROP,
13.2808,9,STA,WIFI_DROP,
13.2832,9,STA,WIFI_DROP,
13.2856,9,STA,WIFI_DROP,
13.288,9,STA,WIFI_DROP,
13.2904,9,STA,WIFI_DROP,
13.2928,9,STA,WIFI_DROP,
13.2952,9,STA,WIFI_DROP,
13.2976,9,STA,WIFI_DROP,
13.3,9,STA,WIFI_DROP,
13.3024,9,STA,WIFI_DROP,
13.3216,2,STA,WIFI_DROP,
13.324,2,STA,WIFI_DROP,
13.3264,2,STA,WIFI_DROP,
13.3288,2,STA,WIFI_DROP,
13.3312,2,STA,WIFI_DROP,
13.3336,2,STA,WIFI_DROP,
13.336,2,STA,WIFI_DROP,
13.3384,2,STA,WIFI_DROP,
13.3408,2,STA,WIFI_DROP,
13.3432,2,STA,WIFI_DROP,
13.3456,2,STA,WIFI_DROP,
13.348,2,STA,WIFI_DROP,
13.3504,2,STA,WIFI_DROP,
13.3528,2,STA,WIFI_DROP,
13.3552,2,STA,WIFI_DROP,
13.3576,2,STA,WIFI_DROP,
13.36,2,STA,WIFI_DROP,
13.3624,2,STA,WIFI_DROP,
13.3648,2,STA,WIFI_DROP,
13.3672,2,STA,WIFI_DROP,
13.3696,2,STA,WIFI_DROP,
13.372,2,STA,WIFI_DROP,
13.3744,2,STA,WIFI_DROP,
13.3768,2,STA,WIFI_DROP,
13.3792,2,STA,WIFI_DROP,
13.3816,2,STA,WIFI_DROP,
13.384,2,STA,WIFI_DROP,
13.3864,2,STA,WIFI_DROP,
13.3888,2,STA,WIFI_DROP,
13.3912,2,STA,WIFI_DROP,
13.3936,2,STA,WIFI_DROP,
13.396,2,STA,WIFI_DROP,
13.3984,2,STA,WIFI_DROP,
13.4008,2,STA,WIFI_DROP,
13.4032,2,STA,WIFI_DROP,
13.4056,2,STA,WIFI_DROP,
13.408,2,STA,WIFI_DROP,
13.4104,2,STA,WIFI_DROP,
13.4128,2,STA,WIFI_DROP,
13.4152,2,STA,WIFI_DROP,
13.4176,2,STA,WIFI_DROP,
13.42,2,STA,WIFI_DROP,
13.4224,2,STA,WIFI_DROP,
13.4248,2,STA,WIFI_DROP,
13.4272,2,STA,WIFI_DROP,
13.4296,2,STA,WIFI_DROP,
13.432,2,STA,WIFI_DROP,
13.4344,2,STA,WIFI_DROP,
13.4368,2,STA,WIFI_DROP,
13.4392,2,STA,WIFI_DROP,
13.4416,2,STA,WIFI_DROP,
13.444,2,STA,WIFI_DROP,
13.4464,2,STA,WIFI_DROP,
13.4488,2,STA,WIFI_DROP,
13.4512,2,STA,WIFI_DROP,
13.4536,2,STA,WIFI_DROP,
13.456,2,STA,WIFI_DROP,
13.4584,2,STA,WIFI_DROP,
13.4608,2,STA,WIFI_DROP,
13.4632,2,STA,WIFI_DROP,
13.4656,2,STA,WIFI_DROP,
13.468,2,STA,WIFI_DROP,
13.4704,2,STA,WIFI_DROP,
13.4728,2,STA,WIFI_DROP,
13.4752,2,STA,WIFI_DROP,
13.4776,2,STA,WIFI_DROP,
13.48,2,STA,WIFI_DROP,
13.4824,2,STA,WIFI_DROP,
13.4848,2,STA,WIFI_DROP,
13.4872,2,STA,WIFI_DROP,
13.4896,2,STA,WIFI_DROP,
13.492,2,STA,WIFI_DROP,
13.4944,2,STA,WIFI_DROP,
13.4968,2,STA,WIFI_DROP,
13.4992,2,STA,WIFI_DROP,
13.5016,2,STA,WIFI_DROP,
13.504,2,STA,WIFI_DROP,
13.5064,2,STA,WIFI_DROP,
13.5088,2,STA,WIFI_DROP,
13.5112,2,STA,WIFI_DROP,
13.5136,2,STA,WIFI_DROP,
13.516,2,STA,WIFI_DROP,
13.5184,2,STA,WIFI_DROP,
13.5208,2,STA,WIFI_DROP,
13.5232,2,STA,WIFI_DROP,
13.5256,2,STA,WIFI_DROP,
13.528,2,STA,WIFI_DROP,
13.5304,2,STA,WIFI_DROP,
13.5328,2,STA,WIFI_DROP,
13.5352,2,STA,WIFI_DROP,
13.5376,2,STA,WIFI_DROP,
13.54,2,STA,WIFI_DROP,
13.5424,2,STA,WIFI_DROP,
13.5448,2,STA,WIFI_DROP,
13.5472,2,STA,WIFI_DROP,
13.5496,2,STA,WIFI_DROP,
13.552,2,STA,WIFI_DROP,
13.5544,2,STA,WIFI_DROP,
13.5568,2,STA,WIFI_DROP,
13.5592,2,STA,WIFI_DROP,
13.5616,2,STA,WIFI_DROP,
13.564,2,STA,WIFI_DROP,
13.5664,2,STA,WIFI_DROP,
13.5688,2,STA,WIFI_DROP,
13.5712,2,STA,WIFI_DROP,
13.5736,2,STA,WIFI_DROP,
13.576,2,STA,WIFI_DROP,
13.5784,2,STA,WIFI_DROP,
13.5808,2,STA,WIFI_DROP,
13.5832,2,STA,WIFI_DROP,
13.5856,2,STA,WIFI_DROP,
13.588,2,STA,WIFI_DROP,
13.5904,2,STA,WIFI_DROP,
13.5928,2,STA,WIFI_DROP,
13.5952,2,STA,WIFI_DROP,
13.5976,2,STA,WIFI_DROP,
13.6,2,STA,WIFI_DROP,
13.6024,2,STA,WIFI_DROP,
13.6048,2,STA,WIFI_DROP,
13.6072,2,STA,WIFI_DROP,
13.6096,2,STA,WIFI_DROP,
13.612,2,STA,WIFI_DROP,
13.6144,2,STA,WIFI_DROP,
13.6168,2,STA,WIFI_DROP,
13.6192,2,STA,WIFI_DROP,
13.6216,2,STA,WIFI_DROP,
13.624,2,STA,WIFI_DROP,
13.6264,2,STA,WIFI_DROP,
13.6288,2,STA,WIFI_DROP,
13.6312,2,STA,WIFI_DROP,
13.6336,2,STA,WIFI_DROP,
13.636,2,STA,WIFI_DROP,
13.6384,2,STA,WIFI_DROP,
13.6408,2,STA,WIFI_DROP,
13.6432,2,STA,WIFI_DROP,
13.6456,2,STA,WIFI_DROP,
13.648,2,STA,WIFI_DROP,
13.6504,2,STA,WIFI_DROP,
13.6528,2,STA,WIFI_DROP,
13.6552,2,STA,WIFI_DROP,
13.6576,2,STA,WIFI_DROP,
13.66,2,STA,WIFI_DROP,
13.6624,2,STA,WIFI_DROP,
13.6648,2,STA,WIFI_DROP,
13.6672,2,STA,WIFI_DROP,
13.6696,2,STA,WIFI_DROP,
13.672,2,STA,WIFI_DROP,
13.6744,2,STA,WIFI_DROP,
13.6768,2,STA,WIFI_DROP,
13.6792,2,STA,WIFI_DROP,
13.6816,2,STA,WIFI_DROP,
13.684,2,STA,WIFI_DROP,
13.6864,2,STA,WIFI_DROP,
13.6888,2,STA,WIFI_DROP,
13.6912,2,STA,WIFI_DROP,
13.6936,2,STA,WIFI_DROP,
13.696,2,STA,WIFI_DROP,
13.6984,2,STA,WIFI_DROP,
13.7008,2,STA,WIFI_DROP,
13.7032,2,STA,WIFI_DROP,
13.7056,2,STA,WIFI_DROP,
13.708,2,STA,WIFI_DROP,
13.7104,2,STA,WIFI_DROP,
13.7128,2,STA,WIFI_DROP,
13.7152,2,STA,WIFI_DROP,
13.7176,2,STA,WIFI_DROP,
13.72,2,STA,WIFI_DROP,
13.7224,2,STA,WIFI_DROP,
13.7248,2,STA,WIFI_DROP,
13.7272,2,STA,WIFI_DROP,
13.7296,2,STA,WIFI_DROP,
13.732,2,STA,WIFI_DROP,
13.7344,2,STA,WIFI_DROP,
13.7368,2,STA,WIFI_DROP,
13.7392,2,STA,WIFI_DROP,
13.7416,2,STA,WIFI_DROP,
13.744,2,STA,WIFI_DROP,
13.7464,2,STA,WIFI_DROP,
13.7488,2,STA,WIFI_DROP,
13.7512,2,STA,WIFI_DROP,
13.7536,2,STA,WIFI_DROP,
13.756,2,STA,WIFI_DROP,
13.7584,2,STA,WIFI_DROP,
13.7608,2,STA,WIFI_DROP,
13.7632,2,STA,WIFI_DROP,
13.7656,2,STA,WIFI_DROP,
13.768,2,STA,WIFI_DROP,
13.7704,2,STA,WIFI_DROP,
13.7728,2,STA,WIFI_DROP,
13.7752,2,STA,WIFI_DROP,
13.7776,2,STA,WIFI_DROP,
13.78,2,STA,WIFI_DROP,
13.7824,2,STA,WIFI_DROP,
13.7848,2,STA,WIFI_DROP,
13.7872,2,STA,WIFI_DROP,
13.7896,2,STA,WIFI_DROP,
13.792,2,STA,WIFI_DROP,
13.7944,2,STA,WIFI_DROP,
13.7968,2,STA,WIFI_DROP,
13.7992,2,STA,WIFI_DROP,
13.8016,2,STA,WIFI_DROP,
13.804,2,STA,WIFI_DROP,
13.8064,2,STA,WIFI_DROP,
13.8088,2,STA,WIFI_DROP,
13.8112,2,STA,WIFI_DROP,
13.8136,2,STA,WIFI_DROP,
13.816,2,STA,WIFI_DROP,
13.8184,2,STA,WIFI_DROP,
13.8208,2,STA,WIFI_DROP,
13.8232,2,STA,WIFI_DROP,
13.8256,2,STA,WIFI_DROP,
13.828,2,STA,WIFI_DROP,
13.8304,2,STA,WIFI_DROP,
13.8328,2,STA,WIFI_DROP,
13.8352,2,STA,WIFI_DROP,
13.8376,2,STA,WIFI_DROP,
13.84,2,STA,WIFI_DROP,
13.8424,2,STA,WIFI_DROP,
13.8448,2,STA,WIFI_DROP,
13.8472,2,STA,WIFI_DROP,
13.8496,2,STA,WIFI_DROP,
13.852,2,STA,WIFI_DROP,
13.8544,2,STA,WIFI_DROP,
13.8568,2,STA,WIFI_DROP,
13.8592,2,STA,WIFI_DROP,
13.8616,2,STA,WIFI_DROP,
13.864,2,STA,WIFI_DROP,
13.8664,2,STA,WIFI_DROP,
13.8688,2,STA,WIFI_DROP,
13.8712,2,STA,WIFI_DROP,
13.8736,2,STA,WIFI_DROP,
13.876,2,STA,WIFI_DROP,
13.8784,2,STA,WIFI_DROP,
13.8808,2,STA,WIFI_DROP,
13.8832,2,STA,WIFI_DROP,
13.8856,2,STA,WIFI_DROP,
13.888,2,STA,WIFI_DROP,
13.8904,2,STA,WIFI_DROP,
13.8928,2,STA,WIFI_DROP,
13.8952,2,STA,WIFI_DROP,
13.8976,2,STA,WIFI_DROP,
13.9,2,STA,WIFI_DROP,
13.9024,2,STA,WIFI_DROP,
13.9048,2,STA,WIFI_DROP,
13.9072,2,STA,WIFI_DROP,
13.9096,2,STA,WIFI_DROP,
13.912,2,STA,WIFI_DROP,
13.9144,2,STA,WIFI_DROP,
13.9168,2,STA,WIFI_DROP,
13.9192,2,STA,WIFI_DROP,
13.9216,2,STA,WIFI_DROP,
13.924,2,STA,WIFI_DROP,
13.936,10,STA,WIFI_DROP,
13.9384,10,STA,WIFI_DROP,
13.9408,10,STA,WIFI_DROP,
13.9432,10,STA,WIFI_DROP,
13.9456,10,STA,WIFI_DROP,
13.948,10,STA,WIFI_DROP,
13.9504,10,STA,WIFI_DROP,
13.9528,10,STA,WIFI_DROP,
13.9552,10,STA,WIFI_DROP,
13.9576,10,STA,WIFI_DROP,
13.96,10,STA,WIFI_DROP,
13.9624,10,STA,WIFI_DROP,
13.9648,10,STA,WIFI_DROP,
13.9672,10,STA,WIFI_DROP,
13.9696,10,STA,WIFI_DROP,
13.972,10,STA,WIFI_DROP,
13.9744,10,STA,WIFI_DROP,
13.9768,10,STA,WIFI_DROP,
13.9792,10,STA,WIFI_DROP,
13.9816,10,STA,WIFI_DROP,
13.984,10,STA,WIFI_DROP,
13.9864,10,STA,WIFI_DROP,
13.9888,10,STA,WIFI_DROP,
13.9912,10,STA,WIFI_DROP,
13.9936,10,STA,WIFI_DROP,
13.996,10,STA,WIFI_DROP,
13.9984,10,STA,WIFI_DROP,
14,2,STA,THROUGHPUT_MBPS,0.360000
14,3,STA,THROUGHPUT_MBPS,2.208000
14,5,STA,THROUGHPUT_MBPS,3.060000
14,7,STA,THROUGHPUT_MBPS,1.620000
14,8,STA,THROUGHPUT_MBPS,0.360000
14,9,STA,THROUGHPUT_MBPS,1.020000
14,10,STA,THROUGHPUT_MBPS,0.732000
14,11,STA,THROUGHPUT_MBPS,3.336000
14,13,STA,THROUGHPUT_MBPS,3.132000
14,14,STA,THROUGHPUT_MBPS,1.236000
14,15,STA,THROUGHPUT_MBPS,3.456000
14,16,STA,THROUGHPUT_MBPS,1.140000
14,18,STA,THROUGHPUT_MBPS,4.392000
14,21,STA,THROUGHPUT_MBPS,2.280000
14,1,AP,AGGREGATE_THROUGHPUT_MBPS,28.332000
14,1,AP,SENT_COUNT,8340.000000
14,1,AP,RECV_COUNT,2361.000000
14,1,AP,LATENCY_P95_MS,534.478649
14.0008,10,STA,WIFI_DROP,
14.0032,10,STA,WIFI_DROP,
14.0056,10,STA,WIFI_DROP,
14.008,10,STA,WIFI_DROP,
14.0104,10,STA,WIFI_DROP,
14.0128,10,STA,WIFI_DROP,
14.0152,10,STA,WIFI_DROP,
14.0176,10,STA,WIFI_DROP,
14.02,10,STA,WIFI_DROP,
14.0224,10,STA,WIFI_DROP,
14.0248,10,STA,WIFI_DROP,
14.0272,10,STA,WIFI_DROP,
14.0296,10,STA,WIFI_DROP,
14.032,10,STA,WIFI_DROP,
14.0344,10,STA,WIFI_DROP,
14.0368,10,STA,WIFI_DROP,
14.0392,10,STA,WIFI_DROP,
14.0416,10,STA,WIFI_DROP,
14.044,10,STA,WIFI_DROP,
14.0464,10,STA,WIFI_DROP,
14.0488,10,STA,WIFI_DROP,
14.0512,10,STA,WIFI_DROP,
14.0536,10,STA,WIFI_DROP,
14.056,10,STA,WIFI_DROP,
14.0584,10,STA,WIFI_DROP,
14.0608,10,STA,WIFI_DROP,
14.0632,10,STA,WIFI_DROP,
14.0656,10,STA,WIFI_DROP,
14.068,10,STA,WIFI_DROP,
14.0704,10,STA,WIFI_DROP,
14.0728,10,STA,WIFI_DROP,
14.0752,10,STA,WIFI_DROP,
14.0776,10,STA,WIFI_DROP,
14.08,10,STA,WIFI_DROP,
14.0824,10,STA,WIFI_DROP,
14.0848,10,STA,WIFI_DROP,
14.0872,10,STA,WIFI_DROP,
14.0896,10,STA,WIFI_DROP,
14.092,10,STA,WIFI_DROP,
14.0944,10,STA,WIFI_DROP,
14.0968,10,STA,WIFI_DROP,
14.0992,10,STA,WIFI_DROP,
14.1016,10,STA,WIFI_DROP,
14.104,10,STA,WIFI_DROP,
14.1064,10,STA,WIFI_DROP,
14.1088,10,STA,WIFI_DROP,
14.1112,10,STA,WIFI_DROP,
14.1136,10,STA,WIFI_DROP,
14.116,10,STA,WIFI_DROP,
14.1184,10,STA,WIFI_DROP,
14.1208,10,STA,WIFI_DROP,
14.1232,10,STA,WIFI_DROP,
14.1256,10,STA,WIFI_DROP,
14.128,10,STA,WIFI_DROP,
14.1304,10,STA,WIFI_DROP,
14.1328,10,STA,WIFI_DROP,
14.1352,10,STA,WIFI_DROP,
14.1376,10,STA,WIFI_DROP,
14.14,10,STA,WIFI_DROP,
14.1424,10,STA,WIFI_DROP,
14.1448,10,STA,WIFI_DROP,
14.1472,10,STA,WIFI_DROP,
14.1496,10,STA,WIFI_DROP,
14.152,10,STA,WIFI_DROP,
14.1544,10,STA,WIFI_DROP,
14.1568,10,STA,WIFI_DROP,
14.1592,10,STA,WIFI_DROP,
14.1616,10,STA,WIFI_DROP,
14.164,10,STA,WIFI_DROP,
14.1664,10,STA,WIFI_DROP,
14.1688,10,STA,WIFI_DROP,
14.1712,10,STA,WIFI_DROP,
14.1736,10,STA,WIFI_DROP,
14.176,10,STA,WIFI_DROP,
14.1784,10,STA,WIFI_DROP,
14.1808,10,STA,WIFI_DROP,
14.1832,10,STA,WIFI_DROP,
14.1856,10,STA,WIFI_DROP,
14.188,10,STA,WIFI_DROP,
14.1904,10,STA,WIFI_DROP,
14.1928,10,STA,WIFI_DROP,
14.1952,10,STA,WIFI_DROP,
14.1976,10,STA,WIFI_DROP,
14.2,10,STA,WIFI_DROP,
14.2024,10,STA,WIFI_DROP,
14.2048,10,STA,WIFI_DROP,
14.2072,10,STA,WIFI_DROP,
14.2096,10,STA,WIFI_DROP,
14.212,10,STA,WIFI_DROP,
14.2144,10,STA,WIFI_DROP,
14.2168,10,STA,WIFI_DROP,
14.2192,10,STA,WIFI_DROP,
14.2216,10,STA,WIFI_DROP,
14.224,10,STA,WIFI_DROP,
14.2264,10,STA,WIFI_DROP,
14.2288,10,STA,WIFI_DROP,
14.2312,10,STA,WIFI_DROP,
14.2336,10,STA,WIFI_DROP,
14.236,10,STA,WIFI_DROP,
14.2384,10,STA,WIFI_DROP,
14.2408,10,STA,WIFI_DROP,
14.2432,10,STA,WIFI_DROP,
14.2456,10,STA,WIFI_DROP,
14.248,10,STA,WIFI_DROP,
14.2504,10,STA,WIFI_DROP,
14.2528,10,STA,WIFI_DROP,
14.2552,10,STA,WIFI_DROP,
14.2576,10,STA,WIFI_DROP,
14.26,10,STA,WIFI_DROP,
14.2624,10,STA,WIFI_DROP,
14.2648,10,STA,WIFI_DROP,
14.2672,10,STA,WIFI_DROP,
14.2696,10,STA,WIFI_DROP,
14.272,10,STA,WIFI_DROP,
14.2744,10,STA,WIFI_DROP,
14.2768,10,STA,WIFI_DROP,
14.2792,10,STA,WIFI_DROP,
14.2816,10,STA,WIFI_DROP,
14.284,10,STA,WIFI_DROP,
14.2864,10,STA,WIFI_DROP,
14.2888,10,STA,WIFI_DROP,
14.2912,10,STA,WIFI_DROP,
14.2936,10,STA,WIFI_DROP,
14.296,10,STA,WIFI_DROP,
14.2984,10,STA,WIFI_DROP,
14.3008,10,STA,WIFI_DROP,
14.3032,10,STA,WIFI_DROP,
14.3056,10,STA,WIFI_DROP,
14.308,10,STA,WIFI_DROP,
14.3104,10,STA,WIFI_DROP,
14.3128,10,STA,WIFI_DROP,
14.3152,10,STA,WIFI_DROP,
14.3176,10,STA,WIFI_DROP,
14.32,10,STA,WIFI_DROP,
14.3224,10,STA,WIFI_DROP,
14.3248,10,STA,WIFI_DROP,
14.3272,10,STA,WIFI_DROP,
14.3296,10,STA,WIFI_DROP,
14.332,10,STA,WIFI_DROP,
14.3344,10,STA,WIFI_DROP,
14.3368,10,STA,WIFI_DROP,
14.3392,10,STA,WIFI_DROP,
14.3416,10,STA,WIFI_DROP,
14.344,10,STA,WIFI_DROP,
14.3464,10,STA,WIFI_DROP,
14.3488,10,STA,WIFI_DROP,
14.3512,10,STA,WIFI_DROP,
14.3536,10,STA,WIFI_DROP,
14.356,10,STA,WIFI_DROP,
14.3584,10,STA,WIFI_DROP,
14.3608,10,STA,WIFI_DROP,
14.3632,10,STA,WIFI_DROP,
14.3656,10,STA,WIFI_DROP,
14.368,10,STA,WIFI_DROP,
14.3704,10,STA,WIFI_DROP,
14.3728,10,STA,WIFI_DROP,
14.3752,10,STA,WIFI_DROP,
14.3776,10,STA,WIFI_DROP,
14.38,10,STA,WIFI_DROP,
14.3824,10,STA,WIFI_DROP,
14.3848,10,STA,WIFI_DROP,
14.3872,10,STA,WIFI_DROP,
14.3896,10,STA,WIFI_DROP,
14.392,10,STA,WIFI_DROP,
14.3944,10,STA,WIFI_DROP,
14.3968,10,STA,WIFI_DROP,
14.3992,10,STA,WIFI_DROP,
14.4016,10,STA,WIFI_DROP,
14.404,10,STA,WIFI_DROP,
14.4064,10,STA,WIFI_DROP,
14.4088,10,STA,WIFI_DROP,
14.4112,10,STA,WIFI_DROP,
14.4136,10,STA,WIFI_DROP,
14.416,10,STA,WIFI_DROP,
14.4184,10,STA,WIFI_DROP,
14.4208,10,STA,WIFI_DROP,
14.4232,10,STA,WIFI_DROP,
14.4256,10,STA,WIFI_DROP,
14.428,10,STA,WIFI_DROP,
14.4304,10,STA,WIFI_DROP,
14.4328,10,STA,WIFI_DROP,
14.4352,10,STA,WIFI_DROP,
14.4376,10,STA,WIFI_DROP,
14.44,10,STA,WIFI_DROP,
14.4424,10,STA,WIFI_DROP,
14.4448,10,STA,WIFI_DROP,
14.4472,10,STA,WIFI_DROP,
14.4496,10,STA,WIFI_DROP,
14.452,10,STA,WIFI_DROP,
14.4544,10,STA,WIFI_DROP,
14.4568,10,STA,WIFI_DROP,
14.4592,10,STA,WIFI_DROP,
14.4616,10,STA,WIFI_DROP,
14.464,10,STA,WIFI_DROP,
14.4664,10,STA,WIFI_DROP,
14.4688,10,STA,WIFI_DROP,
14.4712,10,STA,WIFI_DROP,
14.4736,10,STA,WIFI_DROP,
14.476,10,STA,WIFI_DROP,
14.4784,10,STA,WIFI_DROP,
14.4808,10,STA,WIFI_DROP,
14.4832,10,STA,WIFI_DROP,
14.4856,10,STA,WIFI_DROP,
14.488,10,STA,WIFI_DROP,
14.4904,10,STA,WIFI_DROP,
14.4928,10,STA,WIFI_DROP,
14.4952,10,STA,WIFI_DROP,
14.4976,10,STA,WIFI_DROP,
14.5,10,STA,WIFI_DROP,
14.5024,10,STA,WIFI_DROP,
14.5048,10,STA,WIFI_DROP,
14.5072,10,STA,WIFI_DROP,
14.5096,10,STA,WIFI_DROP,
14.512,10,STA,WIFI_DROP,
14.5144,10,STA,WIFI_DROP,
14.5168,10,STA,WIFI_DROP,
14.5192,10,STA,WIFI_DROP,
14.5216,10,STA,WIFI_DROP,
14.524,10,STA,WIFI_DROP,
14.5264,10,STA,WIFI_DROP,
14.5288,10,STA,WIFI_DROP,
14.5312,10,STA,WIFI_DROP,
14.5336,10,STA,WIFI_DROP,
14.536,10,STA,WIFI_DROP,
14.5384,10,STA,WIFI_DROP,
14.5408,10,STA,WIFI_DROP,
14.5432,10,STA,WIFI_DROP,
14.5456,10,STA,WIFI_DROP,
14.548,10,STA,WIFI_DROP,
14.5504,10,STA,WIFI_DROP,
14.5528,10,STA,WIFI_DROP,
14.5552,10,STA,WIFI_DROP,
14.5576,10,STA,WIFI_DROP,
14.56,10,STA,WIFI_DROP,
14.5624,10,STA,WIFI_DROP,
14.5648,10,STA,WIFI_DROP,
14.5672,10,STA,WIFI_DROP,
14.5696,10,STA,WIFI_DROP,
14.572,10,STA,WIFI_DROP,
14.5744,10,STA,WIFI_DROP,
14.5768,10,STA,WIFI_DROP,
14.5792,10,STA,WIFI_DROP,
14.5816,10,STA,WIFI_DROP,
14.584,10,STA,WIFI_DROP,
14.5864,10,STA,WIFI_DROP,
14.5888,10,STA,WIFI_DROP,
14.5912,10,STA,WIFI_DROP,
14.5936,10,STA,WIFI_DROP,
14.596,10,STA,WIFI_DROP,
14.5984,10,STA,WIFI_DROP,
14.6008,10,STA,WIFI_DROP,
14.6032,10,STA,WIFI_DROP,
14.6056,10,STA,WIFI_DROP,
14.608,10,STA,WIFI_DROP,
14.6104,10,STA,WIFI_DROP,
14.6128,10,STA,WIFI_DROP,
14.6152,10,STA,WIFI_DROP,
14.6176,10,STA,WIFI_DROP,
14.62,10,STA,WIFI_DROP,
14.6224,10,STA,WIFI_DROP,
14.6248,10,STA,WIFI_DROP,
14.6272,10,STA,WIFI_DROP,
14.6296,10,STA,WIFI_DROP,
14.632,10,STA,WIFI_DROP,
14.6344,10,STA,WIFI_DROP,
14.6368,10,STA,WIFI_DROP,
14.6392,10,STA,WIFI_DROP,
14.6416,10,STA,WIFI_DROP,
14.644,10,STA,WIFI_DROP,
14.6464,10,STA,WIFI_DROP,
14.6488,10,STA,WIFI_DROP,
14.6512,10,STA,WIFI_DROP,
14.6536,10,STA,WIFI_DROP,
14.656,10,STA,WIFI_DROP,
14.6584,10,STA,WIFI_DROP,
14.6608,10,STA,WIFI_DROP,
14.6632,10,STA,WIFI_DROP,
14.6656,10,STA,WIFI_DROP,
14.668,10,STA,WIFI_DROP,
14.6704,10,STA,WIFI_DROP,
14.6728,10,STA,WIFI_DROP,
14.6752,10,STA,WIFI_DROP,
14.6776,10,STA,WIFI_DROP,
14.68,10,STA,WIFI_DROP,
14.6824,10,STA,WIFI_DROP,
14.6848,10,STA,WIFI_DROP,
14.6872,10,STA,WIFI_DROP,
14.6896,10,STA,WIFI_DROP,
14.692,10,STA,WIFI_DROP,
14.6944,10,STA,WIFI_DROP,
14.6968,10,STA,WIFI_DROP,
14.6992,10,STA,WIFI_DROP,
14.7016,10,STA,WIFI_DROP,
14.704,10,STA,WIFI_DROP,
14.7064,10,STA,WIFI_DROP,
14.7088,10,STA,WIFI_DROP,
14.7112,10,STA,WIFI_DROP,
14.7136,10,STA,WIFI_DROP,
14.716,10,STA,WIFI_DROP,
14.7184,10,STA,WIFI_DROP,
14.7208,10,STA,WIFI_DROP,
14.7232,10,STA,WIFI_DROP,
14.7256,10,STA,WIFI_DROP,
14.728,10,STA,WIFI_DROP,
14.7304,10,STA,WIFI_DROP,
14.7328,10,STA,WIFI_DROP,
14.7352,10,STA,WIFI_DROP,
14.7376,10,STA,WIFI_DROP,
14.74,10,STA,WIFI_DROP,
14.7424,10,STA,WIFI_DROP,
14.7448,10,STA,WIFI_DROP,
14.7472,10,STA,WIFI_DROP,
14.7496,10,STA,WIFI_DROP,
14.752,10,STA,WIFI_DROP,
14.7544,10,STA,WIFI_DROP,
14.7568,10,STA,WIFI_DROP,
14.7592,10,STA,WIFI_DROP,
14.7616,10,STA,WIFI_DROP,
14.764,10,STA,WIFI_DROP,
14.7664,10,STA,WIFI_DROP,
14.7688,10,STA,WIFI_DROP,
14.7712,10,STA,WIFI_DROP,
14.7736,10,STA,WIFI_DROP,
14.776,10,STA,WIFI_DROP,
14.7784,10,STA,WIFI_DROP,
14.7808,10,STA,WIFI_DROP,
14.7832,10,STA,WIFI_DROP,
14.7856,10,STA,WIFI_DROP,
14.788,10,STA,WIFI_DROP,
14.7904,10,STA,WIFI_DROP,
14.7928,10,STA,WIFI_DROP,
14.7952,10,STA,WIFI_DROP,
14.7976,10,STA,WIFI_DROP,
14.8,10,STA,WIFI_DROP,
14.8024,10,STA,WIFI_DROP,
14.8048,10,STA,WIFI_DROP,
14.8072,10,STA,WIFI_DROP,
14.8096,10,STA,WIFI_DROP,
14.812,10,STA,WIFI_DROP,
14.8144,10,STA,WIFI_DROP,
14.8168,10,STA,WIFI_DROP,
14.8192,10,STA,WIFI_DROP,
14.8216,10,STA,WIFI_DROP,
14.824,10,STA,WIFI_DROP,
14.8264,10,STA,WIFI_DROP,
14.8288,10,STA,WIFI_DROP,
14.8312,10,STA,WIFI_DROP,
14.8336,10,STA,WIFI_DROP,
14.836,10,STA,WIFI_DROP,
15,2,STA,THROUGHPUT_MBPS,2.472000
15,3,STA,THROUGHPUT_MBPS,1.188000
15,5,STA,THROUGHPUT_MBPS,5.652000
15,7,STA,THROUGHPUT_MBPS,2.640000
15,8,STA,THROUGHPUT_MBPS,3.360000
15,9,STA,THROUGHPUT_MBPS,2.616000
15,11,STA,THROUGHPUT_MBPS,2.448000
15,13,STA,THROUGHPUT_MBPS,1.308000
15,14,STA,THROUGHPUT_MBPS,0.972000
15,15,STA,THROUGHPUT_MBPS,3.420000
15,16,STA,THROUGHPUT_MBPS,2.592000
15,18,STA,THROUGHPUT_MBPS,4.404000
15,21,STA,THROUGHPUT_MBPS,0.720000
15,1,AP,AGGREGATE_THROUGHPUT_MBPS,33.792000
15,1,AP,SENT_COUNT,8340.000000
15,1,AP,RECV_COUNT,2816.000000
15,1,AP,LATENCY_P95_MS,530.674661
15.5752,17,STA,WIFI_DROP,
15.5752,19,STA,WIFI_DROP,
15.5776,17,STA,WIFI_DROP,
15.5776,19,STA,WIFI_DROP,
15.58,12,STA,WIFI_DROP,
15.58,13,STA,WIFI_DROP,
15.58,17,STA,WIFI_DROP,
15.58,19,STA,WIFI_DROP,
15.5824,12,STA,WIFI_DROP,
15.5824,13,STA,WIFI_DROP,
15.5824,17,STA,WIFI_DROP,
15.5824,19,STA,WIFI_DROP,
15.5848,12,STA,WIFI_DROP,
15.5848,13,STA,WIFI_DROP,
15.5848,17,STA,WIFI_DROP,
15.5848,19,STA,WIFI_DROP,
15.5872,12,STA,WIFI_DROP,
15.5872,13,STA,WIFI_DROP,
15.5872,17,STA,WIFI_DROP,
15.5872,19,STA,WIFI_DROP,
15.5896,12,STA,WIFI_DROP,
15.5896,13,STA,WIFI_DROP,
15.5896,17,STA,WIFI_DROP,
15.5896,19,STA,WIFI_DROP,
15.592,12,STA,WIFI_DROP,
15.592,13,STA,WIFI_DROP,
15.592,17,STA,WIFI_DROP,
15.592,19,STA,WIFI_DROP,
15.5944,12,STA,WIFI_DROP,
15.5944,13,STA,WIFI_DROP,
15.5944,17,STA,WIFI_DROP,
15.5944,19,STA,WIFI_DROP,
15.5968,12,STA,WIFI_DROP,
15.5968,13,STA,WIFI_DROP,
15.5968,17,STA,WIFI_DROP,
15.5968,19,STA,WIFI_DROP,
15.5992,12,STA,WIFI_DROP,
15.5992,13,STA,WIFI_DROP,
15.5992,17,STA,WIFI_DROP,
15.5992,19,STA,WIFI_DROP,
15.6016,12,STA,WIFI_DROP,
15.6016,13,STA,WIFI_DROP,
15.6016,17,STA,WIFI_DROP,
15.6016,19,STA,WIFI_DROP,
15.604,12,STA,WIFI_DROP,
15.604,13,STA,WIFI_DROP,
15.604,17,STA,WIFI_DROP,
15.604,19,STA,WIFI_DROP,
15.6064,12,STA,WIFI_DROP,
15.6064,13,STA,WIFI_DROP,
15.6064,17,STA,WIFI_DROP,
15.6064,19,STA,WIFI_DROP,
15.6088,12,STA,WIFI_DROP,
15.6088,13,STA,WIFI_DROP,
15.6088,17,STA,WIFI_DROP,
15.6088,19,STA,WIFI_DROP,
15.6112,12,STA,WIFI_DROP,
15.6112,13,STA,WIFI_DROP,
15.6112,17,STA,WIFI_DROP,
15.6112,19,STA,WIFI_DROP,
15.6136,12,STA,WIFI_DROP,
15.6136,13,STA,WIFI_DROP,
15.6136,17,STA,WIFI_DROP,
15.6136,19,STA,WIFI_DROP,
15.616,12,STA,WIFI_DROP,
15.616,13,STA,WIFI_DROP,
15.616,17,STA,WIFI_DROP,
15.616,19,STA,WIFI_DROP,
15.6184,12,STA,WIFI_DROP,
15.6184,13,STA,WIFI_DROP,
15.6184,17,STA,WIFI_DROP,
15.6184,19,STA,WIFI_DROP,
15.6208,12,STA,WIFI_DROP,
15.6208,13,STA,WIFI_DROP,
15.6208,17,STA,WIFI_DROP,
15.6208,19,STA,WIFI_DROP,
15.6232,12,STA,WIFI_DROP,
15.6232,13,STA,WIFI_DROP,
15.6232,17,STA,WIFI_DROP,
15.6232,19,STA,WIFI_DROP,
15.6256,12,STA,WIFI_DROP,
15.6256,13,STA,WIFI_DROP,
15.6256,17,STA,WIFI_DROP,
15.6256,19,STA,WIFI_DROP,
15.628,12,STA,WIFI_DROP,
15.628,13,STA,WIFI_DROP,
15.628,17,STA,WIFI_DROP,
15.628,19,STA,WIFI_DROP,
15.6304,12,STA,WIFI_DROP,
15.6304,13,STA,WIFI_DROP,
15.6304,17,STA,WIFI_DROP,
15.6304,19,STA,WIFI_DROP,
15.6328,12,STA,WIFI_DROP,
15.6328,13,STA,WIFI_DROP,
15.6328,17,STA,WIFI_DROP,
15.6328,19,STA,WIFI_DROP,
15.6352,12,STA,WIFI_DROP,
15.6352,13,STA,WIFI_DROP,
15.6352,17,STA,WIFI_DROP,
15.6352,19,STA,WIFI_DROP,
15.6376,12,STA,WIFI_DROP,
15.6376,13,STA,WIFI_DROP,
15.6376,17,STA,WIFI_DROP,
15.6376,19,STA,WIFI_DROP,
15.64,12,STA,WIFI_DROP,
15.64,13,STA,WIFI_DROP,
15.64,17,STA,WIFI_DROP,
15.64,19,STA,WIFI_DROP,
15.6424,12,STA,WIFI_DROP,
15.6424,13,STA,WIFI_DROP,
15.6424,17,STA,WIFI_DROP,
15.6424,19,STA,WIFI_DROP,
15.6448,12,STA,WIFI_DROP,
15.6448,13,STA,WIFI_DROP,
15.6448,17,STA,WIFI_DROP,
15.6448,19,STA,WIFI_DROP,
15.6472,12,STA,WIFI_DROP,
15.6472,13,STA,WIFI_DROP,
15.6472,17,STA,WIFI_DROP,
15.6472,19,STA,WIFI_DROP,
15.6496,12,STA,WIFI_DROP,
15.6496,13,STA,WIFI_DROP,
15.6496,17,STA,WIFI_DROP,
15.6496,19,STA,WIFI_DROP,
15.652,12,STA,WIFI_DROP,
15.652,13,STA,WIFI_DROP,
15.652,17,STA,WIFI_DROP,
15.652,19,STA,WIFI_DROP,
15.6544,12,STA,WIFI_DROP,
15.6544,13,STA,WIFI_DROP,
15.6544,17,STA,WIFI_DROP,
15.6544,19,STA,WIFI_DROP,
15.6568,12,STA,WIFI_DROP,
15.6568,13,STA,WIFI_DROP,
15.6568,17,STA,WIFI_DROP,
15.6568,19,STA,WIFI_DROP,
15.6592,12,STA,WIFI_DROP,
15.6592,13,STA,WIFI_DROP,
15.6592,17,STA,WIFI_DROP,
15.6592,19,STA,WIFI_DROP,
15.6616,12,STA,WIFI_DROP,
15.6616,13,STA,WIFI_DROP,
15.6616,17,STA,WIFI_DROP,
15.6616,19,STA,WIFI_DROP,
15.664,12,STA,WIFI_DROP,
15.664,13,STA,WIFI_DROP,
15.664,17,STA,WIFI_DROP,
15.664,19,STA,WIFI_DROP,
15.6664,12,STA,WIFI_DROP,
15.6664,13,STA,WIFI_DROP,
15.6664,17,STA,WIFI_DROP,
15.6664,19,STA,WIFI_DROP,
15.6688,12,STA,WIFI_DROP,
15.6688,13,STA,WIFI_DROP,
15.6688,17,STA,WIFI_DROP,
15.6688,19,STA,WIFI_DROP,
15.6712,12,STA,WIFI_DROP,
15.6712,13,STA,WIFI_DROP,
15.6712,17,STA,WIFI_DROP,
15.6712,19,STA,WIFI_DROP,
15.6736,12,STA,WIFI_DROP,
15.6736,13,STA,WIFI_DROP,
15.6736,17,STA,WIFI_DROP,
15.6736,19,STA,WIFI_DROP,
15.676,12,STA,WIFI_DROP,
15.676,13,STA,WIFI_DROP,
15.676,17,STA,WIFI_DROP,
15.676,19,STA,WIFI_DROP,
15.6784,12,STA,WIFI_DROP,
15.6784,13,STA,WIFI_DROP,
15.6784,17,STA,WIFI_DROP,
15.6784,19,STA,WIFI_DROP,
15.6808,12,STA,WIFI_DROP,
15.6808,13,STA,WIFI_DROP,
15.6808,17,STA,WIFI_DROP,
15.6808,19,STA,WIFI_DROP,
15.6832,12,STA,WIFI_DROP,
15.6832,13,STA,WIFI_DROP,
15.6832,17,STA,WIFI_DROP,
15.6832,19,STA,WIFI_DROP,
15.6856,12,STA,WIFI_DROP,
15.6856,13,STA,WIFI_DROP,
15.6856,17,STA,WIFI_DROP,
15.6856,19,STA,WIFI_DROP,
15.688,12,STA,WIFI_DROP,
15.688,13,STA,WIFI_DROP,
15.688,17,STA,WIFI_DROP,
15.688,19,STA,WIFI_DROP,
15.6904,12,STA,WIFI_DROP,
15.6904,13,STA,WIFI_DROP,
15.6904,17,STA,WIFI_DROP,
15.6904,19,STA,WIFI_DROP,
15.6928,12,STA,WIFI_DROP,
15.6928,13,STA,WIFI_DROP,
15.6928,17,STA,WIFI_DROP,
15.6928,19,STA,WIFI_DROP,
15.6952,12,STA,WIFI_DROP,
15.6952,13,STA,WIFI_DROP,
15.6952,17,STA,WIFI_DROP,
15.6952,19,STA,WIFI_DROP,
15.6976,12,STA,WIFI_DROP,
15.6976,13,STA,WIFI_DROP,
15.6976,17,STA,WIFI_DROP,
15.6976,19,STA,WIFI_DROP,
15.7,12,STA,WIFI_DROP,
15.7,13,STA,WIFI_DROP,
15.7,17,STA,WIFI_DROP,
15.7,19,STA,WIFI_DROP,
15.7024,12,STA,WIFI_DROP,
15.7024,13,STA,WIFI_DROP,
15.7024,17,STA,WIFI_DROP,
15.7024,19,STA,WIFI_DROP,
15.7048,12,STA,WIFI_DROP,
15.7048,13,STA,WIFI_DROP,
15.7048,17,STA,WIFI_DROP,
15.7048,19,STA,WIFI_DROP,
15.7072,12,STA,WIFI_DROP,
15.7072,13,STA,WIFI_DROP,
15.7072,17,STA,WIFI_DROP,
15.7072,19,STA,WIFI_DROP,
15.7096,12,STA,WIFI_DROP,
15.7096,13,STA,WIFI_DROP,
15.7096,17,STA,WIFI_DROP,
15.7096,19,STA,WIFI_DROP,
15.712,12,STA,WIFI_DROP,
15.712,13,STA,WIFI_DROP,
15.712,17,STA,WIFI_DROP,
15.712,19,STA,WIFI_DROP,
15.7144,12,STA,WIFI_DROP,
15.7144,13,STA,WIFI_DROP,
15.7144,17,STA,WIFI_DROP,
15.7144,19,STA,WIFI_DROP,
15.7168,12,STA,WIFI_DROP,
15.7168,13,STA,WIFI_DROP,
15.7168,17,STA,WIFI_DROP,
15.7168,19,STA,WIFI_DROP,
15.7192,12,STA,WIFI_DROP,
15.7192,13,STA,WIFI_DROP,
15.7192,17,STA,WIFI_DROP,
15.7192,19,STA,WIFI_DROP,
15.7216,12,STA,WIFI_DROP,
15.7216,13,STA,WIFI_DROP,
15.7216,17,STA,WIFI_DROP,
15.7216,19,STA,WIFI_DROP,
15.724,12,STA,WIFI_DROP,
15.724,13,STA,WIFI_DROP,
15.724,17,STA,WIFI_DROP,
15.724,19,STA,WIFI_DROP,
15.7264,12,STA,WIFI_DROP,
15.7264,13,STA,WIFI_DROP,
15.7264,17,STA,WIFI_DROP,
15.7264,19,STA,WIFI_DROP,
15.7288,12,STA,WIFI_DROP,
15.7288,13,STA,WIFI_DROP,
15.7288,17,STA,WIFI_DROP,
15.7288,19,STA,WIFI_DROP,
15.7312,12,STA,WIFI_DROP,
15.7312,13,STA,WIFI_DROP,
15.7312,17,STA,WIFI_DROP,
15.7312,19,STA,WIFI_DROP,
15.7336,12,STA,WIFI_DROP,
15.7336,13,STA,WIFI_DROP,
15.7336,17,STA,WIFI_DROP,
15.7336,19,STA,WIFI_DROP,
15.736,12,STA,WIFI_DROP,
15.736,13,STA,WIFI_DROP,
15.736,17,STA,WIFI_DROP,
15.736,19,STA,WIFI_DROP,
15.7384,12,STA,WIFI_DROP,
15.7384,13,STA,WIFI_DROP,
15.7384,17,STA,WIFI_DROP,
15.7384,19,STA,WIFI_DROP,
15.7408,12,STA,WIFI_DROP,
15.7408,13,STA,WIFI_DROP,
15.7408,17,STA,WIFI_DROP,
15.7408,19,STA,WIFI_DROP,
15.7432,12,STA,WIFI_DROP,
15.7432,13,STA,WIFI_DROP,
15.7432,17,STA,WIFI_DROP,
15.7432,19,STA,WIFI_DROP,
15.7456,12,STA,WIFI_DROP,
15.7456,13,STA,WIFI_DROP,
15.7456,17,STA,WIFI_DROP,
15.7456,19,STA,WIFI_DROP,
15.748,12,STA,WIFI_DROP,
15.748,13,STA,WIFI_DROP,
15.748,17,STA,WIFI_DROP,
15.748,19,STA,WIFI_DROP,
15.7504,12,STA,WIFI_DROP,
15.7504,13,STA,WIFI_DROP,
15.7504,17,STA,WIFI_DROP,
15.7504,19,STA,WIFI_DROP,
15.7528,12,STA,WIFI_DROP,
15.7528,13,STA,WIFI_DROP,
15.7528,17,STA,WIFI_DROP,
15.7528,19,STA,WIFI_DROP,
15.7552,12,STA,WIFI_DROP,
15.7552,13,STA,WIFI_DROP,
15.7552,17,STA,WIFI_DROP,
15.7552,19,STA,WIFI_DROP,
15.7576,12,STA,WIFI_DROP,
15.7576,13,STA,WIFI_DROP,
15.7576,17,STA,WIFI_DROP,
15.7576,19,STA,WIFI_DROP,
15.76,12,STA,WIFI_DROP,
15.76,13,STA,WIFI_DROP,
15.76,17,STA,WIFI_DROP,
15.76,19,STA,WIFI_DROP,
15.7624,12,STA,WIFI_DROP,
15.7624,13,STA,WIFI_DROP,
15.7624,17,STA,WIFI_DROP,
15.7624,19,STA,WIFI_DROP,
15.7648,12,STA,WIFI_DROP,
15.7648,13,STA,WIFI_DROP,
15.7648,17,STA,WIFI_DROP,
15.7648,19,STA,WIFI_DROP,
15.7672,12,STA,WIFI_DROP,
15.7672,13,STA,WIFI_DROP,
15.7672,17,STA,WIFI_DROP,
15.7672,19,STA,WIFI_DROP,
15.7696,12,STA,WIFI_DROP,
15.7696,13,STA,WIFI_DROP,
15.7696,17,STA,WIFI_DROP,
15.7696,19,STA,WIFI_DROP,
15.772,12,STA,WIFI_DROP,
15.772,13,STA,WIFI_DROP,
15.772,17,STA,WIFI_DROP,
15.772,19,STA,WIFI_DROP,
15.7744,12,STA,WIFI_DROP,
15.7744,13,STA,WIFI_DROP,
15.7744,17,STA,WIFI_DROP,
15.7744,19,STA,WIFI_DROP,
15.7768,12,STA,WIFI_DROP,
15.7768,13,STA,WIFI_DROP,
15.7768,19,STA,WIFI_DROP,
15.7792,12,STA,WIFI_DROP,
15.7792,13,STA,WIFI_DROP,
15.7792,19,STA,WIFI_DROP,
15.7816,12,STA,WIFI_DROP,
15.7816,13,STA,WIFI_DROP,
15.7816,19,STA,WIFI_DROP,
15.784,12,STA,WIFI_DROP,
15.784,13,STA,WIFI_DROP,
15.784,19,STA,WIFI_DROP,
15.7864,12,STA,WIFI_DROP,
15.7864,13,STA,WIFI_DROP,
15.7864,19,STA,WIFI_DROP,
15.7888,12,STA,WIFI_DROP,
15.7888,13,STA,WIFI_DROP,
15.7888,19,STA,WIFI_DROP,
15.7912,12,STA,WIFI_DROP,
15.7912,13,STA,WIFI_DROP,
15.7912,19,STA,WIFI_DROP,
15.7936,12,STA,WIFI_DROP,
15.7936,13,STA,WIFI_DROP,
15.7936,19,STA,WIFI_DROP,
15.796,12,STA,WIFI_DROP,
15.796,13,STA,WIFI_DROP,
15.796,19,STA,WIFI_DROP,
15.7984,12,STA,WIFI_DROP,
15.7984,13,STA,WIFI_DROP,
15.7984,19,STA,WIFI_DROP,
15.8008,12,STA,WIFI_DROP,
15.8008,13,STA,WIFI_DROP,
15.8008,19,STA,WIFI_DROP,
15.8032,12,STA,WIFI_DROP,
15.8032,13,STA,WIFI_DROP,
15.8032,19,STA,WIFI_DROP,
15.8056,12,STA,WIFI_DROP,
15.8056,13,STA,WIFI_DROP,
15.8056,19,STA,WIFI_DROP,
15.808,12,STA,WIFI_DROP,
15.808,13,STA,WIFI_DROP,
15.808,19,STA,WIFI_DROP,
15.8104,12,STA,WIFI_DROP,
15.8104,13,STA,WIFI_DROP,
15.8104,19,STA,WIFI_DROP,
15.8128,12,STA,WIFI_DROP,
15.8128,13,STA,WIFI_DROP,
15.8128,19,STA,WIFI_DROP,
15.8152,12,STA,WIFI_DROP,
15.8152,13,STA,WIFI_DROP,
15.8152,19,STA,WIFI_DROP,
15.8176,12,STA,WIFI_DROP,
15.8176,13,STA,WIFI_DROP,
15.8176,19,STA,WIFI_DROP,
15.82,12,STA,WIFI_DROP,
15.82,13,STA,WIFI_DROP,
15.82,19,STA,WIFI_DROP,
15.8224,12,STA,WIFI_DROP,
15.8224,13,STA,WIFI_DROP,
15.8224,19,STA,WIFI_DROP,
15.8248,12,STA,WIFI_DROP,
15.8248,13,STA,WIFI_DROP,
15.8248,19,STA,WIFI_DROP,
15.8272,12,STA,WIFI_DROP,
15.8272,13,STA,WIFI_DROP,
15.8296,12,STA,WIFI_DROP,
15.8296,13,STA,WIFI_DROP,
15.832,12,STA,WIFI_DROP,
15.832,13,STA,WIFI_DROP,
15.8344,12,STA,WIFI_DROP,
15.8344,13,STA,WIFI_DROP,
15.8368,12,STA,WIFI_DROP,
15.8368,13,STA,WIFI_DROP,
15.8392,12,STA,WIFI_DROP,
15.8392,13,STA,WIFI_DROP,
15.8416,12,STA,WIFI_DROP,
15.8416,13,STA,WIFI_DROP,
15.844,12,STA,WIFI_DROP,
15.844,13,STA,WIFI_DROP,
15.8464,12,STA,WIFI_DROP,
15.8464,13,STA,WIFI_DROP,
15.8488,12,STA,WIFI_DROP,
15.8488,13,STA,WIFI_DROP,
15.8512,12,STA,WIFI_DROP,
15.8512,13,STA,WIFI_DROP,
15.8536,12,STA,WIFI_DROP,
15.8536,13,STA,WIFI_DROP,
15.856,12,STA,WIFI_DROP,
15.856,13,STA,WIFI_DROP,
15.8584,12,STA,WIFI_DROP,
15.8584,13,STA,WIFI_DROP,
15.8608,12,STA,WIFI_DROP,
15.8608,13,STA,WIFI_DROP,
15.8632,12,STA,WIFI_DROP,
15.8632,13,STA,WIFI_DROP,
15.8656,12,STA,WIFI_DROP,
15.8656,13,STA,WIFI_DROP,
15.868,12,STA,WIFI_DROP,
15.868,13,STA,WIFI_DROP,
15.8704,12,STA,WIFI_DROP,
15.8704,13,STA,WIFI_DROP,
15.8728,12,STA,WIFI_DROP,
15.8728,13,STA,WIFI_DROP,
15.8752,12,STA,WIFI_DROP,
15.8752,13,STA,WIFI_DROP,
15.8776,12,STA,WIFI_DROP,
15.8776,13,STA,WIFI_DROP,
15.88,12,STA,WIFI_DROP,
15.88,13,STA,WIFI_DROP,
15.8824,10,STA,WIFI_DROP,
15.8824,12,STA,WIFI_DROP,
15.8824,13,STA,WIFI_DROP,
15.8824,14,STA,WIFI_DROP,
15.8848,10,STA,WIFI_DROP,
15.8848,12,STA,WIFI_DROP,
15.8848,13,STA,WIFI_DROP,
15.8848,14,STA,WIFI_DROP,
15.8872,10,STA,WIFI_DROP,
15.8872,12,STA,WIFI_DROP,
15.8872,13,STA,WIFI_DROP,
15.8872,14,STA,WIFI_DROP,
15.8896,10,STA,WIFI_DROP,
15.8896,12,STA,WIFI_DROP,
15.8896,13,STA,WIFI_DROP,
15.8896,14,STA,WIFI_DROP,
15.892,10,STA,WIFI_DROP,
15.892,12,STA,WIFI_DROP,
15.892,13,STA,WIFI_DROP,
15.892,14,STA,WIFI_DROP,
15.8944,10,STA,WIFI_DROP,
15.8944,12,STA,WIFI_DROP,
15.8944,13,STA,WIFI_DROP,
15.8944,14,STA,WIFI_DROP,
15.8968,10,STA,WIFI_DROP,
15.8968,12,STA,WIFI_DROP,
15.8968,13,STA,WIFI_DROP,
15.8968,14,STA,WIFI_DROP,
15.8992,10,STA,WIFI_DROP,
15.8992,12,STA,WIFI_DROP,
15.8992,13,STA,WIFI_DROP,
15.8992,14,STA,WIFI_DROP,
15.9016,10,STA,WIFI_DROP,
15.9016,12,STA,WIFI_DROP,
15.9016,13,STA,WIFI_DROP,
15.9016,14,STA,WIFI_DROP,
15.904,10,STA,WIFI_DROP,
15.904,12,STA,WIFI_DROP,
15.904,13,STA,WIFI_DROP,
15.904,14,STA,WIFI_DROP,
15.9064,10,STA,WIFI_DROP,
15.9064,12,STA,WIFI_DROP,
15.9064,13,STA,WIFI_DROP,
15.9064,14,STA,WIFI_DROP,
15.9088,10,STA,WIFI_DROP,
15.9088,12,STA,WIFI_DROP,
15.9088,13,STA,WIFI_DROP,
15.9088,14,STA,WIFI_DROP,
15.9112,10,STA,WIFI_DROP,
15.9112,12,STA,WIFI_DROP,
15.9112,13,STA,WIFI_DROP,
15.9112,14,STA,WIFI_DROP,
15.9136,10,STA,WIFI_DROP,
15.9136,12,STA,WIFI_DROP,
15.9136,13,STA,WIFI_DROP,
15.9136,14,STA,WIFI_DROP,
15.916,10,STA,WIFI_DROP,
15.916,12,STA,WIFI_DROP,
15.916,13,STA,WIFI_DROP,
15.916,14,STA,WIFI_DROP,
15.9184,10,STA,WIFI_DROP,
15.9184,12,STA,WIFI_DROP,
15.9184,13,STA,WIFI_DROP,
15.9184,14,STA,WIFI_DROP,
15.9208,10,STA,WIFI_DROP,
15.9208,12,STA,WIFI_DROP,
15.9208,13,STA,WIFI_DROP,
15.9208,14,STA,WIFI_DROP,
15.9232,10,STA,WIFI_DROP,
15.9232,12,STA,WIFI_DROP,
15.9232,13,STA,WIFI_DROP,
15.9232,14,STA,WIFI_DROP,
15.9256,10,STA,WIFI_DROP,
15.9256,12,STA,WIFI_DROP,
15.9256,13,STA,WIFI_DROP,
15.9256,14,STA,WIFI_DROP,
15.928,10,STA,WIFI_DROP,
15.928,12,STA,WIFI_DROP,
15.928,13,STA,WIFI_DROP,
15.928,14,STA,WIFI_DROP,
15.9304,10,STA,WIFI_DROP,
15.9304,12,STA,WIFI_DROP,
15.9304,13,STA,WIFI_DROP,
15.9304,14,STA,WIFI_DROP,
15.9328,10,STA,WIFI_DROP,
15.9328,12,STA,WIFI_DROP,
15.9328,13,STA,WIFI_DROP,
15.9328,14,STA,WIFI_DROP,
15.9352,10,STA,WIFI_DROP,
15.9352,12,STA,WIFI_DROP,
15.9352,13,STA,WIFI_DROP,
15.9376,10,STA,WIFI_DROP,
15.9376,12,STA,WIFI_DROP,
15.9376,13,STA,WIFI_DROP,
15.94,10,STA,WIFI_DROP,
15.94,12,STA,WIFI_DROP,
15.94,13,STA,WIFI_DROP,
15.9424,10,STA,WIFI_DROP,
15.9424,12,STA,WIFI_DROP,
15.9424,13,STA,WIFI_DROP,
15.9448,10,STA,WIFI_DROP,
15.9448,12,STA,WIFI_DROP,
15.9448,13,STA,WIFI_DROP,
15.9472,10,STA,WIFI_DROP,
15.9472,12,STA,WIFI_DROP,
15.9472,13,STA,WIFI_DROP,
15.9496,10,STA,WIFI_DROP,
15.9496,12,STA,WIFI_DROP,
15.9496,13,STA,WIFI_DROP,
15.952,10,STA,WIFI_DROP,
15.952,12,STA,WIFI_DROP,
15.952,13,STA,WIFI_DROP,
15.9544,10,STA,WIFI_DROP,
15.9544,12,STA,WIFI_DROP,
15.9544,13,STA,WIFI_DROP,
15.9568,10,STA,WIFI_DROP,
15.9568,12,STA,WIFI_DROP,
15.9568,13,STA,WIFI_DROP,
15.9592,10,STA,WIFI_DROP,
15.9592,12,STA,WIFI_DROP,
15.9592,13,STA,WIFI_DROP,
15.9616,10,STA,WIFI_DROP,
15.9616,12,STA,WIFI_DROP,
15.9616,13,STA,WIFI_DROP,
15.964,10,STA,WIFI_DROP,
15.964,12,STA,WIFI_DROP,
15.964,13,STA,WIFI_DROP,
15.9664,10,STA,WIFI_DROP,
15.9664,12,STA,WIFI_DROP,
15.9664,13,STA,WIFI_DROP,
15.9688,10,STA,WIFI_DROP,
15.9688,12,STA,WIFI_DROP,
15.9688,13,STA,WIFI_DROP,
15.9712,10,STA,WIFI_DROP,
15.9712,12,STA,WIFI_DROP,
15.9712,13,STA,WIFI_DROP,
15.9736,10,STA,WIFI_DROP,
15.9736,12,STA,WIFI_DROP,
15.9736,13,STA,WIFI_DROP,
15.976,10,STA,WIFI_DROP,
15.976,12,STA,WIFI_DROP,
15.976,13,STA,WIFI_DROP,
15.9784,10,STA,WIFI_DROP,
15.9784,12,STA,WIFI_DROP,
15.9784,13,STA,WIFI_DROP,
15.9808,10,STA,WIFI_DROP,
15.9808,12,STA,WIFI_DROP,
15.9808,13,STA,WIFI_DROP,
15.9832,10,STA,WIFI_DROP,
15.9832,12,STA,WIFI_DROP,
15.9832,13,STA,WIFI_DROP,
15.9856,10,STA,WIFI_DROP,
15.9856,12,STA,WIFI_DROP,
15.9856,13,STA,WIFI_DROP,
15.988,10,STA,WIFI_DROP,
15.988,12,STA,WIFI_DROP,
15.988,13,STA,WIFI_DROP,
15.9904,10,STA,WIFI_DROP,
15.9904,12,STA,WIFI_DROP,
15.9904,13,STA,WIFI_DROP,
15.9928,10,STA,WIFI_DROP,
15.9928,12,STA,WIFI_DROP,
15.9928,13,STA,WIFI_DROP,
15.9952,10,STA,WIFI_DROP,
15.9952,12,STA,WIFI_DROP,
15.9952,13,STA,WIFI_DROP,
15.9976,10,STA,WIFI_DROP,
15.9976,12,STA,WIFI_DROP,
15.9976,13,STA,WIFI_DROP,
16,2,STA,THROUGHPUT_MBPS,4.428000
16,3,STA,THROUGHPUT_MBPS,1.860000
16,5,STA,THROUGHPUT_MBPS,2.508000
16,7,STA,THROUGHPUT_MBPS,1.740000
16,8,STA,THROUGHPUT_MBPS,5.640000
16,9,STA,THROUGHPUT_MBPS,1.560000
16,11,STA,THROUGHPUT_MBPS,2.316000
16,13,STA,THROUGHPUT_MBPS,1.128000
16,14,STA,THROUGHPUT_MBPS,3.564000
16,15,STA,THROUGHPUT_MBPS,2.016000
16,16,STA,THROUGHPUT_MBPS,2.676000
16,18,STA,THROUGHPUT_MBPS,3.924000
16,21,STA,THROUGHPUT_MBPS,2.088000
16,1,AP,AGGREGATE_THROUGHPUT_MBPS,35.448000
16,1,AP,SENT_COUNT,8320.000000
16,1,AP,RECV_COUNT,2954.000000
16,1,AP,LATENCY_P95_MS,552.577423
16,10,STA,WIFI_DROP,
16,12,STA,WIFI_DROP,
16,13,STA,WIFI_DROP,
16.0024,10,STA,WIFI_DROP,
16.0024,12,STA,WIFI_DROP,
16.0024,13,STA,WIFI_DROP,
16.0048,10,STA,WIFI_DROP,
16.0048,12,STA,WIFI_DROP,
16.0048,13,STA,WIFI_DROP,
16.0072,10,STA,WIFI_DROP,
16.0072,12,STA,WIFI_DROP,
16.0072,13,STA,WIFI_DROP,
16.0096,10,STA,WIFI_DROP,
16.0096,12,STA,WIFI_DROP,
16.0096,13,STA,WIFI_DROP,
16.012,10,STA,WIFI_DROP,
16.012,12,STA,WIFI_DROP,
16.012,13,STA,WIFI_DROP,
16.0144,10,STA,WIFI_DROP,
16.0144,12,STA,WIFI_DROP,
16.0144,13,STA,WIFI_DROP,
16.0168,10,STA,WIFI_DROP,
16.0168,12,STA,WIFI_DROP,
16.0168,13,STA,WIFI_DROP,
16.0192,10,STA,WIFI_DROP,
16.0192,12,STA,WIFI_DROP,
16.0192,13,STA,WIFI_DROP,
16.0216,10,STA,WIFI_DROP,
16.0216,12,STA,WIFI_DROP,
16.0216,13,STA,WIFI_DROP,
16.024,10,STA,WIFI_DROP,
16.024,12,STA,WIFI_DROP,
16.024,13,STA,WIFI_DROP,
16.0264,10,STA,WIFI_DROP,
16.0264,12,STA,WIFI_DROP,
16.0264,13,STA,WIFI_DROP,
16.0288,10,STA,WIFI_DROP,
16.0288,12,STA,WIFI_DROP,
16.0288,13,STA,WIFI_DROP,
16.0312,10,STA,WIFI_DROP,
16.0312,12,STA,WIFI_DROP,
16.0312,13,STA,WIFI_DROP,
16.0336,12,STA,WIFI_DROP,
16.0336,13,STA,WIFI_DROP,
16.036,12,STA,WIFI_DROP,
16.036,13,STA,WIFI_DROP,
16.0384,12,STA,WIFI_DROP,
16.0384,13,STA,WIFI_DROP,
16.0408,12,STA,WIFI_DROP,
16.0408,13,STA,WIFI_DROP,
16.0432,12,STA,WIFI_DROP,
16.0432,13,STA,WIFI_DROP,
16.0456,12,STA,WIFI_DROP,
16.0456,13,STA,WIFI_DROP,
16.048,12,STA,WIFI_DROP,
16.048,13,STA,WIFI_DROP,
16.0504,12,STA,WIFI_DROP,
16.0504,13,STA,WIFI_DROP,
16.0528,12,STA,WIFI_DROP,
16.0528,13,STA,WIFI_DROP,
16.0552,12,STA,WIFI_DROP,
16.0552,13,STA,WIFI_DROP,
16.0576,12,STA,WIFI_DROP,
16.0576,13,STA,WIFI_DROP,
16.06,12,STA,WIFI_DROP,
16.06,13,STA,WIFI_DROP,
16.0624,12,STA,WIFI_DROP,
16.0624,13,STA,WIFI_DROP,
16.0648,12,STA,WIFI_DROP,
16.0648,13,STA,WIFI_DROP,
16.0672,12,STA,WIFI_DROP,
16.0672,13,STA,WIFI_DROP,
16.0696,12,STA,WIFI_DROP,
16.0696,13,STA,WIFI_DROP,
16.072,12,STA,WIFI_DROP,
16.072,13,STA,WIFI_DROP,
16.0744,12,STA,WIFI_DROP,
16.0744,13,STA,WIFI_DROP,
16.0768,12,STA,WIFI_DROP,
16.0768,13,STA,WIFI_DROP,
16.0792,12,STA,WIFI_DROP,
16.0792,13,STA,WIFI_DROP,
16.0816,12,STA,WIFI_DROP,
16.0816,13,STA,WIFI_DROP,
16.084,12,STA,WIFI_DROP,
16.084,13,STA,WIFI_DROP,
16.0864,12,STA,WIFI_DROP,
16.0864,13,STA,WIFI_DROP,
16.0888,12,STA,WIFI_DROP,
16.0888,13,STA,WIFI_DROP,
16.0912,12,STA,WIFI_DROP,
16.0912,13,STA,WIFI_DROP,
16.0936,12,STA,WIFI_DROP,
16.0936,13,STA,WIFI_DROP,
16.096,12,STA,WIFI_DROP,
16.096,13,STA,WIFI_DROP,
16.0984,12,STA,WIFI_DROP,
16.0984,13,STA,WIFI_DROP,
16.1008,12,STA,WIFI_DROP,
16.1008,13,STA,WIFI_DROP,
16.1032,12,STA,WIFI_DROP,
16.1032,13,STA,WIFI_DROP,
16.1056,12,STA,WIFI_DROP,
16.1056,13,STA,WIFI_DROP,
16.108,12,STA,WIFI_DROP,
16.108,13,STA,WIFI_DROP,
16.1104,12,STA,WIFI_DROP,
16.1104,13,STA,WIFI_DROP,
16.1128,12,STA,WIFI_DROP,
16.1128,13,STA,WIFI_DROP,
16.1152,12,STA,WIFI_DROP,
16.1152,13,STA,WIFI_DROP,
16.1176,12,STA,WIFI_DROP,
16.1176,13,STA,WIFI_DROP,
16.12,12,STA,WIFI_DROP,
16.12,13,STA,WIFI_DROP,
16.1224,12,STA,WIFI_DROP,
16.1224,13,STA,WIFI_DROP,
16.1248,12,STA,WIFI_DROP,
16.1248,13,STA,WIFI_DROP,
16.1272,12,STA,WIFI_DROP,
16.1272,13,STA,WIFI_DROP,
16.1296,12,STA,WIFI_DROP,
16.1296,13,STA,WIFI_DROP,
16.132,12,STA,WIFI_DROP,
16.132,13,STA,WIFI_DROP,
16.1344,12,STA,WIFI_DROP,
16.1344,13,STA,WIFI_DROP,
16.1368,12,STA,WIFI_DROP,
16.1368,13,STA,WIFI_DROP,
16.1392,12,STA,WIFI_DROP,
16.1392,13,STA,WIFI_DROP,
16.1416,12,STA,WIFI_DROP,
16.1416,13,STA,WIFI_DROP,
16.144,12,STA,WIFI_DROP,
16.144,13,STA,WIFI_DROP,
16.1464,12,STA,WIFI_DROP,
16.1464,13,STA,WIFI_DROP,
16.1488,12,STA,WIFI_DROP,
16.1488,13,STA,WIFI_DROP,
16.1512,12,STA,WIFI_DROP,
16.1512,13,STA,WIFI_DROP,
16.1536,12,STA,WIFI_DROP,
16.1536,13,STA,WIFI_DROP,
16.156,12,STA,WIFI_DROP,
16.156,13,STA,WIFI_DROP,
16.1584,12,STA,WIFI_DROP,
16.1584,13,STA,WIFI_DROP,
16.1608,12,STA,WIFI_DROP,
16.1608,13,STA,WIFI_DROP,
16.1632,12,STA,WIFI_DROP,
16.1632,13,STA,WIFI_DROP,
16.1656,12,STA,WIFI_DROP,
16.1656,13,STA,WIFI_DROP,
16.168,12,STA,WIFI_DROP,
16.168,13,STA,WIFI_DROP,
16.1704,12,STA,WIFI_DROP,
16.1704,13,STA,WIFI_DROP,
16.1728,12,STA,WIFI_DROP,
16.1728,13,STA,WIFI_DROP,
16.1752,12,STA,WIFI_DROP,
16.1752,13,STA,WIFI_DROP,
16.1776,12,STA,WIFI_DROP,
16.1776,13,STA,WIFI_DROP,
16.18,12,STA,WIFI_DROP,
16.18,13,STA,WIFI_DROP,
16.1824,12,STA,WIFI_DROP,
16.1824,13,STA,WIFI_DROP,
16.1848,12,STA,WIFI_DROP,
16.1848,13,STA,WIFI_DROP,
16.1872,12,STA,WIFI_DROP,
16.1872,13,STA,WIFI_DROP,
16.1896,12,STA,WIFI_DROP,
16.1896,13,STA,WIFI_DROP,
16.192,12,STA,WIFI_DROP,
16.192,13,STA,WIFI_DROP,
16.1944,12,STA,WIFI_DROP,
16.1944,13,STA,WIFI_DROP,
16.1968,12,STA,WIFI_DROP,
16.1968,13,STA,WIFI_DROP,
16.1992,12,STA,WIFI_DROP,
16.1992,13,STA,WIFI_DROP,
16.2016,12,STA,WIFI_DROP,
16.2016,13,STA,WIFI_DROP,
16.204,12,STA,WIFI_DROP,
16.204,13,STA,WIFI_DROP,
16.2064,12,STA,WIFI_DROP,
16.2064,13,STA,WIFI_DROP,
16.2088,12,STA,WIFI_DROP,
16.2088,13,STA,WIFI_DROP,
16.2112,12,STA,WIFI_DROP,
16.2112,13,STA,WIFI_DROP,
16.2136,12,STA,WIFI_DROP,
16.2136,13,STA,WIFI_DROP,
16.216,12,STA,WIFI_DROP,
16.216,13,STA,WIFI_DROP,
16.2184,12,STA,WIFI_DROP,
16.2184,13,STA,WIFI_DROP,
16.2208,12,STA,WIFI_DROP,
16.2208,13,STA,WIFI_DROP,
16.2232,12,STA,WIFI_DROP,
16.2232,13,STA,WIFI_DROP,
16.2256,12,STA,WIFI_DROP,
16.2256,13,STA,WIFI_DROP,
16.228,12,STA,WIFI_DROP,
16.228,13,STA,WIFI_DROP,
16.2304,12,STA,WIFI_DROP,
16.2304,13,STA,WIFI_DROP,
16.2328,12,STA,WIFI_DROP,
16.2328,13,STA,WIFI_DROP,
16.2352,12,STA,WIFI_DROP,
16.2352,13,STA,WIFI_DROP,
16.2376,12,STA,WIFI_DROP,
16.2376,13,STA,WIFI_DROP,
16.24,12,STA,WIFI_DROP,
16.24,13,STA,WIFI_DROP,
16.2424,12,STA,WIFI_DROP,
16.2424,13,STA,WIFI_DROP,
16.2448,12,STA,WIFI_DROP,
16.2448,13,STA,WIFI_DROP,
16.2472,12,STA,WIFI_DROP,
16.2472,13,STA,WIFI_DROP,
16.2496,12,STA,WIFI_DROP,
16.2496,13,STA,WIFI_DROP,
16.252,12,STA,WIFI_DROP,
16.252,13,STA,WIFI_DROP,
16.2544,12,STA,WIFI_DROP,
16.2544,13,STA,WIFI_DROP,
16.2568,12,STA,WIFI_DROP,
16.2568,13,STA,WIFI_DROP,
16.2592,12,STA,WIFI_DROP,
16.2592,13,STA,WIFI_DROP,
16.2616,12,STA,WIFI_DROP,
16.2616,13,STA,WIFI_DROP,
16.264,12,STA,WIFI_DROP,
16.264,13,STA,WIFI_DROP,
16.2664,12,STA,WIFI_DROP,
16.2664,13,STA,WIFI_DROP,
16.2688,12,STA,WIFI_DROP,
16.2688,13,STA,WIFI_DROP,
16.2712,12,STA,WIFI_DROP,
16.2712,13,STA,WIFI_DROP,
16.2736,12,STA,WIFI_DROP,
16.2736,13,STA,WIFI_DROP,
16.276,12,STA,WIFI_DROP,
16.276,13,STA,WIFI_DROP,
16.2784,12,STA,WIFI_DROP,
16.2784,13,STA,WIFI_DROP,
16.2808,12,STA,WIFI_DROP,
16.2808,13,STA,WIFI_DROP,
16.2832,12,STA,WIFI_DROP,
16.2832,13,STA,WIFI_DROP,
16.2856,12,STA,WIFI_DROP,
16.2856,13,STA,WIFI_DROP,
16.288,12,STA,WIFI_DROP,
16.288,13,STA,WIFI_DROP,
16.2904,12,STA,WIFI_DROP,
16.2904,13,STA,WIFI_DROP,
16.2928,12,STA,WIFI_DROP,
16.2928,13,STA,WIFI_DROP,
16.2952,12,STA,WIFI_DROP,
16.2952,13,STA,WIFI_DROP,
16.2976,12,STA,WIFI_DROP,
16.2976,13,STA,WIFI_DROP,
16.3,12,STA,WIFI_DROP,
16.3,13,STA,WIFI_DROP,
16.3024,12,STA,WIFI_DROP,
16.3024,13,STA,WIFI_DROP,
16.3048,12,STA,WIFI_DROP,
16.3048,13,STA,WIFI_DROP,
16.3072,12,STA,WIFI_DROP,
16.3072,13,STA,WIFI_DROP,
16.3096,12,STA,WIFI_DROP,
16.3096,13,STA,WIFI_DROP,
16.312,12,STA,WIFI_DROP,
16.312,13,STA,WIFI_DROP,
16.3144,12,STA,WIFI_DROP,
16.3144,13,STA,WIFI_DROP,
16.3168,12,STA,WIFI_DROP,
16.3168,13,STA,WIFI_DROP,
16.3192,12,STA,WIFI_DROP,
16.3192,13,STA,WIFI_DROP,
16.3216,12,STA,WIFI_DROP,
16.3216,13,STA,WIFI_DROP,
16.324,12,STA,WIFI_DROP,
16.324,13,STA,WIFI_DROP,
16.3264,12,STA,WIFI_DROP,
16.3264,13,STA,WIFI_DROP,
16.3288,12,STA,WIFI_DROP,
16.3288,13,STA,WIFI_DROP,
16.3312,12,STA,WIFI_DROP,
16.3312,13,STA,WIFI_DROP,
16.3336,12,STA,WIFI_DROP,
16.3336,13,STA,WIFI_DROP,
16.336,12,STA,WIFI_DROP,
16.336,13,STA,WIFI_DROP,
16.3384,12,STA,WIFI_DROP,
16.3384,13,STA,WIFI_DROP,
16.3408,12,STA,WIFI_DROP,
16.3408,13,STA,WIFI_DROP,
16.3432,12,STA,WIFI_DROP,
16.3432,13,STA,WIFI_DROP,
16.3456,12,STA,WIFI_DROP,
16.3456,13,STA,WIFI_DROP,
16.348,12,STA,WIFI_DROP,
16.348,13,STA,WIFI_DROP,
16.3504,12,STA,WIFI_DROP,
16.3504,13,STA,WIFI_DROP,
16.3528,12,STA,WIFI_DROP,
16.3528,13,STA,WIFI_DROP,
16.3552,12,STA,WIFI_DROP,
16.3552,13,STA,WIFI_DROP,
16.3576,12,STA,WIFI_DROP,
16.3576,13,STA,WIFI_DROP,
16.36,12,STA,WIFI_DROP,
16.36,13,STA,WIFI_DROP,
16.3624,12,STA,WIFI_DROP,
16.3624,13,STA,WIFI_DROP,
16.3648,12,STA,WIFI_DROP,
16.3648,13,STA,WIFI_DROP,
16.3672,12,STA,WIFI_DROP,
16.3672,13,STA,WIFI_DROP,
16.3696,12,STA,WIFI_DROP,
16.3696,13,STA,WIFI_DROP,
16.372,12,STA,WIFI_DROP,
16.372,13,STA,WIFI_DROP,
16.3744,12,STA,WIFI_DROP,
16.3744,13,STA,WIFI_DROP,
16.3768,12,STA,WIFI_DROP,
16.3768,13,STA,WIFI_DROP,
16.3792,12,STA,WIFI_DROP,
16.3792,13,STA,WIFI_DROP,
16.3816,12,STA,WIFI_DROP,
16.3816,13,STA,WIFI_DROP,
16.384,12,STA,WIFI_DROP,
16.384,13,STA,WIFI_DROP,
16.3864,12,STA,WIFI_DROP,
16.3864,13,STA,WIFI_DROP,
16.3888,12,STA,WIFI_DROP,
16.3888,13,STA,WIFI_DROP,
16.3912,12,STA,WIFI_DROP,
16.3912,13,STA,WIFI_DROP,
16.3936,12,STA,WIFI_DROP,
16.3936,13,STA,WIFI_DROP,
16.396,12,STA,WIFI_DROP,
16.396,13,STA,WIFI_DROP,
16.3984,12,STA,WIFI_DROP,
16.3984,13,STA,WIFI_DROP,
16.4008,12,STA,WIFI_DROP,
16.4008,13,STA,WIFI_DROP,
16.4032,12,STA,WIFI_DROP,
16.4032,13,STA,WIFI_DROP,
16.4056,12,STA,WIFI_DROP,
16.4056,13,STA,WIFI_DROP,
16.408,12,STA,WIFI_DROP,
16.408,13,STA,WIFI_DROP,
16.4104,12,STA,WIFI_DROP,
16.4104,13,STA,WIFI_DROP,
16.4128,12,STA,WIFI_DROP,
16.4128,13,STA,WIFI_DROP,
16.4152,12,STA,WIFI_DROP,
16.4152,13,STA,WIFI_DROP,
16.4176,12,STA,WIFI_DROP,
16.4176,13,STA,WIFI_DROP,
16.42,12,STA,WIFI_DROP,
16.42,13,STA,WIFI_DROP,
16.4224,12,STA,WIFI_DROP,
16.4224,13,STA,WIFI_DROP,
16.4248,12,STA,WIFI_DROP,
16.4248,13,STA,WIFI_DROP,
16.4272,12,STA,WIFI_DROP,
16.4272,13,STA,WIFI_DROP,
16.4296,12,STA,WIFI_DROP,
16.4296,13,STA,WIFI_DROP,
16.432,12,STA,WIFI_DROP,
16.432,13,STA,WIFI_DROP,
16.4344,12,STA,WIFI_DROP,
16.4344,13,STA,WIFI_DROP,
16.4368,12,STA,WIFI_DROP,
16.4368,13,STA,WIFI_DROP,
16.4392,12,STA,WIFI_DROP,
16.4392,13,STA,WIFI_DROP,
16.4416,12,STA,WIFI_DROP,
16.4416,13,STA,WIFI_DROP,
16.444,12,STA,WIFI_DROP,
16.444,13,STA,WIFI_DROP,
16.4464,12,STA,WIFI_DROP,
16.4464,13,STA,WIFI_DROP,
16.4488,12,STA,WIFI_DROP,
16.4488,13,STA,WIFI_DROP,
16.4512,12,STA,WIFI_DROP,
16.4512,13,STA,WIFI_DROP,
16.4536,12,STA,WIFI_DROP,
16.4536,13,STA,WIFI_DROP,
16.456,12,STA,WIFI_DROP,
16.456,13,STA,WIFI_DROP,
16.4584,12,STA,WIFI_DROP,
16.4584,13,STA,WIFI_DROP,
16.4608,12,STA,WIFI_DROP,
16.4608,13,STA,WIFI_DROP,
16.4632,12,STA,WIFI_DROP,
16.4632,13,STA,WIFI_DROP,
16.4656,12,STA,WIFI_DROP,
16.4656,13,STA,WIFI_DROP,
16.468,12,STA,WIFI_DROP,
16.468,13,STA,WIFI_DROP,
16.4704,12,STA,WIFI_DROP,
16.4704,13,STA,WIFI_DROP,
16.4728,12,STA,WIFI_DROP,
16.4728,13,STA,WIFI_DROP,
16.4752,12,STA,WIFI_DROP,
16.4752,13,STA,WIFI_DROP,
16.4776,12,STA,WIFI_DROP,
16.4776,13,STA,WIFI_DROP,
16.48,12,STA,WIFI_DROP,
16.48,13,STA,WIFI_DROP,
16.4824,12,STA,WIFI_DROP,
16.4824,13,STA,WIFI_DROP,
16.4848,12,STA,WIFI_DROP,
16.4848,13,STA,WIFI_DROP,
16.4872,12,STA,WIFI_DROP,
16.4872,13,STA,WIFI_DROP,
16.4896,12,STA,WIFI_DROP,
16.4896,13,STA,WIFI_DROP,
16.492,12,STA,WIFI_DROP,
16.492,13,STA,WIFI_DROP,
16.4944,12,STA,WIFI_DROP,
16.4944,13,STA,WIFI_DROP,
16.4968,12,STA,WIFI_DROP,
16.4968,13,STA,WIFI_DROP,
16.4992,12,STA,WIFI_DROP,
16.4992,13,STA,WIFI_DROP,
16.5016,12,STA,WIFI_DROP,
16.5016,13,STA,WIFI_DROP,
16.504,12,STA,WIFI_DROP,
16.504,13,STA,WIFI_DROP,
16.5064,12,STA,WIFI_DROP,
16.5064,13,STA,WIFI_DROP,
16.5088,12,STA,WIFI_DROP,
16.5088,13,STA,WIFI_DROP,
16.5112,12,STA,WIFI_DROP,
16.5112,13,STA,WIFI_DROP,
16.5136,12,STA,WIFI_DROP,
16.5136,13,STA,WIFI_DROP,
16.516,12,STA,WIFI_DROP,
16.516,13,STA,WIFI_DROP,
16.5184,12,STA,WIFI_DROP,
16.5184,13,STA,WIFI_DROP,
16.5208,12,STA,WIFI_DROP,
16.5208,13,STA,WIFI_DROP,
16.5232,12,STA,WIFI_DROP,
16.5232,13,STA,WIFI_DROP,
16.5256,12,STA,WIFI_DROP,
16.5256,13,STA,WIFI_DROP,
16.528,12,STA,WIFI_DROP,
16.528,13,STA,WIFI_DROP,
16.5304,12,STA,WIFI_DROP,
16.5304,13,STA,WIFI_DROP,
16.5328,12,STA,WIFI_DROP,
16.5328,13,STA,WIFI_DROP,
16.5352,12,STA,WIFI_DROP,
16.5352,13,STA,WIFI_DROP,
16.5376,12,STA,WIFI_DROP,
16.5376,13,STA,WIFI_DROP,
16.54,12,STA,WIFI_DROP,
16.54,13,STA,WIFI_DROP,
16.5424,12,STA,WIFI_DROP,
16.5424,13,STA,WIFI_DROP,
16.5448,12,STA,WIFI_DROP,
16.5448,13,STA,WIFI_DROP,
16.5472,12,STA,WIFI_DROP,
16.5472,13,STA,WIFI_DROP,
16.5496,12,STA,WIFI_DROP,
16.5496,13,STA,WIFI_DROP,
16.552,12,STA,WIFI_DROP,
16.552,13,STA,WIFI_DROP,
16.5544,12,STA,WIFI_DROP,
16.5544,13,STA,WIFI_DROP,
16.5568,12,STA,WIFI_DROP,
16.5568,13,STA,WIFI_DROP,
16.5592,12,STA,WIFI_DROP,
16.5592,13,STA,WIFI_DROP,
16.5616,12,STA,WIFI_DROP,
16.5616,13,STA,WIFI_DROP,
16.564,12,STA,WIFI_DROP,
16.564,13,STA,WIFI_DROP,
16.5664,12,STA,WIFI_DROP,
16.5664,13,STA,WIFI_DROP,
16.5688,12,STA,WIFI_DROP,
16.5688,13,STA,WIFI_DROP,
16.5712,12,STA,WIFI_DROP,
16.5712,13,STA,WIFI_DROP,
16.5736,12,STA,WIFI_DROP,
16.5736,13,STA,WIFI_DROP,
16.576,12,STA,WIFI_DROP,
16.576,13,STA,WIFI_DROP,
16.5784,12,STA,WIFI_DROP,
16.5784,13,STA,WIFI_DROP,
16.5808,12,STA,WIFI_DROP,
16.5808,13,STA,WIFI_DROP,
16.5832,12,STA,WIFI_DROP,
16.5832,13,STA,WIFI_DROP,
16.5856,12,STA,WIFI_DROP,
16.5856,13,STA,WIFI_DROP,
16.588,12,STA,WIFI_DROP,
16.588,13,STA,WIFI_DROP,
16.5904,12,STA,WIFI_DROP,
16.5904,13,STA,WIFI_DROP,
16.5928,12,STA,WIFI_DROP,
16.5928,13,STA,WIFI_DROP,
16.5952,12,STA,WIFI_DROP,
16.5952,13,STA,WIFI_DROP,
16.5976,12,STA,WIFI_DROP,
16.5976,13,STA,WIFI_DROP,
16.6,12,STA,WIFI_DROP,
16.6,13,STA,WIFI_DROP,
16.6024,12,STA,WIFI_DROP,
16.6024,13,STA,WIFI_DROP,
16.6048,12,STA,WIFI_DROP,
16.6048,13,STA,WIFI_DROP,
16.6072,12,STA,WIFI_DROP,
16.6072,13,STA,WIFI_DROP,
16.6096,12,STA,WIFI_DROP,
16.6096,13,STA,WIFI_DROP,
16.612,12,STA,WIFI_DROP,
16.612,13,STA,WIFI_DROP,
16.6144,12,STA,WIFI_DROP,
16.6144,13,STA,WIFI_DROP,
16.6168,12,STA,WIFI_DROP,
16.6168,13,STA,WIFI_DROP,
16.6192,12,STA,WIFI_DROP,
16.6192,13,STA,WIFI_DROP,
16.6216,12,STA,WIFI_DROP,
16.6216,13,STA,WIFI_DROP,
16.624,12,STA,WIFI_DROP,
16.624,13,STA,WIFI_DROP,
16.6264,12,STA,WIFI_DROP,
16.6264,13,STA,WIFI_DROP,
16.6288,12,STA,WIFI_DROP,
16.6288,13,STA,WIFI_DROP,
16.6312,12,STA,WIFI_DROP,
16.6312,13,STA,WIFI_DROP,
16.6336,12,STA,WIFI_DROP,
16.6336,13,STA,WIFI_DROP,
16.636,12,STA,WIFI_DROP,
16.636,13,STA,WIFI_DROP,
16.6384,12,STA,WIFI_DROP,
16.6384,13,STA,WIFI_DROP,
16.6408,12,STA,WIFI_DROP,
16.6408,13,STA,WIFI_DROP,
16.6432,12,STA,WIFI_DROP,
16.6432,13,STA,WIFI_DROP,
16.6456,12,STA,WIFI_DROP,
16.6456,13,STA,WIFI_DROP,
16.648,12,STA,WIFI_DROP,
16.648,13,STA,WIFI_DROP,
16.6504,12,STA,WIFI_DROP,
16.6504,13,STA,WIFI_DROP,
16.6528,12,STA,WIFI_DROP,
16.6528,13,STA,WIFI_DROP,
16.6552,12,STA,WIFI_DROP,
16.6552,13,STA,WIFI_DROP,
16.6576,12,STA,WIFI_DROP,
16.6576,13,STA,WIFI_DROP,
16.66,12,STA,WIFI_DROP,
16.66,13,STA,WIFI_DROP,
16.6624,12,STA,WIFI_DROP,
16.6624,13,STA,WIFI_DROP,
16.6648,12,STA,WIFI_DROP,
16.6648,13,STA,WIFI_DROP,
16.6672,12,STA,WIFI_DROP,
16.6672,13,STA,WIFI_DROP,
16.6696,12,STA,WIFI_DROP,
16.6696,13,STA,WIFI_DROP,
16.672,12,STA,WIFI_DROP,
16.672,13,STA,WIFI_DROP,
16.6744,12,STA,WIFI_DROP,
16.6744,13,STA,WIFI_DROP,
16.6768,12,STA,WIFI_DROP,
16.6768,13,STA,WIFI_DROP,
16.6792,12,STA,WIFI_DROP,
16.6792,13,STA,WIFI_DROP,
16.6816,12,STA,WIFI_DROP,
16.6816,13,STA,WIFI_DROP,
16.684,12,STA,WIFI_DROP,
16.684,13,STA,WIFI_DROP,
16.6864,12,STA,WIFI_DROP,
16.6864,13,STA,WIFI_DROP,
16.6888,12,STA,WIFI_DROP,
16.6888,13,STA,WIFI_DROP,
16.6912,12,STA,WIFI_DROP,
16.6912,13,STA,WIFI_DROP,
16.6936,12,STA,WIFI_DROP,
16.6936,13,STA,WIFI_DROP,
16.696,12,STA,WIFI_DROP,
16.696,13,STA,WIFI_DROP,
16.6984,12,STA,WIFI_DROP,
16.6984,13,STA,WIFI_DROP,
16.7008,12,STA,WIFI_DROP,
16.7008,13,STA,WIFI_DROP,
16.7032,12,STA,WIFI_DROP,
16.7032,13,STA,WIFI_DROP,
16.7056,12,STA,WIFI_DROP,
16.7056,13,STA,WIFI_DROP,
16.708,12,STA,WIFI_DROP,
16.708,13,STA,WIFI_DROP,
16.7104,12,STA,WIFI_DROP,
16.7104,13,STA,WIFI_DROP,
16.7128,12,STA,WIFI_DROP,
16.7128,13,STA,WIFI_DROP,
16.7152,12,STA,WIFI_DROP,
16.7152,13,STA,WIFI_DROP,
16.7176,12,STA,WIFI_DROP,
16.7176,13,STA,WIFI_DROP,
16.72,12,STA,WIFI_DROP,
16.72,13,STA,WIFI_DROP,
16.7224,12,STA,WIFI_DROP,
16.7224,13,STA,WIFI_DROP,
16.7248,12,STA,WIFI_DROP,
16.7248,13,STA,WIFI_DROP,
16.7272,12,STA,WIFI_DROP,
16.7272,13,STA,WIFI_DROP,
16.7296,12,STA,WIFI_DROP,
16.7296,13,STA,WIFI_DROP,
16.732,12,STA,WIFI_DROP,
16.732,13,STA,WIFI_DROP,
16.7344,12,STA,WIFI_DROP,
16.7344,13,STA,WIFI_DROP,
16.7368,12,STA,WIFI_DROP,
16.7368,13,STA,WIFI_DROP,
16.7392,12,STA,WIFI_DROP,
16.7392,13,STA,WIFI_DROP,
16.7416,12,STA,WIFI_DROP,
16.7416,13,STA,WIFI_DROP,
16.744,12,STA,WIFI_DROP,
16.744,13,STA,WIFI_DROP,
16.7464,12,STA,WIFI_DROP,
16.7464,13,STA,WIFI_DROP,
16.7488,12,STA,WIFI_DROP,
16.7488,13,STA,WIFI_DROP,
16.7512,12,STA,WIFI_DROP,
16.7512,13,STA,WIFI_DROP,
16.7536,12,STA,WIFI_DROP,
16.7536,13,STA,WIFI_DROP,
16.756,12,STA,WIFI_DROP,
16.756,13,STA,WIFI_DROP,
16.7584,12,STA,WIFI_DROP,
16.7584,13,STA,WIFI_DROP,
16.7608,12,STA,WIFI_DROP,
16.7608,13,STA,WIFI_DROP,
16.7632,12,STA,WIFI_DROP,
16.7632,13,STA,WIFI_DROP,
16.7656,12,STA,WIFI_DROP,
16.7656,13,STA,WIFI_DROP,
16.768,12,STA,WIFI_DROP,
16.768,13,STA,WIFI_DROP,
16.7704,12,STA,WIFI_DROP,
16.7704,13,STA,WIFI_DROP,
16.7728,12,STA,WIFI_DROP,
16.7728,13,STA,WIFI_DROP,
16.7752,12,STA,WIFI_DROP,
16.7752,13,STA,WIFI_DROP,
16.7776,12,STA,WIFI_DROP,
16.7776,13,STA,WIFI_DROP,
16.78,12,STA,WIFI_DROP,
16.78,13,STA,WIFI_DROP,
16.7824,12,STA,WIFI_DROP,
16.7824,13,STA,WIFI_DROP,
16.7848,12,STA,WIFI_DROP,
16.7848,13,STA,WIFI_DROP,
16.7872,12,STA,WIFI_DROP,
16.7872,13,STA,WIFI_DROP,
16.7896,12,STA,WIFI_DROP,
16.7896,13,STA,WIFI_DROP,
16.792,12,STA,WIFI_DROP,
16.792,13,STA,WIFI_DROP,
16.7944,12,STA,WIFI_DROP,
16.7944,13,STA,WIFI_DROP,
16.7968,12,STA,WIFI_DROP,
16.7968,13,STA,WIFI_DROP,
16.7992,12,STA,WIFI_DROP,
16.7992,13,STA,WIFI_DROP,
16.8016,12,STA,WIFI_DROP,
16.8016,13,STA,WIFI_DROP,
16.804,12,STA,WIFI_DROP,
16.804,13,STA,WIFI_DROP,
16.8064,12,STA,WIFI_DROP,
16.8064,13,STA,WIFI_DROP,
16.8088,12,STA,WIFI_DROP,
16.8088,13,STA,WIFI_DROP,
16.8112,12,STA,WIFI_DROP,
16.8112,13,STA,WIFI_DROP,
16.8136,12,STA,WIFI_DROP,
16.8136,13,STA,WIFI_DROP,
16.816,12,STA,WIFI_DROP,
16.816,13,STA,WIFI_DROP,
16.8184,12,STA,WIFI_DROP,
16.8184,13,STA,WIFI_DROP,
16.8208,12,STA,WIFI_DROP,
16.8208,13,STA,WIFI_DROP,
16.8232,12,STA,WIFI_DROP,
16.8232,13,STA,WIFI_DROP,
16.8256,12,STA,WIFI_DROP,
16.8256,13,STA,WIFI_DROP,
16.828,12,STA,WIFI_DROP,
16.828,13,STA,WIFI_DROP,
16.8304,12,STA,WIFI_DROP,
16.8304,13,STA,WIFI_DROP,
16.8328,12,STA,WIFI_DROP,
16.8328,13,STA,WIFI_DROP,
16.8352,12,STA,WIFI_DROP,
16.8352,13,STA,WIFI_DROP,
16.8376,12,STA,WIFI_DROP,
16.8376,13,STA,WIFI_DROP,
16.84,12,STA,WIFI_DROP,
16.84,13,STA,WIFI_DROP,
16.8424,12,STA,WIFI_DROP,
16.8424,13,STA,WIFI_DROP,
16.8448,12,STA,WIFI_DROP,
16.8448,13,STA,WIFI_DROP,
16.8472,12,STA,WIFI_DROP,
16.8472,13,STA,WIFI_DROP,
16.8496,12,STA,WIFI_DROP,
16.8496,13,STA,WIFI_DROP,
16.852,12,STA,WIFI_DROP,
16.852,13,STA,WIFI_DROP,
16.8544,13,STA,WIFI_DROP,
16.8568,13,STA,WIFI_DROP,
16.8592,13,STA,WIFI_DROP,
16.8616,13,STA,WIFI_DROP,
16.864,13,STA,WIFI_DROP,
16.8664,13,STA,WIFI_DROP,
16.8688,13,STA,WIFI_DROP,
16.8712,13,STA,WIFI_DROP,
16.8736,13,STA,WIFI_DROP,
16.876,13,STA,WIFI_DROP,
16.8784,13,STA,WIFI_DROP,
16.8808,13,STA,WIFI_DROP,
16.8832,13,STA,WIFI_DROP,
16.8856,13,STA,WIFI_DROP,
16.888,13,STA,WIFI_DROP,
16.8904,13,STA,WIFI_DROP,
16.8928,13,STA,WIFI_DROP,
16.8952,13,STA,WIFI_DROP,
16.8976,13,STA,WIFI_DROP,
16.9,13,STA,WIFI_DROP,
16.9024,13,STA,WIFI_DROP,
16.9048,13,STA,WIFI_DROP,
16.9072,13,STA,WIFI_DROP,
16.9096,13,STA,WIFI_DROP,
16.912,13,STA,WIFI_DROP,
16.9144,13,STA,WIFI_DROP,
16.9168,13,STA,WIFI_DROP,
16.9192,13,STA,WIFI_DROP,
16.9216,13,STA,WIFI_DROP,
16.924,13,STA,WIFI_DROP,
16.9264,13,STA,WIFI_DROP,
16.9288,13,STA,WIFI_DROP,
16.9312,13,STA,WIFI_DROP,
16.9336,13,STA,WIFI_DROP,
16.936,13,STA,WIFI_DROP,
16.9384,13,STA,WIFI_DROP,
16.9408,13,STA,WIFI_DROP,
16.9432,13,STA,WIFI_DROP,
16.9456,13,STA,WIFI_DROP,
16.948,13,STA,WIFI_DROP,
16.9504,13,STA,WIFI_DROP,
16.9528,13,STA,WIFI_DROP,
16.9552,13,STA,WIFI_DROP,
16.9576,13,STA,WIFI_DROP,
16.96,13,STA,WIFI_DROP,
16.9624,13,STA,WIFI_DROP,
16.9648,13,STA,WIFI_DROP,
16.9672,13,STA,WIFI_DROP,
16.9696,13,STA,WIFI_DROP,
16.972,13,STA,WIFI_DROP,
16.9744,13,STA,WIFI_DROP,
16.9768,13,STA,WIFI_DROP,
16.9792,13,STA,WIFI_DROP,
16.9816,13,STA,WIFI_DROP,
16.984,13,STA,WIFI_DROP,
16.9864,13,STA,WIFI_DROP,
16.9888,13,STA,WIFI_DROP,
16.9912,13,STA,WIFI_DROP,
16.9936,13,STA,WIFI_DROP,
16.996,13,STA,WIFI_DROP,
16.9984,13,STA,WIFI_DROP,
17,2,STA,THROUGHPUT_MBPS,1.848000
17,3,STA,THROUGHPUT_MBPS,2.088000
17,5,STA,THROUGHPUT_MBPS,0.996000
17,7,STA,THROUGHPUT_MBPS,0.816000
17,8,STA,THROUGHPUT_MBPS,2.604000
17,9,STA,THROUGHPUT_MBPS,0.996000
17,10,STA,THROUGHPUT_MBPS,2.184000
17,11,STA,THROUGHPUT_MBPS,3.108000
17,12,STA,THROUGHPUT_MBPS,0.240000
17,14,STA,THROUGHPUT_MBPS,1.620000
17,15,STA,THROUGHPUT_MBPS,2.016000
17,16,STA,THROUGHPUT_MBPS,2.316000
17,18,STA,THROUGHPUT_MBPS,1.992000
17,21,STA,THROUGHPUT_MBPS,1.536000
17,1,AP,AGGREGATE_THROUGHPUT_MBPS,24.360000
17,1,AP,SENT_COUNT,8340.000000
17,1,AP,RECV_COUNT,2030.000000
17,1,AP,LATENCY_P95_MS,540.840584
17.0008,13,STA,WIFI_DROP,
17.0032,13,STA,WIFI_DROP,
17.0056,13,STA,WIFI_DROP,
17.008,13,STA,WIFI_DROP,
17.0104,13,STA,WIFI_DROP,
17.0128,13,STA,WIFI_DROP,
17.0152,13,STA,WIFI_DROP,
17.0176,13,STA,WIFI_DROP,
17.02,13,STA,WIFI_DROP,
17.0224,13,STA,WIFI_DROP,
17.0248,13,STA,WIFI_DROP,
17.0272,13,STA,WIFI_DROP,
17.0296,13,STA,WIFI_DROP,
17.032,13,STA,WIFI_DROP,
17.0344,13,STA,WIFI_DROP,
17.0368,13,STA,WIFI_DROP,
17.0392,13,STA,WIFI_DROP,
17.0416,13,STA,WIFI_DROP,
17.044,13,STA,WIFI_DROP,
17.0464,13,STA,WIFI_DROP,
17.0488,13,STA,WIFI_DROP,
17.0512,13,STA,WIFI_DROP,
17.0536,13,STA,WIFI_DROP,
17.056,13,STA,WIFI_DROP,
17.0584,13,STA,WIFI_DROP,
17.0608,13,STA,WIFI_DROP,
17.0632,13,STA,WIFI_DROP,
17.0656,13,STA,WIFI_DROP,
17.068,13,STA,WIFI_DROP,
17.0704,13,STA,WIFI_DROP,
17.0728,13,STA,WIFI_DROP,
17.0752,13,STA,WIFI_DROP,
17.0776,13,STA,WIFI_DROP,
17.08,13,STA,WIFI_DROP,
17.0824,13,STA,WIFI_DROP,
17.0848,13,STA,WIFI_DROP,
17.0872,13,STA,WIFI_DROP,
17.0896,13,STA,WIFI_DROP,
17.092,13,STA,WIFI_DROP,
17.0944,13,STA,WIFI_DROP,
17.0968,13,STA,WIFI_DROP,
17.0992,13,STA,WIFI_DROP,
17.1016,13,STA,WIFI_DROP,
17.104,13,STA,WIFI_DROP,
17.1064,13,STA,WIFI_DROP,
17.1088,13,STA,WIFI_DROP,
17.1112,13,STA,WIFI_DROP,
17.1136,13,STA,WIFI_DROP,
17.116,13,STA,WIFI_DROP,
17.1184,13,STA,WIFI_DROP,
17.1208,13,STA,WIFI_DROP,
17.1232,13,STA,WIFI_DROP,
17.1256,13,STA,WIFI_DROP,
17.128,13,STA,WIFI_DROP,
17.1304,13,STA,WIFI_DROP,
17.1328,13,STA,WIFI_DROP,
17.1352,13,STA,WIFI_DROP,
17.1376,13,STA,WIFI_DROP,
17.14,13,STA,WIFI_DROP,
17.1424,13,STA,WIFI_DROP,
17.1448,13,STA,WIFI_DROP,
17.1472,13,STA,WIFI_DROP,
17.1496,13,STA,WIFI_DROP,
17.152,13,STA,WIFI_DROP,
17.1544,13,STA,WIFI_DROP,
17.1568,13,STA,WIFI_DROP,
17.1592,13,STA,WIFI_DROP,
17.1616,13,STA,WIFI_DROP,
17.164,13,STA,WIFI_DROP,
17.1664,13,STA,WIFI_DROP,
17.1688,13,STA,WIFI_DROP,
17.1712,13,STA,WIFI_DROP,
17.1736,13,STA,WIFI_DROP,
17.176,13,STA,WIFI_DROP,
17.1784,13,STA,WIFI_DROP,
17.1808,13,STA,WIFI_DROP,
17.1832,13,STA,WIFI_DROP,
17.1856,13,STA,WIFI_DROP,
17.188,13,STA,WIFI_DROP,
17.1904,13,STA,WIFI_DROP,
17.1928,13,STA,WIFI_DROP,
17.1952,13,STA,WIFI_DROP,
17.1976,13,STA,WIFI_DROP,
17.2,13,STA,WIFI_DROP,
17.2024,13,STA,WIFI_DROP,
17.2048,13,STA,WIFI_DROP,
17.2072,13,STA,WIFI_DROP,
17.2096,13,STA,WIFI_DROP,
17.212,13,STA,WIFI_DROP,
17.2144,13,STA,WIFI_DROP,
17.2168,13,STA,WIFI_DROP,
17.2192,13,STA,WIFI_DROP,
17.2216,13,STA,WIFI_DROP,
17.224,13,STA,WIFI_DROP,
17.2264,13,STA,WIFI_DROP,
17.2288,13,STA,WIFI_DROP,
17.2312,13,STA,WIFI_DROP,
17.2336,13,STA,WIFI_DROP,
17.236,13,STA,WIFI_DROP,
17.2384,13,STA,WIFI_DROP,
17.2408,13,STA,WIFI_DROP,
17.2432,13,STA,WIFI_DROP,
17.2456,13,STA,WIFI_DROP,
17.248,13,STA,WIFI_DROP,
17.2504,13,STA,WIFI_DROP,
17.2528,13,STA,WIFI_DROP,
17.2552,13,STA,WIFI_DROP,
17.2576,13,STA,WIFI_DROP,
17.26,13,STA,WIFI_DROP,
17.2624,13,STA,WIFI_DROP,
17.2648,13,STA,WIFI_DROP,
17.2672,13,STA,WIFI_DROP,
17.2696,13,STA,WIFI_DROP,
17.272,13,STA,WIFI_DROP,
17.2744,13,STA,WIFI_DROP,
17.2768,13,STA,WIFI_DROP,
17.2792,13,STA,WIFI_DROP,
17.2816,13,STA,WIFI_DROP,
17.284,13,STA,WIFI_DROP,
17.2864,13,STA,WIFI_DROP,
17.2888,13,STA,WIFI_DROP,
17.2912,13,STA,WIFI_DROP,
17.2936,13,STA,WIFI_DROP,
17.296,13,STA,WIFI_DROP,
17.2984,13,STA,WIFI_DROP,
17.3008,13,STA,WIFI_DROP,
17.3032,13,STA,WIFI_DROP,
17.3056,13,STA,WIFI_DROP,
17.524,20,STA,WIFI_DROP,
17.5264,20,STA,WIFI_DROP,
17.5288,20,STA,WIFI_DROP,
17.5312,20,STA,WIFI_DROP,
17.5336,20,STA,WIFI_DROP,
17.536,20,STA,WIFI_DROP,
17.5384,20,STA,WIFI_DROP,
17.5408,20,STA,WIFI_DROP,
17.5432,20,STA,WIFI_DROP,
17.5456,20,STA,WIFI_DROP,
17.548,20,STA,WIFI_DROP,
17.5504,20,STA,WIFI_DROP,
17.5528,20,STA,WIFI_DROP,
17.5552,20,STA,WIFI_DROP,
17.5576,20,STA,WIFI_DROP,
17.56,20,STA,WIFI_DROP,
17.5624,20,STA,WIFI_DROP,
17.5648,20,STA,WIFI_DROP,
17.5672,20,STA,WIFI_DROP,
17.5696,20,STA,WIFI_DROP,
17.572,20,STA,WIFI_DROP,
17.5744,20,STA,WIFI_DROP,
17.5768,20,STA,WIFI_DROP,
17.5792,20,STA,WIFI_DROP,
17.5816,20,STA,WIFI_DROP,
17.584,20,STA,WIFI_DROP,
17.5864,20,STA,WIFI_DROP,
17.5888,20,STA,WIFI_DROP,
17.5912,20,STA,WIFI_DROP,
17.5936,20,STA,WIFI_DROP,
17.596,20,STA,WIFI_DROP,
17.5984,20,STA,WIFI_DROP,
17.6008,20,STA,WIFI_DROP,
17.6032,20,STA,WIFI_DROP,
17.6056,20,STA,WIFI_DROP,
17.608,20,STA,WIFI_DROP,
17.6104,20,STA,WIFI_DROP,
17.6128,20,STA,WIFI_DROP,
17.6152,20,STA,WIFI_DROP,
17.6176,20,STA,WIFI_DROP,
17.62,20,STA,WIFI_DROP,
17.6224,20,STA,WIFI_DROP,
17.6248,20,STA,WIFI_DROP,
17.6272,20,STA,WIFI_DROP,
17.6296,20,STA,WIFI_DROP,
17.632,20,STA,WIFI_DROP,
17.6344,20,STA,WIFI_DROP,
17.6368,20,STA,WIFI_DROP,
17.6392,20,STA,WIFI_DROP,
17.6416,20,STA,WIFI_DROP,
17.644,20,STA,WIFI_DROP,
17.6464,20,STA,WIFI_DROP,
17.6488,20,STA,WIFI_DROP,
17.6512,20,STA,WIFI_DROP,
17.6536,20,STA,WIFI_DROP,
17.656,20,STA,WIFI_DROP,
17.6584,20,STA,WIFI_DROP,
17.6608,20,STA,WIFI_DROP,
17.6632,20,STA,WIFI_DROP,
17.6656,20,STA,WIFI_DROP,
17.668,20,STA,WIFI_DROP,
17.6704,20,STA,WIFI_DROP,
17.6728,20,STA,WIFI_DROP,
17.6752,20,STA,WIFI_DROP,
17.6776,20,STA,WIFI_DROP,
17.68,20,STA,WIFI_DROP,
17.6824,20,STA,WIFI_DROP,
17.6848,20,STA,WIFI_DROP,
17.6872,20,STA,WIFI_DROP,
17.6896,20,STA,WIFI_DROP,
17.692,20,STA,WIFI_DROP,
17.6944,20,STA,WIFI_DROP,
17.6968,20,STA,WIFI_DROP,
17.6992,20,STA,WIFI_DROP,
17.7016,20,STA,WIFI_DROP,
17.704,20,STA,WIFI_DROP,
17.7064,20,STA,WIFI_DROP,
17.7088,20,STA,WIFI_DROP,
17.7112,20,STA,WIFI_DROP,
17.7136,20,STA,WIFI_DROP,
17.716,20,STA,WIFI_DROP,
17.7184,20,STA,WIFI_DROP,
17.7208,20,STA,WIFI_DROP,
17.7232,20,STA,WIFI_DROP,
17.7256,20,STA,WIFI_DROP,
17.728,20,STA,WIFI_DROP,
17.7304,20,STA,WIFI_DROP,
17.7328,20,STA,WIFI_DROP,
17.7352,20,STA,WIFI_DROP,
17.7376,20,STA,WIFI_DROP,
17.74,20,STA,WIFI_DROP,
17.7424,20,STA,WIFI_DROP,
17.7448,20,STA,WIFI_DROP,
17.7472,20,STA,WIFI_DROP,
17.7496,20,STA,WIFI_DROP,
17.752,20,STA,WIFI_DROP,
17.7544,20,STA,WIFI_DROP,
17.7568,20,STA,WIFI_DROP,
17.7592,20,STA,WIFI_DROP,
17.7616,20,STA,WIFI_DROP,
17.764,20,STA,WIFI_DROP,
17.7664,20,STA,WIFI_DROP,
17.7688,20,STA,WIFI_DROP,
17.7712,20,STA,WIFI_DROP,
17.7736,20,STA,WIFI_DROP,
17.8264,15,STA,WIFI_DROP,
17.8288,15,STA,WIFI_DROP,
17.8312,15,STA,WIFI_DROP,
17.8336,15,STA,WIFI_DROP,
17.836,15,STA,WIFI_DROP,
17.8384,15,STA,WIFI_DROP,
17.8408,15,STA,WIFI_DROP,
17.8432,15,STA,WIFI_DROP,
17.8456,15,STA,WIFI_DROP,
17.848,15,STA,WIFI_DROP,
17.8504,15,STA,WIFI_DROP,
17.8528,15,STA,WIFI_DROP,
17.8552,15,STA,WIFI_DROP,
17.8576,15,STA,WIFI_DROP,
17.86,15,STA,WIFI_DROP,
17.8624,15,STA,WIFI_DROP,
17.8648,15,STA,WIFI_DROP,
17.8672,15,STA,WIFI_DROP,
17.8696,15,STA,WIFI_DROP,
17.872,15,STA,WIFI_DROP,
17.8744,15,STA,WIFI_DROP,
17.8768,15,STA,WIFI_DROP,
17.8792,15,STA,WIFI_DROP,
17.8816,15,STA,WIFI_DROP,
17.884,15,STA,WIFI_DROP,
17.8864,15,STA,WIFI_DROP,
17.8888,15,STA,WIFI_DROP,
17.8912,15,STA,WIFI_DROP,
17.8936,15,STA,WIFI_DROP,
17.896,15,STA,WIFI_DROP,
17.8984,15,STA,WIFI_DROP,
17.9008,15,STA,WIFI_DROP,
17.9032,15,STA,WIFI_DROP,
17.9056,15,STA,WIFI_DROP,
17.908,15,STA,WIFI_DROP,
17.9104,15,STA,WIFI_DROP,
17.9128,15,STA,WIFI_DROP,
17.9152,15,STA,WIFI_DROP,
17.9176,15,STA,WIFI_DROP,
17.92,15,STA,WIFI_DROP,
17.9224,15,STA,WIFI_DROP,
17.9248,15,STA,WIFI_DROP,
17.9272,15,STA,WIFI_DROP,
17.9296,14,STA,WIFI_DROP,
17.9296,15,STA,WIFI_DROP,
17.932,14,STA,WIFI_DROP,
17.932,15,STA,WIFI_DROP,
17.9344,14,STA,WIFI_DROP,
17.9344,15,STA,WIFI_DROP,
17.9368,14,STA,WIFI_DROP,
17.9368,15,STA,WIFI_DROP,
17.9392,14,STA,WIFI_DROP,
17.9392,15,STA,WIFI_DROP,
17.9416,14,STA,WIFI_DROP,
17.9416,15,STA,WIFI_DROP,
17.944,14,STA,WIFI_DROP,
17.944,15,STA,WIFI_DROP,
17.9464,14,STA,WIFI_DROP,
17.9464,15,STA,WIFI_DROP,
17.9488,14,STA,WIFI_DROP,
17.9488,15,STA,WIFI_DROP,
17.9512,14,STA,WIFI_DROP,
17.9512,15,STA,WIFI_DROP,
17.9536,14,STA,WIFI_DROP,
17.9536,15,STA,WIFI_DROP,
17.956,14,STA,WIFI_DROP,
17.956,15,STA,WIFI_DROP,
17.9584,14,STA,WIFI_DROP,
17.9584,15,STA,WIFI_DROP,
17.9608,14,STA,WIFI_DROP,
17.9608,15,STA,WIFI_DROP,
17.9632,14,STA,WIFI_DROP,
17.9632,15,STA,WIFI_DROP,
17.9656,14,STA,WIFI_DROP,
17.9656,15,STA,WIFI_DROP,
17.968,14,STA,WIFI_DROP,
17.968,15,STA,WIFI_DROP,
17.9704,14,STA,WIFI_DROP,
17.9704,15,STA,WIFI_DROP,
17.9728,14,STA,WIFI_DROP,
17.9728,15,STA,WIFI_DROP,
17.9752,14,STA,WIFI_DROP,
17.9752,15,STA,WIFI_DROP,
17.9776,14,STA,WIFI_DROP,
17.9776,15,STA,WIFI_DROP,
17.98,14,STA,WIFI_DROP,
17.98,15,STA,WIFI_DROP,
17.9824,14,STA,WIFI_DROP,
17.9824,15,STA,WIFI_DROP,
17.9848,14,STA,WIFI_DROP,
17.9848,15,STA,WIFI_DROP,
17.9872,14,STA,WIFI_DROP,
17.9872,15,STA,WIFI_DROP,
17.9896,14,STA,WIFI_DROP,
17.9896,15,STA,WIFI_DROP,
17.992,14,STA,WIFI_DROP,
17.992,15,STA,WIFI_DROP,
17.9944,14,STA,WIFI_DROP,
17.9944,15,STA,WIFI_DROP,
17.9968,14,STA,WIFI_DROP,
17.9968,15,STA,WIFI_DROP,
17.9992,14,STA,WIFI_DROP,
17.9992,15,STA,WIFI_DROP,
18,2,STA,THROUGHPUT_MBPS,0.996000
18,3,STA,THROUGHPUT_MBPS,3.456000
18,5,STA,THROUGHPUT_MBPS,3.288000
18,7,STA,THROUGHPUT_MBPS,1.716000
18,8,STA,THROUGHPUT_MBPS,4.452000
18,9,STA,THROUGHPUT_MBPS,1.536000
18,10,STA,THROUGHPUT_MBPS,0.876000
18,11,STA,THROUGHPUT_MBPS,2.208000
18,12,STA,THROUGHPUT_MBPS,2.076000
18,14,STA,THROUGHPUT_MBPS,2.784000
18,15,STA,THROUGHPUT_MBPS,1.056000
18,16,STA,THROUGHPUT_MBPS,1.668000
18,18,STA,THROUGHPUT_MBPS,0.984000
18,20,STA,THROUGHPUT_MBPS,0.168000
18,21,STA,THROUGHPUT_MBPS,1.104000
18,1,AP,AGGREGATE_THROUGHPUT_MBPS,28.368000
18,1,AP,SENT_COUNT,8340.000000
18,1,AP,RECV_COUNT,2364.000000
18,1,AP,LATENCY_P95_MS,543.230228
18.0016,14,STA,WIFI_DROP,
18.0016,15,STA,WIFI_DROP,
18.004,14,STA,WIFI_DROP,
18.004,15,STA,WIFI_DROP,
18.0064,14,STA,WIFI_DROP,
18.0064,15,STA,WIFI_DROP,
18.0088,14,STA,WIFI_DROP,
18.0088,15,STA,WIFI_DROP,
18.0112,14,STA,WIFI_DROP,
18.0112,15,STA,WIFI_DROP,
18.0136,14,STA,WIFI_DROP,
18.0136,15,STA,WIFI_DROP,
18.016,14,STA,WIFI_DROP,
18.016,15,STA,WIFI_DROP,
18.0184,14,STA,WIFI_DROP,
18.0184,15,STA,WIFI_DROP,
18.0208,14,STA,WIFI_DROP,
18.0208,15,STA,WIFI_DROP,
18.0232,14,STA,WIFI_DROP,
18.0232,15,STA,WIFI_DROP,
18.0256,14,STA,WIFI_DROP,
18.0256,15,STA,WIFI_DROP,
18.028,14,STA,WIFI_DROP,
18.028,15,STA,WIFI_DROP,
18.0304,14,STA,WIFI_DROP,
18.0304,15,STA,WIFI_DROP,
18.0328,14,STA,WIFI_DROP,
18.0328,15,STA,WIFI_DROP,
18.0352,14,STA,WIFI_DROP,
18.0352,15,STA,WIFI_DROP,
18.0376,14,STA,WIFI_DROP,
18.0376,15,STA,WIFI_DROP,
18.04,14,STA,WIFI_DROP,
18.04,15,STA,WIFI_DROP,
18.0424,14,STA,WIFI_DROP,
18.0424,15,STA,WIFI_DROP,
18.0448,14,STA,WIFI_DROP,
18.0448,15,STA,WIFI_DROP,
18.0472,14,STA,WIFI_DROP,
18.0472,15,STA,WIFI_DROP,
18.0496,14,STA,WIFI_DROP,
18.0496,15,STA,WIFI_DROP,
18.052,14,STA,WIFI_DROP,
18.052,15,STA,WIFI_DROP,
18.0544,14,STA,WIFI_DROP,
18.0544,15,STA,WIFI_DROP,
18.0568,14,STA,WIFI_DROP,
18.0568,15,STA,WIFI_DROP,
18.0592,14,STA,WIFI_DROP,
18.0592,15,STA,WIFI_DROP,
18.0616,14,STA,WIFI_DROP,
18.0616,15,STA,WIFI_DROP,
18.064,14,STA,WIFI_DROP,
18.064,15,STA,WIFI_DROP,
18.0664,14,STA,WIFI_DROP,
18.0664,15,STA,WIFI_DROP,
18.0688,14,STA,WIFI_DROP,
18.0688,15,STA,WIFI_DROP,
18.0712,14,STA,WIFI_DROP,
18.0712,15,STA,WIFI_DROP,
18.0736,14,STA,WIFI_DROP,
18.0736,15,STA,WIFI_DROP,
18.076,14,STA,WIFI_DROP,
18.076,15,STA,WIFI_DROP,
18.0784,14,STA,WIFI_DROP,
18.0784,15,STA,WIFI_DROP,
18.0808,14,STA,WIFI_DROP,
18.0808,15,STA,WIFI_DROP,
18.0832,15,STA,WIFI_DROP,
18.0856,15,STA,WIFI_DROP,
18.088,15,STA,WIFI_DROP,
18.0904,15,STA,WIFI_DROP,
18.0928,15,STA,WIFI_DROP,
18.0952,15,STA,WIFI_DROP,
18.0976,15,STA,WIFI_DROP,
18.1,15,STA,WIFI_DROP,
18.1024,15,STA,WIFI_DROP,
18.1048,15,STA,WIFI_DROP,
18.1072,15,STA,WIFI_DROP,
18.1096,15,STA,WIFI_DROP,
18.112,15,STA,WIFI_DROP,
18.1144,15,STA,WIFI_DROP,
18.1168,15,STA,WIFI_DROP,
18.1192,15,STA,WIFI_DROP,
18.1216,15,STA,WIFI_DROP,
18.124,15,STA,WIFI_DROP,
18.1264,15,STA,WIFI_DROP,
18.1288,15,STA,WIFI_DROP,
18.1312,15,STA,WIFI_DROP,
18.1336,15,STA,WIFI_DROP,
18.136,15,STA,WIFI_DROP,
18.1384,15,STA,WIFI_DROP,
18.1408,15,STA,WIFI_DROP,
18.1432,15,STA,WIFI_DROP,
18.1456,15,STA,WIFI_DROP,
18.148,15,STA,WIFI_DROP,
18.1504,15,STA,WIFI_DROP,
18.1528,15,STA,WIFI_DROP,
18.1552,15,STA,WIFI_DROP,
18.1576,15,STA,WIFI_DROP,
18.16,15,STA,WIFI_DROP,
18.1624,15,STA,WIFI_DROP,
18.1648,15,STA,WIFI_DROP,
18.1672,15,STA,WIFI_DROP,
18.1696,15,STA,WIFI_DROP,
18.172,15,STA,WIFI_DROP,
18.1744,15,STA,WIFI_DROP,
18.1768,15,STA,WIFI_DROP,
18.2368,17,STA,WIFI_DROP,
18.2392,17,STA,WIFI_DROP,
18.2416,17,STA,WIFI_DROP,
18.244,17,STA,WIFI_DROP,
18.2464,17,STA,WIFI_DROP,
18.2488,17,STA,WIFI_DROP,
18.2512,17,STA,WIFI_DROP,
18.2536,17,STA,WIFI_DROP,
18.256,17,STA,WIFI_DROP,
18.2584,17,STA,WIFI_DROP,
18.2608,17,STA,WIFI_DROP,
18.2632,17,STA,WIFI_DROP,
18.2656,17,STA,WIFI_DROP,
18.268,17,STA,WIFI_DROP,
18.2704,17,STA,WIFI_DROP,
18.2728,17,STA,WIFI_DROP,
18.2752,17,STA,WIFI_DROP,
18.2776,17,STA,WIFI_DROP,
18.28,17,STA,WIFI_DROP,
18.2824,17,STA,WIFI_DROP,
18.2848,17,STA,WIFI_DROP,
18.2872,17,STA,WIFI_DROP,
18.2896,17,STA,WIFI_DROP,
18.292,17,STA,WIFI_DROP,
18.2944,17,STA,WIFI_DROP,
18.2968,17,STA,WIFI_DROP,
18.2992,17,STA,WIFI_DROP,
18.3016,17,STA,WIFI_DROP,
18.304,17,STA,WIFI_DROP,
18.3064,17,STA,WIFI_DROP,
18.3088,17,STA,WIFI_DROP,
18.3112,17,STA,WIFI_DROP,
18.3136,17,STA,WIFI_DROP,
18.316,17,STA,WIFI_DROP,
18.3184,17,STA,WIFI_DROP,
18.3208,17,STA,WIFI_DROP,
18.3232,17,STA,WIFI_DROP,
18.3256,17,STA,WIFI_DROP,
18.328,17,STA,WIFI_DROP,
18.3304,17,STA,WIFI_DROP,
18.3328,17,STA,WIFI_DROP,
18.3352,17,STA,WIFI_DROP,
18.3376,17,STA,WIFI_DROP,
18.34,17,STA,WIFI_DROP,
18.3424,17,STA,WIFI_DROP,
18.3448,17,STA,WIFI_DROP,
18.3472,17,STA,WIFI_DROP,
18.3496,17,STA,WIFI_DROP,
18.352,17,STA,WIFI_DROP,
18.3544,17,STA,WIFI_DROP,
18.3568,17,STA,WIFI_DROP,
18.3592,17,STA,WIFI_DROP,
18.3616,17,STA,WIFI_DROP,
18.364,17,STA,WIFI_DROP,
18.3664,17,STA,WIFI_DROP,
18.3688,17,STA,WIFI_DROP,
18.3712,17,STA,WIFI_DROP,
18.3736,17,STA,WIFI_DROP,
18.376,17,STA,WIFI_DROP,
18.3784,17,STA,WIFI_DROP,
18.3808,17,STA,WIFI_DROP,
18.3832,17,STA,WIFI_DROP,
18.3856,17,STA,WIFI_DROP,
18.388,17,STA,WIFI_DROP,
18.3904,17,STA,WIFI_DROP,
18.3928,17,STA,WIFI_DROP,
18.3952,17,STA,WIFI_DROP,
18.3976,17,STA,WIFI_DROP,
18.4,17,STA,WIFI_DROP,
18.4024,17,STA,WIFI_DROP,
18.4048,17,STA,WIFI_DROP,
18.4072,17,STA,WIFI_DROP,
18.4096,17,STA,WIFI_DROP,
18.412,17,STA,WIFI_DROP,
18.4144,17,STA,WIFI_DROP,
18.4168,17,STA,WIFI_DROP,
18.4192,17,STA,WIFI_DROP,
18.4216,17,STA,WIFI_DROP,
18.424,17,STA,WIFI_DROP,
18.4264,17,STA,WIFI_DROP,
18.4288,17,STA,WIFI_DROP,
18.4312,17,STA,WIFI_DROP,
18.4336,17,STA,WIFI_DROP,
18.436,17,STA,WIFI_DROP,
18.4384,17,STA,WIFI_DROP,
18.4408,17,STA,WIFI_DROP,
18.4432,17,STA,WIFI_DROP,
18.4456,17,STA,WIFI_DROP,
18.448,17,STA,WIFI_DROP,
18.4504,17,STA,WIFI_DROP,
18.4528,17,STA,WIFI_DROP,
18.4552,17,STA,WIFI_DROP,
18.4576,17,STA,WIFI_DROP,
18.46,17,STA,WIFI_DROP,
18.4624,17,STA,WIFI_DROP,
18.4648,17,STA,WIFI_DROP,
18.4672,17,STA,WIFI_DROP,
18.4696,17,STA,WIFI_DROP,
18.472,17,STA,WIFI_DROP,
18.4744,17,STA,WIFI_DROP,
18.4768,17,STA,WIFI_DROP,
18.4792,17,STA,WIFI_DROP,
18.4816,17,STA,WIFI_DROP,
18.484,17,STA,WIFI_DROP,
18.4864,17,STA,WIFI_DROP,
18.4888,17,STA,WIFI_DROP,
18.4912,17,STA,WIFI_DROP,
18.4936,17,STA,WIFI_DROP,
18.496,17,STA,WIFI_DROP,
18.4984,17,STA,WIFI_DROP,
18.5008,17,STA,WIFI_DROP,
18.5032,17,STA,WIFI_DROP,
18.5056,17,STA,WIFI_DROP,
18.508,17,STA,WIFI_DROP,
18.5104,17,STA,WIFI_DROP,
18.5128,17,STA,WIFI_DROP,
18.5152,17,STA,WIFI_DROP,
18.5176,17,STA,WIFI_DROP,
18.52,17,STA,WIFI_DROP,
18.5224,17,STA,WIFI_DROP,
18.5248,17,STA,WIFI_DROP,
18.5272,17,STA,WIFI_DROP,
18.5296,17,STA,WIFI_DROP,
18.532,17,STA,WIFI_DROP,
18.5344,17,STA,WIFI_DROP,
18.5368,17,STA,WIFI_DROP,
18.5392,17,STA,WIFI_DROP,
18.5416,17,STA,WIFI_DROP,
18.544,17,STA,WIFI_DROP,
18.5464,17,STA,WIFI_DROP,
18.5488,17,STA,WIFI_DROP,
18.5512,17,STA,WIFI_DROP,
18.5536,17,STA,WIFI_DROP,
18.556,17,STA,WIFI_DROP,
18.5584,17,STA,WIFI_DROP,
18.5608,17,STA,WIFI_DROP,
18.5632,17,STA,WIFI_DROP,
18.5656,17,STA,WIFI_DROP,
18.568,17,STA,WIFI_DROP,
18.5704,17,STA,WIFI_DROP,
18.5728,17,STA,WIFI_DROP,
18.5752,17,STA,WIFI_DROP,
18.5776,17,STA,WIFI_DROP,
18.58,17,STA,WIFI_DROP,
18.5824,17,STA,WIFI_DROP,
18.5848,17,STA,WIFI_DROP,
18.5872,17,STA,WIFI_DROP,
18.5896,17,STA,WIFI_DROP,
18.592,17,STA,WIFI_DROP,
18.5944,17,STA,WIFI_DROP,
18.5968,17,STA,WIFI_DROP,
18.5992,17,STA,WIFI_DROP,
18.6016,17,STA,WIFI_DROP,
18.604,17,STA,WIFI_DROP,
18.6064,17,STA,WIFI_DROP,
18.6088,17,STA,WIFI_DROP,
18.6112,17,STA,WIFI_DROP,
18.6136,17,STA,WIFI_DROP,
18.616,17,STA,WIFI_DROP,
18.6184,17,STA,WIFI_DROP,
18.6208,17,STA,WIFI_DROP,
18.6232,17,STA,WIFI_DROP,
18.6256,17,STA,WIFI_DROP,
18.628,17,STA,WIFI_DROP,
18.6304,17,STA,WIFI_DROP,
18.6328,17,STA,WIFI_DROP,
18.6352,17,STA,WIFI_DROP,
18.6376,17,STA,WIFI_DROP,
18.64,17,STA,WIFI_DROP,
18.6424,17,STA,WIFI_DROP,
18.6448,17,STA,WIFI_DROP,
18.6472,17,STA,WIFI_DROP,
18.6496,17,STA,WIFI_DROP,
18.652,17,STA,WIFI_DROP,
18.6544,17,STA,WIFI_DROP,
18.6568,17,STA,WIFI_DROP,
18.6592,17,STA,WIFI_DROP,
18.6616,17,STA,WIFI_DROP,
18.664,17,STA,WIFI_DROP,
18.6664,17,STA,WIFI_DROP,
18.6688,17,STA,WIFI_DROP,
18.6712,17,STA,WIFI_DROP,
18.6736,17,STA,WIFI_DROP,
18.676,17,STA,WIFI_DROP,
18.6784,17,STA,WIFI_DROP,
18.6808,17,STA,WIFI_DROP,
18.6832,17,STA,WIFI_DROP,
18.6856,17,STA,WIFI_DROP,
18.688,17,STA,WIFI_DROP,
18.6904,17,STA,WIFI_DROP,
18.6928,17,STA,WIFI_DROP,
18.6952,17,STA,WIFI_DROP,
18.6976,17,STA,WIFI_DROP,
18.7,17,STA,WIFI_DROP,
18.7024,17,STA,WIFI_DROP,
18.7048,17,STA,WIFI_DROP,
18.7072,17,STA,WIFI_DROP,
18.7096,17,STA,WIFI_DROP,
18.712,17,STA,WIFI_DROP,
18.7144,17,STA,WIFI_DROP,
18.7168,17,STA,WIFI_DROP,
18.7192,17,STA,WIFI_DROP,
18.7216,17,STA,WIFI_DROP,
18.724,17,STA,WIFI_DROP,
18.7264,17,STA,WIFI_DROP,
18.7288,17,STA,WIFI_DROP,
18.7312,17,STA,WIFI_DROP,
18.7336,17,STA,WIFI_DROP,
18.736,17,STA,WIFI_DROP,
18.7384,17,STA,WIFI_DROP,
18.7408,17,STA,WIFI_DROP,
18.7432,17,STA,WIFI_DROP,
18.7456,17,STA,WIFI_DROP,
18.748,17,STA,WIFI_DROP,
18.7504,17,STA,WIFI_DROP,
18.7528,17,STA,WIFI_DROP,
18.7552,17,STA,WIFI_DROP,
18.7576,17,STA,WIFI_DROP,
18.76,17,STA,WIFI_DROP,
18.7624,17,STA,WIFI_DROP,
18.7648,17,STA,WIFI_DROP,
18.7672,17,STA,WIFI_DROP,
18.7696,17,STA,WIFI_DROP,
18.772,17,STA,WIFI_DROP,
18.7744,17,STA,WIFI_DROP,
18.7768,17,STA,WIFI_DROP,
18.7792,17,STA,WIFI_DROP,
18.7816,17,STA,WIFI_DROP,
18.784,17,STA,WIFI_DROP,
18.7864,17,STA,WIFI_DROP,
18.7888,17,STA,WIFI_DROP,
18.7912,17,STA,WIFI_DROP,
18.7936,17,STA,WIFI_DROP,
18.796,17,STA,WIFI_DROP,
18.7984,17,STA,WIFI_DROP,
18.8008,17,STA,WIFI_DROP,
18.8032,17,STA,WIFI_DROP,
18.8056,17,STA,WIFI_DROP,
18.808,17,STA,WIFI_DROP,
18.8104,17,STA,WIFI_DROP,
18.8128,17,STA,WIFI_DROP,
18.8152,17,STA,WIFI_DROP,
18.8176,17,STA,WIFI_DROP,
18.82,17,STA,WIFI_DROP,
18.8224,17,STA,WIFI_DROP,
18.8248,17,STA,WIFI_DROP,
18.8272,17,STA,WIFI_DROP,
18.8296,17,STA,WIFI_DROP,
18.832,17,STA,WIFI_DROP,
18.8344,17,STA,WIFI_DROP,
18.8368,17,STA,WIFI_DROP,
18.8392,17,STA,WIFI_DROP,
18.8416,17,STA,WIFI_DROP,
18.844,17,STA,WIFI_DROP,
18.8464,17,STA,WIFI_DROP,
18.8488,17,STA,WIFI_DROP,
18.8512,17,STA,WIFI_DROP,
18.8536,17,STA,WIFI_DROP,
18.856,17,STA,WIFI_DROP,
18.8584,17,STA,WIFI_DROP,
18.8608,17,STA,WIFI_DROP,
18.8632,17,STA,WIFI_DROP,
18.8656,17,STA,WIFI_DROP,
18.868,17,STA,WIFI_DROP,
18.8704,17,STA,WIFI_DROP,
18.8728,17,STA,WIFI_DROP,
18.8752,17,STA,WIFI_DROP,
18.8776,17,STA,WIFI_DROP,
18.88,17,STA,WIFI_DROP,
18.8824,17,STA,WIFI_DROP,
18.8848,17,STA,WIFI_DROP,
18.8872,17,STA,WIFI_DROP,
18.8896,17,STA,WIFI_DROP,
18.892,17,STA,WIFI_DROP,
18.8944,17,STA,WIFI_DROP,
18.8968,17,STA,WIFI_DROP,
18.8992,17,STA,WIFI_DROP,
18.9016,17,STA,WIFI_DROP,
18.904,17,STA,WIFI_DROP,
18.9064,17,STA,WIFI_DROP,
18.9088,17,STA,WIFI_DROP,
18.9112,17,STA,WIFI_DROP,
18.9136,17,STA,WIFI_DROP,
18.916,17,STA,WIFI_DROP,
18.9184,17,STA,WIFI_DROP,
18.9208,17,STA,WIFI_DROP,
18.9232,17,STA,WIFI_DROP,
18.9256,17,STA,WIFI_DROP,
18.928,17,STA,WIFI_DROP,
18.9304,17,STA,WIFI_DROP,
18.9328,17,STA,WIFI_DROP,
18.9352,17,STA,WIFI_DROP,
18.9376,17,STA,WIFI_DROP,
18.94,17,STA,WIFI_DROP,
18.9424,17,STA,WIFI_DROP,
18.9448,17,STA,WIFI_DROP,
18.9472,17,STA,WIFI_DROP,
18.9496,17,STA,WIFI_DROP,
18.952,17,STA,WIFI_DROP,
18.9544,17,STA,WIFI_DROP,
18.9568,17,STA,WIFI_DROP,
18.9592,17,STA,WIFI_DROP,
18.9616,17,STA,WIFI_DROP,
18.964,17,STA,WIFI_DROP,
18.9664,17,STA,WIFI_DROP,
18.9688,17,STA,WIFI_DROP,
18.9712,17,STA,WIFI_DROP,
18.9736,17,STA,WIFI_DROP,
18.976,17,STA,WIFI_DROP,
18.9784,17,STA,WIFI_DROP,
18.9808,17,STA,WIFI_DROP,
18.9832,17,STA,WIFI_DROP,
18.9856,17,STA,WIFI_DROP,
18.988,17,STA,WIFI_DROP,
18.9904,17,STA,WIFI_DROP,
18.9928,17,STA,WIFI_DROP,
18.9952,17,STA,WIFI_DROP,
18.9976,17,STA,WIFI_DROP,
19,2,STA,THROUGHPUT_MBPS,1.332000
19,3,STA,THROUGHPUT_MBPS,3.768000
19,5,STA,THROUGHPUT_MBPS,1.320000
19,7,STA,THROUGHPUT_MBPS,5.520000
19,8,STA,THROUGHPUT_MBPS,2.412000
19,9,STA,THROUGHPUT_MBPS,1.320000
19,10,STA,THROUGHPUT_MBPS,2.976000
19,11,STA,THROUGHPUT_MBPS,2.628000
19,12,STA,THROUGHPUT_MBPS,3.588000
19,14,STA,THROUGHPUT_MBPS,2.028000
19,16,STA,THROUGHPUT_MBPS,2.628000
19,18,STA,THROUGHPUT_MBPS,1.308000
19,20,STA,THROUGHPUT_MBPS,2.076000
19,21,STA,THROUGHPUT_MBPS,2.784000
19,1,AP,AGGREGATE_THROUGHPUT_MBPS,35.688000
19,1,AP,SENT_COUNT,8320.000000
19,1,AP,RECV_COUNT,2974.000000
19,1,AP,LATENCY_P95_MS,542.001746
19,17,STA,WIFI_DROP,
19.0024,17,STA,WIFI_DROP,
19.0048,17,STA,WIFI_DROP,
19.0072,17,STA,WIFI_DROP,
19.0096,17,STA,WIFI_DROP,
19.012,17,STA,WIFI_DROP,
19.0144,17,STA,WIFI_DROP,
19.0168,17,STA,WIFI_DROP,
19.0192,17,STA,WIFI_DROP,
19.0216,17,STA,WIFI_DROP,
19.024,17,STA,WIFI_DROP,
19.0264,17,STA,WIFI_DROP,
19.0288,17,STA,WIFI_DROP,
19.0312,17,STA,WIFI_DROP,
19.0336,17,STA,WIFI_DROP,
19.036,17,STA,WIFI_DROP,
19.0384,17,STA,WIFI_DROP,
19.0408,17,STA,WIFI_DROP,
19.0432,17,STA,WIFI_DROP,
19.0456,17,STA,WIFI_DROP,
19.048,17,STA,WIFI_DROP,
19.0504,17,STA,WIFI_DROP,
19.0528,17,STA,WIFI_DROP,
19.0552,17,STA,WIFI_DROP,
19.0576,17,STA,WIFI_DROP,
19.06,17,STA,WIFI_DROP,
19.0624,17,STA,WIFI_DROP,
19.0648,17,STA,WIFI_DROP,
19.0672,17,STA,WIFI_DROP,
19.0696,17,STA,WIFI_DROP,
19.072,17,STA,WIFI_DROP,
19.0744,17,STA,WIFI_DROP,
19.0768,17,STA,WIFI_DROP,
19.0792,17,STA,WIFI_DROP,
19.0816,17,STA,WIFI_DROP,
19.084,17,STA,WIFI_DROP,
19.0864,17,STA,WIFI_DROP,
19.0888,17,STA,WIFI_DROP,
19.0912,17,STA,WIFI_DROP,
19.0936,17,STA,WIFI_DROP,
19.096,17,STA,WIFI_DROP,
19.0984,17,STA,WIFI_DROP,
19.1008,17,STA,WIFI_DROP,
19.1032,17,STA,WIFI_DROP,
19.1056,17,STA,WIFI_DROP,
19.108,17,STA,WIFI_DROP,
19.1104,17,STA,WIFI_DROP,
19.1128,17,STA,WIFI_DROP,
19.1152,17,STA,WIFI_DROP,
19.1176,17,STA,WIFI_DROP,
19.12,17,STA,WIFI_DROP,
19.1224,17,STA,WIFI_DROP,
19.1248,17,STA,WIFI_DROP,
19.1272,17,STA,WIFI_DROP,
19.1296,17,STA,WIFI_DROP,
19.132,17,STA,WIFI_DROP,
19.1344,17,STA,WIFI_DROP,
19.1368,17,STA,WIFI_DROP,
19.1392,17,STA,WIFI_DROP,
19.1416,17,STA,WIFI_DROP,
19.144,17,STA,WIFI_DROP,
19.1464,17,STA,WIFI_DROP,
19.1488,17,STA,WIFI_DROP,
19.1512,17,STA,WIFI_DROP,
19.1536,17,STA,WIFI_DROP,
19.156,17,STA,WIFI_DROP,
19.1584,17,STA,WIFI_DROP,
19.1608,17,STA,WIFI_DROP,
19.1632,17,STA,WIFI_DROP,
19.1656,17,STA,WIFI_DROP,
19.168,17,STA,WIFI_DROP,
19.1704,17,STA,WIFI_DROP,
19.1728,17,STA,WIFI_DROP,
19.1752,17,STA,WIFI_DROP,
19.1776,17,STA,WIFI_DROP,
19.18,17,STA,WIFI_DROP,
19.1824,17,STA,WIFI_DROP,
19.1848,17,STA,WIFI_DROP,
19.1872,17,STA,WIFI_DROP,
19.1896,17,STA,WIFI_DROP,
19.192,17,STA,WIFI_DROP,
19.1944,17,STA,WIFI_DROP,
19.1968,17,STA,WIFI_DROP,
19.1992,17,STA,WIFI_DROP,
19.2016,17,STA,WIFI_DROP,
19.204,17,STA,WIFI_DROP,
19.2064,17,STA,WIFI_DROP,
19.2088,17,STA,WIFI_DROP,
19.2112,17,STA,WIFI_DROP,
19.2136,17,STA,WIFI_DROP,
19.216,17,STA,WIFI_DROP,
19.2184,17,STA,WIFI_DROP,
19.2208,17,STA,WIFI_DROP,
19.2232,17,STA,WIFI_DROP,
19.2256,17,STA,WIFI_DROP,
19.228,17,STA,WIFI_DROP,
19.2304,17,STA,WIFI_DROP,
19.2328,17,STA,WIFI_DROP,
19.2352,17,STA,WIFI_DROP,
19.2376,17,STA,WIFI_DROP,
19.24,17,STA,WIFI_DROP,
19.2424,17,STA,WIFI_DROP,
19.2448,17,STA,WIFI_DROP,
19.2472,17,STA,WIFI_DROP,
19.2496,17,STA,WIFI_DROP,
19.252,17,STA,WIFI_DROP,
19.2544,17,STA,WIFI_DROP,
19.2568,17,STA,WIFI_DROP,
19.2592,17,STA,WIFI_DROP,
19.2616,17,STA,WIFI_DROP,
19.264,17,STA,WIFI_DROP,
19.2664,17,STA,WIFI_DROP,
19.2688,17,STA,WIFI_DROP,
19.2712,17,STA,WIFI_DROP,
19.2736,17,STA,WIFI_DROP,
19.276,17,STA,WIFI_DROP,
19.2784,17,STA,WIFI_DROP,
19.2808,17,STA,WIFI_DROP,
19.2832,17,STA,WIFI_DROP,
19.2856,17,STA,WIFI_DROP,
19.288,17,STA,WIFI_DROP,
19.312,17,STA,WIFI_DROP,
19.3144,17,STA,WIFI_DROP,
19.3168,17,STA,WIFI_DROP,
19.3192,17,STA,WIFI_DROP,
19.3216,17,STA,WIFI_DROP,
19.324,17,STA,WIFI_DROP,
19.3264,17,STA,WIFI_DROP,
19.3288,17,STA,WIFI_DROP,
19.3312,17,STA,WIFI_DROP,
19.3336,17,STA,WIFI_DROP,
19.336,17,STA,WIFI_DROP,
19.3384,17,STA,WIFI_DROP,
19.3408,17,STA,WIFI_DROP,
19.3432,17,STA,WIFI_DROP,
19.3456,17,STA,WIFI_DROP,
19.348,17,STA,WIFI_DROP,
19.3504,17,STA,WIFI_DROP,
19.3528,17,STA,WIFI_DROP,
19.3552,17,STA,WIFI_DROP,
19.3576,17,STA,WIFI_DROP,
19.36,17,STA,WIFI_DROP,
19.3624,17,STA,WIFI_DROP,
19.3648,17,STA,WIFI_DROP,
19.3672,17,STA,WIFI_DROP,
19.3696,17,STA,WIFI_DROP,
19.372,17,STA,WIFI_DROP,
19.3744,17,STA,WIFI_DROP,
19.3768,17,STA,WIFI_DROP,
19.3792,17,STA,WIFI_DROP,
19.3816,17,STA,WIFI_DROP,
19.384,17,STA,WIFI_DROP,
19.3864,17,STA,WIFI_DROP,
19.3888,17,STA,WIFI_DROP,
19.3912,17,STA,WIFI_DROP,
19.3936,17,STA,WIFI_DROP,
19.396,17,STA,WIFI_DROP,
19.3984,17,STA,WIFI_DROP,
19.4008,17,STA,WIFI_DROP,
19.4032,17,STA,WIFI_DROP,
19.4056,17,STA,WIFI_DROP,
19.408,17,STA,WIFI_DROP,
19.4104,17,STA,WIFI_DROP,
19.4128,17,STA,WIFI_DROP,
19.4152,17,STA,WIFI_DROP,
19.4176,17,STA,WIFI_DROP,
19.42,17,STA,WIFI_DROP,
19.4224,17,STA,WIFI_DROP,
19.4248,17,STA,WIFI_DROP,
19.4272,17,STA,WIFI_DROP,
19.4296,17,STA,WIFI_DROP,
19.432,17,STA,WIFI_DROP,
19.4344,17,STA,WIFI_DROP,
19.4368,17,STA,WIFI_DROP,
19.4392,17,STA,WIFI_DROP,
19.4416,17,STA,WIFI_DROP,
19.444,17,STA,WIFI_DROP,
19.4464,17,STA,WIFI_DROP,
19.4488,17,STA,WIFI_DROP,
19.4512,17,STA,WIFI_DROP,
19.4536,17,STA,WIFI_DROP,
19.456,17,STA,WIFI_DROP,
19.4584,17,STA,WIFI_DROP,
19.4608,17,STA,WIFI_DROP,
19.4632,17,STA,WIFI_DROP,
19.4656,12,STA,WIFI_DROP,
19.4656,13,STA,WIFI_DROP,
19.4656,17,STA,WIFI_DROP,
19.4656,18,STA,WIFI_DROP,
19.468,12,STA,WIFI_DROP,
19.468,13,STA,WIFI_DROP,
19.468,17,STA,WIFI_DROP,
19.468,18,STA,WIFI_DROP,
19.4704,12,STA,WIFI_DROP,
19.4704,13,STA,WIFI_DROP,
19.4704,17,STA,WIFI_DROP,
19.4704,18,STA,WIFI_DROP,
19.4728,12,STA,WIFI_DROP,
19.4728,13,STA,WIFI_DROP,
19.4728,17,STA,WIFI_DROP,
19.4728,18,STA,WIFI_DROP,
19.4752,12,STA,WIFI_DROP,
19.4752,13,STA,WIFI_DROP,
19.4752,17,STA,WIFI_DROP,
19.4752,18,STA,WIFI_DROP,
19.4776,12,STA,WIFI_DROP,
19.4776,13,STA,WIFI_DROP,
19.4776,17,STA,WIFI_DROP,
19.4776,18,STA,WIFI_DROP,
19.48,12,STA,WIFI_DROP,
19.48,13,STA,WIFI_DROP,
19.48,17,STA,WIFI_DROP,
19.48,18,STA,WIFI_DROP,
19.4824,12,STA,WIFI_DROP,
19.4824,13,STA,WIFI_DROP,
19.4824,17,STA,WIFI_DROP,
19.4824,18,STA,WIFI_DROP,
19.4848,12,STA,WIFI_DROP,
19.4848,13,STA,WIFI_DROP,
19.4848,17,STA,WIFI_DROP,
19.4848,18,STA,WIFI_DROP,
19.4872,12,STA,WIFI_DROP,
19.4872,13,STA,WIFI_DROP,
19.4872,17,STA,WIFI_DROP,
19.4872,18,STA,WIFI_DROP,
19.4896,12,STA,WIFI_DROP,
19.4896,13,STA,WIFI_DROP,
19.4896,17,STA,WIFI_DROP,
19.4896,18,STA,WIFI_DROP,
19.492,12,STA,WIFI_DROP,
19.492,13,STA,WIFI_DROP,
19.492,17,STA,WIFI_DROP,
19.492,18,STA,WIFI_DROP,
19.4944,12,STA,WIFI_DROP,
19.4944,13,STA,WIFI_DROP,
19.4944,17,STA,WIFI_DROP,
19.4944,18,STA,WIFI_DROP,
19.4968,12,STA,WIFI_DROP,
19.4968,13,STA,WIFI_DROP,
19.4968,17,STA,WIFI_DROP,
19.4968,18,STA,WIFI_DROP,
19.4992,12,STA,WIFI_DROP,
19.4992,13,STA,WIFI_DROP,
19.4992,17,STA,WIFI_DROP,
19.4992,18,STA,WIFI_DROP,
19.5016,12,STA,WIFI_DROP,
19.5016,13,STA,WIFI_DROP,
19.5016,17,STA,WIFI_DROP,
19.5016,18,STA,WIFI_DROP,
19.504,12,STA,WIFI_DROP,
19.504,13,STA,WIFI_DROP,
19.504,17,STA,WIFI_DROP,
19.504,18,STA,WIFI_DROP,
19.5064,12,STA,WIFI_DROP,
19.5064,13,STA,WIFI_DROP,
19.5064,17,STA,WIFI_DROP,
19.5064,18,STA,WIFI_DROP,
19.5088,12,STA,WIFI_DROP,
19.5088,13,STA,WIFI_DROP,
19.5088,17,STA,WIFI_DROP,
19.5088,18,STA,WIFI_DROP,
19.5112,12,STA,WIFI_DROP,
19.5112,13,STA,WIFI_DROP,
19.5112,17,STA,WIFI_DROP,
19.5112,18,STA,WIFI_DROP,
19.5136,12,STA,WIFI_DROP,
19.5136,13,STA,WIFI_DROP,
19.5136,17,STA,WIFI_DROP,
19.5136,18,STA,WIFI_DROP,
19.516,12,STA,WIFI_DROP,
19.516,13,STA,WIFI_DROP,
19.516,17,STA,WIFI_DROP,
19.516,18,STA,WIFI_DROP,
19.5184,12,STA,WIFI_DROP,
19.5184,17,STA,WIFI_DROP,
19.5184,18,STA,WIFI_DROP,
19.5208,12,STA,WIFI_DROP,
19.5208,17,STA,WIFI_DROP,
19.5208,18,STA,WIFI_DROP,
19.5232,12,STA,WIFI_DROP,
19.5232,17,STA,WIFI_DROP,
19.5232,18,STA,WIFI_DROP,
19.5256,12,STA,WIFI_DROP,
19.5256,17,STA,WIFI_DROP,
19.5256,18,STA,WIFI_DROP,
19.528,12,STA,WIFI_DROP,
19.528,17,STA,WIFI_DROP,
19.528,18,STA,WIFI_DROP,
19.5304,12,STA,WIFI_DROP,
19.5304,17,STA,WIFI_DROP,
19.5304,18,STA,WIFI_DROP,
19.5328,12,STA,WIFI_DROP,
19.5328,17,STA,WIFI_DROP,
19.5328,18,STA,WIFI_DROP,
19.5352,12,STA,WIFI_DROP,
19.5352,17,STA,WIFI_DROP,
19.5352,18,STA,WIFI_DROP,
19.5376,12,STA,WIFI_DROP,
19.5376,17,STA,WIFI_DROP,
19.5376,18,STA,WIFI_DROP,
19.54,12,STA,WIFI_DROP,
19.54,17,STA,WIFI_DROP,
19.54,18,STA,WIFI_DROP,
19.5424,12,STA,WIFI_DROP,
19.5424,17,STA,WIFI_DROP,
19.5424,18,STA,WIFI_DROP,
19.5448,12,STA,WIFI_DROP,
19.5448,17,STA,WIFI_DROP,
19.5448,18,STA,WIFI_DROP,
19.5472,12,STA,WIFI_DROP,
19.5472,17,STA,WIFI_DROP,
19.5472,18,STA,WIFI_DROP,
19.5496,12,STA,WIFI_DROP,
19.5496,17,STA,WIFI_DROP,
19.5496,18,STA,WIFI_DROP,
19.552,12,STA,WIFI_DROP,
19.552,17,STA,WIFI_DROP,
19.552,18,STA,WIFI_DROP,
19.5544,12,STA,WIFI_DROP,
19.5544,17,STA,WIFI_DROP,
19.5544,18,STA,WIFI_DROP,
19.5568,12,STA,WIFI_DROP,
19.5568,17,STA,WIFI_DROP,
19.5568,18,STA,WIFI_DROP,
19.5592,12,STA,WIFI_DROP,
19.5592,17,STA,WIFI_DROP,
19.5592,18,STA,WIFI_DROP,
19.5616,12,STA,WIFI_DROP,
19.5616,17,STA,WIFI_DROP,
19.5616,18,STA,WIFI_DROP,
19.564,12,STA,WIFI_DROP,
19.564,17,STA,WIFI_DROP,
19.564,18,STA,WIFI_DROP,
19.5664,12,STA,WIFI_DROP,
19.5664,17,STA,WIFI_DROP,
19.5664,18,STA,WIFI_DROP,
19.5688,12,STA,WIFI_DROP,
19.5688,17,STA,WIFI_DROP,
19.5688,18,STA,WIFI_DROP,
19.5712,12,STA,WIFI_DROP,
19.5712,17,STA,WIFI_DROP,
19.5712,18,STA,WIFI_DROP,
19.5736,12,STA,WIFI_DROP,
19.5736,17,STA,WIFI_DROP,
19.5736,18,STA,WIFI_DROP,
19.576,12,STA,WIFI_DROP,
19.576,17,STA,WIFI_DROP,
19.576,18,STA,WIFI_DROP,
19.5784,12,STA,WIFI_DROP,
19.5784,17,STA,WIFI_DROP,
19.5784,18,STA,WIFI_DROP,
19.5808,12,STA,WIFI_DROP,
19.5808,17,STA,WIFI_DROP,
19.5808,18,STA,WIFI_DROP,
19.5832,12,STA,WIFI_DROP,
19.5832,17,STA,WIFI_DROP,
19.5832,18,STA,WIFI_DROP,
19.5856,12,STA,WIFI_DROP,
19.5856,17,STA,WIFI_DROP,
19.5856,18,STA,WIFI_DROP,
19.588,12,STA,WIFI_DROP,
19.588,17,STA,WIFI_DROP,
19.588,18,STA,WIFI_DROP,
19.5904,12,STA,WIFI_DROP,
19.5904,17,STA,WIFI_DROP,
19.5904,18,STA,WIFI_DROP,
19.5928,12,STA,WIFI_DROP,
19.5928,17,STA,WIFI_DROP,
19.5928,18,STA,WIFI_DROP,
19.5952,12,STA,WIFI_DROP,
19.5952,17,STA,WIFI_DROP,
19.5952,18,STA,WIFI_DROP,
19.5976,12,STA,WIFI_DROP,
19.5976,17,STA,WIFI_DROP,
19.5976,18,STA,WIFI_DROP,
19.6,12,STA,WIFI_DROP,
19.6,17,STA,WIFI_DROP,
19.6,18,STA,WIFI_DROP,
19.6024,12,STA,WIFI_DROP,
19.6024,17,STA,WIFI_DROP,
19.6024,18,STA,WIFI_DROP,
19.6048,12,STA,WIFI_DROP,
19.6048,17,STA,WIFI_DROP,
19.6048,18,STA,WIFI_DROP,
19.6072,12,STA,WIFI_DROP,
19.6072,17,STA,WIFI_DROP,
19.6072,18,STA,WIFI_DROP,
19.6096,12,STA,WIFI_DROP,
19.6096,17,STA,WIFI_DROP,
19.6096,18,STA,WIFI_DROP,
19.612,12,STA,WIFI_DROP,
19.612,17,STA,WIFI_DROP,
19.612,18,STA,WIFI_DROP,
19.6144,12,STA,WIFI_DROP,
19.6144,17,STA,WIFI_DROP,
19.6144,18,STA,WIFI_DROP,
19.6168,12,STA,WIFI_DROP,
19.6168,17,STA,WIFI_DROP,
19.6168,18,STA,WIFI_DROP,
19.6192,17,STA,WIFI_DROP,
19.6192,18,STA,WIFI_DROP,
19.6216,17,STA,WIFI_DROP,
19.6216,18,STA,WIFI_DROP,
19.624,17,STA,WIFI_DROP,
19.624,18,STA,WIFI_DROP,
19.6264,17,STA,WIFI_DROP,
19.6264,18,STA,WIFI_DROP,
19.6288,17,STA,WIFI_DROP,
19.6288,18,STA,WIFI_DROP,
19.6312,17,STA,WIFI_DROP,
19.6312,18,STA,WIFI_DROP,
19.6336,17,STA,WIFI_DROP,
19.6336,18,STA,WIFI_DROP,
19.636,17,STA,WIFI_DROP,
19.636,18,STA,WIFI_DROP,
19.6384,17,STA,WIFI_DROP,
19.6384,18,STA,WIFI_DROP,
19.6408,17,STA,WIFI_DROP,
19.6408,18,STA,WIFI_DROP,
19.6432,17,STA,WIFI_DROP,
19.6432,18,STA,WIFI_DROP,
19.6456,17,STA,WIFI_DROP,
19.6456,18,STA,WIFI_DROP,
19.648,17,STA,WIFI_DROP,
19.648,18,STA,WIFI_DROP,
19.6504,17,STA,WIFI_DROP,
19.6504,18,STA,WIFI_DROP,
19.6528,17,STA,WIFI_DROP,
19.6528,18,STA,WIFI_DROP,
19.6552,17,STA,WIFI_DROP,
19.6552,18,STA,WIFI_DROP,
19.6576,17,STA,WIFI_DROP,
19.6576,18,STA,WIFI_DROP,
19.66,17,STA,WIFI_DROP,
19.66,18,STA,WIFI_DROP,
19.6624,17,STA,WIFI_DROP,
19.6624,18,STA,WIFI_DROP,
19.6648,17,STA,WIFI_DROP,
19.6648,18,STA,WIFI_DROP,
19.6672,17,STA,WIFI_DROP,
19.6672,18,STA,WIFI_DROP,
19.6696,17,STA,WIFI_DROP,
19.6696,18,STA,WIFI_DROP,
19.672,17,STA,WIFI_DROP,
19.672,18,STA,WIFI_DROP,
19.6744,17,STA,WIFI_DROP,
19.6744,18,STA,WIFI_DROP,
19.6768,17,STA,WIFI_DROP,
19.6768,18,STA,WIFI_DROP,
19.6792,17,STA,WIFI_DROP,
19.6792,18,STA,WIFI_DROP,
19.6816,17,STA,WIFI_DROP,
19.6816,18,STA,WIFI_DROP,
19.684,17,STA,WIFI_DROP,
19.684,18,STA,WIFI_DROP,
19.6864,17,STA,WIFI_DROP,
19.6864,18,STA,WIFI_DROP,
19.6888,17,STA,WIFI_DROP,
19.6888,18,STA,WIFI_DROP,
19.6912,17,STA,WIFI_DROP,
19.6912,18,STA,WIFI_DROP,
19.6936,17,STA,WIFI_DROP,
19.6936,18,STA,WIFI_DROP,
19.696,17,STA,WIFI_DROP,
19.696,18,STA,WIFI_DROP,
19.6984,17,STA,WIFI_DROP,
19.6984,18,STA,WIFI_DROP,
19.7008,17,STA,WIFI_DROP,
19.7008,18,STA,WIFI_DROP,
19.7032,17,STA,WIFI_DROP,
19.7032,18,STA,WIFI_DROP,
19.7056,17,STA,WIFI_DROP,
19.7056,18,STA,WIFI_DROP,
19.708,17,STA,WIFI_DROP,
19.708,18,STA,WIFI_DROP,
19.7104,17,STA,WIFI_DROP,
19.7104,18,STA,WIFI_DROP,
19.7128,17,STA,WIFI_DROP,
19.7128,18,STA,WIFI_DROP,
19.7152,17,STA,WIFI_DROP,
19.7152,18,STA,WIFI_DROP,
19.7176,17,STA,WIFI_DROP,
19.7176,18,STA,WIFI_DROP,
19.72,17,STA,WIFI_DROP,
19.72,18,STA,WIFI_DROP,
19.7224,17,STA,WIFI_DROP,
19.7224,18,STA,WIFI_DROP,
19.7248,17,STA,WIFI_DROP,
19.7248,18,STA,WIFI_DROP,
19.7272,17,STA,WIFI_DROP,
19.7272,18,STA,WIFI_DROP,
19.7296,17,STA,WIFI_DROP,
19.7296,18,STA,WIFI_DROP,
19.732,17,STA,WIFI_DROP,
19.732,18,STA,WIFI_DROP,
19.7344,17,STA,WIFI_DROP,
19.7344,18,STA,WIFI_DROP,
19.7368,17,STA,WIFI_DROP,
19.7368,18,STA,WIFI_DROP,
19.7392,17,STA,WIFI_DROP,
19.7392,18,STA,WIFI_DROP,
19.7416,17,STA,WIFI_DROP,
19.7416,18,STA,WIFI_DROP,
19.744,17,STA,WIFI_DROP,
19.744,18,STA,WIFI_DROP,
19.7464,17,STA,WIFI_DROP,
19.7464,18,STA,WIFI_DROP,
19.7488,17,STA,WIFI_DROP,
19.7488,18,STA,WIFI_DROP,
19.7512,17,STA,WIFI_DROP,
19.7512,18,STA,WIFI_DROP,
19.7536,17,STA,WIFI_DROP,
19.7536,18,STA,WIFI_DROP,
19.756,17,STA,WIFI_DROP,
19.756,18,STA,WIFI_DROP,
19.7584,17,STA,WIFI_DROP,
19.7584,18,STA,WIFI_DROP,
19.7608,17,STA,WIFI_DROP,
19.7608,18,STA,WIFI_DROP,
19.7632,17,STA,WIFI_DROP,
19.7632,18,STA,WIFI_DROP,
19.7656,17,STA,WIFI_DROP,
19.7656,18,STA,WIFI_DROP,
19.768,17,STA,WIFI_DROP,
19.768,18,STA,WIFI_DROP,
19.7704,17,STA,WIFI_DROP,
19.7704,18,STA,WIFI_DROP,
19.7728,8,STA,WIFI_DROP,
19.7728,17,STA,WIFI_DROP,
19.7728,18,STA,WIFI_DROP,
19.7728,21,STA,WIFI_DROP,
19.7752,8,STA,WIFI_DROP,
19.7752,17,STA,WIFI_DROP,
19.7752,18,STA,WIFI_DROP,
19.7752,21,STA,WIFI_DROP,
19.7776,8,STA,WIFI_DROP,
19.7776,17,STA,WIFI_DROP,
19.7776,18,STA,WIFI_DROP,
19.7776,21,STA,WIFI_DROP,
19.78,8,STA,WIFI_DROP,
19.78,17,STA,WIFI_DROP,
19.78,18,STA,WIFI_DROP,
19.78,21,STA,WIFI_DROP,
19.7824,8,STA,WIFI_DROP,
19.7824,17,STA,WIFI_DROP,
19.7824,18,STA,WIFI_DROP,
19.7824,21,STA,WIFI_DROP,
19.7848,8,STA,WIFI_DROP,
19.7848,17,STA,WIFI_DROP,
19.7848,18,STA,WIFI_DROP,
19.7848,21,STA,WIFI_DROP,
19.7872,8,STA,WIFI_DROP,
19.7872,17,STA,WIFI_DROP,
19.7872,18,STA,WIFI_DROP,
19.7872,21,STA,WIFI_DROP,
19.7896,8,STA,WIFI_DROP,
19.7896,17,STA,WIFI_DROP,
19.7896,18,STA,WIFI_DROP,
19.7896,21,STA,WIFI_DROP,
19.792,8,STA,WIFI_DROP,
19.792,17,STA,WIFI_DROP,
19.792,18,STA,WIFI_DROP,
19.792,21,STA,WIFI_DROP,
19.7944,8,STA,WIFI_DROP,
19.7944,17,STA,WIFI_DROP,
19.7944,18,STA,WIFI_DROP,
19.7944,21,STA,WIFI_DROP,
19.7968,8,STA,WIFI_DROP,
19.7968,17,STA,WIFI_DROP,
19.7968,18,STA,WIFI_DROP,
19.7968,21,STA,WIFI_DROP,
19.7992,8,STA,WIFI_DROP,
19.7992,17,STA,WIFI_DROP,
19.7992,18,STA,WIFI_DROP,
19.7992,21,STA,WIFI_DROP,
19.8016,8,STA,WIFI_DROP,
19.8016,17,STA,WIFI_DROP,
19.8016,18,STA,WIFI_DROP,
19.8016,21,STA,WIFI_DROP,
19.804,8,STA,WIFI_DROP,
19.804,17,STA,WIFI_DROP,
19.804,18,STA,WIFI_DROP,
19.804,21,STA,WIFI_DROP,
19.8064,8,STA,WIFI_DROP,
19.8064,17,STA,WIFI_DROP,
19.8064,18,STA,WIFI_DROP,
19.8064,21,STA,WIFI_DROP,
19.8088,8,STA,WIFI_DROP,
19.8088,17,STA,WIFI_DROP,
19.8088,18,STA,WIFI_DROP,
19.8088,21,STA,WIFI_DROP,
19.8112,8,STA,WIFI_DROP,
19.8112,17,STA,WIFI_DROP,
19.8112,18,STA,WIFI_DROP,
19.8112,21,STA,WIFI_DROP,
19.8136,8,STA,WIFI_DROP,
19.8136,17,STA,WIFI_DROP,
19.8136,18,STA,WIFI_DROP,
19.8136,21,STA,WIFI_DROP,
19.816,8,STA,WIFI_DROP,
19.816,17,STA,WIFI_DROP,
19.816,18,STA,WIFI_DROP,
19.816,21,STA,WIFI_DROP,
19.8184,8,STA,WIFI_DROP,
19.8184,17,STA,WIFI_DROP,
19.8184,18,STA,WIFI_DROP,
19.8184,21,STA,WIFI_DROP,
19.8208,8,STA,WIFI_DROP,
19.8208,17,STA,WIFI_DROP,
19.8208,21,STA,WIFI_DROP,
19.8232,8,STA,WIFI_DROP,
19.8232,17,STA,WIFI_DROP,
19.8232,21,STA,WIFI_DROP,
19.8256,8,STA,WIFI_DROP,
19.8256,17,STA,WIFI_DROP,
19.8256,21,STA,WIFI_DROP,
19.828,8,STA,WIFI_DROP,
19.828,17,STA,WIFI_DROP,
19.828,21,STA,WIFI_DROP,
19.8304,8,STA,WIFI_DROP,
19.8304,17,STA,WIFI_DROP,
19.8304,21,STA,WIFI_DROP,
19.8328,8,STA,WIFI_DROP,
19.8328,17,STA,WIFI_DROP,
19.8328,21,STA,WIFI_DROP,
19.8352,8,STA,WIFI_DROP,
19.8352,17,STA,WIFI_DROP,
19.8352,21,STA,WIFI_DROP,
19.8376,8,STA,WIFI_DROP,
19.8376,17,STA,WIFI_DROP,
19.8376,21,STA,WIFI_DROP,
19.84,8,STA,WIFI_DROP,
19.84,17,STA,WIFI_DROP,
19.84,21,STA,WIFI_DROP,
19.8424,8,STA,WIFI_DROP,
19.8424,17,STA,WIFI_DROP,
19.8424,21,STA,WIFI_DROP,
19.8448,8,STA,WIFI_DROP,
19.8448,17,STA,WIFI_DROP,
19.8448,21,STA,WIFI_DROP,
19.8472,8,STA,WIFI_DROP,
19.8472,17,STA,WIFI_DROP,
19.8472,21,STA,WIFI_DROP,
19.8496,8,STA,WIFI_DROP,
19.8496,17,STA,WIFI_DROP,
19.8496,21,STA,WIFI_DROP,
19.852,8,STA,WIFI_DROP,
19.852,17,STA,WIFI_DROP,
19.852,21,STA,WIFI_DROP,
19.8544,8,STA,WIFI_DROP,
19.8544,17,STA,WIFI_DROP,
19.8544,21,STA,WIFI_DROP,
19.8568,8,STA,WIFI_DROP,
19.8568,17,STA,WIFI_DROP,
19.8568,21,STA,WIFI_DROP,
19.8592,8,STA,WIFI_DROP,
19.8592,17,STA,WIFI_DROP,
19.8592,21,STA,WIFI_DROP,
19.8616,8,STA,WIFI_DROP,
19.8616,17,STA,WIFI_DROP,
19.8616,21,STA,WIFI_DROP,
19.864,8,STA,WIFI_DROP,
19.864,17,STA,WIFI_DROP,
19.864,21,STA,WIFI_DROP,
19.8664,8,STA,WIFI_DROP,
19.8664,17,STA,WIFI_DROP,
19.8664,21,STA,WIFI_DROP,
19.8688,8,STA,WIFI_DROP,
19.8688,17,STA,WIFI_DROP,
19.8688,21,STA,WIFI_DROP,
19.8712,8,STA,WIFI_DROP,
19.8712,17,STA,WIFI_DROP,
19.8712,21,STA,WIFI_DROP,
19.8736,8,STA,WIFI_DROP,
19.8736,17,STA,WIFI_DROP,
19.8736,21,STA,WIFI_DROP,
19.876,8,STA,WIFI_DROP,
19.876,17,STA,WIFI_DROP,
19.876,21,STA,WIFI_DROP,
19.8784,5,STA,WIFI_DROP,
19.8784,8,STA,WIFI_DROP,
19.8784,17,STA,WIFI_DROP,
19.8784,21,STA,WIFI_DROP,
19.8808,5,STA,WIFI_DROP,
19.8808,8,STA,WIFI_DROP,
19.8808,17,STA,WIFI_DROP,
19.8808,21,STA,WIFI_DROP,
19.8832,5,STA,WIFI_DROP,
19.8832,8,STA,WIFI_DROP,
19.8832,17,STA,WIFI_DROP,
19.8832,21,STA,WIFI_DROP,
19.8856,5,STA,WIFI_DROP,
19.8856,8,STA,WIFI_DROP,
19.8856,17,STA,WIFI_DROP,
19.8856,21,STA,WIFI_DROP,
19.888,5,STA,WIFI_DROP,
19.888,8,STA,WIFI_DROP,
19.888,17,STA,WIFI_DROP,
19.888,21,STA,WIFI_DROP,
19.8904,5,STA,WIFI_DROP,
19.8904,8,STA,WIFI_DROP,
19.8904,17,STA,WIFI_DROP,
19.8904,21,STA,WIFI_DROP,
19.8928,5,STA,WIFI_DROP,
19.8928,8,STA,WIFI_DROP,
19.8928,17,STA,WIFI_DROP,
19.8928,21,STA,WIFI_DROP,
19.8952,5,STA,WIFI_DROP,
19.8952,8,STA,WIFI_DROP,
19.8952,17,STA,WIFI_DROP,
19.8952,21,STA,WIFI_DROP,
19.8976,5,STA,WIFI_DROP,
19.8976,8,STA,WIFI_DROP,
19.8976,17,STA,WIFI_DROP,
19.8976,21,STA,WIFI_DROP,
19.9,5,STA,WIFI_DROP,
19.9,8,STA,WIFI_DROP,
19.9,17,STA,WIFI_DROP,
19.9,21,STA,WIFI_DROP,
19.9024,5,STA,WIFI_DROP,
19.9024,8,STA,WIFI_DROP,
19.9024,17,STA,WIFI_DROP,
19.9024,21,STA,WIFI_DROP,
19.9048,5,STA,WIFI_DROP,
19.9048,8,STA,WIFI_DROP,
19.9048,17,STA,WIFI_DROP,
19.9048,21,STA,WIFI_DROP,
19.9072,5,STA,WIFI_DROP,
19.9072,8,STA,WIFI_DROP,
19.9072,17,STA,WIFI_DROP,
19.9072,21,STA,WIFI_DROP,
19.9096,5,STA,WIFI_DROP,
19.9096,8,STA,WIFI_DROP,
19.9096,17,STA,WIFI_DROP,
19.9096,21,STA,WIFI_DROP,
19.912,5,STA,WIFI_DROP,
19.912,8,STA,WIFI_DROP,
19.912,17,STA,WIFI_DROP,
19.912,21,STA,WIFI_DROP,
19.9144,5,STA,WIFI_DROP,
19.9144,8,STA,WIFI_DROP,
19.9144,17,STA,WIFI_DROP,
19.9144,21,STA,WIFI_DROP,
19.9168,5,STA,WIFI_DROP,
19.9168,8,STA,WIFI_DROP,
19.9168,17,STA,WIFI_DROP,
19.9168,21,STA,WIFI_DROP,
19.9192,5,STA,WIFI_DROP,
19.9192,8,STA,WIFI_DROP,
19.9192,17,STA,WIFI_DROP,
19.9192,21,STA,WIFI_DROP,
19.9216,5,STA,WIFI_DROP,
19.9216,8,STA,WIFI_DROP,
19.9216,17,STA,WIFI_DROP,
19.9216,21,STA,WIFI_DROP,
19.924,5,STA,WIFI_DROP,
19.924,8,STA,WIFI_DROP,
19.924,17,STA,WIFI_DROP,
19.924,21,STA,WIFI_DROP,
19.9264,5,STA,WIFI_DROP,
19.9264,8,STA,WIFI_DROP,
19.9264,17,STA,WIFI_DROP,
19.9264,21,STA,WIFI_DROP,
19.9288,8,STA,WIFI_DROP,
19.9288,17,STA,WIFI_DROP,
19.9288,21,STA,WIFI_DROP,
19.9312,8,STA,WIFI_DROP,
19.9312,17,STA,WIFI_DROP,
19.9312,21,STA,WIFI_DROP,
19.9336,8,STA,WIFI_DROP,
19.9336,17,STA,WIFI_DROP,
19.9336,21,STA,WIFI_DROP,
19.936,8,STA,WIFI_DROP,
19.936,17,STA,WIFI_DROP,
19.936,21,STA,WIFI_DROP,
19.9384,8,STA,WIFI_DROP,
19.9384,17,STA,WIFI_DROP,
19.9384,21,STA,WIFI_DROP,
19.9408,8,STA,WIFI_DROP,
19.9408,17,STA,WIFI_DROP,
19.9408,21,STA,WIFI_DROP,
19.9432,8,STA,WIFI_DROP,
19.9432,17,STA,WIFI_DROP,
19.9432,21,STA,WIFI_DROP,
19.9456,8,STA,WIFI_DROP,
19.9456,17,STA,WIFI_DROP,
19.9456,21,STA,WIFI_DROP,
19.948,8,STA,WIFI_DROP,
19.948,17,STA,WIFI_DROP,
19.948,21,STA,WIFI_DROP,
19.9504,8,STA,WIFI_DROP,
19.9504,17,STA,WIFI_DROP,
19.9504,21,STA,WIFI_DROP,
19.9528,8,STA,WIFI_DROP,
19.9528,17,STA,WIFI_DROP,
19.9528,21,STA,WIFI_DROP,
19.9552,8,STA,WIFI_DROP,
19.9552,17,STA,WIFI_DROP,
19.9552,21,STA,WIFI_DROP,
19.9576,8,STA,WIFI_DROP,
19.9576,17,STA,WIFI_DROP,
19.9576,21,STA,WIFI_DROP,
19.96,8,STA,WIFI_DROP,
19.96,17,STA,WIFI_DROP,
19.96,21,STA,WIFI_DROP,
19.9624,8,STA,WIFI_DROP,
19.9624,17,STA,WIFI_DROP,
19.9624,21,STA,WIFI_DROP,
19.9648,8,STA,WIFI_DROP,
19.9648,17,STA,WIFI_DROP,
19.9648,21,STA,WIFI_DROP,
19.9672,8,STA,WIFI_DROP,
19.9672,17,STA,WIFI_DROP,
19.9672,21,STA,WIFI_DROP,
19.9696,8,STA,WIFI_DROP,
19.9696,17,STA,WIFI_DROP,
19.9696,21,STA,WIFI_DROP,
19.972,8,STA,WIFI_DROP,
19.972,17,STA,WIFI_DROP,
19.972,21,STA,WIFI_DROP,
19.9744,8,STA,WIFI_DROP,
19.9744,17,STA,WIFI_DROP,
19.9744,21,STA,WIFI_DROP,
19.9768,8,STA,WIFI_DROP,
19.9768,17,STA,WIFI_DROP,
19.9768,21,STA,WIFI_DROP,
19.9792,8,STA,WIFI_DROP,
19.9792,17,STA,WIFI_DROP,
19.9792,21,STA,WIFI_DROP,
19.9816,8,STA,WIFI_DROP,
19.9816,17,STA,WIFI_DROP,
19.9816,21,STA,WIFI_DROP,
19.984,8,STA,WIFI_DROP,
19.984,17,STA,WIFI_DROP,
19.984,21,STA,WIFI_DROP,
19.9864,8,STA,WIFI_DROP,
19.9864,17,STA,WIFI_DROP,
19.9864,21,STA,WIFI_DROP,
19.9888,8,STA,WIFI_DROP,
19.9888,17,STA,WIFI_DROP,
19.9888,21,STA,WIFI_DROP,
19.9912,8,STA,WIFI_DROP,
19.9912,17,STA,WIFI_DROP,
19.9912,21,STA,WIFI_DROP,
19.9936,8,STA,WIFI_DROP,
19.9936,17,STA,WIFI_DROP,
19.9936,21,STA,WIFI_DROP,
19.996,8,STA,WIFI_DROP,
19.996,17,STA,WIFI_DROP,
19.996,21,STA,WIFI_DROP,
19.9984,8,STA,WIFI_DROP,
19.9984,17,STA,WIFI_DROP,
19.9984,21,STA,WIFI_DROP,
