Time_s,NodeID,NodeType,Action,Value
0,2,STA,FIXED_STA_DISTANCE,105.000000
0,3,STA,FIXED_STA_DISTANCE,105.000000
0,4,STA,FIXED_STA_DISTANCE,105.000000
0,5,STA,FIXED_STA_DISTANCE,105.000000
0,6,STA,FIXED_STA_DISTANCE,105.000000
0,7,STA,FIXED_STA_DISTANCE,105.000000
0,8,STA,FIXED_STA_DISTANCE,105.000000
0,9,STA,FIXED_STA_DISTANCE,105.000000
0,10,STA,FIXED_STA_DISTANCE,105.000000
0,11,STA,FIXED_STA_DISTANCE,105.000000
0,12,STA,FIXED_STA_DISTANCE,105.000000
0,13,STA,FIXED_STA_DISTANCE,105.000000
0,14,STA,FIXED_STA_DISTANCE,105.000000
0,15,STA,FIXED_STA_DISTANCE,105.000000
0,16,STA,FIXED_STA_DISTANCE,105.000000
0,17,STA,FIXED_STA_DISTANCE,105.000000
0,18,STA,FIXED_STA_DISTANCE,105.000000
0,19,STA,FIXED_STA_DISTANCE,105.000000
0,20,STA,FIXED_STA_DISTANCE,105.000000
0,21,STA,FIXED_STA_DISTANCE,105.000000
0,2,STA,FIXED_TX_POWER_DBM,24.000000
0,2,STA,NAKAGAMI_FADING,1.000000
0.0551641,15,STA,ASSOC,
0.0551641,15,STA,JOINED,
0.101298,20,STA,ASSOC,
0.101298,20,STA,JOINED,
0.10507,11,STA,ASSOC,
0.10507,11,STA,JOINED,
0.109848,7,STA,ASSOC,
0.109848,7,STA,JOINED,
0.156393,10,STA,ASSOC,
0.156393,10,STA,JOINED,
0.203773,18,STA,ASSOC,
0.203773,18,STA,JOINED,
0.255284,9,STA,ASSOC,
0.255284,9,STA,JOINED,
0.304102,16,STA,ASSOC,
0.304102,16,STA,JOINED,
0.353135,5,STA,ASSOC,
0.353135,5,STA,JOINED,
0.403268,2,STA,ASSOC,
0.403268,2,STA,JOINED,
0.603148,6,STA,ASSOC,
0.603148,6,STA,JOINED,
0.604411,14,STA,ASSOC,
0.604411,14,STA,JOINED,
0.609403,3,STA,ASSOC,
0.609403,3,STA,JOINED,
0.653164,4,STA,ASSOC,
0.653164,4,STA,JOINED,
0.655471,19,STA,ASSOC,
0.655471,19,STA,JOINED,
0.707548,13,STA,ASSOC,
0.707548,13,STA,JOINED,
1,1,AP,SENT_COUNT,
1,1,AP,RECV_COUNT,
1,8,STA,WIFI_DROP,
1,12,STA,WIFI_DROP,
1,17,STA,WIFI_DROP,
1,21,STA,WIFI_DROP,
1.0024,8,STA,WIFI_DROP,
1.0024,12,STA,WIFI_DROP,
1.0024,17,STA,WIFI_DROP,
1.0024,21,STA,WIFI_DROP,
1.0048,8,STA,WIFI_DROP,
1.0048,12,STA,WIFI_DROP,
1.0048,17,STA,WIFI_DROP,
1.0048,21,STA,WIFI_DROP,
1.0072,8,STA,WIFI_DROP,
1.0072,12,STA,WIFI_DROP,
1.0072,17,STA,WIFI_DROP,
1.0072,21,STA,WIFI_DROP,
1.0096,8,STA,WIFI_DROP,
1.0096,12,STA,WIFI_DROP,
1.0096,17,STA,WIFI_DROP,
1.0096,21,STA,WIFI_DROP,
1.012,8,STA,WIFI_DROP,
1.012,12,STA,WIFI_DROP,
1.012,17,STA,WIFI_DROP,
1.012,21,STA,WIFI_DROP,
1.0144,8,STA,WIFI_DROP,
1.0144,12,STA,WIFI_DROP,
1.0144,17,STA,WIFI_DROP,
1.0144,21,STA,WIFI_DROP,
1.0168,8,STA,WIFI_DROP,
1.0168,12,STA,WIFI_DROP,
1.0168,17,STA,WIFI_DROP,
1.0168,21,STA,WIFI_DROP,
1.0192,8,STA,WIFI_DROP,
1.0192,12,STA,WIFI_DROP,
1.0192,17,STA,WIFI_DROP,
1.0192,21,STA,WIFI_DROP,
1.0216,8,STA,WIFI_DROP,
1.0216,12,STA,WIFI_DROP,
1.0216,17,STA,WIFI_DROP,
1.0216,21,STA,WIFI_DROP,
1.024,8,STA,WIFI_DROP,
1.024,12,STA,WIFI_DROP,
1.024,17,STA,WIFI_DROP,
1.024,21,STA,WIFI_DROP,
1.0264,8,STA,WIFI_DROP,
1.0264,12,STA,WIFI_DROP,
1.0264,17,STA,WIFI_DROP,
1.0264,21,STA,WIFI_DROP,
1.0288,8,STA,WIFI_DROP,
1.0288,12,STA,WIFI_DROP,
1.0288,17,STA,WIFI_DROP,
1.0288,21,STA,WIFI_DROP,
1.0312,8,STA,WIFI_DROP,
1.0312,12,STA,WIFI_DROP,
1.0312,17,STA,WIFI_DROP,
1.0312,21,STA,WIFI_DROP,
1.0336,8,STA,WIFI_DROP,
1.0336,12,STA,WIFI_DROP,
1.0336,17,STA,WIFI_DROP,
1.0336,21,STA,WIFI_DROP,
1.036,8,STA,WIFI_DROP,
1.036,12,STA,WIFI_DROP,
1.036,17,STA,WIFI_DROP,
1.036,21,STA,WIFI_DROP,
1.0384,8,STA,WIFI_DROP,
1.0384,12,STA,WIFI_DROP,
1.0384,17,STA,WIFI_DROP,
1.0384,21,STA,WIFI_DROP,
1.0408,8,STA,WIFI_DROP,
1.0408,12,STA,WIFI_DROP,
1.0408,17,STA,WIFI_DROP,
1.0408,21,STA,WIFI_DROP,
1.0432,8,STA,WIFI_DROP,
1.0432,12,STA,WIFI_DROP,
1.0432,17,STA,WIFI_DROP,
1.0432,21,STA,WIFI_DROP,
1.0456,8,STA,WIFI_DROP,
1.0456,12,STA,WIFI_DROP,
1.0456,17,STA,WIFI_DROP,
1.0456,21,STA,WIFI_DROP,
1.048,8,STA,WIFI_DROP,
1.048,12,STA,WIFI_DROP,
1.048,17,STA,WIFI_DROP,
1.048,21,STA,WIFI_DROP,
1.0504,8,STA,WIFI_DROP,
1.0504,12,STA,WIFI_DROP,
1.0504,17,STA,WIFI_DROP,
1.0504,21,STA,WIFI_DROP,
1.05217,17,STA,ASSOC,
1.05217,17,STA,JOINED,
1.0528,8,STA,WIFI_DROP,
1.0528,12,STA,WIFI_DROP,
1.0528,21,STA,WIFI_DROP,
1.0552,8,STA,WIFI_DROP,
1.0552,12,STA,WIFI_DROP,
1.0552,21,STA,WIFI_DROP,
1.0576,8,STA,WIFI_DROP,
1.0576,12,STA,WIFI_DROP,
1.0576,21,STA,WIFI_DROP,
1.06,8,STA,WIFI_DROP,
1.06,12,STA,WIFI_DROP,
1.06,21,STA,WIFI_DROP,
1.0624,8,STA,WIFI_DROP,
1.0624,12,STA,WIFI_DROP,
1.0624,21,STA,WIFI_DROP,
1.0648,8,STA,WIFI_DROP,
1.0648,12,STA,WIFI_DROP,
1.0648,21,STA,WIFI_DROP,
1.0672,8,STA,WIFI_DROP,
1.0672,12,STA,WIFI_DROP,
1.0672,21,STA,WIFI_DROP,
1.0696,8,STA,WIFI_DROP,
1.0696,12,STA,WIFI_DROP,
1.0696,21,STA,WIFI_DROP,
1.072,8,STA,WIFI_DROP,
1.072,12,STA,WIFI_DROP,
1.072,21,STA,WIFI_DROP,
1.0744,8,STA,WIFI_DROP,
1.0744,12,STA,WIFI_DROP,
1.0744,17,STA,WIFI_DROP,
1.0744,21,STA,WIFI_DROP,
1.0768,8,STA,WIFI_DROP,
1.0768,12,STA,WIFI_DROP,
1.0768,17,STA,WIFI_DROP,
1.0768,21,STA,WIFI_DROP,
1.0792,8,STA,WIFI_DROP,
1.0792,12,STA,WIFI_DROP,
1.0792,17,STA,WIFI_DROP,
1.0792,21,STA,WIFI_DROP,
1.0816,8,STA,WIFI_DROP,
1.0816,12,STA,WIFI_DROP,
1.0816,17,STA,WIFI_DROP,
1.0816,21,STA,WIFI_DROP,
1.084,8,STA,WIFI_DROP,
1.084,12,STA,WIFI_DROP,
1.084,17,STA,WIFI_DROP,
1.084,21,STA,WIFI_DROP,
1.0864,8,STA,WIFI_DROP,
1.0864,12,STA,WIFI_DROP,
1.0864,17,STA,WIFI_DROP,
1.0864,21,STA,WIFI_DROP,
1.0888,8,STA,WIFI_DROP,
1.0888,12,STA,WIFI_DROP,
1.0888,17,STA,WIFI_DROP,
1.0888,21,STA,WIFI_DROP,
1.0912,8,STA,WIFI_DROP,
1.0912,12,STA,WIFI_DROP,
1.0912,17,STA,WIFI_DROP,
1.0912,21,STA,WIFI_DROP,
1.0936,8,STA,WIFI_DROP,
1.0936,12,STA,WIFI_DROP,
1.0936,17,STA,WIFI_DROP,
1.0936,21,STA,WIFI_DROP,
1.096,8,STA,WIFI_DROP,
1.096,12,STA,WIFI_DROP,
1.096,17,STA,WIFI_DROP,
1.096,21,STA,WIFI_DROP,
1.0984,8,STA,WIFI_DROP,
1.0984,12,STA,WIFI_DROP,
1.0984,17,STA,WIFI_DROP,
1.0984,21,STA,WIFI_DROP,
1.1008,8,STA,WIFI_DROP,
1.1008,12,STA,WIFI_DROP,
1.1008,17,STA,WIFI_DROP,
1.1008,21,STA,WIFI_DROP,
1.10184,8,STA,ASSOC,
1.10184,8,STA,JOINED,
1.1032,12,STA,WIFI_DROP,
1.1032,17,STA,WIFI_DROP,
1.1032,21,STA,WIFI_DROP,
1.1056,12,STA,WIFI_DROP,
1.1056,17,STA,WIFI_DROP,
1.1056,21,STA,WIFI_DROP,
1.108,12,STA,WIFI_DROP,
1.108,17,STA,WIFI_DROP,
1.108,21,STA,WIFI_DROP,
1.1104,12,STA,WIFI_DROP,
1.1104,17,STA,WIFI_DROP,
1.1104,21,STA,WIFI_DROP,
1.1128,12,STA,WIFI_DROP,
1.1128,17,STA,WIFI_DROP,
1.1128,21,STA,WIFI_DROP,
1.1152,12,STA,WIFI_DROP,
1.1152,17,STA,WIFI_DROP,
1.1152,21,STA,WIFI_DROP,
1.1176,12,STA,WIFI_DROP,
1.1176,17,STA,WIFI_DROP,
1.1176,21,STA,WIFI_DROP,
1.12,12,STA,WIFI_DROP,
1.12,17,STA,WIFI_DROP,
1.12,21,STA,WIFI_DROP,
1.1224,12,STA,WIFI_DROP,
1.1224,17,STA,WIFI_DROP,
1.1224,21,STA,WIFI_DROP,
1.1248,3,STA,WIFI_DROP,
1.1248,6,STA,WIFI_DROP,
1.1248,8,STA,WIFI_DROP,
1.1248,12,STA,WIFI_DROP,
1.1248,17,STA,WIFI_DROP,
1.1248,21,STA,WIFI_DROP,
1.1272,3,STA,WIFI_DROP,
1.1272,6,STA,WIFI_DROP,
1.1272,8,STA,WIFI_DROP,
1.1272,12,STA,WIFI_DROP,
1.1272,17,STA,WIFI_DROP,
1.1272,21,STA,WIFI_DROP,
1.1296,3,STA,WIFI_DROP,
1.1296,6,STA,WIFI_DROP,
1.1296,8,STA,WIFI_DROP,
1.1296,12,STA,WIFI_DROP,
1.1296,17,STA,WIFI_DROP,
1.1296,21,STA,WIFI_DROP,
1.132,3,STA,WIFI_DROP,
1.132,6,STA,WIFI_DROP,
1.132,8,STA,WIFI_DROP,
1.132,12,STA,WIFI_DROP,
1.132,17,STA,WIFI_DROP,
1.132,21,STA,WIFI_DROP,
1.1344,3,STA,WIFI_DROP,
1.1344,6,STA,WIFI_DROP,
1.1344,8,STA,WIFI_DROP,
1.1344,12,STA,WIFI_DROP,
1.1344,17,STA,WIFI_DROP,
1.1344,21,STA,WIFI_DROP,
1.1368,3,STA,WIFI_DROP,
1.1368,6,STA,WIFI_DROP,
1.1368,8,STA,WIFI_DROP,
1.1368,12,STA,WIFI_DROP,
1.1368,17,STA,WIFI_DROP,
1.1368,21,STA,WIFI_DROP,
1.1392,3,STA,WIFI_DROP,
1.1392,6,STA,WIFI_DROP,
1.1392,8,STA,WIFI_DROP,
1.1392,12,STA,WIFI_DROP,
1.1392,17,STA,WIFI_DROP,
1.1392,21,STA,WIFI_DROP,
1.1416,3,STA,WIFI_DROP,
1.1416,6,STA,WIFI_DROP,
1.1416,8,STA,WIFI_DROP,
1.1416,12,STA,WIFI_DROP,
1.1416,17,STA,WIFI_DROP,
1.1416,21,STA,WIFI_DROP,
1.144,3,STA,WIFI_DROP,
1.144,6,STA,WIFI_DROP,
1.144,8,STA,WIFI_DROP,
1.144,12,STA,WIFI_DROP,
1.144,17,STA,WIFI_DROP,
1.144,21,STA,WIFI_DROP,
1.1464,3,STA,WIFI_DROP,
1.1464,6,STA,WIFI_DROP,
1.1464,8,STA,WIFI_DROP,
1.1464,12,STA,WIFI_DROP,
1.1464,17,STA,WIFI_DROP,
1.1464,21,STA,WIFI_DROP,
1.1488,3,STA,WIFI_DROP,
1.1488,6,STA,WIFI_DROP,
1.1488,8,STA,WIFI_DROP,
1.1488,12,STA,WIFI_DROP,
1.1488,17,STA,WIFI_DROP,
1.1488,21,STA,WIFI_DROP,
1.1512,3,STA,WIFI_DROP,
1.1512,6,STA,WIFI_DROP,
1.1512,8,STA,WIFI_DROP,
1.1512,12,STA,WIFI_DROP,
1.1512,17,STA,WIFI_DROP,
1.1512,21,STA,WIFI_DROP,
1.1536,3,STA,WIFI_DROP,
1.1536,6,STA,WIFI_DROP,
1.1536,8,STA,WIFI_DROP,
1.1536,12,STA,WIFI_DROP,
1.1536,17,STA,WIFI_DROP,
1.1536,21,STA,WIFI_DROP,
1.156,3,STA,WIFI_DROP,
1.156,6,STA,WIFI_DROP,
1.156,8,STA,WIFI_DROP,
1.156,12,STA,WIFI_DROP,
1.156,17,STA,WIFI_DROP,
1.156,21,STA,WIFI_DROP,
1.1584,3,STA,WIFI_DROP,
1.1584,6,STA,WIFI_DROP,
1.1584,8,STA,WIFI_DROP,
1.1584,12,STA,WIFI_DROP,
1.1584,17,STA,WIFI_DROP,
1.1584,21,STA,WIFI_DROP,
1.1608,3,STA,WIFI_DROP,
1.1608,6,STA,WIFI_DROP,
1.1608,8,STA,WIFI_DROP,
1.1608,12,STA,WIFI_DROP,
1.1608,17,STA,WIFI_DROP,
1.1608,21,STA,WIFI_DROP,
1.1632,3,STA,WIFI_DROP,
1.1632,6,STA,WIFI_DROP,
1.1632,8,STA,WIFI_DROP,
1.1632,12,STA,WIFI_DROP,
1.1632,17,STA,WIFI_DROP,
1.1632,21,STA,WIFI_DROP,
1.1656,3,STA,WIFI_DROP,
1.1656,6,STA,WIFI_DROP,
1.1656,8,STA,WIFI_DROP,
1.1656,12,STA,WIFI_DROP,
1.1656,17,STA,WIFI_DROP,
1.1656,21,STA,WIFI_DROP,
1.168,3,STA,WIFI_DROP,
1.168,6,STA,WIFI_DROP,
1.168,8,STA,WIFI_DROP,
1.168,12,STA,WIFI_DROP,
1.168,17,STA,WIFI_DROP,
1.168,21,STA,WIFI_DROP,
1.1704,3,STA,WIFI_DROP,
1.1704,6,STA,WIFI_DROP,
1.1704,8,STA,WIFI_DROP,
1.1704,12,STA,WIFI_DROP,
1.1704,17,STA,WIFI_DROP,
1.1704,21,STA,WIFI_DROP,
1.1728,3,STA,WIFI_DROP,
1.1728,6,STA,WIFI_DROP,
1.1728,8,STA,WIFI_DROP,
1.1728,12,STA,WIFI_DROP,
1.1728,17,STA,WIFI_DROP,
1.1728,21,STA,WIFI_DROP,
1.1752,3,STA,WIFI_DROP,
1.1752,4,STA,WIFI_DROP,
1.1752,6,STA,WIFI_DROP,
1.1752,8,STA,WIFI_DROP,
1.1752,12,STA,WIFI_DROP,
1.1752,17,STA,WIFI_DROP,
1.1752,21,STA,WIFI_DROP,
1.1776,3,STA,WIFI_DROP,
1.1776,4,STA,WIFI_DROP,
1.1776,6,STA,WIFI_DROP,
1.1776,8,STA,WIFI_DROP,
1.1776,12,STA,WIFI_DROP,
1.1776,17,STA,WIFI_DROP,
1.1776,21,STA,WIFI_DROP,
1.18,3,STA,WIFI_DROP,
1.18,4,STA,WIFI_DROP,
1.18,6,STA,WIFI_DROP,
1.18,8,STA,WIFI_DROP,
1.18,12,STA,WIFI_DROP,
1.18,17,STA,WIFI_DROP,
1.18,21,STA,WIFI_DROP,
1.1824,3,STA,WIFI_DROP,
1.1824,4,STA,WIFI_DROP,
1.1824,6,STA,WIFI_DROP,
1.1824,8,STA,WIFI_DROP,
1.1824,12,STA,WIFI_DROP,
1.1824,17,STA,WIFI_DROP,
1.1824,21,STA,WIFI_DROP,
1.1848,3,STA,WIFI_DROP,
1.1848,4,STA,WIFI_DROP,
1.1848,6,STA,WIFI_DROP,
1.1848,8,STA,WIFI_DROP,
1.1848,12,STA,WIFI_DROP,
1.1848,17,STA,WIFI_DROP,
1.1848,21,STA,WIFI_DROP,
1.1872,3,STA,WIFI_DROP,
1.1872,4,STA,WIFI_DROP,
1.1872,6,STA,WIFI_DROP,
1.1872,8,STA,WIFI_DROP,
1.1872,12,STA,WIFI_DROP,
1.1872,17,STA,WIFI_DROP,
1.1872,21,STA,WIFI_DROP,
1.1896,3,STA,WIFI_DROP,
1.1896,4,STA,WIFI_DROP,
1.1896,6,STA,WIFI_DROP,
1.1896,8,STA,WIFI_DROP,
1.1896,12,STA,WIFI_DROP,
1.1896,17,STA,WIFI_DROP,
1.1896,21,STA,WIFI_DROP,
1.192,3,STA,WIFI_DROP,
1.192,4,STA,WIFI_DROP,
1.192,6,STA,WIFI_DROP,
1.192,8,STA,WIFI_DROP,
1.192,12,STA,WIFI_DROP,
1.192,17,STA,WIFI_DROP,
1.192,21,STA,WIFI_DROP,
1.1944,3,STA,WIFI_DROP,
1.1944,4,STA,WIFI_DROP,
1.1944,6,STA,WIFI_DROP,
1.1944,8,STA,WIFI_DROP,
1.1944,12,STA,WIFI_DROP,
1.1944,17,STA,WIFI_DROP,
1.1944,21,STA,WIFI_DROP,
1.1968,3,STA,WIFI_DROP,
1.1968,4,STA,WIFI_DROP,
1.1968,6,STA,WIFI_DROP,
1.1968,8,STA,WIFI_DROP,
1.1968,12,STA,WIFI_DROP,
1.1968,17,STA,WIFI_DROP,
1.1968,21,STA,WIFI_DROP,
1.1992,3,STA,WIFI_DROP,
1.1992,4,STA,WIFI_DROP,
1.1992,6,STA,WIFI_DROP,
1.1992,8,STA,WIFI_DROP,
1.1992,12,STA,WIFI_DROP,
1.1992,17,STA,WIFI_DROP,
1.1992,21,STA,WIFI_DROP,
1.2016,3,STA,WIFI_DROP,
1.2016,4,STA,WIFI_DROP,
1.2016,6,STA,WIFI_DROP,
1.2016,8,STA,WIFI_DROP,
1.2016,12,STA,WIFI_DROP,
1.2016,17,STA,WIFI_DROP,
1.2016,21,STA,WIFI_DROP,
1.20282,12,STA,ASSOC,
1.20282,12,STA,JOINED,
1.204,3,STA,WIFI_DROP,
1.204,4,STA,WIFI_DROP,
1.204,6,STA,WIFI_DROP,
1.204,8,STA,WIFI_DROP,
1.204,17,STA,WIFI_DROP,
1.204,21,STA,WIFI_DROP,
1.2064,3,STA,WIFI_DROP,
1.2064,4,STA,WIFI_DROP,
1.2064,6,STA,WIFI_DROP,
1.2064,8,STA,WIFI_DROP,
1.2064,17,STA,WIFI_DROP,
1.2064,21,STA,WIFI_DROP,
1.2088,3,STA,WIFI_DROP,
1.2088,4,STA,WIFI_DROP,
1.2088,6,STA,WIFI_DROP,
1.2088,8,STA,WIFI_DROP,
1.2088,17,STA,WIFI_DROP,
1.2088,21,STA,WIFI_DROP,
1.2112,3,STA,WIFI_DROP,
1.2112,4,STA,WIFI_DROP,
1.2112,6,STA,WIFI_DROP,
1.2112,8,STA,WIFI_DROP,
1.2112,17,STA,WIFI_DROP,
1.2112,21,STA,WIFI_DROP,
1.2136,3,STA,WIFI_DROP,
1.2136,4,STA,WIFI_DROP,
1.2136,6,STA,WIFI_DROP,
1.2136,8,STA,WIFI_DROP,
1.2136,17,STA,WIFI_DROP,
1.2136,21,STA,WIFI_DROP,
1.216,3,STA,WIFI_DROP,
1.216,4,STA,WIFI_DROP,
1.216,6,STA,WIFI_DROP,
1.216,8,STA,WIFI_DROP,
1.216,17,STA,WIFI_DROP,
1.216,21,STA,WIFI_DROP,
1.2184,3,STA,WIFI_DROP,
1.2184,4,STA,WIFI_DROP,
1.2184,6,STA,WIFI_DROP,
1.2184,8,STA,WIFI_DROP,
1.2184,17,STA,WIFI_DROP,
1.2184,21,STA,WIFI_DROP,
1.2208,3,STA,WIFI_DROP,
1.2208,4,STA,WIFI_DROP,
1.2208,6,STA,WIFI_DROP,
1.2208,8,STA,WIFI_DROP,
1.2208,17,STA,WIFI_DROP,
1.2208,21,STA,WIFI_DROP,
1.2232,3,STA,WIFI_DROP,
1.2232,4,STA,WIFI_DROP,
1.2232,6,STA,WIFI_DROP,
1.2232,8,STA,WIFI_DROP,
1.2232,17,STA,WIFI_DROP,
1.2232,21,STA,WIFI_DROP,
1.2256,3,STA,WIFI_DROP,
1.2256,4,STA,WIFI_DROP,
1.2256,6,STA,WIFI_DROP,
1.2256,8,STA,WIFI_DROP,
1.2256,12,STA,WIFI_DROP,
1.2256,17,STA,WIFI_DROP,
1.2256,21,STA,WIFI_DROP,
1.228,3,STA,WIFI_DROP,
1.228,4,STA,WIFI_DROP,
1.228,6,STA,WIFI_DROP,
1.228,8,STA,WIFI_DROP,
1.228,12,STA,WIFI_DROP,
1.228,17,STA,WIFI_DROP,
1.228,21,STA,WIFI_DROP,
1.2304,3,STA,WIFI_DROP,
1.2304,4,STA,WIFI_DROP,
1.2304,6,STA,WIFI_DROP,
1.2304,8,STA,WIFI_DROP,
1.2304,12,STA,WIFI_DROP,
1.2304,17,STA,WIFI_DROP,
1.2304,21,STA,WIFI_DROP,
1.2328,3,STA,WIFI_DROP,
1.2328,4,STA,WIFI_DROP,
1.2328,6,STA,WIFI_DROP,
1.2328,8,STA,WIFI_DROP,
1.2328,12,STA,WIFI_DROP,
1.2328,17,STA,WIFI_DROP,
1.2328,21,STA,WIFI_DROP,
1.2352,3,STA,WIFI_DROP,
1.2352,4,STA,WIFI_DROP,
1.2352,6,STA,WIFI_DROP,
1.2352,8,STA,WIFI_DROP,
1.2352,12,STA,WIFI_DROP,
1.2352,17,STA,WIFI_DROP,
1.2352,21,STA,WIFI_DROP,
1.2376,4,STA,WIFI_DROP,
1.2376,6,STA,WIFI_DROP,
1.2376,8,STA,WIFI_DROP,
1.2376,12,STA,WIFI_DROP,
1.2376,17,STA,WIFI_DROP,
1.2376,21,STA,WIFI_DROP,
1.24,4,STA,WIFI_DROP,
1.24,6,STA,WIFI_DROP,
1.24,8,STA,WIFI_DROP,
1.24,12,STA,WIFI_DROP,
1.24,17,STA,WIFI_DROP,
1.24,21,STA,WIFI_DROP,
1.2424,4,STA,WIFI_DROP,
1.2424,6,STA,WIFI_DROP,
1.2424,8,STA,WIFI_DROP,
1.2424,12,STA,WIFI_DROP,
1.2424,17,STA,WIFI_DROP,
1.2424,21,STA,WIFI_DROP,
1.2448,4,STA,WIFI_DROP,
1.2448,6,STA,WIFI_DROP,
1.2448,8,STA,WIFI_DROP,
1.2448,12,STA,WIFI_DROP,
1.2448,17,STA,WIFI_DROP,
1.2448,21,STA,WIFI_DROP,
1.2472,4,STA,WIFI_DROP,
1.2472,6,STA,WIFI_DROP,
1.2472,8,STA,WIFI_DROP,
1.2472,12,STA,WIFI_DROP,
1.2472,17,STA,WIFI_DROP,
1.2472,21,STA,WIFI_DROP,
1.2496,4,STA,WIFI_DROP,
1.2496,6,STA,WIFI_DROP,
1.2496,8,STA,WIFI_DROP,
1.2496,12,STA,WIFI_DROP,
1.2496,17,STA,WIFI_DROP,
1.2496,21,STA,WIFI_DROP,
1.252,4,STA,WIFI_DROP,
1.252,6,STA,WIFI_DROP,
1.252,8,STA,WIFI_DROP,
1.252,12,STA,WIFI_DROP,
1.252,17,STA,WIFI_DROP,
1.252,21,STA,WIFI_DROP,
1.2544,4,STA,WIFI_DROP,
1.2544,6,STA,WIFI_DROP,
1.2544,8,STA,WIFI_DROP,
1.2544,12,STA,WIFI_DROP,
1.2544,17,STA,WIFI_DROP,
1.2544,21,STA,WIFI_DROP,
1.2568,4,STA,WIFI_DROP,
1.2568,6,STA,WIFI_DROP,
1.2568,8,STA,WIFI_DROP,
1.2568,12,STA,WIFI_DROP,
1.2568,17,STA,WIFI_DROP,
1.2568,21,STA,WIFI_DROP,
1.2592,4,STA,WIFI_DROP,
1.2592,6,STA,WIFI_DROP,
1.2592,8,STA,WIFI_DROP,
1.2592,12,STA,WIFI_DROP,
1.2592,17,STA,WIFI_DROP,
1.2592,21,STA,WIFI_DROP,
1.2616,4,STA,WIFI_DROP,
1.2616,6,STA,WIFI_DROP,
1.2616,8,STA,WIFI_DROP,
1.2616,12,STA,WIFI_DROP,
1.2616,17,STA,WIFI_DROP,
1.2616,21,STA,WIFI_DROP,
1.264,4,STA,WIFI_DROP,
1.264,6,STA,WIFI_DROP,
1.264,8,STA,WIFI_DROP,
1.264,12,STA,WIFI_DROP,
1.264,17,STA,WIFI_DROP,
1.264,21,STA,WIFI_DROP,
1.2664,4,STA,WIFI_DROP,
1.2664,6,STA,WIFI_DROP,
1.2664,8,STA,WIFI_DROP,
1.2664,12,STA,WIFI_DROP,
1.2664,17,STA,WIFI_DROP,
1.2664,21,STA,WIFI_DROP,
1.2688,4,STA,WIFI_DROP,
1.2688,6,STA,WIFI_DROP,
1.2688,8,STA,WIFI_DROP,
1.2688,12,STA,WIFI_DROP,
1.2688,17,STA,WIFI_DROP,
1.2688,21,STA,WIFI_DROP,
1.2712,4,STA,WIFI_DROP,
1.2712,6,STA,WIFI_DROP,
1.2712,8,STA,WIFI_DROP,
1.2712,12,STA,WIFI_DROP,
1.2712,17,STA,WIFI_DROP,
1.2712,21,STA,WIFI_DROP,
1.2736,4,STA,WIFI_DROP,
1.2736,6,STA,WIFI_DROP,
1.2736,8,STA,WIFI_DROP,
1.2736,12,STA,WIFI_DROP,
1.2736,17,STA,WIFI_DROP,
1.2736,21,STA,WIFI_DROP,
1.276,4,STA,WIFI_DROP,
1.276,6,STA,WIFI_DROP,
1.276,8,STA,WIFI_DROP,
1.276,12,STA,WIFI_DROP,
1.276,17,STA,WIFI_DROP,
1.276,21,STA,WIFI_DROP,
1.2784,4,STA,WIFI_DROP,
1.2784,6,STA,WIFI_DROP,
1.2784,8,STA,WIFI_DROP,
1.2784,12,STA,WIFI_DROP,
1.2784,17,STA,WIFI_DROP,
1.2784,21,STA,WIFI_DROP,
1.2808,4,STA,WIFI_DROP,
1.2808,6,STA,WIFI_DROP,
1.2808,8,STA,WIFI_DROP,
1.2808,12,STA,WIFI_DROP,
1.2808,17,STA,WIFI_DROP,
1.2808,21,STA,WIFI_DROP,
1.2832,4,STA,WIFI_DROP,
1.2832,6,STA,WIFI_DROP,
1.2832,8,STA,WIFI_DROP,
1.2832,12,STA,WIFI_DROP,
1.2832,17,STA,WIFI_DROP,
1.2832,21,STA,WIFI_DROP,
1.2856,4,STA,WIFI_DROP,
1.2856,6,STA,WIFI_DROP,
1.2856,8,STA,WIFI_DROP,
1.2856,12,STA,WIFI_DROP,
1.2856,17,STA,WIFI_DROP,
1.2856,21,STA,WIFI_DROP,
1.288,4,STA,WIFI_DROP,
1.288,6,STA,WIFI_DROP,
1.288,8,STA,WIFI_DROP,
1.288,12,STA,WIFI_DROP,
1.288,17,STA,WIFI_DROP,
1.288,21,STA,WIFI_DROP,
1.2904,4,STA,WIFI_DROP,
1.2904,6,STA,WIFI_DROP,
1.2904,8,STA,WIFI_DROP,
1.2904,12,STA,WIFI_DROP,
1.2904,17,STA,WIFI_DROP,
1.2904,21,STA,WIFI_DROP,
1.2928,4,STA,WIFI_DROP,
1.2928,6,STA,WIFI_DROP,
1.2928,8,STA,WIFI_DROP,
1.2928,12,STA,WIFI_DROP,
1.2928,17,STA,WIFI_DROP,
1.2928,21,STA,WIFI_DROP,
1.2952,4,STA,WIFI_DROP,
1.2952,6,STA,WIFI_DROP,
1.2952,8,STA,WIFI_DROP,
1.2952,12,STA,WIFI_DROP,
1.2952,17,STA,WIFI_DROP,
1.2952,21,STA,WIFI_DROP,
1.2976,4,STA,WIFI_DROP,
1.2976,6,STA,WIFI_DROP,
1.2976,8,STA,WIFI_DROP,
1.2976,12,STA,WIFI_DROP,
1.2976,17,STA,WIFI_DROP,
1.2976,21,STA,WIFI_DROP,
1.3,4,STA,WIFI_DROP,
1.3,6,STA,WIFI_DROP,
1.3,8,STA,WIFI_DROP,
1.3,12,STA,WIFI_DROP,
1.3,17,STA,WIFI_DROP,
1.3,21,STA,WIFI_DROP,
1.3024,4,STA,WIFI_DROP,
1.3024,6,STA,WIFI_DROP,
1.3024,8,STA,WIFI_DROP,
1.3024,12,STA,WIFI_DROP,
1.3024,17,STA,WIFI_DROP,
1.3024,21,STA,WIFI_DROP,
1.3032,21,STA,ASSOC,
1.3032,21,STA,JOINED,
1.3048,4,STA,WIFI_DROP,
1.3048,6,STA,WIFI_DROP,
1.3048,8,STA,WIFI_DROP,
1.3048,12,STA,WIFI_DROP,
1.3048,17,STA,WIFI_DROP,
1.3072,4,STA,WIFI_DROP,
1.3072,6,STA,WIFI_DROP,
1.3072,8,STA,WIFI_DROP,
1.3072,12,STA,WIFI_DROP,
1.3072,17,STA,WIFI_DROP,
1.3096,4,STA,WIFI_DROP,
1.3096,6,STA,WIFI_DROP,
1.3096,8,STA,WIFI_DROP,
1.3096,12,STA,WIFI_DROP,
1.3096,17,STA,WIFI_DROP,
1.312,4,STA,WIFI_DROP,
1.312,6,STA,WIFI_DROP,
1.312,8,STA,WIFI_DROP,
1.312,12,STA,WIFI_DROP,
1.312,17,STA,WIFI_DROP,
1.3144,4,STA,WIFI_DROP,
1.3144,6,STA,WIFI_DROP,
1.3144,8,STA,WIFI_DROP,
1.3144,12,STA,WIFI_DROP,
1.3144,17,STA,WIFI_DROP,
1.3168,4,STA,WIFI_DROP,
1.3168,6,STA,WIFI_DROP,
1.3168,8,STA,WIFI_DROP,
1.3168,12,STA,WIFI_DROP,
1.3168,17,STA,WIFI_DROP,
1.3192,4,STA,WIFI_DROP,
1.3192,6,STA,WIFI_DROP,
1.3192,8,STA,WIFI_DROP,
1.3192,12,STA,WIFI_DROP,
1.3192,17,STA,WIFI_DROP,
1.3216,4,STA,WIFI_DROP,
1.3216,6,STA,WIFI_DROP,
1.3216,8,STA,WIFI_DROP,
1.3216,12,STA,WIFI_DROP,
1.3216,17,STA,WIFI_DROP,
1.324,4,STA,WIFI_DROP,
1.324,6,STA,WIFI_DROP,
1.324,8,STA,WIFI_DROP,
1.324,12,STA,WIFI_DROP,
1.324,17,STA,WIFI_DROP,
1.3264,4,STA,WIFI_DROP,
1.3264,6,STA,WIFI_DROP,
1.3264,8,STA,WIFI_DROP,
1.3264,12,STA,WIFI_DROP,
1.3264,17,STA,WIFI_DROP,
1.3264,21,STA,WIFI_DROP,
1.3288,4,STA,WIFI_DROP,
1.3288,6,STA,WIFI_DROP,
1.3288,8,STA,WIFI_DROP,
1.3288,17,STA,WIFI_DROP,
1.3288,21,STA,WIFI_DROP,
1.3312,4,STA,WIFI_DROP,
1.3312,6,STA,WIFI_DROP,
1.3312,8,STA,WIFI_DROP,
1.3312,17,STA,WIFI_DROP,
1.3312,21,STA,WIFI_DROP,
1.3336,4,STA,WIFI_DROP,
1.3336,6,STA,WIFI_DROP,
1.3336,8,STA,WIFI_DROP,
1.3336,17,STA,WIFI_DROP,
1.3336,21,STA,WIFI_DROP,
1.336,4,STA,WIFI_DROP,
1.336,6,STA,WIFI_DROP,
1.336,8,STA,WIFI_DROP,
1.336,17,STA,WIFI_DROP,
1.336,21,STA,WIFI_DROP,
1.3384,4,STA,WIFI_DROP,
1.3384,6,STA,WIFI_DROP,
1.3384,8,STA,WIFI_DROP,
1.3384,17,STA,WIFI_DROP,
1.3384,21,STA,WIFI_DROP,
1.3408,4,STA,WIFI_DROP,
1.3408,6,STA,WIFI_DROP,
1.3408,8,STA,WIFI_DROP,
1.3408,17,STA,WIFI_DROP,
1.3408,21,STA,WIFI_DROP,
1.3432,4,STA,WIFI_DROP,
1.3432,6,STA,WIFI_DROP,
1.3432,8,STA,WIFI_DROP,
1.3432,17,STA,WIFI_DROP,
1.3432,21,STA,WIFI_DROP,
1.3456,4,STA,WIFI_DROP,
1.3456,6,STA,WIFI_DROP,
1.3456,8,STA,WIFI_DROP,
1.3456,17,STA,WIFI_DROP,
1.3456,21,STA,WIFI_DROP,
1.348,4,STA,WIFI_DROP,
1.348,6,STA,WIFI_DROP,
1.348,8,STA,WIFI_DROP,
1.348,17,STA,WIFI_DROP,
1.348,21,STA,WIFI_DROP,
1.3504,4,STA,WIFI_DROP,
1.3504,6,STA,WIFI_DROP,
1.3504,8,STA,WIFI_DROP,
1.3504,17,STA,WIFI_DROP,
1.3504,21,STA,WIFI_DROP,
1.3528,4,STA,WIFI_DROP,
1.3528,6,STA,WIFI_DROP,
1.3528,8,STA,WIFI_DROP,
1.3528,17,STA,WIFI_DROP,
1.3528,21,STA,WIFI_DROP,
1.3552,4,STA,WIFI_DROP,
1.3552,6,STA,WIFI_DROP,
1.3552,8,STA,WIFI_DROP,
1.3552,17,STA,WIFI_DROP,
1.3552,21,STA,WIFI_DROP,
1.3576,4,STA,WIFI_DROP,
1.3576,6,STA,WIFI_DROP,
1.3576,8,STA,WIFI_DROP,
1.3576,17,STA,WIFI_DROP,
1.3576,21,STA,WIFI_DROP,
1.36,4,STA,WIFI_DROP,
1.36,6,STA,WIFI_DROP,
1.36,8,STA,WIFI_DROP,
1.36,17,STA,WIFI_DROP,
1.36,21,STA,WIFI_DROP,
1.3624,4,STA,WIFI_DROP,
1.3624,6,STA,WIFI_DROP,
1.3624,8,STA,WIFI_DROP,
1.3624,17,STA,WIFI_DROP,
1.3624,21,STA,WIFI_DROP,
1.3648,4,STA,WIFI_DROP,
1.3648,6,STA,WIFI_DROP,
1.3648,8,STA,WIFI_DROP,
1.3648,17,STA,WIFI_DROP,
1.3648,21,STA,WIFI_DROP,
1.3672,4,STA,WIFI_DROP,
1.3672,6,STA,WIFI_DROP,
1.3672,8,STA,WIFI_DROP,
1.3672,17,STA,WIFI_DROP,
1.3672,21,STA,WIFI_DROP,
1.3696,4,STA,WIFI_DROP,
1.3696,6,STA,WIFI_DROP,
1.3696,8,STA,WIFI_DROP,
1.3696,17,STA,WIFI_DROP,
1.3696,21,STA,WIFI_DROP,
1.372,4,STA,WIFI_DROP,
1.372,6,STA,WIFI_DROP,
1.372,8,STA,WIFI_DROP,
1.372,17,STA,WIFI_DROP,
1.372,21,STA,WIFI_DROP,
1.3744,4,STA,WIFI_DROP,
1.3744,6,STA,WIFI_DROP,
1.3744,8,STA,WIFI_DROP,
1.3744,17,STA,WIFI_DROP,
1.3744,21,STA,WIFI_DROP,
1.3768,4,STA,WIFI_DROP,
1.3768,6,STA,WIFI_DROP,
1.3768,8,STA,WIFI_DROP,
1.3768,17,STA,WIFI_DROP,
1.3768,21,STA,WIFI_DROP,
1.3792,4,STA,WIFI_DROP,
1.3792,6,STA,WIFI_DROP,
1.3792,8,STA,WIFI_DROP,
1.3792,17,STA,WIFI_DROP,
1.3792,21,STA,WIFI_DROP,
1.3816,4,STA,WIFI_DROP,
1.3816,6,STA,WIFI_DROP,
1.3816,8,STA,WIFI_DROP,
1.3816,17,STA,WIFI_DROP,
1.384,4,STA,WIFI_DROP,
1.384,6,STA,WIFI_DROP,
1.384,8,STA,WIFI_DROP,
1.384,17,STA,WIFI_DROP,
1.3864,4,STA,WIFI_DROP,
1.3864,6,STA,WIFI_DROP,
1.3864,8,STA,WIFI_DROP,
1.3864,17,STA,WIFI_DROP,
1.3888,4,STA,WIFI_DROP,
1.3888,6,STA,WIFI_DROP,
1.3888,8,STA,WIFI_DROP,
1.3888,17,STA,WIFI_DROP,
1.3912,4,STA,WIFI_DROP,
1.3912,6,STA,WIFI_DROP,
1.3912,8,STA,WIFI_DROP,
1.3912,17,STA,WIFI_DROP,
1.3936,4,STA,WIFI_DROP,
1.3936,6,STA,WIFI_DROP,
1.3936,8,STA,WIFI_DROP,
1.3936,17,STA,WIFI_DROP,
1.396,4,STA,WIFI_DROP,
1.396,6,STA,WIFI_DROP,
1.396,8,STA,WIFI_DROP,
1.396,17,STA,WIFI_DROP,
1.3984,4,STA,WIFI_DROP,
1.3984,6,STA,WIFI_DROP,
1.3984,8,STA,WIFI_DROP,
1.3984,17,STA,WIFI_DROP,
1.4008,4,STA,WIFI_DROP,
1.4008,6,STA,WIFI_DROP,
1.4008,8,STA,WIFI_DROP,
1.4008,17,STA,WIFI_DROP,
1.4032,4,STA,WIFI_DROP,
1.4032,6,STA,WIFI_DROP,
1.4032,8,STA,WIFI_DROP,
1.4032,17,STA,WIFI_DROP,
1.4056,4,STA,WIFI_DROP,
1.4056,6,STA,WIFI_DROP,
1.4056,8,STA,WIFI_DROP,
1.4056,17,STA,WIFI_DROP,
1.408,4,STA,WIFI_DROP,
1.408,6,STA,WIFI_DROP,
1.408,8,STA,WIFI_DROP,
1.408,17,STA,WIFI_DROP,
1.4104,4,STA,WIFI_DROP,
1.4104,6,STA,WIFI_DROP,
1.4104,8,STA,WIFI_DROP,
1.4104,17,STA,WIFI_DROP,
1.4128,4,STA,WIFI_DROP,
1.4128,6,STA,WIFI_DROP,
1.4128,8,STA,WIFI_DROP,
1.4128,17,STA,WIFI_DROP,
1.4128,18,STA,WIFI_DROP,
1.4152,4,STA,WIFI_DROP,
1.4152,6,STA,WIFI_DROP,
1.4152,8,STA,WIFI_DROP,
1.4152,17,STA,WIFI_DROP,
1.4152,18,STA,WIFI_DROP,
1.4176,4,STA,WIFI_DROP,
1.4176,6,STA,WIFI_DROP,
1.4176,8,STA,WIFI_DROP,
1.4176,17,STA,WIFI_DROP,
1.4176,18,STA,WIFI_DROP,
1.42,4,STA,WIFI_DROP,
1.42,6,STA,WIFI_DROP,
1.42,8,STA,WIFI_DROP,
1.42,17,STA,WIFI_DROP,
1.42,18,STA,WIFI_DROP,
1.4224,4,STA,WIFI_DROP,
1.4224,6,STA,WIFI_DROP,
1.4224,8,STA,WIFI_DROP,
1.4224,17,STA,WIFI_DROP,
1.4224,18,STA,WIFI_DROP,
1.4248,4,STA,WIFI_DROP,
1.4248,6,STA,WIFI_DROP,
1.4248,8,STA,WIFI_DROP,
1.4248,17,STA,WIFI_DROP,
1.4248,18,STA,WIFI_DROP,
1.4272,4,STA,WIFI_DROP,
1.4272,6,STA,WIFI_DROP,
1.4272,8,STA,WIFI_DROP,
1.4272,17,STA,WIFI_DROP,
1.4272,18,STA,WIFI_DROP,
1.4296,4,STA,WIFI_DROP,
1.4296,6,STA,WIFI_DROP,
1.4296,17,STA,WIFI_DROP,
1.4296,18,STA,WIFI_DROP,
1.432,4,STA,WIFI_DROP,
1.432,6,STA,WIFI_DROP,
1.432,17,STA,WIFI_DROP,
1.432,18,STA,WIFI_DROP,
1.4344,4,STA,WIFI_DROP,
1.4344,6,STA,WIFI_DROP,
1.4344,17,STA,WIFI_DROP,
1.4344,18,STA,WIFI_DROP,
1.4368,4,STA,WIFI_DROP,
1.4368,6,STA,WIFI_DROP,
1.4368,17,STA,WIFI_DROP,
1.4368,18,STA,WIFI_DROP,
1.4392,4,STA,WIFI_DROP,
1.4392,6,STA,WIFI_DROP,
1.4392,17,STA,WIFI_DROP,
1.4392,18,STA,WIFI_DROP,
1.4416,4,STA,WIFI_DROP,
1.4416,6,STA,WIFI_DROP,
1.4416,17,STA,WIFI_DROP,
1.4416,18,STA,WIFI_DROP,
1.444,4,STA,WIFI_DROP,
1.444,6,STA,WIFI_DROP,
1.444,17,STA,WIFI_DROP,
1.444,18,STA,WIFI_DROP,
1.4464,4,STA,WIFI_DROP,
1.4464,6,STA,WIFI_DROP,
1.4464,17,STA,WIFI_DROP,
1.4464,18,STA,WIFI_DROP,
1.4488,4,STA,WIFI_DROP,
1.4488,6,STA,WIFI_DROP,
1.4488,17,STA,WIFI_DROP,
1.4488,18,STA,WIFI_DROP,
1.4512,4,STA,WIFI_DROP,
1.4512,6,STA,WIFI_DROP,
1.4512,17,STA,WIFI_DROP,
1.4512,18,STA,WIFI_DROP,
1.4536,4,STA,WIFI_DROP,
1.4536,6,STA,WIFI_DROP,
1.4536,17,STA,WIFI_DROP,
1.4536,18,STA,WIFI_DROP,
1.456,4,STA,WIFI_DROP,
1.456,6,STA,WIFI_DROP,
1.456,17,STA,WIFI_DROP,
1.456,18,STA,WIFI_DROP,
1.4584,4,STA,WIFI_DROP,
1.4584,6,STA,WIFI_DROP,
1.4584,17,STA,WIFI_DROP,
1.4584,18,STA,WIFI_DROP,
1.4608,4,STA,WIFI_DROP,
1.4608,6,STA,WIFI_DROP,
1.4608,17,STA,WIFI_DROP,
1.4608,18,STA,WIFI_DROP,
1.4632,4,STA,WIFI_DROP,
1.4632,6,STA,WIFI_DROP,
1.4632,17,STA,WIFI_DROP,
1.4632,18,STA,WIFI_DROP,
1.4656,4,STA,WIFI_DROP,
1.4656,6,STA,WIFI_DROP,
1.4656,17,STA,WIFI_DROP,
1.4656,18,STA,WIFI_DROP,
1.468,4,STA,WIFI_DROP,
1.468,6,STA,WIFI_DROP,
1.468,17,STA,WIFI_DROP,
1.468,18,STA,WIFI_DROP,
1.4704,4,STA,WIFI_DROP,
1.4704,6,STA,WIFI_DROP,
1.4704,17,STA,WIFI_DROP,
1.4704,18,STA,WIFI_DROP,
1.4728,4,STA,WIFI_DROP,
1.4728,6,STA,WIFI_DROP,
1.4728,17,STA,WIFI_DROP,
1.4728,18,STA,WIFI_DROP,
1.4752,4,STA,WIFI_DROP,
1.4752,6,STA,WIFI_DROP,
1.4752,17,STA,WIFI_DROP,
1.4752,18,STA,WIFI_DROP,
1.4776,4,STA,WIFI_DROP,
1.4776,6,STA,WIFI_DROP,
1.4776,17,STA,WIFI_DROP,
1.4776,18,STA,WIFI_DROP,
1.48,4,STA,WIFI_DROP,
1.48,6,STA,WIFI_DROP,
1.48,17,STA,WIFI_DROP,
1.48,18,STA,WIFI_DROP,
1.4824,4,STA,WIFI_DROP,
1.4824,6,STA,WIFI_DROP,
1.4824,17,STA,WIFI_DROP,
1.4824,18,STA,WIFI_DROP,
1.4848,4,STA,WIFI_DROP,
1.4848,6,STA,WIFI_DROP,
1.4848,17,STA,WIFI_DROP,
1.4848,18,STA,WIFI_DROP,
1.4872,4,STA,WIFI_DROP,
1.4872,6,STA,WIFI_DROP,
1.4872,17,STA,WIFI_DROP,
1.4872,18,STA,WIFI_DROP,
1.4896,4,STA,WIFI_DROP,
1.4896,6,STA,WIFI_DROP,
1.4896,17,STA,WIFI_DROP,
1.4896,18,STA,WIFI_DROP,
1.492,4,STA,WIFI_DROP,
1.492,6,STA,WIFI_DROP,
1.492,17,STA,WIFI_DROP,
1.492,18,STA,WIFI_DROP,
1.4944,4,STA,WIFI_DROP,
1.4944,6,STA,WIFI_DROP,
1.4944,17,STA,WIFI_DROP,
1.4944,18,STA,WIFI_DROP,
1.4968,4,STA,WIFI_DROP,
1.4968,6,STA,WIFI_DROP,
1.4968,17,STA,WIFI_DROP,
1.4968,18,STA,WIFI_DROP,
1.4992,4,STA,WIFI_DROP,
1.4992,6,STA,WIFI_DROP,
1.4992,17,STA,WIFI_DROP,
1.4992,18,STA,WIFI_DROP,
1.5016,4,STA,WIFI_DROP,
1.5016,6,STA,WIFI_DROP,
1.5016,17,STA,WIFI_DROP,
1.5016,18,STA,WIFI_DROP,
1.504,4,STA,WIFI_DROP,
1.504,6,STA,WIFI_DROP,
1.504,17,STA,WIFI_DROP,
1.504,18,STA,WIFI_DROP,
1.5064,4,STA,WIFI_DROP,
1.5064,6,STA,WIFI_DROP,
1.5064,17,STA,WIFI_DROP,
1.5064,18,STA,WIFI_DROP,
1.5088,4,STA,WIFI_DROP,
1.5088,6,STA,WIFI_DROP,
1.5088,17,STA,WIFI_DROP,
1.5088,18,STA,WIFI_DROP,
1.5112,4,STA,WIFI_DROP,
1.5112,6,STA,WIFI_DROP,
1.5112,17,STA,WIFI_DROP,
1.5112,18,STA,WIFI_DROP,
1.5136,4,STA,WIFI_DROP,
1.5136,6,STA,WIFI_DROP,
1.5136,17,STA,WIFI_DROP,
1.5136,18,STA,WIFI_DROP,
1.516,4,STA,WIFI_DROP,
1.516,6,STA,WIFI_DROP,
1.516,17,STA,WIFI_DROP,
1.516,18,STA,WIFI_DROP,
1.5184,4,STA,WIFI_DROP,
1.5184,6,STA,WIFI_DROP,
1.5184,17,STA,WIFI_DROP,
1.5184,18,STA,WIFI_DROP,
1.5208,4,STA,WIFI_DROP,
1.5208,6,STA,WIFI_DROP,
1.5208,17,STA,WIFI_DROP,
1.5208,18,STA,WIFI_DROP,
1.5232,4,STA,WIFI_DROP,
1.5232,6,STA,WIFI_DROP,
1.5232,17,STA,WIFI_DROP,
1.5232,18,STA,WIFI_DROP,
1.5256,4,STA,WIFI_DROP,
1.5256,6,STA,WIFI_DROP,
1.5256,17,STA,WIFI_DROP,
1.5256,18,STA,WIFI_DROP,
1.528,4,STA,WIFI_DROP,
1.528,6,STA,WIFI_DROP,
1.528,17,STA,WIFI_DROP,
1.528,18,STA,WIFI_DROP,
1.5304,4,STA,WIFI_DROP,
1.5304,6,STA,WIFI_DROP,
1.5304,17,STA,WIFI_DROP,
1.5304,18,STA,WIFI_DROP,
1.5328,4,STA,WIFI_DROP,
1.5328,6,STA,WIFI_DROP,
1.5328,17,STA,WIFI_DROP,
1.5328,18,STA,WIFI_DROP,
1.5352,4,STA,WIFI_DROP,
1.5352,6,STA,WIFI_DROP,
1.5352,17,STA,WIFI_DROP,
1.5352,18,STA,WIFI_DROP,
1.5376,4,STA,WIFI_DROP,
1.5376,6,STA,WIFI_DROP,
1.5376,17,STA,WIFI_DROP,
1.5376,18,STA,WIFI_DROP,
1.54,4,STA,WIFI_DROP,
1.54,6,STA,WIFI_DROP,
1.54,17,STA,WIFI_DROP,
1.54,18,STA,WIFI_DROP,
1.5424,4,STA,WIFI_DROP,
1.5424,6,STA,WIFI_DROP,
1.5424,17,STA,WIFI_DROP,
1.5424,18,STA,WIFI_DROP,
1.5448,4,STA,WIFI_DROP,
1.5448,6,STA,WIFI_DROP,
1.5448,17,STA,WIFI_DROP,
1.5448,18,STA,WIFI_DROP,
1.5472,4,STA,WIFI_DROP,
1.5472,6,STA,WIFI_DROP,
1.5472,17,STA,WIFI_DROP,
1.5472,18,STA,WIFI_DROP,
1.5496,4,STA,WIFI_DROP,
1.5496,6,STA,WIFI_DROP,
1.5496,17,STA,WIFI_DROP,
1.5496,18,STA,WIFI_DROP,
1.552,4,STA,WIFI_DROP,
1.552,6,STA,WIFI_DROP,
1.552,17,STA,WIFI_DROP,
1.552,18,STA,WIFI_DROP,
1.5544,4,STA,WIFI_DROP,
1.5544,6,STA,WIFI_DROP,
1.5544,17,STA,WIFI_DROP,
1.5544,18,STA,WIFI_DROP,
1.5568,4,STA,WIFI_DROP,
1.5568,6,STA,WIFI_DROP,
1.5568,17,STA,WIFI_DROP,
1.5568,18,STA,WIFI_DROP,
1.5592,4,STA,WIFI_DROP,
1.5592,6,STA,WIFI_DROP,
1.5592,17,STA,WIFI_DROP,
1.5592,18,STA,WIFI_DROP,
1.5616,4,STA,WIFI_DROP,
1.5616,6,STA,WIFI_DROP,
1.5616,17,STA,WIFI_DROP,
1.5616,18,STA,WIFI_DROP,
1.564,4,STA,WIFI_DROP,
1.564,6,STA,WIFI_DROP,
1.564,17,STA,WIFI_DROP,
1.564,18,STA,WIFI_DROP,
1.5664,4,STA,WIFI_DROP,
1.5664,6,STA,WIFI_DROP,
1.5664,17,STA,WIFI_DROP,
1.5688,4,STA,WIFI_DROP,
1.5688,6,STA,WIFI_DROP,
1.5688,17,STA,WIFI_DROP,
1.5712,4,STA,WIFI_DROP,
1.5712,6,STA,WIFI_DROP,
1.5712,17,STA,WIFI_DROP,
1.5736,4,STA,WIFI_DROP,
1.5736,6,STA,WIFI_DROP,
1.5736,17,STA,WIFI_DROP,
1.576,4,STA,WIFI_DROP,
1.576,6,STA,WIFI_DROP,
1.576,17,STA,WIFI_DROP,
1.5784,4,STA,WIFI_DROP,
1.5784,6,STA,WIFI_DROP,
1.5784,17,STA,WIFI_DROP,
1.5808,4,STA,WIFI_DROP,
1.5808,6,STA,WIFI_DROP,
1.5808,17,STA,WIFI_DROP,
1.5832,4,STA,WIFI_DROP,
1.5832,6,STA,WIFI_DROP,
1.5832,17,STA,WIFI_DROP,
1.5856,4,STA,WIFI_DROP,
1.5856,6,STA,WIFI_DROP,
1.5856,17,STA,WIFI_DROP,
1.588,4,STA,WIFI_DROP,
1.588,6,STA,WIFI_DROP,
1.588,17,STA,WIFI_DROP,
1.5904,4,STA,WIFI_DROP,
1.5904,6,STA,WIFI_DROP,
1.5904,17,STA,WIFI_DROP,
1.5928,4,STA,WIFI_DROP,
1.5928,6,STA,WIFI_DROP,
1.5928,17,STA,WIFI_DROP,
1.5952,4,STA,WIFI_DROP,
1.5952,6,STA,WIFI_DROP,
1.5952,17,STA,WIFI_DROP,
1.5976,4,STA,WIFI_DROP,
1.5976,6,STA,WIFI_DROP,
1.5976,17,STA,WIFI_DROP,
1.6,4,STA,WIFI_DROP,
1.6,6,STA,WIFI_DROP,
1.6,17,STA,WIFI_DROP,
1.6024,4,STA,WIFI_DROP,
1.6024,6,STA,WIFI_DROP,
1.6024,17,STA,WIFI_DROP,
1.6048,4,STA,WIFI_DROP,
1.6048,6,STA,WIFI_DROP,
1.6048,17,STA,WIFI_DROP,
1.6072,4,STA,WIFI_DROP,
1.6072,6,STA,WIFI_DROP,
1.6072,17,STA,WIFI_DROP,
1.6096,4,STA,WIFI_DROP,
1.6096,6,STA,WIFI_DROP,
1.6096,17,STA,WIFI_DROP,
1.612,4,STA,WIFI_DROP,
1.612,6,STA,WIFI_DROP,
1.612,17,STA,WIFI_DROP,
1.6144,4,STA,WIFI_DROP,
1.6144,6,STA,WIFI_DROP,
1.6144,17,STA,WIFI_DROP,
1.6168,4,STA,WIFI_DROP,
1.6168,6,STA,WIFI_DROP,
1.6168,9,STA,WIFI_DROP,
1.6168,17,STA,WIFI_DROP,
1.6192,4,STA,WIFI_DROP,
1.6192,6,STA,WIFI_DROP,
1.6192,9,STA,WIFI_DROP,
1.6192,17,STA,WIFI_DROP,
1.6216,4,STA,WIFI_DROP,
1.6216,6,STA,WIFI_DROP,
1.6216,9,STA,WIFI_DROP,
1.6216,17,STA,WIFI_DROP,
1.624,4,STA,WIFI_DROP,
1.624,6,STA,WIFI_DROP,
1.624,9,STA,WIFI_DROP,
1.624,17,STA,WIFI_DROP,
1.6264,4,STA,WIFI_DROP,
1.6264,6,STA,WIFI_DROP,
1.6264,9,STA,WIFI_DROP,
1.6264,17,STA,WIFI_DROP,
1.6288,4,STA,WIFI_DROP,
1.6288,6,STA,WIFI_DROP,
1.6288,9,STA,WIFI_DROP,
1.6312,4,STA,WIFI_DROP,
1.6312,6,STA,WIFI_DROP,
1.6312,9,STA,WIFI_DROP,
1.6336,4,STA,WIFI_DROP,
1.6336,6,STA,WIFI_DROP,
1.6336,9,STA,WIFI_DROP,
1.636,4,STA,WIFI_DROP,
1.636,6,STA,WIFI_DROP,
1.636,9,STA,WIFI_DROP,
1.6384,4,STA,WIFI_DROP,
1.6384,6,STA,WIFI_DROP,
1.6384,9,STA,WIFI_DROP,
1.6408,4,STA,WIFI_DROP,
1.6408,6,STA,WIFI_DROP,
1.6408,9,STA,WIFI_DROP,
1.6432,4,STA,WIFI_DROP,
1.6432,6,STA,WIFI_DROP,
1.6432,9,STA,WIFI_DROP,
1.6456,4,STA,WIFI_DROP,
1.6456,6,STA,WIFI_DROP,
1.6456,9,STA,WIFI_DROP,
1.648,4,STA,WIFI_DROP,
1.648,6,STA,WIFI_DROP,
1.648,9,STA,WIFI_DROP,
1.6504,4,STA,WIFI_DROP,
1.6504,6,STA,WIFI_DROP,
1.6504,9,STA,WIFI_DROP,
1.6528,4,STA,WIFI_DROP,
1.6528,6,STA,WIFI_DROP,
1.6528,9,STA,WIFI_DROP,
1.6552,4,STA,WIFI_DROP,
1.6552,6,STA,WIFI_DROP,
1.6552,9,STA,WIFI_DROP,
1.6576,4,STA,WIFI_DROP,
1.6576,6,STA,WIFI_DROP,
1.6576,9,STA,WIFI_DROP,
1.66,4,STA,WIFI_DROP,
1.66,6,STA,WIFI_DROP,
1.66,9,STA,WIFI_DROP,
1.6624,4,STA,WIFI_DROP,
1.6624,6,STA,WIFI_DROP,
1.6624,9,STA,WIFI_DROP,
1.6648,4,STA,WIFI_DROP,
1.6648,6,STA,WIFI_DROP,
1.6648,9,STA,WIFI_DROP,
1.6672,4,STA,WIFI_DROP,
1.6672,6,STA,WIFI_DROP,
1.6672,9,STA,WIFI_DROP,
1.6696,4,STA,WIFI_DROP,
1.6696,6,STA,WIFI_DROP,
1.6696,9,STA,WIFI_DROP,
1.672,4,STA,WIFI_DROP,
1.672,6,STA,WIFI_DROP,
1.672,9,STA,WIFI_DROP,
1.6744,4,STA,WIFI_DROP,
1.6744,6,STA,WIFI_DROP,
1.6744,9,STA,WIFI_DROP,
1.6768,4,STA,WIFI_DROP,
1.6768,6,STA,WIFI_DROP,
1.6768,9,STA,WIFI_DROP,
1.6792,4,STA,WIFI_DROP,
1.6792,6,STA,WIFI_DROP,
1.6792,9,STA,WIFI_DROP,
1.6816,4,STA,WIFI_DROP,
1.6816,6,STA,WIFI_DROP,
1.6816,9,STA,WIFI_DROP,
1.684,4,STA,WIFI_DROP,
1.684,6,STA,WIFI_DROP,
1.684,9,STA,WIFI_DROP,
1.6864,4,STA,WIFI_DROP,
1.6864,6,STA,WIFI_DROP,
1.6864,9,STA,WIFI_DROP,
1.6888,4,STA,WIFI_DROP,
1.6888,6,STA,WIFI_DROP,
1.6888,9,STA,WIFI_DROP,
1.6912,4,STA,WIFI_DROP,
1.6912,6,STA,WIFI_DROP,
1.6912,9,STA,WIFI_DROP,
1.6936,4,STA,WIFI_DROP,
1.6936,6,STA,WIFI_DROP,
1.6936,9,STA,WIFI_DROP,
1.696,4,STA,WIFI_DROP,
1.696,6,STA,WIFI_DROP,
1.696,9,STA,WIFI_DROP,
1.6984,4,STA,WIFI_DROP,
1.6984,6,STA,WIFI_DROP,
1.6984,9,STA,WIFI_DROP,
1.7008,4,STA,WIFI_DROP,
1.7008,6,STA,WIFI_DROP,
1.7008,9,STA,WIFI_DROP,
1.7032,4,STA,WIFI_DROP,
1.7032,6,STA,WIFI_DROP,
1.7032,9,STA,WIFI_DROP,
1.7056,4,STA,WIFI_DROP,
1.7056,6,STA,WIFI_DROP,
1.7056,9,STA,WIFI_DROP,
1.708,4,STA,WIFI_DROP,
1.708,6,STA,WIFI_DROP,
1.708,9,STA,WIFI_DROP,
1.7104,4,STA,WIFI_DROP,
1.7104,6,STA,WIFI_DROP,
1.7104,9,STA,WIFI_DROP,
1.7128,4,STA,WIFI_DROP,
1.7128,6,STA,WIFI_DROP,
1.7128,9,STA,WIFI_DROP,
1.7152,4,STA,WIFI_DROP,
1.7152,6,STA,WIFI_DROP,
1.7152,9,STA,WIFI_DROP,
1.7176,4,STA,WIFI_DROP,
1.7176,6,STA,WIFI_DROP,
1.7176,9,STA,WIFI_DROP,
1.72,2,STA,WIFI_DROP,
1.72,4,STA,WIFI_DROP,
1.72,6,STA,WIFI_DROP,
1.72,9,STA,WIFI_DROP,
1.7224,2,STA,WIFI_DROP,
1.7224,4,STA,WIFI_DROP,
1.7224,6,STA,WIFI_DROP,
1.7224,9,STA,WIFI_DROP,
1.7248,2,STA,WIFI_DROP,
1.7248,4,STA,WIFI_DROP,
1.7248,6,STA,WIFI_DROP,
1.7248,9,STA,WIFI_DROP,
1.7272,2,STA,WIFI_DROP,
1.7272,4,STA,WIFI_DROP,
1.7272,6,STA,WIFI_DROP,
1.7272,9,STA,WIFI_DROP,
1.7296,2,STA,WIFI_DROP,
1.7296,4,STA,WIFI_DROP,
1.7296,6,STA,WIFI_DROP,
1.7296,9,STA,WIFI_DROP,
1.732,2,STA,WIFI_DROP,
1.732,4,STA,WIFI_DROP,
1.732,6,STA,WIFI_DROP,
1.732,9,STA,WIFI_DROP,
1.7344,2,STA,WIFI_DROP,
1.7344,4,STA,WIFI_DROP,
1.7344,6,STA,WIFI_DROP,
1.7344,9,STA,WIFI_DROP,
1.7368,2,STA,WIFI_DROP,
1.7368,4,STA,WIFI_DROP,
1.7368,6,STA,WIFI_DROP,
1.7368,9,STA,WIFI_DROP,
1.7392,2,STA,WIFI_DROP,
1.7392,4,STA,WIFI_DROP,
1.7392,6,STA,WIFI_DROP,
1.7392,9,STA,WIFI_DROP,
1.7416,2,STA,WIFI_DROP,
1.7416,4,STA,WIFI_DROP,
1.7416,6,STA,WIFI_DROP,
1.7416,9,STA,WIFI_DROP,
1.744,2,STA,WIFI_DROP,
1.744,4,STA,WIFI_DROP,
1.744,6,STA,WIFI_DROP,
1.744,9,STA,WIFI_DROP,
1.7464,2,STA,WIFI_DROP,
1.7464,4,STA,WIFI_DROP,
1.7464,6,STA,WIFI_DROP,
1.7464,9,STA,WIFI_DROP,
1.7488,2,STA,WIFI_DROP,
1.7488,4,STA,WIFI_DROP,
1.7488,6,STA,WIFI_DROP,
1.7488,9,STA,WIFI_DROP,
1.7512,2,STA,WIFI_DROP,
1.7512,4,STA,WIFI_DROP,
1.7512,6,STA,WIFI_DROP,
1.7512,9,STA,WIFI_DROP,
1.7536,2,STA,WIFI_DROP,
1.7536,4,STA,WIFI_DROP,
1.7536,6,STA,WIFI_DROP,
1.7536,9,STA,WIFI_DROP,
1.756,2,STA,WIFI_DROP,
1.756,4,STA,WIFI_DROP,
1.756,6,STA,WIFI_DROP,
1.756,9,STA,WIFI_DROP,
1.7584,2,STA,WIFI_DROP,
1.7584,4,STA,WIFI_DROP,
1.7584,6,STA,WIFI_DROP,
1.7584,9,STA,WIFI_DROP,
1.7608,2,STA,WIFI_DROP,
1.7608,4,STA,WIFI_DROP,
1.7608,6,STA,WIFI_DROP,
1.7608,9,STA,WIFI_DROP,
1.7632,2,STA,WIFI_DROP,
1.7632,4,STA,WIFI_DROP,
1.7632,6,STA,WIFI_DROP,
1.7632,9,STA,WIFI_DROP,
1.7656,2,STA,WIFI_DROP,
1.7656,4,STA,WIFI_DROP,
1.7656,6,STA,WIFI_DROP,
1.7656,9,STA,WIFI_DROP,
1.768,2,STA,WIFI_DROP,
1.768,4,STA,WIFI_DROP,
1.768,6,STA,WIFI_DROP,
1.768,9,STA,WIFI_DROP,
1.7704,2,STA,WIFI_DROP,
1.7704,4,STA,WIFI_DROP,
1.7704,6,STA,WIFI_DROP,
1.7704,9,STA,WIFI_DROP,
1.7728,2,STA,WIFI_DROP,
1.7728,4,STA,WIFI_DROP,
1.7728,6,STA,WIFI_DROP,
1.7728,9,STA,WIFI_DROP,
1.7752,2,STA,WIFI_DROP,
1.7752,4,STA,WIFI_DROP,
1.7752,6,STA,WIFI_DROP,
1.7752,9,STA,WIFI_DROP,
1.7776,2,STA,WIFI_DROP,
1.7776,4,STA,WIFI_DROP,
1.7776,6,STA,WIFI_DROP,
1.7776,9,STA,WIFI_DROP,
1.78,2,STA,WIFI_DROP,
1.78,4,STA,WIFI_DROP,
1.78,6,STA,WIFI_DROP,
1.78,9,STA,WIFI_DROP,
1.7824,2,STA,WIFI_DROP,
1.7824,4,STA,WIFI_DROP,
1.7824,6,STA,WIFI_DROP,
1.7824,9,STA,WIFI_DROP,
1.7848,2,STA,WIFI_DROP,
1.7848,4,STA,WIFI_DROP,
1.7848,6,STA,WIFI_DROP,
1.7848,9,STA,WIFI_DROP,
1.7872,2,STA,WIFI_DROP,
1.7872,4,STA,WIFI_DROP,
1.7872,6,STA,WIFI_DROP,
1.7872,9,STA,WIFI_DROP,
1.7896,2,STA,WIFI_DROP,
1.7896,4,STA,WIFI_DROP,
1.7896,6,STA,WIFI_DROP,
1.7896,9,STA,WIFI_DROP,
1.792,2,STA,WIFI_DROP,
1.792,4,STA,WIFI_DROP,
1.792,6,STA,WIFI_DROP,
1.792,9,STA,WIFI_DROP,
1.7944,2,STA,WIFI_DROP,
1.7944,4,STA,WIFI_DROP,
1.7944,6,STA,WIFI_DROP,
1.7944,9,STA,WIFI_DROP,
1.7968,2,STA,WIFI_DROP,
1.7968,4,STA,WIFI_DROP,
1.7968,6,STA,WIFI_DROP,
1.7968,9,STA,WIFI_DROP,
1.7992,2,STA,WIFI_DROP,
1.7992,4,STA,WIFI_DROP,
1.7992,6,STA,WIFI_DROP,
1.7992,9,STA,WIFI_DROP,
1.8016,2,STA,WIFI_DROP,
1.8016,4,STA,WIFI_DROP,
1.8016,6,STA,WIFI_DROP,
1.8016,9,STA,WIFI_DROP,
1.804,2,STA,WIFI_DROP,
1.804,4,STA,WIFI_DROP,
1.804,6,STA,WIFI_DROP,
1.804,9,STA,WIFI_DROP,
1.8064,2,STA,WIFI_DROP,
1.8064,4,STA,WIFI_DROP,
1.8064,6,STA,WIFI_DROP,
1.8064,9,STA,WIFI_DROP,
1.8088,2,STA,WIFI_DROP,
1.8088,4,STA,WIFI_DROP,
1.8088,6,STA,WIFI_DROP,
1.8088,9,STA,WIFI_DROP,
1.8112,2,STA,WIFI_DROP,
1.8112,4,STA,WIFI_DROP,
1.8112,6,STA,WIFI_DROP,
1.8112,9,STA,WIFI_DROP,
1.8136,2,STA,WIFI_DROP,
1.8136,4,STA,WIFI_DROP,
1.8136,6,STA,WIFI_DROP,
1.8136,9,STA,WIFI_DROP,
1.816,2,STA,WIFI_DROP,
1.816,4,STA,WIFI_DROP,
1.816,6,STA,WIFI_DROP,
1.816,9,STA,WIFI_DROP,
1.8184,2,STA,WIFI_DROP,
1.8184,4,STA,WIFI_DROP,
1.8184,6,STA,WIFI_DROP,
1.8184,9,STA,WIFI_DROP,
1.8208,2,STA,WIFI_DROP,
1.8208,4,STA,WIFI_DROP,
1.8208,6,STA,WIFI_DROP,
1.8208,9,STA,WIFI_DROP,
1.8232,2,STA,WIFI_DROP,
1.8232,4,STA,WIFI_DROP,
1.8232,6,STA,WIFI_DROP,
1.8232,9,STA,WIFI_DROP,
1.8256,2,STA,WIFI_DROP,
1.8256,4,STA,WIFI_DROP,
1.8256,6,STA,WIFI_DROP,
1.8256,9,STA,WIFI_DROP,
1.828,2,STA,WIFI_DROP,
1.828,4,STA,WIFI_DROP,
1.828,6,STA,WIFI_DROP,
1.828,9,STA,WIFI_DROP,
1.8304,2,STA,WIFI_DROP,
1.8304,4,STA,WIFI_DROP,
1.8304,6,STA,WIFI_DROP,
1.8304,9,STA,WIFI_DROP,
1.8328,2,STA,WIFI_DROP,
1.8328,4,STA,WIFI_DROP,
1.8328,6,STA,WIFI_DROP,
1.8328,9,STA,WIFI_DROP,
1.8352,2,STA,WIFI_DROP,
1.8352,4,STA,WIFI_DROP,
1.8352,6,STA,WIFI_DROP,
1.8352,9,STA,WIFI_DROP,
1.8376,2,STA,WIFI_DROP,
1.8376,4,STA,WIFI_DROP,
1.8376,6,STA,WIFI_DROP,
1.8376,9,STA,WIFI_DROP,
1.84,2,STA,WIFI_DROP,
1.84,4,STA,WIFI_DROP,
1.84,6,STA,WIFI_DROP,
1.84,9,STA,WIFI_DROP,
1.8424,2,STA,WIFI_DROP,
1.8424,4,STA,WIFI_DROP,
1.8424,6,STA,WIFI_DROP,
1.8424,9,STA,WIFI_DROP,
1.8448,2,STA,WIFI_DROP,
1.8448,4,STA,WIFI_DROP,
1.8448,6,STA,WIFI_DROP,
1.8448,9,STA,WIFI_DROP,
1.8472,2,STA,WIFI_DROP,
1.8472,4,STA,WIFI_DROP,
1.8472,6,STA,WIFI_DROP,
1.8472,9,STA,WIFI_DROP,
1.8496,2,STA,WIFI_DROP,
1.8496,4,STA,WIFI_DROP,
1.8496,6,STA,WIFI_DROP,
1.8496,9,STA,WIFI_DROP,
1.852,2,STA,WIFI_DROP,
1.852,4,STA,WIFI_DROP,
1.852,6,STA,WIFI_DROP,
1.852,9,STA,WIFI_DROP,
1.8544,2,STA,WIFI_DROP,
1.8544,4,STA,WIFI_DROP,
1.8544,6,STA,WIFI_DROP,
1.8544,9,STA,WIFI_DROP,
1.8568,2,STA,WIFI_DROP,
1.8568,4,STA,WIFI_DROP,
1.8568,6,STA,WIFI_DROP,
1.8568,9,STA,WIFI_DROP,
1.8592,2,STA,WIFI_DROP,
1.8592,4,STA,WIFI_DROP,
1.8592,6,STA,WIFI_DROP,
1.8592,9,STA,WIFI_DROP,
1.8616,2,STA,WIFI_DROP,
1.8616,4,STA,WIFI_DROP,
1.8616,6,STA,WIFI_DROP,
1.8616,9,STA,WIFI_DROP,
1.864,2,STA,WIFI_DROP,
1.864,4,STA,WIFI_DROP,
1.864,6,STA,WIFI_DROP,
1.864,9,STA,WIFI_DROP,
1.8664,2,STA,WIFI_DROP,
1.8664,4,STA,WIFI_DROP,
1.8664,6,STA,WIFI_DROP,
1.8664,9,STA,WIFI_DROP,
1.8688,2,STA,WIFI_DROP,
1.8688,4,STA,WIFI_DROP,
1.8688,6,STA,WIFI_DROP,
1.8688,9,STA,WIFI_DROP,
1.8712,2,STA,WIFI_DROP,
1.8712,4,STA,WIFI_DROP,
1.8712,6,STA,WIFI_DROP,
1.8712,9,STA,WIFI_DROP,
1.8736,2,STA,WIFI_DROP,
1.8736,4,STA,WIFI_DROP,
1.8736,6,STA,WIFI_DROP,
1.8736,9,STA,WIFI_DROP,
1.876,2,STA,WIFI_DROP,
1.876,4,STA,WIFI_DROP,
1.876,6,STA,WIFI_DROP,
1.876,9,STA,WIFI_DROP,
1.8784,2,STA,WIFI_DROP,
1.8784,4,STA,WIFI_DROP,
1.8784,6,STA,WIFI_DROP,
1.8784,9,STA,WIFI_DROP,
1.8808,2,STA,WIFI_DROP,
1.8808,4,STA,WIFI_DROP,
1.8808,6,STA,WIFI_DROP,
1.8808,9,STA,WIFI_DROP,
1.8832,2,STA,WIFI_DROP,
1.8832,4,STA,WIFI_DROP,
1.8832,6,STA,WIFI_DROP,
1.8832,9,STA,WIFI_DROP,
1.8856,2,STA,WIFI_DROP,
1.8856,4,STA,WIFI_DROP,
1.8856,6,STA,WIFI_DROP,
1.8856,9,STA,WIFI_DROP,
1.888,2,STA,WIFI_DROP,
1.888,4,STA,WIFI_DROP,
1.888,6,STA,WIFI_DROP,
1.888,9,STA,WIFI_DROP,
1.8904,2,STA,WIFI_DROP,
1.8904,4,STA,WIFI_DROP,
1.8904,6,STA,WIFI_DROP,
1.8904,9,STA,WIFI_DROP,
1.8928,2,STA,WIFI_DROP,
1.8928,4,STA,WIFI_DROP,
1.8928,6,STA,WIFI_DROP,
1.8928,9,STA,WIFI_DROP,
1.8952,2,STA,WIFI_DROP,
1.8952,4,STA,WIFI_DROP,
1.8952,6,STA,WIFI_DROP,
1.8952,9,STA,WIFI_DROP,
1.8976,2,STA,WIFI_DROP,
1.8976,4,STA,WIFI_DROP,
1.8976,6,STA,WIFI_DROP,
1.8976,9,STA,WIFI_DROP,
1.9,2,STA,WIFI_DROP,
1.9,4,STA,WIFI_DROP,
1.9,6,STA,WIFI_DROP,
1.9,9,STA,WIFI_DROP,
1.9024,2,STA,WIFI_DROP,
1.9024,4,STA,WIFI_DROP,
1.9024,6,STA,WIFI_DROP,
1.9024,9,STA,WIFI_DROP,
1.9048,2,STA,WIFI_DROP,
1.9048,4,STA,WIFI_DROP,
1.9048,6,STA,WIFI_DROP,
1.9048,9,STA,WIFI_DROP,
1.9072,2,STA,WIFI_DROP,
1.9072,4,STA,WIFI_DROP,
1.9072,6,STA,WIFI_DROP,
1.9072,9,STA,WIFI_DROP,
1.9096,2,STA,WIFI_DROP,
1.9096,4,STA,WIFI_DROP,
1.9096,6,STA,WIFI_DROP,
1.9096,9,STA,WIFI_DROP,
1.912,2,STA,WIFI_DROP,
1.912,4,STA,WIFI_DROP,
1.912,6,STA,WIFI_DROP,
1.912,9,STA,WIFI_DROP,
1.9144,2,STA,WIFI_DROP,
1.9144,4,STA,WIFI_DROP,
1.9144,6,STA,WIFI_DROP,
1.9144,9,STA,WIFI_DROP,
1.9168,2,STA,WIFI_DROP,
1.9168,4,STA,WIFI_DROP,
1.9168,6,STA,WIFI_DROP,
1.9168,9,STA,WIFI_DROP,
1.9192,2,STA,WIFI_DROP,
1.9192,4,STA,WIFI_DROP,
1.9192,6,STA,WIFI_DROP,
1.9192,9,STA,WIFI_DROP,
1.9216,2,STA,WIFI_DROP,
1.9216,4,STA,WIFI_DROP,
1.9216,6,STA,WIFI_DROP,
1.9216,9,STA,WIFI_DROP,
1.924,2,STA,WIFI_DROP,
1.924,4,STA,WIFI_DROP,
1.924,6,STA,WIFI_DROP,
1.924,9,STA,WIFI_DROP,
1.9264,2,STA,WIFI_DROP,
1.9264,4,STA,WIFI_DROP,
1.9264,5,STA,WIFI_DROP,
1.9264,6,STA,WIFI_DROP,
1.9264,9,STA,WIFI_DROP,
1.9288,2,STA,WIFI_DROP,
1.9288,4,STA,WIFI_DROP,
1.9288,5,STA,WIFI_DROP,
1.9288,6,STA,WIFI_DROP,
1.9288,9,STA,WIFI_DROP,
1.9312,2,STA,WIFI_DROP,
1.9312,4,STA,WIFI_DROP,
1.9312,5,STA,WIFI_DROP,
1.9312,6,STA,WIFI_DROP,
1.9312,9,STA,WIFI_DROP,
1.9336,2,STA,WIFI_DROP,
1.9336,4,STA,WIFI_DROP,
1.9336,5,STA,WIFI_DROP,
1.9336,6,STA,WIFI_DROP,
1.9336,9,STA,WIFI_DROP,
1.936,2,STA,WIFI_DROP,
1.936,4,STA,WIFI_DROP,
1.936,5,STA,WIFI_DROP,
1.936,6,STA,WIFI_DROP,
1.936,9,STA,WIFI_DROP,
1.9384,2,STA,WIFI_DROP,
1.9384,4,STA,WIFI_DROP,
1.9384,5,STA,WIFI_DROP,
1.9384,6,STA,WIFI_DROP,
1.9384,9,STA,WIFI_DROP,
1.9408,2,STA,WIFI_DROP,
1.9408,4,STA,WIFI_DROP,
1.9408,5,STA,WIFI_DROP,
1.9408,6,STA,WIFI_DROP,
1.9408,9,STA,WIFI_DROP,
1.9432,2,STA,WIFI_DROP,
1.9432,4,STA,WIFI_DROP,
1.9432,5,STA,WIFI_DROP,
1.9432,6,STA,WIFI_DROP,
1.9432,9,STA,WIFI_DROP,
1.9456,2,STA,WIFI_DROP,
1.9456,4,STA,WIFI_DROP,
1.9456,5,STA,WIFI_DROP,
1.9456,6,STA,WIFI_DROP,
1.9456,9,STA,WIFI_DROP,
1.948,2,STA,WIFI_DROP,
1.948,4,STA,WIFI_DROP,
1.948,5,STA,WIFI_DROP,
1.948,6,STA,WIFI_DROP,
1.948,9,STA,WIFI_DROP,
1.9504,2,STA,WIFI_DROP,
1.9504,4,STA,WIFI_DROP,
1.9504,5,STA,WIFI_DROP,
1.9504,6,STA,WIFI_DROP,
1.9504,9,STA,WIFI_DROP,
1.9528,2,STA,WIFI_DROP,
1.9528,4,STA,WIFI_DROP,
1.9528,5,STA,WIFI_DROP,
1.9528,6,STA,WIFI_DROP,
1.9528,9,STA,WIFI_DROP,
1.9552,2,STA,WIFI_DROP,
1.9552,4,STA,WIFI_DROP,
1.9552,5,STA,WIFI_DROP,
1.9552,6,STA,WIFI_DROP,
1.9552,9,STA,WIFI_DROP,
1.9576,2,STA,WIFI_DROP,
1.9576,4,STA,WIFI_DROP,
1.9576,5,STA,WIFI_DROP,
1.9576,6,STA,WIFI_DROP,
1.9576,9,STA,WIFI_DROP,
1.96,2,STA,WIFI_DROP,
1.96,4,STA,WIFI_DROP,
1.96,5,STA,WIFI_DROP,
1.96,6,STA,WIFI_DROP,
1.96,9,STA,WIFI_DROP,
1.9624,2,STA,WIFI_DROP,
1.9624,4,STA,WIFI_DROP,
1.9624,5,STA,WIFI_DROP,
1.9624,6,STA,WIFI_DROP,
1.9624,9,STA,WIFI_DROP,
1.9648,2,STA,WIFI_DROP,
1.9648,4,STA,WIFI_DROP,
1.9648,5,STA,WIFI_DROP,
1.9648,6,STA,WIFI_DROP,
1.9648,9,STA,WIFI_DROP,
1.9672,2,STA,WIFI_DROP,
1.9672,4,STA,WIFI_DROP,
1.9672,5,STA,WIFI_DROP,
1.9672,6,STA,WIFI_DROP,
1.9672,9,STA,WIFI_DROP,
1.9696,2,STA,WIFI_DROP,
1.9696,4,STA,WIFI_DROP,
1.9696,5,STA,WIFI_DROP,
1.9696,6,STA,WIFI_DROP,
1.9696,9,STA,WIFI_DROP,
1.972,4,STA,WIFI_DROP,
1.972,5,STA,WIFI_DROP,
1.972,6,STA,WIFI_DROP,
1.972,9,STA,WIFI_DROP,
1.9744,4,STA,WIFI_DROP,
1.9744,5,STA,WIFI_DROP,
1.9744,6,STA,WIFI_DROP,
1.9744,9,STA,WIFI_DROP,
1.9768,4,STA,WIFI_DROP,
1.9768,5,STA,WIFI_DROP,
1.9768,6,STA,WIFI_DROP,
1.9768,9,STA,WIFI_DROP,
1.9792,4,STA,WIFI_DROP,
1.9792,5,STA,WIFI_DROP,
1.9792,6,STA,WIFI_DROP,
1.9792,9,STA,WIFI_DROP,
1.9816,4,STA,WIFI_DROP,
1.9816,5,STA,WIFI_DROP,
1.9816,6,STA,WIFI_DROP,
1.9816,9,STA,WIFI_DROP,
1.984,4,STA,WIFI_DROP,
1.984,5,STA,WIFI_DROP,
1.984,6,STA,WIFI_DROP,
1.984,9,STA,WIFI_DROP,
1.9864,4,STA,WIFI_DROP,
1.9864,5,STA,WIFI_DROP,
1.9864,6,STA,WIFI_DROP,
1.9864,9,STA,WIFI_DROP,
1.9888,4,STA,WIFI_DROP,
1.9888,5,STA,WIFI_DROP,
1.9888,6,STA,WIFI_DROP,
1.9888,9,STA,WIFI_DROP,
1.9912,4,STA,WIFI_DROP,
1.9912,5,STA,WIFI_DROP,
1.9912,6,STA,WIFI_DROP,
1.9912,9,STA,WIFI_DROP,
1.9936,4,STA,WIFI_DROP,
1.9936,5,STA,WIFI_DROP,
1.9936,6,STA,WIFI_DROP,
1.9936,9,STA,WIFI_DROP,
1.996,4,STA,WIFI_DROP,
1.996,5,STA,WIFI_DROP,
1.996,6,STA,WIFI_DROP,
1.996,9,STA,WIFI_DROP,
1.9984,4,STA,WIFI_DROP,
1.9984,5,STA,WIFI_DROP,
1.9984,6,STA,WIFI_DROP,
1.9984,9,STA,WIFI_DROP,
2,3,STA,THROUGHPUT_MBPS,0.492000
2,5,STA,THROUGHPUT_MBPS,0.648000
2,8,STA,THROUGHPUT_MBPS,1.176000
2,12,STA,THROUGHPUT_MBPS,0.024000
2,13,STA,THROUGHPUT_MBPS,0.552000
2,15,STA,THROUGHPUT_MBPS,0.792000
2,17,STA,THROUGHPUT_MBPS,0.996000
2,20,STA,THROUGHPUT_MBPS,1.080000
2,1,AP,AGGREGATE_THROUGHPUT_MBPS,5.760000
2,1,AP,SENT_COUNT,8340.000000
2,1,AP,RECV_COUNT,480.000000
2,1,AP,LATENCY_P95_MS,514.216550
2.0008,4,STA,WIFI_DROP,
2.0008,5,STA,WIFI_DROP,
2.0008,6,STA,WIFI_DROP,
2.0008,9,STA,WIFI_DROP,
2.0032,4,STA,WIFI_DROP,
2.0032,5,STA,WIFI_DROP,
2.0032,6,STA,WIFI_DROP,
2.0032,9,STA,WIFI_DROP,
2.0056,4,STA,WIFI_DROP,
2.0056,5,STA,WIFI_DROP,
2.0056,6,STA,WIFI_DROP,
2.0056,9,STA,WIFI_DROP,
2.008,4,STA,WIFI_DROP,
2.008,5,STA,WIFI_DROP,
2.008,6,STA,WIFI_DROP,
2.008,9,STA,WIFI_DROP,
2.0104,4,STA,WIFI_DROP,
2.0104,5,STA,WIFI_DROP,
2.0104,6,STA,WIFI_DROP,
2.0104,9,STA,WIFI_DROP,
2.0128,4,STA,WIFI_DROP,
2.0128,5,STA,WIFI_DROP,
2.0128,6,STA,WIFI_DROP,
2.0128,9,STA,WIFI_DROP,
2.0152,4,STA,WIFI_DROP,
2.0152,5,STA,WIFI_DROP,
2.0152,6,STA,WIFI_DROP,
2.0152,9,STA,WIFI_DROP,
2.0176,4,STA,WIFI_DROP,
2.0176,5,STA,WIFI_DROP,
2.0176,6,STA,WIFI_DROP,
2.0176,9,STA,WIFI_DROP,
2.02,4,STA,WIFI_DROP,
2.02,5,STA,WIFI_DROP,
2.02,6,STA,WIFI_DROP,
2.02,9,STA,WIFI_DROP,
2.0224,4,STA,WIFI_DROP,
2.0224,5,STA,WIFI_DROP,
2.0224,6,STA,WIFI_DROP,
2.0224,9,STA,WIFI_DROP,
2.0248,4,STA,WIFI_DROP,
2.0248,5,STA,WIFI_DROP,
2.0248,6,STA,WIFI_DROP,
2.0248,9,STA,WIFI_DROP,
2.0272,4,STA,WIFI_DROP,
2.0272,5,STA,WIFI_DROP,
2.0272,6,STA,WIFI_DROP,
2.0272,9,STA,WIFI_DROP,
2.0296,4,STA,WIFI_DROP,
2.0296,5,STA,WIFI_DROP,
2.0296,6,STA,WIFI_DROP,
2.0296,9,STA,WIFI_DROP,
2.032,4,STA,WIFI_DROP,
2.032,5,STA,WIFI_DROP,
2.032,6,STA,WIFI_DROP,
2.032,9,STA,WIFI_DROP,
2.0344,4,STA,WIFI_DROP,
2.0344,5,STA,WIFI_DROP,
2.0344,6,STA,WIFI_DROP,
2.0344,9,STA,WIFI_DROP,
2.0368,4,STA,WIFI_DROP,
2.0368,5,STA,WIFI_DROP,
2.0368,6,STA,WIFI_DROP,
2.0368,9,STA,WIFI_DROP,
2.0392,4,STA,WIFI_DROP,
2.0392,5,STA,WIFI_DROP,
2.0392,6,STA,WIFI_DROP,
2.0392,9,STA,WIFI_DROP,
2.0416,4,STA,WIFI_DROP,
2.0416,5,STA,WIFI_DROP,
2.0416,6,STA,WIFI_DROP,
2.0416,9,STA,WIFI_DROP,
2.044,4,STA,WIFI_DROP,
2.044,5,STA,WIFI_DROP,
2.044,6,STA,WIFI_DROP,
2.044,9,STA,WIFI_DROP,
2.0464,4,STA,WIFI_DROP,
2.0464,5,STA,WIFI_DROP,
2.0464,6,STA,WIFI_DROP,
2.0464,9,STA,WIFI_DROP,
2.0488,4,STA,WIFI_DROP,
2.0488,5,STA,WIFI_DROP,
2.0488,6,STA,WIFI_DROP,
2.0488,9,STA,WIFI_DROP,
2.0512,4,STA,WIFI_DROP,
2.0512,5,STA,WIFI_DROP,
2.0512,6,STA,WIFI_DROP,
2.0512,9,STA,WIFI_DROP,
2.0536,4,STA,WIFI_DROP,
2.0536,5,STA,WIFI_DROP,
2.0536,6,STA,WIFI_DROP,
2.0536,9,STA,WIFI_DROP,
2.056,4,STA,WIFI_DROP,
2.056,5,STA,WIFI_DROP,
2.056,6,STA,WIFI_DROP,
2.056,9,STA,WIFI_DROP,
2.0584,4,STA,WIFI_DROP,
2.0584,5,STA,WIFI_DROP,
2.0584,6,STA,WIFI_DROP,
2.0584,9,STA,WIFI_DROP,
2.0608,4,STA,WIFI_DROP,
2.0608,5,STA,WIFI_DROP,
2.0608,6,STA,WIFI_DROP,
2.0608,9,STA,WIFI_DROP,
2.0632,4,STA,WIFI_DROP,
2.0632,5,STA,WIFI_DROP,
2.0632,6,STA,WIFI_DROP,
2.0632,9,STA,WIFI_DROP,
2.0656,4,STA,WIFI_DROP,
2.0656,5,STA,WIFI_DROP,
2.0656,6,STA,WIFI_DROP,
2.0656,9,STA,WIFI_DROP,
2.068,4,STA,WIFI_DROP,
2.068,5,STA,WIFI_DROP,
2.068,6,STA,WIFI_DROP,
2.068,9,STA,WIFI_DROP,
2.0704,4,STA,WIFI_DROP,
2.0704,5,STA,WIFI_DROP,
2.0704,6,STA,WIFI_DROP,
2.0704,9,STA,WIFI_DROP,
2.0728,4,STA,WIFI_DROP,
2.0728,5,STA,WIFI_DROP,
2.0728,6,STA,WIFI_DROP,
2.0728,9,STA,WIFI_DROP,
2.0752,4,STA,WIFI_DROP,
2.0752,5,STA,WIFI_DROP,
2.0752,6,STA,WIFI_DROP,
2.0752,9,STA,WIFI_DROP,
2.0776,4,STA,WIFI_DROP,
2.0776,5,STA,WIFI_DROP,
2.0776,6,STA,WIFI_DROP,
2.0776,9,STA,WIFI_DROP,
2.08,4,STA,WIFI_DROP,
2.08,5,STA,WIFI_DROP,
2.08,6,STA,WIFI_DROP,
2.08,9,STA,WIFI_DROP,
2.0824,4,STA,WIFI_DROP,
2.0824,5,STA,WIFI_DROP,
2.0824,6,STA,WIFI_DROP,
2.0824,9,STA,WIFI_DROP,
2.0848,4,STA,WIFI_DROP,
2.0848,5,STA,WIFI_DROP,
2.0848,6,STA,WIFI_DROP,
2.0848,9,STA,WIFI_DROP,
2.0872,4,STA,WIFI_DROP,
2.0872,5,STA,WIFI_DROP,
2.0872,6,STA,WIFI_DROP,
2.0872,9,STA,WIFI_DROP,
2.0896,4,STA,WIFI_DROP,
2.0896,5,STA,WIFI_DROP,
2.0896,6,STA,WIFI_DROP,
2.0896,9,STA,WIFI_DROP,
2.092,4,STA,WIFI_DROP,
2.092,5,STA,WIFI_DROP,
2.092,6,STA,WIFI_DROP,
2.092,9,STA,WIFI_DROP,
2.0944,4,STA,WIFI_DROP,
2.0944,5,STA,WIFI_DROP,
2.0944,6,STA,WIFI_DROP,
2.0944,9,STA,WIFI_DROP,
2.0968,4,STA,WIFI_DROP,
2.0968,5,STA,WIFI_DROP,
2.0968,6,STA,WIFI_DROP,
2.0968,9,STA,WIFI_DROP,
2.0992,4,STA,WIFI_DROP,
2.0992,5,STA,WIFI_DROP,
2.0992,6,STA,WIFI_DROP,
2.0992,9,STA,WIFI_DROP,
2.1016,4,STA,WIFI_DROP,
2.1016,5,STA,WIFI_DROP,
2.1016,6,STA,WIFI_DROP,
2.1016,9,STA,WIFI_DROP,
2.104,4,STA,WIFI_DROP,
2.104,5,STA,WIFI_DROP,
2.104,6,STA,WIFI_DROP,
2.104,9,STA,WIFI_DROP,
2.1064,4,STA,WIFI_DROP,
2.1064,5,STA,WIFI_DROP,
2.1064,6,STA,WIFI_DROP,
2.1064,9,STA,WIFI_DROP,
2.1088,4,STA,WIFI_DROP,
2.1088,5,STA,WIFI_DROP,
2.1088,6,STA,WIFI_DROP,
2.1088,9,STA,WIFI_DROP,
2.1112,4,STA,WIFI_DROP,
2.1112,5,STA,WIFI_DROP,
2.1112,6,STA,WIFI_DROP,
2.1112,9,STA,WIFI_DROP,
2.1136,4,STA,WIFI_DROP,
2.1136,5,STA,WIFI_DROP,
2.1136,6,STA,WIFI_DROP,
2.1136,9,STA,WIFI_DROP,
2.116,4,STA,WIFI_DROP,
2.116,5,STA,WIFI_DROP,
2.116,6,STA,WIFI_DROP,
2.116,9,STA,WIFI_DROP,
2.1184,4,STA,WIFI_DROP,
2.1184,5,STA,WIFI_DROP,
2.1184,6,STA,WIFI_DROP,
2.1184,9,STA,WIFI_DROP,
2.1208,4,STA,WIFI_DROP,
2.1208,5,STA,WIFI_DROP,
2.1208,6,STA,WIFI_DROP,
2.1208,9,STA,WIFI_DROP,
2.1232,4,STA,WIFI_DROP,
2.1232,5,STA,WIFI_DROP,
2.1232,6,STA,WIFI_DROP,
2.1232,9,STA,WIFI_DROP,
2.1256,4,STA,WIFI_DROP,
2.1256,5,STA,WIFI_DROP,
2.1256,6,STA,WIFI_DROP,
2.1256,9,STA,WIFI_DROP,
2.128,4,STA,WIFI_DROP,
2.128,5,STA,WIFI_DROP,
2.128,6,STA,WIFI_DROP,
2.128,9,STA,WIFI_DROP,
2.1304,4,STA,WIFI_DROP,
2.1304,5,STA,WIFI_DROP,
2.1304,6,STA,WIFI_DROP,
2.1304,9,STA,WIFI_DROP,
2.1304,16,STA,WIFI_DROP,
2.1328,4,STA,WIFI_DROP,
2.1328,5,STA,WIFI_DROP,
2.1328,6,STA,WIFI_DROP,
2.1328,9,STA,WIFI_DROP,
2.1328,16,STA,WIFI_DROP,
2.1352,4,STA,WIFI_DROP,
2.1352,5,STA,WIFI_DROP,
2.1352,6,STA,WIFI_DROP,
2.1352,9,STA,WIFI_DROP,
2.1352,16,STA,WIFI_DROP,
2.1376,4,STA,WIFI_DROP,
2.1376,5,STA,WIFI_DROP,
2.1376,6,STA,WIFI_DROP,
2.1376,9,STA,WIFI_DROP,
2.1376,16,STA,WIFI_DROP,
2.14,4,STA,WIFI_DROP,
2.14,5,STA,WIFI_DROP,
2.14,6,STA,WIFI_DROP,
2.14,9,STA,WIFI_DROP,
2.14,16,STA,WIFI_DROP,
2.1424,4,STA,WIFI_DROP,
2.1424,5,STA,WIFI_DROP,
2.1424,6,STA,WIFI_DROP,
2.1424,9,STA,WIFI_DROP,
2.1424,16,STA,WIFI_DROP,
2.1448,4,STA,WIFI_DROP,
2.1448,5,STA,WIFI_DROP,
2.1448,6,STA,WIFI_DROP,
2.1448,9,STA,WIFI_DROP,
2.1448,16,STA,WIFI_DROP,
2.1472,4,STA,WIFI_DROP,
2.1472,5,STA,WIFI_DROP,
2.1472,6,STA,WIFI_DROP,
2.1472,9,STA,WIFI_DROP,
2.1472,16,STA,WIFI_DROP,
2.1496,4,STA,WIFI_DROP,
2.1496,5,STA,WIFI_DROP,
2.1496,6,STA,WIFI_DROP,
2.1496,9,STA,WIFI_DROP,
2.1496,16,STA,WIFI_DROP,
2.152,4,STA,WIFI_DROP,
2.152,5,STA,WIFI_DROP,
2.152,6,STA,WIFI_DROP,
2.152,9,STA,WIFI_DROP,
2.152,16,STA,WIFI_DROP,
2.1544,4,STA,WIFI_DROP,
2.1544,5,STA,WIFI_DROP,
2.1544,6,STA,WIFI_DROP,
2.1544,9,STA,WIFI_DROP,
2.1544,16,STA,WIFI_DROP,
2.1568,4,STA,WIFI_DROP,
2.1568,5,STA,WIFI_DROP,
2.1568,6,STA,WIFI_DROP,
2.1568,9,STA,WIFI_DROP,
2.1568,16,STA,WIFI_DROP,
2.1592,4,STA,WIFI_DROP,
2.1592,5,STA,WIFI_DROP,
2.1592,6,STA,WIFI_DROP,
2.1592,9,STA,WIFI_DROP,
2.1592,16,STA,WIFI_DROP,
2.1616,4,STA,WIFI_DROP,
2.1616,5,STA,WIFI_DROP,
2.1616,6,STA,WIFI_DROP,
2.1616,9,STA,WIFI_DROP,
2.1616,16,STA,WIFI_DROP,
2.164,4,STA,WIFI_DROP,
2.164,5,STA,WIFI_DROP,
2.164,6,STA,WIFI_DROP,
2.164,9,STA,WIFI_DROP,
2.164,16,STA,WIFI_DROP,
2.1664,4,STA,WIFI_DROP,
2.1664,5,STA,WIFI_DROP,
2.1664,6,STA,WIFI_DROP,
2.1664,9,STA,WIFI_DROP,
2.1664,16,STA,WIFI_DROP,
2.1688,4,STA,WIFI_DROP,
2.1688,5,STA,WIFI_DROP,
2.1688,6,STA,WIFI_DROP,
2.1688,9,STA,WIFI_DROP,
2.1688,16,STA,WIFI_DROP,
2.1712,4,STA,WIFI_DROP,
2.1712,5,STA,WIFI_DROP,
2.1712,6,STA,WIFI_DROP,
2.1712,9,STA,WIFI_DROP,
2.1712,16,STA,WIFI_DROP,
2.1736,4,STA,WIFI_DROP,
2.1736,5,STA,WIFI_DROP,
2.1736,6,STA,WIFI_DROP,
2.1736,9,STA,WIFI_DROP,
2.1736,16,STA,WIFI_DROP,
2.176,4,STA,WIFI_DROP,
2.176,5,STA,WIFI_DROP,
2.176,6,STA,WIFI_DROP,
2.176,9,STA,WIFI_DROP,
2.176,16,STA,WIFI_DROP,
2.1784,4,STA,WIFI_DROP,
2.1784,5,STA,WIFI_DROP,
2.1784,6,STA,WIFI_DROP,
2.1784,9,STA,WIFI_DROP,
2.1784,16,STA,WIFI_DROP,
2.1808,4,STA,WIFI_DROP,
2.1808,5,STA,WIFI_DROP,
2.1808,6,STA,WIFI_DROP,
2.1808,9,STA,WIFI_DROP,
2.1808,16,STA,WIFI_DROP,
2.1832,4,STA,WIFI_DROP,
2.1832,5,STA,WIFI_DROP,
2.1832,6,STA,WIFI_DROP,
2.1832,9,STA,WIFI_DROP,
2.1832,16,STA,WIFI_DROP,
2.1856,4,STA,WIFI_DROP,
2.1856,5,STA,WIFI_DROP,
2.1856,6,STA,WIFI_DROP,
2.1856,9,STA,WIFI_DROP,
2.1856,16,STA,WIFI_DROP,
2.188,4,STA,WIFI_DROP,
2.188,5,STA,WIFI_DROP,
2.188,6,STA,WIFI_DROP,
2.188,9,STA,WIFI_DROP,
2.188,16,STA,WIFI_DROP,
2.1904,4,STA,WIFI_DROP,
2.1904,5,STA,WIFI_DROP,
2.1904,6,STA,WIFI_DROP,
2.1904,9,STA,WIFI_DROP,
2.1904,16,STA,WIFI_DROP,
2.1928,4,STA,WIFI_DROP,
2.1928,5,STA,WIFI_DROP,
2.1928,6,STA,WIFI_DROP,
2.1928,9,STA,WIFI_DROP,
2.1928,16,STA,WIFI_DROP,
2.1952,4,STA,WIFI_DROP,
2.1952,5,STA,WIFI_DROP,
2.1952,6,STA,WIFI_DROP,
2.1952,9,STA,WIFI_DROP,
2.1952,16,STA,WIFI_DROP,
2.1976,4,STA,WIFI_DROP,
2.1976,5,STA,WIFI_DROP,
2.1976,6,STA,WIFI_DROP,
2.1976,9,STA,WIFI_DROP,
2.1976,16,STA,WIFI_DROP,
2.2,4,STA,WIFI_DROP,
2.2,5,STA,WIFI_DROP,
2.2,6,STA,WIFI_DROP,
2.2,9,STA,WIFI_DROP,
2.2,16,STA,WIFI_DROP,
2.2024,4,STA,WIFI_DROP,
2.2024,5,STA,WIFI_DROP,
2.2024,6,STA,WIFI_DROP,
2.2024,9,STA,WIFI_DROP,
2.2024,16,STA,WIFI_DROP,
2.2048,4,STA,WIFI_DROP,
2.2048,5,STA,WIFI_DROP,
2.2048,6,STA,WIFI_DROP,
2.2048,9,STA,WIFI_DROP,
2.2048,16,STA,WIFI_DROP,
2.2072,4,STA,WIFI_DROP,
2.2072,5,STA,WIFI_DROP,
2.2072,6,STA,WIFI_DROP,
2.2072,9,STA,WIFI_DROP,
2.2072,16,STA,WIFI_DROP,
2.2096,4,STA,WIFI_DROP,
2.2096,5,STA,WIFI_DROP,
2.2096,6,STA,WIFI_DROP,
2.2096,9,STA,WIFI_DROP,
2.2096,16,STA,WIFI_DROP,
2.212,4,STA,WIFI_DROP,
2.212,5,STA,WIFI_DROP,
2.212,6,STA,WIFI_DROP,
2.212,9,STA,WIFI_DROP,
2.212,16,STA,WIFI_DROP,
2.2144,4,STA,WIFI_DROP,
2.2144,5,STA,WIFI_DROP,
2.2144,6,STA,WIFI_DROP,
2.2144,9,STA,WIFI_DROP,
2.2144,16,STA,WIFI_DROP,
2.2168,4,STA,WIFI_DROP,
2.2168,5,STA,WIFI_DROP,
2.2168,6,STA,WIFI_DROP,
2.2168,9,STA,WIFI_DROP,
2.2168,16,STA,WIFI_DROP,
2.2192,4,STA,WIFI_DROP,
2.2192,5,STA,WIFI_DROP,
2.2192,6,STA,WIFI_DROP,
2.2192,9,STA,WIFI_DROP,
2.2192,16,STA,WIFI_DROP,
2.2216,4,STA,WIFI_DROP,
2.2216,5,STA,WIFI_DROP,
2.2216,6,STA,WIFI_DROP,
2.2216,9,STA,WIFI_DROP,
2.2216,16,STA,WIFI_DROP,
2.224,4,STA,WIFI_DROP,
2.224,5,STA,WIFI_DROP,
2.224,6,STA,WIFI_DROP,
2.224,9,STA,WIFI_DROP,
2.224,16,STA,WIFI_DROP,
2.2264,5,STA,WIFI_DROP,
2.2264,6,STA,WIFI_DROP,
2.2264,9,STA,WIFI_DROP,
2.2264,16,STA,WIFI_DROP,
2.2288,5,STA,WIFI_DROP,
2.2288,6,STA,WIFI_DROP,
2.2288,9,STA,WIFI_DROP,
2.2288,16,STA,WIFI_DROP,
2.2312,5,STA,WIFI_DROP,
2.2312,6,STA,WIFI_DROP,
2.2312,9,STA,WIFI_DROP,
2.2312,16,STA,WIFI_DROP,
2.2336,5,STA,WIFI_DROP,
2.2336,6,STA,WIFI_DROP,
2.2336,9,STA,WIFI_DROP,
2.2336,16,STA,WIFI_DROP,
2.236,5,STA,WIFI_DROP,
2.236,6,STA,WIFI_DROP,
2.236,9,STA,WIFI_DROP,
2.236,16,STA,WIFI_DROP,
2.2384,5,STA,WIFI_DROP,
2.2384,6,STA,WIFI_DROP,
2.2384,9,STA,WIFI_DROP,
2.2384,16,STA,WIFI_DROP,
2.2408,5,STA,WIFI_DROP,
2.2408,6,STA,WIFI_DROP,
2.2408,9,STA,WIFI_DROP,
2.2408,16,STA,WIFI_DROP,
2.2432,5,STA,WIFI_DROP,
2.2432,6,STA,WIFI_DROP,
2.2432,9,STA,WIFI_DROP,
2.2432,16,STA,WIFI_DROP,
2.2456,5,STA,WIFI_DROP,
2.2456,6,STA,WIFI_DROP,
2.2456,9,STA,WIFI_DROP,
2.2456,16,STA,WIFI_DROP,
2.248,5,STA,WIFI_DROP,
2.248,6,STA,WIFI_DROP,
2.248,9,STA,WIFI_DROP,
2.248,16,STA,WIFI_DROP,
2.2504,4,STA,WIFI_DROP,
2.2504,5,STA,WIFI_DROP,
2.2504,6,STA,WIFI_DROP,
2.2504,9,STA,WIFI_DROP,
2.2504,16,STA,WIFI_DROP,
2.2528,4,STA,WIFI_DROP,
2.2528,5,STA,WIFI_DROP,
2.2528,6,STA,WIFI_DROP,
2.2528,9,STA,WIFI_DROP,
2.2528,16,STA,WIFI_DROP,
2.2552,4,STA,WIFI_DROP,
2.2552,5,STA,WIFI_DROP,
2.2552,6,STA,WIFI_DROP,
2.2552,9,STA,WIFI_DROP,
2.2552,16,STA,WIFI_DROP,
2.2576,4,STA,WIFI_DROP,
2.2576,5,STA,WIFI_DROP,
2.2576,6,STA,WIFI_DROP,
2.2576,9,STA,WIFI_DROP,
2.2576,16,STA,WIFI_DROP,
2.26,4,STA,WIFI_DROP,
2.26,5,STA,WIFI_DROP,
2.26,6,STA,WIFI_DROP,
2.26,9,STA,WIFI_DROP,
2.26,16,STA,WIFI_DROP,
2.2624,4,STA,WIFI_DROP,
2.2624,5,STA,WIFI_DROP,
2.2624,6,STA,WIFI_DROP,
2.2624,9,STA,WIFI_DROP,
2.2624,16,STA,WIFI_DROP,
2.2648,4,STA,WIFI_DROP,
2.2648,5,STA,WIFI_DROP,
2.2648,6,STA,WIFI_DROP,
2.2648,9,STA,WIFI_DROP,
2.2648,16,STA,WIFI_DROP,
2.2672,4,STA,WIFI_DROP,
2.2672,5,STA,WIFI_DROP,
2.2672,6,STA,WIFI_DROP,
2.2672,9,STA,WIFI_DROP,
2.2672,16,STA,WIFI_DROP,
2.2696,4,STA,WIFI_DROP,
2.2696,5,STA,WIFI_DROP,
2.2696,6,STA,WIFI_DROP,
2.2696,9,STA,WIFI_DROP,
2.2696,16,STA,WIFI_DROP,
2.272,4,STA,WIFI_DROP,
2.272,5,STA,WIFI_DROP,
2.272,6,STA,WIFI_DROP,
2.272,9,STA,WIFI_DROP,
2.272,16,STA,WIFI_DROP,
2.2744,4,STA,WIFI_DROP,
2.2744,5,STA,WIFI_DROP,
2.2744,6,STA,WIFI_DROP,
2.2744,9,STA,WIFI_DROP,
2.2744,16,STA,WIFI_DROP,
2.2768,4,STA,WIFI_DROP,
2.2768,5,STA,WIFI_DROP,
2.2768,6,STA,WIFI_DROP,
2.2768,9,STA,WIFI_DROP,
2.2768,16,STA,WIFI_DROP,
2.2792,4,STA,WIFI_DROP,
2.2792,5,STA,WIFI_DROP,
2.2792,6,STA,WIFI_DROP,
2.2792,9,STA,WIFI_DROP,
2.2792,16,STA,WIFI_DROP,
2.2816,4,STA,WIFI_DROP,
2.2816,5,STA,WIFI_DROP,
2.2816,6,STA,WIFI_DROP,
2.2816,9,STA,WIFI_DROP,
2.2816,16,STA,WIFI_DROP,
2.284,4,STA,WIFI_DROP,
2.284,5,STA,WIFI_DROP,
2.284,6,STA,WIFI_DROP,
2.284,9,STA,WIFI_DROP,
2.284,16,STA,WIFI_DROP,
2.2864,4,STA,WIFI_DROP,
2.2864,5,STA,WIFI_DROP,
2.2864,6,STA,WIFI_DROP,
2.2864,9,STA,WIFI_DROP,
2.2864,16,STA,WIFI_DROP,
2.2888,4,STA,WIFI_DROP,
2.2888,5,STA,WIFI_DROP,
2.2888,6,STA,WIFI_DROP,
2.2888,9,STA,WIFI_DROP,
2.2888,16,STA,WIFI_DROP,
2.2912,4,STA,WIFI_DROP,
2.2912,5,STA,WIFI_DROP,
2.2912,6,STA,WIFI_DROP,
2.2912,9,STA,WIFI_DROP,
2.2912,16,STA,WIFI_DROP,
2.2936,4,STA,WIFI_DROP,
2.2936,5,STA,WIFI_DROP,
2.2936,6,STA,WIFI_DROP,
2.2936,9,STA,WIFI_DROP,
2.2936,16,STA,WIFI_DROP,
2.296,4,STA,WIFI_DROP,
2.296,5,STA,WIFI_DROP,
2.296,6,STA,WIFI_DROP,
2.296,9,STA,WIFI_DROP,
2.296,16,STA,WIFI_DROP,
2.2984,4,STA,WIFI_DROP,
2.2984,5,STA,WIFI_DROP,
2.2984,6,STA,WIFI_DROP,
2.2984,9,STA,WIFI_DROP,
2.2984,16,STA,WIFI_DROP,
2.3008,4,STA,WIFI_DROP,
2.3008,5,STA,WIFI_DROP,
2.3008,6,STA,WIFI_DROP,
2.3008,9,STA,WIFI_DROP,
2.3008,16,STA,WIFI_DROP,
2.3032,4,STA,WIFI_DROP,
2.3032,5,STA,WIFI_DROP,
2.3032,6,STA,WIFI_DROP,
2.3032,9,STA,WIFI_DROP,
2.3032,16,STA,WIFI_DROP,
2.3056,4,STA,WIFI_DROP,
2.3056,5,STA,WIFI_DROP,
2.3056,6,STA,WIFI_DROP,
2.3056,9,STA,WIFI_DROP,
2.3056,16,STA,WIFI_DROP,
2.308,4,STA,WIFI_DROP,
2.308,5,STA,WIFI_DROP,
2.308,6,STA,WIFI_DROP,
2.308,9,STA,WIFI_DROP,
2.308,16,STA,WIFI_DROP,
2.3104,4,STA,WIFI_DROP,
2.3104,5,STA,WIFI_DROP,
2.3104,6,STA,WIFI_DROP,
2.3104,9,STA,WIFI_DROP,
2.3104,16,STA,WIFI_DROP,
2.3128,4,STA,WIFI_DROP,
2.3128,5,STA,WIFI_DROP,
2.3128,6,STA,WIFI_DROP,
2.3128,9,STA,WIFI_DROP,
2.3128,16,STA,WIFI_DROP,
2.3152,4,STA,WIFI_DROP,
2.3152,5,STA,WIFI_DROP,
2.3152,6,STA,WIFI_DROP,
2.3152,9,STA,WIFI_DROP,
2.3152,16,STA,WIFI_DROP,
2.3176,4,STA,WIFI_DROP,
2.3176,5,STA,WIFI_DROP,
2.3176,6,STA,WIFI_DROP,
2.3176,9,STA,WIFI_DROP,
2.3176,16,STA,WIFI_DROP,
2.32,4,STA,WIFI_DROP,
2.32,5,STA,WIFI_DROP,
2.32,6,STA,WIFI_DROP,
2.32,9,STA,WIFI_DROP,
2.32,16,STA,WIFI_DROP,
2.3224,4,STA,WIFI_DROP,
2.3224,5,STA,WIFI_DROP,
2.3224,6,STA,WIFI_DROP,
2.3224,9,STA,WIFI_DROP,
2.3224,16,STA,WIFI_DROP,
2.3248,4,STA,WIFI_DROP,
2.3248,5,STA,WIFI_DROP,
2.3248,6,STA,WIFI_DROP,
2.3248,9,STA,WIFI_DROP,
2.3248,16,STA,WIFI_DROP,
2.3272,4,STA,WIFI_DROP,
2.3272,5,STA,WIFI_DROP,
2.3272,6,STA,WIFI_DROP,
2.3272,9,STA,WIFI_DROP,
2.3272,16,STA,WIFI_DROP,
2.3296,4,STA,WIFI_DROP,
2.3296,5,STA,WIFI_DROP,
2.3296,6,STA,WIFI_DROP,
2.3296,9,STA,WIFI_DROP,
2.3296,16,STA,WIFI_DROP,
2.332,4,STA,WIFI_DROP,
2.332,5,STA,WIFI_DROP,
2.332,6,STA,WIFI_DROP,
2.332,9,STA,WIFI_DROP,
2.332,16,STA,WIFI_DROP,
2.3344,4,STA,WIFI_DROP,
2.3344,5,STA,WIFI_DROP,
2.3344,6,STA,WIFI_DROP,
2.3344,9,STA,WIFI_DROP,
2.3344,16,STA,WIFI_DROP,
2.3368,4,STA,WIFI_DROP,
2.3368,5,STA,WIFI_DROP,
2.3368,6,STA,WIFI_DROP,
2.3368,9,STA,WIFI_DROP,
2.3368,16,STA,WIFI_DROP,
2.3392,4,STA,WIFI_DROP,
2.3392,5,STA,WIFI_DROP,
2.3392,6,STA,WIFI_DROP,
2.3392,9,STA,WIFI_DROP,
2.3392,16,STA,WIFI_DROP,
2.3416,4,STA,WIFI_DROP,
2.3416,5,STA,WIFI_DROP,
2.3416,6,STA,WIFI_DROP,
2.3416,9,STA,WIFI_DROP,
2.3416,16,STA,WIFI_DROP,
2.344,4,STA,WIFI_DROP,
2.344,5,STA,WIFI_DROP,
2.344,6,STA,WIFI_DROP,
2.344,9,STA,WIFI_DROP,
2.344,16,STA,WIFI_DROP,
2.3464,4,STA,WIFI_DROP,
2.3464,5,STA,WIFI_DROP,
2.3464,6,STA,WIFI_DROP,
2.3464,9,STA,WIFI_DROP,
2.3464,16,STA,WIFI_DROP,
2.3488,4,STA,WIFI_DROP,
2.3488,5,STA,WIFI_DROP,
2.3488,6,STA,WIFI_DROP,
2.3488,9,STA,WIFI_DROP,
2.3488,16,STA,WIFI_DROP,
2.3512,4,STA,WIFI_DROP,
2.3512,5,STA,WIFI_DROP,
2.3512,6,STA,WIFI_DROP,
2.3512,9,STA,WIFI_DROP,
2.3512,16,STA,WIFI_DROP,
2.3536,5,STA,WIFI_DROP,
2.3536,6,STA,WIFI_DROP,
2.3536,9,STA,WIFI_DROP,
2.3536,16,STA,WIFI_DROP,
2.356,5,STA,WIFI_DROP,
2.356,6,STA,WIFI_DROP,
2.356,9,STA,WIFI_DROP,
2.356,16,STA,WIFI_DROP,
2.3584,5,STA,WIFI_DROP,
2.3584,6,STA,WIFI_DROP,
2.3584,9,STA,WIFI_DROP,
2.3584,16,STA,WIFI_DROP,
2.3608,5,STA,WIFI_DROP,
2.3608,6,STA,WIFI_DROP,
2.3608,9,STA,WIFI_DROP,
2.3608,16,STA,WIFI_DROP,
2.3632,5,STA,WIFI_DROP,
2.3632,6,STA,WIFI_DROP,
2.3632,9,STA,WIFI_DROP,
2.3632,16,STA,WIFI_DROP,
2.3656,5,STA,WIFI_DROP,
2.3656,6,STA,WIFI_DROP,
2.3656,9,STA,WIFI_DROP,
2.3656,16,STA,WIFI_DROP,
2.368,5,STA,WIFI_DROP,
2.368,6,STA,WIFI_DROP,
2.368,9,STA,WIFI_DROP,
2.368,16,STA,WIFI_DROP,
2.3704,5,STA,WIFI_DROP,
2.3704,6,STA,WIFI_DROP,
2.3704,9,STA,WIFI_DROP,
2.3704,16,STA,WIFI_DROP,
2.3728,5,STA,WIFI_DROP,
2.3728,6,STA,WIFI_DROP,
2.3728,9,STA,WIFI_DROP,
2.3728,16,STA,WIFI_DROP,
2.3752,5,STA,WIFI_DROP,
2.3752,6,STA,WIFI_DROP,
2.3752,9,STA,WIFI_DROP,
2.3752,16,STA,WIFI_DROP,
2.3776,5,STA,WIFI_DROP,
2.3776,6,STA,WIFI_DROP,
2.3776,9,STA,WIFI_DROP,
2.3776,16,STA,WIFI_DROP,
2.38,5,STA,WIFI_DROP,
2.38,6,STA,WIFI_DROP,
2.38,9,STA,WIFI_DROP,
2.38,16,STA,WIFI_DROP,
2.3824,5,STA,WIFI_DROP,
2.3824,6,STA,WIFI_DROP,
2.3824,9,STA,WIFI_DROP,
2.3824,16,STA,WIFI_DROP,
2.3848,5,STA,WIFI_DROP,
2.3848,6,STA,WIFI_DROP,
2.3848,9,STA,WIFI_DROP,
2.3848,16,STA,WIFI_DROP,
2.3872,5,STA,WIFI_DROP,
2.3872,6,STA,WIFI_DROP,
2.3872,9,STA,WIFI_DROP,
2.3872,16,STA,WIFI_DROP,
2.3896,5,STA,WIFI_DROP,
2.3896,6,STA,WIFI_DROP,
2.3896,9,STA,WIFI_DROP,
2.3896,16,STA,WIFI_DROP,
2.392,5,STA,WIFI_DROP,
2.392,6,STA,WIFI_DROP,
2.392,9,STA,WIFI_DROP,
2.392,16,STA,WIFI_DROP,
2.3944,5,STA,WIFI_DROP,
2.3944,6,STA,WIFI_DROP,
2.3944,9,STA,WIFI_DROP,
2.3944,16,STA,WIFI_DROP,
2.3968,5,STA,WIFI_DROP,
2.3968,6,STA,WIFI_DROP,
2.3968,9,STA,WIFI_DROP,
2.3968,16,STA,WIFI_DROP,
2.3992,5,STA,WIFI_DROP,
2.3992,6,STA,WIFI_DROP,
2.3992,9,STA,WIFI_DROP,
2.3992,16,STA,WIFI_DROP,
2.4016,5,STA,WIFI_DROP,
2.4016,6,STA,WIFI_DROP,
2.4016,9,STA,WIFI_DROP,
2.4016,16,STA,WIFI_DROP,
2.4016,21,STA,WIFI_DROP,
2.404,5,STA,WIFI_DROP,
2.404,6,STA,WIFI_DROP,
2.404,9,STA,WIFI_DROP,
2.404,16,STA,WIFI_DROP,
2.404,21,STA,WIFI_DROP,
2.4064,5,STA,WIFI_DROP,
2.4064,6,STA,WIFI_DROP,
2.4064,9,STA,WIFI_DROP,
2.4064,16,STA,WIFI_DROP,
2.4064,21,STA,WIFI_DROP,
2.4088,5,STA,WIFI_DROP,
2.4088,6,STA,WIFI_DROP,
2.4088,9,STA,WIFI_DROP,
2.4088,16,STA,WIFI_DROP,
2.4088,21,STA,WIFI_DROP,
2.4112,5,STA,WIFI_DROP,
2.4112,6,STA,WIFI_DROP,
2.4112,9,STA,WIFI_DROP,
2.4112,16,STA,WIFI_DROP,
2.4112,21,STA,WIFI_DROP,
2.4136,5,STA,WIFI_DROP,
2.4136,6,STA,WIFI_DROP,
2.4136,9,STA,WIFI_DROP,
2.4136,16,STA,WIFI_DROP,
2.4136,21,STA,WIFI_DROP,
2.416,5,STA,WIFI_DROP,
2.416,6,STA,WIFI_DROP,
2.416,9,STA,WIFI_DROP,
2.416,16,STA,WIFI_DROP,
2.416,21,STA,WIFI_DROP,
2.4184,5,STA,WIFI_DROP,
2.4184,6,STA,WIFI_DROP,
2.4184,9,STA,WIFI_DROP,
2.4184,16,STA,WIFI_DROP,
2.4184,21,STA,WIFI_DROP,
2.4208,5,STA,WIFI_DROP,
2.4208,6,STA,WIFI_DROP,
2.4208,9,STA,WIFI_DROP,
2.4208,16,STA,WIFI_DROP,
2.4208,21,STA,WIFI_DROP,
2.4232,5,STA,WIFI_DROP,
2.4232,6,STA,WIFI_DROP,
2.4232,9,STA,WIFI_DROP,
2.4232,16,STA,WIFI_DROP,
2.4232,21,STA,WIFI_DROP,
2.4256,5,STA,WIFI_DROP,
2.4256,6,STA,WIFI_DROP,
2.4256,9,STA,WIFI_DROP,
2.4256,16,STA,WIFI_DROP,
2.4256,21,STA,WIFI_DROP,
2.428,5,STA,WIFI_DROP,
2.428,6,STA,WIFI_DROP,
2.428,9,STA,WIFI_DROP,
2.428,16,STA,WIFI_DROP,
2.428,21,STA,WIFI_DROP,
2.4304,5,STA,WIFI_DROP,
2.4304,6,STA,WIFI_DROP,
2.4304,9,STA,WIFI_DROP,
2.4304,16,STA,WIFI_DROP,
2.4304,21,STA,WIFI_DROP,
2.4328,5,STA,WIFI_DROP,
2.4328,6,STA,WIFI_DROP,
2.4328,9,STA,WIFI_DROP,
2.4328,16,STA,WIFI_DROP,
2.4328,21,STA,WIFI_DROP,
2.4352,5,STA,WIFI_DROP,
2.4352,6,STA,WIFI_DROP,
2.4352,9,STA,WIFI_DROP,
2.4352,16,STA,WIFI_DROP,
2.4352,21,STA,WIFI_DROP,
2.4376,5,STA,WIFI_DROP,
2.4376,6,STA,WIFI_DROP,
2.4376,9,STA,WIFI_DROP,
2.4376,16,STA,WIFI_DROP,
2.4376,21,STA,WIFI_DROP,
2.44,5,STA,WIFI_DROP,
2.44,6,STA,WIFI_DROP,
2.44,9,STA,WIFI_DROP,
2.44,16,STA,WIFI_DROP,
2.44,21,STA,WIFI_DROP,
2.4424,5,STA,WIFI_DROP,
2.4424,6,STA,WIFI_DROP,
2.4424,9,STA,WIFI_DROP,
2.4424,16,STA,WIFI_DROP,
2.4424,21,STA,WIFI_DROP,
2.4448,5,STA,WIFI_DROP,
2.4448,6,STA,WIFI_DROP,
2.4448,9,STA,WIFI_DROP,
2.4448,16,STA,WIFI_DROP,
2.4448,21,STA,WIFI_DROP,
2.4472,5,STA,WIFI_DROP,
2.4472,6,STA,WIFI_DROP,
2.4472,9,STA,WIFI_DROP,
2.4472,16,STA,WIFI_DROP,
2.4472,21,STA,WIFI_DROP,
2.4496,5,STA,WIFI_DROP,
2.4496,6,STA,WIFI_DROP,
2.4496,9,STA,WIFI_DROP,
2.4496,16,STA,WIFI_DROP,
2.4496,21,STA,WIFI_DROP,
2.452,5,STA,WIFI_DROP,
2.452,6,STA,WIFI_DROP,
2.452,9,STA,WIFI_DROP,
2.452,16,STA,WIFI_DROP,
2.452,21,STA,WIFI_DROP,
2.4544,5,STA,WIFI_DROP,
2.4544,6,STA,WIFI_DROP,
2.4544,9,STA,WIFI_DROP,
2.4544,16,STA,WIFI_DROP,
2.4544,21,STA,WIFI_DROP,
2.4568,5,STA,WIFI_DROP,
2.4568,6,STA,WIFI_DROP,
2.4568,9,STA,WIFI_DROP,
2.4568,16,STA,WIFI_DROP,
2.4568,21,STA,WIFI_DROP,
2.4592,5,STA,WIFI_DROP,
2.4592,6,STA,WIFI_DROP,
2.4592,9,STA,WIFI_DROP,
2.4592,16,STA,WIFI_DROP,
2.4592,21,STA,WIFI_DROP,
2.4616,5,STA,WIFI_DROP,
2.4616,6,STA,WIFI_DROP,
2.4616,9,STA,WIFI_DROP,
2.4616,16,STA,WIFI_DROP,
2.4616,21,STA,WIFI_DROP,
2.464,5,STA,WIFI_DROP,
2.464,6,STA,WIFI_DROP,
2.464,9,STA,WIFI_DROP,
2.464,16,STA,WIFI_DROP,
2.464,21,STA,WIFI_DROP,
2.4664,5,STA,WIFI_DROP,
2.4664,6,STA,WIFI_DROP,
2.4664,9,STA,WIFI_DROP,
2.4664,16,STA,WIFI_DROP,
2.4664,21,STA,WIFI_DROP,
2.4688,5,STA,WIFI_DROP,
2.4688,6,STA,WIFI_DROP,
2.4688,9,STA,WIFI_DROP,
2.4688,16,STA,WIFI_DROP,
2.4688,21,STA,WIFI_DROP,
2.4712,5,STA,WIFI_DROP,
2.4712,6,STA,WIFI_DROP,
2.4712,9,STA,WIFI_DROP,
2.4712,16,STA,WIFI_DROP,
2.4712,21,STA,WIFI_DROP,
2.4736,5,STA,WIFI_DROP,
2.4736,6,STA,WIFI_DROP,
2.4736,9,STA,WIFI_DROP,
2.4736,16,STA,WIFI_DROP,
2.4736,21,STA,WIFI_DROP,
2.476,5,STA,WIFI_DROP,
2.476,6,STA,WIFI_DROP,
2.476,9,STA,WIFI_DROP,
2.476,16,STA,WIFI_DROP,
2.476,21,STA,WIFI_DROP,
2.4784,5,STA,WIFI_DROP,
2.4784,6,STA,WIFI_DROP,
2.4784,9,STA,WIFI_DROP,
2.4784,16,STA,WIFI_DROP,
2.4784,21,STA,WIFI_DROP,
2.4808,5,STA,WIFI_DROP,
2.4808,6,STA,WIFI_DROP,
2.4808,9,STA,WIFI_DROP,
2.4808,16,STA,WIFI_DROP,
2.4808,21,STA,WIFI_DROP,
2.4832,5,STA,WIFI_DROP,
2.4832,6,STA,WIFI_DROP,
2.4832,9,STA,WIFI_DROP,
2.4832,16,STA,WIFI_DROP,
2.4832,21,STA,WIFI_DROP,
2.4856,5,STA,WIFI_DROP,
2.4856,6,STA,WIFI_DROP,
2.4856,9,STA,WIFI_DROP,
2.4856,16,STA,WIFI_DROP,
2.4856,21,STA,WIFI_DROP,
2.488,5,STA,WIFI_DROP,
2.488,6,STA,WIFI_DROP,
2.488,9,STA,WIFI_DROP,
2.488,16,STA,WIFI_DROP,
2.488,21,STA,WIFI_DROP,
2.4904,5,STA,WIFI_DROP,
2.4904,6,STA,WIFI_DROP,
2.4904,9,STA,WIFI_DROP,
2.4904,16,STA,WIFI_DROP,
2.4904,21,STA,WIFI_DROP,
2.4928,5,STA,WIFI_DROP,
2.4928,6,STA,WIFI_DROP,
2.4928,9,STA,WIFI_DROP,
2.4928,16,STA,WIFI_DROP,
2.4928,21,STA,WIFI_DROP,
2.4952,5,STA,WIFI_DROP,
2.4952,6,STA,WIFI_DROP,
2.4952,9,STA,WIFI_DROP,
2.4952,16,STA,WIFI_DROP,
2.4952,21,STA,WIFI_DROP,
2.4976,5,STA,WIFI_DROP,
2.4976,6,STA,WIFI_DROP,
2.4976,9,STA,WIFI_DROP,
2.4976,16,STA,WIFI_DROP,
2.4976,21,STA,WIFI_DROP,
2.5,5,STA,WIFI_DROP,
2.5,6,STA,WIFI_DROP,
2.5,9,STA,WIFI_DROP,
2.5,16,STA,WIFI_DROP,
2.5,21,STA,WIFI_DROP,
2.5024,5,STA,WIFI_DROP,
2.5024,6,STA,WIFI_DROP,
2.5024,9,STA,WIFI_DROP,
2.5024,16,STA,WIFI_DROP,
2.5024,21,STA,WIFI_DROP,
2.5048,5,STA,WIFI_DROP,
2.5048,6,STA,WIFI_DROP,
2.5048,9,STA,WIFI_DROP,
2.5048,16,STA,WIFI_DROP,
2.5048,21,STA,WIFI_DROP,
2.5072,5,STA,WIFI_DROP,
2.5072,6,STA,WIFI_DROP,
2.5072,9,STA,WIFI_DROP,
2.5072,16,STA,WIFI_DROP,
2.5072,21,STA,WIFI_DROP,
2.5096,5,STA,WIFI_DROP,
2.5096,6,STA,WIFI_DROP,
2.5096,9,STA,WIFI_DROP,
2.5096,16,STA,WIFI_DROP,
2.5096,21,STA,WIFI_DROP,
2.512,5,STA,WIFI_DROP,
2.512,6,STA,WIFI_DROP,
2.512,9,STA,WIFI_DROP,
2.512,16,STA,WIFI_DROP,
2.512,21,STA,WIFI_DROP,
2.5144,5,STA,WIFI_DROP,
2.5144,6,STA,WIFI_DROP,
2.5144,9,STA,WIFI_DROP,
2.5144,16,STA,WIFI_DROP,
2.5144,21,STA,WIFI_DROP,
2.5168,5,STA,WIFI_DROP,
2.5168,6,STA,WIFI_DROP,
2.5168,9,STA,WIFI_DROP,
2.5168,16,STA,WIFI_DROP,
2.5168,21,STA,WIFI_DROP,
2.5192,5,STA,WIFI_DROP,
2.5192,6,STA,WIFI_DROP,
2.5192,16,STA,WIFI_DROP,
2.5192,21,STA,WIFI_DROP,
2.5216,5,STA,WIFI_DROP,
2.5216,6,STA,WIFI_DROP,
2.5216,16,STA,WIFI_DROP,
2.5216,21,STA,WIFI_DROP,
2.524,5,STA,WIFI_DROP,
2.524,6,STA,WIFI_DROP,
2.524,16,STA,WIFI_DROP,
2.524,21,STA,WIFI_DROP,
2.5264,5,STA,WIFI_DROP,
2.5264,6,STA,WIFI_DROP,
2.5264,16,STA,WIFI_DROP,
2.5264,21,STA,WIFI_DROP,
2.5288,5,STA,WIFI_DROP,
2.5288,6,STA,WIFI_DROP,
2.5288,16,STA,WIFI_DROP,
2.5288,21,STA,WIFI_DROP,
2.5312,5,STA,WIFI_DROP,
2.5312,6,STA,WIFI_DROP,
2.5312,16,STA,WIFI_DROP,
2.5312,21,STA,WIFI_DROP,
2.5336,5,STA,WIFI_DROP,
2.5336,6,STA,WIFI_DROP,
2.5336,21,STA,WIFI_DROP,
2.536,5,STA,WIFI_DROP,
2.536,6,STA,WIFI_DROP,
2.536,21,STA,WIFI_DROP,
2.5384,5,STA,WIFI_DROP,
2.5384,6,STA,WIFI_DROP,
2.5384,20,STA,WIFI_DROP,
2.5384,21,STA,WIFI_DROP,
2.5408,5,STA,WIFI_DROP,
2.5408,6,STA,WIFI_DROP,
2.5408,20,STA,WIFI_DROP,
2.5408,21,STA,WIFI_DROP,
2.5432,5,STA,WIFI_DROP,
2.5432,6,STA,WIFI_DROP,
2.5432,20,STA,WIFI_DROP,
2.5432,21,STA,WIFI_DROP,
2.5456,5,STA,WIFI_DROP,
2.5456,6,STA,WIFI_DROP,
2.5456,20,STA,WIFI_DROP,
2.5456,21,STA,WIFI_DROP,
2.548,5,STA,WIFI_DROP,
2.548,6,STA,WIFI_DROP,
2.548,20,STA,WIFI_DROP,
2.548,21,STA,WIFI_DROP,
2.5504,5,STA,WIFI_DROP,
2.5504,6,STA,WIFI_DROP,
2.5504,20,STA,WIFI_DROP,
2.5504,21,STA,WIFI_DROP,
2.5528,5,STA,WIFI_DROP,
2.5528,6,STA,WIFI_DROP,
2.5528,20,STA,WIFI_DROP,
2.5528,21,STA,WIFI_DROP,
2.5552,5,STA,WIFI_DROP,
2.5552,6,STA,WIFI_DROP,
2.5552,20,STA,WIFI_DROP,
2.5552,21,STA,WIFI_DROP,
2.5576,5,STA,WIFI_DROP,
2.5576,6,STA,WIFI_DROP,
2.5576,20,STA,WIFI_DROP,
2.5576,21,STA,WIFI_DROP,
2.56,5,STA,WIFI_DROP,
2.56,6,STA,WIFI_DROP,
2.56,20,STA,WIFI_DROP,
2.56,21,STA,WIFI_DROP,
2.5624,5,STA,WIFI_DROP,
2.5624,6,STA,WIFI_DROP,
2.5624,20,STA,WIFI_DROP,
2.5624,21,STA,WIFI_DROP,
2.5648,5,STA,WIFI_DROP,
2.5648,6,STA,WIFI_DROP,
2.5648,20,STA,WIFI_DROP,
2.5648,21,STA,WIFI_DROP,
2.5672,5,STA,WIFI_DROP,
2.5672,6,STA,WIFI_DROP,
2.5672,20,STA,WIFI_DROP,
2.5672,21,STA,WIFI_DROP,
2.5696,5,STA,WIFI_DROP,
2.5696,6,STA,WIFI_DROP,
2.5696,20,STA,WIFI_DROP,
2.5696,21,STA,WIFI_DROP,
2.572,5,STA,WIFI_DROP,
2.572,6,STA,WIFI_DROP,
2.572,20,STA,WIFI_DROP,
2.572,21,STA,WIFI_DROP,
2.5744,5,STA,WIFI_DROP,
2.5744,6,STA,WIFI_DROP,
2.5744,20,STA,WIFI_DROP,
2.5744,21,STA,WIFI_DROP,
2.5768,5,STA,WIFI_DROP,
2.5768,6,STA,WIFI_DROP,
2.5768,20,STA,WIFI_DROP,
2.5768,21,STA,WIFI_DROP,
2.5792,5,STA,WIFI_DROP,
2.5792,6,STA,WIFI_DROP,
2.5792,20,STA,WIFI_DROP,
2.5792,21,STA,WIFI_DROP,
2.5816,5,STA,WIFI_DROP,
2.5816,6,STA,WIFI_DROP,
2.5816,20,STA,WIFI_DROP,
2.5816,21,STA,WIFI_DROP,
2.584,5,STA,WIFI_DROP,
2.584,6,STA,WIFI_DROP,
2.584,20,STA,WIFI_DROP,
2.584,21,STA,WIFI_DROP,
2.5864,5,STA,WIFI_DROP,
2.5864,6,STA,WIFI_DROP,
2.5864,20,STA,WIFI_DROP,
2.5864,21,STA,WIFI_DROP,
2.5888,5,STA,WIFI_DROP,
2.5888,6,STA,WIFI_DROP,
2.5888,20,STA,WIFI_DROP,
2.5888,21,STA,WIFI_DROP,
2.5912,5,STA,WIFI_DROP,
2.5912,6,STA,WIFI_DROP,
2.5912,20,STA,WIFI_DROP,
2.5912,21,STA,WIFI_DROP,
2.5936,5,STA,WIFI_DROP,
2.5936,6,STA,WIFI_DROP,
2.5936,20,STA,WIFI_DROP,
2.5936,21,STA,WIFI_DROP,
2.596,5,STA,WIFI_DROP,
2.596,6,STA,WIFI_DROP,
2.596,20,STA,WIFI_DROP,
2.596,21,STA,WIFI_DROP,
2.5984,5,STA,WIFI_DROP,
2.5984,6,STA,WIFI_DROP,
2.5984,20,STA,WIFI_DROP,
2.5984,21,STA,WIFI_DROP,
2.6008,5,STA,WIFI_DROP,
2.6008,6,STA,WIFI_DROP,
2.6008,20,STA,WIFI_DROP,
2.6008,21,STA,WIFI_DROP,
2.6032,5,STA,WIFI_DROP,
2.6032,6,STA,WIFI_DROP,
2.6032,20,STA,WIFI_DROP,
2.6032,21,STA,WIFI_DROP,
2.6056,5,STA,WIFI_DROP,
2.6056,6,STA,WIFI_DROP,
2.6056,20,STA,WIFI_DROP,
2.6056,21,STA,WIFI_DROP,
2.608,5,STA,WIFI_DROP,
2.608,6,STA,WIFI_DROP,
2.608,20,STA,WIFI_DROP,
2.608,21,STA,WIFI_DROP,
2.6104,5,STA,WIFI_DROP,
2.6104,6,STA,WIFI_DROP,
2.6104,20,STA,WIFI_DROP,
2.6104,21,STA,WIFI_DROP,
2.6128,5,STA,WIFI_DROP,
2.6128,6,STA,WIFI_DROP,
2.6128,20,STA,WIFI_DROP,
2.6128,21,STA,WIFI_DROP,
2.6152,5,STA,WIFI_DROP,
2.6152,6,STA,WIFI_DROP,
2.6152,20,STA,WIFI_DROP,
2.6152,21,STA,WIFI_DROP,
2.6176,5,STA,WIFI_DROP,
2.6176,6,STA,WIFI_DROP,
2.6176,20,STA,WIFI_DROP,
2.6176,21,STA,WIFI_DROP,
2.62,5,STA,WIFI_DROP,
2.62,6,STA,WIFI_DROP,
2.62,20,STA,WIFI_DROP,
2.62,21,STA,WIFI_DROP,
2.6224,5,STA,WIFI_DROP,
2.6224,6,STA,WIFI_DROP,
2.6224,20,STA,WIFI_DROP,
2.6224,21,STA,WIFI_DROP,
2.6248,5,STA,WIFI_DROP,
2.6248,6,STA,WIFI_DROP,
2.6248,20,STA,WIFI_DROP,
2.6248,21,STA,WIFI_DROP,
2.6272,5,STA,WIFI_DROP,
2.6272,6,STA,WIFI_DROP,
2.6272,20,STA,WIFI_DROP,
2.6272,21,STA,WIFI_DROP,
2.6296,5,STA,WIFI_DROP,
2.6296,6,STA,WIFI_DROP,
2.6296,20,STA,WIFI_DROP,
2.6296,21,STA,WIFI_DROP,
2.632,5,STA,WIFI_DROP,
2.632,6,STA,WIFI_DROP,
2.632,20,STA,WIFI_DROP,
2.632,21,STA,WIFI_DROP,
2.6344,5,STA,WIFI_DROP,
2.6344,6,STA,WIFI_DROP,
2.6344,20,STA,WIFI_DROP,
2.6344,21,STA,WIFI_DROP,
2.6368,5,STA,WIFI_DROP,
2.6368,6,STA,WIFI_DROP,
2.6368,20,STA,WIFI_DROP,
2.6368,21,STA,WIFI_DROP,
2.6392,5,STA,WIFI_DROP,
2.6392,6,STA,WIFI_DROP,
2.6392,20,STA,WIFI_DROP,
2.6392,21,STA,WIFI_DROP,
2.6416,5,STA,WIFI_DROP,
2.6416,6,STA,WIFI_DROP,
2.6416,19,STA,WIFI_DROP,
2.6416,20,STA,WIFI_DROP,
2.6416,21,STA,WIFI_DROP,
2.644,5,STA,WIFI_DROP,
2.644,6,STA,WIFI_DROP,
2.644,19,STA,WIFI_DROP,
2.644,20,STA,WIFI_DROP,
2.644,21,STA,WIFI_DROP,
2.6464,5,STA,WIFI_DROP,
2.6464,6,STA,WIFI_DROP,
2.6464,19,STA,WIFI_DROP,
2.6464,20,STA,WIFI_DROP,
2.6464,21,STA,WIFI_DROP,
2.6488,5,STA,WIFI_DROP,
2.6488,6,STA,WIFI_DROP,
2.6488,19,STA,WIFI_DROP,
2.6488,20,STA,WIFI_DROP,
2.6488,21,STA,WIFI_DROP,
2.6512,5,STA,WIFI_DROP,
2.6512,6,STA,WIFI_DROP,
2.6512,17,STA,WIFI_DROP,
2.6512,19,STA,WIFI_DROP,
2.6512,20,STA,WIFI_DROP,
2.6512,21,STA,WIFI_DROP,
2.6536,5,STA,WIFI_DROP,
2.6536,6,STA,WIFI_DROP,
2.6536,17,STA,WIFI_DROP,
2.6536,19,STA,WIFI_DROP,
2.6536,20,STA,WIFI_DROP,
2.6536,21,STA,WIFI_DROP,
2.656,5,STA,WIFI_DROP,
2.656,6,STA,WIFI_DROP,
2.656,17,STA,WIFI_DROP,
2.656,19,STA,WIFI_DROP,
2.656,20,STA,WIFI_DROP,
2.656,21,STA,WIFI_DROP,
2.6584,5,STA,WIFI_DROP,
2.6584,6,STA,WIFI_DROP,
2.6584,17,STA,WIFI_DROP,
2.6584,19,STA,WIFI_DROP,
2.6584,20,STA,WIFI_DROP,
2.6584,21,STA,WIFI_DROP,
2.6608,5,STA,WIFI_DROP,
2.6608,6,STA,WIFI_DROP,
2.6608,17,STA,WIFI_DROP,
2.6608,19,STA,WIFI_DROP,
2.6608,20,STA,WIFI_DROP,
2.6608,21,STA,WIFI_DROP,
2.6632,5,STA,WIFI_DROP,
2.6632,6,STA,WIFI_DROP,
2.6632,17,STA,WIFI_DROP,
2.6632,19,STA,WIFI_DROP,
2.6632,20,STA,WIFI_DROP,
2.6632,21,STA,WIFI_DROP,
2.6656,5,STA,WIFI_DROP,
2.6656,6,STA,WIFI_DROP,
2.6656,17,STA,WIFI_DROP,
2.6656,19,STA,WIFI_DROP,
2.6656,20,STA,WIFI_DROP,
2.6656,21,STA,WIFI_DROP,
2.668,5,STA,WIFI_DROP,
2.668,6,STA,WIFI_DROP,
2.668,17,STA,WIFI_DROP,
2.668,19,STA,WIFI_DROP,
2.668,20,STA,WIFI_DROP,
2.668,21,STA,WIFI_DROP,
2.6704,5,STA,WIFI_DROP,
2.6704,6,STA,WIFI_DROP,
2.6704,17,STA,WIFI_DROP,
2.6704,19,STA,WIFI_DROP,
2.6704,20,STA,WIFI_DROP,
2.6704,21,STA,WIFI_DROP,
2.6728,5,STA,WIFI_DROP,
2.6728,6,STA,WIFI_DROP,
2.6728,17,STA,WIFI_DROP,
2.6728,19,STA,WIFI_DROP,
2.6728,20,STA,WIFI_DROP,
2.6728,21,STA,WIFI_DROP,
2.6752,5,STA,WIFI_DROP,
2.6752,6,STA,WIFI_DROP,
2.6752,17,STA,WIFI_DROP,
2.6752,19,STA,WIFI_DROP,
2.6752,20,STA,WIFI_DROP,
2.6752,21,STA,WIFI_DROP,
2.6776,6,STA,WIFI_DROP,
2.6776,17,STA,WIFI_DROP,
2.6776,19,STA,WIFI_DROP,
2.6776,20,STA,WIFI_DROP,
2.6776,21,STA,WIFI_DROP,
2.68,6,STA,WIFI_DROP,
2.68,17,STA,WIFI_DROP,
2.68,19,STA,WIFI_DROP,
2.68,20,STA,WIFI_DROP,
2.68,21,STA,WIFI_DROP,
2.6824,6,STA,WIFI_DROP,
2.6824,17,STA,WIFI_DROP,
2.6824,19,STA,WIFI_DROP,
2.6824,20,STA,WIFI_DROP,
2.6824,21,STA,WIFI_DROP,
2.6848,6,STA,WIFI_DROP,
2.6848,17,STA,WIFI_DROP,
2.6848,19,STA,WIFI_DROP,
2.6848,20,STA,WIFI_DROP,
2.6848,21,STA,WIFI_DROP,
2.6872,6,STA,WIFI_DROP,
2.6872,17,STA,WIFI_DROP,
2.6872,19,STA,WIFI_DROP,
2.6872,20,STA,WIFI_DROP,
2.6872,21,STA,WIFI_DROP,
2.6896,6,STA,WIFI_DROP,
2.6896,17,STA,WIFI_DROP,
2.6896,19,STA,WIFI_DROP,
2.6896,20,STA,WIFI_DROP,
2.6896,21,STA,WIFI_DROP,
2.692,6,STA,WIFI_DROP,
2.692,17,STA,WIFI_DROP,
2.692,19,STA,WIFI_DROP,
2.692,20,STA,WIFI_DROP,
2.692,21,STA,WIFI_DROP,
2.6944,6,STA,WIFI_DROP,
2.6944,17,STA,WIFI_DROP,
2.6944,19,STA,WIFI_DROP,
2.6944,20,STA,WIFI_DROP,
2.6944,21,STA,WIFI_DROP,
2.6968,6,STA,WIFI_DROP,
2.6968,17,STA,WIFI_DROP,
2.6968,19,STA,WIFI_DROP,
2.6968,20,STA,WIFI_DROP,
2.6968,21,STA,WIFI_DROP,
2.6992,6,STA,WIFI_DROP,
2.6992,17,STA,WIFI_DROP,
2.6992,19,STA,WIFI_DROP,
2.6992,20,STA,WIFI_DROP,
2.6992,21,STA,WIFI_DROP,
2.7016,6,STA,WIFI_DROP,
2.7016,17,STA,WIFI_DROP,
2.7016,19,STA,WIFI_DROP,
2.7016,20,STA,WIFI_DROP,
2.7016,21,STA,WIFI_DROP,
2.704,6,STA,WIFI_DROP,
2.704,17,STA,WIFI_DROP,
2.704,19,STA,WIFI_DROP,
2.704,20,STA,WIFI_DROP,
2.704,21,STA,WIFI_DROP,
2.7064,6,STA,WIFI_DROP,
2.7064,17,STA,WIFI_DROP,
2.7064,19,STA,WIFI_DROP,
2.7064,20,STA,WIFI_DROP,
2.7064,21,STA,WIFI_DROP,
2.7088,6,STA,WIFI_DROP,
2.7088,17,STA,WIFI_DROP,
2.7088,19,STA,WIFI_DROP,
2.7088,20,STA,WIFI_DROP,
2.7088,21,STA,WIFI_DROP,
2.7112,6,STA,WIFI_DROP,
2.7112,17,STA,WIFI_DROP,
2.7112,19,STA,WIFI_DROP,
2.7112,20,STA,WIFI_DROP,
2.7112,21,STA,WIFI_DROP,
2.7136,6,STA,WIFI_DROP,
2.7136,17,STA,WIFI_DROP,
2.7136,19,STA,WIFI_DROP,
2.7136,20,STA,WIFI_DROP,
2.7136,21,STA,WIFI_DROP,
2.716,6,STA,WIFI_DROP,
2.716,17,STA,WIFI_DROP,
2.716,19,STA,WIFI_DROP,
2.716,20,STA,WIFI_DROP,
2.716,21,STA,WIFI_DROP,
2.7184,6,STA,WIFI_DROP,
2.7184,17,STA,WIFI_DROP,
2.7184,19,STA,WIFI_DROP,
2.7184,20,STA,WIFI_DROP,
2.7184,21,STA,WIFI_DROP,
2.7208,6,STA,WIFI_DROP,
2.7208,17,STA,WIFI_DROP,
2.7208,19,STA,WIFI_DROP,
2.7208,20,STA,WIFI_DROP,
2.7208,21,STA,WIFI_DROP,
2.7232,6,STA,WIFI_DROP,
2.7232,17,STA,WIFI_DROP,
2.7232,19,STA,WIFI_DROP,
2.7232,20,STA,WIFI_DROP,
2.7232,21,STA,WIFI_DROP,
2.7256,6,STA,WIFI_DROP,
2.7256,17,STA,WIFI_DROP,
2.7256,19,STA,WIFI_DROP,
2.7256,20,STA,WIFI_DROP,
2.7256,21,STA,WIFI_DROP,
2.728,6,STA,WIFI_DROP,
2.728,17,STA,WIFI_DROP,
2.728,19,STA,WIFI_DROP,
2.728,20,STA,WIFI_DROP,
2.728,21,STA,WIFI_DROP,
2.7304,6,STA,WIFI_DROP,
2.7304,17,STA,WIFI_DROP,
2.7304,19,STA,WIFI_DROP,
2.7304,20,STA,WIFI_DROP,
2.7304,21,STA,WIFI_DROP,
2.7328,6,STA,WIFI_DROP,
2.7328,17,STA,WIFI_DROP,
2.7328,19,STA,WIFI_DROP,
2.7328,20,STA,WIFI_DROP,
2.7328,21,STA,WIFI_DROP,
2.7352,6,STA,WIFI_DROP,
2.7352,17,STA,WIFI_DROP,
2.7352,19,STA,WIFI_DROP,
2.7352,20,STA,WIFI_DROP,
2.7352,21,STA,WIFI_DROP,
2.7376,6,STA,WIFI_DROP,
2.7376,17,STA,WIFI_DROP,
2.7376,19,STA,WIFI_DROP,
2.7376,20,STA,WIFI_DROP,
2.7376,21,STA,WIFI_DROP,
2.74,6,STA,WIFI_DROP,
2.74,17,STA,WIFI_DROP,
2.74,19,STA,WIFI_DROP,
2.74,20,STA,WIFI_DROP,
2.74,21,STA,WIFI_DROP,
2.7424,6,STA,WIFI_DROP,
2.7424,17,STA,WIFI_DROP,
2.7424,19,STA,WIFI_DROP,
2.7424,20,STA,WIFI_DROP,
2.7424,21,STA,WIFI_DROP,
2.7448,6,STA,WIFI_DROP,
2.7448,17,STA,WIFI_DROP,
2.7448,19,STA,WIFI_DROP,
2.7448,20,STA,WIFI_DROP,
2.7448,21,STA,WIFI_DROP,
2.7472,6,STA,WIFI_DROP,
2.7472,17,STA,WIFI_DROP,
2.7472,19,STA,WIFI_DROP,
2.7472,20,STA,WIFI_DROP,
2.7472,21,STA,WIFI_DROP,
2.7496,6,STA,WIFI_DROP,
2.7496,17,STA,WIFI_DROP,
2.7496,19,STA,WIFI_DROP,
2.7496,20,STA,WIFI_DROP,
2.7496,21,STA,WIFI_DROP,
2.752,6,STA,WIFI_DROP,
2.752,17,STA,WIFI_DROP,
2.752,19,STA,WIFI_DROP,
2.752,20,STA,WIFI_DROP,
2.752,21,STA,WIFI_DROP,
2.7544,17,STA,WIFI_DROP,
2.7544,19,STA,WIFI_DROP,
2.7544,20,STA,WIFI_DROP,
2.7544,21,STA,WIFI_DROP,
2.7568,17,STA,WIFI_DROP,
2.7568,19,STA,WIFI_DROP,
2.7568,20,STA,WIFI_DROP,
2.7568,21,STA,WIFI_DROP,
2.7592,17,STA,WIFI_DROP,
2.7592,19,STA,WIFI_DROP,
2.7592,20,STA,WIFI_DROP,
2.7592,21,STA,WIFI_DROP,
2.7616,17,STA,WIFI_DROP,
2.7616,19,STA,WIFI_DROP,
2.7616,20,STA,WIFI_DROP,
2.7616,21,STA,WIFI_DROP,
2.764,17,STA,WIFI_DROP,
2.764,19,STA,WIFI_DROP,
2.764,20,STA,WIFI_DROP,
2.764,21,STA,WIFI_DROP,
2.7664,17,STA,WIFI_DROP,
2.7664,19,STA,WIFI_DROP,
2.7664,20,STA,WIFI_DROP,
2.7664,21,STA,WIFI_DROP,
2.7688,17,STA,WIFI_DROP,
2.7688,19,STA,WIFI_DROP,
2.7688,20,STA,WIFI_DROP,
2.7688,21,STA,WIFI_DROP,
2.7712,17,STA,WIFI_DROP,
2.7712,19,STA,WIFI_DROP,
2.7712,20,STA,WIFI_DROP,
2.7712,21,STA,WIFI_DROP,
2.7736,17,STA,WIFI_DROP,
2.7736,19,STA,WIFI_DROP,
2.7736,20,STA,WIFI_DROP,
2.7736,21,STA,WIFI_DROP,
2.776,17,STA,WIFI_DROP,
2.776,19,STA,WIFI_DROP,
2.776,20,STA,WIFI_DROP,
2.776,21,STA,WIFI_DROP,
2.7784,17,STA,WIFI_DROP,
2.7784,19,STA,WIFI_DROP,
2.7784,20,STA,WIFI_DROP,
2.7784,21,STA,WIFI_DROP,
2.7808,17,STA,WIFI_DROP,
2.7808,19,STA,WIFI_DROP,
2.7808,20,STA,WIFI_DROP,
2.7808,21,STA,WIFI_DROP,
2.7832,17,STA,WIFI_DROP,
2.7832,19,STA,WIFI_DROP,
2.7832,20,STA,WIFI_DROP,
2.7832,21,STA,WIFI_DROP,
2.7856,17,STA,WIFI_DROP,
2.7856,19,STA,WIFI_DROP,
2.7856,20,STA,WIFI_DROP,
2.7856,21,STA,WIFI_DROP,
2.788,17,STA,WIFI_DROP,
2.788,19,STA,WIFI_DROP,
2.788,20,STA,WIFI_DROP,
2.788,21,STA,WIFI_DROP,
2.7904,17,STA,WIFI_DROP,
2.7904,19,STA,WIFI_DROP,
2.7904,20,STA,WIFI_DROP,
2.7904,21,STA,WIFI_DROP,
2.7928,17,STA,WIFI_DROP,
2.7928,19,STA,WIFI_DROP,
2.7928,20,STA,WIFI_DROP,
2.7928,21,STA,WIFI_DROP,
2.7952,17,STA,WIFI_DROP,
2.7952,19,STA,WIFI_DROP,
2.7952,20,STA,WIFI_DROP,
2.7952,21,STA,WIFI_DROP,
2.7976,17,STA,WIFI_DROP,
2.7976,19,STA,WIFI_DROP,
2.7976,20,STA,WIFI_DROP,
2.7976,21,STA,WIFI_DROP,
2.8,17,STA,WIFI_DROP,
2.8,19,STA,WIFI_DROP,
2.8,20,STA,WIFI_DROP,
2.8,21,STA,WIFI_DROP,
2.8024,17,STA,WIFI_DROP,
2.8024,19,STA,WIFI_DROP,
2.8024,20,STA,WIFI_DROP,
2.8024,21,STA,WIFI_DROP,
2.8048,17,STA,WIFI_DROP,
2.8048,19,STA,WIFI_DROP,
2.8048,20,STA,WIFI_DROP,
2.8048,21,STA,WIFI_DROP,
2.8072,17,STA,WIFI_DROP,
2.8072,19,STA,WIFI_DROP,
2.8072,20,STA,WIFI_DROP,
2.8072,21,STA,WIFI_DROP,
2.8096,17,STA,WIFI_DROP,
2.8096,19,STA,WIFI_DROP,
2.8096,20,STA,WIFI_DROP,
2.8096,21,STA,WIFI_DROP,
2.812,17,STA,WIFI_DROP,
2.812,19,STA,WIFI_DROP,
2.812,20,STA,WIFI_DROP,
2.812,21,STA,WIFI_DROP,
2.8144,17,STA,WIFI_DROP,
2.8144,19,STA,WIFI_DROP,
2.8144,20,STA,WIFI_DROP,
2.8144,21,STA,WIFI_DROP,
2.8168,17,STA,WIFI_DROP,
2.8168,19,STA,WIFI_DROP,
2.8168,20,STA,WIFI_DROP,
2.8168,21,STA,WIFI_DROP,
2.8192,17,STA,WIFI_DROP,
2.8192,19,STA,WIFI_DROP,
2.8192,20,STA,WIFI_DROP,
2.8192,21,STA,WIFI_DROP,
2.8216,17,STA,WIFI_DROP,
2.8216,19,STA,WIFI_DROP,
2.8216,20,STA,WIFI_DROP,
2.8216,21,STA,WIFI_DROP,
2.824,17,STA,WIFI_DROP,
2.824,19,STA,WIFI_DROP,
2.824,20,STA,WIFI_DROP,
2.824,21,STA,WIFI_DROP,
2.8264,17,STA,WIFI_DROP,
2.8264,19,STA,WIFI_DROP,
2.8264,20,STA,WIFI_DROP,
2.8264,21,STA,WIFI_DROP,
2.8288,17,STA,WIFI_DROP,
2.8288,19,STA,WIFI_DROP,
2.8288,20,STA,WIFI_DROP,
2.8288,21,STA,WIFI_DROP,
2.8312,17,STA,WIFI_DROP,
2.8312,19,STA,WIFI_DROP,
2.8312,20,STA,WIFI_DROP,
2.8312,21,STA,WIFI_DROP,
2.8336,17,STA,WIFI_DROP,
2.8336,19,STA,WIFI_DROP,
2.8336,20,STA,WIFI_DROP,
2.8336,21,STA,WIFI_DROP,
2.836,17,STA,WIFI_DROP,
2.836,19,STA,WIFI_DROP,
2.836,20,STA,WIFI_DROP,
2.836,21,STA,WIFI_DROP,
2.8384,17,STA,WIFI_DROP,
2.8384,19,STA,WIFI_DROP,
2.8384,20,STA,WIFI_DROP,
2.8384,21,STA,WIFI_DROP,
2.8408,17,STA,WIFI_DROP,
2.8408,19,STA,WIFI_DROP,
2.8408,20,STA,WIFI_DROP,
2.8408,21,STA,WIFI_DROP,
2.8432,17,STA,WIFI_DROP,
2.8432,19,STA,WIFI_DROP,
2.8432,20,STA,WIFI_DROP,
2.8432,21,STA,WIFI_DROP,
2.8456,17,STA,WIFI_DROP,
2.8456,19,STA,WIFI_DROP,
2.8456,20,STA,WIFI_DROP,
2.8456,21,STA,WIFI_DROP,
2.848,17,STA,WIFI_DROP,
2.848,19,STA,WIFI_DROP,
2.848,20,STA,WIFI_DROP,
2.848,21,STA,WIFI_DROP,
2.8504,17,STA,WIFI_DROP,
2.8504,19,STA,WIFI_DROP,
2.8504,20,STA,WIFI_DROP,
2.8504,21,STA,WIFI_DROP,
2.8528,17,STA,WIFI_DROP,
2.8528,19,STA,WIFI_DROP,
2.8528,20,STA,WIFI_DROP,
2.8528,21,STA,WIFI_DROP,
2.8552,17,STA,WIFI_DROP,
2.8552,19,STA,WIFI_DROP,
2.8552,20,STA,WIFI_DROP,
2.8552,21,STA,WIFI_DROP,
2.8576,17,STA,WIFI_DROP,
2.8576,19,STA,WIFI_DROP,
2.8576,20,STA,WIFI_DROP,
2.8576,21,STA,WIFI_DROP,
2.86,17,STA,WIFI_DROP,
2.86,19,STA,WIFI_DROP,
2.86,20,STA,WIFI_DROP,
2.86,21,STA,WIFI_DROP,
2.8624,17,STA,WIFI_DROP,
2.8624,19,STA,WIFI_DROP,
2.8624,20,STA,WIFI_DROP,
2.8624,21,STA,WIFI_DROP,
2.8648,17,STA,WIFI_DROP,
2.8648,19,STA,WIFI_DROP,
2.8648,20,STA,WIFI_DROP,
2.8648,21,STA,WIFI_DROP,
2.8672,17,STA,WIFI_DROP,
2.8672,19,STA,WIFI_DROP,
2.8672,20,STA,WIFI_DROP,
2.8672,21,STA,WIFI_DROP,
2.8696,17,STA,WIFI_DROP,
2.8696,19,STA,WIFI_DROP,
2.8696,20,STA,WIFI_DROP,
2.8696,21,STA,WIFI_DROP,
2.872,17,STA,WIFI_DROP,
2.872,19,STA,WIFI_DROP,
2.872,20,STA,WIFI_DROP,
2.872,21,STA,WIFI_DROP,
2.8744,17,STA,WIFI_DROP,
2.8744,19,STA,WIFI_DROP,
2.8744,20,STA,WIFI_DROP,
2.8744,21,STA,WIFI_DROP,
2.8768,17,STA,WIFI_DROP,
2.8768,19,STA,WIFI_DROP,
2.8768,20,STA,WIFI_DROP,
2.8768,21,STA,WIFI_DROP,
2.8792,17,STA,WIFI_DROP,
2.8792,19,STA,WIFI_DROP,
2.8792,20,STA,WIFI_DROP,
2.8792,21,STA,WIFI_DROP,
2.8816,17,STA,WIFI_DROP,
2.8816,19,STA,WIFI_DROP,
2.8816,20,STA,WIFI_DROP,
2.8816,21,STA,WIFI_DROP,
2.884,17,STA,WIFI_DROP,
2.884,19,STA,WIFI_DROP,
2.884,20,STA,WIFI_DROP,
2.884,21,STA,WIFI_DROP,
2.8864,17,STA,WIFI_DROP,
2.8864,19,STA,WIFI_DROP,
2.8864,20,STA,WIFI_DROP,
2.8864,21,STA,WIFI_DROP,
2.8888,17,STA,WIFI_DROP,
2.8888,19,STA,WIFI_DROP,
2.8888,20,STA,WIFI_DROP,
2.8888,21,STA,WIFI_DROP,
2.8912,17,STA,WIFI_DROP,
2.8912,19,STA,WIFI_DROP,
2.8912,20,STA,WIFI_DROP,
2.8912,21,STA,WIFI_DROP,
2.8936,17,STA,WIFI_DROP,
2.8936,19,STA,WIFI_DROP,
2.8936,20,STA,WIFI_DROP,
2.8936,21,STA,WIFI_DROP,
2.896,17,STA,WIFI_DROP,
2.896,19,STA,WIFI_DROP,
2.896,20,STA,WIFI_DROP,
2.896,21,STA,WIFI_DROP,
2.8984,17,STA,WIFI_DROP,
2.8984,19,STA,WIFI_DROP,
2.8984,20,STA,WIFI_DROP,
2.8984,21,STA,WIFI_DROP,
2.9008,17,STA,WIFI_DROP,
2.9008,19,STA,WIFI_DROP,
2.9008,20,STA,WIFI_DROP,
2.9008,21,STA,WIFI_DROP,
2.9032,17,STA,WIFI_DROP,
2.9032,19,STA,WIFI_DROP,
2.9032,20,STA,WIFI_DROP,
2.9032,21,STA,WIFI_DROP,
2.9056,17,STA,WIFI_DROP,
2.9056,19,STA,WIFI_DROP,
2.9056,20,STA,WIFI_DROP,
2.9056,21,STA,WIFI_DROP,
2.908,17,STA,WIFI_DROP,
2.908,19,STA,WIFI_DROP,
2.908,20,STA,WIFI_DROP,
2.908,21,STA,WIFI_DROP,
2.9104,17,STA,WIFI_DROP,
2.9104,19,STA,WIFI_DROP,
2.9104,20,STA,WIFI_DROP,
2.9104,21,STA,WIFI_DROP,
2.9128,17,STA,WIFI_DROP,
2.9128,19,STA,WIFI_DROP,
2.9128,20,STA,WIFI_DROP,
2.9128,21,STA,WIFI_DROP,
2.9152,17,STA,WIFI_DROP,
2.9152,19,STA,WIFI_DROP,
2.9152,20,STA,WIFI_DROP,
2.9152,21,STA,WIFI_DROP,
2.9176,17,STA,WIFI_DROP,
2.9176,19,STA,WIFI_DROP,
2.9176,20,STA,WIFI_DROP,
2.9176,21,STA,WIFI_DROP,
2.92,17,STA,WIFI_DROP,
2.92,19,STA,WIFI_DROP,
2.92,20,STA,WIFI_DROP,
2.92,21,STA,WIFI_DROP,
2.9224,17,STA,WIFI_DROP,
2.9224,19,STA,WIFI_DROP,
2.9224,20,STA,WIFI_DROP,
2.9224,21,STA,WIFI_DROP,
2.9248,17,STA,WIFI_DROP,
2.9248,19,STA,WIFI_DROP,
2.9248,20,STA,WIFI_DROP,
2.9248,21,STA,WIFI_DROP,
2.9272,17,STA,WIFI_DROP,
2.9272,19,STA,WIFI_DROP,
2.9272,20,STA,WIFI_DROP,
2.9272,21,STA,WIFI_DROP,
2.9296,17,STA,WIFI_DROP,
2.9296,19,STA,WIFI_DROP,
2.9296,20,STA,WIFI_DROP,
2.9296,21,STA,WIFI_DROP,
2.932,17,STA,WIFI_DROP,
2.932,19,STA,WIFI_DROP,
2.932,20,STA,WIFI_DROP,
2.932,21,STA,WIFI_DROP,
2.9344,17,STA,WIFI_DROP,
2.9344,19,STA,WIFI_DROP,
2.9344,20,STA,WIFI_DROP,
2.9344,21,STA,WIFI_DROP,
2.9368,17,STA,WIFI_DROP,
2.9368,19,STA,WIFI_DROP,
2.9368,20,STA,WIFI_DROP,
2.9368,21,STA,WIFI_DROP,
2.9392,17,STA,WIFI_DROP,
2.9392,19,STA,WIFI_DROP,
2.9392,20,STA,WIFI_DROP,
2.9392,21,STA,WIFI_DROP,
2.9416,17,STA,WIFI_DROP,
2.9416,19,STA,WIFI_DROP,
2.9416,20,STA,WIFI_DROP,
2.9416,21,STA,WIFI_DROP,
2.944,17,STA,WIFI_DROP,
2.944,20,STA,WIFI_DROP,
2.944,21,STA,WIFI_DROP,
2.9464,17,STA,WIFI_DROP,
2.9464,20,STA,WIFI_DROP,
2.9464,21,STA,WIFI_DROP,
2.9488,17,STA,WIFI_DROP,
2.9488,20,STA,WIFI_DROP,
2.9488,21,STA,WIFI_DROP,
2.9512,17,STA,WIFI_DROP,
2.9512,20,STA,WIFI_DROP,
2.9512,21,STA,WIFI_DROP,
2.9536,17,STA,WIFI_DROP,
2.9536,20,STA,WIFI_DROP,
2.9536,21,STA,WIFI_DROP,
2.956,17,STA,WIFI_DROP,
2.956,20,STA,WIFI_DROP,
2.956,21,STA,WIFI_DROP,
2.9584,17,STA,WIFI_DROP,
2.9584,20,STA,WIFI_DROP,
2.9584,21,STA,WIFI_DROP,
2.9608,17,STA,WIFI_DROP,
2.9608,20,STA,WIFI_DROP,
2.9608,21,STA,WIFI_DROP,
2.9632,17,STA,WIFI_DROP,
2.9632,20,STA,WIFI_DROP,
2.9632,21,STA,WIFI_DROP,
2.9656,17,STA,WIFI_DROP,
2.9656,20,STA,WIFI_DROP,
2.9656,21,STA,WIFI_DROP,
2.968,17,STA,WIFI_DROP,
2.968,20,STA,WIFI_DROP,
2.968,21,STA,WIFI_DROP,
2.9704,17,STA,WIFI_DROP,
2.9704,20,STA,WIFI_DROP,
2.9704,21,STA,WIFI_DROP,
2.9728,17,STA,WIFI_DROP,
2.9728,20,STA,WIFI_DROP,
2.9728,21,STA,WIFI_DROP,
2.9752,17,STA,WIFI_DROP,
2.9752,20,STA,WIFI_DROP,
2.9752,21,STA,WIFI_DROP,
2.9776,17,STA,WIFI_DROP,
2.9776,20,STA,WIFI_DROP,
2.9776,21,STA,WIFI_DROP,
2.98,17,STA,WIFI_DROP,
2.98,20,STA,WIFI_DROP,
2.98,21,STA,WIFI_DROP,
2.9824,17,STA,WIFI_DROP,
2.9824,20,STA,WIFI_DROP,
2.9824,21,STA,WIFI_DROP,
2.9848,17,STA,WIFI_DROP,
2.9848,20,STA,WIFI_DROP,
2.9848,21,STA,WIFI_DROP,
2.9872,17,STA,WIFI_DROP,
2.9872,20,STA,WIFI_DROP,
2.9872,21,STA,WIFI_DROP,
2.9896,17,STA,WIFI_DROP,
2.9896,20,STA,WIFI_DROP,
2.9896,21,STA,WIFI_DROP,
2.992,17,STA,WIFI_DROP,
2.992,20,STA,WIFI_DROP,
2.992,21,STA,WIFI_DROP,
2.9944,17,STA,WIFI_DROP,
2.9944,20,STA,WIFI_DROP,
2.9944,21,STA,WIFI_DROP,
2.9968,17,STA,WIFI_DROP,
2.9968,20,STA,WIFI_DROP,
2.9968,21,STA,WIFI_DROP,
2.9992,17,STA,WIFI_DROP,
2.9992,20,STA,WIFI_DROP,
2.9992,21,STA,WIFI_DROP,
3,2,STA,THROUGHPUT_MBPS,1.356000
3,3,STA,THROUGHPUT_MBPS,0.996000
3,8,STA,THROUGHPUT_MBPS,1.752000
3,9,STA,THROUGHPUT_MBPS,0.012000
3,13,STA,THROUGHPUT_MBPS,0.360000
3,15,STA,THROUGHPUT_MBPS,0.768000
3,17,STA,THROUGHPUT_MBPS,0.384000
3,20,STA,THROUGHPUT_MBPS,0.732000
3,1,AP,AGGREGATE_THROUGHPUT_MBPS,6.360000
3,1,AP,SENT_COUNT,8340.000000
3,1,AP,RECV_COUNT,530.000000
3,1,AP,LATENCY_P95_MS,526.792473
3.0016,17,STA,WIFI_DROP,
3.0016,20,STA,WIFI_DROP,
3.0016,21,STA,WIFI_DROP,
3.004,17,STA,WIFI_DROP,
3.004,20,STA,WIFI_DROP,
3.004,21,STA,WIFI_DROP,
3.0064,17,STA,WIFI_DROP,
3.0064,20,STA,WIFI_DROP,
3.0064,21,STA,WIFI_DROP,
3.0088,17,STA,WIFI_DROP,
3.0088,20,STA,WIFI_DROP,
3.0088,21,STA,WIFI_DROP,
3.0112,17,STA,WIFI_DROP,
3.0112,20,STA,WIFI_DROP,
3.0112,21,STA,WIFI_DROP,
3.0136,17,STA,WIFI_DROP,
3.0136,20,STA,WIFI_DROP,
3.0136,21,STA,WIFI_DROP,
3.016,17,STA,WIFI_DROP,
3.016,20,STA,WIFI_DROP,
3.016,21,STA,WIFI_DROP,
3.0184,17,STA,WIFI_DROP,
3.0184,20,STA,WIFI_DROP,
3.0184,21,STA,WIFI_DROP,
3.0208,17,STA,WIFI_DROP,
3.0208,20,STA,WIFI_DROP,
3.0208,21,STA,WIFI_DROP,
3.0232,17,STA,WIFI_DROP,
3.0232,20,STA,WIFI_DROP,
3.0232,21,STA,WIFI_DROP,
3.0256,17,STA,WIFI_DROP,
3.0256,20,STA,WIFI_DROP,
3.0256,21,STA,WIFI_DROP,
3.028,17,STA,WIFI_DROP,
3.028,20,STA,WIFI_DROP,
3.028,21,STA,WIFI_DROP,
3.0304,17,STA,WIFI_DROP,
3.0304,20,STA,WIFI_DROP,
3.0304,21,STA,WIFI_DROP,
3.0328,17,STA,WIFI_DROP,
3.0328,20,STA,WIFI_DROP,
3.0328,21,STA,WIFI_DROP,
3.0352,17,STA,WIFI_DROP,
3.0352,20,STA,WIFI_DROP,
3.0352,21,STA,WIFI_DROP,
3.0376,17,STA,WIFI_DROP,
3.0376,20,STA,WIFI_DROP,
3.0376,21,STA,WIFI_DROP,
3.04,17,STA,WIFI_DROP,
3.04,20,STA,WIFI_DROP,
3.04,21,STA,WIFI_DROP,
3.0424,9,STA,WIFI_DROP,
3.0424,17,STA,WIFI_DROP,
3.0424,20,STA,WIFI_DROP,
3.0424,21,STA,WIFI_DROP,
3.0448,9,STA,WIFI_DROP,
3.0448,17,STA,WIFI_DROP,
3.0448,20,STA,WIFI_DROP,
3.0448,21,STA,WIFI_DROP,
3.0472,9,STA,WIFI_DROP,
3.0472,17,STA,WIFI_DROP,
3.0472,20,STA,WIFI_DROP,
3.0472,21,STA,WIFI_DROP,
3.0496,9,STA,WIFI_DROP,
3.0496,17,STA,WIFI_DROP,
3.0496,20,STA,WIFI_DROP,
3.0496,21,STA,WIFI_DROP,
3.052,9,STA,WIFI_DROP,
3.052,17,STA,WIFI_DROP,
3.052,20,STA,WIFI_DROP,
3.052,21,STA,WIFI_DROP,
3.0544,9,STA,WIFI_DROP,
3.0544,17,STA,WIFI_DROP,
3.0544,20,STA,WIFI_DROP,
3.0544,21,STA,WIFI_DROP,
3.0568,9,STA,WIFI_DROP,
3.0568,17,STA,WIFI_DROP,
3.0568,20,STA,WIFI_DROP,
3.0568,21,STA,WIFI_DROP,
3.0592,9,STA,WIFI_DROP,
3.0592,17,STA,WIFI_DROP,
3.0592,20,STA,WIFI_DROP,
3.0592,21,STA,WIFI_DROP,
3.0616,9,STA,WIFI_DROP,
3.0616,17,STA,WIFI_DROP,
3.0616,20,STA,WIFI_DROP,
3.0616,21,STA,WIFI_DROP,
3.064,9,STA,WIFI_DROP,
3.064,17,STA,WIFI_DROP,
3.064,20,STA,WIFI_DROP,
3.064,21,STA,WIFI_DROP,
3.0664,9,STA,WIFI_DROP,
3.0664,17,STA,WIFI_DROP,
3.0664,20,STA,WIFI_DROP,
3.0664,21,STA,WIFI_DROP,
3.0688,9,STA,WIFI_DROP,
3.0688,17,STA,WIFI_DROP,
3.0688,20,STA,WIFI_DROP,
3.0688,21,STA,WIFI_DROP,
3.0712,9,STA,WIFI_DROP,
3.0712,17,STA,WIFI_DROP,
3.0712,20,STA,WIFI_DROP,
3.0712,21,STA,WIFI_DROP,
3.0736,9,STA,WIFI_DROP,
3.0736,17,STA,WIFI_DROP,
3.0736,20,STA,WIFI_DROP,
3.0736,21,STA,WIFI_DROP,
3.076,9,STA,WIFI_DROP,
3.076,17,STA,WIFI_DROP,
3.076,20,STA,WIFI_DROP,
3.076,21,STA,WIFI_DROP,
3.0784,9,STA,WIFI_DROP,
3.0784,17,STA,WIFI_DROP,
3.0784,20,STA,WIFI_DROP,
3.0784,21,STA,WIFI_DROP,
3.0808,9,STA,WIFI_DROP,
3.0808,17,STA,WIFI_DROP,
3.0808,20,STA,WIFI_DROP,
3.0808,21,STA,WIFI_DROP,
3.0832,9,STA,WIFI_DROP,
3.0832,17,STA,WIFI_DROP,
3.0832,20,STA,WIFI_DROP,
3.0832,21,STA,WIFI_DROP,
3.0856,9,STA,WIFI_DROP,
3.0856,17,STA,WIFI_DROP,
3.0856,20,STA,WIFI_DROP,
3.0856,21,STA,WIFI_DROP,
3.088,9,STA,WIFI_DROP,
3.088,17,STA,WIFI_DROP,
3.088,20,STA,WIFI_DROP,
3.088,21,STA,WIFI_DROP,
3.0904,9,STA,WIFI_DROP,
3.0904,17,STA,WIFI_DROP,
3.0904,20,STA,WIFI_DROP,
3.0904,21,STA,WIFI_DROP,
3.0928,9,STA,WIFI_DROP,
3.0928,17,STA,WIFI_DROP,
3.0928,20,STA,WIFI_DROP,
3.0928,21,STA,WIFI_DROP,
3.0952,9,STA,WIFI_DROP,
3.0952,17,STA,WIFI_DROP,
3.0952,20,STA,WIFI_DROP,
3.0952,21,STA,WIFI_DROP,
3.0976,9,STA,WIFI_DROP,
3.0976,17,STA,WIFI_DROP,
3.0976,20,STA,WIFI_DROP,
3.0976,21,STA,WIFI_DROP,
3.1,9,STA,WIFI_DROP,
3.1,17,STA,WIFI_DROP,
3.1,20,STA,WIFI_DROP,
3.1,21,STA,WIFI_DROP,
3.1024,9,STA,WIFI_DROP,
3.1024,17,STA,WIFI_DROP,
3.1024,20,STA,WIFI_DROP,
3.1024,21,STA,WIFI_DROP,
3.1048,9,STA,WIFI_DROP,
3.1048,17,STA,WIFI_DROP,
3.1048,20,STA,WIFI_DROP,
3.1048,21,STA,WIFI_DROP,
3.1072,9,STA,WIFI_DROP,
3.1072,17,STA,WIFI_DROP,
3.1072,20,STA,WIFI_DROP,
3.1096,9,STA,WIFI_DROP,
3.1096,17,STA,WIFI_DROP,
3.1096,20,STA,WIFI_DROP,
3.112,9,STA,WIFI_DROP,
3.112,17,STA,WIFI_DROP,
3.112,20,STA,WIFI_DROP,
3.1144,9,STA,WIFI_DROP,
3.1144,17,STA,WIFI_DROP,
3.1144,20,STA,WIFI_DROP,
3.1168,9,STA,WIFI_DROP,
3.1168,17,STA,WIFI_DROP,
3.1168,20,STA,WIFI_DROP,
3.1192,9,STA,WIFI_DROP,
3.1192,17,STA,WIFI_DROP,
3.1192,20,STA,WIFI_DROP,
3.1216,9,STA,WIFI_DROP,
3.1216,17,STA,WIFI_DROP,
3.1216,20,STA,WIFI_DROP,
3.124,9,STA,WIFI_DROP,
3.124,17,STA,WIFI_DROP,
3.124,20,STA,WIFI_DROP,
3.1264,9,STA,WIFI_DROP,
3.1264,17,STA,WIFI_DROP,
3.1264,20,STA,WIFI_DROP,
3.1288,9,STA,WIFI_DROP,
3.1288,17,STA,WIFI_DROP,
3.1288,20,STA,WIFI_DROP,
3.1312,9,STA,WIFI_DROP,
3.1312,17,STA,WIFI_DROP,
3.1312,20,STA,WIFI_DROP,
3.1336,9,STA,WIFI_DROP,
3.1336,17,STA,WIFI_DROP,
3.1336,20,STA,WIFI_DROP,
3.136,9,STA,WIFI_DROP,
3.136,17,STA,WIFI_DROP,
3.136,20,STA,WIFI_DROP,
3.1384,9,STA,WIFI_DROP,
3.1384,17,STA,WIFI_DROP,
3.1384,20,STA,WIFI_DROP,
3.1408,9,STA,WIFI_DROP,
3.1408,17,STA,WIFI_DROP,
3.1408,20,STA,WIFI_DROP,
3.1432,9,STA,WIFI_DROP,
3.1432,17,STA,WIFI_DROP,
3.1432,20,STA,WIFI_DROP,
3.1456,9,STA,WIFI_DROP,
3.1456,17,STA,WIFI_DROP,
3.1456,20,STA,WIFI_DROP,
3.148,9,STA,WIFI_DROP,
3.148,17,STA,WIFI_DROP,
3.148,20,STA,WIFI_DROP,
3.1504,9,STA,WIFI_DROP,
3.1504,17,STA,WIFI_DROP,
3.1504,20,STA,WIFI_DROP,
3.1528,9,STA,WIFI_DROP,
3.1528,17,STA,WIFI_DROP,
3.1528,20,STA,WIFI_DROP,
3.1552,9,STA,WIFI_DROP,
3.1552,17,STA,WIFI_DROP,
3.1552,20,STA,WIFI_DROP,
3.1576,9,STA,WIFI_DROP,
3.1576,17,STA,WIFI_DROP,
3.1576,20,STA,WIFI_DROP,
3.16,9,STA,WIFI_DROP,
3.16,17,STA,WIFI_DROP,
3.16,20,STA,WIFI_DROP,
3.1624,9,STA,WIFI_DROP,
3.1624,17,STA,WIFI_DROP,
3.1624,20,STA,WIFI_DROP,
3.1648,9,STA,WIFI_DROP,
3.1648,17,STA,WIFI_DROP,
3.1648,20,STA,WIFI_DROP,
3.1672,9,STA,WIFI_DROP,
3.1672,17,STA,WIFI_DROP,
3.1672,20,STA,WIFI_DROP,
3.1696,9,STA,WIFI_DROP,
3.1696,17,STA,WIFI_DROP,
3.1696,20,STA,WIFI_DROP,
3.172,9,STA,WIFI_DROP,
3.172,17,STA,WIFI_DROP,
3.172,20,STA,WIFI_DROP,
3.1744,9,STA,WIFI_DROP,
3.1744,17,STA,WIFI_DROP,
3.1744,20,STA,WIFI_DROP,
3.1768,9,STA,WIFI_DROP,
3.1768,17,STA,WIFI_DROP,
3.1768,20,STA,WIFI_DROP,
3.1792,9,STA,WIFI_DROP,
3.1792,17,STA,WIFI_DROP,
3.1792,20,STA,WIFI_DROP,
3.1816,9,STA,WIFI_DROP,
3.1816,17,STA,WIFI_DROP,
3.1816,20,STA,WIFI_DROP,
3.184,9,STA,WIFI_DROP,
3.184,17,STA,WIFI_DROP,
3.184,20,STA,WIFI_DROP,
3.1864,9,STA,WIFI_DROP,
3.1864,17,STA,WIFI_DROP,
3.1864,20,STA,WIFI_DROP,
3.1888,9,STA,WIFI_DROP,
3.1888,17,STA,WIFI_DROP,
3.1888,20,STA,WIFI_DROP,
3.1912,9,STA,WIFI_DROP,
3.1912,17,STA,WIFI_DROP,
3.1912,20,STA,WIFI_DROP,
3.1936,9,STA,WIFI_DROP,
3.1936,17,STA,WIFI_DROP,
3.1936,20,STA,WIFI_DROP,
3.196,9,STA,WIFI_DROP,
3.196,17,STA,WIFI_DROP,
3.196,20,STA,WIFI_DROP,
3.1984,9,STA,WIFI_DROP,
3.1984,17,STA,WIFI_DROP,
3.1984,20,STA,WIFI_DROP,
3.2008,5,STA,WIFI_DROP,
3.2008,9,STA,WIFI_DROP,
3.2008,17,STA,WIFI_DROP,
3.2008,20,STA,WIFI_DROP,
3.2032,5,STA,WIFI_DROP,
3.2032,9,STA,WIFI_DROP,
3.2032,17,STA,WIFI_DROP,
3.2032,20,STA,WIFI_DROP,
3.2056,5,STA,WIFI_DROP,
3.2056,9,STA,WIFI_DROP,
3.2056,17,STA,WIFI_DROP,
3.2056,20,STA,WIFI_DROP,
3.208,5,STA,WIFI_DROP,
3.208,9,STA,WIFI_DROP,
3.208,17,STA,WIFI_DROP,
3.208,20,STA,WIFI_DROP,
3.2104,5,STA,WIFI_DROP,
3.2104,9,STA,WIFI_DROP,
3.2104,17,STA,WIFI_DROP,
3.2104,20,STA,WIFI_DROP,
3.2128,5,STA,WIFI_DROP,
3.2128,9,STA,WIFI_DROP,
3.2128,17,STA,WIFI_DROP,
3.2128,20,STA,WIFI_DROP,
3.2152,5,STA,WIFI_DROP,
3.2152,9,STA,WIFI_DROP,
3.2152,17,STA,WIFI_DROP,
3.2152,20,STA,WIFI_DROP,
3.2176,5,STA,WIFI_DROP,
3.2176,9,STA,WIFI_DROP,
3.2176,17,STA,WIFI_DROP,
3.2176,20,STA,WIFI_DROP,
3.22,5,STA,WIFI_DROP,
3.22,9,STA,WIFI_DROP,
3.22,17,STA,WIFI_DROP,
3.22,20,STA,WIFI_DROP,
3.2224,5,STA,WIFI_DROP,
3.2224,9,STA,WIFI_DROP,
3.2224,17,STA,WIFI_DROP,
3.2224,20,STA,WIFI_DROP,
3.2248,5,STA,WIFI_DROP,
3.2248,9,STA,WIFI_DROP,
3.2248,17,STA,WIFI_DROP,
3.2248,20,STA,WIFI_DROP,
3.2272,5,STA,WIFI_DROP,
3.2272,9,STA,WIFI_DROP,
3.2272,17,STA,WIFI_DROP,
3.2272,20,STA,WIFI_DROP,
3.2296,5,STA,WIFI_DROP,
3.2296,9,STA,WIFI_DROP,
3.2296,17,STA,WIFI_DROP,
3.2296,20,STA,WIFI_DROP,
3.232,5,STA,WIFI_DROP,
3.232,9,STA,WIFI_DROP,
3.232,17,STA,WIFI_DROP,
3.232,20,STA,WIFI_DROP,
3.2344,5,STA,WIFI_DROP,
3.2344,9,STA,WIFI_DROP,
3.2344,17,STA,WIFI_DROP,
3.2344,20,STA,WIFI_DROP,
3.2368,5,STA,WIFI_DROP,
3.2368,9,STA,WIFI_DROP,
3.2368,17,STA,WIFI_DROP,
3.2368,20,STA,WIFI_DROP,
3.2392,5,STA,WIFI_DROP,
3.2392,9,STA,WIFI_DROP,
3.2392,17,STA,WIFI_DROP,
3.2392,20,STA,WIFI_DROP,
3.2416,5,STA,WIFI_DROP,
3.2416,9,STA,WIFI_DROP,
3.2416,17,STA,WIFI_DROP,
3.2416,20,STA,WIFI_DROP,
3.244,5,STA,WIFI_DROP,
3.244,9,STA,WIFI_DROP,
3.244,17,STA,WIFI_DROP,
3.244,20,STA,WIFI_DROP,
3.2464,5,STA,WIFI_DROP,
3.2464,9,STA,WIFI_DROP,
3.2464,17,STA,WIFI_DROP,
3.2464,20,STA,WIFI_DROP,
3.2488,5,STA,WIFI_DROP,
3.2488,9,STA,WIFI_DROP,
3.2488,17,STA,WIFI_DROP,
3.2488,20,STA,WIFI_DROP,
3.2512,5,STA,WIFI_DROP,
3.2512,9,STA,WIFI_DROP,
3.2512,17,STA,WIFI_DROP,
3.2512,20,STA,WIFI_DROP,
3.2536,5,STA,WIFI_DROP,
3.2536,9,STA,WIFI_DROP,
3.2536,17,STA,WIFI_DROP,
3.2536,20,STA,WIFI_DROP,
3.256,5,STA,WIFI_DROP,
3.256,9,STA,WIFI_DROP,
3.256,17,STA,WIFI_DROP,
3.256,20,STA,WIFI_DROP,
3.2584,5,STA,WIFI_DROP,
3.2584,9,STA,WIFI_DROP,
3.2584,17,STA,WIFI_DROP,
3.2584,20,STA,WIFI_DROP,
3.2608,5,STA,WIFI_DROP,
3.2608,9,STA,WIFI_DROP,
3.2608,17,STA,WIFI_DROP,
3.2608,20,STA,WIFI_DROP,
3.2632,5,STA,WIFI_DROP,
3.2632,9,STA,WIFI_DROP,
3.2632,17,STA,WIFI_DROP,
3.2632,20,STA,WIFI_DROP,
3.2656,5,STA,WIFI_DROP,
3.2656,9,STA,WIFI_DROP,
3.2656,17,STA,WIFI_DROP,
3.2656,20,STA,WIFI_DROP,
3.268,5,STA,WIFI_DROP,
3.268,9,STA,WIFI_DROP,
3.268,17,STA,WIFI_DROP,
3.268,20,STA,WIFI_DROP,
3.2704,5,STA,WIFI_DROP,
3.2704,9,STA,WIFI_DROP,
3.2704,17,STA,WIFI_DROP,
3.2704,20,STA,WIFI_DROP,
3.2728,5,STA,WIFI_DROP,
3.2728,9,STA,WIFI_DROP,
3.2728,17,STA,WIFI_DROP,
3.2728,20,STA,WIFI_DROP,
3.2752,5,STA,WIFI_DROP,
3.2752,9,STA,WIFI_DROP,
3.2752,17,STA,WIFI_DROP,
3.2752,20,STA,WIFI_DROP,
3.2776,5,STA,WIFI_DROP,
3.2776,9,STA,WIFI_DROP,
3.2776,17,STA,WIFI_DROP,
3.2776,20,STA,WIFI_DROP,
3.28,5,STA,WIFI_DROP,
3.28,9,STA,WIFI_DROP,
3.28,17,STA,WIFI_DROP,
3.28,20,STA,WIFI_DROP,
3.2824,5,STA,WIFI_DROP,
3.2824,9,STA,WIFI_DROP,
3.2824,17,STA,WIFI_DROP,
3.2824,20,STA,WIFI_DROP,
3.2848,5,STA,WIFI_DROP,
3.2848,9,STA,WIFI_DROP,
3.2848,17,STA,WIFI_DROP,
3.2848,20,STA,WIFI_DROP,
3.2872,5,STA,WIFI_DROP,
3.2872,9,STA,WIFI_DROP,
3.2872,17,STA,WIFI_DROP,
3.2872,20,STA,WIFI_DROP,
3.2896,5,STA,WIFI_DROP,
3.2896,9,STA,WIFI_DROP,
3.2896,17,STA,WIFI_DROP,
3.2896,20,STA,WIFI_DROP,
3.292,5,STA,WIFI_DROP,
3.292,9,STA,WIFI_DROP,
3.292,17,STA,WIFI_DROP,
3.292,20,STA,WIFI_DROP,
3.2944,5,STA,WIFI_DROP,
3.2944,9,STA,WIFI_DROP,
3.2944,17,STA,WIFI_DROP,
3.2944,20,STA,WIFI_DROP,
3.2968,5,STA,WIFI_DROP,
3.2968,9,STA,WIFI_DROP,
3.2968,17,STA,WIFI_DROP,
3.2968,20,STA,WIFI_DROP,
3.2992,5,STA,WIFI_DROP,
3.2992,9,STA,WIFI_DROP,
3.2992,17,STA,WIFI_DROP,
3.2992,20,STA,WIFI_DROP,
3.3016,5,STA,WIFI_DROP,
3.3016,9,STA,WIFI_DROP,
3.3016,17,STA,WIFI_DROP,
3.3016,20,STA,WIFI_DROP,
3.304,5,STA,WIFI_DROP,
3.304,9,STA,WIFI_DROP,
3.304,17,STA,WIFI_DROP,
3.304,20,STA,WIFI_DROP,
3.3064,5,STA,WIFI_DROP,
3.3064,9,STA,WIFI_DROP,
3.3064,17,STA,WIFI_DROP,
3.3064,20,STA,WIFI_DROP,
3.3088,5,STA,WIFI_DROP,
3.3088,9,STA,WIFI_DROP,
3.3088,17,STA,WIFI_DROP,
3.3088,20,STA,WIFI_DROP,
3.3112,5,STA,WIFI_DROP,
3.3112,9,STA,WIFI_DROP,
3.3112,17,STA,WIFI_DROP,
3.3112,20,STA,WIFI_DROP,
3.3136,5,STA,WIFI_DROP,
3.3136,9,STA,WIFI_DROP,
3.3136,17,STA,WIFI_DROP,
3.3136,20,STA,WIFI_DROP,
3.316,5,STA,WIFI_DROP,
3.316,9,STA,WIFI_DROP,
3.316,17,STA,WIFI_DROP,
3.316,20,STA,WIFI_DROP,
3.3184,5,STA,WIFI_DROP,
3.3184,9,STA,WIFI_DROP,
3.3184,17,STA,WIFI_DROP,
3.3184,20,STA,WIFI_DROP,
3.3208,5,STA,WIFI_DROP,
3.3208,9,STA,WIFI_DROP,
3.3208,17,STA,WIFI_DROP,
3.3208,20,STA,WIFI_DROP,
3.3232,5,STA,WIFI_DROP,
3.3232,9,STA,WIFI_DROP,
3.3232,17,STA,WIFI_DROP,
3.3232,20,STA,WIFI_DROP,
3.3256,5,STA,WIFI_DROP,
3.3256,9,STA,WIFI_DROP,
3.3256,17,STA,WIFI_DROP,
3.3256,20,STA,WIFI_DROP,
3.328,5,STA,WIFI_DROP,
3.328,9,STA,WIFI_DROP,
3.328,17,STA,WIFI_DROP,
3.328,20,STA,WIFI_DROP,
3.3304,5,STA,WIFI_DROP,
3.3304,9,STA,WIFI_DROP,
3.3304,17,STA,WIFI_DROP,
3.3304,20,STA,WIFI_DROP,
3.3328,5,STA,WIFI_DROP,
3.3328,9,STA,WIFI_DROP,
3.3328,17,STA,WIFI_DROP,
3.3328,20,STA,WIFI_DROP,
3.3352,5,STA,WIFI_DROP,
3.3352,9,STA,WIFI_DROP,
3.3352,17,STA,WIFI_DROP,
3.3352,20,STA,WIFI_DROP,
3.3376,5,STA,WIFI_DROP,
3.3376,9,STA,WIFI_DROP,
3.3376,17,STA,WIFI_DROP,
3.3376,20,STA,WIFI_DROP,
3.34,5,STA,WIFI_DROP,
3.34,9,STA,WIFI_DROP,
3.34,17,STA,WIFI_DROP,
3.34,20,STA,WIFI_DROP,
3.3424,5,STA,WIFI_DROP,
3.3424,9,STA,WIFI_DROP,
3.3424,17,STA,WIFI_DROP,
3.3424,20,STA,WIFI_DROP,
3.3448,5,STA,WIFI_DROP,
3.3448,9,STA,WIFI_DROP,
3.3448,17,STA,WIFI_DROP,
3.3448,20,STA,WIFI_DROP,
3.3472,5,STA,WIFI_DROP,
3.3472,9,STA,WIFI_DROP,
3.3472,17,STA,WIFI_DROP,
3.3472,20,STA,WIFI_DROP,
3.3496,5,STA,WIFI_DROP,
3.3496,9,STA,WIFI_DROP,
3.3496,17,STA,WIFI_DROP,
3.3496,20,STA,WIFI_DROP,
3.352,5,STA,WIFI_DROP,
3.352,9,STA,WIFI_DROP,
3.352,17,STA,WIFI_DROP,
3.352,20,STA,WIFI_DROP,
3.3544,5,STA,WIFI_DROP,
3.3544,9,STA,WIFI_DROP,
3.3544,17,STA,WIFI_DROP,
3.3544,20,STA,WIFI_DROP,
3.3568,5,STA,WIFI_DROP,
3.3568,9,STA,WIFI_DROP,
3.3568,17,STA,WIFI_DROP,
3.3568,20,STA,WIFI_DROP,
3.3592,5,STA,WIFI_DROP,
3.3592,9,STA,WIFI_DROP,
3.3592,17,STA,WIFI_DROP,
3.3592,20,STA,WIFI_DROP,
3.3616,5,STA,WIFI_DROP,
3.3616,9,STA,WIFI_DROP,
3.3616,17,STA,WIFI_DROP,
3.3616,20,STA,WIFI_DROP,
3.364,5,STA,WIFI_DROP,
3.364,9,STA,WIFI_DROP,
3.364,17,STA,WIFI_DROP,
3.364,20,STA,WIFI_DROP,
3.3664,5,STA,WIFI_DROP,
3.3664,9,STA,WIFI_DROP,
3.3664,17,STA,WIFI_DROP,
3.3664,20,STA,WIFI_DROP,
3.3688,5,STA,WIFI_DROP,
3.3688,9,STA,WIFI_DROP,
3.3688,17,STA,WIFI_DROP,
3.3688,20,STA,WIFI_DROP,
3.3712,5,STA,WIFI_DROP,
3.3712,9,STA,WIFI_DROP,
3.3712,17,STA,WIFI_DROP,
3.3712,20,STA,WIFI_DROP,
3.3736,5,STA,WIFI_DROP,
3.3736,9,STA,WIFI_DROP,
3.3736,17,STA,WIFI_DROP,
3.3736,20,STA,WIFI_DROP,
3.376,5,STA,WIFI_DROP,
3.376,9,STA,WIFI_DROP,
3.376,17,STA,WIFI_DROP,
3.376,20,STA,WIFI_DROP,
3.3784,5,STA,WIFI_DROP,
3.3784,9,STA,WIFI_DROP,
3.3784,17,STA,WIFI_DROP,
3.3784,20,STA,WIFI_DROP,
3.3808,5,STA,WIFI_DROP,
3.3808,9,STA,WIFI_DROP,
3.3808,17,STA,WIFI_DROP,
3.3808,20,STA,WIFI_DROP,
3.3832,5,STA,WIFI_DROP,
3.3832,9,STA,WIFI_DROP,
3.3832,17,STA,WIFI_DROP,
3.3832,20,STA,WIFI_DROP,
3.3856,5,STA,WIFI_DROP,
3.3856,9,STA,WIFI_DROP,
3.3856,17,STA,WIFI_DROP,
3.3856,20,STA,WIFI_DROP,
3.388,5,STA,WIFI_DROP,
3.388,9,STA,WIFI_DROP,
3.388,17,STA,WIFI_DROP,
3.388,20,STA,WIFI_DROP,
3.3904,5,STA,WIFI_DROP,
3.3904,9,STA,WIFI_DROP,
3.3904,17,STA,WIFI_DROP,
3.3904,20,STA,WIFI_DROP,
3.3928,5,STA,WIFI_DROP,
3.3928,9,STA,WIFI_DROP,
3.3928,17,STA,WIFI_DROP,
3.3928,20,STA,WIFI_DROP,
3.3952,5,STA,WIFI_DROP,
3.3952,9,STA,WIFI_DROP,
3.3952,17,STA,WIFI_DROP,
3.3952,20,STA,WIFI_DROP,
3.3976,5,STA,WIFI_DROP,
3.3976,9,STA,WIFI_DROP,
3.3976,17,STA,WIFI_DROP,
3.3976,20,STA,WIFI_DROP,
3.4,5,STA,WIFI_DROP,
3.4,9,STA,WIFI_DROP,
3.4,17,STA,WIFI_DROP,
3.4,20,STA,WIFI_DROP,
3.4024,5,STA,WIFI_DROP,
3.4024,9,STA,WIFI_DROP,
3.4024,17,STA,WIFI_DROP,
3.4024,20,STA,WIFI_DROP,
3.4048,5,STA,WIFI_DROP,
3.4048,9,STA,WIFI_DROP,
3.4048,17,STA,WIFI_DROP,
3.4048,20,STA,WIFI_DROP,
3.4072,5,STA,WIFI_DROP,
3.4072,9,STA,WIFI_DROP,
3.4072,17,STA,WIFI_DROP,
3.4072,20,STA,WIFI_DROP,
3.4096,5,STA,WIFI_DROP,
3.4096,9,STA,WIFI_DROP,
3.4096,17,STA,WIFI_DROP,
3.4096,20,STA,WIFI_DROP,
3.412,5,STA,WIFI_DROP,
3.412,9,STA,WIFI_DROP,
3.412,17,STA,WIFI_DROP,
3.412,20,STA,WIFI_DROP,
3.4144,5,STA,WIFI_DROP,
3.4144,9,STA,WIFI_DROP,
3.4144,17,STA,WIFI_DROP,
3.4144,20,STA,WIFI_DROP,
3.4168,5,STA,WIFI_DROP,
3.4168,9,STA,WIFI_DROP,
3.4168,17,STA,WIFI_DROP,
3.4168,20,STA,WIFI_DROP,
3.4192,5,STA,WIFI_DROP,
3.4192,9,STA,WIFI_DROP,
3.4192,17,STA,WIFI_DROP,
3.4192,20,STA,WIFI_DROP,
3.4216,5,STA,WIFI_DROP,
3.4216,9,STA,WIFI_DROP,
3.4216,17,STA,WIFI_DROP,
3.4216,20,STA,WIFI_DROP,
3.424,5,STA,WIFI_DROP,
3.424,9,STA,WIFI_DROP,
3.424,17,STA,WIFI_DROP,
3.424,20,STA,WIFI_DROP,
3.4264,5,STA,WIFI_DROP,
3.4264,9,STA,WIFI_DROP,
3.4264,17,STA,WIFI_DROP,
3.4264,20,STA,WIFI_DROP,
3.4288,5,STA,WIFI_DROP,
3.4288,9,STA,WIFI_DROP,
3.4288,17,STA,WIFI_DROP,
3.4288,20,STA,WIFI_DROP,
3.4312,5,STA,WIFI_DROP,
3.4312,9,STA,WIFI_DROP,
3.4312,17,STA,WIFI_DROP,
3.4312,20,STA,WIFI_DROP,
3.4336,5,STA,WIFI_DROP,
3.4336,9,STA,WIFI_DROP,
3.4336,17,STA,WIFI_DROP,
3.4336,20,STA,WIFI_DROP,
3.436,5,STA,WIFI_DROP,
3.436,9,STA,WIFI_DROP,
3.436,17,STA,WIFI_DROP,
3.436,20,STA,WIFI_DROP,
3.4384,5,STA,WIFI_DROP,
3.4384,9,STA,WIFI_DROP,
3.4384,17,STA,WIFI_DROP,
3.4384,20,STA,WIFI_DROP,
3.4408,5,STA,WIFI_DROP,
3.4408,9,STA,WIFI_DROP,
3.4408,17,STA,WIFI_DROP,
3.4408,20,STA,WIFI_DROP,
3.4432,5,STA,WIFI_DROP,
3.4432,9,STA,WIFI_DROP,
3.4432,17,STA,WIFI_DROP,
3.4432,20,STA,WIFI_DROP,
3.4456,5,STA,WIFI_DROP,
3.4456,9,STA,WIFI_DROP,
3.4456,17,STA,WIFI_DROP,
3.4456,20,STA,WIFI_DROP,
3.448,5,STA,WIFI_DROP,
3.448,9,STA,WIFI_DROP,
3.448,17,STA,WIFI_DROP,
3.448,20,STA,WIFI_DROP,
3.4504,5,STA,WIFI_DROP,
3.4504,9,STA,WIFI_DROP,
3.4504,17,STA,WIFI_DROP,
3.4504,20,STA,WIFI_DROP,
3.4528,5,STA,WIFI_DROP,
3.4528,9,STA,WIFI_DROP,
3.4528,17,STA,WIFI_DROP,
3.4528,20,STA,WIFI_DROP,
3.4552,5,STA,WIFI_DROP,
3.4552,9,STA,WIFI_DROP,
3.4552,17,STA,WIFI_DROP,
3.4552,20,STA,WIFI_DROP,
3.4576,5,STA,WIFI_DROP,
3.4576,9,STA,WIFI_DROP,
3.4576,17,STA,WIFI_DROP,
3.4576,20,STA,WIFI_DROP,
3.46,5,STA,WIFI_DROP,
3.46,9,STA,WIFI_DROP,
3.46,17,STA,WIFI_DROP,
3.46,20,STA,WIFI_DROP,
3.4624,5,STA,WIFI_DROP,
3.4624,9,STA,WIFI_DROP,
3.4624,17,STA,WIFI_DROP,
3.4624,20,STA,WIFI_DROP,
3.4648,5,STA,WIFI_DROP,
3.4648,9,STA,WIFI_DROP,
3.4648,17,STA,WIFI_DROP,
3.4648,20,STA,WIFI_DROP,
3.4672,5,STA,WIFI_DROP,
3.4672,9,STA,WIFI_DROP,
3.4672,17,STA,WIFI_DROP,
3.4672,20,STA,WIFI_DROP,
3.4696,5,STA,WIFI_DROP,
3.4696,9,STA,WIFI_DROP,
3.4696,17,STA,WIFI_DROP,
3.4696,20,STA,WIFI_DROP,
3.472,5,STA,WIFI_DROP,
3.472,9,STA,WIFI_DROP,
3.472,17,STA,WIFI_DROP,
3.472,20,STA,WIFI_DROP,
3.4744,5,STA,WIFI_DROP,
3.4744,9,STA,WIFI_DROP,
3.4744,17,STA,WIFI_DROP,
3.4744,20,STA,WIFI_DROP,
3.4768,5,STA,WIFI_DROP,
3.4768,9,STA,WIFI_DROP,
3.4768,17,STA,WIFI_DROP,
3.4768,20,STA,WIFI_DROP,
3.4792,5,STA,WIFI_DROP,
3.4792,9,STA,WIFI_DROP,
3.4792,17,STA,WIFI_DROP,
3.4792,20,STA,WIFI_DROP,
3.4816,5,STA,WIFI_DROP,
3.4816,9,STA,WIFI_DROP,
3.4816,17,STA,WIFI_DROP,
3.4816,20,STA,WIFI_DROP,
3.484,5,STA,WIFI_DROP,
3.484,9,STA,WIFI_DROP,
3.484,17,STA,WIFI_DROP,
3.484,20,STA,WIFI_DROP,
3.4864,5,STA,WIFI_DROP,
3.4864,9,STA,WIFI_DROP,
3.4864,17,STA,WIFI_DROP,
3.4864,20,STA,WIFI_DROP,
3.4888,5,STA,WIFI_DROP,
3.4888,9,STA,WIFI_DROP,
3.4888,17,STA,WIFI_DROP,
3.4888,20,STA,WIFI_DROP,
3.4912,5,STA,WIFI_DROP,
3.4912,9,STA,WIFI_DROP,
3.4912,17,STA,WIFI_DROP,
3.4912,20,STA,WIFI_DROP,
3.4936,5,STA,WIFI_DROP,
3.4936,9,STA,WIFI_DROP,
3.4936,17,STA,WIFI_DROP,
3.4936,20,STA,WIFI_DROP,
3.496,5,STA,WIFI_DROP,
3.496,9,STA,WIFI_DROP,
3.496,17,STA,WIFI_DROP,
3.496,20,STA,WIFI_DROP,
3.4984,5,STA,WIFI_DROP,
3.4984,9,STA,WIFI_DROP,
3.4984,17,STA,WIFI_DROP,
3.4984,20,STA,WIFI_DROP,
3.5008,5,STA,WIFI_DROP,
3.5008,9,STA,WIFI_DROP,
3.5008,17,STA,WIFI_DROP,
3.5008,20,STA,WIFI_DROP,
3.5032,5,STA,WIFI_DROP,
3.5032,9,STA,WIFI_DROP,
3.5032,17,STA,WIFI_DROP,
3.5032,20,STA,WIFI_DROP,
3.5056,5,STA,WIFI_DROP,
3.5056,9,STA,WIFI_DROP,
3.5056,17,STA,WIFI_DROP,
3.5056,20,STA,WIFI_DROP,
3.508,5,STA,WIFI_DROP,
3.508,9,STA,WIFI_DROP,
3.508,17,STA,WIFI_DROP,
3.508,20,STA,WIFI_DROP,
3.5104,5,STA,WIFI_DROP,
3.5104,9,STA,WIFI_DROP,
3.5104,17,STA,WIFI_DROP,
3.5104,20,STA,WIFI_DROP,
3.5128,5,STA,WIFI_DROP,
3.5128,9,STA,WIFI_DROP,
3.5128,17,STA,WIFI_DROP,
3.5128,20,STA,WIFI_DROP,
3.5152,5,STA,WIFI_DROP,
3.5152,9,STA,WIFI_DROP,
3.5152,17,STA,WIFI_DROP,
3.5152,20,STA,WIFI_DROP,
3.5176,5,STA,WIFI_DROP,
3.5176,9,STA,WIFI_DROP,
3.5176,17,STA,WIFI_DROP,
3.5176,20,STA,WIFI_DROP,
3.52,5,STA,WIFI_DROP,
3.52,9,STA,WIFI_DROP,
3.52,17,STA,WIFI_DROP,
3.52,20,STA,WIFI_DROP,
3.5224,5,STA,WIFI_DROP,
3.5224,9,STA,WIFI_DROP,
3.5224,17,STA,WIFI_DROP,
3.5224,20,STA,WIFI_DROP,
3.5248,5,STA,WIFI_DROP,
3.5248,9,STA,WIFI_DROP,
3.5248,17,STA,WIFI_DROP,
3.5248,20,STA,WIFI_DROP,
3.5272,5,STA,WIFI_DROP,
3.5272,9,STA,WIFI_DROP,
3.5272,17,STA,WIFI_DROP,
3.5272,20,STA,WIFI_DROP,
3.5296,5,STA,WIFI_DROP,
3.5296,9,STA,WIFI_DROP,
3.5296,17,STA,WIFI_DROP,
3.5296,20,STA,WIFI_DROP,
3.532,5,STA,WIFI_DROP,
3.532,9,STA,WIFI_DROP,
3.532,17,STA,WIFI_DROP,
3.532,20,STA,WIFI_DROP,
3.5344,5,STA,WIFI_DROP,
3.5344,9,STA,WIFI_DROP,
3.5344,17,STA,WIFI_DROP,
3.5344,20,STA,WIFI_DROP,
3.5368,5,STA,WIFI_DROP,
3.5368,9,STA,WIFI_DROP,
3.5368,17,STA,WIFI_DROP,
3.5368,20,STA,WIFI_DROP,
3.5392,5,STA,WIFI_DROP,
3.5392,9,STA,WIFI_DROP,
3.5392,17,STA,WIFI_DROP,
3.5392,20,STA,WIFI_DROP,
3.5416,5,STA,WIFI_DROP,
3.5416,9,STA,WIFI_DROP,
3.5416,17,STA,WIFI_DROP,
3.5416,20,STA,WIFI_DROP,
3.544,5,STA,WIFI_DROP,
3.544,9,STA,WIFI_DROP,
3.544,17,STA,WIFI_DROP,
3.544,20,STA,WIFI_DROP,
3.5464,5,STA,WIFI_DROP,
3.5464,9,STA,WIFI_DROP,
3.5464,17,STA,WIFI_DROP,
3.5464,20,STA,WIFI_DROP,
3.5488,5,STA,WIFI_DROP,
3.5488,9,STA,WIFI_DROP,
3.5488,17,STA,WIFI_DROP,
3.5488,20,STA,WIFI_DROP,
3.5512,5,STA,WIFI_DROP,
3.5512,9,STA,WIFI_DROP,
3.5512,17,STA,WIFI_DROP,
3.5512,20,STA,WIFI_DROP,
3.5536,5,STA,WIFI_DROP,
3.5536,9,STA,WIFI_DROP,
3.5536,17,STA,WIFI_DROP,
3.5536,20,STA,WIFI_DROP,
3.556,5,STA,WIFI_DROP,
3.556,9,STA,WIFI_DROP,
3.556,17,STA,WIFI_DROP,
3.556,20,STA,WIFI_DROP,
3.5584,5,STA,WIFI_DROP,
3.5584,9,STA,WIFI_DROP,
3.5584,17,STA,WIFI_DROP,
3.5584,20,STA,WIFI_DROP,
3.5608,5,STA,WIFI_DROP,
3.5608,9,STA,WIFI_DROP,
3.5608,17,STA,WIFI_DROP,
3.5608,20,STA,WIFI_DROP,
3.5632,3,STA,WIFI_DROP,
3.5632,5,STA,WIFI_DROP,
3.5632,9,STA,WIFI_DROP,
3.5632,10,STA,WIFI_DROP,
3.5632,17,STA,WIFI_DROP,
3.5632,20,STA,WIFI_DROP,
3.5656,3,STA,WIFI_DROP,
3.5656,5,STA,WIFI_DROP,
3.5656,9,STA,WIFI_DROP,
3.5656,10,STA,WIFI_DROP,
3.5656,17,STA,WIFI_DROP,
3.5656,20,STA,WIFI_DROP,
3.568,3,STA,WIFI_DROP,
3.568,5,STA,WIFI_DROP,
3.568,9,STA,WIFI_DROP,
3.568,10,STA,WIFI_DROP,
3.568,17,STA,WIFI_DROP,
3.568,20,STA,WIFI_DROP,
3.5704,3,STA,WIFI_DROP,
3.5704,5,STA,WIFI_DROP,
3.5704,9,STA,WIFI_DROP,
3.5704,10,STA,WIFI_DROP,
3.5704,17,STA,WIFI_DROP,
3.5704,20,STA,WIFI_DROP,
3.5728,3,STA,WIFI_DROP,
3.5728,5,STA,WIFI_DROP,
3.5728,9,STA,WIFI_DROP,
3.5728,10,STA,WIFI_DROP,
3.5728,17,STA,WIFI_DROP,
3.5728,20,STA,WIFI_DROP,
3.5752,3,STA,WIFI_DROP,
3.5752,5,STA,WIFI_DROP,
3.5752,9,STA,WIFI_DROP,
3.5752,10,STA,WIFI_DROP,
3.5752,17,STA,WIFI_DROP,
3.5752,20,STA,WIFI_DROP,
3.5776,3,STA,WIFI_DROP,
3.5776,5,STA,WIFI_DROP,
3.5776,9,STA,WIFI_DROP,
3.5776,10,STA,WIFI_DROP,
3.5776,17,STA,WIFI_DROP,
3.5776,20,STA,WIFI_DROP,
3.58,3,STA,WIFI_DROP,
3.58,5,STA,WIFI_DROP,
3.58,9,STA,WIFI_DROP,
3.58,10,STA,WIFI_DROP,
3.58,17,STA,WIFI_DROP,
3.58,20,STA,WIFI_DROP,
3.5824,3,STA,WIFI_DROP,
3.5824,5,STA,WIFI_DROP,
3.5824,9,STA,WIFI_DROP,
3.5824,10,STA,WIFI_DROP,
3.5824,17,STA,WIFI_DROP,
3.5824,20,STA,WIFI_DROP,
3.5848,3,STA,WIFI_DROP,
3.5848,5,STA,WIFI_DROP,
3.5848,9,STA,WIFI_DROP,
3.5848,10,STA,WIFI_DROP,
3.5848,17,STA,WIFI_DROP,
3.5848,20,STA,WIFI_DROP,
3.5872,3,STA,WIFI_DROP,
3.5872,5,STA,WIFI_DROP,
3.5872,9,STA,WIFI_DROP,
3.5872,10,STA,WIFI_DROP,
3.5872,17,STA,WIFI_DROP,
3.5872,20,STA,WIFI_DROP,
3.5896,3,STA,WIFI_DROP,
3.5896,5,STA,WIFI_DROP,
3.5896,9,STA,WIFI_DROP,
3.5896,10,STA,WIFI_DROP,
3.5896,17,STA,WIFI_DROP,
3.592,3,STA,WIFI_DROP,
3.592,5,STA,WIFI_DROP,
3.592,9,STA,WIFI_DROP,
3.592,10,STA,WIFI_DROP,
3.592,17,STA,WIFI_DROP,
3.5944,3,STA,WIFI_DROP,
3.5944,5,STA,WIFI_DROP,
3.5944,9,STA,WIFI_DROP,
3.5944,10,STA,WIFI_DROP,
3.5944,17,STA,WIFI_DROP,
3.5968,3,STA,WIFI_DROP,
3.5968,5,STA,WIFI_DROP,
3.5968,9,STA,WIFI_DROP,
3.5968,10,STA,WIFI_DROP,
3.5968,17,STA,WIFI_DROP,
3.5992,3,STA,WIFI_DROP,
3.5992,5,STA,WIFI_DROP,
3.5992,9,STA,WIFI_DROP,
3.5992,10,STA,WIFI_DROP,
3.5992,17,STA,WIFI_DROP,
3.6016,3,STA,WIFI_DROP,
3.6016,5,STA,WIFI_DROP,
3.6016,9,STA,WIFI_DROP,
3.6016,10,STA,WIFI_DROP,
3.6016,17,STA,WIFI_DROP,
3.604,3,STA,WIFI_DROP,
3.604,5,STA,WIFI_DROP,
3.604,9,STA,WIFI_DROP,
3.604,10,STA,WIFI_DROP,
3.604,17,STA,WIFI_DROP,
3.6064,3,STA,WIFI_DROP,
3.6064,5,STA,WIFI_DROP,
3.6064,9,STA,WIFI_DROP,
3.6064,10,STA,WIFI_DROP,
3.6064,17,STA,WIFI_DROP,
3.6088,3,STA,WIFI_DROP,
3.6088,5,STA,WIFI_DROP,
3.6088,9,STA,WIFI_DROP,
3.6088,10,STA,WIFI_DROP,
3.6088,17,STA,WIFI_DROP,
3.6112,3,STA,WIFI_DROP,
3.6112,5,STA,WIFI_DROP,
3.6112,9,STA,WIFI_DROP,
3.6112,10,STA,WIFI_DROP,
3.6112,17,STA,WIFI_DROP,
3.6136,3,STA,WIFI_DROP,
3.6136,5,STA,WIFI_DROP,
3.6136,9,STA,WIFI_DROP,
3.6136,10,STA,WIFI_DROP,
3.6136,17,STA,WIFI_DROP,
3.6136,20,STA,WIFI_DROP,
3.616,3,STA,WIFI_DROP,
3.616,5,STA,WIFI_DROP,
3.616,9,STA,WIFI_DROP,
3.616,10,STA,WIFI_DROP,
3.616,17,STA,WIFI_DROP,
3.616,20,STA,WIFI_DROP,
3.6184,3,STA,WIFI_DROP,
3.6184,5,STA,WIFI_DROP,
3.6184,9,STA,WIFI_DROP,
3.6184,10,STA,WIFI_DROP,
3.6184,17,STA,WIFI_DROP,
3.6184,20,STA,WIFI_DROP,
3.6208,3,STA,WIFI_DROP,
3.6208,5,STA,WIFI_DROP,
3.6208,9,STA,WIFI_DROP,
3.6208,10,STA,WIFI_DROP,
3.6208,17,STA,WIFI_DROP,
3.6208,20,STA,WIFI_DROP,
3.6232,3,STA,WIFI_DROP,
3.6232,5,STA,WIFI_DROP,
3.6232,9,STA,WIFI_DROP,
3.6232,10,STA,WIFI_DROP,
3.6232,17,STA,WIFI_DROP,
3.6232,20,STA,WIFI_DROP,
3.6256,3,STA,WIFI_DROP,
3.6256,5,STA,WIFI_DROP,
3.6256,9,STA,WIFI_DROP,
3.6256,10,STA,WIFI_DROP,
3.6256,17,STA,WIFI_DROP,
3.6256,20,STA,WIFI_DROP,
3.628,3,STA,WIFI_DROP,
3.628,5,STA,WIFI_DROP,
3.628,9,STA,WIFI_DROP,
3.628,10,STA,WIFI_DROP,
3.628,17,STA,WIFI_DROP,
3.628,20,STA,WIFI_DROP,
3.6304,3,STA,WIFI_DROP,
3.6304,5,STA,WIFI_DROP,
3.6304,9,STA,WIFI_DROP,
3.6304,10,STA,WIFI_DROP,
3.6304,17,STA,WIFI_DROP,
3.6304,20,STA,WIFI_DROP,
3.6328,3,STA,WIFI_DROP,
3.6328,5,STA,WIFI_DROP,
3.6328,9,STA,WIFI_DROP,
3.6328,10,STA,WIFI_DROP,
3.6328,17,STA,WIFI_DROP,
3.6328,20,STA,WIFI_DROP,
3.6352,3,STA,WIFI_DROP,
3.6352,5,STA,WIFI_DROP,
3.6352,9,STA,WIFI_DROP,
3.6352,10,STA,WIFI_DROP,
3.6352,17,STA,WIFI_DROP,
3.6352,20,STA,WIFI_DROP,
3.6376,3,STA,WIFI_DROP,
3.6376,5,STA,WIFI_DROP,
3.6376,9,STA,WIFI_DROP,
3.6376,10,STA,WIFI_DROP,
3.6376,17,STA,WIFI_DROP,
3.6376,20,STA,WIFI_DROP,
3.64,3,STA,WIFI_DROP,
3.64,5,STA,WIFI_DROP,
3.64,9,STA,WIFI_DROP,
3.64,10,STA,WIFI_DROP,
3.64,17,STA,WIFI_DROP,
3.64,20,STA,WIFI_DROP,
3.6424,3,STA,WIFI_DROP,
3.6424,5,STA,WIFI_DROP,
3.6424,9,STA,WIFI_DROP,
3.6424,10,STA,WIFI_DROP,
3.6424,17,STA,WIFI_DROP,
3.6424,20,STA,WIFI_DROP,
3.6448,3,STA,WIFI_DROP,
3.6448,5,STA,WIFI_DROP,
3.6448,9,STA,WIFI_DROP,
3.6448,10,STA,WIFI_DROP,
3.6448,17,STA,WIFI_DROP,
3.6448,20,STA,WIFI_DROP,
3.6472,3,STA,WIFI_DROP,
3.6472,5,STA,WIFI_DROP,
3.6472,9,STA,WIFI_DROP,
3.6472,10,STA,WIFI_DROP,
3.6472,17,STA,WIFI_DROP,
3.6472,20,STA,WIFI_DROP,
3.6496,3,STA,WIFI_DROP,
3.6496,5,STA,WIFI_DROP,
3.6496,9,STA,WIFI_DROP,
3.6496,10,STA,WIFI_DROP,
3.6496,17,STA,WIFI_DROP,
3.6496,20,STA,WIFI_DROP,
3.652,3,STA,WIFI_DROP,
3.652,5,STA,WIFI_DROP,
3.652,9,STA,WIFI_DROP,
3.652,10,STA,WIFI_DROP,
3.652,17,STA,WIFI_DROP,
3.652,20,STA,WIFI_DROP,
3.6544,3,STA,WIFI_DROP,
3.6544,5,STA,WIFI_DROP,
3.6544,9,STA,WIFI_DROP,
3.6544,10,STA,WIFI_DROP,
3.6544,17,STA,WIFI_DROP,
3.6544,20,STA,WIFI_DROP,
3.6568,3,STA,WIFI_DROP,
3.6568,5,STA,WIFI_DROP,
3.6568,9,STA,WIFI_DROP,
3.6568,10,STA,WIFI_DROP,
3.6568,17,STA,WIFI_DROP,
3.6568,20,STA,WIFI_DROP,
3.6592,3,STA,WIFI_DROP,
3.6592,5,STA,WIFI_DROP,
3.6592,9,STA,WIFI_DROP,
3.6592,10,STA,WIFI_DROP,
3.6592,17,STA,WIFI_DROP,
3.6592,20,STA,WIFI_DROP,
3.6616,3,STA,WIFI_DROP,
3.6616,5,STA,WIFI_DROP,
3.6616,9,STA,WIFI_DROP,
3.6616,10,STA,WIFI_DROP,
3.6616,17,STA,WIFI_DROP,
3.6616,20,STA,WIFI_DROP,
3.664,3,STA,WIFI_DROP,
3.664,5,STA,WIFI_DROP,
3.664,9,STA,WIFI_DROP,
3.664,10,STA,WIFI_DROP,
3.664,17,STA,WIFI_DROP,
3.664,20,STA,WIFI_DROP,
3.6664,3,STA,WIFI_DROP,
3.6664,5,STA,WIFI_DROP,
3.6664,9,STA,WIFI_DROP,
3.6664,10,STA,WIFI_DROP,
3.6664,17,STA,WIFI_DROP,
3.6664,20,STA,WIFI_DROP,
3.6688,3,STA,WIFI_DROP,
3.6688,5,STA,WIFI_DROP,
3.6688,9,STA,WIFI_DROP,
3.6688,10,STA,WIFI_DROP,
3.6688,17,STA,WIFI_DROP,
3.6688,20,STA,WIFI_DROP,
3.6712,3,STA,WIFI_DROP,
3.6712,5,STA,WIFI_DROP,
3.6712,9,STA,WIFI_DROP,
3.6712,10,STA,WIFI_DROP,
3.6712,17,STA,WIFI_DROP,
3.6712,20,STA,WIFI_DROP,
3.6736,3,STA,WIFI_DROP,
3.6736,5,STA,WIFI_DROP,
3.6736,9,STA,WIFI_DROP,
3.6736,10,STA,WIFI_DROP,
3.6736,17,STA,WIFI_DROP,
3.6736,20,STA,WIFI_DROP,
3.676,3,STA,WIFI_DROP,
3.676,5,STA,WIFI_DROP,
3.676,9,STA,WIFI_DROP,
3.676,10,STA,WIFI_DROP,
3.676,17,STA,WIFI_DROP,
3.676,20,STA,WIFI_DROP,
3.6784,3,STA,WIFI_DROP,
3.6784,5,STA,WIFI_DROP,
3.6784,9,STA,WIFI_DROP,
3.6784,10,STA,WIFI_DROP,
3.6784,17,STA,WIFI_DROP,
3.6784,20,STA,WIFI_DROP,
3.6808,3,STA,WIFI_DROP,
3.6808,5,STA,WIFI_DROP,
3.6808,9,STA,WIFI_DROP,
3.6808,10,STA,WIFI_DROP,
3.6808,17,STA,WIFI_DROP,
3.6808,20,STA,WIFI_DROP,
3.6832,3,STA,WIFI_DROP,
3.6832,5,STA,WIFI_DROP,
3.6832,9,STA,WIFI_DROP,
3.6832,10,STA,WIFI_DROP,
3.6832,17,STA,WIFI_DROP,
3.6832,20,STA,WIFI_DROP,
3.6856,3,STA,WIFI_DROP,
3.6856,5,STA,WIFI_DROP,
3.6856,9,STA,WIFI_DROP,
3.6856,10,STA,WIFI_DROP,
3.6856,17,STA,WIFI_DROP,
3.6856,20,STA,WIFI_DROP,
3.688,3,STA,WIFI_DROP,
3.688,5,STA,WIFI_DROP,
3.688,9,STA,WIFI_DROP,
3.688,10,STA,WIFI_DROP,
3.688,17,STA,WIFI_DROP,
3.688,20,STA,WIFI_DROP,
3.6904,3,STA,WIFI_DROP,
3.6904,5,STA,WIFI_DROP,
3.6904,9,STA,WIFI_DROP,
3.6904,10,STA,WIFI_DROP,
3.6904,17,STA,WIFI_DROP,
3.6904,20,STA,WIFI_DROP,
3.6928,3,STA,WIFI_DROP,
3.6928,5,STA,WIFI_DROP,
3.6928,9,STA,WIFI_DROP,
3.6928,10,STA,WIFI_DROP,
3.6928,17,STA,WIFI_DROP,
3.6928,20,STA,WIFI_DROP,
3.6952,3,STA,WIFI_DROP,
3.6952,5,STA,WIFI_DROP,
3.6952,9,STA,WIFI_DROP,
3.6952,10,STA,WIFI_DROP,
3.6952,17,STA,WIFI_DROP,
3.6952,20,STA,WIFI_DROP,
3.6976,3,STA,WIFI_DROP,
3.6976,5,STA,WIFI_DROP,
3.6976,9,STA,WIFI_DROP,
3.6976,10,STA,WIFI_DROP,
3.6976,17,STA,WIFI_DROP,
3.6976,20,STA,WIFI_DROP,
3.7,3,STA,WIFI_DROP,
3.7,5,STA,WIFI_DROP,
3.7,9,STA,WIFI_DROP,
3.7,10,STA,WIFI_DROP,
3.7,17,STA,WIFI_DROP,
3.7,20,STA,WIFI_DROP,
3.7024,3,STA,WIFI_DROP,
3.7024,5,STA,WIFI_DROP,
3.7024,9,STA,WIFI_DROP,
3.7024,10,STA,WIFI_DROP,
3.7024,17,STA,WIFI_DROP,
3.7024,20,STA,WIFI_DROP,
3.7048,3,STA,WIFI_DROP,
3.7048,5,STA,WIFI_DROP,
3.7048,9,STA,WIFI_DROP,
3.7048,10,STA,WIFI_DROP,
3.7048,17,STA,WIFI_DROP,
3.7048,20,STA,WIFI_DROP,
3.7072,3,STA,WIFI_DROP,
3.7072,5,STA,WIFI_DROP,
3.7072,9,STA,WIFI_DROP,
3.7072,10,STA,WIFI_DROP,
3.7072,17,STA,WIFI_DROP,
3.7072,20,STA,WIFI_DROP,
3.7096,3,STA,WIFI_DROP,
3.7096,5,STA,WIFI_DROP,
3.7096,9,STA,WIFI_DROP,
3.7096,10,STA,WIFI_DROP,
3.7096,17,STA,WIFI_DROP,
3.7096,20,STA,WIFI_DROP,
3.712,3,STA,WIFI_DROP,
3.712,5,STA,WIFI_DROP,
3.712,9,STA,WIFI_DROP,
3.712,10,STA,WIFI_DROP,
3.712,17,STA,WIFI_DROP,
3.712,20,STA,WIFI_DROP,
3.7144,3,STA,WIFI_DROP,
3.7144,5,STA,WIFI_DROP,
3.7144,9,STA,WIFI_DROP,
3.7144,10,STA,WIFI_DROP,
3.7144,17,STA,WIFI_DROP,
3.7144,20,STA,WIFI_DROP,
3.7168,3,STA,WIFI_DROP,
3.7168,5,STA,WIFI_DROP,
3.7168,9,STA,WIFI_DROP,
3.7168,10,STA,WIFI_DROP,
3.7168,17,STA,WIFI_DROP,
3.7168,20,STA,WIFI_DROP,
3.7192,3,STA,WIFI_DROP,
3.7192,5,STA,WIFI_DROP,
3.7192,9,STA,WIFI_DROP,
3.7192,10,STA,WIFI_DROP,
3.7192,17,STA,WIFI_DROP,
3.7192,20,STA,WIFI_DROP,
3.7216,3,STA,WIFI_DROP,
3.7216,5,STA,WIFI_DROP,
3.7216,9,STA,WIFI_DROP,
3.7216,10,STA,WIFI_DROP,
3.7216,17,STA,WIFI_DROP,
3.7216,20,STA,WIFI_DROP,
3.724,3,STA,WIFI_DROP,
3.724,5,STA,WIFI_DROP,
3.724,9,STA,WIFI_DROP,
3.724,10,STA,WIFI_DROP,
3.724,17,STA,WIFI_DROP,
3.724,20,STA,WIFI_DROP,
3.7264,3,STA,WIFI_DROP,
3.7264,5,STA,WIFI_DROP,
3.7264,9,STA,WIFI_DROP,
3.7264,10,STA,WIFI_DROP,
3.7264,17,STA,WIFI_DROP,
3.7264,20,STA,WIFI_DROP,
3.7288,3,STA,WIFI_DROP,
3.7288,5,STA,WIFI_DROP,
3.7288,9,STA,WIFI_DROP,
3.7288,10,STA,WIFI_DROP,
3.7288,17,STA,WIFI_DROP,
3.7288,20,STA,WIFI_DROP,
3.7312,3,STA,WIFI_DROP,
3.7312,5,STA,WIFI_DROP,
3.7312,9,STA,WIFI_DROP,
3.7312,10,STA,WIFI_DROP,
3.7312,17,STA,WIFI_DROP,
3.7312,20,STA,WIFI_DROP,
3.7336,3,STA,WIFI_DROP,
3.7336,5,STA,WIFI_DROP,
3.7336,9,STA,WIFI_DROP,
3.7336,10,STA,WIFI_DROP,
3.7336,17,STA,WIFI_DROP,
3.7336,20,STA,WIFI_DROP,
3.736,3,STA,WIFI_DROP,
3.736,5,STA,WIFI_DROP,
3.736,9,STA,WIFI_DROP,
3.736,10,STA,WIFI_DROP,
3.736,17,STA,WIFI_DROP,
3.736,20,STA,WIFI_DROP,
3.7384,3,STA,WIFI_DROP,
3.7384,5,STA,WIFI_DROP,
3.7384,9,STA,WIFI_DROP,
3.7384,10,STA,WIFI_DROP,
3.7384,17,STA,WIFI_DROP,
3.7384,20,STA,WIFI_DROP,
3.7408,3,STA,WIFI_DROP,
3.7408,5,STA,WIFI_DROP,
3.7408,9,STA,WIFI_DROP,
3.7408,10,STA,WIFI_DROP,
3.7408,17,STA,WIFI_DROP,
3.7408,20,STA,WIFI_DROP,
3.7432,3,STA,WIFI_DROP,
3.7432,5,STA,WIFI_DROP,
3.7432,9,STA,WIFI_DROP,
3.7432,10,STA,WIFI_DROP,
3.7432,17,STA,WIFI_DROP,
3.7432,20,STA,WIFI_DROP,
3.7456,3,STA,WIFI_DROP,
3.7456,5,STA,WIFI_DROP,
3.7456,9,STA,WIFI_DROP,
3.7456,10,STA,WIFI_DROP,
3.7456,17,STA,WIFI_DROP,
3.7456,20,STA,WIFI_DROP,
3.748,3,STA,WIFI_DROP,
3.748,5,STA,WIFI_DROP,
3.748,9,STA,WIFI_DROP,
3.748,10,STA,WIFI_DROP,
3.748,17,STA,WIFI_DROP,
3.748,20,STA,WIFI_DROP,
3.7504,3,STA,WIFI_DROP,
3.7504,5,STA,WIFI_DROP,
3.7504,9,STA,WIFI_DROP,
3.7504,10,STA,WIFI_DROP,
3.7504,17,STA,WIFI_DROP,
3.7504,20,STA,WIFI_DROP,
3.7528,3,STA,WIFI_DROP,
3.7528,5,STA,WIFI_DROP,
3.7528,9,STA,WIFI_DROP,
3.7528,10,STA,WIFI_DROP,
3.7528,17,STA,WIFI_DROP,
3.7528,20,STA,WIFI_DROP,
3.7552,3,STA,WIFI_DROP,
3.7552,5,STA,WIFI_DROP,
3.7552,9,STA,WIFI_DROP,
3.7552,10,STA,WIFI_DROP,
3.7552,17,STA,WIFI_DROP,
3.7552,20,STA,WIFI_DROP,
3.7576,3,STA,WIFI_DROP,
3.7576,5,STA,WIFI_DROP,
3.7576,9,STA,WIFI_DROP,
3.7576,10,STA,WIFI_DROP,
3.7576,17,STA,WIFI_DROP,
3.7576,20,STA,WIFI_DROP,
3.76,3,STA,WIFI_DROP,
3.76,5,STA,WIFI_DROP,
3.76,9,STA,WIFI_DROP,
3.76,10,STA,WIFI_DROP,
3.76,17,STA,WIFI_DROP,
3.76,20,STA,WIFI_DROP,
3.7624,3,STA,WIFI_DROP,
3.7624,5,STA,WIFI_DROP,
3.7624,9,STA,WIFI_DROP,
3.7624,10,STA,WIFI_DROP,
3.7624,17,STA,WIFI_DROP,
3.7624,20,STA,WIFI_DROP,
3.7648,3,STA,WIFI_DROP,
3.7648,5,STA,WIFI_DROP,
3.7648,9,STA,WIFI_DROP,
3.7648,10,STA,WIFI_DROP,
3.7648,17,STA,WIFI_DROP,
3.7648,20,STA,WIFI_DROP,
3.7672,3,STA,WIFI_DROP,
3.7672,5,STA,WIFI_DROP,
3.7672,9,STA,WIFI_DROP,
3.7672,10,STA,WIFI_DROP,
3.7672,17,STA,WIFI_DROP,
3.7672,20,STA,WIFI_DROP,
3.7696,3,STA,WIFI_DROP,
3.7696,5,STA,WIFI_DROP,
3.7696,7,STA,WIFI_DROP,
3.7696,9,STA,WIFI_DROP,
3.7696,10,STA,WIFI_DROP,
3.7696,17,STA,WIFI_DROP,
3.7696,20,STA,WIFI_DROP,
3.772,3,STA,WIFI_DROP,
3.772,5,STA,WIFI_DROP,
3.772,7,STA,WIFI_DROP,
3.772,9,STA,WIFI_DROP,
3.772,10,STA,WIFI_DROP,
3.772,17,STA,WIFI_DROP,
3.772,20,STA,WIFI_DROP,
3.7744,3,STA,WIFI_DROP,
3.7744,5,STA,WIFI_DROP,
3.7744,7,STA,WIFI_DROP,
3.7744,9,STA,WIFI_DROP,
3.7744,10,STA,WIFI_DROP,
3.7744,17,STA,WIFI_DROP,
3.7744,20,STA,WIFI_DROP,
3.7768,3,STA,WIFI_DROP,
3.7768,5,STA,WIFI_DROP,
3.7768,7,STA,WIFI_DROP,
3.7768,9,STA,WIFI_DROP,
3.7768,10,STA,WIFI_DROP,
3.7768,17,STA,WIFI_DROP,
3.7768,20,STA,WIFI_DROP,
3.7792,3,STA,WIFI_DROP,
3.7792,5,STA,WIFI_DROP,
3.7792,7,STA,WIFI_DROP,
3.7792,9,STA,WIFI_DROP,
3.7792,10,STA,WIFI_DROP,
3.7792,17,STA,WIFI_DROP,
3.7792,20,STA,WIFI_DROP,
3.7816,3,STA,WIFI_DROP,
3.7816,5,STA,WIFI_DROP,
3.7816,7,STA,WIFI_DROP,
3.7816,9,STA,WIFI_DROP,
3.7816,10,STA,WIFI_DROP,
3.7816,17,STA,WIFI_DROP,
3.7816,20,STA,WIFI_DROP,
3.784,3,STA,WIFI_DROP,
3.784,5,STA,WIFI_DROP,
3.784,7,STA,WIFI_DROP,
3.784,9,STA,WIFI_DROP,
3.784,10,STA,WIFI_DROP,
3.784,17,STA,WIFI_DROP,
3.784,20,STA,WIFI_DROP,
3.7864,3,STA,WIFI_DROP,
3.7864,5,STA,WIFI_DROP,
3.7864,7,STA,WIFI_DROP,
3.7864,9,STA,WIFI_DROP,
3.7864,10,STA,WIFI_DROP,
3.7864,17,STA,WIFI_DROP,
3.7864,20,STA,WIFI_DROP,
3.7888,3,STA,WIFI_DROP,
3.7888,5,STA,WIFI_DROP,
3.7888,7,STA,WIFI_DROP,
3.7888,9,STA,WIFI_DROP,
3.7888,10,STA,WIFI_DROP,
3.7888,17,STA,WIFI_DROP,
3.7888,20,STA,WIFI_DROP,
3.7912,3,STA,WIFI_DROP,
3.7912,5,STA,WIFI_DROP,
3.7912,7,STA,WIFI_DROP,
3.7912,9,STA,WIFI_DROP,
3.7912,10,STA,WIFI_DROP,
3.7912,17,STA,WIFI_DROP,
3.7912,20,STA,WIFI_DROP,
3.7936,3,STA,WIFI_DROP,
3.7936,5,STA,WIFI_DROP,
3.7936,7,STA,WIFI_DROP,
3.7936,9,STA,WIFI_DROP,
3.7936,10,STA,WIFI_DROP,
3.7936,17,STA,WIFI_DROP,
3.7936,20,STA,WIFI_DROP,
3.796,3,STA,WIFI_DROP,
3.796,5,STA,WIFI_DROP,
3.796,7,STA,WIFI_DROP,
3.796,9,STA,WIFI_DROP,
3.796,10,STA,WIFI_DROP,
3.796,17,STA,WIFI_DROP,
3.796,20,STA,WIFI_DROP,
3.7984,3,STA,WIFI_DROP,
3.7984,5,STA,WIFI_DROP,
3.7984,7,STA,WIFI_DROP,
3.7984,9,STA,WIFI_DROP,
3.7984,10,STA,WIFI_DROP,
3.7984,17,STA,WIFI_DROP,
3.7984,20,STA,WIFI_DROP,
3.8008,3,STA,WIFI_DROP,
3.8008,5,STA,WIFI_DROP,
3.8008,7,STA,WIFI_DROP,
3.8008,9,STA,WIFI_DROP,
3.8008,10,STA,WIFI_DROP,
3.8008,17,STA,WIFI_DROP,
3.8008,20,STA,WIFI_DROP,
3.8032,3,STA,WIFI_DROP,
3.8032,5,STA,WIFI_DROP,
3.8032,7,STA,WIFI_DROP,
3.8032,9,STA,WIFI_DROP,
3.8032,10,STA,WIFI_DROP,
3.8032,17,STA,WIFI_DROP,
3.8032,20,STA,WIFI_DROP,
3.8056,3,STA,WIFI_DROP,
3.8056,5,STA,WIFI_DROP,
3.8056,7,STA,WIFI_DROP,
3.8056,9,STA,WIFI_DROP,
3.8056,10,STA,WIFI_DROP,
3.8056,17,STA,WIFI_DROP,
3.8056,20,STA,WIFI_DROP,
3.808,3,STA,WIFI_DROP,
3.808,5,STA,WIFI_DROP,
3.808,7,STA,WIFI_DROP,
3.808,9,STA,WIFI_DROP,
3.808,10,STA,WIFI_DROP,
3.808,17,STA,WIFI_DROP,
3.808,20,STA,WIFI_DROP,
3.8104,3,STA,WIFI_DROP,
3.8104,5,STA,WIFI_DROP,
3.8104,7,STA,WIFI_DROP,
3.8104,9,STA,WIFI_DROP,
3.8104,10,STA,WIFI_DROP,
3.8104,17,STA,WIFI_DROP,
3.8104,20,STA,WIFI_DROP,
3.8128,3,STA,WIFI_DROP,
3.8128,5,STA,WIFI_DROP,
3.8128,7,STA,WIFI_DROP,
3.8128,9,STA,WIFI_DROP,
3.8128,10,STA,WIFI_DROP,
3.8128,17,STA,WIFI_DROP,
3.8128,20,STA,WIFI_DROP,
3.8152,3,STA,WIFI_DROP,
3.8152,5,STA,WIFI_DROP,
3.8152,7,STA,WIFI_DROP,
3.8152,9,STA,WIFI_DROP,
3.8152,10,STA,WIFI_DROP,
3.8152,17,STA,WIFI_DROP,
3.8152,20,STA,WIFI_DROP,
3.8176,3,STA,WIFI_DROP,
3.8176,5,STA,WIFI_DROP,
3.8176,7,STA,WIFI_DROP,
3.8176,9,STA,WIFI_DROP,
3.8176,10,STA,WIFI_DROP,
3.8176,17,STA,WIFI_DROP,
3.82,3,STA,WIFI_DROP,
3.82,5,STA,WIFI_DROP,
3.82,7,STA,WIFI_DROP,
3.82,9,STA,WIFI_DROP,
3.82,10,STA,WIFI_DROP,
3.82,17,STA,WIFI_DROP,
3.8224,3,STA,WIFI_DROP,
3.8224,5,STA,WIFI_DROP,
3.8224,7,STA,WIFI_DROP,
3.8224,9,STA,WIFI_DROP,
3.8224,10,STA,WIFI_DROP,
3.8224,17,STA,WIFI_DROP,
3.8248,3,STA,WIFI_DROP,
3.8248,5,STA,WIFI_DROP,
3.8248,7,STA,WIFI_DROP,
3.8248,9,STA,WIFI_DROP,
3.8248,10,STA,WIFI_DROP,
3.8248,17,STA,WIFI_DROP,
3.8272,3,STA,WIFI_DROP,
3.8272,5,STA,WIFI_DROP,
3.8272,7,STA,WIFI_DROP,
3.8272,9,STA,WIFI_DROP,
3.8272,10,STA,WIFI_DROP,
3.8272,17,STA,WIFI_DROP,
3.8296,3,STA,WIFI_DROP,
3.8296,5,STA,WIFI_DROP,
3.8296,7,STA,WIFI_DROP,
3.8296,9,STA,WIFI_DROP,
3.8296,10,STA,WIFI_DROP,
3.8296,17,STA,WIFI_DROP,
3.832,3,STA,WIFI_DROP,
3.832,5,STA,WIFI_DROP,
3.832,7,STA,WIFI_DROP,
3.832,9,STA,WIFI_DROP,
3.832,10,STA,WIFI_DROP,
3.832,17,STA,WIFI_DROP,
3.8344,3,STA,WIFI_DROP,
3.8344,5,STA,WIFI_DROP,
3.8344,7,STA,WIFI_DROP,
3.8344,9,STA,WIFI_DROP,
3.8344,10,STA,WIFI_DROP,
3.8344,17,STA,WIFI_DROP,
3.8368,3,STA,WIFI_DROP,
3.8368,5,STA,WIFI_DROP,
3.8368,7,STA,WIFI_DROP,
3.8368,9,STA,WIFI_DROP,
3.8368,10,STA,WIFI_DROP,
3.8368,17,STA,WIFI_DROP,
3.8392,3,STA,WIFI_DROP,
3.8392,5,STA,WIFI_DROP,
3.8392,7,STA,WIFI_DROP,
3.8392,9,STA,WIFI_DROP,
3.8392,10,STA,WIFI_DROP,
3.8392,17,STA,WIFI_DROP,
3.8416,3,STA,WIFI_DROP,
3.8416,5,STA,WIFI_DROP,
3.8416,7,STA,WIFI_DROP,
3.8416,9,STA,WIFI_DROP,
3.8416,10,STA,WIFI_DROP,
3.8416,17,STA,WIFI_DROP,
3.844,3,STA,WIFI_DROP,
3.844,5,STA,WIFI_DROP,
3.844,7,STA,WIFI_DROP,
3.844,9,STA,WIFI_DROP,
3.844,10,STA,WIFI_DROP,
3.844,17,STA,WIFI_DROP,
3.8464,3,STA,WIFI_DROP,
3.8464,5,STA,WIFI_DROP,
3.8464,7,STA,WIFI_DROP,
3.8464,9,STA,WIFI_DROP,
3.8464,10,STA,WIFI_DROP,
3.8464,17,STA,WIFI_DROP,
3.8488,3,STA,WIFI_DROP,
3.8488,5,STA,WIFI_DROP,
3.8488,7,STA,WIFI_DROP,
3.8488,9,STA,WIFI_DROP,
3.8488,10,STA,WIFI_DROP,
3.8488,17,STA,WIFI_DROP,
3.8512,3,STA,WIFI_DROP,
3.8512,5,STA,WIFI_DROP,
3.8512,7,STA,WIFI_DROP,
3.8512,9,STA,WIFI_DROP,
3.8512,10,STA,WIFI_DROP,
3.8512,17,STA,WIFI_DROP,
3.8536,3,STA,WIFI_DROP,
3.8536,5,STA,WIFI_DROP,
3.8536,7,STA,WIFI_DROP,
3.8536,9,STA,WIFI_DROP,
3.8536,10,STA,WIFI_DROP,
3.8536,17,STA,WIFI_DROP,
3.856,3,STA,WIFI_DROP,
3.856,7,STA,WIFI_DROP,
3.856,9,STA,WIFI_DROP,
3.856,10,STA,WIFI_DROP,
3.856,17,STA,WIFI_DROP,
3.8584,3,STA,WIFI_DROP,
3.8584,7,STA,WIFI_DROP,
3.8584,9,STA,WIFI_DROP,
3.8584,10,STA,WIFI_DROP,
3.8584,17,STA,WIFI_DROP,
3.8608,3,STA,WIFI_DROP,
3.8608,7,STA,WIFI_DROP,
3.8608,9,STA,WIFI_DROP,
3.8608,10,STA,WIFI_DROP,
3.8608,17,STA,WIFI_DROP,
3.8632,3,STA,WIFI_DROP,
3.8632,7,STA,WIFI_DROP,
3.8632,9,STA,WIFI_DROP,
3.8632,10,STA,WIFI_DROP,
3.8632,17,STA,WIFI_DROP,
3.8656,3,STA,WIFI_DROP,
3.8656,7,STA,WIFI_DROP,
3.8656,9,STA,WIFI_DROP,
3.8656,10,STA,WIFI_DROP,
3.8656,17,STA,WIFI_DROP,
3.868,3,STA,WIFI_DROP,
3.868,7,STA,WIFI_DROP,
3.868,9,STA,WIFI_DROP,
3.868,10,STA,WIFI_DROP,
3.868,17,STA,WIFI_DROP,
3.8704,3,STA,WIFI_DROP,
3.8704,7,STA,WIFI_DROP,
3.8704,9,STA,WIFI_DROP,
3.8704,10,STA,WIFI_DROP,
3.8704,17,STA,WIFI_DROP,
3.8728,3,STA,WIFI_DROP,
3.8728,7,STA,WIFI_DROP,
3.8728,9,STA,WIFI_DROP,
3.8728,10,STA,WIFI_DROP,
3.8728,17,STA,WIFI_DROP,
3.8752,3,STA,WIFI_DROP,
3.8752,7,STA,WIFI_DROP,
3.8752,9,STA,WIFI_DROP,
3.8752,10,STA,WIFI_DROP,
3.8752,17,STA,WIFI_DROP,
3.8776,3,STA,WIFI_DROP,
3.8776,7,STA,WIFI_DROP,
3.8776,9,STA,WIFI_DROP,
3.8776,10,STA,WIFI_DROP,
3.8776,17,STA,WIFI_DROP,
3.88,3,STA,WIFI_DROP,
3.88,7,STA,WIFI_DROP,
3.88,9,STA,WIFI_DROP,
3.88,10,STA,WIFI_DROP,
3.88,17,STA,WIFI_DROP,
3.8824,3,STA,WIFI_DROP,
3.8824,7,STA,WIFI_DROP,
3.8824,9,STA,WIFI_DROP,
3.8824,10,STA,WIFI_DROP,
3.8824,17,STA,WIFI_DROP,
3.8848,3,STA,WIFI_DROP,
3.8848,7,STA,WIFI_DROP,
3.8848,9,STA,WIFI_DROP,
3.8848,10,STA,WIFI_DROP,
3.8848,17,STA,WIFI_DROP,
3.8872,3,STA,WIFI_DROP,
3.8872,7,STA,WIFI_DROP,
3.8872,9,STA,WIFI_DROP,
3.8872,10,STA,WIFI_DROP,
3.8872,17,STA,WIFI_DROP,
3.8896,3,STA,WIFI_DROP,
3.8896,7,STA,WIFI_DROP,
3.8896,9,STA,WIFI_DROP,
3.8896,10,STA,WIFI_DROP,
3.8896,17,STA,WIFI_DROP,
3.892,3,STA,WIFI_DROP,
3.892,7,STA,WIFI_DROP,
3.892,9,STA,WIFI_DROP,
3.892,10,STA,WIFI_DROP,
3.892,17,STA,WIFI_DROP,
3.8944,3,STA,WIFI_DROP,
3.8944,7,STA,WIFI_DROP,
3.8944,9,STA,WIFI_DROP,
3.8944,10,STA,WIFI_DROP,
3.8944,17,STA,WIFI_DROP,
3.8968,3,STA,WIFI_DROP,
3.8968,7,STA,WIFI_DROP,
3.8968,9,STA,WIFI_DROP,
3.8968,10,STA,WIFI_DROP,
3.8968,17,STA,WIFI_DROP,
3.8992,3,STA,WIFI_DROP,
3.8992,7,STA,WIFI_DROP,
3.8992,9,STA,WIFI_DROP,
3.8992,10,STA,WIFI_DROP,
3.8992,17,STA,WIFI_DROP,
3.9016,3,STA,WIFI_DROP,
3.9016,7,STA,WIFI_DROP,
3.9016,9,STA,WIFI_DROP,
3.9016,10,STA,WIFI_DROP,
3.9016,17,STA,WIFI_DROP,
3.904,3,STA,WIFI_DROP,
3.904,7,STA,WIFI_DROP,
3.904,9,STA,WIFI_DROP,
3.904,10,STA,WIFI_DROP,
3.904,17,STA,WIFI_DROP,
3.9064,3,STA,WIFI_DROP,
3.9064,7,STA,WIFI_DROP,
3.9064,9,STA,WIFI_DROP,
3.9064,10,STA,WIFI_DROP,
3.9064,17,STA,WIFI_DROP,
3.9088,3,STA,WIFI_DROP,
3.9088,7,STA,WIFI_DROP,
3.9088,9,STA,WIFI_DROP,
3.9088,10,STA,WIFI_DROP,
3.9088,17,STA,WIFI_DROP,
3.9112,3,STA,WIFI_DROP,
3.9112,7,STA,WIFI_DROP,
3.9112,9,STA,WIFI_DROP,
3.9112,10,STA,WIFI_DROP,
3.9112,17,STA,WIFI_DROP,
3.9136,3,STA,WIFI_DROP,
3.9136,7,STA,WIFI_DROP,
3.9136,9,STA,WIFI_DROP,
3.9136,10,STA,WIFI_DROP,
3.9136,17,STA,WIFI_DROP,
3.916,7,STA,WIFI_DROP,
3.916,9,STA,WIFI_DROP,
3.916,10,STA,WIFI_DROP,
3.916,17,STA,WIFI_DROP,
3.9184,7,STA,WIFI_DROP,
3.9184,9,STA,WIFI_DROP,
3.9184,10,STA,WIFI_DROP,
3.9184,17,STA,WIFI_DROP,
3.9208,7,STA,WIFI_DROP,
3.9208,9,STA,WIFI_DROP,
3.9208,10,STA,WIFI_DROP,
3.9208,17,STA,WIFI_DROP,
3.9232,7,STA,WIFI_DROP,
3.9232,9,STA,WIFI_DROP,
3.9232,10,STA,WIFI_DROP,
3.9232,17,STA,WIFI_DROP,
3.9256,7,STA,WIFI_DROP,
3.9256,9,STA,WIFI_DROP,
3.9256,10,STA,WIFI_DROP,
3.9256,17,STA,WIFI_DROP,
3.928,7,STA,WIFI_DROP,
3.928,9,STA,WIFI_DROP,
3.928,10,STA,WIFI_DROP,
3.9304,7,STA,WIFI_DROP,
3.9304,9,STA,WIFI_DROP,
3.9304,10,STA,WIFI_DROP,
3.9328,7,STA,WIFI_DROP,
3.9328,9,STA,WIFI_DROP,
3.9328,10,STA,WIFI_DROP,
3.9352,7,STA,WIFI_DROP,
3.9352,9,STA,WIFI_DROP,
3.9352,10,STA,WIFI_DROP,
3.9376,7,STA,WIFI_DROP,
3.9376,9,STA,WIFI_DROP,
3.9376,10,STA,WIFI_DROP,
3.94,7,STA,WIFI_DROP,
3.94,9,STA,WIFI_DROP,
3.94,10,STA,WIFI_DROP,
3.9424,7,STA,WIFI_DROP,
3.9424,9,STA,WIFI_DROP,
3.9424,10,STA,WIFI_DROP,
3.9448,7,STA,WIFI_DROP,
3.9448,9,STA,WIFI_DROP,
3.9448,10,STA,WIFI_DROP,
3.9472,7,STA,WIFI_DROP,
3.9472,9,STA,WIFI_DROP,
3.9472,10,STA,WIFI_DROP,
3.9496,7,STA,WIFI_DROP,
3.9496,9,STA,WIFI_DROP,
3.9496,10,STA,WIFI_DROP,
3.952,7,STA,WIFI_DROP,
3.952,9,STA,WIFI_DROP,
3.952,10,STA,WIFI_DROP,
3.9544,7,STA,WIFI_DROP,
3.9544,9,STA,WIFI_DROP,
3.9544,10,STA,WIFI_DROP,
3.9568,7,STA,WIFI_DROP,
3.9568,9,STA,WIFI_DROP,
3.9568,10,STA,WIFI_DROP,
3.9592,7,STA,WIFI_DROP,
3.9592,9,STA,WIFI_DROP,
3.9592,10,STA,WIFI_DROP,
3.9616,7,STA,WIFI_DROP,
3.9616,9,STA,WIFI_DROP,
3.9616,10,STA,WIFI_DROP,
3.964,7,STA,WIFI_DROP,
3.964,9,STA,WIFI_DROP,
3.964,10,STA,WIFI_DROP,
3.9664,7,STA,WIFI_DROP,
3.9664,9,STA,WIFI_DROP,
3.9664,10,STA,WIFI_DROP,
3.9688,7,STA,WIFI_DROP,
3.9688,9,STA,WIFI_DROP,
3.9688,10,STA,WIFI_DROP,
3.9712,7,STA,WIFI_DROP,
3.9712,9,STA,WIFI_DROP,
3.9712,10,STA,WIFI_DROP,
3.9736,2,STA,WIFI_DROP,
3.9736,7,STA,WIFI_DROP,
3.9736,9,STA,WIFI_DROP,
3.9736,10,STA,WIFI_DROP,
3.976,2,STA,WIFI_DROP,
3.976,7,STA,WIFI_DROP,
3.976,9,STA,WIFI_DROP,
3.976,10,STA,WIFI_DROP,
3.9784,2,STA,WIFI_DROP,
3.9784,7,STA,WIFI_DROP,
3.9784,9,STA,WIFI_DROP,
3.9784,10,STA,WIFI_DROP,
3.9808,2,STA,WIFI_DROP,
3.9808,7,STA,WIFI_DROP,
3.9808,9,STA,WIFI_DROP,
3.9808,10,STA,WIFI_DROP,
3.9832,2,STA,WIFI_DROP,
3.9832,7,STA,WIFI_DROP,
3.9832,9,STA,WIFI_DROP,
3.9832,10,STA,WIFI_DROP,
3.9856,2,STA,WIFI_DROP,
3.9856,7,STA,WIFI_DROP,
3.9856,9,STA,WIFI_DROP,
3.9856,10,STA,WIFI_DROP,
3.988,2,STA,WIFI_DROP,
3.988,7,STA,WIFI_DROP,
3.988,9,STA,WIFI_DROP,
3.988,10,STA,WIFI_DROP,
3.9904,2,STA,WIFI_DROP,
3.9904,7,STA,WIFI_DROP,
3.9904,9,STA,WIFI_DROP,
3.9904,10,STA,WIFI_DROP,
3.9928,2,STA,WIFI_DROP,
3.9928,7,STA,WIFI_DROP,
3.9928,9,STA,WIFI_DROP,
3.9928,10,STA,WIFI_DROP,
3.9952,2,STA,WIFI_DROP,
3.9952,7,STA,WIFI_DROP,
3.9952,9,STA,WIFI_DROP,
3.9952,10,STA,WIFI_DROP,
3.9976,2,STA,WIFI_DROP,
3.9976,7,STA,WIFI_DROP,
3.9976,9,STA,WIFI_DROP,
3.9976,10,STA,WIFI_DROP,
4,2,STA,THROUGHPUT_MBPS,0.828000
4,3,STA,THROUGHPUT_MBPS,1.332000
4,5,STA,THROUGHPUT_MBPS,0.048000
4,8,STA,THROUGHPUT_MBPS,0.288000
4,9,STA,THROUGHPUT_MBPS,0.420000
4,15,STA,THROUGHPUT_MBPS,0.792000
4,1,AP,AGGREGATE_THROUGHPUT_MBPS,3.708000
4,1,AP,SENT_COUNT,8320.000000
4,1,AP,RECV_COUNT,309.000000
4,1,AP,LATENCY_P95_MS,529.270843
4,2,STA,WIFI_DROP,
4,7,STA,WIFI_DROP,
4,9,STA,WIFI_DROP,
4,10,STA,WIFI_DROP,
4.0024,2,STA,WIFI_DROP,
4.0024,7,STA,WIFI_DROP,
4.0024,9,STA,WIFI_DROP,
4.0024,10,STA,WIFI_DROP,
4.0048,2,STA,WIFI_DROP,
4.0048,7,STA,WIFI_DROP,
4.0048,9,STA,WIFI_DROP,
4.0048,10,STA,WIFI_DROP,
4.0072,2,STA,WIFI_DROP,
4.0072,7,STA,WIFI_DROP,
4.0072,9,STA,WIFI_DROP,
4.0072,10,STA,WIFI_DROP,
4.0096,2,STA,WIFI_DROP,
4.0096,7,STA,WIFI_DROP,
4.0096,9,STA,WIFI_DROP,
4.0096,10,STA,WIFI_DROP,
4.012,2,STA,WIFI_DROP,
4.012,7,STA,WIFI_DROP,
4.012,9,STA,WIFI_DROP,
4.012,10,STA,WIFI_DROP,
4.0144,2,STA,WIFI_DROP,
4.0144,7,STA,WIFI_DROP,
4.0144,9,STA,WIFI_DROP,
4.0144,10,STA,WIFI_DROP,
4.0168,2,STA,WIFI_DROP,
4.0168,7,STA,WIFI_DROP,
4.0168,9,STA,WIFI_DROP,
4.0192,2,STA,WIFI_DROP,
4.0192,7,STA,WIFI_DROP,
4.0192,9,STA,WIFI_DROP,
4.0216,2,STA,WIFI_DROP,
4.0216,7,STA,WIFI_DROP,
4.0216,9,STA,WIFI_DROP,
4.024,2,STA,WIFI_DROP,
4.024,7,STA,WIFI_DROP,
4.024,9,STA,WIFI_DROP,
4.0264,7,STA,WIFI_DROP,
4.0264,9,STA,WIFI_DROP,
4.0288,7,STA,WIFI_DROP,
4.0288,9,STA,WIFI_DROP,
4.0312,7,STA,WIFI_DROP,
4.0312,9,STA,WIFI_DROP,
4.0336,7,STA,WIFI_DROP,
4.0336,9,STA,WIFI_DROP,
4.036,7,STA,WIFI_DROP,
4.036,9,STA,WIFI_DROP,
4.0384,7,STA,WIFI_DROP,
4.0384,9,STA,WIFI_DROP,
4.0408,7,STA,WIFI_DROP,
4.0408,9,STA,WIFI_DROP,
4.0432,7,STA,WIFI_DROP,
4.0432,9,STA,WIFI_DROP,
4.0456,7,STA,WIFI_DROP,
4.0456,9,STA,WIFI_DROP,
4.048,7,STA,WIFI_DROP,
4.048,9,STA,WIFI_DROP,
4.0504,7,STA,WIFI_DROP,
4.0504,9,STA,WIFI_DROP,
4.0528,7,STA,WIFI_DROP,
4.0528,9,STA,WIFI_DROP,
4.0552,7,STA,WIFI_DROP,
4.0552,9,STA,WIFI_DROP,
4.0576,7,STA,WIFI_DROP,
4.0576,9,STA,WIFI_DROP,
4.06,7,STA,WIFI_DROP,
4.06,9,STA,WIFI_DROP,
4.0624,7,STA,WIFI_DROP,
4.0624,9,STA,WIFI_DROP,
4.0648,7,STA,WIFI_DROP,
4.0648,9,STA,WIFI_DROP,
4.0672,7,STA,WIFI_DROP,
4.0672,9,STA,WIFI_DROP,
4.0696,7,STA,WIFI_DROP,
4.0696,9,STA,WIFI_DROP,
4.072,7,STA,WIFI_DROP,
4.072,9,STA,WIFI_DROP,
4.0744,7,STA,WIFI_DROP,
4.0744,9,STA,WIFI_DROP,
4.0768,7,STA,WIFI_DROP,
4.0768,9,STA,WIFI_DROP,
4.0792,7,STA,WIFI_DROP,
4.0792,9,STA,WIFI_DROP,
4.0816,7,STA,WIFI_DROP,
4.0816,9,STA,WIFI_DROP,
4.084,7,STA,WIFI_DROP,
4.084,9,STA,WIFI_DROP,
4.0864,7,STA,WIFI_DROP,
4.0864,9,STA,WIFI_DROP,
4.0888,7,STA,WIFI_DROP,
4.0888,9,STA,WIFI_DROP,
4.0912,7,STA,WIFI_DROP,
4.0912,9,STA,WIFI_DROP,
4.0936,7,STA,WIFI_DROP,
4.0936,9,STA,WIFI_DROP,
4.096,7,STA,WIFI_DROP,
4.096,9,STA,WIFI_DROP,
4.0984,7,STA,WIFI_DROP,
4.0984,9,STA,WIFI_DROP,
4.1008,7,STA,WIFI_DROP,
4.1008,9,STA,WIFI_DROP,
4.1032,7,STA,WIFI_DROP,
4.1032,9,STA,WIFI_DROP,
4.1056,7,STA,WIFI_DROP,
4.1056,9,STA,WIFI_DROP,
4.108,7,STA,WIFI_DROP,
4.108,9,STA,WIFI_DROP,
4.1104,7,STA,WIFI_DROP,
4.1104,9,STA,WIFI_DROP,
4.1128,7,STA,WIFI_DROP,
4.1128,9,STA,WIFI_DROP,
4.1152,7,STA,WIFI_DROP,
4.1152,9,STA,WIFI_DROP,
4.1176,7,STA,WIFI_DROP,
4.1176,9,STA,WIFI_DROP,
4.12,7,STA,WIFI_DROP,
4.12,9,STA,WIFI_DROP,
4.1224,7,STA,WIFI_DROP,
4.1224,9,STA,WIFI_DROP,
4.1248,7,STA,WIFI_DROP,
4.1248,9,STA,WIFI_DROP,
4.1272,7,STA,WIFI_DROP,
4.1272,9,STA,WIFI_DROP,
4.1272,21,STA,WIFI_DROP,
4.1296,7,STA,WIFI_DROP,
4.1296,9,STA,WIFI_DROP,
4.1296,21,STA,WIFI_DROP,
4.132,7,STA,WIFI_DROP,
4.132,9,STA,WIFI_DROP,
4.132,21,STA,WIFI_DROP,
4.1344,7,STA,WIFI_DROP,
4.1344,9,STA,WIFI_DROP,
4.1344,21,STA,WIFI_DROP,
4.1368,7,STA,WIFI_DROP,
4.1368,9,STA,WIFI_DROP,
4.1368,21,STA,WIFI_DROP,
4.1392,7,STA,WIFI_DROP,
4.1392,9,STA,WIFI_DROP,
4.1392,21,STA,WIFI_DROP,
4.1416,7,STA,WIFI_DROP,
4.1416,9,STA,WIFI_DROP,
4.1416,21,STA,WIFI_DROP,
4.144,7,STA,WIFI_DROP,
4.144,9,STA,WIFI_DROP,
4.144,21,STA,WIFI_DROP,
4.1464,7,STA,WIFI_DROP,
4.1464,9,STA,WIFI_DROP,
4.1464,21,STA,WIFI_DROP,
4.1488,7,STA,WIFI_DROP,
4.1488,9,STA,WIFI_DROP,
4.1488,21,STA,WIFI_DROP,
4.1512,7,STA,WIFI_DROP,
4.1512,9,STA,WIFI_DROP,
4.1512,21,STA,WIFI_DROP,
4.1536,7,STA,WIFI_DROP,
4.1536,9,STA,WIFI_DROP,
4.1536,21,STA,WIFI_DROP,
4.156,7,STA,WIFI_DROP,
4.156,9,STA,WIFI_DROP,
4.156,21,STA,WIFI_DROP,
4.1584,7,STA,WIFI_DROP,
4.1584,9,STA,WIFI_DROP,
4.1584,21,STA,WIFI_DROP,
4.1608,7,STA,WIFI_DROP,
4.1608,9,STA,WIFI_DROP,
4.1608,21,STA,WIFI_DROP,
4.1632,7,STA,WIFI_DROP,
4.1632,9,STA,WIFI_DROP,
4.1632,21,STA,WIFI_DROP,
4.1656,7,STA,WIFI_DROP,
4.1656,9,STA,WIFI_DROP,
4.1656,21,STA,WIFI_DROP,
4.168,7,STA,WIFI_DROP,
4.168,9,STA,WIFI_DROP,
4.168,21,STA,WIFI_DROP,
4.1704,7,STA,WIFI_DROP,
4.1704,9,STA,WIFI_DROP,
4.1704,21,STA,WIFI_DROP,
4.1728,7,STA,WIFI_DROP,
4.1728,9,STA,WIFI_DROP,
4.1728,21,STA,WIFI_DROP,
4.1752,7,STA,WIFI_DROP,
4.1752,9,STA,WIFI_DROP,
4.1752,21,STA,WIFI_DROP,
4.1776,7,STA,WIFI_DROP,
4.1776,9,STA,WIFI_DROP,
4.1776,21,STA,WIFI_DROP,
4.18,7,STA,WIFI_DROP,
4.18,9,STA,WIFI_DROP,
4.18,21,STA,WIFI_DROP,
4.1824,7,STA,WIFI_DROP,
4.1824,9,STA,WIFI_DROP,
4.1824,21,STA,WIFI_DROP,
4.1848,7,STA,WIFI_DROP,
4.1848,9,STA,WIFI_DROP,
4.1848,21,STA,WIFI_DROP,
4.1872,7,STA,WIFI_DROP,
4.1872,9,STA,WIFI_DROP,
4.1872,21,STA,WIFI_DROP,
4.1896,7,STA,WIFI_DROP,
4.1896,9,STA,WIFI_DROP,
4.1896,21,STA,WIFI_DROP,
4.192,7,STA,WIFI_DROP,
4.192,9,STA,WIFI_DROP,
4.192,21,STA,WIFI_DROP,
4.1944,7,STA,WIFI_DROP,
4.1944,9,STA,WIFI_DROP,
4.1944,21,STA,WIFI_DROP,
4.1968,7,STA,WIFI_DROP,
4.1968,9,STA,WIFI_DROP,
4.1968,21,STA,WIFI_DROP,
4.1992,7,STA,WIFI_DROP,
4.1992,9,STA,WIFI_DROP,
4.1992,21,STA,WIFI_DROP,
4.2016,7,STA,WIFI_DROP,
4.2016,9,STA,WIFI_DROP,
4.2016,21,STA,WIFI_DROP,
4.204,7,STA,WIFI_DROP,
4.204,9,STA,WIFI_DROP,
4.204,21,STA,WIFI_DROP,
4.2064,7,STA,WIFI_DROP,
4.2064,9,STA,WIFI_DROP,
4.2064,21,STA,WIFI_DROP,
4.2088,7,STA,WIFI_DROP,
4.2088,9,STA,WIFI_DROP,
4.2088,21,STA,WIFI_DROP,
4.2112,7,STA,WIFI_DROP,
4.2112,9,STA,WIFI_DROP,
4.2112,21,STA,WIFI_DROP,
4.2136,7,STA,WIFI_DROP,
4.2136,9,STA,WIFI_DROP,
4.2136,21,STA,WIFI_DROP,
4.216,7,STA,WIFI_DROP,
4.216,9,STA,WIFI_DROP,
4.216,21,STA,WIFI_DROP,
4.2184,7,STA,WIFI_DROP,
4.2184,9,STA,WIFI_DROP,
4.2184,21,STA,WIFI_DROP,
4.2208,7,STA,WIFI_DROP,
4.2208,9,STA,WIFI_DROP,
4.2208,21,STA,WIFI_DROP,
4.2232,7,STA,WIFI_DROP,
4.2232,9,STA,WIFI_DROP,
4.2232,21,STA,WIFI_DROP,
4.2256,7,STA,WIFI_DROP,
4.2256,9,STA,WIFI_DROP,
4.2256,21,STA,WIFI_DROP,
4.228,7,STA,WIFI_DROP,
4.228,9,STA,WIFI_DROP,
4.228,21,STA,WIFI_DROP,
4.2304,7,STA,WIFI_DROP,
4.2304,9,STA,WIFI_DROP,
4.2304,21,STA,WIFI_DROP,
4.2328,7,STA,WIFI_DROP,
4.2328,9,STA,WIFI_DROP,
4.2328,21,STA,WIFI_DROP,
4.2352,7,STA,WIFI_DROP,
4.2352,9,STA,WIFI_DROP,
4.2352,21,STA,WIFI_DROP,
4.2376,7,STA,WIFI_DROP,
4.2376,9,STA,WIFI_DROP,
4.2376,21,STA,WIFI_DROP,
4.24,7,STA,WIFI_DROP,
4.24,9,STA,WIFI_DROP,
4.24,21,STA,WIFI_DROP,
4.2424,7,STA,WIFI_DROP,
4.2424,9,STA,WIFI_DROP,
4.2424,21,STA,WIFI_DROP,
4.2448,7,STA,WIFI_DROP,
4.2448,9,STA,WIFI_DROP,
4.2448,21,STA,WIFI_DROP,
4.2472,7,STA,WIFI_DROP,
4.2472,9,STA,WIFI_DROP,
4.2472,21,STA,WIFI_DROP,
4.2496,7,STA,WIFI_DROP,
4.2496,9,STA,WIFI_DROP,
4.2496,21,STA,WIFI_DROP,
4.252,7,STA,WIFI_DROP,
4.252,9,STA,WIFI_DROP,
4.252,21,STA,WIFI_DROP,
4.2544,7,STA,WIFI_DROP,
4.2544,9,STA,WIFI_DROP,
4.2544,21,STA,WIFI_DROP,
4.2568,7,STA,WIFI_DROP,
4.2568,9,STA,WIFI_DROP,
4.2568,21,STA,WIFI_DROP,
4.2592,7,STA,WIFI_DROP,
4.2592,9,STA,WIFI_DROP,
4.2592,21,STA,WIFI_DROP,
4.2616,7,STA,WIFI_DROP,
4.2616,9,STA,WIFI_DROP,
4.2616,21,STA,WIFI_DROP,
4.264,7,STA,WIFI_DROP,
4.264,9,STA,WIFI_DROP,
4.264,21,STA,WIFI_DROP,
4.2664,7,STA,WIFI_DROP,
4.2664,9,STA,WIFI_DROP,
4.2664,21,STA,WIFI_DROP,
4.2688,7,STA,WIFI_DROP,
4.2688,9,STA,WIFI_DROP,
4.2688,21,STA,WIFI_DROP,
4.2712,7,STA,WIFI_DROP,
4.2712,9,STA,WIFI_DROP,
4.2712,21,STA,WIFI_DROP,
4.2736,7,STA,WIFI_DROP,
4.2736,9,STA,WIFI_DROP,
4.2736,21,STA,WIFI_DROP,
4.276,7,STA,WIFI_DROP,
4.276,9,STA,WIFI_DROP,
4.276,21,STA,WIFI_DROP,
4.2784,7,STA,WIFI_DROP,
4.2784,9,STA,WIFI_DROP,
4.2784,21,STA,WIFI_DROP,
4.2808,7,STA,WIFI_DROP,
4.2808,9,STA,WIFI_DROP,
4.2808,21,STA,WIFI_DROP,
4.2832,7,STA,WIFI_DROP,
4.2832,9,STA,WIFI_DROP,
4.2832,21,STA,WIFI_DROP,
4.2856,7,STA,WIFI_DROP,
4.2856,9,STA,WIFI_DROP,
4.2856,21,STA,WIFI_DROP,
4.288,7,STA,WIFI_DROP,
4.288,9,STA,WIFI_DROP,
4.288,21,STA,WIFI_DROP,
4.2904,7,STA,WIFI_DROP,
4.2904,9,STA,WIFI_DROP,
4.2904,21,STA,WIFI_DROP,
4.2928,7,STA,WIFI_DROP,
4.2928,9,STA,WIFI_DROP,
4.2928,21,STA,WIFI_DROP,
4.2952,7,STA,WIFI_DROP,
4.2952,9,STA,WIFI_DROP,
4.2952,21,STA,WIFI_DROP,
4.2976,7,STA,WIFI_DROP,
4.2976,9,STA,WIFI_DROP,
4.2976,21,STA,WIFI_DROP,
4.3,7,STA,WIFI_DROP,
4.3,9,STA,WIFI_DROP,
4.3,21,STA,WIFI_DROP,
4.3024,7,STA,WIFI_DROP,
4.3024,9,STA,WIFI_DROP,
4.3024,21,STA,WIFI_DROP,
4.3048,7,STA,WIFI_DROP,
4.3048,9,STA,WIFI_DROP,
4.3048,21,STA,WIFI_DROP,
4.3072,7,STA,WIFI_DROP,
4.3072,9,STA,WIFI_DROP,
4.3072,21,STA,WIFI_DROP,
4.3096,7,STA,WIFI_DROP,
4.3096,9,STA,WIFI_DROP,
4.3096,21,STA,WIFI_DROP,
4.312,7,STA,WIFI_DROP,
4.312,9,STA,WIFI_DROP,
4.312,21,STA,WIFI_DROP,
4.3144,7,STA,WIFI_DROP,
4.3144,9,STA,WIFI_DROP,
4.3144,21,STA,WIFI_DROP,
4.3168,7,STA,WIFI_DROP,
4.3168,9,STA,WIFI_DROP,
4.3168,21,STA,WIFI_DROP,
4.3192,7,STA,WIFI_DROP,
4.3192,9,STA,WIFI_DROP,
4.3192,21,STA,WIFI_DROP,
4.3216,7,STA,WIFI_DROP,
4.3216,9,STA,WIFI_DROP,
4.3216,21,STA,WIFI_DROP,
4.324,7,STA,WIFI_DROP,
4.324,9,STA,WIFI_DROP,
4.324,21,STA,WIFI_DROP,
4.3264,7,STA,WIFI_DROP,
4.3264,9,STA,WIFI_DROP,
4.3264,21,STA,WIFI_DROP,
4.3288,7,STA,WIFI_DROP,
4.3288,9,STA,WIFI_DROP,
4.3288,21,STA,WIFI_DROP,
4.3312,7,STA,WIFI_DROP,
4.3312,9,STA,WIFI_DROP,
4.3312,21,STA,WIFI_DROP,
4.3336,7,STA,WIFI_DROP,
4.3336,9,STA,WIFI_DROP,
4.3336,21,STA,WIFI_DROP,
4.336,7,STA,WIFI_DROP,
4.336,9,STA,WIFI_DROP,
4.336,21,STA,WIFI_DROP,
4.3384,7,STA,WIFI_DROP,
4.3384,9,STA,WIFI_DROP,
4.3384,21,STA,WIFI_DROP,
4.3408,7,STA,WIFI_DROP,
4.3408,9,STA,WIFI_DROP,
4.3408,21,STA,WIFI_DROP,
4.3432,7,STA,WIFI_DROP,
4.3432,9,STA,WIFI_DROP,
4.3432,21,STA,WIFI_DROP,
4.3456,7,STA,WIFI_DROP,
4.3456,9,STA,WIFI_DROP,
4.3456,21,STA,WIFI_DROP,
4.348,7,STA,WIFI_DROP,
4.348,9,STA,WIFI_DROP,
4.348,21,STA,WIFI_DROP,
4.3504,7,STA,WIFI_DROP,
4.3504,9,STA,WIFI_DROP,
4.3504,21,STA,WIFI_DROP,
4.3528,7,STA,WIFI_DROP,
4.3528,9,STA,WIFI_DROP,
4.3528,21,STA,WIFI_DROP,
4.3552,7,STA,WIFI_DROP,
4.3552,9,STA,WIFI_DROP,
4.3552,21,STA,WIFI_DROP,
4.3576,7,STA,WIFI_DROP,
4.3576,9,STA,WIFI_DROP,
4.3576,21,STA,WIFI_DROP,
4.36,7,STA,WIFI_DROP,
4.36,9,STA,WIFI_DROP,
4.36,21,STA,WIFI_DROP,
4.3624,7,STA,WIFI_DROP,
4.3624,9,STA,WIFI_DROP,
4.3624,21,STA,WIFI_DROP,
4.3648,7,STA,WIFI_DROP,
4.3648,9,STA,WIFI_DROP,
4.3648,21,STA,WIFI_DROP,
4.3672,7,STA,WIFI_DROP,
4.3672,9,STA,WIFI_DROP,
4.3672,21,STA,WIFI_DROP,
4.3696,7,STA,WIFI_DROP,
4.3696,9,STA,WIFI_DROP,
4.3696,21,STA,WIFI_DROP,
4.372,7,STA,WIFI_DROP,
4.372,9,STA,WIFI_DROP,
4.372,21,STA,WIFI_DROP,
4.3744,7,STA,WIFI_DROP,
4.3744,9,STA,WIFI_DROP,
4.3744,21,STA,WIFI_DROP,
4.3768,7,STA,WIFI_DROP,
4.3768,9,STA,WIFI_DROP,
4.3768,21,STA,WIFI_DROP,
4.3792,7,STA,WIFI_DROP,
4.3792,9,STA,WIFI_DROP,
4.3792,21,STA,WIFI_DROP,
4.3816,7,STA,WIFI_DROP,
4.3816,9,STA,WIFI_DROP,
4.3816,12,STA,WIFI_DROP,
4.3816,21,STA,WIFI_DROP,
4.384,7,STA,WIFI_DROP,
4.384,9,STA,WIFI_DROP,
4.384,12,STA,WIFI_DROP,
4.384,21,STA,WIFI_DROP,
4.3864,7,STA,WIFI_DROP,
4.3864,9,STA,WIFI_DROP,
4.3864,12,STA,WIFI_DROP,
4.3864,21,STA,WIFI_DROP,
4.3888,7,STA,WIFI_DROP,
4.3888,9,STA,WIFI_DROP,
4.3888,12,STA,WIFI_DROP,
4.3888,21,STA,WIFI_DROP,
4.3912,7,STA,WIFI_DROP,
4.3912,9,STA,WIFI_DROP,
4.3912,12,STA,WIFI_DROP,
4.3912,21,STA,WIFI_DROP,
4.3936,7,STA,WIFI_DROP,
4.3936,9,STA,WIFI_DROP,
4.3936,12,STA,WIFI_DROP,
4.3936,21,STA,WIFI_DROP,
4.396,7,STA,WIFI_DROP,
4.396,9,STA,WIFI_DROP,
4.396,12,STA,WIFI_DROP,
4.396,21,STA,WIFI_DROP,
4.3984,7,STA,WIFI_DROP,
4.3984,9,STA,WIFI_DROP,
4.3984,12,STA,WIFI_DROP,
4.3984,21,STA,WIFI_DROP,
4.4008,7,STA,WIFI_DROP,
4.4008,9,STA,WIFI_DROP,
4.4008,12,STA,WIFI_DROP,
4.4008,21,STA,WIFI_DROP,
4.4032,7,STA,WIFI_DROP,
4.4032,9,STA,WIFI_DROP,
4.4032,12,STA,WIFI_DROP,
4.4032,21,STA,WIFI_DROP,
4.4056,7,STA,WIFI_DROP,
4.4056,9,STA,WIFI_DROP,
4.4056,12,STA,WIFI_DROP,
4.4056,21,STA,WIFI_DROP,
4.408,7,STA,WIFI_DROP,
4.408,9,STA,WIFI_DROP,
4.408,12,STA,WIFI_DROP,
4.408,21,STA,WIFI_DROP,
4.4104,7,STA,WIFI_DROP,
4.4104,9,STA,WIFI_DROP,
4.4104,12,STA,WIFI_DROP,
4.4104,21,STA,WIFI_DROP,
4.4128,7,STA,WIFI_DROP,
4.4128,9,STA,WIFI_DROP,
4.4128,12,STA,WIFI_DROP,
4.4128,21,STA,WIFI_DROP,
4.4152,7,STA,WIFI_DROP,
4.4152,9,STA,WIFI_DROP,
4.4152,12,STA,WIFI_DROP,
4.4152,21,STA,WIFI_DROP,
4.4176,7,STA,WIFI_DROP,
4.4176,9,STA,WIFI_DROP,
4.4176,12,STA,WIFI_DROP,
4.4176,21,STA,WIFI_DROP,
4.42,7,STA,WIFI_DROP,
4.42,9,STA,WIFI_DROP,
4.42,12,STA,WIFI_DROP,
4.42,21,STA,WIFI_DROP,
4.4224,7,STA,WIFI_DROP,
4.4224,9,STA,WIFI_DROP,
4.4224,12,STA,WIFI_DROP,
4.4224,21,STA,WIFI_DROP,
4.4248,7,STA,WIFI_DROP,
4.4248,9,STA,WIFI_DROP,
4.4248,12,STA,WIFI_DROP,
4.4248,21,STA,WIFI_DROP,
4.4272,7,STA,WIFI_DROP,
4.4272,9,STA,WIFI_DROP,
4.4272,12,STA,WIFI_DROP,
4.4272,21,STA,WIFI_DROP,
4.4296,7,STA,WIFI_DROP,
4.4296,9,STA,WIFI_DROP,
4.4296,12,STA,WIFI_DROP,
4.4296,21,STA,WIFI_DROP,
4.432,7,STA,WIFI_DROP,
4.432,9,STA,WIFI_DROP,
4.432,12,STA,WIFI_DROP,
4.432,21,STA,WIFI_DROP,
4.4344,7,STA,WIFI_DROP,
4.4344,9,STA,WIFI_DROP,
4.4344,12,STA,WIFI_DROP,
4.4344,21,STA,WIFI_DROP,
4.4368,7,STA,WIFI_DROP,
4.4368,9,STA,WIFI_DROP,
4.4368,12,STA,WIFI_DROP,
4.4368,21,STA,WIFI_DROP,
4.4392,7,STA,WIFI_DROP,
4.4392,9,STA,WIFI_DROP,
4.4392,12,STA,WIFI_DROP,
4.4392,21,STA,WIFI_DROP,
4.4416,7,STA,WIFI_DROP,
4.4416,9,STA,WIFI_DROP,
4.4416,12,STA,WIFI_DROP,
4.4416,21,STA,WIFI_DROP,
4.444,7,STA,WIFI_DROP,
4.444,9,STA,WIFI_DROP,
4.444,12,STA,WIFI_DROP,
4.444,21,STA,WIFI_DROP,
4.4464,7,STA,WIFI_DROP,
4.4464,9,STA,WIFI_DROP,
4.4464,12,STA,WIFI_DROP,
4.4464,21,STA,WIFI_DROP,
4.4488,7,STA,WIFI_DROP,
4.4488,9,STA,WIFI_DROP,
4.4488,12,STA,WIFI_DROP,
4.4488,21,STA,WIFI_DROP,
4.4512,7,STA,WIFI_DROP,
4.4512,9,STA,WIFI_DROP,
4.4512,12,STA,WIFI_DROP,
4.4512,21,STA,WIFI_DROP,
4.4536,7,STA,WIFI_DROP,
4.4536,9,STA,WIFI_DROP,
4.4536,12,STA,WIFI_DROP,
4.4536,21,STA,WIFI_DROP,
4.456,7,STA,WIFI_DROP,
4.456,9,STA,WIFI_DROP,
4.456,12,STA,WIFI_DROP,
4.456,21,STA,WIFI_DROP,
4.4584,7,STA,WIFI_DROP,
4.4584,9,STA,WIFI_DROP,
4.4584,12,STA,WIFI_DROP,
4.4584,21,STA,WIFI_DROP,
4.4608,7,STA,WIFI_DROP,
4.4608,9,STA,WIFI_DROP,
4.4608,12,STA,WIFI_DROP,
4.4608,21,STA,WIFI_DROP,
4.4632,7,STA,WIFI_DROP,
4.4632,9,STA,WIFI_DROP,
4.4632,12,STA,WIFI_DROP,
4.4632,21,STA,WIFI_DROP,
4.4656,7,STA,WIFI_DROP,
4.4656,9,STA,WIFI_DROP,
4.4656,12,STA,WIFI_DROP,
4.4656,21,STA,WIFI_DROP,
4.468,7,STA,WIFI_DROP,
4.468,9,STA,WIFI_DROP,
4.468,12,STA,WIFI_DROP,
4.468,21,STA,WIFI_DROP,
4.4704,7,STA,WIFI_DROP,
4.4704,9,STA,WIFI_DROP,
4.4704,12,STA,WIFI_DROP,
4.4704,21,STA,WIFI_DROP,
4.4728,7,STA,WIFI_DROP,
4.4728,9,STA,WIFI_DROP,
4.4728,12,STA,WIFI_DROP,
4.4728,21,STA,WIFI_DROP,
4.4752,7,STA,WIFI_DROP,
4.4752,9,STA,WIFI_DROP,
4.4752,12,STA,WIFI_DROP,
4.4752,21,STA,WIFI_DROP,
4.4776,7,STA,WIFI_DROP,
4.4776,9,STA,WIFI_DROP,
4.4776,12,STA,WIFI_DROP,
4.4776,21,STA,WIFI_DROP,
4.48,7,STA,WIFI_DROP,
4.48,9,STA,WIFI_DROP,
4.48,12,STA,WIFI_DROP,
4.48,21,STA,WIFI_DROP,
4.4824,7,STA,WIFI_DROP,
4.4824,9,STA,WIFI_DROP,
4.4824,12,STA,WIFI_DROP,
4.4824,21,STA,WIFI_DROP,
4.4848,4,STA,WIFI_DROP,
4.4848,7,STA,WIFI_DROP,
4.4848,9,STA,WIFI_DROP,
4.4848,12,STA,WIFI_DROP,
4.4848,21,STA,WIFI_DROP,
4.4872,4,STA,WIFI_DROP,
4.4872,7,STA,WIFI_DROP,
4.4872,9,STA,WIFI_DROP,
4.4872,12,STA,WIFI_DROP,
4.4872,21,STA,WIFI_DROP,
4.4896,4,STA,WIFI_DROP,
4.4896,7,STA,WIFI_DROP,
4.4896,9,STA,WIFI_DROP,
4.4896,12,STA,WIFI_DROP,
4.4896,21,STA,WIFI_DROP,
4.492,4,STA,WIFI_DROP,
4.492,7,STA,WIFI_DROP,
4.492,9,STA,WIFI_DROP,
4.492,12,STA,WIFI_DROP,
4.492,21,STA,WIFI_DROP,
4.4944,4,STA,WIFI_DROP,
4.4944,7,STA,WIFI_DROP,
4.4944,9,STA,WIFI_DROP,
4.4944,12,STA,WIFI_DROP,
4.4944,21,STA,WIFI_DROP,
4.4968,4,STA,WIFI_DROP,
4.4968,7,STA,WIFI_DROP,
4.4968,9,STA,WIFI_DROP,
4.4968,12,STA,WIFI_DROP,
4.4968,21,STA,WIFI_DROP,
4.4992,4,STA,WIFI_DROP,
4.4992,7,STA,WIFI_DROP,
4.4992,9,STA,WIFI_DROP,
4.4992,12,STA,WIFI_DROP,
4.4992,21,STA,WIFI_DROP,
4.5016,4,STA,WIFI_DROP,
4.5016,7,STA,WIFI_DROP,
4.5016,9,STA,WIFI_DROP,
4.5016,12,STA,WIFI_DROP,
4.5016,21,STA,WIFI_DROP,
4.504,4,STA,WIFI_DROP,
4.504,7,STA,WIFI_DROP,
4.504,9,STA,WIFI_DROP,
4.504,12,STA,WIFI_DROP,
4.504,21,STA,WIFI_DROP,
4.5064,4,STA,WIFI_DROP,
4.5064,7,STA,WIFI_DROP,
4.5064,9,STA,WIFI_DROP,
4.5064,12,STA,WIFI_DROP,
4.5064,21,STA,WIFI_DROP,
4.5088,4,STA,WIFI_DROP,
4.5088,7,STA,WIFI_DROP,
4.5088,9,STA,WIFI_DROP,
4.5088,12,STA,WIFI_DROP,
4.5088,21,STA,WIFI_DROP,
4.5112,4,STA,WIFI_DROP,
4.5112,7,STA,WIFI_DROP,
4.5112,9,STA,WIFI_DROP,
4.5112,12,STA,WIFI_DROP,
4.5112,21,STA,WIFI_DROP,
4.5136,4,STA,WIFI_DROP,
4.5136,7,STA,WIFI_DROP,
4.5136,9,STA,WIFI_DROP,
4.5136,12,STA,WIFI_DROP,
4.5136,21,STA,WIFI_DROP,
4.516,4,STA,WIFI_DROP,
4.516,7,STA,WIFI_DROP,
4.516,9,STA,WIFI_DROP,
4.516,12,STA,WIFI_DROP,
4.516,21,STA,WIFI_DROP,
4.5184,4,STA,WIFI_DROP,
4.5184,7,STA,WIFI_DROP,
4.5184,9,STA,WIFI_DROP,
4.5184,12,STA,WIFI_DROP,
4.5184,21,STA,WIFI_DROP,
4.5208,4,STA,WIFI_DROP,
4.5208,7,STA,WIFI_DROP,
4.5208,9,STA,WIFI_DROP,
4.5208,12,STA,WIFI_DROP,
4.5208,21,STA,WIFI_DROP,
4.5232,4,STA,WIFI_DROP,
4.5232,7,STA,WIFI_DROP,
4.5232,9,STA,WIFI_DROP,
4.5232,12,STA,WIFI_DROP,
4.5232,21,STA,WIFI_DROP,
4.5256,4,STA,WIFI_DROP,
4.5256,7,STA,WIFI_DROP,
4.5256,9,STA,WIFI_DROP,
4.5256,12,STA,WIFI_DROP,
4.5256,21,STA,WIFI_DROP,
4.528,4,STA,WIFI_DROP,
4.528,7,STA,WIFI_DROP,
4.528,9,STA,WIFI_DROP,
4.528,12,STA,WIFI_DROP,
4.528,21,STA,WIFI_DROP,
4.5304,4,STA,WIFI_DROP,
4.5304,7,STA,WIFI_DROP,
4.5304,9,STA,WIFI_DROP,
4.5304,12,STA,WIFI_DROP,
4.5304,21,STA,WIFI_DROP,
4.5328,4,STA,WIFI_DROP,
4.5328,7,STA,WIFI_DROP,
4.5328,9,STA,WIFI_DROP,
4.5328,12,STA,WIFI_DROP,
4.5328,21,STA,WIFI_DROP,
4.5352,4,STA,WIFI_DROP,
4.5352,7,STA,WIFI_DROP,
4.5352,9,STA,WIFI_DROP,
4.5352,12,STA,WIFI_DROP,
4.5352,21,STA,WIFI_DROP,
4.5376,4,STA,WIFI_DROP,
4.5376,7,STA,WIFI_DROP,
4.5376,9,STA,WIFI_DROP,
4.5376,12,STA,WIFI_DROP,
4.5376,21,STA,WIFI_DROP,
4.54,4,STA,WIFI_DROP,
4.54,7,STA,WIFI_DROP,
4.54,9,STA,WIFI_DROP,
4.54,12,STA,WIFI_DROP,
4.54,21,STA,WIFI_DROP,
4.5424,4,STA,WIFI_DROP,
4.5424,7,STA,WIFI_DROP,
4.5424,9,STA,WIFI_DROP,
4.5424,12,STA,WIFI_DROP,
4.5424,21,STA,WIFI_DROP,
4.5448,4,STA,WIFI_DROP,
4.5448,7,STA,WIFI_DROP,
4.5448,9,STA,WIFI_DROP,
4.5448,12,STA,WIFI_DROP,
4.5448,21,STA,WIFI_DROP,
4.5472,4,STA,WIFI_DROP,
4.5472,7,STA,WIFI_DROP,
4.5472,9,STA,WIFI_DROP,
4.5472,12,STA,WIFI_DROP,
4.5472,21,STA,WIFI_DROP,
4.5496,4,STA,WIFI_DROP,
4.5496,7,STA,WIFI_DROP,
4.5496,9,STA,WIFI_DROP,
4.5496,12,STA,WIFI_DROP,
4.5496,21,STA,WIFI_DROP,
4.552,4,STA,WIFI_DROP,
4.552,7,STA,WIFI_DROP,
4.552,9,STA,WIFI_DROP,
4.552,12,STA,WIFI_DROP,
4.552,21,STA,WIFI_DROP,
4.5544,4,STA,WIFI_DROP,
4.5544,7,STA,WIFI_DROP,
4.5544,9,STA,WIFI_DROP,
4.5544,12,STA,WIFI_DROP,
4.5544,21,STA,WIFI_DROP,
4.5568,4,STA,WIFI_DROP,
4.5568,7,STA,WIFI_DROP,
4.5568,9,STA,WIFI_DROP,
4.5568,12,STA,WIFI_DROP,
4.5568,21,STA,WIFI_DROP,
4.5592,4,STA,WIFI_DROP,
4.5592,7,STA,WIFI_DROP,
4.5592,9,STA,WIFI_DROP,
4.5592,12,STA,WIFI_DROP,
4.5592,21,STA,WIFI_DROP,
4.5616,4,STA,WIFI_DROP,
4.5616,7,STA,WIFI_DROP,
4.5616,9,STA,WIFI_DROP,
4.5616,12,STA,WIFI_DROP,
4.5616,21,STA,WIFI_DROP,
4.564,4,STA,WIFI_DROP,
4.564,7,STA,WIFI_DROP,
4.564,9,STA,WIFI_DROP,
4.564,12,STA,WIFI_DROP,
4.564,21,STA,WIFI_DROP,
4.5664,4,STA,WIFI_DROP,
4.5664,7,STA,WIFI_DROP,
4.5664,9,STA,WIFI_DROP,
4.5664,12,STA,WIFI_DROP,
4.5664,21,STA,WIFI_DROP,
4.5688,4,STA,WIFI_DROP,
4.5688,7,STA,WIFI_DROP,
4.5688,9,STA,WIFI_DROP,
4.5688,12,STA,WIFI_DROP,
4.5688,21,STA,WIFI_DROP,
4.5712,4,STA,WIFI_DROP,
4.5712,7,STA,WIFI_DROP,
4.5712,9,STA,WIFI_DROP,
4.5712,12,STA,WIFI_DROP,
4.5712,21,STA,WIFI_DROP,
4.5736,4,STA,WIFI_DROP,
4.5736,7,STA,WIFI_DROP,
4.5736,9,STA,WIFI_DROP,
4.5736,12,STA,WIFI_DROP,
4.5736,21,STA,WIFI_DROP,
4.576,4,STA,WIFI_DROP,
4.576,7,STA,WIFI_DROP,
4.576,9,STA,WIFI_DROP,
4.576,12,STA,WIFI_DROP,
4.576,21,STA,WIFI_DROP,
4.5784,4,STA,WIFI_DROP,
4.5784,7,STA,WIFI_DROP,
4.5784,9,STA,WIFI_DROP,
4.5784,12,STA,WIFI_DROP,
4.5784,21,STA,WIFI_DROP,
4.5808,4,STA,WIFI_DROP,
4.5808,7,STA,WIFI_DROP,
4.5808,9,STA,WIFI_DROP,
4.5808,12,STA,WIFI_DROP,
4.5808,21,STA,WIFI_DROP,
4.5832,4,STA,WIFI_DROP,
4.5832,7,STA,WIFI_DROP,
4.5832,9,STA,WIFI_DROP,
4.5832,12,STA,WIFI_DROP,
4.5832,21,STA,WIFI_DROP,
4.5856,4,STA,WIFI_DROP,
4.5856,7,STA,WIFI_DROP,
4.5856,9,STA,WIFI_DROP,
4.5856,12,STA,WIFI_DROP,
4.5856,21,STA,WIFI_DROP,
4.588,4,STA,WIFI_DROP,
4.588,7,STA,WIFI_DROP,
4.588,8,STA,WIFI_DROP,
4.588,9,STA,WIFI_DROP,
4.588,12,STA,WIFI_DROP,
4.588,21,STA,WIFI_DROP,
4.5904,4,STA,WIFI_DROP,
4.5904,7,STA,WIFI_DROP,
4.5904,8,STA,WIFI_DROP,
4.5904,9,STA,WIFI_DROP,
4.5904,12,STA,WIFI_DROP,
4.5904,21,STA,WIFI_DROP,
4.5928,4,STA,WIFI_DROP,
4.5928,7,STA,WIFI_DROP,
4.5928,8,STA,WIFI_DROP,
4.5928,9,STA,WIFI_DROP,
4.5928,12,STA,WIFI_DROP,
4.5928,21,STA,WIFI_DROP,
4.5952,4,STA,WIFI_DROP,
4.5952,7,STA,WIFI_DROP,
4.5952,8,STA,WIFI_DROP,
4.5952,9,STA,WIFI_DROP,
4.5952,12,STA,WIFI_DROP,
4.5952,21,STA,WIFI_DROP,
4.5976,4,STA,WIFI_DROP,
4.5976,7,STA,WIFI_DROP,
4.5976,8,STA,WIFI_DROP,
4.5976,9,STA,WIFI_DROP,
4.5976,12,STA,WIFI_DROP,
4.5976,21,STA,WIFI_DROP,
4.6,4,STA,WIFI_DROP,
4.6,7,STA,WIFI_DROP,
4.6,8,STA,WIFI_DROP,
4.6,9,STA,WIFI_DROP,
4.6,12,STA,WIFI_DROP,
4.6,21,STA,WIFI_DROP,
4.6024,4,STA,WIFI_DROP,
4.6024,7,STA,WIFI_DROP,
4.6024,8,STA,WIFI_DROP,
4.6024,9,STA,WIFI_DROP,
4.6024,12,STA,WIFI_DROP,
4.6024,21,STA,WIFI_DROP,
4.6048,4,STA,WIFI_DROP,
4.6048,7,STA,WIFI_DROP,
4.6048,8,STA,WIFI_DROP,
4.6048,9,STA,WIFI_DROP,
4.6048,12,STA,WIFI_DROP,
4.6048,21,STA,WIFI_DROP,
4.6072,4,STA,WIFI_DROP,
4.6072,7,STA,WIFI_DROP,
4.6072,8,STA,WIFI_DROP,
4.6072,9,STA,WIFI_DROP,
4.6072,12,STA,WIFI_DROP,
4.6072,21,STA,WIFI_DROP,
4.6096,4,STA,WIFI_DROP,
4.6096,7,STA,WIFI_DROP,
4.6096,8,STA,WIFI_DROP,
4.6096,9,STA,WIFI_DROP,
4.6096,12,STA,WIFI_DROP,
4.6096,21,STA,WIFI_DROP,
4.612,4,STA,WIFI_DROP,
4.612,7,STA,WIFI_DROP,
4.612,8,STA,WIFI_DROP,
4.612,9,STA,WIFI_DROP,
4.612,12,STA,WIFI_DROP,
4.612,21,STA,WIFI_DROP,
4.6144,4,STA,WIFI_DROP,
4.6144,7,STA,WIFI_DROP,
4.6144,8,STA,WIFI_DROP,
4.6144,9,STA,WIFI_DROP,
4.6144,12,STA,WIFI_DROP,
4.6144,21,STA,WIFI_DROP,
4.6168,4,STA,WIFI_DROP,
4.6168,7,STA,WIFI_DROP,
4.6168,8,STA,WIFI_DROP,
4.6168,9,STA,WIFI_DROP,
4.6168,12,STA,WIFI_DROP,
4.6168,21,STA,WIFI_DROP,
4.6192,4,STA,WIFI_DROP,
4.6192,7,STA,WIFI_DROP,
4.6192,8,STA,WIFI_DROP,
4.6192,9,STA,WIFI_DROP,
4.6192,12,STA,WIFI_DROP,
4.6192,21,STA,WIFI_DROP,
4.6216,4,STA,WIFI_DROP,
4.6216,7,STA,WIFI_DROP,
4.6216,8,STA,WIFI_DROP,
4.6216,12,STA,WIFI_DROP,
4.6216,21,STA,WIFI_DROP,
4.624,4,STA,WIFI_DROP,
4.624,7,STA,WIFI_DROP,
4.624,8,STA,WIFI_DROP,
4.624,12,STA,WIFI_DROP,
4.624,21,STA,WIFI_DROP,
4.6264,4,STA,WIFI_DROP,
4.6264,7,STA,WIFI_DROP,
4.6264,8,STA,WIFI_DROP,
4.6264,12,STA,WIFI_DROP,
4.6264,21,STA,WIFI_DROP,
4.6288,4,STA,WIFI_DROP,
4.6288,7,STA,WIFI_DROP,
4.6288,8,STA,WIFI_DROP,
4.6288,12,STA,WIFI_DROP,
4.6288,21,STA,WIFI_DROP,
4.6312,4,STA,WIFI_DROP,
4.6312,7,STA,WIFI_DROP,
4.6312,8,STA,WIFI_DROP,
4.6312,12,STA,WIFI_DROP,
4.6312,21,STA,WIFI_DROP,
4.6336,4,STA,WIFI_DROP,
4.6336,7,STA,WIFI_DROP,
4.6336,8,STA,WIFI_DROP,
4.6336,12,STA,WIFI_DROP,
4.6336,21,STA,WIFI_DROP,
4.636,4,STA,WIFI_DROP,
4.636,7,STA,WIFI_DROP,
4.636,8,STA,WIFI_DROP,
4.636,12,STA,WIFI_DROP,
4.636,21,STA,WIFI_DROP,
4.6384,7,STA,WIFI_DROP,
4.6384,8,STA,WIFI_DROP,
4.6384,12,STA,WIFI_DROP,
4.6384,21,STA,WIFI_DROP,
4.6408,7,STA,WIFI_DROP,
4.6408,8,STA,WIFI_DROP,
4.6408,12,STA,WIFI_DROP,
4.6408,21,STA,WIFI_DROP,
4.6432,7,STA,WIFI_DROP,
4.6432,8,STA,WIFI_DROP,
4.6432,12,STA,WIFI_DROP,
4.6432,21,STA,WIFI_DROP,
4.6456,7,STA,WIFI_DROP,
4.6456,8,STA,WIFI_DROP,
4.6456,12,STA,WIFI_DROP,
4.6456,21,STA,WIFI_DROP,
4.648,7,STA,WIFI_DROP,
4.648,8,STA,WIFI_DROP,
4.648,12,STA,WIFI_DROP,
4.648,21,STA,WIFI_DROP,
4.6504,7,STA,WIFI_DROP,
4.6504,8,STA,WIFI_DROP,
4.6504,12,STA,WIFI_DROP,
4.6504,21,STA,WIFI_DROP,
4.6528,7,STA,WIFI_DROP,
4.6528,8,STA,WIFI_DROP,
4.6528,12,STA,WIFI_DROP,
4.6528,21,STA,WIFI_DROP,
4.6552,7,STA,WIFI_DROP,
4.6552,8,STA,WIFI_DROP,
4.6552,12,STA,WIFI_DROP,
4.6552,21,STA,WIFI_DROP,
4.6576,7,STA,WIFI_DROP,
4.6576,8,STA,WIFI_DROP,
4.6576,12,STA,WIFI_DROP,
4.6576,21,STA,WIFI_DROP,
4.66,7,STA,WIFI_DROP,
4.66,8,STA,WIFI_DROP,
4.66,12,STA,WIFI_DROP,
4.66,21,STA,WIFI_DROP,
4.6624,7,STA,WIFI_DROP,
4.6624,8,STA,WIFI_DROP,
4.6624,12,STA,WIFI_DROP,
4.6624,21,STA,WIFI_DROP,
4.6648,7,STA,WIFI_DROP,
4.6648,8,STA,WIFI_DROP,
4.6648,12,STA,WIFI_DROP,
4.6648,21,STA,WIFI_DROP,
4.6672,7,STA,WIFI_DROP,
4.6672,8,STA,WIFI_DROP,
4.6672,12,STA,WIFI_DROP,
4.6672,21,STA,WIFI_DROP,
4.6696,7,STA,WIFI_DROP,
4.6696,8,STA,WIFI_DROP,
4.6696,12,STA,WIFI_DROP,
4.6696,21,STA,WIFI_DROP,
4.672,7,STA,WIFI_DROP,
4.672,8,STA,WIFI_DROP,
4.672,12,STA,WIFI_DROP,
4.672,21,STA,WIFI_DROP,
4.6744,7,STA,WIFI_DROP,
4.6744,8,STA,WIFI_DROP,
4.6744,12,STA,WIFI_DROP,
4.6744,21,STA,WIFI_DROP,
4.6768,7,STA,WIFI_DROP,
4.6768,8,STA,WIFI_DROP,
4.6768,12,STA,WIFI_DROP,
4.6768,21,STA,WIFI_DROP,
4.6792,7,STA,WIFI_DROP,
4.6792,8,STA,WIFI_DROP,
4.6792,12,STA,WIFI_DROP,
4.6792,21,STA,WIFI_DROP,
4.6816,7,STA,WIFI_DROP,
4.6816,8,STA,WIFI_DROP,
4.6816,12,STA,WIFI_DROP,
4.6816,21,STA,WIFI_DROP,
4.684,7,STA,WIFI_DROP,
4.684,8,STA,WIFI_DROP,
4.684,12,STA,WIFI_DROP,
4.684,21,STA,WIFI_DROP,
4.6864,7,STA,WIFI_DROP,
4.6864,8,STA,WIFI_DROP,
4.6864,21,STA,WIFI_DROP,
4.6888,7,STA,WIFI_DROP,
4.6888,8,STA,WIFI_DROP,
4.6888,21,STA,WIFI_DROP,
4.6912,7,STA,WIFI_DROP,
4.6912,8,STA,WIFI_DROP,
4.6912,21,STA,WIFI_DROP,
4.6936,7,STA,WIFI_DROP,
4.6936,8,STA,WIFI_DROP,
4.6936,21,STA,WIFI_DROP,
4.696,7,STA,WIFI_DROP,
4.696,8,STA,WIFI_DROP,
4.696,21,STA,WIFI_DROP,
4.6984,7,STA,WIFI_DROP,
4.6984,8,STA,WIFI_DROP,
4.6984,21,STA,WIFI_DROP,
4.7008,7,STA,WIFI_DROP,
4.7008,8,STA,WIFI_DROP,
4.7008,21,STA,WIFI_DROP,
4.7032,7,STA,WIFI_DROP,
4.7032,8,STA,WIFI_DROP,
4.7032,21,STA,WIFI_DROP,
4.7056,7,STA,WIFI_DROP,
4.7056,8,STA,WIFI_DROP,
4.7056,21,STA,WIFI_DROP,
4.708,7,STA,WIFI_DROP,
4.708,8,STA,WIFI_DROP,
4.708,21,STA,WIFI_DROP,
4.7104,7,STA,WIFI_DROP,
4.7104,8,STA,WIFI_DROP,
4.7104,21,STA,WIFI_DROP,
4.7128,7,STA,WIFI_DROP,
4.7128,8,STA,WIFI_DROP,
4.7128,21,STA,WIFI_DROP,
4.7152,7,STA,WIFI_DROP,
4.7152,8,STA,WIFI_DROP,
4.7152,21,STA,WIFI_DROP,
4.7176,7,STA,WIFI_DROP,
4.7176,8,STA,WIFI_DROP,
4.7176,21,STA,WIFI_DROP,
4.72,7,STA,WIFI_DROP,
4.72,8,STA,WIFI_DROP,
4.72,21,STA,WIFI_DROP,
4.7224,7,STA,WIFI_DROP,
4.7224,8,STA,WIFI_DROP,
4.7224,21,STA,WIFI_DROP,
4.7248,7,STA,WIFI_DROP,
4.7248,8,STA,WIFI_DROP,
4.7248,21,STA,WIFI_DROP,
4.7272,7,STA,WIFI_DROP,
4.7272,8,STA,WIFI_DROP,
4.7272,21,STA,WIFI_DROP,
4.7296,7,STA,WIFI_DROP,
4.7296,8,STA,WIFI_DROP,
4.7296,21,STA,WIFI_DROP,
4.732,7,STA,WIFI_DROP,
4.732,8,STA,WIFI_DROP,
4.732,21,STA,WIFI_DROP,
4.7344,7,STA,WIFI_DROP,
4.7344,8,STA,WIFI_DROP,
4.7368,7,STA,WIFI_DROP,
4.7368,8,STA,WIFI_DROP,
4.7392,7,STA,WIFI_DROP,
4.7392,8,STA,WIFI_DROP,
4.7416,7,STA,WIFI_DROP,
4.7416,8,STA,WIFI_DROP,
4.744,7,STA,WIFI_DROP,
4.744,8,STA,WIFI_DROP,
4.7464,7,STA,WIFI_DROP,
4.7464,8,STA,WIFI_DROP,
4.7488,7,STA,WIFI_DROP,
4.7488,8,STA,WIFI_DROP,
4.7512,7,STA,WIFI_DROP,
4.7512,8,STA,WIFI_DROP,
4.7536,7,STA,WIFI_DROP,
4.7536,8,STA,WIFI_DROP,
4.756,7,STA,WIFI_DROP,
4.756,8,STA,WIFI_DROP,
4.7584,7,STA,WIFI_DROP,
4.7584,8,STA,WIFI_DROP,
4.7608,7,STA,WIFI_DROP,
4.7608,8,STA,WIFI_DROP,
4.7632,7,STA,WIFI_DROP,
4.7632,8,STA,WIFI_DROP,
4.7656,7,STA,WIFI_DROP,
4.7656,8,STA,WIFI_DROP,
4.768,7,STA,WIFI_DROP,
4.768,8,STA,WIFI_DROP,
4.7704,7,STA,WIFI_DROP,
4.7704,8,STA,WIFI_DROP,
4.7728,7,STA,WIFI_DROP,
4.7728,8,STA,WIFI_DROP,
4.7752,7,STA,WIFI_DROP,
4.7752,8,STA,WIFI_DROP,
4.7776,7,STA,WIFI_DROP,
4.7776,8,STA,WIFI_DROP,
4.78,7,STA,WIFI_DROP,
4.78,8,STA,WIFI_DROP,
4.7824,7,STA,WIFI_DROP,
4.7824,8,STA,WIFI_DROP,
4.7848,7,STA,WIFI_DROP,
4.7848,8,STA,WIFI_DROP,
4.7872,7,STA,WIFI_DROP,
4.7872,8,STA,WIFI_DROP,
4.7896,7,STA,WIFI_DROP,
4.7896,8,STA,WIFI_DROP,
4.792,7,STA,WIFI_DROP,
4.792,8,STA,WIFI_DROP,
4.792,14,STA,WIFI_DROP,
4.792,19,STA,WIFI_DROP,
4.7944,7,STA,WIFI_DROP,
4.7944,8,STA,WIFI_DROP,
4.7944,14,STA,WIFI_DROP,
4.7944,19,STA,WIFI_DROP,
4.7968,7,STA,WIFI_DROP,
4.7968,8,STA,WIFI_DROP,
4.7968,14,STA,WIFI_DROP,
4.7968,19,STA,WIFI_DROP,
4.7992,7,STA,WIFI_DROP,
4.7992,8,STA,WIFI_DROP,
4.7992,14,STA,WIFI_DROP,
4.7992,19,STA,WIFI_DROP,
4.8016,7,STA,WIFI_DROP,
4.8016,8,STA,WIFI_DROP,
4.8016,14,STA,WIFI_DROP,
4.8016,19,STA,WIFI_DROP,
4.804,7,STA,WIFI_DROP,
4.804,8,STA,WIFI_DROP,
4.804,14,STA,WIFI_DROP,
4.804,19,STA,WIFI_DROP,
4.8064,7,STA,WIFI_DROP,
4.8064,8,STA,WIFI_DROP,
4.8064,14,STA,WIFI_DROP,
4.8064,19,STA,WIFI_DROP,
4.8088,7,STA,WIFI_DROP,
4.8088,8,STA,WIFI_DROP,
4.8088,14,STA,WIFI_DROP,
4.8088,19,STA,WIFI_DROP,
4.8112,7,STA,WIFI_DROP,
4.8112,8,STA,WIFI_DROP,
4.8112,14,STA,WIFI_DROP,
4.8112,19,STA,WIFI_DROP,
4.8136,7,STA,WIFI_DROP,
4.8136,8,STA,WIFI_DROP,
4.8136,14,STA,WIFI_DROP,
4.8136,19,STA,WIFI_DROP,
4.816,7,STA,WIFI_DROP,
4.816,8,STA,WIFI_DROP,
4.816,14,STA,WIFI_DROP,
4.816,19,STA,WIFI_DROP,
4.8184,7,STA,WIFI_DROP,
4.8184,8,STA,WIFI_DROP,
4.8184,14,STA,WIFI_DROP,
4.8184,19,STA,WIFI_DROP,
4.8208,7,STA,WIFI_DROP,
4.8208,8,STA,WIFI_DROP,
4.8208,14,STA,WIFI_DROP,
4.8208,19,STA,WIFI_DROP,
4.8232,7,STA,WIFI_DROP,
4.8232,8,STA,WIFI_DROP,
4.8232,14,STA,WIFI_DROP,
4.8232,19,STA,WIFI_DROP,
4.8256,7,STA,WIFI_DROP,
4.8256,8,STA,WIFI_DROP,
4.8256,14,STA,WIFI_DROP,
4.8256,19,STA,WIFI_DROP,
4.828,7,STA,WIFI_DROP,
4.828,8,STA,WIFI_DROP,
4.828,14,STA,WIFI_DROP,
4.828,19,STA,WIFI_DROP,
4.8304,7,STA,WIFI_DROP,
4.8304,8,STA,WIFI_DROP,
4.8304,14,STA,WIFI_DROP,
4.8304,19,STA,WIFI_DROP,
4.8328,7,STA,WIFI_DROP,
4.8328,8,STA,WIFI_DROP,
4.8328,14,STA,WIFI_DROP,
4.8328,19,STA,WIFI_DROP,
4.8352,7,STA,WIFI_DROP,
4.8352,8,STA,WIFI_DROP,
4.8352,14,STA,WIFI_DROP,
4.8352,19,STA,WIFI_DROP,
4.8376,7,STA,WIFI_DROP,
4.8376,8,STA,WIFI_DROP,
4.8376,14,STA,WIFI_DROP,
4.8376,19,STA,WIFI_DROP,
4.84,7,STA,WIFI_DROP,
4.84,8,STA,WIFI_DROP,
4.84,14,STA,WIFI_DROP,
4.84,19,STA,WIFI_DROP,
4.8424,7,STA,WIFI_DROP,
4.8424,8,STA,WIFI_DROP,
4.8424,14,STA,WIFI_DROP,
4.8424,19,STA,WIFI_DROP,
4.8448,7,STA,WIFI_DROP,
4.8448,8,STA,WIFI_DROP,
4.8448,14,STA,WIFI_DROP,
4.8448,19,STA,WIFI_DROP,
4.8472,7,STA,WIFI_DROP,
4.8472,8,STA,WIFI_DROP,
4.8472,14,STA,WIFI_DROP,
4.8472,19,STA,WIFI_DROP,
4.8496,7,STA,WIFI_DROP,
4.8496,8,STA,WIFI_DROP,
4.8496,14,STA,WIFI_DROP,
4.8496,19,STA,WIFI_DROP,
4.852,7,STA,WIFI_DROP,
4.852,8,STA,WIFI_DROP,
4.852,14,STA,WIFI_DROP,
4.852,19,STA,WIFI_DROP,
4.8544,7,STA,WIFI_DROP,
4.8544,8,STA,WIFI_DROP,
4.8544,14,STA,WIFI_DROP,
4.8544,19,STA,WIFI_DROP,
4.8568,7,STA,WIFI_DROP,
4.8568,8,STA,WIFI_DROP,
4.8568,14,STA,WIFI_DROP,
4.8568,19,STA,WIFI_DROP,
4.8592,7,STA,WIFI_DROP,
4.8592,8,STA,WIFI_DROP,
4.8592,14,STA,WIFI_DROP,
4.8592,19,STA,WIFI_DROP,
4.8616,7,STA,WIFI_DROP,
4.8616,8,STA,WIFI_DROP,
4.8616,14,STA,WIFI_DROP,
4.8616,19,STA,WIFI_DROP,
4.864,7,STA,WIFI_DROP,
4.864,8,STA,WIFI_DROP,
4.864,14,STA,WIFI_DROP,
4.864,19,STA,WIFI_DROP,
4.8664,7,STA,WIFI_DROP,
4.8664,8,STA,WIFI_DROP,
4.8664,14,STA,WIFI_DROP,
4.8664,19,STA,WIFI_DROP,
4.8688,7,STA,WIFI_DROP,
4.8688,8,STA,WIFI_DROP,
4.8688,14,STA,WIFI_DROP,
4.8688,19,STA,WIFI_DROP,
4.8712,7,STA,WIFI_DROP,
4.8712,8,STA,WIFI_DROP,
4.8712,14,STA,WIFI_DROP,
4.8712,19,STA,WIFI_DROP,
4.8736,7,STA,WIFI_DROP,
4.8736,8,STA,WIFI_DROP,
4.8736,14,STA,WIFI_DROP,
4.8736,19,STA,WIFI_DROP,
4.876,7,STA,WIFI_DROP,
4.876,8,STA,WIFI_DROP,
4.876,14,STA,WIFI_DROP,
4.876,19,STA,WIFI_DROP,
4.8784,7,STA,WIFI_DROP,
4.8784,8,STA,WIFI_DROP,
4.8784,14,STA,WIFI_DROP,
4.8784,19,STA,WIFI_DROP,
4.8808,7,STA,WIFI_DROP,
4.8808,8,STA,WIFI_DROP,
4.8808,14,STA,WIFI_DROP,
4.8808,19,STA,WIFI_DROP,
4.8832,7,STA,WIFI_DROP,
4.8832,8,STA,WIFI_DROP,
4.8832,14,STA,WIFI_DROP,
4.8832,19,STA,WIFI_DROP,
4.8856,7,STA,WIFI_DROP,
4.8856,8,STA,WIFI_DROP,
4.8856,14,STA,WIFI_DROP,
4.8856,19,STA,WIFI_DROP,
4.888,7,STA,WIFI_DROP,
4.888,8,STA,WIFI_DROP,
4.888,14,STA,WIFI_DROP,
4.888,19,STA,WIFI_DROP,
4.8904,7,STA,WIFI_DROP,
4.8904,8,STA,WIFI_DROP,
4.8904,14,STA,WIFI_DROP,
4.8904,19,STA,WIFI_DROP,
4.8928,7,STA,WIFI_DROP,
4.8928,8,STA,WIFI_DROP,
4.8928,14,STA,WIFI_DROP,
4.8928,19,STA,WIFI_DROP,
4.8952,7,STA,WIFI_DROP,
4.8952,8,STA,WIFI_DROP,
4.8952,14,STA,WIFI_DROP,
4.8952,19,STA,WIFI_DROP,
4.8976,7,STA,WIFI_DROP,
4.8976,8,STA,WIFI_DROP,
4.8976,14,STA,WIFI_DROP,
4.8976,19,STA,WIFI_DROP,
4.9,7,STA,WIFI_DROP,
4.9,8,STA,WIFI_DROP,
4.9,14,STA,WIFI_DROP,
4.9,19,STA,WIFI_DROP,
4.9024,7,STA,WIFI_DROP,
4.9024,8,STA,WIFI_DROP,
4.9024,14,STA,WIFI_DROP,
4.9024,19,STA,WIFI_DROP,
4.9048,7,STA,WIFI_DROP,
4.9048,8,STA,WIFI_DROP,
4.9048,14,STA,WIFI_DROP,
4.9048,19,STA,WIFI_DROP,
4.9072,7,STA,WIFI_DROP,
4.9072,8,STA,WIFI_DROP,
4.9072,14,STA,WIFI_DROP,
4.9072,19,STA,WIFI_DROP,
4.9096,7,STA,WIFI_DROP,
4.9096,8,STA,WIFI_DROP,
4.9096,14,STA,WIFI_DROP,
4.9096,19,STA,WIFI_DROP,
4.912,7,STA,WIFI_DROP,
4.912,8,STA,WIFI_DROP,
4.912,14,STA,WIFI_DROP,
4.912,19,STA,WIFI_DROP,
4.9144,7,STA,WIFI_DROP,
4.9144,8,STA,WIFI_DROP,
4.9144,14,STA,WIFI_DROP,
4.9144,19,STA,WIFI_DROP,
4.9168,7,STA,WIFI_DROP,
4.9168,8,STA,WIFI_DROP,
4.9168,14,STA,WIFI_DROP,
4.9168,19,STA,WIFI_DROP,
4.9192,7,STA,WIFI_DROP,
4.9192,8,STA,WIFI_DROP,
4.9192,14,STA,WIFI_DROP,
4.9192,19,STA,WIFI_DROP,
4.9216,7,STA,WIFI_DROP,
4.9216,8,STA,WIFI_DROP,
4.9216,14,STA,WIFI_DROP,
4.9216,19,STA,WIFI_DROP,
4.924,7,STA,WIFI_DROP,
4.924,8,STA,WIFI_DROP,
4.924,14,STA,WIFI_DROP,
4.924,19,STA,WIFI_DROP,
4.9264,7,STA,WIFI_DROP,
4.9264,8,STA,WIFI_DROP,
4.9264,14,STA,WIFI_DROP,
4.9264,19,STA,WIFI_DROP,
4.9288,7,STA,WIFI_DROP,
4.9288,8,STA,WIFI_DROP,
4.9288,14,STA,WIFI_DROP,
4.9288,19,STA,WIFI_DROP,
4.9312,7,STA,WIFI_DROP,
4.9312,8,STA,WIFI_DROP,
4.9312,14,STA,WIFI_DROP,
4.9312,19,STA,WIFI_DROP,
4.9336,7,STA,WIFI_DROP,
4.9336,8,STA,WIFI_DROP,
4.9336,14,STA,WIFI_DROP,
4.9336,19,STA,WIFI_DROP,
4.936,7,STA,WIFI_DROP,
4.936,8,STA,WIFI_DROP,
4.936,14,STA,WIFI_DROP,
4.936,19,STA,WIFI_DROP,
4.9384,7,STA,WIFI_DROP,
4.9384,8,STA,WIFI_DROP,
4.9384,14,STA,WIFI_DROP,
4.9384,19,STA,WIFI_DROP,
4.9408,7,STA,WIFI_DROP,
4.9408,8,STA,WIFI_DROP,
4.9408,14,STA,WIFI_DROP,
4.9408,19,STA,WIFI_DROP,
4.9432,7,STA,WIFI_DROP,
4.9432,8,STA,WIFI_DROP,
4.9432,14,STA,WIFI_DROP,
4.9432,19,STA,WIFI_DROP,
4.9456,7,STA,WIFI_DROP,
4.9456,8,STA,WIFI_DROP,
4.9456,14,STA,WIFI_DROP,
4.9456,19,STA,WIFI_DROP,
4.948,7,STA,WIFI_DROP,
4.948,8,STA,WIFI_DROP,
4.948,14,STA,WIFI_DROP,
4.948,19,STA,WIFI_DROP,
4.9504,7,STA,WIFI_DROP,
4.9504,8,STA,WIFI_DROP,
4.9504,14,STA,WIFI_DROP,
4.9504,19,STA,WIFI_DROP,
4.9528,7,STA,WIFI_DROP,
4.9528,8,STA,WIFI_DROP,
4.9528,14,STA,WIFI_DROP,
4.9528,19,STA,WIFI_DROP,
4.9552,7,STA,WIFI_DROP,
4.9552,8,STA,WIFI_DROP,
4.9552,14,STA,WIFI_DROP,
4.9552,19,STA,WIFI_DROP,
4.9576,7,STA,WIFI_DROP,
4.9576,8,STA,WIFI_DROP,
4.9576,14,STA,WIFI_DROP,
4.9576,19,STA,WIFI_DROP,
4.96,7,STA,WIFI_DROP,
4.96,8,STA,WIFI_DROP,
4.96,14,STA,WIFI_DROP,
4.96,19,STA,WIFI_DROP,
4.9624,7,STA,WIFI_DROP,
4.9624,8,STA,WIFI_DROP,
4.9624,14,STA,WIFI_DROP,
4.9624,19,STA,WIFI_DROP,
4.9648,7,STA,WIFI_DROP,
4.9648,8,STA,WIFI_DROP,
4.9648,14,STA,WIFI_DROP,
4.9648,19,STA,WIFI_DROP,
4.9672,7,STA,WIFI_DROP,
4.9672,8,STA,WIFI_DROP,
4.9672,14,STA,WIFI_DROP,
4.9672,19,STA,WIFI_DROP,
4.9696,7,STA,WIFI_DROP,
4.9696,8,STA,WIFI_DROP,
4.9696,14,STA,WIFI_DROP,
4.9696,19,STA,WIFI_DROP,
4.972,7,STA,WIFI_DROP,
4.972,8,STA,WIFI_DROP,
4.972,14,STA,WIFI_DROP,
4.972,19,STA,WIFI_DROP,
4.9744,7,STA,WIFI_DROP,
4.9744,8,STA,WIFI_DROP,
4.9744,14,STA,WIFI_DROP,
4.9744,19,STA,WIFI_DROP,
4.9768,7,STA,WIFI_DROP,
4.9768,8,STA,WIFI_DROP,
4.9768,14,STA,WIFI_DROP,
4.9768,19,STA,WIFI_DROP,
4.9792,7,STA,WIFI_DROP,
4.9792,8,STA,WIFI_DROP,
4.9792,14,STA,WIFI_DROP,
4.9792,19,STA,WIFI_DROP,
4.9816,7,STA,WIFI_DROP,
4.9816,8,STA,WIFI_DROP,
4.9816,14,STA,WIFI_DROP,
4.9816,19,STA,WIFI_DROP,
4.984,7,STA,WIFI_DROP,
4.984,8,STA,WIFI_DROP,
4.984,14,STA,WIFI_DROP,
4.984,19,STA,WIFI_DROP,
4.9864,7,STA,WIFI_DROP,
4.9864,8,STA,WIFI_DROP,
4.9864,14,STA,WIFI_DROP,
4.9864,19,STA,WIFI_DROP,
4.9888,7,STA,WIFI_DROP,
4.9888,8,STA,WIFI_DROP,
4.9888,14,STA,WIFI_DROP,
4.9888,19,STA,WIFI_DROP,
4.9912,7,STA,WIFI_DROP,
4.9912,8,STA,WIFI_DROP,
4.9912,14,STA,WIFI_DROP,
4.9912,19,STA,WIFI_DROP,
4.9936,7,STA,WIFI_DROP,
4.9936,8,STA,WIFI_DROP,
4.9936,14,STA,WIFI_DROP,
4.9936,19,STA,WIFI_DROP,
4.996,7,STA,WIFI_DROP,
4.996,8,STA,WIFI_DROP,
4.996,11,STA,WIFI_DROP,
4.996,13,STA,WIFI_DROP,
4.996,14,STA,WIFI_DROP,
4.996,19,STA,WIFI_DROP,
4.9984,7,STA,WIFI_DROP,
4.9984,8,STA,WIFI_DROP,
4.9984,11,STA,WIFI_DROP,
4.9984,13,STA,WIFI_DROP,
4.9984,14,STA,WIFI_DROP,
4.9984,19,STA,WIFI_DROP,
5,8,STA,THROUGHPUT_MBPS,0.396000
5,9,STA,THROUGHPUT_MBPS,0.300000
5,13,STA,THROUGHPUT_MBPS,0.348000
5,15,STA,THROUGHPUT_MBPS,0.384000
5,21,STA,THROUGHPUT_MBPS,0.300000
5,1,AP,AGGREGATE_THROUGHPUT_MBPS,1.728000
5,1,AP,SENT_COUNT,8340.000000
5,1,AP,RECV_COUNT,144.000000
5,1,AP,LATENCY_P95_MS,1987.284570
5.0008,7,STA,WIFI_DROP,
5.0008,8,STA,WIFI_DROP,
5.0008,11,STA,WIFI_DROP,
5.0008,13,STA,WIFI_DROP,
5.0008,14,STA,WIFI_DROP,
5.0008,19,STA,WIFI_DROP,
5.0032,7,STA,WIFI_DROP,
5.0032,8,STA,WIFI_DROP,
5.0032,11,STA,WIFI_DROP,
5.0032,13,STA,WIFI_DROP,
5.0032,14,STA,WIFI_DROP,
5.0032,19,STA,WIFI_DROP,
5.0056,7,STA,WIFI_DROP,
5.0056,8,STA,WIFI_DROP,
5.0056,11,STA,WIFI_DROP,
5.0056,13,STA,WIFI_DROP,
5.0056,14,STA,WIFI_DROP,
5.0056,19,STA,WIFI_DROP,
5.008,7,STA,WIFI_DROP,
5.008,8,STA,WIFI_DROP,
5.008,11,STA,WIFI_DROP,
5.008,13,STA,WIFI_DROP,
5.008,14,STA,WIFI_DROP,
5.008,19,STA,WIFI_DROP,
5.0104,7,STA,WIFI_DROP,
5.0104,8,STA,WIFI_DROP,
5.0104,11,STA,WIFI_DROP,
5.0104,13,STA,WIFI_DROP,
5.0104,14,STA,WIFI_DROP,
5.0104,19,STA,WIFI_DROP,
5.0128,7,STA,WIFI_DROP,
5.0128,8,STA,WIFI_DROP,
5.0128,11,STA,WIFI_DROP,
5.0128,13,STA,WIFI_DROP,
5.0128,14,STA,WIFI_DROP,
5.0128,19,STA,WIFI_DROP,
5.0152,7,STA,WIFI_DROP,
5.0152,8,STA,WIFI_DROP,
5.0152,11,STA,WIFI_DROP,
5.0152,13,STA,WIFI_DROP,
5.0152,14,STA,WIFI_DROP,
5.0152,19,STA,WIFI_DROP,
5.0176,7,STA,WIFI_DROP,
5.0176,8,STA,WIFI_DROP,
5.0176,11,STA,WIFI_DROP,
5.0176,13,STA,WIFI_DROP,
5.0176,14,STA,WIFI_DROP,
5.0176,19,STA,WIFI_DROP,
5.02,7,STA,WIFI_DROP,
5.02,8,STA,WIFI_DROP,
5.02,11,STA,WIFI_DROP,
5.02,13,STA,WIFI_DROP,
5.02,14,STA,WIFI_DROP,
5.02,19,STA,WIFI_DROP,
5.0224,7,STA,WIFI_DROP,
5.0224,8,STA,WIFI_DROP,
5.0224,11,STA,WIFI_DROP,
5.0224,13,STA,WIFI_DROP,
5.0224,14,STA,WIFI_DROP,
5.0224,19,STA,WIFI_DROP,
5.0248,7,STA,WIFI_DROP,
5.0248,8,STA,WIFI_DROP,
5.0248,11,STA,WIFI_DROP,
5.0248,13,STA,WIFI_DROP,
5.0248,14,STA,WIFI_DROP,
5.0248,19,STA,WIFI_DROP,
5.0272,7,STA,WIFI_DROP,
5.0272,8,STA,WIFI_DROP,
5.0272,11,STA,WIFI_DROP,
5.0272,13,STA,WIFI_DROP,
5.0272,14,STA,WIFI_DROP,
5.0272,19,STA,WIFI_DROP,
5.0296,7,STA,WIFI_DROP,
5.0296,8,STA,WIFI_DROP,
5.0296,11,STA,WIFI_DROP,
5.0296,13,STA,WIFI_DROP,
5.0296,14,STA,WIFI_DROP,
5.0296,19,STA,WIFI_DROP,
5.032,7,STA,WIFI_DROP,
5.032,8,STA,WIFI_DROP,
5.032,11,STA,WIFI_DROP,
5.032,13,STA,WIFI_DROP,
5.032,14,STA,WIFI_DROP,
5.032,19,STA,WIFI_DROP,
5.0344,7,STA,WIFI_DROP,
5.0344,8,STA,WIFI_DROP,
5.0344,11,STA,WIFI_DROP,
5.0344,13,STA,WIFI_DROP,
5.0344,14,STA,WIFI_DROP,
5.0344,19,STA,WIFI_DROP,
5.0368,7,STA,WIFI_DROP,
5.0368,8,STA,WIFI_DROP,
5.0368,11,STA,WIFI_DROP,
5.0368,13,STA,WIFI_DROP,
5.0368,14,STA,WIFI_DROP,
5.0368,19,STA,WIFI_DROP,
5.0392,7,STA,WIFI_DROP,
5.0392,8,STA,WIFI_DROP,
5.0392,11,STA,WIFI_DROP,
5.0392,13,STA,WIFI_DROP,
5.0392,14,STA,WIFI_DROP,
5.0392,19,STA,WIFI_DROP,
5.0416,7,STA,WIFI_DROP,
5.0416,8,STA,WIFI_DROP,
5.0416,11,STA,WIFI_DROP,
5.0416,13,STA,WIFI_DROP,
5.0416,14,STA,WIFI_DROP,
5.0416,19,STA,WIFI_DROP,
5.044,7,STA,WIFI_DROP,
5.044,8,STA,WIFI_DROP,
5.044,11,STA,WIFI_DROP,
5.044,13,STA,WIFI_DROP,
5.044,14,STA,WIFI_DROP,
5.044,19,STA,WIFI_DROP,
5.0464,7,STA,WIFI_DROP,
5.0464,8,STA,WIFI_DROP,
5.0464,11,STA,WIFI_DROP,
5.0464,13,STA,WIFI_DROP,
5.0464,14,STA,WIFI_DROP,
5.0464,19,STA,WIFI_DROP,
5.0488,7,STA,WIFI_DROP,
5.0488,8,STA,WIFI_DROP,
5.0488,11,STA,WIFI_DROP,
5.0488,13,STA,WIFI_DROP,
5.0488,14,STA,WIFI_DROP,
5.0488,19,STA,WIFI_DROP,
5.0512,7,STA,WIFI_DROP,
5.0512,8,STA,WIFI_DROP,
5.0512,11,STA,WIFI_DROP,
5.0512,13,STA,WIFI_DROP,
5.0512,14,STA,WIFI_DROP,
5.0512,19,STA,WIFI_DROP,
5.0536,7,STA,WIFI_DROP,
5.0536,8,STA,WIFI_DROP,
5.0536,11,STA,WIFI_DROP,
5.0536,13,STA,WIFI_DROP,
5.0536,14,STA,WIFI_DROP,
5.0536,19,STA,WIFI_DROP,
5.056,7,STA,WIFI_DROP,
5.056,8,STA,WIFI_DROP,
5.056,11,STA,WIFI_DROP,
5.056,13,STA,WIFI_DROP,
5.056,14,STA,WIFI_DROP,
5.056,19,STA,WIFI_DROP,
5.0584,7,STA,WIFI_DROP,
5.0584,8,STA,WIFI_DROP,
5.0584,11,STA,WIFI_DROP,
5.0584,13,STA,WIFI_DROP,
5.0584,14,STA,WIFI_DROP,
5.0584,19,STA,WIFI_DROP,
5.0608,7,STA,WIFI_DROP,
5.0608,8,STA,WIFI_DROP,
5.0608,11,STA,WIFI_DROP,
5.0608,13,STA,WIFI_DROP,
5.0608,14,STA,WIFI_DROP,
5.0608,19,STA,WIFI_DROP,
5.0632,7,STA,WIFI_DROP,
5.0632,8,STA,WIFI_DROP,
5.0632,11,STA,WIFI_DROP,
5.0632,13,STA,WIFI_DROP,
5.0632,14,STA,WIFI_DROP,
5.0632,19,STA,WIFI_DROP,
5.0656,7,STA,WIFI_DROP,
5.0656,8,STA,WIFI_DROP,
5.0656,11,STA,WIFI_DROP,
5.0656,13,STA,WIFI_DROP,
5.0656,14,STA,WIFI_DROP,
5.0656,19,STA,WIFI_DROP,
5.068,7,STA,WIFI_DROP,
5.068,8,STA,WIFI_DROP,
5.068,11,STA,WIFI_DROP,
5.068,13,STA,WIFI_DROP,
5.068,14,STA,WIFI_DROP,
5.068,19,STA,WIFI_DROP,
5.0704,7,STA,WIFI_DROP,
5.0704,8,STA,WIFI_DROP,
5.0704,11,STA,WIFI_DROP,
5.0704,13,STA,WIFI_DROP,
5.0704,14,STA,WIFI_DROP,
5.0704,19,STA,WIFI_DROP,
5.0728,7,STA,WIFI_DROP,
5.0728,8,STA,WIFI_DROP,
5.0728,11,STA,WIFI_DROP,
5.0728,13,STA,WIFI_DROP,
5.0728,14,STA,WIFI_DROP,
5.0728,19,STA,WIFI_DROP,
5.0752,7,STA,WIFI_DROP,
5.0752,8,STA,WIFI_DROP,
5.0752,11,STA,WIFI_DROP,
5.0752,13,STA,WIFI_DROP,
5.0752,14,STA,WIFI_DROP,
5.0752,19,STA,WIFI_DROP,
5.0776,7,STA,WIFI_DROP,
5.0776,8,STA,WIFI_DROP,
5.0776,11,STA,WIFI_DROP,
5.0776,13,STA,WIFI_DROP,
5.0776,14,STA,WIFI_DROP,
5.0776,19,STA,WIFI_DROP,
5.08,7,STA,WIFI_DROP,
5.08,8,STA,WIFI_DROP,
5.08,11,STA,WIFI_DROP,
5.08,13,STA,WIFI_DROP,
5.08,14,STA,WIFI_DROP,
5.08,19,STA,WIFI_DROP,
5.0824,7,STA,WIFI_DROP,
5.0824,8,STA,WIFI_DROP,
5.0824,11,STA,WIFI_DROP,
5.0824,13,STA,WIFI_DROP,
5.0824,14,STA,WIFI_DROP,
5.0824,19,STA,WIFI_DROP,
5.0848,7,STA,WIFI_DROP,
5.0848,8,STA,WIFI_DROP,
5.0848,11,STA,WIFI_DROP,
5.0848,13,STA,WIFI_DROP,
5.0848,14,STA,WIFI_DROP,
5.0848,19,STA,WIFI_DROP,
5.0872,7,STA,WIFI_DROP,
5.0872,8,STA,WIFI_DROP,
5.0872,11,STA,WIFI_DROP,
5.0872,13,STA,WIFI_DROP,
5.0872,14,STA,WIFI_DROP,
5.0872,19,STA,WIFI_DROP,
5.0896,7,STA,WIFI_DROP,
5.0896,8,STA,WIFI_DROP,
5.0896,11,STA,WIFI_DROP,
5.0896,13,STA,WIFI_DROP,
5.0896,14,STA,WIFI_DROP,
5.0896,19,STA,WIFI_DROP,
5.092,7,STA,WIFI_DROP,
5.092,8,STA,WIFI_DROP,
5.092,11,STA,WIFI_DROP,
5.092,13,STA,WIFI_DROP,
5.092,14,STA,WIFI_DROP,
5.092,19,STA,WIFI_DROP,
5.0944,7,STA,WIFI_DROP,
5.0944,8,STA,WIFI_DROP,
5.0944,11,STA,WIFI_DROP,
5.0944,13,STA,WIFI_DROP,
5.0944,14,STA,WIFI_DROP,
5.0944,19,STA,WIFI_DROP,
5.0968,7,STA,WIFI_DROP,
5.0968,8,STA,WIFI_DROP,
5.0968,11,STA,WIFI_DROP,
5.0968,13,STA,WIFI_DROP,
5.0968,14,STA,WIFI_DROP,
5.0968,19,STA,WIFI_DROP,
5.0992,7,STA,WIFI_DROP,
5.0992,8,STA,WIFI_DROP,
5.0992,11,STA,WIFI_DROP,
5.0992,13,STA,WIFI_DROP,
5.0992,14,STA,WIFI_DROP,
5.0992,16,STA,WIFI_DROP,
5.0992,17,STA,WIFI_DROP,
5.0992,19,STA,WIFI_DROP,
5.1016,7,STA,WIFI_DROP,
5.1016,8,STA,WIFI_DROP,
5.1016,11,STA,WIFI_DROP,
5.1016,13,STA,WIFI_DROP,
5.1016,14,STA,WIFI_DROP,
5.1016,16,STA,WIFI_DROP,
5.1016,17,STA,WIFI_DROP,
5.1016,19,STA,WIFI_DROP,
5.104,7,STA,WIFI_DROP,
5.104,8,STA,WIFI_DROP,
5.104,11,STA,WIFI_DROP,
5.104,13,STA,WIFI_DROP,
5.104,14,STA,WIFI_DROP,
5.104,16,STA,WIFI_DROP,
5.104,17,STA,WIFI_DROP,
5.104,19,STA,WIFI_DROP,
5.1064,7,STA,WIFI_DROP,
5.1064,8,STA,WIFI_DROP,
5.1064,11,STA,WIFI_DROP,
5.1064,13,STA,WIFI_DROP,
5.1064,14,STA,WIFI_DROP,
5.1064,16,STA,WIFI_DROP,
5.1064,17,STA,WIFI_DROP,
5.1064,19,STA,WIFI_DROP,
5.1088,7,STA,WIFI_DROP,
5.1088,8,STA,WIFI_DROP,
5.1088,11,STA,WIFI_DROP,
5.1088,13,STA,WIFI_DROP,
5.1088,14,STA,WIFI_DROP,
5.1088,16,STA,WIFI_DROP,
5.1088,17,STA,WIFI_DROP,
5.1088,19,STA,WIFI_DROP,
5.1112,7,STA,WIFI_DROP,
5.1112,8,STA,WIFI_DROP,
5.1112,11,STA,WIFI_DROP,
5.1112,13,STA,WIFI_DROP,
5.1112,14,STA,WIFI_DROP,
5.1112,16,STA,WIFI_DROP,
5.1112,17,STA,WIFI_DROP,
5.1112,19,STA,WIFI_DROP,
5.1136,7,STA,WIFI_DROP,
5.1136,8,STA,WIFI_DROP,
5.1136,11,STA,WIFI_DROP,
5.1136,13,STA,WIFI_DROP,
5.1136,14,STA,WIFI_DROP,
5.1136,16,STA,WIFI_DROP,
5.1136,17,STA,WIFI_DROP,
5.1136,19,STA,WIFI_DROP,
5.116,7,STA,WIFI_DROP,
5.116,8,STA,WIFI_DROP,
5.116,11,STA,WIFI_DROP,
5.116,13,STA,WIFI_DROP,
5.116,14,STA,WIFI_DROP,
5.116,16,STA,WIFI_DROP,
5.116,17,STA,WIFI_DROP,
5.116,19,STA,WIFI_DROP,
5.1184,7,STA,WIFI_DROP,
5.1184,8,STA,WIFI_DROP,
5.1184,11,STA,WIFI_DROP,
5.1184,13,STA,WIFI_DROP,
5.1184,14,STA,WIFI_DROP,
5.1184,16,STA,WIFI_DROP,
5.1184,17,STA,WIFI_DROP,
5.1184,19,STA,WIFI_DROP,
5.1208,7,STA,WIFI_DROP,
5.1208,8,STA,WIFI_DROP,
5.1208,11,STA,WIFI_DROP,
5.1208,13,STA,WIFI_DROP,
5.1208,14,STA,WIFI_DROP,
5.1208,16,STA,WIFI_DROP,
5.1208,17,STA,WIFI_DROP,
5.1208,19,STA,WIFI_DROP,
5.1232,7,STA,WIFI_DROP,
5.1232,8,STA,WIFI_DROP,
5.1232,11,STA,WIFI_DROP,
5.1232,13,STA,WIFI_DROP,
5.1232,14,STA,WIFI_DROP,
5.1232,16,STA,WIFI_DROP,
5.1232,17,STA,WIFI_DROP,
5.1232,19,STA,WIFI_DROP,
5.1256,7,STA,WIFI_DROP,
5.1256,8,STA,WIFI_DROP,
5.1256,11,STA,WIFI_DROP,
5.1256,13,STA,WIFI_DROP,
5.1256,14,STA,WIFI_DROP,
5.1256,16,STA,WIFI_DROP,
5.1256,17,STA,WIFI_DROP,
5.1256,19,STA,WIFI_DROP,
5.128,7,STA,WIFI_DROP,
5.128,8,STA,WIFI_DROP,
5.128,11,STA,WIFI_DROP,
5.128,13,STA,WIFI_DROP,
5.128,14,STA,WIFI_DROP,
5.128,16,STA,WIFI_DROP,
5.128,17,STA,WIFI_DROP,
5.128,19,STA,WIFI_DROP,
5.1304,7,STA,WIFI_DROP,
5.1304,8,STA,WIFI_DROP,
5.1304,11,STA,WIFI_DROP,
5.1304,13,STA,WIFI_DROP,
5.1304,14,STA,WIFI_DROP,
5.1304,16,STA,WIFI_DROP,
5.1304,17,STA,WIFI_DROP,
5.1304,19,STA,WIFI_DROP,
5.1328,7,STA,WIFI_DROP,
5.1328,8,STA,WIFI_DROP,
5.1328,11,STA,WIFI_DROP,
5.1328,13,STA,WIFI_DROP,
5.1328,14,STA,WIFI_DROP,
5.1328,16,STA,WIFI_DROP,
5.1328,17,STA,WIFI_DROP,
5.1328,19,STA,WIFI_DROP,
5.1352,7,STA,WIFI_DROP,
5.1352,8,STA,WIFI_DROP,
5.1352,11,STA,WIFI_DROP,
5.1352,13,STA,WIFI_DROP,
5.1352,14,STA,WIFI_DROP,
5.1352,16,STA,WIFI_DROP,
5.1352,17,STA,WIFI_DROP,
5.1352,19,STA,WIFI_DROP,
5.1376,7,STA,WIFI_DROP,
5.1376,8,STA,WIFI_DROP,
5.1376,11,STA,WIFI_DROP,
5.1376,13,STA,WIFI_DROP,
5.1376,14,STA,WIFI_DROP,
5.1376,16,STA,WIFI_DROP,
5.1376,17,STA,WIFI_DROP,
5.1376,19,STA,WIFI_DROP,
5.14,7,STA,WIFI_DROP,
5.14,8,STA,WIFI_DROP,
5.14,11,STA,WIFI_DROP,
5.14,13,STA,WIFI_DROP,
5.14,14,STA,WIFI_DROP,
5.14,16,STA,WIFI_DROP,
5.14,17,STA,WIFI_DROP,
5.14,19,STA,WIFI_DROP,
5.1424,7,STA,WIFI_DROP,
5.1424,8,STA,WIFI_DROP,
5.1424,11,STA,WIFI_DROP,
5.1424,13,STA,WIFI_DROP,
5.1424,14,STA,WIFI_DROP,
5.1424,16,STA,WIFI_DROP,
5.1424,17,STA,WIFI_DROP,
5.1424,19,STA,WIFI_DROP,
5.1448,7,STA,WIFI_DROP,
5.1448,8,STA,WIFI_DROP,
5.1448,11,STA,WIFI_DROP,
5.1448,13,STA,WIFI_DROP,
5.1448,14,STA,WIFI_DROP,
5.1448,16,STA,WIFI_DROP,
5.1448,17,STA,WIFI_DROP,
5.1448,19,STA,WIFI_DROP,
5.1472,7,STA,WIFI_DROP,
5.1472,8,STA,WIFI_DROP,
5.1472,11,STA,WIFI_DROP,
5.1472,13,STA,WIFI_DROP,
5.1472,14,STA,WIFI_DROP,
5.1472,16,STA,WIFI_DROP,
5.1472,17,STA,WIFI_DROP,
5.1472,19,STA,WIFI_DROP,
5.1496,7,STA,WIFI_DROP,
5.1496,8,STA,WIFI_DROP,
5.1496,13,STA,WIFI_DROP,
5.1496,14,STA,WIFI_DROP,
5.1496,16,STA,WIFI_DROP,
5.1496,17,STA,WIFI_DROP,
5.1496,19,STA,WIFI_DROP,
5.152,7,STA,WIFI_DROP,
5.152,8,STA,WIFI_DROP,
5.152,13,STA,WIFI_DROP,
5.152,14,STA,WIFI_DROP,
5.152,16,STA,WIFI_DROP,
5.152,17,STA,WIFI_DROP,
5.152,19,STA,WIFI_DROP,
5.1544,7,STA,WIFI_DROP,
5.1544,8,STA,WIFI_DROP,
5.1544,13,STA,WIFI_DROP,
5.1544,14,STA,WIFI_DROP,
5.1544,16,STA,WIFI_DROP,
5.1544,17,STA,WIFI_DROP,
5.1544,19,STA,WIFI_DROP,
5.1568,7,STA,WIFI_DROP,
5.1568,8,STA,WIFI_DROP,
5.1568,13,STA,WIFI_DROP,
5.1568,14,STA,WIFI_DROP,
5.1568,16,STA,WIFI_DROP,
5.1568,17,STA,WIFI_DROP,
5.1568,19,STA,WIFI_DROP,
5.1592,7,STA,WIFI_DROP,
5.1592,8,STA,WIFI_DROP,
5.1592,13,STA,WIFI_DROP,
5.1592,14,STA,WIFI_DROP,
5.1592,16,STA,WIFI_DROP,
5.1592,17,STA,WIFI_DROP,
5.1592,19,STA,WIFI_DROP,
5.1616,7,STA,WIFI_DROP,
5.1616,8,STA,WIFI_DROP,
5.1616,13,STA,WIFI_DROP,
5.1616,14,STA,WIFI_DROP,
5.1616,16,STA,WIFI_DROP,
5.1616,17,STA,WIFI_DROP,
5.1616,19,STA,WIFI_DROP,
5.164,7,STA,WIFI_DROP,
5.164,8,STA,WIFI_DROP,
5.164,13,STA,WIFI_DROP,
5.164,14,STA,WIFI_DROP,
5.164,16,STA,WIFI_DROP,
5.164,17,STA,WIFI_DROP,
5.164,19,STA,WIFI_DROP,
5.1664,7,STA,WIFI_DROP,
5.1664,8,STA,WIFI_DROP,
5.1664,13,STA,WIFI_DROP,
5.1664,14,STA,WIFI_DROP,
5.1664,16,STA,WIFI_DROP,
5.1664,17,STA,WIFI_DROP,
5.1664,19,STA,WIFI_DROP,
5.1688,7,STA,WIFI_DROP,
5.1688,8,STA,WIFI_DROP,
5.1688,13,STA,WIFI_DROP,
5.1688,14,STA,WIFI_DROP,
5.1688,16,STA,WIFI_DROP,
5.1688,17,STA,WIFI_DROP,
5.1688,19,STA,WIFI_DROP,
5.1712,7,STA,WIFI_DROP,
5.1712,8,STA,WIFI_DROP,
5.1712,13,STA,WIFI_DROP,
5.1712,14,STA,WIFI_DROP,
5.1712,16,STA,WIFI_DROP,
5.1712,17,STA,WIFI_DROP,
5.1712,19,STA,WIFI_DROP,
5.1736,7,STA,WIFI_DROP,
5.1736,8,STA,WIFI_DROP,
5.1736,13,STA,WIFI_DROP,
5.1736,14,STA,WIFI_DROP,
5.1736,16,STA,WIFI_DROP,
5.1736,17,STA,WIFI_DROP,
5.1736,19,STA,WIFI_DROP,
5.176,7,STA,WIFI_DROP,
5.176,8,STA,WIFI_DROP,
5.176,13,STA,WIFI_DROP,
5.176,14,STA,WIFI_DROP,
5.176,16,STA,WIFI_DROP,
5.176,17,STA,WIFI_DROP,
5.176,19,STA,WIFI_DROP,
5.1784,7,STA,WIFI_DROP,
5.1784,8,STA,WIFI_DROP,
5.1784,13,STA,WIFI_DROP,
5.1784,14,STA,WIFI_DROP,
5.1784,16,STA,WIFI_DROP,
5.1784,17,STA,WIFI_DROP,
5.1784,19,STA,WIFI_DROP,
5.1808,7,STA,WIFI_DROP,
5.1808,8,STA,WIFI_DROP,
5.1808,13,STA,WIFI_DROP,
5.1808,14,STA,WIFI_DROP,
5.1808,16,STA,WIFI_DROP,
5.1808,17,STA,WIFI_DROP,
5.1808,19,STA,WIFI_DROP,
5.1832,7,STA,WIFI_DROP,
5.1832,8,STA,WIFI_DROP,
5.1832,13,STA,WIFI_DROP,
5.1832,14,STA,WIFI_DROP,
5.1832,16,STA,WIFI_DROP,
5.1832,17,STA,WIFI_DROP,
5.1832,19,STA,WIFI_DROP,
5.1856,7,STA,WIFI_DROP,
5.1856,8,STA,WIFI_DROP,
5.1856,13,STA,WIFI_DROP,
5.1856,14,STA,WIFI_DROP,
5.1856,16,STA,WIFI_DROP,
5.1856,17,STA,WIFI_DROP,
5.1856,19,STA,WIFI_DROP,
5.188,7,STA,WIFI_DROP,
5.188,8,STA,WIFI_DROP,
5.188,13,STA,WIFI_DROP,
5.188,14,STA,WIFI_DROP,
5.188,16,STA,WIFI_DROP,
5.188,17,STA,WIFI_DROP,
5.188,19,STA,WIFI_DROP,
5.1904,7,STA,WIFI_DROP,
5.1904,8,STA,WIFI_DROP,
5.1904,13,STA,WIFI_DROP,
5.1904,14,STA,WIFI_DROP,
5.1904,16,STA,WIFI_DROP,
5.1904,17,STA,WIFI_DROP,
5.1904,19,STA,WIFI_DROP,
5.1928,7,STA,WIFI_DROP,
5.1928,8,STA,WIFI_DROP,
5.1928,13,STA,WIFI_DROP,
5.1928,14,STA,WIFI_DROP,
5.1928,16,STA,WIFI_DROP,
5.1928,17,STA,WIFI_DROP,
5.1928,19,STA,WIFI_DROP,
5.1952,7,STA,WIFI_DROP,
5.1952,8,STA,WIFI_DROP,
5.1952,13,STA,WIFI_DROP,
5.1952,14,STA,WIFI_DROP,
5.1952,16,STA,WIFI_DROP,
5.1952,17,STA,WIFI_DROP,
5.1952,19,STA,WIFI_DROP,
5.1976,7,STA,WIFI_DROP,
5.1976,8,STA,WIFI_DROP,
5.1976,13,STA,WIFI_DROP,
5.1976,16,STA,WIFI_DROP,
5.1976,17,STA,WIFI_DROP,
5.1976,19,STA,WIFI_DROP,
5.2,7,STA,WIFI_DROP,
5.2,8,STA,WIFI_DROP,
5.2,13,STA,WIFI_DROP,
5.2,16,STA,WIFI_DROP,
5.2,17,STA,WIFI_DROP,
5.2,19,STA,WIFI_DROP,
5.2024,7,STA,WIFI_DROP,
5.2024,8,STA,WIFI_DROP,
5.2024,10,STA,WIFI_DROP,
5.2024,13,STA,WIFI_DROP,
5.2024,16,STA,WIFI_DROP,
5.2024,17,STA,WIFI_DROP,
5.2024,19,STA,WIFI_DROP,
5.2048,7,STA,WIFI_DROP,
5.2048,8,STA,WIFI_DROP,
5.2048,10,STA,WIFI_DROP,
5.2048,13,STA,WIFI_DROP,
5.2048,16,STA,WIFI_DROP,
5.2048,17,STA,WIFI_DROP,
5.2048,19,STA,WIFI_DROP,
5.2072,7,STA,WIFI_DROP,
5.2072,8,STA,WIFI_DROP,
5.2072,10,STA,WIFI_DROP,
5.2072,13,STA,WIFI_DROP,
5.2072,16,STA,WIFI_DROP,
5.2072,17,STA,WIFI_DROP,
5.2072,19,STA,WIFI_DROP,
5.2096,7,STA,WIFI_DROP,
5.2096,8,STA,WIFI_DROP,
5.2096,10,STA,WIFI_DROP,
5.2096,13,STA,WIFI_DROP,
5.2096,16,STA,WIFI_DROP,
5.2096,17,STA,WIFI_DROP,
5.2096,19,STA,WIFI_DROP,
5.212,7,STA,WIFI_DROP,
5.212,8,STA,WIFI_DROP,
5.212,10,STA,WIFI_DROP,
5.212,13,STA,WIFI_DROP,
5.212,16,STA,WIFI_DROP,
5.212,17,STA,WIFI_DROP,
5.212,19,STA,WIFI_DROP,
5.2144,7,STA,WIFI_DROP,
5.2144,8,STA,WIFI_DROP,
5.2144,10,STA,WIFI_DROP,
5.2144,13,STA,WIFI_DROP,
5.2144,16,STA,WIFI_DROP,
5.2144,17,STA,WIFI_DROP,
5.2144,19,STA,WIFI_DROP,
5.2168,7,STA,WIFI_DROP,
5.2168,8,STA,WIFI_DROP,
5.2168,10,STA,WIFI_DROP,
5.2168,13,STA,WIFI_DROP,
5.2168,16,STA,WIFI_DROP,
5.2168,17,STA,WIFI_DROP,
5.2168,19,STA,WIFI_DROP,
5.2192,7,STA,WIFI_DROP,
5.2192,8,STA,WIFI_DROP,
5.2192,10,STA,WIFI_DROP,
5.2192,13,STA,WIFI_DROP,
5.2192,16,STA,WIFI_DROP,
5.2192,17,STA,WIFI_DROP,
5.2192,19,STA,WIFI_DROP,
5.2216,7,STA,WIFI_DROP,
5.2216,8,STA,WIFI_DROP,
5.2216,10,STA,WIFI_DROP,
5.2216,13,STA,WIFI_DROP,
5.2216,16,STA,WIFI_DROP,
5.2216,17,STA,WIFI_DROP,
5.2216,19,STA,WIFI_DROP,
5.224,7,STA,WIFI_DROP,
5.224,8,STA,WIFI_DROP,
5.224,10,STA,WIFI_DROP,
5.224,13,STA,WIFI_DROP,
5.224,16,STA,WIFI_DROP,
5.224,17,STA,WIFI_DROP,
5.224,19,STA,WIFI_DROP,
5.2264,7,STA,WIFI_DROP,
5.2264,8,STA,WIFI_DROP,
5.2264,10,STA,WIFI_DROP,
5.2264,13,STA,WIFI_DROP,
5.2264,16,STA,WIFI_DROP,
5.2264,17,STA,WIFI_DROP,
5.2264,19,STA,WIFI_DROP,
5.2288,7,STA,WIFI_DROP,
5.2288,8,STA,WIFI_DROP,
5.2288,10,STA,WIFI_DROP,
5.2288,13,STA,WIFI_DROP,
5.2288,16,STA,WIFI_DROP,
5.2288,17,STA,WIFI_DROP,
5.2288,19,STA,WIFI_DROP,
5.2312,7,STA,WIFI_DROP,
5.2312,8,STA,WIFI_DROP,
5.2312,10,STA,WIFI_DROP,
5.2312,13,STA,WIFI_DROP,
5.2312,16,STA,WIFI_DROP,
5.2312,17,STA,WIFI_DROP,
5.2312,19,STA,WIFI_DROP,
5.2336,7,STA,WIFI_DROP,
5.2336,8,STA,WIFI_DROP,
5.2336,10,STA,WIFI_DROP,
5.2336,13,STA,WIFI_DROP,
5.2336,16,STA,WIFI_DROP,
5.2336,17,STA,WIFI_DROP,
5.2336,19,STA,WIFI_DROP,
5.236,7,STA,WIFI_DROP,
5.236,8,STA,WIFI_DROP,
5.236,10,STA,WIFI_DROP,
5.236,13,STA,WIFI_DROP,
5.236,16,STA,WIFI_DROP,
5.236,17,STA,WIFI_DROP,
5.236,19,STA,WIFI_DROP,
5.2384,7,STA,WIFI_DROP,
5.2384,8,STA,WIFI_DROP,
5.2384,10,STA,WIFI_DROP,
5.2384,13,STA,WIFI_DROP,
5.2384,16,STA,WIFI_DROP,
5.2384,17,STA,WIFI_DROP,
5.2384,19,STA,WIFI_DROP,
5.2408,7,STA,WIFI_DROP,
5.2408,8,STA,WIFI_DROP,
5.2408,10,STA,WIFI_DROP,
5.2408,13,STA,WIFI_DROP,
5.2408,16,STA,WIFI_DROP,
5.2408,17,STA,WIFI_DROP,
5.2408,19,STA,WIFI_DROP,
5.2432,7,STA,WIFI_DROP,
5.2432,8,STA,WIFI_DROP,
5.2432,10,STA,WIFI_DROP,
5.2432,13,STA,WIFI_DROP,
5.2432,16,STA,WIFI_DROP,
5.2432,17,STA,WIFI_DROP,
5.2432,19,STA,WIFI_DROP,
5.2456,7,STA,WIFI_DROP,
5.2456,8,STA,WIFI_DROP,
5.2456,10,STA,WIFI_DROP,
5.2456,13,STA,WIFI_DROP,
5.2456,16,STA,WIFI_DROP,
5.2456,17,STA,WIFI_DROP,
5.2456,19,STA,WIFI_DROP,
5.248,7,STA,WIFI_DROP,
5.248,8,STA,WIFI_DROP,
5.248,10,STA,WIFI_DROP,
5.248,13,STA,WIFI_DROP,
5.248,16,STA,WIFI_DROP,
5.248,17,STA,WIFI_DROP,
5.248,19,STA,WIFI_DROP,
5.2504,7,STA,WIFI_DROP,
5.2504,8,STA,WIFI_DROP,
5.2504,10,STA,WIFI_DROP,
5.2504,13,STA,WIFI_DROP,
5.2504,16,STA,WIFI_DROP,
5.2504,17,STA,WIFI_DROP,
5.2504,19,STA,WIFI_DROP,
5.2528,7,STA,WIFI_DROP,
5.2528,8,STA,WIFI_DROP,
5.2528,13,STA,WIFI_DROP,
5.2528,16,STA,WIFI_DROP,
5.2528,17,STA,WIFI_DROP,
5.2528,19,STA,WIFI_DROP,
5.2552,7,STA,WIFI_DROP,
5.2552,8,STA,WIFI_DROP,
5.2552,13,STA,WIFI_DROP,
5.2552,16,STA,WIFI_DROP,
5.2552,17,STA,WIFI_DROP,
5.2552,19,STA,WIFI_DROP,
5.2576,7,STA,WIFI_DROP,
5.2576,8,STA,WIFI_DROP,
5.2576,13,STA,WIFI_DROP,
5.2576,16,STA,WIFI_DROP,
5.2576,17,STA,WIFI_DROP,
5.2576,19,STA,WIFI_DROP,
5.26,7,STA,WIFI_DROP,
5.26,8,STA,WIFI_DROP,
5.26,13,STA,WIFI_DROP,
5.26,16,STA,WIFI_DROP,
5.26,17,STA,WIFI_DROP,
5.26,19,STA,WIFI_DROP,
5.2624,7,STA,WIFI_DROP,
5.2624,8,STA,WIFI_DROP,
5.2624,13,STA,WIFI_DROP,
5.2624,16,STA,WIFI_DROP,
5.2624,17,STA,WIFI_DROP,
5.2624,19,STA,WIFI_DROP,
5.2648,7,STA,WIFI_DROP,
5.2648,8,STA,WIFI_DROP,
5.2648,13,STA,WIFI_DROP,
5.2648,16,STA,WIFI_DROP,
5.2648,17,STA,WIFI_DROP,
5.2648,19,STA,WIFI_DROP,
5.2672,7,STA,WIFI_DROP,
5.2672,8,STA,WIFI_DROP,
5.2672,13,STA,WIFI_DROP,
5.2672,16,STA,WIFI_DROP,
5.2672,17,STA,WIFI_DROP,
5.2672,19,STA,WIFI_DROP,
5.2696,7,STA,WIFI_DROP,
5.2696,8,STA,WIFI_DROP,
5.2696,13,STA,WIFI_DROP,
5.2696,16,STA,WIFI_DROP,
5.2696,17,STA,WIFI_DROP,
5.2696,19,STA,WIFI_DROP,
5.272,7,STA,WIFI_DROP,
5.272,8,STA,WIFI_DROP,
5.272,13,STA,WIFI_DROP,
5.272,16,STA,WIFI_DROP,
5.272,17,STA,WIFI_DROP,
5.272,19,STA,WIFI_DROP,
5.2744,7,STA,WIFI_DROP,
5.2744,8,STA,WIFI_DROP,
5.2744,13,STA,WIFI_DROP,
5.2744,16,STA,WIFI_DROP,
5.2744,17,STA,WIFI_DROP,
5.2744,19,STA,WIFI_DROP,
5.2768,7,STA,WIFI_DROP,
5.2768,8,STA,WIFI_DROP,
5.2768,13,STA,WIFI_DROP,
5.2768,16,STA,WIFI_DROP,
5.2768,17,STA,WIFI_DROP,
5.2768,19,STA,WIFI_DROP,
5.2792,7,STA,WIFI_DROP,
5.2792,8,STA,WIFI_DROP,
5.2792,13,STA,WIFI_DROP,
5.2792,16,STA,WIFI_DROP,
5.2792,17,STA,WIFI_DROP,
5.2792,19,STA,WIFI_DROP,
5.2816,7,STA,WIFI_DROP,
5.2816,8,STA,WIFI_DROP,
5.2816,13,STA,WIFI_DROP,
5.2816,16,STA,WIFI_DROP,
5.2816,17,STA,WIFI_DROP,
5.2816,19,STA,WIFI_DROP,
5.284,7,STA,WIFI_DROP,
5.284,8,STA,WIFI_DROP,
5.284,13,STA,WIFI_DROP,
5.284,16,STA,WIFI_DROP,
5.284,17,STA,WIFI_DROP,
5.284,19,STA,WIFI_DROP,
5.2864,7,STA,WIFI_DROP,
5.2864,8,STA,WIFI_DROP,
5.2864,13,STA,WIFI_DROP,
5.2864,16,STA,WIFI_DROP,
5.2864,17,STA,WIFI_DROP,
5.2864,19,STA,WIFI_DROP,
5.2888,7,STA,WIFI_DROP,
5.2888,8,STA,WIFI_DROP,
5.2888,13,STA,WIFI_DROP,
5.2888,16,STA,WIFI_DROP,
5.2888,17,STA,WIFI_DROP,
5.2888,19,STA,WIFI_DROP,
5.2912,7,STA,WIFI_DROP,
5.2912,8,STA,WIFI_DROP,
5.2912,13,STA,WIFI_DROP,
5.2912,16,STA,WIFI_DROP,
5.2912,17,STA,WIFI_DROP,
5.2912,19,STA,WIFI_DROP,
5.2936,7,STA,WIFI_DROP,
5.2936,8,STA,WIFI_DROP,
5.2936,13,STA,WIFI_DROP,
5.2936,16,STA,WIFI_DROP,
5.2936,17,STA,WIFI_DROP,
5.2936,19,STA,WIFI_DROP,
5.296,7,STA,WIFI_DROP,
5.296,8,STA,WIFI_DROP,
5.296,13,STA,WIFI_DROP,
5.296,16,STA,WIFI_DROP,
5.296,17,STA,WIFI_DROP,
5.296,19,STA,WIFI_DROP,
5.2984,7,STA,WIFI_DROP,
5.2984,8,STA,WIFI_DROP,
5.2984,13,STA,WIFI_DROP,
5.2984,16,STA,WIFI_DROP,
5.2984,17,STA,WIFI_DROP,
5.2984,19,STA,WIFI_DROP,
5.3008,7,STA,WIFI_DROP,
5.3008,8,STA,WIFI_DROP,
5.3008,13,STA,WIFI_DROP,
5.3008,16,STA,WIFI_DROP,
5.3008,17,STA,WIFI_DROP,
5.3008,19,STA,WIFI_DROP,
5.3032,7,STA,WIFI_DROP,
5.3032,8,STA,WIFI_DROP,
5.3032,13,STA,WIFI_DROP,
5.3032,16,STA,WIFI_DROP,
5.3032,17,STA,WIFI_DROP,
5.3032,19,STA,WIFI_DROP,
5.3056,7,STA,WIFI_DROP,
5.3056,8,STA,WIFI_DROP,
5.3056,13,STA,WIFI_DROP,
5.3056,16,STA,WIFI_DROP,
5.3056,17,STA,WIFI_DROP,
5.3056,19,STA,WIFI_DROP,
5.308,7,STA,WIFI_DROP,
5.308,8,STA,WIFI_DROP,
5.308,13,STA,WIFI_DROP,
5.308,16,STA,WIFI_DROP,
5.308,17,STA,WIFI_DROP,
5.308,19,STA,WIFI_DROP,
5.3104,7,STA,WIFI_DROP,
5.3104,8,STA,WIFI_DROP,
5.3104,13,STA,WIFI_DROP,
5.3104,16,STA,WIFI_DROP,
5.3104,17,STA,WIFI_DROP,
5.3104,19,STA,WIFI_DROP,
5.3128,7,STA,WIFI_DROP,
5.3128,8,STA,WIFI_DROP,
5.3128,13,STA,WIFI_DROP,
5.3128,16,STA,WIFI_DROP,
5.3128,17,STA,WIFI_DROP,
5.3128,19,STA,WIFI_DROP,
5.3152,7,STA,WIFI_DROP,
5.3152,8,STA,WIFI_DROP,
5.3152,13,STA,WIFI_DROP,
5.3152,16,STA,WIFI_DROP,
5.3152,17,STA,WIFI_DROP,
5.3152,19,STA,WIFI_DROP,
5.3176,7,STA,WIFI_DROP,
5.3176,8,STA,WIFI_DROP,
5.3176,13,STA,WIFI_DROP,
5.3176,16,STA,WIFI_DROP,
5.3176,17,STA,WIFI_DROP,
5.3176,19,STA,WIFI_DROP,
5.32,7,STA,WIFI_DROP,
5.32,8,STA,WIFI_DROP,
5.32,13,STA,WIFI_DROP,
5.32,16,STA,WIFI_DROP,
5.32,17,STA,WIFI_DROP,
5.32,19,STA,WIFI_DROP,
5.3224,7,STA,WIFI_DROP,
5.3224,8,STA,WIFI_DROP,
5.3224,13,STA,WIFI_DROP,
5.3224,16,STA,WIFI_DROP,
5.3224,17,STA,WIFI_DROP,
5.3224,19,STA,WIFI_DROP,
5.3248,7,STA,WIFI_DROP,
5.3248,8,STA,WIFI_DROP,
5.3248,13,STA,WIFI_DROP,
5.3248,16,STA,WIFI_DROP,
5.3248,17,STA,WIFI_DROP,
5.3248,19,STA,WIFI_DROP,
5.3272,7,STA,WIFI_DROP,
5.3272,8,STA,WIFI_DROP,
5.3272,13,STA,WIFI_DROP,
5.3272,16,STA,WIFI_DROP,
5.3272,17,STA,WIFI_DROP,
5.3272,19,STA,WIFI_DROP,
5.3296,7,STA,WIFI_DROP,
5.3296,8,STA,WIFI_DROP,
5.3296,13,STA,WIFI_DROP,
5.3296,16,STA,WIFI_DROP,
5.3296,17,STA,WIFI_DROP,
5.3296,19,STA,WIFI_DROP,
5.332,7,STA,WIFI_DROP,
5.332,8,STA,WIFI_DROP,
5.332,13,STA,WIFI_DROP,
5.332,16,STA,WIFI_DROP,
5.332,17,STA,WIFI_DROP,
5.332,19,STA,WIFI_DROP,
5.3344,7,STA,WIFI_DROP,
5.3344,8,STA,WIFI_DROP,
5.3344,13,STA,WIFI_DROP,
5.3344,16,STA,WIFI_DROP,
5.3344,17,STA,WIFI_DROP,
5.3344,19,STA,WIFI_DROP,
5.3368,7,STA,WIFI_DROP,
5.3368,8,STA,WIFI_DROP,
5.3368,13,STA,WIFI_DROP,
5.3368,16,STA,WIFI_DROP,
5.3368,17,STA,WIFI_DROP,
5.3368,19,STA,WIFI_DROP,
5.3392,7,STA,WIFI_DROP,
5.3392,8,STA,WIFI_DROP,
5.3392,13,STA,WIFI_DROP,
5.3392,16,STA,WIFI_DROP,
5.3392,17,STA,WIFI_DROP,
5.3392,19,STA,WIFI_DROP,
5.3416,7,STA,WIFI_DROP,
5.3416,8,STA,WIFI_DROP,
5.3416,13,STA,WIFI_DROP,
5.3416,16,STA,WIFI_DROP,
5.3416,17,STA,WIFI_DROP,
5.3416,19,STA,WIFI_DROP,
5.344,7,STA,WIFI_DROP,
5.344,8,STA,WIFI_DROP,
5.344,13,STA,WIFI_DROP,
5.344,16,STA,WIFI_DROP,
5.344,17,STA,WIFI_DROP,
5.344,19,STA,WIFI_DROP,
5.3464,7,STA,WIFI_DROP,
5.3464,8,STA,WIFI_DROP,
5.3464,13,STA,WIFI_DROP,
5.3464,16,STA,WIFI_DROP,
5.3464,17,STA,WIFI_DROP,
5.3464,19,STA,WIFI_DROP,
5.3488,7,STA,WIFI_DROP,
5.3488,8,STA,WIFI_DROP,
5.3488,13,STA,WIFI_DROP,
5.3488,16,STA,WIFI_DROP,
5.3488,17,STA,WIFI_DROP,
5.3488,19,STA,WIFI_DROP,
5.3512,7,STA,WIFI_DROP,
5.3512,8,STA,WIFI_DROP,
5.3512,13,STA,WIFI_DROP,
5.3512,16,STA,WIFI_DROP,
5.3512,17,STA,WIFI_DROP,
5.3512,19,STA,WIFI_DROP,
5.3536,7,STA,WIFI_DROP,
5.3536,8,STA,WIFI_DROP,
5.3536,13,STA,WIFI_DROP,
5.3536,16,STA,WIFI_DROP,
5.3536,19,STA,WIFI_DROP,
5.356,7,STA,WIFI_DROP,
5.356,8,STA,WIFI_DROP,
5.356,13,STA,WIFI_DROP,
5.356,16,STA,WIFI_DROP,
5.356,19,STA,WIFI_DROP,
5.3584,7,STA,WIFI_DROP,
5.3584,8,STA,WIFI_DROP,
5.3584,13,STA,WIFI_DROP,
5.3584,16,STA,WIFI_DROP,
5.3584,19,STA,WIFI_DROP,
5.3608,7,STA,WIFI_DROP,
5.3608,8,STA,WIFI_DROP,
5.3608,13,STA,WIFI_DROP,
5.3608,16,STA,WIFI_DROP,
5.3608,19,STA,WIFI_DROP,
5.3632,7,STA,WIFI_DROP,
5.3632,8,STA,WIFI_DROP,
5.3632,13,STA,WIFI_DROP,
5.3632,16,STA,WIFI_DROP,
5.3632,19,STA,WIFI_DROP,
5.3656,7,STA,WIFI_DROP,
5.3656,8,STA,WIFI_DROP,
5.3656,13,STA,WIFI_DROP,
5.3656,16,STA,WIFI_DROP,
5.3656,19,STA,WIFI_DROP,
5.368,7,STA,WIFI_DROP,
5.368,8,STA,WIFI_DROP,
5.368,13,STA,WIFI_DROP,
5.368,16,STA,WIFI_DROP,
5.368,19,STA,WIFI_DROP,
5.3704,7,STA,WIFI_DROP,
5.3704,8,STA,WIFI_DROP,
5.3704,13,STA,WIFI_DROP,
5.3704,16,STA,WIFI_DROP,
5.3704,19,STA,WIFI_DROP,
5.3728,7,STA,WIFI_DROP,
5.3728,8,STA,WIFI_DROP,
5.3728,13,STA,WIFI_DROP,
5.3728,16,STA,WIFI_DROP,
5.3728,19,STA,WIFI_DROP,
5.3752,7,STA,WIFI_DROP,
5.3752,8,STA,WIFI_DROP,
5.3752,13,STA,WIFI_DROP,
5.3752,16,STA,WIFI_DROP,
5.3752,19,STA,WIFI_DROP,
5.3776,7,STA,WIFI_DROP,
5.3776,8,STA,WIFI_DROP,
5.3776,13,STA,WIFI_DROP,
5.3776,16,STA,WIFI_DROP,
5.3776,19,STA,WIFI_DROP,
5.38,7,STA,WIFI_DROP,
5.38,8,STA,WIFI_DROP,
5.38,13,STA,WIFI_DROP,
5.38,16,STA,WIFI_DROP,
5.38,19,STA,WIFI_DROP,
5.3824,7,STA,WIFI_DROP,
5.3824,8,STA,WIFI_DROP,
5.3824,13,STA,WIFI_DROP,
5.3824,16,STA,WIFI_DROP,
5.3824,19,STA,WIFI_DROP,
5.3848,7,STA,WIFI_DROP,
5.3848,8,STA,WIFI_DROP,
5.3848,13,STA,WIFI_DROP,
5.3848,16,STA,WIFI_DROP,
5.3848,19,STA,WIFI_DROP,
5.3872,7,STA,WIFI_DROP,
5.3872,8,STA,WIFI_DROP,
5.3872,13,STA,WIFI_DROP,
5.3872,16,STA,WIFI_DROP,
5.3872,19,STA,WIFI_DROP,
5.3896,7,STA,WIFI_DROP,
5.3896,8,STA,WIFI_DROP,
5.3896,13,STA,WIFI_DROP,
5.3896,16,STA,WIFI_DROP,
5.3896,19,STA,WIFI_DROP,
5.392,7,STA,WIFI_DROP,
5.392,8,STA,WIFI_DROP,
5.392,13,STA,WIFI_DROP,
5.392,16,STA,WIFI_DROP,
5.392,19,STA,WIFI_DROP,
5.3944,7,STA,WIFI_DROP,
5.3944,8,STA,WIFI_DROP,
5.3944,13,STA,WIFI_DROP,
5.3944,16,STA,WIFI_DROP,
5.3944,19,STA,WIFI_DROP,
5.3968,7,STA,WIFI_DROP,
5.3968,8,STA,WIFI_DROP,
5.3968,13,STA,WIFI_DROP,
5.3968,16,STA,WIFI_DROP,
5.3968,19,STA,WIFI_DROP,
5.3992,7,STA,WIFI_DROP,
5.3992,8,STA,WIFI_DROP,
5.3992,13,STA,WIFI_DROP,
5.3992,16,STA,WIFI_DROP,
5.3992,19,STA,WIFI_DROP,
5.4016,7,STA,WIFI_DROP,
5.4016,8,STA,WIFI_DROP,
5.4016,13,STA,WIFI_DROP,
5.4016,16,STA,WIFI_DROP,
5.4016,19,STA,WIFI_DROP,
5.404,7,STA,WIFI_DROP,
5.404,8,STA,WIFI_DROP,
5.404,13,STA,WIFI_DROP,
5.404,16,STA,WIFI_DROP,
5.404,19,STA,WIFI_DROP,
5.4064,7,STA,WIFI_DROP,
5.4064,8,STA,WIFI_DROP,
5.4064,13,STA,WIFI_DROP,
5.4064,16,STA,WIFI_DROP,
5.4064,19,STA,WIFI_DROP,
5.4088,7,STA,WIFI_DROP,
5.4088,8,STA,WIFI_DROP,
5.4088,13,STA,WIFI_DROP,
5.4088,16,STA,WIFI_DROP,
5.4088,19,STA,WIFI_DROP,
5.4112,7,STA,WIFI_DROP,
5.4112,8,STA,WIFI_DROP,
5.4112,13,STA,WIFI_DROP,
5.4112,16,STA,WIFI_DROP,
5.4112,19,STA,WIFI_DROP,
5.4136,7,STA,WIFI_DROP,
5.4136,8,STA,WIFI_DROP,
5.4136,13,STA,WIFI_DROP,
5.4136,16,STA,WIFI_DROP,
5.4136,19,STA,WIFI_DROP,
5.416,7,STA,WIFI_DROP,
5.416,8,STA,WIFI_DROP,
5.416,13,STA,WIFI_DROP,
5.416,16,STA,WIFI_DROP,
5.416,19,STA,WIFI_DROP,
5.4184,7,STA,WIFI_DROP,
5.4184,8,STA,WIFI_DROP,
5.4184,13,STA,WIFI_DROP,
5.4184,16,STA,WIFI_DROP,
5.4184,19,STA,WIFI_DROP,
5.4208,7,STA,WIFI_DROP,
5.4208,8,STA,WIFI_DROP,
5.4208,13,STA,WIFI_DROP,
5.4208,16,STA,WIFI_DROP,
5.4208,19,STA,WIFI_DROP,
5.4232,7,STA,WIFI_DROP,
5.4232,8,STA,WIFI_DROP,
5.4232,13,STA,WIFI_DROP,
5.4232,16,STA,WIFI_DROP,
5.4232,19,STA,WIFI_DROP,
5.4256,7,STA,WIFI_DROP,
5.4256,8,STA,WIFI_DROP,
5.4256,13,STA,WIFI_DROP,
5.4256,16,STA,WIFI_DROP,
5.4256,19,STA,WIFI_DROP,
5.428,7,STA,WIFI_DROP,
5.428,8,STA,WIFI_DROP,
5.428,13,STA,WIFI_DROP,
5.428,16,STA,WIFI_DROP,
5.428,19,STA,WIFI_DROP,
5.4304,7,STA,WIFI_DROP,
5.4304,8,STA,WIFI_DROP,
5.4304,13,STA,WIFI_DROP,
5.4304,16,STA,WIFI_DROP,
5.4304,19,STA,WIFI_DROP,
5.4328,7,STA,WIFI_DROP,
5.4328,8,STA,WIFI_DROP,
5.4328,13,STA,WIFI_DROP,
5.4328,16,STA,WIFI_DROP,
5.4328,19,STA,WIFI_DROP,
5.4352,7,STA,WIFI_DROP,
5.4352,8,STA,WIFI_DROP,
5.4352,13,STA,WIFI_DROP,
5.4352,16,STA,WIFI_DROP,
5.4352,19,STA,WIFI_DROP,
5.4376,7,STA,WIFI_DROP,
5.4376,8,STA,WIFI_DROP,
5.4376,13,STA,WIFI_DROP,
5.4376,16,STA,WIFI_DROP,
5.4376,19,STA,WIFI_DROP,
5.44,7,STA,WIFI_DROP,
5.44,8,STA,WIFI_DROP,
5.44,13,STA,WIFI_DROP,
5.44,16,STA,WIFI_DROP,
5.44,19,STA,WIFI_DROP,
5.4424,7,STA,WIFI_DROP,
5.4424,8,STA,WIFI_DROP,
5.4424,13,STA,WIFI_DROP,
5.4424,16,STA,WIFI_DROP,
5.4424,19,STA,WIFI_DROP,
5.4448,7,STA,WIFI_DROP,
5.4448,8,STA,WIFI_DROP,
5.4448,13,STA,WIFI_DROP,
5.4448,16,STA,WIFI_DROP,
5.4448,19,STA,WIFI_DROP,
5.4472,7,STA,WIFI_DROP,
5.4472,8,STA,WIFI_DROP,
5.4472,13,STA,WIFI_DROP,
5.4472,16,STA,WIFI_DROP,
5.4472,19,STA,WIFI_DROP,
5.4496,7,STA,WIFI_DROP,
5.4496,8,STA,WIFI_DROP,
5.4496,13,STA,WIFI_DROP,
5.4496,16,STA,WIFI_DROP,
5.4496,19,STA,WIFI_DROP,
5.452,7,STA,WIFI_DROP,
5.452,8,STA,WIFI_DROP,
5.452,16,STA,WIFI_DROP,
5.452,19,STA,WIFI_DROP,
5.4544,7,STA,WIFI_DROP,
5.4544,8,STA,WIFI_DROP,
5.4544,16,STA,WIFI_DROP,
5.4544,19,STA,WIFI_DROP,
5.4568,7,STA,WIFI_DROP,
5.4568,8,STA,WIFI_DROP,
5.4568,16,STA,WIFI_DROP,
5.4568,19,STA,WIFI_DROP,
5.4592,7,STA,WIFI_DROP,
5.4592,8,STA,WIFI_DROP,
5.4592,16,STA,WIFI_DROP,
5.4592,19,STA,WIFI_DROP,
5.4616,7,STA,WIFI_DROP,
5.4616,8,STA,WIFI_DROP,
5.4616,16,STA,WIFI_DROP,
5.4616,19,STA,WIFI_DROP,
5.464,7,STA,WIFI_DROP,
5.464,8,STA,WIFI_DROP,
5.464,16,STA,WIFI_DROP,
5.464,19,STA,WIFI_DROP,
5.4664,7,STA,WIFI_DROP,
5.4664,8,STA,WIFI_DROP,
5.4664,16,STA,WIFI_DROP,
5.4664,19,STA,WIFI_DROP,
5.4688,7,STA,WIFI_DROP,
5.4688,8,STA,WIFI_DROP,
5.4688,16,STA,WIFI_DROP,
5.4688,19,STA,WIFI_DROP,
5.4712,7,STA,WIFI_DROP,
5.4712,8,STA,WIFI_DROP,
5.4712,16,STA,WIFI_DROP,
5.4712,19,STA,WIFI_DROP,
5.4736,7,STA,WIFI_DROP,
5.4736,8,STA,WIFI_DROP,
5.4736,16,STA,WIFI_DROP,
5.4736,19,STA,WIFI_DROP,
5.476,7,STA,WIFI_DROP,
5.476,8,STA,WIFI_DROP,
5.476,16,STA,WIFI_DROP,
5.476,19,STA,WIFI_DROP,
5.4784,7,STA,WIFI_DROP,
5.4784,8,STA,WIFI_DROP,
5.4784,16,STA,WIFI_DROP,
5.4784,19,STA,WIFI_DROP,
5.4808,7,STA,WIFI_DROP,
5.4808,8,STA,WIFI_DROP,
5.4808,16,STA,WIFI_DROP,
5.4808,19,STA,WIFI_DROP,
5.4832,7,STA,WIFI_DROP,
5.4832,8,STA,WIFI_DROP,
5.4832,16,STA,WIFI_DROP,
5.4832,19,STA,WIFI_DROP,
5.4856,7,STA,WIFI_DROP,
5.4856,8,STA,WIFI_DROP,
5.4856,16,STA,WIFI_DROP,
5.4856,19,STA,WIFI_DROP,
5.488,7,STA,WIFI_DROP,
5.488,8,STA,WIFI_DROP,
5.488,16,STA,WIFI_DROP,
5.488,19,STA,WIFI_DROP,
5.4904,7,STA,WIFI_DROP,
5.4904,8,STA,WIFI_DROP,
5.4904,16,STA,WIFI_DROP,
5.4904,19,STA,WIFI_DROP,
5.4928,7,STA,WIFI_DROP,
5.4928,8,STA,WIFI_DROP,
5.4928,16,STA,WIFI_DROP,
5.4928,19,STA,WIFI_DROP,
5.4952,7,STA,WIFI_DROP,
5.4952,8,STA,WIFI_DROP,
5.4952,16,STA,WIFI_DROP,
5.4952,19,STA,WIFI_DROP,
5.4976,7,STA,WIFI_DROP,
5.4976,8,STA,WIFI_DROP,
5.4976,16,STA,WIFI_DROP,
5.4976,19,STA,WIFI_DROP,
5.5,7,STA,WIFI_DROP,
5.5,8,STA,WIFI_DROP,
5.5,16,STA,WIFI_DROP,
5.5,19,STA,WIFI_DROP,
5.5024,7,STA,WIFI_DROP,
5.5024,8,STA,WIFI_DROP,
5.5024,16,STA,WIFI_DROP,
5.5024,19,STA,WIFI_DROP,
5.5048,7,STA,WIFI_DROP,
5.5048,8,STA,WIFI_DROP,
5.5048,16,STA,WIFI_DROP,
5.5048,19,STA,WIFI_DROP,
5.5072,7,STA,WIFI_DROP,
5.5072,8,STA,WIFI_DROP,
5.5072,16,STA,WIFI_DROP,
5.5072,19,STA,WIFI_DROP,
5.5096,7,STA,WIFI_DROP,
5.5096,8,STA,WIFI_DROP,
5.5096,16,STA,WIFI_DROP,
5.5096,19,STA,WIFI_DROP,
5.512,7,STA,WIFI_DROP,
5.512,8,STA,WIFI_DROP,
5.512,16,STA,WIFI_DROP,
5.512,19,STA,WIFI_DROP,
5.5144,7,STA,WIFI_DROP,
5.5144,8,STA,WIFI_DROP,
5.5144,16,STA,WIFI_DROP,
5.5144,19,STA,WIFI_DROP,
5.5168,7,STA,WIFI_DROP,
5.5168,8,STA,WIFI_DROP,
5.5168,16,STA,WIFI_DROP,
5.5168,19,STA,WIFI_DROP,
5.5192,7,STA,WIFI_DROP,
5.5192,8,STA,WIFI_DROP,
5.5192,16,STA,WIFI_DROP,
5.5192,19,STA,WIFI_DROP,
5.5216,7,STA,WIFI_DROP,
5.5216,8,STA,WIFI_DROP,
5.5216,16,STA,WIFI_DROP,
5.5216,19,STA,WIFI_DROP,
5.524,7,STA,WIFI_DROP,
5.524,8,STA,WIFI_DROP,
5.524,16,STA,WIFI_DROP,
5.524,19,STA,WIFI_DROP,
5.5264,7,STA,WIFI_DROP,
5.5264,8,STA,WIFI_DROP,
5.5264,16,STA,WIFI_DROP,
5.5264,19,STA,WIFI_DROP,
5.5288,7,STA,WIFI_DROP,
5.5288,8,STA,WIFI_DROP,
5.5288,16,STA,WIFI_DROP,
5.5288,19,STA,WIFI_DROP,
5.5312,7,STA,WIFI_DROP,
5.5312,8,STA,WIFI_DROP,
5.5312,16,STA,WIFI_DROP,
5.5312,19,STA,WIFI_DROP,
5.5336,7,STA,WIFI_DROP,
5.5336,8,STA,WIFI_DROP,
5.5336,16,STA,WIFI_DROP,
5.5336,19,STA,WIFI_DROP,
5.536,7,STA,WIFI_DROP,
5.536,8,STA,WIFI_DROP,
5.536,16,STA,WIFI_DROP,
5.536,19,STA,WIFI_DROP,
5.5384,7,STA,WIFI_DROP,
5.5384,8,STA,WIFI_DROP,
5.5384,16,STA,WIFI_DROP,
5.5384,19,STA,WIFI_DROP,
5.5408,7,STA,WIFI_DROP,
5.5408,8,STA,WIFI_DROP,
5.5408,16,STA,WIFI_DROP,
5.5408,19,STA,WIFI_DROP,
5.5432,7,STA,WIFI_DROP,
5.5432,8,STA,WIFI_DROP,
5.5432,16,STA,WIFI_DROP,
5.5432,19,STA,WIFI_DROP,
5.5456,7,STA,WIFI_DROP,
5.5456,8,STA,WIFI_DROP,
5.5456,16,STA,WIFI_DROP,
5.5456,19,STA,WIFI_DROP,
5.548,7,STA,WIFI_DROP,
5.548,8,STA,WIFI_DROP,
5.548,16,STA,WIFI_DROP,
5.548,19,STA,WIFI_DROP,
5.5504,7,STA,WIFI_DROP,
5.5504,8,STA,WIFI_DROP,
5.5504,16,STA,WIFI_DROP,
5.5504,19,STA,WIFI_DROP,
5.5528,7,STA,WIFI_DROP,
5.5528,8,STA,WIFI_DROP,
5.5528,16,STA,WIFI_DROP,
5.5528,19,STA,WIFI_DROP,
5.5552,7,STA,WIFI_DROP,
5.5552,8,STA,WIFI_DROP,
5.5552,16,STA,WIFI_DROP,
5.5552,19,STA,WIFI_DROP,
5.5576,7,STA,WIFI_DROP,
5.5576,8,STA,WIFI_DROP,
5.5576,16,STA,WIFI_DROP,
5.5576,19,STA,WIFI_DROP,
5.56,7,STA,WIFI_DROP,
5.56,8,STA,WIFI_DROP,
5.56,16,STA,WIFI_DROP,
5.56,19,STA,WIFI_DROP,
5.5624,7,STA,WIFI_DROP,
5.5624,8,STA,WIFI_DROP,
5.5624,16,STA,WIFI_DROP,
5.5624,19,STA,WIFI_DROP,
5.5648,7,STA,WIFI_DROP,
5.5648,8,STA,WIFI_DROP,
5.5648,16,STA,WIFI_DROP,
5.5648,19,STA,WIFI_DROP,
5.5672,7,STA,WIFI_DROP,
5.5672,8,STA,WIFI_DROP,
5.5672,16,STA,WIFI_DROP,
5.5672,19,STA,WIFI_DROP,
5.5696,7,STA,WIFI_DROP,
5.5696,8,STA,WIFI_DROP,
5.5696,16,STA,WIFI_DROP,
5.5696,19,STA,WIFI_DROP,
5.572,7,STA,WIFI_DROP,
5.572,8,STA,WIFI_DROP,
5.572,16,STA,WIFI_DROP,
5.572,19,STA,WIFI_DROP,
5.5744,7,STA,WIFI_DROP,
5.5744,8,STA,WIFI_DROP,
5.5744,16,STA,WIFI_DROP,
5.5744,19,STA,WIFI_DROP,
5.5768,7,STA,WIFI_DROP,
5.5768,8,STA,WIFI_DROP,
5.5768,16,STA,WIFI_DROP,
5.5768,19,STA,WIFI_DROP,
5.5792,7,STA,WIFI_DROP,
5.5792,8,STA,WIFI_DROP,
5.5792,16,STA,WIFI_DROP,
5.5792,19,STA,WIFI_DROP,
5.5816,7,STA,WIFI_DROP,
5.5816,8,STA,WIFI_DROP,
5.5816,16,STA,WIFI_DROP,
5.5816,19,STA,WIFI_DROP,
5.584,7,STA,WIFI_DROP,
5.584,8,STA,WIFI_DROP,
5.584,16,STA,WIFI_DROP,
5.584,19,STA,WIFI_DROP,
5.5864,7,STA,WIFI_DROP,
5.5864,8,STA,WIFI_DROP,
5.5864,16,STA,WIFI_DROP,
5.5864,19,STA,WIFI_DROP,
5.5888,7,STA,WIFI_DROP,
5.5888,8,STA,WIFI_DROP,
5.5888,16,STA,WIFI_DROP,
5.5888,19,STA,WIFI_DROP,
5.5912,7,STA,WIFI_DROP,
5.5912,8,STA,WIFI_DROP,
5.5912,16,STA,WIFI_DROP,
5.5912,19,STA,WIFI_DROP,
5.5936,7,STA,WIFI_DROP,
5.5936,8,STA,WIFI_DROP,
5.5936,16,STA,WIFI_DROP,
5.5936,19,STA,WIFI_DROP,
5.596,7,STA,WIFI_DROP,
5.596,8,STA,WIFI_DROP,
5.596,16,STA,WIFI_DROP,
5.596,19,STA,WIFI_DROP,
5.5984,7,STA,WIFI_DROP,
5.5984,8,STA,WIFI_DROP,
5.5984,16,STA,WIFI_DROP,
5.5984,19,STA,WIFI_DROP,
5.6008,7,STA,WIFI_DROP,
5.6008,8,STA,WIFI_DROP,
5.6008,16,STA,WIFI_DROP,
5.6008,19,STA,WIFI_DROP,
5.6032,7,STA,WIFI_DROP,
5.6032,8,STA,WIFI_DROP,
5.6032,16,STA,WIFI_DROP,
5.6032,19,STA,WIFI_DROP,
5.6056,7,STA,WIFI_DROP,
5.6056,8,STA,WIFI_DROP,
5.6056,16,STA,WIFI_DROP,
5.6056,19,STA,WIFI_DROP,
5.608,7,STA,WIFI_DROP,
5.608,8,STA,WIFI_DROP,
5.608,16,STA,WIFI_DROP,
5.608,19,STA,WIFI_DROP,
5.6104,7,STA,WIFI_DROP,
5.6104,8,STA,WIFI_DROP,
5.6104,16,STA,WIFI_DROP,
5.6104,19,STA,WIFI_DROP,
5.6128,7,STA,WIFI_DROP,
5.6128,8,STA,WIFI_DROP,
5.6128,16,STA,WIFI_DROP,
5.6128,19,STA,WIFI_DROP,
5.6152,7,STA,WIFI_DROP,
5.6152,8,STA,WIFI_DROP,
5.6152,16,STA,WIFI_DROP,
5.6152,19,STA,WIFI_DROP,
5.6176,7,STA,WIFI_DROP,
5.6176,8,STA,WIFI_DROP,
5.6176,16,STA,WIFI_DROP,
5.6176,19,STA,WIFI_DROP,
5.62,7,STA,WIFI_DROP,
5.62,8,STA,WIFI_DROP,
5.62,16,STA,WIFI_DROP,
5.62,19,STA,WIFI_DROP,
5.6224,7,STA,WIFI_DROP,
5.6224,8,STA,WIFI_DROP,
5.6224,16,STA,WIFI_DROP,
5.6224,19,STA,WIFI_DROP,
5.6248,7,STA,WIFI_DROP,
5.6248,8,STA,WIFI_DROP,
5.6248,16,STA,WIFI_DROP,
5.6248,19,STA,WIFI_DROP,
5.6272,7,STA,WIFI_DROP,
5.6272,8,STA,WIFI_DROP,
5.6272,16,STA,WIFI_DROP,
5.6272,19,STA,WIFI_DROP,
5.6296,7,STA,WIFI_DROP,
5.6296,8,STA,WIFI_DROP,
5.6296,16,STA,WIFI_DROP,
5.6296,19,STA,WIFI_DROP,
5.632,7,STA,WIFI_DROP,
5.632,8,STA,WIFI_DROP,
5.632,16,STA,WIFI_DROP,
5.632,19,STA,WIFI_DROP,
5.6344,7,STA,WIFI_DROP,
5.6344,8,STA,WIFI_DROP,
5.6344,16,STA,WIFI_DROP,
5.6344,19,STA,WIFI_DROP,
5.6368,7,STA,WIFI_DROP,
5.6368,8,STA,WIFI_DROP,
5.6368,16,STA,WIFI_DROP,
5.6368,19,STA,WIFI_DROP,
5.6392,7,STA,WIFI_DROP,
5.6392,8,STA,WIFI_DROP,
5.6392,16,STA,WIFI_DROP,
5.6392,19,STA,WIFI_DROP,
5.6416,7,STA,WIFI_DROP,
5.6416,8,STA,WIFI_DROP,
5.6416,16,STA,WIFI_DROP,
5.6416,19,STA,WIFI_DROP,
5.644,7,STA,WIFI_DROP,
5.644,8,STA,WIFI_DROP,
5.644,16,STA,WIFI_DROP,
5.644,19,STA,WIFI_DROP,
5.6464,7,STA,WIFI_DROP,
5.6464,8,STA,WIFI_DROP,
5.6464,16,STA,WIFI_DROP,
5.6464,19,STA,WIFI_DROP,
5.6488,7,STA,WIFI_DROP,
5.6488,8,STA,WIFI_DROP,
5.6488,16,STA,WIFI_DROP,
5.6488,19,STA,WIFI_DROP,
5.6512,7,STA,WIFI_DROP,
5.6512,8,STA,WIFI_DROP,
5.6512,16,STA,WIFI_DROP,
5.6512,19,STA,WIFI_DROP,
5.6536,7,STA,WIFI_DROP,
5.6536,8,STA,WIFI_DROP,
5.6536,19,STA,WIFI_DROP,
5.656,7,STA,WIFI_DROP,
5.656,8,STA,WIFI_DROP,
5.656,19,STA,WIFI_DROP,
5.6584,7,STA,WIFI_DROP,
5.6584,8,STA,WIFI_DROP,
5.6584,19,STA,WIFI_DROP,
5.6608,4,STA,WIFI_DROP,
5.6608,7,STA,WIFI_DROP,
5.6608,8,STA,WIFI_DROP,
5.6608,19,STA,WIFI_DROP,
5.6632,4,STA,WIFI_DROP,
5.6632,7,STA,WIFI_DROP,
5.6632,8,STA,WIFI_DROP,
5.6632,19,STA,WIFI_DROP,
5.6656,4,STA,WIFI_DROP,
5.6656,7,STA,WIFI_DROP,
5.6656,8,STA,WIFI_DROP,
5.6656,19,STA,WIFI_DROP,
5.668,4,STA,WIFI_DROP,
5.668,7,STA,WIFI_DROP,
5.668,8,STA,WIFI_DROP,
5.668,19,STA,WIFI_DROP,
5.6704,4,STA,WIFI_DROP,
5.6704,7,STA,WIFI_DROP,
5.6704,8,STA,WIFI_DROP,
5.6704,19,STA,WIFI_DROP,
5.6728,4,STA,WIFI_DROP,
5.6728,7,STA,WIFI_DROP,
5.6728,8,STA,WIFI_DROP,
5.6728,19,STA,WIFI_DROP,
5.6752,4,STA,WIFI_DROP,
5.6752,7,STA,WIFI_DROP,
5.6752,8,STA,WIFI_DROP,
5.6752,19,STA,WIFI_DROP,
5.6776,4,STA,WIFI_DROP,
5.6776,7,STA,WIFI_DROP,
5.6776,8,STA,WIFI_DROP,
5.6776,19,STA,WIFI_DROP,
5.68,4,STA,WIFI_DROP,
5.68,7,STA,WIFI_DROP,
5.68,8,STA,WIFI_DROP,
5.68,19,STA,WIFI_DROP,
5.6824,4,STA,WIFI_DROP,
5.6824,7,STA,WIFI_DROP,
5.6824,8,STA,WIFI_DROP,
5.6824,19,STA,WIFI_DROP,
5.6848,4,STA,WIFI_DROP,
5.6848,7,STA,WIFI_DROP,
5.6848,8,STA,WIFI_DROP,
5.6848,19,STA,WIFI_DROP,
5.6872,4,STA,WIFI_DROP,
5.6872,7,STA,WIFI_DROP,
5.6872,8,STA,WIFI_DROP,
5.6872,19,STA,WIFI_DROP,
5.6896,4,STA,WIFI_DROP,
5.6896,7,STA,WIFI_DROP,
5.6896,8,STA,WIFI_DROP,
5.6896,19,STA,WIFI_DROP,
5.692,4,STA,WIFI_DROP,
5.692,7,STA,WIFI_DROP,
5.692,8,STA,WIFI_DROP,
5.692,19,STA,WIFI_DROP,
5.6944,4,STA,WIFI_DROP,
5.6944,7,STA,WIFI_DROP,
5.6944,8,STA,WIFI_DROP,
5.6944,19,STA,WIFI_DROP,
5.6968,4,STA,WIFI_DROP,
5.6968,7,STA,WIFI_DROP,
5.6968,8,STA,WIFI_DROP,
5.6968,19,STA,WIFI_DROP,
5.6992,4,STA,WIFI_DROP,
5.6992,7,STA,WIFI_DROP,
5.6992,8,STA,WIFI_DROP,
5.6992,19,STA,WIFI_DROP,
5.7016,4,STA,WIFI_DROP,
5.7016,7,STA,WIFI_DROP,
5.7016,8,STA,WIFI_DROP,
5.7016,19,STA,WIFI_DROP,
5.704,4,STA,WIFI_DROP,
5.704,7,STA,WIFI_DROP,
5.704,8,STA,WIFI_DROP,
5.704,19,STA,WIFI_DROP,
5.7064,4,STA,WIFI_DROP,
5.7064,7,STA,WIFI_DROP,
5.7064,8,STA,WIFI_DROP,
5.7064,19,STA,WIFI_DROP,
5.7088,4,STA,WIFI_DROP,
5.7088,7,STA,WIFI_DROP,
5.7088,8,STA,WIFI_DROP,
5.7088,19,STA,WIFI_DROP,
5.7112,4,STA,WIFI_DROP,
5.7112,7,STA,WIFI_DROP,
5.7112,8,STA,WIFI_DROP,
5.7112,19,STA,WIFI_DROP,
5.7136,4,STA,WIFI_DROP,
5.7136,7,STA,WIFI_DROP,
5.7136,8,STA,WIFI_DROP,
5.7136,19,STA,WIFI_DROP,
5.716,4,STA,WIFI_DROP,
5.716,7,STA,WIFI_DROP,
5.716,8,STA,WIFI_DROP,
5.716,19,STA,WIFI_DROP,
5.7184,4,STA,WIFI_DROP,
5.7184,7,STA,WIFI_DROP,
5.7184,8,STA,WIFI_DROP,
5.7184,19,STA,WIFI_DROP,
5.7208,4,STA,WIFI_DROP,
5.7208,7,STA,WIFI_DROP,
5.7208,8,STA,WIFI_DROP,
5.7208,19,STA,WIFI_DROP,
5.7232,4,STA,WIFI_DROP,
5.7232,7,STA,WIFI_DROP,
5.7232,8,STA,WIFI_DROP,
5.7232,19,STA,WIFI_DROP,
5.7256,4,STA,WIFI_DROP,
5.7256,7,STA,WIFI_DROP,
5.7256,8,STA,WIFI_DROP,
5.7256,19,STA,WIFI_DROP,
5.728,4,STA,WIFI_DROP,
5.728,7,STA,WIFI_DROP,
5.728,8,STA,WIFI_DROP,
5.728,19,STA,WIFI_DROP,
5.7304,4,STA,WIFI_DROP,
5.7304,7,STA,WIFI_DROP,
5.7304,8,STA,WIFI_DROP,
5.7304,19,STA,WIFI_DROP,
5.7328,4,STA,WIFI_DROP,
5.7328,7,STA,WIFI_DROP,
5.7328,8,STA,WIFI_DROP,
5.7328,19,STA,WIFI_DROP,
5.7352,4,STA,WIFI_DROP,
5.7352,7,STA,WIFI_DROP,
5.7352,8,STA,WIFI_DROP,
5.7352,19,STA,WIFI_DROP,
5.7376,4,STA,WIFI_DROP,
5.7376,7,STA,WIFI_DROP,
5.7376,8,STA,WIFI_DROP,
5.7376,19,STA,WIFI_DROP,
5.74,4,STA,WIFI_DROP,
5.74,7,STA,WIFI_DROP,
5.74,8,STA,WIFI_DROP,
5.74,19,STA,WIFI_DROP,
5.7424,4,STA,WIFI_DROP,
5.7424,7,STA,WIFI_DROP,
5.7424,8,STA,WIFI_DROP,
5.7424,19,STA,WIFI_DROP,
5.7448,4,STA,WIFI_DROP,
5.7448,7,STA,WIFI_DROP,
5.7448,8,STA,WIFI_DROP,
5.7448,19,STA,WIFI_DROP,
5.7472,4,STA,WIFI_DROP,
5.7472,7,STA,WIFI_DROP,
5.7472,8,STA,WIFI_DROP,
5.7472,19,STA,WIFI_DROP,
5.7496,4,STA,WIFI_DROP,
5.7496,7,STA,WIFI_DROP,
5.7496,8,STA,WIFI_DROP,
5.7496,19,STA,WIFI_DROP,
5.752,4,STA,WIFI_DROP,
5.752,7,STA,WIFI_DROP,
5.752,8,STA,WIFI_DROP,
5.752,19,STA,WIFI_DROP,
5.7544,4,STA,WIFI_DROP,
5.7544,7,STA,WIFI_DROP,
5.7544,8,STA,WIFI_DROP,
5.7544,19,STA,WIFI_DROP,
5.7568,4,STA,WIFI_DROP,
5.7568,7,STA,WIFI_DROP,
5.7568,8,STA,WIFI_DROP,
5.7568,19,STA,WIFI_DROP,
5.7592,4,STA,WIFI_DROP,
5.7592,7,STA,WIFI_DROP,
5.7592,8,STA,WIFI_DROP,
5.7592,19,STA,WIFI_DROP,
5.7616,7,STA,WIFI_DROP,
5.7616,8,STA,WIFI_DROP,
5.7616,19,STA,WIFI_DROP,
5.764,7,STA,WIFI_DROP,
5.764,8,STA,WIFI_DROP,
5.764,19,STA,WIFI_DROP,
5.7664,7,STA,WIFI_DROP,
5.7664,8,STA,WIFI_DROP,
5.7664,19,STA,WIFI_DROP,
5.7688,7,STA,WIFI_DROP,
5.7688,8,STA,WIFI_DROP,
5.7688,19,STA,WIFI_DROP,
5.7712,7,STA,WIFI_DROP,
5.7712,8,STA,WIFI_DROP,
5.7712,19,STA,WIFI_DROP,
5.7736,7,STA,WIFI_DROP,
5.7736,8,STA,WIFI_DROP,
5.7736,19,STA,WIFI_DROP,
5.776,7,STA,WIFI_DROP,
5.776,8,STA,WIFI_DROP,
5.776,19,STA,WIFI_DROP,
5.7784,7,STA,WIFI_DROP,
5.7784,8,STA,WIFI_DROP,
5.7784,19,STA,WIFI_DROP,
5.7808,7,STA,WIFI_DROP,
5.7808,8,STA,WIFI_DROP,
5.7808,19,STA,WIFI_DROP,
5.7832,7,STA,WIFI_DROP,
5.7832,8,STA,WIFI_DROP,
5.7832,19,STA,WIFI_DROP,
5.7856,7,STA,WIFI_DROP,
5.7856,8,STA,WIFI_DROP,
5.7856,19,STA,WIFI_DROP,
5.788,7,STA,WIFI_DROP,
5.788,8,STA,WIFI_DROP,
5.788,19,STA,WIFI_DROP,
5.7904,7,STA,WIFI_DROP,
5.7904,8,STA,WIFI_DROP,
5.7904,19,STA,WIFI_DROP,
5.7928,7,STA,WIFI_DROP,
5.7928,8,STA,WIFI_DROP,
5.7928,19,STA,WIFI_DROP,
5.7952,7,STA,WIFI_DROP,
5.7952,8,STA,WIFI_DROP,
5.7952,19,STA,WIFI_DROP,
5.7976,7,STA,WIFI_DROP,
5.7976,8,STA,WIFI_DROP,
5.7976,19,STA,WIFI_DROP,
5.8,8,STA,WIFI_DROP,
5.8,19,STA,WIFI_DROP,
5.8024,8,STA,WIFI_DROP,
5.8024,19,STA,WIFI_DROP,
5.8048,8,STA,WIFI_DROP,
5.8048,19,STA,WIFI_DROP,
5.8072,8,STA,WIFI_DROP,
5.8072,19,STA,WIFI_DROP,
5.8096,8,STA,WIFI_DROP,
5.8096,19,STA,WIFI_DROP,
5.812,8,STA,WIFI_DROP,
5.812,19,STA,WIFI_DROP,
5.8144,8,STA,WIFI_DROP,
5.8144,19,STA,WIFI_DROP,
5.8168,8,STA,WIFI_DROP,
5.8168,19,STA,WIFI_DROP,
5.8192,8,STA,WIFI_DROP,
5.8192,19,STA,WIFI_DROP,
5.8216,8,STA,WIFI_DROP,
5.8216,19,STA,WIFI_DROP,
5.824,8,STA,WIFI_DROP,
5.824,19,STA,WIFI_DROP,
5.8264,8,STA,WIFI_DROP,
5.8264,19,STA,WIFI_DROP,
5.8288,8,STA,WIFI_DROP,
5.8288,19,STA,WIFI_DROP,
5.8312,8,STA,WIFI_DROP,
5.8312,19,STA,WIFI_DROP,
5.8336,8,STA,WIFI_DROP,
5.8336,19,STA,WIFI_DROP,
5.836,8,STA,WIFI_DROP,
5.836,19,STA,WIFI_DROP,
5.8384,8,STA,WIFI_DROP,
5.8384,19,STA,WIFI_DROP,
5.8408,19,STA,WIFI_DROP,
5.8432,19,STA,WIFI_DROP,
5.8456,19,STA,WIFI_DROP,
5.848,19,STA,WIFI_DROP,
5.8504,19,STA,WIFI_DROP,
5.8528,19,STA,WIFI_DROP,
5.8552,19,STA,WIFI_DROP,
5.8576,19,STA,WIFI_DROP,
5.86,19,STA,WIFI_DROP,
5.8624,8,STA,WIFI_DROP,
5.8624,19,STA,WIFI_DROP,
5.8648,8,STA,WIFI_DROP,
5.8648,19,STA,WIFI_DROP,
5.8672,8,STA,WIFI_DROP,
5.8672,19,STA,WIFI_DROP,
5.8696,8,STA,WIFI_DROP,
5.8696,19,STA,WIFI_DROP,
5.872,8,STA,WIFI_DROP,
5.872,19,STA,WIFI_DROP,
5.8744,8,STA,WIFI_DROP,
5.8744,19,STA,WIFI_DROP,
5.8768,8,STA,WIFI_DROP,
5.8768,19,STA,WIFI_DROP,
5.8792,8,STA,WIFI_DROP,
5.8792,19,STA,WIFI_DROP,
5.8816,8,STA,WIFI_DROP,
5.8816,19,STA,WIFI_DROP,
5.884,8,STA,WIFI_DROP,
5.884,19,STA,WIFI_DROP,
5.8864,8,STA,WIFI_DROP,
5.8864,19,STA,WIFI_DROP,
5.8888,8,STA,WIFI_DROP,
5.8888,19,STA,WIFI_DROP,
5.8912,8,STA,WIFI_DROP,
5.8912,19,STA,WIFI_DROP,
5.8936,8,STA,WIFI_DROP,
5.8936,19,STA,WIFI_DROP,
5.896,8,STA,WIFI_DROP,
5.896,19,STA,WIFI_DROP,
5.8984,8,STA,WIFI_DROP,
5.8984,19,STA,WIFI_DROP,
5.9008,8,STA,WIFI_DROP,
5.9008,19,STA,WIFI_DROP,
5.9032,8,STA,WIFI_DROP,
5.9032,19,STA,WIFI_DROP,
5.9056,8,STA,WIFI_DROP,
5.9056,19,STA,WIFI_DROP,
5.908,8,STA,WIFI_DROP,
5.908,19,STA,WIFI_DROP,
5.9104,8,STA,WIFI_DROP,
5.9104,19,STA,WIFI_DROP,
5.9128,8,STA,WIFI_DROP,
5.9128,19,STA,WIFI_DROP,
5.9152,8,STA,WIFI_DROP,
5.9152,19,STA,WIFI_DROP,
5.9176,8,STA,WIFI_DROP,
5.9176,19,STA,WIFI_DROP,
5.92,8,STA,WIFI_DROP,
5.92,19,STA,WIFI_DROP,
5.9224,8,STA,WIFI_DROP,
5.9224,19,STA,WIFI_DROP,
5.9248,8,STA,WIFI_DROP,
5.9248,19,STA,WIFI_DROP,
5.9272,8,STA,WIFI_DROP,
5.9272,19,STA,WIFI_DROP,
5.9296,8,STA,WIFI_DROP,
5.9296,19,STA,WIFI_DROP,
5.932,8,STA,WIFI_DROP,
5.932,19,STA,WIFI_DROP,
5.9344,8,STA,WIFI_DROP,
5.9344,19,STA,WIFI_DROP,
5.9368,8,STA,WIFI_DROP,
5.9368,19,STA,WIFI_DROP,
5.9392,8,STA,WIFI_DROP,
5.9392,19,STA,WIFI_DROP,
5.9416,8,STA,WIFI_DROP,
5.9416,19,STA,WIFI_DROP,
5.944,8,STA,WIFI_DROP,
5.944,19,STA,WIFI_DROP,
5.9464,8,STA,WIFI_DROP,
5.9464,19,STA,WIFI_DROP,
5.9488,8,STA,WIFI_DROP,
5.9488,19,STA,WIFI_DROP,
5.9512,8,STA,WIFI_DROP,
5.9512,19,STA,WIFI_DROP,
5.9536,8,STA,WIFI_DROP,
5.9536,19,STA,WIFI_DROP,
5.956,8,STA,WIFI_DROP,
5.956,19,STA,WIFI_DROP,
5.9584,8,STA,WIFI_DROP,
5.9584,19,STA,WIFI_DROP,
5.9608,8,STA,WIFI_DROP,
5.9608,19,STA,WIFI_DROP,
5.9632,8,STA,WIFI_DROP,
5.9632,19,STA,WIFI_DROP,
5.9656,8,STA,WIFI_DROP,
5.9656,19,STA,WIFI_DROP,
5.968,8,STA,WIFI_DROP,
5.968,19,STA,WIFI_DROP,
5.9704,8,STA,WIFI_DROP,
5.9704,19,STA,WIFI_DROP,
5.9728,8,STA,WIFI_DROP,
5.9728,19,STA,WIFI_DROP,
5.9752,8,STA,WIFI_DROP,
5.9752,19,STA,WIFI_DROP,
5.9776,8,STA,WIFI_DROP,
5.9776,19,STA,WIFI_DROP,
5.98,8,STA,WIFI_DROP,
5.98,19,STA,WIFI_DROP,
5.9824,8,STA,WIFI_DROP,
5.9824,19,STA,WIFI_DROP,
5.9848,8,STA,WIFI_DROP,
5.9848,19,STA,WIFI_DROP,
5.9872,8,STA,WIFI_DROP,
5.9872,19,STA,WIFI_DROP,
5.9896,8,STA,WIFI_DROP,
5.9896,19,STA,WIFI_DROP,
5.992,8,STA,WIFI_DROP,
5.992,19,STA,WIFI_DROP,
5.9944,8,STA,WIFI_DROP,
5.9944,19,STA,WIFI_DROP,
5.9968,8,STA,WIFI_DROP,
5.9992,8,STA,WIFI_DROP,
6,8,STA,THROUGHPUT_MBPS,0.024000
6,9,STA,THROUGHPUT_MBPS,1.140000
6,11,STA,THROUGHPUT_MBPS,0.612000
6,15,STA,THROUGHPUT_MBPS,1.152000
6,16,STA,THROUGHPUT_MBPS,0.876000
6,21,STA,THROUGHPUT_MBPS,1.500000
6,1,AP,AGGREGATE_THROUGHPUT_MBPS,5.304000
6,1,AP,SENT_COUNT,8340.000000
6,1,AP,RECV_COUNT,442.000000
6,1,AP,LATENCY_P95_MS,529.005406
6.0016,8,STA,WIFI_DROP,
6.004,8,STA,WIFI_DROP,
6.0064,8,STA,WIFI_DROP,
6.0088,8,STA,WIFI_DROP,
6.0112,8,STA,WIFI_DROP,
6.0136,8,STA,WIFI_DROP,
6.016,8,STA,WIFI_DROP,
6.016,19,STA,WIFI_DROP,
6.0184,8,STA,WIFI_DROP,
6.0184,19,STA,WIFI_DROP,
6.0208,8,STA,WIFI_DROP,
6.0208,19,STA,WIFI_DROP,
6.0232,8,STA,WIFI_DROP,
6.0232,19,STA,WIFI_DROP,
6.0256,8,STA,WIFI_DROP,
6.0256,19,STA,WIFI_DROP,
6.028,8,STA,WIFI_DROP,
6.028,19,STA,WIFI_DROP,
6.0304,8,STA,WIFI_DROP,
6.0304,19,STA,WIFI_DROP,
6.0328,8,STA,WIFI_DROP,
6.0328,19,STA,WIFI_DROP,
6.0352,8,STA,WIFI_DROP,
6.0352,19,STA,WIFI_DROP,
6.0376,8,STA,WIFI_DROP,
6.0376,19,STA,WIFI_DROP,
6.04,8,STA,WIFI_DROP,
6.04,19,STA,WIFI_DROP,
6.0424,8,STA,WIFI_DROP,
6.0424,19,STA,WIFI_DROP,
6.0448,8,STA,WIFI_DROP,
6.0448,19,STA,WIFI_DROP,
6.0472,8,STA,WIFI_DROP,
6.0472,19,STA,WIFI_DROP,
6.0496,8,STA,WIFI_DROP,
6.0496,19,STA,WIFI_DROP,
6.052,8,STA,WIFI_DROP,
6.052,19,STA,WIFI_DROP,
6.0544,8,STA,WIFI_DROP,
6.0544,19,STA,WIFI_DROP,
6.0568,8,STA,WIFI_DROP,
6.0568,19,STA,WIFI_DROP,
6.0592,8,STA,WIFI_DROP,
6.0592,19,STA,WIFI_DROP,
6.0616,8,STA,WIFI_DROP,
6.0616,19,STA,WIFI_DROP,
6.064,8,STA,WIFI_DROP,
6.064,19,STA,WIFI_DROP,
6.0664,8,STA,WIFI_DROP,
6.0664,19,STA,WIFI_DROP,
6.0688,8,STA,WIFI_DROP,
6.0688,19,STA,WIFI_DROP,
6.0712,8,STA,WIFI_DROP,
6.0712,19,STA,WIFI_DROP,
6.0736,8,STA,WIFI_DROP,
6.0736,19,STA,WIFI_DROP,
6.076,8,STA,WIFI_DROP,
6.076,19,STA,WIFI_DROP,
6.0784,8,STA,WIFI_DROP,
6.0784,19,STA,WIFI_DROP,
6.0808,8,STA,WIFI_DROP,
6.0808,19,STA,WIFI_DROP,
6.0832,8,STA,WIFI_DROP,
6.0832,19,STA,WIFI_DROP,
6.0856,8,STA,WIFI_DROP,
6.0856,19,STA,WIFI_DROP,
6.088,8,STA,WIFI_DROP,
6.088,19,STA,WIFI_DROP,
6.0904,8,STA,WIFI_DROP,
6.0904,19,STA,WIFI_DROP,
6.0928,8,STA,WIFI_DROP,
6.0928,19,STA,WIFI_DROP,
6.0952,8,STA,WIFI_DROP,
6.0952,19,STA,WIFI_DROP,
6.0976,8,STA,WIFI_DROP,
6.0976,19,STA,WIFI_DROP,
6.1,8,STA,WIFI_DROP,
6.1,19,STA,WIFI_DROP,
6.1024,8,STA,WIFI_DROP,
6.1024,19,STA,WIFI_DROP,
6.1048,8,STA,WIFI_DROP,
6.1048,19,STA,WIFI_DROP,
6.1072,8,STA,WIFI_DROP,
6.1072,19,STA,WIFI_DROP,
6.1096,8,STA,WIFI_DROP,
6.1096,19,STA,WIFI_DROP,
6.112,8,STA,WIFI_DROP,
6.112,19,STA,WIFI_DROP,
6.1144,8,STA,WIFI_DROP,
6.1144,19,STA,WIFI_DROP,
6.1168,8,STA,WIFI_DROP,
6.1168,19,STA,WIFI_DROP,
6.1192,8,STA,WIFI_DROP,
6.1216,8,STA,WIFI_DROP,
6.124,8,STA,WIFI_DROP,
6.1264,8,STA,WIFI_DROP,
6.1288,8,STA,WIFI_DROP,
6.1312,8,STA,WIFI_DROP,
6.1336,8,STA,WIFI_DROP,
6.136,8,STA,WIFI_DROP,
6.1384,8,STA,WIFI_DROP,
6.1408,8,STA,WIFI_DROP,
6.1432,8,STA,WIFI_DROP,
6.1456,8,STA,WIFI_DROP,
6.148,8,STA,WIFI_DROP,
6.1504,8,STA,WIFI_DROP,
6.1528,8,STA,WIFI_DROP,
6.1552,8,STA,WIFI_DROP,
6.1576,8,STA,WIFI_DROP,
6.16,8,STA,WIFI_DROP,
6.1624,8,STA,WIFI_DROP,
6.1648,8,STA,WIFI_DROP,
6.1672,8,STA,WIFI_DROP,
6.1696,8,STA,WIFI_DROP,
6.172,8,STA,WIFI_DROP,
6.1744,8,STA,WIFI_DROP,
6.1768,8,STA,WIFI_DROP,
6.1792,8,STA,WIFI_DROP,
6.1816,8,STA,WIFI_DROP,
6.184,8,STA,WIFI_DROP,
6.1864,8,STA,WIFI_DROP,
6.1888,8,STA,WIFI_DROP,
6.1912,8,STA,WIFI_DROP,
6.1936,8,STA,WIFI_DROP,
6.196,8,STA,WIFI_DROP,
6.1984,8,STA,WIFI_DROP,
6.2008,8,STA,WIFI_DROP,
6.2032,8,STA,WIFI_DROP,
6.2056,8,STA,WIFI_DROP,
6.208,8,STA,WIFI_DROP,
6.2104,8,STA,WIFI_DROP,
6.2128,8,STA,WIFI_DROP,
6.2152,8,STA,WIFI_DROP,
6.2176,8,STA,WIFI_DROP,
6.22,8,STA,WIFI_DROP,
6.2224,8,STA,WIFI_DROP,
6.2248,8,STA,WIFI_DROP,
6.2272,8,STA,WIFI_DROP,
6.2296,8,STA,WIFI_DROP,
6.232,8,STA,WIFI_DROP,
6.2344,8,STA,WIFI_DROP,
6.2368,8,STA,WIFI_DROP,
6.2392,8,STA,WIFI_DROP,
6.2416,8,STA,WIFI_DROP,
6.244,8,STA,WIFI_DROP,
6.2464,8,STA,WIFI_DROP,
6.2488,8,STA,WIFI_DROP,
6.2512,8,STA,WIFI_DROP,
6.2536,8,STA,WIFI_DROP,
6.256,8,STA,WIFI_DROP,
6.2584,8,STA,WIFI_DROP,
6.2608,8,STA,WIFI_DROP,
6.2632,8,STA,WIFI_DROP,
6.2752,10,STA,WIFI_DROP,
6.2776,10,STA,WIFI_DROP,
6.28,10,STA,WIFI_DROP,
6.2824,10,STA,WIFI_DROP,
6.2848,10,STA,WIFI_DROP,
6.2872,10,STA,WIFI_DROP,
6.2896,10,STA,WIFI_DROP,
6.292,10,STA,WIFI_DROP,
6.2944,10,STA,WIFI_DROP,
6.2968,10,STA,WIFI_DROP,
6.2992,10,STA,WIFI_DROP,
6.3016,10,STA,WIFI_DROP,
6.304,10,STA,WIFI_DROP,
6.3064,10,STA,WIFI_DROP,
6.3088,10,STA,WIFI_DROP,
6.3112,10,STA,WIFI_DROP,
6.3136,10,STA,WIFI_DROP,
6.316,10,STA,WIFI_DROP,
6.3184,10,STA,WIFI_DROP,
6.3208,10,STA,WIFI_DROP,
6.3232,10,STA,WIFI_DROP,
6.3256,10,STA,WIFI_DROP,
6.328,10,STA,WIFI_DROP,
6.328,20,STA,WIFI_DROP,
6.3304,10,STA,WIFI_DROP,
6.3304,20,STA,WIFI_DROP,
6.3328,10,STA,WIFI_DROP,
6.3328,20,STA,WIFI_DROP,
6.3352,10,STA,WIFI_DROP,
6.3352,20,STA,WIFI_DROP,
6.3376,10,STA,WIFI_DROP,
6.3376,20,STA,WIFI_DROP,
6.34,10,STA,WIFI_DROP,
6.34,20,STA,WIFI_DROP,
6.3424,10,STA,WIFI_DROP,
6.3424,20,STA,WIFI_DROP,
6.3448,10,STA,WIFI_DROP,
6.3448,20,STA,WIFI_DROP,
6.3472,10,STA,WIFI_DROP,
6.3472,20,STA,WIFI_DROP,
6.3496,10,STA,WIFI_DROP,
6.3496,20,STA,WIFI_DROP,
6.352,10,STA,WIFI_DROP,
6.352,20,STA,WIFI_DROP,
6.3544,10,STA,WIFI_DROP,
6.3544,20,STA,WIFI_DROP,
6.3568,10,STA,WIFI_DROP,
6.3568,20,STA,WIFI_DROP,
6.3592,10,STA,WIFI_DROP,
6.3592,20,STA,WIFI_DROP,
6.3616,10,STA,WIFI_DROP,
6.3616,20,STA,WIFI_DROP,
6.364,10,STA,WIFI_DROP,
6.364,20,STA,WIFI_DROP,
6.3664,10,STA,WIFI_DROP,
6.3664,20,STA,WIFI_DROP,
6.3688,10,STA,WIFI_DROP,
6.3688,20,STA,WIFI_DROP,
6.3712,10,STA,WIFI_DROP,
6.3712,20,STA,WIFI_DROP,
6.3736,10,STA,WIFI_DROP,
6.3736,17,STA,WIFI_DROP,
6.3736,20,STA,WIFI_DROP,
6.376,10,STA,WIFI_DROP,
6.376,17,STA,WIFI_DROP,
6.376,20,STA,WIFI_DROP,
6.3784,10,STA,WIFI_DROP,
6.3784,17,STA,WIFI_DROP,
6.3784,20,STA,WIFI_DROP,
6.3808,10,STA,WIFI_DROP,
6.3808,17,STA,WIFI_DROP,
6.3808,20,STA,WIFI_DROP,
6.3832,10,STA,WIFI_DROP,
6.3832,17,STA,WIFI_DROP,
6.3832,20,STA,WIFI_DROP,
6.3856,10,STA,WIFI_DROP,
6.3856,17,STA,WIFI_DROP,
6.3856,20,STA,WIFI_DROP,
6.388,10,STA,WIFI_DROP,
6.388,17,STA,WIFI_DROP,
6.388,20,STA,WIFI_DROP,
6.3904,10,STA,WIFI_DROP,
6.3904,17,STA,WIFI_DROP,
6.3904,20,STA,WIFI_DROP,
6.3928,10,STA,WIFI_DROP,
6.3928,17,STA,WIFI_DROP,
6.3928,20,STA,WIFI_DROP,
6.3952,10,STA,WIFI_DROP,
6.3952,17,STA,WIFI_DROP,
6.3952,20,STA,WIFI_DROP,
6.3976,10,STA,WIFI_DROP,
6.3976,17,STA,WIFI_DROP,
6.3976,20,STA,WIFI_DROP,
6.4,10,STA,WIFI_DROP,
6.4,17,STA,WIFI_DROP,
6.4,20,STA,WIFI_DROP,
6.4024,10,STA,WIFI_DROP,
6.4024,17,STA,WIFI_DROP,
6.4024,20,STA,WIFI_DROP,
6.4048,10,STA,WIFI_DROP,
6.4048,17,STA,WIFI_DROP,
6.4048,20,STA,WIFI_DROP,
6.4072,10,STA,WIFI_DROP,
6.4072,17,STA,WIFI_DROP,
6.4072,20,STA,WIFI_DROP,
6.4096,10,STA,WIFI_DROP,
6.4096,17,STA,WIFI_DROP,
6.4096,20,STA,WIFI_DROP,
6.412,10,STA,WIFI_DROP,
6.412,17,STA,WIFI_DROP,
6.412,20,STA,WIFI_DROP,
6.4144,10,STA,WIFI_DROP,
6.4144,17,STA,WIFI_DROP,
6.4144,20,STA,WIFI_DROP,
6.4168,10,STA,WIFI_DROP,
6.4168,17,STA,WIFI_DROP,
6.4168,20,STA,WIFI_DROP,
6.4192,10,STA,WIFI_DROP,
6.4192,17,STA,WIFI_DROP,
6.4192,20,STA,WIFI_DROP,
6.4216,10,STA,WIFI_DROP,
6.4216,17,STA,WIFI_DROP,
6.4216,20,STA,WIFI_DROP,
6.424,10,STA,WIFI_DROP,
6.424,17,STA,WIFI_DROP,
6.424,20,STA,WIFI_DROP,
6.4264,10,STA,WIFI_DROP,
6.4264,17,STA,WIFI_DROP,
6.4264,20,STA,WIFI_DROP,
6.4288,10,STA,WIFI_DROP,
6.4288,17,STA,WIFI_DROP,
6.4288,20,STA,WIFI_DROP,
6.4312,5,STA,WIFI_DROP,
6.4312,10,STA,WIFI_DROP,
6.4312,17,STA,WIFI_DROP,
6.4312,20,STA,WIFI_DROP,
6.4336,5,STA,WIFI_DROP,
6.4336,10,STA,WIFI_DROP,
6.4336,17,STA,WIFI_DROP,
6.4336,20,STA,WIFI_DROP,
6.436,5,STA,WIFI_DROP,
6.436,10,STA,WIFI_DROP,
6.436,17,STA,WIFI_DROP,
6.436,20,STA,WIFI_DROP,
6.4384,5,STA,WIFI_DROP,
6.4384,10,STA,WIFI_DROP,
6.4384,17,STA,WIFI_DROP,
6.4384,20,STA,WIFI_DROP,
6.4408,5,STA,WIFI_DROP,
6.4408,10,STA,WIFI_DROP,
6.4408,17,STA,WIFI_DROP,
6.4408,20,STA,WIFI_DROP,
6.4432,5,STA,WIFI_DROP,
6.4432,10,STA,WIFI_DROP,
6.4432,17,STA,WIFI_DROP,
6.4432,20,STA,WIFI_DROP,
6.4456,5,STA,WIFI_DROP,
6.4456,10,STA,WIFI_DROP,
6.4456,17,STA,WIFI_DROP,
6.4456,20,STA,WIFI_DROP,
6.448,5,STA,WIFI_DROP,
6.448,10,STA,WIFI_DROP,
6.448,17,STA,WIFI_DROP,
6.448,20,STA,WIFI_DROP,
6.4504,5,STA,WIFI_DROP,
6.4504,10,STA,WIFI_DROP,
6.4504,17,STA,WIFI_DROP,
6.4504,20,STA,WIFI_DROP,
6.4528,5,STA,WIFI_DROP,
6.4528,10,STA,WIFI_DROP,
6.4528,17,STA,WIFI_DROP,
6.4528,20,STA,WIFI_DROP,
6.4552,5,STA,WIFI_DROP,
6.4552,10,STA,WIFI_DROP,
6.4552,17,STA,WIFI_DROP,
6.4552,20,STA,WIFI_DROP,
6.4576,5,STA,WIFI_DROP,
6.4576,10,STA,WIFI_DROP,
6.4576,17,STA,WIFI_DROP,
6.4576,20,STA,WIFI_DROP,
6.46,5,STA,WIFI_DROP,
6.46,10,STA,WIFI_DROP,
6.46,17,STA,WIFI_DROP,
6.46,20,STA,WIFI_DROP,
6.4624,5,STA,WIFI_DROP,
6.4624,10,STA,WIFI_DROP,
6.4624,17,STA,WIFI_DROP,
6.4624,20,STA,WIFI_DROP,
6.4648,5,STA,WIFI_DROP,
6.4648,10,STA,WIFI_DROP,
6.4648,17,STA,WIFI_DROP,
6.4648,20,STA,WIFI_DROP,
6.4672,5,STA,WIFI_DROP,
6.4672,10,STA,WIFI_DROP,
6.4672,17,STA,WIFI_DROP,
6.4672,20,STA,WIFI_DROP,
6.4696,5,STA,WIFI_DROP,
6.4696,10,STA,WIFI_DROP,
6.4696,17,STA,WIFI_DROP,
6.4696,20,STA,WIFI_DROP,
6.472,5,STA,WIFI_DROP,
6.472,10,STA,WIFI_DROP,
6.472,17,STA,WIFI_DROP,
6.472,20,STA,WIFI_DROP,
6.4744,5,STA,WIFI_DROP,
6.4744,10,STA,WIFI_DROP,
6.4744,17,STA,WIFI_DROP,
6.4744,20,STA,WIFI_DROP,
6.4768,5,STA,WIFI_DROP,
6.4768,10,STA,WIFI_DROP,
6.4768,17,STA,WIFI_DROP,
6.4768,20,STA,WIFI_DROP,
6.4792,5,STA,WIFI_DROP,
6.4792,10,STA,WIFI_DROP,
6.4792,17,STA,WIFI_DROP,
6.4792,20,STA,WIFI_DROP,
6.4816,5,STA,WIFI_DROP,
6.4816,10,STA,WIFI_DROP,
6.4816,17,STA,WIFI_DROP,
6.4816,20,STA,WIFI_DROP,
6.484,5,STA,WIFI_DROP,
6.484,10,STA,WIFI_DROP,
6.484,17,STA,WIFI_DROP,
6.484,20,STA,WIFI_DROP,
6.4864,5,STA,WIFI_DROP,
6.4864,10,STA,WIFI_DROP,
6.4864,17,STA,WIFI_DROP,
6.4864,20,STA,WIFI_DROP,
6.4888,5,STA,WIFI_DROP,
6.4888,10,STA,WIFI_DROP,
6.4888,17,STA,WIFI_DROP,
6.4888,20,STA,WIFI_DROP,
6.4912,5,STA,WIFI_DROP,
6.4912,10,STA,WIFI_DROP,
6.4912,17,STA,WIFI_DROP,
6.4912,20,STA,WIFI_DROP,
6.4936,5,STA,WIFI_DROP,
6.4936,10,STA,WIFI_DROP,
6.4936,17,STA,WIFI_DROP,
6.4936,20,STA,WIFI_DROP,
6.496,5,STA,WIFI_DROP,
6.496,10,STA,WIFI_DROP,
6.496,17,STA,WIFI_DROP,
6.496,20,STA,WIFI_DROP,
6.4984,5,STA,WIFI_DROP,
6.4984,10,STA,WIFI_DROP,
6.4984,17,STA,WIFI_DROP,
6.4984,20,STA,WIFI_DROP,
6.5008,5,STA,WIFI_DROP,
6.5008,10,STA,WIFI_DROP,
6.5008,17,STA,WIFI_DROP,
6.5008,20,STA,WIFI_DROP,
6.5032,5,STA,WIFI_DROP,
6.5032,10,STA,WIFI_DROP,
6.5032,17,STA,WIFI_DROP,
6.5032,20,STA,WIFI_DROP,
6.5056,5,STA,WIFI_DROP,
6.5056,10,STA,WIFI_DROP,
6.5056,17,STA,WIFI_DROP,
6.5056,20,STA,WIFI_DROP,
6.508,5,STA,WIFI_DROP,
6.508,10,STA,WIFI_DROP,
6.508,17,STA,WIFI_DROP,
6.508,20,STA,WIFI_DROP,
6.5104,5,STA,WIFI_DROP,
6.5104,10,STA,WIFI_DROP,
6.5104,17,STA,WIFI_DROP,
6.5104,20,STA,WIFI_DROP,
6.5128,5,STA,WIFI_DROP,
6.5128,10,STA,WIFI_DROP,
6.5128,17,STA,WIFI_DROP,
6.5128,20,STA,WIFI_DROP,
6.5152,5,STA,WIFI_DROP,
6.5152,10,STA,WIFI_DROP,
6.5152,17,STA,WIFI_DROP,
6.5152,20,STA,WIFI_DROP,
6.5176,5,STA,WIFI_DROP,
6.5176,10,STA,WIFI_DROP,
6.5176,17,STA,WIFI_DROP,
6.5176,20,STA,WIFI_DROP,
6.52,5,STA,WIFI_DROP,
6.52,10,STA,WIFI_DROP,
6.52,17,STA,WIFI_DROP,
6.52,20,STA,WIFI_DROP,
6.5224,5,STA,WIFI_DROP,
6.5224,10,STA,WIFI_DROP,
6.5224,17,STA,WIFI_DROP,
6.5224,20,STA,WIFI_DROP,
6.5248,5,STA,WIFI_DROP,
6.5248,10,STA,WIFI_DROP,
6.5248,17,STA,WIFI_DROP,
6.5248,20,STA,WIFI_DROP,
6.5272,5,STA,WIFI_DROP,
6.5272,10,STA,WIFI_DROP,
6.5272,17,STA,WIFI_DROP,
6.5272,20,STA,WIFI_DROP,
6.5296,5,STA,WIFI_DROP,
6.5296,10,STA,WIFI_DROP,
6.5296,17,STA,WIFI_DROP,
6.5296,20,STA,WIFI_DROP,
6.532,5,STA,WIFI_DROP,
6.532,10,STA,WIFI_DROP,
6.532,17,STA,WIFI_DROP,
6.532,20,STA,WIFI_DROP,
6.5344,5,STA,WIFI_DROP,
6.5344,10,STA,WIFI_DROP,
6.5344,17,STA,WIFI_DROP,
6.5344,20,STA,WIFI_DROP,
6.5368,5,STA,WIFI_DROP,
6.5368,10,STA,WIFI_DROP,
6.5368,17,STA,WIFI_DROP,
6.5368,20,STA,WIFI_DROP,
6.5392,5,STA,WIFI_DROP,
6.5392,10,STA,WIFI_DROP,
6.5392,17,STA,WIFI_DROP,
6.5392,20,STA,WIFI_DROP,
6.5416,5,STA,WIFI_DROP,
6.5416,10,STA,WIFI_DROP,
6.5416,17,STA,WIFI_DROP,
6.5416,20,STA,WIFI_DROP,
6.544,5,STA,WIFI_DROP,
6.544,10,STA,WIFI_DROP,
6.544,17,STA,WIFI_DROP,
6.544,20,STA,WIFI_DROP,
6.5464,5,STA,WIFI_DROP,
6.5464,10,STA,WIFI_DROP,
6.5464,17,STA,WIFI_DROP,
6.5464,20,STA,WIFI_DROP,
6.5488,5,STA,WIFI_DROP,
6.5488,10,STA,WIFI_DROP,
6.5488,17,STA,WIFI_DROP,
6.5488,20,STA,WIFI_DROP,
6.5512,5,STA,WIFI_DROP,
6.5512,10,STA,WIFI_DROP,
6.5512,17,STA,WIFI_DROP,
6.5512,20,STA,WIFI_DROP,
6.5536,5,STA,WIFI_DROP,
6.5536,10,STA,WIFI_DROP,
6.5536,17,STA,WIFI_DROP,
6.5536,20,STA,WIFI_DROP,
6.556,5,STA,WIFI_DROP,
6.556,10,STA,WIFI_DROP,
6.556,17,STA,WIFI_DROP,
6.556,20,STA,WIFI_DROP,
6.5584,5,STA,WIFI_DROP,
6.5584,10,STA,WIFI_DROP,
6.5584,17,STA,WIFI_DROP,
6.5584,20,STA,WIFI_DROP,
6.5608,5,STA,WIFI_DROP,
6.5608,10,STA,WIFI_DROP,
6.5608,17,STA,WIFI_DROP,
6.5608,20,STA,WIFI_DROP,
6.5632,5,STA,WIFI_DROP,
6.5632,10,STA,WIFI_DROP,
6.5632,17,STA,WIFI_DROP,
6.5632,20,STA,WIFI_DROP,
6.5656,5,STA,WIFI_DROP,
6.5656,10,STA,WIFI_DROP,
6.5656,17,STA,WIFI_DROP,
6.5656,20,STA,WIFI_DROP,
6.568,5,STA,WIFI_DROP,
6.568,10,STA,WIFI_DROP,
6.568,17,STA,WIFI_DROP,
6.568,20,STA,WIFI_DROP,
6.5704,5,STA,WIFI_DROP,
6.5704,10,STA,WIFI_DROP,
6.5704,17,STA,WIFI_DROP,
6.5704,20,STA,WIFI_DROP,
6.5728,5,STA,WIFI_DROP,
6.5728,10,STA,WIFI_DROP,
6.5728,17,STA,WIFI_DROP,
6.5728,20,STA,WIFI_DROP,
6.5752,5,STA,WIFI_DROP,
6.5752,10,STA,WIFI_DROP,
6.5752,17,STA,WIFI_DROP,
6.5752,20,STA,WIFI_DROP,
6.5776,5,STA,WIFI_DROP,
6.5776,10,STA,WIFI_DROP,
6.5776,17,STA,WIFI_DROP,
6.5776,20,STA,WIFI_DROP,
6.58,5,STA,WIFI_DROP,
6.58,10,STA,WIFI_DROP,
6.58,17,STA,WIFI_DROP,
6.58,20,STA,WIFI_DROP,
6.5824,5,STA,WIFI_DROP,
6.5824,10,STA,WIFI_DROP,
6.5824,17,STA,WIFI_DROP,
6.5824,20,STA,WIFI_DROP,
6.5848,5,STA,WIFI_DROP,
6.5848,10,STA,WIFI_DROP,
6.5848,17,STA,WIFI_DROP,
6.5848,20,STA,WIFI_DROP,
6.5872,5,STA,WIFI_DROP,
6.5872,10,STA,WIFI_DROP,
6.5872,17,STA,WIFI_DROP,
6.5872,20,STA,WIFI_DROP,
6.5896,5,STA,WIFI_DROP,
6.5896,10,STA,WIFI_DROP,
6.5896,17,STA,WIFI_DROP,
6.5896,20,STA,WIFI_DROP,
6.592,5,STA,WIFI_DROP,
6.592,10,STA,WIFI_DROP,
6.592,17,STA,WIFI_DROP,
6.592,20,STA,WIFI_DROP,
6.5944,5,STA,WIFI_DROP,
6.5944,10,STA,WIFI_DROP,
6.5944,17,STA,WIFI_DROP,
6.5944,20,STA,WIFI_DROP,
6.5968,5,STA,WIFI_DROP,
6.5968,10,STA,WIFI_DROP,
6.5968,17,STA,WIFI_DROP,
6.5968,20,STA,WIFI_DROP,
6.5992,5,STA,WIFI_DROP,
6.5992,10,STA,WIFI_DROP,
6.5992,17,STA,WIFI_DROP,
6.5992,20,STA,WIFI_DROP,
6.6016,5,STA,WIFI_DROP,
6.6016,10,STA,WIFI_DROP,
6.6016,17,STA,WIFI_DROP,
6.6016,20,STA,WIFI_DROP,
6.604,5,STA,WIFI_DROP,
6.604,10,STA,WIFI_DROP,
6.604,17,STA,WIFI_DROP,
6.604,20,STA,WIFI_DROP,
6.6064,5,STA,WIFI_DROP,
6.6064,10,STA,WIFI_DROP,
6.6064,17,STA,WIFI_DROP,
6.6064,20,STA,WIFI_DROP,
6.6088,5,STA,WIFI_DROP,
6.6088,10,STA,WIFI_DROP,
6.6088,17,STA,WIFI_DROP,
6.6088,20,STA,WIFI_DROP,
6.6112,5,STA,WIFI_DROP,
6.6112,10,STA,WIFI_DROP,
6.6112,17,STA,WIFI_DROP,
6.6112,20,STA,WIFI_DROP,
6.6136,5,STA,WIFI_DROP,
6.6136,10,STA,WIFI_DROP,
6.6136,17,STA,WIFI_DROP,
6.6136,20,STA,WIFI_DROP,
6.616,5,STA,WIFI_DROP,
6.616,10,STA,WIFI_DROP,
6.616,17,STA,WIFI_DROP,
6.616,20,STA,WIFI_DROP,
6.6184,5,STA,WIFI_DROP,
6.6184,10,STA,WIFI_DROP,
6.6184,17,STA,WIFI_DROP,
6.6184,20,STA,WIFI_DROP,
6.6208,5,STA,WIFI_DROP,
6.6208,10,STA,WIFI_DROP,
6.6208,17,STA,WIFI_DROP,
6.6208,20,STA,WIFI_DROP,
6.6232,5,STA,WIFI_DROP,
6.6232,10,STA,WIFI_DROP,
6.6232,17,STA,WIFI_DROP,
6.6232,20,STA,WIFI_DROP,
6.6256,5,STA,WIFI_DROP,
6.6256,10,STA,WIFI_DROP,
6.6256,17,STA,WIFI_DROP,
6.6256,20,STA,WIFI_DROP,
6.628,5,STA,WIFI_DROP,
6.628,10,STA,WIFI_DROP,
6.628,17,STA,WIFI_DROP,
6.628,20,STA,WIFI_DROP,
6.6304,5,STA,WIFI_DROP,
6.6304,10,STA,WIFI_DROP,
6.6304,17,STA,WIFI_DROP,
6.6304,20,STA,WIFI_DROP,
6.6328,5,STA,WIFI_DROP,
6.6328,10,STA,WIFI_DROP,
6.6328,17,STA,WIFI_DROP,
6.6328,20,STA,WIFI_DROP,
6.6352,3,STA,WIFI_DROP,
6.6352,5,STA,WIFI_DROP,
6.6352,10,STA,WIFI_DROP,
6.6352,17,STA,WIFI_DROP,
6.6352,20,STA,WIFI_DROP,
6.6376,3,STA,WIFI_DROP,
6.6376,5,STA,WIFI_DROP,
6.6376,10,STA,WIFI_DROP,
6.6376,17,STA,WIFI_DROP,
6.6376,20,STA,WIFI_DROP,
6.64,3,STA,WIFI_DROP,
6.64,5,STA,WIFI_DROP,
6.64,10,STA,WIFI_DROP,
6.64,17,STA,WIFI_DROP,
6.64,20,STA,WIFI_DROP,
6.6424,3,STA,WIFI_DROP,
6.6424,5,STA,WIFI_DROP,
6.6424,10,STA,WIFI_DROP,
6.6424,17,STA,WIFI_DROP,
6.6424,20,STA,WIFI_DROP,
6.6448,3,STA,WIFI_DROP,
6.6448,5,STA,WIFI_DROP,
6.6448,10,STA,WIFI_DROP,
6.6448,17,STA,WIFI_DROP,
6.6448,20,STA,WIFI_DROP,
6.6472,3,STA,WIFI_DROP,
6.6472,5,STA,WIFI_DROP,
6.6472,10,STA,WIFI_DROP,
6.6472,17,STA,WIFI_DROP,
6.6472,20,STA,WIFI_DROP,
6.6496,3,STA,WIFI_DROP,
6.6496,5,STA,WIFI_DROP,
6.6496,10,STA,WIFI_DROP,
6.6496,17,STA,WIFI_DROP,
6.6496,20,STA,WIFI_DROP,
6.652,3,STA,WIFI_DROP,
6.652,5,STA,WIFI_DROP,
6.652,10,STA,WIFI_DROP,
6.652,17,STA,WIFI_DROP,
6.652,20,STA,WIFI_DROP,
6.6544,3,STA,WIFI_DROP,
6.6544,5,STA,WIFI_DROP,
6.6544,10,STA,WIFI_DROP,
6.6544,17,STA,WIFI_DROP,
6.6544,20,STA,WIFI_DROP,
6.6568,3,STA,WIFI_DROP,
6.6568,5,STA,WIFI_DROP,
6.6568,10,STA,WIFI_DROP,
6.6568,17,STA,WIFI_DROP,
6.6568,20,STA,WIFI_DROP,
6.6592,3,STA,WIFI_DROP,
6.6592,5,STA,WIFI_DROP,
6.6592,10,STA,WIFI_DROP,
6.6592,17,STA,WIFI_DROP,
6.6592,20,STA,WIFI_DROP,
6.6616,3,STA,WIFI_DROP,
6.6616,5,STA,WIFI_DROP,
6.6616,10,STA,WIFI_DROP,
6.6616,17,STA,WIFI_DROP,
6.6616,20,STA,WIFI_DROP,
6.664,3,STA,WIFI_DROP,
6.664,5,STA,WIFI_DROP,
6.664,10,STA,WIFI_DROP,
6.664,17,STA,WIFI_DROP,
6.664,20,STA,WIFI_DROP,
6.6664,3,STA,WIFI_DROP,
6.6664,5,STA,WIFI_DROP,
6.6664,10,STA,WIFI_DROP,
6.6664,17,STA,WIFI_DROP,
6.6664,20,STA,WIFI_DROP,
6.6688,3,STA,WIFI_DROP,
6.6688,5,STA,WIFI_DROP,
6.6688,10,STA,WIFI_DROP,
6.6688,17,STA,WIFI_DROP,
6.6688,20,STA,WIFI_DROP,
6.6712,3,STA,WIFI_DROP,
6.6712,5,STA,WIFI_DROP,
6.6712,10,STA,WIFI_DROP,
6.6712,17,STA,WIFI_DROP,
6.6712,20,STA,WIFI_DROP,
6.6736,3,STA,WIFI_DROP,
6.6736,5,STA,WIFI_DROP,
6.6736,10,STA,WIFI_DROP,
6.6736,17,STA,WIFI_DROP,
6.6736,20,STA,WIFI_DROP,
6.676,3,STA,WIFI_DROP,
6.676,5,STA,WIFI_DROP,
6.676,10,STA,WIFI_DROP,
6.676,17,STA,WIFI_DROP,
6.676,20,STA,WIFI_DROP,
6.6784,3,STA,WIFI_DROP,
6.6784,5,STA,WIFI_DROP,
6.6784,10,STA,WIFI_DROP,
6.6784,17,STA,WIFI_DROP,
6.6784,20,STA,WIFI_DROP,
6.6808,3,STA,WIFI_DROP,
6.6808,5,STA,WIFI_DROP,
6.6808,10,STA,WIFI_DROP,
6.6808,17,STA,WIFI_DROP,
6.6808,20,STA,WIFI_DROP,
6.6832,3,STA,WIFI_DROP,
6.6832,5,STA,WIFI_DROP,
6.6832,10,STA,WIFI_DROP,
6.6832,17,STA,WIFI_DROP,
6.6832,20,STA,WIFI_DROP,
6.6856,3,STA,WIFI_DROP,
6.6856,5,STA,WIFI_DROP,
6.6856,10,STA,WIFI_DROP,
6.6856,17,STA,WIFI_DROP,
6.6856,20,STA,WIFI_DROP,
6.688,3,STA,WIFI_DROP,
6.688,5,STA,WIFI_DROP,
6.688,10,STA,WIFI_DROP,
6.688,17,STA,WIFI_DROP,
6.688,20,STA,WIFI_DROP,
6.6904,3,STA,WIFI_DROP,
6.6904,5,STA,WIFI_DROP,
6.6904,10,STA,WIFI_DROP,
6.6904,17,STA,WIFI_DROP,
6.6904,20,STA,WIFI_DROP,
6.6928,3,STA,WIFI_DROP,
6.6928,5,STA,WIFI_DROP,
6.6928,10,STA,WIFI_DROP,
6.6928,17,STA,WIFI_DROP,
6.6928,20,STA,WIFI_DROP,
6.6952,3,STA,WIFI_DROP,
6.6952,5,STA,WIFI_DROP,
6.6952,10,STA,WIFI_DROP,
6.6952,17,STA,WIFI_DROP,
6.6952,20,STA,WIFI_DROP,
6.6976,3,STA,WIFI_DROP,
6.6976,5,STA,WIFI_DROP,
6.6976,10,STA,WIFI_DROP,
6.6976,17,STA,WIFI_DROP,
6.6976,20,STA,WIFI_DROP,
6.7,3,STA,WIFI_DROP,
6.7,5,STA,WIFI_DROP,
6.7,10,STA,WIFI_DROP,
6.7,17,STA,WIFI_DROP,
6.7,20,STA,WIFI_DROP,
6.7024,3,STA,WIFI_DROP,
6.7024,5,STA,WIFI_DROP,
6.7024,10,STA,WIFI_DROP,
6.7024,17,STA,WIFI_DROP,
6.7024,20,STA,WIFI_DROP,
6.7048,3,STA,WIFI_DROP,
6.7048,5,STA,WIFI_DROP,
6.7048,10,STA,WIFI_DROP,
6.7048,17,STA,WIFI_DROP,
6.7048,20,STA,WIFI_DROP,
6.7072,3,STA,WIFI_DROP,
6.7072,5,STA,WIFI_DROP,
6.7072,10,STA,WIFI_DROP,
6.7072,17,STA,WIFI_DROP,
6.7072,20,STA,WIFI_DROP,
6.7096,3,STA,WIFI_DROP,
6.7096,5,STA,WIFI_DROP,
6.7096,10,STA,WIFI_DROP,
6.7096,17,STA,WIFI_DROP,
6.7096,20,STA,WIFI_DROP,
6.712,3,STA,WIFI_DROP,
6.712,5,STA,WIFI_DROP,
6.712,10,STA,WIFI_DROP,
6.712,17,STA,WIFI_DROP,
6.712,20,STA,WIFI_DROP,
6.7144,3,STA,WIFI_DROP,
6.7144,5,STA,WIFI_DROP,
6.7144,10,STA,WIFI_DROP,
6.7144,17,STA,WIFI_DROP,
6.7144,20,STA,WIFI_DROP,
6.7168,3,STA,WIFI_DROP,
6.7168,5,STA,WIFI_DROP,
6.7168,10,STA,WIFI_DROP,
6.7168,17,STA,WIFI_DROP,
6.7168,20,STA,WIFI_DROP,
6.7192,3,STA,WIFI_DROP,
6.7192,5,STA,WIFI_DROP,
6.7192,10,STA,WIFI_DROP,
6.7192,17,STA,WIFI_DROP,
6.7192,20,STA,WIFI_DROP,
6.7216,3,STA,WIFI_DROP,
6.7216,5,STA,WIFI_DROP,
6.7216,10,STA,WIFI_DROP,
6.7216,17,STA,WIFI_DROP,
6.7216,20,STA,WIFI_DROP,
6.724,3,STA,WIFI_DROP,
6.724,5,STA,WIFI_DROP,
6.724,10,STA,WIFI_DROP,
6.724,17,STA,WIFI_DROP,
6.724,20,STA,WIFI_DROP,
6.7264,3,STA,WIFI_DROP,
6.7264,5,STA,WIFI_DROP,
6.7264,10,STA,WIFI_DROP,
6.7264,17,STA,WIFI_DROP,
6.7264,20,STA,WIFI_DROP,
6.7288,3,STA,WIFI_DROP,
6.7288,5,STA,WIFI_DROP,
6.7288,10,STA,WIFI_DROP,
6.7288,17,STA,WIFI_DROP,
6.7288,20,STA,WIFI_DROP,
6.7312,3,STA,WIFI_DROP,
6.7312,5,STA,WIFI_DROP,
6.7312,10,STA,WIFI_DROP,
6.7312,17,STA,WIFI_DROP,
6.7312,20,STA,WIFI_DROP,
6.7336,3,STA,WIFI_DROP,
6.7336,5,STA,WIFI_DROP,
6.7336,10,STA,WIFI_DROP,
6.7336,17,STA,WIFI_DROP,
6.7336,20,STA,WIFI_DROP,
6.736,3,STA,WIFI_DROP,
6.736,5,STA,WIFI_DROP,
6.736,10,STA,WIFI_DROP,
6.736,17,STA,WIFI_DROP,
6.736,20,STA,WIFI_DROP,
6.7384,3,STA,WIFI_DROP,
6.7384,5,STA,WIFI_DROP,
6.7384,10,STA,WIFI_DROP,
6.7384,11,STA,WIFI_DROP,
6.7384,17,STA,WIFI_DROP,
6.7384,20,STA,WIFI_DROP,
6.7408,3,STA,WIFI_DROP,
6.7408,5,STA,WIFI_DROP,
6.7408,10,STA,WIFI_DROP,
6.7408,11,STA,WIFI_DROP,
6.7408,17,STA,WIFI_DROP,
6.7408,20,STA,WIFI_DROP,
6.7432,3,STA,WIFI_DROP,
6.7432,5,STA,WIFI_DROP,
6.7432,10,STA,WIFI_DROP,
6.7432,11,STA,WIFI_DROP,
6.7432,17,STA,WIFI_DROP,
6.7432,20,STA,WIFI_DROP,
6.7456,3,STA,WIFI_DROP,
6.7456,5,STA,WIFI_DROP,
6.7456,10,STA,WIFI_DROP,
6.7456,11,STA,WIFI_DROP,
6.7456,17,STA,WIFI_DROP,
6.7456,20,STA,WIFI_DROP,
6.748,3,STA,WIFI_DROP,
6.748,5,STA,WIFI_DROP,
6.748,10,STA,WIFI_DROP,
6.748,11,STA,WIFI_DROP,
6.748,17,STA,WIFI_DROP,
6.748,20,STA,WIFI_DROP,
6.7504,3,STA,WIFI_DROP,
6.7504,5,STA,WIFI_DROP,
6.7504,10,STA,WIFI_DROP,
6.7504,11,STA,WIFI_DROP,
6.7504,17,STA,WIFI_DROP,
6.7504,20,STA,WIFI_DROP,
6.7528,3,STA,WIFI_DROP,
6.7528,5,STA,WIFI_DROP,
6.7528,10,STA,WIFI_DROP,
6.7528,11,STA,WIFI_DROP,
6.7528,17,STA,WIFI_DROP,
6.7528,20,STA,WIFI_DROP,
6.7552,3,STA,WIFI_DROP,
6.7552,5,STA,WIFI_DROP,
6.7552,10,STA,WIFI_DROP,
6.7552,11,STA,WIFI_DROP,
6.7552,17,STA,WIFI_DROP,
6.7552,20,STA,WIFI_DROP,
6.7576,3,STA,WIFI_DROP,
6.7576,5,STA,WIFI_DROP,
6.7576,10,STA,WIFI_DROP,
6.7576,11,STA,WIFI_DROP,
6.7576,17,STA,WIFI_DROP,
6.7576,20,STA,WIFI_DROP,
6.76,3,STA,WIFI_DROP,
6.76,5,STA,WIFI_DROP,
6.76,10,STA,WIFI_DROP,
6.76,11,STA,WIFI_DROP,
6.76,17,STA,WIFI_DROP,
6.76,20,STA,WIFI_DROP,
6.7624,3,STA,WIFI_DROP,
6.7624,5,STA,WIFI_DROP,
6.7624,10,STA,WIFI_DROP,
6.7624,11,STA,WIFI_DROP,
6.7624,17,STA,WIFI_DROP,
6.7624,20,STA,WIFI_DROP,
6.7648,3,STA,WIFI_DROP,
6.7648,5,STA,WIFI_DROP,
6.7648,10,STA,WIFI_DROP,
6.7648,11,STA,WIFI_DROP,
6.7648,17,STA,WIFI_DROP,
6.7648,20,STA,WIFI_DROP,
6.7672,3,STA,WIFI_DROP,
6.7672,5,STA,WIFI_DROP,
6.7672,10,STA,WIFI_DROP,
6.7672,11,STA,WIFI_DROP,
6.7672,17,STA,WIFI_DROP,
6.7672,20,STA,WIFI_DROP,
6.7696,3,STA,WIFI_DROP,
6.7696,5,STA,WIFI_DROP,
6.7696,10,STA,WIFI_DROP,
6.7696,11,STA,WIFI_DROP,
6.7696,17,STA,WIFI_DROP,
6.7696,20,STA,WIFI_DROP,
6.772,3,STA,WIFI_DROP,
6.772,5,STA,WIFI_DROP,
6.772,10,STA,WIFI_DROP,
6.772,11,STA,WIFI_DROP,
6.772,17,STA,WIFI_DROP,
6.772,20,STA,WIFI_DROP,
6.7744,3,STA,WIFI_DROP,
6.7744,5,STA,WIFI_DROP,
6.7744,10,STA,WIFI_DROP,
6.7744,11,STA,WIFI_DROP,
6.7744,17,STA,WIFI_DROP,
6.7744,20,STA,WIFI_DROP,
6.7768,3,STA,WIFI_DROP,
6.7768,5,STA,WIFI_DROP,
6.7768,10,STA,WIFI_DROP,
6.7768,11,STA,WIFI_DROP,
6.7768,17,STA,WIFI_DROP,
6.7768,20,STA,WIFI_DROP,
6.7792,3,STA,WIFI_DROP,
6.7792,5,STA,WIFI_DROP,
6.7792,10,STA,WIFI_DROP,
6.7792,11,STA,WIFI_DROP,
6.7792,17,STA,WIFI_DROP,
6.7792,20,STA,WIFI_DROP,
6.7816,3,STA,WIFI_DROP,
6.7816,5,STA,WIFI_DROP,
6.7816,10,STA,WIFI_DROP,
6.7816,11,STA,WIFI_DROP,
6.7816,17,STA,WIFI_DROP,
6.7816,20,STA,WIFI_DROP,
6.784,3,STA,WIFI_DROP,
6.784,5,STA,WIFI_DROP,
6.784,10,STA,WIFI_DROP,
6.784,11,STA,WIFI_DROP,
6.784,17,STA,WIFI_DROP,
6.7864,3,STA,WIFI_DROP,
6.7864,5,STA,WIFI_DROP,
6.7864,10,STA,WIFI_DROP,
6.7864,11,STA,WIFI_DROP,
6.7864,17,STA,WIFI_DROP,
6.7888,3,STA,WIFI_DROP,
6.7888,5,STA,WIFI_DROP,
6.7888,10,STA,WIFI_DROP,
6.7888,11,STA,WIFI_DROP,
6.7888,17,STA,WIFI_DROP,
6.7912,3,STA,WIFI_DROP,
6.7912,5,STA,WIFI_DROP,
6.7912,10,STA,WIFI_DROP,
6.7912,11,STA,WIFI_DROP,
6.7912,17,STA,WIFI_DROP,
6.7936,3,STA,WIFI_DROP,
6.7936,5,STA,WIFI_DROP,
6.7936,10,STA,WIFI_DROP,
6.7936,11,STA,WIFI_DROP,
6.7936,17,STA,WIFI_DROP,
6.796,3,STA,WIFI_DROP,
6.796,5,STA,WIFI_DROP,
6.796,10,STA,WIFI_DROP,
6.796,11,STA,WIFI_DROP,
6.796,17,STA,WIFI_DROP,
6.7984,3,STA,WIFI_DROP,
6.7984,5,STA,WIFI_DROP,
6.7984,10,STA,WIFI_DROP,
6.7984,11,STA,WIFI_DROP,
6.7984,17,STA,WIFI_DROP,
6.8008,3,STA,WIFI_DROP,
6.8008,5,STA,WIFI_DROP,
6.8008,10,STA,WIFI_DROP,
6.8008,11,STA,WIFI_DROP,
6.8008,17,STA,WIFI_DROP,
6.8032,3,STA,WIFI_DROP,
6.8032,5,STA,WIFI_DROP,
6.8032,10,STA,WIFI_DROP,
6.8032,11,STA,WIFI_DROP,
6.8032,17,STA,WIFI_DROP,
6.8056,3,STA,WIFI_DROP,
6.8056,5,STA,WIFI_DROP,
6.8056,10,STA,WIFI_DROP,
6.8056,11,STA,WIFI_DROP,
6.8056,17,STA,WIFI_DROP,
6.808,3,STA,WIFI_DROP,
6.808,5,STA,WIFI_DROP,
6.808,10,STA,WIFI_DROP,
6.808,11,STA,WIFI_DROP,
6.808,17,STA,WIFI_DROP,
6.8104,3,STA,WIFI_DROP,
6.8104,5,STA,WIFI_DROP,
6.8104,10,STA,WIFI_DROP,
6.8104,11,STA,WIFI_DROP,
6.8104,17,STA,WIFI_DROP,
6.8128,3,STA,WIFI_DROP,
6.8128,5,STA,WIFI_DROP,
6.8128,10,STA,WIFI_DROP,
6.8128,11,STA,WIFI_DROP,
6.8128,17,STA,WIFI_DROP,
6.8152,3,STA,WIFI_DROP,
6.8152,5,STA,WIFI_DROP,
6.8152,10,STA,WIFI_DROP,
6.8152,11,STA,WIFI_DROP,
6.8152,17,STA,WIFI_DROP,
6.8176,3,STA,WIFI_DROP,
6.8176,5,STA,WIFI_DROP,
6.8176,10,STA,WIFI_DROP,
6.8176,11,STA,WIFI_DROP,
6.8176,17,STA,WIFI_DROP,
6.82,3,STA,WIFI_DROP,
6.82,5,STA,WIFI_DROP,
6.82,10,STA,WIFI_DROP,
6.82,11,STA,WIFI_DROP,
6.82,17,STA,WIFI_DROP,
6.8224,3,STA,WIFI_DROP,
6.8224,5,STA,WIFI_DROP,
6.8224,10,STA,WIFI_DROP,
6.8224,11,STA,WIFI_DROP,
6.8224,17,STA,WIFI_DROP,
6.8248,3,STA,WIFI_DROP,
6.8248,5,STA,WIFI_DROP,
6.8248,10,STA,WIFI_DROP,
6.8248,11,STA,WIFI_DROP,
6.8248,17,STA,WIFI_DROP,
6.8272,3,STA,WIFI_DROP,
6.8272,5,STA,WIFI_DROP,
6.8272,10,STA,WIFI_DROP,
6.8272,11,STA,WIFI_DROP,
6.8272,17,STA,WIFI_DROP,
6.8296,3,STA,WIFI_DROP,
6.8296,5,STA,WIFI_DROP,
6.8296,10,STA,WIFI_DROP,
6.8296,11,STA,WIFI_DROP,
6.8296,17,STA,WIFI_DROP,
6.832,3,STA,WIFI_DROP,
6.832,5,STA,WIFI_DROP,
6.832,10,STA,WIFI_DROP,
6.832,11,STA,WIFI_DROP,
6.832,17,STA,WIFI_DROP,
6.8344,3,STA,WIFI_DROP,
6.8344,5,STA,WIFI_DROP,
6.8344,10,STA,WIFI_DROP,
6.8344,11,STA,WIFI_DROP,
6.8344,17,STA,WIFI_DROP,
6.8368,3,STA,WIFI_DROP,
6.8368,5,STA,WIFI_DROP,
6.8368,10,STA,WIFI_DROP,
6.8368,11,STA,WIFI_DROP,
6.8368,17,STA,WIFI_DROP,
6.8392,3,STA,WIFI_DROP,
6.8392,5,STA,WIFI_DROP,
6.8392,10,STA,WIFI_DROP,
6.8392,11,STA,WIFI_DROP,
6.8392,17,STA,WIFI_DROP,
6.8416,3,STA,WIFI_DROP,
6.8416,5,STA,WIFI_DROP,
6.8416,10,STA,WIFI_DROP,
6.8416,11,STA,WIFI_DROP,
6.8416,17,STA,WIFI_DROP,
6.844,3,STA,WIFI_DROP,
6.844,5,STA,WIFI_DROP,
6.844,10,STA,WIFI_DROP,
6.844,11,STA,WIFI_DROP,
6.844,17,STA,WIFI_DROP,
6.8464,3,STA,WIFI_DROP,
6.8464,5,STA,WIFI_DROP,
6.8464,10,STA,WIFI_DROP,
6.8464,11,STA,WIFI_DROP,
6.8464,17,STA,WIFI_DROP,
6.8488,3,STA,WIFI_DROP,
6.8488,5,STA,WIFI_DROP,
6.8488,10,STA,WIFI_DROP,
6.8488,11,STA,WIFI_DROP,
6.8488,17,STA,WIFI_DROP,
6.8512,3,STA,WIFI_DROP,
6.8512,5,STA,WIFI_DROP,
6.8512,10,STA,WIFI_DROP,
6.8512,11,STA,WIFI_DROP,
6.8512,17,STA,WIFI_DROP,
6.8536,3,STA,WIFI_DROP,
6.8536,5,STA,WIFI_DROP,
6.8536,10,STA,WIFI_DROP,
6.8536,11,STA,WIFI_DROP,
6.8536,17,STA,WIFI_DROP,
6.856,3,STA,WIFI_DROP,
6.856,5,STA,WIFI_DROP,
6.856,10,STA,WIFI_DROP,
6.856,11,STA,WIFI_DROP,
6.856,17,STA,WIFI_DROP,
6.8584,3,STA,WIFI_DROP,
6.8584,5,STA,WIFI_DROP,
6.8584,10,STA,WIFI_DROP,
6.8584,11,STA,WIFI_DROP,
6.8584,17,STA,WIFI_DROP,
6.8608,3,STA,WIFI_DROP,
6.8608,5,STA,WIFI_DROP,
6.8608,10,STA,WIFI_DROP,
6.8608,11,STA,WIFI_DROP,
6.8608,17,STA,WIFI_DROP,
6.8632,3,STA,WIFI_DROP,
6.8632,5,STA,WIFI_DROP,
6.8632,10,STA,WIFI_DROP,
6.8632,11,STA,WIFI_DROP,
6.8632,17,STA,WIFI_DROP,
6.8656,3,STA,WIFI_DROP,
6.8656,5,STA,WIFI_DROP,
6.8656,10,STA,WIFI_DROP,
6.8656,11,STA,WIFI_DROP,
6.8656,17,STA,WIFI_DROP,
6.868,3,STA,WIFI_DROP,
6.868,5,STA,WIFI_DROP,
6.868,10,STA,WIFI_DROP,
6.868,11,STA,WIFI_DROP,
6.868,17,STA,WIFI_DROP,
6.8704,3,STA,WIFI_DROP,
6.8704,5,STA,WIFI_DROP,
6.8704,10,STA,WIFI_DROP,
6.8704,11,STA,WIFI_DROP,
6.8704,17,STA,WIFI_DROP,
6.8728,3,STA,WIFI_DROP,
6.8728,5,STA,WIFI_DROP,
6.8728,10,STA,WIFI_DROP,
6.8728,11,STA,WIFI_DROP,
6.8728,17,STA,WIFI_DROP,
6.8752,3,STA,WIFI_DROP,
6.8752,5,STA,WIFI_DROP,
6.8752,10,STA,WIFI_DROP,
6.8752,11,STA,WIFI_DROP,
6.8752,17,STA,WIFI_DROP,
6.8776,3,STA,WIFI_DROP,
6.8776,5,STA,WIFI_DROP,
6.8776,10,STA,WIFI_DROP,
6.8776,11,STA,WIFI_DROP,
6.8776,17,STA,WIFI_DROP,
6.88,3,STA,WIFI_DROP,
6.88,5,STA,WIFI_DROP,
6.88,10,STA,WIFI_DROP,
6.88,11,STA,WIFI_DROP,
6.88,17,STA,WIFI_DROP,
6.8824,3,STA,WIFI_DROP,
6.8824,5,STA,WIFI_DROP,
6.8824,10,STA,WIFI_DROP,
6.8824,11,STA,WIFI_DROP,
6.8824,17,STA,WIFI_DROP,
6.8848,3,STA,WIFI_DROP,
6.8848,5,STA,WIFI_DROP,
6.8848,10,STA,WIFI_DROP,
6.8848,11,STA,WIFI_DROP,
6.8848,17,STA,WIFI_DROP,
6.8872,3,STA,WIFI_DROP,
6.8872,5,STA,WIFI_DROP,
6.8872,10,STA,WIFI_DROP,
6.8872,11,STA,WIFI_DROP,
6.8872,17,STA,WIFI_DROP,
6.8896,3,STA,WIFI_DROP,
6.8896,5,STA,WIFI_DROP,
6.8896,10,STA,WIFI_DROP,
6.8896,11,STA,WIFI_DROP,
6.8896,17,STA,WIFI_DROP,
6.892,3,STA,WIFI_DROP,
6.892,5,STA,WIFI_DROP,
6.892,10,STA,WIFI_DROP,
6.892,11,STA,WIFI_DROP,
6.892,17,STA,WIFI_DROP,
6.8944,3,STA,WIFI_DROP,
6.8944,5,STA,WIFI_DROP,
6.8944,10,STA,WIFI_DROP,
6.8944,11,STA,WIFI_DROP,
6.8944,17,STA,WIFI_DROP,
6.8968,3,STA,WIFI_DROP,
6.8968,5,STA,WIFI_DROP,
6.8968,10,STA,WIFI_DROP,
6.8968,11,STA,WIFI_DROP,
6.8968,17,STA,WIFI_DROP,
6.8992,3,STA,WIFI_DROP,
6.8992,5,STA,WIFI_DROP,
6.8992,10,STA,WIFI_DROP,
6.8992,11,STA,WIFI_DROP,
6.8992,17,STA,WIFI_DROP,
6.9016,3,STA,WIFI_DROP,
6.9016,5,STA,WIFI_DROP,
6.9016,10,STA,WIFI_DROP,
6.9016,11,STA,WIFI_DROP,
6.9016,17,STA,WIFI_DROP,
6.904,3,STA,WIFI_DROP,
6.904,5,STA,WIFI_DROP,
6.904,10,STA,WIFI_DROP,
6.904,11,STA,WIFI_DROP,
6.904,17,STA,WIFI_DROP,
6.9064,3,STA,WIFI_DROP,
6.9064,5,STA,WIFI_DROP,
6.9064,10,STA,WIFI_DROP,
6.9064,11,STA,WIFI_DROP,
6.9064,17,STA,WIFI_DROP,
6.9088,3,STA,WIFI_DROP,
6.9088,5,STA,WIFI_DROP,
6.9088,10,STA,WIFI_DROP,
6.9088,11,STA,WIFI_DROP,
6.9088,17,STA,WIFI_DROP,
6.9112,3,STA,WIFI_DROP,
6.9112,5,STA,WIFI_DROP,
6.9112,10,STA,WIFI_DROP,
6.9112,11,STA,WIFI_DROP,
6.9112,17,STA,WIFI_DROP,
6.9136,3,STA,WIFI_DROP,
6.9136,5,STA,WIFI_DROP,
6.9136,10,STA,WIFI_DROP,
6.9136,11,STA,WIFI_DROP,
6.9136,17,STA,WIFI_DROP,
6.916,3,STA,WIFI_DROP,
6.916,5,STA,WIFI_DROP,
6.916,10,STA,WIFI_DROP,
6.916,11,STA,WIFI_DROP,
6.916,17,STA,WIFI_DROP,
6.9184,3,STA,WIFI_DROP,
6.9184,5,STA,WIFI_DROP,
6.9184,10,STA,WIFI_DROP,
6.9184,11,STA,WIFI_DROP,
6.9184,17,STA,WIFI_DROP,
6.9208,3,STA,WIFI_DROP,
6.9208,5,STA,WIFI_DROP,
6.9208,10,STA,WIFI_DROP,
6.9208,11,STA,WIFI_DROP,
6.9208,17,STA,WIFI_DROP,
6.9232,3,STA,WIFI_DROP,
6.9232,5,STA,WIFI_DROP,
6.9232,10,STA,WIFI_DROP,
6.9232,11,STA,WIFI_DROP,
6.9232,17,STA,WIFI_DROP,
6.9256,3,STA,WIFI_DROP,
6.9256,5,STA,WIFI_DROP,
6.9256,10,STA,WIFI_DROP,
6.9256,11,STA,WIFI_DROP,
6.9256,17,STA,WIFI_DROP,
6.928,3,STA,WIFI_DROP,
6.928,5,STA,WIFI_DROP,
6.928,10,STA,WIFI_DROP,
6.928,11,STA,WIFI_DROP,
6.928,17,STA,WIFI_DROP,
6.9304,3,STA,WIFI_DROP,
6.9304,5,STA,WIFI_DROP,
6.9304,10,STA,WIFI_DROP,
6.9304,11,STA,WIFI_DROP,
6.9304,17,STA,WIFI_DROP,
6.9328,3,STA,WIFI_DROP,
6.9328,5,STA,WIFI_DROP,
6.9328,10,STA,WIFI_DROP,
6.9328,11,STA,WIFI_DROP,
6.9328,17,STA,WIFI_DROP,
6.9352,3,STA,WIFI_DROP,
6.9352,5,STA,WIFI_DROP,
6.9352,10,STA,WIFI_DROP,
6.9352,11,STA,WIFI_DROP,
6.9352,17,STA,WIFI_DROP,
6.9376,3,STA,WIFI_DROP,
6.9376,5,STA,WIFI_DROP,
6.9376,10,STA,WIFI_DROP,
6.9376,11,STA,WIFI_DROP,
6.9376,17,STA,WIFI_DROP,
6.94,3,STA,WIFI_DROP,
6.94,5,STA,WIFI_DROP,
6.94,10,STA,WIFI_DROP,
6.94,11,STA,WIFI_DROP,
6.94,17,STA,WIFI_DROP,
6.9424,3,STA,WIFI_DROP,
6.9424,5,STA,WIFI_DROP,
6.9424,10,STA,WIFI_DROP,
6.9424,11,STA,WIFI_DROP,
6.9424,12,STA,WIFI_DROP,
6.9424,17,STA,WIFI_DROP,
6.9448,3,STA,WIFI_DROP,
6.9448,5,STA,WIFI_DROP,
6.9448,7,STA,WIFI_DROP,
6.9448,10,STA,WIFI_DROP,
6.9448,11,STA,WIFI_DROP,
6.9448,12,STA,WIFI_DROP,
6.9448,17,STA,WIFI_DROP,
6.9472,3,STA,WIFI_DROP,
6.9472,5,STA,WIFI_DROP,
6.9472,7,STA,WIFI_DROP,
6.9472,10,STA,WIFI_DROP,
6.9472,11,STA,WIFI_DROP,
6.9472,12,STA,WIFI_DROP,
6.9472,17,STA,WIFI_DROP,
6.9496,3,STA,WIFI_DROP,
6.9496,5,STA,WIFI_DROP,
6.9496,7,STA,WIFI_DROP,
6.9496,10,STA,WIFI_DROP,
6.9496,11,STA,WIFI_DROP,
6.9496,12,STA,WIFI_DROP,
6.9496,17,STA,WIFI_DROP,
6.952,3,STA,WIFI_DROP,
6.952,5,STA,WIFI_DROP,
6.952,7,STA,WIFI_DROP,
6.952,10,STA,WIFI_DROP,
6.952,11,STA,WIFI_DROP,
6.952,12,STA,WIFI_DROP,
6.952,17,STA,WIFI_DROP,
6.9544,3,STA,WIFI_DROP,
6.9544,5,STA,WIFI_DROP,
6.9544,7,STA,WIFI_DROP,
6.9544,10,STA,WIFI_DROP,
6.9544,11,STA,WIFI_DROP,
6.9544,12,STA,WIFI_DROP,
6.9544,17,STA,WIFI_DROP,
6.9568,3,STA,WIFI_DROP,
6.9568,5,STA,WIFI_DROP,
6.9568,7,STA,WIFI_DROP,
6.9568,10,STA,WIFI_DROP,
6.9568,11,STA,WIFI_DROP,
6.9568,12,STA,WIFI_DROP,
6.9568,17,STA,WIFI_DROP,
6.9592,3,STA,WIFI_DROP,
6.9592,5,STA,WIFI_DROP,
6.9592,7,STA,WIFI_DROP,
6.9592,10,STA,WIFI_DROP,
6.9592,11,STA,WIFI_DROP,
6.9592,12,STA,WIFI_DROP,
6.9592,17,STA,WIFI_DROP,
6.9616,3,STA,WIFI_DROP,
6.9616,5,STA,WIFI_DROP,
6.9616,7,STA,WIFI_DROP,
6.9616,10,STA,WIFI_DROP,
6.9616,11,STA,WIFI_DROP,
6.9616,12,STA,WIFI_DROP,
6.9616,17,STA,WIFI_DROP,
6.964,3,STA,WIFI_DROP,
6.964,5,STA,WIFI_DROP,
6.964,7,STA,WIFI_DROP,
6.964,10,STA,WIFI_DROP,
6.964,11,STA,WIFI_DROP,
6.964,12,STA,WIFI_DROP,
6.964,17,STA,WIFI_DROP,
6.9664,3,STA,WIFI_DROP,
6.9664,5,STA,WIFI_DROP,
6.9664,7,STA,WIFI_DROP,
6.9664,10,STA,WIFI_DROP,
6.9664,11,STA,WIFI_DROP,
6.9664,12,STA,WIFI_DROP,
6.9664,17,STA,WIFI_DROP,
6.9688,3,STA,WIFI_DROP,
6.9688,5,STA,WIFI_DROP,
6.9688,7,STA,WIFI_DROP,
6.9688,10,STA,WIFI_DROP,
6.9688,11,STA,WIFI_DROP,
6.9688,12,STA,WIFI_DROP,
6.9688,17,STA,WIFI_DROP,
6.9712,3,STA,WIFI_DROP,
6.9712,5,STA,WIFI_DROP,
6.9712,7,STA,WIFI_DROP,
6.9712,10,STA,WIFI_DROP,
6.9712,11,STA,WIFI_DROP,
6.9712,12,STA,WIFI_DROP,
6.9712,17,STA,WIFI_DROP,
6.9736,3,STA,WIFI_DROP,
6.9736,5,STA,WIFI_DROP,
6.9736,7,STA,WIFI_DROP,
6.9736,10,STA,WIFI_DROP,
6.9736,11,STA,WIFI_DROP,
6.9736,12,STA,WIFI_DROP,
6.9736,17,STA,WIFI_DROP,
6.976,3,STA,WIFI_DROP,
6.976,5,STA,WIFI_DROP,
6.976,7,STA,WIFI_DROP,
6.976,10,STA,WIFI_DROP,
6.976,11,STA,WIFI_DROP,
6.976,12,STA,WIFI_DROP,
6.976,17,STA,WIFI_DROP,
6.9784,3,STA,WIFI_DROP,
6.9784,5,STA,WIFI_DROP,
6.9784,7,STA,WIFI_DROP,
6.9784,10,STA,WIFI_DROP,
6.9784,11,STA,WIFI_DROP,
6.9784,12,STA,WIFI_DROP,
6.9784,17,STA,WIFI_DROP,
6.9808,3,STA,WIFI_DROP,
6.9808,5,STA,WIFI_DROP,
6.9808,7,STA,WIFI_DROP,
6.9808,10,STA,WIFI_DROP,
6.9808,11,STA,WIFI_DROP,
6.9808,12,STA,WIFI_DROP,
6.9808,17,STA,WIFI_DROP,
6.9832,3,STA,WIFI_DROP,
6.9832,5,STA,WIFI_DROP,
6.9832,7,STA,WIFI_DROP,
6.9832,10,STA,WIFI_DROP,
6.9832,11,STA,WIFI_DROP,
6.9832,12,STA,WIFI_DROP,
6.9832,17,STA,WIFI_DROP,
6.9856,3,STA,WIFI_DROP,
6.9856,5,STA,WIFI_DROP,
6.9856,7,STA,WIFI_DROP,
6.9856,10,STA,WIFI_DROP,
6.9856,11,STA,WIFI_DROP,
6.9856,12,STA,WIFI_DROP,
6.9856,17,STA,WIFI_DROP,
6.988,3,STA,WIFI_DROP,
6.988,5,STA,WIFI_DROP,
6.988,7,STA,WIFI_DROP,
6.988,10,STA,WIFI_DROP,
6.988,11,STA,WIFI_DROP,
6.988,12,STA,WIFI_DROP,
6.988,17,STA,WIFI_DROP,
6.9904,5,STA,WIFI_DROP,
6.9904,7,STA,WIFI_DROP,
6.9904,10,STA,WIFI_DROP,
6.9904,11,STA,WIFI_DROP,
6.9904,12,STA,WIFI_DROP,
6.9904,17,STA,WIFI_DROP,
6.9928,5,STA,WIFI_DROP,
6.9928,7,STA,WIFI_DROP,
6.9928,10,STA,WIFI_DROP,
6.9928,11,STA,WIFI_DROP,
6.9928,12,STA,WIFI_DROP,
6.9928,17,STA,WIFI_DROP,
6.9952,5,STA,WIFI_DROP,
6.9952,7,STA,WIFI_DROP,
6.9952,10,STA,WIFI_DROP,
6.9952,11,STA,WIFI_DROP,
6.9952,12,STA,WIFI_DROP,
6.9952,17,STA,WIFI_DROP,
6.9976,5,STA,WIFI_DROP,
6.9976,7,STA,WIFI_DROP,
6.9976,10,STA,WIFI_DROP,
6.9976,11,STA,WIFI_DROP,
6.9976,12,STA,WIFI_DROP,
6.9976,17,STA,WIFI_DROP,
7,9,STA,THROUGHPUT_MBPS,1.164000
7,11,STA,THROUGHPUT_MBPS,0.696000
7,15,STA,THROUGHPUT_MBPS,1.440000
7,16,STA,THROUGHPUT_MBPS,1.116000
7,19,STA,THROUGHPUT_MBPS,0.792000
7,21,STA,THROUGHPUT_MBPS,0.336000
7,1,AP,AGGREGATE_THROUGHPUT_MBPS,5.544000
7,1,AP,SENT_COUNT,8320.000000
7,1,AP,RECV_COUNT,462.000000
7,1,AP,LATENCY_P95_MS,530.527639
7,5,STA,WIFI_DROP,
7,7,STA,WIFI_DROP,
7,10,STA,WIFI_DROP,
7,11,STA,WIFI_DROP,
7,12,STA,WIFI_DROP,
7,17,STA,WIFI_DROP,
7.0024,5,STA,WIFI_DROP,
7.0024,7,STA,WIFI_DROP,
7.0024,10,STA,WIFI_DROP,
7.0024,11,STA,WIFI_DROP,
7.0024,12,STA,WIFI_DROP,
7.0024,17,STA,WIFI_DROP,
7.0048,5,STA,WIFI_DROP,
7.0048,7,STA,WIFI_DROP,
7.0048,10,STA,WIFI_DROP,
7.0048,11,STA,WIFI_DROP,
7.0048,12,STA,WIFI_DROP,
7.0048,17,STA,WIFI_DROP,
7.0072,5,STA,WIFI_DROP,
7.0072,7,STA,WIFI_DROP,
7.0072,10,STA,WIFI_DROP,
7.0072,11,STA,WIFI_DROP,
7.0072,12,STA,WIFI_DROP,
7.0072,17,STA,WIFI_DROP,
7.0096,5,STA,WIFI_DROP,
7.0096,7,STA,WIFI_DROP,
7.0096,10,STA,WIFI_DROP,
7.0096,11,STA,WIFI_DROP,
7.0096,12,STA,WIFI_DROP,
7.0096,17,STA,WIFI_DROP,
7.012,5,STA,WIFI_DROP,
7.012,7,STA,WIFI_DROP,
7.012,10,STA,WIFI_DROP,
7.012,11,STA,WIFI_DROP,
7.012,12,STA,WIFI_DROP,
7.012,17,STA,WIFI_DROP,
7.0144,5,STA,WIFI_DROP,
7.0144,7,STA,WIFI_DROP,
7.0144,10,STA,WIFI_DROP,
7.0144,11,STA,WIFI_DROP,
7.0144,12,STA,WIFI_DROP,
7.0144,17,STA,WIFI_DROP,
7.0168,5,STA,WIFI_DROP,
7.0168,7,STA,WIFI_DROP,
7.0168,10,STA,WIFI_DROP,
7.0168,11,STA,WIFI_DROP,
7.0168,12,STA,WIFI_DROP,
7.0168,17,STA,WIFI_DROP,
7.0192,5,STA,WIFI_DROP,
7.0192,7,STA,WIFI_DROP,
7.0192,10,STA,WIFI_DROP,
7.0192,11,STA,WIFI_DROP,
7.0192,12,STA,WIFI_DROP,
7.0192,17,STA,WIFI_DROP,
7.0216,5,STA,WIFI_DROP,
7.0216,7,STA,WIFI_DROP,
7.0216,10,STA,WIFI_DROP,
7.0216,11,STA,WIFI_DROP,
7.0216,12,STA,WIFI_DROP,
7.0216,17,STA,WIFI_DROP,
7.024,5,STA,WIFI_DROP,
7.024,7,STA,WIFI_DROP,
7.024,10,STA,WIFI_DROP,
7.024,11,STA,WIFI_DROP,
7.024,12,STA,WIFI_DROP,
7.024,17,STA,WIFI_DROP,
7.0264,5,STA,WIFI_DROP,
7.0264,7,STA,WIFI_DROP,
7.0264,10,STA,WIFI_DROP,
7.0264,11,STA,WIFI_DROP,
7.0264,12,STA,WIFI_DROP,
7.0264,17,STA,WIFI_DROP,
7.0288,5,STA,WIFI_DROP,
7.0288,7,STA,WIFI_DROP,
7.0288,10,STA,WIFI_DROP,
7.0288,11,STA,WIFI_DROP,
7.0288,12,STA,WIFI_DROP,
7.0288,17,STA,WIFI_DROP,
7.0312,5,STA,WIFI_DROP,
7.0312,7,STA,WIFI_DROP,
7.0312,10,STA,WIFI_DROP,
7.0312,11,STA,WIFI_DROP,
7.0312,12,STA,WIFI_DROP,
7.0312,17,STA,WIFI_DROP,
7.0336,5,STA,WIFI_DROP,
7.0336,7,STA,WIFI_DROP,
7.0336,10,STA,WIFI_DROP,
7.0336,11,STA,WIFI_DROP,
7.0336,12,STA,WIFI_DROP,
7.0336,17,STA,WIFI_DROP,
7.036,5,STA,WIFI_DROP,
7.036,7,STA,WIFI_DROP,
7.036,10,STA,WIFI_DROP,
7.036,11,STA,WIFI_DROP,
7.036,12,STA,WIFI_DROP,
7.036,17,STA,WIFI_DROP,
7.0384,5,STA,WIFI_DROP,
7.0384,7,STA,WIFI_DROP,
7.0384,10,STA,WIFI_DROP,
7.0384,11,STA,WIFI_DROP,
7.0384,12,STA,WIFI_DROP,
7.0384,17,STA,WIFI_DROP,
7.0408,5,STA,WIFI_DROP,
7.0408,7,STA,WIFI_DROP,
7.0408,10,STA,WIFI_DROP,
7.0408,11,STA,WIFI_DROP,
7.0408,12,STA,WIFI_DROP,
7.0408,17,STA,WIFI_DROP,
7.0432,5,STA,WIFI_DROP,
7.0432,7,STA,WIFI_DROP,
7.0432,10,STA,WIFI_DROP,
7.0432,11,STA,WIFI_DROP,
7.0432,12,STA,WIFI_DROP,
7.0432,17,STA,WIFI_DROP,
7.0456,5,STA,WIFI_DROP,
7.0456,7,STA,WIFI_DROP,
7.0456,10,STA,WIFI_DROP,
7.0456,11,STA,WIFI_DROP,
7.0456,12,STA,WIFI_DROP,
7.0456,13,STA,WIFI_DROP,
7.0456,17,STA,WIFI_DROP,
7.048,5,STA,WIFI_DROP,
7.048,7,STA,WIFI_DROP,
7.048,10,STA,WIFI_DROP,
7.048,11,STA,WIFI_DROP,
7.048,12,STA,WIFI_DROP,
7.048,13,STA,WIFI_DROP,
7.048,17,STA,WIFI_DROP,
7.0504,5,STA,WIFI_DROP,
7.0504,7,STA,WIFI_DROP,
7.0504,10,STA,WIFI_DROP,
7.0504,11,STA,WIFI_DROP,
7.0504,12,STA,WIFI_DROP,
7.0504,13,STA,WIFI_DROP,
7.0504,17,STA,WIFI_DROP,
7.0528,5,STA,WIFI_DROP,
7.0528,7,STA,WIFI_DROP,
7.0528,10,STA,WIFI_DROP,
7.0528,11,STA,WIFI_DROP,
7.0528,12,STA,WIFI_DROP,
7.0528,13,STA,WIFI_DROP,
7.0528,17,STA,WIFI_DROP,
7.0552,5,STA,WIFI_DROP,
7.0552,7,STA,WIFI_DROP,
7.0552,10,STA,WIFI_DROP,
7.0552,11,STA,WIFI_DROP,
7.0552,12,STA,WIFI_DROP,
7.0552,13,STA,WIFI_DROP,
7.0552,17,STA,WIFI_DROP,
7.0576,5,STA,WIFI_DROP,
7.0576,7,STA,WIFI_DROP,
7.0576,10,STA,WIFI_DROP,
7.0576,11,STA,WIFI_DROP,
7.0576,12,STA,WIFI_DROP,
7.0576,13,STA,WIFI_DROP,
7.0576,17,STA,WIFI_DROP,
7.06,5,STA,WIFI_DROP,
7.06,7,STA,WIFI_DROP,
7.06,10,STA,WIFI_DROP,
7.06,11,STA,WIFI_DROP,
7.06,12,STA,WIFI_DROP,
7.06,13,STA,WIFI_DROP,
7.06,17,STA,WIFI_DROP,
7.0624,5,STA,WIFI_DROP,
7.0624,7,STA,WIFI_DROP,
7.0624,10,STA,WIFI_DROP,
7.0624,11,STA,WIFI_DROP,
7.0624,12,STA,WIFI_DROP,
7.0624,13,STA,WIFI_DROP,
7.0624,17,STA,WIFI_DROP,
7.0648,5,STA,WIFI_DROP,
7.0648,7,STA,WIFI_DROP,
7.0648,10,STA,WIFI_DROP,
7.0648,11,STA,WIFI_DROP,
7.0648,12,STA,WIFI_DROP,
7.0648,13,STA,WIFI_DROP,
7.0648,17,STA,WIFI_DROP,
7.0672,5,STA,WIFI_DROP,
7.0672,7,STA,WIFI_DROP,
7.0672,10,STA,WIFI_DROP,
7.0672,11,STA,WIFI_DROP,
7.0672,12,STA,WIFI_DROP,
7.0672,13,STA,WIFI_DROP,
7.0672,17,STA,WIFI_DROP,
7.0696,5,STA,WIFI_DROP,
7.0696,7,STA,WIFI_DROP,
7.0696,10,STA,WIFI_DROP,
7.0696,11,STA,WIFI_DROP,
7.0696,12,STA,WIFI_DROP,
7.0696,13,STA,WIFI_DROP,
7.0696,17,STA,WIFI_DROP,
7.072,5,STA,WIFI_DROP,
7.072,7,STA,WIFI_DROP,
7.072,10,STA,WIFI_DROP,
7.072,11,STA,WIFI_DROP,
7.072,12,STA,WIFI_DROP,
7.072,13,STA,WIFI_DROP,
7.072,17,STA,WIFI_DROP,
7.0744,5,STA,WIFI_DROP,
7.0744,7,STA,WIFI_DROP,
7.0744,10,STA,WIFI_DROP,
7.0744,11,STA,WIFI_DROP,
7.0744,12,STA,WIFI_DROP,
7.0744,13,STA,WIFI_DROP,
7.0744,17,STA,WIFI_DROP,
7.0768,5,STA,WIFI_DROP,
7.0768,7,STA,WIFI_DROP,
7.0768,10,STA,WIFI_DROP,
7.0768,11,STA,WIFI_DROP,
7.0768,12,STA,WIFI_DROP,
7.0768,13,STA,WIFI_DROP,
7.0768,17,STA,WIFI_DROP,
7.0792,5,STA,WIFI_DROP,
7.0792,7,STA,WIFI_DROP,
7.0792,10,STA,WIFI_DROP,
7.0792,11,STA,WIFI_DROP,
7.0792,12,STA,WIFI_DROP,
7.0792,13,STA,WIFI_DROP,
7.0792,17,STA,WIFI_DROP,
7.0816,5,STA,WIFI_DROP,
7.0816,7,STA,WIFI_DROP,
7.0816,10,STA,WIFI_DROP,
7.0816,11,STA,WIFI_DROP,
7.0816,12,STA,WIFI_DROP,
7.0816,13,STA,WIFI_DROP,
7.0816,17,STA,WIFI_DROP,
7.084,5,STA,WIFI_DROP,
7.084,7,STA,WIFI_DROP,
7.084,10,STA,WIFI_DROP,
7.084,11,STA,WIFI_DROP,
7.084,12,STA,WIFI_DROP,
7.084,13,STA,WIFI_DROP,
7.084,17,STA,WIFI_DROP,
7.0864,5,STA,WIFI_DROP,
7.0864,7,STA,WIFI_DROP,
7.0864,10,STA,WIFI_DROP,
7.0864,11,STA,WIFI_DROP,
7.0864,12,STA,WIFI_DROP,
7.0864,13,STA,WIFI_DROP,
7.0864,17,STA,WIFI_DROP,
7.0888,5,STA,WIFI_DROP,
7.0888,7,STA,WIFI_DROP,
7.0888,10,STA,WIFI_DROP,
7.0888,11,STA,WIFI_DROP,
7.0888,12,STA,WIFI_DROP,
7.0888,13,STA,WIFI_DROP,
7.0888,17,STA,WIFI_DROP,
7.0912,5,STA,WIFI_DROP,
7.0912,7,STA,WIFI_DROP,
7.0912,10,STA,WIFI_DROP,
7.0912,11,STA,WIFI_DROP,
7.0912,12,STA,WIFI_DROP,
7.0912,13,STA,WIFI_DROP,
7.0912,17,STA,WIFI_DROP,
7.0936,5,STA,WIFI_DROP,
7.0936,7,STA,WIFI_DROP,
7.0936,10,STA,WIFI_DROP,
7.0936,11,STA,WIFI_DROP,
7.0936,12,STA,WIFI_DROP,
7.0936,13,STA,WIFI_DROP,
7.0936,17,STA,WIFI_DROP,
7.096,5,STA,WIFI_DROP,
7.096,7,STA,WIFI_DROP,
7.096,10,STA,WIFI_DROP,
7.096,11,STA,WIFI_DROP,
7.096,12,STA,WIFI_DROP,
7.096,13,STA,WIFI_DROP,
7.096,17,STA,WIFI_DROP,
7.0984,5,STA,WIFI_DROP,
7.0984,7,STA,WIFI_DROP,
7.0984,10,STA,WIFI_DROP,
7.0984,11,STA,WIFI_DROP,
7.0984,12,STA,WIFI_DROP,
7.0984,13,STA,WIFI_DROP,
7.0984,17,STA,WIFI_DROP,
7.1008,5,STA,WIFI_DROP,
7.1008,7,STA,WIFI_DROP,
7.1008,10,STA,WIFI_DROP,
7.1008,11,STA,WIFI_DROP,
7.1008,12,STA,WIFI_DROP,
7.1008,13,STA,WIFI_DROP,
7.1008,17,STA,WIFI_DROP,
7.1032,5,STA,WIFI_DROP,
7.1032,7,STA,WIFI_DROP,
7.1032,10,STA,WIFI_DROP,
7.1032,11,STA,WIFI_DROP,
7.1032,12,STA,WIFI_DROP,
7.1032,13,STA,WIFI_DROP,
7.1032,17,STA,WIFI_DROP,
7.1056,5,STA,WIFI_DROP,
7.1056,7,STA,WIFI_DROP,
7.1056,10,STA,WIFI_DROP,
7.1056,11,STA,WIFI_DROP,
7.1056,12,STA,WIFI_DROP,
7.1056,13,STA,WIFI_DROP,
7.1056,17,STA,WIFI_DROP,
7.108,5,STA,WIFI_DROP,
7.108,7,STA,WIFI_DROP,
7.108,10,STA,WIFI_DROP,
7.108,11,STA,WIFI_DROP,
7.108,12,STA,WIFI_DROP,
7.108,13,STA,WIFI_DROP,
7.108,17,STA,WIFI_DROP,
7.1104,5,STA,WIFI_DROP,
7.1104,7,STA,WIFI_DROP,
7.1104,10,STA,WIFI_DROP,
7.1104,11,STA,WIFI_DROP,
7.1104,12,STA,WIFI_DROP,
7.1104,13,STA,WIFI_DROP,
7.1104,17,STA,WIFI_DROP,
7.1128,5,STA,WIFI_DROP,
7.1128,7,STA,WIFI_DROP,
7.1128,10,STA,WIFI_DROP,
7.1128,11,STA,WIFI_DROP,
7.1128,12,STA,WIFI_DROP,
7.1128,13,STA,WIFI_DROP,
7.1128,17,STA,WIFI_DROP,
7.1152,5,STA,WIFI_DROP,
7.1152,7,STA,WIFI_DROP,
7.1152,10,STA,WIFI_DROP,
7.1152,11,STA,WIFI_DROP,
7.1152,12,STA,WIFI_DROP,
7.1152,13,STA,WIFI_DROP,
7.1152,17,STA,WIFI_DROP,
7.1176,5,STA,WIFI_DROP,
7.1176,7,STA,WIFI_DROP,
7.1176,10,STA,WIFI_DROP,
7.1176,11,STA,WIFI_DROP,
7.1176,12,STA,WIFI_DROP,
7.1176,13,STA,WIFI_DROP,
7.1176,17,STA,WIFI_DROP,
7.12,5,STA,WIFI_DROP,
7.12,7,STA,WIFI_DROP,
7.12,10,STA,WIFI_DROP,
7.12,11,STA,WIFI_DROP,
7.12,12,STA,WIFI_DROP,
7.12,13,STA,WIFI_DROP,
7.12,17,STA,WIFI_DROP,
7.1224,5,STA,WIFI_DROP,
7.1224,7,STA,WIFI_DROP,
7.1224,10,STA,WIFI_DROP,
7.1224,11,STA,WIFI_DROP,
7.1224,12,STA,WIFI_DROP,
7.1224,13,STA,WIFI_DROP,
7.1224,17,STA,WIFI_DROP,
7.1248,5,STA,WIFI_DROP,
7.1248,7,STA,WIFI_DROP,
7.1248,10,STA,WIFI_DROP,
7.1248,11,STA,WIFI_DROP,
7.1248,12,STA,WIFI_DROP,
7.1248,13,STA,WIFI_DROP,
7.1248,17,STA,WIFI_DROP,
7.1272,5,STA,WIFI_DROP,
7.1272,7,STA,WIFI_DROP,
7.1272,10,STA,WIFI_DROP,
7.1272,11,STA,WIFI_DROP,
7.1272,12,STA,WIFI_DROP,
7.1272,13,STA,WIFI_DROP,
7.1272,17,STA,WIFI_DROP,
7.1296,5,STA,WIFI_DROP,
7.1296,7,STA,WIFI_DROP,
7.1296,11,STA,WIFI_DROP,
7.1296,12,STA,WIFI_DROP,
7.1296,13,STA,WIFI_DROP,
7.1296,17,STA,WIFI_DROP,
7.132,5,STA,WIFI_DROP,
7.132,7,STA,WIFI_DROP,
7.132,11,STA,WIFI_DROP,
7.132,12,STA,WIFI_DROP,
7.132,13,STA,WIFI_DROP,
7.132,17,STA,WIFI_DROP,
7.1344,5,STA,WIFI_DROP,
7.1344,7,STA,WIFI_DROP,
7.1344,11,STA,WIFI_DROP,
7.1344,12,STA,WIFI_DROP,
7.1344,13,STA,WIFI_DROP,
7.1344,17,STA,WIFI_DROP,
7.1368,5,STA,WIFI_DROP,
7.1368,7,STA,WIFI_DROP,
7.1368,11,STA,WIFI_DROP,
7.1368,12,STA,WIFI_DROP,
7.1368,13,STA,WIFI_DROP,
7.1368,17,STA,WIFI_DROP,
7.1392,5,STA,WIFI_DROP,
7.1392,7,STA,WIFI_DROP,
7.1392,11,STA,WIFI_DROP,
7.1392,12,STA,WIFI_DROP,
7.1392,13,STA,WIFI_DROP,
7.1392,17,STA,WIFI_DROP,
7.1416,5,STA,WIFI_DROP,
7.1416,7,STA,WIFI_DROP,
7.1416,11,STA,WIFI_DROP,
7.1416,12,STA,WIFI_DROP,
7.1416,13,STA,WIFI_DROP,
7.1416,17,STA,WIFI_DROP,
7.144,5,STA,WIFI_DROP,
7.144,7,STA,WIFI_DROP,
7.144,11,STA,WIFI_DROP,
7.144,12,STA,WIFI_DROP,
7.144,13,STA,WIFI_DROP,
7.144,17,STA,WIFI_DROP,
7.1464,5,STA,WIFI_DROP,
7.1464,7,STA,WIFI_DROP,
7.1464,11,STA,WIFI_DROP,
7.1464,12,STA,WIFI_DROP,
7.1464,13,STA,WIFI_DROP,
7.1464,17,STA,WIFI_DROP,
7.1488,4,STA,WIFI_DROP,
7.1488,5,STA,WIFI_DROP,
7.1488,7,STA,WIFI_DROP,
7.1488,11,STA,WIFI_DROP,
7.1488,12,STA,WIFI_DROP,
7.1488,13,STA,WIFI_DROP,
7.1488,17,STA,WIFI_DROP,
7.1512,4,STA,WIFI_DROP,
7.1512,5,STA,WIFI_DROP,
7.1512,7,STA,WIFI_DROP,
7.1512,11,STA,WIFI_DROP,
7.1512,12,STA,WIFI_DROP,
7.1512,13,STA,WIFI_DROP,
7.1512,17,STA,WIFI_DROP,
7.1536,4,STA,WIFI_DROP,
7.1536,5,STA,WIFI_DROP,
7.1536,7,STA,WIFI_DROP,
7.1536,11,STA,WIFI_DROP,
7.1536,12,STA,WIFI_DROP,
7.1536,13,STA,WIFI_DROP,
7.1536,17,STA,WIFI_DROP,
7.156,4,STA,WIFI_DROP,
7.156,5,STA,WIFI_DROP,
7.156,7,STA,WIFI_DROP,
7.156,11,STA,WIFI_DROP,
7.156,12,STA,WIFI_DROP,
7.156,13,STA,WIFI_DROP,
7.156,17,STA,WIFI_DROP,
7.1584,4,STA,WIFI_DROP,
7.1584,5,STA,WIFI_DROP,
7.1584,7,STA,WIFI_DROP,
7.1584,11,STA,WIFI_DROP,
7.1584,12,STA,WIFI_DROP,
7.1584,13,STA,WIFI_DROP,
7.1584,17,STA,WIFI_DROP,
7.1608,4,STA,WIFI_DROP,
7.1608,5,STA,WIFI_DROP,
7.1608,7,STA,WIFI_DROP,
7.1608,11,STA,WIFI_DROP,
7.1608,12,STA,WIFI_DROP,
7.1608,13,STA,WIFI_DROP,
7.1608,17,STA,WIFI_DROP,
7.1632,4,STA,WIFI_DROP,
7.1632,5,STA,WIFI_DROP,
7.1632,7,STA,WIFI_DROP,
7.1632,11,STA,WIFI_DROP,
7.1632,12,STA,WIFI_DROP,
7.1632,13,STA,WIFI_DROP,
7.1632,17,STA,WIFI_DROP,
7.1656,4,STA,WIFI_DROP,
7.1656,5,STA,WIFI_DROP,
7.1656,7,STA,WIFI_DROP,
7.1656,11,STA,WIFI_DROP,
7.1656,12,STA,WIFI_DROP,
7.1656,13,STA,WIFI_DROP,
7.1656,17,STA,WIFI_DROP,
7.168,4,STA,WIFI_DROP,
7.168,5,STA,WIFI_DROP,
7.168,7,STA,WIFI_DROP,
7.168,11,STA,WIFI_DROP,
7.168,12,STA,WIFI_DROP,
7.168,13,STA,WIFI_DROP,
7.168,17,STA,WIFI_DROP,
7.1704,4,STA,WIFI_DROP,
7.1704,5,STA,WIFI_DROP,
7.1704,7,STA,WIFI_DROP,
7.1704,11,STA,WIFI_DROP,
7.1704,12,STA,WIFI_DROP,
7.1704,13,STA,WIFI_DROP,
7.1704,17,STA,WIFI_DROP,
7.1728,4,STA,WIFI_DROP,
7.1728,5,STA,WIFI_DROP,
7.1728,7,STA,WIFI_DROP,
7.1728,11,STA,WIFI_DROP,
7.1728,12,STA,WIFI_DROP,
7.1728,13,STA,WIFI_DROP,
7.1728,17,STA,WIFI_DROP,
7.1752,4,STA,WIFI_DROP,
7.1752,5,STA,WIFI_DROP,
7.1752,7,STA,WIFI_DROP,
7.1752,11,STA,WIFI_DROP,
7.1752,12,STA,WIFI_DROP,
7.1752,13,STA,WIFI_DROP,
7.1752,17,STA,WIFI_DROP,
7.1776,4,STA,WIFI_DROP,
7.1776,5,STA,WIFI_DROP,
7.1776,7,STA,WIFI_DROP,
7.1776,11,STA,WIFI_DROP,
7.1776,12,STA,WIFI_DROP,
7.1776,13,STA,WIFI_DROP,
7.1776,17,STA,WIFI_DROP,
7.18,4,STA,WIFI_DROP,
7.18,5,STA,WIFI_DROP,
7.18,7,STA,WIFI_DROP,
7.18,11,STA,WIFI_DROP,
7.18,12,STA,WIFI_DROP,
7.18,13,STA,WIFI_DROP,
7.18,17,STA,WIFI_DROP,
7.1824,4,STA,WIFI_DROP,
7.1824,5,STA,WIFI_DROP,
7.1824,7,STA,WIFI_DROP,
7.1824,11,STA,WIFI_DROP,
7.1824,12,STA,WIFI_DROP,
7.1824,13,STA,WIFI_DROP,
7.1824,17,STA,WIFI_DROP,
7.1848,4,STA,WIFI_DROP,
7.1848,5,STA,WIFI_DROP,
7.1848,7,STA,WIFI_DROP,
7.1848,11,STA,WIFI_DROP,
7.1848,12,STA,WIFI_DROP,
7.1848,13,STA,WIFI_DROP,
7.1848,17,STA,WIFI_DROP,
7.1872,4,STA,WIFI_DROP,
7.1872,5,STA,WIFI_DROP,
7.1872,7,STA,WIFI_DROP,
7.1872,11,STA,WIFI_DROP,
7.1872,12,STA,WIFI_DROP,
7.1872,13,STA,WIFI_DROP,
7.1872,17,STA,WIFI_DROP,
7.1896,4,STA,WIFI_DROP,
7.1896,5,STA,WIFI_DROP,
7.1896,7,STA,WIFI_DROP,
7.1896,11,STA,WIFI_DROP,
7.1896,12,STA,WIFI_DROP,
7.1896,13,STA,WIFI_DROP,
7.1896,17,STA,WIFI_DROP,
7.192,4,STA,WIFI_DROP,
7.192,5,STA,WIFI_DROP,
7.192,7,STA,WIFI_DROP,
7.192,11,STA,WIFI_DROP,
7.192,12,STA,WIFI_DROP,
7.192,13,STA,WIFI_DROP,
7.192,17,STA,WIFI_DROP,
7.1944,4,STA,WIFI_DROP,
7.1944,5,STA,WIFI_DROP,
7.1944,7,STA,WIFI_DROP,
7.1944,11,STA,WIFI_DROP,
7.1944,12,STA,WIFI_DROP,
7.1944,13,STA,WIFI_DROP,
7.1944,17,STA,WIFI_DROP,
7.1968,4,STA,WIFI_DROP,
7.1968,5,STA,WIFI_DROP,
7.1968,7,STA,WIFI_DROP,
7.1968,11,STA,WIFI_DROP,
7.1968,12,STA,WIFI_DROP,
7.1968,13,STA,WIFI_DROP,
7.1968,17,STA,WIFI_DROP,
7.1992,4,STA,WIFI_DROP,
7.1992,5,STA,WIFI_DROP,
7.1992,7,STA,WIFI_DROP,
7.1992,11,STA,WIFI_DROP,
7.1992,12,STA,WIFI_DROP,
7.1992,13,STA,WIFI_DROP,
7.1992,17,STA,WIFI_DROP,
7.2016,4,STA,WIFI_DROP,
7.2016,5,STA,WIFI_DROP,
7.2016,7,STA,WIFI_DROP,
7.2016,11,STA,WIFI_DROP,
7.2016,12,STA,WIFI_DROP,
7.2016,13,STA,WIFI_DROP,
7.2016,17,STA,WIFI_DROP,
7.204,4,STA,WIFI_DROP,
7.204,5,STA,WIFI_DROP,
7.204,7,STA,WIFI_DROP,
7.204,11,STA,WIFI_DROP,
7.204,12,STA,WIFI_DROP,
7.204,13,STA,WIFI_DROP,
7.204,17,STA,WIFI_DROP,
7.2064,4,STA,WIFI_DROP,
7.2064,5,STA,WIFI_DROP,
7.2064,7,STA,WIFI_DROP,
7.2064,11,STA,WIFI_DROP,
7.2064,12,STA,WIFI_DROP,
7.2064,13,STA,WIFI_DROP,
7.2064,17,STA,WIFI_DROP,
7.2088,4,STA,WIFI_DROP,
7.2088,5,STA,WIFI_DROP,
7.2088,7,STA,WIFI_DROP,
7.2088,11,STA,WIFI_DROP,
7.2088,12,STA,WIFI_DROP,
7.2088,13,STA,WIFI_DROP,
7.2088,17,STA,WIFI_DROP,
7.2112,4,STA,WIFI_DROP,
7.2112,5,STA,WIFI_DROP,
7.2112,7,STA,WIFI_DROP,
7.2112,11,STA,WIFI_DROP,
7.2112,12,STA,WIFI_DROP,
7.2112,13,STA,WIFI_DROP,
7.2112,17,STA,WIFI_DROP,
7.2136,4,STA,WIFI_DROP,
7.2136,5,STA,WIFI_DROP,
7.2136,7,STA,WIFI_DROP,
7.2136,11,STA,WIFI_DROP,
7.2136,12,STA,WIFI_DROP,
7.2136,13,STA,WIFI_DROP,
7.2136,17,STA,WIFI_DROP,
7.216,4,STA,WIFI_DROP,
7.216,5,STA,WIFI_DROP,
7.216,7,STA,WIFI_DROP,
7.216,11,STA,WIFI_DROP,
7.216,12,STA,WIFI_DROP,
7.216,13,STA,WIFI_DROP,
7.216,17,STA,WIFI_DROP,
7.2184,4,STA,WIFI_DROP,
7.2184,5,STA,WIFI_DROP,
7.2184,7,STA,WIFI_DROP,
7.2184,11,STA,WIFI_DROP,
7.2184,12,STA,WIFI_DROP,
7.2184,13,STA,WIFI_DROP,
7.2184,17,STA,WIFI_DROP,
7.2208,4,STA,WIFI_DROP,
7.2208,5,STA,WIFI_DROP,
7.2208,7,STA,WIFI_DROP,
7.2208,11,STA,WIFI_DROP,
7.2208,12,STA,WIFI_DROP,
7.2208,13,STA,WIFI_DROP,
7.2208,17,STA,WIFI_DROP,
7.2232,4,STA,WIFI_DROP,
7.2232,5,STA,WIFI_DROP,
7.2232,7,STA,WIFI_DROP,
7.2232,11,STA,WIFI_DROP,
7.2232,12,STA,WIFI_DROP,
7.2232,13,STA,WIFI_DROP,
7.2232,17,STA,WIFI_DROP,
7.2256,4,STA,WIFI_DROP,
7.2256,5,STA,WIFI_DROP,
7.2256,7,STA,WIFI_DROP,
7.2256,11,STA,WIFI_DROP,
7.2256,12,STA,WIFI_DROP,
7.2256,13,STA,WIFI_DROP,
7.2256,17,STA,WIFI_DROP,
7.228,4,STA,WIFI_DROP,
7.228,5,STA,WIFI_DROP,
7.228,7,STA,WIFI_DROP,
7.228,11,STA,WIFI_DROP,
7.228,12,STA,WIFI_DROP,
7.228,13,STA,WIFI_DROP,
7.228,17,STA,WIFI_DROP,
7.2304,4,STA,WIFI_DROP,
7.2304,5,STA,WIFI_DROP,
7.2304,7,STA,WIFI_DROP,
7.2304,11,STA,WIFI_DROP,
7.2304,12,STA,WIFI_DROP,
7.2304,13,STA,WIFI_DROP,
7.2304,17,STA,WIFI_DROP,
7.2328,4,STA,WIFI_DROP,
7.2328,5,STA,WIFI_DROP,
7.2328,7,STA,WIFI_DROP,
7.2328,11,STA,WIFI_DROP,
7.2328,12,STA,WIFI_DROP,
7.2328,13,STA,WIFI_DROP,
7.2328,17,STA,WIFI_DROP,
7.2352,4,STA,WIFI_DROP,
7.2352,5,STA,WIFI_DROP,
7.2352,7,STA,WIFI_DROP,
7.2352,11,STA,WIFI_DROP,
7.2352,12,STA,WIFI_DROP,
7.2352,13,STA,WIFI_DROP,
7.2352,17,STA,WIFI_DROP,
7.2376,4,STA,WIFI_DROP,
7.2376,5,STA,WIFI_DROP,
7.2376,7,STA,WIFI_DROP,
7.2376,11,STA,WIFI_DROP,
7.2376,12,STA,WIFI_DROP,
7.2376,13,STA,WIFI_DROP,
7.2376,17,STA,WIFI_DROP,
7.24,4,STA,WIFI_DROP,
7.24,5,STA,WIFI_DROP,
7.24,7,STA,WIFI_DROP,
7.24,11,STA,WIFI_DROP,
7.24,12,STA,WIFI_DROP,
7.24,13,STA,WIFI_DROP,
7.24,17,STA,WIFI_DROP,
7.2424,4,STA,WIFI_DROP,
7.2424,5,STA,WIFI_DROP,
7.2424,7,STA,WIFI_DROP,
7.2424,11,STA,WIFI_DROP,
7.2424,12,STA,WIFI_DROP,
7.2424,13,STA,WIFI_DROP,
7.2424,17,STA,WIFI_DROP,
7.2448,4,STA,WIFI_DROP,
7.2448,5,STA,WIFI_DROP,
7.2448,7,STA,WIFI_DROP,
7.2448,11,STA,WIFI_DROP,
7.2448,12,STA,WIFI_DROP,
7.2448,13,STA,WIFI_DROP,
7.2448,17,STA,WIFI_DROP,
7.2472,4,STA,WIFI_DROP,
7.2472,5,STA,WIFI_DROP,
7.2472,7,STA,WIFI_DROP,
7.2472,11,STA,WIFI_DROP,
7.2472,12,STA,WIFI_DROP,
7.2472,13,STA,WIFI_DROP,
7.2472,17,STA,WIFI_DROP,
7.2496,4,STA,WIFI_DROP,
7.2496,5,STA,WIFI_DROP,
7.2496,7,STA,WIFI_DROP,
7.2496,11,STA,WIFI_DROP,
7.2496,12,STA,WIFI_DROP,
7.2496,13,STA,WIFI_DROP,
7.2496,17,STA,WIFI_DROP,
7.252,4,STA,WIFI_DROP,
7.252,5,STA,WIFI_DROP,
7.252,7,STA,WIFI_DROP,
7.252,11,STA,WIFI_DROP,
7.252,12,STA,WIFI_DROP,
7.252,13,STA,WIFI_DROP,
7.252,17,STA,WIFI_DROP,
7.2544,4,STA,WIFI_DROP,
7.2544,5,STA,WIFI_DROP,
7.2544,7,STA,WIFI_DROP,
7.2544,11,STA,WIFI_DROP,
7.2544,12,STA,WIFI_DROP,
7.2544,13,STA,WIFI_DROP,
7.2544,17,STA,WIFI_DROP,
7.2568,4,STA,WIFI_DROP,
7.2568,5,STA,WIFI_DROP,
7.2568,7,STA,WIFI_DROP,
7.2568,11,STA,WIFI_DROP,
7.2568,12,STA,WIFI_DROP,
7.2568,13,STA,WIFI_DROP,
7.2568,17,STA,WIFI_DROP,
7.2592,4,STA,WIFI_DROP,
7.2592,5,STA,WIFI_DROP,
7.2592,7,STA,WIFI_DROP,
7.2592,11,STA,WIFI_DROP,
7.2592,12,STA,WIFI_DROP,
7.2592,13,STA,WIFI_DROP,
7.2592,17,STA,WIFI_DROP,
7.2616,4,STA,WIFI_DROP,
7.2616,5,STA,WIFI_DROP,
7.2616,7,STA,WIFI_DROP,
7.2616,11,STA,WIFI_DROP,
7.2616,12,STA,WIFI_DROP,
7.2616,13,STA,WIFI_DROP,
7.2616,17,STA,WIFI_DROP,
7.264,4,STA,WIFI_DROP,
7.264,5,STA,WIFI_DROP,
7.264,7,STA,WIFI_DROP,
7.264,11,STA,WIFI_DROP,
7.264,12,STA,WIFI_DROP,
7.264,13,STA,WIFI_DROP,
7.264,17,STA,WIFI_DROP,
7.2664,4,STA,WIFI_DROP,
7.2664,5,STA,WIFI_DROP,
7.2664,7,STA,WIFI_DROP,
7.2664,11,STA,WIFI_DROP,
7.2664,12,STA,WIFI_DROP,
7.2664,13,STA,WIFI_DROP,
7.2664,17,STA,WIFI_DROP,
7.2688,4,STA,WIFI_DROP,
7.2688,5,STA,WIFI_DROP,
7.2688,7,STA,WIFI_DROP,
7.2688,11,STA,WIFI_DROP,
7.2688,12,STA,WIFI_DROP,
7.2688,13,STA,WIFI_DROP,
7.2688,17,STA,WIFI_DROP,
7.2712,4,STA,WIFI_DROP,
7.2712,5,STA,WIFI_DROP,
7.2712,7,STA,WIFI_DROP,
7.2712,11,STA,WIFI_DROP,
7.2712,12,STA,WIFI_DROP,
7.2712,13,STA,WIFI_DROP,
7.2712,17,STA,WIFI_DROP,
7.2736,4,STA,WIFI_DROP,
7.2736,5,STA,WIFI_DROP,
7.2736,7,STA,WIFI_DROP,
7.2736,11,STA,WIFI_DROP,
7.2736,12,STA,WIFI_DROP,
7.2736,13,STA,WIFI_DROP,
7.2736,17,STA,WIFI_DROP,
7.276,4,STA,WIFI_DROP,
7.276,5,STA,WIFI_DROP,
7.276,7,STA,WIFI_DROP,
7.276,11,STA,WIFI_DROP,
7.276,12,STA,WIFI_DROP,
7.276,13,STA,WIFI_DROP,
7.276,17,STA,WIFI_DROP,
7.2784,4,STA,WIFI_DROP,
7.2784,5,STA,WIFI_DROP,
7.2784,7,STA,WIFI_DROP,
7.2784,11,STA,WIFI_DROP,
7.2784,12,STA,WIFI_DROP,
7.2784,13,STA,WIFI_DROP,
7.2784,17,STA,WIFI_DROP,
7.2808,4,STA,WIFI_DROP,
7.2808,5,STA,WIFI_DROP,
7.2808,7,STA,WIFI_DROP,
7.2808,11,STA,WIFI_DROP,
7.2808,12,STA,WIFI_DROP,
7.2808,13,STA,WIFI_DROP,
7.2808,17,STA,WIFI_DROP,
7.2832,4,STA,WIFI_DROP,
7.2832,5,STA,WIFI_DROP,
7.2832,7,STA,WIFI_DROP,
7.2832,11,STA,WIFI_DROP,
7.2832,12,STA,WIFI_DROP,
7.2832,13,STA,WIFI_DROP,
7.2832,17,STA,WIFI_DROP,
7.2856,4,STA,WIFI_DROP,
7.2856,5,STA,WIFI_DROP,
7.2856,7,STA,WIFI_DROP,
7.2856,11,STA,WIFI_DROP,
7.2856,12,STA,WIFI_DROP,
7.2856,13,STA,WIFI_DROP,
7.2856,17,STA,WIFI_DROP,
7.288,4,STA,WIFI_DROP,
7.288,5,STA,WIFI_DROP,
7.288,7,STA,WIFI_DROP,
7.288,11,STA,WIFI_DROP,
7.288,12,STA,WIFI_DROP,
7.288,13,STA,WIFI_DROP,
7.288,17,STA,WIFI_DROP,
7.2904,4,STA,WIFI_DROP,
7.2904,5,STA,WIFI_DROP,
7.2904,7,STA,WIFI_DROP,
7.2904,12,STA,WIFI_DROP,
7.2904,13,STA,WIFI_DROP,
7.2904,17,STA,WIFI_DROP,
7.2928,4,STA,WIFI_DROP,
7.2928,5,STA,WIFI_DROP,
7.2928,7,STA,WIFI_DROP,
7.2928,12,STA,WIFI_DROP,
7.2928,13,STA,WIFI_DROP,
7.2928,17,STA,WIFI_DROP,
7.2952,4,STA,WIFI_DROP,
7.2952,5,STA,WIFI_DROP,
7.2952,7,STA,WIFI_DROP,
7.2952,12,STA,WIFI_DROP,
7.2952,13,STA,WIFI_DROP,
7.2952,17,STA,WIFI_DROP,
7.2976,4,STA,WIFI_DROP,
7.2976,5,STA,WIFI_DROP,
7.2976,7,STA,WIFI_DROP,
7.2976,12,STA,WIFI_DROP,
7.2976,13,STA,WIFI_DROP,
7.2976,17,STA,WIFI_DROP,
7.3,4,STA,WIFI_DROP,
7.3,5,STA,WIFI_DROP,
7.3,7,STA,WIFI_DROP,
7.3,12,STA,WIFI_DROP,
7.3,13,STA,WIFI_DROP,
7.3,17,STA,WIFI_DROP,
7.3024,4,STA,WIFI_DROP,
7.3024,5,STA,WIFI_DROP,
7.3024,7,STA,WIFI_DROP,
7.3024,12,STA,WIFI_DROP,
7.3024,13,STA,WIFI_DROP,
7.3024,17,STA,WIFI_DROP,
7.3048,4,STA,WIFI_DROP,
7.3048,5,STA,WIFI_DROP,
7.3048,7,STA,WIFI_DROP,
7.3048,12,STA,WIFI_DROP,
7.3048,13,STA,WIFI_DROP,
7.3048,17,STA,WIFI_DROP,
7.3072,4,STA,WIFI_DROP,
7.3072,5,STA,WIFI_DROP,
7.3072,7,STA,WIFI_DROP,
7.3072,12,STA,WIFI_DROP,
7.3072,13,STA,WIFI_DROP,
7.3072,17,STA,WIFI_DROP,
7.3096,4,STA,WIFI_DROP,
7.3096,5,STA,WIFI_DROP,
7.3096,7,STA,WIFI_DROP,
7.3096,12,STA,WIFI_DROP,
7.3096,13,STA,WIFI_DROP,
7.3096,17,STA,WIFI_DROP,
7.312,4,STA,WIFI_DROP,
7.312,5,STA,WIFI_DROP,
7.312,7,STA,WIFI_DROP,
7.312,12,STA,WIFI_DROP,
7.312,13,STA,WIFI_DROP,
7.312,17,STA,WIFI_DROP,
7.3144,4,STA,WIFI_DROP,
7.3144,5,STA,WIFI_DROP,
7.3144,7,STA,WIFI_DROP,
7.3144,12,STA,WIFI_DROP,
7.3144,13,STA,WIFI_DROP,
7.3144,17,STA,WIFI_DROP,
7.3168,4,STA,WIFI_DROP,
7.3168,5,STA,WIFI_DROP,
7.3168,7,STA,WIFI_DROP,
7.3168,12,STA,WIFI_DROP,
7.3168,13,STA,WIFI_DROP,
7.3168,17,STA,WIFI_DROP,
7.3192,4,STA,WIFI_DROP,
7.3192,5,STA,WIFI_DROP,
7.3192,7,STA,WIFI_DROP,
7.3192,12,STA,WIFI_DROP,
7.3192,13,STA,WIFI_DROP,
7.3192,17,STA,WIFI_DROP,
7.3216,4,STA,WIFI_DROP,
7.3216,5,STA,WIFI_DROP,
7.3216,7,STA,WIFI_DROP,
7.3216,12,STA,WIFI_DROP,
7.3216,13,STA,WIFI_DROP,
7.3216,17,STA,WIFI_DROP,
7.324,4,STA,WIFI_DROP,
7.324,5,STA,WIFI_DROP,
7.324,7,STA,WIFI_DROP,
7.324,12,STA,WIFI_DROP,
7.324,13,STA,WIFI_DROP,
7.324,17,STA,WIFI_DROP,
7.3264,4,STA,WIFI_DROP,
7.3264,5,STA,WIFI_DROP,
7.3264,7,STA,WIFI_DROP,
7.3264,12,STA,WIFI_DROP,
7.3264,13,STA,WIFI_DROP,
7.3264,17,STA,WIFI_DROP,
7.3288,4,STA,WIFI_DROP,
7.3288,5,STA,WIFI_DROP,
7.3288,7,STA,WIFI_DROP,
7.3288,12,STA,WIFI_DROP,
7.3288,13,STA,WIFI_DROP,
7.3288,17,STA,WIFI_DROP,
7.3312,4,STA,WIFI_DROP,
7.3312,5,STA,WIFI_DROP,
7.3312,7,STA,WIFI_DROP,
7.3312,12,STA,WIFI_DROP,
7.3312,13,STA,WIFI_DROP,
7.3312,17,STA,WIFI_DROP,
7.3336,4,STA,WIFI_DROP,
7.3336,5,STA,WIFI_DROP,
7.3336,7,STA,WIFI_DROP,
7.3336,12,STA,WIFI_DROP,
7.3336,13,STA,WIFI_DROP,
7.3336,17,STA,WIFI_DROP,
7.336,4,STA,WIFI_DROP,
7.336,5,STA,WIFI_DROP,
7.336,7,STA,WIFI_DROP,
7.336,12,STA,WIFI_DROP,
7.336,13,STA,WIFI_DROP,
7.336,17,STA,WIFI_DROP,
7.3384,4,STA,WIFI_DROP,
7.3384,5,STA,WIFI_DROP,
7.3384,7,STA,WIFI_DROP,
7.3384,12,STA,WIFI_DROP,
7.3384,13,STA,WIFI_DROP,
7.3384,17,STA,WIFI_DROP,
7.3408,4,STA,WIFI_DROP,
7.3408,5,STA,WIFI_DROP,
7.3408,7,STA,WIFI_DROP,
7.3408,12,STA,WIFI_DROP,
7.3408,13,STA,WIFI_DROP,
7.3408,17,STA,WIFI_DROP,
7.3432,4,STA,WIFI_DROP,
7.3432,5,STA,WIFI_DROP,
7.3432,7,STA,WIFI_DROP,
7.3432,12,STA,WIFI_DROP,
7.3432,13,STA,WIFI_DROP,
7.3432,17,STA,WIFI_DROP,
7.3456,4,STA,WIFI_DROP,
7.3456,5,STA,WIFI_DROP,
7.3456,7,STA,WIFI_DROP,
7.3456,12,STA,WIFI_DROP,
7.3456,13,STA,WIFI_DROP,
7.3456,17,STA,WIFI_DROP,
7.348,4,STA,WIFI_DROP,
7.348,5,STA,WIFI_DROP,
7.348,7,STA,WIFI_DROP,
7.348,12,STA,WIFI_DROP,
7.348,13,STA,WIFI_DROP,
7.348,17,STA,WIFI_DROP,
7.3504,4,STA,WIFI_DROP,
7.3504,5,STA,WIFI_DROP,
7.3504,7,STA,WIFI_DROP,
7.3504,12,STA,WIFI_DROP,
7.3504,13,STA,WIFI_DROP,
7.3504,17,STA,WIFI_DROP,
7.3528,4,STA,WIFI_DROP,
7.3528,5,STA,WIFI_DROP,
7.3528,7,STA,WIFI_DROP,
7.3528,12,STA,WIFI_DROP,
7.3528,13,STA,WIFI_DROP,
7.3528,17,STA,WIFI_DROP,
7.3552,4,STA,WIFI_DROP,
7.3552,5,STA,WIFI_DROP,
7.3552,7,STA,WIFI_DROP,
7.3552,12,STA,WIFI_DROP,
7.3552,13,STA,WIFI_DROP,
7.3552,17,STA,WIFI_DROP,
7.3576,4,STA,WIFI_DROP,
7.3576,5,STA,WIFI_DROP,
7.3576,7,STA,WIFI_DROP,
7.3576,12,STA,WIFI_DROP,
7.3576,13,STA,WIFI_DROP,
7.3576,17,STA,WIFI_DROP,
7.36,4,STA,WIFI_DROP,
7.36,5,STA,WIFI_DROP,
7.36,7,STA,WIFI_DROP,
7.36,12,STA,WIFI_DROP,
7.36,13,STA,WIFI_DROP,
7.36,17,STA,WIFI_DROP,
7.3624,4,STA,WIFI_DROP,
7.3624,5,STA,WIFI_DROP,
7.3624,7,STA,WIFI_DROP,
7.3624,12,STA,WIFI_DROP,
7.3624,13,STA,WIFI_DROP,
7.3624,17,STA,WIFI_DROP,
7.3648,4,STA,WIFI_DROP,
7.3648,5,STA,WIFI_DROP,
7.3648,7,STA,WIFI_DROP,
7.3648,12,STA,WIFI_DROP,
7.3648,13,STA,WIFI_DROP,
7.3648,17,STA,WIFI_DROP,
7.3672,4,STA,WIFI_DROP,
7.3672,5,STA,WIFI_DROP,
7.3672,7,STA,WIFI_DROP,
7.3672,12,STA,WIFI_DROP,
7.3672,13,STA,WIFI_DROP,
7.3672,17,STA,WIFI_DROP,
7.3696,4,STA,WIFI_DROP,
7.3696,5,STA,WIFI_DROP,
7.3696,7,STA,WIFI_DROP,
7.3696,12,STA,WIFI_DROP,
7.3696,13,STA,WIFI_DROP,
7.3696,17,STA,WIFI_DROP,
7.372,4,STA,WIFI_DROP,
7.372,5,STA,WIFI_DROP,
7.372,7,STA,WIFI_DROP,
7.372,12,STA,WIFI_DROP,
7.372,13,STA,WIFI_DROP,
7.372,17,STA,WIFI_DROP,
7.3744,4,STA,WIFI_DROP,
7.3744,5,STA,WIFI_DROP,
7.3744,7,STA,WIFI_DROP,
7.3744,12,STA,WIFI_DROP,
7.3744,13,STA,WIFI_DROP,
7.3744,17,STA,WIFI_DROP,
7.3768,4,STA,WIFI_DROP,
7.3768,5,STA,WIFI_DROP,
7.3768,7,STA,WIFI_DROP,
7.3768,12,STA,WIFI_DROP,
7.3768,13,STA,WIFI_DROP,
7.3768,17,STA,WIFI_DROP,
7.3792,4,STA,WIFI_DROP,
7.3792,5,STA,WIFI_DROP,
7.3792,7,STA,WIFI_DROP,
7.3792,12,STA,WIFI_DROP,
7.3792,13,STA,WIFI_DROP,
7.3792,17,STA,WIFI_DROP,
7.3816,4,STA,WIFI_DROP,
7.3816,5,STA,WIFI_DROP,
7.3816,7,STA,WIFI_DROP,
7.3816,12,STA,WIFI_DROP,
7.3816,13,STA,WIFI_DROP,
7.3816,17,STA,WIFI_DROP,
7.384,4,STA,WIFI_DROP,
7.384,5,STA,WIFI_DROP,
7.384,7,STA,WIFI_DROP,
7.384,12,STA,WIFI_DROP,
7.384,13,STA,WIFI_DROP,
7.384,17,STA,WIFI_DROP,
7.3864,4,STA,WIFI_DROP,
7.3864,5,STA,WIFI_DROP,
7.3864,7,STA,WIFI_DROP,
7.3864,12,STA,WIFI_DROP,
7.3864,13,STA,WIFI_DROP,
7.3864,17,STA,WIFI_DROP,
7.3888,4,STA,WIFI_DROP,
7.3888,5,STA,WIFI_DROP,
7.3888,7,STA,WIFI_DROP,
7.3888,12,STA,WIFI_DROP,
7.3888,13,STA,WIFI_DROP,
7.3888,17,STA,WIFI_DROP,
7.3912,4,STA,WIFI_DROP,
7.3912,5,STA,WIFI_DROP,
7.3912,7,STA,WIFI_DROP,
7.3912,12,STA,WIFI_DROP,
7.3912,13,STA,WIFI_DROP,
7.3912,17,STA,WIFI_DROP,
7.3936,4,STA,WIFI_DROP,
7.3936,5,STA,WIFI_DROP,
7.3936,7,STA,WIFI_DROP,
7.3936,12,STA,WIFI_DROP,
7.3936,13,STA,WIFI_DROP,
7.3936,17,STA,WIFI_DROP,
7.396,4,STA,WIFI_DROP,
7.396,5,STA,WIFI_DROP,
7.396,7,STA,WIFI_DROP,
7.396,12,STA,WIFI_DROP,
7.396,13,STA,WIFI_DROP,
7.396,17,STA,WIFI_DROP,
7.3984,4,STA,WIFI_DROP,
7.3984,5,STA,WIFI_DROP,
7.3984,7,STA,WIFI_DROP,
7.3984,12,STA,WIFI_DROP,
7.3984,13,STA,WIFI_DROP,
7.3984,17,STA,WIFI_DROP,
7.4008,4,STA,WIFI_DROP,
7.4008,5,STA,WIFI_DROP,
7.4008,7,STA,WIFI_DROP,
7.4008,12,STA,WIFI_DROP,
7.4008,13,STA,WIFI_DROP,
7.4008,17,STA,WIFI_DROP,
7.4032,5,STA,WIFI_DROP,
7.4032,7,STA,WIFI_DROP,
7.4032,12,STA,WIFI_DROP,
7.4032,13,STA,WIFI_DROP,
7.4032,17,STA,WIFI_DROP,
7.4056,5,STA,WIFI_DROP,
7.4056,7,STA,WIFI_DROP,
7.4056,12,STA,WIFI_DROP,
7.4056,13,STA,WIFI_DROP,
7.4056,17,STA,WIFI_DROP,
7.408,5,STA,WIFI_DROP,
7.408,7,STA,WIFI_DROP,
7.408,12,STA,WIFI_DROP,
7.408,13,STA,WIFI_DROP,
7.408,17,STA,WIFI_DROP,
7.4104,5,STA,WIFI_DROP,
7.4104,7,STA,WIFI_DROP,
7.4104,12,STA,WIFI_DROP,
7.4104,13,STA,WIFI_DROP,
7.4104,17,STA,WIFI_DROP,
7.4128,5,STA,WIFI_DROP,
7.4128,7,STA,WIFI_DROP,
7.4128,12,STA,WIFI_DROP,
7.4128,13,STA,WIFI_DROP,
7.4128,17,STA,WIFI_DROP,
7.4152,5,STA,WIFI_DROP,
7.4152,7,STA,WIFI_DROP,
7.4152,12,STA,WIFI_DROP,
7.4152,13,STA,WIFI_DROP,
7.4152,17,STA,WIFI_DROP,
7.4176,5,STA,WIFI_DROP,
7.4176,7,STA,WIFI_DROP,
7.4176,12,STA,WIFI_DROP,
7.4176,13,STA,WIFI_DROP,
7.4176,17,STA,WIFI_DROP,
7.42,5,STA,WIFI_DROP,
7.42,7,STA,WIFI_DROP,
7.42,12,STA,WIFI_DROP,
7.42,13,STA,WIFI_DROP,
7.42,17,STA,WIFI_DROP,
7.4224,5,STA,WIFI_DROP,
7.4224,7,STA,WIFI_DROP,
7.4224,12,STA,WIFI_DROP,
7.4224,13,STA,WIFI_DROP,
7.4224,17,STA,WIFI_DROP,
7.4248,5,STA,WIFI_DROP,
7.4248,7,STA,WIFI_DROP,
7.4248,12,STA,WIFI_DROP,
7.4248,13,STA,WIFI_DROP,
7.4248,17,STA,WIFI_DROP,
7.4272,5,STA,WIFI_DROP,
7.4272,7,STA,WIFI_DROP,
7.4272,12,STA,WIFI_DROP,
7.4272,13,STA,WIFI_DROP,
7.4272,17,STA,WIFI_DROP,
7.4296,5,STA,WIFI_DROP,
7.4296,7,STA,WIFI_DROP,
7.4296,12,STA,WIFI_DROP,
7.4296,13,STA,WIFI_DROP,
7.4296,17,STA,WIFI_DROP,
7.432,5,STA,WIFI_DROP,
7.432,7,STA,WIFI_DROP,
7.432,12,STA,WIFI_DROP,
7.432,13,STA,WIFI_DROP,
7.432,17,STA,WIFI_DROP,
7.4344,5,STA,WIFI_DROP,
7.4344,7,STA,WIFI_DROP,
7.4344,12,STA,WIFI_DROP,
7.4344,13,STA,WIFI_DROP,
7.4344,17,STA,WIFI_DROP,
7.4368,5,STA,WIFI_DROP,
7.4368,7,STA,WIFI_DROP,
7.4368,12,STA,WIFI_DROP,
7.4368,13,STA,WIFI_DROP,
7.4368,17,STA,WIFI_DROP,
7.4392,5,STA,WIFI_DROP,
7.4392,7,STA,WIFI_DROP,
7.4392,12,STA,WIFI_DROP,
7.4392,13,STA,WIFI_DROP,
7.4392,17,STA,WIFI_DROP,
7.4416,5,STA,WIFI_DROP,
7.4416,7,STA,WIFI_DROP,
7.4416,12,STA,WIFI_DROP,
7.4416,13,STA,WIFI_DROP,
7.4416,17,STA,WIFI_DROP,
7.444,5,STA,WIFI_DROP,
7.444,7,STA,WIFI_DROP,
7.444,12,STA,WIFI_DROP,
7.444,13,STA,WIFI_DROP,
7.444,17,STA,WIFI_DROP,
7.4464,5,STA,WIFI_DROP,
7.4464,7,STA,WIFI_DROP,
7.4464,12,STA,WIFI_DROP,
7.4464,13,STA,WIFI_DROP,
7.4464,17,STA,WIFI_DROP,
7.4488,5,STA,WIFI_DROP,
7.4488,7,STA,WIFI_DROP,
7.4488,12,STA,WIFI_DROP,
7.4488,13,STA,WIFI_DROP,
7.4488,17,STA,WIFI_DROP,
7.4512,5,STA,WIFI_DROP,
7.4512,7,STA,WIFI_DROP,
7.4512,12,STA,WIFI_DROP,
7.4512,13,STA,WIFI_DROP,
7.4512,17,STA,WIFI_DROP,
7.4536,5,STA,WIFI_DROP,
7.4536,7,STA,WIFI_DROP,
7.4536,12,STA,WIFI_DROP,
7.4536,13,STA,WIFI_DROP,
7.4536,17,STA,WIFI_DROP,
7.456,5,STA,WIFI_DROP,
7.456,7,STA,WIFI_DROP,
7.456,12,STA,WIFI_DROP,
7.456,13,STA,WIFI_DROP,
7.456,17,STA,WIFI_DROP,
7.4584,5,STA,WIFI_DROP,
7.4584,7,STA,WIFI_DROP,
7.4584,12,STA,WIFI_DROP,
7.4584,13,STA,WIFI_DROP,
7.4584,17,STA,WIFI_DROP,
7.4608,5,STA,WIFI_DROP,
7.4608,7,STA,WIFI_DROP,
7.4608,12,STA,WIFI_DROP,
7.4608,13,STA,WIFI_DROP,
7.4608,17,STA,WIFI_DROP,
7.4632,5,STA,WIFI_DROP,
7.4632,7,STA,WIFI_DROP,
7.4632,12,STA,WIFI_DROP,
7.4632,13,STA,WIFI_DROP,
7.4632,17,STA,WIFI_DROP,
7.4656,5,STA,WIFI_DROP,
7.4656,7,STA,WIFI_DROP,
7.4656,12,STA,WIFI_DROP,
7.4656,13,STA,WIFI_DROP,
7.4656,17,STA,WIFI_DROP,
7.468,5,STA,WIFI_DROP,
7.468,7,STA,WIFI_DROP,
7.468,12,STA,WIFI_DROP,
7.468,13,STA,WIFI_DROP,
7.468,17,STA,WIFI_DROP,
7.4704,5,STA,WIFI_DROP,
7.4704,7,STA,WIFI_DROP,
7.4704,12,STA,WIFI_DROP,
7.4704,13,STA,WIFI_DROP,
7.4704,17,STA,WIFI_DROP,
7.4728,5,STA,WIFI_DROP,
7.4728,7,STA,WIFI_DROP,
7.4728,12,STA,WIFI_DROP,
7.4728,13,STA,WIFI_DROP,
7.4728,17,STA,WIFI_DROP,
7.4752,5,STA,WIFI_DROP,
7.4752,7,STA,WIFI_DROP,
7.4752,12,STA,WIFI_DROP,
7.4752,13,STA,WIFI_DROP,
7.4752,17,STA,WIFI_DROP,
7.4776,5,STA,WIFI_DROP,
7.4776,7,STA,WIFI_DROP,
7.4776,12,STA,WIFI_DROP,
7.4776,13,STA,WIFI_DROP,
7.4776,17,STA,WIFI_DROP,
7.48,5,STA,WIFI_DROP,
7.48,7,STA,WIFI_DROP,
7.48,12,STA,WIFI_DROP,
7.48,13,STA,WIFI_DROP,
7.48,17,STA,WIFI_DROP,
7.4824,5,STA,WIFI_DROP,
7.4824,7,STA,WIFI_DROP,
7.4824,12,STA,WIFI_DROP,
7.4824,13,STA,WIFI_DROP,
7.4824,17,STA,WIFI_DROP,
7.4848,5,STA,WIFI_DROP,
7.4848,7,STA,WIFI_DROP,
7.4848,12,STA,WIFI_DROP,
7.4848,13,STA,WIFI_DROP,
7.4848,17,STA,WIFI_DROP,
7.4872,5,STA,WIFI_DROP,
7.4872,7,STA,WIFI_DROP,
7.4872,12,STA,WIFI_DROP,
7.4872,13,STA,WIFI_DROP,
7.4872,17,STA,WIFI_DROP,
7.4896,5,STA,WIFI_DROP,
7.4896,7,STA,WIFI_DROP,
7.4896,12,STA,WIFI_DROP,
7.4896,13,STA,WIFI_DROP,
7.4896,17,STA,WIFI_DROP,
7.492,5,STA,WIFI_DROP,
7.492,7,STA,WIFI_DROP,
7.492,12,STA,WIFI_DROP,
7.492,13,STA,WIFI_DROP,
7.492,17,STA,WIFI_DROP,
7.4944,5,STA,WIFI_DROP,
7.4944,7,STA,WIFI_DROP,
7.4944,12,STA,WIFI_DROP,
7.4944,13,STA,WIFI_DROP,
7.4944,17,STA,WIFI_DROP,
7.4968,5,STA,WIFI_DROP,
7.4968,7,STA,WIFI_DROP,
7.4968,12,STA,WIFI_DROP,
7.4968,13,STA,WIFI_DROP,
7.4968,17,STA,WIFI_DROP,
7.4992,5,STA,WIFI_DROP,
7.4992,7,STA,WIFI_DROP,
7.4992,12,STA,WIFI_DROP,
7.4992,13,STA,WIFI_DROP,
7.4992,17,STA,WIFI_DROP,
7.5016,5,STA,WIFI_DROP,
7.5016,7,STA,WIFI_DROP,
7.5016,12,STA,WIFI_DROP,
7.5016,13,STA,WIFI_DROP,
7.5016,17,STA,WIFI_DROP,
7.504,5,STA,WIFI_DROP,
7.504,7,STA,WIFI_DROP,
7.504,12,STA,WIFI_DROP,
7.504,13,STA,WIFI_DROP,
7.504,17,STA,WIFI_DROP,
7.5064,5,STA,WIFI_DROP,
7.5064,7,STA,WIFI_DROP,
7.5064,12,STA,WIFI_DROP,
7.5064,13,STA,WIFI_DROP,
7.5064,17,STA,WIFI_DROP,
7.5088,5,STA,WIFI_DROP,
7.5088,7,STA,WIFI_DROP,
7.5088,12,STA,WIFI_DROP,
7.5088,13,STA,WIFI_DROP,
7.5088,17,STA,WIFI_DROP,
7.5112,5,STA,WIFI_DROP,
7.5112,7,STA,WIFI_DROP,
7.5112,12,STA,WIFI_DROP,
7.5112,13,STA,WIFI_DROP,
7.5112,17,STA,WIFI_DROP,
7.5136,5,STA,WIFI_DROP,
7.5136,7,STA,WIFI_DROP,
7.5136,12,STA,WIFI_DROP,
7.5136,13,STA,WIFI_DROP,
7.5136,17,STA,WIFI_DROP,
7.516,5,STA,WIFI_DROP,
7.516,7,STA,WIFI_DROP,
7.516,12,STA,WIFI_DROP,
7.516,13,STA,WIFI_DROP,
7.516,17,STA,WIFI_DROP,
7.5184,5,STA,WIFI_DROP,
7.5184,7,STA,WIFI_DROP,
7.5184,12,STA,WIFI_DROP,
7.5184,13,STA,WIFI_DROP,
7.5184,17,STA,WIFI_DROP,
7.5208,5,STA,WIFI_DROP,
7.5208,7,STA,WIFI_DROP,
7.5208,12,STA,WIFI_DROP,
7.5208,13,STA,WIFI_DROP,
7.5208,17,STA,WIFI_DROP,
7.5232,5,STA,WIFI_DROP,
7.5232,7,STA,WIFI_DROP,
7.5232,12,STA,WIFI_DROP,
7.5232,13,STA,WIFI_DROP,
7.5232,17,STA,WIFI_DROP,
7.5256,5,STA,WIFI_DROP,
7.5256,7,STA,WIFI_DROP,
7.5256,12,STA,WIFI_DROP,
7.5256,13,STA,WIFI_DROP,
7.5256,17,STA,WIFI_DROP,
7.528,5,STA,WIFI_DROP,
7.528,7,STA,WIFI_DROP,
7.528,12,STA,WIFI_DROP,
7.528,13,STA,WIFI_DROP,
7.528,17,STA,WIFI_DROP,
7.5304,5,STA,WIFI_DROP,
7.5304,7,STA,WIFI_DROP,
7.5304,12,STA,WIFI_DROP,
7.5304,13,STA,WIFI_DROP,
7.5304,17,STA,WIFI_DROP,
7.5328,7,STA,WIFI_DROP,
7.5328,12,STA,WIFI_DROP,
7.5328,13,STA,WIFI_DROP,
7.5328,17,STA,WIFI_DROP,
7.5352,7,STA,WIFI_DROP,
7.5352,12,STA,WIFI_DROP,
7.5352,13,STA,WIFI_DROP,
7.5352,17,STA,WIFI_DROP,
7.5376,7,STA,WIFI_DROP,
7.5376,12,STA,WIFI_DROP,
7.5376,13,STA,WIFI_DROP,
7.5376,17,STA,WIFI_DROP,
7.54,7,STA,WIFI_DROP,
7.54,12,STA,WIFI_DROP,
7.54,13,STA,WIFI_DROP,
7.54,17,STA,WIFI_DROP,
7.5424,7,STA,WIFI_DROP,
7.5424,12,STA,WIFI_DROP,
7.5424,13,STA,WIFI_DROP,
7.5424,17,STA,WIFI_DROP,
7.5448,7,STA,WIFI_DROP,
7.5448,12,STA,WIFI_DROP,
7.5448,13,STA,WIFI_DROP,
7.5448,17,STA,WIFI_DROP,
7.5472,7,STA,WIFI_DROP,
7.5472,12,STA,WIFI_DROP,
7.5472,13,STA,WIFI_DROP,
7.5472,17,STA,WIFI_DROP,
7.5496,7,STA,WIFI_DROP,
7.5496,12,STA,WIFI_DROP,
7.5496,13,STA,WIFI_DROP,
7.5496,17,STA,WIFI_DROP,
7.552,7,STA,WIFI_DROP,
7.552,12,STA,WIFI_DROP,
7.552,13,STA,WIFI_DROP,
7.552,17,STA,WIFI_DROP,
7.5544,5,STA,WIFI_DROP,
7.5544,7,STA,WIFI_DROP,
7.5544,12,STA,WIFI_DROP,
7.5544,13,STA,WIFI_DROP,
7.5544,17,STA,WIFI_DROP,
7.5568,5,STA,WIFI_DROP,
7.5568,7,STA,WIFI_DROP,
7.5568,12,STA,WIFI_DROP,
7.5568,13,STA,WIFI_DROP,
7.5568,17,STA,WIFI_DROP,
7.5592,5,STA,WIFI_DROP,
7.5592,7,STA,WIFI_DROP,
7.5592,12,STA,WIFI_DROP,
7.5592,13,STA,WIFI_DROP,
7.5592,17,STA,WIFI_DROP,
7.5616,5,STA,WIFI_DROP,
7.5616,7,STA,WIFI_DROP,
7.5616,12,STA,WIFI_DROP,
7.5616,13,STA,WIFI_DROP,
7.5616,17,STA,WIFI_DROP,
7.564,5,STA,WIFI_DROP,
7.564,7,STA,WIFI_DROP,
7.564,12,STA,WIFI_DROP,
7.564,13,STA,WIFI_DROP,
7.564,17,STA,WIFI_DROP,
7.5664,5,STA,WIFI_DROP,
7.5664,7,STA,WIFI_DROP,
7.5664,12,STA,WIFI_DROP,
7.5664,13,STA,WIFI_DROP,
7.5664,17,STA,WIFI_DROP,
7.5688,5,STA,WIFI_DROP,
7.5688,7,STA,WIFI_DROP,
7.5688,12,STA,WIFI_DROP,
7.5688,13,STA,WIFI_DROP,
7.5688,17,STA,WIFI_DROP,
7.5712,5,STA,WIFI_DROP,
7.5712,7,STA,WIFI_DROP,
7.5712,12,STA,WIFI_DROP,
7.5712,13,STA,WIFI_DROP,
7.5712,17,STA,WIFI_DROP,
7.5736,5,STA,WIFI_DROP,
7.5736,7,STA,WIFI_DROP,
7.5736,12,STA,WIFI_DROP,
7.5736,13,STA,WIFI_DROP,
7.5736,17,STA,WIFI_DROP,
7.576,5,STA,WIFI_DROP,
7.576,7,STA,WIFI_DROP,
7.576,12,STA,WIFI_DROP,
7.576,13,STA,WIFI_DROP,
7.576,17,STA,WIFI_DROP,
7.5784,5,STA,WIFI_DROP,
7.5784,7,STA,WIFI_DROP,
7.5784,12,STA,WIFI_DROP,
7.5784,13,STA,WIFI_DROP,
7.5784,17,STA,WIFI_DROP,
7.5808,5,STA,WIFI_DROP,
7.5808,7,STA,WIFI_DROP,
7.5808,12,STA,WIFI_DROP,
7.5808,13,STA,WIFI_DROP,
7.5808,17,STA,WIFI_DROP,
7.5832,5,STA,WIFI_DROP,
7.5832,7,STA,WIFI_DROP,
7.5832,12,STA,WIFI_DROP,
7.5832,13,STA,WIFI_DROP,
7.5832,17,STA,WIFI_DROP,
7.5856,5,STA,WIFI_DROP,
7.5856,7,STA,WIFI_DROP,
7.5856,12,STA,WIFI_DROP,
7.5856,13,STA,WIFI_DROP,
7.5856,17,STA,WIFI_DROP,
7.588,5,STA,WIFI_DROP,
7.588,7,STA,WIFI_DROP,
7.588,12,STA,WIFI_DROP,
7.588,13,STA,WIFI_DROP,
7.588,17,STA,WIFI_DROP,
7.5904,5,STA,WIFI_DROP,
7.5904,7,STA,WIFI_DROP,
7.5904,12,STA,WIFI_DROP,
7.5904,13,STA,WIFI_DROP,
7.5904,17,STA,WIFI_DROP,
7.5928,5,STA,WIFI_DROP,
7.5928,7,STA,WIFI_DROP,
7.5928,12,STA,WIFI_DROP,
7.5928,13,STA,WIFI_DROP,
7.5928,17,STA,WIFI_DROP,
7.5952,5,STA,WIFI_DROP,
7.5952,7,STA,WIFI_DROP,
7.5952,12,STA,WIFI_DROP,
7.5952,13,STA,WIFI_DROP,
7.5952,17,STA,WIFI_DROP,
7.5976,5,STA,WIFI_DROP,
7.5976,7,STA,WIFI_DROP,
7.5976,12,STA,WIFI_DROP,
7.5976,13,STA,WIFI_DROP,
7.5976,17,STA,WIFI_DROP,
7.6,5,STA,WIFI_DROP,
7.6,7,STA,WIFI_DROP,
7.6,12,STA,WIFI_DROP,
7.6,13,STA,WIFI_DROP,
7.6,17,STA,WIFI_DROP,
7.6024,5,STA,WIFI_DROP,
7.6024,7,STA,WIFI_DROP,
7.6024,12,STA,WIFI_DROP,
7.6024,13,STA,WIFI_DROP,
7.6024,17,STA,WIFI_DROP,
7.6048,5,STA,WIFI_DROP,
7.6048,7,STA,WIFI_DROP,
7.6048,12,STA,WIFI_DROP,
7.6048,13,STA,WIFI_DROP,
7.6048,17,STA,WIFI_DROP,
7.6072,5,STA,WIFI_DROP,
7.6072,7,STA,WIFI_DROP,
7.6072,12,STA,WIFI_DROP,
7.6072,13,STA,WIFI_DROP,
7.6072,17,STA,WIFI_DROP,
7.6096,5,STA,WIFI_DROP,
7.6096,7,STA,WIFI_DROP,
7.6096,12,STA,WIFI_DROP,
7.6096,13,STA,WIFI_DROP,
7.6096,17,STA,WIFI_DROP,
7.612,5,STA,WIFI_DROP,
7.612,7,STA,WIFI_DROP,
7.612,12,STA,WIFI_DROP,
7.612,13,STA,WIFI_DROP,
7.612,17,STA,WIFI_DROP,
7.6144,5,STA,WIFI_DROP,
7.6144,7,STA,WIFI_DROP,
7.6144,12,STA,WIFI_DROP,
7.6144,13,STA,WIFI_DROP,
7.6144,17,STA,WIFI_DROP,
7.6168,5,STA,WIFI_DROP,
7.6168,7,STA,WIFI_DROP,
7.6168,12,STA,WIFI_DROP,
7.6168,13,STA,WIFI_DROP,
7.6168,17,STA,WIFI_DROP,
7.6192,5,STA,WIFI_DROP,
7.6192,7,STA,WIFI_DROP,
7.6192,12,STA,WIFI_DROP,
7.6192,13,STA,WIFI_DROP,
7.6192,17,STA,WIFI_DROP,
7.6216,5,STA,WIFI_DROP,
7.6216,7,STA,WIFI_DROP,
7.6216,12,STA,WIFI_DROP,
7.6216,13,STA,WIFI_DROP,
7.6216,17,STA,WIFI_DROP,
7.624,5,STA,WIFI_DROP,
7.624,7,STA,WIFI_DROP,
7.624,12,STA,WIFI_DROP,
7.624,13,STA,WIFI_DROP,
7.624,17,STA,WIFI_DROP,
7.6264,5,STA,WIFI_DROP,
7.6264,7,STA,WIFI_DROP,
7.6264,12,STA,WIFI_DROP,
7.6264,13,STA,WIFI_DROP,
7.6264,17,STA,WIFI_DROP,
7.6288,5,STA,WIFI_DROP,
7.6288,7,STA,WIFI_DROP,
7.6288,12,STA,WIFI_DROP,
7.6288,13,STA,WIFI_DROP,
7.6288,17,STA,WIFI_DROP,
7.6312,5,STA,WIFI_DROP,
7.6312,7,STA,WIFI_DROP,
7.6312,12,STA,WIFI_DROP,
7.6312,13,STA,WIFI_DROP,
7.6312,17,STA,WIFI_DROP,
7.6336,5,STA,WIFI_DROP,
7.6336,7,STA,WIFI_DROP,
7.6336,12,STA,WIFI_DROP,
7.6336,13,STA,WIFI_DROP,
7.6336,17,STA,WIFI_DROP,
7.636,5,STA,WIFI_DROP,
7.636,7,STA,WIFI_DROP,
7.636,12,STA,WIFI_DROP,
7.636,13,STA,WIFI_DROP,
7.636,17,STA,WIFI_DROP,
7.6384,5,STA,WIFI_DROP,
7.6384,7,STA,WIFI_DROP,
7.6384,12,STA,WIFI_DROP,
7.6384,13,STA,WIFI_DROP,
7.6384,17,STA,WIFI_DROP,
7.6408,5,STA,WIFI_DROP,
7.6408,7,STA,WIFI_DROP,
7.6408,12,STA,WIFI_DROP,
7.6408,13,STA,WIFI_DROP,
7.6408,17,STA,WIFI_DROP,
7.6432,5,STA,WIFI_DROP,
7.6432,7,STA,WIFI_DROP,
7.6432,12,STA,WIFI_DROP,
7.6432,13,STA,WIFI_DROP,
7.6432,17,STA,WIFI_DROP,
7.6456,5,STA,WIFI_DROP,
7.6456,7,STA,WIFI_DROP,
7.6456,12,STA,WIFI_DROP,
7.6456,13,STA,WIFI_DROP,
7.6456,17,STA,WIFI_DROP,
7.648,5,STA,WIFI_DROP,
7.648,7,STA,WIFI_DROP,
7.648,12,STA,WIFI_DROP,
7.648,13,STA,WIFI_DROP,
7.648,17,STA,WIFI_DROP,
7.6504,5,STA,WIFI_DROP,
7.6504,7,STA,WIFI_DROP,
7.6504,12,STA,WIFI_DROP,
7.6504,13,STA,WIFI_DROP,
7.6504,17,STA,WIFI_DROP,
7.6528,5,STA,WIFI_DROP,
7.6528,7,STA,WIFI_DROP,
7.6528,12,STA,WIFI_DROP,
7.6528,13,STA,WIFI_DROP,
7.6528,17,STA,WIFI_DROP,
7.6552,5,STA,WIFI_DROP,
7.6552,7,STA,WIFI_DROP,
7.6552,12,STA,WIFI_DROP,
7.6552,13,STA,WIFI_DROP,
7.6552,17,STA,WIFI_DROP,
7.6576,5,STA,WIFI_DROP,
7.6576,7,STA,WIFI_DROP,
7.6576,12,STA,WIFI_DROP,
7.6576,13,STA,WIFI_DROP,
7.6576,17,STA,WIFI_DROP,
7.66,5,STA,WIFI_DROP,
7.66,7,STA,WIFI_DROP,
7.66,12,STA,WIFI_DROP,
7.66,13,STA,WIFI_DROP,
7.66,17,STA,WIFI_DROP,
7.6624,5,STA,WIFI_DROP,
7.6624,7,STA,WIFI_DROP,
7.6624,12,STA,WIFI_DROP,
7.6624,13,STA,WIFI_DROP,
7.6624,17,STA,WIFI_DROP,
7.6648,5,STA,WIFI_DROP,
7.6648,7,STA,WIFI_DROP,
7.6648,12,STA,WIFI_DROP,
7.6648,13,STA,WIFI_DROP,
7.6648,17,STA,WIFI_DROP,
7.6672,5,STA,WIFI_DROP,
7.6672,7,STA,WIFI_DROP,
7.6672,12,STA,WIFI_DROP,
7.6672,13,STA,WIFI_DROP,
7.6672,17,STA,WIFI_DROP,
7.6696,5,STA,WIFI_DROP,
7.6696,7,STA,WIFI_DROP,
7.6696,12,STA,WIFI_DROP,
7.6696,13,STA,WIFI_DROP,
7.6696,17,STA,WIFI_DROP,
7.672,5,STA,WIFI_DROP,
7.672,7,STA,WIFI_DROP,
7.672,12,STA,WIFI_DROP,
7.672,13,STA,WIFI_DROP,
7.672,17,STA,WIFI_DROP,
7.6744,5,STA,WIFI_DROP,
7.6744,7,STA,WIFI_DROP,
7.6744,12,STA,WIFI_DROP,
7.6744,13,STA,WIFI_DROP,
7.6744,17,STA,WIFI_DROP,
7.6768,5,STA,WIFI_DROP,
7.6768,7,STA,WIFI_DROP,
7.6768,12,STA,WIFI_DROP,
7.6768,13,STA,WIFI_DROP,
7.6768,17,STA,WIFI_DROP,
7.6792,5,STA,WIFI_DROP,
7.6792,7,STA,WIFI_DROP,
7.6792,12,STA,WIFI_DROP,
7.6792,13,STA,WIFI_DROP,
7.6792,17,STA,WIFI_DROP,
7.6816,5,STA,WIFI_DROP,
7.6816,7,STA,WIFI_DROP,
7.6816,12,STA,WIFI_DROP,
7.6816,13,STA,WIFI_DROP,
7.6816,17,STA,WIFI_DROP,
7.684,5,STA,WIFI_DROP,
7.684,7,STA,WIFI_DROP,
7.684,12,STA,WIFI_DROP,
7.684,13,STA,WIFI_DROP,
7.684,17,STA,WIFI_DROP,
7.6864,5,STA,WIFI_DROP,
7.6864,7,STA,WIFI_DROP,
7.6864,12,STA,WIFI_DROP,
7.6864,13,STA,WIFI_DROP,
7.6864,17,STA,WIFI_DROP,
7.6888,5,STA,WIFI_DROP,
7.6888,7,STA,WIFI_DROP,
7.6888,12,STA,WIFI_DROP,
7.6888,13,STA,WIFI_DROP,
7.6888,17,STA,WIFI_DROP,
7.6912,5,STA,WIFI_DROP,
7.6912,7,STA,WIFI_DROP,
7.6912,12,STA,WIFI_DROP,
7.6912,13,STA,WIFI_DROP,
7.6912,17,STA,WIFI_DROP,
7.6936,5,STA,WIFI_DROP,
7.6936,7,STA,WIFI_DROP,
7.6936,12,STA,WIFI_DROP,
7.6936,13,STA,WIFI_DROP,
7.6936,17,STA,WIFI_DROP,
7.696,5,STA,WIFI_DROP,
7.696,7,STA,WIFI_DROP,
7.696,12,STA,WIFI_DROP,
7.696,13,STA,WIFI_DROP,
7.696,17,STA,WIFI_DROP,
7.6984,5,STA,WIFI_DROP,
7.6984,7,STA,WIFI_DROP,
7.6984,12,STA,WIFI_DROP,
7.6984,13,STA,WIFI_DROP,
7.6984,17,STA,WIFI_DROP,
7.7008,5,STA,WIFI_DROP,
7.7008,7,STA,WIFI_DROP,
7.7008,12,STA,WIFI_DROP,
7.7008,13,STA,WIFI_DROP,
7.7008,17,STA,WIFI_DROP,
7.7032,5,STA,WIFI_DROP,
7.7032,7,STA,WIFI_DROP,
7.7032,12,STA,WIFI_DROP,
7.7032,13,STA,WIFI_DROP,
7.7032,17,STA,WIFI_DROP,
7.7056,5,STA,WIFI_DROP,
7.7056,7,STA,WIFI_DROP,
7.7056,12,STA,WIFI_DROP,
7.7056,13,STA,WIFI_DROP,
7.7056,17,STA,WIFI_DROP,
7.708,5,STA,WIFI_DROP,
7.708,7,STA,WIFI_DROP,
7.708,12,STA,WIFI_DROP,
7.708,13,STA,WIFI_DROP,
7.708,17,STA,WIFI_DROP,
7.7104,5,STA,WIFI_DROP,
7.7104,7,STA,WIFI_DROP,
7.7104,12,STA,WIFI_DROP,
7.7104,13,STA,WIFI_DROP,
7.7104,17,STA,WIFI_DROP,
7.7128,5,STA,WIFI_DROP,
7.7128,7,STA,WIFI_DROP,
7.7128,12,STA,WIFI_DROP,
7.7128,13,STA,WIFI_DROP,
7.7128,17,STA,WIFI_DROP,
7.7152,5,STA,WIFI_DROP,
7.7152,7,STA,WIFI_DROP,
7.7152,12,STA,WIFI_DROP,
7.7152,13,STA,WIFI_DROP,
7.7152,17,STA,WIFI_DROP,
7.7176,5,STA,WIFI_DROP,
7.7176,7,STA,WIFI_DROP,
7.7176,12,STA,WIFI_DROP,
7.7176,13,STA,WIFI_DROP,
7.7176,17,STA,WIFI_DROP,
7.72,5,STA,WIFI_DROP,
7.72,7,STA,WIFI_DROP,
7.72,12,STA,WIFI_DROP,
7.72,13,STA,WIFI_DROP,
7.72,17,STA,WIFI_DROP,
7.7224,5,STA,WIFI_DROP,
7.7224,7,STA,WIFI_DROP,
7.7224,12,STA,WIFI_DROP,
7.7224,13,STA,WIFI_DROP,
7.7224,17,STA,WIFI_DROP,
7.7248,5,STA,WIFI_DROP,
7.7248,7,STA,WIFI_DROP,
7.7248,12,STA,WIFI_DROP,
7.7248,13,STA,WIFI_DROP,
7.7248,17,STA,WIFI_DROP,
7.7272,5,STA,WIFI_DROP,
7.7272,7,STA,WIFI_DROP,
7.7272,12,STA,WIFI_DROP,
7.7272,13,STA,WIFI_DROP,
7.7272,17,STA,WIFI_DROP,
7.7296,5,STA,WIFI_DROP,
7.7296,7,STA,WIFI_DROP,
7.7296,12,STA,WIFI_DROP,
7.7296,13,STA,WIFI_DROP,
7.7296,17,STA,WIFI_DROP,
7.732,5,STA,WIFI_DROP,
7.732,7,STA,WIFI_DROP,
7.732,12,STA,WIFI_DROP,
7.732,13,STA,WIFI_DROP,
7.732,17,STA,WIFI_DROP,
7.7344,5,STA,WIFI_DROP,
7.7344,7,STA,WIFI_DROP,
7.7344,12,STA,WIFI_DROP,
7.7344,13,STA,WIFI_DROP,
7.7344,17,STA,WIFI_DROP,
7.7368,5,STA,WIFI_DROP,
7.7368,7,STA,WIFI_DROP,
7.7368,12,STA,WIFI_DROP,
7.7368,13,STA,WIFI_DROP,
7.7368,17,STA,WIFI_DROP,
7.7392,5,STA,WIFI_DROP,
7.7392,7,STA,WIFI_DROP,
7.7392,12,STA,WIFI_DROP,
7.7392,13,STA,WIFI_DROP,
7.7392,17,STA,WIFI_DROP,
7.7416,5,STA,WIFI_DROP,
7.7416,7,STA,WIFI_DROP,
7.7416,12,STA,WIFI_DROP,
7.7416,13,STA,WIFI_DROP,
7.7416,17,STA,WIFI_DROP,
7.744,5,STA,WIFI_DROP,
7.744,7,STA,WIFI_DROP,
7.744,12,STA,WIFI_DROP,
7.744,13,STA,WIFI_DROP,
7.744,17,STA,WIFI_DROP,
7.7464,5,STA,WIFI_DROP,
7.7464,7,STA,WIFI_DROP,
7.7464,12,STA,WIFI_DROP,
7.7464,13,STA,WIFI_DROP,
7.7464,17,STA,WIFI_DROP,
7.7488,5,STA,WIFI_DROP,
7.7488,7,STA,WIFI_DROP,
7.7488,12,STA,WIFI_DROP,
7.7488,13,STA,WIFI_DROP,
7.7488,17,STA,WIFI_DROP,
7.7512,5,STA,WIFI_DROP,
7.7512,7,STA,WIFI_DROP,
7.7512,12,STA,WIFI_DROP,
7.7512,13,STA,WIFI_DROP,
7.7512,17,STA,WIFI_DROP,
7.7536,5,STA,WIFI_DROP,
7.7536,7,STA,WIFI_DROP,
7.7536,12,STA,WIFI_DROP,
7.7536,13,STA,WIFI_DROP,
7.7536,17,STA,WIFI_DROP,
7.756,5,STA,WIFI_DROP,
7.756,7,STA,WIFI_DROP,
7.756,12,STA,WIFI_DROP,
7.756,13,STA,WIFI_DROP,
7.756,17,STA,WIFI_DROP,
7.7584,5,STA,WIFI_DROP,
7.7584,7,STA,WIFI_DROP,
7.7584,12,STA,WIFI_DROP,
7.7584,13,STA,WIFI_DROP,
7.7584,17,STA,WIFI_DROP,
7.7608,5,STA,WIFI_DROP,
7.7608,7,STA,WIFI_DROP,
7.7608,12,STA,WIFI_DROP,
7.7608,13,STA,WIFI_DROP,
7.7608,17,STA,WIFI_DROP,
7.7632,5,STA,WIFI_DROP,
7.7632,7,STA,WIFI_DROP,
7.7632,12,STA,WIFI_DROP,
7.7632,13,STA,WIFI_DROP,
7.7632,17,STA,WIFI_DROP,
7.7656,5,STA,WIFI_DROP,
7.7656,7,STA,WIFI_DROP,
7.7656,12,STA,WIFI_DROP,
7.7656,13,STA,WIFI_DROP,
7.7656,17,STA,WIFI_DROP,
7.768,5,STA,WIFI_DROP,
7.768,7,STA,WIFI_DROP,
7.768,12,STA,WIFI_DROP,
7.768,13,STA,WIFI_DROP,
7.768,17,STA,WIFI_DROP,
7.7704,5,STA,WIFI_DROP,
7.7704,7,STA,WIFI_DROP,
7.7704,12,STA,WIFI_DROP,
7.7704,13,STA,WIFI_DROP,
7.7704,17,STA,WIFI_DROP,
7.7728,5,STA,WIFI_DROP,
7.7728,7,STA,WIFI_DROP,
7.7728,12,STA,WIFI_DROP,
7.7728,13,STA,WIFI_DROP,
7.7728,17,STA,WIFI_DROP,
7.7752,5,STA,WIFI_DROP,
7.7752,7,STA,WIFI_DROP,
7.7752,12,STA,WIFI_DROP,
7.7752,13,STA,WIFI_DROP,
7.7752,17,STA,WIFI_DROP,
7.7776,5,STA,WIFI_DROP,
7.7776,7,STA,WIFI_DROP,
7.7776,12,STA,WIFI_DROP,
7.7776,13,STA,WIFI_DROP,
7.7776,17,STA,WIFI_DROP,
7.78,5,STA,WIFI_DROP,
7.78,7,STA,WIFI_DROP,
7.78,12,STA,WIFI_DROP,
7.78,13,STA,WIFI_DROP,
7.78,17,STA,WIFI_DROP,
7.7824,5,STA,WIFI_DROP,
7.7824,7,STA,WIFI_DROP,
7.7824,12,STA,WIFI_DROP,
7.7824,13,STA,WIFI_DROP,
7.7824,17,STA,WIFI_DROP,
7.7848,5,STA,WIFI_DROP,
7.7848,7,STA,WIFI_DROP,
7.7848,12,STA,WIFI_DROP,
7.7848,13,STA,WIFI_DROP,
7.7848,17,STA,WIFI_DROP,
7.7872,5,STA,WIFI_DROP,
7.7872,7,STA,WIFI_DROP,
7.7872,12,STA,WIFI_DROP,
7.7872,13,STA,WIFI_DROP,
7.7872,17,STA,WIFI_DROP,
7.7896,5,STA,WIFI_DROP,
7.7896,7,STA,WIFI_DROP,
7.7896,12,STA,WIFI_DROP,
7.7896,13,STA,WIFI_DROP,
7.7896,17,STA,WIFI_DROP,
7.792,5,STA,WIFI_DROP,
7.792,7,STA,WIFI_DROP,
7.792,12,STA,WIFI_DROP,
7.792,13,STA,WIFI_DROP,
7.792,17,STA,WIFI_DROP,
7.7944,5,STA,WIFI_DROP,
7.7944,7,STA,WIFI_DROP,
7.7944,12,STA,WIFI_DROP,
7.7944,13,STA,WIFI_DROP,
7.7944,17,STA,WIFI_DROP,
7.7968,5,STA,WIFI_DROP,
7.7968,7,STA,WIFI_DROP,
7.7968,13,STA,WIFI_DROP,
7.7968,17,STA,WIFI_DROP,
7.7992,5,STA,WIFI_DROP,
7.7992,7,STA,WIFI_DROP,
7.7992,13,STA,WIFI_DROP,
7.7992,17,STA,WIFI_DROP,
7.8016,5,STA,WIFI_DROP,
7.8016,7,STA,WIFI_DROP,
7.8016,13,STA,WIFI_DROP,
7.8016,17,STA,WIFI_DROP,
7.804,5,STA,WIFI_DROP,
7.804,7,STA,WIFI_DROP,
7.804,13,STA,WIFI_DROP,
7.804,17,STA,WIFI_DROP,
7.8064,5,STA,WIFI_DROP,
7.8064,7,STA,WIFI_DROP,
7.8064,13,STA,WIFI_DROP,
7.8064,17,STA,WIFI_DROP,
7.8088,5,STA,WIFI_DROP,
7.8088,7,STA,WIFI_DROP,
7.8088,13,STA,WIFI_DROP,
7.8088,17,STA,WIFI_DROP,
7.8112,5,STA,WIFI_DROP,
7.8112,7,STA,WIFI_DROP,
7.8112,13,STA,WIFI_DROP,
7.8112,17,STA,WIFI_DROP,
7.8136,5,STA,WIFI_DROP,
7.8136,7,STA,WIFI_DROP,
7.8136,13,STA,WIFI_DROP,
7.8136,17,STA,WIFI_DROP,
7.816,5,STA,WIFI_DROP,
7.816,7,STA,WIFI_DROP,
7.816,13,STA,WIFI_DROP,
7.816,17,STA,WIFI_DROP,
7.8184,5,STA,WIFI_DROP,
7.8184,7,STA,WIFI_DROP,
7.8184,13,STA,WIFI_DROP,
7.8184,17,STA,WIFI_DROP,
7.8208,5,STA,WIFI_DROP,
7.8208,7,STA,WIFI_DROP,
7.8208,13,STA,WIFI_DROP,
7.8208,17,STA,WIFI_DROP,
7.8232,5,STA,WIFI_DROP,
7.8232,7,STA,WIFI_DROP,
7.8232,13,STA,WIFI_DROP,
7.8232,17,STA,WIFI_DROP,
7.8256,5,STA,WIFI_DROP,
7.8256,7,STA,WIFI_DROP,
7.8256,13,STA,WIFI_DROP,
7.8256,17,STA,WIFI_DROP,
7.828,5,STA,WIFI_DROP,
7.828,7,STA,WIFI_DROP,
7.828,13,STA,WIFI_DROP,
7.828,17,STA,WIFI_DROP,
7.8304,5,STA,WIFI_DROP,
7.8304,7,STA,WIFI_DROP,
7.8304,13,STA,WIFI_DROP,
7.8304,17,STA,WIFI_DROP,
7.8328,5,STA,WIFI_DROP,
7.8328,7,STA,WIFI_DROP,
7.8328,13,STA,WIFI_DROP,
7.8328,17,STA,WIFI_DROP,
7.8352,5,STA,WIFI_DROP,
7.8352,7,STA,WIFI_DROP,
7.8352,13,STA,WIFI_DROP,
7.8352,17,STA,WIFI_DROP,
7.8376,5,STA,WIFI_DROP,
7.8376,7,STA,WIFI_DROP,
7.8376,13,STA,WIFI_DROP,
7.8376,17,STA,WIFI_DROP,
7.84,5,STA,WIFI_DROP,
7.84,7,STA,WIFI_DROP,
7.84,13,STA,WIFI_DROP,
7.84,17,STA,WIFI_DROP,
7.8424,5,STA,WIFI_DROP,
7.8424,7,STA,WIFI_DROP,
7.8424,13,STA,WIFI_DROP,
7.8424,17,STA,WIFI_DROP,
7.8448,5,STA,WIFI_DROP,
7.8448,7,STA,WIFI_DROP,
7.8448,13,STA,WIFI_DROP,
7.8448,17,STA,WIFI_DROP,
7.8472,5,STA,WIFI_DROP,
7.8472,7,STA,WIFI_DROP,
7.8472,13,STA,WIFI_DROP,
7.8472,17,STA,WIFI_DROP,
7.8496,5,STA,WIFI_DROP,
7.8496,7,STA,WIFI_DROP,
7.8496,13,STA,WIFI_DROP,
7.8496,17,STA,WIFI_DROP,
7.852,5,STA,WIFI_DROP,
7.852,7,STA,WIFI_DROP,
7.852,13,STA,WIFI_DROP,
7.852,17,STA,WIFI_DROP,
7.8544,5,STA,WIFI_DROP,
7.8544,7,STA,WIFI_DROP,
7.8544,13,STA,WIFI_DROP,
7.8544,17,STA,WIFI_DROP,
7.8568,5,STA,WIFI_DROP,
7.8568,7,STA,WIFI_DROP,
7.8568,13,STA,WIFI_DROP,
7.8568,17,STA,WIFI_DROP,
7.8592,5,STA,WIFI_DROP,
7.8592,7,STA,WIFI_DROP,
7.8592,13,STA,WIFI_DROP,
7.8592,17,STA,WIFI_DROP,
7.8616,5,STA,WIFI_DROP,
7.8616,7,STA,WIFI_DROP,
7.8616,13,STA,WIFI_DROP,
7.8616,17,STA,WIFI_DROP,
7.864,5,STA,WIFI_DROP,
7.864,7,STA,WIFI_DROP,
7.864,13,STA,WIFI_DROP,
7.864,17,STA,WIFI_DROP,
7.8664,5,STA,WIFI_DROP,
7.8664,7,STA,WIFI_DROP,
7.8664,13,STA,WIFI_DROP,
7.8664,17,STA,WIFI_DROP,
7.8688,5,STA,WIFI_DROP,
7.8688,7,STA,WIFI_DROP,
7.8688,13,STA,WIFI_DROP,
7.8688,17,STA,WIFI_DROP,
7.8712,5,STA,WIFI_DROP,
7.8712,7,STA,WIFI_DROP,
7.8712,13,STA,WIFI_DROP,
7.8712,17,STA,WIFI_DROP,
7.8736,5,STA,WIFI_DROP,
7.8736,7,STA,WIFI_DROP,
7.8736,13,STA,WIFI_DROP,
7.8736,17,STA,WIFI_DROP,
7.876,5,STA,WIFI_DROP,
7.876,7,STA,WIFI_DROP,
7.876,13,STA,WIFI_DROP,
7.876,17,STA,WIFI_DROP,
7.8784,5,STA,WIFI_DROP,
7.8784,7,STA,WIFI_DROP,
7.8784,13,STA,WIFI_DROP,
7.8784,17,STA,WIFI_DROP,
7.8808,5,STA,WIFI_DROP,
7.8808,7,STA,WIFI_DROP,
7.8808,13,STA,WIFI_DROP,
7.8808,17,STA,WIFI_DROP,
7.8832,5,STA,WIFI_DROP,
7.8832,7,STA,WIFI_DROP,
7.8832,13,STA,WIFI_DROP,
7.8832,17,STA,WIFI_DROP,
7.8856,5,STA,WIFI_DROP,
7.8856,7,STA,WIFI_DROP,
7.8856,13,STA,WIFI_DROP,
7.8856,17,STA,WIFI_DROP,
7.888,5,STA,WIFI_DROP,
7.888,7,STA,WIFI_DROP,
7.888,13,STA,WIFI_DROP,
7.888,17,STA,WIFI_DROP,
7.8904,5,STA,WIFI_DROP,
7.8904,7,STA,WIFI_DROP,
7.8904,13,STA,WIFI_DROP,
7.8904,17,STA,WIFI_DROP,
7.8928,5,STA,WIFI_DROP,
7.8928,7,STA,WIFI_DROP,
7.8928,13,STA,WIFI_DROP,
7.8928,17,STA,WIFI_DROP,
7.8952,5,STA,WIFI_DROP,
7.8952,7,STA,WIFI_DROP,
7.8952,13,STA,WIFI_DROP,
7.8952,17,STA,WIFI_DROP,
7.8976,5,STA,WIFI_DROP,
7.8976,7,STA,WIFI_DROP,
7.8976,13,STA,WIFI_DROP,
7.8976,17,STA,WIFI_DROP,
7.9,5,STA,WIFI_DROP,
7.9,7,STA,WIFI_DROP,
7.9,13,STA,WIFI_DROP,
7.9,17,STA,WIFI_DROP,
7.9024,5,STA,WIFI_DROP,
7.9024,7,STA,WIFI_DROP,
7.9024,13,STA,WIFI_DROP,
7.9024,17,STA,WIFI_DROP,
7.9048,5,STA,WIFI_DROP,
7.9048,7,STA,WIFI_DROP,
7.9048,13,STA,WIFI_DROP,
7.9048,17,STA,WIFI_DROP,
7.9072,7,STA,WIFI_DROP,
7.9072,13,STA,WIFI_DROP,
7.9072,17,STA,WIFI_DROP,
7.9096,7,STA,WIFI_DROP,
7.9096,13,STA,WIFI_DROP,
7.9096,17,STA,WIFI_DROP,
7.912,7,STA,WIFI_DROP,
7.912,13,STA,WIFI_DROP,
7.912,17,STA,WIFI_DROP,
7.9144,7,STA,WIFI_DROP,
7.9144,13,STA,WIFI_DROP,
7.9144,17,STA,WIFI_DROP,
7.9168,7,STA,WIFI_DROP,
7.9168,13,STA,WIFI_DROP,
7.9168,17,STA,WIFI_DROP,
7.9192,7,STA,WIFI_DROP,
7.9192,13,STA,WIFI_DROP,
7.9192,17,STA,WIFI_DROP,
7.9216,7,STA,WIFI_DROP,
7.9216,13,STA,WIFI_DROP,
7.9216,17,STA,WIFI_DROP,
7.924,7,STA,WIFI_DROP,
7.924,13,STA,WIFI_DROP,
7.924,17,STA,WIFI_DROP,
7.9264,7,STA,WIFI_DROP,
7.9264,13,STA,WIFI_DROP,
7.9264,17,STA,WIFI_DROP,
7.9288,7,STA,WIFI_DROP,
7.9288,13,STA,WIFI_DROP,
7.9288,17,STA,WIFI_DROP,
7.9312,7,STA,WIFI_DROP,
7.9312,13,STA,WIFI_DROP,
7.9312,17,STA,WIFI_DROP,
7.9336,7,STA,WIFI_DROP,
7.9336,13,STA,WIFI_DROP,
7.9336,17,STA,WIFI_DROP,
7.936,7,STA,WIFI_DROP,
7.936,13,STA,WIFI_DROP,
7.936,17,STA,WIFI_DROP,
7.9384,7,STA,WIFI_DROP,
7.9384,13,STA,WIFI_DROP,
7.9384,17,STA,WIFI_DROP,
7.9408,7,STA,WIFI_DROP,
7.9408,13,STA,WIFI_DROP,
7.9408,17,STA,WIFI_DROP,
7.9432,7,STA,WIFI_DROP,
7.9432,13,STA,WIFI_DROP,
7.9432,17,STA,WIFI_DROP,
7.9456,7,STA,WIFI_DROP,
7.9456,13,STA,WIFI_DROP,
7.9456,17,STA,WIFI_DROP,
7.948,7,STA,WIFI_DROP,
7.948,13,STA,WIFI_DROP,
7.948,17,STA,WIFI_DROP,
7.9504,7,STA,WIFI_DROP,
7.9504,13,STA,WIFI_DROP,
7.9504,17,STA,WIFI_DROP,
7.9528,7,STA,WIFI_DROP,
7.9528,13,STA,WIFI_DROP,
7.9528,17,STA,WIFI_DROP,
7.9552,7,STA,WIFI_DROP,
7.9552,13,STA,WIFI_DROP,
7.9552,17,STA,WIFI_DROP,
7.9576,7,STA,WIFI_DROP,
7.9576,13,STA,WIFI_DROP,
7.9576,17,STA,WIFI_DROP,
7.96,7,STA,WIFI_DROP,
7.96,13,STA,WIFI_DROP,
7.96,17,STA,WIFI_DROP,
7.9624,7,STA,WIFI_DROP,
7.9624,13,STA,WIFI_DROP,
7.9624,17,STA,WIFI_DROP,
7.9648,7,STA,WIFI_DROP,
7.9648,13,STA,WIFI_DROP,
7.9648,17,STA,WIFI_DROP,
7.9672,7,STA,WIFI_DROP,
7.9672,13,STA,WIFI_DROP,
7.9672,17,STA,WIFI_DROP,
7.9696,7,STA,WIFI_DROP,
7.9696,13,STA,WIFI_DROP,
7.9696,17,STA,WIFI_DROP,
7.972,7,STA,WIFI_DROP,
7.972,13,STA,WIFI_DROP,
7.972,17,STA,WIFI_DROP,
7.9744,7,STA,WIFI_DROP,
7.9744,13,STA,WIFI_DROP,
7.9744,17,STA,WIFI_DROP,
7.9768,7,STA,WIFI_DROP,
7.9768,13,STA,WIFI_DROP,
7.9768,17,STA,WIFI_DROP,
7.9792,7,STA,WIFI_DROP,
7.9792,13,STA,WIFI_DROP,
7.9792,17,STA,WIFI_DROP,
7.9816,7,STA,WIFI_DROP,
7.9816,13,STA,WIFI_DROP,
7.9816,17,STA,WIFI_DROP,
7.984,7,STA,WIFI_DROP,
7.984,13,STA,WIFI_DROP,
7.984,17,STA,WIFI_DROP,
7.9864,7,STA,WIFI_DROP,
7.9864,13,STA,WIFI_DROP,
7.9864,17,STA,WIFI_DROP,
7.9888,7,STA,WIFI_DROP,
7.9888,13,STA,WIFI_DROP,
7.9888,17,STA,WIFI_DROP,
7.9912,7,STA,WIFI_DROP,
7.9912,13,STA,WIFI_DROP,
7.9912,17,STA,WIFI_DROP,
7.9936,7,STA,WIFI_DROP,
7.9936,13,STA,WIFI_DROP,
7.9936,17,STA,WIFI_DROP,
7.996,7,STA,WIFI_DROP,
7.996,13,STA,WIFI_DROP,
7.996,17,STA,WIFI_DROP,
7.9984,7,STA,WIFI_DROP,
7.9984,13,STA,WIFI_DROP,
7.9984,17,STA,WIFI_DROP,
8,4,STA,THROUGHPUT_MBPS,0.624000
8,9,STA,THROUGHPUT_MBPS,1.212000
8,10,STA,THROUGHPUT_MBPS,0.756000
8,15,STA,THROUGHPUT_MBPS,0.624000
8,16,STA,THROUGHPUT_MBPS,0.840000
8,19,STA,THROUGHPUT_MBPS,2.088000
8,21,STA,THROUGHPUT_MBPS,1.380000
8,1,AP,AGGREGATE_THROUGHPUT_MBPS,7.524000
8,1,AP,SENT_COUNT,8340.000000
8,1,AP,RECV_COUNT,627.000000
8,1,AP,LATENCY_P95_MS,563.979506
8.0008,7,STA,WIFI_DROP,
8.0008,13,STA,WIFI_DROP,
8.0008,17,STA,WIFI_DROP,
8.0032,7,STA,WIFI_DROP,
8.0032,13,STA,WIFI_DROP,
8.0032,17,STA,WIFI_DROP,
8.0056,7,STA,WIFI_DROP,
8.0056,13,STA,WIFI_DROP,
8.0056,17,STA,WIFI_DROP,
8.008,7,STA,WIFI_DROP,
8.008,13,STA,WIFI_DROP,
8.008,17,STA,WIFI_DROP,
8.0104,7,STA,WIFI_DROP,
8.0104,13,STA,WIFI_DROP,
8.0104,17,STA,WIFI_DROP,
8.0128,7,STA,WIFI_DROP,
8.0128,13,STA,WIFI_DROP,
8.0128,17,STA,WIFI_DROP,
8.0152,7,STA,WIFI_DROP,
8.0152,13,STA,WIFI_DROP,
8.0152,17,STA,WIFI_DROP,
8.0176,7,STA,WIFI_DROP,
8.0176,13,STA,WIFI_DROP,
8.0176,17,STA,WIFI_DROP,
8.02,7,STA,WIFI_DROP,
8.02,13,STA,WIFI_DROP,
8.02,17,STA,WIFI_DROP,
8.0224,7,STA,WIFI_DROP,
8.0224,13,STA,WIFI_DROP,
8.0224,17,STA,WIFI_DROP,
8.0248,7,STA,WIFI_DROP,
8.0248,13,STA,WIFI_DROP,
8.0248,17,STA,WIFI_DROP,
8.0272,7,STA,WIFI_DROP,
8.0272,13,STA,WIFI_DROP,
8.0272,17,STA,WIFI_DROP,
8.0296,7,STA,WIFI_DROP,
8.0296,13,STA,WIFI_DROP,
8.0296,17,STA,WIFI_DROP,
8.032,7,STA,WIFI_DROP,
8.032,13,STA,WIFI_DROP,
8.032,17,STA,WIFI_DROP,
8.0344,7,STA,WIFI_DROP,
8.0344,13,STA,WIFI_DROP,
8.0344,17,STA,WIFI_DROP,
8.0368,7,STA,WIFI_DROP,
8.0368,13,STA,WIFI_DROP,
8.0368,17,STA,WIFI_DROP,
8.0392,7,STA,WIFI_DROP,
8.0392,13,STA,WIFI_DROP,
8.0392,17,STA,WIFI_DROP,
8.0416,7,STA,WIFI_DROP,
8.0416,13,STA,WIFI_DROP,
8.0416,17,STA,WIFI_DROP,
8.044,7,STA,WIFI_DROP,
8.044,13,STA,WIFI_DROP,
8.044,17,STA,WIFI_DROP,
8.0464,13,STA,WIFI_DROP,
8.0464,17,STA,WIFI_DROP,
8.0488,13,STA,WIFI_DROP,
8.0488,17,STA,WIFI_DROP,
8.0512,13,STA,WIFI_DROP,
8.0512,17,STA,WIFI_DROP,
8.0536,13,STA,WIFI_DROP,
8.0536,17,STA,WIFI_DROP,
8.056,13,STA,WIFI_DROP,
8.056,17,STA,WIFI_DROP,
8.0584,13,STA,WIFI_DROP,
8.0584,17,STA,WIFI_DROP,
8.0608,13,STA,WIFI_DROP,
8.0608,17,STA,WIFI_DROP,
8.0632,13,STA,WIFI_DROP,
8.0632,17,STA,WIFI_DROP,
8.0656,13,STA,WIFI_DROP,
8.0656,17,STA,WIFI_DROP,
8.068,7,STA,WIFI_DROP,
8.068,13,STA,WIFI_DROP,
8.068,17,STA,WIFI_DROP,
8.0704,7,STA,WIFI_DROP,
8.0704,13,STA,WIFI_DROP,
8.0704,17,STA,WIFI_DROP,
8.0728,7,STA,WIFI_DROP,
8.0728,13,STA,WIFI_DROP,
8.0728,17,STA,WIFI_DROP,
8.0752,7,STA,WIFI_DROP,
8.0752,13,STA,WIFI_DROP,
8.0752,17,STA,WIFI_DROP,
8.0776,7,STA,WIFI_DROP,
8.0776,13,STA,WIFI_DROP,
8.0776,17,STA,WIFI_DROP,
8.08,7,STA,WIFI_DROP,
8.08,13,STA,WIFI_DROP,
8.08,17,STA,WIFI_DROP,
8.0824,7,STA,WIFI_DROP,
8.0824,13,STA,WIFI_DROP,
8.0824,17,STA,WIFI_DROP,
8.0848,7,STA,WIFI_DROP,
8.0848,13,STA,WIFI_DROP,
8.0848,17,STA,WIFI_DROP,
8.0872,7,STA,WIFI_DROP,
8.0872,13,STA,WIFI_DROP,
8.0872,17,STA,WIFI_DROP,
8.0896,7,STA,WIFI_DROP,
8.0896,13,STA,WIFI_DROP,
8.0896,17,STA,WIFI_DROP,
8.092,7,STA,WIFI_DROP,
8.092,13,STA,WIFI_DROP,
8.092,17,STA,WIFI_DROP,
8.0944,7,STA,WIFI_DROP,
8.0944,13,STA,WIFI_DROP,
8.0944,17,STA,WIFI_DROP,
8.0968,7,STA,WIFI_DROP,
8.0968,13,STA,WIFI_DROP,
8.0968,17,STA,WIFI_DROP,
8.0992,7,STA,WIFI_DROP,
8.0992,13,STA,WIFI_DROP,
8.0992,17,STA,WIFI_DROP,
8.1016,7,STA,WIFI_DROP,
8.1016,13,STA,WIFI_DROP,
8.1016,17,STA,WIFI_DROP,
8.104,7,STA,WIFI_DROP,
8.104,13,STA,WIFI_DROP,
8.104,17,STA,WIFI_DROP,
8.1064,7,STA,WIFI_DROP,
8.1064,13,STA,WIFI_DROP,
8.1064,17,STA,WIFI_DROP,
8.1088,7,STA,WIFI_DROP,
8.1088,13,STA,WIFI_DROP,
8.1088,17,STA,WIFI_DROP,
8.1112,7,STA,WIFI_DROP,
8.1112,13,STA,WIFI_DROP,
8.1112,17,STA,WIFI_DROP,
8.1136,7,STA,WIFI_DROP,
8.1136,13,STA,WIFI_DROP,
8.1136,17,STA,WIFI_DROP,
8.116,7,STA,WIFI_DROP,
8.116,13,STA,WIFI_DROP,
8.116,17,STA,WIFI_DROP,
8.1184,7,STA,WIFI_DROP,
8.1184,13,STA,WIFI_DROP,
8.1184,17,STA,WIFI_DROP,
8.1208,7,STA,WIFI_DROP,
8.1208,13,STA,WIFI_DROP,
8.1208,17,STA,WIFI_DROP,
8.1232,7,STA,WIFI_DROP,
8.1232,13,STA,WIFI_DROP,
8.1232,17,STA,WIFI_DROP,
8.1256,7,STA,WIFI_DROP,
8.1256,13,STA,WIFI_DROP,
8.1256,17,STA,WIFI_DROP,
8.128,7,STA,WIFI_DROP,
8.128,13,STA,WIFI_DROP,
8.128,17,STA,WIFI_DROP,
8.1304,7,STA,WIFI_DROP,
8.1304,13,STA,WIFI_DROP,
8.1304,17,STA,WIFI_DROP,
8.1328,7,STA,WIFI_DROP,
8.1328,13,STA,WIFI_DROP,
8.1328,17,STA,WIFI_DROP,
8.1352,7,STA,WIFI_DROP,
8.1352,13,STA,WIFI_DROP,
8.1352,17,STA,WIFI_DROP,
8.1376,7,STA,WIFI_DROP,
8.1376,13,STA,WIFI_DROP,
8.1376,17,STA,WIFI_DROP,
8.14,7,STA,WIFI_DROP,
8.14,13,STA,WIFI_DROP,
8.14,17,STA,WIFI_DROP,
8.1424,7,STA,WIFI_DROP,
8.1424,13,STA,WIFI_DROP,
8.1424,17,STA,WIFI_DROP,
8.1448,7,STA,WIFI_DROP,
8.1448,13,STA,WIFI_DROP,
8.1448,17,STA,WIFI_DROP,
8.1472,7,STA,WIFI_DROP,
8.1472,13,STA,WIFI_DROP,
8.1472,17,STA,WIFI_DROP,
8.1496,7,STA,WIFI_DROP,
8.1496,13,STA,WIFI_DROP,
8.1496,17,STA,WIFI_DROP,
8.152,7,STA,WIFI_DROP,
8.152,13,STA,WIFI_DROP,
8.152,17,STA,WIFI_DROP,
8.1544,7,STA,WIFI_DROP,
8.1544,13,STA,WIFI_DROP,
8.1544,17,STA,WIFI_DROP,
8.1568,7,STA,WIFI_DROP,
8.1568,13,STA,WIFI_DROP,
8.1568,17,STA,WIFI_DROP,
8.1592,7,STA,WIFI_DROP,
8.1592,13,STA,WIFI_DROP,
8.1592,17,STA,WIFI_DROP,
8.1616,7,STA,WIFI_DROP,
8.1616,13,STA,WIFI_DROP,
8.1616,17,STA,WIFI_DROP,
8.164,7,STA,WIFI_DROP,
8.164,13,STA,WIFI_DROP,
8.164,17,STA,WIFI_DROP,
8.1664,7,STA,WIFI_DROP,
8.1664,13,STA,WIFI_DROP,
8.1664,17,STA,WIFI_DROP,
8.1688,7,STA,WIFI_DROP,
8.1688,13,STA,WIFI_DROP,
8.1688,17,STA,WIFI_DROP,
8.1712,7,STA,WIFI_DROP,
8.1712,13,STA,WIFI_DROP,
8.1712,17,STA,WIFI_DROP,
8.1736,7,STA,WIFI_DROP,
8.1736,13,STA,WIFI_DROP,
8.1736,17,STA,WIFI_DROP,
8.176,7,STA,WIFI_DROP,
8.176,13,STA,WIFI_DROP,
8.176,17,STA,WIFI_DROP,
8.1784,7,STA,WIFI_DROP,
8.1784,13,STA,WIFI_DROP,
8.1784,17,STA,WIFI_DROP,
8.1808,7,STA,WIFI_DROP,
8.1808,13,STA,WIFI_DROP,
8.1808,17,STA,WIFI_DROP,
8.1832,7,STA,WIFI_DROP,
8.1832,13,STA,WIFI_DROP,
8.1832,17,STA,WIFI_DROP,
8.1856,7,STA,WIFI_DROP,
8.1856,13,STA,WIFI_DROP,
8.1856,17,STA,WIFI_DROP,
8.188,7,STA,WIFI_DROP,
8.188,13,STA,WIFI_DROP,
8.188,17,STA,WIFI_DROP,
8.1904,7,STA,WIFI_DROP,
8.1904,13,STA,WIFI_DROP,
8.1904,17,STA,WIFI_DROP,
8.1928,7,STA,WIFI_DROP,
8.1928,13,STA,WIFI_DROP,
8.1928,17,STA,WIFI_DROP,
8.1952,7,STA,WIFI_DROP,
8.1952,13,STA,WIFI_DROP,
8.1952,17,STA,WIFI_DROP,
8.1976,7,STA,WIFI_DROP,
8.1976,13,STA,WIFI_DROP,
8.1976,17,STA,WIFI_DROP,
8.2,7,STA,WIFI_DROP,
8.2,13,STA,WIFI_DROP,
8.2,17,STA,WIFI_DROP,
8.2024,7,STA,WIFI_DROP,
8.2024,13,STA,WIFI_DROP,
8.2024,17,STA,WIFI_DROP,
8.2048,7,STA,WIFI_DROP,
8.2048,13,STA,WIFI_DROP,
8.2072,7,STA,WIFI_DROP,
8.2072,13,STA,WIFI_DROP,
8.2096,7,STA,WIFI_DROP,
8.2096,13,STA,WIFI_DROP,
8.212,7,STA,WIFI_DROP,
8.212,13,STA,WIFI_DROP,
8.2144,7,STA,WIFI_DROP,
8.2144,13,STA,WIFI_DROP,
8.2168,7,STA,WIFI_DROP,
8.2168,13,STA,WIFI_DROP,
8.2192,7,STA,WIFI_DROP,
8.2192,13,STA,WIFI_DROP,
8.2216,13,STA,WIFI_DROP,
8.224,13,STA,WIFI_DROP,
8.2264,13,STA,WIFI_DROP,
8.2288,13,STA,WIFI_DROP,
8.2312,13,STA,WIFI_DROP,
8.2336,13,STA,WIFI_DROP,
8.236,13,STA,WIFI_DROP,
8.2384,13,STA,WIFI_DROP,
8.2408,13,STA,WIFI_DROP,
8.2432,13,STA,WIFI_DROP,
8.2456,13,STA,WIFI_DROP,
8.248,13,STA,WIFI_DROP,
8.2504,13,STA,WIFI_DROP,
8.2528,13,STA,WIFI_DROP,
8.2552,13,STA,WIFI_DROP,
8.2576,13,STA,WIFI_DROP,
8.26,13,STA,WIFI_DROP,
8.2624,13,STA,WIFI_DROP,
8.2648,13,STA,WIFI_DROP,
8.2672,13,STA,WIFI_DROP,
8.2696,13,STA,WIFI_DROP,
8.272,13,STA,WIFI_DROP,
8.2744,10,STA,WIFI_DROP,
8.2744,13,STA,WIFI_DROP,
8.2768,10,STA,WIFI_DROP,
8.2768,13,STA,WIFI_DROP,
8.2792,10,STA,WIFI_DROP,
8.2792,13,STA,WIFI_DROP,
8.2816,10,STA,WIFI_DROP,
8.2816,13,STA,WIFI_DROP,
8.284,10,STA,WIFI_DROP,
8.284,13,STA,WIFI_DROP,
8.2864,10,STA,WIFI_DROP,
8.2864,13,STA,WIFI_DROP,
8.2888,10,STA,WIFI_DROP,
8.2888,13,STA,WIFI_DROP,
8.2912,10,STA,WIFI_DROP,
8.2912,13,STA,WIFI_DROP,
8.2936,10,STA,WIFI_DROP,
8.2936,13,STA,WIFI_DROP,
8.296,10,STA,WIFI_DROP,
8.296,13,STA,WIFI_DROP,
8.2984,10,STA,WIFI_DROP,
8.2984,13,STA,WIFI_DROP,
8.3008,10,STA,WIFI_DROP,
8.3008,13,STA,WIFI_DROP,
8.3032,10,STA,WIFI_DROP,
8.3032,13,STA,WIFI_DROP,
8.3056,10,STA,WIFI_DROP,
8.3056,13,STA,WIFI_DROP,
8.308,10,STA,WIFI_DROP,
8.308,13,STA,WIFI_DROP,
8.3104,10,STA,WIFI_DROP,
8.3104,13,STA,WIFI_DROP,
8.3128,10,STA,WIFI_DROP,
8.3128,13,STA,WIFI_DROP,
8.3152,10,STA,WIFI_DROP,
8.3152,13,STA,WIFI_DROP,
8.3176,10,STA,WIFI_DROP,
8.3176,13,STA,WIFI_DROP,
8.32,10,STA,WIFI_DROP,
8.32,13,STA,WIFI_DROP,
8.3224,10,STA,WIFI_DROP,
8.3224,13,STA,WIFI_DROP,
8.3248,10,STA,WIFI_DROP,
8.3248,13,STA,WIFI_DROP,
8.3272,10,STA,WIFI_DROP,
8.3272,13,STA,WIFI_DROP,
8.3296,10,STA,WIFI_DROP,
8.3296,13,STA,WIFI_DROP,
8.332,10,STA,WIFI_DROP,
8.332,13,STA,WIFI_DROP,
8.3344,10,STA,WIFI_DROP,
8.3344,13,STA,WIFI_DROP,
8.3368,10,STA,WIFI_DROP,
8.3368,13,STA,WIFI_DROP,
8.3392,10,STA,WIFI_DROP,
8.3392,13,STA,WIFI_DROP,
8.3416,10,STA,WIFI_DROP,
8.3416,13,STA,WIFI_DROP,
8.344,10,STA,WIFI_DROP,
8.344,13,STA,WIFI_DROP,
8.3464,10,STA,WIFI_DROP,
8.3464,13,STA,WIFI_DROP,
8.3488,10,STA,WIFI_DROP,
8.3488,13,STA,WIFI_DROP,
8.3512,10,STA,WIFI_DROP,
8.3512,13,STA,WIFI_DROP,
8.3536,10,STA,WIFI_DROP,
8.3536,13,STA,WIFI_DROP,
8.356,10,STA,WIFI_DROP,
8.356,13,STA,WIFI_DROP,
8.3584,10,STA,WIFI_DROP,
8.3584,13,STA,WIFI_DROP,
8.3608,10,STA,WIFI_DROP,
8.3608,13,STA,WIFI_DROP,
8.3632,10,STA,WIFI_DROP,
8.3632,13,STA,WIFI_DROP,
8.3656,10,STA,WIFI_DROP,
8.3656,13,STA,WIFI_DROP,
8.368,10,STA,WIFI_DROP,
8.368,13,STA,WIFI_DROP,
8.3704,10,STA,WIFI_DROP,
8.3704,13,STA,WIFI_DROP,
8.3728,10,STA,WIFI_DROP,
8.3728,13,STA,WIFI_DROP,
8.3752,10,STA,WIFI_DROP,
8.3752,13,STA,WIFI_DROP,
8.3776,10,STA,WIFI_DROP,
8.3776,13,STA,WIFI_DROP,
8.38,10,STA,WIFI_DROP,
8.38,13,STA,WIFI_DROP,
8.3824,10,STA,WIFI_DROP,
8.3824,13,STA,WIFI_DROP,
8.3848,10,STA,WIFI_DROP,
8.3848,13,STA,WIFI_DROP,
8.3872,10,STA,WIFI_DROP,
8.3872,13,STA,WIFI_DROP,
8.3896,10,STA,WIFI_DROP,
8.3896,13,STA,WIFI_DROP,
8.392,10,STA,WIFI_DROP,
8.392,13,STA,WIFI_DROP,
8.3944,10,STA,WIFI_DROP,
8.3944,13,STA,WIFI_DROP,
8.3968,10,STA,WIFI_DROP,
8.3968,13,STA,WIFI_DROP,
8.3992,10,STA,WIFI_DROP,
8.3992,13,STA,WIFI_DROP,
8.4016,10,STA,WIFI_DROP,
8.4016,13,STA,WIFI_DROP,
8.404,10,STA,WIFI_DROP,
8.404,13,STA,WIFI_DROP,
8.4064,10,STA,WIFI_DROP,
8.4064,13,STA,WIFI_DROP,
8.4088,10,STA,WIFI_DROP,
8.4088,13,STA,WIFI_DROP,
8.4112,10,STA,WIFI_DROP,
8.4112,13,STA,WIFI_DROP,
8.4136,10,STA,WIFI_DROP,
8.4136,13,STA,WIFI_DROP,
8.416,10,STA,WIFI_DROP,
8.416,13,STA,WIFI_DROP,
8.4184,10,STA,WIFI_DROP,
8.4184,13,STA,WIFI_DROP,
8.4208,10,STA,WIFI_DROP,
8.4208,13,STA,WIFI_DROP,
8.4232,10,STA,WIFI_DROP,
8.4232,13,STA,WIFI_DROP,
8.4256,10,STA,WIFI_DROP,
8.4256,13,STA,WIFI_DROP,
8.428,10,STA,WIFI_DROP,
8.428,13,STA,WIFI_DROP,
8.4304,10,STA,WIFI_DROP,
8.4304,13,STA,WIFI_DROP,
8.4328,10,STA,WIFI_DROP,
8.4328,13,STA,WIFI_DROP,
8.4352,10,STA,WIFI_DROP,
8.4352,13,STA,WIFI_DROP,
8.4376,10,STA,WIFI_DROP,
8.4376,13,STA,WIFI_DROP,
8.44,10,STA,WIFI_DROP,
8.44,13,STA,WIFI_DROP,
8.4424,10,STA,WIFI_DROP,
8.4424,13,STA,WIFI_DROP,
8.4448,10,STA,WIFI_DROP,
8.4448,13,STA,WIFI_DROP,
8.4472,10,STA,WIFI_DROP,
8.4472,13,STA,WIFI_DROP,
8.4496,10,STA,WIFI_DROP,
8.4496,13,STA,WIFI_DROP,
8.452,10,STA,WIFI_DROP,
8.452,13,STA,WIFI_DROP,
8.4544,10,STA,WIFI_DROP,
8.4544,13,STA,WIFI_DROP,
8.4568,10,STA,WIFI_DROP,
8.4568,13,STA,WIFI_DROP,
8.4592,10,STA,WIFI_DROP,
8.4592,13,STA,WIFI_DROP,
8.4616,10,STA,WIFI_DROP,
8.4616,13,STA,WIFI_DROP,
8.464,10,STA,WIFI_DROP,
8.464,13,STA,WIFI_DROP,
8.4664,10,STA,WIFI_DROP,
8.4664,13,STA,WIFI_DROP,
8.4688,10,STA,WIFI_DROP,
8.4688,13,STA,WIFI_DROP,
8.4712,10,STA,WIFI_DROP,
8.4712,13,STA,WIFI_DROP,
8.4736,10,STA,WIFI_DROP,
8.476,10,STA,WIFI_DROP,
8.4784,6,STA,WIFI_DROP,
8.4784,10,STA,WIFI_DROP,
8.4784,21,STA,WIFI_DROP,
8.4808,6,STA,WIFI_DROP,
8.4808,10,STA,WIFI_DROP,
8.4808,21,STA,WIFI_DROP,
8.4832,6,STA,WIFI_DROP,
8.4832,10,STA,WIFI_DROP,
8.4832,21,STA,WIFI_DROP,
8.4856,6,STA,WIFI_DROP,
8.4856,10,STA,WIFI_DROP,
8.4856,21,STA,WIFI_DROP,
8.488,6,STA,WIFI_DROP,
8.488,10,STA,WIFI_DROP,
8.488,21,STA,WIFI_DROP,
8.4904,6,STA,WIFI_DROP,
8.4904,10,STA,WIFI_DROP,
8.4904,21,STA,WIFI_DROP,
8.4928,6,STA,WIFI_DROP,
8.4928,10,STA,WIFI_DROP,
8.4928,21,STA,WIFI_DROP,
8.4952,6,STA,WIFI_DROP,
8.4952,10,STA,WIFI_DROP,
8.4952,21,STA,WIFI_DROP,
8.4976,6,STA,WIFI_DROP,
8.4976,10,STA,WIFI_DROP,
8.4976,21,STA,WIFI_DROP,
8.5,6,STA,WIFI_DROP,
8.5,10,STA,WIFI_DROP,
8.5,21,STA,WIFI_DROP,
8.5024,6,STA,WIFI_DROP,
8.5024,10,STA,WIFI_DROP,
8.5024,21,STA,WIFI_DROP,
8.5048,6,STA,WIFI_DROP,
8.5048,10,STA,WIFI_DROP,
8.5048,21,STA,WIFI_DROP,
8.5072,6,STA,WIFI_DROP,
8.5072,10,STA,WIFI_DROP,
8.5072,21,STA,WIFI_DROP,
8.5096,6,STA,WIFI_DROP,
8.5096,10,STA,WIFI_DROP,
8.5096,21,STA,WIFI_DROP,
8.512,6,STA,WIFI_DROP,
8.512,10,STA,WIFI_DROP,
8.512,21,STA,WIFI_DROP,
8.5144,6,STA,WIFI_DROP,
8.5144,10,STA,WIFI_DROP,
8.5144,21,STA,WIFI_DROP,
8.5168,6,STA,WIFI_DROP,
8.5168,10,STA,WIFI_DROP,
8.5168,21,STA,WIFI_DROP,
8.5192,6,STA,WIFI_DROP,
8.5192,10,STA,WIFI_DROP,
8.5192,21,STA,WIFI_DROP,
8.5216,6,STA,WIFI_DROP,
8.5216,10,STA,WIFI_DROP,
8.5216,21,STA,WIFI_DROP,
8.524,6,STA,WIFI_DROP,
8.524,10,STA,WIFI_DROP,
8.524,21,STA,WIFI_DROP,
8.5264,6,STA,WIFI_DROP,
8.5264,10,STA,WIFI_DROP,
8.5264,21,STA,WIFI_DROP,
8.5288,6,STA,WIFI_DROP,
8.5288,10,STA,WIFI_DROP,
8.5288,21,STA,WIFI_DROP,
8.5312,10,STA,WIFI_DROP,
8.5312,21,STA,WIFI_DROP,
8.5336,10,STA,WIFI_DROP,
8.5336,21,STA,WIFI_DROP,
8.536,10,STA,WIFI_DROP,
8.536,21,STA,WIFI_DROP,
8.5384,10,STA,WIFI_DROP,
8.5384,21,STA,WIFI_DROP,
8.5408,10,STA,WIFI_DROP,
8.5408,21,STA,WIFI_DROP,
8.5432,10,STA,WIFI_DROP,
8.5432,21,STA,WIFI_DROP,
8.5456,10,STA,WIFI_DROP,
8.5456,21,STA,WIFI_DROP,
8.548,10,STA,WIFI_DROP,
8.548,21,STA,WIFI_DROP,
8.5504,10,STA,WIFI_DROP,
8.5504,21,STA,WIFI_DROP,
8.5528,10,STA,WIFI_DROP,
8.5528,21,STA,WIFI_DROP,
8.5552,10,STA,WIFI_DROP,
8.5552,21,STA,WIFI_DROP,
8.5576,10,STA,WIFI_DROP,
8.5576,21,STA,WIFI_DROP,
8.56,10,STA,WIFI_DROP,
8.56,21,STA,WIFI_DROP,
8.5624,10,STA,WIFI_DROP,
8.5624,21,STA,WIFI_DROP,
8.5648,10,STA,WIFI_DROP,
8.5648,21,STA,WIFI_DROP,
8.5672,10,STA,WIFI_DROP,
8.5672,21,STA,WIFI_DROP,
8.5696,10,STA,WIFI_DROP,
8.5696,21,STA,WIFI_DROP,
8.572,10,STA,WIFI_DROP,
8.572,21,STA,WIFI_DROP,
8.5744,10,STA,WIFI_DROP,
8.5744,21,STA,WIFI_DROP,
8.5768,10,STA,WIFI_DROP,
8.5768,21,STA,WIFI_DROP,
8.5792,10,STA,WIFI_DROP,
8.5792,21,STA,WIFI_DROP,
8.5816,10,STA,WIFI_DROP,
8.584,10,STA,WIFI_DROP,
8.5864,10,STA,WIFI_DROP,
8.5888,10,STA,WIFI_DROP,
8.5912,10,STA,WIFI_DROP,
8.5936,10,STA,WIFI_DROP,
8.596,10,STA,WIFI_DROP,
8.5984,10,STA,WIFI_DROP,
8.6008,10,STA,WIFI_DROP,
8.6032,10,STA,WIFI_DROP,
8.6056,10,STA,WIFI_DROP,
8.608,10,STA,WIFI_DROP,
8.6104,10,STA,WIFI_DROP,
8.6128,10,STA,WIFI_DROP,
8.6152,10,STA,WIFI_DROP,
8.6176,10,STA,WIFI_DROP,
8.62,10,STA,WIFI_DROP,
8.6224,10,STA,WIFI_DROP,
8.6248,10,STA,WIFI_DROP,
8.6272,10,STA,WIFI_DROP,
8.6296,10,STA,WIFI_DROP,
8.632,10,STA,WIFI_DROP,
8.6344,10,STA,WIFI_DROP,
8.6368,10,STA,WIFI_DROP,
8.6392,10,STA,WIFI_DROP,
8.6416,10,STA,WIFI_DROP,
8.644,10,STA,WIFI_DROP,
8.6464,10,STA,WIFI_DROP,
8.6488,10,STA,WIFI_DROP,
8.6512,10,STA,WIFI_DROP,
8.6536,10,STA,WIFI_DROP,
8.656,10,STA,WIFI_DROP,
8.6584,10,STA,WIFI_DROP,
8.6608,10,STA,WIFI_DROP,
8.6632,10,STA,WIFI_DROP,
8.6656,10,STA,WIFI_DROP,
8.668,10,STA,WIFI_DROP,
8.6704,10,STA,WIFI_DROP,
8.6728,10,STA,WIFI_DROP,
8.6752,10,STA,WIFI_DROP,
8.6776,10,STA,WIFI_DROP,
8.68,10,STA,WIFI_DROP,
8.6824,10,STA,WIFI_DROP,
8.6848,10,STA,WIFI_DROP,
8.6872,10,STA,WIFI_DROP,
8.6896,10,STA,WIFI_DROP,
8.692,10,STA,WIFI_DROP,
8.6944,10,STA,WIFI_DROP,
8.6968,10,STA,WIFI_DROP,
8.6992,10,STA,WIFI_DROP,
8.7016,10,STA,WIFI_DROP,
8.704,10,STA,WIFI_DROP,
8.7064,10,STA,WIFI_DROP,
8.7088,10,STA,WIFI_DROP,
8.7112,10,STA,WIFI_DROP,
8.7136,10,STA,WIFI_DROP,
8.716,10,STA,WIFI_DROP,
8.7184,10,STA,WIFI_DROP,
8.7208,10,STA,WIFI_DROP,
8.7232,10,STA,WIFI_DROP,
8.7256,10,STA,WIFI_DROP,
8.728,10,STA,WIFI_DROP,
8.7304,10,STA,WIFI_DROP,
8.7328,10,STA,WIFI_DROP,
8.7352,10,STA,WIFI_DROP,
8.7376,10,STA,WIFI_DROP,
8.74,10,STA,WIFI_DROP,
8.7424,10,STA,WIFI_DROP,
8.7448,10,STA,WIFI_DROP,
8.7472,10,STA,WIFI_DROP,
8.7496,10,STA,WIFI_DROP,
8.752,10,STA,WIFI_DROP,
8.7544,10,STA,WIFI_DROP,
8.7568,10,STA,WIFI_DROP,
8.7592,10,STA,WIFI_DROP,
8.7616,10,STA,WIFI_DROP,
8.764,10,STA,WIFI_DROP,
8.7664,10,STA,WIFI_DROP,
8.7688,10,STA,WIFI_DROP,
8.7712,10,STA,WIFI_DROP,
8.7736,10,STA,WIFI_DROP,
8.776,10,STA,WIFI_DROP,
8.7784,10,STA,WIFI_DROP,
8.7808,10,STA,WIFI_DROP,
8.7832,10,STA,WIFI_DROP,
8.7856,10,STA,WIFI_DROP,
8.7856,18,STA,WIFI_DROP,
8.788,10,STA,WIFI_DROP,
8.788,18,STA,WIFI_DROP,
8.7904,10,STA,WIFI_DROP,
8.7904,18,STA,WIFI_DROP,
8.7928,10,STA,WIFI_DROP,
8.7928,18,STA,WIFI_DROP,
8.7952,10,STA,WIFI_DROP,
8.7952,18,STA,WIFI_DROP,
8.7976,10,STA,WIFI_DROP,
8.7976,18,STA,WIFI_DROP,
8.8,10,STA,WIFI_DROP,
8.8,18,STA,WIFI_DROP,
8.8024,10,STA,WIFI_DROP,
8.8024,18,STA,WIFI_DROP,
8.8048,10,STA,WIFI_DROP,
8.8048,18,STA,WIFI_DROP,
8.8072,10,STA,WIFI_DROP,
8.8072,18,STA,WIFI_DROP,
8.8096,10,STA,WIFI_DROP,
8.8096,18,STA,WIFI_DROP,
8.812,10,STA,WIFI_DROP,
8.812,18,STA,WIFI_DROP,
8.8144,10,STA,WIFI_DROP,
8.8144,18,STA,WIFI_DROP,
8.8168,10,STA,WIFI_DROP,
8.8168,18,STA,WIFI_DROP,
8.8192,10,STA,WIFI_DROP,
8.8192,18,STA,WIFI_DROP,
8.8216,10,STA,WIFI_DROP,
8.8216,18,STA,WIFI_DROP,
8.824,10,STA,WIFI_DROP,
8.824,18,STA,WIFI_DROP,
8.8264,10,STA,WIFI_DROP,
8.8264,18,STA,WIFI_DROP,
8.8288,10,STA,WIFI_DROP,
8.8288,18,STA,WIFI_DROP,
8.8312,10,STA,WIFI_DROP,
8.8312,18,STA,WIFI_DROP,
8.8336,10,STA,WIFI_DROP,
8.8336,18,STA,WIFI_DROP,
8.836,10,STA,WIFI_DROP,
8.836,18,STA,WIFI_DROP,
8.8384,10,STA,WIFI_DROP,
8.8384,18,STA,WIFI_DROP,
8.8408,10,STA,WIFI_DROP,
8.8408,18,STA,WIFI_DROP,
8.8432,10,STA,WIFI_DROP,
8.8432,18,STA,WIFI_DROP,
8.8456,10,STA,WIFI_DROP,
8.8456,18,STA,WIFI_DROP,
8.848,10,STA,WIFI_DROP,
8.848,18,STA,WIFI_DROP,
8.8504,10,STA,WIFI_DROP,
8.8504,18,STA,WIFI_DROP,
8.8528,10,STA,WIFI_DROP,
8.8528,18,STA,WIFI_DROP,
8.8552,10,STA,WIFI_DROP,
8.8552,18,STA,WIFI_DROP,
8.8576,10,STA,WIFI_DROP,
8.8576,18,STA,WIFI_DROP,
8.86,10,STA,WIFI_DROP,
8.86,18,STA,WIFI_DROP,
8.8624,10,STA,WIFI_DROP,
8.8624,18,STA,WIFI_DROP,
8.8648,10,STA,WIFI_DROP,
8.8648,18,STA,WIFI_DROP,
8.8672,10,STA,WIFI_DROP,
8.8672,18,STA,WIFI_DROP,
8.8696,10,STA,WIFI_DROP,
8.8696,18,STA,WIFI_DROP,
8.872,10,STA,WIFI_DROP,
8.872,18,STA,WIFI_DROP,
8.8744,10,STA,WIFI_DROP,
8.8744,18,STA,WIFI_DROP,
8.8768,10,STA,WIFI_DROP,
8.8768,18,STA,WIFI_DROP,
8.8792,10,STA,WIFI_DROP,
8.8792,18,STA,WIFI_DROP,
8.8816,10,STA,WIFI_DROP,
8.8816,18,STA,WIFI_DROP,
8.884,10,STA,WIFI_DROP,
8.884,18,STA,WIFI_DROP,
8.8864,10,STA,WIFI_DROP,
8.8864,18,STA,WIFI_DROP,
8.8888,10,STA,WIFI_DROP,
8.8888,18,STA,WIFI_DROP,
8.8912,2,STA,WIFI_DROP,
8.8912,10,STA,WIFI_DROP,
8.8912,18,STA,WIFI_DROP,
8.8936,2,STA,WIFI_DROP,
8.8936,10,STA,WIFI_DROP,
8.8936,18,STA,WIFI_DROP,
8.896,2,STA,WIFI_DROP,
8.896,10,STA,WIFI_DROP,
8.896,18,STA,WIFI_DROP,
8.8984,2,STA,WIFI_DROP,
8.8984,10,STA,WIFI_DROP,
8.8984,18,STA,WIFI_DROP,
8.9008,2,STA,WIFI_DROP,
8.9008,10,STA,WIFI_DROP,
8.9008,18,STA,WIFI_DROP,
8.9032,2,STA,WIFI_DROP,
8.9032,10,STA,WIFI_DROP,
8.9032,18,STA,WIFI_DROP,
8.9056,2,STA,WIFI_DROP,
8.9056,10,STA,WIFI_DROP,
8.9056,18,STA,WIFI_DROP,
8.908,2,STA,WIFI_DROP,
8.908,10,STA,WIFI_DROP,
8.908,18,STA,WIFI_DROP,
8.9104,2,STA,WIFI_DROP,
8.9104,10,STA,WIFI_DROP,
8.9104,18,STA,WIFI_DROP,
8.9128,2,STA,WIFI_DROP,
8.9128,10,STA,WIFI_DROP,
8.9128,18,STA,WIFI_DROP,
8.9152,2,STA,WIFI_DROP,
8.9152,10,STA,WIFI_DROP,
8.9152,18,STA,WIFI_DROP,
8.9176,2,STA,WIFI_DROP,
8.9176,10,STA,WIFI_DROP,
8.9176,18,STA,WIFI_DROP,
8.92,2,STA,WIFI_DROP,
8.92,10,STA,WIFI_DROP,
8.92,18,STA,WIFI_DROP,
8.9224,2,STA,WIFI_DROP,
8.9224,10,STA,WIFI_DROP,
8.9224,18,STA,WIFI_DROP,
8.9248,2,STA,WIFI_DROP,
8.9248,10,STA,WIFI_DROP,
8.9248,18,STA,WIFI_DROP,
8.9272,2,STA,WIFI_DROP,
8.9272,10,STA,WIFI_DROP,
8.9272,18,STA,WIFI_DROP,
8.9296,2,STA,WIFI_DROP,
8.9296,10,STA,WIFI_DROP,
8.9296,18,STA,WIFI_DROP,
8.932,2,STA,WIFI_DROP,
8.932,10,STA,WIFI_DROP,
8.932,18,STA,WIFI_DROP,
8.9344,2,STA,WIFI_DROP,
8.9344,10,STA,WIFI_DROP,
8.9344,18,STA,WIFI_DROP,
8.9368,2,STA,WIFI_DROP,
8.9368,10,STA,WIFI_DROP,
8.9368,18,STA,WIFI_DROP,
8.9392,2,STA,WIFI_DROP,
8.9392,10,STA,WIFI_DROP,
8.9392,18,STA,WIFI_DROP,
8.9416,2,STA,WIFI_DROP,
8.9416,10,STA,WIFI_DROP,
8.9416,18,STA,WIFI_DROP,
8.944,2,STA,WIFI_DROP,
8.944,10,STA,WIFI_DROP,
8.944,18,STA,WIFI_DROP,
8.9464,2,STA,WIFI_DROP,
8.9464,10,STA,WIFI_DROP,
8.9464,18,STA,WIFI_DROP,
8.9488,2,STA,WIFI_DROP,
8.9488,10,STA,WIFI_DROP,
8.9488,18,STA,WIFI_DROP,
8.9512,2,STA,WIFI_DROP,
8.9512,10,STA,WIFI_DROP,
8.9512,18,STA,WIFI_DROP,
8.9536,2,STA,WIFI_DROP,
8.9536,10,STA,WIFI_DROP,
8.9536,18,STA,WIFI_DROP,
8.956,2,STA,WIFI_DROP,
8.956,10,STA,WIFI_DROP,
8.956,18,STA,WIFI_DROP,
8.9584,2,STA,WIFI_DROP,
8.9584,10,STA,WIFI_DROP,
8.9584,18,STA,WIFI_DROP,
8.9608,2,STA,WIFI_DROP,
8.9608,10,STA,WIFI_DROP,
8.9608,18,STA,WIFI_DROP,
8.9632,2,STA,WIFI_DROP,
8.9632,10,STA,WIFI_DROP,
8.9632,18,STA,WIFI_DROP,
8.9656,2,STA,WIFI_DROP,
8.9656,10,STA,WIFI_DROP,
8.9656,18,STA,WIFI_DROP,
8.968,2,STA,WIFI_DROP,
8.968,10,STA,WIFI_DROP,
8.968,18,STA,WIFI_DROP,
8.9704,2,STA,WIFI_DROP,
8.9704,10,STA,WIFI_DROP,
8.9704,18,STA,WIFI_DROP,
8.9728,2,STA,WIFI_DROP,
8.9728,10,STA,WIFI_DROP,
8.9728,18,STA,WIFI_DROP,
8.9752,2,STA,WIFI_DROP,
8.9752,10,STA,WIFI_DROP,
8.9752,18,STA,WIFI_DROP,
8.9776,2,STA,WIFI_DROP,
8.9776,10,STA,WIFI_DROP,
8.9776,18,STA,WIFI_DROP,
8.98,2,STA,WIFI_DROP,
8.98,10,STA,WIFI_DROP,
8.98,18,STA,WIFI_DROP,
8.9824,2,STA,WIFI_DROP,
8.9824,10,STA,WIFI_DROP,
8.9824,18,STA,WIFI_DROP,
8.9848,2,STA,WIFI_DROP,
8.9848,10,STA,WIFI_DROP,
8.9848,18,STA,WIFI_DROP,
8.9872,2,STA,WIFI_DROP,
8.9872,10,STA,WIFI_DROP,
8.9872,18,STA,WIFI_DROP,
8.9896,2,STA,WIFI_DROP,
8.9896,10,STA,WIFI_DROP,
8.9896,18,STA,WIFI_DROP,
8.992,2,STA,WIFI_DROP,
8.992,10,STA,WIFI_DROP,
8.992,18,STA,WIFI_DROP,
8.9944,2,STA,WIFI_DROP,
8.9944,10,STA,WIFI_DROP,
8.9944,18,STA,WIFI_DROP,
8.9968,2,STA,WIFI_DROP,
8.9968,10,STA,WIFI_DROP,
8.9968,18,STA,WIFI_DROP,
8.9992,2,STA,WIFI_DROP,
8.9992,10,STA,WIFI_DROP,
8.9992,18,STA,WIFI_DROP,
9,9,STA,THROUGHPUT_MBPS,1.128000
9,10,STA,THROUGHPUT_MBPS,0.264000
9,16,STA,THROUGHPUT_MBPS,0.744000
9,17,STA,THROUGHPUT_MBPS,0.012000
9,19,STA,THROUGHPUT_MBPS,0.444000
9,21,STA,THROUGHPUT_MBPS,0.936000
9,1,AP,AGGREGATE_THROUGHPUT_MBPS,3.528000
9,1,AP,SENT_COUNT,8340.000000
9,1,AP,RECV_COUNT,294.000000
9,1,AP,LATENCY_P95_MS,530.617503
9.0016,2,STA,WIFI_DROP,
9.0016,10,STA,WIFI_DROP,
9.0016,18,STA,WIFI_DROP,
9.004,2,STA,WIFI_DROP,
9.004,10,STA,WIFI_DROP,
9.004,18,STA,WIFI_DROP,
9.0064,2,STA,WIFI_DROP,
9.0064,10,STA,WIFI_DROP,
9.0064,18,STA,WIFI_DROP,
9.0088,2,STA,WIFI_DROP,
9.0088,10,STA,WIFI_DROP,
9.0088,18,STA,WIFI_DROP,
9.0112,2,STA,WIFI_DROP,
9.0112,10,STA,WIFI_DROP,
9.0112,18,STA,WIFI_DROP,
9.0136,2,STA,WIFI_DROP,
9.0136,10,STA,WIFI_DROP,
9.0136,18,STA,WIFI_DROP,
9.016,2,STA,WIFI_DROP,
9.016,10,STA,WIFI_DROP,
9.016,18,STA,WIFI_DROP,
9.0184,2,STA,WIFI_DROP,
9.0184,10,STA,WIFI_DROP,
9.0184,18,STA,WIFI_DROP,
9.0208,2,STA,WIFI_DROP,
9.0208,10,STA,WIFI_DROP,
9.0208,18,STA,WIFI_DROP,
9.0232,2,STA,WIFI_DROP,
9.0232,10,STA,WIFI_DROP,
9.0232,18,STA,WIFI_DROP,
9.0256,2,STA,WIFI_DROP,
9.0256,10,STA,WIFI_DROP,
9.0256,18,STA,WIFI_DROP,
9.028,2,STA,WIFI_DROP,
9.028,10,STA,WIFI_DROP,
9.028,18,STA,WIFI_DROP,
9.0304,2,STA,WIFI_DROP,
9.0304,10,STA,WIFI_DROP,
9.0304,18,STA,WIFI_DROP,
9.0328,2,STA,WIFI_DROP,
9.0328,10,STA,WIFI_DROP,
9.0328,18,STA,WIFI_DROP,
9.0352,2,STA,WIFI_DROP,
9.0352,10,STA,WIFI_DROP,
9.0352,18,STA,WIFI_DROP,
9.0376,2,STA,WIFI_DROP,
9.0376,10,STA,WIFI_DROP,
9.0376,18,STA,WIFI_DROP,
9.04,2,STA,WIFI_DROP,
9.04,10,STA,WIFI_DROP,
9.04,18,STA,WIFI_DROP,
9.0424,2,STA,WIFI_DROP,
9.0424,10,STA,WIFI_DROP,
9.0424,18,STA,WIFI_DROP,
9.0448,2,STA,WIFI_DROP,
9.0448,10,STA,WIFI_DROP,
9.0448,18,STA,WIFI_DROP,
9.0472,2,STA,WIFI_DROP,
9.0472,10,STA,WIFI_DROP,
9.0472,18,STA,WIFI_DROP,
9.0496,2,STA,WIFI_DROP,
9.0496,10,STA,WIFI_DROP,
9.0496,18,STA,WIFI_DROP,
9.052,2,STA,WIFI_DROP,
9.052,10,STA,WIFI_DROP,
9.052,18,STA,WIFI_DROP,
9.0544,2,STA,WIFI_DROP,
9.0544,10,STA,WIFI_DROP,
9.0544,18,STA,WIFI_DROP,
9.0568,2,STA,WIFI_DROP,
9.0568,10,STA,WIFI_DROP,
9.0568,18,STA,WIFI_DROP,
9.0592,2,STA,WIFI_DROP,
9.0592,10,STA,WIFI_DROP,
9.0592,18,STA,WIFI_DROP,
9.0616,2,STA,WIFI_DROP,
9.0616,10,STA,WIFI_DROP,
9.0616,18,STA,WIFI_DROP,
9.064,2,STA,WIFI_DROP,
9.064,10,STA,WIFI_DROP,
9.064,18,STA,WIFI_DROP,
9.0664,2,STA,WIFI_DROP,
9.0664,10,STA,WIFI_DROP,
9.0664,18,STA,WIFI_DROP,
9.0688,2,STA,WIFI_DROP,
9.0688,10,STA,WIFI_DROP,
9.0688,18,STA,WIFI_DROP,
9.0712,2,STA,WIFI_DROP,
9.0712,10,STA,WIFI_DROP,
9.0712,18,STA,WIFI_DROP,
9.0736,2,STA,WIFI_DROP,
9.0736,10,STA,WIFI_DROP,
9.0736,18,STA,WIFI_DROP,
9.076,2,STA,WIFI_DROP,
9.076,10,STA,WIFI_DROP,
9.076,18,STA,WIFI_DROP,
9.0784,2,STA,WIFI_DROP,
9.0784,10,STA,WIFI_DROP,
9.0784,18,STA,WIFI_DROP,
9.0808,2,STA,WIFI_DROP,
9.0808,10,STA,WIFI_DROP,
9.0808,18,STA,WIFI_DROP,
9.0832,2,STA,WIFI_DROP,
9.0832,10,STA,WIFI_DROP,
9.0832,18,STA,WIFI_DROP,
9.0856,2,STA,WIFI_DROP,
9.0856,10,STA,WIFI_DROP,
9.0856,18,STA,WIFI_DROP,
9.088,2,STA,WIFI_DROP,
9.088,10,STA,WIFI_DROP,
9.088,18,STA,WIFI_DROP,
9.0904,2,STA,WIFI_DROP,
9.0904,10,STA,WIFI_DROP,
9.0904,18,STA,WIFI_DROP,
9.0928,2,STA,WIFI_DROP,
9.0928,5,STA,WIFI_DROP,
9.0928,10,STA,WIFI_DROP,
9.0928,18,STA,WIFI_DROP,
9.0952,2,STA,WIFI_DROP,
9.0952,5,STA,WIFI_DROP,
9.0952,10,STA,WIFI_DROP,
9.0952,18,STA,WIFI_DROP,
9.0976,2,STA,WIFI_DROP,
9.0976,5,STA,WIFI_DROP,
9.0976,10,STA,WIFI_DROP,
9.0976,18,STA,WIFI_DROP,
9.1,2,STA,WIFI_DROP,
9.1,5,STA,WIFI_DROP,
9.1,10,STA,WIFI_DROP,
9.1,18,STA,WIFI_DROP,
9.1024,2,STA,WIFI_DROP,
9.1024,5,STA,WIFI_DROP,
9.1024,10,STA,WIFI_DROP,
9.1024,18,STA,WIFI_DROP,
9.1048,2,STA,WIFI_DROP,
9.1048,5,STA,WIFI_DROP,
9.1048,10,STA,WIFI_DROP,
9.1048,18,STA,WIFI_DROP,
9.1072,2,STA,WIFI_DROP,
9.1072,5,STA,WIFI_DROP,
9.1072,10,STA,WIFI_DROP,
9.1072,18,STA,WIFI_DROP,
9.1096,2,STA,WIFI_DROP,
9.1096,5,STA,WIFI_DROP,
9.1096,10,STA,WIFI_DROP,
9.1096,18,STA,WIFI_DROP,
9.112,2,STA,WIFI_DROP,
9.112,5,STA,WIFI_DROP,
9.112,10,STA,WIFI_DROP,
9.112,18,STA,WIFI_DROP,
9.1144,2,STA,WIFI_DROP,
9.1144,5,STA,WIFI_DROP,
9.1144,10,STA,WIFI_DROP,
9.1144,18,STA,WIFI_DROP,
9.1168,2,STA,WIFI_DROP,
9.1168,5,STA,WIFI_DROP,
9.1168,10,STA,WIFI_DROP,
9.1168,18,STA,WIFI_DROP,
9.1192,2,STA,WIFI_DROP,
9.1192,5,STA,WIFI_DROP,
9.1192,10,STA,WIFI_DROP,
9.1192,18,STA,WIFI_DROP,
9.1216,2,STA,WIFI_DROP,
9.1216,5,STA,WIFI_DROP,
9.1216,10,STA,WIFI_DROP,
9.1216,18,STA,WIFI_DROP,
9.124,2,STA,WIFI_DROP,
9.124,5,STA,WIFI_DROP,
9.124,10,STA,WIFI_DROP,
9.124,18,STA,WIFI_DROP,
9.1264,2,STA,WIFI_DROP,
9.1264,5,STA,WIFI_DROP,
9.1264,18,STA,WIFI_DROP,
9.1288,2,STA,WIFI_DROP,
9.1288,5,STA,WIFI_DROP,
9.1288,18,STA,WIFI_DROP,
9.1312,2,STA,WIFI_DROP,
9.1312,5,STA,WIFI_DROP,
9.1312,18,STA,WIFI_DROP,
9.1336,2,STA,WIFI_DROP,
9.1336,5,STA,WIFI_DROP,
9.1336,18,STA,WIFI_DROP,
9.136,2,STA,WIFI_DROP,
9.136,5,STA,WIFI_DROP,
9.136,18,STA,WIFI_DROP,
9.1384,2,STA,WIFI_DROP,
9.1384,5,STA,WIFI_DROP,
9.1384,18,STA,WIFI_DROP,
9.1408,2,STA,WIFI_DROP,
9.1408,5,STA,WIFI_DROP,
9.1408,18,STA,WIFI_DROP,
9.1432,2,STA,WIFI_DROP,
9.1432,5,STA,WIFI_DROP,
9.1432,18,STA,WIFI_DROP,
9.1456,2,STA,WIFI_DROP,
9.1456,5,STA,WIFI_DROP,
9.1456,18,STA,WIFI_DROP,
9.148,2,STA,WIFI_DROP,
9.148,5,STA,WIFI_DROP,
9.148,18,STA,WIFI_DROP,
9.1504,2,STA,WIFI_DROP,
9.1504,5,STA,WIFI_DROP,
9.1504,18,STA,WIFI_DROP,
9.1528,2,STA,WIFI_DROP,
9.1528,5,STA,WIFI_DROP,
9.1528,18,STA,WIFI_DROP,
9.1552,2,STA,WIFI_DROP,
9.1552,5,STA,WIFI_DROP,
9.1552,18,STA,WIFI_DROP,
9.1576,2,STA,WIFI_DROP,
9.1576,5,STA,WIFI_DROP,
9.1576,18,STA,WIFI_DROP,
9.16,2,STA,WIFI_DROP,
9.16,5,STA,WIFI_DROP,
9.16,18,STA,WIFI_DROP,
9.1624,2,STA,WIFI_DROP,
9.1624,5,STA,WIFI_DROP,
9.1624,18,STA,WIFI_DROP,
9.1648,2,STA,WIFI_DROP,
9.1648,5,STA,WIFI_DROP,
9.1648,18,STA,WIFI_DROP,
9.1672,2,STA,WIFI_DROP,
9.1672,5,STA,WIFI_DROP,
9.1672,18,STA,WIFI_DROP,
9.1696,2,STA,WIFI_DROP,
9.1696,5,STA,WIFI_DROP,
9.1696,18,STA,WIFI_DROP,
9.172,2,STA,WIFI_DROP,
9.172,5,STA,WIFI_DROP,
9.172,18,STA,WIFI_DROP,
9.1744,2,STA,WIFI_DROP,
9.1744,5,STA,WIFI_DROP,
9.1744,18,STA,WIFI_DROP,
9.1768,2,STA,WIFI_DROP,
9.1768,5,STA,WIFI_DROP,
9.1768,18,STA,WIFI_DROP,
9.1792,2,STA,WIFI_DROP,
9.1792,5,STA,WIFI_DROP,
9.1792,18,STA,WIFI_DROP,
9.1816,2,STA,WIFI_DROP,
9.1816,5,STA,WIFI_DROP,
9.1816,18,STA,WIFI_DROP,
9.184,2,STA,WIFI_DROP,
9.184,5,STA,WIFI_DROP,
9.184,18,STA,WIFI_DROP,
9.1864,2,STA,WIFI_DROP,
9.1864,5,STA,WIFI_DROP,
9.1864,18,STA,WIFI_DROP,
9.1888,2,STA,WIFI_DROP,
9.1888,5,STA,WIFI_DROP,
9.1888,18,STA,WIFI_DROP,
9.1912,2,STA,WIFI_DROP,
9.1912,5,STA,WIFI_DROP,
9.1912,18,STA,WIFI_DROP,
9.1936,2,STA,WIFI_DROP,
9.1936,5,STA,WIFI_DROP,
9.1936,18,STA,WIFI_DROP,
9.196,2,STA,WIFI_DROP,
9.196,5,STA,WIFI_DROP,
9.196,18,STA,WIFI_DROP,
9.1984,2,STA,WIFI_DROP,
9.1984,5,STA,WIFI_DROP,
9.1984,18,STA,WIFI_DROP,
9.2008,2,STA,WIFI_DROP,
9.2008,5,STA,WIFI_DROP,
9.2008,18,STA,WIFI_DROP,
9.2032,2,STA,WIFI_DROP,
9.2032,5,STA,WIFI_DROP,
9.2032,18,STA,WIFI_DROP,
9.2056,2,STA,WIFI_DROP,
9.2056,5,STA,WIFI_DROP,
9.2056,18,STA,WIFI_DROP,
9.208,2,STA,WIFI_DROP,
9.208,5,STA,WIFI_DROP,
9.208,18,STA,WIFI_DROP,
9.2104,2,STA,WIFI_DROP,
9.2104,5,STA,WIFI_DROP,
9.2104,18,STA,WIFI_DROP,
9.2128,2,STA,WIFI_DROP,
9.2128,5,STA,WIFI_DROP,
9.2128,18,STA,WIFI_DROP,
9.2152,2,STA,WIFI_DROP,
9.2152,5,STA,WIFI_DROP,
9.2152,18,STA,WIFI_DROP,
9.2176,2,STA,WIFI_DROP,
9.2176,5,STA,WIFI_DROP,
9.2176,18,STA,WIFI_DROP,
9.22,2,STA,WIFI_DROP,
9.22,5,STA,WIFI_DROP,
9.22,18,STA,WIFI_DROP,
9.2224,2,STA,WIFI_DROP,
9.2224,5,STA,WIFI_DROP,
9.2224,18,STA,WIFI_DROP,
9.2248,2,STA,WIFI_DROP,
9.2248,5,STA,WIFI_DROP,
9.2248,18,STA,WIFI_DROP,
9.2272,2,STA,WIFI_DROP,
9.2272,5,STA,WIFI_DROP,
9.2272,18,STA,WIFI_DROP,
9.2296,2,STA,WIFI_DROP,
9.2296,5,STA,WIFI_DROP,
9.2296,18,STA,WIFI_DROP,
9.232,2,STA,WIFI_DROP,
9.232,5,STA,WIFI_DROP,
9.232,18,STA,WIFI_DROP,
9.2344,2,STA,WIFI_DROP,
9.2344,5,STA,WIFI_DROP,
9.2344,18,STA,WIFI_DROP,
9.2368,2,STA,WIFI_DROP,
9.2368,5,STA,WIFI_DROP,
9.2368,18,STA,WIFI_DROP,
9.2392,2,STA,WIFI_DROP,
9.2392,5,STA,WIFI_DROP,
9.2392,18,STA,WIFI_DROP,
9.2416,2,STA,WIFI_DROP,
9.2416,5,STA,WIFI_DROP,
9.2416,18,STA,WIFI_DROP,
9.244,2,STA,WIFI_DROP,
9.244,5,STA,WIFI_DROP,
9.244,18,STA,WIFI_DROP,
9.2464,2,STA,WIFI_DROP,
9.2464,5,STA,WIFI_DROP,
9.2464,18,STA,WIFI_DROP,
9.2488,2,STA,WIFI_DROP,
9.2488,5,STA,WIFI_DROP,
9.2488,18,STA,WIFI_DROP,
9.2512,2,STA,WIFI_DROP,
9.2512,5,STA,WIFI_DROP,
9.2512,18,STA,WIFI_DROP,
9.2536,2,STA,WIFI_DROP,
9.2536,5,STA,WIFI_DROP,
9.2536,18,STA,WIFI_DROP,
9.256,2,STA,WIFI_DROP,
9.256,5,STA,WIFI_DROP,
9.256,18,STA,WIFI_DROP,
9.2584,2,STA,WIFI_DROP,
9.2584,5,STA,WIFI_DROP,
9.2584,18,STA,WIFI_DROP,
9.2608,2,STA,WIFI_DROP,
9.2608,5,STA,WIFI_DROP,
9.2608,18,STA,WIFI_DROP,
9.2632,2,STA,WIFI_DROP,
9.2632,5,STA,WIFI_DROP,
9.2632,18,STA,WIFI_DROP,
9.2656,2,STA,WIFI_DROP,
9.2656,5,STA,WIFI_DROP,
9.2656,18,STA,WIFI_DROP,
9.268,2,STA,WIFI_DROP,
9.268,5,STA,WIFI_DROP,
9.268,18,STA,WIFI_DROP,
9.2704,2,STA,WIFI_DROP,
9.2704,5,STA,WIFI_DROP,
9.2704,18,STA,WIFI_DROP,
9.2728,2,STA,WIFI_DROP,
9.2728,5,STA,WIFI_DROP,
9.2728,18,STA,WIFI_DROP,
9.2752,2,STA,WIFI_DROP,
9.2752,5,STA,WIFI_DROP,
9.2752,18,STA,WIFI_DROP,
9.2776,2,STA,WIFI_DROP,
9.2776,5,STA,WIFI_DROP,
9.2776,18,STA,WIFI_DROP,
9.28,2,STA,WIFI_DROP,
9.28,5,STA,WIFI_DROP,
9.28,18,STA,WIFI_DROP,
9.2824,2,STA,WIFI_DROP,
9.2824,5,STA,WIFI_DROP,
9.2824,18,STA,WIFI_DROP,
9.2848,2,STA,WIFI_DROP,
9.2848,5,STA,WIFI_DROP,
9.2848,18,STA,WIFI_DROP,
9.2872,2,STA,WIFI_DROP,
9.2872,5,STA,WIFI_DROP,
9.2872,18,STA,WIFI_DROP,
9.2896,2,STA,WIFI_DROP,
9.2896,5,STA,WIFI_DROP,
9.2896,18,STA,WIFI_DROP,
9.292,2,STA,WIFI_DROP,
9.292,5,STA,WIFI_DROP,
9.292,18,STA,WIFI_DROP,
9.2944,2,STA,WIFI_DROP,
9.2944,5,STA,WIFI_DROP,
9.2944,18,STA,WIFI_DROP,
9.2968,2,STA,WIFI_DROP,
9.2968,5,STA,WIFI_DROP,
9.2968,18,STA,WIFI_DROP,
9.2992,2,STA,WIFI_DROP,
9.2992,5,STA,WIFI_DROP,
9.2992,18,STA,WIFI_DROP,
9.3016,2,STA,WIFI_DROP,
9.3016,5,STA,WIFI_DROP,
9.3016,18,STA,WIFI_DROP,
9.304,2,STA,WIFI_DROP,
9.304,5,STA,WIFI_DROP,
9.304,18,STA,WIFI_DROP,
9.3064,2,STA,WIFI_DROP,
9.3064,5,STA,WIFI_DROP,
9.3064,18,STA,WIFI_DROP,
9.3088,2,STA,WIFI_DROP,
9.3088,5,STA,WIFI_DROP,
9.3088,18,STA,WIFI_DROP,
9.3112,2,STA,WIFI_DROP,
9.3112,5,STA,WIFI_DROP,
9.3112,18,STA,WIFI_DROP,
9.3136,2,STA,WIFI_DROP,
9.3136,5,STA,WIFI_DROP,
9.3136,18,STA,WIFI_DROP,
9.316,2,STA,WIFI_DROP,
9.316,5,STA,WIFI_DROP,
9.316,18,STA,WIFI_DROP,
9.3184,2,STA,WIFI_DROP,
9.3184,5,STA,WIFI_DROP,
9.3184,18,STA,WIFI_DROP,
9.3208,2,STA,WIFI_DROP,
9.3208,5,STA,WIFI_DROP,
9.3208,18,STA,WIFI_DROP,
9.3232,2,STA,WIFI_DROP,
9.3232,5,STA,WIFI_DROP,
9.3232,18,STA,WIFI_DROP,
9.3256,2,STA,WIFI_DROP,
9.3256,5,STA,WIFI_DROP,
9.3256,18,STA,WIFI_DROP,
9.328,2,STA,WIFI_DROP,
9.328,5,STA,WIFI_DROP,
9.328,18,STA,WIFI_DROP,
9.3304,2,STA,WIFI_DROP,
9.3304,5,STA,WIFI_DROP,
9.3304,18,STA,WIFI_DROP,
9.3328,2,STA,WIFI_DROP,
9.3328,5,STA,WIFI_DROP,
9.3328,18,STA,WIFI_DROP,
9.3352,2,STA,WIFI_DROP,
9.3352,5,STA,WIFI_DROP,
9.3352,18,STA,WIFI_DROP,
9.3376,2,STA,WIFI_DROP,
9.3376,5,STA,WIFI_DROP,
9.3376,18,STA,WIFI_DROP,
9.34,2,STA,WIFI_DROP,
9.34,5,STA,WIFI_DROP,
9.34,18,STA,WIFI_DROP,
9.3424,2,STA,WIFI_DROP,
9.3424,5,STA,WIFI_DROP,
9.3424,18,STA,WIFI_DROP,
9.3448,2,STA,WIFI_DROP,
9.3448,5,STA,WIFI_DROP,
9.3448,18,STA,WIFI_DROP,
9.3472,2,STA,WIFI_DROP,
9.3472,5,STA,WIFI_DROP,
9.3472,18,STA,WIFI_DROP,
9.3496,2,STA,WIFI_DROP,
9.3496,5,STA,WIFI_DROP,
9.3496,18,STA,WIFI_DROP,
9.352,2,STA,WIFI_DROP,
9.352,5,STA,WIFI_DROP,
9.352,18,STA,WIFI_DROP,
9.3544,2,STA,WIFI_DROP,
9.3544,5,STA,WIFI_DROP,
9.3544,18,STA,WIFI_DROP,
9.3568,2,STA,WIFI_DROP,
9.3568,5,STA,WIFI_DROP,
9.3568,18,STA,WIFI_DROP,
9.3592,2,STA,WIFI_DROP,
9.3592,5,STA,WIFI_DROP,
9.3592,18,STA,WIFI_DROP,
9.3616,2,STA,WIFI_DROP,
9.3616,5,STA,WIFI_DROP,
9.3616,18,STA,WIFI_DROP,
9.364,2,STA,WIFI_DROP,
9.364,5,STA,WIFI_DROP,
9.364,18,STA,WIFI_DROP,
9.3664,2,STA,WIFI_DROP,
9.3664,5,STA,WIFI_DROP,
9.3664,18,STA,WIFI_DROP,
9.3688,2,STA,WIFI_DROP,
9.3688,5,STA,WIFI_DROP,
9.3688,18,STA,WIFI_DROP,
9.3712,2,STA,WIFI_DROP,
9.3712,5,STA,WIFI_DROP,
9.3712,18,STA,WIFI_DROP,
9.3736,2,STA,WIFI_DROP,
9.3736,5,STA,WIFI_DROP,
9.3736,18,STA,WIFI_DROP,
9.376,2,STA,WIFI_DROP,
9.376,5,STA,WIFI_DROP,
9.376,18,STA,WIFI_DROP,
9.3784,2,STA,WIFI_DROP,
9.3784,5,STA,WIFI_DROP,
9.3784,18,STA,WIFI_DROP,
9.3808,2,STA,WIFI_DROP,
9.3808,5,STA,WIFI_DROP,
9.3808,18,STA,WIFI_DROP,
9.3832,2,STA,WIFI_DROP,
9.3832,5,STA,WIFI_DROP,
9.3832,18,STA,WIFI_DROP,
9.3856,2,STA,WIFI_DROP,
9.3856,5,STA,WIFI_DROP,
9.3856,18,STA,WIFI_DROP,
9.388,2,STA,WIFI_DROP,
9.388,5,STA,WIFI_DROP,
9.388,18,STA,WIFI_DROP,
9.3904,2,STA,WIFI_DROP,
9.3904,5,STA,WIFI_DROP,
9.3904,18,STA,WIFI_DROP,
9.3928,2,STA,WIFI_DROP,
9.3928,5,STA,WIFI_DROP,
9.3928,18,STA,WIFI_DROP,
9.3952,2,STA,WIFI_DROP,
9.3952,5,STA,WIFI_DROP,
9.3952,18,STA,WIFI_DROP,
9.3976,2,STA,WIFI_DROP,
9.3976,5,STA,WIFI_DROP,
9.3976,18,STA,WIFI_DROP,
9.4,2,STA,WIFI_DROP,
9.4,5,STA,WIFI_DROP,
9.4,18,STA,WIFI_DROP,
9.4024,2,STA,WIFI_DROP,
9.4024,5,STA,WIFI_DROP,
9.4024,18,STA,WIFI_DROP,
9.4048,2,STA,WIFI_DROP,
9.4048,5,STA,WIFI_DROP,
9.4048,18,STA,WIFI_DROP,
9.4072,2,STA,WIFI_DROP,
9.4072,5,STA,WIFI_DROP,
9.4072,18,STA,WIFI_DROP,
9.4096,2,STA,WIFI_DROP,
9.4096,5,STA,WIFI_DROP,
9.4096,18,STA,WIFI_DROP,
9.412,2,STA,WIFI_DROP,
9.412,5,STA,WIFI_DROP,
9.412,18,STA,WIFI_DROP,
9.4144,2,STA,WIFI_DROP,
9.4144,5,STA,WIFI_DROP,
9.4144,18,STA,WIFI_DROP,
9.4168,2,STA,WIFI_DROP,
9.4168,5,STA,WIFI_DROP,
9.4168,18,STA,WIFI_DROP,
9.4192,2,STA,WIFI_DROP,
9.4192,5,STA,WIFI_DROP,
9.4192,18,STA,WIFI_DROP,
9.4216,2,STA,WIFI_DROP,
9.4216,5,STA,WIFI_DROP,
9.4216,18,STA,WIFI_DROP,
9.424,2,STA,WIFI_DROP,
9.424,5,STA,WIFI_DROP,
9.424,18,STA,WIFI_DROP,
9.4264,2,STA,WIFI_DROP,
9.4264,5,STA,WIFI_DROP,
9.4264,18,STA,WIFI_DROP,
9.4288,2,STA,WIFI_DROP,
9.4288,5,STA,WIFI_DROP,
9.4288,18,STA,WIFI_DROP,
9.4312,2,STA,WIFI_DROP,
9.4312,5,STA,WIFI_DROP,
9.4312,18,STA,WIFI_DROP,
9.4336,2,STA,WIFI_DROP,
9.4336,5,STA,WIFI_DROP,
9.4336,18,STA,WIFI_DROP,
9.436,2,STA,WIFI_DROP,
9.436,5,STA,WIFI_DROP,
9.436,18,STA,WIFI_DROP,
9.4384,2,STA,WIFI_DROP,
9.4384,5,STA,WIFI_DROP,
9.4384,18,STA,WIFI_DROP,
9.4408,2,STA,WIFI_DROP,
9.4408,5,STA,WIFI_DROP,
9.4408,18,STA,WIFI_DROP,
9.4432,2,STA,WIFI_DROP,
9.4432,5,STA,WIFI_DROP,
9.4432,18,STA,WIFI_DROP,
9.4456,2,STA,WIFI_DROP,
9.4456,5,STA,WIFI_DROP,
9.4456,18,STA,WIFI_DROP,
9.448,2,STA,WIFI_DROP,
9.448,5,STA,WIFI_DROP,
9.448,18,STA,WIFI_DROP,
9.4504,2,STA,WIFI_DROP,
9.4504,5,STA,WIFI_DROP,
9.4504,18,STA,WIFI_DROP,
9.4528,2,STA,WIFI_DROP,
9.4528,5,STA,WIFI_DROP,
9.4528,18,STA,WIFI_DROP,
9.4552,2,STA,WIFI_DROP,
9.4552,5,STA,WIFI_DROP,
9.4552,18,STA,WIFI_DROP,
9.4576,2,STA,WIFI_DROP,
9.4576,5,STA,WIFI_DROP,
9.4576,18,STA,WIFI_DROP,
9.46,2,STA,WIFI_DROP,
9.46,5,STA,WIFI_DROP,
9.46,18,STA,WIFI_DROP,
9.4624,2,STA,WIFI_DROP,
9.4624,5,STA,WIFI_DROP,
9.4624,18,STA,WIFI_DROP,
9.4648,2,STA,WIFI_DROP,
9.4648,5,STA,WIFI_DROP,
9.4648,18,STA,WIFI_DROP,
9.4672,2,STA,WIFI_DROP,
9.4672,5,STA,WIFI_DROP,
9.4672,18,STA,WIFI_DROP,
9.4696,2,STA,WIFI_DROP,
9.4696,5,STA,WIFI_DROP,
9.4696,18,STA,WIFI_DROP,
9.472,2,STA,WIFI_DROP,
9.472,5,STA,WIFI_DROP,
9.472,18,STA,WIFI_DROP,
9.4744,2,STA,WIFI_DROP,
9.4744,5,STA,WIFI_DROP,
9.4744,18,STA,WIFI_DROP,
9.4768,2,STA,WIFI_DROP,
9.4768,5,STA,WIFI_DROP,
9.4768,18,STA,WIFI_DROP,
9.4792,2,STA,WIFI_DROP,
9.4792,5,STA,WIFI_DROP,
9.4792,18,STA,WIFI_DROP,
9.4816,2,STA,WIFI_DROP,
9.4816,5,STA,WIFI_DROP,
9.4816,18,STA,WIFI_DROP,
9.484,2,STA,WIFI_DROP,
9.484,5,STA,WIFI_DROP,
9.484,18,STA,WIFI_DROP,
9.4864,2,STA,WIFI_DROP,
9.4864,5,STA,WIFI_DROP,
9.4864,18,STA,WIFI_DROP,
9.4888,2,STA,WIFI_DROP,
9.4888,5,STA,WIFI_DROP,
9.4888,18,STA,WIFI_DROP,
9.4912,2,STA,WIFI_DROP,
9.4912,5,STA,WIFI_DROP,
9.4912,18,STA,WIFI_DROP,
9.4936,2,STA,WIFI_DROP,
9.4936,5,STA,WIFI_DROP,
9.4936,18,STA,WIFI_DROP,
9.496,2,STA,WIFI_DROP,
9.496,5,STA,WIFI_DROP,
9.496,18,STA,WIFI_DROP,
9.4984,2,STA,WIFI_DROP,
9.4984,5,STA,WIFI_DROP,
9.4984,18,STA,WIFI_DROP,
9.5008,2,STA,WIFI_DROP,
9.5008,5,STA,WIFI_DROP,
9.5008,18,STA,WIFI_DROP,
9.5032,2,STA,WIFI_DROP,
9.5032,5,STA,WIFI_DROP,
9.5032,18,STA,WIFI_DROP,
9.5056,2,STA,WIFI_DROP,
9.5056,5,STA,WIFI_DROP,
9.5056,18,STA,WIFI_DROP,
9.508,2,STA,WIFI_DROP,
9.508,5,STA,WIFI_DROP,
9.508,18,STA,WIFI_DROP,
9.5104,2,STA,WIFI_DROP,
9.5104,5,STA,WIFI_DROP,
9.5104,18,STA,WIFI_DROP,
9.5128,2,STA,WIFI_DROP,
9.5128,5,STA,WIFI_DROP,
9.5128,18,STA,WIFI_DROP,
9.5152,2,STA,WIFI_DROP,
9.5152,5,STA,WIFI_DROP,
9.5152,18,STA,WIFI_DROP,
9.5176,2,STA,WIFI_DROP,
9.5176,5,STA,WIFI_DROP,
9.5176,18,STA,WIFI_DROP,
9.52,2,STA,WIFI_DROP,
9.52,5,STA,WIFI_DROP,
9.52,18,STA,WIFI_DROP,
9.5224,2,STA,WIFI_DROP,
9.5224,5,STA,WIFI_DROP,
9.5224,18,STA,WIFI_DROP,
9.5248,2,STA,WIFI_DROP,
9.5248,5,STA,WIFI_DROP,
9.5248,18,STA,WIFI_DROP,
9.5272,2,STA,WIFI_DROP,
9.5272,5,STA,WIFI_DROP,
9.5272,18,STA,WIFI_DROP,
9.5296,2,STA,WIFI_DROP,
9.5296,5,STA,WIFI_DROP,
9.5296,18,STA,WIFI_DROP,
9.532,2,STA,WIFI_DROP,
9.532,5,STA,WIFI_DROP,
9.532,18,STA,WIFI_DROP,
9.5344,2,STA,WIFI_DROP,
9.5344,5,STA,WIFI_DROP,
9.5344,18,STA,WIFI_DROP,
9.5368,2,STA,WIFI_DROP,
9.5368,5,STA,WIFI_DROP,
9.5368,18,STA,WIFI_DROP,
9.5392,2,STA,WIFI_DROP,
9.5392,5,STA,WIFI_DROP,
9.5392,18,STA,WIFI_DROP,
9.5416,2,STA,WIFI_DROP,
9.5416,5,STA,WIFI_DROP,
9.5416,18,STA,WIFI_DROP,
9.544,2,STA,WIFI_DROP,
9.544,5,STA,WIFI_DROP,
9.544,18,STA,WIFI_DROP,
9.5464,2,STA,WIFI_DROP,
9.5464,5,STA,WIFI_DROP,
9.5464,18,STA,WIFI_DROP,
9.5488,2,STA,WIFI_DROP,
9.5488,5,STA,WIFI_DROP,
9.5488,18,STA,WIFI_DROP,
9.5512,2,STA,WIFI_DROP,
9.5512,5,STA,WIFI_DROP,
9.5512,18,STA,WIFI_DROP,
9.5536,2,STA,WIFI_DROP,
9.5536,5,STA,WIFI_DROP,
9.5536,6,STA,WIFI_DROP,
9.5536,18,STA,WIFI_DROP,
9.556,2,STA,WIFI_DROP,
9.556,5,STA,WIFI_DROP,
9.556,6,STA,WIFI_DROP,
9.556,18,STA,WIFI_DROP,
9.5584,2,STA,WIFI_DROP,
9.5584,5,STA,WIFI_DROP,
9.5584,6,STA,WIFI_DROP,
9.5584,18,STA,WIFI_DROP,
9.5608,2,STA,WIFI_DROP,
9.5608,5,STA,WIFI_DROP,
9.5608,6,STA,WIFI_DROP,
9.5608,18,STA,WIFI_DROP,
9.5632,2,STA,WIFI_DROP,
9.5632,5,STA,WIFI_DROP,
9.5632,6,STA,WIFI_DROP,
9.5632,18,STA,WIFI_DROP,
9.5656,2,STA,WIFI_DROP,
9.5656,5,STA,WIFI_DROP,
9.5656,6,STA,WIFI_DROP,
9.5656,18,STA,WIFI_DROP,
9.568,2,STA,WIFI_DROP,
9.568,5,STA,WIFI_DROP,
9.568,6,STA,WIFI_DROP,
9.568,18,STA,WIFI_DROP,
9.5704,2,STA,WIFI_DROP,
9.5704,5,STA,WIFI_DROP,
9.5704,6,STA,WIFI_DROP,
9.5704,18,STA,WIFI_DROP,
9.5728,2,STA,WIFI_DROP,
9.5728,5,STA,WIFI_DROP,
9.5728,6,STA,WIFI_DROP,
9.5728,18,STA,WIFI_DROP,
9.5752,2,STA,WIFI_DROP,
9.5752,5,STA,WIFI_DROP,
9.5752,6,STA,WIFI_DROP,
9.5752,18,STA,WIFI_DROP,
9.5776,2,STA,WIFI_DROP,
9.5776,5,STA,WIFI_DROP,
9.5776,6,STA,WIFI_DROP,
9.5776,18,STA,WIFI_DROP,
9.58,2,STA,WIFI_DROP,
9.58,5,STA,WIFI_DROP,
9.58,6,STA,WIFI_DROP,
9.58,18,STA,WIFI_DROP,
9.5824,2,STA,WIFI_DROP,
9.5824,5,STA,WIFI_DROP,
9.5824,6,STA,WIFI_DROP,
9.5824,18,STA,WIFI_DROP,
9.5848,2,STA,WIFI_DROP,
9.5848,5,STA,WIFI_DROP,
9.5848,6,STA,WIFI_DROP,
9.5848,18,STA,WIFI_DROP,
9.5872,2,STA,WIFI_DROP,
9.5872,5,STA,WIFI_DROP,
9.5872,6,STA,WIFI_DROP,
9.5872,18,STA,WIFI_DROP,
9.5896,2,STA,WIFI_DROP,
9.5896,5,STA,WIFI_DROP,
9.5896,6,STA,WIFI_DROP,
9.5896,18,STA,WIFI_DROP,
9.592,2,STA,WIFI_DROP,
9.592,5,STA,WIFI_DROP,
9.592,6,STA,WIFI_DROP,
9.592,18,STA,WIFI_DROP,
9.5944,2,STA,WIFI_DROP,
9.5944,5,STA,WIFI_DROP,
9.5944,6,STA,WIFI_DROP,
9.5944,18,STA,WIFI_DROP,
9.5968,2,STA,WIFI_DROP,
9.5968,5,STA,WIFI_DROP,
9.5968,6,STA,WIFI_DROP,
9.5968,18,STA,WIFI_DROP,
9.5992,2,STA,WIFI_DROP,
9.5992,5,STA,WIFI_DROP,
9.5992,6,STA,WIFI_DROP,
9.5992,18,STA,WIFI_DROP,
9.6016,2,STA,WIFI_DROP,
9.6016,5,STA,WIFI_DROP,
9.6016,6,STA,WIFI_DROP,
9.6016,18,STA,WIFI_DROP,
9.604,2,STA,WIFI_DROP,
9.604,5,STA,WIFI_DROP,
9.604,6,STA,WIFI_DROP,
9.604,8,STA,WIFI_DROP,
9.604,18,STA,WIFI_DROP,
9.6064,2,STA,WIFI_DROP,
9.6064,5,STA,WIFI_DROP,
9.6064,6,STA,WIFI_DROP,
9.6064,8,STA,WIFI_DROP,
9.6064,18,STA,WIFI_DROP,
9.6088,2,STA,WIFI_DROP,
9.6088,5,STA,WIFI_DROP,
9.6088,6,STA,WIFI_DROP,
9.6088,8,STA,WIFI_DROP,
9.6088,18,STA,WIFI_DROP,
9.6112,2,STA,WIFI_DROP,
9.6112,5,STA,WIFI_DROP,
9.6112,6,STA,WIFI_DROP,
9.6112,8,STA,WIFI_DROP,
9.6112,18,STA,WIFI_DROP,
9.6136,2,STA,WIFI_DROP,
9.6136,5,STA,WIFI_DROP,
9.6136,6,STA,WIFI_DROP,
9.6136,8,STA,WIFI_DROP,
9.6136,18,STA,WIFI_DROP,
9.616,2,STA,WIFI_DROP,
9.616,5,STA,WIFI_DROP,
9.616,6,STA,WIFI_DROP,
9.616,8,STA,WIFI_DROP,
9.616,18,STA,WIFI_DROP,
9.6184,2,STA,WIFI_DROP,
9.6184,5,STA,WIFI_DROP,
9.6184,6,STA,WIFI_DROP,
9.6184,8,STA,WIFI_DROP,
9.6184,18,STA,WIFI_DROP,
9.6208,2,STA,WIFI_DROP,
9.6208,5,STA,WIFI_DROP,
9.6208,6,STA,WIFI_DROP,
9.6208,8,STA,WIFI_DROP,
9.6208,18,STA,WIFI_DROP,
9.6232,2,STA,WIFI_DROP,
9.6232,5,STA,WIFI_DROP,
9.6232,6,STA,WIFI_DROP,
9.6232,8,STA,WIFI_DROP,
9.6232,18,STA,WIFI_DROP,
9.6256,2,STA,WIFI_DROP,
9.6256,5,STA,WIFI_DROP,
9.6256,6,STA,WIFI_DROP,
9.6256,8,STA,WIFI_DROP,
9.6256,18,STA,WIFI_DROP,
9.628,2,STA,WIFI_DROP,
9.628,5,STA,WIFI_DROP,
9.628,6,STA,WIFI_DROP,
9.628,8,STA,WIFI_DROP,
9.628,18,STA,WIFI_DROP,
9.6304,2,STA,WIFI_DROP,
9.6304,5,STA,WIFI_DROP,
9.6304,6,STA,WIFI_DROP,
9.6304,8,STA,WIFI_DROP,
9.6304,18,STA,WIFI_DROP,
9.6328,2,STA,WIFI_DROP,
9.6328,5,STA,WIFI_DROP,
9.6328,6,STA,WIFI_DROP,
9.6328,8,STA,WIFI_DROP,
9.6328,18,STA,WIFI_DROP,
9.6352,2,STA,WIFI_DROP,
9.6352,5,STA,WIFI_DROP,
9.6352,6,STA,WIFI_DROP,
9.6352,8,STA,WIFI_DROP,
9.6352,18,STA,WIFI_DROP,
9.6376,2,STA,WIFI_DROP,
9.6376,5,STA,WIFI_DROP,
9.6376,6,STA,WIFI_DROP,
9.6376,8,STA,WIFI_DROP,
9.6376,18,STA,WIFI_DROP,
9.64,2,STA,WIFI_DROP,
9.64,5,STA,WIFI_DROP,
9.64,6,STA,WIFI_DROP,
9.64,8,STA,WIFI_DROP,
9.64,18,STA,WIFI_DROP,
9.6424,2,STA,WIFI_DROP,
9.6424,5,STA,WIFI_DROP,
9.6424,6,STA,WIFI_DROP,
9.6424,8,STA,WIFI_DROP,
9.6424,18,STA,WIFI_DROP,
9.6448,2,STA,WIFI_DROP,
9.6448,5,STA,WIFI_DROP,
9.6448,6,STA,WIFI_DROP,
9.6448,8,STA,WIFI_DROP,
9.6448,18,STA,WIFI_DROP,
9.6472,2,STA,WIFI_DROP,
9.6472,5,STA,WIFI_DROP,
9.6472,6,STA,WIFI_DROP,
9.6472,8,STA,WIFI_DROP,
9.6472,18,STA,WIFI_DROP,
9.6496,2,STA,WIFI_DROP,
9.6496,5,STA,WIFI_DROP,
9.6496,6,STA,WIFI_DROP,
9.6496,8,STA,WIFI_DROP,
9.6496,10,STA,WIFI_DROP,
9.6496,18,STA,WIFI_DROP,
9.652,2,STA,WIFI_DROP,
9.652,5,STA,WIFI_DROP,
9.652,6,STA,WIFI_DROP,
9.652,8,STA,WIFI_DROP,
9.652,10,STA,WIFI_DROP,
9.652,18,STA,WIFI_DROP,
9.6544,2,STA,WIFI_DROP,
9.6544,5,STA,WIFI_DROP,
9.6544,6,STA,WIFI_DROP,
9.6544,8,STA,WIFI_DROP,
9.6544,10,STA,WIFI_DROP,
9.6544,18,STA,WIFI_DROP,
9.6568,2,STA,WIFI_DROP,
9.6568,5,STA,WIFI_DROP,
9.6568,6,STA,WIFI_DROP,
9.6568,8,STA,WIFI_DROP,
9.6568,10,STA,WIFI_DROP,
9.6568,18,STA,WIFI_DROP,
9.6592,2,STA,WIFI_DROP,
9.6592,5,STA,WIFI_DROP,
9.6592,6,STA,WIFI_DROP,
9.6592,8,STA,WIFI_DROP,
9.6592,10,STA,WIFI_DROP,
9.6592,18,STA,WIFI_DROP,
9.6616,2,STA,WIFI_DROP,
9.6616,5,STA,WIFI_DROP,
9.6616,6,STA,WIFI_DROP,
9.6616,8,STA,WIFI_DROP,
9.6616,10,STA,WIFI_DROP,
9.6616,18,STA,WIFI_DROP,
9.664,2,STA,WIFI_DROP,
9.664,5,STA,WIFI_DROP,
9.664,6,STA,WIFI_DROP,
9.664,8,STA,WIFI_DROP,
9.664,10,STA,WIFI_DROP,
9.664,18,STA,WIFI_DROP,
9.6664,2,STA,WIFI_DROP,
9.6664,5,STA,WIFI_DROP,
9.6664,6,STA,WIFI_DROP,
9.6664,8,STA,WIFI_DROP,
9.6664,10,STA,WIFI_DROP,
9.6664,18,STA,WIFI_DROP,
9.6688,2,STA,WIFI_DROP,
9.6688,5,STA,WIFI_DROP,
9.6688,6,STA,WIFI_DROP,
9.6688,8,STA,WIFI_DROP,
9.6688,10,STA,WIFI_DROP,
9.6688,18,STA,WIFI_DROP,
9.6712,2,STA,WIFI_DROP,
9.6712,5,STA,WIFI_DROP,
9.6712,6,STA,WIFI_DROP,
9.6712,8,STA,WIFI_DROP,
9.6712,10,STA,WIFI_DROP,
9.6712,18,STA,WIFI_DROP,
9.6736,2,STA,WIFI_DROP,
9.6736,5,STA,WIFI_DROP,
9.6736,6,STA,WIFI_DROP,
9.6736,8,STA,WIFI_DROP,
9.6736,10,STA,WIFI_DROP,
9.6736,18,STA,WIFI_DROP,
9.676,2,STA,WIFI_DROP,
9.676,5,STA,WIFI_DROP,
9.676,6,STA,WIFI_DROP,
9.676,8,STA,WIFI_DROP,
9.676,10,STA,WIFI_DROP,
9.676,18,STA,WIFI_DROP,
9.6784,2,STA,WIFI_DROP,
9.6784,5,STA,WIFI_DROP,
9.6784,6,STA,WIFI_DROP,
9.6784,8,STA,WIFI_DROP,
9.6784,10,STA,WIFI_DROP,
9.6784,18,STA,WIFI_DROP,
9.6808,2,STA,WIFI_DROP,
9.6808,5,STA,WIFI_DROP,
9.6808,6,STA,WIFI_DROP,
9.6808,8,STA,WIFI_DROP,
9.6808,10,STA,WIFI_DROP,
9.6808,18,STA,WIFI_DROP,
9.6832,2,STA,WIFI_DROP,
9.6832,5,STA,WIFI_DROP,
9.6832,6,STA,WIFI_DROP,
9.6832,8,STA,WIFI_DROP,
9.6832,10,STA,WIFI_DROP,
9.6832,18,STA,WIFI_DROP,
9.6856,2,STA,WIFI_DROP,
9.6856,5,STA,WIFI_DROP,
9.6856,6,STA,WIFI_DROP,
9.6856,8,STA,WIFI_DROP,
9.6856,10,STA,WIFI_DROP,
9.6856,18,STA,WIFI_DROP,
9.688,2,STA,WIFI_DROP,
9.688,5,STA,WIFI_DROP,
9.688,6,STA,WIFI_DROP,
9.688,8,STA,WIFI_DROP,
9.688,10,STA,WIFI_DROP,
9.688,18,STA,WIFI_DROP,
9.6904,2,STA,WIFI_DROP,
9.6904,5,STA,WIFI_DROP,
9.6904,6,STA,WIFI_DROP,
9.6904,8,STA,WIFI_DROP,
9.6904,10,STA,WIFI_DROP,
9.6904,18,STA,WIFI_DROP,
9.6928,2,STA,WIFI_DROP,
9.6928,5,STA,WIFI_DROP,
9.6928,6,STA,WIFI_DROP,
9.6928,8,STA,WIFI_DROP,
9.6928,10,STA,WIFI_DROP,
9.6928,18,STA,WIFI_DROP,
9.6952,2,STA,WIFI_DROP,
9.6952,6,STA,WIFI_DROP,
9.6952,8,STA,WIFI_DROP,
9.6952,10,STA,WIFI_DROP,
9.6952,18,STA,WIFI_DROP,
9.6976,2,STA,WIFI_DROP,
9.6976,6,STA,WIFI_DROP,
9.6976,8,STA,WIFI_DROP,
9.6976,10,STA,WIFI_DROP,
9.6976,18,STA,WIFI_DROP,
9.7,2,STA,WIFI_DROP,
9.7,6,STA,WIFI_DROP,
9.7,8,STA,WIFI_DROP,
9.7,10,STA,WIFI_DROP,
9.7,18,STA,WIFI_DROP,
9.7024,2,STA,WIFI_DROP,
9.7024,6,STA,WIFI_DROP,
9.7024,8,STA,WIFI_DROP,
9.7024,10,STA,WIFI_DROP,
9.7024,18,STA,WIFI_DROP,
9.7048,2,STA,WIFI_DROP,
9.7048,6,STA,WIFI_DROP,
9.7048,8,STA,WIFI_DROP,
9.7048,10,STA,WIFI_DROP,
9.7048,18,STA,WIFI_DROP,
9.7072,2,STA,WIFI_DROP,
9.7072,6,STA,WIFI_DROP,
9.7072,8,STA,WIFI_DROP,
9.7072,10,STA,WIFI_DROP,
9.7072,13,STA,WIFI_DROP,
9.7072,18,STA,WIFI_DROP,
9.7096,2,STA,WIFI_DROP,
9.7096,6,STA,WIFI_DROP,
9.7096,8,STA,WIFI_DROP,
9.7096,10,STA,WIFI_DROP,
9.7096,13,STA,WIFI_DROP,
9.7096,18,STA,WIFI_DROP,
9.712,2,STA,WIFI_DROP,
9.712,6,STA,WIFI_DROP,
9.712,8,STA,WIFI_DROP,
9.712,10,STA,WIFI_DROP,
9.712,13,STA,WIFI_DROP,
9.712,18,STA,WIFI_DROP,
9.7144,2,STA,WIFI_DROP,
9.7144,6,STA,WIFI_DROP,
9.7144,8,STA,WIFI_DROP,
9.7144,10,STA,WIFI_DROP,
9.7144,13,STA,WIFI_DROP,
9.7144,18,STA,WIFI_DROP,
9.7168,2,STA,WIFI_DROP,
9.7168,6,STA,WIFI_DROP,
9.7168,8,STA,WIFI_DROP,
9.7168,10,STA,WIFI_DROP,
9.7168,13,STA,WIFI_DROP,
9.7168,18,STA,WIFI_DROP,
9.7192,2,STA,WIFI_DROP,
9.7192,6,STA,WIFI_DROP,
9.7192,8,STA,WIFI_DROP,
9.7192,10,STA,WIFI_DROP,
9.7192,13,STA,WIFI_DROP,
9.7192,18,STA,WIFI_DROP,
9.7216,2,STA,WIFI_DROP,
9.7216,6,STA,WIFI_DROP,
9.7216,8,STA,WIFI_DROP,
9.7216,10,STA,WIFI_DROP,
9.7216,13,STA,WIFI_DROP,
9.7216,18,STA,WIFI_DROP,
9.724,2,STA,WIFI_DROP,
9.724,6,STA,WIFI_DROP,
9.724,8,STA,WIFI_DROP,
9.724,10,STA,WIFI_DROP,
9.724,13,STA,WIFI_DROP,
9.724,18,STA,WIFI_DROP,
9.7264,2,STA,WIFI_DROP,
9.7264,6,STA,WIFI_DROP,
9.7264,8,STA,WIFI_DROP,
9.7264,10,STA,WIFI_DROP,
9.7264,13,STA,WIFI_DROP,
9.7264,18,STA,WIFI_DROP,
9.7288,2,STA,WIFI_DROP,
9.7288,6,STA,WIFI_DROP,
9.7288,8,STA,WIFI_DROP,
9.7288,10,STA,WIFI_DROP,
9.7288,13,STA,WIFI_DROP,
9.7288,18,STA,WIFI_DROP,
9.7312,2,STA,WIFI_DROP,
9.7312,6,STA,WIFI_DROP,
9.7312,8,STA,WIFI_DROP,
9.7312,10,STA,WIFI_DROP,
9.7312,13,STA,WIFI_DROP,
9.7312,18,STA,WIFI_DROP,
9.7336,2,STA,WIFI_DROP,
9.7336,6,STA,WIFI_DROP,
9.7336,8,STA,WIFI_DROP,
9.7336,10,STA,WIFI_DROP,
9.7336,13,STA,WIFI_DROP,
9.7336,18,STA,WIFI_DROP,
9.736,2,STA,WIFI_DROP,
9.736,6,STA,WIFI_DROP,
9.736,8,STA,WIFI_DROP,
9.736,10,STA,WIFI_DROP,
9.736,13,STA,WIFI_DROP,
9.736,18,STA,WIFI_DROP,
9.7384,2,STA,WIFI_DROP,
9.7384,6,STA,WIFI_DROP,
9.7384,8,STA,WIFI_DROP,
9.7384,10,STA,WIFI_DROP,
9.7384,13,STA,WIFI_DROP,
9.7384,18,STA,WIFI_DROP,
9.7408,2,STA,WIFI_DROP,
9.7408,6,STA,WIFI_DROP,
9.7408,8,STA,WIFI_DROP,
9.7408,10,STA,WIFI_DROP,
9.7408,13,STA,WIFI_DROP,
9.7408,18,STA,WIFI_DROP,
9.7432,2,STA,WIFI_DROP,
9.7432,6,STA,WIFI_DROP,
9.7432,8,STA,WIFI_DROP,
9.7432,10,STA,WIFI_DROP,
9.7432,13,STA,WIFI_DROP,
9.7432,18,STA,WIFI_DROP,
9.7456,6,STA,WIFI_DROP,
9.7456,8,STA,WIFI_DROP,
9.7456,10,STA,WIFI_DROP,
9.7456,13,STA,WIFI_DROP,
9.7456,18,STA,WIFI_DROP,
9.748,6,STA,WIFI_DROP,
9.748,8,STA,WIFI_DROP,
9.748,10,STA,WIFI_DROP,
9.748,13,STA,WIFI_DROP,
9.748,18,STA,WIFI_DROP,
9.7504,6,STA,WIFI_DROP,
9.7504,8,STA,WIFI_DROP,
9.7504,10,STA,WIFI_DROP,
9.7504,13,STA,WIFI_DROP,
9.7504,18,STA,WIFI_DROP,
9.7528,6,STA,WIFI_DROP,
9.7528,8,STA,WIFI_DROP,
9.7528,10,STA,WIFI_DROP,
9.7528,13,STA,WIFI_DROP,
9.7528,18,STA,WIFI_DROP,
9.7552,6,STA,WIFI_DROP,
9.7552,8,STA,WIFI_DROP,
9.7552,10,STA,WIFI_DROP,
9.7552,13,STA,WIFI_DROP,
9.7552,18,STA,WIFI_DROP,
9.7576,6,STA,WIFI_DROP,
9.7576,8,STA,WIFI_DROP,
9.7576,10,STA,WIFI_DROP,
9.7576,13,STA,WIFI_DROP,
9.7576,18,STA,WIFI_DROP,
9.76,6,STA,WIFI_DROP,
9.76,8,STA,WIFI_DROP,
9.76,10,STA,WIFI_DROP,
9.76,18,STA,WIFI_DROP,
9.7624,6,STA,WIFI_DROP,
9.7624,8,STA,WIFI_DROP,
9.7624,10,STA,WIFI_DROP,
9.7624,18,STA,WIFI_DROP,
9.7648,6,STA,WIFI_DROP,
9.7648,8,STA,WIFI_DROP,
9.7648,10,STA,WIFI_DROP,
9.7648,18,STA,WIFI_DROP,
9.7672,6,STA,WIFI_DROP,
9.7672,8,STA,WIFI_DROP,
9.7672,10,STA,WIFI_DROP,
9.7672,18,STA,WIFI_DROP,
9.7696,6,STA,WIFI_DROP,
9.7696,8,STA,WIFI_DROP,
9.7696,10,STA,WIFI_DROP,
9.7696,18,STA,WIFI_DROP,
9.772,6,STA,WIFI_DROP,
9.772,8,STA,WIFI_DROP,
9.772,10,STA,WIFI_DROP,
9.772,18,STA,WIFI_DROP,
9.7744,6,STA,WIFI_DROP,
9.7744,8,STA,WIFI_DROP,
9.7744,10,STA,WIFI_DROP,
9.7744,18,STA,WIFI_DROP,
9.7768,6,STA,WIFI_DROP,
9.7768,8,STA,WIFI_DROP,
9.7768,10,STA,WIFI_DROP,
9.7768,18,STA,WIFI_DROP,
9.7792,6,STA,WIFI_DROP,
9.7792,8,STA,WIFI_DROP,
9.7792,10,STA,WIFI_DROP,
9.7792,18,STA,WIFI_DROP,
9.7816,6,STA,WIFI_DROP,
9.7816,8,STA,WIFI_DROP,
9.7816,10,STA,WIFI_DROP,
9.7816,18,STA,WIFI_DROP,
9.784,6,STA,WIFI_DROP,
9.784,8,STA,WIFI_DROP,
9.784,10,STA,WIFI_DROP,
9.784,18,STA,WIFI_DROP,
9.7864,6,STA,WIFI_DROP,
9.7864,8,STA,WIFI_DROP,
9.7864,10,STA,WIFI_DROP,
9.7864,18,STA,WIFI_DROP,
9.7888,6,STA,WIFI_DROP,
9.7888,8,STA,WIFI_DROP,
9.7888,10,STA,WIFI_DROP,
9.7888,18,STA,WIFI_DROP,
9.7912,6,STA,WIFI_DROP,
9.7912,8,STA,WIFI_DROP,
9.7912,10,STA,WIFI_DROP,
9.7912,18,STA,WIFI_DROP,
9.7936,6,STA,WIFI_DROP,
9.7936,8,STA,WIFI_DROP,
9.7936,10,STA,WIFI_DROP,
9.7936,18,STA,WIFI_DROP,
9.796,6,STA,WIFI_DROP,
9.796,8,STA,WIFI_DROP,
9.796,10,STA,WIFI_DROP,
9.796,18,STA,WIFI_DROP,
9.7984,6,STA,WIFI_DROP,
9.7984,8,STA,WIFI_DROP,
9.7984,10,STA,WIFI_DROP,
9.7984,18,STA,WIFI_DROP,
9.8008,6,STA,WIFI_DROP,
9.8008,8,STA,WIFI_DROP,
9.8008,10,STA,WIFI_DROP,
9.8008,18,STA,WIFI_DROP,
9.8032,6,STA,WIFI_DROP,
9.8032,8,STA,WIFI_DROP,
9.8032,10,STA,WIFI_DROP,
9.8032,18,STA,WIFI_DROP,
9.8056,6,STA,WIFI_DROP,
9.8056,8,STA,WIFI_DROP,
9.8056,10,STA,WIFI_DROP,
9.8056,18,STA,WIFI_DROP,
9.808,6,STA,WIFI_DROP,
9.808,8,STA,WIFI_DROP,
9.808,10,STA,WIFI_DROP,
9.808,18,STA,WIFI_DROP,
9.8104,6,STA,WIFI_DROP,
9.8104,8,STA,WIFI_DROP,
9.8104,10,STA,WIFI_DROP,
9.8104,18,STA,WIFI_DROP,
9.8128,6,STA,WIFI_DROP,
9.8128,8,STA,WIFI_DROP,
9.8128,10,STA,WIFI_DROP,
9.8128,18,STA,WIFI_DROP,
9.8152,6,STA,WIFI_DROP,
9.8152,8,STA,WIFI_DROP,
9.8152,10,STA,WIFI_DROP,
9.8152,18,STA,WIFI_DROP,
9.8176,6,STA,WIFI_DROP,
9.8176,8,STA,WIFI_DROP,
9.8176,10,STA,WIFI_DROP,
9.8176,18,STA,WIFI_DROP,
9.82,6,STA,WIFI_DROP,
9.82,8,STA,WIFI_DROP,
9.82,10,STA,WIFI_DROP,
9.82,18,STA,WIFI_DROP,
9.8224,6,STA,WIFI_DROP,
9.8224,8,STA,WIFI_DROP,
9.8224,10,STA,WIFI_DROP,
9.8224,18,STA,WIFI_DROP,
9.8248,6,STA,WIFI_DROP,
9.8248,8,STA,WIFI_DROP,
9.8248,10,STA,WIFI_DROP,
9.8248,18,STA,WIFI_DROP,
9.8272,6,STA,WIFI_DROP,
9.8272,8,STA,WIFI_DROP,
9.8272,10,STA,WIFI_DROP,
9.8272,18,STA,WIFI_DROP,
9.8296,6,STA,WIFI_DROP,
9.8296,8,STA,WIFI_DROP,
9.8296,10,STA,WIFI_DROP,
9.8296,18,STA,WIFI_DROP,
9.832,6,STA,WIFI_DROP,
9.832,8,STA,WIFI_DROP,
9.832,10,STA,WIFI_DROP,
9.832,18,STA,WIFI_DROP,
9.8344,6,STA,WIFI_DROP,
9.8344,8,STA,WIFI_DROP,
9.8344,10,STA,WIFI_DROP,
9.8344,18,STA,WIFI_DROP,
9.8368,6,STA,WIFI_DROP,
9.8368,8,STA,WIFI_DROP,
9.8368,10,STA,WIFI_DROP,
9.8368,18,STA,WIFI_DROP,
9.8392,6,STA,WIFI_DROP,
9.8392,8,STA,WIFI_DROP,
9.8392,10,STA,WIFI_DROP,
9.8392,18,STA,WIFI_DROP,
9.8416,6,STA,WIFI_DROP,
9.8416,8,STA,WIFI_DROP,
9.8416,10,STA,WIFI_DROP,
9.8416,18,STA,WIFI_DROP,
9.844,6,STA,WIFI_DROP,
9.844,8,STA,WIFI_DROP,
9.844,10,STA,WIFI_DROP,
9.844,18,STA,WIFI_DROP,
9.8464,6,STA,WIFI_DROP,
9.8464,8,STA,WIFI_DROP,
9.8464,10,STA,WIFI_DROP,
9.8464,18,STA,WIFI_DROP,
9.8488,6,STA,WIFI_DROP,
9.8488,8,STA,WIFI_DROP,
9.8488,10,STA,WIFI_DROP,
9.8488,18,STA,WIFI_DROP,
9.8512,6,STA,WIFI_DROP,
9.8512,8,STA,WIFI_DROP,
9.8512,10,STA,WIFI_DROP,
9.8512,18,STA,WIFI_DROP,
9.8536,6,STA,WIFI_DROP,
9.8536,8,STA,WIFI_DROP,
9.8536,10,STA,WIFI_DROP,
9.8536,18,STA,WIFI_DROP,
9.856,6,STA,WIFI_DROP,
9.856,8,STA,WIFI_DROP,
9.856,10,STA,WIFI_DROP,
9.856,18,STA,WIFI_DROP,
9.8584,6,STA,WIFI_DROP,
9.8584,8,STA,WIFI_DROP,
9.8584,10,STA,WIFI_DROP,
9.8584,18,STA,WIFI_DROP,
9.8608,6,STA,WIFI_DROP,
9.8608,8,STA,WIFI_DROP,
9.8608,10,STA,WIFI_DROP,
9.8608,18,STA,WIFI_DROP,
9.8632,6,STA,WIFI_DROP,
9.8632,8,STA,WIFI_DROP,
9.8632,10,STA,WIFI_DROP,
9.8632,18,STA,WIFI_DROP,
9.8656,6,STA,WIFI_DROP,
9.8656,8,STA,WIFI_DROP,
9.8656,10,STA,WIFI_DROP,
9.8656,18,STA,WIFI_DROP,
9.868,6,STA,WIFI_DROP,
9.868,8,STA,WIFI_DROP,
9.868,10,STA,WIFI_DROP,
9.868,18,STA,WIFI_DROP,
9.8704,6,STA,WIFI_DROP,
9.8704,8,STA,WIFI_DROP,
9.8704,10,STA,WIFI_DROP,
9.8704,18,STA,WIFI_DROP,
9.8728,6,STA,WIFI_DROP,
9.8728,8,STA,WIFI_DROP,
9.8728,10,STA,WIFI_DROP,
9.8728,18,STA,WIFI_DROP,
9.8752,6,STA,WIFI_DROP,
9.8752,8,STA,WIFI_DROP,
9.8752,10,STA,WIFI_DROP,
9.8752,18,STA,WIFI_DROP,
9.8776,6,STA,WIFI_DROP,
9.8776,8,STA,WIFI_DROP,
9.8776,10,STA,WIFI_DROP,
9.8776,18,STA,WIFI_DROP,
9.88,6,STA,WIFI_DROP,
9.88,8,STA,WIFI_DROP,
9.88,10,STA,WIFI_DROP,
9.88,18,STA,WIFI_DROP,
9.8824,6,STA,WIFI_DROP,
9.8824,8,STA,WIFI_DROP,
9.8824,10,STA,WIFI_DROP,
9.8824,18,STA,WIFI_DROP,
9.8848,6,STA,WIFI_DROP,
9.8848,8,STA,WIFI_DROP,
9.8848,10,STA,WIFI_DROP,
9.8848,18,STA,WIFI_DROP,
9.8872,6,STA,WIFI_DROP,
9.8872,8,STA,WIFI_DROP,
9.8872,10,STA,WIFI_DROP,
9.8872,18,STA,WIFI_DROP,
9.8896,6,STA,WIFI_DROP,
9.8896,8,STA,WIFI_DROP,
9.8896,10,STA,WIFI_DROP,
9.8896,18,STA,WIFI_DROP,
9.892,6,STA,WIFI_DROP,
9.892,8,STA,WIFI_DROP,
9.892,10,STA,WIFI_DROP,
9.892,18,STA,WIFI_DROP,
9.8944,6,STA,WIFI_DROP,
9.8944,8,STA,WIFI_DROP,
9.8944,10,STA,WIFI_DROP,
9.8944,18,STA,WIFI_DROP,
9.8968,6,STA,WIFI_DROP,
9.8968,8,STA,WIFI_DROP,
9.8968,10,STA,WIFI_DROP,
9.8968,18,STA,WIFI_DROP,
9.8992,6,STA,WIFI_DROP,
9.8992,8,STA,WIFI_DROP,
9.8992,10,STA,WIFI_DROP,
9.8992,18,STA,WIFI_DROP,
9.9016,6,STA,WIFI_DROP,
9.9016,8,STA,WIFI_DROP,
9.9016,10,STA,WIFI_DROP,
9.9016,18,STA,WIFI_DROP,
9.904,6,STA,WIFI_DROP,
9.904,8,STA,WIFI_DROP,
9.904,10,STA,WIFI_DROP,
9.904,18,STA,WIFI_DROP,
9.9064,6,STA,WIFI_DROP,
9.9064,8,STA,WIFI_DROP,
9.9064,10,STA,WIFI_DROP,
9.9064,18,STA,WIFI_DROP,
9.9088,6,STA,WIFI_DROP,
9.9088,10,STA,WIFI_DROP,
9.9088,18,STA,WIFI_DROP,
9.9112,6,STA,WIFI_DROP,
9.9112,10,STA,WIFI_DROP,
9.9112,16,STA,WIFI_DROP,
9.9112,18,STA,WIFI_DROP,
9.9136,6,STA,WIFI_DROP,
9.9136,10,STA,WIFI_DROP,
9.9136,16,STA,WIFI_DROP,
9.9136,18,STA,WIFI_DROP,
9.916,6,STA,WIFI_DROP,
9.916,10,STA,WIFI_DROP,
9.916,16,STA,WIFI_DROP,
9.916,18,STA,WIFI_DROP,
9.9184,6,STA,WIFI_DROP,
9.9184,10,STA,WIFI_DROP,
9.9184,16,STA,WIFI_DROP,
9.9184,18,STA,WIFI_DROP,
9.9208,6,STA,WIFI_DROP,
9.9208,10,STA,WIFI_DROP,
9.9208,16,STA,WIFI_DROP,
9.9208,18,STA,WIFI_DROP,
9.9232,6,STA,WIFI_DROP,
9.9232,10,STA,WIFI_DROP,
9.9232,16,STA,WIFI_DROP,
9.9232,18,STA,WIFI_DROP,
9.9256,6,STA,WIFI_DROP,
9.9256,10,STA,WIFI_DROP,
9.9256,16,STA,WIFI_DROP,
9.9256,18,STA,WIFI_DROP,
9.928,6,STA,WIFI_DROP,
9.928,10,STA,WIFI_DROP,
9.928,16,STA,WIFI_DROP,
9.928,18,STA,WIFI_DROP,
9.9304,6,STA,WIFI_DROP,
9.9304,10,STA,WIFI_DROP,
9.9304,16,STA,WIFI_DROP,
9.9304,18,STA,WIFI_DROP,
9.9328,6,STA,WIFI_DROP,
9.9328,10,STA,WIFI_DROP,
9.9328,16,STA,WIFI_DROP,
9.9328,18,STA,WIFI_DROP,
9.9352,6,STA,WIFI_DROP,
9.9352,10,STA,WIFI_DROP,
9.9352,16,STA,WIFI_DROP,
9.9352,18,STA,WIFI_DROP,
9.9376,6,STA,WIFI_DROP,
9.9376,10,STA,WIFI_DROP,
9.9376,16,STA,WIFI_DROP,
9.9376,18,STA,WIFI_DROP,
9.94,6,STA,WIFI_DROP,
9.94,10,STA,WIFI_DROP,
9.94,16,STA,WIFI_DROP,
9.9424,6,STA,WIFI_DROP,
9.9424,10,STA,WIFI_DROP,
9.9424,16,STA,WIFI_DROP,
9.9448,6,STA,WIFI_DROP,
9.9448,10,STA,WIFI_DROP,
9.9448,16,STA,WIFI_DROP,
9.9472,6,STA,WIFI_DROP,
9.9472,10,STA,WIFI_DROP,
9.9472,16,STA,WIFI_DROP,
9.9496,6,STA,WIFI_DROP,
9.9496,10,STA,WIFI_DROP,
9.9496,16,STA,WIFI_DROP,
9.952,6,STA,WIFI_DROP,
9.952,10,STA,WIFI_DROP,
9.952,16,STA,WIFI_DROP,
9.9544,6,STA,WIFI_DROP,
9.9544,10,STA,WIFI_DROP,
9.9544,16,STA,WIFI_DROP,
9.9568,6,STA,WIFI_DROP,
9.9568,10,STA,WIFI_DROP,
9.9568,16,STA,WIFI_DROP,
9.9592,6,STA,WIFI_DROP,
9.9592,10,STA,WIFI_DROP,
9.9592,16,STA,WIFI_DROP,
9.9592,18,STA,WIFI_DROP,
9.9616,6,STA,WIFI_DROP,
9.9616,10,STA,WIFI_DROP,
9.9616,16,STA,WIFI_DROP,
9.9616,18,STA,WIFI_DROP,
9.964,6,STA,WIFI_DROP,
9.964,10,STA,WIFI_DROP,
9.964,16,STA,WIFI_DROP,
9.964,18,STA,WIFI_DROP,
9.9664,6,STA,WIFI_DROP,
9.9664,10,STA,WIFI_DROP,
9.9664,16,STA,WIFI_DROP,
9.9664,18,STA,WIFI_DROP,
9.9688,6,STA,WIFI_DROP,
9.9688,10,STA,WIFI_DROP,
9.9688,16,STA,WIFI_DROP,
9.9688,18,STA,WIFI_DROP,
9.9712,6,STA,WIFI_DROP,
9.9712,10,STA,WIFI_DROP,
9.9712,16,STA,WIFI_DROP,
9.9712,18,STA,WIFI_DROP,
9.9736,6,STA,WIFI_DROP,
9.9736,10,STA,WIFI_DROP,
9.9736,16,STA,WIFI_DROP,
9.9736,18,STA,WIFI_DROP,
9.976,6,STA,WIFI_DROP,
9.976,10,STA,WIFI_DROP,
9.976,16,STA,WIFI_DROP,
9.976,18,STA,WIFI_DROP,
9.9784,6,STA,WIFI_DROP,
9.9784,10,STA,WIFI_DROP,
9.9784,16,STA,WIFI_DROP,
9.9784,18,STA,WIFI_DROP,
9.9808,6,STA,WIFI_DROP,
9.9808,10,STA,WIFI_DROP,
9.9808,16,STA,WIFI_DROP,
9.9808,18,STA,WIFI_DROP,
9.9832,6,STA,WIFI_DROP,
9.9832,10,STA,WIFI_DROP,
9.9832,16,STA,WIFI_DROP,
9.9832,18,STA,WIFI_DROP,
9.9856,6,STA,WIFI_DROP,
9.9856,10,STA,WIFI_DROP,
9.9856,16,STA,WIFI_DROP,
9.9856,18,STA,WIFI_DROP,
9.988,6,STA,WIFI_DROP,
9.988,10,STA,WIFI_DROP,
9.988,16,STA,WIFI_DROP,
9.988,18,STA,WIFI_DROP,
9.9904,6,STA,WIFI_DROP,
9.9904,10,STA,WIFI_DROP,
9.9904,16,STA,WIFI_DROP,
9.9904,18,STA,WIFI_DROP,
9.9928,6,STA,WIFI_DROP,
9.9928,10,STA,WIFI_DROP,
9.9928,16,STA,WIFI_DROP,
9.9928,18,STA,WIFI_DROP,
9.9952,6,STA,WIFI_DROP,
9.9952,10,STA,WIFI_DROP,
9.9952,16,STA,WIFI_DROP,
9.9952,18,STA,WIFI_DROP,
9.9976,6,STA,WIFI_DROP,
9.9976,10,STA,WIFI_DROP,
9.9976,16,STA,WIFI_DROP,
9.9976,18,STA,WIFI_DROP,
10,9,STA,THROUGHPUT_MBPS,0.072000
10,10,STA,THROUGHPUT_MBPS,0.324000
10,12,STA,THROUGHPUT_MBPS,0.264000
10,15,STA,THROUGHPUT_MBPS,1.908000
10,16,STA,THROUGHPUT_MBPS,0.936000
10,17,STA,THROUGHPUT_MBPS,0.372000
10,19,STA,THROUGHPUT_MBPS,0.792000
10,1,AP,AGGREGATE_THROUGHPUT_MBPS,4.668000
10,1,AP,SENT_COUNT,8320.000000
10,1,AP,RECV_COUNT,389.000000
10,1,AP,LATENCY_P95_MS,533.159263
10,6,STA,WIFI_DROP,
10,10,STA,WIFI_DROP,
10,16,STA,WIFI_DROP,
10,18,STA,WIFI_DROP,
10.0024,6,STA,WIFI_DROP,
10.0024,10,STA,WIFI_DROP,
10.0024,16,STA,WIFI_DROP,
10.0024,18,STA,WIFI_DROP,
10.0048,6,STA,WIFI_DROP,
10.0048,10,STA,WIFI_DROP,
10.0048,16,STA,WIFI_DROP,
10.0048,18,STA,WIFI_DROP,
10.0072,6,STA,WIFI_DROP,
10.0072,10,STA,WIFI_DROP,
10.0072,16,STA,WIFI_DROP,
10.0072,18,STA,WIFI_DROP,
10.0096,6,STA,WIFI_DROP,
10.0096,10,STA,WIFI_DROP,
10.0096,16,STA,WIFI_DROP,
10.0096,18,STA,WIFI_DROP,
10.012,6,STA,WIFI_DROP,
10.012,10,STA,WIFI_DROP,
10.012,16,STA,WIFI_DROP,
10.012,18,STA,WIFI_DROP,
10.0144,6,STA,WIFI_DROP,
10.0144,10,STA,WIFI_DROP,
10.0144,16,STA,WIFI_DROP,
10.0144,18,STA,WIFI_DROP,
10.0168,6,STA,WIFI_DROP,
10.0168,10,STA,WIFI_DROP,
10.0168,16,STA,WIFI_DROP,
10.0168,18,STA,WIFI_DROP,
10.0192,6,STA,WIFI_DROP,
10.0192,10,STA,WIFI_DROP,
10.0192,16,STA,WIFI_DROP,
10.0192,18,STA,WIFI_DROP,
10.0216,6,STA,WIFI_DROP,
10.0216,10,STA,WIFI_DROP,
10.0216,16,STA,WIFI_DROP,
10.0216,18,STA,WIFI_DROP,
10.024,6,STA,WIFI_DROP,
10.024,10,STA,WIFI_DROP,
10.024,16,STA,WIFI_DROP,
10.024,18,STA,WIFI_DROP,
10.0264,6,STA,WIFI_DROP,
10.0264,10,STA,WIFI_DROP,
10.0264,16,STA,WIFI_DROP,
10.0264,18,STA,WIFI_DROP,
10.0288,6,STA,WIFI_DROP,
10.0288,10,STA,WIFI_DROP,
10.0288,16,STA,WIFI_DROP,
10.0288,18,STA,WIFI_DROP,
10.0312,6,STA,WIFI_DROP,
10.0312,10,STA,WIFI_DROP,
10.0312,16,STA,WIFI_DROP,
10.0312,18,STA,WIFI_DROP,
10.0336,6,STA,WIFI_DROP,
10.0336,10,STA,WIFI_DROP,
10.0336,16,STA,WIFI_DROP,
10.0336,18,STA,WIFI_DROP,
10.036,6,STA,WIFI_DROP,
10.036,10,STA,WIFI_DROP,
10.036,16,STA,WIFI_DROP,
10.036,18,STA,WIFI_DROP,
10.0384,6,STA,WIFI_DROP,
10.0384,10,STA,WIFI_DROP,
10.0384,16,STA,WIFI_DROP,
10.0384,18,STA,WIFI_DROP,
10.0408,6,STA,WIFI_DROP,
10.0408,10,STA,WIFI_DROP,
10.0408,16,STA,WIFI_DROP,
10.0408,18,STA,WIFI_DROP,
10.0432,6,STA,WIFI_DROP,
10.0432,10,STA,WIFI_DROP,
10.0432,16,STA,WIFI_DROP,
10.0432,18,STA,WIFI_DROP,
10.0456,6,STA,WIFI_DROP,
10.0456,10,STA,WIFI_DROP,
10.0456,16,STA,WIFI_DROP,
10.0456,18,STA,WIFI_DROP,
10.048,6,STA,WIFI_DROP,
10.048,10,STA,WIFI_DROP,
10.048,16,STA,WIFI_DROP,
10.048,18,STA,WIFI_DROP,
10.0504,6,STA,WIFI_DROP,
10.0504,10,STA,WIFI_DROP,
10.0504,16,STA,WIFI_DROP,
10.0504,18,STA,WIFI_DROP,
10.0528,6,STA,WIFI_DROP,
10.0528,10,STA,WIFI_DROP,
10.0528,16,STA,WIFI_DROP,
10.0528,18,STA,WIFI_DROP,
10.0552,6,STA,WIFI_DROP,
10.0552,10,STA,WIFI_DROP,
10.0552,16,STA,WIFI_DROP,
10.0552,18,STA,WIFI_DROP,
10.0576,6,STA,WIFI_DROP,
10.0576,10,STA,WIFI_DROP,
10.0576,16,STA,WIFI_DROP,
10.0576,18,STA,WIFI_DROP,
10.06,6,STA,WIFI_DROP,
10.06,10,STA,WIFI_DROP,
10.06,16,STA,WIFI_DROP,
10.06,18,STA,WIFI_DROP,
10.0624,6,STA,WIFI_DROP,
10.0624,10,STA,WIFI_DROP,
10.0624,16,STA,WIFI_DROP,
10.0624,18,STA,WIFI_DROP,
10.0648,6,STA,WIFI_DROP,
10.0648,10,STA,WIFI_DROP,
10.0648,16,STA,WIFI_DROP,
10.0648,18,STA,WIFI_DROP,
10.0672,6,STA,WIFI_DROP,
10.0672,10,STA,WIFI_DROP,
10.0672,16,STA,WIFI_DROP,
10.0672,18,STA,WIFI_DROP,
10.0696,6,STA,WIFI_DROP,
10.0696,10,STA,WIFI_DROP,
10.0696,16,STA,WIFI_DROP,
10.0696,18,STA,WIFI_DROP,
10.072,6,STA,WIFI_DROP,
10.072,10,STA,WIFI_DROP,
10.072,16,STA,WIFI_DROP,
10.072,18,STA,WIFI_DROP,
10.0744,6,STA,WIFI_DROP,
10.0744,10,STA,WIFI_DROP,
10.0744,16,STA,WIFI_DROP,
10.0744,18,STA,WIFI_DROP,
10.0768,6,STA,WIFI_DROP,
10.0768,10,STA,WIFI_DROP,
10.0768,16,STA,WIFI_DROP,
10.0768,18,STA,WIFI_DROP,
10.0792,6,STA,WIFI_DROP,
10.0792,10,STA,WIFI_DROP,
10.0792,16,STA,WIFI_DROP,
10.0792,18,STA,WIFI_DROP,
10.0816,6,STA,WIFI_DROP,
10.0816,10,STA,WIFI_DROP,
10.0816,16,STA,WIFI_DROP,
10.0816,18,STA,WIFI_DROP,
10.084,6,STA,WIFI_DROP,
10.084,10,STA,WIFI_DROP,
10.084,16,STA,WIFI_DROP,
10.084,18,STA,WIFI_DROP,
10.0864,6,STA,WIFI_DROP,
10.0864,10,STA,WIFI_DROP,
10.0864,16,STA,WIFI_DROP,
10.0864,18,STA,WIFI_DROP,
10.0888,6,STA,WIFI_DROP,
10.0888,10,STA,WIFI_DROP,
10.0888,16,STA,WIFI_DROP,
10.0888,18,STA,WIFI_DROP,
10.0912,6,STA,WIFI_DROP,
10.0912,10,STA,WIFI_DROP,
10.0912,16,STA,WIFI_DROP,
10.0912,18,STA,WIFI_DROP,
10.0936,6,STA,WIFI_DROP,
10.0936,10,STA,WIFI_DROP,
10.0936,16,STA,WIFI_DROP,
10.0936,18,STA,WIFI_DROP,
10.096,6,STA,WIFI_DROP,
10.096,10,STA,WIFI_DROP,
10.096,16,STA,WIFI_DROP,
10.096,18,STA,WIFI_DROP,
10.0984,6,STA,WIFI_DROP,
10.0984,10,STA,WIFI_DROP,
10.0984,16,STA,WIFI_DROP,
10.0984,18,STA,WIFI_DROP,
10.1008,6,STA,WIFI_DROP,
10.1008,10,STA,WIFI_DROP,
10.1008,16,STA,WIFI_DROP,
10.1008,18,STA,WIFI_DROP,
10.1032,6,STA,WIFI_DROP,
10.1032,10,STA,WIFI_DROP,
10.1032,16,STA,WIFI_DROP,
10.1032,18,STA,WIFI_DROP,
10.1056,6,STA,WIFI_DROP,
10.1056,10,STA,WIFI_DROP,
10.1056,16,STA,WIFI_DROP,
10.1056,18,STA,WIFI_DROP,
10.108,6,STA,WIFI_DROP,
10.108,10,STA,WIFI_DROP,
10.108,16,STA,WIFI_DROP,
10.108,18,STA,WIFI_DROP,
10.1104,6,STA,WIFI_DROP,
10.1104,10,STA,WIFI_DROP,
10.1104,16,STA,WIFI_DROP,
10.1104,18,STA,WIFI_DROP,
10.1128,6,STA,WIFI_DROP,
10.1128,10,STA,WIFI_DROP,
10.1128,16,STA,WIFI_DROP,
10.1128,18,STA,WIFI_DROP,
10.1152,6,STA,WIFI_DROP,
10.1152,10,STA,WIFI_DROP,
10.1152,16,STA,WIFI_DROP,
10.1152,18,STA,WIFI_DROP,
10.1176,6,STA,WIFI_DROP,
10.1176,10,STA,WIFI_DROP,
10.1176,16,STA,WIFI_DROP,
10.1176,18,STA,WIFI_DROP,
10.12,6,STA,WIFI_DROP,
10.12,10,STA,WIFI_DROP,
10.12,16,STA,WIFI_DROP,
10.12,18,STA,WIFI_DROP,
10.1224,6,STA,WIFI_DROP,
10.1224,10,STA,WIFI_DROP,
10.1224,16,STA,WIFI_DROP,
10.1224,18,STA,WIFI_DROP,
10.1248,6,STA,WIFI_DROP,
10.1248,10,STA,WIFI_DROP,
10.1248,16,STA,WIFI_DROP,
10.1248,18,STA,WIFI_DROP,
10.1272,6,STA,WIFI_DROP,
10.1272,10,STA,WIFI_DROP,
10.1272,16,STA,WIFI_DROP,
10.1272,18,STA,WIFI_DROP,
10.1296,6,STA,WIFI_DROP,
10.1296,10,STA,WIFI_DROP,
10.1296,16,STA,WIFI_DROP,
10.1296,18,STA,WIFI_DROP,
10.132,6,STA,WIFI_DROP,
10.132,10,STA,WIFI_DROP,
10.132,16,STA,WIFI_DROP,
10.132,18,STA,WIFI_DROP,
10.1344,6,STA,WIFI_DROP,
10.1344,10,STA,WIFI_DROP,
10.1344,16,STA,WIFI_DROP,
10.1344,18,STA,WIFI_DROP,
10.1368,6,STA,WIFI_DROP,
10.1368,10,STA,WIFI_DROP,
10.1368,16,STA,WIFI_DROP,
10.1368,18,STA,WIFI_DROP,
10.1392,6,STA,WIFI_DROP,
10.1392,10,STA,WIFI_DROP,
10.1392,16,STA,WIFI_DROP,
10.1392,18,STA,WIFI_DROP,
10.1416,6,STA,WIFI_DROP,
10.1416,10,STA,WIFI_DROP,
10.1416,16,STA,WIFI_DROP,
10.1416,18,STA,WIFI_DROP,
10.144,6,STA,WIFI_DROP,
10.144,10,STA,WIFI_DROP,
10.144,16,STA,WIFI_DROP,
10.144,18,STA,WIFI_DROP,
10.1464,6,STA,WIFI_DROP,
10.1464,10,STA,WIFI_DROP,
10.1464,16,STA,WIFI_DROP,
10.1464,18,STA,WIFI_DROP,
10.1488,6,STA,WIFI_DROP,
10.1488,10,STA,WIFI_DROP,
10.1488,16,STA,WIFI_DROP,
10.1488,18,STA,WIFI_DROP,
10.1512,6,STA,WIFI_DROP,
10.1512,10,STA,WIFI_DROP,
10.1512,16,STA,WIFI_DROP,
10.1512,18,STA,WIFI_DROP,
10.1536,6,STA,WIFI_DROP,
10.1536,10,STA,WIFI_DROP,
10.1536,16,STA,WIFI_DROP,
10.1536,18,STA,WIFI_DROP,
10.156,6,STA,WIFI_DROP,
10.156,10,STA,WIFI_DROP,
10.156,16,STA,WIFI_DROP,
10.156,18,STA,WIFI_DROP,
10.1584,6,STA,WIFI_DROP,
10.1584,10,STA,WIFI_DROP,
10.1584,16,STA,WIFI_DROP,
10.1584,18,STA,WIFI_DROP,
10.1608,6,STA,WIFI_DROP,
10.1608,10,STA,WIFI_DROP,
10.1608,16,STA,WIFI_DROP,
10.1608,18,STA,WIFI_DROP,
10.1632,6,STA,WIFI_DROP,
10.1632,10,STA,WIFI_DROP,
10.1632,16,STA,WIFI_DROP,
10.1632,18,STA,WIFI_DROP,
10.1656,6,STA,WIFI_DROP,
10.1656,10,STA,WIFI_DROP,
10.1656,16,STA,WIFI_DROP,
10.1656,18,STA,WIFI_DROP,
10.168,6,STA,WIFI_DROP,
10.168,10,STA,WIFI_DROP,
10.168,16,STA,WIFI_DROP,
10.168,18,STA,WIFI_DROP,
10.1704,6,STA,WIFI_DROP,
10.1704,10,STA,WIFI_DROP,
10.1704,16,STA,WIFI_DROP,
10.1704,18,STA,WIFI_DROP,
10.1728,6,STA,WIFI_DROP,
10.1728,10,STA,WIFI_DROP,
10.1728,16,STA,WIFI_DROP,
10.1728,18,STA,WIFI_DROP,
10.1752,6,STA,WIFI_DROP,
10.1752,10,STA,WIFI_DROP,
10.1752,16,STA,WIFI_DROP,
10.1752,18,STA,WIFI_DROP,
10.1776,6,STA,WIFI_DROP,
10.1776,10,STA,WIFI_DROP,
10.1776,16,STA,WIFI_DROP,
10.1776,18,STA,WIFI_DROP,
10.18,6,STA,WIFI_DROP,
10.18,10,STA,WIFI_DROP,
10.18,16,STA,WIFI_DROP,
10.18,18,STA,WIFI_DROP,
10.1824,6,STA,WIFI_DROP,
10.1824,10,STA,WIFI_DROP,
10.1824,16,STA,WIFI_DROP,
10.1824,18,STA,WIFI_DROP,
10.1848,6,STA,WIFI_DROP,
10.1848,10,STA,WIFI_DROP,
10.1848,16,STA,WIFI_DROP,
10.1848,18,STA,WIFI_DROP,
10.1872,6,STA,WIFI_DROP,
10.1872,10,STA,WIFI_DROP,
10.1872,16,STA,WIFI_DROP,
10.1872,18,STA,WIFI_DROP,
10.1896,6,STA,WIFI_DROP,
10.1896,10,STA,WIFI_DROP,
10.1896,16,STA,WIFI_DROP,
10.1896,18,STA,WIFI_DROP,
10.192,6,STA,WIFI_DROP,
10.192,10,STA,WIFI_DROP,
10.192,16,STA,WIFI_DROP,
10.192,18,STA,WIFI_DROP,
10.1944,6,STA,WIFI_DROP,
10.1944,10,STA,WIFI_DROP,
10.1944,16,STA,WIFI_DROP,
10.1944,18,STA,WIFI_DROP,
10.1968,6,STA,WIFI_DROP,
10.1968,10,STA,WIFI_DROP,
10.1968,16,STA,WIFI_DROP,
10.1968,18,STA,WIFI_DROP,
10.1992,6,STA,WIFI_DROP,
10.1992,10,STA,WIFI_DROP,
10.1992,16,STA,WIFI_DROP,
10.1992,18,STA,WIFI_DROP,
10.2016,6,STA,WIFI_DROP,
10.2016,10,STA,WIFI_DROP,
10.2016,16,STA,WIFI_DROP,
10.2016,18,STA,WIFI_DROP,
10.204,6,STA,WIFI_DROP,
10.204,10,STA,WIFI_DROP,
10.204,16,STA,WIFI_DROP,
10.204,18,STA,WIFI_DROP,
10.2064,10,STA,WIFI_DROP,
10.2064,16,STA,WIFI_DROP,
10.2064,18,STA,WIFI_DROP,
10.2088,10,STA,WIFI_DROP,
10.2088,16,STA,WIFI_DROP,
10.2088,18,STA,WIFI_DROP,
10.2112,10,STA,WIFI_DROP,
10.2112,16,STA,WIFI_DROP,
10.2112,18,STA,WIFI_DROP,
10.2136,10,STA,WIFI_DROP,
10.2136,16,STA,WIFI_DROP,
10.2136,18,STA,WIFI_DROP,
10.216,10,STA,WIFI_DROP,
10.216,16,STA,WIFI_DROP,
10.216,18,STA,WIFI_DROP,
10.2184,10,STA,WIFI_DROP,
10.2184,16,STA,WIFI_DROP,
10.2184,18,STA,WIFI_DROP,
10.2208,10,STA,WIFI_DROP,
10.2208,16,STA,WIFI_DROP,
10.2208,18,STA,WIFI_DROP,
10.2232,10,STA,WIFI_DROP,
10.2232,16,STA,WIFI_DROP,
10.2232,18,STA,WIFI_DROP,
10.2256,10,STA,WIFI_DROP,
10.2256,16,STA,WIFI_DROP,
10.2256,18,STA,WIFI_DROP,
10.228,10,STA,WIFI_DROP,
10.228,16,STA,WIFI_DROP,
10.228,18,STA,WIFI_DROP,
10.2304,10,STA,WIFI_DROP,
10.2304,16,STA,WIFI_DROP,
10.2304,18,STA,WIFI_DROP,
10.2328,10,STA,WIFI_DROP,
10.2328,16,STA,WIFI_DROP,
10.2328,18,STA,WIFI_DROP,
10.2352,10,STA,WIFI_DROP,
10.2352,16,STA,WIFI_DROP,
10.2352,18,STA,WIFI_DROP,
10.2376,10,STA,WIFI_DROP,
10.2376,16,STA,WIFI_DROP,
10.2376,18,STA,WIFI_DROP,
10.24,10,STA,WIFI_DROP,
10.24,16,STA,WIFI_DROP,
10.24,18,STA,WIFI_DROP,
10.2424,10,STA,WIFI_DROP,
10.2424,16,STA,WIFI_DROP,
10.2424,18,STA,WIFI_DROP,
10.2448,10,STA,WIFI_DROP,
10.2448,16,STA,WIFI_DROP,
10.2448,18,STA,WIFI_DROP,
10.2472,10,STA,WIFI_DROP,
10.2472,16,STA,WIFI_DROP,
10.2472,18,STA,WIFI_DROP,
10.2496,10,STA,WIFI_DROP,
10.2496,16,STA,WIFI_DROP,
10.2496,18,STA,WIFI_DROP,
10.252,10,STA,WIFI_DROP,
10.252,16,STA,WIFI_DROP,
10.252,18,STA,WIFI_DROP,
10.2544,10,STA,WIFI_DROP,
10.2544,16,STA,WIFI_DROP,
10.2544,18,STA,WIFI_DROP,
10.2568,10,STA,WIFI_DROP,
10.2568,16,STA,WIFI_DROP,
10.2568,18,STA,WIFI_DROP,
10.2592,10,STA,WIFI_DROP,
10.2592,16,STA,WIFI_DROP,
10.2592,18,STA,WIFI_DROP,
10.2616,10,STA,WIFI_DROP,
10.2616,16,STA,WIFI_DROP,
10.2616,18,STA,WIFI_DROP,
10.264,10,STA,WIFI_DROP,
10.264,16,STA,WIFI_DROP,
10.264,18,STA,WIFI_DROP,
10.2664,10,STA,WIFI_DROP,
10.2664,16,STA,WIFI_DROP,
10.2664,18,STA,WIFI_DROP,
10.2688,10,STA,WIFI_DROP,
10.2688,16,STA,WIFI_DROP,
10.2688,18,STA,WIFI_DROP,
10.2712,10,STA,WIFI_DROP,
10.2712,16,STA,WIFI_DROP,
10.2712,18,STA,WIFI_DROP,
10.2736,10,STA,WIFI_DROP,
10.2736,16,STA,WIFI_DROP,
10.2736,18,STA,WIFI_DROP,
10.276,10,STA,WIFI_DROP,
10.276,16,STA,WIFI_DROP,
10.276,18,STA,WIFI_DROP,
10.2784,10,STA,WIFI_DROP,
10.2784,16,STA,WIFI_DROP,
10.2784,18,STA,WIFI_DROP,
10.2808,10,STA,WIFI_DROP,
10.2808,16,STA,WIFI_DROP,
10.2808,18,STA,WIFI_DROP,
10.2832,10,STA,WIFI_DROP,
10.2832,16,STA,WIFI_DROP,
10.2832,18,STA,WIFI_DROP,
10.2856,10,STA,WIFI_DROP,
10.2856,16,STA,WIFI_DROP,
10.2856,18,STA,WIFI_DROP,
10.288,10,STA,WIFI_DROP,
10.288,16,STA,WIFI_DROP,
10.288,18,STA,WIFI_DROP,
10.2904,10,STA,WIFI_DROP,
10.2904,16,STA,WIFI_DROP,
10.2904,18,STA,WIFI_DROP,
10.2928,10,STA,WIFI_DROP,
10.2928,16,STA,WIFI_DROP,
10.2928,18,STA,WIFI_DROP,
10.2952,10,STA,WIFI_DROP,
10.2952,16,STA,WIFI_DROP,
10.2952,18,STA,WIFI_DROP,
10.2976,10,STA,WIFI_DROP,
10.2976,16,STA,WIFI_DROP,
10.2976,18,STA,WIFI_DROP,
10.3,10,STA,WIFI_DROP,
10.3,16,STA,WIFI_DROP,
10.3,18,STA,WIFI_DROP,
10.3024,10,STA,WIFI_DROP,
10.3024,16,STA,WIFI_DROP,
10.3024,18,STA,WIFI_DROP,
10.3048,10,STA,WIFI_DROP,
10.3048,16,STA,WIFI_DROP,
10.3048,18,STA,WIFI_DROP,
10.3072,10,STA,WIFI_DROP,
10.3072,16,STA,WIFI_DROP,
10.3072,18,STA,WIFI_DROP,
10.3096,10,STA,WIFI_DROP,
10.3096,16,STA,WIFI_DROP,
10.3096,18,STA,WIFI_DROP,
10.312,10,STA,WIFI_DROP,
10.312,16,STA,WIFI_DROP,
10.312,18,STA,WIFI_DROP,
10.3144,10,STA,WIFI_DROP,
10.3144,16,STA,WIFI_DROP,
10.3144,18,STA,WIFI_DROP,
10.3168,10,STA,WIFI_DROP,
10.3168,16,STA,WIFI_DROP,
10.3168,18,STA,WIFI_DROP,
10.3192,10,STA,WIFI_DROP,
10.3192,16,STA,WIFI_DROP,
10.3192,18,STA,WIFI_DROP,
10.3216,10,STA,WIFI_DROP,
10.3216,16,STA,WIFI_DROP,
10.3216,18,STA,WIFI_DROP,
10.324,10,STA,WIFI_DROP,
10.324,16,STA,WIFI_DROP,
10.324,18,STA,WIFI_DROP,
10.3264,10,STA,WIFI_DROP,
10.3264,16,STA,WIFI_DROP,
10.3264,18,STA,WIFI_DROP,
10.3288,10,STA,WIFI_DROP,
10.3288,16,STA,WIFI_DROP,
10.3288,18,STA,WIFI_DROP,
10.3312,10,STA,WIFI_DROP,
10.3312,16,STA,WIFI_DROP,
10.3312,18,STA,WIFI_DROP,
10.3336,10,STA,WIFI_DROP,
10.3336,16,STA,WIFI_DROP,
10.3336,18,STA,WIFI_DROP,
10.336,10,STA,WIFI_DROP,
10.336,16,STA,WIFI_DROP,
10.336,18,STA,WIFI_DROP,
10.3384,10,STA,WIFI_DROP,
10.3384,16,STA,WIFI_DROP,
10.3384,18,STA,WIFI_DROP,
10.3408,10,STA,WIFI_DROP,
10.3408,16,STA,WIFI_DROP,
10.3408,18,STA,WIFI_DROP,
10.3432,10,STA,WIFI_DROP,
10.3432,16,STA,WIFI_DROP,
10.3432,18,STA,WIFI_DROP,
10.3456,10,STA,WIFI_DROP,
10.3456,16,STA,WIFI_DROP,
10.3456,18,STA,WIFI_DROP,
10.348,10,STA,WIFI_DROP,
10.348,16,STA,WIFI_DROP,
10.348,18,STA,WIFI_DROP,
10.3504,10,STA,WIFI_DROP,
10.3504,16,STA,WIFI_DROP,
10.3504,18,STA,WIFI_DROP,
10.3528,10,STA,WIFI_DROP,
10.3528,16,STA,WIFI_DROP,
10.3528,18,STA,WIFI_DROP,
10.3552,10,STA,WIFI_DROP,
10.3552,16,STA,WIFI_DROP,
10.3552,18,STA,WIFI_DROP,
10.3576,10,STA,WIFI_DROP,
10.3576,16,STA,WIFI_DROP,
10.3576,18,STA,WIFI_DROP,
10.36,10,STA,WIFI_DROP,
10.36,16,STA,WIFI_DROP,
10.36,18,STA,WIFI_DROP,
10.3624,10,STA,WIFI_DROP,
10.3624,16,STA,WIFI_DROP,
10.3624,18,STA,WIFI_DROP,
10.3648,10,STA,WIFI_DROP,
10.3648,16,STA,WIFI_DROP,
10.3648,18,STA,WIFI_DROP,
10.3672,10,STA,WIFI_DROP,
10.3672,16,STA,WIFI_DROP,
10.3672,18,STA,WIFI_DROP,
10.3696,10,STA,WIFI_DROP,
10.3696,16,STA,WIFI_DROP,
10.372,10,STA,WIFI_DROP,
10.372,16,STA,WIFI_DROP,
10.3744,10,STA,WIFI_DROP,
10.3768,10,STA,WIFI_DROP,
10.3792,10,STA,WIFI_DROP,
10.3816,10,STA,WIFI_DROP,
10.384,10,STA,WIFI_DROP,
10.3864,10,STA,WIFI_DROP,
10.3888,10,STA,WIFI_DROP,
10.3912,10,STA,WIFI_DROP,
10.3936,10,STA,WIFI_DROP,
10.396,10,STA,WIFI_DROP,
10.3984,10,STA,WIFI_DROP,
10.4008,10,STA,WIFI_DROP,
10.4032,10,STA,WIFI_DROP,
10.4056,10,STA,WIFI_DROP,
10.408,10,STA,WIFI_DROP,
10.4104,10,STA,WIFI_DROP,
10.4128,10,STA,WIFI_DROP,
10.4152,10,STA,WIFI_DROP,
10.4176,10,STA,WIFI_DROP,
10.42,10,STA,WIFI_DROP,
10.4224,10,STA,WIFI_DROP,
10.4248,10,STA,WIFI_DROP,
10.4272,10,STA,WIFI_DROP,
10.4296,10,STA,WIFI_DROP,
10.432,10,STA,WIFI_DROP,
10.4344,10,STA,WIFI_DROP,
10.4368,10,STA,WIFI_DROP,
10.4392,10,STA,WIFI_DROP,
10.4416,10,STA,WIFI_DROP,
10.444,10,STA,WIFI_DROP,
10.4464,10,STA,WIFI_DROP,
10.4488,10,STA,WIFI_DROP,
10.4512,10,STA,WIFI_DROP,
10.4536,10,STA,WIFI_DROP,
10.456,10,STA,WIFI_DROP,
10.4584,10,STA,WIFI_DROP,
10.4608,10,STA,WIFI_DROP,
10.4632,10,STA,WIFI_DROP,
10.4656,10,STA,WIFI_DROP,
10.468,10,STA,WIFI_DROP,
10.4704,10,STA,WIFI_DROP,
10.4728,10,STA,WIFI_DROP,
10.4752,10,STA,WIFI_DROP,
10.4776,10,STA,WIFI_DROP,
10.48,10,STA,WIFI_DROP,
10.4824,10,STA,WIFI_DROP,
10.4848,10,STA,WIFI_DROP,
10.4872,10,STA,WIFI_DROP,
10.4896,10,STA,WIFI_DROP,
10.492,10,STA,WIFI_DROP,
10.4944,10,STA,WIFI_DROP,
10.4968,10,STA,WIFI_DROP,
10.4992,10,STA,WIFI_DROP,
10.5016,10,STA,WIFI_DROP,
10.504,10,STA,WIFI_DROP,
10.5064,10,STA,WIFI_DROP,
10.5088,10,STA,WIFI_DROP,
10.5112,10,STA,WIFI_DROP,
10.5136,10,STA,WIFI_DROP,
10.516,10,STA,WIFI_DROP,
10.5184,10,STA,WIFI_DROP,
10.5208,10,STA,WIFI_DROP,
10.5232,10,STA,WIFI_DROP,
10.5256,10,STA,WIFI_DROP,
10.528,10,STA,WIFI_DROP,
10.5304,10,STA,WIFI_DROP,
10.5328,10,STA,WIFI_DROP,
10.5352,10,STA,WIFI_DROP,
10.5376,10,STA,WIFI_DROP,
10.54,10,STA,WIFI_DROP,
10.5424,10,STA,WIFI_DROP,
10.5448,10,STA,WIFI_DROP,
10.5472,10,STA,WIFI_DROP,
10.5496,10,STA,WIFI_DROP,
10.552,10,STA,WIFI_DROP,
10.5544,10,STA,WIFI_DROP,
10.5568,10,STA,WIFI_DROP,
10.5592,10,STA,WIFI_DROP,
10.5616,10,STA,WIFI_DROP,
10.564,10,STA,WIFI_DROP,
10.5664,10,STA,WIFI_DROP,
10.5688,10,STA,WIFI_DROP,
10.5712,10,STA,WIFI_DROP,
10.5736,10,STA,WIFI_DROP,
10.576,10,STA,WIFI_DROP,
10.5784,10,STA,WIFI_DROP,
10.5808,10,STA,WIFI_DROP,
10.5832,10,STA,WIFI_DROP,
10.5856,10,STA,WIFI_DROP,
10.588,10,STA,WIFI_DROP,
10.5904,10,STA,WIFI_DROP,
10.5928,10,STA,WIFI_DROP,
10.5952,10,STA,WIFI_DROP,
10.5976,10,STA,WIFI_DROP,
10.6,10,STA,WIFI_DROP,
10.6024,10,STA,WIFI_DROP,
10.6048,10,STA,WIFI_DROP,
10.6072,10,STA,WIFI_DROP,
10.6096,10,STA,WIFI_DROP,
10.612,10,STA,WIFI_DROP,
10.6144,10,STA,WIFI_DROP,
10.6168,10,STA,WIFI_DROP,
10.6192,10,STA,WIFI_DROP,
10.6216,10,STA,WIFI_DROP,
10.624,10,STA,WIFI_DROP,
10.6264,10,STA,WIFI_DROP,
10.6288,10,STA,WIFI_DROP,
10.6288,17,STA,WIFI_DROP,
10.6288,19,STA,WIFI_DROP,
10.6312,10,STA,WIFI_DROP,
10.6312,17,STA,WIFI_DROP,
10.6312,19,STA,WIFI_DROP,
10.6336,10,STA,WIFI_DROP,
10.6336,17,STA,WIFI_DROP,
10.6336,19,STA,WIFI_DROP,
10.636,10,STA,WIFI_DROP,
10.636,17,STA,WIFI_DROP,
10.636,19,STA,WIFI_DROP,
10.6384,10,STA,WIFI_DROP,
10.6384,17,STA,WIFI_DROP,
10.6384,19,STA,WIFI_DROP,
10.6408,10,STA,WIFI_DROP,
10.6408,17,STA,WIFI_DROP,
10.6408,19,STA,WIFI_DROP,
10.6432,10,STA,WIFI_DROP,
10.6432,17,STA,WIFI_DROP,
10.6432,19,STA,WIFI_DROP,
10.6456,10,STA,WIFI_DROP,
10.6456,17,STA,WIFI_DROP,
10.6456,19,STA,WIFI_DROP,
10.648,10,STA,WIFI_DROP,
10.648,17,STA,WIFI_DROP,
10.648,19,STA,WIFI_DROP,
10.6504,10,STA,WIFI_DROP,
10.6504,17,STA,WIFI_DROP,
10.6504,19,STA,WIFI_DROP,
10.6528,10,STA,WIFI_DROP,
10.6528,17,STA,WIFI_DROP,
10.6528,19,STA,WIFI_DROP,
10.6552,10,STA,WIFI_DROP,
10.6552,17,STA,WIFI_DROP,
10.6552,19,STA,WIFI_DROP,
10.6576,10,STA,WIFI_DROP,
10.6576,17,STA,WIFI_DROP,
10.6576,19,STA,WIFI_DROP,
10.66,10,STA,WIFI_DROP,
10.66,17,STA,WIFI_DROP,
10.66,19,STA,WIFI_DROP,
10.6624,10,STA,WIFI_DROP,
10.6624,17,STA,WIFI_DROP,
10.6624,19,STA,WIFI_DROP,
10.6648,10,STA,WIFI_DROP,
10.6648,17,STA,WIFI_DROP,
10.6648,19,STA,WIFI_DROP,
10.6672,10,STA,WIFI_DROP,
10.6672,17,STA,WIFI_DROP,
10.6672,19,STA,WIFI_DROP,
10.6696,10,STA,WIFI_DROP,
10.6696,17,STA,WIFI_DROP,
10.6696,19,STA,WIFI_DROP,
10.672,10,STA,WIFI_DROP,
10.672,17,STA,WIFI_DROP,
10.672,19,STA,WIFI_DROP,
10.6744,10,STA,WIFI_DROP,
10.6744,17,STA,WIFI_DROP,
10.6744,19,STA,WIFI_DROP,
10.6768,10,STA,WIFI_DROP,
10.6768,17,STA,WIFI_DROP,
10.6768,19,STA,WIFI_DROP,
10.6792,10,STA,WIFI_DROP,
10.6792,17,STA,WIFI_DROP,
10.6792,19,STA,WIFI_DROP,
10.6816,10,STA,WIFI_DROP,
10.6816,17,STA,WIFI_DROP,
10.6816,19,STA,WIFI_DROP,
10.684,10,STA,WIFI_DROP,
10.684,17,STA,WIFI_DROP,
10.684,19,STA,WIFI_DROP,
10.6864,10,STA,WIFI_DROP,
10.6864,17,STA,WIFI_DROP,
10.6864,19,STA,WIFI_DROP,
10.6888,10,STA,WIFI_DROP,
10.6888,17,STA,WIFI_DROP,
10.6888,19,STA,WIFI_DROP,
10.6912,10,STA,WIFI_DROP,
10.6912,17,STA,WIFI_DROP,
10.6912,19,STA,WIFI_DROP,
10.6936,10,STA,WIFI_DROP,
10.6936,17,STA,WIFI_DROP,
10.6936,19,STA,WIFI_DROP,
10.696,10,STA,WIFI_DROP,
10.696,17,STA,WIFI_DROP,
10.696,19,STA,WIFI_DROP,
10.6984,17,STA,WIFI_DROP,
10.6984,19,STA,WIFI_DROP,
10.7008,17,STA,WIFI_DROP,
10.7008,19,STA,WIFI_DROP,
10.7032,17,STA,WIFI_DROP,
10.7032,19,STA,WIFI_DROP,
10.7056,17,STA,WIFI_DROP,
10.7056,19,STA,WIFI_DROP,
10.708,17,STA,WIFI_DROP,
10.708,19,STA,WIFI_DROP,
10.7104,17,STA,WIFI_DROP,
10.7104,19,STA,WIFI_DROP,
10.7128,17,STA,WIFI_DROP,
10.7128,19,STA,WIFI_DROP,
10.7152,17,STA,WIFI_DROP,
10.7152,19,STA,WIFI_DROP,
10.7176,17,STA,WIFI_DROP,
10.7176,19,STA,WIFI_DROP,
10.72,17,STA,WIFI_DROP,
10.72,19,STA,WIFI_DROP,
10.7224,10,STA,WIFI_DROP,
10.7224,17,STA,WIFI_DROP,
10.7224,19,STA,WIFI_DROP,
10.7248,10,STA,WIFI_DROP,
10.7248,17,STA,WIFI_DROP,
10.7248,19,STA,WIFI_DROP,
10.7272,6,STA,WIFI_DROP,
10.7272,10,STA,WIFI_DROP,
10.7272,17,STA,WIFI_DROP,
10.7272,19,STA,WIFI_DROP,
10.7296,6,STA,WIFI_DROP,
10.7296,10,STA,WIFI_DROP,
10.7296,19,STA,WIFI_DROP,
10.732,6,STA,WIFI_DROP,
10.732,10,STA,WIFI_DROP,
10.732,12,STA,WIFI_DROP,
10.732,19,STA,WIFI_DROP,
10.7344,6,STA,WIFI_DROP,
10.7344,10,STA,WIFI_DROP,
10.7344,12,STA,WIFI_DROP,
10.7344,19,STA,WIFI_DROP,
10.7368,6,STA,WIFI_DROP,
10.7368,10,STA,WIFI_DROP,
10.7368,12,STA,WIFI_DROP,
10.7368,19,STA,WIFI_DROP,
10.7392,6,STA,WIFI_DROP,
10.7392,10,STA,WIFI_DROP,
10.7392,12,STA,WIFI_DROP,
10.7392,19,STA,WIFI_DROP,
10.7416,6,STA,WIFI_DROP,
10.7416,10,STA,WIFI_DROP,
10.7416,12,STA,WIFI_DROP,
10.7416,19,STA,WIFI_DROP,
10.744,6,STA,WIFI_DROP,
10.744,10,STA,WIFI_DROP,
10.744,12,STA,WIFI_DROP,
10.744,19,STA,WIFI_DROP,
10.7464,6,STA,WIFI_DROP,
10.7464,10,STA,WIFI_DROP,
10.7464,12,STA,WIFI_DROP,
10.7464,19,STA,WIFI_DROP,
10.7488,6,STA,WIFI_DROP,
10.7488,10,STA,WIFI_DROP,
10.7488,12,STA,WIFI_DROP,
10.7488,19,STA,WIFI_DROP,
10.7512,6,STA,WIFI_DROP,
10.7512,10,STA,WIFI_DROP,
10.7512,12,STA,WIFI_DROP,
10.7512,19,STA,WIFI_DROP,
10.7536,6,STA,WIFI_DROP,
10.7536,10,STA,WIFI_DROP,
10.7536,12,STA,WIFI_DROP,
10.7536,19,STA,WIFI_DROP,
10.756,6,STA,WIFI_DROP,
10.756,10,STA,WIFI_DROP,
10.756,12,STA,WIFI_DROP,
10.756,19,STA,WIFI_DROP,
10.7584,6,STA,WIFI_DROP,
10.7584,10,STA,WIFI_DROP,
10.7584,12,STA,WIFI_DROP,
10.7584,19,STA,WIFI_DROP,
10.7608,6,STA,WIFI_DROP,
10.7608,10,STA,WIFI_DROP,
10.7608,12,STA,WIFI_DROP,
10.7608,19,STA,WIFI_DROP,
10.7632,6,STA,WIFI_DROP,
10.7632,10,STA,WIFI_DROP,
10.7632,12,STA,WIFI_DROP,
10.7632,19,STA,WIFI_DROP,
10.7656,6,STA,WIFI_DROP,
10.7656,10,STA,WIFI_DROP,
10.7656,12,STA,WIFI_DROP,
10.7656,19,STA,WIFI_DROP,
10.768,6,STA,WIFI_DROP,
10.768,10,STA,WIFI_DROP,
10.768,12,STA,WIFI_DROP,
10.768,19,STA,WIFI_DROP,
10.7704,6,STA,WIFI_DROP,
10.7704,10,STA,WIFI_DROP,
10.7704,12,STA,WIFI_DROP,
10.7704,19,STA,WIFI_DROP,
10.7728,6,STA,WIFI_DROP,
10.7728,10,STA,WIFI_DROP,
10.7728,12,STA,WIFI_DROP,
10.7728,19,STA,WIFI_DROP,
10.7752,6,STA,WIFI_DROP,
10.7752,10,STA,WIFI_DROP,
10.7752,12,STA,WIFI_DROP,
10.7752,19,STA,WIFI_DROP,
10.7776,6,STA,WIFI_DROP,
10.7776,10,STA,WIFI_DROP,
10.7776,12,STA,WIFI_DROP,
10.7776,19,STA,WIFI_DROP,
10.78,6,STA,WIFI_DROP,
10.78,10,STA,WIFI_DROP,
10.78,12,STA,WIFI_DROP,
10.78,19,STA,WIFI_DROP,
10.7824,6,STA,WIFI_DROP,
10.7824,10,STA,WIFI_DROP,
10.7824,12,STA,WIFI_DROP,
10.7824,19,STA,WIFI_DROP,
10.7848,6,STA,WIFI_DROP,
10.7848,10,STA,WIFI_DROP,
10.7848,19,STA,WIFI_DROP,
10.7872,6,STA,WIFI_DROP,
10.7872,10,STA,WIFI_DROP,
10.7872,19,STA,WIFI_DROP,
10.7896,6,STA,WIFI_DROP,
10.7896,10,STA,WIFI_DROP,
10.7896,19,STA,WIFI_DROP,
10.792,6,STA,WIFI_DROP,
10.792,10,STA,WIFI_DROP,
10.792,19,STA,WIFI_DROP,
10.7944,6,STA,WIFI_DROP,
10.7944,10,STA,WIFI_DROP,
10.7944,19,STA,WIFI_DROP,
10.7968,6,STA,WIFI_DROP,
10.7968,10,STA,WIFI_DROP,
10.7968,19,STA,WIFI_DROP,
10.7992,6,STA,WIFI_DROP,
10.7992,10,STA,WIFI_DROP,
10.7992,19,STA,WIFI_DROP,
10.8016,6,STA,WIFI_DROP,
10.8016,10,STA,WIFI_DROP,
10.8016,19,STA,WIFI_DROP,
10.804,6,STA,WIFI_DROP,
10.804,10,STA,WIFI_DROP,
10.804,19,STA,WIFI_DROP,
10.8064,6,STA,WIFI_DROP,
10.8064,10,STA,WIFI_DROP,
10.8064,19,STA,WIFI_DROP,
10.8088,6,STA,WIFI_DROP,
10.8088,10,STA,WIFI_DROP,
10.8088,19,STA,WIFI_DROP,
10.8112,6,STA,WIFI_DROP,
10.8112,10,STA,WIFI_DROP,
10.8112,19,STA,WIFI_DROP,
10.8136,6,STA,WIFI_DROP,
10.8136,10,STA,WIFI_DROP,
10.8136,19,STA,WIFI_DROP,
10.816,6,STA,WIFI_DROP,
10.816,10,STA,WIFI_DROP,
10.816,19,STA,WIFI_DROP,
10.8184,6,STA,WIFI_DROP,
10.8184,10,STA,WIFI_DROP,
10.8184,19,STA,WIFI_DROP,
10.8208,6,STA,WIFI_DROP,
10.8208,10,STA,WIFI_DROP,
10.8208,19,STA,WIFI_DROP,
10.8232,6,STA,WIFI_DROP,
10.8232,10,STA,WIFI_DROP,
10.8232,19,STA,WIFI_DROP,
10.8256,6,STA,WIFI_DROP,
10.8256,10,STA,WIFI_DROP,
10.8256,19,STA,WIFI_DROP,
10.828,6,STA,WIFI_DROP,
10.828,10,STA,WIFI_DROP,
10.828,19,STA,WIFI_DROP,
10.8304,6,STA,WIFI_DROP,
10.8304,10,STA,WIFI_DROP,
10.8304,19,STA,WIFI_DROP,
10.8328,6,STA,WIFI_DROP,
10.8328,10,STA,WIFI_DROP,
10.8328,19,STA,WIFI_DROP,
10.8352,6,STA,WIFI_DROP,
10.8352,10,STA,WIFI_DROP,
10.8352,19,STA,WIFI_DROP,
10.8376,6,STA,WIFI_DROP,
10.8376,10,STA,WIFI_DROP,
10.8376,19,STA,WIFI_DROP,
10.84,6,STA,WIFI_DROP,
10.84,10,STA,WIFI_DROP,
10.84,19,STA,WIFI_DROP,
10.8424,6,STA,WIFI_DROP,
10.8424,10,STA,WIFI_DROP,
10.8424,19,STA,WIFI_DROP,
10.8448,6,STA,WIFI_DROP,
10.8448,10,STA,WIFI_DROP,
10.8448,19,STA,WIFI_DROP,
10.8472,6,STA,WIFI_DROP,
10.8472,10,STA,WIFI_DROP,
10.8472,19,STA,WIFI_DROP,
10.8496,6,STA,WIFI_DROP,
10.8496,10,STA,WIFI_DROP,
10.8496,19,STA,WIFI_DROP,
10.852,6,STA,WIFI_DROP,
10.852,10,STA,WIFI_DROP,
10.852,19,STA,WIFI_DROP,
10.8544,6,STA,WIFI_DROP,
10.8544,10,STA,WIFI_DROP,
10.8544,19,STA,WIFI_DROP,
10.8568,6,STA,WIFI_DROP,
10.8568,10,STA,WIFI_DROP,
10.8568,19,STA,WIFI_DROP,
10.8592,6,STA,WIFI_DROP,
10.8592,10,STA,WIFI_DROP,
10.8592,19,STA,WIFI_DROP,
10.8616,6,STA,WIFI_DROP,
10.8616,10,STA,WIFI_DROP,
10.8616,19,STA,WIFI_DROP,
10.864,6,STA,WIFI_DROP,
10.864,10,STA,WIFI_DROP,
10.864,19,STA,WIFI_DROP,
10.8664,6,STA,WIFI_DROP,
10.8664,10,STA,WIFI_DROP,
10.8664,19,STA,WIFI_DROP,
10.8688,6,STA,WIFI_DROP,
10.8688,10,STA,WIFI_DROP,
10.8688,19,STA,WIFI_DROP,
10.8712,6,STA,WIFI_DROP,
10.8712,10,STA,WIFI_DROP,
10.8712,19,STA,WIFI_DROP,
10.8736,6,STA,WIFI_DROP,
10.8736,10,STA,WIFI_DROP,
10.8736,19,STA,WIFI_DROP,
10.876,6,STA,WIFI_DROP,
10.876,10,STA,WIFI_DROP,
10.876,19,STA,WIFI_DROP,
10.8784,6,STA,WIFI_DROP,
10.8784,10,STA,WIFI_DROP,
10.8784,19,STA,WIFI_DROP,
10.8808,6,STA,WIFI_DROP,
10.8808,10,STA,WIFI_DROP,
10.8808,19,STA,WIFI_DROP,
10.8832,6,STA,WIFI_DROP,
10.8832,10,STA,WIFI_DROP,
10.8832,19,STA,WIFI_DROP,
10.8856,6,STA,WIFI_DROP,
10.8856,10,STA,WIFI_DROP,
10.8856,19,STA,WIFI_DROP,
10.888,6,STA,WIFI_DROP,
10.888,10,STA,WIFI_DROP,
10.888,19,STA,WIFI_DROP,
10.8904,6,STA,WIFI_DROP,
10.8904,10,STA,WIFI_DROP,
10.8904,19,STA,WIFI_DROP,
10.8928,6,STA,WIFI_DROP,
10.8928,10,STA,WIFI_DROP,
10.8928,19,STA,WIFI_DROP,
10.8952,6,STA,WIFI_DROP,
10.8952,10,STA,WIFI_DROP,
10.8952,19,STA,WIFI_DROP,
10.8976,6,STA,WIFI_DROP,
10.8976,10,STA,WIFI_DROP,
10.8976,19,STA,WIFI_DROP,
10.9,6,STA,WIFI_DROP,
10.9,10,STA,WIFI_DROP,
10.9,19,STA,WIFI_DROP,
10.9024,6,STA,WIFI_DROP,
10.9024,10,STA,WIFI_DROP,
10.9024,19,STA,WIFI_DROP,
10.9048,6,STA,WIFI_DROP,
10.9048,10,STA,WIFI_DROP,
10.9048,19,STA,WIFI_DROP,
10.9072,6,STA,WIFI_DROP,
10.9072,10,STA,WIFI_DROP,
10.9072,19,STA,WIFI_DROP,
10.9096,6,STA,WIFI_DROP,
10.9096,10,STA,WIFI_DROP,
10.9096,19,STA,WIFI_DROP,
10.912,6,STA,WIFI_DROP,
10.912,10,STA,WIFI_DROP,
10.912,19,STA,WIFI_DROP,
10.9144,6,STA,WIFI_DROP,
10.9144,10,STA,WIFI_DROP,
10.9144,19,STA,WIFI_DROP,
10.9168,6,STA,WIFI_DROP,
10.9168,10,STA,WIFI_DROP,
10.9168,19,STA,WIFI_DROP,
10.9192,6,STA,WIFI_DROP,
10.9192,10,STA,WIFI_DROP,
10.9192,19,STA,WIFI_DROP,
10.9216,6,STA,WIFI_DROP,
10.9216,10,STA,WIFI_DROP,
10.9216,19,STA,WIFI_DROP,
10.924,6,STA,WIFI_DROP,
10.924,10,STA,WIFI_DROP,
10.924,19,STA,WIFI_DROP,
10.9264,6,STA,WIFI_DROP,
10.9264,10,STA,WIFI_DROP,
10.9264,19,STA,WIFI_DROP,
10.9288,6,STA,WIFI_DROP,
10.9288,10,STA,WIFI_DROP,
10.9288,19,STA,WIFI_DROP,
10.9312,6,STA,WIFI_DROP,
10.9312,10,STA,WIFI_DROP,
10.9312,19,STA,WIFI_DROP,
10.9336,6,STA,WIFI_DROP,
10.9336,10,STA,WIFI_DROP,
10.9336,19,STA,WIFI_DROP,
10.936,6,STA,WIFI_DROP,
10.936,10,STA,WIFI_DROP,
10.936,19,STA,WIFI_DROP,
10.9384,6,STA,WIFI_DROP,
10.9384,10,STA,WIFI_DROP,
10.9384,19,STA,WIFI_DROP,
10.9408,6,STA,WIFI_DROP,
10.9408,10,STA,WIFI_DROP,
10.9408,19,STA,WIFI_DROP,
10.9432,6,STA,WIFI_DROP,
10.9432,10,STA,WIFI_DROP,
10.9432,19,STA,WIFI_DROP,
10.9456,6,STA,WIFI_DROP,
10.9456,10,STA,WIFI_DROP,
10.9456,19,STA,WIFI_DROP,
10.948,6,STA,WIFI_DROP,
10.948,10,STA,WIFI_DROP,
10.948,19,STA,WIFI_DROP,
10.9504,6,STA,WIFI_DROP,
10.9504,10,STA,WIFI_DROP,
10.9504,19,STA,WIFI_DROP,
10.9528,6,STA,WIFI_DROP,
10.9528,10,STA,WIFI_DROP,
10.9528,19,STA,WIFI_DROP,
10.9552,6,STA,WIFI_DROP,
10.9552,10,STA,WIFI_DROP,
10.9552,19,STA,WIFI_DROP,
10.9576,6,STA,WIFI_DROP,
10.9576,10,STA,WIFI_DROP,
10.9576,19,STA,WIFI_DROP,
10.96,6,STA,WIFI_DROP,
10.96,10,STA,WIFI_DROP,
10.96,19,STA,WIFI_DROP,
10.9624,6,STA,WIFI_DROP,
10.9624,10,STA,WIFI_DROP,
10.9624,19,STA,WIFI_DROP,
10.9648,6,STA,WIFI_DROP,
10.9648,10,STA,WIFI_DROP,
10.9648,19,STA,WIFI_DROP,
10.9672,6,STA,WIFI_DROP,
10.9672,10,STA,WIFI_DROP,
10.9672,19,STA,WIFI_DROP,
10.9696,6,STA,WIFI_DROP,
10.9696,10,STA,WIFI_DROP,
10.9696,19,STA,WIFI_DROP,
10.972,6,STA,WIFI_DROP,
10.972,10,STA,WIFI_DROP,
10.972,19,STA,WIFI_DROP,
10.9744,6,STA,WIFI_DROP,
10.9744,10,STA,WIFI_DROP,
10.9744,19,STA,WIFI_DROP,
10.9768,6,STA,WIFI_DROP,
10.9768,10,STA,WIFI_DROP,
10.9768,19,STA,WIFI_DROP,
10.9792,6,STA,WIFI_DROP,
10.9792,10,STA,WIFI_DROP,
10.9792,19,STA,WIFI_DROP,
10.9816,6,STA,WIFI_DROP,
10.9816,10,STA,WIFI_DROP,
10.9816,19,STA,WIFI_DROP,
10.984,6,STA,WIFI_DROP,
10.984,10,STA,WIFI_DROP,
10.984,19,STA,WIFI_DROP,
10.9864,6,STA,WIFI_DROP,
10.9864,10,STA,WIFI_DROP,
10.9864,19,STA,WIFI_DROP,
10.9888,6,STA,WIFI_DROP,
10.9888,10,STA,WIFI_DROP,
10.9888,19,STA,WIFI_DROP,
10.9912,6,STA,WIFI_DROP,
10.9912,10,STA,WIFI_DROP,
10.9912,19,STA,WIFI_DROP,
10.9936,6,STA,WIFI_DROP,
10.9936,10,STA,WIFI_DROP,
10.9936,19,STA,WIFI_DROP,
10.996,6,STA,WIFI_DROP,
10.996,10,STA,WIFI_DROP,
10.996,19,STA,WIFI_DROP,
10.9984,6,STA,WIFI_DROP,
10.9984,10,STA,WIFI_DROP,
10.9984,19,STA,WIFI_DROP,
11,9,STA,THROUGHPUT_MBPS,1.284000
11,12,STA,THROUGHPUT_MBPS,0.468000
11,13,STA,THROUGHPUT_MBPS,0.372000
11,15,STA,THROUGHPUT_MBPS,0.420000
11,17,STA,THROUGHPUT_MBPS,0.900000
11,19,STA,THROUGHPUT_MBPS,0.636000
11,1,AP,AGGREGATE_THROUGHPUT_MBPS,4.080000
11,1,AP,SENT_COUNT,8340.000000
11,1,AP,RECV_COUNT,340.000000
11,1,AP,LATENCY_P95_MS,526.149196
11.0008,6,STA,WIFI_DROP,
11.0008,10,STA,WIFI_DROP,
11.0008,19,STA,WIFI_DROP,
11.0032,6,STA,WIFI_DROP,
11.0032,10,STA,WIFI_DROP,
11.0032,19,STA,WIFI_DROP,
11.0056,6,STA,WIFI_DROP,
11.0056,10,STA,WIFI_DROP,
11.0056,19,STA,WIFI_DROP,
11.008,6,STA,WIFI_DROP,
11.008,10,STA,WIFI_DROP,
11.008,19,STA,WIFI_DROP,
11.0104,6,STA,WIFI_DROP,
11.0104,10,STA,WIFI_DROP,
11.0104,19,STA,WIFI_DROP,
11.0128,6,STA,WIFI_DROP,
11.0128,10,STA,WIFI_DROP,
11.0128,19,STA,WIFI_DROP,
11.0152,6,STA,WIFI_DROP,
11.0152,10,STA,WIFI_DROP,
11.0152,19,STA,WIFI_DROP,
11.0176,6,STA,WIFI_DROP,
11.0176,10,STA,WIFI_DROP,
11.0176,19,STA,WIFI_DROP,
11.02,6,STA,WIFI_DROP,
11.02,10,STA,WIFI_DROP,
11.02,19,STA,WIFI_DROP,
11.0224,6,STA,WIFI_DROP,
11.0224,10,STA,WIFI_DROP,
11.0224,19,STA,WIFI_DROP,
11.0248,6,STA,WIFI_DROP,
11.0248,10,STA,WIFI_DROP,
11.0248,19,STA,WIFI_DROP,
11.0272,6,STA,WIFI_DROP,
11.0272,10,STA,WIFI_DROP,
11.0272,19,STA,WIFI_DROP,
11.0296,6,STA,WIFI_DROP,
11.0296,10,STA,WIFI_DROP,
11.0296,19,STA,WIFI_DROP,
11.032,6,STA,WIFI_DROP,
11.032,10,STA,WIFI_DROP,
11.032,19,STA,WIFI_DROP,
11.0344,6,STA,WIFI_DROP,
11.0344,10,STA,WIFI_DROP,
11.0344,19,STA,WIFI_DROP,
11.0368,6,STA,WIFI_DROP,
11.0368,10,STA,WIFI_DROP,
11.0368,19,STA,WIFI_DROP,
11.0392,6,STA,WIFI_DROP,
11.0392,10,STA,WIFI_DROP,
11.0392,19,STA,WIFI_DROP,
11.0416,6,STA,WIFI_DROP,
11.0416,10,STA,WIFI_DROP,
11.0416,19,STA,WIFI_DROP,
11.044,6,STA,WIFI_DROP,
11.044,10,STA,WIFI_DROP,
11.044,19,STA,WIFI_DROP,
11.0464,6,STA,WIFI_DROP,
11.0464,10,STA,WIFI_DROP,
11.0464,19,STA,WIFI_DROP,
11.0488,6,STA,WIFI_DROP,
11.0488,10,STA,WIFI_DROP,
11.0488,19,STA,WIFI_DROP,
11.0512,6,STA,WIFI_DROP,
11.0512,10,STA,WIFI_DROP,
11.0512,19,STA,WIFI_DROP,
11.0536,6,STA,WIFI_DROP,
11.0536,10,STA,WIFI_DROP,
11.0536,19,STA,WIFI_DROP,
11.056,6,STA,WIFI_DROP,
11.056,10,STA,WIFI_DROP,
11.056,19,STA,WIFI_DROP,
11.0584,6,STA,WIFI_DROP,
11.0584,10,STA,WIFI_DROP,
11.0584,19,STA,WIFI_DROP,
11.0608,6,STA,WIFI_DROP,
11.0608,10,STA,WIFI_DROP,
11.0608,19,STA,WIFI_DROP,
11.0632,6,STA,WIFI_DROP,
11.0632,10,STA,WIFI_DROP,
11.0632,19,STA,WIFI_DROP,
11.0656,6,STA,WIFI_DROP,
11.0656,10,STA,WIFI_DROP,
11.0656,19,STA,WIFI_DROP,
11.068,6,STA,WIFI_DROP,
11.068,10,STA,WIFI_DROP,
11.068,19,STA,WIFI_DROP,
11.0704,6,STA,WIFI_DROP,
11.0704,10,STA,WIFI_DROP,
11.0704,19,STA,WIFI_DROP,
11.0728,6,STA,WIFI_DROP,
11.0728,10,STA,WIFI_DROP,
11.0728,19,STA,WIFI_DROP,
11.0752,6,STA,WIFI_DROP,
11.0752,10,STA,WIFI_DROP,
11.0752,19,STA,WIFI_DROP,
11.0776,6,STA,WIFI_DROP,
11.0776,10,STA,WIFI_DROP,
11.0776,19,STA,WIFI_DROP,
11.08,6,STA,WIFI_DROP,
11.08,10,STA,WIFI_DROP,
11.08,19,STA,WIFI_DROP,
11.0824,6,STA,WIFI_DROP,
11.0824,10,STA,WIFI_DROP,
11.0824,19,STA,WIFI_DROP,
11.0848,6,STA,WIFI_DROP,
11.0848,10,STA,WIFI_DROP,
11.0848,19,STA,WIFI_DROP,
11.0872,6,STA,WIFI_DROP,
11.0872,10,STA,WIFI_DROP,
11.0872,19,STA,WIFI_DROP,
11.0896,6,STA,WIFI_DROP,
11.0896,10,STA,WIFI_DROP,
11.0896,19,STA,WIFI_DROP,
11.092,6,STA,WIFI_DROP,
11.092,10,STA,WIFI_DROP,
11.092,19,STA,WIFI_DROP,
11.0944,6,STA,WIFI_DROP,
11.0944,10,STA,WIFI_DROP,
11.0944,19,STA,WIFI_DROP,
11.0968,6,STA,WIFI_DROP,
11.0968,10,STA,WIFI_DROP,
11.0968,19,STA,WIFI_DROP,
11.0992,6,STA,WIFI_DROP,
11.0992,10,STA,WIFI_DROP,
11.0992,19,STA,WIFI_DROP,
11.1016,6,STA,WIFI_DROP,
11.1016,10,STA,WIFI_DROP,
11.1016,19,STA,WIFI_DROP,
11.104,6,STA,WIFI_DROP,
11.104,10,STA,WIFI_DROP,
11.104,19,STA,WIFI_DROP,
11.1064,6,STA,WIFI_DROP,
11.1064,10,STA,WIFI_DROP,
11.1064,19,STA,WIFI_DROP,
11.1088,6,STA,WIFI_DROP,
11.1088,10,STA,WIFI_DROP,
11.1088,19,STA,WIFI_DROP,
11.1112,6,STA,WIFI_DROP,
11.1112,10,STA,WIFI_DROP,
11.1112,19,STA,WIFI_DROP,
11.1136,6,STA,WIFI_DROP,
11.1136,10,STA,WIFI_DROP,
11.1136,19,STA,WIFI_DROP,
11.116,6,STA,WIFI_DROP,
11.116,10,STA,WIFI_DROP,
11.116,19,STA,WIFI_DROP,
11.1184,6,STA,WIFI_DROP,
11.1184,10,STA,WIFI_DROP,
11.1184,19,STA,WIFI_DROP,
11.1208,6,STA,WIFI_DROP,
11.1208,10,STA,WIFI_DROP,
11.1208,19,STA,WIFI_DROP,
11.1232,6,STA,WIFI_DROP,
11.1232,10,STA,WIFI_DROP,
11.1232,19,STA,WIFI_DROP,
11.1256,6,STA,WIFI_DROP,
11.1256,10,STA,WIFI_DROP,
11.1256,19,STA,WIFI_DROP,
11.128,6,STA,WIFI_DROP,
11.128,19,STA,WIFI_DROP,
11.1304,6,STA,WIFI_DROP,
11.1304,19,STA,WIFI_DROP,
11.1328,6,STA,WIFI_DROP,
11.1328,19,STA,WIFI_DROP,
11.1352,6,STA,WIFI_DROP,
11.1352,19,STA,WIFI_DROP,
11.1376,6,STA,WIFI_DROP,
11.1376,19,STA,WIFI_DROP,
11.14,6,STA,WIFI_DROP,
11.14,14,STA,WIFI_DROP,
11.14,19,STA,WIFI_DROP,
11.1424,6,STA,WIFI_DROP,
11.1424,14,STA,WIFI_DROP,
11.1424,19,STA,WIFI_DROP,
11.1448,6,STA,WIFI_DROP,
11.1448,14,STA,WIFI_DROP,
11.1448,19,STA,WIFI_DROP,
11.1472,6,STA,WIFI_DROP,
11.1472,14,STA,WIFI_DROP,
11.1472,19,STA,WIFI_DROP,
11.1496,6,STA,WIFI_DROP,
11.1496,14,STA,WIFI_DROP,
11.1496,19,STA,WIFI_DROP,
11.152,6,STA,WIFI_DROP,
11.152,14,STA,WIFI_DROP,
11.152,19,STA,WIFI_DROP,
11.1544,6,STA,WIFI_DROP,
11.1544,14,STA,WIFI_DROP,
11.1544,19,STA,WIFI_DROP,
11.1568,6,STA,WIFI_DROP,
11.1568,14,STA,WIFI_DROP,
11.1568,19,STA,WIFI_DROP,
11.1592,6,STA,WIFI_DROP,
11.1592,14,STA,WIFI_DROP,
11.1592,19,STA,WIFI_DROP,
11.1616,6,STA,WIFI_DROP,
11.1616,14,STA,WIFI_DROP,
11.1616,19,STA,WIFI_DROP,
11.164,6,STA,WIFI_DROP,
11.164,14,STA,WIFI_DROP,
11.164,19,STA,WIFI_DROP,
11.1664,6,STA,WIFI_DROP,
11.1664,14,STA,WIFI_DROP,
11.1664,19,STA,WIFI_DROP,
11.1688,6,STA,WIFI_DROP,
11.1688,14,STA,WIFI_DROP,
11.1688,19,STA,WIFI_DROP,
11.1712,6,STA,WIFI_DROP,
11.1712,14,STA,WIFI_DROP,
11.1712,19,STA,WIFI_DROP,
11.1736,6,STA,WIFI_DROP,
11.1736,14,STA,WIFI_DROP,
11.1736,19,STA,WIFI_DROP,
11.176,6,STA,WIFI_DROP,
11.176,14,STA,WIFI_DROP,
11.176,19,STA,WIFI_DROP,
11.1784,6,STA,WIFI_DROP,
11.1784,14,STA,WIFI_DROP,
11.1784,19,STA,WIFI_DROP,
11.1808,6,STA,WIFI_DROP,
11.1808,14,STA,WIFI_DROP,
11.1808,19,STA,WIFI_DROP,
11.1832,6,STA,WIFI_DROP,
11.1832,14,STA,WIFI_DROP,
11.1832,19,STA,WIFI_DROP,
11.1856,6,STA,WIFI_DROP,
11.1856,14,STA,WIFI_DROP,
11.1856,19,STA,WIFI_DROP,
11.188,6,STA,WIFI_DROP,
11.188,14,STA,WIFI_DROP,
11.188,19,STA,WIFI_DROP,
11.1904,6,STA,WIFI_DROP,
11.1904,14,STA,WIFI_DROP,
11.1904,19,STA,WIFI_DROP,
11.1928,6,STA,WIFI_DROP,
11.1928,14,STA,WIFI_DROP,
11.1928,19,STA,WIFI_DROP,
11.1952,6,STA,WIFI_DROP,
11.1952,14,STA,WIFI_DROP,
11.1952,19,STA,WIFI_DROP,
11.1976,6,STA,WIFI_DROP,
11.1976,19,STA,WIFI_DROP,
11.2,6,STA,WIFI_DROP,
11.2,19,STA,WIFI_DROP,
11.2024,6,STA,WIFI_DROP,
11.2024,19,STA,WIFI_DROP,
11.2048,6,STA,WIFI_DROP,
11.2048,19,STA,WIFI_DROP,
11.2072,6,STA,WIFI_DROP,
11.2072,19,STA,WIFI_DROP,
11.2096,6,STA,WIFI_DROP,
11.2096,19,STA,WIFI_DROP,
11.212,6,STA,WIFI_DROP,
11.212,19,STA,WIFI_DROP,
11.2144,6,STA,WIFI_DROP,
11.2144,19,STA,WIFI_DROP,
11.2168,6,STA,WIFI_DROP,
11.2168,19,STA,WIFI_DROP,
11.2192,6,STA,WIFI_DROP,
11.2192,19,STA,WIFI_DROP,
11.2216,6,STA,WIFI_DROP,
11.2216,19,STA,WIFI_DROP,
11.224,6,STA,WIFI_DROP,
11.224,19,STA,WIFI_DROP,
11.2264,6,STA,WIFI_DROP,
11.2264,19,STA,WIFI_DROP,
11.2288,6,STA,WIFI_DROP,
11.2288,19,STA,WIFI_DROP,
11.2312,6,STA,WIFI_DROP,
11.2312,19,STA,WIFI_DROP,
11.2336,6,STA,WIFI_DROP,
11.2336,19,STA,WIFI_DROP,
11.236,6,STA,WIFI_DROP,
11.236,19,STA,WIFI_DROP,
11.2384,6,STA,WIFI_DROP,
11.2384,19,STA,WIFI_DROP,
11.2408,6,STA,WIFI_DROP,
11.2408,19,STA,WIFI_DROP,
11.2432,2,STA,WIFI_DROP,
11.2432,6,STA,WIFI_DROP,
11.2432,19,STA,WIFI_DROP,
11.2456,2,STA,WIFI_DROP,
11.2456,6,STA,WIFI_DROP,
11.2456,19,STA,WIFI_DROP,
11.248,2,STA,WIFI_DROP,
11.248,6,STA,WIFI_DROP,
11.248,19,STA,WIFI_DROP,
11.2504,2,STA,WIFI_DROP,
11.2504,6,STA,WIFI_DROP,
11.2504,19,STA,WIFI_DROP,
11.2528,2,STA,WIFI_DROP,
11.2528,6,STA,WIFI_DROP,
11.2528,19,STA,WIFI_DROP,
11.2552,2,STA,WIFI_DROP,
11.2552,6,STA,WIFI_DROP,
11.2552,19,STA,WIFI_DROP,
11.2576,2,STA,WIFI_DROP,
11.2576,6,STA,WIFI_DROP,
11.2576,19,STA,WIFI_DROP,
11.26,2,STA,WIFI_DROP,
11.26,6,STA,WIFI_DROP,
11.26,19,STA,WIFI_DROP,
11.2624,2,STA,WIFI_DROP,
11.2624,6,STA,WIFI_DROP,
11.2624,19,STA,WIFI_DROP,
11.2648,2,STA,WIFI_DROP,
11.2648,6,STA,WIFI_DROP,
11.2648,19,STA,WIFI_DROP,
11.2672,2,STA,WIFI_DROP,
11.2672,6,STA,WIFI_DROP,
11.2672,19,STA,WIFI_DROP,
11.2696,2,STA,WIFI_DROP,
11.2696,6,STA,WIFI_DROP,
11.2696,19,STA,WIFI_DROP,
11.272,2,STA,WIFI_DROP,
11.272,6,STA,WIFI_DROP,
11.272,19,STA,WIFI_DROP,
11.2744,2,STA,WIFI_DROP,
11.2744,6,STA,WIFI_DROP,
11.2744,19,STA,WIFI_DROP,
11.2768,2,STA,WIFI_DROP,
11.2768,6,STA,WIFI_DROP,
11.2768,19,STA,WIFI_DROP,
11.2792,2,STA,WIFI_DROP,
11.2792,6,STA,WIFI_DROP,
11.2792,19,STA,WIFI_DROP,
11.2816,2,STA,WIFI_DROP,
11.2816,6,STA,WIFI_DROP,
11.2816,19,STA,WIFI_DROP,
11.284,2,STA,WIFI_DROP,
11.284,6,STA,WIFI_DROP,
11.284,19,STA,WIFI_DROP,
11.2864,2,STA,WIFI_DROP,
11.2864,6,STA,WIFI_DROP,
11.2864,19,STA,WIFI_DROP,
11.2888,2,STA,WIFI_DROP,
11.2888,6,STA,WIFI_DROP,
11.2888,19,STA,WIFI_DROP,
11.2912,2,STA,WIFI_DROP,
11.2912,6,STA,WIFI_DROP,
11.2912,19,STA,WIFI_DROP,
11.2936,2,STA,WIFI_DROP,
11.2936,6,STA,WIFI_DROP,
11.2936,19,STA,WIFI_DROP,
11.296,2,STA,WIFI_DROP,
11.296,6,STA,WIFI_DROP,
11.296,19,STA,WIFI_DROP,
11.2984,6,STA,WIFI_DROP,
11.2984,19,STA,WIFI_DROP,
11.3008,6,STA,WIFI_DROP,
11.3008,19,STA,WIFI_DROP,
11.3032,6,STA,WIFI_DROP,
11.3032,19,STA,WIFI_DROP,
11.3056,6,STA,WIFI_DROP,
11.3056,19,STA,WIFI_DROP,
11.308,6,STA,WIFI_DROP,
11.308,19,STA,WIFI_DROP,
11.3104,6,STA,WIFI_DROP,
11.3104,19,STA,WIFI_DROP,
11.3128,6,STA,WIFI_DROP,
11.3128,19,STA,WIFI_DROP,
11.3152,6,STA,WIFI_DROP,
11.3152,19,STA,WIFI_DROP,
11.3176,6,STA,WIFI_DROP,
11.3176,19,STA,WIFI_DROP,
11.32,6,STA,WIFI_DROP,
11.32,19,STA,WIFI_DROP,
11.3224,6,STA,WIFI_DROP,
11.3224,19,STA,WIFI_DROP,
11.3248,6,STA,WIFI_DROP,
11.3248,19,STA,WIFI_DROP,
11.3272,6,STA,WIFI_DROP,
11.3272,19,STA,WIFI_DROP,
11.3296,6,STA,WIFI_DROP,
11.3296,19,STA,WIFI_DROP,
11.332,6,STA,WIFI_DROP,
11.332,19,STA,WIFI_DROP,
11.3344,6,STA,WIFI_DROP,
11.3344,19,STA,WIFI_DROP,
11.3368,6,STA,WIFI_DROP,
11.3368,19,STA,WIFI_DROP,
11.3392,6,STA,WIFI_DROP,
11.3392,19,STA,WIFI_DROP,
11.3416,6,STA,WIFI_DROP,
11.3416,19,STA,WIFI_DROP,
11.344,6,STA,WIFI_DROP,
11.344,19,STA,WIFI_DROP,
11.3464,6,STA,WIFI_DROP,
11.3464,19,STA,WIFI_DROP,
11.3488,6,STA,WIFI_DROP,
11.3488,19,STA,WIFI_DROP,
11.3512,6,STA,WIFI_DROP,
11.3512,19,STA,WIFI_DROP,
11.3536,6,STA,WIFI_DROP,
11.3536,19,STA,WIFI_DROP,
11.356,6,STA,WIFI_DROP,
11.356,19,STA,WIFI_DROP,
11.3584,6,STA,WIFI_DROP,
11.3584,19,STA,WIFI_DROP,
11.3608,6,STA,WIFI_DROP,
11.3608,19,STA,WIFI_DROP,
11.3632,6,STA,WIFI_DROP,
11.3632,19,STA,WIFI_DROP,
11.3656,6,STA,WIFI_DROP,
11.3656,19,STA,WIFI_DROP,
11.368,6,STA,WIFI_DROP,
11.368,19,STA,WIFI_DROP,
11.3704,6,STA,WIFI_DROP,
11.3704,19,STA,WIFI_DROP,
11.3728,6,STA,WIFI_DROP,
11.3728,19,STA,WIFI_DROP,
11.3752,6,STA,WIFI_DROP,
11.3752,19,STA,WIFI_DROP,
11.3776,6,STA,WIFI_DROP,
11.3776,19,STA,WIFI_DROP,
11.38,19,STA,WIFI_DROP,
11.3824,19,STA,WIFI_DROP,
11.3848,19,STA,WIFI_DROP,
11.3872,19,STA,WIFI_DROP,
11.3896,19,STA,WIFI_DROP,
11.392,19,STA,WIFI_DROP,
11.3944,19,STA,WIFI_DROP,
11.3968,19,STA,WIFI_DROP,
11.3992,19,STA,WIFI_DROP,
11.4016,19,STA,WIFI_DROP,
11.404,19,STA,WIFI_DROP,
11.4064,19,STA,WIFI_DROP,
11.4088,19,STA,WIFI_DROP,
11.4112,19,STA,WIFI_DROP,
11.4136,19,STA,WIFI_DROP,
11.416,19,STA,WIFI_DROP,
11.4184,19,STA,WIFI_DROP,
11.4208,19,STA,WIFI_DROP,
11.4232,19,STA,WIFI_DROP,
11.4256,19,STA,WIFI_DROP,
11.428,19,STA,WIFI_DROP,
11.4304,19,STA,WIFI_DROP,
11.4328,19,STA,WIFI_DROP,
11.4352,19,STA,WIFI_DROP,
11.4376,19,STA,WIFI_DROP,
11.44,19,STA,WIFI_DROP,
11.4424,19,STA,WIFI_DROP,
11.4448,19,STA,WIFI_DROP,
11.4472,19,STA,WIFI_DROP,
11.4496,19,STA,WIFI_DROP,
11.452,19,STA,WIFI_DROP,
11.4544,19,STA,WIFI_DROP,
11.4568,19,STA,WIFI_DROP,
11.4592,19,STA,WIFI_DROP,
11.4616,19,STA,WIFI_DROP,
11.464,19,STA,WIFI_DROP,
11.4664,19,STA,WIFI_DROP,
11.4688,19,STA,WIFI_DROP,
11.4712,19,STA,WIFI_DROP,
11.4736,19,STA,WIFI_DROP,
11.476,19,STA,WIFI_DROP,
11.4784,19,STA,WIFI_DROP,
11.4808,19,STA,WIFI_DROP,
11.4832,19,STA,WIFI_DROP,
11.4856,19,STA,WIFI_DROP,
11.488,19,STA,WIFI_DROP,
11.4904,19,STA,WIFI_DROP,
11.4928,19,STA,WIFI_DROP,
11.4952,19,STA,WIFI_DROP,
11.4976,19,STA,WIFI_DROP,
11.5,19,STA,WIFI_DROP,
11.5024,19,STA,WIFI_DROP,
11.5048,19,STA,WIFI_DROP,
11.5072,19,STA,WIFI_DROP,
11.5096,19,STA,WIFI_DROP,
11.512,19,STA,WIFI_DROP,
11.5144,19,STA,WIFI_DROP,
11.5168,19,STA,WIFI_DROP,
11.5192,19,STA,WIFI_DROP,
11.5216,19,STA,WIFI_DROP,
11.524,19,STA,WIFI_DROP,
11.5264,19,STA,WIFI_DROP,
11.5288,19,STA,WIFI_DROP,
11.5312,19,STA,WIFI_DROP,
11.5336,19,STA,WIFI_DROP,
11.536,19,STA,WIFI_DROP,
11.5384,19,STA,WIFI_DROP,
11.5408,19,STA,WIFI_DROP,
11.5432,19,STA,WIFI_DROP,
11.5456,19,STA,WIFI_DROP,
11.548,19,STA,WIFI_DROP,
11.5504,19,STA,WIFI_DROP,
11.5528,19,STA,WIFI_DROP,
11.5552,19,STA,WIFI_DROP,
11.5576,19,STA,WIFI_DROP,
11.56,19,STA,WIFI_DROP,
11.5624,19,STA,WIFI_DROP,
11.5648,19,STA,WIFI_DROP,
11.5672,19,STA,WIFI_DROP,
11.5696,19,STA,WIFI_DROP,
11.572,19,STA,WIFI_DROP,
11.5744,19,STA,WIFI_DROP,
11.5768,19,STA,WIFI_DROP,
11.5792,19,STA,WIFI_DROP,
11.5816,19,STA,WIFI_DROP,
11.584,19,STA,WIFI_DROP,
11.5864,19,STA,WIFI_DROP,
11.5888,19,STA,WIFI_DROP,
11.5912,19,STA,WIFI_DROP,
11.5936,19,STA,WIFI_DROP,
11.596,19,STA,WIFI_DROP,
11.5984,19,STA,WIFI_DROP,
11.6008,19,STA,WIFI_DROP,
11.6032,19,STA,WIFI_DROP,
11.6056,19,STA,WIFI_DROP,
11.608,19,STA,WIFI_DROP,
11.6104,19,STA,WIFI_DROP,
11.6128,19,STA,WIFI_DROP,
11.6152,19,STA,WIFI_DROP,
11.6176,19,STA,WIFI_DROP,
11.62,19,STA,WIFI_DROP,
11.6224,19,STA,WIFI_DROP,
11.6248,19,STA,WIFI_DROP,
11.6272,19,STA,WIFI_DROP,
11.6296,19,STA,WIFI_DROP,
11.632,19,STA,WIFI_DROP,
11.6344,19,STA,WIFI_DROP,
11.6368,19,STA,WIFI_DROP,
11.6392,19,STA,WIFI_DROP,
11.6416,19,STA,WIFI_DROP,
11.644,19,STA,WIFI_DROP,
11.6464,19,STA,WIFI_DROP,
11.6488,19,STA,WIFI_DROP,
11.6512,19,STA,WIFI_DROP,
11.6536,18,STA,WIFI_DROP,
11.6536,19,STA,WIFI_DROP,
11.656,18,STA,WIFI_DROP,
11.656,19,STA,WIFI_DROP,
11.6584,18,STA,WIFI_DROP,
11.6584,19,STA,WIFI_DROP,
11.6608,18,STA,WIFI_DROP,
11.6608,19,STA,WIFI_DROP,
11.6632,18,STA,WIFI_DROP,
11.6632,19,STA,WIFI_DROP,
11.6656,18,STA,WIFI_DROP,
11.6656,19,STA,WIFI_DROP,
11.668,18,STA,WIFI_DROP,
11.668,19,STA,WIFI_DROP,
11.6704,18,STA,WIFI_DROP,
11.6704,19,STA,WIFI_DROP,
11.6728,18,STA,WIFI_DROP,
11.6728,19,STA,WIFI_DROP,
11.6752,18,STA,WIFI_DROP,
11.6752,19,STA,WIFI_DROP,
11.6776,18,STA,WIFI_DROP,
11.6776,19,STA,WIFI_DROP,
11.68,18,STA,WIFI_DROP,
11.68,19,STA,WIFI_DROP,
11.6824,18,STA,WIFI_DROP,
11.6824,19,STA,WIFI_DROP,
11.6848,18,STA,WIFI_DROP,
11.6848,19,STA,WIFI_DROP,
11.6872,18,STA,WIFI_DROP,
11.6872,19,STA,WIFI_DROP,
11.6896,18,STA,WIFI_DROP,
11.6896,19,STA,WIFI_DROP,
11.692,18,STA,WIFI_DROP,
11.692,19,STA,WIFI_DROP,
11.6944,18,STA,WIFI_DROP,
11.6944,19,STA,WIFI_DROP,
11.6968,18,STA,WIFI_DROP,
11.6968,19,STA,WIFI_DROP,
11.6992,18,STA,WIFI_DROP,
11.6992,19,STA,WIFI_DROP,
11.7016,18,STA,WIFI_DROP,
11.7016,19,STA,WIFI_DROP,
11.704,18,STA,WIFI_DROP,
11.704,19,STA,WIFI_DROP,
11.7064,18,STA,WIFI_DROP,
11.7064,19,STA,WIFI_DROP,
11.7088,18,STA,WIFI_DROP,
11.7088,19,STA,WIFI_DROP,
11.7112,18,STA,WIFI_DROP,
11.7112,19,STA,WIFI_DROP,
11.7136,18,STA,WIFI_DROP,
11.7136,19,STA,WIFI_DROP,
11.716,18,STA,WIFI_DROP,
11.716,19,STA,WIFI_DROP,
11.7184,18,STA,WIFI_DROP,
11.7184,19,STA,WIFI_DROP,
11.7208,18,STA,WIFI_DROP,
11.7208,19,STA,WIFI_DROP,
11.7232,18,STA,WIFI_DROP,
11.7232,19,STA,WIFI_DROP,
11.7256,18,STA,WIFI_DROP,
11.7256,19,STA,WIFI_DROP,
11.728,18,STA,WIFI_DROP,
11.728,19,STA,WIFI_DROP,
11.7304,18,STA,WIFI_DROP,
11.7304,19,STA,WIFI_DROP,
11.7328,18,STA,WIFI_DROP,
11.7328,19,STA,WIFI_DROP,
11.7352,18,STA,WIFI_DROP,
11.7352,19,STA,WIFI_DROP,
11.7376,18,STA,WIFI_DROP,
11.7376,19,STA,WIFI_DROP,
11.74,18,STA,WIFI_DROP,
11.74,19,STA,WIFI_DROP,
11.7424,18,STA,WIFI_DROP,
11.7424,19,STA,WIFI_DROP,
11.7448,18,STA,WIFI_DROP,
11.7448,19,STA,WIFI_DROP,
11.7472,18,STA,WIFI_DROP,
11.7472,19,STA,WIFI_DROP,
11.7496,18,STA,WIFI_DROP,
11.7496,19,STA,WIFI_DROP,
11.752,18,STA,WIFI_DROP,
11.752,19,STA,WIFI_DROP,
11.7544,18,STA,WIFI_DROP,
11.7544,19,STA,WIFI_DROP,
11.7568,19,STA,WIFI_DROP,
11.7592,19,STA,WIFI_DROP,
11.7616,19,STA,WIFI_DROP,
11.764,19,STA,WIFI_DROP,
11.7664,19,STA,WIFI_DROP,
11.7688,19,STA,WIFI_DROP,
11.7712,19,STA,WIFI_DROP,
11.7736,19,STA,WIFI_DROP,
11.776,19,STA,WIFI_DROP,
11.7784,19,STA,WIFI_DROP,
11.7808,19,STA,WIFI_DROP,
11.7832,19,STA,WIFI_DROP,
11.7856,19,STA,WIFI_DROP,
11.788,19,STA,WIFI_DROP,
11.7904,19,STA,WIFI_DROP,
11.7928,19,STA,WIFI_DROP,
11.7952,19,STA,WIFI_DROP,
11.7976,19,STA,WIFI_DROP,
11.8,19,STA,WIFI_DROP,
11.8024,19,STA,WIFI_DROP,
11.8048,19,STA,WIFI_DROP,
11.8072,19,STA,WIFI_DROP,
11.8096,19,STA,WIFI_DROP,
11.812,19,STA,WIFI_DROP,
11.8144,19,STA,WIFI_DROP,
11.8168,19,STA,WIFI_DROP,
11.8192,19,STA,WIFI_DROP,
11.8216,19,STA,WIFI_DROP,
11.824,19,STA,WIFI_DROP,
11.8264,19,STA,WIFI_DROP,
11.8288,19,STA,WIFI_DROP,
11.8312,19,STA,WIFI_DROP,
11.8336,19,STA,WIFI_DROP,
11.836,19,STA,WIFI_DROP,
11.8384,19,STA,WIFI_DROP,
11.8408,19,STA,WIFI_DROP,
11.8432,19,STA,WIFI_DROP,
11.8456,19,STA,WIFI_DROP,
11.848,19,STA,WIFI_DROP,
11.8504,19,STA,WIFI_DROP,
11.8528,19,STA,WIFI_DROP,
11.8552,19,STA,WIFI_DROP,
11.8576,12,STA,WIFI_DROP,
11.8576,19,STA,WIFI_DROP,
11.86,12,STA,WIFI_DROP,
11.86,19,STA,WIFI_DROP,
11.8624,12,STA,WIFI_DROP,
11.8624,19,STA,WIFI_DROP,
11.8648,12,STA,WIFI_DROP,
11.8648,19,STA,WIFI_DROP,
11.8672,12,STA,WIFI_DROP,
11.8672,19,STA,WIFI_DROP,
11.8696,12,STA,WIFI_DROP,
11.8696,19,STA,WIFI_DROP,
11.872,12,STA,WIFI_DROP,
11.872,19,STA,WIFI_DROP,
11.8744,12,STA,WIFI_DROP,
11.8744,19,STA,WIFI_DROP,
11.8768,12,STA,WIFI_DROP,
11.8768,19,STA,WIFI_DROP,
11.8792,12,STA,WIFI_DROP,
11.8792,19,STA,WIFI_DROP,
11.8816,12,STA,WIFI_DROP,
11.884,12,STA,WIFI_DROP,
11.8864,12,STA,WIFI_DROP,
11.8888,12,STA,WIFI_DROP,
11.8912,12,STA,WIFI_DROP,
11.8936,12,STA,WIFI_DROP,
11.896,12,STA,WIFI_DROP,
11.8984,12,STA,WIFI_DROP,
11.9008,12,STA,WIFI_DROP,
11.9032,6,STA,WIFI_DROP,
11.9032,12,STA,WIFI_DROP,
11.9056,6,STA,WIFI_DROP,
11.9056,12,STA,WIFI_DROP,
11.9056,19,STA,WIFI_DROP,
11.908,6,STA,WIFI_DROP,
11.908,12,STA,WIFI_DROP,
11.908,19,STA,WIFI_DROP,
11.9104,6,STA,WIFI_DROP,
11.9104,19,STA,WIFI_DROP,
11.9128,6,STA,WIFI_DROP,
11.9128,19,STA,WIFI_DROP,
11.9152,6,STA,WIFI_DROP,
11.9152,19,STA,WIFI_DROP,
11.9176,6,STA,WIFI_DROP,
11.9176,19,STA,WIFI_DROP,
11.92,6,STA,WIFI_DROP,
11.92,19,STA,WIFI_DROP,
11.9224,6,STA,WIFI_DROP,
11.9224,19,STA,WIFI_DROP,
11.9248,6,STA,WIFI_DROP,
11.9248,19,STA,WIFI_DROP,
11.9272,6,STA,WIFI_DROP,
11.9272,19,STA,WIFI_DROP,
11.9296,6,STA,WIFI_DROP,
11.9296,19,STA,WIFI_DROP,
11.932,6,STA,WIFI_DROP,
11.932,19,STA,WIFI_DROP,
11.9344,6,STA,WIFI_DROP,
11.9344,19,STA,WIFI_DROP,
11.9368,6,STA,WIFI_DROP,
11.9368,19,STA,WIFI_DROP,
11.9392,6,STA,WIFI_DROP,
11.9392,19,STA,WIFI_DROP,
11.9416,6,STA,WIFI_DROP,
11.9416,19,STA,WIFI_DROP,
11.944,6,STA,WIFI_DROP,
11.944,19,STA,WIFI_DROP,
11.9464,6,STA,WIFI_DROP,
11.9464,19,STA,WIFI_DROP,
11.9488,6,STA,WIFI_DROP,
11.9488,19,STA,WIFI_DROP,
11.9512,6,STA,WIFI_DROP,
11.9512,19,STA,WIFI_DROP,
11.9536,6,STA,WIFI_DROP,
11.9536,19,STA,WIFI_DROP,
11.956,6,STA,WIFI_DROP,
11.956,19,STA,WIFI_DROP,
11.9584,6,STA,WIFI_DROP,
11.9584,19,STA,WIFI_DROP,
11.9608,6,STA,WIFI_DROP,
11.9608,19,STA,WIFI_DROP,
11.9632,6,STA,WIFI_DROP,
11.9632,19,STA,WIFI_DROP,
11.9656,6,STA,WIFI_DROP,
11.9656,19,STA,WIFI_DROP,
11.968,6,STA,WIFI_DROP,
11.968,19,STA,WIFI_DROP,
11.9704,6,STA,WIFI_DROP,
11.9704,19,STA,WIFI_DROP,
11.9728,6,STA,WIFI_DROP,
11.9728,19,STA,WIFI_DROP,
11.9752,6,STA,WIFI_DROP,
11.9752,19,STA,WIFI_DROP,
11.9776,6,STA,WIFI_DROP,
11.9776,19,STA,WIFI_DROP,
11.98,6,STA,WIFI_DROP,
11.98,19,STA,WIFI_DROP,
11.9824,6,STA,WIFI_DROP,
11.9824,19,STA,WIFI_DROP,
11.9848,6,STA,WIFI_DROP,
11.9848,19,STA,WIFI_DROP,
11.9872,6,STA,WIFI_DROP,
11.9872,19,STA,WIFI_DROP,
11.9896,6,STA,WIFI_DROP,
11.9896,19,STA,WIFI_DROP,
11.992,6,STA,WIFI_DROP,
11.992,19,STA,WIFI_DROP,
11.9944,6,STA,WIFI_DROP,
11.9944,19,STA,WIFI_DROP,
11.9968,6,STA,WIFI_DROP,
11.9968,19,STA,WIFI_DROP,
11.9992,6,STA,WIFI_DROP,
11.9992,19,STA,WIFI_DROP,
12,9,STA,THROUGHPUT_MBPS,1.032000
12,10,STA,THROUGHPUT_MBPS,1.668000
12,13,STA,THROUGHPUT_MBPS,0.348000
12,14,STA,THROUGHPUT_MBPS,0.264000
12,15,STA,THROUGHPUT_MBPS,0.936000
12,1,AP,AGGREGATE_THROUGHPUT_MBPS,4.248000
12,1,AP,SENT_COUNT,8340.000000
12,1,AP,RECV_COUNT,354.000000
12,1,AP,LATENCY_P95_MS,546.074325
12.0016,6,STA,WIFI_DROP,
12.0016,19,STA,WIFI_DROP,
12.004,19,STA,WIFI_DROP,
12.0064,19,STA,WIFI_DROP,
12.0088,19,STA,WIFI_DROP,
12.0112,19,STA,WIFI_DROP,
12.0136,19,STA,WIFI_DROP,
12.016,19,STA,WIFI_DROP,
12.0184,19,STA,WIFI_DROP,
12.0208,19,STA,WIFI_DROP,
12.0232,19,STA,WIFI_DROP,
12.0256,19,STA,WIFI_DROP,
12.028,19,STA,WIFI_DROP,
12.0304,19,STA,WIFI_DROP,
12.0328,19,STA,WIFI_DROP,
12.0352,19,STA,WIFI_DROP,
12.0376,19,STA,WIFI_DROP,
12.04,19,STA,WIFI_DROP,
12.0424,19,STA,WIFI_DROP,
12.0448,19,STA,WIFI_DROP,
12.0472,19,STA,WIFI_DROP,
12.0496,19,STA,WIFI_DROP,
12.052,19,STA,WIFI_DROP,
12.0544,19,STA,WIFI_DROP,
12.0568,19,STA,WIFI_DROP,
12.0592,19,STA,WIFI_DROP,
12.0616,19,STA,WIFI_DROP,
12.064,19,STA,WIFI_DROP,
12.0664,19,STA,WIFI_DROP,
12.0688,19,STA,WIFI_DROP,
12.0712,19,STA,WIFI_DROP,
12.0736,19,STA,WIFI_DROP,
12.076,19,STA,WIFI_DROP,
12.0784,19,STA,WIFI_DROP,
12.0808,19,STA,WIFI_DROP,
12.0832,19,STA,WIFI_DROP,
12.0856,19,STA,WIFI_DROP,
12.088,19,STA,WIFI_DROP,
12.0904,19,STA,WIFI_DROP,
12.0928,19,STA,WIFI_DROP,
12.0952,19,STA,WIFI_DROP,
12.0976,19,STA,WIFI_DROP,
12.1,19,STA,WIFI_DROP,
12.1024,19,STA,WIFI_DROP,
12.1048,19,STA,WIFI_DROP,
12.1072,19,STA,WIFI_DROP,
12.1648,10,STA,WIFI_DROP,
12.1648,11,STA,WIFI_DROP,
12.1672,10,STA,WIFI_DROP,
12.1672,11,STA,WIFI_DROP,
12.1696,10,STA,WIFI_DROP,
12.1696,11,STA,WIFI_DROP,
12.172,10,STA,WIFI_DROP,
12.172,11,STA,WIFI_DROP,
12.1744,10,STA,WIFI_DROP,
12.1744,11,STA,WIFI_DROP,
12.1768,10,STA,WIFI_DROP,
12.1768,11,STA,WIFI_DROP,
12.1792,10,STA,WIFI_DROP,
12.1792,11,STA,WIFI_DROP,
12.1816,10,STA,WIFI_DROP,
12.1816,11,STA,WIFI_DROP,
12.184,10,STA,WIFI_DROP,
12.184,11,STA,WIFI_DROP,
12.1864,10,STA,WIFI_DROP,
12.1864,11,STA,WIFI_DROP,
12.1888,10,STA,WIFI_DROP,
12.1888,11,STA,WIFI_DROP,
12.1912,10,STA,WIFI_DROP,
12.1912,11,STA,WIFI_DROP,
12.1936,10,STA,WIFI_DROP,
12.1936,11,STA,WIFI_DROP,
12.196,10,STA,WIFI_DROP,
12.196,11,STA,WIFI_DROP,
12.1984,10,STA,WIFI_DROP,
12.1984,11,STA,WIFI_DROP,
12.2008,10,STA,WIFI_DROP,
12.2008,11,STA,WIFI_DROP,
12.2032,10,STA,WIFI_DROP,
12.2032,11,STA,WIFI_DROP,
12.2056,10,STA,WIFI_DROP,
12.2056,11,STA,WIFI_DROP,
12.208,10,STA,WIFI_DROP,
12.208,11,STA,WIFI_DROP,
12.2104,10,STA,WIFI_DROP,
12.2104,11,STA,WIFI_DROP,
12.2128,10,STA,WIFI_DROP,
12.2128,11,STA,WIFI_DROP,
12.2152,10,STA,WIFI_DROP,
12.2152,11,STA,WIFI_DROP,
12.2176,10,STA,WIFI_DROP,
12.2176,11,STA,WIFI_DROP,
12.22,10,STA,WIFI_DROP,
12.22,11,STA,WIFI_DROP,
12.2224,10,STA,WIFI_DROP,
12.2224,11,STA,WIFI_DROP,
12.2248,10,STA,WIFI_DROP,
12.2248,11,STA,WIFI_DROP,
12.2272,10,STA,WIFI_DROP,
12.2272,11,STA,WIFI_DROP,
12.2296,10,STA,WIFI_DROP,
12.2296,11,STA,WIFI_DROP,
12.232,10,STA,WIFI_DROP,
12.232,11,STA,WIFI_DROP,
12.2344,10,STA,WIFI_DROP,
12.2344,11,STA,WIFI_DROP,
12.2368,10,STA,WIFI_DROP,
12.2368,11,STA,WIFI_DROP,
12.2392,10,STA,WIFI_DROP,
12.2392,11,STA,WIFI_DROP,
12.2416,10,STA,WIFI_DROP,
12.2416,11,STA,WIFI_DROP,
12.244,10,STA,WIFI_DROP,
12.244,11,STA,WIFI_DROP,
12.2464,10,STA,WIFI_DROP,
12.2464,11,STA,WIFI_DROP,
12.2488,10,STA,WIFI_DROP,
12.2488,11,STA,WIFI_DROP,
12.2512,10,STA,WIFI_DROP,
12.2512,11,STA,WIFI_DROP,
12.2536,10,STA,WIFI_DROP,
12.2536,11,STA,WIFI_DROP,
12.256,10,STA,WIFI_DROP,
12.256,11,STA,WIFI_DROP,
12.2584,10,STA,WIFI_DROP,
12.2584,11,STA,WIFI_DROP,
12.2608,10,STA,WIFI_DROP,
12.2608,11,STA,WIFI_DROP,
12.2632,10,STA,WIFI_DROP,
12.2632,11,STA,WIFI_DROP,
12.2656,10,STA,WIFI_DROP,
12.2656,11,STA,WIFI_DROP,
12.268,10,STA,WIFI_DROP,
12.268,11,STA,WIFI_DROP,
12.2704,10,STA,WIFI_DROP,
12.2704,11,STA,WIFI_DROP,
12.2728,10,STA,WIFI_DROP,
12.2728,11,STA,WIFI_DROP,
12.2752,10,STA,WIFI_DROP,
12.2752,11,STA,WIFI_DROP,
12.2776,10,STA,WIFI_DROP,
12.2776,11,STA,WIFI_DROP,
12.28,10,STA,WIFI_DROP,
12.28,11,STA,WIFI_DROP,
12.2824,10,STA,WIFI_DROP,
12.2824,11,STA,WIFI_DROP,
12.2848,10,STA,WIFI_DROP,
12.2848,11,STA,WIFI_DROP,
12.2872,10,STA,WIFI_DROP,
12.2872,11,STA,WIFI_DROP,
12.2896,10,STA,WIFI_DROP,
12.2896,11,STA,WIFI_DROP,
12.292,10,STA,WIFI_DROP,
12.292,11,STA,WIFI_DROP,
12.2944,10,STA,WIFI_DROP,
12.2944,11,STA,WIFI_DROP,
12.2968,10,STA,WIFI_DROP,
12.2968,11,STA,WIFI_DROP,
12.2992,10,STA,WIFI_DROP,
12.2992,11,STA,WIFI_DROP,
12.3016,10,STA,WIFI_DROP,
12.3016,11,STA,WIFI_DROP,
12.304,10,STA,WIFI_DROP,
12.304,11,STA,WIFI_DROP,
12.3064,10,STA,WIFI_DROP,
12.3064,11,STA,WIFI_DROP,
12.3088,10,STA,WIFI_DROP,
12.3088,11,STA,WIFI_DROP,
12.3112,10,STA,WIFI_DROP,
12.3112,11,STA,WIFI_DROP,
12.3136,10,STA,WIFI_DROP,
12.3136,11,STA,WIFI_DROP,
12.316,10,STA,WIFI_DROP,
12.316,11,STA,WIFI_DROP,
12.3184,10,STA,WIFI_DROP,
12.3208,10,STA,WIFI_DROP,
12.3232,10,STA,WIFI_DROP,
12.3256,10,STA,WIFI_DROP,
12.328,10,STA,WIFI_DROP,
12.3304,10,STA,WIFI_DROP,
12.3328,10,STA,WIFI_DROP,
12.3352,10,STA,WIFI_DROP,
12.3376,10,STA,WIFI_DROP,
12.34,10,STA,WIFI_DROP,
12.3424,10,STA,WIFI_DROP,
12.3448,10,STA,WIFI_DROP,
12.3472,10,STA,WIFI_DROP,
12.3496,10,STA,WIFI_DROP,
12.352,10,STA,WIFI_DROP,
12.3544,10,STA,WIFI_DROP,
12.3568,10,STA,WIFI_DROP,
12.3592,10,STA,WIFI_DROP,
12.3616,10,STA,WIFI_DROP,
12.364,10,STA,WIFI_DROP,
12.3664,10,STA,WIFI_DROP,
12.3688,2,STA,WIFI_DROP,
12.3688,10,STA,WIFI_DROP,
12.3712,2,STA,WIFI_DROP,
12.3712,10,STA,WIFI_DROP,
12.3736,2,STA,WIFI_DROP,
12.3736,10,STA,WIFI_DROP,
12.376,2,STA,WIFI_DROP,
12.376,10,STA,WIFI_DROP,
12.3784,2,STA,WIFI_DROP,
12.3784,10,STA,WIFI_DROP,
12.3808,2,STA,WIFI_DROP,
12.3808,10,STA,WIFI_DROP,
12.3832,2,STA,WIFI_DROP,
12.3832,10,STA,WIFI_DROP,
12.3856,2,STA,WIFI_DROP,
12.3856,10,STA,WIFI_DROP,
12.388,2,STA,WIFI_DROP,
12.388,10,STA,WIFI_DROP,
12.3904,2,STA,WIFI_DROP,
12.3904,10,STA,WIFI_DROP,
12.3928,2,STA,WIFI_DROP,
12.3928,10,STA,WIFI_DROP,
12.3952,2,STA,WIFI_DROP,
12.3952,10,STA,WIFI_DROP,
12.3976,2,STA,WIFI_DROP,
12.3976,10,STA,WIFI_DROP,
12.4,2,STA,WIFI_DROP,
12.4,10,STA,WIFI_DROP,
12.4024,2,STA,WIFI_DROP,
12.4024,10,STA,WIFI_DROP,
12.4048,2,STA,WIFI_DROP,
12.4048,10,STA,WIFI_DROP,
12.4072,2,STA,WIFI_DROP,
12.4072,10,STA,WIFI_DROP,
12.4096,2,STA,WIFI_DROP,
12.4096,10,STA,WIFI_DROP,
12.412,2,STA,WIFI_DROP,
12.412,10,STA,WIFI_DROP,
12.4144,2,STA,WIFI_DROP,
12.4144,10,STA,WIFI_DROP,
12.4168,2,STA,WIFI_DROP,
12.4168,10,STA,WIFI_DROP,
12.4192,2,STA,WIFI_DROP,
12.4192,10,STA,WIFI_DROP,
12.4216,2,STA,WIFI_DROP,
12.4216,10,STA,WIFI_DROP,
12.424,2,STA,WIFI_DROP,
12.424,10,STA,WIFI_DROP,
12.4264,2,STA,WIFI_DROP,
12.4264,10,STA,WIFI_DROP,
12.4288,2,STA,WIFI_DROP,
12.4288,10,STA,WIFI_DROP,
12.4312,2,STA,WIFI_DROP,
12.4312,10,STA,WIFI_DROP,
12.4336,2,STA,WIFI_DROP,
12.4336,10,STA,WIFI_DROP,
12.436,2,STA,WIFI_DROP,
12.436,10,STA,WIFI_DROP,
12.4384,2,STA,WIFI_DROP,
12.4384,10,STA,WIFI_DROP,
12.4408,2,STA,WIFI_DROP,
12.4408,10,STA,WIFI_DROP,
12.4432,2,STA,WIFI_DROP,
12.4432,10,STA,WIFI_DROP,
12.4456,2,STA,WIFI_DROP,
12.4456,10,STA,WIFI_DROP,
12.448,2,STA,WIFI_DROP,
12.448,10,STA,WIFI_DROP,
12.4504,2,STA,WIFI_DROP,
12.4504,10,STA,WIFI_DROP,
12.4528,2,STA,WIFI_DROP,
12.4528,10,STA,WIFI_DROP,
12.4552,2,STA,WIFI_DROP,
12.4552,10,STA,WIFI_DROP,
12.4576,2,STA,WIFI_DROP,
12.4576,10,STA,WIFI_DROP,
12.46,2,STA,WIFI_DROP,
12.46,10,STA,WIFI_DROP,
12.4624,2,STA,WIFI_DROP,
12.4624,10,STA,WIFI_DROP,
12.4648,2,STA,WIFI_DROP,
12.4648,10,STA,WIFI_DROP,
12.4672,2,STA,WIFI_DROP,
12.4672,10,STA,WIFI_DROP,
12.4696,2,STA,WIFI_DROP,
12.4696,10,STA,WIFI_DROP,
12.472,2,STA,WIFI_DROP,
12.472,10,STA,WIFI_DROP,
12.4744,2,STA,WIFI_DROP,
12.4744,10,STA,WIFI_DROP,
12.4768,2,STA,WIFI_DROP,
12.4768,10,STA,WIFI_DROP,
12.4792,2,STA,WIFI_DROP,
12.4792,10,STA,WIFI_DROP,
12.4816,2,STA,WIFI_DROP,
12.4816,10,STA,WIFI_DROP,
12.484,2,STA,WIFI_DROP,
12.484,10,STA,WIFI_DROP,
12.4864,2,STA,WIFI_DROP,
12.4864,10,STA,WIFI_DROP,
12.4888,2,STA,WIFI_DROP,
12.4888,10,STA,WIFI_DROP,
12.4912,2,STA,WIFI_DROP,
12.4912,10,STA,WIFI_DROP,
12.4936,2,STA,WIFI_DROP,
12.4936,10,STA,WIFI_DROP,
12.496,2,STA,WIFI_DROP,
12.496,10,STA,WIFI_DROP,
12.4984,2,STA,WIFI_DROP,
12.4984,10,STA,WIFI_DROP,
12.5008,2,STA,WIFI_DROP,
12.5008,10,STA,WIFI_DROP,
12.5032,2,STA,WIFI_DROP,
12.5032,10,STA,WIFI_DROP,
12.5056,2,STA,WIFI_DROP,
12.5056,10,STA,WIFI_DROP,
12.508,2,STA,WIFI_DROP,
12.508,10,STA,WIFI_DROP,
12.5104,2,STA,WIFI_DROP,
12.5104,10,STA,WIFI_DROP,
12.5128,2,STA,WIFI_DROP,
12.5128,10,STA,WIFI_DROP,
12.5152,2,STA,WIFI_DROP,
12.5152,10,STA,WIFI_DROP,
12.5176,2,STA,WIFI_DROP,
12.5176,10,STA,WIFI_DROP,
12.52,2,STA,WIFI_DROP,
12.52,10,STA,WIFI_DROP,
12.5224,2,STA,WIFI_DROP,
12.5224,10,STA,WIFI_DROP,
12.5248,2,STA,WIFI_DROP,
12.5248,10,STA,WIFI_DROP,
12.5272,2,STA,WIFI_DROP,
12.5272,10,STA,WIFI_DROP,
12.5296,2,STA,WIFI_DROP,
12.5296,10,STA,WIFI_DROP,
12.532,2,STA,WIFI_DROP,
12.532,10,STA,WIFI_DROP,
12.5344,2,STA,WIFI_DROP,
12.5344,10,STA,WIFI_DROP,
12.5368,2,STA,WIFI_DROP,
12.5368,10,STA,WIFI_DROP,
12.5392,2,STA,WIFI_DROP,
12.5392,10,STA,WIFI_DROP,
12.5416,2,STA,WIFI_DROP,
12.5416,10,STA,WIFI_DROP,
12.544,2,STA,WIFI_DROP,
12.544,10,STA,WIFI_DROP,
12.5464,2,STA,WIFI_DROP,
12.5464,10,STA,WIFI_DROP,
12.5488,2,STA,WIFI_DROP,
12.5488,10,STA,WIFI_DROP,
12.5512,2,STA,WIFI_DROP,
12.5512,10,STA,WIFI_DROP,
12.5536,2,STA,WIFI_DROP,
12.5536,10,STA,WIFI_DROP,
12.556,2,STA,WIFI_DROP,
12.556,10,STA,WIFI_DROP,
12.5584,2,STA,WIFI_DROP,
12.5584,10,STA,WIFI_DROP,
12.5608,2,STA,WIFI_DROP,
12.5608,10,STA,WIFI_DROP,
12.5632,2,STA,WIFI_DROP,
12.5632,10,STA,WIFI_DROP,
12.5656,2,STA,WIFI_DROP,
12.5656,10,STA,WIFI_DROP,
12.568,2,STA,WIFI_DROP,
12.568,10,STA,WIFI_DROP,
12.5704,2,STA,WIFI_DROP,
12.5704,10,STA,WIFI_DROP,
12.5728,2,STA,WIFI_DROP,
12.5728,10,STA,WIFI_DROP,
12.5752,2,STA,WIFI_DROP,
12.5752,10,STA,WIFI_DROP,
12.5776,2,STA,WIFI_DROP,
12.5776,10,STA,WIFI_DROP,
12.58,2,STA,WIFI_DROP,
12.58,10,STA,WIFI_DROP,
12.5824,2,STA,WIFI_DROP,
12.5824,10,STA,WIFI_DROP,
12.5848,2,STA,WIFI_DROP,
12.5848,10,STA,WIFI_DROP,
12.5872,2,STA,WIFI_DROP,
12.5872,10,STA,WIFI_DROP,
12.5896,2,STA,WIFI_DROP,
12.5896,10,STA,WIFI_DROP,
12.592,2,STA,WIFI_DROP,
12.592,10,STA,WIFI_DROP,
12.5944,2,STA,WIFI_DROP,
12.5944,10,STA,WIFI_DROP,
12.5968,2,STA,WIFI_DROP,
12.5968,10,STA,WIFI_DROP,
12.5992,2,STA,WIFI_DROP,
12.5992,10,STA,WIFI_DROP,
12.6016,2,STA,WIFI_DROP,
12.6016,10,STA,WIFI_DROP,
12.604,2,STA,WIFI_DROP,
12.604,10,STA,WIFI_DROP,
12.6064,2,STA,WIFI_DROP,
12.6064,10,STA,WIFI_DROP,
12.6088,2,STA,WIFI_DROP,
12.6088,10,STA,WIFI_DROP,
12.6112,2,STA,WIFI_DROP,
12.6112,10,STA,WIFI_DROP,
12.6136,2,STA,WIFI_DROP,
12.6136,10,STA,WIFI_DROP,
12.616,2,STA,WIFI_DROP,
12.616,10,STA,WIFI_DROP,
12.6184,2,STA,WIFI_DROP,
12.6184,10,STA,WIFI_DROP,
12.6208,2,STA,WIFI_DROP,
12.6208,10,STA,WIFI_DROP,
12.6232,2,STA,WIFI_DROP,
12.6232,10,STA,WIFI_DROP,
12.6256,2,STA,WIFI_DROP,
12.6256,10,STA,WIFI_DROP,
12.628,2,STA,WIFI_DROP,
12.628,10,STA,WIFI_DROP,
12.6304,2,STA,WIFI_DROP,
12.6304,10,STA,WIFI_DROP,
12.6328,2,STA,WIFI_DROP,
12.6328,10,STA,WIFI_DROP,
12.6352,2,STA,WIFI_DROP,
12.6352,10,STA,WIFI_DROP,
12.6376,2,STA,WIFI_DROP,
12.6376,10,STA,WIFI_DROP,
12.64,2,STA,WIFI_DROP,
12.64,10,STA,WIFI_DROP,
12.6424,2,STA,WIFI_DROP,
12.6424,10,STA,WIFI_DROP,
12.6448,2,STA,WIFI_DROP,
12.6448,10,STA,WIFI_DROP,
12.6472,2,STA,WIFI_DROP,
12.6472,10,STA,WIFI_DROP,
12.6496,2,STA,WIFI_DROP,
12.6496,10,STA,WIFI_DROP,
12.652,2,STA,WIFI_DROP,
12.652,10,STA,WIFI_DROP,
12.6544,2,STA,WIFI_DROP,
12.6544,10,STA,WIFI_DROP,
12.6568,2,STA,WIFI_DROP,
12.6568,10,STA,WIFI_DROP,
12.6592,2,STA,WIFI_DROP,
12.6592,10,STA,WIFI_DROP,
12.6616,2,STA,WIFI_DROP,
12.6616,10,STA,WIFI_DROP,
12.664,2,STA,WIFI_DROP,
12.664,10,STA,WIFI_DROP,
12.6664,2,STA,WIFI_DROP,
12.6664,10,STA,WIFI_DROP,
12.6688,2,STA,WIFI_DROP,
12.6688,10,STA,WIFI_DROP,
12.6712,2,STA,WIFI_DROP,
12.6712,10,STA,WIFI_DROP,
12.6736,2,STA,WIFI_DROP,
12.6736,10,STA,WIFI_DROP,
12.676,2,STA,WIFI_DROP,
12.676,10,STA,WIFI_DROP,
12.6784,2,STA,WIFI_DROP,
12.6784,10,STA,WIFI_DROP,
12.6808,2,STA,WIFI_DROP,
12.6808,10,STA,WIFI_DROP,
12.6832,2,STA,WIFI_DROP,
12.6832,10,STA,WIFI_DROP,
12.6856,2,STA,WIFI_DROP,
12.6856,10,STA,WIFI_DROP,
12.688,2,STA,WIFI_DROP,
12.688,10,STA,WIFI_DROP,
12.6904,2,STA,WIFI_DROP,
12.6904,10,STA,WIFI_DROP,
12.6928,2,STA,WIFI_DROP,
12.6928,10,STA,WIFI_DROP,
12.6952,2,STA,WIFI_DROP,
12.6952,10,STA,WIFI_DROP,
12.6976,2,STA,WIFI_DROP,
12.6976,10,STA,WIFI_DROP,
12.7,2,STA,WIFI_DROP,
12.7,10,STA,WIFI_DROP,
12.7024,2,STA,WIFI_DROP,
12.7024,10,STA,WIFI_DROP,
12.7048,2,STA,WIFI_DROP,
12.7048,10,STA,WIFI_DROP,
12.7072,2,STA,WIFI_DROP,
12.7072,10,STA,WIFI_DROP,
12.7096,2,STA,WIFI_DROP,
12.7096,10,STA,WIFI_DROP,
12.712,2,STA,WIFI_DROP,
12.712,10,STA,WIFI_DROP,
12.7144,2,STA,WIFI_DROP,
12.7144,10,STA,WIFI_DROP,
12.7168,2,STA,WIFI_DROP,
12.7168,10,STA,WIFI_DROP,
12.7192,2,STA,WIFI_DROP,
12.7216,2,STA,WIFI_DROP,
12.724,2,STA,WIFI_DROP,
12.7264,2,STA,WIFI_DROP,
12.7288,2,STA,WIFI_DROP,
12.7312,2,STA,WIFI_DROP,
12.7336,2,STA,WIFI_DROP,
12.736,2,STA,WIFI_DROP,
12.7384,2,STA,WIFI_DROP,
12.7408,2,STA,WIFI_DROP,
12.7432,2,STA,WIFI_DROP,
12.7456,2,STA,WIFI_DROP,
12.748,2,STA,WIFI_DROP,
12.7504,2,STA,WIFI_DROP,
12.7528,2,STA,WIFI_DROP,
12.7552,2,STA,WIFI_DROP,
12.7576,2,STA,WIFI_DROP,
12.76,2,STA,WIFI_DROP,
12.7624,2,STA,WIFI_DROP,
12.7648,2,STA,WIFI_DROP,
12.7672,2,STA,WIFI_DROP,
12.7696,2,STA,WIFI_DROP,
12.772,2,STA,WIFI_DROP,
12.7744,2,STA,WIFI_DROP,
12.7768,2,STA,WIFI_DROP,
12.7792,2,STA,WIFI_DROP,
12.7816,2,STA,WIFI_DROP,
12.784,2,STA,WIFI_DROP,
12.7864,2,STA,WIFI_DROP,
12.7888,2,STA,WIFI_DROP,
12.7912,2,STA,WIFI_DROP,
12.7936,2,STA,WIFI_DROP,
12.796,2,STA,WIFI_DROP,
12.7984,2,STA,WIFI_DROP,
12.8008,2,STA,WIFI_DROP,
12.8032,2,STA,WIFI_DROP,
12.8056,2,STA,WIFI_DROP,
12.808,2,STA,WIFI_DROP,
12.8104,2,STA,WIFI_DROP,
12.8128,2,STA,WIFI_DROP,
12.8152,2,STA,WIFI_DROP,
12.8176,2,STA,WIFI_DROP,
12.82,2,STA,WIFI_DROP,
12.8224,2,STA,WIFI_DROP,
12.8248,2,STA,WIFI_DROP,
12.8272,2,STA,WIFI_DROP,
12.8296,2,STA,WIFI_DROP,
12.832,2,STA,WIFI_DROP,
12.8344,2,STA,WIFI_DROP,
12.8368,2,STA,WIFI_DROP,
12.8392,2,STA,WIFI_DROP,
12.8416,2,STA,WIFI_DROP,
12.844,2,STA,WIFI_DROP,
12.8464,2,STA,WIFI_DROP,
12.8488,2,STA,WIFI_DROP,
12.8512,2,STA,WIFI_DROP,
12.8536,2,STA,WIFI_DROP,
12.856,2,STA,WIFI_DROP,
12.8584,2,STA,WIFI_DROP,
12.8608,2,STA,WIFI_DROP,
12.8632,2,STA,WIFI_DROP,
12.8656,2,STA,WIFI_DROP,
12.868,2,STA,WIFI_DROP,
12.8704,2,STA,WIFI_DROP,
12.8728,2,STA,WIFI_DROP,
12.8752,2,STA,WIFI_DROP,
12.8776,2,STA,WIFI_DROP,
12.88,2,STA,WIFI_DROP,
12.8824,2,STA,WIFI_DROP,
12.8848,2,STA,WIFI_DROP,
12.8872,2,STA,WIFI_DROP,
12.8896,2,STA,WIFI_DROP,
12.892,2,STA,WIFI_DROP,
12.8944,2,STA,WIFI_DROP,
12.8968,2,STA,WIFI_DROP,
12.8992,2,STA,WIFI_DROP,
12.9016,2,STA,WIFI_DROP,
12.904,2,STA,WIFI_DROP,
12.9064,2,STA,WIFI_DROP,
12.9088,2,STA,WIFI_DROP,
12.9112,2,STA,WIFI_DROP,
12.9136,2,STA,WIFI_DROP,
12.916,2,STA,WIFI_DROP,
12.9184,2,STA,WIFI_DROP,
12.9208,2,STA,WIFI_DROP,
12.9832,15,STA,WIFI_DROP,
12.9832,16,STA,WIFI_DROP,
12.9856,15,STA,WIFI_DROP,
12.9856,16,STA,WIFI_DROP,
12.988,15,STA,WIFI_DROP,
12.988,16,STA,WIFI_DROP,
12.9904,15,STA,WIFI_DROP,
12.9904,16,STA,WIFI_DROP,
12.9928,15,STA,WIFI_DROP,
12.9928,16,STA,WIFI_DROP,
12.9952,15,STA,WIFI_DROP,
12.9952,16,STA,WIFI_DROP,
12.9976,15,STA,WIFI_DROP,
12.9976,16,STA,WIFI_DROP,
13,9,STA,THROUGHPUT_MBPS,1.512000
13,10,STA,THROUGHPUT_MBPS,0.336000
13,13,STA,THROUGHPUT_MBPS,1.788000
13,14,STA,THROUGHPUT_MBPS,2.076000
13,15,STA,THROUGHPUT_MBPS,1.020000
13,1,AP,AGGREGATE_THROUGHPUT_MBPS,6.732000
13,1,AP,SENT_COUNT,8320.000000
13,1,AP,RECV_COUNT,561.000000
13,1,AP,LATENCY_P95_MS,535.567044
13,15,STA,WIFI_DROP,
13,16,STA,WIFI_DROP,
13.0024,15,STA,WIFI_DROP,
13.0024,16,STA,WIFI_DROP,
13.0048,15,STA,WIFI_DROP,
13.0048,16,STA,WIFI_DROP,
13.0072,15,STA,WIFI_DROP,
13.0072,16,STA,WIFI_DROP,
13.0096,15,STA,WIFI_DROP,
13.0096,16,STA,WIFI_DROP,
13.012,15,STA,WIFI_DROP,
13.012,16,STA,WIFI_DROP,
13.0144,15,STA,WIFI_DROP,
13.0144,16,STA,WIFI_DROP,
13.0168,15,STA,WIFI_DROP,
13.0168,16,STA,WIFI_DROP,
13.0192,15,STA,WIFI_DROP,
13.0192,16,STA,WIFI_DROP,
13.0216,15,STA,WIFI_DROP,
13.0216,16,STA,WIFI_DROP,
13.024,15,STA,WIFI_DROP,
13.024,16,STA,WIFI_DROP,
13.0264,15,STA,WIFI_DROP,
13.0264,16,STA,WIFI_DROP,
13.0288,15,STA,WIFI_DROP,
13.0288,16,STA,WIFI_DROP,
13.0312,15,STA,WIFI_DROP,
13.0312,16,STA,WIFI_DROP,
13.0336,15,STA,WIFI_DROP,
13.0336,16,STA,WIFI_DROP,
13.036,15,STA,WIFI_DROP,
13.036,16,STA,WIFI_DROP,
13.0384,15,STA,WIFI_DROP,
13.0384,16,STA,WIFI_DROP,
13.0408,15,STA,WIFI_DROP,
13.0408,16,STA,WIFI_DROP,
13.0432,15,STA,WIFI_DROP,
13.0432,16,STA,WIFI_DROP,
13.0456,15,STA,WIFI_DROP,
13.0456,16,STA,WIFI_DROP,
13.048,15,STA,WIFI_DROP,
13.048,16,STA,WIFI_DROP,
13.0504,15,STA,WIFI_DROP,
13.0504,16,STA,WIFI_DROP,
13.0528,15,STA,WIFI_DROP,
13.0528,16,STA,WIFI_DROP,
13.0552,15,STA,WIFI_DROP,
13.0552,16,STA,WIFI_DROP,
13.0576,15,STA,WIFI_DROP,
13.0576,16,STA,WIFI_DROP,
13.06,15,STA,WIFI_DROP,
13.06,16,STA,WIFI_DROP,
13.0624,15,STA,WIFI_DROP,
13.0624,16,STA,WIFI_DROP,
13.0648,15,STA,WIFI_DROP,
13.0648,16,STA,WIFI_DROP,
13.0672,15,STA,WIFI_DROP,
13.0672,16,STA,WIFI_DROP,
13.0696,15,STA,WIFI_DROP,
13.0696,16,STA,WIFI_DROP,
13.072,15,STA,WIFI_DROP,
13.072,16,STA,WIFI_DROP,
13.0744,15,STA,WIFI_DROP,
13.0744,16,STA,WIFI_DROP,
13.0768,15,STA,WIFI_DROP,
13.0768,16,STA,WIFI_DROP,
13.0792,15,STA,WIFI_DROP,
13.0792,16,STA,WIFI_DROP,
13.0816,15,STA,WIFI_DROP,
13.0816,16,STA,WIFI_DROP,
13.084,15,STA,WIFI_DROP,
13.084,16,STA,WIFI_DROP,
13.0864,15,STA,WIFI_DROP,
13.0864,16,STA,WIFI_DROP,
13.0864,17,STA,WIFI_DROP,
13.0864,18,STA,WIFI_DROP,
13.0888,15,STA,WIFI_DROP,
13.0888,16,STA,WIFI_DROP,
13.0888,17,STA,WIFI_DROP,
13.0888,18,STA,WIFI_DROP,
13.0912,15,STA,WIFI_DROP,
13.0912,16,STA,WIFI_DROP,
13.0912,17,STA,WIFI_DROP,
13.0912,18,STA,WIFI_DROP,
13.0936,15,STA,WIFI_DROP,
13.0936,16,STA,WIFI_DROP,
13.0936,17,STA,WIFI_DROP,
13.0936,18,STA,WIFI_DROP,
13.096,15,STA,WIFI_DROP,
13.096,16,STA,WIFI_DROP,
13.096,17,STA,WIFI_DROP,
13.096,18,STA,WIFI_DROP,
13.0984,15,STA,WIFI_DROP,
13.0984,16,STA,WIFI_DROP,
13.0984,17,STA,WIFI_DROP,
13.0984,18,STA,WIFI_DROP,
13.1008,15,STA,WIFI_DROP,
13.1008,16,STA,WIFI_DROP,
13.1008,17,STA,WIFI_DROP,
13.1008,18,STA,WIFI_DROP,
13.1032,15,STA,WIFI_DROP,
13.1032,16,STA,WIFI_DROP,
13.1032,17,STA,WIFI_DROP,
13.1032,18,STA,WIFI_DROP,
13.1056,15,STA,WIFI_DROP,
13.1056,16,STA,WIFI_DROP,
13.1056,17,STA,WIFI_DROP,
13.1056,18,STA,WIFI_DROP,
13.108,15,STA,WIFI_DROP,
13.108,16,STA,WIFI_DROP,
13.108,17,STA,WIFI_DROP,
13.108,18,STA,WIFI_DROP,
13.1104,15,STA,WIFI_DROP,
13.1104,16,STA,WIFI_DROP,
13.1104,17,STA,WIFI_DROP,
13.1104,18,STA,WIFI_DROP,
13.1128,15,STA,WIFI_DROP,
13.1128,16,STA,WIFI_DROP,
13.1128,17,STA,WIFI_DROP,
13.1128,18,STA,WIFI_DROP,
13.1152,15,STA,WIFI_DROP,
13.1152,16,STA,WIFI_DROP,
13.1152,17,STA,WIFI_DROP,
13.1152,18,STA,WIFI_DROP,
13.1176,15,STA,WIFI_DROP,
13.1176,16,STA,WIFI_DROP,
13.1176,17,STA,WIFI_DROP,
13.1176,18,STA,WIFI_DROP,
13.12,15,STA,WIFI_DROP,
13.12,16,STA,WIFI_DROP,
13.12,17,STA,WIFI_DROP,
13.12,18,STA,WIFI_DROP,
13.1224,15,STA,WIFI_DROP,
13.1224,16,STA,WIFI_DROP,
13.1224,17,STA,WIFI_DROP,
13.1224,18,STA,WIFI_DROP,
13.1248,15,STA,WIFI_DROP,
13.1248,16,STA,WIFI_DROP,
13.1248,17,STA,WIFI_DROP,
13.1248,18,STA,WIFI_DROP,
13.1272,15,STA,WIFI_DROP,
13.1272,16,STA,WIFI_DROP,
13.1272,17,STA,WIFI_DROP,
13.1272,18,STA,WIFI_DROP,
13.1296,15,STA,WIFI_DROP,
13.1296,16,STA,WIFI_DROP,
13.1296,17,STA,WIFI_DROP,
13.1296,18,STA,WIFI_DROP,
13.132,15,STA,WIFI_DROP,
13.132,16,STA,WIFI_DROP,
13.132,17,STA,WIFI_DROP,
13.132,18,STA,WIFI_DROP,
13.1344,15,STA,WIFI_DROP,
13.1344,16,STA,WIFI_DROP,
13.1344,17,STA,WIFI_DROP,
13.1344,18,STA,WIFI_DROP,
13.1368,15,STA,WIFI_DROP,
13.1368,16,STA,WIFI_DROP,
13.1368,17,STA,WIFI_DROP,
13.1368,18,STA,WIFI_DROP,
13.1392,15,STA,WIFI_DROP,
13.1392,16,STA,WIFI_DROP,
13.1392,17,STA,WIFI_DROP,
13.1392,18,STA,WIFI_DROP,
13.1416,15,STA,WIFI_DROP,
13.1416,16,STA,WIFI_DROP,
13.1416,17,STA,WIFI_DROP,
13.1416,18,STA,WIFI_DROP,
13.144,15,STA,WIFI_DROP,
13.144,16,STA,WIFI_DROP,
13.144,17,STA,WIFI_DROP,
13.144,18,STA,WIFI_DROP,
13.1464,15,STA,WIFI_DROP,
13.1464,16,STA,WIFI_DROP,
13.1464,17,STA,WIFI_DROP,
13.1464,18,STA,WIFI_DROP,
13.1488,15,STA,WIFI_DROP,
13.1488,16,STA,WIFI_DROP,
13.1488,17,STA,WIFI_DROP,
13.1488,18,STA,WIFI_DROP,
13.1512,15,STA,WIFI_DROP,
13.1512,16,STA,WIFI_DROP,
13.1512,17,STA,WIFI_DROP,
13.1512,18,STA,WIFI_DROP,
13.1536,15,STA,WIFI_DROP,
13.1536,16,STA,WIFI_DROP,
13.1536,17,STA,WIFI_DROP,
13.1536,18,STA,WIFI_DROP,
13.156,15,STA,WIFI_DROP,
13.156,16,STA,WIFI_DROP,
13.156,17,STA,WIFI_DROP,
13.156,18,STA,WIFI_DROP,
13.1584,15,STA,WIFI_DROP,
13.1584,16,STA,WIFI_DROP,
13.1584,17,STA,WIFI_DROP,
13.1584,18,STA,WIFI_DROP,
13.1608,15,STA,WIFI_DROP,
13.1608,16,STA,WIFI_DROP,
13.1608,17,STA,WIFI_DROP,
13.1608,18,STA,WIFI_DROP,
13.1632,15,STA,WIFI_DROP,
13.1632,16,STA,WIFI_DROP,
13.1632,17,STA,WIFI_DROP,
13.1632,18,STA,WIFI_DROP,
13.1656,15,STA,WIFI_DROP,
13.1656,16,STA,WIFI_DROP,
13.1656,17,STA,WIFI_DROP,
13.1656,18,STA,WIFI_DROP,
13.168,15,STA,WIFI_DROP,
13.168,16,STA,WIFI_DROP,
13.168,17,STA,WIFI_DROP,
13.168,18,STA,WIFI_DROP,
13.1704,15,STA,WIFI_DROP,
13.1704,16,STA,WIFI_DROP,
13.1704,17,STA,WIFI_DROP,
13.1704,18,STA,WIFI_DROP,
13.1728,15,STA,WIFI_DROP,
13.1728,16,STA,WIFI_DROP,
13.1728,17,STA,WIFI_DROP,
13.1728,18,STA,WIFI_DROP,
13.1752,15,STA,WIFI_DROP,
13.1752,16,STA,WIFI_DROP,
13.1752,17,STA,WIFI_DROP,
13.1752,18,STA,WIFI_DROP,
13.1776,15,STA,WIFI_DROP,
13.1776,16,STA,WIFI_DROP,
13.1776,17,STA,WIFI_DROP,
13.1776,18,STA,WIFI_DROP,
13.18,15,STA,WIFI_DROP,
13.18,16,STA,WIFI_DROP,
13.18,17,STA,WIFI_DROP,
13.18,18,STA,WIFI_DROP,
13.1824,15,STA,WIFI_DROP,
13.1824,16,STA,WIFI_DROP,
13.1824,17,STA,WIFI_DROP,
13.1824,18,STA,WIFI_DROP,
13.1848,15,STA,WIFI_DROP,
13.1848,16,STA,WIFI_DROP,
13.1848,17,STA,WIFI_DROP,
13.1848,18,STA,WIFI_DROP,
13.1872,15,STA,WIFI_DROP,
13.1872,16,STA,WIFI_DROP,
13.1872,17,STA,WIFI_DROP,
13.1872,18,STA,WIFI_DROP,
13.1896,5,STA,WIFI_DROP,
13.1896,6,STA,WIFI_DROP,
13.1896,15,STA,WIFI_DROP,
13.1896,16,STA,WIFI_DROP,
13.1896,17,STA,WIFI_DROP,
13.1896,18,STA,WIFI_DROP,
13.192,5,STA,WIFI_DROP,
13.192,6,STA,WIFI_DROP,
13.192,15,STA,WIFI_DROP,
13.192,16,STA,WIFI_DROP,
13.192,17,STA,WIFI_DROP,
13.192,18,STA,WIFI_DROP,
13.1944,5,STA,WIFI_DROP,
13.1944,6,STA,WIFI_DROP,
13.1944,15,STA,WIFI_DROP,
13.1944,16,STA,WIFI_DROP,
13.1944,17,STA,WIFI_DROP,
13.1944,18,STA,WIFI_DROP,
13.1968,5,STA,WIFI_DROP,
13.1968,6,STA,WIFI_DROP,
13.1968,15,STA,WIFI_DROP,
13.1968,16,STA,WIFI_DROP,
13.1968,17,STA,WIFI_DROP,
13.1968,18,STA,WIFI_DROP,
13.1992,5,STA,WIFI_DROP,
13.1992,6,STA,WIFI_DROP,
13.1992,15,STA,WIFI_DROP,
13.1992,16,STA,WIFI_DROP,
13.1992,17,STA,WIFI_DROP,
13.1992,18,STA,WIFI_DROP,
13.2016,5,STA,WIFI_DROP,
13.2016,6,STA,WIFI_DROP,
13.2016,15,STA,WIFI_DROP,
13.2016,16,STA,WIFI_DROP,
13.2016,17,STA,WIFI_DROP,
13.2016,18,STA,WIFI_DROP,
13.204,5,STA,WIFI_DROP,
13.204,6,STA,WIFI_DROP,
13.204,15,STA,WIFI_DROP,
13.204,16,STA,WIFI_DROP,
13.204,17,STA,WIFI_DROP,
13.204,18,STA,WIFI_DROP,
13.2064,5,STA,WIFI_DROP,
13.2064,6,STA,WIFI_DROP,
13.2064,15,STA,WIFI_DROP,
13.2064,16,STA,WIFI_DROP,
13.2064,17,STA,WIFI_DROP,
13.2064,18,STA,WIFI_DROP,
13.2088,5,STA,WIFI_DROP,
13.2088,6,STA,WIFI_DROP,
13.2088,15,STA,WIFI_DROP,
13.2088,16,STA,WIFI_DROP,
13.2088,17,STA,WIFI_DROP,
13.2088,18,STA,WIFI_DROP,
13.2112,5,STA,WIFI_DROP,
13.2112,6,STA,WIFI_DROP,
13.2112,15,STA,WIFI_DROP,
13.2112,16,STA,WIFI_DROP,
13.2112,17,STA,WIFI_DROP,
13.2112,18,STA,WIFI_DROP,
13.2136,5,STA,WIFI_DROP,
13.2136,6,STA,WIFI_DROP,
13.2136,15,STA,WIFI_DROP,
13.2136,16,STA,WIFI_DROP,
13.2136,17,STA,WIFI_DROP,
13.2136,18,STA,WIFI_DROP,
13.216,5,STA,WIFI_DROP,
13.216,6,STA,WIFI_DROP,
13.216,15,STA,WIFI_DROP,
13.216,16,STA,WIFI_DROP,
13.216,17,STA,WIFI_DROP,
13.216,18,STA,WIFI_DROP,
13.2184,5,STA,WIFI_DROP,
13.2184,6,STA,WIFI_DROP,
13.2184,15,STA,WIFI_DROP,
13.2184,16,STA,WIFI_DROP,
13.2184,17,STA,WIFI_DROP,
13.2184,18,STA,WIFI_DROP,
13.2208,5,STA,WIFI_DROP,
13.2208,6,STA,WIFI_DROP,
13.2208,15,STA,WIFI_DROP,
13.2208,16,STA,WIFI_DROP,
13.2208,17,STA,WIFI_DROP,
13.2208,18,STA,WIFI_DROP,
13.2232,5,STA,WIFI_DROP,
13.2232,6,STA,WIFI_DROP,
13.2232,15,STA,WIFI_DROP,
13.2232,16,STA,WIFI_DROP,
13.2232,17,STA,WIFI_DROP,
13.2232,18,STA,WIFI_DROP,
13.2256,5,STA,WIFI_DROP,
13.2256,6,STA,WIFI_DROP,
13.2256,15,STA,WIFI_DROP,
13.2256,16,STA,WIFI_DROP,
13.2256,17,STA,WIFI_DROP,
13.2256,18,STA,WIFI_DROP,
13.228,5,STA,WIFI_DROP,
13.228,6,STA,WIFI_DROP,
13.228,15,STA,WIFI_DROP,
13.228,16,STA,WIFI_DROP,
13.228,17,STA,WIFI_DROP,
13.228,18,STA,WIFI_DROP,
13.2304,5,STA,WIFI_DROP,
13.2304,6,STA,WIFI_DROP,
13.2304,15,STA,WIFI_DROP,
13.2304,16,STA,WIFI_DROP,
13.2304,17,STA,WIFI_DROP,
13.2304,18,STA,WIFI_DROP,
13.2328,5,STA,WIFI_DROP,
13.2328,6,STA,WIFI_DROP,
13.2328,15,STA,WIFI_DROP,
13.2328,16,STA,WIFI_DROP,
13.2328,17,STA,WIFI_DROP,
13.2328,18,STA,WIFI_DROP,
13.2352,5,STA,WIFI_DROP,
13.2352,6,STA,WIFI_DROP,
13.2352,15,STA,WIFI_DROP,
13.2352,16,STA,WIFI_DROP,
13.2352,17,STA,WIFI_DROP,
13.2352,18,STA,WIFI_DROP,
13.2376,5,STA,WIFI_DROP,
13.2376,6,STA,WIFI_DROP,
13.2376,15,STA,WIFI_DROP,
13.2376,16,STA,WIFI_DROP,
13.2376,17,STA,WIFI_DROP,
13.2376,18,STA,WIFI_DROP,
13.24,5,STA,WIFI_DROP,
13.24,6,STA,WIFI_DROP,
13.24,15,STA,WIFI_DROP,
13.24,16,STA,WIFI_DROP,
13.24,17,STA,WIFI_DROP,
13.24,18,STA,WIFI_DROP,
13.2424,5,STA,WIFI_DROP,
13.2424,6,STA,WIFI_DROP,
13.2424,15,STA,WIFI_DROP,
13.2424,16,STA,WIFI_DROP,
13.2424,17,STA,WIFI_DROP,
13.2424,18,STA,WIFI_DROP,
13.2448,5,STA,WIFI_DROP,
13.2448,6,STA,WIFI_DROP,
13.2448,15,STA,WIFI_DROP,
13.2448,16,STA,WIFI_DROP,
13.2448,17,STA,WIFI_DROP,
13.2448,18,STA,WIFI_DROP,
13.2472,5,STA,WIFI_DROP,
13.2472,6,STA,WIFI_DROP,
13.2472,15,STA,WIFI_DROP,
13.2472,16,STA,WIFI_DROP,
13.2472,17,STA,WIFI_DROP,
13.2472,18,STA,WIFI_DROP,
13.2496,5,STA,WIFI_DROP,
13.2496,6,STA,WIFI_DROP,
13.2496,15,STA,WIFI_DROP,
13.2496,16,STA,WIFI_DROP,
13.2496,17,STA,WIFI_DROP,
13.2496,18,STA,WIFI_DROP,
13.252,5,STA,WIFI_DROP,
13.252,6,STA,WIFI_DROP,
13.252,15,STA,WIFI_DROP,
13.252,16,STA,WIFI_DROP,
13.252,17,STA,WIFI_DROP,
13.252,18,STA,WIFI_DROP,
13.2544,5,STA,WIFI_DROP,
13.2544,6,STA,WIFI_DROP,
13.2544,15,STA,WIFI_DROP,
13.2544,16,STA,WIFI_DROP,
13.2544,17,STA,WIFI_DROP,
13.2544,18,STA,WIFI_DROP,
13.2568,5,STA,WIFI_DROP,
13.2568,6,STA,WIFI_DROP,
13.2568,15,STA,WIFI_DROP,
13.2568,16,STA,WIFI_DROP,
13.2568,17,STA,WIFI_DROP,
13.2568,18,STA,WIFI_DROP,
13.2592,5,STA,WIFI_DROP,
13.2592,6,STA,WIFI_DROP,
13.2592,15,STA,WIFI_DROP,
13.2592,16,STA,WIFI_DROP,
13.2592,17,STA,WIFI_DROP,
13.2592,18,STA,WIFI_DROP,
13.2616,5,STA,WIFI_DROP,
13.2616,6,STA,WIFI_DROP,
13.2616,15,STA,WIFI_DROP,
13.2616,16,STA,WIFI_DROP,
13.2616,17,STA,WIFI_DROP,
13.2616,18,STA,WIFI_DROP,
13.264,5,STA,WIFI_DROP,
13.264,6,STA,WIFI_DROP,
13.264,15,STA,WIFI_DROP,
13.264,16,STA,WIFI_DROP,
13.264,17,STA,WIFI_DROP,
13.264,18,STA,WIFI_DROP,
13.2664,5,STA,WIFI_DROP,
13.2664,6,STA,WIFI_DROP,
13.2664,15,STA,WIFI_DROP,
13.2664,16,STA,WIFI_DROP,
13.2664,17,STA,WIFI_DROP,
13.2664,18,STA,WIFI_DROP,
13.2688,5,STA,WIFI_DROP,
13.2688,6,STA,WIFI_DROP,
13.2688,15,STA,WIFI_DROP,
13.2688,16,STA,WIFI_DROP,
13.2688,17,STA,WIFI_DROP,
13.2688,18,STA,WIFI_DROP,
13.2712,5,STA,WIFI_DROP,
13.2712,6,STA,WIFI_DROP,
13.2712,15,STA,WIFI_DROP,
13.2712,16,STA,WIFI_DROP,
13.2712,17,STA,WIFI_DROP,
13.2712,18,STA,WIFI_DROP,
13.2736,5,STA,WIFI_DROP,
13.2736,6,STA,WIFI_DROP,
13.2736,15,STA,WIFI_DROP,
13.2736,16,STA,WIFI_DROP,
13.2736,17,STA,WIFI_DROP,
13.2736,18,STA,WIFI_DROP,
13.276,5,STA,WIFI_DROP,
13.276,6,STA,WIFI_DROP,
13.276,15,STA,WIFI_DROP,
13.276,16,STA,WIFI_DROP,
13.276,17,STA,WIFI_DROP,
13.276,18,STA,WIFI_DROP,
13.2784,5,STA,WIFI_DROP,
13.2784,6,STA,WIFI_DROP,
13.2784,15,STA,WIFI_DROP,
13.2784,16,STA,WIFI_DROP,
13.2784,17,STA,WIFI_DROP,
13.2784,18,STA,WIFI_DROP,
13.2808,5,STA,WIFI_DROP,
13.2808,6,STA,WIFI_DROP,
13.2808,15,STA,WIFI_DROP,
13.2808,16,STA,WIFI_DROP,
13.2808,17,STA,WIFI_DROP,
13.2808,18,STA,WIFI_DROP,
13.2832,5,STA,WIFI_DROP,
13.2832,6,STA,WIFI_DROP,
13.2832,15,STA,WIFI_DROP,
13.2832,16,STA,WIFI_DROP,
13.2832,17,STA,WIFI_DROP,
13.2832,18,STA,WIFI_DROP,
13.2856,5,STA,WIFI_DROP,
13.2856,6,STA,WIFI_DROP,
13.2856,15,STA,WIFI_DROP,
13.2856,16,STA,WIFI_DROP,
13.2856,17,STA,WIFI_DROP,
13.2856,18,STA,WIFI_DROP,
13.288,5,STA,WIFI_DROP,
13.288,6,STA,WIFI_DROP,
13.288,15,STA,WIFI_DROP,
13.288,16,STA,WIFI_DROP,
13.288,17,STA,WIFI_DROP,
13.288,18,STA,WIFI_DROP,
13.2904,5,STA,WIFI_DROP,
13.2904,6,STA,WIFI_DROP,
13.2904,15,STA,WIFI_DROP,
13.2904,16,STA,WIFI_DROP,
13.2904,17,STA,WIFI_DROP,
13.2904,18,STA,WIFI_DROP,
13.2928,5,STA,WIFI_DROP,
13.2928,6,STA,WIFI_DROP,
13.2928,15,STA,WIFI_DROP,
13.2928,16,STA,WIFI_DROP,
13.2928,17,STA,WIFI_DROP,
13.2928,18,STA,WIFI_DROP,
13.2952,5,STA,WIFI_DROP,
13.2952,6,STA,WIFI_DROP,
13.2952,15,STA,WIFI_DROP,
13.2952,16,STA,WIFI_DROP,
13.2952,17,STA,WIFI_DROP,
13.2952,18,STA,WIFI_DROP,
13.2976,5,STA,WIFI_DROP,
13.2976,6,STA,WIFI_DROP,
13.2976,15,STA,WIFI_DROP,
13.2976,16,STA,WIFI_DROP,
13.2976,17,STA,WIFI_DROP,
13.2976,18,STA,WIFI_DROP,
13.3,5,STA,WIFI_DROP,
13.3,6,STA,WIFI_DROP,
13.3,15,STA,WIFI_DROP,
13.3,16,STA,WIFI_DROP,
13.3,17,STA,WIFI_DROP,
13.3,18,STA,WIFI_DROP,
13.3024,5,STA,WIFI_DROP,
13.3024,6,STA,WIFI_DROP,
13.3024,15,STA,WIFI_DROP,
13.3024,16,STA,WIFI_DROP,
13.3024,17,STA,WIFI_DROP,
13.3024,18,STA,WIFI_DROP,
13.3048,5,STA,WIFI_DROP,
13.3048,6,STA,WIFI_DROP,
13.3048,15,STA,WIFI_DROP,
13.3048,16,STA,WIFI_DROP,
13.3048,17,STA,WIFI_DROP,
13.3048,18,STA,WIFI_DROP,
13.3072,5,STA,WIFI_DROP,
13.3072,6,STA,WIFI_DROP,
13.3072,15,STA,WIFI_DROP,
13.3072,16,STA,WIFI_DROP,
13.3072,17,STA,WIFI_DROP,
13.3072,18,STA,WIFI_DROP,
13.3096,5,STA,WIFI_DROP,
13.3096,6,STA,WIFI_DROP,
13.3096,15,STA,WIFI_DROP,
13.3096,16,STA,WIFI_DROP,
13.3096,17,STA,WIFI_DROP,
13.3096,18,STA,WIFI_DROP,
13.312,5,STA,WIFI_DROP,
13.312,6,STA,WIFI_DROP,
13.312,15,STA,WIFI_DROP,
13.312,16,STA,WIFI_DROP,
13.312,17,STA,WIFI_DROP,
13.312,18,STA,WIFI_DROP,
13.3144,5,STA,WIFI_DROP,
13.3144,6,STA,WIFI_DROP,
13.3144,15,STA,WIFI_DROP,
13.3144,16,STA,WIFI_DROP,
13.3144,17,STA,WIFI_DROP,
13.3144,18,STA,WIFI_DROP,
13.3168,5,STA,WIFI_DROP,
13.3168,6,STA,WIFI_DROP,
13.3168,15,STA,WIFI_DROP,
13.3168,16,STA,WIFI_DROP,
13.3168,17,STA,WIFI_DROP,
13.3168,18,STA,WIFI_DROP,
13.3192,5,STA,WIFI_DROP,
13.3192,6,STA,WIFI_DROP,
13.3192,15,STA,WIFI_DROP,
13.3192,16,STA,WIFI_DROP,
13.3192,17,STA,WIFI_DROP,
13.3192,18,STA,WIFI_DROP,
13.3216,5,STA,WIFI_DROP,
13.3216,6,STA,WIFI_DROP,
13.3216,15,STA,WIFI_DROP,
13.3216,16,STA,WIFI_DROP,
13.3216,17,STA,WIFI_DROP,
13.3216,18,STA,WIFI_DROP,
13.324,5,STA,WIFI_DROP,
13.324,6,STA,WIFI_DROP,
13.324,15,STA,WIFI_DROP,
13.324,16,STA,WIFI_DROP,
13.324,17,STA,WIFI_DROP,
13.324,18,STA,WIFI_DROP,
13.3264,5,STA,WIFI_DROP,
13.3264,6,STA,WIFI_DROP,
13.3264,15,STA,WIFI_DROP,
13.3264,16,STA,WIFI_DROP,
13.3264,17,STA,WIFI_DROP,
13.3264,18,STA,WIFI_DROP,
13.3288,5,STA,WIFI_DROP,
13.3288,6,STA,WIFI_DROP,
13.3288,15,STA,WIFI_DROP,
13.3288,16,STA,WIFI_DROP,
13.3288,17,STA,WIFI_DROP,
13.3288,18,STA,WIFI_DROP,
13.3312,5,STA,WIFI_DROP,
13.3312,6,STA,WIFI_DROP,
13.3312,15,STA,WIFI_DROP,
13.3312,16,STA,WIFI_DROP,
13.3312,17,STA,WIFI_DROP,
13.3312,18,STA,WIFI_DROP,
13.3336,5,STA,WIFI_DROP,
13.3336,6,STA,WIFI_DROP,
13.3336,15,STA,WIFI_DROP,
13.3336,16,STA,WIFI_DROP,
13.3336,17,STA,WIFI_DROP,
13.3336,18,STA,WIFI_DROP,
13.336,5,STA,WIFI_DROP,
13.336,6,STA,WIFI_DROP,
13.336,15,STA,WIFI_DROP,
13.336,16,STA,WIFI_DROP,
13.336,17,STA,WIFI_DROP,
13.336,18,STA,WIFI_DROP,
13.3384,5,STA,WIFI_DROP,
13.3384,6,STA,WIFI_DROP,
13.3384,15,STA,WIFI_DROP,
13.3384,16,STA,WIFI_DROP,
13.3384,17,STA,WIFI_DROP,
13.3384,18,STA,WIFI_DROP,
13.3408,5,STA,WIFI_DROP,
13.3408,6,STA,WIFI_DROP,
13.3408,15,STA,WIFI_DROP,
13.3408,16,STA,WIFI_DROP,
13.3408,17,STA,WIFI_DROP,
13.3408,18,STA,WIFI_DROP,
13.3432,5,STA,WIFI_DROP,
13.3432,15,STA,WIFI_DROP,
13.3432,16,STA,WIFI_DROP,
13.3432,17,STA,WIFI_DROP,
13.3432,18,STA,WIFI_DROP,
13.3456,5,STA,WIFI_DROP,
13.3456,15,STA,WIFI_DROP,
13.3456,16,STA,WIFI_DROP,
13.3456,17,STA,WIFI_DROP,
13.3456,18,STA,WIFI_DROP,
13.348,5,STA,WIFI_DROP,
13.348,15,STA,WIFI_DROP,
13.348,16,STA,WIFI_DROP,
13.348,17,STA,WIFI_DROP,
13.348,18,STA,WIFI_DROP,
13.3504,5,STA,WIFI_DROP,
13.3504,15,STA,WIFI_DROP,
13.3504,16,STA,WIFI_DROP,
13.3504,17,STA,WIFI_DROP,
13.3504,18,STA,WIFI_DROP,
13.3528,5,STA,WIFI_DROP,
13.3528,15,STA,WIFI_DROP,
13.3528,16,STA,WIFI_DROP,
13.3528,17,STA,WIFI_DROP,
13.3528,18,STA,WIFI_DROP,
13.3552,5,STA,WIFI_DROP,
13.3552,15,STA,WIFI_DROP,
13.3552,16,STA,WIFI_DROP,
13.3552,17,STA,WIFI_DROP,
13.3552,18,STA,WIFI_DROP,
13.3576,5,STA,WIFI_DROP,
13.3576,15,STA,WIFI_DROP,
13.3576,16,STA,WIFI_DROP,
13.3576,17,STA,WIFI_DROP,
13.3576,18,STA,WIFI_DROP,
13.36,5,STA,WIFI_DROP,
13.36,15,STA,WIFI_DROP,
13.36,16,STA,WIFI_DROP,
13.36,17,STA,WIFI_DROP,
13.36,18,STA,WIFI_DROP,
13.3624,5,STA,WIFI_DROP,
13.3624,15,STA,WIFI_DROP,
13.3624,16,STA,WIFI_DROP,
13.3624,17,STA,WIFI_DROP,
13.3624,18,STA,WIFI_DROP,
13.3648,5,STA,WIFI_DROP,
13.3648,15,STA,WIFI_DROP,
13.3648,16,STA,WIFI_DROP,
13.3648,17,STA,WIFI_DROP,
13.3648,18,STA,WIFI_DROP,
13.3672,5,STA,WIFI_DROP,
13.3672,15,STA,WIFI_DROP,
13.3672,16,STA,WIFI_DROP,
13.3672,17,STA,WIFI_DROP,
13.3672,18,STA,WIFI_DROP,
13.3696,5,STA,WIFI_DROP,
13.3696,15,STA,WIFI_DROP,
13.3696,16,STA,WIFI_DROP,
13.3696,17,STA,WIFI_DROP,
13.3696,18,STA,WIFI_DROP,
13.372,5,STA,WIFI_DROP,
13.372,15,STA,WIFI_DROP,
13.372,16,STA,WIFI_DROP,
13.372,17,STA,WIFI_DROP,
13.372,18,STA,WIFI_DROP,
13.3744,5,STA,WIFI_DROP,
13.3744,15,STA,WIFI_DROP,
13.3744,16,STA,WIFI_DROP,
13.3744,17,STA,WIFI_DROP,
13.3744,18,STA,WIFI_DROP,
13.3768,5,STA,WIFI_DROP,
13.3768,15,STA,WIFI_DROP,
13.3768,16,STA,WIFI_DROP,
13.3768,17,STA,WIFI_DROP,
13.3768,18,STA,WIFI_DROP,
13.3792,5,STA,WIFI_DROP,
13.3792,15,STA,WIFI_DROP,
13.3792,16,STA,WIFI_DROP,
13.3792,17,STA,WIFI_DROP,
13.3792,18,STA,WIFI_DROP,
13.3816,5,STA,WIFI_DROP,
13.3816,15,STA,WIFI_DROP,
13.3816,16,STA,WIFI_DROP,
13.3816,17,STA,WIFI_DROP,
13.3816,18,STA,WIFI_DROP,
13.384,5,STA,WIFI_DROP,
13.384,15,STA,WIFI_DROP,
13.384,16,STA,WIFI_DROP,
13.384,17,STA,WIFI_DROP,
13.384,18,STA,WIFI_DROP,
13.3864,5,STA,WIFI_DROP,
13.3864,15,STA,WIFI_DROP,
13.3864,16,STA,WIFI_DROP,
13.3864,17,STA,WIFI_DROP,
13.3864,18,STA,WIFI_DROP,
13.3888,5,STA,WIFI_DROP,
13.3888,15,STA,WIFI_DROP,
13.3888,16,STA,WIFI_DROP,
13.3888,17,STA,WIFI_DROP,
13.3888,18,STA,WIFI_DROP,
13.3912,5,STA,WIFI_DROP,
13.3912,15,STA,WIFI_DROP,
13.3912,16,STA,WIFI_DROP,
13.3912,17,STA,WIFI_DROP,
13.3912,18,STA,WIFI_DROP,
13.3936,5,STA,WIFI_DROP,
13.3936,15,STA,WIFI_DROP,
13.3936,16,STA,WIFI_DROP,
13.3936,17,STA,WIFI_DROP,
13.3936,18,STA,WIFI_DROP,
13.396,5,STA,WIFI_DROP,
13.396,15,STA,WIFI_DROP,
13.396,16,STA,WIFI_DROP,
13.396,17,STA,WIFI_DROP,
13.396,18,STA,WIFI_DROP,
13.3984,5,STA,WIFI_DROP,
13.3984,15,STA,WIFI_DROP,
13.3984,16,STA,WIFI_DROP,
13.3984,17,STA,WIFI_DROP,
13.3984,18,STA,WIFI_DROP,
13.4008,5,STA,WIFI_DROP,
13.4008,15,STA,WIFI_DROP,
13.4008,16,STA,WIFI_DROP,
13.4008,17,STA,WIFI_DROP,
13.4008,18,STA,WIFI_DROP,
13.4032,5,STA,WIFI_DROP,
13.4032,15,STA,WIFI_DROP,
13.4032,16,STA,WIFI_DROP,
13.4032,17,STA,WIFI_DROP,
13.4032,18,STA,WIFI_DROP,
13.4056,5,STA,WIFI_DROP,
13.4056,15,STA,WIFI_DROP,
13.4056,16,STA,WIFI_DROP,
13.4056,17,STA,WIFI_DROP,
13.4056,18,STA,WIFI_DROP,
13.408,5,STA,WIFI_DROP,
13.408,15,STA,WIFI_DROP,
13.408,16,STA,WIFI_DROP,
13.408,17,STA,WIFI_DROP,
13.408,18,STA,WIFI_DROP,
13.4104,5,STA,WIFI_DROP,
13.4104,15,STA,WIFI_DROP,
13.4104,16,STA,WIFI_DROP,
13.4104,17,STA,WIFI_DROP,
13.4104,18,STA,WIFI_DROP,
13.4128,5,STA,WIFI_DROP,
13.4128,15,STA,WIFI_DROP,
13.4128,16,STA,WIFI_DROP,
13.4128,17,STA,WIFI_DROP,
13.4128,18,STA,WIFI_DROP,
13.4152,5,STA,WIFI_DROP,
13.4152,15,STA,WIFI_DROP,
13.4152,16,STA,WIFI_DROP,
13.4152,17,STA,WIFI_DROP,
13.4152,18,STA,WIFI_DROP,
13.4176,5,STA,WIFI_DROP,
13.4176,15,STA,WIFI_DROP,
13.4176,16,STA,WIFI_DROP,
13.4176,17,STA,WIFI_DROP,
13.4176,18,STA,WIFI_DROP,
13.42,5,STA,WIFI_DROP,
13.42,15,STA,WIFI_DROP,
13.42,16,STA,WIFI_DROP,
13.42,17,STA,WIFI_DROP,
13.42,18,STA,WIFI_DROP,
13.4224,5,STA,WIFI_DROP,
13.4224,15,STA,WIFI_DROP,
13.4224,16,STA,WIFI_DROP,
13.4224,17,STA,WIFI_DROP,
13.4224,18,STA,WIFI_DROP,
13.4248,5,STA,WIFI_DROP,
13.4248,15,STA,WIFI_DROP,
13.4248,16,STA,WIFI_DROP,
13.4248,17,STA,WIFI_DROP,
13.4248,18,STA,WIFI_DROP,
13.4272,5,STA,WIFI_DROP,
13.4272,15,STA,WIFI_DROP,
13.4272,16,STA,WIFI_DROP,
13.4272,17,STA,WIFI_DROP,
13.4272,18,STA,WIFI_DROP,
13.4296,5,STA,WIFI_DROP,
13.4296,15,STA,WIFI_DROP,
13.4296,16,STA,WIFI_DROP,
13.4296,17,STA,WIFI_DROP,
13.4296,18,STA,WIFI_DROP,
13.432,5,STA,WIFI_DROP,
13.432,15,STA,WIFI_DROP,
13.432,16,STA,WIFI_DROP,
13.432,17,STA,WIFI_DROP,
13.432,18,STA,WIFI_DROP,
13.4344,5,STA,WIFI_DROP,
13.4344,15,STA,WIFI_DROP,
13.4344,16,STA,WIFI_DROP,
13.4344,17,STA,WIFI_DROP,
13.4344,18,STA,WIFI_DROP,
13.4368,5,STA,WIFI_DROP,
13.4368,15,STA,WIFI_DROP,
13.4368,16,STA,WIFI_DROP,
13.4368,17,STA,WIFI_DROP,
13.4368,18,STA,WIFI_DROP,
13.4392,5,STA,WIFI_DROP,
13.4392,15,STA,WIFI_DROP,
13.4392,16,STA,WIFI_DROP,
13.4392,17,STA,WIFI_DROP,
13.4392,18,STA,WIFI_DROP,
13.4416,5,STA,WIFI_DROP,
13.4416,15,STA,WIFI_DROP,
13.4416,16,STA,WIFI_DROP,
13.4416,17,STA,WIFI_DROP,
13.4416,18,STA,WIFI_DROP,
13.444,2,STA,WIFI_DROP,
13.444,5,STA,WIFI_DROP,
13.444,15,STA,WIFI_DROP,
13.444,16,STA,WIFI_DROP,
13.444,17,STA,WIFI_DROP,
13.444,18,STA,WIFI_DROP,
13.4464,2,STA,WIFI_DROP,
13.4464,5,STA,WIFI_DROP,
13.4464,15,STA,WIFI_DROP,
13.4464,16,STA,WIFI_DROP,
13.4464,17,STA,WIFI_DROP,
13.4464,18,STA,WIFI_DROP,
13.4488,2,STA,WIFI_DROP,
13.4488,5,STA,WIFI_DROP,
13.4488,15,STA,WIFI_DROP,
13.4488,16,STA,WIFI_DROP,
13.4488,17,STA,WIFI_DROP,
13.4488,18,STA,WIFI_DROP,
13.4512,2,STA,WIFI_DROP,
13.4512,5,STA,WIFI_DROP,
13.4512,15,STA,WIFI_DROP,
13.4512,16,STA,WIFI_DROP,
13.4512,17,STA,WIFI_DROP,
13.4512,18,STA,WIFI_DROP,
13.4536,2,STA,WIFI_DROP,
13.4536,5,STA,WIFI_DROP,
13.4536,15,STA,WIFI_DROP,
13.4536,16,STA,WIFI_DROP,
13.4536,17,STA,WIFI_DROP,
13.4536,18,STA,WIFI_DROP,
13.456,2,STA,WIFI_DROP,
13.456,5,STA,WIFI_DROP,
13.456,15,STA,WIFI_DROP,
13.456,16,STA,WIFI_DROP,
13.456,17,STA,WIFI_DROP,
13.456,18,STA,WIFI_DROP,
13.4584,2,STA,WIFI_DROP,
13.4584,5,STA,WIFI_DROP,
13.4584,15,STA,WIFI_DROP,
13.4584,16,STA,WIFI_DROP,
13.4584,17,STA,WIFI_DROP,
13.4584,18,STA,WIFI_DROP,
13.4608,2,STA,WIFI_DROP,
13.4608,5,STA,WIFI_DROP,
13.4608,15,STA,WIFI_DROP,
13.4608,16,STA,WIFI_DROP,
13.4608,17,STA,WIFI_DROP,
13.4608,18,STA,WIFI_DROP,
13.4632,2,STA,WIFI_DROP,
13.4632,5,STA,WIFI_DROP,
13.4632,15,STA,WIFI_DROP,
13.4632,16,STA,WIFI_DROP,
13.4632,17,STA,WIFI_DROP,
13.4632,18,STA,WIFI_DROP,
13.4656,2,STA,WIFI_DROP,
13.4656,5,STA,WIFI_DROP,
13.4656,15,STA,WIFI_DROP,
13.4656,16,STA,WIFI_DROP,
13.4656,17,STA,WIFI_DROP,
13.4656,18,STA,WIFI_DROP,
13.468,2,STA,WIFI_DROP,
13.468,5,STA,WIFI_DROP,
13.468,15,STA,WIFI_DROP,
13.468,16,STA,WIFI_DROP,
13.468,17,STA,WIFI_DROP,
13.468,18,STA,WIFI_DROP,
13.4704,2,STA,WIFI_DROP,
13.4704,5,STA,WIFI_DROP,
13.4704,15,STA,WIFI_DROP,
13.4704,16,STA,WIFI_DROP,
13.4704,17,STA,WIFI_DROP,
13.4704,18,STA,WIFI_DROP,
13.4728,2,STA,WIFI_DROP,
13.4728,5,STA,WIFI_DROP,
13.4728,15,STA,WIFI_DROP,
13.4728,16,STA,WIFI_DROP,
13.4728,17,STA,WIFI_DROP,
13.4728,18,STA,WIFI_DROP,
13.4752,2,STA,WIFI_DROP,
13.4752,5,STA,WIFI_DROP,
13.4752,15,STA,WIFI_DROP,
13.4752,16,STA,WIFI_DROP,
13.4752,17,STA,WIFI_DROP,
13.4752,18,STA,WIFI_DROP,
13.4776,2,STA,WIFI_DROP,
13.4776,5,STA,WIFI_DROP,
13.4776,15,STA,WIFI_DROP,
13.4776,16,STA,WIFI_DROP,
13.4776,17,STA,WIFI_DROP,
13.4776,18,STA,WIFI_DROP,
13.48,2,STA,WIFI_DROP,
13.48,5,STA,WIFI_DROP,
13.48,15,STA,WIFI_DROP,
13.48,16,STA,WIFI_DROP,
13.48,17,STA,WIFI_DROP,
13.48,18,STA,WIFI_DROP,
13.4824,2,STA,WIFI_DROP,
13.4824,5,STA,WIFI_DROP,
13.4824,15,STA,WIFI_DROP,
13.4824,16,STA,WIFI_DROP,
13.4824,17,STA,WIFI_DROP,
13.4824,18,STA,WIFI_DROP,
13.4848,2,STA,WIFI_DROP,
13.4848,5,STA,WIFI_DROP,
13.4848,15,STA,WIFI_DROP,
13.4848,16,STA,WIFI_DROP,
13.4848,17,STA,WIFI_DROP,
13.4848,18,STA,WIFI_DROP,
13.4872,2,STA,WIFI_DROP,
13.4872,5,STA,WIFI_DROP,
13.4872,16,STA,WIFI_DROP,
13.4872,17,STA,WIFI_DROP,
13.4872,18,STA,WIFI_DROP,
13.4896,2,STA,WIFI_DROP,
13.4896,5,STA,WIFI_DROP,
13.4896,16,STA,WIFI_DROP,
13.4896,17,STA,WIFI_DROP,
13.4896,18,STA,WIFI_DROP,
13.492,2,STA,WIFI_DROP,
13.492,5,STA,WIFI_DROP,
13.492,16,STA,WIFI_DROP,
13.492,17,STA,WIFI_DROP,
13.492,18,STA,WIFI_DROP,
13.4944,2,STA,WIFI_DROP,
13.4944,5,STA,WIFI_DROP,
13.4944,16,STA,WIFI_DROP,
13.4944,17,STA,WIFI_DROP,
13.4944,18,STA,WIFI_DROP,
13.4968,2,STA,WIFI_DROP,
13.4968,5,STA,WIFI_DROP,
13.4968,12,STA,WIFI_DROP,
13.4968,13,STA,WIFI_DROP,
13.4968,16,STA,WIFI_DROP,
13.4968,17,STA,WIFI_DROP,
13.4968,18,STA,WIFI_DROP,
13.4992,2,STA,WIFI_DROP,
13.4992,5,STA,WIFI_DROP,
13.4992,8,STA,WIFI_DROP,
13.4992,12,STA,WIFI_DROP,
13.4992,13,STA,WIFI_DROP,
13.4992,16,STA,WIFI_DROP,
13.4992,17,STA,WIFI_DROP,
13.4992,18,STA,WIFI_DROP,
13.5016,2,STA,WIFI_DROP,
13.5016,5,STA,WIFI_DROP,
13.5016,8,STA,WIFI_DROP,
13.5016,12,STA,WIFI_DROP,
13.5016,13,STA,WIFI_DROP,
13.5016,16,STA,WIFI_DROP,
13.5016,17,STA,WIFI_DROP,
13.5016,18,STA,WIFI_DROP,
13.504,2,STA,WIFI_DROP,
13.504,5,STA,WIFI_DROP,
13.504,8,STA,WIFI_DROP,
13.504,12,STA,WIFI_DROP,
13.504,13,STA,WIFI_DROP,
13.504,16,STA,WIFI_DROP,
13.504,17,STA,WIFI_DROP,
13.504,18,STA,WIFI_DROP,
13.5064,2,STA,WIFI_DROP,
13.5064,5,STA,WIFI_DROP,
13.5064,8,STA,WIFI_DROP,
13.5064,12,STA,WIFI_DROP,
13.5064,13,STA,WIFI_DROP,
13.5064,16,STA,WIFI_DROP,
13.5064,17,STA,WIFI_DROP,
13.5064,18,STA,WIFI_DROP,
13.5088,2,STA,WIFI_DROP,
13.5088,5,STA,WIFI_DROP,
13.5088,8,STA,WIFI_DROP,
13.5088,12,STA,WIFI_DROP,
13.5088,13,STA,WIFI_DROP,
13.5088,16,STA,WIFI_DROP,
13.5088,17,STA,WIFI_DROP,
13.5088,18,STA,WIFI_DROP,
13.5112,2,STA,WIFI_DROP,
13.5112,5,STA,WIFI_DROP,
13.5112,8,STA,WIFI_DROP,
13.5112,12,STA,WIFI_DROP,
13.5112,13,STA,WIFI_DROP,
13.5112,16,STA,WIFI_DROP,
13.5112,17,STA,WIFI_DROP,
13.5112,18,STA,WIFI_DROP,
13.5136,2,STA,WIFI_DROP,
13.5136,5,STA,WIFI_DROP,
13.5136,8,STA,WIFI_DROP,
13.5136,12,STA,WIFI_DROP,
13.5136,13,STA,WIFI_DROP,
13.5136,16,STA,WIFI_DROP,
13.5136,17,STA,WIFI_DROP,
13.5136,18,STA,WIFI_DROP,
13.516,2,STA,WIFI_DROP,
13.516,5,STA,WIFI_DROP,
13.516,8,STA,WIFI_DROP,
13.516,12,STA,WIFI_DROP,
13.516,13,STA,WIFI_DROP,
13.516,16,STA,WIFI_DROP,
13.516,17,STA,WIFI_DROP,
13.516,18,STA,WIFI_DROP,
13.5184,2,STA,WIFI_DROP,
13.5184,5,STA,WIFI_DROP,
13.5184,8,STA,WIFI_DROP,
13.5184,12,STA,WIFI_DROP,
13.5184,13,STA,WIFI_DROP,
13.5184,16,STA,WIFI_DROP,
13.5184,17,STA,WIFI_DROP,
13.5184,18,STA,WIFI_DROP,
13.5208,2,STA,WIFI_DROP,
13.5208,5,STA,WIFI_DROP,
13.5208,8,STA,WIFI_DROP,
13.5208,12,STA,WIFI_DROP,
13.5208,13,STA,WIFI_DROP,
13.5208,16,STA,WIFI_DROP,
13.5208,17,STA,WIFI_DROP,
13.5208,18,STA,WIFI_DROP,
13.5232,2,STA,WIFI_DROP,
13.5232,5,STA,WIFI_DROP,
13.5232,8,STA,WIFI_DROP,
13.5232,12,STA,WIFI_DROP,
13.5232,13,STA,WIFI_DROP,
13.5232,16,STA,WIFI_DROP,
13.5232,17,STA,WIFI_DROP,
13.5232,18,STA,WIFI_DROP,
13.5256,2,STA,WIFI_DROP,
13.5256,5,STA,WIFI_DROP,
13.5256,8,STA,WIFI_DROP,
13.5256,12,STA,WIFI_DROP,
13.5256,13,STA,WIFI_DROP,
13.5256,16,STA,WIFI_DROP,
13.5256,17,STA,WIFI_DROP,
13.5256,18,STA,WIFI_DROP,
13.528,2,STA,WIFI_DROP,
13.528,5,STA,WIFI_DROP,
13.528,8,STA,WIFI_DROP,
13.528,12,STA,WIFI_DROP,
13.528,13,STA,WIFI_DROP,
13.528,16,STA,WIFI_DROP,
13.528,17,STA,WIFI_DROP,
13.528,18,STA,WIFI_DROP,
13.5304,2,STA,WIFI_DROP,
13.5304,5,STA,WIFI_DROP,
13.5304,8,STA,WIFI_DROP,
13.5304,12,STA,WIFI_DROP,
13.5304,13,STA,WIFI_DROP,
13.5304,16,STA,WIFI_DROP,
13.5304,17,STA,WIFI_DROP,
13.5304,18,STA,WIFI_DROP,
13.5328,2,STA,WIFI_DROP,
13.5328,5,STA,WIFI_DROP,
13.5328,8,STA,WIFI_DROP,
13.5328,12,STA,WIFI_DROP,
13.5328,13,STA,WIFI_DROP,
13.5328,16,STA,WIFI_DROP,
13.5328,17,STA,WIFI_DROP,
13.5328,18,STA,WIFI_DROP,
13.5352,2,STA,WIFI_DROP,
13.5352,5,STA,WIFI_DROP,
13.5352,8,STA,WIFI_DROP,
13.5352,12,STA,WIFI_DROP,
13.5352,13,STA,WIFI_DROP,
13.5352,16,STA,WIFI_DROP,
13.5352,17,STA,WIFI_DROP,
13.5352,18,STA,WIFI_DROP,
13.5376,2,STA,WIFI_DROP,
13.5376,5,STA,WIFI_DROP,
13.5376,8,STA,WIFI_DROP,
13.5376,12,STA,WIFI_DROP,
13.5376,13,STA,WIFI_DROP,
13.5376,16,STA,WIFI_DROP,
13.5376,17,STA,WIFI_DROP,
13.5376,18,STA,WIFI_DROP,
13.54,2,STA,WIFI_DROP,
13.54,5,STA,WIFI_DROP,
13.54,8,STA,WIFI_DROP,
13.54,12,STA,WIFI_DROP,
13.54,13,STA,WIFI_DROP,
13.54,16,STA,WIFI_DROP,
13.54,17,STA,WIFI_DROP,
13.54,18,STA,WIFI_DROP,
13.5424,2,STA,WIFI_DROP,
13.5424,5,STA,WIFI_DROP,
13.5424,8,STA,WIFI_DROP,
13.5424,12,STA,WIFI_DROP,
13.5424,13,STA,WIFI_DROP,
13.5424,16,STA,WIFI_DROP,
13.5424,17,STA,WIFI_DROP,
13.5424,18,STA,WIFI_DROP,
13.5448,2,STA,WIFI_DROP,
13.5448,5,STA,WIFI_DROP,
13.5448,8,STA,WIFI_DROP,
13.5448,12,STA,WIFI_DROP,
13.5448,13,STA,WIFI_DROP,
13.5448,16,STA,WIFI_DROP,
13.5448,17,STA,WIFI_DROP,
13.5448,18,STA,WIFI_DROP,
13.5472,2,STA,WIFI_DROP,
13.5472,5,STA,WIFI_DROP,
13.5472,8,STA,WIFI_DROP,
13.5472,12,STA,WIFI_DROP,
13.5472,13,STA,WIFI_DROP,
13.5472,16,STA,WIFI_DROP,
13.5472,17,STA,WIFI_DROP,
13.5472,18,STA,WIFI_DROP,
13.5496,2,STA,WIFI_DROP,
13.5496,5,STA,WIFI_DROP,
13.5496,8,STA,WIFI_DROP,
13.5496,12,STA,WIFI_DROP,
13.5496,13,STA,WIFI_DROP,
13.5496,16,STA,WIFI_DROP,
13.5496,17,STA,WIFI_DROP,
13.5496,18,STA,WIFI_DROP,
13.552,2,STA,WIFI_DROP,
13.552,5,STA,WIFI_DROP,
13.552,8,STA,WIFI_DROP,
13.552,12,STA,WIFI_DROP,
13.552,13,STA,WIFI_DROP,
13.552,16,STA,WIFI_DROP,
13.552,17,STA,WIFI_DROP,
13.552,18,STA,WIFI_DROP,
13.5544,2,STA,WIFI_DROP,
13.5544,5,STA,WIFI_DROP,
13.5544,8,STA,WIFI_DROP,
13.5544,12,STA,WIFI_DROP,
13.5544,13,STA,WIFI_DROP,
13.5544,16,STA,WIFI_DROP,
13.5544,17,STA,WIFI_DROP,
13.5544,18,STA,WIFI_DROP,
13.5568,2,STA,WIFI_DROP,
13.5568,5,STA,WIFI_DROP,
13.5568,8,STA,WIFI_DROP,
13.5568,12,STA,WIFI_DROP,
13.5568,13,STA,WIFI_DROP,
13.5568,16,STA,WIFI_DROP,
13.5568,17,STA,WIFI_DROP,
13.5568,18,STA,WIFI_DROP,
13.5592,2,STA,WIFI_DROP,
13.5592,5,STA,WIFI_DROP,
13.5592,8,STA,WIFI_DROP,
13.5592,12,STA,WIFI_DROP,
13.5592,13,STA,WIFI_DROP,
13.5592,16,STA,WIFI_DROP,
13.5592,17,STA,WIFI_DROP,
13.5592,18,STA,WIFI_DROP,
13.5616,2,STA,WIFI_DROP,
13.5616,5,STA,WIFI_DROP,
13.5616,8,STA,WIFI_DROP,
13.5616,12,STA,WIFI_DROP,
13.5616,13,STA,WIFI_DROP,
13.5616,16,STA,WIFI_DROP,
13.5616,17,STA,WIFI_DROP,
13.5616,18,STA,WIFI_DROP,
13.564,2,STA,WIFI_DROP,
13.564,5,STA,WIFI_DROP,
13.564,8,STA,WIFI_DROP,
13.564,12,STA,WIFI_DROP,
13.564,13,STA,WIFI_DROP,
13.564,16,STA,WIFI_DROP,
13.564,17,STA,WIFI_DROP,
13.564,18,STA,WIFI_DROP,
13.5664,2,STA,WIFI_DROP,
13.5664,5,STA,WIFI_DROP,
13.5664,8,STA,WIFI_DROP,
13.5664,12,STA,WIFI_DROP,
13.5664,13,STA,WIFI_DROP,
13.5664,16,STA,WIFI_DROP,
13.5664,17,STA,WIFI_DROP,
13.5664,18,STA,WIFI_DROP,
13.5688,2,STA,WIFI_DROP,
13.5688,5,STA,WIFI_DROP,
13.5688,8,STA,WIFI_DROP,
13.5688,12,STA,WIFI_DROP,
13.5688,13,STA,WIFI_DROP,
13.5688,16,STA,WIFI_DROP,
13.5688,17,STA,WIFI_DROP,
13.5688,18,STA,WIFI_DROP,
13.5712,2,STA,WIFI_DROP,
13.5712,5,STA,WIFI_DROP,
13.5712,8,STA,WIFI_DROP,
13.5712,12,STA,WIFI_DROP,
13.5712,13,STA,WIFI_DROP,
13.5712,16,STA,WIFI_DROP,
13.5712,17,STA,WIFI_DROP,
13.5712,18,STA,WIFI_DROP,
13.5736,2,STA,WIFI_DROP,
13.5736,5,STA,WIFI_DROP,
13.5736,8,STA,WIFI_DROP,
13.5736,12,STA,WIFI_DROP,
13.5736,13,STA,WIFI_DROP,
13.5736,16,STA,WIFI_DROP,
13.5736,17,STA,WIFI_DROP,
13.5736,18,STA,WIFI_DROP,
13.576,2,STA,WIFI_DROP,
13.576,5,STA,WIFI_DROP,
13.576,8,STA,WIFI_DROP,
13.576,12,STA,WIFI_DROP,
13.576,13,STA,WIFI_DROP,
13.576,16,STA,WIFI_DROP,
13.576,17,STA,WIFI_DROP,
13.576,18,STA,WIFI_DROP,
13.5784,2,STA,WIFI_DROP,
13.5784,5,STA,WIFI_DROP,
13.5784,8,STA,WIFI_DROP,
13.5784,12,STA,WIFI_DROP,
13.5784,13,STA,WIFI_DROP,
13.5784,16,STA,WIFI_DROP,
13.5784,17,STA,WIFI_DROP,
13.5784,18,STA,WIFI_DROP,
13.5808,2,STA,WIFI_DROP,
13.5808,5,STA,WIFI_DROP,
13.5808,8,STA,WIFI_DROP,
13.5808,12,STA,WIFI_DROP,
13.5808,13,STA,WIFI_DROP,
13.5808,16,STA,WIFI_DROP,
13.5808,17,STA,WIFI_DROP,
13.5808,18,STA,WIFI_DROP,
13.5832,2,STA,WIFI_DROP,
13.5832,5,STA,WIFI_DROP,
13.5832,8,STA,WIFI_DROP,
13.5832,12,STA,WIFI_DROP,
13.5832,13,STA,WIFI_DROP,
13.5832,16,STA,WIFI_DROP,
13.5832,17,STA,WIFI_DROP,
13.5832,18,STA,WIFI_DROP,
13.5856,2,STA,WIFI_DROP,
13.5856,5,STA,WIFI_DROP,
13.5856,8,STA,WIFI_DROP,
13.5856,12,STA,WIFI_DROP,
13.5856,13,STA,WIFI_DROP,
13.5856,16,STA,WIFI_DROP,
13.5856,17,STA,WIFI_DROP,
13.5856,18,STA,WIFI_DROP,
13.588,2,STA,WIFI_DROP,
13.588,5,STA,WIFI_DROP,
13.588,8,STA,WIFI_DROP,
13.588,12,STA,WIFI_DROP,
13.588,13,STA,WIFI_DROP,
13.588,16,STA,WIFI_DROP,
13.588,17,STA,WIFI_DROP,
13.588,18,STA,WIFI_DROP,
13.5904,2,STA,WIFI_DROP,
13.5904,5,STA,WIFI_DROP,
13.5904,8,STA,WIFI_DROP,
13.5904,12,STA,WIFI_DROP,
13.5904,13,STA,WIFI_DROP,
13.5904,16,STA,WIFI_DROP,
13.5904,17,STA,WIFI_DROP,
13.5904,18,STA,WIFI_DROP,
13.5928,2,STA,WIFI_DROP,
13.5928,5,STA,WIFI_DROP,
13.5928,8,STA,WIFI_DROP,
13.5928,12,STA,WIFI_DROP,
13.5928,13,STA,WIFI_DROP,
13.5928,16,STA,WIFI_DROP,
13.5928,17,STA,WIFI_DROP,
13.5928,18,STA,WIFI_DROP,
13.5952,2,STA,WIFI_DROP,
13.5952,5,STA,WIFI_DROP,
13.5952,8,STA,WIFI_DROP,
13.5952,12,STA,WIFI_DROP,
13.5952,13,STA,WIFI_DROP,
13.5952,16,STA,WIFI_DROP,
13.5952,17,STA,WIFI_DROP,
13.5952,18,STA,WIFI_DROP,
13.5976,2,STA,WIFI_DROP,
13.5976,5,STA,WIFI_DROP,
13.5976,8,STA,WIFI_DROP,
13.5976,12,STA,WIFI_DROP,
13.5976,13,STA,WIFI_DROP,
13.5976,16,STA,WIFI_DROP,
13.5976,17,STA,WIFI_DROP,
13.5976,18,STA,WIFI_DROP,
13.6,2,STA,WIFI_DROP,
13.6,5,STA,WIFI_DROP,
13.6,8,STA,WIFI_DROP,
13.6,12,STA,WIFI_DROP,
13.6,13,STA,WIFI_DROP,
13.6,16,STA,WIFI_DROP,
13.6,17,STA,WIFI_DROP,
13.6,18,STA,WIFI_DROP,
13.6024,2,STA,WIFI_DROP,
13.6024,5,STA,WIFI_DROP,
13.6024,12,STA,WIFI_DROP,
13.6024,13,STA,WIFI_DROP,
13.6024,16,STA,WIFI_DROP,
13.6024,17,STA,WIFI_DROP,
13.6024,18,STA,WIFI_DROP,
13.6048,2,STA,WIFI_DROP,
13.6048,5,STA,WIFI_DROP,
13.6048,12,STA,WIFI_DROP,
13.6048,13,STA,WIFI_DROP,
13.6048,16,STA,WIFI_DROP,
13.6048,17,STA,WIFI_DROP,
13.6048,18,STA,WIFI_DROP,
13.6072,2,STA,WIFI_DROP,
13.6072,5,STA,WIFI_DROP,
13.6072,12,STA,WIFI_DROP,
13.6072,13,STA,WIFI_DROP,
13.6072,16,STA,WIFI_DROP,
13.6072,17,STA,WIFI_DROP,
13.6072,18,STA,WIFI_DROP,
13.6096,2,STA,WIFI_DROP,
13.6096,5,STA,WIFI_DROP,
13.6096,12,STA,WIFI_DROP,
13.6096,13,STA,WIFI_DROP,
13.6096,16,STA,WIFI_DROP,
13.6096,17,STA,WIFI_DROP,
13.6096,18,STA,WIFI_DROP,
13.612,2,STA,WIFI_DROP,
13.612,5,STA,WIFI_DROP,
13.612,12,STA,WIFI_DROP,
13.612,13,STA,WIFI_DROP,
13.612,16,STA,WIFI_DROP,
13.612,17,STA,WIFI_DROP,
13.612,18,STA,WIFI_DROP,
13.6144,2,STA,WIFI_DROP,
13.6144,5,STA,WIFI_DROP,
13.6144,12,STA,WIFI_DROP,
13.6144,13,STA,WIFI_DROP,
13.6144,16,STA,WIFI_DROP,
13.6144,17,STA,WIFI_DROP,
13.6144,18,STA,WIFI_DROP,
13.6168,2,STA,WIFI_DROP,
13.6168,5,STA,WIFI_DROP,
13.6168,12,STA,WIFI_DROP,
13.6168,13,STA,WIFI_DROP,
13.6168,16,STA,WIFI_DROP,
13.6168,17,STA,WIFI_DROP,
13.6168,18,STA,WIFI_DROP,
13.6192,2,STA,WIFI_DROP,
13.6192,5,STA,WIFI_DROP,
13.6192,12,STA,WIFI_DROP,
13.6192,13,STA,WIFI_DROP,
13.6192,16,STA,WIFI_DROP,
13.6192,17,STA,WIFI_DROP,
13.6192,18,STA,WIFI_DROP,
13.6216,2,STA,WIFI_DROP,
13.6216,5,STA,WIFI_DROP,
13.6216,12,STA,WIFI_DROP,
13.6216,13,STA,WIFI_DROP,
13.6216,16,STA,WIFI_DROP,
13.6216,17,STA,WIFI_DROP,
13.6216,18,STA,WIFI_DROP,
13.624,2,STA,WIFI_DROP,
13.624,5,STA,WIFI_DROP,
13.624,12,STA,WIFI_DROP,
13.624,13,STA,WIFI_DROP,
13.624,16,STA,WIFI_DROP,
13.624,17,STA,WIFI_DROP,
13.624,18,STA,WIFI_DROP,
13.6264,2,STA,WIFI_DROP,
13.6264,5,STA,WIFI_DROP,
13.6264,12,STA,WIFI_DROP,
13.6264,13,STA,WIFI_DROP,
13.6264,16,STA,WIFI_DROP,
13.6264,17,STA,WIFI_DROP,
13.6264,18,STA,WIFI_DROP,
13.6288,2,STA,WIFI_DROP,
13.6288,5,STA,WIFI_DROP,
13.6288,12,STA,WIFI_DROP,
13.6288,13,STA,WIFI_DROP,
13.6288,16,STA,WIFI_DROP,
13.6288,17,STA,WIFI_DROP,
13.6288,18,STA,WIFI_DROP,
13.6312,2,STA,WIFI_DROP,
13.6312,5,STA,WIFI_DROP,
13.6312,12,STA,WIFI_DROP,
13.6312,13,STA,WIFI_DROP,
13.6312,16,STA,WIFI_DROP,
13.6312,17,STA,WIFI_DROP,
13.6312,18,STA,WIFI_DROP,
13.6336,2,STA,WIFI_DROP,
13.6336,5,STA,WIFI_DROP,
13.6336,12,STA,WIFI_DROP,
13.6336,13,STA,WIFI_DROP,
13.6336,16,STA,WIFI_DROP,
13.6336,17,STA,WIFI_DROP,
13.6336,18,STA,WIFI_DROP,
13.636,2,STA,WIFI_DROP,
13.636,5,STA,WIFI_DROP,
13.636,12,STA,WIFI_DROP,
13.636,13,STA,WIFI_DROP,
13.636,16,STA,WIFI_DROP,
13.636,17,STA,WIFI_DROP,
13.636,18,STA,WIFI_DROP,
13.6384,2,STA,WIFI_DROP,
13.6384,5,STA,WIFI_DROP,
13.6384,12,STA,WIFI_DROP,
13.6384,13,STA,WIFI_DROP,
13.6384,16,STA,WIFI_DROP,
13.6384,17,STA,WIFI_DROP,
13.6408,2,STA,WIFI_DROP,
13.6408,5,STA,WIFI_DROP,
13.6408,12,STA,WIFI_DROP,
13.6408,13,STA,WIFI_DROP,
13.6408,16,STA,WIFI_DROP,
13.6408,17,STA,WIFI_DROP,
13.6432,2,STA,WIFI_DROP,
13.6432,5,STA,WIFI_DROP,
13.6432,12,STA,WIFI_DROP,
13.6432,13,STA,WIFI_DROP,
13.6432,16,STA,WIFI_DROP,
13.6432,17,STA,WIFI_DROP,
13.6456,2,STA,WIFI_DROP,
13.6456,5,STA,WIFI_DROP,
13.6456,12,STA,WIFI_DROP,
13.6456,13,STA,WIFI_DROP,
13.6456,16,STA,WIFI_DROP,
13.6456,17,STA,WIFI_DROP,
13.648,2,STA,WIFI_DROP,
13.648,5,STA,WIFI_DROP,
13.648,12,STA,WIFI_DROP,
13.648,13,STA,WIFI_DROP,
13.648,16,STA,WIFI_DROP,
13.648,17,STA,WIFI_DROP,
13.6504,2,STA,WIFI_DROP,
13.6504,5,STA,WIFI_DROP,
13.6504,13,STA,WIFI_DROP,
13.6504,16,STA,WIFI_DROP,
13.6504,17,STA,WIFI_DROP,
13.6528,2,STA,WIFI_DROP,
13.6528,5,STA,WIFI_DROP,
13.6528,13,STA,WIFI_DROP,
13.6528,16,STA,WIFI_DROP,
13.6528,17,STA,WIFI_DROP,
13.6552,2,STA,WIFI_DROP,
13.6552,5,STA,WIFI_DROP,
13.6552,13,STA,WIFI_DROP,
13.6552,16,STA,WIFI_DROP,
13.6552,17,STA,WIFI_DROP,
13.6576,2,STA,WIFI_DROP,
13.6576,5,STA,WIFI_DROP,
13.6576,13,STA,WIFI_DROP,
13.6576,16,STA,WIFI_DROP,
13.6576,17,STA,WIFI_DROP,
13.66,2,STA,WIFI_DROP,
13.66,5,STA,WIFI_DROP,
13.66,13,STA,WIFI_DROP,
13.66,16,STA,WIFI_DROP,
13.66,17,STA,WIFI_DROP,
13.6624,2,STA,WIFI_DROP,
13.6624,5,STA,WIFI_DROP,
13.6624,13,STA,WIFI_DROP,
13.6624,16,STA,WIFI_DROP,
13.6624,17,STA,WIFI_DROP,
13.6648,2,STA,WIFI_DROP,
13.6648,5,STA,WIFI_DROP,
13.6648,13,STA,WIFI_DROP,
13.6648,16,STA,WIFI_DROP,
13.6648,17,STA,WIFI_DROP,
13.6672,2,STA,WIFI_DROP,
13.6672,5,STA,WIFI_DROP,
13.6672,13,STA,WIFI_DROP,
13.6672,16,STA,WIFI_DROP,
13.6672,17,STA,WIFI_DROP,
13.6696,2,STA,WIFI_DROP,
13.6696,5,STA,WIFI_DROP,
13.6696,13,STA,WIFI_DROP,
13.6696,16,STA,WIFI_DROP,
13.6696,17,STA,WIFI_DROP,
13.672,2,STA,WIFI_DROP,
13.672,5,STA,WIFI_DROP,
13.672,13,STA,WIFI_DROP,
13.672,16,STA,WIFI_DROP,
13.672,17,STA,WIFI_DROP,
13.6744,2,STA,WIFI_DROP,
13.6744,5,STA,WIFI_DROP,
13.6744,13,STA,WIFI_DROP,
13.6744,16,STA,WIFI_DROP,
13.6744,17,STA,WIFI_DROP,
13.6768,2,STA,WIFI_DROP,
13.6768,5,STA,WIFI_DROP,
13.6768,13,STA,WIFI_DROP,
13.6768,16,STA,WIFI_DROP,
13.6768,17,STA,WIFI_DROP,
13.6792,2,STA,WIFI_DROP,
13.6792,5,STA,WIFI_DROP,
13.6792,13,STA,WIFI_DROP,
13.6792,16,STA,WIFI_DROP,
13.6792,17,STA,WIFI_DROP,
13.6816,2,STA,WIFI_DROP,
13.6816,5,STA,WIFI_DROP,
13.6816,13,STA,WIFI_DROP,
13.6816,16,STA,WIFI_DROP,
13.6816,17,STA,WIFI_DROP,
13.684,2,STA,WIFI_DROP,
13.684,5,STA,WIFI_DROP,
13.684,13,STA,WIFI_DROP,
13.684,16,STA,WIFI_DROP,
13.684,17,STA,WIFI_DROP,
13.6864,2,STA,WIFI_DROP,
13.6864,5,STA,WIFI_DROP,
13.6864,13,STA,WIFI_DROP,
13.6864,16,STA,WIFI_DROP,
13.6864,17,STA,WIFI_DROP,
13.6888,2,STA,WIFI_DROP,
13.6888,5,STA,WIFI_DROP,
13.6888,13,STA,WIFI_DROP,
13.6888,16,STA,WIFI_DROP,
13.6888,17,STA,WIFI_DROP,
13.6912,2,STA,WIFI_DROP,
13.6912,5,STA,WIFI_DROP,
13.6912,13,STA,WIFI_DROP,
13.6912,16,STA,WIFI_DROP,
13.6912,17,STA,WIFI_DROP,
13.6936,2,STA,WIFI_DROP,
13.6936,5,STA,WIFI_DROP,
13.6936,13,STA,WIFI_DROP,
13.6936,16,STA,WIFI_DROP,
13.6936,17,STA,WIFI_DROP,
13.696,2,STA,WIFI_DROP,
13.696,5,STA,WIFI_DROP,
13.696,13,STA,WIFI_DROP,
13.696,16,STA,WIFI_DROP,
13.696,17,STA,WIFI_DROP,
13.6984,2,STA,WIFI_DROP,
13.6984,5,STA,WIFI_DROP,
13.6984,13,STA,WIFI_DROP,
13.6984,16,STA,WIFI_DROP,
13.6984,17,STA,WIFI_DROP,
13.7008,2,STA,WIFI_DROP,
13.7008,5,STA,WIFI_DROP,
13.7008,13,STA,WIFI_DROP,
13.7008,16,STA,WIFI_DROP,
13.7008,17,STA,WIFI_DROP,
13.7032,2,STA,WIFI_DROP,
13.7032,5,STA,WIFI_DROP,
13.7032,13,STA,WIFI_DROP,
13.7032,16,STA,WIFI_DROP,
13.7032,17,STA,WIFI_DROP,
13.7056,2,STA,WIFI_DROP,
13.7056,5,STA,WIFI_DROP,
13.7056,13,STA,WIFI_DROP,
13.7056,16,STA,WIFI_DROP,
13.7056,17,STA,WIFI_DROP,
13.708,2,STA,WIFI_DROP,
13.708,5,STA,WIFI_DROP,
13.708,13,STA,WIFI_DROP,
13.708,16,STA,WIFI_DROP,
13.708,17,STA,WIFI_DROP,
13.7104,2,STA,WIFI_DROP,
13.7104,5,STA,WIFI_DROP,
13.7104,13,STA,WIFI_DROP,
13.7104,16,STA,WIFI_DROP,
13.7104,17,STA,WIFI_DROP,
13.7128,2,STA,WIFI_DROP,
13.7128,5,STA,WIFI_DROP,
13.7128,13,STA,WIFI_DROP,
13.7128,16,STA,WIFI_DROP,
13.7128,17,STA,WIFI_DROP,
13.7152,2,STA,WIFI_DROP,
13.7152,5,STA,WIFI_DROP,
13.7152,13,STA,WIFI_DROP,
13.7152,16,STA,WIFI_DROP,
13.7152,17,STA,WIFI_DROP,
13.7176,2,STA,WIFI_DROP,
13.7176,5,STA,WIFI_DROP,
13.7176,13,STA,WIFI_DROP,
13.7176,16,STA,WIFI_DROP,
13.7176,17,STA,WIFI_DROP,
13.72,2,STA,WIFI_DROP,
13.72,5,STA,WIFI_DROP,
13.72,13,STA,WIFI_DROP,
13.72,16,STA,WIFI_DROP,
13.72,17,STA,WIFI_DROP,
13.7224,2,STA,WIFI_DROP,
13.7224,5,STA,WIFI_DROP,
13.7224,13,STA,WIFI_DROP,
13.7224,16,STA,WIFI_DROP,
13.7224,17,STA,WIFI_DROP,
13.7248,2,STA,WIFI_DROP,
13.7248,5,STA,WIFI_DROP,
13.7248,13,STA,WIFI_DROP,
13.7248,16,STA,WIFI_DROP,
13.7248,17,STA,WIFI_DROP,
13.7272,2,STA,WIFI_DROP,
13.7272,5,STA,WIFI_DROP,
13.7272,13,STA,WIFI_DROP,
13.7272,16,STA,WIFI_DROP,
13.7272,17,STA,WIFI_DROP,
13.7296,2,STA,WIFI_DROP,
13.7296,5,STA,WIFI_DROP,
13.7296,13,STA,WIFI_DROP,
13.7296,16,STA,WIFI_DROP,
13.7296,17,STA,WIFI_DROP,
13.732,2,STA,WIFI_DROP,
13.732,5,STA,WIFI_DROP,
13.732,13,STA,WIFI_DROP,
13.732,16,STA,WIFI_DROP,
13.732,17,STA,WIFI_DROP,
13.7344,2,STA,WIFI_DROP,
13.7344,5,STA,WIFI_DROP,
13.7344,13,STA,WIFI_DROP,
13.7344,16,STA,WIFI_DROP,
13.7344,17,STA,WIFI_DROP,
13.7368,2,STA,WIFI_DROP,
13.7368,5,STA,WIFI_DROP,
13.7368,13,STA,WIFI_DROP,
13.7368,16,STA,WIFI_DROP,
13.7368,17,STA,WIFI_DROP,
13.7392,2,STA,WIFI_DROP,
13.7392,5,STA,WIFI_DROP,
13.7392,13,STA,WIFI_DROP,
13.7392,16,STA,WIFI_DROP,
13.7392,17,STA,WIFI_DROP,
13.7416,2,STA,WIFI_DROP,
13.7416,5,STA,WIFI_DROP,
13.7416,13,STA,WIFI_DROP,
13.744,2,STA,WIFI_DROP,
13.744,5,STA,WIFI_DROP,
13.744,13,STA,WIFI_DROP,
13.7464,2,STA,WIFI_DROP,
13.7464,5,STA,WIFI_DROP,
13.7464,13,STA,WIFI_DROP,
13.7488,2,STA,WIFI_DROP,
13.7488,5,STA,WIFI_DROP,
13.7488,13,STA,WIFI_DROP,
13.7512,2,STA,WIFI_DROP,
13.7512,5,STA,WIFI_DROP,
13.7512,13,STA,WIFI_DROP,
13.7536,2,STA,WIFI_DROP,
13.7536,5,STA,WIFI_DROP,
13.7536,13,STA,WIFI_DROP,
13.756,2,STA,WIFI_DROP,
13.756,5,STA,WIFI_DROP,
13.756,13,STA,WIFI_DROP,
13.7584,2,STA,WIFI_DROP,
13.7584,5,STA,WIFI_DROP,
13.7584,13,STA,WIFI_DROP,
13.7608,2,STA,WIFI_DROP,
13.7608,5,STA,WIFI_DROP,
13.7608,13,STA,WIFI_DROP,
13.7632,2,STA,WIFI_DROP,
13.7632,5,STA,WIFI_DROP,
13.7632,13,STA,WIFI_DROP,
13.7656,2,STA,WIFI_DROP,
13.7656,5,STA,WIFI_DROP,
13.7656,13,STA,WIFI_DROP,
13.768,2,STA,WIFI_DROP,
13.768,5,STA,WIFI_DROP,
13.768,13,STA,WIFI_DROP,
13.7704,2,STA,WIFI_DROP,
13.7704,5,STA,WIFI_DROP,
13.7704,13,STA,WIFI_DROP,
13.7728,2,STA,WIFI_DROP,
13.7728,5,STA,WIFI_DROP,
13.7728,13,STA,WIFI_DROP,
13.7752,2,STA,WIFI_DROP,
13.7752,5,STA,WIFI_DROP,
13.7752,13,STA,WIFI_DROP,
13.7776,2,STA,WIFI_DROP,
13.7776,5,STA,WIFI_DROP,
13.7776,13,STA,WIFI_DROP,
13.78,2,STA,WIFI_DROP,
13.78,5,STA,WIFI_DROP,
13.78,13,STA,WIFI_DROP,
13.7824,2,STA,WIFI_DROP,
13.7824,5,STA,WIFI_DROP,
13.7824,13,STA,WIFI_DROP,
13.7848,2,STA,WIFI_DROP,
13.7848,5,STA,WIFI_DROP,
13.7848,13,STA,WIFI_DROP,
13.7872,2,STA,WIFI_DROP,
13.7872,5,STA,WIFI_DROP,
13.7872,13,STA,WIFI_DROP,
13.7896,2,STA,WIFI_DROP,
13.7896,5,STA,WIFI_DROP,
13.7896,13,STA,WIFI_DROP,
13.792,2,STA,WIFI_DROP,
13.792,13,STA,WIFI_DROP,
13.7944,2,STA,WIFI_DROP,
13.7944,13,STA,WIFI_DROP,
13.7968,2,STA,WIFI_DROP,
13.7968,13,STA,WIFI_DROP,
13.7992,2,STA,WIFI_DROP,
13.7992,13,STA,WIFI_DROP,
13.8016,2,STA,WIFI_DROP,
13.8016,13,STA,WIFI_DROP,
13.804,2,STA,WIFI_DROP,
13.804,13,STA,WIFI_DROP,
13.8064,2,STA,WIFI_DROP,
13.8064,13,STA,WIFI_DROP,
13.8088,2,STA,WIFI_DROP,
13.8088,13,STA,WIFI_DROP,
13.8112,2,STA,WIFI_DROP,
13.8112,13,STA,WIFI_DROP,
13.8136,2,STA,WIFI_DROP,
13.8136,13,STA,WIFI_DROP,
13.816,2,STA,WIFI_DROP,
13.816,13,STA,WIFI_DROP,
13.8184,2,STA,WIFI_DROP,
13.8184,13,STA,WIFI_DROP,
13.8208,2,STA,WIFI_DROP,
13.8208,13,STA,WIFI_DROP,
13.8232,2,STA,WIFI_DROP,
13.8232,13,STA,WIFI_DROP,
13.8256,2,STA,WIFI_DROP,
13.8256,13,STA,WIFI_DROP,
13.828,2,STA,WIFI_DROP,
13.828,13,STA,WIFI_DROP,
13.8304,2,STA,WIFI_DROP,
13.8304,13,STA,WIFI_DROP,
13.8328,2,STA,WIFI_DROP,
13.8328,13,STA,WIFI_DROP,
13.8352,2,STA,WIFI_DROP,
13.8352,13,STA,WIFI_DROP,
13.8376,2,STA,WIFI_DROP,
13.8376,13,STA,WIFI_DROP,
13.84,2,STA,WIFI_DROP,
13.84,13,STA,WIFI_DROP,
13.8424,2,STA,WIFI_DROP,
13.8424,13,STA,WIFI_DROP,
13.8448,2,STA,WIFI_DROP,
13.8448,13,STA,WIFI_DROP,
13.8472,2,STA,WIFI_DROP,
13.8472,13,STA,WIFI_DROP,
13.8496,2,STA,WIFI_DROP,
13.8496,13,STA,WIFI_DROP,
13.852,2,STA,WIFI_DROP,
13.852,13,STA,WIFI_DROP,
13.8544,2,STA,WIFI_DROP,
13.8544,13,STA,WIFI_DROP,
13.8568,2,STA,WIFI_DROP,
13.8568,13,STA,WIFI_DROP,
13.8592,2,STA,WIFI_DROP,
13.8592,13,STA,WIFI_DROP,
13.8616,2,STA,WIFI_DROP,
13.8616,13,STA,WIFI_DROP,
13.864,2,STA,WIFI_DROP,
13.864,13,STA,WIFI_DROP,
13.8664,2,STA,WIFI_DROP,
13.8664,13,STA,WIFI_DROP,
13.8688,2,STA,WIFI_DROP,
13.8688,13,STA,WIFI_DROP,
13.8712,2,STA,WIFI_DROP,
13.8712,13,STA,WIFI_DROP,
13.8736,2,STA,WIFI_DROP,
13.8736,13,STA,WIFI_DROP,
13.876,2,STA,WIFI_DROP,
13.876,13,STA,WIFI_DROP,
13.8784,2,STA,WIFI_DROP,
13.8784,13,STA,WIFI_DROP,
13.8808,2,STA,WIFI_DROP,
13.8808,13,STA,WIFI_DROP,
13.8832,2,STA,WIFI_DROP,
13.8832,13,STA,WIFI_DROP,
13.8856,2,STA,WIFI_DROP,
13.8856,13,STA,WIFI_DROP,
13.888,2,STA,WIFI_DROP,
13.888,13,STA,WIFI_DROP,
13.8904,2,STA,WIFI_DROP,
13.8904,13,STA,WIFI_DROP,
13.8928,2,STA,WIFI_DROP,
13.8928,13,STA,WIFI_DROP,
13.8952,2,STA,WIFI_DROP,
13.8952,13,STA,WIFI_DROP,
13.8976,2,STA,WIFI_DROP,
13.8976,13,STA,WIFI_DROP,
13.9,2,STA,WIFI_DROP,
13.9,13,STA,WIFI_DROP,
13.9024,2,STA,WIFI_DROP,
13.9024,13,STA,WIFI_DROP,
13.9048,2,STA,WIFI_DROP,
13.9048,13,STA,WIFI_DROP,
13.9072,2,STA,WIFI_DROP,
13.9072,13,STA,WIFI_DROP,
13.9096,2,STA,WIFI_DROP,
13.9096,13,STA,WIFI_DROP,
13.912,2,STA,WIFI_DROP,
13.912,13,STA,WIFI_DROP,
13.9144,2,STA,WIFI_DROP,
13.9144,13,STA,WIFI_DROP,
13.9168,2,STA,WIFI_DROP,
13.9168,13,STA,WIFI_DROP,
13.9192,2,STA,WIFI_DROP,
13.9192,13,STA,WIFI_DROP,
13.9216,2,STA,WIFI_DROP,
13.9216,13,STA,WIFI_DROP,
13.924,2,STA,WIFI_DROP,
13.924,13,STA,WIFI_DROP,
13.9264,2,STA,WIFI_DROP,
13.9264,13,STA,WIFI_DROP,
13.9288,2,STA,WIFI_DROP,
13.9288,13,STA,WIFI_DROP,
13.9312,2,STA,WIFI_DROP,
13.9312,13,STA,WIFI_DROP,
13.9336,2,STA,WIFI_DROP,
13.9336,13,STA,WIFI_DROP,
13.936,2,STA,WIFI_DROP,
13.936,13,STA,WIFI_DROP,
13.9384,2,STA,WIFI_DROP,
13.9384,13,STA,WIFI_DROP,
13.9408,2,STA,WIFI_DROP,
13.9408,13,STA,WIFI_DROP,
13.9432,2,STA,WIFI_DROP,
13.9432,13,STA,WIFI_DROP,
13.9456,2,STA,WIFI_DROP,
13.9456,13,STA,WIFI_DROP,
13.948,2,STA,WIFI_DROP,
13.948,13,STA,WIFI_DROP,
13.9504,2,STA,WIFI_DROP,
13.9504,13,STA,WIFI_DROP,
13.9528,2,STA,WIFI_DROP,
13.9528,13,STA,WIFI_DROP,
13.9552,2,STA,WIFI_DROP,
13.9552,13,STA,WIFI_DROP,
13.9576,2,STA,WIFI_DROP,
13.9576,13,STA,WIFI_DROP,
13.96,2,STA,WIFI_DROP,
13.96,13,STA,WIFI_DROP,
13.9624,2,STA,WIFI_DROP,
13.9624,13,STA,WIFI_DROP,
13.9648,2,STA,WIFI_DROP,
13.9648,13,STA,WIFI_DROP,
13.9672,2,STA,WIFI_DROP,
13.9672,13,STA,WIFI_DROP,
13.9696,2,STA,WIFI_DROP,
13.9696,13,STA,WIFI_DROP,
13.972,2,STA,WIFI_DROP,
13.972,13,STA,WIFI_DROP,
13.9744,2,STA,WIFI_DROP,
13.9744,13,STA,WIFI_DROP,
13.9768,2,STA,WIFI_DROP,
13.9768,13,STA,WIFI_DROP,
13.9792,2,STA,WIFI_DROP,
13.9792,13,STA,WIFI_DROP,
13.9816,2,STA,WIFI_DROP,
13.9816,13,STA,WIFI_DROP,
13.984,2,STA,WIFI_DROP,
13.984,13,STA,WIFI_DROP,
13.9864,2,STA,WIFI_DROP,
13.9864,13,STA,WIFI_DROP,
13.9888,2,STA,WIFI_DROP,
13.9888,13,STA,WIFI_DROP,
13.9912,2,STA,WIFI_DROP,
13.9912,13,STA,WIFI_DROP,
13.9936,2,STA,WIFI_DROP,
13.9936,13,STA,WIFI_DROP,
13.996,2,STA,WIFI_DROP,
13.996,13,STA,WIFI_DROP,
13.9984,2,STA,WIFI_DROP,
13.9984,13,STA,WIFI_DROP,
14,9,STA,THROUGHPUT_MBPS,1.128000
14,11,STA,THROUGHPUT_MBPS,0.456000
14,13,STA,THROUGHPUT_MBPS,0.024000
14,15,STA,THROUGHPUT_MBPS,0.444000
14,16,STA,THROUGHPUT_MBPS,0.096000
14,17,STA,THROUGHPUT_MBPS,0.444000
14,18,STA,THROUGHPUT_MBPS,0.324000
14,1,AP,AGGREGATE_THROUGHPUT_MBPS,2.916000
14,1,AP,SENT_COUNT,8340.000000
14,1,AP,RECV_COUNT,243.000000
14,1,AP,LATENCY_P95_MS,521.724845
14.0008,2,STA,WIFI_DROP,
14.0008,13,STA,WIFI_DROP,
14.0032,2,STA,WIFI_DROP,
14.0032,13,STA,WIFI_DROP,
14.0056,2,STA,WIFI_DROP,
14.0056,13,STA,WIFI_DROP,
14.008,2,STA,WIFI_DROP,
14.008,13,STA,WIFI_DROP,
14.0104,2,STA,WIFI_DROP,
14.0104,13,STA,WIFI_DROP,
14.0128,2,STA,WIFI_DROP,
14.0128,13,STA,WIFI_DROP,
14.0152,2,STA,WIFI_DROP,
14.0152,13,STA,WIFI_DROP,
14.0176,2,STA,WIFI_DROP,
14.0176,13,STA,WIFI_DROP,
14.02,2,STA,WIFI_DROP,
14.02,13,STA,WIFI_DROP,
14.0224,2,STA,WIFI_DROP,
14.0224,13,STA,WIFI_DROP,
14.0248,2,STA,WIFI_DROP,
14.0248,13,STA,WIFI_DROP,
14.0272,2,STA,WIFI_DROP,
14.0272,13,STA,WIFI_DROP,
14.0296,2,STA,WIFI_DROP,
14.0296,13,STA,WIFI_DROP,
14.032,2,STA,WIFI_DROP,
14.032,13,STA,WIFI_DROP,
14.0344,2,STA,WIFI_DROP,
14.0344,13,STA,WIFI_DROP,
14.0368,2,STA,WIFI_DROP,
14.0368,13,STA,WIFI_DROP,
14.0392,2,STA,WIFI_DROP,
14.0392,13,STA,WIFI_DROP,
14.0416,2,STA,WIFI_DROP,
14.0416,13,STA,WIFI_DROP,
14.044,2,STA,WIFI_DROP,
14.044,13,STA,WIFI_DROP,
14.0464,2,STA,WIFI_DROP,
14.0464,13,STA,WIFI_DROP,
14.0488,13,STA,WIFI_DROP,
14.0512,13,STA,WIFI_DROP,
14.0536,13,STA,WIFI_DROP,
14.056,13,STA,WIFI_DROP,
14.0584,13,STA,WIFI_DROP,
14.0608,13,STA,WIFI_DROP,
14.0632,13,STA,WIFI_DROP,
14.0656,13,STA,WIFI_DROP,
14.068,13,STA,WIFI_DROP,
14.0704,13,STA,WIFI_DROP,
14.0728,13,STA,WIFI_DROP,
14.0752,13,STA,WIFI_DROP,
14.0776,13,STA,WIFI_DROP,
14.08,13,STA,WIFI_DROP,
14.0824,13,STA,WIFI_DROP,
14.0848,13,STA,WIFI_DROP,
14.0872,13,STA,WIFI_DROP,
14.0896,13,STA,WIFI_DROP,
14.092,13,STA,WIFI_DROP,
14.0944,13,STA,WIFI_DROP,
14.0968,13,STA,WIFI_DROP,
14.0992,13,STA,WIFI_DROP,
14.1016,13,STA,WIFI_DROP,
14.104,13,STA,WIFI_DROP,
14.1064,13,STA,WIFI_DROP,
14.1088,13,STA,WIFI_DROP,
14.1112,13,STA,WIFI_DROP,
14.1136,13,STA,WIFI_DROP,
14.116,13,STA,WIFI_DROP,
14.1184,13,STA,WIFI_DROP,
14.1208,13,STA,WIFI_DROP,
14.1232,13,STA,WIFI_DROP,
14.1256,13,STA,WIFI_DROP,
14.128,13,STA,WIFI_DROP,
14.1304,13,STA,WIFI_DROP,
14.1328,13,STA,WIFI_DROP,
14.1352,13,STA,WIFI_DROP,
14.1376,13,STA,WIFI_DROP,
14.14,13,STA,WIFI_DROP,
14.1424,13,STA,WIFI_DROP,
14.1448,13,STA,WIFI_DROP,
14.1472,13,STA,WIFI_DROP,
14.1496,13,STA,WIFI_DROP,
14.152,13,STA,WIFI_DROP,
14.1544,13,STA,WIFI_DROP,
14.1568,13,STA,WIFI_DROP,
14.1592,13,STA,WIFI_DROP,
14.1616,13,STA,WIFI_DROP,
14.164,13,STA,WIFI_DROP,
14.1664,13,STA,WIFI_DROP,
14.1688,13,STA,WIFI_DROP,
14.1712,13,STA,WIFI_DROP,
14.1736,13,STA,WIFI_DROP,
14.176,13,STA,WIFI_DROP,
14.1784,13,STA,WIFI_DROP,
14.1808,13,STA,WIFI_DROP,
14.1832,13,STA,WIFI_DROP,
14.1856,13,STA,WIFI_DROP,
14.188,13,STA,WIFI_DROP,
14.1904,13,STA,WIFI_DROP,
14.1928,13,STA,WIFI_DROP,
14.1952,13,STA,WIFI_DROP,
14.1976,13,STA,WIFI_DROP,
14.2,13,STA,WIFI_DROP,
14.2024,13,STA,WIFI_DROP,
14.2048,13,STA,WIFI_DROP,
14.2072,13,STA,WIFI_DROP,
14.2096,13,STA,WIFI_DROP,
14.212,13,STA,WIFI_DROP,
14.2144,13,STA,WIFI_DROP,
14.2168,13,STA,WIFI_DROP,
14.2192,13,STA,WIFI_DROP,
14.2216,13,STA,WIFI_DROP,
14.224,13,STA,WIFI_DROP,
14.2264,13,STA,WIFI_DROP,
14.2288,13,STA,WIFI_DROP,
14.2312,13,STA,WIFI_DROP,
14.2336,13,STA,WIFI_DROP,
14.236,13,STA,WIFI_DROP,
14.2384,13,STA,WIFI_DROP,
14.2408,13,STA,WIFI_DROP,
14.2432,13,STA,WIFI_DROP,
14.2456,13,STA,WIFI_DROP,
14.26,16,STA,WIFI_DROP,
14.2624,16,STA,WIFI_DROP,
14.2648,16,STA,WIFI_DROP,
14.2672,16,STA,WIFI_DROP,
14.2696,16,STA,WIFI_DROP,
14.272,16,STA,WIFI_DROP,
14.2744,16,STA,WIFI_DROP,
14.2768,16,STA,WIFI_DROP,
14.2792,16,STA,WIFI_DROP,
14.2816,16,STA,WIFI_DROP,
14.284,16,STA,WIFI_DROP,
14.2864,16,STA,WIFI_DROP,
14.2888,16,STA,WIFI_DROP,
14.2912,16,STA,WIFI_DROP,
14.2936,16,STA,WIFI_DROP,
14.296,16,STA,WIFI_DROP,
14.2984,16,STA,WIFI_DROP,
14.3008,16,STA,WIFI_DROP,
14.3032,16,STA,WIFI_DROP,
14.3056,16,STA,WIFI_DROP,
14.308,16,STA,WIFI_DROP,
14.3104,16,STA,WIFI_DROP,
14.3128,16,STA,WIFI_DROP,
14.3152,5,STA,WIFI_DROP,
14.3152,11,STA,WIFI_DROP,
14.3152,16,STA,WIFI_DROP,
14.3176,5,STA,WIFI_DROP,
14.3176,11,STA,WIFI_DROP,
14.3176,16,STA,WIFI_DROP,
14.32,5,STA,WIFI_DROP,
14.32,11,STA,WIFI_DROP,
14.32,16,STA,WIFI_DROP,
14.3224,5,STA,WIFI_DROP,
14.3224,11,STA,WIFI_DROP,
14.3224,16,STA,WIFI_DROP,
14.3248,5,STA,WIFI_DROP,
14.3248,11,STA,WIFI_DROP,
14.3248,16,STA,WIFI_DROP,
14.3272,5,STA,WIFI_DROP,
14.3272,11,STA,WIFI_DROP,
14.3272,16,STA,WIFI_DROP,
14.3296,5,STA,WIFI_DROP,
14.3296,11,STA,WIFI_DROP,
14.3296,16,STA,WIFI_DROP,
14.332,5,STA,WIFI_DROP,
14.332,11,STA,WIFI_DROP,
14.332,16,STA,WIFI_DROP,
14.3344,5,STA,WIFI_DROP,
14.3344,11,STA,WIFI_DROP,
14.3344,16,STA,WIFI_DROP,
14.3368,5,STA,WIFI_DROP,
14.3368,11,STA,WIFI_DROP,
14.3368,16,STA,WIFI_DROP,
14.3392,5,STA,WIFI_DROP,
14.3392,11,STA,WIFI_DROP,
14.3392,16,STA,WIFI_DROP,
14.3416,5,STA,WIFI_DROP,
14.3416,11,STA,WIFI_DROP,
14.3416,16,STA,WIFI_DROP,
14.344,5,STA,WIFI_DROP,
14.344,11,STA,WIFI_DROP,
14.344,16,STA,WIFI_DROP,
14.3464,5,STA,WIFI_DROP,
14.3464,11,STA,WIFI_DROP,
14.3464,16,STA,WIFI_DROP,
14.3488,5,STA,WIFI_DROP,
14.3488,11,STA,WIFI_DROP,
14.3488,16,STA,WIFI_DROP,
14.3512,5,STA,WIFI_DROP,
14.3512,11,STA,WIFI_DROP,
14.3512,16,STA,WIFI_DROP,
14.3536,5,STA,WIFI_DROP,
14.3536,11,STA,WIFI_DROP,
14.3536,16,STA,WIFI_DROP,
14.356,5,STA,WIFI_DROP,
14.356,11,STA,WIFI_DROP,
14.356,16,STA,WIFI_DROP,
14.3584,5,STA,WIFI_DROP,
14.3584,11,STA,WIFI_DROP,
14.3584,16,STA,WIFI_DROP,
14.3608,5,STA,WIFI_DROP,
14.3608,11,STA,WIFI_DROP,
14.3608,16,STA,WIFI_DROP,
14.3632,5,STA,WIFI_DROP,
14.3632,11,STA,WIFI_DROP,
14.3632,16,STA,WIFI_DROP,
14.3656,5,STA,WIFI_DROP,
14.3656,11,STA,WIFI_DROP,
14.3656,16,STA,WIFI_DROP,
14.368,5,STA,WIFI_DROP,
14.368,11,STA,WIFI_DROP,
14.368,16,STA,WIFI_DROP,
14.3704,5,STA,WIFI_DROP,
14.3704,11,STA,WIFI_DROP,
14.3704,16,STA,WIFI_DROP,
14.3728,5,STA,WIFI_DROP,
14.3728,11,STA,WIFI_DROP,
14.3728,16,STA,WIFI_DROP,
14.3752,5,STA,WIFI_DROP,
14.3752,11,STA,WIFI_DROP,
14.3752,16,STA,WIFI_DROP,
14.3776,5,STA,WIFI_DROP,
14.3776,11,STA,WIFI_DROP,
14.3776,16,STA,WIFI_DROP,
14.38,5,STA,WIFI_DROP,
14.38,11,STA,WIFI_DROP,
14.38,16,STA,WIFI_DROP,
14.3824,5,STA,WIFI_DROP,
14.3824,11,STA,WIFI_DROP,
14.3824,16,STA,WIFI_DROP,
14.3848,5,STA,WIFI_DROP,
14.3848,11,STA,WIFI_DROP,
14.3848,16,STA,WIFI_DROP,
14.3872,5,STA,WIFI_DROP,
14.3872,11,STA,WIFI_DROP,
14.3872,16,STA,WIFI_DROP,
14.3896,5,STA,WIFI_DROP,
14.3896,11,STA,WIFI_DROP,
14.3896,16,STA,WIFI_DROP,
14.392,5,STA,WIFI_DROP,
14.392,11,STA,WIFI_DROP,
14.392,16,STA,WIFI_DROP,
14.3944,5,STA,WIFI_DROP,
14.3944,11,STA,WIFI_DROP,
14.3944,16,STA,WIFI_DROP,
14.3968,5,STA,WIFI_DROP,
14.3968,11,STA,WIFI_DROP,
14.3968,16,STA,WIFI_DROP,
14.3992,5,STA,WIFI_DROP,
14.3992,11,STA,WIFI_DROP,
14.3992,16,STA,WIFI_DROP,
14.4016,5,STA,WIFI_DROP,
14.4016,11,STA,WIFI_DROP,
14.4016,16,STA,WIFI_DROP,
14.404,5,STA,WIFI_DROP,
14.404,11,STA,WIFI_DROP,
14.404,16,STA,WIFI_DROP,
14.4064,5,STA,WIFI_DROP,
14.4064,11,STA,WIFI_DROP,
14.4064,16,STA,WIFI_DROP,
14.4088,5,STA,WIFI_DROP,
14.4088,11,STA,WIFI_DROP,
14.4088,16,STA,WIFI_DROP,
14.4112,5,STA,WIFI_DROP,
14.4112,11,STA,WIFI_DROP,
14.4112,16,STA,WIFI_DROP,
14.4136,5,STA,WIFI_DROP,
14.4136,11,STA,WIFI_DROP,
14.4136,16,STA,WIFI_DROP,
14.416,5,STA,WIFI_DROP,
14.416,11,STA,WIFI_DROP,
14.416,16,STA,WIFI_DROP,
14.4184,5,STA,WIFI_DROP,
14.4184,11,STA,WIFI_DROP,
14.4184,16,STA,WIFI_DROP,
14.4208,5,STA,WIFI_DROP,
14.4208,11,STA,WIFI_DROP,
14.4208,16,STA,WIFI_DROP,
14.4232,5,STA,WIFI_DROP,
14.4232,11,STA,WIFI_DROP,
14.4232,16,STA,WIFI_DROP,
14.4256,5,STA,WIFI_DROP,
14.4256,11,STA,WIFI_DROP,
14.4256,16,STA,WIFI_DROP,
14.428,5,STA,WIFI_DROP,
14.428,11,STA,WIFI_DROP,
14.428,16,STA,WIFI_DROP,
14.4304,5,STA,WIFI_DROP,
14.4304,11,STA,WIFI_DROP,
14.4304,16,STA,WIFI_DROP,
14.4328,5,STA,WIFI_DROP,
14.4328,11,STA,WIFI_DROP,
14.4328,16,STA,WIFI_DROP,
14.4352,5,STA,WIFI_DROP,
14.4352,11,STA,WIFI_DROP,
14.4352,16,STA,WIFI_DROP,
14.4376,5,STA,WIFI_DROP,
14.4376,11,STA,WIFI_DROP,
14.4376,16,STA,WIFI_DROP,
14.44,5,STA,WIFI_DROP,
14.44,11,STA,WIFI_DROP,
14.44,16,STA,WIFI_DROP,
14.4424,5,STA,WIFI_DROP,
14.4424,11,STA,WIFI_DROP,
14.4424,16,STA,WIFI_DROP,
14.4448,5,STA,WIFI_DROP,
14.4448,11,STA,WIFI_DROP,
14.4448,16,STA,WIFI_DROP,
14.4472,5,STA,WIFI_DROP,
14.4472,11,STA,WIFI_DROP,
14.4472,16,STA,WIFI_DROP,
14.4496,5,STA,WIFI_DROP,
14.4496,11,STA,WIFI_DROP,
14.4496,16,STA,WIFI_DROP,
14.452,5,STA,WIFI_DROP,
14.452,11,STA,WIFI_DROP,
14.452,16,STA,WIFI_DROP,
14.4544,5,STA,WIFI_DROP,
14.4544,11,STA,WIFI_DROP,
14.4544,16,STA,WIFI_DROP,
14.4568,5,STA,WIFI_DROP,
14.4568,11,STA,WIFI_DROP,
14.4568,16,STA,WIFI_DROP,
14.4592,5,STA,WIFI_DROP,
14.4592,11,STA,WIFI_DROP,
14.4592,16,STA,WIFI_DROP,
14.4616,5,STA,WIFI_DROP,
14.4616,11,STA,WIFI_DROP,
14.4616,16,STA,WIFI_DROP,
14.464,5,STA,WIFI_DROP,
14.464,11,STA,WIFI_DROP,
14.464,16,STA,WIFI_DROP,
14.4664,5,STA,WIFI_DROP,
14.4664,11,STA,WIFI_DROP,
14.4664,16,STA,WIFI_DROP,
14.4688,5,STA,WIFI_DROP,
14.4688,11,STA,WIFI_DROP,
14.4688,16,STA,WIFI_DROP,
14.4712,5,STA,WIFI_DROP,
14.4712,11,STA,WIFI_DROP,
14.4712,16,STA,WIFI_DROP,
14.4736,5,STA,WIFI_DROP,
14.4736,11,STA,WIFI_DROP,
14.4736,16,STA,WIFI_DROP,
14.476,5,STA,WIFI_DROP,
14.476,11,STA,WIFI_DROP,
14.476,16,STA,WIFI_DROP,
14.4784,5,STA,WIFI_DROP,
14.4784,11,STA,WIFI_DROP,
14.4784,16,STA,WIFI_DROP,
14.4808,5,STA,WIFI_DROP,
14.4808,11,STA,WIFI_DROP,
14.4808,16,STA,WIFI_DROP,
14.4832,5,STA,WIFI_DROP,
14.4832,11,STA,WIFI_DROP,
14.4832,16,STA,WIFI_DROP,
14.4856,5,STA,WIFI_DROP,
14.4856,11,STA,WIFI_DROP,
14.4856,16,STA,WIFI_DROP,
14.488,5,STA,WIFI_DROP,
14.488,11,STA,WIFI_DROP,
14.488,16,STA,WIFI_DROP,
14.4904,5,STA,WIFI_DROP,
14.4904,11,STA,WIFI_DROP,
14.4904,16,STA,WIFI_DROP,
14.4928,5,STA,WIFI_DROP,
14.4928,11,STA,WIFI_DROP,
14.4928,16,STA,WIFI_DROP,
14.4952,5,STA,WIFI_DROP,
14.4952,11,STA,WIFI_DROP,
14.4952,16,STA,WIFI_DROP,
14.4976,5,STA,WIFI_DROP,
14.4976,11,STA,WIFI_DROP,
14.4976,16,STA,WIFI_DROP,
14.5,5,STA,WIFI_DROP,
14.5,11,STA,WIFI_DROP,
14.5,16,STA,WIFI_DROP,
14.5024,5,STA,WIFI_DROP,
14.5024,11,STA,WIFI_DROP,
14.5024,16,STA,WIFI_DROP,
14.5048,5,STA,WIFI_DROP,
14.5048,11,STA,WIFI_DROP,
14.5048,16,STA,WIFI_DROP,
14.5072,5,STA,WIFI_DROP,
14.5072,11,STA,WIFI_DROP,
14.5072,16,STA,WIFI_DROP,
14.5096,5,STA,WIFI_DROP,
14.5096,11,STA,WIFI_DROP,
14.5096,16,STA,WIFI_DROP,
14.512,5,STA,WIFI_DROP,
14.512,11,STA,WIFI_DROP,
14.512,16,STA,WIFI_DROP,
14.5144,5,STA,WIFI_DROP,
14.5144,11,STA,WIFI_DROP,
14.5144,16,STA,WIFI_DROP,
14.5168,5,STA,WIFI_DROP,
14.5168,11,STA,WIFI_DROP,
14.5168,16,STA,WIFI_DROP,
14.5192,5,STA,WIFI_DROP,
14.5192,11,STA,WIFI_DROP,
14.5192,16,STA,WIFI_DROP,
14.5216,5,STA,WIFI_DROP,
14.5216,11,STA,WIFI_DROP,
14.5216,16,STA,WIFI_DROP,
14.524,5,STA,WIFI_DROP,
14.524,11,STA,WIFI_DROP,
14.524,16,STA,WIFI_DROP,
14.5264,5,STA,WIFI_DROP,
14.5264,11,STA,WIFI_DROP,
14.5264,16,STA,WIFI_DROP,
14.5288,5,STA,WIFI_DROP,
14.5288,11,STA,WIFI_DROP,
14.5288,16,STA,WIFI_DROP,
14.5312,5,STA,WIFI_DROP,
14.5312,11,STA,WIFI_DROP,
14.5312,16,STA,WIFI_DROP,
14.5336,5,STA,WIFI_DROP,
14.5336,11,STA,WIFI_DROP,
14.5336,16,STA,WIFI_DROP,
14.536,5,STA,WIFI_DROP,
14.536,11,STA,WIFI_DROP,
14.536,16,STA,WIFI_DROP,
14.5384,5,STA,WIFI_DROP,
14.5384,11,STA,WIFI_DROP,
14.5384,16,STA,WIFI_DROP,
14.5408,5,STA,WIFI_DROP,
14.5408,11,STA,WIFI_DROP,
14.5408,16,STA,WIFI_DROP,
14.5432,5,STA,WIFI_DROP,
14.5432,11,STA,WIFI_DROP,
14.5432,16,STA,WIFI_DROP,
14.5456,5,STA,WIFI_DROP,
14.5456,11,STA,WIFI_DROP,
14.5456,16,STA,WIFI_DROP,
14.548,5,STA,WIFI_DROP,
14.548,11,STA,WIFI_DROP,
14.548,16,STA,WIFI_DROP,
14.5504,5,STA,WIFI_DROP,
14.5504,11,STA,WIFI_DROP,
14.5504,16,STA,WIFI_DROP,
14.5528,5,STA,WIFI_DROP,
14.5528,11,STA,WIFI_DROP,
14.5528,16,STA,WIFI_DROP,
14.5552,5,STA,WIFI_DROP,
14.5552,11,STA,WIFI_DROP,
14.5552,16,STA,WIFI_DROP,
14.5576,5,STA,WIFI_DROP,
14.5576,11,STA,WIFI_DROP,
14.5576,16,STA,WIFI_DROP,
14.56,5,STA,WIFI_DROP,
14.56,11,STA,WIFI_DROP,
14.56,16,STA,WIFI_DROP,
14.5624,5,STA,WIFI_DROP,
14.5624,11,STA,WIFI_DROP,
14.5624,16,STA,WIFI_DROP,
14.5648,5,STA,WIFI_DROP,
14.5648,11,STA,WIFI_DROP,
14.5648,16,STA,WIFI_DROP,
14.5672,5,STA,WIFI_DROP,
14.5672,11,STA,WIFI_DROP,
14.5672,16,STA,WIFI_DROP,
14.5696,5,STA,WIFI_DROP,
14.5696,11,STA,WIFI_DROP,
14.5696,16,STA,WIFI_DROP,
14.572,5,STA,WIFI_DROP,
14.572,11,STA,WIFI_DROP,
14.572,16,STA,WIFI_DROP,
14.5744,5,STA,WIFI_DROP,
14.5744,11,STA,WIFI_DROP,
14.5744,16,STA,WIFI_DROP,
14.5768,5,STA,WIFI_DROP,
14.5768,11,STA,WIFI_DROP,
14.5768,16,STA,WIFI_DROP,
14.5792,5,STA,WIFI_DROP,
14.5792,11,STA,WIFI_DROP,
14.5792,16,STA,WIFI_DROP,
14.5816,5,STA,WIFI_DROP,
14.5816,11,STA,WIFI_DROP,
14.5816,16,STA,WIFI_DROP,
14.584,5,STA,WIFI_DROP,
14.584,11,STA,WIFI_DROP,
14.584,16,STA,WIFI_DROP,
14.5864,5,STA,WIFI_DROP,
14.5864,11,STA,WIFI_DROP,
14.5864,16,STA,WIFI_DROP,
14.5888,5,STA,WIFI_DROP,
14.5888,11,STA,WIFI_DROP,
14.5888,16,STA,WIFI_DROP,
14.5912,5,STA,WIFI_DROP,
14.5912,11,STA,WIFI_DROP,
14.5912,16,STA,WIFI_DROP,
14.5936,5,STA,WIFI_DROP,
14.5936,11,STA,WIFI_DROP,
14.5936,16,STA,WIFI_DROP,
14.596,5,STA,WIFI_DROP,
14.596,11,STA,WIFI_DROP,
14.596,16,STA,WIFI_DROP,
14.5984,5,STA,WIFI_DROP,
14.5984,11,STA,WIFI_DROP,
14.5984,16,STA,WIFI_DROP,
14.6008,5,STA,WIFI_DROP,
14.6008,11,STA,WIFI_DROP,
14.6008,16,STA,WIFI_DROP,
14.6032,5,STA,WIFI_DROP,
14.6032,11,STA,WIFI_DROP,
14.6032,16,STA,WIFI_DROP,
14.6056,5,STA,WIFI_DROP,
14.6056,11,STA,WIFI_DROP,
14.6056,16,STA,WIFI_DROP,
14.608,5,STA,WIFI_DROP,
14.608,11,STA,WIFI_DROP,
14.608,16,STA,WIFI_DROP,
14.6104,5,STA,WIFI_DROP,
14.6104,11,STA,WIFI_DROP,
14.6104,16,STA,WIFI_DROP,
14.6128,5,STA,WIFI_DROP,
14.6128,11,STA,WIFI_DROP,
14.6128,16,STA,WIFI_DROP,
14.6152,5,STA,WIFI_DROP,
14.6152,11,STA,WIFI_DROP,
14.6152,16,STA,WIFI_DROP,
14.6176,5,STA,WIFI_DROP,
14.6176,11,STA,WIFI_DROP,
14.6176,16,STA,WIFI_DROP,
14.62,5,STA,WIFI_DROP,
14.62,11,STA,WIFI_DROP,
14.62,16,STA,WIFI_DROP,
14.6224,5,STA,WIFI_DROP,
14.6224,11,STA,WIFI_DROP,
14.6224,16,STA,WIFI_DROP,
14.6248,5,STA,WIFI_DROP,
14.6248,11,STA,WIFI_DROP,
14.6248,16,STA,WIFI_DROP,
14.6272,5,STA,WIFI_DROP,
14.6272,11,STA,WIFI_DROP,
14.6272,16,STA,WIFI_DROP,
14.6296,5,STA,WIFI_DROP,
14.6296,11,STA,WIFI_DROP,
14.6296,16,STA,WIFI_DROP,
14.632,5,STA,WIFI_DROP,
14.632,11,STA,WIFI_DROP,
14.632,16,STA,WIFI_DROP,
14.6344,5,STA,WIFI_DROP,
14.6344,11,STA,WIFI_DROP,
14.6344,16,STA,WIFI_DROP,
14.6368,5,STA,WIFI_DROP,
14.6368,11,STA,WIFI_DROP,
14.6368,16,STA,WIFI_DROP,
14.6392,5,STA,WIFI_DROP,
14.6392,11,STA,WIFI_DROP,
14.6392,16,STA,WIFI_DROP,
14.6416,5,STA,WIFI_DROP,
14.6416,11,STA,WIFI_DROP,
14.6416,16,STA,WIFI_DROP,
14.644,5,STA,WIFI_DROP,
14.644,11,STA,WIFI_DROP,
14.644,16,STA,WIFI_DROP,
14.6464,5,STA,WIFI_DROP,
14.6464,11,STA,WIFI_DROP,
14.6464,16,STA,WIFI_DROP,
14.6488,5,STA,WIFI_DROP,
14.6488,11,STA,WIFI_DROP,
14.6488,16,STA,WIFI_DROP,
14.6512,5,STA,WIFI_DROP,
14.6512,11,STA,WIFI_DROP,
14.6512,16,STA,WIFI_DROP,
14.6536,5,STA,WIFI_DROP,
14.6536,11,STA,WIFI_DROP,
14.6536,16,STA,WIFI_DROP,
14.656,5,STA,WIFI_DROP,
14.656,11,STA,WIFI_DROP,
14.656,16,STA,WIFI_DROP,
14.6584,5,STA,WIFI_DROP,
14.6584,11,STA,WIFI_DROP,
14.6584,16,STA,WIFI_DROP,
14.6608,5,STA,WIFI_DROP,
14.6608,11,STA,WIFI_DROP,
14.6608,16,STA,WIFI_DROP,
14.6632,5,STA,WIFI_DROP,
14.6632,11,STA,WIFI_DROP,
14.6632,16,STA,WIFI_DROP,
14.6656,5,STA,WIFI_DROP,
14.6656,11,STA,WIFI_DROP,
14.6656,16,STA,WIFI_DROP,
14.668,5,STA,WIFI_DROP,
14.668,11,STA,WIFI_DROP,
14.668,16,STA,WIFI_DROP,
14.6704,5,STA,WIFI_DROP,
14.6704,11,STA,WIFI_DROP,
14.6704,16,STA,WIFI_DROP,
14.6728,5,STA,WIFI_DROP,
14.6728,11,STA,WIFI_DROP,
14.6728,16,STA,WIFI_DROP,
14.6752,5,STA,WIFI_DROP,
14.6752,11,STA,WIFI_DROP,
14.6752,16,STA,WIFI_DROP,
14.6776,5,STA,WIFI_DROP,
14.6776,11,STA,WIFI_DROP,
14.6776,16,STA,WIFI_DROP,
14.68,5,STA,WIFI_DROP,
14.68,11,STA,WIFI_DROP,
14.68,16,STA,WIFI_DROP,
14.6824,5,STA,WIFI_DROP,
14.6824,11,STA,WIFI_DROP,
14.6824,16,STA,WIFI_DROP,
14.6848,5,STA,WIFI_DROP,
14.6848,11,STA,WIFI_DROP,
14.6848,16,STA,WIFI_DROP,
14.6872,5,STA,WIFI_DROP,
14.6872,11,STA,WIFI_DROP,
14.6872,16,STA,WIFI_DROP,
14.6896,5,STA,WIFI_DROP,
14.6896,11,STA,WIFI_DROP,
14.6896,16,STA,WIFI_DROP,
14.692,5,STA,WIFI_DROP,
14.692,11,STA,WIFI_DROP,
14.692,16,STA,WIFI_DROP,
14.6944,5,STA,WIFI_DROP,
14.6944,11,STA,WIFI_DROP,
14.6944,16,STA,WIFI_DROP,
14.6968,5,STA,WIFI_DROP,
14.6968,11,STA,WIFI_DROP,
14.6968,16,STA,WIFI_DROP,
14.6992,5,STA,WIFI_DROP,
14.6992,11,STA,WIFI_DROP,
14.6992,16,STA,WIFI_DROP,
14.7016,5,STA,WIFI_DROP,
14.7016,11,STA,WIFI_DROP,
14.7016,16,STA,WIFI_DROP,
14.704,5,STA,WIFI_DROP,
14.704,11,STA,WIFI_DROP,
14.704,16,STA,WIFI_DROP,
14.7064,5,STA,WIFI_DROP,
14.7064,11,STA,WIFI_DROP,
14.7064,16,STA,WIFI_DROP,
14.7088,5,STA,WIFI_DROP,
14.7088,11,STA,WIFI_DROP,
14.7088,16,STA,WIFI_DROP,
14.7112,5,STA,WIFI_DROP,
14.7112,11,STA,WIFI_DROP,
14.7112,16,STA,WIFI_DROP,
14.7136,5,STA,WIFI_DROP,
14.7136,11,STA,WIFI_DROP,
14.7136,16,STA,WIFI_DROP,
14.716,5,STA,WIFI_DROP,
14.716,11,STA,WIFI_DROP,
14.716,16,STA,WIFI_DROP,
14.7184,11,STA,WIFI_DROP,
14.7184,16,STA,WIFI_DROP,
14.7208,11,STA,WIFI_DROP,
14.7208,16,STA,WIFI_DROP,
14.7232,11,STA,WIFI_DROP,
14.7232,16,STA,WIFI_DROP,
14.7256,4,STA,WIFI_DROP,
14.7256,6,STA,WIFI_DROP,
14.7256,11,STA,WIFI_DROP,
14.7256,16,STA,WIFI_DROP,
14.7256,19,STA,WIFI_DROP,
14.728,4,STA,WIFI_DROP,
14.728,6,STA,WIFI_DROP,
14.728,11,STA,WIFI_DROP,
14.728,16,STA,WIFI_DROP,
14.728,19,STA,WIFI_DROP,
14.7304,4,STA,WIFI_DROP,
14.7304,6,STA,WIFI_DROP,
14.7304,11,STA,WIFI_DROP,
14.7304,16,STA,WIFI_DROP,
14.7304,19,STA,WIFI_DROP,
14.7328,4,STA,WIFI_DROP,
14.7328,6,STA,WIFI_DROP,
14.7328,11,STA,WIFI_DROP,
14.7328,16,STA,WIFI_DROP,
14.7328,19,STA,WIFI_DROP,
14.7352,4,STA,WIFI_DROP,
14.7352,6,STA,WIFI_DROP,
14.7352,11,STA,WIFI_DROP,
14.7352,16,STA,WIFI_DROP,
14.7352,19,STA,WIFI_DROP,
14.7376,4,STA,WIFI_DROP,
14.7376,6,STA,WIFI_DROP,
14.7376,11,STA,WIFI_DROP,
14.7376,16,STA,WIFI_DROP,
14.7376,19,STA,WIFI_DROP,
14.74,4,STA,WIFI_DROP,
14.74,6,STA,WIFI_DROP,
14.74,11,STA,WIFI_DROP,
14.74,16,STA,WIFI_DROP,
14.74,19,STA,WIFI_DROP,
14.7424,4,STA,WIFI_DROP,
14.7424,6,STA,WIFI_DROP,
14.7424,11,STA,WIFI_DROP,
14.7424,16,STA,WIFI_DROP,
14.7424,19,STA,WIFI_DROP,
14.7448,4,STA,WIFI_DROP,
14.7448,6,STA,WIFI_DROP,
14.7448,11,STA,WIFI_DROP,
14.7448,16,STA,WIFI_DROP,
14.7448,19,STA,WIFI_DROP,
14.7472,4,STA,WIFI_DROP,
14.7472,6,STA,WIFI_DROP,
14.7472,11,STA,WIFI_DROP,
14.7472,16,STA,WIFI_DROP,
14.7472,19,STA,WIFI_DROP,
14.7496,4,STA,WIFI_DROP,
14.7496,6,STA,WIFI_DROP,
14.7496,11,STA,WIFI_DROP,
14.7496,16,STA,WIFI_DROP,
14.7496,19,STA,WIFI_DROP,
14.752,4,STA,WIFI_DROP,
14.752,6,STA,WIFI_DROP,
14.752,11,STA,WIFI_DROP,
14.752,16,STA,WIFI_DROP,
14.752,19,STA,WIFI_DROP,
14.7544,4,STA,WIFI_DROP,
14.7544,6,STA,WIFI_DROP,
14.7544,11,STA,WIFI_DROP,
14.7544,16,STA,WIFI_DROP,
14.7544,19,STA,WIFI_DROP,
14.7568,4,STA,WIFI_DROP,
14.7568,6,STA,WIFI_DROP,
14.7568,11,STA,WIFI_DROP,
14.7568,16,STA,WIFI_DROP,
14.7568,19,STA,WIFI_DROP,
14.7592,4,STA,WIFI_DROP,
14.7592,6,STA,WIFI_DROP,
14.7592,11,STA,WIFI_DROP,
14.7592,16,STA,WIFI_DROP,
14.7592,19,STA,WIFI_DROP,
14.7616,4,STA,WIFI_DROP,
14.7616,6,STA,WIFI_DROP,
14.7616,11,STA,WIFI_DROP,
14.7616,16,STA,WIFI_DROP,
14.7616,19,STA,WIFI_DROP,
14.764,4,STA,WIFI_DROP,
14.764,6,STA,WIFI_DROP,
14.764,11,STA,WIFI_DROP,
14.764,16,STA,WIFI_DROP,
14.764,19,STA,WIFI_DROP,
14.7664,4,STA,WIFI_DROP,
14.7664,6,STA,WIFI_DROP,
14.7664,11,STA,WIFI_DROP,
14.7664,16,STA,WIFI_DROP,
14.7664,19,STA,WIFI_DROP,
14.7688,4,STA,WIFI_DROP,
14.7688,6,STA,WIFI_DROP,
14.7688,11,STA,WIFI_DROP,
14.7688,16,STA,WIFI_DROP,
14.7688,19,STA,WIFI_DROP,
14.7712,4,STA,WIFI_DROP,
14.7712,6,STA,WIFI_DROP,
14.7712,11,STA,WIFI_DROP,
14.7712,16,STA,WIFI_DROP,
14.7712,19,STA,WIFI_DROP,
14.7736,4,STA,WIFI_DROP,
14.7736,6,STA,WIFI_DROP,
14.7736,11,STA,WIFI_DROP,
14.7736,16,STA,WIFI_DROP,
14.7736,19,STA,WIFI_DROP,
14.776,4,STA,WIFI_DROP,
14.776,6,STA,WIFI_DROP,
14.776,11,STA,WIFI_DROP,
14.776,16,STA,WIFI_DROP,
14.776,19,STA,WIFI_DROP,
14.7784,4,STA,WIFI_DROP,
14.7784,6,STA,WIFI_DROP,
14.7784,11,STA,WIFI_DROP,
14.7784,16,STA,WIFI_DROP,
14.7784,19,STA,WIFI_DROP,
14.7808,4,STA,WIFI_DROP,
14.7808,6,STA,WIFI_DROP,
14.7808,11,STA,WIFI_DROP,
14.7808,16,STA,WIFI_DROP,
14.7808,19,STA,WIFI_DROP,
14.7832,4,STA,WIFI_DROP,
14.7832,6,STA,WIFI_DROP,
14.7832,11,STA,WIFI_DROP,
14.7832,16,STA,WIFI_DROP,
14.7832,19,STA,WIFI_DROP,
14.7856,4,STA,WIFI_DROP,
14.7856,6,STA,WIFI_DROP,
14.7856,11,STA,WIFI_DROP,
14.7856,16,STA,WIFI_DROP,
14.7856,19,STA,WIFI_DROP,
14.788,4,STA,WIFI_DROP,
14.788,6,STA,WIFI_DROP,
14.788,11,STA,WIFI_DROP,
14.788,16,STA,WIFI_DROP,
14.788,19,STA,WIFI_DROP,
14.7904,4,STA,WIFI_DROP,
14.7904,6,STA,WIFI_DROP,
14.7904,11,STA,WIFI_DROP,
14.7904,16,STA,WIFI_DROP,
14.7904,19,STA,WIFI_DROP,
14.7928,4,STA,WIFI_DROP,
14.7928,6,STA,WIFI_DROP,
14.7928,11,STA,WIFI_DROP,
14.7928,16,STA,WIFI_DROP,
14.7928,19,STA,WIFI_DROP,
14.7952,4,STA,WIFI_DROP,
14.7952,6,STA,WIFI_DROP,
14.7952,11,STA,WIFI_DROP,
14.7952,16,STA,WIFI_DROP,
14.7952,19,STA,WIFI_DROP,
14.7976,4,STA,WIFI_DROP,
14.7976,6,STA,WIFI_DROP,
14.7976,11,STA,WIFI_DROP,
14.7976,16,STA,WIFI_DROP,
14.7976,19,STA,WIFI_DROP,
14.8,4,STA,WIFI_DROP,
14.8,6,STA,WIFI_DROP,
14.8,11,STA,WIFI_DROP,
14.8,16,STA,WIFI_DROP,
14.8,19,STA,WIFI_DROP,
14.8024,4,STA,WIFI_DROP,
14.8024,6,STA,WIFI_DROP,
14.8024,11,STA,WIFI_DROP,
14.8024,16,STA,WIFI_DROP,
14.8024,19,STA,WIFI_DROP,
14.8048,4,STA,WIFI_DROP,
14.8048,6,STA,WIFI_DROP,
14.8048,11,STA,WIFI_DROP,
14.8048,16,STA,WIFI_DROP,
14.8048,19,STA,WIFI_DROP,
14.8072,4,STA,WIFI_DROP,
14.8072,6,STA,WIFI_DROP,
14.8072,11,STA,WIFI_DROP,
14.8072,16,STA,WIFI_DROP,
14.8072,19,STA,WIFI_DROP,
14.8096,4,STA,WIFI_DROP,
14.8096,6,STA,WIFI_DROP,
14.8096,11,STA,WIFI_DROP,
14.8096,16,STA,WIFI_DROP,
14.8096,19,STA,WIFI_DROP,
14.812,4,STA,WIFI_DROP,
14.812,6,STA,WIFI_DROP,
14.812,11,STA,WIFI_DROP,
14.812,16,STA,WIFI_DROP,
14.812,19,STA,WIFI_DROP,
14.8144,4,STA,WIFI_DROP,
14.8144,6,STA,WIFI_DROP,
14.8144,11,STA,WIFI_DROP,
14.8144,16,STA,WIFI_DROP,
14.8144,19,STA,WIFI_DROP,
14.8168,4,STA,WIFI_DROP,
14.8168,6,STA,WIFI_DROP,
14.8168,11,STA,WIFI_DROP,
14.8168,16,STA,WIFI_DROP,
14.8168,19,STA,WIFI_DROP,
14.8192,4,STA,WIFI_DROP,
14.8192,6,STA,WIFI_DROP,
14.8192,11,STA,WIFI_DROP,
14.8192,16,STA,WIFI_DROP,
14.8192,19,STA,WIFI_DROP,
14.8216,4,STA,WIFI_DROP,
14.8216,6,STA,WIFI_DROP,
14.8216,11,STA,WIFI_DROP,
14.8216,16,STA,WIFI_DROP,
14.8216,19,STA,WIFI_DROP,
14.824,4,STA,WIFI_DROP,
14.824,6,STA,WIFI_DROP,
14.824,11,STA,WIFI_DROP,
14.824,16,STA,WIFI_DROP,
14.824,19,STA,WIFI_DROP,
14.8264,4,STA,WIFI_DROP,
14.8264,6,STA,WIFI_DROP,
14.8264,11,STA,WIFI_DROP,
14.8264,16,STA,WIFI_DROP,
14.8264,19,STA,WIFI_DROP,
14.8288,4,STA,WIFI_DROP,
14.8288,6,STA,WIFI_DROP,
14.8288,11,STA,WIFI_DROP,
14.8288,16,STA,WIFI_DROP,
14.8288,19,STA,WIFI_DROP,
14.8312,4,STA,WIFI_DROP,
14.8312,6,STA,WIFI_DROP,
14.8312,11,STA,WIFI_DROP,
14.8312,16,STA,WIFI_DROP,
14.8312,19,STA,WIFI_DROP,
14.8336,4,STA,WIFI_DROP,
14.8336,6,STA,WIFI_DROP,
14.8336,11,STA,WIFI_DROP,
14.8336,16,STA,WIFI_DROP,
14.8336,19,STA,WIFI_DROP,
14.836,4,STA,WIFI_DROP,
14.836,6,STA,WIFI_DROP,
14.836,11,STA,WIFI_DROP,
14.836,16,STA,WIFI_DROP,
14.836,19,STA,WIFI_DROP,
14.8384,4,STA,WIFI_DROP,
14.8384,6,STA,WIFI_DROP,
14.8384,11,STA,WIFI_DROP,
14.8384,16,STA,WIFI_DROP,
14.8384,19,STA,WIFI_DROP,
14.8408,4,STA,WIFI_DROP,
14.8408,6,STA,WIFI_DROP,
14.8408,11,STA,WIFI_DROP,
14.8408,16,STA,WIFI_DROP,
14.8408,19,STA,WIFI_DROP,
14.8432,4,STA,WIFI_DROP,
14.8432,6,STA,WIFI_DROP,
14.8432,11,STA,WIFI_DROP,
14.8432,16,STA,WIFI_DROP,
14.8432,19,STA,WIFI_DROP,
14.8456,4,STA,WIFI_DROP,
14.8456,6,STA,WIFI_DROP,
14.8456,11,STA,WIFI_DROP,
14.8456,16,STA,WIFI_DROP,
14.8456,19,STA,WIFI_DROP,
14.848,4,STA,WIFI_DROP,
14.848,6,STA,WIFI_DROP,
14.848,11,STA,WIFI_DROP,
14.848,16,STA,WIFI_DROP,
14.848,19,STA,WIFI_DROP,
14.8504,4,STA,WIFI_DROP,
14.8504,6,STA,WIFI_DROP,
14.8504,11,STA,WIFI_DROP,
14.8504,16,STA,WIFI_DROP,
14.8504,19,STA,WIFI_DROP,
14.8528,4,STA,WIFI_DROP,
14.8528,6,STA,WIFI_DROP,
14.8528,11,STA,WIFI_DROP,
14.8528,16,STA,WIFI_DROP,
14.8528,19,STA,WIFI_DROP,
14.8552,4,STA,WIFI_DROP,
14.8552,6,STA,WIFI_DROP,
14.8552,11,STA,WIFI_DROP,
14.8552,16,STA,WIFI_DROP,
14.8552,19,STA,WIFI_DROP,
14.8576,4,STA,WIFI_DROP,
14.8576,6,STA,WIFI_DROP,
14.8576,11,STA,WIFI_DROP,
14.8576,16,STA,WIFI_DROP,
14.8576,19,STA,WIFI_DROP,
14.86,4,STA,WIFI_DROP,
14.86,6,STA,WIFI_DROP,
14.86,11,STA,WIFI_DROP,
14.86,16,STA,WIFI_DROP,
14.86,19,STA,WIFI_DROP,
14.8624,4,STA,WIFI_DROP,
14.8624,6,STA,WIFI_DROP,
14.8624,11,STA,WIFI_DROP,
14.8624,16,STA,WIFI_DROP,
14.8624,19,STA,WIFI_DROP,
14.8648,4,STA,WIFI_DROP,
14.8648,6,STA,WIFI_DROP,
14.8648,11,STA,WIFI_DROP,
14.8648,16,STA,WIFI_DROP,
14.8648,19,STA,WIFI_DROP,
14.8672,4,STA,WIFI_DROP,
14.8672,6,STA,WIFI_DROP,
14.8672,11,STA,WIFI_DROP,
14.8672,16,STA,WIFI_DROP,
14.8672,19,STA,WIFI_DROP,
14.8696,4,STA,WIFI_DROP,
14.8696,6,STA,WIFI_DROP,
14.8696,11,STA,WIFI_DROP,
14.8696,16,STA,WIFI_DROP,
14.8696,19,STA,WIFI_DROP,
14.872,4,STA,WIFI_DROP,
14.872,6,STA,WIFI_DROP,
14.872,11,STA,WIFI_DROP,
14.872,16,STA,WIFI_DROP,
14.872,19,STA,WIFI_DROP,
14.8744,4,STA,WIFI_DROP,
14.8744,6,STA,WIFI_DROP,
14.8744,11,STA,WIFI_DROP,
14.8744,16,STA,WIFI_DROP,
14.8744,19,STA,WIFI_DROP,
14.8768,4,STA,WIFI_DROP,
14.8768,6,STA,WIFI_DROP,
14.8768,11,STA,WIFI_DROP,
14.8768,16,STA,WIFI_DROP,
14.8768,19,STA,WIFI_DROP,
14.8792,4,STA,WIFI_DROP,
14.8792,6,STA,WIFI_DROP,
14.8792,11,STA,WIFI_DROP,
14.8792,16,STA,WIFI_DROP,
14.8792,19,STA,WIFI_DROP,
14.8816,4,STA,WIFI_DROP,
14.8816,6,STA,WIFI_DROP,
14.8816,11,STA,WIFI_DROP,
14.8816,16,STA,WIFI_DROP,
14.8816,19,STA,WIFI_DROP,
14.884,4,STA,WIFI_DROP,
14.884,6,STA,WIFI_DROP,
14.884,11,STA,WIFI_DROP,
14.884,16,STA,WIFI_DROP,
14.884,19,STA,WIFI_DROP,
14.8864,4,STA,WIFI_DROP,
14.8864,6,STA,WIFI_DROP,
14.8864,11,STA,WIFI_DROP,
14.8864,16,STA,WIFI_DROP,
14.8864,19,STA,WIFI_DROP,
14.8888,4,STA,WIFI_DROP,
14.8888,6,STA,WIFI_DROP,
14.8888,11,STA,WIFI_DROP,
14.8888,16,STA,WIFI_DROP,
14.8888,19,STA,WIFI_DROP,
14.8912,4,STA,WIFI_DROP,
14.8912,6,STA,WIFI_DROP,
14.8912,11,STA,WIFI_DROP,
14.8912,16,STA,WIFI_DROP,
14.8912,19,STA,WIFI_DROP,
14.8936,4,STA,WIFI_DROP,
14.8936,6,STA,WIFI_DROP,
14.8936,11,STA,WIFI_DROP,
14.8936,16,STA,WIFI_DROP,
14.8936,19,STA,WIFI_DROP,
14.896,4,STA,WIFI_DROP,
14.896,6,STA,WIFI_DROP,
14.896,11,STA,WIFI_DROP,
14.896,16,STA,WIFI_DROP,
14.896,19,STA,WIFI_DROP,
14.8984,4,STA,WIFI_DROP,
14.8984,6,STA,WIFI_DROP,
14.8984,11,STA,WIFI_DROP,
14.8984,16,STA,WIFI_DROP,
14.8984,19,STA,WIFI_DROP,
14.9008,4,STA,WIFI_DROP,
14.9008,6,STA,WIFI_DROP,
14.9008,11,STA,WIFI_DROP,
14.9008,16,STA,WIFI_DROP,
14.9008,19,STA,WIFI_DROP,
14.9032,4,STA,WIFI_DROP,
14.9032,6,STA,WIFI_DROP,
14.9032,11,STA,WIFI_DROP,
14.9032,16,STA,WIFI_DROP,
14.9032,19,STA,WIFI_DROP,
14.9056,4,STA,WIFI_DROP,
14.9056,6,STA,WIFI_DROP,
14.9056,11,STA,WIFI_DROP,
14.9056,16,STA,WIFI_DROP,
14.9056,19,STA,WIFI_DROP,
14.908,4,STA,WIFI_DROP,
14.908,6,STA,WIFI_DROP,
14.908,11,STA,WIFI_DROP,
14.908,16,STA,WIFI_DROP,
14.908,19,STA,WIFI_DROP,
14.9104,4,STA,WIFI_DROP,
14.9104,6,STA,WIFI_DROP,
14.9104,11,STA,WIFI_DROP,
14.9104,16,STA,WIFI_DROP,
14.9104,19,STA,WIFI_DROP,
14.9128,4,STA,WIFI_DROP,
14.9128,6,STA,WIFI_DROP,
14.9128,11,STA,WIFI_DROP,
14.9128,16,STA,WIFI_DROP,
14.9128,19,STA,WIFI_DROP,
14.9152,4,STA,WIFI_DROP,
14.9152,6,STA,WIFI_DROP,
14.9152,11,STA,WIFI_DROP,
14.9152,16,STA,WIFI_DROP,
14.9152,19,STA,WIFI_DROP,
14.9176,4,STA,WIFI_DROP,
14.9176,6,STA,WIFI_DROP,
14.9176,11,STA,WIFI_DROP,
14.9176,16,STA,WIFI_DROP,
14.9176,19,STA,WIFI_DROP,
14.92,4,STA,WIFI_DROP,
14.92,6,STA,WIFI_DROP,
14.92,11,STA,WIFI_DROP,
14.92,16,STA,WIFI_DROP,
14.92,19,STA,WIFI_DROP,
14.9224,4,STA,WIFI_DROP,
14.9224,6,STA,WIFI_DROP,
14.9224,11,STA,WIFI_DROP,
14.9224,16,STA,WIFI_DROP,
14.9224,19,STA,WIFI_DROP,
14.9248,4,STA,WIFI_DROP,
14.9248,6,STA,WIFI_DROP,
14.9248,11,STA,WIFI_DROP,
14.9248,16,STA,WIFI_DROP,
14.9248,19,STA,WIFI_DROP,
14.9272,4,STA,WIFI_DROP,
14.9272,6,STA,WIFI_DROP,
14.9272,11,STA,WIFI_DROP,
14.9272,16,STA,WIFI_DROP,
14.9272,19,STA,WIFI_DROP,
14.9296,4,STA,WIFI_DROP,
14.9296,6,STA,WIFI_DROP,
14.9296,11,STA,WIFI_DROP,
14.9296,14,STA,WIFI_DROP,
14.9296,16,STA,WIFI_DROP,
14.9296,19,STA,WIFI_DROP,
14.932,4,STA,WIFI_DROP,
14.932,6,STA,WIFI_DROP,
14.932,11,STA,WIFI_DROP,
14.932,14,STA,WIFI_DROP,
14.932,16,STA,WIFI_DROP,
14.932,19,STA,WIFI_DROP,
14.9344,4,STA,WIFI_DROP,
14.9344,6,STA,WIFI_DROP,
14.9344,11,STA,WIFI_DROP,
14.9344,14,STA,WIFI_DROP,
14.9344,16,STA,WIFI_DROP,
14.9344,19,STA,WIFI_DROP,
14.9368,4,STA,WIFI_DROP,
14.9368,6,STA,WIFI_DROP,
14.9368,11,STA,WIFI_DROP,
14.9368,14,STA,WIFI_DROP,
14.9368,16,STA,WIFI_DROP,
14.9368,19,STA,WIFI_DROP,
14.9392,4,STA,WIFI_DROP,
14.9392,6,STA,WIFI_DROP,
14.9392,11,STA,WIFI_DROP,
14.9392,14,STA,WIFI_DROP,
14.9392,16,STA,WIFI_DROP,
14.9392,19,STA,WIFI_DROP,
14.9416,4,STA,WIFI_DROP,
14.9416,6,STA,WIFI_DROP,
14.9416,11,STA,WIFI_DROP,
14.9416,14,STA,WIFI_DROP,
14.9416,16,STA,WIFI_DROP,
14.9416,19,STA,WIFI_DROP,
14.944,4,STA,WIFI_DROP,
14.944,6,STA,WIFI_DROP,
14.944,11,STA,WIFI_DROP,
14.944,14,STA,WIFI_DROP,
14.944,16,STA,WIFI_DROP,
14.944,19,STA,WIFI_DROP,
14.9464,4,STA,WIFI_DROP,
14.9464,6,STA,WIFI_DROP,
14.9464,11,STA,WIFI_DROP,
14.9464,14,STA,WIFI_DROP,
14.9464,16,STA,WIFI_DROP,
14.9464,19,STA,WIFI_DROP,
14.9488,4,STA,WIFI_DROP,
14.9488,6,STA,WIFI_DROP,
14.9488,11,STA,WIFI_DROP,
14.9488,14,STA,WIFI_DROP,
14.9488,16,STA,WIFI_DROP,
14.9488,19,STA,WIFI_DROP,
14.9512,4,STA,WIFI_DROP,
14.9512,6,STA,WIFI_DROP,
14.9512,11,STA,WIFI_DROP,
14.9512,14,STA,WIFI_DROP,
14.9512,16,STA,WIFI_DROP,
14.9512,19,STA,WIFI_DROP,
14.9536,4,STA,WIFI_DROP,
14.9536,6,STA,WIFI_DROP,
14.9536,11,STA,WIFI_DROP,
14.9536,14,STA,WIFI_DROP,
14.9536,16,STA,WIFI_DROP,
14.9536,19,STA,WIFI_DROP,
14.956,4,STA,WIFI_DROP,
14.956,6,STA,WIFI_DROP,
14.956,11,STA,WIFI_DROP,
14.956,14,STA,WIFI_DROP,
14.956,16,STA,WIFI_DROP,
14.956,19,STA,WIFI_DROP,
14.9584,4,STA,WIFI_DROP,
14.9584,6,STA,WIFI_DROP,
14.9584,11,STA,WIFI_DROP,
14.9584,14,STA,WIFI_DROP,
14.9584,16,STA,WIFI_DROP,
14.9584,19,STA,WIFI_DROP,
14.9608,4,STA,WIFI_DROP,
14.9608,6,STA,WIFI_DROP,
14.9608,11,STA,WIFI_DROP,
14.9608,14,STA,WIFI_DROP,
14.9608,19,STA,WIFI_DROP,
14.9632,4,STA,WIFI_DROP,
14.9632,6,STA,WIFI_DROP,
14.9632,11,STA,WIFI_DROP,
14.9632,14,STA,WIFI_DROP,
14.9632,19,STA,WIFI_DROP,
14.9656,4,STA,WIFI_DROP,
14.9656,6,STA,WIFI_DROP,
14.9656,11,STA,WIFI_DROP,
14.9656,14,STA,WIFI_DROP,
14.9656,19,STA,WIFI_DROP,
14.968,4,STA,WIFI_DROP,
14.968,6,STA,WIFI_DROP,
14.968,11,STA,WIFI_DROP,
14.968,14,STA,WIFI_DROP,
14.968,19,STA,WIFI_DROP,
14.9704,4,STA,WIFI_DROP,
14.9704,6,STA,WIFI_DROP,
14.9704,11,STA,WIFI_DROP,
14.9704,14,STA,WIFI_DROP,
14.9704,19,STA,WIFI_DROP,
14.9728,4,STA,WIFI_DROP,
14.9728,6,STA,WIFI_DROP,
14.9728,11,STA,WIFI_DROP,
14.9728,14,STA,WIFI_DROP,
14.9728,19,STA,WIFI_DROP,
14.9752,4,STA,WIFI_DROP,
14.9752,6,STA,WIFI_DROP,
14.9752,11,STA,WIFI_DROP,
14.9752,14,STA,WIFI_DROP,
14.9752,19,STA,WIFI_DROP,
14.9776,4,STA,WIFI_DROP,
14.9776,6,STA,WIFI_DROP,
14.9776,11,STA,WIFI_DROP,
14.9776,14,STA,WIFI_DROP,
14.9776,19,STA,WIFI_DROP,
14.98,4,STA,WIFI_DROP,
14.98,6,STA,WIFI_DROP,
14.98,11,STA,WIFI_DROP,
14.98,14,STA,WIFI_DROP,
14.98,19,STA,WIFI_DROP,
14.9824,4,STA,WIFI_DROP,
14.9824,6,STA,WIFI_DROP,
14.9824,11,STA,WIFI_DROP,
14.9824,14,STA,WIFI_DROP,
14.9824,19,STA,WIFI_DROP,
14.9848,4,STA,WIFI_DROP,
14.9848,6,STA,WIFI_DROP,
14.9848,11,STA,WIFI_DROP,
14.9848,14,STA,WIFI_DROP,
14.9848,19,STA,WIFI_DROP,
14.9872,4,STA,WIFI_DROP,
14.9872,6,STA,WIFI_DROP,
14.9872,11,STA,WIFI_DROP,
14.9872,14,STA,WIFI_DROP,
14.9872,19,STA,WIFI_DROP,
14.9896,4,STA,WIFI_DROP,
14.9896,6,STA,WIFI_DROP,
14.9896,11,STA,WIFI_DROP,
14.9896,14,STA,WIFI_DROP,
14.9896,19,STA,WIFI_DROP,
14.992,4,STA,WIFI_DROP,
14.992,6,STA,WIFI_DROP,
14.992,11,STA,WIFI_DROP,
14.992,14,STA,WIFI_DROP,
14.992,19,STA,WIFI_DROP,
14.9944,4,STA,WIFI_DROP,
14.9944,6,STA,WIFI_DROP,
14.9944,11,STA,WIFI_DROP,
14.9944,14,STA,WIFI_DROP,
14.9944,19,STA,WIFI_DROP,
14.9968,4,STA,WIFI_DROP,
14.9968,6,STA,WIFI_DROP,
14.9968,11,STA,WIFI_DROP,
14.9968,14,STA,WIFI_DROP,
14.9968,19,STA,WIFI_DROP,
14.9992,4,STA,WIFI_DROP,
14.9992,6,STA,WIFI_DROP,
14.9992,11,STA,WIFI_DROP,
14.9992,14,STA,WIFI_DROP,
14.9992,19,STA,WIFI_DROP,
15,5,STA,THROUGHPUT_MBPS,0.156000
15,8,STA,THROUGHPUT_MBPS,0.660000
15,9,STA,THROUGHPUT_MBPS,1.380000
15,11,STA,THROUGHPUT_MBPS,0.816000
15,13,STA,THROUGHPUT_MBPS,0.024000
15,14,STA,THROUGHPUT_MBPS,0.528000
15,15,STA,THROUGHPUT_MBPS,0.936000
15,16,STA,THROUGHPUT_MBPS,0.804000
15,17,STA,THROUGHPUT_MBPS,1.860000
15,18,STA,THROUGHPUT_MBPS,2.532000
15,1,AP,AGGREGATE_THROUGHPUT_MBPS,9.696000
15,1,AP,SENT_COUNT,8340.000000
15,1,AP,RECV_COUNT,808.000000
15,1,AP,LATENCY_P95_MS,528.318697
15.0016,4,STA,WIFI_DROP,
15.0016,6,STA,WIFI_DROP,
15.0016,11,STA,WIFI_DROP,
15.0016,14,STA,WIFI_DROP,
15.0016,19,STA,WIFI_DROP,
15.004,4,STA,WIFI_DROP,
15.004,6,STA,WIFI_DROP,
15.004,11,STA,WIFI_DROP,
15.004,14,STA,WIFI_DROP,
15.004,19,STA,WIFI_DROP,
15.0064,4,STA,WIFI_DROP,
15.0064,6,STA,WIFI_DROP,
15.0064,11,STA,WIFI_DROP,
15.0064,14,STA,WIFI_DROP,
15.0064,19,STA,WIFI_DROP,
15.0088,4,STA,WIFI_DROP,
15.0088,6,STA,WIFI_DROP,
15.0088,11,STA,WIFI_DROP,
15.0088,14,STA,WIFI_DROP,
15.0088,19,STA,WIFI_DROP,
15.0112,4,STA,WIFI_DROP,
15.0112,6,STA,WIFI_DROP,
15.0112,11,STA,WIFI_DROP,
15.0112,14,STA,WIFI_DROP,
15.0112,19,STA,WIFI_DROP,
15.0136,4,STA,WIFI_DROP,
15.0136,6,STA,WIFI_DROP,
15.0136,11,STA,WIFI_DROP,
15.0136,14,STA,WIFI_DROP,
15.0136,19,STA,WIFI_DROP,
15.016,4,STA,WIFI_DROP,
15.016,6,STA,WIFI_DROP,
15.016,11,STA,WIFI_DROP,
15.016,14,STA,WIFI_DROP,
15.016,19,STA,WIFI_DROP,
15.0184,4,STA,WIFI_DROP,
15.0184,6,STA,WIFI_DROP,
15.0184,11,STA,WIFI_DROP,
15.0184,14,STA,WIFI_DROP,
15.0184,19,STA,WIFI_DROP,
15.0208,4,STA,WIFI_DROP,
15.0208,6,STA,WIFI_DROP,
15.0208,11,STA,WIFI_DROP,
15.0208,14,STA,WIFI_DROP,
15.0208,19,STA,WIFI_DROP,
15.0232,4,STA,WIFI_DROP,
15.0232,6,STA,WIFI_DROP,
15.0232,11,STA,WIFI_DROP,
15.0232,14,STA,WIFI_DROP,
15.0232,19,STA,WIFI_DROP,
15.0256,4,STA,WIFI_DROP,
15.0256,6,STA,WIFI_DROP,
15.0256,11,STA,WIFI_DROP,
15.0256,14,STA,WIFI_DROP,
15.0256,19,STA,WIFI_DROP,
15.028,4,STA,WIFI_DROP,
15.028,6,STA,WIFI_DROP,
15.028,11,STA,WIFI_DROP,
15.028,14,STA,WIFI_DROP,
15.028,19,STA,WIFI_DROP,
15.0304,4,STA,WIFI_DROP,
15.0304,6,STA,WIFI_DROP,
15.0304,11,STA,WIFI_DROP,
15.0304,14,STA,WIFI_DROP,
15.0304,19,STA,WIFI_DROP,
15.0328,4,STA,WIFI_DROP,
15.0328,6,STA,WIFI_DROP,
15.0328,11,STA,WIFI_DROP,
15.0328,14,STA,WIFI_DROP,
15.0328,17,STA,WIFI_DROP,
15.0328,19,STA,WIFI_DROP,
15.0352,4,STA,WIFI_DROP,
15.0352,6,STA,WIFI_DROP,
15.0352,11,STA,WIFI_DROP,
15.0352,14,STA,WIFI_DROP,
15.0352,17,STA,WIFI_DROP,
15.0352,19,STA,WIFI_DROP,
15.0376,4,STA,WIFI_DROP,
15.0376,6,STA,WIFI_DROP,
15.0376,11,STA,WIFI_DROP,
15.0376,14,STA,WIFI_DROP,
15.0376,17,STA,WIFI_DROP,
15.0376,19,STA,WIFI_DROP,
15.04,4,STA,WIFI_DROP,
15.04,6,STA,WIFI_DROP,
15.04,11,STA,WIFI_DROP,
15.04,14,STA,WIFI_DROP,
15.04,17,STA,WIFI_DROP,
15.04,19,STA,WIFI_DROP,
15.0424,4,STA,WIFI_DROP,
15.0424,6,STA,WIFI_DROP,
15.0424,11,STA,WIFI_DROP,
15.0424,14,STA,WIFI_DROP,
15.0424,17,STA,WIFI_DROP,
15.0424,19,STA,WIFI_DROP,
15.0448,4,STA,WIFI_DROP,
15.0448,6,STA,WIFI_DROP,
15.0448,11,STA,WIFI_DROP,
15.0448,14,STA,WIFI_DROP,
15.0448,17,STA,WIFI_DROP,
15.0448,19,STA,WIFI_DROP,
15.0472,4,STA,WIFI_DROP,
15.0472,6,STA,WIFI_DROP,
15.0472,11,STA,WIFI_DROP,
15.0472,14,STA,WIFI_DROP,
15.0472,17,STA,WIFI_DROP,
15.0472,19,STA,WIFI_DROP,
15.0496,4,STA,WIFI_DROP,
15.0496,6,STA,WIFI_DROP,
15.0496,11,STA,WIFI_DROP,
15.0496,14,STA,WIFI_DROP,
15.0496,17,STA,WIFI_DROP,
15.0496,19,STA,WIFI_DROP,
15.052,4,STA,WIFI_DROP,
15.052,6,STA,WIFI_DROP,
15.052,11,STA,WIFI_DROP,
15.052,14,STA,WIFI_DROP,
15.052,17,STA,WIFI_DROP,
15.052,19,STA,WIFI_DROP,
15.0544,4,STA,WIFI_DROP,
15.0544,6,STA,WIFI_DROP,
15.0544,11,STA,WIFI_DROP,
15.0544,14,STA,WIFI_DROP,
15.0544,17,STA,WIFI_DROP,
15.0544,19,STA,WIFI_DROP,
15.0568,4,STA,WIFI_DROP,
15.0568,6,STA,WIFI_DROP,
15.0568,11,STA,WIFI_DROP,
15.0568,14,STA,WIFI_DROP,
15.0568,17,STA,WIFI_DROP,
15.0568,19,STA,WIFI_DROP,
15.0592,4,STA,WIFI_DROP,
15.0592,6,STA,WIFI_DROP,
15.0592,11,STA,WIFI_DROP,
15.0592,14,STA,WIFI_DROP,
15.0592,17,STA,WIFI_DROP,
15.0592,19,STA,WIFI_DROP,
15.0616,4,STA,WIFI_DROP,
15.0616,6,STA,WIFI_DROP,
15.0616,11,STA,WIFI_DROP,
15.0616,14,STA,WIFI_DROP,
15.0616,17,STA,WIFI_DROP,
15.0616,19,STA,WIFI_DROP,
15.064,4,STA,WIFI_DROP,
15.064,6,STA,WIFI_DROP,
15.064,11,STA,WIFI_DROP,
15.064,14,STA,WIFI_DROP,
15.064,17,STA,WIFI_DROP,
15.064,19,STA,WIFI_DROP,
15.0664,4,STA,WIFI_DROP,
15.0664,6,STA,WIFI_DROP,
15.0664,11,STA,WIFI_DROP,
15.0664,14,STA,WIFI_DROP,
15.0664,17,STA,WIFI_DROP,
15.0664,19,STA,WIFI_DROP,
15.0688,4,STA,WIFI_DROP,
15.0688,6,STA,WIFI_DROP,
15.0688,11,STA,WIFI_DROP,
15.0688,14,STA,WIFI_DROP,
15.0688,17,STA,WIFI_DROP,
15.0688,19,STA,WIFI_DROP,
15.0712,4,STA,WIFI_DROP,
15.0712,6,STA,WIFI_DROP,
15.0712,11,STA,WIFI_DROP,
15.0712,14,STA,WIFI_DROP,
15.0712,17,STA,WIFI_DROP,
15.0712,19,STA,WIFI_DROP,
15.0736,4,STA,WIFI_DROP,
15.0736,6,STA,WIFI_DROP,
15.0736,11,STA,WIFI_DROP,
15.0736,14,STA,WIFI_DROP,
15.0736,17,STA,WIFI_DROP,
15.0736,19,STA,WIFI_DROP,
15.076,4,STA,WIFI_DROP,
15.076,6,STA,WIFI_DROP,
15.076,11,STA,WIFI_DROP,
15.076,14,STA,WIFI_DROP,
15.076,17,STA,WIFI_DROP,
15.076,19,STA,WIFI_DROP,
15.0784,4,STA,WIFI_DROP,
15.0784,11,STA,WIFI_DROP,
15.0784,14,STA,WIFI_DROP,
15.0784,17,STA,WIFI_DROP,
15.0784,19,STA,WIFI_DROP,
15.0808,4,STA,WIFI_DROP,
15.0808,11,STA,WIFI_DROP,
15.0808,14,STA,WIFI_DROP,
15.0808,17,STA,WIFI_DROP,
15.0808,19,STA,WIFI_DROP,
15.0832,4,STA,WIFI_DROP,
15.0832,11,STA,WIFI_DROP,
15.0832,14,STA,WIFI_DROP,
15.0832,17,STA,WIFI_DROP,
15.0832,19,STA,WIFI_DROP,
15.0856,4,STA,WIFI_DROP,
15.0856,11,STA,WIFI_DROP,
15.0856,14,STA,WIFI_DROP,
15.0856,17,STA,WIFI_DROP,
15.0856,19,STA,WIFI_DROP,
15.088,4,STA,WIFI_DROP,
15.088,11,STA,WIFI_DROP,
15.088,14,STA,WIFI_DROP,
15.088,17,STA,WIFI_DROP,
15.088,19,STA,WIFI_DROP,
15.0904,4,STA,WIFI_DROP,
15.0904,11,STA,WIFI_DROP,
15.0904,14,STA,WIFI_DROP,
15.0904,17,STA,WIFI_DROP,
15.0904,19,STA,WIFI_DROP,
15.0928,4,STA,WIFI_DROP,
15.0928,11,STA,WIFI_DROP,
15.0928,14,STA,WIFI_DROP,
15.0928,17,STA,WIFI_DROP,
15.0928,19,STA,WIFI_DROP,
15.0952,4,STA,WIFI_DROP,
15.0952,11,STA,WIFI_DROP,
15.0952,14,STA,WIFI_DROP,
15.0952,17,STA,WIFI_DROP,
15.0952,19,STA,WIFI_DROP,
15.0976,4,STA,WIFI_DROP,
15.0976,11,STA,WIFI_DROP,
15.0976,14,STA,WIFI_DROP,
15.0976,17,STA,WIFI_DROP,
15.0976,19,STA,WIFI_DROP,
15.1,4,STA,WIFI_DROP,
15.1,11,STA,WIFI_DROP,
15.1,14,STA,WIFI_DROP,
15.1,17,STA,WIFI_DROP,
15.1,19,STA,WIFI_DROP,
15.1024,4,STA,WIFI_DROP,
15.1024,11,STA,WIFI_DROP,
15.1024,14,STA,WIFI_DROP,
15.1024,17,STA,WIFI_DROP,
15.1024,19,STA,WIFI_DROP,
15.1048,4,STA,WIFI_DROP,
15.1048,11,STA,WIFI_DROP,
15.1048,14,STA,WIFI_DROP,
15.1048,17,STA,WIFI_DROP,
15.1048,19,STA,WIFI_DROP,
15.1072,4,STA,WIFI_DROP,
15.1072,11,STA,WIFI_DROP,
15.1072,14,STA,WIFI_DROP,
15.1072,17,STA,WIFI_DROP,
15.1072,19,STA,WIFI_DROP,
15.1096,4,STA,WIFI_DROP,
15.1096,11,STA,WIFI_DROP,
15.1096,14,STA,WIFI_DROP,
15.1096,17,STA,WIFI_DROP,
15.1096,19,STA,WIFI_DROP,
15.112,4,STA,WIFI_DROP,
15.112,11,STA,WIFI_DROP,
15.112,14,STA,WIFI_DROP,
15.112,17,STA,WIFI_DROP,
15.112,19,STA,WIFI_DROP,
15.1144,4,STA,WIFI_DROP,
15.1144,11,STA,WIFI_DROP,
15.1144,14,STA,WIFI_DROP,
15.1144,17,STA,WIFI_DROP,
15.1144,19,STA,WIFI_DROP,
15.1168,4,STA,WIFI_DROP,
15.1168,11,STA,WIFI_DROP,
15.1168,14,STA,WIFI_DROP,
15.1168,17,STA,WIFI_DROP,
15.1168,19,STA,WIFI_DROP,
15.1192,4,STA,WIFI_DROP,
15.1192,11,STA,WIFI_DROP,
15.1192,14,STA,WIFI_DROP,
15.1192,17,STA,WIFI_DROP,
15.1192,19,STA,WIFI_DROP,
15.1216,4,STA,WIFI_DROP,
15.1216,11,STA,WIFI_DROP,
15.1216,14,STA,WIFI_DROP,
15.1216,17,STA,WIFI_DROP,
15.1216,19,STA,WIFI_DROP,
15.124,4,STA,WIFI_DROP,
15.124,11,STA,WIFI_DROP,
15.124,14,STA,WIFI_DROP,
15.124,17,STA,WIFI_DROP,
15.124,19,STA,WIFI_DROP,
15.1264,4,STA,WIFI_DROP,
15.1264,11,STA,WIFI_DROP,
15.1264,14,STA,WIFI_DROP,
15.1264,17,STA,WIFI_DROP,
15.1264,19,STA,WIFI_DROP,
15.1288,4,STA,WIFI_DROP,
15.1288,11,STA,WIFI_DROP,
15.1288,14,STA,WIFI_DROP,
15.1288,17,STA,WIFI_DROP,
15.1288,19,STA,WIFI_DROP,
15.1312,4,STA,WIFI_DROP,
15.1312,11,STA,WIFI_DROP,
15.1312,14,STA,WIFI_DROP,
15.1312,17,STA,WIFI_DROP,
15.1312,19,STA,WIFI_DROP,
15.1336,4,STA,WIFI_DROP,
15.1336,11,STA,WIFI_DROP,
15.1336,14,STA,WIFI_DROP,
15.1336,17,STA,WIFI_DROP,
15.1336,19,STA,WIFI_DROP,
15.136,4,STA,WIFI_DROP,
15.136,11,STA,WIFI_DROP,
15.136,14,STA,WIFI_DROP,
15.136,17,STA,WIFI_DROP,
15.136,19,STA,WIFI_DROP,
15.1384,4,STA,WIFI_DROP,
15.1384,11,STA,WIFI_DROP,
15.1384,14,STA,WIFI_DROP,
15.1384,17,STA,WIFI_DROP,
15.1384,19,STA,WIFI_DROP,
15.1408,4,STA,WIFI_DROP,
15.1408,11,STA,WIFI_DROP,
15.1408,14,STA,WIFI_DROP,
15.1408,17,STA,WIFI_DROP,
15.1408,19,STA,WIFI_DROP,
15.1432,4,STA,WIFI_DROP,
15.1432,11,STA,WIFI_DROP,
15.1432,14,STA,WIFI_DROP,
15.1432,17,STA,WIFI_DROP,
15.1432,19,STA,WIFI_DROP,
15.1456,4,STA,WIFI_DROP,
15.1456,11,STA,WIFI_DROP,
15.1456,14,STA,WIFI_DROP,
15.1456,17,STA,WIFI_DROP,
15.1456,19,STA,WIFI_DROP,
15.148,4,STA,WIFI_DROP,
15.148,11,STA,WIFI_DROP,
15.148,14,STA,WIFI_DROP,
15.148,17,STA,WIFI_DROP,
15.148,19,STA,WIFI_DROP,
15.1504,4,STA,WIFI_DROP,
15.1504,11,STA,WIFI_DROP,
15.1504,14,STA,WIFI_DROP,
15.1504,17,STA,WIFI_DROP,
15.1504,19,STA,WIFI_DROP,
15.1528,4,STA,WIFI_DROP,
15.1528,11,STA,WIFI_DROP,
15.1528,14,STA,WIFI_DROP,
15.1528,17,STA,WIFI_DROP,
15.1528,19,STA,WIFI_DROP,
15.1552,4,STA,WIFI_DROP,
15.1552,11,STA,WIFI_DROP,
15.1552,14,STA,WIFI_DROP,
15.1552,17,STA,WIFI_DROP,
15.1552,19,STA,WIFI_DROP,
15.1576,4,STA,WIFI_DROP,
15.1576,11,STA,WIFI_DROP,
15.1576,14,STA,WIFI_DROP,
15.1576,17,STA,WIFI_DROP,
15.1576,19,STA,WIFI_DROP,
15.16,4,STA,WIFI_DROP,
15.16,11,STA,WIFI_DROP,
15.16,14,STA,WIFI_DROP,
15.16,17,STA,WIFI_DROP,
15.16,19,STA,WIFI_DROP,
15.1624,4,STA,WIFI_DROP,
15.1624,11,STA,WIFI_DROP,
15.1624,14,STA,WIFI_DROP,
15.1624,17,STA,WIFI_DROP,
15.1624,19,STA,WIFI_DROP,
15.1648,4,STA,WIFI_DROP,
15.1648,11,STA,WIFI_DROP,
15.1648,14,STA,WIFI_DROP,
15.1648,17,STA,WIFI_DROP,
15.1648,19,STA,WIFI_DROP,
15.1672,4,STA,WIFI_DROP,
15.1672,11,STA,WIFI_DROP,
15.1672,14,STA,WIFI_DROP,
15.1672,17,STA,WIFI_DROP,
15.1672,19,STA,WIFI_DROP,
15.1696,4,STA,WIFI_DROP,
15.1696,11,STA,WIFI_DROP,
15.1696,14,STA,WIFI_DROP,
15.1696,17,STA,WIFI_DROP,
15.1696,19,STA,WIFI_DROP,
15.172,4,STA,WIFI_DROP,
15.172,11,STA,WIFI_DROP,
15.172,14,STA,WIFI_DROP,
15.172,17,STA,WIFI_DROP,
15.172,19,STA,WIFI_DROP,
15.1744,4,STA,WIFI_DROP,
15.1744,11,STA,WIFI_DROP,
15.1744,14,STA,WIFI_DROP,
15.1744,17,STA,WIFI_DROP,
15.1744,19,STA,WIFI_DROP,
15.1768,4,STA,WIFI_DROP,
15.1768,11,STA,WIFI_DROP,
15.1768,14,STA,WIFI_DROP,
15.1768,17,STA,WIFI_DROP,
15.1768,19,STA,WIFI_DROP,
15.1792,4,STA,WIFI_DROP,
15.1792,11,STA,WIFI_DROP,
15.1792,14,STA,WIFI_DROP,
15.1792,17,STA,WIFI_DROP,
15.1792,19,STA,WIFI_DROP,
15.1816,4,STA,WIFI_DROP,
15.1816,11,STA,WIFI_DROP,
15.1816,14,STA,WIFI_DROP,
15.1816,17,STA,WIFI_DROP,
15.1816,19,STA,WIFI_DROP,
15.184,4,STA,WIFI_DROP,
15.184,11,STA,WIFI_DROP,
15.184,14,STA,WIFI_DROP,
15.184,17,STA,WIFI_DROP,
15.184,19,STA,WIFI_DROP,
15.1864,4,STA,WIFI_DROP,
15.1864,11,STA,WIFI_DROP,
15.1864,14,STA,WIFI_DROP,
15.1864,17,STA,WIFI_DROP,
15.1864,19,STA,WIFI_DROP,
15.1888,4,STA,WIFI_DROP,
15.1888,11,STA,WIFI_DROP,
15.1888,14,STA,WIFI_DROP,
15.1888,17,STA,WIFI_DROP,
15.1888,19,STA,WIFI_DROP,
15.1912,4,STA,WIFI_DROP,
15.1912,11,STA,WIFI_DROP,
15.1912,14,STA,WIFI_DROP,
15.1912,17,STA,WIFI_DROP,
15.1912,19,STA,WIFI_DROP,
15.1936,4,STA,WIFI_DROP,
15.1936,11,STA,WIFI_DROP,
15.1936,14,STA,WIFI_DROP,
15.1936,17,STA,WIFI_DROP,
15.1936,19,STA,WIFI_DROP,
15.196,4,STA,WIFI_DROP,
15.196,11,STA,WIFI_DROP,
15.196,14,STA,WIFI_DROP,
15.196,17,STA,WIFI_DROP,
15.196,19,STA,WIFI_DROP,
15.1984,4,STA,WIFI_DROP,
15.1984,11,STA,WIFI_DROP,
15.1984,14,STA,WIFI_DROP,
15.1984,17,STA,WIFI_DROP,
15.1984,19,STA,WIFI_DROP,
15.2008,4,STA,WIFI_DROP,
15.2008,11,STA,WIFI_DROP,
15.2008,14,STA,WIFI_DROP,
15.2008,17,STA,WIFI_DROP,
15.2008,19,STA,WIFI_DROP,
15.2032,4,STA,WIFI_DROP,
15.2032,11,STA,WIFI_DROP,
15.2032,14,STA,WIFI_DROP,
15.2032,17,STA,WIFI_DROP,
15.2032,19,STA,WIFI_DROP,
15.2056,4,STA,WIFI_DROP,
15.2056,11,STA,WIFI_DROP,
15.2056,14,STA,WIFI_DROP,
15.2056,17,STA,WIFI_DROP,
15.2056,19,STA,WIFI_DROP,
15.208,4,STA,WIFI_DROP,
15.208,11,STA,WIFI_DROP,
15.208,14,STA,WIFI_DROP,
15.208,17,STA,WIFI_DROP,
15.208,19,STA,WIFI_DROP,
15.2104,4,STA,WIFI_DROP,
15.2104,11,STA,WIFI_DROP,
15.2104,14,STA,WIFI_DROP,
15.2104,17,STA,WIFI_DROP,
15.2104,19,STA,WIFI_DROP,
15.2128,4,STA,WIFI_DROP,
15.2128,11,STA,WIFI_DROP,
15.2128,14,STA,WIFI_DROP,
15.2128,17,STA,WIFI_DROP,
15.2128,19,STA,WIFI_DROP,
15.2152,4,STA,WIFI_DROP,
15.2152,11,STA,WIFI_DROP,
15.2152,14,STA,WIFI_DROP,
15.2152,17,STA,WIFI_DROP,
15.2152,19,STA,WIFI_DROP,
15.2176,4,STA,WIFI_DROP,
15.2176,11,STA,WIFI_DROP,
15.2176,14,STA,WIFI_DROP,
15.2176,17,STA,WIFI_DROP,
15.2176,19,STA,WIFI_DROP,
15.22,4,STA,WIFI_DROP,
15.22,11,STA,WIFI_DROP,
15.22,14,STA,WIFI_DROP,
15.22,17,STA,WIFI_DROP,
15.22,19,STA,WIFI_DROP,
15.2224,4,STA,WIFI_DROP,
15.2224,11,STA,WIFI_DROP,
15.2224,14,STA,WIFI_DROP,
15.2224,17,STA,WIFI_DROP,
15.2224,19,STA,WIFI_DROP,
15.2248,4,STA,WIFI_DROP,
15.2248,11,STA,WIFI_DROP,
15.2248,14,STA,WIFI_DROP,
15.2248,17,STA,WIFI_DROP,
15.2248,19,STA,WIFI_DROP,
15.2272,4,STA,WIFI_DROP,
15.2272,11,STA,WIFI_DROP,
15.2272,14,STA,WIFI_DROP,
15.2272,17,STA,WIFI_DROP,
15.2272,19,STA,WIFI_DROP,
15.2296,4,STA,WIFI_DROP,
15.2296,11,STA,WIFI_DROP,
15.2296,14,STA,WIFI_DROP,
15.2296,17,STA,WIFI_DROP,
15.2296,19,STA,WIFI_DROP,
15.232,4,STA,WIFI_DROP,
15.232,11,STA,WIFI_DROP,
15.232,14,STA,WIFI_DROP,
15.232,17,STA,WIFI_DROP,
15.232,19,STA,WIFI_DROP,
15.2344,4,STA,WIFI_DROP,
15.2344,11,STA,WIFI_DROP,
15.2344,14,STA,WIFI_DROP,
15.2344,17,STA,WIFI_DROP,
15.2344,19,STA,WIFI_DROP,
15.2368,4,STA,WIFI_DROP,
15.2368,11,STA,WIFI_DROP,
15.2368,14,STA,WIFI_DROP,
15.2368,17,STA,WIFI_DROP,
15.2368,19,STA,WIFI_DROP,
15.2392,4,STA,WIFI_DROP,
15.2392,11,STA,WIFI_DROP,
15.2392,14,STA,WIFI_DROP,
15.2392,17,STA,WIFI_DROP,
15.2392,19,STA,WIFI_DROP,
15.2416,4,STA,WIFI_DROP,
15.2416,11,STA,WIFI_DROP,
15.2416,14,STA,WIFI_DROP,
15.2416,17,STA,WIFI_DROP,
15.2416,19,STA,WIFI_DROP,
15.244,4,STA,WIFI_DROP,
15.244,11,STA,WIFI_DROP,
15.244,14,STA,WIFI_DROP,
15.244,17,STA,WIFI_DROP,
15.244,19,STA,WIFI_DROP,
15.2464,4,STA,WIFI_DROP,
15.2464,11,STA,WIFI_DROP,
15.2464,14,STA,WIFI_DROP,
15.2464,17,STA,WIFI_DROP,
15.2464,19,STA,WIFI_DROP,
15.2488,4,STA,WIFI_DROP,
15.2488,11,STA,WIFI_DROP,
15.2488,14,STA,WIFI_DROP,
15.2488,17,STA,WIFI_DROP,
15.2488,19,STA,WIFI_DROP,
15.2512,4,STA,WIFI_DROP,
15.2512,11,STA,WIFI_DROP,
15.2512,14,STA,WIFI_DROP,
15.2512,17,STA,WIFI_DROP,
15.2512,19,STA,WIFI_DROP,
15.2536,4,STA,WIFI_DROP,
15.2536,11,STA,WIFI_DROP,
15.2536,14,STA,WIFI_DROP,
15.2536,17,STA,WIFI_DROP,
15.2536,19,STA,WIFI_DROP,
15.256,4,STA,WIFI_DROP,
15.256,11,STA,WIFI_DROP,
15.256,14,STA,WIFI_DROP,
15.256,17,STA,WIFI_DROP,
15.256,19,STA,WIFI_DROP,
15.2584,4,STA,WIFI_DROP,
15.2584,11,STA,WIFI_DROP,
15.2584,14,STA,WIFI_DROP,
15.2584,17,STA,WIFI_DROP,
15.2584,19,STA,WIFI_DROP,
15.2608,4,STA,WIFI_DROP,
15.2608,11,STA,WIFI_DROP,
15.2608,14,STA,WIFI_DROP,
15.2608,17,STA,WIFI_DROP,
15.2608,19,STA,WIFI_DROP,
15.2632,4,STA,WIFI_DROP,
15.2632,11,STA,WIFI_DROP,
15.2632,14,STA,WIFI_DROP,
15.2632,17,STA,WIFI_DROP,
15.2632,19,STA,WIFI_DROP,
15.2656,4,STA,WIFI_DROP,
15.2656,11,STA,WIFI_DROP,
15.2656,14,STA,WIFI_DROP,
15.2656,17,STA,WIFI_DROP,
15.2656,19,STA,WIFI_DROP,
15.268,4,STA,WIFI_DROP,
15.268,11,STA,WIFI_DROP,
15.268,14,STA,WIFI_DROP,
15.268,17,STA,WIFI_DROP,
15.268,19,STA,WIFI_DROP,
15.2704,4,STA,WIFI_DROP,
15.2704,11,STA,WIFI_DROP,
15.2704,14,STA,WIFI_DROP,
15.2704,17,STA,WIFI_DROP,
15.2704,19,STA,WIFI_DROP,
15.2728,4,STA,WIFI_DROP,
15.2728,11,STA,WIFI_DROP,
15.2728,14,STA,WIFI_DROP,
15.2728,17,STA,WIFI_DROP,
15.2728,19,STA,WIFI_DROP,
15.2752,4,STA,WIFI_DROP,
15.2752,11,STA,WIFI_DROP,
15.2752,14,STA,WIFI_DROP,
15.2752,17,STA,WIFI_DROP,
15.2752,19,STA,WIFI_DROP,
15.2776,4,STA,WIFI_DROP,
15.2776,11,STA,WIFI_DROP,
15.2776,14,STA,WIFI_DROP,
15.2776,17,STA,WIFI_DROP,
15.2776,19,STA,WIFI_DROP,
15.28,4,STA,WIFI_DROP,
15.28,11,STA,WIFI_DROP,
15.28,14,STA,WIFI_DROP,
15.28,17,STA,WIFI_DROP,
15.28,19,STA,WIFI_DROP,
15.2824,4,STA,WIFI_DROP,
15.2824,11,STA,WIFI_DROP,
15.2824,14,STA,WIFI_DROP,
15.2824,17,STA,WIFI_DROP,
15.2824,19,STA,WIFI_DROP,
15.2848,4,STA,WIFI_DROP,
15.2848,11,STA,WIFI_DROP,
15.2848,14,STA,WIFI_DROP,
15.2848,17,STA,WIFI_DROP,
15.2848,19,STA,WIFI_DROP,
15.2872,4,STA,WIFI_DROP,
15.2872,11,STA,WIFI_DROP,
15.2872,14,STA,WIFI_DROP,
15.2872,19,STA,WIFI_DROP,
15.2896,4,STA,WIFI_DROP,
15.2896,11,STA,WIFI_DROP,
15.2896,14,STA,WIFI_DROP,
15.2896,19,STA,WIFI_DROP,
15.292,4,STA,WIFI_DROP,
15.292,11,STA,WIFI_DROP,
15.292,14,STA,WIFI_DROP,
15.292,19,STA,WIFI_DROP,
15.2944,4,STA,WIFI_DROP,
15.2944,11,STA,WIFI_DROP,
15.2944,14,STA,WIFI_DROP,
15.2944,19,STA,WIFI_DROP,
15.2968,4,STA,WIFI_DROP,
15.2968,11,STA,WIFI_DROP,
15.2968,14,STA,WIFI_DROP,
15.2968,19,STA,WIFI_DROP,
15.2992,4,STA,WIFI_DROP,
15.2992,11,STA,WIFI_DROP,
15.2992,14,STA,WIFI_DROP,
15.2992,19,STA,WIFI_DROP,
15.3016,4,STA,WIFI_DROP,
15.3016,11,STA,WIFI_DROP,
15.3016,14,STA,WIFI_DROP,
15.3016,19,STA,WIFI_DROP,
15.304,4,STA,WIFI_DROP,
15.304,11,STA,WIFI_DROP,
15.304,14,STA,WIFI_DROP,
15.304,19,STA,WIFI_DROP,
15.3064,4,STA,WIFI_DROP,
15.3064,11,STA,WIFI_DROP,
15.3064,14,STA,WIFI_DROP,
15.3064,19,STA,WIFI_DROP,
15.3088,4,STA,WIFI_DROP,
15.3088,11,STA,WIFI_DROP,
15.3088,14,STA,WIFI_DROP,
15.3088,19,STA,WIFI_DROP,
15.3112,4,STA,WIFI_DROP,
15.3112,11,STA,WIFI_DROP,
15.3112,14,STA,WIFI_DROP,
15.3112,19,STA,WIFI_DROP,
15.3136,4,STA,WIFI_DROP,
15.3136,11,STA,WIFI_DROP,
15.3136,14,STA,WIFI_DROP,
15.3136,19,STA,WIFI_DROP,
15.316,4,STA,WIFI_DROP,
15.316,11,STA,WIFI_DROP,
15.316,14,STA,WIFI_DROP,
15.316,19,STA,WIFI_DROP,
15.3184,4,STA,WIFI_DROP,
15.3184,11,STA,WIFI_DROP,
15.3184,14,STA,WIFI_DROP,
15.3184,19,STA,WIFI_DROP,
15.3208,4,STA,WIFI_DROP,
15.3208,11,STA,WIFI_DROP,
15.3208,14,STA,WIFI_DROP,
15.3208,19,STA,WIFI_DROP,
15.3232,4,STA,WIFI_DROP,
15.3232,11,STA,WIFI_DROP,
15.3232,14,STA,WIFI_DROP,
15.3232,19,STA,WIFI_DROP,
15.3256,4,STA,WIFI_DROP,
15.3256,11,STA,WIFI_DROP,
15.3256,14,STA,WIFI_DROP,
15.3256,19,STA,WIFI_DROP,
15.328,4,STA,WIFI_DROP,
15.328,11,STA,WIFI_DROP,
15.328,14,STA,WIFI_DROP,
15.328,19,STA,WIFI_DROP,
15.3304,4,STA,WIFI_DROP,
15.3304,11,STA,WIFI_DROP,
15.3304,14,STA,WIFI_DROP,
15.3304,19,STA,WIFI_DROP,
15.3328,4,STA,WIFI_DROP,
15.3328,11,STA,WIFI_DROP,
15.3328,14,STA,WIFI_DROP,
15.3328,19,STA,WIFI_DROP,
15.3352,4,STA,WIFI_DROP,
15.3352,11,STA,WIFI_DROP,
15.3352,14,STA,WIFI_DROP,
15.3352,19,STA,WIFI_DROP,
15.3376,4,STA,WIFI_DROP,
15.3376,11,STA,WIFI_DROP,
15.3376,14,STA,WIFI_DROP,
15.3376,19,STA,WIFI_DROP,
15.34,4,STA,WIFI_DROP,
15.34,11,STA,WIFI_DROP,
15.34,14,STA,WIFI_DROP,
15.34,19,STA,WIFI_DROP,
15.3424,4,STA,WIFI_DROP,
15.3424,11,STA,WIFI_DROP,
15.3424,14,STA,WIFI_DROP,
15.3424,19,STA,WIFI_DROP,
15.3448,4,STA,WIFI_DROP,
15.3448,11,STA,WIFI_DROP,
15.3448,14,STA,WIFI_DROP,
15.3448,19,STA,WIFI_DROP,
15.3472,4,STA,WIFI_DROP,
15.3472,11,STA,WIFI_DROP,
15.3472,14,STA,WIFI_DROP,
15.3472,19,STA,WIFI_DROP,
15.3496,4,STA,WIFI_DROP,
15.3496,11,STA,WIFI_DROP,
15.3496,14,STA,WIFI_DROP,
15.3496,19,STA,WIFI_DROP,
15.352,4,STA,WIFI_DROP,
15.352,11,STA,WIFI_DROP,
15.352,14,STA,WIFI_DROP,
15.352,19,STA,WIFI_DROP,
15.3544,4,STA,WIFI_DROP,
15.3544,11,STA,WIFI_DROP,
15.3544,14,STA,WIFI_DROP,
15.3544,19,STA,WIFI_DROP,
15.3568,4,STA,WIFI_DROP,
15.3568,11,STA,WIFI_DROP,
15.3568,14,STA,WIFI_DROP,
15.3568,19,STA,WIFI_DROP,
15.3592,4,STA,WIFI_DROP,
15.3592,11,STA,WIFI_DROP,
15.3592,14,STA,WIFI_DROP,
15.3592,19,STA,WIFI_DROP,
15.3616,4,STA,WIFI_DROP,
15.3616,11,STA,WIFI_DROP,
15.3616,14,STA,WIFI_DROP,
15.3616,19,STA,WIFI_DROP,
15.364,4,STA,WIFI_DROP,
15.364,11,STA,WIFI_DROP,
15.364,14,STA,WIFI_DROP,
15.364,19,STA,WIFI_DROP,
15.3664,4,STA,WIFI_DROP,
15.3664,11,STA,WIFI_DROP,
15.3664,14,STA,WIFI_DROP,
15.3664,19,STA,WIFI_DROP,
15.3688,4,STA,WIFI_DROP,
15.3688,11,STA,WIFI_DROP,
15.3688,14,STA,WIFI_DROP,
15.3688,19,STA,WIFI_DROP,
15.3712,4,STA,WIFI_DROP,
15.3712,11,STA,WIFI_DROP,
15.3712,14,STA,WIFI_DROP,
15.3712,19,STA,WIFI_DROP,
15.3736,4,STA,WIFI_DROP,
15.3736,11,STA,WIFI_DROP,
15.3736,14,STA,WIFI_DROP,
15.3736,19,STA,WIFI_DROP,
15.376,4,STA,WIFI_DROP,
15.376,11,STA,WIFI_DROP,
15.376,14,STA,WIFI_DROP,
15.376,19,STA,WIFI_DROP,
15.3784,4,STA,WIFI_DROP,
15.3784,11,STA,WIFI_DROP,
15.3784,14,STA,WIFI_DROP,
15.3784,19,STA,WIFI_DROP,
15.3808,4,STA,WIFI_DROP,
15.3808,11,STA,WIFI_DROP,
15.3808,14,STA,WIFI_DROP,
15.3808,19,STA,WIFI_DROP,
15.3832,4,STA,WIFI_DROP,
15.3832,11,STA,WIFI_DROP,
15.3832,19,STA,WIFI_DROP,
15.3856,4,STA,WIFI_DROP,
15.3856,11,STA,WIFI_DROP,
15.3856,19,STA,WIFI_DROP,
15.388,4,STA,WIFI_DROP,
15.388,11,STA,WIFI_DROP,
15.388,19,STA,WIFI_DROP,
15.3904,4,STA,WIFI_DROP,
15.3904,11,STA,WIFI_DROP,
15.3904,19,STA,WIFI_DROP,
15.3928,4,STA,WIFI_DROP,
15.3928,11,STA,WIFI_DROP,
15.3928,19,STA,WIFI_DROP,
15.3952,4,STA,WIFI_DROP,
15.3952,11,STA,WIFI_DROP,
15.3952,19,STA,WIFI_DROP,
15.3976,4,STA,WIFI_DROP,
15.3976,11,STA,WIFI_DROP,
15.3976,19,STA,WIFI_DROP,
15.4,4,STA,WIFI_DROP,
15.4,11,STA,WIFI_DROP,
15.4,19,STA,WIFI_DROP,
15.4024,4,STA,WIFI_DROP,
15.4024,11,STA,WIFI_DROP,
15.4024,19,STA,WIFI_DROP,
15.4048,4,STA,WIFI_DROP,
15.4048,11,STA,WIFI_DROP,
15.4048,19,STA,WIFI_DROP,
15.4072,4,STA,WIFI_DROP,
15.4072,11,STA,WIFI_DROP,
15.4072,19,STA,WIFI_DROP,
15.4096,4,STA,WIFI_DROP,
15.4096,11,STA,WIFI_DROP,
15.4096,19,STA,WIFI_DROP,
15.412,4,STA,WIFI_DROP,
15.412,11,STA,WIFI_DROP,
15.412,19,STA,WIFI_DROP,
15.4144,4,STA,WIFI_DROP,
15.4144,11,STA,WIFI_DROP,
15.4144,19,STA,WIFI_DROP,
15.4168,4,STA,WIFI_DROP,
15.4168,11,STA,WIFI_DROP,
15.4168,19,STA,WIFI_DROP,
15.4192,4,STA,WIFI_DROP,
15.4192,11,STA,WIFI_DROP,
15.4192,19,STA,WIFI_DROP,
15.4216,4,STA,WIFI_DROP,
15.4216,11,STA,WIFI_DROP,
15.4216,19,STA,WIFI_DROP,
15.424,4,STA,WIFI_DROP,
15.424,11,STA,WIFI_DROP,
15.424,19,STA,WIFI_DROP,
15.4264,4,STA,WIFI_DROP,
15.4264,11,STA,WIFI_DROP,
15.4264,19,STA,WIFI_DROP,
15.4288,4,STA,WIFI_DROP,
15.4288,11,STA,WIFI_DROP,
15.4288,19,STA,WIFI_DROP,
15.4312,4,STA,WIFI_DROP,
15.4312,11,STA,WIFI_DROP,
15.4312,19,STA,WIFI_DROP,
15.4336,4,STA,WIFI_DROP,
15.4336,11,STA,WIFI_DROP,
15.4336,19,STA,WIFI_DROP,
15.436,4,STA,WIFI_DROP,
15.436,11,STA,WIFI_DROP,
15.436,19,STA,WIFI_DROP,
15.4384,4,STA,WIFI_DROP,
15.4384,11,STA,WIFI_DROP,
15.4384,19,STA,WIFI_DROP,
15.4408,4,STA,WIFI_DROP,
15.4408,11,STA,WIFI_DROP,
15.4408,19,STA,WIFI_DROP,
15.4432,4,STA,WIFI_DROP,
15.4432,11,STA,WIFI_DROP,
15.4432,19,STA,WIFI_DROP,
15.4456,4,STA,WIFI_DROP,
15.4456,11,STA,WIFI_DROP,
15.4456,19,STA,WIFI_DROP,
15.448,4,STA,WIFI_DROP,
15.448,11,STA,WIFI_DROP,
15.448,19,STA,WIFI_DROP,
15.4504,4,STA,WIFI_DROP,
15.4504,11,STA,WIFI_DROP,
15.4504,19,STA,WIFI_DROP,
15.4528,4,STA,WIFI_DROP,
15.4528,11,STA,WIFI_DROP,
15.4528,19,STA,WIFI_DROP,
15.4552,4,STA,WIFI_DROP,
15.4552,11,STA,WIFI_DROP,
15.4552,19,STA,WIFI_DROP,
15.4576,4,STA,WIFI_DROP,
15.4576,11,STA,WIFI_DROP,
15.4576,19,STA,WIFI_DROP,
15.46,4,STA,WIFI_DROP,
15.46,11,STA,WIFI_DROP,
15.46,19,STA,WIFI_DROP,
15.4624,4,STA,WIFI_DROP,
15.4624,11,STA,WIFI_DROP,
15.4624,19,STA,WIFI_DROP,
15.4648,4,STA,WIFI_DROP,
15.4648,11,STA,WIFI_DROP,
15.4648,19,STA,WIFI_DROP,
15.4672,4,STA,WIFI_DROP,
15.4672,11,STA,WIFI_DROP,
15.4672,19,STA,WIFI_DROP,
15.4696,4,STA,WIFI_DROP,
15.4696,11,STA,WIFI_DROP,
15.4696,19,STA,WIFI_DROP,
15.472,4,STA,WIFI_DROP,
15.472,11,STA,WIFI_DROP,
15.472,19,STA,WIFI_DROP,
15.4744,4,STA,WIFI_DROP,
15.4744,11,STA,WIFI_DROP,
15.4744,19,STA,WIFI_DROP,
15.4768,4,STA,WIFI_DROP,
15.4768,11,STA,WIFI_DROP,
15.4768,19,STA,WIFI_DROP,
15.4792,4,STA,WIFI_DROP,
15.4792,11,STA,WIFI_DROP,
15.4792,19,STA,WIFI_DROP,
15.4816,4,STA,WIFI_DROP,
15.4816,11,STA,WIFI_DROP,
15.4816,19,STA,WIFI_DROP,
15.484,4,STA,WIFI_DROP,
15.484,11,STA,WIFI_DROP,
15.484,19,STA,WIFI_DROP,
15.4864,4,STA,WIFI_DROP,
15.4864,11,STA,WIFI_DROP,
15.4864,19,STA,WIFI_DROP,
15.4888,4,STA,WIFI_DROP,
15.4888,11,STA,WIFI_DROP,
15.4888,19,STA,WIFI_DROP,
15.4912,4,STA,WIFI_DROP,
15.4912,11,STA,WIFI_DROP,
15.4912,19,STA,WIFI_DROP,
15.4936,4,STA,WIFI_DROP,
15.4936,11,STA,WIFI_DROP,
15.4936,19,STA,WIFI_DROP,
15.496,4,STA,WIFI_DROP,
15.496,11,STA,WIFI_DROP,
15.496,19,STA,WIFI_DROP,
15.4984,4,STA,WIFI_DROP,
15.4984,11,STA,WIFI_DROP,
15.4984,19,STA,WIFI_DROP,
15.5008,4,STA,WIFI_DROP,
15.5008,11,STA,WIFI_DROP,
15.5008,19,STA,WIFI_DROP,
15.5032,4,STA,WIFI_DROP,
15.5032,11,STA,WIFI_DROP,
15.5032,19,STA,WIFI_DROP,
15.5056,4,STA,WIFI_DROP,
15.5056,11,STA,WIFI_DROP,
15.5056,19,STA,WIFI_DROP,
15.508,4,STA,WIFI_DROP,
15.508,11,STA,WIFI_DROP,
15.508,19,STA,WIFI_DROP,
15.5104,4,STA,WIFI_DROP,
15.5104,11,STA,WIFI_DROP,
15.5104,19,STA,WIFI_DROP,
15.5128,4,STA,WIFI_DROP,
15.5128,11,STA,WIFI_DROP,
15.5128,19,STA,WIFI_DROP,
15.5152,4,STA,WIFI_DROP,
15.5152,11,STA,WIFI_DROP,
15.5152,19,STA,WIFI_DROP,
15.5176,4,STA,WIFI_DROP,
15.5176,11,STA,WIFI_DROP,
15.5176,19,STA,WIFI_DROP,
15.52,4,STA,WIFI_DROP,
15.52,11,STA,WIFI_DROP,
15.52,19,STA,WIFI_DROP,
15.5224,4,STA,WIFI_DROP,
15.5224,11,STA,WIFI_DROP,
15.5224,19,STA,WIFI_DROP,
15.5248,4,STA,WIFI_DROP,
15.5248,11,STA,WIFI_DROP,
15.5248,19,STA,WIFI_DROP,
15.5272,4,STA,WIFI_DROP,
15.5272,11,STA,WIFI_DROP,
15.5272,19,STA,WIFI_DROP,
15.5296,4,STA,WIFI_DROP,
15.5296,11,STA,WIFI_DROP,
15.5296,19,STA,WIFI_DROP,
15.532,4,STA,WIFI_DROP,
15.532,11,STA,WIFI_DROP,
15.532,19,STA,WIFI_DROP,
15.5344,4,STA,WIFI_DROP,
15.5344,11,STA,WIFI_DROP,
15.5344,19,STA,WIFI_DROP,
15.5368,4,STA,WIFI_DROP,
15.5368,11,STA,WIFI_DROP,
15.5368,19,STA,WIFI_DROP,
15.5392,4,STA,WIFI_DROP,
15.5392,11,STA,WIFI_DROP,
15.5392,19,STA,WIFI_DROP,
15.5416,4,STA,WIFI_DROP,
15.5416,11,STA,WIFI_DROP,
15.5416,19,STA,WIFI_DROP,
15.544,4,STA,WIFI_DROP,
15.544,11,STA,WIFI_DROP,
15.544,19,STA,WIFI_DROP,
15.5464,4,STA,WIFI_DROP,
15.5464,11,STA,WIFI_DROP,
15.5464,19,STA,WIFI_DROP,
15.5488,4,STA,WIFI_DROP,
15.5488,11,STA,WIFI_DROP,
15.5488,19,STA,WIFI_DROP,
15.5512,4,STA,WIFI_DROP,
15.5512,11,STA,WIFI_DROP,
15.5512,19,STA,WIFI_DROP,
15.5536,4,STA,WIFI_DROP,
15.5536,11,STA,WIFI_DROP,
15.5536,19,STA,WIFI_DROP,
15.556,4,STA,WIFI_DROP,
15.556,11,STA,WIFI_DROP,
15.556,19,STA,WIFI_DROP,
15.5584,4,STA,WIFI_DROP,
15.5584,11,STA,WIFI_DROP,
15.5584,19,STA,WIFI_DROP,
15.5608,4,STA,WIFI_DROP,
15.5608,11,STA,WIFI_DROP,
15.5608,19,STA,WIFI_DROP,
15.5632,4,STA,WIFI_DROP,
15.5632,11,STA,WIFI_DROP,
15.5632,19,STA,WIFI_DROP,
15.5656,4,STA,WIFI_DROP,
15.5656,11,STA,WIFI_DROP,
15.5656,19,STA,WIFI_DROP,
15.568,4,STA,WIFI_DROP,
15.568,11,STA,WIFI_DROP,
15.568,19,STA,WIFI_DROP,
15.5704,4,STA,WIFI_DROP,
15.5704,11,STA,WIFI_DROP,
15.5704,19,STA,WIFI_DROP,
15.5728,4,STA,WIFI_DROP,
15.5728,11,STA,WIFI_DROP,
15.5728,19,STA,WIFI_DROP,
15.5752,4,STA,WIFI_DROP,
15.5752,11,STA,WIFI_DROP,
15.5752,19,STA,WIFI_DROP,
15.5776,4,STA,WIFI_DROP,
15.5776,11,STA,WIFI_DROP,
15.5776,19,STA,WIFI_DROP,
15.58,11,STA,WIFI_DROP,
15.58,19,STA,WIFI_DROP,
15.5824,11,STA,WIFI_DROP,
15.5824,19,STA,WIFI_DROP,
15.5848,11,STA,WIFI_DROP,
15.5848,19,STA,WIFI_DROP,
15.5872,11,STA,WIFI_DROP,
15.5872,19,STA,WIFI_DROP,
15.5896,11,STA,WIFI_DROP,
15.5896,19,STA,WIFI_DROP,
15.592,11,STA,WIFI_DROP,
15.592,19,STA,WIFI_DROP,
15.5944,11,STA,WIFI_DROP,
15.5944,19,STA,WIFI_DROP,
15.5968,11,STA,WIFI_DROP,
15.5968,19,STA,WIFI_DROP,
15.5992,11,STA,WIFI_DROP,
15.5992,19,STA,WIFI_DROP,
15.6016,11,STA,WIFI_DROP,
15.6016,19,STA,WIFI_DROP,
15.604,11,STA,WIFI_DROP,
15.604,19,STA,WIFI_DROP,
15.6064,11,STA,WIFI_DROP,
15.6064,19,STA,WIFI_DROP,
15.6088,11,STA,WIFI_DROP,
15.6088,19,STA,WIFI_DROP,
15.6112,11,STA,WIFI_DROP,
15.6112,19,STA,WIFI_DROP,
15.6136,11,STA,WIFI_DROP,
15.6136,19,STA,WIFI_DROP,
15.616,11,STA,WIFI_DROP,
15.616,19,STA,WIFI_DROP,
15.6184,11,STA,WIFI_DROP,
15.6184,19,STA,WIFI_DROP,
15.6208,11,STA,WIFI_DROP,
15.6208,19,STA,WIFI_DROP,
15.6232,11,STA,WIFI_DROP,
15.6232,19,STA,WIFI_DROP,
15.6256,11,STA,WIFI_DROP,
15.6256,19,STA,WIFI_DROP,
15.628,11,STA,WIFI_DROP,
15.628,19,STA,WIFI_DROP,
15.6304,11,STA,WIFI_DROP,
15.6304,19,STA,WIFI_DROP,
15.6328,11,STA,WIFI_DROP,
15.6328,19,STA,WIFI_DROP,
15.6352,11,STA,WIFI_DROP,
15.6352,19,STA,WIFI_DROP,
15.6376,11,STA,WIFI_DROP,
15.6376,19,STA,WIFI_DROP,
15.64,11,STA,WIFI_DROP,
15.64,19,STA,WIFI_DROP,
15.6424,11,STA,WIFI_DROP,
15.6424,19,STA,WIFI_DROP,
15.6448,11,STA,WIFI_DROP,
15.6448,19,STA,WIFI_DROP,
15.6472,11,STA,WIFI_DROP,
15.6472,19,STA,WIFI_DROP,
15.6496,11,STA,WIFI_DROP,
15.6496,19,STA,WIFI_DROP,
15.652,11,STA,WIFI_DROP,
15.652,19,STA,WIFI_DROP,
15.6544,11,STA,WIFI_DROP,
15.6544,19,STA,WIFI_DROP,
15.6568,11,STA,WIFI_DROP,
15.6568,19,STA,WIFI_DROP,
15.6592,11,STA,WIFI_DROP,
15.6592,19,STA,WIFI_DROP,
15.6616,11,STA,WIFI_DROP,
15.6616,19,STA,WIFI_DROP,
15.664,11,STA,WIFI_DROP,
15.664,19,STA,WIFI_DROP,
15.6664,11,STA,WIFI_DROP,
15.6664,19,STA,WIFI_DROP,
15.6688,11,STA,WIFI_DROP,
15.6688,19,STA,WIFI_DROP,
15.6712,11,STA,WIFI_DROP,
15.6712,19,STA,WIFI_DROP,
15.6736,11,STA,WIFI_DROP,
15.6736,19,STA,WIFI_DROP,
15.676,11,STA,WIFI_DROP,
15.676,19,STA,WIFI_DROP,
15.6784,11,STA,WIFI_DROP,
15.6784,19,STA,WIFI_DROP,
15.6808,11,STA,WIFI_DROP,
15.6808,19,STA,WIFI_DROP,
15.6832,11,STA,WIFI_DROP,
15.6832,19,STA,WIFI_DROP,
15.6856,11,STA,WIFI_DROP,
15.6856,19,STA,WIFI_DROP,
15.688,11,STA,WIFI_DROP,
15.688,19,STA,WIFI_DROP,
15.6904,11,STA,WIFI_DROP,
15.6904,19,STA,WIFI_DROP,
15.6928,19,STA,WIFI_DROP,
15.6952,19,STA,WIFI_DROP,
15.6976,19,STA,WIFI_DROP,
15.7,19,STA,WIFI_DROP,
15.7024,19,STA,WIFI_DROP,
15.7048,19,STA,WIFI_DROP,
15.7072,19,STA,WIFI_DROP,
15.7096,19,STA,WIFI_DROP,
15.712,19,STA,WIFI_DROP,
15.7144,19,STA,WIFI_DROP,
15.7168,19,STA,WIFI_DROP,
15.7192,19,STA,WIFI_DROP,
15.7216,19,STA,WIFI_DROP,
15.724,19,STA,WIFI_DROP,
15.7264,19,STA,WIFI_DROP,
15.7288,19,STA,WIFI_DROP,
15.7312,19,STA,WIFI_DROP,
15.7336,19,STA,WIFI_DROP,
15.736,19,STA,WIFI_DROP,
15.7384,19,STA,WIFI_DROP,
15.7408,19,STA,WIFI_DROP,
15.7432,19,STA,WIFI_DROP,
15.7456,19,STA,WIFI_DROP,
15.748,2,STA,WIFI_DROP,
15.748,19,STA,WIFI_DROP,
15.748,20,STA,WIFI_DROP,
15.7504,2,STA,WIFI_DROP,
15.7504,19,STA,WIFI_DROP,
15.7504,20,STA,WIFI_DROP,
15.7528,2,STA,WIFI_DROP,
15.7528,19,STA,WIFI_DROP,
15.7528,20,STA,WIFI_DROP,
15.7552,2,STA,WIFI_DROP,
15.7552,19,STA,WIFI_DROP,
15.7552,20,STA,WIFI_DROP,
15.7576,2,STA,WIFI_DROP,
15.7576,19,STA,WIFI_DROP,
15.7576,20,STA,WIFI_DROP,
15.76,2,STA,WIFI_DROP,
15.76,19,STA,WIFI_DROP,
15.76,20,STA,WIFI_DROP,
15.7624,2,STA,WIFI_DROP,
15.7624,19,STA,WIFI_DROP,
15.7624,20,STA,WIFI_DROP,
15.7648,2,STA,WIFI_DROP,
15.7648,19,STA,WIFI_DROP,
15.7648,20,STA,WIFI_DROP,
15.7672,2,STA,WIFI_DROP,
15.7672,19,STA,WIFI_DROP,
15.7672,20,STA,WIFI_DROP,
15.7696,2,STA,WIFI_DROP,
15.7696,19,STA,WIFI_DROP,
15.7696,20,STA,WIFI_DROP,
15.772,2,STA,WIFI_DROP,
15.772,19,STA,WIFI_DROP,
15.772,20,STA,WIFI_DROP,
15.7744,2,STA,WIFI_DROP,
15.7744,19,STA,WIFI_DROP,
15.7744,20,STA,WIFI_DROP,
15.7768,2,STA,WIFI_DROP,
15.7768,19,STA,WIFI_DROP,
15.7768,20,STA,WIFI_DROP,
15.7792,2,STA,WIFI_DROP,
15.7792,19,STA,WIFI_DROP,
15.7792,20,STA,WIFI_DROP,
15.7816,2,STA,WIFI_DROP,
15.7816,19,STA,WIFI_DROP,
15.7816,20,STA,WIFI_DROP,
15.784,2,STA,WIFI_DROP,
15.784,19,STA,WIFI_DROP,
15.784,20,STA,WIFI_DROP,
15.7864,2,STA,WIFI_DROP,
15.7864,19,STA,WIFI_DROP,
15.7864,20,STA,WIFI_DROP,
15.7888,2,STA,WIFI_DROP,
15.7888,19,STA,WIFI_DROP,
15.7888,20,STA,WIFI_DROP,
15.7912,2,STA,WIFI_DROP,
15.7912,19,STA,WIFI_DROP,
15.7912,20,STA,WIFI_DROP,
15.7936,2,STA,WIFI_DROP,
15.7936,19,STA,WIFI_DROP,
15.7936,20,STA,WIFI_DROP,
15.796,2,STA,WIFI_DROP,
15.796,19,STA,WIFI_DROP,
15.796,20,STA,WIFI_DROP,
15.7984,2,STA,WIFI_DROP,
15.7984,19,STA,WIFI_DROP,
15.7984,20,STA,WIFI_DROP,
15.8008,2,STA,WIFI_DROP,
15.8008,19,STA,WIFI_DROP,
15.8008,20,STA,WIFI_DROP,
15.8032,2,STA,WIFI_DROP,
15.8032,19,STA,WIFI_DROP,
15.8032,20,STA,WIFI_DROP,
15.8056,2,STA,WIFI_DROP,
15.8056,19,STA,WIFI_DROP,
15.8056,20,STA,WIFI_DROP,
15.808,2,STA,WIFI_DROP,
15.808,19,STA,WIFI_DROP,
15.808,20,STA,WIFI_DROP,
15.8104,2,STA,WIFI_DROP,
15.8104,19,STA,WIFI_DROP,
15.8104,20,STA,WIFI_DROP,
15.8128,2,STA,WIFI_DROP,
15.8128,19,STA,WIFI_DROP,
15.8128,20,STA,WIFI_DROP,
15.8152,2,STA,WIFI_DROP,
15.8152,19,STA,WIFI_DROP,
15.8152,20,STA,WIFI_DROP,
15.8176,2,STA,WIFI_DROP,
15.8176,19,STA,WIFI_DROP,
15.8176,20,STA,WIFI_DROP,
15.82,2,STA,WIFI_DROP,
15.82,19,STA,WIFI_DROP,
15.82,20,STA,WIFI_DROP,
15.8224,2,STA,WIFI_DROP,
15.8224,19,STA,WIFI_DROP,
15.8224,20,STA,WIFI_DROP,
15.8248,2,STA,WIFI_DROP,
15.8248,19,STA,WIFI_DROP,
15.8248,20,STA,WIFI_DROP,
15.8272,2,STA,WIFI_DROP,
15.8272,19,STA,WIFI_DROP,
15.8272,20,STA,WIFI_DROP,
15.8296,2,STA,WIFI_DROP,
15.8296,19,STA,WIFI_DROP,
15.8296,20,STA,WIFI_DROP,
15.832,2,STA,WIFI_DROP,
15.832,19,STA,WIFI_DROP,
15.832,20,STA,WIFI_DROP,
15.8344,2,STA,WIFI_DROP,
15.8344,19,STA,WIFI_DROP,
15.8344,20,STA,WIFI_DROP,
15.8368,2,STA,WIFI_DROP,
15.8368,19,STA,WIFI_DROP,
15.8368,20,STA,WIFI_DROP,
15.8392,2,STA,WIFI_DROP,
15.8392,19,STA,WIFI_DROP,
15.8392,20,STA,WIFI_DROP,
15.8416,2,STA,WIFI_DROP,
15.8416,19,STA,WIFI_DROP,
15.8416,20,STA,WIFI_DROP,
15.844,2,STA,WIFI_DROP,
15.844,19,STA,WIFI_DROP,
15.844,20,STA,WIFI_DROP,
15.8464,2,STA,WIFI_DROP,
15.8464,19,STA,WIFI_DROP,
15.8464,20,STA,WIFI_DROP,
15.8488,2,STA,WIFI_DROP,
15.8488,19,STA,WIFI_DROP,
15.8488,20,STA,WIFI_DROP,
15.8512,2,STA,WIFI_DROP,
15.8512,19,STA,WIFI_DROP,
15.8512,20,STA,WIFI_DROP,
15.8536,2,STA,WIFI_DROP,
15.8536,19,STA,WIFI_DROP,
15.8536,20,STA,WIFI_DROP,
15.856,2,STA,WIFI_DROP,
15.856,19,STA,WIFI_DROP,
15.856,20,STA,WIFI_DROP,
15.8584,2,STA,WIFI_DROP,
15.8584,19,STA,WIFI_DROP,
15.8584,20,STA,WIFI_DROP,
15.8608,2,STA,WIFI_DROP,
15.8608,19,STA,WIFI_DROP,
15.8608,20,STA,WIFI_DROP,
15.8632,2,STA,WIFI_DROP,
15.8632,19,STA,WIFI_DROP,
15.8632,20,STA,WIFI_DROP,
15.8656,2,STA,WIFI_DROP,
15.8656,19,STA,WIFI_DROP,
15.8656,20,STA,WIFI_DROP,
15.868,2,STA,WIFI_DROP,
15.868,19,STA,WIFI_DROP,
15.868,20,STA,WIFI_DROP,
15.8704,2,STA,WIFI_DROP,
15.8704,19,STA,WIFI_DROP,
15.8704,20,STA,WIFI_DROP,
15.8728,2,STA,WIFI_DROP,
15.8728,19,STA,WIFI_DROP,
15.8728,20,STA,WIFI_DROP,
15.8752,2,STA,WIFI_DROP,
15.8752,19,STA,WIFI_DROP,
15.8752,20,STA,WIFI_DROP,
15.8776,2,STA,WIFI_DROP,
15.8776,19,STA,WIFI_DROP,
15.8776,20,STA,WIFI_DROP,
15.88,2,STA,WIFI_DROP,
15.88,19,STA,WIFI_DROP,
15.88,20,STA,WIFI_DROP,
15.8824,2,STA,WIFI_DROP,
15.8824,19,STA,WIFI_DROP,
15.8824,20,STA,WIFI_DROP,
15.8848,2,STA,WIFI_DROP,
15.8848,19,STA,WIFI_DROP,
15.8848,20,STA,WIFI_DROP,
15.8872,2,STA,WIFI_DROP,
15.8872,19,STA,WIFI_DROP,
15.8872,20,STA,WIFI_DROP,
15.8896,2,STA,WIFI_DROP,
15.8896,19,STA,WIFI_DROP,
15.8896,20,STA,WIFI_DROP,
15.892,2,STA,WIFI_DROP,
15.892,19,STA,WIFI_DROP,
15.892,20,STA,WIFI_DROP,
15.8944,2,STA,WIFI_DROP,
15.8944,19,STA,WIFI_DROP,
15.8944,20,STA,WIFI_DROP,
15.8968,2,STA,WIFI_DROP,
15.8968,19,STA,WIFI_DROP,
15.8968,20,STA,WIFI_DROP,
15.8992,2,STA,WIFI_DROP,
15.8992,19,STA,WIFI_DROP,
15.8992,20,STA,WIFI_DROP,
15.9016,2,STA,WIFI_DROP,
15.9016,19,STA,WIFI_DROP,
15.9016,20,STA,WIFI_DROP,
15.904,2,STA,WIFI_DROP,
15.904,19,STA,WIFI_DROP,
15.904,20,STA,WIFI_DROP,
15.9064,2,STA,WIFI_DROP,
15.9064,19,STA,WIFI_DROP,
15.9064,20,STA,WIFI_DROP,
15.9088,2,STA,WIFI_DROP,
15.9088,19,STA,WIFI_DROP,
15.9088,20,STA,WIFI_DROP,
15.9112,2,STA,WIFI_DROP,
15.9112,19,STA,WIFI_DROP,
15.9112,20,STA,WIFI_DROP,
15.9136,2,STA,WIFI_DROP,
15.9136,19,STA,WIFI_DROP,
15.9136,20,STA,WIFI_DROP,
15.916,2,STA,WIFI_DROP,
15.916,19,STA,WIFI_DROP,
15.916,20,STA,WIFI_DROP,
15.9184,2,STA,WIFI_DROP,
15.9184,19,STA,WIFI_DROP,
15.9184,20,STA,WIFI_DROP,
15.9208,2,STA,WIFI_DROP,
15.9208,19,STA,WIFI_DROP,
15.9208,20,STA,WIFI_DROP,
15.9232,2,STA,WIFI_DROP,
15.9232,19,STA,WIFI_DROP,
15.9232,20,STA,WIFI_DROP,
15.9256,2,STA,WIFI_DROP,
15.9256,19,STA,WIFI_DROP,
15.9256,20,STA,WIFI_DROP,
15.928,2,STA,WIFI_DROP,
15.928,19,STA,WIFI_DROP,
15.928,20,STA,WIFI_DROP,
15.9304,2,STA,WIFI_DROP,
15.9304,19,STA,WIFI_DROP,
15.9304,20,STA,WIFI_DROP,
15.9328,2,STA,WIFI_DROP,
15.9328,19,STA,WIFI_DROP,
15.9328,20,STA,WIFI_DROP,
15.9352,2,STA,WIFI_DROP,
15.9352,19,STA,WIFI_DROP,
15.9352,20,STA,WIFI_DROP,
15.9376,2,STA,WIFI_DROP,
15.9376,19,STA,WIFI_DROP,
15.9376,20,STA,WIFI_DROP,
15.94,2,STA,WIFI_DROP,
15.94,19,STA,WIFI_DROP,
15.94,20,STA,WIFI_DROP,
15.9424,2,STA,WIFI_DROP,
15.9424,19,STA,WIFI_DROP,
15.9424,20,STA,WIFI_DROP,
15.9448,2,STA,WIFI_DROP,
15.9448,19,STA,WIFI_DROP,
15.9448,20,STA,WIFI_DROP,
15.9472,2,STA,WIFI_DROP,
15.9472,19,STA,WIFI_DROP,
15.9472,20,STA,WIFI_DROP,
15.9496,2,STA,WIFI_DROP,
15.9496,19,STA,WIFI_DROP,
15.9496,20,STA,WIFI_DROP,
15.952,2,STA,WIFI_DROP,
15.952,19,STA,WIFI_DROP,
15.952,20,STA,WIFI_DROP,
15.9544,2,STA,WIFI_DROP,
15.9544,3,STA,WIFI_DROP,
15.9544,19,STA,WIFI_DROP,
15.9544,20,STA,WIFI_DROP,
15.9568,2,STA,WIFI_DROP,
15.9568,3,STA,WIFI_DROP,
15.9568,19,STA,WIFI_DROP,
15.9568,20,STA,WIFI_DROP,
15.9592,2,STA,WIFI_DROP,
15.9592,3,STA,WIFI_DROP,
15.9592,19,STA,WIFI_DROP,
15.9592,20,STA,WIFI_DROP,
15.9616,2,STA,WIFI_DROP,
15.9616,3,STA,WIFI_DROP,
15.9616,19,STA,WIFI_DROP,
15.9616,20,STA,WIFI_DROP,
15.964,2,STA,WIFI_DROP,
15.964,3,STA,WIFI_DROP,
15.964,19,STA,WIFI_DROP,
15.964,20,STA,WIFI_DROP,
15.9664,2,STA,WIFI_DROP,
15.9664,3,STA,WIFI_DROP,
15.9664,19,STA,WIFI_DROP,
15.9664,20,STA,WIFI_DROP,
15.9688,2,STA,WIFI_DROP,
15.9688,3,STA,WIFI_DROP,
15.9688,19,STA,WIFI_DROP,
15.9688,20,STA,WIFI_DROP,
15.9712,2,STA,WIFI_DROP,
15.9712,3,STA,WIFI_DROP,
15.9712,19,STA,WIFI_DROP,
15.9712,20,STA,WIFI_DROP,
15.9736,2,STA,WIFI_DROP,
15.9736,3,STA,WIFI_DROP,
15.9736,19,STA,WIFI_DROP,
15.9736,20,STA,WIFI_DROP,
15.976,2,STA,WIFI_DROP,
15.976,3,STA,WIFI_DROP,
15.976,19,STA,WIFI_DROP,
15.976,20,STA,WIFI_DROP,
15.9784,2,STA,WIFI_DROP,
15.9784,3,STA,WIFI_DROP,
15.9784,19,STA,WIFI_DROP,
15.9784,20,STA,WIFI_DROP,
15.9808,2,STA,WIFI_DROP,
15.9808,3,STA,WIFI_DROP,
15.9808,19,STA,WIFI_DROP,
15.9808,20,STA,WIFI_DROP,
15.9832,2,STA,WIFI_DROP,
15.9832,3,STA,WIFI_DROP,
15.9832,19,STA,WIFI_DROP,
15.9832,20,STA,WIFI_DROP,
15.9856,2,STA,WIFI_DROP,
15.9856,3,STA,WIFI_DROP,
15.9856,19,STA,WIFI_DROP,
15.9856,20,STA,WIFI_DROP,
15.988,2,STA,WIFI_DROP,
15.988,3,STA,WIFI_DROP,
15.988,19,STA,WIFI_DROP,
15.988,20,STA,WIFI_DROP,
15.9904,2,STA,WIFI_DROP,
15.9904,3,STA,WIFI_DROP,
15.9904,19,STA,WIFI_DROP,
15.9904,20,STA,WIFI_DROP,
15.9928,2,STA,WIFI_DROP,
15.9928,3,STA,WIFI_DROP,
15.9928,19,STA,WIFI_DROP,
15.9928,20,STA,WIFI_DROP,
15.9952,2,STA,WIFI_DROP,
15.9952,3,STA,WIFI_DROP,
15.9952,19,STA,WIFI_DROP,
15.9952,20,STA,WIFI_DROP,
15.9976,2,STA,WIFI_DROP,
15.9976,3,STA,WIFI_DROP,
15.9976,19,STA,WIFI_DROP,
15.9976,20,STA,WIFI_DROP,
16,5,STA,THROUGHPUT_MBPS,1.632000
16,8,STA,THROUGHPUT_MBPS,0.780000
16,9,STA,THROUGHPUT_MBPS,0.588000
16,13,STA,THROUGHPUT_MBPS,0.576000
16,14,STA,THROUGHPUT_MBPS,0.300000
16,15,STA,THROUGHPUT_MBPS,1.224000
16,18,STA,THROUGHPUT_MBPS,0.888000
16,1,AP,AGGREGATE_THROUGHPUT_MBPS,5.988000
16,1,AP,SENT_COUNT,8320.000000
16,1,AP,RECV_COUNT,499.000000
16,1,AP,LATENCY_P95_MS,535.746260
16,2,STA,WIFI_DROP,
16,3,STA,WIFI_DROP,
16,19,STA,WIFI_DROP,
16,20,STA,WIFI_DROP,
16.0024,3,STA,WIFI_DROP,
16.0024,19,STA,WIFI_DROP,
16.0024,20,STA,WIFI_DROP,
16.0048,3,STA,WIFI_DROP,
16.0048,19,STA,WIFI_DROP,
16.0048,20,STA,WIFI_DROP,
16.0072,3,STA,WIFI_DROP,
16.0072,19,STA,WIFI_DROP,
16.0072,20,STA,WIFI_DROP,
16.0096,3,STA,WIFI_DROP,
16.0096,19,STA,WIFI_DROP,
16.0096,20,STA,WIFI_DROP,
16.012,3,STA,WIFI_DROP,
16.012,19,STA,WIFI_DROP,
16.012,20,STA,WIFI_DROP,
16.0144,3,STA,WIFI_DROP,
16.0144,19,STA,WIFI_DROP,
16.0144,20,STA,WIFI_DROP,
16.0168,3,STA,WIFI_DROP,
16.0168,19,STA,WIFI_DROP,
16.0168,20,STA,WIFI_DROP,
16.0192,3,STA,WIFI_DROP,
16.0192,19,STA,WIFI_DROP,
16.0192,20,STA,WIFI_DROP,
16.0216,3,STA,WIFI_DROP,
16.0216,19,STA,WIFI_DROP,
16.0216,20,STA,WIFI_DROP,
16.024,3,STA,WIFI_DROP,
16.024,19,STA,WIFI_DROP,
16.024,20,STA,WIFI_DROP,
16.0264,3,STA,WIFI_DROP,
16.0264,19,STA,WIFI_DROP,
16.0264,20,STA,WIFI_DROP,
16.0288,3,STA,WIFI_DROP,
16.0288,19,STA,WIFI_DROP,
16.0288,20,STA,WIFI_DROP,
16.0312,3,STA,WIFI_DROP,
16.0312,19,STA,WIFI_DROP,
16.0312,20,STA,WIFI_DROP,
16.0336,3,STA,WIFI_DROP,
16.0336,19,STA,WIFI_DROP,
16.0336,20,STA,WIFI_DROP,
16.036,3,STA,WIFI_DROP,
16.036,19,STA,WIFI_DROP,
16.036,20,STA,WIFI_DROP,
16.0384,3,STA,WIFI_DROP,
16.0384,19,STA,WIFI_DROP,
16.0384,20,STA,WIFI_DROP,
16.0408,3,STA,WIFI_DROP,
16.0408,19,STA,WIFI_DROP,
16.0408,20,STA,WIFI_DROP,
16.0432,3,STA,WIFI_DROP,
16.0432,19,STA,WIFI_DROP,
16.0432,20,STA,WIFI_DROP,
16.0456,3,STA,WIFI_DROP,
16.0456,19,STA,WIFI_DROP,
16.0456,20,STA,WIFI_DROP,
16.048,3,STA,WIFI_DROP,
16.048,19,STA,WIFI_DROP,
16.048,20,STA,WIFI_DROP,
16.0504,3,STA,WIFI_DROP,
16.0504,19,STA,WIFI_DROP,
16.0504,20,STA,WIFI_DROP,
16.0528,3,STA,WIFI_DROP,
16.0528,19,STA,WIFI_DROP,
16.0528,20,STA,WIFI_DROP,
16.0552,3,STA,WIFI_DROP,
16.0552,19,STA,WIFI_DROP,
16.0552,20,STA,WIFI_DROP,
16.0576,3,STA,WIFI_DROP,
16.0576,19,STA,WIFI_DROP,
16.0576,20,STA,WIFI_DROP,
16.06,3,STA,WIFI_DROP,
16.06,19,STA,WIFI_DROP,
16.06,20,STA,WIFI_DROP,
16.0624,3,STA,WIFI_DROP,
16.0624,19,STA,WIFI_DROP,
16.0624,20,STA,WIFI_DROP,
16.0648,3,STA,WIFI_DROP,
16.0648,19,STA,WIFI_DROP,
16.0648,20,STA,WIFI_DROP,
16.0672,3,STA,WIFI_DROP,
16.0672,19,STA,WIFI_DROP,
16.0672,20,STA,WIFI_DROP,
16.0696,3,STA,WIFI_DROP,
16.0696,19,STA,WIFI_DROP,
16.0696,20,STA,WIFI_DROP,
16.072,3,STA,WIFI_DROP,
16.072,19,STA,WIFI_DROP,
16.072,20,STA,WIFI_DROP,
16.0744,3,STA,WIFI_DROP,
16.0744,19,STA,WIFI_DROP,
16.0744,20,STA,WIFI_DROP,
16.0768,3,STA,WIFI_DROP,
16.0768,19,STA,WIFI_DROP,
16.0768,20,STA,WIFI_DROP,
16.0792,3,STA,WIFI_DROP,
16.0792,19,STA,WIFI_DROP,
16.0792,20,STA,WIFI_DROP,
16.0816,3,STA,WIFI_DROP,
16.0816,19,STA,WIFI_DROP,
16.0816,20,STA,WIFI_DROP,
16.084,3,STA,WIFI_DROP,
16.084,19,STA,WIFI_DROP,
16.084,20,STA,WIFI_DROP,
16.0864,3,STA,WIFI_DROP,
16.0864,19,STA,WIFI_DROP,
16.0864,20,STA,WIFI_DROP,
16.0888,3,STA,WIFI_DROP,
16.0888,19,STA,WIFI_DROP,
16.0888,20,STA,WIFI_DROP,
16.0912,3,STA,WIFI_DROP,
16.0912,19,STA,WIFI_DROP,
16.0912,20,STA,WIFI_DROP,
16.0936,3,STA,WIFI_DROP,
16.0936,19,STA,WIFI_DROP,
16.0936,20,STA,WIFI_DROP,
16.096,3,STA,WIFI_DROP,
16.096,19,STA,WIFI_DROP,
16.096,20,STA,WIFI_DROP,
16.0984,3,STA,WIFI_DROP,
16.0984,19,STA,WIFI_DROP,
16.0984,20,STA,WIFI_DROP,
16.1008,3,STA,WIFI_DROP,
16.1008,19,STA,WIFI_DROP,
16.1008,20,STA,WIFI_DROP,
16.1032,3,STA,WIFI_DROP,
16.1032,19,STA,WIFI_DROP,
16.1032,20,STA,WIFI_DROP,
16.1056,3,STA,WIFI_DROP,
16.1056,19,STA,WIFI_DROP,
16.1056,20,STA,WIFI_DROP,
16.108,3,STA,WIFI_DROP,
16.108,19,STA,WIFI_DROP,
16.108,20,STA,WIFI_DROP,
16.1104,3,STA,WIFI_DROP,
16.1104,19,STA,WIFI_DROP,
16.1104,20,STA,WIFI_DROP,
16.1128,3,STA,WIFI_DROP,
16.1128,19,STA,WIFI_DROP,
16.1128,20,STA,WIFI_DROP,
16.1152,3,STA,WIFI_DROP,
16.1152,19,STA,WIFI_DROP,
16.1152,20,STA,WIFI_DROP,
16.1176,3,STA,WIFI_DROP,
16.1176,19,STA,WIFI_DROP,
16.1176,20,STA,WIFI_DROP,
16.12,3,STA,WIFI_DROP,
16.12,19,STA,WIFI_DROP,
16.12,20,STA,WIFI_DROP,
16.1224,3,STA,WIFI_DROP,
16.1224,19,STA,WIFI_DROP,
16.1224,20,STA,WIFI_DROP,
16.1248,3,STA,WIFI_DROP,
16.1248,19,STA,WIFI_DROP,
16.1248,20,STA,WIFI_DROP,
16.1272,3,STA,WIFI_DROP,
16.1272,19,STA,WIFI_DROP,
16.1272,20,STA,WIFI_DROP,
16.1296,3,STA,WIFI_DROP,
16.1296,19,STA,WIFI_DROP,
16.1296,20,STA,WIFI_DROP,
16.132,3,STA,WIFI_DROP,
16.132,19,STA,WIFI_DROP,
16.132,20,STA,WIFI_DROP,
16.1344,3,STA,WIFI_DROP,
16.1344,19,STA,WIFI_DROP,
16.1344,20,STA,WIFI_DROP,
16.1368,3,STA,WIFI_DROP,
16.1368,19,STA,WIFI_DROP,
16.1368,20,STA,WIFI_DROP,
16.1392,3,STA,WIFI_DROP,
16.1392,19,STA,WIFI_DROP,
16.1392,20,STA,WIFI_DROP,
16.1416,3,STA,WIFI_DROP,
16.1416,19,STA,WIFI_DROP,
16.1416,20,STA,WIFI_DROP,
16.144,3,STA,WIFI_DROP,
16.144,19,STA,WIFI_DROP,
16.144,20,STA,WIFI_DROP,
16.1464,3,STA,WIFI_DROP,
16.1464,19,STA,WIFI_DROP,
16.1464,20,STA,WIFI_DROP,
16.1488,3,STA,WIFI_DROP,
16.1488,19,STA,WIFI_DROP,
16.1488,20,STA,WIFI_DROP,
16.1512,3,STA,WIFI_DROP,
16.1512,19,STA,WIFI_DROP,
16.1512,20,STA,WIFI_DROP,
16.1536,3,STA,WIFI_DROP,
16.1536,19,STA,WIFI_DROP,
16.1536,20,STA,WIFI_DROP,
16.156,3,STA,WIFI_DROP,
16.156,19,STA,WIFI_DROP,
16.156,20,STA,WIFI_DROP,
16.1584,3,STA,WIFI_DROP,
16.1584,19,STA,WIFI_DROP,
16.1584,20,STA,WIFI_DROP,
16.1608,3,STA,WIFI_DROP,
16.1608,6,STA,WIFI_DROP,
16.1608,7,STA,WIFI_DROP,
16.1608,19,STA,WIFI_DROP,
16.1608,20,STA,WIFI_DROP,
16.1632,3,STA,WIFI_DROP,
16.1632,6,STA,WIFI_DROP,
16.1632,7,STA,WIFI_DROP,
16.1632,19,STA,WIFI_DROP,
16.1632,20,STA,WIFI_DROP,
16.1656,3,STA,WIFI_DROP,
16.1656,6,STA,WIFI_DROP,
16.1656,7,STA,WIFI_DROP,
16.1656,19,STA,WIFI_DROP,
16.1656,20,STA,WIFI_DROP,
16.168,3,STA,WIFI_DROP,
16.168,6,STA,WIFI_DROP,
16.168,7,STA,WIFI_DROP,
16.168,19,STA,WIFI_DROP,
16.168,20,STA,WIFI_DROP,
16.1704,3,STA,WIFI_DROP,
16.1704,6,STA,WIFI_DROP,
16.1704,7,STA,WIFI_DROP,
16.1704,19,STA,WIFI_DROP,
16.1704,20,STA,WIFI_DROP,
16.1728,3,STA,WIFI_DROP,
16.1728,6,STA,WIFI_DROP,
16.1728,7,STA,WIFI_DROP,
16.1728,19,STA,WIFI_DROP,
16.1728,20,STA,WIFI_DROP,
16.1752,3,STA,WIFI_DROP,
16.1752,6,STA,WIFI_DROP,
16.1752,7,STA,WIFI_DROP,
16.1752,19,STA,WIFI_DROP,
16.1752,20,STA,WIFI_DROP,
16.1776,3,STA,WIFI_DROP,
16.1776,6,STA,WIFI_DROP,
16.1776,7,STA,WIFI_DROP,
16.1776,19,STA,WIFI_DROP,
16.1776,20,STA,WIFI_DROP,
16.18,3,STA,WIFI_DROP,
16.18,6,STA,WIFI_DROP,
16.18,7,STA,WIFI_DROP,
16.18,19,STA,WIFI_DROP,
16.18,20,STA,WIFI_DROP,
16.1824,3,STA,WIFI_DROP,
16.1824,6,STA,WIFI_DROP,
16.1824,7,STA,WIFI_DROP,
16.1824,19,STA,WIFI_DROP,
16.1824,20,STA,WIFI_DROP,
16.1848,3,STA,WIFI_DROP,
16.1848,6,STA,WIFI_DROP,
16.1848,7,STA,WIFI_DROP,
16.1848,19,STA,WIFI_DROP,
16.1848,20,STA,WIFI_DROP,
16.1872,3,STA,WIFI_DROP,
16.1872,6,STA,WIFI_DROP,
16.1872,7,STA,WIFI_DROP,
16.1872,19,STA,WIFI_DROP,
16.1872,20,STA,WIFI_DROP,
16.1896,3,STA,WIFI_DROP,
16.1896,6,STA,WIFI_DROP,
16.1896,7,STA,WIFI_DROP,
16.1896,19,STA,WIFI_DROP,
16.1896,20,STA,WIFI_DROP,
16.192,3,STA,WIFI_DROP,
16.192,6,STA,WIFI_DROP,
16.192,7,STA,WIFI_DROP,
16.192,19,STA,WIFI_DROP,
16.192,20,STA,WIFI_DROP,
16.1944,3,STA,WIFI_DROP,
16.1944,6,STA,WIFI_DROP,
16.1944,7,STA,WIFI_DROP,
16.1944,19,STA,WIFI_DROP,
16.1944,20,STA,WIFI_DROP,
16.1968,3,STA,WIFI_DROP,
16.1968,6,STA,WIFI_DROP,
16.1968,7,STA,WIFI_DROP,
16.1968,19,STA,WIFI_DROP,
16.1968,20,STA,WIFI_DROP,
16.1992,3,STA,WIFI_DROP,
16.1992,6,STA,WIFI_DROP,
16.1992,7,STA,WIFI_DROP,
16.1992,19,STA,WIFI_DROP,
16.1992,20,STA,WIFI_DROP,
16.2016,3,STA,WIFI_DROP,
16.2016,6,STA,WIFI_DROP,
16.2016,7,STA,WIFI_DROP,
16.2016,19,STA,WIFI_DROP,
16.204,3,STA,WIFI_DROP,
16.204,6,STA,WIFI_DROP,
16.204,7,STA,WIFI_DROP,
16.204,19,STA,WIFI_DROP,
16.2064,3,STA,WIFI_DROP,
16.2064,6,STA,WIFI_DROP,
16.2064,7,STA,WIFI_DROP,
16.2064,19,STA,WIFI_DROP,
16.2088,3,STA,WIFI_DROP,
16.2088,6,STA,WIFI_DROP,
16.2088,7,STA,WIFI_DROP,
16.2088,19,STA,WIFI_DROP,
16.2112,3,STA,WIFI_DROP,
16.2112,6,STA,WIFI_DROP,
16.2112,7,STA,WIFI_DROP,
16.2112,19,STA,WIFI_DROP,
16.2136,3,STA,WIFI_DROP,
16.2136,6,STA,WIFI_DROP,
16.2136,7,STA,WIFI_DROP,
16.2136,19,STA,WIFI_DROP,
16.216,3,STA,WIFI_DROP,
16.216,6,STA,WIFI_DROP,
16.216,7,STA,WIFI_DROP,
16.216,19,STA,WIFI_DROP,
16.2184,3,STA,WIFI_DROP,
16.2184,6,STA,WIFI_DROP,
16.2184,7,STA,WIFI_DROP,
16.2184,19,STA,WIFI_DROP,
16.2208,3,STA,WIFI_DROP,
16.2208,6,STA,WIFI_DROP,
16.2208,7,STA,WIFI_DROP,
16.2208,19,STA,WIFI_DROP,
16.2232,3,STA,WIFI_DROP,
16.2232,6,STA,WIFI_DROP,
16.2232,7,STA,WIFI_DROP,
16.2232,19,STA,WIFI_DROP,
16.2256,3,STA,WIFI_DROP,
16.2256,6,STA,WIFI_DROP,
16.2256,7,STA,WIFI_DROP,
16.2256,19,STA,WIFI_DROP,
16.228,3,STA,WIFI_DROP,
16.228,6,STA,WIFI_DROP,
16.228,7,STA,WIFI_DROP,
16.228,19,STA,WIFI_DROP,
16.2304,3,STA,WIFI_DROP,
16.2304,6,STA,WIFI_DROP,
16.2304,7,STA,WIFI_DROP,
16.2304,19,STA,WIFI_DROP,
16.2328,3,STA,WIFI_DROP,
16.2328,6,STA,WIFI_DROP,
16.2328,7,STA,WIFI_DROP,
16.2328,19,STA,WIFI_DROP,
16.2352,3,STA,WIFI_DROP,
16.2352,6,STA,WIFI_DROP,
16.2352,7,STA,WIFI_DROP,
16.2352,19,STA,WIFI_DROP,
16.2376,3,STA,WIFI_DROP,
16.2376,6,STA,WIFI_DROP,
16.2376,7,STA,WIFI_DROP,
16.2376,19,STA,WIFI_DROP,
16.24,3,STA,WIFI_DROP,
16.24,6,STA,WIFI_DROP,
16.24,7,STA,WIFI_DROP,
16.24,19,STA,WIFI_DROP,
16.2424,3,STA,WIFI_DROP,
16.2424,6,STA,WIFI_DROP,
16.2424,7,STA,WIFI_DROP,
16.2424,19,STA,WIFI_DROP,
16.2448,3,STA,WIFI_DROP,
16.2448,6,STA,WIFI_DROP,
16.2448,7,STA,WIFI_DROP,
16.2448,19,STA,WIFI_DROP,
16.2472,3,STA,WIFI_DROP,
16.2472,6,STA,WIFI_DROP,
16.2472,7,STA,WIFI_DROP,
16.2472,19,STA,WIFI_DROP,
16.2496,3,STA,WIFI_DROP,
16.2496,6,STA,WIFI_DROP,
16.2496,7,STA,WIFI_DROP,
16.2496,19,STA,WIFI_DROP,
16.252,3,STA,WIFI_DROP,
16.252,6,STA,WIFI_DROP,
16.252,7,STA,WIFI_DROP,
16.252,19,STA,WIFI_DROP,
16.2544,3,STA,WIFI_DROP,
16.2544,6,STA,WIFI_DROP,
16.2544,7,STA,WIFI_DROP,
16.2544,19,STA,WIFI_DROP,
16.2568,3,STA,WIFI_DROP,
16.2568,6,STA,WIFI_DROP,
16.2568,7,STA,WIFI_DROP,
16.2568,19,STA,WIFI_DROP,
16.2592,3,STA,WIFI_DROP,
16.2592,6,STA,WIFI_DROP,
16.2592,7,STA,WIFI_DROP,
16.2592,19,STA,WIFI_DROP,
16.2616,3,STA,WIFI_DROP,
16.2616,6,STA,WIFI_DROP,
16.2616,7,STA,WIFI_DROP,
16.2616,9,STA,WIFI_DROP,
16.2616,19,STA,WIFI_DROP,
16.264,3,STA,WIFI_DROP,
16.264,6,STA,WIFI_DROP,
16.264,7,STA,WIFI_DROP,
16.264,9,STA,WIFI_DROP,
16.264,19,STA,WIFI_DROP,
16.2664,3,STA,WIFI_DROP,
16.2664,6,STA,WIFI_DROP,
16.2664,7,STA,WIFI_DROP,
16.2664,9,STA,WIFI_DROP,
16.2664,19,STA,WIFI_DROP,
16.2688,3,STA,WIFI_DROP,
16.2688,6,STA,WIFI_DROP,
16.2688,7,STA,WIFI_DROP,
16.2688,9,STA,WIFI_DROP,
16.2688,19,STA,WIFI_DROP,
16.2712,3,STA,WIFI_DROP,
16.2712,6,STA,WIFI_DROP,
16.2712,7,STA,WIFI_DROP,
16.2712,9,STA,WIFI_DROP,
16.2712,19,STA,WIFI_DROP,
16.2736,3,STA,WIFI_DROP,
16.2736,6,STA,WIFI_DROP,
16.2736,7,STA,WIFI_DROP,
16.2736,9,STA,WIFI_DROP,
16.2736,19,STA,WIFI_DROP,
16.276,3,STA,WIFI_DROP,
16.276,6,STA,WIFI_DROP,
16.276,7,STA,WIFI_DROP,
16.276,9,STA,WIFI_DROP,
16.276,19,STA,WIFI_DROP,
16.2784,3,STA,WIFI_DROP,
16.2784,6,STA,WIFI_DROP,
16.2784,7,STA,WIFI_DROP,
16.2784,9,STA,WIFI_DROP,
16.2784,19,STA,WIFI_DROP,
16.2808,3,STA,WIFI_DROP,
16.2808,6,STA,WIFI_DROP,
16.2808,7,STA,WIFI_DROP,
16.2808,9,STA,WIFI_DROP,
16.2808,19,STA,WIFI_DROP,
16.2832,3,STA,WIFI_DROP,
16.2832,6,STA,WIFI_DROP,
16.2832,7,STA,WIFI_DROP,
16.2832,9,STA,WIFI_DROP,
16.2832,19,STA,WIFI_DROP,
16.2856,3,STA,WIFI_DROP,
16.2856,6,STA,WIFI_DROP,
16.2856,7,STA,WIFI_DROP,
16.2856,9,STA,WIFI_DROP,
16.2856,19,STA,WIFI_DROP,
16.288,3,STA,WIFI_DROP,
16.288,6,STA,WIFI_DROP,
16.288,7,STA,WIFI_DROP,
16.288,9,STA,WIFI_DROP,
16.288,19,STA,WIFI_DROP,
16.2904,3,STA,WIFI_DROP,
16.2904,6,STA,WIFI_DROP,
16.2904,7,STA,WIFI_DROP,
16.2904,9,STA,WIFI_DROP,
16.2904,19,STA,WIFI_DROP,
16.2928,3,STA,WIFI_DROP,
16.2928,6,STA,WIFI_DROP,
16.2928,7,STA,WIFI_DROP,
16.2928,9,STA,WIFI_DROP,
16.2928,19,STA,WIFI_DROP,
16.2952,3,STA,WIFI_DROP,
16.2952,6,STA,WIFI_DROP,
16.2952,7,STA,WIFI_DROP,
16.2952,9,STA,WIFI_DROP,
16.2952,19,STA,WIFI_DROP,
16.2976,3,STA,WIFI_DROP,
16.2976,6,STA,WIFI_DROP,
16.2976,7,STA,WIFI_DROP,
16.2976,9,STA,WIFI_DROP,
16.2976,19,STA,WIFI_DROP,
16.3,3,STA,WIFI_DROP,
16.3,6,STA,WIFI_DROP,
16.3,7,STA,WIFI_DROP,
16.3,9,STA,WIFI_DROP,
16.3,19,STA,WIFI_DROP,
16.3024,3,STA,WIFI_DROP,
16.3024,6,STA,WIFI_DROP,
16.3024,7,STA,WIFI_DROP,
16.3024,9,STA,WIFI_DROP,
16.3024,19,STA,WIFI_DROP,
16.3048,3,STA,WIFI_DROP,
16.3048,6,STA,WIFI_DROP,
16.3048,7,STA,WIFI_DROP,
16.3048,9,STA,WIFI_DROP,
16.3048,19,STA,WIFI_DROP,
16.3072,3,STA,WIFI_DROP,
16.3072,6,STA,WIFI_DROP,
16.3072,7,STA,WIFI_DROP,
16.3072,9,STA,WIFI_DROP,
16.3072,19,STA,WIFI_DROP,
16.3096,3,STA,WIFI_DROP,
16.3096,6,STA,WIFI_DROP,
16.3096,7,STA,WIFI_DROP,
16.3096,9,STA,WIFI_DROP,
16.3096,19,STA,WIFI_DROP,
16.312,3,STA,WIFI_DROP,
16.312,6,STA,WIFI_DROP,
16.312,7,STA,WIFI_DROP,
16.312,9,STA,WIFI_DROP,
16.312,19,STA,WIFI_DROP,
16.3144,3,STA,WIFI_DROP,
16.3144,6,STA,WIFI_DROP,
16.3144,7,STA,WIFI_DROP,
16.3144,9,STA,WIFI_DROP,
16.3144,19,STA,WIFI_DROP,
16.3168,3,STA,WIFI_DROP,
16.3168,6,STA,WIFI_DROP,
16.3168,7,STA,WIFI_DROP,
16.3168,9,STA,WIFI_DROP,
16.3168,19,STA,WIFI_DROP,
16.3192,3,STA,WIFI_DROP,
16.3192,6,STA,WIFI_DROP,
16.3192,7,STA,WIFI_DROP,
16.3192,9,STA,WIFI_DROP,
16.3192,19,STA,WIFI_DROP,
16.3216,3,STA,WIFI_DROP,
16.3216,6,STA,WIFI_DROP,
16.3216,7,STA,WIFI_DROP,
16.3216,9,STA,WIFI_DROP,
16.3216,19,STA,WIFI_DROP,
16.324,3,STA,WIFI_DROP,
16.324,6,STA,WIFI_DROP,
16.324,7,STA,WIFI_DROP,
16.324,9,STA,WIFI_DROP,
16.324,19,STA,WIFI_DROP,
16.3264,3,STA,WIFI_DROP,
16.3264,6,STA,WIFI_DROP,
16.3264,7,STA,WIFI_DROP,
16.3264,9,STA,WIFI_DROP,
16.3264,19,STA,WIFI_DROP,
16.3288,3,STA,WIFI_DROP,
16.3288,6,STA,WIFI_DROP,
16.3288,7,STA,WIFI_DROP,
16.3288,9,STA,WIFI_DROP,
16.3288,19,STA,WIFI_DROP,
16.3312,3,STA,WIFI_DROP,
16.3312,6,STA,WIFI_DROP,
16.3312,7,STA,WIFI_DROP,
16.3312,9,STA,WIFI_DROP,
16.3312,19,STA,WIFI_DROP,
16.3336,3,STA,WIFI_DROP,
16.3336,6,STA,WIFI_DROP,
16.3336,7,STA,WIFI_DROP,
16.3336,9,STA,WIFI_DROP,
16.3336,19,STA,WIFI_DROP,
16.336,3,STA,WIFI_DROP,
16.336,6,STA,WIFI_DROP,
16.336,7,STA,WIFI_DROP,
16.336,9,STA,WIFI_DROP,
16.336,19,STA,WIFI_DROP,
16.3384,3,STA,WIFI_DROP,
16.3384,6,STA,WIFI_DROP,
16.3384,7,STA,WIFI_DROP,
16.3384,9,STA,WIFI_DROP,
16.3384,19,STA,WIFI_DROP,
16.3408,3,STA,WIFI_DROP,
16.3408,6,STA,WIFI_DROP,
16.3408,7,STA,WIFI_DROP,
16.3408,9,STA,WIFI_DROP,
16.3408,19,STA,WIFI_DROP,
16.3432,3,STA,WIFI_DROP,
16.3432,6,STA,WIFI_DROP,
16.3432,7,STA,WIFI_DROP,
16.3432,9,STA,WIFI_DROP,
16.3432,19,STA,WIFI_DROP,
16.3456,3,STA,WIFI_DROP,
16.3456,6,STA,WIFI_DROP,
16.3456,7,STA,WIFI_DROP,
16.3456,9,STA,WIFI_DROP,
16.3456,19,STA,WIFI_DROP,
16.348,3,STA,WIFI_DROP,
16.348,6,STA,WIFI_DROP,
16.348,7,STA,WIFI_DROP,
16.348,9,STA,WIFI_DROP,
16.348,19,STA,WIFI_DROP,
16.3504,3,STA,WIFI_DROP,
16.3504,6,STA,WIFI_DROP,
16.3504,7,STA,WIFI_DROP,
16.3504,9,STA,WIFI_DROP,
16.3504,19,STA,WIFI_DROP,
16.3528,3,STA,WIFI_DROP,
16.3528,6,STA,WIFI_DROP,
16.3528,7,STA,WIFI_DROP,
16.3528,9,STA,WIFI_DROP,
16.3528,19,STA,WIFI_DROP,
16.3552,3,STA,WIFI_DROP,
16.3552,6,STA,WIFI_DROP,
16.3552,7,STA,WIFI_DROP,
16.3552,9,STA,WIFI_DROP,
16.3552,19,STA,WIFI_DROP,
16.3576,3,STA,WIFI_DROP,
16.3576,6,STA,WIFI_DROP,
16.3576,7,STA,WIFI_DROP,
16.3576,9,STA,WIFI_DROP,
16.3576,19,STA,WIFI_DROP,
16.36,3,STA,WIFI_DROP,
16.36,6,STA,WIFI_DROP,
16.36,7,STA,WIFI_DROP,
16.36,9,STA,WIFI_DROP,
16.36,19,STA,WIFI_DROP,
16.3624,3,STA,WIFI_DROP,
16.3624,6,STA,WIFI_DROP,
16.3624,7,STA,WIFI_DROP,
16.3624,9,STA,WIFI_DROP,
16.3624,19,STA,WIFI_DROP,
16.3648,3,STA,WIFI_DROP,
16.3648,6,STA,WIFI_DROP,
16.3648,7,STA,WIFI_DROP,
16.3648,9,STA,WIFI_DROP,
16.3648,19,STA,WIFI_DROP,
16.3672,3,STA,WIFI_DROP,
16.3672,6,STA,WIFI_DROP,
16.3672,7,STA,WIFI_DROP,
16.3672,9,STA,WIFI_DROP,
16.3672,19,STA,WIFI_DROP,
16.3696,3,STA,WIFI_DROP,
16.3696,6,STA,WIFI_DROP,
16.3696,7,STA,WIFI_DROP,
16.3696,9,STA,WIFI_DROP,
16.3696,19,STA,WIFI_DROP,
16.372,3,STA,WIFI_DROP,
16.372,6,STA,WIFI_DROP,
16.372,7,STA,WIFI_DROP,
16.372,9,STA,WIFI_DROP,
16.372,19,STA,WIFI_DROP,
16.3744,3,STA,WIFI_DROP,
16.3744,6,STA,WIFI_DROP,
16.3744,7,STA,WIFI_DROP,
16.3744,9,STA,WIFI_DROP,
16.3744,19,STA,WIFI_DROP,
16.3768,3,STA,WIFI_DROP,
16.3768,6,STA,WIFI_DROP,
16.3768,7,STA,WIFI_DROP,
16.3768,9,STA,WIFI_DROP,
16.3768,19,STA,WIFI_DROP,
16.3792,3,STA,WIFI_DROP,
16.3792,6,STA,WIFI_DROP,
16.3792,7,STA,WIFI_DROP,
16.3792,9,STA,WIFI_DROP,
16.3792,19,STA,WIFI_DROP,
16.3816,3,STA,WIFI_DROP,
16.3816,6,STA,WIFI_DROP,
16.3816,7,STA,WIFI_DROP,
16.3816,9,STA,WIFI_DROP,
16.3816,19,STA,WIFI_DROP,
16.384,3,STA,WIFI_DROP,
16.384,6,STA,WIFI_DROP,
16.384,7,STA,WIFI_DROP,
16.384,9,STA,WIFI_DROP,
16.384,19,STA,WIFI_DROP,
16.3864,3,STA,WIFI_DROP,
16.3864,6,STA,WIFI_DROP,
16.3864,7,STA,WIFI_DROP,
16.3864,9,STA,WIFI_DROP,
16.3864,19,STA,WIFI_DROP,
16.3888,3,STA,WIFI_DROP,
16.3888,6,STA,WIFI_DROP,
16.3888,7,STA,WIFI_DROP,
16.3888,9,STA,WIFI_DROP,
16.3888,19,STA,WIFI_DROP,
16.3912,3,STA,WIFI_DROP,
16.3912,6,STA,WIFI_DROP,
16.3912,7,STA,WIFI_DROP,
16.3912,9,STA,WIFI_DROP,
16.3912,19,STA,WIFI_DROP,
16.3936,3,STA,WIFI_DROP,
16.3936,6,STA,WIFI_DROP,
16.3936,7,STA,WIFI_DROP,
16.3936,9,STA,WIFI_DROP,
16.3936,19,STA,WIFI_DROP,
16.396,3,STA,WIFI_DROP,
16.396,6,STA,WIFI_DROP,
16.396,7,STA,WIFI_DROP,
16.396,9,STA,WIFI_DROP,
16.396,19,STA,WIFI_DROP,
16.3984,3,STA,WIFI_DROP,
16.3984,6,STA,WIFI_DROP,
16.3984,7,STA,WIFI_DROP,
16.3984,9,STA,WIFI_DROP,
16.3984,19,STA,WIFI_DROP,
16.4008,3,STA,WIFI_DROP,
16.4008,6,STA,WIFI_DROP,
16.4008,7,STA,WIFI_DROP,
16.4008,9,STA,WIFI_DROP,
16.4008,19,STA,WIFI_DROP,
16.4032,3,STA,WIFI_DROP,
16.4032,6,STA,WIFI_DROP,
16.4032,7,STA,WIFI_DROP,
16.4032,9,STA,WIFI_DROP,
16.4032,19,STA,WIFI_DROP,
16.4056,3,STA,WIFI_DROP,
16.4056,6,STA,WIFI_DROP,
16.4056,7,STA,WIFI_DROP,
16.4056,9,STA,WIFI_DROP,
16.4056,19,STA,WIFI_DROP,
16.408,3,STA,WIFI_DROP,
16.408,6,STA,WIFI_DROP,
16.408,7,STA,WIFI_DROP,
16.408,9,STA,WIFI_DROP,
16.408,19,STA,WIFI_DROP,
16.4104,3,STA,WIFI_DROP,
16.4104,6,STA,WIFI_DROP,
16.4104,7,STA,WIFI_DROP,
16.4104,9,STA,WIFI_DROP,
16.4104,19,STA,WIFI_DROP,
16.4128,3,STA,WIFI_DROP,
16.4128,6,STA,WIFI_DROP,
16.4128,7,STA,WIFI_DROP,
16.4128,9,STA,WIFI_DROP,
16.4128,19,STA,WIFI_DROP,
16.4152,3,STA,WIFI_DROP,
16.4152,6,STA,WIFI_DROP,
16.4152,7,STA,WIFI_DROP,
16.4152,9,STA,WIFI_DROP,
16.4152,19,STA,WIFI_DROP,
16.4176,3,STA,WIFI_DROP,
16.4176,6,STA,WIFI_DROP,
16.4176,7,STA,WIFI_DROP,
16.4176,9,STA,WIFI_DROP,
16.4176,19,STA,WIFI_DROP,
16.42,3,STA,WIFI_DROP,
16.42,6,STA,WIFI_DROP,
16.42,7,STA,WIFI_DROP,
16.42,9,STA,WIFI_DROP,
16.42,19,STA,WIFI_DROP,
16.4224,3,STA,WIFI_DROP,
16.4224,6,STA,WIFI_DROP,
16.4224,7,STA,WIFI_DROP,
16.4224,9,STA,WIFI_DROP,
16.4224,19,STA,WIFI_DROP,
16.4248,3,STA,WIFI_DROP,
16.4248,6,STA,WIFI_DROP,
16.4248,7,STA,WIFI_DROP,
16.4248,9,STA,WIFI_DROP,
16.4248,19,STA,WIFI_DROP,
16.4272,3,STA,WIFI_DROP,
16.4272,6,STA,WIFI_DROP,
16.4272,7,STA,WIFI_DROP,
16.4272,9,STA,WIFI_DROP,
16.4272,19,STA,WIFI_DROP,
16.4296,3,STA,WIFI_DROP,
16.4296,6,STA,WIFI_DROP,
16.4296,7,STA,WIFI_DROP,
16.4296,9,STA,WIFI_DROP,
16.4296,19,STA,WIFI_DROP,
16.432,3,STA,WIFI_DROP,
16.432,6,STA,WIFI_DROP,
16.432,7,STA,WIFI_DROP,
16.432,9,STA,WIFI_DROP,
16.432,19,STA,WIFI_DROP,
16.4344,3,STA,WIFI_DROP,
16.4344,6,STA,WIFI_DROP,
16.4344,7,STA,WIFI_DROP,
16.4344,9,STA,WIFI_DROP,
16.4344,19,STA,WIFI_DROP,
16.4368,3,STA,WIFI_DROP,
16.4368,6,STA,WIFI_DROP,
16.4368,7,STA,WIFI_DROP,
16.4368,9,STA,WIFI_DROP,
16.4368,19,STA,WIFI_DROP,
16.4392,3,STA,WIFI_DROP,
16.4392,6,STA,WIFI_DROP,
16.4392,7,STA,WIFI_DROP,
16.4392,9,STA,WIFI_DROP,
16.4392,19,STA,WIFI_DROP,
16.4416,3,STA,WIFI_DROP,
16.4416,6,STA,WIFI_DROP,
16.4416,7,STA,WIFI_DROP,
16.4416,9,STA,WIFI_DROP,
16.4416,19,STA,WIFI_DROP,
16.444,3,STA,WIFI_DROP,
16.444,6,STA,WIFI_DROP,
16.444,7,STA,WIFI_DROP,
16.444,9,STA,WIFI_DROP,
16.444,19,STA,WIFI_DROP,
16.4464,3,STA,WIFI_DROP,
16.4464,6,STA,WIFI_DROP,
16.4464,7,STA,WIFI_DROP,
16.4464,9,STA,WIFI_DROP,
16.4464,19,STA,WIFI_DROP,
16.4488,3,STA,WIFI_DROP,
16.4488,6,STA,WIFI_DROP,
16.4488,7,STA,WIFI_DROP,
16.4488,9,STA,WIFI_DROP,
16.4488,19,STA,WIFI_DROP,
16.4512,3,STA,WIFI_DROP,
16.4512,6,STA,WIFI_DROP,
16.4512,7,STA,WIFI_DROP,
16.4512,9,STA,WIFI_DROP,
16.4512,19,STA,WIFI_DROP,
16.4536,3,STA,WIFI_DROP,
16.4536,6,STA,WIFI_DROP,
16.4536,7,STA,WIFI_DROP,
16.4536,9,STA,WIFI_DROP,
16.4536,19,STA,WIFI_DROP,
16.456,3,STA,WIFI_DROP,
16.456,6,STA,WIFI_DROP,
16.456,7,STA,WIFI_DROP,
16.456,9,STA,WIFI_DROP,
16.456,19,STA,WIFI_DROP,
16.4584,3,STA,WIFI_DROP,
16.4584,6,STA,WIFI_DROP,
16.4584,7,STA,WIFI_DROP,
16.4584,9,STA,WIFI_DROP,
16.4584,19,STA,WIFI_DROP,
16.4608,3,STA,WIFI_DROP,
16.4608,6,STA,WIFI_DROP,
16.4608,7,STA,WIFI_DROP,
16.4608,9,STA,WIFI_DROP,
16.4608,19,STA,WIFI_DROP,
16.4632,3,STA,WIFI_DROP,
16.4632,6,STA,WIFI_DROP,
16.4632,7,STA,WIFI_DROP,
16.4632,9,STA,WIFI_DROP,
16.4632,19,STA,WIFI_DROP,
16.4656,3,STA,WIFI_DROP,
16.4656,6,STA,WIFI_DROP,
16.4656,7,STA,WIFI_DROP,
16.4656,9,STA,WIFI_DROP,
16.4656,19,STA,WIFI_DROP,
16.468,3,STA,WIFI_DROP,
16.468,6,STA,WIFI_DROP,
16.468,7,STA,WIFI_DROP,
16.468,9,STA,WIFI_DROP,
16.468,19,STA,WIFI_DROP,
16.4704,3,STA,WIFI_DROP,
16.4704,6,STA,WIFI_DROP,
16.4704,7,STA,WIFI_DROP,
16.4704,9,STA,WIFI_DROP,
16.4704,19,STA,WIFI_DROP,
16.4728,3,STA,WIFI_DROP,
16.4728,6,STA,WIFI_DROP,
16.4728,7,STA,WIFI_DROP,
16.4728,9,STA,WIFI_DROP,
16.4728,19,STA,WIFI_DROP,
16.4752,3,STA,WIFI_DROP,
16.4752,6,STA,WIFI_DROP,
16.4752,7,STA,WIFI_DROP,
16.4752,9,STA,WIFI_DROP,
16.4752,19,STA,WIFI_DROP,
16.4776,3,STA,WIFI_DROP,
16.4776,6,STA,WIFI_DROP,
16.4776,7,STA,WIFI_DROP,
16.4776,9,STA,WIFI_DROP,
16.4776,19,STA,WIFI_DROP,
16.48,3,STA,WIFI_DROP,
16.48,6,STA,WIFI_DROP,
16.48,7,STA,WIFI_DROP,
16.48,9,STA,WIFI_DROP,
16.48,19,STA,WIFI_DROP,
16.4824,3,STA,WIFI_DROP,
16.4824,6,STA,WIFI_DROP,
16.4824,7,STA,WIFI_DROP,
16.4824,9,STA,WIFI_DROP,
16.4824,19,STA,WIFI_DROP,
16.4848,3,STA,WIFI_DROP,
16.4848,6,STA,WIFI_DROP,
16.4848,7,STA,WIFI_DROP,
16.4848,9,STA,WIFI_DROP,
16.4848,19,STA,WIFI_DROP,
16.4872,3,STA,WIFI_DROP,
16.4872,6,STA,WIFI_DROP,
16.4872,7,STA,WIFI_DROP,
16.4872,9,STA,WIFI_DROP,
16.4872,19,STA,WIFI_DROP,
16.4896,3,STA,WIFI_DROP,
16.4896,6,STA,WIFI_DROP,
16.4896,7,STA,WIFI_DROP,
16.4896,9,STA,WIFI_DROP,
16.4896,19,STA,WIFI_DROP,
16.492,3,STA,WIFI_DROP,
16.492,6,STA,WIFI_DROP,
16.492,7,STA,WIFI_DROP,
16.492,9,STA,WIFI_DROP,
16.492,19,STA,WIFI_DROP,
16.4944,3,STA,WIFI_DROP,
16.4944,6,STA,WIFI_DROP,
16.4944,7,STA,WIFI_DROP,
16.4944,9,STA,WIFI_DROP,
16.4944,19,STA,WIFI_DROP,
16.4968,3,STA,WIFI_DROP,
16.4968,6,STA,WIFI_DROP,
16.4968,7,STA,WIFI_DROP,
16.4968,9,STA,WIFI_DROP,
16.4968,19,STA,WIFI_DROP,
16.4992,3,STA,WIFI_DROP,
16.4992,6,STA,WIFI_DROP,
16.4992,7,STA,WIFI_DROP,
16.4992,9,STA,WIFI_DROP,
16.4992,19,STA,WIFI_DROP,
16.5016,3,STA,WIFI_DROP,
16.5016,6,STA,WIFI_DROP,
16.5016,7,STA,WIFI_DROP,
16.5016,9,STA,WIFI_DROP,
16.5016,19,STA,WIFI_DROP,
16.504,3,STA,WIFI_DROP,
16.504,6,STA,WIFI_DROP,
16.504,7,STA,WIFI_DROP,
16.504,9,STA,WIFI_DROP,
16.504,19,STA,WIFI_DROP,
16.5064,3,STA,WIFI_DROP,
16.5064,6,STA,WIFI_DROP,
16.5064,7,STA,WIFI_DROP,
16.5064,9,STA,WIFI_DROP,
16.5064,19,STA,WIFI_DROP,
16.5088,3,STA,WIFI_DROP,
16.5088,6,STA,WIFI_DROP,
16.5088,7,STA,WIFI_DROP,
16.5088,9,STA,WIFI_DROP,
16.5088,19,STA,WIFI_DROP,
16.5112,3,STA,WIFI_DROP,
16.5112,6,STA,WIFI_DROP,
16.5112,7,STA,WIFI_DROP,
16.5112,9,STA,WIFI_DROP,
16.5112,19,STA,WIFI_DROP,
16.5136,3,STA,WIFI_DROP,
16.5136,6,STA,WIFI_DROP,
16.5136,7,STA,WIFI_DROP,
16.5136,9,STA,WIFI_DROP,
16.5136,19,STA,WIFI_DROP,
16.516,3,STA,WIFI_DROP,
16.516,6,STA,WIFI_DROP,
16.516,7,STA,WIFI_DROP,
16.516,9,STA,WIFI_DROP,
16.516,19,STA,WIFI_DROP,
16.5184,3,STA,WIFI_DROP,
16.5184,6,STA,WIFI_DROP,
16.5184,7,STA,WIFI_DROP,
16.5184,9,STA,WIFI_DROP,
16.5184,19,STA,WIFI_DROP,
16.5208,3,STA,WIFI_DROP,
16.5208,6,STA,WIFI_DROP,
16.5208,7,STA,WIFI_DROP,
16.5208,9,STA,WIFI_DROP,
16.5208,19,STA,WIFI_DROP,
16.5232,3,STA,WIFI_DROP,
16.5232,6,STA,WIFI_DROP,
16.5232,7,STA,WIFI_DROP,
16.5232,9,STA,WIFI_DROP,
16.5232,19,STA,WIFI_DROP,
16.5256,3,STA,WIFI_DROP,
16.5256,6,STA,WIFI_DROP,
16.5256,7,STA,WIFI_DROP,
16.5256,9,STA,WIFI_DROP,
16.5256,19,STA,WIFI_DROP,
16.528,3,STA,WIFI_DROP,
16.528,6,STA,WIFI_DROP,
16.528,7,STA,WIFI_DROP,
16.528,9,STA,WIFI_DROP,
16.528,19,STA,WIFI_DROP,
16.5304,3,STA,WIFI_DROP,
16.5304,6,STA,WIFI_DROP,
16.5304,7,STA,WIFI_DROP,
16.5304,9,STA,WIFI_DROP,
16.5304,19,STA,WIFI_DROP,
16.5328,3,STA,WIFI_DROP,
16.5328,6,STA,WIFI_DROP,
16.5328,7,STA,WIFI_DROP,
16.5328,9,STA,WIFI_DROP,
16.5328,19,STA,WIFI_DROP,
16.5352,3,STA,WIFI_DROP,
16.5352,6,STA,WIFI_DROP,
16.5352,7,STA,WIFI_DROP,
16.5352,9,STA,WIFI_DROP,
16.5352,19,STA,WIFI_DROP,
16.5376,3,STA,WIFI_DROP,
16.5376,6,STA,WIFI_DROP,
16.5376,7,STA,WIFI_DROP,
16.5376,9,STA,WIFI_DROP,
16.5376,19,STA,WIFI_DROP,
16.54,3,STA,WIFI_DROP,
16.54,6,STA,WIFI_DROP,
16.54,7,STA,WIFI_DROP,
16.54,9,STA,WIFI_DROP,
16.54,19,STA,WIFI_DROP,
16.5424,3,STA,WIFI_DROP,
16.5424,6,STA,WIFI_DROP,
16.5424,7,STA,WIFI_DROP,
16.5424,9,STA,WIFI_DROP,
16.5424,19,STA,WIFI_DROP,
16.5448,3,STA,WIFI_DROP,
16.5448,6,STA,WIFI_DROP,
16.5448,7,STA,WIFI_DROP,
16.5448,9,STA,WIFI_DROP,
16.5448,19,STA,WIFI_DROP,
16.5472,3,STA,WIFI_DROP,
16.5472,6,STA,WIFI_DROP,
16.5472,7,STA,WIFI_DROP,
16.5472,9,STA,WIFI_DROP,
16.5472,19,STA,WIFI_DROP,
16.5496,3,STA,WIFI_DROP,
16.5496,6,STA,WIFI_DROP,
16.5496,7,STA,WIFI_DROP,
16.5496,9,STA,WIFI_DROP,
16.5496,19,STA,WIFI_DROP,
16.552,3,STA,WIFI_DROP,
16.552,6,STA,WIFI_DROP,
16.552,7,STA,WIFI_DROP,
16.552,9,STA,WIFI_DROP,
16.552,19,STA,WIFI_DROP,
16.5544,3,STA,WIFI_DROP,
16.5544,6,STA,WIFI_DROP,
16.5544,7,STA,WIFI_DROP,
16.5544,9,STA,WIFI_DROP,
16.5544,19,STA,WIFI_DROP,
16.5568,3,STA,WIFI_DROP,
16.5568,6,STA,WIFI_DROP,
16.5568,7,STA,WIFI_DROP,
16.5568,9,STA,WIFI_DROP,
16.5568,19,STA,WIFI_DROP,
16.5592,3,STA,WIFI_DROP,
16.5592,6,STA,WIFI_DROP,
16.5592,7,STA,WIFI_DROP,
16.5592,9,STA,WIFI_DROP,
16.5592,19,STA,WIFI_DROP,
16.5616,3,STA,WIFI_DROP,
16.5616,6,STA,WIFI_DROP,
16.5616,7,STA,WIFI_DROP,
16.5616,9,STA,WIFI_DROP,
16.5616,19,STA,WIFI_DROP,
16.564,3,STA,WIFI_DROP,
16.564,6,STA,WIFI_DROP,
16.564,7,STA,WIFI_DROP,
16.564,9,STA,WIFI_DROP,
16.564,19,STA,WIFI_DROP,
16.5664,3,STA,WIFI_DROP,
16.5664,6,STA,WIFI_DROP,
16.5664,7,STA,WIFI_DROP,
16.5664,9,STA,WIFI_DROP,
16.5664,19,STA,WIFI_DROP,
16.5688,3,STA,WIFI_DROP,
16.5688,6,STA,WIFI_DROP,
16.5688,7,STA,WIFI_DROP,
16.5688,9,STA,WIFI_DROP,
16.5688,10,STA,WIFI_DROP,
16.5688,15,STA,WIFI_DROP,
16.5688,19,STA,WIFI_DROP,
16.5712,3,STA,WIFI_DROP,
16.5712,6,STA,WIFI_DROP,
16.5712,7,STA,WIFI_DROP,
16.5712,9,STA,WIFI_DROP,
16.5712,10,STA,WIFI_DROP,
16.5712,15,STA,WIFI_DROP,
16.5712,19,STA,WIFI_DROP,
16.5736,3,STA,WIFI_DROP,
16.5736,6,STA,WIFI_DROP,
16.5736,7,STA,WIFI_DROP,
16.5736,9,STA,WIFI_DROP,
16.5736,10,STA,WIFI_DROP,
16.5736,15,STA,WIFI_DROP,
16.5736,19,STA,WIFI_DROP,
16.576,3,STA,WIFI_DROP,
16.576,6,STA,WIFI_DROP,
16.576,7,STA,WIFI_DROP,
16.576,9,STA,WIFI_DROP,
16.576,10,STA,WIFI_DROP,
16.576,15,STA,WIFI_DROP,
16.576,19,STA,WIFI_DROP,
16.5784,3,STA,WIFI_DROP,
16.5784,6,STA,WIFI_DROP,
16.5784,7,STA,WIFI_DROP,
16.5784,9,STA,WIFI_DROP,
16.5784,10,STA,WIFI_DROP,
16.5784,15,STA,WIFI_DROP,
16.5784,19,STA,WIFI_DROP,
16.5808,3,STA,WIFI_DROP,
16.5808,6,STA,WIFI_DROP,
16.5808,7,STA,WIFI_DROP,
16.5808,9,STA,WIFI_DROP,
16.5808,10,STA,WIFI_DROP,
16.5808,15,STA,WIFI_DROP,
16.5808,19,STA,WIFI_DROP,
16.5832,3,STA,WIFI_DROP,
16.5832,6,STA,WIFI_DROP,
16.5832,7,STA,WIFI_DROP,
16.5832,9,STA,WIFI_DROP,
16.5832,10,STA,WIFI_DROP,
16.5832,15,STA,WIFI_DROP,
16.5832,19,STA,WIFI_DROP,
16.5856,3,STA,WIFI_DROP,
16.5856,6,STA,WIFI_DROP,
16.5856,7,STA,WIFI_DROP,
16.5856,9,STA,WIFI_DROP,
16.5856,10,STA,WIFI_DROP,
16.5856,15,STA,WIFI_DROP,
16.5856,19,STA,WIFI_DROP,
16.588,3,STA,WIFI_DROP,
16.588,6,STA,WIFI_DROP,
16.588,7,STA,WIFI_DROP,
16.588,9,STA,WIFI_DROP,
16.588,10,STA,WIFI_DROP,
16.588,15,STA,WIFI_DROP,
16.588,19,STA,WIFI_DROP,
16.5904,3,STA,WIFI_DROP,
16.5904,6,STA,WIFI_DROP,
16.5904,7,STA,WIFI_DROP,
16.5904,9,STA,WIFI_DROP,
16.5904,10,STA,WIFI_DROP,
16.5904,15,STA,WIFI_DROP,
16.5904,19,STA,WIFI_DROP,
16.5928,3,STA,WIFI_DROP,
16.5928,6,STA,WIFI_DROP,
16.5928,7,STA,WIFI_DROP,
16.5928,9,STA,WIFI_DROP,
16.5928,10,STA,WIFI_DROP,
16.5928,15,STA,WIFI_DROP,
16.5928,19,STA,WIFI_DROP,
16.5952,3,STA,WIFI_DROP,
16.5952,6,STA,WIFI_DROP,
16.5952,7,STA,WIFI_DROP,
16.5952,9,STA,WIFI_DROP,
16.5952,10,STA,WIFI_DROP,
16.5952,15,STA,WIFI_DROP,
16.5952,19,STA,WIFI_DROP,
16.5976,3,STA,WIFI_DROP,
16.5976,6,STA,WIFI_DROP,
16.5976,7,STA,WIFI_DROP,
16.5976,9,STA,WIFI_DROP,
16.5976,10,STA,WIFI_DROP,
16.5976,15,STA,WIFI_DROP,
16.5976,19,STA,WIFI_DROP,
16.6,3,STA,WIFI_DROP,
16.6,6,STA,WIFI_DROP,
16.6,7,STA,WIFI_DROP,
16.6,9,STA,WIFI_DROP,
16.6,10,STA,WIFI_DROP,
16.6,15,STA,WIFI_DROP,
16.6,19,STA,WIFI_DROP,
16.6024,3,STA,WIFI_DROP,
16.6024,6,STA,WIFI_DROP,
16.6024,7,STA,WIFI_DROP,
16.6024,9,STA,WIFI_DROP,
16.6024,10,STA,WIFI_DROP,
16.6024,15,STA,WIFI_DROP,
16.6024,19,STA,WIFI_DROP,
16.6048,3,STA,WIFI_DROP,
16.6048,6,STA,WIFI_DROP,
16.6048,7,STA,WIFI_DROP,
16.6048,9,STA,WIFI_DROP,
16.6048,10,STA,WIFI_DROP,
16.6048,15,STA,WIFI_DROP,
16.6072,3,STA,WIFI_DROP,
16.6072,6,STA,WIFI_DROP,
16.6072,7,STA,WIFI_DROP,
16.6072,9,STA,WIFI_DROP,
16.6072,10,STA,WIFI_DROP,
16.6072,15,STA,WIFI_DROP,
16.6096,3,STA,WIFI_DROP,
16.6096,6,STA,WIFI_DROP,
16.6096,7,STA,WIFI_DROP,
16.6096,9,STA,WIFI_DROP,
16.6096,10,STA,WIFI_DROP,
16.6096,15,STA,WIFI_DROP,
16.612,3,STA,WIFI_DROP,
16.612,6,STA,WIFI_DROP,
16.612,7,STA,WIFI_DROP,
16.612,9,STA,WIFI_DROP,
16.612,10,STA,WIFI_DROP,
16.612,15,STA,WIFI_DROP,
16.6144,3,STA,WIFI_DROP,
16.6144,6,STA,WIFI_DROP,
16.6144,7,STA,WIFI_DROP,
16.6144,9,STA,WIFI_DROP,
16.6144,10,STA,WIFI_DROP,
16.6144,15,STA,WIFI_DROP,
16.6168,3,STA,WIFI_DROP,
16.6168,6,STA,WIFI_DROP,
16.6168,7,STA,WIFI_DROP,
16.6168,9,STA,WIFI_DROP,
16.6168,10,STA,WIFI_DROP,
16.6168,15,STA,WIFI_DROP,
16.6192,3,STA,WIFI_DROP,
16.6192,6,STA,WIFI_DROP,
16.6192,7,STA,WIFI_DROP,
16.6192,9,STA,WIFI_DROP,
16.6192,10,STA,WIFI_DROP,
16.6192,15,STA,WIFI_DROP,
16.6216,3,STA,WIFI_DROP,
16.6216,6,STA,WIFI_DROP,
16.6216,7,STA,WIFI_DROP,
16.6216,9,STA,WIFI_DROP,
16.6216,10,STA,WIFI_DROP,
16.6216,15,STA,WIFI_DROP,
16.624,3,STA,WIFI_DROP,
16.624,6,STA,WIFI_DROP,
16.624,7,STA,WIFI_DROP,
16.624,9,STA,WIFI_DROP,
16.624,10,STA,WIFI_DROP,
16.624,15,STA,WIFI_DROP,
16.6264,3,STA,WIFI_DROP,
16.6264,6,STA,WIFI_DROP,
16.6264,7,STA,WIFI_DROP,
16.6264,9,STA,WIFI_DROP,
16.6264,10,STA,WIFI_DROP,
16.6264,15,STA,WIFI_DROP,
16.6288,3,STA,WIFI_DROP,
16.6288,6,STA,WIFI_DROP,
16.6288,7,STA,WIFI_DROP,
16.6288,9,STA,WIFI_DROP,
16.6288,10,STA,WIFI_DROP,
16.6288,15,STA,WIFI_DROP,
16.6312,3,STA,WIFI_DROP,
16.6312,6,STA,WIFI_DROP,
16.6312,7,STA,WIFI_DROP,
16.6312,9,STA,WIFI_DROP,
16.6312,10,STA,WIFI_DROP,
16.6312,15,STA,WIFI_DROP,
16.6336,3,STA,WIFI_DROP,
16.6336,6,STA,WIFI_DROP,
16.6336,7,STA,WIFI_DROP,
16.6336,9,STA,WIFI_DROP,
16.6336,10,STA,WIFI_DROP,
16.6336,15,STA,WIFI_DROP,
16.636,3,STA,WIFI_DROP,
16.636,6,STA,WIFI_DROP,
16.636,7,STA,WIFI_DROP,
16.636,9,STA,WIFI_DROP,
16.636,10,STA,WIFI_DROP,
16.636,15,STA,WIFI_DROP,
16.6384,3,STA,WIFI_DROP,
16.6384,6,STA,WIFI_DROP,
16.6384,7,STA,WIFI_DROP,
16.6384,9,STA,WIFI_DROP,
16.6384,10,STA,WIFI_DROP,
16.6384,15,STA,WIFI_DROP,
16.6408,3,STA,WIFI_DROP,
16.6408,6,STA,WIFI_DROP,
16.6408,7,STA,WIFI_DROP,
16.6408,9,STA,WIFI_DROP,
16.6408,10,STA,WIFI_DROP,
16.6408,15,STA,WIFI_DROP,
16.6432,3,STA,WIFI_DROP,
16.6432,6,STA,WIFI_DROP,
16.6432,7,STA,WIFI_DROP,
16.6432,9,STA,WIFI_DROP,
16.6432,10,STA,WIFI_DROP,
16.6432,15,STA,WIFI_DROP,
16.6456,3,STA,WIFI_DROP,
16.6456,6,STA,WIFI_DROP,
16.6456,7,STA,WIFI_DROP,
16.6456,9,STA,WIFI_DROP,
16.6456,10,STA,WIFI_DROP,
16.6456,15,STA,WIFI_DROP,
16.648,3,STA,WIFI_DROP,
16.648,6,STA,WIFI_DROP,
16.648,7,STA,WIFI_DROP,
16.648,9,STA,WIFI_DROP,
16.648,10,STA,WIFI_DROP,
16.648,15,STA,WIFI_DROP,
16.6504,3,STA,WIFI_DROP,
16.6504,6,STA,WIFI_DROP,
16.6504,7,STA,WIFI_DROP,
16.6504,9,STA,WIFI_DROP,
16.6504,10,STA,WIFI_DROP,
16.6504,15,STA,WIFI_DROP,
16.6528,3,STA,WIFI_DROP,
16.6528,6,STA,WIFI_DROP,
16.6528,7,STA,WIFI_DROP,
16.6528,9,STA,WIFI_DROP,
16.6528,10,STA,WIFI_DROP,
16.6528,15,STA,WIFI_DROP,
16.6552,3,STA,WIFI_DROP,
16.6552,6,STA,WIFI_DROP,
16.6552,7,STA,WIFI_DROP,
16.6552,9,STA,WIFI_DROP,
16.6552,10,STA,WIFI_DROP,
16.6552,15,STA,WIFI_DROP,
16.6576,3,STA,WIFI_DROP,
16.6576,6,STA,WIFI_DROP,
16.6576,7,STA,WIFI_DROP,
16.6576,9,STA,WIFI_DROP,
16.6576,10,STA,WIFI_DROP,
16.6576,15,STA,WIFI_DROP,
16.66,3,STA,WIFI_DROP,
16.66,6,STA,WIFI_DROP,
16.66,7,STA,WIFI_DROP,
16.66,9,STA,WIFI_DROP,
16.66,10,STA,WIFI_DROP,
16.66,15,STA,WIFI_DROP,
16.6624,3,STA,WIFI_DROP,
16.6624,6,STA,WIFI_DROP,
16.6624,7,STA,WIFI_DROP,
16.6624,9,STA,WIFI_DROP,
16.6624,10,STA,WIFI_DROP,
16.6624,15,STA,WIFI_DROP,
16.6648,3,STA,WIFI_DROP,
16.6648,6,STA,WIFI_DROP,
16.6648,7,STA,WIFI_DROP,
16.6648,9,STA,WIFI_DROP,
16.6648,10,STA,WIFI_DROP,
16.6648,15,STA,WIFI_DROP,
16.6672,3,STA,WIFI_DROP,
16.6672,6,STA,WIFI_DROP,
16.6672,7,STA,WIFI_DROP,
16.6672,9,STA,WIFI_DROP,
16.6672,10,STA,WIFI_DROP,
16.6672,15,STA,WIFI_DROP,
16.6696,3,STA,WIFI_DROP,
16.6696,6,STA,WIFI_DROP,
16.6696,7,STA,WIFI_DROP,
16.6696,9,STA,WIFI_DROP,
16.6696,10,STA,WIFI_DROP,
16.6696,15,STA,WIFI_DROP,
16.6696,21,STA,WIFI_DROP,
16.672,3,STA,WIFI_DROP,
16.672,6,STA,WIFI_DROP,
16.672,7,STA,WIFI_DROP,
16.672,9,STA,WIFI_DROP,
16.672,10,STA,WIFI_DROP,
16.672,15,STA,WIFI_DROP,
16.672,21,STA,WIFI_DROP,
16.6744,3,STA,WIFI_DROP,
16.6744,6,STA,WIFI_DROP,
16.6744,7,STA,WIFI_DROP,
16.6744,9,STA,WIFI_DROP,
16.6744,10,STA,WIFI_DROP,
16.6744,15,STA,WIFI_DROP,
16.6744,21,STA,WIFI_DROP,
16.6768,3,STA,WIFI_DROP,
16.6768,6,STA,WIFI_DROP,
16.6768,7,STA,WIFI_DROP,
16.6768,9,STA,WIFI_DROP,
16.6768,10,STA,WIFI_DROP,
16.6768,15,STA,WIFI_DROP,
16.6768,21,STA,WIFI_DROP,
16.6792,3,STA,WIFI_DROP,
16.6792,6,STA,WIFI_DROP,
16.6792,7,STA,WIFI_DROP,
16.6792,9,STA,WIFI_DROP,
16.6792,10,STA,WIFI_DROP,
16.6792,15,STA,WIFI_DROP,
16.6792,21,STA,WIFI_DROP,
16.6816,3,STA,WIFI_DROP,
16.6816,6,STA,WIFI_DROP,
16.6816,7,STA,WIFI_DROP,
16.6816,9,STA,WIFI_DROP,
16.6816,10,STA,WIFI_DROP,
16.6816,15,STA,WIFI_DROP,
16.6816,21,STA,WIFI_DROP,
16.684,3,STA,WIFI_DROP,
16.684,6,STA,WIFI_DROP,
16.684,7,STA,WIFI_DROP,
16.684,9,STA,WIFI_DROP,
16.684,10,STA,WIFI_DROP,
16.684,15,STA,WIFI_DROP,
16.684,21,STA,WIFI_DROP,
16.6864,3,STA,WIFI_DROP,
16.6864,6,STA,WIFI_DROP,
16.6864,7,STA,WIFI_DROP,
16.6864,9,STA,WIFI_DROP,
16.6864,10,STA,WIFI_DROP,
16.6864,15,STA,WIFI_DROP,
16.6864,21,STA,WIFI_DROP,
16.6888,3,STA,WIFI_DROP,
16.6888,6,STA,WIFI_DROP,
16.6888,7,STA,WIFI_DROP,
16.6888,9,STA,WIFI_DROP,
16.6888,10,STA,WIFI_DROP,
16.6888,15,STA,WIFI_DROP,
16.6888,21,STA,WIFI_DROP,
16.6912,3,STA,WIFI_DROP,
16.6912,6,STA,WIFI_DROP,
16.6912,7,STA,WIFI_DROP,
16.6912,9,STA,WIFI_DROP,
16.6912,10,STA,WIFI_DROP,
16.6912,15,STA,WIFI_DROP,
16.6912,21,STA,WIFI_DROP,
16.6936,3,STA,WIFI_DROP,
16.6936,6,STA,WIFI_DROP,
16.6936,7,STA,WIFI_DROP,
16.6936,9,STA,WIFI_DROP,
16.6936,10,STA,WIFI_DROP,
16.6936,15,STA,WIFI_DROP,
16.6936,21,STA,WIFI_DROP,
16.696,3,STA,WIFI_DROP,
16.696,6,STA,WIFI_DROP,
16.696,7,STA,WIFI_DROP,
16.696,9,STA,WIFI_DROP,
16.696,10,STA,WIFI_DROP,
16.696,15,STA,WIFI_DROP,
16.696,21,STA,WIFI_DROP,
16.6984,3,STA,WIFI_DROP,
16.6984,6,STA,WIFI_DROP,
16.6984,7,STA,WIFI_DROP,
16.6984,9,STA,WIFI_DROP,
16.6984,10,STA,WIFI_DROP,
16.6984,15,STA,WIFI_DROP,
16.6984,21,STA,WIFI_DROP,
16.7008,3,STA,WIFI_DROP,
16.7008,6,STA,WIFI_DROP,
16.7008,7,STA,WIFI_DROP,
16.7008,9,STA,WIFI_DROP,
16.7008,10,STA,WIFI_DROP,
16.7008,15,STA,WIFI_DROP,
16.7008,21,STA,WIFI_DROP,
16.7032,3,STA,WIFI_DROP,
16.7032,6,STA,WIFI_DROP,
16.7032,7,STA,WIFI_DROP,
16.7032,9,STA,WIFI_DROP,
16.7032,10,STA,WIFI_DROP,
16.7032,15,STA,WIFI_DROP,
16.7032,21,STA,WIFI_DROP,
16.7056,3,STA,WIFI_DROP,
16.7056,6,STA,WIFI_DROP,
16.7056,7,STA,WIFI_DROP,
16.7056,9,STA,WIFI_DROP,
16.7056,10,STA,WIFI_DROP,
16.7056,15,STA,WIFI_DROP,
16.7056,21,STA,WIFI_DROP,
16.708,3,STA,WIFI_DROP,
16.708,6,STA,WIFI_DROP,
16.708,7,STA,WIFI_DROP,
16.708,9,STA,WIFI_DROP,
16.708,10,STA,WIFI_DROP,
16.708,15,STA,WIFI_DROP,
16.708,21,STA,WIFI_DROP,
16.7104,3,STA,WIFI_DROP,
16.7104,6,STA,WIFI_DROP,
16.7104,7,STA,WIFI_DROP,
16.7104,9,STA,WIFI_DROP,
16.7104,10,STA,WIFI_DROP,
16.7104,15,STA,WIFI_DROP,
16.7104,21,STA,WIFI_DROP,
16.7128,3,STA,WIFI_DROP,
16.7128,6,STA,WIFI_DROP,
16.7128,7,STA,WIFI_DROP,
16.7128,9,STA,WIFI_DROP,
16.7128,10,STA,WIFI_DROP,
16.7128,15,STA,WIFI_DROP,
16.7128,21,STA,WIFI_DROP,
16.7152,3,STA,WIFI_DROP,
16.7152,6,STA,WIFI_DROP,
16.7152,7,STA,WIFI_DROP,
16.7152,9,STA,WIFI_DROP,
16.7152,10,STA,WIFI_DROP,
16.7152,15,STA,WIFI_DROP,
16.7152,21,STA,WIFI_DROP,
16.7176,3,STA,WIFI_DROP,
16.7176,6,STA,WIFI_DROP,
16.7176,7,STA,WIFI_DROP,
16.7176,9,STA,WIFI_DROP,
16.7176,10,STA,WIFI_DROP,
16.7176,15,STA,WIFI_DROP,
16.7176,21,STA,WIFI_DROP,
16.72,3,STA,WIFI_DROP,
16.72,6,STA,WIFI_DROP,
16.72,7,STA,WIFI_DROP,
16.72,9,STA,WIFI_DROP,
16.72,10,STA,WIFI_DROP,
16.72,15,STA,WIFI_DROP,
16.72,21,STA,WIFI_DROP,
16.7224,3,STA,WIFI_DROP,
16.7224,6,STA,WIFI_DROP,
16.7224,7,STA,WIFI_DROP,
16.7224,9,STA,WIFI_DROP,
16.7224,10,STA,WIFI_DROP,
16.7224,15,STA,WIFI_DROP,
16.7224,21,STA,WIFI_DROP,
16.7248,3,STA,WIFI_DROP,
16.7248,6,STA,WIFI_DROP,
16.7248,7,STA,WIFI_DROP,
16.7248,9,STA,WIFI_DROP,
16.7248,10,STA,WIFI_DROP,
16.7248,15,STA,WIFI_DROP,
16.7248,21,STA,WIFI_DROP,
16.7272,3,STA,WIFI_DROP,
16.7272,6,STA,WIFI_DROP,
16.7272,7,STA,WIFI_DROP,
16.7272,9,STA,WIFI_DROP,
16.7272,10,STA,WIFI_DROP,
16.7272,15,STA,WIFI_DROP,
16.7272,21,STA,WIFI_DROP,
16.7296,3,STA,WIFI_DROP,
16.7296,6,STA,WIFI_DROP,
16.7296,7,STA,WIFI_DROP,
16.7296,9,STA,WIFI_DROP,
16.7296,10,STA,WIFI_DROP,
16.7296,15,STA,WIFI_DROP,
16.7296,21,STA,WIFI_DROP,
16.732,3,STA,WIFI_DROP,
16.732,6,STA,WIFI_DROP,
16.732,7,STA,WIFI_DROP,
16.732,9,STA,WIFI_DROP,
16.732,10,STA,WIFI_DROP,
16.732,15,STA,WIFI_DROP,
16.732,21,STA,WIFI_DROP,
16.7344,3,STA,WIFI_DROP,
16.7344,6,STA,WIFI_DROP,
16.7344,7,STA,WIFI_DROP,
16.7344,9,STA,WIFI_DROP,
16.7344,10,STA,WIFI_DROP,
16.7344,15,STA,WIFI_DROP,
16.7344,21,STA,WIFI_DROP,
16.7368,3,STA,WIFI_DROP,
16.7368,6,STA,WIFI_DROP,
16.7368,7,STA,WIFI_DROP,
16.7368,9,STA,WIFI_DROP,
16.7368,10,STA,WIFI_DROP,
16.7368,15,STA,WIFI_DROP,
16.7368,21,STA,WIFI_DROP,
16.7392,3,STA,WIFI_DROP,
16.7392,6,STA,WIFI_DROP,
16.7392,7,STA,WIFI_DROP,
16.7392,9,STA,WIFI_DROP,
16.7392,10,STA,WIFI_DROP,
16.7392,15,STA,WIFI_DROP,
16.7392,21,STA,WIFI_DROP,
16.7416,3,STA,WIFI_DROP,
16.7416,6,STA,WIFI_DROP,
16.7416,7,STA,WIFI_DROP,
16.7416,9,STA,WIFI_DROP,
16.7416,10,STA,WIFI_DROP,
16.7416,15,STA,WIFI_DROP,
16.7416,21,STA,WIFI_DROP,
16.744,3,STA,WIFI_DROP,
16.744,6,STA,WIFI_DROP,
16.744,7,STA,WIFI_DROP,
16.744,9,STA,WIFI_DROP,
16.744,10,STA,WIFI_DROP,
16.744,15,STA,WIFI_DROP,
16.744,21,STA,WIFI_DROP,
16.7464,3,STA,WIFI_DROP,
16.7464,6,STA,WIFI_DROP,
16.7464,7,STA,WIFI_DROP,
16.7464,9,STA,WIFI_DROP,
16.7464,10,STA,WIFI_DROP,
16.7464,15,STA,WIFI_DROP,
16.7464,21,STA,WIFI_DROP,
16.7488,3,STA,WIFI_DROP,
16.7488,6,STA,WIFI_DROP,
16.7488,7,STA,WIFI_DROP,
16.7488,9,STA,WIFI_DROP,
16.7488,10,STA,WIFI_DROP,
16.7488,15,STA,WIFI_DROP,
16.7488,21,STA,WIFI_DROP,
16.7512,3,STA,WIFI_DROP,
16.7512,6,STA,WIFI_DROP,
16.7512,7,STA,WIFI_DROP,
16.7512,9,STA,WIFI_DROP,
16.7512,10,STA,WIFI_DROP,
16.7512,15,STA,WIFI_DROP,
16.7512,21,STA,WIFI_DROP,
16.7536,3,STA,WIFI_DROP,
16.7536,6,STA,WIFI_DROP,
16.7536,7,STA,WIFI_DROP,
16.7536,9,STA,WIFI_DROP,
16.7536,10,STA,WIFI_DROP,
16.7536,15,STA,WIFI_DROP,
16.7536,21,STA,WIFI_DROP,
16.756,3,STA,WIFI_DROP,
16.756,6,STA,WIFI_DROP,
16.756,7,STA,WIFI_DROP,
16.756,9,STA,WIFI_DROP,
16.756,10,STA,WIFI_DROP,
16.756,15,STA,WIFI_DROP,
16.756,21,STA,WIFI_DROP,
16.7584,3,STA,WIFI_DROP,
16.7584,6,STA,WIFI_DROP,
16.7584,7,STA,WIFI_DROP,
16.7584,9,STA,WIFI_DROP,
16.7584,10,STA,WIFI_DROP,
16.7584,15,STA,WIFI_DROP,
16.7584,21,STA,WIFI_DROP,
16.7608,3,STA,WIFI_DROP,
16.7608,6,STA,WIFI_DROP,
16.7608,7,STA,WIFI_DROP,
16.7608,9,STA,WIFI_DROP,
16.7608,10,STA,WIFI_DROP,
16.7608,15,STA,WIFI_DROP,
16.7608,21,STA,WIFI_DROP,
16.7632,3,STA,WIFI_DROP,
16.7632,6,STA,WIFI_DROP,
16.7632,7,STA,WIFI_DROP,
16.7632,9,STA,WIFI_DROP,
16.7632,10,STA,WIFI_DROP,
16.7632,15,STA,WIFI_DROP,
16.7632,21,STA,WIFI_DROP,
16.7656,3,STA,WIFI_DROP,
16.7656,6,STA,WIFI_DROP,
16.7656,7,STA,WIFI_DROP,
16.7656,9,STA,WIFI_DROP,
16.7656,10,STA,WIFI_DROP,
16.7656,15,STA,WIFI_DROP,
16.7656,21,STA,WIFI_DROP,
16.768,3,STA,WIFI_DROP,
16.768,6,STA,WIFI_DROP,
16.768,7,STA,WIFI_DROP,
16.768,9,STA,WIFI_DROP,
16.768,10,STA,WIFI_DROP,
16.768,15,STA,WIFI_DROP,
16.768,21,STA,WIFI_DROP,
16.7704,3,STA,WIFI_DROP,
16.7704,6,STA,WIFI_DROP,
16.7704,7,STA,WIFI_DROP,
16.7704,9,STA,WIFI_DROP,
16.7704,10,STA,WIFI_DROP,
16.7704,15,STA,WIFI_DROP,
16.7704,21,STA,WIFI_DROP,
16.7728,3,STA,WIFI_DROP,
16.7728,6,STA,WIFI_DROP,
16.7728,7,STA,WIFI_DROP,
16.7728,9,STA,WIFI_DROP,
16.7728,10,STA,WIFI_DROP,
16.7728,15,STA,WIFI_DROP,
16.7728,17,STA,WIFI_DROP,
16.7728,21,STA,WIFI_DROP,
16.7752,3,STA,WIFI_DROP,
16.7752,6,STA,WIFI_DROP,
16.7752,7,STA,WIFI_DROP,
16.7752,9,STA,WIFI_DROP,
16.7752,10,STA,WIFI_DROP,
16.7752,15,STA,WIFI_DROP,
16.7752,17,STA,WIFI_DROP,
16.7776,3,STA,WIFI_DROP,
16.7776,6,STA,WIFI_DROP,
16.7776,7,STA,WIFI_DROP,
16.7776,9,STA,WIFI_DROP,
16.7776,10,STA,WIFI_DROP,
16.7776,15,STA,WIFI_DROP,
16.7776,17,STA,WIFI_DROP,
16.78,3,STA,WIFI_DROP,
16.78,6,STA,WIFI_DROP,
16.78,7,STA,WIFI_DROP,
16.78,9,STA,WIFI_DROP,
16.78,10,STA,WIFI_DROP,
16.78,15,STA,WIFI_DROP,
16.78,17,STA,WIFI_DROP,
16.7824,3,STA,WIFI_DROP,
16.7824,6,STA,WIFI_DROP,
16.7824,7,STA,WIFI_DROP,
16.7824,9,STA,WIFI_DROP,
16.7824,10,STA,WIFI_DROP,
16.7824,15,STA,WIFI_DROP,
16.7824,17,STA,WIFI_DROP,
16.7848,3,STA,WIFI_DROP,
16.7848,6,STA,WIFI_DROP,
16.7848,7,STA,WIFI_DROP,
16.7848,9,STA,WIFI_DROP,
16.7848,10,STA,WIFI_DROP,
16.7848,15,STA,WIFI_DROP,
16.7848,17,STA,WIFI_DROP,
16.7872,3,STA,WIFI_DROP,
16.7872,6,STA,WIFI_DROP,
16.7872,7,STA,WIFI_DROP,
16.7872,9,STA,WIFI_DROP,
16.7872,10,STA,WIFI_DROP,
16.7872,15,STA,WIFI_DROP,
16.7872,17,STA,WIFI_DROP,
16.7896,3,STA,WIFI_DROP,
16.7896,6,STA,WIFI_DROP,
16.7896,7,STA,WIFI_DROP,
16.7896,9,STA,WIFI_DROP,
16.7896,10,STA,WIFI_DROP,
16.7896,15,STA,WIFI_DROP,
16.7896,17,STA,WIFI_DROP,
16.792,3,STA,WIFI_DROP,
16.792,6,STA,WIFI_DROP,
16.792,7,STA,WIFI_DROP,
16.792,9,STA,WIFI_DROP,
16.792,10,STA,WIFI_DROP,
16.792,15,STA,WIFI_DROP,
16.792,17,STA,WIFI_DROP,
16.7944,3,STA,WIFI_DROP,
16.7944,6,STA,WIFI_DROP,
16.7944,7,STA,WIFI_DROP,
16.7944,9,STA,WIFI_DROP,
16.7944,10,STA,WIFI_DROP,
16.7944,15,STA,WIFI_DROP,
16.7944,17,STA,WIFI_DROP,
16.7968,3,STA,WIFI_DROP,
16.7968,6,STA,WIFI_DROP,
16.7968,7,STA,WIFI_DROP,
16.7968,9,STA,WIFI_DROP,
16.7968,10,STA,WIFI_DROP,
16.7968,15,STA,WIFI_DROP,
16.7968,17,STA,WIFI_DROP,
16.7992,3,STA,WIFI_DROP,
16.7992,6,STA,WIFI_DROP,
16.7992,7,STA,WIFI_DROP,
16.7992,9,STA,WIFI_DROP,
16.7992,10,STA,WIFI_DROP,
16.7992,15,STA,WIFI_DROP,
16.7992,17,STA,WIFI_DROP,
16.8016,3,STA,WIFI_DROP,
16.8016,6,STA,WIFI_DROP,
16.8016,7,STA,WIFI_DROP,
16.8016,9,STA,WIFI_DROP,
16.8016,10,STA,WIFI_DROP,
16.8016,15,STA,WIFI_DROP,
16.8016,17,STA,WIFI_DROP,
16.804,3,STA,WIFI_DROP,
16.804,6,STA,WIFI_DROP,
16.804,7,STA,WIFI_DROP,
16.804,9,STA,WIFI_DROP,
16.804,10,STA,WIFI_DROP,
16.804,15,STA,WIFI_DROP,
16.804,17,STA,WIFI_DROP,
16.8064,3,STA,WIFI_DROP,
16.8064,6,STA,WIFI_DROP,
16.8064,7,STA,WIFI_DROP,
16.8064,9,STA,WIFI_DROP,
16.8064,10,STA,WIFI_DROP,
16.8064,15,STA,WIFI_DROP,
16.8064,17,STA,WIFI_DROP,
16.8088,3,STA,WIFI_DROP,
16.8088,6,STA,WIFI_DROP,
16.8088,7,STA,WIFI_DROP,
16.8088,9,STA,WIFI_DROP,
16.8088,10,STA,WIFI_DROP,
16.8088,15,STA,WIFI_DROP,
16.8088,17,STA,WIFI_DROP,
16.8112,3,STA,WIFI_DROP,
16.8112,6,STA,WIFI_DROP,
16.8112,7,STA,WIFI_DROP,
16.8112,9,STA,WIFI_DROP,
16.8112,10,STA,WIFI_DROP,
16.8112,15,STA,WIFI_DROP,
16.8112,17,STA,WIFI_DROP,
16.8136,3,STA,WIFI_DROP,
16.8136,6,STA,WIFI_DROP,
16.8136,7,STA,WIFI_DROP,
16.8136,9,STA,WIFI_DROP,
16.8136,10,STA,WIFI_DROP,
16.8136,15,STA,WIFI_DROP,
16.8136,17,STA,WIFI_DROP,
16.816,3,STA,WIFI_DROP,
16.816,7,STA,WIFI_DROP,
16.816,9,STA,WIFI_DROP,
16.816,10,STA,WIFI_DROP,
16.816,15,STA,WIFI_DROP,
16.816,17,STA,WIFI_DROP,
16.8184,3,STA,WIFI_DROP,
16.8184,7,STA,WIFI_DROP,
16.8184,9,STA,WIFI_DROP,
16.8184,10,STA,WIFI_DROP,
16.8184,15,STA,WIFI_DROP,
16.8184,17,STA,WIFI_DROP,
16.8208,3,STA,WIFI_DROP,
16.8208,7,STA,WIFI_DROP,
16.8208,9,STA,WIFI_DROP,
16.8208,10,STA,WIFI_DROP,
16.8208,15,STA,WIFI_DROP,
16.8208,17,STA,WIFI_DROP,
16.8232,3,STA,WIFI_DROP,
16.8232,7,STA,WIFI_DROP,
16.8232,9,STA,WIFI_DROP,
16.8232,10,STA,WIFI_DROP,
16.8232,15,STA,WIFI_DROP,
16.8232,17,STA,WIFI_DROP,
16.8256,3,STA,WIFI_DROP,
16.8256,7,STA,WIFI_DROP,
16.8256,9,STA,WIFI_DROP,
16.8256,10,STA,WIFI_DROP,
16.8256,15,STA,WIFI_DROP,
16.8256,17,STA,WIFI_DROP,
16.828,3,STA,WIFI_DROP,
16.828,7,STA,WIFI_DROP,
16.828,9,STA,WIFI_DROP,
16.828,10,STA,WIFI_DROP,
16.828,15,STA,WIFI_DROP,
16.828,17,STA,WIFI_DROP,
16.8304,3,STA,WIFI_DROP,
16.8304,7,STA,WIFI_DROP,
16.8304,9,STA,WIFI_DROP,
16.8304,10,STA,WIFI_DROP,
16.8304,15,STA,WIFI_DROP,
16.8304,17,STA,WIFI_DROP,
16.8328,3,STA,WIFI_DROP,
16.8328,7,STA,WIFI_DROP,
16.8328,9,STA,WIFI_DROP,
16.8328,10,STA,WIFI_DROP,
16.8328,15,STA,WIFI_DROP,
16.8328,17,STA,WIFI_DROP,
16.8352,3,STA,WIFI_DROP,
16.8352,7,STA,WIFI_DROP,
16.8352,9,STA,WIFI_DROP,
16.8352,10,STA,WIFI_DROP,
16.8352,15,STA,WIFI_DROP,
16.8352,17,STA,WIFI_DROP,
16.8376,3,STA,WIFI_DROP,
16.8376,7,STA,WIFI_DROP,
16.8376,9,STA,WIFI_DROP,
16.8376,10,STA,WIFI_DROP,
16.8376,15,STA,WIFI_DROP,
16.8376,17,STA,WIFI_DROP,
16.84,3,STA,WIFI_DROP,
16.84,7,STA,WIFI_DROP,
16.84,9,STA,WIFI_DROP,
16.84,10,STA,WIFI_DROP,
16.84,15,STA,WIFI_DROP,
16.84,17,STA,WIFI_DROP,
16.8424,3,STA,WIFI_DROP,
16.8424,7,STA,WIFI_DROP,
16.8424,9,STA,WIFI_DROP,
16.8424,10,STA,WIFI_DROP,
16.8424,15,STA,WIFI_DROP,
16.8424,17,STA,WIFI_DROP,
16.8448,3,STA,WIFI_DROP,
16.8448,7,STA,WIFI_DROP,
16.8448,9,STA,WIFI_DROP,
16.8448,10,STA,WIFI_DROP,
16.8448,15,STA,WIFI_DROP,
16.8448,17,STA,WIFI_DROP,
16.8472,3,STA,WIFI_DROP,
16.8472,7,STA,WIFI_DROP,
16.8472,9,STA,WIFI_DROP,
16.8472,10,STA,WIFI_DROP,
16.8472,15,STA,WIFI_DROP,
16.8472,17,STA,WIFI_DROP,
16.8496,3,STA,WIFI_DROP,
16.8496,7,STA,WIFI_DROP,
16.8496,9,STA,WIFI_DROP,
16.8496,10,STA,WIFI_DROP,
16.8496,15,STA,WIFI_DROP,
16.8496,17,STA,WIFI_DROP,
16.852,3,STA,WIFI_DROP,
16.852,7,STA,WIFI_DROP,
16.852,9,STA,WIFI_DROP,
16.852,10,STA,WIFI_DROP,
16.852,15,STA,WIFI_DROP,
16.852,17,STA,WIFI_DROP,
16.8544,3,STA,WIFI_DROP,
16.8544,7,STA,WIFI_DROP,
16.8544,9,STA,WIFI_DROP,
16.8544,10,STA,WIFI_DROP,
16.8544,15,STA,WIFI_DROP,
16.8544,17,STA,WIFI_DROP,
16.8568,3,STA,WIFI_DROP,
16.8568,7,STA,WIFI_DROP,
16.8568,9,STA,WIFI_DROP,
16.8568,10,STA,WIFI_DROP,
16.8568,15,STA,WIFI_DROP,
16.8568,17,STA,WIFI_DROP,
16.8592,3,STA,WIFI_DROP,
16.8592,7,STA,WIFI_DROP,
16.8592,9,STA,WIFI_DROP,
16.8592,10,STA,WIFI_DROP,
16.8592,15,STA,WIFI_DROP,
16.8592,17,STA,WIFI_DROP,
16.8616,3,STA,WIFI_DROP,
16.8616,7,STA,WIFI_DROP,
16.8616,9,STA,WIFI_DROP,
16.8616,10,STA,WIFI_DROP,
16.8616,15,STA,WIFI_DROP,
16.8616,17,STA,WIFI_DROP,
16.864,3,STA,WIFI_DROP,
16.864,7,STA,WIFI_DROP,
16.864,10,STA,WIFI_DROP,
16.864,15,STA,WIFI_DROP,
16.864,17,STA,WIFI_DROP,
16.8664,3,STA,WIFI_DROP,
16.8664,7,STA,WIFI_DROP,
16.8664,10,STA,WIFI_DROP,
16.8664,15,STA,WIFI_DROP,
16.8664,17,STA,WIFI_DROP,
16.8688,3,STA,WIFI_DROP,
16.8688,7,STA,WIFI_DROP,
16.8688,10,STA,WIFI_DROP,
16.8688,15,STA,WIFI_DROP,
16.8688,17,STA,WIFI_DROP,
16.8712,3,STA,WIFI_DROP,
16.8712,7,STA,WIFI_DROP,
16.8712,10,STA,WIFI_DROP,
16.8712,15,STA,WIFI_DROP,
16.8712,17,STA,WIFI_DROP,
16.8736,3,STA,WIFI_DROP,
16.8736,7,STA,WIFI_DROP,
16.8736,10,STA,WIFI_DROP,
16.8736,15,STA,WIFI_DROP,
16.8736,17,STA,WIFI_DROP,
16.876,3,STA,WIFI_DROP,
16.876,7,STA,WIFI_DROP,
16.876,10,STA,WIFI_DROP,
16.876,15,STA,WIFI_DROP,
16.876,17,STA,WIFI_DROP,
16.8784,3,STA,WIFI_DROP,
16.8784,7,STA,WIFI_DROP,
16.8784,10,STA,WIFI_DROP,
16.8784,15,STA,WIFI_DROP,
16.8784,17,STA,WIFI_DROP,
16.8808,3,STA,WIFI_DROP,
16.8808,7,STA,WIFI_DROP,
16.8808,10,STA,WIFI_DROP,
16.8808,15,STA,WIFI_DROP,
16.8808,17,STA,WIFI_DROP,
16.8832,3,STA,WIFI_DROP,
16.8832,7,STA,WIFI_DROP,
16.8832,10,STA,WIFI_DROP,
16.8832,15,STA,WIFI_DROP,
16.8832,17,STA,WIFI_DROP,
16.8856,3,STA,WIFI_DROP,
16.8856,7,STA,WIFI_DROP,
16.8856,10,STA,WIFI_DROP,
16.8856,15,STA,WIFI_DROP,
16.8856,17,STA,WIFI_DROP,
16.888,3,STA,WIFI_DROP,
16.888,7,STA,WIFI_DROP,
16.888,10,STA,WIFI_DROP,
16.888,15,STA,WIFI_DROP,
16.888,17,STA,WIFI_DROP,
16.8904,3,STA,WIFI_DROP,
16.8904,7,STA,WIFI_DROP,
16.8904,10,STA,WIFI_DROP,
16.8904,15,STA,WIFI_DROP,
16.8904,17,STA,WIFI_DROP,
16.8928,3,STA,WIFI_DROP,
16.8928,7,STA,WIFI_DROP,
16.8928,10,STA,WIFI_DROP,
16.8928,15,STA,WIFI_DROP,
16.8928,17,STA,WIFI_DROP,
16.8952,3,STA,WIFI_DROP,
16.8952,7,STA,WIFI_DROP,
16.8952,10,STA,WIFI_DROP,
16.8952,15,STA,WIFI_DROP,
16.8952,17,STA,WIFI_DROP,
16.8976,3,STA,WIFI_DROP,
16.8976,7,STA,WIFI_DROP,
16.8976,10,STA,WIFI_DROP,
16.8976,15,STA,WIFI_DROP,
16.8976,17,STA,WIFI_DROP,
16.9,3,STA,WIFI_DROP,
16.9,7,STA,WIFI_DROP,
16.9,10,STA,WIFI_DROP,
16.9,15,STA,WIFI_DROP,
16.9,17,STA,WIFI_DROP,
16.9024,3,STA,WIFI_DROP,
16.9024,7,STA,WIFI_DROP,
16.9024,10,STA,WIFI_DROP,
16.9024,15,STA,WIFI_DROP,
16.9024,17,STA,WIFI_DROP,
16.9048,3,STA,WIFI_DROP,
16.9048,7,STA,WIFI_DROP,
16.9048,10,STA,WIFI_DROP,
16.9048,15,STA,WIFI_DROP,
16.9048,17,STA,WIFI_DROP,
16.9072,3,STA,WIFI_DROP,
16.9072,7,STA,WIFI_DROP,
16.9072,10,STA,WIFI_DROP,
16.9072,15,STA,WIFI_DROP,
16.9072,17,STA,WIFI_DROP,
16.9096,3,STA,WIFI_DROP,
16.9096,7,STA,WIFI_DROP,
16.9096,10,STA,WIFI_DROP,
16.9096,15,STA,WIFI_DROP,
16.9096,17,STA,WIFI_DROP,
16.912,3,STA,WIFI_DROP,
16.912,7,STA,WIFI_DROP,
16.912,10,STA,WIFI_DROP,
16.912,15,STA,WIFI_DROP,
16.912,17,STA,WIFI_DROP,
16.9144,3,STA,WIFI_DROP,
16.9144,7,STA,WIFI_DROP,
16.9144,10,STA,WIFI_DROP,
16.9144,15,STA,WIFI_DROP,
16.9144,17,STA,WIFI_DROP,
16.9168,3,STA,WIFI_DROP,
16.9168,7,STA,WIFI_DROP,
16.9168,10,STA,WIFI_DROP,
16.9168,15,STA,WIFI_DROP,
16.9168,17,STA,WIFI_DROP,
16.9192,3,STA,WIFI_DROP,
16.9192,7,STA,WIFI_DROP,
16.9192,10,STA,WIFI_DROP,
16.9192,15,STA,WIFI_DROP,
16.9192,17,STA,WIFI_DROP,
16.9216,3,STA,WIFI_DROP,
16.9216,7,STA,WIFI_DROP,
16.9216,15,STA,WIFI_DROP,
16.9216,17,STA,WIFI_DROP,
16.924,3,STA,WIFI_DROP,
16.924,7,STA,WIFI_DROP,
16.924,15,STA,WIFI_DROP,
16.924,17,STA,WIFI_DROP,
16.9264,3,STA,WIFI_DROP,
16.9264,7,STA,WIFI_DROP,
16.9264,15,STA,WIFI_DROP,
16.9264,17,STA,WIFI_DROP,
16.9288,3,STA,WIFI_DROP,
16.9288,7,STA,WIFI_DROP,
16.9288,15,STA,WIFI_DROP,
16.9288,17,STA,WIFI_DROP,
16.9312,3,STA,WIFI_DROP,
16.9312,7,STA,WIFI_DROP,
16.9312,15,STA,WIFI_DROP,
16.9312,17,STA,WIFI_DROP,
16.9336,3,STA,WIFI_DROP,
16.9336,7,STA,WIFI_DROP,
16.9336,15,STA,WIFI_DROP,
16.9336,17,STA,WIFI_DROP,
16.936,3,STA,WIFI_DROP,
16.936,7,STA,WIFI_DROP,
16.936,15,STA,WIFI_DROP,
16.936,17,STA,WIFI_DROP,
16.9384,3,STA,WIFI_DROP,
16.9384,7,STA,WIFI_DROP,
16.9384,15,STA,WIFI_DROP,
16.9384,17,STA,WIFI_DROP,
16.9408,3,STA,WIFI_DROP,
16.9408,7,STA,WIFI_DROP,
16.9408,15,STA,WIFI_DROP,
16.9408,17,STA,WIFI_DROP,
16.9432,3,STA,WIFI_DROP,
16.9432,7,STA,WIFI_DROP,
16.9432,15,STA,WIFI_DROP,
16.9432,17,STA,WIFI_DROP,
16.9456,3,STA,WIFI_DROP,
16.9456,7,STA,WIFI_DROP,
16.9456,15,STA,WIFI_DROP,
16.9456,17,STA,WIFI_DROP,
16.948,3,STA,WIFI_DROP,
16.948,7,STA,WIFI_DROP,
16.948,15,STA,WIFI_DROP,
16.948,17,STA,WIFI_DROP,
16.9504,3,STA,WIFI_DROP,
16.9504,7,STA,WIFI_DROP,
16.9504,15,STA,WIFI_DROP,
16.9504,17,STA,WIFI_DROP,
16.9528,3,STA,WIFI_DROP,
16.9528,7,STA,WIFI_DROP,
16.9528,15,STA,WIFI_DROP,
16.9528,17,STA,WIFI_DROP,
16.9552,3,STA,WIFI_DROP,
16.9552,7,STA,WIFI_DROP,
16.9552,15,STA,WIFI_DROP,
16.9552,17,STA,WIFI_DROP,
16.9576,3,STA,WIFI_DROP,
16.9576,7,STA,WIFI_DROP,
16.9576,15,STA,WIFI_DROP,
16.9576,17,STA,WIFI_DROP,
16.96,3,STA,WIFI_DROP,
16.96,7,STA,WIFI_DROP,
16.96,15,STA,WIFI_DROP,
16.96,17,STA,WIFI_DROP,
16.9624,3,STA,WIFI_DROP,
16.9624,7,STA,WIFI_DROP,
16.9624,15,STA,WIFI_DROP,
16.9624,17,STA,WIFI_DROP,
16.9648,3,STA,WIFI_DROP,
16.9648,7,STA,WIFI_DROP,
16.9648,15,STA,WIFI_DROP,
16.9648,17,STA,WIFI_DROP,
16.9672,3,STA,WIFI_DROP,
16.9672,7,STA,WIFI_DROP,
16.9672,15,STA,WIFI_DROP,
16.9672,17,STA,WIFI_DROP,
16.9696,3,STA,WIFI_DROP,
16.9696,7,STA,WIFI_DROP,
16.9696,15,STA,WIFI_DROP,
16.9696,17,STA,WIFI_DROP,
16.972,3,STA,WIFI_DROP,
16.972,7,STA,WIFI_DROP,
16.972,15,STA,WIFI_DROP,
16.972,17,STA,WIFI_DROP,
16.9744,3,STA,WIFI_DROP,
16.9744,7,STA,WIFI_DROP,
16.9744,15,STA,WIFI_DROP,
16.9744,17,STA,WIFI_DROP,
16.9768,3,STA,WIFI_DROP,
16.9768,7,STA,WIFI_DROP,
16.9768,15,STA,WIFI_DROP,
16.9792,3,STA,WIFI_DROP,
16.9792,7,STA,WIFI_DROP,
16.9792,15,STA,WIFI_DROP,
16.9816,3,STA,WIFI_DROP,
16.9816,7,STA,WIFI_DROP,
16.9816,15,STA,WIFI_DROP,
16.984,3,STA,WIFI_DROP,
16.984,7,STA,WIFI_DROP,
16.984,15,STA,WIFI_DROP,
16.9864,3,STA,WIFI_DROP,
16.9864,7,STA,WIFI_DROP,
16.9864,15,STA,WIFI_DROP,
16.9888,3,STA,WIFI_DROP,
16.9888,7,STA,WIFI_DROP,
16.9888,15,STA,WIFI_DROP,
16.9912,3,STA,WIFI_DROP,
16.9912,7,STA,WIFI_DROP,
16.9912,15,STA,WIFI_DROP,
16.9936,3,STA,WIFI_DROP,
16.9936,7,STA,WIFI_DROP,
16.9936,15,STA,WIFI_DROP,
16.996,3,STA,WIFI_DROP,
16.996,7,STA,WIFI_DROP,
16.996,15,STA,WIFI_DROP,
16.9984,3,STA,WIFI_DROP,
16.9984,7,STA,WIFI_DROP,
16.9984,15,STA,WIFI_DROP,
17,5,STA,THROUGHPUT_MBPS,0.756000
17,8,STA,THROUGHPUT_MBPS,0.732000
17,9,STA,THROUGHPUT_MBPS,0.840000
17,15,STA,THROUGHPUT_MBPS,0.336000
17,18,STA,THROUGHPUT_MBPS,1.320000
17,20,STA,THROUGHPUT_MBPS,0.756000
17,1,AP,AGGREGATE_THROUGHPUT_MBPS,4.740000
17,1,AP,SENT_COUNT,8340.000000
17,1,AP,RECV_COUNT,395.000000
17,1,AP,LATENCY_P95_MS,526.246132
17.0008,3,STA,WIFI_DROP,
17.0008,7,STA,WIFI_DROP,
17.0008,15,STA,WIFI_DROP,
17.0032,3,STA,WIFI_DROP,
17.0032,7,STA,WIFI_DROP,
17.0032,15,STA,WIFI_DROP,
17.0056,3,STA,WIFI_DROP,
17.0056,7,STA,WIFI_DROP,
17.0056,15,STA,WIFI_DROP,
17.008,3,STA,WIFI_DROP,
17.008,7,STA,WIFI_DROP,
17.008,15,STA,WIFI_DROP,
17.0104,3,STA,WIFI_DROP,
17.0104,7,STA,WIFI_DROP,
17.0104,15,STA,WIFI_DROP,
17.0128,3,STA,WIFI_DROP,
17.0128,7,STA,WIFI_DROP,
17.0128,15,STA,WIFI_DROP,
17.0152,3,STA,WIFI_DROP,
17.0152,7,STA,WIFI_DROP,
17.0152,15,STA,WIFI_DROP,
17.0176,3,STA,WIFI_DROP,
17.0176,7,STA,WIFI_DROP,
17.0176,15,STA,WIFI_DROP,
17.02,3,STA,WIFI_DROP,
17.02,7,STA,WIFI_DROP,
17.02,15,STA,WIFI_DROP,
17.0224,3,STA,WIFI_DROP,
17.0224,7,STA,WIFI_DROP,
17.0224,15,STA,WIFI_DROP,
17.0248,3,STA,WIFI_DROP,
17.0248,7,STA,WIFI_DROP,
17.0248,15,STA,WIFI_DROP,
17.0272,3,STA,WIFI_DROP,
17.0272,7,STA,WIFI_DROP,
17.0272,15,STA,WIFI_DROP,
17.0296,3,STA,WIFI_DROP,
17.0296,7,STA,WIFI_DROP,
17.0296,15,STA,WIFI_DROP,
17.032,3,STA,WIFI_DROP,
17.032,7,STA,WIFI_DROP,
17.032,15,STA,WIFI_DROP,
17.0344,3,STA,WIFI_DROP,
17.0344,7,STA,WIFI_DROP,
17.0344,15,STA,WIFI_DROP,
17.0368,3,STA,WIFI_DROP,
17.0368,7,STA,WIFI_DROP,
17.0368,15,STA,WIFI_DROP,
17.0392,3,STA,WIFI_DROP,
17.0392,7,STA,WIFI_DROP,
17.0392,15,STA,WIFI_DROP,
17.0416,3,STA,WIFI_DROP,
17.0416,7,STA,WIFI_DROP,
17.0416,15,STA,WIFI_DROP,
17.044,3,STA,WIFI_DROP,
17.044,7,STA,WIFI_DROP,
17.044,15,STA,WIFI_DROP,
17.0464,3,STA,WIFI_DROP,
17.0464,7,STA,WIFI_DROP,
17.0464,15,STA,WIFI_DROP,
17.0488,3,STA,WIFI_DROP,
17.0488,7,STA,WIFI_DROP,
17.0488,15,STA,WIFI_DROP,
17.0512,3,STA,WIFI_DROP,
17.0512,7,STA,WIFI_DROP,
17.0512,15,STA,WIFI_DROP,
17.0536,3,STA,WIFI_DROP,
17.0536,7,STA,WIFI_DROP,
17.0536,15,STA,WIFI_DROP,
17.056,7,STA,WIFI_DROP,
17.056,15,STA,WIFI_DROP,
17.0584,7,STA,WIFI_DROP,
17.0584,15,STA,WIFI_DROP,
17.0608,7,STA,WIFI_DROP,
17.0608,15,STA,WIFI_DROP,
17.0632,7,STA,WIFI_DROP,
17.0632,15,STA,WIFI_DROP,
17.0656,7,STA,WIFI_DROP,
17.0656,15,STA,WIFI_DROP,
17.068,7,STA,WIFI_DROP,
17.068,15,STA,WIFI_DROP,
17.0704,7,STA,WIFI_DROP,
17.0704,15,STA,WIFI_DROP,
17.0728,7,STA,WIFI_DROP,
17.0752,7,STA,WIFI_DROP,
17.0776,3,STA,WIFI_DROP,
17.0776,7,STA,WIFI_DROP,
17.08,3,STA,WIFI_DROP,
17.08,7,STA,WIFI_DROP,
17.0824,3,STA,WIFI_DROP,
17.0824,7,STA,WIFI_DROP,
17.0848,3,STA,WIFI_DROP,
17.0848,7,STA,WIFI_DROP,
17.0872,3,STA,WIFI_DROP,
17.0872,7,STA,WIFI_DROP,
17.0896,3,STA,WIFI_DROP,
17.0896,7,STA,WIFI_DROP,
17.092,3,STA,WIFI_DROP,
17.092,7,STA,WIFI_DROP,
17.0944,3,STA,WIFI_DROP,
17.0944,7,STA,WIFI_DROP,
17.0968,3,STA,WIFI_DROP,
17.0968,7,STA,WIFI_DROP,
17.0992,3,STA,WIFI_DROP,
17.0992,7,STA,WIFI_DROP,
17.1016,3,STA,WIFI_DROP,
17.1016,7,STA,WIFI_DROP,
17.104,3,STA,WIFI_DROP,
17.104,7,STA,WIFI_DROP,
17.1064,3,STA,WIFI_DROP,
17.1064,7,STA,WIFI_DROP,
17.1088,3,STA,WIFI_DROP,
17.1088,7,STA,WIFI_DROP,
17.1112,3,STA,WIFI_DROP,
17.1112,7,STA,WIFI_DROP,
17.1136,3,STA,WIFI_DROP,
17.1136,7,STA,WIFI_DROP,
17.116,3,STA,WIFI_DROP,
17.116,7,STA,WIFI_DROP,
17.1184,3,STA,WIFI_DROP,
17.1184,7,STA,WIFI_DROP,
17.1208,3,STA,WIFI_DROP,
17.1208,7,STA,WIFI_DROP,
17.1232,3,STA,WIFI_DROP,
17.1232,7,STA,WIFI_DROP,
17.1256,3,STA,WIFI_DROP,
17.1256,7,STA,WIFI_DROP,
17.128,3,STA,WIFI_DROP,
17.128,7,STA,WIFI_DROP,
17.1304,3,STA,WIFI_DROP,
17.1304,7,STA,WIFI_DROP,
17.1328,7,STA,WIFI_DROP,
17.1352,7,STA,WIFI_DROP,
17.1376,7,STA,WIFI_DROP,
17.14,7,STA,WIFI_DROP,
17.1424,7,STA,WIFI_DROP,
17.1448,7,STA,WIFI_DROP,
17.1472,7,STA,WIFI_DROP,
17.1496,7,STA,WIFI_DROP,
17.152,7,STA,WIFI_DROP,
17.1544,7,STA,WIFI_DROP,
17.1568,7,STA,WIFI_DROP,
17.1592,7,STA,WIFI_DROP,
17.1616,7,STA,WIFI_DROP,
17.164,7,STA,WIFI_DROP,
17.1664,7,STA,WIFI_DROP,
17.1688,7,STA,WIFI_DROP,
17.1712,7,STA,WIFI_DROP,
17.1736,7,STA,WIFI_DROP,
17.176,7,STA,WIFI_DROP,
17.1784,7,STA,WIFI_DROP,
17.1808,7,STA,WIFI_DROP,
17.1832,7,STA,WIFI_DROP,
17.1856,7,STA,WIFI_DROP,
17.188,7,STA,WIFI_DROP,
17.1904,7,STA,WIFI_DROP,
17.1928,7,STA,WIFI_DROP,
17.1952,7,STA,WIFI_DROP,
17.1976,7,STA,WIFI_DROP,
17.2,7,STA,WIFI_DROP,
17.2024,7,STA,WIFI_DROP,
17.2048,7,STA,WIFI_DROP,
17.2072,7,STA,WIFI_DROP,
17.2096,7,STA,WIFI_DROP,
17.212,7,STA,WIFI_DROP,
17.2144,7,STA,WIFI_DROP,
17.2168,7,STA,WIFI_DROP,
17.2192,7,STA,WIFI_DROP,
17.2216,7,STA,WIFI_DROP,
17.224,7,STA,WIFI_DROP,
17.2264,7,STA,WIFI_DROP,
17.2288,7,STA,WIFI_DROP,
17.2312,7,STA,WIFI_DROP,
17.2336,7,STA,WIFI_DROP,
17.236,7,STA,WIFI_DROP,
17.2384,7,STA,WIFI_DROP,
17.2408,7,STA,WIFI_DROP,
17.2432,7,STA,WIFI_DROP,
17.2456,7,STA,WIFI_DROP,
17.248,7,STA,WIFI_DROP,
17.2504,7,STA,WIFI_DROP,
17.2528,7,STA,WIFI_DROP,
17.2552,7,STA,WIFI_DROP,
17.2576,7,STA,WIFI_DROP,
17.26,7,STA,WIFI_DROP,
17.2624,7,STA,WIFI_DROP,
17.2648,7,STA,WIFI_DROP,
17.2672,7,STA,WIFI_DROP,
17.2696,7,STA,WIFI_DROP,
17.272,7,STA,WIFI_DROP,
17.2744,7,STA,WIFI_DROP,
17.2768,7,STA,WIFI_DROP,
17.2792,7,STA,WIFI_DROP,
17.2816,7,STA,WIFI_DROP,
17.284,7,STA,WIFI_DROP,
17.2864,7,STA,WIFI_DROP,
17.2888,7,STA,WIFI_DROP,
17.2912,7,STA,WIFI_DROP,
17.2936,7,STA,WIFI_DROP,
17.296,7,STA,WIFI_DROP,
17.2984,7,STA,WIFI_DROP,
17.3008,7,STA,WIFI_DROP,
17.3032,7,STA,WIFI_DROP,
17.3056,7,STA,WIFI_DROP,
17.308,7,STA,WIFI_DROP,
17.3104,7,STA,WIFI_DROP,
17.3344,7,STA,WIFI_DROP,
17.3368,6,STA,WIFI_DROP,
17.3368,7,STA,WIFI_DROP,
17.3392,6,STA,WIFI_DROP,
17.3392,7,STA,WIFI_DROP,
17.3416,6,STA,WIFI_DROP,
17.3416,7,STA,WIFI_DROP,
17.344,6,STA,WIFI_DROP,
17.344,7,STA,WIFI_DROP,
17.3464,6,STA,WIFI_DROP,
17.3464,7,STA,WIFI_DROP,
17.3488,6,STA,WIFI_DROP,
17.3488,7,STA,WIFI_DROP,
17.3512,6,STA,WIFI_DROP,
17.3512,7,STA,WIFI_DROP,
17.3536,6,STA,WIFI_DROP,
17.3536,7,STA,WIFI_DROP,
17.356,6,STA,WIFI_DROP,
17.356,7,STA,WIFI_DROP,
17.3584,6,STA,WIFI_DROP,
17.3584,7,STA,WIFI_DROP,
17.3608,6,STA,WIFI_DROP,
17.3608,7,STA,WIFI_DROP,
17.3632,6,STA,WIFI_DROP,
17.3632,7,STA,WIFI_DROP,
17.3656,6,STA,WIFI_DROP,
17.3656,7,STA,WIFI_DROP,
17.368,6,STA,WIFI_DROP,
17.368,7,STA,WIFI_DROP,
17.3704,6,STA,WIFI_DROP,
17.3704,7,STA,WIFI_DROP,
17.3728,6,STA,WIFI_DROP,
17.3728,7,STA,WIFI_DROP,
17.3752,6,STA,WIFI_DROP,
17.3752,7,STA,WIFI_DROP,
17.3776,6,STA,WIFI_DROP,
17.3776,7,STA,WIFI_DROP,
17.38,6,STA,WIFI_DROP,
17.38,7,STA,WIFI_DROP,
17.3824,6,STA,WIFI_DROP,
17.3824,7,STA,WIFI_DROP,
17.3848,6,STA,WIFI_DROP,
17.3848,7,STA,WIFI_DROP,
17.3872,6,STA,WIFI_DROP,
17.3872,7,STA,WIFI_DROP,
17.3896,6,STA,WIFI_DROP,
17.3896,7,STA,WIFI_DROP,
17.392,6,STA,WIFI_DROP,
17.392,7,STA,WIFI_DROP,
17.3944,6,STA,WIFI_DROP,
17.3944,7,STA,WIFI_DROP,
17.3968,6,STA,WIFI_DROP,
17.3968,7,STA,WIFI_DROP,
17.3992,6,STA,WIFI_DROP,
17.3992,7,STA,WIFI_DROP,
17.4016,6,STA,WIFI_DROP,
17.4016,7,STA,WIFI_DROP,
17.404,6,STA,WIFI_DROP,
17.404,7,STA,WIFI_DROP,
17.4064,6,STA,WIFI_DROP,
17.4064,7,STA,WIFI_DROP,
17.4088,6,STA,WIFI_DROP,
17.4088,7,STA,WIFI_DROP,
17.4112,6,STA,WIFI_DROP,
17.4112,7,STA,WIFI_DROP,
17.4136,6,STA,WIFI_DROP,
17.4136,7,STA,WIFI_DROP,
17.416,6,STA,WIFI_DROP,
17.416,7,STA,WIFI_DROP,
17.4184,6,STA,WIFI_DROP,
17.4184,7,STA,WIFI_DROP,
17.4208,6,STA,WIFI_DROP,
17.4208,7,STA,WIFI_DROP,
17.4232,6,STA,WIFI_DROP,
17.4232,7,STA,WIFI_DROP,
17.4256,6,STA,WIFI_DROP,
17.4256,7,STA,WIFI_DROP,
17.428,6,STA,WIFI_DROP,
17.428,7,STA,WIFI_DROP,
17.4304,6,STA,WIFI_DROP,
17.4304,7,STA,WIFI_DROP,
17.4328,6,STA,WIFI_DROP,
17.4328,7,STA,WIFI_DROP,
17.4352,6,STA,WIFI_DROP,
17.4352,7,STA,WIFI_DROP,
17.4376,6,STA,WIFI_DROP,
17.4376,7,STA,WIFI_DROP,
17.44,6,STA,WIFI_DROP,
17.44,7,STA,WIFI_DROP,
17.4424,6,STA,WIFI_DROP,
17.4424,7,STA,WIFI_DROP,
17.4448,6,STA,WIFI_DROP,
17.4448,7,STA,WIFI_DROP,
17.4472,6,STA,WIFI_DROP,
17.4472,7,STA,WIFI_DROP,
17.4496,6,STA,WIFI_DROP,
17.4496,7,STA,WIFI_DROP,
17.452,6,STA,WIFI_DROP,
17.452,7,STA,WIFI_DROP,
17.4544,6,STA,WIFI_DROP,
17.4544,7,STA,WIFI_DROP,
17.4568,6,STA,WIFI_DROP,
17.4568,7,STA,WIFI_DROP,
17.4592,6,STA,WIFI_DROP,
17.4592,7,STA,WIFI_DROP,
17.4616,6,STA,WIFI_DROP,
17.4616,7,STA,WIFI_DROP,
17.464,6,STA,WIFI_DROP,
17.464,7,STA,WIFI_DROP,
17.4664,6,STA,WIFI_DROP,
17.4664,7,STA,WIFI_DROP,
17.4688,6,STA,WIFI_DROP,
17.4688,7,STA,WIFI_DROP,
17.4712,6,STA,WIFI_DROP,
17.4712,7,STA,WIFI_DROP,
17.4736,6,STA,WIFI_DROP,
17.4736,7,STA,WIFI_DROP,
17.476,6,STA,WIFI_DROP,
17.476,7,STA,WIFI_DROP,
17.4784,6,STA,WIFI_DROP,
17.4784,7,STA,WIFI_DROP,
17.4808,6,STA,WIFI_DROP,
17.4808,7,STA,WIFI_DROP,
17.4832,6,STA,WIFI_DROP,
17.4832,7,STA,WIFI_DROP,
17.4856,6,STA,WIFI_DROP,
17.4856,7,STA,WIFI_DROP,
17.488,6,STA,WIFI_DROP,
17.488,7,STA,WIFI_DROP,
17.4904,6,STA,WIFI_DROP,
17.4928,6,STA,WIFI_DROP,
17.4952,6,STA,WIFI_DROP,
17.4976,6,STA,WIFI_DROP,
17.5,6,STA,WIFI_DROP,
17.5024,6,STA,WIFI_DROP,
17.5048,6,STA,WIFI_DROP,
17.5072,6,STA,WIFI_DROP,
17.5096,6,STA,WIFI_DROP,
17.512,6,STA,WIFI_DROP,
17.5144,6,STA,WIFI_DROP,
17.5168,6,STA,WIFI_DROP,
17.5192,6,STA,WIFI_DROP,
17.5216,6,STA,WIFI_DROP,
17.524,6,STA,WIFI_DROP,
17.5264,6,STA,WIFI_DROP,
17.5288,6,STA,WIFI_DROP,
17.5312,6,STA,WIFI_DROP,
17.5336,6,STA,WIFI_DROP,
17.536,6,STA,WIFI_DROP,
17.5384,6,STA,WIFI_DROP,
17.5408,6,STA,WIFI_DROP,
17.5432,6,STA,WIFI_DROP,
17.5456,6,STA,WIFI_DROP,
17.548,6,STA,WIFI_DROP,
17.5504,6,STA,WIFI_DROP,
17.5528,6,STA,WIFI_DROP,
17.5552,6,STA,WIFI_DROP,
17.5576,6,STA,WIFI_DROP,
17.56,6,STA,WIFI_DROP,
17.5624,6,STA,WIFI_DROP,
17.5648,6,STA,WIFI_DROP,
17.5672,6,STA,WIFI_DROP,
17.5696,6,STA,WIFI_DROP,
17.572,6,STA,WIFI_DROP,
17.5744,6,STA,WIFI_DROP,
17.5768,6,STA,WIFI_DROP,
17.5792,6,STA,WIFI_DROP,
17.5816,6,STA,WIFI_DROP,
17.584,6,STA,WIFI_DROP,
17.5864,6,STA,WIFI_DROP,
17.5888,6,STA,WIFI_DROP,
17.5912,6,STA,WIFI_DROP,
17.5936,6,STA,WIFI_DROP,
17.596,6,STA,WIFI_DROP,
17.5984,6,STA,WIFI_DROP,
17.6008,6,STA,WIFI_DROP,
17.6032,6,STA,WIFI_DROP,
17.6056,6,STA,WIFI_DROP,
17.608,6,STA,WIFI_DROP,
17.6104,6,STA,WIFI_DROP,
17.6128,6,STA,WIFI_DROP,
17.6152,6,STA,WIFI_DROP,
17.6176,6,STA,WIFI_DROP,
17.62,6,STA,WIFI_DROP,
17.6224,6,STA,WIFI_DROP,
17.6248,6,STA,WIFI_DROP,
17.6272,6,STA,WIFI_DROP,
17.6296,6,STA,WIFI_DROP,
17.632,6,STA,WIFI_DROP,
17.6344,6,STA,WIFI_DROP,
17.6368,6,STA,WIFI_DROP,
17.6392,6,STA,WIFI_DROP,
17.6416,6,STA,WIFI_DROP,
17.644,6,STA,WIFI_DROP,
17.6464,6,STA,WIFI_DROP,
17.6488,6,STA,WIFI_DROP,
17.6512,6,STA,WIFI_DROP,
17.6536,6,STA,WIFI_DROP,
17.656,6,STA,WIFI_DROP,
17.6584,6,STA,WIFI_DROP,
17.6608,6,STA,WIFI_DROP,
17.6632,6,STA,WIFI_DROP,
17.6656,6,STA,WIFI_DROP,
17.668,6,STA,WIFI_DROP,
17.6704,6,STA,WIFI_DROP,
17.6728,6,STA,WIFI_DROP,
17.6752,6,STA,WIFI_DROP,
17.6776,6,STA,WIFI_DROP,
17.68,6,STA,WIFI_DROP,
17.6824,6,STA,WIFI_DROP,
17.6848,6,STA,WIFI_DROP,
17.6872,6,STA,WIFI_DROP,
17.6896,6,STA,WIFI_DROP,
17.692,6,STA,WIFI_DROP,
17.6944,6,STA,WIFI_DROP,
17.6944,11,STA,WIFI_DROP,
17.6968,6,STA,WIFI_DROP,
17.6968,11,STA,WIFI_DROP,
17.6992,6,STA,WIFI_DROP,
17.6992,11,STA,WIFI_DROP,
17.7016,6,STA,WIFI_DROP,
17.7016,11,STA,WIFI_DROP,
17.704,6,STA,WIFI_DROP,
17.704,11,STA,WIFI_DROP,
17.7064,6,STA,WIFI_DROP,
17.7064,11,STA,WIFI_DROP,
17.7088,6,STA,WIFI_DROP,
17.7088,11,STA,WIFI_DROP,
17.7112,6,STA,WIFI_DROP,
17.7112,11,STA,WIFI_DROP,
17.7136,6,STA,WIFI_DROP,
17.7136,11,STA,WIFI_DROP,
17.716,6,STA,WIFI_DROP,
17.716,11,STA,WIFI_DROP,
17.7184,6,STA,WIFI_DROP,
17.7184,11,STA,WIFI_DROP,
17.7208,6,STA,WIFI_DROP,
17.7208,11,STA,WIFI_DROP,
17.7232,6,STA,WIFI_DROP,
17.7232,11,STA,WIFI_DROP,
17.7256,6,STA,WIFI_DROP,
17.7256,11,STA,WIFI_DROP,
17.728,6,STA,WIFI_DROP,
17.728,11,STA,WIFI_DROP,
17.7304,6,STA,WIFI_DROP,
17.7304,11,STA,WIFI_DROP,
17.7328,6,STA,WIFI_DROP,
17.7328,11,STA,WIFI_DROP,
17.7352,6,STA,WIFI_DROP,
17.7352,11,STA,WIFI_DROP,
17.7376,6,STA,WIFI_DROP,
17.7376,11,STA,WIFI_DROP,
17.74,6,STA,WIFI_DROP,
17.74,11,STA,WIFI_DROP,
17.7424,6,STA,WIFI_DROP,
17.7424,11,STA,WIFI_DROP,
17.7448,6,STA,WIFI_DROP,
17.7448,11,STA,WIFI_DROP,
17.7472,6,STA,WIFI_DROP,
17.7472,11,STA,WIFI_DROP,
17.7496,6,STA,WIFI_DROP,
17.7496,11,STA,WIFI_DROP,
17.752,6,STA,WIFI_DROP,
17.752,11,STA,WIFI_DROP,
17.7544,6,STA,WIFI_DROP,
17.7544,11,STA,WIFI_DROP,
17.7568,6,STA,WIFI_DROP,
17.7568,11,STA,WIFI_DROP,
17.7592,6,STA,WIFI_DROP,
17.7592,11,STA,WIFI_DROP,
17.7616,6,STA,WIFI_DROP,
17.7616,11,STA,WIFI_DROP,
17.764,6,STA,WIFI_DROP,
17.764,11,STA,WIFI_DROP,
17.7664,6,STA,WIFI_DROP,
17.7664,11,STA,WIFI_DROP,
17.7688,6,STA,WIFI_DROP,
17.7688,11,STA,WIFI_DROP,
17.7712,6,STA,WIFI_DROP,
17.7712,11,STA,WIFI_DROP,
17.7736,6,STA,WIFI_DROP,
17.7736,11,STA,WIFI_DROP,
17.776,6,STA,WIFI_DROP,
17.776,11,STA,WIFI_DROP,
17.7784,6,STA,WIFI_DROP,
17.7784,11,STA,WIFI_DROP,
17.7808,6,STA,WIFI_DROP,
17.7808,11,STA,WIFI_DROP,
17.7832,6,STA,WIFI_DROP,
17.7832,11,STA,WIFI_DROP,
17.7856,6,STA,WIFI_DROP,
17.7856,11,STA,WIFI_DROP,
17.788,6,STA,WIFI_DROP,
17.788,11,STA,WIFI_DROP,
17.7904,6,STA,WIFI_DROP,
17.7904,11,STA,WIFI_DROP,
17.7928,6,STA,WIFI_DROP,
17.7928,11,STA,WIFI_DROP,
17.7952,6,STA,WIFI_DROP,
17.7952,11,STA,WIFI_DROP,
17.7976,6,STA,WIFI_DROP,
17.7976,11,STA,WIFI_DROP,
17.8,6,STA,WIFI_DROP,
17.8,11,STA,WIFI_DROP,
17.8024,6,STA,WIFI_DROP,
17.8024,11,STA,WIFI_DROP,
17.8048,6,STA,WIFI_DROP,
17.8048,11,STA,WIFI_DROP,
17.8072,6,STA,WIFI_DROP,
17.8072,11,STA,WIFI_DROP,
17.8096,6,STA,WIFI_DROP,
17.8096,11,STA,WIFI_DROP,
17.812,6,STA,WIFI_DROP,
17.812,11,STA,WIFI_DROP,
17.8144,6,STA,WIFI_DROP,
17.8144,11,STA,WIFI_DROP,
17.8168,6,STA,WIFI_DROP,
17.8168,11,STA,WIFI_DROP,
17.8192,6,STA,WIFI_DROP,
17.8192,11,STA,WIFI_DROP,
17.8216,6,STA,WIFI_DROP,
17.8216,11,STA,WIFI_DROP,
17.824,6,STA,WIFI_DROP,
17.824,11,STA,WIFI_DROP,
17.8264,6,STA,WIFI_DROP,
17.8264,11,STA,WIFI_DROP,
17.8288,6,STA,WIFI_DROP,
17.8288,11,STA,WIFI_DROP,
17.8312,6,STA,WIFI_DROP,
17.8312,11,STA,WIFI_DROP,
17.8336,6,STA,WIFI_DROP,
17.8336,11,STA,WIFI_DROP,
17.836,6,STA,WIFI_DROP,
17.836,11,STA,WIFI_DROP,
17.8384,6,STA,WIFI_DROP,
17.8384,11,STA,WIFI_DROP,
17.8408,6,STA,WIFI_DROP,
17.8408,11,STA,WIFI_DROP,
17.8432,6,STA,WIFI_DROP,
17.8432,11,STA,WIFI_DROP,
17.8456,6,STA,WIFI_DROP,
17.8456,11,STA,WIFI_DROP,
17.848,6,STA,WIFI_DROP,
17.848,11,STA,WIFI_DROP,
17.8504,6,STA,WIFI_DROP,
17.8504,11,STA,WIFI_DROP,
17.8528,6,STA,WIFI_DROP,
17.8528,11,STA,WIFI_DROP,
17.8552,6,STA,WIFI_DROP,
17.8552,11,STA,WIFI_DROP,
17.8576,6,STA,WIFI_DROP,
17.8576,11,STA,WIFI_DROP,
17.86,6,STA,WIFI_DROP,
17.86,11,STA,WIFI_DROP,
17.8624,6,STA,WIFI_DROP,
17.8624,11,STA,WIFI_DROP,
17.8648,6,STA,WIFI_DROP,
17.8648,11,STA,WIFI_DROP,
17.8672,6,STA,WIFI_DROP,
17.8672,11,STA,WIFI_DROP,
17.8696,6,STA,WIFI_DROP,
17.8696,11,STA,WIFI_DROP,
17.872,6,STA,WIFI_DROP,
17.872,11,STA,WIFI_DROP,
17.8744,6,STA,WIFI_DROP,
17.8744,11,STA,WIFI_DROP,
17.8768,6,STA,WIFI_DROP,
17.8768,11,STA,WIFI_DROP,
17.8792,6,STA,WIFI_DROP,
17.8792,11,STA,WIFI_DROP,
17.8816,6,STA,WIFI_DROP,
17.8816,11,STA,WIFI_DROP,
17.884,6,STA,WIFI_DROP,
17.884,11,STA,WIFI_DROP,
17.8864,6,STA,WIFI_DROP,
17.8864,11,STA,WIFI_DROP,
17.8888,6,STA,WIFI_DROP,
17.8888,11,STA,WIFI_DROP,
17.8912,6,STA,WIFI_DROP,
17.8912,11,STA,WIFI_DROP,
17.8936,6,STA,WIFI_DROP,
17.8936,11,STA,WIFI_DROP,
17.896,6,STA,WIFI_DROP,
17.896,11,STA,WIFI_DROP,
17.8984,6,STA,WIFI_DROP,
17.8984,8,STA,WIFI_DROP,
17.8984,11,STA,WIFI_DROP,
17.8984,12,STA,WIFI_DROP,
17.9008,6,STA,WIFI_DROP,
17.9008,8,STA,WIFI_DROP,
17.9008,11,STA,WIFI_DROP,
17.9008,12,STA,WIFI_DROP,
17.9032,6,STA,WIFI_DROP,
17.9032,8,STA,WIFI_DROP,
17.9032,11,STA,WIFI_DROP,
17.9032,12,STA,WIFI_DROP,
17.9056,6,STA,WIFI_DROP,
17.9056,8,STA,WIFI_DROP,
17.9056,11,STA,WIFI_DROP,
17.9056,12,STA,WIFI_DROP,
17.908,6,STA,WIFI_DROP,
17.908,8,STA,WIFI_DROP,
17.908,11,STA,WIFI_DROP,
17.908,12,STA,WIFI_DROP,
17.9104,6,STA,WIFI_DROP,
17.9104,8,STA,WIFI_DROP,
17.9104,11,STA,WIFI_DROP,
17.9104,12,STA,WIFI_DROP,
17.9128,6,STA,WIFI_DROP,
17.9128,8,STA,WIFI_DROP,
17.9128,11,STA,WIFI_DROP,
17.9128,12,STA,WIFI_DROP,
17.9152,6,STA,WIFI_DROP,
17.9152,8,STA,WIFI_DROP,
17.9152,11,STA,WIFI_DROP,
17.9152,12,STA,WIFI_DROP,
17.9176,6,STA,WIFI_DROP,
17.9176,8,STA,WIFI_DROP,
17.9176,11,STA,WIFI_DROP,
17.9176,12,STA,WIFI_DROP,
17.92,6,STA,WIFI_DROP,
17.92,8,STA,WIFI_DROP,
17.92,11,STA,WIFI_DROP,
17.92,12,STA,WIFI_DROP,
17.9224,6,STA,WIFI_DROP,
17.9224,8,STA,WIFI_DROP,
17.9224,11,STA,WIFI_DROP,
17.9224,12,STA,WIFI_DROP,
17.9248,6,STA,WIFI_DROP,
17.9248,8,STA,WIFI_DROP,
17.9248,11,STA,WIFI_DROP,
17.9248,12,STA,WIFI_DROP,
17.9272,6,STA,WIFI_DROP,
17.9272,8,STA,WIFI_DROP,
17.9272,11,STA,WIFI_DROP,
17.9272,12,STA,WIFI_DROP,
17.9296,6,STA,WIFI_DROP,
17.9296,8,STA,WIFI_DROP,
17.9296,11,STA,WIFI_DROP,
17.9296,12,STA,WIFI_DROP,
17.932,6,STA,WIFI_DROP,
17.932,8,STA,WIFI_DROP,
17.932,11,STA,WIFI_DROP,
17.932,12,STA,WIFI_DROP,
17.9344,6,STA,WIFI_DROP,
17.9344,8,STA,WIFI_DROP,
17.9344,11,STA,WIFI_DROP,
17.9344,12,STA,WIFI_DROP,
17.9368,6,STA,WIFI_DROP,
17.9368,8,STA,WIFI_DROP,
17.9368,11,STA,WIFI_DROP,
17.9368,12,STA,WIFI_DROP,
17.9392,6,STA,WIFI_DROP,
17.9392,8,STA,WIFI_DROP,
17.9392,11,STA,WIFI_DROP,
17.9392,12,STA,WIFI_DROP,
17.9416,6,STA,WIFI_DROP,
17.9416,8,STA,WIFI_DROP,
17.9416,11,STA,WIFI_DROP,
17.9416,12,STA,WIFI_DROP,
17.944,6,STA,WIFI_DROP,
17.944,8,STA,WIFI_DROP,
17.944,11,STA,WIFI_DROP,
17.944,12,STA,WIFI_DROP,
17.9464,6,STA,WIFI_DROP,
17.9464,8,STA,WIFI_DROP,
17.9464,11,STA,WIFI_DROP,
17.9464,12,STA,WIFI_DROP,
17.9488,6,STA,WIFI_DROP,
17.9488,8,STA,WIFI_DROP,
17.9488,11,STA,WIFI_DROP,
17.9488,12,STA,WIFI_DROP,
17.9512,6,STA,WIFI_DROP,
17.9512,8,STA,WIFI_DROP,
17.9512,11,STA,WIFI_DROP,
17.9512,12,STA,WIFI_DROP,
17.9536,6,STA,WIFI_DROP,
17.9536,8,STA,WIFI_DROP,
17.9536,11,STA,WIFI_DROP,
17.9536,12,STA,WIFI_DROP,
17.956,6,STA,WIFI_DROP,
17.956,8,STA,WIFI_DROP,
17.956,11,STA,WIFI_DROP,
17.956,12,STA,WIFI_DROP,
17.9584,6,STA,WIFI_DROP,
17.9584,8,STA,WIFI_DROP,
17.9584,11,STA,WIFI_DROP,
17.9584,12,STA,WIFI_DROP,
17.9608,6,STA,WIFI_DROP,
17.9608,8,STA,WIFI_DROP,
17.9608,11,STA,WIFI_DROP,
17.9608,12,STA,WIFI_DROP,
17.9632,6,STA,WIFI_DROP,
17.9632,8,STA,WIFI_DROP,
17.9632,11,STA,WIFI_DROP,
17.9632,12,STA,WIFI_DROP,
17.9656,6,STA,WIFI_DROP,
17.9656,8,STA,WIFI_DROP,
17.9656,11,STA,WIFI_DROP,
17.9656,12,STA,WIFI_DROP,
17.968,6,STA,WIFI_DROP,
17.968,8,STA,WIFI_DROP,
17.968,11,STA,WIFI_DROP,
17.968,12,STA,WIFI_DROP,
17.9704,6,STA,WIFI_DROP,
17.9704,8,STA,WIFI_DROP,
17.9704,11,STA,WIFI_DROP,
17.9704,12,STA,WIFI_DROP,
17.9728,6,STA,WIFI_DROP,
17.9728,8,STA,WIFI_DROP,
17.9728,11,STA,WIFI_DROP,
17.9728,12,STA,WIFI_DROP,
17.9752,6,STA,WIFI_DROP,
17.9752,8,STA,WIFI_DROP,
17.9752,11,STA,WIFI_DROP,
17.9752,12,STA,WIFI_DROP,
17.9776,6,STA,WIFI_DROP,
17.9776,8,STA,WIFI_DROP,
17.9776,11,STA,WIFI_DROP,
17.9776,12,STA,WIFI_DROP,
17.98,6,STA,WIFI_DROP,
17.98,8,STA,WIFI_DROP,
17.98,11,STA,WIFI_DROP,
17.98,12,STA,WIFI_DROP,
17.9824,6,STA,WIFI_DROP,
17.9824,8,STA,WIFI_DROP,
17.9824,11,STA,WIFI_DROP,
17.9824,12,STA,WIFI_DROP,
17.9848,6,STA,WIFI_DROP,
17.9848,8,STA,WIFI_DROP,
17.9848,11,STA,WIFI_DROP,
17.9848,12,STA,WIFI_DROP,
17.9872,6,STA,WIFI_DROP,
17.9872,8,STA,WIFI_DROP,
17.9872,11,STA,WIFI_DROP,
17.9872,12,STA,WIFI_DROP,
17.9896,6,STA,WIFI_DROP,
17.9896,8,STA,WIFI_DROP,
17.9896,11,STA,WIFI_DROP,
17.9896,12,STA,WIFI_DROP,
17.992,6,STA,WIFI_DROP,
17.992,8,STA,WIFI_DROP,
17.992,11,STA,WIFI_DROP,
17.992,12,STA,WIFI_DROP,
17.9944,6,STA,WIFI_DROP,
17.9944,8,STA,WIFI_DROP,
17.9944,11,STA,WIFI_DROP,
17.9944,12,STA,WIFI_DROP,
17.9968,6,STA,WIFI_DROP,
17.9968,8,STA,WIFI_DROP,
17.9968,11,STA,WIFI_DROP,
17.9968,12,STA,WIFI_DROP,
17.9992,6,STA,WIFI_DROP,
17.9992,8,STA,WIFI_DROP,
17.9992,11,STA,WIFI_DROP,
17.9992,12,STA,WIFI_DROP,
18,8,STA,THROUGHPUT_MBPS,0.684000
18,13,STA,THROUGHPUT_MBPS,1.584000
18,15,STA,THROUGHPUT_MBPS,0.828000
18,18,STA,THROUGHPUT_MBPS,0.816000
18,20,STA,THROUGHPUT_MBPS,2.016000
18,1,AP,AGGREGATE_THROUGHPUT_MBPS,5.928000
18,1,AP,SENT_COUNT,8340.000000
18,1,AP,RECV_COUNT,494.000000
18,1,AP,LATENCY_P95_MS,536.399680
18.0016,6,STA,WIFI_DROP,
18.0016,8,STA,WIFI_DROP,
18.0016,11,STA,WIFI_DROP,
18.0016,12,STA,WIFI_DROP,
18.004,6,STA,WIFI_DROP,
18.004,8,STA,WIFI_DROP,
18.004,11,STA,WIFI_DROP,
18.004,12,STA,WIFI_DROP,
18.0064,6,STA,WIFI_DROP,
18.0064,8,STA,WIFI_DROP,
18.0064,11,STA,WIFI_DROP,
18.0064,12,STA,WIFI_DROP,
18.0088,6,STA,WIFI_DROP,
18.0088,8,STA,WIFI_DROP,
18.0088,11,STA,WIFI_DROP,
18.0088,12,STA,WIFI_DROP,
18.0112,6,STA,WIFI_DROP,
18.0112,8,STA,WIFI_DROP,
18.0112,11,STA,WIFI_DROP,
18.0112,12,STA,WIFI_DROP,
18.0136,6,STA,WIFI_DROP,
18.0136,8,STA,WIFI_DROP,
18.0136,11,STA,WIFI_DROP,
18.0136,12,STA,WIFI_DROP,
18.016,6,STA,WIFI_DROP,
18.016,8,STA,WIFI_DROP,
18.016,11,STA,WIFI_DROP,
18.016,12,STA,WIFI_DROP,
18.0184,6,STA,WIFI_DROP,
18.0184,8,STA,WIFI_DROP,
18.0184,11,STA,WIFI_DROP,
18.0184,12,STA,WIFI_DROP,
18.0208,6,STA,WIFI_DROP,
18.0208,8,STA,WIFI_DROP,
18.0208,11,STA,WIFI_DROP,
18.0208,12,STA,WIFI_DROP,
18.0232,6,STA,WIFI_DROP,
18.0232,8,STA,WIFI_DROP,
18.0232,11,STA,WIFI_DROP,
18.0232,12,STA,WIFI_DROP,
18.0256,6,STA,WIFI_DROP,
18.0256,8,STA,WIFI_DROP,
18.0256,11,STA,WIFI_DROP,
18.0256,12,STA,WIFI_DROP,
18.028,6,STA,WIFI_DROP,
18.028,8,STA,WIFI_DROP,
18.028,11,STA,WIFI_DROP,
18.028,12,STA,WIFI_DROP,
18.0304,6,STA,WIFI_DROP,
18.0304,8,STA,WIFI_DROP,
18.0304,11,STA,WIFI_DROP,
18.0304,12,STA,WIFI_DROP,
18.0328,6,STA,WIFI_DROP,
18.0328,8,STA,WIFI_DROP,
18.0328,11,STA,WIFI_DROP,
18.0328,12,STA,WIFI_DROP,
18.0352,6,STA,WIFI_DROP,
18.0352,8,STA,WIFI_DROP,
18.0352,11,STA,WIFI_DROP,
18.0352,12,STA,WIFI_DROP,
18.0376,6,STA,WIFI_DROP,
18.0376,8,STA,WIFI_DROP,
18.0376,11,STA,WIFI_DROP,
18.0376,12,STA,WIFI_DROP,
18.04,6,STA,WIFI_DROP,
18.04,8,STA,WIFI_DROP,
18.04,11,STA,WIFI_DROP,
18.04,12,STA,WIFI_DROP,
18.0424,6,STA,WIFI_DROP,
18.0424,8,STA,WIFI_DROP,
18.0424,11,STA,WIFI_DROP,
18.0424,12,STA,WIFI_DROP,
18.0448,6,STA,WIFI_DROP,
18.0448,8,STA,WIFI_DROP,
18.0448,11,STA,WIFI_DROP,
18.0448,12,STA,WIFI_DROP,
18.0472,6,STA,WIFI_DROP,
18.0472,8,STA,WIFI_DROP,
18.0472,11,STA,WIFI_DROP,
18.0472,12,STA,WIFI_DROP,
18.0496,6,STA,WIFI_DROP,
18.0496,8,STA,WIFI_DROP,
18.0496,11,STA,WIFI_DROP,
18.0496,12,STA,WIFI_DROP,
18.052,6,STA,WIFI_DROP,
18.052,8,STA,WIFI_DROP,
18.052,11,STA,WIFI_DROP,
18.052,12,STA,WIFI_DROP,
18.0544,6,STA,WIFI_DROP,
18.0544,8,STA,WIFI_DROP,
18.0544,11,STA,WIFI_DROP,
18.0544,12,STA,WIFI_DROP,
18.0568,6,STA,WIFI_DROP,
18.0568,8,STA,WIFI_DROP,
18.0568,11,STA,WIFI_DROP,
18.0568,12,STA,WIFI_DROP,
18.0592,6,STA,WIFI_DROP,
18.0592,8,STA,WIFI_DROP,
18.0592,11,STA,WIFI_DROP,
18.0592,12,STA,WIFI_DROP,
18.0616,6,STA,WIFI_DROP,
18.0616,8,STA,WIFI_DROP,
18.0616,11,STA,WIFI_DROP,
18.0616,12,STA,WIFI_DROP,
18.064,6,STA,WIFI_DROP,
18.064,8,STA,WIFI_DROP,
18.064,11,STA,WIFI_DROP,
18.064,12,STA,WIFI_DROP,
18.0664,6,STA,WIFI_DROP,
18.0664,8,STA,WIFI_DROP,
18.0664,11,STA,WIFI_DROP,
18.0664,12,STA,WIFI_DROP,
18.0688,6,STA,WIFI_DROP,
18.0688,8,STA,WIFI_DROP,
18.0688,11,STA,WIFI_DROP,
18.0688,12,STA,WIFI_DROP,
18.0712,6,STA,WIFI_DROP,
18.0712,8,STA,WIFI_DROP,
18.0712,11,STA,WIFI_DROP,
18.0712,12,STA,WIFI_DROP,
18.0736,6,STA,WIFI_DROP,
18.0736,8,STA,WIFI_DROP,
18.0736,11,STA,WIFI_DROP,
18.0736,12,STA,WIFI_DROP,
18.076,6,STA,WIFI_DROP,
18.076,8,STA,WIFI_DROP,
18.076,11,STA,WIFI_DROP,
18.076,12,STA,WIFI_DROP,
18.0784,6,STA,WIFI_DROP,
18.0784,8,STA,WIFI_DROP,
18.0784,11,STA,WIFI_DROP,
18.0784,12,STA,WIFI_DROP,
18.0808,6,STA,WIFI_DROP,
18.0808,8,STA,WIFI_DROP,
18.0808,11,STA,WIFI_DROP,
18.0808,12,STA,WIFI_DROP,
18.0832,6,STA,WIFI_DROP,
18.0832,8,STA,WIFI_DROP,
18.0832,11,STA,WIFI_DROP,
18.0832,12,STA,WIFI_DROP,
18.0856,6,STA,WIFI_DROP,
18.0856,8,STA,WIFI_DROP,
18.0856,11,STA,WIFI_DROP,
18.0856,12,STA,WIFI_DROP,
18.088,6,STA,WIFI_DROP,
18.088,8,STA,WIFI_DROP,
18.088,11,STA,WIFI_DROP,
18.088,12,STA,WIFI_DROP,
18.0904,6,STA,WIFI_DROP,
18.0904,8,STA,WIFI_DROP,
18.0904,11,STA,WIFI_DROP,
18.0904,12,STA,WIFI_DROP,
18.0928,6,STA,WIFI_DROP,
18.0928,8,STA,WIFI_DROP,
18.0928,11,STA,WIFI_DROP,
18.0928,12,STA,WIFI_DROP,
18.0952,6,STA,WIFI_DROP,
18.0952,8,STA,WIFI_DROP,
18.0952,11,STA,WIFI_DROP,
18.0952,12,STA,WIFI_DROP,
18.0976,6,STA,WIFI_DROP,
18.0976,8,STA,WIFI_DROP,
18.0976,11,STA,WIFI_DROP,
18.0976,12,STA,WIFI_DROP,
18.1,6,STA,WIFI_DROP,
18.1,8,STA,WIFI_DROP,
18.1,11,STA,WIFI_DROP,
18.1,12,STA,WIFI_DROP,
18.1024,6,STA,WIFI_DROP,
18.1024,8,STA,WIFI_DROP,
18.1024,11,STA,WIFI_DROP,
18.1024,12,STA,WIFI_DROP,
18.1048,6,STA,WIFI_DROP,
18.1048,8,STA,WIFI_DROP,
18.1048,10,STA,WIFI_DROP,
18.1048,11,STA,WIFI_DROP,
18.1048,12,STA,WIFI_DROP,
18.1072,6,STA,WIFI_DROP,
18.1072,8,STA,WIFI_DROP,
18.1072,10,STA,WIFI_DROP,
18.1072,11,STA,WIFI_DROP,
18.1072,12,STA,WIFI_DROP,
18.1096,6,STA,WIFI_DROP,
18.1096,8,STA,WIFI_DROP,
18.1096,10,STA,WIFI_DROP,
18.1096,11,STA,WIFI_DROP,
18.1096,12,STA,WIFI_DROP,
18.112,6,STA,WIFI_DROP,
18.112,8,STA,WIFI_DROP,
18.112,10,STA,WIFI_DROP,
18.112,11,STA,WIFI_DROP,
18.112,12,STA,WIFI_DROP,
18.1144,6,STA,WIFI_DROP,
18.1144,8,STA,WIFI_DROP,
18.1144,10,STA,WIFI_DROP,
18.1144,11,STA,WIFI_DROP,
18.1144,12,STA,WIFI_DROP,
18.1168,6,STA,WIFI_DROP,
18.1168,8,STA,WIFI_DROP,
18.1168,10,STA,WIFI_DROP,
18.1168,11,STA,WIFI_DROP,
18.1168,12,STA,WIFI_DROP,
18.1192,6,STA,WIFI_DROP,
18.1192,8,STA,WIFI_DROP,
18.1192,10,STA,WIFI_DROP,
18.1192,11,STA,WIFI_DROP,
18.1192,12,STA,WIFI_DROP,
18.1216,6,STA,WIFI_DROP,
18.1216,8,STA,WIFI_DROP,
18.1216,10,STA,WIFI_DROP,
18.1216,11,STA,WIFI_DROP,
18.1216,12,STA,WIFI_DROP,
18.124,6,STA,WIFI_DROP,
18.124,8,STA,WIFI_DROP,
18.124,10,STA,WIFI_DROP,
18.124,11,STA,WIFI_DROP,
18.124,12,STA,WIFI_DROP,
18.1264,6,STA,WIFI_DROP,
18.1264,8,STA,WIFI_DROP,
18.1264,10,STA,WIFI_DROP,
18.1264,11,STA,WIFI_DROP,
18.1264,12,STA,WIFI_DROP,
18.1288,6,STA,WIFI_DROP,
18.1288,8,STA,WIFI_DROP,
18.1288,10,STA,WIFI_DROP,
18.1288,11,STA,WIFI_DROP,
18.1288,12,STA,WIFI_DROP,
18.1312,6,STA,WIFI_DROP,
18.1312,8,STA,WIFI_DROP,
18.1312,10,STA,WIFI_DROP,
18.1312,11,STA,WIFI_DROP,
18.1312,12,STA,WIFI_DROP,
18.1336,6,STA,WIFI_DROP,
18.1336,8,STA,WIFI_DROP,
18.1336,10,STA,WIFI_DROP,
18.1336,11,STA,WIFI_DROP,
18.1336,12,STA,WIFI_DROP,
18.136,6,STA,WIFI_DROP,
18.136,8,STA,WIFI_DROP,
18.136,10,STA,WIFI_DROP,
18.136,11,STA,WIFI_DROP,
18.136,12,STA,WIFI_DROP,
18.1384,6,STA,WIFI_DROP,
18.1384,8,STA,WIFI_DROP,
18.1384,10,STA,WIFI_DROP,
18.1384,11,STA,WIFI_DROP,
18.1384,12,STA,WIFI_DROP,
18.1408,6,STA,WIFI_DROP,
18.1408,8,STA,WIFI_DROP,
18.1408,10,STA,WIFI_DROP,
18.1408,11,STA,WIFI_DROP,
18.1408,12,STA,WIFI_DROP,
18.1432,6,STA,WIFI_DROP,
18.1432,8,STA,WIFI_DROP,
18.1432,10,STA,WIFI_DROP,
18.1432,11,STA,WIFI_DROP,
18.1432,12,STA,WIFI_DROP,
18.1456,6,STA,WIFI_DROP,
18.1456,8,STA,WIFI_DROP,
18.1456,10,STA,WIFI_DROP,
18.1456,11,STA,WIFI_DROP,
18.1456,12,STA,WIFI_DROP,
18.148,6,STA,WIFI_DROP,
18.148,8,STA,WIFI_DROP,
18.148,10,STA,WIFI_DROP,
18.148,11,STA,WIFI_DROP,
18.148,12,STA,WIFI_DROP,
18.1504,6,STA,WIFI_DROP,
18.1504,8,STA,WIFI_DROP,
18.1504,10,STA,WIFI_DROP,
18.1504,11,STA,WIFI_DROP,
18.1504,12,STA,WIFI_DROP,
18.1528,3,STA,WIFI_DROP,
18.1528,6,STA,WIFI_DROP,
18.1528,8,STA,WIFI_DROP,
18.1528,10,STA,WIFI_DROP,
18.1528,11,STA,WIFI_DROP,
18.1528,12,STA,WIFI_DROP,
18.1552,3,STA,WIFI_DROP,
18.1552,6,STA,WIFI_DROP,
18.1552,8,STA,WIFI_DROP,
18.1552,10,STA,WIFI_DROP,
18.1552,11,STA,WIFI_DROP,
18.1552,12,STA,WIFI_DROP,
18.1576,3,STA,WIFI_DROP,
18.1576,6,STA,WIFI_DROP,
18.1576,8,STA,WIFI_DROP,
18.1576,10,STA,WIFI_DROP,
18.1576,11,STA,WIFI_DROP,
18.1576,12,STA,WIFI_DROP,
18.16,3,STA,WIFI_DROP,
18.16,6,STA,WIFI_DROP,
18.16,8,STA,WIFI_DROP,
18.16,10,STA,WIFI_DROP,
18.16,11,STA,WIFI_DROP,
18.16,12,STA,WIFI_DROP,
18.1624,3,STA,WIFI_DROP,
18.1624,6,STA,WIFI_DROP,
18.1624,8,STA,WIFI_DROP,
18.1624,10,STA,WIFI_DROP,
18.1624,11,STA,WIFI_DROP,
18.1624,12,STA,WIFI_DROP,
18.1648,3,STA,WIFI_DROP,
18.1648,6,STA,WIFI_DROP,
18.1648,8,STA,WIFI_DROP,
18.1648,10,STA,WIFI_DROP,
18.1648,11,STA,WIFI_DROP,
18.1648,12,STA,WIFI_DROP,
18.1672,3,STA,WIFI_DROP,
18.1672,6,STA,WIFI_DROP,
18.1672,8,STA,WIFI_DROP,
18.1672,10,STA,WIFI_DROP,
18.1672,11,STA,WIFI_DROP,
18.1672,12,STA,WIFI_DROP,
18.1696,3,STA,WIFI_DROP,
18.1696,6,STA,WIFI_DROP,
18.1696,8,STA,WIFI_DROP,
18.1696,10,STA,WIFI_DROP,
18.1696,11,STA,WIFI_DROP,
18.1696,12,STA,WIFI_DROP,
18.172,3,STA,WIFI_DROP,
18.172,6,STA,WIFI_DROP,
18.172,8,STA,WIFI_DROP,
18.172,10,STA,WIFI_DROP,
18.172,11,STA,WIFI_DROP,
18.172,12,STA,WIFI_DROP,
18.1744,3,STA,WIFI_DROP,
18.1744,6,STA,WIFI_DROP,
18.1744,8,STA,WIFI_DROP,
18.1744,10,STA,WIFI_DROP,
18.1744,11,STA,WIFI_DROP,
18.1744,12,STA,WIFI_DROP,
18.1768,3,STA,WIFI_DROP,
18.1768,6,STA,WIFI_DROP,
18.1768,8,STA,WIFI_DROP,
18.1768,10,STA,WIFI_DROP,
18.1768,11,STA,WIFI_DROP,
18.1768,12,STA,WIFI_DROP,
18.1792,3,STA,WIFI_DROP,
18.1792,6,STA,WIFI_DROP,
18.1792,8,STA,WIFI_DROP,
18.1792,10,STA,WIFI_DROP,
18.1792,11,STA,WIFI_DROP,
18.1792,12,STA,WIFI_DROP,
18.1816,3,STA,WIFI_DROP,
18.1816,6,STA,WIFI_DROP,
18.1816,8,STA,WIFI_DROP,
18.1816,10,STA,WIFI_DROP,
18.1816,11,STA,WIFI_DROP,
18.1816,12,STA,WIFI_DROP,
18.184,3,STA,WIFI_DROP,
18.184,6,STA,WIFI_DROP,
18.184,8,STA,WIFI_DROP,
18.184,10,STA,WIFI_DROP,
18.184,11,STA,WIFI_DROP,
18.184,12,STA,WIFI_DROP,
18.1864,3,STA,WIFI_DROP,
18.1864,6,STA,WIFI_DROP,
18.1864,8,STA,WIFI_DROP,
18.1864,10,STA,WIFI_DROP,
18.1864,11,STA,WIFI_DROP,
18.1864,12,STA,WIFI_DROP,
18.1888,3,STA,WIFI_DROP,
18.1888,6,STA,WIFI_DROP,
18.1888,8,STA,WIFI_DROP,
18.1888,10,STA,WIFI_DROP,
18.1888,11,STA,WIFI_DROP,
18.1888,12,STA,WIFI_DROP,
18.1912,3,STA,WIFI_DROP,
18.1912,6,STA,WIFI_DROP,
18.1912,8,STA,WIFI_DROP,
18.1912,10,STA,WIFI_DROP,
18.1912,11,STA,WIFI_DROP,
18.1912,12,STA,WIFI_DROP,
18.1936,3,STA,WIFI_DROP,
18.1936,6,STA,WIFI_DROP,
18.1936,8,STA,WIFI_DROP,
18.1936,10,STA,WIFI_DROP,
18.1936,11,STA,WIFI_DROP,
18.1936,12,STA,WIFI_DROP,
18.196,3,STA,WIFI_DROP,
18.196,6,STA,WIFI_DROP,
18.196,8,STA,WIFI_DROP,
18.196,10,STA,WIFI_DROP,
18.196,11,STA,WIFI_DROP,
18.196,12,STA,WIFI_DROP,
18.1984,3,STA,WIFI_DROP,
18.1984,6,STA,WIFI_DROP,
18.1984,8,STA,WIFI_DROP,
18.1984,10,STA,WIFI_DROP,
18.1984,11,STA,WIFI_DROP,
18.1984,12,STA,WIFI_DROP,
18.2008,3,STA,WIFI_DROP,
18.2008,6,STA,WIFI_DROP,
18.2008,8,STA,WIFI_DROP,
18.2008,10,STA,WIFI_DROP,
18.2008,11,STA,WIFI_DROP,
18.2008,12,STA,WIFI_DROP,
18.2032,3,STA,WIFI_DROP,
18.2032,6,STA,WIFI_DROP,
18.2032,8,STA,WIFI_DROP,
18.2032,10,STA,WIFI_DROP,
18.2032,11,STA,WIFI_DROP,
18.2032,12,STA,WIFI_DROP,
18.2056,3,STA,WIFI_DROP,
18.2056,4,STA,WIFI_DROP,
18.2056,6,STA,WIFI_DROP,
18.2056,8,STA,WIFI_DROP,
18.2056,10,STA,WIFI_DROP,
18.2056,11,STA,WIFI_DROP,
18.2056,12,STA,WIFI_DROP,
18.2056,21,STA,WIFI_DROP,
18.208,3,STA,WIFI_DROP,
18.208,4,STA,WIFI_DROP,
18.208,6,STA,WIFI_DROP,
18.208,8,STA,WIFI_DROP,
18.208,10,STA,WIFI_DROP,
18.208,11,STA,WIFI_DROP,
18.208,12,STA,WIFI_DROP,
18.208,21,STA,WIFI_DROP,
18.2104,3,STA,WIFI_DROP,
18.2104,4,STA,WIFI_DROP,
18.2104,6,STA,WIFI_DROP,
18.2104,8,STA,WIFI_DROP,
18.2104,10,STA,WIFI_DROP,
18.2104,11,STA,WIFI_DROP,
18.2104,12,STA,WIFI_DROP,
18.2104,21,STA,WIFI_DROP,
18.2128,3,STA,WIFI_DROP,
18.2128,4,STA,WIFI_DROP,
18.2128,6,STA,WIFI_DROP,
18.2128,8,STA,WIFI_DROP,
18.2128,10,STA,WIFI_DROP,
18.2128,11,STA,WIFI_DROP,
18.2128,12,STA,WIFI_DROP,
18.2128,21,STA,WIFI_DROP,
18.2152,3,STA,WIFI_DROP,
18.2152,4,STA,WIFI_DROP,
18.2152,6,STA,WIFI_DROP,
18.2152,8,STA,WIFI_DROP,
18.2152,10,STA,WIFI_DROP,
18.2152,11,STA,WIFI_DROP,
18.2152,12,STA,WIFI_DROP,
18.2152,21,STA,WIFI_DROP,
18.2176,3,STA,WIFI_DROP,
18.2176,4,STA,WIFI_DROP,
18.2176,6,STA,WIFI_DROP,
18.2176,8,STA,WIFI_DROP,
18.2176,10,STA,WIFI_DROP,
18.2176,11,STA,WIFI_DROP,
18.2176,12,STA,WIFI_DROP,
18.2176,21,STA,WIFI_DROP,
18.22,3,STA,WIFI_DROP,
18.22,4,STA,WIFI_DROP,
18.22,6,STA,WIFI_DROP,
18.22,8,STA,WIFI_DROP,
18.22,10,STA,WIFI_DROP,
18.22,11,STA,WIFI_DROP,
18.22,12,STA,WIFI_DROP,
18.22,21,STA,WIFI_DROP,
18.2224,3,STA,WIFI_DROP,
18.2224,4,STA,WIFI_DROP,
18.2224,6,STA,WIFI_DROP,
18.2224,8,STA,WIFI_DROP,
18.2224,10,STA,WIFI_DROP,
18.2224,11,STA,WIFI_DROP,
18.2224,12,STA,WIFI_DROP,
18.2224,21,STA,WIFI_DROP,
18.2248,3,STA,WIFI_DROP,
18.2248,4,STA,WIFI_DROP,
18.2248,6,STA,WIFI_DROP,
18.2248,8,STA,WIFI_DROP,
18.2248,10,STA,WIFI_DROP,
18.2248,11,STA,WIFI_DROP,
18.2248,12,STA,WIFI_DROP,
18.2248,21,STA,WIFI_DROP,
18.2272,3,STA,WIFI_DROP,
18.2272,4,STA,WIFI_DROP,
18.2272,6,STA,WIFI_DROP,
18.2272,8,STA,WIFI_DROP,
18.2272,10,STA,WIFI_DROP,
18.2272,11,STA,WIFI_DROP,
18.2272,12,STA,WIFI_DROP,
18.2272,21,STA,WIFI_DROP,
18.2296,3,STA,WIFI_DROP,
18.2296,4,STA,WIFI_DROP,
18.2296,6,STA,WIFI_DROP,
18.2296,8,STA,WIFI_DROP,
18.2296,10,STA,WIFI_DROP,
18.2296,11,STA,WIFI_DROP,
18.2296,12,STA,WIFI_DROP,
18.2296,21,STA,WIFI_DROP,
18.232,3,STA,WIFI_DROP,
18.232,4,STA,WIFI_DROP,
18.232,6,STA,WIFI_DROP,
18.232,8,STA,WIFI_DROP,
18.232,10,STA,WIFI_DROP,
18.232,11,STA,WIFI_DROP,
18.232,12,STA,WIFI_DROP,
18.232,21,STA,WIFI_DROP,
18.2344,3,STA,WIFI_DROP,
18.2344,4,STA,WIFI_DROP,
18.2344,6,STA,WIFI_DROP,
18.2344,8,STA,WIFI_DROP,
18.2344,10,STA,WIFI_DROP,
18.2344,11,STA,WIFI_DROP,
18.2344,12,STA,WIFI_DROP,
18.2344,21,STA,WIFI_DROP,
18.2368,3,STA,WIFI_DROP,
18.2368,4,STA,WIFI_DROP,
18.2368,6,STA,WIFI_DROP,
18.2368,8,STA,WIFI_DROP,
18.2368,10,STA,WIFI_DROP,
18.2368,11,STA,WIFI_DROP,
18.2368,12,STA,WIFI_DROP,
18.2368,21,STA,WIFI_DROP,
18.2392,3,STA,WIFI_DROP,
18.2392,4,STA,WIFI_DROP,
18.2392,6,STA,WIFI_DROP,
18.2392,8,STA,WIFI_DROP,
18.2392,10,STA,WIFI_DROP,
18.2392,11,STA,WIFI_DROP,
18.2392,12,STA,WIFI_DROP,
18.2392,21,STA,WIFI_DROP,
18.2416,3,STA,WIFI_DROP,
18.2416,4,STA,WIFI_DROP,
18.2416,6,STA,WIFI_DROP,
18.2416,8,STA,WIFI_DROP,
18.2416,10,STA,WIFI_DROP,
18.2416,11,STA,WIFI_DROP,
18.2416,12,STA,WIFI_DROP,
18.2416,21,STA,WIFI_DROP,
18.244,3,STA,WIFI_DROP,
18.244,4,STA,WIFI_DROP,
18.244,6,STA,WIFI_DROP,
18.244,8,STA,WIFI_DROP,
18.244,10,STA,WIFI_DROP,
18.244,11,STA,WIFI_DROP,
18.244,12,STA,WIFI_DROP,
18.244,21,STA,WIFI_DROP,
18.2464,3,STA,WIFI_DROP,
18.2464,4,STA,WIFI_DROP,
18.2464,6,STA,WIFI_DROP,
18.2464,8,STA,WIFI_DROP,
18.2464,10,STA,WIFI_DROP,
18.2464,11,STA,WIFI_DROP,
18.2464,12,STA,WIFI_DROP,
18.2464,21,STA,WIFI_DROP,
18.2488,3,STA,WIFI_DROP,
18.2488,4,STA,WIFI_DROP,
18.2488,6,STA,WIFI_DROP,
18.2488,8,STA,WIFI_DROP,
18.2488,10,STA,WIFI_DROP,
18.2488,11,STA,WIFI_DROP,
18.2488,12,STA,WIFI_DROP,
18.2488,21,STA,WIFI_DROP,
18.2512,3,STA,WIFI_DROP,
18.2512,4,STA,WIFI_DROP,
18.2512,6,STA,WIFI_DROP,
18.2512,8,STA,WIFI_DROP,
18.2512,10,STA,WIFI_DROP,
18.2512,11,STA,WIFI_DROP,
18.2512,12,STA,WIFI_DROP,
18.2512,21,STA,WIFI_DROP,
18.2536,3,STA,WIFI_DROP,
18.2536,4,STA,WIFI_DROP,
18.2536,6,STA,WIFI_DROP,
18.2536,8,STA,WIFI_DROP,
18.2536,10,STA,WIFI_DROP,
18.2536,11,STA,WIFI_DROP,
18.2536,12,STA,WIFI_DROP,
18.2536,21,STA,WIFI_DROP,
18.256,3,STA,WIFI_DROP,
18.256,4,STA,WIFI_DROP,
18.256,6,STA,WIFI_DROP,
18.256,8,STA,WIFI_DROP,
18.256,10,STA,WIFI_DROP,
18.256,11,STA,WIFI_DROP,
18.256,12,STA,WIFI_DROP,
18.256,21,STA,WIFI_DROP,
18.2584,3,STA,WIFI_DROP,
18.2584,4,STA,WIFI_DROP,
18.2584,6,STA,WIFI_DROP,
18.2584,8,STA,WIFI_DROP,
18.2584,10,STA,WIFI_DROP,
18.2584,11,STA,WIFI_DROP,
18.2584,12,STA,WIFI_DROP,
18.2584,21,STA,WIFI_DROP,
18.2608,3,STA,WIFI_DROP,
18.2608,4,STA,WIFI_DROP,
18.2608,6,STA,WIFI_DROP,
18.2608,8,STA,WIFI_DROP,
18.2608,11,STA,WIFI_DROP,
18.2608,12,STA,WIFI_DROP,
18.2608,21,STA,WIFI_DROP,
18.2632,3,STA,WIFI_DROP,
18.2632,4,STA,WIFI_DROP,
18.2632,6,STA,WIFI_DROP,
18.2632,8,STA,WIFI_DROP,
18.2632,11,STA,WIFI_DROP,
18.2632,12,STA,WIFI_DROP,
18.2632,21,STA,WIFI_DROP,
18.2656,3,STA,WIFI_DROP,
18.2656,4,STA,WIFI_DROP,
18.2656,6,STA,WIFI_DROP,
18.2656,8,STA,WIFI_DROP,
18.2656,11,STA,WIFI_DROP,
18.2656,12,STA,WIFI_DROP,
18.2656,21,STA,WIFI_DROP,
18.268,3,STA,WIFI_DROP,
18.268,4,STA,WIFI_DROP,
18.268,6,STA,WIFI_DROP,
18.268,8,STA,WIFI_DROP,
18.268,11,STA,WIFI_DROP,
18.268,12,STA,WIFI_DROP,
18.268,21,STA,WIFI_DROP,
18.2704,3,STA,WIFI_DROP,
18.2704,4,STA,WIFI_DROP,
18.2704,6,STA,WIFI_DROP,
18.2704,8,STA,WIFI_DROP,
18.2704,11,STA,WIFI_DROP,
18.2704,12,STA,WIFI_DROP,
18.2704,21,STA,WIFI_DROP,
18.2728,3,STA,WIFI_DROP,
18.2728,4,STA,WIFI_DROP,
18.2728,6,STA,WIFI_DROP,
18.2728,8,STA,WIFI_DROP,
18.2728,11,STA,WIFI_DROP,
18.2728,12,STA,WIFI_DROP,
18.2728,21,STA,WIFI_DROP,
18.2752,3,STA,WIFI_DROP,
18.2752,4,STA,WIFI_DROP,
18.2752,6,STA,WIFI_DROP,
18.2752,8,STA,WIFI_DROP,
18.2752,11,STA,WIFI_DROP,
18.2752,12,STA,WIFI_DROP,
18.2752,21,STA,WIFI_DROP,
18.2776,3,STA,WIFI_DROP,
18.2776,4,STA,WIFI_DROP,
18.2776,6,STA,WIFI_DROP,
18.2776,8,STA,WIFI_DROP,
18.2776,11,STA,WIFI_DROP,
18.2776,12,STA,WIFI_DROP,
18.2776,21,STA,WIFI_DROP,
18.28,3,STA,WIFI_DROP,
18.28,4,STA,WIFI_DROP,
18.28,6,STA,WIFI_DROP,
18.28,8,STA,WIFI_DROP,
18.28,11,STA,WIFI_DROP,
18.28,12,STA,WIFI_DROP,
18.28,21,STA,WIFI_DROP,
18.2824,3,STA,WIFI_DROP,
18.2824,4,STA,WIFI_DROP,
18.2824,6,STA,WIFI_DROP,
18.2824,8,STA,WIFI_DROP,
18.2824,11,STA,WIFI_DROP,
18.2824,12,STA,WIFI_DROP,
18.2824,21,STA,WIFI_DROP,
18.2848,3,STA,WIFI_DROP,
18.2848,4,STA,WIFI_DROP,
18.2848,6,STA,WIFI_DROP,
18.2848,8,STA,WIFI_DROP,
18.2848,11,STA,WIFI_DROP,
18.2848,12,STA,WIFI_DROP,
18.2848,21,STA,WIFI_DROP,
18.2872,3,STA,WIFI_DROP,
18.2872,4,STA,WIFI_DROP,
18.2872,6,STA,WIFI_DROP,
18.2872,8,STA,WIFI_DROP,
18.2872,11,STA,WIFI_DROP,
18.2872,12,STA,WIFI_DROP,
18.2872,21,STA,WIFI_DROP,
18.2896,3,STA,WIFI_DROP,
18.2896,4,STA,WIFI_DROP,
18.2896,6,STA,WIFI_DROP,
18.2896,8,STA,WIFI_DROP,
18.2896,11,STA,WIFI_DROP,
18.2896,12,STA,WIFI_DROP,
18.2896,21,STA,WIFI_DROP,
18.292,3,STA,WIFI_DROP,
18.292,4,STA,WIFI_DROP,
18.292,6,STA,WIFI_DROP,
18.292,8,STA,WIFI_DROP,
18.292,11,STA,WIFI_DROP,
18.292,12,STA,WIFI_DROP,
18.292,21,STA,WIFI_DROP,
18.2944,3,STA,WIFI_DROP,
18.2944,4,STA,WIFI_DROP,
18.2944,6,STA,WIFI_DROP,
18.2944,8,STA,WIFI_DROP,
18.2944,11,STA,WIFI_DROP,
18.2944,12,STA,WIFI_DROP,
18.2944,21,STA,WIFI_DROP,
18.2968,3,STA,WIFI_DROP,
18.2968,4,STA,WIFI_DROP,
18.2968,6,STA,WIFI_DROP,
18.2968,8,STA,WIFI_DROP,
18.2968,11,STA,WIFI_DROP,
18.2968,12,STA,WIFI_DROP,
18.2968,21,STA,WIFI_DROP,
18.2992,3,STA,WIFI_DROP,
18.2992,4,STA,WIFI_DROP,
18.2992,6,STA,WIFI_DROP,
18.2992,8,STA,WIFI_DROP,
18.2992,11,STA,WIFI_DROP,
18.2992,12,STA,WIFI_DROP,
18.2992,21,STA,WIFI_DROP,
18.3016,3,STA,WIFI_DROP,
18.3016,4,STA,WIFI_DROP,
18.3016,6,STA,WIFI_DROP,
18.3016,8,STA,WIFI_DROP,
18.3016,11,STA,WIFI_DROP,
18.3016,12,STA,WIFI_DROP,
18.3016,21,STA,WIFI_DROP,
18.304,3,STA,WIFI_DROP,
18.304,4,STA,WIFI_DROP,
18.304,6,STA,WIFI_DROP,
18.304,8,STA,WIFI_DROP,
18.304,11,STA,WIFI_DROP,
18.304,12,STA,WIFI_DROP,
18.304,21,STA,WIFI_DROP,
18.3064,3,STA,WIFI_DROP,
18.3064,4,STA,WIFI_DROP,
18.3064,6,STA,WIFI_DROP,
18.3064,8,STA,WIFI_DROP,
18.3064,11,STA,WIFI_DROP,
18.3064,12,STA,WIFI_DROP,
18.3064,21,STA,WIFI_DROP,
18.3088,3,STA,WIFI_DROP,
18.3088,4,STA,WIFI_DROP,
18.3088,6,STA,WIFI_DROP,
18.3088,8,STA,WIFI_DROP,
18.3088,11,STA,WIFI_DROP,
18.3088,12,STA,WIFI_DROP,
18.3088,21,STA,WIFI_DROP,
18.3112,3,STA,WIFI_DROP,
18.3112,4,STA,WIFI_DROP,
18.3112,6,STA,WIFI_DROP,
18.3112,8,STA,WIFI_DROP,
18.3112,11,STA,WIFI_DROP,
18.3112,12,STA,WIFI_DROP,
18.3112,21,STA,WIFI_DROP,
18.3136,3,STA,WIFI_DROP,
18.3136,4,STA,WIFI_DROP,
18.3136,6,STA,WIFI_DROP,
18.3136,8,STA,WIFI_DROP,
18.3136,11,STA,WIFI_DROP,
18.3136,12,STA,WIFI_DROP,
18.3136,21,STA,WIFI_DROP,
18.316,3,STA,WIFI_DROP,
18.316,4,STA,WIFI_DROP,
18.316,6,STA,WIFI_DROP,
18.316,8,STA,WIFI_DROP,
18.316,11,STA,WIFI_DROP,
18.316,12,STA,WIFI_DROP,
18.316,21,STA,WIFI_DROP,
18.3184,3,STA,WIFI_DROP,
18.3184,4,STA,WIFI_DROP,
18.3184,6,STA,WIFI_DROP,
18.3184,8,STA,WIFI_DROP,
18.3184,11,STA,WIFI_DROP,
18.3184,12,STA,WIFI_DROP,
18.3184,21,STA,WIFI_DROP,
18.3208,3,STA,WIFI_DROP,
18.3208,4,STA,WIFI_DROP,
18.3208,6,STA,WIFI_DROP,
18.3208,8,STA,WIFI_DROP,
18.3208,11,STA,WIFI_DROP,
18.3208,12,STA,WIFI_DROP,
18.3208,21,STA,WIFI_DROP,
18.3232,3,STA,WIFI_DROP,
18.3232,4,STA,WIFI_DROP,
18.3232,6,STA,WIFI_DROP,
18.3232,8,STA,WIFI_DROP,
18.3232,11,STA,WIFI_DROP,
18.3232,12,STA,WIFI_DROP,
18.3232,21,STA,WIFI_DROP,
18.3256,3,STA,WIFI_DROP,
18.3256,4,STA,WIFI_DROP,
18.3256,6,STA,WIFI_DROP,
18.3256,8,STA,WIFI_DROP,
18.3256,11,STA,WIFI_DROP,
18.3256,12,STA,WIFI_DROP,
18.3256,21,STA,WIFI_DROP,
18.328,3,STA,WIFI_DROP,
18.328,4,STA,WIFI_DROP,
18.328,6,STA,WIFI_DROP,
18.328,8,STA,WIFI_DROP,
18.328,11,STA,WIFI_DROP,
18.328,12,STA,WIFI_DROP,
18.328,21,STA,WIFI_DROP,
18.3304,3,STA,WIFI_DROP,
18.3304,4,STA,WIFI_DROP,
18.3304,6,STA,WIFI_DROP,
18.3304,8,STA,WIFI_DROP,
18.3304,11,STA,WIFI_DROP,
18.3304,12,STA,WIFI_DROP,
18.3304,21,STA,WIFI_DROP,
18.3328,3,STA,WIFI_DROP,
18.3328,4,STA,WIFI_DROP,
18.3328,6,STA,WIFI_DROP,
18.3328,8,STA,WIFI_DROP,
18.3328,11,STA,WIFI_DROP,
18.3328,12,STA,WIFI_DROP,
18.3328,21,STA,WIFI_DROP,
18.3352,3,STA,WIFI_DROP,
18.3352,4,STA,WIFI_DROP,
18.3352,6,STA,WIFI_DROP,
18.3352,8,STA,WIFI_DROP,
18.3352,11,STA,WIFI_DROP,
18.3352,12,STA,WIFI_DROP,
18.3352,21,STA,WIFI_DROP,
18.3376,3,STA,WIFI_DROP,
18.3376,4,STA,WIFI_DROP,
18.3376,6,STA,WIFI_DROP,
18.3376,8,STA,WIFI_DROP,
18.3376,11,STA,WIFI_DROP,
18.3376,12,STA,WIFI_DROP,
18.3376,21,STA,WIFI_DROP,
18.34,3,STA,WIFI_DROP,
18.34,4,STA,WIFI_DROP,
18.34,6,STA,WIFI_DROP,
18.34,8,STA,WIFI_DROP,
18.34,11,STA,WIFI_DROP,
18.34,12,STA,WIFI_DROP,
18.34,21,STA,WIFI_DROP,
18.3424,3,STA,WIFI_DROP,
18.3424,4,STA,WIFI_DROP,
18.3424,6,STA,WIFI_DROP,
18.3424,8,STA,WIFI_DROP,
18.3424,11,STA,WIFI_DROP,
18.3424,12,STA,WIFI_DROP,
18.3424,21,STA,WIFI_DROP,
18.3448,3,STA,WIFI_DROP,
18.3448,4,STA,WIFI_DROP,
18.3448,6,STA,WIFI_DROP,
18.3448,8,STA,WIFI_DROP,
18.3448,11,STA,WIFI_DROP,
18.3448,12,STA,WIFI_DROP,
18.3448,21,STA,WIFI_DROP,
18.3472,3,STA,WIFI_DROP,
18.3472,4,STA,WIFI_DROP,
18.3472,6,STA,WIFI_DROP,
18.3472,8,STA,WIFI_DROP,
18.3472,11,STA,WIFI_DROP,
18.3472,12,STA,WIFI_DROP,
18.3472,21,STA,WIFI_DROP,
18.3496,3,STA,WIFI_DROP,
18.3496,4,STA,WIFI_DROP,
18.3496,6,STA,WIFI_DROP,
18.3496,8,STA,WIFI_DROP,
18.3496,11,STA,WIFI_DROP,
18.3496,12,STA,WIFI_DROP,
18.3496,21,STA,WIFI_DROP,
18.352,3,STA,WIFI_DROP,
18.352,4,STA,WIFI_DROP,
18.352,6,STA,WIFI_DROP,
18.352,8,STA,WIFI_DROP,
18.352,11,STA,WIFI_DROP,
18.352,12,STA,WIFI_DROP,
18.352,21,STA,WIFI_DROP,
18.3544,3,STA,WIFI_DROP,
18.3544,4,STA,WIFI_DROP,
18.3544,6,STA,WIFI_DROP,
18.3544,8,STA,WIFI_DROP,
18.3544,11,STA,WIFI_DROP,
18.3544,12,STA,WIFI_DROP,
18.3544,21,STA,WIFI_DROP,
18.3568,3,STA,WIFI_DROP,
18.3568,4,STA,WIFI_DROP,
18.3568,6,STA,WIFI_DROP,
18.3568,8,STA,WIFI_DROP,
18.3568,11,STA,WIFI_DROP,
18.3568,12,STA,WIFI_DROP,
18.3568,21,STA,WIFI_DROP,
18.3592,3,STA,WIFI_DROP,
18.3592,4,STA,WIFI_DROP,
18.3592,6,STA,WIFI_DROP,
18.3592,8,STA,WIFI_DROP,
18.3592,11,STA,WIFI_DROP,
18.3592,12,STA,WIFI_DROP,
18.3592,21,STA,WIFI_DROP,
18.3616,3,STA,WIFI_DROP,
18.3616,4,STA,WIFI_DROP,
18.3616,6,STA,WIFI_DROP,
18.3616,8,STA,WIFI_DROP,
18.3616,11,STA,WIFI_DROP,
18.3616,12,STA,WIFI_DROP,
18.3616,21,STA,WIFI_DROP,
18.364,3,STA,WIFI_DROP,
18.364,4,STA,WIFI_DROP,
18.364,6,STA,WIFI_DROP,
18.364,8,STA,WIFI_DROP,
18.364,11,STA,WIFI_DROP,
18.364,12,STA,WIFI_DROP,
18.364,21,STA,WIFI_DROP,
18.3664,3,STA,WIFI_DROP,
18.3664,4,STA,WIFI_DROP,
18.3664,6,STA,WIFI_DROP,
18.3664,8,STA,WIFI_DROP,
18.3664,11,STA,WIFI_DROP,
18.3664,12,STA,WIFI_DROP,
18.3664,21,STA,WIFI_DROP,
18.3688,3,STA,WIFI_DROP,
18.3688,4,STA,WIFI_DROP,
18.3688,6,STA,WIFI_DROP,
18.3688,8,STA,WIFI_DROP,
18.3688,11,STA,WIFI_DROP,
18.3688,12,STA,WIFI_DROP,
18.3688,21,STA,WIFI_DROP,
18.3712,3,STA,WIFI_DROP,
18.3712,4,STA,WIFI_DROP,
18.3712,6,STA,WIFI_DROP,
18.3712,8,STA,WIFI_DROP,
18.3712,11,STA,WIFI_DROP,
18.3712,12,STA,WIFI_DROP,
18.3712,21,STA,WIFI_DROP,
18.3736,3,STA,WIFI_DROP,
18.3736,4,STA,WIFI_DROP,
18.3736,6,STA,WIFI_DROP,
18.3736,8,STA,WIFI_DROP,
18.3736,11,STA,WIFI_DROP,
18.3736,12,STA,WIFI_DROP,
18.3736,21,STA,WIFI_DROP,
18.376,3,STA,WIFI_DROP,
18.376,4,STA,WIFI_DROP,
18.376,6,STA,WIFI_DROP,
18.376,8,STA,WIFI_DROP,
18.376,11,STA,WIFI_DROP,
18.376,12,STA,WIFI_DROP,
18.376,21,STA,WIFI_DROP,
18.3784,3,STA,WIFI_DROP,
18.3784,4,STA,WIFI_DROP,
18.3784,6,STA,WIFI_DROP,
18.3784,8,STA,WIFI_DROP,
18.3784,11,STA,WIFI_DROP,
18.3784,12,STA,WIFI_DROP,
18.3784,21,STA,WIFI_DROP,
18.3808,3,STA,WIFI_DROP,
18.3808,4,STA,WIFI_DROP,
18.3808,6,STA,WIFI_DROP,
18.3808,8,STA,WIFI_DROP,
18.3808,11,STA,WIFI_DROP,
18.3808,12,STA,WIFI_DROP,
18.3808,21,STA,WIFI_DROP,
18.3832,3,STA,WIFI_DROP,
18.3832,4,STA,WIFI_DROP,
18.3832,6,STA,WIFI_DROP,
18.3832,8,STA,WIFI_DROP,
18.3832,11,STA,WIFI_DROP,
18.3832,12,STA,WIFI_DROP,
18.3832,21,STA,WIFI_DROP,
18.3856,3,STA,WIFI_DROP,
18.3856,4,STA,WIFI_DROP,
18.3856,6,STA,WIFI_DROP,
18.3856,8,STA,WIFI_DROP,
18.3856,11,STA,WIFI_DROP,
18.3856,12,STA,WIFI_DROP,
18.3856,21,STA,WIFI_DROP,
18.388,3,STA,WIFI_DROP,
18.388,4,STA,WIFI_DROP,
18.388,6,STA,WIFI_DROP,
18.388,8,STA,WIFI_DROP,
18.388,11,STA,WIFI_DROP,
18.388,12,STA,WIFI_DROP,
18.388,21,STA,WIFI_DROP,
18.3904,3,STA,WIFI_DROP,
18.3904,4,STA,WIFI_DROP,
18.3904,6,STA,WIFI_DROP,
18.3904,8,STA,WIFI_DROP,
18.3904,11,STA,WIFI_DROP,
18.3904,12,STA,WIFI_DROP,
18.3904,21,STA,WIFI_DROP,
18.3928,3,STA,WIFI_DROP,
18.3928,4,STA,WIFI_DROP,
18.3928,6,STA,WIFI_DROP,
18.3928,8,STA,WIFI_DROP,
18.3928,11,STA,WIFI_DROP,
18.3928,12,STA,WIFI_DROP,
18.3928,21,STA,WIFI_DROP,
18.3952,3,STA,WIFI_DROP,
18.3952,4,STA,WIFI_DROP,
18.3952,6,STA,WIFI_DROP,
18.3952,8,STA,WIFI_DROP,
18.3952,11,STA,WIFI_DROP,
18.3952,12,STA,WIFI_DROP,
18.3952,21,STA,WIFI_DROP,
18.3976,3,STA,WIFI_DROP,
18.3976,4,STA,WIFI_DROP,
18.3976,6,STA,WIFI_DROP,
18.3976,8,STA,WIFI_DROP,
18.3976,11,STA,WIFI_DROP,
18.3976,12,STA,WIFI_DROP,
18.3976,21,STA,WIFI_DROP,
18.4,3,STA,WIFI_DROP,
18.4,4,STA,WIFI_DROP,
18.4,6,STA,WIFI_DROP,
18.4,8,STA,WIFI_DROP,
18.4,11,STA,WIFI_DROP,
18.4,12,STA,WIFI_DROP,
18.4,21,STA,WIFI_DROP,
18.4024,3,STA,WIFI_DROP,
18.4024,4,STA,WIFI_DROP,
18.4024,6,STA,WIFI_DROP,
18.4024,8,STA,WIFI_DROP,
18.4024,11,STA,WIFI_DROP,
18.4024,12,STA,WIFI_DROP,
18.4024,21,STA,WIFI_DROP,
18.4048,3,STA,WIFI_DROP,
18.4048,4,STA,WIFI_DROP,
18.4048,6,STA,WIFI_DROP,
18.4048,8,STA,WIFI_DROP,
18.4048,11,STA,WIFI_DROP,
18.4048,12,STA,WIFI_DROP,
18.4048,21,STA,WIFI_DROP,
18.4072,3,STA,WIFI_DROP,
18.4072,4,STA,WIFI_DROP,
18.4072,6,STA,WIFI_DROP,
18.4072,8,STA,WIFI_DROP,
18.4072,11,STA,WIFI_DROP,
18.4072,12,STA,WIFI_DROP,
18.4072,21,STA,WIFI_DROP,
18.4096,3,STA,WIFI_DROP,
18.4096,4,STA,WIFI_DROP,
18.4096,6,STA,WIFI_DROP,
18.4096,8,STA,WIFI_DROP,
18.4096,11,STA,WIFI_DROP,
18.4096,12,STA,WIFI_DROP,
18.4096,21,STA,WIFI_DROP,
18.412,3,STA,WIFI_DROP,
18.412,4,STA,WIFI_DROP,
18.412,6,STA,WIFI_DROP,
18.412,8,STA,WIFI_DROP,
18.412,11,STA,WIFI_DROP,
18.412,12,STA,WIFI_DROP,
18.412,21,STA,WIFI_DROP,
18.4144,3,STA,WIFI_DROP,
18.4144,4,STA,WIFI_DROP,
18.4144,6,STA,WIFI_DROP,
18.4144,8,STA,WIFI_DROP,
18.4144,11,STA,WIFI_DROP,
18.4144,12,STA,WIFI_DROP,
18.4144,21,STA,WIFI_DROP,
18.4168,3,STA,WIFI_DROP,
18.4168,4,STA,WIFI_DROP,
18.4168,6,STA,WIFI_DROP,
18.4168,8,STA,WIFI_DROP,
18.4168,11,STA,WIFI_DROP,
18.4168,12,STA,WIFI_DROP,
18.4168,21,STA,WIFI_DROP,
18.4192,3,STA,WIFI_DROP,
18.4192,4,STA,WIFI_DROP,
18.4192,6,STA,WIFI_DROP,
18.4192,8,STA,WIFI_DROP,
18.4192,11,STA,WIFI_DROP,
18.4192,12,STA,WIFI_DROP,
18.4192,21,STA,WIFI_DROP,
18.4216,3,STA,WIFI_DROP,
18.4216,4,STA,WIFI_DROP,
18.4216,6,STA,WIFI_DROP,
18.4216,8,STA,WIFI_DROP,
18.4216,11,STA,WIFI_DROP,
18.4216,12,STA,WIFI_DROP,
18.4216,21,STA,WIFI_DROP,
18.424,3,STA,WIFI_DROP,
18.424,4,STA,WIFI_DROP,
18.424,6,STA,WIFI_DROP,
18.424,8,STA,WIFI_DROP,
18.424,11,STA,WIFI_DROP,
18.424,12,STA,WIFI_DROP,
18.424,21,STA,WIFI_DROP,
18.4264,3,STA,WIFI_DROP,
18.4264,4,STA,WIFI_DROP,
18.4264,6,STA,WIFI_DROP,
18.4264,8,STA,WIFI_DROP,
18.4264,11,STA,WIFI_DROP,
18.4264,12,STA,WIFI_DROP,
18.4264,21,STA,WIFI_DROP,
18.4288,3,STA,WIFI_DROP,
18.4288,4,STA,WIFI_DROP,
18.4288,6,STA,WIFI_DROP,
18.4288,8,STA,WIFI_DROP,
18.4288,11,STA,WIFI_DROP,
18.4288,12,STA,WIFI_DROP,
18.4288,21,STA,WIFI_DROP,
18.4312,3,STA,WIFI_DROP,
18.4312,4,STA,WIFI_DROP,
18.4312,6,STA,WIFI_DROP,
18.4312,8,STA,WIFI_DROP,
18.4312,11,STA,WIFI_DROP,
18.4312,12,STA,WIFI_DROP,
18.4312,21,STA,WIFI_DROP,
18.4336,3,STA,WIFI_DROP,
18.4336,4,STA,WIFI_DROP,
18.4336,6,STA,WIFI_DROP,
18.4336,8,STA,WIFI_DROP,
18.4336,11,STA,WIFI_DROP,
18.4336,12,STA,WIFI_DROP,
18.4336,21,STA,WIFI_DROP,
18.436,3,STA,WIFI_DROP,
18.436,4,STA,WIFI_DROP,
18.436,6,STA,WIFI_DROP,
18.436,8,STA,WIFI_DROP,
18.436,11,STA,WIFI_DROP,
18.436,12,STA,WIFI_DROP,
18.436,21,STA,WIFI_DROP,
18.4384,3,STA,WIFI_DROP,
18.4384,4,STA,WIFI_DROP,
18.4384,6,STA,WIFI_DROP,
18.4384,8,STA,WIFI_DROP,
18.4384,11,STA,WIFI_DROP,
18.4384,12,STA,WIFI_DROP,
18.4384,21,STA,WIFI_DROP,
18.4408,3,STA,WIFI_DROP,
18.4408,4,STA,WIFI_DROP,
18.4408,6,STA,WIFI_DROP,
18.4408,8,STA,WIFI_DROP,
18.4408,11,STA,WIFI_DROP,
18.4408,12,STA,WIFI_DROP,
18.4408,21,STA,WIFI_DROP,
18.4432,3,STA,WIFI_DROP,
18.4432,4,STA,WIFI_DROP,
18.4432,6,STA,WIFI_DROP,
18.4432,8,STA,WIFI_DROP,
18.4432,11,STA,WIFI_DROP,
18.4432,12,STA,WIFI_DROP,
18.4432,21,STA,WIFI_DROP,
18.4456,3,STA,WIFI_DROP,
18.4456,4,STA,WIFI_DROP,
18.4456,6,STA,WIFI_DROP,
18.4456,8,STA,WIFI_DROP,
18.4456,11,STA,WIFI_DROP,
18.4456,12,STA,WIFI_DROP,
18.4456,21,STA,WIFI_DROP,
18.448,3,STA,WIFI_DROP,
18.448,4,STA,WIFI_DROP,
18.448,6,STA,WIFI_DROP,
18.448,8,STA,WIFI_DROP,
18.448,11,STA,WIFI_DROP,
18.448,12,STA,WIFI_DROP,
18.448,21,STA,WIFI_DROP,
18.4504,3,STA,WIFI_DROP,
18.4504,4,STA,WIFI_DROP,
18.4504,6,STA,WIFI_DROP,
18.4504,8,STA,WIFI_DROP,
18.4504,11,STA,WIFI_DROP,
18.4504,12,STA,WIFI_DROP,
18.4504,21,STA,WIFI_DROP,
18.4528,3,STA,WIFI_DROP,
18.4528,4,STA,WIFI_DROP,
18.4528,6,STA,WIFI_DROP,
18.4528,11,STA,WIFI_DROP,
18.4528,12,STA,WIFI_DROP,
18.4528,21,STA,WIFI_DROP,
18.4552,3,STA,WIFI_DROP,
18.4552,4,STA,WIFI_DROP,
18.4552,6,STA,WIFI_DROP,
18.4552,11,STA,WIFI_DROP,
18.4552,12,STA,WIFI_DROP,
18.4552,21,STA,WIFI_DROP,
18.4576,3,STA,WIFI_DROP,
18.4576,4,STA,WIFI_DROP,
18.4576,6,STA,WIFI_DROP,
18.4576,11,STA,WIFI_DROP,
18.4576,12,STA,WIFI_DROP,
18.4576,21,STA,WIFI_DROP,
18.46,3,STA,WIFI_DROP,
18.46,4,STA,WIFI_DROP,
18.46,6,STA,WIFI_DROP,
18.46,11,STA,WIFI_DROP,
18.46,12,STA,WIFI_DROP,
18.46,21,STA,WIFI_DROP,
18.4624,3,STA,WIFI_DROP,
18.4624,4,STA,WIFI_DROP,
18.4624,6,STA,WIFI_DROP,
18.4624,11,STA,WIFI_DROP,
18.4624,12,STA,WIFI_DROP,
18.4624,21,STA,WIFI_DROP,
18.4648,3,STA,WIFI_DROP,
18.4648,4,STA,WIFI_DROP,
18.4648,6,STA,WIFI_DROP,
18.4648,11,STA,WIFI_DROP,
18.4648,12,STA,WIFI_DROP,
18.4648,21,STA,WIFI_DROP,
18.4672,3,STA,WIFI_DROP,
18.4672,4,STA,WIFI_DROP,
18.4672,6,STA,WIFI_DROP,
18.4672,11,STA,WIFI_DROP,
18.4672,12,STA,WIFI_DROP,
18.4672,21,STA,WIFI_DROP,
18.4696,3,STA,WIFI_DROP,
18.4696,4,STA,WIFI_DROP,
18.4696,6,STA,WIFI_DROP,
18.4696,11,STA,WIFI_DROP,
18.4696,12,STA,WIFI_DROP,
18.4696,21,STA,WIFI_DROP,
18.472,3,STA,WIFI_DROP,
18.472,4,STA,WIFI_DROP,
18.472,6,STA,WIFI_DROP,
18.472,11,STA,WIFI_DROP,
18.472,12,STA,WIFI_DROP,
18.472,21,STA,WIFI_DROP,
18.4744,3,STA,WIFI_DROP,
18.4744,4,STA,WIFI_DROP,
18.4744,6,STA,WIFI_DROP,
18.4744,11,STA,WIFI_DROP,
18.4744,12,STA,WIFI_DROP,
18.4744,21,STA,WIFI_DROP,
18.4768,3,STA,WIFI_DROP,
18.4768,4,STA,WIFI_DROP,
18.4768,6,STA,WIFI_DROP,
18.4768,11,STA,WIFI_DROP,
18.4768,12,STA,WIFI_DROP,
18.4768,21,STA,WIFI_DROP,
18.4792,3,STA,WIFI_DROP,
18.4792,4,STA,WIFI_DROP,
18.4792,6,STA,WIFI_DROP,
18.4792,11,STA,WIFI_DROP,
18.4792,12,STA,WIFI_DROP,
18.4792,21,STA,WIFI_DROP,
18.4816,3,STA,WIFI_DROP,
18.4816,4,STA,WIFI_DROP,
18.4816,6,STA,WIFI_DROP,
18.4816,11,STA,WIFI_DROP,
18.4816,12,STA,WIFI_DROP,
18.4816,21,STA,WIFI_DROP,
18.484,3,STA,WIFI_DROP,
18.484,4,STA,WIFI_DROP,
18.484,6,STA,WIFI_DROP,
18.484,11,STA,WIFI_DROP,
18.484,12,STA,WIFI_DROP,
18.484,21,STA,WIFI_DROP,
18.4864,3,STA,WIFI_DROP,
18.4864,4,STA,WIFI_DROP,
18.4864,6,STA,WIFI_DROP,
18.4864,11,STA,WIFI_DROP,
18.4864,12,STA,WIFI_DROP,
18.4864,21,STA,WIFI_DROP,
18.4888,3,STA,WIFI_DROP,
18.4888,4,STA,WIFI_DROP,
18.4888,6,STA,WIFI_DROP,
18.4888,11,STA,WIFI_DROP,
18.4888,12,STA,WIFI_DROP,
18.4888,21,STA,WIFI_DROP,
18.4912,3,STA,WIFI_DROP,
18.4912,4,STA,WIFI_DROP,
18.4912,6,STA,WIFI_DROP,
18.4912,11,STA,WIFI_DROP,
18.4912,12,STA,WIFI_DROP,
18.4912,21,STA,WIFI_DROP,
18.4936,3,STA,WIFI_DROP,
18.4936,4,STA,WIFI_DROP,
18.4936,6,STA,WIFI_DROP,
18.4936,11,STA,WIFI_DROP,
18.4936,12,STA,WIFI_DROP,
18.4936,21,STA,WIFI_DROP,
18.496,3,STA,WIFI_DROP,
18.496,4,STA,WIFI_DROP,
18.496,6,STA,WIFI_DROP,
18.496,11,STA,WIFI_DROP,
18.496,12,STA,WIFI_DROP,
18.496,21,STA,WIFI_DROP,
18.4984,3,STA,WIFI_DROP,
18.4984,4,STA,WIFI_DROP,
18.4984,6,STA,WIFI_DROP,
18.4984,11,STA,WIFI_DROP,
18.4984,12,STA,WIFI_DROP,
18.4984,21,STA,WIFI_DROP,
18.5008,3,STA,WIFI_DROP,
18.5008,4,STA,WIFI_DROP,
18.5008,6,STA,WIFI_DROP,
18.5008,11,STA,WIFI_DROP,
18.5008,12,STA,WIFI_DROP,
18.5008,21,STA,WIFI_DROP,
18.5032,3,STA,WIFI_DROP,
18.5032,4,STA,WIFI_DROP,
18.5032,6,STA,WIFI_DROP,
18.5032,11,STA,WIFI_DROP,
18.5032,12,STA,WIFI_DROP,
18.5032,21,STA,WIFI_DROP,
18.5056,3,STA,WIFI_DROP,
18.5056,4,STA,WIFI_DROP,
18.5056,6,STA,WIFI_DROP,
18.5056,11,STA,WIFI_DROP,
18.5056,12,STA,WIFI_DROP,
18.5056,21,STA,WIFI_DROP,
18.508,3,STA,WIFI_DROP,
18.508,4,STA,WIFI_DROP,
18.508,6,STA,WIFI_DROP,
18.508,11,STA,WIFI_DROP,
18.508,12,STA,WIFI_DROP,
18.508,21,STA,WIFI_DROP,
18.5104,3,STA,WIFI_DROP,
18.5104,4,STA,WIFI_DROP,
18.5104,6,STA,WIFI_DROP,
18.5104,11,STA,WIFI_DROP,
18.5104,12,STA,WIFI_DROP,
18.5104,21,STA,WIFI_DROP,
18.5128,3,STA,WIFI_DROP,
18.5128,4,STA,WIFI_DROP,
18.5128,6,STA,WIFI_DROP,
18.5128,11,STA,WIFI_DROP,
18.5128,12,STA,WIFI_DROP,
18.5128,21,STA,WIFI_DROP,
18.5152,2,STA,WIFI_DROP,
18.5152,3,STA,WIFI_DROP,
18.5152,4,STA,WIFI_DROP,
18.5152,6,STA,WIFI_DROP,
18.5152,11,STA,WIFI_DROP,
18.5152,12,STA,WIFI_DROP,
18.5152,21,STA,WIFI_DROP,
18.5176,2,STA,WIFI_DROP,
18.5176,3,STA,WIFI_DROP,
18.5176,4,STA,WIFI_DROP,
18.5176,6,STA,WIFI_DROP,
18.5176,11,STA,WIFI_DROP,
18.5176,12,STA,WIFI_DROP,
18.5176,21,STA,WIFI_DROP,
18.52,2,STA,WIFI_DROP,
18.52,3,STA,WIFI_DROP,
18.52,4,STA,WIFI_DROP,
18.52,6,STA,WIFI_DROP,
18.52,11,STA,WIFI_DROP,
18.52,12,STA,WIFI_DROP,
18.52,21,STA,WIFI_DROP,
18.5224,2,STA,WIFI_DROP,
18.5224,3,STA,WIFI_DROP,
18.5224,4,STA,WIFI_DROP,
18.5224,6,STA,WIFI_DROP,
18.5224,11,STA,WIFI_DROP,
18.5224,12,STA,WIFI_DROP,
18.5224,21,STA,WIFI_DROP,
18.5248,2,STA,WIFI_DROP,
18.5248,3,STA,WIFI_DROP,
18.5248,4,STA,WIFI_DROP,
18.5248,6,STA,WIFI_DROP,
18.5248,11,STA,WIFI_DROP,
18.5248,12,STA,WIFI_DROP,
18.5248,21,STA,WIFI_DROP,
18.5272,2,STA,WIFI_DROP,
18.5272,3,STA,WIFI_DROP,
18.5272,4,STA,WIFI_DROP,
18.5272,6,STA,WIFI_DROP,
18.5272,11,STA,WIFI_DROP,
18.5272,12,STA,WIFI_DROP,
18.5272,21,STA,WIFI_DROP,
18.5296,2,STA,WIFI_DROP,
18.5296,3,STA,WIFI_DROP,
18.5296,4,STA,WIFI_DROP,
18.5296,6,STA,WIFI_DROP,
18.5296,11,STA,WIFI_DROP,
18.5296,12,STA,WIFI_DROP,
18.5296,21,STA,WIFI_DROP,
18.532,2,STA,WIFI_DROP,
18.532,3,STA,WIFI_DROP,
18.532,4,STA,WIFI_DROP,
18.532,6,STA,WIFI_DROP,
18.532,11,STA,WIFI_DROP,
18.532,12,STA,WIFI_DROP,
18.532,21,STA,WIFI_DROP,
18.5344,2,STA,WIFI_DROP,
18.5344,3,STA,WIFI_DROP,
18.5344,4,STA,WIFI_DROP,
18.5344,6,STA,WIFI_DROP,
18.5344,11,STA,WIFI_DROP,
18.5344,12,STA,WIFI_DROP,
18.5344,21,STA,WIFI_DROP,
18.5368,2,STA,WIFI_DROP,
18.5368,3,STA,WIFI_DROP,
18.5368,4,STA,WIFI_DROP,
18.5368,6,STA,WIFI_DROP,
18.5368,11,STA,WIFI_DROP,
18.5368,12,STA,WIFI_DROP,
18.5368,21,STA,WIFI_DROP,
18.5392,2,STA,WIFI_DROP,
18.5392,3,STA,WIFI_DROP,
18.5392,4,STA,WIFI_DROP,
18.5392,6,STA,WIFI_DROP,
18.5392,11,STA,WIFI_DROP,
18.5392,12,STA,WIFI_DROP,
18.5392,21,STA,WIFI_DROP,
18.5416,2,STA,WIFI_DROP,
18.5416,3,STA,WIFI_DROP,
18.5416,4,STA,WIFI_DROP,
18.5416,6,STA,WIFI_DROP,
18.5416,11,STA,WIFI_DROP,
18.5416,12,STA,WIFI_DROP,
18.5416,21,STA,WIFI_DROP,
18.544,2,STA,WIFI_DROP,
18.544,3,STA,WIFI_DROP,
18.544,4,STA,WIFI_DROP,
18.544,6,STA,WIFI_DROP,
18.544,11,STA,WIFI_DROP,
18.544,12,STA,WIFI_DROP,
18.544,21,STA,WIFI_DROP,
18.5464,2,STA,WIFI_DROP,
18.5464,3,STA,WIFI_DROP,
18.5464,4,STA,WIFI_DROP,
18.5464,6,STA,WIFI_DROP,
18.5464,11,STA,WIFI_DROP,
18.5464,12,STA,WIFI_DROP,
18.5464,21,STA,WIFI_DROP,
18.5488,2,STA,WIFI_DROP,
18.5488,3,STA,WIFI_DROP,
18.5488,4,STA,WIFI_DROP,
18.5488,6,STA,WIFI_DROP,
18.5488,11,STA,WIFI_DROP,
18.5488,12,STA,WIFI_DROP,
18.5488,21,STA,WIFI_DROP,
18.5512,2,STA,WIFI_DROP,
18.5512,3,STA,WIFI_DROP,
18.5512,4,STA,WIFI_DROP,
18.5512,6,STA,WIFI_DROP,
18.5512,11,STA,WIFI_DROP,
18.5512,21,STA,WIFI_DROP,
18.5536,2,STA,WIFI_DROP,
18.5536,3,STA,WIFI_DROP,
18.5536,4,STA,WIFI_DROP,
18.5536,6,STA,WIFI_DROP,
18.5536,11,STA,WIFI_DROP,
18.5536,21,STA,WIFI_DROP,
18.556,2,STA,WIFI_DROP,
18.556,3,STA,WIFI_DROP,
18.556,4,STA,WIFI_DROP,
18.556,6,STA,WIFI_DROP,
18.556,11,STA,WIFI_DROP,
18.556,21,STA,WIFI_DROP,
18.5584,2,STA,WIFI_DROP,
18.5584,3,STA,WIFI_DROP,
18.5584,4,STA,WIFI_DROP,
18.5584,6,STA,WIFI_DROP,
18.5584,11,STA,WIFI_DROP,
18.5584,21,STA,WIFI_DROP,
18.5608,2,STA,WIFI_DROP,
18.5608,3,STA,WIFI_DROP,
18.5608,4,STA,WIFI_DROP,
18.5608,6,STA,WIFI_DROP,
18.5608,11,STA,WIFI_DROP,
18.5608,21,STA,WIFI_DROP,
18.5632,2,STA,WIFI_DROP,
18.5632,3,STA,WIFI_DROP,
18.5632,4,STA,WIFI_DROP,
18.5632,6,STA,WIFI_DROP,
18.5632,11,STA,WIFI_DROP,
18.5632,21,STA,WIFI_DROP,
18.5656,2,STA,WIFI_DROP,
18.5656,3,STA,WIFI_DROP,
18.5656,4,STA,WIFI_DROP,
18.5656,6,STA,WIFI_DROP,
18.5656,11,STA,WIFI_DROP,
18.5656,21,STA,WIFI_DROP,
18.568,2,STA,WIFI_DROP,
18.568,3,STA,WIFI_DROP,
18.568,4,STA,WIFI_DROP,
18.568,6,STA,WIFI_DROP,
18.568,11,STA,WIFI_DROP,
18.568,21,STA,WIFI_DROP,
18.5704,2,STA,WIFI_DROP,
18.5704,3,STA,WIFI_DROP,
18.5704,4,STA,WIFI_DROP,
18.5704,6,STA,WIFI_DROP,
18.5704,11,STA,WIFI_DROP,
18.5704,21,STA,WIFI_DROP,
18.5728,2,STA,WIFI_DROP,
18.5728,3,STA,WIFI_DROP,
18.5728,4,STA,WIFI_DROP,
18.5728,6,STA,WIFI_DROP,
18.5728,11,STA,WIFI_DROP,
18.5728,21,STA,WIFI_DROP,
18.5752,2,STA,WIFI_DROP,
18.5752,3,STA,WIFI_DROP,
18.5752,4,STA,WIFI_DROP,
18.5752,6,STA,WIFI_DROP,
18.5752,11,STA,WIFI_DROP,
18.5752,21,STA,WIFI_DROP,
18.5776,2,STA,WIFI_DROP,
18.5776,3,STA,WIFI_DROP,
18.5776,4,STA,WIFI_DROP,
18.5776,6,STA,WIFI_DROP,
18.5776,11,STA,WIFI_DROP,
18.5776,21,STA,WIFI_DROP,
18.58,2,STA,WIFI_DROP,
18.58,3,STA,WIFI_DROP,
18.58,4,STA,WIFI_DROP,
18.58,6,STA,WIFI_DROP,
18.58,11,STA,WIFI_DROP,
18.58,21,STA,WIFI_DROP,
18.5824,2,STA,WIFI_DROP,
18.5824,3,STA,WIFI_DROP,
18.5824,4,STA,WIFI_DROP,
18.5824,6,STA,WIFI_DROP,
18.5824,11,STA,WIFI_DROP,
18.5824,21,STA,WIFI_DROP,
18.5848,2,STA,WIFI_DROP,
18.5848,3,STA,WIFI_DROP,
18.5848,4,STA,WIFI_DROP,
18.5848,6,STA,WIFI_DROP,
18.5848,11,STA,WIFI_DROP,
18.5848,21,STA,WIFI_DROP,
18.5872,2,STA,WIFI_DROP,
18.5872,3,STA,WIFI_DROP,
18.5872,4,STA,WIFI_DROP,
18.5872,6,STA,WIFI_DROP,
18.5872,11,STA,WIFI_DROP,
18.5872,21,STA,WIFI_DROP,
18.5896,2,STA,WIFI_DROP,
18.5896,3,STA,WIFI_DROP,
18.5896,4,STA,WIFI_DROP,
18.5896,6,STA,WIFI_DROP,
18.5896,11,STA,WIFI_DROP,
18.5896,21,STA,WIFI_DROP,
18.592,2,STA,WIFI_DROP,
18.592,3,STA,WIFI_DROP,
18.592,4,STA,WIFI_DROP,
18.592,6,STA,WIFI_DROP,
18.592,11,STA,WIFI_DROP,
18.592,21,STA,WIFI_DROP,
18.5944,2,STA,WIFI_DROP,
18.5944,3,STA,WIFI_DROP,
18.5944,4,STA,WIFI_DROP,
18.5944,6,STA,WIFI_DROP,
18.5944,11,STA,WIFI_DROP,
18.5944,21,STA,WIFI_DROP,
18.5968,2,STA,WIFI_DROP,
18.5968,3,STA,WIFI_DROP,
18.5968,4,STA,WIFI_DROP,
18.5968,6,STA,WIFI_DROP,
18.5968,11,STA,WIFI_DROP,
18.5968,21,STA,WIFI_DROP,
18.5992,2,STA,WIFI_DROP,
18.5992,3,STA,WIFI_DROP,
18.5992,4,STA,WIFI_DROP,
18.5992,6,STA,WIFI_DROP,
18.5992,11,STA,WIFI_DROP,
18.5992,21,STA,WIFI_DROP,
18.6016,2,STA,WIFI_DROP,
18.6016,3,STA,WIFI_DROP,
18.6016,4,STA,WIFI_DROP,
18.6016,6,STA,WIFI_DROP,
18.6016,11,STA,WIFI_DROP,
18.6016,21,STA,WIFI_DROP,
18.604,2,STA,WIFI_DROP,
18.604,3,STA,WIFI_DROP,
18.604,4,STA,WIFI_DROP,
18.604,6,STA,WIFI_DROP,
18.604,11,STA,WIFI_DROP,
18.604,21,STA,WIFI_DROP,
18.6064,2,STA,WIFI_DROP,
18.6064,3,STA,WIFI_DROP,
18.6064,4,STA,WIFI_DROP,
18.6064,6,STA,WIFI_DROP,
18.6064,11,STA,WIFI_DROP,
18.6064,21,STA,WIFI_DROP,
18.6088,2,STA,WIFI_DROP,
18.6088,3,STA,WIFI_DROP,
18.6088,4,STA,WIFI_DROP,
18.6088,6,STA,WIFI_DROP,
18.6088,11,STA,WIFI_DROP,
18.6088,21,STA,WIFI_DROP,
18.6112,2,STA,WIFI_DROP,
18.6112,3,STA,WIFI_DROP,
18.6112,4,STA,WIFI_DROP,
18.6112,6,STA,WIFI_DROP,
18.6112,11,STA,WIFI_DROP,
18.6112,21,STA,WIFI_DROP,
18.6136,2,STA,WIFI_DROP,
18.6136,3,STA,WIFI_DROP,
18.6136,4,STA,WIFI_DROP,
18.6136,6,STA,WIFI_DROP,
18.6136,11,STA,WIFI_DROP,
18.6136,21,STA,WIFI_DROP,
18.616,2,STA,WIFI_DROP,
18.616,3,STA,WIFI_DROP,
18.616,4,STA,WIFI_DROP,
18.616,6,STA,WIFI_DROP,
18.616,11,STA,WIFI_DROP,
18.616,21,STA,WIFI_DROP,
18.6184,2,STA,WIFI_DROP,
18.6184,3,STA,WIFI_DROP,
18.6184,4,STA,WIFI_DROP,
18.6184,6,STA,WIFI_DROP,
18.6184,11,STA,WIFI_DROP,
18.6184,21,STA,WIFI_DROP,
18.6208,2,STA,WIFI_DROP,
18.6208,3,STA,WIFI_DROP,
18.6208,4,STA,WIFI_DROP,
18.6208,6,STA,WIFI_DROP,
18.6208,11,STA,WIFI_DROP,
18.6208,21,STA,WIFI_DROP,
18.6232,2,STA,WIFI_DROP,
18.6232,3,STA,WIFI_DROP,
18.6232,4,STA,WIFI_DROP,
18.6232,6,STA,WIFI_DROP,
18.6232,11,STA,WIFI_DROP,
18.6232,21,STA,WIFI_DROP,
18.6256,2,STA,WIFI_DROP,
18.6256,3,STA,WIFI_DROP,
18.6256,4,STA,WIFI_DROP,
18.6256,6,STA,WIFI_DROP,
18.6256,11,STA,WIFI_DROP,
18.6256,21,STA,WIFI_DROP,
18.628,2,STA,WIFI_DROP,
18.628,3,STA,WIFI_DROP,
18.628,4,STA,WIFI_DROP,
18.628,6,STA,WIFI_DROP,
18.628,11,STA,WIFI_DROP,
18.628,21,STA,WIFI_DROP,
18.6304,2,STA,WIFI_DROP,
18.6304,3,STA,WIFI_DROP,
18.6304,4,STA,WIFI_DROP,
18.6304,6,STA,WIFI_DROP,
18.6304,11,STA,WIFI_DROP,
18.6304,21,STA,WIFI_DROP,
18.6328,2,STA,WIFI_DROP,
18.6328,3,STA,WIFI_DROP,
18.6328,4,STA,WIFI_DROP,
18.6328,6,STA,WIFI_DROP,
18.6328,11,STA,WIFI_DROP,
18.6328,21,STA,WIFI_DROP,
18.6352,2,STA,WIFI_DROP,
18.6352,3,STA,WIFI_DROP,
18.6352,4,STA,WIFI_DROP,
18.6352,6,STA,WIFI_DROP,
18.6352,11,STA,WIFI_DROP,
18.6352,21,STA,WIFI_DROP,
18.6376,2,STA,WIFI_DROP,
18.6376,3,STA,WIFI_DROP,
18.6376,4,STA,WIFI_DROP,
18.6376,6,STA,WIFI_DROP,
18.6376,11,STA,WIFI_DROP,
18.6376,21,STA,WIFI_DROP,
18.64,2,STA,WIFI_DROP,
18.64,3,STA,WIFI_DROP,
18.64,4,STA,WIFI_DROP,
18.64,6,STA,WIFI_DROP,
18.64,11,STA,WIFI_DROP,
18.64,21,STA,WIFI_DROP,
18.6424,2,STA,WIFI_DROP,
18.6424,3,STA,WIFI_DROP,
18.6424,4,STA,WIFI_DROP,
18.6424,6,STA,WIFI_DROP,
18.6424,11,STA,WIFI_DROP,
18.6424,21,STA,WIFI_DROP,
18.6448,2,STA,WIFI_DROP,
18.6448,3,STA,WIFI_DROP,
18.6448,4,STA,WIFI_DROP,
18.6448,11,STA,WIFI_DROP,
18.6448,21,STA,WIFI_DROP,
18.6472,2,STA,WIFI_DROP,
18.6472,3,STA,WIFI_DROP,
18.6472,4,STA,WIFI_DROP,
18.6472,11,STA,WIFI_DROP,
18.6472,21,STA,WIFI_DROP,
18.6496,2,STA,WIFI_DROP,
18.6496,3,STA,WIFI_DROP,
18.6496,4,STA,WIFI_DROP,
18.6496,11,STA,WIFI_DROP,
18.6496,21,STA,WIFI_DROP,
18.652,2,STA,WIFI_DROP,
18.652,3,STA,WIFI_DROP,
18.652,4,STA,WIFI_DROP,
18.652,11,STA,WIFI_DROP,
18.652,21,STA,WIFI_DROP,
18.6544,2,STA,WIFI_DROP,
18.6544,3,STA,WIFI_DROP,
18.6544,4,STA,WIFI_DROP,
18.6544,11,STA,WIFI_DROP,
18.6544,21,STA,WIFI_DROP,
18.6568,2,STA,WIFI_DROP,
18.6568,3,STA,WIFI_DROP,
18.6568,4,STA,WIFI_DROP,
18.6568,11,STA,WIFI_DROP,
18.6568,21,STA,WIFI_DROP,
18.6592,2,STA,WIFI_DROP,
18.6592,3,STA,WIFI_DROP,
18.6592,4,STA,WIFI_DROP,
18.6592,11,STA,WIFI_DROP,
18.6592,21,STA,WIFI_DROP,
18.6616,2,STA,WIFI_DROP,
18.6616,3,STA,WIFI_DROP,
18.6616,4,STA,WIFI_DROP,
18.6616,6,STA,WIFI_DROP,
18.6616,11,STA,WIFI_DROP,
18.6616,21,STA,WIFI_DROP,
18.664,2,STA,WIFI_DROP,
18.664,3,STA,WIFI_DROP,
18.664,4,STA,WIFI_DROP,
18.664,6,STA,WIFI_DROP,
18.664,11,STA,WIFI_DROP,
18.664,21,STA,WIFI_DROP,
18.6664,2,STA,WIFI_DROP,
18.6664,3,STA,WIFI_DROP,
18.6664,4,STA,WIFI_DROP,
18.6664,6,STA,WIFI_DROP,
18.6664,11,STA,WIFI_DROP,
18.6664,21,STA,WIFI_DROP,
18.6688,2,STA,WIFI_DROP,
18.6688,3,STA,WIFI_DROP,
18.6688,4,STA,WIFI_DROP,
18.6688,6,STA,WIFI_DROP,
18.6688,11,STA,WIFI_DROP,
18.6688,21,STA,WIFI_DROP,
18.6712,2,STA,WIFI_DROP,
18.6712,3,STA,WIFI_DROP,
18.6712,4,STA,WIFI_DROP,
18.6712,6,STA,WIFI_DROP,
18.6712,11,STA,WIFI_DROP,
18.6712,21,STA,WIFI_DROP,
18.6736,2,STA,WIFI_DROP,
18.6736,3,STA,WIFI_DROP,
18.6736,4,STA,WIFI_DROP,
18.6736,6,STA,WIFI_DROP,
18.6736,11,STA,WIFI_DROP,
18.6736,21,STA,WIFI_DROP,
18.676,2,STA,WIFI_DROP,
18.676,3,STA,WIFI_DROP,
18.676,4,STA,WIFI_DROP,
18.676,6,STA,WIFI_DROP,
18.676,11,STA,WIFI_DROP,
18.676,21,STA,WIFI_DROP,
18.6784,2,STA,WIFI_DROP,
18.6784,3,STA,WIFI_DROP,
18.6784,4,STA,WIFI_DROP,
18.6784,6,STA,WIFI_DROP,
18.6784,11,STA,WIFI_DROP,
18.6784,21,STA,WIFI_DROP,
18.6808,2,STA,WIFI_DROP,
18.6808,3,STA,WIFI_DROP,
18.6808,4,STA,WIFI_DROP,
18.6808,6,STA,WIFI_DROP,
18.6808,11,STA,WIFI_DROP,
18.6808,21,STA,WIFI_DROP,
18.6832,2,STA,WIFI_DROP,
18.6832,3,STA,WIFI_DROP,
18.6832,4,STA,WIFI_DROP,
18.6832,6,STA,WIFI_DROP,
18.6832,11,STA,WIFI_DROP,
18.6832,21,STA,WIFI_DROP,
18.6856,2,STA,WIFI_DROP,
18.6856,3,STA,WIFI_DROP,
18.6856,4,STA,WIFI_DROP,
18.6856,6,STA,WIFI_DROP,
18.6856,11,STA,WIFI_DROP,
18.6856,21,STA,WIFI_DROP,
18.688,2,STA,WIFI_DROP,
18.688,3,STA,WIFI_DROP,
18.688,4,STA,WIFI_DROP,
18.688,6,STA,WIFI_DROP,
18.688,11,STA,WIFI_DROP,
18.688,21,STA,WIFI_DROP,
18.6904,2,STA,WIFI_DROP,
18.6904,3,STA,WIFI_DROP,
18.6904,4,STA,WIFI_DROP,
18.6904,6,STA,WIFI_DROP,
18.6904,11,STA,WIFI_DROP,
18.6904,21,STA,WIFI_DROP,
18.6928,2,STA,WIFI_DROP,
18.6928,3,STA,WIFI_DROP,
18.6928,4,STA,WIFI_DROP,
18.6928,6,STA,WIFI_DROP,
18.6928,11,STA,WIFI_DROP,
18.6928,21,STA,WIFI_DROP,
18.6952,2,STA,WIFI_DROP,
18.6952,3,STA,WIFI_DROP,
18.6952,4,STA,WIFI_DROP,
18.6952,6,STA,WIFI_DROP,
18.6952,11,STA,WIFI_DROP,
18.6952,21,STA,WIFI_DROP,
18.6976,2,STA,WIFI_DROP,
18.6976,3,STA,WIFI_DROP,
18.6976,4,STA,WIFI_DROP,
18.6976,6,STA,WIFI_DROP,
18.6976,11,STA,WIFI_DROP,
18.6976,21,STA,WIFI_DROP,
18.7,2,STA,WIFI_DROP,
18.7,3,STA,WIFI_DROP,
18.7,4,STA,WIFI_DROP,
18.7,6,STA,WIFI_DROP,
18.7,11,STA,WIFI_DROP,
18.7,21,STA,WIFI_DROP,
18.7024,2,STA,WIFI_DROP,
18.7024,3,STA,WIFI_DROP,
18.7024,4,STA,WIFI_DROP,
18.7024,6,STA,WIFI_DROP,
18.7024,11,STA,WIFI_DROP,
18.7024,21,STA,WIFI_DROP,
18.7048,2,STA,WIFI_DROP,
18.7048,3,STA,WIFI_DROP,
18.7048,4,STA,WIFI_DROP,
18.7048,6,STA,WIFI_DROP,
18.7048,11,STA,WIFI_DROP,
18.7048,21,STA,WIFI_DROP,
18.7072,2,STA,WIFI_DROP,
18.7072,3,STA,WIFI_DROP,
18.7072,4,STA,WIFI_DROP,
18.7072,6,STA,WIFI_DROP,
18.7072,11,STA,WIFI_DROP,
18.7072,21,STA,WIFI_DROP,
18.7096,2,STA,WIFI_DROP,
18.7096,3,STA,WIFI_DROP,
18.7096,4,STA,WIFI_DROP,
18.7096,6,STA,WIFI_DROP,
18.7096,11,STA,WIFI_DROP,
18.7096,21,STA,WIFI_DROP,
18.712,2,STA,WIFI_DROP,
18.712,3,STA,WIFI_DROP,
18.712,4,STA,WIFI_DROP,
18.712,6,STA,WIFI_DROP,
18.712,11,STA,WIFI_DROP,
18.712,21,STA,WIFI_DROP,
18.7144,2,STA,WIFI_DROP,
18.7144,3,STA,WIFI_DROP,
18.7144,4,STA,WIFI_DROP,
18.7144,6,STA,WIFI_DROP,
18.7144,11,STA,WIFI_DROP,
18.7144,21,STA,WIFI_DROP,
18.7168,2,STA,WIFI_DROP,
18.7168,3,STA,WIFI_DROP,
18.7168,4,STA,WIFI_DROP,
18.7168,6,STA,WIFI_DROP,
18.7168,11,STA,WIFI_DROP,
18.7168,21,STA,WIFI_DROP,
18.7192,2,STA,WIFI_DROP,
18.7192,3,STA,WIFI_DROP,
18.7192,4,STA,WIFI_DROP,
18.7192,6,STA,WIFI_DROP,
18.7192,11,STA,WIFI_DROP,
18.7192,15,STA,WIFI_DROP,
18.7192,20,STA,WIFI_DROP,
18.7192,21,STA,WIFI_DROP,
18.7216,2,STA,WIFI_DROP,
18.7216,3,STA,WIFI_DROP,
18.7216,4,STA,WIFI_DROP,
18.7216,6,STA,WIFI_DROP,
18.7216,11,STA,WIFI_DROP,
18.7216,15,STA,WIFI_DROP,
18.7216,20,STA,WIFI_DROP,
18.7216,21,STA,WIFI_DROP,
18.724,2,STA,WIFI_DROP,
18.724,3,STA,WIFI_DROP,
18.724,4,STA,WIFI_DROP,
18.724,6,STA,WIFI_DROP,
18.724,11,STA,WIFI_DROP,
18.724,15,STA,WIFI_DROP,
18.724,20,STA,WIFI_DROP,
18.724,21,STA,WIFI_DROP,
18.7264,2,STA,WIFI_DROP,
18.7264,3,STA,WIFI_DROP,
18.7264,4,STA,WIFI_DROP,
18.7264,6,STA,WIFI_DROP,
18.7264,11,STA,WIFI_DROP,
18.7264,15,STA,WIFI_DROP,
18.7264,20,STA,WIFI_DROP,
18.7264,21,STA,WIFI_DROP,
18.7288,2,STA,WIFI_DROP,
18.7288,3,STA,WIFI_DROP,
18.7288,4,STA,WIFI_DROP,
18.7288,6,STA,WIFI_DROP,
18.7288,11,STA,WIFI_DROP,
18.7288,15,STA,WIFI_DROP,
18.7288,20,STA,WIFI_DROP,
18.7288,21,STA,WIFI_DROP,
18.7312,2,STA,WIFI_DROP,
18.7312,3,STA,WIFI_DROP,
18.7312,4,STA,WIFI_DROP,
18.7312,6,STA,WIFI_DROP,
18.7312,11,STA,WIFI_DROP,
18.7312,15,STA,WIFI_DROP,
18.7312,20,STA,WIFI_DROP,
18.7312,21,STA,WIFI_DROP,
18.7336,2,STA,WIFI_DROP,
18.7336,3,STA,WIFI_DROP,
18.7336,4,STA,WIFI_DROP,
18.7336,6,STA,WIFI_DROP,
18.7336,11,STA,WIFI_DROP,
18.7336,15,STA,WIFI_DROP,
18.7336,20,STA,WIFI_DROP,
18.7336,21,STA,WIFI_DROP,
18.736,2,STA,WIFI_DROP,
18.736,3,STA,WIFI_DROP,
18.736,4,STA,WIFI_DROP,
18.736,6,STA,WIFI_DROP,
18.736,11,STA,WIFI_DROP,
18.736,15,STA,WIFI_DROP,
18.736,20,STA,WIFI_DROP,
18.736,21,STA,WIFI_DROP,
18.7384,2,STA,WIFI_DROP,
18.7384,3,STA,WIFI_DROP,
18.7384,4,STA,WIFI_DROP,
18.7384,6,STA,WIFI_DROP,
18.7384,11,STA,WIFI_DROP,
18.7384,15,STA,WIFI_DROP,
18.7384,20,STA,WIFI_DROP,
18.7384,21,STA,WIFI_DROP,
18.7408,2,STA,WIFI_DROP,
18.7408,3,STA,WIFI_DROP,
18.7408,4,STA,WIFI_DROP,
18.7408,6,STA,WIFI_DROP,
18.7408,11,STA,WIFI_DROP,
18.7408,15,STA,WIFI_DROP,
18.7408,20,STA,WIFI_DROP,
18.7408,21,STA,WIFI_DROP,
18.7432,2,STA,WIFI_DROP,
18.7432,3,STA,WIFI_DROP,
18.7432,4,STA,WIFI_DROP,
18.7432,6,STA,WIFI_DROP,
18.7432,11,STA,WIFI_DROP,
18.7432,15,STA,WIFI_DROP,
18.7432,20,STA,WIFI_DROP,
18.7432,21,STA,WIFI_DROP,
18.7456,2,STA,WIFI_DROP,
18.7456,3,STA,WIFI_DROP,
18.7456,4,STA,WIFI_DROP,
18.7456,6,STA,WIFI_DROP,
18.7456,11,STA,WIFI_DROP,
18.7456,15,STA,WIFI_DROP,
18.7456,20,STA,WIFI_DROP,
18.7456,21,STA,WIFI_DROP,
18.748,2,STA,WIFI_DROP,
18.748,3,STA,WIFI_DROP,
18.748,4,STA,WIFI_DROP,
18.748,6,STA,WIFI_DROP,
18.748,11,STA,WIFI_DROP,
18.748,15,STA,WIFI_DROP,
18.748,20,STA,WIFI_DROP,
18.748,21,STA,WIFI_DROP,
18.7504,2,STA,WIFI_DROP,
18.7504,3,STA,WIFI_DROP,
18.7504,4,STA,WIFI_DROP,
18.7504,6,STA,WIFI_DROP,
18.7504,11,STA,WIFI_DROP,
18.7504,15,STA,WIFI_DROP,
18.7504,20,STA,WIFI_DROP,
18.7504,21,STA,WIFI_DROP,
18.7528,2,STA,WIFI_DROP,
18.7528,3,STA,WIFI_DROP,
18.7528,4,STA,WIFI_DROP,
18.7528,6,STA,WIFI_DROP,
18.7528,11,STA,WIFI_DROP,
18.7528,15,STA,WIFI_DROP,
18.7528,20,STA,WIFI_DROP,
18.7528,21,STA,WIFI_DROP,
18.7552,2,STA,WIFI_DROP,
18.7552,4,STA,WIFI_DROP,
18.7552,6,STA,WIFI_DROP,
18.7552,11,STA,WIFI_DROP,
18.7552,15,STA,WIFI_DROP,
18.7552,20,STA,WIFI_DROP,
18.7552,21,STA,WIFI_DROP,
18.7576,2,STA,WIFI_DROP,
18.7576,4,STA,WIFI_DROP,
18.7576,6,STA,WIFI_DROP,
18.7576,11,STA,WIFI_DROP,
18.7576,15,STA,WIFI_DROP,
18.7576,20,STA,WIFI_DROP,
18.7576,21,STA,WIFI_DROP,
18.76,2,STA,WIFI_DROP,
18.76,4,STA,WIFI_DROP,
18.76,6,STA,WIFI_DROP,
18.76,11,STA,WIFI_DROP,
18.76,15,STA,WIFI_DROP,
18.76,20,STA,WIFI_DROP,
18.76,21,STA,WIFI_DROP,
18.7624,2,STA,WIFI_DROP,
18.7624,4,STA,WIFI_DROP,
18.7624,6,STA,WIFI_DROP,
18.7624,11,STA,WIFI_DROP,
18.7624,15,STA,WIFI_DROP,
18.7624,20,STA,WIFI_DROP,
18.7624,21,STA,WIFI_DROP,
18.7648,2,STA,WIFI_DROP,
18.7648,4,STA,WIFI_DROP,
18.7648,6,STA,WIFI_DROP,
18.7648,11,STA,WIFI_DROP,
18.7648,15,STA,WIFI_DROP,
18.7648,20,STA,WIFI_DROP,
18.7648,21,STA,WIFI_DROP,
18.7672,2,STA,WIFI_DROP,
18.7672,4,STA,WIFI_DROP,
18.7672,6,STA,WIFI_DROP,
18.7672,11,STA,WIFI_DROP,
18.7672,15,STA,WIFI_DROP,
18.7672,20,STA,WIFI_DROP,
18.7672,21,STA,WIFI_DROP,
18.7696,2,STA,WIFI_DROP,
18.7696,4,STA,WIFI_DROP,
18.7696,6,STA,WIFI_DROP,
18.7696,11,STA,WIFI_DROP,
18.7696,15,STA,WIFI_DROP,
18.7696,20,STA,WIFI_DROP,
18.7696,21,STA,WIFI_DROP,
18.772,2,STA,WIFI_DROP,
18.772,4,STA,WIFI_DROP,
18.772,6,STA,WIFI_DROP,
18.772,11,STA,WIFI_DROP,
18.772,15,STA,WIFI_DROP,
18.772,20,STA,WIFI_DROP,
18.772,21,STA,WIFI_DROP,
18.7744,2,STA,WIFI_DROP,
18.7744,4,STA,WIFI_DROP,
18.7744,6,STA,WIFI_DROP,
18.7744,11,STA,WIFI_DROP,
18.7744,15,STA,WIFI_DROP,
18.7744,20,STA,WIFI_DROP,
18.7744,21,STA,WIFI_DROP,
18.7768,2,STA,WIFI_DROP,
18.7768,4,STA,WIFI_DROP,
18.7768,6,STA,WIFI_DROP,
18.7768,11,STA,WIFI_DROP,
18.7768,15,STA,WIFI_DROP,
18.7768,20,STA,WIFI_DROP,
18.7768,21,STA,WIFI_DROP,
18.7792,2,STA,WIFI_DROP,
18.7792,4,STA,WIFI_DROP,
18.7792,6,STA,WIFI_DROP,
18.7792,11,STA,WIFI_DROP,
18.7792,15,STA,WIFI_DROP,
18.7792,20,STA,WIFI_DROP,
18.7792,21,STA,WIFI_DROP,
18.7816,2,STA,WIFI_DROP,
18.7816,4,STA,WIFI_DROP,
18.7816,6,STA,WIFI_DROP,
18.7816,11,STA,WIFI_DROP,
18.7816,15,STA,WIFI_DROP,
18.7816,20,STA,WIFI_DROP,
18.7816,21,STA,WIFI_DROP,
18.784,2,STA,WIFI_DROP,
18.784,4,STA,WIFI_DROP,
18.784,6,STA,WIFI_DROP,
18.784,11,STA,WIFI_DROP,
18.784,15,STA,WIFI_DROP,
18.784,20,STA,WIFI_DROP,
18.784,21,STA,WIFI_DROP,
18.7864,2,STA,WIFI_DROP,
18.7864,4,STA,WIFI_DROP,
18.7864,6,STA,WIFI_DROP,
18.7864,11,STA,WIFI_DROP,
18.7864,15,STA,WIFI_DROP,
18.7864,20,STA,WIFI_DROP,
18.7864,21,STA,WIFI_DROP,
18.7888,2,STA,WIFI_DROP,
18.7888,4,STA,WIFI_DROP,
18.7888,6,STA,WIFI_DROP,
18.7888,11,STA,WIFI_DROP,
18.7888,15,STA,WIFI_DROP,
18.7888,20,STA,WIFI_DROP,
18.7888,21,STA,WIFI_DROP,
18.7912,2,STA,WIFI_DROP,
18.7912,4,STA,WIFI_DROP,
18.7912,6,STA,WIFI_DROP,
18.7912,11,STA,WIFI_DROP,
18.7912,15,STA,WIFI_DROP,
18.7912,20,STA,WIFI_DROP,
18.7912,21,STA,WIFI_DROP,
18.7936,2,STA,WIFI_DROP,
18.7936,4,STA,WIFI_DROP,
18.7936,6,STA,WIFI_DROP,
18.7936,11,STA,WIFI_DROP,
18.7936,15,STA,WIFI_DROP,
18.7936,20,STA,WIFI_DROP,
18.7936,21,STA,WIFI_DROP,
18.796,2,STA,WIFI_DROP,
18.796,4,STA,WIFI_DROP,
18.796,6,STA,WIFI_DROP,
18.796,11,STA,WIFI_DROP,
18.796,15,STA,WIFI_DROP,
18.796,20,STA,WIFI_DROP,
18.796,21,STA,WIFI_DROP,
18.7984,2,STA,WIFI_DROP,
18.7984,4,STA,WIFI_DROP,
18.7984,6,STA,WIFI_DROP,
18.7984,11,STA,WIFI_DROP,
18.7984,15,STA,WIFI_DROP,
18.7984,20,STA,WIFI_DROP,
18.7984,21,STA,WIFI_DROP,
18.8008,2,STA,WIFI_DROP,
18.8008,4,STA,WIFI_DROP,
18.8008,6,STA,WIFI_DROP,
18.8008,11,STA,WIFI_DROP,
18.8008,15,STA,WIFI_DROP,
18.8008,20,STA,WIFI_DROP,
18.8008,21,STA,WIFI_DROP,
18.8032,2,STA,WIFI_DROP,
18.8032,4,STA,WIFI_DROP,
18.8032,6,STA,WIFI_DROP,
18.8032,11,STA,WIFI_DROP,
18.8032,15,STA,WIFI_DROP,
18.8032,20,STA,WIFI_DROP,
18.8032,21,STA,WIFI_DROP,
18.8056,2,STA,WIFI_DROP,
18.8056,4,STA,WIFI_DROP,
18.8056,6,STA,WIFI_DROP,
18.8056,11,STA,WIFI_DROP,
18.8056,15,STA,WIFI_DROP,
18.8056,20,STA,WIFI_DROP,
18.8056,21,STA,WIFI_DROP,
18.808,2,STA,WIFI_DROP,
18.808,4,STA,WIFI_DROP,
18.808,6,STA,WIFI_DROP,
18.808,11,STA,WIFI_DROP,
18.808,15,STA,WIFI_DROP,
18.808,20,STA,WIFI_DROP,
18.808,21,STA,WIFI_DROP,
18.8104,2,STA,WIFI_DROP,
18.8104,4,STA,WIFI_DROP,
18.8104,6,STA,WIFI_DROP,
18.8104,11,STA,WIFI_DROP,
18.8104,15,STA,WIFI_DROP,
18.8104,20,STA,WIFI_DROP,
18.8104,21,STA,WIFI_DROP,
18.8128,2,STA,WIFI_DROP,
18.8128,4,STA,WIFI_DROP,
18.8128,6,STA,WIFI_DROP,
18.8128,11,STA,WIFI_DROP,
18.8128,15,STA,WIFI_DROP,
18.8128,20,STA,WIFI_DROP,
18.8128,21,STA,WIFI_DROP,
18.8152,2,STA,WIFI_DROP,
18.8152,4,STA,WIFI_DROP,
18.8152,6,STA,WIFI_DROP,
18.8152,11,STA,WIFI_DROP,
18.8152,15,STA,WIFI_DROP,
18.8152,20,STA,WIFI_DROP,
18.8152,21,STA,WIFI_DROP,
18.8176,2,STA,WIFI_DROP,
18.8176,4,STA,WIFI_DROP,
18.8176,6,STA,WIFI_DROP,
18.8176,11,STA,WIFI_DROP,
18.8176,15,STA,WIFI_DROP,
18.8176,20,STA,WIFI_DROP,
18.8176,21,STA,WIFI_DROP,
18.82,2,STA,WIFI_DROP,
18.82,4,STA,WIFI_DROP,
18.82,6,STA,WIFI_DROP,
18.82,11,STA,WIFI_DROP,
18.82,15,STA,WIFI_DROP,
18.82,18,STA,WIFI_DROP,
18.82,20,STA,WIFI_DROP,
18.82,21,STA,WIFI_DROP,
18.8224,2,STA,WIFI_DROP,
18.8224,4,STA,WIFI_DROP,
18.8224,6,STA,WIFI_DROP,
18.8224,11,STA,WIFI_DROP,
18.8224,15,STA,WIFI_DROP,
18.8224,18,STA,WIFI_DROP,
18.8224,20,STA,WIFI_DROP,
18.8224,21,STA,WIFI_DROP,
18.8248,2,STA,WIFI_DROP,
18.8248,4,STA,WIFI_DROP,
18.8248,6,STA,WIFI_DROP,
18.8248,11,STA,WIFI_DROP,
18.8248,15,STA,WIFI_DROP,
18.8248,18,STA,WIFI_DROP,
18.8248,20,STA,WIFI_DROP,
18.8248,21,STA,WIFI_DROP,
18.8272,2,STA,WIFI_DROP,
18.8272,4,STA,WIFI_DROP,
18.8272,6,STA,WIFI_DROP,
18.8272,11,STA,WIFI_DROP,
18.8272,15,STA,WIFI_DROP,
18.8272,18,STA,WIFI_DROP,
18.8272,20,STA,WIFI_DROP,
18.8272,21,STA,WIFI_DROP,
18.8296,2,STA,WIFI_DROP,
18.8296,4,STA,WIFI_DROP,
18.8296,6,STA,WIFI_DROP,
18.8296,11,STA,WIFI_DROP,
18.8296,15,STA,WIFI_DROP,
18.8296,18,STA,WIFI_DROP,
18.8296,20,STA,WIFI_DROP,
18.8296,21,STA,WIFI_DROP,
18.832,2,STA,WIFI_DROP,
18.832,4,STA,WIFI_DROP,
18.832,6,STA,WIFI_DROP,
18.832,11,STA,WIFI_DROP,
18.832,15,STA,WIFI_DROP,
18.832,18,STA,WIFI_DROP,
18.832,20,STA,WIFI_DROP,
18.832,21,STA,WIFI_DROP,
18.8344,2,STA,WIFI_DROP,
18.8344,4,STA,WIFI_DROP,
18.8344,6,STA,WIFI_DROP,
18.8344,11,STA,WIFI_DROP,
18.8344,15,STA,WIFI_DROP,
18.8344,18,STA,WIFI_DROP,
18.8344,20,STA,WIFI_DROP,
18.8344,21,STA,WIFI_DROP,
18.8368,2,STA,WIFI_DROP,
18.8368,4,STA,WIFI_DROP,
18.8368,6,STA,WIFI_DROP,
18.8368,11,STA,WIFI_DROP,
18.8368,15,STA,WIFI_DROP,
18.8368,18,STA,WIFI_DROP,
18.8368,20,STA,WIFI_DROP,
18.8368,21,STA,WIFI_DROP,
18.8392,2,STA,WIFI_DROP,
18.8392,4,STA,WIFI_DROP,
18.8392,6,STA,WIFI_DROP,
18.8392,11,STA,WIFI_DROP,
18.8392,15,STA,WIFI_DROP,
18.8392,18,STA,WIFI_DROP,
18.8392,20,STA,WIFI_DROP,
18.8392,21,STA,WIFI_DROP,
18.8416,2,STA,WIFI_DROP,
18.8416,4,STA,WIFI_DROP,
18.8416,6,STA,WIFI_DROP,
18.8416,11,STA,WIFI_DROP,
18.8416,15,STA,WIFI_DROP,
18.8416,18,STA,WIFI_DROP,
18.8416,20,STA,WIFI_DROP,
18.8416,21,STA,WIFI_DROP,
18.844,2,STA,WIFI_DROP,
18.844,4,STA,WIFI_DROP,
18.844,6,STA,WIFI_DROP,
18.844,11,STA,WIFI_DROP,
18.844,15,STA,WIFI_DROP,
18.844,18,STA,WIFI_DROP,
18.844,20,STA,WIFI_DROP,
18.844,21,STA,WIFI_DROP,
18.8464,2,STA,WIFI_DROP,
18.8464,4,STA,WIFI_DROP,
18.8464,6,STA,WIFI_DROP,
18.8464,15,STA,WIFI_DROP,
18.8464,18,STA,WIFI_DROP,
18.8464,20,STA,WIFI_DROP,
18.8464,21,STA,WIFI_DROP,
18.8488,2,STA,WIFI_DROP,
18.8488,4,STA,WIFI_DROP,
18.8488,6,STA,WIFI_DROP,
18.8488,15,STA,WIFI_DROP,
18.8488,18,STA,WIFI_DROP,
18.8488,20,STA,WIFI_DROP,
18.8488,21,STA,WIFI_DROP,
18.8512,2,STA,WIFI_DROP,
18.8512,4,STA,WIFI_DROP,
18.8512,6,STA,WIFI_DROP,
18.8512,15,STA,WIFI_DROP,
18.8512,18,STA,WIFI_DROP,
18.8512,20,STA,WIFI_DROP,
18.8512,21,STA,WIFI_DROP,
18.8536,2,STA,WIFI_DROP,
18.8536,4,STA,WIFI_DROP,
18.8536,6,STA,WIFI_DROP,
18.8536,15,STA,WIFI_DROP,
18.8536,18,STA,WIFI_DROP,
18.8536,20,STA,WIFI_DROP,
18.8536,21,STA,WIFI_DROP,
18.856,2,STA,WIFI_DROP,
18.856,4,STA,WIFI_DROP,
18.856,6,STA,WIFI_DROP,
18.856,15,STA,WIFI_DROP,
18.856,18,STA,WIFI_DROP,
18.856,20,STA,WIFI_DROP,
18.856,21,STA,WIFI_DROP,
18.8584,2,STA,WIFI_DROP,
18.8584,4,STA,WIFI_DROP,
18.8584,6,STA,WIFI_DROP,
18.8584,15,STA,WIFI_DROP,
18.8584,18,STA,WIFI_DROP,
18.8584,20,STA,WIFI_DROP,
18.8584,21,STA,WIFI_DROP,
18.8608,2,STA,WIFI_DROP,
18.8608,4,STA,WIFI_DROP,
18.8608,6,STA,WIFI_DROP,
18.8608,15,STA,WIFI_DROP,
18.8608,18,STA,WIFI_DROP,
18.8608,20,STA,WIFI_DROP,
18.8608,21,STA,WIFI_DROP,
18.8632,2,STA,WIFI_DROP,
18.8632,4,STA,WIFI_DROP,
18.8632,6,STA,WIFI_DROP,
18.8632,15,STA,WIFI_DROP,
18.8632,18,STA,WIFI_DROP,
18.8632,20,STA,WIFI_DROP,
18.8632,21,STA,WIFI_DROP,
18.8656,2,STA,WIFI_DROP,
18.8656,4,STA,WIFI_DROP,
18.8656,6,STA,WIFI_DROP,
18.8656,15,STA,WIFI_DROP,
18.8656,18,STA,WIFI_DROP,
18.8656,20,STA,WIFI_DROP,
18.8656,21,STA,WIFI_DROP,
18.868,2,STA,WIFI_DROP,
18.868,4,STA,WIFI_DROP,
18.868,6,STA,WIFI_DROP,
18.868,11,STA,WIFI_DROP,
18.868,15,STA,WIFI_DROP,
18.868,18,STA,WIFI_DROP,
18.868,20,STA,WIFI_DROP,
18.868,21,STA,WIFI_DROP,
18.8704,2,STA,WIFI_DROP,
18.8704,4,STA,WIFI_DROP,
18.8704,6,STA,WIFI_DROP,
18.8704,11,STA,WIFI_DROP,
18.8704,15,STA,WIFI_DROP,
18.8704,18,STA,WIFI_DROP,
18.8704,20,STA,WIFI_DROP,
18.8704,21,STA,WIFI_DROP,
18.8728,2,STA,WIFI_DROP,
18.8728,4,STA,WIFI_DROP,
18.8728,6,STA,WIFI_DROP,
18.8728,11,STA,WIFI_DROP,
18.8728,15,STA,WIFI_DROP,
18.8728,18,STA,WIFI_DROP,
18.8728,20,STA,WIFI_DROP,
18.8728,21,STA,WIFI_DROP,
18.8752,2,STA,WIFI_DROP,
18.8752,4,STA,WIFI_DROP,
18.8752,6,STA,WIFI_DROP,
18.8752,11,STA,WIFI_DROP,
18.8752,15,STA,WIFI_DROP,
18.8752,18,STA,WIFI_DROP,
18.8752,20,STA,WIFI_DROP,
18.8752,21,STA,WIFI_DROP,
18.8776,2,STA,WIFI_DROP,
18.8776,4,STA,WIFI_DROP,
18.8776,6,STA,WIFI_DROP,
18.8776,11,STA,WIFI_DROP,
18.8776,15,STA,WIFI_DROP,
18.8776,18,STA,WIFI_DROP,
18.8776,20,STA,WIFI_DROP,
18.8776,21,STA,WIFI_DROP,
18.88,2,STA,WIFI_DROP,
18.88,4,STA,WIFI_DROP,
18.88,6,STA,WIFI_DROP,
18.88,11,STA,WIFI_DROP,
18.88,15,STA,WIFI_DROP,
18.88,18,STA,WIFI_DROP,
18.88,20,STA,WIFI_DROP,
18.88,21,STA,WIFI_DROP,
18.8824,2,STA,WIFI_DROP,
18.8824,4,STA,WIFI_DROP,
18.8824,6,STA,WIFI_DROP,
18.8824,11,STA,WIFI_DROP,
18.8824,15,STA,WIFI_DROP,
18.8824,18,STA,WIFI_DROP,
18.8824,20,STA,WIFI_DROP,
18.8824,21,STA,WIFI_DROP,
18.8848,2,STA,WIFI_DROP,
18.8848,4,STA,WIFI_DROP,
18.8848,6,STA,WIFI_DROP,
18.8848,11,STA,WIFI_DROP,
18.8848,15,STA,WIFI_DROP,
18.8848,18,STA,WIFI_DROP,
18.8848,20,STA,WIFI_DROP,
18.8848,21,STA,WIFI_DROP,
18.8872,2,STA,WIFI_DROP,
18.8872,4,STA,WIFI_DROP,
18.8872,6,STA,WIFI_DROP,
18.8872,11,STA,WIFI_DROP,
18.8872,15,STA,WIFI_DROP,
18.8872,18,STA,WIFI_DROP,
18.8872,20,STA,WIFI_DROP,
18.8872,21,STA,WIFI_DROP,
18.8896,2,STA,WIFI_DROP,
18.8896,4,STA,WIFI_DROP,
18.8896,6,STA,WIFI_DROP,
18.8896,11,STA,WIFI_DROP,
18.8896,15,STA,WIFI_DROP,
18.8896,18,STA,WIFI_DROP,
18.8896,20,STA,WIFI_DROP,
18.8896,21,STA,WIFI_DROP,
18.892,2,STA,WIFI_DROP,
18.892,4,STA,WIFI_DROP,
18.892,6,STA,WIFI_DROP,
18.892,11,STA,WIFI_DROP,
18.892,15,STA,WIFI_DROP,
18.892,18,STA,WIFI_DROP,
18.892,20,STA,WIFI_DROP,
18.892,21,STA,WIFI_DROP,
18.8944,2,STA,WIFI_DROP,
18.8944,4,STA,WIFI_DROP,
18.8944,6,STA,WIFI_DROP,
18.8944,11,STA,WIFI_DROP,
18.8944,15,STA,WIFI_DROP,
18.8944,18,STA,WIFI_DROP,
18.8944,20,STA,WIFI_DROP,
18.8944,21,STA,WIFI_DROP,
18.8968,2,STA,WIFI_DROP,
18.8968,4,STA,WIFI_DROP,
18.8968,6,STA,WIFI_DROP,
18.8968,11,STA,WIFI_DROP,
18.8968,15,STA,WIFI_DROP,
18.8968,18,STA,WIFI_DROP,
18.8968,20,STA,WIFI_DROP,
18.8968,21,STA,WIFI_DROP,
18.8992,2,STA,WIFI_DROP,
18.8992,4,STA,WIFI_DROP,
18.8992,6,STA,WIFI_DROP,
18.8992,11,STA,WIFI_DROP,
18.8992,15,STA,WIFI_DROP,
18.8992,18,STA,WIFI_DROP,
18.8992,20,STA,WIFI_DROP,
18.8992,21,STA,WIFI_DROP,
18.9016,2,STA,WIFI_DROP,
18.9016,4,STA,WIFI_DROP,
18.9016,6,STA,WIFI_DROP,
18.9016,11,STA,WIFI_DROP,
18.9016,15,STA,WIFI_DROP,
18.9016,18,STA,WIFI_DROP,
18.9016,20,STA,WIFI_DROP,
18.9016,21,STA,WIFI_DROP,
18.904,2,STA,WIFI_DROP,
18.904,4,STA,WIFI_DROP,
18.904,6,STA,WIFI_DROP,
18.904,11,STA,WIFI_DROP,
18.904,15,STA,WIFI_DROP,
18.904,18,STA,WIFI_DROP,
18.904,20,STA,WIFI_DROP,
18.904,21,STA,WIFI_DROP,
18.9064,2,STA,WIFI_DROP,
18.9064,4,STA,WIFI_DROP,
18.9064,6,STA,WIFI_DROP,
18.9064,11,STA,WIFI_DROP,
18.9064,15,STA,WIFI_DROP,
18.9064,18,STA,WIFI_DROP,
18.9064,20,STA,WIFI_DROP,
18.9064,21,STA,WIFI_DROP,
18.9088,2,STA,WIFI_DROP,
18.9088,4,STA,WIFI_DROP,
18.9088,6,STA,WIFI_DROP,
18.9088,11,STA,WIFI_DROP,
18.9088,15,STA,WIFI_DROP,
18.9088,18,STA,WIFI_DROP,
18.9088,20,STA,WIFI_DROP,
18.9088,21,STA,WIFI_DROP,
18.9112,2,STA,WIFI_DROP,
18.9112,4,STA,WIFI_DROP,
18.9112,6,STA,WIFI_DROP,
18.9112,11,STA,WIFI_DROP,
18.9112,15,STA,WIFI_DROP,
18.9112,18,STA,WIFI_DROP,
18.9112,20,STA,WIFI_DROP,
18.9112,21,STA,WIFI_DROP,
18.9136,2,STA,WIFI_DROP,
18.9136,4,STA,WIFI_DROP,
18.9136,6,STA,WIFI_DROP,
18.9136,11,STA,WIFI_DROP,
18.9136,15,STA,WIFI_DROP,
18.9136,18,STA,WIFI_DROP,
18.9136,20,STA,WIFI_DROP,
18.9136,21,STA,WIFI_DROP,
18.916,2,STA,WIFI_DROP,
18.916,4,STA,WIFI_DROP,
18.916,6,STA,WIFI_DROP,
18.916,11,STA,WIFI_DROP,
18.916,15,STA,WIFI_DROP,
18.916,18,STA,WIFI_DROP,
18.916,20,STA,WIFI_DROP,
18.916,21,STA,WIFI_DROP,
18.9184,2,STA,WIFI_DROP,
18.9184,4,STA,WIFI_DROP,
18.9184,6,STA,WIFI_DROP,
18.9184,11,STA,WIFI_DROP,
18.9184,15,STA,WIFI_DROP,
18.9184,18,STA,WIFI_DROP,
18.9184,20,STA,WIFI_DROP,
18.9184,21,STA,WIFI_DROP,
18.9208,2,STA,WIFI_DROP,
18.9208,4,STA,WIFI_DROP,
18.9208,6,STA,WIFI_DROP,
18.9208,11,STA,WIFI_DROP,
18.9208,15,STA,WIFI_DROP,
18.9208,18,STA,WIFI_DROP,
18.9208,20,STA,WIFI_DROP,
18.9208,21,STA,WIFI_DROP,
18.9232,2,STA,WIFI_DROP,
18.9232,4,STA,WIFI_DROP,
18.9232,6,STA,WIFI_DROP,
18.9232,11,STA,WIFI_DROP,
18.9232,15,STA,WIFI_DROP,
18.9232,18,STA,WIFI_DROP,
18.9232,20,STA,WIFI_DROP,
18.9232,21,STA,WIFI_DROP,
18.9256,2,STA,WIFI_DROP,
18.9256,4,STA,WIFI_DROP,
18.9256,6,STA,WIFI_DROP,
18.9256,11,STA,WIFI_DROP,
18.9256,15,STA,WIFI_DROP,
18.9256,18,STA,WIFI_DROP,
18.9256,20,STA,WIFI_DROP,
18.9256,21,STA,WIFI_DROP,
18.928,2,STA,WIFI_DROP,
18.928,4,STA,WIFI_DROP,
18.928,6,STA,WIFI_DROP,
18.928,11,STA,WIFI_DROP,
18.928,15,STA,WIFI_DROP,
18.928,18,STA,WIFI_DROP,
18.928,20,STA,WIFI_DROP,
18.928,21,STA,WIFI_DROP,
18.9304,2,STA,WIFI_DROP,
18.9304,4,STA,WIFI_DROP,
18.9304,6,STA,WIFI_DROP,
18.9304,11,STA,WIFI_DROP,
18.9304,15,STA,WIFI_DROP,
18.9304,18,STA,WIFI_DROP,
18.9304,20,STA,WIFI_DROP,
18.9304,21,STA,WIFI_DROP,
18.9328,2,STA,WIFI_DROP,
18.9328,4,STA,WIFI_DROP,
18.9328,6,STA,WIFI_DROP,
18.9328,11,STA,WIFI_DROP,
18.9328,15,STA,WIFI_DROP,
18.9328,18,STA,WIFI_DROP,
18.9328,20,STA,WIFI_DROP,
18.9328,21,STA,WIFI_DROP,
18.9352,2,STA,WIFI_DROP,
18.9352,4,STA,WIFI_DROP,
18.9352,6,STA,WIFI_DROP,
18.9352,11,STA,WIFI_DROP,
18.9352,15,STA,WIFI_DROP,
18.9352,18,STA,WIFI_DROP,
18.9352,20,STA,WIFI_DROP,
18.9352,21,STA,WIFI_DROP,
18.9376,2,STA,WIFI_DROP,
18.9376,4,STA,WIFI_DROP,
18.9376,6,STA,WIFI_DROP,
18.9376,11,STA,WIFI_DROP,
18.9376,15,STA,WIFI_DROP,
18.9376,18,STA,WIFI_DROP,
18.9376,20,STA,WIFI_DROP,
18.9376,21,STA,WIFI_DROP,
18.94,2,STA,WIFI_DROP,
18.94,4,STA,WIFI_DROP,
18.94,6,STA,WIFI_DROP,
18.94,11,STA,WIFI_DROP,
18.94,15,STA,WIFI_DROP,
18.94,18,STA,WIFI_DROP,
18.94,20,STA,WIFI_DROP,
18.94,21,STA,WIFI_DROP,
18.9424,2,STA,WIFI_DROP,
18.9424,4,STA,WIFI_DROP,
18.9424,6,STA,WIFI_DROP,
18.9424,11,STA,WIFI_DROP,
18.9424,15,STA,WIFI_DROP,
18.9424,18,STA,WIFI_DROP,
18.9424,20,STA,WIFI_DROP,
18.9424,21,STA,WIFI_DROP,
18.9448,2,STA,WIFI_DROP,
18.9448,4,STA,WIFI_DROP,
18.9448,6,STA,WIFI_DROP,
18.9448,11,STA,WIFI_DROP,
18.9448,15,STA,WIFI_DROP,
18.9448,18,STA,WIFI_DROP,
18.9448,20,STA,WIFI_DROP,
18.9448,21,STA,WIFI_DROP,
18.9472,2,STA,WIFI_DROP,
18.9472,4,STA,WIFI_DROP,
18.9472,6,STA,WIFI_DROP,
18.9472,11,STA,WIFI_DROP,
18.9472,15,STA,WIFI_DROP,
18.9472,18,STA,WIFI_DROP,
18.9472,20,STA,WIFI_DROP,
18.9472,21,STA,WIFI_DROP,
18.9496,2,STA,WIFI_DROP,
18.9496,4,STA,WIFI_DROP,
18.9496,6,STA,WIFI_DROP,
18.9496,11,STA,WIFI_DROP,
18.9496,15,STA,WIFI_DROP,
18.9496,18,STA,WIFI_DROP,
18.9496,20,STA,WIFI_DROP,
18.9496,21,STA,WIFI_DROP,
18.952,2,STA,WIFI_DROP,
18.952,4,STA,WIFI_DROP,
18.952,6,STA,WIFI_DROP,
18.952,11,STA,WIFI_DROP,
18.952,15,STA,WIFI_DROP,
18.952,18,STA,WIFI_DROP,
18.952,20,STA,WIFI_DROP,
18.952,21,STA,WIFI_DROP,
18.9544,2,STA,WIFI_DROP,
18.9544,4,STA,WIFI_DROP,
18.9544,6,STA,WIFI_DROP,
18.9544,11,STA,WIFI_DROP,
18.9544,15,STA,WIFI_DROP,
18.9544,18,STA,WIFI_DROP,
18.9544,20,STA,WIFI_DROP,
18.9544,21,STA,WIFI_DROP,
18.9568,2,STA,WIFI_DROP,
18.9568,4,STA,WIFI_DROP,
18.9568,6,STA,WIFI_DROP,
18.9568,11,STA,WIFI_DROP,
18.9568,15,STA,WIFI_DROP,
18.9568,18,STA,WIFI_DROP,
18.9568,20,STA,WIFI_DROP,
18.9568,21,STA,WIFI_DROP,
18.9592,2,STA,WIFI_DROP,
18.9592,4,STA,WIFI_DROP,
18.9592,6,STA,WIFI_DROP,
18.9592,11,STA,WIFI_DROP,
18.9592,15,STA,WIFI_DROP,
18.9592,18,STA,WIFI_DROP,
18.9592,20,STA,WIFI_DROP,
18.9592,21,STA,WIFI_DROP,
18.9616,2,STA,WIFI_DROP,
18.9616,4,STA,WIFI_DROP,
18.9616,6,STA,WIFI_DROP,
18.9616,11,STA,WIFI_DROP,
18.9616,15,STA,WIFI_DROP,
18.9616,18,STA,WIFI_DROP,
18.9616,20,STA,WIFI_DROP,
18.9616,21,STA,WIFI_DROP,
18.964,2,STA,WIFI_DROP,
18.964,4,STA,WIFI_DROP,
18.964,6,STA,WIFI_DROP,
18.964,11,STA,WIFI_DROP,
18.964,15,STA,WIFI_DROP,
18.964,18,STA,WIFI_DROP,
18.964,20,STA,WIFI_DROP,
18.964,21,STA,WIFI_DROP,
18.9664,2,STA,WIFI_DROP,
18.9664,4,STA,WIFI_DROP,
18.9664,6,STA,WIFI_DROP,
18.9664,11,STA,WIFI_DROP,
18.9664,15,STA,WIFI_DROP,
18.9664,18,STA,WIFI_DROP,
18.9664,20,STA,WIFI_DROP,
18.9664,21,STA,WIFI_DROP,
18.9688,2,STA,WIFI_DROP,
18.9688,4,STA,WIFI_DROP,
18.9688,6,STA,WIFI_DROP,
18.9688,11,STA,WIFI_DROP,
18.9688,15,STA,WIFI_DROP,
18.9688,18,STA,WIFI_DROP,
18.9688,20,STA,WIFI_DROP,
18.9688,21,STA,WIFI_DROP,
18.9712,2,STA,WIFI_DROP,
18.9712,4,STA,WIFI_DROP,
18.9712,6,STA,WIFI_DROP,
18.9712,11,STA,WIFI_DROP,
18.9712,15,STA,WIFI_DROP,
18.9712,18,STA,WIFI_DROP,
18.9712,20,STA,WIFI_DROP,
18.9712,21,STA,WIFI_DROP,
18.9736,2,STA,WIFI_DROP,
18.9736,4,STA,WIFI_DROP,
18.9736,6,STA,WIFI_DROP,
18.9736,11,STA,WIFI_DROP,
18.9736,15,STA,WIFI_DROP,
18.9736,18,STA,WIFI_DROP,
18.9736,20,STA,WIFI_DROP,
18.9736,21,STA,WIFI_DROP,
18.976,2,STA,WIFI_DROP,
18.976,4,STA,WIFI_DROP,
18.976,6,STA,WIFI_DROP,
18.976,11,STA,WIFI_DROP,
18.976,15,STA,WIFI_DROP,
18.976,18,STA,WIFI_DROP,
18.976,20,STA,WIFI_DROP,
18.976,21,STA,WIFI_DROP,
18.9784,2,STA,WIFI_DROP,
18.9784,4,STA,WIFI_DROP,
18.9784,6,STA,WIFI_DROP,
18.9784,11,STA,WIFI_DROP,
18.9784,15,STA,WIFI_DROP,
18.9784,18,STA,WIFI_DROP,
18.9784,20,STA,WIFI_DROP,
18.9784,21,STA,WIFI_DROP,
18.9808,2,STA,WIFI_DROP,
18.9808,4,STA,WIFI_DROP,
18.9808,6,STA,WIFI_DROP,
18.9808,11,STA,WIFI_DROP,
18.9808,15,STA,WIFI_DROP,
18.9808,18,STA,WIFI_DROP,
18.9808,20,STA,WIFI_DROP,
18.9808,21,STA,WIFI_DROP,
18.9832,2,STA,WIFI_DROP,
18.9832,4,STA,WIFI_DROP,
18.9832,6,STA,WIFI_DROP,
18.9832,11,STA,WIFI_DROP,
18.9832,15,STA,WIFI_DROP,
18.9832,18,STA,WIFI_DROP,
18.9832,20,STA,WIFI_DROP,
18.9832,21,STA,WIFI_DROP,
18.9856,2,STA,WIFI_DROP,
18.9856,4,STA,WIFI_DROP,
18.9856,6,STA,WIFI_DROP,
18.9856,11,STA,WIFI_DROP,
18.9856,15,STA,WIFI_DROP,
18.9856,18,STA,WIFI_DROP,
18.9856,20,STA,WIFI_DROP,
18.9856,21,STA,WIFI_DROP,
18.988,2,STA,WIFI_DROP,
18.988,4,STA,WIFI_DROP,
18.988,6,STA,WIFI_DROP,
18.988,11,STA,WIFI_DROP,
18.988,15,STA,WIFI_DROP,
18.988,18,STA,WIFI_DROP,
18.988,20,STA,WIFI_DROP,
18.988,21,STA,WIFI_DROP,
18.9904,2,STA,WIFI_DROP,
18.9904,4,STA,WIFI_DROP,
18.9904,6,STA,WIFI_DROP,
18.9904,11,STA,WIFI_DROP,
18.9904,15,STA,WIFI_DROP,
18.9904,18,STA,WIFI_DROP,
18.9904,20,STA,WIFI_DROP,
18.9904,21,STA,WIFI_DROP,
18.9928,2,STA,WIFI_DROP,
18.9928,4,STA,WIFI_DROP,
18.9928,6,STA,WIFI_DROP,
18.9928,11,STA,WIFI_DROP,
18.9928,15,STA,WIFI_DROP,
18.9928,18,STA,WIFI_DROP,
18.9928,20,STA,WIFI_DROP,
18.9928,21,STA,WIFI_DROP,
18.9952,2,STA,WIFI_DROP,
18.9952,4,STA,WIFI_DROP,
18.9952,6,STA,WIFI_DROP,
18.9952,11,STA,WIFI_DROP,
18.9952,15,STA,WIFI_DROP,
18.9952,18,STA,WIFI_DROP,
18.9952,20,STA,WIFI_DROP,
18.9952,21,STA,WIFI_DROP,
18.9976,2,STA,WIFI_DROP,
18.9976,4,STA,WIFI_DROP,
18.9976,6,STA,WIFI_DROP,
18.9976,11,STA,WIFI_DROP,
18.9976,15,STA,WIFI_DROP,
18.9976,18,STA,WIFI_DROP,
18.9976,20,STA,WIFI_DROP,
18.9976,21,STA,WIFI_DROP,
19,5,STA,THROUGHPUT_MBPS,0.036000
19,8,STA,THROUGHPUT_MBPS,0.372000
19,13,STA,THROUGHPUT_MBPS,0.444000
19,15,STA,THROUGHPUT_MBPS,0.624000
19,18,STA,THROUGHPUT_MBPS,1.620000
19,20,STA,THROUGHPUT_MBPS,1.032000
19,1,AP,AGGREGATE_THROUGHPUT_MBPS,4.128000
19,1,AP,SENT_COUNT,8320.000000
19,1,AP,RECV_COUNT,344.000000
19,1,AP,LATENCY_P95_MS,529.372368
19,2,STA,WIFI_DROP,
19,4,STA,WIFI_DROP,
19,6,STA,WIFI_DROP,
19,11,STA,WIFI_DROP,
19,15,STA,WIFI_DROP,
19,18,STA,WIFI_DROP,
19,20,STA,WIFI_DROP,
19,21,STA,WIFI_DROP,
19.0024,2,STA,WIFI_DROP,
19.0024,4,STA,WIFI_DROP,
19.0024,6,STA,WIFI_DROP,
19.0024,11,STA,WIFI_DROP,
19.0024,15,STA,WIFI_DROP,
19.0024,18,STA,WIFI_DROP,
19.0024,20,STA,WIFI_DROP,
19.0024,21,STA,WIFI_DROP,
19.0048,2,STA,WIFI_DROP,
19.0048,4,STA,WIFI_DROP,
19.0048,6,STA,WIFI_DROP,
19.0048,11,STA,WIFI_DROP,
19.0048,15,STA,WIFI_DROP,
19.0048,18,STA,WIFI_DROP,
19.0048,20,STA,WIFI_DROP,
19.0048,21,STA,WIFI_DROP,
19.0072,2,STA,WIFI_DROP,
19.0072,4,STA,WIFI_DROP,
19.0072,6,STA,WIFI_DROP,
19.0072,11,STA,WIFI_DROP,
19.0072,15,STA,WIFI_DROP,
19.0072,18,STA,WIFI_DROP,
19.0072,20,STA,WIFI_DROP,
19.0072,21,STA,WIFI_DROP,
19.0096,2,STA,WIFI_DROP,
19.0096,4,STA,WIFI_DROP,
19.0096,6,STA,WIFI_DROP,
19.0096,11,STA,WIFI_DROP,
19.0096,15,STA,WIFI_DROP,
19.0096,18,STA,WIFI_DROP,
19.0096,20,STA,WIFI_DROP,
19.0096,21,STA,WIFI_DROP,
19.012,2,STA,WIFI_DROP,
19.012,4,STA,WIFI_DROP,
19.012,6,STA,WIFI_DROP,
19.012,11,STA,WIFI_DROP,
19.012,15,STA,WIFI_DROP,
19.012,18,STA,WIFI_DROP,
19.012,20,STA,WIFI_DROP,
19.012,21,STA,WIFI_DROP,
19.0144,2,STA,WIFI_DROP,
19.0144,4,STA,WIFI_DROP,
19.0144,6,STA,WIFI_DROP,
19.0144,11,STA,WIFI_DROP,
19.0144,15,STA,WIFI_DROP,
19.0144,18,STA,WIFI_DROP,
19.0144,20,STA,WIFI_DROP,
19.0144,21,STA,WIFI_DROP,
19.0168,2,STA,WIFI_DROP,
19.0168,4,STA,WIFI_DROP,
19.0168,6,STA,WIFI_DROP,
19.0168,11,STA,WIFI_DROP,
19.0168,15,STA,WIFI_DROP,
19.0168,18,STA,WIFI_DROP,
19.0168,20,STA,WIFI_DROP,
19.0168,21,STA,WIFI_DROP,
19.0192,2,STA,WIFI_DROP,
19.0192,4,STA,WIFI_DROP,
19.0192,6,STA,WIFI_DROP,
19.0192,11,STA,WIFI_DROP,
19.0192,15,STA,WIFI_DROP,
19.0192,18,STA,WIFI_DROP,
19.0192,20,STA,WIFI_DROP,
19.0192,21,STA,WIFI_DROP,
19.0216,2,STA,WIFI_DROP,
19.0216,4,STA,WIFI_DROP,
19.0216,6,STA,WIFI_DROP,
19.0216,11,STA,WIFI_DROP,
19.0216,15,STA,WIFI_DROP,
19.0216,18,STA,WIFI_DROP,
19.0216,20,STA,WIFI_DROP,
19.0216,21,STA,WIFI_DROP,
19.024,2,STA,WIFI_DROP,
19.024,4,STA,WIFI_DROP,
19.024,6,STA,WIFI_DROP,
19.024,11,STA,WIFI_DROP,
19.024,15,STA,WIFI_DROP,
19.024,18,STA,WIFI_DROP,
19.024,20,STA,WIFI_DROP,
19.024,21,STA,WIFI_DROP,
19.0264,2,STA,WIFI_DROP,
19.0264,4,STA,WIFI_DROP,
19.0264,6,STA,WIFI_DROP,
19.0264,11,STA,WIFI_DROP,
19.0264,15,STA,WIFI_DROP,
19.0264,18,STA,WIFI_DROP,
19.0264,20,STA,WIFI_DROP,
19.0264,21,STA,WIFI_DROP,
19.0288,2,STA,WIFI_DROP,
19.0288,4,STA,WIFI_DROP,
19.0288,6,STA,WIFI_DROP,
19.0288,11,STA,WIFI_DROP,
19.0288,15,STA,WIFI_DROP,
19.0288,18,STA,WIFI_DROP,
19.0288,20,STA,WIFI_DROP,
19.0288,21,STA,WIFI_DROP,
19.0312,2,STA,WIFI_DROP,
19.0312,4,STA,WIFI_DROP,
19.0312,6,STA,WIFI_DROP,
19.0312,11,STA,WIFI_DROP,
19.0312,15,STA,WIFI_DROP,
19.0312,18,STA,WIFI_DROP,
19.0312,20,STA,WIFI_DROP,
19.0312,21,STA,WIFI_DROP,
19.0336,2,STA,WIFI_DROP,
19.0336,4,STA,WIFI_DROP,
19.0336,6,STA,WIFI_DROP,
19.0336,11,STA,WIFI_DROP,
19.0336,15,STA,WIFI_DROP,
19.0336,18,STA,WIFI_DROP,
19.0336,20,STA,WIFI_DROP,
19.0336,21,STA,WIFI_DROP,
19.036,2,STA,WIFI_DROP,
19.036,4,STA,WIFI_DROP,
19.036,6,STA,WIFI_DROP,
19.036,11,STA,WIFI_DROP,
19.036,15,STA,WIFI_DROP,
19.036,18,STA,WIFI_DROP,
19.036,20,STA,WIFI_DROP,
19.036,21,STA,WIFI_DROP,
19.0384,2,STA,WIFI_DROP,
19.0384,4,STA,WIFI_DROP,
19.0384,6,STA,WIFI_DROP,
19.0384,11,STA,WIFI_DROP,
19.0384,15,STA,WIFI_DROP,
19.0384,18,STA,WIFI_DROP,
19.0384,20,STA,WIFI_DROP,
19.0384,21,STA,WIFI_DROP,
19.0408,2,STA,WIFI_DROP,
19.0408,4,STA,WIFI_DROP,
19.0408,6,STA,WIFI_DROP,
19.0408,11,STA,WIFI_DROP,
19.0408,15,STA,WIFI_DROP,
19.0408,18,STA,WIFI_DROP,
19.0408,20,STA,WIFI_DROP,
19.0408,21,STA,WIFI_DROP,
19.0432,2,STA,WIFI_DROP,
19.0432,4,STA,WIFI_DROP,
19.0432,6,STA,WIFI_DROP,
19.0432,11,STA,WIFI_DROP,
19.0432,15,STA,WIFI_DROP,
19.0432,18,STA,WIFI_DROP,
19.0432,20,STA,WIFI_DROP,
19.0432,21,STA,WIFI_DROP,
19.0456,2,STA,WIFI_DROP,
19.0456,4,STA,WIFI_DROP,
19.0456,6,STA,WIFI_DROP,
19.0456,11,STA,WIFI_DROP,
19.0456,15,STA,WIFI_DROP,
19.0456,18,STA,WIFI_DROP,
19.0456,20,STA,WIFI_DROP,
19.0456,21,STA,WIFI_DROP,
19.048,2,STA,WIFI_DROP,
19.048,4,STA,WIFI_DROP,
19.048,6,STA,WIFI_DROP,
19.048,11,STA,WIFI_DROP,
19.048,15,STA,WIFI_DROP,
19.048,18,STA,WIFI_DROP,
19.048,20,STA,WIFI_DROP,
19.048,21,STA,WIFI_DROP,
19.0504,2,STA,WIFI_DROP,
19.0504,4,STA,WIFI_DROP,
19.0504,6,STA,WIFI_DROP,
19.0504,11,STA,WIFI_DROP,
19.0504,15,STA,WIFI_DROP,
19.0504,18,STA,WIFI_DROP,
19.0504,20,STA,WIFI_DROP,
19.0504,21,STA,WIFI_DROP,
19.0528,2,STA,WIFI_DROP,
19.0528,4,STA,WIFI_DROP,
19.0528,6,STA,WIFI_DROP,
19.0528,11,STA,WIFI_DROP,
19.0528,15,STA,WIFI_DROP,
19.0528,18,STA,WIFI_DROP,
19.0528,20,STA,WIFI_DROP,
19.0528,21,STA,WIFI_DROP,
19.0552,2,STA,WIFI_DROP,
19.0552,4,STA,WIFI_DROP,
19.0552,6,STA,WIFI_DROP,
19.0552,11,STA,WIFI_DROP,
19.0552,15,STA,WIFI_DROP,
19.0552,18,STA,WIFI_DROP,
19.0552,20,STA,WIFI_DROP,
19.0552,21,STA,WIFI_DROP,
19.0576,2,STA,WIFI_DROP,
19.0576,4,STA,WIFI_DROP,
19.0576,6,STA,WIFI_DROP,
19.0576,11,STA,WIFI_DROP,
19.0576,15,STA,WIFI_DROP,
19.0576,18,STA,WIFI_DROP,
19.0576,20,STA,WIFI_DROP,
19.0576,21,STA,WIFI_DROP,
19.06,2,STA,WIFI_DROP,
19.06,4,STA,WIFI_DROP,
19.06,6,STA,WIFI_DROP,
19.06,11,STA,WIFI_DROP,
19.06,15,STA,WIFI_DROP,
19.06,18,STA,WIFI_DROP,
19.06,20,STA,WIFI_DROP,
19.06,21,STA,WIFI_DROP,
19.0624,2,STA,WIFI_DROP,
19.0624,4,STA,WIFI_DROP,
19.0624,6,STA,WIFI_DROP,
19.0624,11,STA,WIFI_DROP,
19.0624,15,STA,WIFI_DROP,
19.0624,18,STA,WIFI_DROP,
19.0624,20,STA,WIFI_DROP,
19.0624,21,STA,WIFI_DROP,
19.0648,2,STA,WIFI_DROP,
19.0648,4,STA,WIFI_DROP,
19.0648,6,STA,WIFI_DROP,
19.0648,11,STA,WIFI_DROP,
19.0648,15,STA,WIFI_DROP,
19.0648,18,STA,WIFI_DROP,
19.0648,20,STA,WIFI_DROP,
19.0648,21,STA,WIFI_DROP,
19.0672,2,STA,WIFI_DROP,
19.0672,4,STA,WIFI_DROP,
19.0672,6,STA,WIFI_DROP,
19.0672,11,STA,WIFI_DROP,
19.0672,15,STA,WIFI_DROP,
19.0672,18,STA,WIFI_DROP,
19.0672,20,STA,WIFI_DROP,
19.0672,21,STA,WIFI_DROP,
19.0696,2,STA,WIFI_DROP,
19.0696,4,STA,WIFI_DROP,
19.0696,6,STA,WIFI_DROP,
19.0696,11,STA,WIFI_DROP,
19.0696,15,STA,WIFI_DROP,
19.0696,18,STA,WIFI_DROP,
19.0696,20,STA,WIFI_DROP,
19.0696,21,STA,WIFI_DROP,
19.072,2,STA,WIFI_DROP,
19.072,4,STA,WIFI_DROP,
19.072,6,STA,WIFI_DROP,
19.072,11,STA,WIFI_DROP,
19.072,15,STA,WIFI_DROP,
19.072,18,STA,WIFI_DROP,
19.072,20,STA,WIFI_DROP,
19.072,21,STA,WIFI_DROP,
19.0744,2,STA,WIFI_DROP,
19.0744,4,STA,WIFI_DROP,
19.0744,6,STA,WIFI_DROP,
19.0744,11,STA,WIFI_DROP,
19.0744,15,STA,WIFI_DROP,
19.0744,18,STA,WIFI_DROP,
19.0744,20,STA,WIFI_DROP,
19.0744,21,STA,WIFI_DROP,
19.0768,2,STA,WIFI_DROP,
19.0768,4,STA,WIFI_DROP,
19.0768,6,STA,WIFI_DROP,
19.0768,11,STA,WIFI_DROP,
19.0768,15,STA,WIFI_DROP,
19.0768,18,STA,WIFI_DROP,
19.0768,20,STA,WIFI_DROP,
19.0768,21,STA,WIFI_DROP,
19.0792,2,STA,WIFI_DROP,
19.0792,4,STA,WIFI_DROP,
19.0792,6,STA,WIFI_DROP,
19.0792,11,STA,WIFI_DROP,
19.0792,15,STA,WIFI_DROP,
19.0792,18,STA,WIFI_DROP,
19.0792,20,STA,WIFI_DROP,
19.0792,21,STA,WIFI_DROP,
19.0816,2,STA,WIFI_DROP,
19.0816,4,STA,WIFI_DROP,
19.0816,6,STA,WIFI_DROP,
19.0816,11,STA,WIFI_DROP,
19.0816,15,STA,WIFI_DROP,
19.0816,18,STA,WIFI_DROP,
19.0816,20,STA,WIFI_DROP,
19.0816,21,STA,WIFI_DROP,
19.084,2,STA,WIFI_DROP,
19.084,4,STA,WIFI_DROP,
19.084,6,STA,WIFI_DROP,
19.084,11,STA,WIFI_DROP,
19.084,15,STA,WIFI_DROP,
19.084,18,STA,WIFI_DROP,
19.084,20,STA,WIFI_DROP,
19.084,21,STA,WIFI_DROP,
19.0864,2,STA,WIFI_DROP,
19.0864,4,STA,WIFI_DROP,
19.0864,6,STA,WIFI_DROP,
19.0864,11,STA,WIFI_DROP,
19.0864,15,STA,WIFI_DROP,
19.0864,18,STA,WIFI_DROP,
19.0864,20,STA,WIFI_DROP,
19.0864,21,STA,WIFI_DROP,
19.0888,2,STA,WIFI_DROP,
19.0888,4,STA,WIFI_DROP,
19.0888,6,STA,WIFI_DROP,
19.0888,11,STA,WIFI_DROP,
19.0888,15,STA,WIFI_DROP,
19.0888,18,STA,WIFI_DROP,
19.0888,20,STA,WIFI_DROP,
19.0888,21,STA,WIFI_DROP,
19.0912,2,STA,WIFI_DROP,
19.0912,4,STA,WIFI_DROP,
19.0912,6,STA,WIFI_DROP,
19.0912,11,STA,WIFI_DROP,
19.0912,15,STA,WIFI_DROP,
19.0912,18,STA,WIFI_DROP,
19.0912,20,STA,WIFI_DROP,
19.0912,21,STA,WIFI_DROP,
19.0936,2,STA,WIFI_DROP,
19.0936,4,STA,WIFI_DROP,
19.0936,6,STA,WIFI_DROP,
19.0936,11,STA,WIFI_DROP,
19.0936,15,STA,WIFI_DROP,
19.0936,18,STA,WIFI_DROP,
19.0936,20,STA,WIFI_DROP,
19.0936,21,STA,WIFI_DROP,
19.096,2,STA,WIFI_DROP,
19.096,4,STA,WIFI_DROP,
19.096,6,STA,WIFI_DROP,
19.096,11,STA,WIFI_DROP,
19.096,15,STA,WIFI_DROP,
19.096,18,STA,WIFI_DROP,
19.096,20,STA,WIFI_DROP,
19.096,21,STA,WIFI_DROP,
19.0984,2,STA,WIFI_DROP,
19.0984,4,STA,WIFI_DROP,
19.0984,6,STA,WIFI_DROP,
19.0984,11,STA,WIFI_DROP,
19.0984,15,STA,WIFI_DROP,
19.0984,18,STA,WIFI_DROP,
19.0984,20,STA,WIFI_DROP,
19.0984,21,STA,WIFI_DROP,
19.1008,2,STA,WIFI_DROP,
19.1008,4,STA,WIFI_DROP,
19.1008,6,STA,WIFI_DROP,
19.1008,11,STA,WIFI_DROP,
19.1008,15,STA,WIFI_DROP,
19.1008,18,STA,WIFI_DROP,
19.1008,20,STA,WIFI_DROP,
19.1008,21,STA,WIFI_DROP,
19.1032,2,STA,WIFI_DROP,
19.1032,4,STA,WIFI_DROP,
19.1032,6,STA,WIFI_DROP,
19.1032,11,STA,WIFI_DROP,
19.1032,15,STA,WIFI_DROP,
19.1032,18,STA,WIFI_DROP,
19.1032,20,STA,WIFI_DROP,
19.1032,21,STA,WIFI_DROP,
19.1056,2,STA,WIFI_DROP,
19.1056,4,STA,WIFI_DROP,
19.1056,6,STA,WIFI_DROP,
19.1056,11,STA,WIFI_DROP,
19.1056,15,STA,WIFI_DROP,
19.1056,18,STA,WIFI_DROP,
19.1056,20,STA,WIFI_DROP,
19.1056,21,STA,WIFI_DROP,
19.108,2,STA,WIFI_DROP,
19.108,4,STA,WIFI_DROP,
19.108,6,STA,WIFI_DROP,
19.108,11,STA,WIFI_DROP,
19.108,15,STA,WIFI_DROP,
19.108,18,STA,WIFI_DROP,
19.108,20,STA,WIFI_DROP,
19.108,21,STA,WIFI_DROP,
19.1104,2,STA,WIFI_DROP,
19.1104,4,STA,WIFI_DROP,
19.1104,6,STA,WIFI_DROP,
19.1104,11,STA,WIFI_DROP,
19.1104,15,STA,WIFI_DROP,
19.1104,18,STA,WIFI_DROP,
19.1104,20,STA,WIFI_DROP,
19.1104,21,STA,WIFI_DROP,
19.1128,2,STA,WIFI_DROP,
19.1128,4,STA,WIFI_DROP,
19.1128,6,STA,WIFI_DROP,
19.1128,11,STA,WIFI_DROP,
19.1128,15,STA,WIFI_DROP,
19.1128,18,STA,WIFI_DROP,
19.1128,20,STA,WIFI_DROP,
19.1128,21,STA,WIFI_DROP,
19.1152,2,STA,WIFI_DROP,
19.1152,4,STA,WIFI_DROP,
19.1152,6,STA,WIFI_DROP,
19.1152,11,STA,WIFI_DROP,
19.1152,15,STA,WIFI_DROP,
19.1152,18,STA,WIFI_DROP,
19.1152,20,STA,WIFI_DROP,
19.1152,21,STA,WIFI_DROP,
19.1176,4,STA,WIFI_DROP,
19.1176,6,STA,WIFI_DROP,
19.1176,11,STA,WIFI_DROP,
19.1176,15,STA,WIFI_DROP,
19.1176,18,STA,WIFI_DROP,
19.1176,20,STA,WIFI_DROP,
19.1176,21,STA,WIFI_DROP,
19.12,4,STA,WIFI_DROP,
19.12,6,STA,WIFI_DROP,
19.12,11,STA,WIFI_DROP,
19.12,15,STA,WIFI_DROP,
19.12,18,STA,WIFI_DROP,
19.12,20,STA,WIFI_DROP,
19.12,21,STA,WIFI_DROP,
19.1224,4,STA,WIFI_DROP,
19.1224,6,STA,WIFI_DROP,
19.1224,11,STA,WIFI_DROP,
19.1224,15,STA,WIFI_DROP,
19.1224,18,STA,WIFI_DROP,
19.1224,20,STA,WIFI_DROP,
19.1224,21,STA,WIFI_DROP,
19.1248,4,STA,WIFI_DROP,
19.1248,6,STA,WIFI_DROP,
19.1248,11,STA,WIFI_DROP,
19.1248,15,STA,WIFI_DROP,
19.1248,18,STA,WIFI_DROP,
19.1248,20,STA,WIFI_DROP,
19.1248,21,STA,WIFI_DROP,
19.1272,4,STA,WIFI_DROP,
19.1272,6,STA,WIFI_DROP,
19.1272,11,STA,WIFI_DROP,
19.1272,14,STA,WIFI_DROP,
19.1272,15,STA,WIFI_DROP,
19.1272,18,STA,WIFI_DROP,
19.1272,20,STA,WIFI_DROP,
19.1272,21,STA,WIFI_DROP,
19.1296,4,STA,WIFI_DROP,
19.1296,6,STA,WIFI_DROP,
19.1296,11,STA,WIFI_DROP,
19.1296,14,STA,WIFI_DROP,
19.1296,15,STA,WIFI_DROP,
19.1296,18,STA,WIFI_DROP,
19.1296,20,STA,WIFI_DROP,
19.1296,21,STA,WIFI_DROP,
19.132,4,STA,WIFI_DROP,
19.132,6,STA,WIFI_DROP,
19.132,11,STA,WIFI_DROP,
19.132,14,STA,WIFI_DROP,
19.132,15,STA,WIFI_DROP,
19.132,18,STA,WIFI_DROP,
19.132,20,STA,WIFI_DROP,
19.132,21,STA,WIFI_DROP,
19.1344,4,STA,WIFI_DROP,
19.1344,6,STA,WIFI_DROP,
19.1344,11,STA,WIFI_DROP,
19.1344,14,STA,WIFI_DROP,
19.1344,15,STA,WIFI_DROP,
19.1344,18,STA,WIFI_DROP,
19.1344,20,STA,WIFI_DROP,
19.1344,21,STA,WIFI_DROP,
19.1368,4,STA,WIFI_DROP,
19.1368,6,STA,WIFI_DROP,
19.1368,11,STA,WIFI_DROP,
19.1368,14,STA,WIFI_DROP,
19.1368,15,STA,WIFI_DROP,
19.1368,18,STA,WIFI_DROP,
19.1368,20,STA,WIFI_DROP,
19.1368,21,STA,WIFI_DROP,
19.1392,4,STA,WIFI_DROP,
19.1392,6,STA,WIFI_DROP,
19.1392,11,STA,WIFI_DROP,
19.1392,14,STA,WIFI_DROP,
19.1392,15,STA,WIFI_DROP,
19.1392,18,STA,WIFI_DROP,
19.1392,20,STA,WIFI_DROP,
19.1392,21,STA,WIFI_DROP,
19.1416,4,STA,WIFI_DROP,
19.1416,6,STA,WIFI_DROP,
19.1416,11,STA,WIFI_DROP,
19.1416,14,STA,WIFI_DROP,
19.1416,15,STA,WIFI_DROP,
19.1416,18,STA,WIFI_DROP,
19.1416,20,STA,WIFI_DROP,
19.1416,21,STA,WIFI_DROP,
19.144,4,STA,WIFI_DROP,
19.144,6,STA,WIFI_DROP,
19.144,11,STA,WIFI_DROP,
19.144,14,STA,WIFI_DROP,
19.144,15,STA,WIFI_DROP,
19.144,18,STA,WIFI_DROP,
19.144,20,STA,WIFI_DROP,
19.144,21,STA,WIFI_DROP,
19.1464,4,STA,WIFI_DROP,
19.1464,6,STA,WIFI_DROP,
19.1464,11,STA,WIFI_DROP,
19.1464,14,STA,WIFI_DROP,
19.1464,15,STA,WIFI_DROP,
19.1464,18,STA,WIFI_DROP,
19.1464,20,STA,WIFI_DROP,
19.1464,21,STA,WIFI_DROP,
19.1488,4,STA,WIFI_DROP,
19.1488,6,STA,WIFI_DROP,
19.1488,11,STA,WIFI_DROP,
19.1488,14,STA,WIFI_DROP,
19.1488,15,STA,WIFI_DROP,
19.1488,18,STA,WIFI_DROP,
19.1488,20,STA,WIFI_DROP,
19.1488,21,STA,WIFI_DROP,
19.1512,4,STA,WIFI_DROP,
19.1512,6,STA,WIFI_DROP,
19.1512,11,STA,WIFI_DROP,
19.1512,14,STA,WIFI_DROP,
19.1512,15,STA,WIFI_DROP,
19.1512,18,STA,WIFI_DROP,
19.1512,20,STA,WIFI_DROP,
19.1512,21,STA,WIFI_DROP,
19.1536,4,STA,WIFI_DROP,
19.1536,6,STA,WIFI_DROP,
19.1536,11,STA,WIFI_DROP,
19.1536,14,STA,WIFI_DROP,
19.1536,15,STA,WIFI_DROP,
19.1536,18,STA,WIFI_DROP,
19.1536,20,STA,WIFI_DROP,
19.1536,21,STA,WIFI_DROP,
19.156,4,STA,WIFI_DROP,
19.156,6,STA,WIFI_DROP,
19.156,11,STA,WIFI_DROP,
19.156,14,STA,WIFI_DROP,
19.156,15,STA,WIFI_DROP,
19.156,18,STA,WIFI_DROP,
19.156,20,STA,WIFI_DROP,
19.156,21,STA,WIFI_DROP,
19.1584,4,STA,WIFI_DROP,
19.1584,6,STA,WIFI_DROP,
19.1584,11,STA,WIFI_DROP,
19.1584,14,STA,WIFI_DROP,
19.1584,15,STA,WIFI_DROP,
19.1584,18,STA,WIFI_DROP,
19.1584,20,STA,WIFI_DROP,
19.1584,21,STA,WIFI_DROP,
19.1608,4,STA,WIFI_DROP,
19.1608,6,STA,WIFI_DROP,
19.1608,11,STA,WIFI_DROP,
19.1608,14,STA,WIFI_DROP,
19.1608,15,STA,WIFI_DROP,
19.1608,18,STA,WIFI_DROP,
19.1608,20,STA,WIFI_DROP,
19.1608,21,STA,WIFI_DROP,
19.1632,4,STA,WIFI_DROP,
19.1632,6,STA,WIFI_DROP,
19.1632,11,STA,WIFI_DROP,
19.1632,14,STA,WIFI_DROP,
19.1632,15,STA,WIFI_DROP,
19.1632,18,STA,WIFI_DROP,
19.1632,20,STA,WIFI_DROP,
19.1632,21,STA,WIFI_DROP,
19.1656,4,STA,WIFI_DROP,
19.1656,6,STA,WIFI_DROP,
19.1656,11,STA,WIFI_DROP,
19.1656,14,STA,WIFI_DROP,
19.1656,15,STA,WIFI_DROP,
19.1656,18,STA,WIFI_DROP,
19.1656,20,STA,WIFI_DROP,
19.1656,21,STA,WIFI_DROP,
19.168,4,STA,WIFI_DROP,
19.168,6,STA,WIFI_DROP,
19.168,11,STA,WIFI_DROP,
19.168,14,STA,WIFI_DROP,
19.168,15,STA,WIFI_DROP,
19.168,18,STA,WIFI_DROP,
19.168,20,STA,WIFI_DROP,
19.168,21,STA,WIFI_DROP,
19.1704,4,STA,WIFI_DROP,
19.1704,6,STA,WIFI_DROP,
19.1704,11,STA,WIFI_DROP,
19.1704,14,STA,WIFI_DROP,
19.1704,15,STA,WIFI_DROP,
19.1704,18,STA,WIFI_DROP,
19.1704,20,STA,WIFI_DROP,
19.1704,21,STA,WIFI_DROP,
19.1728,4,STA,WIFI_DROP,
19.1728,6,STA,WIFI_DROP,
19.1728,11,STA,WIFI_DROP,
19.1728,14,STA,WIFI_DROP,
19.1728,15,STA,WIFI_DROP,
19.1728,18,STA,WIFI_DROP,
19.1728,20,STA,WIFI_DROP,
19.1728,21,STA,WIFI_DROP,
19.1752,4,STA,WIFI_DROP,
19.1752,6,STA,WIFI_DROP,
19.1752,11,STA,WIFI_DROP,
19.1752,14,STA,WIFI_DROP,
19.1752,15,STA,WIFI_DROP,
19.1752,18,STA,WIFI_DROP,
19.1752,20,STA,WIFI_DROP,
19.1752,21,STA,WIFI_DROP,
19.1776,4,STA,WIFI_DROP,
19.1776,6,STA,WIFI_DROP,
19.1776,11,STA,WIFI_DROP,
19.1776,14,STA,WIFI_DROP,
19.1776,15,STA,WIFI_DROP,
19.1776,18,STA,WIFI_DROP,
19.1776,20,STA,WIFI_DROP,
19.1776,21,STA,WIFI_DROP,
19.18,4,STA,WIFI_DROP,
19.18,6,STA,WIFI_DROP,
19.18,11,STA,WIFI_DROP,
19.18,14,STA,WIFI_DROP,
19.18,15,STA,WIFI_DROP,
19.18,18,STA,WIFI_DROP,
19.18,20,STA,WIFI_DROP,
19.18,21,STA,WIFI_DROP,
19.1824,4,STA,WIFI_DROP,
19.1824,6,STA,WIFI_DROP,
19.1824,11,STA,WIFI_DROP,
19.1824,14,STA,WIFI_DROP,
19.1824,15,STA,WIFI_DROP,
19.1824,18,STA,WIFI_DROP,
19.1824,20,STA,WIFI_DROP,
19.1824,21,STA,WIFI_DROP,
19.1848,4,STA,WIFI_DROP,
19.1848,6,STA,WIFI_DROP,
19.1848,11,STA,WIFI_DROP,
19.1848,14,STA,WIFI_DROP,
19.1848,15,STA,WIFI_DROP,
19.1848,18,STA,WIFI_DROP,
19.1848,20,STA,WIFI_DROP,
19.1848,21,STA,WIFI_DROP,
19.1872,4,STA,WIFI_DROP,
19.1872,6,STA,WIFI_DROP,
19.1872,11,STA,WIFI_DROP,
19.1872,14,STA,WIFI_DROP,
19.1872,15,STA,WIFI_DROP,
19.1872,18,STA,WIFI_DROP,
19.1872,20,STA,WIFI_DROP,
19.1872,21,STA,WIFI_DROP,
19.1896,4,STA,WIFI_DROP,
19.1896,6,STA,WIFI_DROP,
19.1896,11,STA,WIFI_DROP,
19.1896,14,STA,WIFI_DROP,
19.1896,15,STA,WIFI_DROP,
19.1896,18,STA,WIFI_DROP,
19.1896,20,STA,WIFI_DROP,
19.1896,21,STA,WIFI_DROP,
19.192,4,STA,WIFI_DROP,
19.192,6,STA,WIFI_DROP,
19.192,11,STA,WIFI_DROP,
19.192,14,STA,WIFI_DROP,
19.192,15,STA,WIFI_DROP,
19.192,18,STA,WIFI_DROP,
19.192,20,STA,WIFI_DROP,
19.192,21,STA,WIFI_DROP,
19.1944,4,STA,WIFI_DROP,
19.1944,6,STA,WIFI_DROP,
19.1944,11,STA,WIFI_DROP,
19.1944,14,STA,WIFI_DROP,
19.1944,15,STA,WIFI_DROP,
19.1944,18,STA,WIFI_DROP,
19.1944,20,STA,WIFI_DROP,
19.1944,21,STA,WIFI_DROP,
19.1968,4,STA,WIFI_DROP,
19.1968,6,STA,WIFI_DROP,
19.1968,11,STA,WIFI_DROP,
19.1968,14,STA,WIFI_DROP,
19.1968,15,STA,WIFI_DROP,
19.1968,18,STA,WIFI_DROP,
19.1968,20,STA,WIFI_DROP,
19.1968,21,STA,WIFI_DROP,
19.1992,4,STA,WIFI_DROP,
19.1992,6,STA,WIFI_DROP,
19.1992,11,STA,WIFI_DROP,
19.1992,14,STA,WIFI_DROP,
19.1992,15,STA,WIFI_DROP,
19.1992,18,STA,WIFI_DROP,
19.1992,20,STA,WIFI_DROP,
19.1992,21,STA,WIFI_DROP,
19.2016,4,STA,WIFI_DROP,
19.2016,6,STA,WIFI_DROP,
19.2016,11,STA,WIFI_DROP,
19.2016,14,STA,WIFI_DROP,
19.2016,15,STA,WIFI_DROP,
19.2016,18,STA,WIFI_DROP,
19.2016,20,STA,WIFI_DROP,
19.2016,21,STA,WIFI_DROP,
19.204,4,STA,WIFI_DROP,
19.204,6,STA,WIFI_DROP,
19.204,11,STA,WIFI_DROP,
19.204,14,STA,WIFI_DROP,
19.204,15,STA,WIFI_DROP,
19.204,18,STA,WIFI_DROP,
19.204,20,STA,WIFI_DROP,
19.204,21,STA,WIFI_DROP,
19.2064,4,STA,WIFI_DROP,
19.2064,6,STA,WIFI_DROP,
19.2064,11,STA,WIFI_DROP,
19.2064,14,STA,WIFI_DROP,
19.2064,15,STA,WIFI_DROP,
19.2064,18,STA,WIFI_DROP,
19.2064,20,STA,WIFI_DROP,
19.2064,21,STA,WIFI_DROP,
19.2088,4,STA,WIFI_DROP,
19.2088,6,STA,WIFI_DROP,
19.2088,11,STA,WIFI_DROP,
19.2088,14,STA,WIFI_DROP,
19.2088,15,STA,WIFI_DROP,
19.2088,18,STA,WIFI_DROP,
19.2088,20,STA,WIFI_DROP,
19.2088,21,STA,WIFI_DROP,
19.2112,4,STA,WIFI_DROP,
19.2112,6,STA,WIFI_DROP,
19.2112,11,STA,WIFI_DROP,
19.2112,14,STA,WIFI_DROP,
19.2112,15,STA,WIFI_DROP,
19.2112,18,STA,WIFI_DROP,
19.2112,20,STA,WIFI_DROP,
19.2112,21,STA,WIFI_DROP,
19.2136,4,STA,WIFI_DROP,
19.2136,6,STA,WIFI_DROP,
19.2136,11,STA,WIFI_DROP,
19.2136,14,STA,WIFI_DROP,
19.2136,15,STA,WIFI_DROP,
19.2136,18,STA,WIFI_DROP,
19.2136,20,STA,WIFI_DROP,
19.2136,21,STA,WIFI_DROP,
19.216,4,STA,WIFI_DROP,
19.216,6,STA,WIFI_DROP,
19.216,11,STA,WIFI_DROP,
19.216,14,STA,WIFI_DROP,
19.216,15,STA,WIFI_DROP,
19.216,18,STA,WIFI_DROP,
19.216,20,STA,WIFI_DROP,
19.216,21,STA,WIFI_DROP,
19.2184,4,STA,WIFI_DROP,
19.2184,6,STA,WIFI_DROP,
19.2184,11,STA,WIFI_DROP,
19.2184,14,STA,WIFI_DROP,
19.2184,15,STA,WIFI_DROP,
19.2184,18,STA,WIFI_DROP,
19.2184,20,STA,WIFI_DROP,
19.2184,21,STA,WIFI_DROP,
19.2208,4,STA,WIFI_DROP,
19.2208,6,STA,WIFI_DROP,
19.2208,11,STA,WIFI_DROP,
19.2208,14,STA,WIFI_DROP,
19.2208,15,STA,WIFI_DROP,
19.2208,18,STA,WIFI_DROP,
19.2208,20,STA,WIFI_DROP,
19.2208,21,STA,WIFI_DROP,
19.2232,4,STA,WIFI_DROP,
19.2232,6,STA,WIFI_DROP,
19.2232,11,STA,WIFI_DROP,
19.2232,14,STA,WIFI_DROP,
19.2232,15,STA,WIFI_DROP,
19.2232,18,STA,WIFI_DROP,
19.2232,20,STA,WIFI_DROP,
19.2232,21,STA,WIFI_DROP,
19.2256,4,STA,WIFI_DROP,
19.2256,6,STA,WIFI_DROP,
19.2256,11,STA,WIFI_DROP,
19.2256,14,STA,WIFI_DROP,
19.2256,15,STA,WIFI_DROP,
19.2256,18,STA,WIFI_DROP,
19.2256,20,STA,WIFI_DROP,
19.2256,21,STA,WIFI_DROP,
19.228,4,STA,WIFI_DROP,
19.228,6,STA,WIFI_DROP,
19.228,11,STA,WIFI_DROP,
19.228,14,STA,WIFI_DROP,
19.228,15,STA,WIFI_DROP,
19.228,18,STA,WIFI_DROP,
19.228,20,STA,WIFI_DROP,
19.228,21,STA,WIFI_DROP,
19.2304,4,STA,WIFI_DROP,
19.2304,6,STA,WIFI_DROP,
19.2304,11,STA,WIFI_DROP,
19.2304,14,STA,WIFI_DROP,
19.2304,15,STA,WIFI_DROP,
19.2304,17,STA,WIFI_DROP,
19.2304,18,STA,WIFI_DROP,
19.2304,20,STA,WIFI_DROP,
19.2304,21,STA,WIFI_DROP,
19.2328,4,STA,WIFI_DROP,
19.2328,6,STA,WIFI_DROP,
19.2328,11,STA,WIFI_DROP,
19.2328,14,STA,WIFI_DROP,
19.2328,15,STA,WIFI_DROP,
19.2328,17,STA,WIFI_DROP,
19.2328,18,STA,WIFI_DROP,
19.2328,20,STA,WIFI_DROP,
19.2328,21,STA,WIFI_DROP,
19.2352,4,STA,WIFI_DROP,
19.2352,6,STA,WIFI_DROP,
19.2352,11,STA,WIFI_DROP,
19.2352,14,STA,WIFI_DROP,
19.2352,15,STA,WIFI_DROP,
19.2352,17,STA,WIFI_DROP,
19.2352,18,STA,WIFI_DROP,
19.2352,20,STA,WIFI_DROP,
19.2352,21,STA,WIFI_DROP,
19.2376,4,STA,WIFI_DROP,
19.2376,6,STA,WIFI_DROP,
19.2376,11,STA,WIFI_DROP,
19.2376,14,STA,WIFI_DROP,
19.2376,15,STA,WIFI_DROP,
19.2376,17,STA,WIFI_DROP,
19.2376,18,STA,WIFI_DROP,
19.2376,20,STA,WIFI_DROP,
19.2376,21,STA,WIFI_DROP,
19.24,4,STA,WIFI_DROP,
19.24,6,STA,WIFI_DROP,
19.24,11,STA,WIFI_DROP,
19.24,14,STA,WIFI_DROP,
19.24,15,STA,WIFI_DROP,
19.24,17,STA,WIFI_DROP,
19.24,18,STA,WIFI_DROP,
19.24,20,STA,WIFI_DROP,
19.24,21,STA,WIFI_DROP,
19.2424,4,STA,WIFI_DROP,
19.2424,6,STA,WIFI_DROP,
19.2424,11,STA,WIFI_DROP,
19.2424,14,STA,WIFI_DROP,
19.2424,15,STA,WIFI_DROP,
19.2424,17,STA,WIFI_DROP,
19.2424,18,STA,WIFI_DROP,
19.2424,20,STA,WIFI_DROP,
19.2424,21,STA,WIFI_DROP,
19.2448,4,STA,WIFI_DROP,
19.2448,6,STA,WIFI_DROP,
19.2448,11,STA,WIFI_DROP,
19.2448,14,STA,WIFI_DROP,
19.2448,15,STA,WIFI_DROP,
19.2448,17,STA,WIFI_DROP,
19.2448,18,STA,WIFI_DROP,
19.2448,20,STA,WIFI_DROP,
19.2448,21,STA,WIFI_DROP,
19.2472,4,STA,WIFI_DROP,
19.2472,6,STA,WIFI_DROP,
19.2472,11,STA,WIFI_DROP,
19.2472,14,STA,WIFI_DROP,
19.2472,15,STA,WIFI_DROP,
19.2472,17,STA,WIFI_DROP,
19.2472,18,STA,WIFI_DROP,
19.2472,20,STA,WIFI_DROP,
19.2472,21,STA,WIFI_DROP,
19.2496,4,STA,WIFI_DROP,
19.2496,6,STA,WIFI_DROP,
19.2496,11,STA,WIFI_DROP,
19.2496,14,STA,WIFI_DROP,
19.2496,15,STA,WIFI_DROP,
19.2496,17,STA,WIFI_DROP,
19.2496,18,STA,WIFI_DROP,
19.2496,20,STA,WIFI_DROP,
19.2496,21,STA,WIFI_DROP,
19.252,4,STA,WIFI_DROP,
19.252,6,STA,WIFI_DROP,
19.252,11,STA,WIFI_DROP,
19.252,14,STA,WIFI_DROP,
19.252,15,STA,WIFI_DROP,
19.252,17,STA,WIFI_DROP,
19.252,18,STA,WIFI_DROP,
19.252,20,STA,WIFI_DROP,
19.252,21,STA,WIFI_DROP,
19.2544,4,STA,WIFI_DROP,
19.2544,6,STA,WIFI_DROP,
19.2544,11,STA,WIFI_DROP,
19.2544,14,STA,WIFI_DROP,
19.2544,15,STA,WIFI_DROP,
19.2544,17,STA,WIFI_DROP,
19.2544,18,STA,WIFI_DROP,
19.2544,20,STA,WIFI_DROP,
19.2544,21,STA,WIFI_DROP,
19.2568,6,STA,WIFI_DROP,
19.2568,11,STA,WIFI_DROP,
19.2568,14,STA,WIFI_DROP,
19.2568,15,STA,WIFI_DROP,
19.2568,17,STA,WIFI_DROP,
19.2568,18,STA,WIFI_DROP,
19.2568,20,STA,WIFI_DROP,
19.2568,21,STA,WIFI_DROP,
19.2592,6,STA,WIFI_DROP,
19.2592,11,STA,WIFI_DROP,
19.2592,14,STA,WIFI_DROP,
19.2592,15,STA,WIFI_DROP,
19.2592,17,STA,WIFI_DROP,
19.2592,18,STA,WIFI_DROP,
19.2592,20,STA,WIFI_DROP,
19.2592,21,STA,WIFI_DROP,
19.2616,6,STA,WIFI_DROP,
19.2616,11,STA,WIFI_DROP,
19.2616,14,STA,WIFI_DROP,
19.2616,15,STA,WIFI_DROP,
19.2616,17,STA,WIFI_DROP,
19.2616,18,STA,WIFI_DROP,
19.2616,20,STA,WIFI_DROP,
19.2616,21,STA,WIFI_DROP,
19.264,6,STA,WIFI_DROP,
19.264,11,STA,WIFI_DROP,
19.264,14,STA,WIFI_DROP,
19.264,15,STA,WIFI_DROP,
19.264,17,STA,WIFI_DROP,
19.264,18,STA,WIFI_DROP,
19.264,20,STA,WIFI_DROP,
19.264,21,STA,WIFI_DROP,
19.2664,6,STA,WIFI_DROP,
19.2664,11,STA,WIFI_DROP,
19.2664,14,STA,WIFI_DROP,
19.2664,15,STA,WIFI_DROP,
19.2664,17,STA,WIFI_DROP,
19.2664,18,STA,WIFI_DROP,
19.2664,20,STA,WIFI_DROP,
19.2664,21,STA,WIFI_DROP,
19.2688,6,STA,WIFI_DROP,
19.2688,11,STA,WIFI_DROP,
19.2688,14,STA,WIFI_DROP,
19.2688,15,STA,WIFI_DROP,
19.2688,17,STA,WIFI_DROP,
19.2688,18,STA,WIFI_DROP,
19.2688,20,STA,WIFI_DROP,
19.2688,21,STA,WIFI_DROP,
19.2712,6,STA,WIFI_DROP,
19.2712,11,STA,WIFI_DROP,
19.2712,14,STA,WIFI_DROP,
19.2712,17,STA,WIFI_DROP,
19.2712,18,STA,WIFI_DROP,
19.2712,20,STA,WIFI_DROP,
19.2712,21,STA,WIFI_DROP,
19.2736,6,STA,WIFI_DROP,
19.2736,11,STA,WIFI_DROP,
19.2736,14,STA,WIFI_DROP,
19.2736,17,STA,WIFI_DROP,
19.2736,18,STA,WIFI_DROP,
19.2736,20,STA,WIFI_DROP,
19.2736,21,STA,WIFI_DROP,
19.276,6,STA,WIFI_DROP,
19.276,11,STA,WIFI_DROP,
19.276,14,STA,WIFI_DROP,
19.276,17,STA,WIFI_DROP,
19.276,18,STA,WIFI_DROP,
19.276,20,STA,WIFI_DROP,
19.276,21,STA,WIFI_DROP,
19.2784,6,STA,WIFI_DROP,
19.2784,11,STA,WIFI_DROP,
19.2784,14,STA,WIFI_DROP,
19.2784,17,STA,WIFI_DROP,
19.2784,18,STA,WIFI_DROP,
19.2784,20,STA,WIFI_DROP,
19.2784,21,STA,WIFI_DROP,
19.2808,4,STA,WIFI_DROP,
19.2808,6,STA,WIFI_DROP,
19.2808,11,STA,WIFI_DROP,
19.2808,14,STA,WIFI_DROP,
19.2808,17,STA,WIFI_DROP,
19.2808,18,STA,WIFI_DROP,
19.2808,20,STA,WIFI_DROP,
19.2808,21,STA,WIFI_DROP,
19.2832,4,STA,WIFI_DROP,
19.2832,6,STA,WIFI_DROP,
19.2832,11,STA,WIFI_DROP,
19.2832,14,STA,WIFI_DROP,
19.2832,17,STA,WIFI_DROP,
19.2832,18,STA,WIFI_DROP,
19.2832,20,STA,WIFI_DROP,
19.2832,21,STA,WIFI_DROP,
19.2856,4,STA,WIFI_DROP,
19.2856,6,STA,WIFI_DROP,
19.2856,11,STA,WIFI_DROP,
19.2856,14,STA,WIFI_DROP,
19.2856,17,STA,WIFI_DROP,
19.2856,18,STA,WIFI_DROP,
19.2856,20,STA,WIFI_DROP,
19.2856,21,STA,WIFI_DROP,
19.288,4,STA,WIFI_DROP,
19.288,6,STA,WIFI_DROP,
19.288,11,STA,WIFI_DROP,
19.288,14,STA,WIFI_DROP,
19.288,17,STA,WIFI_DROP,
19.288,18,STA,WIFI_DROP,
19.288,20,STA,WIFI_DROP,
19.288,21,STA,WIFI_DROP,
19.2904,4,STA,WIFI_DROP,
19.2904,6,STA,WIFI_DROP,
19.2904,11,STA,WIFI_DROP,
19.2904,14,STA,WIFI_DROP,
19.2904,17,STA,WIFI_DROP,
19.2904,18,STA,WIFI_DROP,
19.2904,20,STA,WIFI_DROP,
19.2904,21,STA,WIFI_DROP,
19.2928,4,STA,WIFI_DROP,
19.2928,6,STA,WIFI_DROP,
19.2928,11,STA,WIFI_DROP,
19.2928,14,STA,WIFI_DROP,
19.2928,17,STA,WIFI_DROP,
19.2928,18,STA,WIFI_DROP,
19.2928,20,STA,WIFI_DROP,
19.2928,21,STA,WIFI_DROP,
19.2952,4,STA,WIFI_DROP,
19.2952,6,STA,WIFI_DROP,
19.2952,11,STA,WIFI_DROP,
19.2952,14,STA,WIFI_DROP,
19.2952,17,STA,WIFI_DROP,
19.2952,18,STA,WIFI_DROP,
19.2952,20,STA,WIFI_DROP,
19.2952,21,STA,WIFI_DROP,
19.2976,4,STA,WIFI_DROP,
19.2976,6,STA,WIFI_DROP,
19.2976,11,STA,WIFI_DROP,
19.2976,14,STA,WIFI_DROP,
19.2976,17,STA,WIFI_DROP,
19.2976,18,STA,WIFI_DROP,
19.2976,20,STA,WIFI_DROP,
19.2976,21,STA,WIFI_DROP,
19.3,4,STA,WIFI_DROP,
19.3,6,STA,WIFI_DROP,
19.3,11,STA,WIFI_DROP,
19.3,14,STA,WIFI_DROP,
19.3,17,STA,WIFI_DROP,
19.3,18,STA,WIFI_DROP,
19.3,20,STA,WIFI_DROP,
19.3,21,STA,WIFI_DROP,
19.3024,4,STA,WIFI_DROP,
19.3024,6,STA,WIFI_DROP,
19.3024,11,STA,WIFI_DROP,
19.3024,14,STA,WIFI_DROP,
19.3024,17,STA,WIFI_DROP,
19.3024,18,STA,WIFI_DROP,
19.3024,20,STA,WIFI_DROP,
19.3024,21,STA,WIFI_DROP,
19.3048,4,STA,WIFI_DROP,
19.3048,6,STA,WIFI_DROP,
19.3048,11,STA,WIFI_DROP,
19.3048,14,STA,WIFI_DROP,
19.3048,17,STA,WIFI_DROP,
19.3048,18,STA,WIFI_DROP,
19.3048,20,STA,WIFI_DROP,
19.3048,21,STA,WIFI_DROP,
19.3072,4,STA,WIFI_DROP,
19.3072,6,STA,WIFI_DROP,
19.3072,11,STA,WIFI_DROP,
19.3072,14,STA,WIFI_DROP,
19.3072,17,STA,WIFI_DROP,
19.3072,18,STA,WIFI_DROP,
19.3072,20,STA,WIFI_DROP,
19.3072,21,STA,WIFI_DROP,
19.3096,4,STA,WIFI_DROP,
19.3096,6,STA,WIFI_DROP,
19.3096,11,STA,WIFI_DROP,
19.3096,14,STA,WIFI_DROP,
19.3096,17,STA,WIFI_DROP,
19.3096,18,STA,WIFI_DROP,
19.3096,20,STA,WIFI_DROP,
19.3096,21,STA,WIFI_DROP,
19.312,4,STA,WIFI_DROP,
19.312,6,STA,WIFI_DROP,
19.312,11,STA,WIFI_DROP,
19.312,14,STA,WIFI_DROP,
19.312,17,STA,WIFI_DROP,
19.312,18,STA,WIFI_DROP,
19.312,20,STA,WIFI_DROP,
19.312,21,STA,WIFI_DROP,
19.3144,4,STA,WIFI_DROP,
19.3144,6,STA,WIFI_DROP,
19.3144,11,STA,WIFI_DROP,
19.3144,14,STA,WIFI_DROP,
19.3144,17,STA,WIFI_DROP,
19.3144,18,STA,WIFI_DROP,
19.3144,20,STA,WIFI_DROP,
19.3144,21,STA,WIFI_DROP,
19.3168,4,STA,WIFI_DROP,
19.3168,6,STA,WIFI_DROP,
19.3168,11,STA,WIFI_DROP,
19.3168,14,STA,WIFI_DROP,
19.3168,17,STA,WIFI_DROP,
19.3168,18,STA,WIFI_DROP,
19.3168,20,STA,WIFI_DROP,
19.3168,21,STA,WIFI_DROP,
19.3192,4,STA,WIFI_DROP,
19.3192,6,STA,WIFI_DROP,
19.3192,11,STA,WIFI_DROP,
19.3192,14,STA,WIFI_DROP,
19.3192,17,STA,WIFI_DROP,
19.3192,18,STA,WIFI_DROP,
19.3192,20,STA,WIFI_DROP,
19.3192,21,STA,WIFI_DROP,
19.3216,4,STA,WIFI_DROP,
19.3216,6,STA,WIFI_DROP,
19.3216,11,STA,WIFI_DROP,
19.3216,14,STA,WIFI_DROP,
19.3216,17,STA,WIFI_DROP,
19.3216,18,STA,WIFI_DROP,
19.3216,20,STA,WIFI_DROP,
19.3216,21,STA,WIFI_DROP,
19.324,4,STA,WIFI_DROP,
19.324,6,STA,WIFI_DROP,
19.324,11,STA,WIFI_DROP,
19.324,14,STA,WIFI_DROP,
19.324,17,STA,WIFI_DROP,
19.324,18,STA,WIFI_DROP,
19.324,20,STA,WIFI_DROP,
19.324,21,STA,WIFI_DROP,
19.3264,4,STA,WIFI_DROP,
19.3264,6,STA,WIFI_DROP,
19.3264,11,STA,WIFI_DROP,
19.3264,14,STA,WIFI_DROP,
19.3264,17,STA,WIFI_DROP,
19.3264,18,STA,WIFI_DROP,
19.3264,20,STA,WIFI_DROP,
19.3264,21,STA,WIFI_DROP,
19.3288,4,STA,WIFI_DROP,
19.3288,6,STA,WIFI_DROP,
19.3288,11,STA,WIFI_DROP,
19.3288,14,STA,WIFI_DROP,
19.3288,17,STA,WIFI_DROP,
19.3288,18,STA,WIFI_DROP,
19.3288,20,STA,WIFI_DROP,
19.3288,21,STA,WIFI_DROP,
19.3312,4,STA,WIFI_DROP,
19.3312,6,STA,WIFI_DROP,
19.3312,11,STA,WIFI_DROP,
19.3312,14,STA,WIFI_DROP,
19.3312,17,STA,WIFI_DROP,
19.3312,18,STA,WIFI_DROP,
19.3312,20,STA,WIFI_DROP,
19.3312,21,STA,WIFI_DROP,
19.3336,6,STA,WIFI_DROP,
19.3336,11,STA,WIFI_DROP,
19.3336,14,STA,WIFI_DROP,
19.3336,16,STA,WIFI_DROP,
19.3336,17,STA,WIFI_DROP,
19.3336,18,STA,WIFI_DROP,
19.3336,20,STA,WIFI_DROP,
19.3336,21,STA,WIFI_DROP,
19.336,6,STA,WIFI_DROP,
19.336,11,STA,WIFI_DROP,
19.336,14,STA,WIFI_DROP,
19.336,16,STA,WIFI_DROP,
19.336,17,STA,WIFI_DROP,
19.336,18,STA,WIFI_DROP,
19.336,20,STA,WIFI_DROP,
19.336,21,STA,WIFI_DROP,
19.3384,6,STA,WIFI_DROP,
19.3384,11,STA,WIFI_DROP,
19.3384,14,STA,WIFI_DROP,
19.3384,16,STA,WIFI_DROP,
19.3384,17,STA,WIFI_DROP,
19.3384,18,STA,WIFI_DROP,
19.3384,20,STA,WIFI_DROP,
19.3384,21,STA,WIFI_DROP,
19.3408,6,STA,WIFI_DROP,
19.3408,11,STA,WIFI_DROP,
19.3408,14,STA,WIFI_DROP,
19.3408,16,STA,WIFI_DROP,
19.3408,17,STA,WIFI_DROP,
19.3408,18,STA,WIFI_DROP,
19.3408,20,STA,WIFI_DROP,
19.3408,21,STA,WIFI_DROP,
19.3432,6,STA,WIFI_DROP,
19.3432,11,STA,WIFI_DROP,
19.3432,14,STA,WIFI_DROP,
19.3432,16,STA,WIFI_DROP,
19.3432,17,STA,WIFI_DROP,
19.3432,18,STA,WIFI_DROP,
19.3432,20,STA,WIFI_DROP,
19.3432,21,STA,WIFI_DROP,
19.3456,6,STA,WIFI_DROP,
19.3456,11,STA,WIFI_DROP,
19.3456,14,STA,WIFI_DROP,
19.3456,16,STA,WIFI_DROP,
19.3456,17,STA,WIFI_DROP,
19.3456,18,STA,WIFI_DROP,
19.3456,20,STA,WIFI_DROP,
19.3456,21,STA,WIFI_DROP,
19.348,6,STA,WIFI_DROP,
19.348,11,STA,WIFI_DROP,
19.348,14,STA,WIFI_DROP,
19.348,16,STA,WIFI_DROP,
19.348,17,STA,WIFI_DROP,
19.348,18,STA,WIFI_DROP,
19.348,20,STA,WIFI_DROP,
19.348,21,STA,WIFI_DROP,
19.3504,6,STA,WIFI_DROP,
19.3504,11,STA,WIFI_DROP,
19.3504,14,STA,WIFI_DROP,
19.3504,16,STA,WIFI_DROP,
19.3504,17,STA,WIFI_DROP,
19.3504,18,STA,WIFI_DROP,
19.3504,20,STA,WIFI_DROP,
19.3504,21,STA,WIFI_DROP,
19.3528,6,STA,WIFI_DROP,
19.3528,11,STA,WIFI_DROP,
19.3528,14,STA,WIFI_DROP,
19.3528,16,STA,WIFI_DROP,
19.3528,17,STA,WIFI_DROP,
19.3528,18,STA,WIFI_DROP,
19.3528,20,STA,WIFI_DROP,
19.3528,21,STA,WIFI_DROP,
19.3552,6,STA,WIFI_DROP,
19.3552,11,STA,WIFI_DROP,
19.3552,14,STA,WIFI_DROP,
19.3552,16,STA,WIFI_DROP,
19.3552,17,STA,WIFI_DROP,
19.3552,18,STA,WIFI_DROP,
19.3552,20,STA,WIFI_DROP,
19.3552,21,STA,WIFI_DROP,
19.3576,6,STA,WIFI_DROP,
19.3576,11,STA,WIFI_DROP,
19.3576,14,STA,WIFI_DROP,
19.3576,16,STA,WIFI_DROP,
19.3576,17,STA,WIFI_DROP,
19.3576,18,STA,WIFI_DROP,
19.3576,20,STA,WIFI_DROP,
19.3576,21,STA,WIFI_DROP,
19.36,6,STA,WIFI_DROP,
19.36,11,STA,WIFI_DROP,
19.36,14,STA,WIFI_DROP,
19.36,16,STA,WIFI_DROP,
19.36,17,STA,WIFI_DROP,
19.36,18,STA,WIFI_DROP,
19.36,20,STA,WIFI_DROP,
19.36,21,STA,WIFI_DROP,
19.3624,6,STA,WIFI_DROP,
19.3624,11,STA,WIFI_DROP,
19.3624,14,STA,WIFI_DROP,
19.3624,16,STA,WIFI_DROP,
19.3624,17,STA,WIFI_DROP,
19.3624,18,STA,WIFI_DROP,
19.3624,20,STA,WIFI_DROP,
19.3624,21,STA,WIFI_DROP,
19.3648,6,STA,WIFI_DROP,
19.3648,11,STA,WIFI_DROP,
19.3648,14,STA,WIFI_DROP,
19.3648,16,STA,WIFI_DROP,
19.3648,17,STA,WIFI_DROP,
19.3648,18,STA,WIFI_DROP,
19.3648,20,STA,WIFI_DROP,
19.3648,21,STA,WIFI_DROP,
19.3672,6,STA,WIFI_DROP,
19.3672,11,STA,WIFI_DROP,
19.3672,14,STA,WIFI_DROP,
19.3672,16,STA,WIFI_DROP,
19.3672,17,STA,WIFI_DROP,
19.3672,18,STA,WIFI_DROP,
19.3672,20,STA,WIFI_DROP,
19.3672,21,STA,WIFI_DROP,
19.3696,6,STA,WIFI_DROP,
19.3696,11,STA,WIFI_DROP,
19.3696,14,STA,WIFI_DROP,
19.3696,16,STA,WIFI_DROP,
19.3696,17,STA,WIFI_DROP,
19.3696,18,STA,WIFI_DROP,
19.3696,20,STA,WIFI_DROP,
19.3696,21,STA,WIFI_DROP,
19.372,6,STA,WIFI_DROP,
19.372,11,STA,WIFI_DROP,
19.372,14,STA,WIFI_DROP,
19.372,16,STA,WIFI_DROP,
19.372,17,STA,WIFI_DROP,
19.372,18,STA,WIFI_DROP,
19.372,20,STA,WIFI_DROP,
19.372,21,STA,WIFI_DROP,
19.3744,6,STA,WIFI_DROP,
19.3744,11,STA,WIFI_DROP,
19.3744,14,STA,WIFI_DROP,
19.3744,16,STA,WIFI_DROP,
19.3744,17,STA,WIFI_DROP,
19.3744,18,STA,WIFI_DROP,
19.3744,20,STA,WIFI_DROP,
19.3744,21,STA,WIFI_DROP,
19.3768,6,STA,WIFI_DROP,
19.3768,11,STA,WIFI_DROP,
19.3768,14,STA,WIFI_DROP,
19.3768,16,STA,WIFI_DROP,
19.3768,17,STA,WIFI_DROP,
19.3768,18,STA,WIFI_DROP,
19.3768,20,STA,WIFI_DROP,
19.3768,21,STA,WIFI_DROP,
19.3792,6,STA,WIFI_DROP,
19.3792,11,STA,WIFI_DROP,
19.3792,14,STA,WIFI_DROP,
19.3792,16,STA,WIFI_DROP,
19.3792,17,STA,WIFI_DROP,
19.3792,18,STA,WIFI_DROP,
19.3792,20,STA,WIFI_DROP,
19.3792,21,STA,WIFI_DROP,
19.3816,6,STA,WIFI_DROP,
19.3816,11,STA,WIFI_DROP,
19.3816,14,STA,WIFI_DROP,
19.3816,16,STA,WIFI_DROP,
19.3816,17,STA,WIFI_DROP,
19.3816,18,STA,WIFI_DROP,
19.3816,20,STA,WIFI_DROP,
19.3816,21,STA,WIFI_DROP,
19.384,6,STA,WIFI_DROP,
19.384,11,STA,WIFI_DROP,
19.384,14,STA,WIFI_DROP,
19.384,16,STA,WIFI_DROP,
19.384,17,STA,WIFI_DROP,
19.384,18,STA,WIFI_DROP,
19.384,20,STA,WIFI_DROP,
19.384,21,STA,WIFI_DROP,
19.3864,6,STA,WIFI_DROP,
19.3864,11,STA,WIFI_DROP,
19.3864,14,STA,WIFI_DROP,
19.3864,16,STA,WIFI_DROP,
19.3864,17,STA,WIFI_DROP,
19.3864,18,STA,WIFI_DROP,
19.3864,20,STA,WIFI_DROP,
19.3864,21,STA,WIFI_DROP,
19.3888,6,STA,WIFI_DROP,
19.3888,11,STA,WIFI_DROP,
19.3888,14,STA,WIFI_DROP,
19.3888,16,STA,WIFI_DROP,
19.3888,17,STA,WIFI_DROP,
19.3888,18,STA,WIFI_DROP,
19.3888,20,STA,WIFI_DROP,
19.3888,21,STA,WIFI_DROP,
19.3912,6,STA,WIFI_DROP,
19.3912,11,STA,WIFI_DROP,
19.3912,14,STA,WIFI_DROP,
19.3912,16,STA,WIFI_DROP,
19.3912,17,STA,WIFI_DROP,
19.3912,18,STA,WIFI_DROP,
19.3912,20,STA,WIFI_DROP,
19.3912,21,STA,WIFI_DROP,
19.3936,6,STA,WIFI_DROP,
19.3936,11,STA,WIFI_DROP,
19.3936,14,STA,WIFI_DROP,
19.3936,16,STA,WIFI_DROP,
19.3936,17,STA,WIFI_DROP,
19.3936,18,STA,WIFI_DROP,
19.3936,20,STA,WIFI_DROP,
19.3936,21,STA,WIFI_DROP,
19.396,6,STA,WIFI_DROP,
19.396,11,STA,WIFI_DROP,
19.396,14,STA,WIFI_DROP,
19.396,16,STA,WIFI_DROP,
19.396,17,STA,WIFI_DROP,
19.396,18,STA,WIFI_DROP,
19.396,20,STA,WIFI_DROP,
19.396,21,STA,WIFI_DROP,
19.3984,6,STA,WIFI_DROP,
19.3984,11,STA,WIFI_DROP,
19.3984,14,STA,WIFI_DROP,
19.3984,16,STA,WIFI_DROP,
19.3984,17,STA,WIFI_DROP,
19.3984,18,STA,WIFI_DROP,
19.3984,20,STA,WIFI_DROP,
19.3984,21,STA,WIFI_DROP,
19.4008,6,STA,WIFI_DROP,
19.4008,11,STA,WIFI_DROP,
19.4008,14,STA,WIFI_DROP,
19.4008,16,STA,WIFI_DROP,
19.4008,17,STA,WIFI_DROP,
19.4008,18,STA,WIFI_DROP,
19.4008,20,STA,WIFI_DROP,
19.4008,21,STA,WIFI_DROP,
19.4032,6,STA,WIFI_DROP,
19.4032,11,STA,WIFI_DROP,
19.4032,14,STA,WIFI_DROP,
19.4032,16,STA,WIFI_DROP,
19.4032,17,STA,WIFI_DROP,
19.4032,18,STA,WIFI_DROP,
19.4032,20,STA,WIFI_DROP,
19.4032,21,STA,WIFI_DROP,
19.4056,6,STA,WIFI_DROP,
19.4056,11,STA,WIFI_DROP,
19.4056,14,STA,WIFI_DROP,
19.4056,16,STA,WIFI_DROP,
19.4056,17,STA,WIFI_DROP,
19.4056,18,STA,WIFI_DROP,
19.4056,20,STA,WIFI_DROP,
19.4056,21,STA,WIFI_DROP,
19.408,6,STA,WIFI_DROP,
19.408,11,STA,WIFI_DROP,
19.408,14,STA,WIFI_DROP,
19.408,16,STA,WIFI_DROP,
19.408,17,STA,WIFI_DROP,
19.408,18,STA,WIFI_DROP,
19.408,20,STA,WIFI_DROP,
19.408,21,STA,WIFI_DROP,
19.4104,6,STA,WIFI_DROP,
19.4104,11,STA,WIFI_DROP,
19.4104,14,STA,WIFI_DROP,
19.4104,16,STA,WIFI_DROP,
19.4104,17,STA,WIFI_DROP,
19.4104,18,STA,WIFI_DROP,
19.4104,20,STA,WIFI_DROP,
19.4104,21,STA,WIFI_DROP,
19.4128,6,STA,WIFI_DROP,
19.4128,11,STA,WIFI_DROP,
19.4128,14,STA,WIFI_DROP,
19.4128,16,STA,WIFI_DROP,
19.4128,17,STA,WIFI_DROP,
19.4128,18,STA,WIFI_DROP,
19.4128,20,STA,WIFI_DROP,
19.4128,21,STA,WIFI_DROP,
19.4152,6,STA,WIFI_DROP,
19.4152,11,STA,WIFI_DROP,
19.4152,14,STA,WIFI_DROP,
19.4152,16,STA,WIFI_DROP,
19.4152,17,STA,WIFI_DROP,
19.4152,18,STA,WIFI_DROP,
19.4152,20,STA,WIFI_DROP,
19.4152,21,STA,WIFI_DROP,
19.4176,6,STA,WIFI_DROP,
19.4176,11,STA,WIFI_DROP,
19.4176,14,STA,WIFI_DROP,
19.4176,16,STA,WIFI_DROP,
19.4176,17,STA,WIFI_DROP,
19.4176,18,STA,WIFI_DROP,
19.4176,20,STA,WIFI_DROP,
19.4176,21,STA,WIFI_DROP,
19.42,6,STA,WIFI_DROP,
19.42,11,STA,WIFI_DROP,
19.42,14,STA,WIFI_DROP,
19.42,16,STA,WIFI_DROP,
19.42,17,STA,WIFI_DROP,
19.42,18,STA,WIFI_DROP,
19.42,20,STA,WIFI_DROP,
19.42,21,STA,WIFI_DROP,
19.4224,6,STA,WIFI_DROP,
19.4224,14,STA,WIFI_DROP,
19.4224,16,STA,WIFI_DROP,
19.4224,17,STA,WIFI_DROP,
19.4224,18,STA,WIFI_DROP,
19.4224,20,STA,WIFI_DROP,
19.4224,21,STA,WIFI_DROP,
19.4248,6,STA,WIFI_DROP,
19.4248,14,STA,WIFI_DROP,
19.4248,16,STA,WIFI_DROP,
19.4248,17,STA,WIFI_DROP,
19.4248,18,STA,WIFI_DROP,
19.4248,20,STA,WIFI_DROP,
19.4248,21,STA,WIFI_DROP,
19.4272,6,STA,WIFI_DROP,
19.4272,14,STA,WIFI_DROP,
19.4272,16,STA,WIFI_DROP,
19.4272,17,STA,WIFI_DROP,
19.4272,18,STA,WIFI_DROP,
19.4272,20,STA,WIFI_DROP,
19.4272,21,STA,WIFI_DROP,
19.4296,6,STA,WIFI_DROP,
19.4296,14,STA,WIFI_DROP,
19.4296,16,STA,WIFI_DROP,
19.4296,17,STA,WIFI_DROP,
19.4296,18,STA,WIFI_DROP,
19.4296,20,STA,WIFI_DROP,
19.4296,21,STA,WIFI_DROP,
19.432,6,STA,WIFI_DROP,
19.432,14,STA,WIFI_DROP,
19.432,16,STA,WIFI_DROP,
19.432,17,STA,WIFI_DROP,
19.432,18,STA,WIFI_DROP,
19.432,20,STA,WIFI_DROP,
19.432,21,STA,WIFI_DROP,
19.4344,6,STA,WIFI_DROP,
19.4344,14,STA,WIFI_DROP,
19.4344,16,STA,WIFI_DROP,
19.4344,17,STA,WIFI_DROP,
19.4344,18,STA,WIFI_DROP,
19.4344,20,STA,WIFI_DROP,
19.4344,21,STA,WIFI_DROP,
19.4368,6,STA,WIFI_DROP,
19.4368,14,STA,WIFI_DROP,
19.4368,16,STA,WIFI_DROP,
19.4368,17,STA,WIFI_DROP,
19.4368,18,STA,WIFI_DROP,
19.4368,20,STA,WIFI_DROP,
19.4368,21,STA,WIFI_DROP,
19.4392,6,STA,WIFI_DROP,
19.4392,14,STA,WIFI_DROP,
19.4392,16,STA,WIFI_DROP,
19.4392,17,STA,WIFI_DROP,
19.4392,18,STA,WIFI_DROP,
19.4392,20,STA,WIFI_DROP,
19.4392,21,STA,WIFI_DROP,
19.4416,6,STA,WIFI_DROP,
19.4416,14,STA,WIFI_DROP,
19.4416,16,STA,WIFI_DROP,
19.4416,17,STA,WIFI_DROP,
19.4416,18,STA,WIFI_DROP,
19.4416,20,STA,WIFI_DROP,
19.4416,21,STA,WIFI_DROP,
19.444,6,STA,WIFI_DROP,
19.444,14,STA,WIFI_DROP,
19.444,16,STA,WIFI_DROP,
19.444,17,STA,WIFI_DROP,
19.444,18,STA,WIFI_DROP,
19.444,20,STA,WIFI_DROP,
19.444,21,STA,WIFI_DROP,
19.4464,6,STA,WIFI_DROP,
19.4464,14,STA,WIFI_DROP,
19.4464,16,STA,WIFI_DROP,
19.4464,17,STA,WIFI_DROP,
19.4464,18,STA,WIFI_DROP,
19.4464,20,STA,WIFI_DROP,
19.4464,21,STA,WIFI_DROP,
19.4488,6,STA,WIFI_DROP,
19.4488,14,STA,WIFI_DROP,
19.4488,16,STA,WIFI_DROP,
19.4488,17,STA,WIFI_DROP,
19.4488,18,STA,WIFI_DROP,
19.4488,20,STA,WIFI_DROP,
19.4488,21,STA,WIFI_DROP,
19.4512,6,STA,WIFI_DROP,
19.4512,14,STA,WIFI_DROP,
19.4512,16,STA,WIFI_DROP,
19.4512,17,STA,WIFI_DROP,
19.4512,18,STA,WIFI_DROP,
19.4512,20,STA,WIFI_DROP,
19.4512,21,STA,WIFI_DROP,
19.4536,6,STA,WIFI_DROP,
19.4536,14,STA,WIFI_DROP,
19.4536,16,STA,WIFI_DROP,
19.4536,17,STA,WIFI_DROP,
19.4536,18,STA,WIFI_DROP,
19.4536,20,STA,WIFI_DROP,
19.4536,21,STA,WIFI_DROP,
19.456,6,STA,WIFI_DROP,
19.456,14,STA,WIFI_DROP,
19.456,16,STA,WIFI_DROP,
19.456,17,STA,WIFI_DROP,
19.456,18,STA,WIFI_DROP,
19.456,20,STA,WIFI_DROP,
19.456,21,STA,WIFI_DROP,
19.4584,6,STA,WIFI_DROP,
19.4584,14,STA,WIFI_DROP,
19.4584,16,STA,WIFI_DROP,
19.4584,17,STA,WIFI_DROP,
19.4584,18,STA,WIFI_DROP,
19.4584,20,STA,WIFI_DROP,
19.4584,21,STA,WIFI_DROP,
19.4608,6,STA,WIFI_DROP,
19.4608,14,STA,WIFI_DROP,
19.4608,16,STA,WIFI_DROP,
19.4608,17,STA,WIFI_DROP,
19.4608,18,STA,WIFI_DROP,
19.4608,20,STA,WIFI_DROP,
19.4632,6,STA,WIFI_DROP,
19.4632,14,STA,WIFI_DROP,
19.4632,16,STA,WIFI_DROP,
19.4632,17,STA,WIFI_DROP,
19.4632,18,STA,WIFI_DROP,
19.4632,20,STA,WIFI_DROP,
19.4656,6,STA,WIFI_DROP,
19.4656,14,STA,WIFI_DROP,
19.4656,16,STA,WIFI_DROP,
19.4656,17,STA,WIFI_DROP,
19.4656,18,STA,WIFI_DROP,
19.4656,20,STA,WIFI_DROP,
19.468,6,STA,WIFI_DROP,
19.468,14,STA,WIFI_DROP,
19.468,16,STA,WIFI_DROP,
19.468,17,STA,WIFI_DROP,
19.468,18,STA,WIFI_DROP,
19.468,20,STA,WIFI_DROP,
19.4704,6,STA,WIFI_DROP,
19.4704,14,STA,WIFI_DROP,
19.4704,16,STA,WIFI_DROP,
19.4704,17,STA,WIFI_DROP,
19.4704,18,STA,WIFI_DROP,
19.4704,20,STA,WIFI_DROP,
19.4728,6,STA,WIFI_DROP,
19.4728,14,STA,WIFI_DROP,
19.4728,16,STA,WIFI_DROP,
19.4728,17,STA,WIFI_DROP,
19.4728,18,STA,WIFI_DROP,
19.4728,20,STA,WIFI_DROP,
19.4752,6,STA,WIFI_DROP,
19.4752,14,STA,WIFI_DROP,
19.4752,16,STA,WIFI_DROP,
19.4752,17,STA,WIFI_DROP,
19.4752,20,STA,WIFI_DROP,
19.4776,6,STA,WIFI_DROP,
19.4776,14,STA,WIFI_DROP,
19.4776,16,STA,WIFI_DROP,
19.4776,17,STA,WIFI_DROP,
19.4776,20,STA,WIFI_DROP,
19.48,6,STA,WIFI_DROP,
19.48,14,STA,WIFI_DROP,
19.48,16,STA,WIFI_DROP,
19.48,17,STA,WIFI_DROP,
19.48,20,STA,WIFI_DROP,
19.48,21,STA,WIFI_DROP,
19.4824,6,STA,WIFI_DROP,
19.4824,14,STA,WIFI_DROP,
19.4824,16,STA,WIFI_DROP,
19.4824,17,STA,WIFI_DROP,
19.4824,20,STA,WIFI_DROP,
19.4824,21,STA,WIFI_DROP,
19.4848,6,STA,WIFI_DROP,
19.4848,14,STA,WIFI_DROP,
19.4848,16,STA,WIFI_DROP,
19.4848,17,STA,WIFI_DROP,
19.4848,20,STA,WIFI_DROP,
19.4848,21,STA,WIFI_DROP,
19.4872,6,STA,WIFI_DROP,
19.4872,14,STA,WIFI_DROP,
19.4872,16,STA,WIFI_DROP,
19.4872,17,STA,WIFI_DROP,
19.4872,20,STA,WIFI_DROP,
19.4872,21,STA,WIFI_DROP,
19.4896,6,STA,WIFI_DROP,
19.4896,14,STA,WIFI_DROP,
19.4896,16,STA,WIFI_DROP,
19.4896,17,STA,WIFI_DROP,
19.4896,20,STA,WIFI_DROP,
19.4896,21,STA,WIFI_DROP,
19.492,6,STA,WIFI_DROP,
19.492,14,STA,WIFI_DROP,
19.492,16,STA,WIFI_DROP,
19.492,17,STA,WIFI_DROP,
19.492,20,STA,WIFI_DROP,
19.492,21,STA,WIFI_DROP,
19.4944,6,STA,WIFI_DROP,
19.4944,14,STA,WIFI_DROP,
19.4944,16,STA,WIFI_DROP,
19.4944,17,STA,WIFI_DROP,
19.4944,20,STA,WIFI_DROP,
19.4944,21,STA,WIFI_DROP,
19.4968,6,STA,WIFI_DROP,
19.4968,14,STA,WIFI_DROP,
19.4968,16,STA,WIFI_DROP,
19.4968,17,STA,WIFI_DROP,
19.4968,20,STA,WIFI_DROP,
19.4968,21,STA,WIFI_DROP,
19.4992,6,STA,WIFI_DROP,
19.4992,14,STA,WIFI_DROP,
19.4992,16,STA,WIFI_DROP,
19.4992,17,STA,WIFI_DROP,
19.4992,20,STA,WIFI_DROP,
19.4992,21,STA,WIFI_DROP,
19.5016,6,STA,WIFI_DROP,
19.5016,14,STA,WIFI_DROP,
19.5016,16,STA,WIFI_DROP,
19.5016,17,STA,WIFI_DROP,
19.5016,20,STA,WIFI_DROP,
19.5016,21,STA,WIFI_DROP,
19.504,6,STA,WIFI_DROP,
19.504,14,STA,WIFI_DROP,
19.504,16,STA,WIFI_DROP,
19.504,17,STA,WIFI_DROP,
19.504,20,STA,WIFI_DROP,
19.504,21,STA,WIFI_DROP,
19.5064,6,STA,WIFI_DROP,
19.5064,14,STA,WIFI_DROP,
19.5064,16,STA,WIFI_DROP,
19.5064,17,STA,WIFI_DROP,
19.5064,20,STA,WIFI_DROP,
19.5064,21,STA,WIFI_DROP,
19.5088,6,STA,WIFI_DROP,
19.5088,14,STA,WIFI_DROP,
19.5088,16,STA,WIFI_DROP,
19.5088,17,STA,WIFI_DROP,
19.5088,20,STA,WIFI_DROP,
19.5088,21,STA,WIFI_DROP,
19.5112,6,STA,WIFI_DROP,
19.5112,14,STA,WIFI_DROP,
19.5112,16,STA,WIFI_DROP,
19.5112,17,STA,WIFI_DROP,
19.5112,20,STA,WIFI_DROP,
19.5112,21,STA,WIFI_DROP,
19.5136,6,STA,WIFI_DROP,
19.5136,14,STA,WIFI_DROP,
19.5136,16,STA,WIFI_DROP,
19.5136,17,STA,WIFI_DROP,
19.5136,20,STA,WIFI_DROP,
19.5136,21,STA,WIFI_DROP,
19.516,6,STA,WIFI_DROP,
19.516,14,STA,WIFI_DROP,
19.516,16,STA,WIFI_DROP,
19.516,17,STA,WIFI_DROP,
19.516,20,STA,WIFI_DROP,
19.516,21,STA,WIFI_DROP,
19.5184,6,STA,WIFI_DROP,
19.5184,14,STA,WIFI_DROP,
19.5184,16,STA,WIFI_DROP,
19.5184,17,STA,WIFI_DROP,
19.5184,20,STA,WIFI_DROP,
19.5184,21,STA,WIFI_DROP,
19.5208,6,STA,WIFI_DROP,
19.5208,14,STA,WIFI_DROP,
19.5208,16,STA,WIFI_DROP,
19.5208,17,STA,WIFI_DROP,
19.5208,20,STA,WIFI_DROP,
19.5208,21,STA,WIFI_DROP,
19.5232,6,STA,WIFI_DROP,
19.5232,14,STA,WIFI_DROP,
19.5232,16,STA,WIFI_DROP,
19.5232,17,STA,WIFI_DROP,
19.5232,20,STA,WIFI_DROP,
19.5232,21,STA,WIFI_DROP,
19.5256,6,STA,WIFI_DROP,
19.5256,14,STA,WIFI_DROP,
19.5256,16,STA,WIFI_DROP,
19.5256,17,STA,WIFI_DROP,
19.5256,20,STA,WIFI_DROP,
19.5256,21,STA,WIFI_DROP,
19.528,6,STA,WIFI_DROP,
19.528,14,STA,WIFI_DROP,
19.528,16,STA,WIFI_DROP,
19.528,17,STA,WIFI_DROP,
19.528,20,STA,WIFI_DROP,
19.528,21,STA,WIFI_DROP,
19.5304,6,STA,WIFI_DROP,
19.5304,14,STA,WIFI_DROP,
19.5304,16,STA,WIFI_DROP,
19.5304,17,STA,WIFI_DROP,
19.5304,20,STA,WIFI_DROP,
19.5304,21,STA,WIFI_DROP,
19.5328,6,STA,WIFI_DROP,
19.5328,14,STA,WIFI_DROP,
19.5328,16,STA,WIFI_DROP,
19.5328,17,STA,WIFI_DROP,
19.5328,20,STA,WIFI_DROP,
19.5328,21,STA,WIFI_DROP,
19.5352,6,STA,WIFI_DROP,
19.5352,14,STA,WIFI_DROP,
19.5352,16,STA,WIFI_DROP,
19.5352,17,STA,WIFI_DROP,
19.5352,20,STA,WIFI_DROP,
19.5352,21,STA,WIFI_DROP,
19.5376,6,STA,WIFI_DROP,
19.5376,14,STA,WIFI_DROP,
19.5376,16,STA,WIFI_DROP,
19.5376,17,STA,WIFI_DROP,
19.5376,20,STA,WIFI_DROP,
19.5376,21,STA,WIFI_DROP,
19.54,6,STA,WIFI_DROP,
19.54,14,STA,WIFI_DROP,
19.54,16,STA,WIFI_DROP,
19.54,17,STA,WIFI_DROP,
19.54,20,STA,WIFI_DROP,
19.54,21,STA,WIFI_DROP,
19.5424,6,STA,WIFI_DROP,
19.5424,14,STA,WIFI_DROP,
19.5424,16,STA,WIFI_DROP,
19.5424,17,STA,WIFI_DROP,
19.5424,20,STA,WIFI_DROP,
19.5424,21,STA,WIFI_DROP,
19.5448,6,STA,WIFI_DROP,
19.5448,14,STA,WIFI_DROP,
19.5448,16,STA,WIFI_DROP,
19.5448,17,STA,WIFI_DROP,
19.5448,20,STA,WIFI_DROP,
19.5448,21,STA,WIFI_DROP,
19.5472,6,STA,WIFI_DROP,
19.5472,14,STA,WIFI_DROP,
19.5472,16,STA,WIFI_DROP,
19.5472,17,STA,WIFI_DROP,
19.5472,20,STA,WIFI_DROP,
19.5472,21,STA,WIFI_DROP,
19.5496,6,STA,WIFI_DROP,
19.5496,14,STA,WIFI_DROP,
19.5496,16,STA,WIFI_DROP,
19.5496,17,STA,WIFI_DROP,
19.5496,20,STA,WIFI_DROP,
19.5496,21,STA,WIFI_DROP,
19.552,6,STA,WIFI_DROP,
19.552,14,STA,WIFI_DROP,
19.552,16,STA,WIFI_DROP,
19.552,17,STA,WIFI_DROP,
19.552,20,STA,WIFI_DROP,
19.552,21,STA,WIFI_DROP,
19.5544,6,STA,WIFI_DROP,
19.5544,14,STA,WIFI_DROP,
19.5544,16,STA,WIFI_DROP,
19.5544,17,STA,WIFI_DROP,
19.5544,20,STA,WIFI_DROP,
19.5544,21,STA,WIFI_DROP,
19.5568,6,STA,WIFI_DROP,
19.5568,14,STA,WIFI_DROP,
19.5568,16,STA,WIFI_DROP,
19.5568,17,STA,WIFI_DROP,
19.5568,20,STA,WIFI_DROP,
19.5568,21,STA,WIFI_DROP,
19.5592,6,STA,WIFI_DROP,
19.5592,14,STA,WIFI_DROP,
19.5592,16,STA,WIFI_DROP,
19.5592,17,STA,WIFI_DROP,
19.5592,20,STA,WIFI_DROP,
19.5592,21,STA,WIFI_DROP,
19.5616,6,STA,WIFI_DROP,
19.5616,14,STA,WIFI_DROP,
19.5616,16,STA,WIFI_DROP,
19.5616,17,STA,WIFI_DROP,
19.5616,20,STA,WIFI_DROP,
19.5616,21,STA,WIFI_DROP,
19.564,6,STA,WIFI_DROP,
19.564,14,STA,WIFI_DROP,
19.564,16,STA,WIFI_DROP,
19.564,17,STA,WIFI_DROP,
19.564,20,STA,WIFI_DROP,
19.564,21,STA,WIFI_DROP,
19.5664,6,STA,WIFI_DROP,
19.5664,14,STA,WIFI_DROP,
19.5664,16,STA,WIFI_DROP,
19.5664,17,STA,WIFI_DROP,
19.5664,20,STA,WIFI_DROP,
19.5664,21,STA,WIFI_DROP,
19.5688,6,STA,WIFI_DROP,
19.5688,14,STA,WIFI_DROP,
19.5688,16,STA,WIFI_DROP,
19.5688,17,STA,WIFI_DROP,
19.5688,20,STA,WIFI_DROP,
19.5688,21,STA,WIFI_DROP,
19.5712,6,STA,WIFI_DROP,
19.5712,14,STA,WIFI_DROP,
19.5712,16,STA,WIFI_DROP,
19.5712,17,STA,WIFI_DROP,
19.5712,20,STA,WIFI_DROP,
19.5712,21,STA,WIFI_DROP,
19.5736,6,STA,WIFI_DROP,
19.5736,14,STA,WIFI_DROP,
19.5736,16,STA,WIFI_DROP,
19.5736,17,STA,WIFI_DROP,
19.5736,20,STA,WIFI_DROP,
19.5736,21,STA,WIFI_DROP,
19.576,6,STA,WIFI_DROP,
19.576,14,STA,WIFI_DROP,
19.576,16,STA,WIFI_DROP,
19.576,17,STA,WIFI_DROP,
19.576,20,STA,WIFI_DROP,
19.576,21,STA,WIFI_DROP,
19.5784,6,STA,WIFI_DROP,
19.5784,14,STA,WIFI_DROP,
19.5784,16,STA,WIFI_DROP,
19.5784,17,STA,WIFI_DROP,
19.5784,20,STA,WIFI_DROP,
19.5784,21,STA,WIFI_DROP,
19.5808,6,STA,WIFI_DROP,
19.5808,14,STA,WIFI_DROP,
19.5808,16,STA,WIFI_DROP,
19.5808,17,STA,WIFI_DROP,
19.5808,20,STA,WIFI_DROP,
19.5808,21,STA,WIFI_DROP,
19.5832,6,STA,WIFI_DROP,
19.5832,14,STA,WIFI_DROP,
19.5832,16,STA,WIFI_DROP,
19.5832,17,STA,WIFI_DROP,
19.5832,20,STA,WIFI_DROP,
19.5832,21,STA,WIFI_DROP,
19.5856,6,STA,WIFI_DROP,
19.5856,14,STA,WIFI_DROP,
19.5856,16,STA,WIFI_DROP,
19.5856,17,STA,WIFI_DROP,
19.5856,20,STA,WIFI_DROP,
19.5856,21,STA,WIFI_DROP,
19.588,6,STA,WIFI_DROP,
19.588,14,STA,WIFI_DROP,
19.588,16,STA,WIFI_DROP,
19.588,17,STA,WIFI_DROP,
19.588,20,STA,WIFI_DROP,
19.588,21,STA,WIFI_DROP,
19.5904,6,STA,WIFI_DROP,
19.5904,14,STA,WIFI_DROP,
19.5904,16,STA,WIFI_DROP,
19.5904,17,STA,WIFI_DROP,
19.5904,20,STA,WIFI_DROP,
19.5904,21,STA,WIFI_DROP,
19.5928,6,STA,WIFI_DROP,
19.5928,14,STA,WIFI_DROP,
19.5928,16,STA,WIFI_DROP,
19.5928,17,STA,WIFI_DROP,
19.5928,20,STA,WIFI_DROP,
19.5928,21,STA,WIFI_DROP,
19.5952,6,STA,WIFI_DROP,
19.5952,14,STA,WIFI_DROP,
19.5952,16,STA,WIFI_DROP,
19.5952,17,STA,WIFI_DROP,
19.5952,20,STA,WIFI_DROP,
19.5952,21,STA,WIFI_DROP,
19.5976,6,STA,WIFI_DROP,
19.5976,14,STA,WIFI_DROP,
19.5976,16,STA,WIFI_DROP,
19.5976,17,STA,WIFI_DROP,
19.5976,20,STA,WIFI_DROP,
19.5976,21,STA,WIFI_DROP,
19.6,6,STA,WIFI_DROP,
19.6,14,STA,WIFI_DROP,
19.6,16,STA,WIFI_DROP,
19.6,17,STA,WIFI_DROP,
19.6,20,STA,WIFI_DROP,
19.6,21,STA,WIFI_DROP,
19.6024,6,STA,WIFI_DROP,
19.6024,14,STA,WIFI_DROP,
19.6024,16,STA,WIFI_DROP,
19.6024,17,STA,WIFI_DROP,
19.6024,20,STA,WIFI_DROP,
19.6024,21,STA,WIFI_DROP,
19.6048,6,STA,WIFI_DROP,
19.6048,14,STA,WIFI_DROP,
19.6048,16,STA,WIFI_DROP,
19.6048,17,STA,WIFI_DROP,
19.6048,20,STA,WIFI_DROP,
19.6048,21,STA,WIFI_DROP,
19.6072,6,STA,WIFI_DROP,
19.6072,14,STA,WIFI_DROP,
19.6072,16,STA,WIFI_DROP,
19.6072,17,STA,WIFI_DROP,
19.6072,20,STA,WIFI_DROP,
19.6072,21,STA,WIFI_DROP,
19.6096,6,STA,WIFI_DROP,
19.6096,14,STA,WIFI_DROP,
19.6096,16,STA,WIFI_DROP,
19.6096,17,STA,WIFI_DROP,
19.6096,20,STA,WIFI_DROP,
19.6096,21,STA,WIFI_DROP,
19.612,6,STA,WIFI_DROP,
19.612,14,STA,WIFI_DROP,
19.612,16,STA,WIFI_DROP,
19.612,17,STA,WIFI_DROP,
19.612,20,STA,WIFI_DROP,
19.612,21,STA,WIFI_DROP,
19.6144,6,STA,WIFI_DROP,
19.6144,14,STA,WIFI_DROP,
19.6144,16,STA,WIFI_DROP,
19.6144,17,STA,WIFI_DROP,
19.6144,20,STA,WIFI_DROP,
19.6144,21,STA,WIFI_DROP,
19.6168,6,STA,WIFI_DROP,
19.6168,14,STA,WIFI_DROP,
19.6168,16,STA,WIFI_DROP,
19.6168,17,STA,WIFI_DROP,
19.6168,20,STA,WIFI_DROP,
19.6168,21,STA,WIFI_DROP,
19.6192,6,STA,WIFI_DROP,
19.6192,14,STA,WIFI_DROP,
19.6192,16,STA,WIFI_DROP,
19.6192,17,STA,WIFI_DROP,
19.6192,20,STA,WIFI_DROP,
19.6192,21,STA,WIFI_DROP,
19.6216,6,STA,WIFI_DROP,
19.6216,14,STA,WIFI_DROP,
19.6216,16,STA,WIFI_DROP,
19.6216,17,STA,WIFI_DROP,
19.6216,21,STA,WIFI_DROP,
19.624,6,STA,WIFI_DROP,
19.624,14,STA,WIFI_DROP,
19.624,16,STA,WIFI_DROP,
19.624,17,STA,WIFI_DROP,
19.624,21,STA,WIFI_DROP,
19.6264,6,STA,WIFI_DROP,
19.6264,14,STA,WIFI_DROP,
19.6264,16,STA,WIFI_DROP,
19.6264,17,STA,WIFI_DROP,
19.6264,21,STA,WIFI_DROP,
19.6288,6,STA,WIFI_DROP,
19.6288,14,STA,WIFI_DROP,
19.6288,16,STA,WIFI_DROP,
19.6288,17,STA,WIFI_DROP,
19.6288,21,STA,WIFI_DROP,
19.6312,6,STA,WIFI_DROP,
19.6312,14,STA,WIFI_DROP,
19.6312,16,STA,WIFI_DROP,
19.6312,17,STA,WIFI_DROP,
19.6312,21,STA,WIFI_DROP,
19.6336,6,STA,WIFI_DROP,
19.6336,14,STA,WIFI_DROP,
19.6336,16,STA,WIFI_DROP,
19.6336,17,STA,WIFI_DROP,
19.6336,21,STA,WIFI_DROP,
19.636,6,STA,WIFI_DROP,
19.636,14,STA,WIFI_DROP,
19.636,16,STA,WIFI_DROP,
19.636,17,STA,WIFI_DROP,
19.636,21,STA,WIFI_DROP,
19.6384,6,STA,WIFI_DROP,
19.6384,14,STA,WIFI_DROP,
19.6384,16,STA,WIFI_DROP,
19.6384,17,STA,WIFI_DROP,
19.6384,21,STA,WIFI_DROP,
19.6408,6,STA,WIFI_DROP,
19.6408,14,STA,WIFI_DROP,
19.6408,16,STA,WIFI_DROP,
19.6408,17,STA,WIFI_DROP,
19.6408,21,STA,WIFI_DROP,
19.6432,6,STA,WIFI_DROP,
19.6432,14,STA,WIFI_DROP,
19.6432,16,STA,WIFI_DROP,
19.6432,17,STA,WIFI_DROP,
19.6432,21,STA,WIFI_DROP,
19.6456,6,STA,WIFI_DROP,
19.6456,14,STA,WIFI_DROP,
19.6456,16,STA,WIFI_DROP,
19.6456,17,STA,WIFI_DROP,
19.6456,21,STA,WIFI_DROP,
19.648,6,STA,WIFI_DROP,
19.648,14,STA,WIFI_DROP,
19.648,16,STA,WIFI_DROP,
19.648,17,STA,WIFI_DROP,
19.648,21,STA,WIFI_DROP,
19.6504,6,STA,WIFI_DROP,
19.6504,14,STA,WIFI_DROP,
19.6504,16,STA,WIFI_DROP,
19.6504,17,STA,WIFI_DROP,
19.6504,21,STA,WIFI_DROP,
19.6528,6,STA,WIFI_DROP,
19.6528,14,STA,WIFI_DROP,
19.6528,16,STA,WIFI_DROP,
19.6528,17,STA,WIFI_DROP,
19.6528,21,STA,WIFI_DROP,
19.6552,6,STA,WIFI_DROP,
19.6552,14,STA,WIFI_DROP,
19.6552,16,STA,WIFI_DROP,
19.6552,17,STA,WIFI_DROP,
19.6552,21,STA,WIFI_DROP,
19.6576,6,STA,WIFI_DROP,
19.6576,14,STA,WIFI_DROP,
19.6576,16,STA,WIFI_DROP,
19.6576,17,STA,WIFI_DROP,
19.6576,21,STA,WIFI_DROP,
19.66,6,STA,WIFI_DROP,
19.66,14,STA,WIFI_DROP,
19.66,16,STA,WIFI_DROP,
19.66,17,STA,WIFI_DROP,
19.66,21,STA,WIFI_DROP,
19.6624,6,STA,WIFI_DROP,
19.6624,14,STA,WIFI_DROP,
19.6624,16,STA,WIFI_DROP,
19.6624,17,STA,WIFI_DROP,
19.6624,21,STA,WIFI_DROP,
19.6648,6,STA,WIFI_DROP,
19.6648,14,STA,WIFI_DROP,
19.6648,16,STA,WIFI_DROP,
19.6648,17,STA,WIFI_DROP,
19.6648,21,STA,WIFI_DROP,
19.6672,6,STA,WIFI_DROP,
19.6672,14,STA,WIFI_DROP,
19.6672,16,STA,WIFI_DROP,
19.6672,17,STA,WIFI_DROP,
19.6672,21,STA,WIFI_DROP,
19.6696,6,STA,WIFI_DROP,
19.6696,14,STA,WIFI_DROP,
19.6696,16,STA,WIFI_DROP,
19.6696,17,STA,WIFI_DROP,
19.6696,21,STA,WIFI_DROP,
19.672,6,STA,WIFI_DROP,
19.672,14,STA,WIFI_DROP,
19.672,16,STA,WIFI_DROP,
19.672,17,STA,WIFI_DROP,
19.672,21,STA,WIFI_DROP,
19.6744,6,STA,WIFI_DROP,
19.6744,14,STA,WIFI_DROP,
19.6744,16,STA,WIFI_DROP,
19.6744,17,STA,WIFI_DROP,
19.6744,21,STA,WIFI_DROP,
19.6768,6,STA,WIFI_DROP,
19.6768,14,STA,WIFI_DROP,
19.6768,16,STA,WIFI_DROP,
19.6768,17,STA,WIFI_DROP,
19.6768,21,STA,WIFI_DROP,
19.6792,6,STA,WIFI_DROP,
19.6792,14,STA,WIFI_DROP,
19.6792,16,STA,WIFI_DROP,
19.6792,17,STA,WIFI_DROP,
19.6792,21,STA,WIFI_DROP,
19.6816,6,STA,WIFI_DROP,
19.6816,14,STA,WIFI_DROP,
19.6816,16,STA,WIFI_DROP,
19.6816,17,STA,WIFI_DROP,
19.6816,21,STA,WIFI_DROP,
19.684,6,STA,WIFI_DROP,
19.684,14,STA,WIFI_DROP,
19.684,16,STA,WIFI_DROP,
19.684,17,STA,WIFI_DROP,
19.684,21,STA,WIFI_DROP,
19.6864,6,STA,WIFI_DROP,
19.6864,14,STA,WIFI_DROP,
19.6864,17,STA,WIFI_DROP,
19.6864,21,STA,WIFI_DROP,
19.6888,6,STA,WIFI_DROP,
19.6888,14,STA,WIFI_DROP,
19.6888,17,STA,WIFI_DROP,
19.6888,21,STA,WIFI_DROP,
19.6912,6,STA,WIFI_DROP,
19.6912,14,STA,WIFI_DROP,
19.6912,17,STA,WIFI_DROP,
19.6912,21,STA,WIFI_DROP,
19.6936,6,STA,WIFI_DROP,
19.6936,14,STA,WIFI_DROP,
19.6936,17,STA,WIFI_DROP,
19.6936,21,STA,WIFI_DROP,
19.696,6,STA,WIFI_DROP,
19.696,14,STA,WIFI_DROP,
19.696,17,STA,WIFI_DROP,
19.696,21,STA,WIFI_DROP,
19.6984,6,STA,WIFI_DROP,
19.6984,14,STA,WIFI_DROP,
19.6984,17,STA,WIFI_DROP,
19.6984,21,STA,WIFI_DROP,
19.7008,6,STA,WIFI_DROP,
19.7008,14,STA,WIFI_DROP,
19.7008,17,STA,WIFI_DROP,
19.7008,21,STA,WIFI_DROP,
19.7032,6,STA,WIFI_DROP,
19.7032,14,STA,WIFI_DROP,
19.7032,17,STA,WIFI_DROP,
19.7032,21,STA,WIFI_DROP,
19.7056,6,STA,WIFI_DROP,
19.7056,14,STA,WIFI_DROP,
19.7056,17,STA,WIFI_DROP,
19.7056,21,STA,WIFI_DROP,
19.708,6,STA,WIFI_DROP,
19.708,14,STA,WIFI_DROP,
19.708,17,STA,WIFI_DROP,
19.708,21,STA,WIFI_DROP,
19.7104,6,STA,WIFI_DROP,
19.7104,14,STA,WIFI_DROP,
19.7104,17,STA,WIFI_DROP,
19.7104,21,STA,WIFI_DROP,
19.7128,6,STA,WIFI_DROP,
19.7128,14,STA,WIFI_DROP,
19.7128,17,STA,WIFI_DROP,
19.7128,21,STA,WIFI_DROP,
19.7152,6,STA,WIFI_DROP,
19.7152,14,STA,WIFI_DROP,
19.7152,17,STA,WIFI_DROP,
19.7152,21,STA,WIFI_DROP,
19.7176,6,STA,WIFI_DROP,
19.7176,14,STA,WIFI_DROP,
19.7176,17,STA,WIFI_DROP,
19.7176,21,STA,WIFI_DROP,
19.72,6,STA,WIFI_DROP,
19.72,14,STA,WIFI_DROP,
19.72,17,STA,WIFI_DROP,
19.72,21,STA,WIFI_DROP,
19.7224,6,STA,WIFI_DROP,
19.7224,14,STA,WIFI_DROP,
19.7224,17,STA,WIFI_DROP,
19.7224,21,STA,WIFI_DROP,
19.7248,6,STA,WIFI_DROP,
19.7248,14,STA,WIFI_DROP,
19.7248,17,STA,WIFI_DROP,
19.7248,21,STA,WIFI_DROP,
19.7272,6,STA,WIFI_DROP,
19.7272,14,STA,WIFI_DROP,
19.7272,17,STA,WIFI_DROP,
19.7272,21,STA,WIFI_DROP,
19.7296,6,STA,WIFI_DROP,
19.7296,14,STA,WIFI_DROP,
19.7296,17,STA,WIFI_DROP,
19.7296,21,STA,WIFI_DROP,
19.732,6,STA,WIFI_DROP,
19.732,14,STA,WIFI_DROP,
19.732,17,STA,WIFI_DROP,
19.732,21,STA,WIFI_DROP,
19.7344,6,STA,WIFI_DROP,
19.7344,17,STA,WIFI_DROP,
19.7344,21,STA,WIFI_DROP,
19.7368,6,STA,WIFI_DROP,
19.7368,17,STA,WIFI_DROP,
19.7368,21,STA,WIFI_DROP,
19.7392,6,STA,WIFI_DROP,
19.7392,17,STA,WIFI_DROP,
19.7392,21,STA,WIFI_DROP,
19.7416,6,STA,WIFI_DROP,
19.7416,17,STA,WIFI_DROP,
19.7416,21,STA,WIFI_DROP,
19.744,6,STA,WIFI_DROP,
19.744,17,STA,WIFI_DROP,
19.744,21,STA,WIFI_DROP,
19.7464,6,STA,WIFI_DROP,
19.7464,17,STA,WIFI_DROP,
19.7464,21,STA,WIFI_DROP,
19.7488,6,STA,WIFI_DROP,
19.7488,17,STA,WIFI_DROP,
19.7488,21,STA,WIFI_DROP,
19.7512,6,STA,WIFI_DROP,
19.7512,17,STA,WIFI_DROP,
19.7512,21,STA,WIFI_DROP,
19.7536,6,STA,WIFI_DROP,
19.7536,17,STA,WIFI_DROP,
19.7536,21,STA,WIFI_DROP,
19.756,6,STA,WIFI_DROP,
19.756,17,STA,WIFI_DROP,
19.756,21,STA,WIFI_DROP,
19.7584,6,STA,WIFI_DROP,
19.7584,17,STA,WIFI_DROP,
19.7584,21,STA,WIFI_DROP,
19.7608,6,STA,WIFI_DROP,
19.7608,17,STA,WIFI_DROP,
19.7608,21,STA,WIFI_DROP,
19.7632,6,STA,WIFI_DROP,
19.7632,17,STA,WIFI_DROP,
19.7632,21,STA,WIFI_DROP,
19.7656,6,STA,WIFI_DROP,
19.7656,17,STA,WIFI_DROP,
19.7656,21,STA,WIFI_DROP,
19.768,6,STA,WIFI_DROP,
19.768,17,STA,WIFI_DROP,
19.768,21,STA,WIFI_DROP,
19.7704,6,STA,WIFI_DROP,
19.7704,17,STA,WIFI_DROP,
19.7704,21,STA,WIFI_DROP,
19.7728,6,STA,WIFI_DROP,
19.7728,17,STA,WIFI_DROP,
19.7728,21,STA,WIFI_DROP,
19.7752,6,STA,WIFI_DROP,
19.7752,17,STA,WIFI_DROP,
19.7752,21,STA,WIFI_DROP,
19.7776,6,STA,WIFI_DROP,
19.7776,17,STA,WIFI_DROP,
19.7776,21,STA,WIFI_DROP,
19.78,6,STA,WIFI_DROP,
19.78,17,STA,WIFI_DROP,
19.78,21,STA,WIFI_DROP,
19.7824,6,STA,WIFI_DROP,
19.7824,17,STA,WIFI_DROP,
19.7824,21,STA,WIFI_DROP,
19.7848,6,STA,WIFI_DROP,
19.7848,17,STA,WIFI_DROP,
19.7848,21,STA,WIFI_DROP,
19.7872,6,STA,WIFI_DROP,
19.7872,17,STA,WIFI_DROP,
19.7872,21,STA,WIFI_DROP,
19.7896,6,STA,WIFI_DROP,
19.7896,17,STA,WIFI_DROP,
19.7896,21,STA,WIFI_DROP,
19.792,6,STA,WIFI_DROP,
19.792,17,STA,WIFI_DROP,
19.792,21,STA,WIFI_DROP,
19.7944,6,STA,WIFI_DROP,
19.7944,17,STA,WIFI_DROP,
19.7944,21,STA,WIFI_DROP,
19.7968,6,STA,WIFI_DROP,
19.7968,17,STA,WIFI_DROP,
19.7968,21,STA,WIFI_DROP,
19.7992,6,STA,WIFI_DROP,
19.7992,17,STA,WIFI_DROP,
19.7992,21,STA,WIFI_DROP,
19.8016,6,STA,WIFI_DROP,
19.8016,17,STA,WIFI_DROP,
19.8016,21,STA,WIFI_DROP,
19.804,6,STA,WIFI_DROP,
19.804,17,STA,WIFI_DROP,
19.804,21,STA,WIFI_DROP,
19.8064,6,STA,WIFI_DROP,
19.8064,17,STA,WIFI_DROP,
19.8064,21,STA,WIFI_DROP,
19.8088,6,STA,WIFI_DROP,
19.8088,17,STA,WIFI_DROP,
19.8088,21,STA,WIFI_DROP,
19.8112,6,STA,WIFI_DROP,
19.8112,17,STA,WIFI_DROP,
19.8112,21,STA,WIFI_DROP,
19.8136,6,STA,WIFI_DROP,
19.8136,17,STA,WIFI_DROP,
19.8136,21,STA,WIFI_DROP,
19.816,6,STA,WIFI_DROP,
19.816,17,STA,WIFI_DROP,
19.816,21,STA,WIFI_DROP,
19.8184,6,STA,WIFI_DROP,
19.8184,17,STA,WIFI_DROP,
19.8184,21,STA,WIFI_DROP,
19.8208,6,STA,WIFI_DROP,
19.8208,17,STA,WIFI_DROP,
19.8208,21,STA,WIFI_DROP,
19.8232,6,STA,WIFI_DROP,
19.8232,17,STA,WIFI_DROP,
19.8232,21,STA,WIFI_DROP,
19.8256,6,STA,WIFI_DROP,
19.8256,17,STA,WIFI_DROP,
19.8256,21,STA,WIFI_DROP,
19.828,6,STA,WIFI_DROP,
19.828,17,STA,WIFI_DROP,
19.828,21,STA,WIFI_DROP,
19.8304,6,STA,WIFI_DROP,
19.8304,17,STA,WIFI_DROP,
19.8304,21,STA,WIFI_DROP,
19.8328,6,STA,WIFI_DROP,
19.8328,17,STA,WIFI_DROP,
19.8328,21,STA,WIFI_DROP,
19.8352,6,STA,WIFI_DROP,
19.8352,17,STA,WIFI_DROP,
19.8352,21,STA,WIFI_DROP,
19.8376,6,STA,WIFI_DROP,
19.8376,17,STA,WIFI_DROP,
19.8376,21,STA,WIFI_DROP,
19.84,6,STA,WIFI_DROP,
19.84,17,STA,WIFI_DROP,
19.84,21,STA,WIFI_DROP,
19.8424,6,STA,WIFI_DROP,
19.8424,17,STA,WIFI_DROP,
19.8424,21,STA,WIFI_DROP,
19.8448,6,STA,WIFI_DROP,
19.8448,17,STA,WIFI_DROP,
19.8448,21,STA,WIFI_DROP,
19.8472,6,STA,WIFI_DROP,
19.8472,17,STA,WIFI_DROP,
19.8472,21,STA,WIFI_DROP,
19.8496,6,STA,WIFI_DROP,
19.8496,17,STA,WIFI_DROP,
19.8496,21,STA,WIFI_DROP,
19.852,6,STA,WIFI_DROP,
19.852,17,STA,WIFI_DROP,
19.852,21,STA,WIFI_DROP,
19.8544,6,STA,WIFI_DROP,
19.8544,17,STA,WIFI_DROP,
19.8544,21,STA,WIFI_DROP,
19.8568,6,STA,WIFI_DROP,
19.8568,17,STA,WIFI_DROP,
19.8568,21,STA,WIFI_DROP,
19.8592,6,STA,WIFI_DROP,
19.8592,17,STA,WIFI_DROP,
19.8592,21,STA,WIFI_DROP,
19.8616,6,STA,WIFI_DROP,
19.8616,17,STA,WIFI_DROP,
19.8616,21,STA,WIFI_DROP,
19.864,6,STA,WIFI_DROP,
19.864,17,STA,WIFI_DROP,
19.864,21,STA,WIFI_DROP,
19.8664,6,STA,WIFI_DROP,
19.8664,17,STA,WIFI_DROP,
19.8664,21,STA,WIFI_DROP,
19.8688,6,STA,WIFI_DROP,
19.8688,17,STA,WIFI_DROP,
19.8688,21,STA,WIFI_DROP,
19.8712,6,STA,WIFI_DROP,
19.8712,17,STA,WIFI_DROP,
19.8712,21,STA,WIFI_DROP,
19.8736,6,STA,WIFI_DROP,
19.8736,17,STA,WIFI_DROP,
19.8736,21,STA,WIFI_DROP,
19.876,6,STA,WIFI_DROP,
19.876,17,STA,WIFI_DROP,
19.876,21,STA,WIFI_DROP,
19.8784,6,STA,WIFI_DROP,
19.8784,17,STA,WIFI_DROP,
19.8784,21,STA,WIFI_DROP,
19.8808,6,STA,WIFI_DROP,
19.8808,17,STA,WIFI_DROP,
19.8808,21,STA,WIFI_DROP,
19.8832,6,STA,WIFI_DROP,
19.8832,17,STA,WIFI_DROP,
19.8832,21,STA,WIFI_DROP,
19.8856,6,STA,WIFI_DROP,
19.8856,17,STA,WIFI_DROP,
19.8856,21,STA,WIFI_DROP,
19.888,6,STA,WIFI_DROP,
19.888,17,STA,WIFI_DROP,
19.888,21,STA,WIFI_DROP,
19.8904,6,STA,WIFI_DROP,
19.8904,17,STA,WIFI_DROP,
19.8904,21,STA,WIFI_DROP,
19.8928,6,STA,WIFI_DROP,
19.8928,17,STA,WIFI_DROP,
19.8928,21,STA,WIFI_DROP,
19.8952,6,STA,WIFI_DROP,
19.8952,17,STA,WIFI_DROP,
19.8952,21,STA,WIFI_DROP,
19.8976,6,STA,WIFI_DROP,
19.8976,17,STA,WIFI_DROP,
19.8976,21,STA,WIFI_DROP,
19.9,6,STA,WIFI_DROP,
19.9,17,STA,WIFI_DROP,
19.9,21,STA,WIFI_DROP,
19.9024,6,STA,WIFI_DROP,
19.9024,17,STA,WIFI_DROP,
19.9024,21,STA,WIFI_DROP,
19.9048,6,STA,WIFI_DROP,
19.9048,17,STA,WIFI_DROP,
19.9048,21,STA,WIFI_DROP,
19.9072,6,STA,WIFI_DROP,
19.9072,17,STA,WIFI_DROP,
19.9072,21,STA,WIFI_DROP,
19.9096,6,STA,WIFI_DROP,
19.9096,17,STA,WIFI_DROP,
19.9096,21,STA,WIFI_DROP,
19.912,6,STA,WIFI_DROP,
19.912,17,STA,WIFI_DROP,
19.912,21,STA,WIFI_DROP,
19.9144,6,STA,WIFI_DROP,
19.9144,17,STA,WIFI_DROP,
19.9144,21,STA,WIFI_DROP,
19.9168,6,STA,WIFI_DROP,
19.9168,17,STA,WIFI_DROP,
19.9168,21,STA,WIFI_DROP,
19.9192,6,STA,WIFI_DROP,
19.9192,17,STA,WIFI_DROP,
19.9192,21,STA,WIFI_DROP,
19.9216,6,STA,WIFI_DROP,
19.9216,17,STA,WIFI_DROP,
19.9216,21,STA,WIFI_DROP,
19.924,6,STA,WIFI_DROP,
19.924,17,STA,WIFI_DROP,
19.924,21,STA,WIFI_DROP,
19.9264,6,STA,WIFI_DROP,
19.9264,17,STA,WIFI_DROP,
19.9264,21,STA,WIFI_DROP,
19.9288,6,STA,WIFI_DROP,
19.9288,17,STA,WIFI_DROP,
19.9288,21,STA,WIFI_DROP,
19.9312,6,STA,WIFI_DROP,
19.9312,17,STA,WIFI_DROP,
19.9312,21,STA,WIFI_DROP,
19.9336,6,STA,WIFI_DROP,
19.9336,17,STA,WIFI_DROP,
19.9336,21,STA,WIFI_DROP,
19.936,6,STA,WIFI_DROP,
19.936,17,STA,WIFI_DROP,
19.936,21,STA,WIFI_DROP,
19.9384,6,STA,WIFI_DROP,
19.9384,17,STA,WIFI_DROP,
19.9384,21,STA,WIFI_DROP,
19.9408,6,STA,WIFI_DROP,
19.9408,17,STA,WIFI_DROP,
19.9408,21,STA,WIFI_DROP,
19.9432,6,STA,WIFI_DROP,
19.9432,11,STA,WIFI_DROP,
19.9432,17,STA,WIFI_DROP,
19.9432,21,STA,WIFI_DROP,
19.9456,6,STA,WIFI_DROP,
19.9456,11,STA,WIFI_DROP,
19.9456,17,STA,WIFI_DROP,
19.9456,21,STA,WIFI_DROP,
19.948,6,STA,WIFI_DROP,
19.948,11,STA,WIFI_DROP,
19.948,17,STA,WIFI_DROP,
19.948,21,STA,WIFI_DROP,
19.9504,6,STA,WIFI_DROP,
19.9504,11,STA,WIFI_DROP,
19.9504,17,STA,WIFI_DROP,
19.9504,21,STA,WIFI_DROP,
19.9528,6,STA,WIFI_DROP,
19.9528,11,STA,WIFI_DROP,
19.9528,17,STA,WIFI_DROP,
19.9528,21,STA,WIFI_DROP,
19.9552,6,STA,WIFI_DROP,
19.9552,11,STA,WIFI_DROP,
19.9552,17,STA,WIFI_DROP,
19.9552,21,STA,WIFI_DROP,
19.9576,6,STA,WIFI_DROP,
19.9576,11,STA,WIFI_DROP,
19.9576,17,STA,WIFI_DROP,
19.9576,21,STA,WIFI_DROP,
19.96,6,STA,WIFI_DROP,
19.96,11,STA,WIFI_DROP,
19.96,17,STA,WIFI_DROP,
19.96,21,STA,WIFI_DROP,
19.9624,6,STA,WIFI_DROP,
19.9624,11,STA,WIFI_DROP,
19.9624,17,STA,WIFI_DROP,
19.9624,21,STA,WIFI_DROP,
19.9648,6,STA,WIFI_DROP,
19.9648,11,STA,WIFI_DROP,
19.9648,17,STA,WIFI_DROP,
19.9648,21,STA,WIFI_DROP,
19.9672,6,STA,WIFI_DROP,
19.9672,11,STA,WIFI_DROP,
19.9672,17,STA,WIFI_DROP,
19.9672,21,STA,WIFI_DROP,
19.9696,6,STA,WIFI_DROP,
19.9696,11,STA,WIFI_DROP,
19.9696,17,STA,WIFI_DROP,
19.9696,21,STA,WIFI_DROP,
19.972,6,STA,WIFI_DROP,
19.972,11,STA,WIFI_DROP,
19.972,17,STA,WIFI_DROP,
19.972,21,STA,WIFI_DROP,
19.9744,6,STA,WIFI_DROP,
19.9744,11,STA,WIFI_DROP,
19.9744,17,STA,WIFI_DROP,
19.9744,21,STA,WIFI_DROP,
19.9768,6,STA,WIFI_DROP,
19.9768,11,STA,WIFI_DROP,
19.9768,17,STA,WIFI_DROP,
19.9768,21,STA,WIFI_DROP,
19.9792,6,STA,WIFI_DROP,
19.9792,11,STA,WIFI_DROP,
19.9792,17,STA,WIFI_DROP,
19.9792,21,STA,WIFI_DROP,
19.9816,6,STA,WIFI_DROP,
19.9816,11,STA,WIFI_DROP,
19.9816,17,STA,WIFI_DROP,
19.9816,21,STA,WIFI_DROP,
19.984,6,STA,WIFI_DROP,
19.984,11,STA,WIFI_DROP,
19.984,17,STA,WIFI_DROP,
19.984,21,STA,WIFI_DROP,
19.9864,6,STA,WIFI_DROP,
19.9864,11,STA,WIFI_DROP,
19.9864,17,STA,WIFI_DROP,
19.9864,21,STA,WIFI_DROP,
19.9888,6,STA,WIFI_DROP,
19.9888,11,STA,WIFI_DROP,
19.9888,17,STA,WIFI_DROP,
19.9888,21,STA,WIFI_DROP,
19.9912,6,STA,WIFI_DROP,
19.9912,11,STA,WIFI_DROP,
19.9912,17,STA,WIFI_DROP,
19.9912,21,STA,WIFI_DROP,
19.9936,6,STA,WIFI_DROP,
19.9936,11,STA,WIFI_DROP,
19.9936,17,STA,WIFI_DROP,
19.9936,21,STA,WIFI_DROP,
19.996,6,STA,WIFI_DROP,
19.996,11,STA,WIFI_DROP,
19.996,17,STA,WIFI_DROP,
19.996,21,STA,WIFI_DROP,
19.9984,6,STA,WIFI_DROP,
19.9984,11,STA,WIFI_DROP,
19.9984,17,STA,WIFI_DROP,
19.9984,21,STA,WIFI_DROP,
