Time_s,NodeID,NodeType,Action,Value
0,2,STA,FIXED_STA_DISTANCE,80.000000
0,3,STA,FIXED_STA_DISTANCE,80.000000
0,4,STA,FIXED_STA_DISTANCE,80.000000
0,5,STA,FIXED_STA_DISTANCE,80.000000
0,6,STA,FIXED_STA_DISTANCE,80.000000
0,7,STA,FIXED_STA_DISTANCE,80.000000
0,8,STA,FIXED_STA_DISTANCE,80.000000
0,9,STA,FIXED_STA_DISTANCE,80.000000
0,10,STA,FIXED_STA_DISTANCE,80.000000
0,11,STA,FIXED_STA_DISTANCE,80.000000
0,12,STA,FIXED_STA_DISTANCE,80.000000
0,13,STA,FIXED_STA_DISTANCE,80.000000
0,14,STA,FIXED_STA_DISTANCE,80.000000
0,15,STA,FIXED_STA_DISTANCE,80.000000
0,16,STA,FIXED_STA_DISTANCE,80.000000
0,17,STA,FIXED_STA_DISTANCE,80.000000
0,18,STA,FIXED_STA_DISTANCE,80.000000
0,19,STA,FIXED_STA_DISTANCE,80.000000
0,20,STA,FIXED_STA_DISTANCE,80.000000
0,21,STA,FIXED_STA_DISTANCE,80.000000
0,2,STA,FIXED_TX_POWER_DBM,24.000000
0,2,STA,NAKAGAMI_FADING,1.000000
0.0525886,17,STA,ASSOC,
0.0525886,17,STA,JOINED,
0.0532711,10,STA,ASSOC,
0.0532711,10,STA,JOINED,
0.0555875,3,STA,ASSOC,
0.0555875,3,STA,JOINED,
0.0578058,12,STA,ASSOC,
0.0578058,12,STA,JOINED,
0.0595023,13,STA,ASSOC,
0.0595023,13,STA,JOINED,
0.0622817,2,STA,ASSOC,
0.0622817,2,STA,JOINED,
0.0640817,16,STA,ASSOC,
0.0640817,16,STA,JOINED,
0.0690233,6,STA,ASSOC,
0.0690233,6,STA,JOINED,
0.0700439,7,STA,ASSOC,
0.0700439,7,STA,JOINED,
0.0737019,11,STA,ASSOC,
0.0737019,11,STA,JOINED,
0.101215,15,STA,ASSOC,
0.101215,15,STA,JOINED,
0.151803,20,STA,ASSOC,
0.151803,20,STA,JOINED,
0.159063,21,STA,ASSOC,
0.159063,21,STA,JOINED,
0.161556,5,STA,ASSOC,
0.161556,5,STA,JOINED,
0.201615,18,STA,ASSOC,
0.201615,18,STA,JOINED,
0.251392,19,STA,ASSOC,
0.251392,19,STA,JOINED,
0.354019,4,STA,ASSOC,
0.354019,4,STA,JOINED,
0.55253,8,STA,ASSOC,
0.55253,8,STA,JOINED,
0.652505,14,STA,ASSOC,
0.652505,14,STA,JOINED,
0.65463,9,STA,ASSOC,
0.65463,9,STA,JOINED,
1,1,AP,SENT_COUNT,
1,1,AP,RECV_COUNT,
1.648,12,STA,WIFI_DROP,
1.6504,12,STA,WIFI_DROP,
1.6528,12,STA,WIFI_DROP,
1.6552,12,STA,WIFI_DROP,
1.6576,12,STA,WIFI_DROP,
1.66,12,STA,WIFI_DROP,
1.6624,12,STA,WIFI_DROP,
1.6648,12,STA,WIFI_DROP,
1.6672,12,STA,WIFI_DROP,
1.6696,12,STA,WIFI_DROP,
1.672,12,STA,WIFI_DROP,
1.6744,12,STA,WIFI_DROP,
1.6768,12,STA,WIFI_DROP,
1.6792,12,STA,WIFI_DROP,
1.6816,12,STA,WIFI_DROP,
1.684,12,STA,WIFI_DROP,
1.6864,12,STA,WIFI_DROP,
1.6888,12,STA,WIFI_DROP,
1.6912,12,STA,WIFI_DROP,
1.6936,12,STA,WIFI_DROP,
1.696,12,STA,WIFI_DROP,
1.6984,12,STA,WIFI_DROP,
1.7008,12,STA,WIFI_DROP,
1.7032,12,STA,WIFI_DROP,
1.7056,12,STA,WIFI_DROP,
1.708,12,STA,WIFI_DROP,
1.7104,12,STA,WIFI_DROP,
1.7128,12,STA,WIFI_DROP,
1.7152,12,STA,WIFI_DROP,
1.7176,12,STA,WIFI_DROP,
1.72,12,STA,WIFI_DROP,
1.7224,12,STA,WIFI_DROP,
1.7248,12,STA,WIFI_DROP,
1.7272,12,STA,WIFI_DROP,
1.7296,12,STA,WIFI_DROP,
1.732,12,STA,WIFI_DROP,
1.7344,12,STA,WIFI_DROP,
1.7368,12,STA,WIFI_DROP,
1.7392,12,STA,WIFI_DROP,
1.7416,12,STA,WIFI_DROP,
1.744,12,STA,WIFI_DROP,
1.7464,12,STA,WIFI_DROP,
1.7488,12,STA,WIFI_DROP,
1.7512,12,STA,WIFI_DROP,
1.7536,12,STA,WIFI_DROP,
1.756,12,STA,WIFI_DROP,
1.7584,12,STA,WIFI_DROP,
1.7608,12,STA,WIFI_DROP,
1.7632,12,STA,WIFI_DROP,
1.7656,12,STA,WIFI_DROP,
1.768,12,STA,WIFI_DROP,
1.7704,12,STA,WIFI_DROP,
1.7728,12,STA,WIFI_DROP,
1.7752,12,STA,WIFI_DROP,
1.7776,12,STA,WIFI_DROP,
1.78,12,STA,WIFI_DROP,
1.7824,12,STA,WIFI_DROP,
1.7848,12,STA,WIFI_DROP,
1.7872,12,STA,WIFI_DROP,
1.7896,12,STA,WIFI_DROP,
1.792,12,STA,WIFI_DROP,
1.7944,12,STA,WIFI_DROP,
1.7968,12,STA,WIFI_DROP,
1.7992,12,STA,WIFI_DROP,
1.8016,12,STA,WIFI_DROP,
1.804,12,STA,WIFI_DROP,
1.8064,12,STA,WIFI_DROP,
1.8088,12,STA,WIFI_DROP,
1.8112,12,STA,WIFI_DROP,
1.8136,12,STA,WIFI_DROP,
1.816,12,STA,WIFI_DROP,
1.8184,12,STA,WIFI_DROP,
1.8208,12,STA,WIFI_DROP,
1.8232,12,STA,WIFI_DROP,
1.8256,12,STA,WIFI_DROP,
1.828,12,STA,WIFI_DROP,
1.8304,12,STA,WIFI_DROP,
1.8328,12,STA,WIFI_DROP,
1.8352,12,STA,WIFI_DROP,
1.8376,12,STA,WIFI_DROP,
1.84,12,STA,WIFI_DROP,
1.8424,12,STA,WIFI_DROP,
1.8448,12,STA,WIFI_DROP,
1.8472,12,STA,WIFI_DROP,
1.8496,12,STA,WIFI_DROP,
1.852,12,STA,WIFI_DROP,
1.8544,12,STA,WIFI_DROP,
1.8568,12,STA,WIFI_DROP,
1.8592,12,STA,WIFI_DROP,
1.8616,12,STA,WIFI_DROP,
1.864,12,STA,WIFI_DROP,
1.8664,12,STA,WIFI_DROP,
1.8688,12,STA,WIFI_DROP,
1.8712,12,STA,WIFI_DROP,
1.8736,12,STA,WIFI_DROP,
1.876,12,STA,WIFI_DROP,
1.8784,12,STA,WIFI_DROP,
1.8808,12,STA,WIFI_DROP,
1.8832,12,STA,WIFI_DROP,
1.8856,12,STA,WIFI_DROP,
1.888,12,STA,WIFI_DROP,
1.8904,12,STA,WIFI_DROP,
1.8928,12,STA,WIFI_DROP,
1.8952,12,STA,WIFI_DROP,
1.8976,12,STA,WIFI_DROP,
1.9,12,STA,WIFI_DROP,
1.9024,12,STA,WIFI_DROP,
1.9048,12,STA,WIFI_DROP,
1.9072,12,STA,WIFI_DROP,
1.9096,12,STA,WIFI_DROP,
1.912,12,STA,WIFI_DROP,
1.9144,12,STA,WIFI_DROP,
1.9168,12,STA,WIFI_DROP,
1.9192,12,STA,WIFI_DROP,
1.9216,12,STA,WIFI_DROP,
1.924,12,STA,WIFI_DROP,
1.9264,12,STA,WIFI_DROP,
1.9288,12,STA,WIFI_DROP,
1.9312,12,STA,WIFI_DROP,
1.9336,12,STA,WIFI_DROP,
1.936,12,STA,WIFI_DROP,
1.9384,12,STA,WIFI_DROP,
1.9408,12,STA,WIFI_DROP,
1.9432,12,STA,WIFI_DROP,
1.9456,12,STA,WIFI_DROP,
1.948,12,STA,WIFI_DROP,
1.9504,12,STA,WIFI_DROP,
1.9528,12,STA,WIFI_DROP,
1.9552,12,STA,WIFI_DROP,
1.9576,12,STA,WIFI_DROP,
1.96,12,STA,WIFI_DROP,
1.9624,12,STA,WIFI_DROP,
1.9648,12,STA,WIFI_DROP,
1.9672,12,STA,WIFI_DROP,
1.9696,12,STA,WIFI_DROP,
1.972,12,STA,WIFI_DROP,
1.9744,12,STA,WIFI_DROP,
1.9768,12,STA,WIFI_DROP,
1.9792,12,STA,WIFI_DROP,
1.9816,12,STA,WIFI_DROP,
1.984,12,STA,WIFI_DROP,
1.9864,12,STA,WIFI_DROP,
1.9888,12,STA,WIFI_DROP,
1.9912,12,STA,WIFI_DROP,
1.9936,12,STA,WIFI_DROP,
1.996,12,STA,WIFI_DROP,
1.9984,12,STA,WIFI_DROP,
2,2,STA,THROUGHPUT_MBPS,0.552000
2,3,STA,THROUGHPUT_MBPS,4.464000
2,5,STA,THROUGHPUT_MBPS,1.716000
2,6,STA,THROUGHPUT_MBPS,1.164000
2,7,STA,THROUGHPUT_MBPS,1.224000
2,8,STA,THROUGHPUT_MBPS,3.276000
2,9,STA,THROUGHPUT_MBPS,2.868000
2,10,STA,THROUGHPUT_MBPS,3.768000
2,12,STA,THROUGHPUT_MBPS,0.348000
2,14,STA,THROUGHPUT_MBPS,1.896000
2,17,STA,THROUGHPUT_MBPS,0.816000
2,18,STA,THROUGHPUT_MBPS,0.672000
2,19,STA,THROUGHPUT_MBPS,2.772000
2,21,STA,THROUGHPUT_MBPS,2.772000
2,1,AP,AGGREGATE_THROUGHPUT_MBPS,28.308000
2,1,AP,SENT_COUNT,8340.000000
2,1,AP,RECV_COUNT,2359.000000
2,1,AP,LATENCY_P95_MS,513.831967
2.0008,12,STA,WIFI_DROP,
2.0032,12,STA,WIFI_DROP,
2.0056,12,STA,WIFI_DROP,
2.008,12,STA,WIFI_DROP,
2.0104,12,STA,WIFI_DROP,
2.0128,12,STA,WIFI_DROP,
2.0152,12,STA,WIFI_DROP,
2.0176,12,STA,WIFI_DROP,
2.02,12,STA,WIFI_DROP,
2.0224,12,STA,WIFI_DROP,
2.0248,12,STA,WIFI_DROP,
2.0272,12,STA,WIFI_DROP,
2.0296,12,STA,WIFI_DROP,
2.032,12,STA,WIFI_DROP,
2.0344,12,STA,WIFI_DROP,
2.0368,12,STA,WIFI_DROP,
2.0392,12,STA,WIFI_DROP,
2.0416,12,STA,WIFI_DROP,
2.044,12,STA,WIFI_DROP,
2.0464,12,STA,WIFI_DROP,
2.0488,12,STA,WIFI_DROP,
2.0512,12,STA,WIFI_DROP,
2.0536,12,STA,WIFI_DROP,
2.056,12,STA,WIFI_DROP,
2.0584,12,STA,WIFI_DROP,
2.0608,12,STA,WIFI_DROP,
2.0632,12,STA,WIFI_DROP,
2.0656,12,STA,WIFI_DROP,
2.068,12,STA,WIFI_DROP,
2.0704,12,STA,WIFI_DROP,
2.0728,12,STA,WIFI_DROP,
2.0752,12,STA,WIFI_DROP,
2.0776,12,STA,WIFI_DROP,
2.08,12,STA,WIFI_DROP,
2.0824,12,STA,WIFI_DROP,
2.0848,12,STA,WIFI_DROP,
2.0872,12,STA,WIFI_DROP,
2.0896,12,STA,WIFI_DROP,
2.092,12,STA,WIFI_DROP,
2.0944,12,STA,WIFI_DROP,
2.0968,12,STA,WIFI_DROP,
2.0992,12,STA,WIFI_DROP,
2.1016,12,STA,WIFI_DROP,
2.104,12,STA,WIFI_DROP,
2.1064,12,STA,WIFI_DROP,
2.1088,12,STA,WIFI_DROP,
2.1112,12,STA,WIFI_DROP,
2.1136,12,STA,WIFI_DROP,
2.116,12,STA,WIFI_DROP,
2.1184,12,STA,WIFI_DROP,
2.1208,12,STA,WIFI_DROP,
2.1232,12,STA,WIFI_DROP,
2.1256,12,STA,WIFI_DROP,
2.128,12,STA,WIFI_DROP,
2.1304,12,STA,WIFI_DROP,
2.1328,12,STA,WIFI_DROP,
2.1352,12,STA,WIFI_DROP,
2.1376,12,STA,WIFI_DROP,
2.14,12,STA,WIFI_DROP,
2.1424,12,STA,WIFI_DROP,
2.1448,12,STA,WIFI_DROP,
2.1472,12,STA,WIFI_DROP,
2.1496,12,STA,WIFI_DROP,
2.152,12,STA,WIFI_DROP,
2.1544,12,STA,WIFI_DROP,
2.1568,12,STA,WIFI_DROP,
2.1592,12,STA,WIFI_DROP,
2.1616,12,STA,WIFI_DROP,
2.164,12,STA,WIFI_DROP,
2.1664,12,STA,WIFI_DROP,
2.1688,12,STA,WIFI_DROP,
2.1712,12,STA,WIFI_DROP,
2.1736,12,STA,WIFI_DROP,
2.176,12,STA,WIFI_DROP,
2.1784,12,STA,WIFI_DROP,
2.1808,12,STA,WIFI_DROP,
2.1832,12,STA,WIFI_DROP,
2.1856,12,STA,WIFI_DROP,
2.188,12,STA,WIFI_DROP,
2.1904,12,STA,WIFI_DROP,
2.1928,12,STA,WIFI_DROP,
2.1952,12,STA,WIFI_DROP,
2.1976,12,STA,WIFI_DROP,
2.2,12,STA,WIFI_DROP,
2.2024,12,STA,WIFI_DROP,
2.2048,12,STA,WIFI_DROP,
2.2072,12,STA,WIFI_DROP,
2.2096,12,STA,WIFI_DROP,
2.212,12,STA,WIFI_DROP,
2.2144,12,STA,WIFI_DROP,
2.2168,12,STA,WIFI_DROP,
2.2192,12,STA,WIFI_DROP,
2.2216,12,STA,WIFI_DROP,
2.224,12,STA,WIFI_DROP,
2.2264,12,STA,WIFI_DROP,
2.2288,12,STA,WIFI_DROP,
2.2312,12,STA,WIFI_DROP,
2.2336,12,STA,WIFI_DROP,
2.236,12,STA,WIFI_DROP,
2.2384,12,STA,WIFI_DROP,
2.2408,12,STA,WIFI_DROP,
2.2432,12,STA,WIFI_DROP,
2.2456,12,STA,WIFI_DROP,
2.248,12,STA,WIFI_DROP,
2.2504,12,STA,WIFI_DROP,
2.2528,12,STA,WIFI_DROP,
2.2552,12,STA,WIFI_DROP,
2.2576,12,STA,WIFI_DROP,
2.26,12,STA,WIFI_DROP,
2.2624,12,STA,WIFI_DROP,
2.2648,12,STA,WIFI_DROP,
2.2672,12,STA,WIFI_DROP,
2.2696,12,STA,WIFI_DROP,
2.272,12,STA,WIFI_DROP,
2.2744,12,STA,WIFI_DROP,
2.2768,12,STA,WIFI_DROP,
2.2792,12,STA,WIFI_DROP,
2.2816,12,STA,WIFI_DROP,
2.284,12,STA,WIFI_DROP,
2.2864,12,STA,WIFI_DROP,
2.2888,12,STA,WIFI_DROP,
2.2912,12,STA,WIFI_DROP,
2.2936,12,STA,WIFI_DROP,
2.296,12,STA,WIFI_DROP,
3,2,STA,THROUGHPUT_MBPS,2.232000
3,3,STA,THROUGHPUT_MBPS,4.404000
3,5,STA,THROUGHPUT_MBPS,4.200000
3,6,STA,THROUGHPUT_MBPS,1.236000
3,7,STA,THROUGHPUT_MBPS,2.376000
3,8,STA,THROUGHPUT_MBPS,1.236000
3,9,STA,THROUGHPUT_MBPS,2.244000
3,10,STA,THROUGHPUT_MBPS,4.428000
3,12,STA,THROUGHPUT_MBPS,0.360000
3,14,STA,THROUGHPUT_MBPS,0.396000
3,17,STA,THROUGHPUT_MBPS,3.348000
3,18,STA,THROUGHPUT_MBPS,3.660000
3,19,STA,THROUGHPUT_MBPS,5.364000
3,21,STA,THROUGHPUT_MBPS,3.744000
3,1,AP,AGGREGATE_THROUGHPUT_MBPS,39.228000
3,1,AP,SENT_COUNT,8340.000000
3,1,AP,RECV_COUNT,3269.000000
3,1,AP,LATENCY_P95_MS,532.644642
3.6952,18,STA,WIFI_DROP,
3.6976,18,STA,WIFI_DROP,
3.7,18,STA,WIFI_DROP,
3.7024,18,STA,WIFI_DROP,
3.7048,18,STA,WIFI_DROP,
3.7072,18,STA,WIFI_DROP,
3.7096,18,STA,WIFI_DROP,
3.712,18,STA,WIFI_DROP,
3.7144,18,STA,WIFI_DROP,
3.7168,18,STA,WIFI_DROP,
3.7192,18,STA,WIFI_DROP,
3.7216,18,STA,WIFI_DROP,
3.724,18,STA,WIFI_DROP,
3.7264,18,STA,WIFI_DROP,
3.7288,18,STA,WIFI_DROP,
3.7312,18,STA,WIFI_DROP,
3.7336,18,STA,WIFI_DROP,
3.736,18,STA,WIFI_DROP,
3.7384,18,STA,WIFI_DROP,
3.7408,18,STA,WIFI_DROP,
3.7432,18,STA,WIFI_DROP,
3.7456,18,STA,WIFI_DROP,
3.748,18,STA,WIFI_DROP,
3.7504,18,STA,WIFI_DROP,
3.7528,18,STA,WIFI_DROP,
3.7552,18,STA,WIFI_DROP,
3.7576,18,STA,WIFI_DROP,
3.76,18,STA,WIFI_DROP,
3.7624,18,STA,WIFI_DROP,
3.7648,18,STA,WIFI_DROP,
3.7672,18,STA,WIFI_DROP,
3.7696,18,STA,WIFI_DROP,
3.772,18,STA,WIFI_DROP,
3.7744,18,STA,WIFI_DROP,
3.7768,18,STA,WIFI_DROP,
3.7792,18,STA,WIFI_DROP,
3.7816,18,STA,WIFI_DROP,
3.784,18,STA,WIFI_DROP,
3.7864,18,STA,WIFI_DROP,
3.7888,18,STA,WIFI_DROP,
3.7912,18,STA,WIFI_DROP,
3.7936,18,STA,WIFI_DROP,
3.796,18,STA,WIFI_DROP,
3.7984,14,STA,WIFI_DROP,
3.8008,14,STA,WIFI_DROP,
3.8032,14,STA,WIFI_DROP,
3.8056,14,STA,WIFI_DROP,
3.808,14,STA,WIFI_DROP,
3.8104,14,STA,WIFI_DROP,
3.8128,14,STA,WIFI_DROP,
3.8152,14,STA,WIFI_DROP,
3.8176,14,STA,WIFI_DROP,
3.82,14,STA,WIFI_DROP,
3.8224,14,STA,WIFI_DROP,
3.8248,14,STA,WIFI_DROP,
3.8272,14,STA,WIFI_DROP,
3.8296,14,STA,WIFI_DROP,
3.832,14,STA,WIFI_DROP,
3.8344,14,STA,WIFI_DROP,
3.8368,14,STA,WIFI_DROP,
3.8392,14,STA,WIFI_DROP,
3.8416,14,STA,WIFI_DROP,
3.844,14,STA,WIFI_DROP,
3.8464,14,STA,WIFI_DROP,
3.8488,14,STA,WIFI_DROP,
3.8512,14,STA,WIFI_DROP,
3.8536,14,STA,WIFI_DROP,
3.856,14,STA,WIFI_DROP,
3.8584,14,STA,WIFI_DROP,
3.8608,14,STA,WIFI_DROP,
3.8632,14,STA,WIFI_DROP,
3.8656,14,STA,WIFI_DROP,
3.868,14,STA,WIFI_DROP,
3.8704,14,STA,WIFI_DROP,
3.8728,14,STA,WIFI_DROP,
3.8752,14,STA,WIFI_DROP,
3.8776,14,STA,WIFI_DROP,
3.88,14,STA,WIFI_DROP,
3.8824,14,STA,WIFI_DROP,
3.8848,14,STA,WIFI_DROP,
3.8872,14,STA,WIFI_DROP,
3.8896,14,STA,WIFI_DROP,
3.892,14,STA,WIFI_DROP,
3.8944,14,STA,WIFI_DROP,
3.8968,14,STA,WIFI_DROP,
3.8992,14,STA,WIFI_DROP,
3.9016,14,STA,WIFI_DROP,
3.904,14,STA,WIFI_DROP,
3.9064,14,STA,WIFI_DROP,
3.9088,14,STA,WIFI_DROP,
3.9112,14,STA,WIFI_DROP,
3.9136,14,STA,WIFI_DROP,
3.916,14,STA,WIFI_DROP,
3.9184,14,STA,WIFI_DROP,
3.9208,14,STA,WIFI_DROP,
3.9232,14,STA,WIFI_DROP,
3.9256,14,STA,WIFI_DROP,
3.928,14,STA,WIFI_DROP,
3.9304,14,STA,WIFI_DROP,
3.9328,14,STA,WIFI_DROP,
3.9352,14,STA,WIFI_DROP,
3.9376,14,STA,WIFI_DROP,
3.94,14,STA,WIFI_DROP,
3.9424,14,STA,WIFI_DROP,
3.9448,14,STA,WIFI_DROP,
3.9472,14,STA,WIFI_DROP,
3.9496,14,STA,WIFI_DROP,
3.952,14,STA,WIFI_DROP,
3.9544,14,STA,WIFI_DROP,
3.9568,14,STA,WIFI_DROP,
3.9592,14,STA,WIFI_DROP,
3.9616,14,STA,WIFI_DROP,
3.964,14,STA,WIFI_DROP,
3.9664,14,STA,WIFI_DROP,
3.9688,14,STA,WIFI_DROP,
3.9712,14,STA,WIFI_DROP,
3.9736,14,STA,WIFI_DROP,
3.976,14,STA,WIFI_DROP,
3.9784,14,STA,WIFI_DROP,
3.9808,14,STA,WIFI_DROP,
3.9832,14,STA,WIFI_DROP,
3.9856,14,STA,WIFI_DROP,
3.988,14,STA,WIFI_DROP,
3.9904,14,STA,WIFI_DROP,
3.9928,14,STA,WIFI_DROP,
3.9952,14,STA,WIFI_DROP,
3.9976,14,STA,WIFI_DROP,
4,2,STA,THROUGHPUT_MBPS,0.468000
4,3,STA,THROUGHPUT_MBPS,4.884000
4,5,STA,THROUGHPUT_MBPS,2.040000
4,6,STA,THROUGHPUT_MBPS,2.976000
4,7,STA,THROUGHPUT_MBPS,3.156000
4,8,STA,THROUGHPUT_MBPS,4.800000
4,9,STA,THROUGHPUT_MBPS,4.236000
4,10,STA,THROUGHPUT_MBPS,2.448000
4,12,STA,THROUGHPUT_MBPS,1.908000
4,14,STA,THROUGHPUT_MBPS,0.432000
4,17,STA,THROUGHPUT_MBPS,1.392000
4,18,STA,THROUGHPUT_MBPS,1.944000
4,19,STA,THROUGHPUT_MBPS,2.964000
4,21,STA,THROUGHPUT_MBPS,4.236000
4,1,AP,AGGREGATE_THROUGHPUT_MBPS,37.884000
4,1,AP,SENT_COUNT,8320.000000
4,1,AP,RECV_COUNT,3157.000000
4,1,AP,LATENCY_P95_MS,535.505738
4,14,STA,WIFI_DROP,
4.0024,14,STA,WIFI_DROP,
4.0048,14,STA,WIFI_DROP,
4.0072,14,STA,WIFI_DROP,
4.0096,14,STA,WIFI_DROP,
4.012,14,STA,WIFI_DROP,
4.0144,14,STA,WIFI_DROP,
4.0168,14,STA,WIFI_DROP,
4.0192,14,STA,WIFI_DROP,
4.0216,14,STA,WIFI_DROP,
4.024,14,STA,WIFI_DROP,
4.0264,14,STA,WIFI_DROP,
4.0288,14,STA,WIFI_DROP,
4.0312,14,STA,WIFI_DROP,
4.0336,14,STA,WIFI_DROP,
4.036,14,STA,WIFI_DROP,
4.0384,14,STA,WIFI_DROP,
4.0408,14,STA,WIFI_DROP,
4.0432,14,STA,WIFI_DROP,
4.0456,14,STA,WIFI_DROP,
4.048,14,STA,WIFI_DROP,
4.0504,14,STA,WIFI_DROP,
4.0528,14,STA,WIFI_DROP,
4.0552,14,STA,WIFI_DROP,
4.0576,14,STA,WIFI_DROP,
4.06,14,STA,WIFI_DROP,
4.0624,14,STA,WIFI_DROP,
4.0648,14,STA,WIFI_DROP,
4.0672,14,STA,WIFI_DROP,
4.0696,14,STA,WIFI_DROP,
4.072,14,STA,WIFI_DROP,
4.0744,14,STA,WIFI_DROP,
4.0768,14,STA,WIFI_DROP,
4.0792,14,STA,WIFI_DROP,
4.0816,14,STA,WIFI_DROP,
4.084,14,STA,WIFI_DROP,
4.0864,14,STA,WIFI_DROP,
4.0888,14,STA,WIFI_DROP,
4.0912,14,STA,WIFI_DROP,
4.0936,14,STA,WIFI_DROP,
4.096,14,STA,WIFI_DROP,
4.0984,14,STA,WIFI_DROP,
4.1008,14,STA,WIFI_DROP,
4.1032,14,STA,WIFI_DROP,
4.1056,14,STA,WIFI_DROP,
4.108,14,STA,WIFI_DROP,
4.1104,14,STA,WIFI_DROP,
4.1128,14,STA,WIFI_DROP,
4.1152,14,STA,WIFI_DROP,
4.1176,14,STA,WIFI_DROP,
4.12,14,STA,WIFI_DROP,
4.1224,14,STA,WIFI_DROP,
4.1248,14,STA,WIFI_DROP,
4.1272,14,STA,WIFI_DROP,
4.1296,14,STA,WIFI_DROP,
4.132,14,STA,WIFI_DROP,
4.1344,14,STA,WIFI_DROP,
4.1368,14,STA,WIFI_DROP,
4.1392,14,STA,WIFI_DROP,
4.1416,14,STA,WIFI_DROP,
4.144,14,STA,WIFI_DROP,
4.1464,14,STA,WIFI_DROP,
4.1488,14,STA,WIFI_DROP,
4.1512,14,STA,WIFI_DROP,
4.1536,14,STA,WIFI_DROP,
4.156,14,STA,WIFI_DROP,
4.1584,14,STA,WIFI_DROP,
4.1608,14,STA,WIFI_DROP,
4.1632,14,STA,WIFI_DROP,
4.1656,14,STA,WIFI_DROP,
4.168,14,STA,WIFI_DROP,
4.1704,14,STA,WIFI_DROP,
4.1728,14,STA,WIFI_DROP,
4.1752,14,STA,WIFI_DROP,
4.1776,14,STA,WIFI_DROP,
4.18,14,STA,WIFI_DROP,
4.1824,14,STA,WIFI_DROP,
4.1848,14,STA,WIFI_DROP,
4.1872,14,STA,WIFI_DROP,
4.1896,14,STA,WIFI_DROP,
4.192,14,STA,WIFI_DROP,
4.1944,14,STA,WIFI_DROP,
4.1968,14,STA,WIFI_DROP,
4.1992,14,STA,WIFI_DROP,
4.2016,14,STA,WIFI_DROP,
4.204,14,STA,WIFI_DROP,
4.2064,14,STA,WIFI_DROP,
4.2088,14,STA,WIFI_DROP,
4.2112,14,STA,WIFI_DROP,
4.2136,14,STA,WIFI_DROP,
4.216,14,STA,WIFI_DROP,
4.2184,14,STA,WIFI_DROP,
4.2208,14,STA,WIFI_DROP,
4.2232,14,STA,WIFI_DROP,
4.2256,14,STA,WIFI_DROP,
4.228,14,STA,WIFI_DROP,
4.2304,14,STA,WIFI_DROP,
4.2328,14,STA,WIFI_DROP,
4.2352,14,STA,WIFI_DROP,
4.2376,14,STA,WIFI_DROP,
4.24,14,STA,WIFI_DROP,
4.2424,14,STA,WIFI_DROP,
4.2448,14,STA,WIFI_DROP,
4.2472,14,STA,WIFI_DROP,
4.2496,14,STA,WIFI_DROP,
4.252,14,STA,WIFI_DROP,
4.2544,14,STA,WIFI_DROP,
4.2568,14,STA,WIFI_DROP,
4.2592,14,STA,WIFI_DROP,
4.2616,14,STA,WIFI_DROP,
4.264,14,STA,WIFI_DROP,
4.2664,14,STA,WIFI_DROP,
4.2688,14,STA,WIFI_DROP,
4.2712,14,STA,WIFI_DROP,
4.2736,14,STA,WIFI_DROP,
4.276,14,STA,WIFI_DROP,
4.2784,14,STA,WIFI_DROP,
4.2808,14,STA,WIFI_DROP,
4.2832,14,STA,WIFI_DROP,
4.2856,14,STA,WIFI_DROP,
4.288,14,STA,WIFI_DROP,
4.2904,14,STA,WIFI_DROP,
4.2928,14,STA,WIFI_DROP,
4.2952,14,STA,WIFI_DROP,
4.2976,14,STA,WIFI_DROP,
4.3,14,STA,WIFI_DROP,
4.3024,14,STA,WIFI_DROP,
4.3048,14,STA,WIFI_DROP,
4.3072,14,STA,WIFI_DROP,
4.3096,14,STA,WIFI_DROP,
4.312,14,STA,WIFI_DROP,
4.3144,14,STA,WIFI_DROP,
4.3168,14,STA,WIFI_DROP,
4.3192,14,STA,WIFI_DROP,
4.3216,14,STA,WIFI_DROP,
4.324,14,STA,WIFI_DROP,
4.3264,14,STA,WIFI_DROP,
4.3288,14,STA,WIFI_DROP,
4.3312,14,STA,WIFI_DROP,
4.3336,14,STA,WIFI_DROP,
4.336,14,STA,WIFI_DROP,
4.3384,14,STA,WIFI_DROP,
4.3408,14,STA,WIFI_DROP,
4.3432,14,STA,WIFI_DROP,
4.3456,14,STA,WIFI_DROP,
4.348,14,STA,WIFI_DROP,
4.3504,14,STA,WIFI_DROP,
4.3528,14,STA,WIFI_DROP,
4.3552,14,STA,WIFI_DROP,
4.3576,14,STA,WIFI_DROP,
4.36,14,STA,WIFI_DROP,
4.3624,14,STA,WIFI_DROP,
4.3648,14,STA,WIFI_DROP,
4.3672,14,STA,WIFI_DROP,
4.3696,14,STA,WIFI_DROP,
4.372,14,STA,WIFI_DROP,
4.3744,14,STA,WIFI_DROP,
4.3768,14,STA,WIFI_DROP,
4.3792,14,STA,WIFI_DROP,
4.3816,14,STA,WIFI_DROP,
4.384,14,STA,WIFI_DROP,
4.3864,14,STA,WIFI_DROP,
4.3888,14,STA,WIFI_DROP,
4.3912,14,STA,WIFI_DROP,
4.3936,14,STA,WIFI_DROP,
4.396,14,STA,WIFI_DROP,
4.3984,14,STA,WIFI_DROP,
4.4008,14,STA,WIFI_DROP,
4.4032,14,STA,WIFI_DROP,
4.4056,14,STA,WIFI_DROP,
4.408,14,STA,WIFI_DROP,
4.4104,14,STA,WIFI_DROP,
4.4128,14,STA,WIFI_DROP,
4.4152,14,STA,WIFI_DROP,
4.4176,14,STA,WIFI_DROP,
4.42,14,STA,WIFI_DROP,
4.4224,14,STA,WIFI_DROP,
4.4248,14,STA,WIFI_DROP,
4.4272,14,STA,WIFI_DROP,
4.4296,14,STA,WIFI_DROP,
4.432,14,STA,WIFI_DROP,
4.4344,14,STA,WIFI_DROP,
4.4368,14,STA,WIFI_DROP,
4.4392,14,STA,WIFI_DROP,
4.4416,14,STA,WIFI_DROP,
4.444,14,STA,WIFI_DROP,
4.4464,14,STA,WIFI_DROP,
4.4488,14,STA,WIFI_DROP,
4.4512,14,STA,WIFI_DROP,
4.4536,14,STA,WIFI_DROP,
4.456,14,STA,WIFI_DROP,
4.4584,14,STA,WIFI_DROP,
4.4608,14,STA,WIFI_DROP,
4.4632,14,STA,WIFI_DROP,
4.4656,14,STA,WIFI_DROP,
4.468,14,STA,WIFI_DROP,
4.4704,14,STA,WIFI_DROP,
4.4728,14,STA,WIFI_DROP,
4.4752,14,STA,WIFI_DROP,
4.4776,14,STA,WIFI_DROP,
4.48,14,STA,WIFI_DROP,
4.4824,14,STA,WIFI_DROP,
4.4848,14,STA,WIFI_DROP,
4.4872,14,STA,WIFI_DROP,
4.4896,14,STA,WIFI_DROP,
4.492,14,STA,WIFI_DROP,
4.4944,14,STA,WIFI_DROP,
4.4968,14,STA,WIFI_DROP,
4.4992,14,STA,WIFI_DROP,
5,2,STA,THROUGHPUT_MBPS,1.224000
5,3,STA,THROUGHPUT_MBPS,4.704000
5,5,STA,THROUGHPUT_MBPS,1.476000
5,6,STA,THROUGHPUT_MBPS,2.124000
5,7,STA,THROUGHPUT_MBPS,0.432000
5,8,STA,THROUGHPUT_MBPS,2.700000
5,9,STA,THROUGHPUT_MBPS,1.692000
5,10,STA,THROUGHPUT_MBPS,1.212000
5,12,STA,THROUGHPUT_MBPS,1.488000
5,14,STA,THROUGHPUT_MBPS,1.140000
5,17,STA,THROUGHPUT_MBPS,3.600000
5,18,STA,THROUGHPUT_MBPS,1.680000
5,19,STA,THROUGHPUT_MBPS,2.880000
5,21,STA,THROUGHPUT_MBPS,3.720000
5,1,AP,AGGREGATE_THROUGHPUT_MBPS,30.072000
5,1,AP,SENT_COUNT,8340.000000
5,1,AP,RECV_COUNT,2506.000000
5,1,AP,LATENCY_P95_MS,554.615158
6,2,STA,THROUGHPUT_MBPS,2.616000
6,3,STA,THROUGHPUT_MBPS,4.296000
6,5,STA,THROUGHPUT_MBPS,1.980000
6,6,STA,THROUGHPUT_MBPS,2.064000
6,7,STA,THROUGHPUT_MBPS,5.340000
6,8,STA,THROUGHPUT_MBPS,1.836000
6,9,STA,THROUGHPUT_MBPS,2.112000
6,10,STA,THROUGHPUT_MBPS,4.812000
6,12,STA,THROUGHPUT_MBPS,1.476000
6,14,STA,THROUGHPUT_MBPS,1.380000
6,17,STA,THROUGHPUT_MBPS,4.368000
6,18,STA,THROUGHPUT_MBPS,3.084000
6,19,STA,THROUGHPUT_MBPS,0.972000
6,21,STA,THROUGHPUT_MBPS,1.848000
6,1,AP,AGGREGATE_THROUGHPUT_MBPS,38.184000
6,1,AP,SENT_COUNT,8340.000000
6,1,AP,RECV_COUNT,3182.000000
6,1,AP,LATENCY_P95_MS,540.513110
6.3592,10,STA,WIFI_DROP,
6.3616,10,STA,WIFI_DROP,
6.364,10,STA,WIFI_DROP,
6.3664,10,STA,WIFI_DROP,
6.3688,10,STA,WIFI_DROP,
6.3712,10,STA,WIFI_DROP,
6.3736,10,STA,WIFI_DROP,
6.376,10,STA,WIFI_DROP,
6.3784,10,STA,WIFI_DROP,
6.3808,10,STA,WIFI_DROP,
6.3832,10,STA,WIFI_DROP,
6.3856,10,STA,WIFI_DROP,
6.388,10,STA,WIFI_DROP,
6.3904,10,STA,WIFI_DROP,
6.3928,10,STA,WIFI_DROP,
6.3952,10,STA,WIFI_DROP,
6.3976,10,STA,WIFI_DROP,
6.4,10,STA,WIFI_DROP,
6.4024,10,STA,WIFI_DROP,
6.4048,10,STA,WIFI_DROP,
6.4072,10,STA,WIFI_DROP,
6.4096,10,STA,WIFI_DROP,
6.412,10,STA,WIFI_DROP,
6.4144,10,STA,WIFI_DROP,
6.4168,10,STA,WIFI_DROP,
6.4192,10,STA,WIFI_DROP,
6.4216,10,STA,WIFI_DROP,
6.424,10,STA,WIFI_DROP,
6.4264,10,STA,WIFI_DROP,
6.4288,10,STA,WIFI_DROP,
6.4312,10,STA,WIFI_DROP,
6.4336,10,STA,WIFI_DROP,
6.436,10,STA,WIFI_DROP,
6.4384,10,STA,WIFI_DROP,
6.4408,10,STA,WIFI_DROP,
6.4432,10,STA,WIFI_DROP,
6.4456,10,STA,WIFI_DROP,
6.448,10,STA,WIFI_DROP,
6.4504,10,STA,WIFI_DROP,
6.4528,10,STA,WIFI_DROP,
6.4552,10,STA,WIFI_DROP,
6.4576,10,STA,WIFI_DROP,
6.46,10,STA,WIFI_DROP,
6.46,16,STA,WIFI_DROP,
6.4624,10,STA,WIFI_DROP,
6.4624,16,STA,WIFI_DROP,
6.4648,10,STA,WIFI_DROP,
6.4648,16,STA,WIFI_DROP,
6.4672,10,STA,WIFI_DROP,
6.4672,16,STA,WIFI_DROP,
6.4696,10,STA,WIFI_DROP,
6.4696,16,STA,WIFI_DROP,
6.472,10,STA,WIFI_DROP,
6.472,16,STA,WIFI_DROP,
6.4744,10,STA,WIFI_DROP,
6.4744,16,STA,WIFI_DROP,
6.4768,10,STA,WIFI_DROP,
6.4768,16,STA,WIFI_DROP,
6.4792,10,STA,WIFI_DROP,
6.4792,16,STA,WIFI_DROP,
6.4816,10,STA,WIFI_DROP,
6.4816,16,STA,WIFI_DROP,
6.484,10,STA,WIFI_DROP,
6.484,16,STA,WIFI_DROP,
6.4864,10,STA,WIFI_DROP,
6.4864,16,STA,WIFI_DROP,
6.4888,10,STA,WIFI_DROP,
6.4888,16,STA,WIFI_DROP,
6.4912,10,STA,WIFI_DROP,
6.4912,16,STA,WIFI_DROP,
6.4936,10,STA,WIFI_DROP,
6.4936,16,STA,WIFI_DROP,
6.496,10,STA,WIFI_DROP,
6.496,16,STA,WIFI_DROP,
6.4984,10,STA,WIFI_DROP,
6.4984,16,STA,WIFI_DROP,
6.5008,10,STA,WIFI_DROP,
6.5008,16,STA,WIFI_DROP,
6.5032,10,STA,WIFI_DROP,
6.5032,16,STA,WIFI_DROP,
6.5056,10,STA,WIFI_DROP,
6.5056,16,STA,WIFI_DROP,
6.508,10,STA,WIFI_DROP,
6.508,16,STA,WIFI_DROP,
6.5104,10,STA,WIFI_DROP,
6.5104,16,STA,WIFI_DROP,
6.5128,10,STA,WIFI_DROP,
6.5128,16,STA,WIFI_DROP,
6.5152,10,STA,WIFI_DROP,
6.5152,16,STA,WIFI_DROP,
6.5176,10,STA,WIFI_DROP,
6.5176,16,STA,WIFI_DROP,
6.52,10,STA,WIFI_DROP,
6.52,16,STA,WIFI_DROP,
6.5224,10,STA,WIFI_DROP,
6.5224,16,STA,WIFI_DROP,
6.5248,10,STA,WIFI_DROP,
6.5248,16,STA,WIFI_DROP,
6.5272,10,STA,WIFI_DROP,
6.5272,16,STA,WIFI_DROP,
6.5296,10,STA,WIFI_DROP,
6.5296,16,STA,WIFI_DROP,
6.532,10,STA,WIFI_DROP,
6.532,16,STA,WIFI_DROP,
6.5344,10,STA,WIFI_DROP,
6.5344,16,STA,WIFI_DROP,
6.5368,10,STA,WIFI_DROP,
6.5368,16,STA,WIFI_DROP,
6.5392,10,STA,WIFI_DROP,
6.5392,16,STA,WIFI_DROP,
6.5416,10,STA,WIFI_DROP,
6.5416,16,STA,WIFI_DROP,
6.544,10,STA,WIFI_DROP,
6.544,16,STA,WIFI_DROP,
6.5464,10,STA,WIFI_DROP,
6.5464,16,STA,WIFI_DROP,
6.5488,10,STA,WIFI_DROP,
6.5488,16,STA,WIFI_DROP,
6.5512,10,STA,WIFI_DROP,
6.5512,16,STA,WIFI_DROP,
6.5536,10,STA,WIFI_DROP,
6.5536,16,STA,WIFI_DROP,
6.556,10,STA,WIFI_DROP,
6.556,16,STA,WIFI_DROP,
6.5584,10,STA,WIFI_DROP,
6.5584,16,STA,WIFI_DROP,
6.5608,10,STA,WIFI_DROP,
6.5608,16,STA,WIFI_DROP,
6.5632,10,STA,WIFI_DROP,
6.5632,16,STA,WIFI_DROP,
6.5656,10,STA,WIFI_DROP,
6.5656,16,STA,WIFI_DROP,
6.568,10,STA,WIFI_DROP,
6.568,16,STA,WIFI_DROP,
6.5704,10,STA,WIFI_DROP,
6.5704,16,STA,WIFI_DROP,
6.5728,10,STA,WIFI_DROP,
6.5728,16,STA,WIFI_DROP,
6.5752,10,STA,WIFI_DROP,
6.5752,16,STA,WIFI_DROP,
6.5776,10,STA,WIFI_DROP,
6.5776,16,STA,WIFI_DROP,
6.58,10,STA,WIFI_DROP,
6.58,16,STA,WIFI_DROP,
6.5824,10,STA,WIFI_DROP,
6.5824,16,STA,WIFI_DROP,
6.5848,10,STA,WIFI_DROP,
6.5848,16,STA,WIFI_DROP,
6.5872,10,STA,WIFI_DROP,
6.5872,16,STA,WIFI_DROP,
6.5896,10,STA,WIFI_DROP,
6.5896,16,STA,WIFI_DROP,
6.592,10,STA,WIFI_DROP,
6.592,16,STA,WIFI_DROP,
6.5944,10,STA,WIFI_DROP,
6.5944,16,STA,WIFI_DROP,
6.5968,10,STA,WIFI_DROP,
6.5968,16,STA,WIFI_DROP,
6.5992,10,STA,WIFI_DROP,
6.5992,16,STA,WIFI_DROP,
6.6016,10,STA,WIFI_DROP,
6.6016,16,STA,WIFI_DROP,
6.604,10,STA,WIFI_DROP,
6.604,16,STA,WIFI_DROP,
6.6064,10,STA,WIFI_DROP,
6.6064,16,STA,WIFI_DROP,
6.6088,10,STA,WIFI_DROP,
6.6088,16,STA,WIFI_DROP,
6.6112,10,STA,WIFI_DROP,
6.6112,16,STA,WIFI_DROP,
6.6136,10,STA,WIFI_DROP,
6.6136,16,STA,WIFI_DROP,
6.616,10,STA,WIFI_DROP,
6.616,16,STA,WIFI_DROP,
6.6184,10,STA,WIFI_DROP,
6.6184,16,STA,WIFI_DROP,
6.6208,10,STA,WIFI_DROP,
6.6208,16,STA,WIFI_DROP,
6.6232,10,STA,WIFI_DROP,
6.6232,16,STA,WIFI_DROP,
6.6256,10,STA,WIFI_DROP,
6.6256,16,STA,WIFI_DROP,
6.628,10,STA,WIFI_DROP,
6.628,16,STA,WIFI_DROP,
6.6304,10,STA,WIFI_DROP,
6.6304,16,STA,WIFI_DROP,
6.6328,10,STA,WIFI_DROP,
6.6328,16,STA,WIFI_DROP,
6.6352,10,STA,WIFI_DROP,
6.6352,16,STA,WIFI_DROP,
6.6376,10,STA,WIFI_DROP,
6.6376,16,STA,WIFI_DROP,
6.64,10,STA,WIFI_DROP,
6.64,16,STA,WIFI_DROP,
6.6424,10,STA,WIFI_DROP,
6.6424,16,STA,WIFI_DROP,
6.6448,10,STA,WIFI_DROP,
6.6448,16,STA,WIFI_DROP,
6.6472,10,STA,WIFI_DROP,
6.6472,16,STA,WIFI_DROP,
6.6496,10,STA,WIFI_DROP,
6.6496,16,STA,WIFI_DROP,
6.652,10,STA,WIFI_DROP,
6.652,16,STA,WIFI_DROP,
6.6544,10,STA,WIFI_DROP,
6.6544,16,STA,WIFI_DROP,
6.6568,10,STA,WIFI_DROP,
6.6568,16,STA,WIFI_DROP,
6.6592,10,STA,WIFI_DROP,
6.6592,16,STA,WIFI_DROP,
6.6616,10,STA,WIFI_DROP,
6.6616,16,STA,WIFI_DROP,
6.664,10,STA,WIFI_DROP,
6.664,16,STA,WIFI_DROP,
6.6664,10,STA,WIFI_DROP,
6.6664,16,STA,WIFI_DROP,
6.6688,10,STA,WIFI_DROP,
6.6688,16,STA,WIFI_DROP,
6.6712,10,STA,WIFI_DROP,
6.6712,16,STA,WIFI_DROP,
6.6736,10,STA,WIFI_DROP,
6.6736,16,STA,WIFI_DROP,
6.676,10,STA,WIFI_DROP,
6.676,16,STA,WIFI_DROP,
6.6784,10,STA,WIFI_DROP,
6.6784,16,STA,WIFI_DROP,
6.6808,10,STA,WIFI_DROP,
6.6808,16,STA,WIFI_DROP,
6.6832,10,STA,WIFI_DROP,
6.6832,16,STA,WIFI_DROP,
6.6856,10,STA,WIFI_DROP,
6.6856,16,STA,WIFI_DROP,
6.688,10,STA,WIFI_DROP,
6.688,16,STA,WIFI_DROP,
6.6904,10,STA,WIFI_DROP,
6.6904,16,STA,WIFI_DROP,
6.6928,10,STA,WIFI_DROP,
6.6928,16,STA,WIFI_DROP,
6.6952,10,STA,WIFI_DROP,
6.6952,16,STA,WIFI_DROP,
6.6976,10,STA,WIFI_DROP,
6.6976,16,STA,WIFI_DROP,
6.7,10,STA,WIFI_DROP,
6.7,16,STA,WIFI_DROP,
6.7024,10,STA,WIFI_DROP,
6.7024,16,STA,WIFI_DROP,
6.7048,10,STA,WIFI_DROP,
6.7048,16,STA,WIFI_DROP,
6.7072,10,STA,WIFI_DROP,
6.7072,16,STA,WIFI_DROP,
6.7096,10,STA,WIFI_DROP,
6.7096,16,STA,WIFI_DROP,
6.712,10,STA,WIFI_DROP,
6.712,16,STA,WIFI_DROP,
6.7144,10,STA,WIFI_DROP,
6.7144,16,STA,WIFI_DROP,
6.7168,10,STA,WIFI_DROP,
6.7168,16,STA,WIFI_DROP,
6.7192,10,STA,WIFI_DROP,
6.7192,16,STA,WIFI_DROP,
6.7216,10,STA,WIFI_DROP,
6.7216,16,STA,WIFI_DROP,
6.724,10,STA,WIFI_DROP,
6.724,16,STA,WIFI_DROP,
6.7264,10,STA,WIFI_DROP,
6.7264,16,STA,WIFI_DROP,
6.7288,10,STA,WIFI_DROP,
6.7288,16,STA,WIFI_DROP,
6.7312,10,STA,WIFI_DROP,
6.7312,16,STA,WIFI_DROP,
6.7336,10,STA,WIFI_DROP,
6.7336,16,STA,WIFI_DROP,
6.736,10,STA,WIFI_DROP,
6.736,16,STA,WIFI_DROP,
6.7384,10,STA,WIFI_DROP,
6.7384,16,STA,WIFI_DROP,
6.7408,10,STA,WIFI_DROP,
6.7408,16,STA,WIFI_DROP,
6.7432,10,STA,WIFI_DROP,
6.7432,16,STA,WIFI_DROP,
6.7456,10,STA,WIFI_DROP,
6.7456,16,STA,WIFI_DROP,
6.748,10,STA,WIFI_DROP,
6.748,16,STA,WIFI_DROP,
6.7504,10,STA,WIFI_DROP,
6.7504,16,STA,WIFI_DROP,
6.7528,10,STA,WIFI_DROP,
6.7528,16,STA,WIFI_DROP,
6.7552,10,STA,WIFI_DROP,
6.7552,16,STA,WIFI_DROP,
6.7576,10,STA,WIFI_DROP,
6.7576,16,STA,WIFI_DROP,
6.76,10,STA,WIFI_DROP,
6.76,16,STA,WIFI_DROP,
6.7624,10,STA,WIFI_DROP,
6.7624,16,STA,WIFI_DROP,
6.7648,10,STA,WIFI_DROP,
6.7648,16,STA,WIFI_DROP,
6.7672,10,STA,WIFI_DROP,
6.7672,16,STA,WIFI_DROP,
6.7696,10,STA,WIFI_DROP,
6.7696,16,STA,WIFI_DROP,
6.772,10,STA,WIFI_DROP,
6.772,16,STA,WIFI_DROP,
6.7744,10,STA,WIFI_DROP,
6.7744,16,STA,WIFI_DROP,
6.7768,10,STA,WIFI_DROP,
6.7768,16,STA,WIFI_DROP,
6.7792,10,STA,WIFI_DROP,
6.7792,16,STA,WIFI_DROP,
6.7816,10,STA,WIFI_DROP,
6.7816,16,STA,WIFI_DROP,
6.784,10,STA,WIFI_DROP,
6.784,16,STA,WIFI_DROP,
6.7864,10,STA,WIFI_DROP,
6.7864,16,STA,WIFI_DROP,
6.7888,10,STA,WIFI_DROP,
6.7888,16,STA,WIFI_DROP,
6.7912,10,STA,WIFI_DROP,
6.7912,16,STA,WIFI_DROP,
6.7936,10,STA,WIFI_DROP,
6.7936,16,STA,WIFI_DROP,
6.796,10,STA,WIFI_DROP,
6.796,16,STA,WIFI_DROP,
6.7984,10,STA,WIFI_DROP,
6.7984,16,STA,WIFI_DROP,
6.8008,10,STA,WIFI_DROP,
6.8008,16,STA,WIFI_DROP,
6.8032,10,STA,WIFI_DROP,
6.8032,16,STA,WIFI_DROP,
6.8056,10,STA,WIFI_DROP,
6.8056,16,STA,WIFI_DROP,
6.808,10,STA,WIFI_DROP,
6.808,16,STA,WIFI_DROP,
6.8104,10,STA,WIFI_DROP,
6.8104,16,STA,WIFI_DROP,
6.8128,10,STA,WIFI_DROP,
6.8128,16,STA,WIFI_DROP,
6.8152,10,STA,WIFI_DROP,
6.8152,16,STA,WIFI_DROP,
6.8176,10,STA,WIFI_DROP,
6.8176,16,STA,WIFI_DROP,
6.82,10,STA,WIFI_DROP,
6.82,16,STA,WIFI_DROP,
6.8224,10,STA,WIFI_DROP,
6.8224,16,STA,WIFI_DROP,
6.8248,10,STA,WIFI_DROP,
6.8248,16,STA,WIFI_DROP,
6.8272,10,STA,WIFI_DROP,
6.8272,16,STA,WIFI_DROP,
6.8296,10,STA,WIFI_DROP,
6.8296,16,STA,WIFI_DROP,
6.832,10,STA,WIFI_DROP,
6.832,16,STA,WIFI_DROP,
6.8344,10,STA,WIFI_DROP,
6.8344,16,STA,WIFI_DROP,
6.8368,10,STA,WIFI_DROP,
6.8368,16,STA,WIFI_DROP,
6.8392,10,STA,WIFI_DROP,
6.8392,16,STA,WIFI_DROP,
6.8416,10,STA,WIFI_DROP,
6.8416,16,STA,WIFI_DROP,
6.844,10,STA,WIFI_DROP,
6.844,16,STA,WIFI_DROP,
6.8464,10,STA,WIFI_DROP,
6.8464,16,STA,WIFI_DROP,
6.8488,10,STA,WIFI_DROP,
6.8488,16,STA,WIFI_DROP,
6.8512,10,STA,WIFI_DROP,
6.8512,16,STA,WIFI_DROP,
6.8536,10,STA,WIFI_DROP,
6.8536,16,STA,WIFI_DROP,
6.856,10,STA,WIFI_DROP,
6.856,16,STA,WIFI_DROP,
6.8584,10,STA,WIFI_DROP,
6.8584,16,STA,WIFI_DROP,
6.8608,10,STA,WIFI_DROP,
6.8608,16,STA,WIFI_DROP,
6.8632,10,STA,WIFI_DROP,
6.8632,16,STA,WIFI_DROP,
6.8656,10,STA,WIFI_DROP,
6.8656,16,STA,WIFI_DROP,
6.868,10,STA,WIFI_DROP,
6.868,16,STA,WIFI_DROP,
6.8704,10,STA,WIFI_DROP,
6.8704,16,STA,WIFI_DROP,
6.8728,10,STA,WIFI_DROP,
6.8728,16,STA,WIFI_DROP,
6.8752,10,STA,WIFI_DROP,
6.8752,16,STA,WIFI_DROP,
6.8776,10,STA,WIFI_DROP,
6.8776,16,STA,WIFI_DROP,
6.88,10,STA,WIFI_DROP,
6.88,16,STA,WIFI_DROP,
6.8824,10,STA,WIFI_DROP,
6.8824,16,STA,WIFI_DROP,
6.8848,10,STA,WIFI_DROP,
6.8848,16,STA,WIFI_DROP,
6.8872,10,STA,WIFI_DROP,
6.8872,16,STA,WIFI_DROP,
6.8896,10,STA,WIFI_DROP,
6.8896,16,STA,WIFI_DROP,
6.892,10,STA,WIFI_DROP,
6.892,16,STA,WIFI_DROP,
6.8944,10,STA,WIFI_DROP,
6.8944,16,STA,WIFI_DROP,
6.8968,10,STA,WIFI_DROP,
6.8968,16,STA,WIFI_DROP,
6.8992,10,STA,WIFI_DROP,
6.8992,16,STA,WIFI_DROP,
6.9016,10,STA,WIFI_DROP,
6.9016,16,STA,WIFI_DROP,
6.904,10,STA,WIFI_DROP,
6.904,16,STA,WIFI_DROP,
6.9064,10,STA,WIFI_DROP,
6.9064,16,STA,WIFI_DROP,
6.9088,16,STA,WIFI_DROP,
6.9112,16,STA,WIFI_DROP,
6.9136,16,STA,WIFI_DROP,
6.916,16,STA,WIFI_DROP,
6.9184,16,STA,WIFI_DROP,
6.9208,16,STA,WIFI_DROP,
6.9232,16,STA,WIFI_DROP,
6.9256,16,STA,WIFI_DROP,
6.928,16,STA,WIFI_DROP,
6.9304,16,STA,WIFI_DROP,
6.9328,16,STA,WIFI_DROP,
6.9352,16,STA,WIFI_DROP,
6.9376,16,STA,WIFI_DROP,
6.94,16,STA,WIFI_DROP,
6.9424,16,STA,WIFI_DROP,
6.9448,16,STA,WIFI_DROP,
6.9472,16,STA,WIFI_DROP,
6.9496,16,STA,WIFI_DROP,
6.952,16,STA,WIFI_DROP,
6.9544,16,STA,WIFI_DROP,
6.9568,16,STA,WIFI_DROP,
6.9592,16,STA,WIFI_DROP,
6.9616,16,STA,WIFI_DROP,
6.964,16,STA,WIFI_DROP,
6.9664,16,STA,WIFI_DROP,
6.9688,16,STA,WIFI_DROP,
6.9712,16,STA,WIFI_DROP,
6.9736,16,STA,WIFI_DROP,
6.976,16,STA,WIFI_DROP,
6.9784,16,STA,WIFI_DROP,
6.9808,16,STA,WIFI_DROP,
6.9832,16,STA,WIFI_DROP,
6.9856,16,STA,WIFI_DROP,
6.988,16,STA,WIFI_DROP,
6.9904,16,STA,WIFI_DROP,
6.9928,16,STA,WIFI_DROP,
6.9952,16,STA,WIFI_DROP,
6.9976,16,STA,WIFI_DROP,
7,2,STA,THROUGHPUT_MBPS,3.012000
7,3,STA,THROUGHPUT_MBPS,2.196000
7,5,STA,THROUGHPUT_MBPS,2.592000
7,6,STA,THROUGHPUT_MBPS,2.808000
7,7,STA,THROUGHPUT_MBPS,2.412000
7,8,STA,THROUGHPUT_MBPS,3.276000
7,9,STA,THROUGHPUT_MBPS,1.128000
7,10,STA,THROUGHPUT_MBPS,1.656000
7,12,STA,THROUGHPUT_MBPS,0.480000
7,14,STA,THROUGHPUT_MBPS,1.968000
7,17,STA,THROUGHPUT_MBPS,2.448000
7,18,STA,THROUGHPUT_MBPS,3.420000
7,19,STA,THROUGHPUT_MBPS,2.832000
7,21,STA,THROUGHPUT_MBPS,0.828000
7,1,AP,AGGREGATE_THROUGHPUT_MBPS,31.056000
7,1,AP,SENT_COUNT,8320.000000
7,1,AP,RECV_COUNT,2588.000000
7,1,AP,LATENCY_P95_MS,532.715288
7,16,STA,WIFI_DROP,
7.0024,16,STA,WIFI_DROP,
7.0048,16,STA,WIFI_DROP,
7.0072,16,STA,WIFI_DROP,
7.0096,16,STA,WIFI_DROP,
7.012,16,STA,WIFI_DROP,
7.0144,16,STA,WIFI_DROP,
7.0168,16,STA,WIFI_DROP,
7.0192,16,STA,WIFI_DROP,
7.0216,16,STA,WIFI_DROP,
7.024,16,STA,WIFI_DROP,
7.0264,16,STA,WIFI_DROP,
7.0288,16,STA,WIFI_DROP,
7.0312,16,STA,WIFI_DROP,
7.0336,16,STA,WIFI_DROP,
7.036,16,STA,WIFI_DROP,
7.0384,16,STA,WIFI_DROP,
7.0408,16,STA,WIFI_DROP,
7.0432,16,STA,WIFI_DROP,
7.0456,16,STA,WIFI_DROP,
7.048,16,STA,WIFI_DROP,
7.0504,16,STA,WIFI_DROP,
7.0528,16,STA,WIFI_DROP,
7.0552,16,STA,WIFI_DROP,
7.0576,16,STA,WIFI_DROP,
7.06,16,STA,WIFI_DROP,
7.0624,16,STA,WIFI_DROP,
7.0648,16,STA,WIFI_DROP,
7.0672,16,STA,WIFI_DROP,
7.0696,16,STA,WIFI_DROP,
7.072,16,STA,WIFI_DROP,
7.0744,16,STA,WIFI_DROP,
7.0768,16,STA,WIFI_DROP,
7.0792,16,STA,WIFI_DROP,
7.0816,16,STA,WIFI_DROP,
7.084,16,STA,WIFI_DROP,
7.0864,16,STA,WIFI_DROP,
7.0888,16,STA,WIFI_DROP,
7.0912,16,STA,WIFI_DROP,
7.0936,16,STA,WIFI_DROP,
7.096,16,STA,WIFI_DROP,
7.0984,16,STA,WIFI_DROP,
7.1008,16,STA,WIFI_DROP,
7.1032,16,STA,WIFI_DROP,
7.1056,16,STA,WIFI_DROP,
7.108,16,STA,WIFI_DROP,
7.792,13,STA,WIFI_DROP,
7.792,17,STA,WIFI_DROP,
7.7944,13,STA,WIFI_DROP,
7.7944,17,STA,WIFI_DROP,
7.7968,13,STA,WIFI_DROP,
7.7968,17,STA,WIFI_DROP,
7.7992,13,STA,WIFI_DROP,
7.7992,17,STA,WIFI_DROP,
7.8016,13,STA,WIFI_DROP,
7.8016,17,STA,WIFI_DROP,
7.804,13,STA,WIFI_DROP,
7.804,17,STA,WIFI_DROP,
7.8064,13,STA,WIFI_DROP,
7.8064,17,STA,WIFI_DROP,
7.8088,13,STA,WIFI_DROP,
7.8088,17,STA,WIFI_DROP,
7.8112,13,STA,WIFI_DROP,
7.8112,17,STA,WIFI_DROP,
7.8136,13,STA,WIFI_DROP,
7.8136,17,STA,WIFI_DROP,
7.816,13,STA,WIFI_DROP,
7.816,17,STA,WIFI_DROP,
7.8184,13,STA,WIFI_DROP,
7.8184,17,STA,WIFI_DROP,
7.8208,13,STA,WIFI_DROP,
7.8208,17,STA,WIFI_DROP,
7.8232,13,STA,WIFI_DROP,
7.8232,17,STA,WIFI_DROP,
7.8256,13,STA,WIFI_DROP,
7.8256,17,STA,WIFI_DROP,
7.828,13,STA,WIFI_DROP,
7.828,17,STA,WIFI_DROP,
7.8304,13,STA,WIFI_DROP,
7.8304,17,STA,WIFI_DROP,
7.8328,13,STA,WIFI_DROP,
7.8328,17,STA,WIFI_DROP,
7.8352,13,STA,WIFI_DROP,
7.8352,17,STA,WIFI_DROP,
7.8376,13,STA,WIFI_DROP,
7.8376,17,STA,WIFI_DROP,
7.84,13,STA,WIFI_DROP,
7.84,17,STA,WIFI_DROP,
7.8424,13,STA,WIFI_DROP,
7.8424,17,STA,WIFI_DROP,
7.8448,13,STA,WIFI_DROP,
7.8448,17,STA,WIFI_DROP,
7.8472,13,STA,WIFI_DROP,
7.8472,17,STA,WIFI_DROP,
7.8496,13,STA,WIFI_DROP,
7.8496,17,STA,WIFI_DROP,
7.852,13,STA,WIFI_DROP,
7.852,17,STA,WIFI_DROP,
7.8544,13,STA,WIFI_DROP,
7.8544,17,STA,WIFI_DROP,
7.8568,13,STA,WIFI_DROP,
7.8568,17,STA,WIFI_DROP,
7.8592,13,STA,WIFI_DROP,
7.8592,17,STA,WIFI_DROP,
7.8616,13,STA,WIFI_DROP,
7.8616,17,STA,WIFI_DROP,
7.864,13,STA,WIFI_DROP,
7.864,17,STA,WIFI_DROP,
7.8664,13,STA,WIFI_DROP,
7.8664,17,STA,WIFI_DROP,
7.8688,13,STA,WIFI_DROP,
7.8688,17,STA,WIFI_DROP,
7.8712,13,STA,WIFI_DROP,
7.8712,17,STA,WIFI_DROP,
7.8736,13,STA,WIFI_DROP,
7.8736,17,STA,WIFI_DROP,
7.876,13,STA,WIFI_DROP,
7.876,17,STA,WIFI_DROP,
7.8784,13,STA,WIFI_DROP,
7.8784,17,STA,WIFI_DROP,
7.8808,13,STA,WIFI_DROP,
7.8808,17,STA,WIFI_DROP,
7.8832,13,STA,WIFI_DROP,
7.8832,17,STA,WIFI_DROP,
7.8856,13,STA,WIFI_DROP,
7.8856,17,STA,WIFI_DROP,
7.888,13,STA,WIFI_DROP,
7.888,17,STA,WIFI_DROP,
7.8904,13,STA,WIFI_DROP,
7.8904,17,STA,WIFI_DROP,
7.8928,13,STA,WIFI_DROP,
7.8928,17,STA,WIFI_DROP,
7.8952,13,STA,WIFI_DROP,
7.8952,17,STA,WIFI_DROP,
7.8976,13,STA,WIFI_DROP,
7.8976,17,STA,WIFI_DROP,
7.9,13,STA,WIFI_DROP,
7.9,17,STA,WIFI_DROP,
7.9024,13,STA,WIFI_DROP,
7.9024,17,STA,WIFI_DROP,
7.9048,13,STA,WIFI_DROP,
7.9048,17,STA,WIFI_DROP,
7.9072,13,STA,WIFI_DROP,
7.9072,17,STA,WIFI_DROP,
7.9096,13,STA,WIFI_DROP,
7.9096,17,STA,WIFI_DROP,
7.912,13,STA,WIFI_DROP,
7.912,17,STA,WIFI_DROP,
7.9144,13,STA,WIFI_DROP,
7.9144,17,STA,WIFI_DROP,
7.9168,13,STA,WIFI_DROP,
7.9168,17,STA,WIFI_DROP,
7.9192,13,STA,WIFI_DROP,
7.9192,17,STA,WIFI_DROP,
7.9216,13,STA,WIFI_DROP,
7.9216,17,STA,WIFI_DROP,
7.924,13,STA,WIFI_DROP,
7.924,17,STA,WIFI_DROP,
7.9264,13,STA,WIFI_DROP,
7.9264,17,STA,WIFI_DROP,
7.9288,13,STA,WIFI_DROP,
7.9288,17,STA,WIFI_DROP,
7.9312,13,STA,WIFI_DROP,
7.9312,17,STA,WIFI_DROP,
7.9336,13,STA,WIFI_DROP,
7.9336,17,STA,WIFI_DROP,
7.936,13,STA,WIFI_DROP,
7.936,17,STA,WIFI_DROP,
7.9384,13,STA,WIFI_DROP,
7.9384,17,STA,WIFI_DROP,
7.9408,13,STA,WIFI_DROP,
7.9408,17,STA,WIFI_DROP,
7.9432,13,STA,WIFI_DROP,
7.9432,17,STA,WIFI_DROP,
7.9456,13,STA,WIFI_DROP,
7.9456,17,STA,WIFI_DROP,
7.948,13,STA,WIFI_DROP,
7.948,17,STA,WIFI_DROP,
7.9504,13,STA,WIFI_DROP,
7.9504,17,STA,WIFI_DROP,
7.9528,13,STA,WIFI_DROP,
7.9528,17,STA,WIFI_DROP,
7.9552,13,STA,WIFI_DROP,
7.9552,17,STA,WIFI_DROP,
7.9576,13,STA,WIFI_DROP,
7.9576,17,STA,WIFI_DROP,
7.96,13,STA,WIFI_DROP,
7.96,17,STA,WIFI_DROP,
7.9624,13,STA,WIFI_DROP,
7.9624,17,STA,WIFI_DROP,
7.9648,13,STA,WIFI_DROP,
7.9648,17,STA,WIFI_DROP,
7.9672,13,STA,WIFI_DROP,
7.9672,17,STA,WIFI_DROP,
7.9696,13,STA,WIFI_DROP,
7.9696,17,STA,WIFI_DROP,
7.972,13,STA,WIFI_DROP,
7.972,17,STA,WIFI_DROP,
7.9744,13,STA,WIFI_DROP,
7.9744,17,STA,WIFI_DROP,
7.9768,13,STA,WIFI_DROP,
7.9768,17,STA,WIFI_DROP,
7.9792,13,STA,WIFI_DROP,
7.9792,17,STA,WIFI_DROP,
7.9816,13,STA,WIFI_DROP,
7.9816,17,STA,WIFI_DROP,
7.984,13,STA,WIFI_DROP,
7.984,17,STA,WIFI_DROP,
7.9864,13,STA,WIFI_DROP,
7.9864,17,STA,WIFI_DROP,
7.9888,13,STA,WIFI_DROP,
7.9888,17,STA,WIFI_DROP,
7.9912,13,STA,WIFI_DROP,
7.9912,17,STA,WIFI_DROP,
7.9936,13,STA,WIFI_DROP,
7.9936,17,STA,WIFI_DROP,
7.996,17,STA,WIFI_DROP,
7.9984,17,STA,WIFI_DROP,
8,2,STA,THROUGHPUT_MBPS,1.368000
8,3,STA,THROUGHPUT_MBPS,4.236000
8,5,STA,THROUGHPUT_MBPS,2.424000
8,6,STA,THROUGHPUT_MBPS,1.404000
8,7,STA,THROUGHPUT_MBPS,1.680000
8,8,STA,THROUGHPUT_MBPS,1.932000
8,9,STA,THROUGHPUT_MBPS,1.176000
8,10,STA,THROUGHPUT_MBPS,2.016000
8,12,STA,THROUGHPUT_MBPS,1.620000
8,13,STA,THROUGHPUT_MBPS,0.384000
8,14,STA,THROUGHPUT_MBPS,1.560000
8,16,STA,THROUGHPUT_MBPS,3.048000
8,17,STA,THROUGHPUT_MBPS,2.664000
8,18,STA,THROUGHPUT_MBPS,2.688000
8,19,STA,THROUGHPUT_MBPS,6.468000
8,21,STA,THROUGHPUT_MBPS,2.832000
8,1,AP,AGGREGATE_THROUGHPUT_MBPS,37.500000
8,1,AP,SENT_COUNT,8340.000000
8,1,AP,RECV_COUNT,3125.000000
8,1,AP,LATENCY_P95_MS,549.145084
8.0008,17,STA,WIFI_DROP,
8.0032,17,STA,WIFI_DROP,
8.0056,17,STA,WIFI_DROP,
8.008,17,STA,WIFI_DROP,
8.0104,17,STA,WIFI_DROP,
8.0128,17,STA,WIFI_DROP,
8.0152,17,STA,WIFI_DROP,
8.0176,17,STA,WIFI_DROP,
8.02,17,STA,WIFI_DROP,
8.0224,17,STA,WIFI_DROP,
8.0248,17,STA,WIFI_DROP,
8.0272,17,STA,WIFI_DROP,
8.0296,17,STA,WIFI_DROP,
8.032,17,STA,WIFI_DROP,
8.0344,17,STA,WIFI_DROP,
8.0368,17,STA,WIFI_DROP,
8.0392,17,STA,WIFI_DROP,
8.0416,17,STA,WIFI_DROP,
8.044,17,STA,WIFI_DROP,
8.0464,17,STA,WIFI_DROP,
8.0488,17,STA,WIFI_DROP,
8.0512,17,STA,WIFI_DROP,
8.0536,17,STA,WIFI_DROP,
8.056,17,STA,WIFI_DROP,
8.0584,17,STA,WIFI_DROP,
8.0608,17,STA,WIFI_DROP,
8.0632,17,STA,WIFI_DROP,
8.0656,17,STA,WIFI_DROP,
8.068,17,STA,WIFI_DROP,
8.0704,17,STA,WIFI_DROP,
8.0728,17,STA,WIFI_DROP,
8.0752,17,STA,WIFI_DROP,
8.0776,17,STA,WIFI_DROP,
8.08,17,STA,WIFI_DROP,
8.0824,17,STA,WIFI_DROP,
8.0848,17,STA,WIFI_DROP,
8.0872,17,STA,WIFI_DROP,
8.0896,17,STA,WIFI_DROP,
8.092,17,STA,WIFI_DROP,
8.0944,17,STA,WIFI_DROP,
8.0968,17,STA,WIFI_DROP,
8.0992,17,STA,WIFI_DROP,
8.1016,17,STA,WIFI_DROP,
8.104,17,STA,WIFI_DROP,
8.1064,17,STA,WIFI_DROP,
8.1088,17,STA,WIFI_DROP,
8.1112,17,STA,WIFI_DROP,
8.1136,17,STA,WIFI_DROP,
8.116,17,STA,WIFI_DROP,
8.1184,17,STA,WIFI_DROP,
8.1208,17,STA,WIFI_DROP,
8.1232,17,STA,WIFI_DROP,
8.1256,17,STA,WIFI_DROP,
8.128,17,STA,WIFI_DROP,
8.1304,17,STA,WIFI_DROP,
8.1328,17,STA,WIFI_DROP,
8.1352,17,STA,WIFI_DROP,
8.1376,17,STA,WIFI_DROP,
8.14,17,STA,WIFI_DROP,
8.1424,17,STA,WIFI_DROP,
8.1448,17,STA,WIFI_DROP,
8.1472,17,STA,WIFI_DROP,
8.1496,17,STA,WIFI_DROP,
8.152,17,STA,WIFI_DROP,
8.1544,17,STA,WIFI_DROP,
8.1568,17,STA,WIFI_DROP,
8.1592,17,STA,WIFI_DROP,
8.1616,17,STA,WIFI_DROP,
8.164,17,STA,WIFI_DROP,
8.1664,17,STA,WIFI_DROP,
8.1688,17,STA,WIFI_DROP,
8.1712,17,STA,WIFI_DROP,
8.1736,17,STA,WIFI_DROP,
8.176,17,STA,WIFI_DROP,
8.1784,17,STA,WIFI_DROP,
8.1808,17,STA,WIFI_DROP,
8.1832,17,STA,WIFI_DROP,
8.1856,17,STA,WIFI_DROP,
8.188,17,STA,WIFI_DROP,
8.1904,17,STA,WIFI_DROP,
8.1928,17,STA,WIFI_DROP,
8.1952,17,STA,WIFI_DROP,
8.1976,17,STA,WIFI_DROP,
8.2,17,STA,WIFI_DROP,
8.2024,17,STA,WIFI_DROP,
8.2048,17,STA,WIFI_DROP,
8.2072,17,STA,WIFI_DROP,
8.2096,17,STA,WIFI_DROP,
8.212,17,STA,WIFI_DROP,
8.2144,17,STA,WIFI_DROP,
8.2168,17,STA,WIFI_DROP,
8.2192,17,STA,WIFI_DROP,
8.2216,17,STA,WIFI_DROP,
8.224,17,STA,WIFI_DROP,
8.2264,17,STA,WIFI_DROP,
8.2288,17,STA,WIFI_DROP,
8.2312,17,STA,WIFI_DROP,
8.2336,17,STA,WIFI_DROP,
8.236,17,STA,WIFI_DROP,
8.2384,17,STA,WIFI_DROP,
8.2408,17,STA,WIFI_DROP,
8.2432,17,STA,WIFI_DROP,
8.2456,17,STA,WIFI_DROP,
8.248,17,STA,WIFI_DROP,
8.2504,17,STA,WIFI_DROP,
8.2528,17,STA,WIFI_DROP,
8.2552,17,STA,WIFI_DROP,
8.2576,17,STA,WIFI_DROP,
8.26,17,STA,WIFI_DROP,
8.2624,17,STA,WIFI_DROP,
8.2648,17,STA,WIFI_DROP,
8.2672,17,STA,WIFI_DROP,
8.2696,17,STA,WIFI_DROP,
8.272,17,STA,WIFI_DROP,
8.2744,17,STA,WIFI_DROP,
8.2768,17,STA,WIFI_DROP,
8.2792,17,STA,WIFI_DROP,
8.2816,17,STA,WIFI_DROP,
8.284,17,STA,WIFI_DROP,
8.2864,17,STA,WIFI_DROP,
8.2888,17,STA,WIFI_DROP,
8.2912,17,STA,WIFI_DROP,
8.2936,17,STA,WIFI_DROP,
8.296,17,STA,WIFI_DROP,
8.2984,17,STA,WIFI_DROP,
8.3008,17,STA,WIFI_DROP,
8.3032,17,STA,WIFI_DROP,
8.3056,12,STA,WIFI_DROP,
8.3056,17,STA,WIFI_DROP,
8.308,12,STA,WIFI_DROP,
8.308,17,STA,WIFI_DROP,
8.3104,12,STA,WIFI_DROP,
8.3104,17,STA,WIFI_DROP,
8.3128,12,STA,WIFI_DROP,
8.3128,17,STA,WIFI_DROP,
8.3152,12,STA,WIFI_DROP,
8.3152,17,STA,WIFI_DROP,
8.3176,12,STA,WIFI_DROP,
8.3176,17,STA,WIFI_DROP,
8.32,12,STA,WIFI_DROP,
8.32,17,STA,WIFI_DROP,
8.3224,12,STA,WIFI_DROP,
8.3224,17,STA,WIFI_DROP,
8.3248,12,STA,WIFI_DROP,
8.3248,17,STA,WIFI_DROP,
8.3272,12,STA,WIFI_DROP,
8.3272,17,STA,WIFI_DROP,
8.3296,12,STA,WIFI_DROP,
8.3296,17,STA,WIFI_DROP,
8.332,12,STA,WIFI_DROP,
8.332,17,STA,WIFI_DROP,
8.3344,12,STA,WIFI_DROP,
8.3344,17,STA,WIFI_DROP,
8.3368,12,STA,WIFI_DROP,
8.3368,17,STA,WIFI_DROP,
8.3392,12,STA,WIFI_DROP,
8.3392,17,STA,WIFI_DROP,
8.3416,12,STA,WIFI_DROP,
8.3416,17,STA,WIFI_DROP,
8.344,12,STA,WIFI_DROP,
8.344,17,STA,WIFI_DROP,
8.3464,12,STA,WIFI_DROP,
8.3464,17,STA,WIFI_DROP,
8.3488,12,STA,WIFI_DROP,
8.3488,17,STA,WIFI_DROP,
8.3512,12,STA,WIFI_DROP,
8.3512,17,STA,WIFI_DROP,
8.3536,12,STA,WIFI_DROP,
8.3536,17,STA,WIFI_DROP,
8.356,12,STA,WIFI_DROP,
8.356,17,STA,WIFI_DROP,
8.3584,17,STA,WIFI_DROP,
8.3608,17,STA,WIFI_DROP,
8.3632,17,STA,WIFI_DROP,
8.3656,17,STA,WIFI_DROP,
8.368,17,STA,WIFI_DROP,
8.3704,17,STA,WIFI_DROP,
8.3728,17,STA,WIFI_DROP,
8.3752,17,STA,WIFI_DROP,
8.3776,17,STA,WIFI_DROP,
8.38,17,STA,WIFI_DROP,
8.3824,17,STA,WIFI_DROP,
8.3848,17,STA,WIFI_DROP,
8.3872,17,STA,WIFI_DROP,
8.3896,17,STA,WIFI_DROP,
8.392,17,STA,WIFI_DROP,
8.3944,17,STA,WIFI_DROP,
8.3968,17,STA,WIFI_DROP,
8.3992,17,STA,WIFI_DROP,
8.4016,17,STA,WIFI_DROP,
8.404,17,STA,WIFI_DROP,
8.4064,17,STA,WIFI_DROP,
8.4088,17,STA,WIFI_DROP,
8.4112,17,STA,WIFI_DROP,
8.4136,17,STA,WIFI_DROP,
8.416,17,STA,WIFI_DROP,
8.4184,17,STA,WIFI_DROP,
8.4208,17,STA,WIFI_DROP,
8.4232,17,STA,WIFI_DROP,
8.4256,17,STA,WIFI_DROP,
8.428,17,STA,WIFI_DROP,
8.4304,17,STA,WIFI_DROP,
8.4328,17,STA,WIFI_DROP,
8.4352,17,STA,WIFI_DROP,
8.4376,17,STA,WIFI_DROP,
8.44,17,STA,WIFI_DROP,
8.4424,17,STA,WIFI_DROP,
8.4448,17,STA,WIFI_DROP,
8.4472,17,STA,WIFI_DROP,
8.4496,17,STA,WIFI_DROP,
8.452,17,STA,WIFI_DROP,
8.4544,17,STA,WIFI_DROP,
8.4568,17,STA,WIFI_DROP,
8.4592,17,STA,WIFI_DROP,
8.4616,17,STA,WIFI_DROP,
8.464,17,STA,WIFI_DROP,
8.4664,17,STA,WIFI_DROP,
8.4688,17,STA,WIFI_DROP,
8.4712,17,STA,WIFI_DROP,
8.4736,17,STA,WIFI_DROP,
8.476,17,STA,WIFI_DROP,
8.4784,17,STA,WIFI_DROP,
8.4808,17,STA,WIFI_DROP,
8.4832,17,STA,WIFI_DROP,
8.4856,17,STA,WIFI_DROP,
8.488,17,STA,WIFI_DROP,
8.4904,17,STA,WIFI_DROP,
8.4928,17,STA,WIFI_DROP,
8.4952,17,STA,WIFI_DROP,
8.4976,17,STA,WIFI_DROP,
8.5,17,STA,WIFI_DROP,
8.5024,17,STA,WIFI_DROP,
8.5048,17,STA,WIFI_DROP,
8.5072,17,STA,WIFI_DROP,
8.5096,17,STA,WIFI_DROP,
8.512,17,STA,WIFI_DROP,
8.5144,17,STA,WIFI_DROP,
8.5168,17,STA,WIFI_DROP,
8.5192,17,STA,WIFI_DROP,
8.5216,17,STA,WIFI_DROP,
8.524,17,STA,WIFI_DROP,
8.5264,17,STA,WIFI_DROP,
8.5288,17,STA,WIFI_DROP,
8.5312,17,STA,WIFI_DROP,
8.5336,17,STA,WIFI_DROP,
8.536,17,STA,WIFI_DROP,
8.5384,17,STA,WIFI_DROP,
8.5408,17,STA,WIFI_DROP,
8.5432,17,STA,WIFI_DROP,
8.5456,17,STA,WIFI_DROP,
8.548,17,STA,WIFI_DROP,
8.5504,17,STA,WIFI_DROP,
8.5528,17,STA,WIFI_DROP,
8.5552,17,STA,WIFI_DROP,
8.5576,17,STA,WIFI_DROP,
8.56,17,STA,WIFI_DROP,
8.5624,17,STA,WIFI_DROP,
8.5648,17,STA,WIFI_DROP,
8.5672,17,STA,WIFI_DROP,
8.5696,17,STA,WIFI_DROP,
8.572,17,STA,WIFI_DROP,
8.5744,17,STA,WIFI_DROP,
8.5768,17,STA,WIFI_DROP,
8.5792,17,STA,WIFI_DROP,
8.5816,17,STA,WIFI_DROP,
8.584,17,STA,WIFI_DROP,
8.5864,17,STA,WIFI_DROP,
8.5888,17,STA,WIFI_DROP,
8.5912,17,STA,WIFI_DROP,
8.5936,17,STA,WIFI_DROP,
8.596,17,STA,WIFI_DROP,
8.5984,17,STA,WIFI_DROP,
8.6008,17,STA,WIFI_DROP,
8.6032,17,STA,WIFI_DROP,
8.6056,17,STA,WIFI_DROP,
8.608,17,STA,WIFI_DROP,
8.6104,17,STA,WIFI_DROP,
8.6128,17,STA,WIFI_DROP,
8.6152,17,STA,WIFI_DROP,
8.6176,17,STA,WIFI_DROP,
8.62,17,STA,WIFI_DROP,
8.6224,17,STA,WIFI_DROP,
8.6248,17,STA,WIFI_DROP,
8.6272,17,STA,WIFI_DROP,
8.6296,17,STA,WIFI_DROP,
8.632,17,STA,WIFI_DROP,
8.6344,17,STA,WIFI_DROP,
8.6368,17,STA,WIFI_DROP,
8.6392,17,STA,WIFI_DROP,
8.6416,17,STA,WIFI_DROP,
8.644,17,STA,WIFI_DROP,
8.7184,10,STA,WIFI_DROP,
8.7208,10,STA,WIFI_DROP,
8.7232,10,STA,WIFI_DROP,
8.7256,10,STA,WIFI_DROP,
8.728,10,STA,WIFI_DROP,
8.7304,10,STA,WIFI_DROP,
8.7328,10,STA,WIFI_DROP,
8.7352,10,STA,WIFI_DROP,
8.7376,10,STA,WIFI_DROP,
8.74,10,STA,WIFI_DROP,
8.7424,10,STA,WIFI_DROP,
8.7448,10,STA,WIFI_DROP,
8.7472,10,STA,WIFI_DROP,
8.7496,10,STA,WIFI_DROP,
8.752,10,STA,WIFI_DROP,
8.7544,10,STA,WIFI_DROP,
8.7568,10,STA,WIFI_DROP,
8.7592,10,STA,WIFI_DROP,
8.7616,10,STA,WIFI_DROP,
8.764,10,STA,WIFI_DROP,
8.7664,10,STA,WIFI_DROP,
8.7688,10,STA,WIFI_DROP,
8.7712,10,STA,WIFI_DROP,
8.7736,10,STA,WIFI_DROP,
8.776,10,STA,WIFI_DROP,
8.7784,10,STA,WIFI_DROP,
8.7808,10,STA,WIFI_DROP,
8.7832,10,STA,WIFI_DROP,
8.7856,10,STA,WIFI_DROP,
8.788,10,STA,WIFI_DROP,
8.7904,10,STA,WIFI_DROP,
8.7928,10,STA,WIFI_DROP,
8.7952,10,STA,WIFI_DROP,
8.7976,10,STA,WIFI_DROP,
8.8,10,STA,WIFI_DROP,
8.8024,10,STA,WIFI_DROP,
8.8048,10,STA,WIFI_DROP,
8.8072,10,STA,WIFI_DROP,
8.8096,10,STA,WIFI_DROP,
8.812,10,STA,WIFI_DROP,
8.8144,10,STA,WIFI_DROP,
8.8168,10,STA,WIFI_DROP,
8.8192,10,STA,WIFI_DROP,
8.8216,10,STA,WIFI_DROP,
8.824,10,STA,WIFI_DROP,
8.8264,10,STA,WIFI_DROP,
8.8288,10,STA,WIFI_DROP,
8.8312,10,STA,WIFI_DROP,
8.8336,10,STA,WIFI_DROP,
8.836,10,STA,WIFI_DROP,
8.8384,10,STA,WIFI_DROP,
8.8408,10,STA,WIFI_DROP,
8.8432,10,STA,WIFI_DROP,
8.8456,10,STA,WIFI_DROP,
8.848,10,STA,WIFI_DROP,
8.8504,10,STA,WIFI_DROP,
8.8528,10,STA,WIFI_DROP,
8.8552,10,STA,WIFI_DROP,
8.8576,10,STA,WIFI_DROP,
8.86,10,STA,WIFI_DROP,
8.8624,10,STA,WIFI_DROP,
8.8648,10,STA,WIFI_DROP,
8.8672,10,STA,WIFI_DROP,
8.8696,10,STA,WIFI_DROP,
8.872,10,STA,WIFI_DROP,
8.8744,10,STA,WIFI_DROP,
8.8768,10,STA,WIFI_DROP,
8.8792,10,STA,WIFI_DROP,
8.8816,10,STA,WIFI_DROP,
8.884,10,STA,WIFI_DROP,
8.8864,10,STA,WIFI_DROP,
8.8888,10,STA,WIFI_DROP,
8.8912,10,STA,WIFI_DROP,
8.8936,10,STA,WIFI_DROP,
8.896,10,STA,WIFI_DROP,
8.8984,10,STA,WIFI_DROP,
8.9008,10,STA,WIFI_DROP,
8.9032,10,STA,WIFI_DROP,
8.9056,10,STA,WIFI_DROP,
8.908,10,STA,WIFI_DROP,
8.9104,10,STA,WIFI_DROP,
8.9128,10,STA,WIFI_DROP,
8.9152,10,STA,WIFI_DROP,
8.9176,10,STA,WIFI_DROP,
8.92,10,STA,WIFI_DROP,
8.9224,10,STA,WIFI_DROP,
8.9248,10,STA,WIFI_DROP,
8.9272,10,STA,WIFI_DROP,
8.9296,10,STA,WIFI_DROP,
8.932,10,STA,WIFI_DROP,
8.9344,10,STA,WIFI_DROP,
8.9368,10,STA,WIFI_DROP,
8.9392,10,STA,WIFI_DROP,
8.9416,10,STA,WIFI_DROP,
8.944,10,STA,WIFI_DROP,
8.9464,10,STA,WIFI_DROP,
8.9488,10,STA,WIFI_DROP,
8.9512,10,STA,WIFI_DROP,
8.9536,10,STA,WIFI_DROP,
8.956,10,STA,WIFI_DROP,
8.9584,10,STA,WIFI_DROP,
8.9608,10,STA,WIFI_DROP,
8.9632,10,STA,WIFI_DROP,
8.9656,10,STA,WIFI_DROP,
8.968,10,STA,WIFI_DROP,
8.9704,10,STA,WIFI_DROP,
8.9728,10,STA,WIFI_DROP,
8.9752,10,STA,WIFI_DROP,
8.9776,10,STA,WIFI_DROP,
8.98,10,STA,WIFI_DROP,
8.9824,10,STA,WIFI_DROP,
8.9848,10,STA,WIFI_DROP,
8.9872,10,STA,WIFI_DROP,
8.9896,10,STA,WIFI_DROP,
8.992,10,STA,WIFI_DROP,
8.9944,10,STA,WIFI_DROP,
8.9968,10,STA,WIFI_DROP,
8.9992,10,STA,WIFI_DROP,
9,2,STA,THROUGHPUT_MBPS,3.252000
9,3,STA,THROUGHPUT_MBPS,6.168000
9,5,STA,THROUGHPUT_MBPS,3.624000
9,6,STA,THROUGHPUT_MBPS,3.396000
9,7,STA,THROUGHPUT_MBPS,3.012000
9,8,STA,THROUGHPUT_MBPS,2.556000
9,9,STA,THROUGHPUT_MBPS,2.364000
9,10,STA,THROUGHPUT_MBPS,2.364000
9,12,STA,THROUGHPUT_MBPS,2.436000
9,13,STA,THROUGHPUT_MBPS,2.544000
9,14,STA,THROUGHPUT_MBPS,1.968000
9,16,STA,THROUGHPUT_MBPS,3.096000
9,17,STA,THROUGHPUT_MBPS,1.296000
9,18,STA,THROUGHPUT_MBPS,0.996000
9,19,STA,THROUGHPUT_MBPS,1.692000
9,21,STA,THROUGHPUT_MBPS,0.684000
9,1,AP,AGGREGATE_THROUGHPUT_MBPS,41.448000
9,1,AP,SENT_COUNT,8340.000000
9,1,AP,RECV_COUNT,3454.000000
9,1,AP,LATENCY_P95_MS,540.587806
9.0016,10,STA,WIFI_DROP,
9.004,10,STA,WIFI_DROP,
9.0064,10,STA,WIFI_DROP,
9.0088,10,STA,WIFI_DROP,
9.0112,10,STA,WIFI_DROP,
9.0136,10,STA,WIFI_DROP,
9.016,10,STA,WIFI_DROP,
9.0184,10,STA,WIFI_DROP,
9.0208,10,STA,WIFI_DROP,
9.0232,10,STA,WIFI_DROP,
9.0256,10,STA,WIFI_DROP,
9.028,10,STA,WIFI_DROP,
9.0304,10,STA,WIFI_DROP,
9.0328,10,STA,WIFI_DROP,
9.0352,10,STA,WIFI_DROP,
9.0376,10,STA,WIFI_DROP,
9.04,10,STA,WIFI_DROP,
9.0424,10,STA,WIFI_DROP,
9.0448,10,STA,WIFI_DROP,
9.0472,10,STA,WIFI_DROP,
9.0496,10,STA,WIFI_DROP,
9.052,10,STA,WIFI_DROP,
9.0544,10,STA,WIFI_DROP,
9.0568,10,STA,WIFI_DROP,
9.0592,10,STA,WIFI_DROP,
9.0616,10,STA,WIFI_DROP,
9.064,10,STA,WIFI_DROP,
9.0664,10,STA,WIFI_DROP,
9.0688,10,STA,WIFI_DROP,
9.0712,10,STA,WIFI_DROP,
9.0736,10,STA,WIFI_DROP,
9.076,10,STA,WIFI_DROP,
9.0784,10,STA,WIFI_DROP,
9.0808,10,STA,WIFI_DROP,
9.0832,10,STA,WIFI_DROP,
9.0856,10,STA,WIFI_DROP,
9.088,10,STA,WIFI_DROP,
9.0904,10,STA,WIFI_DROP,
9.0928,10,STA,WIFI_DROP,
9.0952,10,STA,WIFI_DROP,
9.0976,10,STA,WIFI_DROP,
9.1,10,STA,WIFI_DROP,
9.1024,10,STA,WIFI_DROP,
9.1048,10,STA,WIFI_DROP,
9.1072,10,STA,WIFI_DROP,
9.1096,10,STA,WIFI_DROP,
9.112,10,STA,WIFI_DROP,
9.1144,10,STA,WIFI_DROP,
9.1168,10,STA,WIFI_DROP,
9.1192,10,STA,WIFI_DROP,
9.1216,10,STA,WIFI_DROP,
9.124,10,STA,WIFI_DROP,
9.1264,10,STA,WIFI_DROP,
9.1288,10,STA,WIFI_DROP,
9.1312,10,STA,WIFI_DROP,
9.1336,10,STA,WIFI_DROP,
9.136,10,STA,WIFI_DROP,
9.1384,10,STA,WIFI_DROP,
9.1408,10,STA,WIFI_DROP,
9.1432,10,STA,WIFI_DROP,
9.1456,10,STA,WIFI_DROP,
9.148,10,STA,WIFI_DROP,
9.1504,10,STA,WIFI_DROP,
9.1528,10,STA,WIFI_DROP,
9.1552,10,STA,WIFI_DROP,
9.1576,10,STA,WIFI_DROP,
9.16,10,STA,WIFI_DROP,
9.1624,10,STA,WIFI_DROP,
9.1648,10,STA,WIFI_DROP,
9.1672,10,STA,WIFI_DROP,
9.1696,10,STA,WIFI_DROP,
9.172,10,STA,WIFI_DROP,
9.1744,10,STA,WIFI_DROP,
9.1768,10,STA,WIFI_DROP,
9.1792,10,STA,WIFI_DROP,
9.1816,10,STA,WIFI_DROP,
9.184,10,STA,WIFI_DROP,
9.1864,10,STA,WIFI_DROP,
9.1888,10,STA,WIFI_DROP,
9.1912,10,STA,WIFI_DROP,
9.1936,10,STA,WIFI_DROP,
9.196,10,STA,WIFI_DROP,
9.1984,10,STA,WIFI_DROP,
9.2008,10,STA,WIFI_DROP,
9.2032,10,STA,WIFI_DROP,
9.2056,10,STA,WIFI_DROP,
9.208,10,STA,WIFI_DROP,
9.2104,10,STA,WIFI_DROP,
9.2128,10,STA,WIFI_DROP,
9.2152,10,STA,WIFI_DROP,
9.2176,10,STA,WIFI_DROP,
9.22,10,STA,WIFI_DROP,
9.2224,10,STA,WIFI_DROP,
9.2248,10,STA,WIFI_DROP,
9.2272,10,STA,WIFI_DROP,
9.2296,10,STA,WIFI_DROP,
9.232,10,STA,WIFI_DROP,
9.2344,10,STA,WIFI_DROP,
9.2368,10,STA,WIFI_DROP,
9.2392,10,STA,WIFI_DROP,
9.2416,10,STA,WIFI_DROP,
9.244,10,STA,WIFI_DROP,
9.2464,10,STA,WIFI_DROP,
9.2488,10,STA,WIFI_DROP,
9.2512,10,STA,WIFI_DROP,
9.2536,10,STA,WIFI_DROP,
9.256,10,STA,WIFI_DROP,
9.2584,10,STA,WIFI_DROP,
9.2608,10,STA,WIFI_DROP,
9.2632,10,STA,WIFI_DROP,
9.2656,10,STA,WIFI_DROP,
9.268,10,STA,WIFI_DROP,
9.2704,10,STA,WIFI_DROP,
9.2728,10,STA,WIFI_DROP,
9.2752,10,STA,WIFI_DROP,
9.2776,10,STA,WIFI_DROP,
9.28,10,STA,WIFI_DROP,
9.2824,10,STA,WIFI_DROP,
9.2848,10,STA,WIFI_DROP,
9.2872,10,STA,WIFI_DROP,
9.2896,10,STA,WIFI_DROP,
9.292,10,STA,WIFI_DROP,
9.2944,10,STA,WIFI_DROP,
9.2968,10,STA,WIFI_DROP,
9.2992,10,STA,WIFI_DROP,
9.3016,10,STA,WIFI_DROP,
9.304,10,STA,WIFI_DROP,
9.3064,10,STA,WIFI_DROP,
9.3088,10,STA,WIFI_DROP,
9.3112,10,STA,WIFI_DROP,
9.3136,10,STA,WIFI_DROP,
9.316,10,STA,WIFI_DROP,
9.3184,10,STA,WIFI_DROP,
9.3208,10,STA,WIFI_DROP,
9.3232,10,STA,WIFI_DROP,
9.3256,10,STA,WIFI_DROP,
9.328,10,STA,WIFI_DROP,
9.3304,10,STA,WIFI_DROP,
9.3328,10,STA,WIFI_DROP,
9.3352,10,STA,WIFI_DROP,
9.3376,10,STA,WIFI_DROP,
9.34,10,STA,WIFI_DROP,
9.3424,10,STA,WIFI_DROP,
9.3448,10,STA,WIFI_DROP,
9.3472,10,STA,WIFI_DROP,
9.3496,10,STA,WIFI_DROP,
9.352,10,STA,WIFI_DROP,
9.3544,10,STA,WIFI_DROP,
9.3568,10,STA,WIFI_DROP,
9.3592,10,STA,WIFI_DROP,
9.3616,10,STA,WIFI_DROP,
9.364,10,STA,WIFI_DROP,
9.3664,10,STA,WIFI_DROP,
9.3688,10,STA,WIFI_DROP,
9.3712,10,STA,WIFI_DROP,
9.3736,10,STA,WIFI_DROP,
9.376,10,STA,WIFI_DROP,
9.3784,10,STA,WIFI_DROP,
9.3808,10,STA,WIFI_DROP,
9.3832,10,STA,WIFI_DROP,
9.3856,10,STA,WIFI_DROP,
9.388,10,STA,WIFI_DROP,
9.3904,10,STA,WIFI_DROP,
9.3928,10,STA,WIFI_DROP,
9.3952,10,STA,WIFI_DROP,
9.3976,10,STA,WIFI_DROP,
9.4,10,STA,WIFI_DROP,
9.4024,10,STA,WIFI_DROP,
9.4048,10,STA,WIFI_DROP,
9.4072,10,STA,WIFI_DROP,
9.4096,10,STA,WIFI_DROP,
9.412,10,STA,WIFI_DROP,
9.4144,10,STA,WIFI_DROP,
9.4168,10,STA,WIFI_DROP,
9.4192,10,STA,WIFI_DROP,
9.4216,10,STA,WIFI_DROP,
9.424,10,STA,WIFI_DROP,
9.4264,10,STA,WIFI_DROP,
9.4288,10,STA,WIFI_DROP,
9.4312,10,STA,WIFI_DROP,
9.4336,10,STA,WIFI_DROP,
9.436,10,STA,WIFI_DROP,
9.4384,10,STA,WIFI_DROP,
9.4408,10,STA,WIFI_DROP,
9.4432,10,STA,WIFI_DROP,
9.4456,10,STA,WIFI_DROP,
9.448,10,STA,WIFI_DROP,
9.4504,10,STA,WIFI_DROP,
9.4528,10,STA,WIFI_DROP,
9.4552,10,STA,WIFI_DROP,
9.4576,10,STA,WIFI_DROP,
9.46,10,STA,WIFI_DROP,
9.4624,10,STA,WIFI_DROP,
9.4648,10,STA,WIFI_DROP,
9.4672,10,STA,WIFI_DROP,
9.4696,10,STA,WIFI_DROP,
9.472,10,STA,WIFI_DROP,
9.4744,10,STA,WIFI_DROP,
9.4768,10,STA,WIFI_DROP,
9.4792,10,STA,WIFI_DROP,
9.4816,10,STA,WIFI_DROP,
9.484,10,STA,WIFI_DROP,
9.4864,10,STA,WIFI_DROP,
9.4888,10,STA,WIFI_DROP,
9.4912,10,STA,WIFI_DROP,
9.4936,10,STA,WIFI_DROP,
9.496,10,STA,WIFI_DROP,
9.4984,10,STA,WIFI_DROP,
9.5008,10,STA,WIFI_DROP,
9.5032,10,STA,WIFI_DROP,
9.5056,10,STA,WIFI_DROP,
9.508,10,STA,WIFI_DROP,
9.5104,10,STA,WIFI_DROP,
9.5128,10,STA,WIFI_DROP,
9.5152,10,STA,WIFI_DROP,
9.5176,10,STA,WIFI_DROP,
9.52,10,STA,WIFI_DROP,
9.5224,10,STA,WIFI_DROP,
9.5248,10,STA,WIFI_DROP,
9.5272,10,STA,WIFI_DROP,
9.5296,10,STA,WIFI_DROP,
9.532,10,STA,WIFI_DROP,
9.5344,10,STA,WIFI_DROP,
9.5368,10,STA,WIFI_DROP,
9.5392,10,STA,WIFI_DROP,
9.5416,10,STA,WIFI_DROP,
9.544,10,STA,WIFI_DROP,
9.5464,10,STA,WIFI_DROP,
9.5488,10,STA,WIFI_DROP,
9.5512,10,STA,WIFI_DROP,
9.5536,10,STA,WIFI_DROP,
9.556,10,STA,WIFI_DROP,
9.5584,10,STA,WIFI_DROP,
9.5608,10,STA,WIFI_DROP,
9.5632,10,STA,WIFI_DROP,
9.5656,10,STA,WIFI_DROP,
9.568,10,STA,WIFI_DROP,
9.5704,10,STA,WIFI_DROP,
9.5728,10,STA,WIFI_DROP,
9.5752,10,STA,WIFI_DROP,
9.5776,10,STA,WIFI_DROP,
9.58,10,STA,WIFI_DROP,
9.5824,10,STA,WIFI_DROP,
9.5848,10,STA,WIFI_DROP,
9.5872,10,STA,WIFI_DROP,
9.5896,10,STA,WIFI_DROP,
9.592,10,STA,WIFI_DROP,
9.5944,10,STA,WIFI_DROP,
9.5968,10,STA,WIFI_DROP,
9.5992,10,STA,WIFI_DROP,
9.6016,10,STA,WIFI_DROP,
9.604,10,STA,WIFI_DROP,
9.6064,10,STA,WIFI_DROP,
9.6088,10,STA,WIFI_DROP,
9.6112,10,STA,WIFI_DROP,
9.6136,10,STA,WIFI_DROP,
9.616,10,STA,WIFI_DROP,
9.6184,10,STA,WIFI_DROP,
9.6208,10,STA,WIFI_DROP,
9.6232,10,STA,WIFI_DROP,
9.6256,10,STA,WIFI_DROP,
9.628,10,STA,WIFI_DROP,
9.6304,10,STA,WIFI_DROP,
9.6328,10,STA,WIFI_DROP,
9.6352,10,STA,WIFI_DROP,
9.6376,10,STA,WIFI_DROP,
9.64,10,STA,WIFI_DROP,
9.6424,10,STA,WIFI_DROP,
9.6448,10,STA,WIFI_DROP,
9.6472,10,STA,WIFI_DROP,
9.6496,10,STA,WIFI_DROP,
9.652,10,STA,WIFI_DROP,
9.6544,10,STA,WIFI_DROP,
9.6568,10,STA,WIFI_DROP,
9.6592,10,STA,WIFI_DROP,
9.6616,10,STA,WIFI_DROP,
9.664,10,STA,WIFI_DROP,
9.6664,10,STA,WIFI_DROP,
9.6688,10,STA,WIFI_DROP,
9.6712,10,STA,WIFI_DROP,
9.6736,10,STA,WIFI_DROP,
9.676,10,STA,WIFI_DROP,
9.6784,10,STA,WIFI_DROP,
9.6808,10,STA,WIFI_DROP,
9.6832,10,STA,WIFI_DROP,
9.6856,10,STA,WIFI_DROP,
9.688,10,STA,WIFI_DROP,
9.6904,10,STA,WIFI_DROP,
9.6928,10,STA,WIFI_DROP,
9.6952,10,STA,WIFI_DROP,
9.6976,10,STA,WIFI_DROP,
9.7,10,STA,WIFI_DROP,
9.7024,10,STA,WIFI_DROP,
9.7048,10,STA,WIFI_DROP,
9.7072,10,STA,WIFI_DROP,
9.7096,10,STA,WIFI_DROP,
9.712,10,STA,WIFI_DROP,
9.7144,10,STA,WIFI_DROP,
9.7168,10,STA,WIFI_DROP,
9.7192,10,STA,WIFI_DROP,
9.7216,10,STA,WIFI_DROP,
9.724,10,STA,WIFI_DROP,
9.7264,10,STA,WIFI_DROP,
9.7288,10,STA,WIFI_DROP,
9.7312,10,STA,WIFI_DROP,
9.7336,10,STA,WIFI_DROP,
9.736,10,STA,WIFI_DROP,
9.7384,10,STA,WIFI_DROP,
9.7408,10,STA,WIFI_DROP,
9.7432,10,STA,WIFI_DROP,
9.7456,10,STA,WIFI_DROP,
9.748,10,STA,WIFI_DROP,
9.7504,10,STA,WIFI_DROP,
9.7528,10,STA,WIFI_DROP,
9.7552,10,STA,WIFI_DROP,
9.7576,10,STA,WIFI_DROP,
9.76,10,STA,WIFI_DROP,
9.7624,10,STA,WIFI_DROP,
9.7648,10,STA,WIFI_DROP,
9.7672,10,STA,WIFI_DROP,
9.7696,10,STA,WIFI_DROP,
9.772,10,STA,WIFI_DROP,
9.7744,10,STA,WIFI_DROP,
9.7768,10,STA,WIFI_DROP,
9.7792,10,STA,WIFI_DROP,
9.7816,10,STA,WIFI_DROP,
9.784,10,STA,WIFI_DROP,
9.7864,10,STA,WIFI_DROP,
9.7888,10,STA,WIFI_DROP,
9.7912,10,STA,WIFI_DROP,
9.7936,10,STA,WIFI_DROP,
9.796,10,STA,WIFI_DROP,
9.7984,10,STA,WIFI_DROP,
9.8008,10,STA,WIFI_DROP,
9.8032,10,STA,WIFI_DROP,
9.8056,10,STA,WIFI_DROP,
9.808,10,STA,WIFI_DROP,
9.8104,10,STA,WIFI_DROP,
9.8128,10,STA,WIFI_DROP,
9.8152,10,STA,WIFI_DROP,
9.8176,10,STA,WIFI_DROP,
9.82,10,STA,WIFI_DROP,
9.8224,10,STA,WIFI_DROP,
9.8248,10,STA,WIFI_DROP,
9.8272,10,STA,WIFI_DROP,
9.8296,10,STA,WIFI_DROP,
9.832,10,STA,WIFI_DROP,
9.8344,10,STA,WIFI_DROP,
9.8368,10,STA,WIFI_DROP,
9.8392,10,STA,WIFI_DROP,
9.8416,10,STA,WIFI_DROP,
9.844,10,STA,WIFI_DROP,
9.8464,10,STA,WIFI_DROP,
9.8488,10,STA,WIFI_DROP,
9.8512,10,STA,WIFI_DROP,
9.8536,10,STA,WIFI_DROP,
9.856,10,STA,WIFI_DROP,
9.8584,10,STA,WIFI_DROP,
9.8608,10,STA,WIFI_DROP,
9.8632,10,STA,WIFI_DROP,
9.8656,10,STA,WIFI_DROP,
9.868,10,STA,WIFI_DROP,
9.8704,10,STA,WIFI_DROP,
9.8728,10,STA,WIFI_DROP,
9.8752,10,STA,WIFI_DROP,
9.8776,10,STA,WIFI_DROP,
9.88,10,STA,WIFI_DROP,
9.8824,10,STA,WIFI_DROP,
9.8848,10,STA,WIFI_DROP,
9.8872,10,STA,WIFI_DROP,
9.8896,10,STA,WIFI_DROP,
9.892,10,STA,WIFI_DROP,
9.8944,10,STA,WIFI_DROP,
9.8968,10,STA,WIFI_DROP,
9.8992,10,STA,WIFI_DROP,
9.9016,10,STA,WIFI_DROP,
9.904,10,STA,WIFI_DROP,
9.9064,10,STA,WIFI_DROP,
9.9088,10,STA,WIFI_DROP,
9.9112,10,STA,WIFI_DROP,
9.9136,10,STA,WIFI_DROP,
9.916,10,STA,WIFI_DROP,
9.9184,10,STA,WIFI_DROP,
9.9424,10,STA,WIFI_DROP,
9.9448,10,STA,WIFI_DROP,
9.9472,10,STA,WIFI_DROP,
9.9496,10,STA,WIFI_DROP,
9.952,10,STA,WIFI_DROP,
9.9544,10,STA,WIFI_DROP,
9.9568,10,STA,WIFI_DROP,
9.9592,10,STA,WIFI_DROP,
9.9616,10,STA,WIFI_DROP,
9.964,10,STA,WIFI_DROP,
9.9664,10,STA,WIFI_DROP,
9.9688,10,STA,WIFI_DROP,
9.9712,10,STA,WIFI_DROP,
9.9736,10,STA,WIFI_DROP,
9.976,10,STA,WIFI_DROP,
9.9784,10,STA,WIFI_DROP,
9.9808,10,STA,WIFI_DROP,
9.9832,10,STA,WIFI_DROP,
9.9856,10,STA,WIFI_DROP,
9.988,10,STA,WIFI_DROP,
9.9904,10,STA,WIFI_DROP,
9.9928,10,STA,WIFI_DROP,
9.9952,10,STA,WIFI_DROP,
9.9976,10,STA,WIFI_DROP,
10,2,STA,THROUGHPUT_MBPS,0.684000
10,3,STA,THROUGHPUT_MBPS,2.808000
10,5,STA,THROUGHPUT_MBPS,2.124000
10,6,STA,THROUGHPUT_MBPS,2.712000
10,7,STA,THROUGHPUT_MBPS,2.592000
10,8,STA,THROUGHPUT_MBPS,1.716000
10,9,STA,THROUGHPUT_MBPS,2.640000
10,10,STA,THROUGHPUT_MBPS,0.240000
10,12,STA,THROUGHPUT_MBPS,4.380000
10,13,STA,THROUGHPUT_MBPS,2.136000
10,14,STA,THROUGHPUT_MBPS,3.492000
10,16,STA,THROUGHPUT_MBPS,3.792000
10,17,STA,THROUGHPUT_MBPS,1.728000
10,18,STA,THROUGHPUT_MBPS,1.692000
10,19,STA,THROUGHPUT_MBPS,3.516000
10,21,STA,THROUGHPUT_MBPS,2.952000
10,1,AP,AGGREGATE_THROUGHPUT_MBPS,39.204000
10,1,AP,SENT_COUNT,8320.000000
10,1,AP,RECV_COUNT,3267.000000
10,1,AP,LATENCY_P95_MS,545.357777
10,10,STA,WIFI_DROP,
10.0024,10,STA,WIFI_DROP,
10.0048,10,STA,WIFI_DROP,
10.0072,10,STA,WIFI_DROP,
10.0096,10,STA,WIFI_DROP,
10.012,10,STA,WIFI_DROP,
10.0144,10,STA,WIFI_DROP,
10.0168,10,STA,WIFI_DROP,
10.0192,10,STA,WIFI_DROP,
10.0216,10,STA,WIFI_DROP,
10.024,10,STA,WIFI_DROP,
10.0264,10,STA,WIFI_DROP,
10.0288,10,STA,WIFI_DROP,
10.0312,10,STA,WIFI_DROP,
10.0336,10,STA,WIFI_DROP,
10.036,10,STA,WIFI_DROP,
10.0384,10,STA,WIFI_DROP,
10.0408,10,STA,WIFI_DROP,
10.0432,10,STA,WIFI_DROP,
10.0456,10,STA,WIFI_DROP,
10.048,10,STA,WIFI_DROP,
10.0504,10,STA,WIFI_DROP,
10.0528,10,STA,WIFI_DROP,
10.0552,10,STA,WIFI_DROP,
10.0576,10,STA,WIFI_DROP,
10.06,10,STA,WIFI_DROP,
10.0624,10,STA,WIFI_DROP,
10.0648,10,STA,WIFI_DROP,
10.0672,10,STA,WIFI_DROP,
10.0696,10,STA,WIFI_DROP,
10.072,10,STA,WIFI_DROP,
10.0744,10,STA,WIFI_DROP,
10.0768,10,STA,WIFI_DROP,
10.0792,10,STA,WIFI_DROP,
10.0816,10,STA,WIFI_DROP,
10.084,10,STA,WIFI_DROP,
10.0864,10,STA,WIFI_DROP,
10.0888,10,STA,WIFI_DROP,
10.0912,10,STA,WIFI_DROP,
10.0936,10,STA,WIFI_DROP,
10.096,10,STA,WIFI_DROP,
10.0984,10,STA,WIFI_DROP,
10.1008,10,STA,WIFI_DROP,
10.1032,10,STA,WIFI_DROP,
10.1056,10,STA,WIFI_DROP,
10.108,10,STA,WIFI_DROP,
10.1104,10,STA,WIFI_DROP,
10.1128,10,STA,WIFI_DROP,
10.1152,10,STA,WIFI_DROP,
10.1176,10,STA,WIFI_DROP,
10.12,10,STA,WIFI_DROP,
10.1224,10,STA,WIFI_DROP,
10.1248,10,STA,WIFI_DROP,
10.1272,10,STA,WIFI_DROP,
10.1296,10,STA,WIFI_DROP,
10.132,10,STA,WIFI_DROP,
10.1344,10,STA,WIFI_DROP,
10.1368,10,STA,WIFI_DROP,
10.1392,10,STA,WIFI_DROP,
10.1416,10,STA,WIFI_DROP,
10.144,10,STA,WIFI_DROP,
10.1464,10,STA,WIFI_DROP,
10.1488,10,STA,WIFI_DROP,
10.1512,10,STA,WIFI_DROP,
10.1536,10,STA,WIFI_DROP,
10.156,10,STA,WIFI_DROP,
10.1584,10,STA,WIFI_DROP,
10.1608,10,STA,WIFI_DROP,
10.1632,10,STA,WIFI_DROP,
10.1656,10,STA,WIFI_DROP,
10.168,10,STA,WIFI_DROP,
10.1704,10,STA,WIFI_DROP,
10.1728,10,STA,WIFI_DROP,
10.1752,10,STA,WIFI_DROP,
10.1776,10,STA,WIFI_DROP,
10.18,10,STA,WIFI_DROP,
10.1824,10,STA,WIFI_DROP,
10.1848,10,STA,WIFI_DROP,
10.1872,10,STA,WIFI_DROP,
10.1896,10,STA,WIFI_DROP,
10.192,10,STA,WIFI_DROP,
10.1944,10,STA,WIFI_DROP,
10.1968,10,STA,WIFI_DROP,
10.1992,10,STA,WIFI_DROP,
10.2016,10,STA,WIFI_DROP,
10.204,10,STA,WIFI_DROP,
10.2064,10,STA,WIFI_DROP,
10.2088,10,STA,WIFI_DROP,
10.2112,10,STA,WIFI_DROP,
10.2136,10,STA,WIFI_DROP,
10.216,10,STA,WIFI_DROP,
10.2184,10,STA,WIFI_DROP,
10.2208,10,STA,WIFI_DROP,
10.2232,10,STA,WIFI_DROP,
10.2256,10,STA,WIFI_DROP,
10.228,10,STA,WIFI_DROP,
10.2304,10,STA,WIFI_DROP,
10.2328,10,STA,WIFI_DROP,
10.2352,10,STA,WIFI_DROP,
10.2376,10,STA,WIFI_DROP,
10.24,10,STA,WIFI_DROP,
10.2424,10,STA,WIFI_DROP,
10.2448,10,STA,WIFI_DROP,
10.2472,10,STA,WIFI_DROP,
10.2496,10,STA,WIFI_DROP,
10.252,10,STA,WIFI_DROP,
10.2544,10,STA,WIFI_DROP,
10.2568,10,STA,WIFI_DROP,
10.2592,10,STA,WIFI_DROP,
10.2616,10,STA,WIFI_DROP,
10.264,10,STA,WIFI_DROP,
10.2664,10,STA,WIFI_DROP,
10.2688,10,STA,WIFI_DROP,
10.2712,10,STA,WIFI_DROP,
10.2736,10,STA,WIFI_DROP,
10.276,10,STA,WIFI_DROP,
10.2784,10,STA,WIFI_DROP,
10.2808,10,STA,WIFI_DROP,
10.2832,10,STA,WIFI_DROP,
10.2856,10,STA,WIFI_DROP,
10.288,10,STA,WIFI_DROP,
10.2904,10,STA,WIFI_DROP,
10.2928,10,STA,WIFI_DROP,
10.2952,10,STA,WIFI_DROP,
10.2976,10,STA,WIFI_DROP,
10.3,10,STA,WIFI_DROP,
10.3024,10,STA,WIFI_DROP,
10.3048,10,STA,WIFI_DROP,
10.3072,10,STA,WIFI_DROP,
10.3096,10,STA,WIFI_DROP,
10.312,10,STA,WIFI_DROP,
10.3144,10,STA,WIFI_DROP,
10.3168,10,STA,WIFI_DROP,
10.3192,10,STA,WIFI_DROP,
10.3216,10,STA,WIFI_DROP,
10.324,10,STA,WIFI_DROP,
10.3264,10,STA,WIFI_DROP,
10.3288,10,STA,WIFI_DROP,
10.3312,10,STA,WIFI_DROP,
10.3336,10,STA,WIFI_DROP,
10.336,10,STA,WIFI_DROP,
10.3384,10,STA,WIFI_DROP,
10.3408,10,STA,WIFI_DROP,
10.3432,10,STA,WIFI_DROP,
10.3456,10,STA,WIFI_DROP,
10.348,10,STA,WIFI_DROP,
10.3504,10,STA,WIFI_DROP,
10.3528,10,STA,WIFI_DROP,
10.3552,10,STA,WIFI_DROP,
10.3576,10,STA,WIFI_DROP,
10.36,10,STA,WIFI_DROP,
10.3624,10,STA,WIFI_DROP,
10.3648,10,STA,WIFI_DROP,
10.3672,10,STA,WIFI_DROP,
10.3696,10,STA,WIFI_DROP,
10.372,10,STA,WIFI_DROP,
10.3744,10,STA,WIFI_DROP,
10.3768,10,STA,WIFI_DROP,
10.3792,10,STA,WIFI_DROP,
10.3816,10,STA,WIFI_DROP,
10.384,10,STA,WIFI_DROP,
10.3864,10,STA,WIFI_DROP,
10.3888,10,STA,WIFI_DROP,
10.3912,10,STA,WIFI_DROP,
10.3936,10,STA,WIFI_DROP,
10.396,10,STA,WIFI_DROP,
10.3984,10,STA,WIFI_DROP,
10.4008,10,STA,WIFI_DROP,
10.4032,10,STA,WIFI_DROP,
10.4056,10,STA,WIFI_DROP,
10.408,10,STA,WIFI_DROP,
10.4104,10,STA,WIFI_DROP,
10.4128,10,STA,WIFI_DROP,
10.4152,10,STA,WIFI_DROP,
10.4176,10,STA,WIFI_DROP,
10.42,10,STA,WIFI_DROP,
10.4224,10,STA,WIFI_DROP,
10.4248,10,STA,WIFI_DROP,
10.4272,10,STA,WIFI_DROP,
10.4296,10,STA,WIFI_DROP,
10.432,10,STA,WIFI_DROP,
10.4344,10,STA,WIFI_DROP,
10.4368,10,STA,WIFI_DROP,
10.4392,10,STA,WIFI_DROP,
10.4416,10,STA,WIFI_DROP,
10.444,10,STA,WIFI_DROP,
10.4464,10,STA,WIFI_DROP,
10.4488,10,STA,WIFI_DROP,
10.4512,10,STA,WIFI_DROP,
10.4536,10,STA,WIFI_DROP,
10.456,10,STA,WIFI_DROP,
10.4584,10,STA,WIFI_DROP,
10.4608,10,STA,WIFI_DROP,
10.4632,10,STA,WIFI_DROP,
10.4656,10,STA,WIFI_DROP,
10.468,10,STA,WIFI_DROP,
10.4704,10,STA,WIFI_DROP,
10.4728,10,STA,WIFI_DROP,
10.4752,10,STA,WIFI_DROP,
10.4776,10,STA,WIFI_DROP,
10.48,10,STA,WIFI_DROP,
10.4824,10,STA,WIFI_DROP,
10.4848,10,STA,WIFI_DROP,
10.4872,10,STA,WIFI_DROP,
10.4896,10,STA,WIFI_DROP,
10.492,10,STA,WIFI_DROP,
10.4944,10,STA,WIFI_DROP,
10.4968,10,STA,WIFI_DROP,
10.4992,10,STA,WIFI_DROP,
10.5016,10,STA,WIFI_DROP,
10.504,10,STA,WIFI_DROP,
10.5064,10,STA,WIFI_DROP,
10.5088,10,STA,WIFI_DROP,
10.5112,10,STA,WIFI_DROP,
10.5136,10,STA,WIFI_DROP,
10.516,10,STA,WIFI_DROP,
10.5184,10,STA,WIFI_DROP,
10.5208,10,STA,WIFI_DROP,
10.5232,10,STA,WIFI_DROP,
10.5256,10,STA,WIFI_DROP,
10.528,10,STA,WIFI_DROP,
10.5304,10,STA,WIFI_DROP,
10.5328,10,STA,WIFI_DROP,
10.5352,10,STA,WIFI_DROP,
10.5376,10,STA,WIFI_DROP,
10.54,10,STA,WIFI_DROP,
10.5424,10,STA,WIFI_DROP,
10.5448,10,STA,WIFI_DROP,
10.5472,10,STA,WIFI_DROP,
10.5496,10,STA,WIFI_DROP,
10.552,10,STA,WIFI_DROP,
10.5544,10,STA,WIFI_DROP,
10.5568,10,STA,WIFI_DROP,
10.5592,10,STA,WIFI_DROP,
10.5616,10,STA,WIFI_DROP,
10.564,10,STA,WIFI_DROP,
10.5664,10,STA,WIFI_DROP,
10.5688,10,STA,WIFI_DROP,
10.5712,10,STA,WIFI_DROP,
10.5736,10,STA,WIFI_DROP,
10.576,10,STA,WIFI_DROP,
10.5784,10,STA,WIFI_DROP,
10.5808,10,STA,WIFI_DROP,
10.5832,10,STA,WIFI_DROP,
10.5856,10,STA,WIFI_DROP,
10.588,10,STA,WIFI_DROP,
10.5904,10,STA,WIFI_DROP,
10.5928,10,STA,WIFI_DROP,
10.5952,10,STA,WIFI_DROP,
10.5976,10,STA,WIFI_DROP,
10.6,10,STA,WIFI_DROP,
10.6024,10,STA,WIFI_DROP,
10.6048,10,STA,WIFI_DROP,
10.6072,10,STA,WIFI_DROP,
10.6096,10,STA,WIFI_DROP,
10.612,10,STA,WIFI_DROP,
10.6144,10,STA,WIFI_DROP,
10.6168,10,STA,WIFI_DROP,
10.6192,10,STA,WIFI_DROP,
10.6216,10,STA,WIFI_DROP,
10.624,10,STA,WIFI_DROP,
10.6264,10,STA,WIFI_DROP,
10.6288,10,STA,WIFI_DROP,
10.6312,10,STA,WIFI_DROP,
10.6336,10,STA,WIFI_DROP,
10.636,10,STA,WIFI_DROP,
10.6384,10,STA,WIFI_DROP,
10.6408,10,STA,WIFI_DROP,
10.6432,10,STA,WIFI_DROP,
10.6456,10,STA,WIFI_DROP,
10.648,10,STA,WIFI_DROP,
10.6504,10,STA,WIFI_DROP,
10.6528,10,STA,WIFI_DROP,
10.6552,10,STA,WIFI_DROP,
10.6576,10,STA,WIFI_DROP,
10.66,10,STA,WIFI_DROP,
10.6624,10,STA,WIFI_DROP,
10.6648,10,STA,WIFI_DROP,
10.6672,10,STA,WIFI_DROP,
10.6696,10,STA,WIFI_DROP,
10.672,10,STA,WIFI_DROP,
10.6744,10,STA,WIFI_DROP,
10.6768,10,STA,WIFI_DROP,
10.6792,10,STA,WIFI_DROP,
10.6816,10,STA,WIFI_DROP,
10.684,10,STA,WIFI_DROP,
10.6864,10,STA,WIFI_DROP,
10.6888,10,STA,WIFI_DROP,
10.6912,10,STA,WIFI_DROP,
10.6936,10,STA,WIFI_DROP,
10.696,10,STA,WIFI_DROP,
11,2,STA,THROUGHPUT_MBPS,0.804000
11,3,STA,THROUGHPUT_MBPS,3.180000
11,5,STA,THROUGHPUT_MBPS,1.980000
11,6,STA,THROUGHPUT_MBPS,1.356000
11,7,STA,THROUGHPUT_MBPS,1.908000
11,8,STA,THROUGHPUT_MBPS,2.112000
11,9,STA,THROUGHPUT_MBPS,3.492000
11,10,STA,THROUGHPUT_MBPS,0.948000
11,12,STA,THROUGHPUT_MBPS,1.380000
11,13,STA,THROUGHPUT_MBPS,0.900000
11,14,STA,THROUGHPUT_MBPS,2.580000
11,16,STA,THROUGHPUT_MBPS,4.992000
11,17,STA,THROUGHPUT_MBPS,1.176000
11,18,STA,THROUGHPUT_MBPS,2.400000
11,19,STA,THROUGHPUT_MBPS,4.680000
11,21,STA,THROUGHPUT_MBPS,2.472000
11,1,AP,AGGREGATE_THROUGHPUT_MBPS,36.360000
11,1,AP,SENT_COUNT,8340.000000
11,1,AP,RECV_COUNT,3030.000000
11,1,AP,LATENCY_P95_MS,530.647243
12,2,STA,THROUGHPUT_MBPS,2.244000
12,3,STA,THROUGHPUT_MBPS,6.252000
12,5,STA,THROUGHPUT_MBPS,3.936000
12,6,STA,THROUGHPUT_MBPS,3.312000
12,7,STA,THROUGHPUT_MBPS,3.288000
12,8,STA,THROUGHPUT_MBPS,1.140000
12,9,STA,THROUGHPUT_MBPS,2.904000
12,10,STA,THROUGHPUT_MBPS,2.052000
12,12,STA,THROUGHPUT_MBPS,2.952000
12,13,STA,THROUGHPUT_MBPS,2.268000
12,14,STA,THROUGHPUT_MBPS,1.068000
12,16,STA,THROUGHPUT_MBPS,1.896000
12,17,STA,THROUGHPUT_MBPS,2.376000
12,18,STA,THROUGHPUT_MBPS,1.092000
12,19,STA,THROUGHPUT_MBPS,2.016000
12,21,STA,THROUGHPUT_MBPS,1.008000
12,1,AP,AGGREGATE_THROUGHPUT_MBPS,39.804000
12,1,AP,SENT_COUNT,8340.000000
12,1,AP,RECV_COUNT,3317.000000
12,1,AP,LATENCY_P95_MS,534.753178
12.4,17,STA,WIFI_DROP,
12.4024,17,STA,WIFI_DROP,
12.4048,17,STA,WIFI_DROP,
12.4072,17,STA,WIFI_DROP,
12.4096,17,STA,WIFI_DROP,
12.412,17,STA,WIFI_DROP,
12.4144,17,STA,WIFI_DROP,
12.4168,17,STA,WIFI_DROP,
12.4192,17,STA,WIFI_DROP,
12.4216,17,STA,WIFI_DROP,
12.424,17,STA,WIFI_DROP,
12.4264,17,STA,WIFI_DROP,
12.4288,17,STA,WIFI_DROP,
12.4312,17,STA,WIFI_DROP,
12.4336,17,STA,WIFI_DROP,
12.436,17,STA,WIFI_DROP,
12.4384,17,STA,WIFI_DROP,
12.4408,17,STA,WIFI_DROP,
12.4432,17,STA,WIFI_DROP,
12.4456,17,STA,WIFI_DROP,
12.448,17,STA,WIFI_DROP,
12.4504,17,STA,WIFI_DROP,
12.4528,17,STA,WIFI_DROP,
12.4552,17,STA,WIFI_DROP,
12.4576,17,STA,WIFI_DROP,
12.9112,10,STA,WIFI_DROP,
12.9136,10,STA,WIFI_DROP,
12.916,10,STA,WIFI_DROP,
12.9184,10,STA,WIFI_DROP,
12.9208,10,STA,WIFI_DROP,
12.9232,10,STA,WIFI_DROP,
12.9256,10,STA,WIFI_DROP,
12.928,10,STA,WIFI_DROP,
12.9304,10,STA,WIFI_DROP,
12.9328,10,STA,WIFI_DROP,
12.9352,10,STA,WIFI_DROP,
12.9376,10,STA,WIFI_DROP,
12.94,10,STA,WIFI_DROP,
12.9424,10,STA,WIFI_DROP,
12.9448,10,STA,WIFI_DROP,
12.9472,10,STA,WIFI_DROP,
12.9496,10,STA,WIFI_DROP,
12.952,10,STA,WIFI_DROP,
12.9544,10,STA,WIFI_DROP,
12.9568,10,STA,WIFI_DROP,
12.9592,10,STA,WIFI_DROP,
12.9616,10,STA,WIFI_DROP,
13,2,STA,THROUGHPUT_MBPS,2.556000
13,3,STA,THROUGHPUT_MBPS,3.720000
13,5,STA,THROUGHPUT_MBPS,2.832000
13,6,STA,THROUGHPUT_MBPS,3.696000
13,7,STA,THROUGHPUT_MBPS,1.044000
13,8,STA,THROUGHPUT_MBPS,3.864000
13,9,STA,THROUGHPUT_MBPS,1.800000
13,10,STA,THROUGHPUT_MBPS,0.216000
13,12,STA,THROUGHPUT_MBPS,1.932000
13,13,STA,THROUGHPUT_MBPS,1.980000
13,14,STA,THROUGHPUT_MBPS,1.680000
13,16,STA,THROUGHPUT_MBPS,3.804000
13,17,STA,THROUGHPUT_MBPS,6.024000
13,18,STA,THROUGHPUT_MBPS,3.360000
13,19,STA,THROUGHPUT_MBPS,1.536000
13,21,STA,THROUGHPUT_MBPS,0.696000
13,1,AP,AGGREGATE_THROUGHPUT_MBPS,40.740000
13,1,AP,SENT_COUNT,8320.000000
13,1,AP,RECV_COUNT,3395.000000
13,1,AP,LATENCY_P95_MS,540.600681
13.528,12,STA,WIFI_DROP,
13.528,13,STA,WIFI_DROP,
13.5304,12,STA,WIFI_DROP,
13.5304,13,STA,WIFI_DROP,
13.5328,12,STA,WIFI_DROP,
13.5328,13,STA,WIFI_DROP,
13.5352,12,STA,WIFI_DROP,
13.5352,13,STA,WIFI_DROP,
13.5376,12,STA,WIFI_DROP,
13.5376,13,STA,WIFI_DROP,
13.54,12,STA,WIFI_DROP,
13.54,13,STA,WIFI_DROP,
13.5424,12,STA,WIFI_DROP,
13.5424,13,STA,WIFI_DROP,
13.5448,12,STA,WIFI_DROP,
13.5448,13,STA,WIFI_DROP,
13.5472,12,STA,WIFI_DROP,
13.5472,13,STA,WIFI_DROP,
13.5496,12,STA,WIFI_DROP,
13.5496,13,STA,WIFI_DROP,
13.552,12,STA,WIFI_DROP,
13.552,13,STA,WIFI_DROP,
13.5544,12,STA,WIFI_DROP,
13.5544,13,STA,WIFI_DROP,
13.5568,12,STA,WIFI_DROP,
13.5568,13,STA,WIFI_DROP,
13.5592,12,STA,WIFI_DROP,
13.5592,13,STA,WIFI_DROP,
13.5616,12,STA,WIFI_DROP,
13.5616,13,STA,WIFI_DROP,
13.564,12,STA,WIFI_DROP,
13.564,13,STA,WIFI_DROP,
13.5664,12,STA,WIFI_DROP,
13.5664,13,STA,WIFI_DROP,
13.5688,12,STA,WIFI_DROP,
13.5688,13,STA,WIFI_DROP,
13.5712,12,STA,WIFI_DROP,
13.5712,13,STA,WIFI_DROP,
13.5736,12,STA,WIFI_DROP,
13.5736,13,STA,WIFI_DROP,
13.576,12,STA,WIFI_DROP,
13.576,13,STA,WIFI_DROP,
13.5784,12,STA,WIFI_DROP,
13.5784,13,STA,WIFI_DROP,
13.5808,12,STA,WIFI_DROP,
13.5808,13,STA,WIFI_DROP,
13.5832,12,STA,WIFI_DROP,
13.5832,13,STA,WIFI_DROP,
13.5856,12,STA,WIFI_DROP,
13.5856,13,STA,WIFI_DROP,
13.588,12,STA,WIFI_DROP,
13.588,13,STA,WIFI_DROP,
13.5904,12,STA,WIFI_DROP,
13.5904,13,STA,WIFI_DROP,
13.5928,12,STA,WIFI_DROP,
13.5928,13,STA,WIFI_DROP,
13.5952,12,STA,WIFI_DROP,
13.5952,13,STA,WIFI_DROP,
13.5976,12,STA,WIFI_DROP,
13.5976,13,STA,WIFI_DROP,
13.6,12,STA,WIFI_DROP,
13.6,13,STA,WIFI_DROP,
13.6024,12,STA,WIFI_DROP,
13.6024,13,STA,WIFI_DROP,
13.6048,12,STA,WIFI_DROP,
13.6048,13,STA,WIFI_DROP,
13.6072,12,STA,WIFI_DROP,
13.6072,13,STA,WIFI_DROP,
13.6096,12,STA,WIFI_DROP,
13.6096,13,STA,WIFI_DROP,
13.612,12,STA,WIFI_DROP,
13.612,13,STA,WIFI_DROP,
13.6144,12,STA,WIFI_DROP,
13.6144,13,STA,WIFI_DROP,
13.6168,12,STA,WIFI_DROP,
13.6168,13,STA,WIFI_DROP,
13.6192,12,STA,WIFI_DROP,
13.6192,13,STA,WIFI_DROP,
13.6216,12,STA,WIFI_DROP,
13.6216,13,STA,WIFI_DROP,
13.624,12,STA,WIFI_DROP,
13.624,13,STA,WIFI_DROP,
13.6264,12,STA,WIFI_DROP,
13.6264,13,STA,WIFI_DROP,
13.6288,12,STA,WIFI_DROP,
13.6312,12,STA,WIFI_DROP,
14,2,STA,THROUGHPUT_MBPS,1.716000
14,3,STA,THROUGHPUT_MBPS,3.648000
14,5,STA,THROUGHPUT_MBPS,3.036000
14,6,STA,THROUGHPUT_MBPS,1.212000
14,7,STA,THROUGHPUT_MBPS,2.952000
14,8,STA,THROUGHPUT_MBPS,0.696000
14,9,STA,THROUGHPUT_MBPS,1.356000
14,10,STA,THROUGHPUT_MBPS,1.128000
14,12,STA,THROUGHPUT_MBPS,1.140000
14,13,STA,THROUGHPUT_MBPS,1.980000
14,14,STA,THROUGHPUT_MBPS,2.892000
14,16,STA,THROUGHPUT_MBPS,1.584000
14,17,STA,THROUGHPUT_MBPS,3.444000
14,18,STA,THROUGHPUT_MBPS,4.860000
14,19,STA,THROUGHPUT_MBPS,1.092000
14,21,STA,THROUGHPUT_MBPS,3.768000
14,1,AP,AGGREGATE_THROUGHPUT_MBPS,36.504000
14,1,AP,SENT_COUNT,8340.000000
14,1,AP,RECV_COUNT,3042.000000
14,1,AP,LATENCY_P95_MS,556.168727
15,2,STA,THROUGHPUT_MBPS,6.240000
15,3,STA,THROUGHPUT_MBPS,5.028000
15,5,STA,THROUGHPUT_MBPS,1.500000
15,6,STA,THROUGHPUT_MBPS,2.388000
15,7,STA,THROUGHPUT_MBPS,4.368000
15,8,STA,THROUGHPUT_MBPS,2.616000
15,9,STA,THROUGHPUT_MBPS,2.220000
15,10,STA,THROUGHPUT_MBPS,2.268000
15,12,STA,THROUGHPUT_MBPS,0.996000
15,13,STA,THROUGHPUT_MBPS,1.260000
15,14,STA,THROUGHPUT_MBPS,2.676000
15,16,STA,THROUGHPUT_MBPS,1.956000
15,17,STA,THROUGHPUT_MBPS,3.216000
15,18,STA,THROUGHPUT_MBPS,3.624000
15,19,STA,THROUGHPUT_MBPS,2.400000
15,21,STA,THROUGHPUT_MBPS,2.724000
15,1,AP,AGGREGATE_THROUGHPUT_MBPS,45.480000
15,1,AP,SENT_COUNT,8340.000000
15,1,AP,RECV_COUNT,3790.000000
15,1,AP,LATENCY_P95_MS,548.116532
15.0616,2,STA,WIFI_DROP,
15.064,2,STA,WIFI_DROP,
15.064,5,STA,WIFI_DROP,
15.0664,2,STA,WIFI_DROP,
15.0664,5,STA,WIFI_DROP,
15.0688,2,STA,WIFI_DROP,
15.0688,5,STA,WIFI_DROP,
15.0712,2,STA,WIFI_DROP,
15.0712,5,STA,WIFI_DROP,
15.0736,2,STA,WIFI_DROP,
15.0736,5,STA,WIFI_DROP,
15.076,2,STA,WIFI_DROP,
15.076,5,STA,WIFI_DROP,
15.0784,2,STA,WIFI_DROP,
15.0784,5,STA,WIFI_DROP,
15.0808,2,STA,WIFI_DROP,
15.0808,5,STA,WIFI_DROP,
15.0832,2,STA,WIFI_DROP,
15.0832,5,STA,WIFI_DROP,
15.0856,2,STA,WIFI_DROP,
15.0856,5,STA,WIFI_DROP,
15.088,2,STA,WIFI_DROP,
15.088,5,STA,WIFI_DROP,
15.0904,2,STA,WIFI_DROP,
15.0904,5,STA,WIFI_DROP,
15.0928,2,STA,WIFI_DROP,
15.0928,5,STA,WIFI_DROP,
15.0952,2,STA,WIFI_DROP,
15.0952,5,STA,WIFI_DROP,
15.0976,2,STA,WIFI_DROP,
15.0976,5,STA,WIFI_DROP,
15.1,2,STA,WIFI_DROP,
15.1,5,STA,WIFI_DROP,
15.1024,2,STA,WIFI_DROP,
15.1024,5,STA,WIFI_DROP,
15.1048,2,STA,WIFI_DROP,
15.1048,5,STA,WIFI_DROP,
15.1072,2,STA,WIFI_DROP,
15.1072,5,STA,WIFI_DROP,
15.1096,2,STA,WIFI_DROP,
15.1096,5,STA,WIFI_DROP,
15.112,2,STA,WIFI_DROP,
15.112,5,STA,WIFI_DROP,
15.1144,2,STA,WIFI_DROP,
15.1144,5,STA,WIFI_DROP,
15.1168,2,STA,WIFI_DROP,
15.1168,5,STA,WIFI_DROP,
15.1192,2,STA,WIFI_DROP,
15.1192,5,STA,WIFI_DROP,
15.1216,2,STA,WIFI_DROP,
15.1216,5,STA,WIFI_DROP,
15.124,2,STA,WIFI_DROP,
15.124,5,STA,WIFI_DROP,
15.1264,2,STA,WIFI_DROP,
15.1264,5,STA,WIFI_DROP,
15.1288,2,STA,WIFI_DROP,
15.1288,5,STA,WIFI_DROP,
15.1312,2,STA,WIFI_DROP,
15.1312,5,STA,WIFI_DROP,
15.1336,2,STA,WIFI_DROP,
15.1336,5,STA,WIFI_DROP,
15.136,2,STA,WIFI_DROP,
15.136,5,STA,WIFI_DROP,
15.1384,2,STA,WIFI_DROP,
15.1384,5,STA,WIFI_DROP,
15.1408,2,STA,WIFI_DROP,
15.1408,5,STA,WIFI_DROP,
15.1432,2,STA,WIFI_DROP,
15.1432,5,STA,WIFI_DROP,
15.1456,2,STA,WIFI_DROP,
15.1456,5,STA,WIFI_DROP,
15.148,2,STA,WIFI_DROP,
15.148,5,STA,WIFI_DROP,
15.1504,2,STA,WIFI_DROP,
15.1504,5,STA,WIFI_DROP,
15.1528,2,STA,WIFI_DROP,
15.1528,5,STA,WIFI_DROP,
15.1552,2,STA,WIFI_DROP,
15.1552,5,STA,WIFI_DROP,
15.1576,2,STA,WIFI_DROP,
15.1576,5,STA,WIFI_DROP,
15.16,2,STA,WIFI_DROP,
15.16,5,STA,WIFI_DROP,
15.1624,2,STA,WIFI_DROP,
15.1624,5,STA,WIFI_DROP,
15.1648,2,STA,WIFI_DROP,
15.1648,5,STA,WIFI_DROP,
15.1672,2,STA,WIFI_DROP,
15.1672,5,STA,WIFI_DROP,
15.1696,2,STA,WIFI_DROP,
15.1696,5,STA,WIFI_DROP,
15.172,2,STA,WIFI_DROP,
15.172,5,STA,WIFI_DROP,
15.1744,2,STA,WIFI_DROP,
15.1744,5,STA,WIFI_DROP,
15.1768,2,STA,WIFI_DROP,
15.1768,5,STA,WIFI_DROP,
15.1792,2,STA,WIFI_DROP,
15.1792,5,STA,WIFI_DROP,
15.1816,2,STA,WIFI_DROP,
15.1816,5,STA,WIFI_DROP,
15.184,2,STA,WIFI_DROP,
15.184,5,STA,WIFI_DROP,
15.1864,2,STA,WIFI_DROP,
15.1864,5,STA,WIFI_DROP,
15.1888,2,STA,WIFI_DROP,
15.1888,5,STA,WIFI_DROP,
15.1912,2,STA,WIFI_DROP,
15.1912,5,STA,WIFI_DROP,
15.1936,2,STA,WIFI_DROP,
15.1936,5,STA,WIFI_DROP,
15.196,2,STA,WIFI_DROP,
15.196,5,STA,WIFI_DROP,
15.1984,2,STA,WIFI_DROP,
15.1984,5,STA,WIFI_DROP,
15.2008,2,STA,WIFI_DROP,
15.2008,5,STA,WIFI_DROP,
15.2032,2,STA,WIFI_DROP,
15.2032,5,STA,WIFI_DROP,
15.2056,2,STA,WIFI_DROP,
15.2056,5,STA,WIFI_DROP,
15.208,2,STA,WIFI_DROP,
15.208,5,STA,WIFI_DROP,
15.2104,2,STA,WIFI_DROP,
15.2104,5,STA,WIFI_DROP,
15.2128,2,STA,WIFI_DROP,
15.2128,5,STA,WIFI_DROP,
15.2152,2,STA,WIFI_DROP,
15.2152,5,STA,WIFI_DROP,
15.2176,5,STA,WIFI_DROP,
15.22,5,STA,WIFI_DROP,
15.2224,5,STA,WIFI_DROP,
15.2248,5,STA,WIFI_DROP,
15.2272,5,STA,WIFI_DROP,
15.2296,5,STA,WIFI_DROP,
15.232,5,STA,WIFI_DROP,
15.2344,5,STA,WIFI_DROP,
15.2368,5,STA,WIFI_DROP,
15.2392,5,STA,WIFI_DROP,
15.2416,5,STA,WIFI_DROP,
15.244,5,STA,WIFI_DROP,
15.2464,5,STA,WIFI_DROP,
15.2488,5,STA,WIFI_DROP,
15.2512,5,STA,WIFI_DROP,
15.2536,5,STA,WIFI_DROP,
15.256,5,STA,WIFI_DROP,
15.2584,5,STA,WIFI_DROP,
15.2608,5,STA,WIFI_DROP,
15.2632,5,STA,WIFI_DROP,
15.2656,5,STA,WIFI_DROP,
15.268,5,STA,WIFI_DROP,
15.2704,5,STA,WIFI_DROP,
15.2728,5,STA,WIFI_DROP,
15.2752,5,STA,WIFI_DROP,
15.2776,5,STA,WIFI_DROP,
15.28,5,STA,WIFI_DROP,
15.2824,5,STA,WIFI_DROP,
15.2848,5,STA,WIFI_DROP,
15.2872,5,STA,WIFI_DROP,
15.2896,5,STA,WIFI_DROP,
15.292,5,STA,WIFI_DROP,
15.2944,5,STA,WIFI_DROP,
15.2968,5,STA,WIFI_DROP,
15.2992,5,STA,WIFI_DROP,
15.3016,5,STA,WIFI_DROP,
15.304,5,STA,WIFI_DROP,
15.3064,5,STA,WIFI_DROP,
15.3088,5,STA,WIFI_DROP,
15.3112,5,STA,WIFI_DROP,
15.3136,5,STA,WIFI_DROP,
15.316,5,STA,WIFI_DROP,
15.3184,5,STA,WIFI_DROP,
15.3208,5,STA,WIFI_DROP,
15.3232,5,STA,WIFI_DROP,
15.3256,5,STA,WIFI_DROP,
15.328,5,STA,WIFI_DROP,
15.3304,5,STA,WIFI_DROP,
15.3328,5,STA,WIFI_DROP,
15.3352,5,STA,WIFI_DROP,
15.3376,5,STA,WIFI_DROP,
15.34,5,STA,WIFI_DROP,
15.3424,5,STA,WIFI_DROP,
15.3448,5,STA,WIFI_DROP,
15.3472,5,STA,WIFI_DROP,
15.3496,5,STA,WIFI_DROP,
15.352,5,STA,WIFI_DROP,
15.3544,5,STA,WIFI_DROP,
15.3568,5,STA,WIFI_DROP,
15.3592,5,STA,WIFI_DROP,
15.3616,5,STA,WIFI_DROP,
15.364,5,STA,WIFI_DROP,
15.3664,5,STA,WIFI_DROP,
15.3688,5,STA,WIFI_DROP,
15.3712,5,STA,WIFI_DROP,
15.3736,5,STA,WIFI_DROP,
15.376,5,STA,WIFI_DROP,
15.3784,5,STA,WIFI_DROP,
15.3808,5,STA,WIFI_DROP,
15.3832,5,STA,WIFI_DROP,
15.3856,5,STA,WIFI_DROP,
15.388,5,STA,WIFI_DROP,
15.3904,5,STA,WIFI_DROP,
15.3928,5,STA,WIFI_DROP,
15.3952,5,STA,WIFI_DROP,
15.3976,5,STA,WIFI_DROP,
15.4,5,STA,WIFI_DROP,
15.4024,5,STA,WIFI_DROP,
15.4048,5,STA,WIFI_DROP,
15.4072,5,STA,WIFI_DROP,
15.4096,5,STA,WIFI_DROP,
15.412,5,STA,WIFI_DROP,
15.4144,5,STA,WIFI_DROP,
15.4168,5,STA,WIFI_DROP,
15.4192,5,STA,WIFI_DROP,
15.4216,5,STA,WIFI_DROP,
15.424,5,STA,WIFI_DROP,
15.4264,5,STA,WIFI_DROP,
15.4288,5,STA,WIFI_DROP,
15.4312,5,STA,WIFI_DROP,
15.4336,5,STA,WIFI_DROP,
15.436,5,STA,WIFI_DROP,
15.4384,5,STA,WIFI_DROP,
15.4408,5,STA,WIFI_DROP,
15.4432,5,STA,WIFI_DROP,
15.4456,5,STA,WIFI_DROP,
15.448,5,STA,WIFI_DROP,
15.4504,5,STA,WIFI_DROP,
15.4528,5,STA,WIFI_DROP,
15.4552,5,STA,WIFI_DROP,
15.4576,5,STA,WIFI_DROP,
15.46,5,STA,WIFI_DROP,
15.4624,5,STA,WIFI_DROP,
15.4648,5,STA,WIFI_DROP,
15.4672,5,STA,WIFI_DROP,
15.4696,5,STA,WIFI_DROP,
15.472,5,STA,WIFI_DROP,
15.4744,5,STA,WIFI_DROP,
15.4768,5,STA,WIFI_DROP,
15.4792,5,STA,WIFI_DROP,
15.4816,5,STA,WIFI_DROP,
15.484,5,STA,WIFI_DROP,
15.4864,5,STA,WIFI_DROP,
15.4888,5,STA,WIFI_DROP,
15.4912,5,STA,WIFI_DROP,
15.4936,5,STA,WIFI_DROP,
15.496,5,STA,WIFI_DROP,
15.4984,5,STA,WIFI_DROP,
15.5008,5,STA,WIFI_DROP,
15.5032,5,STA,WIFI_DROP,
15.5056,5,STA,WIFI_DROP,
15.508,5,STA,WIFI_DROP,
15.5104,5,STA,WIFI_DROP,
15.5128,5,STA,WIFI_DROP,
15.5152,5,STA,WIFI_DROP,
15.5176,5,STA,WIFI_DROP,
15.52,5,STA,WIFI_DROP,
15.5224,5,STA,WIFI_DROP,
15.5248,5,STA,WIFI_DROP,
15.5272,5,STA,WIFI_DROP,
15.5296,5,STA,WIFI_DROP,
15.532,5,STA,WIFI_DROP,
15.5344,5,STA,WIFI_DROP,
15.5368,5,STA,WIFI_DROP,
15.5392,5,STA,WIFI_DROP,
15.5416,5,STA,WIFI_DROP,
15.544,5,STA,WIFI_DROP,
15.5464,5,STA,WIFI_DROP,
15.5488,5,STA,WIFI_DROP,
15.5512,5,STA,WIFI_DROP,
15.5536,5,STA,WIFI_DROP,
15.556,5,STA,WIFI_DROP,
15.5584,5,STA,WIFI_DROP,
15.5608,5,STA,WIFI_DROP,
15.5632,5,STA,WIFI_DROP,
15.5656,5,STA,WIFI_DROP,
15.568,5,STA,WIFI_DROP,
15.5704,5,STA,WIFI_DROP,
15.5728,5,STA,WIFI_DROP,
15.5752,5,STA,WIFI_DROP,
15.5776,5,STA,WIFI_DROP,
15.58,5,STA,WIFI_DROP,
15.5824,5,STA,WIFI_DROP,
15.5848,5,STA,WIFI_DROP,
15.5872,5,STA,WIFI_DROP,
15.5896,5,STA,WIFI_DROP,
15.592,5,STA,WIFI_DROP,
15.5944,5,STA,WIFI_DROP,
15.5968,5,STA,WIFI_DROP,
15.5992,5,STA,WIFI_DROP,
15.6016,5,STA,WIFI_DROP,
15.604,5,STA,WIFI_DROP,
15.6064,5,STA,WIFI_DROP,
15.6088,5,STA,WIFI_DROP,
15.6112,5,STA,WIFI_DROP,
15.6784,18,STA,WIFI_DROP,
15.6808,18,STA,WIFI_DROP,
15.6832,18,STA,WIFI_DROP,
15.6856,18,STA,WIFI_DROP,
15.688,18,STA,WIFI_DROP,
15.6904,18,STA,WIFI_DROP,
15.6928,18,STA,WIFI_DROP,
15.6952,18,STA,WIFI_DROP,
15.6976,18,STA,WIFI_DROP,
15.7,18,STA,WIFI_DROP,
15.7024,18,STA,WIFI_DROP,
15.7048,18,STA,WIFI_DROP,
15.7072,18,STA,WIFI_DROP,
15.7096,18,STA,WIFI_DROP,
15.712,18,STA,WIFI_DROP,
15.7144,18,STA,WIFI_DROP,
15.7168,18,STA,WIFI_DROP,
15.7192,18,STA,WIFI_DROP,
15.7216,18,STA,WIFI_DROP,
15.724,18,STA,WIFI_DROP,
15.7264,18,STA,WIFI_DROP,
15.7288,18,STA,WIFI_DROP,
15.7792,15,STA,WIFI_DROP,
15.7816,15,STA,WIFI_DROP,
15.784,15,STA,WIFI_DROP,
15.7864,15,STA,WIFI_DROP,
15.7888,15,STA,WIFI_DROP,
15.7912,15,STA,WIFI_DROP,
15.7936,15,STA,WIFI_DROP,
15.796,15,STA,WIFI_DROP,
15.7984,15,STA,WIFI_DROP,
15.8008,15,STA,WIFI_DROP,
15.8032,15,STA,WIFI_DROP,
15.8056,15,STA,WIFI_DROP,
15.808,15,STA,WIFI_DROP,
15.8104,15,STA,WIFI_DROP,
15.8128,15,STA,WIFI_DROP,
15.8152,15,STA,WIFI_DROP,
15.8176,15,STA,WIFI_DROP,
15.82,15,STA,WIFI_DROP,
15.8224,15,STA,WIFI_DROP,
15.8248,15,STA,WIFI_DROP,
15.8272,15,STA,WIFI_DROP,
15.8296,15,STA,WIFI_DROP,
15.832,15,STA,WIFI_DROP,
15.8344,15,STA,WIFI_DROP,
15.8368,15,STA,WIFI_DROP,
15.8392,15,STA,WIFI_DROP,
15.8416,15,STA,WIFI_DROP,
15.844,15,STA,WIFI_DROP,
15.8464,15,STA,WIFI_DROP,
15.8488,15,STA,WIFI_DROP,
15.8512,15,STA,WIFI_DROP,
15.8536,15,STA,WIFI_DROP,
15.856,15,STA,WIFI_DROP,
15.8584,15,STA,WIFI_DROP,
15.8608,15,STA,WIFI_DROP,
15.8632,15,STA,WIFI_DROP,
15.8656,15,STA,WIFI_DROP,
15.868,15,STA,WIFI_DROP,
15.8704,15,STA,WIFI_DROP,
15.8728,15,STA,WIFI_DROP,
15.8752,15,STA,WIFI_DROP,
15.8776,15,STA,WIFI_DROP,
15.88,15,STA,WIFI_DROP,
15.8824,15,STA,WIFI_DROP,
15.8848,15,STA,WIFI_DROP,
15.8872,15,STA,WIFI_DROP,
15.8896,15,STA,WIFI_DROP,
15.892,15,STA,WIFI_DROP,
15.8944,15,STA,WIFI_DROP,
15.8968,15,STA,WIFI_DROP,
15.8992,15,STA,WIFI_DROP,
15.9016,15,STA,WIFI_DROP,
15.904,15,STA,WIFI_DROP,
15.9064,15,STA,WIFI_DROP,
15.9088,15,STA,WIFI_DROP,
15.9112,15,STA,WIFI_DROP,
15.9136,15,STA,WIFI_DROP,
15.916,15,STA,WIFI_DROP,
15.9184,15,STA,WIFI_DROP,
15.9208,15,STA,WIFI_DROP,
15.9232,15,STA,WIFI_DROP,
15.9256,15,STA,WIFI_DROP,
15.928,15,STA,WIFI_DROP,
15.9304,15,STA,WIFI_DROP,
15.9328,15,STA,WIFI_DROP,
15.9352,15,STA,WIFI_DROP,
15.9376,15,STA,WIFI_DROP,
15.94,15,STA,WIFI_DROP,
15.9424,15,STA,WIFI_DROP,
15.9448,15,STA,WIFI_DROP,
15.9472,15,STA,WIFI_DROP,
15.9496,15,STA,WIFI_DROP,
15.952,15,STA,WIFI_DROP,
15.9544,15,STA,WIFI_DROP,
15.9568,15,STA,WIFI_DROP,
15.9592,15,STA,WIFI_DROP,
15.9616,15,STA,WIFI_DROP,
15.964,15,STA,WIFI_DROP,
15.9664,15,STA,WIFI_DROP,
15.9688,15,STA,WIFI_DROP,
15.9712,15,STA,WIFI_DROP,
15.9736,15,STA,WIFI_DROP,
15.976,15,STA,WIFI_DROP,
15.9784,15,STA,WIFI_DROP,
15.9808,15,STA,WIFI_DROP,
15.9832,15,STA,WIFI_DROP,
15.9856,15,STA,WIFI_DROP,
15.988,15,STA,WIFI_DROP,
15.9904,15,STA,WIFI_DROP,
15.9928,15,STA,WIFI_DROP,
15.9952,15,STA,WIFI_DROP,
15.9976,15,STA,WIFI_DROP,
16,2,STA,THROUGHPUT_MBPS,4.332000
16,3,STA,THROUGHPUT_MBPS,3.012000
16,5,STA,THROUGHPUT_MBPS,1.260000
16,6,STA,THROUGHPUT_MBPS,1.440000
16,7,STA,THROUGHPUT_MBPS,2.160000
16,8,STA,THROUGHPUT_MBPS,4.560000
16,9,STA,THROUGHPUT_MBPS,2.172000
16,10,STA,THROUGHPUT_MBPS,0.912000
16,12,STA,THROUGHPUT_MBPS,4.020000
16,14,STA,THROUGHPUT_MBPS,2.712000
16,16,STA,THROUGHPUT_MBPS,3.960000
16,17,STA,THROUGHPUT_MBPS,5.112000
16,18,STA,THROUGHPUT_MBPS,0.960000
16,19,STA,THROUGHPUT_MBPS,1.872000
16,21,STA,THROUGHPUT_MBPS,0.444000
16,1,AP,AGGREGATE_THROUGHPUT_MBPS,38.928000
16,1,AP,SENT_COUNT,8320.000000
16,1,AP,RECV_COUNT,3244.000000
16,1,AP,LATENCY_P95_MS,537.239711
16,15,STA,WIFI_DROP,
16.0024,15,STA,WIFI_DROP,
16.0048,15,STA,WIFI_DROP,
16.0072,15,STA,WIFI_DROP,
16.0096,15,STA,WIFI_DROP,
16.012,15,STA,WIFI_DROP,
16.0144,15,STA,WIFI_DROP,
16.0168,15,STA,WIFI_DROP,
16.0192,15,STA,WIFI_DROP,
16.0216,15,STA,WIFI_DROP,
16.024,15,STA,WIFI_DROP,
16.0264,15,STA,WIFI_DROP,
16.0288,15,STA,WIFI_DROP,
16.4968,8,STA,WIFI_DROP,
16.4992,8,STA,WIFI_DROP,
16.5016,8,STA,WIFI_DROP,
16.504,8,STA,WIFI_DROP,
16.5064,8,STA,WIFI_DROP,
16.5088,8,STA,WIFI_DROP,
16.5112,8,STA,WIFI_DROP,
16.5136,8,STA,WIFI_DROP,
16.516,8,STA,WIFI_DROP,
16.5184,8,STA,WIFI_DROP,
16.5208,8,STA,WIFI_DROP,
16.5232,8,STA,WIFI_DROP,
16.5256,8,STA,WIFI_DROP,
16.528,8,STA,WIFI_DROP,
16.5304,8,STA,WIFI_DROP,
16.5328,8,STA,WIFI_DROP,
16.5352,8,STA,WIFI_DROP,
16.5376,8,STA,WIFI_DROP,
16.54,8,STA,WIFI_DROP,
16.5424,8,STA,WIFI_DROP,
16.5448,8,STA,WIFI_DROP,
16.5472,8,STA,WIFI_DROP,
16.5496,8,STA,WIFI_DROP,
16.552,8,STA,WIFI_DROP,
16.5544,8,STA,WIFI_DROP,
16.5568,8,STA,WIFI_DROP,
16.5592,8,STA,WIFI_DROP,
16.5616,8,STA,WIFI_DROP,
16.564,8,STA,WIFI_DROP,
16.5664,8,STA,WIFI_DROP,
16.5688,8,STA,WIFI_DROP,
16.5712,8,STA,WIFI_DROP,
16.5736,8,STA,WIFI_DROP,
16.576,8,STA,WIFI_DROP,
16.5784,8,STA,WIFI_DROP,
16.5808,8,STA,WIFI_DROP,
16.5832,8,STA,WIFI_DROP,
16.5856,8,STA,WIFI_DROP,
16.588,8,STA,WIFI_DROP,
16.5904,8,STA,WIFI_DROP,
16.5928,8,STA,WIFI_DROP,
16.5952,8,STA,WIFI_DROP,
16.5976,8,STA,WIFI_DROP,
16.5976,10,STA,WIFI_DROP,
16.6,8,STA,WIFI_DROP,
16.6,10,STA,WIFI_DROP,
16.6024,8,STA,WIFI_DROP,
16.6024,10,STA,WIFI_DROP,
16.6048,8,STA,WIFI_DROP,
16.6048,10,STA,WIFI_DROP,
16.6072,8,STA,WIFI_DROP,
16.6072,10,STA,WIFI_DROP,
16.6096,8,STA,WIFI_DROP,
16.6096,10,STA,WIFI_DROP,
16.612,8,STA,WIFI_DROP,
16.612,10,STA,WIFI_DROP,
16.6144,8,STA,WIFI_DROP,
16.6144,10,STA,WIFI_DROP,
16.6168,8,STA,WIFI_DROP,
16.6168,10,STA,WIFI_DROP,
16.6192,8,STA,WIFI_DROP,
16.6192,10,STA,WIFI_DROP,
16.6216,8,STA,WIFI_DROP,
16.6216,10,STA,WIFI_DROP,
16.624,8,STA,WIFI_DROP,
16.624,10,STA,WIFI_DROP,
16.6264,8,STA,WIFI_DROP,
16.6264,10,STA,WIFI_DROP,
16.6288,8,STA,WIFI_DROP,
16.6288,10,STA,WIFI_DROP,
16.6312,8,STA,WIFI_DROP,
16.6312,10,STA,WIFI_DROP,
16.6336,8,STA,WIFI_DROP,
16.6336,10,STA,WIFI_DROP,
16.636,8,STA,WIFI_DROP,
16.636,10,STA,WIFI_DROP,
16.6384,8,STA,WIFI_DROP,
16.6384,10,STA,WIFI_DROP,
16.6408,8,STA,WIFI_DROP,
16.6408,10,STA,WIFI_DROP,
16.6432,8,STA,WIFI_DROP,
16.6432,10,STA,WIFI_DROP,
16.6456,8,STA,WIFI_DROP,
16.6456,10,STA,WIFI_DROP,
16.648,8,STA,WIFI_DROP,
16.648,10,STA,WIFI_DROP,
16.6504,8,STA,WIFI_DROP,
16.6504,10,STA,WIFI_DROP,
16.6528,8,STA,WIFI_DROP,
16.6528,10,STA,WIFI_DROP,
16.6552,8,STA,WIFI_DROP,
16.6552,10,STA,WIFI_DROP,
16.6576,8,STA,WIFI_DROP,
16.6576,10,STA,WIFI_DROP,
16.66,8,STA,WIFI_DROP,
16.66,10,STA,WIFI_DROP,
16.6624,8,STA,WIFI_DROP,
16.6624,10,STA,WIFI_DROP,
16.6648,8,STA,WIFI_DROP,
16.6648,10,STA,WIFI_DROP,
16.6672,8,STA,WIFI_DROP,
16.6672,10,STA,WIFI_DROP,
16.6696,8,STA,WIFI_DROP,
16.6696,10,STA,WIFI_DROP,
16.672,8,STA,WIFI_DROP,
16.672,10,STA,WIFI_DROP,
16.6744,8,STA,WIFI_DROP,
16.6744,10,STA,WIFI_DROP,
16.6768,8,STA,WIFI_DROP,
16.6768,10,STA,WIFI_DROP,
16.6792,8,STA,WIFI_DROP,
16.6792,10,STA,WIFI_DROP,
16.6816,8,STA,WIFI_DROP,
16.6816,10,STA,WIFI_DROP,
16.684,8,STA,WIFI_DROP,
16.684,10,STA,WIFI_DROP,
16.6864,8,STA,WIFI_DROP,
16.6864,10,STA,WIFI_DROP,
16.6888,8,STA,WIFI_DROP,
16.6888,10,STA,WIFI_DROP,
16.6912,8,STA,WIFI_DROP,
16.6912,10,STA,WIFI_DROP,
16.6936,8,STA,WIFI_DROP,
16.6936,10,STA,WIFI_DROP,
16.696,8,STA,WIFI_DROP,
16.696,10,STA,WIFI_DROP,
16.6984,8,STA,WIFI_DROP,
16.6984,10,STA,WIFI_DROP,
16.7008,8,STA,WIFI_DROP,
16.7008,10,STA,WIFI_DROP,
16.7032,8,STA,WIFI_DROP,
16.7032,10,STA,WIFI_DROP,
16.7056,8,STA,WIFI_DROP,
16.7056,10,STA,WIFI_DROP,
16.708,8,STA,WIFI_DROP,
16.708,10,STA,WIFI_DROP,
16.7104,8,STA,WIFI_DROP,
16.7104,10,STA,WIFI_DROP,
16.7128,8,STA,WIFI_DROP,
16.7128,10,STA,WIFI_DROP,
16.7152,8,STA,WIFI_DROP,
16.7152,10,STA,WIFI_DROP,
16.7176,8,STA,WIFI_DROP,
16.7176,10,STA,WIFI_DROP,
16.72,8,STA,WIFI_DROP,
16.72,10,STA,WIFI_DROP,
16.7224,8,STA,WIFI_DROP,
16.7224,10,STA,WIFI_DROP,
16.7248,8,STA,WIFI_DROP,
16.7248,10,STA,WIFI_DROP,
16.7272,8,STA,WIFI_DROP,
16.7272,10,STA,WIFI_DROP,
16.7296,8,STA,WIFI_DROP,
16.7296,10,STA,WIFI_DROP,
16.732,8,STA,WIFI_DROP,
16.732,10,STA,WIFI_DROP,
16.7344,8,STA,WIFI_DROP,
16.7344,10,STA,WIFI_DROP,
16.7368,8,STA,WIFI_DROP,
16.7368,10,STA,WIFI_DROP,
16.7392,8,STA,WIFI_DROP,
16.7392,10,STA,WIFI_DROP,
16.7416,8,STA,WIFI_DROP,
16.7416,10,STA,WIFI_DROP,
16.744,8,STA,WIFI_DROP,
16.744,10,STA,WIFI_DROP,
16.7464,8,STA,WIFI_DROP,
16.7464,10,STA,WIFI_DROP,
16.7488,8,STA,WIFI_DROP,
16.7488,10,STA,WIFI_DROP,
16.7512,8,STA,WIFI_DROP,
16.7512,10,STA,WIFI_DROP,
16.7536,8,STA,WIFI_DROP,
16.756,8,STA,WIFI_DROP,
16.7584,8,STA,WIFI_DROP,
16.7608,8,STA,WIFI_DROP,
16.7632,8,STA,WIFI_DROP,
16.7656,8,STA,WIFI_DROP,
16.768,8,STA,WIFI_DROP,
16.7704,8,STA,WIFI_DROP,
16.7728,8,STA,WIFI_DROP,
16.7752,8,STA,WIFI_DROP,
16.7776,8,STA,WIFI_DROP,
16.78,8,STA,WIFI_DROP,
16.7824,8,STA,WIFI_DROP,
16.7848,8,STA,WIFI_DROP,
16.7872,8,STA,WIFI_DROP,
16.7896,8,STA,WIFI_DROP,
16.792,8,STA,WIFI_DROP,
16.7944,8,STA,WIFI_DROP,
16.7968,8,STA,WIFI_DROP,
16.7992,8,STA,WIFI_DROP,
16.8016,8,STA,WIFI_DROP,
16.804,8,STA,WIFI_DROP,
16.8064,8,STA,WIFI_DROP,
16.8088,8,STA,WIFI_DROP,
16.8112,8,STA,WIFI_DROP,
16.8136,8,STA,WIFI_DROP,
16.816,8,STA,WIFI_DROP,
16.8184,8,STA,WIFI_DROP,
16.8208,8,STA,WIFI_DROP,
16.8232,8,STA,WIFI_DROP,
16.8256,8,STA,WIFI_DROP,
16.828,8,STA,WIFI_DROP,
16.8304,8,STA,WIFI_DROP,
16.8328,8,STA,WIFI_DROP,
16.8352,8,STA,WIFI_DROP,
16.8376,8,STA,WIFI_DROP,
16.84,8,STA,WIFI_DROP,
16.8424,8,STA,WIFI_DROP,
16.8448,8,STA,WIFI_DROP,
16.8472,8,STA,WIFI_DROP,
16.8496,8,STA,WIFI_DROP,
16.852,8,STA,WIFI_DROP,
16.8544,8,STA,WIFI_DROP,
16.8568,8,STA,WIFI_DROP,
16.8592,8,STA,WIFI_DROP,
16.8616,8,STA,WIFI_DROP,
16.864,8,STA,WIFI_DROP,
16.8664,8,STA,WIFI_DROP,
16.8688,8,STA,WIFI_DROP,
16.8712,8,STA,WIFI_DROP,
16.8736,8,STA,WIFI_DROP,
16.876,8,STA,WIFI_DROP,
16.8784,8,STA,WIFI_DROP,
16.8808,8,STA,WIFI_DROP,
16.8832,8,STA,WIFI_DROP,
16.8856,8,STA,WIFI_DROP,
16.888,8,STA,WIFI_DROP,
16.8904,8,STA,WIFI_DROP,
16.8928,8,STA,WIFI_DROP,
16.8952,8,STA,WIFI_DROP,
16.8976,8,STA,WIFI_DROP,
16.9,8,STA,WIFI_DROP,
16.9024,8,STA,WIFI_DROP,
16.9048,8,STA,WIFI_DROP,
16.9048,18,STA,WIFI_DROP,
16.9072,8,STA,WIFI_DROP,
16.9072,18,STA,WIFI_DROP,
16.9096,8,STA,WIFI_DROP,
16.9096,18,STA,WIFI_DROP,
16.912,8,STA,WIFI_DROP,
16.912,18,STA,WIFI_DROP,
16.9144,8,STA,WIFI_DROP,
16.9144,18,STA,WIFI_DROP,
16.9168,8,STA,WIFI_DROP,
16.9168,18,STA,WIFI_DROP,
16.9192,8,STA,WIFI_DROP,
16.9192,18,STA,WIFI_DROP,
16.9216,8,STA,WIFI_DROP,
16.9216,18,STA,WIFI_DROP,
16.924,8,STA,WIFI_DROP,
16.924,18,STA,WIFI_DROP,
16.9264,8,STA,WIFI_DROP,
16.9264,18,STA,WIFI_DROP,
16.9288,8,STA,WIFI_DROP,
16.9288,18,STA,WIFI_DROP,
16.9312,8,STA,WIFI_DROP,
16.9312,18,STA,WIFI_DROP,
16.9336,8,STA,WIFI_DROP,
16.9336,18,STA,WIFI_DROP,
16.936,8,STA,WIFI_DROP,
16.936,18,STA,WIFI_DROP,
16.9384,8,STA,WIFI_DROP,
16.9384,18,STA,WIFI_DROP,
16.9408,8,STA,WIFI_DROP,
16.9408,18,STA,WIFI_DROP,
16.9432,8,STA,WIFI_DROP,
16.9432,18,STA,WIFI_DROP,
16.9456,8,STA,WIFI_DROP,
16.9456,18,STA,WIFI_DROP,
16.948,8,STA,WIFI_DROP,
16.948,18,STA,WIFI_DROP,
16.9504,8,STA,WIFI_DROP,
16.9504,18,STA,WIFI_DROP,
16.9528,8,STA,WIFI_DROP,
16.9528,18,STA,WIFI_DROP,
16.9552,8,STA,WIFI_DROP,
16.9552,18,STA,WIFI_DROP,
16.9576,8,STA,WIFI_DROP,
16.96,8,STA,WIFI_DROP,
16.9624,8,STA,WIFI_DROP,
16.9648,8,STA,WIFI_DROP,
16.9672,8,STA,WIFI_DROP,
16.9696,8,STA,WIFI_DROP,
16.972,8,STA,WIFI_DROP,
16.9744,8,STA,WIFI_DROP,
16.9768,8,STA,WIFI_DROP,
16.9792,8,STA,WIFI_DROP,
16.9816,8,STA,WIFI_DROP,
16.984,8,STA,WIFI_DROP,
16.9864,8,STA,WIFI_DROP,
16.9888,8,STA,WIFI_DROP,
16.9912,8,STA,WIFI_DROP,
16.9936,8,STA,WIFI_DROP,
16.996,8,STA,WIFI_DROP,
16.9984,8,STA,WIFI_DROP,
17,2,STA,THROUGHPUT_MBPS,1.584000
17,3,STA,THROUGHPUT_MBPS,6.180000
17,5,STA,THROUGHPUT_MBPS,1.116000
17,6,STA,THROUGHPUT_MBPS,2.616000
17,7,STA,THROUGHPUT_MBPS,3.924000
17,8,STA,THROUGHPUT_MBPS,2.340000
17,9,STA,THROUGHPUT_MBPS,1.008000
17,10,STA,THROUGHPUT_MBPS,2.832000
17,12,STA,THROUGHPUT_MBPS,2.076000
17,13,STA,THROUGHPUT_MBPS,1.224000
17,14,STA,THROUGHPUT_MBPS,3.024000
17,15,STA,THROUGHPUT_MBPS,0.624000
17,16,STA,THROUGHPUT_MBPS,1.728000
17,17,STA,THROUGHPUT_MBPS,2.868000
17,18,STA,THROUGHPUT_MBPS,2.496000
17,19,STA,THROUGHPUT_MBPS,3.660000
17,21,STA,THROUGHPUT_MBPS,3.576000
17,1,AP,AGGREGATE_THROUGHPUT_MBPS,42.876000
17,1,AP,SENT_COUNT,8340.000000
17,1,AP,RECV_COUNT,3573.000000
17,1,AP,LATENCY_P95_MS,552.030615
17.0008,8,STA,WIFI_DROP,
17.0032,8,STA,WIFI_DROP,
17.0056,8,STA,WIFI_DROP,
17.008,8,STA,WIFI_DROP,
17.0104,8,STA,WIFI_DROP,
17.0128,8,STA,WIFI_DROP,
17.0152,8,STA,WIFI_DROP,
17.0176,8,STA,WIFI_DROP,
17.02,8,STA,WIFI_DROP,
17.0224,8,STA,WIFI_DROP,
17.0248,8,STA,WIFI_DROP,
17.0272,8,STA,WIFI_DROP,
17.0296,8,STA,WIFI_DROP,
17.032,8,STA,WIFI_DROP,
17.0344,8,STA,WIFI_DROP,
17.0368,8,STA,WIFI_DROP,
17.0392,8,STA,WIFI_DROP,
17.0416,8,STA,WIFI_DROP,
17.044,8,STA,WIFI_DROP,
17.0464,8,STA,WIFI_DROP,
17.6224,20,STA,WIFI_DROP,
17.6224,21,STA,WIFI_DROP,
17.6248,20,STA,WIFI_DROP,
17.6248,21,STA,WIFI_DROP,
17.6272,20,STA,WIFI_DROP,
17.6272,21,STA,WIFI_DROP,
17.6296,20,STA,WIFI_DROP,
17.6296,21,STA,WIFI_DROP,
17.632,20,STA,WIFI_DROP,
17.632,21,STA,WIFI_DROP,
17.6344,20,STA,WIFI_DROP,
17.6344,21,STA,WIFI_DROP,
17.6368,20,STA,WIFI_DROP,
17.6368,21,STA,WIFI_DROP,
17.6392,20,STA,WIFI_DROP,
17.6392,21,STA,WIFI_DROP,
17.6416,20,STA,WIFI_DROP,
17.6416,21,STA,WIFI_DROP,
17.644,20,STA,WIFI_DROP,
17.644,21,STA,WIFI_DROP,
17.6464,20,STA,WIFI_DROP,
17.6464,21,STA,WIFI_DROP,
17.6488,20,STA,WIFI_DROP,
17.6488,21,STA,WIFI_DROP,
17.6512,20,STA,WIFI_DROP,
17.6512,21,STA,WIFI_DROP,
17.6536,20,STA,WIFI_DROP,
17.6536,21,STA,WIFI_DROP,
17.656,20,STA,WIFI_DROP,
17.656,21,STA,WIFI_DROP,
17.6584,20,STA,WIFI_DROP,
17.6584,21,STA,WIFI_DROP,
17.6608,20,STA,WIFI_DROP,
17.6608,21,STA,WIFI_DROP,
17.6632,20,STA,WIFI_DROP,
17.6632,21,STA,WIFI_DROP,
17.6656,20,STA,WIFI_DROP,
17.6656,21,STA,WIFI_DROP,
17.668,20,STA,WIFI_DROP,
17.668,21,STA,WIFI_DROP,
17.6704,20,STA,WIFI_DROP,
17.6704,21,STA,WIFI_DROP,
17.6728,20,STA,WIFI_DROP,
17.6728,21,STA,WIFI_DROP,
17.6752,20,STA,WIFI_DROP,
17.6752,21,STA,WIFI_DROP,
17.6776,20,STA,WIFI_DROP,
17.6776,21,STA,WIFI_DROP,
17.68,20,STA,WIFI_DROP,
17.68,21,STA,WIFI_DROP,
17.6824,20,STA,WIFI_DROP,
17.6824,21,STA,WIFI_DROP,
17.6848,20,STA,WIFI_DROP,
17.6848,21,STA,WIFI_DROP,
17.6872,20,STA,WIFI_DROP,
17.6872,21,STA,WIFI_DROP,
17.6896,20,STA,WIFI_DROP,
17.6896,21,STA,WIFI_DROP,
17.692,20,STA,WIFI_DROP,
17.692,21,STA,WIFI_DROP,
17.6944,20,STA,WIFI_DROP,
17.6944,21,STA,WIFI_DROP,
17.6968,20,STA,WIFI_DROP,
17.6968,21,STA,WIFI_DROP,
17.6992,20,STA,WIFI_DROP,
17.6992,21,STA,WIFI_DROP,
17.7016,20,STA,WIFI_DROP,
17.7016,21,STA,WIFI_DROP,
17.704,20,STA,WIFI_DROP,
17.704,21,STA,WIFI_DROP,
17.7064,20,STA,WIFI_DROP,
17.7064,21,STA,WIFI_DROP,
17.7088,20,STA,WIFI_DROP,
17.7088,21,STA,WIFI_DROP,
17.7112,20,STA,WIFI_DROP,
17.7112,21,STA,WIFI_DROP,
17.7136,20,STA,WIFI_DROP,
17.7136,21,STA,WIFI_DROP,
17.716,20,STA,WIFI_DROP,
17.716,21,STA,WIFI_DROP,
17.7184,20,STA,WIFI_DROP,
17.7184,21,STA,WIFI_DROP,
17.7208,20,STA,WIFI_DROP,
17.7208,21,STA,WIFI_DROP,
17.7232,20,STA,WIFI_DROP,
17.7232,21,STA,WIFI_DROP,
17.7256,20,STA,WIFI_DROP,
17.7256,21,STA,WIFI_DROP,
17.728,20,STA,WIFI_DROP,
17.728,21,STA,WIFI_DROP,
17.7304,20,STA,WIFI_DROP,
17.7304,21,STA,WIFI_DROP,
17.7328,20,STA,WIFI_DROP,
17.7328,21,STA,WIFI_DROP,
17.7352,20,STA,WIFI_DROP,
17.7352,21,STA,WIFI_DROP,
17.7376,20,STA,WIFI_DROP,
17.7376,21,STA,WIFI_DROP,
17.74,20,STA,WIFI_DROP,
17.74,21,STA,WIFI_DROP,
17.7424,20,STA,WIFI_DROP,
17.7424,21,STA,WIFI_DROP,
17.7448,20,STA,WIFI_DROP,
17.7448,21,STA,WIFI_DROP,
17.7472,20,STA,WIFI_DROP,
17.7472,21,STA,WIFI_DROP,
17.7496,20,STA,WIFI_DROP,
17.7496,21,STA,WIFI_DROP,
17.752,20,STA,WIFI_DROP,
17.752,21,STA,WIFI_DROP,
17.7544,20,STA,WIFI_DROP,
17.7544,21,STA,WIFI_DROP,
17.7568,20,STA,WIFI_DROP,
17.7568,21,STA,WIFI_DROP,
17.7592,20,STA,WIFI_DROP,
17.7592,21,STA,WIFI_DROP,
17.7616,20,STA,WIFI_DROP,
17.7616,21,STA,WIFI_DROP,
17.764,20,STA,WIFI_DROP,
17.764,21,STA,WIFI_DROP,
17.7664,20,STA,WIFI_DROP,
17.7664,21,STA,WIFI_DROP,
17.7688,20,STA,WIFI_DROP,
17.7688,21,STA,WIFI_DROP,
17.7712,20,STA,WIFI_DROP,
17.7712,21,STA,WIFI_DROP,
17.7736,20,STA,WIFI_DROP,
17.7736,21,STA,WIFI_DROP,
17.776,20,STA,WIFI_DROP,
17.776,21,STA,WIFI_DROP,
17.7784,20,STA,WIFI_DROP,
17.7784,21,STA,WIFI_DROP,
17.7808,20,STA,WIFI_DROP,
17.7808,21,STA,WIFI_DROP,
17.7832,20,STA,WIFI_DROP,
17.7832,21,STA,WIFI_DROP,
17.7856,20,STA,WIFI_DROP,
17.7856,21,STA,WIFI_DROP,
17.788,20,STA,WIFI_DROP,
17.788,21,STA,WIFI_DROP,
17.7904,20,STA,WIFI_DROP,
17.7904,21,STA,WIFI_DROP,
17.7928,20,STA,WIFI_DROP,
17.7928,21,STA,WIFI_DROP,
17.7952,20,STA,WIFI_DROP,
17.7952,21,STA,WIFI_DROP,
17.7976,20,STA,WIFI_DROP,
17.7976,21,STA,WIFI_DROP,
17.8,20,STA,WIFI_DROP,
17.8,21,STA,WIFI_DROP,
17.8024,20,STA,WIFI_DROP,
17.8024,21,STA,WIFI_DROP,
17.8048,20,STA,WIFI_DROP,
17.8048,21,STA,WIFI_DROP,
17.8072,20,STA,WIFI_DROP,
17.8072,21,STA,WIFI_DROP,
17.8096,20,STA,WIFI_DROP,
17.8096,21,STA,WIFI_DROP,
17.812,20,STA,WIFI_DROP,
17.812,21,STA,WIFI_DROP,
17.8144,20,STA,WIFI_DROP,
17.8144,21,STA,WIFI_DROP,
17.8168,20,STA,WIFI_DROP,
17.8168,21,STA,WIFI_DROP,
17.8192,20,STA,WIFI_DROP,
17.8192,21,STA,WIFI_DROP,
17.8216,20,STA,WIFI_DROP,
17.8216,21,STA,WIFI_DROP,
17.824,20,STA,WIFI_DROP,
17.824,21,STA,WIFI_DROP,
17.8264,20,STA,WIFI_DROP,
17.8264,21,STA,WIFI_DROP,
17.8288,20,STA,WIFI_DROP,
17.8288,21,STA,WIFI_DROP,
17.8312,20,STA,WIFI_DROP,
17.8312,21,STA,WIFI_DROP,
17.8336,20,STA,WIFI_DROP,
17.8336,21,STA,WIFI_DROP,
17.836,20,STA,WIFI_DROP,
17.836,21,STA,WIFI_DROP,
17.8384,20,STA,WIFI_DROP,
17.8384,21,STA,WIFI_DROP,
17.8408,20,STA,WIFI_DROP,
17.8408,21,STA,WIFI_DROP,
17.8432,20,STA,WIFI_DROP,
17.8432,21,STA,WIFI_DROP,
17.8456,20,STA,WIFI_DROP,
17.8456,21,STA,WIFI_DROP,
17.848,20,STA,WIFI_DROP,
17.848,21,STA,WIFI_DROP,
17.8504,20,STA,WIFI_DROP,
17.8504,21,STA,WIFI_DROP,
17.8528,20,STA,WIFI_DROP,
17.8528,21,STA,WIFI_DROP,
17.8552,20,STA,WIFI_DROP,
17.8552,21,STA,WIFI_DROP,
17.8576,20,STA,WIFI_DROP,
17.8576,21,STA,WIFI_DROP,
17.86,20,STA,WIFI_DROP,
17.86,21,STA,WIFI_DROP,
17.8624,20,STA,WIFI_DROP,
17.8624,21,STA,WIFI_DROP,
17.8648,20,STA,WIFI_DROP,
17.8648,21,STA,WIFI_DROP,
17.8672,20,STA,WIFI_DROP,
17.8672,21,STA,WIFI_DROP,
17.8696,20,STA,WIFI_DROP,
17.8696,21,STA,WIFI_DROP,
17.872,20,STA,WIFI_DROP,
17.872,21,STA,WIFI_DROP,
17.8744,20,STA,WIFI_DROP,
17.8744,21,STA,WIFI_DROP,
17.8768,20,STA,WIFI_DROP,
17.8768,21,STA,WIFI_DROP,
17.8792,20,STA,WIFI_DROP,
17.8792,21,STA,WIFI_DROP,
17.8816,20,STA,WIFI_DROP,
17.8816,21,STA,WIFI_DROP,
17.884,20,STA,WIFI_DROP,
17.884,21,STA,WIFI_DROP,
17.8864,20,STA,WIFI_DROP,
17.8864,21,STA,WIFI_DROP,
17.8888,20,STA,WIFI_DROP,
17.8888,21,STA,WIFI_DROP,
17.8912,20,STA,WIFI_DROP,
17.8912,21,STA,WIFI_DROP,
17.8936,20,STA,WIFI_DROP,
17.8936,21,STA,WIFI_DROP,
17.896,20,STA,WIFI_DROP,
17.896,21,STA,WIFI_DROP,
17.8984,20,STA,WIFI_DROP,
17.8984,21,STA,WIFI_DROP,
17.9008,20,STA,WIFI_DROP,
17.9008,21,STA,WIFI_DROP,
17.9032,20,STA,WIFI_DROP,
17.9032,21,STA,WIFI_DROP,
17.9056,20,STA,WIFI_DROP,
17.9056,21,STA,WIFI_DROP,
17.908,20,STA,WIFI_DROP,
17.908,21,STA,WIFI_DROP,
17.9104,20,STA,WIFI_DROP,
17.9104,21,STA,WIFI_DROP,
17.9128,20,STA,WIFI_DROP,
17.9128,21,STA,WIFI_DROP,
17.9152,20,STA,WIFI_DROP,
17.9152,21,STA,WIFI_DROP,
17.9176,20,STA,WIFI_DROP,
17.9176,21,STA,WIFI_DROP,
17.92,20,STA,WIFI_DROP,
17.92,21,STA,WIFI_DROP,
17.9224,20,STA,WIFI_DROP,
17.9224,21,STA,WIFI_DROP,
17.9248,20,STA,WIFI_DROP,
17.9248,21,STA,WIFI_DROP,
17.9272,20,STA,WIFI_DROP,
17.9272,21,STA,WIFI_DROP,
17.9296,20,STA,WIFI_DROP,
17.9296,21,STA,WIFI_DROP,
17.932,20,STA,WIFI_DROP,
17.932,21,STA,WIFI_DROP,
17.9344,20,STA,WIFI_DROP,
17.9344,21,STA,WIFI_DROP,
17.9368,20,STA,WIFI_DROP,
17.9368,21,STA,WIFI_DROP,
17.9392,20,STA,WIFI_DROP,
17.9392,21,STA,WIFI_DROP,
17.9416,20,STA,WIFI_DROP,
17.9416,21,STA,WIFI_DROP,
17.944,20,STA,WIFI_DROP,
17.944,21,STA,WIFI_DROP,
17.9464,20,STA,WIFI_DROP,
17.9464,21,STA,WIFI_DROP,
17.9488,20,STA,WIFI_DROP,
17.9488,21,STA,WIFI_DROP,
17.9512,20,STA,WIFI_DROP,
17.9512,21,STA,WIFI_DROP,
17.9536,20,STA,WIFI_DROP,
17.9536,21,STA,WIFI_DROP,
17.956,20,STA,WIFI_DROP,
17.956,21,STA,WIFI_DROP,
17.9584,20,STA,WIFI_DROP,
17.9584,21,STA,WIFI_DROP,
17.9608,20,STA,WIFI_DROP,
17.9608,21,STA,WIFI_DROP,
17.9632,20,STA,WIFI_DROP,
17.9632,21,STA,WIFI_DROP,
17.9656,20,STA,WIFI_DROP,
17.9656,21,STA,WIFI_DROP,
17.968,20,STA,WIFI_DROP,
17.968,21,STA,WIFI_DROP,
17.9704,20,STA,WIFI_DROP,
17.9704,21,STA,WIFI_DROP,
17.9728,20,STA,WIFI_DROP,
17.9728,21,STA,WIFI_DROP,
17.9752,20,STA,WIFI_DROP,
17.9752,21,STA,WIFI_DROP,
17.9776,20,STA,WIFI_DROP,
17.9776,21,STA,WIFI_DROP,
17.98,20,STA,WIFI_DROP,
17.98,21,STA,WIFI_DROP,
17.9824,20,STA,WIFI_DROP,
17.9824,21,STA,WIFI_DROP,
17.9848,20,STA,WIFI_DROP,
17.9848,21,STA,WIFI_DROP,
17.9872,20,STA,WIFI_DROP,
17.9872,21,STA,WIFI_DROP,
17.9896,20,STA,WIFI_DROP,
17.9896,21,STA,WIFI_DROP,
17.992,20,STA,WIFI_DROP,
17.992,21,STA,WIFI_DROP,
17.9944,20,STA,WIFI_DROP,
17.9944,21,STA,WIFI_DROP,
17.9968,20,STA,WIFI_DROP,
17.9968,21,STA,WIFI_DROP,
17.9992,20,STA,WIFI_DROP,
17.9992,21,STA,WIFI_DROP,
18,2,STA,THROUGHPUT_MBPS,3.228000
18,3,STA,THROUGHPUT_MBPS,6.264000
18,5,STA,THROUGHPUT_MBPS,2.148000
18,6,STA,THROUGHPUT_MBPS,1.920000
18,7,STA,THROUGHPUT_MBPS,1.920000
18,9,STA,THROUGHPUT_MBPS,3.288000
18,12,STA,THROUGHPUT_MBPS,2.736000
18,13,STA,THROUGHPUT_MBPS,2.100000
18,14,STA,THROUGHPUT_MBPS,2.916000
18,15,STA,THROUGHPUT_MBPS,2.976000
18,16,STA,THROUGHPUT_MBPS,1.812000
18,17,STA,THROUGHPUT_MBPS,5.832000
18,18,STA,THROUGHPUT_MBPS,3.852000
18,19,STA,THROUGHPUT_MBPS,4.968000
18,21,STA,THROUGHPUT_MBPS,1.104000
18,1,AP,AGGREGATE_THROUGHPUT_MBPS,47.064000
18,1,AP,SENT_COUNT,8340.000000
18,1,AP,RECV_COUNT,3922.000000
18,1,AP,LATENCY_P95_MS,536.826469
18.0016,20,STA,WIFI_DROP,
18.0016,21,STA,WIFI_DROP,
18.004,20,STA,WIFI_DROP,
18.004,21,STA,WIFI_DROP,
18.0064,20,STA,WIFI_DROP,
18.0064,21,STA,WIFI_DROP,
18.0088,20,STA,WIFI_DROP,
18.0088,21,STA,WIFI_DROP,
18.0112,20,STA,WIFI_DROP,
18.0112,21,STA,WIFI_DROP,
18.0136,20,STA,WIFI_DROP,
18.0136,21,STA,WIFI_DROP,
18.016,20,STA,WIFI_DROP,
18.016,21,STA,WIFI_DROP,
18.0184,20,STA,WIFI_DROP,
18.0184,21,STA,WIFI_DROP,
18.0208,20,STA,WIFI_DROP,
18.0208,21,STA,WIFI_DROP,
18.0232,20,STA,WIFI_DROP,
18.0232,21,STA,WIFI_DROP,
18.0256,20,STA,WIFI_DROP,
18.0256,21,STA,WIFI_DROP,
18.028,20,STA,WIFI_DROP,
18.028,21,STA,WIFI_DROP,
18.0304,20,STA,WIFI_DROP,
18.0304,21,STA,WIFI_DROP,
18.0328,20,STA,WIFI_DROP,
18.0328,21,STA,WIFI_DROP,
18.0352,20,STA,WIFI_DROP,
18.0352,21,STA,WIFI_DROP,
18.0376,20,STA,WIFI_DROP,
18.0376,21,STA,WIFI_DROP,
18.04,20,STA,WIFI_DROP,
18.04,21,STA,WIFI_DROP,
18.0424,20,STA,WIFI_DROP,
18.0424,21,STA,WIFI_DROP,
18.0448,20,STA,WIFI_DROP,
18.0448,21,STA,WIFI_DROP,
18.0472,20,STA,WIFI_DROP,
18.0472,21,STA,WIFI_DROP,
18.0496,20,STA,WIFI_DROP,
18.0496,21,STA,WIFI_DROP,
18.052,20,STA,WIFI_DROP,
18.052,21,STA,WIFI_DROP,
18.0544,20,STA,WIFI_DROP,
18.0544,21,STA,WIFI_DROP,
18.0568,20,STA,WIFI_DROP,
18.0568,21,STA,WIFI_DROP,
18.0592,20,STA,WIFI_DROP,
18.0592,21,STA,WIFI_DROP,
18.0616,20,STA,WIFI_DROP,
18.0616,21,STA,WIFI_DROP,
18.064,20,STA,WIFI_DROP,
18.064,21,STA,WIFI_DROP,
18.0664,20,STA,WIFI_DROP,
18.0664,21,STA,WIFI_DROP,
18.0688,20,STA,WIFI_DROP,
18.0688,21,STA,WIFI_DROP,
18.0712,20,STA,WIFI_DROP,
18.0712,21,STA,WIFI_DROP,
18.0736,20,STA,WIFI_DROP,
18.0736,21,STA,WIFI_DROP,
18.076,20,STA,WIFI_DROP,
18.076,21,STA,WIFI_DROP,
18.0784,20,STA,WIFI_DROP,
18.0784,21,STA,WIFI_DROP,
18.0808,20,STA,WIFI_DROP,
18.0808,21,STA,WIFI_DROP,
18.0832,20,STA,WIFI_DROP,
18.0832,21,STA,WIFI_DROP,
18.0856,20,STA,WIFI_DROP,
18.0856,21,STA,WIFI_DROP,
18.088,20,STA,WIFI_DROP,
18.088,21,STA,WIFI_DROP,
18.0904,20,STA,WIFI_DROP,
18.0904,21,STA,WIFI_DROP,
18.0928,20,STA,WIFI_DROP,
18.0928,21,STA,WIFI_DROP,
18.0952,20,STA,WIFI_DROP,
18.0952,21,STA,WIFI_DROP,
18.0976,20,STA,WIFI_DROP,
18.0976,21,STA,WIFI_DROP,
18.1,20,STA,WIFI_DROP,
18.1,21,STA,WIFI_DROP,
18.1024,20,STA,WIFI_DROP,
18.1024,21,STA,WIFI_DROP,
18.1048,20,STA,WIFI_DROP,
18.1048,21,STA,WIFI_DROP,
18.1072,20,STA,WIFI_DROP,
18.1072,21,STA,WIFI_DROP,
18.1096,20,STA,WIFI_DROP,
18.1096,21,STA,WIFI_DROP,
18.112,20,STA,WIFI_DROP,
18.112,21,STA,WIFI_DROP,
18.1144,20,STA,WIFI_DROP,
18.1144,21,STA,WIFI_DROP,
18.1168,20,STA,WIFI_DROP,
18.1168,21,STA,WIFI_DROP,
18.1192,20,STA,WIFI_DROP,
18.1192,21,STA,WIFI_DROP,
18.1216,20,STA,WIFI_DROP,
18.1216,21,STA,WIFI_DROP,
18.124,20,STA,WIFI_DROP,
18.124,21,STA,WIFI_DROP,
18.1264,20,STA,WIFI_DROP,
18.1264,21,STA,WIFI_DROP,
18.1288,20,STA,WIFI_DROP,
18.1288,21,STA,WIFI_DROP,
18.1312,20,STA,WIFI_DROP,
18.1312,21,STA,WIFI_DROP,
18.1336,20,STA,WIFI_DROP,
18.1336,21,STA,WIFI_DROP,
18.136,20,STA,WIFI_DROP,
18.136,21,STA,WIFI_DROP,
18.1384,20,STA,WIFI_DROP,
18.1384,21,STA,WIFI_DROP,
18.1408,20,STA,WIFI_DROP,
18.1408,21,STA,WIFI_DROP,
18.1432,20,STA,WIFI_DROP,
18.1432,21,STA,WIFI_DROP,
18.1456,20,STA,WIFI_DROP,
18.1456,21,STA,WIFI_DROP,
18.148,20,STA,WIFI_DROP,
18.148,21,STA,WIFI_DROP,
18.1504,20,STA,WIFI_DROP,
18.1504,21,STA,WIFI_DROP,
18.1528,20,STA,WIFI_DROP,
18.1528,21,STA,WIFI_DROP,
18.1552,20,STA,WIFI_DROP,
18.1552,21,STA,WIFI_DROP,
18.1576,20,STA,WIFI_DROP,
18.1576,21,STA,WIFI_DROP,
18.16,20,STA,WIFI_DROP,
18.16,21,STA,WIFI_DROP,
18.1624,20,STA,WIFI_DROP,
18.1624,21,STA,WIFI_DROP,
18.1648,20,STA,WIFI_DROP,
18.1648,21,STA,WIFI_DROP,
18.1672,20,STA,WIFI_DROP,
18.1672,21,STA,WIFI_DROP,
18.1696,20,STA,WIFI_DROP,
18.1696,21,STA,WIFI_DROP,
18.172,20,STA,WIFI_DROP,
18.172,21,STA,WIFI_DROP,
18.1744,20,STA,WIFI_DROP,
18.1744,21,STA,WIFI_DROP,
18.1768,20,STA,WIFI_DROP,
18.1768,21,STA,WIFI_DROP,
18.1792,20,STA,WIFI_DROP,
18.1792,21,STA,WIFI_DROP,
18.1816,20,STA,WIFI_DROP,
18.1816,21,STA,WIFI_DROP,
18.184,20,STA,WIFI_DROP,
18.184,21,STA,WIFI_DROP,
18.1864,20,STA,WIFI_DROP,
18.1864,21,STA,WIFI_DROP,
18.1888,20,STA,WIFI_DROP,
18.1888,21,STA,WIFI_DROP,
18.1912,20,STA,WIFI_DROP,
18.1912,21,STA,WIFI_DROP,
18.1936,20,STA,WIFI_DROP,
18.1936,21,STA,WIFI_DROP,
18.196,20,STA,WIFI_DROP,
18.196,21,STA,WIFI_DROP,
18.1984,20,STA,WIFI_DROP,
18.1984,21,STA,WIFI_DROP,
18.2008,20,STA,WIFI_DROP,
18.2008,21,STA,WIFI_DROP,
18.2032,20,STA,WIFI_DROP,
18.2032,21,STA,WIFI_DROP,
18.2056,20,STA,WIFI_DROP,
18.2056,21,STA,WIFI_DROP,
18.208,20,STA,WIFI_DROP,
18.208,21,STA,WIFI_DROP,
18.2104,20,STA,WIFI_DROP,
18.2104,21,STA,WIFI_DROP,
18.2128,20,STA,WIFI_DROP,
18.2128,21,STA,WIFI_DROP,
18.2152,20,STA,WIFI_DROP,
18.2152,21,STA,WIFI_DROP,
18.2176,20,STA,WIFI_DROP,
18.2176,21,STA,WIFI_DROP,
18.22,20,STA,WIFI_DROP,
18.22,21,STA,WIFI_DROP,
18.2224,20,STA,WIFI_DROP,
18.2224,21,STA,WIFI_DROP,
18.2248,20,STA,WIFI_DROP,
18.2248,21,STA,WIFI_DROP,
18.2272,20,STA,WIFI_DROP,
18.2272,21,STA,WIFI_DROP,
18.2296,20,STA,WIFI_DROP,
18.2296,21,STA,WIFI_DROP,
18.232,20,STA,WIFI_DROP,
18.232,21,STA,WIFI_DROP,
18.2344,20,STA,WIFI_DROP,
18.2344,21,STA,WIFI_DROP,
18.2368,20,STA,WIFI_DROP,
18.2368,21,STA,WIFI_DROP,
18.2392,20,STA,WIFI_DROP,
18.2392,21,STA,WIFI_DROP,
18.2416,20,STA,WIFI_DROP,
18.2416,21,STA,WIFI_DROP,
18.244,20,STA,WIFI_DROP,
18.244,21,STA,WIFI_DROP,
18.2464,20,STA,WIFI_DROP,
18.2464,21,STA,WIFI_DROP,
18.2488,20,STA,WIFI_DROP,
18.2488,21,STA,WIFI_DROP,
18.2512,20,STA,WIFI_DROP,
18.2512,21,STA,WIFI_DROP,
18.2536,20,STA,WIFI_DROP,
18.2536,21,STA,WIFI_DROP,
18.256,20,STA,WIFI_DROP,
18.256,21,STA,WIFI_DROP,
18.2584,20,STA,WIFI_DROP,
18.2584,21,STA,WIFI_DROP,
18.2608,20,STA,WIFI_DROP,
18.2608,21,STA,WIFI_DROP,
18.2632,20,STA,WIFI_DROP,
18.2632,21,STA,WIFI_DROP,
18.2656,20,STA,WIFI_DROP,
18.2656,21,STA,WIFI_DROP,
18.268,20,STA,WIFI_DROP,
18.268,21,STA,WIFI_DROP,
18.2704,20,STA,WIFI_DROP,
18.2704,21,STA,WIFI_DROP,
18.2728,20,STA,WIFI_DROP,
18.2728,21,STA,WIFI_DROP,
18.2752,20,STA,WIFI_DROP,
18.2752,21,STA,WIFI_DROP,
18.2776,20,STA,WIFI_DROP,
18.2776,21,STA,WIFI_DROP,
18.28,20,STA,WIFI_DROP,
18.28,21,STA,WIFI_DROP,
18.2824,20,STA,WIFI_DROP,
18.2824,21,STA,WIFI_DROP,
18.2848,20,STA,WIFI_DROP,
18.2848,21,STA,WIFI_DROP,
18.2872,20,STA,WIFI_DROP,
18.2872,21,STA,WIFI_DROP,
18.2896,20,STA,WIFI_DROP,
18.2896,21,STA,WIFI_DROP,
18.292,20,STA,WIFI_DROP,
18.292,21,STA,WIFI_DROP,
18.2944,20,STA,WIFI_DROP,
18.2944,21,STA,WIFI_DROP,
18.2968,20,STA,WIFI_DROP,
18.2968,21,STA,WIFI_DROP,
18.2992,20,STA,WIFI_DROP,
18.2992,21,STA,WIFI_DROP,
18.3016,20,STA,WIFI_DROP,
18.3016,21,STA,WIFI_DROP,
18.304,20,STA,WIFI_DROP,
18.304,21,STA,WIFI_DROP,
18.3064,20,STA,WIFI_DROP,
18.3064,21,STA,WIFI_DROP,
18.3088,20,STA,WIFI_DROP,
18.3088,21,STA,WIFI_DROP,
18.3112,20,STA,WIFI_DROP,
18.3112,21,STA,WIFI_DROP,
18.3136,20,STA,WIFI_DROP,
18.3136,21,STA,WIFI_DROP,
18.316,20,STA,WIFI_DROP,
18.316,21,STA,WIFI_DROP,
18.3184,20,STA,WIFI_DROP,
18.3184,21,STA,WIFI_DROP,
18.3208,20,STA,WIFI_DROP,
18.3208,21,STA,WIFI_DROP,
18.3232,20,STA,WIFI_DROP,
18.3232,21,STA,WIFI_DROP,
18.3256,20,STA,WIFI_DROP,
18.3256,21,STA,WIFI_DROP,
18.328,20,STA,WIFI_DROP,
18.328,21,STA,WIFI_DROP,
18.3304,20,STA,WIFI_DROP,
18.3304,21,STA,WIFI_DROP,
18.3328,20,STA,WIFI_DROP,
18.3328,21,STA,WIFI_DROP,
18.3352,20,STA,WIFI_DROP,
18.3352,21,STA,WIFI_DROP,
18.3376,20,STA,WIFI_DROP,
18.3376,21,STA,WIFI_DROP,
18.34,20,STA,WIFI_DROP,
18.34,21,STA,WIFI_DROP,
18.3424,20,STA,WIFI_DROP,
18.3424,21,STA,WIFI_DROP,
18.3448,20,STA,WIFI_DROP,
18.3448,21,STA,WIFI_DROP,
18.3472,20,STA,WIFI_DROP,
18.3472,21,STA,WIFI_DROP,
18.3496,20,STA,WIFI_DROP,
18.3496,21,STA,WIFI_DROP,
18.352,20,STA,WIFI_DROP,
18.352,21,STA,WIFI_DROP,
18.3544,20,STA,WIFI_DROP,
18.3544,21,STA,WIFI_DROP,
18.3568,20,STA,WIFI_DROP,
18.3568,21,STA,WIFI_DROP,
18.3592,20,STA,WIFI_DROP,
18.3592,21,STA,WIFI_DROP,
18.3616,20,STA,WIFI_DROP,
18.3616,21,STA,WIFI_DROP,
18.364,20,STA,WIFI_DROP,
18.364,21,STA,WIFI_DROP,
18.3664,20,STA,WIFI_DROP,
18.3664,21,STA,WIFI_DROP,
18.3688,20,STA,WIFI_DROP,
18.3688,21,STA,WIFI_DROP,
18.3712,20,STA,WIFI_DROP,
18.3712,21,STA,WIFI_DROP,
18.3736,20,STA,WIFI_DROP,
18.3736,21,STA,WIFI_DROP,
18.376,20,STA,WIFI_DROP,
18.376,21,STA,WIFI_DROP,
18.3784,20,STA,WIFI_DROP,
18.3784,21,STA,WIFI_DROP,
18.3808,20,STA,WIFI_DROP,
18.3808,21,STA,WIFI_DROP,
18.3832,20,STA,WIFI_DROP,
18.3832,21,STA,WIFI_DROP,
18.3856,20,STA,WIFI_DROP,
18.3856,21,STA,WIFI_DROP,
18.388,20,STA,WIFI_DROP,
18.388,21,STA,WIFI_DROP,
18.3904,20,STA,WIFI_DROP,
18.3904,21,STA,WIFI_DROP,
18.3928,20,STA,WIFI_DROP,
18.3928,21,STA,WIFI_DROP,
18.3952,20,STA,WIFI_DROP,
18.3952,21,STA,WIFI_DROP,
18.3976,20,STA,WIFI_DROP,
18.3976,21,STA,WIFI_DROP,
18.4,20,STA,WIFI_DROP,
18.4,21,STA,WIFI_DROP,
18.4024,20,STA,WIFI_DROP,
18.4024,21,STA,WIFI_DROP,
18.4048,20,STA,WIFI_DROP,
18.4048,21,STA,WIFI_DROP,
18.4072,20,STA,WIFI_DROP,
18.4072,21,STA,WIFI_DROP,
18.4096,20,STA,WIFI_DROP,
18.4096,21,STA,WIFI_DROP,
18.412,20,STA,WIFI_DROP,
18.412,21,STA,WIFI_DROP,
18.4144,20,STA,WIFI_DROP,
18.4144,21,STA,WIFI_DROP,
18.4168,20,STA,WIFI_DROP,
18.4168,21,STA,WIFI_DROP,
18.4192,20,STA,WIFI_DROP,
18.4192,21,STA,WIFI_DROP,
18.4216,20,STA,WIFI_DROP,
18.4216,21,STA,WIFI_DROP,
18.424,20,STA,WIFI_DROP,
18.424,21,STA,WIFI_DROP,
18.4264,20,STA,WIFI_DROP,
18.4264,21,STA,WIFI_DROP,
18.4288,20,STA,WIFI_DROP,
18.4288,21,STA,WIFI_DROP,
18.4312,20,STA,WIFI_DROP,
18.4312,21,STA,WIFI_DROP,
18.4336,20,STA,WIFI_DROP,
18.4336,21,STA,WIFI_DROP,
18.436,20,STA,WIFI_DROP,
18.436,21,STA,WIFI_DROP,
18.4384,20,STA,WIFI_DROP,
18.4384,21,STA,WIFI_DROP,
18.4408,20,STA,WIFI_DROP,
18.4408,21,STA,WIFI_DROP,
18.4432,20,STA,WIFI_DROP,
18.4432,21,STA,WIFI_DROP,
18.4456,20,STA,WIFI_DROP,
18.4456,21,STA,WIFI_DROP,
18.448,20,STA,WIFI_DROP,
18.448,21,STA,WIFI_DROP,
18.4504,20,STA,WIFI_DROP,
18.4504,21,STA,WIFI_DROP,
18.4528,20,STA,WIFI_DROP,
18.4528,21,STA,WIFI_DROP,
18.4552,20,STA,WIFI_DROP,
18.4552,21,STA,WIFI_DROP,
18.4576,20,STA,WIFI_DROP,
18.4576,21,STA,WIFI_DROP,
18.46,20,STA,WIFI_DROP,
18.46,21,STA,WIFI_DROP,
18.4624,20,STA,WIFI_DROP,
18.4624,21,STA,WIFI_DROP,
18.4648,20,STA,WIFI_DROP,
18.4648,21,STA,WIFI_DROP,
18.4672,20,STA,WIFI_DROP,
18.4672,21,STA,WIFI_DROP,
18.4696,20,STA,WIFI_DROP,
18.4696,21,STA,WIFI_DROP,
18.472,20,STA,WIFI_DROP,
18.472,21,STA,WIFI_DROP,
18.4744,20,STA,WIFI_DROP,
18.4744,21,STA,WIFI_DROP,
18.4768,20,STA,WIFI_DROP,
18.4768,21,STA,WIFI_DROP,
18.4792,20,STA,WIFI_DROP,
18.4792,21,STA,WIFI_DROP,
18.4816,20,STA,WIFI_DROP,
18.4816,21,STA,WIFI_DROP,
18.484,20,STA,WIFI_DROP,
18.484,21,STA,WIFI_DROP,
18.4864,20,STA,WIFI_DROP,
18.4864,21,STA,WIFI_DROP,
18.4888,20,STA,WIFI_DROP,
18.4888,21,STA,WIFI_DROP,
18.4912,20,STA,WIFI_DROP,
18.4912,21,STA,WIFI_DROP,
18.4936,20,STA,WIFI_DROP,
18.4936,21,STA,WIFI_DROP,
18.496,20,STA,WIFI_DROP,
18.496,21,STA,WIFI_DROP,
18.4984,20,STA,WIFI_DROP,
18.4984,21,STA,WIFI_DROP,
18.5008,20,STA,WIFI_DROP,
18.5008,21,STA,WIFI_DROP,
18.5032,20,STA,WIFI_DROP,
18.5032,21,STA,WIFI_DROP,
18.5056,20,STA,WIFI_DROP,
18.5056,21,STA,WIFI_DROP,
18.508,20,STA,WIFI_DROP,
18.508,21,STA,WIFI_DROP,
18.5104,20,STA,WIFI_DROP,
18.5104,21,STA,WIFI_DROP,
18.5128,20,STA,WIFI_DROP,
18.5128,21,STA,WIFI_DROP,
18.5152,20,STA,WIFI_DROP,
18.5152,21,STA,WIFI_DROP,
18.5176,20,STA,WIFI_DROP,
18.5176,21,STA,WIFI_DROP,
18.52,20,STA,WIFI_DROP,
18.52,21,STA,WIFI_DROP,
18.5224,20,STA,WIFI_DROP,
18.5224,21,STA,WIFI_DROP,
18.5248,20,STA,WIFI_DROP,
18.5248,21,STA,WIFI_DROP,
18.5272,20,STA,WIFI_DROP,
18.5272,21,STA,WIFI_DROP,
18.5296,20,STA,WIFI_DROP,
18.5296,21,STA,WIFI_DROP,
18.532,20,STA,WIFI_DROP,
18.532,21,STA,WIFI_DROP,
18.5344,20,STA,WIFI_DROP,
18.5344,21,STA,WIFI_DROP,
18.5368,20,STA,WIFI_DROP,
18.5368,21,STA,WIFI_DROP,
18.5392,20,STA,WIFI_DROP,
18.5392,21,STA,WIFI_DROP,
18.5416,20,STA,WIFI_DROP,
18.5416,21,STA,WIFI_DROP,
18.544,20,STA,WIFI_DROP,
18.544,21,STA,WIFI_DROP,
18.5464,20,STA,WIFI_DROP,
18.5464,21,STA,WIFI_DROP,
18.5488,20,STA,WIFI_DROP,
18.5488,21,STA,WIFI_DROP,
18.5512,20,STA,WIFI_DROP,
18.5512,21,STA,WIFI_DROP,
18.5536,20,STA,WIFI_DROP,
18.5536,21,STA,WIFI_DROP,
18.556,20,STA,WIFI_DROP,
18.556,21,STA,WIFI_DROP,
18.5584,20,STA,WIFI_DROP,
18.5584,21,STA,WIFI_DROP,
18.5608,20,STA,WIFI_DROP,
18.5608,21,STA,WIFI_DROP,
18.5632,20,STA,WIFI_DROP,
18.5632,21,STA,WIFI_DROP,
18.5656,20,STA,WIFI_DROP,
18.5656,21,STA,WIFI_DROP,
18.568,20,STA,WIFI_DROP,
18.568,21,STA,WIFI_DROP,
18.5704,20,STA,WIFI_DROP,
18.5704,21,STA,WIFI_DROP,
18.5728,20,STA,WIFI_DROP,
18.5728,21,STA,WIFI_DROP,
18.5752,20,STA,WIFI_DROP,
18.5752,21,STA,WIFI_DROP,
18.5776,20,STA,WIFI_DROP,
18.5776,21,STA,WIFI_DROP,
18.58,20,STA,WIFI_DROP,
18.58,21,STA,WIFI_DROP,
18.5824,20,STA,WIFI_DROP,
18.5824,21,STA,WIFI_DROP,
18.5848,20,STA,WIFI_DROP,
18.5848,21,STA,WIFI_DROP,
18.5872,20,STA,WIFI_DROP,
18.5872,21,STA,WIFI_DROP,
18.5896,20,STA,WIFI_DROP,
18.5896,21,STA,WIFI_DROP,
18.592,20,STA,WIFI_DROP,
18.592,21,STA,WIFI_DROP,
18.5944,20,STA,WIFI_DROP,
18.5944,21,STA,WIFI_DROP,
18.5968,20,STA,WIFI_DROP,
18.5968,21,STA,WIFI_DROP,
18.5992,20,STA,WIFI_DROP,
18.5992,21,STA,WIFI_DROP,
18.6016,20,STA,WIFI_DROP,
18.6016,21,STA,WIFI_DROP,
18.604,20,STA,WIFI_DROP,
18.604,21,STA,WIFI_DROP,
18.6064,20,STA,WIFI_DROP,
18.6064,21,STA,WIFI_DROP,
18.6088,20,STA,WIFI_DROP,
18.6088,21,STA,WIFI_DROP,
18.6112,20,STA,WIFI_DROP,
18.6112,21,STA,WIFI_DROP,
18.6136,20,STA,WIFI_DROP,
18.6136,21,STA,WIFI_DROP,
18.616,20,STA,WIFI_DROP,
18.616,21,STA,WIFI_DROP,
18.6184,20,STA,WIFI_DROP,
18.6184,21,STA,WIFI_DROP,
18.6208,20,STA,WIFI_DROP,
18.6208,21,STA,WIFI_DROP,
18.6232,20,STA,WIFI_DROP,
18.6232,21,STA,WIFI_DROP,
18.6256,20,STA,WIFI_DROP,
18.6256,21,STA,WIFI_DROP,
18.628,20,STA,WIFI_DROP,
18.628,21,STA,WIFI_DROP,
18.6304,20,STA,WIFI_DROP,
18.6304,21,STA,WIFI_DROP,
18.6328,20,STA,WIFI_DROP,
18.6328,21,STA,WIFI_DROP,
18.6352,20,STA,WIFI_DROP,
18.6352,21,STA,WIFI_DROP,
18.6376,20,STA,WIFI_DROP,
18.6376,21,STA,WIFI_DROP,
18.64,20,STA,WIFI_DROP,
18.64,21,STA,WIFI_DROP,
18.6424,20,STA,WIFI_DROP,
18.6424,21,STA,WIFI_DROP,
18.6448,20,STA,WIFI_DROP,
18.6448,21,STA,WIFI_DROP,
18.6472,20,STA,WIFI_DROP,
18.6472,21,STA,WIFI_DROP,
18.6496,20,STA,WIFI_DROP,
18.6496,21,STA,WIFI_DROP,
18.652,20,STA,WIFI_DROP,
18.652,21,STA,WIFI_DROP,
18.6544,20,STA,WIFI_DROP,
18.6544,21,STA,WIFI_DROP,
18.6568,20,STA,WIFI_DROP,
18.6568,21,STA,WIFI_DROP,
18.6592,20,STA,WIFI_DROP,
18.6592,21,STA,WIFI_DROP,
18.6616,20,STA,WIFI_DROP,
18.6616,21,STA,WIFI_DROP,
18.664,20,STA,WIFI_DROP,
18.664,21,STA,WIFI_DROP,
18.6664,20,STA,WIFI_DROP,
18.6664,21,STA,WIFI_DROP,
18.6688,20,STA,WIFI_DROP,
18.6688,21,STA,WIFI_DROP,
18.6712,20,STA,WIFI_DROP,
18.6712,21,STA,WIFI_DROP,
18.6736,20,STA,WIFI_DROP,
18.6736,21,STA,WIFI_DROP,
18.676,20,STA,WIFI_DROP,
18.676,21,STA,WIFI_DROP,
18.6784,20,STA,WIFI_DROP,
18.6784,21,STA,WIFI_DROP,
18.6808,20,STA,WIFI_DROP,
18.6808,21,STA,WIFI_DROP,
18.6832,20,STA,WIFI_DROP,
18.6832,21,STA,WIFI_DROP,
18.6856,20,STA,WIFI_DROP,
18.6856,21,STA,WIFI_DROP,
18.688,20,STA,WIFI_DROP,
18.688,21,STA,WIFI_DROP,
18.6904,20,STA,WIFI_DROP,
18.6904,21,STA,WIFI_DROP,
18.6928,20,STA,WIFI_DROP,
18.6928,21,STA,WIFI_DROP,
18.6952,20,STA,WIFI_DROP,
18.6952,21,STA,WIFI_DROP,
18.6976,20,STA,WIFI_DROP,
18.6976,21,STA,WIFI_DROP,
18.7,20,STA,WIFI_DROP,
18.7,21,STA,WIFI_DROP,
18.7024,20,STA,WIFI_DROP,
18.7024,21,STA,WIFI_DROP,
18.7048,20,STA,WIFI_DROP,
18.7048,21,STA,WIFI_DROP,
18.7072,20,STA,WIFI_DROP,
18.7072,21,STA,WIFI_DROP,
18.7096,20,STA,WIFI_DROP,
18.7096,21,STA,WIFI_DROP,
18.712,20,STA,WIFI_DROP,
18.712,21,STA,WIFI_DROP,
18.7144,20,STA,WIFI_DROP,
18.7144,21,STA,WIFI_DROP,
18.7168,20,STA,WIFI_DROP,
18.7168,21,STA,WIFI_DROP,
18.7192,20,STA,WIFI_DROP,
18.7192,21,STA,WIFI_DROP,
18.7216,20,STA,WIFI_DROP,
18.7216,21,STA,WIFI_DROP,
18.724,20,STA,WIFI_DROP,
18.724,21,STA,WIFI_DROP,
18.7264,20,STA,WIFI_DROP,
18.7264,21,STA,WIFI_DROP,
18.7288,20,STA,WIFI_DROP,
18.7288,21,STA,WIFI_DROP,
18.7312,20,STA,WIFI_DROP,
18.7312,21,STA,WIFI_DROP,
18.7336,20,STA,WIFI_DROP,
18.7336,21,STA,WIFI_DROP,
18.736,20,STA,WIFI_DROP,
18.736,21,STA,WIFI_DROP,
18.7384,20,STA,WIFI_DROP,
18.7384,21,STA,WIFI_DROP,
18.7408,20,STA,WIFI_DROP,
18.7408,21,STA,WIFI_DROP,
18.7432,20,STA,WIFI_DROP,
18.7432,21,STA,WIFI_DROP,
18.7456,20,STA,WIFI_DROP,
18.7456,21,STA,WIFI_DROP,
18.748,20,STA,WIFI_DROP,
18.748,21,STA,WIFI_DROP,
18.7504,20,STA,WIFI_DROP,
18.7504,21,STA,WIFI_DROP,
18.7528,20,STA,WIFI_DROP,
18.7528,21,STA,WIFI_DROP,
18.7552,20,STA,WIFI_DROP,
18.7552,21,STA,WIFI_DROP,
18.7576,20,STA,WIFI_DROP,
18.7576,21,STA,WIFI_DROP,
18.76,20,STA,WIFI_DROP,
18.76,21,STA,WIFI_DROP,
18.7624,20,STA,WIFI_DROP,
18.7624,21,STA,WIFI_DROP,
18.7648,20,STA,WIFI_DROP,
18.7648,21,STA,WIFI_DROP,
18.7672,20,STA,WIFI_DROP,
18.7672,21,STA,WIFI_DROP,
18.7696,20,STA,WIFI_DROP,
18.7696,21,STA,WIFI_DROP,
18.772,20,STA,WIFI_DROP,
18.772,21,STA,WIFI_DROP,
18.7744,20,STA,WIFI_DROP,
18.7744,21,STA,WIFI_DROP,
18.7768,20,STA,WIFI_DROP,
18.7768,21,STA,WIFI_DROP,
18.7792,20,STA,WIFI_DROP,
18.7792,21,STA,WIFI_DROP,
18.7816,20,STA,WIFI_DROP,
18.7816,21,STA,WIFI_DROP,
18.784,20,STA,WIFI_DROP,
18.784,21,STA,WIFI_DROP,
18.7864,20,STA,WIFI_DROP,
18.7864,21,STA,WIFI_DROP,
18.7888,20,STA,WIFI_DROP,
18.7888,21,STA,WIFI_DROP,
18.7912,20,STA,WIFI_DROP,
18.7912,21,STA,WIFI_DROP,
18.7936,20,STA,WIFI_DROP,
18.7936,21,STA,WIFI_DROP,
18.796,20,STA,WIFI_DROP,
18.796,21,STA,WIFI_DROP,
18.7984,20,STA,WIFI_DROP,
18.7984,21,STA,WIFI_DROP,
18.8008,20,STA,WIFI_DROP,
18.8008,21,STA,WIFI_DROP,
18.8032,20,STA,WIFI_DROP,
18.8032,21,STA,WIFI_DROP,
18.8056,20,STA,WIFI_DROP,
18.8056,21,STA,WIFI_DROP,
18.808,20,STA,WIFI_DROP,
18.808,21,STA,WIFI_DROP,
18.8104,20,STA,WIFI_DROP,
18.8104,21,STA,WIFI_DROP,
18.8128,20,STA,WIFI_DROP,
18.8128,21,STA,WIFI_DROP,
18.8152,20,STA,WIFI_DROP,
18.8152,21,STA,WIFI_DROP,
18.8176,20,STA,WIFI_DROP,
18.8176,21,STA,WIFI_DROP,
18.82,20,STA,WIFI_DROP,
18.82,21,STA,WIFI_DROP,
18.8224,20,STA,WIFI_DROP,
18.8224,21,STA,WIFI_DROP,
18.8248,21,STA,WIFI_DROP,
18.8272,21,STA,WIFI_DROP,
18.8296,21,STA,WIFI_DROP,
18.832,21,STA,WIFI_DROP,
18.8344,21,STA,WIFI_DROP,
18.8368,21,STA,WIFI_DROP,
18.8392,21,STA,WIFI_DROP,
18.8416,21,STA,WIFI_DROP,
18.844,21,STA,WIFI_DROP,
18.8464,20,STA,WIFI_DROP,
18.8464,21,STA,WIFI_DROP,
18.8488,20,STA,WIFI_DROP,
18.8488,21,STA,WIFI_DROP,
18.8512,20,STA,WIFI_DROP,
18.8512,21,STA,WIFI_DROP,
18.8536,20,STA,WIFI_DROP,
18.8536,21,STA,WIFI_DROP,
18.856,20,STA,WIFI_DROP,
18.856,21,STA,WIFI_DROP,
18.8584,20,STA,WIFI_DROP,
18.8584,21,STA,WIFI_DROP,
18.8608,20,STA,WIFI_DROP,
18.8608,21,STA,WIFI_DROP,
18.8632,20,STA,WIFI_DROP,
18.8632,21,STA,WIFI_DROP,
18.8656,20,STA,WIFI_DROP,
18.8656,21,STA,WIFI_DROP,
18.868,20,STA,WIFI_DROP,
18.868,21,STA,WIFI_DROP,
18.8704,20,STA,WIFI_DROP,
18.8704,21,STA,WIFI_DROP,
18.8728,20,STA,WIFI_DROP,
18.8728,21,STA,WIFI_DROP,
18.8752,20,STA,WIFI_DROP,
18.8752,21,STA,WIFI_DROP,
18.8776,20,STA,WIFI_DROP,
18.88,20,STA,WIFI_DROP,
18.8824,20,STA,WIFI_DROP,
18.8848,20,STA,WIFI_DROP,
18.8872,20,STA,WIFI_DROP,
18.8896,20,STA,WIFI_DROP,
18.892,20,STA,WIFI_DROP,
18.8944,20,STA,WIFI_DROP,
18.8968,20,STA,WIFI_DROP,
18.8968,21,STA,WIFI_DROP,
18.8992,21,STA,WIFI_DROP,
18.9016,21,STA,WIFI_DROP,
18.904,21,STA,WIFI_DROP,
18.9064,21,STA,WIFI_DROP,
18.9088,21,STA,WIFI_DROP,
18.9112,21,STA,WIFI_DROP,
18.9136,21,STA,WIFI_DROP,
18.916,21,STA,WIFI_DROP,
18.9184,21,STA,WIFI_DROP,
18.9208,21,STA,WIFI_DROP,
18.9232,21,STA,WIFI_DROP,
18.9256,21,STA,WIFI_DROP,
18.928,21,STA,WIFI_DROP,
18.9304,21,STA,WIFI_DROP,
18.9328,21,STA,WIFI_DROP,
18.9352,21,STA,WIFI_DROP,
18.9376,21,STA,WIFI_DROP,
18.94,21,STA,WIFI_DROP,
18.9424,21,STA,WIFI_DROP,
18.9448,21,STA,WIFI_DROP,
18.9472,21,STA,WIFI_DROP,
18.9496,21,STA,WIFI_DROP,
18.952,21,STA,WIFI_DROP,
18.9544,21,STA,WIFI_DROP,
18.9568,21,STA,WIFI_DROP,
18.9592,21,STA,WIFI_DROP,
18.9616,21,STA,WIFI_DROP,
18.964,21,STA,WIFI_DROP,
18.9664,21,STA,WIFI_DROP,
18.9688,21,STA,WIFI_DROP,
18.9712,21,STA,WIFI_DROP,
18.9736,21,STA,WIFI_DROP,
18.976,21,STA,WIFI_DROP,
18.9784,21,STA,WIFI_DROP,
18.9808,21,STA,WIFI_DROP,
18.9832,21,STA,WIFI_DROP,
18.9856,21,STA,WIFI_DROP,
18.988,21,STA,WIFI_DROP,
18.9904,21,STA,WIFI_DROP,
18.9928,21,STA,WIFI_DROP,
18.9952,21,STA,WIFI_DROP,
18.9976,21,STA,WIFI_DROP,
19,2,STA,THROUGHPUT_MBPS,3.996000
19,3,STA,THROUGHPUT_MBPS,4.572000
19,5,STA,THROUGHPUT_MBPS,1.236000
19,6,STA,THROUGHPUT_MBPS,1.380000
19,7,STA,THROUGHPUT_MBPS,0.084000
19,9,STA,THROUGHPUT_MBPS,2.256000
19,12,STA,THROUGHPUT_MBPS,4.812000
19,13,STA,THROUGHPUT_MBPS,2.400000
19,14,STA,THROUGHPUT_MBPS,2.700000
19,15,STA,THROUGHPUT_MBPS,1.524000
19,16,STA,THROUGHPUT_MBPS,2.580000
19,17,STA,THROUGHPUT_MBPS,3.792000
19,18,STA,THROUGHPUT_MBPS,0.624000
19,19,STA,THROUGHPUT_MBPS,2.652000
19,1,AP,AGGREGATE_THROUGHPUT_MBPS,34.608000
19,1,AP,SENT_COUNT,8320.000000
19,1,AP,RECV_COUNT,2884.000000
19,1,AP,LATENCY_P95_MS,536.438905
