Time_s,NodeID,NodeType,Action,Value
0,2,STA,FIXED_STA_DISTANCE,85.000000
0,3,STA,FIXED_STA_DISTANCE,85.000000
0,4,STA,FIXED_STA_DISTANCE,85.000000
0,5,STA,FIXED_STA_DISTANCE,85.000000
0,6,STA,FIXED_STA_DISTANCE,85.000000
0,7,STA,FIXED_STA_DISTANCE,85.000000
0,8,STA,FIXED_STA_DISTANCE,85.000000
0,9,STA,FIXED_STA_DISTANCE,85.000000
0,10,STA,FIXED_STA_DISTANCE,85.000000
0,11,STA,FIXED_STA_DISTANCE,85.000000
0,12,STA,FIXED_STA_DISTANCE,85.000000
0,13,STA,FIXED_STA_DISTANCE,85.000000
0,14,STA,FIXED_STA_DISTANCE,85.000000
0,15,STA,FIXED_STA_DISTANCE,85.000000
0,16,STA,FIXED_STA_DISTANCE,85.000000
0,17,STA,FIXED_STA_DISTANCE,85.000000
0,18,STA,FIXED_STA_DISTANCE,85.000000
0,19,STA,FIXED_STA_DISTANCE,85.000000
0,20,STA,FIXED_STA_DISTANCE,85.000000
0,21,STA,FIXED_STA_DISTANCE,85.000000
0,2,STA,FIXED_TX_POWER_DBM,24.000000
0,2,STA,NAKAGAMI_FADING,1.000000
0.0522489,9,STA,ASSOC,
0.0522489,9,STA,JOINED,
0.055367,18,STA,ASSOC,
0.055367,18,STA,JOINED,
0.0597738,16,STA,ASSOC,
0.0597738,16,STA,JOINED,
0.101896,21,STA,ASSOC,
0.101896,21,STA,JOINED,
0.104727,6,STA,ASSOC,
0.104727,6,STA,JOINED,
0.108068,2,STA,ASSOC,
0.108068,2,STA,JOINED,
0.110293,13,STA,ASSOC,
0.110293,13,STA,JOINED,
0.114147,11,STA,ASSOC,
0.114147,11,STA,JOINED,
0.119769,19,STA,ASSOC,
0.119769,19,STA,JOINED,
0.154963,5,STA,ASSOC,
0.154963,5,STA,JOINED,
0.155308,7,STA,ASSOC,
0.155308,7,STA,JOINED,
0.202615,3,STA,ASSOC,
0.202615,3,STA,JOINED,
0.205795,14,STA,ASSOC,
0.205795,14,STA,JOINED,
0.209679,20,STA,ASSOC,
0.209679,20,STA,JOINED,
0.213224,4,STA,ASSOC,
0.213224,4,STA,JOINED,
0.25338,17,STA,ASSOC,
0.25338,17,STA,JOINED,
0.403893,8,STA,ASSOC,
0.403893,8,STA,JOINED,
0.652058,10,STA,ASSOC,
0.652058,10,STA,JOINED,
0.75516,15,STA,ASSOC,
0.75516,15,STA,JOINED,
1,1,AP,SENT_COUNT,
1,1,AP,RECV_COUNT,
1,12,STA,WIFI_DROP,
1.0024,12,STA,WIFI_DROP,
1.0048,12,STA,WIFI_DROP,
1.0072,12,STA,WIFI_DROP,
1.0096,12,STA,WIFI_DROP,
1.012,12,STA,WIFI_DROP,
1.0144,12,STA,WIFI_DROP,
1.0168,12,STA,WIFI_DROP,
1.0192,12,STA,WIFI_DROP,
1.0216,12,STA,WIFI_DROP,
1.024,12,STA,WIFI_DROP,
1.0264,12,STA,WIFI_DROP,
1.0288,12,STA,WIFI_DROP,
1.0312,12,STA,WIFI_DROP,
1.0336,12,STA,WIFI_DROP,
1.036,12,STA,WIFI_DROP,
1.0384,12,STA,WIFI_DROP,
1.0408,12,STA,WIFI_DROP,
1.0432,12,STA,WIFI_DROP,
1.0456,12,STA,WIFI_DROP,
1.048,12,STA,WIFI_DROP,
1.0504,12,STA,WIFI_DROP,
1.0528,12,STA,WIFI_DROP,
1.0552,12,STA,WIFI_DROP,
1.0576,12,STA,WIFI_DROP,
1.06,12,STA,WIFI_DROP,
1.0624,12,STA,WIFI_DROP,
1.0648,12,STA,WIFI_DROP,
1.0672,12,STA,WIFI_DROP,
1.0696,12,STA,WIFI_DROP,
1.072,12,STA,WIFI_DROP,
1.0744,12,STA,WIFI_DROP,
1.0768,12,STA,WIFI_DROP,
1.0792,12,STA,WIFI_DROP,
1.0816,12,STA,WIFI_DROP,
1.084,12,STA,WIFI_DROP,
1.0864,12,STA,WIFI_DROP,
1.0888,12,STA,WIFI_DROP,
1.0912,12,STA,WIFI_DROP,
1.0912,18,STA,WIFI_DROP,
1.0936,12,STA,WIFI_DROP,
1.0936,18,STA,WIFI_DROP,
1.096,12,STA,WIFI_DROP,
1.096,18,STA,WIFI_DROP,
1.0984,12,STA,WIFI_DROP,
1.0984,18,STA,WIFI_DROP,
1.1008,12,STA,WIFI_DROP,
1.1008,18,STA,WIFI_DROP,
1.1032,12,STA,WIFI_DROP,
1.1032,18,STA,WIFI_DROP,
1.1056,12,STA,WIFI_DROP,
1.1056,18,STA,WIFI_DROP,
1.108,12,STA,WIFI_DROP,
1.108,18,STA,WIFI_DROP,
1.1104,12,STA,WIFI_DROP,
1.1104,18,STA,WIFI_DROP,
1.1128,12,STA,WIFI_DROP,
1.1128,18,STA,WIFI_DROP,
1.1152,12,STA,WIFI_DROP,
1.1152,18,STA,WIFI_DROP,
1.1176,12,STA,WIFI_DROP,
1.1176,18,STA,WIFI_DROP,
1.12,12,STA,WIFI_DROP,
1.12,18,STA,WIFI_DROP,
1.1224,12,STA,WIFI_DROP,
1.1224,18,STA,WIFI_DROP,
1.1248,12,STA,WIFI_DROP,
1.1248,18,STA,WIFI_DROP,
1.1272,12,STA,WIFI_DROP,
1.1272,18,STA,WIFI_DROP,
1.1296,12,STA,WIFI_DROP,
1.1296,18,STA,WIFI_DROP,
1.132,12,STA,WIFI_DROP,
1.132,18,STA,WIFI_DROP,
1.1344,12,STA,WIFI_DROP,
1.1344,18,STA,WIFI_DROP,
1.1368,12,STA,WIFI_DROP,
1.1368,18,STA,WIFI_DROP,
1.1392,12,STA,WIFI_DROP,
1.1392,18,STA,WIFI_DROP,
1.1416,12,STA,WIFI_DROP,
1.1416,18,STA,WIFI_DROP,
1.144,12,STA,WIFI_DROP,
1.144,18,STA,WIFI_DROP,
1.1464,12,STA,WIFI_DROP,
1.1464,18,STA,WIFI_DROP,
1.1488,12,STA,WIFI_DROP,
1.1488,18,STA,WIFI_DROP,
1.1512,12,STA,WIFI_DROP,
1.1512,18,STA,WIFI_DROP,
1.1536,12,STA,WIFI_DROP,
1.1536,18,STA,WIFI_DROP,
1.156,12,STA,WIFI_DROP,
1.156,18,STA,WIFI_DROP,
1.1584,12,STA,WIFI_DROP,
1.1584,18,STA,WIFI_DROP,
1.1608,12,STA,WIFI_DROP,
1.1608,18,STA,WIFI_DROP,
1.1632,12,STA,WIFI_DROP,
1.1632,18,STA,WIFI_DROP,
1.1656,12,STA,WIFI_DROP,
1.1656,18,STA,WIFI_DROP,
1.168,12,STA,WIFI_DROP,
1.168,18,STA,WIFI_DROP,
1.1704,12,STA,WIFI_DROP,
1.1704,18,STA,WIFI_DROP,
1.1728,12,STA,WIFI_DROP,
1.1728,18,STA,WIFI_DROP,
1.1752,12,STA,WIFI_DROP,
1.1752,18,STA,WIFI_DROP,
1.1776,12,STA,WIFI_DROP,
1.1776,18,STA,WIFI_DROP,
1.18,12,STA,WIFI_DROP,
1.18,18,STA,WIFI_DROP,
1.1824,12,STA,WIFI_DROP,
1.1824,18,STA,WIFI_DROP,
1.1848,12,STA,WIFI_DROP,
1.1848,18,STA,WIFI_DROP,
1.1872,12,STA,WIFI_DROP,
1.1872,18,STA,WIFI_DROP,
1.1896,12,STA,WIFI_DROP,
1.1896,18,STA,WIFI_DROP,
1.192,12,STA,WIFI_DROP,
1.1944,12,STA,WIFI_DROP,
1.1968,12,STA,WIFI_DROP,
1.1992,12,STA,WIFI_DROP,
1.2016,12,STA,WIFI_DROP,
1.20398,12,STA,ASSOC,
1.20398,12,STA,JOINED,
1.2256,12,STA,WIFI_DROP,
1.228,12,STA,WIFI_DROP,
1.2304,12,STA,WIFI_DROP,
1.2328,12,STA,WIFI_DROP,
1.2352,12,STA,WIFI_DROP,
1.2376,12,STA,WIFI_DROP,
1.24,12,STA,WIFI_DROP,
1.2424,12,STA,WIFI_DROP,
1.2448,12,STA,WIFI_DROP,
1.2472,12,STA,WIFI_DROP,
1.2496,12,STA,WIFI_DROP,
1.252,12,STA,WIFI_DROP,
1.2544,12,STA,WIFI_DROP,
1.2568,12,STA,WIFI_DROP,
1.2592,12,STA,WIFI_DROP,
1.2616,12,STA,WIFI_DROP,
1.264,12,STA,WIFI_DROP,
1.2664,12,STA,WIFI_DROP,
1.2688,12,STA,WIFI_DROP,
1.2712,12,STA,WIFI_DROP,
1.2736,12,STA,WIFI_DROP,
1.276,12,STA,WIFI_DROP,
1.276,15,STA,WIFI_DROP,
1.2784,12,STA,WIFI_DROP,
1.2784,15,STA,WIFI_DROP,
1.2808,12,STA,WIFI_DROP,
1.2808,15,STA,WIFI_DROP,
1.2832,12,STA,WIFI_DROP,
1.2832,15,STA,WIFI_DROP,
1.2856,12,STA,WIFI_DROP,
1.2856,15,STA,WIFI_DROP,
1.288,12,STA,WIFI_DROP,
1.288,15,STA,WIFI_DROP,
1.2904,12,STA,WIFI_DROP,
1.2904,15,STA,WIFI_DROP,
1.2928,12,STA,WIFI_DROP,
1.2928,15,STA,WIFI_DROP,
1.2952,12,STA,WIFI_DROP,
1.2952,15,STA,WIFI_DROP,
1.2976,12,STA,WIFI_DROP,
1.2976,15,STA,WIFI_DROP,
1.3,12,STA,WIFI_DROP,
1.3,15,STA,WIFI_DROP,
1.3024,12,STA,WIFI_DROP,
1.3024,15,STA,WIFI_DROP,
1.3048,12,STA,WIFI_DROP,
1.3048,15,STA,WIFI_DROP,
1.3072,12,STA,WIFI_DROP,
1.3072,15,STA,WIFI_DROP,
1.3096,12,STA,WIFI_DROP,
1.3096,15,STA,WIFI_DROP,
1.312,12,STA,WIFI_DROP,
1.312,15,STA,WIFI_DROP,
1.3144,12,STA,WIFI_DROP,
1.3144,15,STA,WIFI_DROP,
1.3168,12,STA,WIFI_DROP,
1.3168,15,STA,WIFI_DROP,
1.3192,12,STA,WIFI_DROP,
1.3192,15,STA,WIFI_DROP,
1.3216,12,STA,WIFI_DROP,
1.3216,15,STA,WIFI_DROP,
1.324,12,STA,WIFI_DROP,
1.324,15,STA,WIFI_DROP,
1.3264,12,STA,WIFI_DROP,
1.3264,15,STA,WIFI_DROP,
1.3288,15,STA,WIFI_DROP,
1.3312,15,STA,WIFI_DROP,
1.3336,15,STA,WIFI_DROP,
1.336,15,STA,WIFI_DROP,
1.3384,15,STA,WIFI_DROP,
1.3408,15,STA,WIFI_DROP,
1.3432,15,STA,WIFI_DROP,
1.3456,15,STA,WIFI_DROP,
1.348,15,STA,WIFI_DROP,
1.3504,15,STA,WIFI_DROP,
1.3528,15,STA,WIFI_DROP,
1.3552,15,STA,WIFI_DROP,
1.3576,15,STA,WIFI_DROP,
1.36,15,STA,WIFI_DROP,
1.3624,15,STA,WIFI_DROP,
1.3648,15,STA,WIFI_DROP,
1.3672,15,STA,WIFI_DROP,
1.3696,15,STA,WIFI_DROP,
1.372,15,STA,WIFI_DROP,
1.3744,15,STA,WIFI_DROP,
1.3768,15,STA,WIFI_DROP,
1.3792,15,STA,WIFI_DROP,
1.3816,15,STA,WIFI_DROP,
1.384,15,STA,WIFI_DROP,
1.3864,15,STA,WIFI_DROP,
1.3888,15,STA,WIFI_DROP,
1.3912,15,STA,WIFI_DROP,
1.3936,15,STA,WIFI_DROP,
1.396,15,STA,WIFI_DROP,
1.3984,15,STA,WIFI_DROP,
1.4008,15,STA,WIFI_DROP,
1.4032,15,STA,WIFI_DROP,
1.4056,15,STA,WIFI_DROP,
1.408,15,STA,WIFI_DROP,
1.4104,15,STA,WIFI_DROP,
1.4128,15,STA,WIFI_DROP,
1.4152,15,STA,WIFI_DROP,
1.4176,15,STA,WIFI_DROP,
1.42,15,STA,WIFI_DROP,
1.4224,15,STA,WIFI_DROP,
1.4248,15,STA,WIFI_DROP,
2,2,STA,THROUGHPUT_MBPS,0.420000
2,3,STA,THROUGHPUT_MBPS,1.776000
2,5,STA,THROUGHPUT_MBPS,2.460000
2,7,STA,THROUGHPUT_MBPS,0.456000
2,8,STA,THROUGHPUT_MBPS,0.252000
2,9,STA,THROUGHPUT_MBPS,2.340000
2,10,STA,THROUGHPUT_MBPS,0.204000
2,11,STA,THROUGHPUT_MBPS,1.692000
2,12,STA,THROUGHPUT_MBPS,1.068000
2,14,STA,THROUGHPUT_MBPS,1.596000
2,15,STA,THROUGHPUT_MBPS,0.180000
2,17,STA,THROUGHPUT_MBPS,0.420000
2,18,STA,THROUGHPUT_MBPS,0.408000
2,19,STA,THROUGHPUT_MBPS,3.204000
2,20,STA,THROUGHPUT_MBPS,2.292000
2,21,STA,THROUGHPUT_MBPS,2.508000
2,1,AP,AGGREGATE_THROUGHPUT_MBPS,21.276000
2,1,AP,SENT_COUNT,8340.000000
2,1,AP,RECV_COUNT,1773.000000
2,1,AP,LATENCY_P95_MS,528.362640
2.0128,7,STA,WIFI_DROP,
2.0152,7,STA,WIFI_DROP,
2.0176,7,STA,WIFI_DROP,
2.02,7,STA,WIFI_DROP,
2.0224,7,STA,WIFI_DROP,
2.0248,7,STA,WIFI_DROP,
2.0272,7,STA,WIFI_DROP,
2.0296,7,STA,WIFI_DROP,
2.032,7,STA,WIFI_DROP,
2.0344,7,STA,WIFI_DROP,
2.0368,7,STA,WIFI_DROP,
2.0392,7,STA,WIFI_DROP,
2.0416,7,STA,WIFI_DROP,
2.044,7,STA,WIFI_DROP,
2.0464,7,STA,WIFI_DROP,
2.0488,7,STA,WIFI_DROP,
2.0512,7,STA,WIFI_DROP,
2.0536,7,STA,WIFI_DROP,
2.056,7,STA,WIFI_DROP,
2.0584,7,STA,WIFI_DROP,
2.0608,7,STA,WIFI_DROP,
2.0632,7,STA,WIFI_DROP,
2.0656,7,STA,WIFI_DROP,
2.068,7,STA,WIFI_DROP,
2.0704,7,STA,WIFI_DROP,
2.0728,7,STA,WIFI_DROP,
2.0752,7,STA,WIFI_DROP,
2.0776,7,STA,WIFI_DROP,
2.08,7,STA,WIFI_DROP,
2.0824,7,STA,WIFI_DROP,
2.0848,7,STA,WIFI_DROP,
2.0872,7,STA,WIFI_DROP,
2.0896,7,STA,WIFI_DROP,
2.092,7,STA,WIFI_DROP,
2.0944,7,STA,WIFI_DROP,
2.0968,7,STA,WIFI_DROP,
2.0992,7,STA,WIFI_DROP,
2.1016,7,STA,WIFI_DROP,
2.104,7,STA,WIFI_DROP,
2.1064,7,STA,WIFI_DROP,
2.1088,7,STA,WIFI_DROP,
2.1112,7,STA,WIFI_DROP,
2.1136,7,STA,WIFI_DROP,
2.116,7,STA,WIFI_DROP,
2.1184,7,STA,WIFI_DROP,
2.1208,7,STA,WIFI_DROP,
2.1232,7,STA,WIFI_DROP,
2.1256,7,STA,WIFI_DROP,
2.128,7,STA,WIFI_DROP,
2.1304,7,STA,WIFI_DROP,
2.1328,7,STA,WIFI_DROP,
2.1352,7,STA,WIFI_DROP,
2.1376,7,STA,WIFI_DROP,
2.14,7,STA,WIFI_DROP,
2.1424,7,STA,WIFI_DROP,
2.1448,7,STA,WIFI_DROP,
2.1472,7,STA,WIFI_DROP,
2.1496,7,STA,WIFI_DROP,
2.152,7,STA,WIFI_DROP,
2.1544,7,STA,WIFI_DROP,
2.1568,7,STA,WIFI_DROP,
2.1592,7,STA,WIFI_DROP,
2.1616,7,STA,WIFI_DROP,
2.164,7,STA,WIFI_DROP,
2.1664,7,STA,WIFI_DROP,
2.1688,7,STA,WIFI_DROP,
2.1712,7,STA,WIFI_DROP,
2.1736,7,STA,WIFI_DROP,
2.176,7,STA,WIFI_DROP,
2.1784,7,STA,WIFI_DROP,
2.1808,7,STA,WIFI_DROP,
2.1832,7,STA,WIFI_DROP,
2.1856,7,STA,WIFI_DROP,
2.188,7,STA,WIFI_DROP,
2.1904,7,STA,WIFI_DROP,
2.1928,7,STA,WIFI_DROP,
2.1952,7,STA,WIFI_DROP,
2.1976,7,STA,WIFI_DROP,
2.2,7,STA,WIFI_DROP,
2.2024,7,STA,WIFI_DROP,
2.2048,7,STA,WIFI_DROP,
2.2072,7,STA,WIFI_DROP,
2.2096,7,STA,WIFI_DROP,
2.212,7,STA,WIFI_DROP,
2.2144,7,STA,WIFI_DROP,
2.2168,7,STA,WIFI_DROP,
2.2192,7,STA,WIFI_DROP,
2.2216,7,STA,WIFI_DROP,
2.224,7,STA,WIFI_DROP,
2.2264,7,STA,WIFI_DROP,
2.2288,7,STA,WIFI_DROP,
2.2312,7,STA,WIFI_DROP,
2.2336,7,STA,WIFI_DROP,
2.236,7,STA,WIFI_DROP,
2.2384,7,STA,WIFI_DROP,
2.2408,7,STA,WIFI_DROP,
2.2432,7,STA,WIFI_DROP,
2.2456,7,STA,WIFI_DROP,
2.248,7,STA,WIFI_DROP,
2.2504,7,STA,WIFI_DROP,
2.2528,7,STA,WIFI_DROP,
2.2552,7,STA,WIFI_DROP,
2.2576,7,STA,WIFI_DROP,
2.26,7,STA,WIFI_DROP,
2.2624,7,STA,WIFI_DROP,
2.2648,7,STA,WIFI_DROP,
2.2672,7,STA,WIFI_DROP,
2.2696,7,STA,WIFI_DROP,
2.272,7,STA,WIFI_DROP,
2.2744,7,STA,WIFI_DROP,
2.2768,7,STA,WIFI_DROP,
2.2792,7,STA,WIFI_DROP,
2.2816,7,STA,WIFI_DROP,
2.284,7,STA,WIFI_DROP,
2.2864,7,STA,WIFI_DROP,
2.2888,7,STA,WIFI_DROP,
2.2912,7,STA,WIFI_DROP,
2.2936,7,STA,WIFI_DROP,
2.296,7,STA,WIFI_DROP,
2.2984,7,STA,WIFI_DROP,
2.3008,7,STA,WIFI_DROP,
2.3032,7,STA,WIFI_DROP,
2.3056,7,STA,WIFI_DROP,
2.308,7,STA,WIFI_DROP,
2.3104,7,STA,WIFI_DROP,
2.3128,7,STA,WIFI_DROP,
2.3152,7,STA,WIFI_DROP,
2.3176,7,STA,WIFI_DROP,
2.32,7,STA,WIFI_DROP,
2.3224,7,STA,WIFI_DROP,
2.3248,7,STA,WIFI_DROP,
2.3272,7,STA,WIFI_DROP,
2.3296,7,STA,WIFI_DROP,
2.332,7,STA,WIFI_DROP,
2.3344,7,STA,WIFI_DROP,
2.3368,7,STA,WIFI_DROP,
2.3392,7,STA,WIFI_DROP,
2.3416,7,STA,WIFI_DROP,
2.344,7,STA,WIFI_DROP,
2.3464,7,STA,WIFI_DROP,
2.3488,7,STA,WIFI_DROP,
2.3512,7,STA,WIFI_DROP,
2.3536,7,STA,WIFI_DROP,
2.356,7,STA,WIFI_DROP,
2.3584,7,STA,WIFI_DROP,
2.3608,7,STA,WIFI_DROP,
2.3632,7,STA,WIFI_DROP,
2.3656,7,STA,WIFI_DROP,
2.368,7,STA,WIFI_DROP,
2.3704,7,STA,WIFI_DROP,
2.3728,7,STA,WIFI_DROP,
2.3752,7,STA,WIFI_DROP,
2.3776,7,STA,WIFI_DROP,
2.38,7,STA,WIFI_DROP,
2.3824,7,STA,WIFI_DROP,
2.3848,7,STA,WIFI_DROP,
2.3872,7,STA,WIFI_DROP,
2.3896,7,STA,WIFI_DROP,
2.392,7,STA,WIFI_DROP,
2.3944,7,STA,WIFI_DROP,
2.3968,7,STA,WIFI_DROP,
2.3992,7,STA,WIFI_DROP,
2.4016,7,STA,WIFI_DROP,
2.404,7,STA,WIFI_DROP,
2.4064,7,STA,WIFI_DROP,
2.4088,7,STA,WIFI_DROP,
2.4112,7,STA,WIFI_DROP,
2.4136,7,STA,WIFI_DROP,
2.416,7,STA,WIFI_DROP,
2.4184,7,STA,WIFI_DROP,
2.4208,7,STA,WIFI_DROP,
2.4232,7,STA,WIFI_DROP,
2.4256,7,STA,WIFI_DROP,
2.428,7,STA,WIFI_DROP,
2.4304,7,STA,WIFI_DROP,
2.4328,7,STA,WIFI_DROP,
2.4352,7,STA,WIFI_DROP,
2.4376,7,STA,WIFI_DROP,
2.44,7,STA,WIFI_DROP,
2.4424,7,STA,WIFI_DROP,
2.4448,7,STA,WIFI_DROP,
2.4472,7,STA,WIFI_DROP,
2.4496,7,STA,WIFI_DROP,
2.452,7,STA,WIFI_DROP,
2.4544,7,STA,WIFI_DROP,
2.4568,7,STA,WIFI_DROP,
2.4592,7,STA,WIFI_DROP,
2.4616,7,STA,WIFI_DROP,
2.464,7,STA,WIFI_DROP,
2.4664,7,STA,WIFI_DROP,
2.4688,7,STA,WIFI_DROP,
2.4712,7,STA,WIFI_DROP,
2.4736,7,STA,WIFI_DROP,
2.476,7,STA,WIFI_DROP,
2.4784,7,STA,WIFI_DROP,
2.4808,7,STA,WIFI_DROP,
2.4832,7,STA,WIFI_DROP,
2.4856,7,STA,WIFI_DROP,
2.488,7,STA,WIFI_DROP,
2.4904,7,STA,WIFI_DROP,
2.4928,7,STA,WIFI_DROP,
2.4952,7,STA,WIFI_DROP,
2.4976,7,STA,WIFI_DROP,
2.5,7,STA,WIFI_DROP,
2.5024,7,STA,WIFI_DROP,
2.5048,7,STA,WIFI_DROP,
2.5072,7,STA,WIFI_DROP,
2.5096,7,STA,WIFI_DROP,
2.512,7,STA,WIFI_DROP,
2.5144,7,STA,WIFI_DROP,
2.5168,7,STA,WIFI_DROP,
2.5192,7,STA,WIFI_DROP,
2.5216,7,STA,WIFI_DROP,
2.524,7,STA,WIFI_DROP,
2.5264,7,STA,WIFI_DROP,
2.5288,7,STA,WIFI_DROP,
2.5288,16,STA,WIFI_DROP,
2.5288,17,STA,WIFI_DROP,
2.5312,7,STA,WIFI_DROP,
2.5312,16,STA,WIFI_DROP,
2.5312,17,STA,WIFI_DROP,
2.5336,7,STA,WIFI_DROP,
2.5336,16,STA,WIFI_DROP,
2.5336,17,STA,WIFI_DROP,
2.536,7,STA,WIFI_DROP,
2.536,16,STA,WIFI_DROP,
2.536,17,STA,WIFI_DROP,
2.5384,7,STA,WIFI_DROP,
2.5384,16,STA,WIFI_DROP,
2.5384,17,STA,WIFI_DROP,
2.5408,7,STA,WIFI_DROP,
2.5408,16,STA,WIFI_DROP,
2.5408,17,STA,WIFI_DROP,
2.5432,7,STA,WIFI_DROP,
2.5432,16,STA,WIFI_DROP,
2.5432,17,STA,WIFI_DROP,
2.5456,7,STA,WIFI_DROP,
2.5456,16,STA,WIFI_DROP,
2.5456,17,STA,WIFI_DROP,
2.548,7,STA,WIFI_DROP,
2.548,16,STA,WIFI_DROP,
2.548,17,STA,WIFI_DROP,
2.5504,7,STA,WIFI_DROP,
2.5504,16,STA,WIFI_DROP,
2.5504,17,STA,WIFI_DROP,
2.5528,7,STA,WIFI_DROP,
2.5528,16,STA,WIFI_DROP,
2.5528,17,STA,WIFI_DROP,
2.5552,7,STA,WIFI_DROP,
2.5552,16,STA,WIFI_DROP,
2.5552,17,STA,WIFI_DROP,
2.5576,7,STA,WIFI_DROP,
2.5576,16,STA,WIFI_DROP,
2.5576,17,STA,WIFI_DROP,
2.56,7,STA,WIFI_DROP,
2.56,16,STA,WIFI_DROP,
2.56,17,STA,WIFI_DROP,
2.5624,7,STA,WIFI_DROP,
2.5624,16,STA,WIFI_DROP,
2.5624,17,STA,WIFI_DROP,
2.5648,16,STA,WIFI_DROP,
2.5648,17,STA,WIFI_DROP,
2.5672,16,STA,WIFI_DROP,
2.5672,17,STA,WIFI_DROP,
2.5696,16,STA,WIFI_DROP,
2.5696,17,STA,WIFI_DROP,
2.572,16,STA,WIFI_DROP,
2.572,17,STA,WIFI_DROP,
2.5744,16,STA,WIFI_DROP,
2.5744,17,STA,WIFI_DROP,
2.5768,16,STA,WIFI_DROP,
2.5768,17,STA,WIFI_DROP,
2.5792,16,STA,WIFI_DROP,
2.5792,17,STA,WIFI_DROP,
2.5816,16,STA,WIFI_DROP,
2.5816,17,STA,WIFI_DROP,
2.584,16,STA,WIFI_DROP,
2.584,17,STA,WIFI_DROP,
2.5864,16,STA,WIFI_DROP,
2.5864,17,STA,WIFI_DROP,
2.5888,16,STA,WIFI_DROP,
2.5888,17,STA,WIFI_DROP,
2.5912,16,STA,WIFI_DROP,
2.5912,17,STA,WIFI_DROP,
2.5936,16,STA,WIFI_DROP,
2.5936,17,STA,WIFI_DROP,
2.596,16,STA,WIFI_DROP,
2.596,17,STA,WIFI_DROP,
2.5984,16,STA,WIFI_DROP,
2.5984,17,STA,WIFI_DROP,
2.6008,16,STA,WIFI_DROP,
2.6008,17,STA,WIFI_DROP,
2.6032,16,STA,WIFI_DROP,
2.6032,17,STA,WIFI_DROP,
2.6056,16,STA,WIFI_DROP,
2.6056,17,STA,WIFI_DROP,
2.608,16,STA,WIFI_DROP,
2.608,17,STA,WIFI_DROP,
2.6104,16,STA,WIFI_DROP,
2.6104,17,STA,WIFI_DROP,
2.6128,16,STA,WIFI_DROP,
2.6128,17,STA,WIFI_DROP,
2.6152,16,STA,WIFI_DROP,
2.6152,17,STA,WIFI_DROP,
2.6176,16,STA,WIFI_DROP,
2.6176,17,STA,WIFI_DROP,
2.62,16,STA,WIFI_DROP,
2.62,17,STA,WIFI_DROP,
2.6224,16,STA,WIFI_DROP,
2.6224,17,STA,WIFI_DROP,
2.6248,16,STA,WIFI_DROP,
2.6248,17,STA,WIFI_DROP,
2.6272,16,STA,WIFI_DROP,
2.6272,17,STA,WIFI_DROP,
2.6296,16,STA,WIFI_DROP,
2.6296,17,STA,WIFI_DROP,
2.632,16,STA,WIFI_DROP,
2.632,17,STA,WIFI_DROP,
2.6344,16,STA,WIFI_DROP,
2.6344,17,STA,WIFI_DROP,
2.6368,16,STA,WIFI_DROP,
2.6368,17,STA,WIFI_DROP,
2.6392,16,STA,WIFI_DROP,
2.6392,17,STA,WIFI_DROP,
2.6416,16,STA,WIFI_DROP,
2.6416,17,STA,WIFI_DROP,
2.644,16,STA,WIFI_DROP,
2.644,17,STA,WIFI_DROP,
2.6464,16,STA,WIFI_DROP,
2.6464,17,STA,WIFI_DROP,
2.6488,16,STA,WIFI_DROP,
2.6488,17,STA,WIFI_DROP,
2.6512,16,STA,WIFI_DROP,
2.6512,17,STA,WIFI_DROP,
2.6536,16,STA,WIFI_DROP,
2.6536,17,STA,WIFI_DROP,
2.656,16,STA,WIFI_DROP,
2.656,17,STA,WIFI_DROP,
2.6584,16,STA,WIFI_DROP,
2.6584,17,STA,WIFI_DROP,
2.6608,16,STA,WIFI_DROP,
2.6608,17,STA,WIFI_DROP,
2.6632,16,STA,WIFI_DROP,
2.6632,17,STA,WIFI_DROP,
2.6656,16,STA,WIFI_DROP,
2.6656,17,STA,WIFI_DROP,
2.668,16,STA,WIFI_DROP,
2.668,17,STA,WIFI_DROP,
2.6704,16,STA,WIFI_DROP,
2.6704,17,STA,WIFI_DROP,
2.6728,16,STA,WIFI_DROP,
2.6728,17,STA,WIFI_DROP,
2.6752,16,STA,WIFI_DROP,
2.6752,17,STA,WIFI_DROP,
2.6776,16,STA,WIFI_DROP,
2.6776,17,STA,WIFI_DROP,
2.68,16,STA,WIFI_DROP,
2.68,17,STA,WIFI_DROP,
2.6824,16,STA,WIFI_DROP,
2.6824,17,STA,WIFI_DROP,
2.6848,16,STA,WIFI_DROP,
2.6848,17,STA,WIFI_DROP,
2.6872,16,STA,WIFI_DROP,
2.6872,17,STA,WIFI_DROP,
2.6896,16,STA,WIFI_DROP,
2.6896,17,STA,WIFI_DROP,
2.692,16,STA,WIFI_DROP,
2.692,17,STA,WIFI_DROP,
2.6944,16,STA,WIFI_DROP,
2.6944,17,STA,WIFI_DROP,
2.6968,16,STA,WIFI_DROP,
2.6968,17,STA,WIFI_DROP,
2.6992,16,STA,WIFI_DROP,
2.6992,17,STA,WIFI_DROP,
2.7016,16,STA,WIFI_DROP,
2.7016,17,STA,WIFI_DROP,
2.704,16,STA,WIFI_DROP,
2.704,17,STA,WIFI_DROP,
2.7064,16,STA,WIFI_DROP,
2.7064,17,STA,WIFI_DROP,
2.7088,16,STA,WIFI_DROP,
2.7088,17,STA,WIFI_DROP,
2.7112,16,STA,WIFI_DROP,
2.7112,17,STA,WIFI_DROP,
2.7136,16,STA,WIFI_DROP,
2.7136,17,STA,WIFI_DROP,
2.716,16,STA,WIFI_DROP,
2.716,17,STA,WIFI_DROP,
2.7184,16,STA,WIFI_DROP,
2.7184,17,STA,WIFI_DROP,
2.7208,16,STA,WIFI_DROP,
2.7208,17,STA,WIFI_DROP,
2.7232,16,STA,WIFI_DROP,
2.7232,17,STA,WIFI_DROP,
2.7256,16,STA,WIFI_DROP,
2.7256,17,STA,WIFI_DROP,
2.728,16,STA,WIFI_DROP,
2.728,17,STA,WIFI_DROP,
2.7304,16,STA,WIFI_DROP,
2.7328,16,STA,WIFI_DROP,
2.7352,16,STA,WIFI_DROP,
2.7376,16,STA,WIFI_DROP,
2.74,16,STA,WIFI_DROP,
2.7424,16,STA,WIFI_DROP,
2.7448,16,STA,WIFI_DROP,
2.7472,16,STA,WIFI_DROP,
2.7496,16,STA,WIFI_DROP,
2.752,16,STA,WIFI_DROP,
2.7544,16,STA,WIFI_DROP,
2.7568,16,STA,WIFI_DROP,
2.7592,16,STA,WIFI_DROP,
2.7616,16,STA,WIFI_DROP,
2.764,16,STA,WIFI_DROP,
2.7664,16,STA,WIFI_DROP,
2.7688,16,STA,WIFI_DROP,
2.7712,16,STA,WIFI_DROP,
2.7736,16,STA,WIFI_DROP,
2.776,16,STA,WIFI_DROP,
2.7784,16,STA,WIFI_DROP,
2.7808,16,STA,WIFI_DROP,
2.7832,16,STA,WIFI_DROP,
2.7856,16,STA,WIFI_DROP,
2.788,16,STA,WIFI_DROP,
2.7904,16,STA,WIFI_DROP,
2.7928,16,STA,WIFI_DROP,
2.7952,16,STA,WIFI_DROP,
2.7976,16,STA,WIFI_DROP,
2.8,16,STA,WIFI_DROP,
2.8024,16,STA,WIFI_DROP,
2.8048,16,STA,WIFI_DROP,
2.8072,16,STA,WIFI_DROP,
2.8096,16,STA,WIFI_DROP,
2.812,16,STA,WIFI_DROP,
2.8144,16,STA,WIFI_DROP,
2.8168,16,STA,WIFI_DROP,
2.8192,16,STA,WIFI_DROP,
2.8216,16,STA,WIFI_DROP,
2.824,16,STA,WIFI_DROP,
2.8264,16,STA,WIFI_DROP,
2.8288,16,STA,WIFI_DROP,
2.8312,16,STA,WIFI_DROP,
2.8336,3,STA,WIFI_DROP,
2.8336,16,STA,WIFI_DROP,
2.836,3,STA,WIFI_DROP,
2.836,16,STA,WIFI_DROP,
2.8384,3,STA,WIFI_DROP,
2.8384,16,STA,WIFI_DROP,
2.8408,3,STA,WIFI_DROP,
2.8408,16,STA,WIFI_DROP,
2.8432,3,STA,WIFI_DROP,
2.8432,16,STA,WIFI_DROP,
2.8456,3,STA,WIFI_DROP,
2.8456,16,STA,WIFI_DROP,
2.848,3,STA,WIFI_DROP,
2.848,16,STA,WIFI_DROP,
2.8504,3,STA,WIFI_DROP,
2.8504,16,STA,WIFI_DROP,
2.8528,3,STA,WIFI_DROP,
2.8528,16,STA,WIFI_DROP,
2.8552,3,STA,WIFI_DROP,
2.8552,16,STA,WIFI_DROP,
2.8576,3,STA,WIFI_DROP,
2.8576,16,STA,WIFI_DROP,
2.86,3,STA,WIFI_DROP,
2.86,16,STA,WIFI_DROP,
2.8624,3,STA,WIFI_DROP,
2.8624,16,STA,WIFI_DROP,
2.8648,3,STA,WIFI_DROP,
2.8648,16,STA,WIFI_DROP,
2.8672,3,STA,WIFI_DROP,
2.8672,16,STA,WIFI_DROP,
2.8696,3,STA,WIFI_DROP,
2.8696,16,STA,WIFI_DROP,
2.872,3,STA,WIFI_DROP,
2.872,16,STA,WIFI_DROP,
2.8744,3,STA,WIFI_DROP,
2.8744,16,STA,WIFI_DROP,
2.8768,3,STA,WIFI_DROP,
2.8768,16,STA,WIFI_DROP,
2.8792,3,STA,WIFI_DROP,
2.8792,16,STA,WIFI_DROP,
2.8816,3,STA,WIFI_DROP,
2.8816,16,STA,WIFI_DROP,
2.884,3,STA,WIFI_DROP,
2.884,16,STA,WIFI_DROP,
2.8864,3,STA,WIFI_DROP,
2.8864,16,STA,WIFI_DROP,
2.8888,3,STA,WIFI_DROP,
2.8888,16,STA,WIFI_DROP,
2.8912,3,STA,WIFI_DROP,
2.8912,16,STA,WIFI_DROP,
2.8936,3,STA,WIFI_DROP,
2.8936,16,STA,WIFI_DROP,
2.896,3,STA,WIFI_DROP,
2.896,16,STA,WIFI_DROP,
2.8984,3,STA,WIFI_DROP,
2.8984,16,STA,WIFI_DROP,
2.9008,3,STA,WIFI_DROP,
2.9008,16,STA,WIFI_DROP,
2.9032,3,STA,WIFI_DROP,
2.9032,16,STA,WIFI_DROP,
2.9056,3,STA,WIFI_DROP,
2.9056,16,STA,WIFI_DROP,
2.908,3,STA,WIFI_DROP,
2.908,16,STA,WIFI_DROP,
2.9104,3,STA,WIFI_DROP,
2.9104,16,STA,WIFI_DROP,
2.9128,3,STA,WIFI_DROP,
2.9128,16,STA,WIFI_DROP,
2.9152,3,STA,WIFI_DROP,
2.9152,16,STA,WIFI_DROP,
2.9176,3,STA,WIFI_DROP,
2.9176,16,STA,WIFI_DROP,
2.92,3,STA,WIFI_DROP,
2.92,16,STA,WIFI_DROP,
2.9224,3,STA,WIFI_DROP,
2.9224,16,STA,WIFI_DROP,
2.9248,3,STA,WIFI_DROP,
2.9248,16,STA,WIFI_DROP,
2.9272,3,STA,WIFI_DROP,
2.9272,16,STA,WIFI_DROP,
2.9296,3,STA,WIFI_DROP,
2.9296,16,STA,WIFI_DROP,
2.932,3,STA,WIFI_DROP,
2.932,16,STA,WIFI_DROP,
2.9344,3,STA,WIFI_DROP,
2.9344,16,STA,WIFI_DROP,
2.9368,3,STA,WIFI_DROP,
2.9368,16,STA,WIFI_DROP,
2.9392,3,STA,WIFI_DROP,
2.9392,16,STA,WIFI_DROP,
2.9416,3,STA,WIFI_DROP,
2.9416,16,STA,WIFI_DROP,
2.944,3,STA,WIFI_DROP,
2.944,16,STA,WIFI_DROP,
2.9464,3,STA,WIFI_DROP,
2.9464,16,STA,WIFI_DROP,
2.9488,3,STA,WIFI_DROP,
2.9488,16,STA,WIFI_DROP,
2.9512,3,STA,WIFI_DROP,
2.9512,16,STA,WIFI_DROP,
2.9536,3,STA,WIFI_DROP,
2.9536,16,STA,WIFI_DROP,
2.956,3,STA,WIFI_DROP,
2.956,16,STA,WIFI_DROP,
2.9584,3,STA,WIFI_DROP,
2.9584,16,STA,WIFI_DROP,
2.9608,3,STA,WIFI_DROP,
2.9608,16,STA,WIFI_DROP,
2.9632,3,STA,WIFI_DROP,
2.9632,16,STA,WIFI_DROP,
2.9656,3,STA,WIFI_DROP,
2.9656,16,STA,WIFI_DROP,
2.968,3,STA,WIFI_DROP,
2.968,16,STA,WIFI_DROP,
2.9704,3,STA,WIFI_DROP,
2.9704,16,STA,WIFI_DROP,
2.9728,3,STA,WIFI_DROP,
2.9728,16,STA,WIFI_DROP,
2.9752,3,STA,WIFI_DROP,
2.9752,16,STA,WIFI_DROP,
2.9776,3,STA,WIFI_DROP,
2.9776,16,STA,WIFI_DROP,
2.98,3,STA,WIFI_DROP,
2.98,16,STA,WIFI_DROP,
2.9824,3,STA,WIFI_DROP,
2.9824,16,STA,WIFI_DROP,
2.9848,16,STA,WIFI_DROP,
2.9872,16,STA,WIFI_DROP,
2.9896,16,STA,WIFI_DROP,
2.992,16,STA,WIFI_DROP,
2.9944,16,STA,WIFI_DROP,
2.9968,16,STA,WIFI_DROP,
2.9992,16,STA,WIFI_DROP,
3,2,STA,THROUGHPUT_MBPS,1.056000
3,3,STA,THROUGHPUT_MBPS,4.536000
3,5,STA,THROUGHPUT_MBPS,1.848000
3,8,STA,THROUGHPUT_MBPS,2.712000
3,9,STA,THROUGHPUT_MBPS,1.524000
3,10,STA,THROUGHPUT_MBPS,1.980000
3,11,STA,THROUGHPUT_MBPS,3.648000
3,12,STA,THROUGHPUT_MBPS,3.732000
3,14,STA,THROUGHPUT_MBPS,1.404000
3,17,STA,THROUGHPUT_MBPS,0.828000
3,18,STA,THROUGHPUT_MBPS,3.096000
3,19,STA,THROUGHPUT_MBPS,2.532000
3,20,STA,THROUGHPUT_MBPS,2.940000
3,21,STA,THROUGHPUT_MBPS,1.068000
3,1,AP,AGGREGATE_THROUGHPUT_MBPS,32.904000
3,1,AP,SENT_COUNT,8340.000000
3,1,AP,RECV_COUNT,2742.000000
3,1,AP,LATENCY_P95_MS,535.859631
3.0016,16,STA,WIFI_DROP,
3.004,16,STA,WIFI_DROP,
3.0064,16,STA,WIFI_DROP,
3.0088,16,STA,WIFI_DROP,
3.0112,16,STA,WIFI_DROP,
3.0136,16,STA,WIFI_DROP,
3.016,16,STA,WIFI_DROP,
3.0184,16,STA,WIFI_DROP,
3.0208,16,STA,WIFI_DROP,
3.0232,16,STA,WIFI_DROP,
3.0256,16,STA,WIFI_DROP,
3.028,16,STA,WIFI_DROP,
3.0304,16,STA,WIFI_DROP,
3.0328,16,STA,WIFI_DROP,
3.0352,16,STA,WIFI_DROP,
3.0376,16,STA,WIFI_DROP,
3.04,16,STA,WIFI_DROP,
3.0424,16,STA,WIFI_DROP,
3.0448,16,STA,WIFI_DROP,
3.0472,16,STA,WIFI_DROP,
3.0496,16,STA,WIFI_DROP,
3.052,16,STA,WIFI_DROP,
3.0544,16,STA,WIFI_DROP,
3.0568,16,STA,WIFI_DROP,
3.0592,16,STA,WIFI_DROP,
3.0616,16,STA,WIFI_DROP,
3.064,16,STA,WIFI_DROP,
3.0664,16,STA,WIFI_DROP,
3.0688,16,STA,WIFI_DROP,
3.0712,16,STA,WIFI_DROP,
3.0736,16,STA,WIFI_DROP,
3.076,16,STA,WIFI_DROP,
3.0784,16,STA,WIFI_DROP,
3.0808,16,STA,WIFI_DROP,
3.0832,16,STA,WIFI_DROP,
3.0856,16,STA,WIFI_DROP,
3.088,16,STA,WIFI_DROP,
3.0904,16,STA,WIFI_DROP,
3.0928,16,STA,WIFI_DROP,
3.0952,16,STA,WIFI_DROP,
3.0976,16,STA,WIFI_DROP,
3.1,16,STA,WIFI_DROP,
3.1024,16,STA,WIFI_DROP,
3.1048,16,STA,WIFI_DROP,
3.1072,16,STA,WIFI_DROP,
3.1096,16,STA,WIFI_DROP,
3.112,16,STA,WIFI_DROP,
3.1144,16,STA,WIFI_DROP,
3.1168,16,STA,WIFI_DROP,
3.1192,16,STA,WIFI_DROP,
3.1216,16,STA,WIFI_DROP,
3.124,16,STA,WIFI_DROP,
3.1264,16,STA,WIFI_DROP,
3.1288,16,STA,WIFI_DROP,
3.1312,16,STA,WIFI_DROP,
3.1336,16,STA,WIFI_DROP,
3.136,16,STA,WIFI_DROP,
3.1384,16,STA,WIFI_DROP,
3.1408,16,STA,WIFI_DROP,
3.1432,16,STA,WIFI_DROP,
3.1456,16,STA,WIFI_DROP,
3.148,16,STA,WIFI_DROP,
3.1504,16,STA,WIFI_DROP,
3.1528,16,STA,WIFI_DROP,
3.1552,16,STA,WIFI_DROP,
3.1576,16,STA,WIFI_DROP,
3.16,16,STA,WIFI_DROP,
3.1624,16,STA,WIFI_DROP,
3.1648,16,STA,WIFI_DROP,
3.1672,16,STA,WIFI_DROP,
3.1696,16,STA,WIFI_DROP,
3.172,16,STA,WIFI_DROP,
3.1744,16,STA,WIFI_DROP,
3.1768,16,STA,WIFI_DROP,
3.1792,16,STA,WIFI_DROP,
3.1816,16,STA,WIFI_DROP,
3.184,16,STA,WIFI_DROP,
3.1864,16,STA,WIFI_DROP,
3.1888,16,STA,WIFI_DROP,
3.1912,16,STA,WIFI_DROP,
3.1936,16,STA,WIFI_DROP,
3.196,16,STA,WIFI_DROP,
3.1984,16,STA,WIFI_DROP,
3.2008,16,STA,WIFI_DROP,
3.2032,16,STA,WIFI_DROP,
3.2056,16,STA,WIFI_DROP,
3.208,16,STA,WIFI_DROP,
3.2104,16,STA,WIFI_DROP,
3.2128,16,STA,WIFI_DROP,
3.2152,16,STA,WIFI_DROP,
3.2176,16,STA,WIFI_DROP,
3.22,16,STA,WIFI_DROP,
3.2224,16,STA,WIFI_DROP,
3.2248,16,STA,WIFI_DROP,
3.2272,16,STA,WIFI_DROP,
3.2296,16,STA,WIFI_DROP,
3.232,16,STA,WIFI_DROP,
3.2344,16,STA,WIFI_DROP,
3.2368,16,STA,WIFI_DROP,
3.2392,16,STA,WIFI_DROP,
3.2416,16,STA,WIFI_DROP,
3.244,16,STA,WIFI_DROP,
3.2464,16,STA,WIFI_DROP,
3.2488,16,STA,WIFI_DROP,
3.2512,16,STA,WIFI_DROP,
3.2536,16,STA,WIFI_DROP,
3.256,16,STA,WIFI_DROP,
3.2584,16,STA,WIFI_DROP,
3.2608,16,STA,WIFI_DROP,
3.2632,16,STA,WIFI_DROP,
3.2656,16,STA,WIFI_DROP,
3.268,16,STA,WIFI_DROP,
3.2704,16,STA,WIFI_DROP,
3.2728,16,STA,WIFI_DROP,
3.2752,16,STA,WIFI_DROP,
3.2776,16,STA,WIFI_DROP,
3.28,16,STA,WIFI_DROP,
3.2824,16,STA,WIFI_DROP,
3.2848,16,STA,WIFI_DROP,
3.2872,16,STA,WIFI_DROP,
3.2896,16,STA,WIFI_DROP,
3.292,16,STA,WIFI_DROP,
3.2944,16,STA,WIFI_DROP,
3.2968,16,STA,WIFI_DROP,
3.2992,16,STA,WIFI_DROP,
3.3016,16,STA,WIFI_DROP,
3.304,16,STA,WIFI_DROP,
3.3064,16,STA,WIFI_DROP,
3.3088,16,STA,WIFI_DROP,
3.3112,16,STA,WIFI_DROP,
3.3136,16,STA,WIFI_DROP,
3.316,16,STA,WIFI_DROP,
3.3184,16,STA,WIFI_DROP,
3.3208,16,STA,WIFI_DROP,
3.3232,16,STA,WIFI_DROP,
3.3256,16,STA,WIFI_DROP,
3.328,16,STA,WIFI_DROP,
3.3304,16,STA,WIFI_DROP,
3.3328,16,STA,WIFI_DROP,
3.3352,16,STA,WIFI_DROP,
3.3376,16,STA,WIFI_DROP,
3.34,16,STA,WIFI_DROP,
3.3424,16,STA,WIFI_DROP,
3.3448,16,STA,WIFI_DROP,
3.3472,16,STA,WIFI_DROP,
3.3496,16,STA,WIFI_DROP,
3.352,16,STA,WIFI_DROP,
3.3544,16,STA,WIFI_DROP,
3.3568,16,STA,WIFI_DROP,
3.3592,16,STA,WIFI_DROP,
3.3616,16,STA,WIFI_DROP,
3.364,16,STA,WIFI_DROP,
3.3664,16,STA,WIFI_DROP,
3.3688,16,STA,WIFI_DROP,
3.3712,16,STA,WIFI_DROP,
3.3736,16,STA,WIFI_DROP,
3.376,16,STA,WIFI_DROP,
3.3784,16,STA,WIFI_DROP,
3.3808,16,STA,WIFI_DROP,
3.3832,16,STA,WIFI_DROP,
3.3856,16,STA,WIFI_DROP,
3.388,16,STA,WIFI_DROP,
3.3904,16,STA,WIFI_DROP,
3.3928,16,STA,WIFI_DROP,
3.3952,16,STA,WIFI_DROP,
3.3976,16,STA,WIFI_DROP,
3.4,16,STA,WIFI_DROP,
3.4024,16,STA,WIFI_DROP,
3.4048,16,STA,WIFI_DROP,
3.4072,16,STA,WIFI_DROP,
3.4096,16,STA,WIFI_DROP,
3.412,16,STA,WIFI_DROP,
3.4144,16,STA,WIFI_DROP,
3.4168,16,STA,WIFI_DROP,
3.4192,16,STA,WIFI_DROP,
3.4216,16,STA,WIFI_DROP,
3.424,16,STA,WIFI_DROP,
3.4264,16,STA,WIFI_DROP,
3.4288,16,STA,WIFI_DROP,
3.4312,16,STA,WIFI_DROP,
4,2,STA,THROUGHPUT_MBPS,2.364000
4,5,STA,THROUGHPUT_MBPS,4.764000
4,8,STA,THROUGHPUT_MBPS,1.668000
4,9,STA,THROUGHPUT_MBPS,1.848000
4,10,STA,THROUGHPUT_MBPS,1.020000
4,11,STA,THROUGHPUT_MBPS,2.832000
4,12,STA,THROUGHPUT_MBPS,4.800000
4,14,STA,THROUGHPUT_MBPS,2.268000
4,16,STA,THROUGHPUT_MBPS,0.468000
4,17,STA,THROUGHPUT_MBPS,2.196000
4,18,STA,THROUGHPUT_MBPS,1.932000
4,19,STA,THROUGHPUT_MBPS,1.140000
4,20,STA,THROUGHPUT_MBPS,1.476000
4,21,STA,THROUGHPUT_MBPS,0.108000
4,1,AP,AGGREGATE_THROUGHPUT_MBPS,28.884000
4,1,AP,SENT_COUNT,8320.000000
4,1,AP,RECV_COUNT,2407.000000
4,1,AP,LATENCY_P95_MS,543.315740
4.2664,9,STA,WIFI_DROP,
4.2688,7,STA,WIFI_DROP,
4.2688,9,STA,WIFI_DROP,
4.2712,7,STA,WIFI_DROP,
4.2712,9,STA,WIFI_DROP,
4.2736,7,STA,WIFI_DROP,
4.2736,9,STA,WIFI_DROP,
4.276,7,STA,WIFI_DROP,
4.276,9,STA,WIFI_DROP,
4.2784,7,STA,WIFI_DROP,
4.2784,9,STA,WIFI_DROP,
4.2808,7,STA,WIFI_DROP,
4.2808,9,STA,WIFI_DROP,
4.2832,7,STA,WIFI_DROP,
4.2832,9,STA,WIFI_DROP,
4.2856,7,STA,WIFI_DROP,
4.2856,9,STA,WIFI_DROP,
4.288,7,STA,WIFI_DROP,
4.288,9,STA,WIFI_DROP,
4.2904,7,STA,WIFI_DROP,
4.2904,9,STA,WIFI_DROP,
4.2928,7,STA,WIFI_DROP,
4.2928,9,STA,WIFI_DROP,
4.2952,7,STA,WIFI_DROP,
4.2952,9,STA,WIFI_DROP,
4.2976,7,STA,WIFI_DROP,
4.2976,9,STA,WIFI_DROP,
4.3,7,STA,WIFI_DROP,
4.3,9,STA,WIFI_DROP,
4.3024,7,STA,WIFI_DROP,
4.3024,9,STA,WIFI_DROP,
4.3048,7,STA,WIFI_DROP,
4.3048,9,STA,WIFI_DROP,
4.3072,7,STA,WIFI_DROP,
4.3072,9,STA,WIFI_DROP,
4.3096,7,STA,WIFI_DROP,
4.3096,9,STA,WIFI_DROP,
4.312,7,STA,WIFI_DROP,
4.312,9,STA,WIFI_DROP,
4.3144,7,STA,WIFI_DROP,
4.3144,9,STA,WIFI_DROP,
4.3168,7,STA,WIFI_DROP,
4.3168,9,STA,WIFI_DROP,
4.3192,7,STA,WIFI_DROP,
4.3192,9,STA,WIFI_DROP,
4.3216,7,STA,WIFI_DROP,
4.3216,9,STA,WIFI_DROP,
4.324,7,STA,WIFI_DROP,
4.324,9,STA,WIFI_DROP,
4.3264,7,STA,WIFI_DROP,
4.3264,9,STA,WIFI_DROP,
4.3288,7,STA,WIFI_DROP,
4.3288,9,STA,WIFI_DROP,
4.3312,7,STA,WIFI_DROP,
4.3312,9,STA,WIFI_DROP,
4.3336,7,STA,WIFI_DROP,
4.3336,9,STA,WIFI_DROP,
4.336,7,STA,WIFI_DROP,
4.336,9,STA,WIFI_DROP,
4.3384,7,STA,WIFI_DROP,
4.3384,9,STA,WIFI_DROP,
4.3408,7,STA,WIFI_DROP,
4.3408,9,STA,WIFI_DROP,
4.3432,7,STA,WIFI_DROP,
4.3432,9,STA,WIFI_DROP,
4.3456,7,STA,WIFI_DROP,
4.3456,9,STA,WIFI_DROP,
4.348,7,STA,WIFI_DROP,
4.348,9,STA,WIFI_DROP,
4.3504,7,STA,WIFI_DROP,
4.3504,9,STA,WIFI_DROP,
4.3528,7,STA,WIFI_DROP,
4.3528,9,STA,WIFI_DROP,
4.3552,7,STA,WIFI_DROP,
4.3552,9,STA,WIFI_DROP,
4.3576,7,STA,WIFI_DROP,
4.3576,9,STA,WIFI_DROP,
4.36,7,STA,WIFI_DROP,
4.36,9,STA,WIFI_DROP,
4.3624,7,STA,WIFI_DROP,
4.3624,9,STA,WIFI_DROP,
4.3648,7,STA,WIFI_DROP,
4.3648,9,STA,WIFI_DROP,
4.3672,7,STA,WIFI_DROP,
4.3672,9,STA,WIFI_DROP,
4.3696,7,STA,WIFI_DROP,
4.3696,9,STA,WIFI_DROP,
4.372,7,STA,WIFI_DROP,
4.372,9,STA,WIFI_DROP,
4.3744,9,STA,WIFI_DROP,
4.3768,9,STA,WIFI_DROP,
4.3792,9,STA,WIFI_DROP,
4.3816,9,STA,WIFI_DROP,
4.384,9,STA,WIFI_DROP,
4.3864,9,STA,WIFI_DROP,
4.3888,9,STA,WIFI_DROP,
4.3912,9,STA,WIFI_DROP,
4.3936,9,STA,WIFI_DROP,
4.396,9,STA,WIFI_DROP,
4.3984,9,STA,WIFI_DROP,
4.4008,9,STA,WIFI_DROP,
4.4032,9,STA,WIFI_DROP,
4.4056,9,STA,WIFI_DROP,
4.408,9,STA,WIFI_DROP,
4.4104,9,STA,WIFI_DROP,
4.4128,9,STA,WIFI_DROP,
4.4152,9,STA,WIFI_DROP,
4.4176,9,STA,WIFI_DROP,
4.42,9,STA,WIFI_DROP,
4.4224,9,STA,WIFI_DROP,
4.4248,9,STA,WIFI_DROP,
4.4272,9,STA,WIFI_DROP,
4.4296,9,STA,WIFI_DROP,
4.432,9,STA,WIFI_DROP,
4.4344,9,STA,WIFI_DROP,
4.4368,9,STA,WIFI_DROP,
4.4392,9,STA,WIFI_DROP,
4.4416,9,STA,WIFI_DROP,
4.444,9,STA,WIFI_DROP,
4.4464,9,STA,WIFI_DROP,
4.4488,9,STA,WIFI_DROP,
4.4512,9,STA,WIFI_DROP,
4.4536,9,STA,WIFI_DROP,
4.456,9,STA,WIFI_DROP,
4.4584,9,STA,WIFI_DROP,
4.4608,9,STA,WIFI_DROP,
4.4632,9,STA,WIFI_DROP,
4.4656,9,STA,WIFI_DROP,
4.468,9,STA,WIFI_DROP,
4.4704,9,STA,WIFI_DROP,
4.4728,9,STA,WIFI_DROP,
4.4752,9,STA,WIFI_DROP,
4.4776,9,STA,WIFI_DROP,
4.48,9,STA,WIFI_DROP,
4.4824,9,STA,WIFI_DROP,
4.4848,9,STA,WIFI_DROP,
4.4872,9,STA,WIFI_DROP,
4.4896,9,STA,WIFI_DROP,
4.492,9,STA,WIFI_DROP,
4.4944,9,STA,WIFI_DROP,
4.4968,9,STA,WIFI_DROP,
4.4992,9,STA,WIFI_DROP,
4.5016,9,STA,WIFI_DROP,
4.504,9,STA,WIFI_DROP,
4.5064,9,STA,WIFI_DROP,
4.5088,9,STA,WIFI_DROP,
4.5112,9,STA,WIFI_DROP,
4.5136,9,STA,WIFI_DROP,
4.516,9,STA,WIFI_DROP,
4.5184,9,STA,WIFI_DROP,
4.5208,9,STA,WIFI_DROP,
4.5232,9,STA,WIFI_DROP,
4.5256,9,STA,WIFI_DROP,
4.528,9,STA,WIFI_DROP,
4.5304,9,STA,WIFI_DROP,
4.5328,9,STA,WIFI_DROP,
4.5352,9,STA,WIFI_DROP,
4.5376,9,STA,WIFI_DROP,
4.54,9,STA,WIFI_DROP,
4.5424,9,STA,WIFI_DROP,
4.5448,9,STA,WIFI_DROP,
4.5472,9,STA,WIFI_DROP,
4.5496,9,STA,WIFI_DROP,
4.552,9,STA,WIFI_DROP,
4.5544,9,STA,WIFI_DROP,
4.5568,9,STA,WIFI_DROP,
4.5592,9,STA,WIFI_DROP,
4.5616,9,STA,WIFI_DROP,
4.564,9,STA,WIFI_DROP,
4.5664,9,STA,WIFI_DROP,
4.5688,9,STA,WIFI_DROP,
4.5712,9,STA,WIFI_DROP,
4.5736,9,STA,WIFI_DROP,
4.576,9,STA,WIFI_DROP,
4.5784,9,STA,WIFI_DROP,
4.5808,9,STA,WIFI_DROP,
4.5832,9,STA,WIFI_DROP,
4.5856,9,STA,WIFI_DROP,
4.588,9,STA,WIFI_DROP,
4.5904,9,STA,WIFI_DROP,
4.5928,9,STA,WIFI_DROP,
4.5952,9,STA,WIFI_DROP,
4.5976,9,STA,WIFI_DROP,
4.6,9,STA,WIFI_DROP,
4.6024,9,STA,WIFI_DROP,
4.6048,9,STA,WIFI_DROP,
4.6072,9,STA,WIFI_DROP,
4.6096,9,STA,WIFI_DROP,
4.612,9,STA,WIFI_DROP,
4.6144,9,STA,WIFI_DROP,
4.6168,9,STA,WIFI_DROP,
4.6192,9,STA,WIFI_DROP,
4.6216,9,STA,WIFI_DROP,
4.624,9,STA,WIFI_DROP,
4.6264,9,STA,WIFI_DROP,
4.6288,9,STA,WIFI_DROP,
4.6312,9,STA,WIFI_DROP,
4.6336,9,STA,WIFI_DROP,
4.636,9,STA,WIFI_DROP,
4.6384,9,STA,WIFI_DROP,
4.6408,9,STA,WIFI_DROP,
4.6432,9,STA,WIFI_DROP,
4.6456,9,STA,WIFI_DROP,
4.648,9,STA,WIFI_DROP,
4.6504,9,STA,WIFI_DROP,
4.6528,9,STA,WIFI_DROP,
4.6552,9,STA,WIFI_DROP,
4.6576,9,STA,WIFI_DROP,
4.66,9,STA,WIFI_DROP,
4.6624,9,STA,WIFI_DROP,
4.6648,9,STA,WIFI_DROP,
4.6672,9,STA,WIFI_DROP,
4.6696,9,STA,WIFI_DROP,
4.672,9,STA,WIFI_DROP,
4.6744,9,STA,WIFI_DROP,
4.6768,9,STA,WIFI_DROP,
4.6768,11,STA,WIFI_DROP,
4.6792,9,STA,WIFI_DROP,
4.6792,11,STA,WIFI_DROP,
4.6816,9,STA,WIFI_DROP,
4.6816,11,STA,WIFI_DROP,
4.684,9,STA,WIFI_DROP,
4.684,11,STA,WIFI_DROP,
4.6864,9,STA,WIFI_DROP,
4.6864,11,STA,WIFI_DROP,
4.6888,9,STA,WIFI_DROP,
4.6888,11,STA,WIFI_DROP,
4.6912,9,STA,WIFI_DROP,
4.6912,11,STA,WIFI_DROP,
4.6936,9,STA,WIFI_DROP,
4.6936,11,STA,WIFI_DROP,
4.696,9,STA,WIFI_DROP,
4.696,11,STA,WIFI_DROP,
4.6984,9,STA,WIFI_DROP,
4.6984,11,STA,WIFI_DROP,
4.7008,9,STA,WIFI_DROP,
4.7008,11,STA,WIFI_DROP,
4.7032,9,STA,WIFI_DROP,
4.7032,11,STA,WIFI_DROP,
4.7056,9,STA,WIFI_DROP,
4.7056,11,STA,WIFI_DROP,
4.708,9,STA,WIFI_DROP,
4.708,11,STA,WIFI_DROP,
4.7104,9,STA,WIFI_DROP,
4.7104,11,STA,WIFI_DROP,
4.7128,9,STA,WIFI_DROP,
4.7128,11,STA,WIFI_DROP,
4.7152,9,STA,WIFI_DROP,
4.7152,11,STA,WIFI_DROP,
4.7176,9,STA,WIFI_DROP,
4.7176,11,STA,WIFI_DROP,
4.72,9,STA,WIFI_DROP,
4.72,11,STA,WIFI_DROP,
4.7224,9,STA,WIFI_DROP,
4.7224,11,STA,WIFI_DROP,
4.7248,9,STA,WIFI_DROP,
4.7248,11,STA,WIFI_DROP,
4.7272,9,STA,WIFI_DROP,
4.7272,11,STA,WIFI_DROP,
4.7296,9,STA,WIFI_DROP,
4.732,9,STA,WIFI_DROP,
4.7344,9,STA,WIFI_DROP,
4.7368,9,STA,WIFI_DROP,
4.7392,9,STA,WIFI_DROP,
4.7416,9,STA,WIFI_DROP,
4.744,9,STA,WIFI_DROP,
4.7464,9,STA,WIFI_DROP,
4.7488,9,STA,WIFI_DROP,
4.7512,9,STA,WIFI_DROP,
4.7536,9,STA,WIFI_DROP,
4.756,9,STA,WIFI_DROP,
4.7584,9,STA,WIFI_DROP,
4.7608,9,STA,WIFI_DROP,
4.7632,9,STA,WIFI_DROP,
4.7656,9,STA,WIFI_DROP,
4.768,9,STA,WIFI_DROP,
4.7704,9,STA,WIFI_DROP,
4.7728,9,STA,WIFI_DROP,
4.7752,9,STA,WIFI_DROP,
4.7776,9,STA,WIFI_DROP,
4.78,9,STA,WIFI_DROP,
4.7824,9,STA,WIFI_DROP,
4.7848,9,STA,WIFI_DROP,
4.7872,9,STA,WIFI_DROP,
4.7896,9,STA,WIFI_DROP,
4.792,9,STA,WIFI_DROP,
4.7944,9,STA,WIFI_DROP,
4.7968,9,STA,WIFI_DROP,
4.7992,9,STA,WIFI_DROP,
4.8016,9,STA,WIFI_DROP,
4.804,9,STA,WIFI_DROP,
4.8064,9,STA,WIFI_DROP,
4.8088,9,STA,WIFI_DROP,
4.8112,9,STA,WIFI_DROP,
4.8136,9,STA,WIFI_DROP,
4.816,9,STA,WIFI_DROP,
4.8184,9,STA,WIFI_DROP,
4.8208,9,STA,WIFI_DROP,
4.8232,9,STA,WIFI_DROP,
4.8256,9,STA,WIFI_DROP,
4.828,9,STA,WIFI_DROP,
4.8304,9,STA,WIFI_DROP,
4.8328,9,STA,WIFI_DROP,
4.8352,9,STA,WIFI_DROP,
4.8376,9,STA,WIFI_DROP,
4.84,9,STA,WIFI_DROP,
4.8424,9,STA,WIFI_DROP,
4.8448,9,STA,WIFI_DROP,
4.8472,9,STA,WIFI_DROP,
4.8496,9,STA,WIFI_DROP,
4.852,9,STA,WIFI_DROP,
4.8544,9,STA,WIFI_DROP,
4.8568,9,STA,WIFI_DROP,
4.8592,9,STA,WIFI_DROP,
4.8616,9,STA,WIFI_DROP,
4.864,9,STA,WIFI_DROP,
4.8664,9,STA,WIFI_DROP,
4.8688,9,STA,WIFI_DROP,
4.8712,9,STA,WIFI_DROP,
4.8736,9,STA,WIFI_DROP,
4.876,9,STA,WIFI_DROP,
4.8784,9,STA,WIFI_DROP,
4.8808,2,STA,WIFI_DROP,
4.8808,9,STA,WIFI_DROP,
4.8832,2,STA,WIFI_DROP,
4.8832,9,STA,WIFI_DROP,
4.8856,2,STA,WIFI_DROP,
4.8856,9,STA,WIFI_DROP,
4.888,2,STA,WIFI_DROP,
4.888,9,STA,WIFI_DROP,
4.8904,2,STA,WIFI_DROP,
4.8904,9,STA,WIFI_DROP,
4.8928,2,STA,WIFI_DROP,
4.8928,9,STA,WIFI_DROP,
4.8952,2,STA,WIFI_DROP,
4.8952,9,STA,WIFI_DROP,
4.8976,2,STA,WIFI_DROP,
4.8976,9,STA,WIFI_DROP,
4.9,2,STA,WIFI_DROP,
4.9,9,STA,WIFI_DROP,
4.9024,2,STA,WIFI_DROP,
4.9024,9,STA,WIFI_DROP,
4.9048,2,STA,WIFI_DROP,
4.9048,9,STA,WIFI_DROP,
4.9072,2,STA,WIFI_DROP,
4.9072,9,STA,WIFI_DROP,
4.9096,2,STA,WIFI_DROP,
4.9096,9,STA,WIFI_DROP,
4.912,2,STA,WIFI_DROP,
4.912,9,STA,WIFI_DROP,
4.9144,2,STA,WIFI_DROP,
4.9144,9,STA,WIFI_DROP,
4.9168,2,STA,WIFI_DROP,
4.9168,9,STA,WIFI_DROP,
4.9192,2,STA,WIFI_DROP,
4.9192,9,STA,WIFI_DROP,
4.9216,2,STA,WIFI_DROP,
4.9216,9,STA,WIFI_DROP,
4.924,2,STA,WIFI_DROP,
4.924,9,STA,WIFI_DROP,
4.9264,2,STA,WIFI_DROP,
4.9264,9,STA,WIFI_DROP,
4.9288,2,STA,WIFI_DROP,
4.9288,9,STA,WIFI_DROP,
4.9312,2,STA,WIFI_DROP,
4.9312,9,STA,WIFI_DROP,
4.9336,2,STA,WIFI_DROP,
4.9336,9,STA,WIFI_DROP,
4.936,2,STA,WIFI_DROP,
4.936,9,STA,WIFI_DROP,
4.9384,2,STA,WIFI_DROP,
4.9384,9,STA,WIFI_DROP,
4.9408,2,STA,WIFI_DROP,
4.9408,9,STA,WIFI_DROP,
4.9432,2,STA,WIFI_DROP,
4.9432,9,STA,WIFI_DROP,
4.9456,2,STA,WIFI_DROP,
4.9456,9,STA,WIFI_DROP,
4.948,2,STA,WIFI_DROP,
4.948,9,STA,WIFI_DROP,
4.9504,2,STA,WIFI_DROP,
4.9504,9,STA,WIFI_DROP,
4.9528,2,STA,WIFI_DROP,
4.9528,9,STA,WIFI_DROP,
4.9552,2,STA,WIFI_DROP,
4.9552,9,STA,WIFI_DROP,
4.9576,2,STA,WIFI_DROP,
4.9576,9,STA,WIFI_DROP,
4.96,2,STA,WIFI_DROP,
4.96,9,STA,WIFI_DROP,
4.9624,2,STA,WIFI_DROP,
4.9624,9,STA,WIFI_DROP,
4.9648,2,STA,WIFI_DROP,
4.9648,9,STA,WIFI_DROP,
4.9672,2,STA,WIFI_DROP,
4.9672,9,STA,WIFI_DROP,
4.9696,2,STA,WIFI_DROP,
4.9696,9,STA,WIFI_DROP,
4.972,2,STA,WIFI_DROP,
4.972,9,STA,WIFI_DROP,
4.9744,2,STA,WIFI_DROP,
4.9744,9,STA,WIFI_DROP,
4.9768,2,STA,WIFI_DROP,
4.9768,9,STA,WIFI_DROP,
4.9792,2,STA,WIFI_DROP,
4.9792,9,STA,WIFI_DROP,
4.9816,2,STA,WIFI_DROP,
4.9816,9,STA,WIFI_DROP,
4.984,2,STA,WIFI_DROP,
4.984,9,STA,WIFI_DROP,
4.984,10,STA,WIFI_DROP,
4.9864,2,STA,WIFI_DROP,
4.9864,9,STA,WIFI_DROP,
4.9864,10,STA,WIFI_DROP,
4.9888,2,STA,WIFI_DROP,
4.9888,9,STA,WIFI_DROP,
4.9888,10,STA,WIFI_DROP,
4.9912,2,STA,WIFI_DROP,
4.9912,9,STA,WIFI_DROP,
4.9912,10,STA,WIFI_DROP,
4.9936,2,STA,WIFI_DROP,
4.9936,9,STA,WIFI_DROP,
4.9936,10,STA,WIFI_DROP,
4.996,2,STA,WIFI_DROP,
4.996,9,STA,WIFI_DROP,
4.996,10,STA,WIFI_DROP,
4.9984,2,STA,WIFI_DROP,
4.9984,9,STA,WIFI_DROP,
4.9984,10,STA,WIFI_DROP,
5,2,STA,THROUGHPUT_MBPS,2.556000
5,5,STA,THROUGHPUT_MBPS,3.216000
5,8,STA,THROUGHPUT_MBPS,2.280000
5,9,STA,THROUGHPUT_MBPS,1.440000
5,10,STA,THROUGHPUT_MBPS,0.360000
5,11,STA,THROUGHPUT_MBPS,1.812000
5,12,STA,THROUGHPUT_MBPS,4.176000
5,14,STA,THROUGHPUT_MBPS,1.740000
5,16,STA,THROUGHPUT_MBPS,1.020000
5,17,STA,THROUGHPUT_MBPS,0.720000
5,18,STA,THROUGHPUT_MBPS,1.992000
5,19,STA,THROUGHPUT_MBPS,0.816000
5,20,STA,THROUGHPUT_MBPS,4.740000
5,21,STA,THROUGHPUT_MBPS,1.488000
5,1,AP,AGGREGATE_THROUGHPUT_MBPS,28.356000
5,1,AP,SENT_COUNT,8340.000000
5,1,AP,RECV_COUNT,2363.000000
5,1,AP,LATENCY_P95_MS,540.698078
5.0008,2,STA,WIFI_DROP,
5.0008,9,STA,WIFI_DROP,
5.0008,10,STA,WIFI_DROP,
5.0032,2,STA,WIFI_DROP,
5.0032,9,STA,WIFI_DROP,
5.0032,10,STA,WIFI_DROP,
5.0056,2,STA,WIFI_DROP,
5.0056,9,STA,WIFI_DROP,
5.0056,10,STA,WIFI_DROP,
5.008,2,STA,WIFI_DROP,
5.008,9,STA,WIFI_DROP,
5.008,10,STA,WIFI_DROP,
5.0104,2,STA,WIFI_DROP,
5.0104,9,STA,WIFI_DROP,
5.0104,10,STA,WIFI_DROP,
5.0128,2,STA,WIFI_DROP,
5.0128,9,STA,WIFI_DROP,
5.0128,10,STA,WIFI_DROP,
5.0152,2,STA,WIFI_DROP,
5.0152,9,STA,WIFI_DROP,
5.0152,10,STA,WIFI_DROP,
5.0176,2,STA,WIFI_DROP,
5.0176,9,STA,WIFI_DROP,
5.0176,10,STA,WIFI_DROP,
5.02,2,STA,WIFI_DROP,
5.02,9,STA,WIFI_DROP,
5.02,10,STA,WIFI_DROP,
5.0224,2,STA,WIFI_DROP,
5.0224,9,STA,WIFI_DROP,
5.0224,10,STA,WIFI_DROP,
5.0248,2,STA,WIFI_DROP,
5.0248,9,STA,WIFI_DROP,
5.0248,10,STA,WIFI_DROP,
5.0272,2,STA,WIFI_DROP,
5.0272,9,STA,WIFI_DROP,
5.0272,10,STA,WIFI_DROP,
5.0296,2,STA,WIFI_DROP,
5.0296,9,STA,WIFI_DROP,
5.0296,10,STA,WIFI_DROP,
5.032,2,STA,WIFI_DROP,
5.032,9,STA,WIFI_DROP,
5.032,10,STA,WIFI_DROP,
5.0344,2,STA,WIFI_DROP,
5.0344,9,STA,WIFI_DROP,
5.0344,10,STA,WIFI_DROP,
5.0368,2,STA,WIFI_DROP,
5.0368,9,STA,WIFI_DROP,
5.0368,10,STA,WIFI_DROP,
5.0392,2,STA,WIFI_DROP,
5.0392,9,STA,WIFI_DROP,
5.0392,10,STA,WIFI_DROP,
5.0416,2,STA,WIFI_DROP,
5.0416,9,STA,WIFI_DROP,
5.0416,10,STA,WIFI_DROP,
5.044,2,STA,WIFI_DROP,
5.044,9,STA,WIFI_DROP,
5.044,10,STA,WIFI_DROP,
5.0464,2,STA,WIFI_DROP,
5.0464,9,STA,WIFI_DROP,
5.0464,10,STA,WIFI_DROP,
5.0488,2,STA,WIFI_DROP,
5.0488,9,STA,WIFI_DROP,
5.0488,10,STA,WIFI_DROP,
5.0512,2,STA,WIFI_DROP,
5.0512,9,STA,WIFI_DROP,
5.0512,10,STA,WIFI_DROP,
5.0536,2,STA,WIFI_DROP,
5.0536,9,STA,WIFI_DROP,
5.0536,10,STA,WIFI_DROP,
5.056,2,STA,WIFI_DROP,
5.056,9,STA,WIFI_DROP,
5.056,10,STA,WIFI_DROP,
5.0584,2,STA,WIFI_DROP,
5.0584,9,STA,WIFI_DROP,
5.0584,10,STA,WIFI_DROP,
5.0608,2,STA,WIFI_DROP,
5.0608,9,STA,WIFI_DROP,
5.0608,10,STA,WIFI_DROP,
5.0632,2,STA,WIFI_DROP,
5.0632,9,STA,WIFI_DROP,
5.0632,10,STA,WIFI_DROP,
5.0656,2,STA,WIFI_DROP,
5.0656,9,STA,WIFI_DROP,
5.0656,10,STA,WIFI_DROP,
5.068,2,STA,WIFI_DROP,
5.068,9,STA,WIFI_DROP,
5.068,10,STA,WIFI_DROP,
5.0704,2,STA,WIFI_DROP,
5.0704,9,STA,WIFI_DROP,
5.0704,10,STA,WIFI_DROP,
5.0728,2,STA,WIFI_DROP,
5.0728,9,STA,WIFI_DROP,
5.0728,10,STA,WIFI_DROP,
5.0752,2,STA,WIFI_DROP,
5.0752,9,STA,WIFI_DROP,
5.0752,10,STA,WIFI_DROP,
5.0776,2,STA,WIFI_DROP,
5.0776,9,STA,WIFI_DROP,
5.0776,10,STA,WIFI_DROP,
5.08,2,STA,WIFI_DROP,
5.08,9,STA,WIFI_DROP,
5.08,10,STA,WIFI_DROP,
5.0824,2,STA,WIFI_DROP,
5.0824,9,STA,WIFI_DROP,
5.0824,10,STA,WIFI_DROP,
5.0848,2,STA,WIFI_DROP,
5.0848,9,STA,WIFI_DROP,
5.0848,10,STA,WIFI_DROP,
5.0872,2,STA,WIFI_DROP,
5.0872,9,STA,WIFI_DROP,
5.0872,10,STA,WIFI_DROP,
5.0896,2,STA,WIFI_DROP,
5.0896,9,STA,WIFI_DROP,
5.0896,10,STA,WIFI_DROP,
5.092,2,STA,WIFI_DROP,
5.092,9,STA,WIFI_DROP,
5.092,10,STA,WIFI_DROP,
5.0944,2,STA,WIFI_DROP,
5.0944,9,STA,WIFI_DROP,
5.0944,10,STA,WIFI_DROP,
5.0968,2,STA,WIFI_DROP,
5.0968,9,STA,WIFI_DROP,
5.0968,10,STA,WIFI_DROP,
5.0992,2,STA,WIFI_DROP,
5.0992,9,STA,WIFI_DROP,
5.0992,10,STA,WIFI_DROP,
5.1016,2,STA,WIFI_DROP,
5.1016,9,STA,WIFI_DROP,
5.1016,10,STA,WIFI_DROP,
5.104,2,STA,WIFI_DROP,
5.104,9,STA,WIFI_DROP,
5.104,10,STA,WIFI_DROP,
5.1064,2,STA,WIFI_DROP,
5.1064,9,STA,WIFI_DROP,
5.1064,10,STA,WIFI_DROP,
5.1088,2,STA,WIFI_DROP,
5.1088,9,STA,WIFI_DROP,
5.1088,10,STA,WIFI_DROP,
5.1112,2,STA,WIFI_DROP,
5.1112,9,STA,WIFI_DROP,
5.1112,10,STA,WIFI_DROP,
5.1136,2,STA,WIFI_DROP,
5.1136,9,STA,WIFI_DROP,
5.1136,10,STA,WIFI_DROP,
5.116,2,STA,WIFI_DROP,
5.116,9,STA,WIFI_DROP,
5.116,10,STA,WIFI_DROP,
5.1184,2,STA,WIFI_DROP,
5.1184,9,STA,WIFI_DROP,
5.1184,10,STA,WIFI_DROP,
5.1208,2,STA,WIFI_DROP,
5.1208,9,STA,WIFI_DROP,
5.1208,10,STA,WIFI_DROP,
5.1232,2,STA,WIFI_DROP,
5.1232,9,STA,WIFI_DROP,
5.1232,10,STA,WIFI_DROP,
5.1256,2,STA,WIFI_DROP,
5.1256,9,STA,WIFI_DROP,
5.1256,10,STA,WIFI_DROP,
5.128,2,STA,WIFI_DROP,
5.128,9,STA,WIFI_DROP,
5.128,10,STA,WIFI_DROP,
5.1304,2,STA,WIFI_DROP,
5.1304,9,STA,WIFI_DROP,
5.1304,10,STA,WIFI_DROP,
5.1328,2,STA,WIFI_DROP,
5.1328,9,STA,WIFI_DROP,
5.1328,10,STA,WIFI_DROP,
5.1352,2,STA,WIFI_DROP,
5.1352,9,STA,WIFI_DROP,
5.1352,10,STA,WIFI_DROP,
5.1376,9,STA,WIFI_DROP,
5.1376,10,STA,WIFI_DROP,
5.14,9,STA,WIFI_DROP,
5.14,10,STA,WIFI_DROP,
5.1424,9,STA,WIFI_DROP,
5.1424,10,STA,WIFI_DROP,
5.1448,9,STA,WIFI_DROP,
5.1448,10,STA,WIFI_DROP,
5.1472,9,STA,WIFI_DROP,
5.1472,10,STA,WIFI_DROP,
5.1496,9,STA,WIFI_DROP,
5.1496,10,STA,WIFI_DROP,
5.152,9,STA,WIFI_DROP,
5.152,10,STA,WIFI_DROP,
5.1544,9,STA,WIFI_DROP,
5.1544,10,STA,WIFI_DROP,
5.1568,9,STA,WIFI_DROP,
5.1568,10,STA,WIFI_DROP,
5.1592,9,STA,WIFI_DROP,
5.1592,10,STA,WIFI_DROP,
5.1616,9,STA,WIFI_DROP,
5.1616,10,STA,WIFI_DROP,
5.164,9,STA,WIFI_DROP,
5.164,10,STA,WIFI_DROP,
5.1664,9,STA,WIFI_DROP,
5.1664,10,STA,WIFI_DROP,
5.1688,9,STA,WIFI_DROP,
5.1688,10,STA,WIFI_DROP,
5.1712,9,STA,WIFI_DROP,
5.1712,10,STA,WIFI_DROP,
5.1736,9,STA,WIFI_DROP,
5.1736,10,STA,WIFI_DROP,
5.176,9,STA,WIFI_DROP,
5.176,10,STA,WIFI_DROP,
5.1784,9,STA,WIFI_DROP,
5.1784,10,STA,WIFI_DROP,
5.1808,9,STA,WIFI_DROP,
5.1808,10,STA,WIFI_DROP,
5.1832,9,STA,WIFI_DROP,
5.1832,10,STA,WIFI_DROP,
5.1856,9,STA,WIFI_DROP,
5.1856,10,STA,WIFI_DROP,
5.188,9,STA,WIFI_DROP,
5.188,10,STA,WIFI_DROP,
5.188,17,STA,WIFI_DROP,
5.1904,9,STA,WIFI_DROP,
5.1904,10,STA,WIFI_DROP,
5.1904,17,STA,WIFI_DROP,
5.1928,9,STA,WIFI_DROP,
5.1928,10,STA,WIFI_DROP,
5.1928,17,STA,WIFI_DROP,
5.1952,9,STA,WIFI_DROP,
5.1952,10,STA,WIFI_DROP,
5.1952,17,STA,WIFI_DROP,
5.1976,9,STA,WIFI_DROP,
5.1976,10,STA,WIFI_DROP,
5.1976,17,STA,WIFI_DROP,
5.2,9,STA,WIFI_DROP,
5.2,10,STA,WIFI_DROP,
5.2,17,STA,WIFI_DROP,
5.2024,9,STA,WIFI_DROP,
5.2024,10,STA,WIFI_DROP,
5.2024,17,STA,WIFI_DROP,
5.2048,9,STA,WIFI_DROP,
5.2048,10,STA,WIFI_DROP,
5.2048,17,STA,WIFI_DROP,
5.2072,9,STA,WIFI_DROP,
5.2072,10,STA,WIFI_DROP,
5.2072,17,STA,WIFI_DROP,
5.2096,9,STA,WIFI_DROP,
5.2096,10,STA,WIFI_DROP,
5.2096,17,STA,WIFI_DROP,
5.212,9,STA,WIFI_DROP,
5.212,10,STA,WIFI_DROP,
5.212,17,STA,WIFI_DROP,
5.2144,9,STA,WIFI_DROP,
5.2144,10,STA,WIFI_DROP,
5.2144,17,STA,WIFI_DROP,
5.2168,9,STA,WIFI_DROP,
5.2168,10,STA,WIFI_DROP,
5.2168,17,STA,WIFI_DROP,
5.2192,9,STA,WIFI_DROP,
5.2192,10,STA,WIFI_DROP,
5.2192,17,STA,WIFI_DROP,
5.2216,9,STA,WIFI_DROP,
5.2216,10,STA,WIFI_DROP,
5.2216,17,STA,WIFI_DROP,
5.224,9,STA,WIFI_DROP,
5.224,10,STA,WIFI_DROP,
5.224,17,STA,WIFI_DROP,
5.2264,9,STA,WIFI_DROP,
5.2264,10,STA,WIFI_DROP,
5.2264,17,STA,WIFI_DROP,
5.2288,9,STA,WIFI_DROP,
5.2288,10,STA,WIFI_DROP,
5.2288,17,STA,WIFI_DROP,
5.2312,9,STA,WIFI_DROP,
5.2312,10,STA,WIFI_DROP,
5.2312,17,STA,WIFI_DROP,
5.2336,9,STA,WIFI_DROP,
5.2336,10,STA,WIFI_DROP,
5.2336,17,STA,WIFI_DROP,
5.236,9,STA,WIFI_DROP,
5.236,10,STA,WIFI_DROP,
5.236,17,STA,WIFI_DROP,
5.2384,9,STA,WIFI_DROP,
5.2384,10,STA,WIFI_DROP,
5.2384,17,STA,WIFI_DROP,
5.2408,9,STA,WIFI_DROP,
5.2408,10,STA,WIFI_DROP,
5.2408,17,STA,WIFI_DROP,
5.2432,9,STA,WIFI_DROP,
5.2432,10,STA,WIFI_DROP,
5.2432,17,STA,WIFI_DROP,
5.2456,9,STA,WIFI_DROP,
5.2456,10,STA,WIFI_DROP,
5.2456,17,STA,WIFI_DROP,
5.248,9,STA,WIFI_DROP,
5.248,10,STA,WIFI_DROP,
5.248,17,STA,WIFI_DROP,
5.2504,9,STA,WIFI_DROP,
5.2504,10,STA,WIFI_DROP,
5.2504,17,STA,WIFI_DROP,
5.2528,9,STA,WIFI_DROP,
5.2528,10,STA,WIFI_DROP,
5.2528,17,STA,WIFI_DROP,
5.2552,9,STA,WIFI_DROP,
5.2552,10,STA,WIFI_DROP,
5.2552,17,STA,WIFI_DROP,
5.2576,9,STA,WIFI_DROP,
5.2576,10,STA,WIFI_DROP,
5.2576,17,STA,WIFI_DROP,
5.26,9,STA,WIFI_DROP,
5.26,10,STA,WIFI_DROP,
5.26,17,STA,WIFI_DROP,
5.2624,9,STA,WIFI_DROP,
5.2624,10,STA,WIFI_DROP,
5.2624,17,STA,WIFI_DROP,
5.2648,9,STA,WIFI_DROP,
5.2648,10,STA,WIFI_DROP,
5.2648,17,STA,WIFI_DROP,
5.2672,9,STA,WIFI_DROP,
5.2672,10,STA,WIFI_DROP,
5.2672,17,STA,WIFI_DROP,
5.2696,9,STA,WIFI_DROP,
5.2696,10,STA,WIFI_DROP,
5.2696,17,STA,WIFI_DROP,
5.272,9,STA,WIFI_DROP,
5.272,10,STA,WIFI_DROP,
5.272,17,STA,WIFI_DROP,
5.2744,9,STA,WIFI_DROP,
5.2744,10,STA,WIFI_DROP,
5.2744,17,STA,WIFI_DROP,
5.2768,9,STA,WIFI_DROP,
5.2768,10,STA,WIFI_DROP,
5.2768,17,STA,WIFI_DROP,
5.2792,9,STA,WIFI_DROP,
5.2792,10,STA,WIFI_DROP,
5.2792,17,STA,WIFI_DROP,
5.2816,9,STA,WIFI_DROP,
5.2816,10,STA,WIFI_DROP,
5.2816,17,STA,WIFI_DROP,
5.284,9,STA,WIFI_DROP,
5.284,10,STA,WIFI_DROP,
5.284,17,STA,WIFI_DROP,
5.2864,9,STA,WIFI_DROP,
5.2864,10,STA,WIFI_DROP,
5.2864,17,STA,WIFI_DROP,
5.2888,9,STA,WIFI_DROP,
5.2888,10,STA,WIFI_DROP,
5.2888,17,STA,WIFI_DROP,
5.2912,9,STA,WIFI_DROP,
5.2912,10,STA,WIFI_DROP,
5.2912,17,STA,WIFI_DROP,
5.2936,9,STA,WIFI_DROP,
5.2936,10,STA,WIFI_DROP,
5.2936,17,STA,WIFI_DROP,
5.296,9,STA,WIFI_DROP,
5.296,10,STA,WIFI_DROP,
5.296,17,STA,WIFI_DROP,
5.2984,9,STA,WIFI_DROP,
5.2984,10,STA,WIFI_DROP,
5.2984,17,STA,WIFI_DROP,
5.3008,9,STA,WIFI_DROP,
5.3008,10,STA,WIFI_DROP,
5.3008,17,STA,WIFI_DROP,
5.3032,9,STA,WIFI_DROP,
5.3032,10,STA,WIFI_DROP,
5.3032,17,STA,WIFI_DROP,
5.3056,9,STA,WIFI_DROP,
5.3056,10,STA,WIFI_DROP,
5.3056,17,STA,WIFI_DROP,
5.308,9,STA,WIFI_DROP,
5.308,10,STA,WIFI_DROP,
5.308,17,STA,WIFI_DROP,
5.3104,9,STA,WIFI_DROP,
5.3104,10,STA,WIFI_DROP,
5.3104,17,STA,WIFI_DROP,
5.3128,9,STA,WIFI_DROP,
5.3128,10,STA,WIFI_DROP,
5.3128,17,STA,WIFI_DROP,
5.3152,9,STA,WIFI_DROP,
5.3152,10,STA,WIFI_DROP,
5.3152,17,STA,WIFI_DROP,
5.3176,9,STA,WIFI_DROP,
5.3176,10,STA,WIFI_DROP,
5.3176,17,STA,WIFI_DROP,
5.32,9,STA,WIFI_DROP,
5.32,10,STA,WIFI_DROP,
5.32,17,STA,WIFI_DROP,
5.3224,9,STA,WIFI_DROP,
5.3224,10,STA,WIFI_DROP,
5.3224,17,STA,WIFI_DROP,
5.3248,9,STA,WIFI_DROP,
5.3248,10,STA,WIFI_DROP,
5.3248,17,STA,WIFI_DROP,
5.3272,9,STA,WIFI_DROP,
5.3272,10,STA,WIFI_DROP,
5.3272,17,STA,WIFI_DROP,
5.3296,9,STA,WIFI_DROP,
5.3296,10,STA,WIFI_DROP,
5.3296,17,STA,WIFI_DROP,
5.332,9,STA,WIFI_DROP,
5.332,10,STA,WIFI_DROP,
5.332,17,STA,WIFI_DROP,
5.3344,9,STA,WIFI_DROP,
5.3344,10,STA,WIFI_DROP,
5.3344,17,STA,WIFI_DROP,
5.3368,9,STA,WIFI_DROP,
5.3368,10,STA,WIFI_DROP,
5.3368,17,STA,WIFI_DROP,
5.3392,9,STA,WIFI_DROP,
5.3392,10,STA,WIFI_DROP,
5.3392,17,STA,WIFI_DROP,
5.3416,9,STA,WIFI_DROP,
5.3416,10,STA,WIFI_DROP,
5.3416,17,STA,WIFI_DROP,
5.344,9,STA,WIFI_DROP,
5.344,10,STA,WIFI_DROP,
5.3464,9,STA,WIFI_DROP,
5.3464,10,STA,WIFI_DROP,
5.3488,9,STA,WIFI_DROP,
5.3488,10,STA,WIFI_DROP,
5.3512,9,STA,WIFI_DROP,
5.3512,10,STA,WIFI_DROP,
5.3536,9,STA,WIFI_DROP,
5.3536,10,STA,WIFI_DROP,
5.356,9,STA,WIFI_DROP,
5.356,10,STA,WIFI_DROP,
5.3584,9,STA,WIFI_DROP,
5.3584,10,STA,WIFI_DROP,
5.3608,9,STA,WIFI_DROP,
5.3608,10,STA,WIFI_DROP,
5.3632,9,STA,WIFI_DROP,
5.3632,10,STA,WIFI_DROP,
5.3656,9,STA,WIFI_DROP,
5.3656,10,STA,WIFI_DROP,
5.368,9,STA,WIFI_DROP,
5.368,10,STA,WIFI_DROP,
5.3704,9,STA,WIFI_DROP,
5.3704,10,STA,WIFI_DROP,
5.3728,9,STA,WIFI_DROP,
5.3728,10,STA,WIFI_DROP,
5.3752,9,STA,WIFI_DROP,
5.3752,10,STA,WIFI_DROP,
5.3776,9,STA,WIFI_DROP,
5.3776,10,STA,WIFI_DROP,
5.38,9,STA,WIFI_DROP,
5.38,10,STA,WIFI_DROP,
5.3824,9,STA,WIFI_DROP,
5.3824,10,STA,WIFI_DROP,
5.3848,9,STA,WIFI_DROP,
5.3848,10,STA,WIFI_DROP,
5.3872,9,STA,WIFI_DROP,
5.3872,10,STA,WIFI_DROP,
5.3896,9,STA,WIFI_DROP,
5.3896,10,STA,WIFI_DROP,
5.392,9,STA,WIFI_DROP,
5.392,10,STA,WIFI_DROP,
5.3944,9,STA,WIFI_DROP,
5.3944,10,STA,WIFI_DROP,
5.3968,9,STA,WIFI_DROP,
5.3968,10,STA,WIFI_DROP,
5.3968,19,STA,WIFI_DROP,
5.3992,9,STA,WIFI_DROP,
5.3992,10,STA,WIFI_DROP,
5.3992,19,STA,WIFI_DROP,
5.4016,9,STA,WIFI_DROP,
5.4016,10,STA,WIFI_DROP,
5.4016,19,STA,WIFI_DROP,
5.404,9,STA,WIFI_DROP,
5.404,10,STA,WIFI_DROP,
5.404,19,STA,WIFI_DROP,
5.4064,9,STA,WIFI_DROP,
5.4064,10,STA,WIFI_DROP,
5.4064,19,STA,WIFI_DROP,
5.4088,9,STA,WIFI_DROP,
5.4088,10,STA,WIFI_DROP,
5.4088,19,STA,WIFI_DROP,
5.4112,9,STA,WIFI_DROP,
5.4112,10,STA,WIFI_DROP,
5.4112,19,STA,WIFI_DROP,
5.4136,9,STA,WIFI_DROP,
5.4136,10,STA,WIFI_DROP,
5.4136,19,STA,WIFI_DROP,
5.416,9,STA,WIFI_DROP,
5.416,10,STA,WIFI_DROP,
5.416,19,STA,WIFI_DROP,
5.4184,9,STA,WIFI_DROP,
5.4184,10,STA,WIFI_DROP,
5.4184,19,STA,WIFI_DROP,
5.4208,9,STA,WIFI_DROP,
5.4208,10,STA,WIFI_DROP,
5.4208,19,STA,WIFI_DROP,
5.4232,9,STA,WIFI_DROP,
5.4232,10,STA,WIFI_DROP,
5.4232,19,STA,WIFI_DROP,
5.4256,9,STA,WIFI_DROP,
5.4256,10,STA,WIFI_DROP,
5.4256,19,STA,WIFI_DROP,
5.428,9,STA,WIFI_DROP,
5.428,10,STA,WIFI_DROP,
5.428,19,STA,WIFI_DROP,
5.4304,9,STA,WIFI_DROP,
5.4304,10,STA,WIFI_DROP,
5.4304,19,STA,WIFI_DROP,
5.4328,9,STA,WIFI_DROP,
5.4328,10,STA,WIFI_DROP,
5.4328,19,STA,WIFI_DROP,
5.4352,9,STA,WIFI_DROP,
5.4352,10,STA,WIFI_DROP,
5.4352,19,STA,WIFI_DROP,
5.4376,9,STA,WIFI_DROP,
5.4376,10,STA,WIFI_DROP,
5.4376,19,STA,WIFI_DROP,
5.44,9,STA,WIFI_DROP,
5.44,10,STA,WIFI_DROP,
5.44,19,STA,WIFI_DROP,
5.4424,9,STA,WIFI_DROP,
5.4424,10,STA,WIFI_DROP,
5.4424,19,STA,WIFI_DROP,
5.4448,9,STA,WIFI_DROP,
5.4448,10,STA,WIFI_DROP,
5.4448,19,STA,WIFI_DROP,
5.4472,9,STA,WIFI_DROP,
5.4472,10,STA,WIFI_DROP,
5.4472,19,STA,WIFI_DROP,
5.4496,9,STA,WIFI_DROP,
5.4496,10,STA,WIFI_DROP,
5.4496,19,STA,WIFI_DROP,
5.452,9,STA,WIFI_DROP,
5.452,10,STA,WIFI_DROP,
5.452,19,STA,WIFI_DROP,
5.4544,9,STA,WIFI_DROP,
5.4544,10,STA,WIFI_DROP,
5.4544,19,STA,WIFI_DROP,
5.4568,9,STA,WIFI_DROP,
5.4568,10,STA,WIFI_DROP,
5.4568,19,STA,WIFI_DROP,
5.4592,9,STA,WIFI_DROP,
5.4592,10,STA,WIFI_DROP,
5.4592,19,STA,WIFI_DROP,
5.4616,9,STA,WIFI_DROP,
5.4616,10,STA,WIFI_DROP,
5.4616,19,STA,WIFI_DROP,
5.464,9,STA,WIFI_DROP,
5.464,10,STA,WIFI_DROP,
5.464,19,STA,WIFI_DROP,
5.4664,9,STA,WIFI_DROP,
5.4664,10,STA,WIFI_DROP,
5.4664,19,STA,WIFI_DROP,
5.4688,9,STA,WIFI_DROP,
5.4688,10,STA,WIFI_DROP,
5.4688,19,STA,WIFI_DROP,
5.4712,9,STA,WIFI_DROP,
5.4712,10,STA,WIFI_DROP,
5.4712,19,STA,WIFI_DROP,
5.4736,9,STA,WIFI_DROP,
5.4736,10,STA,WIFI_DROP,
5.4736,19,STA,WIFI_DROP,
5.476,9,STA,WIFI_DROP,
5.476,10,STA,WIFI_DROP,
5.476,19,STA,WIFI_DROP,
5.4784,9,STA,WIFI_DROP,
5.4784,10,STA,WIFI_DROP,
5.4784,19,STA,WIFI_DROP,
5.4808,9,STA,WIFI_DROP,
5.4808,10,STA,WIFI_DROP,
5.4808,19,STA,WIFI_DROP,
5.4832,9,STA,WIFI_DROP,
5.4832,10,STA,WIFI_DROP,
5.4832,19,STA,WIFI_DROP,
5.4856,9,STA,WIFI_DROP,
5.4856,10,STA,WIFI_DROP,
5.4856,19,STA,WIFI_DROP,
5.488,9,STA,WIFI_DROP,
5.488,10,STA,WIFI_DROP,
5.488,19,STA,WIFI_DROP,
5.4904,9,STA,WIFI_DROP,
5.4904,10,STA,WIFI_DROP,
5.4904,19,STA,WIFI_DROP,
5.4928,9,STA,WIFI_DROP,
5.4928,10,STA,WIFI_DROP,
5.4928,19,STA,WIFI_DROP,
5.4952,9,STA,WIFI_DROP,
5.4952,10,STA,WIFI_DROP,
5.4952,19,STA,WIFI_DROP,
5.4976,9,STA,WIFI_DROP,
5.4976,10,STA,WIFI_DROP,
5.4976,19,STA,WIFI_DROP,
5.5,9,STA,WIFI_DROP,
5.5,10,STA,WIFI_DROP,
5.5,19,STA,WIFI_DROP,
5.5024,9,STA,WIFI_DROP,
5.5024,10,STA,WIFI_DROP,
5.5024,19,STA,WIFI_DROP,
5.5048,9,STA,WIFI_DROP,
5.5048,10,STA,WIFI_DROP,
5.5048,19,STA,WIFI_DROP,
5.5072,9,STA,WIFI_DROP,
5.5072,10,STA,WIFI_DROP,
5.5072,19,STA,WIFI_DROP,
5.5096,9,STA,WIFI_DROP,
5.5096,10,STA,WIFI_DROP,
5.5096,19,STA,WIFI_DROP,
5.512,9,STA,WIFI_DROP,
5.512,10,STA,WIFI_DROP,
5.512,19,STA,WIFI_DROP,
5.5144,9,STA,WIFI_DROP,
5.5144,10,STA,WIFI_DROP,
5.5144,19,STA,WIFI_DROP,
5.5168,9,STA,WIFI_DROP,
5.5168,10,STA,WIFI_DROP,
5.5168,19,STA,WIFI_DROP,
5.5192,9,STA,WIFI_DROP,
5.5192,10,STA,WIFI_DROP,
5.5192,19,STA,WIFI_DROP,
5.5216,10,STA,WIFI_DROP,
5.5216,19,STA,WIFI_DROP,
5.524,10,STA,WIFI_DROP,
5.524,19,STA,WIFI_DROP,
5.5264,10,STA,WIFI_DROP,
5.5264,19,STA,WIFI_DROP,
5.5288,10,STA,WIFI_DROP,
5.5288,19,STA,WIFI_DROP,
5.5312,10,STA,WIFI_DROP,
5.5312,19,STA,WIFI_DROP,
5.5336,10,STA,WIFI_DROP,
5.5336,19,STA,WIFI_DROP,
5.536,10,STA,WIFI_DROP,
5.536,19,STA,WIFI_DROP,
5.5384,10,STA,WIFI_DROP,
5.5384,19,STA,WIFI_DROP,
5.5408,10,STA,WIFI_DROP,
5.5408,19,STA,WIFI_DROP,
5.5432,9,STA,WIFI_DROP,
5.5432,10,STA,WIFI_DROP,
5.5432,19,STA,WIFI_DROP,
5.5456,9,STA,WIFI_DROP,
5.5456,10,STA,WIFI_DROP,
5.5456,19,STA,WIFI_DROP,
5.548,9,STA,WIFI_DROP,
5.548,10,STA,WIFI_DROP,
5.548,19,STA,WIFI_DROP,
5.5504,9,STA,WIFI_DROP,
5.5504,10,STA,WIFI_DROP,
5.5504,19,STA,WIFI_DROP,
5.5528,9,STA,WIFI_DROP,
5.5528,10,STA,WIFI_DROP,
5.5528,19,STA,WIFI_DROP,
5.5552,9,STA,WIFI_DROP,
5.5552,10,STA,WIFI_DROP,
5.5552,19,STA,WIFI_DROP,
5.5576,9,STA,WIFI_DROP,
5.5576,10,STA,WIFI_DROP,
5.5576,19,STA,WIFI_DROP,
5.56,9,STA,WIFI_DROP,
5.56,10,STA,WIFI_DROP,
5.56,19,STA,WIFI_DROP,
5.5624,9,STA,WIFI_DROP,
5.5624,10,STA,WIFI_DROP,
5.5624,19,STA,WIFI_DROP,
5.5648,9,STA,WIFI_DROP,
5.5648,10,STA,WIFI_DROP,
5.5648,19,STA,WIFI_DROP,
5.5672,9,STA,WIFI_DROP,
5.5672,10,STA,WIFI_DROP,
5.5672,19,STA,WIFI_DROP,
5.5696,9,STA,WIFI_DROP,
5.5696,10,STA,WIFI_DROP,
5.5696,19,STA,WIFI_DROP,
5.572,9,STA,WIFI_DROP,
5.572,10,STA,WIFI_DROP,
5.572,19,STA,WIFI_DROP,
5.5744,9,STA,WIFI_DROP,
5.5744,10,STA,WIFI_DROP,
5.5744,19,STA,WIFI_DROP,
5.5768,9,STA,WIFI_DROP,
5.5768,10,STA,WIFI_DROP,
5.5768,19,STA,WIFI_DROP,
5.5792,9,STA,WIFI_DROP,
5.5792,10,STA,WIFI_DROP,
5.5792,19,STA,WIFI_DROP,
5.5816,9,STA,WIFI_DROP,
5.5816,10,STA,WIFI_DROP,
5.5816,19,STA,WIFI_DROP,
5.584,9,STA,WIFI_DROP,
5.584,10,STA,WIFI_DROP,
5.584,19,STA,WIFI_DROP,
5.5864,9,STA,WIFI_DROP,
5.5864,10,STA,WIFI_DROP,
5.5864,19,STA,WIFI_DROP,
5.5888,9,STA,WIFI_DROP,
5.5888,10,STA,WIFI_DROP,
5.5888,19,STA,WIFI_DROP,
5.5912,9,STA,WIFI_DROP,
5.5912,10,STA,WIFI_DROP,
5.5912,19,STA,WIFI_DROP,
5.5936,9,STA,WIFI_DROP,
5.5936,10,STA,WIFI_DROP,
5.5936,19,STA,WIFI_DROP,
5.596,9,STA,WIFI_DROP,
5.596,10,STA,WIFI_DROP,
5.596,19,STA,WIFI_DROP,
5.5984,9,STA,WIFI_DROP,
5.5984,10,STA,WIFI_DROP,
5.5984,19,STA,WIFI_DROP,
5.6008,9,STA,WIFI_DROP,
5.6008,10,STA,WIFI_DROP,
5.6008,19,STA,WIFI_DROP,
5.6032,9,STA,WIFI_DROP,
5.6032,10,STA,WIFI_DROP,
5.6032,19,STA,WIFI_DROP,
5.6056,9,STA,WIFI_DROP,
5.6056,10,STA,WIFI_DROP,
5.6056,19,STA,WIFI_DROP,
5.608,9,STA,WIFI_DROP,
5.608,10,STA,WIFI_DROP,
5.608,19,STA,WIFI_DROP,
5.6104,9,STA,WIFI_DROP,
5.6104,10,STA,WIFI_DROP,
5.6104,19,STA,WIFI_DROP,
5.6128,9,STA,WIFI_DROP,
5.6128,10,STA,WIFI_DROP,
5.6128,19,STA,WIFI_DROP,
5.6152,9,STA,WIFI_DROP,
5.6152,10,STA,WIFI_DROP,
5.6152,19,STA,WIFI_DROP,
5.6176,9,STA,WIFI_DROP,
5.6176,10,STA,WIFI_DROP,
5.6176,19,STA,WIFI_DROP,
5.62,9,STA,WIFI_DROP,
5.62,10,STA,WIFI_DROP,
5.62,19,STA,WIFI_DROP,
5.6224,9,STA,WIFI_DROP,
5.6224,10,STA,WIFI_DROP,
5.6224,19,STA,WIFI_DROP,
5.6248,9,STA,WIFI_DROP,
5.6248,10,STA,WIFI_DROP,
5.6248,19,STA,WIFI_DROP,
5.6272,9,STA,WIFI_DROP,
5.6272,10,STA,WIFI_DROP,
5.6272,19,STA,WIFI_DROP,
5.6296,9,STA,WIFI_DROP,
5.6296,10,STA,WIFI_DROP,
5.6296,19,STA,WIFI_DROP,
5.632,9,STA,WIFI_DROP,
5.632,10,STA,WIFI_DROP,
5.632,19,STA,WIFI_DROP,
5.6344,9,STA,WIFI_DROP,
5.6344,19,STA,WIFI_DROP,
5.6368,9,STA,WIFI_DROP,
5.6368,19,STA,WIFI_DROP,
5.6392,9,STA,WIFI_DROP,
5.6392,19,STA,WIFI_DROP,
5.6416,9,STA,WIFI_DROP,
5.6416,19,STA,WIFI_DROP,
5.644,9,STA,WIFI_DROP,
5.644,19,STA,WIFI_DROP,
5.6464,9,STA,WIFI_DROP,
5.6464,19,STA,WIFI_DROP,
5.6488,9,STA,WIFI_DROP,
5.6488,19,STA,WIFI_DROP,
5.6512,9,STA,WIFI_DROP,
5.6512,19,STA,WIFI_DROP,
5.6536,9,STA,WIFI_DROP,
5.6536,19,STA,WIFI_DROP,
5.656,9,STA,WIFI_DROP,
5.656,19,STA,WIFI_DROP,
5.6584,9,STA,WIFI_DROP,
5.6584,19,STA,WIFI_DROP,
5.6608,9,STA,WIFI_DROP,
5.6608,19,STA,WIFI_DROP,
5.6632,9,STA,WIFI_DROP,
5.6632,19,STA,WIFI_DROP,
5.6656,9,STA,WIFI_DROP,
5.6656,19,STA,WIFI_DROP,
5.668,9,STA,WIFI_DROP,
5.668,19,STA,WIFI_DROP,
5.6704,9,STA,WIFI_DROP,
5.6704,19,STA,WIFI_DROP,
5.6728,9,STA,WIFI_DROP,
5.6728,19,STA,WIFI_DROP,
5.6752,9,STA,WIFI_DROP,
5.6752,19,STA,WIFI_DROP,
5.6776,9,STA,WIFI_DROP,
5.6776,19,STA,WIFI_DROP,
5.68,9,STA,WIFI_DROP,
5.68,19,STA,WIFI_DROP,
5.6824,9,STA,WIFI_DROP,
5.6824,19,STA,WIFI_DROP,
5.6848,9,STA,WIFI_DROP,
5.6848,19,STA,WIFI_DROP,
5.6872,9,STA,WIFI_DROP,
5.6872,19,STA,WIFI_DROP,
5.6896,9,STA,WIFI_DROP,
5.6896,19,STA,WIFI_DROP,
5.692,9,STA,WIFI_DROP,
5.692,19,STA,WIFI_DROP,
5.6944,9,STA,WIFI_DROP,
5.6944,19,STA,WIFI_DROP,
5.6968,19,STA,WIFI_DROP,
5.6992,19,STA,WIFI_DROP,
5.7016,19,STA,WIFI_DROP,
5.704,19,STA,WIFI_DROP,
5.7064,19,STA,WIFI_DROP,
5.7088,19,STA,WIFI_DROP,
5.7112,19,STA,WIFI_DROP,
5.7136,19,STA,WIFI_DROP,
5.716,19,STA,WIFI_DROP,
5.7184,19,STA,WIFI_DROP,
5.7208,19,STA,WIFI_DROP,
5.7232,19,STA,WIFI_DROP,
5.7256,19,STA,WIFI_DROP,
5.728,19,STA,WIFI_DROP,
5.7304,19,STA,WIFI_DROP,
5.7328,19,STA,WIFI_DROP,
5.7352,19,STA,WIFI_DROP,
5.7376,19,STA,WIFI_DROP,
5.74,19,STA,WIFI_DROP,
5.7424,19,STA,WIFI_DROP,
5.7448,19,STA,WIFI_DROP,
5.7472,19,STA,WIFI_DROP,
5.7496,19,STA,WIFI_DROP,
5.752,19,STA,WIFI_DROP,
5.7544,19,STA,WIFI_DROP,
5.7568,19,STA,WIFI_DROP,
5.7592,19,STA,WIFI_DROP,
5.7616,19,STA,WIFI_DROP,
5.764,19,STA,WIFI_DROP,
5.7664,19,STA,WIFI_DROP,
5.7688,19,STA,WIFI_DROP,
5.7712,19,STA,WIFI_DROP,
5.7736,19,STA,WIFI_DROP,
5.776,19,STA,WIFI_DROP,
5.7784,19,STA,WIFI_DROP,
5.7808,19,STA,WIFI_DROP,
5.7832,19,STA,WIFI_DROP,
5.7856,19,STA,WIFI_DROP,
5.788,19,STA,WIFI_DROP,
5.7904,19,STA,WIFI_DROP,
5.7928,19,STA,WIFI_DROP,
5.7952,19,STA,WIFI_DROP,
5.7976,19,STA,WIFI_DROP,
5.8,19,STA,WIFI_DROP,
5.8024,19,STA,WIFI_DROP,
5.8048,19,STA,WIFI_DROP,
5.8072,19,STA,WIFI_DROP,
5.8096,19,STA,WIFI_DROP,
5.812,19,STA,WIFI_DROP,
5.8144,19,STA,WIFI_DROP,
5.8168,19,STA,WIFI_DROP,
5.8192,19,STA,WIFI_DROP,
5.8216,19,STA,WIFI_DROP,
5.824,19,STA,WIFI_DROP,
5.8264,19,STA,WIFI_DROP,
5.8288,19,STA,WIFI_DROP,
5.8312,19,STA,WIFI_DROP,
5.8336,19,STA,WIFI_DROP,
5.836,19,STA,WIFI_DROP,
5.8384,19,STA,WIFI_DROP,
5.8408,19,STA,WIFI_DROP,
5.8432,19,STA,WIFI_DROP,
5.8456,19,STA,WIFI_DROP,
5.848,19,STA,WIFI_DROP,
5.8504,19,STA,WIFI_DROP,
5.8528,19,STA,WIFI_DROP,
5.8552,19,STA,WIFI_DROP,
5.8576,19,STA,WIFI_DROP,
5.86,19,STA,WIFI_DROP,
5.8624,19,STA,WIFI_DROP,
5.8648,19,STA,WIFI_DROP,
5.8672,19,STA,WIFI_DROP,
5.8696,19,STA,WIFI_DROP,
5.872,19,STA,WIFI_DROP,
5.8744,19,STA,WIFI_DROP,
5.8768,19,STA,WIFI_DROP,
5.8792,19,STA,WIFI_DROP,
5.8816,19,STA,WIFI_DROP,
5.884,19,STA,WIFI_DROP,
5.8864,19,STA,WIFI_DROP,
5.8888,19,STA,WIFI_DROP,
5.8912,19,STA,WIFI_DROP,
5.8936,19,STA,WIFI_DROP,
5.896,19,STA,WIFI_DROP,
5.8984,19,STA,WIFI_DROP,
5.9008,19,STA,WIFI_DROP,
6,2,STA,THROUGHPUT_MBPS,0.936000
6,5,STA,THROUGHPUT_MBPS,3.720000
6,8,STA,THROUGHPUT_MBPS,1.344000
6,9,STA,THROUGHPUT_MBPS,0.012000
6,12,STA,THROUGHPUT_MBPS,3.684000
6,14,STA,THROUGHPUT_MBPS,4.752000
6,16,STA,THROUGHPUT_MBPS,2.040000
6,17,STA,THROUGHPUT_MBPS,3.864000
6,18,STA,THROUGHPUT_MBPS,1.260000
6,19,STA,THROUGHPUT_MBPS,0.852000
6,20,STA,THROUGHPUT_MBPS,1.068000
6,21,STA,THROUGHPUT_MBPS,2.088000
6,1,AP,AGGREGATE_THROUGHPUT_MBPS,25.620000
6,1,AP,SENT_COUNT,8340.000000
6,1,AP,RECV_COUNT,2135.000000
6,1,AP,LATENCY_P95_MS,547.278532
6.316,3,STA,WIFI_DROP,
6.3184,3,STA,WIFI_DROP,
6.3208,3,STA,WIFI_DROP,
6.3232,3,STA,WIFI_DROP,
6.3256,3,STA,WIFI_DROP,
6.328,3,STA,WIFI_DROP,
6.3304,3,STA,WIFI_DROP,
6.3328,3,STA,WIFI_DROP,
6.3352,3,STA,WIFI_DROP,
6.3376,3,STA,WIFI_DROP,
6.34,3,STA,WIFI_DROP,
6.3424,3,STA,WIFI_DROP,
6.3448,3,STA,WIFI_DROP,
6.3472,3,STA,WIFI_DROP,
6.3496,3,STA,WIFI_DROP,
6.352,3,STA,WIFI_DROP,
6.3544,3,STA,WIFI_DROP,
6.3568,3,STA,WIFI_DROP,
6.3592,3,STA,WIFI_DROP,
6.3616,3,STA,WIFI_DROP,
6.364,3,STA,WIFI_DROP,
6.3664,3,STA,WIFI_DROP,
6.3688,3,STA,WIFI_DROP,
6.3712,3,STA,WIFI_DROP,
6.3736,3,STA,WIFI_DROP,
6.376,3,STA,WIFI_DROP,
6.3784,3,STA,WIFI_DROP,
6.3808,3,STA,WIFI_DROP,
6.3832,3,STA,WIFI_DROP,
6.3856,3,STA,WIFI_DROP,
6.388,3,STA,WIFI_DROP,
6.3904,3,STA,WIFI_DROP,
6.3928,3,STA,WIFI_DROP,
6.3952,3,STA,WIFI_DROP,
6.3976,3,STA,WIFI_DROP,
6.4,3,STA,WIFI_DROP,
6.4024,3,STA,WIFI_DROP,
6.4048,3,STA,WIFI_DROP,
6.4072,3,STA,WIFI_DROP,
6.4096,3,STA,WIFI_DROP,
6.412,3,STA,WIFI_DROP,
6.4144,3,STA,WIFI_DROP,
6.4168,3,STA,WIFI_DROP,
7,2,STA,THROUGHPUT_MBPS,1.956000
7,3,STA,THROUGHPUT_MBPS,2.556000
7,5,STA,THROUGHPUT_MBPS,1.488000
7,8,STA,THROUGHPUT_MBPS,2.496000
7,12,STA,THROUGHPUT_MBPS,1.572000
7,14,STA,THROUGHPUT_MBPS,1.020000
7,16,STA,THROUGHPUT_MBPS,1.044000
7,17,STA,THROUGHPUT_MBPS,1.776000
7,18,STA,THROUGHPUT_MBPS,3.816000
7,20,STA,THROUGHPUT_MBPS,1.536000
7,21,STA,THROUGHPUT_MBPS,1.392000
7,1,AP,AGGREGATE_THROUGHPUT_MBPS,20.652000
7,1,AP,SENT_COUNT,8320.000000
7,1,AP,RECV_COUNT,1721.000000
7,1,AP,LATENCY_P95_MS,548.901356
7.4416,8,STA,WIFI_DROP,
7.4416,9,STA,WIFI_DROP,
7.4416,11,STA,WIFI_DROP,
7.444,8,STA,WIFI_DROP,
7.444,9,STA,WIFI_DROP,
7.444,11,STA,WIFI_DROP,
7.4464,8,STA,WIFI_DROP,
7.4464,9,STA,WIFI_DROP,
7.4464,11,STA,WIFI_DROP,
7.4488,8,STA,WIFI_DROP,
7.4488,9,STA,WIFI_DROP,
7.4488,11,STA,WIFI_DROP,
7.4512,8,STA,WIFI_DROP,
7.4512,9,STA,WIFI_DROP,
7.4512,11,STA,WIFI_DROP,
7.4536,8,STA,WIFI_DROP,
7.4536,9,STA,WIFI_DROP,
7.4536,11,STA,WIFI_DROP,
7.456,8,STA,WIFI_DROP,
7.456,9,STA,WIFI_DROP,
7.456,11,STA,WIFI_DROP,
7.4584,8,STA,WIFI_DROP,
7.4584,9,STA,WIFI_DROP,
7.4584,11,STA,WIFI_DROP,
7.4608,8,STA,WIFI_DROP,
7.4608,9,STA,WIFI_DROP,
7.4608,11,STA,WIFI_DROP,
7.4632,8,STA,WIFI_DROP,
7.4632,9,STA,WIFI_DROP,
7.4632,11,STA,WIFI_DROP,
7.4656,8,STA,WIFI_DROP,
7.4656,9,STA,WIFI_DROP,
7.4656,11,STA,WIFI_DROP,
7.468,8,STA,WIFI_DROP,
7.468,9,STA,WIFI_DROP,
7.468,11,STA,WIFI_DROP,
7.4704,8,STA,WIFI_DROP,
7.4704,9,STA,WIFI_DROP,
7.4704,11,STA,WIFI_DROP,
7.4728,8,STA,WIFI_DROP,
7.4728,9,STA,WIFI_DROP,
7.4728,11,STA,WIFI_DROP,
7.4752,8,STA,WIFI_DROP,
7.4752,9,STA,WIFI_DROP,
7.4752,11,STA,WIFI_DROP,
7.4776,8,STA,WIFI_DROP,
7.4776,9,STA,WIFI_DROP,
7.4776,11,STA,WIFI_DROP,
7.48,8,STA,WIFI_DROP,
7.48,9,STA,WIFI_DROP,
7.48,11,STA,WIFI_DROP,
7.4824,8,STA,WIFI_DROP,
7.4824,9,STA,WIFI_DROP,
7.4824,11,STA,WIFI_DROP,
7.4848,8,STA,WIFI_DROP,
7.4848,9,STA,WIFI_DROP,
7.4848,11,STA,WIFI_DROP,
7.4872,8,STA,WIFI_DROP,
7.4872,9,STA,WIFI_DROP,
7.4872,11,STA,WIFI_DROP,
7.4896,8,STA,WIFI_DROP,
7.4896,9,STA,WIFI_DROP,
7.4896,11,STA,WIFI_DROP,
7.492,8,STA,WIFI_DROP,
7.492,9,STA,WIFI_DROP,
7.492,11,STA,WIFI_DROP,
7.4944,8,STA,WIFI_DROP,
7.4944,11,STA,WIFI_DROP,
7.4968,8,STA,WIFI_DROP,
7.4968,11,STA,WIFI_DROP,
7.4992,8,STA,WIFI_DROP,
7.4992,11,STA,WIFI_DROP,
7.5016,8,STA,WIFI_DROP,
7.5016,11,STA,WIFI_DROP,
7.504,8,STA,WIFI_DROP,
7.504,11,STA,WIFI_DROP,
7.5064,8,STA,WIFI_DROP,
7.5064,11,STA,WIFI_DROP,
7.5088,8,STA,WIFI_DROP,
7.5088,11,STA,WIFI_DROP,
7.5112,8,STA,WIFI_DROP,
7.5112,11,STA,WIFI_DROP,
7.5136,8,STA,WIFI_DROP,
7.5136,11,STA,WIFI_DROP,
7.516,8,STA,WIFI_DROP,
7.516,11,STA,WIFI_DROP,
7.5184,8,STA,WIFI_DROP,
7.5184,11,STA,WIFI_DROP,
7.5208,8,STA,WIFI_DROP,
7.5208,11,STA,WIFI_DROP,
7.5232,8,STA,WIFI_DROP,
7.5232,11,STA,WIFI_DROP,
7.5256,8,STA,WIFI_DROP,
7.5256,11,STA,WIFI_DROP,
7.528,8,STA,WIFI_DROP,
7.528,11,STA,WIFI_DROP,
7.5304,8,STA,WIFI_DROP,
7.5304,11,STA,WIFI_DROP,
7.5328,8,STA,WIFI_DROP,
7.5328,11,STA,WIFI_DROP,
7.5352,8,STA,WIFI_DROP,
7.5352,11,STA,WIFI_DROP,
7.5376,8,STA,WIFI_DROP,
7.5376,11,STA,WIFI_DROP,
7.54,8,STA,WIFI_DROP,
7.54,11,STA,WIFI_DROP,
7.5424,8,STA,WIFI_DROP,
7.5424,11,STA,WIFI_DROP,
7.5448,11,STA,WIFI_DROP,
7.5472,11,STA,WIFI_DROP,
7.5496,11,STA,WIFI_DROP,
7.552,11,STA,WIFI_DROP,
7.5544,11,STA,WIFI_DROP,
7.5568,11,STA,WIFI_DROP,
7.5592,11,STA,WIFI_DROP,
7.5616,11,STA,WIFI_DROP,
7.564,11,STA,WIFI_DROP,
7.5664,11,STA,WIFI_DROP,
7.5688,11,STA,WIFI_DROP,
7.5712,11,STA,WIFI_DROP,
7.5736,11,STA,WIFI_DROP,
7.576,11,STA,WIFI_DROP,
7.5784,11,STA,WIFI_DROP,
7.5808,11,STA,WIFI_DROP,
7.5832,11,STA,WIFI_DROP,
7.5856,11,STA,WIFI_DROP,
7.588,11,STA,WIFI_DROP,
7.5904,11,STA,WIFI_DROP,
7.5928,11,STA,WIFI_DROP,
7.5952,11,STA,WIFI_DROP,
7.5976,11,STA,WIFI_DROP,
7.6,11,STA,WIFI_DROP,
7.6024,11,STA,WIFI_DROP,
7.6048,11,STA,WIFI_DROP,
7.6072,11,STA,WIFI_DROP,
7.6096,11,STA,WIFI_DROP,
7.612,11,STA,WIFI_DROP,
7.6144,11,STA,WIFI_DROP,
7.6168,11,STA,WIFI_DROP,
7.6192,11,STA,WIFI_DROP,
7.6216,11,STA,WIFI_DROP,
7.624,11,STA,WIFI_DROP,
7.6264,11,STA,WIFI_DROP,
7.6288,11,STA,WIFI_DROP,
7.6312,11,STA,WIFI_DROP,
7.6336,11,STA,WIFI_DROP,
7.636,11,STA,WIFI_DROP,
7.6384,11,STA,WIFI_DROP,
7.6408,11,STA,WIFI_DROP,
7.6432,11,STA,WIFI_DROP,
7.6456,11,STA,WIFI_DROP,
7.648,11,STA,WIFI_DROP,
7.6504,11,STA,WIFI_DROP,
7.6528,11,STA,WIFI_DROP,
7.6552,11,STA,WIFI_DROP,
7.6576,11,STA,WIFI_DROP,
7.66,11,STA,WIFI_DROP,
7.6624,11,STA,WIFI_DROP,
7.6648,11,STA,WIFI_DROP,
7.6672,11,STA,WIFI_DROP,
7.6696,11,STA,WIFI_DROP,
7.672,11,STA,WIFI_DROP,
7.6744,11,STA,WIFI_DROP,
7.6768,11,STA,WIFI_DROP,
7.6792,11,STA,WIFI_DROP,
7.6816,11,STA,WIFI_DROP,
7.684,11,STA,WIFI_DROP,
7.6864,11,STA,WIFI_DROP,
7.6888,11,STA,WIFI_DROP,
7.6912,11,STA,WIFI_DROP,
7.6936,11,STA,WIFI_DROP,
7.696,11,STA,WIFI_DROP,
7.6984,11,STA,WIFI_DROP,
7.7008,11,STA,WIFI_DROP,
7.7032,11,STA,WIFI_DROP,
7.7056,11,STA,WIFI_DROP,
7.708,11,STA,WIFI_DROP,
7.7104,11,STA,WIFI_DROP,
7.7128,11,STA,WIFI_DROP,
7.7152,11,STA,WIFI_DROP,
7.7176,11,STA,WIFI_DROP,
7.72,11,STA,WIFI_DROP,
7.7224,11,STA,WIFI_DROP,
7.7248,11,STA,WIFI_DROP,
7.7272,11,STA,WIFI_DROP,
7.7296,11,STA,WIFI_DROP,
7.732,11,STA,WIFI_DROP,
7.7344,11,STA,WIFI_DROP,
7.7368,11,STA,WIFI_DROP,
7.7392,11,STA,WIFI_DROP,
7.7416,11,STA,WIFI_DROP,
7.744,11,STA,WIFI_DROP,
7.7464,11,STA,WIFI_DROP,
7.7488,11,STA,WIFI_DROP,
7.7512,11,STA,WIFI_DROP,
7.7536,11,STA,WIFI_DROP,
7.756,11,STA,WIFI_DROP,
7.7584,11,STA,WIFI_DROP,
7.7608,11,STA,WIFI_DROP,
7.7632,11,STA,WIFI_DROP,
7.7656,11,STA,WIFI_DROP,
7.768,11,STA,WIFI_DROP,
7.7704,11,STA,WIFI_DROP,
7.7728,11,STA,WIFI_DROP,
7.7752,11,STA,WIFI_DROP,
7.7776,11,STA,WIFI_DROP,
7.78,11,STA,WIFI_DROP,
7.7824,11,STA,WIFI_DROP,
7.7848,11,STA,WIFI_DROP,
7.7872,11,STA,WIFI_DROP,
7.7896,11,STA,WIFI_DROP,
7.792,11,STA,WIFI_DROP,
7.7944,11,STA,WIFI_DROP,
7.7968,11,STA,WIFI_DROP,
7.7992,11,STA,WIFI_DROP,
7.8016,11,STA,WIFI_DROP,
7.804,11,STA,WIFI_DROP,
7.8064,11,STA,WIFI_DROP,
7.8088,11,STA,WIFI_DROP,
7.8112,11,STA,WIFI_DROP,
7.8136,11,STA,WIFI_DROP,
7.816,11,STA,WIFI_DROP,
7.8184,11,STA,WIFI_DROP,
7.8208,11,STA,WIFI_DROP,
7.8232,11,STA,WIFI_DROP,
7.8256,11,STA,WIFI_DROP,
7.828,11,STA,WIFI_DROP,
7.8304,11,STA,WIFI_DROP,
7.8328,11,STA,WIFI_DROP,
7.8352,11,STA,WIFI_DROP,
7.8376,11,STA,WIFI_DROP,
7.84,11,STA,WIFI_DROP,
7.8424,11,STA,WIFI_DROP,
7.8448,11,STA,WIFI_DROP,
7.8472,11,STA,WIFI_DROP,
7.8496,11,STA,WIFI_DROP,
7.852,11,STA,WIFI_DROP,
7.8544,11,STA,WIFI_DROP,
7.8568,11,STA,WIFI_DROP,
7.8592,11,STA,WIFI_DROP,
7.8616,11,STA,WIFI_DROP,
7.864,11,STA,WIFI_DROP,
7.8664,11,STA,WIFI_DROP,
7.8688,11,STA,WIFI_DROP,
7.8712,11,STA,WIFI_DROP,
7.8736,11,STA,WIFI_DROP,
7.876,11,STA,WIFI_DROP,
7.8784,11,STA,WIFI_DROP,
7.8808,11,STA,WIFI_DROP,
7.8832,11,STA,WIFI_DROP,
7.8856,11,STA,WIFI_DROP,
7.888,11,STA,WIFI_DROP,
7.8904,11,STA,WIFI_DROP,
7.8928,11,STA,WIFI_DROP,
7.8952,11,STA,WIFI_DROP,
7.8976,11,STA,WIFI_DROP,
7.9,11,STA,WIFI_DROP,
7.9024,11,STA,WIFI_DROP,
7.9048,11,STA,WIFI_DROP,
7.9072,11,STA,WIFI_DROP,
7.9096,11,STA,WIFI_DROP,
7.912,11,STA,WIFI_DROP,
7.9144,11,STA,WIFI_DROP,
7.9168,11,STA,WIFI_DROP,
7.9192,11,STA,WIFI_DROP,
7.9216,11,STA,WIFI_DROP,
7.924,11,STA,WIFI_DROP,
7.9264,11,STA,WIFI_DROP,
7.9288,11,STA,WIFI_DROP,
7.9312,11,STA,WIFI_DROP,
7.9336,11,STA,WIFI_DROP,
7.936,11,STA,WIFI_DROP,
7.9384,11,STA,WIFI_DROP,
7.9408,11,STA,WIFI_DROP,
7.9432,11,STA,WIFI_DROP,
7.9456,11,STA,WIFI_DROP,
7.948,11,STA,WIFI_DROP,
7.9504,11,STA,WIFI_DROP,
7.9528,11,STA,WIFI_DROP,
7.9552,11,STA,WIFI_DROP,
7.9576,11,STA,WIFI_DROP,
7.96,11,STA,WIFI_DROP,
7.9624,11,STA,WIFI_DROP,
7.9648,11,STA,WIFI_DROP,
7.9672,11,STA,WIFI_DROP,
7.9696,11,STA,WIFI_DROP,
7.972,11,STA,WIFI_DROP,
7.9744,11,STA,WIFI_DROP,
7.9768,11,STA,WIFI_DROP,
7.9792,11,STA,WIFI_DROP,
7.9816,11,STA,WIFI_DROP,
7.984,11,STA,WIFI_DROP,
7.9864,11,STA,WIFI_DROP,
7.9888,11,STA,WIFI_DROP,
7.9912,11,STA,WIFI_DROP,
7.9936,11,STA,WIFI_DROP,
7.996,11,STA,WIFI_DROP,
7.9984,11,STA,WIFI_DROP,
8,2,STA,THROUGHPUT_MBPS,4.872000
8,3,STA,THROUGHPUT_MBPS,1.416000
8,5,STA,THROUGHPUT_MBPS,2.484000
8,8,STA,THROUGHPUT_MBPS,0.420000
8,9,STA,THROUGHPUT_MBPS,2.088000
8,12,STA,THROUGHPUT_MBPS,2.640000
8,14,STA,THROUGHPUT_MBPS,3.444000
8,16,STA,THROUGHPUT_MBPS,1.824000
8,17,STA,THROUGHPUT_MBPS,1.740000
8,18,STA,THROUGHPUT_MBPS,2.904000
8,20,STA,THROUGHPUT_MBPS,1.152000
8,21,STA,THROUGHPUT_MBPS,0.744000
8,1,AP,AGGREGATE_THROUGHPUT_MBPS,25.728000
8,1,AP,SENT_COUNT,8340.000000
8,1,AP,RECV_COUNT,2144.000000
8,1,AP,LATENCY_P95_MS,532.913953
8.0008,11,STA,WIFI_DROP,
8.0032,11,STA,WIFI_DROP,
8.0056,11,STA,WIFI_DROP,
8.008,11,STA,WIFI_DROP,
8.0104,11,STA,WIFI_DROP,
8.0128,11,STA,WIFI_DROP,
8.0152,11,STA,WIFI_DROP,
8.0176,11,STA,WIFI_DROP,
8.02,11,STA,WIFI_DROP,
8.0224,11,STA,WIFI_DROP,
8.0248,11,STA,WIFI_DROP,
8.0272,11,STA,WIFI_DROP,
8.0296,11,STA,WIFI_DROP,
8.032,11,STA,WIFI_DROP,
8.0344,11,STA,WIFI_DROP,
8.0368,11,STA,WIFI_DROP,
8.0392,11,STA,WIFI_DROP,
8.0416,11,STA,WIFI_DROP,
8.044,11,STA,WIFI_DROP,
8.0464,11,STA,WIFI_DROP,
8.0488,11,STA,WIFI_DROP,
8.0512,11,STA,WIFI_DROP,
8.0536,11,STA,WIFI_DROP,
8.056,11,STA,WIFI_DROP,
8.0584,11,STA,WIFI_DROP,
8.0608,11,STA,WIFI_DROP,
8.0632,11,STA,WIFI_DROP,
8.0656,11,STA,WIFI_DROP,
8.068,11,STA,WIFI_DROP,
8.0704,11,STA,WIFI_DROP,
8.0728,11,STA,WIFI_DROP,
8.0752,11,STA,WIFI_DROP,
8.0776,11,STA,WIFI_DROP,
8.08,11,STA,WIFI_DROP,
8.0824,11,STA,WIFI_DROP,
8.0848,11,STA,WIFI_DROP,
8.0872,11,STA,WIFI_DROP,
8.0896,11,STA,WIFI_DROP,
8.092,11,STA,WIFI_DROP,
8.0944,11,STA,WIFI_DROP,
8.0968,11,STA,WIFI_DROP,
8.0992,11,STA,WIFI_DROP,
8.1016,11,STA,WIFI_DROP,
8.104,11,STA,WIFI_DROP,
8.1064,11,STA,WIFI_DROP,
8.1088,11,STA,WIFI_DROP,
8.1112,11,STA,WIFI_DROP,
8.1136,11,STA,WIFI_DROP,
8.116,11,STA,WIFI_DROP,
8.1184,11,STA,WIFI_DROP,
8.1208,11,STA,WIFI_DROP,
8.1232,11,STA,WIFI_DROP,
8.1256,11,STA,WIFI_DROP,
8.128,11,STA,WIFI_DROP,
8.1304,11,STA,WIFI_DROP,
8.1328,11,STA,WIFI_DROP,
8.1352,11,STA,WIFI_DROP,
8.1376,11,STA,WIFI_DROP,
8.14,11,STA,WIFI_DROP,
8.1424,11,STA,WIFI_DROP,
8.1448,11,STA,WIFI_DROP,
8.1472,11,STA,WIFI_DROP,
8.1496,11,STA,WIFI_DROP,
8.152,11,STA,WIFI_DROP,
8.1544,11,STA,WIFI_DROP,
8.1568,11,STA,WIFI_DROP,
8.1592,11,STA,WIFI_DROP,
8.1616,11,STA,WIFI_DROP,
8.164,11,STA,WIFI_DROP,
8.1664,11,STA,WIFI_DROP,
8.1688,11,STA,WIFI_DROP,
8.1712,11,STA,WIFI_DROP,
8.1736,11,STA,WIFI_DROP,
8.176,11,STA,WIFI_DROP,
8.1784,11,STA,WIFI_DROP,
8.1808,11,STA,WIFI_DROP,
8.1832,11,STA,WIFI_DROP,
8.1856,11,STA,WIFI_DROP,
8.188,11,STA,WIFI_DROP,
8.1904,11,STA,WIFI_DROP,
8.1928,11,STA,WIFI_DROP,
8.1952,11,STA,WIFI_DROP,
8.1976,11,STA,WIFI_DROP,
8.2,11,STA,WIFI_DROP,
8.2024,11,STA,WIFI_DROP,
8.2048,11,STA,WIFI_DROP,
8.2072,11,STA,WIFI_DROP,
8.2096,11,STA,WIFI_DROP,
8.212,11,STA,WIFI_DROP,
8.2144,11,STA,WIFI_DROP,
8.2168,11,STA,WIFI_DROP,
8.2192,11,STA,WIFI_DROP,
8.2216,11,STA,WIFI_DROP,
8.224,11,STA,WIFI_DROP,
8.2264,11,STA,WIFI_DROP,
8.2288,11,STA,WIFI_DROP,
8.2312,11,STA,WIFI_DROP,
8.2336,11,STA,WIFI_DROP,
8.236,11,STA,WIFI_DROP,
8.2384,11,STA,WIFI_DROP,
8.2408,11,STA,WIFI_DROP,
8.2432,11,STA,WIFI_DROP,
8.2456,11,STA,WIFI_DROP,
8.248,11,STA,WIFI_DROP,
8.2504,11,STA,WIFI_DROP,
8.2528,11,STA,WIFI_DROP,
8.2552,11,STA,WIFI_DROP,
8.2576,11,STA,WIFI_DROP,
8.26,11,STA,WIFI_DROP,
8.2624,11,STA,WIFI_DROP,
8.2648,11,STA,WIFI_DROP,
8.2672,11,STA,WIFI_DROP,
8.2696,11,STA,WIFI_DROP,
8.272,11,STA,WIFI_DROP,
8.2744,11,STA,WIFI_DROP,
8.2768,11,STA,WIFI_DROP,
8.2792,11,STA,WIFI_DROP,
8.2816,11,STA,WIFI_DROP,
8.284,11,STA,WIFI_DROP,
8.2864,11,STA,WIFI_DROP,
8.2888,11,STA,WIFI_DROP,
8.2912,11,STA,WIFI_DROP,
8.8744,5,STA,WIFI_DROP,
8.8744,19,STA,WIFI_DROP,
8.8768,5,STA,WIFI_DROP,
8.8768,19,STA,WIFI_DROP,
8.8792,5,STA,WIFI_DROP,
8.8792,19,STA,WIFI_DROP,
8.8816,5,STA,WIFI_DROP,
8.8816,19,STA,WIFI_DROP,
8.884,5,STA,WIFI_DROP,
8.884,19,STA,WIFI_DROP,
8.8864,5,STA,WIFI_DROP,
8.8864,19,STA,WIFI_DROP,
8.8888,5,STA,WIFI_DROP,
8.8888,19,STA,WIFI_DROP,
8.8912,5,STA,WIFI_DROP,
8.8912,19,STA,WIFI_DROP,
8.8936,5,STA,WIFI_DROP,
8.8936,19,STA,WIFI_DROP,
8.896,5,STA,WIFI_DROP,
8.896,19,STA,WIFI_DROP,
8.8984,5,STA,WIFI_DROP,
8.8984,19,STA,WIFI_DROP,
8.9008,5,STA,WIFI_DROP,
8.9008,19,STA,WIFI_DROP,
8.9032,5,STA,WIFI_DROP,
8.9032,19,STA,WIFI_DROP,
8.9056,5,STA,WIFI_DROP,
8.9056,19,STA,WIFI_DROP,
8.908,5,STA,WIFI_DROP,
8.908,19,STA,WIFI_DROP,
8.9104,5,STA,WIFI_DROP,
8.9104,19,STA,WIFI_DROP,
8.9128,5,STA,WIFI_DROP,
8.9128,19,STA,WIFI_DROP,
8.9152,5,STA,WIFI_DROP,
8.9152,19,STA,WIFI_DROP,
8.9176,5,STA,WIFI_DROP,
8.9176,19,STA,WIFI_DROP,
8.92,5,STA,WIFI_DROP,
8.92,19,STA,WIFI_DROP,
8.9224,5,STA,WIFI_DROP,
8.9224,19,STA,WIFI_DROP,
8.9248,5,STA,WIFI_DROP,
8.9248,19,STA,WIFI_DROP,
8.9272,5,STA,WIFI_DROP,
8.9272,19,STA,WIFI_DROP,
8.9296,19,STA,WIFI_DROP,
8.932,19,STA,WIFI_DROP,
8.9344,19,STA,WIFI_DROP,
8.9368,19,STA,WIFI_DROP,
8.9392,19,STA,WIFI_DROP,
8.9416,19,STA,WIFI_DROP,
8.944,19,STA,WIFI_DROP,
8.9464,19,STA,WIFI_DROP,
8.9488,19,STA,WIFI_DROP,
8.9512,19,STA,WIFI_DROP,
8.9536,19,STA,WIFI_DROP,
8.956,19,STA,WIFI_DROP,
8.9584,19,STA,WIFI_DROP,
8.9608,19,STA,WIFI_DROP,
8.9632,19,STA,WIFI_DROP,
8.9656,19,STA,WIFI_DROP,
8.968,19,STA,WIFI_DROP,
8.9704,19,STA,WIFI_DROP,
8.9728,19,STA,WIFI_DROP,
8.9752,19,STA,WIFI_DROP,
8.9776,19,STA,WIFI_DROP,
8.98,19,STA,WIFI_DROP,
8.9824,19,STA,WIFI_DROP,
8.9848,19,STA,WIFI_DROP,
8.9872,19,STA,WIFI_DROP,
8.9896,19,STA,WIFI_DROP,
8.992,19,STA,WIFI_DROP,
8.9944,19,STA,WIFI_DROP,
8.9968,19,STA,WIFI_DROP,
8.9992,19,STA,WIFI_DROP,
9,2,STA,THROUGHPUT_MBPS,4.884000
9,3,STA,THROUGHPUT_MBPS,1.716000
9,5,STA,THROUGHPUT_MBPS,4.944000
9,9,STA,THROUGHPUT_MBPS,4.056000
9,11,STA,THROUGHPUT_MBPS,2.076000
9,12,STA,THROUGHPUT_MBPS,0.720000
9,14,STA,THROUGHPUT_MBPS,1.044000
9,16,STA,THROUGHPUT_MBPS,0.564000
9,17,STA,THROUGHPUT_MBPS,3.420000
9,18,STA,THROUGHPUT_MBPS,2.088000
9,20,STA,THROUGHPUT_MBPS,1.368000
9,21,STA,THROUGHPUT_MBPS,0.924000
9,1,AP,AGGREGATE_THROUGHPUT_MBPS,27.804000
9,1,AP,SENT_COUNT,8340.000000
9,1,AP,RECV_COUNT,2317.000000
9,1,AP,LATENCY_P95_MS,565.249584
9.0016,19,STA,WIFI_DROP,
9.004,19,STA,WIFI_DROP,
9.0064,19,STA,WIFI_DROP,
9.0088,19,STA,WIFI_DROP,
9.0112,19,STA,WIFI_DROP,
9.0136,19,STA,WIFI_DROP,
9.016,19,STA,WIFI_DROP,
9.0184,19,STA,WIFI_DROP,
9.0208,19,STA,WIFI_DROP,
9.0232,19,STA,WIFI_DROP,
9.0256,19,STA,WIFI_DROP,
9.028,19,STA,WIFI_DROP,
9.0304,19,STA,WIFI_DROP,
9.0328,19,STA,WIFI_DROP,
9.0352,19,STA,WIFI_DROP,
9.0376,19,STA,WIFI_DROP,
9.04,19,STA,WIFI_DROP,
9.0424,19,STA,WIFI_DROP,
9.0448,19,STA,WIFI_DROP,
9.0472,19,STA,WIFI_DROP,
9.0496,19,STA,WIFI_DROP,
9.052,19,STA,WIFI_DROP,
9.0544,19,STA,WIFI_DROP,
9.0568,19,STA,WIFI_DROP,
9.0592,19,STA,WIFI_DROP,
9.0616,19,STA,WIFI_DROP,
9.064,19,STA,WIFI_DROP,
9.0664,19,STA,WIFI_DROP,
9.0688,19,STA,WIFI_DROP,
9.0712,19,STA,WIFI_DROP,
9.0736,19,STA,WIFI_DROP,
9.076,19,STA,WIFI_DROP,
9.0784,19,STA,WIFI_DROP,
9.0808,19,STA,WIFI_DROP,
9.0832,19,STA,WIFI_DROP,
9.0856,19,STA,WIFI_DROP,
9.088,19,STA,WIFI_DROP,
9.0904,19,STA,WIFI_DROP,
9.0928,19,STA,WIFI_DROP,
9.0952,19,STA,WIFI_DROP,
9.0976,19,STA,WIFI_DROP,
9.1,19,STA,WIFI_DROP,
9.1024,19,STA,WIFI_DROP,
9.1048,19,STA,WIFI_DROP,
9.1072,19,STA,WIFI_DROP,
9.1096,19,STA,WIFI_DROP,
9.112,19,STA,WIFI_DROP,
9.1144,19,STA,WIFI_DROP,
9.1168,19,STA,WIFI_DROP,
9.1192,19,STA,WIFI_DROP,
9.1216,19,STA,WIFI_DROP,
9.124,19,STA,WIFI_DROP,
9.4912,17,STA,WIFI_DROP,
9.4936,17,STA,WIFI_DROP,
9.496,17,STA,WIFI_DROP,
9.4984,17,STA,WIFI_DROP,
9.5008,17,STA,WIFI_DROP,
9.5032,17,STA,WIFI_DROP,
9.5056,17,STA,WIFI_DROP,
9.508,17,STA,WIFI_DROP,
9.5104,17,STA,WIFI_DROP,
9.5128,17,STA,WIFI_DROP,
9.5152,17,STA,WIFI_DROP,
9.5176,17,STA,WIFI_DROP,
9.52,17,STA,WIFI_DROP,
9.5224,17,STA,WIFI_DROP,
9.5248,17,STA,WIFI_DROP,
9.5272,17,STA,WIFI_DROP,
9.5296,17,STA,WIFI_DROP,
9.532,17,STA,WIFI_DROP,
9.5344,17,STA,WIFI_DROP,
9.5368,17,STA,WIFI_DROP,
9.5392,17,STA,WIFI_DROP,
9.5416,17,STA,WIFI_DROP,
9.544,17,STA,WIFI_DROP,
9.5464,17,STA,WIFI_DROP,
9.5488,17,STA,WIFI_DROP,
9.5512,17,STA,WIFI_DROP,
9.5536,17,STA,WIFI_DROP,
9.556,17,STA,WIFI_DROP,
9.5584,17,STA,WIFI_DROP,
9.5608,17,STA,WIFI_DROP,
9.5632,17,STA,WIFI_DROP,
9.5656,17,STA,WIFI_DROP,
9.568,17,STA,WIFI_DROP,
9.5704,17,STA,WIFI_DROP,
9.5728,17,STA,WIFI_DROP,
9.5752,17,STA,WIFI_DROP,
9.5776,17,STA,WIFI_DROP,
9.58,17,STA,WIFI_DROP,
9.5824,17,STA,WIFI_DROP,
9.5848,17,STA,WIFI_DROP,
9.5872,17,STA,WIFI_DROP,
9.5896,17,STA,WIFI_DROP,
9.592,17,STA,WIFI_DROP,
9.9016,8,STA,WIFI_DROP,
9.904,8,STA,WIFI_DROP,
9.9064,8,STA,WIFI_DROP,
9.9088,8,STA,WIFI_DROP,
9.9112,8,STA,WIFI_DROP,
9.9136,8,STA,WIFI_DROP,
9.916,8,STA,WIFI_DROP,
9.9184,8,STA,WIFI_DROP,
9.9208,8,STA,WIFI_DROP,
9.9232,8,STA,WIFI_DROP,
9.9256,8,STA,WIFI_DROP,
9.928,8,STA,WIFI_DROP,
9.9304,8,STA,WIFI_DROP,
9.9328,8,STA,WIFI_DROP,
9.9352,8,STA,WIFI_DROP,
9.9376,8,STA,WIFI_DROP,
9.94,8,STA,WIFI_DROP,
9.9424,8,STA,WIFI_DROP,
9.9448,8,STA,WIFI_DROP,
9.9472,8,STA,WIFI_DROP,
9.9496,8,STA,WIFI_DROP,
9.952,8,STA,WIFI_DROP,
9.9544,8,STA,WIFI_DROP,
9.9568,8,STA,WIFI_DROP,
9.9592,8,STA,WIFI_DROP,
9.9616,8,STA,WIFI_DROP,
9.964,8,STA,WIFI_DROP,
9.9664,8,STA,WIFI_DROP,
9.9688,8,STA,WIFI_DROP,
9.9712,8,STA,WIFI_DROP,
9.9736,8,STA,WIFI_DROP,
9.976,8,STA,WIFI_DROP,
9.9784,8,STA,WIFI_DROP,
9.9808,8,STA,WIFI_DROP,
9.9832,8,STA,WIFI_DROP,
9.9856,8,STA,WIFI_DROP,
9.988,8,STA,WIFI_DROP,
9.9904,8,STA,WIFI_DROP,
9.9928,8,STA,WIFI_DROP,
9.9952,8,STA,WIFI_DROP,
9.9976,8,STA,WIFI_DROP,
10,2,STA,THROUGHPUT_MBPS,3.852000
10,3,STA,THROUGHPUT_MBPS,1.200000
10,5,STA,THROUGHPUT_MBPS,1.056000
10,9,STA,THROUGHPUT_MBPS,0.888000
10,11,STA,THROUGHPUT_MBPS,4.044000
10,12,STA,THROUGHPUT_MBPS,1.380000
10,14,STA,THROUGHPUT_MBPS,1.596000
10,16,STA,THROUGHPUT_MBPS,0.648000
10,17,STA,THROUGHPUT_MBPS,2.088000
10,18,STA,THROUGHPUT_MBPS,0.600000
10,19,STA,THROUGHPUT_MBPS,1.452000
10,20,STA,THROUGHPUT_MBPS,1.368000
10,21,STA,THROUGHPUT_MBPS,0.444000
10,1,AP,AGGREGATE_THROUGHPUT_MBPS,20.616000
10,1,AP,SENT_COUNT,8320.000000
10,1,AP,RECV_COUNT,1718.000000
10,1,AP,LATENCY_P95_MS,543.652225
10,4,STA,WIFI_DROP,
10,8,STA,WIFI_DROP,
10.0024,4,STA,WIFI_DROP,
10.0024,8,STA,WIFI_DROP,
10.0048,4,STA,WIFI_DROP,
10.0048,8,STA,WIFI_DROP,
10.0072,4,STA,WIFI_DROP,
10.0072,8,STA,WIFI_DROP,
10.0096,4,STA,WIFI_DROP,
10.0096,8,STA,WIFI_DROP,
10.012,4,STA,WIFI_DROP,
10.012,8,STA,WIFI_DROP,
10.0144,4,STA,WIFI_DROP,
10.0144,8,STA,WIFI_DROP,
10.0168,4,STA,WIFI_DROP,
10.0168,8,STA,WIFI_DROP,
10.0192,4,STA,WIFI_DROP,
10.0192,8,STA,WIFI_DROP,
10.0216,4,STA,WIFI_DROP,
10.0216,8,STA,WIFI_DROP,
10.024,4,STA,WIFI_DROP,
10.024,8,STA,WIFI_DROP,
10.0264,4,STA,WIFI_DROP,
10.0264,8,STA,WIFI_DROP,
10.0288,4,STA,WIFI_DROP,
10.0288,8,STA,WIFI_DROP,
10.0312,4,STA,WIFI_DROP,
10.0312,8,STA,WIFI_DROP,
10.0336,4,STA,WIFI_DROP,
10.0336,8,STA,WIFI_DROP,
10.036,4,STA,WIFI_DROP,
10.036,8,STA,WIFI_DROP,
10.0384,4,STA,WIFI_DROP,
10.0384,8,STA,WIFI_DROP,
10.0408,4,STA,WIFI_DROP,
10.0408,8,STA,WIFI_DROP,
10.0432,4,STA,WIFI_DROP,
10.0432,8,STA,WIFI_DROP,
10.0456,4,STA,WIFI_DROP,
10.0456,8,STA,WIFI_DROP,
10.048,4,STA,WIFI_DROP,
10.048,8,STA,WIFI_DROP,
10.0504,4,STA,WIFI_DROP,
10.0504,8,STA,WIFI_DROP,
10.0528,4,STA,WIFI_DROP,
10.0528,8,STA,WIFI_DROP,
10.0552,4,STA,WIFI_DROP,
10.0552,8,STA,WIFI_DROP,
10.0576,4,STA,WIFI_DROP,
10.0576,8,STA,WIFI_DROP,
10.06,4,STA,WIFI_DROP,
10.06,8,STA,WIFI_DROP,
10.0624,4,STA,WIFI_DROP,
10.0624,8,STA,WIFI_DROP,
10.0648,4,STA,WIFI_DROP,
10.0648,8,STA,WIFI_DROP,
10.0672,4,STA,WIFI_DROP,
10.0672,8,STA,WIFI_DROP,
10.0696,4,STA,WIFI_DROP,
10.0696,8,STA,WIFI_DROP,
10.072,4,STA,WIFI_DROP,
10.072,8,STA,WIFI_DROP,
10.0744,4,STA,WIFI_DROP,
10.0744,8,STA,WIFI_DROP,
10.0768,4,STA,WIFI_DROP,
10.0768,8,STA,WIFI_DROP,
10.0792,4,STA,WIFI_DROP,
10.0792,8,STA,WIFI_DROP,
10.0816,4,STA,WIFI_DROP,
10.0816,8,STA,WIFI_DROP,
10.084,4,STA,WIFI_DROP,
10.084,8,STA,WIFI_DROP,
10.0864,4,STA,WIFI_DROP,
10.0864,8,STA,WIFI_DROP,
10.0888,4,STA,WIFI_DROP,
10.0888,8,STA,WIFI_DROP,
10.0912,4,STA,WIFI_DROP,
10.0912,8,STA,WIFI_DROP,
10.0936,4,STA,WIFI_DROP,
10.0936,8,STA,WIFI_DROP,
10.096,4,STA,WIFI_DROP,
10.096,8,STA,WIFI_DROP,
10.0984,4,STA,WIFI_DROP,
10.0984,8,STA,WIFI_DROP,
10.1008,4,STA,WIFI_DROP,
10.1008,8,STA,WIFI_DROP,
10.1032,4,STA,WIFI_DROP,
10.1032,8,STA,WIFI_DROP,
10.1056,4,STA,WIFI_DROP,
10.1056,8,STA,WIFI_DROP,
10.108,4,STA,WIFI_DROP,
10.108,8,STA,WIFI_DROP,
10.1104,4,STA,WIFI_DROP,
10.1104,8,STA,WIFI_DROP,
10.1128,4,STA,WIFI_DROP,
10.1128,8,STA,WIFI_DROP,
10.1152,4,STA,WIFI_DROP,
10.1152,8,STA,WIFI_DROP,
10.1176,4,STA,WIFI_DROP,
10.1176,8,STA,WIFI_DROP,
10.12,4,STA,WIFI_DROP,
10.12,8,STA,WIFI_DROP,
10.1224,4,STA,WIFI_DROP,
10.1224,8,STA,WIFI_DROP,
10.1248,4,STA,WIFI_DROP,
10.1248,8,STA,WIFI_DROP,
10.1272,4,STA,WIFI_DROP,
10.1272,8,STA,WIFI_DROP,
10.1296,4,STA,WIFI_DROP,
10.1296,8,STA,WIFI_DROP,
10.132,4,STA,WIFI_DROP,
10.132,8,STA,WIFI_DROP,
10.1344,4,STA,WIFI_DROP,
10.1344,8,STA,WIFI_DROP,
10.1368,4,STA,WIFI_DROP,
10.1368,8,STA,WIFI_DROP,
10.1392,4,STA,WIFI_DROP,
10.1392,8,STA,WIFI_DROP,
10.1416,4,STA,WIFI_DROP,
10.1416,8,STA,WIFI_DROP,
10.144,4,STA,WIFI_DROP,
10.144,8,STA,WIFI_DROP,
10.1464,4,STA,WIFI_DROP,
10.1464,8,STA,WIFI_DROP,
10.1488,4,STA,WIFI_DROP,
10.1488,8,STA,WIFI_DROP,
10.1512,4,STA,WIFI_DROP,
10.1512,8,STA,WIFI_DROP,
10.1536,4,STA,WIFI_DROP,
10.1536,8,STA,WIFI_DROP,
10.156,4,STA,WIFI_DROP,
10.156,8,STA,WIFI_DROP,
10.1584,4,STA,WIFI_DROP,
10.1584,8,STA,WIFI_DROP,
10.1608,4,STA,WIFI_DROP,
10.1608,8,STA,WIFI_DROP,
10.1632,4,STA,WIFI_DROP,
10.1632,8,STA,WIFI_DROP,
10.1656,4,STA,WIFI_DROP,
10.1656,8,STA,WIFI_DROP,
10.168,4,STA,WIFI_DROP,
10.168,8,STA,WIFI_DROP,
10.1704,4,STA,WIFI_DROP,
10.1704,8,STA,WIFI_DROP,
10.1728,4,STA,WIFI_DROP,
10.1728,8,STA,WIFI_DROP,
10.1752,4,STA,WIFI_DROP,
10.1752,8,STA,WIFI_DROP,
10.1776,4,STA,WIFI_DROP,
10.1776,8,STA,WIFI_DROP,
10.18,4,STA,WIFI_DROP,
10.18,8,STA,WIFI_DROP,
10.1824,4,STA,WIFI_DROP,
10.1824,8,STA,WIFI_DROP,
10.1848,4,STA,WIFI_DROP,
10.1848,8,STA,WIFI_DROP,
10.1872,4,STA,WIFI_DROP,
10.1872,8,STA,WIFI_DROP,
10.1896,4,STA,WIFI_DROP,
10.1896,8,STA,WIFI_DROP,
10.192,4,STA,WIFI_DROP,
10.192,8,STA,WIFI_DROP,
10.1944,4,STA,WIFI_DROP,
10.1944,8,STA,WIFI_DROP,
10.1968,4,STA,WIFI_DROP,
10.1968,8,STA,WIFI_DROP,
10.1992,4,STA,WIFI_DROP,
10.1992,8,STA,WIFI_DROP,
10.2016,4,STA,WIFI_DROP,
10.2016,8,STA,WIFI_DROP,
10.204,4,STA,WIFI_DROP,
10.204,8,STA,WIFI_DROP,
10.2064,4,STA,WIFI_DROP,
10.2064,6,STA,WIFI_DROP,
10.2064,8,STA,WIFI_DROP,
10.2088,4,STA,WIFI_DROP,
10.2088,6,STA,WIFI_DROP,
10.2088,8,STA,WIFI_DROP,
10.2112,4,STA,WIFI_DROP,
10.2112,6,STA,WIFI_DROP,
10.2112,8,STA,WIFI_DROP,
10.2136,4,STA,WIFI_DROP,
10.2136,6,STA,WIFI_DROP,
10.2136,8,STA,WIFI_DROP,
10.216,4,STA,WIFI_DROP,
10.216,6,STA,WIFI_DROP,
10.216,8,STA,WIFI_DROP,
10.2184,4,STA,WIFI_DROP,
10.2184,6,STA,WIFI_DROP,
10.2184,8,STA,WIFI_DROP,
10.2208,4,STA,WIFI_DROP,
10.2208,6,STA,WIFI_DROP,
10.2208,8,STA,WIFI_DROP,
10.2232,4,STA,WIFI_DROP,
10.2232,6,STA,WIFI_DROP,
10.2232,8,STA,WIFI_DROP,
10.2256,4,STA,WIFI_DROP,
10.2256,6,STA,WIFI_DROP,
10.2256,8,STA,WIFI_DROP,
10.228,4,STA,WIFI_DROP,
10.228,6,STA,WIFI_DROP,
10.228,8,STA,WIFI_DROP,
10.2304,4,STA,WIFI_DROP,
10.2304,6,STA,WIFI_DROP,
10.2304,8,STA,WIFI_DROP,
10.2328,4,STA,WIFI_DROP,
10.2328,6,STA,WIFI_DROP,
10.2328,8,STA,WIFI_DROP,
10.2352,4,STA,WIFI_DROP,
10.2352,6,STA,WIFI_DROP,
10.2352,8,STA,WIFI_DROP,
10.2376,4,STA,WIFI_DROP,
10.2376,6,STA,WIFI_DROP,
10.2376,8,STA,WIFI_DROP,
10.24,4,STA,WIFI_DROP,
10.24,6,STA,WIFI_DROP,
10.24,8,STA,WIFI_DROP,
10.2424,4,STA,WIFI_DROP,
10.2424,6,STA,WIFI_DROP,
10.2424,8,STA,WIFI_DROP,
10.2448,4,STA,WIFI_DROP,
10.2448,6,STA,WIFI_DROP,
10.2448,8,STA,WIFI_DROP,
10.2472,4,STA,WIFI_DROP,
10.2472,6,STA,WIFI_DROP,
10.2472,8,STA,WIFI_DROP,
10.2496,4,STA,WIFI_DROP,
10.2496,6,STA,WIFI_DROP,
10.2496,8,STA,WIFI_DROP,
10.252,4,STA,WIFI_DROP,
10.252,6,STA,WIFI_DROP,
10.252,8,STA,WIFI_DROP,
10.2544,4,STA,WIFI_DROP,
10.2544,6,STA,WIFI_DROP,
10.2544,8,STA,WIFI_DROP,
10.2568,4,STA,WIFI_DROP,
10.2568,6,STA,WIFI_DROP,
10.2568,8,STA,WIFI_DROP,
10.2592,4,STA,WIFI_DROP,
10.2592,6,STA,WIFI_DROP,
10.2592,8,STA,WIFI_DROP,
10.2616,4,STA,WIFI_DROP,
10.2616,6,STA,WIFI_DROP,
10.2616,8,STA,WIFI_DROP,
10.264,4,STA,WIFI_DROP,
10.264,6,STA,WIFI_DROP,
10.264,8,STA,WIFI_DROP,
10.2664,4,STA,WIFI_DROP,
10.2664,6,STA,WIFI_DROP,
10.2664,8,STA,WIFI_DROP,
10.2688,4,STA,WIFI_DROP,
10.2688,6,STA,WIFI_DROP,
10.2688,8,STA,WIFI_DROP,
10.2712,4,STA,WIFI_DROP,
10.2712,6,STA,WIFI_DROP,
10.2712,8,STA,WIFI_DROP,
10.2736,4,STA,WIFI_DROP,
10.2736,6,STA,WIFI_DROP,
10.2736,8,STA,WIFI_DROP,
10.276,4,STA,WIFI_DROP,
10.276,6,STA,WIFI_DROP,
10.276,8,STA,WIFI_DROP,
10.2784,4,STA,WIFI_DROP,
10.2784,6,STA,WIFI_DROP,
10.2784,8,STA,WIFI_DROP,
10.2808,4,STA,WIFI_DROP,
10.2808,6,STA,WIFI_DROP,
10.2808,8,STA,WIFI_DROP,
10.2832,4,STA,WIFI_DROP,
10.2832,6,STA,WIFI_DROP,
10.2832,8,STA,WIFI_DROP,
10.2856,4,STA,WIFI_DROP,
10.2856,6,STA,WIFI_DROP,
10.2856,8,STA,WIFI_DROP,
10.288,4,STA,WIFI_DROP,
10.288,6,STA,WIFI_DROP,
10.288,8,STA,WIFI_DROP,
10.2904,4,STA,WIFI_DROP,
10.2904,6,STA,WIFI_DROP,
10.2904,8,STA,WIFI_DROP,
10.2928,4,STA,WIFI_DROP,
10.2928,6,STA,WIFI_DROP,
10.2928,8,STA,WIFI_DROP,
10.2952,4,STA,WIFI_DROP,
10.2952,6,STA,WIFI_DROP,
10.2952,8,STA,WIFI_DROP,
10.2976,4,STA,WIFI_DROP,
10.2976,6,STA,WIFI_DROP,
10.2976,8,STA,WIFI_DROP,
10.3,4,STA,WIFI_DROP,
10.3,6,STA,WIFI_DROP,
10.3,8,STA,WIFI_DROP,
10.3024,4,STA,WIFI_DROP,
10.3024,6,STA,WIFI_DROP,
10.3024,8,STA,WIFI_DROP,
10.3048,4,STA,WIFI_DROP,
10.3048,6,STA,WIFI_DROP,
10.3048,8,STA,WIFI_DROP,
10.3072,4,STA,WIFI_DROP,
10.3072,6,STA,WIFI_DROP,
10.3072,8,STA,WIFI_DROP,
10.3096,4,STA,WIFI_DROP,
10.3096,6,STA,WIFI_DROP,
10.3096,8,STA,WIFI_DROP,
10.312,4,STA,WIFI_DROP,
10.312,6,STA,WIFI_DROP,
10.312,8,STA,WIFI_DROP,
10.3144,4,STA,WIFI_DROP,
10.3144,6,STA,WIFI_DROP,
10.3144,8,STA,WIFI_DROP,
10.3168,4,STA,WIFI_DROP,
10.3168,6,STA,WIFI_DROP,
10.3168,8,STA,WIFI_DROP,
10.3192,4,STA,WIFI_DROP,
10.3192,6,STA,WIFI_DROP,
10.3192,8,STA,WIFI_DROP,
10.3216,4,STA,WIFI_DROP,
10.3216,6,STA,WIFI_DROP,
10.3216,8,STA,WIFI_DROP,
10.324,4,STA,WIFI_DROP,
10.324,6,STA,WIFI_DROP,
10.324,8,STA,WIFI_DROP,
10.3264,4,STA,WIFI_DROP,
10.3264,6,STA,WIFI_DROP,
10.3264,8,STA,WIFI_DROP,
10.3288,4,STA,WIFI_DROP,
10.3288,6,STA,WIFI_DROP,
10.3288,8,STA,WIFI_DROP,
10.3312,4,STA,WIFI_DROP,
10.3312,6,STA,WIFI_DROP,
10.3312,8,STA,WIFI_DROP,
10.3336,4,STA,WIFI_DROP,
10.3336,6,STA,WIFI_DROP,
10.3336,8,STA,WIFI_DROP,
10.336,4,STA,WIFI_DROP,
10.336,6,STA,WIFI_DROP,
10.336,8,STA,WIFI_DROP,
10.3384,4,STA,WIFI_DROP,
10.3384,6,STA,WIFI_DROP,
10.3384,8,STA,WIFI_DROP,
10.3408,4,STA,WIFI_DROP,
10.3408,6,STA,WIFI_DROP,
10.3408,8,STA,WIFI_DROP,
10.3432,4,STA,WIFI_DROP,
10.3432,6,STA,WIFI_DROP,
10.3432,8,STA,WIFI_DROP,
10.3456,4,STA,WIFI_DROP,
10.3456,6,STA,WIFI_DROP,
10.3456,8,STA,WIFI_DROP,
10.348,4,STA,WIFI_DROP,
10.348,6,STA,WIFI_DROP,
10.348,8,STA,WIFI_DROP,
10.3504,4,STA,WIFI_DROP,
10.3504,6,STA,WIFI_DROP,
10.3504,8,STA,WIFI_DROP,
10.3528,4,STA,WIFI_DROP,
10.3528,6,STA,WIFI_DROP,
10.3528,8,STA,WIFI_DROP,
10.3552,4,STA,WIFI_DROP,
10.3552,6,STA,WIFI_DROP,
10.3552,8,STA,WIFI_DROP,
10.3576,4,STA,WIFI_DROP,
10.3576,6,STA,WIFI_DROP,
10.3576,8,STA,WIFI_DROP,
10.36,4,STA,WIFI_DROP,
10.36,8,STA,WIFI_DROP,
10.3624,4,STA,WIFI_DROP,
10.3624,8,STA,WIFI_DROP,
10.3648,4,STA,WIFI_DROP,
10.3648,8,STA,WIFI_DROP,
10.3672,4,STA,WIFI_DROP,
10.3672,8,STA,WIFI_DROP,
10.3696,4,STA,WIFI_DROP,
10.3696,8,STA,WIFI_DROP,
10.372,4,STA,WIFI_DROP,
10.372,8,STA,WIFI_DROP,
10.3744,4,STA,WIFI_DROP,
10.3744,8,STA,WIFI_DROP,
10.3768,4,STA,WIFI_DROP,
10.3768,8,STA,WIFI_DROP,
10.3792,4,STA,WIFI_DROP,
10.3792,8,STA,WIFI_DROP,
10.3816,4,STA,WIFI_DROP,
10.3816,8,STA,WIFI_DROP,
10.384,4,STA,WIFI_DROP,
10.384,8,STA,WIFI_DROP,
10.3864,4,STA,WIFI_DROP,
10.3864,8,STA,WIFI_DROP,
10.3888,4,STA,WIFI_DROP,
10.3888,8,STA,WIFI_DROP,
10.3912,4,STA,WIFI_DROP,
10.3912,8,STA,WIFI_DROP,
10.3936,4,STA,WIFI_DROP,
10.3936,8,STA,WIFI_DROP,
10.396,4,STA,WIFI_DROP,
10.396,8,STA,WIFI_DROP,
10.3984,4,STA,WIFI_DROP,
10.3984,8,STA,WIFI_DROP,
10.4008,4,STA,WIFI_DROP,
10.4008,8,STA,WIFI_DROP,
10.4032,4,STA,WIFI_DROP,
10.4032,8,STA,WIFI_DROP,
10.4056,4,STA,WIFI_DROP,
10.4056,8,STA,WIFI_DROP,
10.408,4,STA,WIFI_DROP,
10.408,8,STA,WIFI_DROP,
10.4104,4,STA,WIFI_DROP,
10.4104,8,STA,WIFI_DROP,
10.4128,4,STA,WIFI_DROP,
10.4128,8,STA,WIFI_DROP,
10.4152,4,STA,WIFI_DROP,
10.4152,8,STA,WIFI_DROP,
10.4176,4,STA,WIFI_DROP,
10.4176,8,STA,WIFI_DROP,
10.42,4,STA,WIFI_DROP,
10.42,8,STA,WIFI_DROP,
10.4224,4,STA,WIFI_DROP,
10.4224,8,STA,WIFI_DROP,
10.4248,4,STA,WIFI_DROP,
10.4248,8,STA,WIFI_DROP,
10.4272,4,STA,WIFI_DROP,
10.4272,8,STA,WIFI_DROP,
10.4296,4,STA,WIFI_DROP,
10.4296,8,STA,WIFI_DROP,
10.432,4,STA,WIFI_DROP,
10.432,8,STA,WIFI_DROP,
10.4344,4,STA,WIFI_DROP,
10.4344,8,STA,WIFI_DROP,
10.4368,4,STA,WIFI_DROP,
10.4368,8,STA,WIFI_DROP,
10.4392,4,STA,WIFI_DROP,
10.4392,8,STA,WIFI_DROP,
10.4416,4,STA,WIFI_DROP,
10.4416,8,STA,WIFI_DROP,
10.444,4,STA,WIFI_DROP,
10.444,8,STA,WIFI_DROP,
10.4464,4,STA,WIFI_DROP,
10.4464,8,STA,WIFI_DROP,
10.4488,4,STA,WIFI_DROP,
10.4488,8,STA,WIFI_DROP,
10.4512,4,STA,WIFI_DROP,
10.4512,8,STA,WIFI_DROP,
10.4536,4,STA,WIFI_DROP,
10.4536,8,STA,WIFI_DROP,
10.456,4,STA,WIFI_DROP,
10.456,8,STA,WIFI_DROP,
10.4584,4,STA,WIFI_DROP,
10.4584,8,STA,WIFI_DROP,
10.4608,4,STA,WIFI_DROP,
10.4608,8,STA,WIFI_DROP,
10.4632,4,STA,WIFI_DROP,
10.4632,8,STA,WIFI_DROP,
10.4656,4,STA,WIFI_DROP,
10.4656,8,STA,WIFI_DROP,
10.468,4,STA,WIFI_DROP,
10.468,8,STA,WIFI_DROP,
10.4704,4,STA,WIFI_DROP,
10.4704,8,STA,WIFI_DROP,
10.4728,4,STA,WIFI_DROP,
10.4728,8,STA,WIFI_DROP,
10.4752,4,STA,WIFI_DROP,
10.4752,8,STA,WIFI_DROP,
10.4776,4,STA,WIFI_DROP,
10.4776,8,STA,WIFI_DROP,
10.48,4,STA,WIFI_DROP,
10.48,8,STA,WIFI_DROP,
10.4824,4,STA,WIFI_DROP,
10.4824,8,STA,WIFI_DROP,
10.4848,4,STA,WIFI_DROP,
10.4848,8,STA,WIFI_DROP,
10.4872,4,STA,WIFI_DROP,
10.4872,8,STA,WIFI_DROP,
10.4896,4,STA,WIFI_DROP,
10.4896,8,STA,WIFI_DROP,
10.492,4,STA,WIFI_DROP,
10.492,8,STA,WIFI_DROP,
10.4944,4,STA,WIFI_DROP,
10.4944,8,STA,WIFI_DROP,
10.4968,4,STA,WIFI_DROP,
10.4968,8,STA,WIFI_DROP,
10.4992,4,STA,WIFI_DROP,
10.4992,8,STA,WIFI_DROP,
10.5016,4,STA,WIFI_DROP,
10.5016,8,STA,WIFI_DROP,
10.504,4,STA,WIFI_DROP,
10.5064,4,STA,WIFI_DROP,
10.5088,4,STA,WIFI_DROP,
10.5112,4,STA,WIFI_DROP,
10.5136,4,STA,WIFI_DROP,
10.516,4,STA,WIFI_DROP,
10.5184,4,STA,WIFI_DROP,
10.5208,4,STA,WIFI_DROP,
10.5232,4,STA,WIFI_DROP,
10.5256,4,STA,WIFI_DROP,
10.528,4,STA,WIFI_DROP,
10.5304,4,STA,WIFI_DROP,
10.5328,4,STA,WIFI_DROP,
10.5352,4,STA,WIFI_DROP,
10.5376,4,STA,WIFI_DROP,
10.54,4,STA,WIFI_DROP,
10.5424,4,STA,WIFI_DROP,
10.5448,4,STA,WIFI_DROP,
10.5472,4,STA,WIFI_DROP,
10.5496,4,STA,WIFI_DROP,
10.552,4,STA,WIFI_DROP,
10.5544,4,STA,WIFI_DROP,
10.5568,4,STA,WIFI_DROP,
10.5592,4,STA,WIFI_DROP,
10.5616,4,STA,WIFI_DROP,
10.564,4,STA,WIFI_DROP,
10.5664,4,STA,WIFI_DROP,
10.5688,4,STA,WIFI_DROP,
10.5712,4,STA,WIFI_DROP,
10.5736,4,STA,WIFI_DROP,
10.576,4,STA,WIFI_DROP,
10.5784,4,STA,WIFI_DROP,
10.5808,4,STA,WIFI_DROP,
10.5832,4,STA,WIFI_DROP,
10.5856,4,STA,WIFI_DROP,
10.588,4,STA,WIFI_DROP,
10.5904,4,STA,WIFI_DROP,
10.5928,4,STA,WIFI_DROP,
10.5952,4,STA,WIFI_DROP,
10.5976,4,STA,WIFI_DROP,
10.6,4,STA,WIFI_DROP,
10.6144,10,STA,WIFI_DROP,
10.6168,10,STA,WIFI_DROP,
10.6168,17,STA,WIFI_DROP,
10.6192,10,STA,WIFI_DROP,
10.6192,17,STA,WIFI_DROP,
10.6216,10,STA,WIFI_DROP,
10.6216,17,STA,WIFI_DROP,
10.624,10,STA,WIFI_DROP,
10.624,17,STA,WIFI_DROP,
10.6264,10,STA,WIFI_DROP,
10.6264,17,STA,WIFI_DROP,
10.6288,10,STA,WIFI_DROP,
10.6288,17,STA,WIFI_DROP,
10.6312,10,STA,WIFI_DROP,
10.6312,17,STA,WIFI_DROP,
10.6336,10,STA,WIFI_DROP,
10.6336,17,STA,WIFI_DROP,
10.636,10,STA,WIFI_DROP,
10.636,17,STA,WIFI_DROP,
10.6384,10,STA,WIFI_DROP,
10.6384,17,STA,WIFI_DROP,
10.6408,10,STA,WIFI_DROP,
10.6408,17,STA,WIFI_DROP,
10.6432,10,STA,WIFI_DROP,
10.6432,17,STA,WIFI_DROP,
10.6456,10,STA,WIFI_DROP,
10.6456,17,STA,WIFI_DROP,
10.648,10,STA,WIFI_DROP,
10.648,17,STA,WIFI_DROP,
10.6504,10,STA,WIFI_DROP,
10.6504,17,STA,WIFI_DROP,
10.6528,10,STA,WIFI_DROP,
10.6528,17,STA,WIFI_DROP,
10.6552,10,STA,WIFI_DROP,
10.6552,17,STA,WIFI_DROP,
10.6576,10,STA,WIFI_DROP,
10.6576,17,STA,WIFI_DROP,
10.66,10,STA,WIFI_DROP,
10.66,17,STA,WIFI_DROP,
10.6624,10,STA,WIFI_DROP,
10.6624,17,STA,WIFI_DROP,
10.6648,10,STA,WIFI_DROP,
10.6648,17,STA,WIFI_DROP,
10.6672,10,STA,WIFI_DROP,
10.6672,17,STA,WIFI_DROP,
10.6696,10,STA,WIFI_DROP,
10.6696,17,STA,WIFI_DROP,
10.672,10,STA,WIFI_DROP,
10.672,17,STA,WIFI_DROP,
10.6744,10,STA,WIFI_DROP,
10.6744,17,STA,WIFI_DROP,
10.6768,10,STA,WIFI_DROP,
10.6768,17,STA,WIFI_DROP,
10.6792,10,STA,WIFI_DROP,
10.6792,17,STA,WIFI_DROP,
10.6816,10,STA,WIFI_DROP,
10.6816,17,STA,WIFI_DROP,
10.684,10,STA,WIFI_DROP,
10.684,17,STA,WIFI_DROP,
10.6864,10,STA,WIFI_DROP,
10.6864,17,STA,WIFI_DROP,
10.6888,10,STA,WIFI_DROP,
10.6888,17,STA,WIFI_DROP,
10.6912,10,STA,WIFI_DROP,
10.6912,17,STA,WIFI_DROP,
10.6936,10,STA,WIFI_DROP,
10.6936,17,STA,WIFI_DROP,
10.696,10,STA,WIFI_DROP,
10.696,17,STA,WIFI_DROP,
10.6984,10,STA,WIFI_DROP,
10.6984,17,STA,WIFI_DROP,
10.7008,10,STA,WIFI_DROP,
10.7008,17,STA,WIFI_DROP,
10.7032,10,STA,WIFI_DROP,
10.7032,17,STA,WIFI_DROP,
10.7056,10,STA,WIFI_DROP,
10.7056,17,STA,WIFI_DROP,
10.708,10,STA,WIFI_DROP,
10.708,17,STA,WIFI_DROP,
10.7104,10,STA,WIFI_DROP,
10.7104,17,STA,WIFI_DROP,
10.7128,10,STA,WIFI_DROP,
10.7128,17,STA,WIFI_DROP,
10.7152,10,STA,WIFI_DROP,
10.7152,17,STA,WIFI_DROP,
10.7176,10,STA,WIFI_DROP,
10.7176,17,STA,WIFI_DROP,
10.72,10,STA,WIFI_DROP,
10.72,17,STA,WIFI_DROP,
10.7224,10,STA,WIFI_DROP,
10.7224,17,STA,WIFI_DROP,
10.7248,10,STA,WIFI_DROP,
10.7248,17,STA,WIFI_DROP,
10.7272,17,STA,WIFI_DROP,
10.7296,17,STA,WIFI_DROP,
10.732,17,STA,WIFI_DROP,
10.7344,17,STA,WIFI_DROP,
10.7368,17,STA,WIFI_DROP,
10.7392,17,STA,WIFI_DROP,
10.7416,17,STA,WIFI_DROP,
10.744,17,STA,WIFI_DROP,
10.7464,17,STA,WIFI_DROP,
10.7488,17,STA,WIFI_DROP,
10.7512,17,STA,WIFI_DROP,
10.7536,17,STA,WIFI_DROP,
10.756,17,STA,WIFI_DROP,
10.7584,17,STA,WIFI_DROP,
10.7608,17,STA,WIFI_DROP,
10.7632,17,STA,WIFI_DROP,
10.7656,17,STA,WIFI_DROP,
10.768,17,STA,WIFI_DROP,
10.7704,17,STA,WIFI_DROP,
10.7728,17,STA,WIFI_DROP,
10.7752,17,STA,WIFI_DROP,
10.7776,17,STA,WIFI_DROP,
10.78,17,STA,WIFI_DROP,
10.7824,17,STA,WIFI_DROP,
10.7848,17,STA,WIFI_DROP,
10.7872,17,STA,WIFI_DROP,
10.7896,17,STA,WIFI_DROP,
10.792,17,STA,WIFI_DROP,
10.7944,17,STA,WIFI_DROP,
10.7968,17,STA,WIFI_DROP,
10.7992,17,STA,WIFI_DROP,
10.8016,17,STA,WIFI_DROP,
10.804,17,STA,WIFI_DROP,
10.8064,17,STA,WIFI_DROP,
10.8088,17,STA,WIFI_DROP,
10.8112,17,STA,WIFI_DROP,
10.8136,17,STA,WIFI_DROP,
10.816,17,STA,WIFI_DROP,
10.8184,17,STA,WIFI_DROP,
10.8208,17,STA,WIFI_DROP,
10.8232,17,STA,WIFI_DROP,
10.8256,17,STA,WIFI_DROP,
10.828,17,STA,WIFI_DROP,
10.8304,17,STA,WIFI_DROP,
10.8328,17,STA,WIFI_DROP,
10.8352,17,STA,WIFI_DROP,
10.8376,17,STA,WIFI_DROP,
10.84,17,STA,WIFI_DROP,
10.8424,17,STA,WIFI_DROP,
10.8448,17,STA,WIFI_DROP,
10.8472,17,STA,WIFI_DROP,
10.8496,17,STA,WIFI_DROP,
10.852,17,STA,WIFI_DROP,
10.8544,17,STA,WIFI_DROP,
10.8568,17,STA,WIFI_DROP,
10.8592,17,STA,WIFI_DROP,
10.8616,17,STA,WIFI_DROP,
10.864,17,STA,WIFI_DROP,
10.8664,17,STA,WIFI_DROP,
11,2,STA,THROUGHPUT_MBPS,1.872000
11,3,STA,THROUGHPUT_MBPS,0.984000
11,4,STA,THROUGHPUT_MBPS,0.156000
11,5,STA,THROUGHPUT_MBPS,2.460000
11,8,STA,THROUGHPUT_MBPS,0.960000
11,9,STA,THROUGHPUT_MBPS,3.324000
11,11,STA,THROUGHPUT_MBPS,1.260000
11,12,STA,THROUGHPUT_MBPS,1.236000
11,14,STA,THROUGHPUT_MBPS,2.724000
11,16,STA,THROUGHPUT_MBPS,2.184000
11,17,STA,THROUGHPUT_MBPS,0.048000
11,18,STA,THROUGHPUT_MBPS,2.172000
11,19,STA,THROUGHPUT_MBPS,0.660000
11,20,STA,THROUGHPUT_MBPS,1.884000
11,21,STA,THROUGHPUT_MBPS,1.548000
11,1,AP,AGGREGATE_THROUGHPUT_MBPS,23.472000
11,1,AP,SENT_COUNT,8340.000000
11,1,AP,RECV_COUNT,1956.000000
11,1,AP,LATENCY_P95_MS,536.834563
11.4352,3,STA,WIFI_DROP,
11.4376,3,STA,WIFI_DROP,
11.44,3,STA,WIFI_DROP,
11.4424,3,STA,WIFI_DROP,
11.4448,3,STA,WIFI_DROP,
11.4472,3,STA,WIFI_DROP,
11.4496,3,STA,WIFI_DROP,
11.452,3,STA,WIFI_DROP,
11.4544,3,STA,WIFI_DROP,
11.4568,3,STA,WIFI_DROP,
11.4592,3,STA,WIFI_DROP,
11.4616,3,STA,WIFI_DROP,
11.464,3,STA,WIFI_DROP,
11.4664,3,STA,WIFI_DROP,
11.4688,3,STA,WIFI_DROP,
11.4712,3,STA,WIFI_DROP,
11.4736,3,STA,WIFI_DROP,
11.476,3,STA,WIFI_DROP,
11.4784,3,STA,WIFI_DROP,
11.4808,3,STA,WIFI_DROP,
11.4832,3,STA,WIFI_DROP,
11.4856,3,STA,WIFI_DROP,
11.488,3,STA,WIFI_DROP,
11.4904,3,STA,WIFI_DROP,
11.4928,3,STA,WIFI_DROP,
11.4952,3,STA,WIFI_DROP,
11.4976,3,STA,WIFI_DROP,
11.5,3,STA,WIFI_DROP,
11.5024,3,STA,WIFI_DROP,
11.5048,3,STA,WIFI_DROP,
11.5072,3,STA,WIFI_DROP,
11.5096,3,STA,WIFI_DROP,
11.512,3,STA,WIFI_DROP,
11.5144,3,STA,WIFI_DROP,
11.5168,3,STA,WIFI_DROP,
11.5192,3,STA,WIFI_DROP,
11.5216,3,STA,WIFI_DROP,
11.524,3,STA,WIFI_DROP,
11.5264,3,STA,WIFI_DROP,
11.5288,3,STA,WIFI_DROP,
11.5312,3,STA,WIFI_DROP,
11.5336,3,STA,WIFI_DROP,
11.536,3,STA,WIFI_DROP,
11.5384,3,STA,WIFI_DROP,
11.5408,3,STA,WIFI_DROP,
11.5432,3,STA,WIFI_DROP,
11.5456,3,STA,WIFI_DROP,
11.548,3,STA,WIFI_DROP,
11.5504,3,STA,WIFI_DROP,
11.5528,3,STA,WIFI_DROP,
11.5552,3,STA,WIFI_DROP,
11.5576,3,STA,WIFI_DROP,
11.56,3,STA,WIFI_DROP,
11.5624,3,STA,WIFI_DROP,
11.5648,3,STA,WIFI_DROP,
11.5672,3,STA,WIFI_DROP,
11.5696,3,STA,WIFI_DROP,
11.572,3,STA,WIFI_DROP,
11.5744,3,STA,WIFI_DROP,
11.5768,3,STA,WIFI_DROP,
11.5792,3,STA,WIFI_DROP,
11.5816,3,STA,WIFI_DROP,
11.584,3,STA,WIFI_DROP,
11.5864,3,STA,WIFI_DROP,
11.5888,3,STA,WIFI_DROP,
11.7496,13,STA,WIFI_DROP,
11.752,13,STA,WIFI_DROP,
11.7544,13,STA,WIFI_DROP,
11.7568,13,STA,WIFI_DROP,
11.7592,13,STA,WIFI_DROP,
11.7616,13,STA,WIFI_DROP,
11.764,13,STA,WIFI_DROP,
11.7664,13,STA,WIFI_DROP,
11.7688,13,STA,WIFI_DROP,
11.7712,13,STA,WIFI_DROP,
11.7736,13,STA,WIFI_DROP,
11.776,13,STA,WIFI_DROP,
11.7784,13,STA,WIFI_DROP,
11.7808,13,STA,WIFI_DROP,
11.7832,13,STA,WIFI_DROP,
11.7856,13,STA,WIFI_DROP,
11.788,13,STA,WIFI_DROP,
11.7904,13,STA,WIFI_DROP,
11.7928,13,STA,WIFI_DROP,
11.7952,13,STA,WIFI_DROP,
11.7976,13,STA,WIFI_DROP,
11.8,13,STA,WIFI_DROP,
11.8024,13,STA,WIFI_DROP,
11.8048,13,STA,WIFI_DROP,
11.8072,13,STA,WIFI_DROP,
11.8096,13,STA,WIFI_DROP,
11.812,13,STA,WIFI_DROP,
11.8144,13,STA,WIFI_DROP,
11.8168,13,STA,WIFI_DROP,
11.8192,13,STA,WIFI_DROP,
11.8216,13,STA,WIFI_DROP,
11.824,13,STA,WIFI_DROP,
11.8264,13,STA,WIFI_DROP,
11.8288,13,STA,WIFI_DROP,
11.8312,13,STA,WIFI_DROP,
11.8336,13,STA,WIFI_DROP,
11.836,13,STA,WIFI_DROP,
11.8384,13,STA,WIFI_DROP,
11.8408,13,STA,WIFI_DROP,
11.8432,13,STA,WIFI_DROP,
11.8456,13,STA,WIFI_DROP,
11.848,13,STA,WIFI_DROP,
11.8504,13,STA,WIFI_DROP,
11.9512,8,STA,WIFI_DROP,
11.9536,8,STA,WIFI_DROP,
11.956,8,STA,WIFI_DROP,
11.9584,8,STA,WIFI_DROP,
11.9608,8,STA,WIFI_DROP,
11.9632,8,STA,WIFI_DROP,
11.9656,8,STA,WIFI_DROP,
11.968,8,STA,WIFI_DROP,
11.9704,8,STA,WIFI_DROP,
11.9728,8,STA,WIFI_DROP,
11.9752,8,STA,WIFI_DROP,
11.9776,8,STA,WIFI_DROP,
11.98,8,STA,WIFI_DROP,
11.9824,8,STA,WIFI_DROP,
11.9848,8,STA,WIFI_DROP,
11.9872,8,STA,WIFI_DROP,
11.9896,8,STA,WIFI_DROP,
11.992,8,STA,WIFI_DROP,
11.9944,8,STA,WIFI_DROP,
11.9968,8,STA,WIFI_DROP,
11.9992,8,STA,WIFI_DROP,
12,2,STA,THROUGHPUT_MBPS,2.220000
12,3,STA,THROUGHPUT_MBPS,2.172000
12,4,STA,THROUGHPUT_MBPS,0.840000
12,5,STA,THROUGHPUT_MBPS,1.740000
12,8,STA,THROUGHPUT_MBPS,2.016000
12,9,STA,THROUGHPUT_MBPS,2.040000
12,10,STA,THROUGHPUT_MBPS,2.160000
12,11,STA,THROUGHPUT_MBPS,1.836000
12,12,STA,THROUGHPUT_MBPS,3.492000
12,14,STA,THROUGHPUT_MBPS,1.416000
12,16,STA,THROUGHPUT_MBPS,1.080000
12,17,STA,THROUGHPUT_MBPS,2.232000
12,18,STA,THROUGHPUT_MBPS,1.884000
12,19,STA,THROUGHPUT_MBPS,1.860000
12,20,STA,THROUGHPUT_MBPS,3.456000
12,21,STA,THROUGHPUT_MBPS,4.236000
12,1,AP,AGGREGATE_THROUGHPUT_MBPS,34.680000
12,1,AP,SENT_COUNT,8340.000000
12,1,AP,RECV_COUNT,2890.000000
12,1,AP,LATENCY_P95_MS,560.728341
12.0016,8,STA,WIFI_DROP,
12.004,8,STA,WIFI_DROP,
12.0064,8,STA,WIFI_DROP,
12.0088,8,STA,WIFI_DROP,
12.0112,8,STA,WIFI_DROP,
12.0136,8,STA,WIFI_DROP,
12.016,8,STA,WIFI_DROP,
12.0184,8,STA,WIFI_DROP,
12.0208,8,STA,WIFI_DROP,
12.0232,8,STA,WIFI_DROP,
12.0256,8,STA,WIFI_DROP,
12.028,8,STA,WIFI_DROP,
12.0304,8,STA,WIFI_DROP,
12.0328,8,STA,WIFI_DROP,
12.0352,8,STA,WIFI_DROP,
12.0376,8,STA,WIFI_DROP,
12.04,8,STA,WIFI_DROP,
12.0424,8,STA,WIFI_DROP,
12.0448,8,STA,WIFI_DROP,
12.0472,8,STA,WIFI_DROP,
12.0496,8,STA,WIFI_DROP,
12.052,8,STA,WIFI_DROP,
12.0544,8,STA,WIFI_DROP,
12.0568,8,STA,WIFI_DROP,
12.0592,8,STA,WIFI_DROP,
12.0616,8,STA,WIFI_DROP,
12.064,8,STA,WIFI_DROP,
12.0664,8,STA,WIFI_DROP,
12.0688,8,STA,WIFI_DROP,
12.0712,8,STA,WIFI_DROP,
12.0736,8,STA,WIFI_DROP,
12.076,8,STA,WIFI_DROP,
12.0784,8,STA,WIFI_DROP,
12.0808,8,STA,WIFI_DROP,
12.0832,8,STA,WIFI_DROP,
12.0856,8,STA,WIFI_DROP,
12.088,8,STA,WIFI_DROP,
12.0904,8,STA,WIFI_DROP,
12.0928,8,STA,WIFI_DROP,
12.0952,8,STA,WIFI_DROP,
12.0976,8,STA,WIFI_DROP,
12.1,8,STA,WIFI_DROP,
12.1024,8,STA,WIFI_DROP,
12.1048,8,STA,WIFI_DROP,
12.1072,8,STA,WIFI_DROP,
12.1096,8,STA,WIFI_DROP,
12.112,8,STA,WIFI_DROP,
12.1144,8,STA,WIFI_DROP,
12.1168,8,STA,WIFI_DROP,
12.1192,8,STA,WIFI_DROP,
12.1216,8,STA,WIFI_DROP,
12.124,8,STA,WIFI_DROP,
12.1264,8,STA,WIFI_DROP,
12.1288,8,STA,WIFI_DROP,
12.1312,8,STA,WIFI_DROP,
12.1336,8,STA,WIFI_DROP,
12.136,8,STA,WIFI_DROP,
12.1384,8,STA,WIFI_DROP,
12.1408,8,STA,WIFI_DROP,
12.1432,8,STA,WIFI_DROP,
12.1456,8,STA,WIFI_DROP,
12.148,8,STA,WIFI_DROP,
12.1504,8,STA,WIFI_DROP,
12.1504,10,STA,WIFI_DROP,
12.1504,11,STA,WIFI_DROP,
12.1528,8,STA,WIFI_DROP,
12.1528,10,STA,WIFI_DROP,
12.1528,11,STA,WIFI_DROP,
12.1552,8,STA,WIFI_DROP,
12.1552,10,STA,WIFI_DROP,
12.1552,11,STA,WIFI_DROP,
12.1576,8,STA,WIFI_DROP,
12.1576,10,STA,WIFI_DROP,
12.1576,11,STA,WIFI_DROP,
12.16,8,STA,WIFI_DROP,
12.16,10,STA,WIFI_DROP,
12.16,11,STA,WIFI_DROP,
12.1624,8,STA,WIFI_DROP,
12.1624,10,STA,WIFI_DROP,
12.1624,11,STA,WIFI_DROP,
12.1648,8,STA,WIFI_DROP,
12.1648,10,STA,WIFI_DROP,
12.1648,11,STA,WIFI_DROP,
12.1672,8,STA,WIFI_DROP,
12.1672,10,STA,WIFI_DROP,
12.1672,11,STA,WIFI_DROP,
12.1696,8,STA,WIFI_DROP,
12.1696,10,STA,WIFI_DROP,
12.1696,11,STA,WIFI_DROP,
12.172,8,STA,WIFI_DROP,
12.172,10,STA,WIFI_DROP,
12.172,11,STA,WIFI_DROP,
12.1744,8,STA,WIFI_DROP,
12.1744,10,STA,WIFI_DROP,
12.1744,11,STA,WIFI_DROP,
12.1768,8,STA,WIFI_DROP,
12.1768,10,STA,WIFI_DROP,
12.1768,11,STA,WIFI_DROP,
12.1792,8,STA,WIFI_DROP,
12.1792,10,STA,WIFI_DROP,
12.1792,11,STA,WIFI_DROP,
12.1816,8,STA,WIFI_DROP,
12.1816,10,STA,WIFI_DROP,
12.1816,11,STA,WIFI_DROP,
12.184,8,STA,WIFI_DROP,
12.184,10,STA,WIFI_DROP,
12.184,11,STA,WIFI_DROP,
12.1864,8,STA,WIFI_DROP,
12.1864,10,STA,WIFI_DROP,
12.1864,11,STA,WIFI_DROP,
12.1888,8,STA,WIFI_DROP,
12.1888,10,STA,WIFI_DROP,
12.1888,11,STA,WIFI_DROP,
12.1912,8,STA,WIFI_DROP,
12.1912,10,STA,WIFI_DROP,
12.1912,11,STA,WIFI_DROP,
12.1936,8,STA,WIFI_DROP,
12.1936,10,STA,WIFI_DROP,
12.1936,11,STA,WIFI_DROP,
12.196,8,STA,WIFI_DROP,
12.196,10,STA,WIFI_DROP,
12.196,11,STA,WIFI_DROP,
12.1984,8,STA,WIFI_DROP,
12.1984,10,STA,WIFI_DROP,
12.1984,11,STA,WIFI_DROP,
12.2008,8,STA,WIFI_DROP,
12.2008,10,STA,WIFI_DROP,
12.2008,11,STA,WIFI_DROP,
12.2032,8,STA,WIFI_DROP,
12.2032,10,STA,WIFI_DROP,
12.2032,11,STA,WIFI_DROP,
12.2056,8,STA,WIFI_DROP,
12.2056,10,STA,WIFI_DROP,
12.2056,11,STA,WIFI_DROP,
12.208,8,STA,WIFI_DROP,
12.208,10,STA,WIFI_DROP,
12.208,11,STA,WIFI_DROP,
12.2104,8,STA,WIFI_DROP,
12.2104,10,STA,WIFI_DROP,
12.2104,11,STA,WIFI_DROP,
12.2128,8,STA,WIFI_DROP,
12.2128,10,STA,WIFI_DROP,
12.2128,11,STA,WIFI_DROP,
12.2152,8,STA,WIFI_DROP,
12.2152,10,STA,WIFI_DROP,
12.2152,11,STA,WIFI_DROP,
12.2176,8,STA,WIFI_DROP,
12.2176,10,STA,WIFI_DROP,
12.2176,11,STA,WIFI_DROP,
12.22,8,STA,WIFI_DROP,
12.22,10,STA,WIFI_DROP,
12.22,11,STA,WIFI_DROP,
12.2224,8,STA,WIFI_DROP,
12.2224,10,STA,WIFI_DROP,
12.2224,11,STA,WIFI_DROP,
12.2248,8,STA,WIFI_DROP,
12.2248,10,STA,WIFI_DROP,
12.2248,11,STA,WIFI_DROP,
12.2272,8,STA,WIFI_DROP,
12.2272,10,STA,WIFI_DROP,
12.2272,11,STA,WIFI_DROP,
12.2296,8,STA,WIFI_DROP,
12.2296,10,STA,WIFI_DROP,
12.2296,11,STA,WIFI_DROP,
12.232,8,STA,WIFI_DROP,
12.232,10,STA,WIFI_DROP,
12.232,11,STA,WIFI_DROP,
12.2344,8,STA,WIFI_DROP,
12.2344,10,STA,WIFI_DROP,
12.2344,11,STA,WIFI_DROP,
12.2368,8,STA,WIFI_DROP,
12.2368,10,STA,WIFI_DROP,
12.2368,11,STA,WIFI_DROP,
12.2392,8,STA,WIFI_DROP,
12.2392,10,STA,WIFI_DROP,
12.2392,11,STA,WIFI_DROP,
12.2416,8,STA,WIFI_DROP,
12.2416,10,STA,WIFI_DROP,
12.2416,11,STA,WIFI_DROP,
12.244,8,STA,WIFI_DROP,
12.244,10,STA,WIFI_DROP,
12.244,11,STA,WIFI_DROP,
12.2464,8,STA,WIFI_DROP,
12.2464,10,STA,WIFI_DROP,
12.2464,11,STA,WIFI_DROP,
12.2488,8,STA,WIFI_DROP,
12.2488,10,STA,WIFI_DROP,
12.2488,11,STA,WIFI_DROP,
12.2512,8,STA,WIFI_DROP,
12.2512,10,STA,WIFI_DROP,
12.2512,11,STA,WIFI_DROP,
12.2536,8,STA,WIFI_DROP,
12.2536,10,STA,WIFI_DROP,
12.2536,11,STA,WIFI_DROP,
12.256,8,STA,WIFI_DROP,
12.256,10,STA,WIFI_DROP,
12.256,11,STA,WIFI_DROP,
12.2584,8,STA,WIFI_DROP,
12.2584,10,STA,WIFI_DROP,
12.2584,11,STA,WIFI_DROP,
12.2608,8,STA,WIFI_DROP,
12.2608,10,STA,WIFI_DROP,
12.2608,11,STA,WIFI_DROP,
12.2632,8,STA,WIFI_DROP,
12.2632,10,STA,WIFI_DROP,
12.2632,11,STA,WIFI_DROP,
12.2656,8,STA,WIFI_DROP,
12.2656,10,STA,WIFI_DROP,
12.2656,11,STA,WIFI_DROP,
12.268,8,STA,WIFI_DROP,
12.268,10,STA,WIFI_DROP,
12.268,11,STA,WIFI_DROP,
12.2704,8,STA,WIFI_DROP,
12.2704,10,STA,WIFI_DROP,
12.2704,11,STA,WIFI_DROP,
12.2728,8,STA,WIFI_DROP,
12.2728,10,STA,WIFI_DROP,
12.2728,11,STA,WIFI_DROP,
12.2752,8,STA,WIFI_DROP,
12.2752,10,STA,WIFI_DROP,
12.2752,11,STA,WIFI_DROP,
12.2776,8,STA,WIFI_DROP,
12.2776,10,STA,WIFI_DROP,
12.2776,11,STA,WIFI_DROP,
12.28,8,STA,WIFI_DROP,
12.28,10,STA,WIFI_DROP,
12.28,11,STA,WIFI_DROP,
12.2824,8,STA,WIFI_DROP,
12.2824,10,STA,WIFI_DROP,
12.2824,11,STA,WIFI_DROP,
12.2848,8,STA,WIFI_DROP,
12.2848,10,STA,WIFI_DROP,
12.2848,11,STA,WIFI_DROP,
12.2872,8,STA,WIFI_DROP,
12.2872,10,STA,WIFI_DROP,
12.2872,11,STA,WIFI_DROP,
12.2896,8,STA,WIFI_DROP,
12.2896,10,STA,WIFI_DROP,
12.2896,11,STA,WIFI_DROP,
12.292,8,STA,WIFI_DROP,
12.292,10,STA,WIFI_DROP,
12.292,11,STA,WIFI_DROP,
12.2944,8,STA,WIFI_DROP,
12.2944,10,STA,WIFI_DROP,
12.2944,11,STA,WIFI_DROP,
12.2968,8,STA,WIFI_DROP,
12.2968,10,STA,WIFI_DROP,
12.2968,11,STA,WIFI_DROP,
12.2992,8,STA,WIFI_DROP,
12.2992,10,STA,WIFI_DROP,
12.2992,11,STA,WIFI_DROP,
12.3016,8,STA,WIFI_DROP,
12.3016,10,STA,WIFI_DROP,
12.3016,11,STA,WIFI_DROP,
12.304,8,STA,WIFI_DROP,
12.304,10,STA,WIFI_DROP,
12.304,11,STA,WIFI_DROP,
12.3064,8,STA,WIFI_DROP,
12.3064,10,STA,WIFI_DROP,
12.3064,11,STA,WIFI_DROP,
12.3088,8,STA,WIFI_DROP,
12.3088,10,STA,WIFI_DROP,
12.3088,11,STA,WIFI_DROP,
12.3112,8,STA,WIFI_DROP,
12.3112,10,STA,WIFI_DROP,
12.3112,11,STA,WIFI_DROP,
12.3136,8,STA,WIFI_DROP,
12.3136,10,STA,WIFI_DROP,
12.3136,11,STA,WIFI_DROP,
12.316,8,STA,WIFI_DROP,
12.316,10,STA,WIFI_DROP,
12.316,11,STA,WIFI_DROP,
12.3184,8,STA,WIFI_DROP,
12.3184,10,STA,WIFI_DROP,
12.3184,11,STA,WIFI_DROP,
12.3208,8,STA,WIFI_DROP,
12.3208,10,STA,WIFI_DROP,
12.3208,11,STA,WIFI_DROP,
12.3232,8,STA,WIFI_DROP,
12.3232,10,STA,WIFI_DROP,
12.3232,11,STA,WIFI_DROP,
12.3256,8,STA,WIFI_DROP,
12.3256,10,STA,WIFI_DROP,
12.3256,11,STA,WIFI_DROP,
12.328,8,STA,WIFI_DROP,
12.328,10,STA,WIFI_DROP,
12.328,11,STA,WIFI_DROP,
12.3304,8,STA,WIFI_DROP,
12.3304,10,STA,WIFI_DROP,
12.3304,11,STA,WIFI_DROP,
12.3328,8,STA,WIFI_DROP,
12.3328,10,STA,WIFI_DROP,
12.3328,11,STA,WIFI_DROP,
12.3352,8,STA,WIFI_DROP,
12.3352,10,STA,WIFI_DROP,
12.3352,11,STA,WIFI_DROP,
12.3376,8,STA,WIFI_DROP,
12.3376,10,STA,WIFI_DROP,
12.3376,11,STA,WIFI_DROP,
12.34,8,STA,WIFI_DROP,
12.34,10,STA,WIFI_DROP,
12.34,11,STA,WIFI_DROP,
12.3424,8,STA,WIFI_DROP,
12.3424,10,STA,WIFI_DROP,
12.3424,11,STA,WIFI_DROP,
12.3448,8,STA,WIFI_DROP,
12.3448,10,STA,WIFI_DROP,
12.3448,11,STA,WIFI_DROP,
12.3472,8,STA,WIFI_DROP,
12.3472,10,STA,WIFI_DROP,
12.3472,11,STA,WIFI_DROP,
12.3496,8,STA,WIFI_DROP,
12.3496,10,STA,WIFI_DROP,
12.3496,11,STA,WIFI_DROP,
12.352,8,STA,WIFI_DROP,
12.352,10,STA,WIFI_DROP,
12.352,11,STA,WIFI_DROP,
12.3544,8,STA,WIFI_DROP,
12.3544,10,STA,WIFI_DROP,
12.3544,11,STA,WIFI_DROP,
12.3568,8,STA,WIFI_DROP,
12.3568,10,STA,WIFI_DROP,
12.3568,11,STA,WIFI_DROP,
12.3568,14,STA,WIFI_DROP,
12.3568,15,STA,WIFI_DROP,
12.3592,8,STA,WIFI_DROP,
12.3592,10,STA,WIFI_DROP,
12.3592,11,STA,WIFI_DROP,
12.3592,14,STA,WIFI_DROP,
12.3592,15,STA,WIFI_DROP,
12.3616,8,STA,WIFI_DROP,
12.3616,10,STA,WIFI_DROP,
12.3616,11,STA,WIFI_DROP,
12.3616,14,STA,WIFI_DROP,
12.3616,15,STA,WIFI_DROP,
12.364,8,STA,WIFI_DROP,
12.364,10,STA,WIFI_DROP,
12.364,11,STA,WIFI_DROP,
12.364,14,STA,WIFI_DROP,
12.364,15,STA,WIFI_DROP,
12.3664,8,STA,WIFI_DROP,
12.3664,10,STA,WIFI_DROP,
12.3664,11,STA,WIFI_DROP,
12.3664,14,STA,WIFI_DROP,
12.3664,15,STA,WIFI_DROP,
12.3688,8,STA,WIFI_DROP,
12.3688,10,STA,WIFI_DROP,
12.3688,11,STA,WIFI_DROP,
12.3688,14,STA,WIFI_DROP,
12.3688,15,STA,WIFI_DROP,
12.3712,8,STA,WIFI_DROP,
12.3712,10,STA,WIFI_DROP,
12.3712,11,STA,WIFI_DROP,
12.3712,14,STA,WIFI_DROP,
12.3712,15,STA,WIFI_DROP,
12.3736,8,STA,WIFI_DROP,
12.3736,10,STA,WIFI_DROP,
12.3736,11,STA,WIFI_DROP,
12.3736,14,STA,WIFI_DROP,
12.3736,15,STA,WIFI_DROP,
12.376,8,STA,WIFI_DROP,
12.376,10,STA,WIFI_DROP,
12.376,11,STA,WIFI_DROP,
12.376,14,STA,WIFI_DROP,
12.376,15,STA,WIFI_DROP,
12.3784,8,STA,WIFI_DROP,
12.3784,10,STA,WIFI_DROP,
12.3784,11,STA,WIFI_DROP,
12.3784,14,STA,WIFI_DROP,
12.3784,15,STA,WIFI_DROP,
12.3808,8,STA,WIFI_DROP,
12.3808,10,STA,WIFI_DROP,
12.3808,11,STA,WIFI_DROP,
12.3808,14,STA,WIFI_DROP,
12.3808,15,STA,WIFI_DROP,
12.3832,8,STA,WIFI_DROP,
12.3832,10,STA,WIFI_DROP,
12.3832,11,STA,WIFI_DROP,
12.3832,14,STA,WIFI_DROP,
12.3832,15,STA,WIFI_DROP,
12.3856,8,STA,WIFI_DROP,
12.3856,10,STA,WIFI_DROP,
12.3856,11,STA,WIFI_DROP,
12.3856,14,STA,WIFI_DROP,
12.3856,15,STA,WIFI_DROP,
12.388,8,STA,WIFI_DROP,
12.388,10,STA,WIFI_DROP,
12.388,11,STA,WIFI_DROP,
12.388,14,STA,WIFI_DROP,
12.388,15,STA,WIFI_DROP,
12.3904,8,STA,WIFI_DROP,
12.3904,10,STA,WIFI_DROP,
12.3904,11,STA,WIFI_DROP,
12.3904,14,STA,WIFI_DROP,
12.3904,15,STA,WIFI_DROP,
12.3928,8,STA,WIFI_DROP,
12.3928,10,STA,WIFI_DROP,
12.3928,11,STA,WIFI_DROP,
12.3928,14,STA,WIFI_DROP,
12.3928,15,STA,WIFI_DROP,
12.3952,8,STA,WIFI_DROP,
12.3952,10,STA,WIFI_DROP,
12.3952,11,STA,WIFI_DROP,
12.3952,14,STA,WIFI_DROP,
12.3952,15,STA,WIFI_DROP,
12.3976,8,STA,WIFI_DROP,
12.3976,10,STA,WIFI_DROP,
12.3976,11,STA,WIFI_DROP,
12.3976,14,STA,WIFI_DROP,
12.3976,15,STA,WIFI_DROP,
12.4,8,STA,WIFI_DROP,
12.4,10,STA,WIFI_DROP,
12.4,11,STA,WIFI_DROP,
12.4,14,STA,WIFI_DROP,
12.4,15,STA,WIFI_DROP,
12.4024,8,STA,WIFI_DROP,
12.4024,10,STA,WIFI_DROP,
12.4024,11,STA,WIFI_DROP,
12.4024,14,STA,WIFI_DROP,
12.4024,15,STA,WIFI_DROP,
12.4048,8,STA,WIFI_DROP,
12.4048,10,STA,WIFI_DROP,
12.4048,11,STA,WIFI_DROP,
12.4048,14,STA,WIFI_DROP,
12.4048,15,STA,WIFI_DROP,
12.4072,8,STA,WIFI_DROP,
12.4072,10,STA,WIFI_DROP,
12.4072,11,STA,WIFI_DROP,
12.4072,14,STA,WIFI_DROP,
12.4072,15,STA,WIFI_DROP,
12.4096,8,STA,WIFI_DROP,
12.4096,10,STA,WIFI_DROP,
12.4096,11,STA,WIFI_DROP,
12.4096,14,STA,WIFI_DROP,
12.4096,15,STA,WIFI_DROP,
12.412,8,STA,WIFI_DROP,
12.412,10,STA,WIFI_DROP,
12.412,11,STA,WIFI_DROP,
12.412,14,STA,WIFI_DROP,
12.412,15,STA,WIFI_DROP,
12.4144,8,STA,WIFI_DROP,
12.4144,10,STA,WIFI_DROP,
12.4144,11,STA,WIFI_DROP,
12.4144,14,STA,WIFI_DROP,
12.4144,15,STA,WIFI_DROP,
12.4168,8,STA,WIFI_DROP,
12.4168,10,STA,WIFI_DROP,
12.4168,11,STA,WIFI_DROP,
12.4168,14,STA,WIFI_DROP,
12.4168,15,STA,WIFI_DROP,
12.4192,8,STA,WIFI_DROP,
12.4192,10,STA,WIFI_DROP,
12.4192,11,STA,WIFI_DROP,
12.4192,14,STA,WIFI_DROP,
12.4192,15,STA,WIFI_DROP,
12.4216,8,STA,WIFI_DROP,
12.4216,10,STA,WIFI_DROP,
12.4216,11,STA,WIFI_DROP,
12.4216,14,STA,WIFI_DROP,
12.4216,15,STA,WIFI_DROP,
12.424,8,STA,WIFI_DROP,
12.424,10,STA,WIFI_DROP,
12.424,11,STA,WIFI_DROP,
12.424,14,STA,WIFI_DROP,
12.424,15,STA,WIFI_DROP,
12.4264,8,STA,WIFI_DROP,
12.4264,10,STA,WIFI_DROP,
12.4264,11,STA,WIFI_DROP,
12.4264,14,STA,WIFI_DROP,
12.4264,15,STA,WIFI_DROP,
12.4288,8,STA,WIFI_DROP,
12.4288,10,STA,WIFI_DROP,
12.4288,11,STA,WIFI_DROP,
12.4288,14,STA,WIFI_DROP,
12.4288,15,STA,WIFI_DROP,
12.4312,8,STA,WIFI_DROP,
12.4312,10,STA,WIFI_DROP,
12.4312,11,STA,WIFI_DROP,
12.4312,14,STA,WIFI_DROP,
12.4312,15,STA,WIFI_DROP,
12.4336,8,STA,WIFI_DROP,
12.4336,10,STA,WIFI_DROP,
12.4336,11,STA,WIFI_DROP,
12.4336,14,STA,WIFI_DROP,
12.4336,15,STA,WIFI_DROP,
12.436,8,STA,WIFI_DROP,
12.436,10,STA,WIFI_DROP,
12.436,11,STA,WIFI_DROP,
12.436,14,STA,WIFI_DROP,
12.436,15,STA,WIFI_DROP,
12.4384,8,STA,WIFI_DROP,
12.4384,10,STA,WIFI_DROP,
12.4384,11,STA,WIFI_DROP,
12.4384,14,STA,WIFI_DROP,
12.4384,15,STA,WIFI_DROP,
12.4408,8,STA,WIFI_DROP,
12.4408,10,STA,WIFI_DROP,
12.4408,11,STA,WIFI_DROP,
12.4408,14,STA,WIFI_DROP,
12.4408,15,STA,WIFI_DROP,
12.4432,8,STA,WIFI_DROP,
12.4432,10,STA,WIFI_DROP,
12.4432,11,STA,WIFI_DROP,
12.4432,14,STA,WIFI_DROP,
12.4432,15,STA,WIFI_DROP,
12.4456,8,STA,WIFI_DROP,
12.4456,10,STA,WIFI_DROP,
12.4456,11,STA,WIFI_DROP,
12.4456,14,STA,WIFI_DROP,
12.4456,15,STA,WIFI_DROP,
12.448,8,STA,WIFI_DROP,
12.448,10,STA,WIFI_DROP,
12.448,11,STA,WIFI_DROP,
12.448,14,STA,WIFI_DROP,
12.448,15,STA,WIFI_DROP,
12.4504,8,STA,WIFI_DROP,
12.4504,10,STA,WIFI_DROP,
12.4504,11,STA,WIFI_DROP,
12.4504,14,STA,WIFI_DROP,
12.4504,15,STA,WIFI_DROP,
12.4528,8,STA,WIFI_DROP,
12.4528,10,STA,WIFI_DROP,
12.4528,11,STA,WIFI_DROP,
12.4528,14,STA,WIFI_DROP,
12.4528,15,STA,WIFI_DROP,
12.4552,8,STA,WIFI_DROP,
12.4552,10,STA,WIFI_DROP,
12.4552,11,STA,WIFI_DROP,
12.4552,14,STA,WIFI_DROP,
12.4552,15,STA,WIFI_DROP,
12.4576,8,STA,WIFI_DROP,
12.4576,10,STA,WIFI_DROP,
12.4576,11,STA,WIFI_DROP,
12.4576,14,STA,WIFI_DROP,
12.4576,15,STA,WIFI_DROP,
12.4576,21,STA,WIFI_DROP,
12.46,8,STA,WIFI_DROP,
12.46,10,STA,WIFI_DROP,
12.46,11,STA,WIFI_DROP,
12.46,14,STA,WIFI_DROP,
12.46,15,STA,WIFI_DROP,
12.46,21,STA,WIFI_DROP,
12.4624,8,STA,WIFI_DROP,
12.4624,10,STA,WIFI_DROP,
12.4624,11,STA,WIFI_DROP,
12.4624,14,STA,WIFI_DROP,
12.4624,15,STA,WIFI_DROP,
12.4624,21,STA,WIFI_DROP,
12.4648,8,STA,WIFI_DROP,
12.4648,10,STA,WIFI_DROP,
12.4648,11,STA,WIFI_DROP,
12.4648,14,STA,WIFI_DROP,
12.4648,15,STA,WIFI_DROP,
12.4648,21,STA,WIFI_DROP,
12.4672,8,STA,WIFI_DROP,
12.4672,10,STA,WIFI_DROP,
12.4672,11,STA,WIFI_DROP,
12.4672,14,STA,WIFI_DROP,
12.4672,15,STA,WIFI_DROP,
12.4672,21,STA,WIFI_DROP,
12.4696,8,STA,WIFI_DROP,
12.4696,10,STA,WIFI_DROP,
12.4696,11,STA,WIFI_DROP,
12.4696,14,STA,WIFI_DROP,
12.4696,15,STA,WIFI_DROP,
12.4696,21,STA,WIFI_DROP,
12.472,8,STA,WIFI_DROP,
12.472,10,STA,WIFI_DROP,
12.472,11,STA,WIFI_DROP,
12.472,14,STA,WIFI_DROP,
12.472,15,STA,WIFI_DROP,
12.472,21,STA,WIFI_DROP,
12.4744,8,STA,WIFI_DROP,
12.4744,10,STA,WIFI_DROP,
12.4744,11,STA,WIFI_DROP,
12.4744,14,STA,WIFI_DROP,
12.4744,15,STA,WIFI_DROP,
12.4744,21,STA,WIFI_DROP,
12.4768,8,STA,WIFI_DROP,
12.4768,10,STA,WIFI_DROP,
12.4768,11,STA,WIFI_DROP,
12.4768,14,STA,WIFI_DROP,
12.4768,15,STA,WIFI_DROP,
12.4768,21,STA,WIFI_DROP,
12.4792,8,STA,WIFI_DROP,
12.4792,10,STA,WIFI_DROP,
12.4792,11,STA,WIFI_DROP,
12.4792,14,STA,WIFI_DROP,
12.4792,15,STA,WIFI_DROP,
12.4792,21,STA,WIFI_DROP,
12.4816,8,STA,WIFI_DROP,
12.4816,10,STA,WIFI_DROP,
12.4816,11,STA,WIFI_DROP,
12.4816,14,STA,WIFI_DROP,
12.4816,15,STA,WIFI_DROP,
12.4816,21,STA,WIFI_DROP,
12.484,8,STA,WIFI_DROP,
12.484,10,STA,WIFI_DROP,
12.484,11,STA,WIFI_DROP,
12.484,14,STA,WIFI_DROP,
12.484,15,STA,WIFI_DROP,
12.484,21,STA,WIFI_DROP,
12.4864,8,STA,WIFI_DROP,
12.4864,10,STA,WIFI_DROP,
12.4864,11,STA,WIFI_DROP,
12.4864,14,STA,WIFI_DROP,
12.4864,15,STA,WIFI_DROP,
12.4864,21,STA,WIFI_DROP,
12.4888,8,STA,WIFI_DROP,
12.4888,10,STA,WIFI_DROP,
12.4888,11,STA,WIFI_DROP,
12.4888,14,STA,WIFI_DROP,
12.4888,15,STA,WIFI_DROP,
12.4888,21,STA,WIFI_DROP,
12.4912,8,STA,WIFI_DROP,
12.4912,10,STA,WIFI_DROP,
12.4912,11,STA,WIFI_DROP,
12.4912,14,STA,WIFI_DROP,
12.4912,15,STA,WIFI_DROP,
12.4912,21,STA,WIFI_DROP,
12.4936,8,STA,WIFI_DROP,
12.4936,10,STA,WIFI_DROP,
12.4936,11,STA,WIFI_DROP,
12.4936,14,STA,WIFI_DROP,
12.4936,15,STA,WIFI_DROP,
12.4936,21,STA,WIFI_DROP,
12.496,8,STA,WIFI_DROP,
12.496,10,STA,WIFI_DROP,
12.496,11,STA,WIFI_DROP,
12.496,14,STA,WIFI_DROP,
12.496,15,STA,WIFI_DROP,
12.496,21,STA,WIFI_DROP,
12.4984,8,STA,WIFI_DROP,
12.4984,10,STA,WIFI_DROP,
12.4984,11,STA,WIFI_DROP,
12.4984,14,STA,WIFI_DROP,
12.4984,15,STA,WIFI_DROP,
12.4984,21,STA,WIFI_DROP,
12.5008,8,STA,WIFI_DROP,
12.5008,10,STA,WIFI_DROP,
12.5008,11,STA,WIFI_DROP,
12.5008,14,STA,WIFI_DROP,
12.5008,15,STA,WIFI_DROP,
12.5008,21,STA,WIFI_DROP,
12.5032,8,STA,WIFI_DROP,
12.5032,10,STA,WIFI_DROP,
12.5032,11,STA,WIFI_DROP,
12.5032,14,STA,WIFI_DROP,
12.5032,15,STA,WIFI_DROP,
12.5032,21,STA,WIFI_DROP,
12.5056,8,STA,WIFI_DROP,
12.5056,10,STA,WIFI_DROP,
12.5056,11,STA,WIFI_DROP,
12.5056,14,STA,WIFI_DROP,
12.5056,15,STA,WIFI_DROP,
12.5056,21,STA,WIFI_DROP,
12.508,8,STA,WIFI_DROP,
12.508,10,STA,WIFI_DROP,
12.508,11,STA,WIFI_DROP,
12.508,14,STA,WIFI_DROP,
12.508,21,STA,WIFI_DROP,
12.5104,8,STA,WIFI_DROP,
12.5104,10,STA,WIFI_DROP,
12.5104,11,STA,WIFI_DROP,
12.5104,14,STA,WIFI_DROP,
12.5104,21,STA,WIFI_DROP,
12.5128,8,STA,WIFI_DROP,
12.5128,10,STA,WIFI_DROP,
12.5128,11,STA,WIFI_DROP,
12.5128,14,STA,WIFI_DROP,
12.5128,21,STA,WIFI_DROP,
12.5152,8,STA,WIFI_DROP,
12.5152,10,STA,WIFI_DROP,
12.5152,11,STA,WIFI_DROP,
12.5152,21,STA,WIFI_DROP,
12.5176,8,STA,WIFI_DROP,
12.5176,10,STA,WIFI_DROP,
12.5176,11,STA,WIFI_DROP,
12.5176,21,STA,WIFI_DROP,
12.52,8,STA,WIFI_DROP,
12.52,10,STA,WIFI_DROP,
12.52,11,STA,WIFI_DROP,
12.52,21,STA,WIFI_DROP,
12.5224,8,STA,WIFI_DROP,
12.5224,10,STA,WIFI_DROP,
12.5224,11,STA,WIFI_DROP,
12.5224,21,STA,WIFI_DROP,
12.5248,8,STA,WIFI_DROP,
12.5248,10,STA,WIFI_DROP,
12.5248,11,STA,WIFI_DROP,
12.5248,21,STA,WIFI_DROP,
12.5272,8,STA,WIFI_DROP,
12.5272,10,STA,WIFI_DROP,
12.5272,11,STA,WIFI_DROP,
12.5272,21,STA,WIFI_DROP,
12.5296,8,STA,WIFI_DROP,
12.5296,10,STA,WIFI_DROP,
12.5296,11,STA,WIFI_DROP,
12.5296,21,STA,WIFI_DROP,
12.532,8,STA,WIFI_DROP,
12.532,10,STA,WIFI_DROP,
12.532,11,STA,WIFI_DROP,
12.532,21,STA,WIFI_DROP,
12.5344,8,STA,WIFI_DROP,
12.5344,10,STA,WIFI_DROP,
12.5344,11,STA,WIFI_DROP,
12.5344,21,STA,WIFI_DROP,
12.5368,8,STA,WIFI_DROP,
12.5368,10,STA,WIFI_DROP,
12.5368,11,STA,WIFI_DROP,
12.5368,21,STA,WIFI_DROP,
12.5392,8,STA,WIFI_DROP,
12.5392,10,STA,WIFI_DROP,
12.5392,11,STA,WIFI_DROP,
12.5392,21,STA,WIFI_DROP,
12.5416,8,STA,WIFI_DROP,
12.5416,10,STA,WIFI_DROP,
12.5416,11,STA,WIFI_DROP,
12.5416,21,STA,WIFI_DROP,
12.544,8,STA,WIFI_DROP,
12.544,10,STA,WIFI_DROP,
12.544,11,STA,WIFI_DROP,
12.544,21,STA,WIFI_DROP,
12.5464,8,STA,WIFI_DROP,
12.5464,10,STA,WIFI_DROP,
12.5464,11,STA,WIFI_DROP,
12.5464,21,STA,WIFI_DROP,
12.5488,8,STA,WIFI_DROP,
12.5488,10,STA,WIFI_DROP,
12.5488,11,STA,WIFI_DROP,
12.5488,21,STA,WIFI_DROP,
12.5512,8,STA,WIFI_DROP,
12.5512,10,STA,WIFI_DROP,
12.5512,11,STA,WIFI_DROP,
12.5512,21,STA,WIFI_DROP,
12.5536,8,STA,WIFI_DROP,
12.5536,10,STA,WIFI_DROP,
12.5536,11,STA,WIFI_DROP,
12.5536,21,STA,WIFI_DROP,
12.556,8,STA,WIFI_DROP,
12.556,10,STA,WIFI_DROP,
12.556,11,STA,WIFI_DROP,
12.556,21,STA,WIFI_DROP,
12.5584,8,STA,WIFI_DROP,
12.5584,10,STA,WIFI_DROP,
12.5584,11,STA,WIFI_DROP,
12.5584,21,STA,WIFI_DROP,
12.5608,8,STA,WIFI_DROP,
12.5608,10,STA,WIFI_DROP,
12.5608,11,STA,WIFI_DROP,
12.5608,21,STA,WIFI_DROP,
12.5632,8,STA,WIFI_DROP,
12.5632,10,STA,WIFI_DROP,
12.5632,11,STA,WIFI_DROP,
12.5632,21,STA,WIFI_DROP,
12.5656,8,STA,WIFI_DROP,
12.5656,10,STA,WIFI_DROP,
12.5656,11,STA,WIFI_DROP,
12.5656,21,STA,WIFI_DROP,
12.568,8,STA,WIFI_DROP,
12.568,10,STA,WIFI_DROP,
12.568,11,STA,WIFI_DROP,
12.568,21,STA,WIFI_DROP,
12.5704,8,STA,WIFI_DROP,
12.5704,10,STA,WIFI_DROP,
12.5704,11,STA,WIFI_DROP,
12.5704,21,STA,WIFI_DROP,
12.5728,8,STA,WIFI_DROP,
12.5728,10,STA,WIFI_DROP,
12.5728,11,STA,WIFI_DROP,
12.5728,21,STA,WIFI_DROP,
12.5752,8,STA,WIFI_DROP,
12.5752,10,STA,WIFI_DROP,
12.5752,11,STA,WIFI_DROP,
12.5752,21,STA,WIFI_DROP,
12.5776,8,STA,WIFI_DROP,
12.5776,10,STA,WIFI_DROP,
12.5776,11,STA,WIFI_DROP,
12.5776,21,STA,WIFI_DROP,
12.58,8,STA,WIFI_DROP,
12.58,10,STA,WIFI_DROP,
12.58,11,STA,WIFI_DROP,
12.58,21,STA,WIFI_DROP,
12.5824,8,STA,WIFI_DROP,
12.5824,10,STA,WIFI_DROP,
12.5824,11,STA,WIFI_DROP,
12.5824,21,STA,WIFI_DROP,
12.5848,8,STA,WIFI_DROP,
12.5848,10,STA,WIFI_DROP,
12.5848,11,STA,WIFI_DROP,
12.5848,21,STA,WIFI_DROP,
12.5872,8,STA,WIFI_DROP,
12.5872,10,STA,WIFI_DROP,
12.5872,11,STA,WIFI_DROP,
12.5872,21,STA,WIFI_DROP,
12.5896,8,STA,WIFI_DROP,
12.5896,10,STA,WIFI_DROP,
12.5896,11,STA,WIFI_DROP,
12.5896,21,STA,WIFI_DROP,
12.592,8,STA,WIFI_DROP,
12.592,10,STA,WIFI_DROP,
12.592,11,STA,WIFI_DROP,
12.592,21,STA,WIFI_DROP,
12.5944,8,STA,WIFI_DROP,
12.5944,10,STA,WIFI_DROP,
12.5944,11,STA,WIFI_DROP,
12.5944,21,STA,WIFI_DROP,
12.5968,8,STA,WIFI_DROP,
12.5968,10,STA,WIFI_DROP,
12.5968,11,STA,WIFI_DROP,
12.5968,21,STA,WIFI_DROP,
12.5992,8,STA,WIFI_DROP,
12.5992,10,STA,WIFI_DROP,
12.5992,11,STA,WIFI_DROP,
12.5992,21,STA,WIFI_DROP,
12.6016,8,STA,WIFI_DROP,
12.6016,10,STA,WIFI_DROP,
12.6016,11,STA,WIFI_DROP,
12.6016,21,STA,WIFI_DROP,
12.604,8,STA,WIFI_DROP,
12.604,10,STA,WIFI_DROP,
12.604,11,STA,WIFI_DROP,
12.604,21,STA,WIFI_DROP,
12.6064,8,STA,WIFI_DROP,
12.6064,10,STA,WIFI_DROP,
12.6064,11,STA,WIFI_DROP,
12.6064,21,STA,WIFI_DROP,
12.6088,8,STA,WIFI_DROP,
12.6088,10,STA,WIFI_DROP,
12.6088,11,STA,WIFI_DROP,
12.6088,21,STA,WIFI_DROP,
12.6112,8,STA,WIFI_DROP,
12.6112,10,STA,WIFI_DROP,
12.6112,11,STA,WIFI_DROP,
12.6112,21,STA,WIFI_DROP,
12.6136,8,STA,WIFI_DROP,
12.6136,10,STA,WIFI_DROP,
12.6136,11,STA,WIFI_DROP,
12.616,8,STA,WIFI_DROP,
12.616,10,STA,WIFI_DROP,
12.616,11,STA,WIFI_DROP,
12.6184,8,STA,WIFI_DROP,
12.6184,10,STA,WIFI_DROP,
12.6184,11,STA,WIFI_DROP,
12.6208,8,STA,WIFI_DROP,
12.6208,10,STA,WIFI_DROP,
12.6208,11,STA,WIFI_DROP,
12.6232,8,STA,WIFI_DROP,
12.6232,10,STA,WIFI_DROP,
12.6232,11,STA,WIFI_DROP,
12.6256,8,STA,WIFI_DROP,
12.6256,10,STA,WIFI_DROP,
12.6256,11,STA,WIFI_DROP,
12.628,8,STA,WIFI_DROP,
12.628,10,STA,WIFI_DROP,
12.628,11,STA,WIFI_DROP,
12.6304,8,STA,WIFI_DROP,
12.6304,10,STA,WIFI_DROP,
12.6304,11,STA,WIFI_DROP,
12.6328,8,STA,WIFI_DROP,
12.6328,10,STA,WIFI_DROP,
12.6328,11,STA,WIFI_DROP,
12.6352,8,STA,WIFI_DROP,
12.6352,10,STA,WIFI_DROP,
12.6352,11,STA,WIFI_DROP,
12.6376,8,STA,WIFI_DROP,
12.6376,10,STA,WIFI_DROP,
12.6376,11,STA,WIFI_DROP,
12.64,8,STA,WIFI_DROP,
12.64,10,STA,WIFI_DROP,
12.64,11,STA,WIFI_DROP,
12.6424,8,STA,WIFI_DROP,
12.6424,10,STA,WIFI_DROP,
12.6424,11,STA,WIFI_DROP,
12.6448,8,STA,WIFI_DROP,
12.6448,10,STA,WIFI_DROP,
12.6448,11,STA,WIFI_DROP,
12.6472,8,STA,WIFI_DROP,
12.6472,10,STA,WIFI_DROP,
12.6472,11,STA,WIFI_DROP,
12.6496,8,STA,WIFI_DROP,
12.6496,10,STA,WIFI_DROP,
12.6496,11,STA,WIFI_DROP,
12.652,8,STA,WIFI_DROP,
12.652,10,STA,WIFI_DROP,
12.652,11,STA,WIFI_DROP,
12.6544,8,STA,WIFI_DROP,
12.6544,10,STA,WIFI_DROP,
12.6544,11,STA,WIFI_DROP,
12.6568,8,STA,WIFI_DROP,
12.6568,10,STA,WIFI_DROP,
12.6568,11,STA,WIFI_DROP,
12.6592,8,STA,WIFI_DROP,
12.6592,10,STA,WIFI_DROP,
12.6592,11,STA,WIFI_DROP,
12.6616,8,STA,WIFI_DROP,
12.6616,10,STA,WIFI_DROP,
12.6616,11,STA,WIFI_DROP,
12.664,8,STA,WIFI_DROP,
12.664,10,STA,WIFI_DROP,
12.664,11,STA,WIFI_DROP,
12.6664,8,STA,WIFI_DROP,
12.6664,10,STA,WIFI_DROP,
12.6664,11,STA,WIFI_DROP,
12.6688,8,STA,WIFI_DROP,
12.6688,10,STA,WIFI_DROP,
12.6688,11,STA,WIFI_DROP,
12.6712,8,STA,WIFI_DROP,
12.6712,10,STA,WIFI_DROP,
12.6712,11,STA,WIFI_DROP,
12.6736,8,STA,WIFI_DROP,
12.6736,10,STA,WIFI_DROP,
12.6736,11,STA,WIFI_DROP,
12.676,8,STA,WIFI_DROP,
12.676,10,STA,WIFI_DROP,
12.676,11,STA,WIFI_DROP,
12.6784,8,STA,WIFI_DROP,
12.6784,10,STA,WIFI_DROP,
12.6784,11,STA,WIFI_DROP,
12.6808,8,STA,WIFI_DROP,
12.6808,10,STA,WIFI_DROP,
12.6808,11,STA,WIFI_DROP,
12.6832,8,STA,WIFI_DROP,
12.6832,10,STA,WIFI_DROP,
12.6832,11,STA,WIFI_DROP,
12.6856,8,STA,WIFI_DROP,
12.6856,10,STA,WIFI_DROP,
12.6856,11,STA,WIFI_DROP,
12.688,8,STA,WIFI_DROP,
12.688,10,STA,WIFI_DROP,
12.688,11,STA,WIFI_DROP,
12.6904,8,STA,WIFI_DROP,
12.6904,10,STA,WIFI_DROP,
12.6904,11,STA,WIFI_DROP,
12.6928,8,STA,WIFI_DROP,
12.6928,10,STA,WIFI_DROP,
12.6928,11,STA,WIFI_DROP,
12.6952,8,STA,WIFI_DROP,
12.6952,10,STA,WIFI_DROP,
12.6952,11,STA,WIFI_DROP,
12.6976,8,STA,WIFI_DROP,
12.6976,10,STA,WIFI_DROP,
12.6976,11,STA,WIFI_DROP,
12.7,8,STA,WIFI_DROP,
12.7,10,STA,WIFI_DROP,
12.7,11,STA,WIFI_DROP,
12.7024,8,STA,WIFI_DROP,
12.7024,10,STA,WIFI_DROP,
12.7024,11,STA,WIFI_DROP,
12.7048,8,STA,WIFI_DROP,
12.7048,10,STA,WIFI_DROP,
12.7048,11,STA,WIFI_DROP,
12.7072,8,STA,WIFI_DROP,
12.7072,10,STA,WIFI_DROP,
12.7072,11,STA,WIFI_DROP,
12.7096,8,STA,WIFI_DROP,
12.7096,10,STA,WIFI_DROP,
12.7096,11,STA,WIFI_DROP,
12.712,8,STA,WIFI_DROP,
12.712,10,STA,WIFI_DROP,
12.712,11,STA,WIFI_DROP,
12.7144,8,STA,WIFI_DROP,
12.7144,10,STA,WIFI_DROP,
12.7144,11,STA,WIFI_DROP,
12.7168,8,STA,WIFI_DROP,
12.7168,10,STA,WIFI_DROP,
12.7168,11,STA,WIFI_DROP,
12.7192,8,STA,WIFI_DROP,
12.7192,10,STA,WIFI_DROP,
12.7192,11,STA,WIFI_DROP,
12.7216,8,STA,WIFI_DROP,
12.7216,10,STA,WIFI_DROP,
12.7216,11,STA,WIFI_DROP,
12.724,8,STA,WIFI_DROP,
12.724,10,STA,WIFI_DROP,
12.724,11,STA,WIFI_DROP,
12.7264,8,STA,WIFI_DROP,
12.7264,10,STA,WIFI_DROP,
12.7264,11,STA,WIFI_DROP,
12.7288,8,STA,WIFI_DROP,
12.7288,10,STA,WIFI_DROP,
12.7288,11,STA,WIFI_DROP,
12.7312,8,STA,WIFI_DROP,
12.7312,10,STA,WIFI_DROP,
12.7312,11,STA,WIFI_DROP,
12.7336,8,STA,WIFI_DROP,
12.7336,10,STA,WIFI_DROP,
12.7336,11,STA,WIFI_DROP,
12.736,8,STA,WIFI_DROP,
12.736,10,STA,WIFI_DROP,
12.736,11,STA,WIFI_DROP,
12.7384,8,STA,WIFI_DROP,
12.7384,10,STA,WIFI_DROP,
12.7384,11,STA,WIFI_DROP,
12.7408,8,STA,WIFI_DROP,
12.7408,10,STA,WIFI_DROP,
12.7408,11,STA,WIFI_DROP,
12.7432,8,STA,WIFI_DROP,
12.7432,10,STA,WIFI_DROP,
12.7432,11,STA,WIFI_DROP,
12.7456,8,STA,WIFI_DROP,
12.7456,10,STA,WIFI_DROP,
12.7456,11,STA,WIFI_DROP,
12.748,8,STA,WIFI_DROP,
12.748,10,STA,WIFI_DROP,
12.748,11,STA,WIFI_DROP,
12.7504,8,STA,WIFI_DROP,
12.7504,10,STA,WIFI_DROP,
12.7504,11,STA,WIFI_DROP,
12.7528,8,STA,WIFI_DROP,
12.7528,10,STA,WIFI_DROP,
12.7528,11,STA,WIFI_DROP,
12.7552,8,STA,WIFI_DROP,
12.7552,10,STA,WIFI_DROP,
12.7552,11,STA,WIFI_DROP,
12.7576,8,STA,WIFI_DROP,
12.7576,10,STA,WIFI_DROP,
12.7576,11,STA,WIFI_DROP,
12.76,8,STA,WIFI_DROP,
12.76,10,STA,WIFI_DROP,
12.76,11,STA,WIFI_DROP,
12.7624,8,STA,WIFI_DROP,
12.7624,10,STA,WIFI_DROP,
12.7624,11,STA,WIFI_DROP,
12.7648,8,STA,WIFI_DROP,
12.7648,10,STA,WIFI_DROP,
12.7648,11,STA,WIFI_DROP,
12.7672,8,STA,WIFI_DROP,
12.7672,10,STA,WIFI_DROP,
12.7672,11,STA,WIFI_DROP,
12.7696,8,STA,WIFI_DROP,
12.7696,10,STA,WIFI_DROP,
12.7696,11,STA,WIFI_DROP,
12.772,8,STA,WIFI_DROP,
12.772,10,STA,WIFI_DROP,
12.772,11,STA,WIFI_DROP,
12.7744,8,STA,WIFI_DROP,
12.7744,10,STA,WIFI_DROP,
12.7744,11,STA,WIFI_DROP,
12.7768,8,STA,WIFI_DROP,
12.7768,10,STA,WIFI_DROP,
12.7768,11,STA,WIFI_DROP,
12.7792,8,STA,WIFI_DROP,
12.7792,10,STA,WIFI_DROP,
12.7792,11,STA,WIFI_DROP,
12.7816,8,STA,WIFI_DROP,
12.7816,10,STA,WIFI_DROP,
12.7816,11,STA,WIFI_DROP,
12.784,8,STA,WIFI_DROP,
12.784,10,STA,WIFI_DROP,
12.784,11,STA,WIFI_DROP,
12.7864,8,STA,WIFI_DROP,
12.7864,10,STA,WIFI_DROP,
12.7864,11,STA,WIFI_DROP,
12.7888,8,STA,WIFI_DROP,
12.7888,10,STA,WIFI_DROP,
12.7888,11,STA,WIFI_DROP,
12.7912,8,STA,WIFI_DROP,
12.7912,10,STA,WIFI_DROP,
12.7912,11,STA,WIFI_DROP,
12.7936,8,STA,WIFI_DROP,
12.7936,10,STA,WIFI_DROP,
12.7936,11,STA,WIFI_DROP,
12.796,8,STA,WIFI_DROP,
12.796,10,STA,WIFI_DROP,
12.796,11,STA,WIFI_DROP,
12.7984,8,STA,WIFI_DROP,
12.7984,10,STA,WIFI_DROP,
12.7984,11,STA,WIFI_DROP,
12.8008,8,STA,WIFI_DROP,
12.8008,10,STA,WIFI_DROP,
12.8008,11,STA,WIFI_DROP,
12.8032,8,STA,WIFI_DROP,
12.8032,11,STA,WIFI_DROP,
12.8056,11,STA,WIFI_DROP,
12.808,11,STA,WIFI_DROP,
12.8104,11,STA,WIFI_DROP,
12.8128,11,STA,WIFI_DROP,
12.8152,11,STA,WIFI_DROP,
12.8176,11,STA,WIFI_DROP,
12.82,11,STA,WIFI_DROP,
12.8224,11,STA,WIFI_DROP,
12.8248,11,STA,WIFI_DROP,
12.8272,11,STA,WIFI_DROP,
12.8296,11,STA,WIFI_DROP,
12.832,11,STA,WIFI_DROP,
12.8344,11,STA,WIFI_DROP,
12.8368,11,STA,WIFI_DROP,
12.8392,11,STA,WIFI_DROP,
12.8416,11,STA,WIFI_DROP,
12.844,11,STA,WIFI_DROP,
12.8464,11,STA,WIFI_DROP,
12.8488,11,STA,WIFI_DROP,
12.8512,11,STA,WIFI_DROP,
12.8536,11,STA,WIFI_DROP,
12.856,11,STA,WIFI_DROP,
12.8584,11,STA,WIFI_DROP,
12.8608,11,STA,WIFI_DROP,
12.8632,11,STA,WIFI_DROP,
12.8656,11,STA,WIFI_DROP,
12.868,11,STA,WIFI_DROP,
12.8704,11,STA,WIFI_DROP,
12.8728,11,STA,WIFI_DROP,
12.8752,11,STA,WIFI_DROP,
12.8776,11,STA,WIFI_DROP,
12.88,11,STA,WIFI_DROP,
12.8824,11,STA,WIFI_DROP,
12.8848,11,STA,WIFI_DROP,
12.8872,11,STA,WIFI_DROP,
12.8896,11,STA,WIFI_DROP,
12.892,11,STA,WIFI_DROP,
12.8944,11,STA,WIFI_DROP,
12.8968,11,STA,WIFI_DROP,
12.8992,11,STA,WIFI_DROP,
12.9016,11,STA,WIFI_DROP,
12.904,11,STA,WIFI_DROP,
12.9064,11,STA,WIFI_DROP,
12.9088,11,STA,WIFI_DROP,
12.9112,11,STA,WIFI_DROP,
12.9136,11,STA,WIFI_DROP,
12.916,11,STA,WIFI_DROP,
12.9184,11,STA,WIFI_DROP,
12.9208,11,STA,WIFI_DROP,
12.9232,11,STA,WIFI_DROP,
12.9256,11,STA,WIFI_DROP,
12.928,11,STA,WIFI_DROP,
12.9304,11,STA,WIFI_DROP,
12.9328,11,STA,WIFI_DROP,
12.9352,11,STA,WIFI_DROP,
12.9376,11,STA,WIFI_DROP,
12.94,11,STA,WIFI_DROP,
12.9424,11,STA,WIFI_DROP,
12.9448,11,STA,WIFI_DROP,
12.9472,11,STA,WIFI_DROP,
12.9496,11,STA,WIFI_DROP,
12.952,11,STA,WIFI_DROP,
12.9544,11,STA,WIFI_DROP,
12.9568,11,STA,WIFI_DROP,
12.9592,11,STA,WIFI_DROP,
12.9616,11,STA,WIFI_DROP,
12.964,11,STA,WIFI_DROP,
12.9664,11,STA,WIFI_DROP,
12.9688,11,STA,WIFI_DROP,
12.9712,11,STA,WIFI_DROP,
12.9736,11,STA,WIFI_DROP,
12.976,11,STA,WIFI_DROP,
12.9784,11,STA,WIFI_DROP,
12.9808,11,STA,WIFI_DROP,
12.9832,11,STA,WIFI_DROP,
12.9856,11,STA,WIFI_DROP,
12.988,11,STA,WIFI_DROP,
12.9904,11,STA,WIFI_DROP,
12.9928,11,STA,WIFI_DROP,
12.9952,11,STA,WIFI_DROP,
12.9976,11,STA,WIFI_DROP,
13,2,STA,THROUGHPUT_MBPS,4.596000
13,3,STA,THROUGHPUT_MBPS,1.740000
13,4,STA,THROUGHPUT_MBPS,2.244000
13,5,STA,THROUGHPUT_MBPS,1.452000
13,8,STA,THROUGHPUT_MBPS,0.288000
13,9,STA,THROUGHPUT_MBPS,5.388000
13,10,STA,THROUGHPUT_MBPS,1.092000
13,12,STA,THROUGHPUT_MBPS,1.164000
13,14,STA,THROUGHPUT_MBPS,3.996000
13,15,STA,THROUGHPUT_MBPS,0.828000
13,16,STA,THROUGHPUT_MBPS,1.308000
13,17,STA,THROUGHPUT_MBPS,1.620000
13,18,STA,THROUGHPUT_MBPS,3.336000
13,19,STA,THROUGHPUT_MBPS,4.704000
13,20,STA,THROUGHPUT_MBPS,0.036000
13,21,STA,THROUGHPUT_MBPS,1.392000
13,1,AP,AGGREGATE_THROUGHPUT_MBPS,35.184000
13,1,AP,SENT_COUNT,8320.000000
13,1,AP,RECV_COUNT,2932.000000
13,1,AP,LATENCY_P95_MS,546.528911
13,11,STA,WIFI_DROP,
13.0024,11,STA,WIFI_DROP,
13.0048,11,STA,WIFI_DROP,
13.0072,11,STA,WIFI_DROP,
13.0096,11,STA,WIFI_DROP,
13.012,11,STA,WIFI_DROP,
13.0144,11,STA,WIFI_DROP,
13.0168,11,STA,WIFI_DROP,
13.0192,11,STA,WIFI_DROP,
13.0216,11,STA,WIFI_DROP,
13.024,11,STA,WIFI_DROP,
13.0264,11,STA,WIFI_DROP,
13.0288,11,STA,WIFI_DROP,
13.0312,11,STA,WIFI_DROP,
13.0336,11,STA,WIFI_DROP,
13.036,11,STA,WIFI_DROP,
13.0384,11,STA,WIFI_DROP,
13.0408,11,STA,WIFI_DROP,
13.0432,11,STA,WIFI_DROP,
13.0456,11,STA,WIFI_DROP,
13.048,11,STA,WIFI_DROP,
13.0504,11,STA,WIFI_DROP,
13.0528,11,STA,WIFI_DROP,
13.0552,11,STA,WIFI_DROP,
13.0576,11,STA,WIFI_DROP,
13.06,11,STA,WIFI_DROP,
13.0624,11,STA,WIFI_DROP,
13.0648,11,STA,WIFI_DROP,
13.0672,11,STA,WIFI_DROP,
13.0696,11,STA,WIFI_DROP,
13.072,11,STA,WIFI_DROP,
13.0744,11,STA,WIFI_DROP,
13.0768,11,STA,WIFI_DROP,
13.0792,11,STA,WIFI_DROP,
13.0816,11,STA,WIFI_DROP,
13.084,11,STA,WIFI_DROP,
13.0864,11,STA,WIFI_DROP,
13.0888,11,STA,WIFI_DROP,
13.0912,11,STA,WIFI_DROP,
13.0936,11,STA,WIFI_DROP,
13.096,11,STA,WIFI_DROP,
13.0984,11,STA,WIFI_DROP,
13.1008,11,STA,WIFI_DROP,
13.1032,11,STA,WIFI_DROP,
13.1056,11,STA,WIFI_DROP,
13.108,11,STA,WIFI_DROP,
13.1104,11,STA,WIFI_DROP,
13.1128,11,STA,WIFI_DROP,
13.1152,11,STA,WIFI_DROP,
13.1176,11,STA,WIFI_DROP,
13.12,11,STA,WIFI_DROP,
13.1224,11,STA,WIFI_DROP,
13.1248,11,STA,WIFI_DROP,
13.1272,11,STA,WIFI_DROP,
13.1296,11,STA,WIFI_DROP,
13.132,11,STA,WIFI_DROP,
13.1344,11,STA,WIFI_DROP,
13.1368,11,STA,WIFI_DROP,
13.1392,11,STA,WIFI_DROP,
13.1416,11,STA,WIFI_DROP,
13.144,11,STA,WIFI_DROP,
13.1464,11,STA,WIFI_DROP,
13.1488,11,STA,WIFI_DROP,
13.1512,11,STA,WIFI_DROP,
13.1536,11,STA,WIFI_DROP,
13.156,11,STA,WIFI_DROP,
13.1584,11,STA,WIFI_DROP,
13.1608,11,STA,WIFI_DROP,
13.1632,11,STA,WIFI_DROP,
13.1656,11,STA,WIFI_DROP,
13.168,11,STA,WIFI_DROP,
13.1704,11,STA,WIFI_DROP,
13.1728,11,STA,WIFI_DROP,
13.1752,11,STA,WIFI_DROP,
13.1776,11,STA,WIFI_DROP,
13.1776,19,STA,WIFI_DROP,
13.1776,20,STA,WIFI_DROP,
13.18,11,STA,WIFI_DROP,
13.18,19,STA,WIFI_DROP,
13.18,20,STA,WIFI_DROP,
13.1824,11,STA,WIFI_DROP,
13.1824,19,STA,WIFI_DROP,
13.1824,20,STA,WIFI_DROP,
13.1848,11,STA,WIFI_DROP,
13.1848,19,STA,WIFI_DROP,
13.1848,20,STA,WIFI_DROP,
13.1872,11,STA,WIFI_DROP,
13.1872,19,STA,WIFI_DROP,
13.1872,20,STA,WIFI_DROP,
13.1896,11,STA,WIFI_DROP,
13.1896,19,STA,WIFI_DROP,
13.1896,20,STA,WIFI_DROP,
13.192,11,STA,WIFI_DROP,
13.192,19,STA,WIFI_DROP,
13.192,20,STA,WIFI_DROP,
13.1944,11,STA,WIFI_DROP,
13.1944,19,STA,WIFI_DROP,
13.1944,20,STA,WIFI_DROP,
13.1968,11,STA,WIFI_DROP,
13.1968,19,STA,WIFI_DROP,
13.1968,20,STA,WIFI_DROP,
13.1992,11,STA,WIFI_DROP,
13.1992,19,STA,WIFI_DROP,
13.1992,20,STA,WIFI_DROP,
13.2016,11,STA,WIFI_DROP,
13.2016,19,STA,WIFI_DROP,
13.2016,20,STA,WIFI_DROP,
13.204,11,STA,WIFI_DROP,
13.204,19,STA,WIFI_DROP,
13.204,20,STA,WIFI_DROP,
13.2064,11,STA,WIFI_DROP,
13.2064,19,STA,WIFI_DROP,
13.2064,20,STA,WIFI_DROP,
13.2088,19,STA,WIFI_DROP,
13.2088,20,STA,WIFI_DROP,
13.2112,19,STA,WIFI_DROP,
13.2112,20,STA,WIFI_DROP,
13.2136,19,STA,WIFI_DROP,
13.2136,20,STA,WIFI_DROP,
13.216,19,STA,WIFI_DROP,
13.216,20,STA,WIFI_DROP,
13.2184,19,STA,WIFI_DROP,
13.2184,20,STA,WIFI_DROP,
13.2208,19,STA,WIFI_DROP,
13.2208,20,STA,WIFI_DROP,
13.2232,19,STA,WIFI_DROP,
13.2232,20,STA,WIFI_DROP,
13.2256,11,STA,WIFI_DROP,
13.2256,19,STA,WIFI_DROP,
13.2256,20,STA,WIFI_DROP,
13.228,11,STA,WIFI_DROP,
13.228,19,STA,WIFI_DROP,
13.228,20,STA,WIFI_DROP,
13.2304,11,STA,WIFI_DROP,
13.2304,19,STA,WIFI_DROP,
13.2304,20,STA,WIFI_DROP,
13.2328,11,STA,WIFI_DROP,
13.2328,20,STA,WIFI_DROP,
13.2352,11,STA,WIFI_DROP,
13.2352,20,STA,WIFI_DROP,
13.2376,11,STA,WIFI_DROP,
13.2376,20,STA,WIFI_DROP,
13.24,11,STA,WIFI_DROP,
13.24,20,STA,WIFI_DROP,
13.2424,11,STA,WIFI_DROP,
13.2424,20,STA,WIFI_DROP,
13.2448,11,STA,WIFI_DROP,
13.2448,20,STA,WIFI_DROP,
13.2472,11,STA,WIFI_DROP,
13.2472,20,STA,WIFI_DROP,
13.2496,11,STA,WIFI_DROP,
13.2496,20,STA,WIFI_DROP,
13.252,11,STA,WIFI_DROP,
13.252,20,STA,WIFI_DROP,
13.2544,11,STA,WIFI_DROP,
13.2544,20,STA,WIFI_DROP,
13.2568,11,STA,WIFI_DROP,
13.2568,20,STA,WIFI_DROP,
13.2592,11,STA,WIFI_DROP,
13.2592,20,STA,WIFI_DROP,
13.2616,11,STA,WIFI_DROP,
13.2616,20,STA,WIFI_DROP,
13.264,11,STA,WIFI_DROP,
13.264,20,STA,WIFI_DROP,
13.2664,11,STA,WIFI_DROP,
13.2664,20,STA,WIFI_DROP,
13.2688,11,STA,WIFI_DROP,
13.2688,20,STA,WIFI_DROP,
13.2712,11,STA,WIFI_DROP,
13.2712,20,STA,WIFI_DROP,
13.2736,11,STA,WIFI_DROP,
13.2736,20,STA,WIFI_DROP,
13.276,11,STA,WIFI_DROP,
13.276,20,STA,WIFI_DROP,
13.2784,11,STA,WIFI_DROP,
13.2784,20,STA,WIFI_DROP,
13.2808,11,STA,WIFI_DROP,
13.2808,20,STA,WIFI_DROP,
13.2832,11,STA,WIFI_DROP,
13.2832,20,STA,WIFI_DROP,
13.2856,11,STA,WIFI_DROP,
13.2856,20,STA,WIFI_DROP,
13.288,11,STA,WIFI_DROP,
13.288,20,STA,WIFI_DROP,
13.2904,11,STA,WIFI_DROP,
13.2904,20,STA,WIFI_DROP,
13.2928,11,STA,WIFI_DROP,
13.2928,20,STA,WIFI_DROP,
13.2952,11,STA,WIFI_DROP,
13.2952,20,STA,WIFI_DROP,
13.2976,11,STA,WIFI_DROP,
13.2976,20,STA,WIFI_DROP,
13.3,11,STA,WIFI_DROP,
13.3,20,STA,WIFI_DROP,
13.3024,11,STA,WIFI_DROP,
13.3024,20,STA,WIFI_DROP,
13.3048,11,STA,WIFI_DROP,
13.3048,20,STA,WIFI_DROP,
13.3072,11,STA,WIFI_DROP,
13.3072,20,STA,WIFI_DROP,
13.3096,11,STA,WIFI_DROP,
13.3096,20,STA,WIFI_DROP,
13.312,11,STA,WIFI_DROP,
13.312,20,STA,WIFI_DROP,
13.3144,11,STA,WIFI_DROP,
13.3144,20,STA,WIFI_DROP,
13.3168,11,STA,WIFI_DROP,
13.3168,20,STA,WIFI_DROP,
13.3192,11,STA,WIFI_DROP,
13.3192,20,STA,WIFI_DROP,
13.3216,11,STA,WIFI_DROP,
13.3216,20,STA,WIFI_DROP,
13.324,11,STA,WIFI_DROP,
13.324,20,STA,WIFI_DROP,
13.3264,11,STA,WIFI_DROP,
13.3264,20,STA,WIFI_DROP,
13.3288,11,STA,WIFI_DROP,
13.3288,20,STA,WIFI_DROP,
13.3312,11,STA,WIFI_DROP,
13.3312,20,STA,WIFI_DROP,
13.3336,11,STA,WIFI_DROP,
13.3336,20,STA,WIFI_DROP,
13.336,11,STA,WIFI_DROP,
13.336,20,STA,WIFI_DROP,
13.3384,11,STA,WIFI_DROP,
13.3384,20,STA,WIFI_DROP,
13.3408,11,STA,WIFI_DROP,
13.3408,20,STA,WIFI_DROP,
13.3432,11,STA,WIFI_DROP,
13.3432,20,STA,WIFI_DROP,
13.3456,11,STA,WIFI_DROP,
13.3456,20,STA,WIFI_DROP,
13.348,11,STA,WIFI_DROP,
13.348,20,STA,WIFI_DROP,
13.3504,11,STA,WIFI_DROP,
13.3504,20,STA,WIFI_DROP,
13.3528,11,STA,WIFI_DROP,
13.3528,20,STA,WIFI_DROP,
13.3552,11,STA,WIFI_DROP,
13.3552,20,STA,WIFI_DROP,
13.3576,11,STA,WIFI_DROP,
13.3576,20,STA,WIFI_DROP,
13.36,11,STA,WIFI_DROP,
13.36,20,STA,WIFI_DROP,
13.3624,11,STA,WIFI_DROP,
13.3624,20,STA,WIFI_DROP,
13.3648,11,STA,WIFI_DROP,
13.3648,20,STA,WIFI_DROP,
13.3672,11,STA,WIFI_DROP,
13.3672,20,STA,WIFI_DROP,
13.3696,11,STA,WIFI_DROP,
13.3696,20,STA,WIFI_DROP,
13.372,11,STA,WIFI_DROP,
13.372,20,STA,WIFI_DROP,
13.3744,11,STA,WIFI_DROP,
13.3744,20,STA,WIFI_DROP,
13.3768,11,STA,WIFI_DROP,
13.3768,20,STA,WIFI_DROP,
13.3792,11,STA,WIFI_DROP,
13.3792,20,STA,WIFI_DROP,
13.3816,11,STA,WIFI_DROP,
13.3816,20,STA,WIFI_DROP,
13.384,11,STA,WIFI_DROP,
13.3864,11,STA,WIFI_DROP,
13.3888,11,STA,WIFI_DROP,
13.3912,11,STA,WIFI_DROP,
13.3936,11,STA,WIFI_DROP,
13.396,11,STA,WIFI_DROP,
13.3984,11,STA,WIFI_DROP,
13.4008,11,STA,WIFI_DROP,
13.4032,11,STA,WIFI_DROP,
13.4056,11,STA,WIFI_DROP,
13.408,11,STA,WIFI_DROP,
13.4104,11,STA,WIFI_DROP,
13.4128,11,STA,WIFI_DROP,
13.4152,11,STA,WIFI_DROP,
13.4176,11,STA,WIFI_DROP,
13.42,11,STA,WIFI_DROP,
13.4224,11,STA,WIFI_DROP,
13.4248,11,STA,WIFI_DROP,
13.4272,11,STA,WIFI_DROP,
13.4296,11,STA,WIFI_DROP,
13.432,11,STA,WIFI_DROP,
13.4344,11,STA,WIFI_DROP,
13.4368,11,STA,WIFI_DROP,
13.4392,11,STA,WIFI_DROP,
13.4416,11,STA,WIFI_DROP,
13.444,11,STA,WIFI_DROP,
13.4464,11,STA,WIFI_DROP,
13.4488,11,STA,WIFI_DROP,
13.4512,11,STA,WIFI_DROP,
13.4536,11,STA,WIFI_DROP,
13.456,11,STA,WIFI_DROP,
13.4584,11,STA,WIFI_DROP,
13.4608,11,STA,WIFI_DROP,
13.4632,11,STA,WIFI_DROP,
13.4656,11,STA,WIFI_DROP,
13.468,11,STA,WIFI_DROP,
13.4704,11,STA,WIFI_DROP,
13.4728,11,STA,WIFI_DROP,
13.4752,11,STA,WIFI_DROP,
13.4776,11,STA,WIFI_DROP,
13.48,11,STA,WIFI_DROP,
13.4824,11,STA,WIFI_DROP,
13.4848,11,STA,WIFI_DROP,
13.4872,11,STA,WIFI_DROP,
13.4896,11,STA,WIFI_DROP,
13.492,11,STA,WIFI_DROP,
13.4944,11,STA,WIFI_DROP,
13.4968,11,STA,WIFI_DROP,
13.4992,11,STA,WIFI_DROP,
13.5016,11,STA,WIFI_DROP,
13.504,11,STA,WIFI_DROP,
13.5064,11,STA,WIFI_DROP,
13.5088,11,STA,WIFI_DROP,
13.5112,11,STA,WIFI_DROP,
13.5136,11,STA,WIFI_DROP,
13.516,11,STA,WIFI_DROP,
13.5184,11,STA,WIFI_DROP,
13.5208,11,STA,WIFI_DROP,
13.5232,11,STA,WIFI_DROP,
13.5256,11,STA,WIFI_DROP,
13.528,11,STA,WIFI_DROP,
13.5304,11,STA,WIFI_DROP,
13.5328,11,STA,WIFI_DROP,
13.5352,11,STA,WIFI_DROP,
13.5376,11,STA,WIFI_DROP,
13.54,11,STA,WIFI_DROP,
13.5424,11,STA,WIFI_DROP,
13.5448,11,STA,WIFI_DROP,
13.5472,11,STA,WIFI_DROP,
13.5496,11,STA,WIFI_DROP,
13.552,11,STA,WIFI_DROP,
13.5544,11,STA,WIFI_DROP,
13.5568,11,STA,WIFI_DROP,
13.5592,11,STA,WIFI_DROP,
13.5616,11,STA,WIFI_DROP,
13.564,11,STA,WIFI_DROP,
13.5664,11,STA,WIFI_DROP,
13.5688,11,STA,WIFI_DROP,
13.5712,11,STA,WIFI_DROP,
13.5736,11,STA,WIFI_DROP,
13.576,11,STA,WIFI_DROP,
13.5784,11,STA,WIFI_DROP,
13.5808,11,STA,WIFI_DROP,
13.5832,11,STA,WIFI_DROP,
13.5856,11,STA,WIFI_DROP,
13.588,11,STA,WIFI_DROP,
13.5904,11,STA,WIFI_DROP,
13.5928,11,STA,WIFI_DROP,
13.5952,11,STA,WIFI_DROP,
13.5976,11,STA,WIFI_DROP,
13.6,11,STA,WIFI_DROP,
13.6024,11,STA,WIFI_DROP,
13.6048,11,STA,WIFI_DROP,
13.6072,11,STA,WIFI_DROP,
13.6096,11,STA,WIFI_DROP,
13.612,11,STA,WIFI_DROP,
13.6144,11,STA,WIFI_DROP,
13.6168,11,STA,WIFI_DROP,
13.6192,11,STA,WIFI_DROP,
13.6216,11,STA,WIFI_DROP,
13.624,11,STA,WIFI_DROP,
13.6264,11,STA,WIFI_DROP,
13.6288,11,STA,WIFI_DROP,
13.6312,11,STA,WIFI_DROP,
13.6336,11,STA,WIFI_DROP,
13.636,11,STA,WIFI_DROP,
13.6384,11,STA,WIFI_DROP,
13.6408,11,STA,WIFI_DROP,
13.6432,11,STA,WIFI_DROP,
13.6456,11,STA,WIFI_DROP,
13.648,11,STA,WIFI_DROP,
13.6504,11,STA,WIFI_DROP,
13.6528,11,STA,WIFI_DROP,
13.6552,11,STA,WIFI_DROP,
13.6576,11,STA,WIFI_DROP,
13.66,11,STA,WIFI_DROP,
13.6624,11,STA,WIFI_DROP,
13.6648,11,STA,WIFI_DROP,
13.6672,11,STA,WIFI_DROP,
13.6696,11,STA,WIFI_DROP,
13.672,11,STA,WIFI_DROP,
13.6744,11,STA,WIFI_DROP,
13.6768,11,STA,WIFI_DROP,
13.6792,11,STA,WIFI_DROP,
13.6816,11,STA,WIFI_DROP,
13.684,11,STA,WIFI_DROP,
13.6864,11,STA,WIFI_DROP,
13.6888,11,STA,WIFI_DROP,
13.6912,11,STA,WIFI_DROP,
13.6936,11,STA,WIFI_DROP,
13.696,11,STA,WIFI_DROP,
13.6984,11,STA,WIFI_DROP,
13.7008,11,STA,WIFI_DROP,
13.7032,11,STA,WIFI_DROP,
13.7056,11,STA,WIFI_DROP,
13.708,11,STA,WIFI_DROP,
13.7104,11,STA,WIFI_DROP,
13.7128,11,STA,WIFI_DROP,
13.7152,11,STA,WIFI_DROP,
13.7176,11,STA,WIFI_DROP,
13.72,11,STA,WIFI_DROP,
13.7224,11,STA,WIFI_DROP,
13.7248,11,STA,WIFI_DROP,
13.7272,11,STA,WIFI_DROP,
13.7296,11,STA,WIFI_DROP,
13.732,11,STA,WIFI_DROP,
13.7344,11,STA,WIFI_DROP,
13.7368,11,STA,WIFI_DROP,
13.7392,11,STA,WIFI_DROP,
13.7416,11,STA,WIFI_DROP,
13.744,11,STA,WIFI_DROP,
13.7464,11,STA,WIFI_DROP,
13.7488,11,STA,WIFI_DROP,
13.7512,11,STA,WIFI_DROP,
13.7536,11,STA,WIFI_DROP,
13.756,11,STA,WIFI_DROP,
13.7584,11,STA,WIFI_DROP,
13.7608,11,STA,WIFI_DROP,
13.7632,11,STA,WIFI_DROP,
13.7656,11,STA,WIFI_DROP,
13.768,11,STA,WIFI_DROP,
13.7704,11,STA,WIFI_DROP,
13.7728,11,STA,WIFI_DROP,
13.7752,11,STA,WIFI_DROP,
13.7776,11,STA,WIFI_DROP,
13.78,11,STA,WIFI_DROP,
13.7824,11,STA,WIFI_DROP,
13.7848,11,STA,WIFI_DROP,
13.7872,11,STA,WIFI_DROP,
13.7896,11,STA,WIFI_DROP,
13.792,11,STA,WIFI_DROP,
13.7944,11,STA,WIFI_DROP,
13.7968,11,STA,WIFI_DROP,
13.7992,11,STA,WIFI_DROP,
13.8016,11,STA,WIFI_DROP,
13.804,11,STA,WIFI_DROP,
13.8064,11,STA,WIFI_DROP,
13.8088,11,STA,WIFI_DROP,
13.8112,11,STA,WIFI_DROP,
13.8136,11,STA,WIFI_DROP,
13.816,11,STA,WIFI_DROP,
13.8184,11,STA,WIFI_DROP,
13.8208,11,STA,WIFI_DROP,
13.8232,11,STA,WIFI_DROP,
13.8256,11,STA,WIFI_DROP,
13.828,11,STA,WIFI_DROP,
13.8304,11,STA,WIFI_DROP,
13.8328,11,STA,WIFI_DROP,
13.8352,11,STA,WIFI_DROP,
13.8376,11,STA,WIFI_DROP,
13.84,11,STA,WIFI_DROP,
13.8424,11,STA,WIFI_DROP,
13.8448,11,STA,WIFI_DROP,
13.8472,11,STA,WIFI_DROP,
13.8496,11,STA,WIFI_DROP,
13.852,11,STA,WIFI_DROP,
13.8544,11,STA,WIFI_DROP,
13.8568,11,STA,WIFI_DROP,
13.8592,11,STA,WIFI_DROP,
13.8616,11,STA,WIFI_DROP,
13.864,11,STA,WIFI_DROP,
13.8664,11,STA,WIFI_DROP,
13.8688,11,STA,WIFI_DROP,
13.8712,11,STA,WIFI_DROP,
13.8736,11,STA,WIFI_DROP,
13.876,11,STA,WIFI_DROP,
13.8784,11,STA,WIFI_DROP,
13.8808,11,STA,WIFI_DROP,
13.8832,11,STA,WIFI_DROP,
13.8856,11,STA,WIFI_DROP,
13.888,11,STA,WIFI_DROP,
13.8904,11,STA,WIFI_DROP,
13.8928,11,STA,WIFI_DROP,
13.8952,11,STA,WIFI_DROP,
13.8976,11,STA,WIFI_DROP,
13.9,11,STA,WIFI_DROP,
13.9024,11,STA,WIFI_DROP,
13.9048,11,STA,WIFI_DROP,
13.9072,11,STA,WIFI_DROP,
13.9096,11,STA,WIFI_DROP,
13.912,11,STA,WIFI_DROP,
13.9144,11,STA,WIFI_DROP,
13.9168,11,STA,WIFI_DROP,
13.9192,11,STA,WIFI_DROP,
13.9216,11,STA,WIFI_DROP,
13.924,11,STA,WIFI_DROP,
13.9264,11,STA,WIFI_DROP,
13.9288,11,STA,WIFI_DROP,
13.9312,11,STA,WIFI_DROP,
13.9336,11,STA,WIFI_DROP,
13.936,11,STA,WIFI_DROP,
13.9384,11,STA,WIFI_DROP,
13.9408,11,STA,WIFI_DROP,
13.9432,11,STA,WIFI_DROP,
13.9456,11,STA,WIFI_DROP,
13.948,11,STA,WIFI_DROP,
13.9504,11,STA,WIFI_DROP,
13.9528,11,STA,WIFI_DROP,
13.9552,11,STA,WIFI_DROP,
13.9576,11,STA,WIFI_DROP,
13.96,11,STA,WIFI_DROP,
13.9624,11,STA,WIFI_DROP,
13.9648,11,STA,WIFI_DROP,
13.9672,11,STA,WIFI_DROP,
13.9696,11,STA,WIFI_DROP,
13.972,11,STA,WIFI_DROP,
13.9744,11,STA,WIFI_DROP,
13.9768,11,STA,WIFI_DROP,
13.9792,11,STA,WIFI_DROP,
13.9816,11,STA,WIFI_DROP,
13.984,11,STA,WIFI_DROP,
13.9864,11,STA,WIFI_DROP,
13.9888,11,STA,WIFI_DROP,
13.9912,11,STA,WIFI_DROP,
13.9936,11,STA,WIFI_DROP,
13.9936,18,STA,WIFI_DROP,
13.996,11,STA,WIFI_DROP,
13.996,18,STA,WIFI_DROP,
13.9984,11,STA,WIFI_DROP,
13.9984,18,STA,WIFI_DROP,
14,2,STA,THROUGHPUT_MBPS,2.388000
14,3,STA,THROUGHPUT_MBPS,3.012000
14,4,STA,THROUGHPUT_MBPS,3.132000
14,5,STA,THROUGHPUT_MBPS,1.356000
14,8,STA,THROUGHPUT_MBPS,3.120000
14,9,STA,THROUGHPUT_MBPS,1.272000
14,10,STA,THROUGHPUT_MBPS,3.060000
14,11,STA,THROUGHPUT_MBPS,0.012000
14,12,STA,THROUGHPUT_MBPS,4.176000
14,14,STA,THROUGHPUT_MBPS,1.644000
14,15,STA,THROUGHPUT_MBPS,1.932000
14,16,STA,THROUGHPUT_MBPS,4.356000
14,17,STA,THROUGHPUT_MBPS,1.020000
14,18,STA,THROUGHPUT_MBPS,0.372000
14,20,STA,THROUGHPUT_MBPS,2.268000
14,1,AP,AGGREGATE_THROUGHPUT_MBPS,33.120000
14,1,AP,SENT_COUNT,8340.000000
14,1,AP,RECV_COUNT,2760.000000
14,1,AP,LATENCY_P95_MS,539.483228
14.0008,11,STA,WIFI_DROP,
14.0008,18,STA,WIFI_DROP,
14.0032,11,STA,WIFI_DROP,
14.0032,18,STA,WIFI_DROP,
14.0056,11,STA,WIFI_DROP,
14.0056,18,STA,WIFI_DROP,
14.008,11,STA,WIFI_DROP,
14.008,18,STA,WIFI_DROP,
14.0104,11,STA,WIFI_DROP,
14.0104,18,STA,WIFI_DROP,
14.0128,11,STA,WIFI_DROP,
14.0128,18,STA,WIFI_DROP,
14.0152,11,STA,WIFI_DROP,
14.0152,18,STA,WIFI_DROP,
14.0176,11,STA,WIFI_DROP,
14.0176,18,STA,WIFI_DROP,
14.02,11,STA,WIFI_DROP,
14.02,18,STA,WIFI_DROP,
14.0224,11,STA,WIFI_DROP,
14.0224,18,STA,WIFI_DROP,
14.0248,11,STA,WIFI_DROP,
14.0248,18,STA,WIFI_DROP,
14.0272,11,STA,WIFI_DROP,
14.0272,18,STA,WIFI_DROP,
14.0296,11,STA,WIFI_DROP,
14.0296,18,STA,WIFI_DROP,
14.032,11,STA,WIFI_DROP,
14.032,18,STA,WIFI_DROP,
14.0344,11,STA,WIFI_DROP,
14.0344,18,STA,WIFI_DROP,
14.0368,11,STA,WIFI_DROP,
14.0368,18,STA,WIFI_DROP,
14.0392,11,STA,WIFI_DROP,
14.0392,18,STA,WIFI_DROP,
14.0416,11,STA,WIFI_DROP,
14.0416,18,STA,WIFI_DROP,
14.044,11,STA,WIFI_DROP,
14.044,18,STA,WIFI_DROP,
14.0464,11,STA,WIFI_DROP,
14.0464,18,STA,WIFI_DROP,
14.0488,11,STA,WIFI_DROP,
14.0488,18,STA,WIFI_DROP,
14.0512,11,STA,WIFI_DROP,
14.0512,18,STA,WIFI_DROP,
14.0536,11,STA,WIFI_DROP,
14.0536,18,STA,WIFI_DROP,
14.056,11,STA,WIFI_DROP,
14.056,18,STA,WIFI_DROP,
14.0584,11,STA,WIFI_DROP,
14.0584,18,STA,WIFI_DROP,
14.0608,11,STA,WIFI_DROP,
14.0608,18,STA,WIFI_DROP,
14.0632,11,STA,WIFI_DROP,
14.0632,18,STA,WIFI_DROP,
14.0656,11,STA,WIFI_DROP,
14.0656,18,STA,WIFI_DROP,
14.068,11,STA,WIFI_DROP,
14.068,18,STA,WIFI_DROP,
14.0704,11,STA,WIFI_DROP,
14.0704,18,STA,WIFI_DROP,
14.0728,11,STA,WIFI_DROP,
14.0728,18,STA,WIFI_DROP,
14.0752,11,STA,WIFI_DROP,
14.0752,18,STA,WIFI_DROP,
14.0776,11,STA,WIFI_DROP,
14.0776,18,STA,WIFI_DROP,
14.08,11,STA,WIFI_DROP,
14.08,18,STA,WIFI_DROP,
14.0824,11,STA,WIFI_DROP,
14.0824,18,STA,WIFI_DROP,
14.0848,11,STA,WIFI_DROP,
14.0848,18,STA,WIFI_DROP,
14.0872,11,STA,WIFI_DROP,
14.0872,18,STA,WIFI_DROP,
14.0896,11,STA,WIFI_DROP,
14.0896,18,STA,WIFI_DROP,
14.092,11,STA,WIFI_DROP,
14.092,18,STA,WIFI_DROP,
14.0944,11,STA,WIFI_DROP,
14.0944,18,STA,WIFI_DROP,
14.0968,11,STA,WIFI_DROP,
14.0992,11,STA,WIFI_DROP,
14.1016,11,STA,WIFI_DROP,
14.104,11,STA,WIFI_DROP,
14.1064,11,STA,WIFI_DROP,
14.1088,11,STA,WIFI_DROP,
14.1112,11,STA,WIFI_DROP,
14.1136,11,STA,WIFI_DROP,
14.116,11,STA,WIFI_DROP,
14.1184,11,STA,WIFI_DROP,
14.1208,11,STA,WIFI_DROP,
14.1232,11,STA,WIFI_DROP,
14.1256,11,STA,WIFI_DROP,
14.128,11,STA,WIFI_DROP,
14.1304,11,STA,WIFI_DROP,
14.1328,11,STA,WIFI_DROP,
14.1352,11,STA,WIFI_DROP,
14.1376,11,STA,WIFI_DROP,
14.14,11,STA,WIFI_DROP,
14.1424,11,STA,WIFI_DROP,
14.1448,11,STA,WIFI_DROP,
14.1472,11,STA,WIFI_DROP,
14.1496,11,STA,WIFI_DROP,
14.152,11,STA,WIFI_DROP,
14.1544,11,STA,WIFI_DROP,
14.1568,11,STA,WIFI_DROP,
14.1592,11,STA,WIFI_DROP,
14.1616,11,STA,WIFI_DROP,
14.164,11,STA,WIFI_DROP,
14.1664,11,STA,WIFI_DROP,
14.1688,11,STA,WIFI_DROP,
14.1712,11,STA,WIFI_DROP,
14.1736,11,STA,WIFI_DROP,
14.176,11,STA,WIFI_DROP,
14.1784,11,STA,WIFI_DROP,
14.1808,11,STA,WIFI_DROP,
14.1832,11,STA,WIFI_DROP,
14.1856,11,STA,WIFI_DROP,
14.188,11,STA,WIFI_DROP,
14.1904,11,STA,WIFI_DROP,
14.1928,11,STA,WIFI_DROP,
14.1952,11,STA,WIFI_DROP,
14.1976,11,STA,WIFI_DROP,
14.2,11,STA,WIFI_DROP,
14.2024,11,STA,WIFI_DROP,
14.2048,11,STA,WIFI_DROP,
14.2072,11,STA,WIFI_DROP,
14.2096,11,STA,WIFI_DROP,
14.212,11,STA,WIFI_DROP,
14.2144,11,STA,WIFI_DROP,
14.2168,11,STA,WIFI_DROP,
14.2192,11,STA,WIFI_DROP,
14.2216,11,STA,WIFI_DROP,
14.224,11,STA,WIFI_DROP,
14.2264,11,STA,WIFI_DROP,
14.2288,11,STA,WIFI_DROP,
14.2312,11,STA,WIFI_DROP,
14.2336,11,STA,WIFI_DROP,
14.236,11,STA,WIFI_DROP,
14.2384,11,STA,WIFI_DROP,
14.2408,11,STA,WIFI_DROP,
14.2432,11,STA,WIFI_DROP,
14.2456,11,STA,WIFI_DROP,
14.248,11,STA,WIFI_DROP,
14.2504,11,STA,WIFI_DROP,
14.2528,11,STA,WIFI_DROP,
14.2552,11,STA,WIFI_DROP,
14.2576,11,STA,WIFI_DROP,
14.26,11,STA,WIFI_DROP,
14.2624,11,STA,WIFI_DROP,
14.2648,11,STA,WIFI_DROP,
14.2672,11,STA,WIFI_DROP,
14.2696,11,STA,WIFI_DROP,
14.272,11,STA,WIFI_DROP,
14.2744,11,STA,WIFI_DROP,
14.2768,11,STA,WIFI_DROP,
14.2792,11,STA,WIFI_DROP,
14.2816,11,STA,WIFI_DROP,
14.284,11,STA,WIFI_DROP,
14.2864,11,STA,WIFI_DROP,
14.2888,11,STA,WIFI_DROP,
14.2912,11,STA,WIFI_DROP,
14.2936,11,STA,WIFI_DROP,
14.296,11,STA,WIFI_DROP,
14.2984,11,STA,WIFI_DROP,
14.3008,11,STA,WIFI_DROP,
14.3032,11,STA,WIFI_DROP,
14.3056,11,STA,WIFI_DROP,
14.308,11,STA,WIFI_DROP,
14.3104,11,STA,WIFI_DROP,
14.3128,11,STA,WIFI_DROP,
14.3152,11,STA,WIFI_DROP,
14.3176,11,STA,WIFI_DROP,
14.32,11,STA,WIFI_DROP,
14.3224,11,STA,WIFI_DROP,
14.3248,11,STA,WIFI_DROP,
14.3272,11,STA,WIFI_DROP,
14.3296,11,STA,WIFI_DROP,
14.332,11,STA,WIFI_DROP,
14.3344,11,STA,WIFI_DROP,
14.3368,11,STA,WIFI_DROP,
14.3392,11,STA,WIFI_DROP,
14.3416,11,STA,WIFI_DROP,
14.344,11,STA,WIFI_DROP,
14.3464,11,STA,WIFI_DROP,
14.3488,11,STA,WIFI_DROP,
14.3512,11,STA,WIFI_DROP,
14.3536,11,STA,WIFI_DROP,
14.356,11,STA,WIFI_DROP,
14.3584,11,STA,WIFI_DROP,
14.3608,11,STA,WIFI_DROP,
14.3632,11,STA,WIFI_DROP,
14.3656,11,STA,WIFI_DROP,
14.368,11,STA,WIFI_DROP,
14.3704,11,STA,WIFI_DROP,
14.3728,11,STA,WIFI_DROP,
14.3752,11,STA,WIFI_DROP,
14.3776,11,STA,WIFI_DROP,
14.38,11,STA,WIFI_DROP,
14.3824,11,STA,WIFI_DROP,
14.3848,11,STA,WIFI_DROP,
14.3872,11,STA,WIFI_DROP,
14.3896,11,STA,WIFI_DROP,
14.392,11,STA,WIFI_DROP,
14.3944,11,STA,WIFI_DROP,
14.3968,11,STA,WIFI_DROP,
14.3992,11,STA,WIFI_DROP,
14.4016,11,STA,WIFI_DROP,
14.8144,5,STA,WIFI_DROP,
14.8144,13,STA,WIFI_DROP,
14.8168,5,STA,WIFI_DROP,
14.8168,13,STA,WIFI_DROP,
14.8192,5,STA,WIFI_DROP,
14.8192,13,STA,WIFI_DROP,
14.8216,5,STA,WIFI_DROP,
14.8216,13,STA,WIFI_DROP,
14.824,5,STA,WIFI_DROP,
14.824,13,STA,WIFI_DROP,
14.8264,5,STA,WIFI_DROP,
14.8264,13,STA,WIFI_DROP,
14.8288,5,STA,WIFI_DROP,
14.8288,13,STA,WIFI_DROP,
14.8312,5,STA,WIFI_DROP,
14.8312,13,STA,WIFI_DROP,
14.8336,5,STA,WIFI_DROP,
14.8336,13,STA,WIFI_DROP,
14.836,5,STA,WIFI_DROP,
14.836,13,STA,WIFI_DROP,
14.8384,5,STA,WIFI_DROP,
14.8384,13,STA,WIFI_DROP,
14.8408,5,STA,WIFI_DROP,
14.8408,13,STA,WIFI_DROP,
14.8432,5,STA,WIFI_DROP,
14.8432,13,STA,WIFI_DROP,
14.8456,5,STA,WIFI_DROP,
14.8456,13,STA,WIFI_DROP,
14.848,5,STA,WIFI_DROP,
14.848,13,STA,WIFI_DROP,
14.8504,5,STA,WIFI_DROP,
14.8504,13,STA,WIFI_DROP,
14.8528,5,STA,WIFI_DROP,
14.8528,13,STA,WIFI_DROP,
14.8552,5,STA,WIFI_DROP,
14.8552,13,STA,WIFI_DROP,
14.8576,5,STA,WIFI_DROP,
14.8576,13,STA,WIFI_DROP,
14.86,5,STA,WIFI_DROP,
14.86,13,STA,WIFI_DROP,
14.8624,5,STA,WIFI_DROP,
14.8624,13,STA,WIFI_DROP,
14.8648,5,STA,WIFI_DROP,
14.8648,13,STA,WIFI_DROP,
14.8672,5,STA,WIFI_DROP,
14.8672,13,STA,WIFI_DROP,
14.8696,5,STA,WIFI_DROP,
14.8696,13,STA,WIFI_DROP,
14.872,5,STA,WIFI_DROP,
14.872,13,STA,WIFI_DROP,
14.8744,5,STA,WIFI_DROP,
14.8744,13,STA,WIFI_DROP,
14.8768,5,STA,WIFI_DROP,
14.8768,13,STA,WIFI_DROP,
14.8792,5,STA,WIFI_DROP,
14.8792,13,STA,WIFI_DROP,
14.8816,5,STA,WIFI_DROP,
14.8816,13,STA,WIFI_DROP,
14.884,5,STA,WIFI_DROP,
14.884,13,STA,WIFI_DROP,
14.8864,5,STA,WIFI_DROP,
14.8864,13,STA,WIFI_DROP,
14.8888,5,STA,WIFI_DROP,
14.8888,13,STA,WIFI_DROP,
14.8912,5,STA,WIFI_DROP,
14.8912,13,STA,WIFI_DROP,
14.8936,5,STA,WIFI_DROP,
14.8936,13,STA,WIFI_DROP,
14.896,5,STA,WIFI_DROP,
14.896,13,STA,WIFI_DROP,
14.8984,5,STA,WIFI_DROP,
14.8984,13,STA,WIFI_DROP,
14.9008,5,STA,WIFI_DROP,
14.9008,13,STA,WIFI_DROP,
14.9032,5,STA,WIFI_DROP,
14.9032,13,STA,WIFI_DROP,
14.9056,5,STA,WIFI_DROP,
14.9056,13,STA,WIFI_DROP,
14.908,5,STA,WIFI_DROP,
14.908,13,STA,WIFI_DROP,
14.9104,5,STA,WIFI_DROP,
14.9104,13,STA,WIFI_DROP,
14.9128,5,STA,WIFI_DROP,
14.9128,13,STA,WIFI_DROP,
14.9152,5,STA,WIFI_DROP,
14.9152,13,STA,WIFI_DROP,
14.9176,5,STA,WIFI_DROP,
14.9176,13,STA,WIFI_DROP,
14.92,5,STA,WIFI_DROP,
14.92,13,STA,WIFI_DROP,
14.9224,5,STA,WIFI_DROP,
14.9224,13,STA,WIFI_DROP,
14.9248,5,STA,WIFI_DROP,
14.9248,13,STA,WIFI_DROP,
14.9272,5,STA,WIFI_DROP,
14.9272,13,STA,WIFI_DROP,
14.9296,5,STA,WIFI_DROP,
14.9296,13,STA,WIFI_DROP,
14.932,5,STA,WIFI_DROP,
14.932,13,STA,WIFI_DROP,
14.9344,5,STA,WIFI_DROP,
14.9344,13,STA,WIFI_DROP,
14.9368,5,STA,WIFI_DROP,
14.9368,13,STA,WIFI_DROP,
14.9392,5,STA,WIFI_DROP,
14.9392,13,STA,WIFI_DROP,
14.9416,5,STA,WIFI_DROP,
14.9416,13,STA,WIFI_DROP,
14.944,5,STA,WIFI_DROP,
14.944,13,STA,WIFI_DROP,
14.9464,5,STA,WIFI_DROP,
14.9464,13,STA,WIFI_DROP,
14.9488,5,STA,WIFI_DROP,
14.9488,13,STA,WIFI_DROP,
14.9512,5,STA,WIFI_DROP,
14.9512,13,STA,WIFI_DROP,
14.9536,5,STA,WIFI_DROP,
14.9536,13,STA,WIFI_DROP,
14.956,5,STA,WIFI_DROP,
14.956,13,STA,WIFI_DROP,
14.9584,5,STA,WIFI_DROP,
14.9584,13,STA,WIFI_DROP,
14.9608,5,STA,WIFI_DROP,
14.9608,13,STA,WIFI_DROP,
14.9632,5,STA,WIFI_DROP,
14.9632,13,STA,WIFI_DROP,
14.9656,5,STA,WIFI_DROP,
14.9656,13,STA,WIFI_DROP,
14.968,13,STA,WIFI_DROP,
14.9704,13,STA,WIFI_DROP,
14.9728,13,STA,WIFI_DROP,
14.9752,13,STA,WIFI_DROP,
14.9776,13,STA,WIFI_DROP,
14.98,13,STA,WIFI_DROP,
14.9824,13,STA,WIFI_DROP,
14.9848,13,STA,WIFI_DROP,
14.9872,13,STA,WIFI_DROP,
14.9896,13,STA,WIFI_DROP,
14.992,13,STA,WIFI_DROP,
14.9944,13,STA,WIFI_DROP,
14.9968,13,STA,WIFI_DROP,
14.9992,13,STA,WIFI_DROP,
15,2,STA,THROUGHPUT_MBPS,2.184000
15,3,STA,THROUGHPUT_MBPS,4.296000
15,4,STA,THROUGHPUT_MBPS,3.396000
15,5,STA,THROUGHPUT_MBPS,0.732000
15,8,STA,THROUGHPUT_MBPS,1.800000
15,9,STA,THROUGHPUT_MBPS,2.640000
15,10,STA,THROUGHPUT_MBPS,3.540000
15,11,STA,THROUGHPUT_MBPS,0.384000
15,12,STA,THROUGHPUT_MBPS,0.240000
15,14,STA,THROUGHPUT_MBPS,0.876000
15,15,STA,THROUGHPUT_MBPS,4.032000
15,16,STA,THROUGHPUT_MBPS,1.176000
15,17,STA,THROUGHPUT_MBPS,1.764000
15,20,STA,THROUGHPUT_MBPS,3.624000
15,1,AP,AGGREGATE_THROUGHPUT_MBPS,30.684000
15,1,AP,SENT_COUNT,8340.000000
15,1,AP,RECV_COUNT,2557.000000
15,1,AP,LATENCY_P95_MS,545.321273
15.0016,13,STA,WIFI_DROP,
15.004,13,STA,WIFI_DROP,
15.0064,13,STA,WIFI_DROP,
15.0088,13,STA,WIFI_DROP,
15.0112,13,STA,WIFI_DROP,
15.0136,13,STA,WIFI_DROP,
15.016,13,STA,WIFI_DROP,
15.0184,13,STA,WIFI_DROP,
15.0208,13,STA,WIFI_DROP,
15.0232,13,STA,WIFI_DROP,
15.0256,13,STA,WIFI_DROP,
15.028,13,STA,WIFI_DROP,
15.0304,13,STA,WIFI_DROP,
15.0328,13,STA,WIFI_DROP,
15.0352,13,STA,WIFI_DROP,
15.0376,13,STA,WIFI_DROP,
15.04,13,STA,WIFI_DROP,
15.0424,13,STA,WIFI_DROP,
15.0448,13,STA,WIFI_DROP,
15.0472,13,STA,WIFI_DROP,
15.0496,13,STA,WIFI_DROP,
15.052,13,STA,WIFI_DROP,
15.0544,13,STA,WIFI_DROP,
15.0568,13,STA,WIFI_DROP,
15.0592,13,STA,WIFI_DROP,
15.0616,13,STA,WIFI_DROP,
15.064,13,STA,WIFI_DROP,
15.0664,13,STA,WIFI_DROP,
15.0688,13,STA,WIFI_DROP,
15.0712,13,STA,WIFI_DROP,
15.0736,13,STA,WIFI_DROP,
15.076,13,STA,WIFI_DROP,
15.0784,13,STA,WIFI_DROP,
15.0808,13,STA,WIFI_DROP,
15.0832,13,STA,WIFI_DROP,
15.0856,13,STA,WIFI_DROP,
15.088,13,STA,WIFI_DROP,
15.0904,13,STA,WIFI_DROP,
15.0928,13,STA,WIFI_DROP,
15.0952,13,STA,WIFI_DROP,
15.0976,13,STA,WIFI_DROP,
15.1,13,STA,WIFI_DROP,
15.1024,13,STA,WIFI_DROP,
15.1048,13,STA,WIFI_DROP,
15.1072,13,STA,WIFI_DROP,
15.1096,13,STA,WIFI_DROP,
15.112,13,STA,WIFI_DROP,
15.1144,13,STA,WIFI_DROP,
15.1168,13,STA,WIFI_DROP,
15.1192,13,STA,WIFI_DROP,
15.1216,2,STA,WIFI_DROP,
15.1216,13,STA,WIFI_DROP,
15.124,2,STA,WIFI_DROP,
15.124,13,STA,WIFI_DROP,
15.1264,2,STA,WIFI_DROP,
15.1264,13,STA,WIFI_DROP,
15.1288,2,STA,WIFI_DROP,
15.1288,13,STA,WIFI_DROP,
15.1312,2,STA,WIFI_DROP,
15.1312,13,STA,WIFI_DROP,
15.1336,2,STA,WIFI_DROP,
15.1336,13,STA,WIFI_DROP,
15.136,2,STA,WIFI_DROP,
15.136,13,STA,WIFI_DROP,
15.1384,2,STA,WIFI_DROP,
15.1384,13,STA,WIFI_DROP,
15.1408,2,STA,WIFI_DROP,
15.1408,13,STA,WIFI_DROP,
15.1432,2,STA,WIFI_DROP,
15.1432,13,STA,WIFI_DROP,
15.1456,2,STA,WIFI_DROP,
15.1456,13,STA,WIFI_DROP,
15.148,2,STA,WIFI_DROP,
15.148,13,STA,WIFI_DROP,
15.1504,2,STA,WIFI_DROP,
15.1504,13,STA,WIFI_DROP,
15.1528,2,STA,WIFI_DROP,
15.1528,13,STA,WIFI_DROP,
15.1552,2,STA,WIFI_DROP,
15.1552,13,STA,WIFI_DROP,
15.1576,2,STA,WIFI_DROP,
15.1576,13,STA,WIFI_DROP,
15.16,2,STA,WIFI_DROP,
15.16,13,STA,WIFI_DROP,
15.1624,2,STA,WIFI_DROP,
15.1624,13,STA,WIFI_DROP,
15.1648,2,STA,WIFI_DROP,
15.1648,13,STA,WIFI_DROP,
15.1672,2,STA,WIFI_DROP,
15.1672,13,STA,WIFI_DROP,
15.1696,2,STA,WIFI_DROP,
15.1696,13,STA,WIFI_DROP,
15.172,2,STA,WIFI_DROP,
15.172,13,STA,WIFI_DROP,
15.1744,2,STA,WIFI_DROP,
15.1744,13,STA,WIFI_DROP,
15.1768,2,STA,WIFI_DROP,
15.1768,13,STA,WIFI_DROP,
15.1792,2,STA,WIFI_DROP,
15.1792,13,STA,WIFI_DROP,
15.1816,2,STA,WIFI_DROP,
15.1816,13,STA,WIFI_DROP,
15.184,2,STA,WIFI_DROP,
15.184,13,STA,WIFI_DROP,
15.1864,2,STA,WIFI_DROP,
15.1864,13,STA,WIFI_DROP,
15.1888,2,STA,WIFI_DROP,
15.1888,13,STA,WIFI_DROP,
15.1912,2,STA,WIFI_DROP,
15.1912,13,STA,WIFI_DROP,
15.1936,2,STA,WIFI_DROP,
15.1936,13,STA,WIFI_DROP,
15.196,2,STA,WIFI_DROP,
15.196,13,STA,WIFI_DROP,
15.1984,2,STA,WIFI_DROP,
15.1984,13,STA,WIFI_DROP,
15.2008,2,STA,WIFI_DROP,
15.2008,13,STA,WIFI_DROP,
15.2032,2,STA,WIFI_DROP,
15.2032,13,STA,WIFI_DROP,
15.2056,2,STA,WIFI_DROP,
15.2056,13,STA,WIFI_DROP,
15.208,2,STA,WIFI_DROP,
15.208,13,STA,WIFI_DROP,
15.2104,2,STA,WIFI_DROP,
15.2104,13,STA,WIFI_DROP,
15.2128,2,STA,WIFI_DROP,
15.2128,13,STA,WIFI_DROP,
15.2152,2,STA,WIFI_DROP,
15.2152,13,STA,WIFI_DROP,
15.2176,2,STA,WIFI_DROP,
15.2176,13,STA,WIFI_DROP,
15.22,2,STA,WIFI_DROP,
15.22,13,STA,WIFI_DROP,
15.2224,2,STA,WIFI_DROP,
15.2224,13,STA,WIFI_DROP,
15.2248,2,STA,WIFI_DROP,
15.2248,13,STA,WIFI_DROP,
15.2272,2,STA,WIFI_DROP,
15.2272,13,STA,WIFI_DROP,
15.2296,2,STA,WIFI_DROP,
15.2296,13,STA,WIFI_DROP,
15.232,2,STA,WIFI_DROP,
15.232,13,STA,WIFI_DROP,
15.2344,2,STA,WIFI_DROP,
15.2344,13,STA,WIFI_DROP,
15.2368,2,STA,WIFI_DROP,
15.2368,13,STA,WIFI_DROP,
15.2392,2,STA,WIFI_DROP,
15.2392,13,STA,WIFI_DROP,
15.2416,2,STA,WIFI_DROP,
15.2416,13,STA,WIFI_DROP,
15.244,2,STA,WIFI_DROP,
15.244,13,STA,WIFI_DROP,
15.2464,2,STA,WIFI_DROP,
15.2464,13,STA,WIFI_DROP,
15.2488,2,STA,WIFI_DROP,
15.2488,13,STA,WIFI_DROP,
15.2512,2,STA,WIFI_DROP,
15.2512,13,STA,WIFI_DROP,
15.2536,2,STA,WIFI_DROP,
15.2536,13,STA,WIFI_DROP,
15.256,2,STA,WIFI_DROP,
15.256,13,STA,WIFI_DROP,
15.2584,2,STA,WIFI_DROP,
15.2584,13,STA,WIFI_DROP,
15.2608,2,STA,WIFI_DROP,
15.2608,13,STA,WIFI_DROP,
15.2632,2,STA,WIFI_DROP,
15.2632,13,STA,WIFI_DROP,
15.2656,2,STA,WIFI_DROP,
15.2656,13,STA,WIFI_DROP,
15.268,2,STA,WIFI_DROP,
15.268,13,STA,WIFI_DROP,
15.2704,2,STA,WIFI_DROP,
15.2704,13,STA,WIFI_DROP,
15.2728,2,STA,WIFI_DROP,
15.2728,13,STA,WIFI_DROP,
15.2752,13,STA,WIFI_DROP,
15.2776,13,STA,WIFI_DROP,
15.28,13,STA,WIFI_DROP,
15.2824,13,STA,WIFI_DROP,
15.2848,13,STA,WIFI_DROP,
15.2872,13,STA,WIFI_DROP,
15.2896,13,STA,WIFI_DROP,
15.292,13,STA,WIFI_DROP,
15.2944,13,STA,WIFI_DROP,
15.2968,13,STA,WIFI_DROP,
15.2992,13,STA,WIFI_DROP,
15.3016,13,STA,WIFI_DROP,
15.304,13,STA,WIFI_DROP,
15.3064,13,STA,WIFI_DROP,
15.3088,13,STA,WIFI_DROP,
15.3112,13,STA,WIFI_DROP,
15.3136,13,STA,WIFI_DROP,
15.316,13,STA,WIFI_DROP,
15.3184,13,STA,WIFI_DROP,
15.3208,13,STA,WIFI_DROP,
15.3232,13,STA,WIFI_DROP,
15.3256,13,STA,WIFI_DROP,
15.328,4,STA,WIFI_DROP,
15.328,13,STA,WIFI_DROP,
15.3304,4,STA,WIFI_DROP,
15.3304,13,STA,WIFI_DROP,
15.3328,4,STA,WIFI_DROP,
15.3328,13,STA,WIFI_DROP,
15.3352,4,STA,WIFI_DROP,
15.3352,13,STA,WIFI_DROP,
15.3376,4,STA,WIFI_DROP,
15.3376,13,STA,WIFI_DROP,
15.34,4,STA,WIFI_DROP,
15.34,13,STA,WIFI_DROP,
15.3424,4,STA,WIFI_DROP,
15.3424,13,STA,WIFI_DROP,
15.3448,4,STA,WIFI_DROP,
15.3448,13,STA,WIFI_DROP,
15.3472,4,STA,WIFI_DROP,
15.3472,13,STA,WIFI_DROP,
15.3496,4,STA,WIFI_DROP,
15.3496,13,STA,WIFI_DROP,
15.352,4,STA,WIFI_DROP,
15.352,13,STA,WIFI_DROP,
15.3544,4,STA,WIFI_DROP,
15.3544,13,STA,WIFI_DROP,
15.3568,4,STA,WIFI_DROP,
15.3568,13,STA,WIFI_DROP,
15.3592,4,STA,WIFI_DROP,
15.3592,13,STA,WIFI_DROP,
15.3616,4,STA,WIFI_DROP,
15.3616,13,STA,WIFI_DROP,
15.364,4,STA,WIFI_DROP,
15.364,13,STA,WIFI_DROP,
15.3664,4,STA,WIFI_DROP,
15.3664,13,STA,WIFI_DROP,
15.3688,4,STA,WIFI_DROP,
15.3688,13,STA,WIFI_DROP,
15.3712,4,STA,WIFI_DROP,
15.3712,13,STA,WIFI_DROP,
15.3736,4,STA,WIFI_DROP,
15.3736,13,STA,WIFI_DROP,
15.376,4,STA,WIFI_DROP,
15.376,13,STA,WIFI_DROP,
15.3784,4,STA,WIFI_DROP,
15.3784,13,STA,WIFI_DROP,
15.3808,13,STA,WIFI_DROP,
15.3832,13,STA,WIFI_DROP,
15.3856,13,STA,WIFI_DROP,
15.388,13,STA,WIFI_DROP,
15.3904,13,STA,WIFI_DROP,
15.3928,13,STA,WIFI_DROP,
15.3952,13,STA,WIFI_DROP,
15.3976,13,STA,WIFI_DROP,
15.4,13,STA,WIFI_DROP,
15.4024,13,STA,WIFI_DROP,
15.4048,13,STA,WIFI_DROP,
15.4072,13,STA,WIFI_DROP,
15.4096,13,STA,WIFI_DROP,
15.412,13,STA,WIFI_DROP,
15.4144,13,STA,WIFI_DROP,
15.4168,13,STA,WIFI_DROP,
15.4192,13,STA,WIFI_DROP,
15.4216,13,STA,WIFI_DROP,
15.424,13,STA,WIFI_DROP,
15.4264,13,STA,WIFI_DROP,
15.4288,12,STA,WIFI_DROP,
15.4288,13,STA,WIFI_DROP,
15.4288,20,STA,WIFI_DROP,
15.4312,12,STA,WIFI_DROP,
15.4312,13,STA,WIFI_DROP,
15.4312,20,STA,WIFI_DROP,
15.4336,12,STA,WIFI_DROP,
15.4336,13,STA,WIFI_DROP,
15.4336,20,STA,WIFI_DROP,
15.436,12,STA,WIFI_DROP,
15.436,13,STA,WIFI_DROP,
15.436,20,STA,WIFI_DROP,
15.4384,12,STA,WIFI_DROP,
15.4384,13,STA,WIFI_DROP,
15.4384,20,STA,WIFI_DROP,
15.4408,12,STA,WIFI_DROP,
15.4408,13,STA,WIFI_DROP,
15.4408,20,STA,WIFI_DROP,
15.4432,12,STA,WIFI_DROP,
15.4432,13,STA,WIFI_DROP,
15.4432,20,STA,WIFI_DROP,
15.4456,12,STA,WIFI_DROP,
15.4456,13,STA,WIFI_DROP,
15.4456,20,STA,WIFI_DROP,
15.448,12,STA,WIFI_DROP,
15.448,13,STA,WIFI_DROP,
15.448,20,STA,WIFI_DROP,
15.4504,12,STA,WIFI_DROP,
15.4504,13,STA,WIFI_DROP,
15.4504,20,STA,WIFI_DROP,
15.4528,12,STA,WIFI_DROP,
15.4528,13,STA,WIFI_DROP,
15.4528,20,STA,WIFI_DROP,
15.4552,12,STA,WIFI_DROP,
15.4552,13,STA,WIFI_DROP,
15.4552,20,STA,WIFI_DROP,
15.4576,12,STA,WIFI_DROP,
15.4576,13,STA,WIFI_DROP,
15.4576,20,STA,WIFI_DROP,
15.46,12,STA,WIFI_DROP,
15.46,13,STA,WIFI_DROP,
15.46,20,STA,WIFI_DROP,
15.4624,12,STA,WIFI_DROP,
15.4624,13,STA,WIFI_DROP,
15.4624,20,STA,WIFI_DROP,
15.4648,12,STA,WIFI_DROP,
15.4648,13,STA,WIFI_DROP,
15.4648,20,STA,WIFI_DROP,
15.4672,12,STA,WIFI_DROP,
15.4672,13,STA,WIFI_DROP,
15.4672,20,STA,WIFI_DROP,
15.4696,12,STA,WIFI_DROP,
15.4696,13,STA,WIFI_DROP,
15.4696,20,STA,WIFI_DROP,
15.472,12,STA,WIFI_DROP,
15.472,13,STA,WIFI_DROP,
15.472,20,STA,WIFI_DROP,
15.4744,12,STA,WIFI_DROP,
15.4744,13,STA,WIFI_DROP,
15.4744,20,STA,WIFI_DROP,
15.4768,12,STA,WIFI_DROP,
15.4768,13,STA,WIFI_DROP,
15.4768,20,STA,WIFI_DROP,
15.4792,12,STA,WIFI_DROP,
15.4792,13,STA,WIFI_DROP,
15.4792,20,STA,WIFI_DROP,
15.4816,13,STA,WIFI_DROP,
15.4816,20,STA,WIFI_DROP,
15.484,13,STA,WIFI_DROP,
15.484,20,STA,WIFI_DROP,
15.4864,13,STA,WIFI_DROP,
15.4864,20,STA,WIFI_DROP,
15.4888,13,STA,WIFI_DROP,
15.4888,20,STA,WIFI_DROP,
15.4912,13,STA,WIFI_DROP,
15.4912,20,STA,WIFI_DROP,
15.4936,13,STA,WIFI_DROP,
15.4936,20,STA,WIFI_DROP,
15.496,13,STA,WIFI_DROP,
15.496,20,STA,WIFI_DROP,
15.4984,13,STA,WIFI_DROP,
15.4984,20,STA,WIFI_DROP,
15.5008,13,STA,WIFI_DROP,
15.5008,20,STA,WIFI_DROP,
15.5032,13,STA,WIFI_DROP,
15.5032,20,STA,WIFI_DROP,
15.5056,13,STA,WIFI_DROP,
15.5056,20,STA,WIFI_DROP,
15.508,13,STA,WIFI_DROP,
15.508,20,STA,WIFI_DROP,
15.5104,13,STA,WIFI_DROP,
15.5104,20,STA,WIFI_DROP,
15.5128,13,STA,WIFI_DROP,
15.5128,20,STA,WIFI_DROP,
15.5152,13,STA,WIFI_DROP,
15.5152,20,STA,WIFI_DROP,
15.5176,13,STA,WIFI_DROP,
15.5176,20,STA,WIFI_DROP,
15.52,13,STA,WIFI_DROP,
15.52,20,STA,WIFI_DROP,
15.5224,13,STA,WIFI_DROP,
15.5224,20,STA,WIFI_DROP,
15.5248,13,STA,WIFI_DROP,
15.5248,20,STA,WIFI_DROP,
15.5272,13,STA,WIFI_DROP,
15.5272,20,STA,WIFI_DROP,
15.5296,13,STA,WIFI_DROP,
15.5296,20,STA,WIFI_DROP,
15.532,13,STA,WIFI_DROP,
15.532,20,STA,WIFI_DROP,
15.5344,13,STA,WIFI_DROP,
15.5344,20,STA,WIFI_DROP,
15.5368,13,STA,WIFI_DROP,
15.5368,20,STA,WIFI_DROP,
15.5392,13,STA,WIFI_DROP,
15.5392,20,STA,WIFI_DROP,
15.5416,13,STA,WIFI_DROP,
15.5416,20,STA,WIFI_DROP,
15.544,13,STA,WIFI_DROP,
15.544,20,STA,WIFI_DROP,
15.5464,13,STA,WIFI_DROP,
15.5464,20,STA,WIFI_DROP,
15.5488,13,STA,WIFI_DROP,
15.5488,20,STA,WIFI_DROP,
15.5512,13,STA,WIFI_DROP,
15.5512,20,STA,WIFI_DROP,
15.5536,13,STA,WIFI_DROP,
15.5536,20,STA,WIFI_DROP,
15.556,13,STA,WIFI_DROP,
15.556,20,STA,WIFI_DROP,
15.5584,13,STA,WIFI_DROP,
15.5584,20,STA,WIFI_DROP,
15.5608,13,STA,WIFI_DROP,
15.5608,20,STA,WIFI_DROP,
15.5632,13,STA,WIFI_DROP,
15.5632,20,STA,WIFI_DROP,
15.5656,13,STA,WIFI_DROP,
15.5656,20,STA,WIFI_DROP,
15.568,13,STA,WIFI_DROP,
15.568,20,STA,WIFI_DROP,
15.5704,13,STA,WIFI_DROP,
15.5704,20,STA,WIFI_DROP,
15.5728,13,STA,WIFI_DROP,
15.5728,20,STA,WIFI_DROP,
15.5752,13,STA,WIFI_DROP,
15.5752,20,STA,WIFI_DROP,
15.5776,13,STA,WIFI_DROP,
15.5776,20,STA,WIFI_DROP,
15.58,13,STA,WIFI_DROP,
15.58,20,STA,WIFI_DROP,
15.5824,13,STA,WIFI_DROP,
15.5824,20,STA,WIFI_DROP,
15.5848,13,STA,WIFI_DROP,
15.5848,20,STA,WIFI_DROP,
15.5872,13,STA,WIFI_DROP,
15.5872,20,STA,WIFI_DROP,
15.5896,13,STA,WIFI_DROP,
15.5896,20,STA,WIFI_DROP,
15.592,13,STA,WIFI_DROP,
15.592,20,STA,WIFI_DROP,
15.5944,13,STA,WIFI_DROP,
15.5944,20,STA,WIFI_DROP,
15.5968,13,STA,WIFI_DROP,
15.5968,20,STA,WIFI_DROP,
15.5992,13,STA,WIFI_DROP,
15.5992,20,STA,WIFI_DROP,
15.6016,13,STA,WIFI_DROP,
15.6016,20,STA,WIFI_DROP,
15.604,13,STA,WIFI_DROP,
15.604,20,STA,WIFI_DROP,
15.6064,13,STA,WIFI_DROP,
15.6064,20,STA,WIFI_DROP,
15.6088,13,STA,WIFI_DROP,
15.6088,20,STA,WIFI_DROP,
15.6112,13,STA,WIFI_DROP,
15.6112,20,STA,WIFI_DROP,
15.6136,13,STA,WIFI_DROP,
15.6136,20,STA,WIFI_DROP,
15.616,13,STA,WIFI_DROP,
15.616,20,STA,WIFI_DROP,
15.6184,13,STA,WIFI_DROP,
15.6184,20,STA,WIFI_DROP,
15.6208,13,STA,WIFI_DROP,
15.6208,20,STA,WIFI_DROP,
15.6232,13,STA,WIFI_DROP,
15.6232,20,STA,WIFI_DROP,
15.6256,13,STA,WIFI_DROP,
15.6256,20,STA,WIFI_DROP,
15.628,13,STA,WIFI_DROP,
15.628,20,STA,WIFI_DROP,
15.6304,13,STA,WIFI_DROP,
15.6304,20,STA,WIFI_DROP,
15.6328,13,STA,WIFI_DROP,
15.6328,20,STA,WIFI_DROP,
15.6352,13,STA,WIFI_DROP,
15.6352,20,STA,WIFI_DROP,
15.6376,13,STA,WIFI_DROP,
15.6376,20,STA,WIFI_DROP,
15.64,13,STA,WIFI_DROP,
15.64,20,STA,WIFI_DROP,
15.6424,13,STA,WIFI_DROP,
15.6424,20,STA,WIFI_DROP,
15.6448,13,STA,WIFI_DROP,
15.6448,20,STA,WIFI_DROP,
15.6472,13,STA,WIFI_DROP,
15.6472,20,STA,WIFI_DROP,
15.6496,13,STA,WIFI_DROP,
15.6496,20,STA,WIFI_DROP,
15.652,13,STA,WIFI_DROP,
15.652,20,STA,WIFI_DROP,
15.6544,13,STA,WIFI_DROP,
15.6544,20,STA,WIFI_DROP,
15.6568,13,STA,WIFI_DROP,
15.6568,20,STA,WIFI_DROP,
15.6592,13,STA,WIFI_DROP,
15.6592,20,STA,WIFI_DROP,
15.6616,13,STA,WIFI_DROP,
15.6616,20,STA,WIFI_DROP,
15.664,13,STA,WIFI_DROP,
15.664,20,STA,WIFI_DROP,
15.6664,13,STA,WIFI_DROP,
15.6664,20,STA,WIFI_DROP,
15.6688,13,STA,WIFI_DROP,
15.6688,20,STA,WIFI_DROP,
15.6712,13,STA,WIFI_DROP,
15.6712,20,STA,WIFI_DROP,
15.6736,13,STA,WIFI_DROP,
15.6736,20,STA,WIFI_DROP,
15.676,13,STA,WIFI_DROP,
15.676,20,STA,WIFI_DROP,
15.6784,13,STA,WIFI_DROP,
15.6784,20,STA,WIFI_DROP,
15.6808,13,STA,WIFI_DROP,
15.6808,20,STA,WIFI_DROP,
15.6832,13,STA,WIFI_DROP,
15.6856,13,STA,WIFI_DROP,
15.688,13,STA,WIFI_DROP,
15.6904,13,STA,WIFI_DROP,
15.6928,13,STA,WIFI_DROP,
15.6952,13,STA,WIFI_DROP,
15.6976,13,STA,WIFI_DROP,
15.7,13,STA,WIFI_DROP,
15.7024,13,STA,WIFI_DROP,
15.7048,13,STA,WIFI_DROP,
15.7072,13,STA,WIFI_DROP,
15.7096,13,STA,WIFI_DROP,
15.712,13,STA,WIFI_DROP,
15.7144,13,STA,WIFI_DROP,
15.7168,13,STA,WIFI_DROP,
15.7192,13,STA,WIFI_DROP,
15.7216,13,STA,WIFI_DROP,
15.724,13,STA,WIFI_DROP,
15.7264,13,STA,WIFI_DROP,
15.7288,13,STA,WIFI_DROP,
15.7312,13,STA,WIFI_DROP,
15.7336,13,STA,WIFI_DROP,
15.736,3,STA,WIFI_DROP,
15.736,13,STA,WIFI_DROP,
15.7384,3,STA,WIFI_DROP,
15.7384,13,STA,WIFI_DROP,
15.7408,3,STA,WIFI_DROP,
15.7408,13,STA,WIFI_DROP,
15.7432,3,STA,WIFI_DROP,
15.7432,13,STA,WIFI_DROP,
15.7456,3,STA,WIFI_DROP,
15.7456,13,STA,WIFI_DROP,
15.748,3,STA,WIFI_DROP,
15.748,13,STA,WIFI_DROP,
15.7504,3,STA,WIFI_DROP,
15.7504,13,STA,WIFI_DROP,
15.7528,3,STA,WIFI_DROP,
15.7528,13,STA,WIFI_DROP,
15.7552,3,STA,WIFI_DROP,
15.7552,13,STA,WIFI_DROP,
15.7576,3,STA,WIFI_DROP,
15.7576,13,STA,WIFI_DROP,
15.76,3,STA,WIFI_DROP,
15.76,13,STA,WIFI_DROP,
15.7624,3,STA,WIFI_DROP,
15.7624,13,STA,WIFI_DROP,
15.7648,3,STA,WIFI_DROP,
15.7648,13,STA,WIFI_DROP,
15.7672,3,STA,WIFI_DROP,
15.7672,13,STA,WIFI_DROP,
15.7696,3,STA,WIFI_DROP,
15.7696,13,STA,WIFI_DROP,
15.772,3,STA,WIFI_DROP,
15.772,13,STA,WIFI_DROP,
15.7744,3,STA,WIFI_DROP,
15.7744,13,STA,WIFI_DROP,
15.7768,3,STA,WIFI_DROP,
15.7768,13,STA,WIFI_DROP,
15.7792,3,STA,WIFI_DROP,
15.7792,13,STA,WIFI_DROP,
15.7816,3,STA,WIFI_DROP,
15.7816,13,STA,WIFI_DROP,
15.784,3,STA,WIFI_DROP,
15.784,13,STA,WIFI_DROP,
15.7864,3,STA,WIFI_DROP,
15.7864,13,STA,WIFI_DROP,
15.7888,13,STA,WIFI_DROP,
15.7912,13,STA,WIFI_DROP,
15.7936,13,STA,WIFI_DROP,
15.796,13,STA,WIFI_DROP,
15.7984,13,STA,WIFI_DROP,
15.8008,13,STA,WIFI_DROP,
15.8032,13,STA,WIFI_DROP,
15.8056,13,STA,WIFI_DROP,
15.808,13,STA,WIFI_DROP,
15.8104,13,STA,WIFI_DROP,
15.8128,13,STA,WIFI_DROP,
15.8152,13,STA,WIFI_DROP,
15.8176,13,STA,WIFI_DROP,
15.82,13,STA,WIFI_DROP,
15.8224,13,STA,WIFI_DROP,
15.8248,13,STA,WIFI_DROP,
15.8272,13,STA,WIFI_DROP,
15.8296,13,STA,WIFI_DROP,
15.832,13,STA,WIFI_DROP,
15.8344,13,STA,WIFI_DROP,
15.8368,13,STA,WIFI_DROP,
15.8392,13,STA,WIFI_DROP,
15.8416,13,STA,WIFI_DROP,
15.844,13,STA,WIFI_DROP,
15.8464,13,STA,WIFI_DROP,
15.8488,13,STA,WIFI_DROP,
15.8512,13,STA,WIFI_DROP,
15.8536,13,STA,WIFI_DROP,
15.856,13,STA,WIFI_DROP,
15.8584,13,STA,WIFI_DROP,
15.8608,13,STA,WIFI_DROP,
15.8632,13,STA,WIFI_DROP,
15.8656,13,STA,WIFI_DROP,
15.868,13,STA,WIFI_DROP,
15.8704,13,STA,WIFI_DROP,
15.8728,13,STA,WIFI_DROP,
15.8752,13,STA,WIFI_DROP,
15.8776,13,STA,WIFI_DROP,
15.88,13,STA,WIFI_DROP,
15.8824,13,STA,WIFI_DROP,
15.8848,13,STA,WIFI_DROP,
15.8872,13,STA,WIFI_DROP,
15.8896,13,STA,WIFI_DROP,
15.892,13,STA,WIFI_DROP,
15.8944,13,STA,WIFI_DROP,
15.8968,13,STA,WIFI_DROP,
15.8992,13,STA,WIFI_DROP,
15.9016,13,STA,WIFI_DROP,
15.904,13,STA,WIFI_DROP,
15.9064,13,STA,WIFI_DROP,
15.9088,13,STA,WIFI_DROP,
15.9112,13,STA,WIFI_DROP,
15.9136,13,STA,WIFI_DROP,
15.916,13,STA,WIFI_DROP,
15.9184,13,STA,WIFI_DROP,
15.9208,13,STA,WIFI_DROP,
15.9232,13,STA,WIFI_DROP,
15.9256,13,STA,WIFI_DROP,
15.928,13,STA,WIFI_DROP,
15.9304,13,STA,WIFI_DROP,
15.9328,13,STA,WIFI_DROP,
15.9352,13,STA,WIFI_DROP,
15.9376,13,STA,WIFI_DROP,
15.94,7,STA,WIFI_DROP,
15.94,13,STA,WIFI_DROP,
15.9424,7,STA,WIFI_DROP,
15.9424,13,STA,WIFI_DROP,
15.9448,7,STA,WIFI_DROP,
15.9448,13,STA,WIFI_DROP,
15.9472,7,STA,WIFI_DROP,
15.9472,13,STA,WIFI_DROP,
15.9496,7,STA,WIFI_DROP,
15.9496,13,STA,WIFI_DROP,
15.952,7,STA,WIFI_DROP,
15.952,13,STA,WIFI_DROP,
15.9544,7,STA,WIFI_DROP,
15.9544,13,STA,WIFI_DROP,
15.9568,7,STA,WIFI_DROP,
15.9568,13,STA,WIFI_DROP,
15.9592,7,STA,WIFI_DROP,
15.9592,13,STA,WIFI_DROP,
15.9616,7,STA,WIFI_DROP,
15.9616,13,STA,WIFI_DROP,
15.964,7,STA,WIFI_DROP,
15.964,13,STA,WIFI_DROP,
15.9664,7,STA,WIFI_DROP,
15.9664,13,STA,WIFI_DROP,
15.9688,7,STA,WIFI_DROP,
15.9712,7,STA,WIFI_DROP,
15.9736,7,STA,WIFI_DROP,
15.976,7,STA,WIFI_DROP,
15.9784,7,STA,WIFI_DROP,
15.9808,7,STA,WIFI_DROP,
15.9832,7,STA,WIFI_DROP,
15.9856,7,STA,WIFI_DROP,
15.988,7,STA,WIFI_DROP,
15.9904,7,STA,WIFI_DROP,
15.9904,13,STA,WIFI_DROP,
15.9928,7,STA,WIFI_DROP,
15.9928,13,STA,WIFI_DROP,
15.9952,7,STA,WIFI_DROP,
15.9952,13,STA,WIFI_DROP,
15.9976,7,STA,WIFI_DROP,
15.9976,13,STA,WIFI_DROP,
16,2,STA,THROUGHPUT_MBPS,3.816000
16,3,STA,THROUGHPUT_MBPS,4.176000
16,8,STA,THROUGHPUT_MBPS,1.776000
16,9,STA,THROUGHPUT_MBPS,1.596000
16,10,STA,THROUGHPUT_MBPS,4.464000
16,11,STA,THROUGHPUT_MBPS,3.492000
16,12,STA,THROUGHPUT_MBPS,2.964000
16,13,STA,THROUGHPUT_MBPS,0.408000
16,14,STA,THROUGHPUT_MBPS,3.792000
16,15,STA,THROUGHPUT_MBPS,1.680000
16,16,STA,THROUGHPUT_MBPS,2.868000
16,17,STA,THROUGHPUT_MBPS,3.900000
16,20,STA,THROUGHPUT_MBPS,1.212000
16,1,AP,AGGREGATE_THROUGHPUT_MBPS,36.144000
16,1,AP,SENT_COUNT,8320.000000
16,1,AP,RECV_COUNT,3012.000000
16,1,AP,LATENCY_P95_MS,538.638973
16,7,STA,WIFI_DROP,
16,13,STA,WIFI_DROP,
16.0024,7,STA,WIFI_DROP,
16.0024,13,STA,WIFI_DROP,
16.0048,7,STA,WIFI_DROP,
16.0048,13,STA,WIFI_DROP,
16.0072,7,STA,WIFI_DROP,
16.0072,13,STA,WIFI_DROP,
16.0096,7,STA,WIFI_DROP,
16.0096,13,STA,WIFI_DROP,
16.012,7,STA,WIFI_DROP,
16.012,13,STA,WIFI_DROP,
16.0144,7,STA,WIFI_DROP,
16.0144,13,STA,WIFI_DROP,
16.0168,7,STA,WIFI_DROP,
16.0168,13,STA,WIFI_DROP,
16.0192,7,STA,WIFI_DROP,
16.0192,13,STA,WIFI_DROP,
16.0216,7,STA,WIFI_DROP,
16.0216,13,STA,WIFI_DROP,
16.024,7,STA,WIFI_DROP,
16.024,13,STA,WIFI_DROP,
16.0264,7,STA,WIFI_DROP,
16.0264,13,STA,WIFI_DROP,
16.0288,7,STA,WIFI_DROP,
16.0288,13,STA,WIFI_DROP,
16.0312,7,STA,WIFI_DROP,
16.0312,13,STA,WIFI_DROP,
16.0336,7,STA,WIFI_DROP,
16.0336,13,STA,WIFI_DROP,
16.036,7,STA,WIFI_DROP,
16.036,13,STA,WIFI_DROP,
16.0384,7,STA,WIFI_DROP,
16.0384,13,STA,WIFI_DROP,
16.0408,7,STA,WIFI_DROP,
16.0408,13,STA,WIFI_DROP,
16.0432,7,STA,WIFI_DROP,
16.0432,13,STA,WIFI_DROP,
16.0456,7,STA,WIFI_DROP,
16.0456,13,STA,WIFI_DROP,
16.048,7,STA,WIFI_DROP,
16.048,13,STA,WIFI_DROP,
16.0504,7,STA,WIFI_DROP,
16.0504,13,STA,WIFI_DROP,
16.0528,7,STA,WIFI_DROP,
16.0528,13,STA,WIFI_DROP,
16.0552,7,STA,WIFI_DROP,
16.0552,13,STA,WIFI_DROP,
16.0576,7,STA,WIFI_DROP,
16.0576,13,STA,WIFI_DROP,
16.06,7,STA,WIFI_DROP,
16.06,13,STA,WIFI_DROP,
16.0624,7,STA,WIFI_DROP,
16.0624,13,STA,WIFI_DROP,
16.0648,7,STA,WIFI_DROP,
16.0648,13,STA,WIFI_DROP,
16.0672,7,STA,WIFI_DROP,
16.0672,13,STA,WIFI_DROP,
16.0696,7,STA,WIFI_DROP,
16.0696,13,STA,WIFI_DROP,
16.072,7,STA,WIFI_DROP,
16.072,13,STA,WIFI_DROP,
16.0744,7,STA,WIFI_DROP,
16.0744,13,STA,WIFI_DROP,
16.0768,7,STA,WIFI_DROP,
16.0768,13,STA,WIFI_DROP,
16.0792,7,STA,WIFI_DROP,
16.0792,13,STA,WIFI_DROP,
16.0816,7,STA,WIFI_DROP,
16.0816,13,STA,WIFI_DROP,
16.084,7,STA,WIFI_DROP,
16.084,13,STA,WIFI_DROP,
16.0864,7,STA,WIFI_DROP,
16.0864,13,STA,WIFI_DROP,
16.0888,7,STA,WIFI_DROP,
16.0888,13,STA,WIFI_DROP,
16.0912,7,STA,WIFI_DROP,
16.0912,13,STA,WIFI_DROP,
16.0936,7,STA,WIFI_DROP,
16.096,7,STA,WIFI_DROP,
16.0984,7,STA,WIFI_DROP,
16.1008,7,STA,WIFI_DROP,
16.1032,7,STA,WIFI_DROP,
16.1056,7,STA,WIFI_DROP,
16.108,7,STA,WIFI_DROP,
16.1104,7,STA,WIFI_DROP,
16.1128,7,STA,WIFI_DROP,
16.1152,7,STA,WIFI_DROP,
16.1176,7,STA,WIFI_DROP,
16.12,7,STA,WIFI_DROP,
16.1224,7,STA,WIFI_DROP,
16.1248,7,STA,WIFI_DROP,
16.1272,7,STA,WIFI_DROP,
16.1296,7,STA,WIFI_DROP,
16.132,7,STA,WIFI_DROP,
16.1344,7,STA,WIFI_DROP,
16.1368,7,STA,WIFI_DROP,
16.1392,7,STA,WIFI_DROP,
16.1416,7,STA,WIFI_DROP,
16.144,5,STA,WIFI_DROP,
16.144,7,STA,WIFI_DROP,
16.144,21,STA,WIFI_DROP,
16.1464,5,STA,WIFI_DROP,
16.1464,7,STA,WIFI_DROP,
16.1464,21,STA,WIFI_DROP,
16.1488,5,STA,WIFI_DROP,
16.1488,7,STA,WIFI_DROP,
16.1488,21,STA,WIFI_DROP,
16.1512,5,STA,WIFI_DROP,
16.1512,7,STA,WIFI_DROP,
16.1512,21,STA,WIFI_DROP,
16.1536,5,STA,WIFI_DROP,
16.1536,7,STA,WIFI_DROP,
16.1536,21,STA,WIFI_DROP,
16.156,5,STA,WIFI_DROP,
16.156,7,STA,WIFI_DROP,
16.156,21,STA,WIFI_DROP,
16.1584,5,STA,WIFI_DROP,
16.1584,7,STA,WIFI_DROP,
16.1584,21,STA,WIFI_DROP,
16.1608,5,STA,WIFI_DROP,
16.1608,7,STA,WIFI_DROP,
16.1608,21,STA,WIFI_DROP,
16.1632,5,STA,WIFI_DROP,
16.1632,7,STA,WIFI_DROP,
16.1632,21,STA,WIFI_DROP,
16.1656,5,STA,WIFI_DROP,
16.1656,7,STA,WIFI_DROP,
16.1656,21,STA,WIFI_DROP,
16.168,5,STA,WIFI_DROP,
16.168,7,STA,WIFI_DROP,
16.168,21,STA,WIFI_DROP,
16.1704,5,STA,WIFI_DROP,
16.1704,7,STA,WIFI_DROP,
16.1704,21,STA,WIFI_DROP,
16.1728,5,STA,WIFI_DROP,
16.1728,7,STA,WIFI_DROP,
16.1728,21,STA,WIFI_DROP,
16.1752,5,STA,WIFI_DROP,
16.1752,7,STA,WIFI_DROP,
16.1752,21,STA,WIFI_DROP,
16.1776,5,STA,WIFI_DROP,
16.1776,7,STA,WIFI_DROP,
16.1776,21,STA,WIFI_DROP,
16.18,5,STA,WIFI_DROP,
16.18,7,STA,WIFI_DROP,
16.18,21,STA,WIFI_DROP,
16.1824,5,STA,WIFI_DROP,
16.1824,7,STA,WIFI_DROP,
16.1824,21,STA,WIFI_DROP,
16.1848,5,STA,WIFI_DROP,
16.1848,7,STA,WIFI_DROP,
16.1848,21,STA,WIFI_DROP,
16.1872,5,STA,WIFI_DROP,
16.1872,7,STA,WIFI_DROP,
16.1872,21,STA,WIFI_DROP,
16.1896,5,STA,WIFI_DROP,
16.1896,7,STA,WIFI_DROP,
16.1896,21,STA,WIFI_DROP,
16.192,5,STA,WIFI_DROP,
16.192,7,STA,WIFI_DROP,
16.192,21,STA,WIFI_DROP,
16.1944,5,STA,WIFI_DROP,
16.1944,7,STA,WIFI_DROP,
16.1944,21,STA,WIFI_DROP,
16.1968,5,STA,WIFI_DROP,
16.1968,21,STA,WIFI_DROP,
16.1992,5,STA,WIFI_DROP,
16.1992,21,STA,WIFI_DROP,
16.2016,5,STA,WIFI_DROP,
16.2016,21,STA,WIFI_DROP,
16.204,5,STA,WIFI_DROP,
16.204,21,STA,WIFI_DROP,
16.2064,5,STA,WIFI_DROP,
16.2064,21,STA,WIFI_DROP,
16.2088,5,STA,WIFI_DROP,
16.2088,21,STA,WIFI_DROP,
16.2112,5,STA,WIFI_DROP,
16.2112,21,STA,WIFI_DROP,
16.2136,5,STA,WIFI_DROP,
16.2136,21,STA,WIFI_DROP,
16.216,5,STA,WIFI_DROP,
16.216,21,STA,WIFI_DROP,
16.2184,5,STA,WIFI_DROP,
16.2184,21,STA,WIFI_DROP,
16.2208,5,STA,WIFI_DROP,
16.2208,21,STA,WIFI_DROP,
16.2232,5,STA,WIFI_DROP,
16.2232,21,STA,WIFI_DROP,
16.2256,5,STA,WIFI_DROP,
16.2256,21,STA,WIFI_DROP,
16.228,5,STA,WIFI_DROP,
16.228,21,STA,WIFI_DROP,
16.2304,5,STA,WIFI_DROP,
16.2304,21,STA,WIFI_DROP,
16.2328,5,STA,WIFI_DROP,
16.2328,21,STA,WIFI_DROP,
16.2352,5,STA,WIFI_DROP,
16.2352,21,STA,WIFI_DROP,
16.2376,5,STA,WIFI_DROP,
16.2376,21,STA,WIFI_DROP,
16.24,5,STA,WIFI_DROP,
16.24,21,STA,WIFI_DROP,
16.2424,5,STA,WIFI_DROP,
16.2424,21,STA,WIFI_DROP,
16.2448,5,STA,WIFI_DROP,
16.2448,21,STA,WIFI_DROP,
16.2472,5,STA,WIFI_DROP,
16.2472,21,STA,WIFI_DROP,
16.2496,5,STA,WIFI_DROP,
16.2496,21,STA,WIFI_DROP,
16.252,5,STA,WIFI_DROP,
16.252,21,STA,WIFI_DROP,
16.2544,5,STA,WIFI_DROP,
16.2544,21,STA,WIFI_DROP,
16.2568,5,STA,WIFI_DROP,
16.2568,21,STA,WIFI_DROP,
16.2592,5,STA,WIFI_DROP,
16.2592,21,STA,WIFI_DROP,
16.2616,5,STA,WIFI_DROP,
16.2616,21,STA,WIFI_DROP,
16.264,5,STA,WIFI_DROP,
16.264,21,STA,WIFI_DROP,
16.2664,5,STA,WIFI_DROP,
16.2664,21,STA,WIFI_DROP,
16.2688,5,STA,WIFI_DROP,
16.2688,21,STA,WIFI_DROP,
16.2712,5,STA,WIFI_DROP,
16.2712,21,STA,WIFI_DROP,
16.2736,5,STA,WIFI_DROP,
16.2736,21,STA,WIFI_DROP,
16.276,5,STA,WIFI_DROP,
16.276,21,STA,WIFI_DROP,
16.2784,5,STA,WIFI_DROP,
16.2784,21,STA,WIFI_DROP,
16.2808,5,STA,WIFI_DROP,
16.2808,21,STA,WIFI_DROP,
16.2832,5,STA,WIFI_DROP,
16.2832,21,STA,WIFI_DROP,
16.2856,5,STA,WIFI_DROP,
16.2856,21,STA,WIFI_DROP,
16.288,5,STA,WIFI_DROP,
16.288,21,STA,WIFI_DROP,
16.2904,5,STA,WIFI_DROP,
16.2904,21,STA,WIFI_DROP,
16.2928,5,STA,WIFI_DROP,
16.2928,21,STA,WIFI_DROP,
16.2952,5,STA,WIFI_DROP,
16.2952,21,STA,WIFI_DROP,
16.2976,5,STA,WIFI_DROP,
16.2976,21,STA,WIFI_DROP,
16.3,5,STA,WIFI_DROP,
16.3,21,STA,WIFI_DROP,
16.3024,5,STA,WIFI_DROP,
16.3024,21,STA,WIFI_DROP,
16.3048,5,STA,WIFI_DROP,
16.3048,21,STA,WIFI_DROP,
16.3072,5,STA,WIFI_DROP,
16.3072,21,STA,WIFI_DROP,
16.3096,5,STA,WIFI_DROP,
16.3096,21,STA,WIFI_DROP,
16.312,5,STA,WIFI_DROP,
16.312,21,STA,WIFI_DROP,
16.3144,5,STA,WIFI_DROP,
16.3144,21,STA,WIFI_DROP,
16.3168,5,STA,WIFI_DROP,
16.3168,21,STA,WIFI_DROP,
16.3192,5,STA,WIFI_DROP,
16.3192,21,STA,WIFI_DROP,
16.3216,5,STA,WIFI_DROP,
16.3216,21,STA,WIFI_DROP,
16.324,5,STA,WIFI_DROP,
16.324,21,STA,WIFI_DROP,
16.3264,5,STA,WIFI_DROP,
16.3264,21,STA,WIFI_DROP,
16.3288,5,STA,WIFI_DROP,
16.3288,21,STA,WIFI_DROP,
16.3312,5,STA,WIFI_DROP,
16.3312,21,STA,WIFI_DROP,
16.3336,5,STA,WIFI_DROP,
16.3336,21,STA,WIFI_DROP,
16.336,5,STA,WIFI_DROP,
16.336,21,STA,WIFI_DROP,
16.3384,5,STA,WIFI_DROP,
16.3384,21,STA,WIFI_DROP,
16.3408,5,STA,WIFI_DROP,
16.3408,21,STA,WIFI_DROP,
16.3432,5,STA,WIFI_DROP,
16.3432,21,STA,WIFI_DROP,
16.3456,5,STA,WIFI_DROP,
16.3456,21,STA,WIFI_DROP,
16.348,5,STA,WIFI_DROP,
16.348,21,STA,WIFI_DROP,
16.3504,5,STA,WIFI_DROP,
16.3504,21,STA,WIFI_DROP,
16.3528,5,STA,WIFI_DROP,
16.3528,21,STA,WIFI_DROP,
16.3552,5,STA,WIFI_DROP,
16.3552,21,STA,WIFI_DROP,
16.3576,5,STA,WIFI_DROP,
16.3576,21,STA,WIFI_DROP,
16.36,5,STA,WIFI_DROP,
16.36,21,STA,WIFI_DROP,
16.3624,5,STA,WIFI_DROP,
16.3624,21,STA,WIFI_DROP,
16.3648,5,STA,WIFI_DROP,
16.3648,21,STA,WIFI_DROP,
16.3672,5,STA,WIFI_DROP,
16.3672,21,STA,WIFI_DROP,
16.3696,5,STA,WIFI_DROP,
16.3696,21,STA,WIFI_DROP,
16.372,5,STA,WIFI_DROP,
16.372,21,STA,WIFI_DROP,
16.3744,5,STA,WIFI_DROP,
16.3744,21,STA,WIFI_DROP,
16.3768,5,STA,WIFI_DROP,
16.3768,21,STA,WIFI_DROP,
16.3792,5,STA,WIFI_DROP,
16.3792,21,STA,WIFI_DROP,
16.3816,5,STA,WIFI_DROP,
16.3816,21,STA,WIFI_DROP,
16.384,5,STA,WIFI_DROP,
16.384,21,STA,WIFI_DROP,
16.3864,5,STA,WIFI_DROP,
16.3864,21,STA,WIFI_DROP,
16.3888,5,STA,WIFI_DROP,
16.3888,21,STA,WIFI_DROP,
16.3912,5,STA,WIFI_DROP,
16.3912,21,STA,WIFI_DROP,
16.3936,5,STA,WIFI_DROP,
16.3936,21,STA,WIFI_DROP,
16.396,5,STA,WIFI_DROP,
16.396,21,STA,WIFI_DROP,
16.3984,5,STA,WIFI_DROP,
16.3984,21,STA,WIFI_DROP,
16.4008,5,STA,WIFI_DROP,
16.4008,21,STA,WIFI_DROP,
16.4032,5,STA,WIFI_DROP,
16.4032,21,STA,WIFI_DROP,
16.4056,5,STA,WIFI_DROP,
16.4056,21,STA,WIFI_DROP,
16.408,5,STA,WIFI_DROP,
16.408,21,STA,WIFI_DROP,
16.4104,5,STA,WIFI_DROP,
16.4104,21,STA,WIFI_DROP,
16.4128,5,STA,WIFI_DROP,
16.4128,21,STA,WIFI_DROP,
16.4152,5,STA,WIFI_DROP,
16.4152,21,STA,WIFI_DROP,
16.4176,5,STA,WIFI_DROP,
16.4176,21,STA,WIFI_DROP,
16.42,5,STA,WIFI_DROP,
16.42,21,STA,WIFI_DROP,
16.4224,5,STA,WIFI_DROP,
16.4224,21,STA,WIFI_DROP,
16.4248,5,STA,WIFI_DROP,
16.4248,21,STA,WIFI_DROP,
16.4272,5,STA,WIFI_DROP,
16.4272,21,STA,WIFI_DROP,
16.4296,5,STA,WIFI_DROP,
16.4296,21,STA,WIFI_DROP,
16.432,5,STA,WIFI_DROP,
16.432,21,STA,WIFI_DROP,
16.4344,5,STA,WIFI_DROP,
16.4344,21,STA,WIFI_DROP,
16.4368,5,STA,WIFI_DROP,
16.4368,21,STA,WIFI_DROP,
16.4392,5,STA,WIFI_DROP,
16.4392,21,STA,WIFI_DROP,
16.4416,5,STA,WIFI_DROP,
16.4416,21,STA,WIFI_DROP,
16.444,5,STA,WIFI_DROP,
16.444,21,STA,WIFI_DROP,
16.4464,5,STA,WIFI_DROP,
16.4464,21,STA,WIFI_DROP,
16.4488,5,STA,WIFI_DROP,
16.4488,21,STA,WIFI_DROP,
16.4512,5,STA,WIFI_DROP,
16.4512,21,STA,WIFI_DROP,
16.4536,5,STA,WIFI_DROP,
16.4536,21,STA,WIFI_DROP,
16.456,5,STA,WIFI_DROP,
16.456,21,STA,WIFI_DROP,
16.4584,5,STA,WIFI_DROP,
16.4584,21,STA,WIFI_DROP,
16.4608,5,STA,WIFI_DROP,
16.4608,21,STA,WIFI_DROP,
16.4632,5,STA,WIFI_DROP,
16.4632,21,STA,WIFI_DROP,
16.4656,5,STA,WIFI_DROP,
16.4656,21,STA,WIFI_DROP,
16.468,5,STA,WIFI_DROP,
16.468,21,STA,WIFI_DROP,
16.4704,5,STA,WIFI_DROP,
16.4704,21,STA,WIFI_DROP,
16.4728,5,STA,WIFI_DROP,
16.4728,21,STA,WIFI_DROP,
16.4752,5,STA,WIFI_DROP,
16.4752,21,STA,WIFI_DROP,
16.4776,5,STA,WIFI_DROP,
16.4776,21,STA,WIFI_DROP,
16.48,5,STA,WIFI_DROP,
16.48,21,STA,WIFI_DROP,
16.4824,5,STA,WIFI_DROP,
16.4824,21,STA,WIFI_DROP,
16.4848,5,STA,WIFI_DROP,
16.4848,21,STA,WIFI_DROP,
16.4872,5,STA,WIFI_DROP,
16.4872,21,STA,WIFI_DROP,
16.4896,5,STA,WIFI_DROP,
16.4896,21,STA,WIFI_DROP,
16.492,5,STA,WIFI_DROP,
16.492,21,STA,WIFI_DROP,
16.4944,5,STA,WIFI_DROP,
16.4944,21,STA,WIFI_DROP,
16.4968,5,STA,WIFI_DROP,
16.4968,21,STA,WIFI_DROP,
16.4992,5,STA,WIFI_DROP,
16.4992,21,STA,WIFI_DROP,
16.5016,5,STA,WIFI_DROP,
16.5016,21,STA,WIFI_DROP,
16.504,5,STA,WIFI_DROP,
16.504,21,STA,WIFI_DROP,
16.5064,5,STA,WIFI_DROP,
16.5064,21,STA,WIFI_DROP,
16.5088,5,STA,WIFI_DROP,
16.5088,21,STA,WIFI_DROP,
16.5112,5,STA,WIFI_DROP,
16.5112,21,STA,WIFI_DROP,
16.5136,5,STA,WIFI_DROP,
16.5136,21,STA,WIFI_DROP,
16.516,5,STA,WIFI_DROP,
16.516,21,STA,WIFI_DROP,
16.5184,5,STA,WIFI_DROP,
16.5184,21,STA,WIFI_DROP,
16.5208,5,STA,WIFI_DROP,
16.5208,21,STA,WIFI_DROP,
16.5232,5,STA,WIFI_DROP,
16.5232,21,STA,WIFI_DROP,
16.5256,5,STA,WIFI_DROP,
16.5256,21,STA,WIFI_DROP,
16.528,5,STA,WIFI_DROP,
16.528,21,STA,WIFI_DROP,
16.5304,5,STA,WIFI_DROP,
16.5304,21,STA,WIFI_DROP,
16.5328,5,STA,WIFI_DROP,
16.5328,21,STA,WIFI_DROP,
16.5352,5,STA,WIFI_DROP,
16.5352,21,STA,WIFI_DROP,
16.5376,5,STA,WIFI_DROP,
16.5376,21,STA,WIFI_DROP,
16.54,5,STA,WIFI_DROP,
16.54,21,STA,WIFI_DROP,
16.5424,5,STA,WIFI_DROP,
16.5424,21,STA,WIFI_DROP,
16.5448,5,STA,WIFI_DROP,
16.5448,21,STA,WIFI_DROP,
16.5472,5,STA,WIFI_DROP,
16.5472,21,STA,WIFI_DROP,
16.5496,5,STA,WIFI_DROP,
16.5496,21,STA,WIFI_DROP,
16.552,5,STA,WIFI_DROP,
16.552,21,STA,WIFI_DROP,
16.5544,5,STA,WIFI_DROP,
16.5544,21,STA,WIFI_DROP,
16.5568,5,STA,WIFI_DROP,
16.5568,21,STA,WIFI_DROP,
16.5592,5,STA,WIFI_DROP,
16.5592,21,STA,WIFI_DROP,
16.5616,5,STA,WIFI_DROP,
16.5616,21,STA,WIFI_DROP,
16.564,5,STA,WIFI_DROP,
16.564,21,STA,WIFI_DROP,
16.5664,5,STA,WIFI_DROP,
16.5664,21,STA,WIFI_DROP,
16.5688,5,STA,WIFI_DROP,
16.5688,21,STA,WIFI_DROP,
16.5712,5,STA,WIFI_DROP,
16.5712,21,STA,WIFI_DROP,
16.5736,5,STA,WIFI_DROP,
16.5736,21,STA,WIFI_DROP,
16.576,5,STA,WIFI_DROP,
16.576,21,STA,WIFI_DROP,
16.5784,5,STA,WIFI_DROP,
16.5784,21,STA,WIFI_DROP,
16.5808,5,STA,WIFI_DROP,
16.5808,21,STA,WIFI_DROP,
16.5832,5,STA,WIFI_DROP,
16.5832,21,STA,WIFI_DROP,
16.5856,5,STA,WIFI_DROP,
16.5856,21,STA,WIFI_DROP,
16.588,5,STA,WIFI_DROP,
16.588,21,STA,WIFI_DROP,
16.5904,5,STA,WIFI_DROP,
16.5904,21,STA,WIFI_DROP,
16.5928,5,STA,WIFI_DROP,
16.5928,21,STA,WIFI_DROP,
16.5952,5,STA,WIFI_DROP,
16.5952,21,STA,WIFI_DROP,
16.5976,5,STA,WIFI_DROP,
16.5976,21,STA,WIFI_DROP,
16.6,5,STA,WIFI_DROP,
16.6,21,STA,WIFI_DROP,
16.6024,5,STA,WIFI_DROP,
16.6024,21,STA,WIFI_DROP,
16.6048,5,STA,WIFI_DROP,
16.6048,21,STA,WIFI_DROP,
16.6072,5,STA,WIFI_DROP,
16.6072,21,STA,WIFI_DROP,
16.6096,5,STA,WIFI_DROP,
16.6096,21,STA,WIFI_DROP,
16.612,5,STA,WIFI_DROP,
16.612,21,STA,WIFI_DROP,
16.6144,5,STA,WIFI_DROP,
16.6144,21,STA,WIFI_DROP,
16.6168,5,STA,WIFI_DROP,
16.6168,21,STA,WIFI_DROP,
16.6192,5,STA,WIFI_DROP,
16.6192,21,STA,WIFI_DROP,
16.6216,5,STA,WIFI_DROP,
16.6216,21,STA,WIFI_DROP,
16.624,5,STA,WIFI_DROP,
16.624,21,STA,WIFI_DROP,
16.6264,5,STA,WIFI_DROP,
16.6264,21,STA,WIFI_DROP,
16.6288,5,STA,WIFI_DROP,
16.6288,21,STA,WIFI_DROP,
16.6312,5,STA,WIFI_DROP,
16.6312,21,STA,WIFI_DROP,
16.6336,5,STA,WIFI_DROP,
16.6336,21,STA,WIFI_DROP,
16.636,5,STA,WIFI_DROP,
16.636,21,STA,WIFI_DROP,
16.6384,5,STA,WIFI_DROP,
16.6384,21,STA,WIFI_DROP,
16.6408,5,STA,WIFI_DROP,
16.6408,21,STA,WIFI_DROP,
16.6432,5,STA,WIFI_DROP,
16.6432,21,STA,WIFI_DROP,
16.6456,5,STA,WIFI_DROP,
16.6456,21,STA,WIFI_DROP,
16.648,5,STA,WIFI_DROP,
16.648,21,STA,WIFI_DROP,
16.6504,5,STA,WIFI_DROP,
16.6504,21,STA,WIFI_DROP,
16.6528,5,STA,WIFI_DROP,
16.6528,21,STA,WIFI_DROP,
16.6552,5,STA,WIFI_DROP,
16.6552,21,STA,WIFI_DROP,
16.6576,5,STA,WIFI_DROP,
16.6576,21,STA,WIFI_DROP,
16.66,5,STA,WIFI_DROP,
16.66,21,STA,WIFI_DROP,
16.6624,5,STA,WIFI_DROP,
16.6624,21,STA,WIFI_DROP,
16.6648,5,STA,WIFI_DROP,
16.6648,21,STA,WIFI_DROP,
16.6672,5,STA,WIFI_DROP,
16.6672,21,STA,WIFI_DROP,
16.6696,5,STA,WIFI_DROP,
16.6696,21,STA,WIFI_DROP,
16.672,5,STA,WIFI_DROP,
16.672,21,STA,WIFI_DROP,
16.6744,5,STA,WIFI_DROP,
16.6744,21,STA,WIFI_DROP,
16.6768,5,STA,WIFI_DROP,
16.6768,21,STA,WIFI_DROP,
16.6792,5,STA,WIFI_DROP,
16.6792,21,STA,WIFI_DROP,
16.6816,5,STA,WIFI_DROP,
16.6816,21,STA,WIFI_DROP,
16.684,5,STA,WIFI_DROP,
16.684,21,STA,WIFI_DROP,
16.6864,5,STA,WIFI_DROP,
16.6864,21,STA,WIFI_DROP,
16.6888,5,STA,WIFI_DROP,
16.6888,21,STA,WIFI_DROP,
16.6912,5,STA,WIFI_DROP,
16.6912,21,STA,WIFI_DROP,
16.6936,5,STA,WIFI_DROP,
16.6936,21,STA,WIFI_DROP,
16.696,5,STA,WIFI_DROP,
16.696,21,STA,WIFI_DROP,
16.6984,5,STA,WIFI_DROP,
16.6984,21,STA,WIFI_DROP,
16.7008,5,STA,WIFI_DROP,
16.7008,21,STA,WIFI_DROP,
16.7032,5,STA,WIFI_DROP,
16.7032,21,STA,WIFI_DROP,
16.7056,5,STA,WIFI_DROP,
16.7056,21,STA,WIFI_DROP,
16.708,5,STA,WIFI_DROP,
16.708,21,STA,WIFI_DROP,
16.7104,5,STA,WIFI_DROP,
16.7104,21,STA,WIFI_DROP,
16.7128,5,STA,WIFI_DROP,
16.7128,21,STA,WIFI_DROP,
16.7152,5,STA,WIFI_DROP,
16.7152,21,STA,WIFI_DROP,
16.7176,5,STA,WIFI_DROP,
16.7176,21,STA,WIFI_DROP,
16.72,5,STA,WIFI_DROP,
16.72,21,STA,WIFI_DROP,
16.7224,5,STA,WIFI_DROP,
16.7224,21,STA,WIFI_DROP,
16.7248,5,STA,WIFI_DROP,
16.7248,21,STA,WIFI_DROP,
16.7272,5,STA,WIFI_DROP,
16.7272,21,STA,WIFI_DROP,
16.7296,5,STA,WIFI_DROP,
16.7296,21,STA,WIFI_DROP,
16.732,5,STA,WIFI_DROP,
16.732,21,STA,WIFI_DROP,
16.7344,5,STA,WIFI_DROP,
16.7344,21,STA,WIFI_DROP,
16.7368,5,STA,WIFI_DROP,
16.7368,21,STA,WIFI_DROP,
16.7392,5,STA,WIFI_DROP,
16.7392,21,STA,WIFI_DROP,
16.7416,5,STA,WIFI_DROP,
16.7416,21,STA,WIFI_DROP,
16.744,5,STA,WIFI_DROP,
16.744,21,STA,WIFI_DROP,
16.7464,5,STA,WIFI_DROP,
16.7464,21,STA,WIFI_DROP,
16.7488,21,STA,WIFI_DROP,
16.7512,21,STA,WIFI_DROP,
16.7536,21,STA,WIFI_DROP,
16.756,21,STA,WIFI_DROP,
16.7584,21,STA,WIFI_DROP,
16.7608,21,STA,WIFI_DROP,
16.7632,21,STA,WIFI_DROP,
16.7656,21,STA,WIFI_DROP,
16.768,21,STA,WIFI_DROP,
16.7704,21,STA,WIFI_DROP,
16.7728,21,STA,WIFI_DROP,
16.7752,21,STA,WIFI_DROP,
16.7776,21,STA,WIFI_DROP,
16.78,21,STA,WIFI_DROP,
16.7824,21,STA,WIFI_DROP,
16.7848,21,STA,WIFI_DROP,
16.7872,21,STA,WIFI_DROP,
16.7896,21,STA,WIFI_DROP,
16.792,21,STA,WIFI_DROP,
16.7944,21,STA,WIFI_DROP,
16.7968,21,STA,WIFI_DROP,
16.7992,21,STA,WIFI_DROP,
16.8016,21,STA,WIFI_DROP,
16.804,21,STA,WIFI_DROP,
16.8064,21,STA,WIFI_DROP,
16.8088,21,STA,WIFI_DROP,
16.8112,21,STA,WIFI_DROP,
16.8136,21,STA,WIFI_DROP,
16.816,21,STA,WIFI_DROP,
16.8184,21,STA,WIFI_DROP,
16.8208,21,STA,WIFI_DROP,
16.8232,21,STA,WIFI_DROP,
16.8256,21,STA,WIFI_DROP,
16.828,21,STA,WIFI_DROP,
16.8304,21,STA,WIFI_DROP,
16.8328,21,STA,WIFI_DROP,
16.8352,21,STA,WIFI_DROP,
16.8376,21,STA,WIFI_DROP,
16.84,21,STA,WIFI_DROP,
16.8424,21,STA,WIFI_DROP,
16.8448,21,STA,WIFI_DROP,
16.8472,21,STA,WIFI_DROP,
16.8496,21,STA,WIFI_DROP,
16.852,21,STA,WIFI_DROP,
16.8544,21,STA,WIFI_DROP,
16.8568,21,STA,WIFI_DROP,
16.8592,21,STA,WIFI_DROP,
16.8616,21,STA,WIFI_DROP,
16.864,21,STA,WIFI_DROP,
16.8664,21,STA,WIFI_DROP,
16.8688,21,STA,WIFI_DROP,
16.8712,21,STA,WIFI_DROP,
16.8736,21,STA,WIFI_DROP,
16.876,21,STA,WIFI_DROP,
16.8784,21,STA,WIFI_DROP,
16.8808,21,STA,WIFI_DROP,
16.8832,21,STA,WIFI_DROP,
16.8856,21,STA,WIFI_DROP,
16.888,21,STA,WIFI_DROP,
16.8904,21,STA,WIFI_DROP,
16.8928,21,STA,WIFI_DROP,
16.8952,21,STA,WIFI_DROP,
16.8976,21,STA,WIFI_DROP,
16.9,21,STA,WIFI_DROP,
16.9024,21,STA,WIFI_DROP,
16.9048,21,STA,WIFI_DROP,
16.9072,21,STA,WIFI_DROP,
16.9096,21,STA,WIFI_DROP,
16.912,21,STA,WIFI_DROP,
16.9144,21,STA,WIFI_DROP,
16.9168,21,STA,WIFI_DROP,
16.9192,21,STA,WIFI_DROP,
16.9216,21,STA,WIFI_DROP,
16.924,21,STA,WIFI_DROP,
16.9264,21,STA,WIFI_DROP,
16.9288,21,STA,WIFI_DROP,
16.9312,21,STA,WIFI_DROP,
16.9336,21,STA,WIFI_DROP,
16.936,21,STA,WIFI_DROP,
16.9384,21,STA,WIFI_DROP,
16.9408,21,STA,WIFI_DROP,
16.9432,21,STA,WIFI_DROP,
16.9456,21,STA,WIFI_DROP,
16.948,21,STA,WIFI_DROP,
16.9504,21,STA,WIFI_DROP,
16.9528,21,STA,WIFI_DROP,
16.9552,21,STA,WIFI_DROP,
16.9576,21,STA,WIFI_DROP,
16.96,21,STA,WIFI_DROP,
16.9624,21,STA,WIFI_DROP,
16.9648,21,STA,WIFI_DROP,
16.9672,21,STA,WIFI_DROP,
16.9696,21,STA,WIFI_DROP,
16.972,21,STA,WIFI_DROP,
16.9744,21,STA,WIFI_DROP,
16.9768,21,STA,WIFI_DROP,
16.9792,21,STA,WIFI_DROP,
16.9816,21,STA,WIFI_DROP,
16.984,21,STA,WIFI_DROP,
16.9864,21,STA,WIFI_DROP,
16.9888,21,STA,WIFI_DROP,
16.9912,21,STA,WIFI_DROP,
16.9936,21,STA,WIFI_DROP,
16.996,21,STA,WIFI_DROP,
16.9984,21,STA,WIFI_DROP,
17,2,STA,THROUGHPUT_MBPS,3.156000
17,3,STA,THROUGHPUT_MBPS,3.156000
17,7,STA,THROUGHPUT_MBPS,0.996000
17,8,STA,THROUGHPUT_MBPS,4.152000
17,9,STA,THROUGHPUT_MBPS,0.744000
17,10,STA,THROUGHPUT_MBPS,2.880000
17,11,STA,THROUGHPUT_MBPS,0.756000
17,12,STA,THROUGHPUT_MBPS,4.944000
17,14,STA,THROUGHPUT_MBPS,2.952000
17,15,STA,THROUGHPUT_MBPS,1.044000
17,16,STA,THROUGHPUT_MBPS,2.904000
17,17,STA,THROUGHPUT_MBPS,2.232000
17,20,STA,THROUGHPUT_MBPS,4.152000
17,1,AP,AGGREGATE_THROUGHPUT_MBPS,34.068000
17,1,AP,SENT_COUNT,8340.000000
17,1,AP,RECV_COUNT,2839.000000
17,1,AP,LATENCY_P95_MS,535.361296
17.0008,21,STA,WIFI_DROP,
17.0032,21,STA,WIFI_DROP,
17.0056,21,STA,WIFI_DROP,
17.008,21,STA,WIFI_DROP,
17.0104,21,STA,WIFI_DROP,
17.0128,21,STA,WIFI_DROP,
17.0152,21,STA,WIFI_DROP,
17.0176,21,STA,WIFI_DROP,
17.02,21,STA,WIFI_DROP,
17.0224,21,STA,WIFI_DROP,
17.0248,21,STA,WIFI_DROP,
17.0272,21,STA,WIFI_DROP,
17.0296,21,STA,WIFI_DROP,
17.032,21,STA,WIFI_DROP,
17.0344,21,STA,WIFI_DROP,
17.0368,21,STA,WIFI_DROP,
17.0392,21,STA,WIFI_DROP,
17.0416,21,STA,WIFI_DROP,
17.044,21,STA,WIFI_DROP,
17.0464,21,STA,WIFI_DROP,
17.0488,21,STA,WIFI_DROP,
17.0512,21,STA,WIFI_DROP,
17.0536,21,STA,WIFI_DROP,
17.056,21,STA,WIFI_DROP,
17.0584,21,STA,WIFI_DROP,
17.0608,21,STA,WIFI_DROP,
17.0632,21,STA,WIFI_DROP,
17.0656,21,STA,WIFI_DROP,
17.068,21,STA,WIFI_DROP,
17.0704,21,STA,WIFI_DROP,
17.0728,21,STA,WIFI_DROP,
17.0752,21,STA,WIFI_DROP,
17.0776,21,STA,WIFI_DROP,
17.08,21,STA,WIFI_DROP,
17.0824,21,STA,WIFI_DROP,
17.0848,21,STA,WIFI_DROP,
17.0872,21,STA,WIFI_DROP,
17.0896,21,STA,WIFI_DROP,
17.092,21,STA,WIFI_DROP,
17.0944,21,STA,WIFI_DROP,
17.0968,21,STA,WIFI_DROP,
17.0992,21,STA,WIFI_DROP,
17.1016,21,STA,WIFI_DROP,
17.104,21,STA,WIFI_DROP,
17.1064,21,STA,WIFI_DROP,
17.1088,21,STA,WIFI_DROP,
17.1112,21,STA,WIFI_DROP,
17.1136,21,STA,WIFI_DROP,
17.116,21,STA,WIFI_DROP,
17.1184,21,STA,WIFI_DROP,
17.1208,21,STA,WIFI_DROP,
17.1232,21,STA,WIFI_DROP,
17.1256,21,STA,WIFI_DROP,
17.128,21,STA,WIFI_DROP,
17.1304,21,STA,WIFI_DROP,
17.1328,21,STA,WIFI_DROP,
17.1352,21,STA,WIFI_DROP,
17.1376,21,STA,WIFI_DROP,
17.14,21,STA,WIFI_DROP,
17.1424,21,STA,WIFI_DROP,
17.1448,21,STA,WIFI_DROP,
17.1472,21,STA,WIFI_DROP,
17.1496,21,STA,WIFI_DROP,
17.152,21,STA,WIFI_DROP,
17.1544,21,STA,WIFI_DROP,
17.1568,21,STA,WIFI_DROP,
17.1592,21,STA,WIFI_DROP,
17.1616,21,STA,WIFI_DROP,
17.164,21,STA,WIFI_DROP,
17.1664,21,STA,WIFI_DROP,
17.1688,21,STA,WIFI_DROP,
17.1712,21,STA,WIFI_DROP,
17.1736,21,STA,WIFI_DROP,
17.176,21,STA,WIFI_DROP,
17.1784,21,STA,WIFI_DROP,
17.1808,21,STA,WIFI_DROP,
17.1832,21,STA,WIFI_DROP,
17.1856,21,STA,WIFI_DROP,
17.188,21,STA,WIFI_DROP,
17.1904,21,STA,WIFI_DROP,
17.1928,21,STA,WIFI_DROP,
17.1952,21,STA,WIFI_DROP,
17.1976,21,STA,WIFI_DROP,
17.2,21,STA,WIFI_DROP,
17.2024,21,STA,WIFI_DROP,
17.2048,21,STA,WIFI_DROP,
17.2072,21,STA,WIFI_DROP,
17.2096,21,STA,WIFI_DROP,
17.2192,21,STA,WIFI_DROP,
17.2216,21,STA,WIFI_DROP,
17.224,21,STA,WIFI_DROP,
17.2264,21,STA,WIFI_DROP,
17.2288,21,STA,WIFI_DROP,
17.2312,21,STA,WIFI_DROP,
17.2336,21,STA,WIFI_DROP,
17.236,21,STA,WIFI_DROP,
17.2384,21,STA,WIFI_DROP,
17.2408,21,STA,WIFI_DROP,
17.2432,21,STA,WIFI_DROP,
17.2456,21,STA,WIFI_DROP,
17.248,21,STA,WIFI_DROP,
17.2504,21,STA,WIFI_DROP,
17.2528,21,STA,WIFI_DROP,
17.2552,21,STA,WIFI_DROP,
17.2576,21,STA,WIFI_DROP,
17.26,21,STA,WIFI_DROP,
17.2624,21,STA,WIFI_DROP,
17.2648,21,STA,WIFI_DROP,
17.2672,21,STA,WIFI_DROP,
17.2696,5,STA,WIFI_DROP,
17.2696,21,STA,WIFI_DROP,
17.272,5,STA,WIFI_DROP,
17.272,21,STA,WIFI_DROP,
17.2744,5,STA,WIFI_DROP,
17.2744,21,STA,WIFI_DROP,
17.2768,5,STA,WIFI_DROP,
17.2768,21,STA,WIFI_DROP,
17.2792,5,STA,WIFI_DROP,
17.2792,21,STA,WIFI_DROP,
17.2816,5,STA,WIFI_DROP,
17.2816,21,STA,WIFI_DROP,
17.284,5,STA,WIFI_DROP,
17.284,21,STA,WIFI_DROP,
17.2864,5,STA,WIFI_DROP,
17.2864,21,STA,WIFI_DROP,
17.2888,5,STA,WIFI_DROP,
17.2888,21,STA,WIFI_DROP,
17.2912,5,STA,WIFI_DROP,
17.2912,21,STA,WIFI_DROP,
17.2936,5,STA,WIFI_DROP,
17.2936,21,STA,WIFI_DROP,
17.296,5,STA,WIFI_DROP,
17.296,21,STA,WIFI_DROP,
17.2984,5,STA,WIFI_DROP,
17.2984,21,STA,WIFI_DROP,
17.3008,5,STA,WIFI_DROP,
17.3008,21,STA,WIFI_DROP,
17.3032,5,STA,WIFI_DROP,
17.3032,21,STA,WIFI_DROP,
17.3056,5,STA,WIFI_DROP,
17.3056,21,STA,WIFI_DROP,
17.308,5,STA,WIFI_DROP,
17.308,21,STA,WIFI_DROP,
17.3104,5,STA,WIFI_DROP,
17.3104,21,STA,WIFI_DROP,
17.3128,5,STA,WIFI_DROP,
17.3128,21,STA,WIFI_DROP,
17.3152,5,STA,WIFI_DROP,
17.3152,21,STA,WIFI_DROP,
17.3176,5,STA,WIFI_DROP,
17.3176,21,STA,WIFI_DROP,
17.32,5,STA,WIFI_DROP,
17.32,21,STA,WIFI_DROP,
17.3224,5,STA,WIFI_DROP,
17.3224,21,STA,WIFI_DROP,
17.3248,5,STA,WIFI_DROP,
17.3248,21,STA,WIFI_DROP,
17.3272,5,STA,WIFI_DROP,
17.3272,21,STA,WIFI_DROP,
17.3296,5,STA,WIFI_DROP,
17.3296,21,STA,WIFI_DROP,
17.332,5,STA,WIFI_DROP,
17.332,21,STA,WIFI_DROP,
17.3344,5,STA,WIFI_DROP,
17.3344,21,STA,WIFI_DROP,
17.3368,5,STA,WIFI_DROP,
17.3368,21,STA,WIFI_DROP,
17.3392,5,STA,WIFI_DROP,
17.3392,21,STA,WIFI_DROP,
17.3416,5,STA,WIFI_DROP,
17.3416,21,STA,WIFI_DROP,
17.344,5,STA,WIFI_DROP,
17.344,21,STA,WIFI_DROP,
17.3464,5,STA,WIFI_DROP,
17.3464,21,STA,WIFI_DROP,
17.3488,5,STA,WIFI_DROP,
17.3488,21,STA,WIFI_DROP,
17.3512,5,STA,WIFI_DROP,
17.3512,21,STA,WIFI_DROP,
17.3536,5,STA,WIFI_DROP,
17.3536,21,STA,WIFI_DROP,
17.356,5,STA,WIFI_DROP,
17.356,21,STA,WIFI_DROP,
17.3584,5,STA,WIFI_DROP,
17.3584,21,STA,WIFI_DROP,
17.3608,5,STA,WIFI_DROP,
17.3608,21,STA,WIFI_DROP,
17.3632,5,STA,WIFI_DROP,
17.3632,21,STA,WIFI_DROP,
17.3656,5,STA,WIFI_DROP,
17.3656,21,STA,WIFI_DROP,
17.368,5,STA,WIFI_DROP,
17.368,21,STA,WIFI_DROP,
17.3704,5,STA,WIFI_DROP,
17.3704,21,STA,WIFI_DROP,
17.3728,5,STA,WIFI_DROP,
17.3728,21,STA,WIFI_DROP,
17.3752,5,STA,WIFI_DROP,
17.3752,21,STA,WIFI_DROP,
17.3776,5,STA,WIFI_DROP,
17.3776,21,STA,WIFI_DROP,
17.38,5,STA,WIFI_DROP,
17.38,21,STA,WIFI_DROP,
17.3824,5,STA,WIFI_DROP,
17.3824,21,STA,WIFI_DROP,
17.3848,5,STA,WIFI_DROP,
17.3848,21,STA,WIFI_DROP,
17.3872,5,STA,WIFI_DROP,
17.3872,21,STA,WIFI_DROP,
17.3896,5,STA,WIFI_DROP,
17.3896,21,STA,WIFI_DROP,
17.392,5,STA,WIFI_DROP,
17.392,21,STA,WIFI_DROP,
17.3944,5,STA,WIFI_DROP,
17.3944,21,STA,WIFI_DROP,
17.3968,5,STA,WIFI_DROP,
17.3968,21,STA,WIFI_DROP,
17.3992,5,STA,WIFI_DROP,
17.3992,21,STA,WIFI_DROP,
17.4016,5,STA,WIFI_DROP,
17.4016,21,STA,WIFI_DROP,
17.404,5,STA,WIFI_DROP,
17.404,21,STA,WIFI_DROP,
17.4064,5,STA,WIFI_DROP,
17.4064,21,STA,WIFI_DROP,
17.4088,5,STA,WIFI_DROP,
17.4088,21,STA,WIFI_DROP,
17.4112,5,STA,WIFI_DROP,
17.4112,21,STA,WIFI_DROP,
17.4136,5,STA,WIFI_DROP,
17.4136,21,STA,WIFI_DROP,
17.416,5,STA,WIFI_DROP,
17.416,21,STA,WIFI_DROP,
17.4184,5,STA,WIFI_DROP,
17.4184,21,STA,WIFI_DROP,
17.4208,5,STA,WIFI_DROP,
17.4208,21,STA,WIFI_DROP,
17.4232,5,STA,WIFI_DROP,
17.4232,21,STA,WIFI_DROP,
17.4256,5,STA,WIFI_DROP,
17.4256,21,STA,WIFI_DROP,
17.428,5,STA,WIFI_DROP,
17.428,21,STA,WIFI_DROP,
17.4304,5,STA,WIFI_DROP,
17.4304,21,STA,WIFI_DROP,
17.4328,5,STA,WIFI_DROP,
17.4328,21,STA,WIFI_DROP,
17.4352,5,STA,WIFI_DROP,
17.4352,21,STA,WIFI_DROP,
17.4376,5,STA,WIFI_DROP,
17.4376,21,STA,WIFI_DROP,
17.44,5,STA,WIFI_DROP,
17.44,21,STA,WIFI_DROP,
17.4424,5,STA,WIFI_DROP,
17.4424,21,STA,WIFI_DROP,
17.4448,5,STA,WIFI_DROP,
17.4448,21,STA,WIFI_DROP,
17.4472,5,STA,WIFI_DROP,
17.4472,21,STA,WIFI_DROP,
17.4496,5,STA,WIFI_DROP,
17.4496,21,STA,WIFI_DROP,
17.452,5,STA,WIFI_DROP,
17.452,21,STA,WIFI_DROP,
17.4544,5,STA,WIFI_DROP,
17.4544,21,STA,WIFI_DROP,
17.4568,5,STA,WIFI_DROP,
17.4568,21,STA,WIFI_DROP,
17.4592,5,STA,WIFI_DROP,
17.4592,21,STA,WIFI_DROP,
17.4616,5,STA,WIFI_DROP,
17.4616,21,STA,WIFI_DROP,
17.464,5,STA,WIFI_DROP,
17.464,21,STA,WIFI_DROP,
17.4664,5,STA,WIFI_DROP,
17.4664,21,STA,WIFI_DROP,
17.4688,5,STA,WIFI_DROP,
17.4688,21,STA,WIFI_DROP,
17.4712,5,STA,WIFI_DROP,
17.4712,21,STA,WIFI_DROP,
17.4736,5,STA,WIFI_DROP,
17.4736,21,STA,WIFI_DROP,
17.476,5,STA,WIFI_DROP,
17.476,21,STA,WIFI_DROP,
17.4784,5,STA,WIFI_DROP,
17.4784,21,STA,WIFI_DROP,
17.4808,5,STA,WIFI_DROP,
17.4808,21,STA,WIFI_DROP,
17.4832,5,STA,WIFI_DROP,
17.4832,21,STA,WIFI_DROP,
17.4856,5,STA,WIFI_DROP,
17.4856,21,STA,WIFI_DROP,
17.488,5,STA,WIFI_DROP,
17.488,21,STA,WIFI_DROP,
17.4904,5,STA,WIFI_DROP,
17.4904,21,STA,WIFI_DROP,
17.4928,5,STA,WIFI_DROP,
17.4928,21,STA,WIFI_DROP,
17.4952,5,STA,WIFI_DROP,
17.4952,21,STA,WIFI_DROP,
17.4976,5,STA,WIFI_DROP,
17.4976,21,STA,WIFI_DROP,
17.5,5,STA,WIFI_DROP,
17.5,21,STA,WIFI_DROP,
17.5024,5,STA,WIFI_DROP,
17.5024,21,STA,WIFI_DROP,
17.5048,5,STA,WIFI_DROP,
17.5048,21,STA,WIFI_DROP,
17.5072,5,STA,WIFI_DROP,
17.5072,21,STA,WIFI_DROP,
17.5096,5,STA,WIFI_DROP,
17.5096,21,STA,WIFI_DROP,
17.512,5,STA,WIFI_DROP,
17.512,21,STA,WIFI_DROP,
17.5144,5,STA,WIFI_DROP,
17.5144,21,STA,WIFI_DROP,
17.5168,5,STA,WIFI_DROP,
17.5168,21,STA,WIFI_DROP,
17.5192,5,STA,WIFI_DROP,
17.5192,21,STA,WIFI_DROP,
17.5216,5,STA,WIFI_DROP,
17.5216,21,STA,WIFI_DROP,
17.524,5,STA,WIFI_DROP,
17.524,21,STA,WIFI_DROP,
17.5264,5,STA,WIFI_DROP,
17.5264,21,STA,WIFI_DROP,
17.5288,5,STA,WIFI_DROP,
17.5288,21,STA,WIFI_DROP,
17.5312,5,STA,WIFI_DROP,
17.5312,21,STA,WIFI_DROP,
17.5336,5,STA,WIFI_DROP,
17.5336,21,STA,WIFI_DROP,
17.536,5,STA,WIFI_DROP,
17.536,21,STA,WIFI_DROP,
17.5384,5,STA,WIFI_DROP,
17.5384,21,STA,WIFI_DROP,
17.5408,5,STA,WIFI_DROP,
17.5408,21,STA,WIFI_DROP,
17.5432,5,STA,WIFI_DROP,
17.5432,21,STA,WIFI_DROP,
17.5456,5,STA,WIFI_DROP,
17.5456,21,STA,WIFI_DROP,
17.548,5,STA,WIFI_DROP,
17.548,21,STA,WIFI_DROP,
17.5504,5,STA,WIFI_DROP,
17.5504,21,STA,WIFI_DROP,
17.5528,5,STA,WIFI_DROP,
17.5528,21,STA,WIFI_DROP,
17.5552,5,STA,WIFI_DROP,
17.5552,21,STA,WIFI_DROP,
17.5576,5,STA,WIFI_DROP,
17.5576,21,STA,WIFI_DROP,
17.56,5,STA,WIFI_DROP,
17.56,21,STA,WIFI_DROP,
17.5624,5,STA,WIFI_DROP,
17.5624,21,STA,WIFI_DROP,
17.5648,5,STA,WIFI_DROP,
17.5648,21,STA,WIFI_DROP,
17.5672,5,STA,WIFI_DROP,
17.5672,21,STA,WIFI_DROP,
17.5696,5,STA,WIFI_DROP,
17.5696,21,STA,WIFI_DROP,
17.572,5,STA,WIFI_DROP,
17.572,21,STA,WIFI_DROP,
17.5744,5,STA,WIFI_DROP,
17.5744,21,STA,WIFI_DROP,
17.5768,5,STA,WIFI_DROP,
17.5768,21,STA,WIFI_DROP,
17.5792,5,STA,WIFI_DROP,
17.5792,21,STA,WIFI_DROP,
17.5816,5,STA,WIFI_DROP,
17.5816,21,STA,WIFI_DROP,
17.584,5,STA,WIFI_DROP,
17.584,21,STA,WIFI_DROP,
17.5864,5,STA,WIFI_DROP,
17.5864,21,STA,WIFI_DROP,
17.5888,5,STA,WIFI_DROP,
17.5888,21,STA,WIFI_DROP,
17.5912,5,STA,WIFI_DROP,
17.5912,21,STA,WIFI_DROP,
17.5936,5,STA,WIFI_DROP,
17.5936,21,STA,WIFI_DROP,
17.596,5,STA,WIFI_DROP,
17.596,21,STA,WIFI_DROP,
17.5984,5,STA,WIFI_DROP,
17.5984,21,STA,WIFI_DROP,
17.6008,5,STA,WIFI_DROP,
17.6008,21,STA,WIFI_DROP,
17.6032,5,STA,WIFI_DROP,
17.6032,21,STA,WIFI_DROP,
17.6056,5,STA,WIFI_DROP,
17.6056,21,STA,WIFI_DROP,
17.608,5,STA,WIFI_DROP,
17.608,21,STA,WIFI_DROP,
17.6104,5,STA,WIFI_DROP,
17.6104,21,STA,WIFI_DROP,
17.6128,5,STA,WIFI_DROP,
17.6128,21,STA,WIFI_DROP,
17.6152,5,STA,WIFI_DROP,
17.6152,21,STA,WIFI_DROP,
17.6176,5,STA,WIFI_DROP,
17.6176,21,STA,WIFI_DROP,
17.62,5,STA,WIFI_DROP,
17.62,21,STA,WIFI_DROP,
17.6224,5,STA,WIFI_DROP,
17.6224,21,STA,WIFI_DROP,
17.6248,5,STA,WIFI_DROP,
17.6248,21,STA,WIFI_DROP,
17.6272,5,STA,WIFI_DROP,
17.6272,21,STA,WIFI_DROP,
17.6296,5,STA,WIFI_DROP,
17.6296,21,STA,WIFI_DROP,
17.632,5,STA,WIFI_DROP,
17.632,21,STA,WIFI_DROP,
17.6344,5,STA,WIFI_DROP,
17.6344,21,STA,WIFI_DROP,
17.6368,5,STA,WIFI_DROP,
17.6368,21,STA,WIFI_DROP,
17.6392,5,STA,WIFI_DROP,
17.6392,21,STA,WIFI_DROP,
17.6416,5,STA,WIFI_DROP,
17.6416,21,STA,WIFI_DROP,
17.644,5,STA,WIFI_DROP,
17.644,21,STA,WIFI_DROP,
17.6464,5,STA,WIFI_DROP,
17.6464,21,STA,WIFI_DROP,
17.6488,5,STA,WIFI_DROP,
17.6488,21,STA,WIFI_DROP,
17.6512,5,STA,WIFI_DROP,
17.6512,21,STA,WIFI_DROP,
17.6536,5,STA,WIFI_DROP,
17.6536,21,STA,WIFI_DROP,
17.656,5,STA,WIFI_DROP,
17.656,21,STA,WIFI_DROP,
17.6584,5,STA,WIFI_DROP,
17.6584,21,STA,WIFI_DROP,
17.6608,5,STA,WIFI_DROP,
17.6608,21,STA,WIFI_DROP,
17.6632,5,STA,WIFI_DROP,
17.6632,21,STA,WIFI_DROP,
17.6656,5,STA,WIFI_DROP,
17.6656,21,STA,WIFI_DROP,
17.668,5,STA,WIFI_DROP,
17.668,21,STA,WIFI_DROP,
17.6704,5,STA,WIFI_DROP,
17.6704,21,STA,WIFI_DROP,
17.6728,5,STA,WIFI_DROP,
17.6728,21,STA,WIFI_DROP,
17.6752,5,STA,WIFI_DROP,
17.6752,21,STA,WIFI_DROP,
17.6776,5,STA,WIFI_DROP,
17.6776,21,STA,WIFI_DROP,
17.68,5,STA,WIFI_DROP,
17.68,21,STA,WIFI_DROP,
17.6824,5,STA,WIFI_DROP,
17.6824,21,STA,WIFI_DROP,
17.6848,5,STA,WIFI_DROP,
17.6848,21,STA,WIFI_DROP,
17.6872,5,STA,WIFI_DROP,
17.6872,21,STA,WIFI_DROP,
17.6896,5,STA,WIFI_DROP,
17.6896,21,STA,WIFI_DROP,
17.692,5,STA,WIFI_DROP,
17.692,21,STA,WIFI_DROP,
17.6944,5,STA,WIFI_DROP,
17.6944,21,STA,WIFI_DROP,
17.6968,5,STA,WIFI_DROP,
17.6968,21,STA,WIFI_DROP,
17.6992,5,STA,WIFI_DROP,
17.6992,21,STA,WIFI_DROP,
17.7016,5,STA,WIFI_DROP,
17.7016,21,STA,WIFI_DROP,
17.704,5,STA,WIFI_DROP,
17.704,21,STA,WIFI_DROP,
17.7064,5,STA,WIFI_DROP,
17.7064,21,STA,WIFI_DROP,
17.7088,5,STA,WIFI_DROP,
17.7088,21,STA,WIFI_DROP,
17.7112,5,STA,WIFI_DROP,
17.7112,21,STA,WIFI_DROP,
17.7136,5,STA,WIFI_DROP,
17.7136,21,STA,WIFI_DROP,
17.716,5,STA,WIFI_DROP,
17.716,21,STA,WIFI_DROP,
17.7184,5,STA,WIFI_DROP,
17.7184,21,STA,WIFI_DROP,
17.7208,5,STA,WIFI_DROP,
17.7208,21,STA,WIFI_DROP,
17.7232,5,STA,WIFI_DROP,
17.7232,21,STA,WIFI_DROP,
17.7256,5,STA,WIFI_DROP,
17.7256,21,STA,WIFI_DROP,
17.728,5,STA,WIFI_DROP,
17.728,21,STA,WIFI_DROP,
17.7304,5,STA,WIFI_DROP,
17.7304,21,STA,WIFI_DROP,
17.7328,5,STA,WIFI_DROP,
17.7328,21,STA,WIFI_DROP,
17.7352,5,STA,WIFI_DROP,
17.7352,21,STA,WIFI_DROP,
17.7376,5,STA,WIFI_DROP,
17.7376,21,STA,WIFI_DROP,
17.74,5,STA,WIFI_DROP,
17.74,21,STA,WIFI_DROP,
17.7424,5,STA,WIFI_DROP,
17.7424,21,STA,WIFI_DROP,
17.7448,5,STA,WIFI_DROP,
17.7448,21,STA,WIFI_DROP,
17.7472,5,STA,WIFI_DROP,
17.7472,21,STA,WIFI_DROP,
17.7496,5,STA,WIFI_DROP,
17.7496,21,STA,WIFI_DROP,
17.752,5,STA,WIFI_DROP,
17.752,21,STA,WIFI_DROP,
17.7544,5,STA,WIFI_DROP,
17.7544,21,STA,WIFI_DROP,
17.7568,5,STA,WIFI_DROP,
17.7568,21,STA,WIFI_DROP,
17.7592,5,STA,WIFI_DROP,
17.7592,21,STA,WIFI_DROP,
17.7616,5,STA,WIFI_DROP,
17.7616,21,STA,WIFI_DROP,
17.764,5,STA,WIFI_DROP,
17.764,21,STA,WIFI_DROP,
17.7664,5,STA,WIFI_DROP,
17.7664,21,STA,WIFI_DROP,
17.7688,5,STA,WIFI_DROP,
17.7688,21,STA,WIFI_DROP,
17.7712,5,STA,WIFI_DROP,
17.7712,21,STA,WIFI_DROP,
17.7736,5,STA,WIFI_DROP,
17.7736,21,STA,WIFI_DROP,
17.776,5,STA,WIFI_DROP,
17.776,21,STA,WIFI_DROP,
17.7784,5,STA,WIFI_DROP,
17.7784,21,STA,WIFI_DROP,
17.7808,5,STA,WIFI_DROP,
17.7808,21,STA,WIFI_DROP,
17.7832,5,STA,WIFI_DROP,
17.7832,21,STA,WIFI_DROP,
17.7856,5,STA,WIFI_DROP,
17.7856,21,STA,WIFI_DROP,
17.788,5,STA,WIFI_DROP,
17.788,21,STA,WIFI_DROP,
17.7904,5,STA,WIFI_DROP,
17.7904,21,STA,WIFI_DROP,
17.7928,5,STA,WIFI_DROP,
17.7928,21,STA,WIFI_DROP,
17.7952,5,STA,WIFI_DROP,
17.7952,21,STA,WIFI_DROP,
17.7976,5,STA,WIFI_DROP,
17.7976,21,STA,WIFI_DROP,
17.8,5,STA,WIFI_DROP,
17.8,21,STA,WIFI_DROP,
17.8024,5,STA,WIFI_DROP,
17.8024,21,STA,WIFI_DROP,
17.8048,5,STA,WIFI_DROP,
17.8048,21,STA,WIFI_DROP,
17.8072,5,STA,WIFI_DROP,
17.8072,21,STA,WIFI_DROP,
17.8096,5,STA,WIFI_DROP,
17.8096,21,STA,WIFI_DROP,
17.812,5,STA,WIFI_DROP,
17.812,21,STA,WIFI_DROP,
17.8144,5,STA,WIFI_DROP,
17.8144,21,STA,WIFI_DROP,
17.8168,5,STA,WIFI_DROP,
17.8168,21,STA,WIFI_DROP,
17.8192,5,STA,WIFI_DROP,
17.8192,21,STA,WIFI_DROP,
17.8216,5,STA,WIFI_DROP,
17.8216,21,STA,WIFI_DROP,
17.824,5,STA,WIFI_DROP,
17.824,21,STA,WIFI_DROP,
17.8264,5,STA,WIFI_DROP,
17.8264,21,STA,WIFI_DROP,
17.8288,5,STA,WIFI_DROP,
17.8288,21,STA,WIFI_DROP,
17.8312,5,STA,WIFI_DROP,
17.8312,21,STA,WIFI_DROP,
17.8336,5,STA,WIFI_DROP,
17.8336,21,STA,WIFI_DROP,
17.836,5,STA,WIFI_DROP,
17.836,21,STA,WIFI_DROP,
17.8384,5,STA,WIFI_DROP,
17.8384,21,STA,WIFI_DROP,
17.8408,5,STA,WIFI_DROP,
17.8408,21,STA,WIFI_DROP,
17.8432,5,STA,WIFI_DROP,
17.8432,21,STA,WIFI_DROP,
17.8456,5,STA,WIFI_DROP,
17.8456,21,STA,WIFI_DROP,
17.848,5,STA,WIFI_DROP,
17.848,21,STA,WIFI_DROP,
17.8504,5,STA,WIFI_DROP,
17.8504,21,STA,WIFI_DROP,
17.8528,5,STA,WIFI_DROP,
17.8528,21,STA,WIFI_DROP,
17.8552,5,STA,WIFI_DROP,
17.8552,21,STA,WIFI_DROP,
17.8576,5,STA,WIFI_DROP,
17.8576,21,STA,WIFI_DROP,
17.86,5,STA,WIFI_DROP,
17.86,21,STA,WIFI_DROP,
17.8624,5,STA,WIFI_DROP,
17.8624,21,STA,WIFI_DROP,
17.8648,5,STA,WIFI_DROP,
17.8648,21,STA,WIFI_DROP,
17.8672,5,STA,WIFI_DROP,
17.8672,21,STA,WIFI_DROP,
17.8696,5,STA,WIFI_DROP,
17.8696,21,STA,WIFI_DROP,
17.872,21,STA,WIFI_DROP,
17.8744,21,STA,WIFI_DROP,
17.8768,21,STA,WIFI_DROP,
17.8792,21,STA,WIFI_DROP,
17.8816,21,STA,WIFI_DROP,
17.884,21,STA,WIFI_DROP,
17.8864,14,STA,WIFI_DROP,
17.8864,21,STA,WIFI_DROP,
17.8888,14,STA,WIFI_DROP,
17.8888,21,STA,WIFI_DROP,
17.8912,14,STA,WIFI_DROP,
17.8912,21,STA,WIFI_DROP,
17.8936,14,STA,WIFI_DROP,
17.8936,21,STA,WIFI_DROP,
17.896,14,STA,WIFI_DROP,
17.896,21,STA,WIFI_DROP,
17.8984,14,STA,WIFI_DROP,
17.8984,21,STA,WIFI_DROP,
17.9008,14,STA,WIFI_DROP,
17.9008,21,STA,WIFI_DROP,
17.9032,14,STA,WIFI_DROP,
17.9032,21,STA,WIFI_DROP,
17.9056,14,STA,WIFI_DROP,
17.9056,21,STA,WIFI_DROP,
17.908,14,STA,WIFI_DROP,
17.908,21,STA,WIFI_DROP,
17.9104,14,STA,WIFI_DROP,
17.9104,21,STA,WIFI_DROP,
17.9128,14,STA,WIFI_DROP,
17.9128,21,STA,WIFI_DROP,
17.9152,14,STA,WIFI_DROP,
17.9152,21,STA,WIFI_DROP,
17.9176,14,STA,WIFI_DROP,
17.9176,21,STA,WIFI_DROP,
17.92,14,STA,WIFI_DROP,
17.92,21,STA,WIFI_DROP,
17.9224,14,STA,WIFI_DROP,
17.9224,21,STA,WIFI_DROP,
17.9248,14,STA,WIFI_DROP,
17.9248,21,STA,WIFI_DROP,
17.9272,14,STA,WIFI_DROP,
17.9272,21,STA,WIFI_DROP,
17.9296,14,STA,WIFI_DROP,
17.9296,21,STA,WIFI_DROP,
17.932,14,STA,WIFI_DROP,
17.932,21,STA,WIFI_DROP,
17.9344,14,STA,WIFI_DROP,
17.9344,21,STA,WIFI_DROP,
17.9368,14,STA,WIFI_DROP,
17.9368,21,STA,WIFI_DROP,
17.9392,14,STA,WIFI_DROP,
17.9392,21,STA,WIFI_DROP,
17.9416,14,STA,WIFI_DROP,
17.9416,21,STA,WIFI_DROP,
17.944,14,STA,WIFI_DROP,
17.944,21,STA,WIFI_DROP,
17.9464,14,STA,WIFI_DROP,
17.9464,21,STA,WIFI_DROP,
17.9488,14,STA,WIFI_DROP,
17.9488,21,STA,WIFI_DROP,
17.9512,14,STA,WIFI_DROP,
17.9512,21,STA,WIFI_DROP,
17.9536,14,STA,WIFI_DROP,
17.9536,21,STA,WIFI_DROP,
17.956,14,STA,WIFI_DROP,
17.956,21,STA,WIFI_DROP,
17.9584,14,STA,WIFI_DROP,
17.9584,21,STA,WIFI_DROP,
17.9608,14,STA,WIFI_DROP,
17.9608,21,STA,WIFI_DROP,
17.9632,14,STA,WIFI_DROP,
17.9632,21,STA,WIFI_DROP,
17.9656,14,STA,WIFI_DROP,
17.9656,21,STA,WIFI_DROP,
17.968,14,STA,WIFI_DROP,
17.968,21,STA,WIFI_DROP,
17.9704,14,STA,WIFI_DROP,
17.9704,21,STA,WIFI_DROP,
17.9728,14,STA,WIFI_DROP,
17.9728,21,STA,WIFI_DROP,
17.9752,14,STA,WIFI_DROP,
17.9752,21,STA,WIFI_DROP,
17.9776,14,STA,WIFI_DROP,
17.9776,21,STA,WIFI_DROP,
17.98,14,STA,WIFI_DROP,
17.98,21,STA,WIFI_DROP,
17.9824,14,STA,WIFI_DROP,
17.9824,21,STA,WIFI_DROP,
17.9848,14,STA,WIFI_DROP,
17.9848,21,STA,WIFI_DROP,
17.9872,9,STA,WIFI_DROP,
17.9872,14,STA,WIFI_DROP,
17.9872,21,STA,WIFI_DROP,
17.9896,9,STA,WIFI_DROP,
17.9896,21,STA,WIFI_DROP,
17.992,9,STA,WIFI_DROP,
17.992,21,STA,WIFI_DROP,
17.9944,9,STA,WIFI_DROP,
17.9944,21,STA,WIFI_DROP,
17.9968,9,STA,WIFI_DROP,
17.9968,21,STA,WIFI_DROP,
17.9992,9,STA,WIFI_DROP,
17.9992,21,STA,WIFI_DROP,
18,2,STA,THROUGHPUT_MBPS,2.616000
18,3,STA,THROUGHPUT_MBPS,2.292000
18,5,STA,THROUGHPUT_MBPS,1.032000
18,7,STA,THROUGHPUT_MBPS,2.568000
18,8,STA,THROUGHPUT_MBPS,3.084000
18,9,STA,THROUGHPUT_MBPS,1.236000
18,10,STA,THROUGHPUT_MBPS,0.408000
18,11,STA,THROUGHPUT_MBPS,0.756000
18,12,STA,THROUGHPUT_MBPS,2.616000
18,14,STA,THROUGHPUT_MBPS,2.424000
18,15,STA,THROUGHPUT_MBPS,1.788000
18,16,STA,THROUGHPUT_MBPS,3.480000
18,17,STA,THROUGHPUT_MBPS,3.720000
18,20,STA,THROUGHPUT_MBPS,2.328000
18,21,STA,THROUGHPUT_MBPS,0.012000
18,1,AP,AGGREGATE_THROUGHPUT_MBPS,30.360000
18,1,AP,SENT_COUNT,8340.000000
18,1,AP,RECV_COUNT,2530.000000
18,1,AP,LATENCY_P95_MS,543.259877
18.0016,9,STA,WIFI_DROP,
18.0016,21,STA,WIFI_DROP,
18.004,9,STA,WIFI_DROP,
18.004,21,STA,WIFI_DROP,
18.0064,9,STA,WIFI_DROP,
18.0064,21,STA,WIFI_DROP,
18.0088,9,STA,WIFI_DROP,
18.0088,21,STA,WIFI_DROP,
18.0112,9,STA,WIFI_DROP,
18.0112,21,STA,WIFI_DROP,
18.0136,9,STA,WIFI_DROP,
18.0136,21,STA,WIFI_DROP,
18.016,9,STA,WIFI_DROP,
18.016,21,STA,WIFI_DROP,
18.0184,9,STA,WIFI_DROP,
18.0184,21,STA,WIFI_DROP,
18.0208,9,STA,WIFI_DROP,
18.0208,21,STA,WIFI_DROP,
18.0232,9,STA,WIFI_DROP,
18.0232,21,STA,WIFI_DROP,
18.0256,9,STA,WIFI_DROP,
18.0256,21,STA,WIFI_DROP,
18.028,9,STA,WIFI_DROP,
18.028,21,STA,WIFI_DROP,
18.0304,9,STA,WIFI_DROP,
18.0304,21,STA,WIFI_DROP,
18.0328,9,STA,WIFI_DROP,
18.0328,21,STA,WIFI_DROP,
18.0352,9,STA,WIFI_DROP,
18.0352,21,STA,WIFI_DROP,
18.0376,9,STA,WIFI_DROP,
18.0376,21,STA,WIFI_DROP,
18.04,9,STA,WIFI_DROP,
18.04,21,STA,WIFI_DROP,
18.0424,9,STA,WIFI_DROP,
18.0424,21,STA,WIFI_DROP,
18.0448,9,STA,WIFI_DROP,
18.0448,21,STA,WIFI_DROP,
18.0472,9,STA,WIFI_DROP,
18.0472,21,STA,WIFI_DROP,
18.0496,9,STA,WIFI_DROP,
18.0496,21,STA,WIFI_DROP,
18.052,9,STA,WIFI_DROP,
18.052,21,STA,WIFI_DROP,
18.0544,9,STA,WIFI_DROP,
18.0544,21,STA,WIFI_DROP,
18.0568,9,STA,WIFI_DROP,
18.0568,21,STA,WIFI_DROP,
18.0592,9,STA,WIFI_DROP,
18.0592,21,STA,WIFI_DROP,
18.0616,9,STA,WIFI_DROP,
18.0616,21,STA,WIFI_DROP,
18.064,9,STA,WIFI_DROP,
18.064,21,STA,WIFI_DROP,
18.0664,9,STA,WIFI_DROP,
18.0664,21,STA,WIFI_DROP,
18.0688,9,STA,WIFI_DROP,
18.0688,21,STA,WIFI_DROP,
18.0712,9,STA,WIFI_DROP,
18.0712,21,STA,WIFI_DROP,
18.0736,9,STA,WIFI_DROP,
18.0736,21,STA,WIFI_DROP,
18.076,9,STA,WIFI_DROP,
18.076,21,STA,WIFI_DROP,
18.0784,9,STA,WIFI_DROP,
18.0784,21,STA,WIFI_DROP,
18.0808,9,STA,WIFI_DROP,
18.0808,21,STA,WIFI_DROP,
18.0832,9,STA,WIFI_DROP,
18.0832,21,STA,WIFI_DROP,
18.0856,9,STA,WIFI_DROP,
18.0856,21,STA,WIFI_DROP,
18.088,9,STA,WIFI_DROP,
18.088,21,STA,WIFI_DROP,
18.0904,9,STA,WIFI_DROP,
18.0904,21,STA,WIFI_DROP,
18.0928,8,STA,WIFI_DROP,
18.0928,9,STA,WIFI_DROP,
18.0928,21,STA,WIFI_DROP,
18.0952,8,STA,WIFI_DROP,
18.0952,9,STA,WIFI_DROP,
18.0952,21,STA,WIFI_DROP,
18.0976,8,STA,WIFI_DROP,
18.0976,9,STA,WIFI_DROP,
18.0976,21,STA,WIFI_DROP,
18.1,8,STA,WIFI_DROP,
18.1,9,STA,WIFI_DROP,
18.1,21,STA,WIFI_DROP,
18.1024,8,STA,WIFI_DROP,
18.1024,9,STA,WIFI_DROP,
18.1024,21,STA,WIFI_DROP,
18.1048,8,STA,WIFI_DROP,
18.1048,9,STA,WIFI_DROP,
18.1048,21,STA,WIFI_DROP,
18.1072,8,STA,WIFI_DROP,
18.1072,9,STA,WIFI_DROP,
18.1072,21,STA,WIFI_DROP,
18.1096,8,STA,WIFI_DROP,
18.1096,9,STA,WIFI_DROP,
18.1096,21,STA,WIFI_DROP,
18.112,8,STA,WIFI_DROP,
18.112,9,STA,WIFI_DROP,
18.112,21,STA,WIFI_DROP,
18.1144,8,STA,WIFI_DROP,
18.1144,9,STA,WIFI_DROP,
18.1144,21,STA,WIFI_DROP,
18.1168,8,STA,WIFI_DROP,
18.1168,9,STA,WIFI_DROP,
18.1168,21,STA,WIFI_DROP,
18.1192,8,STA,WIFI_DROP,
18.1192,9,STA,WIFI_DROP,
18.1192,21,STA,WIFI_DROP,
18.1216,8,STA,WIFI_DROP,
18.1216,9,STA,WIFI_DROP,
18.1216,21,STA,WIFI_DROP,
18.124,8,STA,WIFI_DROP,
18.124,9,STA,WIFI_DROP,
18.124,21,STA,WIFI_DROP,
18.1264,8,STA,WIFI_DROP,
18.1264,9,STA,WIFI_DROP,
18.1264,21,STA,WIFI_DROP,
18.1288,8,STA,WIFI_DROP,
18.1288,9,STA,WIFI_DROP,
18.1288,21,STA,WIFI_DROP,
18.1312,8,STA,WIFI_DROP,
18.1312,9,STA,WIFI_DROP,
18.1312,21,STA,WIFI_DROP,
18.1336,8,STA,WIFI_DROP,
18.1336,9,STA,WIFI_DROP,
18.1336,21,STA,WIFI_DROP,
18.136,8,STA,WIFI_DROP,
18.136,9,STA,WIFI_DROP,
18.136,21,STA,WIFI_DROP,
18.1384,8,STA,WIFI_DROP,
18.1384,9,STA,WIFI_DROP,
18.1384,21,STA,WIFI_DROP,
18.1408,8,STA,WIFI_DROP,
18.1408,9,STA,WIFI_DROP,
18.1408,21,STA,WIFI_DROP,
18.1432,8,STA,WIFI_DROP,
18.1432,9,STA,WIFI_DROP,
18.1432,21,STA,WIFI_DROP,
18.1456,8,STA,WIFI_DROP,
18.1456,9,STA,WIFI_DROP,
18.1456,21,STA,WIFI_DROP,
18.148,8,STA,WIFI_DROP,
18.148,9,STA,WIFI_DROP,
18.148,21,STA,WIFI_DROP,
18.1504,8,STA,WIFI_DROP,
18.1504,9,STA,WIFI_DROP,
18.1504,21,STA,WIFI_DROP,
18.1528,8,STA,WIFI_DROP,
18.1528,9,STA,WIFI_DROP,
18.1528,21,STA,WIFI_DROP,
18.1552,8,STA,WIFI_DROP,
18.1552,9,STA,WIFI_DROP,
18.1552,21,STA,WIFI_DROP,
18.1576,8,STA,WIFI_DROP,
18.1576,9,STA,WIFI_DROP,
18.1576,21,STA,WIFI_DROP,
18.16,8,STA,WIFI_DROP,
18.16,9,STA,WIFI_DROP,
18.16,21,STA,WIFI_DROP,
18.1624,8,STA,WIFI_DROP,
18.1624,9,STA,WIFI_DROP,
18.1624,21,STA,WIFI_DROP,
18.1648,8,STA,WIFI_DROP,
18.1648,9,STA,WIFI_DROP,
18.1648,21,STA,WIFI_DROP,
18.1672,8,STA,WIFI_DROP,
18.1672,9,STA,WIFI_DROP,
18.1672,21,STA,WIFI_DROP,
18.1696,8,STA,WIFI_DROP,
18.1696,9,STA,WIFI_DROP,
18.1696,21,STA,WIFI_DROP,
18.172,8,STA,WIFI_DROP,
18.172,9,STA,WIFI_DROP,
18.172,21,STA,WIFI_DROP,
18.1744,8,STA,WIFI_DROP,
18.1744,9,STA,WIFI_DROP,
18.1744,21,STA,WIFI_DROP,
18.1768,8,STA,WIFI_DROP,
18.1768,9,STA,WIFI_DROP,
18.1768,21,STA,WIFI_DROP,
18.1792,8,STA,WIFI_DROP,
18.1792,9,STA,WIFI_DROP,
18.1792,21,STA,WIFI_DROP,
18.1816,8,STA,WIFI_DROP,
18.1816,9,STA,WIFI_DROP,
18.1816,21,STA,WIFI_DROP,
18.184,8,STA,WIFI_DROP,
18.184,9,STA,WIFI_DROP,
18.184,21,STA,WIFI_DROP,
18.1864,8,STA,WIFI_DROP,
18.1864,9,STA,WIFI_DROP,
18.1864,21,STA,WIFI_DROP,
18.1888,8,STA,WIFI_DROP,
18.1888,9,STA,WIFI_DROP,
18.1888,21,STA,WIFI_DROP,
18.1912,8,STA,WIFI_DROP,
18.1912,9,STA,WIFI_DROP,
18.1912,21,STA,WIFI_DROP,
18.1936,8,STA,WIFI_DROP,
18.1936,9,STA,WIFI_DROP,
18.1936,21,STA,WIFI_DROP,
18.196,8,STA,WIFI_DROP,
18.196,9,STA,WIFI_DROP,
18.196,21,STA,WIFI_DROP,
18.1984,8,STA,WIFI_DROP,
18.1984,9,STA,WIFI_DROP,
18.1984,21,STA,WIFI_DROP,
18.2008,8,STA,WIFI_DROP,
18.2008,9,STA,WIFI_DROP,
18.2008,21,STA,WIFI_DROP,
18.2032,8,STA,WIFI_DROP,
18.2032,9,STA,WIFI_DROP,
18.2032,21,STA,WIFI_DROP,
18.2056,8,STA,WIFI_DROP,
18.2056,9,STA,WIFI_DROP,
18.2056,21,STA,WIFI_DROP,
18.208,8,STA,WIFI_DROP,
18.208,9,STA,WIFI_DROP,
18.208,21,STA,WIFI_DROP,
18.2104,8,STA,WIFI_DROP,
18.2104,9,STA,WIFI_DROP,
18.2104,21,STA,WIFI_DROP,
18.2128,8,STA,WIFI_DROP,
18.2128,9,STA,WIFI_DROP,
18.2128,21,STA,WIFI_DROP,
18.2152,8,STA,WIFI_DROP,
18.2152,9,STA,WIFI_DROP,
18.2152,21,STA,WIFI_DROP,
18.2176,8,STA,WIFI_DROP,
18.2176,9,STA,WIFI_DROP,
18.2176,21,STA,WIFI_DROP,
18.22,8,STA,WIFI_DROP,
18.22,9,STA,WIFI_DROP,
18.22,21,STA,WIFI_DROP,
18.2224,8,STA,WIFI_DROP,
18.2224,9,STA,WIFI_DROP,
18.2224,21,STA,WIFI_DROP,
18.2248,8,STA,WIFI_DROP,
18.2248,9,STA,WIFI_DROP,
18.2248,21,STA,WIFI_DROP,
18.2272,8,STA,WIFI_DROP,
18.2272,9,STA,WIFI_DROP,
18.2272,21,STA,WIFI_DROP,
18.2296,8,STA,WIFI_DROP,
18.2296,9,STA,WIFI_DROP,
18.2296,21,STA,WIFI_DROP,
18.232,8,STA,WIFI_DROP,
18.232,9,STA,WIFI_DROP,
18.232,21,STA,WIFI_DROP,
18.2344,8,STA,WIFI_DROP,
18.2344,9,STA,WIFI_DROP,
18.2344,21,STA,WIFI_DROP,
18.2368,8,STA,WIFI_DROP,
18.2368,9,STA,WIFI_DROP,
18.2368,21,STA,WIFI_DROP,
18.2392,8,STA,WIFI_DROP,
18.2392,9,STA,WIFI_DROP,
18.2392,21,STA,WIFI_DROP,
18.2416,8,STA,WIFI_DROP,
18.2416,9,STA,WIFI_DROP,
18.2416,21,STA,WIFI_DROP,
18.244,9,STA,WIFI_DROP,
18.244,21,STA,WIFI_DROP,
18.2464,9,STA,WIFI_DROP,
18.2464,21,STA,WIFI_DROP,
18.2488,9,STA,WIFI_DROP,
18.2488,21,STA,WIFI_DROP,
18.2512,9,STA,WIFI_DROP,
18.2512,21,STA,WIFI_DROP,
18.2536,9,STA,WIFI_DROP,
18.2536,21,STA,WIFI_DROP,
18.256,9,STA,WIFI_DROP,
18.256,21,STA,WIFI_DROP,
18.2584,9,STA,WIFI_DROP,
18.2584,21,STA,WIFI_DROP,
18.2608,9,STA,WIFI_DROP,
18.2608,21,STA,WIFI_DROP,
18.2632,9,STA,WIFI_DROP,
18.2632,21,STA,WIFI_DROP,
18.2656,9,STA,WIFI_DROP,
18.2656,21,STA,WIFI_DROP,
18.268,9,STA,WIFI_DROP,
18.268,21,STA,WIFI_DROP,
18.2704,9,STA,WIFI_DROP,
18.2728,9,STA,WIFI_DROP,
18.2752,9,STA,WIFI_DROP,
18.2776,9,STA,WIFI_DROP,
18.28,9,STA,WIFI_DROP,
18.2824,9,STA,WIFI_DROP,
18.2848,9,STA,WIFI_DROP,
18.2872,9,STA,WIFI_DROP,
18.2896,9,STA,WIFI_DROP,
18.292,9,STA,WIFI_DROP,
18.292,21,STA,WIFI_DROP,
18.2944,9,STA,WIFI_DROP,
18.2944,21,STA,WIFI_DROP,
18.2968,7,STA,WIFI_DROP,
18.2968,9,STA,WIFI_DROP,
18.2968,10,STA,WIFI_DROP,
18.2968,18,STA,WIFI_DROP,
18.2968,20,STA,WIFI_DROP,
18.2968,21,STA,WIFI_DROP,
18.2992,7,STA,WIFI_DROP,
18.2992,9,STA,WIFI_DROP,
18.2992,10,STA,WIFI_DROP,
18.2992,18,STA,WIFI_DROP,
18.2992,20,STA,WIFI_DROP,
18.2992,21,STA,WIFI_DROP,
18.3016,7,STA,WIFI_DROP,
18.3016,9,STA,WIFI_DROP,
18.3016,10,STA,WIFI_DROP,
18.3016,18,STA,WIFI_DROP,
18.3016,20,STA,WIFI_DROP,
18.3016,21,STA,WIFI_DROP,
18.304,7,STA,WIFI_DROP,
18.304,9,STA,WIFI_DROP,
18.304,10,STA,WIFI_DROP,
18.304,18,STA,WIFI_DROP,
18.304,20,STA,WIFI_DROP,
18.304,21,STA,WIFI_DROP,
18.3064,7,STA,WIFI_DROP,
18.3064,9,STA,WIFI_DROP,
18.3064,10,STA,WIFI_DROP,
18.3064,18,STA,WIFI_DROP,
18.3064,20,STA,WIFI_DROP,
18.3064,21,STA,WIFI_DROP,
18.3088,7,STA,WIFI_DROP,
18.3088,9,STA,WIFI_DROP,
18.3088,10,STA,WIFI_DROP,
18.3088,18,STA,WIFI_DROP,
18.3088,20,STA,WIFI_DROP,
18.3088,21,STA,WIFI_DROP,
18.3112,7,STA,WIFI_DROP,
18.3112,9,STA,WIFI_DROP,
18.3112,10,STA,WIFI_DROP,
18.3112,18,STA,WIFI_DROP,
18.3112,20,STA,WIFI_DROP,
18.3112,21,STA,WIFI_DROP,
18.3136,7,STA,WIFI_DROP,
18.3136,9,STA,WIFI_DROP,
18.3136,10,STA,WIFI_DROP,
18.3136,18,STA,WIFI_DROP,
18.3136,20,STA,WIFI_DROP,
18.3136,21,STA,WIFI_DROP,
18.316,7,STA,WIFI_DROP,
18.316,9,STA,WIFI_DROP,
18.316,10,STA,WIFI_DROP,
18.316,18,STA,WIFI_DROP,
18.316,20,STA,WIFI_DROP,
18.316,21,STA,WIFI_DROP,
18.3184,7,STA,WIFI_DROP,
18.3184,9,STA,WIFI_DROP,
18.3184,10,STA,WIFI_DROP,
18.3184,18,STA,WIFI_DROP,
18.3184,20,STA,WIFI_DROP,
18.3184,21,STA,WIFI_DROP,
18.3208,7,STA,WIFI_DROP,
18.3208,9,STA,WIFI_DROP,
18.3208,10,STA,WIFI_DROP,
18.3208,18,STA,WIFI_DROP,
18.3208,20,STA,WIFI_DROP,
18.3208,21,STA,WIFI_DROP,
18.3232,7,STA,WIFI_DROP,
18.3232,9,STA,WIFI_DROP,
18.3232,10,STA,WIFI_DROP,
18.3232,18,STA,WIFI_DROP,
18.3232,20,STA,WIFI_DROP,
18.3232,21,STA,WIFI_DROP,
18.3256,7,STA,WIFI_DROP,
18.3256,9,STA,WIFI_DROP,
18.3256,10,STA,WIFI_DROP,
18.3256,18,STA,WIFI_DROP,
18.3256,20,STA,WIFI_DROP,
18.3256,21,STA,WIFI_DROP,
18.328,7,STA,WIFI_DROP,
18.328,9,STA,WIFI_DROP,
18.328,10,STA,WIFI_DROP,
18.328,18,STA,WIFI_DROP,
18.328,20,STA,WIFI_DROP,
18.328,21,STA,WIFI_DROP,
18.3304,7,STA,WIFI_DROP,
18.3304,9,STA,WIFI_DROP,
18.3304,10,STA,WIFI_DROP,
18.3304,18,STA,WIFI_DROP,
18.3304,20,STA,WIFI_DROP,
18.3304,21,STA,WIFI_DROP,
18.3328,7,STA,WIFI_DROP,
18.3328,9,STA,WIFI_DROP,
18.3328,10,STA,WIFI_DROP,
18.3328,18,STA,WIFI_DROP,
18.3328,20,STA,WIFI_DROP,
18.3328,21,STA,WIFI_DROP,
18.3352,7,STA,WIFI_DROP,
18.3352,9,STA,WIFI_DROP,
18.3352,10,STA,WIFI_DROP,
18.3352,18,STA,WIFI_DROP,
18.3352,20,STA,WIFI_DROP,
18.3352,21,STA,WIFI_DROP,
18.3376,7,STA,WIFI_DROP,
18.3376,9,STA,WIFI_DROP,
18.3376,10,STA,WIFI_DROP,
18.3376,18,STA,WIFI_DROP,
18.3376,20,STA,WIFI_DROP,
18.3376,21,STA,WIFI_DROP,
18.34,7,STA,WIFI_DROP,
18.34,9,STA,WIFI_DROP,
18.34,10,STA,WIFI_DROP,
18.34,18,STA,WIFI_DROP,
18.34,20,STA,WIFI_DROP,
18.34,21,STA,WIFI_DROP,
18.3424,7,STA,WIFI_DROP,
18.3424,9,STA,WIFI_DROP,
18.3424,10,STA,WIFI_DROP,
18.3424,18,STA,WIFI_DROP,
18.3424,20,STA,WIFI_DROP,
18.3424,21,STA,WIFI_DROP,
18.3448,7,STA,WIFI_DROP,
18.3448,9,STA,WIFI_DROP,
18.3448,10,STA,WIFI_DROP,
18.3448,18,STA,WIFI_DROP,
18.3448,20,STA,WIFI_DROP,
18.3448,21,STA,WIFI_DROP,
18.3472,7,STA,WIFI_DROP,
18.3472,9,STA,WIFI_DROP,
18.3472,10,STA,WIFI_DROP,
18.3472,18,STA,WIFI_DROP,
18.3472,20,STA,WIFI_DROP,
18.3472,21,STA,WIFI_DROP,
18.3496,7,STA,WIFI_DROP,
18.3496,9,STA,WIFI_DROP,
18.3496,10,STA,WIFI_DROP,
18.3496,18,STA,WIFI_DROP,
18.3496,20,STA,WIFI_DROP,
18.3496,21,STA,WIFI_DROP,
18.352,7,STA,WIFI_DROP,
18.352,9,STA,WIFI_DROP,
18.352,10,STA,WIFI_DROP,
18.352,18,STA,WIFI_DROP,
18.352,20,STA,WIFI_DROP,
18.352,21,STA,WIFI_DROP,
18.3544,7,STA,WIFI_DROP,
18.3544,9,STA,WIFI_DROP,
18.3544,10,STA,WIFI_DROP,
18.3544,18,STA,WIFI_DROP,
18.3544,20,STA,WIFI_DROP,
18.3544,21,STA,WIFI_DROP,
18.3568,7,STA,WIFI_DROP,
18.3568,9,STA,WIFI_DROP,
18.3568,10,STA,WIFI_DROP,
18.3568,18,STA,WIFI_DROP,
18.3568,20,STA,WIFI_DROP,
18.3568,21,STA,WIFI_DROP,
18.3592,7,STA,WIFI_DROP,
18.3592,9,STA,WIFI_DROP,
18.3592,10,STA,WIFI_DROP,
18.3592,18,STA,WIFI_DROP,
18.3592,20,STA,WIFI_DROP,
18.3592,21,STA,WIFI_DROP,
18.3616,7,STA,WIFI_DROP,
18.3616,9,STA,WIFI_DROP,
18.3616,10,STA,WIFI_DROP,
18.3616,18,STA,WIFI_DROP,
18.3616,20,STA,WIFI_DROP,
18.3616,21,STA,WIFI_DROP,
18.364,7,STA,WIFI_DROP,
18.364,9,STA,WIFI_DROP,
18.364,10,STA,WIFI_DROP,
18.364,18,STA,WIFI_DROP,
18.364,20,STA,WIFI_DROP,
18.364,21,STA,WIFI_DROP,
18.3664,7,STA,WIFI_DROP,
18.3664,9,STA,WIFI_DROP,
18.3664,10,STA,WIFI_DROP,
18.3664,18,STA,WIFI_DROP,
18.3664,20,STA,WIFI_DROP,
18.3664,21,STA,WIFI_DROP,
18.3688,7,STA,WIFI_DROP,
18.3688,9,STA,WIFI_DROP,
18.3688,10,STA,WIFI_DROP,
18.3688,18,STA,WIFI_DROP,
18.3688,20,STA,WIFI_DROP,
18.3688,21,STA,WIFI_DROP,
18.3712,7,STA,WIFI_DROP,
18.3712,9,STA,WIFI_DROP,
18.3712,10,STA,WIFI_DROP,
18.3712,18,STA,WIFI_DROP,
18.3712,20,STA,WIFI_DROP,
18.3712,21,STA,WIFI_DROP,
18.3736,7,STA,WIFI_DROP,
18.3736,9,STA,WIFI_DROP,
18.3736,10,STA,WIFI_DROP,
18.3736,18,STA,WIFI_DROP,
18.3736,20,STA,WIFI_DROP,
18.3736,21,STA,WIFI_DROP,
18.376,7,STA,WIFI_DROP,
18.376,9,STA,WIFI_DROP,
18.376,10,STA,WIFI_DROP,
18.376,18,STA,WIFI_DROP,
18.376,20,STA,WIFI_DROP,
18.376,21,STA,WIFI_DROP,
18.3784,7,STA,WIFI_DROP,
18.3784,9,STA,WIFI_DROP,
18.3784,10,STA,WIFI_DROP,
18.3784,18,STA,WIFI_DROP,
18.3784,20,STA,WIFI_DROP,
18.3784,21,STA,WIFI_DROP,
18.3808,7,STA,WIFI_DROP,
18.3808,9,STA,WIFI_DROP,
18.3808,10,STA,WIFI_DROP,
18.3808,18,STA,WIFI_DROP,
18.3808,20,STA,WIFI_DROP,
18.3808,21,STA,WIFI_DROP,
18.3832,7,STA,WIFI_DROP,
18.3832,9,STA,WIFI_DROP,
18.3832,10,STA,WIFI_DROP,
18.3832,18,STA,WIFI_DROP,
18.3832,20,STA,WIFI_DROP,
18.3832,21,STA,WIFI_DROP,
18.3856,7,STA,WIFI_DROP,
18.3856,9,STA,WIFI_DROP,
18.3856,10,STA,WIFI_DROP,
18.3856,18,STA,WIFI_DROP,
18.3856,20,STA,WIFI_DROP,
18.3856,21,STA,WIFI_DROP,
18.388,7,STA,WIFI_DROP,
18.388,9,STA,WIFI_DROP,
18.388,10,STA,WIFI_DROP,
18.388,18,STA,WIFI_DROP,
18.388,20,STA,WIFI_DROP,
18.388,21,STA,WIFI_DROP,
18.3904,7,STA,WIFI_DROP,
18.3904,9,STA,WIFI_DROP,
18.3904,10,STA,WIFI_DROP,
18.3904,18,STA,WIFI_DROP,
18.3904,20,STA,WIFI_DROP,
18.3904,21,STA,WIFI_DROP,
18.3928,7,STA,WIFI_DROP,
18.3928,9,STA,WIFI_DROP,
18.3928,10,STA,WIFI_DROP,
18.3928,18,STA,WIFI_DROP,
18.3928,20,STA,WIFI_DROP,
18.3928,21,STA,WIFI_DROP,
18.3952,7,STA,WIFI_DROP,
18.3952,9,STA,WIFI_DROP,
18.3952,10,STA,WIFI_DROP,
18.3952,18,STA,WIFI_DROP,
18.3952,20,STA,WIFI_DROP,
18.3952,21,STA,WIFI_DROP,
18.3976,7,STA,WIFI_DROP,
18.3976,9,STA,WIFI_DROP,
18.3976,10,STA,WIFI_DROP,
18.3976,18,STA,WIFI_DROP,
18.3976,20,STA,WIFI_DROP,
18.3976,21,STA,WIFI_DROP,
18.4,7,STA,WIFI_DROP,
18.4,9,STA,WIFI_DROP,
18.4,18,STA,WIFI_DROP,
18.4,20,STA,WIFI_DROP,
18.4,21,STA,WIFI_DROP,
18.4024,7,STA,WIFI_DROP,
18.4024,9,STA,WIFI_DROP,
18.4024,18,STA,WIFI_DROP,
18.4024,21,STA,WIFI_DROP,
18.4048,9,STA,WIFI_DROP,
18.4048,18,STA,WIFI_DROP,
18.4048,21,STA,WIFI_DROP,
18.4072,9,STA,WIFI_DROP,
18.4072,18,STA,WIFI_DROP,
18.4072,21,STA,WIFI_DROP,
18.4096,9,STA,WIFI_DROP,
18.4096,18,STA,WIFI_DROP,
18.4096,21,STA,WIFI_DROP,
18.412,9,STA,WIFI_DROP,
18.412,18,STA,WIFI_DROP,
18.412,21,STA,WIFI_DROP,
18.4144,9,STA,WIFI_DROP,
18.4144,18,STA,WIFI_DROP,
18.4144,21,STA,WIFI_DROP,
18.4168,9,STA,WIFI_DROP,
18.4168,18,STA,WIFI_DROP,
18.4168,21,STA,WIFI_DROP,
18.4192,9,STA,WIFI_DROP,
18.4192,18,STA,WIFI_DROP,
18.4192,21,STA,WIFI_DROP,
18.4216,9,STA,WIFI_DROP,
18.4216,18,STA,WIFI_DROP,
18.4216,21,STA,WIFI_DROP,
18.424,9,STA,WIFI_DROP,
18.424,18,STA,WIFI_DROP,
18.424,21,STA,WIFI_DROP,
18.4264,9,STA,WIFI_DROP,
18.4264,18,STA,WIFI_DROP,
18.4264,21,STA,WIFI_DROP,
18.4288,9,STA,WIFI_DROP,
18.4288,18,STA,WIFI_DROP,
18.4288,21,STA,WIFI_DROP,
18.4312,9,STA,WIFI_DROP,
18.4312,18,STA,WIFI_DROP,
18.4312,21,STA,WIFI_DROP,
18.4336,9,STA,WIFI_DROP,
18.4336,18,STA,WIFI_DROP,
18.4336,21,STA,WIFI_DROP,
18.436,9,STA,WIFI_DROP,
18.436,18,STA,WIFI_DROP,
18.436,21,STA,WIFI_DROP,
18.4384,9,STA,WIFI_DROP,
18.4384,18,STA,WIFI_DROP,
18.4384,21,STA,WIFI_DROP,
18.4408,9,STA,WIFI_DROP,
18.4408,18,STA,WIFI_DROP,
18.4408,21,STA,WIFI_DROP,
18.4432,9,STA,WIFI_DROP,
18.4432,18,STA,WIFI_DROP,
18.4432,21,STA,WIFI_DROP,
18.4456,9,STA,WIFI_DROP,
18.4456,18,STA,WIFI_DROP,
18.4456,21,STA,WIFI_DROP,
18.448,9,STA,WIFI_DROP,
18.448,18,STA,WIFI_DROP,
18.448,21,STA,WIFI_DROP,
18.4504,9,STA,WIFI_DROP,
18.4504,18,STA,WIFI_DROP,
18.4504,21,STA,WIFI_DROP,
18.4528,9,STA,WIFI_DROP,
18.4528,21,STA,WIFI_DROP,
18.4552,9,STA,WIFI_DROP,
18.4552,21,STA,WIFI_DROP,
18.4576,9,STA,WIFI_DROP,
18.4576,21,STA,WIFI_DROP,
18.46,9,STA,WIFI_DROP,
18.46,21,STA,WIFI_DROP,
18.4624,9,STA,WIFI_DROP,
18.4624,21,STA,WIFI_DROP,
18.4648,9,STA,WIFI_DROP,
18.4648,21,STA,WIFI_DROP,
18.4672,9,STA,WIFI_DROP,
18.4672,21,STA,WIFI_DROP,
18.4696,9,STA,WIFI_DROP,
18.4696,21,STA,WIFI_DROP,
18.472,9,STA,WIFI_DROP,
18.472,21,STA,WIFI_DROP,
18.4744,9,STA,WIFI_DROP,
18.4744,21,STA,WIFI_DROP,
18.4768,9,STA,WIFI_DROP,
18.4768,21,STA,WIFI_DROP,
18.4792,9,STA,WIFI_DROP,
18.4792,21,STA,WIFI_DROP,
18.4816,9,STA,WIFI_DROP,
18.4816,21,STA,WIFI_DROP,
18.484,9,STA,WIFI_DROP,
18.484,21,STA,WIFI_DROP,
18.4864,9,STA,WIFI_DROP,
18.4864,21,STA,WIFI_DROP,
18.4888,9,STA,WIFI_DROP,
18.4888,21,STA,WIFI_DROP,
18.4912,9,STA,WIFI_DROP,
18.4912,21,STA,WIFI_DROP,
18.4936,9,STA,WIFI_DROP,
18.4936,21,STA,WIFI_DROP,
18.496,9,STA,WIFI_DROP,
18.496,21,STA,WIFI_DROP,
18.4984,9,STA,WIFI_DROP,
18.4984,21,STA,WIFI_DROP,
18.5008,9,STA,WIFI_DROP,
18.5008,21,STA,WIFI_DROP,
18.5032,9,STA,WIFI_DROP,
18.5032,21,STA,WIFI_DROP,
18.5056,9,STA,WIFI_DROP,
18.5056,21,STA,WIFI_DROP,
18.508,9,STA,WIFI_DROP,
18.508,21,STA,WIFI_DROP,
18.5104,9,STA,WIFI_DROP,
18.5104,21,STA,WIFI_DROP,
18.5128,9,STA,WIFI_DROP,
18.5128,21,STA,WIFI_DROP,
18.5152,9,STA,WIFI_DROP,
18.5152,21,STA,WIFI_DROP,
18.5176,9,STA,WIFI_DROP,
18.5176,21,STA,WIFI_DROP,
18.52,9,STA,WIFI_DROP,
18.52,21,STA,WIFI_DROP,
18.5224,9,STA,WIFI_DROP,
18.5224,21,STA,WIFI_DROP,
18.5248,9,STA,WIFI_DROP,
18.5248,21,STA,WIFI_DROP,
18.5272,9,STA,WIFI_DROP,
18.5272,21,STA,WIFI_DROP,
18.5296,9,STA,WIFI_DROP,
18.5296,21,STA,WIFI_DROP,
18.532,9,STA,WIFI_DROP,
18.532,21,STA,WIFI_DROP,
18.5344,9,STA,WIFI_DROP,
18.5344,21,STA,WIFI_DROP,
18.5368,9,STA,WIFI_DROP,
18.5368,21,STA,WIFI_DROP,
18.5392,9,STA,WIFI_DROP,
18.5392,21,STA,WIFI_DROP,
18.5416,9,STA,WIFI_DROP,
18.5416,21,STA,WIFI_DROP,
18.544,9,STA,WIFI_DROP,
18.5464,9,STA,WIFI_DROP,
18.5488,9,STA,WIFI_DROP,
18.5512,9,STA,WIFI_DROP,
18.5536,9,STA,WIFI_DROP,
18.556,9,STA,WIFI_DROP,
18.5584,9,STA,WIFI_DROP,
18.5608,9,STA,WIFI_DROP,
18.5632,9,STA,WIFI_DROP,
18.5656,9,STA,WIFI_DROP,
18.568,9,STA,WIFI_DROP,
18.5704,9,STA,WIFI_DROP,
18.5728,9,STA,WIFI_DROP,
18.5752,9,STA,WIFI_DROP,
18.5776,9,STA,WIFI_DROP,
18.58,9,STA,WIFI_DROP,
18.5824,9,STA,WIFI_DROP,
18.5848,9,STA,WIFI_DROP,
18.5872,9,STA,WIFI_DROP,
18.5896,9,STA,WIFI_DROP,
18.592,9,STA,WIFI_DROP,
18.5944,9,STA,WIFI_DROP,
18.5968,9,STA,WIFI_DROP,
18.5992,9,STA,WIFI_DROP,
18.6016,9,STA,WIFI_DROP,
18.604,9,STA,WIFI_DROP,
18.6064,9,STA,WIFI_DROP,
18.6088,9,STA,WIFI_DROP,
18.6112,9,STA,WIFI_DROP,
18.6136,9,STA,WIFI_DROP,
18.616,9,STA,WIFI_DROP,
18.6184,9,STA,WIFI_DROP,
18.6208,9,STA,WIFI_DROP,
18.6232,9,STA,WIFI_DROP,
18.6256,9,STA,WIFI_DROP,
18.628,9,STA,WIFI_DROP,
18.6304,9,STA,WIFI_DROP,
18.6328,9,STA,WIFI_DROP,
18.6352,9,STA,WIFI_DROP,
18.6376,9,STA,WIFI_DROP,
18.64,9,STA,WIFI_DROP,
18.6424,9,STA,WIFI_DROP,
18.6448,9,STA,WIFI_DROP,
18.6472,9,STA,WIFI_DROP,
18.6496,9,STA,WIFI_DROP,
18.652,9,STA,WIFI_DROP,
18.6544,9,STA,WIFI_DROP,
18.6568,9,STA,WIFI_DROP,
18.6592,9,STA,WIFI_DROP,
18.6616,9,STA,WIFI_DROP,
18.664,9,STA,WIFI_DROP,
18.6664,9,STA,WIFI_DROP,
18.6688,9,STA,WIFI_DROP,
18.6712,9,STA,WIFI_DROP,
18.6736,9,STA,WIFI_DROP,
18.676,9,STA,WIFI_DROP,
18.6784,9,STA,WIFI_DROP,
18.6808,9,STA,WIFI_DROP,
18.6832,9,STA,WIFI_DROP,
18.6856,9,STA,WIFI_DROP,
18.688,9,STA,WIFI_DROP,
18.6904,9,STA,WIFI_DROP,
18.6928,9,STA,WIFI_DROP,
18.6952,9,STA,WIFI_DROP,
18.6976,9,STA,WIFI_DROP,
18.7,9,STA,WIFI_DROP,
18.7024,9,STA,WIFI_DROP,
18.7048,9,STA,WIFI_DROP,
18.7072,9,STA,WIFI_DROP,
18.7096,9,STA,WIFI_DROP,
18.712,9,STA,WIFI_DROP,
18.7144,9,STA,WIFI_DROP,
18.7168,9,STA,WIFI_DROP,
18.7192,9,STA,WIFI_DROP,
18.7216,9,STA,WIFI_DROP,
18.724,9,STA,WIFI_DROP,
18.7264,9,STA,WIFI_DROP,
18.7288,9,STA,WIFI_DROP,
18.7312,9,STA,WIFI_DROP,
18.7336,9,STA,WIFI_DROP,
18.736,9,STA,WIFI_DROP,
18.7384,9,STA,WIFI_DROP,
18.7408,9,STA,WIFI_DROP,
18.7432,9,STA,WIFI_DROP,
18.7456,9,STA,WIFI_DROP,
18.748,9,STA,WIFI_DROP,
18.7504,9,STA,WIFI_DROP,
18.7528,9,STA,WIFI_DROP,
18.7552,9,STA,WIFI_DROP,
18.7576,9,STA,WIFI_DROP,
18.76,9,STA,WIFI_DROP,
18.7624,9,STA,WIFI_DROP,
18.7648,9,STA,WIFI_DROP,
18.7672,9,STA,WIFI_DROP,
18.7696,9,STA,WIFI_DROP,
18.772,9,STA,WIFI_DROP,
18.7744,9,STA,WIFI_DROP,
18.7768,9,STA,WIFI_DROP,
18.7792,9,STA,WIFI_DROP,
18.7816,9,STA,WIFI_DROP,
18.784,9,STA,WIFI_DROP,
18.7864,9,STA,WIFI_DROP,
18.7888,9,STA,WIFI_DROP,
18.7912,9,STA,WIFI_DROP,
18.7936,9,STA,WIFI_DROP,
18.796,9,STA,WIFI_DROP,
18.7984,9,STA,WIFI_DROP,
18.8008,9,STA,WIFI_DROP,
18.8032,9,STA,WIFI_DROP,
18.8056,9,STA,WIFI_DROP,
18.808,9,STA,WIFI_DROP,
18.8104,9,STA,WIFI_DROP,
18.8128,9,STA,WIFI_DROP,
18.8152,9,STA,WIFI_DROP,
18.8176,9,STA,WIFI_DROP,
18.82,9,STA,WIFI_DROP,
18.8224,9,STA,WIFI_DROP,
18.8248,9,STA,WIFI_DROP,
18.8272,9,STA,WIFI_DROP,
18.8296,9,STA,WIFI_DROP,
18.832,9,STA,WIFI_DROP,
18.8344,9,STA,WIFI_DROP,
18.8368,9,STA,WIFI_DROP,
18.8392,9,STA,WIFI_DROP,
18.8416,9,STA,WIFI_DROP,
18.844,9,STA,WIFI_DROP,
18.8464,9,STA,WIFI_DROP,
18.8488,9,STA,WIFI_DROP,
18.8512,9,STA,WIFI_DROP,
18.8536,9,STA,WIFI_DROP,
18.856,9,STA,WIFI_DROP,
18.8584,9,STA,WIFI_DROP,
18.8608,9,STA,WIFI_DROP,
18.8632,9,STA,WIFI_DROP,
18.8656,9,STA,WIFI_DROP,
18.868,9,STA,WIFI_DROP,
18.8704,9,STA,WIFI_DROP,
18.8728,9,STA,WIFI_DROP,
18.8752,9,STA,WIFI_DROP,
18.8776,9,STA,WIFI_DROP,
18.88,9,STA,WIFI_DROP,
18.8824,9,STA,WIFI_DROP,
18.8848,9,STA,WIFI_DROP,
18.8872,9,STA,WIFI_DROP,
18.8896,9,STA,WIFI_DROP,
18.892,9,STA,WIFI_DROP,
18.8944,9,STA,WIFI_DROP,
18.8968,9,STA,WIFI_DROP,
18.8992,9,STA,WIFI_DROP,
18.9016,9,STA,WIFI_DROP,
18.904,9,STA,WIFI_DROP,
18.9064,9,STA,WIFI_DROP,
18.9088,9,STA,WIFI_DROP,
18.9112,9,STA,WIFI_DROP,
18.9136,9,STA,WIFI_DROP,
18.916,9,STA,WIFI_DROP,
18.9184,9,STA,WIFI_DROP,
18.9208,9,STA,WIFI_DROP,
18.9232,9,STA,WIFI_DROP,
18.9256,9,STA,WIFI_DROP,
18.928,9,STA,WIFI_DROP,
18.9304,9,STA,WIFI_DROP,
18.9328,9,STA,WIFI_DROP,
18.9352,9,STA,WIFI_DROP,
18.9376,9,STA,WIFI_DROP,
18.94,9,STA,WIFI_DROP,
18.9424,9,STA,WIFI_DROP,
18.9448,9,STA,WIFI_DROP,
18.9472,9,STA,WIFI_DROP,
18.9496,9,STA,WIFI_DROP,
18.952,9,STA,WIFI_DROP,
18.9544,9,STA,WIFI_DROP,
18.9568,9,STA,WIFI_DROP,
18.9592,9,STA,WIFI_DROP,
18.9616,9,STA,WIFI_DROP,
18.964,9,STA,WIFI_DROP,
18.9664,9,STA,WIFI_DROP,
18.9688,9,STA,WIFI_DROP,
18.9712,9,STA,WIFI_DROP,
18.9736,9,STA,WIFI_DROP,
18.976,9,STA,WIFI_DROP,
18.9784,9,STA,WIFI_DROP,
18.9808,9,STA,WIFI_DROP,
18.9832,9,STA,WIFI_DROP,
18.9856,9,STA,WIFI_DROP,
18.988,9,STA,WIFI_DROP,
18.9904,9,STA,WIFI_DROP,
18.9928,9,STA,WIFI_DROP,
18.9952,9,STA,WIFI_DROP,
18.9976,9,STA,WIFI_DROP,
19,2,STA,THROUGHPUT_MBPS,1.164000
19,3,STA,THROUGHPUT_MBPS,0.996000
19,5,STA,THROUGHPUT_MBPS,2.676000
19,7,STA,THROUGHPUT_MBPS,4.788000
19,8,STA,THROUGHPUT_MBPS,2.244000
19,10,STA,THROUGHPUT_MBPS,2.136000
19,11,STA,THROUGHPUT_MBPS,2.928000
19,12,STA,THROUGHPUT_MBPS,0.684000
19,15,STA,THROUGHPUT_MBPS,0.972000
19,16,STA,THROUGHPUT_MBPS,2.784000
19,17,STA,THROUGHPUT_MBPS,0.624000
19,18,STA,THROUGHPUT_MBPS,1.788000
19,20,STA,THROUGHPUT_MBPS,1.032000
19,21,STA,THROUGHPUT_MBPS,1.452000
19,1,AP,AGGREGATE_THROUGHPUT_MBPS,26.268000
19,1,AP,SENT_COUNT,8320.000000
19,1,AP,RECV_COUNT,2189.000000
19,1,AP,LATENCY_P95_MS,539.058492
19,9,STA,WIFI_DROP,
19.0024,9,STA,WIFI_DROP,
19.0048,9,STA,WIFI_DROP,
19.0072,9,STA,WIFI_DROP,
19.0096,9,STA,WIFI_DROP,
19.012,9,STA,WIFI_DROP,
19.0144,9,STA,WIFI_DROP,
19.0168,9,STA,WIFI_DROP,
19.0192,9,STA,WIFI_DROP,
19.0216,9,STA,WIFI_DROP,
19.024,9,STA,WIFI_DROP,
19.0264,9,STA,WIFI_DROP,
19.0288,9,STA,WIFI_DROP,
19.0312,9,STA,WIFI_DROP,
19.0336,9,STA,WIFI_DROP,
19.036,9,STA,WIFI_DROP,
19.0384,9,STA,WIFI_DROP,
19.0408,9,STA,WIFI_DROP,
19.0432,9,STA,WIFI_DROP,
19.0456,9,STA,WIFI_DROP,
19.048,9,STA,WIFI_DROP,
19.0504,9,STA,WIFI_DROP,
19.0528,9,STA,WIFI_DROP,
19.0552,9,STA,WIFI_DROP,
19.0576,9,STA,WIFI_DROP,
19.06,9,STA,WIFI_DROP,
19.0624,9,STA,WIFI_DROP,
19.0648,9,STA,WIFI_DROP,
19.0672,9,STA,WIFI_DROP,
19.0696,9,STA,WIFI_DROP,
19.072,9,STA,WIFI_DROP,
19.0744,9,STA,WIFI_DROP,
19.0768,9,STA,WIFI_DROP,
19.0792,9,STA,WIFI_DROP,
19.0816,9,STA,WIFI_DROP,
19.084,9,STA,WIFI_DROP,
19.0864,9,STA,WIFI_DROP,
19.0888,9,STA,WIFI_DROP,
19.0912,9,STA,WIFI_DROP,
19.0936,9,STA,WIFI_DROP,
19.096,9,STA,WIFI_DROP,
19.0984,9,STA,WIFI_DROP,
19.1008,9,STA,WIFI_DROP,
19.1032,9,STA,WIFI_DROP,
19.1056,9,STA,WIFI_DROP,
19.108,9,STA,WIFI_DROP,
19.1104,9,STA,WIFI_DROP,
19.1128,9,STA,WIFI_DROP,
19.1152,9,STA,WIFI_DROP,
19.1176,9,STA,WIFI_DROP,
19.12,9,STA,WIFI_DROP,
19.1224,9,STA,WIFI_DROP,
19.1248,9,STA,WIFI_DROP,
19.1272,9,STA,WIFI_DROP,
19.1296,9,STA,WIFI_DROP,
19.132,9,STA,WIFI_DROP,
19.1344,9,STA,WIFI_DROP,
19.1368,9,STA,WIFI_DROP,
19.1392,9,STA,WIFI_DROP,
19.1416,9,STA,WIFI_DROP,
19.144,9,STA,WIFI_DROP,
19.1464,9,STA,WIFI_DROP,
19.1488,9,STA,WIFI_DROP,
19.1512,9,STA,WIFI_DROP,
19.1536,9,STA,WIFI_DROP,
19.156,9,STA,WIFI_DROP,
19.1584,9,STA,WIFI_DROP,
19.1608,9,STA,WIFI_DROP,
19.1632,9,STA,WIFI_DROP,
19.1656,9,STA,WIFI_DROP,
19.168,9,STA,WIFI_DROP,
19.1704,9,STA,WIFI_DROP,
19.1728,9,STA,WIFI_DROP,
19.1752,9,STA,WIFI_DROP,
19.1776,9,STA,WIFI_DROP,
19.18,9,STA,WIFI_DROP,
19.1824,9,STA,WIFI_DROP,
19.1848,9,STA,WIFI_DROP,
19.1872,9,STA,WIFI_DROP,
19.1896,9,STA,WIFI_DROP,
19.192,9,STA,WIFI_DROP,
19.1944,9,STA,WIFI_DROP,
19.1968,9,STA,WIFI_DROP,
19.1992,9,STA,WIFI_DROP,
19.2016,9,STA,WIFI_DROP,
19.204,9,STA,WIFI_DROP,
19.2064,9,STA,WIFI_DROP,
19.2088,9,STA,WIFI_DROP,
19.2112,9,STA,WIFI_DROP,
19.2136,9,STA,WIFI_DROP,
19.216,9,STA,WIFI_DROP,
19.2184,9,STA,WIFI_DROP,
19.2208,9,STA,WIFI_DROP,
19.2232,9,STA,WIFI_DROP,
19.2256,9,STA,WIFI_DROP,
19.228,9,STA,WIFI_DROP,
19.2304,9,STA,WIFI_DROP,
19.2328,9,STA,WIFI_DROP,
19.2352,9,STA,WIFI_DROP,
19.2376,9,STA,WIFI_DROP,
19.24,9,STA,WIFI_DROP,
19.2424,9,STA,WIFI_DROP,
19.2448,9,STA,WIFI_DROP,
19.2472,9,STA,WIFI_DROP,
19.2496,9,STA,WIFI_DROP,
19.252,9,STA,WIFI_DROP,
19.2544,9,STA,WIFI_DROP,
19.2568,9,STA,WIFI_DROP,
19.2592,9,STA,WIFI_DROP,
19.2616,9,STA,WIFI_DROP,
19.264,9,STA,WIFI_DROP,
19.2664,9,STA,WIFI_DROP,
19.2688,9,STA,WIFI_DROP,
19.2712,9,STA,WIFI_DROP,
19.2736,9,STA,WIFI_DROP,
19.276,9,STA,WIFI_DROP,
19.2784,9,STA,WIFI_DROP,
19.2808,9,STA,WIFI_DROP,
19.2832,9,STA,WIFI_DROP,
19.2856,9,STA,WIFI_DROP,
19.288,9,STA,WIFI_DROP,
19.3144,9,STA,WIFI_DROP,
19.3168,9,STA,WIFI_DROP,
19.3192,9,STA,WIFI_DROP,
19.3216,9,STA,WIFI_DROP,
19.324,9,STA,WIFI_DROP,
19.3264,9,STA,WIFI_DROP,
19.3288,9,STA,WIFI_DROP,
19.3312,9,STA,WIFI_DROP,
19.3336,9,STA,WIFI_DROP,
19.336,9,STA,WIFI_DROP,
19.3384,9,STA,WIFI_DROP,
19.3408,9,STA,WIFI_DROP,
19.3432,9,STA,WIFI_DROP,
19.3456,9,STA,WIFI_DROP,
19.348,9,STA,WIFI_DROP,
19.3504,9,STA,WIFI_DROP,
19.3528,9,STA,WIFI_DROP,
19.3552,9,STA,WIFI_DROP,
19.3576,9,STA,WIFI_DROP,
19.36,9,STA,WIFI_DROP,
19.3624,9,STA,WIFI_DROP,
19.3648,9,STA,WIFI_DROP,
19.3672,9,STA,WIFI_DROP,
19.3696,9,STA,WIFI_DROP,
19.372,9,STA,WIFI_DROP,
19.3744,9,STA,WIFI_DROP,
19.3768,9,STA,WIFI_DROP,
19.3792,9,STA,WIFI_DROP,
19.3816,9,STA,WIFI_DROP,
19.384,9,STA,WIFI_DROP,
19.3864,9,STA,WIFI_DROP,
19.3888,9,STA,WIFI_DROP,
19.3912,9,STA,WIFI_DROP,
19.3936,9,STA,WIFI_DROP,
19.396,9,STA,WIFI_DROP,
19.3984,9,STA,WIFI_DROP,
19.4008,9,STA,WIFI_DROP,
19.4032,9,STA,WIFI_DROP,
19.4056,9,STA,WIFI_DROP,
19.408,9,STA,WIFI_DROP,
19.4104,9,STA,WIFI_DROP,
19.4128,9,STA,WIFI_DROP,
19.4152,9,STA,WIFI_DROP,
19.4176,9,STA,WIFI_DROP,
19.42,9,STA,WIFI_DROP,
19.4224,9,STA,WIFI_DROP,
19.4248,9,STA,WIFI_DROP,
19.4272,9,STA,WIFI_DROP,
19.4296,9,STA,WIFI_DROP,
19.432,9,STA,WIFI_DROP,
19.4344,9,STA,WIFI_DROP,
19.4368,9,STA,WIFI_DROP,
19.4392,9,STA,WIFI_DROP,
19.4416,9,STA,WIFI_DROP,
19.444,9,STA,WIFI_DROP,
19.4464,9,STA,WIFI_DROP,
19.4488,9,STA,WIFI_DROP,
19.4512,9,STA,WIFI_DROP,
19.4536,9,STA,WIFI_DROP,
19.456,9,STA,WIFI_DROP,
19.4584,9,STA,WIFI_DROP,
19.4608,9,STA,WIFI_DROP,
19.4632,9,STA,WIFI_DROP,
19.4656,9,STA,WIFI_DROP,
19.468,9,STA,WIFI_DROP,
19.4704,9,STA,WIFI_DROP,
19.4728,9,STA,WIFI_DROP,
19.4752,9,STA,WIFI_DROP,
19.4776,9,STA,WIFI_DROP,
19.48,9,STA,WIFI_DROP,
19.4824,9,STA,WIFI_DROP,
19.4848,9,STA,WIFI_DROP,
19.4872,9,STA,WIFI_DROP,
19.4896,9,STA,WIFI_DROP,
19.492,9,STA,WIFI_DROP,
19.4944,9,STA,WIFI_DROP,
19.4968,9,STA,WIFI_DROP,
19.4992,9,STA,WIFI_DROP,
19.5016,9,STA,WIFI_DROP,
19.504,9,STA,WIFI_DROP,
19.5064,9,STA,WIFI_DROP,
19.5088,9,STA,WIFI_DROP,
19.5112,9,STA,WIFI_DROP,
19.5136,9,STA,WIFI_DROP,
19.516,9,STA,WIFI_DROP,
19.5232,18,STA,WIFI_DROP,
19.5256,18,STA,WIFI_DROP,
19.528,18,STA,WIFI_DROP,
19.5304,18,STA,WIFI_DROP,
19.5328,18,STA,WIFI_DROP,
19.5352,18,STA,WIFI_DROP,
19.5376,18,STA,WIFI_DROP,
19.54,18,STA,WIFI_DROP,
19.5424,18,STA,WIFI_DROP,
19.5448,18,STA,WIFI_DROP,
19.5472,18,STA,WIFI_DROP,
19.5496,18,STA,WIFI_DROP,
19.552,18,STA,WIFI_DROP,
19.5544,18,STA,WIFI_DROP,
19.5568,18,STA,WIFI_DROP,
19.5592,18,STA,WIFI_DROP,
19.5616,18,STA,WIFI_DROP,
19.564,18,STA,WIFI_DROP,
19.5664,18,STA,WIFI_DROP,
19.5688,18,STA,WIFI_DROP,
19.5712,18,STA,WIFI_DROP,
19.5736,18,STA,WIFI_DROP,
19.576,18,STA,WIFI_DROP,
19.5784,18,STA,WIFI_DROP,
19.5808,18,STA,WIFI_DROP,
19.5832,18,STA,WIFI_DROP,
19.5856,18,STA,WIFI_DROP,
19.588,18,STA,WIFI_DROP,
19.5904,18,STA,WIFI_DROP,
19.5928,18,STA,WIFI_DROP,
19.5952,18,STA,WIFI_DROP,
19.5976,18,STA,WIFI_DROP,
19.6,18,STA,WIFI_DROP,
19.6024,18,STA,WIFI_DROP,
19.6048,18,STA,WIFI_DROP,
19.6072,18,STA,WIFI_DROP,
19.6096,18,STA,WIFI_DROP,
19.612,18,STA,WIFI_DROP,
19.6144,18,STA,WIFI_DROP,
19.6168,18,STA,WIFI_DROP,
19.6192,18,STA,WIFI_DROP,
19.6216,18,STA,WIFI_DROP,
19.624,18,STA,WIFI_DROP,
19.6264,18,STA,WIFI_DROP,
19.6288,18,STA,WIFI_DROP,
19.6312,18,STA,WIFI_DROP,
19.6336,18,STA,WIFI_DROP,
19.636,18,STA,WIFI_DROP,
19.6384,18,STA,WIFI_DROP,
19.6408,18,STA,WIFI_DROP,
19.6432,18,STA,WIFI_DROP,
19.6456,18,STA,WIFI_DROP,
19.648,18,STA,WIFI_DROP,
19.6504,18,STA,WIFI_DROP,
19.6528,18,STA,WIFI_DROP,
19.6552,18,STA,WIFI_DROP,
19.6576,18,STA,WIFI_DROP,
19.66,18,STA,WIFI_DROP,
19.6624,18,STA,WIFI_DROP,
19.6648,18,STA,WIFI_DROP,
19.6672,18,STA,WIFI_DROP,
19.6696,18,STA,WIFI_DROP,
19.672,18,STA,WIFI_DROP,
19.6744,18,STA,WIFI_DROP,
19.6768,18,STA,WIFI_DROP,
19.6792,18,STA,WIFI_DROP,
19.6816,18,STA,WIFI_DROP,
19.684,18,STA,WIFI_DROP,
19.6864,18,STA,WIFI_DROP,
19.6888,18,STA,WIFI_DROP,
19.6912,18,STA,WIFI_DROP,
19.6936,18,STA,WIFI_DROP,
19.696,18,STA,WIFI_DROP,
19.6984,18,STA,WIFI_DROP,
19.7008,18,STA,WIFI_DROP,
19.7032,18,STA,WIFI_DROP,
19.7056,18,STA,WIFI_DROP,
19.708,18,STA,WIFI_DROP,
19.7104,18,STA,WIFI_DROP,
19.7128,18,STA,WIFI_DROP,
19.7152,18,STA,WIFI_DROP,
19.7176,18,STA,WIFI_DROP,
19.72,18,STA,WIFI_DROP,
19.7224,18,STA,WIFI_DROP,
19.7248,18,STA,WIFI_DROP,
19.7272,18,STA,WIFI_DROP,
19.7296,18,STA,WIFI_DROP,
19.7296,21,STA,WIFI_DROP,
19.732,18,STA,WIFI_DROP,
19.732,21,STA,WIFI_DROP,
19.7344,18,STA,WIFI_DROP,
19.7344,21,STA,WIFI_DROP,
19.7368,18,STA,WIFI_DROP,
19.7368,21,STA,WIFI_DROP,
19.7392,18,STA,WIFI_DROP,
19.7392,21,STA,WIFI_DROP,
19.7416,18,STA,WIFI_DROP,
19.7416,21,STA,WIFI_DROP,
19.744,18,STA,WIFI_DROP,
19.744,21,STA,WIFI_DROP,
19.7464,18,STA,WIFI_DROP,
19.7464,21,STA,WIFI_DROP,
19.7488,18,STA,WIFI_DROP,
19.7488,21,STA,WIFI_DROP,
19.7512,18,STA,WIFI_DROP,
19.7512,21,STA,WIFI_DROP,
19.7536,18,STA,WIFI_DROP,
19.7536,21,STA,WIFI_DROP,
19.756,18,STA,WIFI_DROP,
19.756,21,STA,WIFI_DROP,
19.7584,18,STA,WIFI_DROP,
19.7584,21,STA,WIFI_DROP,
19.7608,18,STA,WIFI_DROP,
19.7608,21,STA,WIFI_DROP,
19.7632,18,STA,WIFI_DROP,
19.7632,21,STA,WIFI_DROP,
19.7656,18,STA,WIFI_DROP,
19.7656,21,STA,WIFI_DROP,
19.768,18,STA,WIFI_DROP,
19.768,21,STA,WIFI_DROP,
19.7704,18,STA,WIFI_DROP,
19.7704,21,STA,WIFI_DROP,
19.7728,18,STA,WIFI_DROP,
19.7728,21,STA,WIFI_DROP,
19.7752,18,STA,WIFI_DROP,
19.7752,21,STA,WIFI_DROP,
19.7776,18,STA,WIFI_DROP,
19.7776,21,STA,WIFI_DROP,
19.78,18,STA,WIFI_DROP,
19.78,21,STA,WIFI_DROP,
19.7824,18,STA,WIFI_DROP,
19.7824,21,STA,WIFI_DROP,
19.7848,18,STA,WIFI_DROP,
19.7848,21,STA,WIFI_DROP,
19.7872,18,STA,WIFI_DROP,
19.7872,21,STA,WIFI_DROP,
19.7896,18,STA,WIFI_DROP,
19.7896,21,STA,WIFI_DROP,
19.792,18,STA,WIFI_DROP,
19.792,21,STA,WIFI_DROP,
19.7944,18,STA,WIFI_DROP,
19.7944,21,STA,WIFI_DROP,
19.7968,18,STA,WIFI_DROP,
19.7968,21,STA,WIFI_DROP,
19.7992,18,STA,WIFI_DROP,
19.7992,21,STA,WIFI_DROP,
19.8016,18,STA,WIFI_DROP,
19.8016,21,STA,WIFI_DROP,
19.804,18,STA,WIFI_DROP,
19.804,21,STA,WIFI_DROP,
19.8064,18,STA,WIFI_DROP,
19.8064,21,STA,WIFI_DROP,
19.8088,18,STA,WIFI_DROP,
19.8088,21,STA,WIFI_DROP,
19.8112,18,STA,WIFI_DROP,
19.8112,21,STA,WIFI_DROP,
19.8136,18,STA,WIFI_DROP,
19.8136,21,STA,WIFI_DROP,
19.816,18,STA,WIFI_DROP,
19.816,21,STA,WIFI_DROP,
19.8184,18,STA,WIFI_DROP,
19.8184,21,STA,WIFI_DROP,
19.8208,18,STA,WIFI_DROP,
19.8208,21,STA,WIFI_DROP,
19.8232,18,STA,WIFI_DROP,
19.8232,21,STA,WIFI_DROP,
19.8256,18,STA,WIFI_DROP,
19.8256,21,STA,WIFI_DROP,
19.828,18,STA,WIFI_DROP,
19.828,21,STA,WIFI_DROP,
19.8304,18,STA,WIFI_DROP,
19.8304,21,STA,WIFI_DROP,
19.8328,18,STA,WIFI_DROP,
19.8328,21,STA,WIFI_DROP,
19.8352,18,STA,WIFI_DROP,
19.8352,21,STA,WIFI_DROP,
19.8376,18,STA,WIFI_DROP,
19.8376,21,STA,WIFI_DROP,
19.84,18,STA,WIFI_DROP,
19.84,21,STA,WIFI_DROP,
19.8424,18,STA,WIFI_DROP,
19.8424,21,STA,WIFI_DROP,
19.8448,18,STA,WIFI_DROP,
19.8448,21,STA,WIFI_DROP,
19.8472,18,STA,WIFI_DROP,
19.8472,21,STA,WIFI_DROP,
19.8496,18,STA,WIFI_DROP,
19.8496,21,STA,WIFI_DROP,
19.852,18,STA,WIFI_DROP,
19.852,21,STA,WIFI_DROP,
19.8544,18,STA,WIFI_DROP,
19.8544,21,STA,WIFI_DROP,
19.8568,18,STA,WIFI_DROP,
19.8568,21,STA,WIFI_DROP,
19.8592,18,STA,WIFI_DROP,
19.8592,21,STA,WIFI_DROP,
19.8616,18,STA,WIFI_DROP,
19.8616,21,STA,WIFI_DROP,
19.864,18,STA,WIFI_DROP,
19.864,21,STA,WIFI_DROP,
19.8664,18,STA,WIFI_DROP,
19.8664,21,STA,WIFI_DROP,
19.8688,18,STA,WIFI_DROP,
19.8688,21,STA,WIFI_DROP,
19.8712,18,STA,WIFI_DROP,
19.8712,21,STA,WIFI_DROP,
19.8736,18,STA,WIFI_DROP,
19.8736,21,STA,WIFI_DROP,
19.876,18,STA,WIFI_DROP,
19.876,21,STA,WIFI_DROP,
19.8784,18,STA,WIFI_DROP,
19.8784,21,STA,WIFI_DROP,
19.8808,18,STA,WIFI_DROP,
19.8808,21,STA,WIFI_DROP,
19.8832,18,STA,WIFI_DROP,
19.8832,21,STA,WIFI_DROP,
19.8856,18,STA,WIFI_DROP,
19.8856,21,STA,WIFI_DROP,
19.888,18,STA,WIFI_DROP,
19.8904,18,STA,WIFI_DROP,
19.8928,18,STA,WIFI_DROP,
19.8952,18,STA,WIFI_DROP,
19.8976,18,STA,WIFI_DROP,
19.9,18,STA,WIFI_DROP,
19.9024,18,STA,WIFI_DROP,
19.9048,18,STA,WIFI_DROP,
19.9072,18,STA,WIFI_DROP,
19.9096,18,STA,WIFI_DROP,
19.912,18,STA,WIFI_DROP,
19.9144,18,STA,WIFI_DROP,
19.9168,18,STA,WIFI_DROP,
19.9192,18,STA,WIFI_DROP,
19.9216,18,STA,WIFI_DROP,
19.924,18,STA,WIFI_DROP,
19.9264,18,STA,WIFI_DROP,
19.9288,18,STA,WIFI_DROP,
19.9312,18,STA,WIFI_DROP,
19.9336,18,STA,WIFI_DROP,
19.936,18,STA,WIFI_DROP,
19.9384,18,STA,WIFI_DROP,
19.9408,18,STA,WIFI_DROP,
19.9432,18,STA,WIFI_DROP,
19.9456,18,STA,WIFI_DROP,
19.948,18,STA,WIFI_DROP,
19.9504,18,STA,WIFI_DROP,
19.9528,18,STA,WIFI_DROP,
19.9552,18,STA,WIFI_DROP,
19.9576,18,STA,WIFI_DROP,
19.96,18,STA,WIFI_DROP,
19.9624,18,STA,WIFI_DROP,
19.9648,18,STA,WIFI_DROP,
19.9672,18,STA,WIFI_DROP,
19.9696,18,STA,WIFI_DROP,
19.972,18,STA,WIFI_DROP,
19.9744,18,STA,WIFI_DROP,
19.9768,18,STA,WIFI_DROP,
19.9792,18,STA,WIFI_DROP,
19.9816,18,STA,WIFI_DROP,
19.984,18,STA,WIFI_DROP,
19.9864,18,STA,WIFI_DROP,
19.9888,18,STA,WIFI_DROP,
19.9912,18,STA,WIFI_DROP,
19.9936,18,STA,WIFI_DROP,
19.996,18,STA,WIFI_DROP,
19.9984,18,STA,WIFI_DROP,
