Time_s,NodeID,NodeType,Action,Value
0,2,STA,FIXED_STA_DISTANCE,85.000000
0,3,STA,FIXED_STA_DISTANCE,85.000000
0,4,STA,FIXED_STA_DISTANCE,85.000000
0,5,STA,FIXED_STA_DISTANCE,85.000000
0,6,STA,FIXED_STA_DISTANCE,85.000000
0,7,STA,FIXED_STA_DISTANCE,85.000000
0,8,STA,FIXED_STA_DISTANCE,85.000000
0,9,STA,FIXED_STA_DISTANCE,85.000000
0,10,STA,FIXED_STA_DISTANCE,85.000000
0,11,STA,FIXED_STA_DISTANCE,85.000000
0,12,STA,FIXED_STA_DISTANCE,85.000000
0,13,STA,FIXED_STA_DISTANCE,85.000000
0,14,STA,FIXED_STA_DISTANCE,85.000000
0,15,STA,FIXED_STA_DISTANCE,85.000000
0,16,STA,FIXED_STA_DISTANCE,85.000000
0,17,STA,FIXED_STA_DISTANCE,85.000000
0,18,STA,FIXED_STA_DISTANCE,85.000000
0,19,STA,FIXED_STA_DISTANCE,85.000000
0,20,STA,FIXED_STA_DISTANCE,85.000000
0,21,STA,FIXED_STA_DISTANCE,85.000000
0,2,STA,FIXED_TX_POWER_DBM,24.000000
0,2,STA,NAKAGAMI_FADING,1.000000
0.0538636,20,STA,ASSOC,
0.0538636,20,STA,JOINED,
0.0557501,19,STA,ASSOC,
0.0557501,19,STA,JOINED,
0.0587725,10,STA,ASSOC,
0.0587725,10,STA,JOINED,
0.059793,21,STA,ASSOC,
0.059793,21,STA,JOINED,
0.0634837,2,STA,ASSOC,
0.0634837,2,STA,JOINED,
0.103194,14,STA,ASSOC,
0.103194,14,STA,JOINED,
0.103941,6,STA,ASSOC,
0.103941,6,STA,JOINED,
0.105468,12,STA,ASSOC,
0.105468,12,STA,JOINED,
0.10853,13,STA,ASSOC,
0.10853,13,STA,JOINED,
0.109213,7,STA,ASSOC,
0.109213,7,STA,JOINED,
0.111802,3,STA,ASSOC,
0.111802,3,STA,JOINED,
0.154024,18,STA,ASSOC,
0.154024,18,STA,JOINED,
0.20337,8,STA,ASSOC,
0.20337,8,STA,JOINED,
0.204471,15,STA,ASSOC,
0.204471,15,STA,JOINED,
0.205154,16,STA,ASSOC,
0.205154,16,STA,JOINED,
0.212134,9,STA,ASSOC,
0.212134,9,STA,JOINED,
0.214067,4,STA,ASSOC,
0.214067,4,STA,JOINED,
0.301617,11,STA,ASSOC,
0.301617,11,STA,JOINED,
0.305968,17,STA,ASSOC,
0.305968,17,STA,JOINED,
0.402387,5,STA,ASSOC,
0.402387,5,STA,JOINED,
1,1,AP,SENT_COUNT,
1,1,AP,RECV_COUNT,
2,2,STA,THROUGHPUT_MBPS,0.216000
2,4,STA,THROUGHPUT_MBPS,2.892000
2,5,STA,THROUGHPUT_MBPS,0.612000
2,6,STA,THROUGHPUT_MBPS,0.600000
2,8,STA,THROUGHPUT_MBPS,1.728000
2,10,STA,THROUGHPUT_MBPS,2.664000
2,11,STA,THROUGHPUT_MBPS,0.492000
2,12,STA,THROUGHPUT_MBPS,2.280000
2,13,STA,THROUGHPUT_MBPS,1.488000
2,14,STA,THROUGHPUT_MBPS,2.340000
2,15,STA,THROUGHPUT_MBPS,1.956000
2,17,STA,THROUGHPUT_MBPS,1.944000
2,19,STA,THROUGHPUT_MBPS,0.048000
2,20,STA,THROUGHPUT_MBPS,0.312000
2,1,AP,AGGREGATE_THROUGHPUT_MBPS,19.572000
2,1,AP,SENT_COUNT,8340.000000
2,1,AP,RECV_COUNT,1631.000000
2,1,AP,LATENCY_P95_MS,530.973233
2.5336,6,STA,WIFI_DROP,
2.536,6,STA,WIFI_DROP,
2.5384,6,STA,WIFI_DROP,
2.5408,6,STA,WIFI_DROP,
2.5432,6,STA,WIFI_DROP,
2.5456,6,STA,WIFI_DROP,
2.548,6,STA,WIFI_DROP,
2.5504,6,STA,WIFI_DROP,
2.5528,6,STA,WIFI_DROP,
2.5552,6,STA,WIFI_DROP,
2.5576,6,STA,WIFI_DROP,
2.56,6,STA,WIFI_DROP,
2.5624,6,STA,WIFI_DROP,
2.5648,6,STA,WIFI_DROP,
2.5672,6,STA,WIFI_DROP,
2.5696,6,STA,WIFI_DROP,
2.572,6,STA,WIFI_DROP,
2.5744,6,STA,WIFI_DROP,
2.5768,6,STA,WIFI_DROP,
2.5792,6,STA,WIFI_DROP,
2.5816,6,STA,WIFI_DROP,
2.584,6,STA,WIFI_DROP,
2.5864,6,STA,WIFI_DROP,
2.5888,6,STA,WIFI_DROP,
2.5912,6,STA,WIFI_DROP,
2.5936,6,STA,WIFI_DROP,
2.596,6,STA,WIFI_DROP,
2.5984,6,STA,WIFI_DROP,
2.6008,6,STA,WIFI_DROP,
2.6032,6,STA,WIFI_DROP,
2.6056,6,STA,WIFI_DROP,
2.608,6,STA,WIFI_DROP,
2.6104,6,STA,WIFI_DROP,
2.6128,6,STA,WIFI_DROP,
2.6152,6,STA,WIFI_DROP,
2.6176,6,STA,WIFI_DROP,
2.62,6,STA,WIFI_DROP,
2.6224,6,STA,WIFI_DROP,
2.6248,6,STA,WIFI_DROP,
2.6272,6,STA,WIFI_DROP,
2.6296,6,STA,WIFI_DROP,
2.632,6,STA,WIFI_DROP,
3,2,STA,THROUGHPUT_MBPS,2.088000
3,4,STA,THROUGHPUT_MBPS,2.580000
3,5,STA,THROUGHPUT_MBPS,3.852000
3,6,STA,THROUGHPUT_MBPS,0.180000
3,8,STA,THROUGHPUT_MBPS,1.416000
3,10,STA,THROUGHPUT_MBPS,0.720000
3,11,STA,THROUGHPUT_MBPS,2.664000
3,12,STA,THROUGHPUT_MBPS,3.084000
3,13,STA,THROUGHPUT_MBPS,2.544000
3,14,STA,THROUGHPUT_MBPS,0.720000
3,15,STA,THROUGHPUT_MBPS,3.540000
3,17,STA,THROUGHPUT_MBPS,2.340000
3,19,STA,THROUGHPUT_MBPS,3.096000
3,20,STA,THROUGHPUT_MBPS,2.604000
3,1,AP,AGGREGATE_THROUGHPUT_MBPS,31.428000
3,1,AP,SENT_COUNT,8340.000000
3,1,AP,RECV_COUNT,2619.000000
3,1,AP,LATENCY_P95_MS,541.651170
3.3448,17,STA,WIFI_DROP,
3.3472,17,STA,WIFI_DROP,
3.3496,17,STA,WIFI_DROP,
3.352,17,STA,WIFI_DROP,
3.3544,17,STA,WIFI_DROP,
3.3568,17,STA,WIFI_DROP,
3.3592,17,STA,WIFI_DROP,
3.3616,17,STA,WIFI_DROP,
3.364,17,STA,WIFI_DROP,
3.3664,17,STA,WIFI_DROP,
3.3688,17,STA,WIFI_DROP,
3.3712,17,STA,WIFI_DROP,
3.3736,17,STA,WIFI_DROP,
3.376,17,STA,WIFI_DROP,
3.3784,17,STA,WIFI_DROP,
3.3808,17,STA,WIFI_DROP,
3.3832,17,STA,WIFI_DROP,
3.3856,17,STA,WIFI_DROP,
3.388,17,STA,WIFI_DROP,
3.3904,17,STA,WIFI_DROP,
3.3928,17,STA,WIFI_DROP,
3.3952,17,STA,WIFI_DROP,
4,2,STA,THROUGHPUT_MBPS,1.452000
4,4,STA,THROUGHPUT_MBPS,0.588000
4,5,STA,THROUGHPUT_MBPS,2.772000
4,8,STA,THROUGHPUT_MBPS,3.408000
4,11,STA,THROUGHPUT_MBPS,1.620000
4,12,STA,THROUGHPUT_MBPS,2.100000
4,13,STA,THROUGHPUT_MBPS,3.852000
4,14,STA,THROUGHPUT_MBPS,2.748000
4,15,STA,THROUGHPUT_MBPS,5.460000
4,17,STA,THROUGHPUT_MBPS,0.228000
4,19,STA,THROUGHPUT_MBPS,2.088000
4,20,STA,THROUGHPUT_MBPS,1.116000
4,1,AP,AGGREGATE_THROUGHPUT_MBPS,27.432000
4,1,AP,SENT_COUNT,8320.000000
4,1,AP,RECV_COUNT,2286.000000
4,1,AP,LATENCY_P95_MS,535.297931
4.1656,8,STA,WIFI_DROP,
4.168,8,STA,WIFI_DROP,
4.1704,8,STA,WIFI_DROP,
4.1728,8,STA,WIFI_DROP,
4.1752,8,STA,WIFI_DROP,
4.1776,8,STA,WIFI_DROP,
4.18,8,STA,WIFI_DROP,
4.1824,8,STA,WIFI_DROP,
4.1848,8,STA,WIFI_DROP,
4.1872,8,STA,WIFI_DROP,
4.1896,8,STA,WIFI_DROP,
4.192,8,STA,WIFI_DROP,
4.1944,8,STA,WIFI_DROP,
4.1968,8,STA,WIFI_DROP,
4.1992,8,STA,WIFI_DROP,
4.2016,8,STA,WIFI_DROP,
4.204,8,STA,WIFI_DROP,
4.2064,8,STA,WIFI_DROP,
4.2088,8,STA,WIFI_DROP,
4.2112,8,STA,WIFI_DROP,
4.2136,8,STA,WIFI_DROP,
4.2688,7,STA,WIFI_DROP,
4.2688,9,STA,WIFI_DROP,
4.2712,7,STA,WIFI_DROP,
4.2712,9,STA,WIFI_DROP,
4.2736,7,STA,WIFI_DROP,
4.2736,9,STA,WIFI_DROP,
4.276,7,STA,WIFI_DROP,
4.276,9,STA,WIFI_DROP,
4.2784,7,STA,WIFI_DROP,
4.2784,9,STA,WIFI_DROP,
4.2808,7,STA,WIFI_DROP,
4.2808,9,STA,WIFI_DROP,
4.2832,7,STA,WIFI_DROP,
4.2832,9,STA,WIFI_DROP,
4.2856,7,STA,WIFI_DROP,
4.2856,9,STA,WIFI_DROP,
4.288,7,STA,WIFI_DROP,
4.288,9,STA,WIFI_DROP,
4.2904,7,STA,WIFI_DROP,
4.2904,9,STA,WIFI_DROP,
4.2928,7,STA,WIFI_DROP,
4.2928,9,STA,WIFI_DROP,
4.2952,7,STA,WIFI_DROP,
4.2952,9,STA,WIFI_DROP,
4.2976,7,STA,WIFI_DROP,
4.2976,9,STA,WIFI_DROP,
4.3,7,STA,WIFI_DROP,
4.3,9,STA,WIFI_DROP,
4.3024,7,STA,WIFI_DROP,
4.3024,9,STA,WIFI_DROP,
4.3048,7,STA,WIFI_DROP,
4.3048,9,STA,WIFI_DROP,
4.3072,7,STA,WIFI_DROP,
4.3072,9,STA,WIFI_DROP,
4.3096,7,STA,WIFI_DROP,
4.3096,9,STA,WIFI_DROP,
4.312,7,STA,WIFI_DROP,
4.312,9,STA,WIFI_DROP,
4.3144,7,STA,WIFI_DROP,
4.3144,9,STA,WIFI_DROP,
4.3168,7,STA,WIFI_DROP,
4.3168,9,STA,WIFI_DROP,
4.3192,7,STA,WIFI_DROP,
4.3192,9,STA,WIFI_DROP,
4.3216,9,STA,WIFI_DROP,
4.324,9,STA,WIFI_DROP,
4.3264,9,STA,WIFI_DROP,
4.3288,9,STA,WIFI_DROP,
4.3312,9,STA,WIFI_DROP,
4.3336,9,STA,WIFI_DROP,
4.336,9,STA,WIFI_DROP,
4.3384,9,STA,WIFI_DROP,
4.3408,9,STA,WIFI_DROP,
4.3432,9,STA,WIFI_DROP,
4.3456,9,STA,WIFI_DROP,
4.348,9,STA,WIFI_DROP,
4.3504,9,STA,WIFI_DROP,
4.3528,9,STA,WIFI_DROP,
4.3552,9,STA,WIFI_DROP,
4.3576,9,STA,WIFI_DROP,
4.36,9,STA,WIFI_DROP,
4.3624,9,STA,WIFI_DROP,
4.3648,9,STA,WIFI_DROP,
4.3672,9,STA,WIFI_DROP,
4.3696,9,STA,WIFI_DROP,
4.372,9,STA,WIFI_DROP,
4.3744,9,STA,WIFI_DROP,
4.3768,9,STA,WIFI_DROP,
4.3792,9,STA,WIFI_DROP,
4.3816,9,STA,WIFI_DROP,
4.384,9,STA,WIFI_DROP,
4.3864,9,STA,WIFI_DROP,
4.3888,9,STA,WIFI_DROP,
4.3912,9,STA,WIFI_DROP,
4.3936,9,STA,WIFI_DROP,
4.396,9,STA,WIFI_DROP,
4.3984,9,STA,WIFI_DROP,
4.4008,9,STA,WIFI_DROP,
4.4032,9,STA,WIFI_DROP,
4.4056,9,STA,WIFI_DROP,
4.408,9,STA,WIFI_DROP,
4.4104,9,STA,WIFI_DROP,
4.4128,9,STA,WIFI_DROP,
4.4152,9,STA,WIFI_DROP,
4.4176,9,STA,WIFI_DROP,
4.42,9,STA,WIFI_DROP,
4.4224,9,STA,WIFI_DROP,
4.4248,9,STA,WIFI_DROP,
4.4272,9,STA,WIFI_DROP,
4.4296,9,STA,WIFI_DROP,
4.432,9,STA,WIFI_DROP,
4.4344,9,STA,WIFI_DROP,
4.4368,9,STA,WIFI_DROP,
4.4392,9,STA,WIFI_DROP,
4.4416,9,STA,WIFI_DROP,
4.444,9,STA,WIFI_DROP,
4.4464,9,STA,WIFI_DROP,
4.4488,9,STA,WIFI_DROP,
4.4512,9,STA,WIFI_DROP,
4.4536,9,STA,WIFI_DROP,
4.456,9,STA,WIFI_DROP,
4.4584,9,STA,WIFI_DROP,
4.4608,9,STA,WIFI_DROP,
4.4632,9,STA,WIFI_DROP,
4.4656,9,STA,WIFI_DROP,
4.468,9,STA,WIFI_DROP,
4.4704,9,STA,WIFI_DROP,
4.4728,9,STA,WIFI_DROP,
4.4752,9,STA,WIFI_DROP,
4.4776,9,STA,WIFI_DROP,
4.48,9,STA,WIFI_DROP,
4.4824,9,STA,WIFI_DROP,
4.4848,9,STA,WIFI_DROP,
4.4872,9,STA,WIFI_DROP,
4.4896,9,STA,WIFI_DROP,
4.492,9,STA,WIFI_DROP,
4.4944,9,STA,WIFI_DROP,
4.4968,9,STA,WIFI_DROP,
4.4992,9,STA,WIFI_DROP,
4.5016,9,STA,WIFI_DROP,
4.504,9,STA,WIFI_DROP,
4.5064,9,STA,WIFI_DROP,
4.5088,9,STA,WIFI_DROP,
4.5112,9,STA,WIFI_DROP,
4.5136,9,STA,WIFI_DROP,
4.516,9,STA,WIFI_DROP,
4.5184,9,STA,WIFI_DROP,
4.5208,9,STA,WIFI_DROP,
4.78,16,STA,WIFI_DROP,
4.7824,16,STA,WIFI_DROP,
4.7848,16,STA,WIFI_DROP,
4.7872,16,STA,WIFI_DROP,
4.7896,16,STA,WIFI_DROP,
4.792,16,STA,WIFI_DROP,
4.7944,16,STA,WIFI_DROP,
4.7968,16,STA,WIFI_DROP,
4.7992,16,STA,WIFI_DROP,
4.8016,16,STA,WIFI_DROP,
4.804,16,STA,WIFI_DROP,
4.8064,16,STA,WIFI_DROP,
4.8088,16,STA,WIFI_DROP,
4.8112,16,STA,WIFI_DROP,
4.8136,16,STA,WIFI_DROP,
4.816,16,STA,WIFI_DROP,
4.8184,16,STA,WIFI_DROP,
4.8208,16,STA,WIFI_DROP,
4.8232,16,STA,WIFI_DROP,
4.8256,16,STA,WIFI_DROP,
4.828,16,STA,WIFI_DROP,
4.8304,16,STA,WIFI_DROP,
4.8328,16,STA,WIFI_DROP,
4.8352,16,STA,WIFI_DROP,
4.8376,16,STA,WIFI_DROP,
4.84,16,STA,WIFI_DROP,
4.8424,16,STA,WIFI_DROP,
4.8448,16,STA,WIFI_DROP,
4.8472,16,STA,WIFI_DROP,
4.8496,16,STA,WIFI_DROP,
4.852,16,STA,WIFI_DROP,
4.8544,16,STA,WIFI_DROP,
4.8568,16,STA,WIFI_DROP,
4.8592,16,STA,WIFI_DROP,
4.8616,16,STA,WIFI_DROP,
4.864,16,STA,WIFI_DROP,
4.8664,16,STA,WIFI_DROP,
4.8688,16,STA,WIFI_DROP,
4.8712,16,STA,WIFI_DROP,
4.8736,16,STA,WIFI_DROP,
4.876,16,STA,WIFI_DROP,
4.8784,16,STA,WIFI_DROP,
4.8808,3,STA,WIFI_DROP,
4.8808,5,STA,WIFI_DROP,
4.8808,16,STA,WIFI_DROP,
4.8832,3,STA,WIFI_DROP,
4.8832,5,STA,WIFI_DROP,
4.8832,16,STA,WIFI_DROP,
4.8856,3,STA,WIFI_DROP,
4.8856,5,STA,WIFI_DROP,
4.8856,16,STA,WIFI_DROP,
4.888,3,STA,WIFI_DROP,
4.888,5,STA,WIFI_DROP,
4.888,16,STA,WIFI_DROP,
4.8904,3,STA,WIFI_DROP,
4.8904,5,STA,WIFI_DROP,
4.8904,16,STA,WIFI_DROP,
4.8928,3,STA,WIFI_DROP,
4.8928,5,STA,WIFI_DROP,
4.8928,16,STA,WIFI_DROP,
4.8952,3,STA,WIFI_DROP,
4.8952,5,STA,WIFI_DROP,
4.8952,16,STA,WIFI_DROP,
4.8976,3,STA,WIFI_DROP,
4.8976,5,STA,WIFI_DROP,
4.8976,16,STA,WIFI_DROP,
4.9,3,STA,WIFI_DROP,
4.9,5,STA,WIFI_DROP,
4.9,16,STA,WIFI_DROP,
4.9024,3,STA,WIFI_DROP,
4.9024,5,STA,WIFI_DROP,
4.9024,16,STA,WIFI_DROP,
4.9048,3,STA,WIFI_DROP,
4.9048,5,STA,WIFI_DROP,
4.9048,16,STA,WIFI_DROP,
4.9072,3,STA,WIFI_DROP,
4.9072,5,STA,WIFI_DROP,
4.9072,16,STA,WIFI_DROP,
4.9096,3,STA,WIFI_DROP,
4.9096,5,STA,WIFI_DROP,
4.9096,16,STA,WIFI_DROP,
4.912,3,STA,WIFI_DROP,
4.912,5,STA,WIFI_DROP,
4.912,16,STA,WIFI_DROP,
4.9144,3,STA,WIFI_DROP,
4.9144,5,STA,WIFI_DROP,
4.9144,16,STA,WIFI_DROP,
4.9168,3,STA,WIFI_DROP,
4.9168,5,STA,WIFI_DROP,
4.9168,16,STA,WIFI_DROP,
4.9192,3,STA,WIFI_DROP,
4.9192,5,STA,WIFI_DROP,
4.9192,16,STA,WIFI_DROP,
4.9216,3,STA,WIFI_DROP,
4.9216,5,STA,WIFI_DROP,
4.9216,16,STA,WIFI_DROP,
4.924,3,STA,WIFI_DROP,
4.924,5,STA,WIFI_DROP,
4.924,16,STA,WIFI_DROP,
4.9264,3,STA,WIFI_DROP,
4.9264,5,STA,WIFI_DROP,
4.9264,16,STA,WIFI_DROP,
4.9288,3,STA,WIFI_DROP,
4.9288,5,STA,WIFI_DROP,
4.9288,16,STA,WIFI_DROP,
4.9312,3,STA,WIFI_DROP,
4.9312,5,STA,WIFI_DROP,
4.9312,16,STA,WIFI_DROP,
4.9336,3,STA,WIFI_DROP,
4.9336,5,STA,WIFI_DROP,
4.9336,16,STA,WIFI_DROP,
4.936,3,STA,WIFI_DROP,
4.936,5,STA,WIFI_DROP,
4.936,16,STA,WIFI_DROP,
4.9384,5,STA,WIFI_DROP,
4.9384,16,STA,WIFI_DROP,
4.9408,5,STA,WIFI_DROP,
4.9408,16,STA,WIFI_DROP,
4.9432,5,STA,WIFI_DROP,
4.9432,16,STA,WIFI_DROP,
4.9456,5,STA,WIFI_DROP,
4.9456,16,STA,WIFI_DROP,
4.948,5,STA,WIFI_DROP,
4.948,16,STA,WIFI_DROP,
4.9504,5,STA,WIFI_DROP,
4.9504,16,STA,WIFI_DROP,
4.9528,5,STA,WIFI_DROP,
4.9528,16,STA,WIFI_DROP,
4.9552,5,STA,WIFI_DROP,
4.9552,16,STA,WIFI_DROP,
4.9576,5,STA,WIFI_DROP,
4.9576,16,STA,WIFI_DROP,
4.96,5,STA,WIFI_DROP,
4.96,16,STA,WIFI_DROP,
4.9624,5,STA,WIFI_DROP,
4.9624,16,STA,WIFI_DROP,
4.9648,5,STA,WIFI_DROP,
4.9648,16,STA,WIFI_DROP,
4.9672,5,STA,WIFI_DROP,
4.9672,16,STA,WIFI_DROP,
4.9696,5,STA,WIFI_DROP,
4.9696,16,STA,WIFI_DROP,
4.972,5,STA,WIFI_DROP,
4.972,16,STA,WIFI_DROP,
4.9744,5,STA,WIFI_DROP,
4.9744,16,STA,WIFI_DROP,
4.9768,5,STA,WIFI_DROP,
4.9768,16,STA,WIFI_DROP,
4.9792,5,STA,WIFI_DROP,
4.9792,16,STA,WIFI_DROP,
4.9816,5,STA,WIFI_DROP,
4.9816,16,STA,WIFI_DROP,
4.984,5,STA,WIFI_DROP,
4.984,16,STA,WIFI_DROP,
4.9864,5,STA,WIFI_DROP,
4.9864,16,STA,WIFI_DROP,
4.9888,5,STA,WIFI_DROP,
4.9888,16,STA,WIFI_DROP,
4.9912,5,STA,WIFI_DROP,
4.9912,16,STA,WIFI_DROP,
4.9936,5,STA,WIFI_DROP,
4.9936,16,STA,WIFI_DROP,
4.996,5,STA,WIFI_DROP,
4.996,16,STA,WIFI_DROP,
4.9984,5,STA,WIFI_DROP,
4.9984,16,STA,WIFI_DROP,
5,2,STA,THROUGHPUT_MBPS,1.680000
5,4,STA,THROUGHPUT_MBPS,3.732000
5,5,STA,THROUGHPUT_MBPS,2.628000
5,7,STA,THROUGHPUT_MBPS,1.320000
5,8,STA,THROUGHPUT_MBPS,2.964000
5,11,STA,THROUGHPUT_MBPS,1.656000
5,12,STA,THROUGHPUT_MBPS,2.064000
5,13,STA,THROUGHPUT_MBPS,1.824000
5,14,STA,THROUGHPUT_MBPS,2.436000
5,15,STA,THROUGHPUT_MBPS,0.828000
5,19,STA,THROUGHPUT_MBPS,0.900000
5,20,STA,THROUGHPUT_MBPS,0.672000
5,1,AP,AGGREGATE_THROUGHPUT_MBPS,22.704000
5,1,AP,SENT_COUNT,8340.000000
5,1,AP,RECV_COUNT,1892.000000
5,1,AP,LATENCY_P95_MS,547.711231
5.0008,5,STA,WIFI_DROP,
5.0008,16,STA,WIFI_DROP,
5.0032,5,STA,WIFI_DROP,
5.0032,16,STA,WIFI_DROP,
5.0056,5,STA,WIFI_DROP,
5.0056,16,STA,WIFI_DROP,
5.008,5,STA,WIFI_DROP,
5.008,16,STA,WIFI_DROP,
5.0104,5,STA,WIFI_DROP,
5.0104,16,STA,WIFI_DROP,
5.0128,5,STA,WIFI_DROP,
5.0128,16,STA,WIFI_DROP,
5.0152,5,STA,WIFI_DROP,
5.0152,16,STA,WIFI_DROP,
5.0176,5,STA,WIFI_DROP,
5.0176,16,STA,WIFI_DROP,
5.02,5,STA,WIFI_DROP,
5.02,16,STA,WIFI_DROP,
5.0224,5,STA,WIFI_DROP,
5.0224,16,STA,WIFI_DROP,
5.0248,5,STA,WIFI_DROP,
5.0248,16,STA,WIFI_DROP,
5.0272,5,STA,WIFI_DROP,
5.0272,16,STA,WIFI_DROP,
5.0296,5,STA,WIFI_DROP,
5.0296,16,STA,WIFI_DROP,
5.032,5,STA,WIFI_DROP,
5.0344,5,STA,WIFI_DROP,
5.1904,17,STA,WIFI_DROP,
5.1928,17,STA,WIFI_DROP,
5.1952,17,STA,WIFI_DROP,
5.1976,17,STA,WIFI_DROP,
5.2,17,STA,WIFI_DROP,
5.2024,17,STA,WIFI_DROP,
5.2048,17,STA,WIFI_DROP,
5.2072,17,STA,WIFI_DROP,
5.2096,17,STA,WIFI_DROP,
5.212,17,STA,WIFI_DROP,
5.2144,17,STA,WIFI_DROP,
5.2168,17,STA,WIFI_DROP,
5.2192,17,STA,WIFI_DROP,
5.2216,17,STA,WIFI_DROP,
5.224,17,STA,WIFI_DROP,
5.2264,17,STA,WIFI_DROP,
5.2288,17,STA,WIFI_DROP,
5.2312,17,STA,WIFI_DROP,
5.2336,17,STA,WIFI_DROP,
5.236,17,STA,WIFI_DROP,
5.2384,17,STA,WIFI_DROP,
5.2408,17,STA,WIFI_DROP,
5.2432,17,STA,WIFI_DROP,
5.2456,17,STA,WIFI_DROP,
5.248,17,STA,WIFI_DROP,
5.2504,17,STA,WIFI_DROP,
5.2528,17,STA,WIFI_DROP,
5.2552,17,STA,WIFI_DROP,
5.2576,17,STA,WIFI_DROP,
5.26,17,STA,WIFI_DROP,
5.2624,17,STA,WIFI_DROP,
5.2648,17,STA,WIFI_DROP,
5.2672,17,STA,WIFI_DROP,
5.2696,17,STA,WIFI_DROP,
5.272,17,STA,WIFI_DROP,
5.2744,17,STA,WIFI_DROP,
5.2768,17,STA,WIFI_DROP,
5.2792,17,STA,WIFI_DROP,
5.2816,17,STA,WIFI_DROP,
5.284,17,STA,WIFI_DROP,
5.2864,17,STA,WIFI_DROP,
5.2888,17,STA,WIFI_DROP,
5.2912,17,STA,WIFI_DROP,
5.2936,17,STA,WIFI_DROP,
5.296,17,STA,WIFI_DROP,
5.2984,17,STA,WIFI_DROP,
5.3008,17,STA,WIFI_DROP,
5.3032,17,STA,WIFI_DROP,
5.3056,17,STA,WIFI_DROP,
5.308,17,STA,WIFI_DROP,
5.3104,17,STA,WIFI_DROP,
5.3128,17,STA,WIFI_DROP,
5.3152,17,STA,WIFI_DROP,
5.3176,17,STA,WIFI_DROP,
5.32,17,STA,WIFI_DROP,
5.3224,17,STA,WIFI_DROP,
5.3248,17,STA,WIFI_DROP,
5.3272,17,STA,WIFI_DROP,
5.3296,17,STA,WIFI_DROP,
5.332,17,STA,WIFI_DROP,
5.3344,17,STA,WIFI_DROP,
5.3368,17,STA,WIFI_DROP,
5.3392,17,STA,WIFI_DROP,
5.3416,17,STA,WIFI_DROP,
5.344,17,STA,WIFI_DROP,
5.3464,17,STA,WIFI_DROP,
5.3488,17,STA,WIFI_DROP,
5.3512,17,STA,WIFI_DROP,
5.3536,17,STA,WIFI_DROP,
5.356,17,STA,WIFI_DROP,
5.3584,17,STA,WIFI_DROP,
5.3608,17,STA,WIFI_DROP,
5.3632,17,STA,WIFI_DROP,
5.3656,17,STA,WIFI_DROP,
5.368,17,STA,WIFI_DROP,
5.3704,17,STA,WIFI_DROP,
5.3728,17,STA,WIFI_DROP,
5.3752,17,STA,WIFI_DROP,
5.3776,17,STA,WIFI_DROP,
5.38,17,STA,WIFI_DROP,
5.3824,17,STA,WIFI_DROP,
5.3848,17,STA,WIFI_DROP,
5.3872,17,STA,WIFI_DROP,
5.3896,17,STA,WIFI_DROP,
5.392,17,STA,WIFI_DROP,
5.3944,17,STA,WIFI_DROP,
5.3968,17,STA,WIFI_DROP,
5.3992,17,STA,WIFI_DROP,
5.4016,17,STA,WIFI_DROP,
5.404,17,STA,WIFI_DROP,
5.4064,17,STA,WIFI_DROP,
5.4088,17,STA,WIFI_DROP,
5.4112,17,STA,WIFI_DROP,
5.4136,17,STA,WIFI_DROP,
5.416,17,STA,WIFI_DROP,
5.4184,17,STA,WIFI_DROP,
5.4208,17,STA,WIFI_DROP,
5.4232,17,STA,WIFI_DROP,
5.4256,17,STA,WIFI_DROP,
5.428,17,STA,WIFI_DROP,
5.4304,17,STA,WIFI_DROP,
5.4328,17,STA,WIFI_DROP,
5.4352,17,STA,WIFI_DROP,
5.4376,17,STA,WIFI_DROP,
5.44,17,STA,WIFI_DROP,
5.4424,17,STA,WIFI_DROP,
5.4448,17,STA,WIFI_DROP,
5.4472,17,STA,WIFI_DROP,
5.4496,17,STA,WIFI_DROP,
5.452,17,STA,WIFI_DROP,
5.4544,17,STA,WIFI_DROP,
5.4568,17,STA,WIFI_DROP,
5.4592,17,STA,WIFI_DROP,
5.4616,17,STA,WIFI_DROP,
5.464,17,STA,WIFI_DROP,
5.4664,17,STA,WIFI_DROP,
5.4688,17,STA,WIFI_DROP,
5.4712,17,STA,WIFI_DROP,
5.4736,17,STA,WIFI_DROP,
5.476,17,STA,WIFI_DROP,
5.4784,17,STA,WIFI_DROP,
5.4808,17,STA,WIFI_DROP,
5.4832,17,STA,WIFI_DROP,
5.4856,17,STA,WIFI_DROP,
5.488,17,STA,WIFI_DROP,
5.4904,17,STA,WIFI_DROP,
5.4928,17,STA,WIFI_DROP,
5.4952,17,STA,WIFI_DROP,
5.4976,17,STA,WIFI_DROP,
5.5,17,STA,WIFI_DROP,
5.5024,17,STA,WIFI_DROP,
5.5048,17,STA,WIFI_DROP,
5.5072,17,STA,WIFI_DROP,
5.5096,17,STA,WIFI_DROP,
5.512,17,STA,WIFI_DROP,
5.5144,17,STA,WIFI_DROP,
5.5168,17,STA,WIFI_DROP,
5.5192,17,STA,WIFI_DROP,
5.5216,17,STA,WIFI_DROP,
5.524,17,STA,WIFI_DROP,
5.5264,17,STA,WIFI_DROP,
5.5288,17,STA,WIFI_DROP,
5.5312,17,STA,WIFI_DROP,
5.5336,17,STA,WIFI_DROP,
5.536,17,STA,WIFI_DROP,
5.5384,17,STA,WIFI_DROP,
5.5408,17,STA,WIFI_DROP,
5.5432,17,STA,WIFI_DROP,
5.5456,17,STA,WIFI_DROP,
5.548,17,STA,WIFI_DROP,
5.5504,17,STA,WIFI_DROP,
5.5528,17,STA,WIFI_DROP,
5.5552,17,STA,WIFI_DROP,
5.5576,17,STA,WIFI_DROP,
5.56,17,STA,WIFI_DROP,
5.5624,17,STA,WIFI_DROP,
5.5648,17,STA,WIFI_DROP,
5.5672,17,STA,WIFI_DROP,
5.5696,17,STA,WIFI_DROP,
5.572,17,STA,WIFI_DROP,
5.5744,17,STA,WIFI_DROP,
5.5768,17,STA,WIFI_DROP,
5.5792,17,STA,WIFI_DROP,
5.5816,17,STA,WIFI_DROP,
5.584,17,STA,WIFI_DROP,
5.5864,17,STA,WIFI_DROP,
5.5888,17,STA,WIFI_DROP,
5.5912,17,STA,WIFI_DROP,
5.5936,17,STA,WIFI_DROP,
5.596,17,STA,WIFI_DROP,
5.5984,17,STA,WIFI_DROP,
5.6008,17,STA,WIFI_DROP,
5.6032,17,STA,WIFI_DROP,
5.6056,17,STA,WIFI_DROP,
5.608,17,STA,WIFI_DROP,
5.6104,17,STA,WIFI_DROP,
5.6128,17,STA,WIFI_DROP,
5.6152,17,STA,WIFI_DROP,
5.6176,17,STA,WIFI_DROP,
5.62,17,STA,WIFI_DROP,
5.6224,17,STA,WIFI_DROP,
5.6248,17,STA,WIFI_DROP,
5.6272,17,STA,WIFI_DROP,
5.6296,17,STA,WIFI_DROP,
5.632,17,STA,WIFI_DROP,
5.6344,17,STA,WIFI_DROP,
5.6368,17,STA,WIFI_DROP,
5.6392,17,STA,WIFI_DROP,
5.6416,17,STA,WIFI_DROP,
5.644,17,STA,WIFI_DROP,
5.6464,17,STA,WIFI_DROP,
5.6488,17,STA,WIFI_DROP,
5.6512,17,STA,WIFI_DROP,
5.6536,17,STA,WIFI_DROP,
5.656,17,STA,WIFI_DROP,
5.6584,17,STA,WIFI_DROP,
5.6608,17,STA,WIFI_DROP,
5.6632,17,STA,WIFI_DROP,
5.6656,17,STA,WIFI_DROP,
5.668,17,STA,WIFI_DROP,
5.6704,17,STA,WIFI_DROP,
5.6728,17,STA,WIFI_DROP,
5.6752,17,STA,WIFI_DROP,
5.6776,17,STA,WIFI_DROP,
5.68,17,STA,WIFI_DROP,
5.6824,17,STA,WIFI_DROP,
5.6848,17,STA,WIFI_DROP,
5.6872,17,STA,WIFI_DROP,
5.6896,17,STA,WIFI_DROP,
5.692,17,STA,WIFI_DROP,
5.6944,17,STA,WIFI_DROP,
5.6968,17,STA,WIFI_DROP,
5.6992,17,STA,WIFI_DROP,
5.7016,17,STA,WIFI_DROP,
5.704,17,STA,WIFI_DROP,
5.7064,17,STA,WIFI_DROP,
5.7088,17,STA,WIFI_DROP,
5.7112,17,STA,WIFI_DROP,
5.7136,17,STA,WIFI_DROP,
5.716,17,STA,WIFI_DROP,
5.7184,17,STA,WIFI_DROP,
5.7208,17,STA,WIFI_DROP,
5.7232,17,STA,WIFI_DROP,
5.7256,17,STA,WIFI_DROP,
5.728,17,STA,WIFI_DROP,
5.7304,17,STA,WIFI_DROP,
5.7328,17,STA,WIFI_DROP,
5.7352,17,STA,WIFI_DROP,
5.7376,17,STA,WIFI_DROP,
5.74,17,STA,WIFI_DROP,
5.7424,17,STA,WIFI_DROP,
5.7448,17,STA,WIFI_DROP,
5.7472,17,STA,WIFI_DROP,
5.7496,17,STA,WIFI_DROP,
5.752,17,STA,WIFI_DROP,
5.7544,17,STA,WIFI_DROP,
5.7568,17,STA,WIFI_DROP,
5.7592,17,STA,WIFI_DROP,
5.7616,17,STA,WIFI_DROP,
5.764,17,STA,WIFI_DROP,
5.7664,17,STA,WIFI_DROP,
5.7688,17,STA,WIFI_DROP,
5.7712,17,STA,WIFI_DROP,
5.7736,17,STA,WIFI_DROP,
5.776,17,STA,WIFI_DROP,
5.7784,17,STA,WIFI_DROP,
5.7808,17,STA,WIFI_DROP,
5.7832,17,STA,WIFI_DROP,
5.7856,17,STA,WIFI_DROP,
5.788,17,STA,WIFI_DROP,
5.7904,17,STA,WIFI_DROP,
5.7928,17,STA,WIFI_DROP,
5.7952,17,STA,WIFI_DROP,
5.7976,17,STA,WIFI_DROP,
5.8,17,STA,WIFI_DROP,
5.8024,17,STA,WIFI_DROP,
5.8048,17,STA,WIFI_DROP,
5.8072,17,STA,WIFI_DROP,
5.8096,17,STA,WIFI_DROP,
5.812,17,STA,WIFI_DROP,
5.8144,17,STA,WIFI_DROP,
5.8168,17,STA,WIFI_DROP,
5.8192,17,STA,WIFI_DROP,
5.8216,17,STA,WIFI_DROP,
5.824,17,STA,WIFI_DROP,
5.8264,17,STA,WIFI_DROP,
5.8288,17,STA,WIFI_DROP,
5.8312,17,STA,WIFI_DROP,
5.8336,17,STA,WIFI_DROP,
5.836,17,STA,WIFI_DROP,
5.8384,17,STA,WIFI_DROP,
5.8408,17,STA,WIFI_DROP,
5.8432,17,STA,WIFI_DROP,
5.8456,17,STA,WIFI_DROP,
5.848,17,STA,WIFI_DROP,
5.8504,17,STA,WIFI_DROP,
5.8528,17,STA,WIFI_DROP,
5.8552,17,STA,WIFI_DROP,
5.8576,17,STA,WIFI_DROP,
5.86,17,STA,WIFI_DROP,
5.8624,17,STA,WIFI_DROP,
5.8648,17,STA,WIFI_DROP,
5.8672,17,STA,WIFI_DROP,
5.8696,17,STA,WIFI_DROP,
5.872,17,STA,WIFI_DROP,
5.8744,17,STA,WIFI_DROP,
5.8768,17,STA,WIFI_DROP,
5.8792,17,STA,WIFI_DROP,
5.8816,17,STA,WIFI_DROP,
5.884,17,STA,WIFI_DROP,
5.8864,17,STA,WIFI_DROP,
5.8888,17,STA,WIFI_DROP,
5.8912,17,STA,WIFI_DROP,
5.8936,17,STA,WIFI_DROP,
5.896,17,STA,WIFI_DROP,
5.8984,17,STA,WIFI_DROP,
5.9008,17,STA,WIFI_DROP,
5.9032,17,STA,WIFI_DROP,
5.9056,17,STA,WIFI_DROP,
5.908,17,STA,WIFI_DROP,
5.9104,17,STA,WIFI_DROP,
5.9128,17,STA,WIFI_DROP,
5.9152,17,STA,WIFI_DROP,
5.9176,17,STA,WIFI_DROP,
5.92,17,STA,WIFI_DROP,
5.9224,17,STA,WIFI_DROP,
5.9248,17,STA,WIFI_DROP,
5.9272,17,STA,WIFI_DROP,
5.9296,17,STA,WIFI_DROP,
5.932,17,STA,WIFI_DROP,
5.9344,17,STA,WIFI_DROP,
5.9368,17,STA,WIFI_DROP,
5.9392,17,STA,WIFI_DROP,
5.9416,17,STA,WIFI_DROP,
5.944,17,STA,WIFI_DROP,
5.9464,17,STA,WIFI_DROP,
5.9488,17,STA,WIFI_DROP,
5.9512,17,STA,WIFI_DROP,
5.9536,17,STA,WIFI_DROP,
5.956,17,STA,WIFI_DROP,
5.9584,17,STA,WIFI_DROP,
5.9608,17,STA,WIFI_DROP,
5.9632,17,STA,WIFI_DROP,
5.9656,17,STA,WIFI_DROP,
5.968,17,STA,WIFI_DROP,
5.9704,17,STA,WIFI_DROP,
5.9728,17,STA,WIFI_DROP,
5.9752,17,STA,WIFI_DROP,
5.9776,17,STA,WIFI_DROP,
5.98,17,STA,WIFI_DROP,
5.9824,17,STA,WIFI_DROP,
5.9848,17,STA,WIFI_DROP,
5.9872,17,STA,WIFI_DROP,
5.9896,17,STA,WIFI_DROP,
5.992,17,STA,WIFI_DROP,
5.9944,17,STA,WIFI_DROP,
5.9968,17,STA,WIFI_DROP,
5.9992,17,STA,WIFI_DROP,
6,2,STA,THROUGHPUT_MBPS,0.984000
6,4,STA,THROUGHPUT_MBPS,4.068000
6,5,STA,THROUGHPUT_MBPS,1.908000
6,7,STA,THROUGHPUT_MBPS,2.796000
6,8,STA,THROUGHPUT_MBPS,2.568000
6,11,STA,THROUGHPUT_MBPS,1.476000
6,12,STA,THROUGHPUT_MBPS,2.724000
6,13,STA,THROUGHPUT_MBPS,1.464000
6,14,STA,THROUGHPUT_MBPS,2.604000
6,15,STA,THROUGHPUT_MBPS,1.308000
6,16,STA,THROUGHPUT_MBPS,1.812000
6,19,STA,THROUGHPUT_MBPS,1.044000
6,20,STA,THROUGHPUT_MBPS,1.656000
6,1,AP,AGGREGATE_THROUGHPUT_MBPS,26.412000
6,1,AP,SENT_COUNT,8340.000000
6,1,AP,RECV_COUNT,2201.000000
6,1,AP,LATENCY_P95_MS,532.001955
6.0016,17,STA,WIFI_DROP,
6.004,17,STA,WIFI_DROP,
6.0064,17,STA,WIFI_DROP,
6.0088,17,STA,WIFI_DROP,
6.0112,15,STA,WIFI_DROP,
6.0112,17,STA,WIFI_DROP,
6.0136,15,STA,WIFI_DROP,
6.0136,17,STA,WIFI_DROP,
6.016,15,STA,WIFI_DROP,
6.016,17,STA,WIFI_DROP,
6.0184,15,STA,WIFI_DROP,
6.0184,17,STA,WIFI_DROP,
6.0208,15,STA,WIFI_DROP,
6.0208,17,STA,WIFI_DROP,
6.0232,15,STA,WIFI_DROP,
6.0232,17,STA,WIFI_DROP,
6.0256,15,STA,WIFI_DROP,
6.0256,17,STA,WIFI_DROP,
6.028,15,STA,WIFI_DROP,
6.028,17,STA,WIFI_DROP,
6.0304,15,STA,WIFI_DROP,
6.0304,17,STA,WIFI_DROP,
6.0328,15,STA,WIFI_DROP,
6.0328,17,STA,WIFI_DROP,
6.0352,15,STA,WIFI_DROP,
6.0352,17,STA,WIFI_DROP,
6.0376,15,STA,WIFI_DROP,
6.0376,17,STA,WIFI_DROP,
6.04,15,STA,WIFI_DROP,
6.04,17,STA,WIFI_DROP,
6.0424,15,STA,WIFI_DROP,
6.0424,17,STA,WIFI_DROP,
6.0448,15,STA,WIFI_DROP,
6.0448,17,STA,WIFI_DROP,
6.0472,15,STA,WIFI_DROP,
6.0472,17,STA,WIFI_DROP,
6.0496,15,STA,WIFI_DROP,
6.0496,17,STA,WIFI_DROP,
6.052,15,STA,WIFI_DROP,
6.052,17,STA,WIFI_DROP,
6.0544,15,STA,WIFI_DROP,
6.0544,17,STA,WIFI_DROP,
6.0568,15,STA,WIFI_DROP,
6.0568,17,STA,WIFI_DROP,
6.0592,15,STA,WIFI_DROP,
6.0592,17,STA,WIFI_DROP,
6.0616,15,STA,WIFI_DROP,
6.0616,17,STA,WIFI_DROP,
6.064,15,STA,WIFI_DROP,
6.064,17,STA,WIFI_DROP,
6.0664,15,STA,WIFI_DROP,
6.0664,17,STA,WIFI_DROP,
6.0688,15,STA,WIFI_DROP,
6.0688,17,STA,WIFI_DROP,
6.0712,15,STA,WIFI_DROP,
6.0712,17,STA,WIFI_DROP,
6.0736,15,STA,WIFI_DROP,
6.0736,17,STA,WIFI_DROP,
6.076,15,STA,WIFI_DROP,
6.076,17,STA,WIFI_DROP,
6.0784,15,STA,WIFI_DROP,
6.0784,17,STA,WIFI_DROP,
6.0808,15,STA,WIFI_DROP,
6.0808,17,STA,WIFI_DROP,
6.0832,15,STA,WIFI_DROP,
6.0832,17,STA,WIFI_DROP,
6.0856,15,STA,WIFI_DROP,
6.0856,17,STA,WIFI_DROP,
6.088,15,STA,WIFI_DROP,
6.088,17,STA,WIFI_DROP,
6.0904,15,STA,WIFI_DROP,
6.0904,17,STA,WIFI_DROP,
6.0928,15,STA,WIFI_DROP,
6.0928,17,STA,WIFI_DROP,
6.0952,15,STA,WIFI_DROP,
6.0952,17,STA,WIFI_DROP,
6.0976,15,STA,WIFI_DROP,
6.0976,17,STA,WIFI_DROP,
6.1,15,STA,WIFI_DROP,
6.1,17,STA,WIFI_DROP,
6.1024,15,STA,WIFI_DROP,
6.1024,17,STA,WIFI_DROP,
6.1048,15,STA,WIFI_DROP,
6.1048,17,STA,WIFI_DROP,
6.1072,15,STA,WIFI_DROP,
6.1072,17,STA,WIFI_DROP,
6.1096,15,STA,WIFI_DROP,
6.1096,17,STA,WIFI_DROP,
6.112,15,STA,WIFI_DROP,
6.112,17,STA,WIFI_DROP,
6.1144,15,STA,WIFI_DROP,
6.1144,17,STA,WIFI_DROP,
6.1168,15,STA,WIFI_DROP,
6.1168,17,STA,WIFI_DROP,
6.1192,15,STA,WIFI_DROP,
6.1192,17,STA,WIFI_DROP,
6.1216,15,STA,WIFI_DROP,
6.1216,17,STA,WIFI_DROP,
6.124,15,STA,WIFI_DROP,
6.124,17,STA,WIFI_DROP,
6.1264,15,STA,WIFI_DROP,
6.1264,17,STA,WIFI_DROP,
6.1288,15,STA,WIFI_DROP,
6.1288,17,STA,WIFI_DROP,
6.1312,15,STA,WIFI_DROP,
6.1312,17,STA,WIFI_DROP,
6.1336,15,STA,WIFI_DROP,
6.1336,17,STA,WIFI_DROP,
6.136,15,STA,WIFI_DROP,
6.136,17,STA,WIFI_DROP,
6.1384,15,STA,WIFI_DROP,
6.1384,17,STA,WIFI_DROP,
6.1408,15,STA,WIFI_DROP,
6.1408,17,STA,WIFI_DROP,
6.1432,15,STA,WIFI_DROP,
6.1432,17,STA,WIFI_DROP,
6.1456,15,STA,WIFI_DROP,
6.1456,17,STA,WIFI_DROP,
6.148,15,STA,WIFI_DROP,
6.148,17,STA,WIFI_DROP,
6.1504,15,STA,WIFI_DROP,
6.1504,17,STA,WIFI_DROP,
6.1528,15,STA,WIFI_DROP,
6.1528,17,STA,WIFI_DROP,
6.1552,15,STA,WIFI_DROP,
6.1552,17,STA,WIFI_DROP,
6.1576,15,STA,WIFI_DROP,
6.1576,17,STA,WIFI_DROP,
6.16,15,STA,WIFI_DROP,
6.16,17,STA,WIFI_DROP,
6.1624,15,STA,WIFI_DROP,
6.1624,17,STA,WIFI_DROP,
6.1648,15,STA,WIFI_DROP,
6.1648,17,STA,WIFI_DROP,
6.1672,15,STA,WIFI_DROP,
6.1672,17,STA,WIFI_DROP,
6.1696,15,STA,WIFI_DROP,
6.1696,17,STA,WIFI_DROP,
6.172,15,STA,WIFI_DROP,
6.172,17,STA,WIFI_DROP,
6.1744,15,STA,WIFI_DROP,
6.1744,17,STA,WIFI_DROP,
6.1768,15,STA,WIFI_DROP,
6.1768,17,STA,WIFI_DROP,
6.1792,15,STA,WIFI_DROP,
6.1792,17,STA,WIFI_DROP,
6.1816,15,STA,WIFI_DROP,
6.1816,17,STA,WIFI_DROP,
6.184,15,STA,WIFI_DROP,
6.184,17,STA,WIFI_DROP,
6.1864,15,STA,WIFI_DROP,
6.1864,17,STA,WIFI_DROP,
6.1888,15,STA,WIFI_DROP,
6.1888,17,STA,WIFI_DROP,
6.1912,15,STA,WIFI_DROP,
6.1912,17,STA,WIFI_DROP,
6.1936,15,STA,WIFI_DROP,
6.1936,17,STA,WIFI_DROP,
6.196,15,STA,WIFI_DROP,
6.196,17,STA,WIFI_DROP,
6.1984,15,STA,WIFI_DROP,
6.1984,17,STA,WIFI_DROP,
6.2008,15,STA,WIFI_DROP,
6.2008,17,STA,WIFI_DROP,
6.2032,15,STA,WIFI_DROP,
6.2032,17,STA,WIFI_DROP,
6.2056,15,STA,WIFI_DROP,
6.2056,17,STA,WIFI_DROP,
6.208,15,STA,WIFI_DROP,
6.208,17,STA,WIFI_DROP,
6.2104,15,STA,WIFI_DROP,
6.2104,17,STA,WIFI_DROP,
6.2128,15,STA,WIFI_DROP,
6.2128,17,STA,WIFI_DROP,
6.2152,15,STA,WIFI_DROP,
6.2152,17,STA,WIFI_DROP,
6.2152,21,STA,WIFI_DROP,
6.2176,15,STA,WIFI_DROP,
6.2176,17,STA,WIFI_DROP,
6.2176,21,STA,WIFI_DROP,
6.22,15,STA,WIFI_DROP,
6.22,17,STA,WIFI_DROP,
6.22,21,STA,WIFI_DROP,
6.2224,15,STA,WIFI_DROP,
6.2224,17,STA,WIFI_DROP,
6.2224,21,STA,WIFI_DROP,
6.2248,15,STA,WIFI_DROP,
6.2248,17,STA,WIFI_DROP,
6.2248,21,STA,WIFI_DROP,
6.2272,15,STA,WIFI_DROP,
6.2272,17,STA,WIFI_DROP,
6.2272,21,STA,WIFI_DROP,
6.2296,15,STA,WIFI_DROP,
6.2296,17,STA,WIFI_DROP,
6.2296,21,STA,WIFI_DROP,
6.232,15,STA,WIFI_DROP,
6.232,17,STA,WIFI_DROP,
6.232,21,STA,WIFI_DROP,
6.2344,15,STA,WIFI_DROP,
6.2344,17,STA,WIFI_DROP,
6.2344,21,STA,WIFI_DROP,
6.2368,15,STA,WIFI_DROP,
6.2368,17,STA,WIFI_DROP,
6.2368,21,STA,WIFI_DROP,
6.2392,15,STA,WIFI_DROP,
6.2392,17,STA,WIFI_DROP,
6.2392,21,STA,WIFI_DROP,
6.2416,15,STA,WIFI_DROP,
6.2416,17,STA,WIFI_DROP,
6.2416,21,STA,WIFI_DROP,
6.244,15,STA,WIFI_DROP,
6.244,17,STA,WIFI_DROP,
6.244,21,STA,WIFI_DROP,
6.2464,15,STA,WIFI_DROP,
6.2464,17,STA,WIFI_DROP,
6.2464,21,STA,WIFI_DROP,
6.2488,15,STA,WIFI_DROP,
6.2488,17,STA,WIFI_DROP,
6.2488,21,STA,WIFI_DROP,
6.2512,15,STA,WIFI_DROP,
6.2512,17,STA,WIFI_DROP,
6.2512,21,STA,WIFI_DROP,
6.2536,15,STA,WIFI_DROP,
6.2536,17,STA,WIFI_DROP,
6.2536,21,STA,WIFI_DROP,
6.256,15,STA,WIFI_DROP,
6.256,17,STA,WIFI_DROP,
6.256,21,STA,WIFI_DROP,
6.2584,15,STA,WIFI_DROP,
6.2584,17,STA,WIFI_DROP,
6.2584,21,STA,WIFI_DROP,
6.2608,15,STA,WIFI_DROP,
6.2608,17,STA,WIFI_DROP,
6.2608,21,STA,WIFI_DROP,
6.2632,15,STA,WIFI_DROP,
6.2632,17,STA,WIFI_DROP,
6.2632,21,STA,WIFI_DROP,
6.2656,15,STA,WIFI_DROP,
6.2656,17,STA,WIFI_DROP,
6.2656,21,STA,WIFI_DROP,
6.268,15,STA,WIFI_DROP,
6.268,17,STA,WIFI_DROP,
6.268,21,STA,WIFI_DROP,
6.2704,15,STA,WIFI_DROP,
6.2704,17,STA,WIFI_DROP,
6.2704,21,STA,WIFI_DROP,
6.2728,15,STA,WIFI_DROP,
6.2728,17,STA,WIFI_DROP,
6.2728,21,STA,WIFI_DROP,
6.2752,15,STA,WIFI_DROP,
6.2752,17,STA,WIFI_DROP,
6.2752,21,STA,WIFI_DROP,
6.2776,15,STA,WIFI_DROP,
6.2776,17,STA,WIFI_DROP,
6.2776,21,STA,WIFI_DROP,
6.28,15,STA,WIFI_DROP,
6.28,17,STA,WIFI_DROP,
6.28,21,STA,WIFI_DROP,
6.2824,15,STA,WIFI_DROP,
6.2824,17,STA,WIFI_DROP,
6.2824,21,STA,WIFI_DROP,
6.2848,15,STA,WIFI_DROP,
6.2848,17,STA,WIFI_DROP,
6.2848,21,STA,WIFI_DROP,
6.2872,15,STA,WIFI_DROP,
6.2872,17,STA,WIFI_DROP,
6.2872,21,STA,WIFI_DROP,
6.2896,15,STA,WIFI_DROP,
6.2896,17,STA,WIFI_DROP,
6.2896,21,STA,WIFI_DROP,
6.292,15,STA,WIFI_DROP,
6.292,17,STA,WIFI_DROP,
6.292,21,STA,WIFI_DROP,
6.2944,15,STA,WIFI_DROP,
6.2944,17,STA,WIFI_DROP,
6.2944,21,STA,WIFI_DROP,
6.2968,15,STA,WIFI_DROP,
6.2968,17,STA,WIFI_DROP,
6.2968,21,STA,WIFI_DROP,
6.2992,15,STA,WIFI_DROP,
6.2992,17,STA,WIFI_DROP,
6.2992,21,STA,WIFI_DROP,
6.3016,15,STA,WIFI_DROP,
6.3016,17,STA,WIFI_DROP,
6.3016,21,STA,WIFI_DROP,
6.304,15,STA,WIFI_DROP,
6.304,17,STA,WIFI_DROP,
6.304,21,STA,WIFI_DROP,
6.3064,15,STA,WIFI_DROP,
6.3064,17,STA,WIFI_DROP,
6.3064,21,STA,WIFI_DROP,
6.3088,15,STA,WIFI_DROP,
6.3088,17,STA,WIFI_DROP,
6.3088,21,STA,WIFI_DROP,
6.3112,15,STA,WIFI_DROP,
6.3112,17,STA,WIFI_DROP,
6.3112,21,STA,WIFI_DROP,
6.3136,15,STA,WIFI_DROP,
6.3136,17,STA,WIFI_DROP,
6.3136,21,STA,WIFI_DROP,
6.316,15,STA,WIFI_DROP,
6.316,17,STA,WIFI_DROP,
6.316,21,STA,WIFI_DROP,
6.3184,15,STA,WIFI_DROP,
6.3184,17,STA,WIFI_DROP,
6.3184,21,STA,WIFI_DROP,
6.3208,15,STA,WIFI_DROP,
6.3208,17,STA,WIFI_DROP,
6.3208,21,STA,WIFI_DROP,
6.3232,15,STA,WIFI_DROP,
6.3232,17,STA,WIFI_DROP,
6.3232,21,STA,WIFI_DROP,
6.3256,15,STA,WIFI_DROP,
6.3256,17,STA,WIFI_DROP,
6.3256,21,STA,WIFI_DROP,
6.328,15,STA,WIFI_DROP,
6.328,17,STA,WIFI_DROP,
6.328,21,STA,WIFI_DROP,
6.3304,15,STA,WIFI_DROP,
6.3304,17,STA,WIFI_DROP,
6.3304,21,STA,WIFI_DROP,
6.3328,15,STA,WIFI_DROP,
6.3328,17,STA,WIFI_DROP,
6.3328,21,STA,WIFI_DROP,
6.3352,15,STA,WIFI_DROP,
6.3352,17,STA,WIFI_DROP,
6.3352,21,STA,WIFI_DROP,
6.3376,15,STA,WIFI_DROP,
6.3376,17,STA,WIFI_DROP,
6.3376,21,STA,WIFI_DROP,
6.34,15,STA,WIFI_DROP,
6.34,17,STA,WIFI_DROP,
6.34,21,STA,WIFI_DROP,
6.3424,15,STA,WIFI_DROP,
6.3424,21,STA,WIFI_DROP,
6.3448,15,STA,WIFI_DROP,
6.3448,21,STA,WIFI_DROP,
6.3472,15,STA,WIFI_DROP,
6.3472,21,STA,WIFI_DROP,
6.3496,15,STA,WIFI_DROP,
6.3496,21,STA,WIFI_DROP,
6.352,15,STA,WIFI_DROP,
6.352,21,STA,WIFI_DROP,
6.3544,15,STA,WIFI_DROP,
6.3544,21,STA,WIFI_DROP,
6.3568,15,STA,WIFI_DROP,
6.3568,21,STA,WIFI_DROP,
6.3592,15,STA,WIFI_DROP,
6.3592,21,STA,WIFI_DROP,
6.3616,15,STA,WIFI_DROP,
6.3616,21,STA,WIFI_DROP,
6.364,15,STA,WIFI_DROP,
6.364,21,STA,WIFI_DROP,
6.3664,15,STA,WIFI_DROP,
6.3664,17,STA,WIFI_DROP,
6.3664,21,STA,WIFI_DROP,
6.3688,15,STA,WIFI_DROP,
6.3688,17,STA,WIFI_DROP,
6.3688,21,STA,WIFI_DROP,
6.3712,15,STA,WIFI_DROP,
6.3712,17,STA,WIFI_DROP,
6.3736,15,STA,WIFI_DROP,
6.3736,17,STA,WIFI_DROP,
6.376,15,STA,WIFI_DROP,
6.376,17,STA,WIFI_DROP,
6.3784,15,STA,WIFI_DROP,
6.3784,17,STA,WIFI_DROP,
6.3808,15,STA,WIFI_DROP,
6.3808,17,STA,WIFI_DROP,
6.3832,15,STA,WIFI_DROP,
6.3832,17,STA,WIFI_DROP,
6.3856,15,STA,WIFI_DROP,
6.3856,17,STA,WIFI_DROP,
6.388,15,STA,WIFI_DROP,
6.388,17,STA,WIFI_DROP,
6.3904,15,STA,WIFI_DROP,
6.3904,17,STA,WIFI_DROP,
6.3928,15,STA,WIFI_DROP,
6.3928,17,STA,WIFI_DROP,
6.3952,15,STA,WIFI_DROP,
6.3952,17,STA,WIFI_DROP,
6.3976,15,STA,WIFI_DROP,
6.3976,17,STA,WIFI_DROP,
6.4,15,STA,WIFI_DROP,
6.4,17,STA,WIFI_DROP,
6.4024,15,STA,WIFI_DROP,
6.4024,17,STA,WIFI_DROP,
6.4048,15,STA,WIFI_DROP,
6.4048,17,STA,WIFI_DROP,
6.4072,15,STA,WIFI_DROP,
6.4072,17,STA,WIFI_DROP,
6.4096,15,STA,WIFI_DROP,
6.4096,17,STA,WIFI_DROP,
6.412,15,STA,WIFI_DROP,
6.412,17,STA,WIFI_DROP,
6.4144,15,STA,WIFI_DROP,
6.4144,17,STA,WIFI_DROP,
6.4168,15,STA,WIFI_DROP,
6.4168,17,STA,WIFI_DROP,
6.4192,14,STA,WIFI_DROP,
6.4192,15,STA,WIFI_DROP,
6.4192,17,STA,WIFI_DROP,
6.4216,14,STA,WIFI_DROP,
6.4216,15,STA,WIFI_DROP,
6.4216,17,STA,WIFI_DROP,
6.424,14,STA,WIFI_DROP,
6.424,15,STA,WIFI_DROP,
6.424,17,STA,WIFI_DROP,
6.4264,14,STA,WIFI_DROP,
6.4264,15,STA,WIFI_DROP,
6.4264,17,STA,WIFI_DROP,
6.4288,14,STA,WIFI_DROP,
6.4288,15,STA,WIFI_DROP,
6.4288,17,STA,WIFI_DROP,
6.4312,14,STA,WIFI_DROP,
6.4312,15,STA,WIFI_DROP,
6.4312,17,STA,WIFI_DROP,
6.4336,14,STA,WIFI_DROP,
6.4336,15,STA,WIFI_DROP,
6.4336,17,STA,WIFI_DROP,
6.436,14,STA,WIFI_DROP,
6.436,15,STA,WIFI_DROP,
6.436,17,STA,WIFI_DROP,
6.4384,14,STA,WIFI_DROP,
6.4384,15,STA,WIFI_DROP,
6.4384,17,STA,WIFI_DROP,
6.4408,14,STA,WIFI_DROP,
6.4408,15,STA,WIFI_DROP,
6.4408,17,STA,WIFI_DROP,
6.4432,14,STA,WIFI_DROP,
6.4432,15,STA,WIFI_DROP,
6.4432,17,STA,WIFI_DROP,
6.4456,14,STA,WIFI_DROP,
6.4456,15,STA,WIFI_DROP,
6.4456,17,STA,WIFI_DROP,
6.448,14,STA,WIFI_DROP,
6.448,15,STA,WIFI_DROP,
6.448,17,STA,WIFI_DROP,
6.4504,14,STA,WIFI_DROP,
6.4504,15,STA,WIFI_DROP,
6.4504,17,STA,WIFI_DROP,
6.4528,14,STA,WIFI_DROP,
6.4528,15,STA,WIFI_DROP,
6.4528,17,STA,WIFI_DROP,
6.4552,14,STA,WIFI_DROP,
6.4552,15,STA,WIFI_DROP,
6.4552,17,STA,WIFI_DROP,
6.4576,14,STA,WIFI_DROP,
6.4576,15,STA,WIFI_DROP,
6.4576,17,STA,WIFI_DROP,
6.46,14,STA,WIFI_DROP,
6.46,15,STA,WIFI_DROP,
6.46,17,STA,WIFI_DROP,
6.4624,14,STA,WIFI_DROP,
6.4624,15,STA,WIFI_DROP,
6.4624,17,STA,WIFI_DROP,
6.4648,14,STA,WIFI_DROP,
6.4648,15,STA,WIFI_DROP,
6.4648,17,STA,WIFI_DROP,
6.4672,14,STA,WIFI_DROP,
6.4672,15,STA,WIFI_DROP,
6.4672,17,STA,WIFI_DROP,
6.4696,14,STA,WIFI_DROP,
6.4696,15,STA,WIFI_DROP,
6.4696,17,STA,WIFI_DROP,
6.472,15,STA,WIFI_DROP,
6.472,17,STA,WIFI_DROP,
6.4744,15,STA,WIFI_DROP,
6.4744,17,STA,WIFI_DROP,
6.4768,15,STA,WIFI_DROP,
6.4768,17,STA,WIFI_DROP,
6.4792,15,STA,WIFI_DROP,
6.4792,17,STA,WIFI_DROP,
6.4816,15,STA,WIFI_DROP,
6.4816,17,STA,WIFI_DROP,
6.484,15,STA,WIFI_DROP,
6.484,17,STA,WIFI_DROP,
6.4864,15,STA,WIFI_DROP,
6.4864,17,STA,WIFI_DROP,
6.4888,15,STA,WIFI_DROP,
6.4888,17,STA,WIFI_DROP,
6.4912,15,STA,WIFI_DROP,
6.4912,17,STA,WIFI_DROP,
6.4936,15,STA,WIFI_DROP,
6.4936,17,STA,WIFI_DROP,
6.496,15,STA,WIFI_DROP,
6.496,17,STA,WIFI_DROP,
6.4984,15,STA,WIFI_DROP,
6.4984,17,STA,WIFI_DROP,
6.5008,15,STA,WIFI_DROP,
6.5008,17,STA,WIFI_DROP,
6.5032,15,STA,WIFI_DROP,
6.5032,17,STA,WIFI_DROP,
6.5056,15,STA,WIFI_DROP,
6.5056,17,STA,WIFI_DROP,
6.508,15,STA,WIFI_DROP,
6.508,17,STA,WIFI_DROP,
6.5104,15,STA,WIFI_DROP,
6.5104,17,STA,WIFI_DROP,
6.5128,15,STA,WIFI_DROP,
6.5128,17,STA,WIFI_DROP,
6.5152,15,STA,WIFI_DROP,
6.5152,17,STA,WIFI_DROP,
6.5176,15,STA,WIFI_DROP,
6.5176,17,STA,WIFI_DROP,
6.52,15,STA,WIFI_DROP,
6.52,17,STA,WIFI_DROP,
6.5224,15,STA,WIFI_DROP,
6.5224,17,STA,WIFI_DROP,
6.5248,15,STA,WIFI_DROP,
6.5248,17,STA,WIFI_DROP,
6.5272,15,STA,WIFI_DROP,
6.5272,17,STA,WIFI_DROP,
6.5296,15,STA,WIFI_DROP,
6.5296,17,STA,WIFI_DROP,
6.532,15,STA,WIFI_DROP,
6.532,17,STA,WIFI_DROP,
6.5344,15,STA,WIFI_DROP,
6.5344,17,STA,WIFI_DROP,
6.5368,15,STA,WIFI_DROP,
6.5368,17,STA,WIFI_DROP,
6.5392,15,STA,WIFI_DROP,
6.5392,17,STA,WIFI_DROP,
6.5416,15,STA,WIFI_DROP,
6.5416,17,STA,WIFI_DROP,
6.544,15,STA,WIFI_DROP,
6.544,17,STA,WIFI_DROP,
6.5464,15,STA,WIFI_DROP,
6.5464,17,STA,WIFI_DROP,
6.5488,15,STA,WIFI_DROP,
6.5488,17,STA,WIFI_DROP,
6.5512,15,STA,WIFI_DROP,
6.5512,17,STA,WIFI_DROP,
6.5536,15,STA,WIFI_DROP,
6.5536,17,STA,WIFI_DROP,
6.556,15,STA,WIFI_DROP,
6.556,17,STA,WIFI_DROP,
6.5584,15,STA,WIFI_DROP,
6.5584,17,STA,WIFI_DROP,
6.5608,15,STA,WIFI_DROP,
6.5608,17,STA,WIFI_DROP,
6.5632,15,STA,WIFI_DROP,
6.5632,17,STA,WIFI_DROP,
6.5656,17,STA,WIFI_DROP,
6.568,17,STA,WIFI_DROP,
6.5704,17,STA,WIFI_DROP,
6.5728,17,STA,WIFI_DROP,
6.5752,17,STA,WIFI_DROP,
6.5776,17,STA,WIFI_DROP,
6.58,17,STA,WIFI_DROP,
6.5824,17,STA,WIFI_DROP,
6.5848,17,STA,WIFI_DROP,
6.5872,17,STA,WIFI_DROP,
6.5896,17,STA,WIFI_DROP,
6.592,17,STA,WIFI_DROP,
6.5944,17,STA,WIFI_DROP,
6.5968,17,STA,WIFI_DROP,
6.5992,17,STA,WIFI_DROP,
6.6016,17,STA,WIFI_DROP,
6.604,17,STA,WIFI_DROP,
6.6064,17,STA,WIFI_DROP,
6.6088,17,STA,WIFI_DROP,
6.6112,17,STA,WIFI_DROP,
6.6136,17,STA,WIFI_DROP,
6.616,17,STA,WIFI_DROP,
6.6184,17,STA,WIFI_DROP,
6.6208,17,STA,WIFI_DROP,
6.6232,17,STA,WIFI_DROP,
6.6256,17,STA,WIFI_DROP,
6.628,17,STA,WIFI_DROP,
6.6304,17,STA,WIFI_DROP,
6.6328,17,STA,WIFI_DROP,
6.6352,17,STA,WIFI_DROP,
6.6376,17,STA,WIFI_DROP,
6.64,17,STA,WIFI_DROP,
6.6424,17,STA,WIFI_DROP,
6.6448,17,STA,WIFI_DROP,
6.6472,17,STA,WIFI_DROP,
6.6496,17,STA,WIFI_DROP,
6.652,17,STA,WIFI_DROP,
6.6544,17,STA,WIFI_DROP,
6.6568,17,STA,WIFI_DROP,
6.6592,17,STA,WIFI_DROP,
6.6616,17,STA,WIFI_DROP,
6.664,17,STA,WIFI_DROP,
6.6664,17,STA,WIFI_DROP,
6.6688,17,STA,WIFI_DROP,
6.6712,17,STA,WIFI_DROP,
6.6736,17,STA,WIFI_DROP,
6.676,17,STA,WIFI_DROP,
6.6784,17,STA,WIFI_DROP,
6.6808,17,STA,WIFI_DROP,
6.6832,17,STA,WIFI_DROP,
6.6856,17,STA,WIFI_DROP,
6.688,17,STA,WIFI_DROP,
6.6904,17,STA,WIFI_DROP,
6.6928,17,STA,WIFI_DROP,
6.6952,17,STA,WIFI_DROP,
6.6976,17,STA,WIFI_DROP,
6.7,17,STA,WIFI_DROP,
6.7024,17,STA,WIFI_DROP,
6.7048,17,STA,WIFI_DROP,
6.7072,17,STA,WIFI_DROP,
6.7096,17,STA,WIFI_DROP,
6.712,17,STA,WIFI_DROP,
6.7144,17,STA,WIFI_DROP,
6.7168,17,STA,WIFI_DROP,
6.7192,17,STA,WIFI_DROP,
6.7216,17,STA,WIFI_DROP,
6.724,17,STA,WIFI_DROP,
6.7264,17,STA,WIFI_DROP,
6.7288,17,STA,WIFI_DROP,
6.7312,17,STA,WIFI_DROP,
6.7336,17,STA,WIFI_DROP,
6.736,17,STA,WIFI_DROP,
6.7384,17,STA,WIFI_DROP,
6.7408,17,STA,WIFI_DROP,
6.7432,17,STA,WIFI_DROP,
6.7456,17,STA,WIFI_DROP,
6.748,17,STA,WIFI_DROP,
6.7504,17,STA,WIFI_DROP,
6.7528,17,STA,WIFI_DROP,
6.7552,17,STA,WIFI_DROP,
6.7576,17,STA,WIFI_DROP,
6.76,17,STA,WIFI_DROP,
6.7624,17,STA,WIFI_DROP,
6.7648,17,STA,WIFI_DROP,
6.7672,17,STA,WIFI_DROP,
6.7696,17,STA,WIFI_DROP,
6.772,17,STA,WIFI_DROP,
6.7744,17,STA,WIFI_DROP,
6.7768,17,STA,WIFI_DROP,
6.7792,17,STA,WIFI_DROP,
6.7816,17,STA,WIFI_DROP,
6.784,17,STA,WIFI_DROP,
6.7864,17,STA,WIFI_DROP,
6.7888,17,STA,WIFI_DROP,
6.7912,17,STA,WIFI_DROP,
6.7936,17,STA,WIFI_DROP,
6.796,17,STA,WIFI_DROP,
6.7984,17,STA,WIFI_DROP,
6.8008,17,STA,WIFI_DROP,
6.8032,17,STA,WIFI_DROP,
6.8056,17,STA,WIFI_DROP,
6.808,17,STA,WIFI_DROP,
6.8104,17,STA,WIFI_DROP,
6.8128,17,STA,WIFI_DROP,
6.8152,17,STA,WIFI_DROP,
6.8176,17,STA,WIFI_DROP,
6.82,17,STA,WIFI_DROP,
6.8224,17,STA,WIFI_DROP,
6.8248,17,STA,WIFI_DROP,
6.8272,17,STA,WIFI_DROP,
6.8296,17,STA,WIFI_DROP,
6.832,17,STA,WIFI_DROP,
6.8344,17,STA,WIFI_DROP,
6.8368,17,STA,WIFI_DROP,
6.8392,17,STA,WIFI_DROP,
6.8416,17,STA,WIFI_DROP,
6.844,17,STA,WIFI_DROP,
6.8464,17,STA,WIFI_DROP,
6.8488,17,STA,WIFI_DROP,
6.8512,17,STA,WIFI_DROP,
6.8536,17,STA,WIFI_DROP,
6.856,17,STA,WIFI_DROP,
6.8584,17,STA,WIFI_DROP,
6.8608,17,STA,WIFI_DROP,
6.8632,17,STA,WIFI_DROP,
6.8656,17,STA,WIFI_DROP,
6.868,17,STA,WIFI_DROP,
6.8704,17,STA,WIFI_DROP,
6.8728,17,STA,WIFI_DROP,
6.8752,17,STA,WIFI_DROP,
6.8776,17,STA,WIFI_DROP,
6.88,17,STA,WIFI_DROP,
6.8824,17,STA,WIFI_DROP,
6.8848,17,STA,WIFI_DROP,
6.8872,17,STA,WIFI_DROP,
6.8896,17,STA,WIFI_DROP,
6.892,17,STA,WIFI_DROP,
6.8944,17,STA,WIFI_DROP,
6.8968,17,STA,WIFI_DROP,
6.8992,17,STA,WIFI_DROP,
6.9016,17,STA,WIFI_DROP,
6.904,17,STA,WIFI_DROP,
6.9064,17,STA,WIFI_DROP,
6.9088,17,STA,WIFI_DROP,
6.9112,17,STA,WIFI_DROP,
6.9136,17,STA,WIFI_DROP,
6.916,17,STA,WIFI_DROP,
6.9184,17,STA,WIFI_DROP,
6.9208,17,STA,WIFI_DROP,
6.9232,17,STA,WIFI_DROP,
6.9256,17,STA,WIFI_DROP,
6.928,17,STA,WIFI_DROP,
6.9304,17,STA,WIFI_DROP,
6.9328,17,STA,WIFI_DROP,
6.9352,17,STA,WIFI_DROP,
6.9376,17,STA,WIFI_DROP,
6.94,17,STA,WIFI_DROP,
6.9424,17,STA,WIFI_DROP,
6.9448,17,STA,WIFI_DROP,
6.9472,17,STA,WIFI_DROP,
6.9496,17,STA,WIFI_DROP,
6.952,17,STA,WIFI_DROP,
6.9544,17,STA,WIFI_DROP,
6.9568,17,STA,WIFI_DROP,
6.9592,17,STA,WIFI_DROP,
6.9616,17,STA,WIFI_DROP,
6.964,17,STA,WIFI_DROP,
6.9664,17,STA,WIFI_DROP,
6.9688,17,STA,WIFI_DROP,
6.9712,17,STA,WIFI_DROP,
6.9736,17,STA,WIFI_DROP,
6.976,17,STA,WIFI_DROP,
6.9784,17,STA,WIFI_DROP,
6.9808,17,STA,WIFI_DROP,
6.9832,17,STA,WIFI_DROP,
6.9856,17,STA,WIFI_DROP,
6.988,17,STA,WIFI_DROP,
6.9904,17,STA,WIFI_DROP,
6.9928,17,STA,WIFI_DROP,
6.9952,17,STA,WIFI_DROP,
6.9976,17,STA,WIFI_DROP,
7,2,STA,THROUGHPUT_MBPS,2.436000
7,4,STA,THROUGHPUT_MBPS,3.864000
7,5,STA,THROUGHPUT_MBPS,3.396000
7,7,STA,THROUGHPUT_MBPS,1.884000
7,8,STA,THROUGHPUT_MBPS,2.964000
7,11,STA,THROUGHPUT_MBPS,0.864000
7,12,STA,THROUGHPUT_MBPS,2.772000
7,13,STA,THROUGHPUT_MBPS,3.588000
7,14,STA,THROUGHPUT_MBPS,2.376000
7,15,STA,THROUGHPUT_MBPS,0.060000
7,16,STA,THROUGHPUT_MBPS,4.392000
7,17,STA,THROUGHPUT_MBPS,0.036000
7,19,STA,THROUGHPUT_MBPS,2.280000
7,20,STA,THROUGHPUT_MBPS,0.312000
7,21,STA,THROUGHPUT_MBPS,0.912000
7,1,AP,AGGREGATE_THROUGHPUT_MBPS,32.136000
7,1,AP,SENT_COUNT,8320.000000
7,1,AP,RECV_COUNT,2678.000000
7,1,AP,LATENCY_P95_MS,548.386433
7,17,STA,WIFI_DROP,
7.0024,17,STA,WIFI_DROP,
7.0048,17,STA,WIFI_DROP,
7.0072,17,STA,WIFI_DROP,
7.0096,17,STA,WIFI_DROP,
7.012,17,STA,WIFI_DROP,
7.0144,17,STA,WIFI_DROP,
7.0168,17,STA,WIFI_DROP,
7.0192,17,STA,WIFI_DROP,
7.0216,17,STA,WIFI_DROP,
7.024,17,STA,WIFI_DROP,
7.0264,17,STA,WIFI_DROP,
7.0288,17,STA,WIFI_DROP,
7.0312,8,STA,WIFI_DROP,
7.0312,17,STA,WIFI_DROP,
7.0336,8,STA,WIFI_DROP,
7.0336,17,STA,WIFI_DROP,
7.036,8,STA,WIFI_DROP,
7.036,17,STA,WIFI_DROP,
7.0384,8,STA,WIFI_DROP,
7.0384,17,STA,WIFI_DROP,
7.0408,8,STA,WIFI_DROP,
7.0408,17,STA,WIFI_DROP,
7.0432,8,STA,WIFI_DROP,
7.0432,17,STA,WIFI_DROP,
7.0456,8,STA,WIFI_DROP,
7.0456,17,STA,WIFI_DROP,
7.048,8,STA,WIFI_DROP,
7.048,17,STA,WIFI_DROP,
7.0504,8,STA,WIFI_DROP,
7.0504,17,STA,WIFI_DROP,
7.0528,8,STA,WIFI_DROP,
7.0528,17,STA,WIFI_DROP,
7.0552,8,STA,WIFI_DROP,
7.0552,17,STA,WIFI_DROP,
7.0576,8,STA,WIFI_DROP,
7.0576,17,STA,WIFI_DROP,
7.06,8,STA,WIFI_DROP,
7.06,17,STA,WIFI_DROP,
7.0624,8,STA,WIFI_DROP,
7.0624,17,STA,WIFI_DROP,
7.0648,8,STA,WIFI_DROP,
7.0648,17,STA,WIFI_DROP,
7.0672,8,STA,WIFI_DROP,
7.0672,17,STA,WIFI_DROP,
7.0696,8,STA,WIFI_DROP,
7.0696,17,STA,WIFI_DROP,
7.072,8,STA,WIFI_DROP,
7.072,17,STA,WIFI_DROP,
7.0744,8,STA,WIFI_DROP,
7.0744,17,STA,WIFI_DROP,
7.0768,8,STA,WIFI_DROP,
7.0768,17,STA,WIFI_DROP,
7.0792,8,STA,WIFI_DROP,
7.0792,17,STA,WIFI_DROP,
7.0816,8,STA,WIFI_DROP,
7.0816,17,STA,WIFI_DROP,
7.084,8,STA,WIFI_DROP,
7.084,17,STA,WIFI_DROP,
7.0864,8,STA,WIFI_DROP,
7.0864,17,STA,WIFI_DROP,
7.0888,8,STA,WIFI_DROP,
7.0888,17,STA,WIFI_DROP,
7.0912,8,STA,WIFI_DROP,
7.0912,17,STA,WIFI_DROP,
7.0936,8,STA,WIFI_DROP,
7.0936,17,STA,WIFI_DROP,
7.096,8,STA,WIFI_DROP,
7.096,17,STA,WIFI_DROP,
7.0984,8,STA,WIFI_DROP,
7.0984,17,STA,WIFI_DROP,
7.1008,8,STA,WIFI_DROP,
7.1008,17,STA,WIFI_DROP,
7.1032,8,STA,WIFI_DROP,
7.1032,17,STA,WIFI_DROP,
7.1056,8,STA,WIFI_DROP,
7.1056,17,STA,WIFI_DROP,
7.108,8,STA,WIFI_DROP,
7.108,17,STA,WIFI_DROP,
7.1104,8,STA,WIFI_DROP,
7.1104,17,STA,WIFI_DROP,
7.1128,8,STA,WIFI_DROP,
7.1128,17,STA,WIFI_DROP,
7.1152,8,STA,WIFI_DROP,
7.1152,17,STA,WIFI_DROP,
7.1176,8,STA,WIFI_DROP,
7.1176,17,STA,WIFI_DROP,
7.12,8,STA,WIFI_DROP,
7.12,17,STA,WIFI_DROP,
7.1224,8,STA,WIFI_DROP,
7.1224,17,STA,WIFI_DROP,
7.1248,8,STA,WIFI_DROP,
7.1248,17,STA,WIFI_DROP,
7.1272,8,STA,WIFI_DROP,
7.1272,17,STA,WIFI_DROP,
7.1296,8,STA,WIFI_DROP,
7.1296,17,STA,WIFI_DROP,
7.132,8,STA,WIFI_DROP,
7.132,17,STA,WIFI_DROP,
7.1344,2,STA,WIFI_DROP,
7.1344,17,STA,WIFI_DROP,
7.1368,2,STA,WIFI_DROP,
7.1368,17,STA,WIFI_DROP,
7.1392,2,STA,WIFI_DROP,
7.1392,17,STA,WIFI_DROP,
7.1416,2,STA,WIFI_DROP,
7.1416,17,STA,WIFI_DROP,
7.144,2,STA,WIFI_DROP,
7.144,17,STA,WIFI_DROP,
7.1464,2,STA,WIFI_DROP,
7.1464,17,STA,WIFI_DROP,
7.1488,2,STA,WIFI_DROP,
7.1488,17,STA,WIFI_DROP,
7.1512,2,STA,WIFI_DROP,
7.1512,17,STA,WIFI_DROP,
7.1536,2,STA,WIFI_DROP,
7.1536,17,STA,WIFI_DROP,
7.156,2,STA,WIFI_DROP,
7.156,17,STA,WIFI_DROP,
7.1584,2,STA,WIFI_DROP,
7.1584,17,STA,WIFI_DROP,
7.1608,2,STA,WIFI_DROP,
7.1608,17,STA,WIFI_DROP,
7.1632,2,STA,WIFI_DROP,
7.1632,17,STA,WIFI_DROP,
7.1656,2,STA,WIFI_DROP,
7.1656,17,STA,WIFI_DROP,
7.168,2,STA,WIFI_DROP,
7.168,17,STA,WIFI_DROP,
7.1704,2,STA,WIFI_DROP,
7.1704,17,STA,WIFI_DROP,
7.1728,2,STA,WIFI_DROP,
7.1728,17,STA,WIFI_DROP,
7.1752,2,STA,WIFI_DROP,
7.1752,17,STA,WIFI_DROP,
7.1776,2,STA,WIFI_DROP,
7.1776,17,STA,WIFI_DROP,
7.18,2,STA,WIFI_DROP,
7.18,17,STA,WIFI_DROP,
7.1824,2,STA,WIFI_DROP,
7.1824,17,STA,WIFI_DROP,
7.1848,2,STA,WIFI_DROP,
7.1848,17,STA,WIFI_DROP,
7.1872,2,STA,WIFI_DROP,
7.1872,17,STA,WIFI_DROP,
7.1896,2,STA,WIFI_DROP,
7.1896,17,STA,WIFI_DROP,
7.192,2,STA,WIFI_DROP,
7.192,17,STA,WIFI_DROP,
7.1944,2,STA,WIFI_DROP,
7.1944,17,STA,WIFI_DROP,
7.1968,2,STA,WIFI_DROP,
7.1968,17,STA,WIFI_DROP,
7.1992,2,STA,WIFI_DROP,
7.1992,17,STA,WIFI_DROP,
7.2016,2,STA,WIFI_DROP,
7.2016,17,STA,WIFI_DROP,
7.204,2,STA,WIFI_DROP,
7.204,17,STA,WIFI_DROP,
7.2064,2,STA,WIFI_DROP,
7.2064,17,STA,WIFI_DROP,
7.2088,2,STA,WIFI_DROP,
7.2088,17,STA,WIFI_DROP,
7.2112,2,STA,WIFI_DROP,
7.2112,17,STA,WIFI_DROP,
7.2136,2,STA,WIFI_DROP,
7.2136,17,STA,WIFI_DROP,
7.216,2,STA,WIFI_DROP,
7.216,17,STA,WIFI_DROP,
7.2184,2,STA,WIFI_DROP,
7.2184,17,STA,WIFI_DROP,
7.2208,2,STA,WIFI_DROP,
7.2208,17,STA,WIFI_DROP,
7.2232,2,STA,WIFI_DROP,
7.2232,17,STA,WIFI_DROP,
7.2256,2,STA,WIFI_DROP,
7.2256,17,STA,WIFI_DROP,
7.228,2,STA,WIFI_DROP,
7.228,17,STA,WIFI_DROP,
7.2304,2,STA,WIFI_DROP,
7.2304,17,STA,WIFI_DROP,
7.2328,2,STA,WIFI_DROP,
7.2328,17,STA,WIFI_DROP,
7.2352,2,STA,WIFI_DROP,
7.2352,17,STA,WIFI_DROP,
7.2376,2,STA,WIFI_DROP,
7.2376,17,STA,WIFI_DROP,
7.24,2,STA,WIFI_DROP,
7.24,17,STA,WIFI_DROP,
7.2424,2,STA,WIFI_DROP,
7.2424,17,STA,WIFI_DROP,
7.2448,2,STA,WIFI_DROP,
7.2448,17,STA,WIFI_DROP,
7.2472,2,STA,WIFI_DROP,
7.2472,17,STA,WIFI_DROP,
7.2496,2,STA,WIFI_DROP,
7.2496,17,STA,WIFI_DROP,
7.252,2,STA,WIFI_DROP,
7.252,17,STA,WIFI_DROP,
7.2544,2,STA,WIFI_DROP,
7.2544,17,STA,WIFI_DROP,
7.2568,2,STA,WIFI_DROP,
7.2568,17,STA,WIFI_DROP,
7.2592,2,STA,WIFI_DROP,
7.2592,17,STA,WIFI_DROP,
7.2616,2,STA,WIFI_DROP,
7.2616,17,STA,WIFI_DROP,
7.264,2,STA,WIFI_DROP,
7.264,17,STA,WIFI_DROP,
7.2664,2,STA,WIFI_DROP,
7.2664,17,STA,WIFI_DROP,
7.2688,2,STA,WIFI_DROP,
7.2688,17,STA,WIFI_DROP,
7.2712,2,STA,WIFI_DROP,
7.2712,17,STA,WIFI_DROP,
7.2736,2,STA,WIFI_DROP,
7.2736,17,STA,WIFI_DROP,
7.276,2,STA,WIFI_DROP,
7.276,17,STA,WIFI_DROP,
7.2784,2,STA,WIFI_DROP,
7.2784,17,STA,WIFI_DROP,
7.2808,2,STA,WIFI_DROP,
7.2808,17,STA,WIFI_DROP,
7.2832,2,STA,WIFI_DROP,
7.2832,17,STA,WIFI_DROP,
7.2856,2,STA,WIFI_DROP,
7.2856,17,STA,WIFI_DROP,
7.288,2,STA,WIFI_DROP,
7.288,17,STA,WIFI_DROP,
7.2904,2,STA,WIFI_DROP,
7.2904,17,STA,WIFI_DROP,
7.2928,2,STA,WIFI_DROP,
7.2928,17,STA,WIFI_DROP,
7.2952,2,STA,WIFI_DROP,
7.2952,17,STA,WIFI_DROP,
7.2976,2,STA,WIFI_DROP,
7.2976,17,STA,WIFI_DROP,
7.3,2,STA,WIFI_DROP,
7.3,17,STA,WIFI_DROP,
7.3024,2,STA,WIFI_DROP,
7.3024,17,STA,WIFI_DROP,
7.3048,2,STA,WIFI_DROP,
7.3048,17,STA,WIFI_DROP,
7.3072,2,STA,WIFI_DROP,
7.3072,17,STA,WIFI_DROP,
7.3096,2,STA,WIFI_DROP,
7.3096,17,STA,WIFI_DROP,
7.312,2,STA,WIFI_DROP,
7.312,17,STA,WIFI_DROP,
7.3144,2,STA,WIFI_DROP,
7.3144,17,STA,WIFI_DROP,
7.3168,2,STA,WIFI_DROP,
7.3168,17,STA,WIFI_DROP,
7.3192,2,STA,WIFI_DROP,
7.3192,17,STA,WIFI_DROP,
7.3216,2,STA,WIFI_DROP,
7.3216,17,STA,WIFI_DROP,
7.324,2,STA,WIFI_DROP,
7.324,17,STA,WIFI_DROP,
7.3264,2,STA,WIFI_DROP,
7.3264,17,STA,WIFI_DROP,
7.3288,2,STA,WIFI_DROP,
7.3288,17,STA,WIFI_DROP,
7.3312,2,STA,WIFI_DROP,
7.3312,17,STA,WIFI_DROP,
7.3336,2,STA,WIFI_DROP,
7.3336,17,STA,WIFI_DROP,
7.336,2,STA,WIFI_DROP,
7.336,17,STA,WIFI_DROP,
7.3384,2,STA,WIFI_DROP,
7.3384,17,STA,WIFI_DROP,
7.3408,2,STA,WIFI_DROP,
7.3408,17,STA,WIFI_DROP,
7.3432,2,STA,WIFI_DROP,
7.3432,17,STA,WIFI_DROP,
7.3456,2,STA,WIFI_DROP,
7.3456,17,STA,WIFI_DROP,
7.348,2,STA,WIFI_DROP,
7.348,17,STA,WIFI_DROP,
7.3504,2,STA,WIFI_DROP,
7.3504,17,STA,WIFI_DROP,
7.3528,2,STA,WIFI_DROP,
7.3528,17,STA,WIFI_DROP,
7.3552,2,STA,WIFI_DROP,
7.3552,17,STA,WIFI_DROP,
7.3576,2,STA,WIFI_DROP,
7.3576,17,STA,WIFI_DROP,
7.36,2,STA,WIFI_DROP,
7.36,17,STA,WIFI_DROP,
7.3624,2,STA,WIFI_DROP,
7.3624,17,STA,WIFI_DROP,
7.3648,2,STA,WIFI_DROP,
7.3648,17,STA,WIFI_DROP,
7.3672,2,STA,WIFI_DROP,
7.3672,17,STA,WIFI_DROP,
7.3696,2,STA,WIFI_DROP,
7.3696,17,STA,WIFI_DROP,
7.372,2,STA,WIFI_DROP,
7.372,17,STA,WIFI_DROP,
7.3744,2,STA,WIFI_DROP,
7.3744,17,STA,WIFI_DROP,
7.3768,2,STA,WIFI_DROP,
7.3768,17,STA,WIFI_DROP,
7.3792,2,STA,WIFI_DROP,
7.3792,17,STA,WIFI_DROP,
7.3816,2,STA,WIFI_DROP,
7.3816,17,STA,WIFI_DROP,
7.384,2,STA,WIFI_DROP,
7.384,17,STA,WIFI_DROP,
7.3864,2,STA,WIFI_DROP,
7.3864,17,STA,WIFI_DROP,
7.3888,2,STA,WIFI_DROP,
7.3888,17,STA,WIFI_DROP,
7.3912,2,STA,WIFI_DROP,
7.3912,17,STA,WIFI_DROP,
7.3936,2,STA,WIFI_DROP,
7.3936,17,STA,WIFI_DROP,
7.396,2,STA,WIFI_DROP,
7.396,17,STA,WIFI_DROP,
7.3984,2,STA,WIFI_DROP,
7.3984,17,STA,WIFI_DROP,
7.4008,2,STA,WIFI_DROP,
7.4008,17,STA,WIFI_DROP,
7.4032,2,STA,WIFI_DROP,
7.4032,17,STA,WIFI_DROP,
7.4056,2,STA,WIFI_DROP,
7.4056,17,STA,WIFI_DROP,
7.408,2,STA,WIFI_DROP,
7.408,17,STA,WIFI_DROP,
7.4104,2,STA,WIFI_DROP,
7.4104,17,STA,WIFI_DROP,
7.4128,2,STA,WIFI_DROP,
7.4128,17,STA,WIFI_DROP,
7.4152,2,STA,WIFI_DROP,
7.4152,17,STA,WIFI_DROP,
7.4176,2,STA,WIFI_DROP,
7.4176,17,STA,WIFI_DROP,
7.42,2,STA,WIFI_DROP,
7.4224,2,STA,WIFI_DROP,
7.4248,2,STA,WIFI_DROP,
7.4272,2,STA,WIFI_DROP,
7.4296,2,STA,WIFI_DROP,
7.432,2,STA,WIFI_DROP,
7.4344,2,STA,WIFI_DROP,
7.4368,2,STA,WIFI_DROP,
7.4392,2,STA,WIFI_DROP,
7.4392,17,STA,WIFI_DROP,
7.4416,2,STA,WIFI_DROP,
7.4416,17,STA,WIFI_DROP,
7.444,2,STA,WIFI_DROP,
7.444,17,STA,WIFI_DROP,
7.4464,2,STA,WIFI_DROP,
7.4464,17,STA,WIFI_DROP,
7.4488,2,STA,WIFI_DROP,
7.4488,17,STA,WIFI_DROP,
7.4512,2,STA,WIFI_DROP,
7.4512,17,STA,WIFI_DROP,
7.4536,2,STA,WIFI_DROP,
7.4536,17,STA,WIFI_DROP,
7.456,2,STA,WIFI_DROP,
7.456,17,STA,WIFI_DROP,
7.4584,2,STA,WIFI_DROP,
7.4584,17,STA,WIFI_DROP,
7.4608,2,STA,WIFI_DROP,
7.4608,17,STA,WIFI_DROP,
7.4632,2,STA,WIFI_DROP,
7.4632,17,STA,WIFI_DROP,
7.4656,2,STA,WIFI_DROP,
7.4656,17,STA,WIFI_DROP,
7.468,2,STA,WIFI_DROP,
7.468,17,STA,WIFI_DROP,
7.4704,2,STA,WIFI_DROP,
7.4704,17,STA,WIFI_DROP,
7.4728,2,STA,WIFI_DROP,
7.4728,17,STA,WIFI_DROP,
7.4752,2,STA,WIFI_DROP,
7.4752,17,STA,WIFI_DROP,
7.4776,2,STA,WIFI_DROP,
7.4776,17,STA,WIFI_DROP,
7.48,2,STA,WIFI_DROP,
7.48,17,STA,WIFI_DROP,
7.4824,2,STA,WIFI_DROP,
7.4824,17,STA,WIFI_DROP,
7.4848,2,STA,WIFI_DROP,
7.4848,17,STA,WIFI_DROP,
7.4872,2,STA,WIFI_DROP,
7.4872,17,STA,WIFI_DROP,
7.4896,2,STA,WIFI_DROP,
7.4896,17,STA,WIFI_DROP,
7.492,2,STA,WIFI_DROP,
7.4944,2,STA,WIFI_DROP,
7.4968,2,STA,WIFI_DROP,
7.4992,2,STA,WIFI_DROP,
7.5016,2,STA,WIFI_DROP,
7.504,2,STA,WIFI_DROP,
7.5064,2,STA,WIFI_DROP,
7.5088,2,STA,WIFI_DROP,
7.5112,2,STA,WIFI_DROP,
7.5136,2,STA,WIFI_DROP,
7.516,2,STA,WIFI_DROP,
7.5184,2,STA,WIFI_DROP,
7.5208,2,STA,WIFI_DROP,
7.5232,2,STA,WIFI_DROP,
7.5256,2,STA,WIFI_DROP,
7.528,2,STA,WIFI_DROP,
7.5304,2,STA,WIFI_DROP,
7.5328,2,STA,WIFI_DROP,
7.5352,2,STA,WIFI_DROP,
7.5376,2,STA,WIFI_DROP,
7.54,2,STA,WIFI_DROP,
7.5424,2,STA,WIFI_DROP,
7.5448,2,STA,WIFI_DROP,
7.5472,2,STA,WIFI_DROP,
7.5496,2,STA,WIFI_DROP,
7.552,2,STA,WIFI_DROP,
7.5544,2,STA,WIFI_DROP,
7.5568,2,STA,WIFI_DROP,
7.5592,2,STA,WIFI_DROP,
7.5616,2,STA,WIFI_DROP,
7.564,2,STA,WIFI_DROP,
7.5664,2,STA,WIFI_DROP,
7.5688,2,STA,WIFI_DROP,
7.5712,2,STA,WIFI_DROP,
7.5736,2,STA,WIFI_DROP,
7.576,2,STA,WIFI_DROP,
7.5784,2,STA,WIFI_DROP,
7.5808,2,STA,WIFI_DROP,
7.5832,2,STA,WIFI_DROP,
7.5856,2,STA,WIFI_DROP,
7.588,2,STA,WIFI_DROP,
7.8496,4,STA,WIFI_DROP,
7.852,4,STA,WIFI_DROP,
7.8544,4,STA,WIFI_DROP,
7.8568,4,STA,WIFI_DROP,
7.8592,4,STA,WIFI_DROP,
7.8616,4,STA,WIFI_DROP,
7.864,4,STA,WIFI_DROP,
7.8664,4,STA,WIFI_DROP,
7.8688,4,STA,WIFI_DROP,
7.8712,4,STA,WIFI_DROP,
7.8736,4,STA,WIFI_DROP,
7.876,4,STA,WIFI_DROP,
7.8784,4,STA,WIFI_DROP,
7.8808,4,STA,WIFI_DROP,
7.8832,4,STA,WIFI_DROP,
7.8856,4,STA,WIFI_DROP,
7.888,4,STA,WIFI_DROP,
7.8904,4,STA,WIFI_DROP,
7.8928,4,STA,WIFI_DROP,
7.8952,4,STA,WIFI_DROP,
7.8976,4,STA,WIFI_DROP,
7.9,4,STA,WIFI_DROP,
7.9024,4,STA,WIFI_DROP,
8,2,STA,THROUGHPUT_MBPS,0.768000
8,4,STA,THROUGHPUT_MBPS,3.372000
8,5,STA,THROUGHPUT_MBPS,1.212000
8,7,STA,THROUGHPUT_MBPS,2.388000
8,8,STA,THROUGHPUT_MBPS,1.692000
8,11,STA,THROUGHPUT_MBPS,2.580000
8,12,STA,THROUGHPUT_MBPS,3.096000
8,13,STA,THROUGHPUT_MBPS,3.204000
8,14,STA,THROUGHPUT_MBPS,1.260000
8,15,STA,THROUGHPUT_MBPS,1.212000
8,16,STA,THROUGHPUT_MBPS,3.948000
8,17,STA,THROUGHPUT_MBPS,1.836000
8,19,STA,THROUGHPUT_MBPS,0.756000
8,20,STA,THROUGHPUT_MBPS,1.560000
8,21,STA,THROUGHPUT_MBPS,3.060000
8,1,AP,AGGREGATE_THROUGHPUT_MBPS,31.944000
8,1,AP,SENT_COUNT,8340.000000
8,1,AP,RECV_COUNT,2662.000000
8,1,AP,LATENCY_P95_MS,534.745665
8.5696,6,STA,WIFI_DROP,
8.572,6,STA,WIFI_DROP,
8.5744,6,STA,WIFI_DROP,
8.5768,6,STA,WIFI_DROP,
8.5792,6,STA,WIFI_DROP,
8.5816,6,STA,WIFI_DROP,
8.584,6,STA,WIFI_DROP,
8.5864,6,STA,WIFI_DROP,
8.5888,6,STA,WIFI_DROP,
8.5912,6,STA,WIFI_DROP,
8.5936,6,STA,WIFI_DROP,
8.596,6,STA,WIFI_DROP,
8.5984,6,STA,WIFI_DROP,
8.6008,6,STA,WIFI_DROP,
8.6032,6,STA,WIFI_DROP,
8.6056,6,STA,WIFI_DROP,
8.608,6,STA,WIFI_DROP,
8.6104,6,STA,WIFI_DROP,
8.6128,6,STA,WIFI_DROP,
8.6152,6,STA,WIFI_DROP,
8.6176,6,STA,WIFI_DROP,
8.62,6,STA,WIFI_DROP,
8.6224,6,STA,WIFI_DROP,
8.6248,6,STA,WIFI_DROP,
8.6272,6,STA,WIFI_DROP,
8.6296,6,STA,WIFI_DROP,
8.632,6,STA,WIFI_DROP,
8.6344,6,STA,WIFI_DROP,
8.6368,6,STA,WIFI_DROP,
8.6392,6,STA,WIFI_DROP,
8.6416,6,STA,WIFI_DROP,
8.644,6,STA,WIFI_DROP,
8.6464,6,STA,WIFI_DROP,
8.6488,6,STA,WIFI_DROP,
8.6512,6,STA,WIFI_DROP,
8.6536,6,STA,WIFI_DROP,
8.656,6,STA,WIFI_DROP,
8.6584,6,STA,WIFI_DROP,
8.6608,6,STA,WIFI_DROP,
8.6632,6,STA,WIFI_DROP,
8.6656,6,STA,WIFI_DROP,
8.668,6,STA,WIFI_DROP,
8.6704,6,STA,WIFI_DROP,
8.6728,6,STA,WIFI_DROP,
8.6752,6,STA,WIFI_DROP,
8.6776,6,STA,WIFI_DROP,
8.68,6,STA,WIFI_DROP,
8.6824,6,STA,WIFI_DROP,
8.6848,6,STA,WIFI_DROP,
8.6872,6,STA,WIFI_DROP,
8.6896,6,STA,WIFI_DROP,
8.692,6,STA,WIFI_DROP,
8.6944,6,STA,WIFI_DROP,
8.6968,6,STA,WIFI_DROP,
8.6992,6,STA,WIFI_DROP,
8.7016,6,STA,WIFI_DROP,
8.704,6,STA,WIFI_DROP,
8.7064,6,STA,WIFI_DROP,
8.7088,6,STA,WIFI_DROP,
8.7112,6,STA,WIFI_DROP,
8.7136,6,STA,WIFI_DROP,
8.716,6,STA,WIFI_DROP,
8.7184,6,STA,WIFI_DROP,
8.7208,6,STA,WIFI_DROP,
8.7232,6,STA,WIFI_DROP,
8.7256,6,STA,WIFI_DROP,
8.728,6,STA,WIFI_DROP,
8.7304,6,STA,WIFI_DROP,
8.7328,6,STA,WIFI_DROP,
8.7352,6,STA,WIFI_DROP,
8.7376,6,STA,WIFI_DROP,
8.74,6,STA,WIFI_DROP,
8.7424,6,STA,WIFI_DROP,
8.7448,6,STA,WIFI_DROP,
8.7472,6,STA,WIFI_DROP,
8.7496,6,STA,WIFI_DROP,
8.752,6,STA,WIFI_DROP,
8.7544,6,STA,WIFI_DROP,
8.7568,6,STA,WIFI_DROP,
8.7592,6,STA,WIFI_DROP,
8.7616,6,STA,WIFI_DROP,
8.764,6,STA,WIFI_DROP,
8.7664,6,STA,WIFI_DROP,
8.7688,6,STA,WIFI_DROP,
8.7712,6,STA,WIFI_DROP,
9,5,STA,THROUGHPUT_MBPS,0.384000
9,6,STA,THROUGHPUT_MBPS,0.156000
9,7,STA,THROUGHPUT_MBPS,3.612000
9,8,STA,THROUGHPUT_MBPS,4.992000
9,11,STA,THROUGHPUT_MBPS,2.736000
9,12,STA,THROUGHPUT_MBPS,2.544000
9,13,STA,THROUGHPUT_MBPS,1.836000
9,14,STA,THROUGHPUT_MBPS,1.788000
9,15,STA,THROUGHPUT_MBPS,1.524000
9,16,STA,THROUGHPUT_MBPS,2.556000
9,17,STA,THROUGHPUT_MBPS,2.736000
9,19,STA,THROUGHPUT_MBPS,2.376000
9,20,STA,THROUGHPUT_MBPS,2.352000
9,21,STA,THROUGHPUT_MBPS,2.916000
9,1,AP,AGGREGATE_THROUGHPUT_MBPS,32.508000
9,1,AP,SENT_COUNT,8340.000000
9,1,AP,RECV_COUNT,2709.000000
9,1,AP,LATENCY_P95_MS,553.644443
9.2872,10,STA,WIFI_DROP,
9.2896,10,STA,WIFI_DROP,
9.292,10,STA,WIFI_DROP,
9.2944,10,STA,WIFI_DROP,
9.2968,10,STA,WIFI_DROP,
9.2992,10,STA,WIFI_DROP,
9.3016,10,STA,WIFI_DROP,
9.304,10,STA,WIFI_DROP,
9.3064,10,STA,WIFI_DROP,
9.3088,10,STA,WIFI_DROP,
9.3112,10,STA,WIFI_DROP,
9.3136,10,STA,WIFI_DROP,
9.316,10,STA,WIFI_DROP,
9.3184,10,STA,WIFI_DROP,
9.3208,10,STA,WIFI_DROP,
9.3232,10,STA,WIFI_DROP,
9.3256,10,STA,WIFI_DROP,
9.328,10,STA,WIFI_DROP,
9.3304,10,STA,WIFI_DROP,
9.3328,10,STA,WIFI_DROP,
9.3352,10,STA,WIFI_DROP,
9.3376,10,STA,WIFI_DROP,
10,5,STA,THROUGHPUT_MBPS,1.716000
10,6,STA,THROUGHPUT_MBPS,1.896000
10,7,STA,THROUGHPUT_MBPS,2.160000
10,8,STA,THROUGHPUT_MBPS,3.096000
10,11,STA,THROUGHPUT_MBPS,4.296000
10,12,STA,THROUGHPUT_MBPS,1.644000
10,13,STA,THROUGHPUT_MBPS,2.892000
10,14,STA,THROUGHPUT_MBPS,2.136000
10,15,STA,THROUGHPUT_MBPS,1.608000
10,16,STA,THROUGHPUT_MBPS,2.052000
10,17,STA,THROUGHPUT_MBPS,2.904000
10,19,STA,THROUGHPUT_MBPS,2.496000
10,20,STA,THROUGHPUT_MBPS,2.796000
10,21,STA,THROUGHPUT_MBPS,2.160000
10,1,AP,AGGREGATE_THROUGHPUT_MBPS,33.852000
10,1,AP,SENT_COUNT,8320.000000
10,1,AP,RECV_COUNT,2821.000000
10,1,AP,LATENCY_P95_MS,546.354503
10.3072,18,STA,WIFI_DROP,
10.3096,18,STA,WIFI_DROP,
10.312,18,STA,WIFI_DROP,
10.3144,18,STA,WIFI_DROP,
10.3168,18,STA,WIFI_DROP,
10.3192,18,STA,WIFI_DROP,
10.3216,18,STA,WIFI_DROP,
10.324,18,STA,WIFI_DROP,
10.3264,18,STA,WIFI_DROP,
10.3288,18,STA,WIFI_DROP,
10.3312,18,STA,WIFI_DROP,
10.3336,18,STA,WIFI_DROP,
10.336,18,STA,WIFI_DROP,
10.3384,18,STA,WIFI_DROP,
10.3408,18,STA,WIFI_DROP,
10.3432,18,STA,WIFI_DROP,
10.3456,18,STA,WIFI_DROP,
10.348,18,STA,WIFI_DROP,
10.3504,18,STA,WIFI_DROP,
10.3528,18,STA,WIFI_DROP,
10.3552,18,STA,WIFI_DROP,
10.3576,18,STA,WIFI_DROP,
10.36,18,STA,WIFI_DROP,
10.3624,18,STA,WIFI_DROP,
10.3648,18,STA,WIFI_DROP,
10.3672,18,STA,WIFI_DROP,
10.3696,18,STA,WIFI_DROP,
10.372,18,STA,WIFI_DROP,
10.3744,18,STA,WIFI_DROP,
10.3768,18,STA,WIFI_DROP,
10.3792,18,STA,WIFI_DROP,
10.3816,18,STA,WIFI_DROP,
10.384,18,STA,WIFI_DROP,
10.3864,18,STA,WIFI_DROP,
10.3888,18,STA,WIFI_DROP,
10.3912,18,STA,WIFI_DROP,
10.3936,18,STA,WIFI_DROP,
10.396,18,STA,WIFI_DROP,
10.3984,18,STA,WIFI_DROP,
10.4008,18,STA,WIFI_DROP,
10.4032,18,STA,WIFI_DROP,
10.4056,18,STA,WIFI_DROP,
10.408,18,STA,WIFI_DROP,
10.4104,3,STA,WIFI_DROP,
10.4104,8,STA,WIFI_DROP,
10.4104,12,STA,WIFI_DROP,
10.4104,18,STA,WIFI_DROP,
10.4128,3,STA,WIFI_DROP,
10.4128,8,STA,WIFI_DROP,
10.4128,12,STA,WIFI_DROP,
10.4128,18,STA,WIFI_DROP,
10.4152,3,STA,WIFI_DROP,
10.4152,8,STA,WIFI_DROP,
10.4152,12,STA,WIFI_DROP,
10.4152,18,STA,WIFI_DROP,
10.4176,3,STA,WIFI_DROP,
10.4176,8,STA,WIFI_DROP,
10.4176,12,STA,WIFI_DROP,
10.4176,18,STA,WIFI_DROP,
10.42,3,STA,WIFI_DROP,
10.42,8,STA,WIFI_DROP,
10.42,12,STA,WIFI_DROP,
10.42,18,STA,WIFI_DROP,
10.4224,3,STA,WIFI_DROP,
10.4224,8,STA,WIFI_DROP,
10.4224,12,STA,WIFI_DROP,
10.4224,18,STA,WIFI_DROP,
10.4248,3,STA,WIFI_DROP,
10.4248,8,STA,WIFI_DROP,
10.4248,12,STA,WIFI_DROP,
10.4248,18,STA,WIFI_DROP,
10.4272,3,STA,WIFI_DROP,
10.4272,8,STA,WIFI_DROP,
10.4272,12,STA,WIFI_DROP,
10.4272,18,STA,WIFI_DROP,
10.4296,3,STA,WIFI_DROP,
10.4296,8,STA,WIFI_DROP,
10.4296,12,STA,WIFI_DROP,
10.4296,18,STA,WIFI_DROP,
10.432,3,STA,WIFI_DROP,
10.432,8,STA,WIFI_DROP,
10.432,12,STA,WIFI_DROP,
10.432,18,STA,WIFI_DROP,
10.4344,3,STA,WIFI_DROP,
10.4344,8,STA,WIFI_DROP,
10.4344,12,STA,WIFI_DROP,
10.4344,18,STA,WIFI_DROP,
10.4368,3,STA,WIFI_DROP,
10.4368,8,STA,WIFI_DROP,
10.4368,12,STA,WIFI_DROP,
10.4368,18,STA,WIFI_DROP,
10.4392,3,STA,WIFI_DROP,
10.4392,8,STA,WIFI_DROP,
10.4392,12,STA,WIFI_DROP,
10.4392,18,STA,WIFI_DROP,
10.4416,3,STA,WIFI_DROP,
10.4416,8,STA,WIFI_DROP,
10.4416,12,STA,WIFI_DROP,
10.4416,18,STA,WIFI_DROP,
10.444,3,STA,WIFI_DROP,
10.444,8,STA,WIFI_DROP,
10.444,12,STA,WIFI_DROP,
10.444,18,STA,WIFI_DROP,
10.4464,3,STA,WIFI_DROP,
10.4464,8,STA,WIFI_DROP,
10.4464,12,STA,WIFI_DROP,
10.4464,18,STA,WIFI_DROP,
10.4488,3,STA,WIFI_DROP,
10.4488,8,STA,WIFI_DROP,
10.4488,12,STA,WIFI_DROP,
10.4488,18,STA,WIFI_DROP,
10.4512,3,STA,WIFI_DROP,
10.4512,8,STA,WIFI_DROP,
10.4512,12,STA,WIFI_DROP,
10.4512,18,STA,WIFI_DROP,
10.4536,3,STA,WIFI_DROP,
10.4536,8,STA,WIFI_DROP,
10.4536,12,STA,WIFI_DROP,
10.4536,18,STA,WIFI_DROP,
10.456,3,STA,WIFI_DROP,
10.456,8,STA,WIFI_DROP,
10.456,12,STA,WIFI_DROP,
10.456,18,STA,WIFI_DROP,
10.4584,3,STA,WIFI_DROP,
10.4584,8,STA,WIFI_DROP,
10.4584,12,STA,WIFI_DROP,
10.4584,18,STA,WIFI_DROP,
10.4608,3,STA,WIFI_DROP,
10.4608,8,STA,WIFI_DROP,
10.4608,12,STA,WIFI_DROP,
10.4608,18,STA,WIFI_DROP,
10.4632,3,STA,WIFI_DROP,
10.4632,8,STA,WIFI_DROP,
10.4632,12,STA,WIFI_DROP,
10.4632,18,STA,WIFI_DROP,
10.4656,3,STA,WIFI_DROP,
10.4656,8,STA,WIFI_DROP,
10.4656,12,STA,WIFI_DROP,
10.4656,18,STA,WIFI_DROP,
10.468,3,STA,WIFI_DROP,
10.468,8,STA,WIFI_DROP,
10.468,12,STA,WIFI_DROP,
10.468,18,STA,WIFI_DROP,
10.4704,3,STA,WIFI_DROP,
10.4704,8,STA,WIFI_DROP,
10.4704,12,STA,WIFI_DROP,
10.4704,18,STA,WIFI_DROP,
10.4728,3,STA,WIFI_DROP,
10.4728,8,STA,WIFI_DROP,
10.4728,12,STA,WIFI_DROP,
10.4728,18,STA,WIFI_DROP,
10.4752,3,STA,WIFI_DROP,
10.4752,8,STA,WIFI_DROP,
10.4752,12,STA,WIFI_DROP,
10.4752,18,STA,WIFI_DROP,
10.4776,3,STA,WIFI_DROP,
10.4776,8,STA,WIFI_DROP,
10.4776,12,STA,WIFI_DROP,
10.4776,18,STA,WIFI_DROP,
10.48,3,STA,WIFI_DROP,
10.48,8,STA,WIFI_DROP,
10.48,12,STA,WIFI_DROP,
10.48,18,STA,WIFI_DROP,
10.4824,3,STA,WIFI_DROP,
10.4824,8,STA,WIFI_DROP,
10.4824,12,STA,WIFI_DROP,
10.4824,18,STA,WIFI_DROP,
10.4848,3,STA,WIFI_DROP,
10.4848,8,STA,WIFI_DROP,
10.4848,12,STA,WIFI_DROP,
10.4848,18,STA,WIFI_DROP,
10.4872,3,STA,WIFI_DROP,
10.4872,8,STA,WIFI_DROP,
10.4872,12,STA,WIFI_DROP,
10.4872,18,STA,WIFI_DROP,
10.4896,3,STA,WIFI_DROP,
10.4896,8,STA,WIFI_DROP,
10.4896,12,STA,WIFI_DROP,
10.4896,18,STA,WIFI_DROP,
10.492,3,STA,WIFI_DROP,
10.492,8,STA,WIFI_DROP,
10.492,12,STA,WIFI_DROP,
10.492,18,STA,WIFI_DROP,
10.4944,3,STA,WIFI_DROP,
10.4944,8,STA,WIFI_DROP,
10.4944,12,STA,WIFI_DROP,
10.4944,18,STA,WIFI_DROP,
10.4968,3,STA,WIFI_DROP,
10.4968,8,STA,WIFI_DROP,
10.4968,12,STA,WIFI_DROP,
10.4968,18,STA,WIFI_DROP,
10.4992,3,STA,WIFI_DROP,
10.4992,8,STA,WIFI_DROP,
10.4992,12,STA,WIFI_DROP,
10.4992,18,STA,WIFI_DROP,
10.5016,3,STA,WIFI_DROP,
10.5016,8,STA,WIFI_DROP,
10.5016,12,STA,WIFI_DROP,
10.5016,18,STA,WIFI_DROP,
10.504,3,STA,WIFI_DROP,
10.504,8,STA,WIFI_DROP,
10.504,12,STA,WIFI_DROP,
10.504,18,STA,WIFI_DROP,
10.5064,3,STA,WIFI_DROP,
10.5064,8,STA,WIFI_DROP,
10.5064,12,STA,WIFI_DROP,
10.5064,18,STA,WIFI_DROP,
10.5088,3,STA,WIFI_DROP,
10.5088,8,STA,WIFI_DROP,
10.5088,12,STA,WIFI_DROP,
10.5088,18,STA,WIFI_DROP,
10.5112,3,STA,WIFI_DROP,
10.5112,8,STA,WIFI_DROP,
10.5112,12,STA,WIFI_DROP,
10.5112,18,STA,WIFI_DROP,
10.5136,3,STA,WIFI_DROP,
10.5136,8,STA,WIFI_DROP,
10.5136,12,STA,WIFI_DROP,
10.5136,18,STA,WIFI_DROP,
10.516,3,STA,WIFI_DROP,
10.516,8,STA,WIFI_DROP,
10.516,12,STA,WIFI_DROP,
10.516,18,STA,WIFI_DROP,
10.5184,3,STA,WIFI_DROP,
10.5184,8,STA,WIFI_DROP,
10.5184,12,STA,WIFI_DROP,
10.5184,18,STA,WIFI_DROP,
10.5208,3,STA,WIFI_DROP,
10.5208,8,STA,WIFI_DROP,
10.5208,18,STA,WIFI_DROP,
10.5232,3,STA,WIFI_DROP,
10.5232,8,STA,WIFI_DROP,
10.5232,18,STA,WIFI_DROP,
10.5256,3,STA,WIFI_DROP,
10.5256,8,STA,WIFI_DROP,
10.5256,18,STA,WIFI_DROP,
10.528,3,STA,WIFI_DROP,
10.528,8,STA,WIFI_DROP,
10.528,18,STA,WIFI_DROP,
10.5304,3,STA,WIFI_DROP,
10.5304,8,STA,WIFI_DROP,
10.5304,18,STA,WIFI_DROP,
10.5328,3,STA,WIFI_DROP,
10.5328,8,STA,WIFI_DROP,
10.5328,18,STA,WIFI_DROP,
10.5352,3,STA,WIFI_DROP,
10.5352,8,STA,WIFI_DROP,
10.5352,18,STA,WIFI_DROP,
10.5376,3,STA,WIFI_DROP,
10.5376,8,STA,WIFI_DROP,
10.5376,18,STA,WIFI_DROP,
10.54,3,STA,WIFI_DROP,
10.54,8,STA,WIFI_DROP,
10.54,18,STA,WIFI_DROP,
10.5424,3,STA,WIFI_DROP,
10.5424,8,STA,WIFI_DROP,
10.5424,18,STA,WIFI_DROP,
10.5448,3,STA,WIFI_DROP,
10.5448,8,STA,WIFI_DROP,
10.5448,18,STA,WIFI_DROP,
10.5472,3,STA,WIFI_DROP,
10.5472,8,STA,WIFI_DROP,
10.5472,18,STA,WIFI_DROP,
10.5496,3,STA,WIFI_DROP,
10.5496,8,STA,WIFI_DROP,
10.5496,18,STA,WIFI_DROP,
10.552,3,STA,WIFI_DROP,
10.552,8,STA,WIFI_DROP,
10.552,18,STA,WIFI_DROP,
10.5544,3,STA,WIFI_DROP,
10.5544,8,STA,WIFI_DROP,
10.5544,18,STA,WIFI_DROP,
10.5568,3,STA,WIFI_DROP,
10.5568,8,STA,WIFI_DROP,
10.5568,18,STA,WIFI_DROP,
10.5592,3,STA,WIFI_DROP,
10.5592,8,STA,WIFI_DROP,
10.5592,18,STA,WIFI_DROP,
10.5616,3,STA,WIFI_DROP,
10.5616,8,STA,WIFI_DROP,
10.5616,18,STA,WIFI_DROP,
10.564,3,STA,WIFI_DROP,
10.564,18,STA,WIFI_DROP,
10.5664,18,STA,WIFI_DROP,
10.5688,18,STA,WIFI_DROP,
10.5712,18,STA,WIFI_DROP,
10.5736,18,STA,WIFI_DROP,
10.576,18,STA,WIFI_DROP,
10.5784,18,STA,WIFI_DROP,
10.5808,18,STA,WIFI_DROP,
10.5832,18,STA,WIFI_DROP,
10.5856,18,STA,WIFI_DROP,
10.588,18,STA,WIFI_DROP,
10.5904,18,STA,WIFI_DROP,
10.5928,18,STA,WIFI_DROP,
10.5952,18,STA,WIFI_DROP,
10.5976,18,STA,WIFI_DROP,
10.6,18,STA,WIFI_DROP,
10.6024,18,STA,WIFI_DROP,
10.6048,18,STA,WIFI_DROP,
10.6072,18,STA,WIFI_DROP,
10.6096,18,STA,WIFI_DROP,
10.612,18,STA,WIFI_DROP,
10.6144,18,STA,WIFI_DROP,
10.6168,18,STA,WIFI_DROP,
10.6192,18,STA,WIFI_DROP,
10.6216,18,STA,WIFI_DROP,
10.624,18,STA,WIFI_DROP,
10.6264,18,STA,WIFI_DROP,
10.6288,18,STA,WIFI_DROP,
10.6312,18,STA,WIFI_DROP,
10.6336,18,STA,WIFI_DROP,
10.636,18,STA,WIFI_DROP,
10.6384,18,STA,WIFI_DROP,
10.6408,18,STA,WIFI_DROP,
10.6432,18,STA,WIFI_DROP,
10.6456,18,STA,WIFI_DROP,
10.648,18,STA,WIFI_DROP,
10.6504,18,STA,WIFI_DROP,
10.6528,18,STA,WIFI_DROP,
10.6552,18,STA,WIFI_DROP,
10.6576,18,STA,WIFI_DROP,
10.66,18,STA,WIFI_DROP,
10.6624,18,STA,WIFI_DROP,
10.6648,18,STA,WIFI_DROP,
10.6672,18,STA,WIFI_DROP,
10.6696,18,STA,WIFI_DROP,
10.672,18,STA,WIFI_DROP,
10.6744,18,STA,WIFI_DROP,
10.6768,18,STA,WIFI_DROP,
10.6792,18,STA,WIFI_DROP,
10.6816,18,STA,WIFI_DROP,
10.684,18,STA,WIFI_DROP,
10.6864,18,STA,WIFI_DROP,
10.6888,18,STA,WIFI_DROP,
10.6912,18,STA,WIFI_DROP,
10.6936,18,STA,WIFI_DROP,
10.696,18,STA,WIFI_DROP,
10.6984,18,STA,WIFI_DROP,
10.7008,18,STA,WIFI_DROP,
10.7032,18,STA,WIFI_DROP,
10.7056,18,STA,WIFI_DROP,
10.708,18,STA,WIFI_DROP,
10.7104,18,STA,WIFI_DROP,
10.7128,18,STA,WIFI_DROP,
10.7152,18,STA,WIFI_DROP,
10.7176,18,STA,WIFI_DROP,
10.72,18,STA,WIFI_DROP,
10.7224,18,STA,WIFI_DROP,
10.7248,18,STA,WIFI_DROP,
10.7272,18,STA,WIFI_DROP,
10.7296,18,STA,WIFI_DROP,
10.732,18,STA,WIFI_DROP,
10.7344,18,STA,WIFI_DROP,
10.7368,18,STA,WIFI_DROP,
10.7392,18,STA,WIFI_DROP,
10.7416,18,STA,WIFI_DROP,
10.744,18,STA,WIFI_DROP,
10.7464,18,STA,WIFI_DROP,
10.7488,18,STA,WIFI_DROP,
10.7512,18,STA,WIFI_DROP,
10.7536,18,STA,WIFI_DROP,
10.756,18,STA,WIFI_DROP,
10.7584,18,STA,WIFI_DROP,
10.7608,18,STA,WIFI_DROP,
10.7632,18,STA,WIFI_DROP,
10.7656,18,STA,WIFI_DROP,
10.768,18,STA,WIFI_DROP,
10.7704,18,STA,WIFI_DROP,
10.7728,18,STA,WIFI_DROP,
10.7752,18,STA,WIFI_DROP,
10.7776,18,STA,WIFI_DROP,
10.78,18,STA,WIFI_DROP,
10.7824,18,STA,WIFI_DROP,
10.7848,18,STA,WIFI_DROP,
10.7872,18,STA,WIFI_DROP,
10.7896,18,STA,WIFI_DROP,
10.792,18,STA,WIFI_DROP,
10.7944,18,STA,WIFI_DROP,
10.7968,18,STA,WIFI_DROP,
10.7992,18,STA,WIFI_DROP,
10.8016,18,STA,WIFI_DROP,
10.804,18,STA,WIFI_DROP,
10.8064,18,STA,WIFI_DROP,
10.8088,18,STA,WIFI_DROP,
10.8112,18,STA,WIFI_DROP,
10.8136,18,STA,WIFI_DROP,
10.816,18,STA,WIFI_DROP,
10.8184,18,STA,WIFI_DROP,
10.8208,18,STA,WIFI_DROP,
10.8232,18,STA,WIFI_DROP,
10.8256,18,STA,WIFI_DROP,
10.828,18,STA,WIFI_DROP,
10.8304,18,STA,WIFI_DROP,
10.8328,18,STA,WIFI_DROP,
10.8352,18,STA,WIFI_DROP,
10.8376,18,STA,WIFI_DROP,
10.84,18,STA,WIFI_DROP,
10.8424,18,STA,WIFI_DROP,
10.8448,18,STA,WIFI_DROP,
10.8472,18,STA,WIFI_DROP,
10.8496,18,STA,WIFI_DROP,
10.852,18,STA,WIFI_DROP,
10.8544,18,STA,WIFI_DROP,
10.8568,18,STA,WIFI_DROP,
10.8592,18,STA,WIFI_DROP,
10.8616,18,STA,WIFI_DROP,
10.864,18,STA,WIFI_DROP,
10.8664,18,STA,WIFI_DROP,
10.8688,18,STA,WIFI_DROP,
10.8712,18,STA,WIFI_DROP,
10.8736,18,STA,WIFI_DROP,
10.876,18,STA,WIFI_DROP,
10.8784,18,STA,WIFI_DROP,
10.8808,18,STA,WIFI_DROP,
10.8832,18,STA,WIFI_DROP,
10.8856,18,STA,WIFI_DROP,
10.888,18,STA,WIFI_DROP,
10.8904,18,STA,WIFI_DROP,
10.8928,18,STA,WIFI_DROP,
10.8952,18,STA,WIFI_DROP,
10.8976,18,STA,WIFI_DROP,
10.9,18,STA,WIFI_DROP,
10.9024,18,STA,WIFI_DROP,
10.9048,18,STA,WIFI_DROP,
10.9072,18,STA,WIFI_DROP,
10.9096,18,STA,WIFI_DROP,
10.912,18,STA,WIFI_DROP,
11,5,STA,THROUGHPUT_MBPS,1.452000
11,6,STA,THROUGHPUT_MBPS,1.524000
11,7,STA,THROUGHPUT_MBPS,1.548000
11,8,STA,THROUGHPUT_MBPS,2.052000
11,11,STA,THROUGHPUT_MBPS,5.040000
11,12,STA,THROUGHPUT_MBPS,1.704000
11,13,STA,THROUGHPUT_MBPS,2.472000
11,14,STA,THROUGHPUT_MBPS,1.128000
11,15,STA,THROUGHPUT_MBPS,0.060000
11,16,STA,THROUGHPUT_MBPS,1.752000
11,17,STA,THROUGHPUT_MBPS,3.720000
11,18,STA,THROUGHPUT_MBPS,0.168000
11,19,STA,THROUGHPUT_MBPS,3.504000
11,20,STA,THROUGHPUT_MBPS,0.780000
11,21,STA,THROUGHPUT_MBPS,2.208000
11,1,AP,AGGREGATE_THROUGHPUT_MBPS,29.112000
11,1,AP,SENT_COUNT,8340.000000
11,1,AP,RECV_COUNT,2426.000000
11,1,AP,LATENCY_P95_MS,546.747936
11.128,15,STA,WIFI_DROP,
11.1304,15,STA,WIFI_DROP,
11.1328,15,STA,WIFI_DROP,
11.1352,15,STA,WIFI_DROP,
11.1376,15,STA,WIFI_DROP,
11.14,15,STA,WIFI_DROP,
11.1424,15,STA,WIFI_DROP,
11.1448,15,STA,WIFI_DROP,
11.1472,15,STA,WIFI_DROP,
11.1496,15,STA,WIFI_DROP,
11.152,15,STA,WIFI_DROP,
11.1544,15,STA,WIFI_DROP,
11.1568,15,STA,WIFI_DROP,
11.1592,15,STA,WIFI_DROP,
11.1616,15,STA,WIFI_DROP,
11.164,15,STA,WIFI_DROP,
11.1664,15,STA,WIFI_DROP,
11.1688,15,STA,WIFI_DROP,
11.1712,15,STA,WIFI_DROP,
11.1736,15,STA,WIFI_DROP,
11.176,15,STA,WIFI_DROP,
11.1784,15,STA,WIFI_DROP,
11.4328,18,STA,WIFI_DROP,
11.4352,18,STA,WIFI_DROP,
11.4352,21,STA,WIFI_DROP,
11.4376,18,STA,WIFI_DROP,
11.4376,21,STA,WIFI_DROP,
11.44,18,STA,WIFI_DROP,
11.44,21,STA,WIFI_DROP,
11.4424,18,STA,WIFI_DROP,
11.4424,21,STA,WIFI_DROP,
11.4448,18,STA,WIFI_DROP,
11.4448,21,STA,WIFI_DROP,
11.4472,18,STA,WIFI_DROP,
11.4472,21,STA,WIFI_DROP,
11.4496,18,STA,WIFI_DROP,
11.4496,21,STA,WIFI_DROP,
11.452,18,STA,WIFI_DROP,
11.452,21,STA,WIFI_DROP,
11.4544,18,STA,WIFI_DROP,
11.4544,21,STA,WIFI_DROP,
11.4568,18,STA,WIFI_DROP,
11.4568,21,STA,WIFI_DROP,
11.4592,18,STA,WIFI_DROP,
11.4592,21,STA,WIFI_DROP,
11.4616,18,STA,WIFI_DROP,
11.4616,21,STA,WIFI_DROP,
11.464,18,STA,WIFI_DROP,
11.464,21,STA,WIFI_DROP,
11.4664,18,STA,WIFI_DROP,
11.4664,21,STA,WIFI_DROP,
11.4688,18,STA,WIFI_DROP,
11.4688,21,STA,WIFI_DROP,
11.4712,18,STA,WIFI_DROP,
11.4712,21,STA,WIFI_DROP,
11.4736,18,STA,WIFI_DROP,
11.4736,21,STA,WIFI_DROP,
11.476,18,STA,WIFI_DROP,
11.476,21,STA,WIFI_DROP,
11.4784,18,STA,WIFI_DROP,
11.4784,21,STA,WIFI_DROP,
11.4808,18,STA,WIFI_DROP,
11.4808,21,STA,WIFI_DROP,
11.4832,18,STA,WIFI_DROP,
11.4832,21,STA,WIFI_DROP,
11.4856,18,STA,WIFI_DROP,
11.4856,21,STA,WIFI_DROP,
11.488,18,STA,WIFI_DROP,
11.488,21,STA,WIFI_DROP,
11.4904,18,STA,WIFI_DROP,
11.4904,21,STA,WIFI_DROP,
11.4928,18,STA,WIFI_DROP,
11.4928,21,STA,WIFI_DROP,
11.4952,18,STA,WIFI_DROP,
11.4952,21,STA,WIFI_DROP,
11.4976,18,STA,WIFI_DROP,
11.4976,21,STA,WIFI_DROP,
11.5,18,STA,WIFI_DROP,
11.5,21,STA,WIFI_DROP,
11.5024,18,STA,WIFI_DROP,
11.5024,21,STA,WIFI_DROP,
11.5048,18,STA,WIFI_DROP,
11.5048,21,STA,WIFI_DROP,
11.5072,18,STA,WIFI_DROP,
11.5072,21,STA,WIFI_DROP,
11.5096,18,STA,WIFI_DROP,
11.5096,21,STA,WIFI_DROP,
11.512,18,STA,WIFI_DROP,
11.512,21,STA,WIFI_DROP,
11.5144,18,STA,WIFI_DROP,
11.5144,21,STA,WIFI_DROP,
11.5168,18,STA,WIFI_DROP,
11.5168,21,STA,WIFI_DROP,
11.5192,18,STA,WIFI_DROP,
11.5192,21,STA,WIFI_DROP,
11.5216,18,STA,WIFI_DROP,
11.5216,21,STA,WIFI_DROP,
11.524,18,STA,WIFI_DROP,
11.524,21,STA,WIFI_DROP,
11.5264,18,STA,WIFI_DROP,
11.5264,21,STA,WIFI_DROP,
11.5288,18,STA,WIFI_DROP,
11.5288,21,STA,WIFI_DROP,
11.5312,18,STA,WIFI_DROP,
11.5312,21,STA,WIFI_DROP,
11.5336,18,STA,WIFI_DROP,
11.5336,21,STA,WIFI_DROP,
11.536,18,STA,WIFI_DROP,
11.536,21,STA,WIFI_DROP,
11.5384,6,STA,WIFI_DROP,
11.5384,18,STA,WIFI_DROP,
11.5384,21,STA,WIFI_DROP,
11.5408,6,STA,WIFI_DROP,
11.5408,18,STA,WIFI_DROP,
11.5408,21,STA,WIFI_DROP,
11.5432,6,STA,WIFI_DROP,
11.5432,18,STA,WIFI_DROP,
11.5432,21,STA,WIFI_DROP,
11.5456,6,STA,WIFI_DROP,
11.5456,18,STA,WIFI_DROP,
11.5456,21,STA,WIFI_DROP,
11.548,6,STA,WIFI_DROP,
11.548,18,STA,WIFI_DROP,
11.548,21,STA,WIFI_DROP,
11.5504,6,STA,WIFI_DROP,
11.5504,18,STA,WIFI_DROP,
11.5504,21,STA,WIFI_DROP,
11.5528,6,STA,WIFI_DROP,
11.5528,18,STA,WIFI_DROP,
11.5528,21,STA,WIFI_DROP,
11.5552,6,STA,WIFI_DROP,
11.5552,18,STA,WIFI_DROP,
11.5552,21,STA,WIFI_DROP,
11.5576,6,STA,WIFI_DROP,
11.5576,18,STA,WIFI_DROP,
11.5576,21,STA,WIFI_DROP,
11.56,6,STA,WIFI_DROP,
11.56,18,STA,WIFI_DROP,
11.56,21,STA,WIFI_DROP,
11.5624,6,STA,WIFI_DROP,
11.5624,18,STA,WIFI_DROP,
11.5624,21,STA,WIFI_DROP,
11.5648,6,STA,WIFI_DROP,
11.5648,18,STA,WIFI_DROP,
11.5648,21,STA,WIFI_DROP,
11.5672,6,STA,WIFI_DROP,
11.5672,18,STA,WIFI_DROP,
11.5672,21,STA,WIFI_DROP,
11.5696,6,STA,WIFI_DROP,
11.5696,18,STA,WIFI_DROP,
11.5696,21,STA,WIFI_DROP,
11.572,6,STA,WIFI_DROP,
11.572,18,STA,WIFI_DROP,
11.572,21,STA,WIFI_DROP,
11.5744,6,STA,WIFI_DROP,
11.5744,18,STA,WIFI_DROP,
11.5744,21,STA,WIFI_DROP,
11.5768,6,STA,WIFI_DROP,
11.5768,18,STA,WIFI_DROP,
11.5768,21,STA,WIFI_DROP,
11.5792,6,STA,WIFI_DROP,
11.5792,18,STA,WIFI_DROP,
11.5792,21,STA,WIFI_DROP,
11.5816,6,STA,WIFI_DROP,
11.5816,18,STA,WIFI_DROP,
11.5816,21,STA,WIFI_DROP,
11.584,6,STA,WIFI_DROP,
11.584,18,STA,WIFI_DROP,
11.584,21,STA,WIFI_DROP,
11.5864,6,STA,WIFI_DROP,
11.5864,18,STA,WIFI_DROP,
11.5864,21,STA,WIFI_DROP,
11.5888,6,STA,WIFI_DROP,
11.5888,18,STA,WIFI_DROP,
11.5912,6,STA,WIFI_DROP,
11.5912,18,STA,WIFI_DROP,
11.5936,18,STA,WIFI_DROP,
11.596,18,STA,WIFI_DROP,
11.5984,18,STA,WIFI_DROP,
11.6008,18,STA,WIFI_DROP,
11.6032,18,STA,WIFI_DROP,
11.6056,18,STA,WIFI_DROP,
11.608,18,STA,WIFI_DROP,
11.6104,18,STA,WIFI_DROP,
11.6128,18,STA,WIFI_DROP,
11.6152,18,STA,WIFI_DROP,
11.6176,18,STA,WIFI_DROP,
11.62,18,STA,WIFI_DROP,
11.6224,18,STA,WIFI_DROP,
11.6248,18,STA,WIFI_DROP,
11.6272,18,STA,WIFI_DROP,
11.6296,18,STA,WIFI_DROP,
11.632,18,STA,WIFI_DROP,
11.6344,18,STA,WIFI_DROP,
11.6368,18,STA,WIFI_DROP,
11.6392,18,STA,WIFI_DROP,
11.6416,18,STA,WIFI_DROP,
11.644,18,STA,WIFI_DROP,
11.6464,18,STA,WIFI_DROP,
11.6488,18,STA,WIFI_DROP,
11.6512,18,STA,WIFI_DROP,
11.6536,18,STA,WIFI_DROP,
11.656,18,STA,WIFI_DROP,
11.6584,18,STA,WIFI_DROP,
11.6608,18,STA,WIFI_DROP,
11.6632,18,STA,WIFI_DROP,
11.6656,18,STA,WIFI_DROP,
11.668,18,STA,WIFI_DROP,
11.6704,18,STA,WIFI_DROP,
11.6728,18,STA,WIFI_DROP,
11.6752,18,STA,WIFI_DROP,
11.6776,18,STA,WIFI_DROP,
11.68,18,STA,WIFI_DROP,
11.6824,18,STA,WIFI_DROP,
11.6848,18,STA,WIFI_DROP,
11.6872,18,STA,WIFI_DROP,
11.6896,18,STA,WIFI_DROP,
11.692,18,STA,WIFI_DROP,
11.6944,18,STA,WIFI_DROP,
11.6968,18,STA,WIFI_DROP,
11.6992,18,STA,WIFI_DROP,
11.7016,18,STA,WIFI_DROP,
11.704,18,STA,WIFI_DROP,
11.7064,18,STA,WIFI_DROP,
11.7088,18,STA,WIFI_DROP,
11.7112,18,STA,WIFI_DROP,
11.7136,18,STA,WIFI_DROP,
11.716,18,STA,WIFI_DROP,
11.7184,18,STA,WIFI_DROP,
11.7208,18,STA,WIFI_DROP,
11.7232,18,STA,WIFI_DROP,
11.7256,18,STA,WIFI_DROP,
11.728,18,STA,WIFI_DROP,
11.7304,18,STA,WIFI_DROP,
11.7328,18,STA,WIFI_DROP,
11.7352,18,STA,WIFI_DROP,
11.7376,18,STA,WIFI_DROP,
11.74,18,STA,WIFI_DROP,
11.7424,18,STA,WIFI_DROP,
11.7448,18,STA,WIFI_DROP,
11.7472,18,STA,WIFI_DROP,
11.7496,18,STA,WIFI_DROP,
11.752,18,STA,WIFI_DROP,
11.7544,18,STA,WIFI_DROP,
11.7568,18,STA,WIFI_DROP,
11.7592,18,STA,WIFI_DROP,
11.7616,18,STA,WIFI_DROP,
11.764,18,STA,WIFI_DROP,
11.7664,18,STA,WIFI_DROP,
11.7688,18,STA,WIFI_DROP,
11.7712,18,STA,WIFI_DROP,
11.7736,18,STA,WIFI_DROP,
11.776,18,STA,WIFI_DROP,
11.7784,18,STA,WIFI_DROP,
11.7808,18,STA,WIFI_DROP,
11.7832,18,STA,WIFI_DROP,
11.7856,18,STA,WIFI_DROP,
11.788,18,STA,WIFI_DROP,
11.7904,18,STA,WIFI_DROP,
11.7928,18,STA,WIFI_DROP,
11.7952,18,STA,WIFI_DROP,
11.7976,18,STA,WIFI_DROP,
11.8,18,STA,WIFI_DROP,
11.8024,18,STA,WIFI_DROP,
11.8048,18,STA,WIFI_DROP,
11.8072,18,STA,WIFI_DROP,
11.8096,18,STA,WIFI_DROP,
11.812,18,STA,WIFI_DROP,
11.8144,18,STA,WIFI_DROP,
11.8168,18,STA,WIFI_DROP,
11.8192,18,STA,WIFI_DROP,
11.8216,18,STA,WIFI_DROP,
11.824,18,STA,WIFI_DROP,
11.8264,18,STA,WIFI_DROP,
11.8288,18,STA,WIFI_DROP,
11.8312,18,STA,WIFI_DROP,
11.8336,18,STA,WIFI_DROP,
11.836,18,STA,WIFI_DROP,
11.8384,18,STA,WIFI_DROP,
11.8408,18,STA,WIFI_DROP,
11.8432,18,STA,WIFI_DROP,
11.8456,18,STA,WIFI_DROP,
11.848,18,STA,WIFI_DROP,
11.8504,18,STA,WIFI_DROP,
11.8528,18,STA,WIFI_DROP,
11.8552,18,STA,WIFI_DROP,
11.8576,18,STA,WIFI_DROP,
11.86,18,STA,WIFI_DROP,
11.8624,18,STA,WIFI_DROP,
11.8648,18,STA,WIFI_DROP,
11.8672,18,STA,WIFI_DROP,
11.8696,18,STA,WIFI_DROP,
11.872,18,STA,WIFI_DROP,
11.8744,18,STA,WIFI_DROP,
11.8768,18,STA,WIFI_DROP,
11.8792,18,STA,WIFI_DROP,
11.8816,18,STA,WIFI_DROP,
11.884,18,STA,WIFI_DROP,
11.8864,18,STA,WIFI_DROP,
11.8888,18,STA,WIFI_DROP,
11.8912,18,STA,WIFI_DROP,
11.8936,18,STA,WIFI_DROP,
11.896,18,STA,WIFI_DROP,
11.8984,18,STA,WIFI_DROP,
11.9008,18,STA,WIFI_DROP,
11.9032,18,STA,WIFI_DROP,
11.9056,18,STA,WIFI_DROP,
11.908,18,STA,WIFI_DROP,
11.9104,18,STA,WIFI_DROP,
11.9128,18,STA,WIFI_DROP,
11.9152,18,STA,WIFI_DROP,
11.9176,18,STA,WIFI_DROP,
11.92,18,STA,WIFI_DROP,
11.9224,18,STA,WIFI_DROP,
11.9248,18,STA,WIFI_DROP,
11.9272,18,STA,WIFI_DROP,
11.9296,18,STA,WIFI_DROP,
11.932,18,STA,WIFI_DROP,
11.9344,18,STA,WIFI_DROP,
11.9368,18,STA,WIFI_DROP,
11.9392,18,STA,WIFI_DROP,
11.9416,18,STA,WIFI_DROP,
11.944,18,STA,WIFI_DROP,
11.9464,2,STA,WIFI_DROP,
11.9464,18,STA,WIFI_DROP,
11.9488,2,STA,WIFI_DROP,
11.9488,18,STA,WIFI_DROP,
11.9512,2,STA,WIFI_DROP,
11.9512,18,STA,WIFI_DROP,
11.9536,2,STA,WIFI_DROP,
11.9536,18,STA,WIFI_DROP,
11.956,2,STA,WIFI_DROP,
11.956,18,STA,WIFI_DROP,
11.9584,2,STA,WIFI_DROP,
11.9584,18,STA,WIFI_DROP,
11.9608,2,STA,WIFI_DROP,
11.9608,18,STA,WIFI_DROP,
11.9632,2,STA,WIFI_DROP,
11.9632,18,STA,WIFI_DROP,
11.9656,2,STA,WIFI_DROP,
11.9656,18,STA,WIFI_DROP,
11.968,2,STA,WIFI_DROP,
11.968,18,STA,WIFI_DROP,
11.9704,2,STA,WIFI_DROP,
11.9704,18,STA,WIFI_DROP,
11.9728,2,STA,WIFI_DROP,
11.9728,18,STA,WIFI_DROP,
11.9752,2,STA,WIFI_DROP,
11.9752,18,STA,WIFI_DROP,
11.9776,2,STA,WIFI_DROP,
11.9776,18,STA,WIFI_DROP,
11.98,2,STA,WIFI_DROP,
11.98,18,STA,WIFI_DROP,
11.9824,2,STA,WIFI_DROP,
11.9824,18,STA,WIFI_DROP,
11.9848,2,STA,WIFI_DROP,
11.9872,2,STA,WIFI_DROP,
11.9896,2,STA,WIFI_DROP,
11.992,2,STA,WIFI_DROP,
11.9944,2,STA,WIFI_DROP,
11.9968,2,STA,WIFI_DROP,
11.9992,2,STA,WIFI_DROP,
12,3,STA,THROUGHPUT_MBPS,1.644000
12,5,STA,THROUGHPUT_MBPS,2.340000
12,6,STA,THROUGHPUT_MBPS,2.916000
12,7,STA,THROUGHPUT_MBPS,1.632000
12,8,STA,THROUGHPUT_MBPS,2.256000
12,11,STA,THROUGHPUT_MBPS,3.420000
12,12,STA,THROUGHPUT_MBPS,3.348000
12,13,STA,THROUGHPUT_MBPS,2.556000
12,14,STA,THROUGHPUT_MBPS,3.732000
12,15,STA,THROUGHPUT_MBPS,0.252000
12,16,STA,THROUGHPUT_MBPS,0.852000
12,17,STA,THROUGHPUT_MBPS,0.708000
12,18,STA,THROUGHPUT_MBPS,0.528000
12,19,STA,THROUGHPUT_MBPS,3.216000
12,20,STA,THROUGHPUT_MBPS,3.720000
12,21,STA,THROUGHPUT_MBPS,1.512000
12,1,AP,AGGREGATE_THROUGHPUT_MBPS,34.632000
12,1,AP,SENT_COUNT,8340.000000
12,1,AP,RECV_COUNT,2886.000000
12,1,AP,LATENCY_P95_MS,551.348358
12.0016,2,STA,WIFI_DROP,
12.004,2,STA,WIFI_DROP,
12.0064,2,STA,WIFI_DROP,
12.0088,2,STA,WIFI_DROP,
12.0112,2,STA,WIFI_DROP,
12.0136,2,STA,WIFI_DROP,
12.016,2,STA,WIFI_DROP,
12.0184,2,STA,WIFI_DROP,
12.0208,2,STA,WIFI_DROP,
12.0232,2,STA,WIFI_DROP,
12.0256,2,STA,WIFI_DROP,
12.028,2,STA,WIFI_DROP,
12.0304,2,STA,WIFI_DROP,
12.0328,2,STA,WIFI_DROP,
12.0352,2,STA,WIFI_DROP,
12.0376,2,STA,WIFI_DROP,
12.04,2,STA,WIFI_DROP,
12.0424,2,STA,WIFI_DROP,
12.0448,2,STA,WIFI_DROP,
12.0472,2,STA,WIFI_DROP,
12.0496,2,STA,WIFI_DROP,
12.052,2,STA,WIFI_DROP,
12.0544,2,STA,WIFI_DROP,
12.0568,2,STA,WIFI_DROP,
12.0592,2,STA,WIFI_DROP,
12.0616,2,STA,WIFI_DROP,
12.064,2,STA,WIFI_DROP,
12.0664,2,STA,WIFI_DROP,
12.0688,2,STA,WIFI_DROP,
12.0712,2,STA,WIFI_DROP,
12.0736,2,STA,WIFI_DROP,
12.076,2,STA,WIFI_DROP,
12.0784,2,STA,WIFI_DROP,
12.0808,2,STA,WIFI_DROP,
12.0832,2,STA,WIFI_DROP,
12.0856,2,STA,WIFI_DROP,
12.088,2,STA,WIFI_DROP,
12.0904,2,STA,WIFI_DROP,
12.0928,2,STA,WIFI_DROP,
12.0952,2,STA,WIFI_DROP,
12.0976,2,STA,WIFI_DROP,
12.1,2,STA,WIFI_DROP,
12.1024,2,STA,WIFI_DROP,
12.1048,2,STA,WIFI_DROP,
12.1072,2,STA,WIFI_DROP,
12.1096,2,STA,WIFI_DROP,
12.112,2,STA,WIFI_DROP,
12.1144,2,STA,WIFI_DROP,
12.1168,2,STA,WIFI_DROP,
12.1192,2,STA,WIFI_DROP,
12.1216,2,STA,WIFI_DROP,
12.124,2,STA,WIFI_DROP,
12.1264,2,STA,WIFI_DROP,
12.1288,2,STA,WIFI_DROP,
12.1312,2,STA,WIFI_DROP,
12.1336,2,STA,WIFI_DROP,
12.136,2,STA,WIFI_DROP,
12.1384,2,STA,WIFI_DROP,
12.1408,2,STA,WIFI_DROP,
12.1432,2,STA,WIFI_DROP,
12.1456,2,STA,WIFI_DROP,
12.148,2,STA,WIFI_DROP,
12.1504,2,STA,WIFI_DROP,
12.1528,2,STA,WIFI_DROP,
12.1552,2,STA,WIFI_DROP,
12.1576,2,STA,WIFI_DROP,
12.16,2,STA,WIFI_DROP,
12.1624,2,STA,WIFI_DROP,
12.1648,2,STA,WIFI_DROP,
12.1672,2,STA,WIFI_DROP,
12.1696,2,STA,WIFI_DROP,
12.172,2,STA,WIFI_DROP,
12.1744,2,STA,WIFI_DROP,
12.1768,2,STA,WIFI_DROP,
12.1792,2,STA,WIFI_DROP,
12.1816,2,STA,WIFI_DROP,
12.184,2,STA,WIFI_DROP,
12.1864,2,STA,WIFI_DROP,
12.1888,2,STA,WIFI_DROP,
12.1912,2,STA,WIFI_DROP,
12.1936,2,STA,WIFI_DROP,
12.196,2,STA,WIFI_DROP,
12.1984,2,STA,WIFI_DROP,
12.2008,2,STA,WIFI_DROP,
12.2032,2,STA,WIFI_DROP,
12.2056,2,STA,WIFI_DROP,
12.208,2,STA,WIFI_DROP,
12.2104,2,STA,WIFI_DROP,
12.2128,2,STA,WIFI_DROP,
12.2152,2,STA,WIFI_DROP,
12.2176,2,STA,WIFI_DROP,
12.22,2,STA,WIFI_DROP,
12.2224,2,STA,WIFI_DROP,
12.2248,2,STA,WIFI_DROP,
12.2272,2,STA,WIFI_DROP,
12.2296,2,STA,WIFI_DROP,
12.232,2,STA,WIFI_DROP,
12.2344,2,STA,WIFI_DROP,
12.2368,2,STA,WIFI_DROP,
12.2392,2,STA,WIFI_DROP,
12.2416,2,STA,WIFI_DROP,
12.244,2,STA,WIFI_DROP,
12.2464,2,STA,WIFI_DROP,
12.2488,2,STA,WIFI_DROP,
12.2512,2,STA,WIFI_DROP,
12.2536,2,STA,WIFI_DROP,
12.256,2,STA,WIFI_DROP,
12.2584,2,STA,WIFI_DROP,
12.2608,2,STA,WIFI_DROP,
12.2632,2,STA,WIFI_DROP,
12.2656,2,STA,WIFI_DROP,
12.268,2,STA,WIFI_DROP,
12.2704,2,STA,WIFI_DROP,
12.2728,2,STA,WIFI_DROP,
12.2752,2,STA,WIFI_DROP,
12.2776,2,STA,WIFI_DROP,
12.28,2,STA,WIFI_DROP,
12.2824,2,STA,WIFI_DROP,
12.2848,2,STA,WIFI_DROP,
12.2872,2,STA,WIFI_DROP,
12.2896,2,STA,WIFI_DROP,
12.292,2,STA,WIFI_DROP,
12.2944,2,STA,WIFI_DROP,
12.2968,2,STA,WIFI_DROP,
12.2992,2,STA,WIFI_DROP,
12.3016,2,STA,WIFI_DROP,
12.304,2,STA,WIFI_DROP,
12.3064,2,STA,WIFI_DROP,
12.3088,2,STA,WIFI_DROP,
12.3112,2,STA,WIFI_DROP,
12.3136,2,STA,WIFI_DROP,
12.316,2,STA,WIFI_DROP,
12.3184,2,STA,WIFI_DROP,
12.3208,2,STA,WIFI_DROP,
12.3232,2,STA,WIFI_DROP,
12.3256,2,STA,WIFI_DROP,
12.328,2,STA,WIFI_DROP,
12.3304,2,STA,WIFI_DROP,
12.3328,2,STA,WIFI_DROP,
12.3352,2,STA,WIFI_DROP,
12.3376,2,STA,WIFI_DROP,
12.34,2,STA,WIFI_DROP,
12.3424,2,STA,WIFI_DROP,
12.3448,2,STA,WIFI_DROP,
12.3472,2,STA,WIFI_DROP,
12.3496,2,STA,WIFI_DROP,
12.352,2,STA,WIFI_DROP,
12.3544,2,STA,WIFI_DROP,
12.3568,2,STA,WIFI_DROP,
12.3592,2,STA,WIFI_DROP,
12.3616,2,STA,WIFI_DROP,
12.364,2,STA,WIFI_DROP,
12.3664,2,STA,WIFI_DROP,
12.3688,2,STA,WIFI_DROP,
12.3712,2,STA,WIFI_DROP,
12.3736,2,STA,WIFI_DROP,
12.376,2,STA,WIFI_DROP,
12.3784,2,STA,WIFI_DROP,
12.3808,2,STA,WIFI_DROP,
12.3832,2,STA,WIFI_DROP,
12.3856,2,STA,WIFI_DROP,
12.388,2,STA,WIFI_DROP,
12.3904,2,STA,WIFI_DROP,
12.3928,2,STA,WIFI_DROP,
12.3952,2,STA,WIFI_DROP,
12.3976,2,STA,WIFI_DROP,
12.4,2,STA,WIFI_DROP,
12.4024,2,STA,WIFI_DROP,
12.4048,2,STA,WIFI_DROP,
12.4072,2,STA,WIFI_DROP,
12.4096,2,STA,WIFI_DROP,
12.412,2,STA,WIFI_DROP,
12.4144,2,STA,WIFI_DROP,
12.4168,2,STA,WIFI_DROP,
12.4192,2,STA,WIFI_DROP,
12.4216,2,STA,WIFI_DROP,
12.424,2,STA,WIFI_DROP,
12.4264,2,STA,WIFI_DROP,
12.4288,2,STA,WIFI_DROP,
12.4312,2,STA,WIFI_DROP,
12.4336,2,STA,WIFI_DROP,
12.436,2,STA,WIFI_DROP,
12.4384,2,STA,WIFI_DROP,
12.4408,2,STA,WIFI_DROP,
12.4432,2,STA,WIFI_DROP,
12.4456,2,STA,WIFI_DROP,
12.448,2,STA,WIFI_DROP,
12.4504,2,STA,WIFI_DROP,
12.4528,2,STA,WIFI_DROP,
12.4552,2,STA,WIFI_DROP,
12.4576,2,STA,WIFI_DROP,
12.4576,12,STA,WIFI_DROP,
12.46,2,STA,WIFI_DROP,
12.46,12,STA,WIFI_DROP,
12.4624,2,STA,WIFI_DROP,
12.4624,12,STA,WIFI_DROP,
12.4648,2,STA,WIFI_DROP,
12.4648,12,STA,WIFI_DROP,
12.4672,2,STA,WIFI_DROP,
12.4672,12,STA,WIFI_DROP,
12.4696,2,STA,WIFI_DROP,
12.4696,12,STA,WIFI_DROP,
12.472,2,STA,WIFI_DROP,
12.472,12,STA,WIFI_DROP,
12.4744,2,STA,WIFI_DROP,
12.4744,12,STA,WIFI_DROP,
12.4768,2,STA,WIFI_DROP,
12.4768,12,STA,WIFI_DROP,
12.4792,2,STA,WIFI_DROP,
12.4792,12,STA,WIFI_DROP,
12.4816,2,STA,WIFI_DROP,
12.4816,12,STA,WIFI_DROP,
12.484,2,STA,WIFI_DROP,
12.484,12,STA,WIFI_DROP,
12.4864,2,STA,WIFI_DROP,
12.4864,12,STA,WIFI_DROP,
12.4888,2,STA,WIFI_DROP,
12.4888,12,STA,WIFI_DROP,
12.4912,2,STA,WIFI_DROP,
12.4912,12,STA,WIFI_DROP,
12.4936,2,STA,WIFI_DROP,
12.4936,12,STA,WIFI_DROP,
12.496,2,STA,WIFI_DROP,
12.496,12,STA,WIFI_DROP,
12.4984,2,STA,WIFI_DROP,
12.4984,12,STA,WIFI_DROP,
12.5008,2,STA,WIFI_DROP,
12.5008,12,STA,WIFI_DROP,
12.5032,2,STA,WIFI_DROP,
12.5032,12,STA,WIFI_DROP,
12.5056,2,STA,WIFI_DROP,
12.5056,12,STA,WIFI_DROP,
12.508,2,STA,WIFI_DROP,
12.508,12,STA,WIFI_DROP,
12.5104,2,STA,WIFI_DROP,
12.5104,12,STA,WIFI_DROP,
12.5128,2,STA,WIFI_DROP,
12.5128,12,STA,WIFI_DROP,
12.5152,2,STA,WIFI_DROP,
12.5152,12,STA,WIFI_DROP,
12.5176,2,STA,WIFI_DROP,
12.5176,12,STA,WIFI_DROP,
12.52,2,STA,WIFI_DROP,
12.52,12,STA,WIFI_DROP,
12.5224,2,STA,WIFI_DROP,
12.5224,12,STA,WIFI_DROP,
12.5248,2,STA,WIFI_DROP,
12.5248,12,STA,WIFI_DROP,
12.5272,2,STA,WIFI_DROP,
12.5272,12,STA,WIFI_DROP,
12.5296,2,STA,WIFI_DROP,
12.5296,12,STA,WIFI_DROP,
12.532,2,STA,WIFI_DROP,
12.532,12,STA,WIFI_DROP,
12.5344,2,STA,WIFI_DROP,
12.5344,12,STA,WIFI_DROP,
12.5368,2,STA,WIFI_DROP,
12.5368,12,STA,WIFI_DROP,
12.5392,2,STA,WIFI_DROP,
12.5392,12,STA,WIFI_DROP,
12.5416,2,STA,WIFI_DROP,
12.5416,12,STA,WIFI_DROP,
12.544,2,STA,WIFI_DROP,
12.544,12,STA,WIFI_DROP,
12.5464,2,STA,WIFI_DROP,
12.5464,12,STA,WIFI_DROP,
12.5488,12,STA,WIFI_DROP,
12.5512,12,STA,WIFI_DROP,
12.5536,12,STA,WIFI_DROP,
12.556,12,STA,WIFI_DROP,
12.5584,12,STA,WIFI_DROP,
12.5608,12,STA,WIFI_DROP,
12.5632,12,STA,WIFI_DROP,
12.5656,12,STA,WIFI_DROP,
12.568,12,STA,WIFI_DROP,
12.5704,12,STA,WIFI_DROP,
12.5728,12,STA,WIFI_DROP,
12.5752,12,STA,WIFI_DROP,
12.5776,12,STA,WIFI_DROP,
12.58,12,STA,WIFI_DROP,
12.5824,12,STA,WIFI_DROP,
12.5848,12,STA,WIFI_DROP,
12.5872,12,STA,WIFI_DROP,
12.5896,12,STA,WIFI_DROP,
12.592,12,STA,WIFI_DROP,
12.5944,12,STA,WIFI_DROP,
12.5968,12,STA,WIFI_DROP,
12.5992,12,STA,WIFI_DROP,
12.6016,12,STA,WIFI_DROP,
12.604,12,STA,WIFI_DROP,
12.6064,12,STA,WIFI_DROP,
12.6088,12,STA,WIFI_DROP,
12.6112,12,STA,WIFI_DROP,
12.6136,12,STA,WIFI_DROP,
12.616,12,STA,WIFI_DROP,
12.6184,12,STA,WIFI_DROP,
12.6208,12,STA,WIFI_DROP,
12.6232,12,STA,WIFI_DROP,
12.6256,12,STA,WIFI_DROP,
12.628,12,STA,WIFI_DROP,
12.6304,12,STA,WIFI_DROP,
12.6328,12,STA,WIFI_DROP,
12.6352,12,STA,WIFI_DROP,
12.6376,12,STA,WIFI_DROP,
12.64,12,STA,WIFI_DROP,
12.6424,12,STA,WIFI_DROP,
12.6448,12,STA,WIFI_DROP,
12.6472,12,STA,WIFI_DROP,
12.6496,12,STA,WIFI_DROP,
12.652,12,STA,WIFI_DROP,
12.6544,12,STA,WIFI_DROP,
12.6568,12,STA,WIFI_DROP,
12.6592,12,STA,WIFI_DROP,
12.6616,12,STA,WIFI_DROP,
12.664,12,STA,WIFI_DROP,
12.6664,12,STA,WIFI_DROP,
12.6688,12,STA,WIFI_DROP,
12.6712,12,STA,WIFI_DROP,
12.6736,12,STA,WIFI_DROP,
12.676,12,STA,WIFI_DROP,
12.6784,12,STA,WIFI_DROP,
12.6808,12,STA,WIFI_DROP,
12.6832,12,STA,WIFI_DROP,
12.6856,12,STA,WIFI_DROP,
12.688,12,STA,WIFI_DROP,
12.6904,12,STA,WIFI_DROP,
12.6928,12,STA,WIFI_DROP,
12.6952,12,STA,WIFI_DROP,
12.6976,12,STA,WIFI_DROP,
12.7,12,STA,WIFI_DROP,
12.7024,12,STA,WIFI_DROP,
12.7048,12,STA,WIFI_DROP,
12.7072,12,STA,WIFI_DROP,
12.7096,12,STA,WIFI_DROP,
12.712,12,STA,WIFI_DROP,
12.7144,12,STA,WIFI_DROP,
12.7168,12,STA,WIFI_DROP,
12.7192,12,STA,WIFI_DROP,
12.7216,12,STA,WIFI_DROP,
12.724,12,STA,WIFI_DROP,
12.7264,12,STA,WIFI_DROP,
12.7288,12,STA,WIFI_DROP,
12.7312,12,STA,WIFI_DROP,
12.7336,12,STA,WIFI_DROP,
12.736,12,STA,WIFI_DROP,
12.7384,12,STA,WIFI_DROP,
12.7408,12,STA,WIFI_DROP,
12.7432,12,STA,WIFI_DROP,
12.7456,12,STA,WIFI_DROP,
12.748,12,STA,WIFI_DROP,
12.7504,12,STA,WIFI_DROP,
12.7528,12,STA,WIFI_DROP,
12.7552,12,STA,WIFI_DROP,
12.7576,12,STA,WIFI_DROP,
12.76,12,STA,WIFI_DROP,
12.7624,12,STA,WIFI_DROP,
12.7648,12,STA,WIFI_DROP,
12.7672,12,STA,WIFI_DROP,
12.7696,12,STA,WIFI_DROP,
12.772,12,STA,WIFI_DROP,
12.7744,12,STA,WIFI_DROP,
12.7768,12,STA,WIFI_DROP,
12.7792,12,STA,WIFI_DROP,
12.7816,12,STA,WIFI_DROP,
12.784,12,STA,WIFI_DROP,
12.7864,12,STA,WIFI_DROP,
12.7888,12,STA,WIFI_DROP,
12.7912,12,STA,WIFI_DROP,
12.7936,12,STA,WIFI_DROP,
12.796,12,STA,WIFI_DROP,
12.7984,12,STA,WIFI_DROP,
12.8008,12,STA,WIFI_DROP,
12.8032,12,STA,WIFI_DROP,
12.8056,12,STA,WIFI_DROP,
12.808,12,STA,WIFI_DROP,
12.8104,12,STA,WIFI_DROP,
12.8128,12,STA,WIFI_DROP,
12.8152,12,STA,WIFI_DROP,
12.8176,12,STA,WIFI_DROP,
12.82,12,STA,WIFI_DROP,
12.8224,12,STA,WIFI_DROP,
12.8248,12,STA,WIFI_DROP,
12.8272,12,STA,WIFI_DROP,
12.8296,12,STA,WIFI_DROP,
12.832,12,STA,WIFI_DROP,
12.8344,12,STA,WIFI_DROP,
12.8368,12,STA,WIFI_DROP,
12.8392,12,STA,WIFI_DROP,
12.8416,12,STA,WIFI_DROP,
12.844,12,STA,WIFI_DROP,
12.8464,12,STA,WIFI_DROP,
12.8488,12,STA,WIFI_DROP,
12.8512,12,STA,WIFI_DROP,
12.8536,12,STA,WIFI_DROP,
12.856,12,STA,WIFI_DROP,
12.8584,12,STA,WIFI_DROP,
12.8608,12,STA,WIFI_DROP,
12.8632,12,STA,WIFI_DROP,
12.8656,12,STA,WIFI_DROP,
12.868,12,STA,WIFI_DROP,
12.8704,3,STA,WIFI_DROP,
12.8704,12,STA,WIFI_DROP,
12.8728,3,STA,WIFI_DROP,
12.8728,12,STA,WIFI_DROP,
12.8752,3,STA,WIFI_DROP,
12.8752,12,STA,WIFI_DROP,
12.8776,3,STA,WIFI_DROP,
12.8776,12,STA,WIFI_DROP,
12.88,3,STA,WIFI_DROP,
12.88,12,STA,WIFI_DROP,
12.8824,3,STA,WIFI_DROP,
12.8824,12,STA,WIFI_DROP,
12.8848,3,STA,WIFI_DROP,
12.8848,12,STA,WIFI_DROP,
12.8872,3,STA,WIFI_DROP,
12.8872,12,STA,WIFI_DROP,
12.8896,3,STA,WIFI_DROP,
12.8896,12,STA,WIFI_DROP,
12.892,3,STA,WIFI_DROP,
12.892,12,STA,WIFI_DROP,
12.8944,3,STA,WIFI_DROP,
12.8944,12,STA,WIFI_DROP,
12.8968,3,STA,WIFI_DROP,
12.8968,12,STA,WIFI_DROP,
12.8992,3,STA,WIFI_DROP,
12.8992,12,STA,WIFI_DROP,
12.9016,3,STA,WIFI_DROP,
12.9016,12,STA,WIFI_DROP,
12.904,3,STA,WIFI_DROP,
12.904,12,STA,WIFI_DROP,
12.9064,3,STA,WIFI_DROP,
12.9064,12,STA,WIFI_DROP,
12.9088,3,STA,WIFI_DROP,
12.9088,12,STA,WIFI_DROP,
12.9112,3,STA,WIFI_DROP,
12.9112,12,STA,WIFI_DROP,
12.9136,3,STA,WIFI_DROP,
12.9136,12,STA,WIFI_DROP,
12.916,3,STA,WIFI_DROP,
12.916,12,STA,WIFI_DROP,
12.9184,3,STA,WIFI_DROP,
12.9184,12,STA,WIFI_DROP,
12.9208,3,STA,WIFI_DROP,
12.9208,12,STA,WIFI_DROP,
12.9232,3,STA,WIFI_DROP,
12.9232,12,STA,WIFI_DROP,
12.9256,3,STA,WIFI_DROP,
12.9256,12,STA,WIFI_DROP,
12.928,3,STA,WIFI_DROP,
12.928,12,STA,WIFI_DROP,
12.9304,12,STA,WIFI_DROP,
12.9328,12,STA,WIFI_DROP,
12.9352,12,STA,WIFI_DROP,
12.9376,12,STA,WIFI_DROP,
12.94,12,STA,WIFI_DROP,
12.9424,12,STA,WIFI_DROP,
12.9448,12,STA,WIFI_DROP,
12.9472,12,STA,WIFI_DROP,
12.9496,12,STA,WIFI_DROP,
12.952,12,STA,WIFI_DROP,
12.9544,12,STA,WIFI_DROP,
12.9568,12,STA,WIFI_DROP,
12.9592,12,STA,WIFI_DROP,
12.9616,12,STA,WIFI_DROP,
12.964,12,STA,WIFI_DROP,
12.9664,12,STA,WIFI_DROP,
12.9688,12,STA,WIFI_DROP,
12.9712,12,STA,WIFI_DROP,
12.9736,12,STA,WIFI_DROP,
12.976,12,STA,WIFI_DROP,
12.9784,12,STA,WIFI_DROP,
12.9808,12,STA,WIFI_DROP,
12.9832,12,STA,WIFI_DROP,
12.9856,12,STA,WIFI_DROP,
12.988,12,STA,WIFI_DROP,
12.9904,12,STA,WIFI_DROP,
12.9928,12,STA,WIFI_DROP,
12.9952,12,STA,WIFI_DROP,
12.9976,12,STA,WIFI_DROP,
13,2,STA,THROUGHPUT_MBPS,0.768000
13,3,STA,THROUGHPUT_MBPS,0.684000
13,5,STA,THROUGHPUT_MBPS,2.472000
13,6,STA,THROUGHPUT_MBPS,2.532000
13,7,STA,THROUGHPUT_MBPS,2.268000
13,8,STA,THROUGHPUT_MBPS,1.776000
13,11,STA,THROUGHPUT_MBPS,4.824000
13,12,STA,THROUGHPUT_MBPS,2.220000
13,13,STA,THROUGHPUT_MBPS,3.000000
13,14,STA,THROUGHPUT_MBPS,2.412000
13,16,STA,THROUGHPUT_MBPS,1.668000
13,17,STA,THROUGHPUT_MBPS,0.684000
13,18,STA,THROUGHPUT_MBPS,2.484000
13,19,STA,THROUGHPUT_MBPS,3.072000
13,20,STA,THROUGHPUT_MBPS,2.640000
13,21,STA,THROUGHPUT_MBPS,2.232000
13,1,AP,AGGREGATE_THROUGHPUT_MBPS,35.736000
13,1,AP,SENT_COUNT,8320.000000
13,1,AP,RECV_COUNT,2978.000000
13,1,AP,LATENCY_P95_MS,536.571743
13,12,STA,WIFI_DROP,
13.0024,12,STA,WIFI_DROP,
13.0048,12,STA,WIFI_DROP,
13.0072,12,STA,WIFI_DROP,
13.0096,12,STA,WIFI_DROP,
13.0744,2,STA,WIFI_DROP,
13.0768,2,STA,WIFI_DROP,
13.0792,2,STA,WIFI_DROP,
13.0816,2,STA,WIFI_DROP,
13.084,2,STA,WIFI_DROP,
13.0864,2,STA,WIFI_DROP,
13.0888,2,STA,WIFI_DROP,
13.0912,2,STA,WIFI_DROP,
13.0936,2,STA,WIFI_DROP,
13.096,2,STA,WIFI_DROP,
13.0984,2,STA,WIFI_DROP,
13.1008,2,STA,WIFI_DROP,
13.1032,2,STA,WIFI_DROP,
13.1056,2,STA,WIFI_DROP,
13.108,2,STA,WIFI_DROP,
13.1104,2,STA,WIFI_DROP,
13.1128,2,STA,WIFI_DROP,
13.1152,2,STA,WIFI_DROP,
13.1176,2,STA,WIFI_DROP,
13.12,2,STA,WIFI_DROP,
13.1224,2,STA,WIFI_DROP,
13.1248,2,STA,WIFI_DROP,
13.1272,2,STA,WIFI_DROP,
13.1296,2,STA,WIFI_DROP,
13.132,2,STA,WIFI_DROP,
13.1344,2,STA,WIFI_DROP,
13.1368,2,STA,WIFI_DROP,
13.1392,2,STA,WIFI_DROP,
13.1416,2,STA,WIFI_DROP,
13.144,2,STA,WIFI_DROP,
13.1464,2,STA,WIFI_DROP,
13.1488,2,STA,WIFI_DROP,
13.1512,2,STA,WIFI_DROP,
13.1536,2,STA,WIFI_DROP,
13.156,2,STA,WIFI_DROP,
13.1584,2,STA,WIFI_DROP,
13.1608,2,STA,WIFI_DROP,
13.1632,2,STA,WIFI_DROP,
13.1656,2,STA,WIFI_DROP,
13.168,2,STA,WIFI_DROP,
13.1704,2,STA,WIFI_DROP,
13.1728,2,STA,WIFI_DROP,
13.2784,4,STA,WIFI_DROP,
13.2808,4,STA,WIFI_DROP,
13.2832,4,STA,WIFI_DROP,
13.2856,4,STA,WIFI_DROP,
13.288,4,STA,WIFI_DROP,
13.2904,4,STA,WIFI_DROP,
13.2928,4,STA,WIFI_DROP,
13.2952,4,STA,WIFI_DROP,
13.2976,4,STA,WIFI_DROP,
13.3,4,STA,WIFI_DROP,
13.3024,4,STA,WIFI_DROP,
13.3048,4,STA,WIFI_DROP,
13.3072,4,STA,WIFI_DROP,
13.3096,4,STA,WIFI_DROP,
13.312,4,STA,WIFI_DROP,
13.3144,4,STA,WIFI_DROP,
13.3168,4,STA,WIFI_DROP,
13.3192,4,STA,WIFI_DROP,
13.3216,4,STA,WIFI_DROP,
13.324,4,STA,WIFI_DROP,
13.3264,4,STA,WIFI_DROP,
13.3288,4,STA,WIFI_DROP,
13.3312,4,STA,WIFI_DROP,
13.3336,4,STA,WIFI_DROP,
13.336,4,STA,WIFI_DROP,
13.3384,4,STA,WIFI_DROP,
13.3408,4,STA,WIFI_DROP,
13.3432,4,STA,WIFI_DROP,
13.3456,4,STA,WIFI_DROP,
13.348,4,STA,WIFI_DROP,
13.3504,4,STA,WIFI_DROP,
13.3528,4,STA,WIFI_DROP,
13.3552,4,STA,WIFI_DROP,
13.3576,4,STA,WIFI_DROP,
13.36,4,STA,WIFI_DROP,
13.3624,4,STA,WIFI_DROP,
13.3648,4,STA,WIFI_DROP,
13.3672,4,STA,WIFI_DROP,
13.3696,4,STA,WIFI_DROP,
13.372,4,STA,WIFI_DROP,
13.3744,4,STA,WIFI_DROP,
13.3768,4,STA,WIFI_DROP,
13.3792,4,STA,WIFI_DROP,
13.3816,4,STA,WIFI_DROP,
13.384,4,STA,WIFI_DROP,
13.3864,4,STA,WIFI_DROP,
13.3888,4,STA,WIFI_DROP,
13.3912,4,STA,WIFI_DROP,
13.3936,4,STA,WIFI_DROP,
13.396,4,STA,WIFI_DROP,
13.3984,4,STA,WIFI_DROP,
13.4008,4,STA,WIFI_DROP,
13.4032,4,STA,WIFI_DROP,
13.4056,4,STA,WIFI_DROP,
13.408,4,STA,WIFI_DROP,
13.4104,4,STA,WIFI_DROP,
13.4128,4,STA,WIFI_DROP,
13.4152,4,STA,WIFI_DROP,
13.4176,4,STA,WIFI_DROP,
13.42,4,STA,WIFI_DROP,
13.4224,4,STA,WIFI_DROP,
13.4248,4,STA,WIFI_DROP,
13.4272,4,STA,WIFI_DROP,
13.4296,4,STA,WIFI_DROP,
13.5328,12,STA,WIFI_DROP,
13.5352,12,STA,WIFI_DROP,
13.5376,12,STA,WIFI_DROP,
13.54,12,STA,WIFI_DROP,
13.5424,12,STA,WIFI_DROP,
13.5448,12,STA,WIFI_DROP,
13.5472,12,STA,WIFI_DROP,
13.5496,12,STA,WIFI_DROP,
13.552,12,STA,WIFI_DROP,
13.5544,12,STA,WIFI_DROP,
13.5568,12,STA,WIFI_DROP,
13.5592,12,STA,WIFI_DROP,
13.5616,12,STA,WIFI_DROP,
13.564,12,STA,WIFI_DROP,
13.5664,12,STA,WIFI_DROP,
13.5688,12,STA,WIFI_DROP,
13.5712,12,STA,WIFI_DROP,
13.5736,12,STA,WIFI_DROP,
13.576,12,STA,WIFI_DROP,
13.5784,12,STA,WIFI_DROP,
13.5808,12,STA,WIFI_DROP,
13.5832,12,STA,WIFI_DROP,
13.5856,12,STA,WIFI_DROP,
13.588,12,STA,WIFI_DROP,
13.5904,12,STA,WIFI_DROP,
13.5928,12,STA,WIFI_DROP,
13.5952,12,STA,WIFI_DROP,
13.5976,12,STA,WIFI_DROP,
13.6,12,STA,WIFI_DROP,
13.6024,12,STA,WIFI_DROP,
13.6048,12,STA,WIFI_DROP,
13.6072,12,STA,WIFI_DROP,
13.6096,12,STA,WIFI_DROP,
13.612,12,STA,WIFI_DROP,
13.6144,12,STA,WIFI_DROP,
13.6168,12,STA,WIFI_DROP,
13.6192,12,STA,WIFI_DROP,
13.6216,12,STA,WIFI_DROP,
13.624,12,STA,WIFI_DROP,
13.6264,12,STA,WIFI_DROP,
13.6288,12,STA,WIFI_DROP,
13.6312,12,STA,WIFI_DROP,
13.6336,12,STA,WIFI_DROP,
13.636,12,STA,WIFI_DROP,
13.6384,12,STA,WIFI_DROP,
13.6408,12,STA,WIFI_DROP,
14,2,STA,THROUGHPUT_MBPS,1.536000
14,3,STA,THROUGHPUT_MBPS,2.412000
14,5,STA,THROUGHPUT_MBPS,2.676000
14,6,STA,THROUGHPUT_MBPS,2.664000
14,7,STA,THROUGHPUT_MBPS,0.900000
14,8,STA,THROUGHPUT_MBPS,2.448000
14,11,STA,THROUGHPUT_MBPS,1.332000
14,12,STA,THROUGHPUT_MBPS,1.848000
14,13,STA,THROUGHPUT_MBPS,1.308000
14,14,STA,THROUGHPUT_MBPS,1.584000
14,16,STA,THROUGHPUT_MBPS,2.568000
14,17,STA,THROUGHPUT_MBPS,1.620000
14,18,STA,THROUGHPUT_MBPS,3.156000
14,19,STA,THROUGHPUT_MBPS,2.040000
14,20,STA,THROUGHPUT_MBPS,5.520000
14,21,STA,THROUGHPUT_MBPS,2.376000
14,1,AP,AGGREGATE_THROUGHPUT_MBPS,35.988000
14,1,AP,SENT_COUNT,8340.000000
14,1,AP,RECV_COUNT,2999.000000
14,1,AP,LATENCY_P95_MS,540.291981
14.2,3,STA,WIFI_DROP,
14.2024,3,STA,WIFI_DROP,
14.2048,3,STA,WIFI_DROP,
14.2072,3,STA,WIFI_DROP,
14.2096,3,STA,WIFI_DROP,
14.212,3,STA,WIFI_DROP,
14.2144,3,STA,WIFI_DROP,
14.2168,3,STA,WIFI_DROP,
14.2192,3,STA,WIFI_DROP,
14.2216,3,STA,WIFI_DROP,
14.224,3,STA,WIFI_DROP,
14.2264,3,STA,WIFI_DROP,
14.2288,3,STA,WIFI_DROP,
14.2312,3,STA,WIFI_DROP,
14.2336,3,STA,WIFI_DROP,
14.236,3,STA,WIFI_DROP,
14.2384,3,STA,WIFI_DROP,
14.2408,3,STA,WIFI_DROP,
14.2432,3,STA,WIFI_DROP,
14.2456,3,STA,WIFI_DROP,
14.248,3,STA,WIFI_DROP,
14.2504,3,STA,WIFI_DROP,
14.2528,3,STA,WIFI_DROP,
14.2552,3,STA,WIFI_DROP,
14.2576,3,STA,WIFI_DROP,
14.26,3,STA,WIFI_DROP,
14.2624,3,STA,WIFI_DROP,
14.2648,3,STA,WIFI_DROP,
14.2672,3,STA,WIFI_DROP,
14.2696,3,STA,WIFI_DROP,
14.272,3,STA,WIFI_DROP,
14.2744,3,STA,WIFI_DROP,
14.2768,3,STA,WIFI_DROP,
14.2792,3,STA,WIFI_DROP,
14.2816,3,STA,WIFI_DROP,
14.284,3,STA,WIFI_DROP,
14.2864,3,STA,WIFI_DROP,
14.2888,3,STA,WIFI_DROP,
14.2912,3,STA,WIFI_DROP,
14.2936,3,STA,WIFI_DROP,
14.296,3,STA,WIFI_DROP,
14.2984,3,STA,WIFI_DROP,
14.3008,3,STA,WIFI_DROP,
14.3032,3,STA,WIFI_DROP,
14.3056,3,STA,WIFI_DROP,
14.308,3,STA,WIFI_DROP,
14.3104,3,STA,WIFI_DROP,
14.3128,3,STA,WIFI_DROP,
14.3152,3,STA,WIFI_DROP,
14.3176,3,STA,WIFI_DROP,
14.32,3,STA,WIFI_DROP,
14.3224,3,STA,WIFI_DROP,
14.3248,3,STA,WIFI_DROP,
14.3272,3,STA,WIFI_DROP,
14.3296,3,STA,WIFI_DROP,
14.332,3,STA,WIFI_DROP,
14.3344,3,STA,WIFI_DROP,
14.3368,3,STA,WIFI_DROP,
14.3392,3,STA,WIFI_DROP,
14.3416,3,STA,WIFI_DROP,
14.344,3,STA,WIFI_DROP,
14.3464,3,STA,WIFI_DROP,
14.3488,3,STA,WIFI_DROP,
14.5072,10,STA,WIFI_DROP,
14.5096,10,STA,WIFI_DROP,
14.512,10,STA,WIFI_DROP,
14.5144,10,STA,WIFI_DROP,
14.5168,10,STA,WIFI_DROP,
14.5192,10,STA,WIFI_DROP,
14.5216,10,STA,WIFI_DROP,
14.524,10,STA,WIFI_DROP,
14.5264,10,STA,WIFI_DROP,
14.5288,10,STA,WIFI_DROP,
14.5312,10,STA,WIFI_DROP,
14.5336,10,STA,WIFI_DROP,
14.536,10,STA,WIFI_DROP,
14.5384,10,STA,WIFI_DROP,
14.5408,10,STA,WIFI_DROP,
14.5432,10,STA,WIFI_DROP,
14.5456,10,STA,WIFI_DROP,
14.548,10,STA,WIFI_DROP,
14.5504,10,STA,WIFI_DROP,
14.5528,10,STA,WIFI_DROP,
14.5552,10,STA,WIFI_DROP,
14.5576,10,STA,WIFI_DROP,
14.56,10,STA,WIFI_DROP,
14.5624,10,STA,WIFI_DROP,
14.5648,10,STA,WIFI_DROP,
14.5672,10,STA,WIFI_DROP,
14.5696,10,STA,WIFI_DROP,
14.572,10,STA,WIFI_DROP,
14.5744,10,STA,WIFI_DROP,
14.5768,10,STA,WIFI_DROP,
14.5792,10,STA,WIFI_DROP,
14.5816,10,STA,WIFI_DROP,
14.584,10,STA,WIFI_DROP,
14.5864,10,STA,WIFI_DROP,
14.5888,10,STA,WIFI_DROP,
14.5912,10,STA,WIFI_DROP,
14.5936,10,STA,WIFI_DROP,
14.596,10,STA,WIFI_DROP,
14.5984,10,STA,WIFI_DROP,
14.6008,10,STA,WIFI_DROP,
14.6032,10,STA,WIFI_DROP,
14.6056,10,STA,WIFI_DROP,
14.608,10,STA,WIFI_DROP,
14.6104,10,STA,WIFI_DROP,
14.6128,10,STA,WIFI_DROP,
14.6152,10,STA,WIFI_DROP,
14.6176,10,STA,WIFI_DROP,
14.62,10,STA,WIFI_DROP,
14.6224,10,STA,WIFI_DROP,
14.6248,10,STA,WIFI_DROP,
14.6272,10,STA,WIFI_DROP,
14.6296,10,STA,WIFI_DROP,
14.632,10,STA,WIFI_DROP,
14.6344,10,STA,WIFI_DROP,
14.6368,10,STA,WIFI_DROP,
14.6392,10,STA,WIFI_DROP,
14.6416,10,STA,WIFI_DROP,
14.644,10,STA,WIFI_DROP,
14.6464,10,STA,WIFI_DROP,
14.6488,10,STA,WIFI_DROP,
14.6512,10,STA,WIFI_DROP,
14.6536,10,STA,WIFI_DROP,
14.656,10,STA,WIFI_DROP,
14.6584,10,STA,WIFI_DROP,
14.6608,10,STA,WIFI_DROP,
14.6632,10,STA,WIFI_DROP,
14.6656,10,STA,WIFI_DROP,
14.668,10,STA,WIFI_DROP,
14.6704,10,STA,WIFI_DROP,
14.6728,10,STA,WIFI_DROP,
14.6752,10,STA,WIFI_DROP,
14.6776,10,STA,WIFI_DROP,
14.68,10,STA,WIFI_DROP,
14.6824,10,STA,WIFI_DROP,
14.6848,10,STA,WIFI_DROP,
14.6872,10,STA,WIFI_DROP,
14.6896,10,STA,WIFI_DROP,
14.692,10,STA,WIFI_DROP,
14.6944,10,STA,WIFI_DROP,
14.6968,10,STA,WIFI_DROP,
14.6992,10,STA,WIFI_DROP,
14.7016,10,STA,WIFI_DROP,
14.704,10,STA,WIFI_DROP,
14.7064,10,STA,WIFI_DROP,
14.7088,10,STA,WIFI_DROP,
14.7112,10,STA,WIFI_DROP,
14.7136,10,STA,WIFI_DROP,
14.716,10,STA,WIFI_DROP,
14.7184,10,STA,WIFI_DROP,
14.7208,10,STA,WIFI_DROP,
14.7232,10,STA,WIFI_DROP,
14.7256,10,STA,WIFI_DROP,
14.728,10,STA,WIFI_DROP,
14.7304,10,STA,WIFI_DROP,
14.7328,10,STA,WIFI_DROP,
14.7352,10,STA,WIFI_DROP,
14.7376,10,STA,WIFI_DROP,
14.74,10,STA,WIFI_DROP,
14.7424,10,STA,WIFI_DROP,
14.7448,10,STA,WIFI_DROP,
14.7472,10,STA,WIFI_DROP,
14.7496,10,STA,WIFI_DROP,
14.752,10,STA,WIFI_DROP,
14.7544,10,STA,WIFI_DROP,
14.7568,10,STA,WIFI_DROP,
14.7592,10,STA,WIFI_DROP,
14.7616,10,STA,WIFI_DROP,
14.764,10,STA,WIFI_DROP,
14.7664,10,STA,WIFI_DROP,
14.7688,10,STA,WIFI_DROP,
14.7712,10,STA,WIFI_DROP,
14.7736,10,STA,WIFI_DROP,
14.776,10,STA,WIFI_DROP,
14.7784,10,STA,WIFI_DROP,
14.7808,10,STA,WIFI_DROP,
14.7832,10,STA,WIFI_DROP,
14.7856,10,STA,WIFI_DROP,
14.788,10,STA,WIFI_DROP,
14.7904,10,STA,WIFI_DROP,
14.7928,10,STA,WIFI_DROP,
14.7952,10,STA,WIFI_DROP,
14.7976,10,STA,WIFI_DROP,
14.8,10,STA,WIFI_DROP,
14.8024,10,STA,WIFI_DROP,
14.8048,10,STA,WIFI_DROP,
14.8072,10,STA,WIFI_DROP,
14.8096,10,STA,WIFI_DROP,
14.812,10,STA,WIFI_DROP,
14.8144,10,STA,WIFI_DROP,
14.8168,10,STA,WIFI_DROP,
14.8192,10,STA,WIFI_DROP,
14.8216,10,STA,WIFI_DROP,
14.824,10,STA,WIFI_DROP,
14.8264,10,STA,WIFI_DROP,
14.8288,10,STA,WIFI_DROP,
14.8312,10,STA,WIFI_DROP,
14.8336,10,STA,WIFI_DROP,
14.836,10,STA,WIFI_DROP,
14.8384,10,STA,WIFI_DROP,
14.8408,10,STA,WIFI_DROP,
14.8432,10,STA,WIFI_DROP,
14.8456,10,STA,WIFI_DROP,
14.848,10,STA,WIFI_DROP,
14.8504,10,STA,WIFI_DROP,
14.8528,10,STA,WIFI_DROP,
14.8552,10,STA,WIFI_DROP,
14.8576,10,STA,WIFI_DROP,
14.86,10,STA,WIFI_DROP,
14.8624,10,STA,WIFI_DROP,
14.8648,10,STA,WIFI_DROP,
14.8672,10,STA,WIFI_DROP,
14.8696,10,STA,WIFI_DROP,
14.872,10,STA,WIFI_DROP,
14.8744,10,STA,WIFI_DROP,
14.8768,10,STA,WIFI_DROP,
14.8792,10,STA,WIFI_DROP,
14.8816,10,STA,WIFI_DROP,
14.884,10,STA,WIFI_DROP,
14.8864,10,STA,WIFI_DROP,
14.8888,10,STA,WIFI_DROP,
14.8912,10,STA,WIFI_DROP,
14.8936,10,STA,WIFI_DROP,
14.896,10,STA,WIFI_DROP,
14.8984,10,STA,WIFI_DROP,
14.9008,10,STA,WIFI_DROP,
14.9032,10,STA,WIFI_DROP,
14.9056,10,STA,WIFI_DROP,
14.908,10,STA,WIFI_DROP,
14.9104,10,STA,WIFI_DROP,
14.9128,10,STA,WIFI_DROP,
14.9152,10,STA,WIFI_DROP,
14.9176,10,STA,WIFI_DROP,
14.92,10,STA,WIFI_DROP,
14.9224,10,STA,WIFI_DROP,
14.9248,10,STA,WIFI_DROP,
14.9272,10,STA,WIFI_DROP,
14.9296,10,STA,WIFI_DROP,
14.932,10,STA,WIFI_DROP,
14.9344,10,STA,WIFI_DROP,
14.9368,10,STA,WIFI_DROP,
14.9392,10,STA,WIFI_DROP,
14.9416,10,STA,WIFI_DROP,
14.944,10,STA,WIFI_DROP,
14.9464,10,STA,WIFI_DROP,
14.9488,10,STA,WIFI_DROP,
14.9512,10,STA,WIFI_DROP,
14.9536,10,STA,WIFI_DROP,
14.956,10,STA,WIFI_DROP,
14.9584,10,STA,WIFI_DROP,
14.9608,10,STA,WIFI_DROP,
14.9632,10,STA,WIFI_DROP,
14.9656,10,STA,WIFI_DROP,
14.968,10,STA,WIFI_DROP,
14.9704,10,STA,WIFI_DROP,
14.9728,10,STA,WIFI_DROP,
14.9752,10,STA,WIFI_DROP,
14.9776,10,STA,WIFI_DROP,
14.98,10,STA,WIFI_DROP,
14.9824,10,STA,WIFI_DROP,
14.9848,10,STA,WIFI_DROP,
14.9872,10,STA,WIFI_DROP,
14.9896,10,STA,WIFI_DROP,
14.992,10,STA,WIFI_DROP,
14.9944,10,STA,WIFI_DROP,
14.9968,10,STA,WIFI_DROP,
14.9992,10,STA,WIFI_DROP,
15,2,STA,THROUGHPUT_MBPS,0.612000
15,3,STA,THROUGHPUT_MBPS,2.604000
15,5,STA,THROUGHPUT_MBPS,1.920000
15,6,STA,THROUGHPUT_MBPS,3.096000
15,7,STA,THROUGHPUT_MBPS,3.144000
15,8,STA,THROUGHPUT_MBPS,4.176000
15,11,STA,THROUGHPUT_MBPS,2.580000
15,12,STA,THROUGHPUT_MBPS,1.476000
15,13,STA,THROUGHPUT_MBPS,2.328000
15,14,STA,THROUGHPUT_MBPS,3.108000
15,16,STA,THROUGHPUT_MBPS,1.824000
15,17,STA,THROUGHPUT_MBPS,1.476000
15,18,STA,THROUGHPUT_MBPS,2.664000
15,19,STA,THROUGHPUT_MBPS,2.952000
15,20,STA,THROUGHPUT_MBPS,3.396000
15,21,STA,THROUGHPUT_MBPS,1.980000
15,1,AP,AGGREGATE_THROUGHPUT_MBPS,39.336000
15,1,AP,SENT_COUNT,8340.000000
15,1,AP,RECV_COUNT,3278.000000
15,1,AP,LATENCY_P95_MS,537.117882
15.0016,10,STA,WIFI_DROP,
15.004,10,STA,WIFI_DROP,
15.0064,10,STA,WIFI_DROP,
15.0088,10,STA,WIFI_DROP,
15.0112,10,STA,WIFI_DROP,
15.0136,10,STA,WIFI_DROP,
15.016,10,STA,WIFI_DROP,
15.0184,10,STA,WIFI_DROP,
15.0208,10,STA,WIFI_DROP,
15.0232,9,STA,WIFI_DROP,
15.0232,10,STA,WIFI_DROP,
15.0232,15,STA,WIFI_DROP,
15.0256,9,STA,WIFI_DROP,
15.0256,10,STA,WIFI_DROP,
15.0256,15,STA,WIFI_DROP,
15.028,9,STA,WIFI_DROP,
15.028,10,STA,WIFI_DROP,
15.028,15,STA,WIFI_DROP,
15.0304,9,STA,WIFI_DROP,
15.0304,10,STA,WIFI_DROP,
15.0304,15,STA,WIFI_DROP,
15.0328,9,STA,WIFI_DROP,
15.0328,10,STA,WIFI_DROP,
15.0328,15,STA,WIFI_DROP,
15.0352,9,STA,WIFI_DROP,
15.0352,10,STA,WIFI_DROP,
15.0352,15,STA,WIFI_DROP,
15.0376,9,STA,WIFI_DROP,
15.0376,10,STA,WIFI_DROP,
15.0376,15,STA,WIFI_DROP,
15.04,9,STA,WIFI_DROP,
15.04,10,STA,WIFI_DROP,
15.04,15,STA,WIFI_DROP,
15.0424,9,STA,WIFI_DROP,
15.0424,10,STA,WIFI_DROP,
15.0424,15,STA,WIFI_DROP,
15.0448,9,STA,WIFI_DROP,
15.0448,10,STA,WIFI_DROP,
15.0448,15,STA,WIFI_DROP,
15.0472,9,STA,WIFI_DROP,
15.0472,10,STA,WIFI_DROP,
15.0472,15,STA,WIFI_DROP,
15.0496,9,STA,WIFI_DROP,
15.0496,10,STA,WIFI_DROP,
15.0496,15,STA,WIFI_DROP,
15.052,9,STA,WIFI_DROP,
15.052,10,STA,WIFI_DROP,
15.052,15,STA,WIFI_DROP,
15.0544,9,STA,WIFI_DROP,
15.0544,10,STA,WIFI_DROP,
15.0544,15,STA,WIFI_DROP,
15.0568,9,STA,WIFI_DROP,
15.0568,10,STA,WIFI_DROP,
15.0568,15,STA,WIFI_DROP,
15.0592,9,STA,WIFI_DROP,
15.0592,10,STA,WIFI_DROP,
15.0592,15,STA,WIFI_DROP,
15.0616,9,STA,WIFI_DROP,
15.0616,10,STA,WIFI_DROP,
15.0616,15,STA,WIFI_DROP,
15.064,9,STA,WIFI_DROP,
15.064,10,STA,WIFI_DROP,
15.064,15,STA,WIFI_DROP,
15.0664,9,STA,WIFI_DROP,
15.0664,10,STA,WIFI_DROP,
15.0664,15,STA,WIFI_DROP,
15.0688,9,STA,WIFI_DROP,
15.0688,10,STA,WIFI_DROP,
15.0688,15,STA,WIFI_DROP,
15.0712,9,STA,WIFI_DROP,
15.0712,10,STA,WIFI_DROP,
15.0712,15,STA,WIFI_DROP,
15.0736,9,STA,WIFI_DROP,
15.0736,10,STA,WIFI_DROP,
15.0736,15,STA,WIFI_DROP,
15.076,10,STA,WIFI_DROP,
15.076,15,STA,WIFI_DROP,
15.0784,10,STA,WIFI_DROP,
15.0784,15,STA,WIFI_DROP,
15.0808,10,STA,WIFI_DROP,
15.0808,15,STA,WIFI_DROP,
15.0832,10,STA,WIFI_DROP,
15.0832,15,STA,WIFI_DROP,
15.0856,10,STA,WIFI_DROP,
15.0856,15,STA,WIFI_DROP,
15.088,10,STA,WIFI_DROP,
15.088,15,STA,WIFI_DROP,
15.0904,10,STA,WIFI_DROP,
15.0904,15,STA,WIFI_DROP,
15.0928,10,STA,WIFI_DROP,
15.0928,15,STA,WIFI_DROP,
15.0952,10,STA,WIFI_DROP,
15.0952,15,STA,WIFI_DROP,
15.0976,10,STA,WIFI_DROP,
15.0976,15,STA,WIFI_DROP,
15.1,10,STA,WIFI_DROP,
15.1,15,STA,WIFI_DROP,
15.1024,10,STA,WIFI_DROP,
15.1024,15,STA,WIFI_DROP,
15.1048,10,STA,WIFI_DROP,
15.1048,15,STA,WIFI_DROP,
15.1072,10,STA,WIFI_DROP,
15.1072,15,STA,WIFI_DROP,
15.1096,10,STA,WIFI_DROP,
15.1096,15,STA,WIFI_DROP,
15.112,10,STA,WIFI_DROP,
15.112,15,STA,WIFI_DROP,
15.1144,10,STA,WIFI_DROP,
15.1144,15,STA,WIFI_DROP,
15.1168,10,STA,WIFI_DROP,
15.1168,15,STA,WIFI_DROP,
15.1192,10,STA,WIFI_DROP,
15.1192,15,STA,WIFI_DROP,
15.1216,10,STA,WIFI_DROP,
15.1216,15,STA,WIFI_DROP,
15.124,10,STA,WIFI_DROP,
15.124,15,STA,WIFI_DROP,
15.1264,10,STA,WIFI_DROP,
15.1288,10,STA,WIFI_DROP,
15.1312,10,STA,WIFI_DROP,
15.1336,10,STA,WIFI_DROP,
15.136,10,STA,WIFI_DROP,
15.1384,10,STA,WIFI_DROP,
15.1408,10,STA,WIFI_DROP,
15.1432,10,STA,WIFI_DROP,
15.1456,10,STA,WIFI_DROP,
15.148,10,STA,WIFI_DROP,
15.1504,10,STA,WIFI_DROP,
15.1528,10,STA,WIFI_DROP,
15.1552,10,STA,WIFI_DROP,
15.1576,10,STA,WIFI_DROP,
15.16,10,STA,WIFI_DROP,
15.1624,10,STA,WIFI_DROP,
15.1648,10,STA,WIFI_DROP,
15.1672,10,STA,WIFI_DROP,
15.1696,10,STA,WIFI_DROP,
15.172,10,STA,WIFI_DROP,
15.1744,10,STA,WIFI_DROP,
15.1768,10,STA,WIFI_DROP,
15.1792,10,STA,WIFI_DROP,
15.1816,10,STA,WIFI_DROP,
15.184,10,STA,WIFI_DROP,
15.1864,10,STA,WIFI_DROP,
15.1888,10,STA,WIFI_DROP,
15.1912,10,STA,WIFI_DROP,
15.1936,10,STA,WIFI_DROP,
15.196,10,STA,WIFI_DROP,
15.1984,10,STA,WIFI_DROP,
15.2008,10,STA,WIFI_DROP,
15.2032,10,STA,WIFI_DROP,
15.2056,10,STA,WIFI_DROP,
15.208,10,STA,WIFI_DROP,
15.2104,10,STA,WIFI_DROP,
15.2128,10,STA,WIFI_DROP,
15.2152,10,STA,WIFI_DROP,
15.2176,10,STA,WIFI_DROP,
15.22,10,STA,WIFI_DROP,
15.2224,10,STA,WIFI_DROP,
15.2248,10,STA,WIFI_DROP,
15.2272,10,STA,WIFI_DROP,
15.2296,10,STA,WIFI_DROP,
15.232,10,STA,WIFI_DROP,
15.2344,10,STA,WIFI_DROP,
15.2368,10,STA,WIFI_DROP,
15.2392,10,STA,WIFI_DROP,
15.2416,10,STA,WIFI_DROP,
15.244,10,STA,WIFI_DROP,
15.2464,10,STA,WIFI_DROP,
15.2488,10,STA,WIFI_DROP,
15.2512,10,STA,WIFI_DROP,
15.2536,10,STA,WIFI_DROP,
15.256,10,STA,WIFI_DROP,
15.2584,10,STA,WIFI_DROP,
15.2608,10,STA,WIFI_DROP,
15.2632,10,STA,WIFI_DROP,
15.2656,10,STA,WIFI_DROP,
15.268,10,STA,WIFI_DROP,
15.2704,10,STA,WIFI_DROP,
15.2728,10,STA,WIFI_DROP,
15.2752,10,STA,WIFI_DROP,
15.2776,10,STA,WIFI_DROP,
15.28,10,STA,WIFI_DROP,
15.2824,10,STA,WIFI_DROP,
15.2848,10,STA,WIFI_DROP,
15.2872,10,STA,WIFI_DROP,
15.2896,10,STA,WIFI_DROP,
15.292,10,STA,WIFI_DROP,
15.2944,10,STA,WIFI_DROP,
15.2968,10,STA,WIFI_DROP,
15.2992,10,STA,WIFI_DROP,
15.3016,10,STA,WIFI_DROP,
15.304,10,STA,WIFI_DROP,
15.3064,10,STA,WIFI_DROP,
15.3088,10,STA,WIFI_DROP,
15.3112,10,STA,WIFI_DROP,
15.3136,10,STA,WIFI_DROP,
15.316,10,STA,WIFI_DROP,
15.3184,10,STA,WIFI_DROP,
15.3208,10,STA,WIFI_DROP,
15.3232,10,STA,WIFI_DROP,
15.3256,10,STA,WIFI_DROP,
15.328,10,STA,WIFI_DROP,
15.3304,10,STA,WIFI_DROP,
15.3328,10,STA,WIFI_DROP,
15.3352,10,STA,WIFI_DROP,
15.3376,10,STA,WIFI_DROP,
15.34,10,STA,WIFI_DROP,
15.3424,10,STA,WIFI_DROP,
15.3448,10,STA,WIFI_DROP,
15.3472,10,STA,WIFI_DROP,
15.3496,10,STA,WIFI_DROP,
15.352,10,STA,WIFI_DROP,
15.3544,10,STA,WIFI_DROP,
15.3568,10,STA,WIFI_DROP,
15.3592,10,STA,WIFI_DROP,
15.3616,10,STA,WIFI_DROP,
15.364,10,STA,WIFI_DROP,
15.3664,10,STA,WIFI_DROP,
15.3688,10,STA,WIFI_DROP,
15.3712,10,STA,WIFI_DROP,
15.3736,10,STA,WIFI_DROP,
15.376,10,STA,WIFI_DROP,
15.3784,10,STA,WIFI_DROP,
15.3808,10,STA,WIFI_DROP,
15.3832,10,STA,WIFI_DROP,
15.3856,10,STA,WIFI_DROP,
15.388,10,STA,WIFI_DROP,
15.3904,10,STA,WIFI_DROP,
15.3928,10,STA,WIFI_DROP,
15.3952,10,STA,WIFI_DROP,
15.3976,10,STA,WIFI_DROP,
15.4,10,STA,WIFI_DROP,
15.4024,10,STA,WIFI_DROP,
15.4048,10,STA,WIFI_DROP,
15.4072,10,STA,WIFI_DROP,
15.4096,10,STA,WIFI_DROP,
15.412,10,STA,WIFI_DROP,
15.4144,10,STA,WIFI_DROP,
15.4168,10,STA,WIFI_DROP,
15.4192,10,STA,WIFI_DROP,
15.4216,10,STA,WIFI_DROP,
15.424,10,STA,WIFI_DROP,
15.4264,10,STA,WIFI_DROP,
15.4288,10,STA,WIFI_DROP,
15.4288,19,STA,WIFI_DROP,
15.4312,10,STA,WIFI_DROP,
15.4312,19,STA,WIFI_DROP,
15.4336,10,STA,WIFI_DROP,
15.4336,19,STA,WIFI_DROP,
15.436,10,STA,WIFI_DROP,
15.436,19,STA,WIFI_DROP,
15.4384,10,STA,WIFI_DROP,
15.4384,19,STA,WIFI_DROP,
15.4408,10,STA,WIFI_DROP,
15.4408,19,STA,WIFI_DROP,
15.4432,10,STA,WIFI_DROP,
15.4432,19,STA,WIFI_DROP,
15.4456,10,STA,WIFI_DROP,
15.4456,19,STA,WIFI_DROP,
15.448,10,STA,WIFI_DROP,
15.448,19,STA,WIFI_DROP,
15.4504,10,STA,WIFI_DROP,
15.4504,19,STA,WIFI_DROP,
15.4528,10,STA,WIFI_DROP,
15.4528,19,STA,WIFI_DROP,
15.4552,10,STA,WIFI_DROP,
15.4552,19,STA,WIFI_DROP,
15.4576,10,STA,WIFI_DROP,
15.4576,19,STA,WIFI_DROP,
15.46,10,STA,WIFI_DROP,
15.46,19,STA,WIFI_DROP,
15.4624,10,STA,WIFI_DROP,
15.4624,19,STA,WIFI_DROP,
15.4648,10,STA,WIFI_DROP,
15.4648,19,STA,WIFI_DROP,
15.4672,10,STA,WIFI_DROP,
15.4672,19,STA,WIFI_DROP,
15.4696,10,STA,WIFI_DROP,
15.4696,19,STA,WIFI_DROP,
15.472,10,STA,WIFI_DROP,
15.472,19,STA,WIFI_DROP,
15.4744,10,STA,WIFI_DROP,
15.4744,19,STA,WIFI_DROP,
15.4768,10,STA,WIFI_DROP,
15.4768,19,STA,WIFI_DROP,
15.4792,10,STA,WIFI_DROP,
15.4792,19,STA,WIFI_DROP,
15.4816,10,STA,WIFI_DROP,
15.4816,19,STA,WIFI_DROP,
15.484,10,STA,WIFI_DROP,
15.484,19,STA,WIFI_DROP,
15.4864,10,STA,WIFI_DROP,
15.4864,19,STA,WIFI_DROP,
15.4888,10,STA,WIFI_DROP,
15.4888,19,STA,WIFI_DROP,
15.4912,10,STA,WIFI_DROP,
15.4912,19,STA,WIFI_DROP,
15.4936,10,STA,WIFI_DROP,
15.4936,19,STA,WIFI_DROP,
15.496,10,STA,WIFI_DROP,
15.496,19,STA,WIFI_DROP,
15.4984,10,STA,WIFI_DROP,
15.4984,19,STA,WIFI_DROP,
15.5008,10,STA,WIFI_DROP,
15.5008,19,STA,WIFI_DROP,
15.5032,10,STA,WIFI_DROP,
15.5032,19,STA,WIFI_DROP,
15.5056,10,STA,WIFI_DROP,
15.5056,19,STA,WIFI_DROP,
15.508,10,STA,WIFI_DROP,
15.508,19,STA,WIFI_DROP,
15.5104,10,STA,WIFI_DROP,
15.5104,19,STA,WIFI_DROP,
15.5128,10,STA,WIFI_DROP,
15.5128,19,STA,WIFI_DROP,
15.5152,10,STA,WIFI_DROP,
15.5152,19,STA,WIFI_DROP,
15.5176,10,STA,WIFI_DROP,
15.5176,19,STA,WIFI_DROP,
15.52,10,STA,WIFI_DROP,
15.52,19,STA,WIFI_DROP,
15.5224,10,STA,WIFI_DROP,
15.5224,19,STA,WIFI_DROP,
15.5248,10,STA,WIFI_DROP,
15.5248,19,STA,WIFI_DROP,
15.5272,10,STA,WIFI_DROP,
15.5272,19,STA,WIFI_DROP,
15.5296,10,STA,WIFI_DROP,
15.5296,19,STA,WIFI_DROP,
15.532,5,STA,WIFI_DROP,
15.532,10,STA,WIFI_DROP,
15.532,19,STA,WIFI_DROP,
15.5344,5,STA,WIFI_DROP,
15.5344,10,STA,WIFI_DROP,
15.5344,19,STA,WIFI_DROP,
15.5368,5,STA,WIFI_DROP,
15.5368,10,STA,WIFI_DROP,
15.5368,19,STA,WIFI_DROP,
15.5392,5,STA,WIFI_DROP,
15.5392,10,STA,WIFI_DROP,
15.5392,19,STA,WIFI_DROP,
15.5416,5,STA,WIFI_DROP,
15.5416,10,STA,WIFI_DROP,
15.5416,19,STA,WIFI_DROP,
15.544,5,STA,WIFI_DROP,
15.544,10,STA,WIFI_DROP,
15.544,19,STA,WIFI_DROP,
15.5464,5,STA,WIFI_DROP,
15.5464,10,STA,WIFI_DROP,
15.5464,19,STA,WIFI_DROP,
15.5488,5,STA,WIFI_DROP,
15.5488,10,STA,WIFI_DROP,
15.5488,19,STA,WIFI_DROP,
15.5512,5,STA,WIFI_DROP,
15.5512,10,STA,WIFI_DROP,
15.5512,19,STA,WIFI_DROP,
15.5536,5,STA,WIFI_DROP,
15.5536,10,STA,WIFI_DROP,
15.5536,19,STA,WIFI_DROP,
15.556,5,STA,WIFI_DROP,
15.556,10,STA,WIFI_DROP,
15.556,19,STA,WIFI_DROP,
15.5584,5,STA,WIFI_DROP,
15.5584,10,STA,WIFI_DROP,
15.5584,19,STA,WIFI_DROP,
15.5608,5,STA,WIFI_DROP,
15.5608,19,STA,WIFI_DROP,
15.5632,5,STA,WIFI_DROP,
15.5632,19,STA,WIFI_DROP,
15.5656,5,STA,WIFI_DROP,
15.5656,19,STA,WIFI_DROP,
15.568,5,STA,WIFI_DROP,
15.568,19,STA,WIFI_DROP,
15.5704,5,STA,WIFI_DROP,
15.5704,19,STA,WIFI_DROP,
15.5728,5,STA,WIFI_DROP,
15.5728,19,STA,WIFI_DROP,
15.5752,5,STA,WIFI_DROP,
15.5752,19,STA,WIFI_DROP,
15.5776,5,STA,WIFI_DROP,
15.5776,19,STA,WIFI_DROP,
15.58,5,STA,WIFI_DROP,
15.5824,5,STA,WIFI_DROP,
15.5824,10,STA,WIFI_DROP,
15.5848,5,STA,WIFI_DROP,
15.5848,10,STA,WIFI_DROP,
15.5872,5,STA,WIFI_DROP,
15.5872,10,STA,WIFI_DROP,
15.5896,5,STA,WIFI_DROP,
15.5896,10,STA,WIFI_DROP,
15.592,5,STA,WIFI_DROP,
15.592,10,STA,WIFI_DROP,
15.5944,5,STA,WIFI_DROP,
15.5944,10,STA,WIFI_DROP,
15.5968,5,STA,WIFI_DROP,
15.5968,10,STA,WIFI_DROP,
15.5992,5,STA,WIFI_DROP,
15.5992,10,STA,WIFI_DROP,
15.6016,5,STA,WIFI_DROP,
15.6016,10,STA,WIFI_DROP,
15.604,5,STA,WIFI_DROP,
15.604,10,STA,WIFI_DROP,
15.6064,5,STA,WIFI_DROP,
15.6064,10,STA,WIFI_DROP,
15.6088,5,STA,WIFI_DROP,
15.6088,10,STA,WIFI_DROP,
15.6112,5,STA,WIFI_DROP,
15.6112,10,STA,WIFI_DROP,
15.6136,5,STA,WIFI_DROP,
15.6136,10,STA,WIFI_DROP,
15.616,5,STA,WIFI_DROP,
15.616,10,STA,WIFI_DROP,
15.6184,5,STA,WIFI_DROP,
15.6184,10,STA,WIFI_DROP,
15.6208,5,STA,WIFI_DROP,
15.6208,10,STA,WIFI_DROP,
15.6232,5,STA,WIFI_DROP,
15.6232,10,STA,WIFI_DROP,
15.6256,5,STA,WIFI_DROP,
15.6256,10,STA,WIFI_DROP,
15.628,5,STA,WIFI_DROP,
15.628,10,STA,WIFI_DROP,
15.6304,5,STA,WIFI_DROP,
15.6304,10,STA,WIFI_DROP,
15.6328,5,STA,WIFI_DROP,
15.6328,10,STA,WIFI_DROP,
15.6352,5,STA,WIFI_DROP,
15.6352,10,STA,WIFI_DROP,
15.6376,5,STA,WIFI_DROP,
15.6376,10,STA,WIFI_DROP,
15.64,5,STA,WIFI_DROP,
15.64,10,STA,WIFI_DROP,
15.6424,5,STA,WIFI_DROP,
15.6424,10,STA,WIFI_DROP,
15.6448,5,STA,WIFI_DROP,
15.6448,10,STA,WIFI_DROP,
15.6472,5,STA,WIFI_DROP,
15.6472,10,STA,WIFI_DROP,
15.6496,5,STA,WIFI_DROP,
15.6496,10,STA,WIFI_DROP,
15.652,5,STA,WIFI_DROP,
15.652,10,STA,WIFI_DROP,
15.6544,5,STA,WIFI_DROP,
15.6544,10,STA,WIFI_DROP,
15.6568,5,STA,WIFI_DROP,
15.6568,10,STA,WIFI_DROP,
15.6592,5,STA,WIFI_DROP,
15.6592,10,STA,WIFI_DROP,
15.6616,5,STA,WIFI_DROP,
15.6616,10,STA,WIFI_DROP,
15.664,5,STA,WIFI_DROP,
15.664,10,STA,WIFI_DROP,
15.6664,5,STA,WIFI_DROP,
15.6664,10,STA,WIFI_DROP,
15.6688,5,STA,WIFI_DROP,
15.6688,10,STA,WIFI_DROP,
15.6712,5,STA,WIFI_DROP,
15.6712,10,STA,WIFI_DROP,
15.6736,5,STA,WIFI_DROP,
15.6736,10,STA,WIFI_DROP,
15.676,5,STA,WIFI_DROP,
15.676,10,STA,WIFI_DROP,
15.6784,5,STA,WIFI_DROP,
15.6784,10,STA,WIFI_DROP,
15.6808,5,STA,WIFI_DROP,
15.6808,10,STA,WIFI_DROP,
15.6832,5,STA,WIFI_DROP,
15.6832,10,STA,WIFI_DROP,
15.6856,5,STA,WIFI_DROP,
15.6856,10,STA,WIFI_DROP,
15.688,5,STA,WIFI_DROP,
15.688,10,STA,WIFI_DROP,
15.6904,5,STA,WIFI_DROP,
15.6904,10,STA,WIFI_DROP,
15.6928,5,STA,WIFI_DROP,
15.6928,10,STA,WIFI_DROP,
15.6952,5,STA,WIFI_DROP,
15.6952,10,STA,WIFI_DROP,
15.6976,5,STA,WIFI_DROP,
15.6976,10,STA,WIFI_DROP,
15.7,5,STA,WIFI_DROP,
15.7,10,STA,WIFI_DROP,
15.7024,5,STA,WIFI_DROP,
15.7024,10,STA,WIFI_DROP,
15.7048,5,STA,WIFI_DROP,
15.7048,10,STA,WIFI_DROP,
15.7072,5,STA,WIFI_DROP,
15.7072,10,STA,WIFI_DROP,
15.7096,5,STA,WIFI_DROP,
15.7096,10,STA,WIFI_DROP,
15.712,5,STA,WIFI_DROP,
15.712,10,STA,WIFI_DROP,
15.7144,5,STA,WIFI_DROP,
15.7144,10,STA,WIFI_DROP,
15.7168,5,STA,WIFI_DROP,
15.7168,10,STA,WIFI_DROP,
15.7192,5,STA,WIFI_DROP,
15.7192,10,STA,WIFI_DROP,
15.7216,5,STA,WIFI_DROP,
15.7216,10,STA,WIFI_DROP,
15.724,5,STA,WIFI_DROP,
15.724,10,STA,WIFI_DROP,
15.7264,5,STA,WIFI_DROP,
15.7264,10,STA,WIFI_DROP,
15.7288,5,STA,WIFI_DROP,
15.7288,10,STA,WIFI_DROP,
15.7312,5,STA,WIFI_DROP,
15.7312,10,STA,WIFI_DROP,
15.7336,5,STA,WIFI_DROP,
15.7336,10,STA,WIFI_DROP,
15.736,5,STA,WIFI_DROP,
15.736,10,STA,WIFI_DROP,
15.7384,5,STA,WIFI_DROP,
15.7384,10,STA,WIFI_DROP,
15.7408,5,STA,WIFI_DROP,
15.7408,10,STA,WIFI_DROP,
15.7432,5,STA,WIFI_DROP,
15.7432,10,STA,WIFI_DROP,
15.7456,5,STA,WIFI_DROP,
15.7456,10,STA,WIFI_DROP,
15.748,5,STA,WIFI_DROP,
15.748,10,STA,WIFI_DROP,
15.7504,5,STA,WIFI_DROP,
15.7504,10,STA,WIFI_DROP,
15.7528,5,STA,WIFI_DROP,
15.7528,10,STA,WIFI_DROP,
15.7552,5,STA,WIFI_DROP,
15.7552,10,STA,WIFI_DROP,
15.7576,5,STA,WIFI_DROP,
15.7576,10,STA,WIFI_DROP,
15.76,5,STA,WIFI_DROP,
15.76,10,STA,WIFI_DROP,
15.7624,5,STA,WIFI_DROP,
15.7624,10,STA,WIFI_DROP,
15.7648,5,STA,WIFI_DROP,
15.7648,10,STA,WIFI_DROP,
15.7672,5,STA,WIFI_DROP,
15.7672,10,STA,WIFI_DROP,
15.7696,5,STA,WIFI_DROP,
15.7696,10,STA,WIFI_DROP,
15.772,5,STA,WIFI_DROP,
15.772,10,STA,WIFI_DROP,
15.7744,5,STA,WIFI_DROP,
15.7744,10,STA,WIFI_DROP,
15.7768,5,STA,WIFI_DROP,
15.7768,10,STA,WIFI_DROP,
15.7792,5,STA,WIFI_DROP,
15.7792,10,STA,WIFI_DROP,
15.7816,5,STA,WIFI_DROP,
15.7816,10,STA,WIFI_DROP,
15.784,5,STA,WIFI_DROP,
15.784,10,STA,WIFI_DROP,
15.7864,5,STA,WIFI_DROP,
15.7864,10,STA,WIFI_DROP,
15.7888,5,STA,WIFI_DROP,
15.7888,10,STA,WIFI_DROP,
15.7912,5,STA,WIFI_DROP,
15.7912,10,STA,WIFI_DROP,
15.7936,5,STA,WIFI_DROP,
15.7936,10,STA,WIFI_DROP,
15.796,5,STA,WIFI_DROP,
15.796,10,STA,WIFI_DROP,
15.7984,5,STA,WIFI_DROP,
15.7984,10,STA,WIFI_DROP,
15.8008,5,STA,WIFI_DROP,
15.8008,10,STA,WIFI_DROP,
15.8032,5,STA,WIFI_DROP,
15.8032,10,STA,WIFI_DROP,
15.8056,5,STA,WIFI_DROP,
15.8056,10,STA,WIFI_DROP,
15.808,5,STA,WIFI_DROP,
15.808,10,STA,WIFI_DROP,
15.8104,5,STA,WIFI_DROP,
15.8104,10,STA,WIFI_DROP,
15.8128,5,STA,WIFI_DROP,
15.8128,10,STA,WIFI_DROP,
15.8152,5,STA,WIFI_DROP,
15.8152,10,STA,WIFI_DROP,
15.8176,5,STA,WIFI_DROP,
15.8176,10,STA,WIFI_DROP,
15.82,5,STA,WIFI_DROP,
15.82,10,STA,WIFI_DROP,
15.8224,5,STA,WIFI_DROP,
15.8224,10,STA,WIFI_DROP,
15.8248,5,STA,WIFI_DROP,
15.8248,10,STA,WIFI_DROP,
15.8272,5,STA,WIFI_DROP,
15.8272,10,STA,WIFI_DROP,
15.8296,5,STA,WIFI_DROP,
15.8296,10,STA,WIFI_DROP,
15.832,5,STA,WIFI_DROP,
15.832,10,STA,WIFI_DROP,
15.8344,5,STA,WIFI_DROP,
15.8344,10,STA,WIFI_DROP,
15.8368,4,STA,WIFI_DROP,
15.8368,5,STA,WIFI_DROP,
15.8368,10,STA,WIFI_DROP,
15.8392,4,STA,WIFI_DROP,
15.8392,5,STA,WIFI_DROP,
15.8392,10,STA,WIFI_DROP,
15.8416,4,STA,WIFI_DROP,
15.8416,5,STA,WIFI_DROP,
15.8416,10,STA,WIFI_DROP,
15.844,4,STA,WIFI_DROP,
15.844,5,STA,WIFI_DROP,
15.844,10,STA,WIFI_DROP,
15.8464,4,STA,WIFI_DROP,
15.8464,5,STA,WIFI_DROP,
15.8464,10,STA,WIFI_DROP,
15.8488,4,STA,WIFI_DROP,
15.8488,5,STA,WIFI_DROP,
15.8488,10,STA,WIFI_DROP,
15.8512,4,STA,WIFI_DROP,
15.8512,5,STA,WIFI_DROP,
15.8512,10,STA,WIFI_DROP,
15.8536,4,STA,WIFI_DROP,
15.8536,5,STA,WIFI_DROP,
15.8536,10,STA,WIFI_DROP,
15.856,4,STA,WIFI_DROP,
15.856,5,STA,WIFI_DROP,
15.856,10,STA,WIFI_DROP,
15.8584,4,STA,WIFI_DROP,
15.8584,5,STA,WIFI_DROP,
15.8584,10,STA,WIFI_DROP,
15.8608,4,STA,WIFI_DROP,
15.8608,5,STA,WIFI_DROP,
15.8608,10,STA,WIFI_DROP,
15.8632,4,STA,WIFI_DROP,
15.8632,5,STA,WIFI_DROP,
15.8632,10,STA,WIFI_DROP,
15.8656,4,STA,WIFI_DROP,
15.8656,5,STA,WIFI_DROP,
15.8656,10,STA,WIFI_DROP,
15.868,4,STA,WIFI_DROP,
15.868,5,STA,WIFI_DROP,
15.868,10,STA,WIFI_DROP,
15.8704,4,STA,WIFI_DROP,
15.8704,5,STA,WIFI_DROP,
15.8704,10,STA,WIFI_DROP,
15.8728,4,STA,WIFI_DROP,
15.8728,5,STA,WIFI_DROP,
15.8728,10,STA,WIFI_DROP,
15.8752,4,STA,WIFI_DROP,
15.8752,5,STA,WIFI_DROP,
15.8752,10,STA,WIFI_DROP,
15.8776,4,STA,WIFI_DROP,
15.8776,5,STA,WIFI_DROP,
15.8776,10,STA,WIFI_DROP,
15.88,4,STA,WIFI_DROP,
15.88,5,STA,WIFI_DROP,
15.88,10,STA,WIFI_DROP,
15.8824,4,STA,WIFI_DROP,
15.8824,5,STA,WIFI_DROP,
15.8824,10,STA,WIFI_DROP,
15.8848,4,STA,WIFI_DROP,
15.8848,5,STA,WIFI_DROP,
15.8848,10,STA,WIFI_DROP,
15.8872,4,STA,WIFI_DROP,
15.8872,5,STA,WIFI_DROP,
15.8872,10,STA,WIFI_DROP,
15.8896,5,STA,WIFI_DROP,
15.8896,10,STA,WIFI_DROP,
15.892,5,STA,WIFI_DROP,
15.892,10,STA,WIFI_DROP,
15.8944,5,STA,WIFI_DROP,
15.8944,10,STA,WIFI_DROP,
15.8968,5,STA,WIFI_DROP,
15.8968,10,STA,WIFI_DROP,
15.8992,5,STA,WIFI_DROP,
15.8992,10,STA,WIFI_DROP,
15.9016,5,STA,WIFI_DROP,
15.9016,10,STA,WIFI_DROP,
15.904,5,STA,WIFI_DROP,
15.904,10,STA,WIFI_DROP,
15.9064,5,STA,WIFI_DROP,
15.9064,10,STA,WIFI_DROP,
15.9088,5,STA,WIFI_DROP,
15.9088,10,STA,WIFI_DROP,
15.9112,5,STA,WIFI_DROP,
15.9112,10,STA,WIFI_DROP,
15.9136,5,STA,WIFI_DROP,
15.9136,10,STA,WIFI_DROP,
15.916,5,STA,WIFI_DROP,
15.916,10,STA,WIFI_DROP,
15.9184,5,STA,WIFI_DROP,
15.9184,10,STA,WIFI_DROP,
15.9208,5,STA,WIFI_DROP,
15.9208,10,STA,WIFI_DROP,
15.9232,5,STA,WIFI_DROP,
15.9232,10,STA,WIFI_DROP,
15.9256,5,STA,WIFI_DROP,
15.9256,10,STA,WIFI_DROP,
15.928,5,STA,WIFI_DROP,
15.928,10,STA,WIFI_DROP,
15.9304,5,STA,WIFI_DROP,
15.9304,10,STA,WIFI_DROP,
15.9328,5,STA,WIFI_DROP,
15.9328,10,STA,WIFI_DROP,
15.9352,5,STA,WIFI_DROP,
15.9352,10,STA,WIFI_DROP,
15.9376,5,STA,WIFI_DROP,
15.9376,10,STA,WIFI_DROP,
15.94,5,STA,WIFI_DROP,
15.94,10,STA,WIFI_DROP,
15.9424,5,STA,WIFI_DROP,
15.9424,10,STA,WIFI_DROP,
15.9448,5,STA,WIFI_DROP,
15.9448,10,STA,WIFI_DROP,
15.9472,5,STA,WIFI_DROP,
15.9472,10,STA,WIFI_DROP,
15.9496,5,STA,WIFI_DROP,
15.9496,10,STA,WIFI_DROP,
15.952,5,STA,WIFI_DROP,
15.952,10,STA,WIFI_DROP,
15.9544,5,STA,WIFI_DROP,
15.9544,10,STA,WIFI_DROP,
15.9568,5,STA,WIFI_DROP,
15.9568,10,STA,WIFI_DROP,
15.9592,5,STA,WIFI_DROP,
15.9592,10,STA,WIFI_DROP,
15.9616,5,STA,WIFI_DROP,
15.9616,10,STA,WIFI_DROP,
15.964,5,STA,WIFI_DROP,
15.964,10,STA,WIFI_DROP,
15.9664,5,STA,WIFI_DROP,
15.9664,10,STA,WIFI_DROP,
15.9688,5,STA,WIFI_DROP,
15.9688,10,STA,WIFI_DROP,
15.9712,5,STA,WIFI_DROP,
15.9712,10,STA,WIFI_DROP,
15.9736,5,STA,WIFI_DROP,
15.9736,10,STA,WIFI_DROP,
15.976,5,STA,WIFI_DROP,
15.976,10,STA,WIFI_DROP,
15.9784,5,STA,WIFI_DROP,
15.9784,10,STA,WIFI_DROP,
15.9808,5,STA,WIFI_DROP,
15.9808,10,STA,WIFI_DROP,
15.9832,5,STA,WIFI_DROP,
15.9832,10,STA,WIFI_DROP,
15.9856,5,STA,WIFI_DROP,
15.9856,10,STA,WIFI_DROP,
15.988,5,STA,WIFI_DROP,
15.988,10,STA,WIFI_DROP,
15.9904,5,STA,WIFI_DROP,
15.9904,10,STA,WIFI_DROP,
15.9928,5,STA,WIFI_DROP,
15.9928,10,STA,WIFI_DROP,
15.9952,5,STA,WIFI_DROP,
15.9952,10,STA,WIFI_DROP,
15.9976,5,STA,WIFI_DROP,
15.9976,10,STA,WIFI_DROP,
16,2,STA,THROUGHPUT_MBPS,2.292000
16,3,STA,THROUGHPUT_MBPS,5.004000
16,5,STA,THROUGHPUT_MBPS,0.816000
16,6,STA,THROUGHPUT_MBPS,3.144000
16,7,STA,THROUGHPUT_MBPS,1.392000
16,8,STA,THROUGHPUT_MBPS,3.672000
16,9,STA,THROUGHPUT_MBPS,1.620000
16,11,STA,THROUGHPUT_MBPS,2.052000
16,12,STA,THROUGHPUT_MBPS,3.324000
16,13,STA,THROUGHPUT_MBPS,0.696000
16,14,STA,THROUGHPUT_MBPS,1.164000
16,15,STA,THROUGHPUT_MBPS,2.136000
16,16,STA,THROUGHPUT_MBPS,2.208000
16,17,STA,THROUGHPUT_MBPS,2.568000
16,18,STA,THROUGHPUT_MBPS,1.608000
16,19,STA,THROUGHPUT_MBPS,1.140000
16,20,STA,THROUGHPUT_MBPS,1.416000
16,21,STA,THROUGHPUT_MBPS,1.992000
16,1,AP,AGGREGATE_THROUGHPUT_MBPS,38.244000
16,1,AP,SENT_COUNT,8320.000000
16,1,AP,RECV_COUNT,3187.000000
16,1,AP,LATENCY_P95_MS,535.269797
16,5,STA,WIFI_DROP,
16,10,STA,WIFI_DROP,
16.0024,5,STA,WIFI_DROP,
16.0024,10,STA,WIFI_DROP,
16.0048,5,STA,WIFI_DROP,
16.0048,10,STA,WIFI_DROP,
16.0072,5,STA,WIFI_DROP,
16.0072,10,STA,WIFI_DROP,
16.0096,5,STA,WIFI_DROP,
16.0096,10,STA,WIFI_DROP,
16.012,5,STA,WIFI_DROP,
16.012,10,STA,WIFI_DROP,
16.0144,5,STA,WIFI_DROP,
16.0144,10,STA,WIFI_DROP,
16.0168,5,STA,WIFI_DROP,
16.0168,10,STA,WIFI_DROP,
16.0192,5,STA,WIFI_DROP,
16.0192,10,STA,WIFI_DROP,
16.0216,5,STA,WIFI_DROP,
16.0216,10,STA,WIFI_DROP,
16.024,5,STA,WIFI_DROP,
16.024,10,STA,WIFI_DROP,
16.0264,5,STA,WIFI_DROP,
16.0264,10,STA,WIFI_DROP,
16.0288,5,STA,WIFI_DROP,
16.0288,10,STA,WIFI_DROP,
16.0312,5,STA,WIFI_DROP,
16.0312,10,STA,WIFI_DROP,
16.0336,5,STA,WIFI_DROP,
16.0336,10,STA,WIFI_DROP,
16.036,5,STA,WIFI_DROP,
16.036,10,STA,WIFI_DROP,
16.0384,5,STA,WIFI_DROP,
16.0384,10,STA,WIFI_DROP,
16.0408,5,STA,WIFI_DROP,
16.0408,10,STA,WIFI_DROP,
16.0432,5,STA,WIFI_DROP,
16.0432,10,STA,WIFI_DROP,
16.0456,5,STA,WIFI_DROP,
16.0456,10,STA,WIFI_DROP,
16.048,5,STA,WIFI_DROP,
16.048,10,STA,WIFI_DROP,
16.0504,5,STA,WIFI_DROP,
16.0504,10,STA,WIFI_DROP,
16.0528,5,STA,WIFI_DROP,
16.0528,10,STA,WIFI_DROP,
16.0552,5,STA,WIFI_DROP,
16.0552,10,STA,WIFI_DROP,
16.0576,5,STA,WIFI_DROP,
16.0576,10,STA,WIFI_DROP,
16.06,5,STA,WIFI_DROP,
16.06,10,STA,WIFI_DROP,
16.0624,5,STA,WIFI_DROP,
16.0624,10,STA,WIFI_DROP,
16.0648,5,STA,WIFI_DROP,
16.0648,10,STA,WIFI_DROP,
16.0672,5,STA,WIFI_DROP,
16.0672,10,STA,WIFI_DROP,
16.0696,5,STA,WIFI_DROP,
16.0696,10,STA,WIFI_DROP,
16.072,5,STA,WIFI_DROP,
16.072,10,STA,WIFI_DROP,
16.0744,5,STA,WIFI_DROP,
16.0744,10,STA,WIFI_DROP,
16.0768,5,STA,WIFI_DROP,
16.0768,10,STA,WIFI_DROP,
16.0792,5,STA,WIFI_DROP,
16.0792,10,STA,WIFI_DROP,
16.0816,5,STA,WIFI_DROP,
16.0816,10,STA,WIFI_DROP,
16.084,5,STA,WIFI_DROP,
16.084,10,STA,WIFI_DROP,
16.0864,5,STA,WIFI_DROP,
16.0864,10,STA,WIFI_DROP,
16.0888,5,STA,WIFI_DROP,
16.0888,10,STA,WIFI_DROP,
16.0912,5,STA,WIFI_DROP,
16.0912,10,STA,WIFI_DROP,
16.0936,5,STA,WIFI_DROP,
16.0936,10,STA,WIFI_DROP,
16.096,5,STA,WIFI_DROP,
16.096,10,STA,WIFI_DROP,
16.0984,5,STA,WIFI_DROP,
16.0984,10,STA,WIFI_DROP,
16.1008,5,STA,WIFI_DROP,
16.1008,10,STA,WIFI_DROP,
16.1032,5,STA,WIFI_DROP,
16.1032,10,STA,WIFI_DROP,
16.1056,5,STA,WIFI_DROP,
16.1056,10,STA,WIFI_DROP,
16.108,5,STA,WIFI_DROP,
16.108,10,STA,WIFI_DROP,
16.1104,5,STA,WIFI_DROP,
16.1104,10,STA,WIFI_DROP,
16.1128,5,STA,WIFI_DROP,
16.1128,10,STA,WIFI_DROP,
16.1152,5,STA,WIFI_DROP,
16.1152,10,STA,WIFI_DROP,
16.1176,5,STA,WIFI_DROP,
16.1176,10,STA,WIFI_DROP,
16.12,5,STA,WIFI_DROP,
16.12,10,STA,WIFI_DROP,
16.1224,5,STA,WIFI_DROP,
16.1224,10,STA,WIFI_DROP,
16.1248,5,STA,WIFI_DROP,
16.1248,10,STA,WIFI_DROP,
16.1272,5,STA,WIFI_DROP,
16.1272,10,STA,WIFI_DROP,
16.1296,5,STA,WIFI_DROP,
16.1296,10,STA,WIFI_DROP,
16.132,5,STA,WIFI_DROP,
16.132,10,STA,WIFI_DROP,
16.1344,5,STA,WIFI_DROP,
16.1344,10,STA,WIFI_DROP,
16.1368,5,STA,WIFI_DROP,
16.1368,10,STA,WIFI_DROP,
16.1392,5,STA,WIFI_DROP,
16.1392,10,STA,WIFI_DROP,
16.1416,5,STA,WIFI_DROP,
16.1416,10,STA,WIFI_DROP,
16.144,5,STA,WIFI_DROP,
16.144,10,STA,WIFI_DROP,
16.1464,5,STA,WIFI_DROP,
16.1464,10,STA,WIFI_DROP,
16.1488,5,STA,WIFI_DROP,
16.1488,10,STA,WIFI_DROP,
16.1512,5,STA,WIFI_DROP,
16.1512,10,STA,WIFI_DROP,
16.1536,5,STA,WIFI_DROP,
16.1536,10,STA,WIFI_DROP,
16.156,5,STA,WIFI_DROP,
16.156,10,STA,WIFI_DROP,
16.1584,5,STA,WIFI_DROP,
16.1584,10,STA,WIFI_DROP,
16.1608,5,STA,WIFI_DROP,
16.1608,10,STA,WIFI_DROP,
16.1632,5,STA,WIFI_DROP,
16.1632,10,STA,WIFI_DROP,
16.1656,5,STA,WIFI_DROP,
16.1656,10,STA,WIFI_DROP,
16.168,5,STA,WIFI_DROP,
16.168,10,STA,WIFI_DROP,
16.1704,5,STA,WIFI_DROP,
16.1704,10,STA,WIFI_DROP,
16.1728,5,STA,WIFI_DROP,
16.1728,10,STA,WIFI_DROP,
16.1752,5,STA,WIFI_DROP,
16.1752,10,STA,WIFI_DROP,
16.1776,5,STA,WIFI_DROP,
16.1776,10,STA,WIFI_DROP,
16.18,5,STA,WIFI_DROP,
16.18,10,STA,WIFI_DROP,
16.1824,5,STA,WIFI_DROP,
16.1824,10,STA,WIFI_DROP,
16.1848,5,STA,WIFI_DROP,
16.1848,10,STA,WIFI_DROP,
16.1872,5,STA,WIFI_DROP,
16.1872,10,STA,WIFI_DROP,
16.1896,5,STA,WIFI_DROP,
16.1896,10,STA,WIFI_DROP,
16.192,5,STA,WIFI_DROP,
16.192,10,STA,WIFI_DROP,
16.1944,5,STA,WIFI_DROP,
16.1944,10,STA,WIFI_DROP,
16.1968,5,STA,WIFI_DROP,
16.1968,10,STA,WIFI_DROP,
16.1992,5,STA,WIFI_DROP,
16.1992,10,STA,WIFI_DROP,
16.2016,5,STA,WIFI_DROP,
16.2016,10,STA,WIFI_DROP,
16.204,5,STA,WIFI_DROP,
16.204,10,STA,WIFI_DROP,
16.2064,5,STA,WIFI_DROP,
16.2064,10,STA,WIFI_DROP,
16.2088,5,STA,WIFI_DROP,
16.2088,10,STA,WIFI_DROP,
16.2112,5,STA,WIFI_DROP,
16.2112,10,STA,WIFI_DROP,
16.2136,5,STA,WIFI_DROP,
16.2136,10,STA,WIFI_DROP,
16.216,5,STA,WIFI_DROP,
16.216,10,STA,WIFI_DROP,
16.2184,5,STA,WIFI_DROP,
16.2184,10,STA,WIFI_DROP,
16.2208,5,STA,WIFI_DROP,
16.2208,10,STA,WIFI_DROP,
16.2232,5,STA,WIFI_DROP,
16.2232,10,STA,WIFI_DROP,
16.2256,5,STA,WIFI_DROP,
16.2256,10,STA,WIFI_DROP,
16.228,5,STA,WIFI_DROP,
16.228,10,STA,WIFI_DROP,
16.2304,5,STA,WIFI_DROP,
16.2304,10,STA,WIFI_DROP,
16.2328,5,STA,WIFI_DROP,
16.2328,10,STA,WIFI_DROP,
16.2352,5,STA,WIFI_DROP,
16.2376,5,STA,WIFI_DROP,
16.24,5,STA,WIFI_DROP,
16.2424,5,STA,WIFI_DROP,
16.2448,5,STA,WIFI_DROP,
16.2472,5,STA,WIFI_DROP,
16.2472,6,STA,WIFI_DROP,
16.2496,5,STA,WIFI_DROP,
16.2496,6,STA,WIFI_DROP,
16.252,5,STA,WIFI_DROP,
16.252,6,STA,WIFI_DROP,
16.2544,5,STA,WIFI_DROP,
16.2544,6,STA,WIFI_DROP,
16.2568,5,STA,WIFI_DROP,
16.2568,6,STA,WIFI_DROP,
16.2592,5,STA,WIFI_DROP,
16.2592,6,STA,WIFI_DROP,
16.2616,5,STA,WIFI_DROP,
16.2616,6,STA,WIFI_DROP,
16.264,5,STA,WIFI_DROP,
16.264,6,STA,WIFI_DROP,
16.2664,5,STA,WIFI_DROP,
16.2664,6,STA,WIFI_DROP,
16.2688,5,STA,WIFI_DROP,
16.2688,6,STA,WIFI_DROP,
16.2712,5,STA,WIFI_DROP,
16.2712,6,STA,WIFI_DROP,
16.2736,5,STA,WIFI_DROP,
16.2736,6,STA,WIFI_DROP,
16.276,5,STA,WIFI_DROP,
16.276,6,STA,WIFI_DROP,
16.2784,5,STA,WIFI_DROP,
16.2784,6,STA,WIFI_DROP,
16.2808,5,STA,WIFI_DROP,
16.2808,6,STA,WIFI_DROP,
16.2832,5,STA,WIFI_DROP,
16.2832,6,STA,WIFI_DROP,
16.2856,5,STA,WIFI_DROP,
16.2856,6,STA,WIFI_DROP,
16.288,5,STA,WIFI_DROP,
16.288,6,STA,WIFI_DROP,
16.2904,5,STA,WIFI_DROP,
16.2904,6,STA,WIFI_DROP,
16.2928,5,STA,WIFI_DROP,
16.2928,6,STA,WIFI_DROP,
16.2952,5,STA,WIFI_DROP,
16.2952,6,STA,WIFI_DROP,
16.2976,5,STA,WIFI_DROP,
16.2976,6,STA,WIFI_DROP,
16.3,5,STA,WIFI_DROP,
16.3,6,STA,WIFI_DROP,
16.3024,5,STA,WIFI_DROP,
16.3024,6,STA,WIFI_DROP,
16.3048,5,STA,WIFI_DROP,
16.3048,6,STA,WIFI_DROP,
16.3072,5,STA,WIFI_DROP,
16.3072,6,STA,WIFI_DROP,
16.3096,5,STA,WIFI_DROP,
16.3096,6,STA,WIFI_DROP,
16.312,5,STA,WIFI_DROP,
16.312,6,STA,WIFI_DROP,
16.3144,5,STA,WIFI_DROP,
16.3144,6,STA,WIFI_DROP,
16.3168,5,STA,WIFI_DROP,
16.3168,6,STA,WIFI_DROP,
16.3192,5,STA,WIFI_DROP,
16.3192,6,STA,WIFI_DROP,
16.3216,5,STA,WIFI_DROP,
16.3216,6,STA,WIFI_DROP,
16.324,5,STA,WIFI_DROP,
16.324,6,STA,WIFI_DROP,
16.3264,5,STA,WIFI_DROP,
16.3264,6,STA,WIFI_DROP,
16.3288,5,STA,WIFI_DROP,
16.3288,6,STA,WIFI_DROP,
16.3312,5,STA,WIFI_DROP,
16.3312,6,STA,WIFI_DROP,
16.3336,5,STA,WIFI_DROP,
16.3336,6,STA,WIFI_DROP,
16.336,5,STA,WIFI_DROP,
16.336,6,STA,WIFI_DROP,
16.3384,5,STA,WIFI_DROP,
16.3384,6,STA,WIFI_DROP,
16.3408,5,STA,WIFI_DROP,
16.3408,6,STA,WIFI_DROP,
16.3432,5,STA,WIFI_DROP,
16.3432,6,STA,WIFI_DROP,
16.3456,5,STA,WIFI_DROP,
16.3456,6,STA,WIFI_DROP,
16.348,5,STA,WIFI_DROP,
16.348,6,STA,WIFI_DROP,
16.3504,5,STA,WIFI_DROP,
16.3504,6,STA,WIFI_DROP,
16.3528,5,STA,WIFI_DROP,
16.3528,6,STA,WIFI_DROP,
16.3552,5,STA,WIFI_DROP,
16.3552,6,STA,WIFI_DROP,
16.3576,5,STA,WIFI_DROP,
16.3576,6,STA,WIFI_DROP,
16.36,5,STA,WIFI_DROP,
16.36,6,STA,WIFI_DROP,
16.3624,5,STA,WIFI_DROP,
16.3624,6,STA,WIFI_DROP,
16.3648,5,STA,WIFI_DROP,
16.3648,6,STA,WIFI_DROP,
16.3672,5,STA,WIFI_DROP,
16.3672,6,STA,WIFI_DROP,
16.3696,5,STA,WIFI_DROP,
16.3696,6,STA,WIFI_DROP,
16.372,5,STA,WIFI_DROP,
16.372,6,STA,WIFI_DROP,
16.3744,5,STA,WIFI_DROP,
16.3744,6,STA,WIFI_DROP,
16.3768,5,STA,WIFI_DROP,
16.3768,6,STA,WIFI_DROP,
16.3792,5,STA,WIFI_DROP,
16.3792,6,STA,WIFI_DROP,
16.3816,5,STA,WIFI_DROP,
16.3816,6,STA,WIFI_DROP,
16.384,5,STA,WIFI_DROP,
16.384,6,STA,WIFI_DROP,
16.3864,5,STA,WIFI_DROP,
16.3864,6,STA,WIFI_DROP,
16.3888,5,STA,WIFI_DROP,
16.3888,6,STA,WIFI_DROP,
16.3912,5,STA,WIFI_DROP,
16.3912,6,STA,WIFI_DROP,
16.3936,5,STA,WIFI_DROP,
16.3936,6,STA,WIFI_DROP,
16.396,5,STA,WIFI_DROP,
16.396,6,STA,WIFI_DROP,
16.3984,5,STA,WIFI_DROP,
16.3984,6,STA,WIFI_DROP,
16.4008,5,STA,WIFI_DROP,
16.4008,6,STA,WIFI_DROP,
16.4032,5,STA,WIFI_DROP,
16.4032,6,STA,WIFI_DROP,
16.4056,5,STA,WIFI_DROP,
16.4056,6,STA,WIFI_DROP,
16.408,5,STA,WIFI_DROP,
16.408,6,STA,WIFI_DROP,
16.4104,5,STA,WIFI_DROP,
16.4104,6,STA,WIFI_DROP,
16.4128,5,STA,WIFI_DROP,
16.4128,6,STA,WIFI_DROP,
16.4152,5,STA,WIFI_DROP,
16.4152,6,STA,WIFI_DROP,
16.4176,5,STA,WIFI_DROP,
16.4176,6,STA,WIFI_DROP,
16.42,5,STA,WIFI_DROP,
16.42,6,STA,WIFI_DROP,
16.4224,5,STA,WIFI_DROP,
16.4224,6,STA,WIFI_DROP,
16.4248,5,STA,WIFI_DROP,
16.4248,6,STA,WIFI_DROP,
16.4272,5,STA,WIFI_DROP,
16.4272,6,STA,WIFI_DROP,
16.4296,5,STA,WIFI_DROP,
16.4296,6,STA,WIFI_DROP,
16.432,5,STA,WIFI_DROP,
16.432,6,STA,WIFI_DROP,
16.4344,5,STA,WIFI_DROP,
16.4344,6,STA,WIFI_DROP,
16.4368,5,STA,WIFI_DROP,
16.4368,6,STA,WIFI_DROP,
16.4392,5,STA,WIFI_DROP,
16.4392,6,STA,WIFI_DROP,
16.4416,5,STA,WIFI_DROP,
16.4416,6,STA,WIFI_DROP,
16.444,5,STA,WIFI_DROP,
16.444,6,STA,WIFI_DROP,
16.4464,5,STA,WIFI_DROP,
16.4464,6,STA,WIFI_DROP,
16.4488,5,STA,WIFI_DROP,
16.4488,6,STA,WIFI_DROP,
16.4512,5,STA,WIFI_DROP,
16.4512,6,STA,WIFI_DROP,
16.4536,5,STA,WIFI_DROP,
16.4536,6,STA,WIFI_DROP,
16.456,5,STA,WIFI_DROP,
16.456,6,STA,WIFI_DROP,
16.4584,5,STA,WIFI_DROP,
16.4584,6,STA,WIFI_DROP,
16.4608,5,STA,WIFI_DROP,
16.4608,6,STA,WIFI_DROP,
16.4632,5,STA,WIFI_DROP,
16.4632,6,STA,WIFI_DROP,
16.4656,5,STA,WIFI_DROP,
16.4656,6,STA,WIFI_DROP,
16.468,5,STA,WIFI_DROP,
16.468,6,STA,WIFI_DROP,
16.4704,5,STA,WIFI_DROP,
16.4704,6,STA,WIFI_DROP,
16.4728,5,STA,WIFI_DROP,
16.4728,6,STA,WIFI_DROP,
16.4752,5,STA,WIFI_DROP,
16.4752,6,STA,WIFI_DROP,
16.4776,5,STA,WIFI_DROP,
16.4776,6,STA,WIFI_DROP,
16.48,5,STA,WIFI_DROP,
16.48,6,STA,WIFI_DROP,
16.4824,5,STA,WIFI_DROP,
16.4824,6,STA,WIFI_DROP,
16.4848,5,STA,WIFI_DROP,
16.4848,6,STA,WIFI_DROP,
16.4872,5,STA,WIFI_DROP,
16.4872,6,STA,WIFI_DROP,
16.4896,5,STA,WIFI_DROP,
16.4896,6,STA,WIFI_DROP,
16.492,5,STA,WIFI_DROP,
16.492,6,STA,WIFI_DROP,
16.4944,5,STA,WIFI_DROP,
16.4944,6,STA,WIFI_DROP,
16.4968,5,STA,WIFI_DROP,
16.4968,6,STA,WIFI_DROP,
16.4992,5,STA,WIFI_DROP,
16.4992,6,STA,WIFI_DROP,
16.5016,5,STA,WIFI_DROP,
16.5016,6,STA,WIFI_DROP,
16.504,5,STA,WIFI_DROP,
16.504,6,STA,WIFI_DROP,
16.5064,5,STA,WIFI_DROP,
16.5064,6,STA,WIFI_DROP,
16.5088,5,STA,WIFI_DROP,
16.5088,6,STA,WIFI_DROP,
16.5112,5,STA,WIFI_DROP,
16.5112,6,STA,WIFI_DROP,
16.5136,5,STA,WIFI_DROP,
16.5136,6,STA,WIFI_DROP,
16.516,5,STA,WIFI_DROP,
16.516,6,STA,WIFI_DROP,
16.5184,5,STA,WIFI_DROP,
16.5184,6,STA,WIFI_DROP,
16.5208,5,STA,WIFI_DROP,
16.5208,6,STA,WIFI_DROP,
16.5232,5,STA,WIFI_DROP,
16.5232,6,STA,WIFI_DROP,
16.5256,5,STA,WIFI_DROP,
16.5256,6,STA,WIFI_DROP,
16.528,5,STA,WIFI_DROP,
16.528,6,STA,WIFI_DROP,
16.5304,5,STA,WIFI_DROP,
16.5304,6,STA,WIFI_DROP,
16.5328,5,STA,WIFI_DROP,
16.5328,6,STA,WIFI_DROP,
16.5352,5,STA,WIFI_DROP,
16.5352,6,STA,WIFI_DROP,
16.5376,5,STA,WIFI_DROP,
16.5376,6,STA,WIFI_DROP,
16.54,5,STA,WIFI_DROP,
16.54,6,STA,WIFI_DROP,
16.5424,5,STA,WIFI_DROP,
16.5424,6,STA,WIFI_DROP,
16.5448,5,STA,WIFI_DROP,
16.5448,6,STA,WIFI_DROP,
16.5472,5,STA,WIFI_DROP,
16.5472,6,STA,WIFI_DROP,
16.5496,5,STA,WIFI_DROP,
16.5496,6,STA,WIFI_DROP,
16.552,5,STA,WIFI_DROP,
16.552,6,STA,WIFI_DROP,
16.5544,5,STA,WIFI_DROP,
16.5544,6,STA,WIFI_DROP,
16.5568,5,STA,WIFI_DROP,
16.5568,6,STA,WIFI_DROP,
16.5592,5,STA,WIFI_DROP,
16.5592,6,STA,WIFI_DROP,
16.5616,5,STA,WIFI_DROP,
16.5616,6,STA,WIFI_DROP,
16.564,5,STA,WIFI_DROP,
16.564,6,STA,WIFI_DROP,
16.5664,5,STA,WIFI_DROP,
16.5664,6,STA,WIFI_DROP,
16.5688,5,STA,WIFI_DROP,
16.5688,6,STA,WIFI_DROP,
16.5712,5,STA,WIFI_DROP,
16.5712,6,STA,WIFI_DROP,
16.5736,5,STA,WIFI_DROP,
16.5736,6,STA,WIFI_DROP,
16.576,5,STA,WIFI_DROP,
16.576,6,STA,WIFI_DROP,
16.5784,5,STA,WIFI_DROP,
16.5784,6,STA,WIFI_DROP,
16.5808,5,STA,WIFI_DROP,
16.5808,6,STA,WIFI_DROP,
16.5832,5,STA,WIFI_DROP,
16.5832,6,STA,WIFI_DROP,
16.5856,5,STA,WIFI_DROP,
16.5856,6,STA,WIFI_DROP,
16.588,5,STA,WIFI_DROP,
16.588,6,STA,WIFI_DROP,
16.5904,5,STA,WIFI_DROP,
16.5904,6,STA,WIFI_DROP,
16.5928,5,STA,WIFI_DROP,
16.5928,6,STA,WIFI_DROP,
16.5952,5,STA,WIFI_DROP,
16.5952,6,STA,WIFI_DROP,
16.5976,5,STA,WIFI_DROP,
16.5976,6,STA,WIFI_DROP,
16.6,5,STA,WIFI_DROP,
16.6,6,STA,WIFI_DROP,
16.6024,5,STA,WIFI_DROP,
16.6024,6,STA,WIFI_DROP,
16.6048,5,STA,WIFI_DROP,
16.6048,6,STA,WIFI_DROP,
16.6072,5,STA,WIFI_DROP,
16.6072,6,STA,WIFI_DROP,
16.6096,5,STA,WIFI_DROP,
16.6096,6,STA,WIFI_DROP,
16.612,5,STA,WIFI_DROP,
16.612,6,STA,WIFI_DROP,
16.6144,5,STA,WIFI_DROP,
16.6144,6,STA,WIFI_DROP,
16.6168,5,STA,WIFI_DROP,
16.6168,6,STA,WIFI_DROP,
16.6192,5,STA,WIFI_DROP,
16.6192,6,STA,WIFI_DROP,
16.6216,5,STA,WIFI_DROP,
16.6216,6,STA,WIFI_DROP,
16.624,5,STA,WIFI_DROP,
16.624,6,STA,WIFI_DROP,
16.6264,5,STA,WIFI_DROP,
16.6264,6,STA,WIFI_DROP,
16.6288,5,STA,WIFI_DROP,
16.6288,6,STA,WIFI_DROP,
16.6312,5,STA,WIFI_DROP,
16.6312,6,STA,WIFI_DROP,
16.6336,5,STA,WIFI_DROP,
16.6336,6,STA,WIFI_DROP,
16.636,5,STA,WIFI_DROP,
16.636,6,STA,WIFI_DROP,
16.6384,6,STA,WIFI_DROP,
16.6408,6,STA,WIFI_DROP,
16.6432,6,STA,WIFI_DROP,
16.6456,6,STA,WIFI_DROP,
16.648,6,STA,WIFI_DROP,
16.6504,6,STA,WIFI_DROP,
16.6528,6,STA,WIFI_DROP,
16.6552,5,STA,WIFI_DROP,
16.6552,6,STA,WIFI_DROP,
16.6576,5,STA,WIFI_DROP,
16.6576,6,STA,WIFI_DROP,
16.66,5,STA,WIFI_DROP,
16.66,6,STA,WIFI_DROP,
16.6624,5,STA,WIFI_DROP,
16.6624,6,STA,WIFI_DROP,
16.6648,5,STA,WIFI_DROP,
16.6648,6,STA,WIFI_DROP,
16.6672,5,STA,WIFI_DROP,
16.6672,6,STA,WIFI_DROP,
16.6696,5,STA,WIFI_DROP,
16.6696,6,STA,WIFI_DROP,
16.672,5,STA,WIFI_DROP,
16.672,6,STA,WIFI_DROP,
16.6744,5,STA,WIFI_DROP,
16.6744,6,STA,WIFI_DROP,
16.6768,5,STA,WIFI_DROP,
16.6768,6,STA,WIFI_DROP,
16.6792,5,STA,WIFI_DROP,
16.6792,6,STA,WIFI_DROP,
16.6816,5,STA,WIFI_DROP,
16.6816,6,STA,WIFI_DROP,
16.684,5,STA,WIFI_DROP,
16.684,6,STA,WIFI_DROP,
16.6864,5,STA,WIFI_DROP,
16.6864,6,STA,WIFI_DROP,
16.6888,5,STA,WIFI_DROP,
16.6888,6,STA,WIFI_DROP,
16.6912,5,STA,WIFI_DROP,
16.6912,6,STA,WIFI_DROP,
16.6936,5,STA,WIFI_DROP,
16.6936,6,STA,WIFI_DROP,
16.696,5,STA,WIFI_DROP,
16.696,6,STA,WIFI_DROP,
16.6984,5,STA,WIFI_DROP,
16.6984,6,STA,WIFI_DROP,
16.7008,5,STA,WIFI_DROP,
16.7008,6,STA,WIFI_DROP,
16.7032,5,STA,WIFI_DROP,
16.7032,6,STA,WIFI_DROP,
16.7056,5,STA,WIFI_DROP,
16.7056,6,STA,WIFI_DROP,
16.708,5,STA,WIFI_DROP,
16.708,6,STA,WIFI_DROP,
16.7104,5,STA,WIFI_DROP,
16.7104,6,STA,WIFI_DROP,
16.7128,5,STA,WIFI_DROP,
16.7128,6,STA,WIFI_DROP,
16.7152,5,STA,WIFI_DROP,
16.7152,6,STA,WIFI_DROP,
16.7176,5,STA,WIFI_DROP,
16.7176,6,STA,WIFI_DROP,
16.72,5,STA,WIFI_DROP,
16.72,6,STA,WIFI_DROP,
16.7224,5,STA,WIFI_DROP,
16.7224,6,STA,WIFI_DROP,
16.7248,5,STA,WIFI_DROP,
16.7248,6,STA,WIFI_DROP,
16.7272,5,STA,WIFI_DROP,
16.7272,6,STA,WIFI_DROP,
16.7296,5,STA,WIFI_DROP,
16.7296,6,STA,WIFI_DROP,
16.732,5,STA,WIFI_DROP,
16.732,6,STA,WIFI_DROP,
16.7344,5,STA,WIFI_DROP,
16.7344,6,STA,WIFI_DROP,
16.7368,5,STA,WIFI_DROP,
16.7368,6,STA,WIFI_DROP,
16.7392,5,STA,WIFI_DROP,
16.7392,6,STA,WIFI_DROP,
16.7416,5,STA,WIFI_DROP,
16.7416,6,STA,WIFI_DROP,
16.744,5,STA,WIFI_DROP,
16.744,6,STA,WIFI_DROP,
16.7464,5,STA,WIFI_DROP,
16.7464,6,STA,WIFI_DROP,
16.7488,5,STA,WIFI_DROP,
16.7488,6,STA,WIFI_DROP,
16.7512,5,STA,WIFI_DROP,
16.7512,6,STA,WIFI_DROP,
16.7536,5,STA,WIFI_DROP,
16.7536,6,STA,WIFI_DROP,
16.756,5,STA,WIFI_DROP,
16.756,6,STA,WIFI_DROP,
16.756,10,STA,WIFI_DROP,
16.7584,5,STA,WIFI_DROP,
16.7584,6,STA,WIFI_DROP,
16.7584,10,STA,WIFI_DROP,
16.7608,5,STA,WIFI_DROP,
16.7608,6,STA,WIFI_DROP,
16.7608,10,STA,WIFI_DROP,
16.7632,5,STA,WIFI_DROP,
16.7632,6,STA,WIFI_DROP,
16.7632,10,STA,WIFI_DROP,
16.7656,5,STA,WIFI_DROP,
16.7656,6,STA,WIFI_DROP,
16.7656,10,STA,WIFI_DROP,
16.768,5,STA,WIFI_DROP,
16.768,6,STA,WIFI_DROP,
16.768,10,STA,WIFI_DROP,
16.7704,5,STA,WIFI_DROP,
16.7704,6,STA,WIFI_DROP,
16.7704,10,STA,WIFI_DROP,
16.7728,5,STA,WIFI_DROP,
16.7728,6,STA,WIFI_DROP,
16.7728,10,STA,WIFI_DROP,
16.7752,5,STA,WIFI_DROP,
16.7752,6,STA,WIFI_DROP,
16.7752,10,STA,WIFI_DROP,
16.7776,5,STA,WIFI_DROP,
16.7776,6,STA,WIFI_DROP,
16.7776,10,STA,WIFI_DROP,
16.78,5,STA,WIFI_DROP,
16.78,6,STA,WIFI_DROP,
16.78,10,STA,WIFI_DROP,
16.7824,5,STA,WIFI_DROP,
16.7824,6,STA,WIFI_DROP,
16.7824,10,STA,WIFI_DROP,
16.7848,5,STA,WIFI_DROP,
16.7848,6,STA,WIFI_DROP,
16.7848,10,STA,WIFI_DROP,
16.7872,5,STA,WIFI_DROP,
16.7872,6,STA,WIFI_DROP,
16.7872,10,STA,WIFI_DROP,
16.7896,5,STA,WIFI_DROP,
16.7896,6,STA,WIFI_DROP,
16.7896,10,STA,WIFI_DROP,
16.792,5,STA,WIFI_DROP,
16.792,6,STA,WIFI_DROP,
16.792,10,STA,WIFI_DROP,
16.7944,5,STA,WIFI_DROP,
16.7944,6,STA,WIFI_DROP,
16.7944,10,STA,WIFI_DROP,
16.7968,5,STA,WIFI_DROP,
16.7968,6,STA,WIFI_DROP,
16.7968,10,STA,WIFI_DROP,
16.7992,5,STA,WIFI_DROP,
16.7992,6,STA,WIFI_DROP,
16.7992,10,STA,WIFI_DROP,
16.8016,5,STA,WIFI_DROP,
16.8016,6,STA,WIFI_DROP,
16.8016,10,STA,WIFI_DROP,
16.804,5,STA,WIFI_DROP,
16.804,6,STA,WIFI_DROP,
16.804,10,STA,WIFI_DROP,
16.8064,5,STA,WIFI_DROP,
16.8064,6,STA,WIFI_DROP,
16.8064,10,STA,WIFI_DROP,
16.8088,5,STA,WIFI_DROP,
16.8088,6,STA,WIFI_DROP,
16.8088,10,STA,WIFI_DROP,
16.8112,6,STA,WIFI_DROP,
16.8112,10,STA,WIFI_DROP,
16.8136,6,STA,WIFI_DROP,
16.8136,10,STA,WIFI_DROP,
16.816,6,STA,WIFI_DROP,
16.816,10,STA,WIFI_DROP,
16.8184,6,STA,WIFI_DROP,
16.8184,10,STA,WIFI_DROP,
16.8208,6,STA,WIFI_DROP,
16.8208,10,STA,WIFI_DROP,
16.8232,6,STA,WIFI_DROP,
16.8232,10,STA,WIFI_DROP,
16.8256,6,STA,WIFI_DROP,
16.8256,10,STA,WIFI_DROP,
16.828,6,STA,WIFI_DROP,
16.828,10,STA,WIFI_DROP,
16.8304,6,STA,WIFI_DROP,
16.8304,10,STA,WIFI_DROP,
16.8328,6,STA,WIFI_DROP,
16.8328,10,STA,WIFI_DROP,
16.8352,6,STA,WIFI_DROP,
16.8352,10,STA,WIFI_DROP,
16.8376,6,STA,WIFI_DROP,
16.8376,10,STA,WIFI_DROP,
16.84,6,STA,WIFI_DROP,
16.84,10,STA,WIFI_DROP,
16.8424,6,STA,WIFI_DROP,
16.8424,10,STA,WIFI_DROP,
16.8448,6,STA,WIFI_DROP,
16.8448,10,STA,WIFI_DROP,
16.8472,6,STA,WIFI_DROP,
16.8472,10,STA,WIFI_DROP,
16.8496,6,STA,WIFI_DROP,
16.8496,10,STA,WIFI_DROP,
16.852,6,STA,WIFI_DROP,
16.852,10,STA,WIFI_DROP,
16.8544,6,STA,WIFI_DROP,
16.8544,10,STA,WIFI_DROP,
16.8568,6,STA,WIFI_DROP,
16.8568,10,STA,WIFI_DROP,
16.8592,6,STA,WIFI_DROP,
16.8592,10,STA,WIFI_DROP,
16.8616,6,STA,WIFI_DROP,
16.864,6,STA,WIFI_DROP,
16.8664,6,STA,WIFI_DROP,
16.8688,6,STA,WIFI_DROP,
16.8712,6,STA,WIFI_DROP,
16.8736,6,STA,WIFI_DROP,
16.876,6,STA,WIFI_DROP,
16.8784,6,STA,WIFI_DROP,
16.8808,6,STA,WIFI_DROP,
16.8832,6,STA,WIFI_DROP,
16.8856,6,STA,WIFI_DROP,
16.888,6,STA,WIFI_DROP,
16.8904,6,STA,WIFI_DROP,
16.8928,6,STA,WIFI_DROP,
16.8952,6,STA,WIFI_DROP,
16.8976,6,STA,WIFI_DROP,
16.9,6,STA,WIFI_DROP,
16.9024,6,STA,WIFI_DROP,
16.9048,6,STA,WIFI_DROP,
16.9072,6,STA,WIFI_DROP,
16.9096,6,STA,WIFI_DROP,
16.912,6,STA,WIFI_DROP,
16.9144,6,STA,WIFI_DROP,
16.9168,6,STA,WIFI_DROP,
16.9192,6,STA,WIFI_DROP,
16.9216,6,STA,WIFI_DROP,
16.924,6,STA,WIFI_DROP,
16.9264,6,STA,WIFI_DROP,
16.9288,6,STA,WIFI_DROP,
16.9312,6,STA,WIFI_DROP,
16.9336,6,STA,WIFI_DROP,
16.936,6,STA,WIFI_DROP,
16.9384,6,STA,WIFI_DROP,
16.9408,6,STA,WIFI_DROP,
16.9432,6,STA,WIFI_DROP,
16.9456,6,STA,WIFI_DROP,
16.948,6,STA,WIFI_DROP,
16.9504,6,STA,WIFI_DROP,
16.9528,6,STA,WIFI_DROP,
16.9552,6,STA,WIFI_DROP,
16.9576,6,STA,WIFI_DROP,
16.96,6,STA,WIFI_DROP,
16.9624,6,STA,WIFI_DROP,
16.9648,6,STA,WIFI_DROP,
16.9672,6,STA,WIFI_DROP,
16.9696,6,STA,WIFI_DROP,
16.972,6,STA,WIFI_DROP,
16.9744,6,STA,WIFI_DROP,
16.9768,6,STA,WIFI_DROP,
16.9792,6,STA,WIFI_DROP,
16.9816,6,STA,WIFI_DROP,
16.984,6,STA,WIFI_DROP,
16.9864,6,STA,WIFI_DROP,
16.9888,6,STA,WIFI_DROP,
16.9912,6,STA,WIFI_DROP,
16.9936,6,STA,WIFI_DROP,
16.996,6,STA,WIFI_DROP,
16.9984,6,STA,WIFI_DROP,
17,2,STA,THROUGHPUT_MBPS,0.492000
17,3,STA,THROUGHPUT_MBPS,2.340000
17,4,STA,THROUGHPUT_MBPS,3.852000
17,5,STA,THROUGHPUT_MBPS,0.048000
17,6,STA,THROUGHPUT_MBPS,0.288000
17,7,STA,THROUGHPUT_MBPS,4.860000
17,8,STA,THROUGHPUT_MBPS,0.132000
17,9,STA,THROUGHPUT_MBPS,1.320000
17,11,STA,THROUGHPUT_MBPS,0.408000
17,12,STA,THROUGHPUT_MBPS,3.408000
17,13,STA,THROUGHPUT_MBPS,2.952000
17,14,STA,THROUGHPUT_MBPS,2.472000
17,15,STA,THROUGHPUT_MBPS,3.948000
17,16,STA,THROUGHPUT_MBPS,5.472000
17,17,STA,THROUGHPUT_MBPS,1.668000
17,18,STA,THROUGHPUT_MBPS,3.768000
17,20,STA,THROUGHPUT_MBPS,1.596000
17,21,STA,THROUGHPUT_MBPS,0.732000
17,1,AP,AGGREGATE_THROUGHPUT_MBPS,39.756000
17,1,AP,SENT_COUNT,8340.000000
17,1,AP,RECV_COUNT,3313.000000
17,1,AP,LATENCY_P95_MS,533.197050
17.5216,6,STA,WIFI_DROP,
17.524,6,STA,WIFI_DROP,
17.5264,6,STA,WIFI_DROP,
17.5288,6,STA,WIFI_DROP,
17.5312,6,STA,WIFI_DROP,
17.5336,6,STA,WIFI_DROP,
17.536,6,STA,WIFI_DROP,
17.5384,6,STA,WIFI_DROP,
17.5408,6,STA,WIFI_DROP,
17.5432,6,STA,WIFI_DROP,
17.5456,6,STA,WIFI_DROP,
17.548,6,STA,WIFI_DROP,
17.5504,6,STA,WIFI_DROP,
17.5528,6,STA,WIFI_DROP,
17.5552,6,STA,WIFI_DROP,
17.5576,6,STA,WIFI_DROP,
17.56,6,STA,WIFI_DROP,
17.5624,6,STA,WIFI_DROP,
17.5648,6,STA,WIFI_DROP,
17.5672,6,STA,WIFI_DROP,
17.5696,6,STA,WIFI_DROP,
17.572,6,STA,WIFI_DROP,
17.5744,6,STA,WIFI_DROP,
17.5768,6,STA,WIFI_DROP,
17.5792,6,STA,WIFI_DROP,
17.5816,6,STA,WIFI_DROP,
17.584,6,STA,WIFI_DROP,
17.5864,6,STA,WIFI_DROP,
17.5888,6,STA,WIFI_DROP,
17.5912,6,STA,WIFI_DROP,
17.5936,6,STA,WIFI_DROP,
17.596,6,STA,WIFI_DROP,
17.5984,6,STA,WIFI_DROP,
17.6008,6,STA,WIFI_DROP,
17.6032,6,STA,WIFI_DROP,
17.6056,6,STA,WIFI_DROP,
17.608,6,STA,WIFI_DROP,
17.6104,6,STA,WIFI_DROP,
17.6128,6,STA,WIFI_DROP,
17.6152,6,STA,WIFI_DROP,
17.6176,6,STA,WIFI_DROP,
17.62,6,STA,WIFI_DROP,
17.6224,6,STA,WIFI_DROP,
17.6248,6,STA,WIFI_DROP,
17.6272,6,STA,WIFI_DROP,
18,2,STA,THROUGHPUT_MBPS,1.296000
18,3,STA,THROUGHPUT_MBPS,1.224000
18,4,STA,THROUGHPUT_MBPS,1.980000
18,6,STA,THROUGHPUT_MBPS,0.456000
18,7,STA,THROUGHPUT_MBPS,5.688000
18,8,STA,THROUGHPUT_MBPS,2.592000
18,9,STA,THROUGHPUT_MBPS,3.060000
18,11,STA,THROUGHPUT_MBPS,1.740000
18,12,STA,THROUGHPUT_MBPS,2.484000
18,13,STA,THROUGHPUT_MBPS,1.452000
18,14,STA,THROUGHPUT_MBPS,1.548000
18,15,STA,THROUGHPUT_MBPS,0.744000
18,16,STA,THROUGHPUT_MBPS,4.500000
18,17,STA,THROUGHPUT_MBPS,2.484000
18,18,STA,THROUGHPUT_MBPS,1.500000
18,20,STA,THROUGHPUT_MBPS,2.328000
18,21,STA,THROUGHPUT_MBPS,2.292000
18,1,AP,AGGREGATE_THROUGHPUT_MBPS,37.368000
18,1,AP,SENT_COUNT,8340.000000
18,1,AP,RECV_COUNT,3114.000000
18,1,AP,LATENCY_P95_MS,538.243984
18.7048,3,STA,WIFI_DROP,
18.7072,3,STA,WIFI_DROP,
18.7096,3,STA,WIFI_DROP,
18.712,3,STA,WIFI_DROP,
18.7144,3,STA,WIFI_DROP,
18.7168,3,STA,WIFI_DROP,
18.7192,3,STA,WIFI_DROP,
18.7216,3,STA,WIFI_DROP,
18.724,3,STA,WIFI_DROP,
18.7264,3,STA,WIFI_DROP,
18.7288,3,STA,WIFI_DROP,
18.7312,3,STA,WIFI_DROP,
18.7336,3,STA,WIFI_DROP,
18.736,3,STA,WIFI_DROP,
18.7384,3,STA,WIFI_DROP,
18.7408,3,STA,WIFI_DROP,
18.7432,3,STA,WIFI_DROP,
18.7456,3,STA,WIFI_DROP,
18.748,3,STA,WIFI_DROP,
18.7504,3,STA,WIFI_DROP,
18.7528,3,STA,WIFI_DROP,
18.7552,3,STA,WIFI_DROP,
18.7576,3,STA,WIFI_DROP,
18.76,3,STA,WIFI_DROP,
18.7624,3,STA,WIFI_DROP,
18.7648,3,STA,WIFI_DROP,
18.7672,3,STA,WIFI_DROP,
18.7696,3,STA,WIFI_DROP,
18.772,3,STA,WIFI_DROP,
18.7744,3,STA,WIFI_DROP,
18.7768,3,STA,WIFI_DROP,
18.7792,3,STA,WIFI_DROP,
18.7816,3,STA,WIFI_DROP,
18.784,3,STA,WIFI_DROP,
18.7864,3,STA,WIFI_DROP,
18.7888,3,STA,WIFI_DROP,
18.7912,3,STA,WIFI_DROP,
18.7936,3,STA,WIFI_DROP,
18.796,3,STA,WIFI_DROP,
18.7984,3,STA,WIFI_DROP,
18.8008,3,STA,WIFI_DROP,
18.8032,3,STA,WIFI_DROP,
18.8056,3,STA,WIFI_DROP,
18.808,3,STA,WIFI_DROP,
18.8104,3,STA,WIFI_DROP,
18.8104,14,STA,WIFI_DROP,
18.8128,3,STA,WIFI_DROP,
18.8128,14,STA,WIFI_DROP,
18.8152,3,STA,WIFI_DROP,
18.8152,14,STA,WIFI_DROP,
18.8176,3,STA,WIFI_DROP,
18.8176,14,STA,WIFI_DROP,
18.82,3,STA,WIFI_DROP,
18.82,14,STA,WIFI_DROP,
18.8224,3,STA,WIFI_DROP,
18.8224,14,STA,WIFI_DROP,
18.8248,3,STA,WIFI_DROP,
18.8248,14,STA,WIFI_DROP,
18.8272,3,STA,WIFI_DROP,
18.8272,14,STA,WIFI_DROP,
18.8296,3,STA,WIFI_DROP,
18.8296,14,STA,WIFI_DROP,
18.832,3,STA,WIFI_DROP,
18.832,14,STA,WIFI_DROP,
18.8344,3,STA,WIFI_DROP,
18.8344,14,STA,WIFI_DROP,
18.8368,3,STA,WIFI_DROP,
18.8368,14,STA,WIFI_DROP,
18.8392,3,STA,WIFI_DROP,
18.8392,14,STA,WIFI_DROP,
18.8416,3,STA,WIFI_DROP,
18.8416,14,STA,WIFI_DROP,
18.844,3,STA,WIFI_DROP,
18.844,14,STA,WIFI_DROP,
18.8464,3,STA,WIFI_DROP,
18.8464,14,STA,WIFI_DROP,
18.8488,3,STA,WIFI_DROP,
18.8488,14,STA,WIFI_DROP,
18.8512,3,STA,WIFI_DROP,
18.8512,14,STA,WIFI_DROP,
18.8536,3,STA,WIFI_DROP,
18.8536,14,STA,WIFI_DROP,
18.856,3,STA,WIFI_DROP,
18.856,14,STA,WIFI_DROP,
18.8584,14,STA,WIFI_DROP,
18.8608,14,STA,WIFI_DROP,
18.8632,14,STA,WIFI_DROP,
18.8656,14,STA,WIFI_DROP,
18.868,14,STA,WIFI_DROP,
18.8704,14,STA,WIFI_DROP,
18.8728,14,STA,WIFI_DROP,
18.8752,14,STA,WIFI_DROP,
18.8776,14,STA,WIFI_DROP,
18.88,14,STA,WIFI_DROP,
18.8824,14,STA,WIFI_DROP,
18.8848,14,STA,WIFI_DROP,
18.8872,14,STA,WIFI_DROP,
18.8896,14,STA,WIFI_DROP,
18.892,14,STA,WIFI_DROP,
18.8944,14,STA,WIFI_DROP,
18.8968,14,STA,WIFI_DROP,
18.8992,14,STA,WIFI_DROP,
18.9016,14,STA,WIFI_DROP,
18.904,14,STA,WIFI_DROP,
18.9064,14,STA,WIFI_DROP,
18.9088,14,STA,WIFI_DROP,
18.9112,14,STA,WIFI_DROP,
18.9136,14,STA,WIFI_DROP,
18.916,14,STA,WIFI_DROP,
18.9184,14,STA,WIFI_DROP,
18.9208,14,STA,WIFI_DROP,
18.9232,14,STA,WIFI_DROP,
18.9256,14,STA,WIFI_DROP,
18.928,14,STA,WIFI_DROP,
18.9304,14,STA,WIFI_DROP,
18.9328,14,STA,WIFI_DROP,
18.9352,14,STA,WIFI_DROP,
18.9376,14,STA,WIFI_DROP,
18.94,14,STA,WIFI_DROP,
18.9424,14,STA,WIFI_DROP,
18.9448,14,STA,WIFI_DROP,
18.9472,14,STA,WIFI_DROP,
18.9496,14,STA,WIFI_DROP,
18.952,14,STA,WIFI_DROP,
18.9544,14,STA,WIFI_DROP,
18.9568,14,STA,WIFI_DROP,
18.9592,14,STA,WIFI_DROP,
18.9616,14,STA,WIFI_DROP,
18.964,14,STA,WIFI_DROP,
18.9664,14,STA,WIFI_DROP,
18.9688,14,STA,WIFI_DROP,
18.9712,14,STA,WIFI_DROP,
18.9736,14,STA,WIFI_DROP,
18.976,14,STA,WIFI_DROP,
18.9784,14,STA,WIFI_DROP,
18.9808,14,STA,WIFI_DROP,
18.9832,14,STA,WIFI_DROP,
18.9856,14,STA,WIFI_DROP,
18.988,14,STA,WIFI_DROP,
18.9904,14,STA,WIFI_DROP,
18.9928,14,STA,WIFI_DROP,
18.9952,14,STA,WIFI_DROP,
18.9976,14,STA,WIFI_DROP,
19,2,STA,THROUGHPUT_MBPS,1.212000
19,3,STA,THROUGHPUT_MBPS,2.064000
19,4,STA,THROUGHPUT_MBPS,1.896000
19,6,STA,THROUGHPUT_MBPS,2.244000
19,7,STA,THROUGHPUT_MBPS,2.868000
19,8,STA,THROUGHPUT_MBPS,0.876000
19,9,STA,THROUGHPUT_MBPS,0.444000
19,11,STA,THROUGHPUT_MBPS,1.296000
19,12,STA,THROUGHPUT_MBPS,3.840000
19,13,STA,THROUGHPUT_MBPS,2.328000
19,14,STA,THROUGHPUT_MBPS,1.080000
19,15,STA,THROUGHPUT_MBPS,1.980000
19,16,STA,THROUGHPUT_MBPS,3.360000
19,17,STA,THROUGHPUT_MBPS,0.864000
19,18,STA,THROUGHPUT_MBPS,2.712000
19,20,STA,THROUGHPUT_MBPS,2.280000
19,21,STA,THROUGHPUT_MBPS,3.768000
19,1,AP,AGGREGATE_THROUGHPUT_MBPS,35.112000
19,1,AP,SENT_COUNT,8320.000000
19,1,AP,RECV_COUNT,2926.000000
19,1,AP,LATENCY_P95_MS,537.861810
19,14,STA,WIFI_DROP,
19.0024,14,STA,WIFI_DROP,
19.0048,14,STA,WIFI_DROP,
19.0072,14,STA,WIFI_DROP,
19.0096,14,STA,WIFI_DROP,
19.012,14,STA,WIFI_DROP,
19.0144,14,STA,WIFI_DROP,
19.0168,14,STA,WIFI_DROP,
19.0192,14,STA,WIFI_DROP,
19.0216,14,STA,WIFI_DROP,
19.024,14,STA,WIFI_DROP,
19.0264,14,STA,WIFI_DROP,
19.0288,14,STA,WIFI_DROP,
19.0312,14,STA,WIFI_DROP,
19.0336,14,STA,WIFI_DROP,
19.036,14,STA,WIFI_DROP,
19.0384,14,STA,WIFI_DROP,
19.0408,14,STA,WIFI_DROP,
19.0432,14,STA,WIFI_DROP,
19.0456,14,STA,WIFI_DROP,
19.048,14,STA,WIFI_DROP,
19.0504,14,STA,WIFI_DROP,
19.0528,14,STA,WIFI_DROP,
19.0552,14,STA,WIFI_DROP,
19.0576,14,STA,WIFI_DROP,
19.06,14,STA,WIFI_DROP,
19.0624,14,STA,WIFI_DROP,
19.0648,14,STA,WIFI_DROP,
19.0672,14,STA,WIFI_DROP,
19.0696,14,STA,WIFI_DROP,
19.072,14,STA,WIFI_DROP,
19.0744,14,STA,WIFI_DROP,
19.0768,14,STA,WIFI_DROP,
19.0792,14,STA,WIFI_DROP,
19.0816,14,STA,WIFI_DROP,
19.084,14,STA,WIFI_DROP,
19.0864,14,STA,WIFI_DROP,
19.0888,14,STA,WIFI_DROP,
19.0912,14,STA,WIFI_DROP,
19.0936,14,STA,WIFI_DROP,
19.096,14,STA,WIFI_DROP,
19.0984,14,STA,WIFI_DROP,
19.1008,14,STA,WIFI_DROP,
19.1032,14,STA,WIFI_DROP,
19.1056,14,STA,WIFI_DROP,
19.108,14,STA,WIFI_DROP,
19.1104,14,STA,WIFI_DROP,
