Time_s,NodeID,NodeType,Action,Value
0,2,STA,FIXED_STA_DISTANCE,90.000000
0,3,STA,FIXED_STA_DISTANCE,90.000000
0,4,STA,FIXED_STA_DISTANCE,90.000000
0,5,STA,FIXED_STA_DISTANCE,90.000000
0,6,STA,FIXED_STA_DISTANCE,90.000000
0,7,STA,FIXED_STA_DISTANCE,90.000000
0,8,STA,FIXED_STA_DISTANCE,90.000000
0,9,STA,FIXED_STA_DISTANCE,90.000000
0,10,STA,FIXED_STA_DISTANCE,90.000000
0,11,STA,FIXED_STA_DISTANCE,90.000000
0,12,STA,FIXED_STA_DISTANCE,90.000000
0,13,STA,FIXED_STA_DISTANCE,90.000000
0,14,STA,FIXED_STA_DISTANCE,90.000000
0,15,STA,FIXED_STA_DISTANCE,90.000000
0,16,STA,FIXED_STA_DISTANCE,90.000000
0,17,STA,FIXED_STA_DISTANCE,90.000000
0,18,STA,FIXED_STA_DISTANCE,90.000000
0,19,STA,FIXED_STA_DISTANCE,90.000000
0,20,STA,FIXED_STA_DISTANCE,90.000000
0,21,STA,FIXED_STA_DISTANCE,90.000000
0,2,STA,FIXED_TX_POWER_DBM,24.000000
0,2,STA,NAKAGAMI_FADING,1.000000
0.0528971,3,STA,ASSOC,
0.0528971,3,STA,JOINED,
0.0548287,10,STA,ASSOC,
0.0548287,10,STA,JOINED,
0.0555883,20,STA,ASSOC,
0.0555883,20,STA,JOINED,
0.0585861,5,STA,ASSOC,
0.0585861,5,STA,JOINED,
0.0608095,16,STA,ASSOC,
0.0608095,16,STA,JOINED,
0.0651653,14,STA,ASSOC,
0.0651653,14,STA,JOINED,
0.0705879,21,STA,ASSOC,
0.0705879,21,STA,JOINED,
0.102749,17,STA,ASSOC,
0.102749,17,STA,JOINED,
0.153741,6,STA,ASSOC,
0.153741,6,STA,JOINED,
0.154424,2,STA,ASSOC,
0.154424,2,STA,JOINED,
0.160226,8,STA,ASSOC,
0.160226,8,STA,JOINED,
0.167414,18,STA,ASSOC,
0.167414,18,STA,JOINED,
0.202053,9,STA,ASSOC,
0.202053,9,STA,JOINED,
0.252879,4,STA,ASSOC,
0.252879,4,STA,JOINED,
0.352701,11,STA,ASSOC,
0.352701,11,STA,JOINED,
0.555934,19,STA,ASSOC,
0.555934,19,STA,JOINED,
0.563433,13,STA,ASSOC,
0.563433,13,STA,JOINED,
0.651035,12,STA,ASSOC,
0.651035,12,STA,JOINED,
0.653595,7,STA,ASSOC,
0.653595,7,STA,JOINED,
1,1,AP,SENT_COUNT,
1,1,AP,RECV_COUNT,
1,15,STA,WIFI_DROP,
1.0024,15,STA,WIFI_DROP,
1.0048,15,STA,WIFI_DROP,
1.0072,15,STA,WIFI_DROP,
1.0096,15,STA,WIFI_DROP,
1.012,15,STA,WIFI_DROP,
1.0144,15,STA,WIFI_DROP,
1.0168,15,STA,WIFI_DROP,
1.0192,15,STA,WIFI_DROP,
1.0216,15,STA,WIFI_DROP,
1.024,15,STA,WIFI_DROP,
1.0264,15,STA,WIFI_DROP,
1.0288,15,STA,WIFI_DROP,
1.0312,15,STA,WIFI_DROP,
1.0336,15,STA,WIFI_DROP,
1.036,15,STA,WIFI_DROP,
1.0384,15,STA,WIFI_DROP,
1.0408,15,STA,WIFI_DROP,
1.0432,15,STA,WIFI_DROP,
1.0456,15,STA,WIFI_DROP,
1.048,15,STA,WIFI_DROP,
1.0504,15,STA,WIFI_DROP,
1.0528,15,STA,WIFI_DROP,
1.05395,15,STA,ASSOC,
1.05395,15,STA,JOINED,
1.0768,15,STA,WIFI_DROP,
1.0792,15,STA,WIFI_DROP,
1.0816,15,STA,WIFI_DROP,
1.084,15,STA,WIFI_DROP,
1.0864,15,STA,WIFI_DROP,
1.0888,15,STA,WIFI_DROP,
1.0912,15,STA,WIFI_DROP,
1.0936,15,STA,WIFI_DROP,
1.096,15,STA,WIFI_DROP,
1.0984,15,STA,WIFI_DROP,
1.1008,15,STA,WIFI_DROP,
1.1032,15,STA,WIFI_DROP,
1.1056,15,STA,WIFI_DROP,
1.108,15,STA,WIFI_DROP,
1.1104,15,STA,WIFI_DROP,
1.1128,15,STA,WIFI_DROP,
1.1152,15,STA,WIFI_DROP,
1.1176,15,STA,WIFI_DROP,
1.12,15,STA,WIFI_DROP,
1.1224,15,STA,WIFI_DROP,
1.1248,15,STA,WIFI_DROP,
1.1272,15,STA,WIFI_DROP,
1.1296,15,STA,WIFI_DROP,
1.132,15,STA,WIFI_DROP,
1.1344,15,STA,WIFI_DROP,
1.1368,15,STA,WIFI_DROP,
1.1392,15,STA,WIFI_DROP,
1.1416,15,STA,WIFI_DROP,
1.144,15,STA,WIFI_DROP,
1.1464,15,STA,WIFI_DROP,
1.1488,15,STA,WIFI_DROP,
1.1512,15,STA,WIFI_DROP,
1.1536,15,STA,WIFI_DROP,
1.156,15,STA,WIFI_DROP,
1.1584,15,STA,WIFI_DROP,
1.1608,15,STA,WIFI_DROP,
1.1632,15,STA,WIFI_DROP,
1.1656,15,STA,WIFI_DROP,
1.168,15,STA,WIFI_DROP,
1.1704,15,STA,WIFI_DROP,
1.1728,15,STA,WIFI_DROP,
1.1752,15,STA,WIFI_DROP,
1.1776,15,STA,WIFI_DROP,
1.18,12,STA,WIFI_DROP,
1.18,15,STA,WIFI_DROP,
1.1824,12,STA,WIFI_DROP,
1.1824,15,STA,WIFI_DROP,
1.1848,12,STA,WIFI_DROP,
1.1848,15,STA,WIFI_DROP,
1.1872,12,STA,WIFI_DROP,
1.1872,15,STA,WIFI_DROP,
1.1896,12,STA,WIFI_DROP,
1.1896,15,STA,WIFI_DROP,
1.192,12,STA,WIFI_DROP,
1.192,15,STA,WIFI_DROP,
1.1944,12,STA,WIFI_DROP,
1.1944,15,STA,WIFI_DROP,
1.1968,12,STA,WIFI_DROP,
1.1968,15,STA,WIFI_DROP,
1.1992,12,STA,WIFI_DROP,
1.1992,15,STA,WIFI_DROP,
1.2016,12,STA,WIFI_DROP,
1.2016,15,STA,WIFI_DROP,
1.204,12,STA,WIFI_DROP,
1.204,15,STA,WIFI_DROP,
1.2064,12,STA,WIFI_DROP,
1.2064,15,STA,WIFI_DROP,
1.2088,12,STA,WIFI_DROP,
1.2088,15,STA,WIFI_DROP,
1.2112,12,STA,WIFI_DROP,
1.2112,15,STA,WIFI_DROP,
1.2136,12,STA,WIFI_DROP,
1.2136,15,STA,WIFI_DROP,
1.216,12,STA,WIFI_DROP,
1.216,15,STA,WIFI_DROP,
1.2184,12,STA,WIFI_DROP,
1.2184,15,STA,WIFI_DROP,
1.2208,12,STA,WIFI_DROP,
1.2208,15,STA,WIFI_DROP,
1.2232,12,STA,WIFI_DROP,
1.2232,15,STA,WIFI_DROP,
1.2256,12,STA,WIFI_DROP,
1.2256,15,STA,WIFI_DROP,
1.228,12,STA,WIFI_DROP,
1.228,15,STA,WIFI_DROP,
1.2304,12,STA,WIFI_DROP,
1.2304,15,STA,WIFI_DROP,
1.2328,12,STA,WIFI_DROP,
1.2328,15,STA,WIFI_DROP,
1.2352,12,STA,WIFI_DROP,
1.2352,15,STA,WIFI_DROP,
1.2376,12,STA,WIFI_DROP,
1.2376,15,STA,WIFI_DROP,
1.24,12,STA,WIFI_DROP,
1.24,15,STA,WIFI_DROP,
1.2424,12,STA,WIFI_DROP,
1.2424,15,STA,WIFI_DROP,
1.2448,12,STA,WIFI_DROP,
1.2448,15,STA,WIFI_DROP,
1.2472,12,STA,WIFI_DROP,
1.2472,15,STA,WIFI_DROP,
1.2496,12,STA,WIFI_DROP,
1.2496,15,STA,WIFI_DROP,
1.252,12,STA,WIFI_DROP,
1.252,15,STA,WIFI_DROP,
1.2544,12,STA,WIFI_DROP,
1.2544,15,STA,WIFI_DROP,
1.2568,12,STA,WIFI_DROP,
1.2568,15,STA,WIFI_DROP,
1.2592,12,STA,WIFI_DROP,
1.2592,15,STA,WIFI_DROP,
1.2616,12,STA,WIFI_DROP,
1.2616,15,STA,WIFI_DROP,
1.264,12,STA,WIFI_DROP,
1.264,15,STA,WIFI_DROP,
1.2664,12,STA,WIFI_DROP,
1.2664,15,STA,WIFI_DROP,
1.2688,12,STA,WIFI_DROP,
1.2688,15,STA,WIFI_DROP,
1.2712,12,STA,WIFI_DROP,
1.2712,15,STA,WIFI_DROP,
1.2736,12,STA,WIFI_DROP,
1.2736,15,STA,WIFI_DROP,
1.276,12,STA,WIFI_DROP,
1.276,15,STA,WIFI_DROP,
1.2784,12,STA,WIFI_DROP,
1.2784,15,STA,WIFI_DROP,
1.2808,12,STA,WIFI_DROP,
1.2808,15,STA,WIFI_DROP,
1.2832,12,STA,WIFI_DROP,
1.2832,15,STA,WIFI_DROP,
1.2856,12,STA,WIFI_DROP,
1.2856,15,STA,WIFI_DROP,
1.288,12,STA,WIFI_DROP,
1.288,15,STA,WIFI_DROP,
1.2904,12,STA,WIFI_DROP,
1.2904,15,STA,WIFI_DROP,
1.2928,12,STA,WIFI_DROP,
1.2928,15,STA,WIFI_DROP,
1.2952,12,STA,WIFI_DROP,
1.2952,15,STA,WIFI_DROP,
1.2976,12,STA,WIFI_DROP,
1.2976,15,STA,WIFI_DROP,
1.3,12,STA,WIFI_DROP,
1.3,15,STA,WIFI_DROP,
1.3024,12,STA,WIFI_DROP,
1.3024,15,STA,WIFI_DROP,
1.3048,12,STA,WIFI_DROP,
1.3048,15,STA,WIFI_DROP,
1.3072,12,STA,WIFI_DROP,
1.3072,15,STA,WIFI_DROP,
1.3096,12,STA,WIFI_DROP,
1.3096,15,STA,WIFI_DROP,
1.312,12,STA,WIFI_DROP,
1.312,15,STA,WIFI_DROP,
1.3144,12,STA,WIFI_DROP,
1.3144,15,STA,WIFI_DROP,
1.3168,12,STA,WIFI_DROP,
1.3168,15,STA,WIFI_DROP,
1.3192,12,STA,WIFI_DROP,
1.3192,15,STA,WIFI_DROP,
1.3216,12,STA,WIFI_DROP,
1.3216,15,STA,WIFI_DROP,
1.324,12,STA,WIFI_DROP,
1.324,15,STA,WIFI_DROP,
1.3264,12,STA,WIFI_DROP,
1.3264,15,STA,WIFI_DROP,
1.3288,12,STA,WIFI_DROP,
1.3288,15,STA,WIFI_DROP,
1.3312,12,STA,WIFI_DROP,
1.3312,15,STA,WIFI_DROP,
1.3336,12,STA,WIFI_DROP,
1.3336,15,STA,WIFI_DROP,
1.336,12,STA,WIFI_DROP,
1.336,15,STA,WIFI_DROP,
1.3384,12,STA,WIFI_DROP,
1.3384,15,STA,WIFI_DROP,
1.3408,12,STA,WIFI_DROP,
1.3408,15,STA,WIFI_DROP,
1.3432,12,STA,WIFI_DROP,
1.3432,15,STA,WIFI_DROP,
1.3456,12,STA,WIFI_DROP,
1.3456,15,STA,WIFI_DROP,
1.348,12,STA,WIFI_DROP,
1.348,15,STA,WIFI_DROP,
1.3504,12,STA,WIFI_DROP,
1.3504,15,STA,WIFI_DROP,
1.3528,12,STA,WIFI_DROP,
1.3528,15,STA,WIFI_DROP,
1.3552,12,STA,WIFI_DROP,
1.3552,15,STA,WIFI_DROP,
1.3576,12,STA,WIFI_DROP,
1.3576,15,STA,WIFI_DROP,
1.36,12,STA,WIFI_DROP,
1.36,15,STA,WIFI_DROP,
1.3624,12,STA,WIFI_DROP,
1.3624,15,STA,WIFI_DROP,
1.3648,12,STA,WIFI_DROP,
1.3648,15,STA,WIFI_DROP,
1.3672,12,STA,WIFI_DROP,
1.3672,15,STA,WIFI_DROP,
1.3696,3,STA,WIFI_DROP,
1.3696,12,STA,WIFI_DROP,
1.3696,15,STA,WIFI_DROP,
1.3696,20,STA,WIFI_DROP,
1.372,3,STA,WIFI_DROP,
1.372,12,STA,WIFI_DROP,
1.372,15,STA,WIFI_DROP,
1.372,20,STA,WIFI_DROP,
1.3744,3,STA,WIFI_DROP,
1.3744,12,STA,WIFI_DROP,
1.3744,15,STA,WIFI_DROP,
1.3744,20,STA,WIFI_DROP,
1.3768,3,STA,WIFI_DROP,
1.3768,12,STA,WIFI_DROP,
1.3768,15,STA,WIFI_DROP,
1.3768,20,STA,WIFI_DROP,
1.3792,3,STA,WIFI_DROP,
1.3792,12,STA,WIFI_DROP,
1.3792,15,STA,WIFI_DROP,
1.3792,20,STA,WIFI_DROP,
1.3816,3,STA,WIFI_DROP,
1.3816,12,STA,WIFI_DROP,
1.3816,15,STA,WIFI_DROP,
1.3816,20,STA,WIFI_DROP,
1.384,3,STA,WIFI_DROP,
1.384,12,STA,WIFI_DROP,
1.384,15,STA,WIFI_DROP,
1.384,20,STA,WIFI_DROP,
1.3864,3,STA,WIFI_DROP,
1.3864,12,STA,WIFI_DROP,
1.3864,15,STA,WIFI_DROP,
1.3864,20,STA,WIFI_DROP,
1.3888,3,STA,WIFI_DROP,
1.3888,12,STA,WIFI_DROP,
1.3888,15,STA,WIFI_DROP,
1.3888,20,STA,WIFI_DROP,
1.3912,3,STA,WIFI_DROP,
1.3912,12,STA,WIFI_DROP,
1.3912,15,STA,WIFI_DROP,
1.3912,20,STA,WIFI_DROP,
1.3936,3,STA,WIFI_DROP,
1.3936,12,STA,WIFI_DROP,
1.3936,15,STA,WIFI_DROP,
1.3936,20,STA,WIFI_DROP,
1.396,3,STA,WIFI_DROP,
1.396,12,STA,WIFI_DROP,
1.396,15,STA,WIFI_DROP,
1.396,20,STA,WIFI_DROP,
1.3984,3,STA,WIFI_DROP,
1.3984,12,STA,WIFI_DROP,
1.3984,15,STA,WIFI_DROP,
1.3984,20,STA,WIFI_DROP,
1.4008,3,STA,WIFI_DROP,
1.4008,12,STA,WIFI_DROP,
1.4008,15,STA,WIFI_DROP,
1.4008,20,STA,WIFI_DROP,
1.4032,3,STA,WIFI_DROP,
1.4032,12,STA,WIFI_DROP,
1.4032,15,STA,WIFI_DROP,
1.4032,20,STA,WIFI_DROP,
1.4056,3,STA,WIFI_DROP,
1.4056,12,STA,WIFI_DROP,
1.4056,15,STA,WIFI_DROP,
1.4056,20,STA,WIFI_DROP,
1.408,3,STA,WIFI_DROP,
1.408,12,STA,WIFI_DROP,
1.408,15,STA,WIFI_DROP,
1.408,20,STA,WIFI_DROP,
1.4104,3,STA,WIFI_DROP,
1.4104,12,STA,WIFI_DROP,
1.4104,15,STA,WIFI_DROP,
1.4104,20,STA,WIFI_DROP,
1.4128,3,STA,WIFI_DROP,
1.4128,12,STA,WIFI_DROP,
1.4128,15,STA,WIFI_DROP,
1.4128,20,STA,WIFI_DROP,
1.4152,3,STA,WIFI_DROP,
1.4152,12,STA,WIFI_DROP,
1.4152,15,STA,WIFI_DROP,
1.4152,20,STA,WIFI_DROP,
1.4176,3,STA,WIFI_DROP,
1.4176,12,STA,WIFI_DROP,
1.4176,15,STA,WIFI_DROP,
1.4176,20,STA,WIFI_DROP,
1.42,3,STA,WIFI_DROP,
1.42,12,STA,WIFI_DROP,
1.42,15,STA,WIFI_DROP,
1.42,20,STA,WIFI_DROP,
1.4224,3,STA,WIFI_DROP,
1.4224,12,STA,WIFI_DROP,
1.4224,15,STA,WIFI_DROP,
1.4224,20,STA,WIFI_DROP,
1.4248,3,STA,WIFI_DROP,
1.4248,12,STA,WIFI_DROP,
1.4248,15,STA,WIFI_DROP,
1.4248,20,STA,WIFI_DROP,
1.4272,3,STA,WIFI_DROP,
1.4272,12,STA,WIFI_DROP,
1.4272,15,STA,WIFI_DROP,
1.4272,20,STA,WIFI_DROP,
1.4296,3,STA,WIFI_DROP,
1.4296,12,STA,WIFI_DROP,
1.4296,15,STA,WIFI_DROP,
1.4296,20,STA,WIFI_DROP,
1.432,3,STA,WIFI_DROP,
1.432,12,STA,WIFI_DROP,
1.432,15,STA,WIFI_DROP,
1.432,20,STA,WIFI_DROP,
1.4344,3,STA,WIFI_DROP,
1.4344,12,STA,WIFI_DROP,
1.4344,15,STA,WIFI_DROP,
1.4344,20,STA,WIFI_DROP,
1.4368,3,STA,WIFI_DROP,
1.4368,12,STA,WIFI_DROP,
1.4368,15,STA,WIFI_DROP,
1.4368,20,STA,WIFI_DROP,
1.4392,3,STA,WIFI_DROP,
1.4392,12,STA,WIFI_DROP,
1.4392,15,STA,WIFI_DROP,
1.4392,20,STA,WIFI_DROP,
1.4416,3,STA,WIFI_DROP,
1.4416,12,STA,WIFI_DROP,
1.4416,15,STA,WIFI_DROP,
1.4416,20,STA,WIFI_DROP,
1.444,3,STA,WIFI_DROP,
1.444,12,STA,WIFI_DROP,
1.444,15,STA,WIFI_DROP,
1.444,20,STA,WIFI_DROP,
1.4464,3,STA,WIFI_DROP,
1.4464,12,STA,WIFI_DROP,
1.4464,15,STA,WIFI_DROP,
1.4464,20,STA,WIFI_DROP,
1.4488,3,STA,WIFI_DROP,
1.4488,12,STA,WIFI_DROP,
1.4488,15,STA,WIFI_DROP,
1.4488,20,STA,WIFI_DROP,
1.4512,3,STA,WIFI_DROP,
1.4512,12,STA,WIFI_DROP,
1.4512,15,STA,WIFI_DROP,
1.4512,20,STA,WIFI_DROP,
1.4536,3,STA,WIFI_DROP,
1.4536,12,STA,WIFI_DROP,
1.4536,15,STA,WIFI_DROP,
1.4536,20,STA,WIFI_DROP,
1.456,3,STA,WIFI_DROP,
1.456,12,STA,WIFI_DROP,
1.456,15,STA,WIFI_DROP,
1.456,20,STA,WIFI_DROP,
1.4584,3,STA,WIFI_DROP,
1.4584,12,STA,WIFI_DROP,
1.4584,15,STA,WIFI_DROP,
1.4584,20,STA,WIFI_DROP,
1.4608,3,STA,WIFI_DROP,
1.4608,12,STA,WIFI_DROP,
1.4608,15,STA,WIFI_DROP,
1.4608,20,STA,WIFI_DROP,
1.4632,3,STA,WIFI_DROP,
1.4632,12,STA,WIFI_DROP,
1.4632,15,STA,WIFI_DROP,
1.4632,20,STA,WIFI_DROP,
1.4656,3,STA,WIFI_DROP,
1.4656,12,STA,WIFI_DROP,
1.4656,15,STA,WIFI_DROP,
1.4656,20,STA,WIFI_DROP,
1.468,3,STA,WIFI_DROP,
1.468,12,STA,WIFI_DROP,
1.468,15,STA,WIFI_DROP,
1.468,20,STA,WIFI_DROP,
1.4704,3,STA,WIFI_DROP,
1.4704,12,STA,WIFI_DROP,
1.4704,15,STA,WIFI_DROP,
1.4704,20,STA,WIFI_DROP,
1.4728,3,STA,WIFI_DROP,
1.4728,12,STA,WIFI_DROP,
1.4728,15,STA,WIFI_DROP,
1.4728,20,STA,WIFI_DROP,
1.4752,3,STA,WIFI_DROP,
1.4752,12,STA,WIFI_DROP,
1.4752,15,STA,WIFI_DROP,
1.4752,20,STA,WIFI_DROP,
1.4776,3,STA,WIFI_DROP,
1.4776,12,STA,WIFI_DROP,
1.4776,15,STA,WIFI_DROP,
1.4776,20,STA,WIFI_DROP,
1.48,3,STA,WIFI_DROP,
1.48,12,STA,WIFI_DROP,
1.48,15,STA,WIFI_DROP,
1.48,20,STA,WIFI_DROP,
1.4824,3,STA,WIFI_DROP,
1.4824,12,STA,WIFI_DROP,
1.4824,15,STA,WIFI_DROP,
1.4824,20,STA,WIFI_DROP,
1.4848,3,STA,WIFI_DROP,
1.4848,12,STA,WIFI_DROP,
1.4848,15,STA,WIFI_DROP,
1.4848,20,STA,WIFI_DROP,
1.4872,3,STA,WIFI_DROP,
1.4872,12,STA,WIFI_DROP,
1.4872,15,STA,WIFI_DROP,
1.4872,20,STA,WIFI_DROP,
1.4896,3,STA,WIFI_DROP,
1.4896,12,STA,WIFI_DROP,
1.4896,15,STA,WIFI_DROP,
1.4896,20,STA,WIFI_DROP,
1.492,3,STA,WIFI_DROP,
1.492,12,STA,WIFI_DROP,
1.492,15,STA,WIFI_DROP,
1.492,20,STA,WIFI_DROP,
1.4944,3,STA,WIFI_DROP,
1.4944,12,STA,WIFI_DROP,
1.4944,15,STA,WIFI_DROP,
1.4944,20,STA,WIFI_DROP,
1.4968,3,STA,WIFI_DROP,
1.4968,12,STA,WIFI_DROP,
1.4968,15,STA,WIFI_DROP,
1.4968,20,STA,WIFI_DROP,
1.4992,3,STA,WIFI_DROP,
1.4992,12,STA,WIFI_DROP,
1.4992,15,STA,WIFI_DROP,
1.4992,20,STA,WIFI_DROP,
1.5016,3,STA,WIFI_DROP,
1.5016,12,STA,WIFI_DROP,
1.5016,15,STA,WIFI_DROP,
1.5016,20,STA,WIFI_DROP,
1.504,3,STA,WIFI_DROP,
1.504,12,STA,WIFI_DROP,
1.504,15,STA,WIFI_DROP,
1.504,20,STA,WIFI_DROP,
1.5064,3,STA,WIFI_DROP,
1.5064,12,STA,WIFI_DROP,
1.5064,15,STA,WIFI_DROP,
1.5064,20,STA,WIFI_DROP,
1.5088,3,STA,WIFI_DROP,
1.5088,12,STA,WIFI_DROP,
1.5088,15,STA,WIFI_DROP,
1.5088,20,STA,WIFI_DROP,
1.5112,3,STA,WIFI_DROP,
1.5112,12,STA,WIFI_DROP,
1.5112,15,STA,WIFI_DROP,
1.5112,20,STA,WIFI_DROP,
1.5136,3,STA,WIFI_DROP,
1.5136,12,STA,WIFI_DROP,
1.5136,15,STA,WIFI_DROP,
1.5136,20,STA,WIFI_DROP,
1.516,3,STA,WIFI_DROP,
1.516,12,STA,WIFI_DROP,
1.516,15,STA,WIFI_DROP,
1.516,20,STA,WIFI_DROP,
1.5184,3,STA,WIFI_DROP,
1.5184,12,STA,WIFI_DROP,
1.5184,15,STA,WIFI_DROP,
1.5184,20,STA,WIFI_DROP,
1.5208,3,STA,WIFI_DROP,
1.5208,12,STA,WIFI_DROP,
1.5208,15,STA,WIFI_DROP,
1.5208,20,STA,WIFI_DROP,
1.5232,12,STA,WIFI_DROP,
1.5232,15,STA,WIFI_DROP,
1.5256,12,STA,WIFI_DROP,
1.5256,15,STA,WIFI_DROP,
1.528,12,STA,WIFI_DROP,
1.528,15,STA,WIFI_DROP,
1.5304,12,STA,WIFI_DROP,
1.5304,15,STA,WIFI_DROP,
1.5328,12,STA,WIFI_DROP,
1.5328,15,STA,WIFI_DROP,
1.5352,12,STA,WIFI_DROP,
1.5352,15,STA,WIFI_DROP,
1.5376,12,STA,WIFI_DROP,
1.5376,15,STA,WIFI_DROP,
1.54,12,STA,WIFI_DROP,
1.54,15,STA,WIFI_DROP,
1.5424,12,STA,WIFI_DROP,
1.5424,15,STA,WIFI_DROP,
1.5448,12,STA,WIFI_DROP,
1.5448,15,STA,WIFI_DROP,
1.5472,12,STA,WIFI_DROP,
1.5472,15,STA,WIFI_DROP,
1.5496,12,STA,WIFI_DROP,
1.5496,15,STA,WIFI_DROP,
1.552,12,STA,WIFI_DROP,
1.552,15,STA,WIFI_DROP,
1.5544,12,STA,WIFI_DROP,
1.5544,15,STA,WIFI_DROP,
1.5568,12,STA,WIFI_DROP,
1.5568,15,STA,WIFI_DROP,
1.5592,12,STA,WIFI_DROP,
1.5592,15,STA,WIFI_DROP,
1.5616,12,STA,WIFI_DROP,
1.5616,15,STA,WIFI_DROP,
1.564,12,STA,WIFI_DROP,
1.564,15,STA,WIFI_DROP,
1.5664,12,STA,WIFI_DROP,
1.5664,15,STA,WIFI_DROP,
1.5688,12,STA,WIFI_DROP,
1.5688,15,STA,WIFI_DROP,
1.5712,12,STA,WIFI_DROP,
1.5712,15,STA,WIFI_DROP,
1.5736,12,STA,WIFI_DROP,
1.5736,15,STA,WIFI_DROP,
1.576,12,STA,WIFI_DROP,
1.576,15,STA,WIFI_DROP,
1.5784,12,STA,WIFI_DROP,
1.5784,15,STA,WIFI_DROP,
1.5808,12,STA,WIFI_DROP,
1.5832,12,STA,WIFI_DROP,
1.5856,12,STA,WIFI_DROP,
1.588,12,STA,WIFI_DROP,
1.5904,12,STA,WIFI_DROP,
1.5928,12,STA,WIFI_DROP,
1.5952,12,STA,WIFI_DROP,
1.5976,12,STA,WIFI_DROP,
1.6,12,STA,WIFI_DROP,
1.6024,12,STA,WIFI_DROP,
1.6048,12,STA,WIFI_DROP,
1.6072,12,STA,WIFI_DROP,
1.6096,12,STA,WIFI_DROP,
1.612,12,STA,WIFI_DROP,
1.6144,12,STA,WIFI_DROP,
1.6168,12,STA,WIFI_DROP,
1.6192,12,STA,WIFI_DROP,
1.6216,12,STA,WIFI_DROP,
1.624,12,STA,WIFI_DROP,
1.6264,12,STA,WIFI_DROP,
1.6288,12,STA,WIFI_DROP,
1.6312,12,STA,WIFI_DROP,
1.6336,12,STA,WIFI_DROP,
1.636,12,STA,WIFI_DROP,
1.6384,12,STA,WIFI_DROP,
1.6408,12,STA,WIFI_DROP,
1.6432,12,STA,WIFI_DROP,
1.6456,12,STA,WIFI_DROP,
1.648,12,STA,WIFI_DROP,
1.6504,12,STA,WIFI_DROP,
1.6528,12,STA,WIFI_DROP,
1.6552,12,STA,WIFI_DROP,
1.6576,12,STA,WIFI_DROP,
1.66,12,STA,WIFI_DROP,
1.6624,12,STA,WIFI_DROP,
1.6648,12,STA,WIFI_DROP,
1.6672,12,STA,WIFI_DROP,
1.6696,12,STA,WIFI_DROP,
1.672,12,STA,WIFI_DROP,
1.6744,12,STA,WIFI_DROP,
1.6768,12,STA,WIFI_DROP,
1.6792,12,STA,WIFI_DROP,
1.6816,12,STA,WIFI_DROP,
1.684,12,STA,WIFI_DROP,
1.6864,12,STA,WIFI_DROP,
1.6888,12,STA,WIFI_DROP,
1.6912,12,STA,WIFI_DROP,
1.6936,12,STA,WIFI_DROP,
1.696,12,STA,WIFI_DROP,
1.6984,12,STA,WIFI_DROP,
1.7008,12,STA,WIFI_DROP,
1.7032,12,STA,WIFI_DROP,
1.7056,12,STA,WIFI_DROP,
1.708,12,STA,WIFI_DROP,
1.7104,12,STA,WIFI_DROP,
1.7128,12,STA,WIFI_DROP,
1.7152,12,STA,WIFI_DROP,
1.7176,12,STA,WIFI_DROP,
1.72,12,STA,WIFI_DROP,
1.7224,12,STA,WIFI_DROP,
1.7248,12,STA,WIFI_DROP,
1.7272,12,STA,WIFI_DROP,
1.7296,12,STA,WIFI_DROP,
1.732,12,STA,WIFI_DROP,
1.7344,12,STA,WIFI_DROP,
1.7368,12,STA,WIFI_DROP,
1.7392,12,STA,WIFI_DROP,
1.7416,12,STA,WIFI_DROP,
1.744,12,STA,WIFI_DROP,
1.7464,12,STA,WIFI_DROP,
1.7488,12,STA,WIFI_DROP,
1.7512,12,STA,WIFI_DROP,
1.7536,12,STA,WIFI_DROP,
1.756,12,STA,WIFI_DROP,
1.7584,12,STA,WIFI_DROP,
1.7608,12,STA,WIFI_DROP,
1.7632,12,STA,WIFI_DROP,
1.7656,12,STA,WIFI_DROP,
1.768,12,STA,WIFI_DROP,
1.7704,12,STA,WIFI_DROP,
1.7728,12,STA,WIFI_DROP,
1.7752,12,STA,WIFI_DROP,
1.7776,12,STA,WIFI_DROP,
1.78,4,STA,WIFI_DROP,
1.78,12,STA,WIFI_DROP,
1.7824,4,STA,WIFI_DROP,
1.7824,12,STA,WIFI_DROP,
1.7848,4,STA,WIFI_DROP,
1.7848,12,STA,WIFI_DROP,
1.7872,4,STA,WIFI_DROP,
1.7872,12,STA,WIFI_DROP,
1.7896,4,STA,WIFI_DROP,
1.7896,12,STA,WIFI_DROP,
1.792,4,STA,WIFI_DROP,
1.792,12,STA,WIFI_DROP,
1.7944,4,STA,WIFI_DROP,
1.7944,12,STA,WIFI_DROP,
1.7968,4,STA,WIFI_DROP,
1.7968,12,STA,WIFI_DROP,
1.7992,4,STA,WIFI_DROP,
1.7992,12,STA,WIFI_DROP,
1.8016,4,STA,WIFI_DROP,
1.8016,12,STA,WIFI_DROP,
1.804,4,STA,WIFI_DROP,
1.804,12,STA,WIFI_DROP,
1.8064,4,STA,WIFI_DROP,
1.8064,12,STA,WIFI_DROP,
1.8088,4,STA,WIFI_DROP,
1.8088,12,STA,WIFI_DROP,
1.8112,4,STA,WIFI_DROP,
1.8112,12,STA,WIFI_DROP,
1.8136,4,STA,WIFI_DROP,
1.8136,12,STA,WIFI_DROP,
1.816,4,STA,WIFI_DROP,
1.816,12,STA,WIFI_DROP,
1.8184,4,STA,WIFI_DROP,
1.8184,12,STA,WIFI_DROP,
1.8208,4,STA,WIFI_DROP,
1.8208,12,STA,WIFI_DROP,
1.8232,4,STA,WIFI_DROP,
1.8232,12,STA,WIFI_DROP,
1.8256,4,STA,WIFI_DROP,
1.8256,12,STA,WIFI_DROP,
1.828,4,STA,WIFI_DROP,
1.828,12,STA,WIFI_DROP,
1.8304,4,STA,WIFI_DROP,
1.8304,12,STA,WIFI_DROP,
1.8328,4,STA,WIFI_DROP,
1.8328,12,STA,WIFI_DROP,
1.8352,4,STA,WIFI_DROP,
1.8352,12,STA,WIFI_DROP,
1.8376,4,STA,WIFI_DROP,
1.8376,12,STA,WIFI_DROP,
1.84,4,STA,WIFI_DROP,
1.84,12,STA,WIFI_DROP,
1.8424,4,STA,WIFI_DROP,
1.8424,12,STA,WIFI_DROP,
1.8448,4,STA,WIFI_DROP,
1.8448,12,STA,WIFI_DROP,
1.8472,4,STA,WIFI_DROP,
1.8472,12,STA,WIFI_DROP,
1.8496,4,STA,WIFI_DROP,
1.8496,12,STA,WIFI_DROP,
1.852,4,STA,WIFI_DROP,
1.852,12,STA,WIFI_DROP,
1.8544,4,STA,WIFI_DROP,
1.8544,12,STA,WIFI_DROP,
1.8568,4,STA,WIFI_DROP,
1.8568,12,STA,WIFI_DROP,
1.8592,4,STA,WIFI_DROP,
1.8592,12,STA,WIFI_DROP,
1.8616,4,STA,WIFI_DROP,
1.8616,12,STA,WIFI_DROP,
1.864,4,STA,WIFI_DROP,
1.864,12,STA,WIFI_DROP,
1.8664,4,STA,WIFI_DROP,
1.8664,12,STA,WIFI_DROP,
1.8688,4,STA,WIFI_DROP,
1.8688,12,STA,WIFI_DROP,
1.8712,4,STA,WIFI_DROP,
1.8712,12,STA,WIFI_DROP,
1.8736,4,STA,WIFI_DROP,
1.8736,12,STA,WIFI_DROP,
1.876,4,STA,WIFI_DROP,
1.876,12,STA,WIFI_DROP,
1.8784,4,STA,WIFI_DROP,
1.8784,12,STA,WIFI_DROP,
1.8808,4,STA,WIFI_DROP,
1.8808,12,STA,WIFI_DROP,
1.8832,4,STA,WIFI_DROP,
1.8832,11,STA,WIFI_DROP,
1.8856,4,STA,WIFI_DROP,
1.8856,11,STA,WIFI_DROP,
1.888,4,STA,WIFI_DROP,
1.888,11,STA,WIFI_DROP,
1.8904,4,STA,WIFI_DROP,
1.8904,11,STA,WIFI_DROP,
1.8928,4,STA,WIFI_DROP,
1.8928,11,STA,WIFI_DROP,
1.8952,4,STA,WIFI_DROP,
1.8952,11,STA,WIFI_DROP,
1.8976,4,STA,WIFI_DROP,
1.8976,11,STA,WIFI_DROP,
1.9,4,STA,WIFI_DROP,
1.9,11,STA,WIFI_DROP,
1.9024,4,STA,WIFI_DROP,
1.9024,11,STA,WIFI_DROP,
1.9048,4,STA,WIFI_DROP,
1.9048,11,STA,WIFI_DROP,
1.9072,4,STA,WIFI_DROP,
1.9072,11,STA,WIFI_DROP,
1.9096,4,STA,WIFI_DROP,
1.9096,11,STA,WIFI_DROP,
1.912,4,STA,WIFI_DROP,
1.912,11,STA,WIFI_DROP,
1.9144,4,STA,WIFI_DROP,
1.9144,11,STA,WIFI_DROP,
1.9168,4,STA,WIFI_DROP,
1.9168,11,STA,WIFI_DROP,
1.9192,4,STA,WIFI_DROP,
1.9192,11,STA,WIFI_DROP,
1.9216,4,STA,WIFI_DROP,
1.9216,11,STA,WIFI_DROP,
1.924,4,STA,WIFI_DROP,
1.924,11,STA,WIFI_DROP,
1.9264,4,STA,WIFI_DROP,
1.9264,11,STA,WIFI_DROP,
1.9288,4,STA,WIFI_DROP,
1.9288,11,STA,WIFI_DROP,
1.9312,4,STA,WIFI_DROP,
1.9312,11,STA,WIFI_DROP,
1.9336,4,STA,WIFI_DROP,
1.9336,11,STA,WIFI_DROP,
1.936,4,STA,WIFI_DROP,
1.936,11,STA,WIFI_DROP,
1.9384,4,STA,WIFI_DROP,
1.9384,11,STA,WIFI_DROP,
1.9408,4,STA,WIFI_DROP,
1.9408,11,STA,WIFI_DROP,
1.9432,4,STA,WIFI_DROP,
1.9432,11,STA,WIFI_DROP,
1.9456,4,STA,WIFI_DROP,
1.9456,11,STA,WIFI_DROP,
1.948,4,STA,WIFI_DROP,
1.948,11,STA,WIFI_DROP,
1.9504,4,STA,WIFI_DROP,
1.9504,11,STA,WIFI_DROP,
1.9528,4,STA,WIFI_DROP,
1.9528,11,STA,WIFI_DROP,
1.9552,4,STA,WIFI_DROP,
1.9552,11,STA,WIFI_DROP,
1.9576,4,STA,WIFI_DROP,
1.9576,11,STA,WIFI_DROP,
1.96,4,STA,WIFI_DROP,
1.96,11,STA,WIFI_DROP,
1.9624,4,STA,WIFI_DROP,
1.9624,11,STA,WIFI_DROP,
1.9648,4,STA,WIFI_DROP,
1.9648,11,STA,WIFI_DROP,
1.9672,4,STA,WIFI_DROP,
1.9672,11,STA,WIFI_DROP,
1.9696,4,STA,WIFI_DROP,
1.9696,11,STA,WIFI_DROP,
1.972,4,STA,WIFI_DROP,
1.972,11,STA,WIFI_DROP,
1.9744,4,STA,WIFI_DROP,
1.9744,11,STA,WIFI_DROP,
1.9768,4,STA,WIFI_DROP,
1.9768,11,STA,WIFI_DROP,
1.9792,4,STA,WIFI_DROP,
1.9792,11,STA,WIFI_DROP,
1.9816,4,STA,WIFI_DROP,
1.9816,11,STA,WIFI_DROP,
1.984,4,STA,WIFI_DROP,
1.984,11,STA,WIFI_DROP,
1.9864,4,STA,WIFI_DROP,
1.9864,11,STA,WIFI_DROP,
1.9888,4,STA,WIFI_DROP,
1.9888,11,STA,WIFI_DROP,
1.9912,4,STA,WIFI_DROP,
1.9912,11,STA,WIFI_DROP,
1.9936,4,STA,WIFI_DROP,
1.9936,11,STA,WIFI_DROP,
1.996,4,STA,WIFI_DROP,
1.996,11,STA,WIFI_DROP,
1.9984,4,STA,WIFI_DROP,
1.9984,11,STA,WIFI_DROP,
2,3,STA,THROUGHPUT_MBPS,0.552000
2,5,STA,THROUGHPUT_MBPS,1.632000
2,6,STA,THROUGHPUT_MBPS,1.632000
2,7,STA,THROUGHPUT_MBPS,0.792000
2,8,STA,THROUGHPUT_MBPS,1.068000
2,10,STA,THROUGHPUT_MBPS,2.532000
2,11,STA,THROUGHPUT_MBPS,2.316000
2,12,STA,THROUGHPUT_MBPS,0.144000
2,13,STA,THROUGHPUT_MBPS,1.524000
2,14,STA,THROUGHPUT_MBPS,0.828000
2,15,STA,THROUGHPUT_MBPS,0.216000
2,16,STA,THROUGHPUT_MBPS,1.200000
2,17,STA,THROUGHPUT_MBPS,1.116000
2,20,STA,THROUGHPUT_MBPS,1.476000
2,21,STA,THROUGHPUT_MBPS,0.156000
2,1,AP,AGGREGATE_THROUGHPUT_MBPS,17.184000
2,1,AP,SENT_COUNT,8340.000000
2,1,AP,RECV_COUNT,1432.000000
2,1,AP,LATENCY_P95_MS,526.455531
2.0008,4,STA,WIFI_DROP,
2.0008,11,STA,WIFI_DROP,
2.0032,4,STA,WIFI_DROP,
2.0032,11,STA,WIFI_DROP,
2.0056,4,STA,WIFI_DROP,
2.0056,11,STA,WIFI_DROP,
2.008,4,STA,WIFI_DROP,
2.008,11,STA,WIFI_DROP,
2.0104,4,STA,WIFI_DROP,
2.0104,11,STA,WIFI_DROP,
2.0128,4,STA,WIFI_DROP,
2.0128,11,STA,WIFI_DROP,
2.0152,4,STA,WIFI_DROP,
2.0152,11,STA,WIFI_DROP,
2.0176,4,STA,WIFI_DROP,
2.0176,11,STA,WIFI_DROP,
2.02,4,STA,WIFI_DROP,
2.02,11,STA,WIFI_DROP,
2.0224,4,STA,WIFI_DROP,
2.0224,11,STA,WIFI_DROP,
2.0248,4,STA,WIFI_DROP,
2.0248,11,STA,WIFI_DROP,
2.0272,4,STA,WIFI_DROP,
2.0272,11,STA,WIFI_DROP,
2.0296,4,STA,WIFI_DROP,
2.0296,11,STA,WIFI_DROP,
2.032,4,STA,WIFI_DROP,
2.032,11,STA,WIFI_DROP,
2.0344,4,STA,WIFI_DROP,
2.0344,11,STA,WIFI_DROP,
2.0368,4,STA,WIFI_DROP,
2.0392,4,STA,WIFI_DROP,
2.0416,4,STA,WIFI_DROP,
2.044,4,STA,WIFI_DROP,
2.0464,4,STA,WIFI_DROP,
2.0488,4,STA,WIFI_DROP,
2.0512,4,STA,WIFI_DROP,
2.0536,4,STA,WIFI_DROP,
2.056,4,STA,WIFI_DROP,
2.0584,4,STA,WIFI_DROP,
2.0608,4,STA,WIFI_DROP,
2.0632,4,STA,WIFI_DROP,
2.0656,4,STA,WIFI_DROP,
2.068,4,STA,WIFI_DROP,
2.0704,4,STA,WIFI_DROP,
2.0728,4,STA,WIFI_DROP,
2.0752,4,STA,WIFI_DROP,
2.0776,4,STA,WIFI_DROP,
2.08,4,STA,WIFI_DROP,
2.0824,4,STA,WIFI_DROP,
2.0848,4,STA,WIFI_DROP,
2.0872,4,STA,WIFI_DROP,
2.0896,4,STA,WIFI_DROP,
2.092,4,STA,WIFI_DROP,
2.0944,4,STA,WIFI_DROP,
2.0968,4,STA,WIFI_DROP,
2.0992,4,STA,WIFI_DROP,
2.1016,4,STA,WIFI_DROP,
2.104,4,STA,WIFI_DROP,
2.1064,4,STA,WIFI_DROP,
2.1088,4,STA,WIFI_DROP,
2.1112,4,STA,WIFI_DROP,
2.1136,4,STA,WIFI_DROP,
2.116,4,STA,WIFI_DROP,
2.1184,4,STA,WIFI_DROP,
2.1208,4,STA,WIFI_DROP,
2.1232,4,STA,WIFI_DROP,
2.1256,4,STA,WIFI_DROP,
2.128,4,STA,WIFI_DROP,
2.1304,4,STA,WIFI_DROP,
2.1328,4,STA,WIFI_DROP,
2.1352,4,STA,WIFI_DROP,
2.1376,4,STA,WIFI_DROP,
2.14,4,STA,WIFI_DROP,
2.1424,4,STA,WIFI_DROP,
2.1448,4,STA,WIFI_DROP,
2.1472,4,STA,WIFI_DROP,
2.1496,4,STA,WIFI_DROP,
2.152,4,STA,WIFI_DROP,
2.1544,4,STA,WIFI_DROP,
2.1568,4,STA,WIFI_DROP,
2.1592,4,STA,WIFI_DROP,
2.1616,4,STA,WIFI_DROP,
2.164,4,STA,WIFI_DROP,
2.1664,4,STA,WIFI_DROP,
2.1688,4,STA,WIFI_DROP,
2.1712,4,STA,WIFI_DROP,
2.1736,4,STA,WIFI_DROP,
2.176,4,STA,WIFI_DROP,
2.1784,4,STA,WIFI_DROP,
2.1808,4,STA,WIFI_DROP,
2.1832,4,STA,WIFI_DROP,
2.1856,4,STA,WIFI_DROP,
2.188,4,STA,WIFI_DROP,
2.1904,4,STA,WIFI_DROP,
2.1928,4,STA,WIFI_DROP,
2.1952,4,STA,WIFI_DROP,
2.1976,4,STA,WIFI_DROP,
2.2,4,STA,WIFI_DROP,
2.2024,4,STA,WIFI_DROP,
2.2048,4,STA,WIFI_DROP,
2.2072,4,STA,WIFI_DROP,
2.2096,4,STA,WIFI_DROP,
2.212,4,STA,WIFI_DROP,
2.2144,4,STA,WIFI_DROP,
2.2168,4,STA,WIFI_DROP,
2.2192,4,STA,WIFI_DROP,
2.2216,4,STA,WIFI_DROP,
2.224,4,STA,WIFI_DROP,
2.2264,4,STA,WIFI_DROP,
2.2288,4,STA,WIFI_DROP,
2.2312,4,STA,WIFI_DROP,
2.2336,4,STA,WIFI_DROP,
2.236,4,STA,WIFI_DROP,
2.2384,4,STA,WIFI_DROP,
2.2408,4,STA,WIFI_DROP,
2.2432,4,STA,WIFI_DROP,
2.2456,4,STA,WIFI_DROP,
2.248,4,STA,WIFI_DROP,
2.2504,4,STA,WIFI_DROP,
2.2528,4,STA,WIFI_DROP,
2.2552,4,STA,WIFI_DROP,
2.2576,4,STA,WIFI_DROP,
2.26,4,STA,WIFI_DROP,
2.2624,4,STA,WIFI_DROP,
2.2648,4,STA,WIFI_DROP,
2.2672,4,STA,WIFI_DROP,
2.2696,4,STA,WIFI_DROP,
2.272,4,STA,WIFI_DROP,
2.2744,4,STA,WIFI_DROP,
2.2768,4,STA,WIFI_DROP,
2.2792,4,STA,WIFI_DROP,
2.2816,4,STA,WIFI_DROP,
2.284,4,STA,WIFI_DROP,
2.2864,4,STA,WIFI_DROP,
2.2888,4,STA,WIFI_DROP,
2.2912,4,STA,WIFI_DROP,
2.2936,4,STA,WIFI_DROP,
2.296,4,STA,WIFI_DROP,
2.2984,4,STA,WIFI_DROP,
2.3008,4,STA,WIFI_DROP,
2.3032,4,STA,WIFI_DROP,
2.3056,4,STA,WIFI_DROP,
2.308,4,STA,WIFI_DROP,
2.3104,4,STA,WIFI_DROP,
2.3128,4,STA,WIFI_DROP,
2.3152,4,STA,WIFI_DROP,
2.3176,4,STA,WIFI_DROP,
2.32,4,STA,WIFI_DROP,
2.3224,4,STA,WIFI_DROP,
2.3248,4,STA,WIFI_DROP,
2.3272,4,STA,WIFI_DROP,
2.3296,4,STA,WIFI_DROP,
2.332,4,STA,WIFI_DROP,
2.3344,4,STA,WIFI_DROP,
2.3368,4,STA,WIFI_DROP,
2.3392,4,STA,WIFI_DROP,
2.3416,4,STA,WIFI_DROP,
2.344,4,STA,WIFI_DROP,
2.3464,4,STA,WIFI_DROP,
2.3488,4,STA,WIFI_DROP,
2.3512,4,STA,WIFI_DROP,
2.3536,4,STA,WIFI_DROP,
2.356,4,STA,WIFI_DROP,
2.3584,4,STA,WIFI_DROP,
2.3608,4,STA,WIFI_DROP,
2.3632,4,STA,WIFI_DROP,
2.3656,4,STA,WIFI_DROP,
2.368,4,STA,WIFI_DROP,
2.3704,4,STA,WIFI_DROP,
2.3728,4,STA,WIFI_DROP,
2.3752,4,STA,WIFI_DROP,
2.3776,4,STA,WIFI_DROP,
2.38,4,STA,WIFI_DROP,
2.4952,19,STA,WIFI_DROP,
2.4976,19,STA,WIFI_DROP,
2.5,19,STA,WIFI_DROP,
2.5024,19,STA,WIFI_DROP,
2.5048,19,STA,WIFI_DROP,
2.5072,19,STA,WIFI_DROP,
2.5096,19,STA,WIFI_DROP,
2.512,19,STA,WIFI_DROP,
2.5144,19,STA,WIFI_DROP,
2.5168,19,STA,WIFI_DROP,
2.5192,19,STA,WIFI_DROP,
2.5216,19,STA,WIFI_DROP,
2.524,19,STA,WIFI_DROP,
2.5264,19,STA,WIFI_DROP,
2.5288,19,STA,WIFI_DROP,
2.5312,19,STA,WIFI_DROP,
2.5336,19,STA,WIFI_DROP,
2.536,19,STA,WIFI_DROP,
2.5384,19,STA,WIFI_DROP,
2.5408,19,STA,WIFI_DROP,
2.5432,19,STA,WIFI_DROP,
2.5456,19,STA,WIFI_DROP,
2.548,19,STA,WIFI_DROP,
2.5504,19,STA,WIFI_DROP,
2.5528,19,STA,WIFI_DROP,
2.5552,19,STA,WIFI_DROP,
2.5576,19,STA,WIFI_DROP,
2.56,19,STA,WIFI_DROP,
2.5624,19,STA,WIFI_DROP,
2.5648,19,STA,WIFI_DROP,
2.5672,19,STA,WIFI_DROP,
2.5696,19,STA,WIFI_DROP,
2.572,19,STA,WIFI_DROP,
2.5744,19,STA,WIFI_DROP,
2.5768,19,STA,WIFI_DROP,
2.5792,19,STA,WIFI_DROP,
2.5816,19,STA,WIFI_DROP,
2.584,19,STA,WIFI_DROP,
2.5864,19,STA,WIFI_DROP,
2.5888,19,STA,WIFI_DROP,
2.5912,19,STA,WIFI_DROP,
2.5936,19,STA,WIFI_DROP,
2.596,19,STA,WIFI_DROP,
2.5984,19,STA,WIFI_DROP,
2.6008,7,STA,WIFI_DROP,
2.6008,19,STA,WIFI_DROP,
2.6032,7,STA,WIFI_DROP,
2.6032,19,STA,WIFI_DROP,
2.6056,7,STA,WIFI_DROP,
2.6056,19,STA,WIFI_DROP,
2.608,7,STA,WIFI_DROP,
2.608,19,STA,WIFI_DROP,
2.6104,7,STA,WIFI_DROP,
2.6104,19,STA,WIFI_DROP,
2.6128,7,STA,WIFI_DROP,
2.6128,19,STA,WIFI_DROP,
2.6152,7,STA,WIFI_DROP,
2.6152,19,STA,WIFI_DROP,
2.6176,7,STA,WIFI_DROP,
2.6176,19,STA,WIFI_DROP,
2.62,7,STA,WIFI_DROP,
2.62,19,STA,WIFI_DROP,
2.6224,7,STA,WIFI_DROP,
2.6224,19,STA,WIFI_DROP,
2.6248,7,STA,WIFI_DROP,
2.6248,19,STA,WIFI_DROP,
2.6272,7,STA,WIFI_DROP,
2.6272,19,STA,WIFI_DROP,
2.6296,7,STA,WIFI_DROP,
2.6296,19,STA,WIFI_DROP,
2.632,7,STA,WIFI_DROP,
2.632,19,STA,WIFI_DROP,
2.6344,7,STA,WIFI_DROP,
2.6344,19,STA,WIFI_DROP,
2.6368,7,STA,WIFI_DROP,
2.6368,19,STA,WIFI_DROP,
2.6392,7,STA,WIFI_DROP,
2.6392,19,STA,WIFI_DROP,
2.6416,7,STA,WIFI_DROP,
2.6416,19,STA,WIFI_DROP,
2.644,7,STA,WIFI_DROP,
2.644,19,STA,WIFI_DROP,
2.6464,7,STA,WIFI_DROP,
2.6464,19,STA,WIFI_DROP,
2.6488,7,STA,WIFI_DROP,
2.6488,19,STA,WIFI_DROP,
2.6512,7,STA,WIFI_DROP,
2.6512,19,STA,WIFI_DROP,
2.6536,7,STA,WIFI_DROP,
2.6536,19,STA,WIFI_DROP,
2.656,7,STA,WIFI_DROP,
2.656,19,STA,WIFI_DROP,
2.6584,7,STA,WIFI_DROP,
2.6584,19,STA,WIFI_DROP,
2.6608,7,STA,WIFI_DROP,
2.6608,19,STA,WIFI_DROP,
2.6632,7,STA,WIFI_DROP,
2.6632,19,STA,WIFI_DROP,
2.6656,7,STA,WIFI_DROP,
2.6656,19,STA,WIFI_DROP,
2.668,7,STA,WIFI_DROP,
2.668,19,STA,WIFI_DROP,
2.6704,7,STA,WIFI_DROP,
2.6704,19,STA,WIFI_DROP,
2.6728,7,STA,WIFI_DROP,
2.6728,19,STA,WIFI_DROP,
2.6752,7,STA,WIFI_DROP,
2.6752,19,STA,WIFI_DROP,
2.6776,7,STA,WIFI_DROP,
2.6776,19,STA,WIFI_DROP,
2.68,7,STA,WIFI_DROP,
2.68,19,STA,WIFI_DROP,
2.6824,7,STA,WIFI_DROP,
2.6824,19,STA,WIFI_DROP,
2.6848,7,STA,WIFI_DROP,
2.6848,19,STA,WIFI_DROP,
2.6872,7,STA,WIFI_DROP,
2.6872,19,STA,WIFI_DROP,
2.6896,7,STA,WIFI_DROP,
2.6896,19,STA,WIFI_DROP,
2.692,7,STA,WIFI_DROP,
2.692,19,STA,WIFI_DROP,
2.6944,7,STA,WIFI_DROP,
2.6944,19,STA,WIFI_DROP,
2.6968,7,STA,WIFI_DROP,
2.6968,19,STA,WIFI_DROP,
2.6992,7,STA,WIFI_DROP,
2.6992,19,STA,WIFI_DROP,
2.7016,7,STA,WIFI_DROP,
2.7016,10,STA,WIFI_DROP,
2.7016,19,STA,WIFI_DROP,
2.704,7,STA,WIFI_DROP,
2.704,10,STA,WIFI_DROP,
2.704,19,STA,WIFI_DROP,
2.7064,7,STA,WIFI_DROP,
2.7064,10,STA,WIFI_DROP,
2.7064,19,STA,WIFI_DROP,
2.7088,7,STA,WIFI_DROP,
2.7088,10,STA,WIFI_DROP,
2.7088,19,STA,WIFI_DROP,
2.7112,7,STA,WIFI_DROP,
2.7112,10,STA,WIFI_DROP,
2.7112,19,STA,WIFI_DROP,
2.7136,7,STA,WIFI_DROP,
2.7136,10,STA,WIFI_DROP,
2.7136,19,STA,WIFI_DROP,
2.716,7,STA,WIFI_DROP,
2.716,10,STA,WIFI_DROP,
2.716,19,STA,WIFI_DROP,
2.7184,7,STA,WIFI_DROP,
2.7184,10,STA,WIFI_DROP,
2.7184,19,STA,WIFI_DROP,
2.7208,7,STA,WIFI_DROP,
2.7208,10,STA,WIFI_DROP,
2.7208,19,STA,WIFI_DROP,
2.7232,7,STA,WIFI_DROP,
2.7232,10,STA,WIFI_DROP,
2.7232,19,STA,WIFI_DROP,
2.7256,7,STA,WIFI_DROP,
2.7256,10,STA,WIFI_DROP,
2.7256,19,STA,WIFI_DROP,
2.728,7,STA,WIFI_DROP,
2.728,10,STA,WIFI_DROP,
2.728,19,STA,WIFI_DROP,
2.7304,7,STA,WIFI_DROP,
2.7304,10,STA,WIFI_DROP,
2.7304,19,STA,WIFI_DROP,
2.7328,7,STA,WIFI_DROP,
2.7328,10,STA,WIFI_DROP,
2.7328,19,STA,WIFI_DROP,
2.7352,7,STA,WIFI_DROP,
2.7352,10,STA,WIFI_DROP,
2.7352,19,STA,WIFI_DROP,
2.7376,7,STA,WIFI_DROP,
2.7376,10,STA,WIFI_DROP,
2.7376,19,STA,WIFI_DROP,
2.74,7,STA,WIFI_DROP,
2.74,10,STA,WIFI_DROP,
2.74,19,STA,WIFI_DROP,
2.7424,7,STA,WIFI_DROP,
2.7424,10,STA,WIFI_DROP,
2.7424,19,STA,WIFI_DROP,
2.7448,7,STA,WIFI_DROP,
2.7448,10,STA,WIFI_DROP,
2.7448,19,STA,WIFI_DROP,
2.7472,7,STA,WIFI_DROP,
2.7472,10,STA,WIFI_DROP,
2.7472,19,STA,WIFI_DROP,
2.7496,7,STA,WIFI_DROP,
2.7496,10,STA,WIFI_DROP,
2.7496,19,STA,WIFI_DROP,
2.752,7,STA,WIFI_DROP,
2.752,10,STA,WIFI_DROP,
2.752,19,STA,WIFI_DROP,
2.7544,7,STA,WIFI_DROP,
2.7544,10,STA,WIFI_DROP,
2.7544,19,STA,WIFI_DROP,
2.7568,7,STA,WIFI_DROP,
2.7568,10,STA,WIFI_DROP,
2.7568,19,STA,WIFI_DROP,
2.7592,7,STA,WIFI_DROP,
2.7592,10,STA,WIFI_DROP,
2.7592,19,STA,WIFI_DROP,
2.7616,7,STA,WIFI_DROP,
2.7616,10,STA,WIFI_DROP,
2.7616,19,STA,WIFI_DROP,
2.764,7,STA,WIFI_DROP,
2.764,10,STA,WIFI_DROP,
2.764,19,STA,WIFI_DROP,
2.7664,7,STA,WIFI_DROP,
2.7664,10,STA,WIFI_DROP,
2.7664,19,STA,WIFI_DROP,
2.7688,7,STA,WIFI_DROP,
2.7688,10,STA,WIFI_DROP,
2.7688,19,STA,WIFI_DROP,
2.7712,7,STA,WIFI_DROP,
2.7712,10,STA,WIFI_DROP,
2.7712,19,STA,WIFI_DROP,
2.7736,7,STA,WIFI_DROP,
2.7736,10,STA,WIFI_DROP,
2.7736,19,STA,WIFI_DROP,
2.776,7,STA,WIFI_DROP,
2.776,10,STA,WIFI_DROP,
2.776,19,STA,WIFI_DROP,
2.7784,7,STA,WIFI_DROP,
2.7784,10,STA,WIFI_DROP,
2.7784,19,STA,WIFI_DROP,
2.7808,7,STA,WIFI_DROP,
2.7808,10,STA,WIFI_DROP,
2.7808,19,STA,WIFI_DROP,
2.7832,7,STA,WIFI_DROP,
2.7832,10,STA,WIFI_DROP,
2.7832,19,STA,WIFI_DROP,
2.7856,7,STA,WIFI_DROP,
2.7856,10,STA,WIFI_DROP,
2.7856,19,STA,WIFI_DROP,
2.788,7,STA,WIFI_DROP,
2.788,10,STA,WIFI_DROP,
2.788,19,STA,WIFI_DROP,
2.7904,7,STA,WIFI_DROP,
2.7904,10,STA,WIFI_DROP,
2.7904,19,STA,WIFI_DROP,
2.7928,7,STA,WIFI_DROP,
2.7928,10,STA,WIFI_DROP,
2.7928,19,STA,WIFI_DROP,
2.7952,7,STA,WIFI_DROP,
2.7952,10,STA,WIFI_DROP,
2.7952,19,STA,WIFI_DROP,
2.7976,7,STA,WIFI_DROP,
2.7976,10,STA,WIFI_DROP,
2.7976,19,STA,WIFI_DROP,
2.8,7,STA,WIFI_DROP,
2.8,10,STA,WIFI_DROP,
2.8,19,STA,WIFI_DROP,
2.8024,7,STA,WIFI_DROP,
2.8024,10,STA,WIFI_DROP,
2.8024,19,STA,WIFI_DROP,
2.8048,7,STA,WIFI_DROP,
2.8048,10,STA,WIFI_DROP,
2.8048,19,STA,WIFI_DROP,
2.8072,7,STA,WIFI_DROP,
2.8072,10,STA,WIFI_DROP,
2.8072,19,STA,WIFI_DROP,
2.8096,7,STA,WIFI_DROP,
2.8096,10,STA,WIFI_DROP,
2.8096,19,STA,WIFI_DROP,
2.812,7,STA,WIFI_DROP,
2.812,10,STA,WIFI_DROP,
2.812,19,STA,WIFI_DROP,
2.8144,7,STA,WIFI_DROP,
2.8144,10,STA,WIFI_DROP,
2.8144,19,STA,WIFI_DROP,
2.8168,7,STA,WIFI_DROP,
2.8168,10,STA,WIFI_DROP,
2.8168,19,STA,WIFI_DROP,
2.8192,7,STA,WIFI_DROP,
2.8192,10,STA,WIFI_DROP,
2.8192,19,STA,WIFI_DROP,
2.8216,7,STA,WIFI_DROP,
2.8216,10,STA,WIFI_DROP,
2.8216,19,STA,WIFI_DROP,
2.824,7,STA,WIFI_DROP,
2.824,10,STA,WIFI_DROP,
2.824,19,STA,WIFI_DROP,
2.8264,7,STA,WIFI_DROP,
2.8264,10,STA,WIFI_DROP,
2.8264,19,STA,WIFI_DROP,
2.8288,7,STA,WIFI_DROP,
2.8288,10,STA,WIFI_DROP,
2.8288,19,STA,WIFI_DROP,
2.8312,7,STA,WIFI_DROP,
2.8312,10,STA,WIFI_DROP,
2.8312,19,STA,WIFI_DROP,
2.8336,7,STA,WIFI_DROP,
2.8336,10,STA,WIFI_DROP,
2.8336,19,STA,WIFI_DROP,
2.836,7,STA,WIFI_DROP,
2.836,10,STA,WIFI_DROP,
2.836,19,STA,WIFI_DROP,
2.8384,7,STA,WIFI_DROP,
2.8384,10,STA,WIFI_DROP,
2.8384,19,STA,WIFI_DROP,
2.8408,7,STA,WIFI_DROP,
2.8408,10,STA,WIFI_DROP,
2.8408,19,STA,WIFI_DROP,
2.8432,7,STA,WIFI_DROP,
2.8432,10,STA,WIFI_DROP,
2.8432,19,STA,WIFI_DROP,
2.8456,7,STA,WIFI_DROP,
2.8456,10,STA,WIFI_DROP,
2.8456,19,STA,WIFI_DROP,
2.848,7,STA,WIFI_DROP,
2.848,10,STA,WIFI_DROP,
2.848,19,STA,WIFI_DROP,
2.8504,7,STA,WIFI_DROP,
2.8504,10,STA,WIFI_DROP,
2.8504,19,STA,WIFI_DROP,
2.8528,7,STA,WIFI_DROP,
2.8528,10,STA,WIFI_DROP,
2.8528,19,STA,WIFI_DROP,
2.8552,7,STA,WIFI_DROP,
2.8552,10,STA,WIFI_DROP,
2.8552,19,STA,WIFI_DROP,
2.8576,7,STA,WIFI_DROP,
2.8576,10,STA,WIFI_DROP,
2.86,7,STA,WIFI_DROP,
2.86,10,STA,WIFI_DROP,
2.8624,7,STA,WIFI_DROP,
2.8624,10,STA,WIFI_DROP,
2.8648,7,STA,WIFI_DROP,
2.8648,10,STA,WIFI_DROP,
2.8672,7,STA,WIFI_DROP,
2.8672,10,STA,WIFI_DROP,
2.8696,7,STA,WIFI_DROP,
2.8696,10,STA,WIFI_DROP,
2.872,7,STA,WIFI_DROP,
2.872,10,STA,WIFI_DROP,
2.8744,7,STA,WIFI_DROP,
2.8744,10,STA,WIFI_DROP,
2.8768,7,STA,WIFI_DROP,
2.8768,10,STA,WIFI_DROP,
2.8792,7,STA,WIFI_DROP,
2.8792,10,STA,WIFI_DROP,
2.8816,7,STA,WIFI_DROP,
2.8816,10,STA,WIFI_DROP,
2.884,7,STA,WIFI_DROP,
2.884,10,STA,WIFI_DROP,
2.8864,7,STA,WIFI_DROP,
2.8864,10,STA,WIFI_DROP,
2.8888,7,STA,WIFI_DROP,
2.8888,10,STA,WIFI_DROP,
2.8912,7,STA,WIFI_DROP,
2.8912,10,STA,WIFI_DROP,
2.8936,7,STA,WIFI_DROP,
2.8936,10,STA,WIFI_DROP,
2.896,7,STA,WIFI_DROP,
2.896,10,STA,WIFI_DROP,
2.8984,7,STA,WIFI_DROP,
2.8984,10,STA,WIFI_DROP,
2.9008,7,STA,WIFI_DROP,
2.9008,10,STA,WIFI_DROP,
2.9032,7,STA,WIFI_DROP,
2.9032,10,STA,WIFI_DROP,
2.9056,7,STA,WIFI_DROP,
2.9056,10,STA,WIFI_DROP,
2.908,7,STA,WIFI_DROP,
2.908,10,STA,WIFI_DROP,
2.9104,7,STA,WIFI_DROP,
2.9104,10,STA,WIFI_DROP,
2.9128,7,STA,WIFI_DROP,
2.9128,10,STA,WIFI_DROP,
2.9152,7,STA,WIFI_DROP,
2.9152,10,STA,WIFI_DROP,
2.9176,7,STA,WIFI_DROP,
2.9176,10,STA,WIFI_DROP,
2.92,7,STA,WIFI_DROP,
2.92,10,STA,WIFI_DROP,
2.9224,7,STA,WIFI_DROP,
2.9224,10,STA,WIFI_DROP,
2.9248,7,STA,WIFI_DROP,
2.9248,10,STA,WIFI_DROP,
2.9272,7,STA,WIFI_DROP,
2.9272,10,STA,WIFI_DROP,
2.9296,7,STA,WIFI_DROP,
2.9296,10,STA,WIFI_DROP,
2.932,7,STA,WIFI_DROP,
2.932,10,STA,WIFI_DROP,
2.9344,7,STA,WIFI_DROP,
2.9344,10,STA,WIFI_DROP,
2.9368,7,STA,WIFI_DROP,
2.9368,10,STA,WIFI_DROP,
2.9392,7,STA,WIFI_DROP,
2.9392,10,STA,WIFI_DROP,
2.9416,7,STA,WIFI_DROP,
2.9416,10,STA,WIFI_DROP,
2.944,7,STA,WIFI_DROP,
2.944,10,STA,WIFI_DROP,
2.9464,7,STA,WIFI_DROP,
2.9464,10,STA,WIFI_DROP,
2.9488,7,STA,WIFI_DROP,
2.9488,10,STA,WIFI_DROP,
2.9512,7,STA,WIFI_DROP,
2.9512,10,STA,WIFI_DROP,
2.9536,7,STA,WIFI_DROP,
2.9536,10,STA,WIFI_DROP,
2.956,7,STA,WIFI_DROP,
2.956,10,STA,WIFI_DROP,
2.9584,7,STA,WIFI_DROP,
2.9584,10,STA,WIFI_DROP,
2.9608,7,STA,WIFI_DROP,
2.9608,10,STA,WIFI_DROP,
2.9632,7,STA,WIFI_DROP,
2.9632,10,STA,WIFI_DROP,
2.9656,7,STA,WIFI_DROP,
2.9656,10,STA,WIFI_DROP,
2.968,7,STA,WIFI_DROP,
2.968,10,STA,WIFI_DROP,
2.9704,7,STA,WIFI_DROP,
2.9704,10,STA,WIFI_DROP,
2.9728,7,STA,WIFI_DROP,
2.9728,10,STA,WIFI_DROP,
2.9752,7,STA,WIFI_DROP,
2.9752,10,STA,WIFI_DROP,
2.9776,7,STA,WIFI_DROP,
2.9776,10,STA,WIFI_DROP,
2.98,7,STA,WIFI_DROP,
2.98,10,STA,WIFI_DROP,
2.9824,7,STA,WIFI_DROP,
2.9824,10,STA,WIFI_DROP,
2.9848,7,STA,WIFI_DROP,
2.9848,10,STA,WIFI_DROP,
2.9872,7,STA,WIFI_DROP,
2.9872,10,STA,WIFI_DROP,
2.9896,7,STA,WIFI_DROP,
2.9896,10,STA,WIFI_DROP,
2.992,7,STA,WIFI_DROP,
2.992,10,STA,WIFI_DROP,
2.9944,7,STA,WIFI_DROP,
2.9944,10,STA,WIFI_DROP,
2.9968,7,STA,WIFI_DROP,
2.9968,10,STA,WIFI_DROP,
2.9992,7,STA,WIFI_DROP,
2.9992,10,STA,WIFI_DROP,
3,3,STA,THROUGHPUT_MBPS,2.100000
3,5,STA,THROUGHPUT_MBPS,0.564000
3,6,STA,THROUGHPUT_MBPS,1.044000
3,7,STA,THROUGHPUT_MBPS,0.456000
3,8,STA,THROUGHPUT_MBPS,3.972000
3,10,STA,THROUGHPUT_MBPS,0.780000
3,12,STA,THROUGHPUT_MBPS,2.592000
3,13,STA,THROUGHPUT_MBPS,2.916000
3,14,STA,THROUGHPUT_MBPS,1.884000
3,15,STA,THROUGHPUT_MBPS,2.364000
3,16,STA,THROUGHPUT_MBPS,1.608000
3,17,STA,THROUGHPUT_MBPS,0.744000
3,20,STA,THROUGHPUT_MBPS,0.516000
3,21,STA,THROUGHPUT_MBPS,0.360000
3,1,AP,AGGREGATE_THROUGHPUT_MBPS,21.900000
3,1,AP,SENT_COUNT,8340.000000
3,1,AP,RECV_COUNT,1825.000000
3,1,AP,LATENCY_P95_MS,531.175609
3.0016,7,STA,WIFI_DROP,
3.0016,10,STA,WIFI_DROP,
3.004,7,STA,WIFI_DROP,
3.004,10,STA,WIFI_DROP,
3.0064,7,STA,WIFI_DROP,
3.0064,10,STA,WIFI_DROP,
3.0088,7,STA,WIFI_DROP,
3.0088,8,STA,WIFI_DROP,
3.0088,10,STA,WIFI_DROP,
3.0112,7,STA,WIFI_DROP,
3.0112,8,STA,WIFI_DROP,
3.0112,10,STA,WIFI_DROP,
3.0136,7,STA,WIFI_DROP,
3.0136,8,STA,WIFI_DROP,
3.0136,10,STA,WIFI_DROP,
3.016,7,STA,WIFI_DROP,
3.016,8,STA,WIFI_DROP,
3.016,10,STA,WIFI_DROP,
3.0184,7,STA,WIFI_DROP,
3.0184,8,STA,WIFI_DROP,
3.0184,10,STA,WIFI_DROP,
3.0208,7,STA,WIFI_DROP,
3.0208,8,STA,WIFI_DROP,
3.0208,10,STA,WIFI_DROP,
3.0232,7,STA,WIFI_DROP,
3.0232,8,STA,WIFI_DROP,
3.0232,10,STA,WIFI_DROP,
3.0256,7,STA,WIFI_DROP,
3.0256,8,STA,WIFI_DROP,
3.0256,10,STA,WIFI_DROP,
3.028,7,STA,WIFI_DROP,
3.028,8,STA,WIFI_DROP,
3.028,10,STA,WIFI_DROP,
3.0304,7,STA,WIFI_DROP,
3.0304,8,STA,WIFI_DROP,
3.0304,10,STA,WIFI_DROP,
3.0328,7,STA,WIFI_DROP,
3.0328,8,STA,WIFI_DROP,
3.0328,10,STA,WIFI_DROP,
3.0352,7,STA,WIFI_DROP,
3.0352,8,STA,WIFI_DROP,
3.0352,10,STA,WIFI_DROP,
3.0376,7,STA,WIFI_DROP,
3.0376,8,STA,WIFI_DROP,
3.0376,10,STA,WIFI_DROP,
3.04,7,STA,WIFI_DROP,
3.04,8,STA,WIFI_DROP,
3.04,10,STA,WIFI_DROP,
3.0424,7,STA,WIFI_DROP,
3.0424,8,STA,WIFI_DROP,
3.0424,10,STA,WIFI_DROP,
3.0448,7,STA,WIFI_DROP,
3.0448,8,STA,WIFI_DROP,
3.0448,10,STA,WIFI_DROP,
3.0472,7,STA,WIFI_DROP,
3.0472,8,STA,WIFI_DROP,
3.0472,10,STA,WIFI_DROP,
3.0496,7,STA,WIFI_DROP,
3.0496,8,STA,WIFI_DROP,
3.0496,10,STA,WIFI_DROP,
3.052,7,STA,WIFI_DROP,
3.052,8,STA,WIFI_DROP,
3.052,10,STA,WIFI_DROP,
3.0544,7,STA,WIFI_DROP,
3.0544,8,STA,WIFI_DROP,
3.0544,10,STA,WIFI_DROP,
3.0568,7,STA,WIFI_DROP,
3.0568,8,STA,WIFI_DROP,
3.0568,10,STA,WIFI_DROP,
3.0592,7,STA,WIFI_DROP,
3.0592,8,STA,WIFI_DROP,
3.0592,10,STA,WIFI_DROP,
3.0616,7,STA,WIFI_DROP,
3.0616,8,STA,WIFI_DROP,
3.0616,10,STA,WIFI_DROP,
3.064,7,STA,WIFI_DROP,
3.064,8,STA,WIFI_DROP,
3.064,10,STA,WIFI_DROP,
3.0664,7,STA,WIFI_DROP,
3.0664,8,STA,WIFI_DROP,
3.0664,10,STA,WIFI_DROP,
3.0688,7,STA,WIFI_DROP,
3.0688,8,STA,WIFI_DROP,
3.0688,10,STA,WIFI_DROP,
3.0712,7,STA,WIFI_DROP,
3.0712,8,STA,WIFI_DROP,
3.0712,10,STA,WIFI_DROP,
3.0736,7,STA,WIFI_DROP,
3.0736,8,STA,WIFI_DROP,
3.0736,10,STA,WIFI_DROP,
3.076,7,STA,WIFI_DROP,
3.076,8,STA,WIFI_DROP,
3.076,10,STA,WIFI_DROP,
3.0784,7,STA,WIFI_DROP,
3.0784,8,STA,WIFI_DROP,
3.0784,10,STA,WIFI_DROP,
3.0808,7,STA,WIFI_DROP,
3.0808,8,STA,WIFI_DROP,
3.0808,10,STA,WIFI_DROP,
3.0832,7,STA,WIFI_DROP,
3.0832,8,STA,WIFI_DROP,
3.0832,10,STA,WIFI_DROP,
3.0856,7,STA,WIFI_DROP,
3.0856,8,STA,WIFI_DROP,
3.0856,10,STA,WIFI_DROP,
3.088,7,STA,WIFI_DROP,
3.088,8,STA,WIFI_DROP,
3.088,10,STA,WIFI_DROP,
3.0904,7,STA,WIFI_DROP,
3.0904,8,STA,WIFI_DROP,
3.0904,10,STA,WIFI_DROP,
3.0928,7,STA,WIFI_DROP,
3.0928,8,STA,WIFI_DROP,
3.0928,10,STA,WIFI_DROP,
3.0952,7,STA,WIFI_DROP,
3.0952,8,STA,WIFI_DROP,
3.0952,10,STA,WIFI_DROP,
3.0976,7,STA,WIFI_DROP,
3.0976,8,STA,WIFI_DROP,
3.0976,10,STA,WIFI_DROP,
3.1,7,STA,WIFI_DROP,
3.1,8,STA,WIFI_DROP,
3.1,10,STA,WIFI_DROP,
3.1024,7,STA,WIFI_DROP,
3.1024,8,STA,WIFI_DROP,
3.1024,10,STA,WIFI_DROP,
3.1048,7,STA,WIFI_DROP,
3.1048,8,STA,WIFI_DROP,
3.1048,10,STA,WIFI_DROP,
3.1072,7,STA,WIFI_DROP,
3.1072,8,STA,WIFI_DROP,
3.1072,10,STA,WIFI_DROP,
3.1096,7,STA,WIFI_DROP,
3.1096,8,STA,WIFI_DROP,
3.1096,10,STA,WIFI_DROP,
3.112,7,STA,WIFI_DROP,
3.112,8,STA,WIFI_DROP,
3.112,10,STA,WIFI_DROP,
3.1144,7,STA,WIFI_DROP,
3.1144,8,STA,WIFI_DROP,
3.1144,10,STA,WIFI_DROP,
3.1168,7,STA,WIFI_DROP,
3.1168,8,STA,WIFI_DROP,
3.1168,10,STA,WIFI_DROP,
3.1192,7,STA,WIFI_DROP,
3.1192,8,STA,WIFI_DROP,
3.1192,10,STA,WIFI_DROP,
3.1216,7,STA,WIFI_DROP,
3.1216,8,STA,WIFI_DROP,
3.1216,10,STA,WIFI_DROP,
3.124,7,STA,WIFI_DROP,
3.124,8,STA,WIFI_DROP,
3.124,10,STA,WIFI_DROP,
3.1264,7,STA,WIFI_DROP,
3.1264,8,STA,WIFI_DROP,
3.1264,10,STA,WIFI_DROP,
3.1288,7,STA,WIFI_DROP,
3.1288,8,STA,WIFI_DROP,
3.1288,10,STA,WIFI_DROP,
3.1312,7,STA,WIFI_DROP,
3.1312,8,STA,WIFI_DROP,
3.1312,10,STA,WIFI_DROP,
3.1336,7,STA,WIFI_DROP,
3.1336,8,STA,WIFI_DROP,
3.1336,10,STA,WIFI_DROP,
3.136,7,STA,WIFI_DROP,
3.136,8,STA,WIFI_DROP,
3.136,10,STA,WIFI_DROP,
3.1384,7,STA,WIFI_DROP,
3.1384,8,STA,WIFI_DROP,
3.1384,10,STA,WIFI_DROP,
3.1408,7,STA,WIFI_DROP,
3.1408,8,STA,WIFI_DROP,
3.1408,10,STA,WIFI_DROP,
3.1432,7,STA,WIFI_DROP,
3.1432,8,STA,WIFI_DROP,
3.1432,10,STA,WIFI_DROP,
3.1456,7,STA,WIFI_DROP,
3.1456,8,STA,WIFI_DROP,
3.1456,10,STA,WIFI_DROP,
3.148,7,STA,WIFI_DROP,
3.148,8,STA,WIFI_DROP,
3.148,10,STA,WIFI_DROP,
3.1504,7,STA,WIFI_DROP,
3.1504,8,STA,WIFI_DROP,
3.1504,10,STA,WIFI_DROP,
3.1528,7,STA,WIFI_DROP,
3.1528,8,STA,WIFI_DROP,
3.1528,10,STA,WIFI_DROP,
3.1552,7,STA,WIFI_DROP,
3.1552,8,STA,WIFI_DROP,
3.1576,7,STA,WIFI_DROP,
3.1576,8,STA,WIFI_DROP,
3.16,7,STA,WIFI_DROP,
3.16,8,STA,WIFI_DROP,
3.1624,7,STA,WIFI_DROP,
3.1624,8,STA,WIFI_DROP,
3.1648,7,STA,WIFI_DROP,
3.1648,8,STA,WIFI_DROP,
3.1672,7,STA,WIFI_DROP,
3.1672,8,STA,WIFI_DROP,
3.1696,7,STA,WIFI_DROP,
3.1696,8,STA,WIFI_DROP,
3.172,7,STA,WIFI_DROP,
3.172,8,STA,WIFI_DROP,
3.1744,7,STA,WIFI_DROP,
3.1744,8,STA,WIFI_DROP,
3.1768,7,STA,WIFI_DROP,
3.1768,8,STA,WIFI_DROP,
3.1792,7,STA,WIFI_DROP,
3.1792,8,STA,WIFI_DROP,
3.1816,7,STA,WIFI_DROP,
3.1816,8,STA,WIFI_DROP,
3.184,7,STA,WIFI_DROP,
3.184,8,STA,WIFI_DROP,
3.1864,7,STA,WIFI_DROP,
3.1864,8,STA,WIFI_DROP,
3.1888,7,STA,WIFI_DROP,
3.1888,8,STA,WIFI_DROP,
3.1912,7,STA,WIFI_DROP,
3.1912,8,STA,WIFI_DROP,
3.1936,7,STA,WIFI_DROP,
3.1936,8,STA,WIFI_DROP,
3.196,7,STA,WIFI_DROP,
3.196,8,STA,WIFI_DROP,
3.1984,7,STA,WIFI_DROP,
3.1984,8,STA,WIFI_DROP,
3.2008,7,STA,WIFI_DROP,
3.2008,8,STA,WIFI_DROP,
3.2032,7,STA,WIFI_DROP,
3.2032,8,STA,WIFI_DROP,
3.2056,8,STA,WIFI_DROP,
3.208,8,STA,WIFI_DROP,
3.2104,8,STA,WIFI_DROP,
3.2128,8,STA,WIFI_DROP,
3.2152,8,STA,WIFI_DROP,
3.2176,8,STA,WIFI_DROP,
3.22,8,STA,WIFI_DROP,
3.2224,8,STA,WIFI_DROP,
3.2248,8,STA,WIFI_DROP,
3.2272,8,STA,WIFI_DROP,
3.2296,8,STA,WIFI_DROP,
3.232,8,STA,WIFI_DROP,
3.2344,8,STA,WIFI_DROP,
3.2368,8,STA,WIFI_DROP,
3.2392,8,STA,WIFI_DROP,
3.2416,8,STA,WIFI_DROP,
3.244,8,STA,WIFI_DROP,
3.2464,8,STA,WIFI_DROP,
3.2488,8,STA,WIFI_DROP,
3.2512,8,STA,WIFI_DROP,
3.2536,8,STA,WIFI_DROP,
3.256,8,STA,WIFI_DROP,
3.2584,8,STA,WIFI_DROP,
3.2608,8,STA,WIFI_DROP,
3.2632,8,STA,WIFI_DROP,
3.2656,8,STA,WIFI_DROP,
3.268,8,STA,WIFI_DROP,
3.2704,8,STA,WIFI_DROP,
3.2728,8,STA,WIFI_DROP,
3.2752,8,STA,WIFI_DROP,
3.2776,8,STA,WIFI_DROP,
3.28,8,STA,WIFI_DROP,
3.2824,8,STA,WIFI_DROP,
3.2848,8,STA,WIFI_DROP,
3.2872,8,STA,WIFI_DROP,
3.2896,8,STA,WIFI_DROP,
3.292,8,STA,WIFI_DROP,
3.2944,8,STA,WIFI_DROP,
3.2968,8,STA,WIFI_DROP,
3.2992,8,STA,WIFI_DROP,
3.3016,8,STA,WIFI_DROP,
3.304,8,STA,WIFI_DROP,
3.3064,8,STA,WIFI_DROP,
3.3088,8,STA,WIFI_DROP,
3.3112,8,STA,WIFI_DROP,
3.3136,8,STA,WIFI_DROP,
3.316,5,STA,WIFI_DROP,
3.316,8,STA,WIFI_DROP,
3.3184,5,STA,WIFI_DROP,
3.3184,8,STA,WIFI_DROP,
3.3208,5,STA,WIFI_DROP,
3.3208,8,STA,WIFI_DROP,
3.3232,5,STA,WIFI_DROP,
3.3232,8,STA,WIFI_DROP,
3.3256,5,STA,WIFI_DROP,
3.3256,8,STA,WIFI_DROP,
3.328,5,STA,WIFI_DROP,
3.328,8,STA,WIFI_DROP,
3.3304,5,STA,WIFI_DROP,
3.3304,8,STA,WIFI_DROP,
3.3328,5,STA,WIFI_DROP,
3.3328,8,STA,WIFI_DROP,
3.3352,5,STA,WIFI_DROP,
3.3352,8,STA,WIFI_DROP,
3.3376,5,STA,WIFI_DROP,
3.3376,8,STA,WIFI_DROP,
3.34,5,STA,WIFI_DROP,
3.34,8,STA,WIFI_DROP,
3.3424,5,STA,WIFI_DROP,
3.3424,8,STA,WIFI_DROP,
3.3448,5,STA,WIFI_DROP,
3.3448,8,STA,WIFI_DROP,
3.3472,5,STA,WIFI_DROP,
3.3472,8,STA,WIFI_DROP,
3.3496,5,STA,WIFI_DROP,
3.3496,8,STA,WIFI_DROP,
3.352,5,STA,WIFI_DROP,
3.352,8,STA,WIFI_DROP,
3.3544,5,STA,WIFI_DROP,
3.3544,8,STA,WIFI_DROP,
3.3568,5,STA,WIFI_DROP,
3.3568,8,STA,WIFI_DROP,
3.3592,5,STA,WIFI_DROP,
3.3592,8,STA,WIFI_DROP,
3.3616,5,STA,WIFI_DROP,
3.3616,8,STA,WIFI_DROP,
3.364,5,STA,WIFI_DROP,
3.364,8,STA,WIFI_DROP,
3.3664,8,STA,WIFI_DROP,
3.3688,8,STA,WIFI_DROP,
3.3712,8,STA,WIFI_DROP,
3.3736,8,STA,WIFI_DROP,
3.376,8,STA,WIFI_DROP,
3.3784,8,STA,WIFI_DROP,
3.3808,8,STA,WIFI_DROP,
3.3832,8,STA,WIFI_DROP,
3.3856,8,STA,WIFI_DROP,
3.388,8,STA,WIFI_DROP,
3.3904,8,STA,WIFI_DROP,
3.3928,8,STA,WIFI_DROP,
3.3952,8,STA,WIFI_DROP,
3.3976,8,STA,WIFI_DROP,
3.4,8,STA,WIFI_DROP,
3.4024,8,STA,WIFI_DROP,
3.4048,8,STA,WIFI_DROP,
3.4072,8,STA,WIFI_DROP,
3.4096,8,STA,WIFI_DROP,
3.412,8,STA,WIFI_DROP,
3.4144,8,STA,WIFI_DROP,
3.4168,8,STA,WIFI_DROP,
3.4192,8,STA,WIFI_DROP,
3.4216,8,STA,WIFI_DROP,
3.424,8,STA,WIFI_DROP,
3.4264,8,STA,WIFI_DROP,
3.4288,8,STA,WIFI_DROP,
3.4312,8,STA,WIFI_DROP,
3.4336,8,STA,WIFI_DROP,
3.436,8,STA,WIFI_DROP,
3.4384,8,STA,WIFI_DROP,
3.4408,8,STA,WIFI_DROP,
3.4432,8,STA,WIFI_DROP,
3.4456,8,STA,WIFI_DROP,
3.448,8,STA,WIFI_DROP,
3.4504,8,STA,WIFI_DROP,
3.4528,8,STA,WIFI_DROP,
3.4552,8,STA,WIFI_DROP,
3.4576,8,STA,WIFI_DROP,
3.46,8,STA,WIFI_DROP,
3.4624,8,STA,WIFI_DROP,
3.4648,8,STA,WIFI_DROP,
3.4672,8,STA,WIFI_DROP,
3.4696,8,STA,WIFI_DROP,
3.472,8,STA,WIFI_DROP,
3.4744,8,STA,WIFI_DROP,
3.4768,8,STA,WIFI_DROP,
3.4792,8,STA,WIFI_DROP,
3.4816,8,STA,WIFI_DROP,
3.484,8,STA,WIFI_DROP,
3.4864,8,STA,WIFI_DROP,
3.4888,8,STA,WIFI_DROP,
3.4912,8,STA,WIFI_DROP,
3.4936,8,STA,WIFI_DROP,
3.496,8,STA,WIFI_DROP,
3.4984,8,STA,WIFI_DROP,
3.5008,8,STA,WIFI_DROP,
3.5032,8,STA,WIFI_DROP,
3.5056,8,STA,WIFI_DROP,
3.508,8,STA,WIFI_DROP,
3.5104,8,STA,WIFI_DROP,
3.5128,8,STA,WIFI_DROP,
3.5152,8,STA,WIFI_DROP,
3.5176,8,STA,WIFI_DROP,
3.52,8,STA,WIFI_DROP,
3.5224,8,STA,WIFI_DROP,
3.5248,8,STA,WIFI_DROP,
3.5272,8,STA,WIFI_DROP,
3.5296,8,STA,WIFI_DROP,
3.532,8,STA,WIFI_DROP,
3.5344,8,STA,WIFI_DROP,
3.5368,8,STA,WIFI_DROP,
3.5392,8,STA,WIFI_DROP,
3.5416,8,STA,WIFI_DROP,
3.544,8,STA,WIFI_DROP,
3.5464,8,STA,WIFI_DROP,
3.5488,8,STA,WIFI_DROP,
3.5512,8,STA,WIFI_DROP,
3.5536,8,STA,WIFI_DROP,
3.556,8,STA,WIFI_DROP,
3.5584,8,STA,WIFI_DROP,
3.5608,8,STA,WIFI_DROP,
3.5632,8,STA,WIFI_DROP,
3.5656,8,STA,WIFI_DROP,
3.568,8,STA,WIFI_DROP,
3.5704,8,STA,WIFI_DROP,
3.5728,8,STA,WIFI_DROP,
3.5752,8,STA,WIFI_DROP,
3.5776,8,STA,WIFI_DROP,
3.58,8,STA,WIFI_DROP,
3.5824,8,STA,WIFI_DROP,
3.5848,8,STA,WIFI_DROP,
3.5872,8,STA,WIFI_DROP,
3.5896,8,STA,WIFI_DROP,
3.592,8,STA,WIFI_DROP,
3.5944,8,STA,WIFI_DROP,
3.5968,8,STA,WIFI_DROP,
3.5992,8,STA,WIFI_DROP,
3.6016,8,STA,WIFI_DROP,
3.604,8,STA,WIFI_DROP,
3.6064,8,STA,WIFI_DROP,
3.6088,8,STA,WIFI_DROP,
3.6112,8,STA,WIFI_DROP,
3.6136,8,STA,WIFI_DROP,
4,3,STA,THROUGHPUT_MBPS,2.916000
4,5,STA,THROUGHPUT_MBPS,0.780000
4,6,STA,THROUGHPUT_MBPS,1.116000
4,7,STA,THROUGHPUT_MBPS,1.476000
4,8,STA,THROUGHPUT_MBPS,0.108000
4,10,STA,THROUGHPUT_MBPS,1.788000
4,12,STA,THROUGHPUT_MBPS,1.068000
4,13,STA,THROUGHPUT_MBPS,1.068000
4,14,STA,THROUGHPUT_MBPS,2.556000
4,15,STA,THROUGHPUT_MBPS,0.732000
4,16,STA,THROUGHPUT_MBPS,0.456000
4,17,STA,THROUGHPUT_MBPS,2.580000
4,19,STA,THROUGHPUT_MBPS,3.720000
4,20,STA,THROUGHPUT_MBPS,2.484000
4,21,STA,THROUGHPUT_MBPS,3.240000
4,1,AP,AGGREGATE_THROUGHPUT_MBPS,26.088000
4,1,AP,SENT_COUNT,8320.000000
4,1,AP,RECV_COUNT,2174.000000
4,1,AP,LATENCY_P95_MS,543.795699
4.3888,5,STA,WIFI_DROP,
4.3912,5,STA,WIFI_DROP,
4.3936,5,STA,WIFI_DROP,
4.396,5,STA,WIFI_DROP,
4.3984,5,STA,WIFI_DROP,
4.4008,5,STA,WIFI_DROP,
4.4032,5,STA,WIFI_DROP,
4.4056,5,STA,WIFI_DROP,
4.408,5,STA,WIFI_DROP,
4.4104,5,STA,WIFI_DROP,
4.4128,5,STA,WIFI_DROP,
4.4152,5,STA,WIFI_DROP,
4.4176,5,STA,WIFI_DROP,
4.42,5,STA,WIFI_DROP,
4.4224,5,STA,WIFI_DROP,
4.4248,5,STA,WIFI_DROP,
4.4272,5,STA,WIFI_DROP,
4.4296,5,STA,WIFI_DROP,
4.432,5,STA,WIFI_DROP,
4.4344,5,STA,WIFI_DROP,
4.4368,5,STA,WIFI_DROP,
4.4392,5,STA,WIFI_DROP,
4.4416,5,STA,WIFI_DROP,
4.444,5,STA,WIFI_DROP,
4.4464,5,STA,WIFI_DROP,
4.4488,5,STA,WIFI_DROP,
4.4512,5,STA,WIFI_DROP,
4.4536,5,STA,WIFI_DROP,
4.456,5,STA,WIFI_DROP,
4.4584,5,STA,WIFI_DROP,
4.4608,5,STA,WIFI_DROP,
4.4632,5,STA,WIFI_DROP,
4.4656,5,STA,WIFI_DROP,
4.468,5,STA,WIFI_DROP,
4.4704,5,STA,WIFI_DROP,
4.4728,5,STA,WIFI_DROP,
4.4752,5,STA,WIFI_DROP,
4.4776,5,STA,WIFI_DROP,
4.48,5,STA,WIFI_DROP,
4.4824,5,STA,WIFI_DROP,
4.4848,5,STA,WIFI_DROP,
4.4872,5,STA,WIFI_DROP,
4.4896,5,STA,WIFI_DROP,
4.492,5,STA,WIFI_DROP,
5,3,STA,THROUGHPUT_MBPS,0.588000
5,6,STA,THROUGHPUT_MBPS,2.076000
5,7,STA,THROUGHPUT_MBPS,2.520000
5,8,STA,THROUGHPUT_MBPS,1.128000
5,10,STA,THROUGHPUT_MBPS,3.036000
5,12,STA,THROUGHPUT_MBPS,1.392000
5,13,STA,THROUGHPUT_MBPS,2.856000
5,14,STA,THROUGHPUT_MBPS,3.852000
5,15,STA,THROUGHPUT_MBPS,1.224000
5,16,STA,THROUGHPUT_MBPS,0.792000
5,17,STA,THROUGHPUT_MBPS,3.732000
5,19,STA,THROUGHPUT_MBPS,2.124000
5,20,STA,THROUGHPUT_MBPS,2.292000
5,21,STA,THROUGHPUT_MBPS,2.052000
5,1,AP,AGGREGATE_THROUGHPUT_MBPS,29.664000
5,1,AP,SENT_COUNT,8340.000000
5,1,AP,RECV_COUNT,2472.000000
5,1,AP,LATENCY_P95_MS,532.704700
5.776,8,STA,WIFI_DROP,
5.7784,8,STA,WIFI_DROP,
5.7808,8,STA,WIFI_DROP,
5.7832,8,STA,WIFI_DROP,
5.7856,8,STA,WIFI_DROP,
5.788,8,STA,WIFI_DROP,
5.7904,8,STA,WIFI_DROP,
5.7928,8,STA,WIFI_DROP,
5.7952,8,STA,WIFI_DROP,
5.7976,8,STA,WIFI_DROP,
5.8,8,STA,WIFI_DROP,
5.8024,8,STA,WIFI_DROP,
5.8048,8,STA,WIFI_DROP,
5.8072,8,STA,WIFI_DROP,
5.8096,8,STA,WIFI_DROP,
5.812,8,STA,WIFI_DROP,
5.8144,8,STA,WIFI_DROP,
5.8168,8,STA,WIFI_DROP,
5.8192,8,STA,WIFI_DROP,
5.8216,8,STA,WIFI_DROP,
5.824,8,STA,WIFI_DROP,
5.8264,8,STA,WIFI_DROP,
5.8288,8,STA,WIFI_DROP,
5.8312,8,STA,WIFI_DROP,
5.8336,8,STA,WIFI_DROP,
5.836,8,STA,WIFI_DROP,
5.8384,8,STA,WIFI_DROP,
5.8408,8,STA,WIFI_DROP,
5.8432,8,STA,WIFI_DROP,
5.8456,8,STA,WIFI_DROP,
5.848,8,STA,WIFI_DROP,
5.8504,8,STA,WIFI_DROP,
5.8528,8,STA,WIFI_DROP,
5.8552,8,STA,WIFI_DROP,
5.8576,8,STA,WIFI_DROP,
5.86,8,STA,WIFI_DROP,
5.8624,8,STA,WIFI_DROP,
5.8648,8,STA,WIFI_DROP,
5.8672,8,STA,WIFI_DROP,
5.8696,8,STA,WIFI_DROP,
5.872,8,STA,WIFI_DROP,
5.8744,8,STA,WIFI_DROP,
5.8744,21,STA,WIFI_DROP,
5.8768,8,STA,WIFI_DROP,
5.8768,21,STA,WIFI_DROP,
5.8792,8,STA,WIFI_DROP,
5.8792,21,STA,WIFI_DROP,
5.8816,8,STA,WIFI_DROP,
5.8816,21,STA,WIFI_DROP,
5.884,8,STA,WIFI_DROP,
5.884,21,STA,WIFI_DROP,
5.8864,8,STA,WIFI_DROP,
5.8864,21,STA,WIFI_DROP,
5.8888,8,STA,WIFI_DROP,
5.8888,21,STA,WIFI_DROP,
5.8912,8,STA,WIFI_DROP,
5.8912,21,STA,WIFI_DROP,
5.8936,8,STA,WIFI_DROP,
5.8936,21,STA,WIFI_DROP,
5.896,8,STA,WIFI_DROP,
5.896,21,STA,WIFI_DROP,
5.8984,8,STA,WIFI_DROP,
5.8984,21,STA,WIFI_DROP,
5.9008,8,STA,WIFI_DROP,
5.9008,21,STA,WIFI_DROP,
5.9032,8,STA,WIFI_DROP,
5.9032,21,STA,WIFI_DROP,
5.9056,8,STA,WIFI_DROP,
5.9056,21,STA,WIFI_DROP,
5.908,8,STA,WIFI_DROP,
5.908,21,STA,WIFI_DROP,
5.9104,8,STA,WIFI_DROP,
5.9104,21,STA,WIFI_DROP,
5.9128,8,STA,WIFI_DROP,
5.9128,21,STA,WIFI_DROP,
5.9152,8,STA,WIFI_DROP,
5.9152,21,STA,WIFI_DROP,
5.9176,8,STA,WIFI_DROP,
5.9176,21,STA,WIFI_DROP,
5.92,8,STA,WIFI_DROP,
5.92,21,STA,WIFI_DROP,
5.9224,8,STA,WIFI_DROP,
5.9224,21,STA,WIFI_DROP,
5.9248,8,STA,WIFI_DROP,
5.9248,21,STA,WIFI_DROP,
5.9272,8,STA,WIFI_DROP,
5.9272,21,STA,WIFI_DROP,
5.9296,21,STA,WIFI_DROP,
5.932,21,STA,WIFI_DROP,
5.9344,21,STA,WIFI_DROP,
5.9368,21,STA,WIFI_DROP,
5.9392,21,STA,WIFI_DROP,
5.9416,21,STA,WIFI_DROP,
5.944,21,STA,WIFI_DROP,
5.9464,21,STA,WIFI_DROP,
5.9488,21,STA,WIFI_DROP,
5.9512,21,STA,WIFI_DROP,
5.9536,21,STA,WIFI_DROP,
5.956,21,STA,WIFI_DROP,
5.9584,21,STA,WIFI_DROP,
5.9608,21,STA,WIFI_DROP,
5.9632,21,STA,WIFI_DROP,
5.9656,21,STA,WIFI_DROP,
5.968,21,STA,WIFI_DROP,
5.9704,21,STA,WIFI_DROP,
5.9728,21,STA,WIFI_DROP,
5.9752,21,STA,WIFI_DROP,
5.9776,21,STA,WIFI_DROP,
5.98,21,STA,WIFI_DROP,
5.9824,21,STA,WIFI_DROP,
5.9848,21,STA,WIFI_DROP,
5.9872,21,STA,WIFI_DROP,
5.9896,21,STA,WIFI_DROP,
5.992,21,STA,WIFI_DROP,
5.9944,21,STA,WIFI_DROP,
5.9968,21,STA,WIFI_DROP,
5.9992,21,STA,WIFI_DROP,
6,3,STA,THROUGHPUT_MBPS,1.176000
6,6,STA,THROUGHPUT_MBPS,2.544000
6,7,STA,THROUGHPUT_MBPS,0.828000
6,8,STA,THROUGHPUT_MBPS,0.828000
6,10,STA,THROUGHPUT_MBPS,1.308000
6,12,STA,THROUGHPUT_MBPS,3.624000
6,13,STA,THROUGHPUT_MBPS,0.372000
6,14,STA,THROUGHPUT_MBPS,3.192000
6,15,STA,THROUGHPUT_MBPS,1.488000
6,16,STA,THROUGHPUT_MBPS,0.876000
6,17,STA,THROUGHPUT_MBPS,1.032000
6,19,STA,THROUGHPUT_MBPS,2.124000
6,20,STA,THROUGHPUT_MBPS,0.960000
6,21,STA,THROUGHPUT_MBPS,0.720000
6,1,AP,AGGREGATE_THROUGHPUT_MBPS,21.072000
6,1,AP,SENT_COUNT,8340.000000
6,1,AP,RECV_COUNT,1756.000000
6,1,AP,LATENCY_P95_MS,543.550907
6.0016,21,STA,WIFI_DROP,
6.004,21,STA,WIFI_DROP,
6.0064,21,STA,WIFI_DROP,
6.0088,21,STA,WIFI_DROP,
6.0112,21,STA,WIFI_DROP,
6.0136,21,STA,WIFI_DROP,
6.016,21,STA,WIFI_DROP,
6.0184,21,STA,WIFI_DROP,
6.0208,21,STA,WIFI_DROP,
6.0232,21,STA,WIFI_DROP,
6.0256,21,STA,WIFI_DROP,
6.028,21,STA,WIFI_DROP,
6.0304,21,STA,WIFI_DROP,
6.0328,21,STA,WIFI_DROP,
6.0352,21,STA,WIFI_DROP,
6.0376,21,STA,WIFI_DROP,
6.04,21,STA,WIFI_DROP,
6.0424,21,STA,WIFI_DROP,
6.0448,21,STA,WIFI_DROP,
6.0472,21,STA,WIFI_DROP,
6.0496,21,STA,WIFI_DROP,
6.052,21,STA,WIFI_DROP,
6.0544,21,STA,WIFI_DROP,
6.0568,21,STA,WIFI_DROP,
6.0592,21,STA,WIFI_DROP,
6.0616,21,STA,WIFI_DROP,
6.064,21,STA,WIFI_DROP,
6.0664,21,STA,WIFI_DROP,
6.0688,21,STA,WIFI_DROP,
6.0712,21,STA,WIFI_DROP,
6.0736,21,STA,WIFI_DROP,
6.076,21,STA,WIFI_DROP,
6.0784,21,STA,WIFI_DROP,
6.0808,21,STA,WIFI_DROP,
6.0832,21,STA,WIFI_DROP,
6.0856,21,STA,WIFI_DROP,
6.088,21,STA,WIFI_DROP,
6.0904,21,STA,WIFI_DROP,
6.0928,21,STA,WIFI_DROP,
6.0952,21,STA,WIFI_DROP,
6.0976,21,STA,WIFI_DROP,
6.1,21,STA,WIFI_DROP,
6.1024,21,STA,WIFI_DROP,
6.1048,21,STA,WIFI_DROP,
6.1072,21,STA,WIFI_DROP,
6.1096,21,STA,WIFI_DROP,
6.112,21,STA,WIFI_DROP,
6.1144,21,STA,WIFI_DROP,
6.1168,21,STA,WIFI_DROP,
6.1192,21,STA,WIFI_DROP,
6.1216,21,STA,WIFI_DROP,
6.124,21,STA,WIFI_DROP,
6.1264,21,STA,WIFI_DROP,
6.1288,21,STA,WIFI_DROP,
6.1312,21,STA,WIFI_DROP,
6.1336,21,STA,WIFI_DROP,
6.136,21,STA,WIFI_DROP,
6.1384,21,STA,WIFI_DROP,
6.1408,21,STA,WIFI_DROP,
6.1432,21,STA,WIFI_DROP,
6.1456,21,STA,WIFI_DROP,
6.148,21,STA,WIFI_DROP,
6.1504,21,STA,WIFI_DROP,
6.1528,21,STA,WIFI_DROP,
6.1552,21,STA,WIFI_DROP,
6.1576,21,STA,WIFI_DROP,
6.16,21,STA,WIFI_DROP,
6.1624,21,STA,WIFI_DROP,
6.1648,21,STA,WIFI_DROP,
6.1672,21,STA,WIFI_DROP,
6.1696,21,STA,WIFI_DROP,
6.172,21,STA,WIFI_DROP,
6.1744,21,STA,WIFI_DROP,
6.1768,21,STA,WIFI_DROP,
6.1792,21,STA,WIFI_DROP,
6.1816,21,STA,WIFI_DROP,
6.184,21,STA,WIFI_DROP,
6.1864,21,STA,WIFI_DROP,
6.1888,21,STA,WIFI_DROP,
6.1912,21,STA,WIFI_DROP,
6.1936,21,STA,WIFI_DROP,
6.196,21,STA,WIFI_DROP,
6.1984,21,STA,WIFI_DROP,
6.2008,21,STA,WIFI_DROP,
6.2032,21,STA,WIFI_DROP,
6.2056,21,STA,WIFI_DROP,
6.208,21,STA,WIFI_DROP,
6.2104,21,STA,WIFI_DROP,
6.2128,21,STA,WIFI_DROP,
6.2152,21,STA,WIFI_DROP,
6.2176,21,STA,WIFI_DROP,
6.22,21,STA,WIFI_DROP,
6.2224,21,STA,WIFI_DROP,
6.2248,21,STA,WIFI_DROP,
6.2272,21,STA,WIFI_DROP,
6.2296,21,STA,WIFI_DROP,
6.232,21,STA,WIFI_DROP,
6.2344,21,STA,WIFI_DROP,
6.2368,21,STA,WIFI_DROP,
6.2392,21,STA,WIFI_DROP,
6.2416,21,STA,WIFI_DROP,
6.244,21,STA,WIFI_DROP,
6.2464,21,STA,WIFI_DROP,
6.2488,21,STA,WIFI_DROP,
6.2512,21,STA,WIFI_DROP,
6.2536,21,STA,WIFI_DROP,
6.256,21,STA,WIFI_DROP,
6.2584,21,STA,WIFI_DROP,
6.2608,21,STA,WIFI_DROP,
6.2632,21,STA,WIFI_DROP,
6.2656,21,STA,WIFI_DROP,
6.268,21,STA,WIFI_DROP,
6.2704,21,STA,WIFI_DROP,
6.2728,21,STA,WIFI_DROP,
6.2752,21,STA,WIFI_DROP,
6.2776,21,STA,WIFI_DROP,
6.28,21,STA,WIFI_DROP,
6.2824,21,STA,WIFI_DROP,
6.2848,17,STA,WIFI_DROP,
6.2848,21,STA,WIFI_DROP,
6.2872,17,STA,WIFI_DROP,
6.2872,21,STA,WIFI_DROP,
6.2896,17,STA,WIFI_DROP,
6.2896,21,STA,WIFI_DROP,
6.292,17,STA,WIFI_DROP,
6.292,21,STA,WIFI_DROP,
6.2944,17,STA,WIFI_DROP,
6.2944,21,STA,WIFI_DROP,
6.2968,17,STA,WIFI_DROP,
6.2968,21,STA,WIFI_DROP,
6.2992,17,STA,WIFI_DROP,
6.2992,21,STA,WIFI_DROP,
6.3016,17,STA,WIFI_DROP,
6.3016,21,STA,WIFI_DROP,
6.304,17,STA,WIFI_DROP,
6.304,21,STA,WIFI_DROP,
6.3064,17,STA,WIFI_DROP,
6.3064,21,STA,WIFI_DROP,
6.3088,17,STA,WIFI_DROP,
6.3088,21,STA,WIFI_DROP,
6.3112,17,STA,WIFI_DROP,
6.3112,21,STA,WIFI_DROP,
6.3136,17,STA,WIFI_DROP,
6.3136,21,STA,WIFI_DROP,
6.316,17,STA,WIFI_DROP,
6.316,21,STA,WIFI_DROP,
6.3184,17,STA,WIFI_DROP,
6.3184,21,STA,WIFI_DROP,
6.3208,17,STA,WIFI_DROP,
6.3208,21,STA,WIFI_DROP,
6.3232,17,STA,WIFI_DROP,
6.3232,21,STA,WIFI_DROP,
6.3256,17,STA,WIFI_DROP,
6.3256,21,STA,WIFI_DROP,
6.328,17,STA,WIFI_DROP,
6.328,21,STA,WIFI_DROP,
6.3304,17,STA,WIFI_DROP,
6.3304,21,STA,WIFI_DROP,
6.3328,17,STA,WIFI_DROP,
6.3328,21,STA,WIFI_DROP,
6.3352,17,STA,WIFI_DROP,
6.3352,21,STA,WIFI_DROP,
6.3376,17,STA,WIFI_DROP,
6.3376,21,STA,WIFI_DROP,
6.34,17,STA,WIFI_DROP,
6.34,21,STA,WIFI_DROP,
6.3424,17,STA,WIFI_DROP,
6.3424,21,STA,WIFI_DROP,
6.3448,17,STA,WIFI_DROP,
6.3448,21,STA,WIFI_DROP,
6.3472,17,STA,WIFI_DROP,
6.3472,21,STA,WIFI_DROP,
6.3496,17,STA,WIFI_DROP,
6.3496,21,STA,WIFI_DROP,
6.352,17,STA,WIFI_DROP,
6.352,21,STA,WIFI_DROP,
6.3544,17,STA,WIFI_DROP,
6.3544,21,STA,WIFI_DROP,
6.3568,17,STA,WIFI_DROP,
6.3568,21,STA,WIFI_DROP,
6.3592,17,STA,WIFI_DROP,
6.3592,21,STA,WIFI_DROP,
6.3616,17,STA,WIFI_DROP,
6.3616,21,STA,WIFI_DROP,
6.364,17,STA,WIFI_DROP,
6.364,21,STA,WIFI_DROP,
6.3664,17,STA,WIFI_DROP,
6.3664,21,STA,WIFI_DROP,
6.3688,17,STA,WIFI_DROP,
6.3688,21,STA,WIFI_DROP,
6.3712,17,STA,WIFI_DROP,
6.3712,21,STA,WIFI_DROP,
6.3736,17,STA,WIFI_DROP,
6.3736,21,STA,WIFI_DROP,
6.376,17,STA,WIFI_DROP,
6.376,21,STA,WIFI_DROP,
6.3784,17,STA,WIFI_DROP,
6.3784,21,STA,WIFI_DROP,
6.3808,17,STA,WIFI_DROP,
6.3808,21,STA,WIFI_DROP,
6.3832,17,STA,WIFI_DROP,
6.3832,21,STA,WIFI_DROP,
6.3856,17,STA,WIFI_DROP,
6.3856,21,STA,WIFI_DROP,
6.388,14,STA,WIFI_DROP,
6.388,17,STA,WIFI_DROP,
6.388,21,STA,WIFI_DROP,
6.3904,14,STA,WIFI_DROP,
6.3904,17,STA,WIFI_DROP,
6.3904,21,STA,WIFI_DROP,
6.3928,14,STA,WIFI_DROP,
6.3928,17,STA,WIFI_DROP,
6.3928,21,STA,WIFI_DROP,
6.3952,14,STA,WIFI_DROP,
6.3952,17,STA,WIFI_DROP,
6.3952,21,STA,WIFI_DROP,
6.3976,14,STA,WIFI_DROP,
6.3976,17,STA,WIFI_DROP,
6.3976,21,STA,WIFI_DROP,
6.4,14,STA,WIFI_DROP,
6.4,17,STA,WIFI_DROP,
6.4,21,STA,WIFI_DROP,
6.4024,14,STA,WIFI_DROP,
6.4024,17,STA,WIFI_DROP,
6.4024,21,STA,WIFI_DROP,
6.4048,14,STA,WIFI_DROP,
6.4048,17,STA,WIFI_DROP,
6.4048,21,STA,WIFI_DROP,
6.4072,14,STA,WIFI_DROP,
6.4072,17,STA,WIFI_DROP,
6.4072,21,STA,WIFI_DROP,
6.4096,14,STA,WIFI_DROP,
6.4096,17,STA,WIFI_DROP,
6.4096,21,STA,WIFI_DROP,
6.412,14,STA,WIFI_DROP,
6.412,17,STA,WIFI_DROP,
6.412,21,STA,WIFI_DROP,
6.4144,14,STA,WIFI_DROP,
6.4144,17,STA,WIFI_DROP,
6.4144,21,STA,WIFI_DROP,
6.4168,14,STA,WIFI_DROP,
6.4168,17,STA,WIFI_DROP,
6.4168,21,STA,WIFI_DROP,
6.4192,14,STA,WIFI_DROP,
6.4192,17,STA,WIFI_DROP,
6.4192,21,STA,WIFI_DROP,
6.4216,14,STA,WIFI_DROP,
6.4216,17,STA,WIFI_DROP,
6.4216,21,STA,WIFI_DROP,
6.424,14,STA,WIFI_DROP,
6.424,17,STA,WIFI_DROP,
6.424,21,STA,WIFI_DROP,
6.4264,14,STA,WIFI_DROP,
6.4264,17,STA,WIFI_DROP,
6.4264,21,STA,WIFI_DROP,
6.4288,14,STA,WIFI_DROP,
6.4288,17,STA,WIFI_DROP,
6.4288,21,STA,WIFI_DROP,
6.4312,14,STA,WIFI_DROP,
6.4312,17,STA,WIFI_DROP,
6.4312,21,STA,WIFI_DROP,
6.4336,14,STA,WIFI_DROP,
6.4336,17,STA,WIFI_DROP,
6.4336,21,STA,WIFI_DROP,
6.436,14,STA,WIFI_DROP,
6.436,17,STA,WIFI_DROP,
6.436,21,STA,WIFI_DROP,
6.4384,14,STA,WIFI_DROP,
6.4384,17,STA,WIFI_DROP,
6.4384,21,STA,WIFI_DROP,
6.4408,14,STA,WIFI_DROP,
6.4408,17,STA,WIFI_DROP,
6.4408,21,STA,WIFI_DROP,
6.4432,14,STA,WIFI_DROP,
6.4432,17,STA,WIFI_DROP,
6.4432,21,STA,WIFI_DROP,
6.4456,14,STA,WIFI_DROP,
6.4456,17,STA,WIFI_DROP,
6.4456,21,STA,WIFI_DROP,
6.448,14,STA,WIFI_DROP,
6.448,17,STA,WIFI_DROP,
6.448,21,STA,WIFI_DROP,
6.4504,14,STA,WIFI_DROP,
6.4504,17,STA,WIFI_DROP,
6.4504,21,STA,WIFI_DROP,
6.4528,14,STA,WIFI_DROP,
6.4528,17,STA,WIFI_DROP,
6.4528,21,STA,WIFI_DROP,
6.4552,14,STA,WIFI_DROP,
6.4552,17,STA,WIFI_DROP,
6.4552,21,STA,WIFI_DROP,
6.4576,14,STA,WIFI_DROP,
6.4576,17,STA,WIFI_DROP,
6.4576,21,STA,WIFI_DROP,
6.46,14,STA,WIFI_DROP,
6.46,17,STA,WIFI_DROP,
6.46,21,STA,WIFI_DROP,
6.4624,14,STA,WIFI_DROP,
6.4624,17,STA,WIFI_DROP,
6.4624,21,STA,WIFI_DROP,
6.4648,14,STA,WIFI_DROP,
6.4648,17,STA,WIFI_DROP,
6.4648,21,STA,WIFI_DROP,
6.4672,14,STA,WIFI_DROP,
6.4672,17,STA,WIFI_DROP,
6.4672,21,STA,WIFI_DROP,
6.4696,14,STA,WIFI_DROP,
6.4696,17,STA,WIFI_DROP,
6.4696,21,STA,WIFI_DROP,
6.472,14,STA,WIFI_DROP,
6.472,17,STA,WIFI_DROP,
6.472,21,STA,WIFI_DROP,
6.4744,14,STA,WIFI_DROP,
6.4744,17,STA,WIFI_DROP,
6.4744,21,STA,WIFI_DROP,
6.4768,14,STA,WIFI_DROP,
6.4768,17,STA,WIFI_DROP,
6.4768,21,STA,WIFI_DROP,
6.4792,14,STA,WIFI_DROP,
6.4792,17,STA,WIFI_DROP,
6.4792,21,STA,WIFI_DROP,
6.4816,14,STA,WIFI_DROP,
6.4816,17,STA,WIFI_DROP,
6.4816,21,STA,WIFI_DROP,
6.484,14,STA,WIFI_DROP,
6.484,17,STA,WIFI_DROP,
6.484,21,STA,WIFI_DROP,
6.4864,14,STA,WIFI_DROP,
6.4864,17,STA,WIFI_DROP,
6.4864,21,STA,WIFI_DROP,
6.4888,14,STA,WIFI_DROP,
6.4888,17,STA,WIFI_DROP,
6.4888,21,STA,WIFI_DROP,
6.4912,14,STA,WIFI_DROP,
6.4912,17,STA,WIFI_DROP,
6.4912,21,STA,WIFI_DROP,
6.4936,14,STA,WIFI_DROP,
6.4936,17,STA,WIFI_DROP,
6.4936,21,STA,WIFI_DROP,
6.496,14,STA,WIFI_DROP,
6.496,17,STA,WIFI_DROP,
6.496,21,STA,WIFI_DROP,
6.4984,14,STA,WIFI_DROP,
6.4984,17,STA,WIFI_DROP,
6.4984,21,STA,WIFI_DROP,
6.5008,14,STA,WIFI_DROP,
6.5008,17,STA,WIFI_DROP,
6.5008,21,STA,WIFI_DROP,
6.5032,14,STA,WIFI_DROP,
6.5032,17,STA,WIFI_DROP,
6.5032,21,STA,WIFI_DROP,
6.5056,14,STA,WIFI_DROP,
6.5056,17,STA,WIFI_DROP,
6.5056,21,STA,WIFI_DROP,
6.508,14,STA,WIFI_DROP,
6.508,17,STA,WIFI_DROP,
6.508,21,STA,WIFI_DROP,
6.5104,14,STA,WIFI_DROP,
6.5104,17,STA,WIFI_DROP,
6.5104,21,STA,WIFI_DROP,
6.5128,14,STA,WIFI_DROP,
6.5128,17,STA,WIFI_DROP,
6.5128,21,STA,WIFI_DROP,
6.5152,14,STA,WIFI_DROP,
6.5152,17,STA,WIFI_DROP,
6.5152,21,STA,WIFI_DROP,
6.5176,14,STA,WIFI_DROP,
6.5176,17,STA,WIFI_DROP,
6.5176,21,STA,WIFI_DROP,
6.52,14,STA,WIFI_DROP,
6.52,17,STA,WIFI_DROP,
6.52,21,STA,WIFI_DROP,
6.5224,14,STA,WIFI_DROP,
6.5224,17,STA,WIFI_DROP,
6.5224,21,STA,WIFI_DROP,
6.5248,14,STA,WIFI_DROP,
6.5248,17,STA,WIFI_DROP,
6.5248,21,STA,WIFI_DROP,
6.5272,14,STA,WIFI_DROP,
6.5272,17,STA,WIFI_DROP,
6.5272,21,STA,WIFI_DROP,
6.5296,14,STA,WIFI_DROP,
6.5296,17,STA,WIFI_DROP,
6.5296,21,STA,WIFI_DROP,
6.532,14,STA,WIFI_DROP,
6.532,17,STA,WIFI_DROP,
6.532,21,STA,WIFI_DROP,
6.5344,14,STA,WIFI_DROP,
6.5344,17,STA,WIFI_DROP,
6.5344,21,STA,WIFI_DROP,
6.5368,14,STA,WIFI_DROP,
6.5368,17,STA,WIFI_DROP,
6.5368,21,STA,WIFI_DROP,
6.5392,14,STA,WIFI_DROP,
6.5392,17,STA,WIFI_DROP,
6.5392,21,STA,WIFI_DROP,
6.5416,14,STA,WIFI_DROP,
6.5416,17,STA,WIFI_DROP,
6.5416,21,STA,WIFI_DROP,
6.544,14,STA,WIFI_DROP,
6.544,17,STA,WIFI_DROP,
6.544,21,STA,WIFI_DROP,
6.5464,14,STA,WIFI_DROP,
6.5464,17,STA,WIFI_DROP,
6.5464,21,STA,WIFI_DROP,
6.5488,14,STA,WIFI_DROP,
6.5488,17,STA,WIFI_DROP,
6.5488,21,STA,WIFI_DROP,
6.5512,14,STA,WIFI_DROP,
6.5512,17,STA,WIFI_DROP,
6.5512,21,STA,WIFI_DROP,
6.5536,14,STA,WIFI_DROP,
6.5536,17,STA,WIFI_DROP,
6.5536,21,STA,WIFI_DROP,
6.556,14,STA,WIFI_DROP,
6.556,17,STA,WIFI_DROP,
6.556,21,STA,WIFI_DROP,
6.5584,14,STA,WIFI_DROP,
6.5584,17,STA,WIFI_DROP,
6.5584,21,STA,WIFI_DROP,
6.5608,14,STA,WIFI_DROP,
6.5608,17,STA,WIFI_DROP,
6.5608,21,STA,WIFI_DROP,
6.5632,14,STA,WIFI_DROP,
6.5632,17,STA,WIFI_DROP,
6.5632,21,STA,WIFI_DROP,
6.5656,14,STA,WIFI_DROP,
6.5656,17,STA,WIFI_DROP,
6.5656,21,STA,WIFI_DROP,
6.568,14,STA,WIFI_DROP,
6.568,17,STA,WIFI_DROP,
6.568,21,STA,WIFI_DROP,
6.5704,14,STA,WIFI_DROP,
6.5704,17,STA,WIFI_DROP,
6.5704,21,STA,WIFI_DROP,
6.5728,14,STA,WIFI_DROP,
6.5728,17,STA,WIFI_DROP,
6.5728,21,STA,WIFI_DROP,
6.5752,14,STA,WIFI_DROP,
6.5752,17,STA,WIFI_DROP,
6.5752,21,STA,WIFI_DROP,
6.5776,14,STA,WIFI_DROP,
6.5776,17,STA,WIFI_DROP,
6.5776,21,STA,WIFI_DROP,
6.58,14,STA,WIFI_DROP,
6.58,17,STA,WIFI_DROP,
6.58,21,STA,WIFI_DROP,
6.5824,14,STA,WIFI_DROP,
6.5824,17,STA,WIFI_DROP,
6.5824,21,STA,WIFI_DROP,
6.5848,14,STA,WIFI_DROP,
6.5848,17,STA,WIFI_DROP,
6.5848,21,STA,WIFI_DROP,
6.5872,14,STA,WIFI_DROP,
6.5872,17,STA,WIFI_DROP,
6.5872,21,STA,WIFI_DROP,
6.5896,17,STA,WIFI_DROP,
6.5896,21,STA,WIFI_DROP,
6.592,17,STA,WIFI_DROP,
6.592,21,STA,WIFI_DROP,
6.5944,17,STA,WIFI_DROP,
6.5944,21,STA,WIFI_DROP,
6.5968,17,STA,WIFI_DROP,
6.5968,21,STA,WIFI_DROP,
6.5992,17,STA,WIFI_DROP,
6.5992,21,STA,WIFI_DROP,
6.6016,17,STA,WIFI_DROP,
6.6016,21,STA,WIFI_DROP,
6.604,17,STA,WIFI_DROP,
6.604,21,STA,WIFI_DROP,
6.6064,17,STA,WIFI_DROP,
6.6064,21,STA,WIFI_DROP,
6.6088,17,STA,WIFI_DROP,
6.6088,21,STA,WIFI_DROP,
6.6112,17,STA,WIFI_DROP,
6.6112,21,STA,WIFI_DROP,
6.6136,17,STA,WIFI_DROP,
6.6136,21,STA,WIFI_DROP,
6.616,17,STA,WIFI_DROP,
6.616,21,STA,WIFI_DROP,
6.6184,17,STA,WIFI_DROP,
6.6184,21,STA,WIFI_DROP,
6.6208,17,STA,WIFI_DROP,
6.6208,21,STA,WIFI_DROP,
6.6232,17,STA,WIFI_DROP,
6.6232,21,STA,WIFI_DROP,
6.6256,17,STA,WIFI_DROP,
6.6256,21,STA,WIFI_DROP,
6.628,17,STA,WIFI_DROP,
6.628,21,STA,WIFI_DROP,
6.6304,17,STA,WIFI_DROP,
6.6304,21,STA,WIFI_DROP,
6.6328,17,STA,WIFI_DROP,
6.6328,21,STA,WIFI_DROP,
6.6352,17,STA,WIFI_DROP,
6.6352,21,STA,WIFI_DROP,
6.6376,17,STA,WIFI_DROP,
6.6376,21,STA,WIFI_DROP,
6.64,17,STA,WIFI_DROP,
6.64,21,STA,WIFI_DROP,
6.6424,17,STA,WIFI_DROP,
6.6424,21,STA,WIFI_DROP,
6.6448,17,STA,WIFI_DROP,
6.6448,21,STA,WIFI_DROP,
6.6472,17,STA,WIFI_DROP,
6.6472,21,STA,WIFI_DROP,
6.6496,17,STA,WIFI_DROP,
6.6496,21,STA,WIFI_DROP,
6.652,17,STA,WIFI_DROP,
6.652,21,STA,WIFI_DROP,
6.6544,17,STA,WIFI_DROP,
6.6544,21,STA,WIFI_DROP,
6.6568,17,STA,WIFI_DROP,
6.6568,21,STA,WIFI_DROP,
6.6592,17,STA,WIFI_DROP,
6.6592,21,STA,WIFI_DROP,
6.6616,17,STA,WIFI_DROP,
6.6616,21,STA,WIFI_DROP,
6.664,17,STA,WIFI_DROP,
6.664,21,STA,WIFI_DROP,
6.6664,17,STA,WIFI_DROP,
6.6664,21,STA,WIFI_DROP,
6.6688,17,STA,WIFI_DROP,
6.6688,21,STA,WIFI_DROP,
6.6712,17,STA,WIFI_DROP,
6.6712,21,STA,WIFI_DROP,
6.6736,17,STA,WIFI_DROP,
6.6736,21,STA,WIFI_DROP,
6.676,17,STA,WIFI_DROP,
6.676,21,STA,WIFI_DROP,
6.6784,17,STA,WIFI_DROP,
6.6784,21,STA,WIFI_DROP,
6.6808,17,STA,WIFI_DROP,
6.6808,21,STA,WIFI_DROP,
6.6832,17,STA,WIFI_DROP,
6.6832,21,STA,WIFI_DROP,
6.6856,17,STA,WIFI_DROP,
6.6856,21,STA,WIFI_DROP,
6.688,17,STA,WIFI_DROP,
6.688,21,STA,WIFI_DROP,
6.6904,17,STA,WIFI_DROP,
6.6904,21,STA,WIFI_DROP,
6.6928,17,STA,WIFI_DROP,
6.6928,21,STA,WIFI_DROP,
6.6952,17,STA,WIFI_DROP,
6.6952,21,STA,WIFI_DROP,
6.6976,17,STA,WIFI_DROP,
6.6976,21,STA,WIFI_DROP,
6.7,17,STA,WIFI_DROP,
6.7,21,STA,WIFI_DROP,
6.7024,17,STA,WIFI_DROP,
6.7024,21,STA,WIFI_DROP,
6.7048,17,STA,WIFI_DROP,
6.7048,21,STA,WIFI_DROP,
6.7072,17,STA,WIFI_DROP,
6.7072,21,STA,WIFI_DROP,
6.7096,17,STA,WIFI_DROP,
6.7096,21,STA,WIFI_DROP,
6.712,17,STA,WIFI_DROP,
6.712,21,STA,WIFI_DROP,
6.7144,17,STA,WIFI_DROP,
6.7144,21,STA,WIFI_DROP,
6.7168,17,STA,WIFI_DROP,
6.7168,21,STA,WIFI_DROP,
6.7192,17,STA,WIFI_DROP,
6.7192,21,STA,WIFI_DROP,
6.7216,17,STA,WIFI_DROP,
6.7216,21,STA,WIFI_DROP,
6.724,17,STA,WIFI_DROP,
6.724,21,STA,WIFI_DROP,
6.7264,17,STA,WIFI_DROP,
6.7264,21,STA,WIFI_DROP,
6.7288,17,STA,WIFI_DROP,
6.7288,21,STA,WIFI_DROP,
6.7312,17,STA,WIFI_DROP,
6.7312,21,STA,WIFI_DROP,
6.7336,17,STA,WIFI_DROP,
6.7336,21,STA,WIFI_DROP,
6.736,17,STA,WIFI_DROP,
6.736,21,STA,WIFI_DROP,
6.7384,17,STA,WIFI_DROP,
6.7384,21,STA,WIFI_DROP,
6.7408,17,STA,WIFI_DROP,
6.7408,21,STA,WIFI_DROP,
6.7432,17,STA,WIFI_DROP,
6.7432,21,STA,WIFI_DROP,
6.7456,17,STA,WIFI_DROP,
6.7456,21,STA,WIFI_DROP,
6.748,17,STA,WIFI_DROP,
6.748,21,STA,WIFI_DROP,
6.7504,17,STA,WIFI_DROP,
6.7504,21,STA,WIFI_DROP,
6.7528,17,STA,WIFI_DROP,
6.7528,21,STA,WIFI_DROP,
6.7552,17,STA,WIFI_DROP,
6.7552,21,STA,WIFI_DROP,
6.7576,17,STA,WIFI_DROP,
6.7576,21,STA,WIFI_DROP,
6.76,17,STA,WIFI_DROP,
6.76,21,STA,WIFI_DROP,
6.7624,17,STA,WIFI_DROP,
6.7624,21,STA,WIFI_DROP,
6.7648,17,STA,WIFI_DROP,
6.7648,21,STA,WIFI_DROP,
6.7672,17,STA,WIFI_DROP,
6.7672,21,STA,WIFI_DROP,
6.7696,17,STA,WIFI_DROP,
6.7696,21,STA,WIFI_DROP,
6.772,17,STA,WIFI_DROP,
6.772,21,STA,WIFI_DROP,
6.7744,17,STA,WIFI_DROP,
6.7744,21,STA,WIFI_DROP,
6.7768,17,STA,WIFI_DROP,
6.7768,21,STA,WIFI_DROP,
6.7792,17,STA,WIFI_DROP,
6.7792,21,STA,WIFI_DROP,
6.7816,17,STA,WIFI_DROP,
6.7816,21,STA,WIFI_DROP,
6.784,17,STA,WIFI_DROP,
6.784,21,STA,WIFI_DROP,
6.7864,17,STA,WIFI_DROP,
6.7864,21,STA,WIFI_DROP,
6.7888,17,STA,WIFI_DROP,
6.7888,21,STA,WIFI_DROP,
6.7912,17,STA,WIFI_DROP,
6.7912,21,STA,WIFI_DROP,
6.7936,17,STA,WIFI_DROP,
6.7936,21,STA,WIFI_DROP,
6.796,17,STA,WIFI_DROP,
6.796,21,STA,WIFI_DROP,
6.7984,17,STA,WIFI_DROP,
6.7984,21,STA,WIFI_DROP,
6.8008,17,STA,WIFI_DROP,
6.8008,21,STA,WIFI_DROP,
6.8032,17,STA,WIFI_DROP,
6.8032,21,STA,WIFI_DROP,
6.8056,17,STA,WIFI_DROP,
6.8056,21,STA,WIFI_DROP,
6.808,17,STA,WIFI_DROP,
6.808,21,STA,WIFI_DROP,
6.8104,17,STA,WIFI_DROP,
6.8104,21,STA,WIFI_DROP,
6.8128,17,STA,WIFI_DROP,
6.8128,21,STA,WIFI_DROP,
6.8152,17,STA,WIFI_DROP,
6.8152,21,STA,WIFI_DROP,
6.8176,17,STA,WIFI_DROP,
6.8176,21,STA,WIFI_DROP,
6.82,17,STA,WIFI_DROP,
6.82,21,STA,WIFI_DROP,
6.8224,17,STA,WIFI_DROP,
6.8224,21,STA,WIFI_DROP,
6.8248,17,STA,WIFI_DROP,
6.8248,21,STA,WIFI_DROP,
6.8272,17,STA,WIFI_DROP,
6.8272,21,STA,WIFI_DROP,
6.8296,17,STA,WIFI_DROP,
6.8296,21,STA,WIFI_DROP,
6.832,17,STA,WIFI_DROP,
6.832,21,STA,WIFI_DROP,
6.8344,17,STA,WIFI_DROP,
6.8344,21,STA,WIFI_DROP,
6.8368,17,STA,WIFI_DROP,
6.8368,21,STA,WIFI_DROP,
6.8392,17,STA,WIFI_DROP,
6.8392,21,STA,WIFI_DROP,
6.8416,17,STA,WIFI_DROP,
6.8416,21,STA,WIFI_DROP,
6.844,17,STA,WIFI_DROP,
6.844,21,STA,WIFI_DROP,
6.8464,17,STA,WIFI_DROP,
6.8464,21,STA,WIFI_DROP,
6.8488,17,STA,WIFI_DROP,
6.8488,21,STA,WIFI_DROP,
6.8512,17,STA,WIFI_DROP,
6.8512,21,STA,WIFI_DROP,
6.8536,17,STA,WIFI_DROP,
6.8536,21,STA,WIFI_DROP,
6.856,17,STA,WIFI_DROP,
6.856,21,STA,WIFI_DROP,
6.8584,17,STA,WIFI_DROP,
6.8584,21,STA,WIFI_DROP,
6.8608,17,STA,WIFI_DROP,
6.8608,21,STA,WIFI_DROP,
6.8632,17,STA,WIFI_DROP,
6.8632,21,STA,WIFI_DROP,
6.8656,17,STA,WIFI_DROP,
6.8656,21,STA,WIFI_DROP,
6.868,17,STA,WIFI_DROP,
6.868,21,STA,WIFI_DROP,
6.8704,17,STA,WIFI_DROP,
6.8704,21,STA,WIFI_DROP,
6.8728,17,STA,WIFI_DROP,
6.8728,21,STA,WIFI_DROP,
6.8752,17,STA,WIFI_DROP,
6.8752,21,STA,WIFI_DROP,
6.8776,17,STA,WIFI_DROP,
6.8776,21,STA,WIFI_DROP,
6.88,17,STA,WIFI_DROP,
6.88,21,STA,WIFI_DROP,
6.8824,17,STA,WIFI_DROP,
6.8824,21,STA,WIFI_DROP,
6.8848,17,STA,WIFI_DROP,
6.8848,21,STA,WIFI_DROP,
6.8872,17,STA,WIFI_DROP,
6.8872,21,STA,WIFI_DROP,
6.8896,17,STA,WIFI_DROP,
6.8896,21,STA,WIFI_DROP,
6.892,21,STA,WIFI_DROP,
6.8944,21,STA,WIFI_DROP,
6.8968,21,STA,WIFI_DROP,
6.8992,21,STA,WIFI_DROP,
6.9016,21,STA,WIFI_DROP,
6.904,21,STA,WIFI_DROP,
6.9064,21,STA,WIFI_DROP,
6.9088,21,STA,WIFI_DROP,
6.9112,21,STA,WIFI_DROP,
6.9136,21,STA,WIFI_DROP,
6.916,21,STA,WIFI_DROP,
6.9184,21,STA,WIFI_DROP,
6.9208,21,STA,WIFI_DROP,
6.9232,21,STA,WIFI_DROP,
6.9256,21,STA,WIFI_DROP,
7,3,STA,THROUGHPUT_MBPS,2.616000
7,6,STA,THROUGHPUT_MBPS,1.704000
7,7,STA,THROUGHPUT_MBPS,1.044000
7,10,STA,THROUGHPUT_MBPS,2.736000
7,12,STA,THROUGHPUT_MBPS,1.416000
7,13,STA,THROUGHPUT_MBPS,3.012000
7,14,STA,THROUGHPUT_MBPS,3.768000
7,15,STA,THROUGHPUT_MBPS,0.432000
7,16,STA,THROUGHPUT_MBPS,3.816000
7,19,STA,THROUGHPUT_MBPS,1.236000
7,20,STA,THROUGHPUT_MBPS,1.644000
7,1,AP,AGGREGATE_THROUGHPUT_MBPS,23.424000
7,1,AP,SENT_COUNT,8320.000000
7,1,AP,RECV_COUNT,1952.000000
7,1,AP,LATENCY_P95_MS,537.155603
7.0024,5,STA,WIFI_DROP,
7.0048,5,STA,WIFI_DROP,
7.0072,5,STA,WIFI_DROP,
7.0096,5,STA,WIFI_DROP,
7.012,5,STA,WIFI_DROP,
7.0144,5,STA,WIFI_DROP,
7.0168,5,STA,WIFI_DROP,
7.0192,5,STA,WIFI_DROP,
7.0216,5,STA,WIFI_DROP,
7.024,5,STA,WIFI_DROP,
7.0264,5,STA,WIFI_DROP,
7.0288,5,STA,WIFI_DROP,
7.0312,5,STA,WIFI_DROP,
7.0336,5,STA,WIFI_DROP,
7.036,5,STA,WIFI_DROP,
7.0384,5,STA,WIFI_DROP,
7.0408,5,STA,WIFI_DROP,
7.0432,5,STA,WIFI_DROP,
7.0456,5,STA,WIFI_DROP,
7.048,5,STA,WIFI_DROP,
7.0504,5,STA,WIFI_DROP,
7.0528,5,STA,WIFI_DROP,
7.0552,5,STA,WIFI_DROP,
7.0576,5,STA,WIFI_DROP,
7.06,5,STA,WIFI_DROP,
7.0624,5,STA,WIFI_DROP,
7.0648,5,STA,WIFI_DROP,
7.0672,5,STA,WIFI_DROP,
7.0696,5,STA,WIFI_DROP,
7.072,5,STA,WIFI_DROP,
7.0744,5,STA,WIFI_DROP,
7.0768,5,STA,WIFI_DROP,
7.0792,5,STA,WIFI_DROP,
7.0816,5,STA,WIFI_DROP,
7.084,5,STA,WIFI_DROP,
7.0864,5,STA,WIFI_DROP,
7.0888,5,STA,WIFI_DROP,
7.0912,5,STA,WIFI_DROP,
7.0936,5,STA,WIFI_DROP,
7.096,5,STA,WIFI_DROP,
7.0984,5,STA,WIFI_DROP,
7.1008,5,STA,WIFI_DROP,
7.1032,5,STA,WIFI_DROP,
7.1032,15,STA,WIFI_DROP,
7.1056,5,STA,WIFI_DROP,
7.1056,15,STA,WIFI_DROP,
7.108,5,STA,WIFI_DROP,
7.108,15,STA,WIFI_DROP,
7.1104,5,STA,WIFI_DROP,
7.1104,15,STA,WIFI_DROP,
7.1128,5,STA,WIFI_DROP,
7.1128,15,STA,WIFI_DROP,
7.1152,5,STA,WIFI_DROP,
7.1152,15,STA,WIFI_DROP,
7.1176,5,STA,WIFI_DROP,
7.1176,15,STA,WIFI_DROP,
7.12,5,STA,WIFI_DROP,
7.12,15,STA,WIFI_DROP,
7.1224,5,STA,WIFI_DROP,
7.1224,15,STA,WIFI_DROP,
7.1248,5,STA,WIFI_DROP,
7.1248,15,STA,WIFI_DROP,
7.1272,5,STA,WIFI_DROP,
7.1272,15,STA,WIFI_DROP,
7.1296,5,STA,WIFI_DROP,
7.1296,15,STA,WIFI_DROP,
7.132,5,STA,WIFI_DROP,
7.132,15,STA,WIFI_DROP,
7.1344,5,STA,WIFI_DROP,
7.1344,15,STA,WIFI_DROP,
7.1368,5,STA,WIFI_DROP,
7.1368,15,STA,WIFI_DROP,
7.1392,5,STA,WIFI_DROP,
7.1392,15,STA,WIFI_DROP,
7.1416,5,STA,WIFI_DROP,
7.1416,15,STA,WIFI_DROP,
7.144,5,STA,WIFI_DROP,
7.144,15,STA,WIFI_DROP,
7.1464,5,STA,WIFI_DROP,
7.1464,15,STA,WIFI_DROP,
7.1488,5,STA,WIFI_DROP,
7.1488,15,STA,WIFI_DROP,
7.1512,5,STA,WIFI_DROP,
7.1512,15,STA,WIFI_DROP,
7.1536,5,STA,WIFI_DROP,
7.1536,15,STA,WIFI_DROP,
7.156,5,STA,WIFI_DROP,
7.156,15,STA,WIFI_DROP,
7.1584,5,STA,WIFI_DROP,
7.1584,15,STA,WIFI_DROP,
7.1608,5,STA,WIFI_DROP,
7.1608,15,STA,WIFI_DROP,
7.1632,5,STA,WIFI_DROP,
7.1632,15,STA,WIFI_DROP,
7.1656,5,STA,WIFI_DROP,
7.1656,15,STA,WIFI_DROP,
7.168,5,STA,WIFI_DROP,
7.168,15,STA,WIFI_DROP,
7.1704,5,STA,WIFI_DROP,
7.1704,15,STA,WIFI_DROP,
7.1728,5,STA,WIFI_DROP,
7.1728,15,STA,WIFI_DROP,
7.1752,5,STA,WIFI_DROP,
7.1752,15,STA,WIFI_DROP,
7.1776,5,STA,WIFI_DROP,
7.1776,15,STA,WIFI_DROP,
7.18,5,STA,WIFI_DROP,
7.18,15,STA,WIFI_DROP,
7.1824,5,STA,WIFI_DROP,
7.1824,15,STA,WIFI_DROP,
7.1848,5,STA,WIFI_DROP,
7.1848,15,STA,WIFI_DROP,
7.1872,5,STA,WIFI_DROP,
7.1872,15,STA,WIFI_DROP,
7.1896,5,STA,WIFI_DROP,
7.1896,15,STA,WIFI_DROP,
7.192,5,STA,WIFI_DROP,
7.192,15,STA,WIFI_DROP,
7.1944,5,STA,WIFI_DROP,
7.1944,15,STA,WIFI_DROP,
7.1968,5,STA,WIFI_DROP,
7.1968,15,STA,WIFI_DROP,
7.1992,5,STA,WIFI_DROP,
7.1992,15,STA,WIFI_DROP,
7.2016,5,STA,WIFI_DROP,
7.2016,15,STA,WIFI_DROP,
7.204,5,STA,WIFI_DROP,
7.204,15,STA,WIFI_DROP,
7.2064,5,STA,WIFI_DROP,
7.2064,15,STA,WIFI_DROP,
7.2088,5,STA,WIFI_DROP,
7.2088,15,STA,WIFI_DROP,
7.2112,5,STA,WIFI_DROP,
7.2112,15,STA,WIFI_DROP,
7.2136,5,STA,WIFI_DROP,
7.2136,15,STA,WIFI_DROP,
7.216,5,STA,WIFI_DROP,
7.216,15,STA,WIFI_DROP,
7.2184,5,STA,WIFI_DROP,
7.2184,15,STA,WIFI_DROP,
7.2208,5,STA,WIFI_DROP,
7.2208,15,STA,WIFI_DROP,
7.2232,5,STA,WIFI_DROP,
7.2232,15,STA,WIFI_DROP,
7.2256,5,STA,WIFI_DROP,
7.2256,15,STA,WIFI_DROP,
7.228,5,STA,WIFI_DROP,
7.228,15,STA,WIFI_DROP,
7.2304,5,STA,WIFI_DROP,
7.2304,15,STA,WIFI_DROP,
7.2328,5,STA,WIFI_DROP,
7.2328,15,STA,WIFI_DROP,
7.2352,5,STA,WIFI_DROP,
7.2352,15,STA,WIFI_DROP,
7.2376,5,STA,WIFI_DROP,
7.2376,15,STA,WIFI_DROP,
7.24,5,STA,WIFI_DROP,
7.24,15,STA,WIFI_DROP,
7.2424,5,STA,WIFI_DROP,
7.2424,15,STA,WIFI_DROP,
7.2448,5,STA,WIFI_DROP,
7.2448,15,STA,WIFI_DROP,
7.2472,5,STA,WIFI_DROP,
7.2472,15,STA,WIFI_DROP,
7.2496,5,STA,WIFI_DROP,
7.2496,15,STA,WIFI_DROP,
7.252,5,STA,WIFI_DROP,
7.252,15,STA,WIFI_DROP,
7.2544,5,STA,WIFI_DROP,
7.2544,15,STA,WIFI_DROP,
7.2568,15,STA,WIFI_DROP,
7.2592,15,STA,WIFI_DROP,
7.2616,15,STA,WIFI_DROP,
7.264,15,STA,WIFI_DROP,
7.2664,15,STA,WIFI_DROP,
7.2688,15,STA,WIFI_DROP,
7.2712,15,STA,WIFI_DROP,
7.2736,15,STA,WIFI_DROP,
7.276,15,STA,WIFI_DROP,
7.2784,15,STA,WIFI_DROP,
7.2808,15,STA,WIFI_DROP,
7.2832,15,STA,WIFI_DROP,
7.2856,15,STA,WIFI_DROP,
7.288,15,STA,WIFI_DROP,
7.2904,15,STA,WIFI_DROP,
7.2928,15,STA,WIFI_DROP,
7.2952,15,STA,WIFI_DROP,
7.2976,15,STA,WIFI_DROP,
7.3,15,STA,WIFI_DROP,
7.3024,15,STA,WIFI_DROP,
7.3048,15,STA,WIFI_DROP,
7.3072,15,STA,WIFI_DROP,
7.3096,8,STA,WIFI_DROP,
7.3096,15,STA,WIFI_DROP,
7.312,8,STA,WIFI_DROP,
7.312,15,STA,WIFI_DROP,
7.3144,8,STA,WIFI_DROP,
7.3144,15,STA,WIFI_DROP,
7.3168,8,STA,WIFI_DROP,
7.3168,15,STA,WIFI_DROP,
7.3192,8,STA,WIFI_DROP,
7.3192,15,STA,WIFI_DROP,
7.3216,8,STA,WIFI_DROP,
7.3216,15,STA,WIFI_DROP,
7.324,8,STA,WIFI_DROP,
7.324,15,STA,WIFI_DROP,
7.3264,8,STA,WIFI_DROP,
7.3264,15,STA,WIFI_DROP,
7.3288,8,STA,WIFI_DROP,
7.3288,15,STA,WIFI_DROP,
7.3312,8,STA,WIFI_DROP,
7.3312,15,STA,WIFI_DROP,
7.3336,8,STA,WIFI_DROP,
7.3336,15,STA,WIFI_DROP,
7.336,8,STA,WIFI_DROP,
7.336,15,STA,WIFI_DROP,
7.3384,8,STA,WIFI_DROP,
7.3384,15,STA,WIFI_DROP,
7.3408,8,STA,WIFI_DROP,
7.3408,15,STA,WIFI_DROP,
7.3432,8,STA,WIFI_DROP,
7.3432,15,STA,WIFI_DROP,
7.3456,8,STA,WIFI_DROP,
7.3456,15,STA,WIFI_DROP,
7.348,8,STA,WIFI_DROP,
7.348,15,STA,WIFI_DROP,
7.3504,8,STA,WIFI_DROP,
7.3504,15,STA,WIFI_DROP,
7.3528,8,STA,WIFI_DROP,
7.3528,15,STA,WIFI_DROP,
7.3552,8,STA,WIFI_DROP,
7.3552,15,STA,WIFI_DROP,
7.3576,8,STA,WIFI_DROP,
7.3576,15,STA,WIFI_DROP,
7.36,8,STA,WIFI_DROP,
7.36,15,STA,WIFI_DROP,
7.3624,8,STA,WIFI_DROP,
7.3624,15,STA,WIFI_DROP,
7.3648,8,STA,WIFI_DROP,
7.3648,15,STA,WIFI_DROP,
7.3672,8,STA,WIFI_DROP,
7.3672,15,STA,WIFI_DROP,
7.3696,8,STA,WIFI_DROP,
7.3696,15,STA,WIFI_DROP,
7.372,8,STA,WIFI_DROP,
7.372,15,STA,WIFI_DROP,
7.3744,8,STA,WIFI_DROP,
7.3744,15,STA,WIFI_DROP,
7.3768,8,STA,WIFI_DROP,
7.3768,15,STA,WIFI_DROP,
7.3792,8,STA,WIFI_DROP,
7.3792,15,STA,WIFI_DROP,
7.3816,8,STA,WIFI_DROP,
7.3816,15,STA,WIFI_DROP,
7.384,8,STA,WIFI_DROP,
7.384,15,STA,WIFI_DROP,
7.3864,8,STA,WIFI_DROP,
7.3864,15,STA,WIFI_DROP,
7.3888,8,STA,WIFI_DROP,
7.3888,15,STA,WIFI_DROP,
7.3912,8,STA,WIFI_DROP,
7.3912,15,STA,WIFI_DROP,
7.3936,8,STA,WIFI_DROP,
7.3936,15,STA,WIFI_DROP,
7.396,8,STA,WIFI_DROP,
7.396,15,STA,WIFI_DROP,
7.3984,8,STA,WIFI_DROP,
7.3984,15,STA,WIFI_DROP,
7.4008,8,STA,WIFI_DROP,
7.4008,15,STA,WIFI_DROP,
7.4032,8,STA,WIFI_DROP,
7.4032,15,STA,WIFI_DROP,
7.4056,8,STA,WIFI_DROP,
7.4056,15,STA,WIFI_DROP,
7.408,8,STA,WIFI_DROP,
7.408,15,STA,WIFI_DROP,
7.4104,3,STA,WIFI_DROP,
7.4104,8,STA,WIFI_DROP,
7.4104,15,STA,WIFI_DROP,
7.4128,3,STA,WIFI_DROP,
7.4128,8,STA,WIFI_DROP,
7.4128,15,STA,WIFI_DROP,
7.4152,3,STA,WIFI_DROP,
7.4152,8,STA,WIFI_DROP,
7.4152,15,STA,WIFI_DROP,
7.4176,3,STA,WIFI_DROP,
7.4176,8,STA,WIFI_DROP,
7.4176,15,STA,WIFI_DROP,
7.42,3,STA,WIFI_DROP,
7.42,8,STA,WIFI_DROP,
7.42,15,STA,WIFI_DROP,
7.4224,3,STA,WIFI_DROP,
7.4224,8,STA,WIFI_DROP,
7.4224,15,STA,WIFI_DROP,
7.4248,3,STA,WIFI_DROP,
7.4248,8,STA,WIFI_DROP,
7.4248,15,STA,WIFI_DROP,
7.4272,3,STA,WIFI_DROP,
7.4272,8,STA,WIFI_DROP,
7.4272,15,STA,WIFI_DROP,
7.4296,3,STA,WIFI_DROP,
7.4296,8,STA,WIFI_DROP,
7.4296,15,STA,WIFI_DROP,
7.432,3,STA,WIFI_DROP,
7.432,8,STA,WIFI_DROP,
7.432,15,STA,WIFI_DROP,
7.4344,3,STA,WIFI_DROP,
7.4344,8,STA,WIFI_DROP,
7.4344,15,STA,WIFI_DROP,
7.4368,3,STA,WIFI_DROP,
7.4368,8,STA,WIFI_DROP,
7.4368,15,STA,WIFI_DROP,
7.4392,3,STA,WIFI_DROP,
7.4392,8,STA,WIFI_DROP,
7.4392,15,STA,WIFI_DROP,
7.4416,3,STA,WIFI_DROP,
7.4416,8,STA,WIFI_DROP,
7.4416,15,STA,WIFI_DROP,
7.444,3,STA,WIFI_DROP,
7.444,8,STA,WIFI_DROP,
7.444,15,STA,WIFI_DROP,
7.4464,3,STA,WIFI_DROP,
7.4464,8,STA,WIFI_DROP,
7.4464,15,STA,WIFI_DROP,
7.4488,3,STA,WIFI_DROP,
7.4488,8,STA,WIFI_DROP,
7.4488,15,STA,WIFI_DROP,
7.4512,3,STA,WIFI_DROP,
7.4512,8,STA,WIFI_DROP,
7.4512,15,STA,WIFI_DROP,
7.4536,3,STA,WIFI_DROP,
7.4536,8,STA,WIFI_DROP,
7.4536,15,STA,WIFI_DROP,
7.456,3,STA,WIFI_DROP,
7.456,8,STA,WIFI_DROP,
7.456,15,STA,WIFI_DROP,
7.4584,3,STA,WIFI_DROP,
7.4584,8,STA,WIFI_DROP,
7.4584,15,STA,WIFI_DROP,
7.4608,3,STA,WIFI_DROP,
7.4608,8,STA,WIFI_DROP,
7.4608,15,STA,WIFI_DROP,
7.4632,3,STA,WIFI_DROP,
7.4632,8,STA,WIFI_DROP,
7.4632,15,STA,WIFI_DROP,
7.4656,3,STA,WIFI_DROP,
7.4656,8,STA,WIFI_DROP,
7.4656,15,STA,WIFI_DROP,
7.468,3,STA,WIFI_DROP,
7.468,8,STA,WIFI_DROP,
7.468,15,STA,WIFI_DROP,
7.4704,3,STA,WIFI_DROP,
7.4704,8,STA,WIFI_DROP,
7.4704,15,STA,WIFI_DROP,
7.4728,3,STA,WIFI_DROP,
7.4728,8,STA,WIFI_DROP,
7.4728,15,STA,WIFI_DROP,
7.4752,3,STA,WIFI_DROP,
7.4752,8,STA,WIFI_DROP,
7.4752,15,STA,WIFI_DROP,
7.4776,3,STA,WIFI_DROP,
7.4776,8,STA,WIFI_DROP,
7.4776,15,STA,WIFI_DROP,
7.48,3,STA,WIFI_DROP,
7.48,8,STA,WIFI_DROP,
7.48,15,STA,WIFI_DROP,
7.4824,3,STA,WIFI_DROP,
7.4824,8,STA,WIFI_DROP,
7.4824,15,STA,WIFI_DROP,
7.4848,3,STA,WIFI_DROP,
7.4848,8,STA,WIFI_DROP,
7.4848,15,STA,WIFI_DROP,
7.4872,3,STA,WIFI_DROP,
7.4872,8,STA,WIFI_DROP,
7.4872,15,STA,WIFI_DROP,
7.4896,3,STA,WIFI_DROP,
7.4896,8,STA,WIFI_DROP,
7.4896,15,STA,WIFI_DROP,
7.492,3,STA,WIFI_DROP,
7.492,8,STA,WIFI_DROP,
7.492,15,STA,WIFI_DROP,
7.4944,3,STA,WIFI_DROP,
7.4944,8,STA,WIFI_DROP,
7.4944,15,STA,WIFI_DROP,
7.4968,3,STA,WIFI_DROP,
7.4968,8,STA,WIFI_DROP,
7.4968,15,STA,WIFI_DROP,
7.4992,3,STA,WIFI_DROP,
7.4992,8,STA,WIFI_DROP,
7.4992,15,STA,WIFI_DROP,
7.5016,3,STA,WIFI_DROP,
7.5016,8,STA,WIFI_DROP,
7.5016,15,STA,WIFI_DROP,
7.504,3,STA,WIFI_DROP,
7.504,8,STA,WIFI_DROP,
7.504,15,STA,WIFI_DROP,
7.5064,3,STA,WIFI_DROP,
7.5064,8,STA,WIFI_DROP,
7.5064,15,STA,WIFI_DROP,
7.5088,3,STA,WIFI_DROP,
7.5088,8,STA,WIFI_DROP,
7.5088,15,STA,WIFI_DROP,
7.5112,3,STA,WIFI_DROP,
7.5112,8,STA,WIFI_DROP,
7.5112,15,STA,WIFI_DROP,
7.5136,8,STA,WIFI_DROP,
7.5136,15,STA,WIFI_DROP,
7.516,8,STA,WIFI_DROP,
7.516,15,STA,WIFI_DROP,
7.5184,8,STA,WIFI_DROP,
7.5184,15,STA,WIFI_DROP,
7.5208,8,STA,WIFI_DROP,
7.5208,15,STA,WIFI_DROP,
7.5232,8,STA,WIFI_DROP,
7.5232,15,STA,WIFI_DROP,
7.5256,8,STA,WIFI_DROP,
7.5256,15,STA,WIFI_DROP,
7.528,8,STA,WIFI_DROP,
7.528,15,STA,WIFI_DROP,
7.5304,8,STA,WIFI_DROP,
7.5304,15,STA,WIFI_DROP,
7.5328,8,STA,WIFI_DROP,
7.5328,15,STA,WIFI_DROP,
7.5352,8,STA,WIFI_DROP,
7.5352,15,STA,WIFI_DROP,
7.5376,8,STA,WIFI_DROP,
7.5376,15,STA,WIFI_DROP,
7.54,8,STA,WIFI_DROP,
7.54,15,STA,WIFI_DROP,
7.5424,8,STA,WIFI_DROP,
7.5424,15,STA,WIFI_DROP,
7.5448,8,STA,WIFI_DROP,
7.5448,15,STA,WIFI_DROP,
7.5472,8,STA,WIFI_DROP,
7.5472,15,STA,WIFI_DROP,
7.5496,8,STA,WIFI_DROP,
7.5496,15,STA,WIFI_DROP,
7.552,8,STA,WIFI_DROP,
7.552,15,STA,WIFI_DROP,
7.5544,8,STA,WIFI_DROP,
7.5544,15,STA,WIFI_DROP,
7.5568,8,STA,WIFI_DROP,
7.5568,15,STA,WIFI_DROP,
7.5592,8,STA,WIFI_DROP,
7.5592,15,STA,WIFI_DROP,
7.5616,8,STA,WIFI_DROP,
7.5616,15,STA,WIFI_DROP,
7.564,8,STA,WIFI_DROP,
7.564,15,STA,WIFI_DROP,
7.5664,8,STA,WIFI_DROP,
7.5664,15,STA,WIFI_DROP,
7.5688,8,STA,WIFI_DROP,
7.5688,15,STA,WIFI_DROP,
7.5712,8,STA,WIFI_DROP,
7.5712,15,STA,WIFI_DROP,
7.5736,8,STA,WIFI_DROP,
7.5736,15,STA,WIFI_DROP,
7.576,8,STA,WIFI_DROP,
7.576,15,STA,WIFI_DROP,
7.5784,8,STA,WIFI_DROP,
7.5784,15,STA,WIFI_DROP,
7.5808,8,STA,WIFI_DROP,
7.5808,15,STA,WIFI_DROP,
7.5832,8,STA,WIFI_DROP,
7.5832,15,STA,WIFI_DROP,
7.5856,8,STA,WIFI_DROP,
7.5856,15,STA,WIFI_DROP,
7.588,8,STA,WIFI_DROP,
7.588,15,STA,WIFI_DROP,
7.5904,8,STA,WIFI_DROP,
7.5904,15,STA,WIFI_DROP,
7.5928,8,STA,WIFI_DROP,
7.5928,15,STA,WIFI_DROP,
7.5952,8,STA,WIFI_DROP,
7.5952,15,STA,WIFI_DROP,
7.5976,8,STA,WIFI_DROP,
7.5976,15,STA,WIFI_DROP,
7.6,8,STA,WIFI_DROP,
7.6,15,STA,WIFI_DROP,
7.6024,8,STA,WIFI_DROP,
7.6024,15,STA,WIFI_DROP,
7.6048,8,STA,WIFI_DROP,
7.6048,15,STA,WIFI_DROP,
7.6072,8,STA,WIFI_DROP,
7.6072,15,STA,WIFI_DROP,
7.6096,8,STA,WIFI_DROP,
7.6096,15,STA,WIFI_DROP,
7.612,8,STA,WIFI_DROP,
7.612,15,STA,WIFI_DROP,
7.6144,8,STA,WIFI_DROP,
7.6144,15,STA,WIFI_DROP,
7.6168,8,STA,WIFI_DROP,
7.6168,9,STA,WIFI_DROP,
7.6168,10,STA,WIFI_DROP,
7.6168,15,STA,WIFI_DROP,
7.6168,16,STA,WIFI_DROP,
7.6192,8,STA,WIFI_DROP,
7.6192,9,STA,WIFI_DROP,
7.6192,10,STA,WIFI_DROP,
7.6192,15,STA,WIFI_DROP,
7.6192,16,STA,WIFI_DROP,
7.6216,8,STA,WIFI_DROP,
7.6216,9,STA,WIFI_DROP,
7.6216,10,STA,WIFI_DROP,
7.6216,15,STA,WIFI_DROP,
7.6216,16,STA,WIFI_DROP,
7.624,8,STA,WIFI_DROP,
7.624,9,STA,WIFI_DROP,
7.624,10,STA,WIFI_DROP,
7.624,15,STA,WIFI_DROP,
7.624,16,STA,WIFI_DROP,
7.6264,8,STA,WIFI_DROP,
7.6264,9,STA,WIFI_DROP,
7.6264,10,STA,WIFI_DROP,
7.6264,15,STA,WIFI_DROP,
7.6264,16,STA,WIFI_DROP,
7.6288,8,STA,WIFI_DROP,
7.6288,9,STA,WIFI_DROP,
7.6288,10,STA,WIFI_DROP,
7.6288,15,STA,WIFI_DROP,
7.6288,16,STA,WIFI_DROP,
7.6312,8,STA,WIFI_DROP,
7.6312,9,STA,WIFI_DROP,
7.6312,10,STA,WIFI_DROP,
7.6312,15,STA,WIFI_DROP,
7.6312,16,STA,WIFI_DROP,
7.6336,8,STA,WIFI_DROP,
7.6336,9,STA,WIFI_DROP,
7.6336,10,STA,WIFI_DROP,
7.6336,15,STA,WIFI_DROP,
7.6336,16,STA,WIFI_DROP,
7.636,8,STA,WIFI_DROP,
7.636,9,STA,WIFI_DROP,
7.636,10,STA,WIFI_DROP,
7.636,15,STA,WIFI_DROP,
7.636,16,STA,WIFI_DROP,
7.6384,8,STA,WIFI_DROP,
7.6384,9,STA,WIFI_DROP,
7.6384,10,STA,WIFI_DROP,
7.6384,15,STA,WIFI_DROP,
7.6384,16,STA,WIFI_DROP,
7.6408,8,STA,WIFI_DROP,
7.6408,9,STA,WIFI_DROP,
7.6408,10,STA,WIFI_DROP,
7.6408,15,STA,WIFI_DROP,
7.6408,16,STA,WIFI_DROP,
7.6432,8,STA,WIFI_DROP,
7.6432,9,STA,WIFI_DROP,
7.6432,10,STA,WIFI_DROP,
7.6432,15,STA,WIFI_DROP,
7.6432,16,STA,WIFI_DROP,
7.6456,8,STA,WIFI_DROP,
7.6456,9,STA,WIFI_DROP,
7.6456,10,STA,WIFI_DROP,
7.6456,15,STA,WIFI_DROP,
7.6456,16,STA,WIFI_DROP,
7.648,8,STA,WIFI_DROP,
7.648,9,STA,WIFI_DROP,
7.648,10,STA,WIFI_DROP,
7.648,15,STA,WIFI_DROP,
7.648,16,STA,WIFI_DROP,
7.6504,8,STA,WIFI_DROP,
7.6504,9,STA,WIFI_DROP,
7.6504,10,STA,WIFI_DROP,
7.6504,15,STA,WIFI_DROP,
7.6504,16,STA,WIFI_DROP,
7.6528,8,STA,WIFI_DROP,
7.6528,9,STA,WIFI_DROP,
7.6528,10,STA,WIFI_DROP,
7.6528,15,STA,WIFI_DROP,
7.6528,16,STA,WIFI_DROP,
7.6552,8,STA,WIFI_DROP,
7.6552,9,STA,WIFI_DROP,
7.6552,10,STA,WIFI_DROP,
7.6552,15,STA,WIFI_DROP,
7.6552,16,STA,WIFI_DROP,
7.6576,8,STA,WIFI_DROP,
7.6576,9,STA,WIFI_DROP,
7.6576,10,STA,WIFI_DROP,
7.6576,15,STA,WIFI_DROP,
7.6576,16,STA,WIFI_DROP,
7.66,8,STA,WIFI_DROP,
7.66,9,STA,WIFI_DROP,
7.66,10,STA,WIFI_DROP,
7.66,15,STA,WIFI_DROP,
7.66,16,STA,WIFI_DROP,
7.6624,8,STA,WIFI_DROP,
7.6624,9,STA,WIFI_DROP,
7.6624,10,STA,WIFI_DROP,
7.6624,15,STA,WIFI_DROP,
7.6624,16,STA,WIFI_DROP,
7.6648,8,STA,WIFI_DROP,
7.6648,9,STA,WIFI_DROP,
7.6648,10,STA,WIFI_DROP,
7.6648,15,STA,WIFI_DROP,
7.6648,16,STA,WIFI_DROP,
7.6672,8,STA,WIFI_DROP,
7.6672,9,STA,WIFI_DROP,
7.6672,10,STA,WIFI_DROP,
7.6672,15,STA,WIFI_DROP,
7.6672,16,STA,WIFI_DROP,
7.6696,8,STA,WIFI_DROP,
7.6696,9,STA,WIFI_DROP,
7.6696,10,STA,WIFI_DROP,
7.6696,15,STA,WIFI_DROP,
7.6696,16,STA,WIFI_DROP,
7.672,8,STA,WIFI_DROP,
7.672,9,STA,WIFI_DROP,
7.672,10,STA,WIFI_DROP,
7.672,15,STA,WIFI_DROP,
7.672,16,STA,WIFI_DROP,
7.6744,8,STA,WIFI_DROP,
7.6744,9,STA,WIFI_DROP,
7.6744,10,STA,WIFI_DROP,
7.6744,15,STA,WIFI_DROP,
7.6744,16,STA,WIFI_DROP,
7.6768,8,STA,WIFI_DROP,
7.6768,9,STA,WIFI_DROP,
7.6768,10,STA,WIFI_DROP,
7.6768,15,STA,WIFI_DROP,
7.6768,16,STA,WIFI_DROP,
7.6792,8,STA,WIFI_DROP,
7.6792,9,STA,WIFI_DROP,
7.6792,10,STA,WIFI_DROP,
7.6792,15,STA,WIFI_DROP,
7.6792,16,STA,WIFI_DROP,
7.6816,8,STA,WIFI_DROP,
7.6816,9,STA,WIFI_DROP,
7.6816,10,STA,WIFI_DROP,
7.6816,15,STA,WIFI_DROP,
7.6816,16,STA,WIFI_DROP,
7.684,8,STA,WIFI_DROP,
7.684,9,STA,WIFI_DROP,
7.684,10,STA,WIFI_DROP,
7.684,15,STA,WIFI_DROP,
7.684,16,STA,WIFI_DROP,
7.6864,8,STA,WIFI_DROP,
7.6864,9,STA,WIFI_DROP,
7.6864,10,STA,WIFI_DROP,
7.6864,15,STA,WIFI_DROP,
7.6864,16,STA,WIFI_DROP,
7.6888,8,STA,WIFI_DROP,
7.6888,9,STA,WIFI_DROP,
7.6888,10,STA,WIFI_DROP,
7.6888,15,STA,WIFI_DROP,
7.6888,16,STA,WIFI_DROP,
7.6912,8,STA,WIFI_DROP,
7.6912,9,STA,WIFI_DROP,
7.6912,10,STA,WIFI_DROP,
7.6912,15,STA,WIFI_DROP,
7.6912,16,STA,WIFI_DROP,
7.6936,8,STA,WIFI_DROP,
7.6936,9,STA,WIFI_DROP,
7.6936,10,STA,WIFI_DROP,
7.6936,15,STA,WIFI_DROP,
7.6936,16,STA,WIFI_DROP,
7.696,8,STA,WIFI_DROP,
7.696,9,STA,WIFI_DROP,
7.696,10,STA,WIFI_DROP,
7.696,15,STA,WIFI_DROP,
7.696,16,STA,WIFI_DROP,
7.6984,8,STA,WIFI_DROP,
7.6984,9,STA,WIFI_DROP,
7.6984,10,STA,WIFI_DROP,
7.6984,15,STA,WIFI_DROP,
7.6984,16,STA,WIFI_DROP,
7.7008,8,STA,WIFI_DROP,
7.7008,9,STA,WIFI_DROP,
7.7008,10,STA,WIFI_DROP,
7.7008,15,STA,WIFI_DROP,
7.7008,16,STA,WIFI_DROP,
7.7032,8,STA,WIFI_DROP,
7.7032,9,STA,WIFI_DROP,
7.7032,10,STA,WIFI_DROP,
7.7032,15,STA,WIFI_DROP,
7.7032,16,STA,WIFI_DROP,
7.7056,8,STA,WIFI_DROP,
7.7056,9,STA,WIFI_DROP,
7.7056,10,STA,WIFI_DROP,
7.7056,16,STA,WIFI_DROP,
7.708,8,STA,WIFI_DROP,
7.708,9,STA,WIFI_DROP,
7.708,10,STA,WIFI_DROP,
7.708,16,STA,WIFI_DROP,
7.7104,8,STA,WIFI_DROP,
7.7104,9,STA,WIFI_DROP,
7.7104,10,STA,WIFI_DROP,
7.7104,16,STA,WIFI_DROP,
7.7128,8,STA,WIFI_DROP,
7.7128,9,STA,WIFI_DROP,
7.7128,10,STA,WIFI_DROP,
7.7128,16,STA,WIFI_DROP,
7.7152,8,STA,WIFI_DROP,
7.7152,9,STA,WIFI_DROP,
7.7152,10,STA,WIFI_DROP,
7.7152,16,STA,WIFI_DROP,
7.7176,8,STA,WIFI_DROP,
7.7176,9,STA,WIFI_DROP,
7.7176,10,STA,WIFI_DROP,
7.7176,16,STA,WIFI_DROP,
7.72,8,STA,WIFI_DROP,
7.72,9,STA,WIFI_DROP,
7.72,10,STA,WIFI_DROP,
7.7224,8,STA,WIFI_DROP,
7.7224,9,STA,WIFI_DROP,
7.7224,10,STA,WIFI_DROP,
7.7248,8,STA,WIFI_DROP,
7.7248,9,STA,WIFI_DROP,
7.7248,10,STA,WIFI_DROP,
7.7272,8,STA,WIFI_DROP,
7.7272,9,STA,WIFI_DROP,
7.7272,10,STA,WIFI_DROP,
7.7296,8,STA,WIFI_DROP,
7.7296,9,STA,WIFI_DROP,
7.7296,10,STA,WIFI_DROP,
7.732,8,STA,WIFI_DROP,
7.732,9,STA,WIFI_DROP,
7.732,10,STA,WIFI_DROP,
7.7344,8,STA,WIFI_DROP,
7.7344,9,STA,WIFI_DROP,
7.7344,10,STA,WIFI_DROP,
7.7368,8,STA,WIFI_DROP,
7.7368,9,STA,WIFI_DROP,
7.7368,10,STA,WIFI_DROP,
7.7392,8,STA,WIFI_DROP,
7.7392,9,STA,WIFI_DROP,
7.7392,10,STA,WIFI_DROP,
7.7416,8,STA,WIFI_DROP,
7.7416,9,STA,WIFI_DROP,
7.7416,10,STA,WIFI_DROP,
7.744,8,STA,WIFI_DROP,
7.744,9,STA,WIFI_DROP,
7.744,10,STA,WIFI_DROP,
7.7464,8,STA,WIFI_DROP,
7.7464,9,STA,WIFI_DROP,
7.7464,10,STA,WIFI_DROP,
7.7488,8,STA,WIFI_DROP,
7.7488,9,STA,WIFI_DROP,
7.7488,10,STA,WIFI_DROP,
7.7512,8,STA,WIFI_DROP,
7.7512,9,STA,WIFI_DROP,
7.7512,10,STA,WIFI_DROP,
7.7536,8,STA,WIFI_DROP,
7.7536,9,STA,WIFI_DROP,
7.7536,10,STA,WIFI_DROP,
7.756,8,STA,WIFI_DROP,
7.756,9,STA,WIFI_DROP,
7.756,10,STA,WIFI_DROP,
7.7584,8,STA,WIFI_DROP,
7.7584,9,STA,WIFI_DROP,
7.7584,10,STA,WIFI_DROP,
7.7608,8,STA,WIFI_DROP,
7.7608,9,STA,WIFI_DROP,
7.7608,10,STA,WIFI_DROP,
7.7632,8,STA,WIFI_DROP,
7.7632,9,STA,WIFI_DROP,
7.7632,10,STA,WIFI_DROP,
7.7656,8,STA,WIFI_DROP,
7.7656,9,STA,WIFI_DROP,
7.7656,10,STA,WIFI_DROP,
7.768,8,STA,WIFI_DROP,
7.768,9,STA,WIFI_DROP,
7.768,10,STA,WIFI_DROP,
7.7704,8,STA,WIFI_DROP,
7.7704,9,STA,WIFI_DROP,
7.7704,10,STA,WIFI_DROP,
7.7728,8,STA,WIFI_DROP,
7.7728,9,STA,WIFI_DROP,
7.7728,10,STA,WIFI_DROP,
7.7752,8,STA,WIFI_DROP,
7.7752,9,STA,WIFI_DROP,
7.7752,10,STA,WIFI_DROP,
7.7776,8,STA,WIFI_DROP,
7.7776,9,STA,WIFI_DROP,
7.7776,10,STA,WIFI_DROP,
7.78,8,STA,WIFI_DROP,
7.78,9,STA,WIFI_DROP,
7.78,10,STA,WIFI_DROP,
7.7824,8,STA,WIFI_DROP,
7.7824,9,STA,WIFI_DROP,
7.7824,10,STA,WIFI_DROP,
7.7848,8,STA,WIFI_DROP,
7.7848,9,STA,WIFI_DROP,
7.7848,10,STA,WIFI_DROP,
7.7872,8,STA,WIFI_DROP,
7.7872,9,STA,WIFI_DROP,
7.7872,10,STA,WIFI_DROP,
7.7896,8,STA,WIFI_DROP,
7.7896,9,STA,WIFI_DROP,
7.7896,10,STA,WIFI_DROP,
7.792,8,STA,WIFI_DROP,
7.792,9,STA,WIFI_DROP,
7.792,10,STA,WIFI_DROP,
7.7944,8,STA,WIFI_DROP,
7.7944,9,STA,WIFI_DROP,
7.7944,10,STA,WIFI_DROP,
7.7968,8,STA,WIFI_DROP,
7.7968,9,STA,WIFI_DROP,
7.7968,10,STA,WIFI_DROP,
7.7992,8,STA,WIFI_DROP,
7.7992,9,STA,WIFI_DROP,
7.7992,10,STA,WIFI_DROP,
7.8016,8,STA,WIFI_DROP,
7.8016,9,STA,WIFI_DROP,
7.8016,10,STA,WIFI_DROP,
7.804,8,STA,WIFI_DROP,
7.804,9,STA,WIFI_DROP,
7.804,10,STA,WIFI_DROP,
7.8064,8,STA,WIFI_DROP,
7.8064,9,STA,WIFI_DROP,
7.8064,10,STA,WIFI_DROP,
7.8088,8,STA,WIFI_DROP,
7.8088,9,STA,WIFI_DROP,
7.8088,10,STA,WIFI_DROP,
7.8112,8,STA,WIFI_DROP,
7.8112,9,STA,WIFI_DROP,
7.8112,10,STA,WIFI_DROP,
7.8136,8,STA,WIFI_DROP,
7.8136,9,STA,WIFI_DROP,
7.8136,10,STA,WIFI_DROP,
7.816,8,STA,WIFI_DROP,
7.816,9,STA,WIFI_DROP,
7.816,10,STA,WIFI_DROP,
7.8184,8,STA,WIFI_DROP,
7.8184,9,STA,WIFI_DROP,
7.8184,10,STA,WIFI_DROP,
7.8208,8,STA,WIFI_DROP,
7.8208,9,STA,WIFI_DROP,
7.8208,10,STA,WIFI_DROP,
7.8232,8,STA,WIFI_DROP,
7.8232,9,STA,WIFI_DROP,
7.8232,10,STA,WIFI_DROP,
7.8256,8,STA,WIFI_DROP,
7.8256,9,STA,WIFI_DROP,
7.8256,10,STA,WIFI_DROP,
7.828,8,STA,WIFI_DROP,
7.828,9,STA,WIFI_DROP,
7.828,10,STA,WIFI_DROP,
7.8304,8,STA,WIFI_DROP,
7.8304,9,STA,WIFI_DROP,
7.8304,10,STA,WIFI_DROP,
7.8328,8,STA,WIFI_DROP,
7.8328,9,STA,WIFI_DROP,
7.8328,10,STA,WIFI_DROP,
7.8352,8,STA,WIFI_DROP,
7.8352,9,STA,WIFI_DROP,
7.8352,10,STA,WIFI_DROP,
7.8376,8,STA,WIFI_DROP,
7.8376,9,STA,WIFI_DROP,
7.8376,10,STA,WIFI_DROP,
7.84,8,STA,WIFI_DROP,
7.84,9,STA,WIFI_DROP,
7.84,10,STA,WIFI_DROP,
7.8424,8,STA,WIFI_DROP,
7.8424,9,STA,WIFI_DROP,
7.8424,10,STA,WIFI_DROP,
7.8448,8,STA,WIFI_DROP,
7.8448,9,STA,WIFI_DROP,
7.8448,10,STA,WIFI_DROP,
7.8472,8,STA,WIFI_DROP,
7.8472,9,STA,WIFI_DROP,
7.8472,10,STA,WIFI_DROP,
7.8496,8,STA,WIFI_DROP,
7.8496,9,STA,WIFI_DROP,
7.8496,10,STA,WIFI_DROP,
7.852,8,STA,WIFI_DROP,
7.852,9,STA,WIFI_DROP,
7.852,10,STA,WIFI_DROP,
7.8544,8,STA,WIFI_DROP,
7.8544,9,STA,WIFI_DROP,
7.8544,10,STA,WIFI_DROP,
7.8568,8,STA,WIFI_DROP,
7.8568,9,STA,WIFI_DROP,
7.8568,10,STA,WIFI_DROP,
7.8592,8,STA,WIFI_DROP,
7.8592,9,STA,WIFI_DROP,
7.8592,10,STA,WIFI_DROP,
7.8616,8,STA,WIFI_DROP,
7.8616,9,STA,WIFI_DROP,
7.8616,10,STA,WIFI_DROP,
7.864,8,STA,WIFI_DROP,
7.864,9,STA,WIFI_DROP,
7.864,10,STA,WIFI_DROP,
7.8664,8,STA,WIFI_DROP,
7.8664,9,STA,WIFI_DROP,
7.8664,10,STA,WIFI_DROP,
7.8688,8,STA,WIFI_DROP,
7.8688,9,STA,WIFI_DROP,
7.8688,10,STA,WIFI_DROP,
7.8712,8,STA,WIFI_DROP,
7.8712,9,STA,WIFI_DROP,
7.8712,10,STA,WIFI_DROP,
7.8736,8,STA,WIFI_DROP,
7.8736,9,STA,WIFI_DROP,
7.8736,10,STA,WIFI_DROP,
7.876,8,STA,WIFI_DROP,
7.876,9,STA,WIFI_DROP,
7.876,10,STA,WIFI_DROP,
7.8784,8,STA,WIFI_DROP,
7.8784,9,STA,WIFI_DROP,
7.8784,10,STA,WIFI_DROP,
7.8808,8,STA,WIFI_DROP,
7.8808,9,STA,WIFI_DROP,
7.8808,10,STA,WIFI_DROP,
7.8832,8,STA,WIFI_DROP,
7.8832,9,STA,WIFI_DROP,
7.8832,10,STA,WIFI_DROP,
7.8856,8,STA,WIFI_DROP,
7.8856,9,STA,WIFI_DROP,
7.8856,10,STA,WIFI_DROP,
7.888,8,STA,WIFI_DROP,
7.888,9,STA,WIFI_DROP,
7.888,10,STA,WIFI_DROP,
7.8904,8,STA,WIFI_DROP,
7.8904,9,STA,WIFI_DROP,
7.8904,10,STA,WIFI_DROP,
7.8928,8,STA,WIFI_DROP,
7.8928,9,STA,WIFI_DROP,
7.8928,10,STA,WIFI_DROP,
7.8952,8,STA,WIFI_DROP,
7.8952,9,STA,WIFI_DROP,
7.8952,10,STA,WIFI_DROP,
7.8976,8,STA,WIFI_DROP,
7.8976,9,STA,WIFI_DROP,
7.8976,10,STA,WIFI_DROP,
7.9,8,STA,WIFI_DROP,
7.9,9,STA,WIFI_DROP,
7.9,10,STA,WIFI_DROP,
7.9024,8,STA,WIFI_DROP,
7.9024,9,STA,WIFI_DROP,
7.9024,10,STA,WIFI_DROP,
7.9048,8,STA,WIFI_DROP,
7.9048,9,STA,WIFI_DROP,
7.9048,10,STA,WIFI_DROP,
7.9072,8,STA,WIFI_DROP,
7.9072,9,STA,WIFI_DROP,
7.9072,10,STA,WIFI_DROP,
7.9096,8,STA,WIFI_DROP,
7.9096,9,STA,WIFI_DROP,
7.9096,10,STA,WIFI_DROP,
7.912,8,STA,WIFI_DROP,
7.912,9,STA,WIFI_DROP,
7.912,10,STA,WIFI_DROP,
7.9144,8,STA,WIFI_DROP,
7.9144,9,STA,WIFI_DROP,
7.9144,10,STA,WIFI_DROP,
7.9168,8,STA,WIFI_DROP,
7.9168,9,STA,WIFI_DROP,
7.9168,10,STA,WIFI_DROP,
7.9192,8,STA,WIFI_DROP,
7.9192,9,STA,WIFI_DROP,
7.9192,10,STA,WIFI_DROP,
7.9216,8,STA,WIFI_DROP,
7.9216,9,STA,WIFI_DROP,
7.9216,10,STA,WIFI_DROP,
7.924,8,STA,WIFI_DROP,
7.924,9,STA,WIFI_DROP,
7.924,10,STA,WIFI_DROP,
7.9264,8,STA,WIFI_DROP,
7.9264,9,STA,WIFI_DROP,
7.9264,10,STA,WIFI_DROP,
7.9288,8,STA,WIFI_DROP,
7.9288,9,STA,WIFI_DROP,
7.9288,10,STA,WIFI_DROP,
7.9312,8,STA,WIFI_DROP,
7.9312,9,STA,WIFI_DROP,
7.9312,10,STA,WIFI_DROP,
7.9336,8,STA,WIFI_DROP,
7.9336,9,STA,WIFI_DROP,
7.9336,10,STA,WIFI_DROP,
7.936,8,STA,WIFI_DROP,
7.936,9,STA,WIFI_DROP,
7.936,10,STA,WIFI_DROP,
7.9384,8,STA,WIFI_DROP,
7.9384,9,STA,WIFI_DROP,
7.9384,10,STA,WIFI_DROP,
7.9408,8,STA,WIFI_DROP,
7.9408,9,STA,WIFI_DROP,
7.9408,10,STA,WIFI_DROP,
7.9432,8,STA,WIFI_DROP,
7.9432,9,STA,WIFI_DROP,
7.9432,10,STA,WIFI_DROP,
7.9456,8,STA,WIFI_DROP,
7.9456,9,STA,WIFI_DROP,
7.9456,10,STA,WIFI_DROP,
7.948,8,STA,WIFI_DROP,
7.948,9,STA,WIFI_DROP,
7.948,10,STA,WIFI_DROP,
7.9504,8,STA,WIFI_DROP,
7.9504,9,STA,WIFI_DROP,
7.9504,10,STA,WIFI_DROP,
7.9528,8,STA,WIFI_DROP,
7.9528,9,STA,WIFI_DROP,
7.9528,10,STA,WIFI_DROP,
7.9552,8,STA,WIFI_DROP,
7.9552,9,STA,WIFI_DROP,
7.9552,10,STA,WIFI_DROP,
7.9576,8,STA,WIFI_DROP,
7.9576,9,STA,WIFI_DROP,
7.9576,10,STA,WIFI_DROP,
7.96,8,STA,WIFI_DROP,
7.96,9,STA,WIFI_DROP,
7.96,10,STA,WIFI_DROP,
7.9624,8,STA,WIFI_DROP,
7.9624,9,STA,WIFI_DROP,
7.9624,10,STA,WIFI_DROP,
7.9648,8,STA,WIFI_DROP,
7.9648,9,STA,WIFI_DROP,
7.9648,10,STA,WIFI_DROP,
7.9672,8,STA,WIFI_DROP,
7.9672,9,STA,WIFI_DROP,
7.9672,10,STA,WIFI_DROP,
7.9696,8,STA,WIFI_DROP,
7.9696,9,STA,WIFI_DROP,
7.9696,10,STA,WIFI_DROP,
7.972,8,STA,WIFI_DROP,
7.972,9,STA,WIFI_DROP,
7.972,10,STA,WIFI_DROP,
7.9744,8,STA,WIFI_DROP,
7.9744,9,STA,WIFI_DROP,
7.9744,10,STA,WIFI_DROP,
7.9768,8,STA,WIFI_DROP,
7.9768,9,STA,WIFI_DROP,
7.9768,10,STA,WIFI_DROP,
7.9792,8,STA,WIFI_DROP,
7.9792,9,STA,WIFI_DROP,
7.9792,10,STA,WIFI_DROP,
7.9816,8,STA,WIFI_DROP,
7.9816,9,STA,WIFI_DROP,
7.9816,10,STA,WIFI_DROP,
7.984,8,STA,WIFI_DROP,
7.984,9,STA,WIFI_DROP,
7.984,10,STA,WIFI_DROP,
7.9864,8,STA,WIFI_DROP,
7.9864,9,STA,WIFI_DROP,
7.9864,10,STA,WIFI_DROP,
7.9888,8,STA,WIFI_DROP,
7.9888,9,STA,WIFI_DROP,
7.9888,10,STA,WIFI_DROP,
7.9912,8,STA,WIFI_DROP,
7.9912,9,STA,WIFI_DROP,
7.9912,10,STA,WIFI_DROP,
7.9936,8,STA,WIFI_DROP,
7.9936,9,STA,WIFI_DROP,
7.9936,10,STA,WIFI_DROP,
7.996,8,STA,WIFI_DROP,
7.996,9,STA,WIFI_DROP,
7.996,10,STA,WIFI_DROP,
7.9984,8,STA,WIFI_DROP,
7.9984,9,STA,WIFI_DROP,
7.9984,10,STA,WIFI_DROP,
8,3,STA,THROUGHPUT_MBPS,2.376000
8,5,STA,THROUGHPUT_MBPS,0.360000
8,6,STA,THROUGHPUT_MBPS,2.076000
8,7,STA,THROUGHPUT_MBPS,2.784000
8,10,STA,THROUGHPUT_MBPS,1.404000
8,12,STA,THROUGHPUT_MBPS,1.284000
8,13,STA,THROUGHPUT_MBPS,2.592000
8,14,STA,THROUGHPUT_MBPS,1.212000
8,15,STA,THROUGHPUT_MBPS,1.008000
8,16,STA,THROUGHPUT_MBPS,0.144000
8,19,STA,THROUGHPUT_MBPS,2.568000
8,20,STA,THROUGHPUT_MBPS,0.996000
8,1,AP,AGGREGATE_THROUGHPUT_MBPS,18.804000
8,1,AP,SENT_COUNT,8340.000000
8,1,AP,RECV_COUNT,1567.000000
8,1,AP,LATENCY_P95_MS,540.815445
8.0008,8,STA,WIFI_DROP,
8.0008,9,STA,WIFI_DROP,
8.0008,10,STA,WIFI_DROP,
8.0032,8,STA,WIFI_DROP,
8.0032,9,STA,WIFI_DROP,
8.0032,10,STA,WIFI_DROP,
8.0056,8,STA,WIFI_DROP,
8.0056,9,STA,WIFI_DROP,
8.0056,10,STA,WIFI_DROP,
8.008,8,STA,WIFI_DROP,
8.008,9,STA,WIFI_DROP,
8.008,10,STA,WIFI_DROP,
8.0104,8,STA,WIFI_DROP,
8.0104,9,STA,WIFI_DROP,
8.0104,10,STA,WIFI_DROP,
8.0128,8,STA,WIFI_DROP,
8.0128,9,STA,WIFI_DROP,
8.0128,10,STA,WIFI_DROP,
8.0152,8,STA,WIFI_DROP,
8.0152,9,STA,WIFI_DROP,
8.0152,10,STA,WIFI_DROP,
8.0176,8,STA,WIFI_DROP,
8.0176,9,STA,WIFI_DROP,
8.0176,10,STA,WIFI_DROP,
8.02,8,STA,WIFI_DROP,
8.02,9,STA,WIFI_DROP,
8.02,10,STA,WIFI_DROP,
8.0224,8,STA,WIFI_DROP,
8.0224,9,STA,WIFI_DROP,
8.0224,10,STA,WIFI_DROP,
8.0248,8,STA,WIFI_DROP,
8.0248,9,STA,WIFI_DROP,
8.0248,10,STA,WIFI_DROP,
8.0272,8,STA,WIFI_DROP,
8.0272,9,STA,WIFI_DROP,
8.0272,10,STA,WIFI_DROP,
8.0296,8,STA,WIFI_DROP,
8.0296,9,STA,WIFI_DROP,
8.0296,10,STA,WIFI_DROP,
8.032,8,STA,WIFI_DROP,
8.032,9,STA,WIFI_DROP,
8.032,10,STA,WIFI_DROP,
8.0344,8,STA,WIFI_DROP,
8.0344,9,STA,WIFI_DROP,
8.0344,10,STA,WIFI_DROP,
8.0368,8,STA,WIFI_DROP,
8.0368,9,STA,WIFI_DROP,
8.0368,10,STA,WIFI_DROP,
8.0392,8,STA,WIFI_DROP,
8.0392,9,STA,WIFI_DROP,
8.0392,10,STA,WIFI_DROP,
8.0416,8,STA,WIFI_DROP,
8.0416,9,STA,WIFI_DROP,
8.0416,10,STA,WIFI_DROP,
8.044,8,STA,WIFI_DROP,
8.044,9,STA,WIFI_DROP,
8.044,10,STA,WIFI_DROP,
8.0464,8,STA,WIFI_DROP,
8.0464,9,STA,WIFI_DROP,
8.0464,10,STA,WIFI_DROP,
8.0488,8,STA,WIFI_DROP,
8.0488,9,STA,WIFI_DROP,
8.0488,10,STA,WIFI_DROP,
8.0512,8,STA,WIFI_DROP,
8.0512,9,STA,WIFI_DROP,
8.0512,10,STA,WIFI_DROP,
8.0536,8,STA,WIFI_DROP,
8.0536,9,STA,WIFI_DROP,
8.0536,10,STA,WIFI_DROP,
8.056,8,STA,WIFI_DROP,
8.056,9,STA,WIFI_DROP,
8.056,10,STA,WIFI_DROP,
8.0584,8,STA,WIFI_DROP,
8.0584,9,STA,WIFI_DROP,
8.0584,10,STA,WIFI_DROP,
8.0608,8,STA,WIFI_DROP,
8.0608,9,STA,WIFI_DROP,
8.0608,10,STA,WIFI_DROP,
8.0632,8,STA,WIFI_DROP,
8.0632,9,STA,WIFI_DROP,
8.0632,10,STA,WIFI_DROP,
8.0656,8,STA,WIFI_DROP,
8.0656,9,STA,WIFI_DROP,
8.0656,10,STA,WIFI_DROP,
8.068,8,STA,WIFI_DROP,
8.068,9,STA,WIFI_DROP,
8.068,10,STA,WIFI_DROP,
8.0704,8,STA,WIFI_DROP,
8.0704,9,STA,WIFI_DROP,
8.0704,10,STA,WIFI_DROP,
8.0728,8,STA,WIFI_DROP,
8.0728,9,STA,WIFI_DROP,
8.0728,10,STA,WIFI_DROP,
8.0752,8,STA,WIFI_DROP,
8.0752,9,STA,WIFI_DROP,
8.0752,10,STA,WIFI_DROP,
8.0776,8,STA,WIFI_DROP,
8.0776,9,STA,WIFI_DROP,
8.0776,10,STA,WIFI_DROP,
8.08,8,STA,WIFI_DROP,
8.08,9,STA,WIFI_DROP,
8.08,10,STA,WIFI_DROP,
8.0824,8,STA,WIFI_DROP,
8.0824,9,STA,WIFI_DROP,
8.0824,10,STA,WIFI_DROP,
8.0848,8,STA,WIFI_DROP,
8.0848,9,STA,WIFI_DROP,
8.0848,10,STA,WIFI_DROP,
8.0872,8,STA,WIFI_DROP,
8.0872,9,STA,WIFI_DROP,
8.0872,10,STA,WIFI_DROP,
8.0896,8,STA,WIFI_DROP,
8.0896,9,STA,WIFI_DROP,
8.0896,10,STA,WIFI_DROP,
8.092,8,STA,WIFI_DROP,
8.092,9,STA,WIFI_DROP,
8.092,10,STA,WIFI_DROP,
8.0944,8,STA,WIFI_DROP,
8.0944,9,STA,WIFI_DROP,
8.0944,10,STA,WIFI_DROP,
8.0968,8,STA,WIFI_DROP,
8.0968,9,STA,WIFI_DROP,
8.0968,10,STA,WIFI_DROP,
8.0992,8,STA,WIFI_DROP,
8.0992,9,STA,WIFI_DROP,
8.0992,10,STA,WIFI_DROP,
8.1016,8,STA,WIFI_DROP,
8.1016,9,STA,WIFI_DROP,
8.1016,10,STA,WIFI_DROP,
8.104,8,STA,WIFI_DROP,
8.104,9,STA,WIFI_DROP,
8.104,10,STA,WIFI_DROP,
8.1064,8,STA,WIFI_DROP,
8.1064,9,STA,WIFI_DROP,
8.1064,10,STA,WIFI_DROP,
8.1088,8,STA,WIFI_DROP,
8.1088,9,STA,WIFI_DROP,
8.1088,10,STA,WIFI_DROP,
8.1112,8,STA,WIFI_DROP,
8.1112,9,STA,WIFI_DROP,
8.1112,10,STA,WIFI_DROP,
8.1136,8,STA,WIFI_DROP,
8.1136,9,STA,WIFI_DROP,
8.1136,10,STA,WIFI_DROP,
8.116,8,STA,WIFI_DROP,
8.116,9,STA,WIFI_DROP,
8.116,10,STA,WIFI_DROP,
8.1184,8,STA,WIFI_DROP,
8.1184,9,STA,WIFI_DROP,
8.1184,10,STA,WIFI_DROP,
8.1208,8,STA,WIFI_DROP,
8.1208,9,STA,WIFI_DROP,
8.1208,10,STA,WIFI_DROP,
8.1232,8,STA,WIFI_DROP,
8.1232,9,STA,WIFI_DROP,
8.1232,10,STA,WIFI_DROP,
8.1256,8,STA,WIFI_DROP,
8.1256,9,STA,WIFI_DROP,
8.1256,10,STA,WIFI_DROP,
8.128,2,STA,WIFI_DROP,
8.128,8,STA,WIFI_DROP,
8.128,9,STA,WIFI_DROP,
8.128,10,STA,WIFI_DROP,
8.1304,2,STA,WIFI_DROP,
8.1304,8,STA,WIFI_DROP,
8.1304,9,STA,WIFI_DROP,
8.1304,10,STA,WIFI_DROP,
8.1328,2,STA,WIFI_DROP,
8.1328,8,STA,WIFI_DROP,
8.1328,9,STA,WIFI_DROP,
8.1328,10,STA,WIFI_DROP,
8.1352,2,STA,WIFI_DROP,
8.1352,8,STA,WIFI_DROP,
8.1352,9,STA,WIFI_DROP,
8.1352,10,STA,WIFI_DROP,
8.1376,2,STA,WIFI_DROP,
8.1376,8,STA,WIFI_DROP,
8.1376,9,STA,WIFI_DROP,
8.1376,10,STA,WIFI_DROP,
8.14,2,STA,WIFI_DROP,
8.14,8,STA,WIFI_DROP,
8.14,9,STA,WIFI_DROP,
8.14,10,STA,WIFI_DROP,
8.1424,2,STA,WIFI_DROP,
8.1424,8,STA,WIFI_DROP,
8.1424,9,STA,WIFI_DROP,
8.1424,10,STA,WIFI_DROP,
8.1448,2,STA,WIFI_DROP,
8.1448,8,STA,WIFI_DROP,
8.1448,9,STA,WIFI_DROP,
8.1448,10,STA,WIFI_DROP,
8.1472,2,STA,WIFI_DROP,
8.1472,8,STA,WIFI_DROP,
8.1472,9,STA,WIFI_DROP,
8.1472,10,STA,WIFI_DROP,
8.1496,2,STA,WIFI_DROP,
8.1496,8,STA,WIFI_DROP,
8.1496,9,STA,WIFI_DROP,
8.1496,10,STA,WIFI_DROP,
8.152,2,STA,WIFI_DROP,
8.152,8,STA,WIFI_DROP,
8.152,9,STA,WIFI_DROP,
8.152,10,STA,WIFI_DROP,
8.1544,2,STA,WIFI_DROP,
8.1544,8,STA,WIFI_DROP,
8.1544,9,STA,WIFI_DROP,
8.1544,10,STA,WIFI_DROP,
8.1568,2,STA,WIFI_DROP,
8.1568,8,STA,WIFI_DROP,
8.1568,9,STA,WIFI_DROP,
8.1568,10,STA,WIFI_DROP,
8.1592,2,STA,WIFI_DROP,
8.1592,8,STA,WIFI_DROP,
8.1592,9,STA,WIFI_DROP,
8.1592,10,STA,WIFI_DROP,
8.1616,2,STA,WIFI_DROP,
8.1616,9,STA,WIFI_DROP,
8.1616,10,STA,WIFI_DROP,
8.164,2,STA,WIFI_DROP,
8.164,9,STA,WIFI_DROP,
8.164,10,STA,WIFI_DROP,
8.1664,2,STA,WIFI_DROP,
8.1664,9,STA,WIFI_DROP,
8.1664,10,STA,WIFI_DROP,
8.1688,2,STA,WIFI_DROP,
8.1688,9,STA,WIFI_DROP,
8.1688,10,STA,WIFI_DROP,
8.1712,2,STA,WIFI_DROP,
8.1712,9,STA,WIFI_DROP,
8.1712,10,STA,WIFI_DROP,
8.1736,2,STA,WIFI_DROP,
8.1736,9,STA,WIFI_DROP,
8.1736,10,STA,WIFI_DROP,
8.176,2,STA,WIFI_DROP,
8.176,9,STA,WIFI_DROP,
8.176,10,STA,WIFI_DROP,
8.1784,2,STA,WIFI_DROP,
8.1784,9,STA,WIFI_DROP,
8.1784,10,STA,WIFI_DROP,
8.1808,9,STA,WIFI_DROP,
8.1808,10,STA,WIFI_DROP,
8.1832,9,STA,WIFI_DROP,
8.1832,10,STA,WIFI_DROP,
8.1856,9,STA,WIFI_DROP,
8.1856,10,STA,WIFI_DROP,
8.188,9,STA,WIFI_DROP,
8.188,10,STA,WIFI_DROP,
8.1904,9,STA,WIFI_DROP,
8.1904,10,STA,WIFI_DROP,
8.1928,9,STA,WIFI_DROP,
8.1928,10,STA,WIFI_DROP,
8.1952,9,STA,WIFI_DROP,
8.1952,10,STA,WIFI_DROP,
8.1976,9,STA,WIFI_DROP,
8.1976,10,STA,WIFI_DROP,
8.2,9,STA,WIFI_DROP,
8.2,10,STA,WIFI_DROP,
8.2024,9,STA,WIFI_DROP,
8.2024,10,STA,WIFI_DROP,
8.2048,9,STA,WIFI_DROP,
8.2048,10,STA,WIFI_DROP,
8.2072,9,STA,WIFI_DROP,
8.2072,10,STA,WIFI_DROP,
8.2096,9,STA,WIFI_DROP,
8.2096,10,STA,WIFI_DROP,
8.212,9,STA,WIFI_DROP,
8.212,10,STA,WIFI_DROP,
8.2144,9,STA,WIFI_DROP,
8.2144,10,STA,WIFI_DROP,
8.2168,9,STA,WIFI_DROP,
8.2168,10,STA,WIFI_DROP,
8.2192,9,STA,WIFI_DROP,
8.2192,10,STA,WIFI_DROP,
8.2216,9,STA,WIFI_DROP,
8.2216,10,STA,WIFI_DROP,
8.224,9,STA,WIFI_DROP,
8.224,10,STA,WIFI_DROP,
8.2264,9,STA,WIFI_DROP,
8.2264,10,STA,WIFI_DROP,
8.2288,9,STA,WIFI_DROP,
8.2288,10,STA,WIFI_DROP,
8.2312,9,STA,WIFI_DROP,
8.2312,10,STA,WIFI_DROP,
8.2336,9,STA,WIFI_DROP,
8.2336,10,STA,WIFI_DROP,
8.236,9,STA,WIFI_DROP,
8.236,10,STA,WIFI_DROP,
8.2384,9,STA,WIFI_DROP,
8.2384,10,STA,WIFI_DROP,
8.2408,9,STA,WIFI_DROP,
8.2408,10,STA,WIFI_DROP,
8.2432,9,STA,WIFI_DROP,
8.2432,10,STA,WIFI_DROP,
8.2456,9,STA,WIFI_DROP,
8.2456,10,STA,WIFI_DROP,
8.248,9,STA,WIFI_DROP,
8.248,10,STA,WIFI_DROP,
8.2504,9,STA,WIFI_DROP,
8.2504,10,STA,WIFI_DROP,
8.2528,9,STA,WIFI_DROP,
8.2528,10,STA,WIFI_DROP,
8.2552,9,STA,WIFI_DROP,
8.2552,10,STA,WIFI_DROP,
8.2576,9,STA,WIFI_DROP,
8.2576,10,STA,WIFI_DROP,
8.26,9,STA,WIFI_DROP,
8.26,10,STA,WIFI_DROP,
8.2624,9,STA,WIFI_DROP,
8.2624,10,STA,WIFI_DROP,
8.2648,9,STA,WIFI_DROP,
8.2648,10,STA,WIFI_DROP,
8.2672,9,STA,WIFI_DROP,
8.2672,10,STA,WIFI_DROP,
8.2696,9,STA,WIFI_DROP,
8.2696,10,STA,WIFI_DROP,
8.272,10,STA,WIFI_DROP,
8.2744,10,STA,WIFI_DROP,
8.2768,10,STA,WIFI_DROP,
8.2792,10,STA,WIFI_DROP,
8.2816,10,STA,WIFI_DROP,
8.284,10,STA,WIFI_DROP,
8.2864,10,STA,WIFI_DROP,
8.2888,10,STA,WIFI_DROP,
8.2912,10,STA,WIFI_DROP,
8.2936,10,STA,WIFI_DROP,
8.296,10,STA,WIFI_DROP,
8.2984,10,STA,WIFI_DROP,
8.3008,10,STA,WIFI_DROP,
8.3032,10,STA,WIFI_DROP,
8.3056,10,STA,WIFI_DROP,
8.308,10,STA,WIFI_DROP,
8.3104,10,STA,WIFI_DROP,
8.3128,10,STA,WIFI_DROP,
8.3152,10,STA,WIFI_DROP,
8.3176,10,STA,WIFI_DROP,
8.32,10,STA,WIFI_DROP,
8.3224,10,STA,WIFI_DROP,
8.3248,10,STA,WIFI_DROP,
8.3272,10,STA,WIFI_DROP,
8.3296,10,STA,WIFI_DROP,
8.332,10,STA,WIFI_DROP,
8.3344,10,STA,WIFI_DROP,
8.3368,10,STA,WIFI_DROP,
8.3392,10,STA,WIFI_DROP,
8.3416,10,STA,WIFI_DROP,
8.344,10,STA,WIFI_DROP,
8.3464,10,STA,WIFI_DROP,
8.3488,10,STA,WIFI_DROP,
8.3512,10,STA,WIFI_DROP,
8.3536,10,STA,WIFI_DROP,
8.356,10,STA,WIFI_DROP,
8.3584,10,STA,WIFI_DROP,
8.3608,10,STA,WIFI_DROP,
8.3632,10,STA,WIFI_DROP,
8.3656,10,STA,WIFI_DROP,
8.5384,19,STA,WIFI_DROP,
8.5408,19,STA,WIFI_DROP,
8.5432,19,STA,WIFI_DROP,
8.5456,19,STA,WIFI_DROP,
8.548,19,STA,WIFI_DROP,
8.5504,19,STA,WIFI_DROP,
8.5528,19,STA,WIFI_DROP,
8.5552,19,STA,WIFI_DROP,
8.5576,19,STA,WIFI_DROP,
8.56,19,STA,WIFI_DROP,
8.5624,19,STA,WIFI_DROP,
8.5648,19,STA,WIFI_DROP,
8.5672,19,STA,WIFI_DROP,
8.5696,19,STA,WIFI_DROP,
8.572,19,STA,WIFI_DROP,
8.5744,19,STA,WIFI_DROP,
8.5768,19,STA,WIFI_DROP,
8.5792,19,STA,WIFI_DROP,
8.5816,19,STA,WIFI_DROP,
8.584,19,STA,WIFI_DROP,
8.5864,19,STA,WIFI_DROP,
8.5888,19,STA,WIFI_DROP,
8.5912,19,STA,WIFI_DROP,
8.5936,19,STA,WIFI_DROP,
8.596,19,STA,WIFI_DROP,
8.5984,19,STA,WIFI_DROP,
8.6008,19,STA,WIFI_DROP,
8.6032,19,STA,WIFI_DROP,
8.6056,19,STA,WIFI_DROP,
8.608,19,STA,WIFI_DROP,
8.6104,19,STA,WIFI_DROP,
8.6128,19,STA,WIFI_DROP,
8.6152,19,STA,WIFI_DROP,
8.6176,19,STA,WIFI_DROP,
8.62,19,STA,WIFI_DROP,
8.6224,19,STA,WIFI_DROP,
8.6248,19,STA,WIFI_DROP,
8.6272,19,STA,WIFI_DROP,
8.6296,19,STA,WIFI_DROP,
8.632,19,STA,WIFI_DROP,
8.6344,19,STA,WIFI_DROP,
8.6368,19,STA,WIFI_DROP,
8.6392,19,STA,WIFI_DROP,
8.6416,19,STA,WIFI_DROP,
8.644,19,STA,WIFI_DROP,
8.6464,19,STA,WIFI_DROP,
8.6488,19,STA,WIFI_DROP,
8.6512,19,STA,WIFI_DROP,
8.6536,19,STA,WIFI_DROP,
8.656,19,STA,WIFI_DROP,
8.6584,19,STA,WIFI_DROP,
8.6608,19,STA,WIFI_DROP,
8.6632,19,STA,WIFI_DROP,
8.6656,19,STA,WIFI_DROP,
8.668,19,STA,WIFI_DROP,
8.6704,19,STA,WIFI_DROP,
8.6728,19,STA,WIFI_DROP,
8.6752,19,STA,WIFI_DROP,
8.6776,19,STA,WIFI_DROP,
8.68,19,STA,WIFI_DROP,
8.6824,19,STA,WIFI_DROP,
8.6848,19,STA,WIFI_DROP,
8.6872,19,STA,WIFI_DROP,
8.6896,19,STA,WIFI_DROP,
8.692,19,STA,WIFI_DROP,
8.6944,19,STA,WIFI_DROP,
8.6968,19,STA,WIFI_DROP,
8.6992,19,STA,WIFI_DROP,
8.7016,19,STA,WIFI_DROP,
8.704,19,STA,WIFI_DROP,
8.7064,19,STA,WIFI_DROP,
8.7088,19,STA,WIFI_DROP,
8.7112,19,STA,WIFI_DROP,
8.7136,19,STA,WIFI_DROP,
8.716,19,STA,WIFI_DROP,
8.7184,19,STA,WIFI_DROP,
8.7208,19,STA,WIFI_DROP,
8.7232,19,STA,WIFI_DROP,
8.7256,19,STA,WIFI_DROP,
8.728,19,STA,WIFI_DROP,
8.7304,19,STA,WIFI_DROP,
8.7328,19,STA,WIFI_DROP,
8.7352,19,STA,WIFI_DROP,
8.7376,19,STA,WIFI_DROP,
8.74,19,STA,WIFI_DROP,
8.7424,19,STA,WIFI_DROP,
8.7448,19,STA,WIFI_DROP,
8.7472,19,STA,WIFI_DROP,
8.7496,19,STA,WIFI_DROP,
8.752,19,STA,WIFI_DROP,
8.7544,19,STA,WIFI_DROP,
8.7568,19,STA,WIFI_DROP,
8.7592,19,STA,WIFI_DROP,
8.7616,19,STA,WIFI_DROP,
8.764,19,STA,WIFI_DROP,
8.7664,19,STA,WIFI_DROP,
8.7688,19,STA,WIFI_DROP,
8.7712,19,STA,WIFI_DROP,
8.7736,19,STA,WIFI_DROP,
8.776,19,STA,WIFI_DROP,
8.7784,19,STA,WIFI_DROP,
8.7808,19,STA,WIFI_DROP,
8.7832,19,STA,WIFI_DROP,
8.7856,19,STA,WIFI_DROP,
8.788,19,STA,WIFI_DROP,
8.7904,9,STA,WIFI_DROP,
8.7904,19,STA,WIFI_DROP,
8.7928,9,STA,WIFI_DROP,
8.7928,19,STA,WIFI_DROP,
8.7952,9,STA,WIFI_DROP,
8.7952,19,STA,WIFI_DROP,
8.7976,9,STA,WIFI_DROP,
8.7976,19,STA,WIFI_DROP,
8.8,9,STA,WIFI_DROP,
8.8,19,STA,WIFI_DROP,
8.8024,9,STA,WIFI_DROP,
8.8024,19,STA,WIFI_DROP,
8.8048,9,STA,WIFI_DROP,
8.8048,19,STA,WIFI_DROP,
8.8072,9,STA,WIFI_DROP,
8.8072,19,STA,WIFI_DROP,
8.8096,9,STA,WIFI_DROP,
8.8096,19,STA,WIFI_DROP,
8.812,9,STA,WIFI_DROP,
8.812,19,STA,WIFI_DROP,
8.8144,9,STA,WIFI_DROP,
8.8144,19,STA,WIFI_DROP,
8.8168,9,STA,WIFI_DROP,
8.8168,19,STA,WIFI_DROP,
8.8192,9,STA,WIFI_DROP,
8.8192,19,STA,WIFI_DROP,
8.8216,9,STA,WIFI_DROP,
8.8216,19,STA,WIFI_DROP,
8.824,9,STA,WIFI_DROP,
8.824,19,STA,WIFI_DROP,
8.8264,9,STA,WIFI_DROP,
8.8264,19,STA,WIFI_DROP,
8.8288,9,STA,WIFI_DROP,
8.8288,19,STA,WIFI_DROP,
8.8312,9,STA,WIFI_DROP,
8.8312,19,STA,WIFI_DROP,
8.8336,9,STA,WIFI_DROP,
8.8336,19,STA,WIFI_DROP,
8.836,9,STA,WIFI_DROP,
8.836,19,STA,WIFI_DROP,
8.8384,9,STA,WIFI_DROP,
8.8384,19,STA,WIFI_DROP,
8.8408,9,STA,WIFI_DROP,
8.8408,19,STA,WIFI_DROP,
8.8432,9,STA,WIFI_DROP,
8.8432,19,STA,WIFI_DROP,
8.8456,9,STA,WIFI_DROP,
8.8456,19,STA,WIFI_DROP,
8.848,9,STA,WIFI_DROP,
8.848,19,STA,WIFI_DROP,
8.8504,9,STA,WIFI_DROP,
8.8504,19,STA,WIFI_DROP,
8.8528,9,STA,WIFI_DROP,
8.8528,19,STA,WIFI_DROP,
8.8552,9,STA,WIFI_DROP,
8.8552,19,STA,WIFI_DROP,
8.8576,9,STA,WIFI_DROP,
8.8576,19,STA,WIFI_DROP,
8.86,9,STA,WIFI_DROP,
8.86,19,STA,WIFI_DROP,
8.8624,9,STA,WIFI_DROP,
8.8624,19,STA,WIFI_DROP,
8.8648,9,STA,WIFI_DROP,
8.8648,19,STA,WIFI_DROP,
8.8672,9,STA,WIFI_DROP,
8.8672,19,STA,WIFI_DROP,
8.8696,9,STA,WIFI_DROP,
8.8696,19,STA,WIFI_DROP,
8.872,9,STA,WIFI_DROP,
8.872,19,STA,WIFI_DROP,
8.8744,9,STA,WIFI_DROP,
8.8744,19,STA,WIFI_DROP,
8.8768,9,STA,WIFI_DROP,
8.8768,19,STA,WIFI_DROP,
8.8792,9,STA,WIFI_DROP,
8.8792,19,STA,WIFI_DROP,
8.8816,9,STA,WIFI_DROP,
8.8816,19,STA,WIFI_DROP,
8.884,9,STA,WIFI_DROP,
8.884,19,STA,WIFI_DROP,
8.8864,9,STA,WIFI_DROP,
8.8864,19,STA,WIFI_DROP,
8.8888,9,STA,WIFI_DROP,
8.8888,19,STA,WIFI_DROP,
8.8912,9,STA,WIFI_DROP,
8.8912,19,STA,WIFI_DROP,
8.8936,19,STA,WIFI_DROP,
8.896,19,STA,WIFI_DROP,
8.8984,19,STA,WIFI_DROP,
8.9008,19,STA,WIFI_DROP,
8.9032,19,STA,WIFI_DROP,
8.9056,19,STA,WIFI_DROP,
8.908,19,STA,WIFI_DROP,
8.9104,19,STA,WIFI_DROP,
8.9128,19,STA,WIFI_DROP,
8.9152,19,STA,WIFI_DROP,
8.9176,19,STA,WIFI_DROP,
8.92,19,STA,WIFI_DROP,
8.9224,19,STA,WIFI_DROP,
8.9248,19,STA,WIFI_DROP,
8.9272,19,STA,WIFI_DROP,
8.9296,19,STA,WIFI_DROP,
8.932,19,STA,WIFI_DROP,
8.9344,19,STA,WIFI_DROP,
8.9368,19,STA,WIFI_DROP,
8.9392,19,STA,WIFI_DROP,
8.9416,19,STA,WIFI_DROP,
8.944,19,STA,WIFI_DROP,
8.9464,19,STA,WIFI_DROP,
8.9488,19,STA,WIFI_DROP,
8.9512,19,STA,WIFI_DROP,
8.9536,19,STA,WIFI_DROP,
8.956,19,STA,WIFI_DROP,
8.9584,19,STA,WIFI_DROP,
8.9608,19,STA,WIFI_DROP,
8.9632,19,STA,WIFI_DROP,
8.9656,19,STA,WIFI_DROP,
8.968,19,STA,WIFI_DROP,
8.9704,19,STA,WIFI_DROP,
8.9728,19,STA,WIFI_DROP,
8.9752,19,STA,WIFI_DROP,
8.9776,19,STA,WIFI_DROP,
8.98,19,STA,WIFI_DROP,
8.9824,19,STA,WIFI_DROP,
8.9848,19,STA,WIFI_DROP,
8.9872,19,STA,WIFI_DROP,
8.9896,19,STA,WIFI_DROP,
8.992,19,STA,WIFI_DROP,
8.9944,19,STA,WIFI_DROP,
8.9968,19,STA,WIFI_DROP,
8.9992,19,STA,WIFI_DROP,
9,3,STA,THROUGHPUT_MBPS,1.800000
9,5,STA,THROUGHPUT_MBPS,2.448000
9,6,STA,THROUGHPUT_MBPS,2.904000
9,7,STA,THROUGHPUT_MBPS,1.248000
9,8,STA,THROUGHPUT_MBPS,0.756000
9,10,STA,THROUGHPUT_MBPS,1.188000
9,12,STA,THROUGHPUT_MBPS,0.552000
9,13,STA,THROUGHPUT_MBPS,3.552000
9,14,STA,THROUGHPUT_MBPS,0.696000
9,15,STA,THROUGHPUT_MBPS,5.280000
9,19,STA,THROUGHPUT_MBPS,1.020000
9,20,STA,THROUGHPUT_MBPS,2.904000
9,1,AP,AGGREGATE_THROUGHPUT_MBPS,24.348000
9,1,AP,SENT_COUNT,8340.000000
9,1,AP,RECV_COUNT,2029.000000
9,1,AP,LATENCY_P95_MS,536.354596
9.0016,19,STA,WIFI_DROP,
9.004,19,STA,WIFI_DROP,
9.0064,19,STA,WIFI_DROP,
9.0088,19,STA,WIFI_DROP,
9.0112,19,STA,WIFI_DROP,
9.0136,19,STA,WIFI_DROP,
9.016,19,STA,WIFI_DROP,
9.0184,19,STA,WIFI_DROP,
9.0208,19,STA,WIFI_DROP,
9.0232,19,STA,WIFI_DROP,
9.0256,19,STA,WIFI_DROP,
9.028,19,STA,WIFI_DROP,
9.0304,19,STA,WIFI_DROP,
9.0328,19,STA,WIFI_DROP,
9.0352,19,STA,WIFI_DROP,
9.0376,19,STA,WIFI_DROP,
9.04,19,STA,WIFI_DROP,
9.0424,19,STA,WIFI_DROP,
9.0448,19,STA,WIFI_DROP,
9.0472,19,STA,WIFI_DROP,
9.0496,19,STA,WIFI_DROP,
9.052,19,STA,WIFI_DROP,
9.0544,19,STA,WIFI_DROP,
9.0568,19,STA,WIFI_DROP,
9.0592,19,STA,WIFI_DROP,
9.0616,19,STA,WIFI_DROP,
9.064,19,STA,WIFI_DROP,
9.0664,19,STA,WIFI_DROP,
9.0688,19,STA,WIFI_DROP,
9.0712,19,STA,WIFI_DROP,
9.0736,19,STA,WIFI_DROP,
9.076,19,STA,WIFI_DROP,
9.0784,19,STA,WIFI_DROP,
9.0808,19,STA,WIFI_DROP,
9.0832,19,STA,WIFI_DROP,
9.0856,19,STA,WIFI_DROP,
9.088,19,STA,WIFI_DROP,
9.0904,19,STA,WIFI_DROP,
9.0928,19,STA,WIFI_DROP,
9.0952,19,STA,WIFI_DROP,
9.0976,19,STA,WIFI_DROP,
9.1,19,STA,WIFI_DROP,
9.1024,19,STA,WIFI_DROP,
9.1048,19,STA,WIFI_DROP,
9.1072,19,STA,WIFI_DROP,
9.1096,19,STA,WIFI_DROP,
9.112,19,STA,WIFI_DROP,
9.1144,19,STA,WIFI_DROP,
9.1168,19,STA,WIFI_DROP,
9.1192,19,STA,WIFI_DROP,
9.1216,19,STA,WIFI_DROP,
9.124,19,STA,WIFI_DROP,
9.1264,19,STA,WIFI_DROP,
9.1288,19,STA,WIFI_DROP,
9.1312,19,STA,WIFI_DROP,
9.1336,19,STA,WIFI_DROP,
9.136,19,STA,WIFI_DROP,
9.1384,19,STA,WIFI_DROP,
9.1408,19,STA,WIFI_DROP,
9.1432,19,STA,WIFI_DROP,
9.1528,6,STA,WIFI_DROP,
9.1552,6,STA,WIFI_DROP,
9.1576,6,STA,WIFI_DROP,
9.16,6,STA,WIFI_DROP,
9.1624,6,STA,WIFI_DROP,
9.1648,6,STA,WIFI_DROP,
9.1672,6,STA,WIFI_DROP,
9.1696,6,STA,WIFI_DROP,
9.172,6,STA,WIFI_DROP,
9.1744,6,STA,WIFI_DROP,
9.1768,6,STA,WIFI_DROP,
9.1792,6,STA,WIFI_DROP,
9.1816,6,STA,WIFI_DROP,
9.184,6,STA,WIFI_DROP,
9.1864,6,STA,WIFI_DROP,
9.1888,6,STA,WIFI_DROP,
9.1912,6,STA,WIFI_DROP,
9.1936,6,STA,WIFI_DROP,
9.196,6,STA,WIFI_DROP,
9.1984,6,STA,WIFI_DROP,
9.2008,6,STA,WIFI_DROP,
9.2032,6,STA,WIFI_DROP,
9.2056,6,STA,WIFI_DROP,
9.208,6,STA,WIFI_DROP,
9.2104,6,STA,WIFI_DROP,
9.2128,6,STA,WIFI_DROP,
9.2152,6,STA,WIFI_DROP,
9.2176,6,STA,WIFI_DROP,
9.22,6,STA,WIFI_DROP,
9.2224,6,STA,WIFI_DROP,
9.2248,6,STA,WIFI_DROP,
9.2272,6,STA,WIFI_DROP,
9.2296,6,STA,WIFI_DROP,
9.232,6,STA,WIFI_DROP,
9.2344,6,STA,WIFI_DROP,
9.2368,6,STA,WIFI_DROP,
9.2392,6,STA,WIFI_DROP,
9.2416,6,STA,WIFI_DROP,
9.244,6,STA,WIFI_DROP,
9.2464,6,STA,WIFI_DROP,
9.2488,6,STA,WIFI_DROP,
9.2512,6,STA,WIFI_DROP,
9.2536,6,STA,WIFI_DROP,
9.256,6,STA,WIFI_DROP,
9.2584,6,STA,WIFI_DROP,
9.2608,6,STA,WIFI_DROP,
9.2632,6,STA,WIFI_DROP,
9.2656,6,STA,WIFI_DROP,
9.268,6,STA,WIFI_DROP,
9.2704,6,STA,WIFI_DROP,
9.2728,6,STA,WIFI_DROP,
9.2752,6,STA,WIFI_DROP,
9.2776,6,STA,WIFI_DROP,
9.28,6,STA,WIFI_DROP,
9.2824,6,STA,WIFI_DROP,
9.2848,6,STA,WIFI_DROP,
9.2872,6,STA,WIFI_DROP,
9.2896,6,STA,WIFI_DROP,
9.292,6,STA,WIFI_DROP,
9.2944,6,STA,WIFI_DROP,
9.2968,6,STA,WIFI_DROP,
9.2992,6,STA,WIFI_DROP,
9.3016,6,STA,WIFI_DROP,
9.304,6,STA,WIFI_DROP,
9.3064,6,STA,WIFI_DROP,
9.3088,6,STA,WIFI_DROP,
9.3112,6,STA,WIFI_DROP,
9.3136,6,STA,WIFI_DROP,
9.316,6,STA,WIFI_DROP,
9.3184,6,STA,WIFI_DROP,
9.3208,6,STA,WIFI_DROP,
9.3232,6,STA,WIFI_DROP,
9.3256,6,STA,WIFI_DROP,
9.328,6,STA,WIFI_DROP,
9.3304,6,STA,WIFI_DROP,
9.3328,6,STA,WIFI_DROP,
9.3352,6,STA,WIFI_DROP,
9.3376,6,STA,WIFI_DROP,
9.34,6,STA,WIFI_DROP,
9.3424,6,STA,WIFI_DROP,
9.3448,6,STA,WIFI_DROP,
9.3472,6,STA,WIFI_DROP,
9.3496,6,STA,WIFI_DROP,
9.352,6,STA,WIFI_DROP,
9.3544,6,STA,WIFI_DROP,
9.46,3,STA,WIFI_DROP,
9.4624,3,STA,WIFI_DROP,
9.4648,3,STA,WIFI_DROP,
9.4672,3,STA,WIFI_DROP,
9.4696,3,STA,WIFI_DROP,
9.472,3,STA,WIFI_DROP,
9.4744,3,STA,WIFI_DROP,
9.4768,3,STA,WIFI_DROP,
9.4792,3,STA,WIFI_DROP,
9.4816,3,STA,WIFI_DROP,
9.484,3,STA,WIFI_DROP,
9.4864,3,STA,WIFI_DROP,
9.4888,3,STA,WIFI_DROP,
9.4912,3,STA,WIFI_DROP,
9.4936,3,STA,WIFI_DROP,
9.496,3,STA,WIFI_DROP,
9.4984,3,STA,WIFI_DROP,
9.5008,3,STA,WIFI_DROP,
9.5032,3,STA,WIFI_DROP,
9.5056,3,STA,WIFI_DROP,
9.508,3,STA,WIFI_DROP,
9.5104,3,STA,WIFI_DROP,
9.6616,19,STA,WIFI_DROP,
9.664,4,STA,WIFI_DROP,
9.664,19,STA,WIFI_DROP,
9.6664,4,STA,WIFI_DROP,
9.6664,19,STA,WIFI_DROP,
9.6688,4,STA,WIFI_DROP,
9.6688,19,STA,WIFI_DROP,
9.6712,4,STA,WIFI_DROP,
9.6712,19,STA,WIFI_DROP,
9.6736,4,STA,WIFI_DROP,
9.6736,19,STA,WIFI_DROP,
9.676,4,STA,WIFI_DROP,
9.676,19,STA,WIFI_DROP,
9.6784,4,STA,WIFI_DROP,
9.6784,19,STA,WIFI_DROP,
9.6808,4,STA,WIFI_DROP,
9.6808,19,STA,WIFI_DROP,
9.6832,4,STA,WIFI_DROP,
9.6832,19,STA,WIFI_DROP,
9.6856,4,STA,WIFI_DROP,
9.6856,19,STA,WIFI_DROP,
9.688,4,STA,WIFI_DROP,
9.688,19,STA,WIFI_DROP,
9.6904,4,STA,WIFI_DROP,
9.6904,19,STA,WIFI_DROP,
9.6928,4,STA,WIFI_DROP,
9.6928,19,STA,WIFI_DROP,
9.6952,4,STA,WIFI_DROP,
9.6952,19,STA,WIFI_DROP,
9.6976,4,STA,WIFI_DROP,
9.6976,19,STA,WIFI_DROP,
9.7,4,STA,WIFI_DROP,
9.7,19,STA,WIFI_DROP,
9.7024,4,STA,WIFI_DROP,
9.7024,19,STA,WIFI_DROP,
9.7048,4,STA,WIFI_DROP,
9.7048,19,STA,WIFI_DROP,
9.7072,4,STA,WIFI_DROP,
9.7072,19,STA,WIFI_DROP,
9.7096,4,STA,WIFI_DROP,
9.7096,19,STA,WIFI_DROP,
9.712,4,STA,WIFI_DROP,
9.712,19,STA,WIFI_DROP,
9.7144,4,STA,WIFI_DROP,
9.7144,19,STA,WIFI_DROP,
9.7168,4,STA,WIFI_DROP,
9.7168,19,STA,WIFI_DROP,
9.7192,4,STA,WIFI_DROP,
9.7192,19,STA,WIFI_DROP,
9.7216,4,STA,WIFI_DROP,
9.7216,19,STA,WIFI_DROP,
9.724,4,STA,WIFI_DROP,
9.724,19,STA,WIFI_DROP,
9.7264,4,STA,WIFI_DROP,
9.7264,19,STA,WIFI_DROP,
9.7288,4,STA,WIFI_DROP,
9.7288,19,STA,WIFI_DROP,
9.7312,4,STA,WIFI_DROP,
9.7312,19,STA,WIFI_DROP,
9.7336,4,STA,WIFI_DROP,
9.7336,19,STA,WIFI_DROP,
9.736,4,STA,WIFI_DROP,
9.736,19,STA,WIFI_DROP,
9.7384,4,STA,WIFI_DROP,
9.7384,19,STA,WIFI_DROP,
9.7408,4,STA,WIFI_DROP,
9.7408,19,STA,WIFI_DROP,
9.7432,4,STA,WIFI_DROP,
9.7432,19,STA,WIFI_DROP,
9.7456,4,STA,WIFI_DROP,
9.7456,19,STA,WIFI_DROP,
9.748,4,STA,WIFI_DROP,
9.748,19,STA,WIFI_DROP,
9.7504,4,STA,WIFI_DROP,
9.7504,19,STA,WIFI_DROP,
9.7528,4,STA,WIFI_DROP,
9.7528,19,STA,WIFI_DROP,
9.7552,4,STA,WIFI_DROP,
9.7552,19,STA,WIFI_DROP,
9.7576,4,STA,WIFI_DROP,
9.7576,19,STA,WIFI_DROP,
9.76,4,STA,WIFI_DROP,
9.76,19,STA,WIFI_DROP,
9.7624,4,STA,WIFI_DROP,
9.7624,19,STA,WIFI_DROP,
9.7648,4,STA,WIFI_DROP,
9.7648,19,STA,WIFI_DROP,
9.7672,4,STA,WIFI_DROP,
9.7672,19,STA,WIFI_DROP,
9.7696,4,STA,WIFI_DROP,
9.7696,19,STA,WIFI_DROP,
9.772,4,STA,WIFI_DROP,
9.772,19,STA,WIFI_DROP,
9.7744,4,STA,WIFI_DROP,
9.7744,19,STA,WIFI_DROP,
9.7768,4,STA,WIFI_DROP,
9.7768,19,STA,WIFI_DROP,
9.7792,4,STA,WIFI_DROP,
9.7792,19,STA,WIFI_DROP,
9.7816,4,STA,WIFI_DROP,
9.7816,19,STA,WIFI_DROP,
9.784,4,STA,WIFI_DROP,
9.784,19,STA,WIFI_DROP,
9.7864,4,STA,WIFI_DROP,
9.7864,19,STA,WIFI_DROP,
9.7888,4,STA,WIFI_DROP,
9.7888,19,STA,WIFI_DROP,
9.7912,4,STA,WIFI_DROP,
9.7912,19,STA,WIFI_DROP,
9.7936,4,STA,WIFI_DROP,
9.7936,19,STA,WIFI_DROP,
9.796,4,STA,WIFI_DROP,
9.796,19,STA,WIFI_DROP,
9.7984,4,STA,WIFI_DROP,
9.7984,19,STA,WIFI_DROP,
9.8008,4,STA,WIFI_DROP,
9.8008,19,STA,WIFI_DROP,
9.8032,4,STA,WIFI_DROP,
9.8032,19,STA,WIFI_DROP,
9.8056,4,STA,WIFI_DROP,
9.8056,19,STA,WIFI_DROP,
9.808,4,STA,WIFI_DROP,
9.808,19,STA,WIFI_DROP,
9.8104,4,STA,WIFI_DROP,
9.8104,19,STA,WIFI_DROP,
9.8128,4,STA,WIFI_DROP,
9.8128,19,STA,WIFI_DROP,
9.8152,4,STA,WIFI_DROP,
9.8152,19,STA,WIFI_DROP,
9.8176,4,STA,WIFI_DROP,
9.8176,19,STA,WIFI_DROP,
9.82,4,STA,WIFI_DROP,
9.82,19,STA,WIFI_DROP,
9.8224,4,STA,WIFI_DROP,
9.8224,19,STA,WIFI_DROP,
9.8248,4,STA,WIFI_DROP,
9.8248,19,STA,WIFI_DROP,
9.8272,4,STA,WIFI_DROP,
9.8272,19,STA,WIFI_DROP,
9.8296,4,STA,WIFI_DROP,
9.8296,19,STA,WIFI_DROP,
9.832,4,STA,WIFI_DROP,
9.832,19,STA,WIFI_DROP,
9.8344,4,STA,WIFI_DROP,
9.8344,19,STA,WIFI_DROP,
9.8368,4,STA,WIFI_DROP,
9.8368,19,STA,WIFI_DROP,
9.8392,4,STA,WIFI_DROP,
9.8392,19,STA,WIFI_DROP,
9.8416,4,STA,WIFI_DROP,
9.8416,19,STA,WIFI_DROP,
9.844,4,STA,WIFI_DROP,
9.844,19,STA,WIFI_DROP,
9.8464,4,STA,WIFI_DROP,
9.8464,19,STA,WIFI_DROP,
9.8488,4,STA,WIFI_DROP,
9.8488,19,STA,WIFI_DROP,
9.8512,4,STA,WIFI_DROP,
9.8512,19,STA,WIFI_DROP,
9.8536,4,STA,WIFI_DROP,
9.8536,19,STA,WIFI_DROP,
9.856,4,STA,WIFI_DROP,
9.856,19,STA,WIFI_DROP,
9.8584,4,STA,WIFI_DROP,
9.8584,19,STA,WIFI_DROP,
9.8608,4,STA,WIFI_DROP,
9.8608,19,STA,WIFI_DROP,
9.8632,4,STA,WIFI_DROP,
9.8632,19,STA,WIFI_DROP,
9.8656,4,STA,WIFI_DROP,
9.8656,19,STA,WIFI_DROP,
9.868,4,STA,WIFI_DROP,
9.868,19,STA,WIFI_DROP,
9.8704,4,STA,WIFI_DROP,
9.8704,19,STA,WIFI_DROP,
9.8728,4,STA,WIFI_DROP,
9.8728,19,STA,WIFI_DROP,
9.8728,21,STA,WIFI_DROP,
9.8752,4,STA,WIFI_DROP,
9.8752,19,STA,WIFI_DROP,
9.8752,21,STA,WIFI_DROP,
9.8776,4,STA,WIFI_DROP,
9.8776,19,STA,WIFI_DROP,
9.8776,21,STA,WIFI_DROP,
9.88,4,STA,WIFI_DROP,
9.88,19,STA,WIFI_DROP,
9.88,21,STA,WIFI_DROP,
9.8824,4,STA,WIFI_DROP,
9.8824,19,STA,WIFI_DROP,
9.8824,21,STA,WIFI_DROP,
9.8848,4,STA,WIFI_DROP,
9.8848,19,STA,WIFI_DROP,
9.8848,21,STA,WIFI_DROP,
9.8872,4,STA,WIFI_DROP,
9.8872,19,STA,WIFI_DROP,
9.8872,21,STA,WIFI_DROP,
9.8896,4,STA,WIFI_DROP,
9.8896,19,STA,WIFI_DROP,
9.8896,21,STA,WIFI_DROP,
9.892,4,STA,WIFI_DROP,
9.892,19,STA,WIFI_DROP,
9.892,21,STA,WIFI_DROP,
9.8944,4,STA,WIFI_DROP,
9.8944,19,STA,WIFI_DROP,
9.8944,21,STA,WIFI_DROP,
9.8968,4,STA,WIFI_DROP,
9.8968,19,STA,WIFI_DROP,
9.8968,21,STA,WIFI_DROP,
9.8992,4,STA,WIFI_DROP,
9.8992,19,STA,WIFI_DROP,
9.8992,21,STA,WIFI_DROP,
9.9016,4,STA,WIFI_DROP,
9.9016,19,STA,WIFI_DROP,
9.9016,21,STA,WIFI_DROP,
9.904,4,STA,WIFI_DROP,
9.904,19,STA,WIFI_DROP,
9.904,21,STA,WIFI_DROP,
9.9064,4,STA,WIFI_DROP,
9.9064,19,STA,WIFI_DROP,
9.9064,21,STA,WIFI_DROP,
9.9088,4,STA,WIFI_DROP,
9.9088,19,STA,WIFI_DROP,
9.9088,21,STA,WIFI_DROP,
9.9112,4,STA,WIFI_DROP,
9.9112,19,STA,WIFI_DROP,
9.9112,21,STA,WIFI_DROP,
9.9136,4,STA,WIFI_DROP,
9.9136,19,STA,WIFI_DROP,
9.9136,21,STA,WIFI_DROP,
9.916,4,STA,WIFI_DROP,
9.916,19,STA,WIFI_DROP,
9.916,21,STA,WIFI_DROP,
9.9184,4,STA,WIFI_DROP,
9.9184,19,STA,WIFI_DROP,
9.9184,21,STA,WIFI_DROP,
9.9208,4,STA,WIFI_DROP,
9.9208,19,STA,WIFI_DROP,
9.9208,21,STA,WIFI_DROP,
9.9232,4,STA,WIFI_DROP,
9.9232,19,STA,WIFI_DROP,
9.9232,21,STA,WIFI_DROP,
9.9256,4,STA,WIFI_DROP,
9.9256,19,STA,WIFI_DROP,
9.928,4,STA,WIFI_DROP,
9.928,19,STA,WIFI_DROP,
9.9304,4,STA,WIFI_DROP,
9.9304,19,STA,WIFI_DROP,
9.9328,4,STA,WIFI_DROP,
9.9328,19,STA,WIFI_DROP,
9.9352,4,STA,WIFI_DROP,
9.9352,19,STA,WIFI_DROP,
9.9376,4,STA,WIFI_DROP,
9.9376,19,STA,WIFI_DROP,
9.94,4,STA,WIFI_DROP,
9.94,19,STA,WIFI_DROP,
9.9424,4,STA,WIFI_DROP,
9.9424,19,STA,WIFI_DROP,
9.9448,4,STA,WIFI_DROP,
9.9448,19,STA,WIFI_DROP,
9.9472,4,STA,WIFI_DROP,
9.9472,19,STA,WIFI_DROP,
9.9496,4,STA,WIFI_DROP,
9.9496,19,STA,WIFI_DROP,
9.952,4,STA,WIFI_DROP,
9.952,19,STA,WIFI_DROP,
9.9544,4,STA,WIFI_DROP,
9.9544,19,STA,WIFI_DROP,
9.9568,4,STA,WIFI_DROP,
9.9568,19,STA,WIFI_DROP,
9.9592,4,STA,WIFI_DROP,
9.9592,19,STA,WIFI_DROP,
9.9616,4,STA,WIFI_DROP,
9.9616,19,STA,WIFI_DROP,
9.964,4,STA,WIFI_DROP,
9.9664,4,STA,WIFI_DROP,
9.9688,4,STA,WIFI_DROP,
9.9712,4,STA,WIFI_DROP,
9.9712,17,STA,WIFI_DROP,
9.9736,4,STA,WIFI_DROP,
9.9736,17,STA,WIFI_DROP,
9.976,4,STA,WIFI_DROP,
9.976,17,STA,WIFI_DROP,
9.9784,4,STA,WIFI_DROP,
9.9784,17,STA,WIFI_DROP,
9.9808,4,STA,WIFI_DROP,
9.9808,17,STA,WIFI_DROP,
9.9832,4,STA,WIFI_DROP,
9.9832,17,STA,WIFI_DROP,
9.9856,4,STA,WIFI_DROP,
9.9856,17,STA,WIFI_DROP,
9.988,4,STA,WIFI_DROP,
9.988,17,STA,WIFI_DROP,
9.9904,4,STA,WIFI_DROP,
9.9904,17,STA,WIFI_DROP,
9.9928,4,STA,WIFI_DROP,
9.9928,17,STA,WIFI_DROP,
9.9952,4,STA,WIFI_DROP,
9.9952,17,STA,WIFI_DROP,
9.9976,4,STA,WIFI_DROP,
9.9976,17,STA,WIFI_DROP,
10,2,STA,THROUGHPUT_MBPS,1.764000
10,3,STA,THROUGHPUT_MBPS,1.296000
10,5,STA,THROUGHPUT_MBPS,1.812000
10,6,STA,THROUGHPUT_MBPS,1.008000
10,7,STA,THROUGHPUT_MBPS,2.976000
10,8,STA,THROUGHPUT_MBPS,0.384000
10,9,STA,THROUGHPUT_MBPS,1.896000
10,10,STA,THROUGHPUT_MBPS,2.004000
10,12,STA,THROUGHPUT_MBPS,0.636000
10,13,STA,THROUGHPUT_MBPS,0.852000
10,14,STA,THROUGHPUT_MBPS,3.396000
10,15,STA,THROUGHPUT_MBPS,4.044000
10,19,STA,THROUGHPUT_MBPS,1.020000
10,20,STA,THROUGHPUT_MBPS,1.932000
10,1,AP,AGGREGATE_THROUGHPUT_MBPS,25.020000
10,1,AP,SENT_COUNT,8320.000000
10,1,AP,RECV_COUNT,2085.000000
10,1,AP,LATENCY_P95_MS,537.074797
10,4,STA,WIFI_DROP,
10,17,STA,WIFI_DROP,
10.0024,4,STA,WIFI_DROP,
10.0024,17,STA,WIFI_DROP,
10.0048,4,STA,WIFI_DROP,
10.0048,17,STA,WIFI_DROP,
10.0072,4,STA,WIFI_DROP,
10.0072,17,STA,WIFI_DROP,
10.0096,4,STA,WIFI_DROP,
10.0096,17,STA,WIFI_DROP,
10.012,4,STA,WIFI_DROP,
10.012,17,STA,WIFI_DROP,
10.0144,4,STA,WIFI_DROP,
10.0144,17,STA,WIFI_DROP,
10.0168,4,STA,WIFI_DROP,
10.0168,17,STA,WIFI_DROP,
10.0192,4,STA,WIFI_DROP,
10.0192,17,STA,WIFI_DROP,
10.0216,4,STA,WIFI_DROP,
10.0216,17,STA,WIFI_DROP,
10.024,4,STA,WIFI_DROP,
10.0264,4,STA,WIFI_DROP,
10.0288,4,STA,WIFI_DROP,
10.0312,4,STA,WIFI_DROP,
10.0336,4,STA,WIFI_DROP,
10.036,4,STA,WIFI_DROP,
10.0384,4,STA,WIFI_DROP,
10.0408,4,STA,WIFI_DROP,
10.0432,4,STA,WIFI_DROP,
10.0456,4,STA,WIFI_DROP,
10.048,4,STA,WIFI_DROP,
10.0504,4,STA,WIFI_DROP,
10.0528,4,STA,WIFI_DROP,
10.0552,4,STA,WIFI_DROP,
10.0576,4,STA,WIFI_DROP,
10.06,4,STA,WIFI_DROP,
10.0624,4,STA,WIFI_DROP,
10.0648,4,STA,WIFI_DROP,
10.0672,4,STA,WIFI_DROP,
10.0696,4,STA,WIFI_DROP,
10.072,4,STA,WIFI_DROP,
10.0744,4,STA,WIFI_DROP,
10.0768,4,STA,WIFI_DROP,
10.0792,4,STA,WIFI_DROP,
10.0816,4,STA,WIFI_DROP,
10.084,4,STA,WIFI_DROP,
10.0864,4,STA,WIFI_DROP,
10.0888,4,STA,WIFI_DROP,
10.0912,4,STA,WIFI_DROP,
10.0936,4,STA,WIFI_DROP,
10.096,4,STA,WIFI_DROP,
10.0984,4,STA,WIFI_DROP,
10.1008,4,STA,WIFI_DROP,
10.1032,4,STA,WIFI_DROP,
10.1056,4,STA,WIFI_DROP,
10.108,4,STA,WIFI_DROP,
10.1104,4,STA,WIFI_DROP,
10.1128,4,STA,WIFI_DROP,
10.1152,4,STA,WIFI_DROP,
10.1176,4,STA,WIFI_DROP,
10.12,4,STA,WIFI_DROP,
10.1224,4,STA,WIFI_DROP,
10.1248,4,STA,WIFI_DROP,
10.1272,4,STA,WIFI_DROP,
10.1296,4,STA,WIFI_DROP,
10.132,4,STA,WIFI_DROP,
10.1344,4,STA,WIFI_DROP,
10.1368,4,STA,WIFI_DROP,
10.1392,4,STA,WIFI_DROP,
10.1416,4,STA,WIFI_DROP,
10.144,4,STA,WIFI_DROP,
10.1464,4,STA,WIFI_DROP,
10.1488,4,STA,WIFI_DROP,
10.1512,4,STA,WIFI_DROP,
10.1536,4,STA,WIFI_DROP,
10.156,4,STA,WIFI_DROP,
10.1584,4,STA,WIFI_DROP,
10.1608,4,STA,WIFI_DROP,
10.1632,4,STA,WIFI_DROP,
10.1656,4,STA,WIFI_DROP,
10.168,4,STA,WIFI_DROP,
10.1704,4,STA,WIFI_DROP,
10.1728,4,STA,WIFI_DROP,
10.1752,4,STA,WIFI_DROP,
10.1776,4,STA,WIFI_DROP,
10.18,4,STA,WIFI_DROP,
10.1824,4,STA,WIFI_DROP,
10.1848,4,STA,WIFI_DROP,
10.1872,4,STA,WIFI_DROP,
10.1896,4,STA,WIFI_DROP,
10.192,4,STA,WIFI_DROP,
10.1944,4,STA,WIFI_DROP,
10.1968,4,STA,WIFI_DROP,
10.1992,4,STA,WIFI_DROP,
10.2016,4,STA,WIFI_DROP,
10.204,4,STA,WIFI_DROP,
10.2064,4,STA,WIFI_DROP,
10.2088,4,STA,WIFI_DROP,
10.2112,4,STA,WIFI_DROP,
10.2136,4,STA,WIFI_DROP,
10.216,4,STA,WIFI_DROP,
10.2184,4,STA,WIFI_DROP,
10.2208,4,STA,WIFI_DROP,
10.2232,4,STA,WIFI_DROP,
10.2256,4,STA,WIFI_DROP,
10.228,4,STA,WIFI_DROP,
10.2304,4,STA,WIFI_DROP,
10.2328,4,STA,WIFI_DROP,
10.2352,4,STA,WIFI_DROP,
10.2376,4,STA,WIFI_DROP,
10.24,4,STA,WIFI_DROP,
10.2424,4,STA,WIFI_DROP,
10.2448,4,STA,WIFI_DROP,
10.2472,4,STA,WIFI_DROP,
10.2496,4,STA,WIFI_DROP,
10.252,4,STA,WIFI_DROP,
10.2544,4,STA,WIFI_DROP,
10.2568,4,STA,WIFI_DROP,
10.2592,4,STA,WIFI_DROP,
10.2616,4,STA,WIFI_DROP,
10.264,4,STA,WIFI_DROP,
10.2664,4,STA,WIFI_DROP,
10.2688,4,STA,WIFI_DROP,
10.2712,4,STA,WIFI_DROP,
10.2736,4,STA,WIFI_DROP,
10.276,4,STA,WIFI_DROP,
10.2784,4,STA,WIFI_DROP,
10.2808,4,STA,WIFI_DROP,
10.2832,4,STA,WIFI_DROP,
10.2856,4,STA,WIFI_DROP,
10.288,4,STA,WIFI_DROP,
10.2904,4,STA,WIFI_DROP,
10.2928,4,STA,WIFI_DROP,
10.2952,4,STA,WIFI_DROP,
10.2976,4,STA,WIFI_DROP,
10.3,4,STA,WIFI_DROP,
10.3024,4,STA,WIFI_DROP,
10.3048,4,STA,WIFI_DROP,
10.3072,4,STA,WIFI_DROP,
10.3096,4,STA,WIFI_DROP,
10.312,4,STA,WIFI_DROP,
10.3144,4,STA,WIFI_DROP,
10.3168,4,STA,WIFI_DROP,
10.3192,4,STA,WIFI_DROP,
10.3216,4,STA,WIFI_DROP,
10.324,4,STA,WIFI_DROP,
10.3264,4,STA,WIFI_DROP,
10.3288,4,STA,WIFI_DROP,
10.3312,4,STA,WIFI_DROP,
10.3336,4,STA,WIFI_DROP,
10.336,4,STA,WIFI_DROP,
10.3384,4,STA,WIFI_DROP,
10.3408,4,STA,WIFI_DROP,
10.3432,4,STA,WIFI_DROP,
10.3456,4,STA,WIFI_DROP,
10.348,4,STA,WIFI_DROP,
10.3504,4,STA,WIFI_DROP,
10.3528,4,STA,WIFI_DROP,
10.3552,4,STA,WIFI_DROP,
10.3576,4,STA,WIFI_DROP,
10.36,4,STA,WIFI_DROP,
10.3624,4,STA,WIFI_DROP,
10.3648,4,STA,WIFI_DROP,
10.3672,4,STA,WIFI_DROP,
10.3696,4,STA,WIFI_DROP,
10.372,4,STA,WIFI_DROP,
10.3744,4,STA,WIFI_DROP,
10.3768,4,STA,WIFI_DROP,
10.3792,4,STA,WIFI_DROP,
10.3816,4,STA,WIFI_DROP,
10.384,4,STA,WIFI_DROP,
10.3864,4,STA,WIFI_DROP,
10.3888,4,STA,WIFI_DROP,
10.3912,4,STA,WIFI_DROP,
10.3936,4,STA,WIFI_DROP,
10.396,4,STA,WIFI_DROP,
10.3984,4,STA,WIFI_DROP,
10.4008,4,STA,WIFI_DROP,
10.4032,4,STA,WIFI_DROP,
10.4056,4,STA,WIFI_DROP,
10.408,4,STA,WIFI_DROP,
10.4104,4,STA,WIFI_DROP,
10.4128,4,STA,WIFI_DROP,
10.4152,4,STA,WIFI_DROP,
10.4176,4,STA,WIFI_DROP,
10.42,4,STA,WIFI_DROP,
10.4224,4,STA,WIFI_DROP,
10.4248,4,STA,WIFI_DROP,
10.4272,4,STA,WIFI_DROP,
10.4296,4,STA,WIFI_DROP,
10.432,4,STA,WIFI_DROP,
10.4344,4,STA,WIFI_DROP,
10.4368,4,STA,WIFI_DROP,
10.4392,4,STA,WIFI_DROP,
10.4416,4,STA,WIFI_DROP,
10.444,4,STA,WIFI_DROP,
10.4464,4,STA,WIFI_DROP,
10.4488,4,STA,WIFI_DROP,
10.4512,4,STA,WIFI_DROP,
10.4536,4,STA,WIFI_DROP,
10.456,4,STA,WIFI_DROP,
10.4584,4,STA,WIFI_DROP,
10.4608,4,STA,WIFI_DROP,
10.4632,4,STA,WIFI_DROP,
10.4656,4,STA,WIFI_DROP,
10.468,4,STA,WIFI_DROP,
10.4704,4,STA,WIFI_DROP,
10.4728,4,STA,WIFI_DROP,
10.4752,4,STA,WIFI_DROP,
10.4776,4,STA,WIFI_DROP,
10.48,4,STA,WIFI_DROP,
10.4824,2,STA,WIFI_DROP,
10.4824,4,STA,WIFI_DROP,
10.4848,2,STA,WIFI_DROP,
10.4848,4,STA,WIFI_DROP,
10.4848,6,STA,WIFI_DROP,
10.4872,2,STA,WIFI_DROP,
10.4872,4,STA,WIFI_DROP,
10.4872,6,STA,WIFI_DROP,
10.4896,2,STA,WIFI_DROP,
10.4896,4,STA,WIFI_DROP,
10.4896,6,STA,WIFI_DROP,
10.492,2,STA,WIFI_DROP,
10.492,4,STA,WIFI_DROP,
10.492,6,STA,WIFI_DROP,
10.4944,2,STA,WIFI_DROP,
10.4944,4,STA,WIFI_DROP,
10.4944,6,STA,WIFI_DROP,
10.4968,2,STA,WIFI_DROP,
10.4968,4,STA,WIFI_DROP,
10.4968,6,STA,WIFI_DROP,
10.4992,2,STA,WIFI_DROP,
10.4992,4,STA,WIFI_DROP,
10.4992,6,STA,WIFI_DROP,
10.5016,2,STA,WIFI_DROP,
10.5016,4,STA,WIFI_DROP,
10.5016,6,STA,WIFI_DROP,
10.504,2,STA,WIFI_DROP,
10.504,4,STA,WIFI_DROP,
10.504,6,STA,WIFI_DROP,
10.5064,2,STA,WIFI_DROP,
10.5064,4,STA,WIFI_DROP,
10.5064,6,STA,WIFI_DROP,
10.5088,2,STA,WIFI_DROP,
10.5088,4,STA,WIFI_DROP,
10.5088,6,STA,WIFI_DROP,
10.5112,2,STA,WIFI_DROP,
10.5112,4,STA,WIFI_DROP,
10.5112,6,STA,WIFI_DROP,
10.5136,2,STA,WIFI_DROP,
10.5136,4,STA,WIFI_DROP,
10.5136,6,STA,WIFI_DROP,
10.516,2,STA,WIFI_DROP,
10.516,4,STA,WIFI_DROP,
10.516,6,STA,WIFI_DROP,
10.5184,2,STA,WIFI_DROP,
10.5184,4,STA,WIFI_DROP,
10.5184,6,STA,WIFI_DROP,
10.5208,2,STA,WIFI_DROP,
10.5208,4,STA,WIFI_DROP,
10.5208,6,STA,WIFI_DROP,
10.5232,2,STA,WIFI_DROP,
10.5232,4,STA,WIFI_DROP,
10.5232,6,STA,WIFI_DROP,
10.5256,2,STA,WIFI_DROP,
10.5256,4,STA,WIFI_DROP,
10.5256,6,STA,WIFI_DROP,
10.528,2,STA,WIFI_DROP,
10.528,4,STA,WIFI_DROP,
10.528,6,STA,WIFI_DROP,
10.5304,2,STA,WIFI_DROP,
10.5304,4,STA,WIFI_DROP,
10.5304,6,STA,WIFI_DROP,
10.5328,2,STA,WIFI_DROP,
10.5328,4,STA,WIFI_DROP,
10.5328,6,STA,WIFI_DROP,
10.5352,2,STA,WIFI_DROP,
10.5352,4,STA,WIFI_DROP,
10.5352,6,STA,WIFI_DROP,
10.5376,2,STA,WIFI_DROP,
10.5376,4,STA,WIFI_DROP,
10.5376,6,STA,WIFI_DROP,
10.54,2,STA,WIFI_DROP,
10.54,4,STA,WIFI_DROP,
10.54,6,STA,WIFI_DROP,
10.5424,2,STA,WIFI_DROP,
10.5424,4,STA,WIFI_DROP,
10.5424,6,STA,WIFI_DROP,
10.5448,2,STA,WIFI_DROP,
10.5448,4,STA,WIFI_DROP,
10.5448,6,STA,WIFI_DROP,
10.5472,2,STA,WIFI_DROP,
10.5472,4,STA,WIFI_DROP,
10.5472,6,STA,WIFI_DROP,
10.5496,2,STA,WIFI_DROP,
10.5496,4,STA,WIFI_DROP,
10.5496,6,STA,WIFI_DROP,
10.552,2,STA,WIFI_DROP,
10.552,4,STA,WIFI_DROP,
10.552,6,STA,WIFI_DROP,
10.5544,2,STA,WIFI_DROP,
10.5544,4,STA,WIFI_DROP,
10.5544,6,STA,WIFI_DROP,
10.5568,2,STA,WIFI_DROP,
10.5568,4,STA,WIFI_DROP,
10.5568,6,STA,WIFI_DROP,
10.5592,2,STA,WIFI_DROP,
10.5592,4,STA,WIFI_DROP,
10.5592,6,STA,WIFI_DROP,
10.5616,2,STA,WIFI_DROP,
10.5616,4,STA,WIFI_DROP,
10.5616,6,STA,WIFI_DROP,
10.564,2,STA,WIFI_DROP,
10.564,4,STA,WIFI_DROP,
10.564,6,STA,WIFI_DROP,
10.5664,2,STA,WIFI_DROP,
10.5664,4,STA,WIFI_DROP,
10.5664,6,STA,WIFI_DROP,
10.5688,2,STA,WIFI_DROP,
10.5688,4,STA,WIFI_DROP,
10.5688,6,STA,WIFI_DROP,
10.5712,2,STA,WIFI_DROP,
10.5712,4,STA,WIFI_DROP,
10.5712,6,STA,WIFI_DROP,
10.5736,2,STA,WIFI_DROP,
10.5736,4,STA,WIFI_DROP,
10.5736,6,STA,WIFI_DROP,
10.576,2,STA,WIFI_DROP,
10.576,4,STA,WIFI_DROP,
10.576,6,STA,WIFI_DROP,
10.5784,2,STA,WIFI_DROP,
10.5784,4,STA,WIFI_DROP,
10.5784,6,STA,WIFI_DROP,
10.5808,2,STA,WIFI_DROP,
10.5808,4,STA,WIFI_DROP,
10.5808,6,STA,WIFI_DROP,
10.5832,2,STA,WIFI_DROP,
10.5832,4,STA,WIFI_DROP,
10.5832,6,STA,WIFI_DROP,
10.5856,2,STA,WIFI_DROP,
10.5856,4,STA,WIFI_DROP,
10.5856,6,STA,WIFI_DROP,
10.5856,14,STA,WIFI_DROP,
10.5856,15,STA,WIFI_DROP,
10.5856,16,STA,WIFI_DROP,
10.588,2,STA,WIFI_DROP,
10.588,4,STA,WIFI_DROP,
10.588,6,STA,WIFI_DROP,
10.588,14,STA,WIFI_DROP,
10.588,15,STA,WIFI_DROP,
10.588,16,STA,WIFI_DROP,
10.5904,2,STA,WIFI_DROP,
10.5904,4,STA,WIFI_DROP,
10.5904,6,STA,WIFI_DROP,
10.5904,14,STA,WIFI_DROP,
10.5904,15,STA,WIFI_DROP,
10.5904,16,STA,WIFI_DROP,
10.5928,2,STA,WIFI_DROP,
10.5928,4,STA,WIFI_DROP,
10.5928,6,STA,WIFI_DROP,
10.5928,14,STA,WIFI_DROP,
10.5928,15,STA,WIFI_DROP,
10.5928,16,STA,WIFI_DROP,
10.5952,2,STA,WIFI_DROP,
10.5952,4,STA,WIFI_DROP,
10.5952,6,STA,WIFI_DROP,
10.5952,14,STA,WIFI_DROP,
10.5952,15,STA,WIFI_DROP,
10.5952,16,STA,WIFI_DROP,
10.5976,2,STA,WIFI_DROP,
10.5976,4,STA,WIFI_DROP,
10.5976,6,STA,WIFI_DROP,
10.5976,14,STA,WIFI_DROP,
10.5976,15,STA,WIFI_DROP,
10.5976,16,STA,WIFI_DROP,
10.6,2,STA,WIFI_DROP,
10.6,4,STA,WIFI_DROP,
10.6,6,STA,WIFI_DROP,
10.6,14,STA,WIFI_DROP,
10.6,15,STA,WIFI_DROP,
10.6,16,STA,WIFI_DROP,
10.6024,2,STA,WIFI_DROP,
10.6024,4,STA,WIFI_DROP,
10.6024,6,STA,WIFI_DROP,
10.6024,14,STA,WIFI_DROP,
10.6024,15,STA,WIFI_DROP,
10.6024,16,STA,WIFI_DROP,
10.6048,2,STA,WIFI_DROP,
10.6048,4,STA,WIFI_DROP,
10.6048,6,STA,WIFI_DROP,
10.6048,14,STA,WIFI_DROP,
10.6048,15,STA,WIFI_DROP,
10.6048,16,STA,WIFI_DROP,
10.6072,2,STA,WIFI_DROP,
10.6072,4,STA,WIFI_DROP,
10.6072,6,STA,WIFI_DROP,
10.6072,14,STA,WIFI_DROP,
10.6072,15,STA,WIFI_DROP,
10.6072,16,STA,WIFI_DROP,
10.6096,2,STA,WIFI_DROP,
10.6096,4,STA,WIFI_DROP,
10.6096,6,STA,WIFI_DROP,
10.6096,14,STA,WIFI_DROP,
10.6096,15,STA,WIFI_DROP,
10.6096,16,STA,WIFI_DROP,
10.612,2,STA,WIFI_DROP,
10.612,4,STA,WIFI_DROP,
10.612,6,STA,WIFI_DROP,
10.612,14,STA,WIFI_DROP,
10.612,15,STA,WIFI_DROP,
10.612,16,STA,WIFI_DROP,
10.6144,2,STA,WIFI_DROP,
10.6144,4,STA,WIFI_DROP,
10.6144,6,STA,WIFI_DROP,
10.6144,14,STA,WIFI_DROP,
10.6144,15,STA,WIFI_DROP,
10.6144,16,STA,WIFI_DROP,
10.6168,2,STA,WIFI_DROP,
10.6168,4,STA,WIFI_DROP,
10.6168,6,STA,WIFI_DROP,
10.6168,14,STA,WIFI_DROP,
10.6168,15,STA,WIFI_DROP,
10.6168,16,STA,WIFI_DROP,
10.6192,2,STA,WIFI_DROP,
10.6192,4,STA,WIFI_DROP,
10.6192,6,STA,WIFI_DROP,
10.6192,14,STA,WIFI_DROP,
10.6192,15,STA,WIFI_DROP,
10.6192,16,STA,WIFI_DROP,
10.6216,2,STA,WIFI_DROP,
10.6216,4,STA,WIFI_DROP,
10.6216,6,STA,WIFI_DROP,
10.6216,14,STA,WIFI_DROP,
10.6216,15,STA,WIFI_DROP,
10.6216,16,STA,WIFI_DROP,
10.624,2,STA,WIFI_DROP,
10.624,4,STA,WIFI_DROP,
10.624,6,STA,WIFI_DROP,
10.624,14,STA,WIFI_DROP,
10.624,15,STA,WIFI_DROP,
10.624,16,STA,WIFI_DROP,
10.6264,2,STA,WIFI_DROP,
10.6264,4,STA,WIFI_DROP,
10.6264,6,STA,WIFI_DROP,
10.6264,14,STA,WIFI_DROP,
10.6264,15,STA,WIFI_DROP,
10.6264,16,STA,WIFI_DROP,
10.6288,2,STA,WIFI_DROP,
10.6288,4,STA,WIFI_DROP,
10.6288,6,STA,WIFI_DROP,
10.6288,14,STA,WIFI_DROP,
10.6288,15,STA,WIFI_DROP,
10.6288,16,STA,WIFI_DROP,
10.6312,2,STA,WIFI_DROP,
10.6312,4,STA,WIFI_DROP,
10.6312,6,STA,WIFI_DROP,
10.6312,14,STA,WIFI_DROP,
10.6312,15,STA,WIFI_DROP,
10.6312,16,STA,WIFI_DROP,
10.6336,2,STA,WIFI_DROP,
10.6336,4,STA,WIFI_DROP,
10.6336,6,STA,WIFI_DROP,
10.6336,14,STA,WIFI_DROP,
10.6336,15,STA,WIFI_DROP,
10.6336,16,STA,WIFI_DROP,
10.636,4,STA,WIFI_DROP,
10.636,6,STA,WIFI_DROP,
10.636,14,STA,WIFI_DROP,
10.636,15,STA,WIFI_DROP,
10.636,16,STA,WIFI_DROP,
10.6384,4,STA,WIFI_DROP,
10.6384,6,STA,WIFI_DROP,
10.6384,14,STA,WIFI_DROP,
10.6384,15,STA,WIFI_DROP,
10.6384,16,STA,WIFI_DROP,
10.6408,4,STA,WIFI_DROP,
10.6408,6,STA,WIFI_DROP,
10.6408,14,STA,WIFI_DROP,
10.6408,15,STA,WIFI_DROP,
10.6408,16,STA,WIFI_DROP,
10.6432,4,STA,WIFI_DROP,
10.6432,6,STA,WIFI_DROP,
10.6432,14,STA,WIFI_DROP,
10.6432,15,STA,WIFI_DROP,
10.6432,16,STA,WIFI_DROP,
10.6456,4,STA,WIFI_DROP,
10.6456,6,STA,WIFI_DROP,
10.6456,14,STA,WIFI_DROP,
10.6456,15,STA,WIFI_DROP,
10.6456,16,STA,WIFI_DROP,
10.648,4,STA,WIFI_DROP,
10.648,6,STA,WIFI_DROP,
10.648,14,STA,WIFI_DROP,
10.648,15,STA,WIFI_DROP,
10.648,16,STA,WIFI_DROP,
10.6504,4,STA,WIFI_DROP,
10.6504,6,STA,WIFI_DROP,
10.6504,14,STA,WIFI_DROP,
10.6504,15,STA,WIFI_DROP,
10.6504,16,STA,WIFI_DROP,
10.6528,4,STA,WIFI_DROP,
10.6528,6,STA,WIFI_DROP,
10.6528,14,STA,WIFI_DROP,
10.6528,15,STA,WIFI_DROP,
10.6528,16,STA,WIFI_DROP,
10.6552,4,STA,WIFI_DROP,
10.6552,6,STA,WIFI_DROP,
10.6552,14,STA,WIFI_DROP,
10.6552,15,STA,WIFI_DROP,
10.6552,16,STA,WIFI_DROP,
10.6576,4,STA,WIFI_DROP,
10.6576,6,STA,WIFI_DROP,
10.6576,14,STA,WIFI_DROP,
10.6576,15,STA,WIFI_DROP,
10.6576,16,STA,WIFI_DROP,
10.66,4,STA,WIFI_DROP,
10.66,6,STA,WIFI_DROP,
10.66,14,STA,WIFI_DROP,
10.66,15,STA,WIFI_DROP,
10.66,16,STA,WIFI_DROP,
10.6624,4,STA,WIFI_DROP,
10.6624,6,STA,WIFI_DROP,
10.6624,14,STA,WIFI_DROP,
10.6624,15,STA,WIFI_DROP,
10.6624,16,STA,WIFI_DROP,
10.6648,4,STA,WIFI_DROP,
10.6648,6,STA,WIFI_DROP,
10.6648,14,STA,WIFI_DROP,
10.6648,15,STA,WIFI_DROP,
10.6648,16,STA,WIFI_DROP,
10.6672,4,STA,WIFI_DROP,
10.6672,6,STA,WIFI_DROP,
10.6672,14,STA,WIFI_DROP,
10.6672,15,STA,WIFI_DROP,
10.6672,16,STA,WIFI_DROP,
10.6696,4,STA,WIFI_DROP,
10.6696,6,STA,WIFI_DROP,
10.6696,14,STA,WIFI_DROP,
10.6696,15,STA,WIFI_DROP,
10.6696,16,STA,WIFI_DROP,
10.672,4,STA,WIFI_DROP,
10.672,6,STA,WIFI_DROP,
10.672,14,STA,WIFI_DROP,
10.672,15,STA,WIFI_DROP,
10.672,16,STA,WIFI_DROP,
10.6744,4,STA,WIFI_DROP,
10.6744,6,STA,WIFI_DROP,
10.6744,14,STA,WIFI_DROP,
10.6744,15,STA,WIFI_DROP,
10.6744,16,STA,WIFI_DROP,
10.6768,4,STA,WIFI_DROP,
10.6768,6,STA,WIFI_DROP,
10.6768,14,STA,WIFI_DROP,
10.6768,15,STA,WIFI_DROP,
10.6768,16,STA,WIFI_DROP,
10.6792,4,STA,WIFI_DROP,
10.6792,6,STA,WIFI_DROP,
10.6792,14,STA,WIFI_DROP,
10.6792,15,STA,WIFI_DROP,
10.6792,16,STA,WIFI_DROP,
10.6816,4,STA,WIFI_DROP,
10.6816,6,STA,WIFI_DROP,
10.6816,14,STA,WIFI_DROP,
10.6816,15,STA,WIFI_DROP,
10.6816,16,STA,WIFI_DROP,
10.684,4,STA,WIFI_DROP,
10.684,6,STA,WIFI_DROP,
10.684,14,STA,WIFI_DROP,
10.684,15,STA,WIFI_DROP,
10.684,16,STA,WIFI_DROP,
10.6864,4,STA,WIFI_DROP,
10.6864,6,STA,WIFI_DROP,
10.6864,14,STA,WIFI_DROP,
10.6864,15,STA,WIFI_DROP,
10.6864,16,STA,WIFI_DROP,
10.6888,4,STA,WIFI_DROP,
10.6888,6,STA,WIFI_DROP,
10.6888,14,STA,WIFI_DROP,
10.6888,15,STA,WIFI_DROP,
10.6888,16,STA,WIFI_DROP,
10.6912,4,STA,WIFI_DROP,
10.6912,6,STA,WIFI_DROP,
10.6912,14,STA,WIFI_DROP,
10.6912,15,STA,WIFI_DROP,
10.6912,16,STA,WIFI_DROP,
10.6936,4,STA,WIFI_DROP,
10.6936,6,STA,WIFI_DROP,
10.6936,14,STA,WIFI_DROP,
10.6936,15,STA,WIFI_DROP,
10.6936,16,STA,WIFI_DROP,
10.696,4,STA,WIFI_DROP,
10.696,6,STA,WIFI_DROP,
10.696,14,STA,WIFI_DROP,
10.696,15,STA,WIFI_DROP,
10.696,16,STA,WIFI_DROP,
10.6984,4,STA,WIFI_DROP,
10.6984,6,STA,WIFI_DROP,
10.6984,14,STA,WIFI_DROP,
10.6984,15,STA,WIFI_DROP,
10.6984,16,STA,WIFI_DROP,
10.7008,4,STA,WIFI_DROP,
10.7008,6,STA,WIFI_DROP,
10.7008,14,STA,WIFI_DROP,
10.7008,15,STA,WIFI_DROP,
10.7008,16,STA,WIFI_DROP,
10.7032,4,STA,WIFI_DROP,
10.7032,6,STA,WIFI_DROP,
10.7032,14,STA,WIFI_DROP,
10.7032,15,STA,WIFI_DROP,
10.7032,16,STA,WIFI_DROP,
10.7056,4,STA,WIFI_DROP,
10.7056,6,STA,WIFI_DROP,
10.7056,14,STA,WIFI_DROP,
10.7056,15,STA,WIFI_DROP,
10.7056,16,STA,WIFI_DROP,
10.708,4,STA,WIFI_DROP,
10.708,6,STA,WIFI_DROP,
10.708,14,STA,WIFI_DROP,
10.708,15,STA,WIFI_DROP,
10.708,16,STA,WIFI_DROP,
10.7104,4,STA,WIFI_DROP,
10.7104,6,STA,WIFI_DROP,
10.7104,14,STA,WIFI_DROP,
10.7104,15,STA,WIFI_DROP,
10.7104,16,STA,WIFI_DROP,
10.7128,4,STA,WIFI_DROP,
10.7128,6,STA,WIFI_DROP,
10.7128,14,STA,WIFI_DROP,
10.7128,15,STA,WIFI_DROP,
10.7128,16,STA,WIFI_DROP,
10.7152,4,STA,WIFI_DROP,
10.7152,6,STA,WIFI_DROP,
10.7152,14,STA,WIFI_DROP,
10.7152,15,STA,WIFI_DROP,
10.7152,16,STA,WIFI_DROP,
10.7176,4,STA,WIFI_DROP,
10.7176,6,STA,WIFI_DROP,
10.7176,14,STA,WIFI_DROP,
10.7176,15,STA,WIFI_DROP,
10.7176,16,STA,WIFI_DROP,
10.72,4,STA,WIFI_DROP,
10.72,6,STA,WIFI_DROP,
10.72,14,STA,WIFI_DROP,
10.72,15,STA,WIFI_DROP,
10.72,16,STA,WIFI_DROP,
10.7224,4,STA,WIFI_DROP,
10.7224,6,STA,WIFI_DROP,
10.7224,14,STA,WIFI_DROP,
10.7224,15,STA,WIFI_DROP,
10.7224,16,STA,WIFI_DROP,
10.7248,4,STA,WIFI_DROP,
10.7248,6,STA,WIFI_DROP,
10.7248,14,STA,WIFI_DROP,
10.7248,15,STA,WIFI_DROP,
10.7248,16,STA,WIFI_DROP,
10.7272,4,STA,WIFI_DROP,
10.7272,6,STA,WIFI_DROP,
10.7272,14,STA,WIFI_DROP,
10.7272,15,STA,WIFI_DROP,
10.7272,16,STA,WIFI_DROP,
10.7296,4,STA,WIFI_DROP,
10.7296,6,STA,WIFI_DROP,
10.7296,14,STA,WIFI_DROP,
10.7296,15,STA,WIFI_DROP,
10.7296,16,STA,WIFI_DROP,
10.732,4,STA,WIFI_DROP,
10.732,6,STA,WIFI_DROP,
10.732,14,STA,WIFI_DROP,
10.732,15,STA,WIFI_DROP,
10.732,16,STA,WIFI_DROP,
10.7344,4,STA,WIFI_DROP,
10.7344,6,STA,WIFI_DROP,
10.7344,14,STA,WIFI_DROP,
10.7344,15,STA,WIFI_DROP,
10.7344,16,STA,WIFI_DROP,
10.7368,4,STA,WIFI_DROP,
10.7368,6,STA,WIFI_DROP,
10.7368,14,STA,WIFI_DROP,
10.7368,15,STA,WIFI_DROP,
10.7368,16,STA,WIFI_DROP,
10.7392,4,STA,WIFI_DROP,
10.7392,6,STA,WIFI_DROP,
10.7392,14,STA,WIFI_DROP,
10.7392,15,STA,WIFI_DROP,
10.7392,16,STA,WIFI_DROP,
10.7416,4,STA,WIFI_DROP,
10.7416,6,STA,WIFI_DROP,
10.7416,14,STA,WIFI_DROP,
10.7416,15,STA,WIFI_DROP,
10.7416,16,STA,WIFI_DROP,
10.744,4,STA,WIFI_DROP,
10.744,6,STA,WIFI_DROP,
10.744,14,STA,WIFI_DROP,
10.744,15,STA,WIFI_DROP,
10.744,16,STA,WIFI_DROP,
10.7464,4,STA,WIFI_DROP,
10.7464,6,STA,WIFI_DROP,
10.7464,14,STA,WIFI_DROP,
10.7464,16,STA,WIFI_DROP,
10.7488,4,STA,WIFI_DROP,
10.7488,6,STA,WIFI_DROP,
10.7488,14,STA,WIFI_DROP,
10.7488,16,STA,WIFI_DROP,
10.7512,4,STA,WIFI_DROP,
10.7512,6,STA,WIFI_DROP,
10.7512,14,STA,WIFI_DROP,
10.7512,16,STA,WIFI_DROP,
10.7536,4,STA,WIFI_DROP,
10.7536,6,STA,WIFI_DROP,
10.7536,14,STA,WIFI_DROP,
10.7536,16,STA,WIFI_DROP,
10.756,4,STA,WIFI_DROP,
10.756,6,STA,WIFI_DROP,
10.756,14,STA,WIFI_DROP,
10.756,16,STA,WIFI_DROP,
10.7584,4,STA,WIFI_DROP,
10.7584,6,STA,WIFI_DROP,
10.7584,14,STA,WIFI_DROP,
10.7584,16,STA,WIFI_DROP,
10.7608,4,STA,WIFI_DROP,
10.7608,6,STA,WIFI_DROP,
10.7608,14,STA,WIFI_DROP,
10.7608,16,STA,WIFI_DROP,
10.7632,4,STA,WIFI_DROP,
10.7632,6,STA,WIFI_DROP,
10.7632,14,STA,WIFI_DROP,
10.7632,16,STA,WIFI_DROP,
10.7656,4,STA,WIFI_DROP,
10.7656,6,STA,WIFI_DROP,
10.7656,14,STA,WIFI_DROP,
10.7656,16,STA,WIFI_DROP,
10.768,4,STA,WIFI_DROP,
10.768,6,STA,WIFI_DROP,
10.768,14,STA,WIFI_DROP,
10.768,16,STA,WIFI_DROP,
10.7704,4,STA,WIFI_DROP,
10.7704,6,STA,WIFI_DROP,
10.7704,14,STA,WIFI_DROP,
10.7704,16,STA,WIFI_DROP,
10.7728,4,STA,WIFI_DROP,
10.7728,6,STA,WIFI_DROP,
10.7728,14,STA,WIFI_DROP,
10.7728,16,STA,WIFI_DROP,
10.7752,4,STA,WIFI_DROP,
10.7752,6,STA,WIFI_DROP,
10.7752,14,STA,WIFI_DROP,
10.7752,16,STA,WIFI_DROP,
10.7776,4,STA,WIFI_DROP,
10.7776,6,STA,WIFI_DROP,
10.7776,14,STA,WIFI_DROP,
10.7776,16,STA,WIFI_DROP,
10.78,4,STA,WIFI_DROP,
10.78,6,STA,WIFI_DROP,
10.78,14,STA,WIFI_DROP,
10.78,16,STA,WIFI_DROP,
10.7824,4,STA,WIFI_DROP,
10.7824,6,STA,WIFI_DROP,
10.7824,14,STA,WIFI_DROP,
10.7824,16,STA,WIFI_DROP,
10.7848,4,STA,WIFI_DROP,
10.7848,6,STA,WIFI_DROP,
10.7848,14,STA,WIFI_DROP,
10.7848,16,STA,WIFI_DROP,
10.7872,4,STA,WIFI_DROP,
10.7872,6,STA,WIFI_DROP,
10.7872,14,STA,WIFI_DROP,
10.7872,16,STA,WIFI_DROP,
10.7896,4,STA,WIFI_DROP,
10.7896,6,STA,WIFI_DROP,
10.7896,14,STA,WIFI_DROP,
10.7896,16,STA,WIFI_DROP,
10.792,4,STA,WIFI_DROP,
10.792,6,STA,WIFI_DROP,
10.792,14,STA,WIFI_DROP,
10.792,16,STA,WIFI_DROP,
10.792,20,STA,WIFI_DROP,
10.7944,4,STA,WIFI_DROP,
10.7944,6,STA,WIFI_DROP,
10.7944,14,STA,WIFI_DROP,
10.7944,16,STA,WIFI_DROP,
10.7944,20,STA,WIFI_DROP,
10.7968,4,STA,WIFI_DROP,
10.7968,6,STA,WIFI_DROP,
10.7968,14,STA,WIFI_DROP,
10.7968,16,STA,WIFI_DROP,
10.7968,20,STA,WIFI_DROP,
10.7992,4,STA,WIFI_DROP,
10.7992,6,STA,WIFI_DROP,
10.7992,14,STA,WIFI_DROP,
10.7992,16,STA,WIFI_DROP,
10.7992,20,STA,WIFI_DROP,
10.8016,4,STA,WIFI_DROP,
10.8016,6,STA,WIFI_DROP,
10.8016,14,STA,WIFI_DROP,
10.8016,16,STA,WIFI_DROP,
10.8016,20,STA,WIFI_DROP,
10.804,4,STA,WIFI_DROP,
10.804,6,STA,WIFI_DROP,
10.804,14,STA,WIFI_DROP,
10.804,16,STA,WIFI_DROP,
10.804,20,STA,WIFI_DROP,
10.8064,4,STA,WIFI_DROP,
10.8064,6,STA,WIFI_DROP,
10.8064,14,STA,WIFI_DROP,
10.8064,16,STA,WIFI_DROP,
10.8064,20,STA,WIFI_DROP,
10.8088,4,STA,WIFI_DROP,
10.8088,6,STA,WIFI_DROP,
10.8088,14,STA,WIFI_DROP,
10.8088,16,STA,WIFI_DROP,
10.8088,20,STA,WIFI_DROP,
10.8112,4,STA,WIFI_DROP,
10.8112,6,STA,WIFI_DROP,
10.8112,14,STA,WIFI_DROP,
10.8112,16,STA,WIFI_DROP,
10.8112,20,STA,WIFI_DROP,
10.8136,4,STA,WIFI_DROP,
10.8136,6,STA,WIFI_DROP,
10.8136,14,STA,WIFI_DROP,
10.8136,16,STA,WIFI_DROP,
10.8136,20,STA,WIFI_DROP,
10.816,4,STA,WIFI_DROP,
10.816,6,STA,WIFI_DROP,
10.816,14,STA,WIFI_DROP,
10.816,16,STA,WIFI_DROP,
10.816,20,STA,WIFI_DROP,
10.8184,4,STA,WIFI_DROP,
10.8184,6,STA,WIFI_DROP,
10.8184,14,STA,WIFI_DROP,
10.8184,16,STA,WIFI_DROP,
10.8184,20,STA,WIFI_DROP,
10.8208,4,STA,WIFI_DROP,
10.8208,6,STA,WIFI_DROP,
10.8208,14,STA,WIFI_DROP,
10.8208,16,STA,WIFI_DROP,
10.8208,20,STA,WIFI_DROP,
10.8232,4,STA,WIFI_DROP,
10.8232,6,STA,WIFI_DROP,
10.8232,14,STA,WIFI_DROP,
10.8232,16,STA,WIFI_DROP,
10.8232,20,STA,WIFI_DROP,
10.8256,4,STA,WIFI_DROP,
10.8256,6,STA,WIFI_DROP,
10.8256,14,STA,WIFI_DROP,
10.8256,16,STA,WIFI_DROP,
10.8256,20,STA,WIFI_DROP,
10.828,4,STA,WIFI_DROP,
10.828,6,STA,WIFI_DROP,
10.828,14,STA,WIFI_DROP,
10.828,16,STA,WIFI_DROP,
10.828,20,STA,WIFI_DROP,
10.8304,4,STA,WIFI_DROP,
10.8304,6,STA,WIFI_DROP,
10.8304,14,STA,WIFI_DROP,
10.8304,16,STA,WIFI_DROP,
10.8304,20,STA,WIFI_DROP,
10.8328,4,STA,WIFI_DROP,
10.8328,6,STA,WIFI_DROP,
10.8328,14,STA,WIFI_DROP,
10.8328,16,STA,WIFI_DROP,
10.8328,20,STA,WIFI_DROP,
10.8352,4,STA,WIFI_DROP,
10.8352,6,STA,WIFI_DROP,
10.8352,14,STA,WIFI_DROP,
10.8352,16,STA,WIFI_DROP,
10.8352,20,STA,WIFI_DROP,
10.8376,4,STA,WIFI_DROP,
10.8376,6,STA,WIFI_DROP,
10.8376,14,STA,WIFI_DROP,
10.8376,20,STA,WIFI_DROP,
10.84,4,STA,WIFI_DROP,
10.84,6,STA,WIFI_DROP,
10.84,20,STA,WIFI_DROP,
10.8424,4,STA,WIFI_DROP,
10.8424,6,STA,WIFI_DROP,
10.8424,20,STA,WIFI_DROP,
10.8448,4,STA,WIFI_DROP,
10.8448,6,STA,WIFI_DROP,
10.8448,20,STA,WIFI_DROP,
10.8472,4,STA,WIFI_DROP,
10.8472,6,STA,WIFI_DROP,
10.8472,20,STA,WIFI_DROP,
10.8496,4,STA,WIFI_DROP,
10.8496,6,STA,WIFI_DROP,
10.8496,20,STA,WIFI_DROP,
10.852,4,STA,WIFI_DROP,
10.852,6,STA,WIFI_DROP,
10.852,20,STA,WIFI_DROP,
10.8544,4,STA,WIFI_DROP,
10.8544,6,STA,WIFI_DROP,
10.8544,20,STA,WIFI_DROP,
10.8568,4,STA,WIFI_DROP,
10.8568,6,STA,WIFI_DROP,
10.8568,20,STA,WIFI_DROP,
10.8592,4,STA,WIFI_DROP,
10.8592,6,STA,WIFI_DROP,
10.8592,20,STA,WIFI_DROP,
10.8616,4,STA,WIFI_DROP,
10.8616,6,STA,WIFI_DROP,
10.8616,20,STA,WIFI_DROP,
10.864,4,STA,WIFI_DROP,
10.864,6,STA,WIFI_DROP,
10.864,20,STA,WIFI_DROP,
10.8664,4,STA,WIFI_DROP,
10.8664,6,STA,WIFI_DROP,
10.8664,20,STA,WIFI_DROP,
10.8688,4,STA,WIFI_DROP,
10.8688,6,STA,WIFI_DROP,
10.8688,20,STA,WIFI_DROP,
10.8712,4,STA,WIFI_DROP,
10.8712,6,STA,WIFI_DROP,
10.8712,20,STA,WIFI_DROP,
10.8736,4,STA,WIFI_DROP,
10.8736,6,STA,WIFI_DROP,
10.8736,20,STA,WIFI_DROP,
10.876,4,STA,WIFI_DROP,
10.876,6,STA,WIFI_DROP,
10.876,20,STA,WIFI_DROP,
10.8784,4,STA,WIFI_DROP,
10.8784,6,STA,WIFI_DROP,
10.8784,20,STA,WIFI_DROP,
10.8808,4,STA,WIFI_DROP,
10.8808,6,STA,WIFI_DROP,
10.8808,20,STA,WIFI_DROP,
10.8832,4,STA,WIFI_DROP,
10.8832,6,STA,WIFI_DROP,
10.8832,20,STA,WIFI_DROP,
10.8856,4,STA,WIFI_DROP,
10.8856,6,STA,WIFI_DROP,
10.8856,20,STA,WIFI_DROP,
10.888,4,STA,WIFI_DROP,
10.888,6,STA,WIFI_DROP,
10.888,20,STA,WIFI_DROP,
10.8904,4,STA,WIFI_DROP,
10.8904,6,STA,WIFI_DROP,
10.8904,20,STA,WIFI_DROP,
10.8928,4,STA,WIFI_DROP,
10.8928,6,STA,WIFI_DROP,
10.8928,20,STA,WIFI_DROP,
10.8952,4,STA,WIFI_DROP,
10.8952,6,STA,WIFI_DROP,
10.8952,20,STA,WIFI_DROP,
10.8976,4,STA,WIFI_DROP,
10.8976,6,STA,WIFI_DROP,
10.8976,20,STA,WIFI_DROP,
10.9,4,STA,WIFI_DROP,
10.9,6,STA,WIFI_DROP,
10.9,20,STA,WIFI_DROP,
10.9024,4,STA,WIFI_DROP,
10.9024,6,STA,WIFI_DROP,
10.9024,20,STA,WIFI_DROP,
10.9048,4,STA,WIFI_DROP,
10.9048,6,STA,WIFI_DROP,
10.9048,20,STA,WIFI_DROP,
10.9072,4,STA,WIFI_DROP,
10.9072,6,STA,WIFI_DROP,
10.9072,20,STA,WIFI_DROP,
10.9096,4,STA,WIFI_DROP,
10.9096,6,STA,WIFI_DROP,
10.9096,20,STA,WIFI_DROP,
10.912,4,STA,WIFI_DROP,
10.912,6,STA,WIFI_DROP,
10.912,20,STA,WIFI_DROP,
10.9144,4,STA,WIFI_DROP,
10.9144,6,STA,WIFI_DROP,
10.9144,20,STA,WIFI_DROP,
10.9168,4,STA,WIFI_DROP,
10.9168,6,STA,WIFI_DROP,
10.9168,20,STA,WIFI_DROP,
10.9192,4,STA,WIFI_DROP,
10.9192,6,STA,WIFI_DROP,
10.9192,20,STA,WIFI_DROP,
10.9216,4,STA,WIFI_DROP,
10.9216,6,STA,WIFI_DROP,
10.9216,20,STA,WIFI_DROP,
10.924,4,STA,WIFI_DROP,
10.924,6,STA,WIFI_DROP,
10.924,20,STA,WIFI_DROP,
10.9264,4,STA,WIFI_DROP,
10.9264,6,STA,WIFI_DROP,
10.9264,20,STA,WIFI_DROP,
10.9288,4,STA,WIFI_DROP,
10.9288,6,STA,WIFI_DROP,
10.9288,20,STA,WIFI_DROP,
10.9312,4,STA,WIFI_DROP,
10.9312,6,STA,WIFI_DROP,
10.9312,20,STA,WIFI_DROP,
10.9336,4,STA,WIFI_DROP,
10.9336,6,STA,WIFI_DROP,
10.9336,20,STA,WIFI_DROP,
10.936,4,STA,WIFI_DROP,
10.936,6,STA,WIFI_DROP,
10.936,20,STA,WIFI_DROP,
10.9384,4,STA,WIFI_DROP,
10.9384,6,STA,WIFI_DROP,
10.9384,20,STA,WIFI_DROP,
10.9408,4,STA,WIFI_DROP,
10.9408,6,STA,WIFI_DROP,
10.9408,20,STA,WIFI_DROP,
10.9432,4,STA,WIFI_DROP,
10.9432,6,STA,WIFI_DROP,
10.9432,20,STA,WIFI_DROP,
10.9456,4,STA,WIFI_DROP,
10.9456,6,STA,WIFI_DROP,
10.9456,20,STA,WIFI_DROP,
10.948,4,STA,WIFI_DROP,
10.948,6,STA,WIFI_DROP,
10.948,20,STA,WIFI_DROP,
10.9504,4,STA,WIFI_DROP,
10.9504,6,STA,WIFI_DROP,
10.9504,20,STA,WIFI_DROP,
10.9528,4,STA,WIFI_DROP,
10.9528,6,STA,WIFI_DROP,
10.9528,20,STA,WIFI_DROP,
10.9552,4,STA,WIFI_DROP,
10.9552,6,STA,WIFI_DROP,
10.9552,20,STA,WIFI_DROP,
10.9576,4,STA,WIFI_DROP,
10.9576,6,STA,WIFI_DROP,
10.9576,20,STA,WIFI_DROP,
10.96,4,STA,WIFI_DROP,
10.96,6,STA,WIFI_DROP,
10.96,20,STA,WIFI_DROP,
10.9624,4,STA,WIFI_DROP,
10.9624,6,STA,WIFI_DROP,
10.9624,20,STA,WIFI_DROP,
10.9648,4,STA,WIFI_DROP,
10.9648,6,STA,WIFI_DROP,
10.9648,20,STA,WIFI_DROP,
10.9672,4,STA,WIFI_DROP,
10.9672,6,STA,WIFI_DROP,
10.9672,20,STA,WIFI_DROP,
10.9696,4,STA,WIFI_DROP,
10.9696,6,STA,WIFI_DROP,
10.9696,20,STA,WIFI_DROP,
10.972,4,STA,WIFI_DROP,
10.972,6,STA,WIFI_DROP,
10.972,20,STA,WIFI_DROP,
10.9744,4,STA,WIFI_DROP,
10.9744,6,STA,WIFI_DROP,
10.9744,20,STA,WIFI_DROP,
10.9768,4,STA,WIFI_DROP,
10.9768,6,STA,WIFI_DROP,
10.9768,20,STA,WIFI_DROP,
10.9792,4,STA,WIFI_DROP,
10.9792,6,STA,WIFI_DROP,
10.9792,20,STA,WIFI_DROP,
10.9816,4,STA,WIFI_DROP,
10.9816,6,STA,WIFI_DROP,
10.9816,20,STA,WIFI_DROP,
10.984,4,STA,WIFI_DROP,
10.984,6,STA,WIFI_DROP,
10.984,20,STA,WIFI_DROP,
10.9864,4,STA,WIFI_DROP,
10.9864,6,STA,WIFI_DROP,
10.9864,20,STA,WIFI_DROP,
10.9888,4,STA,WIFI_DROP,
10.9888,6,STA,WIFI_DROP,
10.9888,20,STA,WIFI_DROP,
10.9912,4,STA,WIFI_DROP,
10.9912,6,STA,WIFI_DROP,
10.9912,20,STA,WIFI_DROP,
10.9936,4,STA,WIFI_DROP,
10.9936,6,STA,WIFI_DROP,
10.9936,20,STA,WIFI_DROP,
10.996,4,STA,WIFI_DROP,
10.996,6,STA,WIFI_DROP,
10.996,20,STA,WIFI_DROP,
10.9984,4,STA,WIFI_DROP,
10.9984,6,STA,WIFI_DROP,
10.9984,20,STA,WIFI_DROP,
11,2,STA,THROUGHPUT_MBPS,1.716000
11,3,STA,THROUGHPUT_MBPS,0.192000
11,5,STA,THROUGHPUT_MBPS,1.332000
11,6,STA,THROUGHPUT_MBPS,0.960000
11,7,STA,THROUGHPUT_MBPS,1.236000
11,8,STA,THROUGHPUT_MBPS,2.184000
11,9,STA,THROUGHPUT_MBPS,1.872000
11,10,STA,THROUGHPUT_MBPS,2.004000
11,12,STA,THROUGHPUT_MBPS,1.728000
11,13,STA,THROUGHPUT_MBPS,0.408000
11,14,STA,THROUGHPUT_MBPS,1.992000
11,15,STA,THROUGHPUT_MBPS,3.516000
11,16,STA,THROUGHPUT_MBPS,0.072000
11,17,STA,THROUGHPUT_MBPS,2.940000
11,19,STA,THROUGHPUT_MBPS,0.564000
11,20,STA,THROUGHPUT_MBPS,1.776000
11,21,STA,THROUGHPUT_MBPS,1.980000
11,1,AP,AGGREGATE_THROUGHPUT_MBPS,26.472000
11,1,AP,SENT_COUNT,8340.000000
11,1,AP,RECV_COUNT,2206.000000
11,1,AP,LATENCY_P95_MS,529.851406
11.0008,4,STA,WIFI_DROP,
11.0008,6,STA,WIFI_DROP,
11.0008,20,STA,WIFI_DROP,
11.0032,4,STA,WIFI_DROP,
11.0032,6,STA,WIFI_DROP,
11.0032,20,STA,WIFI_DROP,
11.0056,4,STA,WIFI_DROP,
11.0056,6,STA,WIFI_DROP,
11.0056,20,STA,WIFI_DROP,
11.008,4,STA,WIFI_DROP,
11.008,6,STA,WIFI_DROP,
11.008,20,STA,WIFI_DROP,
11.0104,4,STA,WIFI_DROP,
11.0104,6,STA,WIFI_DROP,
11.0104,20,STA,WIFI_DROP,
11.0128,4,STA,WIFI_DROP,
11.0128,6,STA,WIFI_DROP,
11.0128,20,STA,WIFI_DROP,
11.0152,4,STA,WIFI_DROP,
11.0152,6,STA,WIFI_DROP,
11.0152,20,STA,WIFI_DROP,
11.0176,4,STA,WIFI_DROP,
11.0176,6,STA,WIFI_DROP,
11.0176,20,STA,WIFI_DROP,
11.02,4,STA,WIFI_DROP,
11.02,6,STA,WIFI_DROP,
11.02,20,STA,WIFI_DROP,
11.0224,4,STA,WIFI_DROP,
11.0224,6,STA,WIFI_DROP,
11.0224,20,STA,WIFI_DROP,
11.0248,4,STA,WIFI_DROP,
11.0248,6,STA,WIFI_DROP,
11.0248,20,STA,WIFI_DROP,
11.0272,4,STA,WIFI_DROP,
11.0272,6,STA,WIFI_DROP,
11.0272,20,STA,WIFI_DROP,
11.0296,4,STA,WIFI_DROP,
11.0296,6,STA,WIFI_DROP,
11.0296,20,STA,WIFI_DROP,
11.032,4,STA,WIFI_DROP,
11.032,6,STA,WIFI_DROP,
11.032,20,STA,WIFI_DROP,
11.0344,4,STA,WIFI_DROP,
11.0344,6,STA,WIFI_DROP,
11.0344,20,STA,WIFI_DROP,
11.0368,4,STA,WIFI_DROP,
11.0368,6,STA,WIFI_DROP,
11.0368,20,STA,WIFI_DROP,
11.0392,4,STA,WIFI_DROP,
11.0392,6,STA,WIFI_DROP,
11.0392,20,STA,WIFI_DROP,
11.0416,4,STA,WIFI_DROP,
11.0416,6,STA,WIFI_DROP,
11.0416,20,STA,WIFI_DROP,
11.044,4,STA,WIFI_DROP,
11.044,6,STA,WIFI_DROP,
11.044,20,STA,WIFI_DROP,
11.0464,4,STA,WIFI_DROP,
11.0464,6,STA,WIFI_DROP,
11.0464,20,STA,WIFI_DROP,
11.0488,4,STA,WIFI_DROP,
11.0488,6,STA,WIFI_DROP,
11.0488,20,STA,WIFI_DROP,
11.0512,4,STA,WIFI_DROP,
11.0512,6,STA,WIFI_DROP,
11.0512,20,STA,WIFI_DROP,
11.0536,4,STA,WIFI_DROP,
11.0536,6,STA,WIFI_DROP,
11.0536,20,STA,WIFI_DROP,
11.056,4,STA,WIFI_DROP,
11.056,6,STA,WIFI_DROP,
11.056,20,STA,WIFI_DROP,
11.0584,4,STA,WIFI_DROP,
11.0584,6,STA,WIFI_DROP,
11.0584,20,STA,WIFI_DROP,
11.0608,4,STA,WIFI_DROP,
11.0608,6,STA,WIFI_DROP,
11.0608,20,STA,WIFI_DROP,
11.0632,4,STA,WIFI_DROP,
11.0632,6,STA,WIFI_DROP,
11.0632,20,STA,WIFI_DROP,
11.0656,4,STA,WIFI_DROP,
11.0656,6,STA,WIFI_DROP,
11.0656,20,STA,WIFI_DROP,
11.068,4,STA,WIFI_DROP,
11.068,6,STA,WIFI_DROP,
11.068,20,STA,WIFI_DROP,
11.0704,4,STA,WIFI_DROP,
11.0704,6,STA,WIFI_DROP,
11.0704,20,STA,WIFI_DROP,
11.0728,4,STA,WIFI_DROP,
11.0728,6,STA,WIFI_DROP,
11.0728,20,STA,WIFI_DROP,
11.0752,4,STA,WIFI_DROP,
11.0752,6,STA,WIFI_DROP,
11.0752,20,STA,WIFI_DROP,
11.0776,4,STA,WIFI_DROP,
11.0776,6,STA,WIFI_DROP,
11.0776,20,STA,WIFI_DROP,
11.08,4,STA,WIFI_DROP,
11.08,6,STA,WIFI_DROP,
11.08,20,STA,WIFI_DROP,
11.0824,4,STA,WIFI_DROP,
11.0824,6,STA,WIFI_DROP,
11.0824,20,STA,WIFI_DROP,
11.0848,4,STA,WIFI_DROP,
11.0848,6,STA,WIFI_DROP,
11.0848,20,STA,WIFI_DROP,
11.0872,4,STA,WIFI_DROP,
11.0872,6,STA,WIFI_DROP,
11.0872,20,STA,WIFI_DROP,
11.0896,4,STA,WIFI_DROP,
11.0896,6,STA,WIFI_DROP,
11.0896,20,STA,WIFI_DROP,
11.092,4,STA,WIFI_DROP,
11.092,6,STA,WIFI_DROP,
11.092,20,STA,WIFI_DROP,
11.0944,4,STA,WIFI_DROP,
11.0944,6,STA,WIFI_DROP,
11.0944,20,STA,WIFI_DROP,
11.0968,4,STA,WIFI_DROP,
11.0968,6,STA,WIFI_DROP,
11.0968,20,STA,WIFI_DROP,
11.0992,4,STA,WIFI_DROP,
11.0992,6,STA,WIFI_DROP,
11.0992,20,STA,WIFI_DROP,
11.1016,4,STA,WIFI_DROP,
11.1016,6,STA,WIFI_DROP,
11.1016,18,STA,WIFI_DROP,
11.1016,20,STA,WIFI_DROP,
11.104,4,STA,WIFI_DROP,
11.104,6,STA,WIFI_DROP,
11.104,18,STA,WIFI_DROP,
11.104,20,STA,WIFI_DROP,
11.1064,4,STA,WIFI_DROP,
11.1064,6,STA,WIFI_DROP,
11.1064,18,STA,WIFI_DROP,
11.1064,20,STA,WIFI_DROP,
11.1088,4,STA,WIFI_DROP,
11.1088,6,STA,WIFI_DROP,
11.1088,18,STA,WIFI_DROP,
11.1088,20,STA,WIFI_DROP,
11.1112,4,STA,WIFI_DROP,
11.1112,6,STA,WIFI_DROP,
11.1112,18,STA,WIFI_DROP,
11.1112,20,STA,WIFI_DROP,
11.1136,4,STA,WIFI_DROP,
11.1136,6,STA,WIFI_DROP,
11.1136,18,STA,WIFI_DROP,
11.1136,20,STA,WIFI_DROP,
11.116,4,STA,WIFI_DROP,
11.116,6,STA,WIFI_DROP,
11.116,18,STA,WIFI_DROP,
11.116,20,STA,WIFI_DROP,
11.1184,4,STA,WIFI_DROP,
11.1184,6,STA,WIFI_DROP,
11.1184,18,STA,WIFI_DROP,
11.1184,20,STA,WIFI_DROP,
11.1208,4,STA,WIFI_DROP,
11.1208,6,STA,WIFI_DROP,
11.1208,18,STA,WIFI_DROP,
11.1208,20,STA,WIFI_DROP,
11.1232,4,STA,WIFI_DROP,
11.1232,6,STA,WIFI_DROP,
11.1232,18,STA,WIFI_DROP,
11.1232,20,STA,WIFI_DROP,
11.1256,4,STA,WIFI_DROP,
11.1256,6,STA,WIFI_DROP,
11.1256,18,STA,WIFI_DROP,
11.1256,20,STA,WIFI_DROP,
11.128,4,STA,WIFI_DROP,
11.128,6,STA,WIFI_DROP,
11.128,18,STA,WIFI_DROP,
11.128,20,STA,WIFI_DROP,
11.1304,4,STA,WIFI_DROP,
11.1304,6,STA,WIFI_DROP,
11.1304,18,STA,WIFI_DROP,
11.1304,20,STA,WIFI_DROP,
11.1328,4,STA,WIFI_DROP,
11.1328,6,STA,WIFI_DROP,
11.1328,18,STA,WIFI_DROP,
11.1328,20,STA,WIFI_DROP,
11.1352,4,STA,WIFI_DROP,
11.1352,6,STA,WIFI_DROP,
11.1352,18,STA,WIFI_DROP,
11.1352,20,STA,WIFI_DROP,
11.1376,4,STA,WIFI_DROP,
11.1376,18,STA,WIFI_DROP,
11.1376,20,STA,WIFI_DROP,
11.14,4,STA,WIFI_DROP,
11.14,18,STA,WIFI_DROP,
11.14,20,STA,WIFI_DROP,
11.1424,4,STA,WIFI_DROP,
11.1424,18,STA,WIFI_DROP,
11.1424,20,STA,WIFI_DROP,
11.1448,4,STA,WIFI_DROP,
11.1448,18,STA,WIFI_DROP,
11.1448,20,STA,WIFI_DROP,
11.1472,4,STA,WIFI_DROP,
11.1472,18,STA,WIFI_DROP,
11.1472,20,STA,WIFI_DROP,
11.1496,4,STA,WIFI_DROP,
11.1496,18,STA,WIFI_DROP,
11.1496,20,STA,WIFI_DROP,
11.152,4,STA,WIFI_DROP,
11.152,18,STA,WIFI_DROP,
11.152,20,STA,WIFI_DROP,
11.1544,4,STA,WIFI_DROP,
11.1544,18,STA,WIFI_DROP,
11.1544,20,STA,WIFI_DROP,
11.1568,4,STA,WIFI_DROP,
11.1568,18,STA,WIFI_DROP,
11.1568,20,STA,WIFI_DROP,
11.1592,4,STA,WIFI_DROP,
11.1592,18,STA,WIFI_DROP,
11.1592,20,STA,WIFI_DROP,
11.1616,4,STA,WIFI_DROP,
11.1616,18,STA,WIFI_DROP,
11.1616,20,STA,WIFI_DROP,
11.164,4,STA,WIFI_DROP,
11.164,18,STA,WIFI_DROP,
11.164,20,STA,WIFI_DROP,
11.1664,4,STA,WIFI_DROP,
11.1664,18,STA,WIFI_DROP,
11.1664,20,STA,WIFI_DROP,
11.1688,4,STA,WIFI_DROP,
11.1688,18,STA,WIFI_DROP,
11.1688,20,STA,WIFI_DROP,
11.1712,4,STA,WIFI_DROP,
11.1712,18,STA,WIFI_DROP,
11.1712,20,STA,WIFI_DROP,
11.1736,4,STA,WIFI_DROP,
11.1736,18,STA,WIFI_DROP,
11.1736,20,STA,WIFI_DROP,
11.176,4,STA,WIFI_DROP,
11.176,18,STA,WIFI_DROP,
11.176,20,STA,WIFI_DROP,
11.1784,4,STA,WIFI_DROP,
11.1784,18,STA,WIFI_DROP,
11.1784,20,STA,WIFI_DROP,
11.1808,4,STA,WIFI_DROP,
11.1808,18,STA,WIFI_DROP,
11.1808,20,STA,WIFI_DROP,
11.1832,4,STA,WIFI_DROP,
11.1832,18,STA,WIFI_DROP,
11.1832,20,STA,WIFI_DROP,
11.1856,4,STA,WIFI_DROP,
11.1856,18,STA,WIFI_DROP,
11.1856,20,STA,WIFI_DROP,
11.188,4,STA,WIFI_DROP,
11.188,18,STA,WIFI_DROP,
11.188,20,STA,WIFI_DROP,
11.1904,4,STA,WIFI_DROP,
11.1904,18,STA,WIFI_DROP,
11.1904,20,STA,WIFI_DROP,
11.1928,4,STA,WIFI_DROP,
11.1928,18,STA,WIFI_DROP,
11.1928,20,STA,WIFI_DROP,
11.1952,4,STA,WIFI_DROP,
11.1952,18,STA,WIFI_DROP,
11.1952,20,STA,WIFI_DROP,
11.1976,4,STA,WIFI_DROP,
11.1976,18,STA,WIFI_DROP,
11.1976,20,STA,WIFI_DROP,
11.2,4,STA,WIFI_DROP,
11.2,18,STA,WIFI_DROP,
11.2,20,STA,WIFI_DROP,
11.2024,4,STA,WIFI_DROP,
11.2024,18,STA,WIFI_DROP,
11.2024,20,STA,WIFI_DROP,
11.2048,4,STA,WIFI_DROP,
11.2048,18,STA,WIFI_DROP,
11.2048,20,STA,WIFI_DROP,
11.2072,4,STA,WIFI_DROP,
11.2072,18,STA,WIFI_DROP,
11.2072,20,STA,WIFI_DROP,
11.2096,4,STA,WIFI_DROP,
11.2096,18,STA,WIFI_DROP,
11.2096,20,STA,WIFI_DROP,
11.212,4,STA,WIFI_DROP,
11.212,18,STA,WIFI_DROP,
11.212,20,STA,WIFI_DROP,
11.2144,4,STA,WIFI_DROP,
11.2144,18,STA,WIFI_DROP,
11.2144,20,STA,WIFI_DROP,
11.2168,4,STA,WIFI_DROP,
11.2168,18,STA,WIFI_DROP,
11.2168,20,STA,WIFI_DROP,
11.2192,4,STA,WIFI_DROP,
11.2192,18,STA,WIFI_DROP,
11.2192,20,STA,WIFI_DROP,
11.2216,4,STA,WIFI_DROP,
11.2216,18,STA,WIFI_DROP,
11.2216,20,STA,WIFI_DROP,
11.224,4,STA,WIFI_DROP,
11.224,18,STA,WIFI_DROP,
11.224,20,STA,WIFI_DROP,
11.2264,4,STA,WIFI_DROP,
11.2264,18,STA,WIFI_DROP,
11.2264,20,STA,WIFI_DROP,
11.2288,4,STA,WIFI_DROP,
11.2288,18,STA,WIFI_DROP,
11.2288,20,STA,WIFI_DROP,
11.2312,4,STA,WIFI_DROP,
11.2312,18,STA,WIFI_DROP,
11.2312,20,STA,WIFI_DROP,
11.2336,4,STA,WIFI_DROP,
11.2336,18,STA,WIFI_DROP,
11.2336,20,STA,WIFI_DROP,
11.236,4,STA,WIFI_DROP,
11.236,18,STA,WIFI_DROP,
11.236,20,STA,WIFI_DROP,
11.2384,4,STA,WIFI_DROP,
11.2384,18,STA,WIFI_DROP,
11.2384,20,STA,WIFI_DROP,
11.2408,4,STA,WIFI_DROP,
11.2408,18,STA,WIFI_DROP,
11.2408,20,STA,WIFI_DROP,
11.2432,4,STA,WIFI_DROP,
11.2432,18,STA,WIFI_DROP,
11.2432,20,STA,WIFI_DROP,
11.2456,4,STA,WIFI_DROP,
11.2456,18,STA,WIFI_DROP,
11.2456,20,STA,WIFI_DROP,
11.248,4,STA,WIFI_DROP,
11.248,18,STA,WIFI_DROP,
11.248,20,STA,WIFI_DROP,
11.2504,4,STA,WIFI_DROP,
11.2504,18,STA,WIFI_DROP,
11.2504,20,STA,WIFI_DROP,
11.2528,4,STA,WIFI_DROP,
11.2528,18,STA,WIFI_DROP,
11.2528,20,STA,WIFI_DROP,
11.2552,4,STA,WIFI_DROP,
11.2552,18,STA,WIFI_DROP,
11.2552,20,STA,WIFI_DROP,
11.2576,4,STA,WIFI_DROP,
11.2576,18,STA,WIFI_DROP,
11.2576,20,STA,WIFI_DROP,
11.26,4,STA,WIFI_DROP,
11.26,18,STA,WIFI_DROP,
11.26,20,STA,WIFI_DROP,
11.2624,4,STA,WIFI_DROP,
11.2624,18,STA,WIFI_DROP,
11.2624,20,STA,WIFI_DROP,
11.2648,4,STA,WIFI_DROP,
11.2648,18,STA,WIFI_DROP,
11.2648,20,STA,WIFI_DROP,
11.2672,4,STA,WIFI_DROP,
11.2672,18,STA,WIFI_DROP,
11.2672,20,STA,WIFI_DROP,
11.2696,4,STA,WIFI_DROP,
11.2696,18,STA,WIFI_DROP,
11.2696,20,STA,WIFI_DROP,
11.272,4,STA,WIFI_DROP,
11.272,18,STA,WIFI_DROP,
11.272,20,STA,WIFI_DROP,
11.2744,4,STA,WIFI_DROP,
11.2744,18,STA,WIFI_DROP,
11.2744,20,STA,WIFI_DROP,
11.2768,4,STA,WIFI_DROP,
11.2768,18,STA,WIFI_DROP,
11.2768,20,STA,WIFI_DROP,
11.2792,4,STA,WIFI_DROP,
11.2792,18,STA,WIFI_DROP,
11.2792,20,STA,WIFI_DROP,
11.2816,4,STA,WIFI_DROP,
11.2816,18,STA,WIFI_DROP,
11.2816,20,STA,WIFI_DROP,
11.284,4,STA,WIFI_DROP,
11.284,18,STA,WIFI_DROP,
11.284,20,STA,WIFI_DROP,
11.2864,4,STA,WIFI_DROP,
11.2864,18,STA,WIFI_DROP,
11.2864,20,STA,WIFI_DROP,
11.2888,4,STA,WIFI_DROP,
11.2888,18,STA,WIFI_DROP,
11.2888,20,STA,WIFI_DROP,
11.2912,4,STA,WIFI_DROP,
11.2912,18,STA,WIFI_DROP,
11.2912,20,STA,WIFI_DROP,
11.2936,4,STA,WIFI_DROP,
11.2936,18,STA,WIFI_DROP,
11.2936,20,STA,WIFI_DROP,
11.296,4,STA,WIFI_DROP,
11.296,18,STA,WIFI_DROP,
11.296,20,STA,WIFI_DROP,
11.2984,4,STA,WIFI_DROP,
11.2984,18,STA,WIFI_DROP,
11.2984,20,STA,WIFI_DROP,
11.3008,4,STA,WIFI_DROP,
11.3008,18,STA,WIFI_DROP,
11.3008,20,STA,WIFI_DROP,
11.3032,4,STA,WIFI_DROP,
11.3032,18,STA,WIFI_DROP,
11.3032,20,STA,WIFI_DROP,
11.3056,4,STA,WIFI_DROP,
11.3056,18,STA,WIFI_DROP,
11.3056,20,STA,WIFI_DROP,
11.308,4,STA,WIFI_DROP,
11.308,18,STA,WIFI_DROP,
11.308,20,STA,WIFI_DROP,
11.3104,4,STA,WIFI_DROP,
11.3104,18,STA,WIFI_DROP,
11.3104,20,STA,WIFI_DROP,
11.3128,4,STA,WIFI_DROP,
11.3128,18,STA,WIFI_DROP,
11.3128,20,STA,WIFI_DROP,
11.3152,4,STA,WIFI_DROP,
11.3152,18,STA,WIFI_DROP,
11.3152,20,STA,WIFI_DROP,
11.3176,4,STA,WIFI_DROP,
11.3176,18,STA,WIFI_DROP,
11.3176,20,STA,WIFI_DROP,
11.32,4,STA,WIFI_DROP,
11.32,18,STA,WIFI_DROP,
11.32,20,STA,WIFI_DROP,
11.3224,4,STA,WIFI_DROP,
11.3224,18,STA,WIFI_DROP,
11.3224,20,STA,WIFI_DROP,
11.3248,4,STA,WIFI_DROP,
11.3248,18,STA,WIFI_DROP,
11.3248,20,STA,WIFI_DROP,
11.3272,4,STA,WIFI_DROP,
11.3272,18,STA,WIFI_DROP,
11.3272,20,STA,WIFI_DROP,
11.3296,4,STA,WIFI_DROP,
11.3296,18,STA,WIFI_DROP,
11.3296,20,STA,WIFI_DROP,
11.332,4,STA,WIFI_DROP,
11.332,18,STA,WIFI_DROP,
11.332,20,STA,WIFI_DROP,
11.3344,4,STA,WIFI_DROP,
11.3344,18,STA,WIFI_DROP,
11.3344,20,STA,WIFI_DROP,
11.3368,4,STA,WIFI_DROP,
11.3368,18,STA,WIFI_DROP,
11.3368,20,STA,WIFI_DROP,
11.3392,4,STA,WIFI_DROP,
11.3392,18,STA,WIFI_DROP,
11.3392,20,STA,WIFI_DROP,
11.3416,4,STA,WIFI_DROP,
11.3416,18,STA,WIFI_DROP,
11.3416,20,STA,WIFI_DROP,
11.344,4,STA,WIFI_DROP,
11.344,18,STA,WIFI_DROP,
11.3464,4,STA,WIFI_DROP,
11.3464,18,STA,WIFI_DROP,
11.3488,4,STA,WIFI_DROP,
11.3488,18,STA,WIFI_DROP,
11.3512,18,STA,WIFI_DROP,
11.3536,18,STA,WIFI_DROP,
11.356,18,STA,WIFI_DROP,
11.3584,18,STA,WIFI_DROP,
11.3608,18,STA,WIFI_DROP,
11.3632,18,STA,WIFI_DROP,
11.3656,18,STA,WIFI_DROP,
11.368,18,STA,WIFI_DROP,
11.3704,18,STA,WIFI_DROP,
11.3728,18,STA,WIFI_DROP,
11.3752,18,STA,WIFI_DROP,
11.3776,18,STA,WIFI_DROP,
11.38,18,STA,WIFI_DROP,
11.3824,18,STA,WIFI_DROP,
11.3848,18,STA,WIFI_DROP,
11.3872,18,STA,WIFI_DROP,
11.3896,18,STA,WIFI_DROP,
11.392,18,STA,WIFI_DROP,
11.3944,18,STA,WIFI_DROP,
11.3968,18,STA,WIFI_DROP,
11.3992,18,STA,WIFI_DROP,
11.4016,18,STA,WIFI_DROP,
11.404,18,STA,WIFI_DROP,
11.4064,18,STA,WIFI_DROP,
11.4088,18,STA,WIFI_DROP,
11.4112,18,STA,WIFI_DROP,
11.4136,18,STA,WIFI_DROP,
11.416,18,STA,WIFI_DROP,
11.4184,18,STA,WIFI_DROP,
11.4208,18,STA,WIFI_DROP,
11.4232,18,STA,WIFI_DROP,
11.4256,18,STA,WIFI_DROP,
11.428,18,STA,WIFI_DROP,
11.4304,18,STA,WIFI_DROP,
11.4328,18,STA,WIFI_DROP,
11.4352,18,STA,WIFI_DROP,
11.4376,18,STA,WIFI_DROP,
11.44,18,STA,WIFI_DROP,
11.4424,18,STA,WIFI_DROP,
11.4448,18,STA,WIFI_DROP,
11.4472,18,STA,WIFI_DROP,
11.4496,18,STA,WIFI_DROP,
11.452,18,STA,WIFI_DROP,
11.4544,18,STA,WIFI_DROP,
11.4568,18,STA,WIFI_DROP,
11.4592,18,STA,WIFI_DROP,
11.4616,18,STA,WIFI_DROP,
11.464,18,STA,WIFI_DROP,
11.4664,18,STA,WIFI_DROP,
11.4688,18,STA,WIFI_DROP,
11.4712,18,STA,WIFI_DROP,
11.4736,18,STA,WIFI_DROP,
11.476,18,STA,WIFI_DROP,
11.4784,18,STA,WIFI_DROP,
11.4808,18,STA,WIFI_DROP,
11.4832,18,STA,WIFI_DROP,
11.4856,18,STA,WIFI_DROP,
11.488,18,STA,WIFI_DROP,
11.4904,18,STA,WIFI_DROP,
11.4928,18,STA,WIFI_DROP,
11.4952,18,STA,WIFI_DROP,
11.4976,18,STA,WIFI_DROP,
11.5,18,STA,WIFI_DROP,
11.5024,18,STA,WIFI_DROP,
11.5048,18,STA,WIFI_DROP,
11.5072,17,STA,WIFI_DROP,
11.5072,18,STA,WIFI_DROP,
11.5096,17,STA,WIFI_DROP,
11.5096,18,STA,WIFI_DROP,
11.512,17,STA,WIFI_DROP,
11.512,18,STA,WIFI_DROP,
11.5144,17,STA,WIFI_DROP,
11.5144,18,STA,WIFI_DROP,
11.5168,17,STA,WIFI_DROP,
11.5168,18,STA,WIFI_DROP,
11.5192,17,STA,WIFI_DROP,
11.5192,18,STA,WIFI_DROP,
11.5216,17,STA,WIFI_DROP,
11.5216,18,STA,WIFI_DROP,
11.524,17,STA,WIFI_DROP,
11.524,18,STA,WIFI_DROP,
11.5264,17,STA,WIFI_DROP,
11.5264,18,STA,WIFI_DROP,
11.5288,17,STA,WIFI_DROP,
11.5288,18,STA,WIFI_DROP,
11.5312,17,STA,WIFI_DROP,
11.5312,18,STA,WIFI_DROP,
11.5336,17,STA,WIFI_DROP,
11.5336,18,STA,WIFI_DROP,
11.536,17,STA,WIFI_DROP,
11.536,18,STA,WIFI_DROP,
11.5384,17,STA,WIFI_DROP,
11.5384,18,STA,WIFI_DROP,
11.5408,17,STA,WIFI_DROP,
11.5408,18,STA,WIFI_DROP,
11.5432,17,STA,WIFI_DROP,
11.5432,18,STA,WIFI_DROP,
11.5456,17,STA,WIFI_DROP,
11.5456,18,STA,WIFI_DROP,
11.548,17,STA,WIFI_DROP,
11.548,18,STA,WIFI_DROP,
11.5504,17,STA,WIFI_DROP,
11.5504,18,STA,WIFI_DROP,
11.5528,17,STA,WIFI_DROP,
11.5528,18,STA,WIFI_DROP,
11.5552,17,STA,WIFI_DROP,
11.5552,18,STA,WIFI_DROP,
11.5576,17,STA,WIFI_DROP,
11.5576,18,STA,WIFI_DROP,
11.56,17,STA,WIFI_DROP,
11.56,18,STA,WIFI_DROP,
11.5624,17,STA,WIFI_DROP,
11.5624,18,STA,WIFI_DROP,
11.5648,17,STA,WIFI_DROP,
11.5648,18,STA,WIFI_DROP,
11.5672,17,STA,WIFI_DROP,
11.5672,18,STA,WIFI_DROP,
11.5696,17,STA,WIFI_DROP,
11.5696,18,STA,WIFI_DROP,
11.572,17,STA,WIFI_DROP,
11.572,18,STA,WIFI_DROP,
11.5744,17,STA,WIFI_DROP,
11.5744,18,STA,WIFI_DROP,
11.5768,17,STA,WIFI_DROP,
11.5768,18,STA,WIFI_DROP,
11.5792,17,STA,WIFI_DROP,
11.5792,18,STA,WIFI_DROP,
11.5816,17,STA,WIFI_DROP,
11.5816,18,STA,WIFI_DROP,
11.584,17,STA,WIFI_DROP,
11.584,18,STA,WIFI_DROP,
11.5864,17,STA,WIFI_DROP,
11.5864,18,STA,WIFI_DROP,
11.5888,17,STA,WIFI_DROP,
11.5888,18,STA,WIFI_DROP,
11.5912,17,STA,WIFI_DROP,
11.5912,18,STA,WIFI_DROP,
11.5936,17,STA,WIFI_DROP,
11.5936,18,STA,WIFI_DROP,
11.596,17,STA,WIFI_DROP,
11.596,18,STA,WIFI_DROP,
11.5984,17,STA,WIFI_DROP,
11.5984,18,STA,WIFI_DROP,
11.6008,17,STA,WIFI_DROP,
11.6008,18,STA,WIFI_DROP,
11.6032,17,STA,WIFI_DROP,
11.6032,18,STA,WIFI_DROP,
11.6056,17,STA,WIFI_DROP,
11.6056,18,STA,WIFI_DROP,
11.608,17,STA,WIFI_DROP,
11.608,18,STA,WIFI_DROP,
11.6104,17,STA,WIFI_DROP,
11.6104,18,STA,WIFI_DROP,
11.6128,17,STA,WIFI_DROP,
11.6128,18,STA,WIFI_DROP,
11.6152,17,STA,WIFI_DROP,
11.6152,18,STA,WIFI_DROP,
11.6176,17,STA,WIFI_DROP,
11.6176,18,STA,WIFI_DROP,
11.62,17,STA,WIFI_DROP,
11.62,18,STA,WIFI_DROP,
11.6224,17,STA,WIFI_DROP,
11.6224,18,STA,WIFI_DROP,
11.6248,17,STA,WIFI_DROP,
11.6248,18,STA,WIFI_DROP,
11.6272,17,STA,WIFI_DROP,
11.6272,18,STA,WIFI_DROP,
11.6296,17,STA,WIFI_DROP,
11.6296,18,STA,WIFI_DROP,
11.632,17,STA,WIFI_DROP,
11.632,18,STA,WIFI_DROP,
11.6344,17,STA,WIFI_DROP,
11.6344,18,STA,WIFI_DROP,
11.6368,17,STA,WIFI_DROP,
11.6368,18,STA,WIFI_DROP,
11.6392,17,STA,WIFI_DROP,
11.6392,18,STA,WIFI_DROP,
11.6416,17,STA,WIFI_DROP,
11.6416,18,STA,WIFI_DROP,
11.644,17,STA,WIFI_DROP,
11.644,18,STA,WIFI_DROP,
11.6464,17,STA,WIFI_DROP,
11.6464,18,STA,WIFI_DROP,
11.6488,17,STA,WIFI_DROP,
11.6488,18,STA,WIFI_DROP,
11.6512,17,STA,WIFI_DROP,
11.6512,18,STA,WIFI_DROP,
11.6536,17,STA,WIFI_DROP,
11.6536,18,STA,WIFI_DROP,
11.656,17,STA,WIFI_DROP,
11.656,18,STA,WIFI_DROP,
11.6584,17,STA,WIFI_DROP,
11.6584,18,STA,WIFI_DROP,
11.6608,17,STA,WIFI_DROP,
11.6608,18,STA,WIFI_DROP,
11.6632,17,STA,WIFI_DROP,
11.6632,18,STA,WIFI_DROP,
11.6656,17,STA,WIFI_DROP,
11.6656,18,STA,WIFI_DROP,
11.668,17,STA,WIFI_DROP,
11.668,18,STA,WIFI_DROP,
11.6704,17,STA,WIFI_DROP,
11.6704,18,STA,WIFI_DROP,
11.6728,17,STA,WIFI_DROP,
11.6728,18,STA,WIFI_DROP,
11.6752,17,STA,WIFI_DROP,
11.6752,18,STA,WIFI_DROP,
11.6776,17,STA,WIFI_DROP,
11.6776,18,STA,WIFI_DROP,
11.68,17,STA,WIFI_DROP,
11.68,18,STA,WIFI_DROP,
11.6824,17,STA,WIFI_DROP,
11.6824,18,STA,WIFI_DROP,
11.6848,17,STA,WIFI_DROP,
11.6848,18,STA,WIFI_DROP,
11.6872,17,STA,WIFI_DROP,
11.6872,18,STA,WIFI_DROP,
11.6896,17,STA,WIFI_DROP,
11.6896,18,STA,WIFI_DROP,
11.692,17,STA,WIFI_DROP,
11.692,18,STA,WIFI_DROP,
11.6944,17,STA,WIFI_DROP,
11.6944,18,STA,WIFI_DROP,
11.6968,17,STA,WIFI_DROP,
11.6968,18,STA,WIFI_DROP,
11.6992,17,STA,WIFI_DROP,
11.6992,18,STA,WIFI_DROP,
11.7016,17,STA,WIFI_DROP,
11.7016,18,STA,WIFI_DROP,
11.704,17,STA,WIFI_DROP,
11.704,18,STA,WIFI_DROP,
11.7064,17,STA,WIFI_DROP,
11.7064,18,STA,WIFI_DROP,
11.7088,18,STA,WIFI_DROP,
11.7112,18,STA,WIFI_DROP,
11.7136,18,STA,WIFI_DROP,
11.716,18,STA,WIFI_DROP,
11.7184,18,STA,WIFI_DROP,
11.7208,18,STA,WIFI_DROP,
11.7232,18,STA,WIFI_DROP,
11.7256,18,STA,WIFI_DROP,
11.728,18,STA,WIFI_DROP,
11.7304,18,STA,WIFI_DROP,
11.7328,18,STA,WIFI_DROP,
11.7352,18,STA,WIFI_DROP,
11.7376,18,STA,WIFI_DROP,
11.74,18,STA,WIFI_DROP,
11.7424,18,STA,WIFI_DROP,
11.7448,18,STA,WIFI_DROP,
11.7472,18,STA,WIFI_DROP,
11.7496,18,STA,WIFI_DROP,
11.752,18,STA,WIFI_DROP,
11.7544,18,STA,WIFI_DROP,
11.7568,18,STA,WIFI_DROP,
11.7592,18,STA,WIFI_DROP,
11.7616,18,STA,WIFI_DROP,
11.764,18,STA,WIFI_DROP,
11.7664,18,STA,WIFI_DROP,
11.7688,18,STA,WIFI_DROP,
11.7712,18,STA,WIFI_DROP,
11.7736,18,STA,WIFI_DROP,
11.776,18,STA,WIFI_DROP,
11.7784,18,STA,WIFI_DROP,
11.7808,18,STA,WIFI_DROP,
11.7832,18,STA,WIFI_DROP,
11.7856,18,STA,WIFI_DROP,
11.788,18,STA,WIFI_DROP,
11.7904,18,STA,WIFI_DROP,
11.7928,18,STA,WIFI_DROP,
11.7952,18,STA,WIFI_DROP,
11.7976,18,STA,WIFI_DROP,
11.8,18,STA,WIFI_DROP,
11.8024,18,STA,WIFI_DROP,
11.8048,18,STA,WIFI_DROP,
11.8072,18,STA,WIFI_DROP,
11.8096,18,STA,WIFI_DROP,
11.812,18,STA,WIFI_DROP,
11.8144,18,STA,WIFI_DROP,
11.8168,18,STA,WIFI_DROP,
11.8192,18,STA,WIFI_DROP,
11.8216,18,STA,WIFI_DROP,
11.824,18,STA,WIFI_DROP,
11.8264,18,STA,WIFI_DROP,
11.8288,18,STA,WIFI_DROP,
11.8312,18,STA,WIFI_DROP,
11.8336,18,STA,WIFI_DROP,
11.836,18,STA,WIFI_DROP,
11.8384,18,STA,WIFI_DROP,
11.8408,18,STA,WIFI_DROP,
11.8432,18,STA,WIFI_DROP,
11.8456,18,STA,WIFI_DROP,
11.848,18,STA,WIFI_DROP,
11.8504,18,STA,WIFI_DROP,
11.8528,18,STA,WIFI_DROP,
11.8552,18,STA,WIFI_DROP,
11.8576,18,STA,WIFI_DROP,
11.86,18,STA,WIFI_DROP,
11.8624,18,STA,WIFI_DROP,
11.8648,18,STA,WIFI_DROP,
11.8648,20,STA,WIFI_DROP,
11.8672,18,STA,WIFI_DROP,
11.8672,20,STA,WIFI_DROP,
11.8696,18,STA,WIFI_DROP,
11.8696,20,STA,WIFI_DROP,
11.872,18,STA,WIFI_DROP,
11.872,20,STA,WIFI_DROP,
11.8744,18,STA,WIFI_DROP,
11.8744,20,STA,WIFI_DROP,
11.8768,18,STA,WIFI_DROP,
11.8768,20,STA,WIFI_DROP,
11.8792,18,STA,WIFI_DROP,
11.8792,20,STA,WIFI_DROP,
11.8816,18,STA,WIFI_DROP,
11.8816,20,STA,WIFI_DROP,
11.884,18,STA,WIFI_DROP,
11.884,20,STA,WIFI_DROP,
11.8864,18,STA,WIFI_DROP,
11.8864,20,STA,WIFI_DROP,
11.8888,18,STA,WIFI_DROP,
11.8888,20,STA,WIFI_DROP,
11.8912,18,STA,WIFI_DROP,
11.8912,20,STA,WIFI_DROP,
11.8936,18,STA,WIFI_DROP,
11.8936,20,STA,WIFI_DROP,
11.896,18,STA,WIFI_DROP,
11.896,20,STA,WIFI_DROP,
11.8984,18,STA,WIFI_DROP,
11.8984,20,STA,WIFI_DROP,
11.9008,18,STA,WIFI_DROP,
11.9008,20,STA,WIFI_DROP,
11.9032,18,STA,WIFI_DROP,
11.9032,20,STA,WIFI_DROP,
11.9056,18,STA,WIFI_DROP,
11.9056,20,STA,WIFI_DROP,
11.908,18,STA,WIFI_DROP,
11.908,20,STA,WIFI_DROP,
11.9104,18,STA,WIFI_DROP,
11.9104,20,STA,WIFI_DROP,
11.9128,18,STA,WIFI_DROP,
11.9128,20,STA,WIFI_DROP,
11.9152,18,STA,WIFI_DROP,
11.9152,20,STA,WIFI_DROP,
11.9176,18,STA,WIFI_DROP,
11.92,18,STA,WIFI_DROP,
11.9224,18,STA,WIFI_DROP,
11.9248,18,STA,WIFI_DROP,
11.9272,18,STA,WIFI_DROP,
11.9296,18,STA,WIFI_DROP,
11.932,18,STA,WIFI_DROP,
11.9344,18,STA,WIFI_DROP,
11.9368,18,STA,WIFI_DROP,
11.9392,18,STA,WIFI_DROP,
11.9416,18,STA,WIFI_DROP,
11.944,18,STA,WIFI_DROP,
11.9464,18,STA,WIFI_DROP,
11.9488,18,STA,WIFI_DROP,
11.9512,18,STA,WIFI_DROP,
11.9536,18,STA,WIFI_DROP,
11.956,18,STA,WIFI_DROP,
11.9584,18,STA,WIFI_DROP,
11.9608,18,STA,WIFI_DROP,
11.9632,18,STA,WIFI_DROP,
11.9656,18,STA,WIFI_DROP,
11.968,18,STA,WIFI_DROP,
11.9704,18,STA,WIFI_DROP,
11.9728,18,STA,WIFI_DROP,
11.9752,18,STA,WIFI_DROP,
11.9776,18,STA,WIFI_DROP,
11.98,18,STA,WIFI_DROP,
11.9824,18,STA,WIFI_DROP,
11.9848,18,STA,WIFI_DROP,
11.9872,18,STA,WIFI_DROP,
11.9896,18,STA,WIFI_DROP,
11.992,18,STA,WIFI_DROP,
11.9944,18,STA,WIFI_DROP,
11.9968,18,STA,WIFI_DROP,
11.9992,18,STA,WIFI_DROP,
12,3,STA,THROUGHPUT_MBPS,2.244000
12,4,STA,THROUGHPUT_MBPS,0.588000
12,5,STA,THROUGHPUT_MBPS,1.872000
12,6,STA,THROUGHPUT_MBPS,2.424000
12,7,STA,THROUGHPUT_MBPS,0.468000
12,8,STA,THROUGHPUT_MBPS,1.452000
12,9,STA,THROUGHPUT_MBPS,1.812000
12,10,STA,THROUGHPUT_MBPS,2.304000
12,12,STA,THROUGHPUT_MBPS,1.296000
12,13,STA,THROUGHPUT_MBPS,3.912000
12,14,STA,THROUGHPUT_MBPS,1.980000
12,15,STA,THROUGHPUT_MBPS,1.884000
12,16,STA,THROUGHPUT_MBPS,3.816000
12,17,STA,THROUGHPUT_MBPS,1.908000
12,19,STA,THROUGHPUT_MBPS,3.336000
12,20,STA,THROUGHPUT_MBPS,0.564000
12,21,STA,THROUGHPUT_MBPS,1.992000
12,1,AP,AGGREGATE_THROUGHPUT_MBPS,33.852000
12,1,AP,SENT_COUNT,8340.000000
12,1,AP,RECV_COUNT,2821.000000
12,1,AP,LATENCY_P95_MS,536.726680
12.0016,18,STA,WIFI_DROP,
12.004,18,STA,WIFI_DROP,
12.0064,18,STA,WIFI_DROP,
12.0088,18,STA,WIFI_DROP,
12.0112,18,STA,WIFI_DROP,
12.0136,18,STA,WIFI_DROP,
12.016,18,STA,WIFI_DROP,
12.0184,18,STA,WIFI_DROP,
12.0208,18,STA,WIFI_DROP,
12.0232,18,STA,WIFI_DROP,
12.0256,18,STA,WIFI_DROP,
12.028,18,STA,WIFI_DROP,
12.0304,18,STA,WIFI_DROP,
12.0328,18,STA,WIFI_DROP,
12.0352,18,STA,WIFI_DROP,
12.0376,18,STA,WIFI_DROP,
12.04,18,STA,WIFI_DROP,
12.0424,18,STA,WIFI_DROP,
12.0448,18,STA,WIFI_DROP,
12.0472,18,STA,WIFI_DROP,
12.0496,18,STA,WIFI_DROP,
12.052,18,STA,WIFI_DROP,
12.0544,18,STA,WIFI_DROP,
12.0568,18,STA,WIFI_DROP,
12.0592,18,STA,WIFI_DROP,
12.0616,18,STA,WIFI_DROP,
12.064,18,STA,WIFI_DROP,
12.0664,18,STA,WIFI_DROP,
12.0688,18,STA,WIFI_DROP,
12.0712,18,STA,WIFI_DROP,
12.0736,18,STA,WIFI_DROP,
12.076,18,STA,WIFI_DROP,
12.0784,18,STA,WIFI_DROP,
12.0808,18,STA,WIFI_DROP,
12.0832,18,STA,WIFI_DROP,
12.0856,18,STA,WIFI_DROP,
12.088,18,STA,WIFI_DROP,
12.0904,18,STA,WIFI_DROP,
12.0928,18,STA,WIFI_DROP,
12.0952,18,STA,WIFI_DROP,
12.0976,18,STA,WIFI_DROP,
12.1,18,STA,WIFI_DROP,
12.1024,18,STA,WIFI_DROP,
12.1048,18,STA,WIFI_DROP,
12.1072,18,STA,WIFI_DROP,
12.1096,18,STA,WIFI_DROP,
12.112,18,STA,WIFI_DROP,
12.1144,18,STA,WIFI_DROP,
12.1168,18,STA,WIFI_DROP,
12.1192,18,STA,WIFI_DROP,
12.1216,8,STA,WIFI_DROP,
12.1216,11,STA,WIFI_DROP,
12.1216,18,STA,WIFI_DROP,
12.124,8,STA,WIFI_DROP,
12.124,11,STA,WIFI_DROP,
12.124,18,STA,WIFI_DROP,
12.1264,8,STA,WIFI_DROP,
12.1264,11,STA,WIFI_DROP,
12.1264,18,STA,WIFI_DROP,
12.1288,8,STA,WIFI_DROP,
12.1288,11,STA,WIFI_DROP,
12.1288,18,STA,WIFI_DROP,
12.1312,8,STA,WIFI_DROP,
12.1312,11,STA,WIFI_DROP,
12.1312,18,STA,WIFI_DROP,
12.1336,8,STA,WIFI_DROP,
12.1336,11,STA,WIFI_DROP,
12.1336,18,STA,WIFI_DROP,
12.136,8,STA,WIFI_DROP,
12.136,11,STA,WIFI_DROP,
12.136,18,STA,WIFI_DROP,
12.1384,8,STA,WIFI_DROP,
12.1384,11,STA,WIFI_DROP,
12.1384,18,STA,WIFI_DROP,
12.1408,8,STA,WIFI_DROP,
12.1408,11,STA,WIFI_DROP,
12.1408,18,STA,WIFI_DROP,
12.1432,8,STA,WIFI_DROP,
12.1432,11,STA,WIFI_DROP,
12.1432,18,STA,WIFI_DROP,
12.1456,8,STA,WIFI_DROP,
12.1456,11,STA,WIFI_DROP,
12.1456,18,STA,WIFI_DROP,
12.148,8,STA,WIFI_DROP,
12.148,11,STA,WIFI_DROP,
12.148,18,STA,WIFI_DROP,
12.1504,8,STA,WIFI_DROP,
12.1504,11,STA,WIFI_DROP,
12.1504,18,STA,WIFI_DROP,
12.1528,8,STA,WIFI_DROP,
12.1528,11,STA,WIFI_DROP,
12.1528,18,STA,WIFI_DROP,
12.1552,8,STA,WIFI_DROP,
12.1552,11,STA,WIFI_DROP,
12.1552,18,STA,WIFI_DROP,
12.1576,8,STA,WIFI_DROP,
12.1576,11,STA,WIFI_DROP,
12.1576,18,STA,WIFI_DROP,
12.16,8,STA,WIFI_DROP,
12.16,11,STA,WIFI_DROP,
12.16,18,STA,WIFI_DROP,
12.1624,8,STA,WIFI_DROP,
12.1624,11,STA,WIFI_DROP,
12.1624,18,STA,WIFI_DROP,
12.1648,8,STA,WIFI_DROP,
12.1648,11,STA,WIFI_DROP,
12.1648,18,STA,WIFI_DROP,
12.1672,8,STA,WIFI_DROP,
12.1672,11,STA,WIFI_DROP,
12.1672,18,STA,WIFI_DROP,
12.1696,8,STA,WIFI_DROP,
12.1696,11,STA,WIFI_DROP,
12.1696,18,STA,WIFI_DROP,
12.172,8,STA,WIFI_DROP,
12.172,11,STA,WIFI_DROP,
12.172,18,STA,WIFI_DROP,
12.1744,8,STA,WIFI_DROP,
12.1744,18,STA,WIFI_DROP,
12.1768,8,STA,WIFI_DROP,
12.1768,18,STA,WIFI_DROP,
12.1792,8,STA,WIFI_DROP,
12.1792,18,STA,WIFI_DROP,
12.1816,8,STA,WIFI_DROP,
12.1816,18,STA,WIFI_DROP,
12.184,8,STA,WIFI_DROP,
12.184,18,STA,WIFI_DROP,
12.1864,8,STA,WIFI_DROP,
12.1864,18,STA,WIFI_DROP,
12.1888,8,STA,WIFI_DROP,
12.1888,18,STA,WIFI_DROP,
12.1912,8,STA,WIFI_DROP,
12.1912,18,STA,WIFI_DROP,
12.1936,8,STA,WIFI_DROP,
12.1936,18,STA,WIFI_DROP,
12.196,8,STA,WIFI_DROP,
12.196,18,STA,WIFI_DROP,
12.1984,8,STA,WIFI_DROP,
12.1984,18,STA,WIFI_DROP,
12.2008,8,STA,WIFI_DROP,
12.2008,18,STA,WIFI_DROP,
12.2032,8,STA,WIFI_DROP,
12.2032,18,STA,WIFI_DROP,
12.2056,8,STA,WIFI_DROP,
12.2056,18,STA,WIFI_DROP,
12.208,8,STA,WIFI_DROP,
12.208,18,STA,WIFI_DROP,
12.2104,8,STA,WIFI_DROP,
12.2104,18,STA,WIFI_DROP,
12.2128,8,STA,WIFI_DROP,
12.2128,18,STA,WIFI_DROP,
12.2152,8,STA,WIFI_DROP,
12.2152,18,STA,WIFI_DROP,
12.2176,8,STA,WIFI_DROP,
12.2176,18,STA,WIFI_DROP,
12.22,8,STA,WIFI_DROP,
12.22,18,STA,WIFI_DROP,
12.2224,8,STA,WIFI_DROP,
12.2224,18,STA,WIFI_DROP,
12.2248,8,STA,WIFI_DROP,
12.2248,18,STA,WIFI_DROP,
12.2272,8,STA,WIFI_DROP,
12.2272,18,STA,WIFI_DROP,
12.2296,8,STA,WIFI_DROP,
12.2296,18,STA,WIFI_DROP,
12.232,8,STA,WIFI_DROP,
12.232,18,STA,WIFI_DROP,
12.2344,8,STA,WIFI_DROP,
12.2344,18,STA,WIFI_DROP,
12.2368,8,STA,WIFI_DROP,
12.2368,18,STA,WIFI_DROP,
12.2392,8,STA,WIFI_DROP,
12.2392,18,STA,WIFI_DROP,
12.2416,8,STA,WIFI_DROP,
12.2416,18,STA,WIFI_DROP,
12.244,8,STA,WIFI_DROP,
12.244,18,STA,WIFI_DROP,
12.2464,8,STA,WIFI_DROP,
12.2464,18,STA,WIFI_DROP,
12.2488,8,STA,WIFI_DROP,
12.2488,18,STA,WIFI_DROP,
12.2512,8,STA,WIFI_DROP,
12.2512,18,STA,WIFI_DROP,
12.2536,8,STA,WIFI_DROP,
12.2536,18,STA,WIFI_DROP,
12.256,8,STA,WIFI_DROP,
12.256,18,STA,WIFI_DROP,
12.2584,8,STA,WIFI_DROP,
12.2584,18,STA,WIFI_DROP,
12.2608,8,STA,WIFI_DROP,
12.2608,18,STA,WIFI_DROP,
12.2632,8,STA,WIFI_DROP,
12.2632,18,STA,WIFI_DROP,
12.2656,8,STA,WIFI_DROP,
12.2656,18,STA,WIFI_DROP,
12.268,8,STA,WIFI_DROP,
12.268,18,STA,WIFI_DROP,
12.2704,8,STA,WIFI_DROP,
12.2704,18,STA,WIFI_DROP,
12.2728,8,STA,WIFI_DROP,
12.2728,18,STA,WIFI_DROP,
12.2752,8,STA,WIFI_DROP,
12.2752,18,STA,WIFI_DROP,
12.2776,8,STA,WIFI_DROP,
12.2776,18,STA,WIFI_DROP,
12.28,8,STA,WIFI_DROP,
12.28,18,STA,WIFI_DROP,
12.2824,8,STA,WIFI_DROP,
12.2824,18,STA,WIFI_DROP,
12.2848,8,STA,WIFI_DROP,
12.2848,18,STA,WIFI_DROP,
12.2872,8,STA,WIFI_DROP,
12.2872,18,STA,WIFI_DROP,
12.2896,8,STA,WIFI_DROP,
12.2896,18,STA,WIFI_DROP,
12.292,8,STA,WIFI_DROP,
12.292,18,STA,WIFI_DROP,
12.2944,8,STA,WIFI_DROP,
12.2944,18,STA,WIFI_DROP,
12.2968,8,STA,WIFI_DROP,
12.2968,18,STA,WIFI_DROP,
12.2992,8,STA,WIFI_DROP,
12.2992,18,STA,WIFI_DROP,
12.3016,8,STA,WIFI_DROP,
12.3016,18,STA,WIFI_DROP,
12.304,8,STA,WIFI_DROP,
12.304,18,STA,WIFI_DROP,
12.3064,8,STA,WIFI_DROP,
12.3064,18,STA,WIFI_DROP,
12.3088,8,STA,WIFI_DROP,
12.3088,18,STA,WIFI_DROP,
12.3112,8,STA,WIFI_DROP,
12.3112,18,STA,WIFI_DROP,
12.3136,8,STA,WIFI_DROP,
12.3136,18,STA,WIFI_DROP,
12.316,8,STA,WIFI_DROP,
12.316,18,STA,WIFI_DROP,
12.3184,8,STA,WIFI_DROP,
12.3184,18,STA,WIFI_DROP,
12.3208,8,STA,WIFI_DROP,
12.3208,18,STA,WIFI_DROP,
12.3232,8,STA,WIFI_DROP,
12.3232,18,STA,WIFI_DROP,
12.3256,8,STA,WIFI_DROP,
12.3256,18,STA,WIFI_DROP,
12.328,8,STA,WIFI_DROP,
12.328,18,STA,WIFI_DROP,
12.3304,8,STA,WIFI_DROP,
12.3304,18,STA,WIFI_DROP,
12.3328,8,STA,WIFI_DROP,
12.3328,18,STA,WIFI_DROP,
12.3352,8,STA,WIFI_DROP,
12.3352,18,STA,WIFI_DROP,
12.3376,8,STA,WIFI_DROP,
12.3376,18,STA,WIFI_DROP,
12.34,8,STA,WIFI_DROP,
12.34,18,STA,WIFI_DROP,
12.3424,8,STA,WIFI_DROP,
12.3424,18,STA,WIFI_DROP,
12.3448,8,STA,WIFI_DROP,
12.3448,18,STA,WIFI_DROP,
12.3472,8,STA,WIFI_DROP,
12.3472,18,STA,WIFI_DROP,
12.3496,8,STA,WIFI_DROP,
12.3496,18,STA,WIFI_DROP,
12.352,8,STA,WIFI_DROP,
12.352,18,STA,WIFI_DROP,
12.3544,8,STA,WIFI_DROP,
12.3544,18,STA,WIFI_DROP,
12.3568,8,STA,WIFI_DROP,
12.3568,18,STA,WIFI_DROP,
12.3592,8,STA,WIFI_DROP,
12.3592,18,STA,WIFI_DROP,
12.3616,8,STA,WIFI_DROP,
12.3616,18,STA,WIFI_DROP,
12.364,8,STA,WIFI_DROP,
12.364,18,STA,WIFI_DROP,
12.3664,8,STA,WIFI_DROP,
12.3664,18,STA,WIFI_DROP,
12.3688,8,STA,WIFI_DROP,
12.3688,18,STA,WIFI_DROP,
12.3712,8,STA,WIFI_DROP,
12.3712,18,STA,WIFI_DROP,
12.3736,8,STA,WIFI_DROP,
12.3736,18,STA,WIFI_DROP,
12.376,8,STA,WIFI_DROP,
12.376,18,STA,WIFI_DROP,
12.3784,8,STA,WIFI_DROP,
12.3784,18,STA,WIFI_DROP,
12.3808,8,STA,WIFI_DROP,
12.3808,18,STA,WIFI_DROP,
12.3832,8,STA,WIFI_DROP,
12.3832,18,STA,WIFI_DROP,
12.3856,8,STA,WIFI_DROP,
12.3856,18,STA,WIFI_DROP,
12.388,8,STA,WIFI_DROP,
12.388,18,STA,WIFI_DROP,
12.3904,8,STA,WIFI_DROP,
12.3904,18,STA,WIFI_DROP,
12.3928,8,STA,WIFI_DROP,
12.3928,18,STA,WIFI_DROP,
12.3952,8,STA,WIFI_DROP,
12.3952,18,STA,WIFI_DROP,
12.3976,8,STA,WIFI_DROP,
12.3976,18,STA,WIFI_DROP,
12.4,8,STA,WIFI_DROP,
12.4,18,STA,WIFI_DROP,
12.4024,8,STA,WIFI_DROP,
12.4024,18,STA,WIFI_DROP,
12.4048,8,STA,WIFI_DROP,
12.4048,18,STA,WIFI_DROP,
12.4072,8,STA,WIFI_DROP,
12.4072,18,STA,WIFI_DROP,
12.4096,8,STA,WIFI_DROP,
12.4096,18,STA,WIFI_DROP,
12.412,8,STA,WIFI_DROP,
12.412,18,STA,WIFI_DROP,
12.4144,8,STA,WIFI_DROP,
12.4144,18,STA,WIFI_DROP,
12.4168,8,STA,WIFI_DROP,
12.4168,18,STA,WIFI_DROP,
12.4192,8,STA,WIFI_DROP,
12.4192,18,STA,WIFI_DROP,
12.4216,8,STA,WIFI_DROP,
12.4216,18,STA,WIFI_DROP,
12.424,8,STA,WIFI_DROP,
12.424,18,STA,WIFI_DROP,
12.4264,8,STA,WIFI_DROP,
12.4264,18,STA,WIFI_DROP,
12.4288,7,STA,WIFI_DROP,
12.4288,8,STA,WIFI_DROP,
12.4288,18,STA,WIFI_DROP,
12.4312,7,STA,WIFI_DROP,
12.4312,8,STA,WIFI_DROP,
12.4312,18,STA,WIFI_DROP,
12.4336,7,STA,WIFI_DROP,
12.4336,8,STA,WIFI_DROP,
12.4336,18,STA,WIFI_DROP,
12.436,7,STA,WIFI_DROP,
12.436,8,STA,WIFI_DROP,
12.436,18,STA,WIFI_DROP,
12.4384,7,STA,WIFI_DROP,
12.4384,8,STA,WIFI_DROP,
12.4384,18,STA,WIFI_DROP,
12.4408,7,STA,WIFI_DROP,
12.4408,8,STA,WIFI_DROP,
12.4408,18,STA,WIFI_DROP,
12.4432,7,STA,WIFI_DROP,
12.4432,8,STA,WIFI_DROP,
12.4432,18,STA,WIFI_DROP,
12.4456,7,STA,WIFI_DROP,
12.4456,8,STA,WIFI_DROP,
12.4456,18,STA,WIFI_DROP,
12.448,7,STA,WIFI_DROP,
12.448,8,STA,WIFI_DROP,
12.448,18,STA,WIFI_DROP,
12.4504,7,STA,WIFI_DROP,
12.4504,8,STA,WIFI_DROP,
12.4504,18,STA,WIFI_DROP,
12.4528,7,STA,WIFI_DROP,
12.4528,8,STA,WIFI_DROP,
12.4528,18,STA,WIFI_DROP,
12.4552,7,STA,WIFI_DROP,
12.4552,8,STA,WIFI_DROP,
12.4552,18,STA,WIFI_DROP,
12.4576,7,STA,WIFI_DROP,
12.4576,8,STA,WIFI_DROP,
12.4576,18,STA,WIFI_DROP,
12.46,7,STA,WIFI_DROP,
12.46,8,STA,WIFI_DROP,
12.4624,7,STA,WIFI_DROP,
12.4624,8,STA,WIFI_DROP,
12.4648,7,STA,WIFI_DROP,
12.4648,8,STA,WIFI_DROP,
12.4672,7,STA,WIFI_DROP,
12.4672,8,STA,WIFI_DROP,
12.4696,7,STA,WIFI_DROP,
12.4696,8,STA,WIFI_DROP,
12.472,7,STA,WIFI_DROP,
12.472,8,STA,WIFI_DROP,
12.4744,7,STA,WIFI_DROP,
12.4744,8,STA,WIFI_DROP,
12.4768,7,STA,WIFI_DROP,
12.4768,8,STA,WIFI_DROP,
12.4768,18,STA,WIFI_DROP,
12.4792,7,STA,WIFI_DROP,
12.4792,8,STA,WIFI_DROP,
12.4792,18,STA,WIFI_DROP,
12.4816,7,STA,WIFI_DROP,
12.4816,8,STA,WIFI_DROP,
12.4816,18,STA,WIFI_DROP,
12.484,7,STA,WIFI_DROP,
12.484,8,STA,WIFI_DROP,
12.484,18,STA,WIFI_DROP,
12.4864,7,STA,WIFI_DROP,
12.4864,8,STA,WIFI_DROP,
12.4864,18,STA,WIFI_DROP,
12.4888,7,STA,WIFI_DROP,
12.4888,8,STA,WIFI_DROP,
12.4888,18,STA,WIFI_DROP,
12.4912,7,STA,WIFI_DROP,
12.4912,8,STA,WIFI_DROP,
12.4912,18,STA,WIFI_DROP,
12.4936,7,STA,WIFI_DROP,
12.4936,8,STA,WIFI_DROP,
12.4936,18,STA,WIFI_DROP,
12.496,7,STA,WIFI_DROP,
12.496,8,STA,WIFI_DROP,
12.496,18,STA,WIFI_DROP,
12.4984,7,STA,WIFI_DROP,
12.4984,8,STA,WIFI_DROP,
12.4984,18,STA,WIFI_DROP,
12.5008,7,STA,WIFI_DROP,
12.5008,8,STA,WIFI_DROP,
12.5008,18,STA,WIFI_DROP,
12.5032,7,STA,WIFI_DROP,
12.5032,8,STA,WIFI_DROP,
12.5032,18,STA,WIFI_DROP,
12.5056,7,STA,WIFI_DROP,
12.5056,8,STA,WIFI_DROP,
12.5056,18,STA,WIFI_DROP,
12.508,7,STA,WIFI_DROP,
12.508,8,STA,WIFI_DROP,
12.508,18,STA,WIFI_DROP,
12.5104,7,STA,WIFI_DROP,
12.5104,8,STA,WIFI_DROP,
12.5104,18,STA,WIFI_DROP,
12.5128,7,STA,WIFI_DROP,
12.5128,8,STA,WIFI_DROP,
12.5128,18,STA,WIFI_DROP,
12.5152,7,STA,WIFI_DROP,
12.5152,8,STA,WIFI_DROP,
12.5152,18,STA,WIFI_DROP,
12.5176,7,STA,WIFI_DROP,
12.5176,8,STA,WIFI_DROP,
12.5176,18,STA,WIFI_DROP,
12.52,7,STA,WIFI_DROP,
12.52,8,STA,WIFI_DROP,
12.52,18,STA,WIFI_DROP,
12.5224,7,STA,WIFI_DROP,
12.5224,8,STA,WIFI_DROP,
12.5224,18,STA,WIFI_DROP,
12.5248,7,STA,WIFI_DROP,
12.5248,8,STA,WIFI_DROP,
12.5248,18,STA,WIFI_DROP,
12.5272,7,STA,WIFI_DROP,
12.5272,8,STA,WIFI_DROP,
12.5272,18,STA,WIFI_DROP,
12.5296,7,STA,WIFI_DROP,
12.5296,8,STA,WIFI_DROP,
12.5296,18,STA,WIFI_DROP,
12.532,7,STA,WIFI_DROP,
12.532,8,STA,WIFI_DROP,
12.532,18,STA,WIFI_DROP,
12.5344,7,STA,WIFI_DROP,
12.5344,8,STA,WIFI_DROP,
12.5344,18,STA,WIFI_DROP,
12.5368,7,STA,WIFI_DROP,
12.5368,8,STA,WIFI_DROP,
12.5368,18,STA,WIFI_DROP,
12.5392,7,STA,WIFI_DROP,
12.5392,8,STA,WIFI_DROP,
12.5392,18,STA,WIFI_DROP,
12.5416,7,STA,WIFI_DROP,
12.5416,8,STA,WIFI_DROP,
12.5416,18,STA,WIFI_DROP,
12.544,7,STA,WIFI_DROP,
12.544,8,STA,WIFI_DROP,
12.544,18,STA,WIFI_DROP,
12.5464,7,STA,WIFI_DROP,
12.5464,8,STA,WIFI_DROP,
12.5464,18,STA,WIFI_DROP,
12.5488,7,STA,WIFI_DROP,
12.5488,8,STA,WIFI_DROP,
12.5488,18,STA,WIFI_DROP,
12.5512,7,STA,WIFI_DROP,
12.5512,8,STA,WIFI_DROP,
12.5512,18,STA,WIFI_DROP,
12.5536,7,STA,WIFI_DROP,
12.5536,8,STA,WIFI_DROP,
12.5536,18,STA,WIFI_DROP,
12.556,7,STA,WIFI_DROP,
12.556,8,STA,WIFI_DROP,
12.556,18,STA,WIFI_DROP,
12.5584,7,STA,WIFI_DROP,
12.5584,8,STA,WIFI_DROP,
12.5584,18,STA,WIFI_DROP,
12.5608,7,STA,WIFI_DROP,
12.5608,8,STA,WIFI_DROP,
12.5608,18,STA,WIFI_DROP,
12.5632,7,STA,WIFI_DROP,
12.5632,8,STA,WIFI_DROP,
12.5632,18,STA,WIFI_DROP,
12.5656,7,STA,WIFI_DROP,
12.5656,8,STA,WIFI_DROP,
12.5656,18,STA,WIFI_DROP,
12.568,7,STA,WIFI_DROP,
12.568,8,STA,WIFI_DROP,
12.568,18,STA,WIFI_DROP,
12.5704,7,STA,WIFI_DROP,
12.5704,8,STA,WIFI_DROP,
12.5704,18,STA,WIFI_DROP,
12.5728,7,STA,WIFI_DROP,
12.5728,8,STA,WIFI_DROP,
12.5728,18,STA,WIFI_DROP,
12.5752,7,STA,WIFI_DROP,
12.5752,8,STA,WIFI_DROP,
12.5752,18,STA,WIFI_DROP,
12.5776,7,STA,WIFI_DROP,
12.5776,8,STA,WIFI_DROP,
12.5776,18,STA,WIFI_DROP,
12.58,7,STA,WIFI_DROP,
12.58,8,STA,WIFI_DROP,
12.58,18,STA,WIFI_DROP,
12.5824,8,STA,WIFI_DROP,
12.5824,18,STA,WIFI_DROP,
12.5848,8,STA,WIFI_DROP,
12.5848,18,STA,WIFI_DROP,
12.5872,8,STA,WIFI_DROP,
12.5872,18,STA,WIFI_DROP,
12.5896,8,STA,WIFI_DROP,
12.5896,18,STA,WIFI_DROP,
12.592,8,STA,WIFI_DROP,
12.592,18,STA,WIFI_DROP,
12.5944,8,STA,WIFI_DROP,
12.5944,18,STA,WIFI_DROP,
12.5968,8,STA,WIFI_DROP,
12.5968,18,STA,WIFI_DROP,
12.5992,8,STA,WIFI_DROP,
12.5992,18,STA,WIFI_DROP,
12.6016,8,STA,WIFI_DROP,
12.6016,18,STA,WIFI_DROP,
12.604,8,STA,WIFI_DROP,
12.604,18,STA,WIFI_DROP,
12.6064,8,STA,WIFI_DROP,
12.6064,18,STA,WIFI_DROP,
12.6088,8,STA,WIFI_DROP,
12.6088,18,STA,WIFI_DROP,
12.6112,8,STA,WIFI_DROP,
12.6112,18,STA,WIFI_DROP,
12.6136,8,STA,WIFI_DROP,
12.6136,18,STA,WIFI_DROP,
12.616,8,STA,WIFI_DROP,
12.616,18,STA,WIFI_DROP,
12.6184,8,STA,WIFI_DROP,
12.6184,18,STA,WIFI_DROP,
12.6208,8,STA,WIFI_DROP,
12.6208,18,STA,WIFI_DROP,
12.6232,8,STA,WIFI_DROP,
12.6232,18,STA,WIFI_DROP,
12.6256,8,STA,WIFI_DROP,
12.6256,18,STA,WIFI_DROP,
12.628,8,STA,WIFI_DROP,
12.628,18,STA,WIFI_DROP,
12.6304,8,STA,WIFI_DROP,
12.6304,18,STA,WIFI_DROP,
12.6328,8,STA,WIFI_DROP,
12.6328,18,STA,WIFI_DROP,
12.6352,8,STA,WIFI_DROP,
12.6352,18,STA,WIFI_DROP,
12.6376,8,STA,WIFI_DROP,
12.6376,18,STA,WIFI_DROP,
12.64,8,STA,WIFI_DROP,
12.64,18,STA,WIFI_DROP,
12.6424,8,STA,WIFI_DROP,
12.6424,18,STA,WIFI_DROP,
12.6448,8,STA,WIFI_DROP,
12.6448,18,STA,WIFI_DROP,
12.6472,8,STA,WIFI_DROP,
12.6472,18,STA,WIFI_DROP,
12.6496,8,STA,WIFI_DROP,
12.6496,18,STA,WIFI_DROP,
12.652,8,STA,WIFI_DROP,
12.652,18,STA,WIFI_DROP,
12.6544,8,STA,WIFI_DROP,
12.6544,18,STA,WIFI_DROP,
12.6568,8,STA,WIFI_DROP,
12.6568,18,STA,WIFI_DROP,
12.6592,8,STA,WIFI_DROP,
12.6592,18,STA,WIFI_DROP,
12.6616,8,STA,WIFI_DROP,
12.6616,18,STA,WIFI_DROP,
12.664,8,STA,WIFI_DROP,
12.664,18,STA,WIFI_DROP,
12.6664,8,STA,WIFI_DROP,
12.6664,18,STA,WIFI_DROP,
12.6688,8,STA,WIFI_DROP,
12.6688,18,STA,WIFI_DROP,
12.6712,8,STA,WIFI_DROP,
12.6712,18,STA,WIFI_DROP,
12.6736,8,STA,WIFI_DROP,
12.6736,18,STA,WIFI_DROP,
12.676,8,STA,WIFI_DROP,
12.676,18,STA,WIFI_DROP,
12.6784,8,STA,WIFI_DROP,
12.6784,18,STA,WIFI_DROP,
12.6808,8,STA,WIFI_DROP,
12.6808,18,STA,WIFI_DROP,
12.6832,8,STA,WIFI_DROP,
12.6832,18,STA,WIFI_DROP,
12.6856,8,STA,WIFI_DROP,
12.6856,18,STA,WIFI_DROP,
12.688,8,STA,WIFI_DROP,
12.688,18,STA,WIFI_DROP,
12.6904,8,STA,WIFI_DROP,
12.6904,18,STA,WIFI_DROP,
12.6928,8,STA,WIFI_DROP,
12.6928,18,STA,WIFI_DROP,
12.6952,8,STA,WIFI_DROP,
12.6952,18,STA,WIFI_DROP,
12.6976,8,STA,WIFI_DROP,
12.6976,18,STA,WIFI_DROP,
12.7,8,STA,WIFI_DROP,
12.7,18,STA,WIFI_DROP,
12.7024,8,STA,WIFI_DROP,
12.7024,18,STA,WIFI_DROP,
12.7048,8,STA,WIFI_DROP,
12.7048,18,STA,WIFI_DROP,
12.7072,8,STA,WIFI_DROP,
12.7072,18,STA,WIFI_DROP,
12.7096,8,STA,WIFI_DROP,
12.7096,18,STA,WIFI_DROP,
12.712,8,STA,WIFI_DROP,
12.712,18,STA,WIFI_DROP,
12.7144,8,STA,WIFI_DROP,
12.7144,18,STA,WIFI_DROP,
12.7168,8,STA,WIFI_DROP,
12.7168,18,STA,WIFI_DROP,
12.7192,8,STA,WIFI_DROP,
12.7192,18,STA,WIFI_DROP,
12.7216,8,STA,WIFI_DROP,
12.7216,18,STA,WIFI_DROP,
12.724,8,STA,WIFI_DROP,
12.724,18,STA,WIFI_DROP,
12.7264,8,STA,WIFI_DROP,
12.7264,18,STA,WIFI_DROP,
12.7288,8,STA,WIFI_DROP,
12.7288,18,STA,WIFI_DROP,
12.7312,8,STA,WIFI_DROP,
12.7312,18,STA,WIFI_DROP,
12.7336,8,STA,WIFI_DROP,
12.7336,18,STA,WIFI_DROP,
12.736,8,STA,WIFI_DROP,
12.736,18,STA,WIFI_DROP,
12.7384,8,STA,WIFI_DROP,
12.7384,18,STA,WIFI_DROP,
12.7408,8,STA,WIFI_DROP,
12.7408,18,STA,WIFI_DROP,
12.7432,8,STA,WIFI_DROP,
12.7432,18,STA,WIFI_DROP,
12.7456,8,STA,WIFI_DROP,
12.7456,18,STA,WIFI_DROP,
12.748,8,STA,WIFI_DROP,
12.748,18,STA,WIFI_DROP,
12.7504,8,STA,WIFI_DROP,
12.7504,18,STA,WIFI_DROP,
12.7528,8,STA,WIFI_DROP,
12.7528,18,STA,WIFI_DROP,
12.7552,8,STA,WIFI_DROP,
12.7552,18,STA,WIFI_DROP,
12.7576,8,STA,WIFI_DROP,
12.7576,18,STA,WIFI_DROP,
12.76,8,STA,WIFI_DROP,
12.76,18,STA,WIFI_DROP,
12.7624,8,STA,WIFI_DROP,
12.7624,18,STA,WIFI_DROP,
12.7648,8,STA,WIFI_DROP,
12.7648,18,STA,WIFI_DROP,
12.7672,8,STA,WIFI_DROP,
12.7672,18,STA,WIFI_DROP,
12.7696,8,STA,WIFI_DROP,
12.7696,18,STA,WIFI_DROP,
12.772,8,STA,WIFI_DROP,
12.772,18,STA,WIFI_DROP,
12.7744,8,STA,WIFI_DROP,
12.7744,18,STA,WIFI_DROP,
12.7768,8,STA,WIFI_DROP,
12.7768,18,STA,WIFI_DROP,
12.7792,8,STA,WIFI_DROP,
12.7792,18,STA,WIFI_DROP,
12.7816,8,STA,WIFI_DROP,
12.7816,18,STA,WIFI_DROP,
12.784,8,STA,WIFI_DROP,
12.784,18,STA,WIFI_DROP,
12.7864,8,STA,WIFI_DROP,
12.7864,18,STA,WIFI_DROP,
12.7888,8,STA,WIFI_DROP,
12.7888,18,STA,WIFI_DROP,
12.7912,8,STA,WIFI_DROP,
12.7912,18,STA,WIFI_DROP,
12.7936,8,STA,WIFI_DROP,
12.7936,18,STA,WIFI_DROP,
12.796,8,STA,WIFI_DROP,
12.796,18,STA,WIFI_DROP,
12.7984,8,STA,WIFI_DROP,
12.7984,18,STA,WIFI_DROP,
12.8008,8,STA,WIFI_DROP,
12.8008,18,STA,WIFI_DROP,
12.8032,8,STA,WIFI_DROP,
12.8032,18,STA,WIFI_DROP,
12.8056,8,STA,WIFI_DROP,
12.8056,18,STA,WIFI_DROP,
12.808,8,STA,WIFI_DROP,
12.808,18,STA,WIFI_DROP,
12.8104,8,STA,WIFI_DROP,
12.8104,18,STA,WIFI_DROP,
12.8128,8,STA,WIFI_DROP,
12.8128,18,STA,WIFI_DROP,
12.8152,8,STA,WIFI_DROP,
12.8152,18,STA,WIFI_DROP,
12.8176,8,STA,WIFI_DROP,
12.8176,18,STA,WIFI_DROP,
12.82,8,STA,WIFI_DROP,
12.82,18,STA,WIFI_DROP,
12.8224,8,STA,WIFI_DROP,
12.8224,18,STA,WIFI_DROP,
12.8248,8,STA,WIFI_DROP,
12.8248,18,STA,WIFI_DROP,
12.8272,8,STA,WIFI_DROP,
12.8272,18,STA,WIFI_DROP,
12.8296,8,STA,WIFI_DROP,
12.8296,18,STA,WIFI_DROP,
12.832,8,STA,WIFI_DROP,
12.832,18,STA,WIFI_DROP,
12.8344,8,STA,WIFI_DROP,
12.8344,18,STA,WIFI_DROP,
12.8368,8,STA,WIFI_DROP,
12.8368,18,STA,WIFI_DROP,
12.8392,8,STA,WIFI_DROP,
12.8392,16,STA,WIFI_DROP,
12.8392,18,STA,WIFI_DROP,
12.8416,8,STA,WIFI_DROP,
12.8416,16,STA,WIFI_DROP,
12.8416,18,STA,WIFI_DROP,
12.844,8,STA,WIFI_DROP,
12.844,16,STA,WIFI_DROP,
12.844,18,STA,WIFI_DROP,
12.8464,8,STA,WIFI_DROP,
12.8464,16,STA,WIFI_DROP,
12.8464,18,STA,WIFI_DROP,
12.8488,8,STA,WIFI_DROP,
12.8488,16,STA,WIFI_DROP,
12.8488,18,STA,WIFI_DROP,
12.8512,8,STA,WIFI_DROP,
12.8512,16,STA,WIFI_DROP,
12.8512,18,STA,WIFI_DROP,
12.8536,8,STA,WIFI_DROP,
12.8536,16,STA,WIFI_DROP,
12.8536,18,STA,WIFI_DROP,
12.856,8,STA,WIFI_DROP,
12.856,16,STA,WIFI_DROP,
12.856,18,STA,WIFI_DROP,
12.8584,8,STA,WIFI_DROP,
12.8584,16,STA,WIFI_DROP,
12.8584,18,STA,WIFI_DROP,
12.8608,8,STA,WIFI_DROP,
12.8608,16,STA,WIFI_DROP,
12.8608,18,STA,WIFI_DROP,
12.8632,8,STA,WIFI_DROP,
12.8632,16,STA,WIFI_DROP,
12.8632,18,STA,WIFI_DROP,
12.8656,8,STA,WIFI_DROP,
12.8656,16,STA,WIFI_DROP,
12.8656,18,STA,WIFI_DROP,
12.868,8,STA,WIFI_DROP,
12.868,16,STA,WIFI_DROP,
12.868,18,STA,WIFI_DROP,
12.8704,8,STA,WIFI_DROP,
12.8704,16,STA,WIFI_DROP,
12.8704,18,STA,WIFI_DROP,
12.8728,8,STA,WIFI_DROP,
12.8728,16,STA,WIFI_DROP,
12.8728,18,STA,WIFI_DROP,
12.8752,8,STA,WIFI_DROP,
12.8752,16,STA,WIFI_DROP,
12.8752,18,STA,WIFI_DROP,
12.8776,8,STA,WIFI_DROP,
12.8776,16,STA,WIFI_DROP,
12.8776,18,STA,WIFI_DROP,
12.88,8,STA,WIFI_DROP,
12.88,16,STA,WIFI_DROP,
12.88,18,STA,WIFI_DROP,
12.8824,8,STA,WIFI_DROP,
12.8824,16,STA,WIFI_DROP,
12.8824,18,STA,WIFI_DROP,
12.8848,8,STA,WIFI_DROP,
12.8848,16,STA,WIFI_DROP,
12.8848,18,STA,WIFI_DROP,
12.8872,8,STA,WIFI_DROP,
12.8872,16,STA,WIFI_DROP,
12.8872,18,STA,WIFI_DROP,
12.8896,8,STA,WIFI_DROP,
12.8896,16,STA,WIFI_DROP,
12.8896,18,STA,WIFI_DROP,
12.892,8,STA,WIFI_DROP,
12.892,16,STA,WIFI_DROP,
12.892,18,STA,WIFI_DROP,
12.8944,8,STA,WIFI_DROP,
12.8944,16,STA,WIFI_DROP,
12.8944,18,STA,WIFI_DROP,
12.8968,8,STA,WIFI_DROP,
12.8968,16,STA,WIFI_DROP,
12.8968,18,STA,WIFI_DROP,
12.8992,8,STA,WIFI_DROP,
12.8992,16,STA,WIFI_DROP,
12.8992,18,STA,WIFI_DROP,
12.9016,8,STA,WIFI_DROP,
12.9016,16,STA,WIFI_DROP,
12.9016,18,STA,WIFI_DROP,
12.904,8,STA,WIFI_DROP,
12.904,16,STA,WIFI_DROP,
12.904,18,STA,WIFI_DROP,
12.9064,8,STA,WIFI_DROP,
12.9064,16,STA,WIFI_DROP,
12.9064,18,STA,WIFI_DROP,
12.9088,8,STA,WIFI_DROP,
12.9088,16,STA,WIFI_DROP,
12.9088,18,STA,WIFI_DROP,
12.9112,8,STA,WIFI_DROP,
12.9112,16,STA,WIFI_DROP,
12.9112,18,STA,WIFI_DROP,
12.9136,8,STA,WIFI_DROP,
12.9136,16,STA,WIFI_DROP,
12.9136,18,STA,WIFI_DROP,
12.916,8,STA,WIFI_DROP,
12.916,16,STA,WIFI_DROP,
12.916,18,STA,WIFI_DROP,
12.9184,8,STA,WIFI_DROP,
12.9184,16,STA,WIFI_DROP,
12.9184,18,STA,WIFI_DROP,
12.9208,8,STA,WIFI_DROP,
12.9208,16,STA,WIFI_DROP,
12.9208,18,STA,WIFI_DROP,
12.9232,8,STA,WIFI_DROP,
12.9232,16,STA,WIFI_DROP,
12.9232,18,STA,WIFI_DROP,
12.9256,8,STA,WIFI_DROP,
12.9256,16,STA,WIFI_DROP,
12.9256,18,STA,WIFI_DROP,
12.928,8,STA,WIFI_DROP,
12.928,16,STA,WIFI_DROP,
12.928,18,STA,WIFI_DROP,
12.9304,8,STA,WIFI_DROP,
12.9304,16,STA,WIFI_DROP,
12.9304,18,STA,WIFI_DROP,
12.9328,8,STA,WIFI_DROP,
12.9328,16,STA,WIFI_DROP,
12.9328,18,STA,WIFI_DROP,
12.9352,8,STA,WIFI_DROP,
12.9352,16,STA,WIFI_DROP,
12.9352,18,STA,WIFI_DROP,
12.9376,8,STA,WIFI_DROP,
12.9376,16,STA,WIFI_DROP,
12.9376,18,STA,WIFI_DROP,
12.94,8,STA,WIFI_DROP,
12.94,16,STA,WIFI_DROP,
12.94,18,STA,WIFI_DROP,
12.94,20,STA,WIFI_DROP,
12.9424,8,STA,WIFI_DROP,
12.9424,16,STA,WIFI_DROP,
12.9424,18,STA,WIFI_DROP,
12.9424,20,STA,WIFI_DROP,
12.9448,8,STA,WIFI_DROP,
12.9448,16,STA,WIFI_DROP,
12.9448,18,STA,WIFI_DROP,
12.9448,20,STA,WIFI_DROP,
12.9472,8,STA,WIFI_DROP,
12.9472,16,STA,WIFI_DROP,
12.9472,18,STA,WIFI_DROP,
12.9472,20,STA,WIFI_DROP,
12.9496,8,STA,WIFI_DROP,
12.9496,16,STA,WIFI_DROP,
12.9496,18,STA,WIFI_DROP,
12.9496,20,STA,WIFI_DROP,
12.952,8,STA,WIFI_DROP,
12.952,16,STA,WIFI_DROP,
12.952,18,STA,WIFI_DROP,
12.952,20,STA,WIFI_DROP,
12.9544,8,STA,WIFI_DROP,
12.9544,16,STA,WIFI_DROP,
12.9544,18,STA,WIFI_DROP,
12.9544,20,STA,WIFI_DROP,
12.9568,8,STA,WIFI_DROP,
12.9568,16,STA,WIFI_DROP,
12.9568,18,STA,WIFI_DROP,
12.9568,20,STA,WIFI_DROP,
12.9592,8,STA,WIFI_DROP,
12.9592,16,STA,WIFI_DROP,
12.9592,18,STA,WIFI_DROP,
12.9592,20,STA,WIFI_DROP,
12.9616,8,STA,WIFI_DROP,
12.9616,16,STA,WIFI_DROP,
12.9616,18,STA,WIFI_DROP,
12.9616,20,STA,WIFI_DROP,
12.964,8,STA,WIFI_DROP,
12.964,16,STA,WIFI_DROP,
12.964,18,STA,WIFI_DROP,
12.964,20,STA,WIFI_DROP,
12.9664,8,STA,WIFI_DROP,
12.9664,16,STA,WIFI_DROP,
12.9664,18,STA,WIFI_DROP,
12.9664,20,STA,WIFI_DROP,
12.9688,8,STA,WIFI_DROP,
12.9688,16,STA,WIFI_DROP,
12.9688,18,STA,WIFI_DROP,
12.9688,20,STA,WIFI_DROP,
12.9712,8,STA,WIFI_DROP,
12.9712,16,STA,WIFI_DROP,
12.9712,18,STA,WIFI_DROP,
12.9712,20,STA,WIFI_DROP,
12.9736,8,STA,WIFI_DROP,
12.9736,16,STA,WIFI_DROP,
12.9736,18,STA,WIFI_DROP,
12.9736,20,STA,WIFI_DROP,
12.976,8,STA,WIFI_DROP,
12.976,16,STA,WIFI_DROP,
12.976,18,STA,WIFI_DROP,
12.976,20,STA,WIFI_DROP,
12.9784,8,STA,WIFI_DROP,
12.9784,16,STA,WIFI_DROP,
12.9784,18,STA,WIFI_DROP,
12.9784,20,STA,WIFI_DROP,
12.9808,8,STA,WIFI_DROP,
12.9808,16,STA,WIFI_DROP,
12.9808,18,STA,WIFI_DROP,
12.9808,20,STA,WIFI_DROP,
12.9832,8,STA,WIFI_DROP,
12.9832,16,STA,WIFI_DROP,
12.9832,18,STA,WIFI_DROP,
12.9832,20,STA,WIFI_DROP,
12.9856,8,STA,WIFI_DROP,
12.9856,16,STA,WIFI_DROP,
12.9856,18,STA,WIFI_DROP,
12.9856,20,STA,WIFI_DROP,
12.988,8,STA,WIFI_DROP,
12.988,16,STA,WIFI_DROP,
12.988,18,STA,WIFI_DROP,
12.988,20,STA,WIFI_DROP,
12.9904,8,STA,WIFI_DROP,
12.9904,18,STA,WIFI_DROP,
12.9904,20,STA,WIFI_DROP,
12.9928,8,STA,WIFI_DROP,
12.9928,18,STA,WIFI_DROP,
12.9928,20,STA,WIFI_DROP,
12.9952,8,STA,WIFI_DROP,
12.9952,18,STA,WIFI_DROP,
12.9952,20,STA,WIFI_DROP,
12.9976,8,STA,WIFI_DROP,
12.9976,18,STA,WIFI_DROP,
12.9976,20,STA,WIFI_DROP,
13,3,STA,THROUGHPUT_MBPS,4.656000
13,4,STA,THROUGHPUT_MBPS,1.116000
13,5,STA,THROUGHPUT_MBPS,1.272000
13,6,STA,THROUGHPUT_MBPS,1.992000
13,8,STA,THROUGHPUT_MBPS,0.852000
13,9,STA,THROUGHPUT_MBPS,1.908000
13,10,STA,THROUGHPUT_MBPS,1.920000
13,11,STA,THROUGHPUT_MBPS,0.564000
13,12,STA,THROUGHPUT_MBPS,0.684000
13,13,STA,THROUGHPUT_MBPS,2.640000
13,14,STA,THROUGHPUT_MBPS,1.848000
13,15,STA,THROUGHPUT_MBPS,1.152000
13,16,STA,THROUGHPUT_MBPS,2.928000
13,17,STA,THROUGHPUT_MBPS,2.760000
13,18,STA,THROUGHPUT_MBPS,0.156000
13,19,STA,THROUGHPUT_MBPS,2.916000
13,21,STA,THROUGHPUT_MBPS,0.708000
13,1,AP,AGGREGATE_THROUGHPUT_MBPS,30.072000
13,1,AP,SENT_COUNT,8320.000000
13,1,AP,RECV_COUNT,2506.000000
13,1,AP,LATENCY_P95_MS,534.147265
13,8,STA,WIFI_DROP,
13,18,STA,WIFI_DROP,
13,20,STA,WIFI_DROP,
13.0024,8,STA,WIFI_DROP,
13.0024,18,STA,WIFI_DROP,
13.0024,20,STA,WIFI_DROP,
13.0048,8,STA,WIFI_DROP,
13.0048,18,STA,WIFI_DROP,
13.0048,20,STA,WIFI_DROP,
13.0072,8,STA,WIFI_DROP,
13.0072,18,STA,WIFI_DROP,
13.0072,20,STA,WIFI_DROP,
13.0096,8,STA,WIFI_DROP,
13.0096,18,STA,WIFI_DROP,
13.0096,20,STA,WIFI_DROP,
13.012,8,STA,WIFI_DROP,
13.012,18,STA,WIFI_DROP,
13.012,20,STA,WIFI_DROP,
13.0144,8,STA,WIFI_DROP,
13.0144,18,STA,WIFI_DROP,
13.0144,20,STA,WIFI_DROP,
13.0168,8,STA,WIFI_DROP,
13.0168,18,STA,WIFI_DROP,
13.0168,20,STA,WIFI_DROP,
13.0192,8,STA,WIFI_DROP,
13.0192,18,STA,WIFI_DROP,
13.0192,20,STA,WIFI_DROP,
13.0216,8,STA,WIFI_DROP,
13.0216,18,STA,WIFI_DROP,
13.0216,20,STA,WIFI_DROP,
13.024,8,STA,WIFI_DROP,
13.024,18,STA,WIFI_DROP,
13.024,20,STA,WIFI_DROP,
13.0264,8,STA,WIFI_DROP,
13.0264,18,STA,WIFI_DROP,
13.0264,20,STA,WIFI_DROP,
13.0288,8,STA,WIFI_DROP,
13.0288,18,STA,WIFI_DROP,
13.0288,20,STA,WIFI_DROP,
13.0312,8,STA,WIFI_DROP,
13.0312,18,STA,WIFI_DROP,
13.0312,20,STA,WIFI_DROP,
13.0336,8,STA,WIFI_DROP,
13.0336,18,STA,WIFI_DROP,
13.0336,20,STA,WIFI_DROP,
13.036,8,STA,WIFI_DROP,
13.036,18,STA,WIFI_DROP,
13.036,20,STA,WIFI_DROP,
13.0384,8,STA,WIFI_DROP,
13.0384,18,STA,WIFI_DROP,
13.0384,20,STA,WIFI_DROP,
13.0408,8,STA,WIFI_DROP,
13.0408,18,STA,WIFI_DROP,
13.0432,8,STA,WIFI_DROP,
13.0432,18,STA,WIFI_DROP,
13.0456,8,STA,WIFI_DROP,
13.0456,18,STA,WIFI_DROP,
13.048,8,STA,WIFI_DROP,
13.048,18,STA,WIFI_DROP,
13.0504,8,STA,WIFI_DROP,
13.0504,18,STA,WIFI_DROP,
13.0528,8,STA,WIFI_DROP,
13.0528,18,STA,WIFI_DROP,
13.0552,8,STA,WIFI_DROP,
13.0552,18,STA,WIFI_DROP,
13.0576,8,STA,WIFI_DROP,
13.0576,18,STA,WIFI_DROP,
13.06,8,STA,WIFI_DROP,
13.06,18,STA,WIFI_DROP,
13.0624,8,STA,WIFI_DROP,
13.0624,18,STA,WIFI_DROP,
13.0648,8,STA,WIFI_DROP,
13.0648,18,STA,WIFI_DROP,
13.0672,8,STA,WIFI_DROP,
13.0672,18,STA,WIFI_DROP,
13.0696,8,STA,WIFI_DROP,
13.0696,18,STA,WIFI_DROP,
13.072,8,STA,WIFI_DROP,
13.072,18,STA,WIFI_DROP,
13.0744,8,STA,WIFI_DROP,
13.0744,18,STA,WIFI_DROP,
13.0768,8,STA,WIFI_DROP,
13.0768,18,STA,WIFI_DROP,
13.0792,8,STA,WIFI_DROP,
13.0816,8,STA,WIFI_DROP,
13.084,8,STA,WIFI_DROP,
13.0864,8,STA,WIFI_DROP,
13.0888,8,STA,WIFI_DROP,
13.0912,8,STA,WIFI_DROP,
13.0936,8,STA,WIFI_DROP,
13.096,8,STA,WIFI_DROP,
13.0984,8,STA,WIFI_DROP,
13.1008,8,STA,WIFI_DROP,
13.1032,8,STA,WIFI_DROP,
13.1056,8,STA,WIFI_DROP,
13.108,8,STA,WIFI_DROP,
13.1104,8,STA,WIFI_DROP,
13.1128,8,STA,WIFI_DROP,
13.1152,8,STA,WIFI_DROP,
13.1176,8,STA,WIFI_DROP,
13.12,8,STA,WIFI_DROP,
13.1224,8,STA,WIFI_DROP,
13.1248,8,STA,WIFI_DROP,
13.1272,8,STA,WIFI_DROP,
13.1296,8,STA,WIFI_DROP,
13.132,8,STA,WIFI_DROP,
13.1344,8,STA,WIFI_DROP,
13.1368,8,STA,WIFI_DROP,
13.1392,8,STA,WIFI_DROP,
13.1416,8,STA,WIFI_DROP,
13.144,8,STA,WIFI_DROP,
13.1464,2,STA,WIFI_DROP,
13.1464,5,STA,WIFI_DROP,
13.1464,8,STA,WIFI_DROP,
13.1488,2,STA,WIFI_DROP,
13.1488,5,STA,WIFI_DROP,
13.1488,8,STA,WIFI_DROP,
13.1512,2,STA,WIFI_DROP,
13.1512,5,STA,WIFI_DROP,
13.1512,8,STA,WIFI_DROP,
13.1536,2,STA,WIFI_DROP,
13.1536,5,STA,WIFI_DROP,
13.1536,8,STA,WIFI_DROP,
13.156,2,STA,WIFI_DROP,
13.156,5,STA,WIFI_DROP,
13.156,8,STA,WIFI_DROP,
13.1584,2,STA,WIFI_DROP,
13.1584,5,STA,WIFI_DROP,
13.1584,8,STA,WIFI_DROP,
13.1608,2,STA,WIFI_DROP,
13.1608,5,STA,WIFI_DROP,
13.1608,8,STA,WIFI_DROP,
13.1632,2,STA,WIFI_DROP,
13.1632,5,STA,WIFI_DROP,
13.1632,8,STA,WIFI_DROP,
13.1656,2,STA,WIFI_DROP,
13.1656,5,STA,WIFI_DROP,
13.1656,8,STA,WIFI_DROP,
13.168,2,STA,WIFI_DROP,
13.168,5,STA,WIFI_DROP,
13.168,8,STA,WIFI_DROP,
13.1704,2,STA,WIFI_DROP,
13.1704,5,STA,WIFI_DROP,
13.1704,8,STA,WIFI_DROP,
13.1728,2,STA,WIFI_DROP,
13.1728,5,STA,WIFI_DROP,
13.1728,8,STA,WIFI_DROP,
13.1752,2,STA,WIFI_DROP,
13.1752,5,STA,WIFI_DROP,
13.1752,8,STA,WIFI_DROP,
13.1776,2,STA,WIFI_DROP,
13.1776,5,STA,WIFI_DROP,
13.1776,8,STA,WIFI_DROP,
13.18,2,STA,WIFI_DROP,
13.18,5,STA,WIFI_DROP,
13.18,8,STA,WIFI_DROP,
13.1824,2,STA,WIFI_DROP,
13.1824,5,STA,WIFI_DROP,
13.1824,8,STA,WIFI_DROP,
13.1848,2,STA,WIFI_DROP,
13.1848,5,STA,WIFI_DROP,
13.1848,8,STA,WIFI_DROP,
13.1872,2,STA,WIFI_DROP,
13.1872,5,STA,WIFI_DROP,
13.1872,8,STA,WIFI_DROP,
13.1896,2,STA,WIFI_DROP,
13.1896,5,STA,WIFI_DROP,
13.1896,8,STA,WIFI_DROP,
13.192,2,STA,WIFI_DROP,
13.192,5,STA,WIFI_DROP,
13.192,8,STA,WIFI_DROP,
13.1944,2,STA,WIFI_DROP,
13.1944,5,STA,WIFI_DROP,
13.1944,8,STA,WIFI_DROP,
13.1968,2,STA,WIFI_DROP,
13.1968,5,STA,WIFI_DROP,
13.1968,8,STA,WIFI_DROP,
13.1992,2,STA,WIFI_DROP,
13.1992,5,STA,WIFI_DROP,
13.1992,8,STA,WIFI_DROP,
13.2016,2,STA,WIFI_DROP,
13.2016,5,STA,WIFI_DROP,
13.2016,8,STA,WIFI_DROP,
13.204,2,STA,WIFI_DROP,
13.204,5,STA,WIFI_DROP,
13.204,8,STA,WIFI_DROP,
13.2064,2,STA,WIFI_DROP,
13.2064,5,STA,WIFI_DROP,
13.2064,8,STA,WIFI_DROP,
13.2088,2,STA,WIFI_DROP,
13.2088,5,STA,WIFI_DROP,
13.2088,8,STA,WIFI_DROP,
13.2112,2,STA,WIFI_DROP,
13.2112,5,STA,WIFI_DROP,
13.2112,8,STA,WIFI_DROP,
13.2136,2,STA,WIFI_DROP,
13.2136,5,STA,WIFI_DROP,
13.2136,8,STA,WIFI_DROP,
13.216,2,STA,WIFI_DROP,
13.216,5,STA,WIFI_DROP,
13.216,8,STA,WIFI_DROP,
13.2184,2,STA,WIFI_DROP,
13.2184,5,STA,WIFI_DROP,
13.2184,8,STA,WIFI_DROP,
13.2208,2,STA,WIFI_DROP,
13.2208,5,STA,WIFI_DROP,
13.2208,8,STA,WIFI_DROP,
13.2232,2,STA,WIFI_DROP,
13.2232,5,STA,WIFI_DROP,
13.2232,8,STA,WIFI_DROP,
13.2256,2,STA,WIFI_DROP,
13.2256,5,STA,WIFI_DROP,
13.2256,8,STA,WIFI_DROP,
13.228,2,STA,WIFI_DROP,
13.228,5,STA,WIFI_DROP,
13.228,8,STA,WIFI_DROP,
13.2304,2,STA,WIFI_DROP,
13.2304,5,STA,WIFI_DROP,
13.2304,8,STA,WIFI_DROP,
13.2328,2,STA,WIFI_DROP,
13.2328,5,STA,WIFI_DROP,
13.2328,8,STA,WIFI_DROP,
13.2352,2,STA,WIFI_DROP,
13.2352,5,STA,WIFI_DROP,
13.2352,8,STA,WIFI_DROP,
13.2376,2,STA,WIFI_DROP,
13.2376,5,STA,WIFI_DROP,
13.2376,8,STA,WIFI_DROP,
13.24,2,STA,WIFI_DROP,
13.24,5,STA,WIFI_DROP,
13.24,8,STA,WIFI_DROP,
13.2424,2,STA,WIFI_DROP,
13.2424,5,STA,WIFI_DROP,
13.2424,8,STA,WIFI_DROP,
13.2448,2,STA,WIFI_DROP,
13.2448,5,STA,WIFI_DROP,
13.2448,8,STA,WIFI_DROP,
13.2472,2,STA,WIFI_DROP,
13.2472,5,STA,WIFI_DROP,
13.2472,8,STA,WIFI_DROP,
13.2496,2,STA,WIFI_DROP,
13.2496,5,STA,WIFI_DROP,
13.2496,8,STA,WIFI_DROP,
13.2496,21,STA,WIFI_DROP,
13.252,2,STA,WIFI_DROP,
13.252,5,STA,WIFI_DROP,
13.252,8,STA,WIFI_DROP,
13.252,21,STA,WIFI_DROP,
13.2544,2,STA,WIFI_DROP,
13.2544,5,STA,WIFI_DROP,
13.2544,8,STA,WIFI_DROP,
13.2544,21,STA,WIFI_DROP,
13.2568,2,STA,WIFI_DROP,
13.2568,5,STA,WIFI_DROP,
13.2568,8,STA,WIFI_DROP,
13.2568,21,STA,WIFI_DROP,
13.2592,2,STA,WIFI_DROP,
13.2592,5,STA,WIFI_DROP,
13.2592,8,STA,WIFI_DROP,
13.2592,21,STA,WIFI_DROP,
13.2616,2,STA,WIFI_DROP,
13.2616,5,STA,WIFI_DROP,
13.2616,8,STA,WIFI_DROP,
13.2616,21,STA,WIFI_DROP,
13.264,2,STA,WIFI_DROP,
13.264,5,STA,WIFI_DROP,
13.264,8,STA,WIFI_DROP,
13.264,21,STA,WIFI_DROP,
13.2664,2,STA,WIFI_DROP,
13.2664,5,STA,WIFI_DROP,
13.2664,8,STA,WIFI_DROP,
13.2664,21,STA,WIFI_DROP,
13.2688,2,STA,WIFI_DROP,
13.2688,5,STA,WIFI_DROP,
13.2688,8,STA,WIFI_DROP,
13.2688,21,STA,WIFI_DROP,
13.2712,2,STA,WIFI_DROP,
13.2712,5,STA,WIFI_DROP,
13.2712,8,STA,WIFI_DROP,
13.2712,21,STA,WIFI_DROP,
13.2736,2,STA,WIFI_DROP,
13.2736,5,STA,WIFI_DROP,
13.2736,8,STA,WIFI_DROP,
13.2736,21,STA,WIFI_DROP,
13.276,2,STA,WIFI_DROP,
13.276,5,STA,WIFI_DROP,
13.276,8,STA,WIFI_DROP,
13.276,21,STA,WIFI_DROP,
13.2784,2,STA,WIFI_DROP,
13.2784,5,STA,WIFI_DROP,
13.2784,8,STA,WIFI_DROP,
13.2784,21,STA,WIFI_DROP,
13.2808,2,STA,WIFI_DROP,
13.2808,5,STA,WIFI_DROP,
13.2808,8,STA,WIFI_DROP,
13.2808,21,STA,WIFI_DROP,
13.2832,2,STA,WIFI_DROP,
13.2832,5,STA,WIFI_DROP,
13.2832,8,STA,WIFI_DROP,
13.2832,21,STA,WIFI_DROP,
13.2856,2,STA,WIFI_DROP,
13.2856,5,STA,WIFI_DROP,
13.2856,8,STA,WIFI_DROP,
13.2856,21,STA,WIFI_DROP,
13.288,2,STA,WIFI_DROP,
13.288,5,STA,WIFI_DROP,
13.288,8,STA,WIFI_DROP,
13.288,21,STA,WIFI_DROP,
13.2904,2,STA,WIFI_DROP,
13.2904,5,STA,WIFI_DROP,
13.2904,8,STA,WIFI_DROP,
13.2904,21,STA,WIFI_DROP,
13.2928,2,STA,WIFI_DROP,
13.2928,5,STA,WIFI_DROP,
13.2928,8,STA,WIFI_DROP,
13.2928,21,STA,WIFI_DROP,
13.2952,2,STA,WIFI_DROP,
13.2952,5,STA,WIFI_DROP,
13.2952,8,STA,WIFI_DROP,
13.2952,21,STA,WIFI_DROP,
13.2976,2,STA,WIFI_DROP,
13.2976,5,STA,WIFI_DROP,
13.2976,8,STA,WIFI_DROP,
13.2976,21,STA,WIFI_DROP,
13.3,2,STA,WIFI_DROP,
13.3,8,STA,WIFI_DROP,
13.3,21,STA,WIFI_DROP,
13.3024,2,STA,WIFI_DROP,
13.3024,8,STA,WIFI_DROP,
13.3048,2,STA,WIFI_DROP,
13.3048,8,STA,WIFI_DROP,
13.3072,2,STA,WIFI_DROP,
13.3072,8,STA,WIFI_DROP,
13.3096,2,STA,WIFI_DROP,
13.3096,8,STA,WIFI_DROP,
13.312,2,STA,WIFI_DROP,
13.312,8,STA,WIFI_DROP,
13.3144,2,STA,WIFI_DROP,
13.3144,8,STA,WIFI_DROP,
13.3168,2,STA,WIFI_DROP,
13.3168,8,STA,WIFI_DROP,
13.3192,2,STA,WIFI_DROP,
13.3192,8,STA,WIFI_DROP,
13.3216,2,STA,WIFI_DROP,
13.3216,8,STA,WIFI_DROP,
13.324,2,STA,WIFI_DROP,
13.324,8,STA,WIFI_DROP,
13.3264,2,STA,WIFI_DROP,
13.3288,2,STA,WIFI_DROP,
13.3312,2,STA,WIFI_DROP,
13.3336,2,STA,WIFI_DROP,
13.336,2,STA,WIFI_DROP,
13.3384,2,STA,WIFI_DROP,
13.3408,2,STA,WIFI_DROP,
13.3432,2,STA,WIFI_DROP,
13.3456,2,STA,WIFI_DROP,
13.3456,8,STA,WIFI_DROP,
13.348,2,STA,WIFI_DROP,
13.348,8,STA,WIFI_DROP,
13.3504,2,STA,WIFI_DROP,
13.3504,8,STA,WIFI_DROP,
13.3528,2,STA,WIFI_DROP,
13.3528,8,STA,WIFI_DROP,
13.3552,2,STA,WIFI_DROP,
13.3552,8,STA,WIFI_DROP,
13.3576,2,STA,WIFI_DROP,
13.3576,8,STA,WIFI_DROP,
13.36,2,STA,WIFI_DROP,
13.36,8,STA,WIFI_DROP,
13.3624,2,STA,WIFI_DROP,
13.3624,8,STA,WIFI_DROP,
13.3648,2,STA,WIFI_DROP,
13.3648,8,STA,WIFI_DROP,
13.3672,2,STA,WIFI_DROP,
13.3672,8,STA,WIFI_DROP,
13.3696,2,STA,WIFI_DROP,
13.3696,8,STA,WIFI_DROP,
13.372,2,STA,WIFI_DROP,
13.372,8,STA,WIFI_DROP,
13.3744,2,STA,WIFI_DROP,
13.3744,8,STA,WIFI_DROP,
13.3768,2,STA,WIFI_DROP,
13.3768,8,STA,WIFI_DROP,
13.3792,2,STA,WIFI_DROP,
13.3792,8,STA,WIFI_DROP,
13.3816,2,STA,WIFI_DROP,
13.3816,8,STA,WIFI_DROP,
13.384,2,STA,WIFI_DROP,
13.384,8,STA,WIFI_DROP,
13.3864,2,STA,WIFI_DROP,
13.3864,8,STA,WIFI_DROP,
13.3888,2,STA,WIFI_DROP,
13.3888,8,STA,WIFI_DROP,
13.3912,2,STA,WIFI_DROP,
13.3912,8,STA,WIFI_DROP,
13.3936,2,STA,WIFI_DROP,
13.3936,8,STA,WIFI_DROP,
13.396,2,STA,WIFI_DROP,
13.396,8,STA,WIFI_DROP,
13.3984,2,STA,WIFI_DROP,
13.3984,8,STA,WIFI_DROP,
13.4008,2,STA,WIFI_DROP,
13.4008,8,STA,WIFI_DROP,
13.4032,2,STA,WIFI_DROP,
13.4032,8,STA,WIFI_DROP,
13.4056,2,STA,WIFI_DROP,
13.4056,8,STA,WIFI_DROP,
13.408,2,STA,WIFI_DROP,
13.408,8,STA,WIFI_DROP,
13.4104,2,STA,WIFI_DROP,
13.4104,8,STA,WIFI_DROP,
13.4128,2,STA,WIFI_DROP,
13.4128,8,STA,WIFI_DROP,
13.4152,2,STA,WIFI_DROP,
13.4152,8,STA,WIFI_DROP,
13.4176,2,STA,WIFI_DROP,
13.4176,8,STA,WIFI_DROP,
13.42,2,STA,WIFI_DROP,
13.42,8,STA,WIFI_DROP,
13.4224,2,STA,WIFI_DROP,
13.4224,8,STA,WIFI_DROP,
13.4248,2,STA,WIFI_DROP,
13.4248,8,STA,WIFI_DROP,
13.4272,2,STA,WIFI_DROP,
13.4272,8,STA,WIFI_DROP,
13.4296,2,STA,WIFI_DROP,
13.4296,8,STA,WIFI_DROP,
13.432,2,STA,WIFI_DROP,
13.432,8,STA,WIFI_DROP,
13.4344,2,STA,WIFI_DROP,
13.4344,8,STA,WIFI_DROP,
13.4368,2,STA,WIFI_DROP,
13.4368,8,STA,WIFI_DROP,
13.4392,2,STA,WIFI_DROP,
13.4392,8,STA,WIFI_DROP,
13.4416,2,STA,WIFI_DROP,
13.4416,8,STA,WIFI_DROP,
13.444,2,STA,WIFI_DROP,
13.444,8,STA,WIFI_DROP,
13.4464,2,STA,WIFI_DROP,
13.4464,8,STA,WIFI_DROP,
13.4488,2,STA,WIFI_DROP,
13.4488,8,STA,WIFI_DROP,
13.4512,2,STA,WIFI_DROP,
13.4512,8,STA,WIFI_DROP,
13.4536,2,STA,WIFI_DROP,
13.4536,8,STA,WIFI_DROP,
13.456,2,STA,WIFI_DROP,
13.456,8,STA,WIFI_DROP,
13.4584,2,STA,WIFI_DROP,
13.4584,8,STA,WIFI_DROP,
13.4608,2,STA,WIFI_DROP,
13.4608,8,STA,WIFI_DROP,
13.4632,2,STA,WIFI_DROP,
13.4632,8,STA,WIFI_DROP,
13.4656,2,STA,WIFI_DROP,
13.4656,8,STA,WIFI_DROP,
13.468,2,STA,WIFI_DROP,
13.468,8,STA,WIFI_DROP,
13.4704,2,STA,WIFI_DROP,
13.4704,8,STA,WIFI_DROP,
13.4728,2,STA,WIFI_DROP,
13.4728,8,STA,WIFI_DROP,
13.4752,2,STA,WIFI_DROP,
13.4752,8,STA,WIFI_DROP,
13.4776,2,STA,WIFI_DROP,
13.4776,8,STA,WIFI_DROP,
13.48,2,STA,WIFI_DROP,
13.48,8,STA,WIFI_DROP,
13.4824,2,STA,WIFI_DROP,
13.4824,8,STA,WIFI_DROP,
13.4848,2,STA,WIFI_DROP,
13.4848,8,STA,WIFI_DROP,
13.4872,2,STA,WIFI_DROP,
13.4872,8,STA,WIFI_DROP,
13.4896,2,STA,WIFI_DROP,
13.4896,8,STA,WIFI_DROP,
13.492,2,STA,WIFI_DROP,
13.492,8,STA,WIFI_DROP,
13.4944,2,STA,WIFI_DROP,
13.4944,8,STA,WIFI_DROP,
13.4968,2,STA,WIFI_DROP,
13.4968,8,STA,WIFI_DROP,
13.4992,2,STA,WIFI_DROP,
13.4992,8,STA,WIFI_DROP,
13.5016,2,STA,WIFI_DROP,
13.5016,8,STA,WIFI_DROP,
13.504,2,STA,WIFI_DROP,
13.504,8,STA,WIFI_DROP,
13.5064,2,STA,WIFI_DROP,
13.5064,8,STA,WIFI_DROP,
13.5088,2,STA,WIFI_DROP,
13.5088,8,STA,WIFI_DROP,
13.5112,2,STA,WIFI_DROP,
13.5112,8,STA,WIFI_DROP,
13.5136,2,STA,WIFI_DROP,
13.5136,8,STA,WIFI_DROP,
13.516,2,STA,WIFI_DROP,
13.516,8,STA,WIFI_DROP,
13.5184,2,STA,WIFI_DROP,
13.5184,8,STA,WIFI_DROP,
13.5208,2,STA,WIFI_DROP,
13.5208,8,STA,WIFI_DROP,
13.5232,2,STA,WIFI_DROP,
13.5232,8,STA,WIFI_DROP,
13.5256,2,STA,WIFI_DROP,
13.5256,8,STA,WIFI_DROP,
13.528,2,STA,WIFI_DROP,
13.528,8,STA,WIFI_DROP,
13.5304,2,STA,WIFI_DROP,
13.5304,8,STA,WIFI_DROP,
13.5328,2,STA,WIFI_DROP,
13.5328,8,STA,WIFI_DROP,
13.5352,2,STA,WIFI_DROP,
13.5352,8,STA,WIFI_DROP,
13.5376,2,STA,WIFI_DROP,
13.5376,8,STA,WIFI_DROP,
13.54,2,STA,WIFI_DROP,
13.54,8,STA,WIFI_DROP,
13.5424,2,STA,WIFI_DROP,
13.5424,8,STA,WIFI_DROP,
13.5448,2,STA,WIFI_DROP,
13.5448,8,STA,WIFI_DROP,
13.5472,2,STA,WIFI_DROP,
13.5472,8,STA,WIFI_DROP,
13.5496,2,STA,WIFI_DROP,
13.5496,8,STA,WIFI_DROP,
13.552,2,STA,WIFI_DROP,
13.552,8,STA,WIFI_DROP,
13.5544,2,STA,WIFI_DROP,
13.5544,8,STA,WIFI_DROP,
13.5568,2,STA,WIFI_DROP,
13.5568,8,STA,WIFI_DROP,
13.5592,2,STA,WIFI_DROP,
13.5592,8,STA,WIFI_DROP,
13.5616,2,STA,WIFI_DROP,
13.5616,8,STA,WIFI_DROP,
13.564,2,STA,WIFI_DROP,
13.564,8,STA,WIFI_DROP,
13.5664,2,STA,WIFI_DROP,
13.5664,8,STA,WIFI_DROP,
13.5688,2,STA,WIFI_DROP,
13.5688,8,STA,WIFI_DROP,
13.5712,2,STA,WIFI_DROP,
13.5712,8,STA,WIFI_DROP,
13.5736,2,STA,WIFI_DROP,
13.5736,8,STA,WIFI_DROP,
13.576,2,STA,WIFI_DROP,
13.576,8,STA,WIFI_DROP,
13.5784,2,STA,WIFI_DROP,
13.5784,8,STA,WIFI_DROP,
13.5808,2,STA,WIFI_DROP,
13.5808,8,STA,WIFI_DROP,
13.5832,2,STA,WIFI_DROP,
13.5832,8,STA,WIFI_DROP,
13.5856,2,STA,WIFI_DROP,
13.5856,8,STA,WIFI_DROP,
13.588,2,STA,WIFI_DROP,
13.588,8,STA,WIFI_DROP,
13.5904,2,STA,WIFI_DROP,
13.5904,8,STA,WIFI_DROP,
13.5928,2,STA,WIFI_DROP,
13.5928,8,STA,WIFI_DROP,
13.5952,2,STA,WIFI_DROP,
13.5952,8,STA,WIFI_DROP,
13.5976,2,STA,WIFI_DROP,
13.5976,8,STA,WIFI_DROP,
13.6,2,STA,WIFI_DROP,
13.6,8,STA,WIFI_DROP,
13.6024,2,STA,WIFI_DROP,
13.6024,8,STA,WIFI_DROP,
13.6048,2,STA,WIFI_DROP,
13.6048,8,STA,WIFI_DROP,
13.6072,2,STA,WIFI_DROP,
13.6072,8,STA,WIFI_DROP,
13.6096,2,STA,WIFI_DROP,
13.6096,8,STA,WIFI_DROP,
13.612,2,STA,WIFI_DROP,
13.612,8,STA,WIFI_DROP,
13.6144,2,STA,WIFI_DROP,
13.6144,8,STA,WIFI_DROP,
13.6168,2,STA,WIFI_DROP,
13.6168,8,STA,WIFI_DROP,
13.6192,2,STA,WIFI_DROP,
13.6192,8,STA,WIFI_DROP,
13.6216,2,STA,WIFI_DROP,
13.6216,8,STA,WIFI_DROP,
13.624,2,STA,WIFI_DROP,
13.624,8,STA,WIFI_DROP,
13.6264,2,STA,WIFI_DROP,
13.6264,8,STA,WIFI_DROP,
13.6288,2,STA,WIFI_DROP,
13.6288,8,STA,WIFI_DROP,
13.6312,2,STA,WIFI_DROP,
13.6312,8,STA,WIFI_DROP,
13.6336,2,STA,WIFI_DROP,
13.6336,8,STA,WIFI_DROP,
13.636,2,STA,WIFI_DROP,
13.636,8,STA,WIFI_DROP,
13.6384,2,STA,WIFI_DROP,
13.6384,8,STA,WIFI_DROP,
13.6408,2,STA,WIFI_DROP,
13.6408,8,STA,WIFI_DROP,
13.6432,2,STA,WIFI_DROP,
13.6432,8,STA,WIFI_DROP,
13.6456,2,STA,WIFI_DROP,
13.6456,8,STA,WIFI_DROP,
13.648,2,STA,WIFI_DROP,
13.648,8,STA,WIFI_DROP,
13.6504,2,STA,WIFI_DROP,
13.6504,8,STA,WIFI_DROP,
13.6528,2,STA,WIFI_DROP,
13.6528,8,STA,WIFI_DROP,
13.6552,2,STA,WIFI_DROP,
13.6552,8,STA,WIFI_DROP,
13.6576,2,STA,WIFI_DROP,
13.6576,8,STA,WIFI_DROP,
13.66,2,STA,WIFI_DROP,
13.66,8,STA,WIFI_DROP,
13.6624,2,STA,WIFI_DROP,
13.6624,8,STA,WIFI_DROP,
13.6648,2,STA,WIFI_DROP,
13.6648,8,STA,WIFI_DROP,
13.6672,2,STA,WIFI_DROP,
13.6672,8,STA,WIFI_DROP,
13.6696,2,STA,WIFI_DROP,
13.6696,8,STA,WIFI_DROP,
13.672,2,STA,WIFI_DROP,
13.672,8,STA,WIFI_DROP,
13.6744,2,STA,WIFI_DROP,
13.6744,8,STA,WIFI_DROP,
13.6768,2,STA,WIFI_DROP,
13.6768,8,STA,WIFI_DROP,
13.6792,2,STA,WIFI_DROP,
13.6792,8,STA,WIFI_DROP,
13.6816,2,STA,WIFI_DROP,
13.6816,8,STA,WIFI_DROP,
13.684,2,STA,WIFI_DROP,
13.684,8,STA,WIFI_DROP,
13.6864,2,STA,WIFI_DROP,
13.6864,8,STA,WIFI_DROP,
13.6888,2,STA,WIFI_DROP,
13.6888,8,STA,WIFI_DROP,
13.6912,2,STA,WIFI_DROP,
13.6912,8,STA,WIFI_DROP,
13.6936,2,STA,WIFI_DROP,
13.6936,8,STA,WIFI_DROP,
13.696,2,STA,WIFI_DROP,
13.696,8,STA,WIFI_DROP,
13.6984,2,STA,WIFI_DROP,
13.6984,8,STA,WIFI_DROP,
13.7008,2,STA,WIFI_DROP,
13.7008,8,STA,WIFI_DROP,
13.7032,2,STA,WIFI_DROP,
13.7032,8,STA,WIFI_DROP,
13.7056,2,STA,WIFI_DROP,
13.7056,8,STA,WIFI_DROP,
13.708,2,STA,WIFI_DROP,
13.708,8,STA,WIFI_DROP,
13.7104,2,STA,WIFI_DROP,
13.7104,8,STA,WIFI_DROP,
13.7128,2,STA,WIFI_DROP,
13.7128,8,STA,WIFI_DROP,
13.7152,2,STA,WIFI_DROP,
13.7152,8,STA,WIFI_DROP,
13.7176,2,STA,WIFI_DROP,
13.7176,8,STA,WIFI_DROP,
13.72,2,STA,WIFI_DROP,
13.72,8,STA,WIFI_DROP,
13.7224,2,STA,WIFI_DROP,
13.7224,8,STA,WIFI_DROP,
13.7248,2,STA,WIFI_DROP,
13.7248,8,STA,WIFI_DROP,
13.7272,2,STA,WIFI_DROP,
13.7272,8,STA,WIFI_DROP,
13.7296,2,STA,WIFI_DROP,
13.7296,8,STA,WIFI_DROP,
13.732,2,STA,WIFI_DROP,
13.732,8,STA,WIFI_DROP,
13.7344,2,STA,WIFI_DROP,
13.7344,8,STA,WIFI_DROP,
13.7368,2,STA,WIFI_DROP,
13.7368,8,STA,WIFI_DROP,
13.7392,2,STA,WIFI_DROP,
13.7392,8,STA,WIFI_DROP,
13.7416,2,STA,WIFI_DROP,
13.7416,8,STA,WIFI_DROP,
13.744,2,STA,WIFI_DROP,
13.744,8,STA,WIFI_DROP,
13.7464,2,STA,WIFI_DROP,
13.7464,8,STA,WIFI_DROP,
13.7488,2,STA,WIFI_DROP,
13.7488,8,STA,WIFI_DROP,
13.7512,2,STA,WIFI_DROP,
13.7512,8,STA,WIFI_DROP,
13.7536,2,STA,WIFI_DROP,
13.7536,8,STA,WIFI_DROP,
13.756,2,STA,WIFI_DROP,
13.756,8,STA,WIFI_DROP,
13.7584,2,STA,WIFI_DROP,
13.7584,8,STA,WIFI_DROP,
13.7608,2,STA,WIFI_DROP,
13.7608,8,STA,WIFI_DROP,
13.7632,2,STA,WIFI_DROP,
13.7632,8,STA,WIFI_DROP,
13.7656,2,STA,WIFI_DROP,
13.7656,8,STA,WIFI_DROP,
13.768,2,STA,WIFI_DROP,
13.768,8,STA,WIFI_DROP,
13.7704,2,STA,WIFI_DROP,
13.7704,8,STA,WIFI_DROP,
13.7728,2,STA,WIFI_DROP,
13.7728,8,STA,WIFI_DROP,
13.7752,2,STA,WIFI_DROP,
13.7752,8,STA,WIFI_DROP,
13.7776,2,STA,WIFI_DROP,
13.7776,8,STA,WIFI_DROP,
13.78,2,STA,WIFI_DROP,
13.78,8,STA,WIFI_DROP,
13.7824,2,STA,WIFI_DROP,
13.7824,8,STA,WIFI_DROP,
13.7848,2,STA,WIFI_DROP,
13.7848,8,STA,WIFI_DROP,
13.7872,2,STA,WIFI_DROP,
13.7872,8,STA,WIFI_DROP,
13.7896,2,STA,WIFI_DROP,
13.7896,8,STA,WIFI_DROP,
13.792,2,STA,WIFI_DROP,
13.792,8,STA,WIFI_DROP,
13.7944,2,STA,WIFI_DROP,
13.7944,8,STA,WIFI_DROP,
13.7968,2,STA,WIFI_DROP,
13.7968,8,STA,WIFI_DROP,
13.7992,2,STA,WIFI_DROP,
13.7992,8,STA,WIFI_DROP,
13.8016,2,STA,WIFI_DROP,
13.8016,8,STA,WIFI_DROP,
13.804,2,STA,WIFI_DROP,
13.804,8,STA,WIFI_DROP,
13.8064,2,STA,WIFI_DROP,
13.8064,8,STA,WIFI_DROP,
13.8088,2,STA,WIFI_DROP,
13.8088,8,STA,WIFI_DROP,
13.8112,2,STA,WIFI_DROP,
13.8112,8,STA,WIFI_DROP,
13.8136,2,STA,WIFI_DROP,
13.8136,8,STA,WIFI_DROP,
13.816,2,STA,WIFI_DROP,
13.816,8,STA,WIFI_DROP,
13.8184,2,STA,WIFI_DROP,
13.8184,8,STA,WIFI_DROP,
13.8208,2,STA,WIFI_DROP,
13.8208,8,STA,WIFI_DROP,
13.8232,2,STA,WIFI_DROP,
13.8232,8,STA,WIFI_DROP,
13.8256,2,STA,WIFI_DROP,
13.8256,8,STA,WIFI_DROP,
13.828,2,STA,WIFI_DROP,
13.828,8,STA,WIFI_DROP,
13.8304,2,STA,WIFI_DROP,
13.8304,8,STA,WIFI_DROP,
13.8328,2,STA,WIFI_DROP,
13.8328,8,STA,WIFI_DROP,
13.8352,2,STA,WIFI_DROP,
13.8352,8,STA,WIFI_DROP,
13.8376,2,STA,WIFI_DROP,
13.8376,8,STA,WIFI_DROP,
13.84,2,STA,WIFI_DROP,
13.84,8,STA,WIFI_DROP,
13.8424,2,STA,WIFI_DROP,
13.8424,8,STA,WIFI_DROP,
13.8448,2,STA,WIFI_DROP,
13.8448,8,STA,WIFI_DROP,
13.8472,2,STA,WIFI_DROP,
13.8472,8,STA,WIFI_DROP,
13.8496,2,STA,WIFI_DROP,
13.8496,8,STA,WIFI_DROP,
13.852,2,STA,WIFI_DROP,
13.852,8,STA,WIFI_DROP,
13.8544,2,STA,WIFI_DROP,
13.8544,8,STA,WIFI_DROP,
13.8568,2,STA,WIFI_DROP,
13.8568,8,STA,WIFI_DROP,
13.8592,2,STA,WIFI_DROP,
13.8592,8,STA,WIFI_DROP,
13.8616,2,STA,WIFI_DROP,
13.8616,8,STA,WIFI_DROP,
13.864,2,STA,WIFI_DROP,
13.864,8,STA,WIFI_DROP,
13.8664,2,STA,WIFI_DROP,
13.8664,8,STA,WIFI_DROP,
13.8688,2,STA,WIFI_DROP,
13.8688,8,STA,WIFI_DROP,
13.8712,2,STA,WIFI_DROP,
13.8712,8,STA,WIFI_DROP,
13.8736,2,STA,WIFI_DROP,
13.8736,8,STA,WIFI_DROP,
13.876,2,STA,WIFI_DROP,
13.876,8,STA,WIFI_DROP,
13.8784,2,STA,WIFI_DROP,
13.8784,8,STA,WIFI_DROP,
13.8808,2,STA,WIFI_DROP,
13.8808,8,STA,WIFI_DROP,
13.8832,2,STA,WIFI_DROP,
13.8832,8,STA,WIFI_DROP,
13.8856,2,STA,WIFI_DROP,
13.8856,8,STA,WIFI_DROP,
13.888,2,STA,WIFI_DROP,
13.888,8,STA,WIFI_DROP,
13.8904,2,STA,WIFI_DROP,
13.8904,8,STA,WIFI_DROP,
13.8928,2,STA,WIFI_DROP,
13.8928,8,STA,WIFI_DROP,
13.8952,2,STA,WIFI_DROP,
13.8952,8,STA,WIFI_DROP,
13.8976,2,STA,WIFI_DROP,
13.8976,8,STA,WIFI_DROP,
13.9,2,STA,WIFI_DROP,
13.9,8,STA,WIFI_DROP,
13.9024,2,STA,WIFI_DROP,
13.9024,8,STA,WIFI_DROP,
13.9048,2,STA,WIFI_DROP,
13.9048,8,STA,WIFI_DROP,
13.9072,2,STA,WIFI_DROP,
13.9072,8,STA,WIFI_DROP,
13.9096,2,STA,WIFI_DROP,
13.9096,8,STA,WIFI_DROP,
13.912,2,STA,WIFI_DROP,
13.912,8,STA,WIFI_DROP,
13.9144,2,STA,WIFI_DROP,
13.9144,8,STA,WIFI_DROP,
13.9168,2,STA,WIFI_DROP,
13.9168,8,STA,WIFI_DROP,
13.9192,2,STA,WIFI_DROP,
13.9192,8,STA,WIFI_DROP,
13.9216,2,STA,WIFI_DROP,
13.9216,8,STA,WIFI_DROP,
13.924,2,STA,WIFI_DROP,
13.924,8,STA,WIFI_DROP,
13.9264,2,STA,WIFI_DROP,
13.9264,8,STA,WIFI_DROP,
13.9288,2,STA,WIFI_DROP,
13.9288,8,STA,WIFI_DROP,
13.9312,2,STA,WIFI_DROP,
13.9312,8,STA,WIFI_DROP,
13.9336,2,STA,WIFI_DROP,
13.9336,8,STA,WIFI_DROP,
13.936,2,STA,WIFI_DROP,
13.936,8,STA,WIFI_DROP,
13.9384,2,STA,WIFI_DROP,
13.9384,8,STA,WIFI_DROP,
13.9408,2,STA,WIFI_DROP,
13.9408,8,STA,WIFI_DROP,
13.9432,2,STA,WIFI_DROP,
13.9432,8,STA,WIFI_DROP,
13.9456,2,STA,WIFI_DROP,
13.9456,8,STA,WIFI_DROP,
13.948,2,STA,WIFI_DROP,
13.948,8,STA,WIFI_DROP,
13.9504,2,STA,WIFI_DROP,
13.9504,8,STA,WIFI_DROP,
13.9528,2,STA,WIFI_DROP,
13.9528,8,STA,WIFI_DROP,
13.9552,2,STA,WIFI_DROP,
13.9552,8,STA,WIFI_DROP,
13.9576,2,STA,WIFI_DROP,
13.9576,8,STA,WIFI_DROP,
13.96,2,STA,WIFI_DROP,
13.96,8,STA,WIFI_DROP,
13.9624,2,STA,WIFI_DROP,
13.9624,8,STA,WIFI_DROP,
13.9648,2,STA,WIFI_DROP,
13.9648,8,STA,WIFI_DROP,
13.9672,2,STA,WIFI_DROP,
13.9672,8,STA,WIFI_DROP,
13.9696,2,STA,WIFI_DROP,
13.9696,8,STA,WIFI_DROP,
13.972,2,STA,WIFI_DROP,
13.972,8,STA,WIFI_DROP,
13.9744,2,STA,WIFI_DROP,
13.9744,8,STA,WIFI_DROP,
13.9768,2,STA,WIFI_DROP,
13.9768,8,STA,WIFI_DROP,
13.9792,2,STA,WIFI_DROP,
13.9792,8,STA,WIFI_DROP,
13.9816,2,STA,WIFI_DROP,
13.9816,8,STA,WIFI_DROP,
13.984,2,STA,WIFI_DROP,
13.984,8,STA,WIFI_DROP,
13.9864,2,STA,WIFI_DROP,
13.9864,8,STA,WIFI_DROP,
13.9888,2,STA,WIFI_DROP,
13.9888,8,STA,WIFI_DROP,
13.9912,2,STA,WIFI_DROP,
13.9912,8,STA,WIFI_DROP,
13.9936,2,STA,WIFI_DROP,
13.9936,8,STA,WIFI_DROP,
13.996,2,STA,WIFI_DROP,
13.996,8,STA,WIFI_DROP,
13.9984,2,STA,WIFI_DROP,
14,3,STA,THROUGHPUT_MBPS,0.768000
14,5,STA,THROUGHPUT_MBPS,0.624000
14,6,STA,THROUGHPUT_MBPS,4.992000
14,7,STA,THROUGHPUT_MBPS,4.812000
14,9,STA,THROUGHPUT_MBPS,0.624000
14,10,STA,THROUGHPUT_MBPS,1.092000
14,11,STA,THROUGHPUT_MBPS,2.832000
14,12,STA,THROUGHPUT_MBPS,2.136000
14,13,STA,THROUGHPUT_MBPS,1.032000
14,14,STA,THROUGHPUT_MBPS,2.688000
14,15,STA,THROUGHPUT_MBPS,1.224000
14,17,STA,THROUGHPUT_MBPS,3.828000
14,18,STA,THROUGHPUT_MBPS,0.816000
14,19,STA,THROUGHPUT_MBPS,0.552000
14,21,STA,THROUGHPUT_MBPS,0.492000
14,1,AP,AGGREGATE_THROUGHPUT_MBPS,28.512000
14,1,AP,SENT_COUNT,8340.000000
14,1,AP,RECV_COUNT,2376.000000
14,1,AP,LATENCY_P95_MS,533.726672
14.0008,2,STA,WIFI_DROP,
14.0032,2,STA,WIFI_DROP,
14.0056,2,STA,WIFI_DROP,
14.008,2,STA,WIFI_DROP,
14.0104,2,STA,WIFI_DROP,
14.0128,2,STA,WIFI_DROP,
14.0152,2,STA,WIFI_DROP,
14.0176,2,STA,WIFI_DROP,
14.02,2,STA,WIFI_DROP,
14.0224,2,STA,WIFI_DROP,
14.0248,2,STA,WIFI_DROP,
14.0272,2,STA,WIFI_DROP,
14.0296,2,STA,WIFI_DROP,
14.032,2,STA,WIFI_DROP,
14.0344,2,STA,WIFI_DROP,
14.0368,2,STA,WIFI_DROP,
14.0392,2,STA,WIFI_DROP,
14.0416,2,STA,WIFI_DROP,
14.044,2,STA,WIFI_DROP,
14.0464,2,STA,WIFI_DROP,
14.0488,2,STA,WIFI_DROP,
14.0512,2,STA,WIFI_DROP,
14.0536,2,STA,WIFI_DROP,
14.056,2,STA,WIFI_DROP,
14.0584,2,STA,WIFI_DROP,
14.0608,2,STA,WIFI_DROP,
14.0632,2,STA,WIFI_DROP,
14.0656,2,STA,WIFI_DROP,
14.068,2,STA,WIFI_DROP,
14.0704,2,STA,WIFI_DROP,
14.0728,2,STA,WIFI_DROP,
14.0752,2,STA,WIFI_DROP,
14.0776,2,STA,WIFI_DROP,
14.08,2,STA,WIFI_DROP,
14.0824,2,STA,WIFI_DROP,
14.0848,2,STA,WIFI_DROP,
14.0872,2,STA,WIFI_DROP,
14.0896,2,STA,WIFI_DROP,
14.092,2,STA,WIFI_DROP,
14.0944,2,STA,WIFI_DROP,
14.0968,2,STA,WIFI_DROP,
14.0992,2,STA,WIFI_DROP,
14.1016,2,STA,WIFI_DROP,
14.104,2,STA,WIFI_DROP,
14.1064,2,STA,WIFI_DROP,
14.1088,2,STA,WIFI_DROP,
14.1112,2,STA,WIFI_DROP,
14.1136,2,STA,WIFI_DROP,
14.116,2,STA,WIFI_DROP,
14.1184,2,STA,WIFI_DROP,
14.1208,2,STA,WIFI_DROP,
14.1232,2,STA,WIFI_DROP,
14.1256,2,STA,WIFI_DROP,
14.128,2,STA,WIFI_DROP,
14.1304,2,STA,WIFI_DROP,
14.1328,2,STA,WIFI_DROP,
14.1352,2,STA,WIFI_DROP,
14.1376,2,STA,WIFI_DROP,
14.14,2,STA,WIFI_DROP,
14.1424,2,STA,WIFI_DROP,
14.1448,2,STA,WIFI_DROP,
14.1472,2,STA,WIFI_DROP,
14.1496,2,STA,WIFI_DROP,
14.152,2,STA,WIFI_DROP,
14.1544,2,STA,WIFI_DROP,
14.1568,2,STA,WIFI_DROP,
14.1592,2,STA,WIFI_DROP,
14.1616,2,STA,WIFI_DROP,
14.164,2,STA,WIFI_DROP,
14.1664,2,STA,WIFI_DROP,
14.1688,2,STA,WIFI_DROP,
14.1688,20,STA,WIFI_DROP,
14.1712,2,STA,WIFI_DROP,
14.1712,20,STA,WIFI_DROP,
14.1736,2,STA,WIFI_DROP,
14.1736,20,STA,WIFI_DROP,
14.176,2,STA,WIFI_DROP,
14.176,20,STA,WIFI_DROP,
14.1784,2,STA,WIFI_DROP,
14.1784,20,STA,WIFI_DROP,
14.1808,2,STA,WIFI_DROP,
14.1808,20,STA,WIFI_DROP,
14.1832,2,STA,WIFI_DROP,
14.1832,20,STA,WIFI_DROP,
14.1856,2,STA,WIFI_DROP,
14.1856,20,STA,WIFI_DROP,
14.188,2,STA,WIFI_DROP,
14.188,20,STA,WIFI_DROP,
14.1904,2,STA,WIFI_DROP,
14.1904,20,STA,WIFI_DROP,
14.1928,2,STA,WIFI_DROP,
14.1928,20,STA,WIFI_DROP,
14.1952,2,STA,WIFI_DROP,
14.1952,20,STA,WIFI_DROP,
14.1976,2,STA,WIFI_DROP,
14.1976,20,STA,WIFI_DROP,
14.2,2,STA,WIFI_DROP,
14.2,20,STA,WIFI_DROP,
14.2024,2,STA,WIFI_DROP,
14.2024,20,STA,WIFI_DROP,
14.2048,2,STA,WIFI_DROP,
14.2048,20,STA,WIFI_DROP,
14.2072,2,STA,WIFI_DROP,
14.2072,20,STA,WIFI_DROP,
14.2096,2,STA,WIFI_DROP,
14.2096,20,STA,WIFI_DROP,
14.212,2,STA,WIFI_DROP,
14.212,20,STA,WIFI_DROP,
14.2144,2,STA,WIFI_DROP,
14.2144,20,STA,WIFI_DROP,
14.2168,2,STA,WIFI_DROP,
14.2168,20,STA,WIFI_DROP,
14.2192,2,STA,WIFI_DROP,
14.2192,20,STA,WIFI_DROP,
14.2216,2,STA,WIFI_DROP,
14.2216,20,STA,WIFI_DROP,
14.224,2,STA,WIFI_DROP,
14.224,20,STA,WIFI_DROP,
14.2264,2,STA,WIFI_DROP,
14.2264,20,STA,WIFI_DROP,
14.2288,2,STA,WIFI_DROP,
14.2288,20,STA,WIFI_DROP,
14.2312,2,STA,WIFI_DROP,
14.2312,20,STA,WIFI_DROP,
14.2336,2,STA,WIFI_DROP,
14.2336,20,STA,WIFI_DROP,
14.236,2,STA,WIFI_DROP,
14.236,20,STA,WIFI_DROP,
14.2384,2,STA,WIFI_DROP,
14.2384,20,STA,WIFI_DROP,
14.2408,2,STA,WIFI_DROP,
14.2408,20,STA,WIFI_DROP,
14.2432,2,STA,WIFI_DROP,
14.2432,20,STA,WIFI_DROP,
14.2456,2,STA,WIFI_DROP,
14.2456,20,STA,WIFI_DROP,
14.248,2,STA,WIFI_DROP,
14.248,20,STA,WIFI_DROP,
14.2504,2,STA,WIFI_DROP,
14.2504,20,STA,WIFI_DROP,
14.2528,2,STA,WIFI_DROP,
14.2528,20,STA,WIFI_DROP,
14.2552,2,STA,WIFI_DROP,
14.2552,20,STA,WIFI_DROP,
14.2576,2,STA,WIFI_DROP,
14.2576,20,STA,WIFI_DROP,
14.26,2,STA,WIFI_DROP,
14.26,20,STA,WIFI_DROP,
14.2624,2,STA,WIFI_DROP,
14.2624,20,STA,WIFI_DROP,
14.2648,2,STA,WIFI_DROP,
14.2648,20,STA,WIFI_DROP,
14.2672,2,STA,WIFI_DROP,
14.2672,20,STA,WIFI_DROP,
14.2696,2,STA,WIFI_DROP,
14.2696,20,STA,WIFI_DROP,
14.272,2,STA,WIFI_DROP,
14.2744,2,STA,WIFI_DROP,
14.2768,2,STA,WIFI_DROP,
14.2792,2,STA,WIFI_DROP,
14.2816,2,STA,WIFI_DROP,
14.284,2,STA,WIFI_DROP,
14.2864,2,STA,WIFI_DROP,
14.2888,2,STA,WIFI_DROP,
14.2912,2,STA,WIFI_DROP,
14.2936,2,STA,WIFI_DROP,
14.296,2,STA,WIFI_DROP,
14.32,2,STA,WIFI_DROP,
14.3224,2,STA,WIFI_DROP,
14.3248,2,STA,WIFI_DROP,
14.3272,2,STA,WIFI_DROP,
14.3296,2,STA,WIFI_DROP,
14.332,2,STA,WIFI_DROP,
14.3344,2,STA,WIFI_DROP,
14.3368,2,STA,WIFI_DROP,
14.3392,2,STA,WIFI_DROP,
14.3416,2,STA,WIFI_DROP,
14.344,2,STA,WIFI_DROP,
14.3464,2,STA,WIFI_DROP,
14.3488,2,STA,WIFI_DROP,
14.3512,2,STA,WIFI_DROP,
14.3536,2,STA,WIFI_DROP,
14.356,2,STA,WIFI_DROP,
14.3584,2,STA,WIFI_DROP,
14.3608,2,STA,WIFI_DROP,
14.3632,2,STA,WIFI_DROP,
14.3656,2,STA,WIFI_DROP,
14.368,2,STA,WIFI_DROP,
14.3704,2,STA,WIFI_DROP,
14.3728,2,STA,WIFI_DROP,
14.3752,2,STA,WIFI_DROP,
14.3776,2,STA,WIFI_DROP,
14.38,2,STA,WIFI_DROP,
14.3824,2,STA,WIFI_DROP,
14.3848,2,STA,WIFI_DROP,
14.3872,2,STA,WIFI_DROP,
14.3896,2,STA,WIFI_DROP,
14.392,2,STA,WIFI_DROP,
14.3944,2,STA,WIFI_DROP,
14.3968,2,STA,WIFI_DROP,
14.3992,2,STA,WIFI_DROP,
14.4016,2,STA,WIFI_DROP,
14.404,2,STA,WIFI_DROP,
14.4064,2,STA,WIFI_DROP,
14.4088,2,STA,WIFI_DROP,
14.4112,2,STA,WIFI_DROP,
14.4136,2,STA,WIFI_DROP,
14.416,2,STA,WIFI_DROP,
14.4184,2,STA,WIFI_DROP,
14.4208,2,STA,WIFI_DROP,
14.4232,2,STA,WIFI_DROP,
14.4256,2,STA,WIFI_DROP,
14.428,2,STA,WIFI_DROP,
14.4304,2,STA,WIFI_DROP,
14.4328,2,STA,WIFI_DROP,
14.4352,2,STA,WIFI_DROP,
14.4376,2,STA,WIFI_DROP,
14.44,2,STA,WIFI_DROP,
14.4424,2,STA,WIFI_DROP,
14.4448,2,STA,WIFI_DROP,
14.4472,2,STA,WIFI_DROP,
14.4496,2,STA,WIFI_DROP,
14.452,2,STA,WIFI_DROP,
14.4544,2,STA,WIFI_DROP,
14.4568,2,STA,WIFI_DROP,
14.4592,2,STA,WIFI_DROP,
14.4616,2,STA,WIFI_DROP,
14.464,2,STA,WIFI_DROP,
14.4664,2,STA,WIFI_DROP,
14.4688,2,STA,WIFI_DROP,
14.4712,2,STA,WIFI_DROP,
14.4736,2,STA,WIFI_DROP,
14.476,2,STA,WIFI_DROP,
14.4784,2,STA,WIFI_DROP,
14.4784,14,STA,WIFI_DROP,
14.4808,2,STA,WIFI_DROP,
14.4808,14,STA,WIFI_DROP,
14.4832,2,STA,WIFI_DROP,
14.4832,14,STA,WIFI_DROP,
14.4856,2,STA,WIFI_DROP,
14.4856,14,STA,WIFI_DROP,
14.488,2,STA,WIFI_DROP,
14.488,14,STA,WIFI_DROP,
14.4904,2,STA,WIFI_DROP,
14.4904,14,STA,WIFI_DROP,
14.4928,2,STA,WIFI_DROP,
14.4928,14,STA,WIFI_DROP,
14.4952,2,STA,WIFI_DROP,
14.4952,14,STA,WIFI_DROP,
14.4976,2,STA,WIFI_DROP,
14.4976,14,STA,WIFI_DROP,
14.5,2,STA,WIFI_DROP,
14.5,14,STA,WIFI_DROP,
14.5024,2,STA,WIFI_DROP,
14.5024,14,STA,WIFI_DROP,
14.5048,2,STA,WIFI_DROP,
14.5048,14,STA,WIFI_DROP,
14.5072,2,STA,WIFI_DROP,
14.5072,14,STA,WIFI_DROP,
14.5096,2,STA,WIFI_DROP,
14.5096,14,STA,WIFI_DROP,
14.512,2,STA,WIFI_DROP,
14.512,14,STA,WIFI_DROP,
14.5144,2,STA,WIFI_DROP,
14.5144,14,STA,WIFI_DROP,
14.5168,2,STA,WIFI_DROP,
14.5168,14,STA,WIFI_DROP,
14.5192,2,STA,WIFI_DROP,
14.5192,14,STA,WIFI_DROP,
14.5216,2,STA,WIFI_DROP,
14.5216,14,STA,WIFI_DROP,
14.524,2,STA,WIFI_DROP,
14.524,14,STA,WIFI_DROP,
14.5264,2,STA,WIFI_DROP,
14.5264,14,STA,WIFI_DROP,
14.5288,2,STA,WIFI_DROP,
14.5288,14,STA,WIFI_DROP,
14.5312,2,STA,WIFI_DROP,
14.5312,14,STA,WIFI_DROP,
14.5336,2,STA,WIFI_DROP,
14.5336,14,STA,WIFI_DROP,
14.536,2,STA,WIFI_DROP,
14.536,14,STA,WIFI_DROP,
14.5384,2,STA,WIFI_DROP,
14.5384,14,STA,WIFI_DROP,
14.5408,2,STA,WIFI_DROP,
14.5408,14,STA,WIFI_DROP,
14.5432,2,STA,WIFI_DROP,
14.5432,14,STA,WIFI_DROP,
14.5456,2,STA,WIFI_DROP,
14.5456,14,STA,WIFI_DROP,
14.548,2,STA,WIFI_DROP,
14.548,14,STA,WIFI_DROP,
14.5504,2,STA,WIFI_DROP,
14.5504,14,STA,WIFI_DROP,
14.5528,2,STA,WIFI_DROP,
14.5528,14,STA,WIFI_DROP,
14.5552,2,STA,WIFI_DROP,
14.5552,14,STA,WIFI_DROP,
14.5576,2,STA,WIFI_DROP,
14.5576,14,STA,WIFI_DROP,
14.56,2,STA,WIFI_DROP,
14.56,14,STA,WIFI_DROP,
14.5624,2,STA,WIFI_DROP,
14.5624,14,STA,WIFI_DROP,
14.5648,2,STA,WIFI_DROP,
14.5648,14,STA,WIFI_DROP,
14.5672,2,STA,WIFI_DROP,
14.5672,14,STA,WIFI_DROP,
14.5696,2,STA,WIFI_DROP,
14.5696,14,STA,WIFI_DROP,
14.572,2,STA,WIFI_DROP,
14.572,14,STA,WIFI_DROP,
14.5744,2,STA,WIFI_DROP,
14.5744,14,STA,WIFI_DROP,
14.5768,14,STA,WIFI_DROP,
14.5792,14,STA,WIFI_DROP,
14.5816,14,STA,WIFI_DROP,
14.584,14,STA,WIFI_DROP,
14.5864,14,STA,WIFI_DROP,
14.5888,14,STA,WIFI_DROP,
14.5912,14,STA,WIFI_DROP,
14.5936,14,STA,WIFI_DROP,
14.596,14,STA,WIFI_DROP,
14.5984,14,STA,WIFI_DROP,
14.6008,14,STA,WIFI_DROP,
14.6032,14,STA,WIFI_DROP,
14.6056,14,STA,WIFI_DROP,
14.608,14,STA,WIFI_DROP,
14.6104,14,STA,WIFI_DROP,
14.6128,14,STA,WIFI_DROP,
14.6152,14,STA,WIFI_DROP,
14.6176,14,STA,WIFI_DROP,
14.62,14,STA,WIFI_DROP,
14.6224,14,STA,WIFI_DROP,
14.6248,14,STA,WIFI_DROP,
14.6272,14,STA,WIFI_DROP,
14.6296,14,STA,WIFI_DROP,
14.632,14,STA,WIFI_DROP,
14.6344,14,STA,WIFI_DROP,
14.6368,14,STA,WIFI_DROP,
14.6392,14,STA,WIFI_DROP,
14.6416,14,STA,WIFI_DROP,
14.644,14,STA,WIFI_DROP,
14.6464,14,STA,WIFI_DROP,
14.6488,14,STA,WIFI_DROP,
14.6512,14,STA,WIFI_DROP,
14.6536,14,STA,WIFI_DROP,
14.656,14,STA,WIFI_DROP,
14.6584,14,STA,WIFI_DROP,
14.6608,14,STA,WIFI_DROP,
14.6632,14,STA,WIFI_DROP,
14.6656,14,STA,WIFI_DROP,
14.668,14,STA,WIFI_DROP,
14.6704,14,STA,WIFI_DROP,
14.6728,14,STA,WIFI_DROP,
14.6752,14,STA,WIFI_DROP,
14.6776,14,STA,WIFI_DROP,
14.68,14,STA,WIFI_DROP,
14.6824,14,STA,WIFI_DROP,
14.6848,14,STA,WIFI_DROP,
14.6872,14,STA,WIFI_DROP,
14.6896,14,STA,WIFI_DROP,
14.692,14,STA,WIFI_DROP,
14.6944,14,STA,WIFI_DROP,
14.6968,14,STA,WIFI_DROP,
14.6992,14,STA,WIFI_DROP,
14.7016,14,STA,WIFI_DROP,
14.704,14,STA,WIFI_DROP,
14.7064,14,STA,WIFI_DROP,
14.7088,14,STA,WIFI_DROP,
14.7112,14,STA,WIFI_DROP,
14.7136,14,STA,WIFI_DROP,
14.716,14,STA,WIFI_DROP,
14.7184,14,STA,WIFI_DROP,
14.7208,14,STA,WIFI_DROP,
14.7232,14,STA,WIFI_DROP,
14.7256,14,STA,WIFI_DROP,
14.728,14,STA,WIFI_DROP,
14.7304,14,STA,WIFI_DROP,
14.7328,14,STA,WIFI_DROP,
14.7352,14,STA,WIFI_DROP,
14.7376,14,STA,WIFI_DROP,
14.74,14,STA,WIFI_DROP,
14.7424,14,STA,WIFI_DROP,
14.7448,14,STA,WIFI_DROP,
14.7472,14,STA,WIFI_DROP,
14.7496,14,STA,WIFI_DROP,
14.752,14,STA,WIFI_DROP,
14.7544,14,STA,WIFI_DROP,
14.7568,14,STA,WIFI_DROP,
14.7592,14,STA,WIFI_DROP,
14.7616,14,STA,WIFI_DROP,
14.764,14,STA,WIFI_DROP,
14.7664,14,STA,WIFI_DROP,
14.7688,14,STA,WIFI_DROP,
14.7712,14,STA,WIFI_DROP,
14.7736,14,STA,WIFI_DROP,
14.776,14,STA,WIFI_DROP,
14.7784,14,STA,WIFI_DROP,
14.7808,14,STA,WIFI_DROP,
14.7832,14,STA,WIFI_DROP,
14.7856,14,STA,WIFI_DROP,
14.788,14,STA,WIFI_DROP,
14.7904,14,STA,WIFI_DROP,
14.7928,14,STA,WIFI_DROP,
14.7952,14,STA,WIFI_DROP,
14.7976,14,STA,WIFI_DROP,
14.8,14,STA,WIFI_DROP,
14.8024,14,STA,WIFI_DROP,
14.8048,14,STA,WIFI_DROP,
14.8072,14,STA,WIFI_DROP,
14.8096,14,STA,WIFI_DROP,
14.812,14,STA,WIFI_DROP,
14.8144,14,STA,WIFI_DROP,
14.8168,14,STA,WIFI_DROP,
14.8192,14,STA,WIFI_DROP,
14.8216,14,STA,WIFI_DROP,
14.824,14,STA,WIFI_DROP,
14.8264,14,STA,WIFI_DROP,
14.8288,14,STA,WIFI_DROP,
14.8312,14,STA,WIFI_DROP,
14.8336,14,STA,WIFI_DROP,
14.836,14,STA,WIFI_DROP,
14.8384,14,STA,WIFI_DROP,
14.8408,14,STA,WIFI_DROP,
14.8432,14,STA,WIFI_DROP,
14.8456,14,STA,WIFI_DROP,
14.848,14,STA,WIFI_DROP,
14.8504,14,STA,WIFI_DROP,
14.8528,14,STA,WIFI_DROP,
14.8552,14,STA,WIFI_DROP,
14.8576,14,STA,WIFI_DROP,
14.86,14,STA,WIFI_DROP,
14.8624,14,STA,WIFI_DROP,
14.8648,14,STA,WIFI_DROP,
14.8672,14,STA,WIFI_DROP,
14.8696,14,STA,WIFI_DROP,
14.872,14,STA,WIFI_DROP,
14.8744,14,STA,WIFI_DROP,
14.8768,14,STA,WIFI_DROP,
14.8792,14,STA,WIFI_DROP,
14.8816,14,STA,WIFI_DROP,
14.884,14,STA,WIFI_DROP,
14.8864,14,STA,WIFI_DROP,
14.8888,14,STA,WIFI_DROP,
14.8912,14,STA,WIFI_DROP,
14.8936,14,STA,WIFI_DROP,
14.896,14,STA,WIFI_DROP,
14.8984,14,STA,WIFI_DROP,
14.9008,14,STA,WIFI_DROP,
14.9032,14,STA,WIFI_DROP,
14.9056,14,STA,WIFI_DROP,
14.908,14,STA,WIFI_DROP,
14.9104,14,STA,WIFI_DROP,
14.9128,14,STA,WIFI_DROP,
14.9152,14,STA,WIFI_DROP,
14.9176,14,STA,WIFI_DROP,
14.92,14,STA,WIFI_DROP,
14.9224,14,STA,WIFI_DROP,
14.9248,14,STA,WIFI_DROP,
14.9272,14,STA,WIFI_DROP,
14.9296,14,STA,WIFI_DROP,
14.932,14,STA,WIFI_DROP,
14.9344,14,STA,WIFI_DROP,
14.9368,14,STA,WIFI_DROP,
14.9392,14,STA,WIFI_DROP,
14.9416,14,STA,WIFI_DROP,
14.944,14,STA,WIFI_DROP,
14.9464,14,STA,WIFI_DROP,
14.9488,14,STA,WIFI_DROP,
14.9512,14,STA,WIFI_DROP,
14.9536,14,STA,WIFI_DROP,
14.956,14,STA,WIFI_DROP,
14.9584,14,STA,WIFI_DROP,
14.9608,14,STA,WIFI_DROP,
14.9632,14,STA,WIFI_DROP,
14.9656,14,STA,WIFI_DROP,
14.968,14,STA,WIFI_DROP,
14.9704,14,STA,WIFI_DROP,
14.9728,14,STA,WIFI_DROP,
14.9752,14,STA,WIFI_DROP,
14.9776,14,STA,WIFI_DROP,
14.98,14,STA,WIFI_DROP,
14.9824,14,STA,WIFI_DROP,
14.9848,14,STA,WIFI_DROP,
14.9872,14,STA,WIFI_DROP,
14.9896,14,STA,WIFI_DROP,
14.992,14,STA,WIFI_DROP,
14.9944,14,STA,WIFI_DROP,
14.9968,14,STA,WIFI_DROP,
14.9992,14,STA,WIFI_DROP,
15,2,STA,THROUGHPUT_MBPS,1.272000
15,3,STA,THROUGHPUT_MBPS,1.536000
15,4,STA,THROUGHPUT_MBPS,1.740000
15,5,STA,THROUGHPUT_MBPS,1.524000
15,6,STA,THROUGHPUT_MBPS,1.380000
15,7,STA,THROUGHPUT_MBPS,2.184000
15,8,STA,THROUGHPUT_MBPS,2.916000
15,9,STA,THROUGHPUT_MBPS,0.840000
15,10,STA,THROUGHPUT_MBPS,3.072000
15,11,STA,THROUGHPUT_MBPS,0.324000
15,12,STA,THROUGHPUT_MBPS,1.164000
15,13,STA,THROUGHPUT_MBPS,1.380000
15,14,STA,THROUGHPUT_MBPS,0.936000
15,15,STA,THROUGHPUT_MBPS,3.180000
15,17,STA,THROUGHPUT_MBPS,1.404000
15,18,STA,THROUGHPUT_MBPS,3.996000
15,19,STA,THROUGHPUT_MBPS,2.004000
15,1,AP,AGGREGATE_THROUGHPUT_MBPS,30.852000
15,1,AP,SENT_COUNT,8340.000000
15,1,AP,RECV_COUNT,2571.000000
15,1,AP,LATENCY_P95_MS,533.600741
15.0016,14,STA,WIFI_DROP,
15.004,14,STA,WIFI_DROP,
15.0064,14,STA,WIFI_DROP,
15.0088,14,STA,WIFI_DROP,
15.0112,14,STA,WIFI_DROP,
15.0136,14,STA,WIFI_DROP,
15.016,14,STA,WIFI_DROP,
15.0184,14,STA,WIFI_DROP,
15.0208,14,STA,WIFI_DROP,
15.0232,14,STA,WIFI_DROP,
15.0256,14,STA,WIFI_DROP,
15.028,14,STA,WIFI_DROP,
15.0304,14,STA,WIFI_DROP,
15.4024,5,STA,WIFI_DROP,
15.4048,5,STA,WIFI_DROP,
15.4072,5,STA,WIFI_DROP,
15.4096,5,STA,WIFI_DROP,
15.412,5,STA,WIFI_DROP,
15.4144,5,STA,WIFI_DROP,
15.4168,5,STA,WIFI_DROP,
15.4192,5,STA,WIFI_DROP,
15.4216,5,STA,WIFI_DROP,
15.424,5,STA,WIFI_DROP,
15.4264,5,STA,WIFI_DROP,
15.4288,5,STA,WIFI_DROP,
15.4312,5,STA,WIFI_DROP,
15.4336,5,STA,WIFI_DROP,
15.436,5,STA,WIFI_DROP,
15.4384,5,STA,WIFI_DROP,
15.4408,5,STA,WIFI_DROP,
15.4432,5,STA,WIFI_DROP,
15.4456,5,STA,WIFI_DROP,
15.448,5,STA,WIFI_DROP,
15.4504,5,STA,WIFI_DROP,
15.4528,5,STA,WIFI_DROP,
15.4552,5,STA,WIFI_DROP,
15.4576,5,STA,WIFI_DROP,
15.46,5,STA,WIFI_DROP,
15.4624,5,STA,WIFI_DROP,
15.4648,5,STA,WIFI_DROP,
15.4672,5,STA,WIFI_DROP,
15.4696,5,STA,WIFI_DROP,
15.472,5,STA,WIFI_DROP,
15.4744,5,STA,WIFI_DROP,
15.4768,5,STA,WIFI_DROP,
15.4792,5,STA,WIFI_DROP,
15.4816,5,STA,WIFI_DROP,
15.484,5,STA,WIFI_DROP,
15.4864,5,STA,WIFI_DROP,
15.4888,5,STA,WIFI_DROP,
15.4912,5,STA,WIFI_DROP,
15.4936,5,STA,WIFI_DROP,
15.496,5,STA,WIFI_DROP,
15.4984,5,STA,WIFI_DROP,
15.5008,5,STA,WIFI_DROP,
15.5032,5,STA,WIFI_DROP,
15.5032,9,STA,WIFI_DROP,
15.5056,5,STA,WIFI_DROP,
15.5056,9,STA,WIFI_DROP,
15.508,5,STA,WIFI_DROP,
15.508,9,STA,WIFI_DROP,
15.5104,5,STA,WIFI_DROP,
15.5104,9,STA,WIFI_DROP,
15.5128,5,STA,WIFI_DROP,
15.5128,9,STA,WIFI_DROP,
15.5152,5,STA,WIFI_DROP,
15.5152,9,STA,WIFI_DROP,
15.5176,5,STA,WIFI_DROP,
15.5176,9,STA,WIFI_DROP,
15.52,5,STA,WIFI_DROP,
15.52,9,STA,WIFI_DROP,
15.5224,5,STA,WIFI_DROP,
15.5224,9,STA,WIFI_DROP,
15.5248,5,STA,WIFI_DROP,
15.5248,9,STA,WIFI_DROP,
15.5272,5,STA,WIFI_DROP,
15.5272,9,STA,WIFI_DROP,
15.5296,5,STA,WIFI_DROP,
15.5296,9,STA,WIFI_DROP,
15.532,5,STA,WIFI_DROP,
15.532,9,STA,WIFI_DROP,
15.5344,5,STA,WIFI_DROP,
15.5344,9,STA,WIFI_DROP,
15.5368,5,STA,WIFI_DROP,
15.5368,9,STA,WIFI_DROP,
15.5392,5,STA,WIFI_DROP,
15.5392,9,STA,WIFI_DROP,
15.5416,5,STA,WIFI_DROP,
15.5416,9,STA,WIFI_DROP,
15.544,5,STA,WIFI_DROP,
15.544,9,STA,WIFI_DROP,
15.5464,5,STA,WIFI_DROP,
15.5464,9,STA,WIFI_DROP,
15.5488,5,STA,WIFI_DROP,
15.5488,9,STA,WIFI_DROP,
15.5512,5,STA,WIFI_DROP,
15.5512,9,STA,WIFI_DROP,
15.5536,5,STA,WIFI_DROP,
15.556,5,STA,WIFI_DROP,
15.5584,5,STA,WIFI_DROP,
15.5608,5,STA,WIFI_DROP,
15.5632,5,STA,WIFI_DROP,
15.5656,5,STA,WIFI_DROP,
15.568,5,STA,WIFI_DROP,
15.5704,5,STA,WIFI_DROP,
15.5728,5,STA,WIFI_DROP,
15.5752,5,STA,WIFI_DROP,
15.5776,5,STA,WIFI_DROP,
15.58,5,STA,WIFI_DROP,
15.5824,5,STA,WIFI_DROP,
15.5848,5,STA,WIFI_DROP,
15.5872,5,STA,WIFI_DROP,
15.5896,5,STA,WIFI_DROP,
15.592,5,STA,WIFI_DROP,
15.5944,5,STA,WIFI_DROP,
15.5968,5,STA,WIFI_DROP,
15.5992,5,STA,WIFI_DROP,
15.6016,5,STA,WIFI_DROP,
15.604,5,STA,WIFI_DROP,
15.604,17,STA,WIFI_DROP,
15.6064,5,STA,WIFI_DROP,
15.6064,17,STA,WIFI_DROP,
15.6088,5,STA,WIFI_DROP,
15.6088,17,STA,WIFI_DROP,
15.6112,5,STA,WIFI_DROP,
15.6112,17,STA,WIFI_DROP,
15.6136,5,STA,WIFI_DROP,
15.6136,17,STA,WIFI_DROP,
15.616,5,STA,WIFI_DROP,
15.616,17,STA,WIFI_DROP,
15.6184,5,STA,WIFI_DROP,
15.6184,17,STA,WIFI_DROP,
15.6208,5,STA,WIFI_DROP,
15.6208,17,STA,WIFI_DROP,
15.6232,5,STA,WIFI_DROP,
15.6232,17,STA,WIFI_DROP,
15.6256,5,STA,WIFI_DROP,
15.6256,17,STA,WIFI_DROP,
15.628,5,STA,WIFI_DROP,
15.628,17,STA,WIFI_DROP,
15.6304,5,STA,WIFI_DROP,
15.6304,17,STA,WIFI_DROP,
15.6328,5,STA,WIFI_DROP,
15.6328,17,STA,WIFI_DROP,
15.6352,5,STA,WIFI_DROP,
15.6352,17,STA,WIFI_DROP,
15.6376,5,STA,WIFI_DROP,
15.6376,17,STA,WIFI_DROP,
15.64,5,STA,WIFI_DROP,
15.64,17,STA,WIFI_DROP,
15.6424,5,STA,WIFI_DROP,
15.6424,17,STA,WIFI_DROP,
15.6448,5,STA,WIFI_DROP,
15.6448,17,STA,WIFI_DROP,
15.6472,5,STA,WIFI_DROP,
15.6472,17,STA,WIFI_DROP,
15.6496,5,STA,WIFI_DROP,
15.6496,17,STA,WIFI_DROP,
15.652,5,STA,WIFI_DROP,
15.652,17,STA,WIFI_DROP,
15.6544,5,STA,WIFI_DROP,
15.6544,17,STA,WIFI_DROP,
15.6568,5,STA,WIFI_DROP,
15.6568,17,STA,WIFI_DROP,
15.6592,5,STA,WIFI_DROP,
15.6592,17,STA,WIFI_DROP,
15.6616,5,STA,WIFI_DROP,
15.6616,17,STA,WIFI_DROP,
15.664,5,STA,WIFI_DROP,
15.664,17,STA,WIFI_DROP,
15.6664,5,STA,WIFI_DROP,
15.6664,17,STA,WIFI_DROP,
15.6688,5,STA,WIFI_DROP,
15.6688,17,STA,WIFI_DROP,
15.6712,5,STA,WIFI_DROP,
15.6712,17,STA,WIFI_DROP,
15.6736,5,STA,WIFI_DROP,
15.6736,17,STA,WIFI_DROP,
15.676,5,STA,WIFI_DROP,
15.676,17,STA,WIFI_DROP,
15.6784,5,STA,WIFI_DROP,
15.6784,17,STA,WIFI_DROP,
15.6808,5,STA,WIFI_DROP,
15.6808,17,STA,WIFI_DROP,
15.6832,5,STA,WIFI_DROP,
15.6832,17,STA,WIFI_DROP,
15.6856,5,STA,WIFI_DROP,
15.6856,17,STA,WIFI_DROP,
15.688,5,STA,WIFI_DROP,
15.688,17,STA,WIFI_DROP,
15.6904,5,STA,WIFI_DROP,
15.6904,17,STA,WIFI_DROP,
15.6928,5,STA,WIFI_DROP,
15.6928,17,STA,WIFI_DROP,
15.6952,5,STA,WIFI_DROP,
15.6952,17,STA,WIFI_DROP,
15.6976,5,STA,WIFI_DROP,
15.6976,17,STA,WIFI_DROP,
15.7,5,STA,WIFI_DROP,
15.7,17,STA,WIFI_DROP,
15.7024,5,STA,WIFI_DROP,
15.7024,17,STA,WIFI_DROP,
15.7048,5,STA,WIFI_DROP,
15.7048,8,STA,WIFI_DROP,
15.7048,17,STA,WIFI_DROP,
15.7072,5,STA,WIFI_DROP,
15.7072,8,STA,WIFI_DROP,
15.7072,17,STA,WIFI_DROP,
15.7096,5,STA,WIFI_DROP,
15.7096,8,STA,WIFI_DROP,
15.7096,17,STA,WIFI_DROP,
15.712,5,STA,WIFI_DROP,
15.712,8,STA,WIFI_DROP,
15.712,17,STA,WIFI_DROP,
15.7144,5,STA,WIFI_DROP,
15.7144,8,STA,WIFI_DROP,
15.7144,17,STA,WIFI_DROP,
15.7168,5,STA,WIFI_DROP,
15.7168,8,STA,WIFI_DROP,
15.7168,17,STA,WIFI_DROP,
15.7192,5,STA,WIFI_DROP,
15.7192,8,STA,WIFI_DROP,
15.7192,17,STA,WIFI_DROP,
15.7216,5,STA,WIFI_DROP,
15.7216,8,STA,WIFI_DROP,
15.7216,17,STA,WIFI_DROP,
15.724,5,STA,WIFI_DROP,
15.724,8,STA,WIFI_DROP,
15.724,17,STA,WIFI_DROP,
15.7264,5,STA,WIFI_DROP,
15.7264,8,STA,WIFI_DROP,
15.7264,17,STA,WIFI_DROP,
15.7288,5,STA,WIFI_DROP,
15.7288,8,STA,WIFI_DROP,
15.7288,17,STA,WIFI_DROP,
15.7312,5,STA,WIFI_DROP,
15.7312,8,STA,WIFI_DROP,
15.7312,17,STA,WIFI_DROP,
15.7336,5,STA,WIFI_DROP,
15.7336,8,STA,WIFI_DROP,
15.7336,17,STA,WIFI_DROP,
15.736,5,STA,WIFI_DROP,
15.736,8,STA,WIFI_DROP,
15.736,17,STA,WIFI_DROP,
15.7384,5,STA,WIFI_DROP,
15.7384,8,STA,WIFI_DROP,
15.7384,17,STA,WIFI_DROP,
15.7408,5,STA,WIFI_DROP,
15.7408,8,STA,WIFI_DROP,
15.7408,17,STA,WIFI_DROP,
15.7432,5,STA,WIFI_DROP,
15.7432,8,STA,WIFI_DROP,
15.7432,17,STA,WIFI_DROP,
15.7456,5,STA,WIFI_DROP,
15.7456,8,STA,WIFI_DROP,
15.7456,17,STA,WIFI_DROP,
15.748,5,STA,WIFI_DROP,
15.748,8,STA,WIFI_DROP,
15.748,17,STA,WIFI_DROP,
15.7504,5,STA,WIFI_DROP,
15.7504,8,STA,WIFI_DROP,
15.7504,17,STA,WIFI_DROP,
15.7528,5,STA,WIFI_DROP,
15.7528,8,STA,WIFI_DROP,
15.7528,17,STA,WIFI_DROP,
15.7552,5,STA,WIFI_DROP,
15.7552,8,STA,WIFI_DROP,
15.7552,17,STA,WIFI_DROP,
15.7576,5,STA,WIFI_DROP,
15.7576,8,STA,WIFI_DROP,
15.7576,17,STA,WIFI_DROP,
15.76,5,STA,WIFI_DROP,
15.76,8,STA,WIFI_DROP,
15.76,17,STA,WIFI_DROP,
15.7624,5,STA,WIFI_DROP,
15.7624,8,STA,WIFI_DROP,
15.7624,17,STA,WIFI_DROP,
15.7648,5,STA,WIFI_DROP,
15.7648,8,STA,WIFI_DROP,
15.7648,17,STA,WIFI_DROP,
15.7672,5,STA,WIFI_DROP,
15.7672,8,STA,WIFI_DROP,
15.7672,17,STA,WIFI_DROP,
15.7696,5,STA,WIFI_DROP,
15.7696,8,STA,WIFI_DROP,
15.7696,17,STA,WIFI_DROP,
15.772,5,STA,WIFI_DROP,
15.772,8,STA,WIFI_DROP,
15.772,17,STA,WIFI_DROP,
15.7744,5,STA,WIFI_DROP,
15.7744,8,STA,WIFI_DROP,
15.7744,17,STA,WIFI_DROP,
15.7768,5,STA,WIFI_DROP,
15.7768,8,STA,WIFI_DROP,
15.7768,17,STA,WIFI_DROP,
15.7792,5,STA,WIFI_DROP,
15.7792,8,STA,WIFI_DROP,
15.7792,17,STA,WIFI_DROP,
15.7816,5,STA,WIFI_DROP,
15.7816,8,STA,WIFI_DROP,
15.7816,17,STA,WIFI_DROP,
15.784,5,STA,WIFI_DROP,
15.784,8,STA,WIFI_DROP,
15.784,17,STA,WIFI_DROP,
15.7864,5,STA,WIFI_DROP,
15.7864,8,STA,WIFI_DROP,
15.7864,17,STA,WIFI_DROP,
15.7888,5,STA,WIFI_DROP,
15.7888,8,STA,WIFI_DROP,
15.7888,17,STA,WIFI_DROP,
15.7912,5,STA,WIFI_DROP,
15.7912,8,STA,WIFI_DROP,
15.7912,17,STA,WIFI_DROP,
15.7936,5,STA,WIFI_DROP,
15.7936,8,STA,WIFI_DROP,
15.7936,17,STA,WIFI_DROP,
15.796,5,STA,WIFI_DROP,
15.796,8,STA,WIFI_DROP,
15.796,17,STA,WIFI_DROP,
15.7984,5,STA,WIFI_DROP,
15.7984,8,STA,WIFI_DROP,
15.7984,17,STA,WIFI_DROP,
15.8008,5,STA,WIFI_DROP,
15.8008,8,STA,WIFI_DROP,
15.8008,17,STA,WIFI_DROP,
15.8032,5,STA,WIFI_DROP,
15.8032,8,STA,WIFI_DROP,
15.8032,17,STA,WIFI_DROP,
15.8056,5,STA,WIFI_DROP,
15.8056,8,STA,WIFI_DROP,
15.8056,17,STA,WIFI_DROP,
15.808,5,STA,WIFI_DROP,
15.808,8,STA,WIFI_DROP,
15.808,17,STA,WIFI_DROP,
15.8104,5,STA,WIFI_DROP,
15.8104,8,STA,WIFI_DROP,
15.8104,17,STA,WIFI_DROP,
15.8128,5,STA,WIFI_DROP,
15.8128,8,STA,WIFI_DROP,
15.8128,17,STA,WIFI_DROP,
15.8152,5,STA,WIFI_DROP,
15.8152,8,STA,WIFI_DROP,
15.8152,17,STA,WIFI_DROP,
15.8176,5,STA,WIFI_DROP,
15.8176,8,STA,WIFI_DROP,
15.8176,17,STA,WIFI_DROP,
15.82,5,STA,WIFI_DROP,
15.82,8,STA,WIFI_DROP,
15.82,17,STA,WIFI_DROP,
15.8224,5,STA,WIFI_DROP,
15.8224,8,STA,WIFI_DROP,
15.8224,17,STA,WIFI_DROP,
15.8248,5,STA,WIFI_DROP,
15.8248,8,STA,WIFI_DROP,
15.8248,17,STA,WIFI_DROP,
15.8272,5,STA,WIFI_DROP,
15.8272,8,STA,WIFI_DROP,
15.8272,17,STA,WIFI_DROP,
15.8296,5,STA,WIFI_DROP,
15.8296,8,STA,WIFI_DROP,
15.8296,17,STA,WIFI_DROP,
15.832,5,STA,WIFI_DROP,
15.832,8,STA,WIFI_DROP,
15.832,17,STA,WIFI_DROP,
15.8344,5,STA,WIFI_DROP,
15.8344,8,STA,WIFI_DROP,
15.8344,17,STA,WIFI_DROP,
15.8368,5,STA,WIFI_DROP,
15.8368,8,STA,WIFI_DROP,
15.8368,17,STA,WIFI_DROP,
15.8392,5,STA,WIFI_DROP,
15.8392,8,STA,WIFI_DROP,
15.8392,17,STA,WIFI_DROP,
15.8416,5,STA,WIFI_DROP,
15.8416,8,STA,WIFI_DROP,
15.8416,17,STA,WIFI_DROP,
15.844,5,STA,WIFI_DROP,
15.844,8,STA,WIFI_DROP,
15.844,17,STA,WIFI_DROP,
15.8464,5,STA,WIFI_DROP,
15.8464,8,STA,WIFI_DROP,
15.8464,17,STA,WIFI_DROP,
15.8488,5,STA,WIFI_DROP,
15.8488,8,STA,WIFI_DROP,
15.8488,17,STA,WIFI_DROP,
15.8512,5,STA,WIFI_DROP,
15.8512,8,STA,WIFI_DROP,
15.8512,17,STA,WIFI_DROP,
15.8536,5,STA,WIFI_DROP,
15.8536,8,STA,WIFI_DROP,
15.8536,17,STA,WIFI_DROP,
15.856,5,STA,WIFI_DROP,
15.856,8,STA,WIFI_DROP,
15.856,17,STA,WIFI_DROP,
15.8584,5,STA,WIFI_DROP,
15.8584,8,STA,WIFI_DROP,
15.8584,17,STA,WIFI_DROP,
15.8608,5,STA,WIFI_DROP,
15.8608,8,STA,WIFI_DROP,
15.8608,17,STA,WIFI_DROP,
15.8632,5,STA,WIFI_DROP,
15.8632,8,STA,WIFI_DROP,
15.8632,17,STA,WIFI_DROP,
15.8656,5,STA,WIFI_DROP,
15.8656,8,STA,WIFI_DROP,
15.8656,17,STA,WIFI_DROP,
15.868,5,STA,WIFI_DROP,
15.868,8,STA,WIFI_DROP,
15.868,17,STA,WIFI_DROP,
15.8704,5,STA,WIFI_DROP,
15.8704,8,STA,WIFI_DROP,
15.8704,17,STA,WIFI_DROP,
15.8728,5,STA,WIFI_DROP,
15.8728,8,STA,WIFI_DROP,
15.8728,17,STA,WIFI_DROP,
15.8752,5,STA,WIFI_DROP,
15.8752,8,STA,WIFI_DROP,
15.8752,17,STA,WIFI_DROP,
15.8776,5,STA,WIFI_DROP,
15.8776,8,STA,WIFI_DROP,
15.8776,17,STA,WIFI_DROP,
15.88,5,STA,WIFI_DROP,
15.88,8,STA,WIFI_DROP,
15.88,17,STA,WIFI_DROP,
15.8824,5,STA,WIFI_DROP,
15.8824,8,STA,WIFI_DROP,
15.8824,17,STA,WIFI_DROP,
15.8848,5,STA,WIFI_DROP,
15.8848,8,STA,WIFI_DROP,
15.8848,17,STA,WIFI_DROP,
15.8872,5,STA,WIFI_DROP,
15.8872,8,STA,WIFI_DROP,
15.8872,17,STA,WIFI_DROP,
15.8896,5,STA,WIFI_DROP,
15.8896,8,STA,WIFI_DROP,
15.8896,17,STA,WIFI_DROP,
15.892,5,STA,WIFI_DROP,
15.892,8,STA,WIFI_DROP,
15.892,17,STA,WIFI_DROP,
15.8944,5,STA,WIFI_DROP,
15.8944,8,STA,WIFI_DROP,
15.8944,17,STA,WIFI_DROP,
15.8968,5,STA,WIFI_DROP,
15.8968,8,STA,WIFI_DROP,
15.8968,17,STA,WIFI_DROP,
15.8992,5,STA,WIFI_DROP,
15.8992,8,STA,WIFI_DROP,
15.8992,17,STA,WIFI_DROP,
15.9016,5,STA,WIFI_DROP,
15.9016,8,STA,WIFI_DROP,
15.9016,17,STA,WIFI_DROP,
15.904,5,STA,WIFI_DROP,
15.904,8,STA,WIFI_DROP,
15.904,17,STA,WIFI_DROP,
15.9064,5,STA,WIFI_DROP,
15.9064,8,STA,WIFI_DROP,
15.9064,17,STA,WIFI_DROP,
15.9088,5,STA,WIFI_DROP,
15.9088,8,STA,WIFI_DROP,
15.9088,17,STA,WIFI_DROP,
15.9112,5,STA,WIFI_DROP,
15.9112,8,STA,WIFI_DROP,
15.9112,17,STA,WIFI_DROP,
15.9136,5,STA,WIFI_DROP,
15.9136,8,STA,WIFI_DROP,
15.9136,17,STA,WIFI_DROP,
15.916,5,STA,WIFI_DROP,
15.916,8,STA,WIFI_DROP,
15.916,17,STA,WIFI_DROP,
15.9184,5,STA,WIFI_DROP,
15.9184,8,STA,WIFI_DROP,
15.9184,17,STA,WIFI_DROP,
15.9208,5,STA,WIFI_DROP,
15.9208,8,STA,WIFI_DROP,
15.9208,17,STA,WIFI_DROP,
15.9232,5,STA,WIFI_DROP,
15.9232,8,STA,WIFI_DROP,
15.9232,17,STA,WIFI_DROP,
15.9256,5,STA,WIFI_DROP,
15.9256,8,STA,WIFI_DROP,
15.9256,17,STA,WIFI_DROP,
15.928,5,STA,WIFI_DROP,
15.928,8,STA,WIFI_DROP,
15.928,17,STA,WIFI_DROP,
15.9304,5,STA,WIFI_DROP,
15.9304,8,STA,WIFI_DROP,
15.9304,17,STA,WIFI_DROP,
15.9328,5,STA,WIFI_DROP,
15.9328,8,STA,WIFI_DROP,
15.9328,17,STA,WIFI_DROP,
15.9352,5,STA,WIFI_DROP,
15.9352,8,STA,WIFI_DROP,
15.9352,17,STA,WIFI_DROP,
15.9376,5,STA,WIFI_DROP,
15.9376,8,STA,WIFI_DROP,
15.9376,17,STA,WIFI_DROP,
15.94,5,STA,WIFI_DROP,
15.94,8,STA,WIFI_DROP,
15.94,17,STA,WIFI_DROP,
15.9424,5,STA,WIFI_DROP,
15.9424,8,STA,WIFI_DROP,
15.9424,17,STA,WIFI_DROP,
15.9448,5,STA,WIFI_DROP,
15.9448,8,STA,WIFI_DROP,
15.9448,17,STA,WIFI_DROP,
15.9472,5,STA,WIFI_DROP,
15.9472,8,STA,WIFI_DROP,
15.9472,17,STA,WIFI_DROP,
15.9496,5,STA,WIFI_DROP,
15.9496,8,STA,WIFI_DROP,
15.9496,17,STA,WIFI_DROP,
15.952,5,STA,WIFI_DROP,
15.952,8,STA,WIFI_DROP,
15.952,17,STA,WIFI_DROP,
15.9544,5,STA,WIFI_DROP,
15.9544,8,STA,WIFI_DROP,
15.9544,17,STA,WIFI_DROP,
15.9568,5,STA,WIFI_DROP,
15.9568,8,STA,WIFI_DROP,
15.9568,17,STA,WIFI_DROP,
15.9592,5,STA,WIFI_DROP,
15.9592,8,STA,WIFI_DROP,
15.9592,17,STA,WIFI_DROP,
15.9616,5,STA,WIFI_DROP,
15.9616,8,STA,WIFI_DROP,
15.9616,17,STA,WIFI_DROP,
15.964,5,STA,WIFI_DROP,
15.964,8,STA,WIFI_DROP,
15.964,17,STA,WIFI_DROP,
15.9664,5,STA,WIFI_DROP,
15.9664,8,STA,WIFI_DROP,
15.9664,17,STA,WIFI_DROP,
15.9688,5,STA,WIFI_DROP,
15.9688,8,STA,WIFI_DROP,
15.9688,17,STA,WIFI_DROP,
15.9712,5,STA,WIFI_DROP,
15.9712,8,STA,WIFI_DROP,
15.9712,17,STA,WIFI_DROP,
15.9736,5,STA,WIFI_DROP,
15.9736,8,STA,WIFI_DROP,
15.9736,17,STA,WIFI_DROP,
15.976,5,STA,WIFI_DROP,
15.976,8,STA,WIFI_DROP,
15.976,17,STA,WIFI_DROP,
15.9784,5,STA,WIFI_DROP,
15.9784,8,STA,WIFI_DROP,
15.9784,17,STA,WIFI_DROP,
15.9808,5,STA,WIFI_DROP,
15.9808,8,STA,WIFI_DROP,
15.9808,17,STA,WIFI_DROP,
15.9832,5,STA,WIFI_DROP,
15.9832,8,STA,WIFI_DROP,
15.9832,17,STA,WIFI_DROP,
15.9856,5,STA,WIFI_DROP,
15.9856,8,STA,WIFI_DROP,
15.9856,17,STA,WIFI_DROP,
15.988,5,STA,WIFI_DROP,
15.988,8,STA,WIFI_DROP,
15.988,17,STA,WIFI_DROP,
15.9904,5,STA,WIFI_DROP,
15.9904,8,STA,WIFI_DROP,
15.9904,17,STA,WIFI_DROP,
15.9928,5,STA,WIFI_DROP,
15.9928,8,STA,WIFI_DROP,
15.9928,17,STA,WIFI_DROP,
15.9952,5,STA,WIFI_DROP,
15.9952,8,STA,WIFI_DROP,
15.9952,17,STA,WIFI_DROP,
15.9976,5,STA,WIFI_DROP,
15.9976,8,STA,WIFI_DROP,
15.9976,17,STA,WIFI_DROP,
16,2,STA,THROUGHPUT_MBPS,0.648000
16,3,STA,THROUGHPUT_MBPS,3.216000
16,4,STA,THROUGHPUT_MBPS,1.836000
16,5,STA,THROUGHPUT_MBPS,0.348000
16,6,STA,THROUGHPUT_MBPS,1.668000
16,7,STA,THROUGHPUT_MBPS,0.852000
16,8,STA,THROUGHPUT_MBPS,2.820000
16,9,STA,THROUGHPUT_MBPS,1.212000
16,10,STA,THROUGHPUT_MBPS,2.784000
16,11,STA,THROUGHPUT_MBPS,2.400000
16,12,STA,THROUGHPUT_MBPS,1.932000
16,13,STA,THROUGHPUT_MBPS,2.388000
16,15,STA,THROUGHPUT_MBPS,1.272000
16,17,STA,THROUGHPUT_MBPS,0.972000
16,18,STA,THROUGHPUT_MBPS,1.380000
16,19,STA,THROUGHPUT_MBPS,2.064000
16,1,AP,AGGREGATE_THROUGHPUT_MBPS,27.792000
16,1,AP,SENT_COUNT,8320.000000
16,1,AP,RECV_COUNT,2316.000000
16,1,AP,LATENCY_P95_MS,541.625893
16,5,STA,WIFI_DROP,
16,8,STA,WIFI_DROP,
16,17,STA,WIFI_DROP,
16.0024,5,STA,WIFI_DROP,
16.0024,8,STA,WIFI_DROP,
16.0024,17,STA,WIFI_DROP,
16.0048,5,STA,WIFI_DROP,
16.0048,8,STA,WIFI_DROP,
16.0048,17,STA,WIFI_DROP,
16.0072,5,STA,WIFI_DROP,
16.0072,8,STA,WIFI_DROP,
16.0072,17,STA,WIFI_DROP,
16.0096,5,STA,WIFI_DROP,
16.0096,8,STA,WIFI_DROP,
16.0096,17,STA,WIFI_DROP,
16.012,5,STA,WIFI_DROP,
16.012,8,STA,WIFI_DROP,
16.012,17,STA,WIFI_DROP,
16.0144,5,STA,WIFI_DROP,
16.0144,8,STA,WIFI_DROP,
16.0144,17,STA,WIFI_DROP,
16.0168,5,STA,WIFI_DROP,
16.0168,8,STA,WIFI_DROP,
16.0168,17,STA,WIFI_DROP,
16.0192,5,STA,WIFI_DROP,
16.0192,8,STA,WIFI_DROP,
16.0192,17,STA,WIFI_DROP,
16.0216,5,STA,WIFI_DROP,
16.0216,8,STA,WIFI_DROP,
16.0216,17,STA,WIFI_DROP,
16.024,5,STA,WIFI_DROP,
16.024,8,STA,WIFI_DROP,
16.024,17,STA,WIFI_DROP,
16.0264,5,STA,WIFI_DROP,
16.0264,8,STA,WIFI_DROP,
16.0264,17,STA,WIFI_DROP,
16.0288,5,STA,WIFI_DROP,
16.0288,8,STA,WIFI_DROP,
16.0288,17,STA,WIFI_DROP,
16.0312,5,STA,WIFI_DROP,
16.0312,8,STA,WIFI_DROP,
16.0312,17,STA,WIFI_DROP,
16.0336,5,STA,WIFI_DROP,
16.0336,8,STA,WIFI_DROP,
16.0336,17,STA,WIFI_DROP,
16.036,5,STA,WIFI_DROP,
16.036,8,STA,WIFI_DROP,
16.036,17,STA,WIFI_DROP,
16.0384,5,STA,WIFI_DROP,
16.0384,8,STA,WIFI_DROP,
16.0384,17,STA,WIFI_DROP,
16.0408,5,STA,WIFI_DROP,
16.0408,8,STA,WIFI_DROP,
16.0408,17,STA,WIFI_DROP,
16.0432,5,STA,WIFI_DROP,
16.0432,8,STA,WIFI_DROP,
16.0432,17,STA,WIFI_DROP,
16.0456,5,STA,WIFI_DROP,
16.0456,8,STA,WIFI_DROP,
16.0456,17,STA,WIFI_DROP,
16.048,5,STA,WIFI_DROP,
16.048,8,STA,WIFI_DROP,
16.048,17,STA,WIFI_DROP,
16.0504,5,STA,WIFI_DROP,
16.0504,8,STA,WIFI_DROP,
16.0504,17,STA,WIFI_DROP,
16.0528,5,STA,WIFI_DROP,
16.0528,8,STA,WIFI_DROP,
16.0528,17,STA,WIFI_DROP,
16.0552,5,STA,WIFI_DROP,
16.0552,8,STA,WIFI_DROP,
16.0552,17,STA,WIFI_DROP,
16.0576,5,STA,WIFI_DROP,
16.0576,8,STA,WIFI_DROP,
16.0576,17,STA,WIFI_DROP,
16.06,5,STA,WIFI_DROP,
16.06,8,STA,WIFI_DROP,
16.06,17,STA,WIFI_DROP,
16.0624,5,STA,WIFI_DROP,
16.0624,8,STA,WIFI_DROP,
16.0624,17,STA,WIFI_DROP,
16.0648,5,STA,WIFI_DROP,
16.0648,8,STA,WIFI_DROP,
16.0648,17,STA,WIFI_DROP,
16.0672,5,STA,WIFI_DROP,
16.0672,8,STA,WIFI_DROP,
16.0672,17,STA,WIFI_DROP,
16.0696,5,STA,WIFI_DROP,
16.0696,8,STA,WIFI_DROP,
16.0696,17,STA,WIFI_DROP,
16.072,5,STA,WIFI_DROP,
16.072,8,STA,WIFI_DROP,
16.072,17,STA,WIFI_DROP,
16.0744,5,STA,WIFI_DROP,
16.0744,8,STA,WIFI_DROP,
16.0744,17,STA,WIFI_DROP,
16.0768,5,STA,WIFI_DROP,
16.0768,8,STA,WIFI_DROP,
16.0768,17,STA,WIFI_DROP,
16.0792,5,STA,WIFI_DROP,
16.0792,8,STA,WIFI_DROP,
16.0792,17,STA,WIFI_DROP,
16.0816,5,STA,WIFI_DROP,
16.0816,8,STA,WIFI_DROP,
16.0816,17,STA,WIFI_DROP,
16.084,5,STA,WIFI_DROP,
16.084,8,STA,WIFI_DROP,
16.084,17,STA,WIFI_DROP,
16.0864,5,STA,WIFI_DROP,
16.0864,8,STA,WIFI_DROP,
16.0864,17,STA,WIFI_DROP,
16.0888,5,STA,WIFI_DROP,
16.0888,8,STA,WIFI_DROP,
16.0888,17,STA,WIFI_DROP,
16.0912,5,STA,WIFI_DROP,
16.0912,8,STA,WIFI_DROP,
16.0912,17,STA,WIFI_DROP,
16.0936,5,STA,WIFI_DROP,
16.0936,8,STA,WIFI_DROP,
16.0936,17,STA,WIFI_DROP,
16.096,5,STA,WIFI_DROP,
16.096,8,STA,WIFI_DROP,
16.096,17,STA,WIFI_DROP,
16.0984,5,STA,WIFI_DROP,
16.0984,8,STA,WIFI_DROP,
16.0984,17,STA,WIFI_DROP,
16.1008,5,STA,WIFI_DROP,
16.1008,8,STA,WIFI_DROP,
16.1008,17,STA,WIFI_DROP,
16.1032,5,STA,WIFI_DROP,
16.1032,8,STA,WIFI_DROP,
16.1032,17,STA,WIFI_DROP,
16.1056,5,STA,WIFI_DROP,
16.1056,8,STA,WIFI_DROP,
16.1056,17,STA,WIFI_DROP,
16.108,5,STA,WIFI_DROP,
16.108,8,STA,WIFI_DROP,
16.108,17,STA,WIFI_DROP,
16.1104,5,STA,WIFI_DROP,
16.1104,8,STA,WIFI_DROP,
16.1104,17,STA,WIFI_DROP,
16.1128,5,STA,WIFI_DROP,
16.1128,8,STA,WIFI_DROP,
16.1128,17,STA,WIFI_DROP,
16.1152,5,STA,WIFI_DROP,
16.1152,8,STA,WIFI_DROP,
16.1152,17,STA,WIFI_DROP,
16.1176,5,STA,WIFI_DROP,
16.1176,8,STA,WIFI_DROP,
16.1176,17,STA,WIFI_DROP,
16.12,5,STA,WIFI_DROP,
16.12,8,STA,WIFI_DROP,
16.12,17,STA,WIFI_DROP,
16.1224,5,STA,WIFI_DROP,
16.1224,8,STA,WIFI_DROP,
16.1224,17,STA,WIFI_DROP,
16.1248,5,STA,WIFI_DROP,
16.1248,8,STA,WIFI_DROP,
16.1248,17,STA,WIFI_DROP,
16.1272,5,STA,WIFI_DROP,
16.1272,8,STA,WIFI_DROP,
16.1272,17,STA,WIFI_DROP,
16.1296,5,STA,WIFI_DROP,
16.1296,8,STA,WIFI_DROP,
16.1296,17,STA,WIFI_DROP,
16.132,5,STA,WIFI_DROP,
16.132,8,STA,WIFI_DROP,
16.132,17,STA,WIFI_DROP,
16.1344,5,STA,WIFI_DROP,
16.1344,8,STA,WIFI_DROP,
16.1344,17,STA,WIFI_DROP,
16.1368,5,STA,WIFI_DROP,
16.1368,8,STA,WIFI_DROP,
16.1368,17,STA,WIFI_DROP,
16.1392,5,STA,WIFI_DROP,
16.1392,8,STA,WIFI_DROP,
16.1392,17,STA,WIFI_DROP,
16.1416,5,STA,WIFI_DROP,
16.1416,8,STA,WIFI_DROP,
16.1416,17,STA,WIFI_DROP,
16.144,5,STA,WIFI_DROP,
16.144,8,STA,WIFI_DROP,
16.144,17,STA,WIFI_DROP,
16.1464,5,STA,WIFI_DROP,
16.1464,8,STA,WIFI_DROP,
16.1464,17,STA,WIFI_DROP,
16.1488,5,STA,WIFI_DROP,
16.1488,8,STA,WIFI_DROP,
16.1488,17,STA,WIFI_DROP,
16.1512,5,STA,WIFI_DROP,
16.1512,8,STA,WIFI_DROP,
16.1512,17,STA,WIFI_DROP,
16.1536,5,STA,WIFI_DROP,
16.1536,8,STA,WIFI_DROP,
16.1536,17,STA,WIFI_DROP,
16.156,8,STA,WIFI_DROP,
16.156,17,STA,WIFI_DROP,
16.1584,8,STA,WIFI_DROP,
16.1584,17,STA,WIFI_DROP,
16.1608,8,STA,WIFI_DROP,
16.1608,17,STA,WIFI_DROP,
16.1632,8,STA,WIFI_DROP,
16.1632,17,STA,WIFI_DROP,
16.1656,8,STA,WIFI_DROP,
16.1656,17,STA,WIFI_DROP,
16.168,8,STA,WIFI_DROP,
16.168,17,STA,WIFI_DROP,
16.1704,8,STA,WIFI_DROP,
16.1704,17,STA,WIFI_DROP,
16.1728,8,STA,WIFI_DROP,
16.1728,17,STA,WIFI_DROP,
16.1752,8,STA,WIFI_DROP,
16.1752,17,STA,WIFI_DROP,
16.1776,8,STA,WIFI_DROP,
16.1776,17,STA,WIFI_DROP,
16.18,8,STA,WIFI_DROP,
16.18,17,STA,WIFI_DROP,
16.1824,8,STA,WIFI_DROP,
16.1824,17,STA,WIFI_DROP,
16.1848,8,STA,WIFI_DROP,
16.1848,17,STA,WIFI_DROP,
16.1872,8,STA,WIFI_DROP,
16.1872,17,STA,WIFI_DROP,
16.1896,8,STA,WIFI_DROP,
16.1896,17,STA,WIFI_DROP,
16.192,8,STA,WIFI_DROP,
16.192,17,STA,WIFI_DROP,
16.1944,8,STA,WIFI_DROP,
16.1944,17,STA,WIFI_DROP,
16.1968,8,STA,WIFI_DROP,
16.1968,17,STA,WIFI_DROP,
16.1992,8,STA,WIFI_DROP,
16.1992,17,STA,WIFI_DROP,
16.2016,8,STA,WIFI_DROP,
16.2016,17,STA,WIFI_DROP,
16.204,8,STA,WIFI_DROP,
16.2064,8,STA,WIFI_DROP,
16.2088,8,STA,WIFI_DROP,
16.2112,8,STA,WIFI_DROP,
16.2136,8,STA,WIFI_DROP,
16.216,8,STA,WIFI_DROP,
16.2184,8,STA,WIFI_DROP,
16.2208,8,STA,WIFI_DROP,
16.2232,8,STA,WIFI_DROP,
16.2256,8,STA,WIFI_DROP,
16.228,8,STA,WIFI_DROP,
16.2304,8,STA,WIFI_DROP,
16.2328,8,STA,WIFI_DROP,
16.2352,8,STA,WIFI_DROP,
16.2376,8,STA,WIFI_DROP,
16.24,8,STA,WIFI_DROP,
16.2424,8,STA,WIFI_DROP,
16.2448,8,STA,WIFI_DROP,
16.2472,8,STA,WIFI_DROP,
16.2496,8,STA,WIFI_DROP,
16.252,8,STA,WIFI_DROP,
16.2544,8,STA,WIFI_DROP,
16.2568,8,STA,WIFI_DROP,
16.4224,20,STA,WIFI_DROP,
16.4248,20,STA,WIFI_DROP,
16.4272,20,STA,WIFI_DROP,
16.4296,20,STA,WIFI_DROP,
16.432,20,STA,WIFI_DROP,
16.4344,20,STA,WIFI_DROP,
16.4368,20,STA,WIFI_DROP,
16.4392,20,STA,WIFI_DROP,
16.4416,20,STA,WIFI_DROP,
16.444,20,STA,WIFI_DROP,
16.4464,20,STA,WIFI_DROP,
16.4488,20,STA,WIFI_DROP,
16.4512,20,STA,WIFI_DROP,
16.4536,20,STA,WIFI_DROP,
16.456,20,STA,WIFI_DROP,
16.4584,20,STA,WIFI_DROP,
16.4608,20,STA,WIFI_DROP,
16.4632,20,STA,WIFI_DROP,
16.4656,20,STA,WIFI_DROP,
16.468,20,STA,WIFI_DROP,
16.4704,20,STA,WIFI_DROP,
16.4728,20,STA,WIFI_DROP,
16.4752,20,STA,WIFI_DROP,
16.4776,20,STA,WIFI_DROP,
16.48,20,STA,WIFI_DROP,
16.4824,20,STA,WIFI_DROP,
16.4848,20,STA,WIFI_DROP,
16.4872,20,STA,WIFI_DROP,
16.4896,20,STA,WIFI_DROP,
16.492,20,STA,WIFI_DROP,
16.4944,20,STA,WIFI_DROP,
16.4968,20,STA,WIFI_DROP,
16.4992,20,STA,WIFI_DROP,
16.5016,20,STA,WIFI_DROP,
16.504,20,STA,WIFI_DROP,
16.5064,20,STA,WIFI_DROP,
16.5088,20,STA,WIFI_DROP,
16.5112,20,STA,WIFI_DROP,
16.5136,20,STA,WIFI_DROP,
16.516,20,STA,WIFI_DROP,
16.5184,20,STA,WIFI_DROP,
16.5208,20,STA,WIFI_DROP,
16.5232,20,STA,WIFI_DROP,
16.5256,20,STA,WIFI_DROP,
16.528,20,STA,WIFI_DROP,
16.5304,20,STA,WIFI_DROP,
16.5328,20,STA,WIFI_DROP,
16.5352,20,STA,WIFI_DROP,
16.5376,20,STA,WIFI_DROP,
16.54,20,STA,WIFI_DROP,
16.5424,20,STA,WIFI_DROP,
16.5448,20,STA,WIFI_DROP,
16.5472,20,STA,WIFI_DROP,
16.5496,20,STA,WIFI_DROP,
16.552,20,STA,WIFI_DROP,
16.5544,20,STA,WIFI_DROP,
16.5568,20,STA,WIFI_DROP,
16.5592,20,STA,WIFI_DROP,
16.5616,20,STA,WIFI_DROP,
16.564,20,STA,WIFI_DROP,
16.5664,20,STA,WIFI_DROP,
16.5688,20,STA,WIFI_DROP,
16.5712,20,STA,WIFI_DROP,
16.5736,20,STA,WIFI_DROP,
16.6264,9,STA,WIFI_DROP,
16.6288,9,STA,WIFI_DROP,
16.6312,9,STA,WIFI_DROP,
16.6312,21,STA,WIFI_DROP,
16.6336,9,STA,WIFI_DROP,
16.6336,21,STA,WIFI_DROP,
16.636,9,STA,WIFI_DROP,
16.636,21,STA,WIFI_DROP,
16.6384,9,STA,WIFI_DROP,
16.6384,21,STA,WIFI_DROP,
16.6408,9,STA,WIFI_DROP,
16.6408,21,STA,WIFI_DROP,
16.6432,9,STA,WIFI_DROP,
16.6432,21,STA,WIFI_DROP,
16.6456,9,STA,WIFI_DROP,
16.6456,21,STA,WIFI_DROP,
16.648,9,STA,WIFI_DROP,
16.648,21,STA,WIFI_DROP,
16.6504,9,STA,WIFI_DROP,
16.6504,21,STA,WIFI_DROP,
16.6528,9,STA,WIFI_DROP,
16.6528,21,STA,WIFI_DROP,
16.6552,9,STA,WIFI_DROP,
16.6552,21,STA,WIFI_DROP,
16.6576,9,STA,WIFI_DROP,
16.6576,21,STA,WIFI_DROP,
16.66,9,STA,WIFI_DROP,
16.66,21,STA,WIFI_DROP,
16.6624,9,STA,WIFI_DROP,
16.6624,21,STA,WIFI_DROP,
16.6648,9,STA,WIFI_DROP,
16.6648,21,STA,WIFI_DROP,
16.6672,9,STA,WIFI_DROP,
16.6672,21,STA,WIFI_DROP,
16.6696,9,STA,WIFI_DROP,
16.6696,21,STA,WIFI_DROP,
16.672,9,STA,WIFI_DROP,
16.672,21,STA,WIFI_DROP,
16.6744,9,STA,WIFI_DROP,
16.6744,21,STA,WIFI_DROP,
16.6768,9,STA,WIFI_DROP,
16.6768,21,STA,WIFI_DROP,
16.6792,9,STA,WIFI_DROP,
16.6792,21,STA,WIFI_DROP,
16.6816,9,STA,WIFI_DROP,
16.6816,21,STA,WIFI_DROP,
16.684,9,STA,WIFI_DROP,
16.684,21,STA,WIFI_DROP,
16.6864,9,STA,WIFI_DROP,
16.6864,21,STA,WIFI_DROP,
16.6888,9,STA,WIFI_DROP,
16.6888,21,STA,WIFI_DROP,
16.6912,9,STA,WIFI_DROP,
16.6912,21,STA,WIFI_DROP,
16.6936,9,STA,WIFI_DROP,
16.6936,21,STA,WIFI_DROP,
16.696,9,STA,WIFI_DROP,
16.696,21,STA,WIFI_DROP,
16.6984,9,STA,WIFI_DROP,
16.6984,21,STA,WIFI_DROP,
16.7008,9,STA,WIFI_DROP,
16.7008,21,STA,WIFI_DROP,
16.7032,9,STA,WIFI_DROP,
16.7032,21,STA,WIFI_DROP,
16.7056,9,STA,WIFI_DROP,
16.7056,21,STA,WIFI_DROP,
16.708,9,STA,WIFI_DROP,
16.708,21,STA,WIFI_DROP,
16.7104,9,STA,WIFI_DROP,
16.7104,21,STA,WIFI_DROP,
16.7128,9,STA,WIFI_DROP,
16.7128,21,STA,WIFI_DROP,
16.7152,9,STA,WIFI_DROP,
16.7152,21,STA,WIFI_DROP,
16.7176,9,STA,WIFI_DROP,
16.7176,21,STA,WIFI_DROP,
16.72,9,STA,WIFI_DROP,
16.72,21,STA,WIFI_DROP,
16.7224,9,STA,WIFI_DROP,
16.7224,21,STA,WIFI_DROP,
16.7248,9,STA,WIFI_DROP,
16.7248,21,STA,WIFI_DROP,
16.7272,9,STA,WIFI_DROP,
16.7272,21,STA,WIFI_DROP,
16.7296,9,STA,WIFI_DROP,
16.7296,21,STA,WIFI_DROP,
16.732,9,STA,WIFI_DROP,
16.732,16,STA,WIFI_DROP,
16.732,21,STA,WIFI_DROP,
16.7344,9,STA,WIFI_DROP,
16.7344,16,STA,WIFI_DROP,
16.7344,21,STA,WIFI_DROP,
16.7368,9,STA,WIFI_DROP,
16.7368,16,STA,WIFI_DROP,
16.7368,21,STA,WIFI_DROP,
16.7392,9,STA,WIFI_DROP,
16.7392,16,STA,WIFI_DROP,
16.7392,21,STA,WIFI_DROP,
16.7416,9,STA,WIFI_DROP,
16.7416,16,STA,WIFI_DROP,
16.7416,21,STA,WIFI_DROP,
16.744,9,STA,WIFI_DROP,
16.744,16,STA,WIFI_DROP,
16.744,21,STA,WIFI_DROP,
16.7464,9,STA,WIFI_DROP,
16.7464,16,STA,WIFI_DROP,
16.7464,21,STA,WIFI_DROP,
16.7488,9,STA,WIFI_DROP,
16.7488,16,STA,WIFI_DROP,
16.7488,21,STA,WIFI_DROP,
16.7512,9,STA,WIFI_DROP,
16.7512,16,STA,WIFI_DROP,
16.7512,21,STA,WIFI_DROP,
16.7536,9,STA,WIFI_DROP,
16.7536,16,STA,WIFI_DROP,
16.7536,21,STA,WIFI_DROP,
16.756,9,STA,WIFI_DROP,
16.756,16,STA,WIFI_DROP,
16.756,21,STA,WIFI_DROP,
16.7584,9,STA,WIFI_DROP,
16.7584,16,STA,WIFI_DROP,
16.7584,21,STA,WIFI_DROP,
16.7608,9,STA,WIFI_DROP,
16.7608,16,STA,WIFI_DROP,
16.7608,21,STA,WIFI_DROP,
16.7632,9,STA,WIFI_DROP,
16.7632,16,STA,WIFI_DROP,
16.7632,21,STA,WIFI_DROP,
16.7656,9,STA,WIFI_DROP,
16.7656,16,STA,WIFI_DROP,
16.7656,21,STA,WIFI_DROP,
16.768,9,STA,WIFI_DROP,
16.768,16,STA,WIFI_DROP,
16.768,21,STA,WIFI_DROP,
16.7704,9,STA,WIFI_DROP,
16.7704,16,STA,WIFI_DROP,
16.7704,21,STA,WIFI_DROP,
16.7728,9,STA,WIFI_DROP,
16.7728,16,STA,WIFI_DROP,
16.7728,21,STA,WIFI_DROP,
16.7752,9,STA,WIFI_DROP,
16.7752,16,STA,WIFI_DROP,
16.7752,21,STA,WIFI_DROP,
16.7776,9,STA,WIFI_DROP,
16.7776,16,STA,WIFI_DROP,
16.7776,21,STA,WIFI_DROP,
16.78,9,STA,WIFI_DROP,
16.78,16,STA,WIFI_DROP,
16.78,21,STA,WIFI_DROP,
16.7824,9,STA,WIFI_DROP,
16.7824,16,STA,WIFI_DROP,
16.7824,21,STA,WIFI_DROP,
16.7848,9,STA,WIFI_DROP,
16.7848,16,STA,WIFI_DROP,
16.7848,21,STA,WIFI_DROP,
16.7872,9,STA,WIFI_DROP,
16.7872,16,STA,WIFI_DROP,
16.7872,21,STA,WIFI_DROP,
16.7896,9,STA,WIFI_DROP,
16.7896,16,STA,WIFI_DROP,
16.7896,21,STA,WIFI_DROP,
16.792,9,STA,WIFI_DROP,
16.792,16,STA,WIFI_DROP,
16.792,21,STA,WIFI_DROP,
16.7944,9,STA,WIFI_DROP,
16.7944,16,STA,WIFI_DROP,
16.7944,21,STA,WIFI_DROP,
16.7968,9,STA,WIFI_DROP,
16.7968,16,STA,WIFI_DROP,
16.7968,21,STA,WIFI_DROP,
16.7992,9,STA,WIFI_DROP,
16.7992,16,STA,WIFI_DROP,
16.7992,21,STA,WIFI_DROP,
16.8016,9,STA,WIFI_DROP,
16.8016,16,STA,WIFI_DROP,
16.8016,21,STA,WIFI_DROP,
16.804,9,STA,WIFI_DROP,
16.804,16,STA,WIFI_DROP,
16.804,21,STA,WIFI_DROP,
16.8064,9,STA,WIFI_DROP,
16.8064,16,STA,WIFI_DROP,
16.8064,21,STA,WIFI_DROP,
16.8088,9,STA,WIFI_DROP,
16.8088,16,STA,WIFI_DROP,
16.8088,21,STA,WIFI_DROP,
16.8112,9,STA,WIFI_DROP,
16.8112,16,STA,WIFI_DROP,
16.8112,21,STA,WIFI_DROP,
16.8136,9,STA,WIFI_DROP,
16.8136,16,STA,WIFI_DROP,
16.8136,21,STA,WIFI_DROP,
16.816,9,STA,WIFI_DROP,
16.816,16,STA,WIFI_DROP,
16.816,21,STA,WIFI_DROP,
16.8184,9,STA,WIFI_DROP,
16.8184,16,STA,WIFI_DROP,
16.8184,21,STA,WIFI_DROP,
16.8208,9,STA,WIFI_DROP,
16.8208,16,STA,WIFI_DROP,
16.8208,21,STA,WIFI_DROP,
16.8232,9,STA,WIFI_DROP,
16.8232,16,STA,WIFI_DROP,
16.8232,21,STA,WIFI_DROP,
16.8256,9,STA,WIFI_DROP,
16.8256,16,STA,WIFI_DROP,
16.8256,21,STA,WIFI_DROP,
16.828,9,STA,WIFI_DROP,
16.828,16,STA,WIFI_DROP,
16.828,21,STA,WIFI_DROP,
16.8304,9,STA,WIFI_DROP,
16.8304,16,STA,WIFI_DROP,
16.8304,21,STA,WIFI_DROP,
16.8328,9,STA,WIFI_DROP,
16.8328,16,STA,WIFI_DROP,
16.8328,21,STA,WIFI_DROP,
16.8352,9,STA,WIFI_DROP,
16.8352,16,STA,WIFI_DROP,
16.8352,21,STA,WIFI_DROP,
16.8376,9,STA,WIFI_DROP,
16.8376,16,STA,WIFI_DROP,
16.8376,21,STA,WIFI_DROP,
16.84,9,STA,WIFI_DROP,
16.84,16,STA,WIFI_DROP,
16.84,21,STA,WIFI_DROP,
16.8424,9,STA,WIFI_DROP,
16.8424,16,STA,WIFI_DROP,
16.8424,21,STA,WIFI_DROP,
16.8448,9,STA,WIFI_DROP,
16.8448,16,STA,WIFI_DROP,
16.8448,21,STA,WIFI_DROP,
16.8472,9,STA,WIFI_DROP,
16.8472,16,STA,WIFI_DROP,
16.8472,21,STA,WIFI_DROP,
16.8496,9,STA,WIFI_DROP,
16.8496,16,STA,WIFI_DROP,
16.8496,21,STA,WIFI_DROP,
16.852,9,STA,WIFI_DROP,
16.852,16,STA,WIFI_DROP,
16.852,21,STA,WIFI_DROP,
16.8544,9,STA,WIFI_DROP,
16.8544,16,STA,WIFI_DROP,
16.8544,21,STA,WIFI_DROP,
16.8568,9,STA,WIFI_DROP,
16.8568,16,STA,WIFI_DROP,
16.8568,21,STA,WIFI_DROP,
16.8592,9,STA,WIFI_DROP,
16.8592,16,STA,WIFI_DROP,
16.8592,21,STA,WIFI_DROP,
16.8616,9,STA,WIFI_DROP,
16.8616,16,STA,WIFI_DROP,
16.8616,21,STA,WIFI_DROP,
16.864,9,STA,WIFI_DROP,
16.864,16,STA,WIFI_DROP,
16.864,21,STA,WIFI_DROP,
16.8664,9,STA,WIFI_DROP,
16.8664,16,STA,WIFI_DROP,
16.8664,21,STA,WIFI_DROP,
16.8688,9,STA,WIFI_DROP,
16.8688,16,STA,WIFI_DROP,
16.8688,21,STA,WIFI_DROP,
16.8712,9,STA,WIFI_DROP,
16.8712,16,STA,WIFI_DROP,
16.8712,21,STA,WIFI_DROP,
16.8736,9,STA,WIFI_DROP,
16.8736,16,STA,WIFI_DROP,
16.8736,21,STA,WIFI_DROP,
16.876,9,STA,WIFI_DROP,
16.876,16,STA,WIFI_DROP,
16.876,21,STA,WIFI_DROP,
16.8784,9,STA,WIFI_DROP,
16.8784,16,STA,WIFI_DROP,
16.8784,21,STA,WIFI_DROP,
16.8808,9,STA,WIFI_DROP,
16.8808,16,STA,WIFI_DROP,
16.8808,21,STA,WIFI_DROP,
16.8832,9,STA,WIFI_DROP,
16.8832,16,STA,WIFI_DROP,
16.8832,21,STA,WIFI_DROP,
16.8856,9,STA,WIFI_DROP,
16.8856,16,STA,WIFI_DROP,
16.8856,21,STA,WIFI_DROP,
16.888,9,STA,WIFI_DROP,
16.888,16,STA,WIFI_DROP,
16.888,21,STA,WIFI_DROP,
16.8904,9,STA,WIFI_DROP,
16.8904,16,STA,WIFI_DROP,
16.8904,21,STA,WIFI_DROP,
16.8928,9,STA,WIFI_DROP,
16.8928,16,STA,WIFI_DROP,
16.8928,21,STA,WIFI_DROP,
16.8952,9,STA,WIFI_DROP,
16.8952,16,STA,WIFI_DROP,
16.8952,21,STA,WIFI_DROP,
16.8976,9,STA,WIFI_DROP,
16.8976,16,STA,WIFI_DROP,
16.8976,21,STA,WIFI_DROP,
16.9,9,STA,WIFI_DROP,
16.9,16,STA,WIFI_DROP,
16.9,21,STA,WIFI_DROP,
16.9024,9,STA,WIFI_DROP,
16.9024,16,STA,WIFI_DROP,
16.9024,21,STA,WIFI_DROP,
16.9048,9,STA,WIFI_DROP,
16.9048,16,STA,WIFI_DROP,
16.9048,21,STA,WIFI_DROP,
16.9072,9,STA,WIFI_DROP,
16.9072,16,STA,WIFI_DROP,
16.9072,21,STA,WIFI_DROP,
16.9096,9,STA,WIFI_DROP,
16.9096,16,STA,WIFI_DROP,
16.9096,21,STA,WIFI_DROP,
16.912,9,STA,WIFI_DROP,
16.912,16,STA,WIFI_DROP,
16.912,21,STA,WIFI_DROP,
16.9144,9,STA,WIFI_DROP,
16.9144,16,STA,WIFI_DROP,
16.9144,21,STA,WIFI_DROP,
16.9168,9,STA,WIFI_DROP,
16.9168,16,STA,WIFI_DROP,
16.9168,21,STA,WIFI_DROP,
16.9192,9,STA,WIFI_DROP,
16.9192,16,STA,WIFI_DROP,
16.9192,21,STA,WIFI_DROP,
16.9216,9,STA,WIFI_DROP,
16.9216,16,STA,WIFI_DROP,
16.9216,21,STA,WIFI_DROP,
16.924,9,STA,WIFI_DROP,
16.924,16,STA,WIFI_DROP,
16.924,21,STA,WIFI_DROP,
16.9264,9,STA,WIFI_DROP,
16.9264,16,STA,WIFI_DROP,
16.9264,21,STA,WIFI_DROP,
16.9288,9,STA,WIFI_DROP,
16.9288,16,STA,WIFI_DROP,
16.9288,21,STA,WIFI_DROP,
16.9312,16,STA,WIFI_DROP,
16.9312,21,STA,WIFI_DROP,
16.9336,16,STA,WIFI_DROP,
16.9336,21,STA,WIFI_DROP,
16.936,16,STA,WIFI_DROP,
16.936,21,STA,WIFI_DROP,
16.9384,16,STA,WIFI_DROP,
16.9384,21,STA,WIFI_DROP,
16.9408,16,STA,WIFI_DROP,
16.9408,21,STA,WIFI_DROP,
16.9432,16,STA,WIFI_DROP,
16.9432,21,STA,WIFI_DROP,
16.9456,16,STA,WIFI_DROP,
16.9456,21,STA,WIFI_DROP,
16.948,16,STA,WIFI_DROP,
16.948,21,STA,WIFI_DROP,
16.9504,16,STA,WIFI_DROP,
16.9504,21,STA,WIFI_DROP,
16.9528,16,STA,WIFI_DROP,
16.9528,21,STA,WIFI_DROP,
16.9552,16,STA,WIFI_DROP,
16.9552,21,STA,WIFI_DROP,
16.9576,16,STA,WIFI_DROP,
16.9576,21,STA,WIFI_DROP,
16.96,16,STA,WIFI_DROP,
16.96,21,STA,WIFI_DROP,
16.9624,16,STA,WIFI_DROP,
16.9624,21,STA,WIFI_DROP,
16.9648,16,STA,WIFI_DROP,
16.9648,21,STA,WIFI_DROP,
16.9672,16,STA,WIFI_DROP,
16.9672,21,STA,WIFI_DROP,
16.9696,16,STA,WIFI_DROP,
16.9696,21,STA,WIFI_DROP,
16.972,16,STA,WIFI_DROP,
16.972,21,STA,WIFI_DROP,
16.9744,16,STA,WIFI_DROP,
16.9744,21,STA,WIFI_DROP,
16.9768,16,STA,WIFI_DROP,
16.9768,21,STA,WIFI_DROP,
16.9792,16,STA,WIFI_DROP,
16.9792,21,STA,WIFI_DROP,
16.9816,16,STA,WIFI_DROP,
16.9816,21,STA,WIFI_DROP,
16.984,16,STA,WIFI_DROP,
16.984,21,STA,WIFI_DROP,
16.9864,16,STA,WIFI_DROP,
16.9864,21,STA,WIFI_DROP,
16.9888,16,STA,WIFI_DROP,
16.9888,21,STA,WIFI_DROP,
16.9912,16,STA,WIFI_DROP,
16.9912,21,STA,WIFI_DROP,
16.9936,16,STA,WIFI_DROP,
16.9936,21,STA,WIFI_DROP,
16.996,16,STA,WIFI_DROP,
16.996,21,STA,WIFI_DROP,
16.9984,16,STA,WIFI_DROP,
16.9984,21,STA,WIFI_DROP,
17,2,STA,THROUGHPUT_MBPS,0.696000
17,3,STA,THROUGHPUT_MBPS,0.804000
17,4,STA,THROUGHPUT_MBPS,1.524000
17,5,STA,THROUGHPUT_MBPS,2.112000
17,6,STA,THROUGHPUT_MBPS,0.576000
17,7,STA,THROUGHPUT_MBPS,3.384000
17,9,STA,THROUGHPUT_MBPS,1.464000
17,10,STA,THROUGHPUT_MBPS,2.688000
17,11,STA,THROUGHPUT_MBPS,1.080000
17,12,STA,THROUGHPUT_MBPS,2.556000
17,13,STA,THROUGHPUT_MBPS,3.732000
17,15,STA,THROUGHPUT_MBPS,3.036000
17,18,STA,THROUGHPUT_MBPS,1.500000
17,19,STA,THROUGHPUT_MBPS,1.512000
17,1,AP,AGGREGATE_THROUGHPUT_MBPS,26.664000
17,1,AP,SENT_COUNT,8340.000000
17,1,AP,RECV_COUNT,2222.000000
17,1,AP,LATENCY_P95_MS,549.788996
17.0008,16,STA,WIFI_DROP,
17.0008,21,STA,WIFI_DROP,
17.0032,16,STA,WIFI_DROP,
17.0032,21,STA,WIFI_DROP,
17.0056,16,STA,WIFI_DROP,
17.0056,21,STA,WIFI_DROP,
17.008,16,STA,WIFI_DROP,
17.008,21,STA,WIFI_DROP,
17.0104,16,STA,WIFI_DROP,
17.0104,21,STA,WIFI_DROP,
17.0128,16,STA,WIFI_DROP,
17.0128,21,STA,WIFI_DROP,
17.0152,16,STA,WIFI_DROP,
17.0152,21,STA,WIFI_DROP,
17.0176,16,STA,WIFI_DROP,
17.0176,21,STA,WIFI_DROP,
17.02,16,STA,WIFI_DROP,
17.02,21,STA,WIFI_DROP,
17.0224,16,STA,WIFI_DROP,
17.0224,21,STA,WIFI_DROP,
17.0248,16,STA,WIFI_DROP,
17.0248,21,STA,WIFI_DROP,
17.0272,16,STA,WIFI_DROP,
17.0272,21,STA,WIFI_DROP,
17.0296,16,STA,WIFI_DROP,
17.0296,21,STA,WIFI_DROP,
17.032,16,STA,WIFI_DROP,
17.032,21,STA,WIFI_DROP,
17.0344,16,STA,WIFI_DROP,
17.0344,21,STA,WIFI_DROP,
17.0368,16,STA,WIFI_DROP,
17.0368,21,STA,WIFI_DROP,
17.0392,16,STA,WIFI_DROP,
17.0392,21,STA,WIFI_DROP,
17.0416,16,STA,WIFI_DROP,
17.0416,21,STA,WIFI_DROP,
17.044,16,STA,WIFI_DROP,
17.044,21,STA,WIFI_DROP,
17.0464,16,STA,WIFI_DROP,
17.0464,21,STA,WIFI_DROP,
17.0488,16,STA,WIFI_DROP,
17.0488,21,STA,WIFI_DROP,
17.0512,16,STA,WIFI_DROP,
17.0512,21,STA,WIFI_DROP,
17.0536,16,STA,WIFI_DROP,
17.0536,21,STA,WIFI_DROP,
17.056,16,STA,WIFI_DROP,
17.056,21,STA,WIFI_DROP,
17.0584,16,STA,WIFI_DROP,
17.0584,21,STA,WIFI_DROP,
17.0608,16,STA,WIFI_DROP,
17.0608,21,STA,WIFI_DROP,
17.0632,16,STA,WIFI_DROP,
17.0632,21,STA,WIFI_DROP,
17.0656,16,STA,WIFI_DROP,
17.0656,21,STA,WIFI_DROP,
17.068,16,STA,WIFI_DROP,
17.068,21,STA,WIFI_DROP,
17.0704,16,STA,WIFI_DROP,
17.0704,21,STA,WIFI_DROP,
17.0728,16,STA,WIFI_DROP,
17.0728,21,STA,WIFI_DROP,
17.0752,16,STA,WIFI_DROP,
17.0752,21,STA,WIFI_DROP,
17.0776,16,STA,WIFI_DROP,
17.0776,21,STA,WIFI_DROP,
17.08,16,STA,WIFI_DROP,
17.08,21,STA,WIFI_DROP,
17.0824,16,STA,WIFI_DROP,
17.0824,21,STA,WIFI_DROP,
17.0848,16,STA,WIFI_DROP,
17.0848,21,STA,WIFI_DROP,
17.0872,16,STA,WIFI_DROP,
17.0872,21,STA,WIFI_DROP,
17.0896,16,STA,WIFI_DROP,
17.0896,21,STA,WIFI_DROP,
17.092,16,STA,WIFI_DROP,
17.092,21,STA,WIFI_DROP,
17.0944,16,STA,WIFI_DROP,
17.0944,21,STA,WIFI_DROP,
17.0968,16,STA,WIFI_DROP,
17.0968,21,STA,WIFI_DROP,
17.0992,16,STA,WIFI_DROP,
17.0992,21,STA,WIFI_DROP,
17.1016,16,STA,WIFI_DROP,
17.1016,21,STA,WIFI_DROP,
17.104,16,STA,WIFI_DROP,
17.104,21,STA,WIFI_DROP,
17.1064,16,STA,WIFI_DROP,
17.1064,21,STA,WIFI_DROP,
17.1088,16,STA,WIFI_DROP,
17.1088,21,STA,WIFI_DROP,
17.1112,16,STA,WIFI_DROP,
17.1112,21,STA,WIFI_DROP,
17.1136,16,STA,WIFI_DROP,
17.1136,21,STA,WIFI_DROP,
17.116,16,STA,WIFI_DROP,
17.116,21,STA,WIFI_DROP,
17.1184,16,STA,WIFI_DROP,
17.1184,21,STA,WIFI_DROP,
17.1208,16,STA,WIFI_DROP,
17.1208,21,STA,WIFI_DROP,
17.1232,16,STA,WIFI_DROP,
17.1232,21,STA,WIFI_DROP,
17.1256,16,STA,WIFI_DROP,
17.1256,21,STA,WIFI_DROP,
17.128,16,STA,WIFI_DROP,
17.128,21,STA,WIFI_DROP,
17.1304,16,STA,WIFI_DROP,
17.1304,21,STA,WIFI_DROP,
17.1328,16,STA,WIFI_DROP,
17.1328,21,STA,WIFI_DROP,
17.1352,16,STA,WIFI_DROP,
17.1352,21,STA,WIFI_DROP,
17.1376,16,STA,WIFI_DROP,
17.1376,21,STA,WIFI_DROP,
17.14,16,STA,WIFI_DROP,
17.14,21,STA,WIFI_DROP,
17.1424,16,STA,WIFI_DROP,
17.1424,21,STA,WIFI_DROP,
17.1448,16,STA,WIFI_DROP,
17.1448,21,STA,WIFI_DROP,
17.1472,16,STA,WIFI_DROP,
17.1472,21,STA,WIFI_DROP,
17.1496,16,STA,WIFI_DROP,
17.1496,21,STA,WIFI_DROP,
17.152,16,STA,WIFI_DROP,
17.152,21,STA,WIFI_DROP,
17.1544,16,STA,WIFI_DROP,
17.1544,21,STA,WIFI_DROP,
17.1568,16,STA,WIFI_DROP,
17.1568,21,STA,WIFI_DROP,
17.1592,16,STA,WIFI_DROP,
17.1592,21,STA,WIFI_DROP,
17.1616,16,STA,WIFI_DROP,
17.1616,21,STA,WIFI_DROP,
17.164,16,STA,WIFI_DROP,
17.164,21,STA,WIFI_DROP,
17.1664,16,STA,WIFI_DROP,
17.1664,21,STA,WIFI_DROP,
17.1688,16,STA,WIFI_DROP,
17.1688,21,STA,WIFI_DROP,
17.1712,16,STA,WIFI_DROP,
17.1712,21,STA,WIFI_DROP,
17.1736,16,STA,WIFI_DROP,
17.1736,21,STA,WIFI_DROP,
17.176,16,STA,WIFI_DROP,
17.176,21,STA,WIFI_DROP,
17.1784,16,STA,WIFI_DROP,
17.1784,21,STA,WIFI_DROP,
17.1808,16,STA,WIFI_DROP,
17.1808,21,STA,WIFI_DROP,
17.1832,16,STA,WIFI_DROP,
17.1832,21,STA,WIFI_DROP,
17.1856,16,STA,WIFI_DROP,
17.1856,21,STA,WIFI_DROP,
17.188,16,STA,WIFI_DROP,
17.188,21,STA,WIFI_DROP,
17.1904,16,STA,WIFI_DROP,
17.1904,21,STA,WIFI_DROP,
17.1928,16,STA,WIFI_DROP,
17.1928,21,STA,WIFI_DROP,
17.1952,16,STA,WIFI_DROP,
17.1952,21,STA,WIFI_DROP,
17.1976,16,STA,WIFI_DROP,
17.1976,21,STA,WIFI_DROP,
17.2,16,STA,WIFI_DROP,
17.2,21,STA,WIFI_DROP,
17.2024,16,STA,WIFI_DROP,
17.2024,21,STA,WIFI_DROP,
17.2048,16,STA,WIFI_DROP,
17.2048,21,STA,WIFI_DROP,
17.2072,16,STA,WIFI_DROP,
17.2072,21,STA,WIFI_DROP,
17.2096,16,STA,WIFI_DROP,
17.2096,21,STA,WIFI_DROP,
17.212,16,STA,WIFI_DROP,
17.212,21,STA,WIFI_DROP,
17.2144,16,STA,WIFI_DROP,
17.2144,21,STA,WIFI_DROP,
17.2168,16,STA,WIFI_DROP,
17.2168,21,STA,WIFI_DROP,
17.2192,16,STA,WIFI_DROP,
17.2192,21,STA,WIFI_DROP,
17.2216,16,STA,WIFI_DROP,
17.2216,21,STA,WIFI_DROP,
17.224,16,STA,WIFI_DROP,
17.224,21,STA,WIFI_DROP,
17.2264,16,STA,WIFI_DROP,
17.2264,21,STA,WIFI_DROP,
17.2288,16,STA,WIFI_DROP,
17.2288,21,STA,WIFI_DROP,
17.2312,16,STA,WIFI_DROP,
17.2312,21,STA,WIFI_DROP,
17.2336,16,STA,WIFI_DROP,
17.2336,21,STA,WIFI_DROP,
17.236,16,STA,WIFI_DROP,
17.236,21,STA,WIFI_DROP,
17.2384,16,STA,WIFI_DROP,
17.2384,21,STA,WIFI_DROP,
17.2408,16,STA,WIFI_DROP,
17.2408,21,STA,WIFI_DROP,
17.2432,16,STA,WIFI_DROP,
17.2432,21,STA,WIFI_DROP,
17.2456,16,STA,WIFI_DROP,
17.2456,21,STA,WIFI_DROP,
17.248,16,STA,WIFI_DROP,
17.248,21,STA,WIFI_DROP,
17.2504,16,STA,WIFI_DROP,
17.2504,21,STA,WIFI_DROP,
17.2528,16,STA,WIFI_DROP,
17.2528,21,STA,WIFI_DROP,
17.2552,16,STA,WIFI_DROP,
17.2552,21,STA,WIFI_DROP,
17.2576,16,STA,WIFI_DROP,
17.2576,21,STA,WIFI_DROP,
17.26,16,STA,WIFI_DROP,
17.26,21,STA,WIFI_DROP,
17.2624,16,STA,WIFI_DROP,
17.2624,21,STA,WIFI_DROP,
17.2648,16,STA,WIFI_DROP,
17.2648,21,STA,WIFI_DROP,
17.2672,16,STA,WIFI_DROP,
17.2672,21,STA,WIFI_DROP,
17.2696,16,STA,WIFI_DROP,
17.2696,21,STA,WIFI_DROP,
17.272,16,STA,WIFI_DROP,
17.272,21,STA,WIFI_DROP,
17.2744,16,STA,WIFI_DROP,
17.2744,21,STA,WIFI_DROP,
17.2768,16,STA,WIFI_DROP,
17.2768,21,STA,WIFI_DROP,
17.2792,16,STA,WIFI_DROP,
17.2792,21,STA,WIFI_DROP,
17.2816,16,STA,WIFI_DROP,
17.2816,21,STA,WIFI_DROP,
17.284,16,STA,WIFI_DROP,
17.284,21,STA,WIFI_DROP,
17.2864,16,STA,WIFI_DROP,
17.2864,21,STA,WIFI_DROP,
17.2888,16,STA,WIFI_DROP,
17.2888,21,STA,WIFI_DROP,
17.2912,16,STA,WIFI_DROP,
17.2912,21,STA,WIFI_DROP,
17.2936,16,STA,WIFI_DROP,
17.2936,21,STA,WIFI_DROP,
17.296,16,STA,WIFI_DROP,
17.296,21,STA,WIFI_DROP,
17.2984,16,STA,WIFI_DROP,
17.2984,21,STA,WIFI_DROP,
17.3008,16,STA,WIFI_DROP,
17.3008,21,STA,WIFI_DROP,
17.3032,16,STA,WIFI_DROP,
17.3032,21,STA,WIFI_DROP,
17.3056,16,STA,WIFI_DROP,
17.3056,21,STA,WIFI_DROP,
17.308,16,STA,WIFI_DROP,
17.308,21,STA,WIFI_DROP,
17.3104,16,STA,WIFI_DROP,
17.3104,21,STA,WIFI_DROP,
17.3128,16,STA,WIFI_DROP,
17.3128,21,STA,WIFI_DROP,
17.3152,16,STA,WIFI_DROP,
17.3152,21,STA,WIFI_DROP,
17.3176,16,STA,WIFI_DROP,
17.3176,21,STA,WIFI_DROP,
17.32,16,STA,WIFI_DROP,
17.32,21,STA,WIFI_DROP,
17.3224,16,STA,WIFI_DROP,
17.3224,21,STA,WIFI_DROP,
17.3248,16,STA,WIFI_DROP,
17.3248,21,STA,WIFI_DROP,
17.3272,16,STA,WIFI_DROP,
17.3272,21,STA,WIFI_DROP,
17.3296,16,STA,WIFI_DROP,
17.3296,21,STA,WIFI_DROP,
17.332,16,STA,WIFI_DROP,
17.332,21,STA,WIFI_DROP,
17.3344,16,STA,WIFI_DROP,
17.3344,21,STA,WIFI_DROP,
17.3368,16,STA,WIFI_DROP,
17.3368,21,STA,WIFI_DROP,
17.3392,16,STA,WIFI_DROP,
17.3392,21,STA,WIFI_DROP,
17.3416,16,STA,WIFI_DROP,
17.3416,21,STA,WIFI_DROP,
17.344,16,STA,WIFI_DROP,
17.344,21,STA,WIFI_DROP,
17.3464,16,STA,WIFI_DROP,
17.3464,21,STA,WIFI_DROP,
17.3488,16,STA,WIFI_DROP,
17.3488,21,STA,WIFI_DROP,
17.3512,16,STA,WIFI_DROP,
17.3512,21,STA,WIFI_DROP,
17.3536,16,STA,WIFI_DROP,
17.3536,21,STA,WIFI_DROP,
17.356,16,STA,WIFI_DROP,
17.356,21,STA,WIFI_DROP,
17.3584,16,STA,WIFI_DROP,
17.3584,21,STA,WIFI_DROP,
17.3608,16,STA,WIFI_DROP,
17.3608,21,STA,WIFI_DROP,
17.3632,16,STA,WIFI_DROP,
17.3632,21,STA,WIFI_DROP,
17.3656,16,STA,WIFI_DROP,
17.3656,21,STA,WIFI_DROP,
17.368,16,STA,WIFI_DROP,
17.368,21,STA,WIFI_DROP,
17.3704,16,STA,WIFI_DROP,
17.3704,21,STA,WIFI_DROP,
17.3728,16,STA,WIFI_DROP,
17.3728,21,STA,WIFI_DROP,
17.3752,16,STA,WIFI_DROP,
17.3752,21,STA,WIFI_DROP,
17.3776,16,STA,WIFI_DROP,
17.3776,21,STA,WIFI_DROP,
17.38,16,STA,WIFI_DROP,
17.38,21,STA,WIFI_DROP,
17.3824,16,STA,WIFI_DROP,
17.3848,16,STA,WIFI_DROP,
17.3872,16,STA,WIFI_DROP,
17.3896,16,STA,WIFI_DROP,
17.392,16,STA,WIFI_DROP,
17.3944,16,STA,WIFI_DROP,
17.3968,16,STA,WIFI_DROP,
17.3992,16,STA,WIFI_DROP,
17.4016,16,STA,WIFI_DROP,
17.404,16,STA,WIFI_DROP,
17.4064,16,STA,WIFI_DROP,
17.4088,16,STA,WIFI_DROP,
17.4112,16,STA,WIFI_DROP,
17.4136,16,STA,WIFI_DROP,
17.416,16,STA,WIFI_DROP,
17.4184,16,STA,WIFI_DROP,
17.4208,16,STA,WIFI_DROP,
17.4232,16,STA,WIFI_DROP,
17.4256,16,STA,WIFI_DROP,
17.428,16,STA,WIFI_DROP,
17.4304,16,STA,WIFI_DROP,
17.4328,16,STA,WIFI_DROP,
17.4352,16,STA,WIFI_DROP,
17.4376,16,STA,WIFI_DROP,
17.44,16,STA,WIFI_DROP,
17.4424,16,STA,WIFI_DROP,
17.4448,16,STA,WIFI_DROP,
17.4472,16,STA,WIFI_DROP,
17.4496,16,STA,WIFI_DROP,
17.452,16,STA,WIFI_DROP,
17.4544,16,STA,WIFI_DROP,
17.4568,16,STA,WIFI_DROP,
17.4592,16,STA,WIFI_DROP,
17.4616,16,STA,WIFI_DROP,
17.464,16,STA,WIFI_DROP,
17.4664,16,STA,WIFI_DROP,
17.4688,16,STA,WIFI_DROP,
17.4712,16,STA,WIFI_DROP,
17.4736,16,STA,WIFI_DROP,
17.476,16,STA,WIFI_DROP,
17.4784,16,STA,WIFI_DROP,
17.4808,16,STA,WIFI_DROP,
17.4832,16,STA,WIFI_DROP,
17.4856,16,STA,WIFI_DROP,
17.488,16,STA,WIFI_DROP,
17.4904,16,STA,WIFI_DROP,
17.4928,16,STA,WIFI_DROP,
17.4952,16,STA,WIFI_DROP,
17.4976,16,STA,WIFI_DROP,
17.5,16,STA,WIFI_DROP,
17.5024,16,STA,WIFI_DROP,
17.5048,16,STA,WIFI_DROP,
17.5072,16,STA,WIFI_DROP,
17.5096,16,STA,WIFI_DROP,
17.512,16,STA,WIFI_DROP,
17.5144,16,STA,WIFI_DROP,
17.5168,16,STA,WIFI_DROP,
17.5192,16,STA,WIFI_DROP,
17.5216,16,STA,WIFI_DROP,
17.524,16,STA,WIFI_DROP,
17.5264,16,STA,WIFI_DROP,
17.5288,16,STA,WIFI_DROP,
17.5312,16,STA,WIFI_DROP,
17.5336,16,STA,WIFI_DROP,
17.536,16,STA,WIFI_DROP,
17.5384,16,STA,WIFI_DROP,
17.5408,16,STA,WIFI_DROP,
17.5432,16,STA,WIFI_DROP,
17.5456,16,STA,WIFI_DROP,
17.548,16,STA,WIFI_DROP,
17.5504,16,STA,WIFI_DROP,
17.5528,16,STA,WIFI_DROP,
17.5552,16,STA,WIFI_DROP,
17.5576,16,STA,WIFI_DROP,
17.56,16,STA,WIFI_DROP,
17.5624,16,STA,WIFI_DROP,
17.5648,16,STA,WIFI_DROP,
17.5672,16,STA,WIFI_DROP,
17.5696,16,STA,WIFI_DROP,
17.572,16,STA,WIFI_DROP,
17.5744,16,STA,WIFI_DROP,
17.5768,16,STA,WIFI_DROP,
17.5792,16,STA,WIFI_DROP,
17.5816,16,STA,WIFI_DROP,
17.584,16,STA,WIFI_DROP,
17.5864,16,STA,WIFI_DROP,
17.5888,16,STA,WIFI_DROP,
17.5912,16,STA,WIFI_DROP,
17.5936,16,STA,WIFI_DROP,
17.596,16,STA,WIFI_DROP,
17.5984,16,STA,WIFI_DROP,
17.6008,16,STA,WIFI_DROP,
17.6032,16,STA,WIFI_DROP,
17.6056,16,STA,WIFI_DROP,
17.608,16,STA,WIFI_DROP,
17.6104,16,STA,WIFI_DROP,
17.6128,16,STA,WIFI_DROP,
17.6152,16,STA,WIFI_DROP,
17.6176,16,STA,WIFI_DROP,
17.62,16,STA,WIFI_DROP,
17.6224,16,STA,WIFI_DROP,
17.6248,16,STA,WIFI_DROP,
17.6272,16,STA,WIFI_DROP,
17.6296,16,STA,WIFI_DROP,
17.632,16,STA,WIFI_DROP,
17.6344,16,STA,WIFI_DROP,
17.6368,16,STA,WIFI_DROP,
17.6392,16,STA,WIFI_DROP,
17.6416,16,STA,WIFI_DROP,
17.644,16,STA,WIFI_DROP,
17.6464,16,STA,WIFI_DROP,
17.6488,16,STA,WIFI_DROP,
17.6512,16,STA,WIFI_DROP,
17.6536,5,STA,WIFI_DROP,
17.6536,16,STA,WIFI_DROP,
17.656,5,STA,WIFI_DROP,
17.656,16,STA,WIFI_DROP,
17.6584,5,STA,WIFI_DROP,
17.6584,16,STA,WIFI_DROP,
17.6608,5,STA,WIFI_DROP,
17.6608,16,STA,WIFI_DROP,
17.6632,5,STA,WIFI_DROP,
17.6632,16,STA,WIFI_DROP,
17.6656,5,STA,WIFI_DROP,
17.6656,16,STA,WIFI_DROP,
17.668,5,STA,WIFI_DROP,
17.668,16,STA,WIFI_DROP,
17.6704,5,STA,WIFI_DROP,
17.6704,16,STA,WIFI_DROP,
17.6728,5,STA,WIFI_DROP,
17.6728,16,STA,WIFI_DROP,
17.6752,5,STA,WIFI_DROP,
17.6752,16,STA,WIFI_DROP,
17.6776,5,STA,WIFI_DROP,
17.6776,16,STA,WIFI_DROP,
17.68,5,STA,WIFI_DROP,
17.68,16,STA,WIFI_DROP,
17.6824,5,STA,WIFI_DROP,
17.6824,16,STA,WIFI_DROP,
17.6848,5,STA,WIFI_DROP,
17.6848,16,STA,WIFI_DROP,
17.6872,5,STA,WIFI_DROP,
17.6872,16,STA,WIFI_DROP,
17.6896,5,STA,WIFI_DROP,
17.6896,16,STA,WIFI_DROP,
17.692,5,STA,WIFI_DROP,
17.692,16,STA,WIFI_DROP,
17.6944,5,STA,WIFI_DROP,
17.6944,16,STA,WIFI_DROP,
17.6968,5,STA,WIFI_DROP,
17.6968,16,STA,WIFI_DROP,
17.6992,5,STA,WIFI_DROP,
17.6992,16,STA,WIFI_DROP,
17.7016,5,STA,WIFI_DROP,
17.7016,16,STA,WIFI_DROP,
17.704,5,STA,WIFI_DROP,
17.704,16,STA,WIFI_DROP,
17.7064,5,STA,WIFI_DROP,
17.7064,16,STA,WIFI_DROP,
17.7088,5,STA,WIFI_DROP,
17.7088,16,STA,WIFI_DROP,
17.7112,5,STA,WIFI_DROP,
17.7112,16,STA,WIFI_DROP,
17.7136,5,STA,WIFI_DROP,
17.7136,16,STA,WIFI_DROP,
17.716,5,STA,WIFI_DROP,
17.716,16,STA,WIFI_DROP,
17.7184,5,STA,WIFI_DROP,
17.7184,16,STA,WIFI_DROP,
17.7208,5,STA,WIFI_DROP,
17.7208,16,STA,WIFI_DROP,
17.7232,5,STA,WIFI_DROP,
17.7232,16,STA,WIFI_DROP,
17.7256,5,STA,WIFI_DROP,
17.7256,16,STA,WIFI_DROP,
17.728,5,STA,WIFI_DROP,
17.728,16,STA,WIFI_DROP,
17.7304,5,STA,WIFI_DROP,
17.7304,16,STA,WIFI_DROP,
17.7328,5,STA,WIFI_DROP,
17.7328,16,STA,WIFI_DROP,
17.7352,5,STA,WIFI_DROP,
17.7352,16,STA,WIFI_DROP,
17.7376,5,STA,WIFI_DROP,
17.7376,16,STA,WIFI_DROP,
17.74,5,STA,WIFI_DROP,
17.74,16,STA,WIFI_DROP,
17.7424,5,STA,WIFI_DROP,
17.7424,16,STA,WIFI_DROP,
17.7448,5,STA,WIFI_DROP,
17.7448,16,STA,WIFI_DROP,
17.7472,5,STA,WIFI_DROP,
17.7472,16,STA,WIFI_DROP,
17.7496,5,STA,WIFI_DROP,
17.7496,16,STA,WIFI_DROP,
17.752,5,STA,WIFI_DROP,
17.752,16,STA,WIFI_DROP,
17.7544,5,STA,WIFI_DROP,
17.7544,16,STA,WIFI_DROP,
17.7568,5,STA,WIFI_DROP,
17.7568,16,STA,WIFI_DROP,
17.7592,5,STA,WIFI_DROP,
17.7592,16,STA,WIFI_DROP,
17.7616,5,STA,WIFI_DROP,
17.7616,16,STA,WIFI_DROP,
17.764,5,STA,WIFI_DROP,
17.764,16,STA,WIFI_DROP,
17.7664,5,STA,WIFI_DROP,
17.7664,16,STA,WIFI_DROP,
17.7688,5,STA,WIFI_DROP,
17.7688,16,STA,WIFI_DROP,
17.7712,5,STA,WIFI_DROP,
17.7712,16,STA,WIFI_DROP,
17.7736,5,STA,WIFI_DROP,
17.7736,16,STA,WIFI_DROP,
17.776,5,STA,WIFI_DROP,
17.776,16,STA,WIFI_DROP,
17.7784,5,STA,WIFI_DROP,
17.7784,16,STA,WIFI_DROP,
17.7808,5,STA,WIFI_DROP,
17.7808,16,STA,WIFI_DROP,
17.7832,5,STA,WIFI_DROP,
17.7832,16,STA,WIFI_DROP,
17.7856,5,STA,WIFI_DROP,
17.7856,16,STA,WIFI_DROP,
17.788,5,STA,WIFI_DROP,
17.788,16,STA,WIFI_DROP,
17.7904,5,STA,WIFI_DROP,
17.7904,16,STA,WIFI_DROP,
17.7928,5,STA,WIFI_DROP,
17.7928,16,STA,WIFI_DROP,
17.7952,5,STA,WIFI_DROP,
17.7952,16,STA,WIFI_DROP,
17.7976,5,STA,WIFI_DROP,
17.7976,16,STA,WIFI_DROP,
17.8,5,STA,WIFI_DROP,
17.8,16,STA,WIFI_DROP,
17.8024,5,STA,WIFI_DROP,
17.8024,16,STA,WIFI_DROP,
17.8048,5,STA,WIFI_DROP,
17.8048,16,STA,WIFI_DROP,
17.8072,16,STA,WIFI_DROP,
17.8096,16,STA,WIFI_DROP,
17.812,16,STA,WIFI_DROP,
17.8144,16,STA,WIFI_DROP,
17.8168,16,STA,WIFI_DROP,
17.8192,16,STA,WIFI_DROP,
17.8216,16,STA,WIFI_DROP,
17.824,16,STA,WIFI_DROP,
17.8264,16,STA,WIFI_DROP,
17.8288,16,STA,WIFI_DROP,
17.8312,16,STA,WIFI_DROP,
17.8336,16,STA,WIFI_DROP,
17.836,16,STA,WIFI_DROP,
17.8384,16,STA,WIFI_DROP,
17.8408,16,STA,WIFI_DROP,
17.8432,16,STA,WIFI_DROP,
17.8456,16,STA,WIFI_DROP,
17.848,16,STA,WIFI_DROP,
17.8504,16,STA,WIFI_DROP,
17.8528,16,STA,WIFI_DROP,
17.8552,16,STA,WIFI_DROP,
17.8576,16,STA,WIFI_DROP,
17.86,16,STA,WIFI_DROP,
17.8624,16,STA,WIFI_DROP,
17.8648,16,STA,WIFI_DROP,
17.8672,16,STA,WIFI_DROP,
17.8696,16,STA,WIFI_DROP,
17.872,16,STA,WIFI_DROP,
17.8744,16,STA,WIFI_DROP,
17.8768,16,STA,WIFI_DROP,
17.8792,16,STA,WIFI_DROP,
17.8816,16,STA,WIFI_DROP,
17.884,16,STA,WIFI_DROP,
17.8864,16,STA,WIFI_DROP,
17.8888,16,STA,WIFI_DROP,
17.8912,16,STA,WIFI_DROP,
17.8936,16,STA,WIFI_DROP,
17.896,16,STA,WIFI_DROP,
17.8984,16,STA,WIFI_DROP,
17.9008,16,STA,WIFI_DROP,
17.9032,16,STA,WIFI_DROP,
17.9056,16,STA,WIFI_DROP,
17.908,16,STA,WIFI_DROP,
17.9104,16,STA,WIFI_DROP,
17.9128,16,STA,WIFI_DROP,
17.9152,16,STA,WIFI_DROP,
17.9176,16,STA,WIFI_DROP,
17.92,16,STA,WIFI_DROP,
17.9224,16,STA,WIFI_DROP,
17.9248,16,STA,WIFI_DROP,
17.9272,16,STA,WIFI_DROP,
17.9296,16,STA,WIFI_DROP,
17.932,16,STA,WIFI_DROP,
17.9344,16,STA,WIFI_DROP,
17.9368,16,STA,WIFI_DROP,
17.9392,16,STA,WIFI_DROP,
17.9416,16,STA,WIFI_DROP,
17.944,16,STA,WIFI_DROP,
17.9464,16,STA,WIFI_DROP,
17.9488,16,STA,WIFI_DROP,
17.9512,16,STA,WIFI_DROP,
17.9536,16,STA,WIFI_DROP,
17.956,16,STA,WIFI_DROP,
17.9584,16,STA,WIFI_DROP,
17.9608,16,STA,WIFI_DROP,
17.9632,16,STA,WIFI_DROP,
17.9656,16,STA,WIFI_DROP,
17.968,16,STA,WIFI_DROP,
17.9704,16,STA,WIFI_DROP,
17.9728,16,STA,WIFI_DROP,
17.9752,16,STA,WIFI_DROP,
17.9776,16,STA,WIFI_DROP,
17.98,16,STA,WIFI_DROP,
17.9824,16,STA,WIFI_DROP,
17.9848,16,STA,WIFI_DROP,
17.9872,16,STA,WIFI_DROP,
17.9896,16,STA,WIFI_DROP,
17.992,16,STA,WIFI_DROP,
17.9944,16,STA,WIFI_DROP,
17.9968,16,STA,WIFI_DROP,
17.9992,16,STA,WIFI_DROP,
18,2,STA,THROUGHPUT_MBPS,1.416000
18,3,STA,THROUGHPUT_MBPS,1.584000
18,4,STA,THROUGHPUT_MBPS,2.388000
18,5,STA,THROUGHPUT_MBPS,1.344000
18,6,STA,THROUGHPUT_MBPS,1.272000
18,7,STA,THROUGHPUT_MBPS,2.376000
18,9,STA,THROUGHPUT_MBPS,2.832000
18,10,STA,THROUGHPUT_MBPS,1.584000
18,11,STA,THROUGHPUT_MBPS,2.184000
18,12,STA,THROUGHPUT_MBPS,1.380000
18,13,STA,THROUGHPUT_MBPS,0.324000
18,15,STA,THROUGHPUT_MBPS,2.400000
18,18,STA,THROUGHPUT_MBPS,0.516000
18,19,STA,THROUGHPUT_MBPS,1.680000
18,21,STA,THROUGHPUT_MBPS,1.584000
18,1,AP,AGGREGATE_THROUGHPUT_MBPS,24.864000
18,1,AP,SENT_COUNT,8340.000000
18,1,AP,RECV_COUNT,2072.000000
18,1,AP,LATENCY_P95_MS,539.972707
18.0016,16,STA,WIFI_DROP,
18.004,16,STA,WIFI_DROP,
18.0064,16,STA,WIFI_DROP,
18.0088,16,STA,WIFI_DROP,
18.0112,16,STA,WIFI_DROP,
18.0136,16,STA,WIFI_DROP,
18.016,16,STA,WIFI_DROP,
18.0184,16,STA,WIFI_DROP,
18.0208,16,STA,WIFI_DROP,
18.0232,16,STA,WIFI_DROP,
18.0256,16,STA,WIFI_DROP,
18.028,16,STA,WIFI_DROP,
18.0304,16,STA,WIFI_DROP,
18.0328,16,STA,WIFI_DROP,
18.0352,16,STA,WIFI_DROP,
18.0376,16,STA,WIFI_DROP,
18.04,16,STA,WIFI_DROP,
18.0424,16,STA,WIFI_DROP,
18.0448,16,STA,WIFI_DROP,
18.0472,16,STA,WIFI_DROP,
18.0496,16,STA,WIFI_DROP,
18.052,16,STA,WIFI_DROP,
18.0544,16,STA,WIFI_DROP,
18.0568,16,STA,WIFI_DROP,
18.0592,16,STA,WIFI_DROP,
18.0616,16,STA,WIFI_DROP,
18.064,16,STA,WIFI_DROP,
18.0664,16,STA,WIFI_DROP,
18.0688,16,STA,WIFI_DROP,
18.0712,16,STA,WIFI_DROP,
18.0736,16,STA,WIFI_DROP,
18.076,16,STA,WIFI_DROP,
18.0784,16,STA,WIFI_DROP,
18.0808,16,STA,WIFI_DROP,
18.0832,16,STA,WIFI_DROP,
18.0856,16,STA,WIFI_DROP,
18.088,16,STA,WIFI_DROP,
18.0904,16,STA,WIFI_DROP,
18.0928,16,STA,WIFI_DROP,
18.0952,16,STA,WIFI_DROP,
18.0976,16,STA,WIFI_DROP,
18.1,16,STA,WIFI_DROP,
18.1024,16,STA,WIFI_DROP,
18.1048,16,STA,WIFI_DROP,
18.1072,16,STA,WIFI_DROP,
18.1096,16,STA,WIFI_DROP,
18.112,16,STA,WIFI_DROP,
18.1144,16,STA,WIFI_DROP,
18.1168,16,STA,WIFI_DROP,
18.1192,16,STA,WIFI_DROP,
18.1216,16,STA,WIFI_DROP,
18.124,16,STA,WIFI_DROP,
18.1264,16,STA,WIFI_DROP,
18.1288,16,STA,WIFI_DROP,
18.1312,16,STA,WIFI_DROP,
18.1552,16,STA,WIFI_DROP,
18.1576,16,STA,WIFI_DROP,
18.16,16,STA,WIFI_DROP,
18.1624,16,STA,WIFI_DROP,
18.1648,16,STA,WIFI_DROP,
18.1672,16,STA,WIFI_DROP,
18.1696,16,STA,WIFI_DROP,
18.172,16,STA,WIFI_DROP,
18.1744,16,STA,WIFI_DROP,
18.1768,16,STA,WIFI_DROP,
18.1792,16,STA,WIFI_DROP,
18.1816,16,STA,WIFI_DROP,
18.184,16,STA,WIFI_DROP,
18.1864,16,STA,WIFI_DROP,
18.1888,16,STA,WIFI_DROP,
18.1912,16,STA,WIFI_DROP,
18.1936,16,STA,WIFI_DROP,
18.196,16,STA,WIFI_DROP,
18.1984,16,STA,WIFI_DROP,
18.2008,16,STA,WIFI_DROP,
18.2032,16,STA,WIFI_DROP,
18.2056,16,STA,WIFI_DROP,
18.208,16,STA,WIFI_DROP,
18.2104,16,STA,WIFI_DROP,
18.2128,16,STA,WIFI_DROP,
18.2152,16,STA,WIFI_DROP,
18.2176,16,STA,WIFI_DROP,
18.22,16,STA,WIFI_DROP,
18.2224,16,STA,WIFI_DROP,
18.2248,16,STA,WIFI_DROP,
18.2272,16,STA,WIFI_DROP,
18.2296,16,STA,WIFI_DROP,
18.232,16,STA,WIFI_DROP,
18.2344,16,STA,WIFI_DROP,
18.2368,16,STA,WIFI_DROP,
18.2392,16,STA,WIFI_DROP,
18.2416,16,STA,WIFI_DROP,
18.244,16,STA,WIFI_DROP,
18.2464,16,STA,WIFI_DROP,
18.2488,16,STA,WIFI_DROP,
18.2512,16,STA,WIFI_DROP,
18.2536,16,STA,WIFI_DROP,
18.256,16,STA,WIFI_DROP,
18.2584,16,STA,WIFI_DROP,
18.2608,16,STA,WIFI_DROP,
18.2632,16,STA,WIFI_DROP,
18.2656,16,STA,WIFI_DROP,
18.268,16,STA,WIFI_DROP,
18.2704,16,STA,WIFI_DROP,
18.2728,16,STA,WIFI_DROP,
18.2752,16,STA,WIFI_DROP,
18.2776,16,STA,WIFI_DROP,
18.28,16,STA,WIFI_DROP,
18.2824,16,STA,WIFI_DROP,
18.2848,16,STA,WIFI_DROP,
18.2872,16,STA,WIFI_DROP,
18.2896,16,STA,WIFI_DROP,
18.292,16,STA,WIFI_DROP,
18.2944,16,STA,WIFI_DROP,
18.2968,16,STA,WIFI_DROP,
18.2992,16,STA,WIFI_DROP,
18.3016,16,STA,WIFI_DROP,
18.304,16,STA,WIFI_DROP,
18.3064,16,STA,WIFI_DROP,
18.3088,16,STA,WIFI_DROP,
18.3112,16,STA,WIFI_DROP,
18.3136,16,STA,WIFI_DROP,
18.316,16,STA,WIFI_DROP,
18.3184,16,STA,WIFI_DROP,
18.3208,16,STA,WIFI_DROP,
18.3232,16,STA,WIFI_DROP,
18.3256,16,STA,WIFI_DROP,
18.328,16,STA,WIFI_DROP,
18.3304,16,STA,WIFI_DROP,
18.3328,16,STA,WIFI_DROP,
18.3352,16,STA,WIFI_DROP,
18.3376,16,STA,WIFI_DROP,
18.34,16,STA,WIFI_DROP,
18.3424,16,STA,WIFI_DROP,
18.3448,16,STA,WIFI_DROP,
18.3472,16,STA,WIFI_DROP,
18.3496,16,STA,WIFI_DROP,
18.352,16,STA,WIFI_DROP,
18.3544,16,STA,WIFI_DROP,
18.3568,16,STA,WIFI_DROP,
18.3592,16,STA,WIFI_DROP,
18.3616,16,STA,WIFI_DROP,
18.364,16,STA,WIFI_DROP,
18.3664,16,STA,WIFI_DROP,
18.3688,16,STA,WIFI_DROP,
18.3712,16,STA,WIFI_DROP,
18.3736,16,STA,WIFI_DROP,
18.376,16,STA,WIFI_DROP,
18.3784,16,STA,WIFI_DROP,
18.3808,16,STA,WIFI_DROP,
18.3832,16,STA,WIFI_DROP,
18.3856,16,STA,WIFI_DROP,
18.388,16,STA,WIFI_DROP,
18.3904,16,STA,WIFI_DROP,
18.3928,16,STA,WIFI_DROP,
18.3952,16,STA,WIFI_DROP,
18.3976,16,STA,WIFI_DROP,
18.4,16,STA,WIFI_DROP,
18.4024,16,STA,WIFI_DROP,
18.4048,16,STA,WIFI_DROP,
18.4072,16,STA,WIFI_DROP,
18.4096,16,STA,WIFI_DROP,
18.412,16,STA,WIFI_DROP,
18.4144,16,STA,WIFI_DROP,
18.4168,16,STA,WIFI_DROP,
18.4192,16,STA,WIFI_DROP,
18.4216,16,STA,WIFI_DROP,
18.424,16,STA,WIFI_DROP,
18.4264,16,STA,WIFI_DROP,
18.4288,16,STA,WIFI_DROP,
18.4312,16,STA,WIFI_DROP,
18.4336,16,STA,WIFI_DROP,
18.436,16,STA,WIFI_DROP,
18.4384,16,STA,WIFI_DROP,
18.4408,16,STA,WIFI_DROP,
18.4432,16,STA,WIFI_DROP,
18.4456,16,STA,WIFI_DROP,
18.448,16,STA,WIFI_DROP,
18.4504,16,STA,WIFI_DROP,
18.4528,16,STA,WIFI_DROP,
18.4552,16,STA,WIFI_DROP,
18.4576,16,STA,WIFI_DROP,
18.46,16,STA,WIFI_DROP,
18.4624,16,STA,WIFI_DROP,
18.4648,16,STA,WIFI_DROP,
18.4672,16,STA,WIFI_DROP,
18.4696,16,STA,WIFI_DROP,
18.472,16,STA,WIFI_DROP,
18.4744,16,STA,WIFI_DROP,
18.4768,16,STA,WIFI_DROP,
18.4792,16,STA,WIFI_DROP,
18.4816,16,STA,WIFI_DROP,
18.484,16,STA,WIFI_DROP,
18.4864,16,STA,WIFI_DROP,
18.4888,16,STA,WIFI_DROP,
18.4912,16,STA,WIFI_DROP,
18.4936,16,STA,WIFI_DROP,
18.496,16,STA,WIFI_DROP,
18.4984,16,STA,WIFI_DROP,
18.5008,16,STA,WIFI_DROP,
18.5032,16,STA,WIFI_DROP,
18.5056,16,STA,WIFI_DROP,
18.508,16,STA,WIFI_DROP,
18.5104,16,STA,WIFI_DROP,
18.5128,16,STA,WIFI_DROP,
18.5152,16,STA,WIFI_DROP,
18.5176,16,STA,WIFI_DROP,
18.52,16,STA,WIFI_DROP,
18.5224,16,STA,WIFI_DROP,
18.5248,16,STA,WIFI_DROP,
18.5272,16,STA,WIFI_DROP,
18.5296,16,STA,WIFI_DROP,
18.532,16,STA,WIFI_DROP,
18.5344,16,STA,WIFI_DROP,
18.5368,16,STA,WIFI_DROP,
18.5392,16,STA,WIFI_DROP,
18.5416,16,STA,WIFI_DROP,
18.544,16,STA,WIFI_DROP,
18.5464,16,STA,WIFI_DROP,
18.5488,16,STA,WIFI_DROP,
18.5512,16,STA,WIFI_DROP,
18.5536,16,STA,WIFI_DROP,
18.556,16,STA,WIFI_DROP,
18.5584,16,STA,WIFI_DROP,
18.5608,16,STA,WIFI_DROP,
18.5632,16,STA,WIFI_DROP,
18.5656,16,STA,WIFI_DROP,
18.568,16,STA,WIFI_DROP,
18.5704,16,STA,WIFI_DROP,
18.5728,16,STA,WIFI_DROP,
18.5728,19,STA,WIFI_DROP,
18.5752,16,STA,WIFI_DROP,
18.5752,19,STA,WIFI_DROP,
18.5776,16,STA,WIFI_DROP,
18.5776,19,STA,WIFI_DROP,
18.58,16,STA,WIFI_DROP,
18.58,19,STA,WIFI_DROP,
18.5824,16,STA,WIFI_DROP,
18.5824,19,STA,WIFI_DROP,
18.5848,16,STA,WIFI_DROP,
18.5848,19,STA,WIFI_DROP,
18.5872,16,STA,WIFI_DROP,
18.5872,19,STA,WIFI_DROP,
18.5896,16,STA,WIFI_DROP,
18.5896,19,STA,WIFI_DROP,
18.592,16,STA,WIFI_DROP,
18.592,19,STA,WIFI_DROP,
18.5944,16,STA,WIFI_DROP,
18.5944,19,STA,WIFI_DROP,
18.5968,16,STA,WIFI_DROP,
18.5968,19,STA,WIFI_DROP,
18.5992,16,STA,WIFI_DROP,
18.5992,19,STA,WIFI_DROP,
18.6016,16,STA,WIFI_DROP,
18.6016,19,STA,WIFI_DROP,
18.604,16,STA,WIFI_DROP,
18.604,19,STA,WIFI_DROP,
18.6064,16,STA,WIFI_DROP,
18.6064,19,STA,WIFI_DROP,
18.6088,16,STA,WIFI_DROP,
18.6088,19,STA,WIFI_DROP,
18.6112,16,STA,WIFI_DROP,
18.6112,19,STA,WIFI_DROP,
18.6136,16,STA,WIFI_DROP,
18.6136,19,STA,WIFI_DROP,
18.616,16,STA,WIFI_DROP,
18.616,19,STA,WIFI_DROP,
18.6184,16,STA,WIFI_DROP,
18.6184,19,STA,WIFI_DROP,
18.6208,16,STA,WIFI_DROP,
18.6208,19,STA,WIFI_DROP,
18.6232,16,STA,WIFI_DROP,
18.6232,19,STA,WIFI_DROP,
18.6256,16,STA,WIFI_DROP,
18.628,16,STA,WIFI_DROP,
18.6304,16,STA,WIFI_DROP,
18.6328,16,STA,WIFI_DROP,
18.6352,16,STA,WIFI_DROP,
18.6376,16,STA,WIFI_DROP,
18.64,16,STA,WIFI_DROP,
18.6424,16,STA,WIFI_DROP,
18.6448,16,STA,WIFI_DROP,
18.6472,16,STA,WIFI_DROP,
18.6496,16,STA,WIFI_DROP,
18.652,16,STA,WIFI_DROP,
18.6544,16,STA,WIFI_DROP,
18.6568,16,STA,WIFI_DROP,
18.6592,16,STA,WIFI_DROP,
18.6616,16,STA,WIFI_DROP,
18.664,16,STA,WIFI_DROP,
18.6664,16,STA,WIFI_DROP,
18.6688,16,STA,WIFI_DROP,
18.6712,16,STA,WIFI_DROP,
18.6736,16,STA,WIFI_DROP,
18.676,16,STA,WIFI_DROP,
18.676,20,STA,WIFI_DROP,
18.6784,16,STA,WIFI_DROP,
18.6784,20,STA,WIFI_DROP,
18.6808,16,STA,WIFI_DROP,
18.6808,20,STA,WIFI_DROP,
18.6832,16,STA,WIFI_DROP,
18.6832,20,STA,WIFI_DROP,
18.6856,16,STA,WIFI_DROP,
18.6856,20,STA,WIFI_DROP,
18.688,16,STA,WIFI_DROP,
18.688,20,STA,WIFI_DROP,
18.6904,16,STA,WIFI_DROP,
18.6904,20,STA,WIFI_DROP,
18.6928,16,STA,WIFI_DROP,
18.6928,20,STA,WIFI_DROP,
18.6952,16,STA,WIFI_DROP,
18.6952,20,STA,WIFI_DROP,
18.6976,16,STA,WIFI_DROP,
18.6976,20,STA,WIFI_DROP,
18.7,16,STA,WIFI_DROP,
18.7,20,STA,WIFI_DROP,
18.7024,16,STA,WIFI_DROP,
18.7024,20,STA,WIFI_DROP,
18.7048,16,STA,WIFI_DROP,
18.7048,20,STA,WIFI_DROP,
18.7072,20,STA,WIFI_DROP,
18.7096,20,STA,WIFI_DROP,
18.712,20,STA,WIFI_DROP,
18.7144,20,STA,WIFI_DROP,
18.7168,20,STA,WIFI_DROP,
18.7192,20,STA,WIFI_DROP,
18.7216,20,STA,WIFI_DROP,
18.724,20,STA,WIFI_DROP,
18.7264,20,STA,WIFI_DROP,
18.7288,20,STA,WIFI_DROP,
18.7312,20,STA,WIFI_DROP,
18.7336,20,STA,WIFI_DROP,
18.736,20,STA,WIFI_DROP,
18.7384,20,STA,WIFI_DROP,
18.7408,20,STA,WIFI_DROP,
18.7432,20,STA,WIFI_DROP,
18.7456,20,STA,WIFI_DROP,
18.748,20,STA,WIFI_DROP,
18.7504,20,STA,WIFI_DROP,
18.7528,20,STA,WIFI_DROP,
18.7552,20,STA,WIFI_DROP,
18.7576,20,STA,WIFI_DROP,
18.76,20,STA,WIFI_DROP,
18.7624,20,STA,WIFI_DROP,
18.7648,20,STA,WIFI_DROP,
18.7672,20,STA,WIFI_DROP,
18.7696,20,STA,WIFI_DROP,
18.772,20,STA,WIFI_DROP,
18.7744,20,STA,WIFI_DROP,
18.7768,20,STA,WIFI_DROP,
18.7792,6,STA,WIFI_DROP,
18.7792,20,STA,WIFI_DROP,
18.7816,6,STA,WIFI_DROP,
18.7816,20,STA,WIFI_DROP,
18.784,6,STA,WIFI_DROP,
18.784,20,STA,WIFI_DROP,
18.7864,6,STA,WIFI_DROP,
18.7864,20,STA,WIFI_DROP,
18.7888,6,STA,WIFI_DROP,
18.7888,20,STA,WIFI_DROP,
18.7912,6,STA,WIFI_DROP,
18.7912,20,STA,WIFI_DROP,
18.7936,6,STA,WIFI_DROP,
18.7936,20,STA,WIFI_DROP,
18.796,6,STA,WIFI_DROP,
18.796,20,STA,WIFI_DROP,
18.7984,6,STA,WIFI_DROP,
18.7984,20,STA,WIFI_DROP,
18.8008,6,STA,WIFI_DROP,
18.8008,20,STA,WIFI_DROP,
18.8032,6,STA,WIFI_DROP,
18.8032,20,STA,WIFI_DROP,
18.8056,6,STA,WIFI_DROP,
18.8056,20,STA,WIFI_DROP,
18.808,6,STA,WIFI_DROP,
18.808,20,STA,WIFI_DROP,
18.8104,6,STA,WIFI_DROP,
18.8104,20,STA,WIFI_DROP,
18.8128,6,STA,WIFI_DROP,
18.8128,20,STA,WIFI_DROP,
18.8152,6,STA,WIFI_DROP,
18.8152,20,STA,WIFI_DROP,
18.8176,6,STA,WIFI_DROP,
18.8176,20,STA,WIFI_DROP,
18.82,6,STA,WIFI_DROP,
18.82,20,STA,WIFI_DROP,
18.8224,6,STA,WIFI_DROP,
18.8224,20,STA,WIFI_DROP,
18.8248,6,STA,WIFI_DROP,
18.8248,20,STA,WIFI_DROP,
18.8272,6,STA,WIFI_DROP,
18.8272,20,STA,WIFI_DROP,
18.8296,6,STA,WIFI_DROP,
18.8296,20,STA,WIFI_DROP,
18.832,6,STA,WIFI_DROP,
18.832,20,STA,WIFI_DROP,
18.8344,6,STA,WIFI_DROP,
18.8344,20,STA,WIFI_DROP,
18.8368,6,STA,WIFI_DROP,
18.8368,20,STA,WIFI_DROP,
18.8392,6,STA,WIFI_DROP,
18.8392,20,STA,WIFI_DROP,
18.8416,6,STA,WIFI_DROP,
18.8416,20,STA,WIFI_DROP,
18.844,6,STA,WIFI_DROP,
18.844,20,STA,WIFI_DROP,
18.8464,6,STA,WIFI_DROP,
18.8464,20,STA,WIFI_DROP,
18.8488,6,STA,WIFI_DROP,
18.8488,20,STA,WIFI_DROP,
18.8512,6,STA,WIFI_DROP,
18.8512,20,STA,WIFI_DROP,
18.8536,6,STA,WIFI_DROP,
18.8536,20,STA,WIFI_DROP,
18.856,6,STA,WIFI_DROP,
18.856,20,STA,WIFI_DROP,
18.8584,6,STA,WIFI_DROP,
18.8584,20,STA,WIFI_DROP,
18.8608,6,STA,WIFI_DROP,
18.8608,20,STA,WIFI_DROP,
18.8632,6,STA,WIFI_DROP,
18.8632,20,STA,WIFI_DROP,
18.8656,6,STA,WIFI_DROP,
18.8656,20,STA,WIFI_DROP,
18.868,6,STA,WIFI_DROP,
18.868,20,STA,WIFI_DROP,
18.8704,6,STA,WIFI_DROP,
18.8704,20,STA,WIFI_DROP,
18.8728,6,STA,WIFI_DROP,
18.8728,20,STA,WIFI_DROP,
18.8752,6,STA,WIFI_DROP,
18.8752,20,STA,WIFI_DROP,
18.8776,6,STA,WIFI_DROP,
18.8776,20,STA,WIFI_DROP,
18.88,6,STA,WIFI_DROP,
18.88,20,STA,WIFI_DROP,
18.8824,6,STA,WIFI_DROP,
18.8824,20,STA,WIFI_DROP,
18.8848,6,STA,WIFI_DROP,
18.8848,20,STA,WIFI_DROP,
18.8872,6,STA,WIFI_DROP,
18.8872,20,STA,WIFI_DROP,
18.8896,6,STA,WIFI_DROP,
18.8896,20,STA,WIFI_DROP,
18.892,6,STA,WIFI_DROP,
18.892,20,STA,WIFI_DROP,
18.8944,6,STA,WIFI_DROP,
18.8944,20,STA,WIFI_DROP,
18.8968,6,STA,WIFI_DROP,
18.8968,20,STA,WIFI_DROP,
18.8992,6,STA,WIFI_DROP,
18.8992,20,STA,WIFI_DROP,
18.9016,6,STA,WIFI_DROP,
18.9016,20,STA,WIFI_DROP,
18.904,6,STA,WIFI_DROP,
18.904,20,STA,WIFI_DROP,
18.9064,6,STA,WIFI_DROP,
18.9064,20,STA,WIFI_DROP,
18.9088,6,STA,WIFI_DROP,
18.9088,20,STA,WIFI_DROP,
18.9112,6,STA,WIFI_DROP,
18.9112,20,STA,WIFI_DROP,
18.9136,6,STA,WIFI_DROP,
18.9136,20,STA,WIFI_DROP,
18.916,6,STA,WIFI_DROP,
18.916,20,STA,WIFI_DROP,
18.9184,6,STA,WIFI_DROP,
18.9184,20,STA,WIFI_DROP,
18.9208,6,STA,WIFI_DROP,
18.9208,20,STA,WIFI_DROP,
18.9232,6,STA,WIFI_DROP,
18.9232,20,STA,WIFI_DROP,
18.9256,6,STA,WIFI_DROP,
18.9256,20,STA,WIFI_DROP,
18.928,6,STA,WIFI_DROP,
18.928,20,STA,WIFI_DROP,
18.9304,6,STA,WIFI_DROP,
18.9304,20,STA,WIFI_DROP,
18.9328,6,STA,WIFI_DROP,
18.9328,20,STA,WIFI_DROP,
18.9352,6,STA,WIFI_DROP,
18.9352,20,STA,WIFI_DROP,
18.9376,6,STA,WIFI_DROP,
18.9376,20,STA,WIFI_DROP,
18.94,6,STA,WIFI_DROP,
18.94,20,STA,WIFI_DROP,
18.9424,6,STA,WIFI_DROP,
18.9424,20,STA,WIFI_DROP,
18.9448,6,STA,WIFI_DROP,
18.9448,20,STA,WIFI_DROP,
18.9472,6,STA,WIFI_DROP,
18.9472,20,STA,WIFI_DROP,
18.9496,6,STA,WIFI_DROP,
18.9496,20,STA,WIFI_DROP,
18.952,6,STA,WIFI_DROP,
18.952,20,STA,WIFI_DROP,
18.9544,6,STA,WIFI_DROP,
18.9544,20,STA,WIFI_DROP,
18.9568,6,STA,WIFI_DROP,
18.9568,20,STA,WIFI_DROP,
18.9592,6,STA,WIFI_DROP,
18.9592,20,STA,WIFI_DROP,
18.9616,6,STA,WIFI_DROP,
18.9616,20,STA,WIFI_DROP,
18.964,6,STA,WIFI_DROP,
18.964,20,STA,WIFI_DROP,
18.9664,6,STA,WIFI_DROP,
18.9664,20,STA,WIFI_DROP,
18.9688,6,STA,WIFI_DROP,
18.9688,20,STA,WIFI_DROP,
18.9712,6,STA,WIFI_DROP,
18.9712,20,STA,WIFI_DROP,
18.9736,6,STA,WIFI_DROP,
18.9736,20,STA,WIFI_DROP,
18.976,6,STA,WIFI_DROP,
18.976,20,STA,WIFI_DROP,
18.9784,6,STA,WIFI_DROP,
18.9784,20,STA,WIFI_DROP,
18.9808,6,STA,WIFI_DROP,
18.9808,20,STA,WIFI_DROP,
18.9832,6,STA,WIFI_DROP,
18.9832,15,STA,WIFI_DROP,
18.9832,20,STA,WIFI_DROP,
18.9856,6,STA,WIFI_DROP,
18.9856,15,STA,WIFI_DROP,
18.9856,20,STA,WIFI_DROP,
18.988,6,STA,WIFI_DROP,
18.988,15,STA,WIFI_DROP,
18.988,20,STA,WIFI_DROP,
18.9904,6,STA,WIFI_DROP,
18.9904,15,STA,WIFI_DROP,
18.9904,20,STA,WIFI_DROP,
18.9928,6,STA,WIFI_DROP,
18.9928,15,STA,WIFI_DROP,
18.9928,20,STA,WIFI_DROP,
18.9952,6,STA,WIFI_DROP,
18.9952,15,STA,WIFI_DROP,
18.9952,20,STA,WIFI_DROP,
18.9976,6,STA,WIFI_DROP,
18.9976,15,STA,WIFI_DROP,
18.9976,20,STA,WIFI_DROP,
19,2,STA,THROUGHPUT_MBPS,2.184000
19,3,STA,THROUGHPUT_MBPS,3.012000
19,4,STA,THROUGHPUT_MBPS,0.744000
19,5,STA,THROUGHPUT_MBPS,3.096000
19,6,STA,THROUGHPUT_MBPS,2.100000
19,7,STA,THROUGHPUT_MBPS,2.580000
19,9,STA,THROUGHPUT_MBPS,1.500000
19,10,STA,THROUGHPUT_MBPS,1.248000
19,11,STA,THROUGHPUT_MBPS,0.888000
19,12,STA,THROUGHPUT_MBPS,1.560000
19,13,STA,THROUGHPUT_MBPS,2.712000
19,15,STA,THROUGHPUT_MBPS,1.008000
19,16,STA,THROUGHPUT_MBPS,0.336000
19,18,STA,THROUGHPUT_MBPS,1.464000
19,19,STA,THROUGHPUT_MBPS,0.240000
19,21,STA,THROUGHPUT_MBPS,3.672000
19,1,AP,AGGREGATE_THROUGHPUT_MBPS,28.344000
19,1,AP,SENT_COUNT,8320.000000
19,1,AP,RECV_COUNT,2362.000000
19,1,AP,LATENCY_P95_MS,542.552310
19,6,STA,WIFI_DROP,
19,15,STA,WIFI_DROP,
19,20,STA,WIFI_DROP,
19.0024,6,STA,WIFI_DROP,
19.0024,15,STA,WIFI_DROP,
19.0024,20,STA,WIFI_DROP,
19.0048,6,STA,WIFI_DROP,
19.0048,15,STA,WIFI_DROP,
19.0048,20,STA,WIFI_DROP,
19.0072,6,STA,WIFI_DROP,
19.0072,15,STA,WIFI_DROP,
19.0072,20,STA,WIFI_DROP,
19.0096,6,STA,WIFI_DROP,
19.0096,15,STA,WIFI_DROP,
19.0096,20,STA,WIFI_DROP,
19.012,6,STA,WIFI_DROP,
19.012,15,STA,WIFI_DROP,
19.012,20,STA,WIFI_DROP,
19.0144,6,STA,WIFI_DROP,
19.0144,15,STA,WIFI_DROP,
19.0144,20,STA,WIFI_DROP,
19.0168,6,STA,WIFI_DROP,
19.0168,15,STA,WIFI_DROP,
19.0168,20,STA,WIFI_DROP,
19.0192,6,STA,WIFI_DROP,
19.0192,15,STA,WIFI_DROP,
19.0192,20,STA,WIFI_DROP,
19.0216,6,STA,WIFI_DROP,
19.0216,15,STA,WIFI_DROP,
19.0216,20,STA,WIFI_DROP,
19.024,6,STA,WIFI_DROP,
19.024,15,STA,WIFI_DROP,
19.024,20,STA,WIFI_DROP,
19.0264,6,STA,WIFI_DROP,
19.0264,15,STA,WIFI_DROP,
19.0264,20,STA,WIFI_DROP,
19.0288,6,STA,WIFI_DROP,
19.0288,15,STA,WIFI_DROP,
19.0288,20,STA,WIFI_DROP,
19.0312,6,STA,WIFI_DROP,
19.0312,15,STA,WIFI_DROP,
19.0336,6,STA,WIFI_DROP,
19.0336,15,STA,WIFI_DROP,
19.036,6,STA,WIFI_DROP,
19.036,15,STA,WIFI_DROP,
19.0384,6,STA,WIFI_DROP,
19.0384,15,STA,WIFI_DROP,
19.0408,6,STA,WIFI_DROP,
19.0408,15,STA,WIFI_DROP,
19.0432,6,STA,WIFI_DROP,
19.0432,15,STA,WIFI_DROP,
19.0456,6,STA,WIFI_DROP,
19.0456,15,STA,WIFI_DROP,
19.048,6,STA,WIFI_DROP,
19.048,15,STA,WIFI_DROP,
19.0504,6,STA,WIFI_DROP,
19.0504,15,STA,WIFI_DROP,
19.0528,6,STA,WIFI_DROP,
19.0528,15,STA,WIFI_DROP,
19.0552,6,STA,WIFI_DROP,
19.0552,15,STA,WIFI_DROP,
19.0576,6,STA,WIFI_DROP,
19.0576,15,STA,WIFI_DROP,
19.06,6,STA,WIFI_DROP,
19.06,15,STA,WIFI_DROP,
19.0624,6,STA,WIFI_DROP,
19.0624,15,STA,WIFI_DROP,
19.0648,6,STA,WIFI_DROP,
19.0648,15,STA,WIFI_DROP,
19.0672,6,STA,WIFI_DROP,
19.0672,15,STA,WIFI_DROP,
19.0696,6,STA,WIFI_DROP,
19.0696,15,STA,WIFI_DROP,
19.072,6,STA,WIFI_DROP,
19.072,15,STA,WIFI_DROP,
19.0744,6,STA,WIFI_DROP,
19.0744,15,STA,WIFI_DROP,
19.0768,6,STA,WIFI_DROP,
19.0768,15,STA,WIFI_DROP,
19.0792,6,STA,WIFI_DROP,
19.0792,15,STA,WIFI_DROP,
19.0816,6,STA,WIFI_DROP,
19.0816,15,STA,WIFI_DROP,
19.084,6,STA,WIFI_DROP,
19.084,15,STA,WIFI_DROP,
19.0864,6,STA,WIFI_DROP,
19.0864,15,STA,WIFI_DROP,
19.0888,6,STA,WIFI_DROP,
19.0888,15,STA,WIFI_DROP,
19.0912,6,STA,WIFI_DROP,
19.0912,15,STA,WIFI_DROP,
19.0936,6,STA,WIFI_DROP,
19.0936,15,STA,WIFI_DROP,
19.096,6,STA,WIFI_DROP,
19.096,15,STA,WIFI_DROP,
19.0984,6,STA,WIFI_DROP,
19.0984,15,STA,WIFI_DROP,
19.1008,6,STA,WIFI_DROP,
19.1008,15,STA,WIFI_DROP,
19.1032,6,STA,WIFI_DROP,
19.1032,15,STA,WIFI_DROP,
19.1056,6,STA,WIFI_DROP,
19.1056,15,STA,WIFI_DROP,
19.108,6,STA,WIFI_DROP,
19.108,15,STA,WIFI_DROP,
19.1104,6,STA,WIFI_DROP,
19.1104,15,STA,WIFI_DROP,
19.1128,6,STA,WIFI_DROP,
19.1128,15,STA,WIFI_DROP,
19.1152,6,STA,WIFI_DROP,
19.1152,15,STA,WIFI_DROP,
19.1176,6,STA,WIFI_DROP,
19.1176,15,STA,WIFI_DROP,
19.12,6,STA,WIFI_DROP,
19.12,15,STA,WIFI_DROP,
19.1224,6,STA,WIFI_DROP,
19.1224,15,STA,WIFI_DROP,
19.1248,6,STA,WIFI_DROP,
19.1248,15,STA,WIFI_DROP,
19.1272,6,STA,WIFI_DROP,
19.1272,15,STA,WIFI_DROP,
19.1296,6,STA,WIFI_DROP,
19.1296,15,STA,WIFI_DROP,
19.132,6,STA,WIFI_DROP,
19.132,15,STA,WIFI_DROP,
19.1344,6,STA,WIFI_DROP,
19.1344,15,STA,WIFI_DROP,
19.1368,6,STA,WIFI_DROP,
19.1368,15,STA,WIFI_DROP,
19.1392,6,STA,WIFI_DROP,
19.1392,15,STA,WIFI_DROP,
19.1416,6,STA,WIFI_DROP,
19.1416,15,STA,WIFI_DROP,
19.144,6,STA,WIFI_DROP,
19.144,15,STA,WIFI_DROP,
19.1464,6,STA,WIFI_DROP,
19.1464,15,STA,WIFI_DROP,
19.1488,6,STA,WIFI_DROP,
19.1488,15,STA,WIFI_DROP,
19.1512,6,STA,WIFI_DROP,
19.1512,15,STA,WIFI_DROP,
19.1536,6,STA,WIFI_DROP,
19.1536,15,STA,WIFI_DROP,
19.156,6,STA,WIFI_DROP,
19.156,15,STA,WIFI_DROP,
19.1584,6,STA,WIFI_DROP,
19.1584,15,STA,WIFI_DROP,
19.1608,6,STA,WIFI_DROP,
19.1608,15,STA,WIFI_DROP,
19.1632,6,STA,WIFI_DROP,
19.1632,15,STA,WIFI_DROP,
19.1656,6,STA,WIFI_DROP,
19.1656,15,STA,WIFI_DROP,
19.168,6,STA,WIFI_DROP,
19.168,15,STA,WIFI_DROP,
19.1704,6,STA,WIFI_DROP,
19.1704,15,STA,WIFI_DROP,
19.1728,6,STA,WIFI_DROP,
19.1728,15,STA,WIFI_DROP,
19.1752,6,STA,WIFI_DROP,
19.1752,15,STA,WIFI_DROP,
19.1776,6,STA,WIFI_DROP,
19.1776,15,STA,WIFI_DROP,
19.18,6,STA,WIFI_DROP,
19.18,15,STA,WIFI_DROP,
19.1824,6,STA,WIFI_DROP,
19.1824,15,STA,WIFI_DROP,
19.1848,6,STA,WIFI_DROP,
19.1848,15,STA,WIFI_DROP,
19.1872,6,STA,WIFI_DROP,
19.1872,15,STA,WIFI_DROP,
19.1896,6,STA,WIFI_DROP,
19.1896,15,STA,WIFI_DROP,
19.192,6,STA,WIFI_DROP,
19.192,15,STA,WIFI_DROP,
19.1944,6,STA,WIFI_DROP,
19.1944,15,STA,WIFI_DROP,
19.1968,6,STA,WIFI_DROP,
19.1968,15,STA,WIFI_DROP,
19.1992,6,STA,WIFI_DROP,
19.1992,15,STA,WIFI_DROP,
19.2016,6,STA,WIFI_DROP,
19.2016,15,STA,WIFI_DROP,
19.204,6,STA,WIFI_DROP,
19.204,15,STA,WIFI_DROP,
19.2064,6,STA,WIFI_DROP,
19.2064,15,STA,WIFI_DROP,
19.2088,6,STA,WIFI_DROP,
19.2088,15,STA,WIFI_DROP,
19.2112,6,STA,WIFI_DROP,
19.2112,15,STA,WIFI_DROP,
19.2136,6,STA,WIFI_DROP,
19.2136,15,STA,WIFI_DROP,
19.216,6,STA,WIFI_DROP,
19.216,15,STA,WIFI_DROP,
19.2184,6,STA,WIFI_DROP,
19.2184,15,STA,WIFI_DROP,
19.2208,6,STA,WIFI_DROP,
19.2208,15,STA,WIFI_DROP,
19.2232,6,STA,WIFI_DROP,
19.2232,15,STA,WIFI_DROP,
19.2256,6,STA,WIFI_DROP,
19.2256,15,STA,WIFI_DROP,
19.228,6,STA,WIFI_DROP,
19.228,15,STA,WIFI_DROP,
19.2304,6,STA,WIFI_DROP,
19.2304,15,STA,WIFI_DROP,
19.2328,6,STA,WIFI_DROP,
19.2328,15,STA,WIFI_DROP,
19.2352,6,STA,WIFI_DROP,
19.2352,15,STA,WIFI_DROP,
19.2376,6,STA,WIFI_DROP,
19.2376,15,STA,WIFI_DROP,
19.24,6,STA,WIFI_DROP,
19.2424,6,STA,WIFI_DROP,
19.2448,6,STA,WIFI_DROP,
19.2472,6,STA,WIFI_DROP,
19.2496,6,STA,WIFI_DROP,
19.252,6,STA,WIFI_DROP,
19.2544,6,STA,WIFI_DROP,
19.2568,6,STA,WIFI_DROP,
19.2592,6,STA,WIFI_DROP,
19.2616,6,STA,WIFI_DROP,
19.264,6,STA,WIFI_DROP,
19.2664,6,STA,WIFI_DROP,
19.2688,6,STA,WIFI_DROP,
19.2712,6,STA,WIFI_DROP,
19.2736,6,STA,WIFI_DROP,
19.276,6,STA,WIFI_DROP,
19.2784,6,STA,WIFI_DROP,
19.2808,6,STA,WIFI_DROP,
19.2832,6,STA,WIFI_DROP,
19.2856,6,STA,WIFI_DROP,
19.288,6,STA,WIFI_DROP,
19.2904,6,STA,WIFI_DROP,
19.2928,6,STA,WIFI_DROP,
19.2952,6,STA,WIFI_DROP,
19.2976,6,STA,WIFI_DROP,
19.3,6,STA,WIFI_DROP,
19.3024,6,STA,WIFI_DROP,
19.3048,6,STA,WIFI_DROP,
19.3072,6,STA,WIFI_DROP,
19.3096,6,STA,WIFI_DROP,
19.312,6,STA,WIFI_DROP,
19.3144,6,STA,WIFI_DROP,
19.3168,6,STA,WIFI_DROP,
19.3192,6,STA,WIFI_DROP,
19.3216,6,STA,WIFI_DROP,
19.324,6,STA,WIFI_DROP,
19.3264,6,STA,WIFI_DROP,
19.3288,6,STA,WIFI_DROP,
19.3312,6,STA,WIFI_DROP,
19.3336,6,STA,WIFI_DROP,
19.336,6,STA,WIFI_DROP,
19.3384,6,STA,WIFI_DROP,
19.3408,6,STA,WIFI_DROP,
19.3432,6,STA,WIFI_DROP,
19.3456,6,STA,WIFI_DROP,
19.348,6,STA,WIFI_DROP,
19.3504,6,STA,WIFI_DROP,
19.3528,6,STA,WIFI_DROP,
19.3552,6,STA,WIFI_DROP,
19.3576,6,STA,WIFI_DROP,
19.36,6,STA,WIFI_DROP,
19.3624,6,STA,WIFI_DROP,
19.3648,6,STA,WIFI_DROP,
19.3672,6,STA,WIFI_DROP,
19.3696,6,STA,WIFI_DROP,
19.372,6,STA,WIFI_DROP,
19.3744,6,STA,WIFI_DROP,
19.3768,6,STA,WIFI_DROP,
19.3792,6,STA,WIFI_DROP,
19.3816,6,STA,WIFI_DROP,
19.384,6,STA,WIFI_DROP,
19.3864,6,STA,WIFI_DROP,
19.3888,6,STA,WIFI_DROP,
19.3912,6,STA,WIFI_DROP,
19.3936,6,STA,WIFI_DROP,
19.396,6,STA,WIFI_DROP,
19.3984,6,STA,WIFI_DROP,
19.4008,6,STA,WIFI_DROP,
19.4032,6,STA,WIFI_DROP,
19.4056,6,STA,WIFI_DROP,
19.408,6,STA,WIFI_DROP,
19.4104,6,STA,WIFI_DROP,
19.4128,6,STA,WIFI_DROP,
19.4152,6,STA,WIFI_DROP,
19.4176,6,STA,WIFI_DROP,
19.42,6,STA,WIFI_DROP,
19.4224,6,STA,WIFI_DROP,
19.4248,6,STA,WIFI_DROP,
19.4272,6,STA,WIFI_DROP,
19.4296,6,STA,WIFI_DROP,
19.432,6,STA,WIFI_DROP,
19.4344,6,STA,WIFI_DROP,
19.4368,6,STA,WIFI_DROP,
19.4392,6,STA,WIFI_DROP,
19.4416,6,STA,WIFI_DROP,
19.444,6,STA,WIFI_DROP,
19.4464,6,STA,WIFI_DROP,
19.4488,6,STA,WIFI_DROP,
19.4512,6,STA,WIFI_DROP,
19.4536,6,STA,WIFI_DROP,
19.456,6,STA,WIFI_DROP,
19.4584,6,STA,WIFI_DROP,
19.4608,6,STA,WIFI_DROP,
19.4632,6,STA,WIFI_DROP,
19.4656,6,STA,WIFI_DROP,
19.468,6,STA,WIFI_DROP,
19.4704,6,STA,WIFI_DROP,
19.4728,6,STA,WIFI_DROP,
19.4752,6,STA,WIFI_DROP,
19.4776,6,STA,WIFI_DROP,
19.48,6,STA,WIFI_DROP,
19.4824,6,STA,WIFI_DROP,
19.4848,6,STA,WIFI_DROP,
19.4872,6,STA,WIFI_DROP,
19.4896,6,STA,WIFI_DROP,
19.492,6,STA,WIFI_DROP,
19.4944,6,STA,WIFI_DROP,
19.4968,6,STA,WIFI_DROP,
19.4992,6,STA,WIFI_DROP,
19.5016,6,STA,WIFI_DROP,
19.504,6,STA,WIFI_DROP,
19.5064,6,STA,WIFI_DROP,
19.5088,6,STA,WIFI_DROP,
19.5112,6,STA,WIFI_DROP,
19.5136,6,STA,WIFI_DROP,
19.516,6,STA,WIFI_DROP,
19.5184,6,STA,WIFI_DROP,
19.5208,6,STA,WIFI_DROP,
19.5232,6,STA,WIFI_DROP,
19.5256,6,STA,WIFI_DROP,
19.528,6,STA,WIFI_DROP,
19.5304,6,STA,WIFI_DROP,
19.5328,6,STA,WIFI_DROP,
19.5352,6,STA,WIFI_DROP,
19.5376,6,STA,WIFI_DROP,
19.54,6,STA,WIFI_DROP,
19.5424,6,STA,WIFI_DROP,
19.5448,6,STA,WIFI_DROP,
19.5472,6,STA,WIFI_DROP,
19.5496,6,STA,WIFI_DROP,
19.552,6,STA,WIFI_DROP,
19.5544,6,STA,WIFI_DROP,
19.5568,6,STA,WIFI_DROP,
19.5592,6,STA,WIFI_DROP,
19.5616,6,STA,WIFI_DROP,
19.564,6,STA,WIFI_DROP,
19.5664,6,STA,WIFI_DROP,
19.5688,6,STA,WIFI_DROP,
19.5712,6,STA,WIFI_DROP,
19.5736,6,STA,WIFI_DROP,
19.576,6,STA,WIFI_DROP,
19.5784,6,STA,WIFI_DROP,
19.5808,6,STA,WIFI_DROP,
19.5832,6,STA,WIFI_DROP,
19.5856,6,STA,WIFI_DROP,
19.588,6,STA,WIFI_DROP,
19.5904,6,STA,WIFI_DROP,
19.5928,6,STA,WIFI_DROP,
19.5952,6,STA,WIFI_DROP,
19.5976,6,STA,WIFI_DROP,
19.6,6,STA,WIFI_DROP,
19.6024,6,STA,WIFI_DROP,
19.6048,6,STA,WIFI_DROP,
19.6072,6,STA,WIFI_DROP,
19.6096,6,STA,WIFI_DROP,
19.612,6,STA,WIFI_DROP,
19.6144,6,STA,WIFI_DROP,
19.6168,6,STA,WIFI_DROP,
19.6192,6,STA,WIFI_DROP,
19.6216,6,STA,WIFI_DROP,
19.624,6,STA,WIFI_DROP,
19.6264,6,STA,WIFI_DROP,
19.6288,6,STA,WIFI_DROP,
19.6312,6,STA,WIFI_DROP,
19.6336,6,STA,WIFI_DROP,
19.636,6,STA,WIFI_DROP,
19.6384,6,STA,WIFI_DROP,
19.6408,6,STA,WIFI_DROP,
19.6432,6,STA,WIFI_DROP,
19.6456,6,STA,WIFI_DROP,
19.648,6,STA,WIFI_DROP,
19.6504,6,STA,WIFI_DROP,
19.6528,6,STA,WIFI_DROP,
19.6552,6,STA,WIFI_DROP,
19.6576,6,STA,WIFI_DROP,
19.66,6,STA,WIFI_DROP,
19.6624,6,STA,WIFI_DROP,
19.6648,6,STA,WIFI_DROP,
19.6672,6,STA,WIFI_DROP,
19.6696,6,STA,WIFI_DROP,
19.672,6,STA,WIFI_DROP,
19.6744,6,STA,WIFI_DROP,
19.6768,6,STA,WIFI_DROP,
19.6792,6,STA,WIFI_DROP,
19.6816,6,STA,WIFI_DROP,
19.684,6,STA,WIFI_DROP,
19.6864,6,STA,WIFI_DROP,
19.6888,6,STA,WIFI_DROP,
19.6912,6,STA,WIFI_DROP,
19.6936,6,STA,WIFI_DROP,
19.696,6,STA,WIFI_DROP,
19.6984,6,STA,WIFI_DROP,
19.7008,6,STA,WIFI_DROP,
19.7032,6,STA,WIFI_DROP,
19.7056,6,STA,WIFI_DROP,
19.708,6,STA,WIFI_DROP,
19.7104,6,STA,WIFI_DROP,
19.7128,6,STA,WIFI_DROP,
19.7152,6,STA,WIFI_DROP,
19.7176,6,STA,WIFI_DROP,
19.72,6,STA,WIFI_DROP,
19.7224,6,STA,WIFI_DROP,
19.7248,6,STA,WIFI_DROP,
19.7272,6,STA,WIFI_DROP,
19.7296,6,STA,WIFI_DROP,
19.732,6,STA,WIFI_DROP,
19.9048,4,STA,WIFI_DROP,
19.9072,4,STA,WIFI_DROP,
19.9096,4,STA,WIFI_DROP,
19.912,4,STA,WIFI_DROP,
19.9144,4,STA,WIFI_DROP,
19.9168,4,STA,WIFI_DROP,
19.9192,4,STA,WIFI_DROP,
19.9216,4,STA,WIFI_DROP,
19.924,4,STA,WIFI_DROP,
19.9264,4,STA,WIFI_DROP,
19.9288,4,STA,WIFI_DROP,
19.9312,4,STA,WIFI_DROP,
19.9336,4,STA,WIFI_DROP,
19.936,4,STA,WIFI_DROP,
19.9384,4,STA,WIFI_DROP,
19.9408,4,STA,WIFI_DROP,
19.9432,4,STA,WIFI_DROP,
19.9456,4,STA,WIFI_DROP,
19.948,4,STA,WIFI_DROP,
19.9504,4,STA,WIFI_DROP,
19.9528,4,STA,WIFI_DROP,
19.9552,4,STA,WIFI_DROP,
