Time_s,NodeID,NodeType,Action,Value
0,2,STA,FIXED_STA_DISTANCE,90.000000
0,3,STA,FIXED_STA_DISTANCE,90.000000
0,4,STA,FIXED_STA_DISTANCE,90.000000
0,5,STA,FIXED_STA_DISTANCE,90.000000
0,6,STA,FIXED_STA_DISTANCE,90.000000
0,7,STA,FIXED_STA_DISTANCE,90.000000
0,8,STA,FIXED_STA_DISTANCE,90.000000
0,9,STA,FIXED_STA_DISTANCE,90.000000
0,10,STA,FIXED_STA_DISTANCE,90.000000
0,11,STA,FIXED_STA_DISTANCE,90.000000
0,12,STA,FIXED_STA_DISTANCE,90.000000
0,13,STA,FIXED_STA_DISTANCE,90.000000
0,14,STA,FIXED_STA_DISTANCE,90.000000
0,15,STA,FIXED_STA_DISTANCE,90.000000
0,16,STA,FIXED_STA_DISTANCE,90.000000
0,17,STA,FIXED_STA_DISTANCE,90.000000
0,18,STA,FIXED_STA_DISTANCE,90.000000
0,19,STA,FIXED_STA_DISTANCE,90.000000
0,20,STA,FIXED_STA_DISTANCE,90.000000
0,21,STA,FIXED_STA_DISTANCE,90.000000
0,2,STA,FIXED_TX_POWER_DBM,24.000000
0,2,STA,NAKAGAMI_FADING,1.000000
0.0517859,4,STA,ASSOC,
0.0517859,4,STA,JOINED,
0.0572607,19,STA,ASSOC,
0.0572607,19,STA,JOINED,
0.0595857,21,STA,ASSOC,
0.0595857,21,STA,JOINED,
0.0622529,8,STA,ASSOC,
0.0622529,8,STA,JOINED,
0.0639764,9,STA,ASSOC,
0.0639764,9,STA,JOINED,
0.064997,5,STA,ASSOC,
0.064997,5,STA,JOINED,
0.153109,2,STA,ASSOC,
0.153109,2,STA,JOINED,
0.155284,3,STA,ASSOC,
0.155284,3,STA,JOINED,
0.157837,6,STA,ASSOC,
0.157837,6,STA,JOINED,
0.160949,16,STA,ASSOC,
0.160949,16,STA,JOINED,
0.162068,15,STA,ASSOC,
0.162068,15,STA,JOINED,
0.2043,13,STA,ASSOC,
0.2043,13,STA,JOINED,
0.253726,12,STA,ASSOC,
0.253726,12,STA,JOINED,
0.25711,11,STA,ASSOC,
0.25711,11,STA,JOINED,
0.260897,17,STA,ASSOC,
0.260897,17,STA,JOINED,
0.353892,20,STA,ASSOC,
0.353892,20,STA,JOINED,
0.356391,14,STA,ASSOC,
0.356391,14,STA,JOINED,
0.360628,18,STA,ASSOC,
0.360628,18,STA,JOINED,
0.551418,10,STA,ASSOC,
0.551418,10,STA,JOINED,
0.553644,7,STA,ASSOC,
0.553644,7,STA,JOINED,
1,1,AP,SENT_COUNT,
1,1,AP,RECV_COUNT,
1.648,16,STA,WIFI_DROP,
1.648,20,STA,WIFI_DROP,
1.6504,16,STA,WIFI_DROP,
1.6504,20,STA,WIFI_DROP,
1.6528,16,STA,WIFI_DROP,
1.6528,20,STA,WIFI_DROP,
1.6552,16,STA,WIFI_DROP,
1.6552,20,STA,WIFI_DROP,
1.6576,16,STA,WIFI_DROP,
1.6576,20,STA,WIFI_DROP,
1.66,16,STA,WIFI_DROP,
1.66,20,STA,WIFI_DROP,
1.6624,16,STA,WIFI_DROP,
1.6624,20,STA,WIFI_DROP,
1.6648,16,STA,WIFI_DROP,
1.6648,20,STA,WIFI_DROP,
1.6672,16,STA,WIFI_DROP,
1.6672,20,STA,WIFI_DROP,
1.6696,16,STA,WIFI_DROP,
1.6696,20,STA,WIFI_DROP,
1.672,16,STA,WIFI_DROP,
1.672,20,STA,WIFI_DROP,
1.6744,16,STA,WIFI_DROP,
1.6744,20,STA,WIFI_DROP,
1.6768,16,STA,WIFI_DROP,
1.6768,20,STA,WIFI_DROP,
1.6792,16,STA,WIFI_DROP,
1.6792,20,STA,WIFI_DROP,
1.6816,16,STA,WIFI_DROP,
1.6816,20,STA,WIFI_DROP,
1.684,16,STA,WIFI_DROP,
1.684,20,STA,WIFI_DROP,
1.6864,16,STA,WIFI_DROP,
1.6864,20,STA,WIFI_DROP,
1.6888,16,STA,WIFI_DROP,
1.6888,20,STA,WIFI_DROP,
1.6912,16,STA,WIFI_DROP,
1.6912,20,STA,WIFI_DROP,
1.6936,16,STA,WIFI_DROP,
1.6936,20,STA,WIFI_DROP,
1.696,16,STA,WIFI_DROP,
1.696,20,STA,WIFI_DROP,
1.6984,16,STA,WIFI_DROP,
1.6984,20,STA,WIFI_DROP,
1.7008,16,STA,WIFI_DROP,
1.7008,20,STA,WIFI_DROP,
1.7032,16,STA,WIFI_DROP,
1.7032,20,STA,WIFI_DROP,
1.7056,16,STA,WIFI_DROP,
1.7056,20,STA,WIFI_DROP,
1.708,16,STA,WIFI_DROP,
1.708,20,STA,WIFI_DROP,
1.7104,16,STA,WIFI_DROP,
1.7104,20,STA,WIFI_DROP,
1.7128,16,STA,WIFI_DROP,
1.7128,20,STA,WIFI_DROP,
1.7152,16,STA,WIFI_DROP,
1.7152,20,STA,WIFI_DROP,
1.7176,16,STA,WIFI_DROP,
1.7176,20,STA,WIFI_DROP,
1.72,16,STA,WIFI_DROP,
1.72,20,STA,WIFI_DROP,
1.7224,16,STA,WIFI_DROP,
1.7224,20,STA,WIFI_DROP,
1.7248,16,STA,WIFI_DROP,
1.7248,20,STA,WIFI_DROP,
1.7272,16,STA,WIFI_DROP,
1.7272,20,STA,WIFI_DROP,
1.7296,16,STA,WIFI_DROP,
1.7296,20,STA,WIFI_DROP,
1.732,16,STA,WIFI_DROP,
1.732,20,STA,WIFI_DROP,
1.7344,16,STA,WIFI_DROP,
1.7344,20,STA,WIFI_DROP,
1.7368,16,STA,WIFI_DROP,
1.7368,20,STA,WIFI_DROP,
1.7392,16,STA,WIFI_DROP,
1.7392,20,STA,WIFI_DROP,
1.7416,16,STA,WIFI_DROP,
1.7416,20,STA,WIFI_DROP,
1.744,16,STA,WIFI_DROP,
1.744,20,STA,WIFI_DROP,
1.7464,16,STA,WIFI_DROP,
1.7464,20,STA,WIFI_DROP,
1.7488,16,STA,WIFI_DROP,
1.7488,20,STA,WIFI_DROP,
1.7512,16,STA,WIFI_DROP,
1.7512,20,STA,WIFI_DROP,
1.7536,16,STA,WIFI_DROP,
1.7536,20,STA,WIFI_DROP,
1.756,16,STA,WIFI_DROP,
1.756,20,STA,WIFI_DROP,
1.7584,16,STA,WIFI_DROP,
1.7584,20,STA,WIFI_DROP,
1.7608,16,STA,WIFI_DROP,
1.7608,20,STA,WIFI_DROP,
1.7632,16,STA,WIFI_DROP,
1.7632,20,STA,WIFI_DROP,
1.7656,16,STA,WIFI_DROP,
1.7656,20,STA,WIFI_DROP,
1.768,16,STA,WIFI_DROP,
1.768,20,STA,WIFI_DROP,
1.7704,16,STA,WIFI_DROP,
1.7704,20,STA,WIFI_DROP,
1.7728,16,STA,WIFI_DROP,
1.7728,20,STA,WIFI_DROP,
1.7752,16,STA,WIFI_DROP,
1.7752,20,STA,WIFI_DROP,
1.7776,16,STA,WIFI_DROP,
1.7776,20,STA,WIFI_DROP,
1.78,16,STA,WIFI_DROP,
1.78,20,STA,WIFI_DROP,
1.7824,16,STA,WIFI_DROP,
1.7824,20,STA,WIFI_DROP,
1.7848,16,STA,WIFI_DROP,
1.7848,20,STA,WIFI_DROP,
1.7872,16,STA,WIFI_DROP,
1.7872,20,STA,WIFI_DROP,
1.7896,16,STA,WIFI_DROP,
1.7896,20,STA,WIFI_DROP,
1.792,16,STA,WIFI_DROP,
1.792,20,STA,WIFI_DROP,
1.7944,16,STA,WIFI_DROP,
1.7944,20,STA,WIFI_DROP,
1.7968,16,STA,WIFI_DROP,
1.7968,20,STA,WIFI_DROP,
1.7992,16,STA,WIFI_DROP,
1.7992,20,STA,WIFI_DROP,
1.8016,20,STA,WIFI_DROP,
1.804,20,STA,WIFI_DROP,
1.8064,20,STA,WIFI_DROP,
1.8088,20,STA,WIFI_DROP,
1.8112,20,STA,WIFI_DROP,
1.8136,20,STA,WIFI_DROP,
1.816,20,STA,WIFI_DROP,
1.8184,20,STA,WIFI_DROP,
1.8208,20,STA,WIFI_DROP,
1.8232,20,STA,WIFI_DROP,
1.8256,20,STA,WIFI_DROP,
1.828,20,STA,WIFI_DROP,
1.8304,20,STA,WIFI_DROP,
1.8328,20,STA,WIFI_DROP,
1.8352,20,STA,WIFI_DROP,
1.8376,20,STA,WIFI_DROP,
1.84,20,STA,WIFI_DROP,
1.8424,20,STA,WIFI_DROP,
1.8448,20,STA,WIFI_DROP,
1.8472,20,STA,WIFI_DROP,
1.8496,20,STA,WIFI_DROP,
1.852,20,STA,WIFI_DROP,
1.8544,20,STA,WIFI_DROP,
1.8568,20,STA,WIFI_DROP,
1.8592,20,STA,WIFI_DROP,
1.8616,20,STA,WIFI_DROP,
1.864,20,STA,WIFI_DROP,
1.8664,20,STA,WIFI_DROP,
1.8688,20,STA,WIFI_DROP,
1.8712,20,STA,WIFI_DROP,
1.8736,20,STA,WIFI_DROP,
1.876,20,STA,WIFI_DROP,
1.8784,20,STA,WIFI_DROP,
1.8808,20,STA,WIFI_DROP,
1.8832,20,STA,WIFI_DROP,
1.8856,20,STA,WIFI_DROP,
1.888,20,STA,WIFI_DROP,
1.8904,20,STA,WIFI_DROP,
1.8928,20,STA,WIFI_DROP,
1.8952,20,STA,WIFI_DROP,
1.8976,20,STA,WIFI_DROP,
1.9,20,STA,WIFI_DROP,
1.9024,20,STA,WIFI_DROP,
1.9048,20,STA,WIFI_DROP,
1.9072,20,STA,WIFI_DROP,
1.9096,20,STA,WIFI_DROP,
1.912,20,STA,WIFI_DROP,
1.9144,20,STA,WIFI_DROP,
1.9168,20,STA,WIFI_DROP,
1.9192,20,STA,WIFI_DROP,
1.9216,20,STA,WIFI_DROP,
1.924,20,STA,WIFI_DROP,
1.9264,20,STA,WIFI_DROP,
1.9288,20,STA,WIFI_DROP,
1.9312,20,STA,WIFI_DROP,
1.9336,20,STA,WIFI_DROP,
1.936,20,STA,WIFI_DROP,
1.9384,20,STA,WIFI_DROP,
1.9408,20,STA,WIFI_DROP,
1.9432,20,STA,WIFI_DROP,
1.9456,20,STA,WIFI_DROP,
1.948,20,STA,WIFI_DROP,
1.9504,20,STA,WIFI_DROP,
1.9528,20,STA,WIFI_DROP,
1.9552,20,STA,WIFI_DROP,
1.9576,20,STA,WIFI_DROP,
1.96,20,STA,WIFI_DROP,
1.9624,20,STA,WIFI_DROP,
1.9648,20,STA,WIFI_DROP,
1.9672,20,STA,WIFI_DROP,
1.9696,20,STA,WIFI_DROP,
1.972,20,STA,WIFI_DROP,
1.9744,20,STA,WIFI_DROP,
1.9768,20,STA,WIFI_DROP,
1.9792,20,STA,WIFI_DROP,
1.9816,20,STA,WIFI_DROP,
1.984,20,STA,WIFI_DROP,
1.9864,20,STA,WIFI_DROP,
1.9888,20,STA,WIFI_DROP,
1.9912,20,STA,WIFI_DROP,
1.9936,20,STA,WIFI_DROP,
1.996,20,STA,WIFI_DROP,
1.9984,20,STA,WIFI_DROP,
2,3,STA,THROUGHPUT_MBPS,0.156000
2,4,STA,THROUGHPUT_MBPS,1.428000
2,5,STA,THROUGHPUT_MBPS,0.072000
2,8,STA,THROUGHPUT_MBPS,0.468000
2,9,STA,THROUGHPUT_MBPS,0.408000
2,13,STA,THROUGHPUT_MBPS,0.360000
2,14,STA,THROUGHPUT_MBPS,0.036000
2,15,STA,THROUGHPUT_MBPS,1.764000
2,16,STA,THROUGHPUT_MBPS,0.696000
2,17,STA,THROUGHPUT_MBPS,0.396000
2,18,STA,THROUGHPUT_MBPS,1.272000
2,20,STA,THROUGHPUT_MBPS,0.468000
2,21,STA,THROUGHPUT_MBPS,0.804000
2,1,AP,AGGREGATE_THROUGHPUT_MBPS,8.328000
2,1,AP,SENT_COUNT,8340.000000
2,1,AP,RECV_COUNT,694.000000
2,1,AP,LATENCY_P95_MS,547.462736
2.0008,20,STA,WIFI_DROP,
2.0032,20,STA,WIFI_DROP,
2.0056,20,STA,WIFI_DROP,
2.008,20,STA,WIFI_DROP,
2.0104,20,STA,WIFI_DROP,
2.0128,20,STA,WIFI_DROP,
2.0152,20,STA,WIFI_DROP,
2.0176,20,STA,WIFI_DROP,
2.02,20,STA,WIFI_DROP,
2.0224,20,STA,WIFI_DROP,
2.0248,20,STA,WIFI_DROP,
2.0272,20,STA,WIFI_DROP,
2.0296,20,STA,WIFI_DROP,
2.032,20,STA,WIFI_DROP,
2.0344,20,STA,WIFI_DROP,
2.0368,20,STA,WIFI_DROP,
2.0392,20,STA,WIFI_DROP,
2.0416,20,STA,WIFI_DROP,
2.044,20,STA,WIFI_DROP,
2.0464,20,STA,WIFI_DROP,
2.0488,20,STA,WIFI_DROP,
2.0512,20,STA,WIFI_DROP,
2.0536,20,STA,WIFI_DROP,
2.056,20,STA,WIFI_DROP,
2.0584,20,STA,WIFI_DROP,
2.0608,20,STA,WIFI_DROP,
2.0632,20,STA,WIFI_DROP,
2.0656,20,STA,WIFI_DROP,
2.068,20,STA,WIFI_DROP,
2.0704,20,STA,WIFI_DROP,
2.0728,20,STA,WIFI_DROP,
2.0752,20,STA,WIFI_DROP,
2.0776,20,STA,WIFI_DROP,
2.08,20,STA,WIFI_DROP,
2.0824,20,STA,WIFI_DROP,
2.0848,20,STA,WIFI_DROP,
2.0872,20,STA,WIFI_DROP,
2.0896,20,STA,WIFI_DROP,
2.092,20,STA,WIFI_DROP,
2.0944,20,STA,WIFI_DROP,
2.0968,20,STA,WIFI_DROP,
2.0992,20,STA,WIFI_DROP,
2.1016,20,STA,WIFI_DROP,
2.104,20,STA,WIFI_DROP,
2.1064,20,STA,WIFI_DROP,
2.1088,20,STA,WIFI_DROP,
2.1112,20,STA,WIFI_DROP,
2.1136,20,STA,WIFI_DROP,
2.116,20,STA,WIFI_DROP,
2.1184,20,STA,WIFI_DROP,
2.1208,20,STA,WIFI_DROP,
2.1232,20,STA,WIFI_DROP,
2.1256,20,STA,WIFI_DROP,
2.128,20,STA,WIFI_DROP,
2.1304,20,STA,WIFI_DROP,
2.1328,20,STA,WIFI_DROP,
2.1352,20,STA,WIFI_DROP,
2.1376,20,STA,WIFI_DROP,
2.14,20,STA,WIFI_DROP,
2.1424,20,STA,WIFI_DROP,
2.1448,20,STA,WIFI_DROP,
2.1472,20,STA,WIFI_DROP,
2.1496,20,STA,WIFI_DROP,
2.152,20,STA,WIFI_DROP,
2.1544,20,STA,WIFI_DROP,
2.1568,20,STA,WIFI_DROP,
2.1592,20,STA,WIFI_DROP,
2.1616,20,STA,WIFI_DROP,
2.164,20,STA,WIFI_DROP,
2.1664,20,STA,WIFI_DROP,
2.1688,20,STA,WIFI_DROP,
2.1712,20,STA,WIFI_DROP,
2.1736,20,STA,WIFI_DROP,
2.176,20,STA,WIFI_DROP,
2.1784,20,STA,WIFI_DROP,
2.1808,20,STA,WIFI_DROP,
2.1832,20,STA,WIFI_DROP,
2.1856,20,STA,WIFI_DROP,
2.188,20,STA,WIFI_DROP,
2.1904,20,STA,WIFI_DROP,
2.1928,20,STA,WIFI_DROP,
2.1952,20,STA,WIFI_DROP,
2.1976,20,STA,WIFI_DROP,
2.2,20,STA,WIFI_DROP,
2.2024,20,STA,WIFI_DROP,
2.2048,20,STA,WIFI_DROP,
2.2072,20,STA,WIFI_DROP,
2.2096,20,STA,WIFI_DROP,
2.212,20,STA,WIFI_DROP,
2.2144,20,STA,WIFI_DROP,
2.2168,20,STA,WIFI_DROP,
2.2192,20,STA,WIFI_DROP,
2.2216,20,STA,WIFI_DROP,
2.224,20,STA,WIFI_DROP,
2.2264,20,STA,WIFI_DROP,
2.2288,20,STA,WIFI_DROP,
2.2312,20,STA,WIFI_DROP,
2.2336,20,STA,WIFI_DROP,
2.236,20,STA,WIFI_DROP,
2.2384,20,STA,WIFI_DROP,
2.2408,20,STA,WIFI_DROP,
2.2432,20,STA,WIFI_DROP,
2.2456,20,STA,WIFI_DROP,
2.248,20,STA,WIFI_DROP,
2.2504,20,STA,WIFI_DROP,
2.2528,20,STA,WIFI_DROP,
2.2552,20,STA,WIFI_DROP,
2.2576,20,STA,WIFI_DROP,
2.26,20,STA,WIFI_DROP,
2.2624,11,STA,WIFI_DROP,
2.2624,20,STA,WIFI_DROP,
2.2648,11,STA,WIFI_DROP,
2.2648,20,STA,WIFI_DROP,
2.2672,11,STA,WIFI_DROP,
2.2672,20,STA,WIFI_DROP,
2.2696,11,STA,WIFI_DROP,
2.2696,20,STA,WIFI_DROP,
2.272,11,STA,WIFI_DROP,
2.272,20,STA,WIFI_DROP,
2.2744,11,STA,WIFI_DROP,
2.2744,20,STA,WIFI_DROP,
2.2768,11,STA,WIFI_DROP,
2.2768,20,STA,WIFI_DROP,
2.2792,11,STA,WIFI_DROP,
2.2792,20,STA,WIFI_DROP,
2.2816,11,STA,WIFI_DROP,
2.2816,20,STA,WIFI_DROP,
2.284,11,STA,WIFI_DROP,
2.284,20,STA,WIFI_DROP,
2.2864,11,STA,WIFI_DROP,
2.2864,20,STA,WIFI_DROP,
2.2888,11,STA,WIFI_DROP,
2.2888,20,STA,WIFI_DROP,
2.2912,11,STA,WIFI_DROP,
2.2912,20,STA,WIFI_DROP,
2.2936,11,STA,WIFI_DROP,
2.2936,20,STA,WIFI_DROP,
2.296,11,STA,WIFI_DROP,
2.296,20,STA,WIFI_DROP,
2.2984,11,STA,WIFI_DROP,
2.2984,20,STA,WIFI_DROP,
2.3008,11,STA,WIFI_DROP,
2.3008,20,STA,WIFI_DROP,
2.3032,11,STA,WIFI_DROP,
2.3032,20,STA,WIFI_DROP,
2.3056,11,STA,WIFI_DROP,
2.3056,20,STA,WIFI_DROP,
2.308,11,STA,WIFI_DROP,
2.308,20,STA,WIFI_DROP,
2.3104,11,STA,WIFI_DROP,
2.3104,20,STA,WIFI_DROP,
2.3128,11,STA,WIFI_DROP,
2.3128,20,STA,WIFI_DROP,
2.3152,11,STA,WIFI_DROP,
2.3152,20,STA,WIFI_DROP,
2.3176,11,STA,WIFI_DROP,
2.3176,20,STA,WIFI_DROP,
2.32,11,STA,WIFI_DROP,
2.32,20,STA,WIFI_DROP,
2.3224,11,STA,WIFI_DROP,
2.3224,20,STA,WIFI_DROP,
2.3248,11,STA,WIFI_DROP,
2.3248,20,STA,WIFI_DROP,
2.3272,11,STA,WIFI_DROP,
2.3272,20,STA,WIFI_DROP,
2.3296,11,STA,WIFI_DROP,
2.3296,20,STA,WIFI_DROP,
2.332,11,STA,WIFI_DROP,
2.332,20,STA,WIFI_DROP,
2.3344,11,STA,WIFI_DROP,
2.3344,20,STA,WIFI_DROP,
2.3368,11,STA,WIFI_DROP,
2.3368,20,STA,WIFI_DROP,
2.3392,11,STA,WIFI_DROP,
2.3392,20,STA,WIFI_DROP,
2.3416,11,STA,WIFI_DROP,
2.3416,20,STA,WIFI_DROP,
2.344,11,STA,WIFI_DROP,
2.344,20,STA,WIFI_DROP,
2.3464,11,STA,WIFI_DROP,
2.3464,20,STA,WIFI_DROP,
2.3488,11,STA,WIFI_DROP,
2.3488,20,STA,WIFI_DROP,
2.3512,11,STA,WIFI_DROP,
2.3512,20,STA,WIFI_DROP,
2.3536,11,STA,WIFI_DROP,
2.3536,20,STA,WIFI_DROP,
2.356,11,STA,WIFI_DROP,
2.356,20,STA,WIFI_DROP,
2.3584,11,STA,WIFI_DROP,
2.3584,20,STA,WIFI_DROP,
2.3608,11,STA,WIFI_DROP,
2.3608,20,STA,WIFI_DROP,
2.3632,11,STA,WIFI_DROP,
2.3632,20,STA,WIFI_DROP,
2.3656,11,STA,WIFI_DROP,
2.3656,20,STA,WIFI_DROP,
2.368,11,STA,WIFI_DROP,
2.368,20,STA,WIFI_DROP,
2.3704,11,STA,WIFI_DROP,
2.3704,20,STA,WIFI_DROP,
2.3728,11,STA,WIFI_DROP,
2.3728,20,STA,WIFI_DROP,
2.3752,11,STA,WIFI_DROP,
2.3752,20,STA,WIFI_DROP,
2.3776,11,STA,WIFI_DROP,
2.3776,20,STA,WIFI_DROP,
2.38,11,STA,WIFI_DROP,
2.38,20,STA,WIFI_DROP,
2.3824,11,STA,WIFI_DROP,
2.3824,20,STA,WIFI_DROP,
2.3848,11,STA,WIFI_DROP,
2.3848,20,STA,WIFI_DROP,
2.3872,11,STA,WIFI_DROP,
2.3872,20,STA,WIFI_DROP,
2.3896,11,STA,WIFI_DROP,
2.3896,20,STA,WIFI_DROP,
2.392,11,STA,WIFI_DROP,
2.392,20,STA,WIFI_DROP,
2.3944,11,STA,WIFI_DROP,
2.3944,20,STA,WIFI_DROP,
2.3968,11,STA,WIFI_DROP,
2.3968,20,STA,WIFI_DROP,
2.3992,11,STA,WIFI_DROP,
2.3992,20,STA,WIFI_DROP,
2.4016,11,STA,WIFI_DROP,
2.404,11,STA,WIFI_DROP,
2.4064,11,STA,WIFI_DROP,
2.4088,11,STA,WIFI_DROP,
2.4112,11,STA,WIFI_DROP,
2.4136,11,STA,WIFI_DROP,
2.416,11,STA,WIFI_DROP,
2.4184,11,STA,WIFI_DROP,
2.4208,11,STA,WIFI_DROP,
2.4232,11,STA,WIFI_DROP,
2.4256,11,STA,WIFI_DROP,
2.428,11,STA,WIFI_DROP,
2.4304,11,STA,WIFI_DROP,
2.4328,11,STA,WIFI_DROP,
2.4352,11,STA,WIFI_DROP,
2.4376,11,STA,WIFI_DROP,
2.44,11,STA,WIFI_DROP,
2.4424,11,STA,WIFI_DROP,
2.4448,11,STA,WIFI_DROP,
2.4472,11,STA,WIFI_DROP,
2.4496,11,STA,WIFI_DROP,
2.452,11,STA,WIFI_DROP,
2.4544,11,STA,WIFI_DROP,
2.4568,11,STA,WIFI_DROP,
2.4592,11,STA,WIFI_DROP,
2.4616,11,STA,WIFI_DROP,
2.464,11,STA,WIFI_DROP,
2.4664,11,STA,WIFI_DROP,
2.4688,11,STA,WIFI_DROP,
2.4712,3,STA,WIFI_DROP,
2.4712,11,STA,WIFI_DROP,
2.4736,3,STA,WIFI_DROP,
2.4736,11,STA,WIFI_DROP,
2.476,3,STA,WIFI_DROP,
2.476,11,STA,WIFI_DROP,
2.4784,3,STA,WIFI_DROP,
2.4784,11,STA,WIFI_DROP,
2.4808,3,STA,WIFI_DROP,
2.4808,11,STA,WIFI_DROP,
2.4832,3,STA,WIFI_DROP,
2.4832,11,STA,WIFI_DROP,
2.4856,3,STA,WIFI_DROP,
2.4856,11,STA,WIFI_DROP,
2.488,3,STA,WIFI_DROP,
2.488,11,STA,WIFI_DROP,
2.4904,3,STA,WIFI_DROP,
2.4904,11,STA,WIFI_DROP,
2.4928,3,STA,WIFI_DROP,
2.4928,11,STA,WIFI_DROP,
2.4952,3,STA,WIFI_DROP,
2.4952,11,STA,WIFI_DROP,
2.4976,3,STA,WIFI_DROP,
2.4976,11,STA,WIFI_DROP,
2.5,3,STA,WIFI_DROP,
2.5,11,STA,WIFI_DROP,
2.5024,3,STA,WIFI_DROP,
2.5024,11,STA,WIFI_DROP,
2.5048,3,STA,WIFI_DROP,
2.5048,11,STA,WIFI_DROP,
2.5072,3,STA,WIFI_DROP,
2.5072,11,STA,WIFI_DROP,
2.5096,3,STA,WIFI_DROP,
2.5096,11,STA,WIFI_DROP,
2.512,3,STA,WIFI_DROP,
2.512,11,STA,WIFI_DROP,
2.5144,3,STA,WIFI_DROP,
2.5144,11,STA,WIFI_DROP,
2.5168,3,STA,WIFI_DROP,
2.5168,11,STA,WIFI_DROP,
2.5192,3,STA,WIFI_DROP,
2.5192,11,STA,WIFI_DROP,
2.5216,3,STA,WIFI_DROP,
2.5216,11,STA,WIFI_DROP,
2.524,3,STA,WIFI_DROP,
2.524,11,STA,WIFI_DROP,
2.5264,3,STA,WIFI_DROP,
2.5264,11,STA,WIFI_DROP,
2.5288,3,STA,WIFI_DROP,
2.5288,11,STA,WIFI_DROP,
2.5312,3,STA,WIFI_DROP,
2.5312,11,STA,WIFI_DROP,
2.5336,3,STA,WIFI_DROP,
2.5336,11,STA,WIFI_DROP,
2.536,3,STA,WIFI_DROP,
2.536,11,STA,WIFI_DROP,
2.5384,3,STA,WIFI_DROP,
2.5384,11,STA,WIFI_DROP,
2.5408,3,STA,WIFI_DROP,
2.5408,11,STA,WIFI_DROP,
2.5432,3,STA,WIFI_DROP,
2.5432,11,STA,WIFI_DROP,
2.5456,3,STA,WIFI_DROP,
2.5456,11,STA,WIFI_DROP,
2.548,3,STA,WIFI_DROP,
2.548,11,STA,WIFI_DROP,
2.5504,3,STA,WIFI_DROP,
2.5504,11,STA,WIFI_DROP,
2.5528,3,STA,WIFI_DROP,
2.5528,11,STA,WIFI_DROP,
2.5552,3,STA,WIFI_DROP,
2.5552,11,STA,WIFI_DROP,
2.5576,3,STA,WIFI_DROP,
2.5576,11,STA,WIFI_DROP,
2.56,3,STA,WIFI_DROP,
2.56,11,STA,WIFI_DROP,
2.5624,3,STA,WIFI_DROP,
2.5624,11,STA,WIFI_DROP,
2.5648,3,STA,WIFI_DROP,
2.5648,11,STA,WIFI_DROP,
2.5672,3,STA,WIFI_DROP,
2.5672,11,STA,WIFI_DROP,
2.5696,3,STA,WIFI_DROP,
2.5696,11,STA,WIFI_DROP,
2.572,11,STA,WIFI_DROP,
2.5744,11,STA,WIFI_DROP,
2.5768,11,STA,WIFI_DROP,
2.5792,11,STA,WIFI_DROP,
2.5816,11,STA,WIFI_DROP,
2.584,11,STA,WIFI_DROP,
2.5864,11,STA,WIFI_DROP,
2.5888,11,STA,WIFI_DROP,
2.5912,11,STA,WIFI_DROP,
2.5936,11,STA,WIFI_DROP,
2.596,11,STA,WIFI_DROP,
2.5984,11,STA,WIFI_DROP,
2.6008,11,STA,WIFI_DROP,
2.6032,11,STA,WIFI_DROP,
2.6056,11,STA,WIFI_DROP,
2.608,11,STA,WIFI_DROP,
2.6104,11,STA,WIFI_DROP,
2.6128,11,STA,WIFI_DROP,
2.6152,11,STA,WIFI_DROP,
2.6176,11,STA,WIFI_DROP,
2.62,11,STA,WIFI_DROP,
2.6224,11,STA,WIFI_DROP,
2.6248,11,STA,WIFI_DROP,
2.6272,11,STA,WIFI_DROP,
2.6296,11,STA,WIFI_DROP,
2.632,11,STA,WIFI_DROP,
2.6344,11,STA,WIFI_DROP,
2.6368,11,STA,WIFI_DROP,
2.6392,11,STA,WIFI_DROP,
2.6416,11,STA,WIFI_DROP,
2.644,11,STA,WIFI_DROP,
2.6464,11,STA,WIFI_DROP,
2.6488,11,STA,WIFI_DROP,
2.6512,11,STA,WIFI_DROP,
2.6536,11,STA,WIFI_DROP,
2.656,11,STA,WIFI_DROP,
2.6584,11,STA,WIFI_DROP,
2.6608,11,STA,WIFI_DROP,
2.6632,11,STA,WIFI_DROP,
2.6656,11,STA,WIFI_DROP,
2.668,11,STA,WIFI_DROP,
2.6704,11,STA,WIFI_DROP,
2.6728,11,STA,WIFI_DROP,
2.6752,11,STA,WIFI_DROP,
2.6752,14,STA,WIFI_DROP,
2.6776,11,STA,WIFI_DROP,
2.6776,14,STA,WIFI_DROP,
2.68,11,STA,WIFI_DROP,
2.68,14,STA,WIFI_DROP,
2.6824,11,STA,WIFI_DROP,
2.6824,14,STA,WIFI_DROP,
2.6848,11,STA,WIFI_DROP,
2.6848,14,STA,WIFI_DROP,
2.6872,11,STA,WIFI_DROP,
2.6872,14,STA,WIFI_DROP,
2.6896,11,STA,WIFI_DROP,
2.6896,14,STA,WIFI_DROP,
2.692,11,STA,WIFI_DROP,
2.692,14,STA,WIFI_DROP,
2.6944,11,STA,WIFI_DROP,
2.6944,14,STA,WIFI_DROP,
2.6968,11,STA,WIFI_DROP,
2.6968,14,STA,WIFI_DROP,
2.6992,11,STA,WIFI_DROP,
2.6992,14,STA,WIFI_DROP,
2.7016,11,STA,WIFI_DROP,
2.7016,14,STA,WIFI_DROP,
2.704,11,STA,WIFI_DROP,
2.704,14,STA,WIFI_DROP,
2.7064,11,STA,WIFI_DROP,
2.7064,14,STA,WIFI_DROP,
2.7088,11,STA,WIFI_DROP,
2.7088,14,STA,WIFI_DROP,
2.7112,11,STA,WIFI_DROP,
2.7112,14,STA,WIFI_DROP,
2.7136,11,STA,WIFI_DROP,
2.7136,14,STA,WIFI_DROP,
2.716,11,STA,WIFI_DROP,
2.716,14,STA,WIFI_DROP,
2.7184,11,STA,WIFI_DROP,
2.7184,14,STA,WIFI_DROP,
2.7208,11,STA,WIFI_DROP,
2.7208,14,STA,WIFI_DROP,
2.7232,11,STA,WIFI_DROP,
2.7232,14,STA,WIFI_DROP,
2.7256,11,STA,WIFI_DROP,
2.7256,14,STA,WIFI_DROP,
2.728,11,STA,WIFI_DROP,
2.728,14,STA,WIFI_DROP,
2.7304,11,STA,WIFI_DROP,
2.7304,14,STA,WIFI_DROP,
2.7328,11,STA,WIFI_DROP,
2.7328,14,STA,WIFI_DROP,
2.7352,11,STA,WIFI_DROP,
2.7352,14,STA,WIFI_DROP,
2.7376,11,STA,WIFI_DROP,
2.7376,14,STA,WIFI_DROP,
2.74,11,STA,WIFI_DROP,
2.74,14,STA,WIFI_DROP,
2.7424,11,STA,WIFI_DROP,
2.7424,14,STA,WIFI_DROP,
2.7448,11,STA,WIFI_DROP,
2.7448,14,STA,WIFI_DROP,
2.7472,11,STA,WIFI_DROP,
2.7472,14,STA,WIFI_DROP,
2.7496,11,STA,WIFI_DROP,
2.7496,14,STA,WIFI_DROP,
2.752,11,STA,WIFI_DROP,
2.752,14,STA,WIFI_DROP,
2.7544,11,STA,WIFI_DROP,
2.7544,14,STA,WIFI_DROP,
2.7568,11,STA,WIFI_DROP,
2.7568,14,STA,WIFI_DROP,
2.7592,11,STA,WIFI_DROP,
2.7592,14,STA,WIFI_DROP,
2.7616,11,STA,WIFI_DROP,
2.7616,14,STA,WIFI_DROP,
2.764,11,STA,WIFI_DROP,
2.764,14,STA,WIFI_DROP,
2.7664,11,STA,WIFI_DROP,
2.7664,14,STA,WIFI_DROP,
2.7688,11,STA,WIFI_DROP,
2.7688,14,STA,WIFI_DROP,
2.7712,11,STA,WIFI_DROP,
2.7712,14,STA,WIFI_DROP,
2.7736,11,STA,WIFI_DROP,
2.7736,14,STA,WIFI_DROP,
2.776,11,STA,WIFI_DROP,
2.7784,11,STA,WIFI_DROP,
2.7808,11,STA,WIFI_DROP,
2.7832,11,STA,WIFI_DROP,
2.7856,11,STA,WIFI_DROP,
2.788,11,STA,WIFI_DROP,
2.7904,11,STA,WIFI_DROP,
2.7928,11,STA,WIFI_DROP,
2.7952,11,STA,WIFI_DROP,
2.7976,11,STA,WIFI_DROP,
2.8,11,STA,WIFI_DROP,
2.8024,11,STA,WIFI_DROP,
2.8048,11,STA,WIFI_DROP,
2.8072,11,STA,WIFI_DROP,
2.8096,11,STA,WIFI_DROP,
2.812,11,STA,WIFI_DROP,
2.8144,11,STA,WIFI_DROP,
2.8168,11,STA,WIFI_DROP,
2.8192,11,STA,WIFI_DROP,
2.8216,11,STA,WIFI_DROP,
2.824,11,STA,WIFI_DROP,
2.8264,11,STA,WIFI_DROP,
2.8288,11,STA,WIFI_DROP,
2.8312,11,STA,WIFI_DROP,
2.8336,11,STA,WIFI_DROP,
2.836,11,STA,WIFI_DROP,
2.8384,11,STA,WIFI_DROP,
2.8408,11,STA,WIFI_DROP,
2.8432,11,STA,WIFI_DROP,
2.8456,11,STA,WIFI_DROP,
2.848,11,STA,WIFI_DROP,
2.8504,11,STA,WIFI_DROP,
2.8528,11,STA,WIFI_DROP,
2.8552,11,STA,WIFI_DROP,
2.8576,11,STA,WIFI_DROP,
2.86,11,STA,WIFI_DROP,
2.8624,11,STA,WIFI_DROP,
2.8648,11,STA,WIFI_DROP,
2.8672,11,STA,WIFI_DROP,
2.8696,11,STA,WIFI_DROP,
2.872,11,STA,WIFI_DROP,
2.8744,11,STA,WIFI_DROP,
2.8768,5,STA,WIFI_DROP,
2.8768,11,STA,WIFI_DROP,
2.8792,5,STA,WIFI_DROP,
2.8792,11,STA,WIFI_DROP,
2.8816,5,STA,WIFI_DROP,
2.8816,11,STA,WIFI_DROP,
2.884,5,STA,WIFI_DROP,
2.884,11,STA,WIFI_DROP,
2.8864,5,STA,WIFI_DROP,
2.8864,11,STA,WIFI_DROP,
2.8888,5,STA,WIFI_DROP,
2.8888,11,STA,WIFI_DROP,
2.8912,5,STA,WIFI_DROP,
2.8912,11,STA,WIFI_DROP,
2.8936,5,STA,WIFI_DROP,
2.8936,11,STA,WIFI_DROP,
2.896,5,STA,WIFI_DROP,
2.896,11,STA,WIFI_DROP,
2.8984,5,STA,WIFI_DROP,
2.8984,11,STA,WIFI_DROP,
2.9008,5,STA,WIFI_DROP,
2.9008,11,STA,WIFI_DROP,
2.9032,5,STA,WIFI_DROP,
2.9032,11,STA,WIFI_DROP,
2.9056,5,STA,WIFI_DROP,
2.9056,11,STA,WIFI_DROP,
2.908,5,STA,WIFI_DROP,
2.908,11,STA,WIFI_DROP,
2.9104,5,STA,WIFI_DROP,
2.9104,11,STA,WIFI_DROP,
2.9128,5,STA,WIFI_DROP,
2.9128,11,STA,WIFI_DROP,
2.9152,5,STA,WIFI_DROP,
2.9152,11,STA,WIFI_DROP,
2.9176,5,STA,WIFI_DROP,
2.9176,11,STA,WIFI_DROP,
2.92,5,STA,WIFI_DROP,
2.92,11,STA,WIFI_DROP,
2.9224,5,STA,WIFI_DROP,
2.9224,11,STA,WIFI_DROP,
2.9248,5,STA,WIFI_DROP,
2.9248,11,STA,WIFI_DROP,
2.9272,5,STA,WIFI_DROP,
2.9272,11,STA,WIFI_DROP,
2.9296,5,STA,WIFI_DROP,
2.9296,11,STA,WIFI_DROP,
2.932,5,STA,WIFI_DROP,
2.932,11,STA,WIFI_DROP,
2.9344,5,STA,WIFI_DROP,
2.9344,11,STA,WIFI_DROP,
2.9368,5,STA,WIFI_DROP,
2.9368,11,STA,WIFI_DROP,
2.9392,5,STA,WIFI_DROP,
2.9392,11,STA,WIFI_DROP,
2.9416,5,STA,WIFI_DROP,
2.9416,11,STA,WIFI_DROP,
2.944,5,STA,WIFI_DROP,
2.944,11,STA,WIFI_DROP,
2.9464,5,STA,WIFI_DROP,
2.9464,11,STA,WIFI_DROP,
2.9488,5,STA,WIFI_DROP,
2.9488,11,STA,WIFI_DROP,
2.9512,5,STA,WIFI_DROP,
2.9512,11,STA,WIFI_DROP,
2.9536,5,STA,WIFI_DROP,
2.9536,11,STA,WIFI_DROP,
2.956,5,STA,WIFI_DROP,
2.956,11,STA,WIFI_DROP,
2.9584,5,STA,WIFI_DROP,
2.9584,11,STA,WIFI_DROP,
2.9608,5,STA,WIFI_DROP,
2.9608,11,STA,WIFI_DROP,
2.9632,5,STA,WIFI_DROP,
2.9632,11,STA,WIFI_DROP,
2.9656,5,STA,WIFI_DROP,
2.9656,11,STA,WIFI_DROP,
2.968,5,STA,WIFI_DROP,
2.968,11,STA,WIFI_DROP,
2.9704,5,STA,WIFI_DROP,
2.9704,11,STA,WIFI_DROP,
2.9728,5,STA,WIFI_DROP,
2.9728,11,STA,WIFI_DROP,
2.9752,5,STA,WIFI_DROP,
2.9752,11,STA,WIFI_DROP,
2.9776,5,STA,WIFI_DROP,
2.9776,11,STA,WIFI_DROP,
2.98,5,STA,WIFI_DROP,
2.98,11,STA,WIFI_DROP,
2.9824,5,STA,WIFI_DROP,
2.9824,11,STA,WIFI_DROP,
2.9848,5,STA,WIFI_DROP,
2.9848,11,STA,WIFI_DROP,
2.9872,5,STA,WIFI_DROP,
2.9872,11,STA,WIFI_DROP,
2.9896,5,STA,WIFI_DROP,
2.9896,11,STA,WIFI_DROP,
2.992,5,STA,WIFI_DROP,
2.992,11,STA,WIFI_DROP,
2.9944,5,STA,WIFI_DROP,
2.9944,11,STA,WIFI_DROP,
2.9968,5,STA,WIFI_DROP,
2.9968,11,STA,WIFI_DROP,
2.9992,5,STA,WIFI_DROP,
2.9992,11,STA,WIFI_DROP,
3,3,STA,THROUGHPUT_MBPS,1.464000
3,4,STA,THROUGHPUT_MBPS,2.604000
3,5,STA,THROUGHPUT_MBPS,0.504000
3,7,STA,THROUGHPUT_MBPS,2.064000
3,8,STA,THROUGHPUT_MBPS,0.804000
3,9,STA,THROUGHPUT_MBPS,4.284000
3,13,STA,THROUGHPUT_MBPS,1.920000
3,14,STA,THROUGHPUT_MBPS,0.444000
3,15,STA,THROUGHPUT_MBPS,2.052000
3,17,STA,THROUGHPUT_MBPS,1.728000
3,18,STA,THROUGHPUT_MBPS,1.428000
3,20,STA,THROUGHPUT_MBPS,1.104000
3,21,STA,THROUGHPUT_MBPS,1.992000
3,1,AP,AGGREGATE_THROUGHPUT_MBPS,22.392000
3,1,AP,SENT_COUNT,8340.000000
3,1,AP,RECV_COUNT,1866.000000
3,1,AP,LATENCY_P95_MS,536.665191
3.0016,5,STA,WIFI_DROP,
3.0016,11,STA,WIFI_DROP,
3.004,5,STA,WIFI_DROP,
3.004,11,STA,WIFI_DROP,
3.0064,5,STA,WIFI_DROP,
3.0064,11,STA,WIFI_DROP,
3.0088,5,STA,WIFI_DROP,
3.0088,11,STA,WIFI_DROP,
3.0112,5,STA,WIFI_DROP,
3.0112,11,STA,WIFI_DROP,
3.0136,5,STA,WIFI_DROP,
3.0136,11,STA,WIFI_DROP,
3.016,5,STA,WIFI_DROP,
3.016,11,STA,WIFI_DROP,
3.0184,5,STA,WIFI_DROP,
3.0184,11,STA,WIFI_DROP,
3.0208,5,STA,WIFI_DROP,
3.0208,11,STA,WIFI_DROP,
3.0232,5,STA,WIFI_DROP,
3.0232,11,STA,WIFI_DROP,
3.0256,5,STA,WIFI_DROP,
3.0256,11,STA,WIFI_DROP,
3.028,5,STA,WIFI_DROP,
3.028,11,STA,WIFI_DROP,
3.0304,5,STA,WIFI_DROP,
3.0304,11,STA,WIFI_DROP,
3.0328,5,STA,WIFI_DROP,
3.0328,11,STA,WIFI_DROP,
3.0352,5,STA,WIFI_DROP,
3.0352,11,STA,WIFI_DROP,
3.0376,5,STA,WIFI_DROP,
3.0376,11,STA,WIFI_DROP,
3.04,5,STA,WIFI_DROP,
3.04,11,STA,WIFI_DROP,
3.0424,5,STA,WIFI_DROP,
3.0424,11,STA,WIFI_DROP,
3.0448,5,STA,WIFI_DROP,
3.0448,11,STA,WIFI_DROP,
3.0472,5,STA,WIFI_DROP,
3.0472,11,STA,WIFI_DROP,
3.0496,5,STA,WIFI_DROP,
3.0496,11,STA,WIFI_DROP,
3.052,5,STA,WIFI_DROP,
3.052,11,STA,WIFI_DROP,
3.0544,5,STA,WIFI_DROP,
3.0544,11,STA,WIFI_DROP,
3.0568,5,STA,WIFI_DROP,
3.0568,11,STA,WIFI_DROP,
3.0592,5,STA,WIFI_DROP,
3.0592,11,STA,WIFI_DROP,
3.0616,5,STA,WIFI_DROP,
3.0616,11,STA,WIFI_DROP,
3.064,5,STA,WIFI_DROP,
3.064,11,STA,WIFI_DROP,
3.0664,5,STA,WIFI_DROP,
3.0664,11,STA,WIFI_DROP,
3.0688,5,STA,WIFI_DROP,
3.0688,11,STA,WIFI_DROP,
3.0712,5,STA,WIFI_DROP,
3.0712,11,STA,WIFI_DROP,
3.0736,5,STA,WIFI_DROP,
3.0736,11,STA,WIFI_DROP,
3.076,5,STA,WIFI_DROP,
3.076,11,STA,WIFI_DROP,
3.0784,5,STA,WIFI_DROP,
3.0784,11,STA,WIFI_DROP,
3.0808,5,STA,WIFI_DROP,
3.0808,11,STA,WIFI_DROP,
3.0832,5,STA,WIFI_DROP,
3.0832,11,STA,WIFI_DROP,
3.0856,5,STA,WIFI_DROP,
3.0856,11,STA,WIFI_DROP,
3.088,5,STA,WIFI_DROP,
3.088,11,STA,WIFI_DROP,
3.0904,5,STA,WIFI_DROP,
3.0904,11,STA,WIFI_DROP,
3.0928,5,STA,WIFI_DROP,
3.0928,11,STA,WIFI_DROP,
3.0952,5,STA,WIFI_DROP,
3.0952,11,STA,WIFI_DROP,
3.0976,5,STA,WIFI_DROP,
3.0976,11,STA,WIFI_DROP,
3.1,5,STA,WIFI_DROP,
3.1,11,STA,WIFI_DROP,
3.1024,5,STA,WIFI_DROP,
3.1024,11,STA,WIFI_DROP,
3.1048,5,STA,WIFI_DROP,
3.1048,11,STA,WIFI_DROP,
3.1072,5,STA,WIFI_DROP,
3.1072,11,STA,WIFI_DROP,
3.1096,5,STA,WIFI_DROP,
3.1096,11,STA,WIFI_DROP,
3.112,5,STA,WIFI_DROP,
3.112,11,STA,WIFI_DROP,
3.1144,5,STA,WIFI_DROP,
3.1144,11,STA,WIFI_DROP,
3.1168,5,STA,WIFI_DROP,
3.1168,11,STA,WIFI_DROP,
3.1192,5,STA,WIFI_DROP,
3.1192,11,STA,WIFI_DROP,
3.1216,5,STA,WIFI_DROP,
3.1216,11,STA,WIFI_DROP,
3.124,5,STA,WIFI_DROP,
3.124,11,STA,WIFI_DROP,
3.1264,5,STA,WIFI_DROP,
3.1264,11,STA,WIFI_DROP,
3.1288,5,STA,WIFI_DROP,
3.1288,11,STA,WIFI_DROP,
3.1312,5,STA,WIFI_DROP,
3.1312,11,STA,WIFI_DROP,
3.1336,5,STA,WIFI_DROP,
3.1336,11,STA,WIFI_DROP,
3.136,5,STA,WIFI_DROP,
3.136,11,STA,WIFI_DROP,
3.1384,5,STA,WIFI_DROP,
3.1384,11,STA,WIFI_DROP,
3.1408,5,STA,WIFI_DROP,
3.1408,11,STA,WIFI_DROP,
3.1432,5,STA,WIFI_DROP,
3.1432,11,STA,WIFI_DROP,
3.1456,5,STA,WIFI_DROP,
3.1456,11,STA,WIFI_DROP,
3.148,5,STA,WIFI_DROP,
3.148,11,STA,WIFI_DROP,
3.1504,5,STA,WIFI_DROP,
3.1504,11,STA,WIFI_DROP,
3.1528,5,STA,WIFI_DROP,
3.1528,11,STA,WIFI_DROP,
3.1552,5,STA,WIFI_DROP,
3.1552,11,STA,WIFI_DROP,
3.1576,5,STA,WIFI_DROP,
3.1576,11,STA,WIFI_DROP,
3.16,5,STA,WIFI_DROP,
3.16,11,STA,WIFI_DROP,
3.1624,5,STA,WIFI_DROP,
3.1624,11,STA,WIFI_DROP,
3.1648,5,STA,WIFI_DROP,
3.1648,11,STA,WIFI_DROP,
3.1672,5,STA,WIFI_DROP,
3.1672,11,STA,WIFI_DROP,
3.1696,5,STA,WIFI_DROP,
3.1696,11,STA,WIFI_DROP,
3.172,5,STA,WIFI_DROP,
3.172,11,STA,WIFI_DROP,
3.1744,5,STA,WIFI_DROP,
3.1744,11,STA,WIFI_DROP,
3.1768,5,STA,WIFI_DROP,
3.1768,11,STA,WIFI_DROP,
3.1792,5,STA,WIFI_DROP,
3.1792,11,STA,WIFI_DROP,
3.1816,5,STA,WIFI_DROP,
3.1816,11,STA,WIFI_DROP,
3.184,5,STA,WIFI_DROP,
3.184,11,STA,WIFI_DROP,
3.1864,5,STA,WIFI_DROP,
3.1864,11,STA,WIFI_DROP,
3.1888,5,STA,WIFI_DROP,
3.1888,11,STA,WIFI_DROP,
3.1912,5,STA,WIFI_DROP,
3.1912,11,STA,WIFI_DROP,
3.1936,5,STA,WIFI_DROP,
3.1936,11,STA,WIFI_DROP,
3.196,5,STA,WIFI_DROP,
3.196,11,STA,WIFI_DROP,
3.1984,5,STA,WIFI_DROP,
3.1984,11,STA,WIFI_DROP,
3.2008,5,STA,WIFI_DROP,
3.2008,11,STA,WIFI_DROP,
3.2032,5,STA,WIFI_DROP,
3.2032,11,STA,WIFI_DROP,
3.2056,5,STA,WIFI_DROP,
3.2056,11,STA,WIFI_DROP,
3.208,5,STA,WIFI_DROP,
3.208,11,STA,WIFI_DROP,
3.2104,5,STA,WIFI_DROP,
3.2104,11,STA,WIFI_DROP,
3.2128,5,STA,WIFI_DROP,
3.2128,11,STA,WIFI_DROP,
3.2152,5,STA,WIFI_DROP,
3.2152,11,STA,WIFI_DROP,
3.2176,5,STA,WIFI_DROP,
3.2176,11,STA,WIFI_DROP,
3.22,5,STA,WIFI_DROP,
3.22,11,STA,WIFI_DROP,
3.2224,5,STA,WIFI_DROP,
3.2224,11,STA,WIFI_DROP,
3.2248,5,STA,WIFI_DROP,
3.2248,11,STA,WIFI_DROP,
3.2272,5,STA,WIFI_DROP,
3.2272,11,STA,WIFI_DROP,
3.2296,5,STA,WIFI_DROP,
3.2296,11,STA,WIFI_DROP,
3.232,5,STA,WIFI_DROP,
3.232,11,STA,WIFI_DROP,
3.2344,5,STA,WIFI_DROP,
3.2344,11,STA,WIFI_DROP,
3.2368,5,STA,WIFI_DROP,
3.2368,11,STA,WIFI_DROP,
3.2392,5,STA,WIFI_DROP,
3.2392,11,STA,WIFI_DROP,
3.2416,5,STA,WIFI_DROP,
3.2416,11,STA,WIFI_DROP,
3.244,5,STA,WIFI_DROP,
3.244,11,STA,WIFI_DROP,
3.2464,5,STA,WIFI_DROP,
3.2464,11,STA,WIFI_DROP,
3.2488,5,STA,WIFI_DROP,
3.2488,11,STA,WIFI_DROP,
3.2512,5,STA,WIFI_DROP,
3.2512,11,STA,WIFI_DROP,
3.2536,5,STA,WIFI_DROP,
3.2536,11,STA,WIFI_DROP,
3.256,5,STA,WIFI_DROP,
3.256,11,STA,WIFI_DROP,
3.2584,5,STA,WIFI_DROP,
3.2584,11,STA,WIFI_DROP,
3.2608,5,STA,WIFI_DROP,
3.2608,11,STA,WIFI_DROP,
3.2632,5,STA,WIFI_DROP,
3.2632,11,STA,WIFI_DROP,
3.2656,5,STA,WIFI_DROP,
3.2656,11,STA,WIFI_DROP,
3.268,5,STA,WIFI_DROP,
3.268,11,STA,WIFI_DROP,
3.2704,5,STA,WIFI_DROP,
3.2704,11,STA,WIFI_DROP,
3.2728,5,STA,WIFI_DROP,
3.2728,11,STA,WIFI_DROP,
3.2752,5,STA,WIFI_DROP,
3.2752,11,STA,WIFI_DROP,
3.2776,5,STA,WIFI_DROP,
3.2776,11,STA,WIFI_DROP,
3.28,5,STA,WIFI_DROP,
3.28,11,STA,WIFI_DROP,
3.2824,5,STA,WIFI_DROP,
3.2824,11,STA,WIFI_DROP,
3.2848,5,STA,WIFI_DROP,
3.2848,11,STA,WIFI_DROP,
3.2872,5,STA,WIFI_DROP,
3.2872,11,STA,WIFI_DROP,
3.2896,5,STA,WIFI_DROP,
3.2896,11,STA,WIFI_DROP,
3.292,5,STA,WIFI_DROP,
3.292,11,STA,WIFI_DROP,
3.2944,5,STA,WIFI_DROP,
3.2944,11,STA,WIFI_DROP,
3.2968,5,STA,WIFI_DROP,
3.2968,11,STA,WIFI_DROP,
3.2992,5,STA,WIFI_DROP,
3.2992,11,STA,WIFI_DROP,
3.3016,5,STA,WIFI_DROP,
3.3016,11,STA,WIFI_DROP,
3.304,5,STA,WIFI_DROP,
3.304,11,STA,WIFI_DROP,
3.3064,5,STA,WIFI_DROP,
3.3064,11,STA,WIFI_DROP,
3.3088,5,STA,WIFI_DROP,
3.3088,11,STA,WIFI_DROP,
3.3112,5,STA,WIFI_DROP,
3.3112,11,STA,WIFI_DROP,
3.3136,5,STA,WIFI_DROP,
3.3136,11,STA,WIFI_DROP,
3.316,5,STA,WIFI_DROP,
3.316,11,STA,WIFI_DROP,
3.3184,5,STA,WIFI_DROP,
3.3184,11,STA,WIFI_DROP,
3.3208,5,STA,WIFI_DROP,
3.3208,11,STA,WIFI_DROP,
3.3232,5,STA,WIFI_DROP,
3.3232,11,STA,WIFI_DROP,
3.3256,5,STA,WIFI_DROP,
3.3256,11,STA,WIFI_DROP,
3.328,5,STA,WIFI_DROP,
3.328,11,STA,WIFI_DROP,
3.3304,5,STA,WIFI_DROP,
3.3304,11,STA,WIFI_DROP,
3.3328,5,STA,WIFI_DROP,
3.3328,11,STA,WIFI_DROP,
3.3352,5,STA,WIFI_DROP,
3.3352,11,STA,WIFI_DROP,
3.3376,5,STA,WIFI_DROP,
3.3376,11,STA,WIFI_DROP,
3.34,5,STA,WIFI_DROP,
3.34,11,STA,WIFI_DROP,
3.3424,5,STA,WIFI_DROP,
3.3424,11,STA,WIFI_DROP,
3.3448,5,STA,WIFI_DROP,
3.3448,11,STA,WIFI_DROP,
3.3472,5,STA,WIFI_DROP,
3.3472,11,STA,WIFI_DROP,
3.3496,5,STA,WIFI_DROP,
3.3496,11,STA,WIFI_DROP,
3.352,5,STA,WIFI_DROP,
3.352,11,STA,WIFI_DROP,
3.3544,5,STA,WIFI_DROP,
3.3544,11,STA,WIFI_DROP,
3.3568,5,STA,WIFI_DROP,
3.3568,11,STA,WIFI_DROP,
3.3592,5,STA,WIFI_DROP,
3.3592,11,STA,WIFI_DROP,
3.3616,5,STA,WIFI_DROP,
3.3616,11,STA,WIFI_DROP,
3.364,5,STA,WIFI_DROP,
3.364,11,STA,WIFI_DROP,
3.3664,5,STA,WIFI_DROP,
3.3664,11,STA,WIFI_DROP,
3.3688,5,STA,WIFI_DROP,
3.3688,11,STA,WIFI_DROP,
3.3712,5,STA,WIFI_DROP,
3.3712,11,STA,WIFI_DROP,
3.3736,5,STA,WIFI_DROP,
3.3736,11,STA,WIFI_DROP,
3.376,5,STA,WIFI_DROP,
3.376,11,STA,WIFI_DROP,
3.3784,5,STA,WIFI_DROP,
3.3784,11,STA,WIFI_DROP,
3.3808,5,STA,WIFI_DROP,
3.3808,11,STA,WIFI_DROP,
3.3832,5,STA,WIFI_DROP,
3.3832,11,STA,WIFI_DROP,
3.3856,5,STA,WIFI_DROP,
3.3856,11,STA,WIFI_DROP,
3.388,5,STA,WIFI_DROP,
3.388,11,STA,WIFI_DROP,
3.3904,5,STA,WIFI_DROP,
3.3904,11,STA,WIFI_DROP,
3.3928,5,STA,WIFI_DROP,
3.3928,11,STA,WIFI_DROP,
3.3952,5,STA,WIFI_DROP,
3.3952,11,STA,WIFI_DROP,
3.3976,5,STA,WIFI_DROP,
3.3976,11,STA,WIFI_DROP,
3.4,5,STA,WIFI_DROP,
3.4,11,STA,WIFI_DROP,
3.4024,5,STA,WIFI_DROP,
3.4024,11,STA,WIFI_DROP,
3.4048,5,STA,WIFI_DROP,
3.4048,11,STA,WIFI_DROP,
3.4072,5,STA,WIFI_DROP,
3.4072,11,STA,WIFI_DROP,
3.4096,5,STA,WIFI_DROP,
3.4096,11,STA,WIFI_DROP,
3.412,5,STA,WIFI_DROP,
3.412,11,STA,WIFI_DROP,
3.4144,5,STA,WIFI_DROP,
3.4144,11,STA,WIFI_DROP,
3.4168,5,STA,WIFI_DROP,
3.4192,5,STA,WIFI_DROP,
3.4216,5,STA,WIFI_DROP,
3.424,5,STA,WIFI_DROP,
3.4264,5,STA,WIFI_DROP,
3.436,11,STA,WIFI_DROP,
3.4384,11,STA,WIFI_DROP,
3.4408,11,STA,WIFI_DROP,
3.4432,11,STA,WIFI_DROP,
3.4456,11,STA,WIFI_DROP,
3.448,11,STA,WIFI_DROP,
3.4504,11,STA,WIFI_DROP,
3.4528,11,STA,WIFI_DROP,
3.4552,11,STA,WIFI_DROP,
3.4576,11,STA,WIFI_DROP,
3.46,11,STA,WIFI_DROP,
3.4624,11,STA,WIFI_DROP,
3.4648,11,STA,WIFI_DROP,
3.4672,11,STA,WIFI_DROP,
3.4696,11,STA,WIFI_DROP,
3.472,11,STA,WIFI_DROP,
3.4744,11,STA,WIFI_DROP,
3.4768,11,STA,WIFI_DROP,
3.4792,11,STA,WIFI_DROP,
3.4816,11,STA,WIFI_DROP,
3.484,11,STA,WIFI_DROP,
3.4864,11,STA,WIFI_DROP,
3.4888,11,STA,WIFI_DROP,
3.4912,11,STA,WIFI_DROP,
3.4912,21,STA,WIFI_DROP,
3.4936,11,STA,WIFI_DROP,
3.4936,21,STA,WIFI_DROP,
3.496,11,STA,WIFI_DROP,
3.496,21,STA,WIFI_DROP,
3.4984,11,STA,WIFI_DROP,
3.4984,21,STA,WIFI_DROP,
3.5008,11,STA,WIFI_DROP,
3.5008,21,STA,WIFI_DROP,
3.5032,11,STA,WIFI_DROP,
3.5032,21,STA,WIFI_DROP,
3.5056,11,STA,WIFI_DROP,
3.5056,21,STA,WIFI_DROP,
3.508,11,STA,WIFI_DROP,
3.508,21,STA,WIFI_DROP,
3.5104,11,STA,WIFI_DROP,
3.5104,21,STA,WIFI_DROP,
3.5128,11,STA,WIFI_DROP,
3.5128,21,STA,WIFI_DROP,
3.5152,11,STA,WIFI_DROP,
3.5152,21,STA,WIFI_DROP,
3.5176,11,STA,WIFI_DROP,
3.5176,21,STA,WIFI_DROP,
3.52,11,STA,WIFI_DROP,
3.52,21,STA,WIFI_DROP,
3.5224,11,STA,WIFI_DROP,
3.5224,21,STA,WIFI_DROP,
3.5248,11,STA,WIFI_DROP,
3.5248,21,STA,WIFI_DROP,
3.5272,11,STA,WIFI_DROP,
3.5272,21,STA,WIFI_DROP,
3.5296,11,STA,WIFI_DROP,
3.5296,21,STA,WIFI_DROP,
3.532,11,STA,WIFI_DROP,
3.532,21,STA,WIFI_DROP,
3.5344,11,STA,WIFI_DROP,
3.5344,21,STA,WIFI_DROP,
3.5368,11,STA,WIFI_DROP,
3.5368,21,STA,WIFI_DROP,
3.5392,11,STA,WIFI_DROP,
3.5392,21,STA,WIFI_DROP,
3.5416,11,STA,WIFI_DROP,
3.5416,21,STA,WIFI_DROP,
3.544,11,STA,WIFI_DROP,
3.5464,11,STA,WIFI_DROP,
3.5488,11,STA,WIFI_DROP,
3.5512,11,STA,WIFI_DROP,
3.5536,11,STA,WIFI_DROP,
3.556,11,STA,WIFI_DROP,
3.5584,11,STA,WIFI_DROP,
3.5608,11,STA,WIFI_DROP,
3.5632,11,STA,WIFI_DROP,
3.5656,11,STA,WIFI_DROP,
3.568,11,STA,WIFI_DROP,
3.5704,11,STA,WIFI_DROP,
3.5728,11,STA,WIFI_DROP,
3.5752,11,STA,WIFI_DROP,
3.5776,11,STA,WIFI_DROP,
3.58,11,STA,WIFI_DROP,
3.5824,11,STA,WIFI_DROP,
3.5848,11,STA,WIFI_DROP,
3.5872,11,STA,WIFI_DROP,
3.5896,11,STA,WIFI_DROP,
3.592,11,STA,WIFI_DROP,
3.5944,11,STA,WIFI_DROP,
3.5968,11,STA,WIFI_DROP,
3.5992,11,STA,WIFI_DROP,
3.6016,11,STA,WIFI_DROP,
3.604,11,STA,WIFI_DROP,
3.6064,11,STA,WIFI_DROP,
3.6088,11,STA,WIFI_DROP,
3.6112,11,STA,WIFI_DROP,
3.6136,11,STA,WIFI_DROP,
3.616,11,STA,WIFI_DROP,
3.6184,11,STA,WIFI_DROP,
3.6208,11,STA,WIFI_DROP,
3.6232,11,STA,WIFI_DROP,
3.6256,11,STA,WIFI_DROP,
3.628,11,STA,WIFI_DROP,
3.6304,11,STA,WIFI_DROP,
3.6328,11,STA,WIFI_DROP,
3.6352,11,STA,WIFI_DROP,
3.6376,11,STA,WIFI_DROP,
3.64,11,STA,WIFI_DROP,
3.6424,11,STA,WIFI_DROP,
3.9016,15,STA,WIFI_DROP,
3.9016,16,STA,WIFI_DROP,
3.904,15,STA,WIFI_DROP,
3.904,16,STA,WIFI_DROP,
3.9064,15,STA,WIFI_DROP,
3.9064,16,STA,WIFI_DROP,
3.9088,15,STA,WIFI_DROP,
3.9088,16,STA,WIFI_DROP,
3.9112,15,STA,WIFI_DROP,
3.9112,16,STA,WIFI_DROP,
3.9136,15,STA,WIFI_DROP,
3.9136,16,STA,WIFI_DROP,
3.916,15,STA,WIFI_DROP,
3.916,16,STA,WIFI_DROP,
3.9184,15,STA,WIFI_DROP,
3.9184,16,STA,WIFI_DROP,
3.9208,15,STA,WIFI_DROP,
3.9208,16,STA,WIFI_DROP,
3.9232,15,STA,WIFI_DROP,
3.9232,16,STA,WIFI_DROP,
3.9256,15,STA,WIFI_DROP,
3.9256,16,STA,WIFI_DROP,
3.928,15,STA,WIFI_DROP,
3.928,16,STA,WIFI_DROP,
3.9304,15,STA,WIFI_DROP,
3.9304,16,STA,WIFI_DROP,
3.9328,15,STA,WIFI_DROP,
3.9328,16,STA,WIFI_DROP,
3.9352,15,STA,WIFI_DROP,
3.9352,16,STA,WIFI_DROP,
3.9376,15,STA,WIFI_DROP,
3.9376,16,STA,WIFI_DROP,
3.94,15,STA,WIFI_DROP,
3.94,16,STA,WIFI_DROP,
3.9424,15,STA,WIFI_DROP,
3.9424,16,STA,WIFI_DROP,
3.9448,15,STA,WIFI_DROP,
3.9448,16,STA,WIFI_DROP,
3.9472,15,STA,WIFI_DROP,
3.9472,16,STA,WIFI_DROP,
3.9496,15,STA,WIFI_DROP,
3.9496,16,STA,WIFI_DROP,
3.952,15,STA,WIFI_DROP,
3.952,16,STA,WIFI_DROP,
3.9544,15,STA,WIFI_DROP,
3.9544,16,STA,WIFI_DROP,
3.9568,15,STA,WIFI_DROP,
3.9592,15,STA,WIFI_DROP,
3.9616,15,STA,WIFI_DROP,
3.964,15,STA,WIFI_DROP,
3.9664,15,STA,WIFI_DROP,
3.9688,15,STA,WIFI_DROP,
3.9712,15,STA,WIFI_DROP,
3.9736,15,STA,WIFI_DROP,
3.976,15,STA,WIFI_DROP,
3.9784,15,STA,WIFI_DROP,
3.9808,15,STA,WIFI_DROP,
3.9832,15,STA,WIFI_DROP,
3.9856,15,STA,WIFI_DROP,
3.988,15,STA,WIFI_DROP,
3.9904,15,STA,WIFI_DROP,
3.9928,15,STA,WIFI_DROP,
3.9952,15,STA,WIFI_DROP,
3.9976,15,STA,WIFI_DROP,
4,4,STA,THROUGHPUT_MBPS,1.776000
4,5,STA,THROUGHPUT_MBPS,0.324000
4,7,STA,THROUGHPUT_MBPS,3.708000
4,8,STA,THROUGHPUT_MBPS,2.088000
4,9,STA,THROUGHPUT_MBPS,3.144000
4,11,STA,THROUGHPUT_MBPS,0.156000
4,13,STA,THROUGHPUT_MBPS,2.100000
4,15,STA,THROUGHPUT_MBPS,1.200000
4,17,STA,THROUGHPUT_MBPS,1.512000
4,18,STA,THROUGHPUT_MBPS,1.896000
4,20,STA,THROUGHPUT_MBPS,0.660000
4,21,STA,THROUGHPUT_MBPS,0.924000
4,1,AP,AGGREGATE_THROUGHPUT_MBPS,19.488000
4,1,AP,SENT_COUNT,8320.000000
4,1,AP,RECV_COUNT,1624.000000
4,1,AP,LATENCY_P95_MS,542.378674
4,15,STA,WIFI_DROP,
4.0024,15,STA,WIFI_DROP,
4.0048,15,STA,WIFI_DROP,
4.0072,15,STA,WIFI_DROP,
4.0096,15,STA,WIFI_DROP,
4.012,15,STA,WIFI_DROP,
4.0144,15,STA,WIFI_DROP,
4.0168,15,STA,WIFI_DROP,
4.0192,15,STA,WIFI_DROP,
4.0216,15,STA,WIFI_DROP,
4.024,15,STA,WIFI_DROP,
4.0264,15,STA,WIFI_DROP,
4.0288,15,STA,WIFI_DROP,
4.0312,15,STA,WIFI_DROP,
4.0336,15,STA,WIFI_DROP,
4.036,15,STA,WIFI_DROP,
4.0384,15,STA,WIFI_DROP,
4.0408,15,STA,WIFI_DROP,
4.0432,15,STA,WIFI_DROP,
4.0456,15,STA,WIFI_DROP,
4.048,15,STA,WIFI_DROP,
4.0504,15,STA,WIFI_DROP,
4.0528,15,STA,WIFI_DROP,
4.0552,15,STA,WIFI_DROP,
4.0576,15,STA,WIFI_DROP,
4.06,15,STA,WIFI_DROP,
4.0624,15,STA,WIFI_DROP,
4.0648,15,STA,WIFI_DROP,
4.0672,15,STA,WIFI_DROP,
4.0696,15,STA,WIFI_DROP,
4.072,15,STA,WIFI_DROP,
4.0744,15,STA,WIFI_DROP,
4.0768,15,STA,WIFI_DROP,
4.0792,15,STA,WIFI_DROP,
4.0816,15,STA,WIFI_DROP,
4.084,15,STA,WIFI_DROP,
4.0864,15,STA,WIFI_DROP,
4.0888,15,STA,WIFI_DROP,
4.0912,15,STA,WIFI_DROP,
4.0936,15,STA,WIFI_DROP,
4.096,15,STA,WIFI_DROP,
4.0984,15,STA,WIFI_DROP,
4.1008,15,STA,WIFI_DROP,
4.1032,15,STA,WIFI_DROP,
4.1056,15,STA,WIFI_DROP,
4.108,15,STA,WIFI_DROP,
4.1104,15,STA,WIFI_DROP,
4.1128,15,STA,WIFI_DROP,
4.1152,15,STA,WIFI_DROP,
4.1176,15,STA,WIFI_DROP,
4.12,15,STA,WIFI_DROP,
4.1224,15,STA,WIFI_DROP,
4.1248,15,STA,WIFI_DROP,
4.1272,15,STA,WIFI_DROP,
4.1296,15,STA,WIFI_DROP,
4.132,15,STA,WIFI_DROP,
4.1344,15,STA,WIFI_DROP,
4.1368,15,STA,WIFI_DROP,
4.1392,15,STA,WIFI_DROP,
4.1416,15,STA,WIFI_DROP,
4.144,15,STA,WIFI_DROP,
4.1464,15,STA,WIFI_DROP,
4.1488,15,STA,WIFI_DROP,
4.1512,15,STA,WIFI_DROP,
4.1536,15,STA,WIFI_DROP,
4.156,15,STA,WIFI_DROP,
4.1584,15,STA,WIFI_DROP,
4.1608,15,STA,WIFI_DROP,
4.1632,15,STA,WIFI_DROP,
4.1656,15,STA,WIFI_DROP,
4.168,15,STA,WIFI_DROP,
4.1704,15,STA,WIFI_DROP,
4.1728,15,STA,WIFI_DROP,
4.1752,15,STA,WIFI_DROP,
4.1776,15,STA,WIFI_DROP,
4.18,15,STA,WIFI_DROP,
4.1824,15,STA,WIFI_DROP,
4.1848,15,STA,WIFI_DROP,
4.1872,15,STA,WIFI_DROP,
4.1896,15,STA,WIFI_DROP,
4.192,15,STA,WIFI_DROP,
4.1944,15,STA,WIFI_DROP,
4.1968,15,STA,WIFI_DROP,
4.1992,15,STA,WIFI_DROP,
4.2016,15,STA,WIFI_DROP,
4.204,15,STA,WIFI_DROP,
4.2064,15,STA,WIFI_DROP,
4.2088,15,STA,WIFI_DROP,
4.2112,15,STA,WIFI_DROP,
4.2136,15,STA,WIFI_DROP,
4.216,15,STA,WIFI_DROP,
4.2184,15,STA,WIFI_DROP,
4.2208,15,STA,WIFI_DROP,
4.2232,15,STA,WIFI_DROP,
4.2256,15,STA,WIFI_DROP,
4.228,15,STA,WIFI_DROP,
4.2304,15,STA,WIFI_DROP,
4.2328,15,STA,WIFI_DROP,
4.2352,15,STA,WIFI_DROP,
4.2376,15,STA,WIFI_DROP,
4.24,15,STA,WIFI_DROP,
4.2424,15,STA,WIFI_DROP,
4.2448,15,STA,WIFI_DROP,
4.2472,15,STA,WIFI_DROP,
4.2496,15,STA,WIFI_DROP,
4.252,15,STA,WIFI_DROP,
4.2544,15,STA,WIFI_DROP,
4.2568,15,STA,WIFI_DROP,
4.2592,15,STA,WIFI_DROP,
4.2616,15,STA,WIFI_DROP,
4.264,15,STA,WIFI_DROP,
4.2664,15,STA,WIFI_DROP,
4.2688,15,STA,WIFI_DROP,
4.2712,15,STA,WIFI_DROP,
4.2736,15,STA,WIFI_DROP,
4.276,15,STA,WIFI_DROP,
4.2784,15,STA,WIFI_DROP,
4.2808,15,STA,WIFI_DROP,
4.2832,15,STA,WIFI_DROP,
4.2856,15,STA,WIFI_DROP,
4.288,15,STA,WIFI_DROP,
4.2904,15,STA,WIFI_DROP,
4.2928,15,STA,WIFI_DROP,
4.2952,15,STA,WIFI_DROP,
4.2976,15,STA,WIFI_DROP,
4.3,15,STA,WIFI_DROP,
4.3024,15,STA,WIFI_DROP,
4.3048,15,STA,WIFI_DROP,
4.3072,15,STA,WIFI_DROP,
4.3096,15,STA,WIFI_DROP,
4.312,15,STA,WIFI_DROP,
4.3144,15,STA,WIFI_DROP,
4.3168,15,STA,WIFI_DROP,
4.3192,15,STA,WIFI_DROP,
4.3216,15,STA,WIFI_DROP,
4.324,15,STA,WIFI_DROP,
4.3264,15,STA,WIFI_DROP,
4.3288,15,STA,WIFI_DROP,
4.3312,15,STA,WIFI_DROP,
4.3336,15,STA,WIFI_DROP,
4.336,15,STA,WIFI_DROP,
4.3384,15,STA,WIFI_DROP,
4.3408,15,STA,WIFI_DROP,
4.3432,15,STA,WIFI_DROP,
4.3456,15,STA,WIFI_DROP,
4.348,15,STA,WIFI_DROP,
4.3504,15,STA,WIFI_DROP,
4.3528,15,STA,WIFI_DROP,
4.3552,15,STA,WIFI_DROP,
4.5208,2,STA,WIFI_DROP,
4.5208,13,STA,WIFI_DROP,
4.5232,2,STA,WIFI_DROP,
4.5232,13,STA,WIFI_DROP,
4.5256,2,STA,WIFI_DROP,
4.5256,13,STA,WIFI_DROP,
4.528,2,STA,WIFI_DROP,
4.528,13,STA,WIFI_DROP,
4.5304,2,STA,WIFI_DROP,
4.5304,13,STA,WIFI_DROP,
4.5328,2,STA,WIFI_DROP,
4.5328,13,STA,WIFI_DROP,
4.5352,2,STA,WIFI_DROP,
4.5352,13,STA,WIFI_DROP,
4.5376,2,STA,WIFI_DROP,
4.5376,13,STA,WIFI_DROP,
4.54,2,STA,WIFI_DROP,
4.54,13,STA,WIFI_DROP,
4.5424,2,STA,WIFI_DROP,
4.5424,13,STA,WIFI_DROP,
4.5448,2,STA,WIFI_DROP,
4.5448,13,STA,WIFI_DROP,
4.5472,2,STA,WIFI_DROP,
4.5472,13,STA,WIFI_DROP,
4.5496,2,STA,WIFI_DROP,
4.5496,13,STA,WIFI_DROP,
4.552,2,STA,WIFI_DROP,
4.552,13,STA,WIFI_DROP,
4.5544,2,STA,WIFI_DROP,
4.5544,13,STA,WIFI_DROP,
4.5568,2,STA,WIFI_DROP,
4.5568,13,STA,WIFI_DROP,
4.5592,2,STA,WIFI_DROP,
4.5592,13,STA,WIFI_DROP,
4.5616,2,STA,WIFI_DROP,
4.5616,13,STA,WIFI_DROP,
4.564,2,STA,WIFI_DROP,
4.564,13,STA,WIFI_DROP,
4.5664,2,STA,WIFI_DROP,
4.5664,13,STA,WIFI_DROP,
4.5688,2,STA,WIFI_DROP,
4.5688,13,STA,WIFI_DROP,
4.5712,2,STA,WIFI_DROP,
4.5712,13,STA,WIFI_DROP,
4.5736,13,STA,WIFI_DROP,
4.576,13,STA,WIFI_DROP,
4.5784,13,STA,WIFI_DROP,
4.5808,13,STA,WIFI_DROP,
4.5832,13,STA,WIFI_DROP,
4.5856,13,STA,WIFI_DROP,
4.588,13,STA,WIFI_DROP,
4.5904,13,STA,WIFI_DROP,
4.5928,13,STA,WIFI_DROP,
4.5952,13,STA,WIFI_DROP,
4.5976,13,STA,WIFI_DROP,
4.6,13,STA,WIFI_DROP,
4.6024,13,STA,WIFI_DROP,
4.6048,13,STA,WIFI_DROP,
4.6072,13,STA,WIFI_DROP,
4.6096,13,STA,WIFI_DROP,
4.612,13,STA,WIFI_DROP,
4.6144,13,STA,WIFI_DROP,
4.6168,13,STA,WIFI_DROP,
4.6192,13,STA,WIFI_DROP,
4.6216,13,STA,WIFI_DROP,
4.624,13,STA,WIFI_DROP,
4.6264,13,STA,WIFI_DROP,
4.6288,13,STA,WIFI_DROP,
4.6312,13,STA,WIFI_DROP,
4.6336,13,STA,WIFI_DROP,
4.636,13,STA,WIFI_DROP,
4.6384,13,STA,WIFI_DROP,
4.6408,13,STA,WIFI_DROP,
4.6432,13,STA,WIFI_DROP,
4.6456,13,STA,WIFI_DROP,
4.648,13,STA,WIFI_DROP,
4.6504,13,STA,WIFI_DROP,
4.6528,13,STA,WIFI_DROP,
4.6552,13,STA,WIFI_DROP,
4.6576,13,STA,WIFI_DROP,
4.66,13,STA,WIFI_DROP,
4.6624,13,STA,WIFI_DROP,
4.6648,13,STA,WIFI_DROP,
4.6672,13,STA,WIFI_DROP,
4.6696,13,STA,WIFI_DROP,
4.672,13,STA,WIFI_DROP,
4.6744,13,STA,WIFI_DROP,
4.6768,13,STA,WIFI_DROP,
4.6792,13,STA,WIFI_DROP,
4.6816,13,STA,WIFI_DROP,
4.684,13,STA,WIFI_DROP,
4.6864,13,STA,WIFI_DROP,
4.6888,13,STA,WIFI_DROP,
4.6912,13,STA,WIFI_DROP,
4.6936,13,STA,WIFI_DROP,
4.696,13,STA,WIFI_DROP,
4.6984,13,STA,WIFI_DROP,
4.7008,13,STA,WIFI_DROP,
4.7032,13,STA,WIFI_DROP,
4.7056,13,STA,WIFI_DROP,
4.708,13,STA,WIFI_DROP,
4.7104,13,STA,WIFI_DROP,
4.7128,13,STA,WIFI_DROP,
4.7152,13,STA,WIFI_DROP,
4.7176,13,STA,WIFI_DROP,
4.72,13,STA,WIFI_DROP,
4.7224,13,STA,WIFI_DROP,
4.7248,13,STA,WIFI_DROP,
4.7272,13,STA,WIFI_DROP,
4.7296,13,STA,WIFI_DROP,
4.732,13,STA,WIFI_DROP,
4.7344,13,STA,WIFI_DROP,
4.7368,13,STA,WIFI_DROP,
4.7392,13,STA,WIFI_DROP,
4.7416,13,STA,WIFI_DROP,
4.744,13,STA,WIFI_DROP,
4.7464,13,STA,WIFI_DROP,
4.7488,13,STA,WIFI_DROP,
4.7512,13,STA,WIFI_DROP,
4.7536,13,STA,WIFI_DROP,
4.756,13,STA,WIFI_DROP,
4.7584,13,STA,WIFI_DROP,
4.7608,13,STA,WIFI_DROP,
4.7632,13,STA,WIFI_DROP,
4.7656,13,STA,WIFI_DROP,
4.768,13,STA,WIFI_DROP,
4.7704,13,STA,WIFI_DROP,
4.7728,13,STA,WIFI_DROP,
4.7752,13,STA,WIFI_DROP,
4.7776,13,STA,WIFI_DROP,
4.78,13,STA,WIFI_DROP,
4.7824,13,STA,WIFI_DROP,
4.7848,13,STA,WIFI_DROP,
4.7872,13,STA,WIFI_DROP,
4.7896,13,STA,WIFI_DROP,
4.792,13,STA,WIFI_DROP,
4.7944,13,STA,WIFI_DROP,
4.7968,13,STA,WIFI_DROP,
4.7992,13,STA,WIFI_DROP,
4.8016,13,STA,WIFI_DROP,
4.804,13,STA,WIFI_DROP,
4.8064,13,STA,WIFI_DROP,
4.8088,13,STA,WIFI_DROP,
4.8112,13,STA,WIFI_DROP,
4.8136,13,STA,WIFI_DROP,
4.816,13,STA,WIFI_DROP,
4.8184,13,STA,WIFI_DROP,
4.8208,13,STA,WIFI_DROP,
4.8232,13,STA,WIFI_DROP,
4.8256,13,STA,WIFI_DROP,
4.828,13,STA,WIFI_DROP,
4.8304,13,STA,WIFI_DROP,
4.8328,13,STA,WIFI_DROP,
4.8352,13,STA,WIFI_DROP,
4.8376,13,STA,WIFI_DROP,
4.84,13,STA,WIFI_DROP,
4.8424,13,STA,WIFI_DROP,
4.8448,13,STA,WIFI_DROP,
4.8472,13,STA,WIFI_DROP,
4.8496,13,STA,WIFI_DROP,
4.852,13,STA,WIFI_DROP,
4.8544,13,STA,WIFI_DROP,
4.8568,13,STA,WIFI_DROP,
4.8592,13,STA,WIFI_DROP,
4.8616,13,STA,WIFI_DROP,
4.864,13,STA,WIFI_DROP,
4.8664,13,STA,WIFI_DROP,
4.8688,13,STA,WIFI_DROP,
4.8712,13,STA,WIFI_DROP,
4.8736,13,STA,WIFI_DROP,
4.876,13,STA,WIFI_DROP,
4.8784,13,STA,WIFI_DROP,
4.8808,13,STA,WIFI_DROP,
4.8832,13,STA,WIFI_DROP,
4.8856,13,STA,WIFI_DROP,
4.888,13,STA,WIFI_DROP,
4.8904,13,STA,WIFI_DROP,
4.8928,13,STA,WIFI_DROP,
4.8952,13,STA,WIFI_DROP,
4.8976,13,STA,WIFI_DROP,
4.9,13,STA,WIFI_DROP,
4.9024,13,STA,WIFI_DROP,
4.9048,13,STA,WIFI_DROP,
4.9072,13,STA,WIFI_DROP,
4.9096,13,STA,WIFI_DROP,
4.912,13,STA,WIFI_DROP,
4.9144,13,STA,WIFI_DROP,
4.9168,13,STA,WIFI_DROP,
4.9192,13,STA,WIFI_DROP,
4.9216,13,STA,WIFI_DROP,
4.924,13,STA,WIFI_DROP,
4.9264,13,STA,WIFI_DROP,
4.9288,13,STA,WIFI_DROP,
4.9312,13,STA,WIFI_DROP,
4.9336,13,STA,WIFI_DROP,
4.936,13,STA,WIFI_DROP,
4.9384,13,STA,WIFI_DROP,
4.9408,13,STA,WIFI_DROP,
4.9432,13,STA,WIFI_DROP,
4.9456,13,STA,WIFI_DROP,
4.948,13,STA,WIFI_DROP,
4.9504,13,STA,WIFI_DROP,
4.9528,13,STA,WIFI_DROP,
4.9552,13,STA,WIFI_DROP,
4.9576,13,STA,WIFI_DROP,
4.96,13,STA,WIFI_DROP,
4.9624,13,STA,WIFI_DROP,
4.9648,13,STA,WIFI_DROP,
4.9672,13,STA,WIFI_DROP,
4.9696,13,STA,WIFI_DROP,
4.972,13,STA,WIFI_DROP,
4.9744,13,STA,WIFI_DROP,
4.9768,13,STA,WIFI_DROP,
4.9792,13,STA,WIFI_DROP,
4.9816,13,STA,WIFI_DROP,
4.984,13,STA,WIFI_DROP,
4.9864,13,STA,WIFI_DROP,
4.9888,13,STA,WIFI_DROP,
4.9912,13,STA,WIFI_DROP,
4.9936,13,STA,WIFI_DROP,
4.996,13,STA,WIFI_DROP,
4.9984,13,STA,WIFI_DROP,
5,2,STA,THROUGHPUT_MBPS,1.884000
5,4,STA,THROUGHPUT_MBPS,1.608000
5,5,STA,THROUGHPUT_MBPS,2.580000
5,7,STA,THROUGHPUT_MBPS,2.964000
5,8,STA,THROUGHPUT_MBPS,1.980000
5,11,STA,THROUGHPUT_MBPS,1.680000
5,13,STA,THROUGHPUT_MBPS,1.356000
5,15,STA,THROUGHPUT_MBPS,0.444000
5,16,STA,THROUGHPUT_MBPS,3.072000
5,17,STA,THROUGHPUT_MBPS,0.948000
5,18,STA,THROUGHPUT_MBPS,0.948000
5,20,STA,THROUGHPUT_MBPS,3.600000
5,21,STA,THROUGHPUT_MBPS,0.732000
5,1,AP,AGGREGATE_THROUGHPUT_MBPS,23.796000
5,1,AP,SENT_COUNT,8340.000000
5,1,AP,RECV_COUNT,1983.000000
5,1,AP,LATENCY_P95_MS,536.955652
5.0008,13,STA,WIFI_DROP,
5.0032,13,STA,WIFI_DROP,
5.0056,13,STA,WIFI_DROP,
5.008,13,STA,WIFI_DROP,
5.0104,13,STA,WIFI_DROP,
5.0128,13,STA,WIFI_DROP,
5.0152,13,STA,WIFI_DROP,
5.0176,13,STA,WIFI_DROP,
5.02,13,STA,WIFI_DROP,
5.0224,13,STA,WIFI_DROP,
5.0248,13,STA,WIFI_DROP,
5.0272,7,STA,WIFI_DROP,
5.0272,13,STA,WIFI_DROP,
5.0296,7,STA,WIFI_DROP,
5.0296,13,STA,WIFI_DROP,
5.032,7,STA,WIFI_DROP,
5.032,13,STA,WIFI_DROP,
5.0344,7,STA,WIFI_DROP,
5.0344,13,STA,WIFI_DROP,
5.0368,7,STA,WIFI_DROP,
5.0368,13,STA,WIFI_DROP,
5.0392,7,STA,WIFI_DROP,
5.0392,13,STA,WIFI_DROP,
5.0416,7,STA,WIFI_DROP,
5.0416,13,STA,WIFI_DROP,
5.044,7,STA,WIFI_DROP,
5.044,13,STA,WIFI_DROP,
5.0464,7,STA,WIFI_DROP,
5.0464,13,STA,WIFI_DROP,
5.0488,7,STA,WIFI_DROP,
5.0488,13,STA,WIFI_DROP,
5.0512,7,STA,WIFI_DROP,
5.0512,13,STA,WIFI_DROP,
5.0536,7,STA,WIFI_DROP,
5.0536,13,STA,WIFI_DROP,
5.056,7,STA,WIFI_DROP,
5.056,13,STA,WIFI_DROP,
5.0584,7,STA,WIFI_DROP,
5.0584,13,STA,WIFI_DROP,
5.0608,7,STA,WIFI_DROP,
5.0608,13,STA,WIFI_DROP,
5.0632,7,STA,WIFI_DROP,
5.0632,13,STA,WIFI_DROP,
5.0656,7,STA,WIFI_DROP,
5.0656,13,STA,WIFI_DROP,
5.068,7,STA,WIFI_DROP,
5.068,13,STA,WIFI_DROP,
5.0704,7,STA,WIFI_DROP,
5.0704,13,STA,WIFI_DROP,
5.0728,7,STA,WIFI_DROP,
5.0728,13,STA,WIFI_DROP,
5.0752,7,STA,WIFI_DROP,
5.0752,13,STA,WIFI_DROP,
5.0776,7,STA,WIFI_DROP,
5.0776,13,STA,WIFI_DROP,
5.08,7,STA,WIFI_DROP,
5.08,13,STA,WIFI_DROP,
5.0824,7,STA,WIFI_DROP,
5.0824,13,STA,WIFI_DROP,
5.0848,7,STA,WIFI_DROP,
5.0848,13,STA,WIFI_DROP,
5.0872,7,STA,WIFI_DROP,
5.0872,13,STA,WIFI_DROP,
5.0896,7,STA,WIFI_DROP,
5.0896,13,STA,WIFI_DROP,
5.092,7,STA,WIFI_DROP,
5.092,13,STA,WIFI_DROP,
5.0944,7,STA,WIFI_DROP,
5.0944,13,STA,WIFI_DROP,
5.0968,7,STA,WIFI_DROP,
5.0968,13,STA,WIFI_DROP,
5.0992,7,STA,WIFI_DROP,
5.0992,13,STA,WIFI_DROP,
5.1016,7,STA,WIFI_DROP,
5.1016,13,STA,WIFI_DROP,
5.104,7,STA,WIFI_DROP,
5.104,13,STA,WIFI_DROP,
5.1064,7,STA,WIFI_DROP,
5.1064,13,STA,WIFI_DROP,
5.1088,7,STA,WIFI_DROP,
5.1088,13,STA,WIFI_DROP,
5.1112,7,STA,WIFI_DROP,
5.1112,13,STA,WIFI_DROP,
5.1136,7,STA,WIFI_DROP,
5.1136,13,STA,WIFI_DROP,
5.116,7,STA,WIFI_DROP,
5.116,13,STA,WIFI_DROP,
5.1184,7,STA,WIFI_DROP,
5.1184,13,STA,WIFI_DROP,
5.1208,7,STA,WIFI_DROP,
5.1208,13,STA,WIFI_DROP,
5.1232,7,STA,WIFI_DROP,
5.1232,13,STA,WIFI_DROP,
5.1256,7,STA,WIFI_DROP,
5.1256,13,STA,WIFI_DROP,
5.128,7,STA,WIFI_DROP,
5.128,13,STA,WIFI_DROP,
5.1304,7,STA,WIFI_DROP,
5.1304,13,STA,WIFI_DROP,
5.1328,7,STA,WIFI_DROP,
5.1328,13,STA,WIFI_DROP,
5.1352,7,STA,WIFI_DROP,
5.1352,13,STA,WIFI_DROP,
5.1376,7,STA,WIFI_DROP,
5.1376,13,STA,WIFI_DROP,
5.14,7,STA,WIFI_DROP,
5.14,13,STA,WIFI_DROP,
5.1424,7,STA,WIFI_DROP,
5.1424,13,STA,WIFI_DROP,
5.1448,7,STA,WIFI_DROP,
5.1448,13,STA,WIFI_DROP,
5.1472,7,STA,WIFI_DROP,
5.1472,13,STA,WIFI_DROP,
5.1496,7,STA,WIFI_DROP,
5.1496,13,STA,WIFI_DROP,
5.152,7,STA,WIFI_DROP,
5.152,13,STA,WIFI_DROP,
5.1544,7,STA,WIFI_DROP,
5.1544,13,STA,WIFI_DROP,
5.1568,7,STA,WIFI_DROP,
5.1568,13,STA,WIFI_DROP,
5.1592,7,STA,WIFI_DROP,
5.1592,13,STA,WIFI_DROP,
5.1616,7,STA,WIFI_DROP,
5.1616,13,STA,WIFI_DROP,
5.164,7,STA,WIFI_DROP,
5.164,13,STA,WIFI_DROP,
5.1664,7,STA,WIFI_DROP,
5.1664,13,STA,WIFI_DROP,
5.1688,7,STA,WIFI_DROP,
5.1688,13,STA,WIFI_DROP,
5.1712,7,STA,WIFI_DROP,
5.1712,13,STA,WIFI_DROP,
5.1736,7,STA,WIFI_DROP,
5.1736,13,STA,WIFI_DROP,
5.176,7,STA,WIFI_DROP,
5.176,13,STA,WIFI_DROP,
5.1784,7,STA,WIFI_DROP,
5.1784,13,STA,WIFI_DROP,
5.1808,13,STA,WIFI_DROP,
5.1832,13,STA,WIFI_DROP,
5.1856,13,STA,WIFI_DROP,
5.188,13,STA,WIFI_DROP,
5.1904,13,STA,WIFI_DROP,
5.1928,13,STA,WIFI_DROP,
5.1952,13,STA,WIFI_DROP,
5.1976,13,STA,WIFI_DROP,
5.2,13,STA,WIFI_DROP,
5.2024,13,STA,WIFI_DROP,
5.2048,13,STA,WIFI_DROP,
5.2072,13,STA,WIFI_DROP,
5.2096,13,STA,WIFI_DROP,
5.212,13,STA,WIFI_DROP,
5.2144,13,STA,WIFI_DROP,
5.2168,13,STA,WIFI_DROP,
5.2192,13,STA,WIFI_DROP,
5.2216,13,STA,WIFI_DROP,
5.3344,17,STA,WIFI_DROP,
5.3368,17,STA,WIFI_DROP,
5.3392,17,STA,WIFI_DROP,
5.3416,17,STA,WIFI_DROP,
5.344,17,STA,WIFI_DROP,
5.3464,17,STA,WIFI_DROP,
5.3488,17,STA,WIFI_DROP,
5.3512,17,STA,WIFI_DROP,
5.3536,17,STA,WIFI_DROP,
5.356,17,STA,WIFI_DROP,
5.3584,17,STA,WIFI_DROP,
5.3608,17,STA,WIFI_DROP,
5.3632,17,STA,WIFI_DROP,
5.3656,17,STA,WIFI_DROP,
5.368,17,STA,WIFI_DROP,
5.3704,17,STA,WIFI_DROP,
5.3728,17,STA,WIFI_DROP,
5.3752,17,STA,WIFI_DROP,
5.3776,17,STA,WIFI_DROP,
5.38,17,STA,WIFI_DROP,
5.3824,17,STA,WIFI_DROP,
5.3848,17,STA,WIFI_DROP,
5.3872,17,STA,WIFI_DROP,
5.3896,17,STA,WIFI_DROP,
5.392,17,STA,WIFI_DROP,
5.3944,17,STA,WIFI_DROP,
5.3968,17,STA,WIFI_DROP,
5.3992,17,STA,WIFI_DROP,
5.4016,17,STA,WIFI_DROP,
5.404,17,STA,WIFI_DROP,
5.4064,17,STA,WIFI_DROP,
5.4088,17,STA,WIFI_DROP,
5.4112,17,STA,WIFI_DROP,
5.4136,17,STA,WIFI_DROP,
5.416,17,STA,WIFI_DROP,
5.4184,17,STA,WIFI_DROP,
5.4208,17,STA,WIFI_DROP,
5.4232,17,STA,WIFI_DROP,
5.4256,17,STA,WIFI_DROP,
5.428,17,STA,WIFI_DROP,
5.4304,17,STA,WIFI_DROP,
5.4328,17,STA,WIFI_DROP,
5.4352,17,STA,WIFI_DROP,
6,2,STA,THROUGHPUT_MBPS,1.044000
6,4,STA,THROUGHPUT_MBPS,1.908000
6,5,STA,THROUGHPUT_MBPS,0.816000
6,7,STA,THROUGHPUT_MBPS,1.488000
6,8,STA,THROUGHPUT_MBPS,2.316000
6,11,STA,THROUGHPUT_MBPS,0.636000
6,13,STA,THROUGHPUT_MBPS,1.620000
6,15,STA,THROUGHPUT_MBPS,1.896000
6,16,STA,THROUGHPUT_MBPS,2.484000
6,17,STA,THROUGHPUT_MBPS,1.044000
6,18,STA,THROUGHPUT_MBPS,2.004000
6,20,STA,THROUGHPUT_MBPS,1.356000
6,21,STA,THROUGHPUT_MBPS,1.968000
6,1,AP,AGGREGATE_THROUGHPUT_MBPS,20.580000
6,1,AP,SENT_COUNT,8340.000000
6,1,AP,RECV_COUNT,1715.000000
6,1,AP,LATENCY_P95_MS,544.612507
6.5632,6,STA,WIFI_DROP,
6.5656,6,STA,WIFI_DROP,
6.568,6,STA,WIFI_DROP,
6.5704,6,STA,WIFI_DROP,
6.5728,6,STA,WIFI_DROP,
6.5752,6,STA,WIFI_DROP,
6.5776,6,STA,WIFI_DROP,
6.58,6,STA,WIFI_DROP,
6.5824,6,STA,WIFI_DROP,
6.5848,6,STA,WIFI_DROP,
6.5872,6,STA,WIFI_DROP,
6.5896,6,STA,WIFI_DROP,
6.592,6,STA,WIFI_DROP,
6.5944,6,STA,WIFI_DROP,
6.5968,6,STA,WIFI_DROP,
6.5992,6,STA,WIFI_DROP,
6.6016,6,STA,WIFI_DROP,
6.604,6,STA,WIFI_DROP,
6.6064,6,STA,WIFI_DROP,
6.6088,6,STA,WIFI_DROP,
6.6112,6,STA,WIFI_DROP,
6.6136,6,STA,WIFI_DROP,
6.616,6,STA,WIFI_DROP,
6.6184,6,STA,WIFI_DROP,
6.6208,6,STA,WIFI_DROP,
6.6232,6,STA,WIFI_DROP,
6.6256,6,STA,WIFI_DROP,
6.628,6,STA,WIFI_DROP,
6.6304,6,STA,WIFI_DROP,
6.6328,6,STA,WIFI_DROP,
6.6352,6,STA,WIFI_DROP,
6.6376,6,STA,WIFI_DROP,
6.64,6,STA,WIFI_DROP,
6.6424,6,STA,WIFI_DROP,
6.6448,6,STA,WIFI_DROP,
6.6472,6,STA,WIFI_DROP,
6.6496,6,STA,WIFI_DROP,
6.652,6,STA,WIFI_DROP,
6.6544,6,STA,WIFI_DROP,
6.6568,6,STA,WIFI_DROP,
6.6592,6,STA,WIFI_DROP,
6.6616,6,STA,WIFI_DROP,
6.664,6,STA,WIFI_DROP,
6.6664,6,STA,WIFI_DROP,
6.6688,6,STA,WIFI_DROP,
6.6712,6,STA,WIFI_DROP,
6.6736,6,STA,WIFI_DROP,
6.676,6,STA,WIFI_DROP,
6.6784,6,STA,WIFI_DROP,
6.6808,6,STA,WIFI_DROP,
6.6832,6,STA,WIFI_DROP,
6.6856,6,STA,WIFI_DROP,
6.688,6,STA,WIFI_DROP,
6.6904,6,STA,WIFI_DROP,
6.6928,6,STA,WIFI_DROP,
6.6952,6,STA,WIFI_DROP,
6.6976,6,STA,WIFI_DROP,
6.7,6,STA,WIFI_DROP,
6.7024,6,STA,WIFI_DROP,
6.7048,6,STA,WIFI_DROP,
6.7072,6,STA,WIFI_DROP,
6.7096,6,STA,WIFI_DROP,
6.712,6,STA,WIFI_DROP,
6.7144,6,STA,WIFI_DROP,
6.7168,6,STA,WIFI_DROP,
6.7192,6,STA,WIFI_DROP,
6.7216,6,STA,WIFI_DROP,
6.724,6,STA,WIFI_DROP,
6.7264,6,STA,WIFI_DROP,
6.7288,6,STA,WIFI_DROP,
6.7312,6,STA,WIFI_DROP,
6.7336,6,STA,WIFI_DROP,
6.736,6,STA,WIFI_DROP,
6.7384,6,STA,WIFI_DROP,
6.7408,6,STA,WIFI_DROP,
6.7432,6,STA,WIFI_DROP,
6.7456,6,STA,WIFI_DROP,
6.748,6,STA,WIFI_DROP,
6.7504,6,STA,WIFI_DROP,
6.7528,6,STA,WIFI_DROP,
6.7552,6,STA,WIFI_DROP,
6.7576,6,STA,WIFI_DROP,
6.76,6,STA,WIFI_DROP,
6.7624,6,STA,WIFI_DROP,
6.7648,6,STA,WIFI_DROP,
6.7672,6,STA,WIFI_DROP,
6.7696,6,STA,WIFI_DROP,
7,2,STA,THROUGHPUT_MBPS,1.272000
7,4,STA,THROUGHPUT_MBPS,1.776000
7,5,STA,THROUGHPUT_MBPS,0.636000
7,7,STA,THROUGHPUT_MBPS,1.848000
7,8,STA,THROUGHPUT_MBPS,1.176000
7,9,STA,THROUGHPUT_MBPS,1.836000
7,13,STA,THROUGHPUT_MBPS,2.628000
7,15,STA,THROUGHPUT_MBPS,1.908000
7,16,STA,THROUGHPUT_MBPS,0.720000
7,18,STA,THROUGHPUT_MBPS,3.480000
7,20,STA,THROUGHPUT_MBPS,2.304000
7,21,STA,THROUGHPUT_MBPS,1.596000
7,1,AP,AGGREGATE_THROUGHPUT_MBPS,21.180000
7,1,AP,SENT_COUNT,8320.000000
7,1,AP,RECV_COUNT,1765.000000
7,1,AP,LATENCY_P95_MS,542.652619
7.7944,20,STA,WIFI_DROP,
7.7968,20,STA,WIFI_DROP,
7.7992,20,STA,WIFI_DROP,
7.8016,20,STA,WIFI_DROP,
7.804,20,STA,WIFI_DROP,
7.8064,20,STA,WIFI_DROP,
7.8088,20,STA,WIFI_DROP,
7.8112,20,STA,WIFI_DROP,
7.8136,20,STA,WIFI_DROP,
7.816,20,STA,WIFI_DROP,
7.8184,20,STA,WIFI_DROP,
7.8208,20,STA,WIFI_DROP,
7.8232,20,STA,WIFI_DROP,
7.8256,20,STA,WIFI_DROP,
7.828,20,STA,WIFI_DROP,
7.8304,20,STA,WIFI_DROP,
7.8328,20,STA,WIFI_DROP,
7.8352,20,STA,WIFI_DROP,
7.8376,20,STA,WIFI_DROP,
7.84,20,STA,WIFI_DROP,
7.8424,20,STA,WIFI_DROP,
7.8448,20,STA,WIFI_DROP,
7.8472,20,STA,WIFI_DROP,
7.8496,20,STA,WIFI_DROP,
7.852,20,STA,WIFI_DROP,
7.8544,20,STA,WIFI_DROP,
7.8568,20,STA,WIFI_DROP,
7.8592,20,STA,WIFI_DROP,
7.8616,20,STA,WIFI_DROP,
7.864,20,STA,WIFI_DROP,
7.8664,20,STA,WIFI_DROP,
7.8688,20,STA,WIFI_DROP,
7.8712,20,STA,WIFI_DROP,
7.8736,20,STA,WIFI_DROP,
7.876,20,STA,WIFI_DROP,
7.8784,20,STA,WIFI_DROP,
7.8808,20,STA,WIFI_DROP,
7.8832,20,STA,WIFI_DROP,
7.8856,20,STA,WIFI_DROP,
7.888,20,STA,WIFI_DROP,
7.8904,20,STA,WIFI_DROP,
7.8928,20,STA,WIFI_DROP,
7.8952,11,STA,WIFI_DROP,
7.8952,16,STA,WIFI_DROP,
7.8952,20,STA,WIFI_DROP,
7.8976,11,STA,WIFI_DROP,
7.8976,16,STA,WIFI_DROP,
7.8976,20,STA,WIFI_DROP,
7.9,11,STA,WIFI_DROP,
7.9,16,STA,WIFI_DROP,
7.9,20,STA,WIFI_DROP,
7.9024,11,STA,WIFI_DROP,
7.9024,16,STA,WIFI_DROP,
7.9024,20,STA,WIFI_DROP,
7.9048,11,STA,WIFI_DROP,
7.9048,16,STA,WIFI_DROP,
7.9048,20,STA,WIFI_DROP,
7.9072,11,STA,WIFI_DROP,
7.9072,16,STA,WIFI_DROP,
7.9072,20,STA,WIFI_DROP,
7.9096,11,STA,WIFI_DROP,
7.9096,16,STA,WIFI_DROP,
7.9096,20,STA,WIFI_DROP,
7.912,11,STA,WIFI_DROP,
7.912,16,STA,WIFI_DROP,
7.912,20,STA,WIFI_DROP,
7.9144,11,STA,WIFI_DROP,
7.9144,16,STA,WIFI_DROP,
7.9144,20,STA,WIFI_DROP,
7.9168,11,STA,WIFI_DROP,
7.9168,16,STA,WIFI_DROP,
7.9168,20,STA,WIFI_DROP,
7.9192,11,STA,WIFI_DROP,
7.9192,16,STA,WIFI_DROP,
7.9192,20,STA,WIFI_DROP,
7.9216,11,STA,WIFI_DROP,
7.9216,16,STA,WIFI_DROP,
7.9216,20,STA,WIFI_DROP,
7.924,11,STA,WIFI_DROP,
7.924,16,STA,WIFI_DROP,
7.924,20,STA,WIFI_DROP,
7.9264,11,STA,WIFI_DROP,
7.9264,16,STA,WIFI_DROP,
7.9264,20,STA,WIFI_DROP,
7.9288,11,STA,WIFI_DROP,
7.9288,16,STA,WIFI_DROP,
7.9288,20,STA,WIFI_DROP,
7.9312,11,STA,WIFI_DROP,
7.9312,16,STA,WIFI_DROP,
7.9312,20,STA,WIFI_DROP,
7.9336,11,STA,WIFI_DROP,
7.9336,16,STA,WIFI_DROP,
7.9336,20,STA,WIFI_DROP,
7.936,11,STA,WIFI_DROP,
7.936,16,STA,WIFI_DROP,
7.936,20,STA,WIFI_DROP,
7.9384,11,STA,WIFI_DROP,
7.9384,16,STA,WIFI_DROP,
7.9384,20,STA,WIFI_DROP,
7.9408,11,STA,WIFI_DROP,
7.9408,16,STA,WIFI_DROP,
7.9408,20,STA,WIFI_DROP,
7.9432,11,STA,WIFI_DROP,
7.9432,16,STA,WIFI_DROP,
7.9432,20,STA,WIFI_DROP,
7.9456,11,STA,WIFI_DROP,
7.9456,16,STA,WIFI_DROP,
7.9456,20,STA,WIFI_DROP,
7.948,11,STA,WIFI_DROP,
7.948,16,STA,WIFI_DROP,
7.948,20,STA,WIFI_DROP,
7.9504,11,STA,WIFI_DROP,
7.9504,16,STA,WIFI_DROP,
7.9504,20,STA,WIFI_DROP,
7.9528,11,STA,WIFI_DROP,
7.9528,16,STA,WIFI_DROP,
7.9528,20,STA,WIFI_DROP,
7.9552,11,STA,WIFI_DROP,
7.9552,16,STA,WIFI_DROP,
7.9552,20,STA,WIFI_DROP,
7.9576,11,STA,WIFI_DROP,
7.9576,16,STA,WIFI_DROP,
7.9576,20,STA,WIFI_DROP,
7.96,11,STA,WIFI_DROP,
7.96,16,STA,WIFI_DROP,
7.96,20,STA,WIFI_DROP,
7.9624,11,STA,WIFI_DROP,
7.9624,16,STA,WIFI_DROP,
7.9624,20,STA,WIFI_DROP,
7.9648,11,STA,WIFI_DROP,
7.9648,16,STA,WIFI_DROP,
7.9648,20,STA,WIFI_DROP,
7.9672,11,STA,WIFI_DROP,
7.9672,16,STA,WIFI_DROP,
7.9672,20,STA,WIFI_DROP,
7.9696,11,STA,WIFI_DROP,
7.9696,16,STA,WIFI_DROP,
7.9696,20,STA,WIFI_DROP,
7.972,11,STA,WIFI_DROP,
7.972,16,STA,WIFI_DROP,
7.972,20,STA,WIFI_DROP,
7.9744,11,STA,WIFI_DROP,
7.9744,16,STA,WIFI_DROP,
7.9744,20,STA,WIFI_DROP,
7.9768,11,STA,WIFI_DROP,
7.9768,16,STA,WIFI_DROP,
7.9768,20,STA,WIFI_DROP,
7.9792,11,STA,WIFI_DROP,
7.9792,16,STA,WIFI_DROP,
7.9792,20,STA,WIFI_DROP,
7.9816,11,STA,WIFI_DROP,
7.9816,16,STA,WIFI_DROP,
7.9816,20,STA,WIFI_DROP,
7.984,11,STA,WIFI_DROP,
7.984,16,STA,WIFI_DROP,
7.984,20,STA,WIFI_DROP,
7.9864,11,STA,WIFI_DROP,
7.9864,16,STA,WIFI_DROP,
7.9864,20,STA,WIFI_DROP,
7.9888,11,STA,WIFI_DROP,
7.9888,16,STA,WIFI_DROP,
7.9888,20,STA,WIFI_DROP,
7.9912,11,STA,WIFI_DROP,
7.9912,16,STA,WIFI_DROP,
7.9912,20,STA,WIFI_DROP,
7.9936,11,STA,WIFI_DROP,
7.9936,16,STA,WIFI_DROP,
7.9936,20,STA,WIFI_DROP,
7.996,11,STA,WIFI_DROP,
7.996,16,STA,WIFI_DROP,
7.996,17,STA,WIFI_DROP,
7.996,20,STA,WIFI_DROP,
7.9984,11,STA,WIFI_DROP,
7.9984,16,STA,WIFI_DROP,
7.9984,17,STA,WIFI_DROP,
7.9984,20,STA,WIFI_DROP,
8,2,STA,THROUGHPUT_MBPS,2.400000
8,4,STA,THROUGHPUT_MBPS,1.608000
8,5,STA,THROUGHPUT_MBPS,1.872000
8,7,STA,THROUGHPUT_MBPS,0.924000
8,8,STA,THROUGHPUT_MBPS,3.036000
8,9,STA,THROUGHPUT_MBPS,1.092000
8,11,STA,THROUGHPUT_MBPS,0.504000
8,13,STA,THROUGHPUT_MBPS,1.500000
8,15,STA,THROUGHPUT_MBPS,3.240000
8,16,STA,THROUGHPUT_MBPS,1.032000
8,18,STA,THROUGHPUT_MBPS,1.260000
8,20,STA,THROUGHPUT_MBPS,2.976000
8,21,STA,THROUGHPUT_MBPS,0.912000
8,1,AP,AGGREGATE_THROUGHPUT_MBPS,22.356000
8,1,AP,SENT_COUNT,8340.000000
8,1,AP,RECV_COUNT,1863.000000
8,1,AP,LATENCY_P95_MS,543.517431
8.0008,11,STA,WIFI_DROP,
8.0008,16,STA,WIFI_DROP,
8.0008,17,STA,WIFI_DROP,
8.0008,20,STA,WIFI_DROP,
8.0032,11,STA,WIFI_DROP,
8.0032,16,STA,WIFI_DROP,
8.0032,17,STA,WIFI_DROP,
8.0032,20,STA,WIFI_DROP,
8.0056,11,STA,WIFI_DROP,
8.0056,16,STA,WIFI_DROP,
8.0056,17,STA,WIFI_DROP,
8.0056,20,STA,WIFI_DROP,
8.008,11,STA,WIFI_DROP,
8.008,16,STA,WIFI_DROP,
8.008,17,STA,WIFI_DROP,
8.008,20,STA,WIFI_DROP,
8.0104,11,STA,WIFI_DROP,
8.0104,16,STA,WIFI_DROP,
8.0104,17,STA,WIFI_DROP,
8.0104,20,STA,WIFI_DROP,
8.0128,11,STA,WIFI_DROP,
8.0128,16,STA,WIFI_DROP,
8.0128,17,STA,WIFI_DROP,
8.0128,20,STA,WIFI_DROP,
8.0152,11,STA,WIFI_DROP,
8.0152,16,STA,WIFI_DROP,
8.0152,17,STA,WIFI_DROP,
8.0152,20,STA,WIFI_DROP,
8.0176,11,STA,WIFI_DROP,
8.0176,16,STA,WIFI_DROP,
8.0176,17,STA,WIFI_DROP,
8.0176,20,STA,WIFI_DROP,
8.02,11,STA,WIFI_DROP,
8.02,16,STA,WIFI_DROP,
8.02,17,STA,WIFI_DROP,
8.02,20,STA,WIFI_DROP,
8.0224,11,STA,WIFI_DROP,
8.0224,16,STA,WIFI_DROP,
8.0224,17,STA,WIFI_DROP,
8.0224,20,STA,WIFI_DROP,
8.0248,11,STA,WIFI_DROP,
8.0248,16,STA,WIFI_DROP,
8.0248,17,STA,WIFI_DROP,
8.0248,20,STA,WIFI_DROP,
8.0272,11,STA,WIFI_DROP,
8.0272,16,STA,WIFI_DROP,
8.0272,17,STA,WIFI_DROP,
8.0272,20,STA,WIFI_DROP,
8.0296,11,STA,WIFI_DROP,
8.0296,16,STA,WIFI_DROP,
8.0296,17,STA,WIFI_DROP,
8.0296,20,STA,WIFI_DROP,
8.032,11,STA,WIFI_DROP,
8.032,16,STA,WIFI_DROP,
8.032,17,STA,WIFI_DROP,
8.032,20,STA,WIFI_DROP,
8.0344,11,STA,WIFI_DROP,
8.0344,16,STA,WIFI_DROP,
8.0344,17,STA,WIFI_DROP,
8.0344,20,STA,WIFI_DROP,
8.0368,11,STA,WIFI_DROP,
8.0368,16,STA,WIFI_DROP,
8.0368,17,STA,WIFI_DROP,
8.0368,20,STA,WIFI_DROP,
8.0392,11,STA,WIFI_DROP,
8.0392,16,STA,WIFI_DROP,
8.0392,17,STA,WIFI_DROP,
8.0392,20,STA,WIFI_DROP,
8.0416,11,STA,WIFI_DROP,
8.0416,16,STA,WIFI_DROP,
8.0416,17,STA,WIFI_DROP,
8.0416,20,STA,WIFI_DROP,
8.044,11,STA,WIFI_DROP,
8.044,16,STA,WIFI_DROP,
8.044,17,STA,WIFI_DROP,
8.044,20,STA,WIFI_DROP,
8.0464,11,STA,WIFI_DROP,
8.0464,16,STA,WIFI_DROP,
8.0464,17,STA,WIFI_DROP,
8.0488,11,STA,WIFI_DROP,
8.0488,16,STA,WIFI_DROP,
8.0488,17,STA,WIFI_DROP,
8.0512,11,STA,WIFI_DROP,
8.0512,17,STA,WIFI_DROP,
8.0536,11,STA,WIFI_DROP,
8.0536,17,STA,WIFI_DROP,
8.056,11,STA,WIFI_DROP,
8.056,17,STA,WIFI_DROP,
8.0584,11,STA,WIFI_DROP,
8.0584,17,STA,WIFI_DROP,
8.0608,11,STA,WIFI_DROP,
8.0608,17,STA,WIFI_DROP,
8.0632,11,STA,WIFI_DROP,
8.0632,17,STA,WIFI_DROP,
8.0656,11,STA,WIFI_DROP,
8.0656,17,STA,WIFI_DROP,
8.068,11,STA,WIFI_DROP,
8.068,17,STA,WIFI_DROP,
8.0704,11,STA,WIFI_DROP,
8.0704,17,STA,WIFI_DROP,
8.0728,11,STA,WIFI_DROP,
8.0728,17,STA,WIFI_DROP,
8.0752,11,STA,WIFI_DROP,
8.0752,17,STA,WIFI_DROP,
8.0776,11,STA,WIFI_DROP,
8.0776,17,STA,WIFI_DROP,
8.08,11,STA,WIFI_DROP,
8.08,17,STA,WIFI_DROP,
8.0824,11,STA,WIFI_DROP,
8.0824,17,STA,WIFI_DROP,
8.0848,11,STA,WIFI_DROP,
8.0848,17,STA,WIFI_DROP,
8.0872,11,STA,WIFI_DROP,
8.0872,17,STA,WIFI_DROP,
8.0896,11,STA,WIFI_DROP,
8.0896,17,STA,WIFI_DROP,
8.092,11,STA,WIFI_DROP,
8.092,17,STA,WIFI_DROP,
8.0944,11,STA,WIFI_DROP,
8.0944,17,STA,WIFI_DROP,
8.0968,11,STA,WIFI_DROP,
8.0968,17,STA,WIFI_DROP,
8.0992,11,STA,WIFI_DROP,
8.0992,17,STA,WIFI_DROP,
8.1016,11,STA,WIFI_DROP,
8.1016,17,STA,WIFI_DROP,
8.104,11,STA,WIFI_DROP,
8.104,17,STA,WIFI_DROP,
8.1064,11,STA,WIFI_DROP,
8.1064,17,STA,WIFI_DROP,
8.1088,11,STA,WIFI_DROP,
8.1088,17,STA,WIFI_DROP,
8.1112,11,STA,WIFI_DROP,
8.1112,17,STA,WIFI_DROP,
8.1136,11,STA,WIFI_DROP,
8.1136,17,STA,WIFI_DROP,
8.116,11,STA,WIFI_DROP,
8.116,17,STA,WIFI_DROP,
8.1184,11,STA,WIFI_DROP,
8.1184,17,STA,WIFI_DROP,
8.1208,11,STA,WIFI_DROP,
8.1208,17,STA,WIFI_DROP,
8.1232,11,STA,WIFI_DROP,
8.1232,17,STA,WIFI_DROP,
8.1256,11,STA,WIFI_DROP,
8.1256,17,STA,WIFI_DROP,
8.128,11,STA,WIFI_DROP,
8.128,17,STA,WIFI_DROP,
8.1304,11,STA,WIFI_DROP,
8.1304,17,STA,WIFI_DROP,
8.1328,11,STA,WIFI_DROP,
8.1328,17,STA,WIFI_DROP,
8.1352,11,STA,WIFI_DROP,
8.1352,17,STA,WIFI_DROP,
8.1376,11,STA,WIFI_DROP,
8.1376,17,STA,WIFI_DROP,
8.14,11,STA,WIFI_DROP,
8.14,17,STA,WIFI_DROP,
8.1424,11,STA,WIFI_DROP,
8.1424,17,STA,WIFI_DROP,
8.1448,11,STA,WIFI_DROP,
8.1448,17,STA,WIFI_DROP,
8.1472,11,STA,WIFI_DROP,
8.1472,17,STA,WIFI_DROP,
8.1496,11,STA,WIFI_DROP,
8.1496,17,STA,WIFI_DROP,
8.152,17,STA,WIFI_DROP,
8.1544,17,STA,WIFI_DROP,
8.1568,17,STA,WIFI_DROP,
8.1592,17,STA,WIFI_DROP,
8.1616,17,STA,WIFI_DROP,
8.164,17,STA,WIFI_DROP,
8.1664,17,STA,WIFI_DROP,
8.1688,17,STA,WIFI_DROP,
8.1712,17,STA,WIFI_DROP,
8.1736,17,STA,WIFI_DROP,
8.176,17,STA,WIFI_DROP,
8.1784,17,STA,WIFI_DROP,
8.1808,17,STA,WIFI_DROP,
8.1832,17,STA,WIFI_DROP,
8.1856,17,STA,WIFI_DROP,
8.188,17,STA,WIFI_DROP,
8.1904,17,STA,WIFI_DROP,
8.1928,17,STA,WIFI_DROP,
8.1952,17,STA,WIFI_DROP,
8.1976,17,STA,WIFI_DROP,
8.2,17,STA,WIFI_DROP,
8.2024,3,STA,WIFI_DROP,
8.2024,17,STA,WIFI_DROP,
8.2048,3,STA,WIFI_DROP,
8.2048,17,STA,WIFI_DROP,
8.2072,3,STA,WIFI_DROP,
8.2072,17,STA,WIFI_DROP,
8.2096,3,STA,WIFI_DROP,
8.2096,17,STA,WIFI_DROP,
8.212,3,STA,WIFI_DROP,
8.212,17,STA,WIFI_DROP,
8.2144,3,STA,WIFI_DROP,
8.2144,17,STA,WIFI_DROP,
8.2168,3,STA,WIFI_DROP,
8.2168,17,STA,WIFI_DROP,
8.2192,3,STA,WIFI_DROP,
8.2192,17,STA,WIFI_DROP,
8.2216,3,STA,WIFI_DROP,
8.2216,17,STA,WIFI_DROP,
8.224,3,STA,WIFI_DROP,
8.224,17,STA,WIFI_DROP,
8.2264,3,STA,WIFI_DROP,
8.2264,17,STA,WIFI_DROP,
8.2288,3,STA,WIFI_DROP,
8.2288,17,STA,WIFI_DROP,
8.2312,3,STA,WIFI_DROP,
8.2312,17,STA,WIFI_DROP,
8.2336,3,STA,WIFI_DROP,
8.2336,17,STA,WIFI_DROP,
8.236,3,STA,WIFI_DROP,
8.236,17,STA,WIFI_DROP,
8.2384,3,STA,WIFI_DROP,
8.2384,17,STA,WIFI_DROP,
8.2408,3,STA,WIFI_DROP,
8.2408,17,STA,WIFI_DROP,
8.2432,3,STA,WIFI_DROP,
8.2432,17,STA,WIFI_DROP,
8.2456,3,STA,WIFI_DROP,
8.2456,17,STA,WIFI_DROP,
8.248,3,STA,WIFI_DROP,
8.248,17,STA,WIFI_DROP,
8.2504,3,STA,WIFI_DROP,
8.2504,17,STA,WIFI_DROP,
8.2528,3,STA,WIFI_DROP,
8.2528,17,STA,WIFI_DROP,
8.2552,3,STA,WIFI_DROP,
8.2552,17,STA,WIFI_DROP,
8.2576,3,STA,WIFI_DROP,
8.2576,17,STA,WIFI_DROP,
8.26,3,STA,WIFI_DROP,
8.26,17,STA,WIFI_DROP,
8.2624,3,STA,WIFI_DROP,
8.2624,17,STA,WIFI_DROP,
8.2648,3,STA,WIFI_DROP,
8.2648,17,STA,WIFI_DROP,
8.2672,3,STA,WIFI_DROP,
8.2672,17,STA,WIFI_DROP,
8.2696,3,STA,WIFI_DROP,
8.2696,17,STA,WIFI_DROP,
8.272,3,STA,WIFI_DROP,
8.272,17,STA,WIFI_DROP,
8.2744,3,STA,WIFI_DROP,
8.2744,17,STA,WIFI_DROP,
8.2768,3,STA,WIFI_DROP,
8.2768,17,STA,WIFI_DROP,
8.2792,3,STA,WIFI_DROP,
8.2792,17,STA,WIFI_DROP,
8.2816,3,STA,WIFI_DROP,
8.2816,17,STA,WIFI_DROP,
8.284,3,STA,WIFI_DROP,
8.284,17,STA,WIFI_DROP,
8.2864,3,STA,WIFI_DROP,
8.2864,17,STA,WIFI_DROP,
8.2888,3,STA,WIFI_DROP,
8.2888,17,STA,WIFI_DROP,
8.2912,3,STA,WIFI_DROP,
8.2912,17,STA,WIFI_DROP,
8.2936,3,STA,WIFI_DROP,
8.2936,17,STA,WIFI_DROP,
8.296,3,STA,WIFI_DROP,
8.296,17,STA,WIFI_DROP,
8.2984,3,STA,WIFI_DROP,
8.2984,17,STA,WIFI_DROP,
8.3008,3,STA,WIFI_DROP,
8.3008,17,STA,WIFI_DROP,
8.3032,3,STA,WIFI_DROP,
8.3032,9,STA,WIFI_DROP,
8.3032,17,STA,WIFI_DROP,
8.3056,3,STA,WIFI_DROP,
8.3056,9,STA,WIFI_DROP,
8.3056,17,STA,WIFI_DROP,
8.308,3,STA,WIFI_DROP,
8.308,9,STA,WIFI_DROP,
8.308,17,STA,WIFI_DROP,
8.3104,3,STA,WIFI_DROP,
8.3104,9,STA,WIFI_DROP,
8.3104,17,STA,WIFI_DROP,
8.3128,3,STA,WIFI_DROP,
8.3128,9,STA,WIFI_DROP,
8.3128,17,STA,WIFI_DROP,
8.3152,3,STA,WIFI_DROP,
8.3152,9,STA,WIFI_DROP,
8.3152,17,STA,WIFI_DROP,
8.3176,3,STA,WIFI_DROP,
8.3176,9,STA,WIFI_DROP,
8.3176,17,STA,WIFI_DROP,
8.32,3,STA,WIFI_DROP,
8.32,9,STA,WIFI_DROP,
8.32,17,STA,WIFI_DROP,
8.3224,3,STA,WIFI_DROP,
8.3224,9,STA,WIFI_DROP,
8.3224,17,STA,WIFI_DROP,
8.3248,3,STA,WIFI_DROP,
8.3248,9,STA,WIFI_DROP,
8.3248,17,STA,WIFI_DROP,
8.3272,3,STA,WIFI_DROP,
8.3272,9,STA,WIFI_DROP,
8.3272,17,STA,WIFI_DROP,
8.3296,3,STA,WIFI_DROP,
8.3296,9,STA,WIFI_DROP,
8.3296,17,STA,WIFI_DROP,
8.332,3,STA,WIFI_DROP,
8.332,9,STA,WIFI_DROP,
8.332,17,STA,WIFI_DROP,
8.3344,3,STA,WIFI_DROP,
8.3344,9,STA,WIFI_DROP,
8.3344,17,STA,WIFI_DROP,
8.3368,3,STA,WIFI_DROP,
8.3368,9,STA,WIFI_DROP,
8.3368,17,STA,WIFI_DROP,
8.3392,3,STA,WIFI_DROP,
8.3392,9,STA,WIFI_DROP,
8.3392,17,STA,WIFI_DROP,
8.3416,3,STA,WIFI_DROP,
8.3416,9,STA,WIFI_DROP,
8.3416,17,STA,WIFI_DROP,
8.344,3,STA,WIFI_DROP,
8.344,9,STA,WIFI_DROP,
8.344,17,STA,WIFI_DROP,
8.3464,3,STA,WIFI_DROP,
8.3464,9,STA,WIFI_DROP,
8.3464,17,STA,WIFI_DROP,
8.3488,3,STA,WIFI_DROP,
8.3488,9,STA,WIFI_DROP,
8.3488,17,STA,WIFI_DROP,
8.3512,3,STA,WIFI_DROP,
8.3512,9,STA,WIFI_DROP,
8.3512,17,STA,WIFI_DROP,
8.3536,3,STA,WIFI_DROP,
8.3536,9,STA,WIFI_DROP,
8.3536,17,STA,WIFI_DROP,
8.356,3,STA,WIFI_DROP,
8.356,9,STA,WIFI_DROP,
8.356,17,STA,WIFI_DROP,
8.3584,3,STA,WIFI_DROP,
8.3584,9,STA,WIFI_DROP,
8.3584,17,STA,WIFI_DROP,
8.3608,3,STA,WIFI_DROP,
8.3608,9,STA,WIFI_DROP,
8.3608,17,STA,WIFI_DROP,
8.3632,3,STA,WIFI_DROP,
8.3632,9,STA,WIFI_DROP,
8.3632,17,STA,WIFI_DROP,
8.3656,3,STA,WIFI_DROP,
8.3656,9,STA,WIFI_DROP,
8.3656,17,STA,WIFI_DROP,
8.368,3,STA,WIFI_DROP,
8.368,9,STA,WIFI_DROP,
8.368,17,STA,WIFI_DROP,
8.3704,3,STA,WIFI_DROP,
8.3704,9,STA,WIFI_DROP,
8.3704,17,STA,WIFI_DROP,
8.3728,3,STA,WIFI_DROP,
8.3728,9,STA,WIFI_DROP,
8.3728,17,STA,WIFI_DROP,
8.3752,3,STA,WIFI_DROP,
8.3752,9,STA,WIFI_DROP,
8.3752,17,STA,WIFI_DROP,
8.3776,3,STA,WIFI_DROP,
8.3776,9,STA,WIFI_DROP,
8.3776,17,STA,WIFI_DROP,
8.38,3,STA,WIFI_DROP,
8.38,9,STA,WIFI_DROP,
8.38,17,STA,WIFI_DROP,
8.3824,3,STA,WIFI_DROP,
8.3824,9,STA,WIFI_DROP,
8.3824,17,STA,WIFI_DROP,
8.3848,3,STA,WIFI_DROP,
8.3848,9,STA,WIFI_DROP,
8.3848,17,STA,WIFI_DROP,
8.3872,3,STA,WIFI_DROP,
8.3872,9,STA,WIFI_DROP,
8.3872,17,STA,WIFI_DROP,
8.3896,3,STA,WIFI_DROP,
8.3896,9,STA,WIFI_DROP,
8.3896,17,STA,WIFI_DROP,
8.392,3,STA,WIFI_DROP,
8.392,9,STA,WIFI_DROP,
8.392,17,STA,WIFI_DROP,
8.3944,3,STA,WIFI_DROP,
8.3944,9,STA,WIFI_DROP,
8.3944,17,STA,WIFI_DROP,
8.3968,3,STA,WIFI_DROP,
8.3968,9,STA,WIFI_DROP,
8.3968,17,STA,WIFI_DROP,
8.3992,3,STA,WIFI_DROP,
8.3992,9,STA,WIFI_DROP,
8.3992,17,STA,WIFI_DROP,
8.4016,3,STA,WIFI_DROP,
8.4016,9,STA,WIFI_DROP,
8.4016,17,STA,WIFI_DROP,
8.404,3,STA,WIFI_DROP,
8.404,9,STA,WIFI_DROP,
8.404,17,STA,WIFI_DROP,
8.4064,3,STA,WIFI_DROP,
8.4064,9,STA,WIFI_DROP,
8.4064,17,STA,WIFI_DROP,
8.4088,3,STA,WIFI_DROP,
8.4088,9,STA,WIFI_DROP,
8.4088,17,STA,WIFI_DROP,
8.4112,3,STA,WIFI_DROP,
8.4112,9,STA,WIFI_DROP,
8.4112,17,STA,WIFI_DROP,
8.4136,3,STA,WIFI_DROP,
8.4136,9,STA,WIFI_DROP,
8.4136,17,STA,WIFI_DROP,
8.416,3,STA,WIFI_DROP,
8.416,9,STA,WIFI_DROP,
8.416,17,STA,WIFI_DROP,
8.4184,3,STA,WIFI_DROP,
8.4184,9,STA,WIFI_DROP,
8.4184,17,STA,WIFI_DROP,
8.4208,3,STA,WIFI_DROP,
8.4208,9,STA,WIFI_DROP,
8.4208,17,STA,WIFI_DROP,
8.4232,3,STA,WIFI_DROP,
8.4232,9,STA,WIFI_DROP,
8.4232,17,STA,WIFI_DROP,
8.4256,3,STA,WIFI_DROP,
8.4256,9,STA,WIFI_DROP,
8.4256,17,STA,WIFI_DROP,
8.428,3,STA,WIFI_DROP,
8.428,9,STA,WIFI_DROP,
8.428,17,STA,WIFI_DROP,
8.4304,3,STA,WIFI_DROP,
8.4304,9,STA,WIFI_DROP,
8.4304,17,STA,WIFI_DROP,
8.4328,3,STA,WIFI_DROP,
8.4328,9,STA,WIFI_DROP,
8.4328,17,STA,WIFI_DROP,
8.4352,3,STA,WIFI_DROP,
8.4352,9,STA,WIFI_DROP,
8.4352,17,STA,WIFI_DROP,
8.4376,3,STA,WIFI_DROP,
8.4376,9,STA,WIFI_DROP,
8.4376,17,STA,WIFI_DROP,
8.44,3,STA,WIFI_DROP,
8.44,9,STA,WIFI_DROP,
8.44,17,STA,WIFI_DROP,
8.4424,3,STA,WIFI_DROP,
8.4424,9,STA,WIFI_DROP,
8.4424,17,STA,WIFI_DROP,
8.4448,3,STA,WIFI_DROP,
8.4448,9,STA,WIFI_DROP,
8.4448,17,STA,WIFI_DROP,
8.4472,3,STA,WIFI_DROP,
8.4472,9,STA,WIFI_DROP,
8.4472,17,STA,WIFI_DROP,
8.4496,3,STA,WIFI_DROP,
8.4496,9,STA,WIFI_DROP,
8.4496,17,STA,WIFI_DROP,
8.452,3,STA,WIFI_DROP,
8.452,9,STA,WIFI_DROP,
8.452,17,STA,WIFI_DROP,
8.4544,3,STA,WIFI_DROP,
8.4544,9,STA,WIFI_DROP,
8.4544,17,STA,WIFI_DROP,
8.4568,3,STA,WIFI_DROP,
8.4568,9,STA,WIFI_DROP,
8.4568,17,STA,WIFI_DROP,
8.4592,3,STA,WIFI_DROP,
8.4592,9,STA,WIFI_DROP,
8.4592,17,STA,WIFI_DROP,
8.4616,3,STA,WIFI_DROP,
8.4616,9,STA,WIFI_DROP,
8.4616,17,STA,WIFI_DROP,
8.464,3,STA,WIFI_DROP,
8.464,9,STA,WIFI_DROP,
8.464,17,STA,WIFI_DROP,
8.4664,3,STA,WIFI_DROP,
8.4664,9,STA,WIFI_DROP,
8.4664,17,STA,WIFI_DROP,
8.4688,3,STA,WIFI_DROP,
8.4688,9,STA,WIFI_DROP,
8.4688,17,STA,WIFI_DROP,
8.4712,3,STA,WIFI_DROP,
8.4712,9,STA,WIFI_DROP,
8.4712,17,STA,WIFI_DROP,
8.4736,3,STA,WIFI_DROP,
8.4736,9,STA,WIFI_DROP,
8.4736,17,STA,WIFI_DROP,
8.476,3,STA,WIFI_DROP,
8.476,9,STA,WIFI_DROP,
8.476,17,STA,WIFI_DROP,
8.4784,3,STA,WIFI_DROP,
8.4784,9,STA,WIFI_DROP,
8.4784,17,STA,WIFI_DROP,
8.4808,3,STA,WIFI_DROP,
8.4808,9,STA,WIFI_DROP,
8.4808,17,STA,WIFI_DROP,
8.4832,3,STA,WIFI_DROP,
8.4832,9,STA,WIFI_DROP,
8.4832,17,STA,WIFI_DROP,
8.4856,3,STA,WIFI_DROP,
8.4856,9,STA,WIFI_DROP,
8.4856,17,STA,WIFI_DROP,
8.488,3,STA,WIFI_DROP,
8.488,9,STA,WIFI_DROP,
8.488,17,STA,WIFI_DROP,
8.4904,3,STA,WIFI_DROP,
8.4904,9,STA,WIFI_DROP,
8.4904,17,STA,WIFI_DROP,
8.4928,3,STA,WIFI_DROP,
8.4928,9,STA,WIFI_DROP,
8.4928,17,STA,WIFI_DROP,
8.4952,3,STA,WIFI_DROP,
8.4952,9,STA,WIFI_DROP,
8.4952,17,STA,WIFI_DROP,
8.4976,3,STA,WIFI_DROP,
8.4976,9,STA,WIFI_DROP,
8.4976,17,STA,WIFI_DROP,
8.5,3,STA,WIFI_DROP,
8.5,9,STA,WIFI_DROP,
8.5,17,STA,WIFI_DROP,
8.5024,3,STA,WIFI_DROP,
8.5024,9,STA,WIFI_DROP,
8.5024,17,STA,WIFI_DROP,
8.5048,3,STA,WIFI_DROP,
8.5048,9,STA,WIFI_DROP,
8.5048,17,STA,WIFI_DROP,
8.5072,3,STA,WIFI_DROP,
8.5072,9,STA,WIFI_DROP,
8.5072,17,STA,WIFI_DROP,
8.5096,3,STA,WIFI_DROP,
8.5096,9,STA,WIFI_DROP,
8.5096,17,STA,WIFI_DROP,
8.512,3,STA,WIFI_DROP,
8.512,9,STA,WIFI_DROP,
8.512,17,STA,WIFI_DROP,
8.5144,3,STA,WIFI_DROP,
8.5144,9,STA,WIFI_DROP,
8.5144,17,STA,WIFI_DROP,
8.5168,3,STA,WIFI_DROP,
8.5168,9,STA,WIFI_DROP,
8.5168,17,STA,WIFI_DROP,
8.5192,3,STA,WIFI_DROP,
8.5192,9,STA,WIFI_DROP,
8.5192,17,STA,WIFI_DROP,
8.5216,3,STA,WIFI_DROP,
8.5216,9,STA,WIFI_DROP,
8.5216,17,STA,WIFI_DROP,
8.524,3,STA,WIFI_DROP,
8.524,9,STA,WIFI_DROP,
8.524,17,STA,WIFI_DROP,
8.5264,3,STA,WIFI_DROP,
8.5264,9,STA,WIFI_DROP,
8.5264,17,STA,WIFI_DROP,
8.5288,3,STA,WIFI_DROP,
8.5288,9,STA,WIFI_DROP,
8.5288,17,STA,WIFI_DROP,
8.5312,3,STA,WIFI_DROP,
8.5312,9,STA,WIFI_DROP,
8.5312,17,STA,WIFI_DROP,
8.5336,3,STA,WIFI_DROP,
8.5336,9,STA,WIFI_DROP,
8.5336,17,STA,WIFI_DROP,
8.536,3,STA,WIFI_DROP,
8.536,9,STA,WIFI_DROP,
8.536,17,STA,WIFI_DROP,
8.5384,3,STA,WIFI_DROP,
8.5384,9,STA,WIFI_DROP,
8.5384,17,STA,WIFI_DROP,
8.5408,3,STA,WIFI_DROP,
8.5408,9,STA,WIFI_DROP,
8.5408,17,STA,WIFI_DROP,
8.5432,3,STA,WIFI_DROP,
8.5432,9,STA,WIFI_DROP,
8.5432,17,STA,WIFI_DROP,
8.5456,3,STA,WIFI_DROP,
8.5456,9,STA,WIFI_DROP,
8.5456,17,STA,WIFI_DROP,
8.548,3,STA,WIFI_DROP,
8.548,9,STA,WIFI_DROP,
8.548,17,STA,WIFI_DROP,
8.5504,3,STA,WIFI_DROP,
8.5504,9,STA,WIFI_DROP,
8.5504,17,STA,WIFI_DROP,
8.5528,3,STA,WIFI_DROP,
8.5528,9,STA,WIFI_DROP,
8.5528,17,STA,WIFI_DROP,
8.5552,3,STA,WIFI_DROP,
8.5552,9,STA,WIFI_DROP,
8.5552,17,STA,WIFI_DROP,
8.5576,3,STA,WIFI_DROP,
8.5576,9,STA,WIFI_DROP,
8.5576,17,STA,WIFI_DROP,
8.56,3,STA,WIFI_DROP,
8.56,9,STA,WIFI_DROP,
8.56,17,STA,WIFI_DROP,
8.5624,3,STA,WIFI_DROP,
8.5624,17,STA,WIFI_DROP,
8.5648,3,STA,WIFI_DROP,
8.5648,17,STA,WIFI_DROP,
8.5672,3,STA,WIFI_DROP,
8.5672,17,STA,WIFI_DROP,
8.5696,3,STA,WIFI_DROP,
8.5696,17,STA,WIFI_DROP,
8.572,3,STA,WIFI_DROP,
8.572,17,STA,WIFI_DROP,
8.5744,3,STA,WIFI_DROP,
8.5744,17,STA,WIFI_DROP,
8.5768,3,STA,WIFI_DROP,
8.5768,17,STA,WIFI_DROP,
8.5792,3,STA,WIFI_DROP,
8.5792,17,STA,WIFI_DROP,
8.5816,3,STA,WIFI_DROP,
8.5816,17,STA,WIFI_DROP,
8.584,3,STA,WIFI_DROP,
8.584,17,STA,WIFI_DROP,
8.5864,3,STA,WIFI_DROP,
8.5864,17,STA,WIFI_DROP,
8.5888,3,STA,WIFI_DROP,
8.5888,17,STA,WIFI_DROP,
8.5912,3,STA,WIFI_DROP,
8.5912,17,STA,WIFI_DROP,
8.5936,3,STA,WIFI_DROP,
8.5936,17,STA,WIFI_DROP,
8.596,3,STA,WIFI_DROP,
8.596,17,STA,WIFI_DROP,
8.5984,3,STA,WIFI_DROP,
8.5984,17,STA,WIFI_DROP,
8.6008,3,STA,WIFI_DROP,
8.6008,17,STA,WIFI_DROP,
8.6032,3,STA,WIFI_DROP,
8.6032,17,STA,WIFI_DROP,
8.6056,3,STA,WIFI_DROP,
8.6056,17,STA,WIFI_DROP,
8.608,3,STA,WIFI_DROP,
8.608,17,STA,WIFI_DROP,
8.6104,3,STA,WIFI_DROP,
8.6104,17,STA,WIFI_DROP,
8.6128,3,STA,WIFI_DROP,
8.6128,17,STA,WIFI_DROP,
8.6152,3,STA,WIFI_DROP,
8.6152,17,STA,WIFI_DROP,
8.6176,3,STA,WIFI_DROP,
8.6176,17,STA,WIFI_DROP,
8.62,3,STA,WIFI_DROP,
8.62,17,STA,WIFI_DROP,
8.6224,3,STA,WIFI_DROP,
8.6224,17,STA,WIFI_DROP,
8.6248,3,STA,WIFI_DROP,
8.6248,17,STA,WIFI_DROP,
8.6272,3,STA,WIFI_DROP,
8.6272,17,STA,WIFI_DROP,
8.6296,3,STA,WIFI_DROP,
8.6296,17,STA,WIFI_DROP,
8.632,3,STA,WIFI_DROP,
8.632,17,STA,WIFI_DROP,
8.6344,3,STA,WIFI_DROP,
8.6344,17,STA,WIFI_DROP,
8.6368,3,STA,WIFI_DROP,
8.6368,17,STA,WIFI_DROP,
8.6392,3,STA,WIFI_DROP,
8.6392,17,STA,WIFI_DROP,
8.6416,3,STA,WIFI_DROP,
8.6416,17,STA,WIFI_DROP,
8.644,3,STA,WIFI_DROP,
8.644,17,STA,WIFI_DROP,
8.6464,3,STA,WIFI_DROP,
8.6464,17,STA,WIFI_DROP,
8.6488,3,STA,WIFI_DROP,
8.6488,17,STA,WIFI_DROP,
8.6512,3,STA,WIFI_DROP,
8.6512,17,STA,WIFI_DROP,
8.6536,3,STA,WIFI_DROP,
8.6536,17,STA,WIFI_DROP,
8.656,3,STA,WIFI_DROP,
8.656,17,STA,WIFI_DROP,
8.6584,3,STA,WIFI_DROP,
8.6584,17,STA,WIFI_DROP,
8.6608,3,STA,WIFI_DROP,
8.6608,17,STA,WIFI_DROP,
8.6632,3,STA,WIFI_DROP,
8.6632,17,STA,WIFI_DROP,
8.6656,3,STA,WIFI_DROP,
8.6656,17,STA,WIFI_DROP,
8.668,3,STA,WIFI_DROP,
8.668,17,STA,WIFI_DROP,
8.6704,3,STA,WIFI_DROP,
8.6704,17,STA,WIFI_DROP,
8.6728,3,STA,WIFI_DROP,
8.6728,17,STA,WIFI_DROP,
8.6752,3,STA,WIFI_DROP,
8.6752,17,STA,WIFI_DROP,
8.6776,3,STA,WIFI_DROP,
8.6776,17,STA,WIFI_DROP,
8.68,3,STA,WIFI_DROP,
8.68,17,STA,WIFI_DROP,
8.6824,3,STA,WIFI_DROP,
8.6824,17,STA,WIFI_DROP,
8.6848,3,STA,WIFI_DROP,
8.6848,17,STA,WIFI_DROP,
8.6872,3,STA,WIFI_DROP,
8.6872,17,STA,WIFI_DROP,
8.6896,3,STA,WIFI_DROP,
8.6896,17,STA,WIFI_DROP,
8.692,3,STA,WIFI_DROP,
8.692,17,STA,WIFI_DROP,
8.6944,3,STA,WIFI_DROP,
8.6944,17,STA,WIFI_DROP,
8.6968,3,STA,WIFI_DROP,
8.6968,17,STA,WIFI_DROP,
8.6992,3,STA,WIFI_DROP,
8.6992,17,STA,WIFI_DROP,
8.7016,3,STA,WIFI_DROP,
8.7016,17,STA,WIFI_DROP,
8.704,3,STA,WIFI_DROP,
8.704,17,STA,WIFI_DROP,
8.7064,17,STA,WIFI_DROP,
8.7088,17,STA,WIFI_DROP,
8.7112,17,STA,WIFI_DROP,
8.7136,17,STA,WIFI_DROP,
8.716,17,STA,WIFI_DROP,
8.7184,17,STA,WIFI_DROP,
8.7208,17,STA,WIFI_DROP,
8.7232,17,STA,WIFI_DROP,
8.7256,17,STA,WIFI_DROP,
8.728,17,STA,WIFI_DROP,
8.7304,17,STA,WIFI_DROP,
8.7328,17,STA,WIFI_DROP,
8.7352,17,STA,WIFI_DROP,
8.7376,17,STA,WIFI_DROP,
8.74,17,STA,WIFI_DROP,
8.7424,17,STA,WIFI_DROP,
8.7448,17,STA,WIFI_DROP,
8.7472,17,STA,WIFI_DROP,
8.7496,17,STA,WIFI_DROP,
8.752,17,STA,WIFI_DROP,
8.7544,17,STA,WIFI_DROP,
8.7568,17,STA,WIFI_DROP,
8.7592,17,STA,WIFI_DROP,
8.7616,17,STA,WIFI_DROP,
8.764,17,STA,WIFI_DROP,
8.7664,17,STA,WIFI_DROP,
8.7688,17,STA,WIFI_DROP,
8.7712,17,STA,WIFI_DROP,
8.7736,17,STA,WIFI_DROP,
8.776,17,STA,WIFI_DROP,
8.7784,17,STA,WIFI_DROP,
8.7808,17,STA,WIFI_DROP,
8.7832,17,STA,WIFI_DROP,
8.7856,17,STA,WIFI_DROP,
8.788,17,STA,WIFI_DROP,
8.7904,17,STA,WIFI_DROP,
8.7928,17,STA,WIFI_DROP,
8.7952,17,STA,WIFI_DROP,
8.7976,17,STA,WIFI_DROP,
8.8,17,STA,WIFI_DROP,
8.8024,17,STA,WIFI_DROP,
8.8048,17,STA,WIFI_DROP,
8.8072,17,STA,WIFI_DROP,
8.8096,17,STA,WIFI_DROP,
8.812,17,STA,WIFI_DROP,
8.8144,17,STA,WIFI_DROP,
8.8168,17,STA,WIFI_DROP,
8.8192,17,STA,WIFI_DROP,
8.8216,17,STA,WIFI_DROP,
8.824,17,STA,WIFI_DROP,
8.8264,17,STA,WIFI_DROP,
8.8288,17,STA,WIFI_DROP,
8.8312,17,STA,WIFI_DROP,
8.8336,17,STA,WIFI_DROP,
8.836,17,STA,WIFI_DROP,
8.8384,17,STA,WIFI_DROP,
8.8408,17,STA,WIFI_DROP,
8.8432,17,STA,WIFI_DROP,
8.8456,17,STA,WIFI_DROP,
8.848,17,STA,WIFI_DROP,
8.8504,17,STA,WIFI_DROP,
8.8528,17,STA,WIFI_DROP,
8.8552,17,STA,WIFI_DROP,
8.8576,17,STA,WIFI_DROP,
8.86,17,STA,WIFI_DROP,
8.8624,17,STA,WIFI_DROP,
8.8648,17,STA,WIFI_DROP,
8.8672,17,STA,WIFI_DROP,
8.8696,17,STA,WIFI_DROP,
8.872,17,STA,WIFI_DROP,
8.8744,17,STA,WIFI_DROP,
8.8768,17,STA,WIFI_DROP,
8.8792,17,STA,WIFI_DROP,
8.8816,17,STA,WIFI_DROP,
8.884,17,STA,WIFI_DROP,
8.8864,17,STA,WIFI_DROP,
8.8888,17,STA,WIFI_DROP,
8.8912,17,STA,WIFI_DROP,
8.8936,17,STA,WIFI_DROP,
8.896,17,STA,WIFI_DROP,
8.8984,17,STA,WIFI_DROP,
8.9008,17,STA,WIFI_DROP,
8.9032,17,STA,WIFI_DROP,
8.9056,17,STA,WIFI_DROP,
8.908,17,STA,WIFI_DROP,
8.9104,17,STA,WIFI_DROP,
8.9128,17,STA,WIFI_DROP,
8.9152,17,STA,WIFI_DROP,
8.9176,17,STA,WIFI_DROP,
8.92,17,STA,WIFI_DROP,
8.9224,17,STA,WIFI_DROP,
8.9248,17,STA,WIFI_DROP,
8.9272,17,STA,WIFI_DROP,
8.9296,17,STA,WIFI_DROP,
8.932,17,STA,WIFI_DROP,
8.9344,17,STA,WIFI_DROP,
8.9368,17,STA,WIFI_DROP,
8.9392,17,STA,WIFI_DROP,
8.9416,17,STA,WIFI_DROP,
8.944,17,STA,WIFI_DROP,
8.9464,17,STA,WIFI_DROP,
8.9488,17,STA,WIFI_DROP,
8.9512,17,STA,WIFI_DROP,
8.9536,17,STA,WIFI_DROP,
8.956,17,STA,WIFI_DROP,
8.9584,17,STA,WIFI_DROP,
8.9608,17,STA,WIFI_DROP,
8.9632,17,STA,WIFI_DROP,
8.9656,17,STA,WIFI_DROP,
8.968,17,STA,WIFI_DROP,
8.9704,17,STA,WIFI_DROP,
8.9728,17,STA,WIFI_DROP,
8.9752,17,STA,WIFI_DROP,
8.9776,17,STA,WIFI_DROP,
8.98,17,STA,WIFI_DROP,
8.9824,17,STA,WIFI_DROP,
8.9848,17,STA,WIFI_DROP,
8.9872,17,STA,WIFI_DROP,
8.9896,17,STA,WIFI_DROP,
8.992,17,STA,WIFI_DROP,
8.9944,17,STA,WIFI_DROP,
8.9968,17,STA,WIFI_DROP,
8.9992,17,STA,WIFI_DROP,
9,2,STA,THROUGHPUT_MBPS,1.620000
9,3,STA,THROUGHPUT_MBPS,0.996000
9,4,STA,THROUGHPUT_MBPS,1.560000
9,5,STA,THROUGHPUT_MBPS,3.984000
9,7,STA,THROUGHPUT_MBPS,1.236000
9,8,STA,THROUGHPUT_MBPS,2.736000
9,9,STA,THROUGHPUT_MBPS,1.128000
9,13,STA,THROUGHPUT_MBPS,2.292000
9,15,STA,THROUGHPUT_MBPS,2.220000
9,18,STA,THROUGHPUT_MBPS,3.312000
9,20,STA,THROUGHPUT_MBPS,1.632000
9,21,STA,THROUGHPUT_MBPS,0.852000
9,1,AP,AGGREGATE_THROUGHPUT_MBPS,23.568000
9,1,AP,SENT_COUNT,8340.000000
9,1,AP,RECV_COUNT,1964.000000
9,1,AP,LATENCY_P95_MS,535.448057
9.0016,17,STA,WIFI_DROP,
9.004,17,STA,WIFI_DROP,
9.0064,17,STA,WIFI_DROP,
9.0088,17,STA,WIFI_DROP,
9.0112,17,STA,WIFI_DROP,
9.0136,17,STA,WIFI_DROP,
9.016,17,STA,WIFI_DROP,
9.0184,17,STA,WIFI_DROP,
9.0208,17,STA,WIFI_DROP,
9.0232,17,STA,WIFI_DROP,
9.0256,17,STA,WIFI_DROP,
9.028,17,STA,WIFI_DROP,
9.0304,17,STA,WIFI_DROP,
9.0328,17,STA,WIFI_DROP,
9.0352,17,STA,WIFI_DROP,
9.0376,17,STA,WIFI_DROP,
9.04,17,STA,WIFI_DROP,
9.0424,17,STA,WIFI_DROP,
9.0448,17,STA,WIFI_DROP,
9.0472,17,STA,WIFI_DROP,
9.0496,17,STA,WIFI_DROP,
9.052,17,STA,WIFI_DROP,
9.0544,17,STA,WIFI_DROP,
9.0568,17,STA,WIFI_DROP,
9.0592,17,STA,WIFI_DROP,
9.0616,17,STA,WIFI_DROP,
9.064,17,STA,WIFI_DROP,
9.0664,17,STA,WIFI_DROP,
9.0688,17,STA,WIFI_DROP,
9.0712,17,STA,WIFI_DROP,
9.0736,17,STA,WIFI_DROP,
9.076,17,STA,WIFI_DROP,
9.0784,17,STA,WIFI_DROP,
9.0808,17,STA,WIFI_DROP,
9.0832,17,STA,WIFI_DROP,
9.0856,17,STA,WIFI_DROP,
9.088,17,STA,WIFI_DROP,
9.0904,17,STA,WIFI_DROP,
9.0928,17,STA,WIFI_DROP,
9.0952,17,STA,WIFI_DROP,
9.0976,17,STA,WIFI_DROP,
9.1,17,STA,WIFI_DROP,
9.1024,17,STA,WIFI_DROP,
9.1048,17,STA,WIFI_DROP,
9.1072,17,STA,WIFI_DROP,
9.1096,17,STA,WIFI_DROP,
9.112,17,STA,WIFI_DROP,
9.1144,17,STA,WIFI_DROP,
9.1168,17,STA,WIFI_DROP,
9.1192,17,STA,WIFI_DROP,
9.1216,17,STA,WIFI_DROP,
9.124,17,STA,WIFI_DROP,
9.1264,17,STA,WIFI_DROP,
9.1288,17,STA,WIFI_DROP,
9.1312,17,STA,WIFI_DROP,
9.1336,17,STA,WIFI_DROP,
9.136,17,STA,WIFI_DROP,
9.1384,17,STA,WIFI_DROP,
9.1408,17,STA,WIFI_DROP,
9.1432,17,STA,WIFI_DROP,
9.1456,17,STA,WIFI_DROP,
9.148,17,STA,WIFI_DROP,
9.1504,17,STA,WIFI_DROP,
9.1528,17,STA,WIFI_DROP,
9.1552,17,STA,WIFI_DROP,
9.1576,17,STA,WIFI_DROP,
9.16,17,STA,WIFI_DROP,
9.1624,17,STA,WIFI_DROP,
9.1648,17,STA,WIFI_DROP,
9.1672,17,STA,WIFI_DROP,
9.1696,17,STA,WIFI_DROP,
9.172,17,STA,WIFI_DROP,
9.1744,17,STA,WIFI_DROP,
9.1768,17,STA,WIFI_DROP,
9.1792,17,STA,WIFI_DROP,
9.1816,17,STA,WIFI_DROP,
9.184,17,STA,WIFI_DROP,
9.1864,17,STA,WIFI_DROP,
9.1888,17,STA,WIFI_DROP,
9.1912,17,STA,WIFI_DROP,
9.1936,17,STA,WIFI_DROP,
9.196,17,STA,WIFI_DROP,
9.1984,17,STA,WIFI_DROP,
9.2008,17,STA,WIFI_DROP,
9.2032,17,STA,WIFI_DROP,
9.2056,17,STA,WIFI_DROP,
9.208,17,STA,WIFI_DROP,
9.2104,17,STA,WIFI_DROP,
9.2128,17,STA,WIFI_DROP,
9.2152,17,STA,WIFI_DROP,
9.2176,17,STA,WIFI_DROP,
9.22,17,STA,WIFI_DROP,
9.2224,17,STA,WIFI_DROP,
9.2248,17,STA,WIFI_DROP,
9.2272,17,STA,WIFI_DROP,
9.2296,17,STA,WIFI_DROP,
9.232,17,STA,WIFI_DROP,
9.2344,17,STA,WIFI_DROP,
9.2368,17,STA,WIFI_DROP,
9.2392,17,STA,WIFI_DROP,
9.2416,17,STA,WIFI_DROP,
9.244,17,STA,WIFI_DROP,
9.2464,17,STA,WIFI_DROP,
9.2488,17,STA,WIFI_DROP,
9.2512,17,STA,WIFI_DROP,
9.2536,17,STA,WIFI_DROP,
9.256,17,STA,WIFI_DROP,
9.2584,17,STA,WIFI_DROP,
9.2608,17,STA,WIFI_DROP,
9.2632,17,STA,WIFI_DROP,
9.2656,17,STA,WIFI_DROP,
9.268,17,STA,WIFI_DROP,
9.2704,17,STA,WIFI_DROP,
9.2728,17,STA,WIFI_DROP,
9.2752,17,STA,WIFI_DROP,
9.2776,17,STA,WIFI_DROP,
9.28,17,STA,WIFI_DROP,
9.2824,17,STA,WIFI_DROP,
9.2848,17,STA,WIFI_DROP,
9.2872,17,STA,WIFI_DROP,
9.2896,17,STA,WIFI_DROP,
9.292,17,STA,WIFI_DROP,
9.2944,17,STA,WIFI_DROP,
9.2968,17,STA,WIFI_DROP,
9.2992,17,STA,WIFI_DROP,
9.3016,17,STA,WIFI_DROP,
9.304,17,STA,WIFI_DROP,
9.3064,17,STA,WIFI_DROP,
9.3088,17,STA,WIFI_DROP,
9.3112,17,STA,WIFI_DROP,
9.3136,17,STA,WIFI_DROP,
9.316,17,STA,WIFI_DROP,
9.3184,17,STA,WIFI_DROP,
9.3208,17,STA,WIFI_DROP,
9.3232,17,STA,WIFI_DROP,
9.3256,17,STA,WIFI_DROP,
9.328,17,STA,WIFI_DROP,
9.3304,17,STA,WIFI_DROP,
9.3328,17,STA,WIFI_DROP,
9.3352,17,STA,WIFI_DROP,
9.3376,17,STA,WIFI_DROP,
9.34,17,STA,WIFI_DROP,
9.3424,17,STA,WIFI_DROP,
9.3448,17,STA,WIFI_DROP,
9.3472,17,STA,WIFI_DROP,
9.3496,17,STA,WIFI_DROP,
9.352,17,STA,WIFI_DROP,
9.3544,17,STA,WIFI_DROP,
9.3568,17,STA,WIFI_DROP,
9.3592,17,STA,WIFI_DROP,
9.3616,17,STA,WIFI_DROP,
9.364,17,STA,WIFI_DROP,
9.3664,17,STA,WIFI_DROP,
9.3688,17,STA,WIFI_DROP,
9.3712,17,STA,WIFI_DROP,
9.5776,9,STA,WIFI_DROP,
9.58,9,STA,WIFI_DROP,
9.5824,9,STA,WIFI_DROP,
9.5848,9,STA,WIFI_DROP,
9.5872,9,STA,WIFI_DROP,
9.5896,9,STA,WIFI_DROP,
9.592,9,STA,WIFI_DROP,
9.5944,9,STA,WIFI_DROP,
9.5968,9,STA,WIFI_DROP,
9.5992,9,STA,WIFI_DROP,
9.6016,9,STA,WIFI_DROP,
9.604,9,STA,WIFI_DROP,
9.6064,9,STA,WIFI_DROP,
9.6088,9,STA,WIFI_DROP,
9.6112,9,STA,WIFI_DROP,
9.6136,9,STA,WIFI_DROP,
9.616,9,STA,WIFI_DROP,
9.6184,9,STA,WIFI_DROP,
9.6208,9,STA,WIFI_DROP,
9.6232,9,STA,WIFI_DROP,
9.6256,9,STA,WIFI_DROP,
9.628,9,STA,WIFI_DROP,
9.6304,9,STA,WIFI_DROP,
9.6328,9,STA,WIFI_DROP,
9.6352,9,STA,WIFI_DROP,
9.6376,9,STA,WIFI_DROP,
9.64,9,STA,WIFI_DROP,
9.6424,9,STA,WIFI_DROP,
9.6448,9,STA,WIFI_DROP,
9.6472,9,STA,WIFI_DROP,
9.6496,9,STA,WIFI_DROP,
9.652,9,STA,WIFI_DROP,
9.6544,9,STA,WIFI_DROP,
9.6568,9,STA,WIFI_DROP,
9.6592,9,STA,WIFI_DROP,
9.6616,9,STA,WIFI_DROP,
9.664,9,STA,WIFI_DROP,
9.6664,9,STA,WIFI_DROP,
9.6688,9,STA,WIFI_DROP,
9.6712,9,STA,WIFI_DROP,
9.6736,9,STA,WIFI_DROP,
9.676,9,STA,WIFI_DROP,
9.6784,9,STA,WIFI_DROP,
9.6808,9,STA,WIFI_DROP,
9.6832,9,STA,WIFI_DROP,
9.6856,9,STA,WIFI_DROP,
9.688,9,STA,WIFI_DROP,
9.6904,9,STA,WIFI_DROP,
9.6928,9,STA,WIFI_DROP,
9.6952,9,STA,WIFI_DROP,
9.6976,9,STA,WIFI_DROP,
9.7,9,STA,WIFI_DROP,
9.7024,9,STA,WIFI_DROP,
9.7048,9,STA,WIFI_DROP,
9.7072,9,STA,WIFI_DROP,
9.7096,9,STA,WIFI_DROP,
9.712,9,STA,WIFI_DROP,
9.7144,9,STA,WIFI_DROP,
9.7168,9,STA,WIFI_DROP,
9.7192,9,STA,WIFI_DROP,
9.7216,9,STA,WIFI_DROP,
9.724,9,STA,WIFI_DROP,
9.7264,3,STA,WIFI_DROP,
9.7264,9,STA,WIFI_DROP,
9.7288,3,STA,WIFI_DROP,
9.7288,9,STA,WIFI_DROP,
9.7312,3,STA,WIFI_DROP,
9.7312,9,STA,WIFI_DROP,
9.7336,3,STA,WIFI_DROP,
9.7336,9,STA,WIFI_DROP,
9.736,3,STA,WIFI_DROP,
9.736,9,STA,WIFI_DROP,
9.7384,3,STA,WIFI_DROP,
9.7384,7,STA,WIFI_DROP,
9.7384,9,STA,WIFI_DROP,
9.7408,3,STA,WIFI_DROP,
9.7408,7,STA,WIFI_DROP,
9.7408,9,STA,WIFI_DROP,
9.7432,3,STA,WIFI_DROP,
9.7432,7,STA,WIFI_DROP,
9.7432,9,STA,WIFI_DROP,
9.7456,3,STA,WIFI_DROP,
9.7456,7,STA,WIFI_DROP,
9.7456,9,STA,WIFI_DROP,
9.748,3,STA,WIFI_DROP,
9.748,7,STA,WIFI_DROP,
9.748,9,STA,WIFI_DROP,
9.7504,3,STA,WIFI_DROP,
9.7504,7,STA,WIFI_DROP,
9.7504,9,STA,WIFI_DROP,
9.7528,3,STA,WIFI_DROP,
9.7528,7,STA,WIFI_DROP,
9.7528,9,STA,WIFI_DROP,
9.7552,3,STA,WIFI_DROP,
9.7552,7,STA,WIFI_DROP,
9.7552,9,STA,WIFI_DROP,
9.7576,3,STA,WIFI_DROP,
9.7576,7,STA,WIFI_DROP,
9.7576,9,STA,WIFI_DROP,
9.76,3,STA,WIFI_DROP,
9.76,7,STA,WIFI_DROP,
9.76,9,STA,WIFI_DROP,
9.7624,3,STA,WIFI_DROP,
9.7624,7,STA,WIFI_DROP,
9.7624,9,STA,WIFI_DROP,
9.7648,3,STA,WIFI_DROP,
9.7648,7,STA,WIFI_DROP,
9.7648,9,STA,WIFI_DROP,
9.7672,3,STA,WIFI_DROP,
9.7672,7,STA,WIFI_DROP,
9.7672,9,STA,WIFI_DROP,
9.7696,3,STA,WIFI_DROP,
9.7696,7,STA,WIFI_DROP,
9.7696,9,STA,WIFI_DROP,
9.772,3,STA,WIFI_DROP,
9.772,7,STA,WIFI_DROP,
9.772,9,STA,WIFI_DROP,
9.7744,3,STA,WIFI_DROP,
9.7744,7,STA,WIFI_DROP,
9.7744,9,STA,WIFI_DROP,
9.7768,3,STA,WIFI_DROP,
9.7768,7,STA,WIFI_DROP,
9.7768,9,STA,WIFI_DROP,
9.7792,3,STA,WIFI_DROP,
9.7792,7,STA,WIFI_DROP,
9.7792,9,STA,WIFI_DROP,
9.7816,3,STA,WIFI_DROP,
9.7816,7,STA,WIFI_DROP,
9.784,3,STA,WIFI_DROP,
9.784,7,STA,WIFI_DROP,
9.7864,3,STA,WIFI_DROP,
9.7864,7,STA,WIFI_DROP,
9.7888,3,STA,WIFI_DROP,
9.7888,7,STA,WIFI_DROP,
9.7912,3,STA,WIFI_DROP,
9.7912,7,STA,WIFI_DROP,
9.7936,3,STA,WIFI_DROP,
9.7936,7,STA,WIFI_DROP,
9.796,3,STA,WIFI_DROP,
9.796,7,STA,WIFI_DROP,
9.7984,3,STA,WIFI_DROP,
9.7984,7,STA,WIFI_DROP,
9.8008,3,STA,WIFI_DROP,
9.8008,7,STA,WIFI_DROP,
9.8032,3,STA,WIFI_DROP,
9.8032,7,STA,WIFI_DROP,
9.8056,3,STA,WIFI_DROP,
9.8056,7,STA,WIFI_DROP,
9.808,3,STA,WIFI_DROP,
9.808,7,STA,WIFI_DROP,
9.8104,3,STA,WIFI_DROP,
9.8104,7,STA,WIFI_DROP,
9.8128,3,STA,WIFI_DROP,
9.8128,7,STA,WIFI_DROP,
9.8152,3,STA,WIFI_DROP,
9.8152,7,STA,WIFI_DROP,
9.8176,3,STA,WIFI_DROP,
9.8176,7,STA,WIFI_DROP,
9.82,3,STA,WIFI_DROP,
9.82,7,STA,WIFI_DROP,
9.8224,3,STA,WIFI_DROP,
9.8224,7,STA,WIFI_DROP,
9.8248,3,STA,WIFI_DROP,
9.8248,7,STA,WIFI_DROP,
9.8272,3,STA,WIFI_DROP,
9.8272,7,STA,WIFI_DROP,
9.8296,3,STA,WIFI_DROP,
9.8296,7,STA,WIFI_DROP,
9.832,3,STA,WIFI_DROP,
9.832,7,STA,WIFI_DROP,
9.8344,3,STA,WIFI_DROP,
9.8344,7,STA,WIFI_DROP,
9.8368,3,STA,WIFI_DROP,
9.8368,7,STA,WIFI_DROP,
9.8392,3,STA,WIFI_DROP,
9.8392,7,STA,WIFI_DROP,
9.8416,3,STA,WIFI_DROP,
9.844,3,STA,WIFI_DROP,
9.8464,3,STA,WIFI_DROP,
9.8488,3,STA,WIFI_DROP,
9.8512,3,STA,WIFI_DROP,
9.8536,3,STA,WIFI_DROP,
9.856,3,STA,WIFI_DROP,
9.8584,3,STA,WIFI_DROP,
9.8608,3,STA,WIFI_DROP,
9.8632,3,STA,WIFI_DROP,
9.8656,3,STA,WIFI_DROP,
9.868,3,STA,WIFI_DROP,
9.8704,3,STA,WIFI_DROP,
9.8728,3,STA,WIFI_DROP,
9.8752,3,STA,WIFI_DROP,
9.8776,3,STA,WIFI_DROP,
9.88,3,STA,WIFI_DROP,
9.8824,3,STA,WIFI_DROP,
9.8848,3,STA,WIFI_DROP,
9.8872,3,STA,WIFI_DROP,
9.8896,3,STA,WIFI_DROP,
9.892,3,STA,WIFI_DROP,
9.8944,3,STA,WIFI_DROP,
9.8968,3,STA,WIFI_DROP,
9.8992,3,STA,WIFI_DROP,
9.9016,3,STA,WIFI_DROP,
9.904,3,STA,WIFI_DROP,
9.9064,3,STA,WIFI_DROP,
9.9088,3,STA,WIFI_DROP,
9.9112,3,STA,WIFI_DROP,
9.9136,3,STA,WIFI_DROP,
9.916,3,STA,WIFI_DROP,
9.9184,3,STA,WIFI_DROP,
9.9208,3,STA,WIFI_DROP,
9.9232,3,STA,WIFI_DROP,
9.9256,3,STA,WIFI_DROP,
9.928,3,STA,WIFI_DROP,
9.9304,3,STA,WIFI_DROP,
9.9328,3,STA,WIFI_DROP,
9.9352,3,STA,WIFI_DROP,
9.9376,3,STA,WIFI_DROP,
9.94,3,STA,WIFI_DROP,
9.9424,3,STA,WIFI_DROP,
9.9448,3,STA,WIFI_DROP,
9.9472,3,STA,WIFI_DROP,
9.9496,3,STA,WIFI_DROP,
9.952,3,STA,WIFI_DROP,
9.9544,3,STA,WIFI_DROP,
9.9568,3,STA,WIFI_DROP,
9.9592,3,STA,WIFI_DROP,
9.9616,3,STA,WIFI_DROP,
9.964,3,STA,WIFI_DROP,
9.9664,3,STA,WIFI_DROP,
9.9688,3,STA,WIFI_DROP,
9.9712,3,STA,WIFI_DROP,
9.9736,3,STA,WIFI_DROP,
9.976,3,STA,WIFI_DROP,
9.9784,3,STA,WIFI_DROP,
9.9808,3,STA,WIFI_DROP,
9.9832,3,STA,WIFI_DROP,
9.9856,3,STA,WIFI_DROP,
9.988,3,STA,WIFI_DROP,
9.9904,3,STA,WIFI_DROP,
9.9928,3,STA,WIFI_DROP,
9.9952,3,STA,WIFI_DROP,
9.9976,3,STA,WIFI_DROP,
10,2,STA,THROUGHPUT_MBPS,0.480000
10,3,STA,THROUGHPUT_MBPS,1.176000
10,4,STA,THROUGHPUT_MBPS,2.328000
10,5,STA,THROUGHPUT_MBPS,1.764000
10,7,STA,THROUGHPUT_MBPS,2.460000
10,8,STA,THROUGHPUT_MBPS,0.564000
10,13,STA,THROUGHPUT_MBPS,1.968000
10,15,STA,THROUGHPUT_MBPS,1.608000
10,18,STA,THROUGHPUT_MBPS,1.992000
10,20,STA,THROUGHPUT_MBPS,0.900000
10,21,STA,THROUGHPUT_MBPS,2.088000
10,1,AP,AGGREGATE_THROUGHPUT_MBPS,17.328000
10,1,AP,SENT_COUNT,8320.000000
10,1,AP,RECV_COUNT,1444.000000
10,1,AP,LATENCY_P95_MS,534.716644
10,3,STA,WIFI_DROP,
10.0024,3,STA,WIFI_DROP,
10.0048,3,STA,WIFI_DROP,
10.0072,3,STA,WIFI_DROP,
10.0096,3,STA,WIFI_DROP,
10.012,3,STA,WIFI_DROP,
10.0144,3,STA,WIFI_DROP,
10.0168,3,STA,WIFI_DROP,
10.0192,3,STA,WIFI_DROP,
10.0216,3,STA,WIFI_DROP,
10.024,3,STA,WIFI_DROP,
10.0264,3,STA,WIFI_DROP,
10.0288,3,STA,WIFI_DROP,
10.0312,3,STA,WIFI_DROP,
10.0336,3,STA,WIFI_DROP,
10.036,3,STA,WIFI_DROP,
10.0384,3,STA,WIFI_DROP,
10.0408,3,STA,WIFI_DROP,
10.0432,3,STA,WIFI_DROP,
10.0456,3,STA,WIFI_DROP,
10.048,3,STA,WIFI_DROP,
10.048,13,STA,WIFI_DROP,
10.048,14,STA,WIFI_DROP,
10.0504,3,STA,WIFI_DROP,
10.0504,13,STA,WIFI_DROP,
10.0504,14,STA,WIFI_DROP,
10.0528,3,STA,WIFI_DROP,
10.0528,13,STA,WIFI_DROP,
10.0528,14,STA,WIFI_DROP,
10.0552,3,STA,WIFI_DROP,
10.0552,13,STA,WIFI_DROP,
10.0552,14,STA,WIFI_DROP,
10.0576,3,STA,WIFI_DROP,
10.0576,13,STA,WIFI_DROP,
10.0576,14,STA,WIFI_DROP,
10.06,3,STA,WIFI_DROP,
10.06,13,STA,WIFI_DROP,
10.06,14,STA,WIFI_DROP,
10.0624,3,STA,WIFI_DROP,
10.0624,13,STA,WIFI_DROP,
10.0624,14,STA,WIFI_DROP,
10.0648,3,STA,WIFI_DROP,
10.0648,13,STA,WIFI_DROP,
10.0648,14,STA,WIFI_DROP,
10.0672,3,STA,WIFI_DROP,
10.0672,13,STA,WIFI_DROP,
10.0672,14,STA,WIFI_DROP,
10.0696,3,STA,WIFI_DROP,
10.0696,13,STA,WIFI_DROP,
10.0696,14,STA,WIFI_DROP,
10.072,3,STA,WIFI_DROP,
10.072,13,STA,WIFI_DROP,
10.072,14,STA,WIFI_DROP,
10.0744,3,STA,WIFI_DROP,
10.0744,13,STA,WIFI_DROP,
10.0744,14,STA,WIFI_DROP,
10.0768,3,STA,WIFI_DROP,
10.0768,13,STA,WIFI_DROP,
10.0768,14,STA,WIFI_DROP,
10.0792,3,STA,WIFI_DROP,
10.0792,13,STA,WIFI_DROP,
10.0792,14,STA,WIFI_DROP,
10.0816,3,STA,WIFI_DROP,
10.0816,13,STA,WIFI_DROP,
10.0816,14,STA,WIFI_DROP,
10.084,3,STA,WIFI_DROP,
10.084,13,STA,WIFI_DROP,
10.084,14,STA,WIFI_DROP,
10.0864,3,STA,WIFI_DROP,
10.0864,13,STA,WIFI_DROP,
10.0864,14,STA,WIFI_DROP,
10.0888,3,STA,WIFI_DROP,
10.0888,13,STA,WIFI_DROP,
10.0888,14,STA,WIFI_DROP,
10.0912,3,STA,WIFI_DROP,
10.0912,13,STA,WIFI_DROP,
10.0912,14,STA,WIFI_DROP,
10.0936,3,STA,WIFI_DROP,
10.0936,13,STA,WIFI_DROP,
10.0936,14,STA,WIFI_DROP,
10.096,3,STA,WIFI_DROP,
10.096,13,STA,WIFI_DROP,
10.096,14,STA,WIFI_DROP,
10.0984,3,STA,WIFI_DROP,
10.0984,13,STA,WIFI_DROP,
10.0984,14,STA,WIFI_DROP,
10.1008,3,STA,WIFI_DROP,
10.1008,13,STA,WIFI_DROP,
10.1008,14,STA,WIFI_DROP,
10.1032,3,STA,WIFI_DROP,
10.1032,13,STA,WIFI_DROP,
10.1032,14,STA,WIFI_DROP,
10.1056,3,STA,WIFI_DROP,
10.1056,13,STA,WIFI_DROP,
10.1056,14,STA,WIFI_DROP,
10.108,3,STA,WIFI_DROP,
10.108,13,STA,WIFI_DROP,
10.108,14,STA,WIFI_DROP,
10.1104,3,STA,WIFI_DROP,
10.1104,13,STA,WIFI_DROP,
10.1104,14,STA,WIFI_DROP,
10.1128,3,STA,WIFI_DROP,
10.1128,13,STA,WIFI_DROP,
10.1128,14,STA,WIFI_DROP,
10.1152,3,STA,WIFI_DROP,
10.1152,13,STA,WIFI_DROP,
10.1152,14,STA,WIFI_DROP,
10.1176,3,STA,WIFI_DROP,
10.1176,13,STA,WIFI_DROP,
10.1176,14,STA,WIFI_DROP,
10.12,3,STA,WIFI_DROP,
10.12,13,STA,WIFI_DROP,
10.12,14,STA,WIFI_DROP,
10.1224,3,STA,WIFI_DROP,
10.1224,13,STA,WIFI_DROP,
10.1224,14,STA,WIFI_DROP,
10.1248,3,STA,WIFI_DROP,
10.1248,13,STA,WIFI_DROP,
10.1248,14,STA,WIFI_DROP,
10.1272,3,STA,WIFI_DROP,
10.1272,13,STA,WIFI_DROP,
10.1272,14,STA,WIFI_DROP,
10.1296,3,STA,WIFI_DROP,
10.1296,13,STA,WIFI_DROP,
10.1296,14,STA,WIFI_DROP,
10.132,3,STA,WIFI_DROP,
10.132,13,STA,WIFI_DROP,
10.132,14,STA,WIFI_DROP,
10.1344,3,STA,WIFI_DROP,
10.1344,13,STA,WIFI_DROP,
10.1344,14,STA,WIFI_DROP,
10.1368,3,STA,WIFI_DROP,
10.1368,13,STA,WIFI_DROP,
10.1368,14,STA,WIFI_DROP,
10.1392,3,STA,WIFI_DROP,
10.1392,13,STA,WIFI_DROP,
10.1392,14,STA,WIFI_DROP,
10.1416,3,STA,WIFI_DROP,
10.1416,13,STA,WIFI_DROP,
10.1416,14,STA,WIFI_DROP,
10.144,3,STA,WIFI_DROP,
10.144,13,STA,WIFI_DROP,
10.144,14,STA,WIFI_DROP,
10.1464,3,STA,WIFI_DROP,
10.1464,13,STA,WIFI_DROP,
10.1464,14,STA,WIFI_DROP,
10.1488,3,STA,WIFI_DROP,
10.1488,13,STA,WIFI_DROP,
10.1488,14,STA,WIFI_DROP,
10.1512,3,STA,WIFI_DROP,
10.1512,13,STA,WIFI_DROP,
10.1512,14,STA,WIFI_DROP,
10.1536,3,STA,WIFI_DROP,
10.1536,13,STA,WIFI_DROP,
10.1536,14,STA,WIFI_DROP,
10.156,3,STA,WIFI_DROP,
10.156,13,STA,WIFI_DROP,
10.156,14,STA,WIFI_DROP,
10.1584,3,STA,WIFI_DROP,
10.1584,13,STA,WIFI_DROP,
10.1584,14,STA,WIFI_DROP,
10.1608,3,STA,WIFI_DROP,
10.1608,13,STA,WIFI_DROP,
10.1608,14,STA,WIFI_DROP,
10.1632,3,STA,WIFI_DROP,
10.1632,13,STA,WIFI_DROP,
10.1632,14,STA,WIFI_DROP,
10.1656,3,STA,WIFI_DROP,
10.1656,13,STA,WIFI_DROP,
10.1656,14,STA,WIFI_DROP,
10.168,3,STA,WIFI_DROP,
10.168,13,STA,WIFI_DROP,
10.168,14,STA,WIFI_DROP,
10.1704,3,STA,WIFI_DROP,
10.1704,13,STA,WIFI_DROP,
10.1704,14,STA,WIFI_DROP,
10.1728,3,STA,WIFI_DROP,
10.1728,13,STA,WIFI_DROP,
10.1728,14,STA,WIFI_DROP,
10.1752,3,STA,WIFI_DROP,
10.1752,13,STA,WIFI_DROP,
10.1752,14,STA,WIFI_DROP,
10.1776,3,STA,WIFI_DROP,
10.1776,13,STA,WIFI_DROP,
10.1776,14,STA,WIFI_DROP,
10.18,3,STA,WIFI_DROP,
10.18,13,STA,WIFI_DROP,
10.18,14,STA,WIFI_DROP,
10.1824,3,STA,WIFI_DROP,
10.1824,13,STA,WIFI_DROP,
10.1824,14,STA,WIFI_DROP,
10.1848,3,STA,WIFI_DROP,
10.1848,13,STA,WIFI_DROP,
10.1848,14,STA,WIFI_DROP,
10.1872,3,STA,WIFI_DROP,
10.1872,13,STA,WIFI_DROP,
10.1872,14,STA,WIFI_DROP,
10.1896,3,STA,WIFI_DROP,
10.1896,13,STA,WIFI_DROP,
10.1896,14,STA,WIFI_DROP,
10.192,3,STA,WIFI_DROP,
10.192,13,STA,WIFI_DROP,
10.192,14,STA,WIFI_DROP,
10.1944,3,STA,WIFI_DROP,
10.1944,13,STA,WIFI_DROP,
10.1944,14,STA,WIFI_DROP,
10.1968,3,STA,WIFI_DROP,
10.1968,13,STA,WIFI_DROP,
10.1968,14,STA,WIFI_DROP,
10.1992,3,STA,WIFI_DROP,
10.1992,13,STA,WIFI_DROP,
10.1992,14,STA,WIFI_DROP,
10.2016,3,STA,WIFI_DROP,
10.2016,13,STA,WIFI_DROP,
10.2016,14,STA,WIFI_DROP,
10.204,3,STA,WIFI_DROP,
10.204,13,STA,WIFI_DROP,
10.204,14,STA,WIFI_DROP,
10.2064,3,STA,WIFI_DROP,
10.2064,13,STA,WIFI_DROP,
10.2064,14,STA,WIFI_DROP,
10.2088,3,STA,WIFI_DROP,
10.2088,13,STA,WIFI_DROP,
10.2088,14,STA,WIFI_DROP,
10.2112,3,STA,WIFI_DROP,
10.2112,13,STA,WIFI_DROP,
10.2112,14,STA,WIFI_DROP,
10.2136,3,STA,WIFI_DROP,
10.2136,13,STA,WIFI_DROP,
10.2136,14,STA,WIFI_DROP,
10.216,3,STA,WIFI_DROP,
10.216,13,STA,WIFI_DROP,
10.216,14,STA,WIFI_DROP,
10.2184,3,STA,WIFI_DROP,
10.2184,13,STA,WIFI_DROP,
10.2184,14,STA,WIFI_DROP,
10.2208,3,STA,WIFI_DROP,
10.2208,13,STA,WIFI_DROP,
10.2208,14,STA,WIFI_DROP,
10.2232,3,STA,WIFI_DROP,
10.2232,13,STA,WIFI_DROP,
10.2232,14,STA,WIFI_DROP,
10.2256,3,STA,WIFI_DROP,
10.2256,13,STA,WIFI_DROP,
10.2256,14,STA,WIFI_DROP,
10.228,3,STA,WIFI_DROP,
10.228,13,STA,WIFI_DROP,
10.228,14,STA,WIFI_DROP,
10.2304,3,STA,WIFI_DROP,
10.2304,13,STA,WIFI_DROP,
10.2304,14,STA,WIFI_DROP,
10.2328,3,STA,WIFI_DROP,
10.2328,13,STA,WIFI_DROP,
10.2328,14,STA,WIFI_DROP,
10.2352,3,STA,WIFI_DROP,
10.2352,13,STA,WIFI_DROP,
10.2352,14,STA,WIFI_DROP,
10.2376,3,STA,WIFI_DROP,
10.2376,13,STA,WIFI_DROP,
10.2376,14,STA,WIFI_DROP,
10.24,3,STA,WIFI_DROP,
10.24,13,STA,WIFI_DROP,
10.24,14,STA,WIFI_DROP,
10.2424,3,STA,WIFI_DROP,
10.2424,13,STA,WIFI_DROP,
10.2424,14,STA,WIFI_DROP,
10.2448,3,STA,WIFI_DROP,
10.2448,13,STA,WIFI_DROP,
10.2448,14,STA,WIFI_DROP,
10.2472,3,STA,WIFI_DROP,
10.2472,13,STA,WIFI_DROP,
10.2472,14,STA,WIFI_DROP,
10.2496,3,STA,WIFI_DROP,
10.2496,13,STA,WIFI_DROP,
10.2496,14,STA,WIFI_DROP,
10.252,3,STA,WIFI_DROP,
10.252,13,STA,WIFI_DROP,
10.252,14,STA,WIFI_DROP,
10.2544,3,STA,WIFI_DROP,
10.2544,13,STA,WIFI_DROP,
10.2544,14,STA,WIFI_DROP,
10.2568,3,STA,WIFI_DROP,
10.2568,13,STA,WIFI_DROP,
10.2568,14,STA,WIFI_DROP,
10.2592,3,STA,WIFI_DROP,
10.2592,13,STA,WIFI_DROP,
10.2592,14,STA,WIFI_DROP,
10.2616,3,STA,WIFI_DROP,
10.2616,13,STA,WIFI_DROP,
10.2616,14,STA,WIFI_DROP,
10.264,3,STA,WIFI_DROP,
10.264,13,STA,WIFI_DROP,
10.264,14,STA,WIFI_DROP,
10.2664,3,STA,WIFI_DROP,
10.2664,13,STA,WIFI_DROP,
10.2664,14,STA,WIFI_DROP,
10.2688,3,STA,WIFI_DROP,
10.2688,13,STA,WIFI_DROP,
10.2688,14,STA,WIFI_DROP,
10.2712,3,STA,WIFI_DROP,
10.2712,13,STA,WIFI_DROP,
10.2712,14,STA,WIFI_DROP,
10.2736,3,STA,WIFI_DROP,
10.2736,13,STA,WIFI_DROP,
10.2736,14,STA,WIFI_DROP,
10.276,3,STA,WIFI_DROP,
10.276,13,STA,WIFI_DROP,
10.276,14,STA,WIFI_DROP,
10.2784,3,STA,WIFI_DROP,
10.2784,13,STA,WIFI_DROP,
10.2784,14,STA,WIFI_DROP,
10.2808,13,STA,WIFI_DROP,
10.2808,14,STA,WIFI_DROP,
10.2832,13,STA,WIFI_DROP,
10.2832,14,STA,WIFI_DROP,
10.2856,13,STA,WIFI_DROP,
10.2856,14,STA,WIFI_DROP,
10.288,13,STA,WIFI_DROP,
10.288,14,STA,WIFI_DROP,
10.2904,13,STA,WIFI_DROP,
10.2904,14,STA,WIFI_DROP,
10.2928,13,STA,WIFI_DROP,
10.2928,14,STA,WIFI_DROP,
10.2952,13,STA,WIFI_DROP,
10.2952,14,STA,WIFI_DROP,
10.2976,13,STA,WIFI_DROP,
10.2976,14,STA,WIFI_DROP,
10.3,13,STA,WIFI_DROP,
10.3,14,STA,WIFI_DROP,
10.3024,13,STA,WIFI_DROP,
10.3024,14,STA,WIFI_DROP,
10.3048,13,STA,WIFI_DROP,
10.3048,14,STA,WIFI_DROP,
10.3072,13,STA,WIFI_DROP,
10.3072,14,STA,WIFI_DROP,
10.3096,13,STA,WIFI_DROP,
10.3096,14,STA,WIFI_DROP,
10.312,13,STA,WIFI_DROP,
10.312,14,STA,WIFI_DROP,
10.3144,13,STA,WIFI_DROP,
10.3144,14,STA,WIFI_DROP,
10.3168,13,STA,WIFI_DROP,
10.3168,14,STA,WIFI_DROP,
10.3192,13,STA,WIFI_DROP,
10.3192,14,STA,WIFI_DROP,
10.3216,13,STA,WIFI_DROP,
10.3216,14,STA,WIFI_DROP,
10.324,13,STA,WIFI_DROP,
10.324,14,STA,WIFI_DROP,
10.3264,13,STA,WIFI_DROP,
10.3264,14,STA,WIFI_DROP,
10.3288,13,STA,WIFI_DROP,
10.3288,14,STA,WIFI_DROP,
10.3312,13,STA,WIFI_DROP,
10.3312,14,STA,WIFI_DROP,
10.3336,13,STA,WIFI_DROP,
10.3336,14,STA,WIFI_DROP,
10.336,13,STA,WIFI_DROP,
10.336,14,STA,WIFI_DROP,
10.3384,13,STA,WIFI_DROP,
10.3384,14,STA,WIFI_DROP,
10.3408,13,STA,WIFI_DROP,
10.3408,14,STA,WIFI_DROP,
10.3432,13,STA,WIFI_DROP,
10.3432,14,STA,WIFI_DROP,
10.3456,13,STA,WIFI_DROP,
10.3456,14,STA,WIFI_DROP,
10.348,13,STA,WIFI_DROP,
10.348,14,STA,WIFI_DROP,
10.3504,13,STA,WIFI_DROP,
10.3504,14,STA,WIFI_DROP,
10.3528,13,STA,WIFI_DROP,
10.3528,14,STA,WIFI_DROP,
10.3552,13,STA,WIFI_DROP,
10.3552,14,STA,WIFI_DROP,
10.3576,13,STA,WIFI_DROP,
10.3576,14,STA,WIFI_DROP,
10.36,13,STA,WIFI_DROP,
10.36,14,STA,WIFI_DROP,
10.3624,13,STA,WIFI_DROP,
10.3624,14,STA,WIFI_DROP,
10.3648,13,STA,WIFI_DROP,
10.3648,14,STA,WIFI_DROP,
10.3672,13,STA,WIFI_DROP,
10.3672,14,STA,WIFI_DROP,
10.3696,13,STA,WIFI_DROP,
10.3696,14,STA,WIFI_DROP,
10.372,13,STA,WIFI_DROP,
10.372,14,STA,WIFI_DROP,
10.3744,13,STA,WIFI_DROP,
10.3744,14,STA,WIFI_DROP,
10.3768,13,STA,WIFI_DROP,
10.3768,14,STA,WIFI_DROP,
10.3792,13,STA,WIFI_DROP,
10.3792,14,STA,WIFI_DROP,
10.3816,13,STA,WIFI_DROP,
10.3816,14,STA,WIFI_DROP,
10.384,13,STA,WIFI_DROP,
10.384,14,STA,WIFI_DROP,
10.3864,13,STA,WIFI_DROP,
10.3864,14,STA,WIFI_DROP,
10.3888,13,STA,WIFI_DROP,
10.3888,14,STA,WIFI_DROP,
10.3912,13,STA,WIFI_DROP,
10.3912,14,STA,WIFI_DROP,
10.3936,13,STA,WIFI_DROP,
10.3936,14,STA,WIFI_DROP,
10.396,13,STA,WIFI_DROP,
10.396,14,STA,WIFI_DROP,
10.3984,13,STA,WIFI_DROP,
10.3984,14,STA,WIFI_DROP,
10.4008,13,STA,WIFI_DROP,
10.4008,14,STA,WIFI_DROP,
10.4032,13,STA,WIFI_DROP,
10.4032,14,STA,WIFI_DROP,
10.4056,13,STA,WIFI_DROP,
10.4056,14,STA,WIFI_DROP,
10.408,13,STA,WIFI_DROP,
10.408,14,STA,WIFI_DROP,
10.4104,13,STA,WIFI_DROP,
10.4104,14,STA,WIFI_DROP,
10.4128,13,STA,WIFI_DROP,
10.4128,14,STA,WIFI_DROP,
10.4152,13,STA,WIFI_DROP,
10.4152,14,STA,WIFI_DROP,
10.4176,13,STA,WIFI_DROP,
10.4176,14,STA,WIFI_DROP,
10.42,13,STA,WIFI_DROP,
10.42,14,STA,WIFI_DROP,
10.4224,13,STA,WIFI_DROP,
10.4224,14,STA,WIFI_DROP,
10.4248,13,STA,WIFI_DROP,
10.4248,14,STA,WIFI_DROP,
10.4272,13,STA,WIFI_DROP,
10.4272,14,STA,WIFI_DROP,
10.4296,13,STA,WIFI_DROP,
10.4296,14,STA,WIFI_DROP,
10.432,13,STA,WIFI_DROP,
10.432,14,STA,WIFI_DROP,
10.4344,13,STA,WIFI_DROP,
10.4344,14,STA,WIFI_DROP,
10.4368,13,STA,WIFI_DROP,
10.4368,14,STA,WIFI_DROP,
10.4392,13,STA,WIFI_DROP,
10.4392,14,STA,WIFI_DROP,
10.4416,13,STA,WIFI_DROP,
10.4416,14,STA,WIFI_DROP,
10.444,13,STA,WIFI_DROP,
10.444,14,STA,WIFI_DROP,
10.4464,13,STA,WIFI_DROP,
10.4464,14,STA,WIFI_DROP,
10.4488,13,STA,WIFI_DROP,
10.4488,14,STA,WIFI_DROP,
10.4512,13,STA,WIFI_DROP,
10.4512,14,STA,WIFI_DROP,
10.4536,13,STA,WIFI_DROP,
10.4536,14,STA,WIFI_DROP,
10.456,13,STA,WIFI_DROP,
10.456,14,STA,WIFI_DROP,
10.4584,13,STA,WIFI_DROP,
10.4584,14,STA,WIFI_DROP,
10.4608,13,STA,WIFI_DROP,
10.4608,14,STA,WIFI_DROP,
10.4632,13,STA,WIFI_DROP,
10.4632,14,STA,WIFI_DROP,
10.4656,13,STA,WIFI_DROP,
10.4656,14,STA,WIFI_DROP,
10.468,13,STA,WIFI_DROP,
10.468,14,STA,WIFI_DROP,
10.4704,13,STA,WIFI_DROP,
10.4704,14,STA,WIFI_DROP,
10.4728,13,STA,WIFI_DROP,
10.4728,14,STA,WIFI_DROP,
10.4752,13,STA,WIFI_DROP,
10.4752,14,STA,WIFI_DROP,
10.4776,13,STA,WIFI_DROP,
10.4776,14,STA,WIFI_DROP,
10.48,13,STA,WIFI_DROP,
10.48,14,STA,WIFI_DROP,
10.4824,13,STA,WIFI_DROP,
10.4824,14,STA,WIFI_DROP,
10.4848,13,STA,WIFI_DROP,
10.4848,14,STA,WIFI_DROP,
10.4872,13,STA,WIFI_DROP,
10.4872,14,STA,WIFI_DROP,
10.4896,13,STA,WIFI_DROP,
10.4896,14,STA,WIFI_DROP,
10.492,13,STA,WIFI_DROP,
10.492,14,STA,WIFI_DROP,
10.4944,13,STA,WIFI_DROP,
10.4944,14,STA,WIFI_DROP,
10.4968,13,STA,WIFI_DROP,
10.4968,14,STA,WIFI_DROP,
10.4992,13,STA,WIFI_DROP,
10.4992,14,STA,WIFI_DROP,
10.5016,13,STA,WIFI_DROP,
10.5016,14,STA,WIFI_DROP,
10.504,13,STA,WIFI_DROP,
10.504,14,STA,WIFI_DROP,
10.5064,13,STA,WIFI_DROP,
10.5064,14,STA,WIFI_DROP,
10.5088,13,STA,WIFI_DROP,
10.5088,14,STA,WIFI_DROP,
10.5112,13,STA,WIFI_DROP,
10.5112,14,STA,WIFI_DROP,
10.5136,13,STA,WIFI_DROP,
10.5136,14,STA,WIFI_DROP,
10.516,13,STA,WIFI_DROP,
10.516,14,STA,WIFI_DROP,
10.5184,13,STA,WIFI_DROP,
10.5184,14,STA,WIFI_DROP,
10.5208,13,STA,WIFI_DROP,
10.5208,14,STA,WIFI_DROP,
10.5232,13,STA,WIFI_DROP,
10.5232,14,STA,WIFI_DROP,
10.5256,13,STA,WIFI_DROP,
10.5256,14,STA,WIFI_DROP,
10.528,13,STA,WIFI_DROP,
10.528,14,STA,WIFI_DROP,
10.5304,13,STA,WIFI_DROP,
10.5304,14,STA,WIFI_DROP,
10.5328,13,STA,WIFI_DROP,
10.5328,14,STA,WIFI_DROP,
10.5352,13,STA,WIFI_DROP,
10.5352,14,STA,WIFI_DROP,
10.5376,13,STA,WIFI_DROP,
10.5376,14,STA,WIFI_DROP,
10.54,13,STA,WIFI_DROP,
10.54,14,STA,WIFI_DROP,
10.5424,13,STA,WIFI_DROP,
10.5424,14,STA,WIFI_DROP,
10.5448,13,STA,WIFI_DROP,
10.5448,14,STA,WIFI_DROP,
10.5472,13,STA,WIFI_DROP,
10.5472,14,STA,WIFI_DROP,
10.5496,13,STA,WIFI_DROP,
10.5496,14,STA,WIFI_DROP,
10.552,13,STA,WIFI_DROP,
10.552,14,STA,WIFI_DROP,
10.5544,13,STA,WIFI_DROP,
10.5544,14,STA,WIFI_DROP,
10.5568,13,STA,WIFI_DROP,
10.5568,14,STA,WIFI_DROP,
10.5592,13,STA,WIFI_DROP,
10.5592,14,STA,WIFI_DROP,
10.5616,13,STA,WIFI_DROP,
10.5616,14,STA,WIFI_DROP,
10.564,13,STA,WIFI_DROP,
10.564,14,STA,WIFI_DROP,
10.5664,13,STA,WIFI_DROP,
10.5664,14,STA,WIFI_DROP,
10.5688,13,STA,WIFI_DROP,
10.5688,14,STA,WIFI_DROP,
10.5712,13,STA,WIFI_DROP,
10.5712,14,STA,WIFI_DROP,
10.5736,13,STA,WIFI_DROP,
10.5736,14,STA,WIFI_DROP,
10.576,13,STA,WIFI_DROP,
10.576,14,STA,WIFI_DROP,
10.5784,13,STA,WIFI_DROP,
10.5784,14,STA,WIFI_DROP,
10.5808,13,STA,WIFI_DROP,
10.5808,14,STA,WIFI_DROP,
10.5832,13,STA,WIFI_DROP,
10.5832,14,STA,WIFI_DROP,
10.5856,13,STA,WIFI_DROP,
10.5856,14,STA,WIFI_DROP,
10.588,13,STA,WIFI_DROP,
10.588,14,STA,WIFI_DROP,
10.5904,13,STA,WIFI_DROP,
10.5904,14,STA,WIFI_DROP,
10.5928,13,STA,WIFI_DROP,
10.5928,14,STA,WIFI_DROP,
10.5952,13,STA,WIFI_DROP,
10.5952,14,STA,WIFI_DROP,
10.5976,13,STA,WIFI_DROP,
10.5976,14,STA,WIFI_DROP,
10.6,13,STA,WIFI_DROP,
10.6024,13,STA,WIFI_DROP,
10.6048,13,STA,WIFI_DROP,
10.6072,13,STA,WIFI_DROP,
10.6096,13,STA,WIFI_DROP,
10.612,13,STA,WIFI_DROP,
10.6144,13,STA,WIFI_DROP,
10.6168,13,STA,WIFI_DROP,
10.6192,13,STA,WIFI_DROP,
10.6216,13,STA,WIFI_DROP,
10.624,13,STA,WIFI_DROP,
10.6264,13,STA,WIFI_DROP,
10.6288,13,STA,WIFI_DROP,
10.6312,13,STA,WIFI_DROP,
10.6336,13,STA,WIFI_DROP,
10.636,13,STA,WIFI_DROP,
10.6384,13,STA,WIFI_DROP,
10.6408,13,STA,WIFI_DROP,
10.6432,13,STA,WIFI_DROP,
10.6456,13,STA,WIFI_DROP,
10.648,13,STA,WIFI_DROP,
10.6504,13,STA,WIFI_DROP,
10.6528,13,STA,WIFI_DROP,
10.6552,13,STA,WIFI_DROP,
10.6576,13,STA,WIFI_DROP,
10.66,13,STA,WIFI_DROP,
10.6624,13,STA,WIFI_DROP,
10.6648,13,STA,WIFI_DROP,
10.6672,13,STA,WIFI_DROP,
10.6696,13,STA,WIFI_DROP,
10.672,13,STA,WIFI_DROP,
10.6744,13,STA,WIFI_DROP,
10.6768,13,STA,WIFI_DROP,
10.6792,13,STA,WIFI_DROP,
10.6816,13,STA,WIFI_DROP,
10.684,13,STA,WIFI_DROP,
10.6864,13,STA,WIFI_DROP,
10.6888,13,STA,WIFI_DROP,
10.6912,13,STA,WIFI_DROP,
10.6936,13,STA,WIFI_DROP,
10.696,13,STA,WIFI_DROP,
10.6984,13,STA,WIFI_DROP,
10.7008,13,STA,WIFI_DROP,
10.7032,13,STA,WIFI_DROP,
10.7056,13,STA,WIFI_DROP,
10.708,13,STA,WIFI_DROP,
10.7104,13,STA,WIFI_DROP,
10.7128,13,STA,WIFI_DROP,
10.7152,13,STA,WIFI_DROP,
10.7176,13,STA,WIFI_DROP,
10.72,13,STA,WIFI_DROP,
10.7224,13,STA,WIFI_DROP,
10.7248,13,STA,WIFI_DROP,
10.7272,13,STA,WIFI_DROP,
10.7296,13,STA,WIFI_DROP,
10.732,13,STA,WIFI_DROP,
10.7344,13,STA,WIFI_DROP,
10.7368,13,STA,WIFI_DROP,
10.7392,13,STA,WIFI_DROP,
10.7416,13,STA,WIFI_DROP,
10.744,13,STA,WIFI_DROP,
10.7464,13,STA,WIFI_DROP,
10.7488,13,STA,WIFI_DROP,
10.7512,13,STA,WIFI_DROP,
10.7536,13,STA,WIFI_DROP,
10.756,13,STA,WIFI_DROP,
10.7584,13,STA,WIFI_DROP,
10.7608,13,STA,WIFI_DROP,
10.7632,13,STA,WIFI_DROP,
10.7656,13,STA,WIFI_DROP,
10.768,13,STA,WIFI_DROP,
10.7704,13,STA,WIFI_DROP,
10.7728,13,STA,WIFI_DROP,
10.7752,13,STA,WIFI_DROP,
10.7776,13,STA,WIFI_DROP,
10.78,13,STA,WIFI_DROP,
10.7824,13,STA,WIFI_DROP,
10.7848,13,STA,WIFI_DROP,
10.7872,13,STA,WIFI_DROP,
10.7896,13,STA,WIFI_DROP,
10.792,13,STA,WIFI_DROP,
10.7944,13,STA,WIFI_DROP,
10.7968,13,STA,WIFI_DROP,
10.7992,13,STA,WIFI_DROP,
10.8016,13,STA,WIFI_DROP,
10.804,13,STA,WIFI_DROP,
10.8064,13,STA,WIFI_DROP,
10.8088,13,STA,WIFI_DROP,
10.8112,13,STA,WIFI_DROP,
10.8136,13,STA,WIFI_DROP,
10.816,13,STA,WIFI_DROP,
10.8184,13,STA,WIFI_DROP,
10.8208,13,STA,WIFI_DROP,
10.8232,13,STA,WIFI_DROP,
10.8256,13,STA,WIFI_DROP,
10.828,13,STA,WIFI_DROP,
10.8304,13,STA,WIFI_DROP,
10.8328,13,STA,WIFI_DROP,
10.8352,13,STA,WIFI_DROP,
10.8376,13,STA,WIFI_DROP,
10.84,13,STA,WIFI_DROP,
10.8424,13,STA,WIFI_DROP,
10.8448,13,STA,WIFI_DROP,
10.8472,13,STA,WIFI_DROP,
10.8496,13,STA,WIFI_DROP,
10.852,13,STA,WIFI_DROP,
10.8544,13,STA,WIFI_DROP,
10.8568,13,STA,WIFI_DROP,
10.8592,13,STA,WIFI_DROP,
10.8616,13,STA,WIFI_DROP,
10.864,13,STA,WIFI_DROP,
10.864,18,STA,WIFI_DROP,
10.8664,13,STA,WIFI_DROP,
10.8664,18,STA,WIFI_DROP,
10.8688,13,STA,WIFI_DROP,
10.8688,18,STA,WIFI_DROP,
10.8712,13,STA,WIFI_DROP,
10.8712,18,STA,WIFI_DROP,
10.8736,13,STA,WIFI_DROP,
10.8736,18,STA,WIFI_DROP,
10.876,13,STA,WIFI_DROP,
10.876,18,STA,WIFI_DROP,
10.8784,13,STA,WIFI_DROP,
10.8784,18,STA,WIFI_DROP,
10.8808,13,STA,WIFI_DROP,
10.8808,18,STA,WIFI_DROP,
10.8832,13,STA,WIFI_DROP,
10.8832,18,STA,WIFI_DROP,
10.8856,13,STA,WIFI_DROP,
10.8856,18,STA,WIFI_DROP,
10.888,13,STA,WIFI_DROP,
10.888,18,STA,WIFI_DROP,
10.8904,13,STA,WIFI_DROP,
10.8904,18,STA,WIFI_DROP,
10.8928,13,STA,WIFI_DROP,
10.8928,18,STA,WIFI_DROP,
10.8952,13,STA,WIFI_DROP,
10.8952,18,STA,WIFI_DROP,
10.8976,13,STA,WIFI_DROP,
10.8976,18,STA,WIFI_DROP,
10.9,13,STA,WIFI_DROP,
10.9,18,STA,WIFI_DROP,
10.9024,13,STA,WIFI_DROP,
10.9024,18,STA,WIFI_DROP,
10.9048,13,STA,WIFI_DROP,
10.9048,18,STA,WIFI_DROP,
10.9072,13,STA,WIFI_DROP,
10.9072,18,STA,WIFI_DROP,
10.9096,13,STA,WIFI_DROP,
10.9096,18,STA,WIFI_DROP,
10.912,13,STA,WIFI_DROP,
10.912,18,STA,WIFI_DROP,
10.9144,13,STA,WIFI_DROP,
10.9144,18,STA,WIFI_DROP,
10.9168,13,STA,WIFI_DROP,
10.9168,18,STA,WIFI_DROP,
10.9192,13,STA,WIFI_DROP,
10.9192,18,STA,WIFI_DROP,
10.9216,13,STA,WIFI_DROP,
10.9216,18,STA,WIFI_DROP,
10.924,13,STA,WIFI_DROP,
10.924,18,STA,WIFI_DROP,
10.9264,13,STA,WIFI_DROP,
10.9264,18,STA,WIFI_DROP,
10.9288,13,STA,WIFI_DROP,
10.9288,18,STA,WIFI_DROP,
10.9312,13,STA,WIFI_DROP,
10.9312,18,STA,WIFI_DROP,
10.9336,13,STA,WIFI_DROP,
10.9336,18,STA,WIFI_DROP,
10.936,13,STA,WIFI_DROP,
10.936,18,STA,WIFI_DROP,
10.9384,13,STA,WIFI_DROP,
10.9384,18,STA,WIFI_DROP,
10.9408,13,STA,WIFI_DROP,
10.9408,18,STA,WIFI_DROP,
10.9432,13,STA,WIFI_DROP,
10.9432,18,STA,WIFI_DROP,
10.9456,13,STA,WIFI_DROP,
10.9456,18,STA,WIFI_DROP,
10.948,13,STA,WIFI_DROP,
10.948,18,STA,WIFI_DROP,
10.9504,13,STA,WIFI_DROP,
10.9504,18,STA,WIFI_DROP,
10.9528,13,STA,WIFI_DROP,
10.9528,18,STA,WIFI_DROP,
10.9552,13,STA,WIFI_DROP,
10.9552,18,STA,WIFI_DROP,
10.9576,13,STA,WIFI_DROP,
10.9576,18,STA,WIFI_DROP,
10.96,13,STA,WIFI_DROP,
10.96,18,STA,WIFI_DROP,
10.9624,13,STA,WIFI_DROP,
10.9624,18,STA,WIFI_DROP,
10.9648,13,STA,WIFI_DROP,
10.9648,18,STA,WIFI_DROP,
10.9672,13,STA,WIFI_DROP,
10.9672,18,STA,WIFI_DROP,
10.9696,13,STA,WIFI_DROP,
10.9696,18,STA,WIFI_DROP,
10.972,13,STA,WIFI_DROP,
10.972,18,STA,WIFI_DROP,
10.9744,13,STA,WIFI_DROP,
10.9744,18,STA,WIFI_DROP,
10.9768,13,STA,WIFI_DROP,
10.9768,18,STA,WIFI_DROP,
10.9792,13,STA,WIFI_DROP,
10.9792,18,STA,WIFI_DROP,
10.9816,13,STA,WIFI_DROP,
10.9816,18,STA,WIFI_DROP,
10.984,13,STA,WIFI_DROP,
10.984,18,STA,WIFI_DROP,
10.9864,13,STA,WIFI_DROP,
10.9864,18,STA,WIFI_DROP,
10.9888,13,STA,WIFI_DROP,
10.9888,18,STA,WIFI_DROP,
10.9912,13,STA,WIFI_DROP,
10.9912,18,STA,WIFI_DROP,
10.9936,13,STA,WIFI_DROP,
10.9936,18,STA,WIFI_DROP,
10.996,13,STA,WIFI_DROP,
10.996,18,STA,WIFI_DROP,
10.9984,13,STA,WIFI_DROP,
10.9984,18,STA,WIFI_DROP,
11,2,STA,THROUGHPUT_MBPS,1.860000
11,4,STA,THROUGHPUT_MBPS,1.680000
11,5,STA,THROUGHPUT_MBPS,3.720000
11,7,STA,THROUGHPUT_MBPS,2.808000
11,8,STA,THROUGHPUT_MBPS,3.468000
11,9,STA,THROUGHPUT_MBPS,0.372000
11,13,STA,THROUGHPUT_MBPS,0.216000
11,14,STA,THROUGHPUT_MBPS,1.200000
11,15,STA,THROUGHPUT_MBPS,1.440000
11,18,STA,THROUGHPUT_MBPS,1.944000
11,20,STA,THROUGHPUT_MBPS,0.432000
11,21,STA,THROUGHPUT_MBPS,1.056000
11,1,AP,AGGREGATE_THROUGHPUT_MBPS,20.196000
11,1,AP,SENT_COUNT,8340.000000
11,1,AP,RECV_COUNT,1683.000000
11,1,AP,LATENCY_P95_MS,527.958092
11.0008,13,STA,WIFI_DROP,
11.0008,18,STA,WIFI_DROP,
11.0032,13,STA,WIFI_DROP,
11.0032,18,STA,WIFI_DROP,
11.0056,13,STA,WIFI_DROP,
11.0056,18,STA,WIFI_DROP,
11.008,13,STA,WIFI_DROP,
11.008,18,STA,WIFI_DROP,
11.0104,13,STA,WIFI_DROP,
11.0104,18,STA,WIFI_DROP,
11.0128,13,STA,WIFI_DROP,
11.0128,18,STA,WIFI_DROP,
11.0152,13,STA,WIFI_DROP,
11.0152,18,STA,WIFI_DROP,
11.0176,13,STA,WIFI_DROP,
11.0176,18,STA,WIFI_DROP,
11.02,13,STA,WIFI_DROP,
11.02,18,STA,WIFI_DROP,
11.0224,13,STA,WIFI_DROP,
11.0224,18,STA,WIFI_DROP,
11.0248,13,STA,WIFI_DROP,
11.0248,18,STA,WIFI_DROP,
11.0272,13,STA,WIFI_DROP,
11.0272,18,STA,WIFI_DROP,
11.0296,13,STA,WIFI_DROP,
11.0296,18,STA,WIFI_DROP,
11.032,13,STA,WIFI_DROP,
11.032,18,STA,WIFI_DROP,
11.0344,13,STA,WIFI_DROP,
11.0344,18,STA,WIFI_DROP,
11.0368,13,STA,WIFI_DROP,
11.0368,18,STA,WIFI_DROP,
11.0392,13,STA,WIFI_DROP,
11.0392,18,STA,WIFI_DROP,
11.0416,13,STA,WIFI_DROP,
11.0416,18,STA,WIFI_DROP,
11.044,13,STA,WIFI_DROP,
11.044,18,STA,WIFI_DROP,
11.0464,13,STA,WIFI_DROP,
11.0464,18,STA,WIFI_DROP,
11.0488,13,STA,WIFI_DROP,
11.0488,18,STA,WIFI_DROP,
11.0512,13,STA,WIFI_DROP,
11.0512,18,STA,WIFI_DROP,
11.0536,13,STA,WIFI_DROP,
11.0536,18,STA,WIFI_DROP,
11.056,13,STA,WIFI_DROP,
11.056,18,STA,WIFI_DROP,
11.0584,13,STA,WIFI_DROP,
11.0584,18,STA,WIFI_DROP,
11.0608,13,STA,WIFI_DROP,
11.0608,18,STA,WIFI_DROP,
11.0632,13,STA,WIFI_DROP,
11.0632,18,STA,WIFI_DROP,
11.0656,13,STA,WIFI_DROP,
11.0656,18,STA,WIFI_DROP,
11.068,13,STA,WIFI_DROP,
11.068,18,STA,WIFI_DROP,
11.0704,13,STA,WIFI_DROP,
11.0704,18,STA,WIFI_DROP,
11.0728,13,STA,WIFI_DROP,
11.0728,18,STA,WIFI_DROP,
11.0752,13,STA,WIFI_DROP,
11.0752,18,STA,WIFI_DROP,
11.0776,13,STA,WIFI_DROP,
11.0776,18,STA,WIFI_DROP,
11.08,13,STA,WIFI_DROP,
11.08,18,STA,WIFI_DROP,
11.0824,13,STA,WIFI_DROP,
11.0824,18,STA,WIFI_DROP,
11.0848,13,STA,WIFI_DROP,
11.0848,18,STA,WIFI_DROP,
11.0872,13,STA,WIFI_DROP,
11.0872,18,STA,WIFI_DROP,
11.0896,13,STA,WIFI_DROP,
11.0896,18,STA,WIFI_DROP,
11.092,13,STA,WIFI_DROP,
11.092,18,STA,WIFI_DROP,
11.0944,13,STA,WIFI_DROP,
11.0944,18,STA,WIFI_DROP,
11.0968,13,STA,WIFI_DROP,
11.0968,18,STA,WIFI_DROP,
11.0992,13,STA,WIFI_DROP,
11.0992,18,STA,WIFI_DROP,
11.1016,13,STA,WIFI_DROP,
11.1016,18,STA,WIFI_DROP,
11.104,13,STA,WIFI_DROP,
11.104,18,STA,WIFI_DROP,
11.1064,13,STA,WIFI_DROP,
11.1064,18,STA,WIFI_DROP,
11.1088,13,STA,WIFI_DROP,
11.1088,18,STA,WIFI_DROP,
11.1112,13,STA,WIFI_DROP,
11.1112,18,STA,WIFI_DROP,
11.1136,13,STA,WIFI_DROP,
11.1136,18,STA,WIFI_DROP,
11.116,13,STA,WIFI_DROP,
11.116,18,STA,WIFI_DROP,
11.1184,13,STA,WIFI_DROP,
11.1184,18,STA,WIFI_DROP,
11.1208,13,STA,WIFI_DROP,
11.1208,18,STA,WIFI_DROP,
11.1232,13,STA,WIFI_DROP,
11.1232,18,STA,WIFI_DROP,
11.1256,13,STA,WIFI_DROP,
11.1256,18,STA,WIFI_DROP,
11.128,13,STA,WIFI_DROP,
11.128,18,STA,WIFI_DROP,
11.1304,13,STA,WIFI_DROP,
11.1304,18,STA,WIFI_DROP,
11.1328,13,STA,WIFI_DROP,
11.1328,18,STA,WIFI_DROP,
11.1352,13,STA,WIFI_DROP,
11.1352,18,STA,WIFI_DROP,
11.1376,13,STA,WIFI_DROP,
11.1376,18,STA,WIFI_DROP,
11.14,13,STA,WIFI_DROP,
11.14,18,STA,WIFI_DROP,
11.1424,13,STA,WIFI_DROP,
11.1424,18,STA,WIFI_DROP,
11.1448,13,STA,WIFI_DROP,
11.1448,18,STA,WIFI_DROP,
11.1472,13,STA,WIFI_DROP,
11.1472,18,STA,WIFI_DROP,
11.1496,13,STA,WIFI_DROP,
11.1496,18,STA,WIFI_DROP,
11.152,13,STA,WIFI_DROP,
11.152,18,STA,WIFI_DROP,
11.1544,13,STA,WIFI_DROP,
11.1544,18,STA,WIFI_DROP,
11.1568,13,STA,WIFI_DROP,
11.1568,18,STA,WIFI_DROP,
11.1592,13,STA,WIFI_DROP,
11.1592,18,STA,WIFI_DROP,
11.1616,13,STA,WIFI_DROP,
11.1616,18,STA,WIFI_DROP,
11.164,13,STA,WIFI_DROP,
11.164,18,STA,WIFI_DROP,
11.1664,13,STA,WIFI_DROP,
11.1664,18,STA,WIFI_DROP,
11.1688,13,STA,WIFI_DROP,
11.1688,18,STA,WIFI_DROP,
11.1712,13,STA,WIFI_DROP,
11.1712,18,STA,WIFI_DROP,
11.1736,13,STA,WIFI_DROP,
11.1736,18,STA,WIFI_DROP,
11.176,13,STA,WIFI_DROP,
11.176,18,STA,WIFI_DROP,
11.1784,13,STA,WIFI_DROP,
11.1784,18,STA,WIFI_DROP,
11.1808,13,STA,WIFI_DROP,
11.1808,18,STA,WIFI_DROP,
11.1832,13,STA,WIFI_DROP,
11.1832,18,STA,WIFI_DROP,
11.1856,13,STA,WIFI_DROP,
11.1856,18,STA,WIFI_DROP,
11.188,13,STA,WIFI_DROP,
11.188,18,STA,WIFI_DROP,
11.1904,13,STA,WIFI_DROP,
11.1904,18,STA,WIFI_DROP,
11.1928,13,STA,WIFI_DROP,
11.1928,18,STA,WIFI_DROP,
11.1952,13,STA,WIFI_DROP,
11.1952,18,STA,WIFI_DROP,
11.1976,13,STA,WIFI_DROP,
11.1976,18,STA,WIFI_DROP,
11.2,13,STA,WIFI_DROP,
11.2,18,STA,WIFI_DROP,
11.2024,13,STA,WIFI_DROP,
11.2024,18,STA,WIFI_DROP,
11.2048,13,STA,WIFI_DROP,
11.2048,18,STA,WIFI_DROP,
11.2072,13,STA,WIFI_DROP,
11.2072,18,STA,WIFI_DROP,
11.2096,13,STA,WIFI_DROP,
11.2096,18,STA,WIFI_DROP,
11.212,13,STA,WIFI_DROP,
11.212,18,STA,WIFI_DROP,
11.2144,13,STA,WIFI_DROP,
11.2144,18,STA,WIFI_DROP,
11.2168,13,STA,WIFI_DROP,
11.2168,18,STA,WIFI_DROP,
11.2192,13,STA,WIFI_DROP,
11.2192,18,STA,WIFI_DROP,
11.2216,13,STA,WIFI_DROP,
11.2216,18,STA,WIFI_DROP,
11.224,13,STA,WIFI_DROP,
11.224,18,STA,WIFI_DROP,
11.2264,13,STA,WIFI_DROP,
11.2264,18,STA,WIFI_DROP,
11.2288,13,STA,WIFI_DROP,
11.2288,18,STA,WIFI_DROP,
11.2312,13,STA,WIFI_DROP,
11.2312,18,STA,WIFI_DROP,
11.2336,13,STA,WIFI_DROP,
11.2336,18,STA,WIFI_DROP,
11.236,13,STA,WIFI_DROP,
11.236,18,STA,WIFI_DROP,
11.2384,13,STA,WIFI_DROP,
11.2384,18,STA,WIFI_DROP,
11.2408,13,STA,WIFI_DROP,
11.2408,18,STA,WIFI_DROP,
11.2432,13,STA,WIFI_DROP,
11.2432,18,STA,WIFI_DROP,
11.2456,13,STA,WIFI_DROP,
11.2456,18,STA,WIFI_DROP,
11.248,13,STA,WIFI_DROP,
11.248,18,STA,WIFI_DROP,
11.2504,13,STA,WIFI_DROP,
11.2504,18,STA,WIFI_DROP,
11.2528,13,STA,WIFI_DROP,
11.2528,18,STA,WIFI_DROP,
11.2552,13,STA,WIFI_DROP,
11.2552,18,STA,WIFI_DROP,
11.2576,13,STA,WIFI_DROP,
11.2576,18,STA,WIFI_DROP,
11.26,13,STA,WIFI_DROP,
11.26,18,STA,WIFI_DROP,
11.2624,13,STA,WIFI_DROP,
11.2624,18,STA,WIFI_DROP,
11.2648,13,STA,WIFI_DROP,
11.2648,18,STA,WIFI_DROP,
11.2672,13,STA,WIFI_DROP,
11.2672,18,STA,WIFI_DROP,
11.2696,13,STA,WIFI_DROP,
11.2696,18,STA,WIFI_DROP,
11.272,13,STA,WIFI_DROP,
11.272,18,STA,WIFI_DROP,
11.2744,13,STA,WIFI_DROP,
11.2744,18,STA,WIFI_DROP,
11.2768,13,STA,WIFI_DROP,
11.2768,18,STA,WIFI_DROP,
11.2792,13,STA,WIFI_DROP,
11.2792,18,STA,WIFI_DROP,
11.2816,13,STA,WIFI_DROP,
11.2816,18,STA,WIFI_DROP,
11.284,13,STA,WIFI_DROP,
11.284,18,STA,WIFI_DROP,
11.2864,13,STA,WIFI_DROP,
11.2864,18,STA,WIFI_DROP,
11.2888,13,STA,WIFI_DROP,
11.2888,18,STA,WIFI_DROP,
11.2912,13,STA,WIFI_DROP,
11.2912,18,STA,WIFI_DROP,
11.2936,13,STA,WIFI_DROP,
11.2936,18,STA,WIFI_DROP,
11.296,13,STA,WIFI_DROP,
11.296,18,STA,WIFI_DROP,
11.2984,13,STA,WIFI_DROP,
11.2984,18,STA,WIFI_DROP,
11.3008,18,STA,WIFI_DROP,
11.3032,18,STA,WIFI_DROP,
11.3056,18,STA,WIFI_DROP,
11.308,18,STA,WIFI_DROP,
11.3104,18,STA,WIFI_DROP,
11.3128,18,STA,WIFI_DROP,
11.3152,18,STA,WIFI_DROP,
11.3176,18,STA,WIFI_DROP,
11.32,18,STA,WIFI_DROP,
11.3224,13,STA,WIFI_DROP,
11.3224,18,STA,WIFI_DROP,
11.3248,13,STA,WIFI_DROP,
11.3248,18,STA,WIFI_DROP,
11.3272,13,STA,WIFI_DROP,
11.3272,18,STA,WIFI_DROP,
11.3296,13,STA,WIFI_DROP,
11.3296,18,STA,WIFI_DROP,
11.332,13,STA,WIFI_DROP,
11.332,18,STA,WIFI_DROP,
11.3344,13,STA,WIFI_DROP,
11.3344,18,STA,WIFI_DROP,
11.3368,13,STA,WIFI_DROP,
11.3368,18,STA,WIFI_DROP,
11.3392,13,STA,WIFI_DROP,
11.3392,18,STA,WIFI_DROP,
11.3416,13,STA,WIFI_DROP,
11.3416,18,STA,WIFI_DROP,
11.344,13,STA,WIFI_DROP,
11.344,18,STA,WIFI_DROP,
11.3464,13,STA,WIFI_DROP,
11.3464,18,STA,WIFI_DROP,
11.3488,13,STA,WIFI_DROP,
11.3488,18,STA,WIFI_DROP,
11.3512,13,STA,WIFI_DROP,
11.3512,18,STA,WIFI_DROP,
11.3536,13,STA,WIFI_DROP,
11.3536,18,STA,WIFI_DROP,
11.356,13,STA,WIFI_DROP,
11.356,18,STA,WIFI_DROP,
11.3584,13,STA,WIFI_DROP,
11.3584,18,STA,WIFI_DROP,
11.3608,13,STA,WIFI_DROP,
11.3608,18,STA,WIFI_DROP,
11.3632,13,STA,WIFI_DROP,
11.3632,18,STA,WIFI_DROP,
11.3656,13,STA,WIFI_DROP,
11.3656,18,STA,WIFI_DROP,
11.368,13,STA,WIFI_DROP,
11.368,18,STA,WIFI_DROP,
11.3704,13,STA,WIFI_DROP,
11.3704,18,STA,WIFI_DROP,
11.3728,13,STA,WIFI_DROP,
11.3728,18,STA,WIFI_DROP,
11.3752,18,STA,WIFI_DROP,
11.3776,6,STA,WIFI_DROP,
11.3776,18,STA,WIFI_DROP,
11.38,6,STA,WIFI_DROP,
11.38,18,STA,WIFI_DROP,
11.3824,6,STA,WIFI_DROP,
11.3824,18,STA,WIFI_DROP,
11.3848,6,STA,WIFI_DROP,
11.3848,18,STA,WIFI_DROP,
11.3872,6,STA,WIFI_DROP,
11.3872,18,STA,WIFI_DROP,
11.3896,6,STA,WIFI_DROP,
11.3896,18,STA,WIFI_DROP,
11.392,6,STA,WIFI_DROP,
11.392,18,STA,WIFI_DROP,
11.3944,6,STA,WIFI_DROP,
11.3944,18,STA,WIFI_DROP,
11.3968,6,STA,WIFI_DROP,
11.3968,18,STA,WIFI_DROP,
11.3992,6,STA,WIFI_DROP,
11.3992,18,STA,WIFI_DROP,
11.4016,6,STA,WIFI_DROP,
11.4016,18,STA,WIFI_DROP,
11.404,6,STA,WIFI_DROP,
11.404,18,STA,WIFI_DROP,
11.4064,6,STA,WIFI_DROP,
11.4064,18,STA,WIFI_DROP,
11.4088,6,STA,WIFI_DROP,
11.4088,18,STA,WIFI_DROP,
11.4112,6,STA,WIFI_DROP,
11.4112,18,STA,WIFI_DROP,
11.4136,6,STA,WIFI_DROP,
11.4136,18,STA,WIFI_DROP,
11.416,6,STA,WIFI_DROP,
11.416,18,STA,WIFI_DROP,
11.4184,6,STA,WIFI_DROP,
11.4184,18,STA,WIFI_DROP,
11.4208,6,STA,WIFI_DROP,
11.4208,18,STA,WIFI_DROP,
11.4232,6,STA,WIFI_DROP,
11.4232,18,STA,WIFI_DROP,
11.4256,6,STA,WIFI_DROP,
11.4256,18,STA,WIFI_DROP,
11.428,6,STA,WIFI_DROP,
11.428,18,STA,WIFI_DROP,
11.4304,6,STA,WIFI_DROP,
11.4304,18,STA,WIFI_DROP,
11.4328,6,STA,WIFI_DROP,
11.4328,18,STA,WIFI_DROP,
11.4352,18,STA,WIFI_DROP,
11.4376,18,STA,WIFI_DROP,
11.44,18,STA,WIFI_DROP,
11.4424,18,STA,WIFI_DROP,
11.4448,18,STA,WIFI_DROP,
11.4472,18,STA,WIFI_DROP,
11.4496,18,STA,WIFI_DROP,
11.452,18,STA,WIFI_DROP,
11.4544,18,STA,WIFI_DROP,
11.4568,18,STA,WIFI_DROP,
11.4592,18,STA,WIFI_DROP,
11.4616,18,STA,WIFI_DROP,
11.464,18,STA,WIFI_DROP,
11.4664,18,STA,WIFI_DROP,
11.4688,18,STA,WIFI_DROP,
11.4712,18,STA,WIFI_DROP,
11.4736,18,STA,WIFI_DROP,
11.476,18,STA,WIFI_DROP,
11.4784,18,STA,WIFI_DROP,
11.4808,18,STA,WIFI_DROP,
11.4832,18,STA,WIFI_DROP,
11.4856,18,STA,WIFI_DROP,
11.488,18,STA,WIFI_DROP,
11.4904,18,STA,WIFI_DROP,
11.4928,18,STA,WIFI_DROP,
11.4952,18,STA,WIFI_DROP,
11.4976,18,STA,WIFI_DROP,
11.5,18,STA,WIFI_DROP,
11.5024,18,STA,WIFI_DROP,
11.5048,18,STA,WIFI_DROP,
11.5072,18,STA,WIFI_DROP,
11.5096,18,STA,WIFI_DROP,
11.512,18,STA,WIFI_DROP,
11.5144,18,STA,WIFI_DROP,
11.5168,18,STA,WIFI_DROP,
11.5192,18,STA,WIFI_DROP,
11.5216,18,STA,WIFI_DROP,
11.524,18,STA,WIFI_DROP,
11.5264,18,STA,WIFI_DROP,
11.5288,18,STA,WIFI_DROP,
11.5312,18,STA,WIFI_DROP,
11.5336,18,STA,WIFI_DROP,
11.536,18,STA,WIFI_DROP,
11.5384,18,STA,WIFI_DROP,
11.5408,18,STA,WIFI_DROP,
11.5432,18,STA,WIFI_DROP,
11.5456,18,STA,WIFI_DROP,
11.548,18,STA,WIFI_DROP,
11.5504,18,STA,WIFI_DROP,
11.5528,18,STA,WIFI_DROP,
11.5552,18,STA,WIFI_DROP,
11.5576,18,STA,WIFI_DROP,
11.56,18,STA,WIFI_DROP,
11.5624,18,STA,WIFI_DROP,
11.5648,18,STA,WIFI_DROP,
11.5672,18,STA,WIFI_DROP,
11.5696,18,STA,WIFI_DROP,
11.572,18,STA,WIFI_DROP,
11.5744,18,STA,WIFI_DROP,
11.5768,18,STA,WIFI_DROP,
11.5792,18,STA,WIFI_DROP,
11.5816,18,STA,WIFI_DROP,
11.584,18,STA,WIFI_DROP,
11.5864,18,STA,WIFI_DROP,
11.5888,18,STA,WIFI_DROP,
11.5912,18,STA,WIFI_DROP,
11.5936,18,STA,WIFI_DROP,
11.596,18,STA,WIFI_DROP,
11.5984,18,STA,WIFI_DROP,
11.6008,18,STA,WIFI_DROP,
11.6032,18,STA,WIFI_DROP,
11.6056,18,STA,WIFI_DROP,
11.608,18,STA,WIFI_DROP,
11.6104,18,STA,WIFI_DROP,
11.6128,18,STA,WIFI_DROP,
11.6152,18,STA,WIFI_DROP,
11.6176,18,STA,WIFI_DROP,
11.62,18,STA,WIFI_DROP,
11.6224,18,STA,WIFI_DROP,
11.6248,18,STA,WIFI_DROP,
11.6272,18,STA,WIFI_DROP,
11.6296,18,STA,WIFI_DROP,
11.632,18,STA,WIFI_DROP,
11.6344,18,STA,WIFI_DROP,
11.6368,18,STA,WIFI_DROP,
11.6392,18,STA,WIFI_DROP,
11.6416,18,STA,WIFI_DROP,
11.644,18,STA,WIFI_DROP,
11.6464,18,STA,WIFI_DROP,
11.6488,18,STA,WIFI_DROP,
11.6512,18,STA,WIFI_DROP,
11.6536,18,STA,WIFI_DROP,
11.656,18,STA,WIFI_DROP,
11.6584,18,STA,WIFI_DROP,
11.6608,18,STA,WIFI_DROP,
11.6632,18,STA,WIFI_DROP,
11.6656,18,STA,WIFI_DROP,
11.668,18,STA,WIFI_DROP,
11.6704,18,STA,WIFI_DROP,
11.6728,18,STA,WIFI_DROP,
11.6752,18,STA,WIFI_DROP,
11.6776,18,STA,WIFI_DROP,
11.68,18,STA,WIFI_DROP,
11.6824,18,STA,WIFI_DROP,
11.6824,19,STA,WIFI_DROP,
11.6848,5,STA,WIFI_DROP,
11.6848,18,STA,WIFI_DROP,
11.6848,19,STA,WIFI_DROP,
11.6872,5,STA,WIFI_DROP,
11.6872,18,STA,WIFI_DROP,
11.6872,19,STA,WIFI_DROP,
11.6896,5,STA,WIFI_DROP,
11.6896,18,STA,WIFI_DROP,
11.6896,19,STA,WIFI_DROP,
11.692,5,STA,WIFI_DROP,
11.692,18,STA,WIFI_DROP,
11.692,19,STA,WIFI_DROP,
11.6944,5,STA,WIFI_DROP,
11.6944,18,STA,WIFI_DROP,
11.6944,19,STA,WIFI_DROP,
11.6968,5,STA,WIFI_DROP,
11.6968,18,STA,WIFI_DROP,
11.6968,19,STA,WIFI_DROP,
11.6992,5,STA,WIFI_DROP,
11.6992,18,STA,WIFI_DROP,
11.6992,19,STA,WIFI_DROP,
11.7016,5,STA,WIFI_DROP,
11.7016,18,STA,WIFI_DROP,
11.7016,19,STA,WIFI_DROP,
11.704,5,STA,WIFI_DROP,
11.704,18,STA,WIFI_DROP,
11.704,19,STA,WIFI_DROP,
11.7064,5,STA,WIFI_DROP,
11.7064,18,STA,WIFI_DROP,
11.7064,19,STA,WIFI_DROP,
11.7088,5,STA,WIFI_DROP,
11.7088,18,STA,WIFI_DROP,
11.7088,19,STA,WIFI_DROP,
11.7112,5,STA,WIFI_DROP,
11.7112,18,STA,WIFI_DROP,
11.7112,19,STA,WIFI_DROP,
11.7136,5,STA,WIFI_DROP,
11.7136,18,STA,WIFI_DROP,
11.7136,19,STA,WIFI_DROP,
11.716,5,STA,WIFI_DROP,
11.716,18,STA,WIFI_DROP,
11.716,19,STA,WIFI_DROP,
11.7184,5,STA,WIFI_DROP,
11.7184,18,STA,WIFI_DROP,
11.7184,19,STA,WIFI_DROP,
11.7208,5,STA,WIFI_DROP,
11.7208,18,STA,WIFI_DROP,
11.7208,19,STA,WIFI_DROP,
11.7232,5,STA,WIFI_DROP,
11.7232,18,STA,WIFI_DROP,
11.7232,19,STA,WIFI_DROP,
11.7256,5,STA,WIFI_DROP,
11.7256,18,STA,WIFI_DROP,
11.7256,19,STA,WIFI_DROP,
11.728,5,STA,WIFI_DROP,
11.728,18,STA,WIFI_DROP,
11.728,19,STA,WIFI_DROP,
11.7304,5,STA,WIFI_DROP,
11.7304,18,STA,WIFI_DROP,
11.7304,19,STA,WIFI_DROP,
11.7328,5,STA,WIFI_DROP,
11.7328,18,STA,WIFI_DROP,
11.7328,19,STA,WIFI_DROP,
11.7352,5,STA,WIFI_DROP,
11.7352,18,STA,WIFI_DROP,
11.7352,19,STA,WIFI_DROP,
11.7376,5,STA,WIFI_DROP,
11.7376,18,STA,WIFI_DROP,
11.7376,19,STA,WIFI_DROP,
11.74,5,STA,WIFI_DROP,
11.74,18,STA,WIFI_DROP,
11.74,19,STA,WIFI_DROP,
11.7424,5,STA,WIFI_DROP,
11.7424,18,STA,WIFI_DROP,
11.7424,19,STA,WIFI_DROP,
11.7448,5,STA,WIFI_DROP,
11.7448,18,STA,WIFI_DROP,
11.7448,19,STA,WIFI_DROP,
11.7472,5,STA,WIFI_DROP,
11.7472,18,STA,WIFI_DROP,
11.7472,19,STA,WIFI_DROP,
11.7496,5,STA,WIFI_DROP,
11.7496,18,STA,WIFI_DROP,
11.7496,19,STA,WIFI_DROP,
11.752,5,STA,WIFI_DROP,
11.752,18,STA,WIFI_DROP,
11.752,19,STA,WIFI_DROP,
11.7544,5,STA,WIFI_DROP,
11.7544,18,STA,WIFI_DROP,
11.7544,19,STA,WIFI_DROP,
11.7568,5,STA,WIFI_DROP,
11.7568,18,STA,WIFI_DROP,
11.7568,19,STA,WIFI_DROP,
11.7592,5,STA,WIFI_DROP,
11.7592,18,STA,WIFI_DROP,
11.7592,19,STA,WIFI_DROP,
11.7616,5,STA,WIFI_DROP,
11.7616,18,STA,WIFI_DROP,
11.7616,19,STA,WIFI_DROP,
11.764,5,STA,WIFI_DROP,
11.764,18,STA,WIFI_DROP,
11.764,19,STA,WIFI_DROP,
11.7664,5,STA,WIFI_DROP,
11.7664,18,STA,WIFI_DROP,
11.7664,19,STA,WIFI_DROP,
11.7688,5,STA,WIFI_DROP,
11.7688,18,STA,WIFI_DROP,
11.7688,19,STA,WIFI_DROP,
11.7712,5,STA,WIFI_DROP,
11.7712,18,STA,WIFI_DROP,
11.7712,19,STA,WIFI_DROP,
11.7736,5,STA,WIFI_DROP,
11.7736,18,STA,WIFI_DROP,
11.7736,19,STA,WIFI_DROP,
11.776,5,STA,WIFI_DROP,
11.776,18,STA,WIFI_DROP,
11.776,19,STA,WIFI_DROP,
11.7784,5,STA,WIFI_DROP,
11.7784,18,STA,WIFI_DROP,
11.7784,19,STA,WIFI_DROP,
11.7808,5,STA,WIFI_DROP,
11.7808,18,STA,WIFI_DROP,
11.7808,19,STA,WIFI_DROP,
11.7832,5,STA,WIFI_DROP,
11.7832,18,STA,WIFI_DROP,
11.7832,19,STA,WIFI_DROP,
11.7856,5,STA,WIFI_DROP,
11.7856,18,STA,WIFI_DROP,
11.7856,19,STA,WIFI_DROP,
11.788,5,STA,WIFI_DROP,
11.788,18,STA,WIFI_DROP,
11.788,19,STA,WIFI_DROP,
11.7904,5,STA,WIFI_DROP,
11.7904,18,STA,WIFI_DROP,
11.7904,19,STA,WIFI_DROP,
11.7928,5,STA,WIFI_DROP,
11.7928,18,STA,WIFI_DROP,
11.7928,19,STA,WIFI_DROP,
11.7952,5,STA,WIFI_DROP,
11.7952,18,STA,WIFI_DROP,
11.7952,19,STA,WIFI_DROP,
11.7976,5,STA,WIFI_DROP,
11.7976,18,STA,WIFI_DROP,
11.7976,19,STA,WIFI_DROP,
11.8,5,STA,WIFI_DROP,
11.8,18,STA,WIFI_DROP,
11.8,19,STA,WIFI_DROP,
11.8024,5,STA,WIFI_DROP,
11.8024,18,STA,WIFI_DROP,
11.8024,19,STA,WIFI_DROP,
11.8048,5,STA,WIFI_DROP,
11.8048,18,STA,WIFI_DROP,
11.8048,19,STA,WIFI_DROP,
11.8072,5,STA,WIFI_DROP,
11.8072,18,STA,WIFI_DROP,
11.8072,19,STA,WIFI_DROP,
11.8096,5,STA,WIFI_DROP,
11.8096,18,STA,WIFI_DROP,
11.8096,19,STA,WIFI_DROP,
11.812,5,STA,WIFI_DROP,
11.812,18,STA,WIFI_DROP,
11.812,19,STA,WIFI_DROP,
11.8144,5,STA,WIFI_DROP,
11.8144,18,STA,WIFI_DROP,
11.8144,19,STA,WIFI_DROP,
11.8168,5,STA,WIFI_DROP,
11.8168,18,STA,WIFI_DROP,
11.8168,19,STA,WIFI_DROP,
11.8192,5,STA,WIFI_DROP,
11.8192,18,STA,WIFI_DROP,
11.8192,19,STA,WIFI_DROP,
11.8216,5,STA,WIFI_DROP,
11.8216,18,STA,WIFI_DROP,
11.8216,19,STA,WIFI_DROP,
11.824,5,STA,WIFI_DROP,
11.824,18,STA,WIFI_DROP,
11.824,19,STA,WIFI_DROP,
11.8264,5,STA,WIFI_DROP,
11.8264,18,STA,WIFI_DROP,
11.8264,19,STA,WIFI_DROP,
11.8288,5,STA,WIFI_DROP,
11.8288,18,STA,WIFI_DROP,
11.8288,19,STA,WIFI_DROP,
11.8312,5,STA,WIFI_DROP,
11.8312,18,STA,WIFI_DROP,
11.8312,19,STA,WIFI_DROP,
11.8336,5,STA,WIFI_DROP,
11.8336,18,STA,WIFI_DROP,
11.8336,19,STA,WIFI_DROP,
11.836,5,STA,WIFI_DROP,
11.836,18,STA,WIFI_DROP,
11.836,19,STA,WIFI_DROP,
11.8384,5,STA,WIFI_DROP,
11.8384,18,STA,WIFI_DROP,
11.8384,19,STA,WIFI_DROP,
11.8408,5,STA,WIFI_DROP,
11.8408,18,STA,WIFI_DROP,
11.8408,19,STA,WIFI_DROP,
11.8432,5,STA,WIFI_DROP,
11.8432,18,STA,WIFI_DROP,
11.8432,19,STA,WIFI_DROP,
11.8456,5,STA,WIFI_DROP,
11.8456,18,STA,WIFI_DROP,
11.8456,19,STA,WIFI_DROP,
11.848,5,STA,WIFI_DROP,
11.848,18,STA,WIFI_DROP,
11.848,19,STA,WIFI_DROP,
11.8504,5,STA,WIFI_DROP,
11.8504,18,STA,WIFI_DROP,
11.8504,19,STA,WIFI_DROP,
11.8528,5,STA,WIFI_DROP,
11.8528,18,STA,WIFI_DROP,
11.8528,19,STA,WIFI_DROP,
11.8552,5,STA,WIFI_DROP,
11.8552,18,STA,WIFI_DROP,
11.8552,19,STA,WIFI_DROP,
11.8576,5,STA,WIFI_DROP,
11.8576,18,STA,WIFI_DROP,
11.8576,19,STA,WIFI_DROP,
11.86,5,STA,WIFI_DROP,
11.86,18,STA,WIFI_DROP,
11.86,19,STA,WIFI_DROP,
11.8624,5,STA,WIFI_DROP,
11.8624,18,STA,WIFI_DROP,
11.8624,19,STA,WIFI_DROP,
11.8648,5,STA,WIFI_DROP,
11.8648,18,STA,WIFI_DROP,
11.8648,19,STA,WIFI_DROP,
11.8672,5,STA,WIFI_DROP,
11.8672,18,STA,WIFI_DROP,
11.8672,19,STA,WIFI_DROP,
11.8696,5,STA,WIFI_DROP,
11.8696,18,STA,WIFI_DROP,
11.8696,19,STA,WIFI_DROP,
11.872,5,STA,WIFI_DROP,
11.872,18,STA,WIFI_DROP,
11.872,19,STA,WIFI_DROP,
11.8744,5,STA,WIFI_DROP,
11.8744,18,STA,WIFI_DROP,
11.8744,19,STA,WIFI_DROP,
11.8768,5,STA,WIFI_DROP,
11.8768,18,STA,WIFI_DROP,
11.8768,19,STA,WIFI_DROP,
11.8792,5,STA,WIFI_DROP,
11.8792,18,STA,WIFI_DROP,
11.8792,19,STA,WIFI_DROP,
11.8816,5,STA,WIFI_DROP,
11.8816,18,STA,WIFI_DROP,
11.8816,19,STA,WIFI_DROP,
11.884,5,STA,WIFI_DROP,
11.884,18,STA,WIFI_DROP,
11.884,19,STA,WIFI_DROP,
11.8864,5,STA,WIFI_DROP,
11.8864,18,STA,WIFI_DROP,
11.8864,19,STA,WIFI_DROP,
11.8888,5,STA,WIFI_DROP,
11.8888,18,STA,WIFI_DROP,
11.8888,19,STA,WIFI_DROP,
11.8912,5,STA,WIFI_DROP,
11.8912,18,STA,WIFI_DROP,
11.8912,19,STA,WIFI_DROP,
11.8936,5,STA,WIFI_DROP,
11.8936,18,STA,WIFI_DROP,
11.8936,19,STA,WIFI_DROP,
11.896,5,STA,WIFI_DROP,
11.896,18,STA,WIFI_DROP,
11.896,19,STA,WIFI_DROP,
11.8984,5,STA,WIFI_DROP,
11.8984,18,STA,WIFI_DROP,
11.8984,19,STA,WIFI_DROP,
11.9008,5,STA,WIFI_DROP,
11.9008,18,STA,WIFI_DROP,
11.9008,19,STA,WIFI_DROP,
11.9032,5,STA,WIFI_DROP,
11.9032,18,STA,WIFI_DROP,
11.9032,19,STA,WIFI_DROP,
11.9056,5,STA,WIFI_DROP,
11.9056,18,STA,WIFI_DROP,
11.9056,19,STA,WIFI_DROP,
11.908,5,STA,WIFI_DROP,
11.908,18,STA,WIFI_DROP,
11.908,19,STA,WIFI_DROP,
11.9104,5,STA,WIFI_DROP,
11.9104,18,STA,WIFI_DROP,
11.9104,19,STA,WIFI_DROP,
11.9128,5,STA,WIFI_DROP,
11.9128,18,STA,WIFI_DROP,
11.9128,19,STA,WIFI_DROP,
11.9152,5,STA,WIFI_DROP,
11.9152,18,STA,WIFI_DROP,
11.9152,19,STA,WIFI_DROP,
11.9176,5,STA,WIFI_DROP,
11.9176,18,STA,WIFI_DROP,
11.9176,19,STA,WIFI_DROP,
11.92,5,STA,WIFI_DROP,
11.92,18,STA,WIFI_DROP,
11.92,19,STA,WIFI_DROP,
11.9224,5,STA,WIFI_DROP,
11.9224,18,STA,WIFI_DROP,
11.9224,19,STA,WIFI_DROP,
11.9248,5,STA,WIFI_DROP,
11.9248,18,STA,WIFI_DROP,
11.9248,19,STA,WIFI_DROP,
11.9272,5,STA,WIFI_DROP,
11.9272,18,STA,WIFI_DROP,
11.9272,19,STA,WIFI_DROP,
11.9296,5,STA,WIFI_DROP,
11.9296,18,STA,WIFI_DROP,
11.9296,19,STA,WIFI_DROP,
11.932,5,STA,WIFI_DROP,
11.932,18,STA,WIFI_DROP,
11.932,19,STA,WIFI_DROP,
11.9344,5,STA,WIFI_DROP,
11.9344,18,STA,WIFI_DROP,
11.9344,19,STA,WIFI_DROP,
11.9368,5,STA,WIFI_DROP,
11.9368,18,STA,WIFI_DROP,
11.9368,19,STA,WIFI_DROP,
11.9392,5,STA,WIFI_DROP,
11.9392,18,STA,WIFI_DROP,
11.9392,19,STA,WIFI_DROP,
11.9416,5,STA,WIFI_DROP,
11.9416,18,STA,WIFI_DROP,
11.9416,19,STA,WIFI_DROP,
11.944,5,STA,WIFI_DROP,
11.944,18,STA,WIFI_DROP,
11.944,19,STA,WIFI_DROP,
11.9464,5,STA,WIFI_DROP,
11.9464,18,STA,WIFI_DROP,
11.9464,19,STA,WIFI_DROP,
11.9488,5,STA,WIFI_DROP,
11.9488,18,STA,WIFI_DROP,
11.9488,19,STA,WIFI_DROP,
11.9512,5,STA,WIFI_DROP,
11.9512,18,STA,WIFI_DROP,
11.9512,19,STA,WIFI_DROP,
11.9536,5,STA,WIFI_DROP,
11.9536,18,STA,WIFI_DROP,
11.9536,19,STA,WIFI_DROP,
11.956,5,STA,WIFI_DROP,
11.956,18,STA,WIFI_DROP,
11.956,19,STA,WIFI_DROP,
11.9584,5,STA,WIFI_DROP,
11.9584,18,STA,WIFI_DROP,
11.9584,19,STA,WIFI_DROP,
11.9608,5,STA,WIFI_DROP,
11.9608,18,STA,WIFI_DROP,
11.9608,19,STA,WIFI_DROP,
11.9632,5,STA,WIFI_DROP,
11.9632,18,STA,WIFI_DROP,
11.9632,19,STA,WIFI_DROP,
11.9656,5,STA,WIFI_DROP,
11.9656,18,STA,WIFI_DROP,
11.9656,19,STA,WIFI_DROP,
11.968,5,STA,WIFI_DROP,
11.968,18,STA,WIFI_DROP,
11.968,19,STA,WIFI_DROP,
11.9704,5,STA,WIFI_DROP,
11.9704,18,STA,WIFI_DROP,
11.9704,19,STA,WIFI_DROP,
11.9728,5,STA,WIFI_DROP,
11.9728,18,STA,WIFI_DROP,
11.9728,19,STA,WIFI_DROP,
11.9752,5,STA,WIFI_DROP,
11.9752,18,STA,WIFI_DROP,
11.9752,19,STA,WIFI_DROP,
11.9776,5,STA,WIFI_DROP,
11.9776,18,STA,WIFI_DROP,
11.9776,19,STA,WIFI_DROP,
11.98,5,STA,WIFI_DROP,
11.98,18,STA,WIFI_DROP,
11.98,19,STA,WIFI_DROP,
11.9824,5,STA,WIFI_DROP,
11.9824,18,STA,WIFI_DROP,
11.9824,19,STA,WIFI_DROP,
11.9848,5,STA,WIFI_DROP,
11.9848,18,STA,WIFI_DROP,
11.9848,19,STA,WIFI_DROP,
11.9872,5,STA,WIFI_DROP,
11.9872,18,STA,WIFI_DROP,
11.9872,19,STA,WIFI_DROP,
11.9896,5,STA,WIFI_DROP,
11.9896,18,STA,WIFI_DROP,
11.9896,19,STA,WIFI_DROP,
11.992,5,STA,WIFI_DROP,
11.992,18,STA,WIFI_DROP,
11.992,19,STA,WIFI_DROP,
11.9944,5,STA,WIFI_DROP,
11.9944,18,STA,WIFI_DROP,
11.9944,19,STA,WIFI_DROP,
11.9968,5,STA,WIFI_DROP,
11.9968,18,STA,WIFI_DROP,
11.9968,19,STA,WIFI_DROP,
11.9992,5,STA,WIFI_DROP,
11.9992,18,STA,WIFI_DROP,
11.9992,19,STA,WIFI_DROP,
12,2,STA,THROUGHPUT_MBPS,0.684000
12,4,STA,THROUGHPUT_MBPS,0.900000
12,5,STA,THROUGHPUT_MBPS,1.512000
12,7,STA,THROUGHPUT_MBPS,2.052000
12,8,STA,THROUGHPUT_MBPS,3.756000
12,9,STA,THROUGHPUT_MBPS,2.496000
12,14,STA,THROUGHPUT_MBPS,2.460000
12,15,STA,THROUGHPUT_MBPS,0.612000
12,20,STA,THROUGHPUT_MBPS,0.720000
12,21,STA,THROUGHPUT_MBPS,4.608000
12,1,AP,AGGREGATE_THROUGHPUT_MBPS,19.800000
12,1,AP,SENT_COUNT,8340.000000
12,1,AP,RECV_COUNT,1650.000000
12,1,AP,LATENCY_P95_MS,545.631875
12.0016,5,STA,WIFI_DROP,
12.0016,18,STA,WIFI_DROP,
12.0016,19,STA,WIFI_DROP,
12.004,5,STA,WIFI_DROP,
12.004,18,STA,WIFI_DROP,
12.004,19,STA,WIFI_DROP,
12.0064,5,STA,WIFI_DROP,
12.0064,18,STA,WIFI_DROP,
12.0064,19,STA,WIFI_DROP,
12.0088,5,STA,WIFI_DROP,
12.0088,18,STA,WIFI_DROP,
12.0088,19,STA,WIFI_DROP,
12.0112,5,STA,WIFI_DROP,
12.0112,18,STA,WIFI_DROP,
12.0112,19,STA,WIFI_DROP,
12.0136,5,STA,WIFI_DROP,
12.0136,18,STA,WIFI_DROP,
12.0136,19,STA,WIFI_DROP,
12.016,5,STA,WIFI_DROP,
12.016,18,STA,WIFI_DROP,
12.016,19,STA,WIFI_DROP,
12.0184,5,STA,WIFI_DROP,
12.0184,18,STA,WIFI_DROP,
12.0184,19,STA,WIFI_DROP,
12.0208,5,STA,WIFI_DROP,
12.0208,18,STA,WIFI_DROP,
12.0208,19,STA,WIFI_DROP,
12.0232,5,STA,WIFI_DROP,
12.0232,18,STA,WIFI_DROP,
12.0232,19,STA,WIFI_DROP,
12.0256,5,STA,WIFI_DROP,
12.0256,18,STA,WIFI_DROP,
12.0256,19,STA,WIFI_DROP,
12.028,5,STA,WIFI_DROP,
12.028,18,STA,WIFI_DROP,
12.028,19,STA,WIFI_DROP,
12.0304,5,STA,WIFI_DROP,
12.0304,18,STA,WIFI_DROP,
12.0304,19,STA,WIFI_DROP,
12.0328,5,STA,WIFI_DROP,
12.0328,18,STA,WIFI_DROP,
12.0328,19,STA,WIFI_DROP,
12.0352,5,STA,WIFI_DROP,
12.0352,18,STA,WIFI_DROP,
12.0376,5,STA,WIFI_DROP,
12.0376,18,STA,WIFI_DROP,
12.04,5,STA,WIFI_DROP,
12.04,18,STA,WIFI_DROP,
12.0424,5,STA,WIFI_DROP,
12.0424,18,STA,WIFI_DROP,
12.0448,5,STA,WIFI_DROP,
12.0448,18,STA,WIFI_DROP,
12.0472,5,STA,WIFI_DROP,
12.0472,18,STA,WIFI_DROP,
12.0496,5,STA,WIFI_DROP,
12.0496,18,STA,WIFI_DROP,
12.052,5,STA,WIFI_DROP,
12.052,18,STA,WIFI_DROP,
12.0544,5,STA,WIFI_DROP,
12.0544,18,STA,WIFI_DROP,
12.0568,5,STA,WIFI_DROP,
12.0568,18,STA,WIFI_DROP,
12.0592,5,STA,WIFI_DROP,
12.0592,18,STA,WIFI_DROP,
12.0616,5,STA,WIFI_DROP,
12.0616,18,STA,WIFI_DROP,
12.064,5,STA,WIFI_DROP,
12.064,18,STA,WIFI_DROP,
12.0664,5,STA,WIFI_DROP,
12.0688,5,STA,WIFI_DROP,
12.0712,5,STA,WIFI_DROP,
12.0736,5,STA,WIFI_DROP,
12.076,5,STA,WIFI_DROP,
12.0784,5,STA,WIFI_DROP,
12.0808,5,STA,WIFI_DROP,
12.0832,5,STA,WIFI_DROP,
12.0856,5,STA,WIFI_DROP,
12.088,5,STA,WIFI_DROP,
12.088,18,STA,WIFI_DROP,
12.0904,5,STA,WIFI_DROP,
12.0904,18,STA,WIFI_DROP,
12.0928,5,STA,WIFI_DROP,
12.0928,18,STA,WIFI_DROP,
12.0952,5,STA,WIFI_DROP,
12.0952,18,STA,WIFI_DROP,
12.0976,5,STA,WIFI_DROP,
12.0976,18,STA,WIFI_DROP,
12.1,5,STA,WIFI_DROP,
12.1,18,STA,WIFI_DROP,
12.1024,5,STA,WIFI_DROP,
12.1024,18,STA,WIFI_DROP,
12.1048,5,STA,WIFI_DROP,
12.1048,18,STA,WIFI_DROP,
12.1072,5,STA,WIFI_DROP,
12.1072,18,STA,WIFI_DROP,
12.1096,5,STA,WIFI_DROP,
12.1096,18,STA,WIFI_DROP,
12.112,5,STA,WIFI_DROP,
12.112,18,STA,WIFI_DROP,
12.1144,5,STA,WIFI_DROP,
12.1144,18,STA,WIFI_DROP,
12.1168,5,STA,WIFI_DROP,
12.1168,18,STA,WIFI_DROP,
12.1192,5,STA,WIFI_DROP,
12.1192,18,STA,WIFI_DROP,
12.1216,5,STA,WIFI_DROP,
12.1216,18,STA,WIFI_DROP,
12.124,5,STA,WIFI_DROP,
12.124,18,STA,WIFI_DROP,
12.1264,5,STA,WIFI_DROP,
12.1264,18,STA,WIFI_DROP,
12.1288,5,STA,WIFI_DROP,
12.1288,18,STA,WIFI_DROP,
12.1312,5,STA,WIFI_DROP,
12.1312,18,STA,WIFI_DROP,
12.1336,5,STA,WIFI_DROP,
12.1336,18,STA,WIFI_DROP,
12.136,5,STA,WIFI_DROP,
12.136,18,STA,WIFI_DROP,
12.1384,5,STA,WIFI_DROP,
12.1384,18,STA,WIFI_DROP,
12.1408,5,STA,WIFI_DROP,
12.1408,18,STA,WIFI_DROP,
12.1432,5,STA,WIFI_DROP,
12.1432,18,STA,WIFI_DROP,
12.1456,5,STA,WIFI_DROP,
12.1456,18,STA,WIFI_DROP,
12.148,5,STA,WIFI_DROP,
12.148,18,STA,WIFI_DROP,
12.1504,5,STA,WIFI_DROP,
12.1504,18,STA,WIFI_DROP,
12.1528,5,STA,WIFI_DROP,
12.1528,18,STA,WIFI_DROP,
12.1552,5,STA,WIFI_DROP,
12.1552,18,STA,WIFI_DROP,
12.1576,5,STA,WIFI_DROP,
12.1576,18,STA,WIFI_DROP,
12.16,5,STA,WIFI_DROP,
12.16,18,STA,WIFI_DROP,
12.1624,5,STA,WIFI_DROP,
12.1624,18,STA,WIFI_DROP,
12.1648,5,STA,WIFI_DROP,
12.1648,18,STA,WIFI_DROP,
12.1672,5,STA,WIFI_DROP,
12.1672,18,STA,WIFI_DROP,
12.1696,5,STA,WIFI_DROP,
12.1696,18,STA,WIFI_DROP,
12.172,5,STA,WIFI_DROP,
12.172,18,STA,WIFI_DROP,
12.1744,5,STA,WIFI_DROP,
12.1744,18,STA,WIFI_DROP,
12.1768,5,STA,WIFI_DROP,
12.1768,18,STA,WIFI_DROP,
12.1792,5,STA,WIFI_DROP,
12.1792,18,STA,WIFI_DROP,
12.1816,5,STA,WIFI_DROP,
12.1816,18,STA,WIFI_DROP,
12.184,5,STA,WIFI_DROP,
12.184,18,STA,WIFI_DROP,
12.1864,5,STA,WIFI_DROP,
12.1864,18,STA,WIFI_DROP,
12.1888,5,STA,WIFI_DROP,
12.1888,18,STA,WIFI_DROP,
12.1912,5,STA,WIFI_DROP,
12.1936,5,STA,WIFI_DROP,
12.196,5,STA,WIFI_DROP,
12.1984,5,STA,WIFI_DROP,
12.2008,5,STA,WIFI_DROP,
12.2032,5,STA,WIFI_DROP,
12.2056,5,STA,WIFI_DROP,
12.208,5,STA,WIFI_DROP,
12.2104,5,STA,WIFI_DROP,
12.2128,5,STA,WIFI_DROP,
12.2152,5,STA,WIFI_DROP,
12.2176,5,STA,WIFI_DROP,
12.22,5,STA,WIFI_DROP,
12.2224,5,STA,WIFI_DROP,
12.2248,5,STA,WIFI_DROP,
12.2272,5,STA,WIFI_DROP,
12.2296,5,STA,WIFI_DROP,
12.232,5,STA,WIFI_DROP,
12.2344,5,STA,WIFI_DROP,
12.2368,5,STA,WIFI_DROP,
12.2392,5,STA,WIFI_DROP,
12.2416,5,STA,WIFI_DROP,
12.244,5,STA,WIFI_DROP,
12.2464,5,STA,WIFI_DROP,
12.2488,5,STA,WIFI_DROP,
12.2512,5,STA,WIFI_DROP,
12.2536,5,STA,WIFI_DROP,
12.256,5,STA,WIFI_DROP,
12.2584,5,STA,WIFI_DROP,
12.2608,5,STA,WIFI_DROP,
12.2632,5,STA,WIFI_DROP,
12.2656,5,STA,WIFI_DROP,
12.268,5,STA,WIFI_DROP,
12.2704,5,STA,WIFI_DROP,
12.2728,5,STA,WIFI_DROP,
12.2752,5,STA,WIFI_DROP,
12.2776,5,STA,WIFI_DROP,
12.28,5,STA,WIFI_DROP,
12.2824,5,STA,WIFI_DROP,
12.2848,5,STA,WIFI_DROP,
12.2872,5,STA,WIFI_DROP,
12.2896,5,STA,WIFI_DROP,
12.292,5,STA,WIFI_DROP,
12.2944,5,STA,WIFI_DROP,
12.2968,5,STA,WIFI_DROP,
12.2968,10,STA,WIFI_DROP,
12.2968,12,STA,WIFI_DROP,
12.2992,5,STA,WIFI_DROP,
12.2992,10,STA,WIFI_DROP,
12.2992,12,STA,WIFI_DROP,
12.3016,5,STA,WIFI_DROP,
12.3016,10,STA,WIFI_DROP,
12.3016,12,STA,WIFI_DROP,
12.304,5,STA,WIFI_DROP,
12.304,10,STA,WIFI_DROP,
12.304,12,STA,WIFI_DROP,
12.3064,5,STA,WIFI_DROP,
12.3064,10,STA,WIFI_DROP,
12.3064,12,STA,WIFI_DROP,
12.3088,5,STA,WIFI_DROP,
12.3088,10,STA,WIFI_DROP,
12.3088,12,STA,WIFI_DROP,
12.3112,5,STA,WIFI_DROP,
12.3112,10,STA,WIFI_DROP,
12.3112,12,STA,WIFI_DROP,
12.3136,5,STA,WIFI_DROP,
12.3136,10,STA,WIFI_DROP,
12.3136,12,STA,WIFI_DROP,
12.316,5,STA,WIFI_DROP,
12.316,10,STA,WIFI_DROP,
12.316,12,STA,WIFI_DROP,
12.3184,5,STA,WIFI_DROP,
12.3184,10,STA,WIFI_DROP,
12.3184,12,STA,WIFI_DROP,
12.3208,5,STA,WIFI_DROP,
12.3208,10,STA,WIFI_DROP,
12.3208,12,STA,WIFI_DROP,
12.3232,5,STA,WIFI_DROP,
12.3232,10,STA,WIFI_DROP,
12.3232,12,STA,WIFI_DROP,
12.3256,5,STA,WIFI_DROP,
12.3256,10,STA,WIFI_DROP,
12.3256,12,STA,WIFI_DROP,
12.328,5,STA,WIFI_DROP,
12.328,10,STA,WIFI_DROP,
12.328,12,STA,WIFI_DROP,
12.3304,5,STA,WIFI_DROP,
12.3304,10,STA,WIFI_DROP,
12.3304,12,STA,WIFI_DROP,
12.3328,5,STA,WIFI_DROP,
12.3328,10,STA,WIFI_DROP,
12.3328,12,STA,WIFI_DROP,
12.3352,5,STA,WIFI_DROP,
12.3352,10,STA,WIFI_DROP,
12.3352,12,STA,WIFI_DROP,
12.3376,5,STA,WIFI_DROP,
12.3376,10,STA,WIFI_DROP,
12.3376,12,STA,WIFI_DROP,
12.34,5,STA,WIFI_DROP,
12.34,10,STA,WIFI_DROP,
12.34,12,STA,WIFI_DROP,
12.3424,5,STA,WIFI_DROP,
12.3424,10,STA,WIFI_DROP,
12.3424,12,STA,WIFI_DROP,
12.3448,5,STA,WIFI_DROP,
12.3448,10,STA,WIFI_DROP,
12.3448,12,STA,WIFI_DROP,
12.3472,5,STA,WIFI_DROP,
12.3472,10,STA,WIFI_DROP,
12.3472,12,STA,WIFI_DROP,
12.3496,5,STA,WIFI_DROP,
12.3496,10,STA,WIFI_DROP,
12.3496,12,STA,WIFI_DROP,
12.352,5,STA,WIFI_DROP,
12.352,10,STA,WIFI_DROP,
12.352,12,STA,WIFI_DROP,
12.3544,5,STA,WIFI_DROP,
12.3544,10,STA,WIFI_DROP,
12.3544,12,STA,WIFI_DROP,
12.3568,5,STA,WIFI_DROP,
12.3568,10,STA,WIFI_DROP,
12.3568,12,STA,WIFI_DROP,
12.3592,5,STA,WIFI_DROP,
12.3592,10,STA,WIFI_DROP,
12.3592,12,STA,WIFI_DROP,
12.3616,5,STA,WIFI_DROP,
12.3616,10,STA,WIFI_DROP,
12.3616,12,STA,WIFI_DROP,
12.364,5,STA,WIFI_DROP,
12.364,10,STA,WIFI_DROP,
12.364,12,STA,WIFI_DROP,
12.3664,5,STA,WIFI_DROP,
12.3664,10,STA,WIFI_DROP,
12.3664,12,STA,WIFI_DROP,
12.3688,5,STA,WIFI_DROP,
12.3688,10,STA,WIFI_DROP,
12.3688,12,STA,WIFI_DROP,
12.3712,5,STA,WIFI_DROP,
12.3712,10,STA,WIFI_DROP,
12.3712,12,STA,WIFI_DROP,
12.3736,5,STA,WIFI_DROP,
12.3736,10,STA,WIFI_DROP,
12.3736,12,STA,WIFI_DROP,
12.376,5,STA,WIFI_DROP,
12.376,10,STA,WIFI_DROP,
12.376,12,STA,WIFI_DROP,
12.3784,5,STA,WIFI_DROP,
12.3784,10,STA,WIFI_DROP,
12.3784,12,STA,WIFI_DROP,
12.3808,5,STA,WIFI_DROP,
12.3808,10,STA,WIFI_DROP,
12.3808,12,STA,WIFI_DROP,
12.3832,5,STA,WIFI_DROP,
12.3832,10,STA,WIFI_DROP,
12.3832,12,STA,WIFI_DROP,
12.3856,5,STA,WIFI_DROP,
12.3856,10,STA,WIFI_DROP,
12.3856,12,STA,WIFI_DROP,
12.388,10,STA,WIFI_DROP,
12.388,12,STA,WIFI_DROP,
12.3904,10,STA,WIFI_DROP,
12.3904,12,STA,WIFI_DROP,
12.3928,10,STA,WIFI_DROP,
12.3928,12,STA,WIFI_DROP,
12.3952,10,STA,WIFI_DROP,
12.3952,12,STA,WIFI_DROP,
12.3976,10,STA,WIFI_DROP,
12.4,10,STA,WIFI_DROP,
12.4024,10,STA,WIFI_DROP,
12.4048,10,STA,WIFI_DROP,
12.4072,10,STA,WIFI_DROP,
12.4096,10,STA,WIFI_DROP,
12.412,10,STA,WIFI_DROP,
12.4144,10,STA,WIFI_DROP,
12.4168,10,STA,WIFI_DROP,
12.4192,10,STA,WIFI_DROP,
12.4216,10,STA,WIFI_DROP,
12.424,10,STA,WIFI_DROP,
12.4264,10,STA,WIFI_DROP,
12.4288,10,STA,WIFI_DROP,
12.4312,10,STA,WIFI_DROP,
12.4336,10,STA,WIFI_DROP,
12.436,10,STA,WIFI_DROP,
12.4384,10,STA,WIFI_DROP,
12.4408,10,STA,WIFI_DROP,
12.4432,10,STA,WIFI_DROP,
12.4456,10,STA,WIFI_DROP,
12.448,10,STA,WIFI_DROP,
13,2,STA,THROUGHPUT_MBPS,1.644000
13,4,STA,THROUGHPUT_MBPS,2.832000
13,5,STA,THROUGHPUT_MBPS,0.552000
13,7,STA,THROUGHPUT_MBPS,2.100000
13,8,STA,THROUGHPUT_MBPS,3.948000
13,9,STA,THROUGHPUT_MBPS,2.580000
13,10,STA,THROUGHPUT_MBPS,0.504000
13,14,STA,THROUGHPUT_MBPS,1.656000
13,15,STA,THROUGHPUT_MBPS,4.896000
13,18,STA,THROUGHPUT_MBPS,1.212000
13,19,STA,THROUGHPUT_MBPS,0.696000
13,20,STA,THROUGHPUT_MBPS,1.260000
13,21,STA,THROUGHPUT_MBPS,2.664000
13,1,AP,AGGREGATE_THROUGHPUT_MBPS,26.544000
13,1,AP,SENT_COUNT,8320.000000
13,1,AP,RECV_COUNT,2212.000000
13,1,AP,LATENCY_P95_MS,537.736885
13.6288,16,STA,WIFI_DROP,
13.6312,16,STA,WIFI_DROP,
13.6336,16,STA,WIFI_DROP,
13.636,16,STA,WIFI_DROP,
13.6384,16,STA,WIFI_DROP,
13.6408,16,STA,WIFI_DROP,
13.6432,16,STA,WIFI_DROP,
13.6456,16,STA,WIFI_DROP,
13.648,16,STA,WIFI_DROP,
13.6504,16,STA,WIFI_DROP,
13.6528,16,STA,WIFI_DROP,
13.6552,16,STA,WIFI_DROP,
13.6576,16,STA,WIFI_DROP,
13.66,16,STA,WIFI_DROP,
13.6624,16,STA,WIFI_DROP,
13.6648,16,STA,WIFI_DROP,
13.6672,16,STA,WIFI_DROP,
13.6696,16,STA,WIFI_DROP,
13.672,16,STA,WIFI_DROP,
13.6744,16,STA,WIFI_DROP,
13.6768,16,STA,WIFI_DROP,
13.6792,16,STA,WIFI_DROP,
13.6816,16,STA,WIFI_DROP,
13.684,16,STA,WIFI_DROP,
13.6864,16,STA,WIFI_DROP,
13.6888,16,STA,WIFI_DROP,
13.6912,16,STA,WIFI_DROP,
13.6936,16,STA,WIFI_DROP,
13.696,16,STA,WIFI_DROP,
13.6984,16,STA,WIFI_DROP,
13.7008,16,STA,WIFI_DROP,
13.7032,16,STA,WIFI_DROP,
13.7056,16,STA,WIFI_DROP,
13.708,16,STA,WIFI_DROP,
13.7104,16,STA,WIFI_DROP,
13.7128,16,STA,WIFI_DROP,
13.7152,16,STA,WIFI_DROP,
13.7176,16,STA,WIFI_DROP,
13.72,16,STA,WIFI_DROP,
13.7224,16,STA,WIFI_DROP,
13.7248,16,STA,WIFI_DROP,
13.7272,16,STA,WIFI_DROP,
13.7296,16,STA,WIFI_DROP,
13.732,16,STA,WIFI_DROP,
13.7344,16,STA,WIFI_DROP,
13.7368,16,STA,WIFI_DROP,
13.7392,16,STA,WIFI_DROP,
13.7416,16,STA,WIFI_DROP,
13.744,16,STA,WIFI_DROP,
13.7464,16,STA,WIFI_DROP,
13.7488,16,STA,WIFI_DROP,
13.7512,16,STA,WIFI_DROP,
13.7536,16,STA,WIFI_DROP,
13.756,16,STA,WIFI_DROP,
13.7584,16,STA,WIFI_DROP,
13.7608,16,STA,WIFI_DROP,
13.7632,16,STA,WIFI_DROP,
13.7656,16,STA,WIFI_DROP,
13.768,16,STA,WIFI_DROP,
13.7704,16,STA,WIFI_DROP,
13.7728,16,STA,WIFI_DROP,
13.7752,16,STA,WIFI_DROP,
13.7776,16,STA,WIFI_DROP,
13.78,16,STA,WIFI_DROP,
13.7824,16,STA,WIFI_DROP,
13.7848,16,STA,WIFI_DROP,
13.7872,16,STA,WIFI_DROP,
13.7896,16,STA,WIFI_DROP,
13.792,16,STA,WIFI_DROP,
13.7944,16,STA,WIFI_DROP,
13.7968,16,STA,WIFI_DROP,
13.7992,16,STA,WIFI_DROP,
13.8016,16,STA,WIFI_DROP,
13.804,16,STA,WIFI_DROP,
13.8064,16,STA,WIFI_DROP,
13.8088,16,STA,WIFI_DROP,
13.8112,16,STA,WIFI_DROP,
13.8136,16,STA,WIFI_DROP,
13.816,16,STA,WIFI_DROP,
13.8184,16,STA,WIFI_DROP,
13.8208,16,STA,WIFI_DROP,
13.8232,16,STA,WIFI_DROP,
13.8256,16,STA,WIFI_DROP,
13.828,16,STA,WIFI_DROP,
13.8304,16,STA,WIFI_DROP,
13.8328,16,STA,WIFI_DROP,
13.8352,16,STA,WIFI_DROP,
13.8376,16,STA,WIFI_DROP,
13.84,16,STA,WIFI_DROP,
13.8424,16,STA,WIFI_DROP,
13.8448,16,STA,WIFI_DROP,
13.8472,16,STA,WIFI_DROP,
13.8496,16,STA,WIFI_DROP,
13.852,16,STA,WIFI_DROP,
13.8544,16,STA,WIFI_DROP,
13.8568,16,STA,WIFI_DROP,
13.8592,16,STA,WIFI_DROP,
13.8616,16,STA,WIFI_DROP,
13.864,16,STA,WIFI_DROP,
13.8664,16,STA,WIFI_DROP,
13.8688,16,STA,WIFI_DROP,
13.8712,16,STA,WIFI_DROP,
13.8736,16,STA,WIFI_DROP,
13.876,16,STA,WIFI_DROP,
13.8784,16,STA,WIFI_DROP,
13.8808,16,STA,WIFI_DROP,
13.8832,16,STA,WIFI_DROP,
13.8856,16,STA,WIFI_DROP,
13.888,16,STA,WIFI_DROP,
13.8904,16,STA,WIFI_DROP,
13.8928,16,STA,WIFI_DROP,
13.8952,16,STA,WIFI_DROP,
13.8976,16,STA,WIFI_DROP,
13.9,16,STA,WIFI_DROP,
13.9024,16,STA,WIFI_DROP,
13.9048,16,STA,WIFI_DROP,
13.9072,16,STA,WIFI_DROP,
13.9096,16,STA,WIFI_DROP,
13.912,16,STA,WIFI_DROP,
13.9144,16,STA,WIFI_DROP,
13.9168,16,STA,WIFI_DROP,
13.9192,16,STA,WIFI_DROP,
13.9216,16,STA,WIFI_DROP,
13.924,16,STA,WIFI_DROP,
13.9264,16,STA,WIFI_DROP,
13.9288,16,STA,WIFI_DROP,
13.9312,16,STA,WIFI_DROP,
13.9336,16,STA,WIFI_DROP,
13.936,16,STA,WIFI_DROP,
13.9384,16,STA,WIFI_DROP,
13.9408,16,STA,WIFI_DROP,
13.9432,16,STA,WIFI_DROP,
13.9456,16,STA,WIFI_DROP,
13.948,16,STA,WIFI_DROP,
13.9504,16,STA,WIFI_DROP,
13.9528,16,STA,WIFI_DROP,
13.9552,16,STA,WIFI_DROP,
13.9576,16,STA,WIFI_DROP,
13.96,16,STA,WIFI_DROP,
13.9624,16,STA,WIFI_DROP,
13.9648,16,STA,WIFI_DROP,
13.9672,16,STA,WIFI_DROP,
13.9696,16,STA,WIFI_DROP,
13.972,16,STA,WIFI_DROP,
13.9744,16,STA,WIFI_DROP,
13.9768,16,STA,WIFI_DROP,
13.9792,16,STA,WIFI_DROP,
13.9816,16,STA,WIFI_DROP,
13.984,16,STA,WIFI_DROP,
13.9864,16,STA,WIFI_DROP,
13.9888,16,STA,WIFI_DROP,
13.9912,16,STA,WIFI_DROP,
13.9936,16,STA,WIFI_DROP,
13.996,16,STA,WIFI_DROP,
13.9984,16,STA,WIFI_DROP,
14,2,STA,THROUGHPUT_MBPS,2.004000
14,4,STA,THROUGHPUT_MBPS,0.996000
14,5,STA,THROUGHPUT_MBPS,1.608000
14,7,STA,THROUGHPUT_MBPS,1.848000
14,8,STA,THROUGHPUT_MBPS,1.164000
14,9,STA,THROUGHPUT_MBPS,2.820000
14,10,STA,THROUGHPUT_MBPS,3.156000
14,14,STA,THROUGHPUT_MBPS,1.080000
14,15,STA,THROUGHPUT_MBPS,2.964000
14,18,STA,THROUGHPUT_MBPS,2.376000
14,19,STA,THROUGHPUT_MBPS,1.860000
14,20,STA,THROUGHPUT_MBPS,0.360000
14,21,STA,THROUGHPUT_MBPS,2.460000
14,1,AP,AGGREGATE_THROUGHPUT_MBPS,24.696000
14,1,AP,SENT_COUNT,8340.000000
14,1,AP,RECV_COUNT,2058.000000
14,1,AP,LATENCY_P95_MS,536.728692
14.0008,16,STA,WIFI_DROP,
14.0032,16,STA,WIFI_DROP,
14.0056,16,STA,WIFI_DROP,
14.008,16,STA,WIFI_DROP,
14.0104,16,STA,WIFI_DROP,
14.0128,16,STA,WIFI_DROP,
14.0152,16,STA,WIFI_DROP,
14.0176,16,STA,WIFI_DROP,
14.02,16,STA,WIFI_DROP,
14.0224,16,STA,WIFI_DROP,
14.0248,16,STA,WIFI_DROP,
14.0272,16,STA,WIFI_DROP,
14.0296,16,STA,WIFI_DROP,
14.032,16,STA,WIFI_DROP,
14.0344,16,STA,WIFI_DROP,
14.0368,16,STA,WIFI_DROP,
14.0392,16,STA,WIFI_DROP,
14.0416,16,STA,WIFI_DROP,
14.044,16,STA,WIFI_DROP,
14.0464,16,STA,WIFI_DROP,
14.0488,16,STA,WIFI_DROP,
14.0512,16,STA,WIFI_DROP,
14.0536,16,STA,WIFI_DROP,
14.056,16,STA,WIFI_DROP,
14.0584,16,STA,WIFI_DROP,
14.0608,16,STA,WIFI_DROP,
14.0632,16,STA,WIFI_DROP,
14.0656,16,STA,WIFI_DROP,
14.068,16,STA,WIFI_DROP,
14.0704,16,STA,WIFI_DROP,
14.0728,16,STA,WIFI_DROP,
14.0752,16,STA,WIFI_DROP,
14.0776,16,STA,WIFI_DROP,
14.08,16,STA,WIFI_DROP,
14.0824,16,STA,WIFI_DROP,
14.0848,16,STA,WIFI_DROP,
14.0872,16,STA,WIFI_DROP,
14.0896,16,STA,WIFI_DROP,
14.092,16,STA,WIFI_DROP,
14.0944,16,STA,WIFI_DROP,
14.0968,16,STA,WIFI_DROP,
14.0992,16,STA,WIFI_DROP,
14.1016,16,STA,WIFI_DROP,
14.104,16,STA,WIFI_DROP,
14.1064,16,STA,WIFI_DROP,
14.1088,16,STA,WIFI_DROP,
14.1112,16,STA,WIFI_DROP,
14.1136,16,STA,WIFI_DROP,
14.116,16,STA,WIFI_DROP,
14.1184,16,STA,WIFI_DROP,
14.1208,16,STA,WIFI_DROP,
14.1232,16,STA,WIFI_DROP,
14.1256,16,STA,WIFI_DROP,
14.128,16,STA,WIFI_DROP,
14.1304,16,STA,WIFI_DROP,
14.1328,16,STA,WIFI_DROP,
14.1352,16,STA,WIFI_DROP,
14.1376,16,STA,WIFI_DROP,
14.14,16,STA,WIFI_DROP,
14.1424,16,STA,WIFI_DROP,
14.1448,16,STA,WIFI_DROP,
14.1472,16,STA,WIFI_DROP,
14.1496,16,STA,WIFI_DROP,
14.152,16,STA,WIFI_DROP,
14.1544,16,STA,WIFI_DROP,
14.1568,16,STA,WIFI_DROP,
14.1592,16,STA,WIFI_DROP,
14.1616,16,STA,WIFI_DROP,
14.164,16,STA,WIFI_DROP,
14.1664,16,STA,WIFI_DROP,
14.1688,16,STA,WIFI_DROP,
14.1712,16,STA,WIFI_DROP,
14.1736,16,STA,WIFI_DROP,
14.176,16,STA,WIFI_DROP,
14.1784,16,STA,WIFI_DROP,
14.5552,14,STA,WIFI_DROP,
14.5576,14,STA,WIFI_DROP,
14.56,14,STA,WIFI_DROP,
14.5624,14,STA,WIFI_DROP,
14.5648,14,STA,WIFI_DROP,
14.5672,14,STA,WIFI_DROP,
14.5696,14,STA,WIFI_DROP,
14.572,14,STA,WIFI_DROP,
14.5744,14,STA,WIFI_DROP,
14.5768,14,STA,WIFI_DROP,
14.5792,14,STA,WIFI_DROP,
14.5816,14,STA,WIFI_DROP,
14.584,14,STA,WIFI_DROP,
14.5864,14,STA,WIFI_DROP,
14.5888,14,STA,WIFI_DROP,
14.5912,14,STA,WIFI_DROP,
14.5936,14,STA,WIFI_DROP,
14.596,14,STA,WIFI_DROP,
14.5984,14,STA,WIFI_DROP,
14.6008,14,STA,WIFI_DROP,
14.6032,14,STA,WIFI_DROP,
14.6056,14,STA,WIFI_DROP,
14.608,14,STA,WIFI_DROP,
14.6104,14,STA,WIFI_DROP,
14.6128,14,STA,WIFI_DROP,
14.6152,14,STA,WIFI_DROP,
14.6176,14,STA,WIFI_DROP,
14.62,14,STA,WIFI_DROP,
14.6224,14,STA,WIFI_DROP,
14.6248,14,STA,WIFI_DROP,
14.6272,14,STA,WIFI_DROP,
14.6296,14,STA,WIFI_DROP,
14.632,14,STA,WIFI_DROP,
14.6344,14,STA,WIFI_DROP,
14.6368,14,STA,WIFI_DROP,
14.6392,14,STA,WIFI_DROP,
14.6416,14,STA,WIFI_DROP,
14.644,14,STA,WIFI_DROP,
14.6464,14,STA,WIFI_DROP,
14.6488,14,STA,WIFI_DROP,
14.6512,14,STA,WIFI_DROP,
14.6536,4,STA,WIFI_DROP,
14.6536,14,STA,WIFI_DROP,
14.656,4,STA,WIFI_DROP,
14.656,14,STA,WIFI_DROP,
14.6584,4,STA,WIFI_DROP,
14.6584,14,STA,WIFI_DROP,
14.6608,4,STA,WIFI_DROP,
14.6608,14,STA,WIFI_DROP,
14.6632,4,STA,WIFI_DROP,
14.6632,14,STA,WIFI_DROP,
14.6656,4,STA,WIFI_DROP,
14.6656,14,STA,WIFI_DROP,
14.668,4,STA,WIFI_DROP,
14.668,14,STA,WIFI_DROP,
14.6704,4,STA,WIFI_DROP,
14.6704,14,STA,WIFI_DROP,
14.6728,4,STA,WIFI_DROP,
14.6728,14,STA,WIFI_DROP,
14.6752,4,STA,WIFI_DROP,
14.6752,14,STA,WIFI_DROP,
14.6776,4,STA,WIFI_DROP,
14.6776,14,STA,WIFI_DROP,
14.68,4,STA,WIFI_DROP,
14.68,14,STA,WIFI_DROP,
14.6824,4,STA,WIFI_DROP,
14.6824,14,STA,WIFI_DROP,
14.6848,4,STA,WIFI_DROP,
14.6848,14,STA,WIFI_DROP,
14.6872,4,STA,WIFI_DROP,
14.6872,14,STA,WIFI_DROP,
14.6896,4,STA,WIFI_DROP,
14.6896,14,STA,WIFI_DROP,
14.692,4,STA,WIFI_DROP,
14.692,14,STA,WIFI_DROP,
14.6944,4,STA,WIFI_DROP,
14.6944,14,STA,WIFI_DROP,
14.6968,4,STA,WIFI_DROP,
14.6968,14,STA,WIFI_DROP,
14.6992,4,STA,WIFI_DROP,
14.6992,14,STA,WIFI_DROP,
14.7016,4,STA,WIFI_DROP,
14.7016,14,STA,WIFI_DROP,
14.704,4,STA,WIFI_DROP,
14.704,14,STA,WIFI_DROP,
14.704,16,STA,WIFI_DROP,
14.7064,4,STA,WIFI_DROP,
14.7064,14,STA,WIFI_DROP,
14.7064,16,STA,WIFI_DROP,
14.7088,4,STA,WIFI_DROP,
14.7088,14,STA,WIFI_DROP,
14.7088,16,STA,WIFI_DROP,
14.7112,4,STA,WIFI_DROP,
14.7112,16,STA,WIFI_DROP,
14.7136,4,STA,WIFI_DROP,
14.7136,16,STA,WIFI_DROP,
14.716,4,STA,WIFI_DROP,
14.716,16,STA,WIFI_DROP,
14.7184,4,STA,WIFI_DROP,
14.7184,16,STA,WIFI_DROP,
14.7208,4,STA,WIFI_DROP,
14.7208,16,STA,WIFI_DROP,
14.7232,4,STA,WIFI_DROP,
14.7232,16,STA,WIFI_DROP,
14.7256,4,STA,WIFI_DROP,
14.7256,16,STA,WIFI_DROP,
14.728,4,STA,WIFI_DROP,
14.728,16,STA,WIFI_DROP,
14.7304,4,STA,WIFI_DROP,
14.7304,16,STA,WIFI_DROP,
14.7328,4,STA,WIFI_DROP,
14.7328,16,STA,WIFI_DROP,
14.7352,4,STA,WIFI_DROP,
14.7352,16,STA,WIFI_DROP,
14.7376,4,STA,WIFI_DROP,
14.7376,16,STA,WIFI_DROP,
14.74,4,STA,WIFI_DROP,
14.74,16,STA,WIFI_DROP,
14.7424,4,STA,WIFI_DROP,
14.7424,16,STA,WIFI_DROP,
14.7448,4,STA,WIFI_DROP,
14.7448,16,STA,WIFI_DROP,
14.7472,4,STA,WIFI_DROP,
14.7472,16,STA,WIFI_DROP,
14.7496,4,STA,WIFI_DROP,
14.7496,16,STA,WIFI_DROP,
14.752,4,STA,WIFI_DROP,
14.752,16,STA,WIFI_DROP,
14.7544,4,STA,WIFI_DROP,
14.7544,16,STA,WIFI_DROP,
14.7568,4,STA,WIFI_DROP,
14.7568,16,STA,WIFI_DROP,
14.7592,4,STA,WIFI_DROP,
14.7592,16,STA,WIFI_DROP,
14.7616,4,STA,WIFI_DROP,
14.7616,16,STA,WIFI_DROP,
14.764,4,STA,WIFI_DROP,
14.764,16,STA,WIFI_DROP,
14.7664,4,STA,WIFI_DROP,
14.7664,16,STA,WIFI_DROP,
14.7688,4,STA,WIFI_DROP,
14.7688,16,STA,WIFI_DROP,
14.7712,4,STA,WIFI_DROP,
14.7712,16,STA,WIFI_DROP,
14.7736,4,STA,WIFI_DROP,
14.7736,16,STA,WIFI_DROP,
14.776,4,STA,WIFI_DROP,
14.776,16,STA,WIFI_DROP,
14.7784,4,STA,WIFI_DROP,
14.7784,16,STA,WIFI_DROP,
14.7808,4,STA,WIFI_DROP,
14.7808,16,STA,WIFI_DROP,
14.7832,4,STA,WIFI_DROP,
14.7832,16,STA,WIFI_DROP,
14.7856,4,STA,WIFI_DROP,
14.7856,16,STA,WIFI_DROP,
14.788,4,STA,WIFI_DROP,
14.788,16,STA,WIFI_DROP,
14.7904,4,STA,WIFI_DROP,
14.7904,16,STA,WIFI_DROP,
14.7928,4,STA,WIFI_DROP,
14.7928,16,STA,WIFI_DROP,
14.7952,4,STA,WIFI_DROP,
14.7952,16,STA,WIFI_DROP,
14.7976,4,STA,WIFI_DROP,
14.7976,16,STA,WIFI_DROP,
14.8,4,STA,WIFI_DROP,
14.8,16,STA,WIFI_DROP,
14.8024,4,STA,WIFI_DROP,
14.8024,16,STA,WIFI_DROP,
14.8048,4,STA,WIFI_DROP,
14.8072,4,STA,WIFI_DROP,
14.8096,4,STA,WIFI_DROP,
14.8576,6,STA,WIFI_DROP,
14.8576,7,STA,WIFI_DROP,
14.86,6,STA,WIFI_DROP,
14.86,7,STA,WIFI_DROP,
14.8624,6,STA,WIFI_DROP,
14.8624,7,STA,WIFI_DROP,
14.8648,6,STA,WIFI_DROP,
14.8648,7,STA,WIFI_DROP,
14.8672,6,STA,WIFI_DROP,
14.8672,7,STA,WIFI_DROP,
14.8696,6,STA,WIFI_DROP,
14.8696,7,STA,WIFI_DROP,
14.872,6,STA,WIFI_DROP,
14.872,7,STA,WIFI_DROP,
14.8744,6,STA,WIFI_DROP,
14.8744,7,STA,WIFI_DROP,
14.8768,6,STA,WIFI_DROP,
14.8768,7,STA,WIFI_DROP,
14.8792,6,STA,WIFI_DROP,
14.8792,7,STA,WIFI_DROP,
14.8816,6,STA,WIFI_DROP,
14.8816,7,STA,WIFI_DROP,
14.884,6,STA,WIFI_DROP,
14.884,7,STA,WIFI_DROP,
14.8864,6,STA,WIFI_DROP,
14.8864,7,STA,WIFI_DROP,
14.8888,6,STA,WIFI_DROP,
14.8888,7,STA,WIFI_DROP,
14.8912,6,STA,WIFI_DROP,
14.8912,7,STA,WIFI_DROP,
14.8936,6,STA,WIFI_DROP,
14.8936,7,STA,WIFI_DROP,
14.896,6,STA,WIFI_DROP,
14.896,7,STA,WIFI_DROP,
14.8984,6,STA,WIFI_DROP,
14.8984,7,STA,WIFI_DROP,
14.9008,6,STA,WIFI_DROP,
14.9008,7,STA,WIFI_DROP,
14.9032,6,STA,WIFI_DROP,
14.9032,7,STA,WIFI_DROP,
14.9056,6,STA,WIFI_DROP,
14.9056,7,STA,WIFI_DROP,
14.908,6,STA,WIFI_DROP,
14.908,7,STA,WIFI_DROP,
14.9104,6,STA,WIFI_DROP,
14.9104,7,STA,WIFI_DROP,
14.9128,6,STA,WIFI_DROP,
14.9128,7,STA,WIFI_DROP,
14.9152,6,STA,WIFI_DROP,
14.9152,7,STA,WIFI_DROP,
14.9176,6,STA,WIFI_DROP,
14.9176,7,STA,WIFI_DROP,
14.92,6,STA,WIFI_DROP,
14.92,7,STA,WIFI_DROP,
14.9224,6,STA,WIFI_DROP,
14.9224,7,STA,WIFI_DROP,
14.9248,6,STA,WIFI_DROP,
14.9248,7,STA,WIFI_DROP,
14.9272,6,STA,WIFI_DROP,
14.9272,7,STA,WIFI_DROP,
14.9296,6,STA,WIFI_DROP,
14.9296,7,STA,WIFI_DROP,
14.932,6,STA,WIFI_DROP,
14.932,7,STA,WIFI_DROP,
14.9344,6,STA,WIFI_DROP,
14.9344,7,STA,WIFI_DROP,
14.9368,6,STA,WIFI_DROP,
14.9368,7,STA,WIFI_DROP,
14.9392,6,STA,WIFI_DROP,
14.9392,7,STA,WIFI_DROP,
14.9416,6,STA,WIFI_DROP,
14.9416,7,STA,WIFI_DROP,
14.944,6,STA,WIFI_DROP,
14.944,7,STA,WIFI_DROP,
14.9464,6,STA,WIFI_DROP,
14.9464,7,STA,WIFI_DROP,
14.9488,6,STA,WIFI_DROP,
14.9488,7,STA,WIFI_DROP,
14.9512,6,STA,WIFI_DROP,
14.9512,7,STA,WIFI_DROP,
14.9536,6,STA,WIFI_DROP,
14.9536,7,STA,WIFI_DROP,
14.956,6,STA,WIFI_DROP,
14.956,7,STA,WIFI_DROP,
14.9584,6,STA,WIFI_DROP,
14.9584,7,STA,WIFI_DROP,
14.9608,6,STA,WIFI_DROP,
14.9608,7,STA,WIFI_DROP,
14.9632,6,STA,WIFI_DROP,
14.9632,7,STA,WIFI_DROP,
14.9656,6,STA,WIFI_DROP,
14.9656,7,STA,WIFI_DROP,
14.968,6,STA,WIFI_DROP,
14.968,7,STA,WIFI_DROP,
14.9704,6,STA,WIFI_DROP,
14.9704,7,STA,WIFI_DROP,
14.9728,6,STA,WIFI_DROP,
14.9728,7,STA,WIFI_DROP,
14.9752,6,STA,WIFI_DROP,
14.9752,7,STA,WIFI_DROP,
14.9776,6,STA,WIFI_DROP,
14.9776,7,STA,WIFI_DROP,
14.98,6,STA,WIFI_DROP,
14.98,7,STA,WIFI_DROP,
14.9824,6,STA,WIFI_DROP,
14.9824,7,STA,WIFI_DROP,
14.9848,6,STA,WIFI_DROP,
14.9848,7,STA,WIFI_DROP,
14.9872,6,STA,WIFI_DROP,
14.9872,7,STA,WIFI_DROP,
14.9896,6,STA,WIFI_DROP,
14.9896,7,STA,WIFI_DROP,
14.992,6,STA,WIFI_DROP,
14.992,7,STA,WIFI_DROP,
14.9944,6,STA,WIFI_DROP,
14.9944,7,STA,WIFI_DROP,
14.9968,6,STA,WIFI_DROP,
14.9968,7,STA,WIFI_DROP,
14.9992,6,STA,WIFI_DROP,
14.9992,7,STA,WIFI_DROP,
15,2,STA,THROUGHPUT_MBPS,5.280000
15,4,STA,THROUGHPUT_MBPS,1.500000
15,5,STA,THROUGHPUT_MBPS,0.696000
15,7,STA,THROUGHPUT_MBPS,1.188000
15,8,STA,THROUGHPUT_MBPS,1.584000
15,9,STA,THROUGHPUT_MBPS,0.864000
15,10,STA,THROUGHPUT_MBPS,0.600000
15,12,STA,THROUGHPUT_MBPS,0.636000
15,14,STA,THROUGHPUT_MBPS,2.544000
15,15,STA,THROUGHPUT_MBPS,2.268000
15,16,STA,THROUGHPUT_MBPS,0.360000
15,19,STA,THROUGHPUT_MBPS,1.992000
15,20,STA,THROUGHPUT_MBPS,2.832000
15,21,STA,THROUGHPUT_MBPS,1.488000
15,1,AP,AGGREGATE_THROUGHPUT_MBPS,23.832000
15,1,AP,SENT_COUNT,8340.000000
15,1,AP,RECV_COUNT,1986.000000
15,1,AP,LATENCY_P95_MS,535.105173
15.0016,6,STA,WIFI_DROP,
15.0016,7,STA,WIFI_DROP,
15.004,6,STA,WIFI_DROP,
15.004,7,STA,WIFI_DROP,
15.0064,6,STA,WIFI_DROP,
15.0064,7,STA,WIFI_DROP,
15.0088,6,STA,WIFI_DROP,
15.0088,7,STA,WIFI_DROP,
15.0112,6,STA,WIFI_DROP,
15.0112,7,STA,WIFI_DROP,
15.0136,6,STA,WIFI_DROP,
15.0136,7,STA,WIFI_DROP,
15.016,7,STA,WIFI_DROP,
15.0184,7,STA,WIFI_DROP,
15.0208,7,STA,WIFI_DROP,
15.0232,7,STA,WIFI_DROP,
15.0256,7,STA,WIFI_DROP,
15.028,7,STA,WIFI_DROP,
15.0304,7,STA,WIFI_DROP,
15.0328,7,STA,WIFI_DROP,
15.0352,7,STA,WIFI_DROP,
15.0376,7,STA,WIFI_DROP,
15.04,7,STA,WIFI_DROP,
15.0424,7,STA,WIFI_DROP,
15.0448,7,STA,WIFI_DROP,
15.0472,7,STA,WIFI_DROP,
15.0496,7,STA,WIFI_DROP,
15.052,7,STA,WIFI_DROP,
15.0544,7,STA,WIFI_DROP,
15.0568,7,STA,WIFI_DROP,
15.064,17,STA,WIFI_DROP,
15.0664,17,STA,WIFI_DROP,
15.0688,17,STA,WIFI_DROP,
15.0712,17,STA,WIFI_DROP,
15.0736,17,STA,WIFI_DROP,
15.076,17,STA,WIFI_DROP,
15.0784,17,STA,WIFI_DROP,
15.0808,17,STA,WIFI_DROP,
15.0832,17,STA,WIFI_DROP,
15.0856,17,STA,WIFI_DROP,
15.088,17,STA,WIFI_DROP,
15.0904,17,STA,WIFI_DROP,
15.0928,17,STA,WIFI_DROP,
15.0952,17,STA,WIFI_DROP,
15.0976,17,STA,WIFI_DROP,
15.1,17,STA,WIFI_DROP,
15.1024,17,STA,WIFI_DROP,
15.1048,17,STA,WIFI_DROP,
15.1072,17,STA,WIFI_DROP,
15.1096,17,STA,WIFI_DROP,
15.112,17,STA,WIFI_DROP,
15.1144,17,STA,WIFI_DROP,
15.1168,17,STA,WIFI_DROP,
15.1192,17,STA,WIFI_DROP,
15.1216,17,STA,WIFI_DROP,
15.124,17,STA,WIFI_DROP,
15.1264,17,STA,WIFI_DROP,
15.1288,17,STA,WIFI_DROP,
15.1312,17,STA,WIFI_DROP,
15.1336,17,STA,WIFI_DROP,
15.136,17,STA,WIFI_DROP,
15.1384,17,STA,WIFI_DROP,
15.1408,17,STA,WIFI_DROP,
15.1432,17,STA,WIFI_DROP,
15.1456,17,STA,WIFI_DROP,
15.148,17,STA,WIFI_DROP,
15.1504,17,STA,WIFI_DROP,
15.1528,17,STA,WIFI_DROP,
15.1552,17,STA,WIFI_DROP,
15.1576,17,STA,WIFI_DROP,
15.16,17,STA,WIFI_DROP,
15.1624,17,STA,WIFI_DROP,
15.1648,17,STA,WIFI_DROP,
15.1672,17,STA,WIFI_DROP,
15.1696,17,STA,WIFI_DROP,
15.172,17,STA,WIFI_DROP,
15.1744,17,STA,WIFI_DROP,
15.1768,17,STA,WIFI_DROP,
15.1792,17,STA,WIFI_DROP,
15.1816,17,STA,WIFI_DROP,
15.184,17,STA,WIFI_DROP,
15.1864,17,STA,WIFI_DROP,
15.1888,17,STA,WIFI_DROP,
15.1912,17,STA,WIFI_DROP,
15.1936,17,STA,WIFI_DROP,
15.196,17,STA,WIFI_DROP,
15.1984,17,STA,WIFI_DROP,
15.2008,17,STA,WIFI_DROP,
15.2032,17,STA,WIFI_DROP,
15.2056,17,STA,WIFI_DROP,
15.208,17,STA,WIFI_DROP,
15.2104,17,STA,WIFI_DROP,
15.2128,17,STA,WIFI_DROP,
15.2152,17,STA,WIFI_DROP,
16,2,STA,THROUGHPUT_MBPS,2.244000
16,4,STA,THROUGHPUT_MBPS,1.788000
16,5,STA,THROUGHPUT_MBPS,1.272000
16,7,STA,THROUGHPUT_MBPS,1.464000
16,8,STA,THROUGHPUT_MBPS,1.848000
16,9,STA,THROUGHPUT_MBPS,1.944000
16,10,STA,THROUGHPUT_MBPS,1.644000
16,12,STA,THROUGHPUT_MBPS,0.456000
16,14,STA,THROUGHPUT_MBPS,2.832000
16,15,STA,THROUGHPUT_MBPS,2.604000
16,17,STA,THROUGHPUT_MBPS,2.028000
16,18,STA,THROUGHPUT_MBPS,0.588000
16,19,STA,THROUGHPUT_MBPS,1.188000
16,20,STA,THROUGHPUT_MBPS,0.936000
16,21,STA,THROUGHPUT_MBPS,3.036000
16,1,AP,AGGREGATE_THROUGHPUT_MBPS,25.872000
16,1,AP,SENT_COUNT,8320.000000
16,1,AP,RECV_COUNT,2156.000000
16,1,AP,LATENCY_P95_MS,533.817814
16.2904,4,STA,WIFI_DROP,
16.2928,4,STA,WIFI_DROP,
16.2952,4,STA,WIFI_DROP,
16.2976,4,STA,WIFI_DROP,
16.3,4,STA,WIFI_DROP,
16.3024,4,STA,WIFI_DROP,
16.3048,4,STA,WIFI_DROP,
16.3072,4,STA,WIFI_DROP,
16.3096,4,STA,WIFI_DROP,
16.312,4,STA,WIFI_DROP,
16.3144,4,STA,WIFI_DROP,
16.3168,4,STA,WIFI_DROP,
16.3192,4,STA,WIFI_DROP,
16.3216,4,STA,WIFI_DROP,
16.324,4,STA,WIFI_DROP,
16.3264,4,STA,WIFI_DROP,
16.3288,4,STA,WIFI_DROP,
16.3312,4,STA,WIFI_DROP,
16.3336,4,STA,WIFI_DROP,
16.336,4,STA,WIFI_DROP,
16.3384,4,STA,WIFI_DROP,
16.3408,4,STA,WIFI_DROP,
16.3432,4,STA,WIFI_DROP,
16.3456,4,STA,WIFI_DROP,
16.348,4,STA,WIFI_DROP,
16.3504,4,STA,WIFI_DROP,
16.3528,4,STA,WIFI_DROP,
16.3552,4,STA,WIFI_DROP,
16.3576,4,STA,WIFI_DROP,
16.36,4,STA,WIFI_DROP,
16.3624,4,STA,WIFI_DROP,
16.3648,4,STA,WIFI_DROP,
16.3672,4,STA,WIFI_DROP,
16.3696,4,STA,WIFI_DROP,
16.372,4,STA,WIFI_DROP,
16.3744,4,STA,WIFI_DROP,
16.3768,4,STA,WIFI_DROP,
16.3792,4,STA,WIFI_DROP,
16.3816,4,STA,WIFI_DROP,
16.384,4,STA,WIFI_DROP,
16.3864,4,STA,WIFI_DROP,
16.3888,4,STA,WIFI_DROP,
16.3912,4,STA,WIFI_DROP,
16.3936,4,STA,WIFI_DROP,
16.3936,17,STA,WIFI_DROP,
16.396,4,STA,WIFI_DROP,
16.396,17,STA,WIFI_DROP,
16.3984,4,STA,WIFI_DROP,
16.3984,17,STA,WIFI_DROP,
16.4008,4,STA,WIFI_DROP,
16.4008,17,STA,WIFI_DROP,
16.4032,4,STA,WIFI_DROP,
16.4032,17,STA,WIFI_DROP,
16.4056,4,STA,WIFI_DROP,
16.4056,17,STA,WIFI_DROP,
16.408,4,STA,WIFI_DROP,
16.408,17,STA,WIFI_DROP,
16.4104,4,STA,WIFI_DROP,
16.4104,17,STA,WIFI_DROP,
16.4128,4,STA,WIFI_DROP,
16.4128,17,STA,WIFI_DROP,
16.4152,4,STA,WIFI_DROP,
16.4152,17,STA,WIFI_DROP,
16.4176,4,STA,WIFI_DROP,
16.4176,17,STA,WIFI_DROP,
16.42,4,STA,WIFI_DROP,
16.42,17,STA,WIFI_DROP,
16.4224,4,STA,WIFI_DROP,
16.4224,17,STA,WIFI_DROP,
16.4248,4,STA,WIFI_DROP,
16.4248,17,STA,WIFI_DROP,
16.4272,4,STA,WIFI_DROP,
16.4272,17,STA,WIFI_DROP,
16.4296,4,STA,WIFI_DROP,
16.4296,17,STA,WIFI_DROP,
16.432,4,STA,WIFI_DROP,
16.432,17,STA,WIFI_DROP,
16.4344,4,STA,WIFI_DROP,
16.4344,17,STA,WIFI_DROP,
16.4368,4,STA,WIFI_DROP,
16.4368,17,STA,WIFI_DROP,
16.4392,4,STA,WIFI_DROP,
16.4392,17,STA,WIFI_DROP,
16.4416,4,STA,WIFI_DROP,
16.4416,17,STA,WIFI_DROP,
16.444,4,STA,WIFI_DROP,
16.444,17,STA,WIFI_DROP,
16.4464,4,STA,WIFI_DROP,
16.4464,17,STA,WIFI_DROP,
16.4488,4,STA,WIFI_DROP,
16.4488,17,STA,WIFI_DROP,
16.4512,4,STA,WIFI_DROP,
16.4512,17,STA,WIFI_DROP,
16.4536,4,STA,WIFI_DROP,
16.4536,17,STA,WIFI_DROP,
16.456,4,STA,WIFI_DROP,
16.456,17,STA,WIFI_DROP,
16.4584,4,STA,WIFI_DROP,
16.4584,17,STA,WIFI_DROP,
16.4608,4,STA,WIFI_DROP,
16.4608,17,STA,WIFI_DROP,
16.4632,4,STA,WIFI_DROP,
16.4632,17,STA,WIFI_DROP,
16.4656,4,STA,WIFI_DROP,
16.4656,17,STA,WIFI_DROP,
16.468,4,STA,WIFI_DROP,
16.468,17,STA,WIFI_DROP,
16.4704,4,STA,WIFI_DROP,
16.4704,17,STA,WIFI_DROP,
16.4728,4,STA,WIFI_DROP,
16.4728,17,STA,WIFI_DROP,
16.4752,4,STA,WIFI_DROP,
16.4752,17,STA,WIFI_DROP,
16.4776,4,STA,WIFI_DROP,
16.4776,17,STA,WIFI_DROP,
16.48,4,STA,WIFI_DROP,
16.48,17,STA,WIFI_DROP,
16.4824,4,STA,WIFI_DROP,
16.4824,17,STA,WIFI_DROP,
16.4848,4,STA,WIFI_DROP,
16.4848,17,STA,WIFI_DROP,
16.4872,4,STA,WIFI_DROP,
16.4872,17,STA,WIFI_DROP,
16.4896,4,STA,WIFI_DROP,
16.4896,17,STA,WIFI_DROP,
16.492,4,STA,WIFI_DROP,
16.492,17,STA,WIFI_DROP,
16.4944,4,STA,WIFI_DROP,
16.4944,17,STA,WIFI_DROP,
16.4968,4,STA,WIFI_DROP,
16.4968,17,STA,WIFI_DROP,
16.4992,4,STA,WIFI_DROP,
16.4992,17,STA,WIFI_DROP,
16.5016,4,STA,WIFI_DROP,
16.5016,17,STA,WIFI_DROP,
16.504,4,STA,WIFI_DROP,
16.504,17,STA,WIFI_DROP,
16.5064,4,STA,WIFI_DROP,
16.5064,17,STA,WIFI_DROP,
16.5088,4,STA,WIFI_DROP,
16.5088,17,STA,WIFI_DROP,
16.5112,4,STA,WIFI_DROP,
16.5112,17,STA,WIFI_DROP,
16.5136,4,STA,WIFI_DROP,
16.5136,17,STA,WIFI_DROP,
16.516,4,STA,WIFI_DROP,
16.516,17,STA,WIFI_DROP,
16.5184,4,STA,WIFI_DROP,
16.5184,17,STA,WIFI_DROP,
16.5208,4,STA,WIFI_DROP,
16.5208,17,STA,WIFI_DROP,
16.5232,4,STA,WIFI_DROP,
16.5232,17,STA,WIFI_DROP,
16.5256,4,STA,WIFI_DROP,
16.5256,17,STA,WIFI_DROP,
16.528,4,STA,WIFI_DROP,
16.528,17,STA,WIFI_DROP,
16.5304,4,STA,WIFI_DROP,
16.5304,17,STA,WIFI_DROP,
16.5328,4,STA,WIFI_DROP,
16.5328,17,STA,WIFI_DROP,
16.5352,4,STA,WIFI_DROP,
16.5352,17,STA,WIFI_DROP,
16.5376,4,STA,WIFI_DROP,
16.5376,17,STA,WIFI_DROP,
16.54,4,STA,WIFI_DROP,
16.54,17,STA,WIFI_DROP,
16.5424,4,STA,WIFI_DROP,
16.5424,17,STA,WIFI_DROP,
16.5448,4,STA,WIFI_DROP,
16.5448,17,STA,WIFI_DROP,
16.5472,4,STA,WIFI_DROP,
16.5472,17,STA,WIFI_DROP,
16.5496,4,STA,WIFI_DROP,
16.552,4,STA,WIFI_DROP,
16.5544,4,STA,WIFI_DROP,
16.5568,4,STA,WIFI_DROP,
16.5592,4,STA,WIFI_DROP,
16.5616,4,STA,WIFI_DROP,
16.564,4,STA,WIFI_DROP,
16.5664,4,STA,WIFI_DROP,
16.5688,4,STA,WIFI_DROP,
16.5712,4,STA,WIFI_DROP,
16.5736,4,STA,WIFI_DROP,
16.576,4,STA,WIFI_DROP,
16.5784,4,STA,WIFI_DROP,
16.5808,4,STA,WIFI_DROP,
16.5832,4,STA,WIFI_DROP,
16.5856,4,STA,WIFI_DROP,
16.588,4,STA,WIFI_DROP,
16.5904,4,STA,WIFI_DROP,
16.5928,4,STA,WIFI_DROP,
16.5952,4,STA,WIFI_DROP,
16.5976,4,STA,WIFI_DROP,
16.6,4,STA,WIFI_DROP,
16.6024,4,STA,WIFI_DROP,
16.6048,4,STA,WIFI_DROP,
16.6072,4,STA,WIFI_DROP,
16.6096,4,STA,WIFI_DROP,
16.612,4,STA,WIFI_DROP,
16.6144,4,STA,WIFI_DROP,
16.6168,4,STA,WIFI_DROP,
16.6192,4,STA,WIFI_DROP,
16.6216,4,STA,WIFI_DROP,
16.624,4,STA,WIFI_DROP,
16.6264,4,STA,WIFI_DROP,
16.6288,4,STA,WIFI_DROP,
16.6312,4,STA,WIFI_DROP,
16.6336,4,STA,WIFI_DROP,
16.636,4,STA,WIFI_DROP,
16.6384,4,STA,WIFI_DROP,
16.6408,4,STA,WIFI_DROP,
16.6432,4,STA,WIFI_DROP,
16.6456,4,STA,WIFI_DROP,
16.648,4,STA,WIFI_DROP,
16.6504,4,STA,WIFI_DROP,
16.6528,4,STA,WIFI_DROP,
16.6552,4,STA,WIFI_DROP,
16.6576,4,STA,WIFI_DROP,
16.66,4,STA,WIFI_DROP,
16.6624,4,STA,WIFI_DROP,
16.6648,4,STA,WIFI_DROP,
16.6672,4,STA,WIFI_DROP,
16.6696,4,STA,WIFI_DROP,
16.672,4,STA,WIFI_DROP,
16.6744,4,STA,WIFI_DROP,
16.6768,4,STA,WIFI_DROP,
16.6792,4,STA,WIFI_DROP,
16.6816,4,STA,WIFI_DROP,
16.684,4,STA,WIFI_DROP,
16.6864,4,STA,WIFI_DROP,
16.6888,4,STA,WIFI_DROP,
16.6912,4,STA,WIFI_DROP,
16.6936,4,STA,WIFI_DROP,
16.696,4,STA,WIFI_DROP,
16.6984,4,STA,WIFI_DROP,
16.7008,4,STA,WIFI_DROP,
16.7032,4,STA,WIFI_DROP,
16.7056,4,STA,WIFI_DROP,
16.708,4,STA,WIFI_DROP,
16.7104,4,STA,WIFI_DROP,
16.7128,4,STA,WIFI_DROP,
16.7152,4,STA,WIFI_DROP,
16.7176,4,STA,WIFI_DROP,
16.72,4,STA,WIFI_DROP,
16.7224,4,STA,WIFI_DROP,
16.7248,4,STA,WIFI_DROP,
16.7272,4,STA,WIFI_DROP,
16.7296,4,STA,WIFI_DROP,
16.732,4,STA,WIFI_DROP,
16.7344,4,STA,WIFI_DROP,
16.7368,4,STA,WIFI_DROP,
16.7392,4,STA,WIFI_DROP,
16.7416,4,STA,WIFI_DROP,
16.744,4,STA,WIFI_DROP,
16.7464,4,STA,WIFI_DROP,
16.7488,4,STA,WIFI_DROP,
16.7512,4,STA,WIFI_DROP,
16.7536,4,STA,WIFI_DROP,
16.756,4,STA,WIFI_DROP,
16.7584,4,STA,WIFI_DROP,
16.7608,4,STA,WIFI_DROP,
16.7632,4,STA,WIFI_DROP,
16.7656,4,STA,WIFI_DROP,
16.768,4,STA,WIFI_DROP,
16.7704,4,STA,WIFI_DROP,
16.7728,4,STA,WIFI_DROP,
16.7752,4,STA,WIFI_DROP,
16.7776,4,STA,WIFI_DROP,
16.78,4,STA,WIFI_DROP,
16.7824,4,STA,WIFI_DROP,
16.7848,4,STA,WIFI_DROP,
16.7872,4,STA,WIFI_DROP,
16.7896,4,STA,WIFI_DROP,
16.792,4,STA,WIFI_DROP,
16.7944,4,STA,WIFI_DROP,
16.7968,4,STA,WIFI_DROP,
16.7992,4,STA,WIFI_DROP,
16.8016,4,STA,WIFI_DROP,
16.804,4,STA,WIFI_DROP,
16.8064,4,STA,WIFI_DROP,
16.8088,4,STA,WIFI_DROP,
16.8112,4,STA,WIFI_DROP,
16.8136,4,STA,WIFI_DROP,
16.816,4,STA,WIFI_DROP,
16.8184,4,STA,WIFI_DROP,
16.8208,4,STA,WIFI_DROP,
16.8232,4,STA,WIFI_DROP,
16.8256,4,STA,WIFI_DROP,
16.828,4,STA,WIFI_DROP,
16.8304,4,STA,WIFI_DROP,
16.8328,4,STA,WIFI_DROP,
16.8352,4,STA,WIFI_DROP,
16.8376,4,STA,WIFI_DROP,
16.84,4,STA,WIFI_DROP,
16.8424,4,STA,WIFI_DROP,
16.8448,4,STA,WIFI_DROP,
16.8472,4,STA,WIFI_DROP,
16.8496,4,STA,WIFI_DROP,
16.852,4,STA,WIFI_DROP,
16.8544,4,STA,WIFI_DROP,
16.8568,4,STA,WIFI_DROP,
16.8592,4,STA,WIFI_DROP,
16.8616,4,STA,WIFI_DROP,
16.864,4,STA,WIFI_DROP,
16.8664,4,STA,WIFI_DROP,
16.8688,4,STA,WIFI_DROP,
16.8712,4,STA,WIFI_DROP,
16.8736,4,STA,WIFI_DROP,
16.876,4,STA,WIFI_DROP,
16.8784,4,STA,WIFI_DROP,
16.8808,4,STA,WIFI_DROP,
16.8832,4,STA,WIFI_DROP,
16.8856,4,STA,WIFI_DROP,
16.888,4,STA,WIFI_DROP,
16.8904,4,STA,WIFI_DROP,
16.8928,4,STA,WIFI_DROP,
16.8952,4,STA,WIFI_DROP,
16.8976,4,STA,WIFI_DROP,
16.9,4,STA,WIFI_DROP,
16.9024,4,STA,WIFI_DROP,
16.9048,4,STA,WIFI_DROP,
16.9072,4,STA,WIFI_DROP,
16.9096,4,STA,WIFI_DROP,
16.912,4,STA,WIFI_DROP,
16.9144,4,STA,WIFI_DROP,
16.9168,4,STA,WIFI_DROP,
16.9192,4,STA,WIFI_DROP,
16.9216,4,STA,WIFI_DROP,
16.924,4,STA,WIFI_DROP,
16.9264,4,STA,WIFI_DROP,
16.9288,4,STA,WIFI_DROP,
16.9312,4,STA,WIFI_DROP,
16.9336,4,STA,WIFI_DROP,
16.936,4,STA,WIFI_DROP,
16.9384,4,STA,WIFI_DROP,
16.9408,4,STA,WIFI_DROP,
17,2,STA,THROUGHPUT_MBPS,2.832000
17,4,STA,THROUGHPUT_MBPS,0.480000
17,5,STA,THROUGHPUT_MBPS,1.620000
17,7,STA,THROUGHPUT_MBPS,0.504000
17,8,STA,THROUGHPUT_MBPS,2.532000
17,9,STA,THROUGHPUT_MBPS,3.420000
17,10,STA,THROUGHPUT_MBPS,0.828000
17,12,STA,THROUGHPUT_MBPS,2.460000
17,14,STA,THROUGHPUT_MBPS,4.056000
17,15,STA,THROUGHPUT_MBPS,4.248000
17,17,STA,THROUGHPUT_MBPS,1.848000
17,18,STA,THROUGHPUT_MBPS,2.520000
17,19,STA,THROUGHPUT_MBPS,1.440000
17,20,STA,THROUGHPUT_MBPS,3.768000
17,21,STA,THROUGHPUT_MBPS,3.132000
17,1,AP,AGGREGATE_THROUGHPUT_MBPS,35.688000
17,1,AP,SENT_COUNT,8340.000000
17,1,AP,RECV_COUNT,2974.000000
17,1,AP,LATENCY_P95_MS,545.429630
17.4184,12,STA,WIFI_DROP,
17.4184,13,STA,WIFI_DROP,
17.4208,12,STA,WIFI_DROP,
17.4208,13,STA,WIFI_DROP,
17.4232,12,STA,WIFI_DROP,
17.4232,13,STA,WIFI_DROP,
17.4256,12,STA,WIFI_DROP,
17.4256,13,STA,WIFI_DROP,
17.428,12,STA,WIFI_DROP,
17.428,13,STA,WIFI_DROP,
17.4304,12,STA,WIFI_DROP,
17.4304,13,STA,WIFI_DROP,
17.4328,12,STA,WIFI_DROP,
17.4328,13,STA,WIFI_DROP,
17.4352,12,STA,WIFI_DROP,
17.4352,13,STA,WIFI_DROP,
17.4376,12,STA,WIFI_DROP,
17.4376,13,STA,WIFI_DROP,
17.44,12,STA,WIFI_DROP,
17.44,13,STA,WIFI_DROP,
17.4424,12,STA,WIFI_DROP,
17.4424,13,STA,WIFI_DROP,
17.4448,12,STA,WIFI_DROP,
17.4448,13,STA,WIFI_DROP,
17.4472,12,STA,WIFI_DROP,
17.4472,13,STA,WIFI_DROP,
17.4496,12,STA,WIFI_DROP,
17.4496,13,STA,WIFI_DROP,
17.452,12,STA,WIFI_DROP,
17.452,13,STA,WIFI_DROP,
17.4544,12,STA,WIFI_DROP,
17.4544,13,STA,WIFI_DROP,
17.4568,12,STA,WIFI_DROP,
17.4568,13,STA,WIFI_DROP,
17.4592,12,STA,WIFI_DROP,
17.4592,13,STA,WIFI_DROP,
17.4616,12,STA,WIFI_DROP,
17.4616,13,STA,WIFI_DROP,
17.464,12,STA,WIFI_DROP,
17.464,13,STA,WIFI_DROP,
17.4664,12,STA,WIFI_DROP,
17.4664,13,STA,WIFI_DROP,
17.4688,12,STA,WIFI_DROP,
17.4688,13,STA,WIFI_DROP,
17.4712,12,STA,WIFI_DROP,
17.4712,13,STA,WIFI_DROP,
17.4736,12,STA,WIFI_DROP,
17.4736,13,STA,WIFI_DROP,
17.476,12,STA,WIFI_DROP,
17.476,13,STA,WIFI_DROP,
17.4784,12,STA,WIFI_DROP,
17.4784,13,STA,WIFI_DROP,
17.4808,12,STA,WIFI_DROP,
17.4808,13,STA,WIFI_DROP,
17.4832,12,STA,WIFI_DROP,
17.4832,13,STA,WIFI_DROP,
17.4856,12,STA,WIFI_DROP,
17.4856,13,STA,WIFI_DROP,
17.488,12,STA,WIFI_DROP,
17.488,13,STA,WIFI_DROP,
17.4904,12,STA,WIFI_DROP,
17.4904,13,STA,WIFI_DROP,
17.4928,12,STA,WIFI_DROP,
17.4928,13,STA,WIFI_DROP,
17.4952,12,STA,WIFI_DROP,
17.4952,13,STA,WIFI_DROP,
17.4976,12,STA,WIFI_DROP,
17.4976,13,STA,WIFI_DROP,
17.5,12,STA,WIFI_DROP,
17.5,13,STA,WIFI_DROP,
17.5024,12,STA,WIFI_DROP,
17.5024,13,STA,WIFI_DROP,
17.5048,12,STA,WIFI_DROP,
17.5048,13,STA,WIFI_DROP,
17.5072,12,STA,WIFI_DROP,
17.5072,13,STA,WIFI_DROP,
17.5096,12,STA,WIFI_DROP,
17.5096,13,STA,WIFI_DROP,
17.512,12,STA,WIFI_DROP,
17.512,13,STA,WIFI_DROP,
17.5144,12,STA,WIFI_DROP,
17.5144,13,STA,WIFI_DROP,
17.5168,12,STA,WIFI_DROP,
17.5168,13,STA,WIFI_DROP,
17.5192,12,STA,WIFI_DROP,
17.5192,13,STA,WIFI_DROP,
17.5216,12,STA,WIFI_DROP,
17.5216,13,STA,WIFI_DROP,
17.524,12,STA,WIFI_DROP,
17.524,13,STA,WIFI_DROP,
17.5264,12,STA,WIFI_DROP,
17.5264,13,STA,WIFI_DROP,
17.5288,12,STA,WIFI_DROP,
17.5288,13,STA,WIFI_DROP,
17.5312,12,STA,WIFI_DROP,
17.5312,13,STA,WIFI_DROP,
17.5336,12,STA,WIFI_DROP,
17.5336,13,STA,WIFI_DROP,
17.536,12,STA,WIFI_DROP,
17.536,13,STA,WIFI_DROP,
17.5384,12,STA,WIFI_DROP,
17.5384,13,STA,WIFI_DROP,
17.5408,12,STA,WIFI_DROP,
17.5408,13,STA,WIFI_DROP,
17.5432,12,STA,WIFI_DROP,
17.5432,13,STA,WIFI_DROP,
17.5456,12,STA,WIFI_DROP,
17.5456,13,STA,WIFI_DROP,
17.548,12,STA,WIFI_DROP,
17.548,13,STA,WIFI_DROP,
17.5504,12,STA,WIFI_DROP,
17.5504,13,STA,WIFI_DROP,
17.5528,12,STA,WIFI_DROP,
17.5528,13,STA,WIFI_DROP,
17.5552,12,STA,WIFI_DROP,
17.5552,13,STA,WIFI_DROP,
17.5576,12,STA,WIFI_DROP,
17.5576,13,STA,WIFI_DROP,
17.56,12,STA,WIFI_DROP,
17.56,13,STA,WIFI_DROP,
17.5624,12,STA,WIFI_DROP,
17.5624,13,STA,WIFI_DROP,
17.5648,12,STA,WIFI_DROP,
17.5648,13,STA,WIFI_DROP,
17.5672,12,STA,WIFI_DROP,
17.5672,13,STA,WIFI_DROP,
17.5696,12,STA,WIFI_DROP,
17.5696,13,STA,WIFI_DROP,
17.572,12,STA,WIFI_DROP,
17.572,13,STA,WIFI_DROP,
17.5744,12,STA,WIFI_DROP,
17.5744,13,STA,WIFI_DROP,
17.5768,12,STA,WIFI_DROP,
17.5768,13,STA,WIFI_DROP,
17.5792,12,STA,WIFI_DROP,
17.5792,13,STA,WIFI_DROP,
17.5816,12,STA,WIFI_DROP,
17.5816,13,STA,WIFI_DROP,
17.584,12,STA,WIFI_DROP,
17.584,13,STA,WIFI_DROP,
17.5864,12,STA,WIFI_DROP,
17.5864,13,STA,WIFI_DROP,
17.5888,12,STA,WIFI_DROP,
17.5888,13,STA,WIFI_DROP,
17.5912,12,STA,WIFI_DROP,
17.5912,13,STA,WIFI_DROP,
17.5936,12,STA,WIFI_DROP,
17.5936,13,STA,WIFI_DROP,
17.596,12,STA,WIFI_DROP,
17.596,13,STA,WIFI_DROP,
17.5984,12,STA,WIFI_DROP,
17.5984,13,STA,WIFI_DROP,
17.6008,12,STA,WIFI_DROP,
17.6008,13,STA,WIFI_DROP,
17.6032,12,STA,WIFI_DROP,
17.6032,13,STA,WIFI_DROP,
17.6056,12,STA,WIFI_DROP,
17.6056,13,STA,WIFI_DROP,
17.608,12,STA,WIFI_DROP,
17.608,13,STA,WIFI_DROP,
17.6104,12,STA,WIFI_DROP,
17.6104,13,STA,WIFI_DROP,
17.6128,12,STA,WIFI_DROP,
17.6128,13,STA,WIFI_DROP,
17.6152,12,STA,WIFI_DROP,
17.6152,13,STA,WIFI_DROP,
17.6176,12,STA,WIFI_DROP,
17.6176,13,STA,WIFI_DROP,
17.62,12,STA,WIFI_DROP,
17.62,13,STA,WIFI_DROP,
17.6224,12,STA,WIFI_DROP,
17.6224,13,STA,WIFI_DROP,
17.6248,12,STA,WIFI_DROP,
17.6248,13,STA,WIFI_DROP,
17.6272,12,STA,WIFI_DROP,
17.6272,13,STA,WIFI_DROP,
17.6296,12,STA,WIFI_DROP,
17.6296,13,STA,WIFI_DROP,
17.632,12,STA,WIFI_DROP,
17.632,13,STA,WIFI_DROP,
17.6344,12,STA,WIFI_DROP,
17.6344,13,STA,WIFI_DROP,
17.6368,12,STA,WIFI_DROP,
17.6368,13,STA,WIFI_DROP,
17.6392,12,STA,WIFI_DROP,
17.6392,13,STA,WIFI_DROP,
17.6416,12,STA,WIFI_DROP,
17.6416,13,STA,WIFI_DROP,
17.644,12,STA,WIFI_DROP,
17.644,13,STA,WIFI_DROP,
17.6464,12,STA,WIFI_DROP,
17.6464,13,STA,WIFI_DROP,
17.6488,12,STA,WIFI_DROP,
17.6488,13,STA,WIFI_DROP,
17.6512,12,STA,WIFI_DROP,
17.6512,13,STA,WIFI_DROP,
17.6536,12,STA,WIFI_DROP,
17.6536,13,STA,WIFI_DROP,
17.656,12,STA,WIFI_DROP,
17.656,13,STA,WIFI_DROP,
17.6584,12,STA,WIFI_DROP,
17.6584,13,STA,WIFI_DROP,
17.6608,12,STA,WIFI_DROP,
17.6608,13,STA,WIFI_DROP,
17.6632,12,STA,WIFI_DROP,
17.6632,13,STA,WIFI_DROP,
17.6656,12,STA,WIFI_DROP,
17.6656,13,STA,WIFI_DROP,
17.668,12,STA,WIFI_DROP,
17.668,13,STA,WIFI_DROP,
17.6704,12,STA,WIFI_DROP,
17.6704,13,STA,WIFI_DROP,
17.6728,12,STA,WIFI_DROP,
17.6728,13,STA,WIFI_DROP,
17.6752,12,STA,WIFI_DROP,
17.6752,13,STA,WIFI_DROP,
17.6776,12,STA,WIFI_DROP,
17.6776,13,STA,WIFI_DROP,
17.68,12,STA,WIFI_DROP,
17.68,13,STA,WIFI_DROP,
17.6824,12,STA,WIFI_DROP,
17.6824,13,STA,WIFI_DROP,
17.6848,12,STA,WIFI_DROP,
17.6848,13,STA,WIFI_DROP,
17.6872,12,STA,WIFI_DROP,
17.6872,13,STA,WIFI_DROP,
17.6896,12,STA,WIFI_DROP,
17.6896,13,STA,WIFI_DROP,
17.692,12,STA,WIFI_DROP,
17.692,13,STA,WIFI_DROP,
17.6944,12,STA,WIFI_DROP,
17.6944,13,STA,WIFI_DROP,
17.6968,12,STA,WIFI_DROP,
17.6968,13,STA,WIFI_DROP,
17.6992,12,STA,WIFI_DROP,
17.6992,13,STA,WIFI_DROP,
17.7016,12,STA,WIFI_DROP,
17.7016,13,STA,WIFI_DROP,
17.704,12,STA,WIFI_DROP,
17.704,13,STA,WIFI_DROP,
17.7064,12,STA,WIFI_DROP,
17.7064,13,STA,WIFI_DROP,
17.7088,12,STA,WIFI_DROP,
17.7088,13,STA,WIFI_DROP,
17.7112,12,STA,WIFI_DROP,
17.7112,13,STA,WIFI_DROP,
17.7136,12,STA,WIFI_DROP,
17.7136,13,STA,WIFI_DROP,
17.716,12,STA,WIFI_DROP,
17.716,13,STA,WIFI_DROP,
17.7184,12,STA,WIFI_DROP,
17.7184,13,STA,WIFI_DROP,
17.7208,12,STA,WIFI_DROP,
17.7208,13,STA,WIFI_DROP,
17.7232,12,STA,WIFI_DROP,
17.7232,13,STA,WIFI_DROP,
17.7256,12,STA,WIFI_DROP,
17.7256,13,STA,WIFI_DROP,
17.728,12,STA,WIFI_DROP,
17.728,13,STA,WIFI_DROP,
17.7304,12,STA,WIFI_DROP,
17.7304,13,STA,WIFI_DROP,
17.7328,12,STA,WIFI_DROP,
17.7328,13,STA,WIFI_DROP,
17.7352,12,STA,WIFI_DROP,
17.7352,13,STA,WIFI_DROP,
17.7376,12,STA,WIFI_DROP,
17.7376,13,STA,WIFI_DROP,
17.74,12,STA,WIFI_DROP,
17.74,13,STA,WIFI_DROP,
17.7424,12,STA,WIFI_DROP,
17.7424,13,STA,WIFI_DROP,
17.7448,12,STA,WIFI_DROP,
17.7448,13,STA,WIFI_DROP,
17.7472,12,STA,WIFI_DROP,
17.7472,13,STA,WIFI_DROP,
17.7496,12,STA,WIFI_DROP,
17.7496,13,STA,WIFI_DROP,
17.752,12,STA,WIFI_DROP,
17.752,13,STA,WIFI_DROP,
17.7544,12,STA,WIFI_DROP,
17.7544,13,STA,WIFI_DROP,
17.7568,12,STA,WIFI_DROP,
17.7568,13,STA,WIFI_DROP,
17.7592,12,STA,WIFI_DROP,
17.7592,13,STA,WIFI_DROP,
17.7616,12,STA,WIFI_DROP,
17.7616,13,STA,WIFI_DROP,
17.764,12,STA,WIFI_DROP,
17.764,13,STA,WIFI_DROP,
17.7664,12,STA,WIFI_DROP,
17.7664,13,STA,WIFI_DROP,
17.7688,12,STA,WIFI_DROP,
17.7688,13,STA,WIFI_DROP,
17.7712,12,STA,WIFI_DROP,
17.7712,13,STA,WIFI_DROP,
17.7736,12,STA,WIFI_DROP,
17.7736,13,STA,WIFI_DROP,
17.776,12,STA,WIFI_DROP,
17.776,13,STA,WIFI_DROP,
17.7784,12,STA,WIFI_DROP,
17.7784,13,STA,WIFI_DROP,
17.7808,12,STA,WIFI_DROP,
17.7808,13,STA,WIFI_DROP,
17.7832,12,STA,WIFI_DROP,
17.7832,13,STA,WIFI_DROP,
17.7856,12,STA,WIFI_DROP,
17.7856,13,STA,WIFI_DROP,
17.788,12,STA,WIFI_DROP,
17.788,13,STA,WIFI_DROP,
17.7904,12,STA,WIFI_DROP,
17.7904,13,STA,WIFI_DROP,
17.7928,12,STA,WIFI_DROP,
17.7928,13,STA,WIFI_DROP,
17.7952,12,STA,WIFI_DROP,
17.7952,13,STA,WIFI_DROP,
17.7976,12,STA,WIFI_DROP,
17.7976,13,STA,WIFI_DROP,
17.8,12,STA,WIFI_DROP,
17.8,13,STA,WIFI_DROP,
17.8024,12,STA,WIFI_DROP,
17.8024,13,STA,WIFI_DROP,
17.8048,12,STA,WIFI_DROP,
17.8048,13,STA,WIFI_DROP,
17.8072,12,STA,WIFI_DROP,
17.8072,13,STA,WIFI_DROP,
17.8096,12,STA,WIFI_DROP,
17.8096,13,STA,WIFI_DROP,
17.812,12,STA,WIFI_DROP,
17.812,13,STA,WIFI_DROP,
17.8144,12,STA,WIFI_DROP,
17.8144,13,STA,WIFI_DROP,
17.8168,12,STA,WIFI_DROP,
17.8168,13,STA,WIFI_DROP,
17.8192,12,STA,WIFI_DROP,
17.8192,13,STA,WIFI_DROP,
17.8216,12,STA,WIFI_DROP,
17.8216,13,STA,WIFI_DROP,
17.824,12,STA,WIFI_DROP,
17.824,13,STA,WIFI_DROP,
17.8264,12,STA,WIFI_DROP,
17.8264,13,STA,WIFI_DROP,
17.8288,12,STA,WIFI_DROP,
17.8288,13,STA,WIFI_DROP,
17.8288,15,STA,WIFI_DROP,
17.8312,12,STA,WIFI_DROP,
17.8312,13,STA,WIFI_DROP,
17.8312,15,STA,WIFI_DROP,
17.8336,12,STA,WIFI_DROP,
17.8336,13,STA,WIFI_DROP,
17.8336,15,STA,WIFI_DROP,
17.836,12,STA,WIFI_DROP,
17.836,13,STA,WIFI_DROP,
17.836,15,STA,WIFI_DROP,
17.8384,12,STA,WIFI_DROP,
17.8384,13,STA,WIFI_DROP,
17.8384,15,STA,WIFI_DROP,
17.8408,12,STA,WIFI_DROP,
17.8408,13,STA,WIFI_DROP,
17.8408,15,STA,WIFI_DROP,
17.8432,12,STA,WIFI_DROP,
17.8432,13,STA,WIFI_DROP,
17.8432,15,STA,WIFI_DROP,
17.8456,12,STA,WIFI_DROP,
17.8456,13,STA,WIFI_DROP,
17.8456,15,STA,WIFI_DROP,
17.848,12,STA,WIFI_DROP,
17.848,13,STA,WIFI_DROP,
17.848,15,STA,WIFI_DROP,
17.8504,12,STA,WIFI_DROP,
17.8504,13,STA,WIFI_DROP,
17.8504,15,STA,WIFI_DROP,
17.8528,12,STA,WIFI_DROP,
17.8528,13,STA,WIFI_DROP,
17.8528,15,STA,WIFI_DROP,
17.8552,12,STA,WIFI_DROP,
17.8552,13,STA,WIFI_DROP,
17.8552,15,STA,WIFI_DROP,
17.8576,12,STA,WIFI_DROP,
17.8576,13,STA,WIFI_DROP,
17.8576,15,STA,WIFI_DROP,
17.86,12,STA,WIFI_DROP,
17.86,13,STA,WIFI_DROP,
17.86,15,STA,WIFI_DROP,
17.8624,12,STA,WIFI_DROP,
17.8624,13,STA,WIFI_DROP,
17.8624,15,STA,WIFI_DROP,
17.8648,12,STA,WIFI_DROP,
17.8648,13,STA,WIFI_DROP,
17.8648,15,STA,WIFI_DROP,
17.8672,12,STA,WIFI_DROP,
17.8672,13,STA,WIFI_DROP,
17.8672,15,STA,WIFI_DROP,
17.8696,12,STA,WIFI_DROP,
17.8696,13,STA,WIFI_DROP,
17.8696,15,STA,WIFI_DROP,
17.872,12,STA,WIFI_DROP,
17.872,13,STA,WIFI_DROP,
17.872,15,STA,WIFI_DROP,
17.8744,12,STA,WIFI_DROP,
17.8744,13,STA,WIFI_DROP,
17.8744,15,STA,WIFI_DROP,
17.8768,12,STA,WIFI_DROP,
17.8768,13,STA,WIFI_DROP,
17.8768,15,STA,WIFI_DROP,
17.8792,12,STA,WIFI_DROP,
17.8792,13,STA,WIFI_DROP,
17.8792,15,STA,WIFI_DROP,
17.8816,12,STA,WIFI_DROP,
17.8816,13,STA,WIFI_DROP,
17.8816,15,STA,WIFI_DROP,
17.884,12,STA,WIFI_DROP,
17.884,13,STA,WIFI_DROP,
17.884,15,STA,WIFI_DROP,
17.8864,12,STA,WIFI_DROP,
17.8864,13,STA,WIFI_DROP,
17.8864,15,STA,WIFI_DROP,
17.8888,12,STA,WIFI_DROP,
17.8888,13,STA,WIFI_DROP,
17.8888,15,STA,WIFI_DROP,
17.8912,12,STA,WIFI_DROP,
17.8912,13,STA,WIFI_DROP,
17.8912,15,STA,WIFI_DROP,
17.8936,12,STA,WIFI_DROP,
17.8936,13,STA,WIFI_DROP,
17.8936,15,STA,WIFI_DROP,
17.896,12,STA,WIFI_DROP,
17.896,13,STA,WIFI_DROP,
17.896,15,STA,WIFI_DROP,
17.8984,12,STA,WIFI_DROP,
17.8984,13,STA,WIFI_DROP,
17.8984,15,STA,WIFI_DROP,
17.9008,12,STA,WIFI_DROP,
17.9008,13,STA,WIFI_DROP,
17.9008,15,STA,WIFI_DROP,
17.9032,12,STA,WIFI_DROP,
17.9032,13,STA,WIFI_DROP,
17.9032,15,STA,WIFI_DROP,
17.9056,12,STA,WIFI_DROP,
17.9056,13,STA,WIFI_DROP,
17.9056,15,STA,WIFI_DROP,
17.908,12,STA,WIFI_DROP,
17.908,13,STA,WIFI_DROP,
17.908,15,STA,WIFI_DROP,
17.9104,12,STA,WIFI_DROP,
17.9104,13,STA,WIFI_DROP,
17.9104,15,STA,WIFI_DROP,
17.9128,12,STA,WIFI_DROP,
17.9128,13,STA,WIFI_DROP,
17.9128,15,STA,WIFI_DROP,
17.9152,12,STA,WIFI_DROP,
17.9152,13,STA,WIFI_DROP,
17.9152,15,STA,WIFI_DROP,
17.9176,12,STA,WIFI_DROP,
17.9176,13,STA,WIFI_DROP,
17.9176,15,STA,WIFI_DROP,
17.92,12,STA,WIFI_DROP,
17.92,13,STA,WIFI_DROP,
17.92,15,STA,WIFI_DROP,
17.9224,12,STA,WIFI_DROP,
17.9224,15,STA,WIFI_DROP,
17.9248,12,STA,WIFI_DROP,
17.9248,15,STA,WIFI_DROP,
17.9272,12,STA,WIFI_DROP,
17.9272,15,STA,WIFI_DROP,
17.9296,12,STA,WIFI_DROP,
17.9296,15,STA,WIFI_DROP,
17.932,12,STA,WIFI_DROP,
17.932,15,STA,WIFI_DROP,
17.9344,12,STA,WIFI_DROP,
17.9344,15,STA,WIFI_DROP,
17.9368,12,STA,WIFI_DROP,
17.9368,15,STA,WIFI_DROP,
17.9392,12,STA,WIFI_DROP,
17.9392,15,STA,WIFI_DROP,
17.9416,12,STA,WIFI_DROP,
17.9416,15,STA,WIFI_DROP,
17.944,12,STA,WIFI_DROP,
17.944,15,STA,WIFI_DROP,
17.9464,12,STA,WIFI_DROP,
17.9464,15,STA,WIFI_DROP,
17.9488,12,STA,WIFI_DROP,
17.9488,15,STA,WIFI_DROP,
17.9512,12,STA,WIFI_DROP,
17.9512,15,STA,WIFI_DROP,
17.9536,12,STA,WIFI_DROP,
17.9536,15,STA,WIFI_DROP,
17.956,12,STA,WIFI_DROP,
17.956,15,STA,WIFI_DROP,
17.9584,12,STA,WIFI_DROP,
17.9584,15,STA,WIFI_DROP,
17.9608,12,STA,WIFI_DROP,
17.9608,15,STA,WIFI_DROP,
17.9632,12,STA,WIFI_DROP,
17.9632,15,STA,WIFI_DROP,
17.9656,12,STA,WIFI_DROP,
17.9656,15,STA,WIFI_DROP,
17.968,12,STA,WIFI_DROP,
17.968,15,STA,WIFI_DROP,
17.9704,12,STA,WIFI_DROP,
17.9704,15,STA,WIFI_DROP,
17.9728,12,STA,WIFI_DROP,
17.9728,15,STA,WIFI_DROP,
17.9752,12,STA,WIFI_DROP,
17.9752,15,STA,WIFI_DROP,
17.9776,12,STA,WIFI_DROP,
17.9776,15,STA,WIFI_DROP,
17.98,12,STA,WIFI_DROP,
17.98,15,STA,WIFI_DROP,
17.9824,12,STA,WIFI_DROP,
17.9824,15,STA,WIFI_DROP,
17.9848,12,STA,WIFI_DROP,
17.9848,15,STA,WIFI_DROP,
17.9872,12,STA,WIFI_DROP,
17.9872,15,STA,WIFI_DROP,
17.9896,12,STA,WIFI_DROP,
17.9896,15,STA,WIFI_DROP,
17.992,12,STA,WIFI_DROP,
17.992,15,STA,WIFI_DROP,
17.9944,12,STA,WIFI_DROP,
17.9944,15,STA,WIFI_DROP,
17.9968,12,STA,WIFI_DROP,
17.9968,15,STA,WIFI_DROP,
17.9992,12,STA,WIFI_DROP,
17.9992,15,STA,WIFI_DROP,
18,2,STA,THROUGHPUT_MBPS,1.668000
18,4,STA,THROUGHPUT_MBPS,1.944000
18,5,STA,THROUGHPUT_MBPS,5.040000
18,7,STA,THROUGHPUT_MBPS,0.624000
18,8,STA,THROUGHPUT_MBPS,0.516000
18,9,STA,THROUGHPUT_MBPS,1.356000
18,10,STA,THROUGHPUT_MBPS,1.956000
18,12,STA,THROUGHPUT_MBPS,0.264000
18,14,STA,THROUGHPUT_MBPS,3.924000
18,15,STA,THROUGHPUT_MBPS,3.720000
18,17,STA,THROUGHPUT_MBPS,2.172000
18,18,STA,THROUGHPUT_MBPS,0.312000
18,19,STA,THROUGHPUT_MBPS,0.360000
18,20,STA,THROUGHPUT_MBPS,1.416000
18,21,STA,THROUGHPUT_MBPS,0.588000
18,1,AP,AGGREGATE_THROUGHPUT_MBPS,25.860000
18,1,AP,SENT_COUNT,8340.000000
18,1,AP,RECV_COUNT,2155.000000
18,1,AP,LATENCY_P95_MS,542.513545
18.0016,12,STA,WIFI_DROP,
18.0016,15,STA,WIFI_DROP,
18.004,12,STA,WIFI_DROP,
18.004,15,STA,WIFI_DROP,
18.0064,12,STA,WIFI_DROP,
18.0064,15,STA,WIFI_DROP,
18.0088,12,STA,WIFI_DROP,
18.0088,15,STA,WIFI_DROP,
18.0112,12,STA,WIFI_DROP,
18.0112,15,STA,WIFI_DROP,
18.0136,12,STA,WIFI_DROP,
18.0136,15,STA,WIFI_DROP,
18.016,12,STA,WIFI_DROP,
18.016,15,STA,WIFI_DROP,
18.0184,12,STA,WIFI_DROP,
18.0184,15,STA,WIFI_DROP,
18.0208,12,STA,WIFI_DROP,
18.0208,15,STA,WIFI_DROP,
18.0232,12,STA,WIFI_DROP,
18.0232,15,STA,WIFI_DROP,
18.0256,12,STA,WIFI_DROP,
18.0256,15,STA,WIFI_DROP,
18.028,12,STA,WIFI_DROP,
18.028,15,STA,WIFI_DROP,
18.0304,12,STA,WIFI_DROP,
18.0304,15,STA,WIFI_DROP,
18.0328,12,STA,WIFI_DROP,
18.0328,15,STA,WIFI_DROP,
18.0352,12,STA,WIFI_DROP,
18.0352,15,STA,WIFI_DROP,
18.0376,12,STA,WIFI_DROP,
18.0376,15,STA,WIFI_DROP,
18.04,12,STA,WIFI_DROP,
18.04,15,STA,WIFI_DROP,
18.0424,12,STA,WIFI_DROP,
18.0424,15,STA,WIFI_DROP,
18.0448,12,STA,WIFI_DROP,
18.0448,15,STA,WIFI_DROP,
18.0472,12,STA,WIFI_DROP,
18.0472,15,STA,WIFI_DROP,
18.0496,12,STA,WIFI_DROP,
18.0496,15,STA,WIFI_DROP,
18.052,12,STA,WIFI_DROP,
18.052,15,STA,WIFI_DROP,
18.0544,12,STA,WIFI_DROP,
18.0544,15,STA,WIFI_DROP,
18.0568,12,STA,WIFI_DROP,
18.0568,15,STA,WIFI_DROP,
18.0592,12,STA,WIFI_DROP,
18.0592,15,STA,WIFI_DROP,
18.0616,12,STA,WIFI_DROP,
18.0616,15,STA,WIFI_DROP,
18.064,12,STA,WIFI_DROP,
18.064,15,STA,WIFI_DROP,
18.0664,12,STA,WIFI_DROP,
18.0664,15,STA,WIFI_DROP,
18.0688,12,STA,WIFI_DROP,
18.0688,15,STA,WIFI_DROP,
18.0712,15,STA,WIFI_DROP,
18.0736,15,STA,WIFI_DROP,
18.076,15,STA,WIFI_DROP,
18.0784,15,STA,WIFI_DROP,
18.0808,15,STA,WIFI_DROP,
18.0832,15,STA,WIFI_DROP,
18.0856,15,STA,WIFI_DROP,
18.088,15,STA,WIFI_DROP,
18.0904,15,STA,WIFI_DROP,
18.0928,15,STA,WIFI_DROP,
18.0952,15,STA,WIFI_DROP,
18.0976,15,STA,WIFI_DROP,
18.1,15,STA,WIFI_DROP,
18.1024,15,STA,WIFI_DROP,
18.1048,15,STA,WIFI_DROP,
18.1072,15,STA,WIFI_DROP,
18.1096,15,STA,WIFI_DROP,
18.112,15,STA,WIFI_DROP,
18.1144,15,STA,WIFI_DROP,
18.1168,15,STA,WIFI_DROP,
18.1192,15,STA,WIFI_DROP,
18.1216,15,STA,WIFI_DROP,
18.124,15,STA,WIFI_DROP,
18.1264,15,STA,WIFI_DROP,
18.1288,15,STA,WIFI_DROP,
18.1312,15,STA,WIFI_DROP,
18.1336,15,STA,WIFI_DROP,
18.1336,18,STA,WIFI_DROP,
18.136,15,STA,WIFI_DROP,
18.136,18,STA,WIFI_DROP,
18.1384,15,STA,WIFI_DROP,
18.1384,18,STA,WIFI_DROP,
18.1408,15,STA,WIFI_DROP,
18.1408,18,STA,WIFI_DROP,
18.1432,15,STA,WIFI_DROP,
18.1432,18,STA,WIFI_DROP,
18.1456,15,STA,WIFI_DROP,
18.1456,18,STA,WIFI_DROP,
18.148,15,STA,WIFI_DROP,
18.148,18,STA,WIFI_DROP,
18.1504,15,STA,WIFI_DROP,
18.1504,18,STA,WIFI_DROP,
18.1528,15,STA,WIFI_DROP,
18.1528,18,STA,WIFI_DROP,
18.1552,15,STA,WIFI_DROP,
18.1552,18,STA,WIFI_DROP,
18.1576,15,STA,WIFI_DROP,
18.1576,18,STA,WIFI_DROP,
18.16,15,STA,WIFI_DROP,
18.16,18,STA,WIFI_DROP,
18.1624,15,STA,WIFI_DROP,
18.1624,18,STA,WIFI_DROP,
18.1648,15,STA,WIFI_DROP,
18.1648,18,STA,WIFI_DROP,
18.1672,15,STA,WIFI_DROP,
18.1672,18,STA,WIFI_DROP,
18.1696,15,STA,WIFI_DROP,
18.1696,18,STA,WIFI_DROP,
18.172,15,STA,WIFI_DROP,
18.172,18,STA,WIFI_DROP,
18.1744,15,STA,WIFI_DROP,
18.1744,18,STA,WIFI_DROP,
18.1768,15,STA,WIFI_DROP,
18.1768,18,STA,WIFI_DROP,
18.1792,15,STA,WIFI_DROP,
18.1792,18,STA,WIFI_DROP,
18.1816,15,STA,WIFI_DROP,
18.1816,18,STA,WIFI_DROP,
18.184,15,STA,WIFI_DROP,
18.184,18,STA,WIFI_DROP,
18.1864,15,STA,WIFI_DROP,
18.1864,18,STA,WIFI_DROP,
18.1888,15,STA,WIFI_DROP,
18.1888,18,STA,WIFI_DROP,
18.1912,15,STA,WIFI_DROP,
18.1912,18,STA,WIFI_DROP,
18.1936,15,STA,WIFI_DROP,
18.1936,18,STA,WIFI_DROP,
18.196,15,STA,WIFI_DROP,
18.196,18,STA,WIFI_DROP,
18.1984,15,STA,WIFI_DROP,
18.1984,18,STA,WIFI_DROP,
18.2008,15,STA,WIFI_DROP,
18.2008,18,STA,WIFI_DROP,
18.2032,15,STA,WIFI_DROP,
18.2032,18,STA,WIFI_DROP,
18.2056,15,STA,WIFI_DROP,
18.2056,18,STA,WIFI_DROP,
18.208,15,STA,WIFI_DROP,
18.208,18,STA,WIFI_DROP,
18.2104,15,STA,WIFI_DROP,
18.2104,18,STA,WIFI_DROP,
18.2128,15,STA,WIFI_DROP,
18.2128,18,STA,WIFI_DROP,
18.2152,15,STA,WIFI_DROP,
18.2152,18,STA,WIFI_DROP,
18.2176,15,STA,WIFI_DROP,
18.2176,18,STA,WIFI_DROP,
18.22,15,STA,WIFI_DROP,
18.22,18,STA,WIFI_DROP,
18.2224,15,STA,WIFI_DROP,
18.2224,18,STA,WIFI_DROP,
18.2248,15,STA,WIFI_DROP,
18.2248,18,STA,WIFI_DROP,
18.2272,15,STA,WIFI_DROP,
18.2272,18,STA,WIFI_DROP,
18.2296,15,STA,WIFI_DROP,
18.2296,18,STA,WIFI_DROP,
18.232,15,STA,WIFI_DROP,
18.232,18,STA,WIFI_DROP,
18.2344,15,STA,WIFI_DROP,
18.2344,18,STA,WIFI_DROP,
18.2368,15,STA,WIFI_DROP,
18.2368,18,STA,WIFI_DROP,
18.2392,2,STA,WIFI_DROP,
18.2392,15,STA,WIFI_DROP,
18.2392,18,STA,WIFI_DROP,
18.2416,2,STA,WIFI_DROP,
18.2416,15,STA,WIFI_DROP,
18.2416,18,STA,WIFI_DROP,
18.244,2,STA,WIFI_DROP,
18.244,15,STA,WIFI_DROP,
18.244,18,STA,WIFI_DROP,
18.2464,2,STA,WIFI_DROP,
18.2464,15,STA,WIFI_DROP,
18.2464,18,STA,WIFI_DROP,
18.2488,2,STA,WIFI_DROP,
18.2488,15,STA,WIFI_DROP,
18.2488,18,STA,WIFI_DROP,
18.2512,2,STA,WIFI_DROP,
18.2512,15,STA,WIFI_DROP,
18.2512,18,STA,WIFI_DROP,
18.2536,2,STA,WIFI_DROP,
18.2536,15,STA,WIFI_DROP,
18.2536,18,STA,WIFI_DROP,
18.256,2,STA,WIFI_DROP,
18.256,15,STA,WIFI_DROP,
18.256,18,STA,WIFI_DROP,
18.2584,2,STA,WIFI_DROP,
18.2584,15,STA,WIFI_DROP,
18.2584,18,STA,WIFI_DROP,
18.2608,2,STA,WIFI_DROP,
18.2608,15,STA,WIFI_DROP,
18.2608,18,STA,WIFI_DROP,
18.2632,2,STA,WIFI_DROP,
18.2632,15,STA,WIFI_DROP,
18.2632,18,STA,WIFI_DROP,
18.2656,2,STA,WIFI_DROP,
18.2656,15,STA,WIFI_DROP,
18.2656,18,STA,WIFI_DROP,
18.268,2,STA,WIFI_DROP,
18.268,15,STA,WIFI_DROP,
18.268,18,STA,WIFI_DROP,
18.2704,2,STA,WIFI_DROP,
18.2704,15,STA,WIFI_DROP,
18.2704,18,STA,WIFI_DROP,
18.2728,2,STA,WIFI_DROP,
18.2728,15,STA,WIFI_DROP,
18.2728,18,STA,WIFI_DROP,
18.2752,2,STA,WIFI_DROP,
18.2752,15,STA,WIFI_DROP,
18.2752,18,STA,WIFI_DROP,
18.2776,2,STA,WIFI_DROP,
18.2776,15,STA,WIFI_DROP,
18.2776,18,STA,WIFI_DROP,
18.28,2,STA,WIFI_DROP,
18.28,15,STA,WIFI_DROP,
18.28,18,STA,WIFI_DROP,
18.2824,2,STA,WIFI_DROP,
18.2824,15,STA,WIFI_DROP,
18.2824,18,STA,WIFI_DROP,
18.2848,2,STA,WIFI_DROP,
18.2848,15,STA,WIFI_DROP,
18.2848,18,STA,WIFI_DROP,
18.2872,2,STA,WIFI_DROP,
18.2872,15,STA,WIFI_DROP,
18.2896,2,STA,WIFI_DROP,
18.2896,15,STA,WIFI_DROP,
18.292,2,STA,WIFI_DROP,
18.292,15,STA,WIFI_DROP,
18.2944,2,STA,WIFI_DROP,
18.2944,15,STA,WIFI_DROP,
18.2968,2,STA,WIFI_DROP,
18.2968,15,STA,WIFI_DROP,
18.2992,2,STA,WIFI_DROP,
18.2992,15,STA,WIFI_DROP,
18.3016,2,STA,WIFI_DROP,
18.3016,15,STA,WIFI_DROP,
18.304,2,STA,WIFI_DROP,
18.304,15,STA,WIFI_DROP,
18.3064,2,STA,WIFI_DROP,
18.3064,15,STA,WIFI_DROP,
18.3088,2,STA,WIFI_DROP,
18.3088,15,STA,WIFI_DROP,
18.3112,2,STA,WIFI_DROP,
18.3112,15,STA,WIFI_DROP,
18.3136,2,STA,WIFI_DROP,
18.3136,15,STA,WIFI_DROP,
18.316,2,STA,WIFI_DROP,
18.316,15,STA,WIFI_DROP,
18.3184,2,STA,WIFI_DROP,
18.3184,15,STA,WIFI_DROP,
18.3208,2,STA,WIFI_DROP,
18.3208,15,STA,WIFI_DROP,
18.3232,2,STA,WIFI_DROP,
18.3232,15,STA,WIFI_DROP,
18.3256,2,STA,WIFI_DROP,
18.3256,15,STA,WIFI_DROP,
18.328,2,STA,WIFI_DROP,
18.328,15,STA,WIFI_DROP,
18.3304,2,STA,WIFI_DROP,
18.3304,15,STA,WIFI_DROP,
18.3328,2,STA,WIFI_DROP,
18.3328,15,STA,WIFI_DROP,
18.3352,2,STA,WIFI_DROP,
18.3352,15,STA,WIFI_DROP,
18.3376,2,STA,WIFI_DROP,
18.3376,15,STA,WIFI_DROP,
18.34,2,STA,WIFI_DROP,
18.34,15,STA,WIFI_DROP,
18.3424,2,STA,WIFI_DROP,
18.3424,15,STA,WIFI_DROP,
18.3448,2,STA,WIFI_DROP,
18.3448,15,STA,WIFI_DROP,
18.3472,2,STA,WIFI_DROP,
18.3472,15,STA,WIFI_DROP,
18.3496,2,STA,WIFI_DROP,
18.3496,15,STA,WIFI_DROP,
18.352,2,STA,WIFI_DROP,
18.352,15,STA,WIFI_DROP,
18.3544,2,STA,WIFI_DROP,
18.3544,15,STA,WIFI_DROP,
18.3568,2,STA,WIFI_DROP,
18.3568,15,STA,WIFI_DROP,
18.3592,2,STA,WIFI_DROP,
18.3592,15,STA,WIFI_DROP,
18.3616,2,STA,WIFI_DROP,
18.3616,15,STA,WIFI_DROP,
18.364,2,STA,WIFI_DROP,
18.364,15,STA,WIFI_DROP,
18.3664,2,STA,WIFI_DROP,
18.3664,15,STA,WIFI_DROP,
18.3688,2,STA,WIFI_DROP,
18.3688,15,STA,WIFI_DROP,
18.3712,2,STA,WIFI_DROP,
18.3712,15,STA,WIFI_DROP,
18.3736,2,STA,WIFI_DROP,
18.3736,15,STA,WIFI_DROP,
18.376,2,STA,WIFI_DROP,
18.376,15,STA,WIFI_DROP,
18.3784,2,STA,WIFI_DROP,
18.3784,15,STA,WIFI_DROP,
18.3808,2,STA,WIFI_DROP,
18.3808,15,STA,WIFI_DROP,
18.3832,2,STA,WIFI_DROP,
18.3832,15,STA,WIFI_DROP,
18.3856,2,STA,WIFI_DROP,
18.3856,15,STA,WIFI_DROP,
18.388,2,STA,WIFI_DROP,
18.388,15,STA,WIFI_DROP,
18.3904,2,STA,WIFI_DROP,
18.3904,15,STA,WIFI_DROP,
18.3928,2,STA,WIFI_DROP,
18.3928,15,STA,WIFI_DROP,
18.3952,2,STA,WIFI_DROP,
18.3952,15,STA,WIFI_DROP,
18.3976,2,STA,WIFI_DROP,
18.3976,15,STA,WIFI_DROP,
18.4,2,STA,WIFI_DROP,
18.4,15,STA,WIFI_DROP,
18.4024,2,STA,WIFI_DROP,
18.4024,15,STA,WIFI_DROP,
18.4048,2,STA,WIFI_DROP,
18.4048,15,STA,WIFI_DROP,
18.4072,2,STA,WIFI_DROP,
18.4072,15,STA,WIFI_DROP,
18.4096,2,STA,WIFI_DROP,
18.4096,15,STA,WIFI_DROP,
18.412,2,STA,WIFI_DROP,
18.412,15,STA,WIFI_DROP,
18.4144,2,STA,WIFI_DROP,
18.4144,15,STA,WIFI_DROP,
18.4168,2,STA,WIFI_DROP,
18.4168,15,STA,WIFI_DROP,
18.4192,2,STA,WIFI_DROP,
18.4192,15,STA,WIFI_DROP,
18.4216,2,STA,WIFI_DROP,
18.4216,15,STA,WIFI_DROP,
18.424,2,STA,WIFI_DROP,
18.424,15,STA,WIFI_DROP,
18.4264,2,STA,WIFI_DROP,
18.4264,15,STA,WIFI_DROP,
18.4288,2,STA,WIFI_DROP,
18.4288,15,STA,WIFI_DROP,
18.4312,2,STA,WIFI_DROP,
18.4312,15,STA,WIFI_DROP,
18.4336,2,STA,WIFI_DROP,
18.4336,15,STA,WIFI_DROP,
18.436,2,STA,WIFI_DROP,
18.436,15,STA,WIFI_DROP,
18.4384,2,STA,WIFI_DROP,
18.4384,15,STA,WIFI_DROP,
18.4408,2,STA,WIFI_DROP,
18.4408,15,STA,WIFI_DROP,
18.4432,2,STA,WIFI_DROP,
18.4432,15,STA,WIFI_DROP,
18.4456,2,STA,WIFI_DROP,
18.4456,15,STA,WIFI_DROP,
18.448,2,STA,WIFI_DROP,
18.448,15,STA,WIFI_DROP,
18.4504,2,STA,WIFI_DROP,
18.4504,15,STA,WIFI_DROP,
18.4528,2,STA,WIFI_DROP,
18.4528,15,STA,WIFI_DROP,
18.4552,2,STA,WIFI_DROP,
18.4552,15,STA,WIFI_DROP,
18.4576,2,STA,WIFI_DROP,
18.4576,15,STA,WIFI_DROP,
18.46,2,STA,WIFI_DROP,
18.46,15,STA,WIFI_DROP,
18.4624,2,STA,WIFI_DROP,
18.4624,15,STA,WIFI_DROP,
18.4648,2,STA,WIFI_DROP,
18.4648,15,STA,WIFI_DROP,
18.4672,2,STA,WIFI_DROP,
18.4672,15,STA,WIFI_DROP,
18.4696,2,STA,WIFI_DROP,
18.4696,15,STA,WIFI_DROP,
18.472,2,STA,WIFI_DROP,
18.472,15,STA,WIFI_DROP,
18.4744,2,STA,WIFI_DROP,
18.4744,15,STA,WIFI_DROP,
18.4768,2,STA,WIFI_DROP,
18.4768,15,STA,WIFI_DROP,
18.4792,2,STA,WIFI_DROP,
18.4792,15,STA,WIFI_DROP,
18.4816,2,STA,WIFI_DROP,
18.4816,15,STA,WIFI_DROP,
18.484,2,STA,WIFI_DROP,
18.484,15,STA,WIFI_DROP,
18.4864,2,STA,WIFI_DROP,
18.4864,15,STA,WIFI_DROP,
18.4888,2,STA,WIFI_DROP,
18.4888,15,STA,WIFI_DROP,
18.4912,2,STA,WIFI_DROP,
18.4912,15,STA,WIFI_DROP,
18.4936,2,STA,WIFI_DROP,
18.4936,15,STA,WIFI_DROP,
18.496,2,STA,WIFI_DROP,
18.496,15,STA,WIFI_DROP,
18.4984,2,STA,WIFI_DROP,
18.4984,15,STA,WIFI_DROP,
18.5008,2,STA,WIFI_DROP,
18.5008,15,STA,WIFI_DROP,
18.5032,2,STA,WIFI_DROP,
18.5032,15,STA,WIFI_DROP,
18.5056,2,STA,WIFI_DROP,
18.5056,15,STA,WIFI_DROP,
18.508,2,STA,WIFI_DROP,
18.508,15,STA,WIFI_DROP,
18.5104,2,STA,WIFI_DROP,
18.5104,15,STA,WIFI_DROP,
18.5128,2,STA,WIFI_DROP,
18.5128,15,STA,WIFI_DROP,
18.5152,2,STA,WIFI_DROP,
18.5152,15,STA,WIFI_DROP,
18.5176,2,STA,WIFI_DROP,
18.5176,15,STA,WIFI_DROP,
18.52,2,STA,WIFI_DROP,
18.52,15,STA,WIFI_DROP,
18.5224,2,STA,WIFI_DROP,
18.5224,15,STA,WIFI_DROP,
18.5248,2,STA,WIFI_DROP,
18.5248,15,STA,WIFI_DROP,
18.5272,2,STA,WIFI_DROP,
18.5272,15,STA,WIFI_DROP,
18.5296,2,STA,WIFI_DROP,
18.5296,15,STA,WIFI_DROP,
18.532,2,STA,WIFI_DROP,
18.532,15,STA,WIFI_DROP,
18.5344,2,STA,WIFI_DROP,
18.5344,15,STA,WIFI_DROP,
18.5368,2,STA,WIFI_DROP,
18.5368,15,STA,WIFI_DROP,
18.5392,2,STA,WIFI_DROP,
18.5392,15,STA,WIFI_DROP,
18.5416,2,STA,WIFI_DROP,
18.5416,15,STA,WIFI_DROP,
18.544,2,STA,WIFI_DROP,
18.544,15,STA,WIFI_DROP,
18.544,20,STA,WIFI_DROP,
18.5464,2,STA,WIFI_DROP,
18.5464,15,STA,WIFI_DROP,
18.5464,20,STA,WIFI_DROP,
18.5488,2,STA,WIFI_DROP,
18.5488,15,STA,WIFI_DROP,
18.5488,20,STA,WIFI_DROP,
18.5512,2,STA,WIFI_DROP,
18.5512,15,STA,WIFI_DROP,
18.5512,20,STA,WIFI_DROP,
18.5536,2,STA,WIFI_DROP,
18.5536,15,STA,WIFI_DROP,
18.5536,20,STA,WIFI_DROP,
18.556,2,STA,WIFI_DROP,
18.556,15,STA,WIFI_DROP,
18.556,20,STA,WIFI_DROP,
18.5584,2,STA,WIFI_DROP,
18.5584,15,STA,WIFI_DROP,
18.5584,20,STA,WIFI_DROP,
18.5608,2,STA,WIFI_DROP,
18.5608,15,STA,WIFI_DROP,
18.5608,20,STA,WIFI_DROP,
18.5632,2,STA,WIFI_DROP,
18.5632,15,STA,WIFI_DROP,
18.5632,20,STA,WIFI_DROP,
18.5656,2,STA,WIFI_DROP,
18.5656,15,STA,WIFI_DROP,
18.5656,20,STA,WIFI_DROP,
18.568,2,STA,WIFI_DROP,
18.568,15,STA,WIFI_DROP,
18.568,20,STA,WIFI_DROP,
18.5704,2,STA,WIFI_DROP,
18.5704,15,STA,WIFI_DROP,
18.5704,20,STA,WIFI_DROP,
18.5728,2,STA,WIFI_DROP,
18.5728,15,STA,WIFI_DROP,
18.5728,20,STA,WIFI_DROP,
18.5752,2,STA,WIFI_DROP,
18.5752,15,STA,WIFI_DROP,
18.5752,20,STA,WIFI_DROP,
18.5776,2,STA,WIFI_DROP,
18.5776,15,STA,WIFI_DROP,
18.5776,20,STA,WIFI_DROP,
18.58,2,STA,WIFI_DROP,
18.58,15,STA,WIFI_DROP,
18.58,20,STA,WIFI_DROP,
18.5824,2,STA,WIFI_DROP,
18.5824,15,STA,WIFI_DROP,
18.5824,20,STA,WIFI_DROP,
18.5848,2,STA,WIFI_DROP,
18.5848,15,STA,WIFI_DROP,
18.5848,20,STA,WIFI_DROP,
18.5872,2,STA,WIFI_DROP,
18.5872,15,STA,WIFI_DROP,
18.5872,20,STA,WIFI_DROP,
18.5896,2,STA,WIFI_DROP,
18.5896,15,STA,WIFI_DROP,
18.5896,20,STA,WIFI_DROP,
18.592,2,STA,WIFI_DROP,
18.592,15,STA,WIFI_DROP,
18.592,20,STA,WIFI_DROP,
18.5944,2,STA,WIFI_DROP,
18.5944,15,STA,WIFI_DROP,
18.5944,20,STA,WIFI_DROP,
18.5968,2,STA,WIFI_DROP,
18.5968,15,STA,WIFI_DROP,
18.5968,20,STA,WIFI_DROP,
18.5992,2,STA,WIFI_DROP,
18.5992,15,STA,WIFI_DROP,
18.5992,20,STA,WIFI_DROP,
18.6016,2,STA,WIFI_DROP,
18.6016,15,STA,WIFI_DROP,
18.6016,20,STA,WIFI_DROP,
18.604,2,STA,WIFI_DROP,
18.604,15,STA,WIFI_DROP,
18.604,20,STA,WIFI_DROP,
18.6064,2,STA,WIFI_DROP,
18.6064,15,STA,WIFI_DROP,
18.6064,20,STA,WIFI_DROP,
18.6088,2,STA,WIFI_DROP,
18.6088,15,STA,WIFI_DROP,
18.6088,20,STA,WIFI_DROP,
18.6112,2,STA,WIFI_DROP,
18.6112,15,STA,WIFI_DROP,
18.6112,20,STA,WIFI_DROP,
18.6136,2,STA,WIFI_DROP,
18.6136,15,STA,WIFI_DROP,
18.6136,20,STA,WIFI_DROP,
18.616,2,STA,WIFI_DROP,
18.616,15,STA,WIFI_DROP,
18.616,20,STA,WIFI_DROP,
18.6184,2,STA,WIFI_DROP,
18.6184,15,STA,WIFI_DROP,
18.6184,20,STA,WIFI_DROP,
18.6208,2,STA,WIFI_DROP,
18.6208,15,STA,WIFI_DROP,
18.6208,20,STA,WIFI_DROP,
18.6232,2,STA,WIFI_DROP,
18.6232,15,STA,WIFI_DROP,
18.6232,20,STA,WIFI_DROP,
18.6256,2,STA,WIFI_DROP,
18.6256,15,STA,WIFI_DROP,
18.6256,20,STA,WIFI_DROP,
18.628,2,STA,WIFI_DROP,
18.628,15,STA,WIFI_DROP,
18.628,20,STA,WIFI_DROP,
18.6304,2,STA,WIFI_DROP,
18.6304,15,STA,WIFI_DROP,
18.6304,20,STA,WIFI_DROP,
18.6328,2,STA,WIFI_DROP,
18.6328,15,STA,WIFI_DROP,
18.6328,20,STA,WIFI_DROP,
18.6352,2,STA,WIFI_DROP,
18.6352,15,STA,WIFI_DROP,
18.6352,20,STA,WIFI_DROP,
18.6376,2,STA,WIFI_DROP,
18.6376,15,STA,WIFI_DROP,
18.6376,20,STA,WIFI_DROP,
18.64,2,STA,WIFI_DROP,
18.64,15,STA,WIFI_DROP,
18.64,20,STA,WIFI_DROP,
18.6424,2,STA,WIFI_DROP,
18.6424,15,STA,WIFI_DROP,
18.6424,20,STA,WIFI_DROP,
18.6448,2,STA,WIFI_DROP,
18.6448,15,STA,WIFI_DROP,
18.6448,20,STA,WIFI_DROP,
18.6472,2,STA,WIFI_DROP,
18.6472,15,STA,WIFI_DROP,
18.6472,20,STA,WIFI_DROP,
18.6496,2,STA,WIFI_DROP,
18.6496,15,STA,WIFI_DROP,
18.6496,20,STA,WIFI_DROP,
18.652,2,STA,WIFI_DROP,
18.652,15,STA,WIFI_DROP,
18.652,20,STA,WIFI_DROP,
18.6544,2,STA,WIFI_DROP,
18.6544,15,STA,WIFI_DROP,
18.6544,20,STA,WIFI_DROP,
18.6568,2,STA,WIFI_DROP,
18.6568,15,STA,WIFI_DROP,
18.6568,20,STA,WIFI_DROP,
18.6592,2,STA,WIFI_DROP,
18.6592,15,STA,WIFI_DROP,
18.6592,20,STA,WIFI_DROP,
18.6616,2,STA,WIFI_DROP,
18.6616,15,STA,WIFI_DROP,
18.6616,20,STA,WIFI_DROP,
18.664,2,STA,WIFI_DROP,
18.664,15,STA,WIFI_DROP,
18.664,20,STA,WIFI_DROP,
18.6664,2,STA,WIFI_DROP,
18.6664,15,STA,WIFI_DROP,
18.6664,20,STA,WIFI_DROP,
18.6688,2,STA,WIFI_DROP,
18.6688,15,STA,WIFI_DROP,
18.6688,20,STA,WIFI_DROP,
18.6712,2,STA,WIFI_DROP,
18.6712,15,STA,WIFI_DROP,
18.6712,20,STA,WIFI_DROP,
18.6736,2,STA,WIFI_DROP,
18.6736,15,STA,WIFI_DROP,
18.6736,20,STA,WIFI_DROP,
18.676,2,STA,WIFI_DROP,
18.676,15,STA,WIFI_DROP,
18.676,20,STA,WIFI_DROP,
18.6784,2,STA,WIFI_DROP,
18.6784,15,STA,WIFI_DROP,
18.6784,20,STA,WIFI_DROP,
18.6808,2,STA,WIFI_DROP,
18.6808,15,STA,WIFI_DROP,
18.6808,20,STA,WIFI_DROP,
18.6832,2,STA,WIFI_DROP,
18.6832,15,STA,WIFI_DROP,
18.6832,20,STA,WIFI_DROP,
18.6856,2,STA,WIFI_DROP,
18.6856,15,STA,WIFI_DROP,
18.6856,20,STA,WIFI_DROP,
18.688,2,STA,WIFI_DROP,
18.688,15,STA,WIFI_DROP,
18.688,20,STA,WIFI_DROP,
18.6904,2,STA,WIFI_DROP,
18.6904,15,STA,WIFI_DROP,
18.6904,20,STA,WIFI_DROP,
18.6928,2,STA,WIFI_DROP,
18.6928,15,STA,WIFI_DROP,
18.6928,20,STA,WIFI_DROP,
18.6952,2,STA,WIFI_DROP,
18.6952,15,STA,WIFI_DROP,
18.6952,20,STA,WIFI_DROP,
18.6976,2,STA,WIFI_DROP,
18.6976,15,STA,WIFI_DROP,
18.6976,20,STA,WIFI_DROP,
18.7,2,STA,WIFI_DROP,
18.7,15,STA,WIFI_DROP,
18.7,20,STA,WIFI_DROP,
18.7024,2,STA,WIFI_DROP,
18.7024,15,STA,WIFI_DROP,
18.7024,20,STA,WIFI_DROP,
18.7048,2,STA,WIFI_DROP,
18.7048,15,STA,WIFI_DROP,
18.7048,20,STA,WIFI_DROP,
18.7072,2,STA,WIFI_DROP,
18.7072,15,STA,WIFI_DROP,
18.7072,20,STA,WIFI_DROP,
18.7096,2,STA,WIFI_DROP,
18.7096,15,STA,WIFI_DROP,
18.7096,20,STA,WIFI_DROP,
18.712,2,STA,WIFI_DROP,
18.712,15,STA,WIFI_DROP,
18.712,20,STA,WIFI_DROP,
18.7144,2,STA,WIFI_DROP,
18.7144,15,STA,WIFI_DROP,
18.7144,20,STA,WIFI_DROP,
18.7168,2,STA,WIFI_DROP,
18.7168,15,STA,WIFI_DROP,
18.7168,20,STA,WIFI_DROP,
18.7192,2,STA,WIFI_DROP,
18.7192,15,STA,WIFI_DROP,
18.7192,20,STA,WIFI_DROP,
18.7216,2,STA,WIFI_DROP,
18.7216,15,STA,WIFI_DROP,
18.7216,20,STA,WIFI_DROP,
18.724,2,STA,WIFI_DROP,
18.724,15,STA,WIFI_DROP,
18.724,20,STA,WIFI_DROP,
18.7264,2,STA,WIFI_DROP,
18.7264,15,STA,WIFI_DROP,
18.7264,20,STA,WIFI_DROP,
18.7288,2,STA,WIFI_DROP,
18.7288,15,STA,WIFI_DROP,
18.7288,20,STA,WIFI_DROP,
18.7312,2,STA,WIFI_DROP,
18.7312,15,STA,WIFI_DROP,
18.7312,20,STA,WIFI_DROP,
18.7336,2,STA,WIFI_DROP,
18.7336,15,STA,WIFI_DROP,
18.7336,20,STA,WIFI_DROP,
18.736,2,STA,WIFI_DROP,
18.736,15,STA,WIFI_DROP,
18.736,20,STA,WIFI_DROP,
18.7384,2,STA,WIFI_DROP,
18.7384,15,STA,WIFI_DROP,
18.7384,20,STA,WIFI_DROP,
18.7408,15,STA,WIFI_DROP,
18.7408,20,STA,WIFI_DROP,
18.7432,15,STA,WIFI_DROP,
18.7432,20,STA,WIFI_DROP,
18.7456,15,STA,WIFI_DROP,
18.7456,20,STA,WIFI_DROP,
18.748,15,STA,WIFI_DROP,
18.748,20,STA,WIFI_DROP,
18.7504,15,STA,WIFI_DROP,
18.7504,20,STA,WIFI_DROP,
18.7528,15,STA,WIFI_DROP,
18.7528,20,STA,WIFI_DROP,
18.7552,15,STA,WIFI_DROP,
18.7552,20,STA,WIFI_DROP,
18.7576,15,STA,WIFI_DROP,
18.7576,20,STA,WIFI_DROP,
18.76,15,STA,WIFI_DROP,
18.76,20,STA,WIFI_DROP,
18.7624,15,STA,WIFI_DROP,
18.7624,20,STA,WIFI_DROP,
18.7648,15,STA,WIFI_DROP,
18.7648,20,STA,WIFI_DROP,
18.7672,15,STA,WIFI_DROP,
18.7672,20,STA,WIFI_DROP,
18.7696,15,STA,WIFI_DROP,
18.7696,20,STA,WIFI_DROP,
18.772,15,STA,WIFI_DROP,
18.772,20,STA,WIFI_DROP,
18.7744,15,STA,WIFI_DROP,
18.7744,20,STA,WIFI_DROP,
18.7768,15,STA,WIFI_DROP,
18.7768,20,STA,WIFI_DROP,
18.7792,15,STA,WIFI_DROP,
18.7792,20,STA,WIFI_DROP,
18.7816,15,STA,WIFI_DROP,
18.7816,20,STA,WIFI_DROP,
18.784,15,STA,WIFI_DROP,
18.784,20,STA,WIFI_DROP,
18.7864,15,STA,WIFI_DROP,
18.7864,20,STA,WIFI_DROP,
18.7888,15,STA,WIFI_DROP,
18.7888,20,STA,WIFI_DROP,
18.7912,15,STA,WIFI_DROP,
18.7912,20,STA,WIFI_DROP,
18.7936,15,STA,WIFI_DROP,
18.7936,20,STA,WIFI_DROP,
18.796,15,STA,WIFI_DROP,
18.796,20,STA,WIFI_DROP,
18.7984,15,STA,WIFI_DROP,
18.7984,20,STA,WIFI_DROP,
18.8008,15,STA,WIFI_DROP,
18.8008,20,STA,WIFI_DROP,
18.8032,15,STA,WIFI_DROP,
18.8032,20,STA,WIFI_DROP,
18.8056,15,STA,WIFI_DROP,
18.8056,20,STA,WIFI_DROP,
18.808,15,STA,WIFI_DROP,
18.808,20,STA,WIFI_DROP,
18.8104,15,STA,WIFI_DROP,
18.8104,20,STA,WIFI_DROP,
18.8128,15,STA,WIFI_DROP,
18.8128,20,STA,WIFI_DROP,
18.8152,15,STA,WIFI_DROP,
18.8152,20,STA,WIFI_DROP,
18.8176,15,STA,WIFI_DROP,
18.8176,20,STA,WIFI_DROP,
18.82,15,STA,WIFI_DROP,
18.82,20,STA,WIFI_DROP,
18.8224,15,STA,WIFI_DROP,
18.8224,20,STA,WIFI_DROP,
18.8248,15,STA,WIFI_DROP,
18.8248,20,STA,WIFI_DROP,
18.8272,15,STA,WIFI_DROP,
18.8272,20,STA,WIFI_DROP,
18.8296,15,STA,WIFI_DROP,
18.8296,20,STA,WIFI_DROP,
18.832,15,STA,WIFI_DROP,
18.832,20,STA,WIFI_DROP,
18.8344,15,STA,WIFI_DROP,
18.8344,20,STA,WIFI_DROP,
18.8368,15,STA,WIFI_DROP,
18.8368,20,STA,WIFI_DROP,
18.8392,15,STA,WIFI_DROP,
18.8392,20,STA,WIFI_DROP,
18.8416,15,STA,WIFI_DROP,
18.8416,20,STA,WIFI_DROP,
18.844,15,STA,WIFI_DROP,
18.844,20,STA,WIFI_DROP,
18.8464,15,STA,WIFI_DROP,
18.8464,20,STA,WIFI_DROP,
18.8488,15,STA,WIFI_DROP,
18.8512,15,STA,WIFI_DROP,
18.8536,15,STA,WIFI_DROP,
18.856,15,STA,WIFI_DROP,
18.8584,15,STA,WIFI_DROP,
18.8608,15,STA,WIFI_DROP,
18.8632,15,STA,WIFI_DROP,
18.8656,15,STA,WIFI_DROP,
18.868,15,STA,WIFI_DROP,
18.8704,15,STA,WIFI_DROP,
18.8728,15,STA,WIFI_DROP,
18.8752,15,STA,WIFI_DROP,
18.8776,15,STA,WIFI_DROP,
18.88,15,STA,WIFI_DROP,
18.8824,15,STA,WIFI_DROP,
18.8848,15,STA,WIFI_DROP,
18.8872,15,STA,WIFI_DROP,
18.8896,15,STA,WIFI_DROP,
18.892,15,STA,WIFI_DROP,
18.8944,15,STA,WIFI_DROP,
18.8968,15,STA,WIFI_DROP,
18.8992,15,STA,WIFI_DROP,
18.9016,15,STA,WIFI_DROP,
18.904,15,STA,WIFI_DROP,
18.9064,15,STA,WIFI_DROP,
18.9088,15,STA,WIFI_DROP,
18.9112,15,STA,WIFI_DROP,
18.9136,15,STA,WIFI_DROP,
18.916,15,STA,WIFI_DROP,
18.9184,15,STA,WIFI_DROP,
18.9208,15,STA,WIFI_DROP,
18.9232,15,STA,WIFI_DROP,
18.9256,15,STA,WIFI_DROP,
18.928,15,STA,WIFI_DROP,
18.9304,15,STA,WIFI_DROP,
18.9328,15,STA,WIFI_DROP,
18.9352,15,STA,WIFI_DROP,
18.9376,15,STA,WIFI_DROP,
18.94,15,STA,WIFI_DROP,
18.9424,15,STA,WIFI_DROP,
18.9448,15,STA,WIFI_DROP,
18.9472,15,STA,WIFI_DROP,
18.9496,15,STA,WIFI_DROP,
18.952,15,STA,WIFI_DROP,
18.9544,15,STA,WIFI_DROP,
18.9544,21,STA,WIFI_DROP,
18.9568,15,STA,WIFI_DROP,
18.9568,21,STA,WIFI_DROP,
18.9592,15,STA,WIFI_DROP,
18.9592,21,STA,WIFI_DROP,
18.9616,15,STA,WIFI_DROP,
18.9616,21,STA,WIFI_DROP,
18.964,15,STA,WIFI_DROP,
18.964,21,STA,WIFI_DROP,
18.9664,15,STA,WIFI_DROP,
18.9664,21,STA,WIFI_DROP,
18.9688,15,STA,WIFI_DROP,
18.9688,21,STA,WIFI_DROP,
18.9712,15,STA,WIFI_DROP,
18.9712,21,STA,WIFI_DROP,
18.9736,15,STA,WIFI_DROP,
18.9736,21,STA,WIFI_DROP,
18.976,15,STA,WIFI_DROP,
18.976,21,STA,WIFI_DROP,
18.9784,15,STA,WIFI_DROP,
18.9784,21,STA,WIFI_DROP,
18.9808,15,STA,WIFI_DROP,
18.9808,21,STA,WIFI_DROP,
18.9832,15,STA,WIFI_DROP,
18.9832,21,STA,WIFI_DROP,
18.9856,15,STA,WIFI_DROP,
18.9856,21,STA,WIFI_DROP,
18.988,15,STA,WIFI_DROP,
18.988,21,STA,WIFI_DROP,
18.9904,15,STA,WIFI_DROP,
18.9904,21,STA,WIFI_DROP,
18.9928,15,STA,WIFI_DROP,
18.9928,21,STA,WIFI_DROP,
18.9952,15,STA,WIFI_DROP,
18.9952,21,STA,WIFI_DROP,
18.9976,15,STA,WIFI_DROP,
18.9976,21,STA,WIFI_DROP,
19,2,STA,THROUGHPUT_MBPS,1.440000
19,4,STA,THROUGHPUT_MBPS,1.824000
19,5,STA,THROUGHPUT_MBPS,1.716000
19,7,STA,THROUGHPUT_MBPS,1.272000
19,8,STA,THROUGHPUT_MBPS,0.456000
19,9,STA,THROUGHPUT_MBPS,0.492000
19,10,STA,THROUGHPUT_MBPS,1.812000
19,13,STA,THROUGHPUT_MBPS,2.172000
19,14,STA,THROUGHPUT_MBPS,1.140000
19,17,STA,THROUGHPUT_MBPS,0.168000
19,18,STA,THROUGHPUT_MBPS,0.996000
19,19,STA,THROUGHPUT_MBPS,4.644000
19,20,STA,THROUGHPUT_MBPS,1.032000
19,21,STA,THROUGHPUT_MBPS,1.248000
19,1,AP,AGGREGATE_THROUGHPUT_MBPS,20.412000
19,1,AP,SENT_COUNT,8320.000000
19,1,AP,RECV_COUNT,1701.000000
19,1,AP,LATENCY_P95_MS,540.573580
19,15,STA,WIFI_DROP,
19,21,STA,WIFI_DROP,
19.0024,15,STA,WIFI_DROP,
19.0024,21,STA,WIFI_DROP,
19.0048,15,STA,WIFI_DROP,
19.0048,21,STA,WIFI_DROP,
19.0072,15,STA,WIFI_DROP,
19.0072,21,STA,WIFI_DROP,
19.0096,15,STA,WIFI_DROP,
19.0096,21,STA,WIFI_DROP,
19.012,15,STA,WIFI_DROP,
19.012,21,STA,WIFI_DROP,
19.0144,15,STA,WIFI_DROP,
19.0144,21,STA,WIFI_DROP,
19.0168,15,STA,WIFI_DROP,
19.0168,21,STA,WIFI_DROP,
19.0192,15,STA,WIFI_DROP,
19.0192,21,STA,WIFI_DROP,
19.0216,15,STA,WIFI_DROP,
19.0216,21,STA,WIFI_DROP,
19.024,15,STA,WIFI_DROP,
19.024,21,STA,WIFI_DROP,
19.0264,15,STA,WIFI_DROP,
19.0264,21,STA,WIFI_DROP,
19.0288,15,STA,WIFI_DROP,
19.0288,21,STA,WIFI_DROP,
19.0312,15,STA,WIFI_DROP,
19.0312,21,STA,WIFI_DROP,
19.0336,15,STA,WIFI_DROP,
19.0336,21,STA,WIFI_DROP,
19.036,15,STA,WIFI_DROP,
19.036,21,STA,WIFI_DROP,
19.0384,15,STA,WIFI_DROP,
19.0384,21,STA,WIFI_DROP,
19.0408,15,STA,WIFI_DROP,
19.0408,21,STA,WIFI_DROP,
19.0432,15,STA,WIFI_DROP,
19.0432,21,STA,WIFI_DROP,
19.0456,15,STA,WIFI_DROP,
19.0456,21,STA,WIFI_DROP,
19.048,15,STA,WIFI_DROP,
19.048,21,STA,WIFI_DROP,
19.0504,15,STA,WIFI_DROP,
19.0504,21,STA,WIFI_DROP,
19.0528,15,STA,WIFI_DROP,
19.0528,21,STA,WIFI_DROP,
19.0552,15,STA,WIFI_DROP,
19.0552,21,STA,WIFI_DROP,
19.0576,15,STA,WIFI_DROP,
19.0576,21,STA,WIFI_DROP,
19.06,15,STA,WIFI_DROP,
19.06,21,STA,WIFI_DROP,
19.0624,15,STA,WIFI_DROP,
19.0624,21,STA,WIFI_DROP,
19.0648,15,STA,WIFI_DROP,
19.0648,21,STA,WIFI_DROP,
19.0672,15,STA,WIFI_DROP,
19.0672,21,STA,WIFI_DROP,
19.0696,15,STA,WIFI_DROP,
19.0696,21,STA,WIFI_DROP,
19.072,15,STA,WIFI_DROP,
19.072,21,STA,WIFI_DROP,
19.0744,15,STA,WIFI_DROP,
19.0744,21,STA,WIFI_DROP,
19.0768,15,STA,WIFI_DROP,
19.0768,21,STA,WIFI_DROP,
19.0792,15,STA,WIFI_DROP,
19.0792,21,STA,WIFI_DROP,
19.0816,15,STA,WIFI_DROP,
19.0816,21,STA,WIFI_DROP,
19.084,15,STA,WIFI_DROP,
19.084,21,STA,WIFI_DROP,
19.0864,15,STA,WIFI_DROP,
19.0864,21,STA,WIFI_DROP,
19.0888,15,STA,WIFI_DROP,
19.0888,21,STA,WIFI_DROP,
19.0912,15,STA,WIFI_DROP,
19.0912,21,STA,WIFI_DROP,
19.0936,15,STA,WIFI_DROP,
19.0936,21,STA,WIFI_DROP,
19.096,15,STA,WIFI_DROP,
19.096,21,STA,WIFI_DROP,
19.0984,15,STA,WIFI_DROP,
19.0984,21,STA,WIFI_DROP,
19.1008,15,STA,WIFI_DROP,
19.1008,21,STA,WIFI_DROP,
19.1032,15,STA,WIFI_DROP,
19.1032,21,STA,WIFI_DROP,
19.1056,15,STA,WIFI_DROP,
19.108,15,STA,WIFI_DROP,
19.1104,15,STA,WIFI_DROP,
19.1128,15,STA,WIFI_DROP,
19.1152,15,STA,WIFI_DROP,
19.1176,15,STA,WIFI_DROP,
19.12,15,STA,WIFI_DROP,
19.1224,15,STA,WIFI_DROP,
19.1248,15,STA,WIFI_DROP,
19.1272,15,STA,WIFI_DROP,
19.1296,15,STA,WIFI_DROP,
19.132,15,STA,WIFI_DROP,
19.1344,15,STA,WIFI_DROP,
19.1368,15,STA,WIFI_DROP,
19.1392,15,STA,WIFI_DROP,
19.1416,15,STA,WIFI_DROP,
19.144,15,STA,WIFI_DROP,
19.1464,15,STA,WIFI_DROP,
19.1488,15,STA,WIFI_DROP,
19.1512,15,STA,WIFI_DROP,
19.1536,15,STA,WIFI_DROP,
19.156,15,STA,WIFI_DROP,
19.1584,15,STA,WIFI_DROP,
19.1608,15,STA,WIFI_DROP,
19.1632,15,STA,WIFI_DROP,
19.1656,15,STA,WIFI_DROP,
19.168,15,STA,WIFI_DROP,
19.1704,15,STA,WIFI_DROP,
19.1728,15,STA,WIFI_DROP,
19.1752,15,STA,WIFI_DROP,
19.1776,15,STA,WIFI_DROP,
19.18,15,STA,WIFI_DROP,
19.1824,15,STA,WIFI_DROP,
19.1848,15,STA,WIFI_DROP,
19.1872,15,STA,WIFI_DROP,
19.1896,15,STA,WIFI_DROP,
19.192,15,STA,WIFI_DROP,
19.1944,15,STA,WIFI_DROP,
19.1968,15,STA,WIFI_DROP,
19.1992,15,STA,WIFI_DROP,
19.2016,15,STA,WIFI_DROP,
19.204,15,STA,WIFI_DROP,
19.2064,15,STA,WIFI_DROP,
19.2088,15,STA,WIFI_DROP,
19.2112,15,STA,WIFI_DROP,
19.2136,15,STA,WIFI_DROP,
19.216,15,STA,WIFI_DROP,
19.2184,15,STA,WIFI_DROP,
19.2208,15,STA,WIFI_DROP,
19.2232,15,STA,WIFI_DROP,
19.2256,15,STA,WIFI_DROP,
19.228,15,STA,WIFI_DROP,
19.2304,15,STA,WIFI_DROP,
19.2328,15,STA,WIFI_DROP,
19.2352,15,STA,WIFI_DROP,
19.2376,15,STA,WIFI_DROP,
19.24,15,STA,WIFI_DROP,
19.2424,15,STA,WIFI_DROP,
19.2448,15,STA,WIFI_DROP,
19.2472,15,STA,WIFI_DROP,
19.2496,15,STA,WIFI_DROP,
19.252,15,STA,WIFI_DROP,
19.2544,15,STA,WIFI_DROP,
19.2568,15,STA,WIFI_DROP,
19.2592,15,STA,WIFI_DROP,
19.2616,15,STA,WIFI_DROP,
19.264,15,STA,WIFI_DROP,
19.264,17,STA,WIFI_DROP,
19.264,19,STA,WIFI_DROP,
19.2664,15,STA,WIFI_DROP,
19.2664,17,STA,WIFI_DROP,
19.2664,19,STA,WIFI_DROP,
19.2688,15,STA,WIFI_DROP,
19.2688,17,STA,WIFI_DROP,
19.2688,19,STA,WIFI_DROP,
19.2712,15,STA,WIFI_DROP,
19.2712,17,STA,WIFI_DROP,
19.2712,19,STA,WIFI_DROP,
19.2736,15,STA,WIFI_DROP,
19.2736,17,STA,WIFI_DROP,
19.2736,19,STA,WIFI_DROP,
19.276,15,STA,WIFI_DROP,
19.276,17,STA,WIFI_DROP,
19.276,19,STA,WIFI_DROP,
19.2784,15,STA,WIFI_DROP,
19.2784,17,STA,WIFI_DROP,
19.2784,19,STA,WIFI_DROP,
19.2808,15,STA,WIFI_DROP,
19.2808,17,STA,WIFI_DROP,
19.2808,19,STA,WIFI_DROP,
19.2832,15,STA,WIFI_DROP,
19.2832,17,STA,WIFI_DROP,
19.2832,19,STA,WIFI_DROP,
19.2856,15,STA,WIFI_DROP,
19.2856,17,STA,WIFI_DROP,
19.2856,19,STA,WIFI_DROP,
19.288,15,STA,WIFI_DROP,
19.288,17,STA,WIFI_DROP,
19.288,19,STA,WIFI_DROP,
19.2904,15,STA,WIFI_DROP,
19.2904,17,STA,WIFI_DROP,
19.2904,19,STA,WIFI_DROP,
19.2928,15,STA,WIFI_DROP,
19.2928,17,STA,WIFI_DROP,
19.2928,19,STA,WIFI_DROP,
19.2952,15,STA,WIFI_DROP,
19.2952,17,STA,WIFI_DROP,
19.2952,19,STA,WIFI_DROP,
19.2976,15,STA,WIFI_DROP,
19.2976,17,STA,WIFI_DROP,
19.2976,19,STA,WIFI_DROP,
19.3,15,STA,WIFI_DROP,
19.3,17,STA,WIFI_DROP,
19.3,19,STA,WIFI_DROP,
19.3024,15,STA,WIFI_DROP,
19.3024,17,STA,WIFI_DROP,
19.3024,19,STA,WIFI_DROP,
19.3048,15,STA,WIFI_DROP,
19.3048,17,STA,WIFI_DROP,
19.3048,19,STA,WIFI_DROP,
19.3072,15,STA,WIFI_DROP,
19.3072,17,STA,WIFI_DROP,
19.3072,19,STA,WIFI_DROP,
19.3096,15,STA,WIFI_DROP,
19.3096,17,STA,WIFI_DROP,
19.3096,19,STA,WIFI_DROP,
19.312,15,STA,WIFI_DROP,
19.312,17,STA,WIFI_DROP,
19.312,19,STA,WIFI_DROP,
19.3144,15,STA,WIFI_DROP,
19.3144,17,STA,WIFI_DROP,
19.3144,19,STA,WIFI_DROP,
19.3168,15,STA,WIFI_DROP,
19.3168,17,STA,WIFI_DROP,
19.3168,19,STA,WIFI_DROP,
19.3192,15,STA,WIFI_DROP,
19.3192,17,STA,WIFI_DROP,
19.3192,19,STA,WIFI_DROP,
19.3216,15,STA,WIFI_DROP,
19.3216,17,STA,WIFI_DROP,
19.3216,19,STA,WIFI_DROP,
19.324,15,STA,WIFI_DROP,
19.324,17,STA,WIFI_DROP,
19.324,19,STA,WIFI_DROP,
19.3264,15,STA,WIFI_DROP,
19.3264,17,STA,WIFI_DROP,
19.3264,19,STA,WIFI_DROP,
19.3288,15,STA,WIFI_DROP,
19.3288,17,STA,WIFI_DROP,
19.3288,19,STA,WIFI_DROP,
19.3312,15,STA,WIFI_DROP,
19.3312,17,STA,WIFI_DROP,
19.3312,19,STA,WIFI_DROP,
19.3336,15,STA,WIFI_DROP,
19.3336,17,STA,WIFI_DROP,
19.3336,19,STA,WIFI_DROP,
19.336,15,STA,WIFI_DROP,
19.336,17,STA,WIFI_DROP,
19.336,19,STA,WIFI_DROP,
19.3384,15,STA,WIFI_DROP,
19.3384,17,STA,WIFI_DROP,
19.3384,19,STA,WIFI_DROP,
19.3408,15,STA,WIFI_DROP,
19.3408,17,STA,WIFI_DROP,
19.3408,19,STA,WIFI_DROP,
19.3432,15,STA,WIFI_DROP,
19.3432,17,STA,WIFI_DROP,
19.3432,19,STA,WIFI_DROP,
19.3456,15,STA,WIFI_DROP,
19.3456,17,STA,WIFI_DROP,
19.3456,19,STA,WIFI_DROP,
19.348,15,STA,WIFI_DROP,
19.348,17,STA,WIFI_DROP,
19.348,19,STA,WIFI_DROP,
19.3504,15,STA,WIFI_DROP,
19.3504,17,STA,WIFI_DROP,
19.3504,19,STA,WIFI_DROP,
19.3528,15,STA,WIFI_DROP,
19.3528,17,STA,WIFI_DROP,
19.3528,19,STA,WIFI_DROP,
19.3552,15,STA,WIFI_DROP,
19.3552,17,STA,WIFI_DROP,
19.3552,19,STA,WIFI_DROP,
19.3576,15,STA,WIFI_DROP,
19.3576,17,STA,WIFI_DROP,
19.3576,19,STA,WIFI_DROP,
19.36,15,STA,WIFI_DROP,
19.36,17,STA,WIFI_DROP,
19.36,19,STA,WIFI_DROP,
19.3624,15,STA,WIFI_DROP,
19.3624,17,STA,WIFI_DROP,
19.3624,19,STA,WIFI_DROP,
19.3648,15,STA,WIFI_DROP,
19.3648,17,STA,WIFI_DROP,
19.3648,19,STA,WIFI_DROP,
19.3672,15,STA,WIFI_DROP,
19.3672,17,STA,WIFI_DROP,
19.3672,19,STA,WIFI_DROP,
19.3696,15,STA,WIFI_DROP,
19.3696,19,STA,WIFI_DROP,
19.372,15,STA,WIFI_DROP,
19.372,19,STA,WIFI_DROP,
19.3744,15,STA,WIFI_DROP,
19.3744,19,STA,WIFI_DROP,
19.3768,15,STA,WIFI_DROP,
19.3768,19,STA,WIFI_DROP,
19.3792,15,STA,WIFI_DROP,
19.3792,19,STA,WIFI_DROP,
19.3816,15,STA,WIFI_DROP,
19.3816,19,STA,WIFI_DROP,
19.384,15,STA,WIFI_DROP,
19.384,19,STA,WIFI_DROP,
19.3864,15,STA,WIFI_DROP,
19.3864,19,STA,WIFI_DROP,
19.3888,15,STA,WIFI_DROP,
19.3888,19,STA,WIFI_DROP,
19.3912,15,STA,WIFI_DROP,
19.3912,19,STA,WIFI_DROP,
19.3936,15,STA,WIFI_DROP,
19.3936,19,STA,WIFI_DROP,
19.396,15,STA,WIFI_DROP,
19.396,19,STA,WIFI_DROP,
19.3984,15,STA,WIFI_DROP,
19.3984,19,STA,WIFI_DROP,
19.4008,15,STA,WIFI_DROP,
19.4008,19,STA,WIFI_DROP,
19.4032,15,STA,WIFI_DROP,
19.4032,19,STA,WIFI_DROP,
19.4056,15,STA,WIFI_DROP,
19.4056,19,STA,WIFI_DROP,
19.408,15,STA,WIFI_DROP,
19.408,19,STA,WIFI_DROP,
19.4104,15,STA,WIFI_DROP,
19.4104,19,STA,WIFI_DROP,
19.4128,15,STA,WIFI_DROP,
19.4128,19,STA,WIFI_DROP,
19.4152,15,STA,WIFI_DROP,
19.4152,19,STA,WIFI_DROP,
19.4176,15,STA,WIFI_DROP,
19.4176,19,STA,WIFI_DROP,
19.42,15,STA,WIFI_DROP,
19.42,19,STA,WIFI_DROP,
19.4224,15,STA,WIFI_DROP,
19.4224,19,STA,WIFI_DROP,
19.4248,15,STA,WIFI_DROP,
19.4248,19,STA,WIFI_DROP,
19.4272,15,STA,WIFI_DROP,
19.4272,19,STA,WIFI_DROP,
19.4296,15,STA,WIFI_DROP,
19.4296,19,STA,WIFI_DROP,
19.432,15,STA,WIFI_DROP,
19.432,19,STA,WIFI_DROP,
19.4344,15,STA,WIFI_DROP,
19.4344,19,STA,WIFI_DROP,
19.4368,15,STA,WIFI_DROP,
19.4368,19,STA,WIFI_DROP,
19.4392,15,STA,WIFI_DROP,
19.4392,19,STA,WIFI_DROP,
19.4416,15,STA,WIFI_DROP,
19.4416,19,STA,WIFI_DROP,
19.444,15,STA,WIFI_DROP,
19.444,19,STA,WIFI_DROP,
19.4464,15,STA,WIFI_DROP,
19.4464,19,STA,WIFI_DROP,
19.4488,15,STA,WIFI_DROP,
19.4488,19,STA,WIFI_DROP,
19.4512,15,STA,WIFI_DROP,
19.4512,19,STA,WIFI_DROP,
19.4536,15,STA,WIFI_DROP,
19.4536,19,STA,WIFI_DROP,
19.456,15,STA,WIFI_DROP,
19.456,19,STA,WIFI_DROP,
19.4584,15,STA,WIFI_DROP,
19.4584,19,STA,WIFI_DROP,
19.4608,15,STA,WIFI_DROP,
19.4608,19,STA,WIFI_DROP,
19.4632,15,STA,WIFI_DROP,
19.4632,19,STA,WIFI_DROP,
19.4656,15,STA,WIFI_DROP,
19.4656,19,STA,WIFI_DROP,
19.468,15,STA,WIFI_DROP,
19.468,19,STA,WIFI_DROP,
19.4704,15,STA,WIFI_DROP,
19.4704,19,STA,WIFI_DROP,
19.4728,15,STA,WIFI_DROP,
19.4728,19,STA,WIFI_DROP,
19.4752,15,STA,WIFI_DROP,
19.4752,19,STA,WIFI_DROP,
19.4776,15,STA,WIFI_DROP,
19.4776,19,STA,WIFI_DROP,
19.48,15,STA,WIFI_DROP,
19.48,19,STA,WIFI_DROP,
19.4824,15,STA,WIFI_DROP,
19.4824,19,STA,WIFI_DROP,
19.4848,15,STA,WIFI_DROP,
19.4848,19,STA,WIFI_DROP,
19.4872,15,STA,WIFI_DROP,
19.4872,19,STA,WIFI_DROP,
19.4896,15,STA,WIFI_DROP,
19.4896,19,STA,WIFI_DROP,
19.492,15,STA,WIFI_DROP,
19.492,19,STA,WIFI_DROP,
19.4944,15,STA,WIFI_DROP,
19.4944,19,STA,WIFI_DROP,
19.4968,15,STA,WIFI_DROP,
19.4968,19,STA,WIFI_DROP,
19.4992,15,STA,WIFI_DROP,
19.4992,19,STA,WIFI_DROP,
19.5016,15,STA,WIFI_DROP,
19.5016,19,STA,WIFI_DROP,
19.504,15,STA,WIFI_DROP,
19.504,19,STA,WIFI_DROP,
19.5064,15,STA,WIFI_DROP,
19.5064,19,STA,WIFI_DROP,
19.5088,15,STA,WIFI_DROP,
19.5088,19,STA,WIFI_DROP,
19.5112,15,STA,WIFI_DROP,
19.5112,19,STA,WIFI_DROP,
19.5136,15,STA,WIFI_DROP,
19.5136,19,STA,WIFI_DROP,
19.516,15,STA,WIFI_DROP,
19.516,19,STA,WIFI_DROP,
19.5184,15,STA,WIFI_DROP,
19.5184,19,STA,WIFI_DROP,
19.5208,15,STA,WIFI_DROP,
19.5208,19,STA,WIFI_DROP,
19.5232,15,STA,WIFI_DROP,
19.5232,19,STA,WIFI_DROP,
19.5256,15,STA,WIFI_DROP,
19.5256,19,STA,WIFI_DROP,
19.528,15,STA,WIFI_DROP,
19.528,19,STA,WIFI_DROP,
19.5304,15,STA,WIFI_DROP,
19.5304,19,STA,WIFI_DROP,
19.5328,15,STA,WIFI_DROP,
19.5328,19,STA,WIFI_DROP,
19.5352,15,STA,WIFI_DROP,
19.5352,19,STA,WIFI_DROP,
19.5376,15,STA,WIFI_DROP,
19.5376,19,STA,WIFI_DROP,
19.54,15,STA,WIFI_DROP,
19.54,19,STA,WIFI_DROP,
19.5424,15,STA,WIFI_DROP,
19.5424,19,STA,WIFI_DROP,
19.5448,15,STA,WIFI_DROP,
19.5448,19,STA,WIFI_DROP,
19.5472,15,STA,WIFI_DROP,
19.5472,19,STA,WIFI_DROP,
19.5496,15,STA,WIFI_DROP,
19.5496,19,STA,WIFI_DROP,
19.552,15,STA,WIFI_DROP,
19.552,19,STA,WIFI_DROP,
19.5544,15,STA,WIFI_DROP,
19.5544,19,STA,WIFI_DROP,
19.5568,15,STA,WIFI_DROP,
19.5568,19,STA,WIFI_DROP,
19.5592,15,STA,WIFI_DROP,
19.5592,19,STA,WIFI_DROP,
19.5616,15,STA,WIFI_DROP,
19.5616,19,STA,WIFI_DROP,
19.564,15,STA,WIFI_DROP,
19.564,19,STA,WIFI_DROP,
19.5664,15,STA,WIFI_DROP,
19.5664,19,STA,WIFI_DROP,
19.5688,15,STA,WIFI_DROP,
19.5688,19,STA,WIFI_DROP,
19.5712,15,STA,WIFI_DROP,
19.5712,19,STA,WIFI_DROP,
19.5736,15,STA,WIFI_DROP,
19.5736,19,STA,WIFI_DROP,
19.576,15,STA,WIFI_DROP,
19.576,19,STA,WIFI_DROP,
19.5784,15,STA,WIFI_DROP,
19.5784,19,STA,WIFI_DROP,
19.5808,15,STA,WIFI_DROP,
19.5808,19,STA,WIFI_DROP,
19.5832,15,STA,WIFI_DROP,
19.5832,19,STA,WIFI_DROP,
19.5856,15,STA,WIFI_DROP,
19.5856,19,STA,WIFI_DROP,
19.588,15,STA,WIFI_DROP,
19.588,19,STA,WIFI_DROP,
19.5904,15,STA,WIFI_DROP,
19.5904,19,STA,WIFI_DROP,
19.5928,15,STA,WIFI_DROP,
19.5928,19,STA,WIFI_DROP,
19.5952,15,STA,WIFI_DROP,
19.5952,19,STA,WIFI_DROP,
19.5976,15,STA,WIFI_DROP,
19.5976,19,STA,WIFI_DROP,
19.6,15,STA,WIFI_DROP,
19.6,19,STA,WIFI_DROP,
19.6024,15,STA,WIFI_DROP,
19.6024,19,STA,WIFI_DROP,
19.6048,15,STA,WIFI_DROP,
19.6048,19,STA,WIFI_DROP,
19.6072,15,STA,WIFI_DROP,
19.6072,19,STA,WIFI_DROP,
19.6096,15,STA,WIFI_DROP,
19.6096,19,STA,WIFI_DROP,
19.612,15,STA,WIFI_DROP,
19.612,19,STA,WIFI_DROP,
19.6144,15,STA,WIFI_DROP,
19.6144,19,STA,WIFI_DROP,
19.6168,15,STA,WIFI_DROP,
19.6168,19,STA,WIFI_DROP,
19.6192,15,STA,WIFI_DROP,
19.6192,19,STA,WIFI_DROP,
19.6216,15,STA,WIFI_DROP,
19.6216,19,STA,WIFI_DROP,
19.624,15,STA,WIFI_DROP,
19.624,19,STA,WIFI_DROP,
19.6264,15,STA,WIFI_DROP,
19.6264,19,STA,WIFI_DROP,
19.6288,15,STA,WIFI_DROP,
19.6288,19,STA,WIFI_DROP,
19.6312,15,STA,WIFI_DROP,
19.6312,19,STA,WIFI_DROP,
19.6336,15,STA,WIFI_DROP,
19.6336,19,STA,WIFI_DROP,
19.636,15,STA,WIFI_DROP,
19.636,19,STA,WIFI_DROP,
19.6384,15,STA,WIFI_DROP,
19.6384,19,STA,WIFI_DROP,
19.6408,15,STA,WIFI_DROP,
19.6408,19,STA,WIFI_DROP,
19.6432,15,STA,WIFI_DROP,
19.6432,19,STA,WIFI_DROP,
19.6456,15,STA,WIFI_DROP,
19.6456,19,STA,WIFI_DROP,
19.648,15,STA,WIFI_DROP,
19.648,19,STA,WIFI_DROP,
19.6504,15,STA,WIFI_DROP,
19.6504,19,STA,WIFI_DROP,
19.6528,15,STA,WIFI_DROP,
19.6528,19,STA,WIFI_DROP,
19.6552,15,STA,WIFI_DROP,
19.6552,19,STA,WIFI_DROP,
19.6576,15,STA,WIFI_DROP,
19.6576,19,STA,WIFI_DROP,
19.66,15,STA,WIFI_DROP,
19.66,19,STA,WIFI_DROP,
19.6624,15,STA,WIFI_DROP,
19.6624,19,STA,WIFI_DROP,
19.6648,15,STA,WIFI_DROP,
19.6648,19,STA,WIFI_DROP,
19.6672,15,STA,WIFI_DROP,
19.6672,19,STA,WIFI_DROP,
19.6696,15,STA,WIFI_DROP,
19.6696,19,STA,WIFI_DROP,
19.672,15,STA,WIFI_DROP,
19.672,19,STA,WIFI_DROP,
19.6744,15,STA,WIFI_DROP,
19.6744,19,STA,WIFI_DROP,
19.6768,15,STA,WIFI_DROP,
19.6768,19,STA,WIFI_DROP,
19.6792,15,STA,WIFI_DROP,
19.6792,19,STA,WIFI_DROP,
19.6816,15,STA,WIFI_DROP,
19.6816,19,STA,WIFI_DROP,
19.684,15,STA,WIFI_DROP,
19.684,19,STA,WIFI_DROP,
19.6864,15,STA,WIFI_DROP,
19.6864,19,STA,WIFI_DROP,
19.6888,15,STA,WIFI_DROP,
19.6888,19,STA,WIFI_DROP,
19.6912,15,STA,WIFI_DROP,
19.6912,19,STA,WIFI_DROP,
19.6936,15,STA,WIFI_DROP,
19.6936,19,STA,WIFI_DROP,
19.696,15,STA,WIFI_DROP,
19.696,19,STA,WIFI_DROP,
19.6984,15,STA,WIFI_DROP,
19.6984,19,STA,WIFI_DROP,
19.7008,15,STA,WIFI_DROP,
19.7008,19,STA,WIFI_DROP,
19.7032,15,STA,WIFI_DROP,
19.7032,19,STA,WIFI_DROP,
19.7056,15,STA,WIFI_DROP,
19.7056,19,STA,WIFI_DROP,
19.708,15,STA,WIFI_DROP,
19.708,19,STA,WIFI_DROP,
19.7104,15,STA,WIFI_DROP,
19.7104,19,STA,WIFI_DROP,
19.7128,15,STA,WIFI_DROP,
19.7128,19,STA,WIFI_DROP,
19.7152,15,STA,WIFI_DROP,
19.7152,19,STA,WIFI_DROP,
19.7176,15,STA,WIFI_DROP,
19.7176,19,STA,WIFI_DROP,
19.72,15,STA,WIFI_DROP,
19.72,19,STA,WIFI_DROP,
19.7224,15,STA,WIFI_DROP,
19.7224,19,STA,WIFI_DROP,
19.7248,15,STA,WIFI_DROP,
19.7248,19,STA,WIFI_DROP,
19.7272,15,STA,WIFI_DROP,
19.7272,19,STA,WIFI_DROP,
19.7296,15,STA,WIFI_DROP,
19.7296,19,STA,WIFI_DROP,
19.732,15,STA,WIFI_DROP,
19.732,19,STA,WIFI_DROP,
19.7344,15,STA,WIFI_DROP,
19.7344,19,STA,WIFI_DROP,
19.7368,15,STA,WIFI_DROP,
19.7368,19,STA,WIFI_DROP,
19.7392,15,STA,WIFI_DROP,
19.7392,19,STA,WIFI_DROP,
19.7416,15,STA,WIFI_DROP,
19.7416,19,STA,WIFI_DROP,
19.744,15,STA,WIFI_DROP,
19.744,19,STA,WIFI_DROP,
19.7464,15,STA,WIFI_DROP,
19.7464,19,STA,WIFI_DROP,
19.7488,15,STA,WIFI_DROP,
19.7488,19,STA,WIFI_DROP,
19.7512,15,STA,WIFI_DROP,
19.7512,19,STA,WIFI_DROP,
19.7536,15,STA,WIFI_DROP,
19.7536,19,STA,WIFI_DROP,
19.756,15,STA,WIFI_DROP,
19.756,19,STA,WIFI_DROP,
19.7584,15,STA,WIFI_DROP,
19.7584,19,STA,WIFI_DROP,
19.7608,15,STA,WIFI_DROP,
19.7608,19,STA,WIFI_DROP,
19.7632,15,STA,WIFI_DROP,
19.7632,19,STA,WIFI_DROP,
19.7656,15,STA,WIFI_DROP,
19.7656,19,STA,WIFI_DROP,
19.768,2,STA,WIFI_DROP,
19.768,15,STA,WIFI_DROP,
19.768,19,STA,WIFI_DROP,
19.7704,2,STA,WIFI_DROP,
19.7704,15,STA,WIFI_DROP,
19.7704,19,STA,WIFI_DROP,
19.7728,2,STA,WIFI_DROP,
19.7728,15,STA,WIFI_DROP,
19.7728,19,STA,WIFI_DROP,
19.7752,2,STA,WIFI_DROP,
19.7752,15,STA,WIFI_DROP,
19.7752,19,STA,WIFI_DROP,
19.7776,2,STA,WIFI_DROP,
19.7776,15,STA,WIFI_DROP,
19.7776,19,STA,WIFI_DROP,
19.78,2,STA,WIFI_DROP,
19.78,15,STA,WIFI_DROP,
19.78,19,STA,WIFI_DROP,
19.7824,2,STA,WIFI_DROP,
19.7824,15,STA,WIFI_DROP,
19.7824,19,STA,WIFI_DROP,
19.7848,2,STA,WIFI_DROP,
19.7848,15,STA,WIFI_DROP,
19.7848,19,STA,WIFI_DROP,
19.7872,2,STA,WIFI_DROP,
19.7872,15,STA,WIFI_DROP,
19.7872,19,STA,WIFI_DROP,
19.7896,2,STA,WIFI_DROP,
19.7896,15,STA,WIFI_DROP,
19.7896,19,STA,WIFI_DROP,
19.792,2,STA,WIFI_DROP,
19.792,15,STA,WIFI_DROP,
19.792,19,STA,WIFI_DROP,
19.7944,2,STA,WIFI_DROP,
19.7944,15,STA,WIFI_DROP,
19.7944,19,STA,WIFI_DROP,
19.7968,2,STA,WIFI_DROP,
19.7968,15,STA,WIFI_DROP,
19.7968,19,STA,WIFI_DROP,
19.7992,2,STA,WIFI_DROP,
19.7992,15,STA,WIFI_DROP,
19.7992,19,STA,WIFI_DROP,
19.8016,2,STA,WIFI_DROP,
19.8016,15,STA,WIFI_DROP,
19.8016,19,STA,WIFI_DROP,
19.804,2,STA,WIFI_DROP,
19.804,15,STA,WIFI_DROP,
19.804,19,STA,WIFI_DROP,
19.8064,2,STA,WIFI_DROP,
19.8064,15,STA,WIFI_DROP,
19.8064,19,STA,WIFI_DROP,
19.8088,2,STA,WIFI_DROP,
19.8088,15,STA,WIFI_DROP,
19.8088,19,STA,WIFI_DROP,
19.8112,2,STA,WIFI_DROP,
19.8112,15,STA,WIFI_DROP,
19.8112,19,STA,WIFI_DROP,
19.8136,2,STA,WIFI_DROP,
19.8136,15,STA,WIFI_DROP,
19.8136,19,STA,WIFI_DROP,
19.816,2,STA,WIFI_DROP,
19.816,15,STA,WIFI_DROP,
19.816,19,STA,WIFI_DROP,
19.8184,2,STA,WIFI_DROP,
19.8184,15,STA,WIFI_DROP,
19.8184,19,STA,WIFI_DROP,
19.8208,2,STA,WIFI_DROP,
19.8208,15,STA,WIFI_DROP,
19.8208,19,STA,WIFI_DROP,
19.8232,2,STA,WIFI_DROP,
19.8232,15,STA,WIFI_DROP,
19.8232,19,STA,WIFI_DROP,
19.8256,2,STA,WIFI_DROP,
19.8256,15,STA,WIFI_DROP,
19.8256,19,STA,WIFI_DROP,
19.828,2,STA,WIFI_DROP,
19.828,15,STA,WIFI_DROP,
19.828,19,STA,WIFI_DROP,
19.8304,2,STA,WIFI_DROP,
19.8304,15,STA,WIFI_DROP,
19.8304,19,STA,WIFI_DROP,
19.8328,2,STA,WIFI_DROP,
19.8328,15,STA,WIFI_DROP,
19.8328,19,STA,WIFI_DROP,
19.8352,2,STA,WIFI_DROP,
19.8352,15,STA,WIFI_DROP,
19.8352,19,STA,WIFI_DROP,
19.8376,2,STA,WIFI_DROP,
19.8376,15,STA,WIFI_DROP,
19.8376,19,STA,WIFI_DROP,
19.84,2,STA,WIFI_DROP,
19.84,15,STA,WIFI_DROP,
19.84,19,STA,WIFI_DROP,
19.8424,2,STA,WIFI_DROP,
19.8424,15,STA,WIFI_DROP,
19.8424,19,STA,WIFI_DROP,
19.8448,2,STA,WIFI_DROP,
19.8448,15,STA,WIFI_DROP,
19.8448,19,STA,WIFI_DROP,
19.8472,2,STA,WIFI_DROP,
19.8472,15,STA,WIFI_DROP,
19.8472,19,STA,WIFI_DROP,
19.8496,2,STA,WIFI_DROP,
19.8496,15,STA,WIFI_DROP,
19.8496,19,STA,WIFI_DROP,
19.852,2,STA,WIFI_DROP,
19.852,15,STA,WIFI_DROP,
19.852,19,STA,WIFI_DROP,
19.8544,2,STA,WIFI_DROP,
19.8544,15,STA,WIFI_DROP,
19.8544,19,STA,WIFI_DROP,
19.8568,2,STA,WIFI_DROP,
19.8568,15,STA,WIFI_DROP,
19.8568,19,STA,WIFI_DROP,
19.8592,2,STA,WIFI_DROP,
19.8592,15,STA,WIFI_DROP,
19.8592,19,STA,WIFI_DROP,
19.8616,2,STA,WIFI_DROP,
19.8616,15,STA,WIFI_DROP,
19.8616,19,STA,WIFI_DROP,
19.864,2,STA,WIFI_DROP,
19.864,15,STA,WIFI_DROP,
19.864,19,STA,WIFI_DROP,
19.8664,2,STA,WIFI_DROP,
19.8664,15,STA,WIFI_DROP,
19.8688,2,STA,WIFI_DROP,
19.8688,15,STA,WIFI_DROP,
19.8712,2,STA,WIFI_DROP,
19.8712,15,STA,WIFI_DROP,
19.8736,2,STA,WIFI_DROP,
19.8736,15,STA,WIFI_DROP,
19.876,2,STA,WIFI_DROP,
19.876,15,STA,WIFI_DROP,
19.8784,2,STA,WIFI_DROP,
19.8784,5,STA,WIFI_DROP,
19.8784,15,STA,WIFI_DROP,
19.8808,2,STA,WIFI_DROP,
19.8808,5,STA,WIFI_DROP,
19.8808,15,STA,WIFI_DROP,
19.8832,2,STA,WIFI_DROP,
19.8832,5,STA,WIFI_DROP,
19.8832,15,STA,WIFI_DROP,
19.8856,2,STA,WIFI_DROP,
19.8856,5,STA,WIFI_DROP,
19.8856,15,STA,WIFI_DROP,
19.888,2,STA,WIFI_DROP,
19.888,5,STA,WIFI_DROP,
19.888,15,STA,WIFI_DROP,
19.8904,2,STA,WIFI_DROP,
19.8904,5,STA,WIFI_DROP,
19.8904,15,STA,WIFI_DROP,
19.8928,2,STA,WIFI_DROP,
19.8928,5,STA,WIFI_DROP,
19.8928,15,STA,WIFI_DROP,
19.8952,2,STA,WIFI_DROP,
19.8952,5,STA,WIFI_DROP,
19.8952,15,STA,WIFI_DROP,
19.8976,2,STA,WIFI_DROP,
19.8976,5,STA,WIFI_DROP,
19.8976,15,STA,WIFI_DROP,
19.9,2,STA,WIFI_DROP,
19.9,5,STA,WIFI_DROP,
19.9,15,STA,WIFI_DROP,
19.9024,2,STA,WIFI_DROP,
19.9024,5,STA,WIFI_DROP,
19.9024,15,STA,WIFI_DROP,
19.9048,2,STA,WIFI_DROP,
19.9048,5,STA,WIFI_DROP,
19.9048,15,STA,WIFI_DROP,
19.9072,2,STA,WIFI_DROP,
19.9072,5,STA,WIFI_DROP,
19.9072,15,STA,WIFI_DROP,
19.9096,2,STA,WIFI_DROP,
19.9096,5,STA,WIFI_DROP,
19.9096,15,STA,WIFI_DROP,
19.912,2,STA,WIFI_DROP,
19.912,5,STA,WIFI_DROP,
19.912,15,STA,WIFI_DROP,
19.9144,2,STA,WIFI_DROP,
19.9144,5,STA,WIFI_DROP,
19.9144,15,STA,WIFI_DROP,
19.9168,2,STA,WIFI_DROP,
19.9168,5,STA,WIFI_DROP,
19.9168,15,STA,WIFI_DROP,
19.9192,5,STA,WIFI_DROP,
19.9192,15,STA,WIFI_DROP,
19.9216,5,STA,WIFI_DROP,
19.9216,15,STA,WIFI_DROP,
19.924,5,STA,WIFI_DROP,
19.924,15,STA,WIFI_DROP,
19.9264,5,STA,WIFI_DROP,
19.9264,15,STA,WIFI_DROP,
19.9288,5,STA,WIFI_DROP,
19.9288,15,STA,WIFI_DROP,
19.9312,5,STA,WIFI_DROP,
19.9312,15,STA,WIFI_DROP,
19.9336,5,STA,WIFI_DROP,
19.9336,15,STA,WIFI_DROP,
19.936,5,STA,WIFI_DROP,
19.936,15,STA,WIFI_DROP,
19.9384,5,STA,WIFI_DROP,
19.9384,15,STA,WIFI_DROP,
19.9408,5,STA,WIFI_DROP,
19.9408,15,STA,WIFI_DROP,
19.9432,5,STA,WIFI_DROP,
19.9432,15,STA,WIFI_DROP,
19.9456,5,STA,WIFI_DROP,
19.9456,15,STA,WIFI_DROP,
19.948,5,STA,WIFI_DROP,
19.948,15,STA,WIFI_DROP,
19.9504,5,STA,WIFI_DROP,
19.9504,15,STA,WIFI_DROP,
19.9528,5,STA,WIFI_DROP,
19.9528,15,STA,WIFI_DROP,
19.9552,5,STA,WIFI_DROP,
19.9552,15,STA,WIFI_DROP,
19.9576,5,STA,WIFI_DROP,
19.9576,15,STA,WIFI_DROP,
19.96,5,STA,WIFI_DROP,
19.96,15,STA,WIFI_DROP,
19.9624,5,STA,WIFI_DROP,
19.9624,15,STA,WIFI_DROP,
19.9648,5,STA,WIFI_DROP,
19.9648,15,STA,WIFI_DROP,
19.9672,5,STA,WIFI_DROP,
19.9672,15,STA,WIFI_DROP,
19.9696,5,STA,WIFI_DROP,
19.9696,15,STA,WIFI_DROP,
19.972,5,STA,WIFI_DROP,
19.972,15,STA,WIFI_DROP,
19.9744,5,STA,WIFI_DROP,
19.9744,15,STA,WIFI_DROP,
19.9768,5,STA,WIFI_DROP,
19.9768,15,STA,WIFI_DROP,
19.9792,15,STA,WIFI_DROP,
19.9816,15,STA,WIFI_DROP,
19.984,15,STA,WIFI_DROP,
19.9864,15,STA,WIFI_DROP,
19.9888,15,STA,WIFI_DROP,
19.9912,15,STA,WIFI_DROP,
19.9936,15,STA,WIFI_DROP,
19.996,15,STA,WIFI_DROP,
19.9984,15,STA,WIFI_DROP,
