Time_s,NodeID,NodeType,Action,Value
0,2,STA,FIXED_STA_DISTANCE,90.000000
0,3,STA,FIXED_STA_DISTANCE,90.000000
0,4,STA,FIXED_STA_DISTANCE,90.000000
0,5,STA,FIXED_STA_DISTANCE,90.000000
0,6,STA,FIXED_STA_DISTANCE,90.000000
0,7,STA,FIXED_STA_DISTANCE,90.000000
0,8,STA,FIXED_STA_DISTANCE,90.000000
0,9,STA,FIXED_STA_DISTANCE,90.000000
0,10,STA,FIXED_STA_DISTANCE,90.000000
0,11,STA,FIXED_STA_DISTANCE,90.000000
0,12,STA,FIXED_STA_DISTANCE,90.000000
0,13,STA,FIXED_STA_DISTANCE,90.000000
0,14,STA,FIXED_STA_DISTANCE,90.000000
0,15,STA,FIXED_STA_DISTANCE,90.000000
0,16,STA,FIXED_STA_DISTANCE,90.000000
0,17,STA,FIXED_STA_DISTANCE,90.000000
0,18,STA,FIXED_STA_DISTANCE,90.000000
0,19,STA,FIXED_STA_DISTANCE,90.000000
0,20,STA,FIXED_STA_DISTANCE,90.000000
0,21,STA,FIXED_STA_DISTANCE,90.000000
0,2,STA,FIXED_TX_POWER_DBM,24.000000
0,2,STA,NAKAGAMI_FADING,1.000000
0.0530805,17,STA,ASSOC,
0.0530805,17,STA,JOINED,
0.0566648,12,STA,ASSOC,
0.0566648,12,STA,JOINED,
0.0584534,13,STA,ASSOC,
0.0584534,13,STA,JOINED,
0.106318,7,STA,ASSOC,
0.106318,7,STA,JOINED,
0.111942,11,STA,ASSOC,
0.111942,11,STA,JOINED,
0.152863,14,STA,ASSOC,
0.152863,14,STA,JOINED,
0.153208,3,STA,ASSOC,
0.153208,3,STA,JOINED,
0.206385,10,STA,ASSOC,
0.206385,10,STA,JOINED,
0.207409,2,STA,ASSOC,
0.207409,2,STA,JOINED,
0.208978,19,STA,ASSOC,
0.208978,19,STA,JOINED,
0.215445,16,STA,ASSOC,
0.215445,16,STA,JOINED,
0.252753,6,STA,ASSOC,
0.252753,6,STA,JOINED,
0.30383,18,STA,ASSOC,
0.30383,18,STA,JOINED,
0.307661,20,STA,ASSOC,
0.307661,20,STA,JOINED,
0.401827,4,STA,ASSOC,
0.401827,4,STA,JOINED,
0.552092,5,STA,ASSOC,
0.552092,5,STA,JOINED,
0.602082,9,STA,ASSOC,
0.602082,9,STA,JOINED,
0.652295,8,STA,ASSOC,
0.652295,8,STA,JOINED,
0.701736,21,STA,ASSOC,
0.701736,21,STA,JOINED,
0.706352,15,STA,ASSOC,
0.706352,15,STA,JOINED,
1,1,AP,SENT_COUNT,
1,1,AP,RECV_COUNT,
1.9024,11,STA,WIFI_DROP,
1.9024,16,STA,WIFI_DROP,
1.9048,11,STA,WIFI_DROP,
1.9048,16,STA,WIFI_DROP,
1.9072,11,STA,WIFI_DROP,
1.9072,16,STA,WIFI_DROP,
1.9096,11,STA,WIFI_DROP,
1.9096,16,STA,WIFI_DROP,
1.912,11,STA,WIFI_DROP,
1.912,16,STA,WIFI_DROP,
1.9144,11,STA,WIFI_DROP,
1.9144,16,STA,WIFI_DROP,
1.9168,11,STA,WIFI_DROP,
1.9168,16,STA,WIFI_DROP,
1.9192,11,STA,WIFI_DROP,
1.9192,16,STA,WIFI_DROP,
1.9216,11,STA,WIFI_DROP,
1.9216,16,STA,WIFI_DROP,
1.924,11,STA,WIFI_DROP,
1.924,16,STA,WIFI_DROP,
1.9264,11,STA,WIFI_DROP,
1.9264,16,STA,WIFI_DROP,
1.9288,11,STA,WIFI_DROP,
1.9288,16,STA,WIFI_DROP,
1.9312,11,STA,WIFI_DROP,
1.9312,16,STA,WIFI_DROP,
1.9336,11,STA,WIFI_DROP,
1.9336,16,STA,WIFI_DROP,
1.936,11,STA,WIFI_DROP,
1.936,16,STA,WIFI_DROP,
1.9384,11,STA,WIFI_DROP,
1.9384,16,STA,WIFI_DROP,
1.9408,11,STA,WIFI_DROP,
1.9408,16,STA,WIFI_DROP,
1.9432,11,STA,WIFI_DROP,
1.9432,16,STA,WIFI_DROP,
1.9456,11,STA,WIFI_DROP,
1.9456,16,STA,WIFI_DROP,
1.948,11,STA,WIFI_DROP,
1.948,16,STA,WIFI_DROP,
1.9504,11,STA,WIFI_DROP,
1.9504,16,STA,WIFI_DROP,
1.9528,11,STA,WIFI_DROP,
1.9528,16,STA,WIFI_DROP,
1.9552,11,STA,WIFI_DROP,
1.9576,11,STA,WIFI_DROP,
1.96,11,STA,WIFI_DROP,
1.9624,11,STA,WIFI_DROP,
1.9648,11,STA,WIFI_DROP,
1.9672,11,STA,WIFI_DROP,
1.9696,11,STA,WIFI_DROP,
1.972,11,STA,WIFI_DROP,
1.9744,11,STA,WIFI_DROP,
1.9768,11,STA,WIFI_DROP,
1.9792,11,STA,WIFI_DROP,
1.9816,11,STA,WIFI_DROP,
1.984,11,STA,WIFI_DROP,
1.9864,11,STA,WIFI_DROP,
1.9888,11,STA,WIFI_DROP,
1.9912,11,STA,WIFI_DROP,
1.9936,11,STA,WIFI_DROP,
1.996,11,STA,WIFI_DROP,
1.9984,11,STA,WIFI_DROP,
2,2,STA,THROUGHPUT_MBPS,1.464000
2,3,STA,THROUGHPUT_MBPS,0.696000
2,5,STA,THROUGHPUT_MBPS,3.492000
2,6,STA,THROUGHPUT_MBPS,0.360000
2,9,STA,THROUGHPUT_MBPS,0.828000
2,10,STA,THROUGHPUT_MBPS,1.080000
2,11,STA,THROUGHPUT_MBPS,1.032000
2,12,STA,THROUGHPUT_MBPS,1.128000
2,13,STA,THROUGHPUT_MBPS,2.448000
2,14,STA,THROUGHPUT_MBPS,1.200000
2,15,STA,THROUGHPUT_MBPS,1.920000
2,16,STA,THROUGHPUT_MBPS,0.180000
2,17,STA,THROUGHPUT_MBPS,1.644000
2,20,STA,THROUGHPUT_MBPS,0.084000
2,21,STA,THROUGHPUT_MBPS,0.156000
2,1,AP,AGGREGATE_THROUGHPUT_MBPS,17.712000
2,1,AP,SENT_COUNT,8340.000000
2,1,AP,RECV_COUNT,1476.000000
2,1,AP,LATENCY_P95_MS,545.308112
2.0008,11,STA,WIFI_DROP,
2.0032,11,STA,WIFI_DROP,
2.0056,11,STA,WIFI_DROP,
2.008,11,STA,WIFI_DROP,
2.0104,11,STA,WIFI_DROP,
2.0128,11,STA,WIFI_DROP,
2.0152,11,STA,WIFI_DROP,
2.0176,11,STA,WIFI_DROP,
2.02,11,STA,WIFI_DROP,
2.0224,11,STA,WIFI_DROP,
2.0248,11,STA,WIFI_DROP,
2.0272,11,STA,WIFI_DROP,
2.0296,11,STA,WIFI_DROP,
2.032,11,STA,WIFI_DROP,
2.0344,11,STA,WIFI_DROP,
2.0368,11,STA,WIFI_DROP,
2.0392,11,STA,WIFI_DROP,
2.0416,11,STA,WIFI_DROP,
2.044,11,STA,WIFI_DROP,
2.0464,11,STA,WIFI_DROP,
2.0488,11,STA,WIFI_DROP,
2.0512,11,STA,WIFI_DROP,
2.0536,11,STA,WIFI_DROP,
2.056,11,STA,WIFI_DROP,
2.0584,11,STA,WIFI_DROP,
2.0608,11,STA,WIFI_DROP,
2.0632,11,STA,WIFI_DROP,
2.0656,11,STA,WIFI_DROP,
2.068,11,STA,WIFI_DROP,
2.0704,11,STA,WIFI_DROP,
2.0728,11,STA,WIFI_DROP,
2.0752,11,STA,WIFI_DROP,
2.0776,11,STA,WIFI_DROP,
2.08,11,STA,WIFI_DROP,
2.0824,11,STA,WIFI_DROP,
2.0848,11,STA,WIFI_DROP,
2.0872,11,STA,WIFI_DROP,
2.0896,11,STA,WIFI_DROP,
2.092,11,STA,WIFI_DROP,
2.0944,11,STA,WIFI_DROP,
2.0968,11,STA,WIFI_DROP,
2.0992,11,STA,WIFI_DROP,
2.1016,11,STA,WIFI_DROP,
2.104,11,STA,WIFI_DROP,
2.1064,11,STA,WIFI_DROP,
2.1088,11,STA,WIFI_DROP,
2.1112,11,STA,WIFI_DROP,
2.1136,11,STA,WIFI_DROP,
2.116,11,STA,WIFI_DROP,
2.1184,11,STA,WIFI_DROP,
2.1208,11,STA,WIFI_DROP,
2.1232,11,STA,WIFI_DROP,
2.1256,11,STA,WIFI_DROP,
2.128,11,STA,WIFI_DROP,
2.1304,11,STA,WIFI_DROP,
2.1328,11,STA,WIFI_DROP,
2.1352,11,STA,WIFI_DROP,
2.1376,11,STA,WIFI_DROP,
2.14,11,STA,WIFI_DROP,
2.1424,11,STA,WIFI_DROP,
2.1448,11,STA,WIFI_DROP,
2.1472,11,STA,WIFI_DROP,
2.1496,11,STA,WIFI_DROP,
2.152,11,STA,WIFI_DROP,
2.1544,11,STA,WIFI_DROP,
2.1568,11,STA,WIFI_DROP,
2.1592,11,STA,WIFI_DROP,
2.1616,11,STA,WIFI_DROP,
2.164,11,STA,WIFI_DROP,
2.1664,11,STA,WIFI_DROP,
2.1688,11,STA,WIFI_DROP,
2.1712,11,STA,WIFI_DROP,
2.1736,11,STA,WIFI_DROP,
2.176,11,STA,WIFI_DROP,
2.1784,11,STA,WIFI_DROP,
2.1808,11,STA,WIFI_DROP,
2.1832,11,STA,WIFI_DROP,
2.1856,11,STA,WIFI_DROP,
2.188,11,STA,WIFI_DROP,
2.1904,11,STA,WIFI_DROP,
2.1928,11,STA,WIFI_DROP,
2.1952,11,STA,WIFI_DROP,
2.1976,11,STA,WIFI_DROP,
2.2,11,STA,WIFI_DROP,
2.2024,11,STA,WIFI_DROP,
2.2048,11,STA,WIFI_DROP,
2.2072,11,STA,WIFI_DROP,
2.2096,11,STA,WIFI_DROP,
2.212,11,STA,WIFI_DROP,
2.2144,11,STA,WIFI_DROP,
2.2168,11,STA,WIFI_DROP,
2.2192,11,STA,WIFI_DROP,
2.2216,11,STA,WIFI_DROP,
2.224,11,STA,WIFI_DROP,
2.2264,11,STA,WIFI_DROP,
2.2288,11,STA,WIFI_DROP,
2.2312,11,STA,WIFI_DROP,
2.2336,11,STA,WIFI_DROP,
2.236,11,STA,WIFI_DROP,
2.2384,11,STA,WIFI_DROP,
2.2408,11,STA,WIFI_DROP,
2.2432,11,STA,WIFI_DROP,
2.2456,11,STA,WIFI_DROP,
2.248,11,STA,WIFI_DROP,
2.2504,11,STA,WIFI_DROP,
2.2528,11,STA,WIFI_DROP,
2.2552,11,STA,WIFI_DROP,
2.2576,11,STA,WIFI_DROP,
2.26,11,STA,WIFI_DROP,
2.2624,11,STA,WIFI_DROP,
2.2648,11,STA,WIFI_DROP,
2.2672,11,STA,WIFI_DROP,
2.2696,11,STA,WIFI_DROP,
2.272,11,STA,WIFI_DROP,
2.2744,11,STA,WIFI_DROP,
2.2768,11,STA,WIFI_DROP,
2.2792,11,STA,WIFI_DROP,
2.2816,11,STA,WIFI_DROP,
2.284,11,STA,WIFI_DROP,
2.2864,11,STA,WIFI_DROP,
2.2888,11,STA,WIFI_DROP,
2.2912,11,STA,WIFI_DROP,
2.2936,11,STA,WIFI_DROP,
2.296,11,STA,WIFI_DROP,
2.2984,11,STA,WIFI_DROP,
2.3008,11,STA,WIFI_DROP,
2.3032,11,STA,WIFI_DROP,
2.3056,11,STA,WIFI_DROP,
2.308,11,STA,WIFI_DROP,
2.3104,11,STA,WIFI_DROP,
2.3128,11,STA,WIFI_DROP,
2.3128,13,STA,WIFI_DROP,
2.3152,11,STA,WIFI_DROP,
2.3152,13,STA,WIFI_DROP,
2.3176,11,STA,WIFI_DROP,
2.3176,13,STA,WIFI_DROP,
2.32,11,STA,WIFI_DROP,
2.32,13,STA,WIFI_DROP,
2.3224,11,STA,WIFI_DROP,
2.3224,13,STA,WIFI_DROP,
2.3248,11,STA,WIFI_DROP,
2.3248,13,STA,WIFI_DROP,
2.3272,11,STA,WIFI_DROP,
2.3272,13,STA,WIFI_DROP,
2.3296,11,STA,WIFI_DROP,
2.3296,13,STA,WIFI_DROP,
2.332,11,STA,WIFI_DROP,
2.332,13,STA,WIFI_DROP,
2.3344,11,STA,WIFI_DROP,
2.3344,13,STA,WIFI_DROP,
2.3368,11,STA,WIFI_DROP,
2.3368,13,STA,WIFI_DROP,
2.3392,11,STA,WIFI_DROP,
2.3392,13,STA,WIFI_DROP,
2.3416,11,STA,WIFI_DROP,
2.3416,13,STA,WIFI_DROP,
2.344,11,STA,WIFI_DROP,
2.344,13,STA,WIFI_DROP,
2.3464,11,STA,WIFI_DROP,
2.3464,13,STA,WIFI_DROP,
2.3488,11,STA,WIFI_DROP,
2.3488,13,STA,WIFI_DROP,
2.3512,11,STA,WIFI_DROP,
2.3512,13,STA,WIFI_DROP,
2.3536,11,STA,WIFI_DROP,
2.3536,13,STA,WIFI_DROP,
2.356,11,STA,WIFI_DROP,
2.356,13,STA,WIFI_DROP,
2.3584,11,STA,WIFI_DROP,
2.3584,13,STA,WIFI_DROP,
2.3608,11,STA,WIFI_DROP,
2.3608,13,STA,WIFI_DROP,
2.3632,11,STA,WIFI_DROP,
2.3632,13,STA,WIFI_DROP,
2.3656,11,STA,WIFI_DROP,
2.3656,13,STA,WIFI_DROP,
2.368,11,STA,WIFI_DROP,
2.368,13,STA,WIFI_DROP,
2.3704,11,STA,WIFI_DROP,
2.3704,13,STA,WIFI_DROP,
2.3728,11,STA,WIFI_DROP,
2.3728,13,STA,WIFI_DROP,
2.3752,11,STA,WIFI_DROP,
2.3752,13,STA,WIFI_DROP,
2.3776,11,STA,WIFI_DROP,
2.3776,13,STA,WIFI_DROP,
2.38,11,STA,WIFI_DROP,
2.38,13,STA,WIFI_DROP,
2.3824,11,STA,WIFI_DROP,
2.3824,13,STA,WIFI_DROP,
2.3848,11,STA,WIFI_DROP,
2.3848,13,STA,WIFI_DROP,
2.3872,11,STA,WIFI_DROP,
2.3872,13,STA,WIFI_DROP,
2.3896,11,STA,WIFI_DROP,
2.3896,13,STA,WIFI_DROP,
2.392,11,STA,WIFI_DROP,
2.392,13,STA,WIFI_DROP,
2.3944,11,STA,WIFI_DROP,
2.3944,13,STA,WIFI_DROP,
2.3968,11,STA,WIFI_DROP,
2.3968,13,STA,WIFI_DROP,
2.3992,11,STA,WIFI_DROP,
2.3992,13,STA,WIFI_DROP,
2.4016,11,STA,WIFI_DROP,
2.4016,13,STA,WIFI_DROP,
2.404,11,STA,WIFI_DROP,
2.404,13,STA,WIFI_DROP,
2.4064,11,STA,WIFI_DROP,
2.4064,13,STA,WIFI_DROP,
2.4088,11,STA,WIFI_DROP,
2.4088,13,STA,WIFI_DROP,
2.4112,11,STA,WIFI_DROP,
2.4112,13,STA,WIFI_DROP,
2.4136,11,STA,WIFI_DROP,
2.4136,13,STA,WIFI_DROP,
2.416,11,STA,WIFI_DROP,
2.416,13,STA,WIFI_DROP,
2.4184,11,STA,WIFI_DROP,
2.4184,13,STA,WIFI_DROP,
2.4208,11,STA,WIFI_DROP,
2.4208,13,STA,WIFI_DROP,
2.4232,11,STA,WIFI_DROP,
2.4232,13,STA,WIFI_DROP,
2.4256,11,STA,WIFI_DROP,
2.4256,13,STA,WIFI_DROP,
2.428,11,STA,WIFI_DROP,
2.428,13,STA,WIFI_DROP,
2.4304,11,STA,WIFI_DROP,
2.4304,13,STA,WIFI_DROP,
2.4328,11,STA,WIFI_DROP,
2.4328,13,STA,WIFI_DROP,
2.4352,11,STA,WIFI_DROP,
2.4352,13,STA,WIFI_DROP,
2.4376,11,STA,WIFI_DROP,
2.4376,13,STA,WIFI_DROP,
2.44,11,STA,WIFI_DROP,
2.44,13,STA,WIFI_DROP,
2.4424,11,STA,WIFI_DROP,
2.4424,13,STA,WIFI_DROP,
2.4448,11,STA,WIFI_DROP,
2.4448,13,STA,WIFI_DROP,
2.4472,11,STA,WIFI_DROP,
2.4472,13,STA,WIFI_DROP,
2.4496,11,STA,WIFI_DROP,
2.4496,13,STA,WIFI_DROP,
2.452,11,STA,WIFI_DROP,
2.452,13,STA,WIFI_DROP,
2.4544,11,STA,WIFI_DROP,
2.4544,13,STA,WIFI_DROP,
2.4568,11,STA,WIFI_DROP,
2.4568,13,STA,WIFI_DROP,
2.4592,11,STA,WIFI_DROP,
2.4592,13,STA,WIFI_DROP,
2.4616,11,STA,WIFI_DROP,
2.4616,13,STA,WIFI_DROP,
2.464,11,STA,WIFI_DROP,
2.464,13,STA,WIFI_DROP,
2.4664,11,STA,WIFI_DROP,
2.4664,13,STA,WIFI_DROP,
2.4688,11,STA,WIFI_DROP,
2.4688,13,STA,WIFI_DROP,
2.4712,11,STA,WIFI_DROP,
2.4712,13,STA,WIFI_DROP,
2.4736,11,STA,WIFI_DROP,
2.4736,13,STA,WIFI_DROP,
2.476,11,STA,WIFI_DROP,
2.476,13,STA,WIFI_DROP,
2.4784,11,STA,WIFI_DROP,
2.4784,13,STA,WIFI_DROP,
2.4808,11,STA,WIFI_DROP,
2.4808,13,STA,WIFI_DROP,
2.4832,11,STA,WIFI_DROP,
2.4832,13,STA,WIFI_DROP,
2.4856,11,STA,WIFI_DROP,
2.4856,13,STA,WIFI_DROP,
2.488,11,STA,WIFI_DROP,
2.488,13,STA,WIFI_DROP,
2.4904,11,STA,WIFI_DROP,
2.4904,13,STA,WIFI_DROP,
2.4928,11,STA,WIFI_DROP,
2.4928,13,STA,WIFI_DROP,
2.4952,11,STA,WIFI_DROP,
2.4952,13,STA,WIFI_DROP,
2.4976,11,STA,WIFI_DROP,
2.4976,13,STA,WIFI_DROP,
2.5,11,STA,WIFI_DROP,
2.5,13,STA,WIFI_DROP,
2.5024,11,STA,WIFI_DROP,
2.5024,13,STA,WIFI_DROP,
2.5048,11,STA,WIFI_DROP,
2.5048,13,STA,WIFI_DROP,
2.5072,11,STA,WIFI_DROP,
2.5072,13,STA,WIFI_DROP,
2.5096,11,STA,WIFI_DROP,
2.5096,13,STA,WIFI_DROP,
2.512,11,STA,WIFI_DROP,
2.512,13,STA,WIFI_DROP,
2.5144,11,STA,WIFI_DROP,
2.5144,13,STA,WIFI_DROP,
2.5168,11,STA,WIFI_DROP,
2.5168,13,STA,WIFI_DROP,
2.5168,14,STA,WIFI_DROP,
2.5192,11,STA,WIFI_DROP,
2.5192,13,STA,WIFI_DROP,
2.5192,14,STA,WIFI_DROP,
2.5216,11,STA,WIFI_DROP,
2.5216,13,STA,WIFI_DROP,
2.5216,14,STA,WIFI_DROP,
2.524,11,STA,WIFI_DROP,
2.524,13,STA,WIFI_DROP,
2.524,14,STA,WIFI_DROP,
2.5264,11,STA,WIFI_DROP,
2.5264,13,STA,WIFI_DROP,
2.5264,14,STA,WIFI_DROP,
2.5288,11,STA,WIFI_DROP,
2.5288,13,STA,WIFI_DROP,
2.5288,14,STA,WIFI_DROP,
2.5312,11,STA,WIFI_DROP,
2.5312,13,STA,WIFI_DROP,
2.5312,14,STA,WIFI_DROP,
2.5336,11,STA,WIFI_DROP,
2.5336,13,STA,WIFI_DROP,
2.5336,14,STA,WIFI_DROP,
2.536,11,STA,WIFI_DROP,
2.536,13,STA,WIFI_DROP,
2.536,14,STA,WIFI_DROP,
2.5384,11,STA,WIFI_DROP,
2.5384,13,STA,WIFI_DROP,
2.5384,14,STA,WIFI_DROP,
2.5408,11,STA,WIFI_DROP,
2.5408,13,STA,WIFI_DROP,
2.5408,14,STA,WIFI_DROP,
2.5432,11,STA,WIFI_DROP,
2.5432,13,STA,WIFI_DROP,
2.5432,14,STA,WIFI_DROP,
2.5456,11,STA,WIFI_DROP,
2.5456,13,STA,WIFI_DROP,
2.5456,14,STA,WIFI_DROP,
2.548,11,STA,WIFI_DROP,
2.548,13,STA,WIFI_DROP,
2.548,14,STA,WIFI_DROP,
2.5504,11,STA,WIFI_DROP,
2.5504,13,STA,WIFI_DROP,
2.5504,14,STA,WIFI_DROP,
2.5528,11,STA,WIFI_DROP,
2.5528,13,STA,WIFI_DROP,
2.5528,14,STA,WIFI_DROP,
2.5552,13,STA,WIFI_DROP,
2.5552,14,STA,WIFI_DROP,
2.5576,13,STA,WIFI_DROP,
2.5576,14,STA,WIFI_DROP,
2.56,13,STA,WIFI_DROP,
2.56,14,STA,WIFI_DROP,
2.5624,13,STA,WIFI_DROP,
2.5624,14,STA,WIFI_DROP,
2.5648,13,STA,WIFI_DROP,
2.5648,14,STA,WIFI_DROP,
2.5672,13,STA,WIFI_DROP,
2.5672,14,STA,WIFI_DROP,
2.5696,13,STA,WIFI_DROP,
2.572,13,STA,WIFI_DROP,
2.5744,13,STA,WIFI_DROP,
2.5768,13,STA,WIFI_DROP,
2.5792,13,STA,WIFI_DROP,
2.5816,13,STA,WIFI_DROP,
2.584,13,STA,WIFI_DROP,
2.5864,13,STA,WIFI_DROP,
2.5888,13,STA,WIFI_DROP,
2.5912,13,STA,WIFI_DROP,
2.5936,13,STA,WIFI_DROP,
2.596,13,STA,WIFI_DROP,
2.5984,13,STA,WIFI_DROP,
2.6008,13,STA,WIFI_DROP,
2.6032,13,STA,WIFI_DROP,
2.6056,13,STA,WIFI_DROP,
2.608,13,STA,WIFI_DROP,
2.6104,13,STA,WIFI_DROP,
2.6128,13,STA,WIFI_DROP,
2.6152,13,STA,WIFI_DROP,
2.62,6,STA,WIFI_DROP,
2.62,18,STA,WIFI_DROP,
2.62,20,STA,WIFI_DROP,
2.6224,6,STA,WIFI_DROP,
2.6224,18,STA,WIFI_DROP,
2.6224,20,STA,WIFI_DROP,
2.6248,6,STA,WIFI_DROP,
2.6248,18,STA,WIFI_DROP,
2.6248,20,STA,WIFI_DROP,
2.6272,6,STA,WIFI_DROP,
2.6272,18,STA,WIFI_DROP,
2.6272,20,STA,WIFI_DROP,
2.6296,6,STA,WIFI_DROP,
2.6296,18,STA,WIFI_DROP,
2.6296,20,STA,WIFI_DROP,
2.632,6,STA,WIFI_DROP,
2.632,18,STA,WIFI_DROP,
2.632,20,STA,WIFI_DROP,
2.6344,6,STA,WIFI_DROP,
2.6344,18,STA,WIFI_DROP,
2.6344,20,STA,WIFI_DROP,
2.6368,6,STA,WIFI_DROP,
2.6368,18,STA,WIFI_DROP,
2.6368,20,STA,WIFI_DROP,
2.6392,6,STA,WIFI_DROP,
2.6392,18,STA,WIFI_DROP,
2.6392,20,STA,WIFI_DROP,
2.6416,6,STA,WIFI_DROP,
2.6416,18,STA,WIFI_DROP,
2.6416,20,STA,WIFI_DROP,
2.644,6,STA,WIFI_DROP,
2.644,18,STA,WIFI_DROP,
2.644,20,STA,WIFI_DROP,
2.6464,6,STA,WIFI_DROP,
2.6464,18,STA,WIFI_DROP,
2.6464,20,STA,WIFI_DROP,
2.6488,6,STA,WIFI_DROP,
2.6488,18,STA,WIFI_DROP,
2.6488,20,STA,WIFI_DROP,
2.6512,6,STA,WIFI_DROP,
2.6512,18,STA,WIFI_DROP,
2.6512,20,STA,WIFI_DROP,
2.6536,6,STA,WIFI_DROP,
2.6536,18,STA,WIFI_DROP,
2.6536,20,STA,WIFI_DROP,
2.656,6,STA,WIFI_DROP,
2.656,18,STA,WIFI_DROP,
2.656,20,STA,WIFI_DROP,
2.6584,6,STA,WIFI_DROP,
2.6584,18,STA,WIFI_DROP,
2.6584,20,STA,WIFI_DROP,
2.6608,6,STA,WIFI_DROP,
2.6608,18,STA,WIFI_DROP,
2.6608,20,STA,WIFI_DROP,
2.6632,6,STA,WIFI_DROP,
2.6632,18,STA,WIFI_DROP,
2.6632,20,STA,WIFI_DROP,
2.6656,6,STA,WIFI_DROP,
2.6656,18,STA,WIFI_DROP,
2.6656,20,STA,WIFI_DROP,
2.668,6,STA,WIFI_DROP,
2.668,18,STA,WIFI_DROP,
2.668,20,STA,WIFI_DROP,
2.6704,6,STA,WIFI_DROP,
2.6704,18,STA,WIFI_DROP,
2.6704,20,STA,WIFI_DROP,
2.6728,6,STA,WIFI_DROP,
2.6728,18,STA,WIFI_DROP,
2.6728,20,STA,WIFI_DROP,
2.6752,6,STA,WIFI_DROP,
2.6752,18,STA,WIFI_DROP,
2.6752,20,STA,WIFI_DROP,
2.6776,6,STA,WIFI_DROP,
2.6776,18,STA,WIFI_DROP,
2.6776,20,STA,WIFI_DROP,
2.68,6,STA,WIFI_DROP,
2.68,18,STA,WIFI_DROP,
2.68,20,STA,WIFI_DROP,
2.6824,6,STA,WIFI_DROP,
2.6824,18,STA,WIFI_DROP,
2.6824,20,STA,WIFI_DROP,
2.6848,6,STA,WIFI_DROP,
2.6848,18,STA,WIFI_DROP,
2.6848,20,STA,WIFI_DROP,
2.6872,6,STA,WIFI_DROP,
2.6872,18,STA,WIFI_DROP,
2.6872,20,STA,WIFI_DROP,
2.6896,6,STA,WIFI_DROP,
2.6896,18,STA,WIFI_DROP,
2.6896,20,STA,WIFI_DROP,
2.692,6,STA,WIFI_DROP,
2.692,18,STA,WIFI_DROP,
2.692,20,STA,WIFI_DROP,
2.6944,6,STA,WIFI_DROP,
2.6944,18,STA,WIFI_DROP,
2.6944,20,STA,WIFI_DROP,
2.6968,6,STA,WIFI_DROP,
2.6968,18,STA,WIFI_DROP,
2.6968,20,STA,WIFI_DROP,
2.6992,6,STA,WIFI_DROP,
2.6992,18,STA,WIFI_DROP,
2.6992,20,STA,WIFI_DROP,
2.7016,6,STA,WIFI_DROP,
2.7016,18,STA,WIFI_DROP,
2.7016,20,STA,WIFI_DROP,
2.704,6,STA,WIFI_DROP,
2.704,18,STA,WIFI_DROP,
2.704,20,STA,WIFI_DROP,
2.7064,6,STA,WIFI_DROP,
2.7064,18,STA,WIFI_DROP,
2.7064,20,STA,WIFI_DROP,
2.7088,6,STA,WIFI_DROP,
2.7088,18,STA,WIFI_DROP,
2.7088,20,STA,WIFI_DROP,
2.7112,6,STA,WIFI_DROP,
2.7112,18,STA,WIFI_DROP,
2.7112,20,STA,WIFI_DROP,
2.7136,6,STA,WIFI_DROP,
2.7136,18,STA,WIFI_DROP,
2.7136,20,STA,WIFI_DROP,
2.716,6,STA,WIFI_DROP,
2.716,18,STA,WIFI_DROP,
2.716,20,STA,WIFI_DROP,
2.7184,6,STA,WIFI_DROP,
2.7184,18,STA,WIFI_DROP,
2.7184,20,STA,WIFI_DROP,
2.7208,6,STA,WIFI_DROP,
2.7208,18,STA,WIFI_DROP,
2.7232,6,STA,WIFI_DROP,
2.7232,18,STA,WIFI_DROP,
2.7256,6,STA,WIFI_DROP,
2.7256,18,STA,WIFI_DROP,
2.728,6,STA,WIFI_DROP,
2.728,18,STA,WIFI_DROP,
2.7304,6,STA,WIFI_DROP,
2.7304,18,STA,WIFI_DROP,
2.7328,6,STA,WIFI_DROP,
2.7328,18,STA,WIFI_DROP,
2.7352,6,STA,WIFI_DROP,
2.7352,18,STA,WIFI_DROP,
2.7376,6,STA,WIFI_DROP,
2.7376,18,STA,WIFI_DROP,
2.74,6,STA,WIFI_DROP,
2.74,18,STA,WIFI_DROP,
2.7424,6,STA,WIFI_DROP,
2.7424,18,STA,WIFI_DROP,
2.7448,6,STA,WIFI_DROP,
2.7448,18,STA,WIFI_DROP,
2.7472,6,STA,WIFI_DROP,
2.7472,18,STA,WIFI_DROP,
2.7496,6,STA,WIFI_DROP,
2.7496,18,STA,WIFI_DROP,
2.752,6,STA,WIFI_DROP,
2.752,18,STA,WIFI_DROP,
2.7544,6,STA,WIFI_DROP,
2.7544,18,STA,WIFI_DROP,
2.7568,6,STA,WIFI_DROP,
2.7568,18,STA,WIFI_DROP,
2.7592,6,STA,WIFI_DROP,
2.7592,18,STA,WIFI_DROP,
2.7616,6,STA,WIFI_DROP,
2.7616,18,STA,WIFI_DROP,
2.764,6,STA,WIFI_DROP,
2.764,18,STA,WIFI_DROP,
2.7664,6,STA,WIFI_DROP,
2.7664,18,STA,WIFI_DROP,
2.7688,6,STA,WIFI_DROP,
2.7688,18,STA,WIFI_DROP,
2.7712,6,STA,WIFI_DROP,
2.7712,18,STA,WIFI_DROP,
2.7736,6,STA,WIFI_DROP,
2.7736,18,STA,WIFI_DROP,
2.776,6,STA,WIFI_DROP,
2.776,18,STA,WIFI_DROP,
2.7784,6,STA,WIFI_DROP,
2.7784,18,STA,WIFI_DROP,
2.7808,6,STA,WIFI_DROP,
2.7808,18,STA,WIFI_DROP,
2.7832,6,STA,WIFI_DROP,
2.7832,18,STA,WIFI_DROP,
2.7856,6,STA,WIFI_DROP,
2.7856,18,STA,WIFI_DROP,
2.788,6,STA,WIFI_DROP,
2.788,18,STA,WIFI_DROP,
2.7904,6,STA,WIFI_DROP,
2.7904,18,STA,WIFI_DROP,
2.7928,6,STA,WIFI_DROP,
2.7928,18,STA,WIFI_DROP,
2.7952,6,STA,WIFI_DROP,
2.7952,18,STA,WIFI_DROP,
2.7976,6,STA,WIFI_DROP,
2.7976,18,STA,WIFI_DROP,
2.8,6,STA,WIFI_DROP,
2.8,18,STA,WIFI_DROP,
2.8024,6,STA,WIFI_DROP,
2.8024,18,STA,WIFI_DROP,
2.8048,6,STA,WIFI_DROP,
2.8048,18,STA,WIFI_DROP,
2.8072,6,STA,WIFI_DROP,
2.8072,18,STA,WIFI_DROP,
2.8096,6,STA,WIFI_DROP,
2.8096,18,STA,WIFI_DROP,
2.812,6,STA,WIFI_DROP,
2.812,18,STA,WIFI_DROP,
2.8144,6,STA,WIFI_DROP,
2.8144,18,STA,WIFI_DROP,
2.8168,6,STA,WIFI_DROP,
2.8168,18,STA,WIFI_DROP,
2.8192,6,STA,WIFI_DROP,
2.8192,18,STA,WIFI_DROP,
2.8216,6,STA,WIFI_DROP,
2.824,6,STA,WIFI_DROP,
2.8264,6,STA,WIFI_DROP,
2.8288,6,STA,WIFI_DROP,
2.8312,6,STA,WIFI_DROP,
2.8336,6,STA,WIFI_DROP,
2.836,6,STA,WIFI_DROP,
2.8384,6,STA,WIFI_DROP,
2.8408,6,STA,WIFI_DROP,
2.8432,6,STA,WIFI_DROP,
2.8456,6,STA,WIFI_DROP,
2.848,6,STA,WIFI_DROP,
2.8504,6,STA,WIFI_DROP,
2.8528,6,STA,WIFI_DROP,
2.8552,6,STA,WIFI_DROP,
2.8576,6,STA,WIFI_DROP,
2.86,6,STA,WIFI_DROP,
2.8624,6,STA,WIFI_DROP,
2.8648,6,STA,WIFI_DROP,
2.8672,6,STA,WIFI_DROP,
2.8696,6,STA,WIFI_DROP,
2.872,6,STA,WIFI_DROP,
2.8744,6,STA,WIFI_DROP,
2.8768,6,STA,WIFI_DROP,
2.8792,6,STA,WIFI_DROP,
2.8816,6,STA,WIFI_DROP,
2.884,6,STA,WIFI_DROP,
2.8864,6,STA,WIFI_DROP,
2.8888,6,STA,WIFI_DROP,
2.8912,6,STA,WIFI_DROP,
2.8936,6,STA,WIFI_DROP,
2.896,6,STA,WIFI_DROP,
2.8984,6,STA,WIFI_DROP,
2.9008,6,STA,WIFI_DROP,
2.9032,6,STA,WIFI_DROP,
2.9056,6,STA,WIFI_DROP,
2.908,6,STA,WIFI_DROP,
2.9104,6,STA,WIFI_DROP,
2.9128,6,STA,WIFI_DROP,
2.9152,6,STA,WIFI_DROP,
2.9176,6,STA,WIFI_DROP,
2.92,6,STA,WIFI_DROP,
2.9224,6,STA,WIFI_DROP,
2.9248,6,STA,WIFI_DROP,
2.9272,6,STA,WIFI_DROP,
2.9296,6,STA,WIFI_DROP,
2.932,6,STA,WIFI_DROP,
2.9344,6,STA,WIFI_DROP,
2.9368,6,STA,WIFI_DROP,
2.9392,6,STA,WIFI_DROP,
2.9416,6,STA,WIFI_DROP,
2.944,6,STA,WIFI_DROP,
2.9464,6,STA,WIFI_DROP,
2.9488,6,STA,WIFI_DROP,
2.9512,6,STA,WIFI_DROP,
2.9536,6,STA,WIFI_DROP,
2.956,6,STA,WIFI_DROP,
2.9584,6,STA,WIFI_DROP,
2.9608,6,STA,WIFI_DROP,
2.9632,6,STA,WIFI_DROP,
2.9656,6,STA,WIFI_DROP,
2.968,6,STA,WIFI_DROP,
3,2,STA,THROUGHPUT_MBPS,1.320000
3,3,STA,THROUGHPUT_MBPS,2.424000
3,5,STA,THROUGHPUT_MBPS,2.400000
3,6,STA,THROUGHPUT_MBPS,0.228000
3,9,STA,THROUGHPUT_MBPS,4.344000
3,10,STA,THROUGHPUT_MBPS,1.452000
3,11,STA,THROUGHPUT_MBPS,0.936000
3,12,STA,THROUGHPUT_MBPS,2.916000
3,13,STA,THROUGHPUT_MBPS,1.320000
3,14,STA,THROUGHPUT_MBPS,1.404000
3,15,STA,THROUGHPUT_MBPS,1.296000
3,16,STA,THROUGHPUT_MBPS,2.628000
3,17,STA,THROUGHPUT_MBPS,2.232000
3,20,STA,THROUGHPUT_MBPS,1.308000
3,21,STA,THROUGHPUT_MBPS,2.232000
3,1,AP,AGGREGATE_THROUGHPUT_MBPS,28.440000
3,1,AP,SENT_COUNT,8340.000000
3,1,AP,RECV_COUNT,2370.000000
3,1,AP,LATENCY_P95_MS,541.583035
3.076,11,STA,WIFI_DROP,
3.0784,11,STA,WIFI_DROP,
3.0808,11,STA,WIFI_DROP,
3.0832,11,STA,WIFI_DROP,
3.0856,11,STA,WIFI_DROP,
3.088,11,STA,WIFI_DROP,
3.0904,11,STA,WIFI_DROP,
3.0928,11,STA,WIFI_DROP,
3.0952,11,STA,WIFI_DROP,
3.0976,11,STA,WIFI_DROP,
3.1,11,STA,WIFI_DROP,
3.1024,11,STA,WIFI_DROP,
3.1048,11,STA,WIFI_DROP,
3.1072,11,STA,WIFI_DROP,
3.1096,11,STA,WIFI_DROP,
3.112,11,STA,WIFI_DROP,
3.1144,11,STA,WIFI_DROP,
3.1168,11,STA,WIFI_DROP,
3.1192,11,STA,WIFI_DROP,
3.1216,11,STA,WIFI_DROP,
3.124,11,STA,WIFI_DROP,
3.1264,11,STA,WIFI_DROP,
3.1288,11,STA,WIFI_DROP,
3.1312,11,STA,WIFI_DROP,
3.1336,11,STA,WIFI_DROP,
3.136,11,STA,WIFI_DROP,
3.1384,11,STA,WIFI_DROP,
3.1408,11,STA,WIFI_DROP,
3.1432,11,STA,WIFI_DROP,
3.1456,11,STA,WIFI_DROP,
3.148,11,STA,WIFI_DROP,
3.1504,11,STA,WIFI_DROP,
3.1528,11,STA,WIFI_DROP,
3.1552,11,STA,WIFI_DROP,
3.1576,11,STA,WIFI_DROP,
3.16,11,STA,WIFI_DROP,
3.1624,11,STA,WIFI_DROP,
3.1648,11,STA,WIFI_DROP,
3.1672,11,STA,WIFI_DROP,
3.1696,11,STA,WIFI_DROP,
3.172,11,STA,WIFI_DROP,
3.1744,11,STA,WIFI_DROP,
3.1768,11,STA,WIFI_DROP,
3.1792,11,STA,WIFI_DROP,
3.1816,11,STA,WIFI_DROP,
3.184,11,STA,WIFI_DROP,
3.1864,11,STA,WIFI_DROP,
3.1888,11,STA,WIFI_DROP,
3.1912,11,STA,WIFI_DROP,
3.1936,11,STA,WIFI_DROP,
3.196,11,STA,WIFI_DROP,
3.1984,11,STA,WIFI_DROP,
3.2008,11,STA,WIFI_DROP,
3.2032,11,STA,WIFI_DROP,
3.2056,11,STA,WIFI_DROP,
3.208,11,STA,WIFI_DROP,
3.2104,11,STA,WIFI_DROP,
3.2128,11,STA,WIFI_DROP,
3.2152,11,STA,WIFI_DROP,
3.2176,11,STA,WIFI_DROP,
3.22,11,STA,WIFI_DROP,
3.2224,11,STA,WIFI_DROP,
3.2248,11,STA,WIFI_DROP,
3.2272,11,STA,WIFI_DROP,
3.2296,11,STA,WIFI_DROP,
3.232,11,STA,WIFI_DROP,
3.2344,11,STA,WIFI_DROP,
3.2368,11,STA,WIFI_DROP,
3.2392,11,STA,WIFI_DROP,
3.2416,11,STA,WIFI_DROP,
3.244,11,STA,WIFI_DROP,
3.2464,11,STA,WIFI_DROP,
3.2488,11,STA,WIFI_DROP,
3.2512,11,STA,WIFI_DROP,
3.2536,11,STA,WIFI_DROP,
3.256,11,STA,WIFI_DROP,
3.2584,11,STA,WIFI_DROP,
3.2608,11,STA,WIFI_DROP,
3.2632,11,STA,WIFI_DROP,
3.2656,11,STA,WIFI_DROP,
3.268,11,STA,WIFI_DROP,
3.2704,11,STA,WIFI_DROP,
3.2728,11,STA,WIFI_DROP,
3.2752,11,STA,WIFI_DROP,
3.2776,11,STA,WIFI_DROP,
3.28,11,STA,WIFI_DROP,
3.2824,11,STA,WIFI_DROP,
3.2848,11,STA,WIFI_DROP,
3.2872,11,STA,WIFI_DROP,
3.2896,11,STA,WIFI_DROP,
3.292,11,STA,WIFI_DROP,
3.2944,11,STA,WIFI_DROP,
3.2968,11,STA,WIFI_DROP,
3.2992,11,STA,WIFI_DROP,
3.3016,11,STA,WIFI_DROP,
3.304,11,STA,WIFI_DROP,
3.3064,11,STA,WIFI_DROP,
3.3088,11,STA,WIFI_DROP,
3.3112,11,STA,WIFI_DROP,
3.3136,11,STA,WIFI_DROP,
3.316,11,STA,WIFI_DROP,
3.3184,11,STA,WIFI_DROP,
3.3208,11,STA,WIFI_DROP,
3.3232,11,STA,WIFI_DROP,
3.3256,11,STA,WIFI_DROP,
3.328,11,STA,WIFI_DROP,
3.3304,11,STA,WIFI_DROP,
3.3328,11,STA,WIFI_DROP,
3.3352,11,STA,WIFI_DROP,
3.3376,11,STA,WIFI_DROP,
3.34,11,STA,WIFI_DROP,
3.3424,11,STA,WIFI_DROP,
3.3448,11,STA,WIFI_DROP,
3.3472,11,STA,WIFI_DROP,
3.3496,11,STA,WIFI_DROP,
3.352,11,STA,WIFI_DROP,
3.3544,11,STA,WIFI_DROP,
3.3568,11,STA,WIFI_DROP,
3.3592,11,STA,WIFI_DROP,
3.3616,11,STA,WIFI_DROP,
3.364,11,STA,WIFI_DROP,
3.3664,11,STA,WIFI_DROP,
3.3688,11,STA,WIFI_DROP,
3.3712,11,STA,WIFI_DROP,
3.3736,11,STA,WIFI_DROP,
3.376,11,STA,WIFI_DROP,
3.3784,11,STA,WIFI_DROP,
3.3808,11,STA,WIFI_DROP,
3.3832,11,STA,WIFI_DROP,
3.3856,11,STA,WIFI_DROP,
3.388,11,STA,WIFI_DROP,
3.3904,11,STA,WIFI_DROP,
3.3928,11,STA,WIFI_DROP,
3.3952,11,STA,WIFI_DROP,
3.3976,11,STA,WIFI_DROP,
3.4,11,STA,WIFI_DROP,
3.4024,11,STA,WIFI_DROP,
3.4048,11,STA,WIFI_DROP,
3.4072,11,STA,WIFI_DROP,
3.4096,11,STA,WIFI_DROP,
3.412,11,STA,WIFI_DROP,
3.4144,11,STA,WIFI_DROP,
3.4168,11,STA,WIFI_DROP,
3.4192,11,STA,WIFI_DROP,
3.4216,11,STA,WIFI_DROP,
3.424,11,STA,WIFI_DROP,
3.4264,11,STA,WIFI_DROP,
3.4288,11,STA,WIFI_DROP,
3.4312,11,STA,WIFI_DROP,
3.4336,11,STA,WIFI_DROP,
3.436,11,STA,WIFI_DROP,
3.4384,11,STA,WIFI_DROP,
3.4408,11,STA,WIFI_DROP,
3.4432,11,STA,WIFI_DROP,
3.4456,11,STA,WIFI_DROP,
3.448,11,STA,WIFI_DROP,
3.4504,11,STA,WIFI_DROP,
3.4528,11,STA,WIFI_DROP,
3.4552,11,STA,WIFI_DROP,
3.4576,11,STA,WIFI_DROP,
3.46,11,STA,WIFI_DROP,
3.4624,11,STA,WIFI_DROP,
3.4648,11,STA,WIFI_DROP,
3.4672,11,STA,WIFI_DROP,
3.4696,11,STA,WIFI_DROP,
3.472,11,STA,WIFI_DROP,
3.4744,11,STA,WIFI_DROP,
3.4768,11,STA,WIFI_DROP,
3.4792,11,STA,WIFI_DROP,
3.4816,11,STA,WIFI_DROP,
3.484,11,STA,WIFI_DROP,
3.4864,11,STA,WIFI_DROP,
3.4888,11,STA,WIFI_DROP,
3.4912,11,STA,WIFI_DROP,
3.4936,11,STA,WIFI_DROP,
3.496,11,STA,WIFI_DROP,
3.4984,11,STA,WIFI_DROP,
3.5008,11,STA,WIFI_DROP,
3.5032,11,STA,WIFI_DROP,
3.5056,11,STA,WIFI_DROP,
3.508,11,STA,WIFI_DROP,
3.5104,11,STA,WIFI_DROP,
3.5128,11,STA,WIFI_DROP,
3.5152,11,STA,WIFI_DROP,
3.5176,11,STA,WIFI_DROP,
3.52,11,STA,WIFI_DROP,
3.5224,11,STA,WIFI_DROP,
3.5248,11,STA,WIFI_DROP,
3.5272,11,STA,WIFI_DROP,
3.5296,11,STA,WIFI_DROP,
3.532,11,STA,WIFI_DROP,
3.5344,11,STA,WIFI_DROP,
3.5368,11,STA,WIFI_DROP,
3.5392,11,STA,WIFI_DROP,
3.5416,11,STA,WIFI_DROP,
3.544,11,STA,WIFI_DROP,
3.5464,11,STA,WIFI_DROP,
3.5488,11,STA,WIFI_DROP,
3.5512,11,STA,WIFI_DROP,
3.5536,11,STA,WIFI_DROP,
3.556,11,STA,WIFI_DROP,
3.5584,11,STA,WIFI_DROP,
3.5608,11,STA,WIFI_DROP,
3.5632,11,STA,WIFI_DROP,
3.5656,11,STA,WIFI_DROP,
3.568,11,STA,WIFI_DROP,
3.5704,11,STA,WIFI_DROP,
3.5728,11,STA,WIFI_DROP,
3.5752,11,STA,WIFI_DROP,
3.5776,11,STA,WIFI_DROP,
3.58,11,STA,WIFI_DROP,
3.9952,6,STA,WIFI_DROP,
3.9976,6,STA,WIFI_DROP,
4,2,STA,THROUGHPUT_MBPS,2.616000
4,3,STA,THROUGHPUT_MBPS,1.284000
4,5,STA,THROUGHPUT_MBPS,1.920000
4,6,STA,THROUGHPUT_MBPS,1.704000
4,9,STA,THROUGHPUT_MBPS,2.088000
4,10,STA,THROUGHPUT_MBPS,3.276000
4,11,STA,THROUGHPUT_MBPS,0.168000
4,12,STA,THROUGHPUT_MBPS,2.172000
4,14,STA,THROUGHPUT_MBPS,1.356000
4,15,STA,THROUGHPUT_MBPS,1.980000
4,16,STA,THROUGHPUT_MBPS,2.148000
4,17,STA,THROUGHPUT_MBPS,3.312000
4,21,STA,THROUGHPUT_MBPS,1.380000
4,1,AP,AGGREGATE_THROUGHPUT_MBPS,25.404000
4,1,AP,SENT_COUNT,8320.000000
4,1,AP,RECV_COUNT,2117.000000
4,1,AP,LATENCY_P95_MS,546.410923
4,6,STA,WIFI_DROP,
4.0024,6,STA,WIFI_DROP,
4.0048,6,STA,WIFI_DROP,
4.0072,6,STA,WIFI_DROP,
4.0096,6,STA,WIFI_DROP,
4.012,6,STA,WIFI_DROP,
4.0144,6,STA,WIFI_DROP,
4.0168,6,STA,WIFI_DROP,
4.0192,6,STA,WIFI_DROP,
4.0216,6,STA,WIFI_DROP,
4.024,6,STA,WIFI_DROP,
4.0264,6,STA,WIFI_DROP,
4.0288,6,STA,WIFI_DROP,
4.0312,6,STA,WIFI_DROP,
4.0336,6,STA,WIFI_DROP,
4.036,6,STA,WIFI_DROP,
4.0384,6,STA,WIFI_DROP,
4.0408,6,STA,WIFI_DROP,
4.0432,6,STA,WIFI_DROP,
4.0456,6,STA,WIFI_DROP,
4.048,6,STA,WIFI_DROP,
4.0504,6,STA,WIFI_DROP,
4.0528,3,STA,WIFI_DROP,
4.0528,6,STA,WIFI_DROP,
4.0552,3,STA,WIFI_DROP,
4.0552,6,STA,WIFI_DROP,
4.0576,3,STA,WIFI_DROP,
4.0576,6,STA,WIFI_DROP,
4.06,3,STA,WIFI_DROP,
4.06,6,STA,WIFI_DROP,
4.0624,3,STA,WIFI_DROP,
4.0624,6,STA,WIFI_DROP,
4.0648,3,STA,WIFI_DROP,
4.0648,6,STA,WIFI_DROP,
4.0672,3,STA,WIFI_DROP,
4.0672,6,STA,WIFI_DROP,
4.0696,3,STA,WIFI_DROP,
4.0696,6,STA,WIFI_DROP,
4.072,3,STA,WIFI_DROP,
4.072,6,STA,WIFI_DROP,
4.0744,3,STA,WIFI_DROP,
4.0744,6,STA,WIFI_DROP,
4.0768,3,STA,WIFI_DROP,
4.0768,6,STA,WIFI_DROP,
4.0792,3,STA,WIFI_DROP,
4.0792,6,STA,WIFI_DROP,
4.0816,3,STA,WIFI_DROP,
4.0816,6,STA,WIFI_DROP,
4.084,3,STA,WIFI_DROP,
4.084,6,STA,WIFI_DROP,
4.0864,3,STA,WIFI_DROP,
4.0864,6,STA,WIFI_DROP,
4.0888,3,STA,WIFI_DROP,
4.0888,6,STA,WIFI_DROP,
4.0912,3,STA,WIFI_DROP,
4.0912,6,STA,WIFI_DROP,
4.0936,3,STA,WIFI_DROP,
4.0936,6,STA,WIFI_DROP,
4.096,3,STA,WIFI_DROP,
4.096,6,STA,WIFI_DROP,
4.0984,3,STA,WIFI_DROP,
4.0984,6,STA,WIFI_DROP,
4.1008,3,STA,WIFI_DROP,
4.1008,6,STA,WIFI_DROP,
4.1032,3,STA,WIFI_DROP,
4.1032,6,STA,WIFI_DROP,
4.1056,3,STA,WIFI_DROP,
4.1056,6,STA,WIFI_DROP,
4.108,3,STA,WIFI_DROP,
4.108,6,STA,WIFI_DROP,
4.1104,3,STA,WIFI_DROP,
4.1104,6,STA,WIFI_DROP,
4.1128,3,STA,WIFI_DROP,
4.1128,6,STA,WIFI_DROP,
4.1152,3,STA,WIFI_DROP,
4.1152,6,STA,WIFI_DROP,
4.1176,3,STA,WIFI_DROP,
4.1176,6,STA,WIFI_DROP,
4.12,3,STA,WIFI_DROP,
4.12,6,STA,WIFI_DROP,
4.1224,3,STA,WIFI_DROP,
4.1224,6,STA,WIFI_DROP,
4.1248,3,STA,WIFI_DROP,
4.1248,6,STA,WIFI_DROP,
4.1272,3,STA,WIFI_DROP,
4.1272,6,STA,WIFI_DROP,
4.1296,3,STA,WIFI_DROP,
4.1296,6,STA,WIFI_DROP,
4.132,3,STA,WIFI_DROP,
4.132,6,STA,WIFI_DROP,
4.1344,3,STA,WIFI_DROP,
4.1344,6,STA,WIFI_DROP,
4.1368,3,STA,WIFI_DROP,
4.1368,6,STA,WIFI_DROP,
4.1392,3,STA,WIFI_DROP,
4.1392,6,STA,WIFI_DROP,
4.1416,3,STA,WIFI_DROP,
4.1416,6,STA,WIFI_DROP,
4.144,3,STA,WIFI_DROP,
4.144,6,STA,WIFI_DROP,
4.1464,3,STA,WIFI_DROP,
4.1464,6,STA,WIFI_DROP,
4.1488,3,STA,WIFI_DROP,
4.1488,6,STA,WIFI_DROP,
4.1512,3,STA,WIFI_DROP,
4.1512,6,STA,WIFI_DROP,
4.1536,3,STA,WIFI_DROP,
4.1536,6,STA,WIFI_DROP,
4.156,3,STA,WIFI_DROP,
4.156,6,STA,WIFI_DROP,
4.1584,3,STA,WIFI_DROP,
4.1584,6,STA,WIFI_DROP,
4.1608,3,STA,WIFI_DROP,
4.1608,6,STA,WIFI_DROP,
4.1632,3,STA,WIFI_DROP,
4.1632,6,STA,WIFI_DROP,
4.1656,3,STA,WIFI_DROP,
4.1656,6,STA,WIFI_DROP,
4.168,3,STA,WIFI_DROP,
4.168,6,STA,WIFI_DROP,
4.1704,3,STA,WIFI_DROP,
4.1704,6,STA,WIFI_DROP,
4.1728,3,STA,WIFI_DROP,
4.1728,6,STA,WIFI_DROP,
4.1752,3,STA,WIFI_DROP,
4.1752,6,STA,WIFI_DROP,
4.1776,3,STA,WIFI_DROP,
4.1776,6,STA,WIFI_DROP,
4.18,3,STA,WIFI_DROP,
4.18,6,STA,WIFI_DROP,
4.1824,3,STA,WIFI_DROP,
4.1824,6,STA,WIFI_DROP,
4.1848,3,STA,WIFI_DROP,
4.1848,6,STA,WIFI_DROP,
4.1872,3,STA,WIFI_DROP,
4.1872,6,STA,WIFI_DROP,
4.1896,3,STA,WIFI_DROP,
4.1896,6,STA,WIFI_DROP,
4.192,3,STA,WIFI_DROP,
4.192,6,STA,WIFI_DROP,
4.1944,3,STA,WIFI_DROP,
4.1944,6,STA,WIFI_DROP,
4.1968,3,STA,WIFI_DROP,
4.1992,3,STA,WIFI_DROP,
4.2016,3,STA,WIFI_DROP,
4.204,3,STA,WIFI_DROP,
4.2064,3,STA,WIFI_DROP,
4.2088,3,STA,WIFI_DROP,
4.2112,3,STA,WIFI_DROP,
4.2136,3,STA,WIFI_DROP,
4.216,3,STA,WIFI_DROP,
4.2184,3,STA,WIFI_DROP,
4.2208,3,STA,WIFI_DROP,
4.2232,3,STA,WIFI_DROP,
4.2256,3,STA,WIFI_DROP,
4.228,3,STA,WIFI_DROP,
4.2304,3,STA,WIFI_DROP,
4.2328,3,STA,WIFI_DROP,
4.2352,3,STA,WIFI_DROP,
4.2376,3,STA,WIFI_DROP,
4.24,3,STA,WIFI_DROP,
4.2424,3,STA,WIFI_DROP,
4.2448,3,STA,WIFI_DROP,
4.2472,3,STA,WIFI_DROP,
4.2496,3,STA,WIFI_DROP,
4.252,3,STA,WIFI_DROP,
4.2544,3,STA,WIFI_DROP,
4.2568,2,STA,WIFI_DROP,
4.2568,3,STA,WIFI_DROP,
4.2568,14,STA,WIFI_DROP,
4.2592,2,STA,WIFI_DROP,
4.2592,3,STA,WIFI_DROP,
4.2592,14,STA,WIFI_DROP,
4.2616,2,STA,WIFI_DROP,
4.2616,3,STA,WIFI_DROP,
4.2616,14,STA,WIFI_DROP,
4.264,2,STA,WIFI_DROP,
4.264,3,STA,WIFI_DROP,
4.264,14,STA,WIFI_DROP,
4.2664,2,STA,WIFI_DROP,
4.2664,3,STA,WIFI_DROP,
4.2664,14,STA,WIFI_DROP,
4.2688,2,STA,WIFI_DROP,
4.2688,3,STA,WIFI_DROP,
4.2688,14,STA,WIFI_DROP,
4.2712,2,STA,WIFI_DROP,
4.2712,3,STA,WIFI_DROP,
4.2712,14,STA,WIFI_DROP,
4.2736,2,STA,WIFI_DROP,
4.2736,3,STA,WIFI_DROP,
4.2736,14,STA,WIFI_DROP,
4.276,2,STA,WIFI_DROP,
4.276,3,STA,WIFI_DROP,
4.276,14,STA,WIFI_DROP,
4.2784,2,STA,WIFI_DROP,
4.2784,3,STA,WIFI_DROP,
4.2784,14,STA,WIFI_DROP,
4.2808,2,STA,WIFI_DROP,
4.2808,3,STA,WIFI_DROP,
4.2808,14,STA,WIFI_DROP,
4.2832,2,STA,WIFI_DROP,
4.2832,3,STA,WIFI_DROP,
4.2832,14,STA,WIFI_DROP,
4.2856,2,STA,WIFI_DROP,
4.2856,3,STA,WIFI_DROP,
4.2856,14,STA,WIFI_DROP,
4.288,2,STA,WIFI_DROP,
4.288,3,STA,WIFI_DROP,
4.288,14,STA,WIFI_DROP,
4.2904,2,STA,WIFI_DROP,
4.2904,3,STA,WIFI_DROP,
4.2904,14,STA,WIFI_DROP,
4.2928,2,STA,WIFI_DROP,
4.2928,3,STA,WIFI_DROP,
4.2928,14,STA,WIFI_DROP,
4.2952,2,STA,WIFI_DROP,
4.2952,3,STA,WIFI_DROP,
4.2952,14,STA,WIFI_DROP,
4.2976,2,STA,WIFI_DROP,
4.2976,3,STA,WIFI_DROP,
4.2976,14,STA,WIFI_DROP,
4.3,2,STA,WIFI_DROP,
4.3,3,STA,WIFI_DROP,
4.3,14,STA,WIFI_DROP,
4.3024,2,STA,WIFI_DROP,
4.3024,3,STA,WIFI_DROP,
4.3024,14,STA,WIFI_DROP,
4.3048,2,STA,WIFI_DROP,
4.3048,3,STA,WIFI_DROP,
4.3048,14,STA,WIFI_DROP,
4.3072,2,STA,WIFI_DROP,
4.3072,3,STA,WIFI_DROP,
4.3072,14,STA,WIFI_DROP,
4.3096,2,STA,WIFI_DROP,
4.3096,3,STA,WIFI_DROP,
4.3096,14,STA,WIFI_DROP,
4.312,2,STA,WIFI_DROP,
4.312,3,STA,WIFI_DROP,
4.312,14,STA,WIFI_DROP,
4.3144,2,STA,WIFI_DROP,
4.3144,3,STA,WIFI_DROP,
4.3144,14,STA,WIFI_DROP,
4.3168,2,STA,WIFI_DROP,
4.3168,3,STA,WIFI_DROP,
4.3168,14,STA,WIFI_DROP,
4.3192,2,STA,WIFI_DROP,
4.3192,3,STA,WIFI_DROP,
4.3192,14,STA,WIFI_DROP,
4.3216,2,STA,WIFI_DROP,
4.3216,3,STA,WIFI_DROP,
4.3216,14,STA,WIFI_DROP,
4.324,2,STA,WIFI_DROP,
4.324,3,STA,WIFI_DROP,
4.324,14,STA,WIFI_DROP,
4.3264,2,STA,WIFI_DROP,
4.3264,3,STA,WIFI_DROP,
4.3264,14,STA,WIFI_DROP,
4.3288,2,STA,WIFI_DROP,
4.3288,3,STA,WIFI_DROP,
4.3288,14,STA,WIFI_DROP,
4.3312,2,STA,WIFI_DROP,
4.3312,3,STA,WIFI_DROP,
4.3312,14,STA,WIFI_DROP,
4.3336,2,STA,WIFI_DROP,
4.3336,3,STA,WIFI_DROP,
4.3336,14,STA,WIFI_DROP,
4.336,2,STA,WIFI_DROP,
4.336,3,STA,WIFI_DROP,
4.336,14,STA,WIFI_DROP,
4.3384,2,STA,WIFI_DROP,
4.3384,3,STA,WIFI_DROP,
4.3384,14,STA,WIFI_DROP,
4.3408,2,STA,WIFI_DROP,
4.3408,3,STA,WIFI_DROP,
4.3408,14,STA,WIFI_DROP,
4.3432,2,STA,WIFI_DROP,
4.3432,3,STA,WIFI_DROP,
4.3432,14,STA,WIFI_DROP,
4.3456,2,STA,WIFI_DROP,
4.3456,3,STA,WIFI_DROP,
4.3456,14,STA,WIFI_DROP,
4.348,2,STA,WIFI_DROP,
4.348,3,STA,WIFI_DROP,
4.348,14,STA,WIFI_DROP,
4.3504,2,STA,WIFI_DROP,
4.3504,3,STA,WIFI_DROP,
4.3504,14,STA,WIFI_DROP,
4.3528,2,STA,WIFI_DROP,
4.3528,3,STA,WIFI_DROP,
4.3528,14,STA,WIFI_DROP,
4.3552,2,STA,WIFI_DROP,
4.3552,3,STA,WIFI_DROP,
4.3552,14,STA,WIFI_DROP,
4.3576,2,STA,WIFI_DROP,
4.3576,3,STA,WIFI_DROP,
4.3576,14,STA,WIFI_DROP,
4.36,2,STA,WIFI_DROP,
4.36,3,STA,WIFI_DROP,
4.36,14,STA,WIFI_DROP,
4.3624,3,STA,WIFI_DROP,
4.3624,14,STA,WIFI_DROP,
4.3648,3,STA,WIFI_DROP,
4.3648,14,STA,WIFI_DROP,
4.3672,3,STA,WIFI_DROP,
4.3672,14,STA,WIFI_DROP,
4.3696,3,STA,WIFI_DROP,
4.3696,14,STA,WIFI_DROP,
4.372,3,STA,WIFI_DROP,
4.372,14,STA,WIFI_DROP,
4.3744,3,STA,WIFI_DROP,
4.3744,14,STA,WIFI_DROP,
4.3768,3,STA,WIFI_DROP,
4.3768,14,STA,WIFI_DROP,
4.3792,3,STA,WIFI_DROP,
4.3792,14,STA,WIFI_DROP,
4.3816,3,STA,WIFI_DROP,
4.3816,14,STA,WIFI_DROP,
4.384,3,STA,WIFI_DROP,
4.384,14,STA,WIFI_DROP,
4.3864,3,STA,WIFI_DROP,
4.3864,14,STA,WIFI_DROP,
4.3888,3,STA,WIFI_DROP,
4.3888,14,STA,WIFI_DROP,
4.3912,3,STA,WIFI_DROP,
4.3912,14,STA,WIFI_DROP,
4.3936,3,STA,WIFI_DROP,
4.3936,14,STA,WIFI_DROP,
4.396,3,STA,WIFI_DROP,
4.396,14,STA,WIFI_DROP,
4.3984,3,STA,WIFI_DROP,
4.3984,14,STA,WIFI_DROP,
4.4008,3,STA,WIFI_DROP,
4.4008,14,STA,WIFI_DROP,
4.4032,3,STA,WIFI_DROP,
4.4032,14,STA,WIFI_DROP,
4.4056,3,STA,WIFI_DROP,
4.4056,14,STA,WIFI_DROP,
4.408,3,STA,WIFI_DROP,
4.408,14,STA,WIFI_DROP,
4.4104,3,STA,WIFI_DROP,
4.4104,14,STA,WIFI_DROP,
4.4128,3,STA,WIFI_DROP,
4.4128,14,STA,WIFI_DROP,
4.4152,3,STA,WIFI_DROP,
4.4152,14,STA,WIFI_DROP,
4.4176,3,STA,WIFI_DROP,
4.4176,14,STA,WIFI_DROP,
4.42,3,STA,WIFI_DROP,
4.42,14,STA,WIFI_DROP,
4.4224,3,STA,WIFI_DROP,
4.4224,14,STA,WIFI_DROP,
4.4248,3,STA,WIFI_DROP,
4.4248,14,STA,WIFI_DROP,
4.4272,3,STA,WIFI_DROP,
4.4272,14,STA,WIFI_DROP,
4.4296,3,STA,WIFI_DROP,
4.4296,14,STA,WIFI_DROP,
4.432,3,STA,WIFI_DROP,
4.432,14,STA,WIFI_DROP,
4.4344,3,STA,WIFI_DROP,
4.4344,14,STA,WIFI_DROP,
4.4368,3,STA,WIFI_DROP,
4.4368,14,STA,WIFI_DROP,
4.4392,3,STA,WIFI_DROP,
4.4392,14,STA,WIFI_DROP,
4.4416,3,STA,WIFI_DROP,
4.4416,14,STA,WIFI_DROP,
4.444,3,STA,WIFI_DROP,
4.444,14,STA,WIFI_DROP,
4.4464,3,STA,WIFI_DROP,
4.4464,14,STA,WIFI_DROP,
4.4488,3,STA,WIFI_DROP,
4.4488,14,STA,WIFI_DROP,
4.4512,3,STA,WIFI_DROP,
4.4512,14,STA,WIFI_DROP,
4.4536,3,STA,WIFI_DROP,
4.4536,14,STA,WIFI_DROP,
4.456,3,STA,WIFI_DROP,
4.456,14,STA,WIFI_DROP,
4.4584,3,STA,WIFI_DROP,
4.4584,14,STA,WIFI_DROP,
4.4608,3,STA,WIFI_DROP,
4.4608,14,STA,WIFI_DROP,
4.4632,3,STA,WIFI_DROP,
4.4632,14,STA,WIFI_DROP,
4.4656,3,STA,WIFI_DROP,
4.4656,14,STA,WIFI_DROP,
4.468,3,STA,WIFI_DROP,
4.468,14,STA,WIFI_DROP,
4.4704,3,STA,WIFI_DROP,
4.4704,14,STA,WIFI_DROP,
4.4728,3,STA,WIFI_DROP,
4.4728,14,STA,WIFI_DROP,
4.4752,3,STA,WIFI_DROP,
4.4752,14,STA,WIFI_DROP,
4.4776,3,STA,WIFI_DROP,
4.4776,14,STA,WIFI_DROP,
4.48,3,STA,WIFI_DROP,
4.48,14,STA,WIFI_DROP,
4.4824,3,STA,WIFI_DROP,
4.4824,14,STA,WIFI_DROP,
4.4848,3,STA,WIFI_DROP,
4.4848,14,STA,WIFI_DROP,
4.4872,3,STA,WIFI_DROP,
4.4872,14,STA,WIFI_DROP,
4.4896,3,STA,WIFI_DROP,
4.4896,14,STA,WIFI_DROP,
4.492,3,STA,WIFI_DROP,
4.492,14,STA,WIFI_DROP,
4.4944,3,STA,WIFI_DROP,
4.4944,14,STA,WIFI_DROP,
4.4968,3,STA,WIFI_DROP,
4.4968,14,STA,WIFI_DROP,
4.4992,3,STA,WIFI_DROP,
4.4992,14,STA,WIFI_DROP,
4.5016,3,STA,WIFI_DROP,
4.5016,14,STA,WIFI_DROP,
4.504,3,STA,WIFI_DROP,
4.504,14,STA,WIFI_DROP,
4.5064,3,STA,WIFI_DROP,
4.5064,14,STA,WIFI_DROP,
4.5088,3,STA,WIFI_DROP,
4.5088,14,STA,WIFI_DROP,
4.5112,3,STA,WIFI_DROP,
4.5112,14,STA,WIFI_DROP,
4.5136,3,STA,WIFI_DROP,
4.5136,14,STA,WIFI_DROP,
4.516,3,STA,WIFI_DROP,
4.516,14,STA,WIFI_DROP,
4.5184,3,STA,WIFI_DROP,
4.5184,14,STA,WIFI_DROP,
4.5208,3,STA,WIFI_DROP,
4.5208,14,STA,WIFI_DROP,
4.5232,3,STA,WIFI_DROP,
4.5232,14,STA,WIFI_DROP,
4.5256,3,STA,WIFI_DROP,
4.5256,14,STA,WIFI_DROP,
4.528,3,STA,WIFI_DROP,
4.528,14,STA,WIFI_DROP,
4.5304,3,STA,WIFI_DROP,
4.5304,14,STA,WIFI_DROP,
4.5328,3,STA,WIFI_DROP,
4.5328,14,STA,WIFI_DROP,
4.5352,3,STA,WIFI_DROP,
4.5352,14,STA,WIFI_DROP,
4.5376,3,STA,WIFI_DROP,
4.5376,14,STA,WIFI_DROP,
4.54,3,STA,WIFI_DROP,
4.54,14,STA,WIFI_DROP,
4.5424,3,STA,WIFI_DROP,
4.5424,14,STA,WIFI_DROP,
4.5448,3,STA,WIFI_DROP,
4.5448,14,STA,WIFI_DROP,
4.5472,3,STA,WIFI_DROP,
4.5472,14,STA,WIFI_DROP,
4.5496,3,STA,WIFI_DROP,
4.5496,14,STA,WIFI_DROP,
4.552,3,STA,WIFI_DROP,
4.552,14,STA,WIFI_DROP,
4.5544,3,STA,WIFI_DROP,
4.5544,14,STA,WIFI_DROP,
4.5568,3,STA,WIFI_DROP,
4.5568,14,STA,WIFI_DROP,
4.5592,3,STA,WIFI_DROP,
4.5592,14,STA,WIFI_DROP,
4.5616,3,STA,WIFI_DROP,
4.5616,14,STA,WIFI_DROP,
4.564,3,STA,WIFI_DROP,
4.564,8,STA,WIFI_DROP,
4.564,14,STA,WIFI_DROP,
4.5664,3,STA,WIFI_DROP,
4.5664,8,STA,WIFI_DROP,
4.5664,14,STA,WIFI_DROP,
4.5688,3,STA,WIFI_DROP,
4.5688,8,STA,WIFI_DROP,
4.5688,14,STA,WIFI_DROP,
4.5712,3,STA,WIFI_DROP,
4.5712,8,STA,WIFI_DROP,
4.5712,14,STA,WIFI_DROP,
4.5736,3,STA,WIFI_DROP,
4.5736,8,STA,WIFI_DROP,
4.5736,14,STA,WIFI_DROP,
4.576,3,STA,WIFI_DROP,
4.576,8,STA,WIFI_DROP,
4.576,14,STA,WIFI_DROP,
4.5784,3,STA,WIFI_DROP,
4.5784,8,STA,WIFI_DROP,
4.5784,14,STA,WIFI_DROP,
4.5808,3,STA,WIFI_DROP,
4.5808,8,STA,WIFI_DROP,
4.5808,14,STA,WIFI_DROP,
4.5832,3,STA,WIFI_DROP,
4.5832,8,STA,WIFI_DROP,
4.5832,14,STA,WIFI_DROP,
4.5856,3,STA,WIFI_DROP,
4.5856,8,STA,WIFI_DROP,
4.5856,14,STA,WIFI_DROP,
4.588,3,STA,WIFI_DROP,
4.588,8,STA,WIFI_DROP,
4.588,14,STA,WIFI_DROP,
4.5904,3,STA,WIFI_DROP,
4.5904,8,STA,WIFI_DROP,
4.5904,14,STA,WIFI_DROP,
4.5928,3,STA,WIFI_DROP,
4.5928,8,STA,WIFI_DROP,
4.5928,14,STA,WIFI_DROP,
4.5952,3,STA,WIFI_DROP,
4.5952,8,STA,WIFI_DROP,
4.5952,14,STA,WIFI_DROP,
4.5976,3,STA,WIFI_DROP,
4.5976,8,STA,WIFI_DROP,
4.5976,14,STA,WIFI_DROP,
4.6,3,STA,WIFI_DROP,
4.6,8,STA,WIFI_DROP,
4.6,14,STA,WIFI_DROP,
4.6024,3,STA,WIFI_DROP,
4.6024,8,STA,WIFI_DROP,
4.6024,14,STA,WIFI_DROP,
4.6048,3,STA,WIFI_DROP,
4.6048,8,STA,WIFI_DROP,
4.6048,14,STA,WIFI_DROP,
4.6072,3,STA,WIFI_DROP,
4.6072,8,STA,WIFI_DROP,
4.6072,14,STA,WIFI_DROP,
4.6096,3,STA,WIFI_DROP,
4.6096,8,STA,WIFI_DROP,
4.6096,14,STA,WIFI_DROP,
4.612,3,STA,WIFI_DROP,
4.612,8,STA,WIFI_DROP,
4.612,14,STA,WIFI_DROP,
4.6144,3,STA,WIFI_DROP,
4.6144,8,STA,WIFI_DROP,
4.6144,14,STA,WIFI_DROP,
4.6168,3,STA,WIFI_DROP,
4.6168,8,STA,WIFI_DROP,
4.6168,14,STA,WIFI_DROP,
4.6192,3,STA,WIFI_DROP,
4.6192,8,STA,WIFI_DROP,
4.6192,14,STA,WIFI_DROP,
4.6216,3,STA,WIFI_DROP,
4.6216,8,STA,WIFI_DROP,
4.6216,14,STA,WIFI_DROP,
4.624,3,STA,WIFI_DROP,
4.624,8,STA,WIFI_DROP,
4.624,14,STA,WIFI_DROP,
4.6264,3,STA,WIFI_DROP,
4.6264,8,STA,WIFI_DROP,
4.6264,14,STA,WIFI_DROP,
4.6288,3,STA,WIFI_DROP,
4.6288,8,STA,WIFI_DROP,
4.6288,14,STA,WIFI_DROP,
4.6312,3,STA,WIFI_DROP,
4.6312,8,STA,WIFI_DROP,
4.6312,14,STA,WIFI_DROP,
4.6336,3,STA,WIFI_DROP,
4.6336,8,STA,WIFI_DROP,
4.6336,14,STA,WIFI_DROP,
4.636,3,STA,WIFI_DROP,
4.636,8,STA,WIFI_DROP,
4.636,14,STA,WIFI_DROP,
4.6384,3,STA,WIFI_DROP,
4.6384,8,STA,WIFI_DROP,
4.6384,14,STA,WIFI_DROP,
4.6408,3,STA,WIFI_DROP,
4.6408,8,STA,WIFI_DROP,
4.6408,14,STA,WIFI_DROP,
4.6432,3,STA,WIFI_DROP,
4.6432,8,STA,WIFI_DROP,
4.6432,14,STA,WIFI_DROP,
4.6456,3,STA,WIFI_DROP,
4.6456,8,STA,WIFI_DROP,
4.6456,14,STA,WIFI_DROP,
4.648,3,STA,WIFI_DROP,
4.648,8,STA,WIFI_DROP,
4.648,14,STA,WIFI_DROP,
4.6504,3,STA,WIFI_DROP,
4.6504,8,STA,WIFI_DROP,
4.6504,14,STA,WIFI_DROP,
4.6528,3,STA,WIFI_DROP,
4.6528,8,STA,WIFI_DROP,
4.6528,14,STA,WIFI_DROP,
4.6552,3,STA,WIFI_DROP,
4.6552,8,STA,WIFI_DROP,
4.6552,14,STA,WIFI_DROP,
4.6576,3,STA,WIFI_DROP,
4.6576,8,STA,WIFI_DROP,
4.6576,14,STA,WIFI_DROP,
4.66,3,STA,WIFI_DROP,
4.66,8,STA,WIFI_DROP,
4.66,14,STA,WIFI_DROP,
4.6624,3,STA,WIFI_DROP,
4.6624,8,STA,WIFI_DROP,
4.6624,14,STA,WIFI_DROP,
4.6648,3,STA,WIFI_DROP,
4.6648,8,STA,WIFI_DROP,
4.6648,14,STA,WIFI_DROP,
4.6672,3,STA,WIFI_DROP,
4.6672,8,STA,WIFI_DROP,
4.6672,14,STA,WIFI_DROP,
4.6696,3,STA,WIFI_DROP,
4.6696,14,STA,WIFI_DROP,
4.672,3,STA,WIFI_DROP,
4.672,14,STA,WIFI_DROP,
4.6744,3,STA,WIFI_DROP,
4.6744,14,STA,WIFI_DROP,
4.6768,3,STA,WIFI_DROP,
4.6768,14,STA,WIFI_DROP,
4.6792,3,STA,WIFI_DROP,
4.6792,14,STA,WIFI_DROP,
4.6816,3,STA,WIFI_DROP,
4.6816,14,STA,WIFI_DROP,
4.684,3,STA,WIFI_DROP,
4.684,14,STA,WIFI_DROP,
4.6864,3,STA,WIFI_DROP,
4.6864,14,STA,WIFI_DROP,
4.6888,3,STA,WIFI_DROP,
4.6888,14,STA,WIFI_DROP,
4.6912,3,STA,WIFI_DROP,
4.6912,14,STA,WIFI_DROP,
4.6936,3,STA,WIFI_DROP,
4.6936,14,STA,WIFI_DROP,
4.696,3,STA,WIFI_DROP,
4.696,14,STA,WIFI_DROP,
4.6984,3,STA,WIFI_DROP,
4.6984,14,STA,WIFI_DROP,
4.7008,3,STA,WIFI_DROP,
4.7008,14,STA,WIFI_DROP,
4.7032,3,STA,WIFI_DROP,
4.7032,14,STA,WIFI_DROP,
4.7056,3,STA,WIFI_DROP,
4.7056,14,STA,WIFI_DROP,
4.708,3,STA,WIFI_DROP,
4.708,14,STA,WIFI_DROP,
4.7104,3,STA,WIFI_DROP,
4.7104,14,STA,WIFI_DROP,
4.7128,3,STA,WIFI_DROP,
4.7128,14,STA,WIFI_DROP,
4.7152,3,STA,WIFI_DROP,
4.7152,14,STA,WIFI_DROP,
4.7176,3,STA,WIFI_DROP,
4.7176,14,STA,WIFI_DROP,
4.72,3,STA,WIFI_DROP,
4.72,14,STA,WIFI_DROP,
4.7224,3,STA,WIFI_DROP,
4.7224,14,STA,WIFI_DROP,
4.7248,3,STA,WIFI_DROP,
4.7248,14,STA,WIFI_DROP,
4.7272,3,STA,WIFI_DROP,
4.7272,14,STA,WIFI_DROP,
4.7296,3,STA,WIFI_DROP,
4.7296,14,STA,WIFI_DROP,
4.732,3,STA,WIFI_DROP,
4.732,14,STA,WIFI_DROP,
4.7344,3,STA,WIFI_DROP,
4.7344,14,STA,WIFI_DROP,
4.7368,3,STA,WIFI_DROP,
4.7368,14,STA,WIFI_DROP,
4.7392,3,STA,WIFI_DROP,
4.7392,14,STA,WIFI_DROP,
4.7416,3,STA,WIFI_DROP,
4.7416,14,STA,WIFI_DROP,
4.744,3,STA,WIFI_DROP,
4.744,14,STA,WIFI_DROP,
4.7464,3,STA,WIFI_DROP,
4.7464,14,STA,WIFI_DROP,
4.7488,3,STA,WIFI_DROP,
4.7488,14,STA,WIFI_DROP,
4.7512,3,STA,WIFI_DROP,
4.7512,14,STA,WIFI_DROP,
4.7536,3,STA,WIFI_DROP,
4.7536,14,STA,WIFI_DROP,
4.756,3,STA,WIFI_DROP,
4.756,14,STA,WIFI_DROP,
4.7584,3,STA,WIFI_DROP,
4.7584,14,STA,WIFI_DROP,
4.7608,3,STA,WIFI_DROP,
4.7608,14,STA,WIFI_DROP,
4.7632,3,STA,WIFI_DROP,
4.7632,14,STA,WIFI_DROP,
4.7656,3,STA,WIFI_DROP,
4.7656,14,STA,WIFI_DROP,
4.768,3,STA,WIFI_DROP,
4.768,14,STA,WIFI_DROP,
4.7704,3,STA,WIFI_DROP,
4.7704,14,STA,WIFI_DROP,
4.7728,3,STA,WIFI_DROP,
4.7728,14,STA,WIFI_DROP,
4.7752,3,STA,WIFI_DROP,
4.7752,14,STA,WIFI_DROP,
4.7776,3,STA,WIFI_DROP,
4.7776,14,STA,WIFI_DROP,
4.78,3,STA,WIFI_DROP,
4.78,14,STA,WIFI_DROP,
4.7824,3,STA,WIFI_DROP,
4.7824,14,STA,WIFI_DROP,
4.7848,3,STA,WIFI_DROP,
4.7848,14,STA,WIFI_DROP,
4.7872,3,STA,WIFI_DROP,
4.7872,14,STA,WIFI_DROP,
4.7896,3,STA,WIFI_DROP,
4.7896,14,STA,WIFI_DROP,
4.792,3,STA,WIFI_DROP,
4.792,14,STA,WIFI_DROP,
4.7944,3,STA,WIFI_DROP,
4.7944,14,STA,WIFI_DROP,
4.7968,3,STA,WIFI_DROP,
4.7968,14,STA,WIFI_DROP,
4.7992,3,STA,WIFI_DROP,
4.7992,14,STA,WIFI_DROP,
4.8016,3,STA,WIFI_DROP,
4.8016,14,STA,WIFI_DROP,
4.804,14,STA,WIFI_DROP,
4.8064,14,STA,WIFI_DROP,
4.8088,14,STA,WIFI_DROP,
4.8112,14,STA,WIFI_DROP,
4.8136,14,STA,WIFI_DROP,
4.816,14,STA,WIFI_DROP,
4.8184,14,STA,WIFI_DROP,
4.8208,14,STA,WIFI_DROP,
4.8232,14,STA,WIFI_DROP,
4.8256,14,STA,WIFI_DROP,
4.828,14,STA,WIFI_DROP,
4.8304,14,STA,WIFI_DROP,
4.8328,14,STA,WIFI_DROP,
4.8352,14,STA,WIFI_DROP,
4.8376,14,STA,WIFI_DROP,
4.84,14,STA,WIFI_DROP,
4.8424,14,STA,WIFI_DROP,
4.8448,14,STA,WIFI_DROP,
4.8472,14,STA,WIFI_DROP,
4.8496,14,STA,WIFI_DROP,
4.852,14,STA,WIFI_DROP,
4.8544,14,STA,WIFI_DROP,
4.8568,14,STA,WIFI_DROP,
4.9744,9,STA,WIFI_DROP,
4.9768,9,STA,WIFI_DROP,
4.9792,9,STA,WIFI_DROP,
4.9816,9,STA,WIFI_DROP,
4.984,9,STA,WIFI_DROP,
4.9864,9,STA,WIFI_DROP,
4.9888,9,STA,WIFI_DROP,
4.9912,9,STA,WIFI_DROP,
4.9936,9,STA,WIFI_DROP,
4.996,9,STA,WIFI_DROP,
4.9984,9,STA,WIFI_DROP,
5,2,STA,THROUGHPUT_MBPS,0.768000
5,3,STA,THROUGHPUT_MBPS,0.192000
5,5,STA,THROUGHPUT_MBPS,1.092000
5,6,STA,THROUGHPUT_MBPS,0.888000
5,9,STA,THROUGHPUT_MBPS,1.812000
5,10,STA,THROUGHPUT_MBPS,2.508000
5,11,STA,THROUGHPUT_MBPS,3.708000
5,12,STA,THROUGHPUT_MBPS,1.428000
5,14,STA,THROUGHPUT_MBPS,0.348000
5,15,STA,THROUGHPUT_MBPS,0.996000
5,16,STA,THROUGHPUT_MBPS,3.348000
5,17,STA,THROUGHPUT_MBPS,1.368000
5,21,STA,THROUGHPUT_MBPS,2.208000
5,1,AP,AGGREGATE_THROUGHPUT_MBPS,20.664000
5,1,AP,SENT_COUNT,8340.000000
5,1,AP,RECV_COUNT,1722.000000
5,1,AP,LATENCY_P95_MS,534.990021
5.0008,9,STA,WIFI_DROP,
5.0032,9,STA,WIFI_DROP,
5.0056,9,STA,WIFI_DROP,
5.008,9,STA,WIFI_DROP,
5.0104,9,STA,WIFI_DROP,
5.0128,9,STA,WIFI_DROP,
5.0152,9,STA,WIFI_DROP,
5.0176,9,STA,WIFI_DROP,
5.02,9,STA,WIFI_DROP,
5.0224,9,STA,WIFI_DROP,
5.0248,9,STA,WIFI_DROP,
5.0272,9,STA,WIFI_DROP,
5.0296,9,STA,WIFI_DROP,
5.032,9,STA,WIFI_DROP,
5.0344,9,STA,WIFI_DROP,
5.0368,9,STA,WIFI_DROP,
5.0392,9,STA,WIFI_DROP,
5.0416,9,STA,WIFI_DROP,
5.044,9,STA,WIFI_DROP,
5.0464,9,STA,WIFI_DROP,
5.0488,9,STA,WIFI_DROP,
5.0512,9,STA,WIFI_DROP,
5.0536,9,STA,WIFI_DROP,
5.056,9,STA,WIFI_DROP,
5.0584,9,STA,WIFI_DROP,
5.0608,9,STA,WIFI_DROP,
5.0632,9,STA,WIFI_DROP,
5.0656,9,STA,WIFI_DROP,
5.068,9,STA,WIFI_DROP,
5.0704,9,STA,WIFI_DROP,
5.0728,9,STA,WIFI_DROP,
5.0752,9,STA,WIFI_DROP,
5.0776,9,STA,WIFI_DROP,
5.0776,21,STA,WIFI_DROP,
5.08,9,STA,WIFI_DROP,
5.08,21,STA,WIFI_DROP,
5.0824,9,STA,WIFI_DROP,
5.0824,21,STA,WIFI_DROP,
5.0848,9,STA,WIFI_DROP,
5.0848,21,STA,WIFI_DROP,
5.0872,9,STA,WIFI_DROP,
5.0872,21,STA,WIFI_DROP,
5.0896,9,STA,WIFI_DROP,
5.0896,21,STA,WIFI_DROP,
5.092,9,STA,WIFI_DROP,
5.092,21,STA,WIFI_DROP,
5.0944,9,STA,WIFI_DROP,
5.0944,21,STA,WIFI_DROP,
5.0968,9,STA,WIFI_DROP,
5.0968,21,STA,WIFI_DROP,
5.0992,9,STA,WIFI_DROP,
5.0992,21,STA,WIFI_DROP,
5.1016,9,STA,WIFI_DROP,
5.1016,21,STA,WIFI_DROP,
5.104,9,STA,WIFI_DROP,
5.104,21,STA,WIFI_DROP,
5.1064,9,STA,WIFI_DROP,
5.1064,21,STA,WIFI_DROP,
5.1088,9,STA,WIFI_DROP,
5.1088,21,STA,WIFI_DROP,
5.1112,9,STA,WIFI_DROP,
5.1112,21,STA,WIFI_DROP,
5.1136,9,STA,WIFI_DROP,
5.1136,21,STA,WIFI_DROP,
5.116,9,STA,WIFI_DROP,
5.116,21,STA,WIFI_DROP,
5.1184,9,STA,WIFI_DROP,
5.1184,21,STA,WIFI_DROP,
5.1208,9,STA,WIFI_DROP,
5.1208,21,STA,WIFI_DROP,
5.1232,9,STA,WIFI_DROP,
5.1232,21,STA,WIFI_DROP,
5.1256,9,STA,WIFI_DROP,
5.1256,21,STA,WIFI_DROP,
5.128,9,STA,WIFI_DROP,
5.128,21,STA,WIFI_DROP,
5.1304,9,STA,WIFI_DROP,
5.1304,21,STA,WIFI_DROP,
5.1328,9,STA,WIFI_DROP,
5.1328,21,STA,WIFI_DROP,
5.1352,9,STA,WIFI_DROP,
5.1352,21,STA,WIFI_DROP,
5.1376,9,STA,WIFI_DROP,
5.1376,21,STA,WIFI_DROP,
5.14,9,STA,WIFI_DROP,
5.14,21,STA,WIFI_DROP,
5.1424,9,STA,WIFI_DROP,
5.1424,21,STA,WIFI_DROP,
5.1448,9,STA,WIFI_DROP,
5.1448,21,STA,WIFI_DROP,
5.1472,9,STA,WIFI_DROP,
5.1472,21,STA,WIFI_DROP,
5.1496,9,STA,WIFI_DROP,
5.1496,21,STA,WIFI_DROP,
5.152,9,STA,WIFI_DROP,
5.152,21,STA,WIFI_DROP,
5.1544,9,STA,WIFI_DROP,
5.1544,21,STA,WIFI_DROP,
5.1568,9,STA,WIFI_DROP,
5.1568,21,STA,WIFI_DROP,
5.1592,9,STA,WIFI_DROP,
5.1592,21,STA,WIFI_DROP,
5.1616,9,STA,WIFI_DROP,
5.1616,21,STA,WIFI_DROP,
5.164,9,STA,WIFI_DROP,
5.164,21,STA,WIFI_DROP,
5.1664,9,STA,WIFI_DROP,
5.1664,21,STA,WIFI_DROP,
5.1688,9,STA,WIFI_DROP,
5.1688,21,STA,WIFI_DROP,
5.1712,9,STA,WIFI_DROP,
5.1712,21,STA,WIFI_DROP,
5.1736,9,STA,WIFI_DROP,
5.1736,21,STA,WIFI_DROP,
5.176,9,STA,WIFI_DROP,
5.176,21,STA,WIFI_DROP,
5.1784,9,STA,WIFI_DROP,
5.1784,21,STA,WIFI_DROP,
5.1808,9,STA,WIFI_DROP,
5.1808,21,STA,WIFI_DROP,
5.1832,9,STA,WIFI_DROP,
5.1832,21,STA,WIFI_DROP,
5.1856,9,STA,WIFI_DROP,
5.1856,21,STA,WIFI_DROP,
5.188,9,STA,WIFI_DROP,
5.188,21,STA,WIFI_DROP,
5.1904,9,STA,WIFI_DROP,
5.1904,21,STA,WIFI_DROP,
5.1928,9,STA,WIFI_DROP,
5.1928,21,STA,WIFI_DROP,
5.1952,9,STA,WIFI_DROP,
5.1952,21,STA,WIFI_DROP,
5.1976,9,STA,WIFI_DROP,
5.1976,21,STA,WIFI_DROP,
5.2,9,STA,WIFI_DROP,
5.2,21,STA,WIFI_DROP,
5.2024,9,STA,WIFI_DROP,
5.2024,21,STA,WIFI_DROP,
5.2048,9,STA,WIFI_DROP,
5.2048,21,STA,WIFI_DROP,
5.2072,9,STA,WIFI_DROP,
5.2072,21,STA,WIFI_DROP,
5.2096,9,STA,WIFI_DROP,
5.2096,21,STA,WIFI_DROP,
5.212,9,STA,WIFI_DROP,
5.212,21,STA,WIFI_DROP,
5.2144,9,STA,WIFI_DROP,
5.2144,21,STA,WIFI_DROP,
5.2168,9,STA,WIFI_DROP,
5.2168,21,STA,WIFI_DROP,
5.2192,6,STA,WIFI_DROP,
5.2192,9,STA,WIFI_DROP,
5.2192,21,STA,WIFI_DROP,
5.2216,6,STA,WIFI_DROP,
5.2216,9,STA,WIFI_DROP,
5.2216,21,STA,WIFI_DROP,
5.224,6,STA,WIFI_DROP,
5.224,9,STA,WIFI_DROP,
5.224,21,STA,WIFI_DROP,
5.2264,6,STA,WIFI_DROP,
5.2264,9,STA,WIFI_DROP,
5.2264,21,STA,WIFI_DROP,
5.2288,6,STA,WIFI_DROP,
5.2288,9,STA,WIFI_DROP,
5.2288,21,STA,WIFI_DROP,
5.2312,6,STA,WIFI_DROP,
5.2312,9,STA,WIFI_DROP,
5.2336,6,STA,WIFI_DROP,
5.2336,9,STA,WIFI_DROP,
5.236,6,STA,WIFI_DROP,
5.236,9,STA,WIFI_DROP,
5.2384,6,STA,WIFI_DROP,
5.2384,9,STA,WIFI_DROP,
5.2408,6,STA,WIFI_DROP,
5.2408,9,STA,WIFI_DROP,
5.2432,6,STA,WIFI_DROP,
5.2432,9,STA,WIFI_DROP,
5.2456,6,STA,WIFI_DROP,
5.2456,9,STA,WIFI_DROP,
5.248,6,STA,WIFI_DROP,
5.248,9,STA,WIFI_DROP,
5.2504,6,STA,WIFI_DROP,
5.2504,9,STA,WIFI_DROP,
5.2528,6,STA,WIFI_DROP,
5.2528,9,STA,WIFI_DROP,
5.2552,6,STA,WIFI_DROP,
5.2552,9,STA,WIFI_DROP,
5.2576,6,STA,WIFI_DROP,
5.2576,9,STA,WIFI_DROP,
5.26,6,STA,WIFI_DROP,
5.26,9,STA,WIFI_DROP,
5.2624,6,STA,WIFI_DROP,
5.2624,9,STA,WIFI_DROP,
5.2648,6,STA,WIFI_DROP,
5.2648,9,STA,WIFI_DROP,
5.2672,6,STA,WIFI_DROP,
5.2672,9,STA,WIFI_DROP,
5.2696,6,STA,WIFI_DROP,
5.2696,9,STA,WIFI_DROP,
5.272,6,STA,WIFI_DROP,
5.272,9,STA,WIFI_DROP,
5.2744,6,STA,WIFI_DROP,
5.2744,9,STA,WIFI_DROP,
5.2768,6,STA,WIFI_DROP,
5.2768,9,STA,WIFI_DROP,
5.2792,6,STA,WIFI_DROP,
5.2792,9,STA,WIFI_DROP,
5.2816,6,STA,WIFI_DROP,
5.2816,9,STA,WIFI_DROP,
5.2816,19,STA,WIFI_DROP,
5.284,6,STA,WIFI_DROP,
5.284,9,STA,WIFI_DROP,
5.284,19,STA,WIFI_DROP,
5.2864,6,STA,WIFI_DROP,
5.2864,9,STA,WIFI_DROP,
5.2864,19,STA,WIFI_DROP,
5.2888,6,STA,WIFI_DROP,
5.2888,9,STA,WIFI_DROP,
5.2888,19,STA,WIFI_DROP,
5.2912,6,STA,WIFI_DROP,
5.2912,9,STA,WIFI_DROP,
5.2912,19,STA,WIFI_DROP,
5.2936,6,STA,WIFI_DROP,
5.2936,9,STA,WIFI_DROP,
5.2936,19,STA,WIFI_DROP,
5.296,6,STA,WIFI_DROP,
5.296,9,STA,WIFI_DROP,
5.296,19,STA,WIFI_DROP,
5.2984,6,STA,WIFI_DROP,
5.2984,9,STA,WIFI_DROP,
5.2984,19,STA,WIFI_DROP,
5.3008,6,STA,WIFI_DROP,
5.3008,9,STA,WIFI_DROP,
5.3008,19,STA,WIFI_DROP,
5.3032,6,STA,WIFI_DROP,
5.3032,9,STA,WIFI_DROP,
5.3032,19,STA,WIFI_DROP,
5.3056,6,STA,WIFI_DROP,
5.3056,9,STA,WIFI_DROP,
5.3056,19,STA,WIFI_DROP,
5.308,6,STA,WIFI_DROP,
5.308,9,STA,WIFI_DROP,
5.308,19,STA,WIFI_DROP,
5.3104,6,STA,WIFI_DROP,
5.3104,9,STA,WIFI_DROP,
5.3104,19,STA,WIFI_DROP,
5.3128,6,STA,WIFI_DROP,
5.3128,9,STA,WIFI_DROP,
5.3128,19,STA,WIFI_DROP,
5.3152,6,STA,WIFI_DROP,
5.3152,9,STA,WIFI_DROP,
5.3152,19,STA,WIFI_DROP,
5.3176,6,STA,WIFI_DROP,
5.3176,9,STA,WIFI_DROP,
5.3176,19,STA,WIFI_DROP,
5.32,6,STA,WIFI_DROP,
5.32,9,STA,WIFI_DROP,
5.32,19,STA,WIFI_DROP,
5.3224,6,STA,WIFI_DROP,
5.3224,9,STA,WIFI_DROP,
5.3224,19,STA,WIFI_DROP,
5.3248,6,STA,WIFI_DROP,
5.3248,9,STA,WIFI_DROP,
5.3248,19,STA,WIFI_DROP,
5.3272,3,STA,WIFI_DROP,
5.3272,9,STA,WIFI_DROP,
5.3272,19,STA,WIFI_DROP,
5.3296,3,STA,WIFI_DROP,
5.3296,9,STA,WIFI_DROP,
5.3296,19,STA,WIFI_DROP,
5.332,3,STA,WIFI_DROP,
5.332,9,STA,WIFI_DROP,
5.332,19,STA,WIFI_DROP,
5.3344,3,STA,WIFI_DROP,
5.3344,9,STA,WIFI_DROP,
5.3344,19,STA,WIFI_DROP,
5.3368,3,STA,WIFI_DROP,
5.3368,9,STA,WIFI_DROP,
5.3368,19,STA,WIFI_DROP,
5.3392,3,STA,WIFI_DROP,
5.3392,9,STA,WIFI_DROP,
5.3392,19,STA,WIFI_DROP,
5.3416,3,STA,WIFI_DROP,
5.3416,9,STA,WIFI_DROP,
5.3416,19,STA,WIFI_DROP,
5.344,3,STA,WIFI_DROP,
5.344,9,STA,WIFI_DROP,
5.344,19,STA,WIFI_DROP,
5.3464,3,STA,WIFI_DROP,
5.3464,9,STA,WIFI_DROP,
5.3464,19,STA,WIFI_DROP,
5.3488,3,STA,WIFI_DROP,
5.3488,9,STA,WIFI_DROP,
5.3488,19,STA,WIFI_DROP,
5.3512,3,STA,WIFI_DROP,
5.3512,9,STA,WIFI_DROP,
5.3512,19,STA,WIFI_DROP,
5.3536,3,STA,WIFI_DROP,
5.3536,9,STA,WIFI_DROP,
5.3536,19,STA,WIFI_DROP,
5.356,3,STA,WIFI_DROP,
5.356,9,STA,WIFI_DROP,
5.356,19,STA,WIFI_DROP,
5.3584,3,STA,WIFI_DROP,
5.3584,9,STA,WIFI_DROP,
5.3584,19,STA,WIFI_DROP,
5.3608,3,STA,WIFI_DROP,
5.3608,9,STA,WIFI_DROP,
5.3608,19,STA,WIFI_DROP,
5.3632,3,STA,WIFI_DROP,
5.3632,9,STA,WIFI_DROP,
5.3632,19,STA,WIFI_DROP,
5.3656,3,STA,WIFI_DROP,
5.3656,9,STA,WIFI_DROP,
5.3656,19,STA,WIFI_DROP,
5.368,3,STA,WIFI_DROP,
5.368,9,STA,WIFI_DROP,
5.368,19,STA,WIFI_DROP,
5.3704,3,STA,WIFI_DROP,
5.3704,9,STA,WIFI_DROP,
5.3704,19,STA,WIFI_DROP,
5.3728,3,STA,WIFI_DROP,
5.3728,9,STA,WIFI_DROP,
5.3728,19,STA,WIFI_DROP,
5.3752,3,STA,WIFI_DROP,
5.3752,9,STA,WIFI_DROP,
5.3752,19,STA,WIFI_DROP,
5.3776,3,STA,WIFI_DROP,
5.3776,9,STA,WIFI_DROP,
5.3776,19,STA,WIFI_DROP,
5.38,3,STA,WIFI_DROP,
5.38,9,STA,WIFI_DROP,
5.38,19,STA,WIFI_DROP,
5.3824,3,STA,WIFI_DROP,
5.3824,9,STA,WIFI_DROP,
5.3824,19,STA,WIFI_DROP,
5.3848,3,STA,WIFI_DROP,
5.3848,9,STA,WIFI_DROP,
5.3848,19,STA,WIFI_DROP,
5.3872,3,STA,WIFI_DROP,
5.3872,9,STA,WIFI_DROP,
5.3872,19,STA,WIFI_DROP,
5.3896,3,STA,WIFI_DROP,
5.3896,9,STA,WIFI_DROP,
5.3896,19,STA,WIFI_DROP,
5.392,3,STA,WIFI_DROP,
5.392,9,STA,WIFI_DROP,
5.392,19,STA,WIFI_DROP,
5.3944,3,STA,WIFI_DROP,
5.3944,9,STA,WIFI_DROP,
5.3944,19,STA,WIFI_DROP,
5.3968,3,STA,WIFI_DROP,
5.3968,9,STA,WIFI_DROP,
5.3968,19,STA,WIFI_DROP,
5.3992,3,STA,WIFI_DROP,
5.3992,9,STA,WIFI_DROP,
5.3992,19,STA,WIFI_DROP,
5.4016,3,STA,WIFI_DROP,
5.4016,9,STA,WIFI_DROP,
5.4016,19,STA,WIFI_DROP,
5.404,3,STA,WIFI_DROP,
5.404,9,STA,WIFI_DROP,
5.404,19,STA,WIFI_DROP,
5.4064,3,STA,WIFI_DROP,
5.4064,9,STA,WIFI_DROP,
5.4064,19,STA,WIFI_DROP,
5.4088,3,STA,WIFI_DROP,
5.4088,9,STA,WIFI_DROP,
5.4088,19,STA,WIFI_DROP,
5.4112,3,STA,WIFI_DROP,
5.4112,9,STA,WIFI_DROP,
5.4112,19,STA,WIFI_DROP,
5.4136,3,STA,WIFI_DROP,
5.4136,9,STA,WIFI_DROP,
5.4136,19,STA,WIFI_DROP,
5.416,3,STA,WIFI_DROP,
5.416,9,STA,WIFI_DROP,
5.416,19,STA,WIFI_DROP,
5.4184,3,STA,WIFI_DROP,
5.4184,9,STA,WIFI_DROP,
5.4184,19,STA,WIFI_DROP,
5.4208,3,STA,WIFI_DROP,
5.4208,9,STA,WIFI_DROP,
5.4208,19,STA,WIFI_DROP,
5.4232,3,STA,WIFI_DROP,
5.4232,9,STA,WIFI_DROP,
5.4232,19,STA,WIFI_DROP,
5.4256,3,STA,WIFI_DROP,
5.4256,9,STA,WIFI_DROP,
5.4256,19,STA,WIFI_DROP,
5.428,3,STA,WIFI_DROP,
5.428,9,STA,WIFI_DROP,
5.428,19,STA,WIFI_DROP,
5.4304,3,STA,WIFI_DROP,
5.4304,9,STA,WIFI_DROP,
5.4304,19,STA,WIFI_DROP,
5.4328,3,STA,WIFI_DROP,
5.4328,9,STA,WIFI_DROP,
5.4328,19,STA,WIFI_DROP,
5.4352,3,STA,WIFI_DROP,
5.4352,9,STA,WIFI_DROP,
5.4352,19,STA,WIFI_DROP,
5.4376,3,STA,WIFI_DROP,
5.4376,9,STA,WIFI_DROP,
5.4376,19,STA,WIFI_DROP,
5.44,3,STA,WIFI_DROP,
5.44,9,STA,WIFI_DROP,
5.44,19,STA,WIFI_DROP,
5.4424,3,STA,WIFI_DROP,
5.4424,9,STA,WIFI_DROP,
5.4424,19,STA,WIFI_DROP,
5.4448,3,STA,WIFI_DROP,
5.4448,9,STA,WIFI_DROP,
5.4448,19,STA,WIFI_DROP,
5.4472,3,STA,WIFI_DROP,
5.4472,9,STA,WIFI_DROP,
5.4472,19,STA,WIFI_DROP,
5.4496,3,STA,WIFI_DROP,
5.4496,9,STA,WIFI_DROP,
5.4496,19,STA,WIFI_DROP,
5.452,3,STA,WIFI_DROP,
5.452,9,STA,WIFI_DROP,
5.452,19,STA,WIFI_DROP,
5.4544,3,STA,WIFI_DROP,
5.4544,9,STA,WIFI_DROP,
5.4544,19,STA,WIFI_DROP,
5.4568,3,STA,WIFI_DROP,
5.4568,9,STA,WIFI_DROP,
5.4568,19,STA,WIFI_DROP,
5.4592,3,STA,WIFI_DROP,
5.4592,9,STA,WIFI_DROP,
5.4592,19,STA,WIFI_DROP,
5.4616,3,STA,WIFI_DROP,
5.4616,9,STA,WIFI_DROP,
5.4616,19,STA,WIFI_DROP,
5.464,3,STA,WIFI_DROP,
5.464,9,STA,WIFI_DROP,
5.464,19,STA,WIFI_DROP,
5.4664,3,STA,WIFI_DROP,
5.4664,9,STA,WIFI_DROP,
5.4664,19,STA,WIFI_DROP,
5.4688,3,STA,WIFI_DROP,
5.4688,9,STA,WIFI_DROP,
5.4688,19,STA,WIFI_DROP,
5.4712,3,STA,WIFI_DROP,
5.4712,9,STA,WIFI_DROP,
5.4712,19,STA,WIFI_DROP,
5.4736,3,STA,WIFI_DROP,
5.4736,9,STA,WIFI_DROP,
5.4736,19,STA,WIFI_DROP,
5.476,3,STA,WIFI_DROP,
5.476,9,STA,WIFI_DROP,
5.476,19,STA,WIFI_DROP,
5.4784,3,STA,WIFI_DROP,
5.4784,9,STA,WIFI_DROP,
5.4784,19,STA,WIFI_DROP,
5.4808,3,STA,WIFI_DROP,
5.4808,9,STA,WIFI_DROP,
5.4808,19,STA,WIFI_DROP,
5.4832,3,STA,WIFI_DROP,
5.4832,9,STA,WIFI_DROP,
5.4832,19,STA,WIFI_DROP,
5.4856,3,STA,WIFI_DROP,
5.4856,9,STA,WIFI_DROP,
5.4856,19,STA,WIFI_DROP,
5.488,3,STA,WIFI_DROP,
5.488,9,STA,WIFI_DROP,
5.488,19,STA,WIFI_DROP,
5.4904,3,STA,WIFI_DROP,
5.4904,9,STA,WIFI_DROP,
5.4904,19,STA,WIFI_DROP,
5.4928,3,STA,WIFI_DROP,
5.4928,9,STA,WIFI_DROP,
5.4928,19,STA,WIFI_DROP,
5.4952,3,STA,WIFI_DROP,
5.4952,9,STA,WIFI_DROP,
5.4952,19,STA,WIFI_DROP,
5.4976,3,STA,WIFI_DROP,
5.4976,9,STA,WIFI_DROP,
5.4976,19,STA,WIFI_DROP,
5.5,3,STA,WIFI_DROP,
5.5,9,STA,WIFI_DROP,
5.5,19,STA,WIFI_DROP,
5.5024,3,STA,WIFI_DROP,
5.5024,9,STA,WIFI_DROP,
5.5024,19,STA,WIFI_DROP,
5.5048,3,STA,WIFI_DROP,
5.5048,9,STA,WIFI_DROP,
5.5048,19,STA,WIFI_DROP,
5.5072,3,STA,WIFI_DROP,
5.5072,9,STA,WIFI_DROP,
5.5072,19,STA,WIFI_DROP,
5.5096,3,STA,WIFI_DROP,
5.5096,9,STA,WIFI_DROP,
5.5096,19,STA,WIFI_DROP,
5.512,3,STA,WIFI_DROP,
5.512,9,STA,WIFI_DROP,
5.512,19,STA,WIFI_DROP,
5.5144,3,STA,WIFI_DROP,
5.5144,9,STA,WIFI_DROP,
5.5144,19,STA,WIFI_DROP,
5.5168,3,STA,WIFI_DROP,
5.5168,9,STA,WIFI_DROP,
5.5168,19,STA,WIFI_DROP,
5.5192,3,STA,WIFI_DROP,
5.5192,9,STA,WIFI_DROP,
5.5192,19,STA,WIFI_DROP,
5.5216,3,STA,WIFI_DROP,
5.5216,9,STA,WIFI_DROP,
5.5216,19,STA,WIFI_DROP,
5.524,3,STA,WIFI_DROP,
5.524,9,STA,WIFI_DROP,
5.524,19,STA,WIFI_DROP,
5.5264,3,STA,WIFI_DROP,
5.5264,9,STA,WIFI_DROP,
5.5264,19,STA,WIFI_DROP,
5.5288,3,STA,WIFI_DROP,
5.5288,9,STA,WIFI_DROP,
5.5288,19,STA,WIFI_DROP,
5.5312,3,STA,WIFI_DROP,
5.5312,19,STA,WIFI_DROP,
5.5336,3,STA,WIFI_DROP,
5.5336,19,STA,WIFI_DROP,
5.536,3,STA,WIFI_DROP,
5.536,19,STA,WIFI_DROP,
5.5384,3,STA,WIFI_DROP,
5.5384,19,STA,WIFI_DROP,
5.5408,3,STA,WIFI_DROP,
5.5408,19,STA,WIFI_DROP,
5.5432,3,STA,WIFI_DROP,
5.5432,19,STA,WIFI_DROP,
5.5456,3,STA,WIFI_DROP,
5.5456,19,STA,WIFI_DROP,
5.548,3,STA,WIFI_DROP,
5.548,19,STA,WIFI_DROP,
5.5504,3,STA,WIFI_DROP,
5.5504,19,STA,WIFI_DROP,
5.5528,3,STA,WIFI_DROP,
5.5528,19,STA,WIFI_DROP,
5.5552,3,STA,WIFI_DROP,
5.5552,19,STA,WIFI_DROP,
5.5576,3,STA,WIFI_DROP,
5.5576,19,STA,WIFI_DROP,
5.56,3,STA,WIFI_DROP,
5.56,19,STA,WIFI_DROP,
5.5624,3,STA,WIFI_DROP,
5.5624,19,STA,WIFI_DROP,
5.5648,3,STA,WIFI_DROP,
5.5648,19,STA,WIFI_DROP,
5.5672,3,STA,WIFI_DROP,
5.5672,19,STA,WIFI_DROP,
5.5696,3,STA,WIFI_DROP,
5.5696,19,STA,WIFI_DROP,
5.572,3,STA,WIFI_DROP,
5.572,19,STA,WIFI_DROP,
5.5744,3,STA,WIFI_DROP,
5.5744,19,STA,WIFI_DROP,
5.5768,3,STA,WIFI_DROP,
5.5768,19,STA,WIFI_DROP,
5.5792,3,STA,WIFI_DROP,
5.5792,19,STA,WIFI_DROP,
5.5816,3,STA,WIFI_DROP,
5.5816,19,STA,WIFI_DROP,
5.584,3,STA,WIFI_DROP,
5.584,19,STA,WIFI_DROP,
5.5864,3,STA,WIFI_DROP,
5.5864,19,STA,WIFI_DROP,
5.5888,3,STA,WIFI_DROP,
5.5888,19,STA,WIFI_DROP,
5.5912,3,STA,WIFI_DROP,
5.5912,19,STA,WIFI_DROP,
5.5936,3,STA,WIFI_DROP,
5.5936,19,STA,WIFI_DROP,
5.596,3,STA,WIFI_DROP,
5.596,19,STA,WIFI_DROP,
5.5984,3,STA,WIFI_DROP,
5.5984,19,STA,WIFI_DROP,
5.6008,3,STA,WIFI_DROP,
5.6008,19,STA,WIFI_DROP,
5.6032,3,STA,WIFI_DROP,
5.6032,19,STA,WIFI_DROP,
5.6056,3,STA,WIFI_DROP,
5.6056,19,STA,WIFI_DROP,
5.608,3,STA,WIFI_DROP,
5.608,19,STA,WIFI_DROP,
5.6104,3,STA,WIFI_DROP,
5.6104,19,STA,WIFI_DROP,
5.6128,3,STA,WIFI_DROP,
5.6128,19,STA,WIFI_DROP,
5.6152,3,STA,WIFI_DROP,
5.6152,19,STA,WIFI_DROP,
5.6176,3,STA,WIFI_DROP,
5.6176,19,STA,WIFI_DROP,
5.62,3,STA,WIFI_DROP,
5.62,19,STA,WIFI_DROP,
5.6224,3,STA,WIFI_DROP,
5.6224,19,STA,WIFI_DROP,
5.6248,3,STA,WIFI_DROP,
5.6248,19,STA,WIFI_DROP,
5.6272,3,STA,WIFI_DROP,
5.6272,19,STA,WIFI_DROP,
5.6296,3,STA,WIFI_DROP,
5.6296,19,STA,WIFI_DROP,
5.632,3,STA,WIFI_DROP,
5.632,19,STA,WIFI_DROP,
5.6344,3,STA,WIFI_DROP,
5.6344,19,STA,WIFI_DROP,
5.6368,3,STA,WIFI_DROP,
5.6368,19,STA,WIFI_DROP,
5.6392,3,STA,WIFI_DROP,
5.6392,19,STA,WIFI_DROP,
5.6416,3,STA,WIFI_DROP,
5.6416,19,STA,WIFI_DROP,
5.644,3,STA,WIFI_DROP,
5.644,19,STA,WIFI_DROP,
5.6464,3,STA,WIFI_DROP,
5.6464,19,STA,WIFI_DROP,
5.6488,3,STA,WIFI_DROP,
5.6488,19,STA,WIFI_DROP,
5.6512,3,STA,WIFI_DROP,
5.6512,19,STA,WIFI_DROP,
5.6536,3,STA,WIFI_DROP,
5.6536,19,STA,WIFI_DROP,
5.656,3,STA,WIFI_DROP,
5.656,19,STA,WIFI_DROP,
5.6584,3,STA,WIFI_DROP,
5.6584,19,STA,WIFI_DROP,
5.6608,3,STA,WIFI_DROP,
5.6608,19,STA,WIFI_DROP,
5.6632,3,STA,WIFI_DROP,
5.6632,19,STA,WIFI_DROP,
5.6656,3,STA,WIFI_DROP,
5.6656,19,STA,WIFI_DROP,
5.668,3,STA,WIFI_DROP,
5.668,19,STA,WIFI_DROP,
5.6704,3,STA,WIFI_DROP,
5.6704,19,STA,WIFI_DROP,
5.6728,3,STA,WIFI_DROP,
5.6728,19,STA,WIFI_DROP,
5.6752,3,STA,WIFI_DROP,
5.6752,19,STA,WIFI_DROP,
5.6776,3,STA,WIFI_DROP,
5.6776,19,STA,WIFI_DROP,
5.68,3,STA,WIFI_DROP,
5.68,19,STA,WIFI_DROP,
5.6824,3,STA,WIFI_DROP,
5.6824,19,STA,WIFI_DROP,
5.6848,3,STA,WIFI_DROP,
5.6848,19,STA,WIFI_DROP,
5.6872,3,STA,WIFI_DROP,
5.6872,19,STA,WIFI_DROP,
5.6896,3,STA,WIFI_DROP,
5.6896,19,STA,WIFI_DROP,
5.692,3,STA,WIFI_DROP,
5.692,19,STA,WIFI_DROP,
5.6944,3,STA,WIFI_DROP,
5.6944,19,STA,WIFI_DROP,
5.6968,3,STA,WIFI_DROP,
5.6968,19,STA,WIFI_DROP,
5.6992,3,STA,WIFI_DROP,
5.6992,19,STA,WIFI_DROP,
5.7016,3,STA,WIFI_DROP,
5.7016,19,STA,WIFI_DROP,
5.704,3,STA,WIFI_DROP,
5.704,19,STA,WIFI_DROP,
5.7064,3,STA,WIFI_DROP,
5.7064,19,STA,WIFI_DROP,
5.7088,3,STA,WIFI_DROP,
5.7088,19,STA,WIFI_DROP,
5.7112,3,STA,WIFI_DROP,
5.7112,19,STA,WIFI_DROP,
5.7136,3,STA,WIFI_DROP,
5.7136,19,STA,WIFI_DROP,
5.716,3,STA,WIFI_DROP,
5.716,19,STA,WIFI_DROP,
5.7184,3,STA,WIFI_DROP,
5.7184,19,STA,WIFI_DROP,
5.7208,3,STA,WIFI_DROP,
5.7208,19,STA,WIFI_DROP,
5.7232,3,STA,WIFI_DROP,
5.7232,19,STA,WIFI_DROP,
5.7256,3,STA,WIFI_DROP,
5.7256,19,STA,WIFI_DROP,
5.728,3,STA,WIFI_DROP,
5.728,19,STA,WIFI_DROP,
5.7304,3,STA,WIFI_DROP,
5.7304,19,STA,WIFI_DROP,
5.7328,3,STA,WIFI_DROP,
5.7328,19,STA,WIFI_DROP,
5.7352,3,STA,WIFI_DROP,
5.7352,19,STA,WIFI_DROP,
5.7376,3,STA,WIFI_DROP,
5.7376,19,STA,WIFI_DROP,
5.74,3,STA,WIFI_DROP,
5.74,19,STA,WIFI_DROP,
5.7424,3,STA,WIFI_DROP,
5.7424,19,STA,WIFI_DROP,
5.7448,3,STA,WIFI_DROP,
5.7448,19,STA,WIFI_DROP,
5.7472,3,STA,WIFI_DROP,
5.7472,19,STA,WIFI_DROP,
5.7496,3,STA,WIFI_DROP,
5.7496,19,STA,WIFI_DROP,
5.752,3,STA,WIFI_DROP,
5.752,19,STA,WIFI_DROP,
5.7544,3,STA,WIFI_DROP,
5.7544,19,STA,WIFI_DROP,
5.7568,3,STA,WIFI_DROP,
5.7568,19,STA,WIFI_DROP,
5.7592,3,STA,WIFI_DROP,
5.7592,19,STA,WIFI_DROP,
5.7616,3,STA,WIFI_DROP,
5.7616,19,STA,WIFI_DROP,
5.764,3,STA,WIFI_DROP,
5.764,19,STA,WIFI_DROP,
5.7664,3,STA,WIFI_DROP,
5.7664,19,STA,WIFI_DROP,
5.7688,3,STA,WIFI_DROP,
5.7688,19,STA,WIFI_DROP,
5.7712,3,STA,WIFI_DROP,
5.7712,19,STA,WIFI_DROP,
5.7736,3,STA,WIFI_DROP,
5.7736,19,STA,WIFI_DROP,
5.776,3,STA,WIFI_DROP,
5.776,19,STA,WIFI_DROP,
5.7784,3,STA,WIFI_DROP,
5.7784,19,STA,WIFI_DROP,
5.7808,3,STA,WIFI_DROP,
5.7808,19,STA,WIFI_DROP,
5.7832,3,STA,WIFI_DROP,
5.7832,19,STA,WIFI_DROP,
5.7856,3,STA,WIFI_DROP,
5.7856,19,STA,WIFI_DROP,
5.788,3,STA,WIFI_DROP,
5.788,19,STA,WIFI_DROP,
5.7904,3,STA,WIFI_DROP,
5.7904,19,STA,WIFI_DROP,
5.7928,3,STA,WIFI_DROP,
5.7928,19,STA,WIFI_DROP,
5.7952,3,STA,WIFI_DROP,
5.7952,19,STA,WIFI_DROP,
5.7976,3,STA,WIFI_DROP,
5.7976,19,STA,WIFI_DROP,
5.8,3,STA,WIFI_DROP,
5.8,19,STA,WIFI_DROP,
5.8024,3,STA,WIFI_DROP,
5.8024,19,STA,WIFI_DROP,
5.8048,3,STA,WIFI_DROP,
5.8048,19,STA,WIFI_DROP,
5.8072,3,STA,WIFI_DROP,
5.8072,19,STA,WIFI_DROP,
5.8096,3,STA,WIFI_DROP,
5.8096,19,STA,WIFI_DROP,
5.812,3,STA,WIFI_DROP,
5.812,19,STA,WIFI_DROP,
5.8144,3,STA,WIFI_DROP,
5.8144,19,STA,WIFI_DROP,
5.8168,3,STA,WIFI_DROP,
5.8168,19,STA,WIFI_DROP,
5.8192,3,STA,WIFI_DROP,
5.8192,19,STA,WIFI_DROP,
5.8216,3,STA,WIFI_DROP,
5.8216,19,STA,WIFI_DROP,
5.824,3,STA,WIFI_DROP,
5.824,19,STA,WIFI_DROP,
5.8264,3,STA,WIFI_DROP,
5.8264,19,STA,WIFI_DROP,
5.8288,3,STA,WIFI_DROP,
5.8288,19,STA,WIFI_DROP,
5.8312,3,STA,WIFI_DROP,
5.8312,19,STA,WIFI_DROP,
5.8336,3,STA,WIFI_DROP,
5.836,3,STA,WIFI_DROP,
5.8384,3,STA,WIFI_DROP,
5.8408,3,STA,WIFI_DROP,
5.8432,3,STA,WIFI_DROP,
5.8456,3,STA,WIFI_DROP,
5.848,3,STA,WIFI_DROP,
5.8504,3,STA,WIFI_DROP,
5.8528,3,STA,WIFI_DROP,
5.8552,3,STA,WIFI_DROP,
5.8576,3,STA,WIFI_DROP,
5.86,3,STA,WIFI_DROP,
5.8624,3,STA,WIFI_DROP,
5.8648,3,STA,WIFI_DROP,
5.8672,3,STA,WIFI_DROP,
5.8696,3,STA,WIFI_DROP,
5.872,3,STA,WIFI_DROP,
5.8744,3,STA,WIFI_DROP,
5.8768,3,STA,WIFI_DROP,
5.8792,3,STA,WIFI_DROP,
5.8816,3,STA,WIFI_DROP,
5.884,3,STA,WIFI_DROP,
5.8864,3,STA,WIFI_DROP,
5.8888,3,STA,WIFI_DROP,
5.8912,3,STA,WIFI_DROP,
5.8936,3,STA,WIFI_DROP,
5.896,3,STA,WIFI_DROP,
5.8984,3,STA,WIFI_DROP,
5.9008,3,STA,WIFI_DROP,
5.9032,3,STA,WIFI_DROP,
5.9056,3,STA,WIFI_DROP,
5.908,3,STA,WIFI_DROP,
5.9104,3,STA,WIFI_DROP,
5.9128,3,STA,WIFI_DROP,
5.9152,3,STA,WIFI_DROP,
5.9176,3,STA,WIFI_DROP,
5.92,3,STA,WIFI_DROP,
5.9224,3,STA,WIFI_DROP,
5.9248,3,STA,WIFI_DROP,
5.9272,3,STA,WIFI_DROP,
5.9296,3,STA,WIFI_DROP,
5.932,3,STA,WIFI_DROP,
5.9344,3,STA,WIFI_DROP,
5.9368,3,STA,WIFI_DROP,
5.9392,3,STA,WIFI_DROP,
5.9416,3,STA,WIFI_DROP,
5.944,3,STA,WIFI_DROP,
5.9464,3,STA,WIFI_DROP,
5.9488,3,STA,WIFI_DROP,
5.9512,3,STA,WIFI_DROP,
5.9536,3,STA,WIFI_DROP,
5.956,3,STA,WIFI_DROP,
5.9584,3,STA,WIFI_DROP,
5.9608,3,STA,WIFI_DROP,
5.9632,3,STA,WIFI_DROP,
5.9656,3,STA,WIFI_DROP,
5.968,3,STA,WIFI_DROP,
5.9704,3,STA,WIFI_DROP,
5.9728,3,STA,WIFI_DROP,
5.9752,3,STA,WIFI_DROP,
5.9776,3,STA,WIFI_DROP,
5.98,3,STA,WIFI_DROP,
5.9824,3,STA,WIFI_DROP,
5.9848,3,STA,WIFI_DROP,
5.9872,3,STA,WIFI_DROP,
5.9896,3,STA,WIFI_DROP,
5.992,3,STA,WIFI_DROP,
5.9944,3,STA,WIFI_DROP,
5.9968,3,STA,WIFI_DROP,
5.9992,3,STA,WIFI_DROP,
6,3,STA,THROUGHPUT_MBPS,0.276000
6,5,STA,THROUGHPUT_MBPS,1.260000
6,6,STA,THROUGHPUT_MBPS,0.744000
6,9,STA,THROUGHPUT_MBPS,0.024000
6,10,STA,THROUGHPUT_MBPS,4.668000
6,11,STA,THROUGHPUT_MBPS,0.936000
6,12,STA,THROUGHPUT_MBPS,1.152000
6,14,STA,THROUGHPUT_MBPS,2.112000
6,15,STA,THROUGHPUT_MBPS,1.560000
6,16,STA,THROUGHPUT_MBPS,2.028000
6,17,STA,THROUGHPUT_MBPS,1.332000
6,21,STA,THROUGHPUT_MBPS,0.444000
6,1,AP,AGGREGATE_THROUGHPUT_MBPS,16.536000
6,1,AP,SENT_COUNT,8340.000000
6,1,AP,RECV_COUNT,1378.000000
6,1,AP,LATENCY_P95_MS,541.625289
6.0016,3,STA,WIFI_DROP,
6.0016,18,STA,WIFI_DROP,
6.004,3,STA,WIFI_DROP,
6.004,18,STA,WIFI_DROP,
6.0064,3,STA,WIFI_DROP,
6.0064,18,STA,WIFI_DROP,
6.0088,3,STA,WIFI_DROP,
6.0088,18,STA,WIFI_DROP,
6.0112,3,STA,WIFI_DROP,
6.0112,18,STA,WIFI_DROP,
6.0136,3,STA,WIFI_DROP,
6.0136,18,STA,WIFI_DROP,
6.016,3,STA,WIFI_DROP,
6.016,18,STA,WIFI_DROP,
6.0184,3,STA,WIFI_DROP,
6.0184,18,STA,WIFI_DROP,
6.0208,3,STA,WIFI_DROP,
6.0208,18,STA,WIFI_DROP,
6.0232,3,STA,WIFI_DROP,
6.0232,18,STA,WIFI_DROP,
6.0256,3,STA,WIFI_DROP,
6.0256,18,STA,WIFI_DROP,
6.028,3,STA,WIFI_DROP,
6.028,18,STA,WIFI_DROP,
6.0304,18,STA,WIFI_DROP,
6.0328,18,STA,WIFI_DROP,
6.0352,18,STA,WIFI_DROP,
6.0376,18,STA,WIFI_DROP,
6.04,18,STA,WIFI_DROP,
6.0424,18,STA,WIFI_DROP,
6.0448,18,STA,WIFI_DROP,
6.0472,18,STA,WIFI_DROP,
6.0496,9,STA,WIFI_DROP,
6.0496,18,STA,WIFI_DROP,
6.052,9,STA,WIFI_DROP,
6.052,18,STA,WIFI_DROP,
6.0544,9,STA,WIFI_DROP,
6.0544,18,STA,WIFI_DROP,
6.0568,9,STA,WIFI_DROP,
6.0568,18,STA,WIFI_DROP,
6.0592,9,STA,WIFI_DROP,
6.0592,18,STA,WIFI_DROP,
6.0616,9,STA,WIFI_DROP,
6.0616,18,STA,WIFI_DROP,
6.064,9,STA,WIFI_DROP,
6.064,18,STA,WIFI_DROP,
6.0664,9,STA,WIFI_DROP,
6.0664,18,STA,WIFI_DROP,
6.0688,9,STA,WIFI_DROP,
6.0688,18,STA,WIFI_DROP,
6.0712,9,STA,WIFI_DROP,
6.0712,18,STA,WIFI_DROP,
6.0736,9,STA,WIFI_DROP,
6.0736,18,STA,WIFI_DROP,
6.076,9,STA,WIFI_DROP,
6.076,18,STA,WIFI_DROP,
6.0784,9,STA,WIFI_DROP,
6.0784,18,STA,WIFI_DROP,
6.0808,9,STA,WIFI_DROP,
6.0808,18,STA,WIFI_DROP,
6.0832,9,STA,WIFI_DROP,
6.0832,18,STA,WIFI_DROP,
6.0856,9,STA,WIFI_DROP,
6.0856,18,STA,WIFI_DROP,
6.088,9,STA,WIFI_DROP,
6.088,18,STA,WIFI_DROP,
6.0904,9,STA,WIFI_DROP,
6.0904,18,STA,WIFI_DROP,
6.0928,9,STA,WIFI_DROP,
6.0928,18,STA,WIFI_DROP,
6.0952,9,STA,WIFI_DROP,
6.0952,18,STA,WIFI_DROP,
6.0976,9,STA,WIFI_DROP,
6.0976,18,STA,WIFI_DROP,
6.1,9,STA,WIFI_DROP,
6.1,18,STA,WIFI_DROP,
6.1024,9,STA,WIFI_DROP,
6.1024,13,STA,WIFI_DROP,
6.1024,18,STA,WIFI_DROP,
6.1048,9,STA,WIFI_DROP,
6.1048,13,STA,WIFI_DROP,
6.1048,18,STA,WIFI_DROP,
6.1072,9,STA,WIFI_DROP,
6.1072,13,STA,WIFI_DROP,
6.1072,18,STA,WIFI_DROP,
6.1096,9,STA,WIFI_DROP,
6.1096,13,STA,WIFI_DROP,
6.1096,18,STA,WIFI_DROP,
6.112,9,STA,WIFI_DROP,
6.112,13,STA,WIFI_DROP,
6.112,18,STA,WIFI_DROP,
6.1144,9,STA,WIFI_DROP,
6.1144,13,STA,WIFI_DROP,
6.1144,18,STA,WIFI_DROP,
6.1168,9,STA,WIFI_DROP,
6.1168,13,STA,WIFI_DROP,
6.1168,18,STA,WIFI_DROP,
6.1192,9,STA,WIFI_DROP,
6.1192,13,STA,WIFI_DROP,
6.1192,18,STA,WIFI_DROP,
6.1216,9,STA,WIFI_DROP,
6.1216,13,STA,WIFI_DROP,
6.1216,18,STA,WIFI_DROP,
6.124,9,STA,WIFI_DROP,
6.124,13,STA,WIFI_DROP,
6.124,18,STA,WIFI_DROP,
6.1264,9,STA,WIFI_DROP,
6.1264,13,STA,WIFI_DROP,
6.1264,18,STA,WIFI_DROP,
6.1288,9,STA,WIFI_DROP,
6.1288,13,STA,WIFI_DROP,
6.1288,18,STA,WIFI_DROP,
6.1312,9,STA,WIFI_DROP,
6.1312,13,STA,WIFI_DROP,
6.1312,18,STA,WIFI_DROP,
6.1336,9,STA,WIFI_DROP,
6.1336,13,STA,WIFI_DROP,
6.1336,18,STA,WIFI_DROP,
6.136,9,STA,WIFI_DROP,
6.136,13,STA,WIFI_DROP,
6.136,18,STA,WIFI_DROP,
6.1384,9,STA,WIFI_DROP,
6.1384,13,STA,WIFI_DROP,
6.1384,18,STA,WIFI_DROP,
6.1408,9,STA,WIFI_DROP,
6.1408,13,STA,WIFI_DROP,
6.1408,18,STA,WIFI_DROP,
6.1432,9,STA,WIFI_DROP,
6.1432,13,STA,WIFI_DROP,
6.1432,18,STA,WIFI_DROP,
6.1456,9,STA,WIFI_DROP,
6.1456,13,STA,WIFI_DROP,
6.1456,18,STA,WIFI_DROP,
6.148,9,STA,WIFI_DROP,
6.148,13,STA,WIFI_DROP,
6.148,18,STA,WIFI_DROP,
6.1504,9,STA,WIFI_DROP,
6.1504,13,STA,WIFI_DROP,
6.1504,18,STA,WIFI_DROP,
6.1528,9,STA,WIFI_DROP,
6.1528,13,STA,WIFI_DROP,
6.1528,18,STA,WIFI_DROP,
6.1552,9,STA,WIFI_DROP,
6.1552,13,STA,WIFI_DROP,
6.1552,18,STA,WIFI_DROP,
6.1576,9,STA,WIFI_DROP,
6.1576,13,STA,WIFI_DROP,
6.1576,18,STA,WIFI_DROP,
6.16,9,STA,WIFI_DROP,
6.16,13,STA,WIFI_DROP,
6.16,18,STA,WIFI_DROP,
6.1624,9,STA,WIFI_DROP,
6.1624,13,STA,WIFI_DROP,
6.1624,18,STA,WIFI_DROP,
6.1648,9,STA,WIFI_DROP,
6.1648,13,STA,WIFI_DROP,
6.1648,18,STA,WIFI_DROP,
6.1672,9,STA,WIFI_DROP,
6.1672,13,STA,WIFI_DROP,
6.1672,18,STA,WIFI_DROP,
6.1696,9,STA,WIFI_DROP,
6.1696,13,STA,WIFI_DROP,
6.1696,18,STA,WIFI_DROP,
6.172,9,STA,WIFI_DROP,
6.172,13,STA,WIFI_DROP,
6.172,18,STA,WIFI_DROP,
6.1744,9,STA,WIFI_DROP,
6.1744,13,STA,WIFI_DROP,
6.1744,18,STA,WIFI_DROP,
6.1768,9,STA,WIFI_DROP,
6.1768,13,STA,WIFI_DROP,
6.1768,18,STA,WIFI_DROP,
6.1792,9,STA,WIFI_DROP,
6.1792,13,STA,WIFI_DROP,
6.1792,18,STA,WIFI_DROP,
6.1816,9,STA,WIFI_DROP,
6.1816,13,STA,WIFI_DROP,
6.1816,18,STA,WIFI_DROP,
6.184,9,STA,WIFI_DROP,
6.184,13,STA,WIFI_DROP,
6.184,18,STA,WIFI_DROP,
6.1864,9,STA,WIFI_DROP,
6.1864,13,STA,WIFI_DROP,
6.1864,18,STA,WIFI_DROP,
6.1888,9,STA,WIFI_DROP,
6.1888,13,STA,WIFI_DROP,
6.1888,18,STA,WIFI_DROP,
6.1912,9,STA,WIFI_DROP,
6.1912,13,STA,WIFI_DROP,
6.1912,18,STA,WIFI_DROP,
6.1936,9,STA,WIFI_DROP,
6.1936,13,STA,WIFI_DROP,
6.1936,18,STA,WIFI_DROP,
6.196,9,STA,WIFI_DROP,
6.196,13,STA,WIFI_DROP,
6.196,18,STA,WIFI_DROP,
6.1984,9,STA,WIFI_DROP,
6.1984,13,STA,WIFI_DROP,
6.1984,18,STA,WIFI_DROP,
6.2008,9,STA,WIFI_DROP,
6.2008,13,STA,WIFI_DROP,
6.2008,18,STA,WIFI_DROP,
6.2032,5,STA,WIFI_DROP,
6.2032,9,STA,WIFI_DROP,
6.2032,13,STA,WIFI_DROP,
6.2032,18,STA,WIFI_DROP,
6.2056,5,STA,WIFI_DROP,
6.2056,9,STA,WIFI_DROP,
6.2056,13,STA,WIFI_DROP,
6.2056,18,STA,WIFI_DROP,
6.208,5,STA,WIFI_DROP,
6.208,9,STA,WIFI_DROP,
6.208,13,STA,WIFI_DROP,
6.208,18,STA,WIFI_DROP,
6.2104,5,STA,WIFI_DROP,
6.2104,9,STA,WIFI_DROP,
6.2104,13,STA,WIFI_DROP,
6.2104,18,STA,WIFI_DROP,
6.2128,5,STA,WIFI_DROP,
6.2128,9,STA,WIFI_DROP,
6.2128,13,STA,WIFI_DROP,
6.2128,18,STA,WIFI_DROP,
6.2152,5,STA,WIFI_DROP,
6.2152,9,STA,WIFI_DROP,
6.2152,13,STA,WIFI_DROP,
6.2152,18,STA,WIFI_DROP,
6.2176,5,STA,WIFI_DROP,
6.2176,9,STA,WIFI_DROP,
6.2176,13,STA,WIFI_DROP,
6.2176,18,STA,WIFI_DROP,
6.22,5,STA,WIFI_DROP,
6.22,9,STA,WIFI_DROP,
6.22,13,STA,WIFI_DROP,
6.22,18,STA,WIFI_DROP,
6.2224,5,STA,WIFI_DROP,
6.2224,9,STA,WIFI_DROP,
6.2224,13,STA,WIFI_DROP,
6.2224,18,STA,WIFI_DROP,
6.2248,5,STA,WIFI_DROP,
6.2248,9,STA,WIFI_DROP,
6.2248,13,STA,WIFI_DROP,
6.2248,18,STA,WIFI_DROP,
6.2272,5,STA,WIFI_DROP,
6.2272,9,STA,WIFI_DROP,
6.2272,13,STA,WIFI_DROP,
6.2272,18,STA,WIFI_DROP,
6.2296,5,STA,WIFI_DROP,
6.2296,9,STA,WIFI_DROP,
6.2296,13,STA,WIFI_DROP,
6.2296,18,STA,WIFI_DROP,
6.232,5,STA,WIFI_DROP,
6.232,9,STA,WIFI_DROP,
6.232,13,STA,WIFI_DROP,
6.232,18,STA,WIFI_DROP,
6.2344,5,STA,WIFI_DROP,
6.2344,9,STA,WIFI_DROP,
6.2344,13,STA,WIFI_DROP,
6.2344,18,STA,WIFI_DROP,
6.2368,5,STA,WIFI_DROP,
6.2368,9,STA,WIFI_DROP,
6.2368,13,STA,WIFI_DROP,
6.2368,18,STA,WIFI_DROP,
6.2392,5,STA,WIFI_DROP,
6.2392,9,STA,WIFI_DROP,
6.2392,13,STA,WIFI_DROP,
6.2392,18,STA,WIFI_DROP,
6.2416,5,STA,WIFI_DROP,
6.2416,9,STA,WIFI_DROP,
6.2416,13,STA,WIFI_DROP,
6.2416,18,STA,WIFI_DROP,
6.244,5,STA,WIFI_DROP,
6.244,9,STA,WIFI_DROP,
6.244,13,STA,WIFI_DROP,
6.244,18,STA,WIFI_DROP,
6.2464,5,STA,WIFI_DROP,
6.2464,9,STA,WIFI_DROP,
6.2464,13,STA,WIFI_DROP,
6.2464,18,STA,WIFI_DROP,
6.2488,5,STA,WIFI_DROP,
6.2488,9,STA,WIFI_DROP,
6.2488,13,STA,WIFI_DROP,
6.2488,18,STA,WIFI_DROP,
6.2512,5,STA,WIFI_DROP,
6.2512,9,STA,WIFI_DROP,
6.2512,13,STA,WIFI_DROP,
6.2512,18,STA,WIFI_DROP,
6.2536,5,STA,WIFI_DROP,
6.2536,9,STA,WIFI_DROP,
6.2536,13,STA,WIFI_DROP,
6.2536,18,STA,WIFI_DROP,
6.256,5,STA,WIFI_DROP,
6.256,9,STA,WIFI_DROP,
6.256,13,STA,WIFI_DROP,
6.256,18,STA,WIFI_DROP,
6.2584,5,STA,WIFI_DROP,
6.2584,9,STA,WIFI_DROP,
6.2584,13,STA,WIFI_DROP,
6.2584,18,STA,WIFI_DROP,
6.2608,5,STA,WIFI_DROP,
6.2608,9,STA,WIFI_DROP,
6.2608,13,STA,WIFI_DROP,
6.2608,18,STA,WIFI_DROP,
6.2632,5,STA,WIFI_DROP,
6.2632,9,STA,WIFI_DROP,
6.2632,13,STA,WIFI_DROP,
6.2632,18,STA,WIFI_DROP,
6.2656,5,STA,WIFI_DROP,
6.2656,9,STA,WIFI_DROP,
6.2656,13,STA,WIFI_DROP,
6.2656,18,STA,WIFI_DROP,
6.268,5,STA,WIFI_DROP,
6.268,9,STA,WIFI_DROP,
6.268,13,STA,WIFI_DROP,
6.268,18,STA,WIFI_DROP,
6.2704,5,STA,WIFI_DROP,
6.2704,9,STA,WIFI_DROP,
6.2704,13,STA,WIFI_DROP,
6.2704,18,STA,WIFI_DROP,
6.2728,5,STA,WIFI_DROP,
6.2728,9,STA,WIFI_DROP,
6.2728,13,STA,WIFI_DROP,
6.2728,18,STA,WIFI_DROP,
6.2752,5,STA,WIFI_DROP,
6.2752,9,STA,WIFI_DROP,
6.2752,13,STA,WIFI_DROP,
6.2752,18,STA,WIFI_DROP,
6.2776,5,STA,WIFI_DROP,
6.2776,9,STA,WIFI_DROP,
6.2776,13,STA,WIFI_DROP,
6.2776,18,STA,WIFI_DROP,
6.28,5,STA,WIFI_DROP,
6.28,9,STA,WIFI_DROP,
6.28,13,STA,WIFI_DROP,
6.28,18,STA,WIFI_DROP,
6.2824,5,STA,WIFI_DROP,
6.2824,9,STA,WIFI_DROP,
6.2824,13,STA,WIFI_DROP,
6.2824,18,STA,WIFI_DROP,
6.2848,5,STA,WIFI_DROP,
6.2848,9,STA,WIFI_DROP,
6.2848,13,STA,WIFI_DROP,
6.2848,18,STA,WIFI_DROP,
6.2872,5,STA,WIFI_DROP,
6.2872,9,STA,WIFI_DROP,
6.2872,13,STA,WIFI_DROP,
6.2872,18,STA,WIFI_DROP,
6.2896,5,STA,WIFI_DROP,
6.2896,9,STA,WIFI_DROP,
6.2896,13,STA,WIFI_DROP,
6.2896,18,STA,WIFI_DROP,
6.292,5,STA,WIFI_DROP,
6.292,9,STA,WIFI_DROP,
6.292,13,STA,WIFI_DROP,
6.292,18,STA,WIFI_DROP,
6.2944,5,STA,WIFI_DROP,
6.2944,9,STA,WIFI_DROP,
6.2944,13,STA,WIFI_DROP,
6.2944,18,STA,WIFI_DROP,
6.2968,5,STA,WIFI_DROP,
6.2968,9,STA,WIFI_DROP,
6.2968,13,STA,WIFI_DROP,
6.2968,18,STA,WIFI_DROP,
6.2992,5,STA,WIFI_DROP,
6.2992,9,STA,WIFI_DROP,
6.2992,13,STA,WIFI_DROP,
6.2992,18,STA,WIFI_DROP,
6.3016,5,STA,WIFI_DROP,
6.3016,9,STA,WIFI_DROP,
6.3016,13,STA,WIFI_DROP,
6.3016,18,STA,WIFI_DROP,
6.304,5,STA,WIFI_DROP,
6.304,9,STA,WIFI_DROP,
6.304,13,STA,WIFI_DROP,
6.304,18,STA,WIFI_DROP,
6.3064,5,STA,WIFI_DROP,
6.3064,9,STA,WIFI_DROP,
6.3064,11,STA,WIFI_DROP,
6.3064,13,STA,WIFI_DROP,
6.3064,18,STA,WIFI_DROP,
6.3088,5,STA,WIFI_DROP,
6.3088,9,STA,WIFI_DROP,
6.3088,11,STA,WIFI_DROP,
6.3088,13,STA,WIFI_DROP,
6.3088,18,STA,WIFI_DROP,
6.3112,5,STA,WIFI_DROP,
6.3112,9,STA,WIFI_DROP,
6.3112,11,STA,WIFI_DROP,
6.3112,13,STA,WIFI_DROP,
6.3112,18,STA,WIFI_DROP,
6.3136,9,STA,WIFI_DROP,
6.3136,11,STA,WIFI_DROP,
6.3136,13,STA,WIFI_DROP,
6.3136,18,STA,WIFI_DROP,
6.316,9,STA,WIFI_DROP,
6.316,11,STA,WIFI_DROP,
6.316,13,STA,WIFI_DROP,
6.316,18,STA,WIFI_DROP,
6.3184,9,STA,WIFI_DROP,
6.3184,11,STA,WIFI_DROP,
6.3184,13,STA,WIFI_DROP,
6.3184,18,STA,WIFI_DROP,
6.3208,9,STA,WIFI_DROP,
6.3208,11,STA,WIFI_DROP,
6.3208,13,STA,WIFI_DROP,
6.3208,18,STA,WIFI_DROP,
6.3232,9,STA,WIFI_DROP,
6.3232,11,STA,WIFI_DROP,
6.3232,13,STA,WIFI_DROP,
6.3232,18,STA,WIFI_DROP,
6.3256,9,STA,WIFI_DROP,
6.3256,11,STA,WIFI_DROP,
6.3256,13,STA,WIFI_DROP,
6.3256,18,STA,WIFI_DROP,
6.328,9,STA,WIFI_DROP,
6.328,11,STA,WIFI_DROP,
6.328,13,STA,WIFI_DROP,
6.328,18,STA,WIFI_DROP,
6.3304,9,STA,WIFI_DROP,
6.3304,11,STA,WIFI_DROP,
6.3304,13,STA,WIFI_DROP,
6.3304,18,STA,WIFI_DROP,
6.3328,9,STA,WIFI_DROP,
6.3328,11,STA,WIFI_DROP,
6.3328,13,STA,WIFI_DROP,
6.3328,18,STA,WIFI_DROP,
6.3352,9,STA,WIFI_DROP,
6.3352,11,STA,WIFI_DROP,
6.3352,13,STA,WIFI_DROP,
6.3352,18,STA,WIFI_DROP,
6.3376,9,STA,WIFI_DROP,
6.3376,11,STA,WIFI_DROP,
6.3376,13,STA,WIFI_DROP,
6.3376,18,STA,WIFI_DROP,
6.34,9,STA,WIFI_DROP,
6.34,11,STA,WIFI_DROP,
6.34,13,STA,WIFI_DROP,
6.34,18,STA,WIFI_DROP,
6.3424,9,STA,WIFI_DROP,
6.3424,11,STA,WIFI_DROP,
6.3424,13,STA,WIFI_DROP,
6.3424,18,STA,WIFI_DROP,
6.3448,9,STA,WIFI_DROP,
6.3448,11,STA,WIFI_DROP,
6.3448,13,STA,WIFI_DROP,
6.3448,18,STA,WIFI_DROP,
6.3472,9,STA,WIFI_DROP,
6.3472,11,STA,WIFI_DROP,
6.3472,13,STA,WIFI_DROP,
6.3472,18,STA,WIFI_DROP,
6.3496,9,STA,WIFI_DROP,
6.3496,11,STA,WIFI_DROP,
6.3496,13,STA,WIFI_DROP,
6.3496,18,STA,WIFI_DROP,
6.352,9,STA,WIFI_DROP,
6.352,11,STA,WIFI_DROP,
6.352,13,STA,WIFI_DROP,
6.352,18,STA,WIFI_DROP,
6.3544,9,STA,WIFI_DROP,
6.3544,11,STA,WIFI_DROP,
6.3544,13,STA,WIFI_DROP,
6.3544,18,STA,WIFI_DROP,
6.3544,19,STA,WIFI_DROP,
6.3568,9,STA,WIFI_DROP,
6.3568,11,STA,WIFI_DROP,
6.3568,13,STA,WIFI_DROP,
6.3568,18,STA,WIFI_DROP,
6.3568,19,STA,WIFI_DROP,
6.3592,9,STA,WIFI_DROP,
6.3592,11,STA,WIFI_DROP,
6.3592,13,STA,WIFI_DROP,
6.3592,18,STA,WIFI_DROP,
6.3592,19,STA,WIFI_DROP,
6.3616,9,STA,WIFI_DROP,
6.3616,11,STA,WIFI_DROP,
6.3616,13,STA,WIFI_DROP,
6.3616,18,STA,WIFI_DROP,
6.3616,19,STA,WIFI_DROP,
6.364,9,STA,WIFI_DROP,
6.364,11,STA,WIFI_DROP,
6.364,13,STA,WIFI_DROP,
6.364,18,STA,WIFI_DROP,
6.364,19,STA,WIFI_DROP,
6.3664,9,STA,WIFI_DROP,
6.3664,11,STA,WIFI_DROP,
6.3664,13,STA,WIFI_DROP,
6.3664,18,STA,WIFI_DROP,
6.3664,19,STA,WIFI_DROP,
6.3688,9,STA,WIFI_DROP,
6.3688,11,STA,WIFI_DROP,
6.3688,13,STA,WIFI_DROP,
6.3688,18,STA,WIFI_DROP,
6.3688,19,STA,WIFI_DROP,
6.3712,9,STA,WIFI_DROP,
6.3712,11,STA,WIFI_DROP,
6.3712,13,STA,WIFI_DROP,
6.3712,18,STA,WIFI_DROP,
6.3712,19,STA,WIFI_DROP,
6.3736,9,STA,WIFI_DROP,
6.3736,11,STA,WIFI_DROP,
6.3736,13,STA,WIFI_DROP,
6.3736,18,STA,WIFI_DROP,
6.3736,19,STA,WIFI_DROP,
6.376,9,STA,WIFI_DROP,
6.376,11,STA,WIFI_DROP,
6.376,13,STA,WIFI_DROP,
6.376,18,STA,WIFI_DROP,
6.376,19,STA,WIFI_DROP,
6.3784,9,STA,WIFI_DROP,
6.3784,11,STA,WIFI_DROP,
6.3784,13,STA,WIFI_DROP,
6.3784,18,STA,WIFI_DROP,
6.3784,19,STA,WIFI_DROP,
6.3808,9,STA,WIFI_DROP,
6.3808,11,STA,WIFI_DROP,
6.3808,13,STA,WIFI_DROP,
6.3808,18,STA,WIFI_DROP,
6.3808,19,STA,WIFI_DROP,
6.3832,9,STA,WIFI_DROP,
6.3832,11,STA,WIFI_DROP,
6.3832,13,STA,WIFI_DROP,
6.3832,18,STA,WIFI_DROP,
6.3832,19,STA,WIFI_DROP,
6.3856,9,STA,WIFI_DROP,
6.3856,11,STA,WIFI_DROP,
6.3856,13,STA,WIFI_DROP,
6.3856,18,STA,WIFI_DROP,
6.3856,19,STA,WIFI_DROP,
6.388,9,STA,WIFI_DROP,
6.388,11,STA,WIFI_DROP,
6.388,13,STA,WIFI_DROP,
6.388,18,STA,WIFI_DROP,
6.388,19,STA,WIFI_DROP,
6.3904,9,STA,WIFI_DROP,
6.3904,11,STA,WIFI_DROP,
6.3904,13,STA,WIFI_DROP,
6.3904,18,STA,WIFI_DROP,
6.3904,19,STA,WIFI_DROP,
6.3928,9,STA,WIFI_DROP,
6.3928,11,STA,WIFI_DROP,
6.3928,13,STA,WIFI_DROP,
6.3928,18,STA,WIFI_DROP,
6.3928,19,STA,WIFI_DROP,
6.3952,9,STA,WIFI_DROP,
6.3952,11,STA,WIFI_DROP,
6.3952,13,STA,WIFI_DROP,
6.3952,18,STA,WIFI_DROP,
6.3952,19,STA,WIFI_DROP,
6.3976,9,STA,WIFI_DROP,
6.3976,11,STA,WIFI_DROP,
6.3976,13,STA,WIFI_DROP,
6.3976,18,STA,WIFI_DROP,
6.3976,19,STA,WIFI_DROP,
6.4,9,STA,WIFI_DROP,
6.4,11,STA,WIFI_DROP,
6.4,13,STA,WIFI_DROP,
6.4,18,STA,WIFI_DROP,
6.4,19,STA,WIFI_DROP,
6.4024,9,STA,WIFI_DROP,
6.4024,11,STA,WIFI_DROP,
6.4024,13,STA,WIFI_DROP,
6.4024,18,STA,WIFI_DROP,
6.4024,19,STA,WIFI_DROP,
6.4048,9,STA,WIFI_DROP,
6.4048,11,STA,WIFI_DROP,
6.4048,13,STA,WIFI_DROP,
6.4048,18,STA,WIFI_DROP,
6.4048,19,STA,WIFI_DROP,
6.4072,8,STA,WIFI_DROP,
6.4072,9,STA,WIFI_DROP,
6.4072,10,STA,WIFI_DROP,
6.4072,11,STA,WIFI_DROP,
6.4072,13,STA,WIFI_DROP,
6.4072,18,STA,WIFI_DROP,
6.4072,19,STA,WIFI_DROP,
6.4096,8,STA,WIFI_DROP,
6.4096,9,STA,WIFI_DROP,
6.4096,10,STA,WIFI_DROP,
6.4096,11,STA,WIFI_DROP,
6.4096,13,STA,WIFI_DROP,
6.4096,18,STA,WIFI_DROP,
6.4096,19,STA,WIFI_DROP,
6.412,8,STA,WIFI_DROP,
6.412,9,STA,WIFI_DROP,
6.412,10,STA,WIFI_DROP,
6.412,11,STA,WIFI_DROP,
6.412,13,STA,WIFI_DROP,
6.412,18,STA,WIFI_DROP,
6.4144,8,STA,WIFI_DROP,
6.4144,9,STA,WIFI_DROP,
6.4144,10,STA,WIFI_DROP,
6.4144,11,STA,WIFI_DROP,
6.4144,13,STA,WIFI_DROP,
6.4144,18,STA,WIFI_DROP,
6.4168,8,STA,WIFI_DROP,
6.4168,9,STA,WIFI_DROP,
6.4168,10,STA,WIFI_DROP,
6.4168,11,STA,WIFI_DROP,
6.4168,13,STA,WIFI_DROP,
6.4168,18,STA,WIFI_DROP,
6.4192,8,STA,WIFI_DROP,
6.4192,9,STA,WIFI_DROP,
6.4192,10,STA,WIFI_DROP,
6.4192,11,STA,WIFI_DROP,
6.4192,13,STA,WIFI_DROP,
6.4192,18,STA,WIFI_DROP,
6.4216,8,STA,WIFI_DROP,
6.4216,9,STA,WIFI_DROP,
6.4216,10,STA,WIFI_DROP,
6.4216,11,STA,WIFI_DROP,
6.4216,13,STA,WIFI_DROP,
6.4216,18,STA,WIFI_DROP,
6.424,8,STA,WIFI_DROP,
6.424,9,STA,WIFI_DROP,
6.424,10,STA,WIFI_DROP,
6.424,11,STA,WIFI_DROP,
6.424,13,STA,WIFI_DROP,
6.424,18,STA,WIFI_DROP,
6.4264,8,STA,WIFI_DROP,
6.4264,9,STA,WIFI_DROP,
6.4264,10,STA,WIFI_DROP,
6.4264,11,STA,WIFI_DROP,
6.4264,13,STA,WIFI_DROP,
6.4264,18,STA,WIFI_DROP,
6.4288,8,STA,WIFI_DROP,
6.4288,9,STA,WIFI_DROP,
6.4288,10,STA,WIFI_DROP,
6.4288,11,STA,WIFI_DROP,
6.4288,13,STA,WIFI_DROP,
6.4288,18,STA,WIFI_DROP,
6.4312,8,STA,WIFI_DROP,
6.4312,9,STA,WIFI_DROP,
6.4312,10,STA,WIFI_DROP,
6.4312,11,STA,WIFI_DROP,
6.4312,13,STA,WIFI_DROP,
6.4312,18,STA,WIFI_DROP,
6.4336,8,STA,WIFI_DROP,
6.4336,9,STA,WIFI_DROP,
6.4336,10,STA,WIFI_DROP,
6.4336,11,STA,WIFI_DROP,
6.4336,13,STA,WIFI_DROP,
6.4336,18,STA,WIFI_DROP,
6.436,8,STA,WIFI_DROP,
6.436,9,STA,WIFI_DROP,
6.436,10,STA,WIFI_DROP,
6.436,11,STA,WIFI_DROP,
6.436,13,STA,WIFI_DROP,
6.436,18,STA,WIFI_DROP,
6.4384,8,STA,WIFI_DROP,
6.4384,9,STA,WIFI_DROP,
6.4384,10,STA,WIFI_DROP,
6.4384,11,STA,WIFI_DROP,
6.4384,13,STA,WIFI_DROP,
6.4384,18,STA,WIFI_DROP,
6.4408,8,STA,WIFI_DROP,
6.4408,9,STA,WIFI_DROP,
6.4408,10,STA,WIFI_DROP,
6.4408,11,STA,WIFI_DROP,
6.4408,13,STA,WIFI_DROP,
6.4408,18,STA,WIFI_DROP,
6.4432,8,STA,WIFI_DROP,
6.4432,9,STA,WIFI_DROP,
6.4432,10,STA,WIFI_DROP,
6.4432,11,STA,WIFI_DROP,
6.4432,13,STA,WIFI_DROP,
6.4432,18,STA,WIFI_DROP,
6.4456,8,STA,WIFI_DROP,
6.4456,9,STA,WIFI_DROP,
6.4456,10,STA,WIFI_DROP,
6.4456,11,STA,WIFI_DROP,
6.4456,13,STA,WIFI_DROP,
6.4456,18,STA,WIFI_DROP,
6.448,8,STA,WIFI_DROP,
6.448,9,STA,WIFI_DROP,
6.448,10,STA,WIFI_DROP,
6.448,11,STA,WIFI_DROP,
6.448,13,STA,WIFI_DROP,
6.448,18,STA,WIFI_DROP,
6.4504,8,STA,WIFI_DROP,
6.4504,9,STA,WIFI_DROP,
6.4504,10,STA,WIFI_DROP,
6.4504,11,STA,WIFI_DROP,
6.4504,13,STA,WIFI_DROP,
6.4504,18,STA,WIFI_DROP,
6.4528,8,STA,WIFI_DROP,
6.4528,9,STA,WIFI_DROP,
6.4528,10,STA,WIFI_DROP,
6.4528,11,STA,WIFI_DROP,
6.4528,13,STA,WIFI_DROP,
6.4528,18,STA,WIFI_DROP,
6.4552,8,STA,WIFI_DROP,
6.4552,9,STA,WIFI_DROP,
6.4552,10,STA,WIFI_DROP,
6.4552,11,STA,WIFI_DROP,
6.4552,13,STA,WIFI_DROP,
6.4552,18,STA,WIFI_DROP,
6.4576,8,STA,WIFI_DROP,
6.4576,9,STA,WIFI_DROP,
6.4576,10,STA,WIFI_DROP,
6.4576,11,STA,WIFI_DROP,
6.4576,13,STA,WIFI_DROP,
6.4576,18,STA,WIFI_DROP,
6.46,8,STA,WIFI_DROP,
6.46,9,STA,WIFI_DROP,
6.46,10,STA,WIFI_DROP,
6.46,11,STA,WIFI_DROP,
6.46,13,STA,WIFI_DROP,
6.46,18,STA,WIFI_DROP,
6.4624,8,STA,WIFI_DROP,
6.4624,9,STA,WIFI_DROP,
6.4624,10,STA,WIFI_DROP,
6.4624,11,STA,WIFI_DROP,
6.4624,13,STA,WIFI_DROP,
6.4624,18,STA,WIFI_DROP,
6.4648,9,STA,WIFI_DROP,
6.4648,10,STA,WIFI_DROP,
6.4648,11,STA,WIFI_DROP,
6.4648,13,STA,WIFI_DROP,
6.4648,18,STA,WIFI_DROP,
6.4672,9,STA,WIFI_DROP,
6.4672,10,STA,WIFI_DROP,
6.4672,11,STA,WIFI_DROP,
6.4672,13,STA,WIFI_DROP,
6.4672,18,STA,WIFI_DROP,
6.4696,9,STA,WIFI_DROP,
6.4696,10,STA,WIFI_DROP,
6.4696,11,STA,WIFI_DROP,
6.4696,13,STA,WIFI_DROP,
6.4696,18,STA,WIFI_DROP,
6.472,9,STA,WIFI_DROP,
6.472,10,STA,WIFI_DROP,
6.472,11,STA,WIFI_DROP,
6.472,13,STA,WIFI_DROP,
6.472,18,STA,WIFI_DROP,
6.4744,9,STA,WIFI_DROP,
6.4744,10,STA,WIFI_DROP,
6.4744,11,STA,WIFI_DROP,
6.4744,13,STA,WIFI_DROP,
6.4744,18,STA,WIFI_DROP,
6.4768,9,STA,WIFI_DROP,
6.4768,10,STA,WIFI_DROP,
6.4768,11,STA,WIFI_DROP,
6.4768,13,STA,WIFI_DROP,
6.4768,18,STA,WIFI_DROP,
6.4792,9,STA,WIFI_DROP,
6.4792,10,STA,WIFI_DROP,
6.4792,11,STA,WIFI_DROP,
6.4792,13,STA,WIFI_DROP,
6.4792,18,STA,WIFI_DROP,
6.4816,9,STA,WIFI_DROP,
6.4816,10,STA,WIFI_DROP,
6.4816,11,STA,WIFI_DROP,
6.4816,13,STA,WIFI_DROP,
6.4816,18,STA,WIFI_DROP,
6.484,9,STA,WIFI_DROP,
6.484,10,STA,WIFI_DROP,
6.484,11,STA,WIFI_DROP,
6.484,13,STA,WIFI_DROP,
6.484,18,STA,WIFI_DROP,
6.4864,9,STA,WIFI_DROP,
6.4864,10,STA,WIFI_DROP,
6.4864,11,STA,WIFI_DROP,
6.4864,13,STA,WIFI_DROP,
6.4864,18,STA,WIFI_DROP,
6.4888,9,STA,WIFI_DROP,
6.4888,10,STA,WIFI_DROP,
6.4888,11,STA,WIFI_DROP,
6.4888,13,STA,WIFI_DROP,
6.4888,18,STA,WIFI_DROP,
6.4912,9,STA,WIFI_DROP,
6.4912,10,STA,WIFI_DROP,
6.4912,11,STA,WIFI_DROP,
6.4912,13,STA,WIFI_DROP,
6.4912,18,STA,WIFI_DROP,
6.4936,9,STA,WIFI_DROP,
6.4936,10,STA,WIFI_DROP,
6.4936,11,STA,WIFI_DROP,
6.4936,13,STA,WIFI_DROP,
6.4936,18,STA,WIFI_DROP,
6.496,9,STA,WIFI_DROP,
6.496,10,STA,WIFI_DROP,
6.496,11,STA,WIFI_DROP,
6.496,13,STA,WIFI_DROP,
6.496,18,STA,WIFI_DROP,
6.4984,9,STA,WIFI_DROP,
6.4984,10,STA,WIFI_DROP,
6.4984,11,STA,WIFI_DROP,
6.4984,13,STA,WIFI_DROP,
6.4984,18,STA,WIFI_DROP,
6.5008,9,STA,WIFI_DROP,
6.5008,10,STA,WIFI_DROP,
6.5008,11,STA,WIFI_DROP,
6.5008,13,STA,WIFI_DROP,
6.5008,18,STA,WIFI_DROP,
6.5032,9,STA,WIFI_DROP,
6.5032,10,STA,WIFI_DROP,
6.5032,11,STA,WIFI_DROP,
6.5032,13,STA,WIFI_DROP,
6.5032,18,STA,WIFI_DROP,
6.5056,9,STA,WIFI_DROP,
6.5056,10,STA,WIFI_DROP,
6.5056,11,STA,WIFI_DROP,
6.5056,13,STA,WIFI_DROP,
6.508,9,STA,WIFI_DROP,
6.508,10,STA,WIFI_DROP,
6.508,11,STA,WIFI_DROP,
6.508,13,STA,WIFI_DROP,
6.5104,9,STA,WIFI_DROP,
6.5104,10,STA,WIFI_DROP,
6.5104,11,STA,WIFI_DROP,
6.5104,13,STA,WIFI_DROP,
6.5128,9,STA,WIFI_DROP,
6.5128,10,STA,WIFI_DROP,
6.5128,11,STA,WIFI_DROP,
6.5128,13,STA,WIFI_DROP,
6.5152,9,STA,WIFI_DROP,
6.5152,10,STA,WIFI_DROP,
6.5152,11,STA,WIFI_DROP,
6.5152,13,STA,WIFI_DROP,
6.5176,9,STA,WIFI_DROP,
6.5176,10,STA,WIFI_DROP,
6.5176,11,STA,WIFI_DROP,
6.5176,13,STA,WIFI_DROP,
6.52,9,STA,WIFI_DROP,
6.52,10,STA,WIFI_DROP,
6.52,11,STA,WIFI_DROP,
6.52,13,STA,WIFI_DROP,
6.5224,9,STA,WIFI_DROP,
6.5224,10,STA,WIFI_DROP,
6.5224,11,STA,WIFI_DROP,
6.5224,13,STA,WIFI_DROP,
6.5248,9,STA,WIFI_DROP,
6.5248,10,STA,WIFI_DROP,
6.5248,11,STA,WIFI_DROP,
6.5248,13,STA,WIFI_DROP,
6.5272,9,STA,WIFI_DROP,
6.5272,10,STA,WIFI_DROP,
6.5272,11,STA,WIFI_DROP,
6.5272,13,STA,WIFI_DROP,
6.5296,9,STA,WIFI_DROP,
6.5296,10,STA,WIFI_DROP,
6.5296,11,STA,WIFI_DROP,
6.5296,13,STA,WIFI_DROP,
6.532,9,STA,WIFI_DROP,
6.532,10,STA,WIFI_DROP,
6.532,11,STA,WIFI_DROP,
6.532,13,STA,WIFI_DROP,
6.5344,9,STA,WIFI_DROP,
6.5344,10,STA,WIFI_DROP,
6.5344,11,STA,WIFI_DROP,
6.5344,13,STA,WIFI_DROP,
6.5368,9,STA,WIFI_DROP,
6.5368,10,STA,WIFI_DROP,
6.5368,11,STA,WIFI_DROP,
6.5368,13,STA,WIFI_DROP,
6.5392,9,STA,WIFI_DROP,
6.5392,10,STA,WIFI_DROP,
6.5392,11,STA,WIFI_DROP,
6.5392,13,STA,WIFI_DROP,
6.5416,9,STA,WIFI_DROP,
6.5416,10,STA,WIFI_DROP,
6.5416,11,STA,WIFI_DROP,
6.5416,13,STA,WIFI_DROP,
6.544,9,STA,WIFI_DROP,
6.544,10,STA,WIFI_DROP,
6.544,11,STA,WIFI_DROP,
6.544,13,STA,WIFI_DROP,
6.5464,9,STA,WIFI_DROP,
6.5464,10,STA,WIFI_DROP,
6.5464,11,STA,WIFI_DROP,
6.5464,13,STA,WIFI_DROP,
6.5488,9,STA,WIFI_DROP,
6.5488,10,STA,WIFI_DROP,
6.5488,11,STA,WIFI_DROP,
6.5488,13,STA,WIFI_DROP,
6.5512,9,STA,WIFI_DROP,
6.5512,10,STA,WIFI_DROP,
6.5512,11,STA,WIFI_DROP,
6.5512,13,STA,WIFI_DROP,
6.5536,9,STA,WIFI_DROP,
6.5536,10,STA,WIFI_DROP,
6.5536,11,STA,WIFI_DROP,
6.5536,13,STA,WIFI_DROP,
6.556,9,STA,WIFI_DROP,
6.556,10,STA,WIFI_DROP,
6.556,11,STA,WIFI_DROP,
6.556,13,STA,WIFI_DROP,
6.5584,9,STA,WIFI_DROP,
6.5584,10,STA,WIFI_DROP,
6.5584,11,STA,WIFI_DROP,
6.5584,13,STA,WIFI_DROP,
6.5608,9,STA,WIFI_DROP,
6.5608,10,STA,WIFI_DROP,
6.5608,11,STA,WIFI_DROP,
6.5608,13,STA,WIFI_DROP,
6.5632,9,STA,WIFI_DROP,
6.5632,10,STA,WIFI_DROP,
6.5632,11,STA,WIFI_DROP,
6.5632,13,STA,WIFI_DROP,
6.5656,9,STA,WIFI_DROP,
6.5656,10,STA,WIFI_DROP,
6.5656,11,STA,WIFI_DROP,
6.5656,13,STA,WIFI_DROP,
6.568,9,STA,WIFI_DROP,
6.568,10,STA,WIFI_DROP,
6.568,11,STA,WIFI_DROP,
6.568,13,STA,WIFI_DROP,
6.5704,9,STA,WIFI_DROP,
6.5704,10,STA,WIFI_DROP,
6.5704,11,STA,WIFI_DROP,
6.5704,13,STA,WIFI_DROP,
6.5728,9,STA,WIFI_DROP,
6.5728,10,STA,WIFI_DROP,
6.5728,11,STA,WIFI_DROP,
6.5728,13,STA,WIFI_DROP,
6.5752,9,STA,WIFI_DROP,
6.5752,10,STA,WIFI_DROP,
6.5752,11,STA,WIFI_DROP,
6.5752,13,STA,WIFI_DROP,
6.5776,9,STA,WIFI_DROP,
6.5776,10,STA,WIFI_DROP,
6.5776,11,STA,WIFI_DROP,
6.5776,13,STA,WIFI_DROP,
6.58,9,STA,WIFI_DROP,
6.58,10,STA,WIFI_DROP,
6.58,11,STA,WIFI_DROP,
6.58,13,STA,WIFI_DROP,
6.5824,9,STA,WIFI_DROP,
6.5824,10,STA,WIFI_DROP,
6.5824,11,STA,WIFI_DROP,
6.5824,13,STA,WIFI_DROP,
6.5848,9,STA,WIFI_DROP,
6.5848,10,STA,WIFI_DROP,
6.5848,11,STA,WIFI_DROP,
6.5848,13,STA,WIFI_DROP,
6.5872,9,STA,WIFI_DROP,
6.5872,10,STA,WIFI_DROP,
6.5872,11,STA,WIFI_DROP,
6.5872,13,STA,WIFI_DROP,
6.5896,9,STA,WIFI_DROP,
6.5896,10,STA,WIFI_DROP,
6.5896,11,STA,WIFI_DROP,
6.5896,13,STA,WIFI_DROP,
6.592,9,STA,WIFI_DROP,
6.592,10,STA,WIFI_DROP,
6.592,11,STA,WIFI_DROP,
6.592,13,STA,WIFI_DROP,
6.5944,9,STA,WIFI_DROP,
6.5944,10,STA,WIFI_DROP,
6.5944,11,STA,WIFI_DROP,
6.5944,13,STA,WIFI_DROP,
6.5968,9,STA,WIFI_DROP,
6.5968,10,STA,WIFI_DROP,
6.5968,11,STA,WIFI_DROP,
6.5968,13,STA,WIFI_DROP,
6.5992,9,STA,WIFI_DROP,
6.5992,10,STA,WIFI_DROP,
6.5992,11,STA,WIFI_DROP,
6.5992,13,STA,WIFI_DROP,
6.6016,9,STA,WIFI_DROP,
6.6016,10,STA,WIFI_DROP,
6.6016,11,STA,WIFI_DROP,
6.6016,13,STA,WIFI_DROP,
6.604,9,STA,WIFI_DROP,
6.604,10,STA,WIFI_DROP,
6.604,11,STA,WIFI_DROP,
6.604,13,STA,WIFI_DROP,
6.6064,9,STA,WIFI_DROP,
6.6064,10,STA,WIFI_DROP,
6.6064,11,STA,WIFI_DROP,
6.6064,13,STA,WIFI_DROP,
6.6088,9,STA,WIFI_DROP,
6.6088,10,STA,WIFI_DROP,
6.6088,11,STA,WIFI_DROP,
6.6088,13,STA,WIFI_DROP,
6.6112,9,STA,WIFI_DROP,
6.6112,10,STA,WIFI_DROP,
6.6112,11,STA,WIFI_DROP,
6.6112,13,STA,WIFI_DROP,
6.6136,2,STA,WIFI_DROP,
6.6136,9,STA,WIFI_DROP,
6.6136,10,STA,WIFI_DROP,
6.6136,11,STA,WIFI_DROP,
6.6136,13,STA,WIFI_DROP,
6.616,2,STA,WIFI_DROP,
6.616,9,STA,WIFI_DROP,
6.616,10,STA,WIFI_DROP,
6.616,11,STA,WIFI_DROP,
6.616,13,STA,WIFI_DROP,
6.6184,2,STA,WIFI_DROP,
6.6184,9,STA,WIFI_DROP,
6.6184,10,STA,WIFI_DROP,
6.6184,11,STA,WIFI_DROP,
6.6184,13,STA,WIFI_DROP,
6.6208,2,STA,WIFI_DROP,
6.6208,9,STA,WIFI_DROP,
6.6208,10,STA,WIFI_DROP,
6.6208,11,STA,WIFI_DROP,
6.6208,13,STA,WIFI_DROP,
6.6232,2,STA,WIFI_DROP,
6.6232,9,STA,WIFI_DROP,
6.6232,10,STA,WIFI_DROP,
6.6232,11,STA,WIFI_DROP,
6.6232,13,STA,WIFI_DROP,
6.6256,2,STA,WIFI_DROP,
6.6256,9,STA,WIFI_DROP,
6.6256,10,STA,WIFI_DROP,
6.6256,11,STA,WIFI_DROP,
6.6256,13,STA,WIFI_DROP,
6.628,2,STA,WIFI_DROP,
6.628,9,STA,WIFI_DROP,
6.628,10,STA,WIFI_DROP,
6.628,11,STA,WIFI_DROP,
6.628,13,STA,WIFI_DROP,
6.6304,2,STA,WIFI_DROP,
6.6304,9,STA,WIFI_DROP,
6.6304,10,STA,WIFI_DROP,
6.6304,11,STA,WIFI_DROP,
6.6304,13,STA,WIFI_DROP,
6.6328,2,STA,WIFI_DROP,
6.6328,9,STA,WIFI_DROP,
6.6328,10,STA,WIFI_DROP,
6.6328,11,STA,WIFI_DROP,
6.6328,13,STA,WIFI_DROP,
6.6352,2,STA,WIFI_DROP,
6.6352,9,STA,WIFI_DROP,
6.6352,10,STA,WIFI_DROP,
6.6352,11,STA,WIFI_DROP,
6.6352,13,STA,WIFI_DROP,
6.6376,2,STA,WIFI_DROP,
6.6376,9,STA,WIFI_DROP,
6.6376,10,STA,WIFI_DROP,
6.6376,11,STA,WIFI_DROP,
6.6376,13,STA,WIFI_DROP,
6.64,2,STA,WIFI_DROP,
6.64,9,STA,WIFI_DROP,
6.64,10,STA,WIFI_DROP,
6.64,11,STA,WIFI_DROP,
6.64,13,STA,WIFI_DROP,
6.6424,2,STA,WIFI_DROP,
6.6424,9,STA,WIFI_DROP,
6.6424,10,STA,WIFI_DROP,
6.6424,11,STA,WIFI_DROP,
6.6424,13,STA,WIFI_DROP,
6.6448,2,STA,WIFI_DROP,
6.6448,9,STA,WIFI_DROP,
6.6448,10,STA,WIFI_DROP,
6.6448,11,STA,WIFI_DROP,
6.6448,13,STA,WIFI_DROP,
6.6472,2,STA,WIFI_DROP,
6.6472,9,STA,WIFI_DROP,
6.6472,10,STA,WIFI_DROP,
6.6472,11,STA,WIFI_DROP,
6.6472,13,STA,WIFI_DROP,
6.6496,2,STA,WIFI_DROP,
6.6496,9,STA,WIFI_DROP,
6.6496,10,STA,WIFI_DROP,
6.6496,11,STA,WIFI_DROP,
6.6496,13,STA,WIFI_DROP,
6.652,2,STA,WIFI_DROP,
6.652,9,STA,WIFI_DROP,
6.652,10,STA,WIFI_DROP,
6.652,11,STA,WIFI_DROP,
6.652,13,STA,WIFI_DROP,
6.6544,2,STA,WIFI_DROP,
6.6544,9,STA,WIFI_DROP,
6.6544,10,STA,WIFI_DROP,
6.6544,11,STA,WIFI_DROP,
6.6544,13,STA,WIFI_DROP,
6.6568,2,STA,WIFI_DROP,
6.6568,9,STA,WIFI_DROP,
6.6568,10,STA,WIFI_DROP,
6.6568,11,STA,WIFI_DROP,
6.6568,13,STA,WIFI_DROP,
6.6592,2,STA,WIFI_DROP,
6.6592,9,STA,WIFI_DROP,
6.6592,10,STA,WIFI_DROP,
6.6592,11,STA,WIFI_DROP,
6.6592,13,STA,WIFI_DROP,
6.6616,2,STA,WIFI_DROP,
6.6616,9,STA,WIFI_DROP,
6.6616,10,STA,WIFI_DROP,
6.6616,11,STA,WIFI_DROP,
6.6616,13,STA,WIFI_DROP,
6.664,9,STA,WIFI_DROP,
6.664,10,STA,WIFI_DROP,
6.664,11,STA,WIFI_DROP,
6.664,13,STA,WIFI_DROP,
6.6664,9,STA,WIFI_DROP,
6.6664,10,STA,WIFI_DROP,
6.6664,11,STA,WIFI_DROP,
6.6664,13,STA,WIFI_DROP,
6.6688,9,STA,WIFI_DROP,
6.6688,10,STA,WIFI_DROP,
6.6688,11,STA,WIFI_DROP,
6.6688,13,STA,WIFI_DROP,
6.6712,9,STA,WIFI_DROP,
6.6712,10,STA,WIFI_DROP,
6.6712,11,STA,WIFI_DROP,
6.6712,13,STA,WIFI_DROP,
6.6736,9,STA,WIFI_DROP,
6.6736,10,STA,WIFI_DROP,
6.6736,11,STA,WIFI_DROP,
6.6736,13,STA,WIFI_DROP,
6.676,9,STA,WIFI_DROP,
6.676,10,STA,WIFI_DROP,
6.676,11,STA,WIFI_DROP,
6.676,13,STA,WIFI_DROP,
6.6784,9,STA,WIFI_DROP,
6.6784,10,STA,WIFI_DROP,
6.6784,11,STA,WIFI_DROP,
6.6784,13,STA,WIFI_DROP,
6.6808,9,STA,WIFI_DROP,
6.6808,10,STA,WIFI_DROP,
6.6808,11,STA,WIFI_DROP,
6.6808,13,STA,WIFI_DROP,
6.6832,9,STA,WIFI_DROP,
6.6832,10,STA,WIFI_DROP,
6.6832,11,STA,WIFI_DROP,
6.6832,13,STA,WIFI_DROP,
6.6856,9,STA,WIFI_DROP,
6.6856,10,STA,WIFI_DROP,
6.6856,11,STA,WIFI_DROP,
6.6856,13,STA,WIFI_DROP,
6.688,9,STA,WIFI_DROP,
6.688,10,STA,WIFI_DROP,
6.688,11,STA,WIFI_DROP,
6.688,13,STA,WIFI_DROP,
6.6904,9,STA,WIFI_DROP,
6.6904,10,STA,WIFI_DROP,
6.6904,11,STA,WIFI_DROP,
6.6904,13,STA,WIFI_DROP,
6.6928,9,STA,WIFI_DROP,
6.6928,10,STA,WIFI_DROP,
6.6928,11,STA,WIFI_DROP,
6.6928,13,STA,WIFI_DROP,
6.6952,9,STA,WIFI_DROP,
6.6952,10,STA,WIFI_DROP,
6.6952,11,STA,WIFI_DROP,
6.6952,13,STA,WIFI_DROP,
6.6976,9,STA,WIFI_DROP,
6.6976,10,STA,WIFI_DROP,
6.6976,11,STA,WIFI_DROP,
6.6976,13,STA,WIFI_DROP,
6.7,9,STA,WIFI_DROP,
6.7,10,STA,WIFI_DROP,
6.7,11,STA,WIFI_DROP,
6.7,13,STA,WIFI_DROP,
6.7024,9,STA,WIFI_DROP,
6.7024,10,STA,WIFI_DROP,
6.7024,11,STA,WIFI_DROP,
6.7024,13,STA,WIFI_DROP,
6.7048,9,STA,WIFI_DROP,
6.7048,10,STA,WIFI_DROP,
6.7048,11,STA,WIFI_DROP,
6.7048,13,STA,WIFI_DROP,
6.7072,9,STA,WIFI_DROP,
6.7072,10,STA,WIFI_DROP,
6.7072,11,STA,WIFI_DROP,
6.7072,13,STA,WIFI_DROP,
6.7096,9,STA,WIFI_DROP,
6.7096,10,STA,WIFI_DROP,
6.7096,11,STA,WIFI_DROP,
6.7096,13,STA,WIFI_DROP,
6.712,9,STA,WIFI_DROP,
6.712,10,STA,WIFI_DROP,
6.712,11,STA,WIFI_DROP,
6.712,13,STA,WIFI_DROP,
6.7144,9,STA,WIFI_DROP,
6.7144,10,STA,WIFI_DROP,
6.7144,11,STA,WIFI_DROP,
6.7144,13,STA,WIFI_DROP,
6.7168,9,STA,WIFI_DROP,
6.7168,10,STA,WIFI_DROP,
6.7168,11,STA,WIFI_DROP,
6.7168,13,STA,WIFI_DROP,
6.7192,9,STA,WIFI_DROP,
6.7192,10,STA,WIFI_DROP,
6.7192,11,STA,WIFI_DROP,
6.7192,13,STA,WIFI_DROP,
6.7216,9,STA,WIFI_DROP,
6.7216,10,STA,WIFI_DROP,
6.7216,11,STA,WIFI_DROP,
6.7216,13,STA,WIFI_DROP,
6.724,9,STA,WIFI_DROP,
6.724,10,STA,WIFI_DROP,
6.724,11,STA,WIFI_DROP,
6.724,13,STA,WIFI_DROP,
6.7264,9,STA,WIFI_DROP,
6.7264,10,STA,WIFI_DROP,
6.7264,11,STA,WIFI_DROP,
6.7264,13,STA,WIFI_DROP,
6.7288,9,STA,WIFI_DROP,
6.7288,10,STA,WIFI_DROP,
6.7288,11,STA,WIFI_DROP,
6.7288,13,STA,WIFI_DROP,
6.7312,9,STA,WIFI_DROP,
6.7312,10,STA,WIFI_DROP,
6.7312,11,STA,WIFI_DROP,
6.7312,13,STA,WIFI_DROP,
6.7336,9,STA,WIFI_DROP,
6.7336,10,STA,WIFI_DROP,
6.7336,11,STA,WIFI_DROP,
6.7336,13,STA,WIFI_DROP,
6.736,9,STA,WIFI_DROP,
6.736,10,STA,WIFI_DROP,
6.736,11,STA,WIFI_DROP,
6.736,13,STA,WIFI_DROP,
6.7384,9,STA,WIFI_DROP,
6.7384,10,STA,WIFI_DROP,
6.7384,11,STA,WIFI_DROP,
6.7384,13,STA,WIFI_DROP,
6.7408,9,STA,WIFI_DROP,
6.7408,10,STA,WIFI_DROP,
6.7408,11,STA,WIFI_DROP,
6.7408,13,STA,WIFI_DROP,
6.7432,9,STA,WIFI_DROP,
6.7432,10,STA,WIFI_DROP,
6.7432,11,STA,WIFI_DROP,
6.7432,13,STA,WIFI_DROP,
6.7456,9,STA,WIFI_DROP,
6.7456,10,STA,WIFI_DROP,
6.7456,11,STA,WIFI_DROP,
6.7456,13,STA,WIFI_DROP,
6.748,9,STA,WIFI_DROP,
6.748,10,STA,WIFI_DROP,
6.748,11,STA,WIFI_DROP,
6.748,13,STA,WIFI_DROP,
6.7504,10,STA,WIFI_DROP,
6.7504,11,STA,WIFI_DROP,
6.7504,13,STA,WIFI_DROP,
6.7528,10,STA,WIFI_DROP,
6.7528,11,STA,WIFI_DROP,
6.7528,13,STA,WIFI_DROP,
6.7552,10,STA,WIFI_DROP,
6.7552,11,STA,WIFI_DROP,
6.7552,13,STA,WIFI_DROP,
6.7576,10,STA,WIFI_DROP,
6.7576,11,STA,WIFI_DROP,
6.7576,13,STA,WIFI_DROP,
6.76,10,STA,WIFI_DROP,
6.76,11,STA,WIFI_DROP,
6.76,13,STA,WIFI_DROP,
6.7624,10,STA,WIFI_DROP,
6.7624,11,STA,WIFI_DROP,
6.7624,13,STA,WIFI_DROP,
6.7648,10,STA,WIFI_DROP,
6.7648,11,STA,WIFI_DROP,
6.7648,13,STA,WIFI_DROP,
6.7672,10,STA,WIFI_DROP,
6.7672,11,STA,WIFI_DROP,
6.7672,13,STA,WIFI_DROP,
6.7696,10,STA,WIFI_DROP,
6.7696,11,STA,WIFI_DROP,
6.7696,13,STA,WIFI_DROP,
6.772,10,STA,WIFI_DROP,
6.772,11,STA,WIFI_DROP,
6.772,13,STA,WIFI_DROP,
6.7744,10,STA,WIFI_DROP,
6.7744,11,STA,WIFI_DROP,
6.7744,13,STA,WIFI_DROP,
6.7768,10,STA,WIFI_DROP,
6.7768,11,STA,WIFI_DROP,
6.7768,13,STA,WIFI_DROP,
6.7792,10,STA,WIFI_DROP,
6.7792,11,STA,WIFI_DROP,
6.7792,13,STA,WIFI_DROP,
6.7816,10,STA,WIFI_DROP,
6.7816,11,STA,WIFI_DROP,
6.7816,13,STA,WIFI_DROP,
6.784,10,STA,WIFI_DROP,
6.784,11,STA,WIFI_DROP,
6.784,13,STA,WIFI_DROP,
6.7864,10,STA,WIFI_DROP,
6.7864,11,STA,WIFI_DROP,
6.7864,13,STA,WIFI_DROP,
6.7888,10,STA,WIFI_DROP,
6.7888,11,STA,WIFI_DROP,
6.7888,13,STA,WIFI_DROP,
6.7912,10,STA,WIFI_DROP,
6.7912,11,STA,WIFI_DROP,
6.7912,13,STA,WIFI_DROP,
6.7936,10,STA,WIFI_DROP,
6.7936,11,STA,WIFI_DROP,
6.7936,13,STA,WIFI_DROP,
6.796,10,STA,WIFI_DROP,
6.796,11,STA,WIFI_DROP,
6.796,13,STA,WIFI_DROP,
6.7984,10,STA,WIFI_DROP,
6.7984,11,STA,WIFI_DROP,
6.7984,13,STA,WIFI_DROP,
6.8008,10,STA,WIFI_DROP,
6.8008,11,STA,WIFI_DROP,
6.8008,13,STA,WIFI_DROP,
6.8032,10,STA,WIFI_DROP,
6.8032,11,STA,WIFI_DROP,
6.8032,13,STA,WIFI_DROP,
6.8056,10,STA,WIFI_DROP,
6.8056,11,STA,WIFI_DROP,
6.8056,13,STA,WIFI_DROP,
6.808,10,STA,WIFI_DROP,
6.808,11,STA,WIFI_DROP,
6.808,13,STA,WIFI_DROP,
6.8104,10,STA,WIFI_DROP,
6.8104,11,STA,WIFI_DROP,
6.8104,13,STA,WIFI_DROP,
6.8128,10,STA,WIFI_DROP,
6.8128,11,STA,WIFI_DROP,
6.8128,13,STA,WIFI_DROP,
6.8152,10,STA,WIFI_DROP,
6.8152,11,STA,WIFI_DROP,
6.8152,13,STA,WIFI_DROP,
6.8176,10,STA,WIFI_DROP,
6.8176,11,STA,WIFI_DROP,
6.8176,13,STA,WIFI_DROP,
6.82,10,STA,WIFI_DROP,
6.82,11,STA,WIFI_DROP,
6.82,13,STA,WIFI_DROP,
6.8224,10,STA,WIFI_DROP,
6.8224,11,STA,WIFI_DROP,
6.8224,13,STA,WIFI_DROP,
6.8248,10,STA,WIFI_DROP,
6.8248,11,STA,WIFI_DROP,
6.8248,13,STA,WIFI_DROP,
6.8272,10,STA,WIFI_DROP,
6.8272,11,STA,WIFI_DROP,
6.8272,13,STA,WIFI_DROP,
6.8296,10,STA,WIFI_DROP,
6.8296,11,STA,WIFI_DROP,
6.8296,13,STA,WIFI_DROP,
6.832,10,STA,WIFI_DROP,
6.832,11,STA,WIFI_DROP,
6.832,13,STA,WIFI_DROP,
6.8344,10,STA,WIFI_DROP,
6.8344,11,STA,WIFI_DROP,
6.8344,13,STA,WIFI_DROP,
6.8368,10,STA,WIFI_DROP,
6.8368,11,STA,WIFI_DROP,
6.8368,13,STA,WIFI_DROP,
6.8392,10,STA,WIFI_DROP,
6.8392,11,STA,WIFI_DROP,
6.8392,13,STA,WIFI_DROP,
6.8416,10,STA,WIFI_DROP,
6.8416,11,STA,WIFI_DROP,
6.8416,13,STA,WIFI_DROP,
6.844,10,STA,WIFI_DROP,
6.844,11,STA,WIFI_DROP,
6.844,13,STA,WIFI_DROP,
6.8464,10,STA,WIFI_DROP,
6.8464,11,STA,WIFI_DROP,
6.8464,13,STA,WIFI_DROP,
6.8488,10,STA,WIFI_DROP,
6.8488,11,STA,WIFI_DROP,
6.8488,13,STA,WIFI_DROP,
6.8512,10,STA,WIFI_DROP,
6.8512,11,STA,WIFI_DROP,
6.8512,13,STA,WIFI_DROP,
6.8536,10,STA,WIFI_DROP,
6.8536,11,STA,WIFI_DROP,
6.8536,13,STA,WIFI_DROP,
6.856,10,STA,WIFI_DROP,
6.856,11,STA,WIFI_DROP,
6.8584,10,STA,WIFI_DROP,
6.8608,10,STA,WIFI_DROP,
6.8632,10,STA,WIFI_DROP,
6.8656,10,STA,WIFI_DROP,
6.868,10,STA,WIFI_DROP,
6.8704,10,STA,WIFI_DROP,
6.8728,10,STA,WIFI_DROP,
6.8752,10,STA,WIFI_DROP,
6.8776,10,STA,WIFI_DROP,
6.88,10,STA,WIFI_DROP,
6.8824,10,STA,WIFI_DROP,
6.8848,10,STA,WIFI_DROP,
6.8872,10,STA,WIFI_DROP,
6.8896,10,STA,WIFI_DROP,
6.892,10,STA,WIFI_DROP,
6.8944,10,STA,WIFI_DROP,
6.8968,10,STA,WIFI_DROP,
6.8992,10,STA,WIFI_DROP,
6.9016,10,STA,WIFI_DROP,
6.904,10,STA,WIFI_DROP,
6.9064,10,STA,WIFI_DROP,
6.9088,10,STA,WIFI_DROP,
6.9112,10,STA,WIFI_DROP,
6.9136,10,STA,WIFI_DROP,
6.916,10,STA,WIFI_DROP,
6.9184,10,STA,WIFI_DROP,
6.9208,10,STA,WIFI_DROP,
6.9232,10,STA,WIFI_DROP,
6.9256,10,STA,WIFI_DROP,
6.928,10,STA,WIFI_DROP,
6.9304,10,STA,WIFI_DROP,
6.9328,10,STA,WIFI_DROP,
6.9352,10,STA,WIFI_DROP,
6.9376,10,STA,WIFI_DROP,
6.94,10,STA,WIFI_DROP,
6.9424,10,STA,WIFI_DROP,
6.9448,10,STA,WIFI_DROP,
6.9472,10,STA,WIFI_DROP,
6.9496,10,STA,WIFI_DROP,
6.952,10,STA,WIFI_DROP,
6.9544,10,STA,WIFI_DROP,
6.9568,10,STA,WIFI_DROP,
6.9592,10,STA,WIFI_DROP,
7,5,STA,THROUGHPUT_MBPS,1.116000
7,9,STA,THROUGHPUT_MBPS,0.348000
7,10,STA,THROUGHPUT_MBPS,0.408000
7,11,STA,THROUGHPUT_MBPS,0.684000
7,12,STA,THROUGHPUT_MBPS,2.580000
7,14,STA,THROUGHPUT_MBPS,5.328000
7,15,STA,THROUGHPUT_MBPS,1.560000
7,16,STA,THROUGHPUT_MBPS,3.300000
7,17,STA,THROUGHPUT_MBPS,0.756000
7,19,STA,THROUGHPUT_MBPS,2.328000
7,1,AP,AGGREGATE_THROUGHPUT_MBPS,18.408000
7,1,AP,SENT_COUNT,8320.000000
7,1,AP,RECV_COUNT,1534.000000
7,1,AP,LATENCY_P95_MS,526.797980
7.8808,11,STA,WIFI_DROP,
7.8832,11,STA,WIFI_DROP,
7.8856,11,STA,WIFI_DROP,
7.888,11,STA,WIFI_DROP,
7.8904,11,STA,WIFI_DROP,
7.8928,11,STA,WIFI_DROP,
7.8952,11,STA,WIFI_DROP,
7.8976,11,STA,WIFI_DROP,
7.9,11,STA,WIFI_DROP,
7.9024,11,STA,WIFI_DROP,
7.9048,11,STA,WIFI_DROP,
7.9072,11,STA,WIFI_DROP,
7.9096,11,STA,WIFI_DROP,
7.912,11,STA,WIFI_DROP,
7.9144,11,STA,WIFI_DROP,
7.9168,11,STA,WIFI_DROP,
7.9192,11,STA,WIFI_DROP,
7.9216,11,STA,WIFI_DROP,
7.924,11,STA,WIFI_DROP,
7.9264,11,STA,WIFI_DROP,
7.9288,11,STA,WIFI_DROP,
7.9312,11,STA,WIFI_DROP,
7.9336,11,STA,WIFI_DROP,
7.936,11,STA,WIFI_DROP,
7.9384,11,STA,WIFI_DROP,
7.9408,11,STA,WIFI_DROP,
7.9432,11,STA,WIFI_DROP,
7.9456,11,STA,WIFI_DROP,
7.9456,13,STA,WIFI_DROP,
7.948,11,STA,WIFI_DROP,
7.948,13,STA,WIFI_DROP,
7.9504,11,STA,WIFI_DROP,
7.9504,13,STA,WIFI_DROP,
7.9528,11,STA,WIFI_DROP,
7.9528,13,STA,WIFI_DROP,
7.9552,11,STA,WIFI_DROP,
7.9552,13,STA,WIFI_DROP,
7.9576,11,STA,WIFI_DROP,
7.9576,13,STA,WIFI_DROP,
7.96,11,STA,WIFI_DROP,
7.96,13,STA,WIFI_DROP,
7.9624,11,STA,WIFI_DROP,
7.9624,13,STA,WIFI_DROP,
7.9648,11,STA,WIFI_DROP,
7.9648,13,STA,WIFI_DROP,
7.9672,11,STA,WIFI_DROP,
7.9672,13,STA,WIFI_DROP,
7.9696,11,STA,WIFI_DROP,
7.9696,13,STA,WIFI_DROP,
7.972,11,STA,WIFI_DROP,
7.972,13,STA,WIFI_DROP,
7.9744,11,STA,WIFI_DROP,
7.9744,13,STA,WIFI_DROP,
7.9768,11,STA,WIFI_DROP,
7.9768,13,STA,WIFI_DROP,
7.9792,11,STA,WIFI_DROP,
7.9792,13,STA,WIFI_DROP,
7.9816,11,STA,WIFI_DROP,
7.9816,13,STA,WIFI_DROP,
7.984,11,STA,WIFI_DROP,
7.984,13,STA,WIFI_DROP,
7.9864,11,STA,WIFI_DROP,
7.9864,13,STA,WIFI_DROP,
7.9888,11,STA,WIFI_DROP,
7.9888,13,STA,WIFI_DROP,
7.9912,11,STA,WIFI_DROP,
7.9912,13,STA,WIFI_DROP,
7.9936,11,STA,WIFI_DROP,
7.9936,13,STA,WIFI_DROP,
7.996,11,STA,WIFI_DROP,
7.996,13,STA,WIFI_DROP,
7.9984,11,STA,WIFI_DROP,
7.9984,13,STA,WIFI_DROP,
8,2,STA,THROUGHPUT_MBPS,1.044000
8,5,STA,THROUGHPUT_MBPS,2.076000
8,12,STA,THROUGHPUT_MBPS,1.248000
8,13,STA,THROUGHPUT_MBPS,0.696000
8,14,STA,THROUGHPUT_MBPS,3.156000
8,15,STA,THROUGHPUT_MBPS,2.148000
8,16,STA,THROUGHPUT_MBPS,0.516000
8,17,STA,THROUGHPUT_MBPS,4.320000
8,19,STA,THROUGHPUT_MBPS,4.020000
8,1,AP,AGGREGATE_THROUGHPUT_MBPS,19.224000
8,1,AP,SENT_COUNT,8340.000000
8,1,AP,RECV_COUNT,1602.000000
8,1,AP,LATENCY_P95_MS,536.390256
8.0008,11,STA,WIFI_DROP,
8.0008,13,STA,WIFI_DROP,
8.0032,11,STA,WIFI_DROP,
8.0032,13,STA,WIFI_DROP,
8.0056,11,STA,WIFI_DROP,
8.0056,13,STA,WIFI_DROP,
8.008,11,STA,WIFI_DROP,
8.008,13,STA,WIFI_DROP,
8.0104,11,STA,WIFI_DROP,
8.0104,13,STA,WIFI_DROP,
8.0128,11,STA,WIFI_DROP,
8.0128,13,STA,WIFI_DROP,
8.0152,11,STA,WIFI_DROP,
8.0152,13,STA,WIFI_DROP,
8.0176,11,STA,WIFI_DROP,
8.0176,13,STA,WIFI_DROP,
8.02,11,STA,WIFI_DROP,
8.02,13,STA,WIFI_DROP,
8.0224,11,STA,WIFI_DROP,
8.0224,13,STA,WIFI_DROP,
8.0248,11,STA,WIFI_DROP,
8.0248,13,STA,WIFI_DROP,
8.0272,11,STA,WIFI_DROP,
8.0272,13,STA,WIFI_DROP,
8.0296,11,STA,WIFI_DROP,
8.0296,13,STA,WIFI_DROP,
8.032,11,STA,WIFI_DROP,
8.032,13,STA,WIFI_DROP,
8.0344,11,STA,WIFI_DROP,
8.0344,13,STA,WIFI_DROP,
8.0368,11,STA,WIFI_DROP,
8.0368,13,STA,WIFI_DROP,
8.0392,11,STA,WIFI_DROP,
8.0392,13,STA,WIFI_DROP,
8.0416,11,STA,WIFI_DROP,
8.0416,13,STA,WIFI_DROP,
8.044,11,STA,WIFI_DROP,
8.044,13,STA,WIFI_DROP,
8.0464,11,STA,WIFI_DROP,
8.0464,13,STA,WIFI_DROP,
8.0488,11,STA,WIFI_DROP,
8.0488,13,STA,WIFI_DROP,
8.0512,8,STA,WIFI_DROP,
8.0512,11,STA,WIFI_DROP,
8.0512,13,STA,WIFI_DROP,
8.0536,8,STA,WIFI_DROP,
8.0536,11,STA,WIFI_DROP,
8.0536,13,STA,WIFI_DROP,
8.056,8,STA,WIFI_DROP,
8.056,11,STA,WIFI_DROP,
8.056,13,STA,WIFI_DROP,
8.0584,8,STA,WIFI_DROP,
8.0584,11,STA,WIFI_DROP,
8.0584,13,STA,WIFI_DROP,
8.0608,8,STA,WIFI_DROP,
8.0608,11,STA,WIFI_DROP,
8.0608,13,STA,WIFI_DROP,
8.0632,8,STA,WIFI_DROP,
8.0632,11,STA,WIFI_DROP,
8.0632,13,STA,WIFI_DROP,
8.0656,8,STA,WIFI_DROP,
8.0656,11,STA,WIFI_DROP,
8.0656,13,STA,WIFI_DROP,
8.068,8,STA,WIFI_DROP,
8.068,11,STA,WIFI_DROP,
8.068,13,STA,WIFI_DROP,
8.0704,8,STA,WIFI_DROP,
8.0704,11,STA,WIFI_DROP,
8.0704,13,STA,WIFI_DROP,
8.0728,8,STA,WIFI_DROP,
8.0728,11,STA,WIFI_DROP,
8.0728,13,STA,WIFI_DROP,
8.0752,8,STA,WIFI_DROP,
8.0752,11,STA,WIFI_DROP,
8.0752,13,STA,WIFI_DROP,
8.0776,8,STA,WIFI_DROP,
8.0776,11,STA,WIFI_DROP,
8.0776,13,STA,WIFI_DROP,
8.08,8,STA,WIFI_DROP,
8.08,11,STA,WIFI_DROP,
8.08,13,STA,WIFI_DROP,
8.0824,8,STA,WIFI_DROP,
8.0824,11,STA,WIFI_DROP,
8.0824,13,STA,WIFI_DROP,
8.0848,8,STA,WIFI_DROP,
8.0848,11,STA,WIFI_DROP,
8.0848,13,STA,WIFI_DROP,
8.0872,8,STA,WIFI_DROP,
8.0872,11,STA,WIFI_DROP,
8.0872,13,STA,WIFI_DROP,
8.0896,8,STA,WIFI_DROP,
8.0896,11,STA,WIFI_DROP,
8.0896,13,STA,WIFI_DROP,
8.092,8,STA,WIFI_DROP,
8.092,11,STA,WIFI_DROP,
8.092,13,STA,WIFI_DROP,
8.0944,8,STA,WIFI_DROP,
8.0944,11,STA,WIFI_DROP,
8.0944,13,STA,WIFI_DROP,
8.0968,8,STA,WIFI_DROP,
8.0968,11,STA,WIFI_DROP,
8.0968,13,STA,WIFI_DROP,
8.0992,8,STA,WIFI_DROP,
8.0992,11,STA,WIFI_DROP,
8.1016,8,STA,WIFI_DROP,
8.1016,11,STA,WIFI_DROP,
8.104,8,STA,WIFI_DROP,
8.104,11,STA,WIFI_DROP,
8.1064,8,STA,WIFI_DROP,
8.1064,11,STA,WIFI_DROP,
8.1088,8,STA,WIFI_DROP,
8.1088,11,STA,WIFI_DROP,
8.1112,8,STA,WIFI_DROP,
8.1112,11,STA,WIFI_DROP,
8.1136,8,STA,WIFI_DROP,
8.1136,11,STA,WIFI_DROP,
8.116,8,STA,WIFI_DROP,
8.116,11,STA,WIFI_DROP,
8.1184,8,STA,WIFI_DROP,
8.1184,11,STA,WIFI_DROP,
8.1208,8,STA,WIFI_DROP,
8.1208,11,STA,WIFI_DROP,
8.1232,8,STA,WIFI_DROP,
8.1232,11,STA,WIFI_DROP,
8.1256,8,STA,WIFI_DROP,
8.1256,11,STA,WIFI_DROP,
8.128,8,STA,WIFI_DROP,
8.128,11,STA,WIFI_DROP,
8.1304,8,STA,WIFI_DROP,
8.1304,11,STA,WIFI_DROP,
8.1328,8,STA,WIFI_DROP,
8.1328,11,STA,WIFI_DROP,
8.1352,8,STA,WIFI_DROP,
8.1352,11,STA,WIFI_DROP,
8.1376,8,STA,WIFI_DROP,
8.1376,11,STA,WIFI_DROP,
8.14,8,STA,WIFI_DROP,
8.14,11,STA,WIFI_DROP,
8.1424,8,STA,WIFI_DROP,
8.1424,11,STA,WIFI_DROP,
8.1448,8,STA,WIFI_DROP,
8.1448,11,STA,WIFI_DROP,
8.1472,8,STA,WIFI_DROP,
8.1472,11,STA,WIFI_DROP,
8.1496,8,STA,WIFI_DROP,
8.1496,9,STA,WIFI_DROP,
8.1496,11,STA,WIFI_DROP,
8.152,8,STA,WIFI_DROP,
8.152,9,STA,WIFI_DROP,
8.152,11,STA,WIFI_DROP,
8.1544,8,STA,WIFI_DROP,
8.1544,9,STA,WIFI_DROP,
8.1544,11,STA,WIFI_DROP,
8.1568,8,STA,WIFI_DROP,
8.1568,9,STA,WIFI_DROP,
8.1568,11,STA,WIFI_DROP,
8.1592,8,STA,WIFI_DROP,
8.1592,9,STA,WIFI_DROP,
8.1592,11,STA,WIFI_DROP,
8.1616,8,STA,WIFI_DROP,
8.1616,9,STA,WIFI_DROP,
8.1616,11,STA,WIFI_DROP,
8.164,8,STA,WIFI_DROP,
8.164,9,STA,WIFI_DROP,
8.164,11,STA,WIFI_DROP,
8.1664,8,STA,WIFI_DROP,
8.1664,9,STA,WIFI_DROP,
8.1664,11,STA,WIFI_DROP,
8.1688,8,STA,WIFI_DROP,
8.1688,9,STA,WIFI_DROP,
8.1688,11,STA,WIFI_DROP,
8.1712,8,STA,WIFI_DROP,
8.1712,9,STA,WIFI_DROP,
8.1712,11,STA,WIFI_DROP,
8.1736,8,STA,WIFI_DROP,
8.1736,9,STA,WIFI_DROP,
8.1736,11,STA,WIFI_DROP,
8.176,8,STA,WIFI_DROP,
8.176,9,STA,WIFI_DROP,
8.176,11,STA,WIFI_DROP,
8.1784,8,STA,WIFI_DROP,
8.1784,9,STA,WIFI_DROP,
8.1784,11,STA,WIFI_DROP,
8.1808,8,STA,WIFI_DROP,
8.1808,9,STA,WIFI_DROP,
8.1808,11,STA,WIFI_DROP,
8.1832,8,STA,WIFI_DROP,
8.1832,9,STA,WIFI_DROP,
8.1832,11,STA,WIFI_DROP,
8.1856,8,STA,WIFI_DROP,
8.1856,9,STA,WIFI_DROP,
8.1856,11,STA,WIFI_DROP,
8.188,8,STA,WIFI_DROP,
8.188,9,STA,WIFI_DROP,
8.188,11,STA,WIFI_DROP,
8.1904,8,STA,WIFI_DROP,
8.1904,9,STA,WIFI_DROP,
8.1904,11,STA,WIFI_DROP,
8.1928,8,STA,WIFI_DROP,
8.1928,9,STA,WIFI_DROP,
8.1928,11,STA,WIFI_DROP,
8.1952,8,STA,WIFI_DROP,
8.1952,9,STA,WIFI_DROP,
8.1952,11,STA,WIFI_DROP,
8.1976,8,STA,WIFI_DROP,
8.1976,9,STA,WIFI_DROP,
8.1976,11,STA,WIFI_DROP,
8.2,8,STA,WIFI_DROP,
8.2,9,STA,WIFI_DROP,
8.2,11,STA,WIFI_DROP,
8.2024,8,STA,WIFI_DROP,
8.2024,9,STA,WIFI_DROP,
8.2024,11,STA,WIFI_DROP,
8.2048,8,STA,WIFI_DROP,
8.2048,9,STA,WIFI_DROP,
8.2048,11,STA,WIFI_DROP,
8.2072,8,STA,WIFI_DROP,
8.2072,9,STA,WIFI_DROP,
8.2072,11,STA,WIFI_DROP,
8.2096,8,STA,WIFI_DROP,
8.2096,9,STA,WIFI_DROP,
8.2096,11,STA,WIFI_DROP,
8.212,8,STA,WIFI_DROP,
8.212,9,STA,WIFI_DROP,
8.212,11,STA,WIFI_DROP,
8.2144,8,STA,WIFI_DROP,
8.2144,9,STA,WIFI_DROP,
8.2144,11,STA,WIFI_DROP,
8.2168,8,STA,WIFI_DROP,
8.2168,9,STA,WIFI_DROP,
8.2168,11,STA,WIFI_DROP,
8.2192,8,STA,WIFI_DROP,
8.2192,9,STA,WIFI_DROP,
8.2192,11,STA,WIFI_DROP,
8.2216,8,STA,WIFI_DROP,
8.2216,9,STA,WIFI_DROP,
8.2216,11,STA,WIFI_DROP,
8.224,8,STA,WIFI_DROP,
8.224,9,STA,WIFI_DROP,
8.224,11,STA,WIFI_DROP,
8.2264,8,STA,WIFI_DROP,
8.2264,9,STA,WIFI_DROP,
8.2264,11,STA,WIFI_DROP,
8.2288,8,STA,WIFI_DROP,
8.2288,9,STA,WIFI_DROP,
8.2288,11,STA,WIFI_DROP,
8.2312,8,STA,WIFI_DROP,
8.2312,9,STA,WIFI_DROP,
8.2312,11,STA,WIFI_DROP,
8.2336,8,STA,WIFI_DROP,
8.2336,9,STA,WIFI_DROP,
8.2336,11,STA,WIFI_DROP,
8.236,8,STA,WIFI_DROP,
8.236,9,STA,WIFI_DROP,
8.236,11,STA,WIFI_DROP,
8.2384,8,STA,WIFI_DROP,
8.2384,9,STA,WIFI_DROP,
8.2384,11,STA,WIFI_DROP,
8.2408,8,STA,WIFI_DROP,
8.2408,9,STA,WIFI_DROP,
8.2408,11,STA,WIFI_DROP,
8.2432,8,STA,WIFI_DROP,
8.2432,9,STA,WIFI_DROP,
8.2432,11,STA,WIFI_DROP,
8.2456,8,STA,WIFI_DROP,
8.2456,9,STA,WIFI_DROP,
8.2456,11,STA,WIFI_DROP,
8.248,8,STA,WIFI_DROP,
8.248,9,STA,WIFI_DROP,
8.248,11,STA,WIFI_DROP,
8.2504,5,STA,WIFI_DROP,
8.2504,8,STA,WIFI_DROP,
8.2504,9,STA,WIFI_DROP,
8.2504,11,STA,WIFI_DROP,
8.2528,5,STA,WIFI_DROP,
8.2528,8,STA,WIFI_DROP,
8.2528,9,STA,WIFI_DROP,
8.2528,11,STA,WIFI_DROP,
8.2552,5,STA,WIFI_DROP,
8.2552,8,STA,WIFI_DROP,
8.2552,9,STA,WIFI_DROP,
8.2552,11,STA,WIFI_DROP,
8.2576,5,STA,WIFI_DROP,
8.2576,8,STA,WIFI_DROP,
8.2576,9,STA,WIFI_DROP,
8.2576,11,STA,WIFI_DROP,
8.26,5,STA,WIFI_DROP,
8.26,8,STA,WIFI_DROP,
8.26,9,STA,WIFI_DROP,
8.26,11,STA,WIFI_DROP,
8.2624,5,STA,WIFI_DROP,
8.2624,8,STA,WIFI_DROP,
8.2624,9,STA,WIFI_DROP,
8.2624,11,STA,WIFI_DROP,
8.2648,5,STA,WIFI_DROP,
8.2648,8,STA,WIFI_DROP,
8.2648,9,STA,WIFI_DROP,
8.2648,11,STA,WIFI_DROP,
8.2672,5,STA,WIFI_DROP,
8.2672,8,STA,WIFI_DROP,
8.2672,9,STA,WIFI_DROP,
8.2672,11,STA,WIFI_DROP,
8.2696,5,STA,WIFI_DROP,
8.2696,8,STA,WIFI_DROP,
8.2696,9,STA,WIFI_DROP,
8.2696,11,STA,WIFI_DROP,
8.272,5,STA,WIFI_DROP,
8.272,8,STA,WIFI_DROP,
8.272,9,STA,WIFI_DROP,
8.272,11,STA,WIFI_DROP,
8.2744,5,STA,WIFI_DROP,
8.2744,8,STA,WIFI_DROP,
8.2744,9,STA,WIFI_DROP,
8.2744,11,STA,WIFI_DROP,
8.2768,5,STA,WIFI_DROP,
8.2768,8,STA,WIFI_DROP,
8.2768,9,STA,WIFI_DROP,
8.2768,11,STA,WIFI_DROP,
8.2792,5,STA,WIFI_DROP,
8.2792,8,STA,WIFI_DROP,
8.2792,9,STA,WIFI_DROP,
8.2792,11,STA,WIFI_DROP,
8.2816,5,STA,WIFI_DROP,
8.2816,8,STA,WIFI_DROP,
8.2816,9,STA,WIFI_DROP,
8.2816,11,STA,WIFI_DROP,
8.284,5,STA,WIFI_DROP,
8.284,8,STA,WIFI_DROP,
8.284,9,STA,WIFI_DROP,
8.284,11,STA,WIFI_DROP,
8.2864,5,STA,WIFI_DROP,
8.2864,8,STA,WIFI_DROP,
8.2864,9,STA,WIFI_DROP,
8.2864,11,STA,WIFI_DROP,
8.2888,5,STA,WIFI_DROP,
8.2888,8,STA,WIFI_DROP,
8.2888,9,STA,WIFI_DROP,
8.2888,11,STA,WIFI_DROP,
8.2912,5,STA,WIFI_DROP,
8.2912,8,STA,WIFI_DROP,
8.2912,9,STA,WIFI_DROP,
8.2912,11,STA,WIFI_DROP,
8.2936,5,STA,WIFI_DROP,
8.2936,8,STA,WIFI_DROP,
8.2936,9,STA,WIFI_DROP,
8.2936,11,STA,WIFI_DROP,
8.296,5,STA,WIFI_DROP,
8.296,8,STA,WIFI_DROP,
8.296,9,STA,WIFI_DROP,
8.296,11,STA,WIFI_DROP,
8.2984,5,STA,WIFI_DROP,
8.2984,8,STA,WIFI_DROP,
8.2984,9,STA,WIFI_DROP,
8.2984,11,STA,WIFI_DROP,
8.3008,5,STA,WIFI_DROP,
8.3008,8,STA,WIFI_DROP,
8.3008,9,STA,WIFI_DROP,
8.3008,11,STA,WIFI_DROP,
8.3032,5,STA,WIFI_DROP,
8.3032,8,STA,WIFI_DROP,
8.3032,9,STA,WIFI_DROP,
8.3032,11,STA,WIFI_DROP,
8.3056,5,STA,WIFI_DROP,
8.3056,8,STA,WIFI_DROP,
8.3056,9,STA,WIFI_DROP,
8.3056,11,STA,WIFI_DROP,
8.308,5,STA,WIFI_DROP,
8.308,8,STA,WIFI_DROP,
8.308,9,STA,WIFI_DROP,
8.308,11,STA,WIFI_DROP,
8.3104,5,STA,WIFI_DROP,
8.3104,8,STA,WIFI_DROP,
8.3104,9,STA,WIFI_DROP,
8.3104,11,STA,WIFI_DROP,
8.3128,5,STA,WIFI_DROP,
8.3128,8,STA,WIFI_DROP,
8.3128,9,STA,WIFI_DROP,
8.3128,11,STA,WIFI_DROP,
8.3152,5,STA,WIFI_DROP,
8.3152,8,STA,WIFI_DROP,
8.3152,9,STA,WIFI_DROP,
8.3152,11,STA,WIFI_DROP,
8.3176,5,STA,WIFI_DROP,
8.3176,8,STA,WIFI_DROP,
8.3176,9,STA,WIFI_DROP,
8.3176,11,STA,WIFI_DROP,
8.32,5,STA,WIFI_DROP,
8.32,8,STA,WIFI_DROP,
8.32,9,STA,WIFI_DROP,
8.32,11,STA,WIFI_DROP,
8.3224,5,STA,WIFI_DROP,
8.3224,8,STA,WIFI_DROP,
8.3224,9,STA,WIFI_DROP,
8.3224,11,STA,WIFI_DROP,
8.3248,5,STA,WIFI_DROP,
8.3248,8,STA,WIFI_DROP,
8.3248,9,STA,WIFI_DROP,
8.3248,11,STA,WIFI_DROP,
8.3272,5,STA,WIFI_DROP,
8.3272,8,STA,WIFI_DROP,
8.3272,9,STA,WIFI_DROP,
8.3272,11,STA,WIFI_DROP,
8.3296,5,STA,WIFI_DROP,
8.3296,8,STA,WIFI_DROP,
8.3296,9,STA,WIFI_DROP,
8.3296,11,STA,WIFI_DROP,
8.332,5,STA,WIFI_DROP,
8.332,8,STA,WIFI_DROP,
8.332,9,STA,WIFI_DROP,
8.332,11,STA,WIFI_DROP,
8.3344,5,STA,WIFI_DROP,
8.3344,8,STA,WIFI_DROP,
8.3344,9,STA,WIFI_DROP,
8.3344,11,STA,WIFI_DROP,
8.3368,5,STA,WIFI_DROP,
8.3368,8,STA,WIFI_DROP,
8.3368,9,STA,WIFI_DROP,
8.3368,11,STA,WIFI_DROP,
8.3392,5,STA,WIFI_DROP,
8.3392,8,STA,WIFI_DROP,
8.3392,9,STA,WIFI_DROP,
8.3392,11,STA,WIFI_DROP,
8.3416,5,STA,WIFI_DROP,
8.3416,8,STA,WIFI_DROP,
8.3416,9,STA,WIFI_DROP,
8.3416,11,STA,WIFI_DROP,
8.344,5,STA,WIFI_DROP,
8.344,8,STA,WIFI_DROP,
8.344,9,STA,WIFI_DROP,
8.344,11,STA,WIFI_DROP,
8.3464,5,STA,WIFI_DROP,
8.3464,8,STA,WIFI_DROP,
8.3464,9,STA,WIFI_DROP,
8.3464,11,STA,WIFI_DROP,
8.3488,5,STA,WIFI_DROP,
8.3488,8,STA,WIFI_DROP,
8.3488,9,STA,WIFI_DROP,
8.3488,11,STA,WIFI_DROP,
8.3512,5,STA,WIFI_DROP,
8.3512,8,STA,WIFI_DROP,
8.3512,9,STA,WIFI_DROP,
8.3512,11,STA,WIFI_DROP,
8.3536,5,STA,WIFI_DROP,
8.3536,8,STA,WIFI_DROP,
8.3536,9,STA,WIFI_DROP,
8.3536,11,STA,WIFI_DROP,
8.356,5,STA,WIFI_DROP,
8.356,8,STA,WIFI_DROP,
8.356,9,STA,WIFI_DROP,
8.356,11,STA,WIFI_DROP,
8.3584,5,STA,WIFI_DROP,
8.3584,8,STA,WIFI_DROP,
8.3584,9,STA,WIFI_DROP,
8.3584,11,STA,WIFI_DROP,
8.3608,5,STA,WIFI_DROP,
8.3608,8,STA,WIFI_DROP,
8.3608,9,STA,WIFI_DROP,
8.3608,11,STA,WIFI_DROP,
8.3632,5,STA,WIFI_DROP,
8.3632,8,STA,WIFI_DROP,
8.3632,9,STA,WIFI_DROP,
8.3632,11,STA,WIFI_DROP,
8.3656,5,STA,WIFI_DROP,
8.3656,8,STA,WIFI_DROP,
8.3656,9,STA,WIFI_DROP,
8.3656,11,STA,WIFI_DROP,
8.368,5,STA,WIFI_DROP,
8.368,8,STA,WIFI_DROP,
8.368,9,STA,WIFI_DROP,
8.368,11,STA,WIFI_DROP,
8.3704,5,STA,WIFI_DROP,
8.3704,8,STA,WIFI_DROP,
8.3704,9,STA,WIFI_DROP,
8.3704,11,STA,WIFI_DROP,
8.3728,5,STA,WIFI_DROP,
8.3728,8,STA,WIFI_DROP,
8.3728,9,STA,WIFI_DROP,
8.3728,11,STA,WIFI_DROP,
8.3752,5,STA,WIFI_DROP,
8.3752,8,STA,WIFI_DROP,
8.3752,9,STA,WIFI_DROP,
8.3752,11,STA,WIFI_DROP,
8.3776,5,STA,WIFI_DROP,
8.3776,8,STA,WIFI_DROP,
8.3776,9,STA,WIFI_DROP,
8.3776,11,STA,WIFI_DROP,
8.38,5,STA,WIFI_DROP,
8.38,8,STA,WIFI_DROP,
8.38,9,STA,WIFI_DROP,
8.38,11,STA,WIFI_DROP,
8.3824,5,STA,WIFI_DROP,
8.3824,8,STA,WIFI_DROP,
8.3824,9,STA,WIFI_DROP,
8.3824,11,STA,WIFI_DROP,
8.3848,5,STA,WIFI_DROP,
8.3848,8,STA,WIFI_DROP,
8.3848,9,STA,WIFI_DROP,
8.3848,11,STA,WIFI_DROP,
8.3872,5,STA,WIFI_DROP,
8.3872,8,STA,WIFI_DROP,
8.3872,9,STA,WIFI_DROP,
8.3872,11,STA,WIFI_DROP,
8.3896,5,STA,WIFI_DROP,
8.3896,8,STA,WIFI_DROP,
8.3896,9,STA,WIFI_DROP,
8.3896,11,STA,WIFI_DROP,
8.392,5,STA,WIFI_DROP,
8.392,8,STA,WIFI_DROP,
8.392,9,STA,WIFI_DROP,
8.392,11,STA,WIFI_DROP,
8.3944,5,STA,WIFI_DROP,
8.3944,8,STA,WIFI_DROP,
8.3944,9,STA,WIFI_DROP,
8.3944,11,STA,WIFI_DROP,
8.3968,5,STA,WIFI_DROP,
8.3968,8,STA,WIFI_DROP,
8.3968,9,STA,WIFI_DROP,
8.3968,11,STA,WIFI_DROP,
8.3992,5,STA,WIFI_DROP,
8.3992,8,STA,WIFI_DROP,
8.3992,9,STA,WIFI_DROP,
8.3992,11,STA,WIFI_DROP,
8.4016,5,STA,WIFI_DROP,
8.4016,8,STA,WIFI_DROP,
8.4016,9,STA,WIFI_DROP,
8.4016,11,STA,WIFI_DROP,
8.404,5,STA,WIFI_DROP,
8.404,8,STA,WIFI_DROP,
8.404,9,STA,WIFI_DROP,
8.404,11,STA,WIFI_DROP,
8.4064,5,STA,WIFI_DROP,
8.4064,9,STA,WIFI_DROP,
8.4064,11,STA,WIFI_DROP,
8.4088,5,STA,WIFI_DROP,
8.4088,9,STA,WIFI_DROP,
8.4088,11,STA,WIFI_DROP,
8.4112,5,STA,WIFI_DROP,
8.4112,9,STA,WIFI_DROP,
8.4112,11,STA,WIFI_DROP,
8.4136,5,STA,WIFI_DROP,
8.4136,9,STA,WIFI_DROP,
8.4136,11,STA,WIFI_DROP,
8.416,5,STA,WIFI_DROP,
8.416,9,STA,WIFI_DROP,
8.416,11,STA,WIFI_DROP,
8.4184,5,STA,WIFI_DROP,
8.4184,9,STA,WIFI_DROP,
8.4184,11,STA,WIFI_DROP,
8.4208,5,STA,WIFI_DROP,
8.4208,9,STA,WIFI_DROP,
8.4208,11,STA,WIFI_DROP,
8.4232,5,STA,WIFI_DROP,
8.4232,9,STA,WIFI_DROP,
8.4232,11,STA,WIFI_DROP,
8.4256,5,STA,WIFI_DROP,
8.4256,9,STA,WIFI_DROP,
8.4256,11,STA,WIFI_DROP,
8.428,5,STA,WIFI_DROP,
8.428,9,STA,WIFI_DROP,
8.428,11,STA,WIFI_DROP,
8.4304,5,STA,WIFI_DROP,
8.4304,9,STA,WIFI_DROP,
8.4304,11,STA,WIFI_DROP,
8.4328,5,STA,WIFI_DROP,
8.4328,9,STA,WIFI_DROP,
8.4328,11,STA,WIFI_DROP,
8.4352,5,STA,WIFI_DROP,
8.4352,9,STA,WIFI_DROP,
8.4352,11,STA,WIFI_DROP,
8.4376,5,STA,WIFI_DROP,
8.4376,9,STA,WIFI_DROP,
8.4376,11,STA,WIFI_DROP,
8.44,5,STA,WIFI_DROP,
8.44,9,STA,WIFI_DROP,
8.44,11,STA,WIFI_DROP,
8.4424,5,STA,WIFI_DROP,
8.4424,9,STA,WIFI_DROP,
8.4424,11,STA,WIFI_DROP,
8.4448,5,STA,WIFI_DROP,
8.4448,9,STA,WIFI_DROP,
8.4448,11,STA,WIFI_DROP,
8.4472,5,STA,WIFI_DROP,
8.4472,9,STA,WIFI_DROP,
8.4472,11,STA,WIFI_DROP,
8.4496,5,STA,WIFI_DROP,
8.4496,9,STA,WIFI_DROP,
8.4496,11,STA,WIFI_DROP,
8.452,5,STA,WIFI_DROP,
8.452,9,STA,WIFI_DROP,
8.452,11,STA,WIFI_DROP,
8.4544,9,STA,WIFI_DROP,
8.4544,11,STA,WIFI_DROP,
8.4568,6,STA,WIFI_DROP,
8.4568,9,STA,WIFI_DROP,
8.4568,11,STA,WIFI_DROP,
8.4592,6,STA,WIFI_DROP,
8.4592,9,STA,WIFI_DROP,
8.4592,11,STA,WIFI_DROP,
8.4616,6,STA,WIFI_DROP,
8.4616,9,STA,WIFI_DROP,
8.4616,11,STA,WIFI_DROP,
8.464,6,STA,WIFI_DROP,
8.464,9,STA,WIFI_DROP,
8.464,11,STA,WIFI_DROP,
8.4664,6,STA,WIFI_DROP,
8.4664,9,STA,WIFI_DROP,
8.4664,11,STA,WIFI_DROP,
8.4688,6,STA,WIFI_DROP,
8.4688,9,STA,WIFI_DROP,
8.4688,11,STA,WIFI_DROP,
8.4712,6,STA,WIFI_DROP,
8.4712,9,STA,WIFI_DROP,
8.4712,11,STA,WIFI_DROP,
8.4736,6,STA,WIFI_DROP,
8.4736,9,STA,WIFI_DROP,
8.4736,11,STA,WIFI_DROP,
8.476,6,STA,WIFI_DROP,
8.476,9,STA,WIFI_DROP,
8.476,11,STA,WIFI_DROP,
8.4784,6,STA,WIFI_DROP,
8.4784,9,STA,WIFI_DROP,
8.4784,11,STA,WIFI_DROP,
8.4808,6,STA,WIFI_DROP,
8.4808,9,STA,WIFI_DROP,
8.4808,11,STA,WIFI_DROP,
8.4832,6,STA,WIFI_DROP,
8.4832,9,STA,WIFI_DROP,
8.4832,11,STA,WIFI_DROP,
8.4856,6,STA,WIFI_DROP,
8.4856,9,STA,WIFI_DROP,
8.488,6,STA,WIFI_DROP,
8.488,9,STA,WIFI_DROP,
8.4904,6,STA,WIFI_DROP,
8.4904,9,STA,WIFI_DROP,
8.4928,6,STA,WIFI_DROP,
8.4928,9,STA,WIFI_DROP,
8.4952,6,STA,WIFI_DROP,
8.4952,9,STA,WIFI_DROP,
8.4976,6,STA,WIFI_DROP,
8.4976,9,STA,WIFI_DROP,
8.5,6,STA,WIFI_DROP,
8.5,9,STA,WIFI_DROP,
8.5024,6,STA,WIFI_DROP,
8.5024,9,STA,WIFI_DROP,
8.5048,6,STA,WIFI_DROP,
8.5048,9,STA,WIFI_DROP,
8.5072,6,STA,WIFI_DROP,
8.5072,9,STA,WIFI_DROP,
8.5096,6,STA,WIFI_DROP,
8.5096,9,STA,WIFI_DROP,
8.512,6,STA,WIFI_DROP,
8.512,9,STA,WIFI_DROP,
8.5144,6,STA,WIFI_DROP,
8.5144,9,STA,WIFI_DROP,
8.5168,6,STA,WIFI_DROP,
8.5168,9,STA,WIFI_DROP,
8.5192,6,STA,WIFI_DROP,
8.5192,9,STA,WIFI_DROP,
8.5216,6,STA,WIFI_DROP,
8.5216,9,STA,WIFI_DROP,
8.524,6,STA,WIFI_DROP,
8.524,9,STA,WIFI_DROP,
8.5264,6,STA,WIFI_DROP,
8.5264,9,STA,WIFI_DROP,
8.5288,6,STA,WIFI_DROP,
8.5288,9,STA,WIFI_DROP,
8.5312,6,STA,WIFI_DROP,
8.5312,9,STA,WIFI_DROP,
8.5336,6,STA,WIFI_DROP,
8.5336,9,STA,WIFI_DROP,
8.536,6,STA,WIFI_DROP,
8.536,9,STA,WIFI_DROP,
8.5384,6,STA,WIFI_DROP,
8.5384,9,STA,WIFI_DROP,
8.5408,6,STA,WIFI_DROP,
8.5408,9,STA,WIFI_DROP,
8.5432,6,STA,WIFI_DROP,
8.5432,9,STA,WIFI_DROP,
8.5456,6,STA,WIFI_DROP,
8.5456,9,STA,WIFI_DROP,
8.548,6,STA,WIFI_DROP,
8.548,9,STA,WIFI_DROP,
8.5504,6,STA,WIFI_DROP,
8.5504,9,STA,WIFI_DROP,
8.5528,6,STA,WIFI_DROP,
8.5528,9,STA,WIFI_DROP,
8.5552,6,STA,WIFI_DROP,
8.5552,9,STA,WIFI_DROP,
8.5576,6,STA,WIFI_DROP,
8.5576,9,STA,WIFI_DROP,
8.56,6,STA,WIFI_DROP,
8.56,9,STA,WIFI_DROP,
8.5624,6,STA,WIFI_DROP,
8.5624,9,STA,WIFI_DROP,
8.5648,6,STA,WIFI_DROP,
8.5648,9,STA,WIFI_DROP,
8.5672,6,STA,WIFI_DROP,
8.5672,9,STA,WIFI_DROP,
8.5696,6,STA,WIFI_DROP,
8.5696,9,STA,WIFI_DROP,
8.572,6,STA,WIFI_DROP,
8.572,9,STA,WIFI_DROP,
8.5744,6,STA,WIFI_DROP,
8.5744,9,STA,WIFI_DROP,
8.5768,6,STA,WIFI_DROP,
8.5768,9,STA,WIFI_DROP,
8.5792,6,STA,WIFI_DROP,
8.5792,9,STA,WIFI_DROP,
8.5816,6,STA,WIFI_DROP,
8.5816,9,STA,WIFI_DROP,
8.584,6,STA,WIFI_DROP,
8.584,9,STA,WIFI_DROP,
8.5864,6,STA,WIFI_DROP,
8.5864,9,STA,WIFI_DROP,
8.5888,6,STA,WIFI_DROP,
8.5888,9,STA,WIFI_DROP,
8.5912,6,STA,WIFI_DROP,
8.5912,9,STA,WIFI_DROP,
8.5936,6,STA,WIFI_DROP,
8.5936,9,STA,WIFI_DROP,
8.596,6,STA,WIFI_DROP,
8.596,9,STA,WIFI_DROP,
8.5984,6,STA,WIFI_DROP,
8.5984,9,STA,WIFI_DROP,
8.6008,6,STA,WIFI_DROP,
8.6008,9,STA,WIFI_DROP,
8.6032,6,STA,WIFI_DROP,
8.6032,9,STA,WIFI_DROP,
8.6056,6,STA,WIFI_DROP,
8.6056,9,STA,WIFI_DROP,
8.608,9,STA,WIFI_DROP,
8.6104,9,STA,WIFI_DROP,
8.6128,9,STA,WIFI_DROP,
8.6152,9,STA,WIFI_DROP,
8.6176,9,STA,WIFI_DROP,
8.62,9,STA,WIFI_DROP,
8.6224,9,STA,WIFI_DROP,
8.6248,9,STA,WIFI_DROP,
8.6272,9,STA,WIFI_DROP,
8.6296,9,STA,WIFI_DROP,
8.632,9,STA,WIFI_DROP,
8.6344,9,STA,WIFI_DROP,
8.6368,9,STA,WIFI_DROP,
8.6392,9,STA,WIFI_DROP,
8.6416,9,STA,WIFI_DROP,
8.644,9,STA,WIFI_DROP,
8.6464,9,STA,WIFI_DROP,
8.6488,9,STA,WIFI_DROP,
8.6512,9,STA,WIFI_DROP,
8.6536,9,STA,WIFI_DROP,
8.656,9,STA,WIFI_DROP,
8.6584,9,STA,WIFI_DROP,
8.6608,9,STA,WIFI_DROP,
8.6632,9,STA,WIFI_DROP,
8.6656,9,STA,WIFI_DROP,
8.668,9,STA,WIFI_DROP,
8.6704,9,STA,WIFI_DROP,
8.6728,9,STA,WIFI_DROP,
8.6752,9,STA,WIFI_DROP,
8.6776,9,STA,WIFI_DROP,
8.68,9,STA,WIFI_DROP,
8.6824,9,STA,WIFI_DROP,
8.6848,9,STA,WIFI_DROP,
8.6872,9,STA,WIFI_DROP,
8.6896,9,STA,WIFI_DROP,
8.692,9,STA,WIFI_DROP,
8.6944,9,STA,WIFI_DROP,
8.6968,9,STA,WIFI_DROP,
8.6992,9,STA,WIFI_DROP,
8.7016,9,STA,WIFI_DROP,
8.704,9,STA,WIFI_DROP,
8.7064,9,STA,WIFI_DROP,
8.7088,9,STA,WIFI_DROP,
8.7112,9,STA,WIFI_DROP,
8.7136,9,STA,WIFI_DROP,
8.716,9,STA,WIFI_DROP,
8.7184,9,STA,WIFI_DROP,
8.7208,9,STA,WIFI_DROP,
8.7232,9,STA,WIFI_DROP,
8.7256,9,STA,WIFI_DROP,
8.728,9,STA,WIFI_DROP,
8.7304,9,STA,WIFI_DROP,
8.7328,9,STA,WIFI_DROP,
8.7352,9,STA,WIFI_DROP,
8.7376,9,STA,WIFI_DROP,
8.74,9,STA,WIFI_DROP,
8.7424,9,STA,WIFI_DROP,
8.7448,9,STA,WIFI_DROP,
8.7472,9,STA,WIFI_DROP,
8.968,21,STA,WIFI_DROP,
8.9704,21,STA,WIFI_DROP,
8.9728,21,STA,WIFI_DROP,
8.9752,21,STA,WIFI_DROP,
8.9776,21,STA,WIFI_DROP,
8.98,21,STA,WIFI_DROP,
8.9824,21,STA,WIFI_DROP,
8.9848,21,STA,WIFI_DROP,
8.9872,21,STA,WIFI_DROP,
8.9896,21,STA,WIFI_DROP,
8.992,21,STA,WIFI_DROP,
8.9944,21,STA,WIFI_DROP,
8.9968,21,STA,WIFI_DROP,
8.9992,21,STA,WIFI_DROP,
9,2,STA,THROUGHPUT_MBPS,1.560000
9,5,STA,THROUGHPUT_MBPS,0.276000
9,9,STA,THROUGHPUT_MBPS,0.852000
9,12,STA,THROUGHPUT_MBPS,2.064000
9,13,STA,THROUGHPUT_MBPS,3.372000
9,14,STA,THROUGHPUT_MBPS,0.708000
9,15,STA,THROUGHPUT_MBPS,0.228000
9,16,STA,THROUGHPUT_MBPS,2.436000
9,17,STA,THROUGHPUT_MBPS,1.464000
9,19,STA,THROUGHPUT_MBPS,2.088000
9,1,AP,AGGREGATE_THROUGHPUT_MBPS,15.048000
9,1,AP,SENT_COUNT,8340.000000
9,1,AP,RECV_COUNT,1254.000000
9,1,AP,LATENCY_P95_MS,536.368642
9.0016,21,STA,WIFI_DROP,
9.004,21,STA,WIFI_DROP,
9.0064,21,STA,WIFI_DROP,
9.0088,21,STA,WIFI_DROP,
9.0112,21,STA,WIFI_DROP,
9.0136,21,STA,WIFI_DROP,
9.016,21,STA,WIFI_DROP,
9.0184,21,STA,WIFI_DROP,
9.0208,21,STA,WIFI_DROP,
9.0232,21,STA,WIFI_DROP,
9.0256,21,STA,WIFI_DROP,
9.028,21,STA,WIFI_DROP,
9.0304,21,STA,WIFI_DROP,
9.0328,21,STA,WIFI_DROP,
9.0352,21,STA,WIFI_DROP,
9.0376,21,STA,WIFI_DROP,
9.04,21,STA,WIFI_DROP,
9.0424,21,STA,WIFI_DROP,
9.0448,21,STA,WIFI_DROP,
9.0472,21,STA,WIFI_DROP,
9.0496,21,STA,WIFI_DROP,
9.052,21,STA,WIFI_DROP,
9.0544,21,STA,WIFI_DROP,
9.0568,21,STA,WIFI_DROP,
9.0592,21,STA,WIFI_DROP,
9.0616,21,STA,WIFI_DROP,
9.064,21,STA,WIFI_DROP,
9.0664,21,STA,WIFI_DROP,
9.0688,21,STA,WIFI_DROP,
9.0712,21,STA,WIFI_DROP,
9.0736,21,STA,WIFI_DROP,
9.076,21,STA,WIFI_DROP,
9.0784,21,STA,WIFI_DROP,
9.0808,21,STA,WIFI_DROP,
9.0832,21,STA,WIFI_DROP,
9.0856,21,STA,WIFI_DROP,
9.088,21,STA,WIFI_DROP,
9.0904,21,STA,WIFI_DROP,
9.0928,21,STA,WIFI_DROP,
9.0952,21,STA,WIFI_DROP,
9.0976,21,STA,WIFI_DROP,
9.1,21,STA,WIFI_DROP,
9.1024,21,STA,WIFI_DROP,
9.1048,21,STA,WIFI_DROP,
9.1072,21,STA,WIFI_DROP,
9.1096,21,STA,WIFI_DROP,
9.112,21,STA,WIFI_DROP,
9.1144,21,STA,WIFI_DROP,
9.1168,21,STA,WIFI_DROP,
9.1192,21,STA,WIFI_DROP,
9.1216,13,STA,WIFI_DROP,
9.1216,21,STA,WIFI_DROP,
9.124,13,STA,WIFI_DROP,
9.124,21,STA,WIFI_DROP,
9.1264,13,STA,WIFI_DROP,
9.1264,21,STA,WIFI_DROP,
9.1288,13,STA,WIFI_DROP,
9.1288,21,STA,WIFI_DROP,
9.1312,13,STA,WIFI_DROP,
9.1312,21,STA,WIFI_DROP,
9.1336,13,STA,WIFI_DROP,
9.1336,21,STA,WIFI_DROP,
9.136,13,STA,WIFI_DROP,
9.136,21,STA,WIFI_DROP,
9.1384,13,STA,WIFI_DROP,
9.1384,21,STA,WIFI_DROP,
9.1408,13,STA,WIFI_DROP,
9.1408,21,STA,WIFI_DROP,
9.1432,13,STA,WIFI_DROP,
9.1432,21,STA,WIFI_DROP,
9.1456,13,STA,WIFI_DROP,
9.1456,21,STA,WIFI_DROP,
9.148,13,STA,WIFI_DROP,
9.148,21,STA,WIFI_DROP,
9.1504,13,STA,WIFI_DROP,
9.1504,21,STA,WIFI_DROP,
9.1528,13,STA,WIFI_DROP,
9.1528,21,STA,WIFI_DROP,
9.1552,13,STA,WIFI_DROP,
9.1552,21,STA,WIFI_DROP,
9.1576,13,STA,WIFI_DROP,
9.1576,21,STA,WIFI_DROP,
9.16,13,STA,WIFI_DROP,
9.16,21,STA,WIFI_DROP,
9.1624,13,STA,WIFI_DROP,
9.1624,21,STA,WIFI_DROP,
9.1648,13,STA,WIFI_DROP,
9.1648,21,STA,WIFI_DROP,
9.1672,13,STA,WIFI_DROP,
9.1672,21,STA,WIFI_DROP,
9.1696,13,STA,WIFI_DROP,
9.1696,21,STA,WIFI_DROP,
9.172,13,STA,WIFI_DROP,
9.172,21,STA,WIFI_DROP,
9.1744,13,STA,WIFI_DROP,
9.1744,21,STA,WIFI_DROP,
9.1768,13,STA,WIFI_DROP,
9.1768,21,STA,WIFI_DROP,
9.1792,13,STA,WIFI_DROP,
9.1792,21,STA,WIFI_DROP,
9.1816,13,STA,WIFI_DROP,
9.1816,21,STA,WIFI_DROP,
9.184,13,STA,WIFI_DROP,
9.184,21,STA,WIFI_DROP,
9.1864,13,STA,WIFI_DROP,
9.1864,21,STA,WIFI_DROP,
9.1888,13,STA,WIFI_DROP,
9.1888,21,STA,WIFI_DROP,
9.1912,13,STA,WIFI_DROP,
9.1912,21,STA,WIFI_DROP,
9.1936,13,STA,WIFI_DROP,
9.1936,21,STA,WIFI_DROP,
9.196,13,STA,WIFI_DROP,
9.196,21,STA,WIFI_DROP,
9.1984,13,STA,WIFI_DROP,
9.1984,21,STA,WIFI_DROP,
9.2008,13,STA,WIFI_DROP,
9.2008,21,STA,WIFI_DROP,
9.2032,13,STA,WIFI_DROP,
9.2032,21,STA,WIFI_DROP,
9.2056,13,STA,WIFI_DROP,
9.2056,21,STA,WIFI_DROP,
9.208,13,STA,WIFI_DROP,
9.208,21,STA,WIFI_DROP,
9.2104,13,STA,WIFI_DROP,
9.2104,21,STA,WIFI_DROP,
9.2128,13,STA,WIFI_DROP,
9.2128,21,STA,WIFI_DROP,
9.2152,13,STA,WIFI_DROP,
9.2152,21,STA,WIFI_DROP,
9.2176,13,STA,WIFI_DROP,
9.2176,21,STA,WIFI_DROP,
9.22,13,STA,WIFI_DROP,
9.22,21,STA,WIFI_DROP,
9.2224,13,STA,WIFI_DROP,
9.2224,21,STA,WIFI_DROP,
9.2248,13,STA,WIFI_DROP,
9.2248,21,STA,WIFI_DROP,
9.2272,13,STA,WIFI_DROP,
9.2272,21,STA,WIFI_DROP,
9.2296,13,STA,WIFI_DROP,
9.2296,21,STA,WIFI_DROP,
9.232,13,STA,WIFI_DROP,
9.232,21,STA,WIFI_DROP,
9.2344,13,STA,WIFI_DROP,
9.2344,21,STA,WIFI_DROP,
9.2368,13,STA,WIFI_DROP,
9.2368,21,STA,WIFI_DROP,
9.2392,13,STA,WIFI_DROP,
9.2392,21,STA,WIFI_DROP,
9.2416,13,STA,WIFI_DROP,
9.2416,21,STA,WIFI_DROP,
9.244,13,STA,WIFI_DROP,
9.244,21,STA,WIFI_DROP,
9.2464,13,STA,WIFI_DROP,
9.2464,21,STA,WIFI_DROP,
9.2488,13,STA,WIFI_DROP,
9.2488,21,STA,WIFI_DROP,
9.2512,13,STA,WIFI_DROP,
9.2512,21,STA,WIFI_DROP,
9.2536,13,STA,WIFI_DROP,
9.2536,21,STA,WIFI_DROP,
9.256,13,STA,WIFI_DROP,
9.256,21,STA,WIFI_DROP,
9.2584,13,STA,WIFI_DROP,
9.2584,21,STA,WIFI_DROP,
9.2608,13,STA,WIFI_DROP,
9.2608,21,STA,WIFI_DROP,
9.2632,13,STA,WIFI_DROP,
9.2632,21,STA,WIFI_DROP,
9.2656,13,STA,WIFI_DROP,
9.2656,21,STA,WIFI_DROP,
9.268,13,STA,WIFI_DROP,
9.268,21,STA,WIFI_DROP,
9.2704,13,STA,WIFI_DROP,
9.2704,21,STA,WIFI_DROP,
9.2728,13,STA,WIFI_DROP,
9.2728,21,STA,WIFI_DROP,
9.2752,13,STA,WIFI_DROP,
9.2752,21,STA,WIFI_DROP,
9.2776,13,STA,WIFI_DROP,
9.2776,21,STA,WIFI_DROP,
9.28,13,STA,WIFI_DROP,
9.28,21,STA,WIFI_DROP,
9.2824,13,STA,WIFI_DROP,
9.2824,21,STA,WIFI_DROP,
9.2848,13,STA,WIFI_DROP,
9.2848,21,STA,WIFI_DROP,
9.2872,13,STA,WIFI_DROP,
9.2872,21,STA,WIFI_DROP,
9.2896,13,STA,WIFI_DROP,
9.2896,21,STA,WIFI_DROP,
9.292,13,STA,WIFI_DROP,
9.292,21,STA,WIFI_DROP,
9.2944,13,STA,WIFI_DROP,
9.2944,21,STA,WIFI_DROP,
9.2968,13,STA,WIFI_DROP,
9.2968,21,STA,WIFI_DROP,
9.2992,13,STA,WIFI_DROP,
9.2992,21,STA,WIFI_DROP,
9.3016,13,STA,WIFI_DROP,
9.3016,21,STA,WIFI_DROP,
9.304,13,STA,WIFI_DROP,
9.304,21,STA,WIFI_DROP,
9.3064,13,STA,WIFI_DROP,
9.3064,21,STA,WIFI_DROP,
9.3088,13,STA,WIFI_DROP,
9.3088,21,STA,WIFI_DROP,
9.3112,13,STA,WIFI_DROP,
9.3112,21,STA,WIFI_DROP,
9.3136,13,STA,WIFI_DROP,
9.3136,21,STA,WIFI_DROP,
9.316,13,STA,WIFI_DROP,
9.316,21,STA,WIFI_DROP,
9.3184,13,STA,WIFI_DROP,
9.3184,21,STA,WIFI_DROP,
9.3208,13,STA,WIFI_DROP,
9.3208,21,STA,WIFI_DROP,
9.3232,13,STA,WIFI_DROP,
9.3232,21,STA,WIFI_DROP,
9.3256,13,STA,WIFI_DROP,
9.3256,21,STA,WIFI_DROP,
9.328,13,STA,WIFI_DROP,
9.328,21,STA,WIFI_DROP,
9.3304,13,STA,WIFI_DROP,
9.3304,21,STA,WIFI_DROP,
9.3328,13,STA,WIFI_DROP,
9.3328,21,STA,WIFI_DROP,
9.3352,13,STA,WIFI_DROP,
9.3352,21,STA,WIFI_DROP,
9.3376,13,STA,WIFI_DROP,
9.3376,21,STA,WIFI_DROP,
9.34,13,STA,WIFI_DROP,
9.34,21,STA,WIFI_DROP,
9.3424,13,STA,WIFI_DROP,
9.3424,21,STA,WIFI_DROP,
9.3448,13,STA,WIFI_DROP,
9.3448,21,STA,WIFI_DROP,
9.3472,13,STA,WIFI_DROP,
9.3472,21,STA,WIFI_DROP,
9.3496,13,STA,WIFI_DROP,
9.3496,21,STA,WIFI_DROP,
9.352,13,STA,WIFI_DROP,
9.352,21,STA,WIFI_DROP,
9.3544,13,STA,WIFI_DROP,
9.3544,21,STA,WIFI_DROP,
9.3568,13,STA,WIFI_DROP,
9.3568,21,STA,WIFI_DROP,
9.3592,13,STA,WIFI_DROP,
9.3592,21,STA,WIFI_DROP,
9.3616,13,STA,WIFI_DROP,
9.3616,21,STA,WIFI_DROP,
9.364,13,STA,WIFI_DROP,
9.364,21,STA,WIFI_DROP,
9.3664,13,STA,WIFI_DROP,
9.3664,21,STA,WIFI_DROP,
9.3688,13,STA,WIFI_DROP,
9.3688,21,STA,WIFI_DROP,
9.3712,13,STA,WIFI_DROP,
9.3712,21,STA,WIFI_DROP,
9.3736,13,STA,WIFI_DROP,
9.3736,21,STA,WIFI_DROP,
9.376,13,STA,WIFI_DROP,
9.376,21,STA,WIFI_DROP,
9.3784,13,STA,WIFI_DROP,
9.3784,21,STA,WIFI_DROP,
9.3808,13,STA,WIFI_DROP,
9.3808,21,STA,WIFI_DROP,
9.3832,13,STA,WIFI_DROP,
9.3832,21,STA,WIFI_DROP,
9.3856,13,STA,WIFI_DROP,
9.3856,21,STA,WIFI_DROP,
9.388,13,STA,WIFI_DROP,
9.388,21,STA,WIFI_DROP,
9.3904,13,STA,WIFI_DROP,
9.3904,21,STA,WIFI_DROP,
9.3928,13,STA,WIFI_DROP,
9.3928,21,STA,WIFI_DROP,
9.3952,13,STA,WIFI_DROP,
9.3952,21,STA,WIFI_DROP,
9.3976,13,STA,WIFI_DROP,
9.3976,21,STA,WIFI_DROP,
9.4,13,STA,WIFI_DROP,
9.4,21,STA,WIFI_DROP,
9.4024,13,STA,WIFI_DROP,
9.4024,21,STA,WIFI_DROP,
9.4048,13,STA,WIFI_DROP,
9.4048,21,STA,WIFI_DROP,
9.4072,13,STA,WIFI_DROP,
9.4072,21,STA,WIFI_DROP,
9.4096,13,STA,WIFI_DROP,
9.4096,21,STA,WIFI_DROP,
9.412,13,STA,WIFI_DROP,
9.412,21,STA,WIFI_DROP,
9.4144,13,STA,WIFI_DROP,
9.4144,21,STA,WIFI_DROP,
9.4168,13,STA,WIFI_DROP,
9.4168,21,STA,WIFI_DROP,
9.4192,13,STA,WIFI_DROP,
9.4192,21,STA,WIFI_DROP,
9.4216,13,STA,WIFI_DROP,
9.4216,21,STA,WIFI_DROP,
9.424,13,STA,WIFI_DROP,
9.424,21,STA,WIFI_DROP,
9.4264,13,STA,WIFI_DROP,
9.4264,21,STA,WIFI_DROP,
9.4288,13,STA,WIFI_DROP,
9.4288,21,STA,WIFI_DROP,
9.4312,13,STA,WIFI_DROP,
9.4312,21,STA,WIFI_DROP,
9.4336,13,STA,WIFI_DROP,
9.4336,21,STA,WIFI_DROP,
9.436,13,STA,WIFI_DROP,
9.436,21,STA,WIFI_DROP,
9.4384,13,STA,WIFI_DROP,
9.4384,21,STA,WIFI_DROP,
9.4408,13,STA,WIFI_DROP,
9.4408,21,STA,WIFI_DROP,
9.4432,13,STA,WIFI_DROP,
9.4432,21,STA,WIFI_DROP,
9.4456,13,STA,WIFI_DROP,
9.4456,21,STA,WIFI_DROP,
9.448,13,STA,WIFI_DROP,
9.448,21,STA,WIFI_DROP,
9.4504,13,STA,WIFI_DROP,
9.4504,21,STA,WIFI_DROP,
9.4528,13,STA,WIFI_DROP,
9.4528,21,STA,WIFI_DROP,
9.4552,13,STA,WIFI_DROP,
9.4552,21,STA,WIFI_DROP,
9.4576,13,STA,WIFI_DROP,
9.4576,21,STA,WIFI_DROP,
9.46,13,STA,WIFI_DROP,
9.46,21,STA,WIFI_DROP,
9.4624,13,STA,WIFI_DROP,
9.4624,21,STA,WIFI_DROP,
9.4648,13,STA,WIFI_DROP,
9.4648,21,STA,WIFI_DROP,
9.4672,13,STA,WIFI_DROP,
9.4672,21,STA,WIFI_DROP,
9.4696,13,STA,WIFI_DROP,
9.4696,21,STA,WIFI_DROP,
9.472,13,STA,WIFI_DROP,
9.472,21,STA,WIFI_DROP,
9.4744,13,STA,WIFI_DROP,
9.4744,21,STA,WIFI_DROP,
9.4768,13,STA,WIFI_DROP,
9.4768,21,STA,WIFI_DROP,
9.4792,13,STA,WIFI_DROP,
9.4792,21,STA,WIFI_DROP,
9.4816,13,STA,WIFI_DROP,
9.4816,21,STA,WIFI_DROP,
9.484,13,STA,WIFI_DROP,
9.484,21,STA,WIFI_DROP,
9.4864,13,STA,WIFI_DROP,
9.4864,21,STA,WIFI_DROP,
9.4888,13,STA,WIFI_DROP,
9.4888,21,STA,WIFI_DROP,
9.4912,13,STA,WIFI_DROP,
9.4912,21,STA,WIFI_DROP,
9.4936,13,STA,WIFI_DROP,
9.4936,21,STA,WIFI_DROP,
9.496,13,STA,WIFI_DROP,
9.496,21,STA,WIFI_DROP,
9.4984,13,STA,WIFI_DROP,
9.4984,21,STA,WIFI_DROP,
9.5008,13,STA,WIFI_DROP,
9.5008,21,STA,WIFI_DROP,
9.5032,13,STA,WIFI_DROP,
9.5032,21,STA,WIFI_DROP,
9.5056,13,STA,WIFI_DROP,
9.5056,21,STA,WIFI_DROP,
9.508,13,STA,WIFI_DROP,
9.508,21,STA,WIFI_DROP,
9.5104,13,STA,WIFI_DROP,
9.5104,21,STA,WIFI_DROP,
9.5128,13,STA,WIFI_DROP,
9.5128,21,STA,WIFI_DROP,
9.5152,13,STA,WIFI_DROP,
9.5152,21,STA,WIFI_DROP,
9.5176,13,STA,WIFI_DROP,
9.5176,21,STA,WIFI_DROP,
9.52,13,STA,WIFI_DROP,
9.5224,13,STA,WIFI_DROP,
9.5824,5,STA,WIFI_DROP,
9.5848,5,STA,WIFI_DROP,
9.5872,5,STA,WIFI_DROP,
9.5896,5,STA,WIFI_DROP,
9.592,5,STA,WIFI_DROP,
9.5944,5,STA,WIFI_DROP,
9.5968,5,STA,WIFI_DROP,
9.5992,5,STA,WIFI_DROP,
9.6016,5,STA,WIFI_DROP,
9.604,5,STA,WIFI_DROP,
9.6064,5,STA,WIFI_DROP,
9.6088,5,STA,WIFI_DROP,
9.6112,5,STA,WIFI_DROP,
9.6136,5,STA,WIFI_DROP,
9.616,5,STA,WIFI_DROP,
9.6184,5,STA,WIFI_DROP,
9.6208,5,STA,WIFI_DROP,
9.6232,5,STA,WIFI_DROP,
9.6256,5,STA,WIFI_DROP,
9.628,5,STA,WIFI_DROP,
9.6304,5,STA,WIFI_DROP,
9.6328,5,STA,WIFI_DROP,
9.6352,5,STA,WIFI_DROP,
9.6376,5,STA,WIFI_DROP,
9.64,5,STA,WIFI_DROP,
9.6424,5,STA,WIFI_DROP,
9.6448,5,STA,WIFI_DROP,
9.6472,5,STA,WIFI_DROP,
9.6496,5,STA,WIFI_DROP,
9.652,5,STA,WIFI_DROP,
9.6544,5,STA,WIFI_DROP,
9.6568,5,STA,WIFI_DROP,
9.6592,5,STA,WIFI_DROP,
9.6616,5,STA,WIFI_DROP,
9.664,5,STA,WIFI_DROP,
9.6664,5,STA,WIFI_DROP,
9.6688,5,STA,WIFI_DROP,
9.6712,5,STA,WIFI_DROP,
9.6736,5,STA,WIFI_DROP,
9.676,5,STA,WIFI_DROP,
9.6784,5,STA,WIFI_DROP,
9.6808,5,STA,WIFI_DROP,
9.6832,5,STA,WIFI_DROP,
9.6856,5,STA,WIFI_DROP,
9.6856,7,STA,WIFI_DROP,
9.688,7,STA,WIFI_DROP,
9.6904,7,STA,WIFI_DROP,
9.6928,7,STA,WIFI_DROP,
9.6952,7,STA,WIFI_DROP,
9.6976,7,STA,WIFI_DROP,
9.7,7,STA,WIFI_DROP,
9.7024,7,STA,WIFI_DROP,
9.7048,7,STA,WIFI_DROP,
9.7072,7,STA,WIFI_DROP,
9.7096,7,STA,WIFI_DROP,
9.712,7,STA,WIFI_DROP,
9.7144,7,STA,WIFI_DROP,
9.7168,7,STA,WIFI_DROP,
9.7192,7,STA,WIFI_DROP,
9.7216,7,STA,WIFI_DROP,
9.724,7,STA,WIFI_DROP,
9.7264,7,STA,WIFI_DROP,
9.7288,7,STA,WIFI_DROP,
9.7312,7,STA,WIFI_DROP,
9.7336,7,STA,WIFI_DROP,
9.736,7,STA,WIFI_DROP,
9.7384,7,STA,WIFI_DROP,
10,2,STA,THROUGHPUT_MBPS,1.044000
10,5,STA,THROUGHPUT_MBPS,0.960000
10,7,STA,THROUGHPUT_MBPS,0.084000
10,9,STA,THROUGHPUT_MBPS,1.920000
10,11,STA,THROUGHPUT_MBPS,0.840000
10,12,STA,THROUGHPUT_MBPS,3.024000
10,13,STA,THROUGHPUT_MBPS,1.512000
10,14,STA,THROUGHPUT_MBPS,2.880000
10,15,STA,THROUGHPUT_MBPS,1.524000
10,16,STA,THROUGHPUT_MBPS,1.020000
10,17,STA,THROUGHPUT_MBPS,1.968000
10,19,STA,THROUGHPUT_MBPS,1.500000
10,1,AP,AGGREGATE_THROUGHPUT_MBPS,18.276000
10,1,AP,SENT_COUNT,8320.000000
10,1,AP,RECV_COUNT,1523.000000
10,1,AP,LATENCY_P95_MS,581.876759
10.096,6,STA,WIFI_DROP,
10.0984,6,STA,WIFI_DROP,
10.1008,6,STA,WIFI_DROP,
10.1032,6,STA,WIFI_DROP,
10.1056,6,STA,WIFI_DROP,
10.108,6,STA,WIFI_DROP,
10.1104,6,STA,WIFI_DROP,
10.1128,6,STA,WIFI_DROP,
10.1152,6,STA,WIFI_DROP,
10.1176,6,STA,WIFI_DROP,
10.12,6,STA,WIFI_DROP,
10.1224,6,STA,WIFI_DROP,
10.1248,6,STA,WIFI_DROP,
10.1272,6,STA,WIFI_DROP,
10.1296,6,STA,WIFI_DROP,
10.132,6,STA,WIFI_DROP,
10.1344,6,STA,WIFI_DROP,
10.1368,6,STA,WIFI_DROP,
10.1392,6,STA,WIFI_DROP,
10.1416,6,STA,WIFI_DROP,
10.144,6,STA,WIFI_DROP,
10.1464,6,STA,WIFI_DROP,
10.6072,15,STA,WIFI_DROP,
10.6096,15,STA,WIFI_DROP,
10.612,15,STA,WIFI_DROP,
10.6144,15,STA,WIFI_DROP,
10.6168,15,STA,WIFI_DROP,
10.6192,15,STA,WIFI_DROP,
10.6216,15,STA,WIFI_DROP,
10.624,15,STA,WIFI_DROP,
10.6264,15,STA,WIFI_DROP,
10.6288,15,STA,WIFI_DROP,
10.6312,15,STA,WIFI_DROP,
10.6336,15,STA,WIFI_DROP,
10.636,15,STA,WIFI_DROP,
10.6384,15,STA,WIFI_DROP,
10.6408,15,STA,WIFI_DROP,
10.6432,15,STA,WIFI_DROP,
10.6456,15,STA,WIFI_DROP,
10.648,15,STA,WIFI_DROP,
10.6504,15,STA,WIFI_DROP,
10.6528,15,STA,WIFI_DROP,
10.6552,15,STA,WIFI_DROP,
10.6576,15,STA,WIFI_DROP,
10.66,15,STA,WIFI_DROP,
10.6624,15,STA,WIFI_DROP,
10.6648,15,STA,WIFI_DROP,
10.6672,15,STA,WIFI_DROP,
10.6696,15,STA,WIFI_DROP,
10.672,15,STA,WIFI_DROP,
10.6744,15,STA,WIFI_DROP,
10.6768,15,STA,WIFI_DROP,
10.6792,15,STA,WIFI_DROP,
10.6816,15,STA,WIFI_DROP,
10.684,15,STA,WIFI_DROP,
10.6864,15,STA,WIFI_DROP,
10.6888,15,STA,WIFI_DROP,
10.6912,15,STA,WIFI_DROP,
10.6936,15,STA,WIFI_DROP,
10.696,15,STA,WIFI_DROP,
10.6984,15,STA,WIFI_DROP,
10.7008,15,STA,WIFI_DROP,
10.7032,15,STA,WIFI_DROP,
10.7056,15,STA,WIFI_DROP,
10.708,15,STA,WIFI_DROP,
10.7104,15,STA,WIFI_DROP,
11,2,STA,THROUGHPUT_MBPS,1.740000
11,6,STA,THROUGHPUT_MBPS,1.380000
11,7,STA,THROUGHPUT_MBPS,1.572000
11,9,STA,THROUGHPUT_MBPS,1.392000
11,11,STA,THROUGHPUT_MBPS,1.044000
11,12,STA,THROUGHPUT_MBPS,1.992000
11,13,STA,THROUGHPUT_MBPS,6.156000
11,14,STA,THROUGHPUT_MBPS,4.980000
11,15,STA,THROUGHPUT_MBPS,0.228000
11,16,STA,THROUGHPUT_MBPS,0.972000
11,17,STA,THROUGHPUT_MBPS,1.884000
11,19,STA,THROUGHPUT_MBPS,1.944000
11,1,AP,AGGREGATE_THROUGHPUT_MBPS,25.284000
11,1,AP,SENT_COUNT,8340.000000
11,1,AP,RECV_COUNT,2107.000000
11,1,AP,LATENCY_P95_MS,541.369517
11.1208,12,STA,WIFI_DROP,
11.1232,12,STA,WIFI_DROP,
11.1256,12,STA,WIFI_DROP,
11.128,12,STA,WIFI_DROP,
11.1304,12,STA,WIFI_DROP,
11.1328,12,STA,WIFI_DROP,
11.1352,12,STA,WIFI_DROP,
11.1376,12,STA,WIFI_DROP,
11.14,12,STA,WIFI_DROP,
11.1424,12,STA,WIFI_DROP,
11.1448,12,STA,WIFI_DROP,
11.1472,12,STA,WIFI_DROP,
11.1496,12,STA,WIFI_DROP,
11.152,12,STA,WIFI_DROP,
11.1544,12,STA,WIFI_DROP,
11.1568,12,STA,WIFI_DROP,
11.1592,12,STA,WIFI_DROP,
11.1616,12,STA,WIFI_DROP,
11.164,12,STA,WIFI_DROP,
11.1664,12,STA,WIFI_DROP,
11.1688,12,STA,WIFI_DROP,
11.1712,12,STA,WIFI_DROP,
11.1736,12,STA,WIFI_DROP,
11.176,12,STA,WIFI_DROP,
11.1784,12,STA,WIFI_DROP,
11.1808,12,STA,WIFI_DROP,
11.1832,12,STA,WIFI_DROP,
11.1856,12,STA,WIFI_DROP,
11.188,12,STA,WIFI_DROP,
11.1904,12,STA,WIFI_DROP,
11.1928,12,STA,WIFI_DROP,
11.1952,12,STA,WIFI_DROP,
11.1976,12,STA,WIFI_DROP,
11.2,12,STA,WIFI_DROP,
11.2024,12,STA,WIFI_DROP,
11.2048,12,STA,WIFI_DROP,
11.2072,12,STA,WIFI_DROP,
11.2096,12,STA,WIFI_DROP,
11.212,12,STA,WIFI_DROP,
11.2144,12,STA,WIFI_DROP,
11.2168,12,STA,WIFI_DROP,
11.2192,12,STA,WIFI_DROP,
11.2216,12,STA,WIFI_DROP,
11.2216,21,STA,WIFI_DROP,
11.224,12,STA,WIFI_DROP,
11.224,21,STA,WIFI_DROP,
11.2264,12,STA,WIFI_DROP,
11.2264,21,STA,WIFI_DROP,
11.2288,12,STA,WIFI_DROP,
11.2288,21,STA,WIFI_DROP,
11.2312,12,STA,WIFI_DROP,
11.2312,21,STA,WIFI_DROP,
11.2336,12,STA,WIFI_DROP,
11.2336,21,STA,WIFI_DROP,
11.236,12,STA,WIFI_DROP,
11.236,21,STA,WIFI_DROP,
11.2384,12,STA,WIFI_DROP,
11.2384,21,STA,WIFI_DROP,
11.2408,12,STA,WIFI_DROP,
11.2408,21,STA,WIFI_DROP,
11.2432,12,STA,WIFI_DROP,
11.2432,21,STA,WIFI_DROP,
11.2456,12,STA,WIFI_DROP,
11.2456,21,STA,WIFI_DROP,
11.248,12,STA,WIFI_DROP,
11.248,21,STA,WIFI_DROP,
11.2504,12,STA,WIFI_DROP,
11.2504,21,STA,WIFI_DROP,
11.2528,12,STA,WIFI_DROP,
11.2528,21,STA,WIFI_DROP,
11.2552,12,STA,WIFI_DROP,
11.2552,21,STA,WIFI_DROP,
11.2576,12,STA,WIFI_DROP,
11.2576,21,STA,WIFI_DROP,
11.26,12,STA,WIFI_DROP,
11.26,21,STA,WIFI_DROP,
11.2624,12,STA,WIFI_DROP,
11.2624,21,STA,WIFI_DROP,
11.2648,12,STA,WIFI_DROP,
11.2648,21,STA,WIFI_DROP,
11.2672,12,STA,WIFI_DROP,
11.2672,21,STA,WIFI_DROP,
11.2696,12,STA,WIFI_DROP,
11.2696,21,STA,WIFI_DROP,
11.272,12,STA,WIFI_DROP,
11.272,21,STA,WIFI_DROP,
11.2744,12,STA,WIFI_DROP,
11.2744,21,STA,WIFI_DROP,
11.2768,12,STA,WIFI_DROP,
11.2768,21,STA,WIFI_DROP,
11.2792,12,STA,WIFI_DROP,
11.2792,21,STA,WIFI_DROP,
11.2816,12,STA,WIFI_DROP,
11.2816,21,STA,WIFI_DROP,
11.284,12,STA,WIFI_DROP,
11.284,21,STA,WIFI_DROP,
11.2864,12,STA,WIFI_DROP,
11.2864,21,STA,WIFI_DROP,
11.2888,12,STA,WIFI_DROP,
11.2888,21,STA,WIFI_DROP,
11.2912,12,STA,WIFI_DROP,
11.2912,21,STA,WIFI_DROP,
11.2936,12,STA,WIFI_DROP,
11.2936,21,STA,WIFI_DROP,
11.296,12,STA,WIFI_DROP,
11.296,21,STA,WIFI_DROP,
11.2984,12,STA,WIFI_DROP,
11.2984,21,STA,WIFI_DROP,
11.3008,12,STA,WIFI_DROP,
11.3008,21,STA,WIFI_DROP,
11.3032,12,STA,WIFI_DROP,
11.3032,21,STA,WIFI_DROP,
11.3056,12,STA,WIFI_DROP,
11.3056,21,STA,WIFI_DROP,
11.308,12,STA,WIFI_DROP,
11.308,21,STA,WIFI_DROP,
11.3104,12,STA,WIFI_DROP,
11.3104,21,STA,WIFI_DROP,
11.3128,12,STA,WIFI_DROP,
11.3128,21,STA,WIFI_DROP,
11.3152,12,STA,WIFI_DROP,
11.3152,21,STA,WIFI_DROP,
11.3176,12,STA,WIFI_DROP,
11.3176,21,STA,WIFI_DROP,
11.32,12,STA,WIFI_DROP,
11.32,21,STA,WIFI_DROP,
11.3224,21,STA,WIFI_DROP,
11.3248,21,STA,WIFI_DROP,
11.3272,21,STA,WIFI_DROP,
11.3296,21,STA,WIFI_DROP,
11.332,21,STA,WIFI_DROP,
11.3344,21,STA,WIFI_DROP,
11.3368,21,STA,WIFI_DROP,
11.3392,21,STA,WIFI_DROP,
11.3416,21,STA,WIFI_DROP,
11.344,21,STA,WIFI_DROP,
11.3464,21,STA,WIFI_DROP,
11.3488,21,STA,WIFI_DROP,
11.3512,21,STA,WIFI_DROP,
11.3536,21,STA,WIFI_DROP,
11.356,21,STA,WIFI_DROP,
11.3584,21,STA,WIFI_DROP,
11.3608,21,STA,WIFI_DROP,
11.3632,21,STA,WIFI_DROP,
11.3656,21,STA,WIFI_DROP,
11.368,21,STA,WIFI_DROP,
11.3704,21,STA,WIFI_DROP,
11.3728,21,STA,WIFI_DROP,
11.3752,21,STA,WIFI_DROP,
11.3776,21,STA,WIFI_DROP,
11.38,21,STA,WIFI_DROP,
11.3824,21,STA,WIFI_DROP,
11.3848,21,STA,WIFI_DROP,
11.3872,21,STA,WIFI_DROP,
11.3896,21,STA,WIFI_DROP,
11.392,21,STA,WIFI_DROP,
11.3944,21,STA,WIFI_DROP,
11.3968,21,STA,WIFI_DROP,
11.3992,21,STA,WIFI_DROP,
11.4016,21,STA,WIFI_DROP,
11.404,21,STA,WIFI_DROP,
11.4064,21,STA,WIFI_DROP,
11.4088,21,STA,WIFI_DROP,
11.4112,21,STA,WIFI_DROP,
11.4136,21,STA,WIFI_DROP,
11.416,21,STA,WIFI_DROP,
11.4184,21,STA,WIFI_DROP,
11.4208,21,STA,WIFI_DROP,
11.4232,21,STA,WIFI_DROP,
11.4256,21,STA,WIFI_DROP,
11.428,21,STA,WIFI_DROP,
11.4304,21,STA,WIFI_DROP,
11.4328,21,STA,WIFI_DROP,
11.4352,21,STA,WIFI_DROP,
11.4376,21,STA,WIFI_DROP,
11.44,21,STA,WIFI_DROP,
11.4424,21,STA,WIFI_DROP,
11.4448,21,STA,WIFI_DROP,
11.4472,21,STA,WIFI_DROP,
11.4496,21,STA,WIFI_DROP,
11.452,21,STA,WIFI_DROP,
11.4544,21,STA,WIFI_DROP,
11.4568,21,STA,WIFI_DROP,
11.4592,21,STA,WIFI_DROP,
11.4616,21,STA,WIFI_DROP,
11.464,21,STA,WIFI_DROP,
11.4664,21,STA,WIFI_DROP,
11.4688,21,STA,WIFI_DROP,
11.4712,21,STA,WIFI_DROP,
11.4736,21,STA,WIFI_DROP,
11.476,21,STA,WIFI_DROP,
11.4784,21,STA,WIFI_DROP,
11.4808,21,STA,WIFI_DROP,
11.4832,21,STA,WIFI_DROP,
11.4856,21,STA,WIFI_DROP,
11.488,21,STA,WIFI_DROP,
11.4904,21,STA,WIFI_DROP,
11.4928,21,STA,WIFI_DROP,
11.4952,21,STA,WIFI_DROP,
11.4976,21,STA,WIFI_DROP,
11.5,21,STA,WIFI_DROP,
11.5024,21,STA,WIFI_DROP,
11.5048,21,STA,WIFI_DROP,
11.5072,21,STA,WIFI_DROP,
11.5096,21,STA,WIFI_DROP,
11.512,21,STA,WIFI_DROP,
11.5144,21,STA,WIFI_DROP,
11.5168,21,STA,WIFI_DROP,
11.5192,21,STA,WIFI_DROP,
11.5216,21,STA,WIFI_DROP,
11.524,21,STA,WIFI_DROP,
11.5264,21,STA,WIFI_DROP,
11.5288,4,STA,WIFI_DROP,
11.5288,11,STA,WIFI_DROP,
11.5288,21,STA,WIFI_DROP,
11.5312,4,STA,WIFI_DROP,
11.5312,11,STA,WIFI_DROP,
11.5312,21,STA,WIFI_DROP,
11.5336,4,STA,WIFI_DROP,
11.5336,11,STA,WIFI_DROP,
11.5336,21,STA,WIFI_DROP,
11.536,4,STA,WIFI_DROP,
11.536,11,STA,WIFI_DROP,
11.536,21,STA,WIFI_DROP,
11.5384,4,STA,WIFI_DROP,
11.5384,11,STA,WIFI_DROP,
11.5384,21,STA,WIFI_DROP,
11.5408,4,STA,WIFI_DROP,
11.5408,11,STA,WIFI_DROP,
11.5408,21,STA,WIFI_DROP,
11.5432,4,STA,WIFI_DROP,
11.5432,11,STA,WIFI_DROP,
11.5432,21,STA,WIFI_DROP,
11.5456,4,STA,WIFI_DROP,
11.5456,11,STA,WIFI_DROP,
11.5456,21,STA,WIFI_DROP,
11.548,4,STA,WIFI_DROP,
11.548,11,STA,WIFI_DROP,
11.548,21,STA,WIFI_DROP,
11.5504,4,STA,WIFI_DROP,
11.5504,11,STA,WIFI_DROP,
11.5504,21,STA,WIFI_DROP,
11.5528,4,STA,WIFI_DROP,
11.5528,11,STA,WIFI_DROP,
11.5528,21,STA,WIFI_DROP,
11.5552,4,STA,WIFI_DROP,
11.5552,11,STA,WIFI_DROP,
11.5552,21,STA,WIFI_DROP,
11.5576,4,STA,WIFI_DROP,
11.5576,11,STA,WIFI_DROP,
11.5576,21,STA,WIFI_DROP,
11.56,4,STA,WIFI_DROP,
11.56,11,STA,WIFI_DROP,
11.56,21,STA,WIFI_DROP,
11.5624,4,STA,WIFI_DROP,
11.5624,11,STA,WIFI_DROP,
11.5624,21,STA,WIFI_DROP,
11.5648,4,STA,WIFI_DROP,
11.5648,11,STA,WIFI_DROP,
11.5648,21,STA,WIFI_DROP,
11.5672,4,STA,WIFI_DROP,
11.5672,11,STA,WIFI_DROP,
11.5672,21,STA,WIFI_DROP,
11.5696,4,STA,WIFI_DROP,
11.5696,11,STA,WIFI_DROP,
11.5696,21,STA,WIFI_DROP,
11.572,4,STA,WIFI_DROP,
11.572,11,STA,WIFI_DROP,
11.572,21,STA,WIFI_DROP,
11.5744,4,STA,WIFI_DROP,
11.5744,11,STA,WIFI_DROP,
11.5744,21,STA,WIFI_DROP,
11.5768,4,STA,WIFI_DROP,
11.5768,11,STA,WIFI_DROP,
11.5768,21,STA,WIFI_DROP,
11.5792,4,STA,WIFI_DROP,
11.5792,11,STA,WIFI_DROP,
11.5792,21,STA,WIFI_DROP,
11.5816,4,STA,WIFI_DROP,
11.5816,21,STA,WIFI_DROP,
11.584,4,STA,WIFI_DROP,
11.584,21,STA,WIFI_DROP,
11.5864,4,STA,WIFI_DROP,
11.5864,21,STA,WIFI_DROP,
11.5888,4,STA,WIFI_DROP,
11.5888,21,STA,WIFI_DROP,
11.5912,4,STA,WIFI_DROP,
11.5912,21,STA,WIFI_DROP,
11.5936,4,STA,WIFI_DROP,
11.5936,21,STA,WIFI_DROP,
11.596,4,STA,WIFI_DROP,
11.596,21,STA,WIFI_DROP,
11.5984,4,STA,WIFI_DROP,
11.5984,21,STA,WIFI_DROP,
11.6008,4,STA,WIFI_DROP,
11.6008,21,STA,WIFI_DROP,
11.6032,4,STA,WIFI_DROP,
11.6032,21,STA,WIFI_DROP,
11.6056,4,STA,WIFI_DROP,
11.6056,21,STA,WIFI_DROP,
11.608,4,STA,WIFI_DROP,
11.608,21,STA,WIFI_DROP,
11.6104,4,STA,WIFI_DROP,
11.6104,21,STA,WIFI_DROP,
11.6128,4,STA,WIFI_DROP,
11.6128,21,STA,WIFI_DROP,
11.6152,4,STA,WIFI_DROP,
11.6152,21,STA,WIFI_DROP,
11.6176,4,STA,WIFI_DROP,
11.6176,21,STA,WIFI_DROP,
11.62,4,STA,WIFI_DROP,
11.62,21,STA,WIFI_DROP,
11.6224,4,STA,WIFI_DROP,
11.6224,21,STA,WIFI_DROP,
11.6248,4,STA,WIFI_DROP,
11.6248,21,STA,WIFI_DROP,
11.6272,4,STA,WIFI_DROP,
11.6272,21,STA,WIFI_DROP,
11.6296,4,STA,WIFI_DROP,
11.6296,21,STA,WIFI_DROP,
11.632,4,STA,WIFI_DROP,
11.632,21,STA,WIFI_DROP,
11.6344,4,STA,WIFI_DROP,
11.6344,21,STA,WIFI_DROP,
11.6368,4,STA,WIFI_DROP,
11.6368,21,STA,WIFI_DROP,
11.6392,4,STA,WIFI_DROP,
11.6392,21,STA,WIFI_DROP,
11.6416,4,STA,WIFI_DROP,
11.6416,21,STA,WIFI_DROP,
11.644,4,STA,WIFI_DROP,
11.644,21,STA,WIFI_DROP,
11.6464,4,STA,WIFI_DROP,
11.6464,21,STA,WIFI_DROP,
11.6488,4,STA,WIFI_DROP,
11.6488,21,STA,WIFI_DROP,
11.6512,4,STA,WIFI_DROP,
11.6512,21,STA,WIFI_DROP,
11.6536,4,STA,WIFI_DROP,
11.6536,21,STA,WIFI_DROP,
11.656,4,STA,WIFI_DROP,
11.656,21,STA,WIFI_DROP,
11.6584,4,STA,WIFI_DROP,
11.6584,21,STA,WIFI_DROP,
11.6608,4,STA,WIFI_DROP,
11.6608,21,STA,WIFI_DROP,
11.6632,4,STA,WIFI_DROP,
11.6632,21,STA,WIFI_DROP,
11.6656,4,STA,WIFI_DROP,
11.6656,21,STA,WIFI_DROP,
11.668,4,STA,WIFI_DROP,
11.668,21,STA,WIFI_DROP,
11.6704,4,STA,WIFI_DROP,
11.6704,21,STA,WIFI_DROP,
11.6728,4,STA,WIFI_DROP,
11.6728,21,STA,WIFI_DROP,
11.6752,4,STA,WIFI_DROP,
11.6752,21,STA,WIFI_DROP,
11.6776,4,STA,WIFI_DROP,
11.6776,21,STA,WIFI_DROP,
11.68,4,STA,WIFI_DROP,
11.68,21,STA,WIFI_DROP,
11.6824,21,STA,WIFI_DROP,
11.6848,21,STA,WIFI_DROP,
11.6872,21,STA,WIFI_DROP,
11.6896,21,STA,WIFI_DROP,
11.692,21,STA,WIFI_DROP,
11.6944,21,STA,WIFI_DROP,
11.6968,21,STA,WIFI_DROP,
11.6992,21,STA,WIFI_DROP,
11.7016,21,STA,WIFI_DROP,
11.704,21,STA,WIFI_DROP,
11.7064,21,STA,WIFI_DROP,
11.7088,21,STA,WIFI_DROP,
11.7112,21,STA,WIFI_DROP,
11.7136,21,STA,WIFI_DROP,
11.716,21,STA,WIFI_DROP,
11.7184,21,STA,WIFI_DROP,
11.7208,21,STA,WIFI_DROP,
11.7232,21,STA,WIFI_DROP,
11.7256,21,STA,WIFI_DROP,
11.728,21,STA,WIFI_DROP,
11.7304,21,STA,WIFI_DROP,
11.7328,21,STA,WIFI_DROP,
11.7352,21,STA,WIFI_DROP,
11.7376,21,STA,WIFI_DROP,
11.74,21,STA,WIFI_DROP,
11.7424,21,STA,WIFI_DROP,
11.7448,21,STA,WIFI_DROP,
11.7472,21,STA,WIFI_DROP,
11.7496,21,STA,WIFI_DROP,
11.752,21,STA,WIFI_DROP,
11.7544,21,STA,WIFI_DROP,
11.7568,21,STA,WIFI_DROP,
11.7592,21,STA,WIFI_DROP,
11.7616,21,STA,WIFI_DROP,
11.764,21,STA,WIFI_DROP,
11.7664,21,STA,WIFI_DROP,
11.7688,21,STA,WIFI_DROP,
11.7712,21,STA,WIFI_DROP,
11.7736,21,STA,WIFI_DROP,
11.776,21,STA,WIFI_DROP,
11.7784,21,STA,WIFI_DROP,
11.7808,21,STA,WIFI_DROP,
11.7832,21,STA,WIFI_DROP,
11.7856,21,STA,WIFI_DROP,
11.788,21,STA,WIFI_DROP,
11.7904,21,STA,WIFI_DROP,
11.7928,21,STA,WIFI_DROP,
11.7952,21,STA,WIFI_DROP,
11.7976,21,STA,WIFI_DROP,
11.8,21,STA,WIFI_DROP,
11.8024,21,STA,WIFI_DROP,
11.8048,21,STA,WIFI_DROP,
11.8072,21,STA,WIFI_DROP,
11.8096,21,STA,WIFI_DROP,
11.812,21,STA,WIFI_DROP,
11.8144,21,STA,WIFI_DROP,
11.8168,21,STA,WIFI_DROP,
11.8192,21,STA,WIFI_DROP,
11.8216,21,STA,WIFI_DROP,
11.824,21,STA,WIFI_DROP,
11.8264,21,STA,WIFI_DROP,
11.8288,21,STA,WIFI_DROP,
11.8312,21,STA,WIFI_DROP,
11.8336,21,STA,WIFI_DROP,
11.836,21,STA,WIFI_DROP,
11.8384,21,STA,WIFI_DROP,
11.8408,21,STA,WIFI_DROP,
11.8432,21,STA,WIFI_DROP,
11.8456,21,STA,WIFI_DROP,
11.848,21,STA,WIFI_DROP,
11.8504,21,STA,WIFI_DROP,
11.8528,21,STA,WIFI_DROP,
11.8552,21,STA,WIFI_DROP,
11.8576,21,STA,WIFI_DROP,
11.86,21,STA,WIFI_DROP,
11.8624,21,STA,WIFI_DROP,
11.8648,21,STA,WIFI_DROP,
11.8672,21,STA,WIFI_DROP,
11.8696,21,STA,WIFI_DROP,
11.872,21,STA,WIFI_DROP,
11.9392,8,STA,WIFI_DROP,
11.9416,8,STA,WIFI_DROP,
11.944,8,STA,WIFI_DROP,
11.9464,8,STA,WIFI_DROP,
11.9488,8,STA,WIFI_DROP,
11.9512,8,STA,WIFI_DROP,
11.9536,8,STA,WIFI_DROP,
11.956,8,STA,WIFI_DROP,
11.9584,8,STA,WIFI_DROP,
11.9608,8,STA,WIFI_DROP,
11.9632,8,STA,WIFI_DROP,
11.9656,8,STA,WIFI_DROP,
11.968,8,STA,WIFI_DROP,
11.9704,8,STA,WIFI_DROP,
11.9728,8,STA,WIFI_DROP,
11.9752,8,STA,WIFI_DROP,
11.9776,8,STA,WIFI_DROP,
11.98,8,STA,WIFI_DROP,
11.9824,8,STA,WIFI_DROP,
11.9848,8,STA,WIFI_DROP,
11.9872,8,STA,WIFI_DROP,
11.9896,8,STA,WIFI_DROP,
11.992,8,STA,WIFI_DROP,
11.9944,8,STA,WIFI_DROP,
11.9968,8,STA,WIFI_DROP,
11.9992,8,STA,WIFI_DROP,
12,2,STA,THROUGHPUT_MBPS,1.584000
12,4,STA,THROUGHPUT_MBPS,0.300000
12,6,STA,THROUGHPUT_MBPS,1.332000
12,7,STA,THROUGHPUT_MBPS,2.340000
12,9,STA,THROUGHPUT_MBPS,1.752000
12,11,STA,THROUGHPUT_MBPS,2.268000
12,12,STA,THROUGHPUT_MBPS,2.076000
12,13,STA,THROUGHPUT_MBPS,1.320000
12,14,STA,THROUGHPUT_MBPS,4.116000
12,16,STA,THROUGHPUT_MBPS,0.696000
12,17,STA,THROUGHPUT_MBPS,2.052000
12,19,STA,THROUGHPUT_MBPS,2.412000
12,21,STA,THROUGHPUT_MBPS,0.264000
12,1,AP,AGGREGATE_THROUGHPUT_MBPS,22.512000
12,1,AP,SENT_COUNT,8340.000000
12,1,AP,RECV_COUNT,1876.000000
12,1,AP,LATENCY_P95_MS,537.437296
12.0016,8,STA,WIFI_DROP,
12.004,8,STA,WIFI_DROP,
12.0064,8,STA,WIFI_DROP,
12.0088,8,STA,WIFI_DROP,
12.0112,8,STA,WIFI_DROP,
12.0136,8,STA,WIFI_DROP,
12.016,8,STA,WIFI_DROP,
12.0184,8,STA,WIFI_DROP,
12.0208,8,STA,WIFI_DROP,
12.0232,8,STA,WIFI_DROP,
12.0256,8,STA,WIFI_DROP,
12.028,8,STA,WIFI_DROP,
12.0304,8,STA,WIFI_DROP,
12.0328,8,STA,WIFI_DROP,
12.0352,8,STA,WIFI_DROP,
12.0376,8,STA,WIFI_DROP,
12.04,8,STA,WIFI_DROP,
12.3472,7,STA,WIFI_DROP,
12.3496,7,STA,WIFI_DROP,
12.352,7,STA,WIFI_DROP,
12.3544,7,STA,WIFI_DROP,
12.3568,7,STA,WIFI_DROP,
12.3592,7,STA,WIFI_DROP,
12.3616,7,STA,WIFI_DROP,
12.364,7,STA,WIFI_DROP,
12.3664,7,STA,WIFI_DROP,
12.3688,7,STA,WIFI_DROP,
12.3712,7,STA,WIFI_DROP,
12.3736,7,STA,WIFI_DROP,
12.376,7,STA,WIFI_DROP,
12.3784,7,STA,WIFI_DROP,
12.3808,7,STA,WIFI_DROP,
12.3832,7,STA,WIFI_DROP,
12.3856,7,STA,WIFI_DROP,
12.388,7,STA,WIFI_DROP,
12.3904,7,STA,WIFI_DROP,
12.3928,7,STA,WIFI_DROP,
12.3952,7,STA,WIFI_DROP,
12.3976,7,STA,WIFI_DROP,
12.4,7,STA,WIFI_DROP,
12.4024,7,STA,WIFI_DROP,
12.4048,7,STA,WIFI_DROP,
12.4072,7,STA,WIFI_DROP,
12.4096,7,STA,WIFI_DROP,
12.412,7,STA,WIFI_DROP,
12.4144,7,STA,WIFI_DROP,
12.4168,7,STA,WIFI_DROP,
12.4192,7,STA,WIFI_DROP,
12.4216,7,STA,WIFI_DROP,
12.424,7,STA,WIFI_DROP,
12.4264,7,STA,WIFI_DROP,
12.4288,7,STA,WIFI_DROP,
12.4312,7,STA,WIFI_DROP,
12.4336,7,STA,WIFI_DROP,
12.436,7,STA,WIFI_DROP,
12.4384,7,STA,WIFI_DROP,
12.4408,7,STA,WIFI_DROP,
12.4432,7,STA,WIFI_DROP,
12.4456,7,STA,WIFI_DROP,
12.448,7,STA,WIFI_DROP,
12.4504,7,STA,WIFI_DROP,
12.4528,7,STA,WIFI_DROP,
12.4552,7,STA,WIFI_DROP,
12.4576,7,STA,WIFI_DROP,
12.46,7,STA,WIFI_DROP,
12.4624,7,STA,WIFI_DROP,
12.4648,7,STA,WIFI_DROP,
12.4672,7,STA,WIFI_DROP,
12.4696,7,STA,WIFI_DROP,
12.472,7,STA,WIFI_DROP,
12.4744,7,STA,WIFI_DROP,
12.4768,7,STA,WIFI_DROP,
12.4792,7,STA,WIFI_DROP,
12.4816,7,STA,WIFI_DROP,
12.484,7,STA,WIFI_DROP,
12.4864,7,STA,WIFI_DROP,
12.4888,7,STA,WIFI_DROP,
12.4912,7,STA,WIFI_DROP,
12.4936,7,STA,WIFI_DROP,
12.496,7,STA,WIFI_DROP,
12.4984,7,STA,WIFI_DROP,
12.5008,7,STA,WIFI_DROP,
12.5032,7,STA,WIFI_DROP,
12.5056,7,STA,WIFI_DROP,
12.508,7,STA,WIFI_DROP,
12.5104,7,STA,WIFI_DROP,
12.5128,7,STA,WIFI_DROP,
12.5152,7,STA,WIFI_DROP,
12.5176,7,STA,WIFI_DROP,
12.52,7,STA,WIFI_DROP,
12.5224,7,STA,WIFI_DROP,
12.5248,7,STA,WIFI_DROP,
12.5272,7,STA,WIFI_DROP,
12.5296,7,STA,WIFI_DROP,
12.532,7,STA,WIFI_DROP,
12.5344,7,STA,WIFI_DROP,
12.5368,7,STA,WIFI_DROP,
12.5392,7,STA,WIFI_DROP,
12.5416,7,STA,WIFI_DROP,
12.544,7,STA,WIFI_DROP,
12.5464,7,STA,WIFI_DROP,
12.5488,7,STA,WIFI_DROP,
12.5512,7,STA,WIFI_DROP,
12.5536,7,STA,WIFI_DROP,
12.556,7,STA,WIFI_DROP,
12.5584,7,STA,WIFI_DROP,
12.5608,7,STA,WIFI_DROP,
12.5632,7,STA,WIFI_DROP,
12.5656,7,STA,WIFI_DROP,
12.568,7,STA,WIFI_DROP,
12.5704,7,STA,WIFI_DROP,
12.5728,7,STA,WIFI_DROP,
12.5752,7,STA,WIFI_DROP,
12.5776,7,STA,WIFI_DROP,
12.58,7,STA,WIFI_DROP,
12.5824,7,STA,WIFI_DROP,
12.5848,7,STA,WIFI_DROP,
12.5872,7,STA,WIFI_DROP,
12.5896,7,STA,WIFI_DROP,
12.592,7,STA,WIFI_DROP,
12.5944,7,STA,WIFI_DROP,
12.5968,7,STA,WIFI_DROP,
12.5992,7,STA,WIFI_DROP,
12.6016,7,STA,WIFI_DROP,
12.604,7,STA,WIFI_DROP,
12.6064,7,STA,WIFI_DROP,
12.6088,7,STA,WIFI_DROP,
12.6112,7,STA,WIFI_DROP,
12.6136,7,STA,WIFI_DROP,
12.616,7,STA,WIFI_DROP,
12.6184,7,STA,WIFI_DROP,
12.6208,7,STA,WIFI_DROP,
12.6232,7,STA,WIFI_DROP,
12.6256,7,STA,WIFI_DROP,
12.628,7,STA,WIFI_DROP,
12.6304,7,STA,WIFI_DROP,
12.6328,7,STA,WIFI_DROP,
12.6352,7,STA,WIFI_DROP,
12.6376,7,STA,WIFI_DROP,
12.64,7,STA,WIFI_DROP,
12.6424,7,STA,WIFI_DROP,
12.6448,7,STA,WIFI_DROP,
12.6472,7,STA,WIFI_DROP,
12.6496,7,STA,WIFI_DROP,
12.652,7,STA,WIFI_DROP,
12.6544,7,STA,WIFI_DROP,
12.6568,7,STA,WIFI_DROP,
12.6592,7,STA,WIFI_DROP,
12.6616,7,STA,WIFI_DROP,
12.664,7,STA,WIFI_DROP,
12.6664,7,STA,WIFI_DROP,
12.6688,7,STA,WIFI_DROP,
12.6712,7,STA,WIFI_DROP,
12.6736,7,STA,WIFI_DROP,
12.676,7,STA,WIFI_DROP,
12.6784,7,STA,WIFI_DROP,
12.6808,7,STA,WIFI_DROP,
12.6832,7,STA,WIFI_DROP,
12.6856,7,STA,WIFI_DROP,
12.688,7,STA,WIFI_DROP,
12.6904,7,STA,WIFI_DROP,
12.6928,7,STA,WIFI_DROP,
12.6952,7,STA,WIFI_DROP,
12.6976,7,STA,WIFI_DROP,
12.7,7,STA,WIFI_DROP,
12.7024,7,STA,WIFI_DROP,
12.7048,7,STA,WIFI_DROP,
12.7072,7,STA,WIFI_DROP,
12.7096,7,STA,WIFI_DROP,
12.712,7,STA,WIFI_DROP,
12.7144,7,STA,WIFI_DROP,
12.7168,7,STA,WIFI_DROP,
12.7192,7,STA,WIFI_DROP,
12.7216,7,STA,WIFI_DROP,
12.724,7,STA,WIFI_DROP,
12.7264,7,STA,WIFI_DROP,
12.7288,7,STA,WIFI_DROP,
12.7312,7,STA,WIFI_DROP,
12.7336,7,STA,WIFI_DROP,
12.736,7,STA,WIFI_DROP,
12.7384,7,STA,WIFI_DROP,
12.7408,7,STA,WIFI_DROP,
12.7432,7,STA,WIFI_DROP,
12.7456,7,STA,WIFI_DROP,
12.748,7,STA,WIFI_DROP,
12.7504,7,STA,WIFI_DROP,
12.7528,7,STA,WIFI_DROP,
12.7552,7,STA,WIFI_DROP,
12.7576,7,STA,WIFI_DROP,
12.76,7,STA,WIFI_DROP,
12.7624,7,STA,WIFI_DROP,
12.7648,7,STA,WIFI_DROP,
12.7672,7,STA,WIFI_DROP,
12.7696,7,STA,WIFI_DROP,
12.772,7,STA,WIFI_DROP,
12.7744,7,STA,WIFI_DROP,
12.7768,7,STA,WIFI_DROP,
12.7792,7,STA,WIFI_DROP,
12.7816,7,STA,WIFI_DROP,
12.784,7,STA,WIFI_DROP,
12.7864,7,STA,WIFI_DROP,
12.7888,7,STA,WIFI_DROP,
12.7912,7,STA,WIFI_DROP,
12.7936,7,STA,WIFI_DROP,
12.796,7,STA,WIFI_DROP,
12.7984,7,STA,WIFI_DROP,
12.8008,7,STA,WIFI_DROP,
12.8032,7,STA,WIFI_DROP,
12.8056,7,STA,WIFI_DROP,
12.808,7,STA,WIFI_DROP,
12.8104,7,STA,WIFI_DROP,
12.8128,7,STA,WIFI_DROP,
12.8152,7,STA,WIFI_DROP,
12.8176,7,STA,WIFI_DROP,
12.82,7,STA,WIFI_DROP,
12.8224,7,STA,WIFI_DROP,
12.8248,7,STA,WIFI_DROP,
12.8272,7,STA,WIFI_DROP,
12.8296,7,STA,WIFI_DROP,
12.832,7,STA,WIFI_DROP,
12.8344,7,STA,WIFI_DROP,
12.8368,7,STA,WIFI_DROP,
12.8392,7,STA,WIFI_DROP,
12.8416,7,STA,WIFI_DROP,
12.844,7,STA,WIFI_DROP,
12.8464,7,STA,WIFI_DROP,
12.8488,7,STA,WIFI_DROP,
12.8512,7,STA,WIFI_DROP,
12.8536,7,STA,WIFI_DROP,
12.856,7,STA,WIFI_DROP,
12.8584,7,STA,WIFI_DROP,
12.8608,7,STA,WIFI_DROP,
12.8632,7,STA,WIFI_DROP,
12.8656,7,STA,WIFI_DROP,
12.868,7,STA,WIFI_DROP,
12.8704,7,STA,WIFI_DROP,
12.8728,7,STA,WIFI_DROP,
12.8752,7,STA,WIFI_DROP,
12.8776,7,STA,WIFI_DROP,
12.88,7,STA,WIFI_DROP,
12.8824,7,STA,WIFI_DROP,
12.8848,7,STA,WIFI_DROP,
12.8872,7,STA,WIFI_DROP,
12.8896,7,STA,WIFI_DROP,
12.892,7,STA,WIFI_DROP,
12.8944,7,STA,WIFI_DROP,
12.8968,7,STA,WIFI_DROP,
12.8992,7,STA,WIFI_DROP,
12.9016,7,STA,WIFI_DROP,
12.904,7,STA,WIFI_DROP,
12.9064,7,STA,WIFI_DROP,
12.9088,7,STA,WIFI_DROP,
12.9112,7,STA,WIFI_DROP,
12.9136,7,STA,WIFI_DROP,
12.916,7,STA,WIFI_DROP,
12.9184,7,STA,WIFI_DROP,
12.9208,7,STA,WIFI_DROP,
12.9232,7,STA,WIFI_DROP,
12.9256,7,STA,WIFI_DROP,
12.928,7,STA,WIFI_DROP,
12.9304,7,STA,WIFI_DROP,
12.9328,7,STA,WIFI_DROP,
12.9352,7,STA,WIFI_DROP,
12.9376,7,STA,WIFI_DROP,
12.94,7,STA,WIFI_DROP,
12.9424,7,STA,WIFI_DROP,
12.9448,7,STA,WIFI_DROP,
12.9472,7,STA,WIFI_DROP,
12.9496,7,STA,WIFI_DROP,
12.952,7,STA,WIFI_DROP,
12.9544,7,STA,WIFI_DROP,
12.9568,7,STA,WIFI_DROP,
12.9592,7,STA,WIFI_DROP,
12.9616,7,STA,WIFI_DROP,
12.964,7,STA,WIFI_DROP,
12.9664,7,STA,WIFI_DROP,
12.9688,7,STA,WIFI_DROP,
12.9712,7,STA,WIFI_DROP,
12.9736,7,STA,WIFI_DROP,
12.976,7,STA,WIFI_DROP,
12.9784,7,STA,WIFI_DROP,
12.9808,7,STA,WIFI_DROP,
12.9832,7,STA,WIFI_DROP,
12.9856,7,STA,WIFI_DROP,
12.988,7,STA,WIFI_DROP,
12.9904,7,STA,WIFI_DROP,
12.9928,7,STA,WIFI_DROP,
12.9952,7,STA,WIFI_DROP,
12.9976,7,STA,WIFI_DROP,
13,2,STA,THROUGHPUT_MBPS,0.300000
13,4,STA,THROUGHPUT_MBPS,1.680000
13,6,STA,THROUGHPUT_MBPS,1.416000
13,7,STA,THROUGHPUT_MBPS,0.912000
13,8,STA,THROUGHPUT_MBPS,1.548000
13,9,STA,THROUGHPUT_MBPS,1.632000
13,11,STA,THROUGHPUT_MBPS,0.612000
13,12,STA,THROUGHPUT_MBPS,1.716000
13,13,STA,THROUGHPUT_MBPS,0.996000
13,14,STA,THROUGHPUT_MBPS,3.840000
13,16,STA,THROUGHPUT_MBPS,2.280000
13,17,STA,THROUGHPUT_MBPS,1.572000
13,19,STA,THROUGHPUT_MBPS,2.364000
13,21,STA,THROUGHPUT_MBPS,1.452000
13,1,AP,AGGREGATE_THROUGHPUT_MBPS,22.320000
13,1,AP,SENT_COUNT,8320.000000
13,1,AP,RECV_COUNT,1860.000000
13,1,AP,LATENCY_P95_MS,536.606888
13,7,STA,WIFI_DROP,
13.0024,7,STA,WIFI_DROP,
13.0048,7,STA,WIFI_DROP,
13.0072,7,STA,WIFI_DROP,
13.0096,7,STA,WIFI_DROP,
13.012,7,STA,WIFI_DROP,
13.0144,7,STA,WIFI_DROP,
13.0168,7,STA,WIFI_DROP,
13.0192,7,STA,WIFI_DROP,
13.0216,7,STA,WIFI_DROP,
13.024,7,STA,WIFI_DROP,
13.0264,7,STA,WIFI_DROP,
13.0288,7,STA,WIFI_DROP,
13.0312,7,STA,WIFI_DROP,
13.0336,7,STA,WIFI_DROP,
13.036,7,STA,WIFI_DROP,
13.0384,7,STA,WIFI_DROP,
13.0408,7,STA,WIFI_DROP,
13.0432,7,STA,WIFI_DROP,
13.0456,7,STA,WIFI_DROP,
13.048,7,STA,WIFI_DROP,
13.0504,7,STA,WIFI_DROP,
13.0528,7,STA,WIFI_DROP,
13.0552,7,STA,WIFI_DROP,
13.0576,7,STA,WIFI_DROP,
13.06,7,STA,WIFI_DROP,
13.0624,7,STA,WIFI_DROP,
13.0648,6,STA,WIFI_DROP,
13.0648,7,STA,WIFI_DROP,
13.0648,11,STA,WIFI_DROP,
13.0672,6,STA,WIFI_DROP,
13.0672,7,STA,WIFI_DROP,
13.0672,11,STA,WIFI_DROP,
13.0696,6,STA,WIFI_DROP,
13.0696,7,STA,WIFI_DROP,
13.0696,11,STA,WIFI_DROP,
13.072,6,STA,WIFI_DROP,
13.072,7,STA,WIFI_DROP,
13.072,11,STA,WIFI_DROP,
13.0744,6,STA,WIFI_DROP,
13.0744,7,STA,WIFI_DROP,
13.0744,11,STA,WIFI_DROP,
13.0768,6,STA,WIFI_DROP,
13.0768,7,STA,WIFI_DROP,
13.0768,11,STA,WIFI_DROP,
13.0792,6,STA,WIFI_DROP,
13.0792,7,STA,WIFI_DROP,
13.0792,11,STA,WIFI_DROP,
13.0816,6,STA,WIFI_DROP,
13.0816,7,STA,WIFI_DROP,
13.0816,11,STA,WIFI_DROP,
13.084,6,STA,WIFI_DROP,
13.084,7,STA,WIFI_DROP,
13.084,11,STA,WIFI_DROP,
13.0864,6,STA,WIFI_DROP,
13.0864,7,STA,WIFI_DROP,
13.0864,11,STA,WIFI_DROP,
13.0888,6,STA,WIFI_DROP,
13.0888,7,STA,WIFI_DROP,
13.0888,11,STA,WIFI_DROP,
13.0912,6,STA,WIFI_DROP,
13.0912,7,STA,WIFI_DROP,
13.0912,11,STA,WIFI_DROP,
13.0936,6,STA,WIFI_DROP,
13.0936,7,STA,WIFI_DROP,
13.0936,11,STA,WIFI_DROP,
13.096,6,STA,WIFI_DROP,
13.096,7,STA,WIFI_DROP,
13.096,11,STA,WIFI_DROP,
13.0984,6,STA,WIFI_DROP,
13.0984,7,STA,WIFI_DROP,
13.0984,11,STA,WIFI_DROP,
13.1008,6,STA,WIFI_DROP,
13.1008,7,STA,WIFI_DROP,
13.1008,11,STA,WIFI_DROP,
13.1032,6,STA,WIFI_DROP,
13.1032,7,STA,WIFI_DROP,
13.1032,11,STA,WIFI_DROP,
13.1056,6,STA,WIFI_DROP,
13.1056,7,STA,WIFI_DROP,
13.1056,11,STA,WIFI_DROP,
13.108,6,STA,WIFI_DROP,
13.108,7,STA,WIFI_DROP,
13.108,11,STA,WIFI_DROP,
13.1104,6,STA,WIFI_DROP,
13.1104,7,STA,WIFI_DROP,
13.1104,11,STA,WIFI_DROP,
13.1128,6,STA,WIFI_DROP,
13.1128,7,STA,WIFI_DROP,
13.1128,11,STA,WIFI_DROP,
13.1152,6,STA,WIFI_DROP,
13.1152,7,STA,WIFI_DROP,
13.1152,11,STA,WIFI_DROP,
13.1176,6,STA,WIFI_DROP,
13.1176,7,STA,WIFI_DROP,
13.1176,11,STA,WIFI_DROP,
13.12,6,STA,WIFI_DROP,
13.12,7,STA,WIFI_DROP,
13.12,11,STA,WIFI_DROP,
13.1224,6,STA,WIFI_DROP,
13.1224,7,STA,WIFI_DROP,
13.1224,11,STA,WIFI_DROP,
13.1248,6,STA,WIFI_DROP,
13.1248,7,STA,WIFI_DROP,
13.1248,11,STA,WIFI_DROP,
13.1272,6,STA,WIFI_DROP,
13.1272,7,STA,WIFI_DROP,
13.1272,11,STA,WIFI_DROP,
13.1296,6,STA,WIFI_DROP,
13.1296,7,STA,WIFI_DROP,
13.1296,11,STA,WIFI_DROP,
13.132,6,STA,WIFI_DROP,
13.132,7,STA,WIFI_DROP,
13.132,11,STA,WIFI_DROP,
13.1344,6,STA,WIFI_DROP,
13.1344,7,STA,WIFI_DROP,
13.1344,11,STA,WIFI_DROP,
13.1368,6,STA,WIFI_DROP,
13.1368,7,STA,WIFI_DROP,
13.1368,11,STA,WIFI_DROP,
13.1392,6,STA,WIFI_DROP,
13.1392,7,STA,WIFI_DROP,
13.1392,11,STA,WIFI_DROP,
13.1416,6,STA,WIFI_DROP,
13.1416,7,STA,WIFI_DROP,
13.1416,11,STA,WIFI_DROP,
13.144,6,STA,WIFI_DROP,
13.144,7,STA,WIFI_DROP,
13.144,11,STA,WIFI_DROP,
13.1464,6,STA,WIFI_DROP,
13.1464,7,STA,WIFI_DROP,
13.1464,11,STA,WIFI_DROP,
13.1488,6,STA,WIFI_DROP,
13.1488,7,STA,WIFI_DROP,
13.1488,11,STA,WIFI_DROP,
13.1512,6,STA,WIFI_DROP,
13.1512,7,STA,WIFI_DROP,
13.1512,11,STA,WIFI_DROP,
13.1536,6,STA,WIFI_DROP,
13.1536,7,STA,WIFI_DROP,
13.1536,11,STA,WIFI_DROP,
13.156,6,STA,WIFI_DROP,
13.156,7,STA,WIFI_DROP,
13.156,11,STA,WIFI_DROP,
13.1584,6,STA,WIFI_DROP,
13.1584,7,STA,WIFI_DROP,
13.1584,11,STA,WIFI_DROP,
13.1608,6,STA,WIFI_DROP,
13.1608,7,STA,WIFI_DROP,
13.1608,11,STA,WIFI_DROP,
13.1632,6,STA,WIFI_DROP,
13.1632,7,STA,WIFI_DROP,
13.1632,11,STA,WIFI_DROP,
13.1656,6,STA,WIFI_DROP,
13.1656,7,STA,WIFI_DROP,
13.1656,11,STA,WIFI_DROP,
13.168,6,STA,WIFI_DROP,
13.168,7,STA,WIFI_DROP,
13.168,11,STA,WIFI_DROP,
13.1704,6,STA,WIFI_DROP,
13.1704,7,STA,WIFI_DROP,
13.1704,11,STA,WIFI_DROP,
13.1728,6,STA,WIFI_DROP,
13.1728,7,STA,WIFI_DROP,
13.1728,11,STA,WIFI_DROP,
13.1752,6,STA,WIFI_DROP,
13.1752,7,STA,WIFI_DROP,
13.1752,11,STA,WIFI_DROP,
13.1776,6,STA,WIFI_DROP,
13.1776,7,STA,WIFI_DROP,
13.1776,11,STA,WIFI_DROP,
13.18,6,STA,WIFI_DROP,
13.18,7,STA,WIFI_DROP,
13.18,11,STA,WIFI_DROP,
13.1824,6,STA,WIFI_DROP,
13.1824,7,STA,WIFI_DROP,
13.1824,11,STA,WIFI_DROP,
13.1848,6,STA,WIFI_DROP,
13.1848,7,STA,WIFI_DROP,
13.1848,11,STA,WIFI_DROP,
13.1872,6,STA,WIFI_DROP,
13.1872,7,STA,WIFI_DROP,
13.1872,11,STA,WIFI_DROP,
13.1896,6,STA,WIFI_DROP,
13.1896,7,STA,WIFI_DROP,
13.1896,11,STA,WIFI_DROP,
13.192,6,STA,WIFI_DROP,
13.192,7,STA,WIFI_DROP,
13.192,11,STA,WIFI_DROP,
13.1944,6,STA,WIFI_DROP,
13.1944,7,STA,WIFI_DROP,
13.1944,11,STA,WIFI_DROP,
13.1968,6,STA,WIFI_DROP,
13.1968,7,STA,WIFI_DROP,
13.1968,11,STA,WIFI_DROP,
13.1992,6,STA,WIFI_DROP,
13.1992,7,STA,WIFI_DROP,
13.1992,11,STA,WIFI_DROP,
13.2016,6,STA,WIFI_DROP,
13.2016,7,STA,WIFI_DROP,
13.2016,11,STA,WIFI_DROP,
13.204,6,STA,WIFI_DROP,
13.204,7,STA,WIFI_DROP,
13.204,11,STA,WIFI_DROP,
13.2064,6,STA,WIFI_DROP,
13.2064,7,STA,WIFI_DROP,
13.2064,11,STA,WIFI_DROP,
13.2088,6,STA,WIFI_DROP,
13.2088,7,STA,WIFI_DROP,
13.2088,11,STA,WIFI_DROP,
13.2112,6,STA,WIFI_DROP,
13.2112,7,STA,WIFI_DROP,
13.2112,11,STA,WIFI_DROP,
13.2136,6,STA,WIFI_DROP,
13.2136,7,STA,WIFI_DROP,
13.2136,11,STA,WIFI_DROP,
13.216,6,STA,WIFI_DROP,
13.216,7,STA,WIFI_DROP,
13.216,11,STA,WIFI_DROP,
13.2184,6,STA,WIFI_DROP,
13.2184,7,STA,WIFI_DROP,
13.2184,11,STA,WIFI_DROP,
13.2208,6,STA,WIFI_DROP,
13.2208,7,STA,WIFI_DROP,
13.2208,11,STA,WIFI_DROP,
13.2232,6,STA,WIFI_DROP,
13.2232,7,STA,WIFI_DROP,
13.2232,11,STA,WIFI_DROP,
13.2256,6,STA,WIFI_DROP,
13.2256,7,STA,WIFI_DROP,
13.2256,11,STA,WIFI_DROP,
13.228,6,STA,WIFI_DROP,
13.228,7,STA,WIFI_DROP,
13.228,11,STA,WIFI_DROP,
13.2304,6,STA,WIFI_DROP,
13.2304,7,STA,WIFI_DROP,
13.2304,11,STA,WIFI_DROP,
13.2328,6,STA,WIFI_DROP,
13.2328,7,STA,WIFI_DROP,
13.2328,11,STA,WIFI_DROP,
13.2352,6,STA,WIFI_DROP,
13.2352,7,STA,WIFI_DROP,
13.2352,11,STA,WIFI_DROP,
13.2376,6,STA,WIFI_DROP,
13.2376,7,STA,WIFI_DROP,
13.2376,11,STA,WIFI_DROP,
13.24,6,STA,WIFI_DROP,
13.24,7,STA,WIFI_DROP,
13.24,11,STA,WIFI_DROP,
13.2424,6,STA,WIFI_DROP,
13.2424,7,STA,WIFI_DROP,
13.2424,11,STA,WIFI_DROP,
13.2448,6,STA,WIFI_DROP,
13.2448,7,STA,WIFI_DROP,
13.2448,11,STA,WIFI_DROP,
13.2472,6,STA,WIFI_DROP,
13.2472,7,STA,WIFI_DROP,
13.2472,11,STA,WIFI_DROP,
13.2496,6,STA,WIFI_DROP,
13.2496,7,STA,WIFI_DROP,
13.2496,11,STA,WIFI_DROP,
13.252,6,STA,WIFI_DROP,
13.252,7,STA,WIFI_DROP,
13.252,11,STA,WIFI_DROP,
13.2544,6,STA,WIFI_DROP,
13.2544,7,STA,WIFI_DROP,
13.2544,11,STA,WIFI_DROP,
13.2568,6,STA,WIFI_DROP,
13.2568,7,STA,WIFI_DROP,
13.2568,11,STA,WIFI_DROP,
13.2592,6,STA,WIFI_DROP,
13.2592,7,STA,WIFI_DROP,
13.2592,11,STA,WIFI_DROP,
13.2616,6,STA,WIFI_DROP,
13.2616,7,STA,WIFI_DROP,
13.2616,11,STA,WIFI_DROP,
13.264,6,STA,WIFI_DROP,
13.264,7,STA,WIFI_DROP,
13.264,11,STA,WIFI_DROP,
13.2664,6,STA,WIFI_DROP,
13.2664,7,STA,WIFI_DROP,
13.2664,11,STA,WIFI_DROP,
13.2688,3,STA,WIFI_DROP,
13.2688,6,STA,WIFI_DROP,
13.2688,7,STA,WIFI_DROP,
13.2688,11,STA,WIFI_DROP,
13.2712,3,STA,WIFI_DROP,
13.2712,6,STA,WIFI_DROP,
13.2712,7,STA,WIFI_DROP,
13.2712,11,STA,WIFI_DROP,
13.2736,3,STA,WIFI_DROP,
13.2736,6,STA,WIFI_DROP,
13.2736,7,STA,WIFI_DROP,
13.2736,11,STA,WIFI_DROP,
13.276,3,STA,WIFI_DROP,
13.276,6,STA,WIFI_DROP,
13.276,7,STA,WIFI_DROP,
13.276,11,STA,WIFI_DROP,
13.2784,3,STA,WIFI_DROP,
13.2784,6,STA,WIFI_DROP,
13.2784,7,STA,WIFI_DROP,
13.2784,11,STA,WIFI_DROP,
13.2808,3,STA,WIFI_DROP,
13.2808,6,STA,WIFI_DROP,
13.2808,7,STA,WIFI_DROP,
13.2808,11,STA,WIFI_DROP,
13.2832,3,STA,WIFI_DROP,
13.2832,6,STA,WIFI_DROP,
13.2832,7,STA,WIFI_DROP,
13.2832,11,STA,WIFI_DROP,
13.2856,3,STA,WIFI_DROP,
13.2856,6,STA,WIFI_DROP,
13.2856,7,STA,WIFI_DROP,
13.2856,11,STA,WIFI_DROP,
13.288,3,STA,WIFI_DROP,
13.288,6,STA,WIFI_DROP,
13.288,7,STA,WIFI_DROP,
13.288,11,STA,WIFI_DROP,
13.2904,3,STA,WIFI_DROP,
13.2904,6,STA,WIFI_DROP,
13.2904,7,STA,WIFI_DROP,
13.2904,11,STA,WIFI_DROP,
13.2928,3,STA,WIFI_DROP,
13.2928,6,STA,WIFI_DROP,
13.2928,7,STA,WIFI_DROP,
13.2928,11,STA,WIFI_DROP,
13.2952,3,STA,WIFI_DROP,
13.2952,6,STA,WIFI_DROP,
13.2952,7,STA,WIFI_DROP,
13.2952,11,STA,WIFI_DROP,
13.2976,3,STA,WIFI_DROP,
13.2976,6,STA,WIFI_DROP,
13.2976,7,STA,WIFI_DROP,
13.2976,11,STA,WIFI_DROP,
13.3,3,STA,WIFI_DROP,
13.3,6,STA,WIFI_DROP,
13.3,7,STA,WIFI_DROP,
13.3,11,STA,WIFI_DROP,
13.3024,3,STA,WIFI_DROP,
13.3024,6,STA,WIFI_DROP,
13.3024,7,STA,WIFI_DROP,
13.3024,11,STA,WIFI_DROP,
13.3048,3,STA,WIFI_DROP,
13.3048,6,STA,WIFI_DROP,
13.3048,7,STA,WIFI_DROP,
13.3048,11,STA,WIFI_DROP,
13.3072,3,STA,WIFI_DROP,
13.3072,6,STA,WIFI_DROP,
13.3072,7,STA,WIFI_DROP,
13.3072,11,STA,WIFI_DROP,
13.3096,3,STA,WIFI_DROP,
13.3096,6,STA,WIFI_DROP,
13.3096,7,STA,WIFI_DROP,
13.3096,11,STA,WIFI_DROP,
13.312,3,STA,WIFI_DROP,
13.312,6,STA,WIFI_DROP,
13.312,7,STA,WIFI_DROP,
13.312,11,STA,WIFI_DROP,
13.3144,3,STA,WIFI_DROP,
13.3144,6,STA,WIFI_DROP,
13.3144,7,STA,WIFI_DROP,
13.3144,11,STA,WIFI_DROP,
13.3168,3,STA,WIFI_DROP,
13.3168,6,STA,WIFI_DROP,
13.3168,7,STA,WIFI_DROP,
13.3192,3,STA,WIFI_DROP,
13.3192,6,STA,WIFI_DROP,
13.3192,7,STA,WIFI_DROP,
13.3216,3,STA,WIFI_DROP,
13.3216,6,STA,WIFI_DROP,
13.3216,7,STA,WIFI_DROP,
13.324,3,STA,WIFI_DROP,
13.324,6,STA,WIFI_DROP,
13.324,7,STA,WIFI_DROP,
13.3264,3,STA,WIFI_DROP,
13.3264,6,STA,WIFI_DROP,
13.3264,7,STA,WIFI_DROP,
13.3288,3,STA,WIFI_DROP,
13.3288,6,STA,WIFI_DROP,
13.3288,7,STA,WIFI_DROP,
13.3312,3,STA,WIFI_DROP,
13.3312,6,STA,WIFI_DROP,
13.3312,7,STA,WIFI_DROP,
13.3336,3,STA,WIFI_DROP,
13.3336,6,STA,WIFI_DROP,
13.3336,7,STA,WIFI_DROP,
13.336,3,STA,WIFI_DROP,
13.336,6,STA,WIFI_DROP,
13.336,7,STA,WIFI_DROP,
13.3384,3,STA,WIFI_DROP,
13.3384,6,STA,WIFI_DROP,
13.3384,7,STA,WIFI_DROP,
13.3408,3,STA,WIFI_DROP,
13.3408,6,STA,WIFI_DROP,
13.3408,7,STA,WIFI_DROP,
13.3432,3,STA,WIFI_DROP,
13.3432,6,STA,WIFI_DROP,
13.3432,7,STA,WIFI_DROP,
13.3456,3,STA,WIFI_DROP,
13.3456,6,STA,WIFI_DROP,
13.3456,7,STA,WIFI_DROP,
13.348,3,STA,WIFI_DROP,
13.348,6,STA,WIFI_DROP,
13.348,7,STA,WIFI_DROP,
13.3504,3,STA,WIFI_DROP,
13.3504,6,STA,WIFI_DROP,
13.3504,7,STA,WIFI_DROP,
13.3528,3,STA,WIFI_DROP,
13.3528,6,STA,WIFI_DROP,
13.3528,7,STA,WIFI_DROP,
13.3552,3,STA,WIFI_DROP,
13.3552,6,STA,WIFI_DROP,
13.3552,7,STA,WIFI_DROP,
13.3576,3,STA,WIFI_DROP,
13.3576,6,STA,WIFI_DROP,
13.3576,7,STA,WIFI_DROP,
13.36,3,STA,WIFI_DROP,
13.36,6,STA,WIFI_DROP,
13.36,7,STA,WIFI_DROP,
13.3624,3,STA,WIFI_DROP,
13.3624,6,STA,WIFI_DROP,
13.3624,7,STA,WIFI_DROP,
13.3648,3,STA,WIFI_DROP,
13.3648,6,STA,WIFI_DROP,
13.3648,7,STA,WIFI_DROP,
13.3672,3,STA,WIFI_DROP,
13.3672,6,STA,WIFI_DROP,
13.3672,7,STA,WIFI_DROP,
13.3696,3,STA,WIFI_DROP,
13.3696,6,STA,WIFI_DROP,
13.3696,7,STA,WIFI_DROP,
13.372,3,STA,WIFI_DROP,
13.372,6,STA,WIFI_DROP,
13.372,7,STA,WIFI_DROP,
13.3744,3,STA,WIFI_DROP,
13.3744,6,STA,WIFI_DROP,
13.3744,7,STA,WIFI_DROP,
13.3768,6,STA,WIFI_DROP,
13.3768,7,STA,WIFI_DROP,
13.3792,6,STA,WIFI_DROP,
13.3792,7,STA,WIFI_DROP,
13.3816,6,STA,WIFI_DROP,
13.3816,7,STA,WIFI_DROP,
13.384,6,STA,WIFI_DROP,
13.384,7,STA,WIFI_DROP,
13.3864,6,STA,WIFI_DROP,
13.3864,7,STA,WIFI_DROP,
13.3888,6,STA,WIFI_DROP,
13.3888,7,STA,WIFI_DROP,
13.3912,6,STA,WIFI_DROP,
13.3912,7,STA,WIFI_DROP,
13.3936,6,STA,WIFI_DROP,
13.3936,7,STA,WIFI_DROP,
13.396,6,STA,WIFI_DROP,
13.396,7,STA,WIFI_DROP,
13.3984,6,STA,WIFI_DROP,
13.3984,7,STA,WIFI_DROP,
13.4008,6,STA,WIFI_DROP,
13.4008,7,STA,WIFI_DROP,
13.4032,6,STA,WIFI_DROP,
13.4032,7,STA,WIFI_DROP,
13.4056,6,STA,WIFI_DROP,
13.4056,7,STA,WIFI_DROP,
13.408,6,STA,WIFI_DROP,
13.408,7,STA,WIFI_DROP,
13.4104,6,STA,WIFI_DROP,
13.4104,7,STA,WIFI_DROP,
13.4128,6,STA,WIFI_DROP,
13.4128,7,STA,WIFI_DROP,
13.4152,6,STA,WIFI_DROP,
13.4152,7,STA,WIFI_DROP,
13.4176,6,STA,WIFI_DROP,
13.4176,7,STA,WIFI_DROP,
13.42,6,STA,WIFI_DROP,
13.42,7,STA,WIFI_DROP,
13.4224,6,STA,WIFI_DROP,
13.4224,7,STA,WIFI_DROP,
13.4248,6,STA,WIFI_DROP,
13.4248,7,STA,WIFI_DROP,
13.4272,6,STA,WIFI_DROP,
13.4272,7,STA,WIFI_DROP,
13.4296,6,STA,WIFI_DROP,
13.4296,7,STA,WIFI_DROP,
13.432,6,STA,WIFI_DROP,
13.432,7,STA,WIFI_DROP,
13.4344,6,STA,WIFI_DROP,
13.4344,7,STA,WIFI_DROP,
13.4368,6,STA,WIFI_DROP,
13.4368,7,STA,WIFI_DROP,
13.4392,6,STA,WIFI_DROP,
13.4392,7,STA,WIFI_DROP,
13.4416,6,STA,WIFI_DROP,
13.4416,7,STA,WIFI_DROP,
13.444,6,STA,WIFI_DROP,
13.444,7,STA,WIFI_DROP,
13.4464,6,STA,WIFI_DROP,
13.4464,7,STA,WIFI_DROP,
13.4488,6,STA,WIFI_DROP,
13.4488,7,STA,WIFI_DROP,
13.4512,6,STA,WIFI_DROP,
13.4512,7,STA,WIFI_DROP,
13.4536,6,STA,WIFI_DROP,
13.4536,7,STA,WIFI_DROP,
13.456,6,STA,WIFI_DROP,
13.456,7,STA,WIFI_DROP,
13.4584,6,STA,WIFI_DROP,
13.4584,7,STA,WIFI_DROP,
13.4608,6,STA,WIFI_DROP,
13.4608,7,STA,WIFI_DROP,
13.4632,6,STA,WIFI_DROP,
13.4632,7,STA,WIFI_DROP,
13.4656,6,STA,WIFI_DROP,
13.4656,7,STA,WIFI_DROP,
13.468,6,STA,WIFI_DROP,
13.468,7,STA,WIFI_DROP,
13.4704,6,STA,WIFI_DROP,
13.4704,7,STA,WIFI_DROP,
13.4728,6,STA,WIFI_DROP,
13.4728,7,STA,WIFI_DROP,
13.4752,6,STA,WIFI_DROP,
13.4752,7,STA,WIFI_DROP,
13.4776,6,STA,WIFI_DROP,
13.4776,7,STA,WIFI_DROP,
13.48,6,STA,WIFI_DROP,
13.48,7,STA,WIFI_DROP,
13.4824,6,STA,WIFI_DROP,
13.4824,7,STA,WIFI_DROP,
13.4848,6,STA,WIFI_DROP,
13.4848,7,STA,WIFI_DROP,
13.4872,6,STA,WIFI_DROP,
13.4872,7,STA,WIFI_DROP,
13.4896,6,STA,WIFI_DROP,
13.4896,7,STA,WIFI_DROP,
13.492,6,STA,WIFI_DROP,
13.492,7,STA,WIFI_DROP,
13.4944,6,STA,WIFI_DROP,
13.4944,7,STA,WIFI_DROP,
13.4968,6,STA,WIFI_DROP,
13.4968,7,STA,WIFI_DROP,
13.4992,6,STA,WIFI_DROP,
13.4992,7,STA,WIFI_DROP,
13.5016,6,STA,WIFI_DROP,
13.5016,7,STA,WIFI_DROP,
13.504,6,STA,WIFI_DROP,
13.504,7,STA,WIFI_DROP,
13.5064,6,STA,WIFI_DROP,
13.5064,7,STA,WIFI_DROP,
13.5088,6,STA,WIFI_DROP,
13.5088,7,STA,WIFI_DROP,
13.5112,6,STA,WIFI_DROP,
13.5112,7,STA,WIFI_DROP,
13.5136,6,STA,WIFI_DROP,
13.5136,7,STA,WIFI_DROP,
13.516,6,STA,WIFI_DROP,
13.516,7,STA,WIFI_DROP,
13.5184,6,STA,WIFI_DROP,
13.5184,7,STA,WIFI_DROP,
13.5208,6,STA,WIFI_DROP,
13.5208,7,STA,WIFI_DROP,
13.5232,6,STA,WIFI_DROP,
13.5232,7,STA,WIFI_DROP,
13.5256,6,STA,WIFI_DROP,
13.5256,7,STA,WIFI_DROP,
13.528,6,STA,WIFI_DROP,
13.528,7,STA,WIFI_DROP,
13.5304,6,STA,WIFI_DROP,
13.5304,7,STA,WIFI_DROP,
13.5328,6,STA,WIFI_DROP,
13.5328,7,STA,WIFI_DROP,
13.5352,6,STA,WIFI_DROP,
13.5352,7,STA,WIFI_DROP,
13.5376,6,STA,WIFI_DROP,
13.5376,7,STA,WIFI_DROP,
13.54,6,STA,WIFI_DROP,
13.54,7,STA,WIFI_DROP,
13.5424,6,STA,WIFI_DROP,
13.5424,7,STA,WIFI_DROP,
13.5448,6,STA,WIFI_DROP,
13.5448,7,STA,WIFI_DROP,
13.5472,6,STA,WIFI_DROP,
13.5472,7,STA,WIFI_DROP,
13.5496,6,STA,WIFI_DROP,
13.5496,7,STA,WIFI_DROP,
13.552,6,STA,WIFI_DROP,
13.552,7,STA,WIFI_DROP,
13.5544,6,STA,WIFI_DROP,
13.5544,7,STA,WIFI_DROP,
13.5568,6,STA,WIFI_DROP,
13.5568,7,STA,WIFI_DROP,
13.5592,6,STA,WIFI_DROP,
13.5592,7,STA,WIFI_DROP,
13.5616,6,STA,WIFI_DROP,
13.5616,7,STA,WIFI_DROP,
13.564,6,STA,WIFI_DROP,
13.564,7,STA,WIFI_DROP,
13.5664,6,STA,WIFI_DROP,
13.5664,7,STA,WIFI_DROP,
13.5688,6,STA,WIFI_DROP,
13.5688,7,STA,WIFI_DROP,
13.5712,6,STA,WIFI_DROP,
13.5712,7,STA,WIFI_DROP,
13.5736,6,STA,WIFI_DROP,
13.5736,7,STA,WIFI_DROP,
13.576,6,STA,WIFI_DROP,
13.576,7,STA,WIFI_DROP,
13.5784,6,STA,WIFI_DROP,
13.5784,7,STA,WIFI_DROP,
13.5808,6,STA,WIFI_DROP,
13.5808,7,STA,WIFI_DROP,
13.5808,9,STA,WIFI_DROP,
13.5808,19,STA,WIFI_DROP,
13.5832,6,STA,WIFI_DROP,
13.5832,7,STA,WIFI_DROP,
13.5832,9,STA,WIFI_DROP,
13.5832,19,STA,WIFI_DROP,
13.5856,6,STA,WIFI_DROP,
13.5856,7,STA,WIFI_DROP,
13.5856,9,STA,WIFI_DROP,
13.5856,19,STA,WIFI_DROP,
13.588,6,STA,WIFI_DROP,
13.588,7,STA,WIFI_DROP,
13.588,9,STA,WIFI_DROP,
13.588,19,STA,WIFI_DROP,
13.5904,6,STA,WIFI_DROP,
13.5904,7,STA,WIFI_DROP,
13.5904,9,STA,WIFI_DROP,
13.5904,19,STA,WIFI_DROP,
13.5928,6,STA,WIFI_DROP,
13.5928,7,STA,WIFI_DROP,
13.5928,9,STA,WIFI_DROP,
13.5928,19,STA,WIFI_DROP,
13.5952,6,STA,WIFI_DROP,
13.5952,7,STA,WIFI_DROP,
13.5952,9,STA,WIFI_DROP,
13.5952,19,STA,WIFI_DROP,
13.5976,6,STA,WIFI_DROP,
13.5976,7,STA,WIFI_DROP,
13.5976,9,STA,WIFI_DROP,
13.5976,19,STA,WIFI_DROP,
13.6,6,STA,WIFI_DROP,
13.6,7,STA,WIFI_DROP,
13.6,9,STA,WIFI_DROP,
13.6,19,STA,WIFI_DROP,
13.6024,6,STA,WIFI_DROP,
13.6024,7,STA,WIFI_DROP,
13.6024,9,STA,WIFI_DROP,
13.6024,19,STA,WIFI_DROP,
13.6048,6,STA,WIFI_DROP,
13.6048,7,STA,WIFI_DROP,
13.6048,9,STA,WIFI_DROP,
13.6048,19,STA,WIFI_DROP,
13.6072,6,STA,WIFI_DROP,
13.6072,7,STA,WIFI_DROP,
13.6072,9,STA,WIFI_DROP,
13.6072,19,STA,WIFI_DROP,
13.6096,6,STA,WIFI_DROP,
13.6096,7,STA,WIFI_DROP,
13.6096,9,STA,WIFI_DROP,
13.6096,19,STA,WIFI_DROP,
13.612,6,STA,WIFI_DROP,
13.612,7,STA,WIFI_DROP,
13.612,9,STA,WIFI_DROP,
13.612,19,STA,WIFI_DROP,
13.6144,6,STA,WIFI_DROP,
13.6144,7,STA,WIFI_DROP,
13.6144,9,STA,WIFI_DROP,
13.6144,19,STA,WIFI_DROP,
13.6168,6,STA,WIFI_DROP,
13.6168,7,STA,WIFI_DROP,
13.6168,9,STA,WIFI_DROP,
13.6168,19,STA,WIFI_DROP,
13.6192,6,STA,WIFI_DROP,
13.6192,7,STA,WIFI_DROP,
13.6192,9,STA,WIFI_DROP,
13.6192,19,STA,WIFI_DROP,
13.6216,6,STA,WIFI_DROP,
13.6216,7,STA,WIFI_DROP,
13.6216,9,STA,WIFI_DROP,
13.6216,19,STA,WIFI_DROP,
13.624,6,STA,WIFI_DROP,
13.624,7,STA,WIFI_DROP,
13.624,9,STA,WIFI_DROP,
13.624,19,STA,WIFI_DROP,
13.6264,6,STA,WIFI_DROP,
13.6264,7,STA,WIFI_DROP,
13.6264,9,STA,WIFI_DROP,
13.6264,19,STA,WIFI_DROP,
13.6288,6,STA,WIFI_DROP,
13.6288,7,STA,WIFI_DROP,
13.6288,9,STA,WIFI_DROP,
13.6288,19,STA,WIFI_DROP,
13.6312,6,STA,WIFI_DROP,
13.6312,7,STA,WIFI_DROP,
13.6312,9,STA,WIFI_DROP,
13.6312,19,STA,WIFI_DROP,
13.6336,6,STA,WIFI_DROP,
13.6336,7,STA,WIFI_DROP,
13.6336,9,STA,WIFI_DROP,
13.6336,19,STA,WIFI_DROP,
13.636,6,STA,WIFI_DROP,
13.636,7,STA,WIFI_DROP,
13.636,9,STA,WIFI_DROP,
13.636,19,STA,WIFI_DROP,
13.6384,6,STA,WIFI_DROP,
13.6384,7,STA,WIFI_DROP,
13.6384,9,STA,WIFI_DROP,
13.6384,19,STA,WIFI_DROP,
13.6408,6,STA,WIFI_DROP,
13.6408,7,STA,WIFI_DROP,
13.6408,9,STA,WIFI_DROP,
13.6408,19,STA,WIFI_DROP,
13.6432,6,STA,WIFI_DROP,
13.6432,7,STA,WIFI_DROP,
13.6432,9,STA,WIFI_DROP,
13.6432,19,STA,WIFI_DROP,
13.6456,6,STA,WIFI_DROP,
13.6456,7,STA,WIFI_DROP,
13.6456,9,STA,WIFI_DROP,
13.6456,19,STA,WIFI_DROP,
13.648,6,STA,WIFI_DROP,
13.648,7,STA,WIFI_DROP,
13.648,9,STA,WIFI_DROP,
13.648,19,STA,WIFI_DROP,
13.6504,6,STA,WIFI_DROP,
13.6504,7,STA,WIFI_DROP,
13.6504,9,STA,WIFI_DROP,
13.6504,19,STA,WIFI_DROP,
13.6528,6,STA,WIFI_DROP,
13.6528,9,STA,WIFI_DROP,
13.6528,19,STA,WIFI_DROP,
13.6552,6,STA,WIFI_DROP,
13.6552,9,STA,WIFI_DROP,
13.6552,19,STA,WIFI_DROP,
13.6576,6,STA,WIFI_DROP,
13.6576,9,STA,WIFI_DROP,
13.6576,19,STA,WIFI_DROP,
13.66,6,STA,WIFI_DROP,
13.66,9,STA,WIFI_DROP,
13.66,19,STA,WIFI_DROP,
13.6624,6,STA,WIFI_DROP,
13.6624,9,STA,WIFI_DROP,
13.6624,19,STA,WIFI_DROP,
13.6648,6,STA,WIFI_DROP,
13.6648,9,STA,WIFI_DROP,
13.6648,19,STA,WIFI_DROP,
13.6672,6,STA,WIFI_DROP,
13.6672,9,STA,WIFI_DROP,
13.6672,19,STA,WIFI_DROP,
13.6696,6,STA,WIFI_DROP,
13.6696,9,STA,WIFI_DROP,
13.6696,19,STA,WIFI_DROP,
13.672,6,STA,WIFI_DROP,
13.672,7,STA,WIFI_DROP,
13.672,9,STA,WIFI_DROP,
13.672,19,STA,WIFI_DROP,
13.6744,6,STA,WIFI_DROP,
13.6744,7,STA,WIFI_DROP,
13.6744,9,STA,WIFI_DROP,
13.6744,19,STA,WIFI_DROP,
13.6768,6,STA,WIFI_DROP,
13.6768,7,STA,WIFI_DROP,
13.6768,9,STA,WIFI_DROP,
13.6768,19,STA,WIFI_DROP,
13.6792,6,STA,WIFI_DROP,
13.6792,7,STA,WIFI_DROP,
13.6792,9,STA,WIFI_DROP,
13.6792,19,STA,WIFI_DROP,
13.6816,6,STA,WIFI_DROP,
13.6816,7,STA,WIFI_DROP,
13.6816,19,STA,WIFI_DROP,
13.684,6,STA,WIFI_DROP,
13.684,7,STA,WIFI_DROP,
13.684,19,STA,WIFI_DROP,
13.6864,6,STA,WIFI_DROP,
13.6864,7,STA,WIFI_DROP,
13.6864,19,STA,WIFI_DROP,
13.6888,6,STA,WIFI_DROP,
13.6888,7,STA,WIFI_DROP,
13.6888,19,STA,WIFI_DROP,
13.6912,6,STA,WIFI_DROP,
13.6912,7,STA,WIFI_DROP,
13.6912,19,STA,WIFI_DROP,
13.6936,6,STA,WIFI_DROP,
13.6936,7,STA,WIFI_DROP,
13.6936,19,STA,WIFI_DROP,
13.696,6,STA,WIFI_DROP,
13.696,7,STA,WIFI_DROP,
13.696,19,STA,WIFI_DROP,
13.6984,6,STA,WIFI_DROP,
13.6984,7,STA,WIFI_DROP,
13.6984,19,STA,WIFI_DROP,
13.7008,6,STA,WIFI_DROP,
13.7008,7,STA,WIFI_DROP,
13.7008,19,STA,WIFI_DROP,
13.7032,6,STA,WIFI_DROP,
13.7032,7,STA,WIFI_DROP,
13.7032,19,STA,WIFI_DROP,
13.7056,6,STA,WIFI_DROP,
13.7056,7,STA,WIFI_DROP,
13.7056,19,STA,WIFI_DROP,
13.708,6,STA,WIFI_DROP,
13.708,7,STA,WIFI_DROP,
13.708,19,STA,WIFI_DROP,
13.7104,6,STA,WIFI_DROP,
13.7104,7,STA,WIFI_DROP,
13.7104,19,STA,WIFI_DROP,
13.7128,6,STA,WIFI_DROP,
13.7128,7,STA,WIFI_DROP,
13.7128,19,STA,WIFI_DROP,
13.7152,6,STA,WIFI_DROP,
13.7152,7,STA,WIFI_DROP,
13.7152,19,STA,WIFI_DROP,
13.7176,6,STA,WIFI_DROP,
13.7176,7,STA,WIFI_DROP,
13.7176,19,STA,WIFI_DROP,
13.72,6,STA,WIFI_DROP,
13.72,7,STA,WIFI_DROP,
13.72,19,STA,WIFI_DROP,
13.7224,6,STA,WIFI_DROP,
13.7224,7,STA,WIFI_DROP,
13.7224,19,STA,WIFI_DROP,
13.7248,6,STA,WIFI_DROP,
13.7248,19,STA,WIFI_DROP,
13.7272,6,STA,WIFI_DROP,
13.7272,19,STA,WIFI_DROP,
13.7296,6,STA,WIFI_DROP,
13.7296,19,STA,WIFI_DROP,
13.732,6,STA,WIFI_DROP,
13.7344,6,STA,WIFI_DROP,
13.7368,6,STA,WIFI_DROP,
13.7392,6,STA,WIFI_DROP,
13.7416,6,STA,WIFI_DROP,
13.744,6,STA,WIFI_DROP,
13.7464,6,STA,WIFI_DROP,
13.7488,6,STA,WIFI_DROP,
13.7512,6,STA,WIFI_DROP,
13.7536,6,STA,WIFI_DROP,
13.756,6,STA,WIFI_DROP,
13.7584,6,STA,WIFI_DROP,
13.7608,6,STA,WIFI_DROP,
13.7632,6,STA,WIFI_DROP,
13.7656,6,STA,WIFI_DROP,
13.768,6,STA,WIFI_DROP,
13.7704,6,STA,WIFI_DROP,
13.7728,6,STA,WIFI_DROP,
13.7752,6,STA,WIFI_DROP,
13.7776,6,STA,WIFI_DROP,
13.78,6,STA,WIFI_DROP,
13.7824,6,STA,WIFI_DROP,
13.7848,6,STA,WIFI_DROP,
13.7872,6,STA,WIFI_DROP,
13.7896,6,STA,WIFI_DROP,
13.792,6,STA,WIFI_DROP,
13.7944,6,STA,WIFI_DROP,
13.7968,6,STA,WIFI_DROP,
13.7992,6,STA,WIFI_DROP,
13.8016,6,STA,WIFI_DROP,
13.804,6,STA,WIFI_DROP,
13.8064,6,STA,WIFI_DROP,
13.8088,6,STA,WIFI_DROP,
13.8112,6,STA,WIFI_DROP,
13.8136,6,STA,WIFI_DROP,
13.816,6,STA,WIFI_DROP,
13.8184,6,STA,WIFI_DROP,
13.8208,6,STA,WIFI_DROP,
13.8232,6,STA,WIFI_DROP,
13.8256,6,STA,WIFI_DROP,
13.828,6,STA,WIFI_DROP,
13.8304,6,STA,WIFI_DROP,
13.8328,6,STA,WIFI_DROP,
13.8352,6,STA,WIFI_DROP,
13.8376,6,STA,WIFI_DROP,
13.84,6,STA,WIFI_DROP,
13.8424,6,STA,WIFI_DROP,
13.8448,6,STA,WIFI_DROP,
13.8472,6,STA,WIFI_DROP,
13.8496,6,STA,WIFI_DROP,
13.852,6,STA,WIFI_DROP,
13.8544,6,STA,WIFI_DROP,
13.8568,6,STA,WIFI_DROP,
13.8592,6,STA,WIFI_DROP,
13.8616,6,STA,WIFI_DROP,
13.864,6,STA,WIFI_DROP,
13.8664,6,STA,WIFI_DROP,
13.8688,6,STA,WIFI_DROP,
13.8712,6,STA,WIFI_DROP,
13.8736,6,STA,WIFI_DROP,
13.876,6,STA,WIFI_DROP,
13.8784,6,STA,WIFI_DROP,
13.8808,6,STA,WIFI_DROP,
13.8832,6,STA,WIFI_DROP,
13.8856,6,STA,WIFI_DROP,
13.8856,18,STA,WIFI_DROP,
13.888,6,STA,WIFI_DROP,
13.888,18,STA,WIFI_DROP,
13.8904,6,STA,WIFI_DROP,
13.8904,18,STA,WIFI_DROP,
13.8928,6,STA,WIFI_DROP,
13.8928,18,STA,WIFI_DROP,
13.8952,6,STA,WIFI_DROP,
13.8952,18,STA,WIFI_DROP,
13.8976,6,STA,WIFI_DROP,
13.8976,18,STA,WIFI_DROP,
13.9,6,STA,WIFI_DROP,
13.9,18,STA,WIFI_DROP,
13.9024,6,STA,WIFI_DROP,
13.9024,18,STA,WIFI_DROP,
13.9048,6,STA,WIFI_DROP,
13.9048,18,STA,WIFI_DROP,
13.9072,6,STA,WIFI_DROP,
13.9072,18,STA,WIFI_DROP,
13.9096,6,STA,WIFI_DROP,
13.9096,18,STA,WIFI_DROP,
13.912,6,STA,WIFI_DROP,
13.912,18,STA,WIFI_DROP,
13.9144,6,STA,WIFI_DROP,
13.9144,18,STA,WIFI_DROP,
13.9168,6,STA,WIFI_DROP,
13.9168,18,STA,WIFI_DROP,
13.9192,6,STA,WIFI_DROP,
13.9192,18,STA,WIFI_DROP,
13.9216,6,STA,WIFI_DROP,
13.9216,18,STA,WIFI_DROP,
13.924,6,STA,WIFI_DROP,
13.924,18,STA,WIFI_DROP,
13.9264,6,STA,WIFI_DROP,
13.9264,18,STA,WIFI_DROP,
13.9288,6,STA,WIFI_DROP,
13.9288,18,STA,WIFI_DROP,
13.9312,6,STA,WIFI_DROP,
13.9312,18,STA,WIFI_DROP,
13.9336,6,STA,WIFI_DROP,
13.9336,18,STA,WIFI_DROP,
13.936,6,STA,WIFI_DROP,
13.936,18,STA,WIFI_DROP,
13.9384,6,STA,WIFI_DROP,
13.9408,6,STA,WIFI_DROP,
13.9432,6,STA,WIFI_DROP,
13.9456,6,STA,WIFI_DROP,
13.948,6,STA,WIFI_DROP,
13.9504,6,STA,WIFI_DROP,
13.9528,6,STA,WIFI_DROP,
13.9552,6,STA,WIFI_DROP,
13.9576,6,STA,WIFI_DROP,
13.96,6,STA,WIFI_DROP,
13.9624,6,STA,WIFI_DROP,
13.9648,6,STA,WIFI_DROP,
13.9672,6,STA,WIFI_DROP,
13.9696,6,STA,WIFI_DROP,
13.972,6,STA,WIFI_DROP,
13.9744,6,STA,WIFI_DROP,
13.9768,6,STA,WIFI_DROP,
13.9792,6,STA,WIFI_DROP,
13.9816,6,STA,WIFI_DROP,
13.984,6,STA,WIFI_DROP,
13.9864,6,STA,WIFI_DROP,
13.9864,21,STA,WIFI_DROP,
13.9888,6,STA,WIFI_DROP,
13.9888,21,STA,WIFI_DROP,
13.9912,6,STA,WIFI_DROP,
13.9912,21,STA,WIFI_DROP,
13.9936,6,STA,WIFI_DROP,
13.9936,21,STA,WIFI_DROP,
13.996,6,STA,WIFI_DROP,
13.996,21,STA,WIFI_DROP,
13.9984,6,STA,WIFI_DROP,
13.9984,21,STA,WIFI_DROP,
14,2,STA,THROUGHPUT_MBPS,2.172000
14,4,STA,THROUGHPUT_MBPS,2.436000
14,7,STA,THROUGHPUT_MBPS,0.180000
14,8,STA,THROUGHPUT_MBPS,1.896000
14,9,STA,THROUGHPUT_MBPS,1.464000
14,11,STA,THROUGHPUT_MBPS,1.512000
14,12,STA,THROUGHPUT_MBPS,2.736000
14,13,STA,THROUGHPUT_MBPS,0.324000
14,14,STA,THROUGHPUT_MBPS,0.276000
14,16,STA,THROUGHPUT_MBPS,0.720000
14,17,STA,THROUGHPUT_MBPS,2.460000
14,19,STA,THROUGHPUT_MBPS,0.324000
14,21,STA,THROUGHPUT_MBPS,3.072000
14,1,AP,AGGREGATE_THROUGHPUT_MBPS,19.572000
14,1,AP,SENT_COUNT,8340.000000
14,1,AP,RECV_COUNT,1631.000000
14,1,AP,LATENCY_P95_MS,543.980593
14.0008,6,STA,WIFI_DROP,
14.0008,21,STA,WIFI_DROP,
14.0032,6,STA,WIFI_DROP,
14.0032,21,STA,WIFI_DROP,
14.0056,6,STA,WIFI_DROP,
14.0056,21,STA,WIFI_DROP,
14.008,6,STA,WIFI_DROP,
14.008,21,STA,WIFI_DROP,
14.0104,6,STA,WIFI_DROP,
14.0104,21,STA,WIFI_DROP,
14.0128,6,STA,WIFI_DROP,
14.0128,21,STA,WIFI_DROP,
14.0152,6,STA,WIFI_DROP,
14.0152,21,STA,WIFI_DROP,
14.0176,6,STA,WIFI_DROP,
14.0176,21,STA,WIFI_DROP,
14.02,6,STA,WIFI_DROP,
14.02,21,STA,WIFI_DROP,
14.0224,6,STA,WIFI_DROP,
14.0224,21,STA,WIFI_DROP,
14.0248,6,STA,WIFI_DROP,
14.0248,21,STA,WIFI_DROP,
14.0272,6,STA,WIFI_DROP,
14.0272,21,STA,WIFI_DROP,
14.0296,6,STA,WIFI_DROP,
14.0296,21,STA,WIFI_DROP,
14.032,6,STA,WIFI_DROP,
14.032,21,STA,WIFI_DROP,
14.0344,6,STA,WIFI_DROP,
14.0344,21,STA,WIFI_DROP,
14.0368,6,STA,WIFI_DROP,
14.0368,21,STA,WIFI_DROP,
14.0392,6,STA,WIFI_DROP,
14.0392,21,STA,WIFI_DROP,
14.0416,6,STA,WIFI_DROP,
14.0416,21,STA,WIFI_DROP,
14.044,6,STA,WIFI_DROP,
14.044,21,STA,WIFI_DROP,
14.0464,6,STA,WIFI_DROP,
14.0464,21,STA,WIFI_DROP,
14.0488,6,STA,WIFI_DROP,
14.0488,21,STA,WIFI_DROP,
14.0512,6,STA,WIFI_DROP,
14.0512,21,STA,WIFI_DROP,
14.0536,6,STA,WIFI_DROP,
14.0536,21,STA,WIFI_DROP,
14.056,6,STA,WIFI_DROP,
14.056,21,STA,WIFI_DROP,
14.0584,6,STA,WIFI_DROP,
14.0584,21,STA,WIFI_DROP,
14.0608,6,STA,WIFI_DROP,
14.0608,21,STA,WIFI_DROP,
14.0632,6,STA,WIFI_DROP,
14.0632,21,STA,WIFI_DROP,
14.0656,6,STA,WIFI_DROP,
14.0656,21,STA,WIFI_DROP,
14.068,6,STA,WIFI_DROP,
14.068,21,STA,WIFI_DROP,
14.0704,6,STA,WIFI_DROP,
14.0704,21,STA,WIFI_DROP,
14.0728,6,STA,WIFI_DROP,
14.0728,21,STA,WIFI_DROP,
14.0752,6,STA,WIFI_DROP,
14.0752,21,STA,WIFI_DROP,
14.0776,6,STA,WIFI_DROP,
14.0776,21,STA,WIFI_DROP,
14.08,6,STA,WIFI_DROP,
14.08,21,STA,WIFI_DROP,
14.0824,6,STA,WIFI_DROP,
14.0824,21,STA,WIFI_DROP,
14.0848,6,STA,WIFI_DROP,
14.0848,21,STA,WIFI_DROP,
14.0872,6,STA,WIFI_DROP,
14.0872,21,STA,WIFI_DROP,
14.0896,6,STA,WIFI_DROP,
14.092,6,STA,WIFI_DROP,
14.0944,6,STA,WIFI_DROP,
14.0968,6,STA,WIFI_DROP,
14.0992,6,STA,WIFI_DROP,
14.1016,6,STA,WIFI_DROP,
14.104,6,STA,WIFI_DROP,
14.1064,6,STA,WIFI_DROP,
14.1088,6,STA,WIFI_DROP,
14.1112,6,STA,WIFI_DROP,
14.1136,6,STA,WIFI_DROP,
14.116,6,STA,WIFI_DROP,
14.1184,6,STA,WIFI_DROP,
14.1208,6,STA,WIFI_DROP,
14.1232,6,STA,WIFI_DROP,
14.1256,6,STA,WIFI_DROP,
14.128,6,STA,WIFI_DROP,
14.1304,6,STA,WIFI_DROP,
14.1328,6,STA,WIFI_DROP,
14.1352,6,STA,WIFI_DROP,
14.1376,6,STA,WIFI_DROP,
14.14,6,STA,WIFI_DROP,
14.1424,6,STA,WIFI_DROP,
14.1448,6,STA,WIFI_DROP,
14.1472,6,STA,WIFI_DROP,
14.1496,6,STA,WIFI_DROP,
14.152,6,STA,WIFI_DROP,
14.1544,6,STA,WIFI_DROP,
14.1568,6,STA,WIFI_DROP,
14.1592,6,STA,WIFI_DROP,
14.1616,6,STA,WIFI_DROP,
14.164,6,STA,WIFI_DROP,
14.1664,6,STA,WIFI_DROP,
14.1688,6,STA,WIFI_DROP,
14.1712,6,STA,WIFI_DROP,
14.1736,6,STA,WIFI_DROP,
14.176,6,STA,WIFI_DROP,
14.1784,6,STA,WIFI_DROP,
14.1808,6,STA,WIFI_DROP,
14.1832,6,STA,WIFI_DROP,
14.1856,6,STA,WIFI_DROP,
14.188,6,STA,WIFI_DROP,
14.1904,6,STA,WIFI_DROP,
14.1928,6,STA,WIFI_DROP,
14.1952,6,STA,WIFI_DROP,
14.1976,6,STA,WIFI_DROP,
14.2,6,STA,WIFI_DROP,
14.2024,6,STA,WIFI_DROP,
14.2048,6,STA,WIFI_DROP,
14.2072,6,STA,WIFI_DROP,
14.2096,6,STA,WIFI_DROP,
14.212,6,STA,WIFI_DROP,
14.2144,6,STA,WIFI_DROP,
14.2168,6,STA,WIFI_DROP,
14.2192,6,STA,WIFI_DROP,
14.2216,6,STA,WIFI_DROP,
14.224,6,STA,WIFI_DROP,
14.2264,6,STA,WIFI_DROP,
14.2288,6,STA,WIFI_DROP,
14.2312,6,STA,WIFI_DROP,
14.2336,6,STA,WIFI_DROP,
14.236,6,STA,WIFI_DROP,
14.2384,6,STA,WIFI_DROP,
14.2408,6,STA,WIFI_DROP,
14.2432,6,STA,WIFI_DROP,
14.2456,6,STA,WIFI_DROP,
14.248,6,STA,WIFI_DROP,
14.2504,6,STA,WIFI_DROP,
14.2528,6,STA,WIFI_DROP,
14.2552,6,STA,WIFI_DROP,
14.2576,6,STA,WIFI_DROP,
14.26,6,STA,WIFI_DROP,
14.2624,6,STA,WIFI_DROP,
14.2648,6,STA,WIFI_DROP,
14.2672,6,STA,WIFI_DROP,
14.2696,6,STA,WIFI_DROP,
14.272,6,STA,WIFI_DROP,
14.2744,6,STA,WIFI_DROP,
14.2768,6,STA,WIFI_DROP,
14.2792,6,STA,WIFI_DROP,
14.2816,6,STA,WIFI_DROP,
14.284,6,STA,WIFI_DROP,
14.2864,6,STA,WIFI_DROP,
14.2888,6,STA,WIFI_DROP,
14.2912,6,STA,WIFI_DROP,
14.2936,6,STA,WIFI_DROP,
14.296,6,STA,WIFI_DROP,
14.2984,6,STA,WIFI_DROP,
14.3008,6,STA,WIFI_DROP,
14.3032,6,STA,WIFI_DROP,
14.3056,6,STA,WIFI_DROP,
14.308,6,STA,WIFI_DROP,
14.3104,6,STA,WIFI_DROP,
14.3128,6,STA,WIFI_DROP,
14.3152,6,STA,WIFI_DROP,
14.3176,6,STA,WIFI_DROP,
14.32,6,STA,WIFI_DROP,
14.3224,6,STA,WIFI_DROP,
14.3248,6,STA,WIFI_DROP,
14.3272,6,STA,WIFI_DROP,
14.3296,6,STA,WIFI_DROP,
14.332,6,STA,WIFI_DROP,
14.3344,6,STA,WIFI_DROP,
14.3368,6,STA,WIFI_DROP,
14.3392,6,STA,WIFI_DROP,
14.3416,6,STA,WIFI_DROP,
14.344,6,STA,WIFI_DROP,
14.3464,6,STA,WIFI_DROP,
14.3488,6,STA,WIFI_DROP,
14.3512,6,STA,WIFI_DROP,
14.3536,6,STA,WIFI_DROP,
14.356,6,STA,WIFI_DROP,
14.3584,6,STA,WIFI_DROP,
14.3608,6,STA,WIFI_DROP,
14.3632,6,STA,WIFI_DROP,
14.3656,6,STA,WIFI_DROP,
14.368,6,STA,WIFI_DROP,
14.3704,6,STA,WIFI_DROP,
14.3728,6,STA,WIFI_DROP,
14.3752,6,STA,WIFI_DROP,
14.3776,6,STA,WIFI_DROP,
14.38,6,STA,WIFI_DROP,
14.3824,6,STA,WIFI_DROP,
14.3848,6,STA,WIFI_DROP,
14.3872,6,STA,WIFI_DROP,
14.3896,6,STA,WIFI_DROP,
14.392,6,STA,WIFI_DROP,
14.3944,6,STA,WIFI_DROP,
14.3968,6,STA,WIFI_DROP,
14.3992,6,STA,WIFI_DROP,
14.4016,6,STA,WIFI_DROP,
14.404,6,STA,WIFI_DROP,
14.4064,6,STA,WIFI_DROP,
14.4088,6,STA,WIFI_DROP,
14.4112,6,STA,WIFI_DROP,
14.4136,6,STA,WIFI_DROP,
14.416,6,STA,WIFI_DROP,
14.4184,6,STA,WIFI_DROP,
14.4208,6,STA,WIFI_DROP,
14.4232,6,STA,WIFI_DROP,
14.4256,6,STA,WIFI_DROP,
14.428,6,STA,WIFI_DROP,
14.4304,6,STA,WIFI_DROP,
14.4328,6,STA,WIFI_DROP,
14.4352,6,STA,WIFI_DROP,
14.4376,6,STA,WIFI_DROP,
14.44,6,STA,WIFI_DROP,
14.9584,18,STA,WIFI_DROP,
14.9608,18,STA,WIFI_DROP,
14.9632,18,STA,WIFI_DROP,
14.9656,18,STA,WIFI_DROP,
14.968,18,STA,WIFI_DROP,
14.9704,18,STA,WIFI_DROP,
14.9728,18,STA,WIFI_DROP,
14.9752,18,STA,WIFI_DROP,
14.9776,18,STA,WIFI_DROP,
14.98,18,STA,WIFI_DROP,
14.9824,18,STA,WIFI_DROP,
14.9848,18,STA,WIFI_DROP,
14.9872,18,STA,WIFI_DROP,
14.9896,18,STA,WIFI_DROP,
14.992,18,STA,WIFI_DROP,
14.9944,18,STA,WIFI_DROP,
14.9968,18,STA,WIFI_DROP,
14.9992,18,STA,WIFI_DROP,
15,2,STA,THROUGHPUT_MBPS,1.440000
15,4,STA,THROUGHPUT_MBPS,4.632000
15,6,STA,THROUGHPUT_MBPS,2.772000
15,8,STA,THROUGHPUT_MBPS,1.860000
15,9,STA,THROUGHPUT_MBPS,0.492000
15,11,STA,THROUGHPUT_MBPS,0.972000
15,12,STA,THROUGHPUT_MBPS,2.340000
15,13,STA,THROUGHPUT_MBPS,1.584000
15,14,STA,THROUGHPUT_MBPS,0.192000
15,16,STA,THROUGHPUT_MBPS,2.988000
15,17,STA,THROUGHPUT_MBPS,1.704000
15,18,STA,THROUGHPUT_MBPS,1.740000
15,21,STA,THROUGHPUT_MBPS,3.300000
15,1,AP,AGGREGATE_THROUGHPUT_MBPS,26.016000
15,1,AP,SENT_COUNT,8340.000000
15,1,AP,RECV_COUNT,2168.000000
15,1,AP,LATENCY_P95_MS,530.613546
15.0016,18,STA,WIFI_DROP,
15.004,18,STA,WIFI_DROP,
15.0064,18,STA,WIFI_DROP,
15.0088,18,STA,WIFI_DROP,
15.0112,18,STA,WIFI_DROP,
15.0136,18,STA,WIFI_DROP,
15.016,18,STA,WIFI_DROP,
15.0184,18,STA,WIFI_DROP,
15.0208,18,STA,WIFI_DROP,
15.0232,18,STA,WIFI_DROP,
15.0256,18,STA,WIFI_DROP,
15.028,18,STA,WIFI_DROP,
15.0304,18,STA,WIFI_DROP,
15.0328,18,STA,WIFI_DROP,
15.0352,18,STA,WIFI_DROP,
15.0376,18,STA,WIFI_DROP,
15.04,18,STA,WIFI_DROP,
15.0424,18,STA,WIFI_DROP,
15.0448,18,STA,WIFI_DROP,
15.0472,18,STA,WIFI_DROP,
15.0496,18,STA,WIFI_DROP,
15.052,18,STA,WIFI_DROP,
15.0544,18,STA,WIFI_DROP,
15.0568,18,STA,WIFI_DROP,
15.0592,18,STA,WIFI_DROP,
15.0616,18,STA,WIFI_DROP,
15.064,18,STA,WIFI_DROP,
15.0664,18,STA,WIFI_DROP,
15.0688,18,STA,WIFI_DROP,
15.0712,18,STA,WIFI_DROP,
15.0736,18,STA,WIFI_DROP,
15.076,18,STA,WIFI_DROP,
15.0784,18,STA,WIFI_DROP,
15.0808,18,STA,WIFI_DROP,
15.0832,18,STA,WIFI_DROP,
15.0856,18,STA,WIFI_DROP,
15.088,18,STA,WIFI_DROP,
15.0904,18,STA,WIFI_DROP,
15.0928,18,STA,WIFI_DROP,
15.0952,18,STA,WIFI_DROP,
15.0976,18,STA,WIFI_DROP,
15.1,18,STA,WIFI_DROP,
15.1024,18,STA,WIFI_DROP,
15.1048,18,STA,WIFI_DROP,
15.1072,18,STA,WIFI_DROP,
15.1096,18,STA,WIFI_DROP,
15.112,18,STA,WIFI_DROP,
15.1144,14,STA,WIFI_DROP,
15.1144,18,STA,WIFI_DROP,
15.1168,14,STA,WIFI_DROP,
15.1168,18,STA,WIFI_DROP,
15.1192,14,STA,WIFI_DROP,
15.1192,18,STA,WIFI_DROP,
15.1216,14,STA,WIFI_DROP,
15.1216,18,STA,WIFI_DROP,
15.124,14,STA,WIFI_DROP,
15.124,18,STA,WIFI_DROP,
15.1264,14,STA,WIFI_DROP,
15.1264,18,STA,WIFI_DROP,
15.1288,14,STA,WIFI_DROP,
15.1288,18,STA,WIFI_DROP,
15.1312,14,STA,WIFI_DROP,
15.1312,18,STA,WIFI_DROP,
15.1336,14,STA,WIFI_DROP,
15.1336,18,STA,WIFI_DROP,
15.136,14,STA,WIFI_DROP,
15.136,18,STA,WIFI_DROP,
15.1384,14,STA,WIFI_DROP,
15.1384,18,STA,WIFI_DROP,
15.1408,14,STA,WIFI_DROP,
15.1408,18,STA,WIFI_DROP,
15.1432,14,STA,WIFI_DROP,
15.1432,18,STA,WIFI_DROP,
15.1456,14,STA,WIFI_DROP,
15.1456,18,STA,WIFI_DROP,
15.148,14,STA,WIFI_DROP,
15.148,18,STA,WIFI_DROP,
15.1504,14,STA,WIFI_DROP,
15.1504,18,STA,WIFI_DROP,
15.1528,14,STA,WIFI_DROP,
15.1528,18,STA,WIFI_DROP,
15.1552,14,STA,WIFI_DROP,
15.1552,18,STA,WIFI_DROP,
15.1576,14,STA,WIFI_DROP,
15.1576,18,STA,WIFI_DROP,
15.16,14,STA,WIFI_DROP,
15.16,18,STA,WIFI_DROP,
15.1624,14,STA,WIFI_DROP,
15.1648,14,STA,WIFI_DROP,
15.1672,14,STA,WIFI_DROP,
15.1696,14,STA,WIFI_DROP,
15.172,14,STA,WIFI_DROP,
15.1744,14,STA,WIFI_DROP,
15.1768,14,STA,WIFI_DROP,
15.1792,14,STA,WIFI_DROP,
15.1816,14,STA,WIFI_DROP,
15.184,14,STA,WIFI_DROP,
15.1864,14,STA,WIFI_DROP,
15.1888,14,STA,WIFI_DROP,
15.1912,14,STA,WIFI_DROP,
15.1936,14,STA,WIFI_DROP,
15.196,14,STA,WIFI_DROP,
15.1984,14,STA,WIFI_DROP,
15.2008,14,STA,WIFI_DROP,
15.2032,14,STA,WIFI_DROP,
15.2056,14,STA,WIFI_DROP,
15.208,14,STA,WIFI_DROP,
15.2104,14,STA,WIFI_DROP,
15.2128,14,STA,WIFI_DROP,
15.2152,14,STA,WIFI_DROP,
15.2176,14,STA,WIFI_DROP,
15.22,14,STA,WIFI_DROP,
15.2224,14,STA,WIFI_DROP,
15.2248,14,STA,WIFI_DROP,
15.2272,14,STA,WIFI_DROP,
15.2296,14,STA,WIFI_DROP,
15.232,14,STA,WIFI_DROP,
15.2344,14,STA,WIFI_DROP,
15.2368,14,STA,WIFI_DROP,
15.2392,14,STA,WIFI_DROP,
15.2416,14,STA,WIFI_DROP,
15.244,14,STA,WIFI_DROP,
15.2464,14,STA,WIFI_DROP,
15.2488,14,STA,WIFI_DROP,
15.2512,14,STA,WIFI_DROP,
15.2536,14,STA,WIFI_DROP,
15.256,14,STA,WIFI_DROP,
15.2584,14,STA,WIFI_DROP,
15.2608,14,STA,WIFI_DROP,
15.2632,14,STA,WIFI_DROP,
15.2656,14,STA,WIFI_DROP,
15.268,14,STA,WIFI_DROP,
15.2704,14,STA,WIFI_DROP,
15.2728,14,STA,WIFI_DROP,
15.2752,14,STA,WIFI_DROP,
15.2776,14,STA,WIFI_DROP,
15.28,14,STA,WIFI_DROP,
15.2824,14,STA,WIFI_DROP,
15.2848,14,STA,WIFI_DROP,
15.2872,14,STA,WIFI_DROP,
15.2896,14,STA,WIFI_DROP,
15.292,14,STA,WIFI_DROP,
15.2944,14,STA,WIFI_DROP,
15.2968,14,STA,WIFI_DROP,
15.2992,14,STA,WIFI_DROP,
15.3016,14,STA,WIFI_DROP,
15.304,14,STA,WIFI_DROP,
15.3064,14,STA,WIFI_DROP,
15.3088,14,STA,WIFI_DROP,
15.3112,14,STA,WIFI_DROP,
15.3136,14,STA,WIFI_DROP,
15.316,14,STA,WIFI_DROP,
15.3184,14,STA,WIFI_DROP,
15.3208,14,STA,WIFI_DROP,
15.3232,14,STA,WIFI_DROP,
15.3256,14,STA,WIFI_DROP,
15.328,14,STA,WIFI_DROP,
15.3304,14,STA,WIFI_DROP,
15.3328,14,STA,WIFI_DROP,
15.3352,14,STA,WIFI_DROP,
15.3376,14,STA,WIFI_DROP,
15.34,14,STA,WIFI_DROP,
15.3424,14,STA,WIFI_DROP,
15.3448,14,STA,WIFI_DROP,
15.3472,14,STA,WIFI_DROP,
15.3496,14,STA,WIFI_DROP,
15.352,14,STA,WIFI_DROP,
15.3544,14,STA,WIFI_DROP,
15.3568,14,STA,WIFI_DROP,
15.3592,14,STA,WIFI_DROP,
15.3616,14,STA,WIFI_DROP,
15.364,14,STA,WIFI_DROP,
15.3664,14,STA,WIFI_DROP,
15.3688,14,STA,WIFI_DROP,
15.3712,14,STA,WIFI_DROP,
15.3736,14,STA,WIFI_DROP,
15.376,14,STA,WIFI_DROP,
15.3784,14,STA,WIFI_DROP,
15.3808,14,STA,WIFI_DROP,
15.3832,14,STA,WIFI_DROP,
15.3856,14,STA,WIFI_DROP,
15.388,14,STA,WIFI_DROP,
15.3904,14,STA,WIFI_DROP,
15.3928,14,STA,WIFI_DROP,
15.3952,14,STA,WIFI_DROP,
15.3976,14,STA,WIFI_DROP,
15.4,14,STA,WIFI_DROP,
15.4024,14,STA,WIFI_DROP,
15.4048,14,STA,WIFI_DROP,
15.4072,14,STA,WIFI_DROP,
15.4096,14,STA,WIFI_DROP,
15.412,14,STA,WIFI_DROP,
15.4144,14,STA,WIFI_DROP,
15.4168,14,STA,WIFI_DROP,
15.4192,14,STA,WIFI_DROP,
15.4216,14,STA,WIFI_DROP,
15.424,14,STA,WIFI_DROP,
15.4264,14,STA,WIFI_DROP,
15.4288,14,STA,WIFI_DROP,
15.4312,14,STA,WIFI_DROP,
15.4336,14,STA,WIFI_DROP,
15.436,14,STA,WIFI_DROP,
15.4384,14,STA,WIFI_DROP,
15.4408,14,STA,WIFI_DROP,
15.4432,14,STA,WIFI_DROP,
15.4456,14,STA,WIFI_DROP,
15.448,14,STA,WIFI_DROP,
15.4504,14,STA,WIFI_DROP,
15.4528,14,STA,WIFI_DROP,
15.4552,14,STA,WIFI_DROP,
15.4576,14,STA,WIFI_DROP,
15.46,14,STA,WIFI_DROP,
15.4624,14,STA,WIFI_DROP,
15.4648,14,STA,WIFI_DROP,
15.4672,14,STA,WIFI_DROP,
15.4696,14,STA,WIFI_DROP,
15.472,14,STA,WIFI_DROP,
15.4744,14,STA,WIFI_DROP,
15.4768,14,STA,WIFI_DROP,
15.4792,14,STA,WIFI_DROP,
15.4816,14,STA,WIFI_DROP,
15.484,14,STA,WIFI_DROP,
15.4864,14,STA,WIFI_DROP,
15.4888,14,STA,WIFI_DROP,
15.4912,14,STA,WIFI_DROP,
15.4936,14,STA,WIFI_DROP,
15.496,14,STA,WIFI_DROP,
15.4984,14,STA,WIFI_DROP,
15.5008,14,STA,WIFI_DROP,
15.5032,14,STA,WIFI_DROP,
15.5056,14,STA,WIFI_DROP,
15.508,14,STA,WIFI_DROP,
15.5104,14,STA,WIFI_DROP,
15.5128,14,STA,WIFI_DROP,
15.5152,14,STA,WIFI_DROP,
15.5176,14,STA,WIFI_DROP,
15.52,14,STA,WIFI_DROP,
15.5224,14,STA,WIFI_DROP,
15.5248,14,STA,WIFI_DROP,
15.5272,14,STA,WIFI_DROP,
15.5296,14,STA,WIFI_DROP,
15.532,14,STA,WIFI_DROP,
15.5344,14,STA,WIFI_DROP,
15.5368,14,STA,WIFI_DROP,
15.5392,14,STA,WIFI_DROP,
15.5416,14,STA,WIFI_DROP,
15.544,14,STA,WIFI_DROP,
15.5464,14,STA,WIFI_DROP,
15.5488,14,STA,WIFI_DROP,
15.5512,14,STA,WIFI_DROP,
15.5536,14,STA,WIFI_DROP,
15.556,14,STA,WIFI_DROP,
15.5584,14,STA,WIFI_DROP,
15.5608,14,STA,WIFI_DROP,
15.5632,14,STA,WIFI_DROP,
15.5656,14,STA,WIFI_DROP,
15.568,14,STA,WIFI_DROP,
15.5704,14,STA,WIFI_DROP,
15.5728,14,STA,WIFI_DROP,
15.5752,14,STA,WIFI_DROP,
15.5776,14,STA,WIFI_DROP,
15.58,14,STA,WIFI_DROP,
15.5824,14,STA,WIFI_DROP,
15.5848,14,STA,WIFI_DROP,
15.5872,14,STA,WIFI_DROP,
15.5896,14,STA,WIFI_DROP,
15.592,14,STA,WIFI_DROP,
15.5944,14,STA,WIFI_DROP,
15.5968,14,STA,WIFI_DROP,
15.5992,14,STA,WIFI_DROP,
15.6016,14,STA,WIFI_DROP,
15.604,14,STA,WIFI_DROP,
15.6064,14,STA,WIFI_DROP,
15.6088,14,STA,WIFI_DROP,
15.6112,14,STA,WIFI_DROP,
15.6136,14,STA,WIFI_DROP,
15.616,14,STA,WIFI_DROP,
15.6232,11,STA,WIFI_DROP,
15.6256,11,STA,WIFI_DROP,
15.628,11,STA,WIFI_DROP,
15.6304,11,STA,WIFI_DROP,
15.6328,11,STA,WIFI_DROP,
15.6352,11,STA,WIFI_DROP,
15.6376,11,STA,WIFI_DROP,
15.64,11,STA,WIFI_DROP,
15.6424,11,STA,WIFI_DROP,
15.6448,11,STA,WIFI_DROP,
15.6472,11,STA,WIFI_DROP,
15.6496,11,STA,WIFI_DROP,
15.652,11,STA,WIFI_DROP,
15.6544,11,STA,WIFI_DROP,
15.6568,11,STA,WIFI_DROP,
15.6592,11,STA,WIFI_DROP,
15.6616,11,STA,WIFI_DROP,
15.664,11,STA,WIFI_DROP,
15.6664,11,STA,WIFI_DROP,
15.6688,11,STA,WIFI_DROP,
15.6712,11,STA,WIFI_DROP,
15.6736,11,STA,WIFI_DROP,
15.676,11,STA,WIFI_DROP,
15.6784,11,STA,WIFI_DROP,
15.6808,11,STA,WIFI_DROP,
15.6832,11,STA,WIFI_DROP,
15.6856,11,STA,WIFI_DROP,
15.688,11,STA,WIFI_DROP,
15.6904,11,STA,WIFI_DROP,
15.6928,11,STA,WIFI_DROP,
15.6952,11,STA,WIFI_DROP,
15.6976,11,STA,WIFI_DROP,
15.7,11,STA,WIFI_DROP,
15.7024,11,STA,WIFI_DROP,
15.7048,11,STA,WIFI_DROP,
15.7072,11,STA,WIFI_DROP,
15.7096,11,STA,WIFI_DROP,
15.712,11,STA,WIFI_DROP,
15.7144,11,STA,WIFI_DROP,
15.7168,11,STA,WIFI_DROP,
15.7192,11,STA,WIFI_DROP,
15.7216,11,STA,WIFI_DROP,
15.724,11,STA,WIFI_DROP,
15.7264,11,STA,WIFI_DROP,
15.7288,11,STA,WIFI_DROP,
15.7312,11,STA,WIFI_DROP,
15.7336,11,STA,WIFI_DROP,
15.736,11,STA,WIFI_DROP,
15.7384,11,STA,WIFI_DROP,
15.7408,11,STA,WIFI_DROP,
15.7432,11,STA,WIFI_DROP,
15.7456,11,STA,WIFI_DROP,
15.748,11,STA,WIFI_DROP,
15.7504,11,STA,WIFI_DROP,
15.7528,11,STA,WIFI_DROP,
15.7552,11,STA,WIFI_DROP,
15.7576,11,STA,WIFI_DROP,
15.76,11,STA,WIFI_DROP,
15.7624,11,STA,WIFI_DROP,
15.7648,11,STA,WIFI_DROP,
15.7672,11,STA,WIFI_DROP,
15.7696,11,STA,WIFI_DROP,
15.772,11,STA,WIFI_DROP,
15.7744,11,STA,WIFI_DROP,
15.7768,11,STA,WIFI_DROP,
15.7792,11,STA,WIFI_DROP,
15.7816,11,STA,WIFI_DROP,
15.784,11,STA,WIFI_DROP,
15.7864,11,STA,WIFI_DROP,
15.7888,11,STA,WIFI_DROP,
15.7912,11,STA,WIFI_DROP,
15.7936,11,STA,WIFI_DROP,
15.796,11,STA,WIFI_DROP,
15.7984,11,STA,WIFI_DROP,
15.8008,11,STA,WIFI_DROP,
15.8032,11,STA,WIFI_DROP,
15.8056,11,STA,WIFI_DROP,
15.808,11,STA,WIFI_DROP,
15.8104,11,STA,WIFI_DROP,
15.8128,11,STA,WIFI_DROP,
15.8152,11,STA,WIFI_DROP,
15.8176,11,STA,WIFI_DROP,
15.82,11,STA,WIFI_DROP,
15.8224,11,STA,WIFI_DROP,
15.8248,11,STA,WIFI_DROP,
15.8272,11,STA,WIFI_DROP,
15.8296,11,STA,WIFI_DROP,
15.8296,21,STA,WIFI_DROP,
15.832,11,STA,WIFI_DROP,
15.832,21,STA,WIFI_DROP,
15.8344,11,STA,WIFI_DROP,
15.8344,21,STA,WIFI_DROP,
15.8368,11,STA,WIFI_DROP,
15.8368,21,STA,WIFI_DROP,
15.8392,11,STA,WIFI_DROP,
15.8392,21,STA,WIFI_DROP,
15.8416,11,STA,WIFI_DROP,
15.8416,21,STA,WIFI_DROP,
15.844,11,STA,WIFI_DROP,
15.844,21,STA,WIFI_DROP,
15.8464,11,STA,WIFI_DROP,
15.8464,21,STA,WIFI_DROP,
15.8488,11,STA,WIFI_DROP,
15.8488,21,STA,WIFI_DROP,
15.8512,11,STA,WIFI_DROP,
15.8512,21,STA,WIFI_DROP,
15.8536,11,STA,WIFI_DROP,
15.8536,21,STA,WIFI_DROP,
15.856,11,STA,WIFI_DROP,
15.856,21,STA,WIFI_DROP,
15.8584,11,STA,WIFI_DROP,
15.8584,21,STA,WIFI_DROP,
15.8608,11,STA,WIFI_DROP,
15.8608,21,STA,WIFI_DROP,
15.8632,11,STA,WIFI_DROP,
15.8632,21,STA,WIFI_DROP,
15.8656,11,STA,WIFI_DROP,
15.8656,21,STA,WIFI_DROP,
15.868,11,STA,WIFI_DROP,
15.868,21,STA,WIFI_DROP,
15.8704,11,STA,WIFI_DROP,
15.8704,21,STA,WIFI_DROP,
15.8728,11,STA,WIFI_DROP,
15.8728,21,STA,WIFI_DROP,
15.8752,11,STA,WIFI_DROP,
15.8752,21,STA,WIFI_DROP,
15.8776,11,STA,WIFI_DROP,
15.8776,21,STA,WIFI_DROP,
15.88,11,STA,WIFI_DROP,
15.8824,11,STA,WIFI_DROP,
15.8848,11,STA,WIFI_DROP,
15.8872,11,STA,WIFI_DROP,
15.8896,11,STA,WIFI_DROP,
15.892,11,STA,WIFI_DROP,
15.8944,11,STA,WIFI_DROP,
15.8968,11,STA,WIFI_DROP,
15.8992,11,STA,WIFI_DROP,
15.9016,11,STA,WIFI_DROP,
15.904,11,STA,WIFI_DROP,
15.9064,11,STA,WIFI_DROP,
15.9088,11,STA,WIFI_DROP,
15.9112,11,STA,WIFI_DROP,
15.9136,11,STA,WIFI_DROP,
15.916,11,STA,WIFI_DROP,
15.9184,11,STA,WIFI_DROP,
15.9208,11,STA,WIFI_DROP,
15.9232,11,STA,WIFI_DROP,
15.9256,11,STA,WIFI_DROP,
15.928,11,STA,WIFI_DROP,
15.9304,11,STA,WIFI_DROP,
15.9328,11,STA,WIFI_DROP,
15.9352,11,STA,WIFI_DROP,
15.9376,11,STA,WIFI_DROP,
15.94,11,STA,WIFI_DROP,
15.9424,11,STA,WIFI_DROP,
15.9448,11,STA,WIFI_DROP,
15.9472,11,STA,WIFI_DROP,
15.9496,11,STA,WIFI_DROP,
15.952,11,STA,WIFI_DROP,
15.9544,11,STA,WIFI_DROP,
15.9568,11,STA,WIFI_DROP,
15.9592,11,STA,WIFI_DROP,
15.9616,11,STA,WIFI_DROP,
15.964,11,STA,WIFI_DROP,
15.9664,11,STA,WIFI_DROP,
15.9688,11,STA,WIFI_DROP,
15.9712,11,STA,WIFI_DROP,
15.9736,11,STA,WIFI_DROP,
15.976,11,STA,WIFI_DROP,
15.9784,11,STA,WIFI_DROP,
15.9808,11,STA,WIFI_DROP,
15.9832,11,STA,WIFI_DROP,
15.9856,11,STA,WIFI_DROP,
15.988,11,STA,WIFI_DROP,
15.9904,11,STA,WIFI_DROP,
15.9928,11,STA,WIFI_DROP,
15.9952,11,STA,WIFI_DROP,
15.9976,11,STA,WIFI_DROP,
16,2,STA,THROUGHPUT_MBPS,2.520000
16,4,STA,THROUGHPUT_MBPS,4.008000
16,6,STA,THROUGHPUT_MBPS,2.544000
16,8,STA,THROUGHPUT_MBPS,1.092000
16,9,STA,THROUGHPUT_MBPS,1.764000
16,11,STA,THROUGHPUT_MBPS,1.992000
16,12,STA,THROUGHPUT_MBPS,2.400000
16,13,STA,THROUGHPUT_MBPS,0.456000
16,16,STA,THROUGHPUT_MBPS,1.428000
16,18,STA,THROUGHPUT_MBPS,3.000000
16,21,STA,THROUGHPUT_MBPS,1.740000
16,1,AP,AGGREGATE_THROUGHPUT_MBPS,22.944000
16,1,AP,SENT_COUNT,8320.000000
16,1,AP,RECV_COUNT,1912.000000
16,1,AP,LATENCY_P95_MS,533.026577
16,11,STA,WIFI_DROP,
16.0024,11,STA,WIFI_DROP,
16.0048,11,STA,WIFI_DROP,
16.0072,11,STA,WIFI_DROP,
16.0096,11,STA,WIFI_DROP,
16.012,11,STA,WIFI_DROP,
16.0144,11,STA,WIFI_DROP,
16.0168,11,STA,WIFI_DROP,
16.0192,11,STA,WIFI_DROP,
16.0216,11,STA,WIFI_DROP,
16.024,11,STA,WIFI_DROP,
16.0264,11,STA,WIFI_DROP,
16.0288,11,STA,WIFI_DROP,
16.0312,11,STA,WIFI_DROP,
16.0336,6,STA,WIFI_DROP,
16.0336,11,STA,WIFI_DROP,
16.036,6,STA,WIFI_DROP,
16.036,11,STA,WIFI_DROP,
16.0384,6,STA,WIFI_DROP,
16.0384,11,STA,WIFI_DROP,
16.0408,6,STA,WIFI_DROP,
16.0408,11,STA,WIFI_DROP,
16.0432,6,STA,WIFI_DROP,
16.0432,11,STA,WIFI_DROP,
16.0456,6,STA,WIFI_DROP,
16.0456,11,STA,WIFI_DROP,
16.048,6,STA,WIFI_DROP,
16.048,11,STA,WIFI_DROP,
16.0504,6,STA,WIFI_DROP,
16.0504,11,STA,WIFI_DROP,
16.0528,6,STA,WIFI_DROP,
16.0528,11,STA,WIFI_DROP,
16.0552,6,STA,WIFI_DROP,
16.0552,11,STA,WIFI_DROP,
16.0576,6,STA,WIFI_DROP,
16.0576,11,STA,WIFI_DROP,
16.06,6,STA,WIFI_DROP,
16.06,11,STA,WIFI_DROP,
16.0624,6,STA,WIFI_DROP,
16.0624,11,STA,WIFI_DROP,
16.0648,6,STA,WIFI_DROP,
16.0648,11,STA,WIFI_DROP,
16.0672,6,STA,WIFI_DROP,
16.0672,11,STA,WIFI_DROP,
16.0696,6,STA,WIFI_DROP,
16.0696,11,STA,WIFI_DROP,
16.072,6,STA,WIFI_DROP,
16.072,11,STA,WIFI_DROP,
16.0744,6,STA,WIFI_DROP,
16.0744,11,STA,WIFI_DROP,
16.0768,6,STA,WIFI_DROP,
16.0768,11,STA,WIFI_DROP,
16.0792,6,STA,WIFI_DROP,
16.0792,11,STA,WIFI_DROP,
16.0816,6,STA,WIFI_DROP,
16.0816,11,STA,WIFI_DROP,
16.084,6,STA,WIFI_DROP,
16.084,11,STA,WIFI_DROP,
16.0864,6,STA,WIFI_DROP,
16.0864,11,STA,WIFI_DROP,
16.0888,6,STA,WIFI_DROP,
16.0888,11,STA,WIFI_DROP,
16.0912,6,STA,WIFI_DROP,
16.0912,11,STA,WIFI_DROP,
16.0936,6,STA,WIFI_DROP,
16.0936,11,STA,WIFI_DROP,
16.096,6,STA,WIFI_DROP,
16.096,11,STA,WIFI_DROP,
16.0984,6,STA,WIFI_DROP,
16.0984,11,STA,WIFI_DROP,
16.1008,6,STA,WIFI_DROP,
16.1008,11,STA,WIFI_DROP,
16.1032,6,STA,WIFI_DROP,
16.1032,11,STA,WIFI_DROP,
16.1056,6,STA,WIFI_DROP,
16.1056,11,STA,WIFI_DROP,
16.108,6,STA,WIFI_DROP,
16.108,11,STA,WIFI_DROP,
16.1104,6,STA,WIFI_DROP,
16.1104,11,STA,WIFI_DROP,
16.1128,6,STA,WIFI_DROP,
16.1128,11,STA,WIFI_DROP,
16.1152,6,STA,WIFI_DROP,
16.1152,11,STA,WIFI_DROP,
16.1176,6,STA,WIFI_DROP,
16.1176,11,STA,WIFI_DROP,
16.12,6,STA,WIFI_DROP,
16.12,11,STA,WIFI_DROP,
16.1224,6,STA,WIFI_DROP,
16.1224,11,STA,WIFI_DROP,
16.1248,6,STA,WIFI_DROP,
16.1248,11,STA,WIFI_DROP,
16.1272,6,STA,WIFI_DROP,
16.1272,11,STA,WIFI_DROP,
16.1296,6,STA,WIFI_DROP,
16.1296,11,STA,WIFI_DROP,
16.132,6,STA,WIFI_DROP,
16.132,11,STA,WIFI_DROP,
16.1344,6,STA,WIFI_DROP,
16.1344,11,STA,WIFI_DROP,
16.1368,4,STA,WIFI_DROP,
16.1368,6,STA,WIFI_DROP,
16.1368,11,STA,WIFI_DROP,
16.1392,4,STA,WIFI_DROP,
16.1392,6,STA,WIFI_DROP,
16.1392,11,STA,WIFI_DROP,
16.1416,4,STA,WIFI_DROP,
16.1416,6,STA,WIFI_DROP,
16.1416,11,STA,WIFI_DROP,
16.144,4,STA,WIFI_DROP,
16.144,6,STA,WIFI_DROP,
16.144,11,STA,WIFI_DROP,
16.1464,4,STA,WIFI_DROP,
16.1464,6,STA,WIFI_DROP,
16.1464,11,STA,WIFI_DROP,
16.1488,4,STA,WIFI_DROP,
16.1488,6,STA,WIFI_DROP,
16.1488,11,STA,WIFI_DROP,
16.1512,4,STA,WIFI_DROP,
16.1512,6,STA,WIFI_DROP,
16.1512,11,STA,WIFI_DROP,
16.1536,4,STA,WIFI_DROP,
16.1536,6,STA,WIFI_DROP,
16.1536,11,STA,WIFI_DROP,
16.156,4,STA,WIFI_DROP,
16.156,6,STA,WIFI_DROP,
16.156,11,STA,WIFI_DROP,
16.1584,4,STA,WIFI_DROP,
16.1584,6,STA,WIFI_DROP,
16.1584,11,STA,WIFI_DROP,
16.1608,4,STA,WIFI_DROP,
16.1608,6,STA,WIFI_DROP,
16.1608,11,STA,WIFI_DROP,
16.1632,4,STA,WIFI_DROP,
16.1632,6,STA,WIFI_DROP,
16.1632,11,STA,WIFI_DROP,
16.1656,4,STA,WIFI_DROP,
16.1656,6,STA,WIFI_DROP,
16.1656,11,STA,WIFI_DROP,
16.168,4,STA,WIFI_DROP,
16.168,6,STA,WIFI_DROP,
16.168,11,STA,WIFI_DROP,
16.1704,4,STA,WIFI_DROP,
16.1704,6,STA,WIFI_DROP,
16.1704,11,STA,WIFI_DROP,
16.1728,4,STA,WIFI_DROP,
16.1728,6,STA,WIFI_DROP,
16.1728,11,STA,WIFI_DROP,
16.1752,4,STA,WIFI_DROP,
16.1752,6,STA,WIFI_DROP,
16.1752,11,STA,WIFI_DROP,
16.1776,4,STA,WIFI_DROP,
16.1776,6,STA,WIFI_DROP,
16.1776,11,STA,WIFI_DROP,
16.18,4,STA,WIFI_DROP,
16.18,6,STA,WIFI_DROP,
16.18,11,STA,WIFI_DROP,
16.1824,4,STA,WIFI_DROP,
16.1824,6,STA,WIFI_DROP,
16.1824,11,STA,WIFI_DROP,
16.1848,4,STA,WIFI_DROP,
16.1848,6,STA,WIFI_DROP,
16.1848,11,STA,WIFI_DROP,
16.1872,4,STA,WIFI_DROP,
16.1872,6,STA,WIFI_DROP,
16.1872,11,STA,WIFI_DROP,
16.1896,4,STA,WIFI_DROP,
16.1896,6,STA,WIFI_DROP,
16.1896,11,STA,WIFI_DROP,
16.192,4,STA,WIFI_DROP,
16.192,6,STA,WIFI_DROP,
16.192,11,STA,WIFI_DROP,
16.1944,4,STA,WIFI_DROP,
16.1944,6,STA,WIFI_DROP,
16.1944,11,STA,WIFI_DROP,
16.1968,4,STA,WIFI_DROP,
16.1968,6,STA,WIFI_DROP,
16.1968,11,STA,WIFI_DROP,
16.1992,4,STA,WIFI_DROP,
16.1992,6,STA,WIFI_DROP,
16.1992,11,STA,WIFI_DROP,
16.2016,4,STA,WIFI_DROP,
16.2016,6,STA,WIFI_DROP,
16.2016,11,STA,WIFI_DROP,
16.204,4,STA,WIFI_DROP,
16.204,6,STA,WIFI_DROP,
16.204,11,STA,WIFI_DROP,
16.2064,4,STA,WIFI_DROP,
16.2064,6,STA,WIFI_DROP,
16.2064,11,STA,WIFI_DROP,
16.2088,4,STA,WIFI_DROP,
16.2088,6,STA,WIFI_DROP,
16.2088,11,STA,WIFI_DROP,
16.2112,4,STA,WIFI_DROP,
16.2112,6,STA,WIFI_DROP,
16.2112,11,STA,WIFI_DROP,
16.2136,4,STA,WIFI_DROP,
16.2136,6,STA,WIFI_DROP,
16.2136,11,STA,WIFI_DROP,
16.216,4,STA,WIFI_DROP,
16.216,6,STA,WIFI_DROP,
16.216,11,STA,WIFI_DROP,
16.2184,4,STA,WIFI_DROP,
16.2184,6,STA,WIFI_DROP,
16.2184,11,STA,WIFI_DROP,
16.2208,4,STA,WIFI_DROP,
16.2208,6,STA,WIFI_DROP,
16.2208,11,STA,WIFI_DROP,
16.2232,4,STA,WIFI_DROP,
16.2232,6,STA,WIFI_DROP,
16.2232,11,STA,WIFI_DROP,
16.2256,4,STA,WIFI_DROP,
16.2256,6,STA,WIFI_DROP,
16.2256,11,STA,WIFI_DROP,
16.228,4,STA,WIFI_DROP,
16.228,6,STA,WIFI_DROP,
16.228,11,STA,WIFI_DROP,
16.2304,4,STA,WIFI_DROP,
16.2304,6,STA,WIFI_DROP,
16.2304,11,STA,WIFI_DROP,
16.2328,4,STA,WIFI_DROP,
16.2328,6,STA,WIFI_DROP,
16.2328,11,STA,WIFI_DROP,
16.2352,4,STA,WIFI_DROP,
16.2352,6,STA,WIFI_DROP,
16.2352,11,STA,WIFI_DROP,
16.2376,4,STA,WIFI_DROP,
16.2376,6,STA,WIFI_DROP,
16.2376,11,STA,WIFI_DROP,
16.2376,13,STA,WIFI_DROP,
16.24,4,STA,WIFI_DROP,
16.24,6,STA,WIFI_DROP,
16.24,11,STA,WIFI_DROP,
16.24,13,STA,WIFI_DROP,
16.2424,4,STA,WIFI_DROP,
16.2424,6,STA,WIFI_DROP,
16.2424,11,STA,WIFI_DROP,
16.2424,13,STA,WIFI_DROP,
16.2448,4,STA,WIFI_DROP,
16.2448,6,STA,WIFI_DROP,
16.2448,11,STA,WIFI_DROP,
16.2448,13,STA,WIFI_DROP,
16.2472,4,STA,WIFI_DROP,
16.2472,6,STA,WIFI_DROP,
16.2472,11,STA,WIFI_DROP,
16.2472,13,STA,WIFI_DROP,
16.2496,4,STA,WIFI_DROP,
16.2496,6,STA,WIFI_DROP,
16.2496,11,STA,WIFI_DROP,
16.2496,13,STA,WIFI_DROP,
16.252,4,STA,WIFI_DROP,
16.252,6,STA,WIFI_DROP,
16.252,11,STA,WIFI_DROP,
16.252,13,STA,WIFI_DROP,
16.2544,4,STA,WIFI_DROP,
16.2544,6,STA,WIFI_DROP,
16.2544,11,STA,WIFI_DROP,
16.2544,13,STA,WIFI_DROP,
16.2568,4,STA,WIFI_DROP,
16.2568,6,STA,WIFI_DROP,
16.2568,11,STA,WIFI_DROP,
16.2568,13,STA,WIFI_DROP,
16.2592,4,STA,WIFI_DROP,
16.2592,6,STA,WIFI_DROP,
16.2592,11,STA,WIFI_DROP,
16.2592,13,STA,WIFI_DROP,
16.2616,4,STA,WIFI_DROP,
16.2616,6,STA,WIFI_DROP,
16.2616,11,STA,WIFI_DROP,
16.2616,13,STA,WIFI_DROP,
16.264,4,STA,WIFI_DROP,
16.264,6,STA,WIFI_DROP,
16.264,11,STA,WIFI_DROP,
16.264,13,STA,WIFI_DROP,
16.2664,4,STA,WIFI_DROP,
16.2664,6,STA,WIFI_DROP,
16.2664,11,STA,WIFI_DROP,
16.2664,13,STA,WIFI_DROP,
16.2688,4,STA,WIFI_DROP,
16.2688,6,STA,WIFI_DROP,
16.2688,11,STA,WIFI_DROP,
16.2688,13,STA,WIFI_DROP,
16.2712,4,STA,WIFI_DROP,
16.2712,6,STA,WIFI_DROP,
16.2712,11,STA,WIFI_DROP,
16.2712,13,STA,WIFI_DROP,
16.2736,4,STA,WIFI_DROP,
16.2736,6,STA,WIFI_DROP,
16.2736,11,STA,WIFI_DROP,
16.2736,13,STA,WIFI_DROP,
16.276,4,STA,WIFI_DROP,
16.276,6,STA,WIFI_DROP,
16.276,11,STA,WIFI_DROP,
16.276,13,STA,WIFI_DROP,
16.2784,4,STA,WIFI_DROP,
16.2784,6,STA,WIFI_DROP,
16.2784,11,STA,WIFI_DROP,
16.2784,13,STA,WIFI_DROP,
16.2808,4,STA,WIFI_DROP,
16.2808,6,STA,WIFI_DROP,
16.2808,11,STA,WIFI_DROP,
16.2808,13,STA,WIFI_DROP,
16.2832,4,STA,WIFI_DROP,
16.2832,6,STA,WIFI_DROP,
16.2832,11,STA,WIFI_DROP,
16.2832,13,STA,WIFI_DROP,
16.2856,4,STA,WIFI_DROP,
16.2856,6,STA,WIFI_DROP,
16.2856,11,STA,WIFI_DROP,
16.2856,13,STA,WIFI_DROP,
16.288,4,STA,WIFI_DROP,
16.288,6,STA,WIFI_DROP,
16.288,11,STA,WIFI_DROP,
16.288,13,STA,WIFI_DROP,
16.2904,4,STA,WIFI_DROP,
16.2904,6,STA,WIFI_DROP,
16.2904,11,STA,WIFI_DROP,
16.2904,13,STA,WIFI_DROP,
16.2928,4,STA,WIFI_DROP,
16.2928,6,STA,WIFI_DROP,
16.2928,11,STA,WIFI_DROP,
16.2928,13,STA,WIFI_DROP,
16.2952,4,STA,WIFI_DROP,
16.2952,6,STA,WIFI_DROP,
16.2952,11,STA,WIFI_DROP,
16.2952,13,STA,WIFI_DROP,
16.2976,4,STA,WIFI_DROP,
16.2976,6,STA,WIFI_DROP,
16.2976,11,STA,WIFI_DROP,
16.2976,13,STA,WIFI_DROP,
16.3,4,STA,WIFI_DROP,
16.3,6,STA,WIFI_DROP,
16.3,11,STA,WIFI_DROP,
16.3,13,STA,WIFI_DROP,
16.3024,4,STA,WIFI_DROP,
16.3024,6,STA,WIFI_DROP,
16.3024,11,STA,WIFI_DROP,
16.3024,13,STA,WIFI_DROP,
16.3048,4,STA,WIFI_DROP,
16.3048,6,STA,WIFI_DROP,
16.3048,11,STA,WIFI_DROP,
16.3048,13,STA,WIFI_DROP,
16.3072,4,STA,WIFI_DROP,
16.3072,6,STA,WIFI_DROP,
16.3072,11,STA,WIFI_DROP,
16.3072,13,STA,WIFI_DROP,
16.3096,4,STA,WIFI_DROP,
16.3096,6,STA,WIFI_DROP,
16.3096,11,STA,WIFI_DROP,
16.3096,13,STA,WIFI_DROP,
16.312,4,STA,WIFI_DROP,
16.312,6,STA,WIFI_DROP,
16.312,11,STA,WIFI_DROP,
16.312,13,STA,WIFI_DROP,
16.3144,4,STA,WIFI_DROP,
16.3144,6,STA,WIFI_DROP,
16.3144,11,STA,WIFI_DROP,
16.3144,13,STA,WIFI_DROP,
16.3168,4,STA,WIFI_DROP,
16.3168,6,STA,WIFI_DROP,
16.3168,11,STA,WIFI_DROP,
16.3168,13,STA,WIFI_DROP,
16.3192,4,STA,WIFI_DROP,
16.3192,6,STA,WIFI_DROP,
16.3192,11,STA,WIFI_DROP,
16.3192,13,STA,WIFI_DROP,
16.3216,4,STA,WIFI_DROP,
16.3216,6,STA,WIFI_DROP,
16.3216,11,STA,WIFI_DROP,
16.3216,13,STA,WIFI_DROP,
16.324,4,STA,WIFI_DROP,
16.324,6,STA,WIFI_DROP,
16.324,11,STA,WIFI_DROP,
16.324,13,STA,WIFI_DROP,
16.3264,4,STA,WIFI_DROP,
16.3264,6,STA,WIFI_DROP,
16.3264,11,STA,WIFI_DROP,
16.3264,13,STA,WIFI_DROP,
16.3288,4,STA,WIFI_DROP,
16.3288,6,STA,WIFI_DROP,
16.3288,11,STA,WIFI_DROP,
16.3288,13,STA,WIFI_DROP,
16.3312,4,STA,WIFI_DROP,
16.3312,6,STA,WIFI_DROP,
16.3312,11,STA,WIFI_DROP,
16.3312,13,STA,WIFI_DROP,
16.3336,4,STA,WIFI_DROP,
16.3336,6,STA,WIFI_DROP,
16.3336,11,STA,WIFI_DROP,
16.3336,13,STA,WIFI_DROP,
16.336,4,STA,WIFI_DROP,
16.336,6,STA,WIFI_DROP,
16.336,11,STA,WIFI_DROP,
16.336,13,STA,WIFI_DROP,
16.3384,4,STA,WIFI_DROP,
16.3384,6,STA,WIFI_DROP,
16.3384,11,STA,WIFI_DROP,
16.3384,13,STA,WIFI_DROP,
16.3408,4,STA,WIFI_DROP,
16.3408,6,STA,WIFI_DROP,
16.3408,11,STA,WIFI_DROP,
16.3408,13,STA,WIFI_DROP,
16.3408,16,STA,WIFI_DROP,
16.3432,4,STA,WIFI_DROP,
16.3432,6,STA,WIFI_DROP,
16.3432,11,STA,WIFI_DROP,
16.3432,13,STA,WIFI_DROP,
16.3432,16,STA,WIFI_DROP,
16.3456,4,STA,WIFI_DROP,
16.3456,6,STA,WIFI_DROP,
16.3456,11,STA,WIFI_DROP,
16.3456,13,STA,WIFI_DROP,
16.3456,16,STA,WIFI_DROP,
16.348,4,STA,WIFI_DROP,
16.348,6,STA,WIFI_DROP,
16.348,11,STA,WIFI_DROP,
16.348,13,STA,WIFI_DROP,
16.348,16,STA,WIFI_DROP,
16.3504,4,STA,WIFI_DROP,
16.3504,6,STA,WIFI_DROP,
16.3504,11,STA,WIFI_DROP,
16.3504,13,STA,WIFI_DROP,
16.3504,16,STA,WIFI_DROP,
16.3528,4,STA,WIFI_DROP,
16.3528,6,STA,WIFI_DROP,
16.3528,11,STA,WIFI_DROP,
16.3528,13,STA,WIFI_DROP,
16.3528,16,STA,WIFI_DROP,
16.3552,4,STA,WIFI_DROP,
16.3552,6,STA,WIFI_DROP,
16.3552,11,STA,WIFI_DROP,
16.3552,13,STA,WIFI_DROP,
16.3552,16,STA,WIFI_DROP,
16.3576,4,STA,WIFI_DROP,
16.3576,6,STA,WIFI_DROP,
16.3576,11,STA,WIFI_DROP,
16.3576,13,STA,WIFI_DROP,
16.3576,16,STA,WIFI_DROP,
16.36,4,STA,WIFI_DROP,
16.36,6,STA,WIFI_DROP,
16.36,11,STA,WIFI_DROP,
16.36,13,STA,WIFI_DROP,
16.36,16,STA,WIFI_DROP,
16.3624,4,STA,WIFI_DROP,
16.3624,6,STA,WIFI_DROP,
16.3624,11,STA,WIFI_DROP,
16.3624,13,STA,WIFI_DROP,
16.3624,16,STA,WIFI_DROP,
16.3648,4,STA,WIFI_DROP,
16.3648,6,STA,WIFI_DROP,
16.3648,11,STA,WIFI_DROP,
16.3648,13,STA,WIFI_DROP,
16.3648,16,STA,WIFI_DROP,
16.3672,4,STA,WIFI_DROP,
16.3672,6,STA,WIFI_DROP,
16.3672,11,STA,WIFI_DROP,
16.3672,13,STA,WIFI_DROP,
16.3672,16,STA,WIFI_DROP,
16.3696,4,STA,WIFI_DROP,
16.3696,6,STA,WIFI_DROP,
16.3696,11,STA,WIFI_DROP,
16.3696,13,STA,WIFI_DROP,
16.3696,16,STA,WIFI_DROP,
16.372,4,STA,WIFI_DROP,
16.372,6,STA,WIFI_DROP,
16.372,11,STA,WIFI_DROP,
16.372,13,STA,WIFI_DROP,
16.372,16,STA,WIFI_DROP,
16.3744,4,STA,WIFI_DROP,
16.3744,6,STA,WIFI_DROP,
16.3744,11,STA,WIFI_DROP,
16.3744,13,STA,WIFI_DROP,
16.3744,16,STA,WIFI_DROP,
16.3768,4,STA,WIFI_DROP,
16.3768,6,STA,WIFI_DROP,
16.3768,11,STA,WIFI_DROP,
16.3768,13,STA,WIFI_DROP,
16.3768,16,STA,WIFI_DROP,
16.3792,4,STA,WIFI_DROP,
16.3792,6,STA,WIFI_DROP,
16.3792,11,STA,WIFI_DROP,
16.3792,13,STA,WIFI_DROP,
16.3792,16,STA,WIFI_DROP,
16.3816,4,STA,WIFI_DROP,
16.3816,6,STA,WIFI_DROP,
16.3816,11,STA,WIFI_DROP,
16.3816,13,STA,WIFI_DROP,
16.3816,16,STA,WIFI_DROP,
16.384,4,STA,WIFI_DROP,
16.384,6,STA,WIFI_DROP,
16.384,11,STA,WIFI_DROP,
16.384,13,STA,WIFI_DROP,
16.384,16,STA,WIFI_DROP,
16.3864,4,STA,WIFI_DROP,
16.3864,6,STA,WIFI_DROP,
16.3864,11,STA,WIFI_DROP,
16.3864,13,STA,WIFI_DROP,
16.3864,16,STA,WIFI_DROP,
16.3888,4,STA,WIFI_DROP,
16.3888,6,STA,WIFI_DROP,
16.3888,11,STA,WIFI_DROP,
16.3888,13,STA,WIFI_DROP,
16.3888,16,STA,WIFI_DROP,
16.3912,4,STA,WIFI_DROP,
16.3912,6,STA,WIFI_DROP,
16.3912,11,STA,WIFI_DROP,
16.3912,16,STA,WIFI_DROP,
16.3936,4,STA,WIFI_DROP,
16.3936,6,STA,WIFI_DROP,
16.3936,11,STA,WIFI_DROP,
16.3936,16,STA,WIFI_DROP,
16.396,4,STA,WIFI_DROP,
16.396,6,STA,WIFI_DROP,
16.396,11,STA,WIFI_DROP,
16.396,16,STA,WIFI_DROP,
16.3984,4,STA,WIFI_DROP,
16.3984,6,STA,WIFI_DROP,
16.3984,11,STA,WIFI_DROP,
16.3984,16,STA,WIFI_DROP,
16.4008,4,STA,WIFI_DROP,
16.4008,6,STA,WIFI_DROP,
16.4008,11,STA,WIFI_DROP,
16.4008,16,STA,WIFI_DROP,
16.4032,4,STA,WIFI_DROP,
16.4032,6,STA,WIFI_DROP,
16.4032,11,STA,WIFI_DROP,
16.4032,16,STA,WIFI_DROP,
16.4056,4,STA,WIFI_DROP,
16.4056,6,STA,WIFI_DROP,
16.4056,11,STA,WIFI_DROP,
16.4056,16,STA,WIFI_DROP,
16.408,4,STA,WIFI_DROP,
16.408,6,STA,WIFI_DROP,
16.408,11,STA,WIFI_DROP,
16.408,16,STA,WIFI_DROP,
16.4104,4,STA,WIFI_DROP,
16.4104,6,STA,WIFI_DROP,
16.4104,11,STA,WIFI_DROP,
16.4104,16,STA,WIFI_DROP,
16.4128,4,STA,WIFI_DROP,
16.4128,6,STA,WIFI_DROP,
16.4128,11,STA,WIFI_DROP,
16.4128,16,STA,WIFI_DROP,
16.4152,4,STA,WIFI_DROP,
16.4152,6,STA,WIFI_DROP,
16.4152,11,STA,WIFI_DROP,
16.4152,16,STA,WIFI_DROP,
16.4176,4,STA,WIFI_DROP,
16.4176,6,STA,WIFI_DROP,
16.4176,11,STA,WIFI_DROP,
16.4176,16,STA,WIFI_DROP,
16.42,4,STA,WIFI_DROP,
16.42,6,STA,WIFI_DROP,
16.42,11,STA,WIFI_DROP,
16.42,16,STA,WIFI_DROP,
16.4224,4,STA,WIFI_DROP,
16.4224,6,STA,WIFI_DROP,
16.4224,11,STA,WIFI_DROP,
16.4224,16,STA,WIFI_DROP,
16.4248,4,STA,WIFI_DROP,
16.4248,6,STA,WIFI_DROP,
16.4248,11,STA,WIFI_DROP,
16.4248,16,STA,WIFI_DROP,
16.4272,4,STA,WIFI_DROP,
16.4272,6,STA,WIFI_DROP,
16.4272,11,STA,WIFI_DROP,
16.4272,16,STA,WIFI_DROP,
16.4296,4,STA,WIFI_DROP,
16.4296,6,STA,WIFI_DROP,
16.4296,11,STA,WIFI_DROP,
16.4296,16,STA,WIFI_DROP,
16.432,4,STA,WIFI_DROP,
16.432,6,STA,WIFI_DROP,
16.432,11,STA,WIFI_DROP,
16.432,16,STA,WIFI_DROP,
16.4344,4,STA,WIFI_DROP,
16.4344,6,STA,WIFI_DROP,
16.4344,11,STA,WIFI_DROP,
16.4344,16,STA,WIFI_DROP,
16.4368,4,STA,WIFI_DROP,
16.4368,6,STA,WIFI_DROP,
16.4368,11,STA,WIFI_DROP,
16.4368,16,STA,WIFI_DROP,
16.4392,4,STA,WIFI_DROP,
16.4392,6,STA,WIFI_DROP,
16.4392,11,STA,WIFI_DROP,
16.4392,16,STA,WIFI_DROP,
16.4416,4,STA,WIFI_DROP,
16.4416,6,STA,WIFI_DROP,
16.4416,11,STA,WIFI_DROP,
16.4416,16,STA,WIFI_DROP,
16.444,4,STA,WIFI_DROP,
16.444,6,STA,WIFI_DROP,
16.444,11,STA,WIFI_DROP,
16.444,16,STA,WIFI_DROP,
16.4464,4,STA,WIFI_DROP,
16.4464,6,STA,WIFI_DROP,
16.4464,11,STA,WIFI_DROP,
16.4464,16,STA,WIFI_DROP,
16.4488,4,STA,WIFI_DROP,
16.4488,6,STA,WIFI_DROP,
16.4488,11,STA,WIFI_DROP,
16.4488,16,STA,WIFI_DROP,
16.4512,4,STA,WIFI_DROP,
16.4512,6,STA,WIFI_DROP,
16.4512,11,STA,WIFI_DROP,
16.4512,16,STA,WIFI_DROP,
16.4536,4,STA,WIFI_DROP,
16.4536,6,STA,WIFI_DROP,
16.4536,11,STA,WIFI_DROP,
16.4536,16,STA,WIFI_DROP,
16.456,4,STA,WIFI_DROP,
16.456,6,STA,WIFI_DROP,
16.456,11,STA,WIFI_DROP,
16.456,16,STA,WIFI_DROP,
16.4584,4,STA,WIFI_DROP,
16.4584,6,STA,WIFI_DROP,
16.4584,11,STA,WIFI_DROP,
16.4584,16,STA,WIFI_DROP,
16.4608,4,STA,WIFI_DROP,
16.4608,6,STA,WIFI_DROP,
16.4608,11,STA,WIFI_DROP,
16.4608,16,STA,WIFI_DROP,
16.4632,4,STA,WIFI_DROP,
16.4632,6,STA,WIFI_DROP,
16.4632,11,STA,WIFI_DROP,
16.4632,16,STA,WIFI_DROP,
16.4656,4,STA,WIFI_DROP,
16.4656,6,STA,WIFI_DROP,
16.4656,11,STA,WIFI_DROP,
16.4656,16,STA,WIFI_DROP,
16.468,4,STA,WIFI_DROP,
16.468,6,STA,WIFI_DROP,
16.468,11,STA,WIFI_DROP,
16.468,16,STA,WIFI_DROP,
16.4704,4,STA,WIFI_DROP,
16.4704,6,STA,WIFI_DROP,
16.4704,11,STA,WIFI_DROP,
16.4704,16,STA,WIFI_DROP,
16.4728,4,STA,WIFI_DROP,
16.4728,6,STA,WIFI_DROP,
16.4728,11,STA,WIFI_DROP,
16.4728,16,STA,WIFI_DROP,
16.4752,4,STA,WIFI_DROP,
16.4752,6,STA,WIFI_DROP,
16.4752,11,STA,WIFI_DROP,
16.4752,16,STA,WIFI_DROP,
16.4776,4,STA,WIFI_DROP,
16.4776,6,STA,WIFI_DROP,
16.4776,11,STA,WIFI_DROP,
16.4776,16,STA,WIFI_DROP,
16.48,4,STA,WIFI_DROP,
16.48,6,STA,WIFI_DROP,
16.48,11,STA,WIFI_DROP,
16.48,16,STA,WIFI_DROP,
16.4824,4,STA,WIFI_DROP,
16.4824,6,STA,WIFI_DROP,
16.4824,11,STA,WIFI_DROP,
16.4824,16,STA,WIFI_DROP,
16.4848,4,STA,WIFI_DROP,
16.4848,6,STA,WIFI_DROP,
16.4848,11,STA,WIFI_DROP,
16.4848,16,STA,WIFI_DROP,
16.4872,4,STA,WIFI_DROP,
16.4872,6,STA,WIFI_DROP,
16.4872,11,STA,WIFI_DROP,
16.4872,16,STA,WIFI_DROP,
16.4896,4,STA,WIFI_DROP,
16.4896,6,STA,WIFI_DROP,
16.4896,11,STA,WIFI_DROP,
16.4896,16,STA,WIFI_DROP,
16.492,4,STA,WIFI_DROP,
16.492,6,STA,WIFI_DROP,
16.492,11,STA,WIFI_DROP,
16.492,16,STA,WIFI_DROP,
16.4944,4,STA,WIFI_DROP,
16.4944,6,STA,WIFI_DROP,
16.4944,11,STA,WIFI_DROP,
16.4944,16,STA,WIFI_DROP,
16.4968,4,STA,WIFI_DROP,
16.4968,6,STA,WIFI_DROP,
16.4968,11,STA,WIFI_DROP,
16.4968,16,STA,WIFI_DROP,
16.4992,4,STA,WIFI_DROP,
16.4992,6,STA,WIFI_DROP,
16.4992,11,STA,WIFI_DROP,
16.4992,16,STA,WIFI_DROP,
16.5016,4,STA,WIFI_DROP,
16.5016,6,STA,WIFI_DROP,
16.5016,11,STA,WIFI_DROP,
16.5016,16,STA,WIFI_DROP,
16.504,4,STA,WIFI_DROP,
16.504,6,STA,WIFI_DROP,
16.504,11,STA,WIFI_DROP,
16.504,16,STA,WIFI_DROP,
16.5064,4,STA,WIFI_DROP,
16.5064,6,STA,WIFI_DROP,
16.5064,11,STA,WIFI_DROP,
16.5064,16,STA,WIFI_DROP,
16.5088,4,STA,WIFI_DROP,
16.5088,6,STA,WIFI_DROP,
16.5088,11,STA,WIFI_DROP,
16.5088,16,STA,WIFI_DROP,
16.5112,4,STA,WIFI_DROP,
16.5112,6,STA,WIFI_DROP,
16.5112,11,STA,WIFI_DROP,
16.5112,16,STA,WIFI_DROP,
16.5136,4,STA,WIFI_DROP,
16.5136,6,STA,WIFI_DROP,
16.5136,11,STA,WIFI_DROP,
16.5136,16,STA,WIFI_DROP,
16.516,4,STA,WIFI_DROP,
16.516,6,STA,WIFI_DROP,
16.516,11,STA,WIFI_DROP,
16.516,16,STA,WIFI_DROP,
16.5184,4,STA,WIFI_DROP,
16.5184,6,STA,WIFI_DROP,
16.5184,11,STA,WIFI_DROP,
16.5184,16,STA,WIFI_DROP,
16.5208,4,STA,WIFI_DROP,
16.5208,6,STA,WIFI_DROP,
16.5208,11,STA,WIFI_DROP,
16.5208,16,STA,WIFI_DROP,
16.5232,4,STA,WIFI_DROP,
16.5232,6,STA,WIFI_DROP,
16.5232,11,STA,WIFI_DROP,
16.5232,16,STA,WIFI_DROP,
16.5256,4,STA,WIFI_DROP,
16.5256,6,STA,WIFI_DROP,
16.5256,11,STA,WIFI_DROP,
16.5256,16,STA,WIFI_DROP,
16.528,4,STA,WIFI_DROP,
16.528,6,STA,WIFI_DROP,
16.528,11,STA,WIFI_DROP,
16.528,16,STA,WIFI_DROP,
16.5304,4,STA,WIFI_DROP,
16.5304,6,STA,WIFI_DROP,
16.5304,11,STA,WIFI_DROP,
16.5304,16,STA,WIFI_DROP,
16.5328,4,STA,WIFI_DROP,
16.5328,6,STA,WIFI_DROP,
16.5328,11,STA,WIFI_DROP,
16.5328,16,STA,WIFI_DROP,
16.5352,4,STA,WIFI_DROP,
16.5352,6,STA,WIFI_DROP,
16.5352,11,STA,WIFI_DROP,
16.5352,16,STA,WIFI_DROP,
16.5376,4,STA,WIFI_DROP,
16.5376,6,STA,WIFI_DROP,
16.5376,11,STA,WIFI_DROP,
16.5376,16,STA,WIFI_DROP,
16.54,4,STA,WIFI_DROP,
16.54,6,STA,WIFI_DROP,
16.54,11,STA,WIFI_DROP,
16.54,16,STA,WIFI_DROP,
16.5424,4,STA,WIFI_DROP,
16.5424,6,STA,WIFI_DROP,
16.5424,11,STA,WIFI_DROP,
16.5424,16,STA,WIFI_DROP,
16.5448,4,STA,WIFI_DROP,
16.5448,6,STA,WIFI_DROP,
16.5448,10,STA,WIFI_DROP,
16.5448,11,STA,WIFI_DROP,
16.5448,16,STA,WIFI_DROP,
16.5472,4,STA,WIFI_DROP,
16.5472,6,STA,WIFI_DROP,
16.5472,10,STA,WIFI_DROP,
16.5472,11,STA,WIFI_DROP,
16.5472,16,STA,WIFI_DROP,
16.5496,4,STA,WIFI_DROP,
16.5496,6,STA,WIFI_DROP,
16.5496,10,STA,WIFI_DROP,
16.5496,11,STA,WIFI_DROP,
16.5496,16,STA,WIFI_DROP,
16.552,4,STA,WIFI_DROP,
16.552,6,STA,WIFI_DROP,
16.552,10,STA,WIFI_DROP,
16.552,11,STA,WIFI_DROP,
16.552,16,STA,WIFI_DROP,
16.5544,4,STA,WIFI_DROP,
16.5544,6,STA,WIFI_DROP,
16.5544,10,STA,WIFI_DROP,
16.5544,11,STA,WIFI_DROP,
16.5544,16,STA,WIFI_DROP,
16.5568,4,STA,WIFI_DROP,
16.5568,6,STA,WIFI_DROP,
16.5568,10,STA,WIFI_DROP,
16.5568,11,STA,WIFI_DROP,
16.5568,16,STA,WIFI_DROP,
16.5592,4,STA,WIFI_DROP,
16.5592,6,STA,WIFI_DROP,
16.5592,10,STA,WIFI_DROP,
16.5592,11,STA,WIFI_DROP,
16.5592,16,STA,WIFI_DROP,
16.5616,4,STA,WIFI_DROP,
16.5616,6,STA,WIFI_DROP,
16.5616,10,STA,WIFI_DROP,
16.5616,11,STA,WIFI_DROP,
16.5616,16,STA,WIFI_DROP,
16.564,4,STA,WIFI_DROP,
16.564,6,STA,WIFI_DROP,
16.564,10,STA,WIFI_DROP,
16.564,11,STA,WIFI_DROP,
16.564,16,STA,WIFI_DROP,
16.5664,4,STA,WIFI_DROP,
16.5664,6,STA,WIFI_DROP,
16.5664,10,STA,WIFI_DROP,
16.5664,11,STA,WIFI_DROP,
16.5664,16,STA,WIFI_DROP,
16.5688,4,STA,WIFI_DROP,
16.5688,6,STA,WIFI_DROP,
16.5688,10,STA,WIFI_DROP,
16.5688,11,STA,WIFI_DROP,
16.5688,16,STA,WIFI_DROP,
16.5712,4,STA,WIFI_DROP,
16.5712,6,STA,WIFI_DROP,
16.5712,10,STA,WIFI_DROP,
16.5712,11,STA,WIFI_DROP,
16.5712,16,STA,WIFI_DROP,
16.5736,4,STA,WIFI_DROP,
16.5736,6,STA,WIFI_DROP,
16.5736,10,STA,WIFI_DROP,
16.5736,11,STA,WIFI_DROP,
16.5736,16,STA,WIFI_DROP,
16.576,4,STA,WIFI_DROP,
16.576,6,STA,WIFI_DROP,
16.576,10,STA,WIFI_DROP,
16.576,11,STA,WIFI_DROP,
16.576,16,STA,WIFI_DROP,
16.5784,4,STA,WIFI_DROP,
16.5784,6,STA,WIFI_DROP,
16.5784,10,STA,WIFI_DROP,
16.5784,11,STA,WIFI_DROP,
16.5784,16,STA,WIFI_DROP,
16.5808,4,STA,WIFI_DROP,
16.5808,6,STA,WIFI_DROP,
16.5808,10,STA,WIFI_DROP,
16.5808,11,STA,WIFI_DROP,
16.5808,16,STA,WIFI_DROP,
16.5832,4,STA,WIFI_DROP,
16.5832,10,STA,WIFI_DROP,
16.5832,11,STA,WIFI_DROP,
16.5832,16,STA,WIFI_DROP,
16.5856,4,STA,WIFI_DROP,
16.5856,10,STA,WIFI_DROP,
16.5856,11,STA,WIFI_DROP,
16.5856,16,STA,WIFI_DROP,
16.588,4,STA,WIFI_DROP,
16.588,10,STA,WIFI_DROP,
16.588,11,STA,WIFI_DROP,
16.588,16,STA,WIFI_DROP,
16.5904,4,STA,WIFI_DROP,
16.5904,10,STA,WIFI_DROP,
16.5904,11,STA,WIFI_DROP,
16.5904,16,STA,WIFI_DROP,
16.5928,4,STA,WIFI_DROP,
16.5928,10,STA,WIFI_DROP,
16.5928,11,STA,WIFI_DROP,
16.5928,16,STA,WIFI_DROP,
16.5952,4,STA,WIFI_DROP,
16.5952,11,STA,WIFI_DROP,
16.5952,16,STA,WIFI_DROP,
16.5976,4,STA,WIFI_DROP,
16.5976,11,STA,WIFI_DROP,
16.5976,16,STA,WIFI_DROP,
16.6,4,STA,WIFI_DROP,
16.6,11,STA,WIFI_DROP,
16.6,16,STA,WIFI_DROP,
16.6024,4,STA,WIFI_DROP,
16.6024,11,STA,WIFI_DROP,
16.6024,16,STA,WIFI_DROP,
16.6048,4,STA,WIFI_DROP,
16.6048,11,STA,WIFI_DROP,
16.6048,16,STA,WIFI_DROP,
16.6072,4,STA,WIFI_DROP,
16.6072,11,STA,WIFI_DROP,
16.6072,16,STA,WIFI_DROP,
16.6096,4,STA,WIFI_DROP,
16.6096,11,STA,WIFI_DROP,
16.6096,16,STA,WIFI_DROP,
16.612,4,STA,WIFI_DROP,
16.612,11,STA,WIFI_DROP,
16.612,16,STA,WIFI_DROP,
16.6144,4,STA,WIFI_DROP,
16.6144,11,STA,WIFI_DROP,
16.6144,16,STA,WIFI_DROP,
16.6168,4,STA,WIFI_DROP,
16.6168,11,STA,WIFI_DROP,
16.6168,16,STA,WIFI_DROP,
16.6192,4,STA,WIFI_DROP,
16.6192,11,STA,WIFI_DROP,
16.6192,16,STA,WIFI_DROP,
16.6216,4,STA,WIFI_DROP,
16.6216,11,STA,WIFI_DROP,
16.6216,16,STA,WIFI_DROP,
16.624,4,STA,WIFI_DROP,
16.624,11,STA,WIFI_DROP,
16.624,16,STA,WIFI_DROP,
16.6264,4,STA,WIFI_DROP,
16.6264,11,STA,WIFI_DROP,
16.6264,16,STA,WIFI_DROP,
16.6288,4,STA,WIFI_DROP,
16.6288,11,STA,WIFI_DROP,
16.6288,16,STA,WIFI_DROP,
16.6312,4,STA,WIFI_DROP,
16.6312,11,STA,WIFI_DROP,
16.6312,16,STA,WIFI_DROP,
16.6336,4,STA,WIFI_DROP,
16.6336,11,STA,WIFI_DROP,
16.6336,16,STA,WIFI_DROP,
16.636,4,STA,WIFI_DROP,
16.636,11,STA,WIFI_DROP,
16.636,16,STA,WIFI_DROP,
16.6384,4,STA,WIFI_DROP,
16.6384,11,STA,WIFI_DROP,
16.6384,16,STA,WIFI_DROP,
16.6408,4,STA,WIFI_DROP,
16.6408,11,STA,WIFI_DROP,
16.6408,16,STA,WIFI_DROP,
16.6432,4,STA,WIFI_DROP,
16.6432,11,STA,WIFI_DROP,
16.6432,16,STA,WIFI_DROP,
16.6456,4,STA,WIFI_DROP,
16.6456,11,STA,WIFI_DROP,
16.648,4,STA,WIFI_DROP,
16.648,9,STA,WIFI_DROP,
16.648,11,STA,WIFI_DROP,
16.6504,4,STA,WIFI_DROP,
16.6504,9,STA,WIFI_DROP,
16.6504,11,STA,WIFI_DROP,
16.6528,4,STA,WIFI_DROP,
16.6528,9,STA,WIFI_DROP,
16.6528,11,STA,WIFI_DROP,
16.6552,4,STA,WIFI_DROP,
16.6552,9,STA,WIFI_DROP,
16.6552,11,STA,WIFI_DROP,
16.6576,4,STA,WIFI_DROP,
16.6576,9,STA,WIFI_DROP,
16.6576,11,STA,WIFI_DROP,
16.66,4,STA,WIFI_DROP,
16.66,9,STA,WIFI_DROP,
16.66,11,STA,WIFI_DROP,
16.6624,4,STA,WIFI_DROP,
16.6624,9,STA,WIFI_DROP,
16.6624,11,STA,WIFI_DROP,
16.6648,4,STA,WIFI_DROP,
16.6648,9,STA,WIFI_DROP,
16.6648,11,STA,WIFI_DROP,
16.6672,4,STA,WIFI_DROP,
16.6672,9,STA,WIFI_DROP,
16.6672,11,STA,WIFI_DROP,
16.6696,4,STA,WIFI_DROP,
16.6696,9,STA,WIFI_DROP,
16.6696,11,STA,WIFI_DROP,
16.672,4,STA,WIFI_DROP,
16.672,9,STA,WIFI_DROP,
16.672,11,STA,WIFI_DROP,
16.6744,4,STA,WIFI_DROP,
16.6744,9,STA,WIFI_DROP,
16.6744,11,STA,WIFI_DROP,
16.6768,4,STA,WIFI_DROP,
16.6768,9,STA,WIFI_DROP,
16.6768,11,STA,WIFI_DROP,
16.6792,4,STA,WIFI_DROP,
16.6792,9,STA,WIFI_DROP,
16.6792,11,STA,WIFI_DROP,
16.6816,4,STA,WIFI_DROP,
16.6816,9,STA,WIFI_DROP,
16.6816,11,STA,WIFI_DROP,
16.684,4,STA,WIFI_DROP,
16.684,9,STA,WIFI_DROP,
16.684,11,STA,WIFI_DROP,
16.6864,4,STA,WIFI_DROP,
16.6864,9,STA,WIFI_DROP,
16.6864,11,STA,WIFI_DROP,
16.6888,4,STA,WIFI_DROP,
16.6888,9,STA,WIFI_DROP,
16.6888,11,STA,WIFI_DROP,
16.6912,4,STA,WIFI_DROP,
16.6912,9,STA,WIFI_DROP,
16.6912,11,STA,WIFI_DROP,
16.6936,4,STA,WIFI_DROP,
16.6936,9,STA,WIFI_DROP,
16.6936,11,STA,WIFI_DROP,
16.696,4,STA,WIFI_DROP,
16.696,9,STA,WIFI_DROP,
16.696,11,STA,WIFI_DROP,
16.6984,4,STA,WIFI_DROP,
16.6984,9,STA,WIFI_DROP,
16.6984,11,STA,WIFI_DROP,
16.7008,4,STA,WIFI_DROP,
16.7008,9,STA,WIFI_DROP,
16.7008,11,STA,WIFI_DROP,
16.7032,4,STA,WIFI_DROP,
16.7032,9,STA,WIFI_DROP,
16.7032,11,STA,WIFI_DROP,
16.7056,4,STA,WIFI_DROP,
16.7056,9,STA,WIFI_DROP,
16.7056,11,STA,WIFI_DROP,
16.708,4,STA,WIFI_DROP,
16.708,9,STA,WIFI_DROP,
16.708,11,STA,WIFI_DROP,
16.7104,4,STA,WIFI_DROP,
16.7104,9,STA,WIFI_DROP,
16.7104,11,STA,WIFI_DROP,
16.7128,4,STA,WIFI_DROP,
16.7128,9,STA,WIFI_DROP,
16.7128,11,STA,WIFI_DROP,
16.7152,4,STA,WIFI_DROP,
16.7152,9,STA,WIFI_DROP,
16.7152,11,STA,WIFI_DROP,
16.7176,4,STA,WIFI_DROP,
16.7176,9,STA,WIFI_DROP,
16.7176,11,STA,WIFI_DROP,
16.72,4,STA,WIFI_DROP,
16.72,9,STA,WIFI_DROP,
16.72,11,STA,WIFI_DROP,
16.7224,4,STA,WIFI_DROP,
16.7224,9,STA,WIFI_DROP,
16.7224,11,STA,WIFI_DROP,
16.7248,4,STA,WIFI_DROP,
16.7248,9,STA,WIFI_DROP,
16.7248,11,STA,WIFI_DROP,
16.7272,4,STA,WIFI_DROP,
16.7272,9,STA,WIFI_DROP,
16.7272,11,STA,WIFI_DROP,
16.7296,4,STA,WIFI_DROP,
16.7296,9,STA,WIFI_DROP,
16.732,4,STA,WIFI_DROP,
16.732,9,STA,WIFI_DROP,
16.7344,4,STA,WIFI_DROP,
16.7344,9,STA,WIFI_DROP,
16.7368,4,STA,WIFI_DROP,
16.7368,9,STA,WIFI_DROP,
16.7392,4,STA,WIFI_DROP,
16.7392,9,STA,WIFI_DROP,
16.7416,4,STA,WIFI_DROP,
16.7416,9,STA,WIFI_DROP,
16.744,4,STA,WIFI_DROP,
16.744,9,STA,WIFI_DROP,
16.7464,4,STA,WIFI_DROP,
16.7464,9,STA,WIFI_DROP,
16.7488,4,STA,WIFI_DROP,
16.7488,9,STA,WIFI_DROP,
16.7512,4,STA,WIFI_DROP,
16.7512,9,STA,WIFI_DROP,
16.7536,4,STA,WIFI_DROP,
16.7536,9,STA,WIFI_DROP,
16.756,4,STA,WIFI_DROP,
16.756,9,STA,WIFI_DROP,
16.7584,4,STA,WIFI_DROP,
16.7584,9,STA,WIFI_DROP,
16.7608,4,STA,WIFI_DROP,
16.7608,9,STA,WIFI_DROP,
16.7632,4,STA,WIFI_DROP,
16.7632,9,STA,WIFI_DROP,
16.7656,4,STA,WIFI_DROP,
16.7656,9,STA,WIFI_DROP,
16.768,4,STA,WIFI_DROP,
16.768,9,STA,WIFI_DROP,
16.7704,4,STA,WIFI_DROP,
16.7704,9,STA,WIFI_DROP,
16.7728,4,STA,WIFI_DROP,
16.7728,9,STA,WIFI_DROP,
16.7752,4,STA,WIFI_DROP,
16.7752,9,STA,WIFI_DROP,
16.7776,4,STA,WIFI_DROP,
16.7776,9,STA,WIFI_DROP,
16.78,4,STA,WIFI_DROP,
16.78,9,STA,WIFI_DROP,
16.7824,4,STA,WIFI_DROP,
16.7824,9,STA,WIFI_DROP,
16.7848,4,STA,WIFI_DROP,
16.7848,9,STA,WIFI_DROP,
16.7872,4,STA,WIFI_DROP,
16.7872,9,STA,WIFI_DROP,
16.7896,4,STA,WIFI_DROP,
16.7896,9,STA,WIFI_DROP,
16.792,4,STA,WIFI_DROP,
16.792,9,STA,WIFI_DROP,
16.7944,4,STA,WIFI_DROP,
16.7944,9,STA,WIFI_DROP,
16.7968,4,STA,WIFI_DROP,
16.7968,9,STA,WIFI_DROP,
16.7992,4,STA,WIFI_DROP,
16.7992,9,STA,WIFI_DROP,
16.8016,4,STA,WIFI_DROP,
16.8016,9,STA,WIFI_DROP,
16.804,4,STA,WIFI_DROP,
16.804,9,STA,WIFI_DROP,
16.8064,4,STA,WIFI_DROP,
16.8064,9,STA,WIFI_DROP,
16.8088,4,STA,WIFI_DROP,
16.8088,9,STA,WIFI_DROP,
16.8112,4,STA,WIFI_DROP,
16.8112,9,STA,WIFI_DROP,
16.8136,4,STA,WIFI_DROP,
16.8136,9,STA,WIFI_DROP,
16.816,4,STA,WIFI_DROP,
16.816,9,STA,WIFI_DROP,
16.8184,4,STA,WIFI_DROP,
16.8184,9,STA,WIFI_DROP,
16.8208,4,STA,WIFI_DROP,
16.8208,9,STA,WIFI_DROP,
16.8232,4,STA,WIFI_DROP,
16.8232,9,STA,WIFI_DROP,
16.8256,4,STA,WIFI_DROP,
16.8256,9,STA,WIFI_DROP,
16.828,4,STA,WIFI_DROP,
16.828,9,STA,WIFI_DROP,
16.8304,4,STA,WIFI_DROP,
16.8304,9,STA,WIFI_DROP,
16.8328,4,STA,WIFI_DROP,
16.8328,9,STA,WIFI_DROP,
16.8352,4,STA,WIFI_DROP,
16.8352,9,STA,WIFI_DROP,
16.8376,4,STA,WIFI_DROP,
16.8376,9,STA,WIFI_DROP,
16.84,9,STA,WIFI_DROP,
16.8424,9,STA,WIFI_DROP,
16.8448,9,STA,WIFI_DROP,
16.8472,9,STA,WIFI_DROP,
16.8496,9,STA,WIFI_DROP,
16.852,9,STA,WIFI_DROP,
16.852,18,STA,WIFI_DROP,
16.8544,9,STA,WIFI_DROP,
16.8544,18,STA,WIFI_DROP,
16.8568,9,STA,WIFI_DROP,
16.8568,18,STA,WIFI_DROP,
16.8592,9,STA,WIFI_DROP,
16.8592,18,STA,WIFI_DROP,
16.8616,9,STA,WIFI_DROP,
16.8616,18,STA,WIFI_DROP,
16.864,9,STA,WIFI_DROP,
16.864,18,STA,WIFI_DROP,
16.8664,9,STA,WIFI_DROP,
16.8664,18,STA,WIFI_DROP,
16.8688,9,STA,WIFI_DROP,
16.8688,18,STA,WIFI_DROP,
16.8712,9,STA,WIFI_DROP,
16.8712,18,STA,WIFI_DROP,
16.8736,9,STA,WIFI_DROP,
16.8736,18,STA,WIFI_DROP,
16.876,9,STA,WIFI_DROP,
16.876,18,STA,WIFI_DROP,
16.8784,9,STA,WIFI_DROP,
16.8784,18,STA,WIFI_DROP,
16.8808,9,STA,WIFI_DROP,
16.8808,18,STA,WIFI_DROP,
16.8832,9,STA,WIFI_DROP,
16.8832,18,STA,WIFI_DROP,
16.8856,9,STA,WIFI_DROP,
16.8856,18,STA,WIFI_DROP,
16.888,9,STA,WIFI_DROP,
16.888,18,STA,WIFI_DROP,
16.8904,9,STA,WIFI_DROP,
16.8904,18,STA,WIFI_DROP,
16.8928,9,STA,WIFI_DROP,
16.8928,18,STA,WIFI_DROP,
16.8952,9,STA,WIFI_DROP,
16.8952,18,STA,WIFI_DROP,
16.8976,9,STA,WIFI_DROP,
16.8976,18,STA,WIFI_DROP,
16.9,9,STA,WIFI_DROP,
16.9,18,STA,WIFI_DROP,
16.9024,9,STA,WIFI_DROP,
16.9024,18,STA,WIFI_DROP,
16.9048,9,STA,WIFI_DROP,
16.9048,18,STA,WIFI_DROP,
16.9072,9,STA,WIFI_DROP,
16.9072,18,STA,WIFI_DROP,
16.9096,9,STA,WIFI_DROP,
16.9096,18,STA,WIFI_DROP,
16.912,9,STA,WIFI_DROP,
16.912,18,STA,WIFI_DROP,
16.9144,9,STA,WIFI_DROP,
16.9144,18,STA,WIFI_DROP,
16.9168,9,STA,WIFI_DROP,
16.9168,18,STA,WIFI_DROP,
16.9192,9,STA,WIFI_DROP,
16.9192,18,STA,WIFI_DROP,
16.9216,9,STA,WIFI_DROP,
16.9216,18,STA,WIFI_DROP,
16.924,9,STA,WIFI_DROP,
16.924,18,STA,WIFI_DROP,
16.9264,9,STA,WIFI_DROP,
16.9264,18,STA,WIFI_DROP,
16.9288,9,STA,WIFI_DROP,
16.9288,18,STA,WIFI_DROP,
16.9312,9,STA,WIFI_DROP,
16.9312,18,STA,WIFI_DROP,
16.9336,9,STA,WIFI_DROP,
16.9336,18,STA,WIFI_DROP,
16.936,9,STA,WIFI_DROP,
16.936,18,STA,WIFI_DROP,
16.9384,9,STA,WIFI_DROP,
16.9384,18,STA,WIFI_DROP,
16.9408,9,STA,WIFI_DROP,
16.9408,18,STA,WIFI_DROP,
16.9432,9,STA,WIFI_DROP,
16.9432,18,STA,WIFI_DROP,
16.9456,9,STA,WIFI_DROP,
16.9456,18,STA,WIFI_DROP,
16.948,9,STA,WIFI_DROP,
16.948,18,STA,WIFI_DROP,
16.9504,9,STA,WIFI_DROP,
16.9504,18,STA,WIFI_DROP,
16.9528,9,STA,WIFI_DROP,
16.9528,18,STA,WIFI_DROP,
16.9552,9,STA,WIFI_DROP,
16.9552,18,STA,WIFI_DROP,
16.9576,9,STA,WIFI_DROP,
16.9576,18,STA,WIFI_DROP,
16.96,9,STA,WIFI_DROP,
16.96,18,STA,WIFI_DROP,
16.9624,9,STA,WIFI_DROP,
16.9624,18,STA,WIFI_DROP,
16.9648,9,STA,WIFI_DROP,
16.9648,18,STA,WIFI_DROP,
16.9672,9,STA,WIFI_DROP,
16.9672,18,STA,WIFI_DROP,
16.9696,9,STA,WIFI_DROP,
16.9696,18,STA,WIFI_DROP,
16.972,9,STA,WIFI_DROP,
16.972,18,STA,WIFI_DROP,
16.9744,9,STA,WIFI_DROP,
16.9744,18,STA,WIFI_DROP,
16.9768,9,STA,WIFI_DROP,
16.9768,18,STA,WIFI_DROP,
16.9792,9,STA,WIFI_DROP,
16.9792,18,STA,WIFI_DROP,
16.9816,9,STA,WIFI_DROP,
16.9816,18,STA,WIFI_DROP,
16.984,9,STA,WIFI_DROP,
16.984,18,STA,WIFI_DROP,
16.9864,9,STA,WIFI_DROP,
16.9864,18,STA,WIFI_DROP,
16.9888,9,STA,WIFI_DROP,
16.9888,18,STA,WIFI_DROP,
16.9912,9,STA,WIFI_DROP,
16.9912,18,STA,WIFI_DROP,
16.9936,9,STA,WIFI_DROP,
16.9936,18,STA,WIFI_DROP,
16.996,9,STA,WIFI_DROP,
16.996,18,STA,WIFI_DROP,
16.9984,9,STA,WIFI_DROP,
16.9984,18,STA,WIFI_DROP,
17,2,STA,THROUGHPUT_MBPS,1.380000
17,4,STA,THROUGHPUT_MBPS,0.252000
17,6,STA,THROUGHPUT_MBPS,0.072000
17,8,STA,THROUGHPUT_MBPS,4.272000
17,9,STA,THROUGHPUT_MBPS,0.780000
17,11,STA,THROUGHPUT_MBPS,0.336000
17,12,STA,THROUGHPUT_MBPS,2.964000
17,13,STA,THROUGHPUT_MBPS,4.224000
17,14,STA,THROUGHPUT_MBPS,3.720000
17,16,STA,THROUGHPUT_MBPS,0.636000
17,17,STA,THROUGHPUT_MBPS,2.808000
17,18,STA,THROUGHPUT_MBPS,1.152000
17,21,STA,THROUGHPUT_MBPS,0.816000
17,1,AP,AGGREGATE_THROUGHPUT_MBPS,23.412000
17,1,AP,SENT_COUNT,8340.000000
17,1,AP,RECV_COUNT,1951.000000
17,1,AP,LATENCY_P95_MS,541.173593
17.0008,9,STA,WIFI_DROP,
17.0008,18,STA,WIFI_DROP,
17.0032,9,STA,WIFI_DROP,
17.0032,18,STA,WIFI_DROP,
17.0056,9,STA,WIFI_DROP,
17.0056,18,STA,WIFI_DROP,
17.008,9,STA,WIFI_DROP,
17.008,18,STA,WIFI_DROP,
17.0104,9,STA,WIFI_DROP,
17.0104,18,STA,WIFI_DROP,
17.0128,9,STA,WIFI_DROP,
17.0128,18,STA,WIFI_DROP,
17.0152,9,STA,WIFI_DROP,
17.0152,18,STA,WIFI_DROP,
17.0176,9,STA,WIFI_DROP,
17.0176,18,STA,WIFI_DROP,
17.02,9,STA,WIFI_DROP,
17.02,18,STA,WIFI_DROP,
17.0224,9,STA,WIFI_DROP,
17.0224,18,STA,WIFI_DROP,
17.0248,9,STA,WIFI_DROP,
17.0248,18,STA,WIFI_DROP,
17.0272,9,STA,WIFI_DROP,
17.0272,18,STA,WIFI_DROP,
17.0296,9,STA,WIFI_DROP,
17.0296,18,STA,WIFI_DROP,
17.032,9,STA,WIFI_DROP,
17.032,18,STA,WIFI_DROP,
17.0344,9,STA,WIFI_DROP,
17.0344,18,STA,WIFI_DROP,
17.0368,9,STA,WIFI_DROP,
17.0368,18,STA,WIFI_DROP,
17.0392,9,STA,WIFI_DROP,
17.0392,18,STA,WIFI_DROP,
17.0416,9,STA,WIFI_DROP,
17.0416,18,STA,WIFI_DROP,
17.044,9,STA,WIFI_DROP,
17.044,18,STA,WIFI_DROP,
17.0464,9,STA,WIFI_DROP,
17.0464,18,STA,WIFI_DROP,
17.0488,9,STA,WIFI_DROP,
17.0488,18,STA,WIFI_DROP,
17.0512,18,STA,WIFI_DROP,
17.0536,18,STA,WIFI_DROP,
17.056,18,STA,WIFI_DROP,
17.0584,18,STA,WIFI_DROP,
17.0608,18,STA,WIFI_DROP,
17.0632,18,STA,WIFI_DROP,
17.0656,18,STA,WIFI_DROP,
17.068,18,STA,WIFI_DROP,
17.0704,18,STA,WIFI_DROP,
17.0728,18,STA,WIFI_DROP,
17.0752,18,STA,WIFI_DROP,
17.0776,18,STA,WIFI_DROP,
17.08,18,STA,WIFI_DROP,
17.0824,18,STA,WIFI_DROP,
17.0848,18,STA,WIFI_DROP,
17.0872,18,STA,WIFI_DROP,
17.0896,18,STA,WIFI_DROP,
17.092,18,STA,WIFI_DROP,
17.0944,18,STA,WIFI_DROP,
17.0968,18,STA,WIFI_DROP,
17.0992,18,STA,WIFI_DROP,
17.1016,18,STA,WIFI_DROP,
17.104,18,STA,WIFI_DROP,
17.1064,18,STA,WIFI_DROP,
17.1088,18,STA,WIFI_DROP,
17.1112,18,STA,WIFI_DROP,
17.1136,18,STA,WIFI_DROP,
17.116,18,STA,WIFI_DROP,
17.1184,18,STA,WIFI_DROP,
17.1208,18,STA,WIFI_DROP,
17.1232,18,STA,WIFI_DROP,
17.1256,18,STA,WIFI_DROP,
17.128,18,STA,WIFI_DROP,
17.1304,18,STA,WIFI_DROP,
17.1328,18,STA,WIFI_DROP,
17.1352,18,STA,WIFI_DROP,
17.1376,18,STA,WIFI_DROP,
17.14,18,STA,WIFI_DROP,
17.1424,18,STA,WIFI_DROP,
17.1448,18,STA,WIFI_DROP,
17.1472,18,STA,WIFI_DROP,
17.1496,18,STA,WIFI_DROP,
17.152,18,STA,WIFI_DROP,
17.1544,18,STA,WIFI_DROP,
17.1568,18,STA,WIFI_DROP,
17.1592,18,STA,WIFI_DROP,
17.1616,18,STA,WIFI_DROP,
17.164,18,STA,WIFI_DROP,
17.1664,18,STA,WIFI_DROP,
17.1688,18,STA,WIFI_DROP,
17.1712,18,STA,WIFI_DROP,
17.1736,18,STA,WIFI_DROP,
17.176,18,STA,WIFI_DROP,
17.1784,18,STA,WIFI_DROP,
17.1808,18,STA,WIFI_DROP,
17.1832,18,STA,WIFI_DROP,
17.1856,18,STA,WIFI_DROP,
17.188,18,STA,WIFI_DROP,
17.1904,18,STA,WIFI_DROP,
17.1928,18,STA,WIFI_DROP,
17.1952,18,STA,WIFI_DROP,
17.1976,18,STA,WIFI_DROP,
17.2,18,STA,WIFI_DROP,
17.2024,18,STA,WIFI_DROP,
17.2048,18,STA,WIFI_DROP,
17.2072,18,STA,WIFI_DROP,
17.2096,18,STA,WIFI_DROP,
17.212,18,STA,WIFI_DROP,
17.2144,18,STA,WIFI_DROP,
17.2168,18,STA,WIFI_DROP,
17.2192,18,STA,WIFI_DROP,
17.2216,18,STA,WIFI_DROP,
17.224,18,STA,WIFI_DROP,
17.2264,18,STA,WIFI_DROP,
17.2288,18,STA,WIFI_DROP,
17.2312,18,STA,WIFI_DROP,
17.2336,18,STA,WIFI_DROP,
17.236,18,STA,WIFI_DROP,
17.2384,18,STA,WIFI_DROP,
17.2408,18,STA,WIFI_DROP,
17.2432,18,STA,WIFI_DROP,
17.2456,18,STA,WIFI_DROP,
17.248,18,STA,WIFI_DROP,
17.2504,18,STA,WIFI_DROP,
17.2528,18,STA,WIFI_DROP,
17.2552,18,STA,WIFI_DROP,
17.2576,18,STA,WIFI_DROP,
17.26,18,STA,WIFI_DROP,
17.2624,18,STA,WIFI_DROP,
17.2648,18,STA,WIFI_DROP,
17.2672,18,STA,WIFI_DROP,
17.2696,18,STA,WIFI_DROP,
17.272,18,STA,WIFI_DROP,
17.2744,18,STA,WIFI_DROP,
17.2768,18,STA,WIFI_DROP,
17.2792,18,STA,WIFI_DROP,
17.2816,18,STA,WIFI_DROP,
17.284,18,STA,WIFI_DROP,
17.2864,18,STA,WIFI_DROP,
17.2888,18,STA,WIFI_DROP,
17.2912,18,STA,WIFI_DROP,
17.2936,18,STA,WIFI_DROP,
17.296,18,STA,WIFI_DROP,
17.2984,18,STA,WIFI_DROP,
17.3008,18,STA,WIFI_DROP,
17.3032,18,STA,WIFI_DROP,
17.3056,18,STA,WIFI_DROP,
17.308,18,STA,WIFI_DROP,
17.3104,18,STA,WIFI_DROP,
17.3128,18,STA,WIFI_DROP,
17.3152,18,STA,WIFI_DROP,
17.3176,18,STA,WIFI_DROP,
17.32,18,STA,WIFI_DROP,
17.3224,18,STA,WIFI_DROP,
17.3248,18,STA,WIFI_DROP,
17.3272,18,STA,WIFI_DROP,
17.3296,18,STA,WIFI_DROP,
17.332,18,STA,WIFI_DROP,
17.3344,18,STA,WIFI_DROP,
17.3368,18,STA,WIFI_DROP,
17.3392,18,STA,WIFI_DROP,
17.3416,18,STA,WIFI_DROP,
17.344,18,STA,WIFI_DROP,
17.3464,18,STA,WIFI_DROP,
17.3488,18,STA,WIFI_DROP,
17.3512,18,STA,WIFI_DROP,
17.3536,18,STA,WIFI_DROP,
17.356,18,STA,WIFI_DROP,
17.3584,18,STA,WIFI_DROP,
17.3608,18,STA,WIFI_DROP,
17.3632,18,STA,WIFI_DROP,
17.3656,18,STA,WIFI_DROP,
17.368,18,STA,WIFI_DROP,
17.3704,18,STA,WIFI_DROP,
17.3728,18,STA,WIFI_DROP,
17.3752,18,STA,WIFI_DROP,
17.3776,18,STA,WIFI_DROP,
17.38,18,STA,WIFI_DROP,
17.3824,18,STA,WIFI_DROP,
17.3848,18,STA,WIFI_DROP,
17.3872,18,STA,WIFI_DROP,
17.3896,18,STA,WIFI_DROP,
17.392,18,STA,WIFI_DROP,
17.3944,18,STA,WIFI_DROP,
17.3968,18,STA,WIFI_DROP,
17.3992,18,STA,WIFI_DROP,
17.4016,18,STA,WIFI_DROP,
17.404,18,STA,WIFI_DROP,
17.4064,18,STA,WIFI_DROP,
17.4088,18,STA,WIFI_DROP,
17.4112,18,STA,WIFI_DROP,
17.4136,18,STA,WIFI_DROP,
17.416,18,STA,WIFI_DROP,
17.4184,18,STA,WIFI_DROP,
17.4208,18,STA,WIFI_DROP,
17.4232,18,STA,WIFI_DROP,
17.4256,18,STA,WIFI_DROP,
17.428,18,STA,WIFI_DROP,
17.4304,18,STA,WIFI_DROP,
17.4328,18,STA,WIFI_DROP,
17.4352,18,STA,WIFI_DROP,
17.4376,18,STA,WIFI_DROP,
17.44,18,STA,WIFI_DROP,
17.4424,18,STA,WIFI_DROP,
17.4448,18,STA,WIFI_DROP,
17.4472,18,STA,WIFI_DROP,
17.4496,18,STA,WIFI_DROP,
17.452,18,STA,WIFI_DROP,
17.4544,18,STA,WIFI_DROP,
17.4568,18,STA,WIFI_DROP,
17.4592,18,STA,WIFI_DROP,
17.4616,18,STA,WIFI_DROP,
17.464,18,STA,WIFI_DROP,
17.4664,18,STA,WIFI_DROP,
17.4688,18,STA,WIFI_DROP,
17.4712,18,STA,WIFI_DROP,
17.4736,18,STA,WIFI_DROP,
17.476,18,STA,WIFI_DROP,
17.4784,18,STA,WIFI_DROP,
17.4808,18,STA,WIFI_DROP,
17.4832,18,STA,WIFI_DROP,
17.4856,18,STA,WIFI_DROP,
17.488,18,STA,WIFI_DROP,
17.4904,18,STA,WIFI_DROP,
17.4928,18,STA,WIFI_DROP,
17.4952,18,STA,WIFI_DROP,
17.4976,18,STA,WIFI_DROP,
17.5,18,STA,WIFI_DROP,
17.5024,18,STA,WIFI_DROP,
17.5048,18,STA,WIFI_DROP,
17.5072,18,STA,WIFI_DROP,
17.5096,18,STA,WIFI_DROP,
17.512,18,STA,WIFI_DROP,
17.5144,18,STA,WIFI_DROP,
17.5168,18,STA,WIFI_DROP,
17.5192,18,STA,WIFI_DROP,
17.5216,18,STA,WIFI_DROP,
17.524,18,STA,WIFI_DROP,
17.5264,18,STA,WIFI_DROP,
17.5288,18,STA,WIFI_DROP,
17.5312,18,STA,WIFI_DROP,
17.5336,18,STA,WIFI_DROP,
17.536,18,STA,WIFI_DROP,
17.5384,18,STA,WIFI_DROP,
17.5408,18,STA,WIFI_DROP,
17.5432,18,STA,WIFI_DROP,
17.5456,18,STA,WIFI_DROP,
17.548,18,STA,WIFI_DROP,
17.5504,18,STA,WIFI_DROP,
17.5528,18,STA,WIFI_DROP,
17.6752,19,STA,WIFI_DROP,
17.6776,19,STA,WIFI_DROP,
17.68,19,STA,WIFI_DROP,
17.6824,19,STA,WIFI_DROP,
17.6848,19,STA,WIFI_DROP,
17.6872,19,STA,WIFI_DROP,
17.6896,19,STA,WIFI_DROP,
17.692,19,STA,WIFI_DROP,
17.6944,19,STA,WIFI_DROP,
17.6968,19,STA,WIFI_DROP,
17.6992,19,STA,WIFI_DROP,
17.7016,19,STA,WIFI_DROP,
17.704,19,STA,WIFI_DROP,
17.7064,19,STA,WIFI_DROP,
17.7088,19,STA,WIFI_DROP,
17.7112,19,STA,WIFI_DROP,
17.7136,19,STA,WIFI_DROP,
17.716,19,STA,WIFI_DROP,
17.7184,19,STA,WIFI_DROP,
17.7208,19,STA,WIFI_DROP,
17.7232,19,STA,WIFI_DROP,
17.7256,19,STA,WIFI_DROP,
17.728,19,STA,WIFI_DROP,
17.7304,19,STA,WIFI_DROP,
17.7328,19,STA,WIFI_DROP,
17.7352,19,STA,WIFI_DROP,
17.7376,19,STA,WIFI_DROP,
17.74,19,STA,WIFI_DROP,
17.7424,19,STA,WIFI_DROP,
17.7448,19,STA,WIFI_DROP,
17.7472,19,STA,WIFI_DROP,
17.7496,19,STA,WIFI_DROP,
17.752,19,STA,WIFI_DROP,
17.7544,19,STA,WIFI_DROP,
17.7568,19,STA,WIFI_DROP,
17.7592,19,STA,WIFI_DROP,
17.7616,19,STA,WIFI_DROP,
17.764,19,STA,WIFI_DROP,
17.7664,19,STA,WIFI_DROP,
17.7688,19,STA,WIFI_DROP,
17.7712,19,STA,WIFI_DROP,
17.7736,19,STA,WIFI_DROP,
17.776,19,STA,WIFI_DROP,
17.7784,19,STA,WIFI_DROP,
17.7808,19,STA,WIFI_DROP,
17.7832,19,STA,WIFI_DROP,
17.7856,19,STA,WIFI_DROP,
17.788,19,STA,WIFI_DROP,
17.7904,19,STA,WIFI_DROP,
17.7928,19,STA,WIFI_DROP,
17.7952,19,STA,WIFI_DROP,
17.7976,19,STA,WIFI_DROP,
17.8,19,STA,WIFI_DROP,
17.8024,19,STA,WIFI_DROP,
17.8048,19,STA,WIFI_DROP,
17.8072,19,STA,WIFI_DROP,
17.8096,19,STA,WIFI_DROP,
17.812,19,STA,WIFI_DROP,
17.8144,19,STA,WIFI_DROP,
17.8168,19,STA,WIFI_DROP,
17.8192,19,STA,WIFI_DROP,
17.8216,19,STA,WIFI_DROP,
17.824,19,STA,WIFI_DROP,
17.8264,19,STA,WIFI_DROP,
18,2,STA,THROUGHPUT_MBPS,1.848000
18,8,STA,THROUGHPUT_MBPS,3.348000
18,9,STA,THROUGHPUT_MBPS,3.144000
18,11,STA,THROUGHPUT_MBPS,4.908000
18,12,STA,THROUGHPUT_MBPS,1.308000
18,13,STA,THROUGHPUT_MBPS,3.996000
18,14,STA,THROUGHPUT_MBPS,1.680000
18,16,STA,THROUGHPUT_MBPS,0.840000
18,17,STA,THROUGHPUT_MBPS,1.572000
18,19,STA,THROUGHPUT_MBPS,1.320000
18,21,STA,THROUGHPUT_MBPS,1.020000
18,1,AP,AGGREGATE_THROUGHPUT_MBPS,24.984000
18,1,AP,SENT_COUNT,8340.000000
18,1,AP,RECV_COUNT,2082.000000
18,1,AP,LATENCY_P95_MS,524.498074
18.4912,12,STA,WIFI_DROP,
18.4936,12,STA,WIFI_DROP,
18.496,12,STA,WIFI_DROP,
18.4984,12,STA,WIFI_DROP,
18.5008,12,STA,WIFI_DROP,
18.5032,12,STA,WIFI_DROP,
18.5056,12,STA,WIFI_DROP,
18.508,12,STA,WIFI_DROP,
18.5104,12,STA,WIFI_DROP,
18.5128,12,STA,WIFI_DROP,
18.5152,12,STA,WIFI_DROP,
18.5176,12,STA,WIFI_DROP,
18.52,12,STA,WIFI_DROP,
18.5224,12,STA,WIFI_DROP,
18.5248,12,STA,WIFI_DROP,
18.5272,12,STA,WIFI_DROP,
18.5296,12,STA,WIFI_DROP,
18.532,12,STA,WIFI_DROP,
18.5344,12,STA,WIFI_DROP,
18.5368,12,STA,WIFI_DROP,
18.5392,12,STA,WIFI_DROP,
18.5416,12,STA,WIFI_DROP,
18.544,12,STA,WIFI_DROP,
18.5464,12,STA,WIFI_DROP,
18.5488,12,STA,WIFI_DROP,
18.5512,12,STA,WIFI_DROP,
18.5536,12,STA,WIFI_DROP,
18.556,12,STA,WIFI_DROP,
18.5584,12,STA,WIFI_DROP,
18.5608,12,STA,WIFI_DROP,
18.5632,12,STA,WIFI_DROP,
18.5656,12,STA,WIFI_DROP,
18.568,12,STA,WIFI_DROP,
18.5704,12,STA,WIFI_DROP,
18.5728,12,STA,WIFI_DROP,
18.5752,12,STA,WIFI_DROP,
18.5776,12,STA,WIFI_DROP,
18.58,12,STA,WIFI_DROP,
18.5824,12,STA,WIFI_DROP,
18.5848,12,STA,WIFI_DROP,
18.5872,12,STA,WIFI_DROP,
18.5896,12,STA,WIFI_DROP,
18.592,12,STA,WIFI_DROP,
18.5944,12,STA,WIFI_DROP,
18.5968,12,STA,WIFI_DROP,
18.5992,12,STA,WIFI_DROP,
18.6016,12,STA,WIFI_DROP,
18.604,12,STA,WIFI_DROP,
18.6064,12,STA,WIFI_DROP,
18.6088,12,STA,WIFI_DROP,
18.6112,12,STA,WIFI_DROP,
18.6136,12,STA,WIFI_DROP,
18.616,12,STA,WIFI_DROP,
18.6184,12,STA,WIFI_DROP,
18.6208,12,STA,WIFI_DROP,
18.6232,12,STA,WIFI_DROP,
18.6256,12,STA,WIFI_DROP,
18.628,12,STA,WIFI_DROP,
18.6304,12,STA,WIFI_DROP,
18.6328,12,STA,WIFI_DROP,
18.6352,12,STA,WIFI_DROP,
18.6376,12,STA,WIFI_DROP,
18.64,12,STA,WIFI_DROP,
18.6424,12,STA,WIFI_DROP,
18.6448,12,STA,WIFI_DROP,
18.6472,12,STA,WIFI_DROP,
18.6496,12,STA,WIFI_DROP,
18.652,12,STA,WIFI_DROP,
18.6544,12,STA,WIFI_DROP,
18.6568,12,STA,WIFI_DROP,
18.6592,12,STA,WIFI_DROP,
18.6616,12,STA,WIFI_DROP,
18.664,12,STA,WIFI_DROP,
18.6664,12,STA,WIFI_DROP,
18.6688,12,STA,WIFI_DROP,
18.6712,12,STA,WIFI_DROP,
18.6736,12,STA,WIFI_DROP,
18.676,12,STA,WIFI_DROP,
18.6784,12,STA,WIFI_DROP,
18.6808,12,STA,WIFI_DROP,
18.6832,12,STA,WIFI_DROP,
18.6856,12,STA,WIFI_DROP,
18.688,12,STA,WIFI_DROP,
18.6904,12,STA,WIFI_DROP,
18.6928,12,STA,WIFI_DROP,
18.6952,12,STA,WIFI_DROP,
18.6976,12,STA,WIFI_DROP,
18.7,12,STA,WIFI_DROP,
18.7024,12,STA,WIFI_DROP,
18.7048,12,STA,WIFI_DROP,
18.7072,12,STA,WIFI_DROP,
18.7096,12,STA,WIFI_DROP,
18.712,12,STA,WIFI_DROP,
18.7144,12,STA,WIFI_DROP,
18.7168,12,STA,WIFI_DROP,
18.7192,12,STA,WIFI_DROP,
18.7216,12,STA,WIFI_DROP,
18.724,12,STA,WIFI_DROP,
18.7264,12,STA,WIFI_DROP,
18.7288,12,STA,WIFI_DROP,
18.7312,12,STA,WIFI_DROP,
18.7336,12,STA,WIFI_DROP,
18.736,12,STA,WIFI_DROP,
18.7384,12,STA,WIFI_DROP,
18.7408,12,STA,WIFI_DROP,
18.7432,12,STA,WIFI_DROP,
18.7456,12,STA,WIFI_DROP,
18.748,12,STA,WIFI_DROP,
18.7504,12,STA,WIFI_DROP,
18.7528,12,STA,WIFI_DROP,
18.7552,12,STA,WIFI_DROP,
18.7576,12,STA,WIFI_DROP,
18.76,12,STA,WIFI_DROP,
18.7624,12,STA,WIFI_DROP,
18.7648,12,STA,WIFI_DROP,
18.7672,12,STA,WIFI_DROP,
18.7696,12,STA,WIFI_DROP,
18.772,12,STA,WIFI_DROP,
18.7744,12,STA,WIFI_DROP,
18.7768,12,STA,WIFI_DROP,
18.7792,12,STA,WIFI_DROP,
18.7816,12,STA,WIFI_DROP,
18.784,12,STA,WIFI_DROP,
18.7864,12,STA,WIFI_DROP,
18.7888,12,STA,WIFI_DROP,
18.7912,12,STA,WIFI_DROP,
18.7936,12,STA,WIFI_DROP,
18.796,12,STA,WIFI_DROP,
18.7984,3,STA,WIFI_DROP,
18.7984,12,STA,WIFI_DROP,
18.8008,3,STA,WIFI_DROP,
18.8008,12,STA,WIFI_DROP,
18.8032,3,STA,WIFI_DROP,
18.8032,12,STA,WIFI_DROP,
18.8056,3,STA,WIFI_DROP,
18.8056,12,STA,WIFI_DROP,
18.808,3,STA,WIFI_DROP,
18.808,12,STA,WIFI_DROP,
18.8104,3,STA,WIFI_DROP,
18.8104,12,STA,WIFI_DROP,
18.8128,3,STA,WIFI_DROP,
18.8128,12,STA,WIFI_DROP,
18.8152,3,STA,WIFI_DROP,
18.8152,12,STA,WIFI_DROP,
18.8176,3,STA,WIFI_DROP,
18.8176,12,STA,WIFI_DROP,
18.82,3,STA,WIFI_DROP,
18.82,12,STA,WIFI_DROP,
18.8224,3,STA,WIFI_DROP,
18.8224,12,STA,WIFI_DROP,
18.8248,3,STA,WIFI_DROP,
18.8248,12,STA,WIFI_DROP,
18.8272,3,STA,WIFI_DROP,
18.8272,12,STA,WIFI_DROP,
18.8296,3,STA,WIFI_DROP,
18.8296,12,STA,WIFI_DROP,
18.832,3,STA,WIFI_DROP,
18.832,12,STA,WIFI_DROP,
18.8344,3,STA,WIFI_DROP,
18.8344,12,STA,WIFI_DROP,
18.8368,3,STA,WIFI_DROP,
18.8368,12,STA,WIFI_DROP,
18.8392,3,STA,WIFI_DROP,
18.8392,12,STA,WIFI_DROP,
18.8416,3,STA,WIFI_DROP,
18.8416,12,STA,WIFI_DROP,
18.844,3,STA,WIFI_DROP,
18.844,12,STA,WIFI_DROP,
18.8464,3,STA,WIFI_DROP,
18.8464,12,STA,WIFI_DROP,
18.8488,3,STA,WIFI_DROP,
18.8488,12,STA,WIFI_DROP,
18.8512,3,STA,WIFI_DROP,
18.8512,12,STA,WIFI_DROP,
18.8536,3,STA,WIFI_DROP,
18.8536,12,STA,WIFI_DROP,
18.856,3,STA,WIFI_DROP,
18.856,12,STA,WIFI_DROP,
18.8584,3,STA,WIFI_DROP,
18.8584,12,STA,WIFI_DROP,
18.8608,3,STA,WIFI_DROP,
18.8608,12,STA,WIFI_DROP,
18.8632,3,STA,WIFI_DROP,
18.8632,12,STA,WIFI_DROP,
18.8656,3,STA,WIFI_DROP,
18.8656,12,STA,WIFI_DROP,
18.868,3,STA,WIFI_DROP,
18.868,12,STA,WIFI_DROP,
18.8704,3,STA,WIFI_DROP,
18.8704,12,STA,WIFI_DROP,
18.8728,3,STA,WIFI_DROP,
18.8728,12,STA,WIFI_DROP,
18.8752,3,STA,WIFI_DROP,
18.8752,12,STA,WIFI_DROP,
18.8776,3,STA,WIFI_DROP,
18.8776,12,STA,WIFI_DROP,
18.88,3,STA,WIFI_DROP,
18.88,12,STA,WIFI_DROP,
18.8824,3,STA,WIFI_DROP,
18.8824,12,STA,WIFI_DROP,
18.8848,3,STA,WIFI_DROP,
18.8848,12,STA,WIFI_DROP,
18.8872,3,STA,WIFI_DROP,
18.8872,12,STA,WIFI_DROP,
18.8896,3,STA,WIFI_DROP,
18.8896,12,STA,WIFI_DROP,
18.892,3,STA,WIFI_DROP,
18.892,12,STA,WIFI_DROP,
18.8944,3,STA,WIFI_DROP,
18.8944,12,STA,WIFI_DROP,
18.8968,3,STA,WIFI_DROP,
18.8968,12,STA,WIFI_DROP,
18.8992,3,STA,WIFI_DROP,
18.8992,12,STA,WIFI_DROP,
18.9016,3,STA,WIFI_DROP,
18.9016,12,STA,WIFI_DROP,
18.904,3,STA,WIFI_DROP,
18.904,12,STA,WIFI_DROP,
18.9064,3,STA,WIFI_DROP,
18.9064,12,STA,WIFI_DROP,
18.9088,3,STA,WIFI_DROP,
18.9088,12,STA,WIFI_DROP,
18.9112,3,STA,WIFI_DROP,
18.9112,12,STA,WIFI_DROP,
18.9136,3,STA,WIFI_DROP,
18.9136,12,STA,WIFI_DROP,
18.916,3,STA,WIFI_DROP,
18.916,12,STA,WIFI_DROP,
18.9184,3,STA,WIFI_DROP,
18.9184,12,STA,WIFI_DROP,
18.9208,3,STA,WIFI_DROP,
18.9208,12,STA,WIFI_DROP,
18.9232,3,STA,WIFI_DROP,
18.9232,12,STA,WIFI_DROP,
18.9256,3,STA,WIFI_DROP,
18.9256,12,STA,WIFI_DROP,
18.928,3,STA,WIFI_DROP,
18.928,12,STA,WIFI_DROP,
18.9304,3,STA,WIFI_DROP,
18.9304,12,STA,WIFI_DROP,
18.9328,3,STA,WIFI_DROP,
18.9328,12,STA,WIFI_DROP,
18.9352,3,STA,WIFI_DROP,
18.9352,12,STA,WIFI_DROP,
18.9376,3,STA,WIFI_DROP,
18.9376,12,STA,WIFI_DROP,
18.94,3,STA,WIFI_DROP,
18.94,12,STA,WIFI_DROP,
18.9424,3,STA,WIFI_DROP,
18.9424,12,STA,WIFI_DROP,
18.9448,3,STA,WIFI_DROP,
18.9448,12,STA,WIFI_DROP,
18.9472,3,STA,WIFI_DROP,
18.9472,12,STA,WIFI_DROP,
18.9496,3,STA,WIFI_DROP,
18.9496,12,STA,WIFI_DROP,
18.952,3,STA,WIFI_DROP,
18.952,12,STA,WIFI_DROP,
18.9544,3,STA,WIFI_DROP,
18.9544,12,STA,WIFI_DROP,
18.9568,3,STA,WIFI_DROP,
18.9568,12,STA,WIFI_DROP,
18.9592,3,STA,WIFI_DROP,
18.9592,12,STA,WIFI_DROP,
18.9616,3,STA,WIFI_DROP,
18.9616,12,STA,WIFI_DROP,
18.964,3,STA,WIFI_DROP,
18.964,12,STA,WIFI_DROP,
18.9664,3,STA,WIFI_DROP,
18.9664,12,STA,WIFI_DROP,
18.9688,3,STA,WIFI_DROP,
18.9688,12,STA,WIFI_DROP,
18.9712,3,STA,WIFI_DROP,
18.9712,12,STA,WIFI_DROP,
18.9736,3,STA,WIFI_DROP,
18.9736,12,STA,WIFI_DROP,
18.976,3,STA,WIFI_DROP,
18.976,12,STA,WIFI_DROP,
18.9784,3,STA,WIFI_DROP,
18.9784,12,STA,WIFI_DROP,
18.9808,3,STA,WIFI_DROP,
18.9808,12,STA,WIFI_DROP,
18.9832,3,STA,WIFI_DROP,
18.9832,12,STA,WIFI_DROP,
18.9856,3,STA,WIFI_DROP,
18.9856,12,STA,WIFI_DROP,
18.988,3,STA,WIFI_DROP,
18.988,12,STA,WIFI_DROP,
18.9904,3,STA,WIFI_DROP,
18.9904,12,STA,WIFI_DROP,
18.9928,3,STA,WIFI_DROP,
18.9928,12,STA,WIFI_DROP,
18.9952,3,STA,WIFI_DROP,
18.9952,12,STA,WIFI_DROP,
18.9976,3,STA,WIFI_DROP,
18.9976,12,STA,WIFI_DROP,
19,2,STA,THROUGHPUT_MBPS,3.492000
19,8,STA,THROUGHPUT_MBPS,1.356000
19,9,STA,THROUGHPUT_MBPS,2.184000
19,11,STA,THROUGHPUT_MBPS,2.364000
19,12,STA,THROUGHPUT_MBPS,0.648000
19,13,STA,THROUGHPUT_MBPS,2.796000
19,14,STA,THROUGHPUT_MBPS,3.792000
19,16,STA,THROUGHPUT_MBPS,3.636000
19,17,STA,THROUGHPUT_MBPS,1.308000
19,19,STA,THROUGHPUT_MBPS,0.888000
19,21,STA,THROUGHPUT_MBPS,0.444000
19,1,AP,AGGREGATE_THROUGHPUT_MBPS,22.908000
19,1,AP,SENT_COUNT,8320.000000
19,1,AP,RECV_COUNT,1909.000000
19,1,AP,LATENCY_P95_MS,539.779179
19,12,STA,WIFI_DROP,
19.0024,12,STA,WIFI_DROP,
19.0048,12,STA,WIFI_DROP,
19.0072,12,STA,WIFI_DROP,
19.0096,12,STA,WIFI_DROP,
19.012,12,STA,WIFI_DROP,
19.0144,12,STA,WIFI_DROP,
19.0168,12,STA,WIFI_DROP,
19.0192,12,STA,WIFI_DROP,
19.0216,12,STA,WIFI_DROP,
19.024,12,STA,WIFI_DROP,
19.0264,12,STA,WIFI_DROP,
19.0288,12,STA,WIFI_DROP,
19.0312,12,STA,WIFI_DROP,
19.0336,12,STA,WIFI_DROP,
19.036,12,STA,WIFI_DROP,
19.0384,12,STA,WIFI_DROP,
19.0408,12,STA,WIFI_DROP,
19.0432,12,STA,WIFI_DROP,
19.0456,12,STA,WIFI_DROP,
19.048,12,STA,WIFI_DROP,
19.0504,12,STA,WIFI_DROP,
19.0528,12,STA,WIFI_DROP,
19.0552,12,STA,WIFI_DROP,
19.0576,12,STA,WIFI_DROP,
19.06,12,STA,WIFI_DROP,
19.0624,12,STA,WIFI_DROP,
19.0648,12,STA,WIFI_DROP,
19.0672,12,STA,WIFI_DROP,
19.0696,12,STA,WIFI_DROP,
19.072,12,STA,WIFI_DROP,
19.0744,12,STA,WIFI_DROP,
19.0768,12,STA,WIFI_DROP,
19.0792,12,STA,WIFI_DROP,
19.0816,12,STA,WIFI_DROP,
19.084,12,STA,WIFI_DROP,
19.0864,12,STA,WIFI_DROP,
19.0888,12,STA,WIFI_DROP,
19.0912,12,STA,WIFI_DROP,
19.0936,12,STA,WIFI_DROP,
19.096,12,STA,WIFI_DROP,
19.0984,12,STA,WIFI_DROP,
19.1008,12,STA,WIFI_DROP,
19.1032,12,STA,WIFI_DROP,
19.1056,12,STA,WIFI_DROP,
19.108,12,STA,WIFI_DROP,
19.1104,12,STA,WIFI_DROP,
19.1128,12,STA,WIFI_DROP,
19.1152,12,STA,WIFI_DROP,
19.1176,12,STA,WIFI_DROP,
19.12,12,STA,WIFI_DROP,
19.1224,12,STA,WIFI_DROP,
19.1248,12,STA,WIFI_DROP,
19.1272,12,STA,WIFI_DROP,
19.1296,12,STA,WIFI_DROP,
19.132,12,STA,WIFI_DROP,
19.1344,12,STA,WIFI_DROP,
19.1368,12,STA,WIFI_DROP,
19.1392,12,STA,WIFI_DROP,
19.1416,12,STA,WIFI_DROP,
19.144,12,STA,WIFI_DROP,
19.1464,12,STA,WIFI_DROP,
19.516,11,STA,WIFI_DROP,
19.5184,11,STA,WIFI_DROP,
19.5208,11,STA,WIFI_DROP,
19.5232,11,STA,WIFI_DROP,
19.5256,11,STA,WIFI_DROP,
19.528,11,STA,WIFI_DROP,
19.5304,11,STA,WIFI_DROP,
19.5328,11,STA,WIFI_DROP,
19.5352,11,STA,WIFI_DROP,
19.5376,11,STA,WIFI_DROP,
19.54,11,STA,WIFI_DROP,
19.5424,11,STA,WIFI_DROP,
19.5448,11,STA,WIFI_DROP,
19.5472,11,STA,WIFI_DROP,
19.5496,11,STA,WIFI_DROP,
19.552,11,STA,WIFI_DROP,
19.5544,11,STA,WIFI_DROP,
19.5568,11,STA,WIFI_DROP,
19.5592,11,STA,WIFI_DROP,
19.5616,11,STA,WIFI_DROP,
19.564,11,STA,WIFI_DROP,
19.5664,11,STA,WIFI_DROP,
19.5688,11,STA,WIFI_DROP,
19.5712,11,STA,WIFI_DROP,
19.5736,11,STA,WIFI_DROP,
19.576,11,STA,WIFI_DROP,
19.5784,11,STA,WIFI_DROP,
19.5808,11,STA,WIFI_DROP,
19.5832,11,STA,WIFI_DROP,
19.5856,11,STA,WIFI_DROP,
19.588,11,STA,WIFI_DROP,
19.5904,11,STA,WIFI_DROP,
19.5928,11,STA,WIFI_DROP,
19.5952,11,STA,WIFI_DROP,
19.5976,11,STA,WIFI_DROP,
19.6,11,STA,WIFI_DROP,
19.6024,11,STA,WIFI_DROP,
19.6048,11,STA,WIFI_DROP,
19.6072,11,STA,WIFI_DROP,
19.6096,11,STA,WIFI_DROP,
19.612,11,STA,WIFI_DROP,
19.6144,11,STA,WIFI_DROP,
19.6168,11,STA,WIFI_DROP,
19.6192,11,STA,WIFI_DROP,
19.6216,11,STA,WIFI_DROP,
19.624,11,STA,WIFI_DROP,
19.6264,11,STA,WIFI_DROP,
19.6288,11,STA,WIFI_DROP,
19.6312,11,STA,WIFI_DROP,
19.6336,11,STA,WIFI_DROP,
19.636,11,STA,WIFI_DROP,
19.6384,11,STA,WIFI_DROP,
19.6408,11,STA,WIFI_DROP,
19.6432,11,STA,WIFI_DROP,
19.6456,11,STA,WIFI_DROP,
19.648,11,STA,WIFI_DROP,
19.6504,11,STA,WIFI_DROP,
19.6528,11,STA,WIFI_DROP,
19.6552,11,STA,WIFI_DROP,
19.6576,11,STA,WIFI_DROP,
19.66,11,STA,WIFI_DROP,
19.6624,11,STA,WIFI_DROP,
19.6648,11,STA,WIFI_DROP,
19.6672,11,STA,WIFI_DROP,
19.6696,11,STA,WIFI_DROP,
19.6696,12,STA,WIFI_DROP,
19.672,11,STA,WIFI_DROP,
19.672,12,STA,WIFI_DROP,
19.6744,11,STA,WIFI_DROP,
19.6744,12,STA,WIFI_DROP,
19.6768,11,STA,WIFI_DROP,
19.6768,12,STA,WIFI_DROP,
19.6792,11,STA,WIFI_DROP,
19.6792,12,STA,WIFI_DROP,
19.6816,11,STA,WIFI_DROP,
19.6816,12,STA,WIFI_DROP,
19.684,11,STA,WIFI_DROP,
19.684,12,STA,WIFI_DROP,
19.6864,11,STA,WIFI_DROP,
19.6864,12,STA,WIFI_DROP,
19.6888,11,STA,WIFI_DROP,
19.6888,12,STA,WIFI_DROP,
19.6912,11,STA,WIFI_DROP,
19.6912,12,STA,WIFI_DROP,
19.6936,11,STA,WIFI_DROP,
19.6936,12,STA,WIFI_DROP,
19.696,11,STA,WIFI_DROP,
19.696,12,STA,WIFI_DROP,
19.6984,11,STA,WIFI_DROP,
19.6984,12,STA,WIFI_DROP,
19.7008,11,STA,WIFI_DROP,
19.7008,12,STA,WIFI_DROP,
19.7032,11,STA,WIFI_DROP,
19.7032,12,STA,WIFI_DROP,
19.7056,11,STA,WIFI_DROP,
19.7056,12,STA,WIFI_DROP,
19.708,11,STA,WIFI_DROP,
19.708,12,STA,WIFI_DROP,
19.7104,11,STA,WIFI_DROP,
19.7104,12,STA,WIFI_DROP,
19.7128,11,STA,WIFI_DROP,
19.7128,12,STA,WIFI_DROP,
19.7152,11,STA,WIFI_DROP,
19.7152,12,STA,WIFI_DROP,
19.7176,11,STA,WIFI_DROP,
19.7176,12,STA,WIFI_DROP,
19.72,12,STA,WIFI_DROP,
19.7224,12,STA,WIFI_DROP,
19.7248,12,STA,WIFI_DROP,
19.7272,12,STA,WIFI_DROP,
19.7296,12,STA,WIFI_DROP,
19.732,12,STA,WIFI_DROP,
19.7344,12,STA,WIFI_DROP,
19.7368,12,STA,WIFI_DROP,
19.7392,12,STA,WIFI_DROP,
19.7416,12,STA,WIFI_DROP,
19.744,12,STA,WIFI_DROP,
19.7464,12,STA,WIFI_DROP,
19.7488,12,STA,WIFI_DROP,
19.7512,12,STA,WIFI_DROP,
19.7536,12,STA,WIFI_DROP,
19.756,12,STA,WIFI_DROP,
19.7584,12,STA,WIFI_DROP,
19.7608,12,STA,WIFI_DROP,
19.7632,12,STA,WIFI_DROP,
19.7656,12,STA,WIFI_DROP,
19.768,12,STA,WIFI_DROP,
19.7704,12,STA,WIFI_DROP,
19.7728,12,STA,WIFI_DROP,
19.7752,12,STA,WIFI_DROP,
19.7776,12,STA,WIFI_DROP,
19.78,12,STA,WIFI_DROP,
19.7824,12,STA,WIFI_DROP,
19.7848,12,STA,WIFI_DROP,
19.7872,12,STA,WIFI_DROP,
19.7896,12,STA,WIFI_DROP,
19.792,12,STA,WIFI_DROP,
19.7944,12,STA,WIFI_DROP,
19.7968,12,STA,WIFI_DROP,
19.7992,12,STA,WIFI_DROP,
19.8016,12,STA,WIFI_DROP,
19.804,12,STA,WIFI_DROP,
19.8064,12,STA,WIFI_DROP,
19.8088,12,STA,WIFI_DROP,
19.8112,12,STA,WIFI_DROP,
19.8136,12,STA,WIFI_DROP,
19.816,12,STA,WIFI_DROP,
19.8184,12,STA,WIFI_DROP,
19.8208,12,STA,WIFI_DROP,
19.8232,12,STA,WIFI_DROP,
19.8256,12,STA,WIFI_DROP,
19.828,12,STA,WIFI_DROP,
19.8304,12,STA,WIFI_DROP,
19.8328,12,STA,WIFI_DROP,
19.8352,12,STA,WIFI_DROP,
19.8376,12,STA,WIFI_DROP,
19.84,12,STA,WIFI_DROP,
19.8424,12,STA,WIFI_DROP,
19.8448,12,STA,WIFI_DROP,
19.8472,12,STA,WIFI_DROP,
19.8496,12,STA,WIFI_DROP,
19.852,12,STA,WIFI_DROP,
19.8544,12,STA,WIFI_DROP,
19.8568,12,STA,WIFI_DROP,
19.8592,12,STA,WIFI_DROP,
19.8616,12,STA,WIFI_DROP,
19.864,12,STA,WIFI_DROP,
19.8664,12,STA,WIFI_DROP,
19.8688,12,STA,WIFI_DROP,
19.8712,12,STA,WIFI_DROP,
19.8736,12,STA,WIFI_DROP,
19.876,12,STA,WIFI_DROP,
19.8784,12,STA,WIFI_DROP,
19.8808,12,STA,WIFI_DROP,
19.8832,12,STA,WIFI_DROP,
19.8856,12,STA,WIFI_DROP,
19.888,12,STA,WIFI_DROP,
19.8904,12,STA,WIFI_DROP,
19.8928,12,STA,WIFI_DROP,
19.8952,12,STA,WIFI_DROP,
19.8976,12,STA,WIFI_DROP,
19.9,12,STA,WIFI_DROP,
19.9024,12,STA,WIFI_DROP,
19.9048,12,STA,WIFI_DROP,
19.9072,12,STA,WIFI_DROP,
19.9096,12,STA,WIFI_DROP,
19.912,12,STA,WIFI_DROP,
19.9144,12,STA,WIFI_DROP,
19.9168,12,STA,WIFI_DROP,
19.9192,12,STA,WIFI_DROP,
19.9216,12,STA,WIFI_DROP,
19.924,12,STA,WIFI_DROP,
19.9264,12,STA,WIFI_DROP,
19.9288,12,STA,WIFI_DROP,
19.9312,12,STA,WIFI_DROP,
19.9336,12,STA,WIFI_DROP,
19.936,12,STA,WIFI_DROP,
19.9384,12,STA,WIFI_DROP,
19.9408,12,STA,WIFI_DROP,
19.9432,12,STA,WIFI_DROP,
19.9456,12,STA,WIFI_DROP,
19.948,12,STA,WIFI_DROP,
19.9504,12,STA,WIFI_DROP,
19.9528,12,STA,WIFI_DROP,
19.9552,12,STA,WIFI_DROP,
19.9576,12,STA,WIFI_DROP,
19.96,12,STA,WIFI_DROP,
19.9624,12,STA,WIFI_DROP,
19.9648,12,STA,WIFI_DROP,
19.9672,12,STA,WIFI_DROP,
19.9696,12,STA,WIFI_DROP,
19.972,12,STA,WIFI_DROP,
19.9744,12,STA,WIFI_DROP,
19.9768,12,STA,WIFI_DROP,
19.9792,12,STA,WIFI_DROP,
19.9816,12,STA,WIFI_DROP,
19.984,12,STA,WIFI_DROP,
19.9864,12,STA,WIFI_DROP,
19.9888,12,STA,WIFI_DROP,
19.9912,12,STA,WIFI_DROP,
19.9936,12,STA,WIFI_DROP,
19.996,12,STA,WIFI_DROP,
19.9984,12,STA,WIFI_DROP,
