Time_s,NodeID,NodeType,Action,Value
0,2,STA,FIXED_STA_DISTANCE,80.000000
0,3,STA,FIXED_STA_DISTANCE,80.000000
0,4,STA,FIXED_STA_DISTANCE,80.000000
0,5,STA,FIXED_STA_DISTANCE,80.000000
0,6,STA,FIXED_STA_DISTANCE,80.000000
0,7,STA,FIXED_STA_DISTANCE,80.000000
0,8,STA,FIXED_STA_DISTANCE,80.000000
0,9,STA,FIXED_STA_DISTANCE,80.000000
0,10,STA,FIXED_STA_DISTANCE,80.000000
0,11,STA,FIXED_STA_DISTANCE,80.000000
0,12,STA,FIXED_STA_DISTANCE,80.000000
0,13,STA,FIXED_STA_DISTANCE,80.000000
0,14,STA,FIXED_STA_DISTANCE,80.000000
0,15,STA,FIXED_STA_DISTANCE,80.000000
0,16,STA,FIXED_STA_DISTANCE,80.000000
0,17,STA,FIXED_STA_DISTANCE,80.000000
0,18,STA,FIXED_STA_DISTANCE,80.000000
0,19,STA,FIXED_STA_DISTANCE,80.000000
0,20,STA,FIXED_STA_DISTANCE,80.000000
0,21,STA,FIXED_STA_DISTANCE,80.000000
0,2,STA,FIXED_TX_POWER_DBM,24.000000
0,2,STA,NAKAGAMI_FADING,1.000000
0.0511999,18,STA,ASSOC,
0.0511999,18,STA,JOINED,
0.0544848,7,STA,ASSOC,
0.0544848,7,STA,JOINED,
0.0583095,12,STA,ASSOC,
0.0583095,12,STA,JOINED,
0.0602155,5,STA,ASSOC,
0.0602155,5,STA,JOINED,
0.102688,19,STA,ASSOC,
0.102688,19,STA,JOINED,
0.103973,11,STA,ASSOC,
0.103973,11,STA,JOINED,
0.105883,3,STA,ASSOC,
0.105883,3,STA,JOINED,
0.107978,17,STA,ASSOC,
0.107978,17,STA,JOINED,
0.110082,6,STA,ASSOC,
0.110082,6,STA,JOINED,
0.112372,16,STA,ASSOC,
0.112372,16,STA,JOINED,
0.118468,15,STA,ASSOC,
0.118468,15,STA,JOINED,
0.153159,21,STA,ASSOC,
0.153159,21,STA,JOINED,
0.205281,13,STA,ASSOC,
0.205281,13,STA,JOINED,
0.205626,8,STA,ASSOC,
0.205626,8,STA,JOINED,
0.208745,2,STA,ASSOC,
0.208745,2,STA,JOINED,
0.552494,20,STA,ASSOC,
0.552494,20,STA,JOINED,
0.601198,4,STA,ASSOC,
0.601198,4,STA,JOINED,
0.603237,14,STA,ASSOC,
0.603237,14,STA,JOINED,
0.652765,10,STA,ASSOC,
0.652765,10,STA,JOINED,
0.703196,9,STA,ASSOC,
0.703196,9,STA,JOINED,
1,1,AP,SENT_COUNT,
1,1,AP,RECV_COUNT,
1.1248,14,STA,WIFI_DROP,
1.1272,14,STA,WIFI_DROP,
1.1296,14,STA,WIFI_DROP,
1.132,14,STA,WIFI_DROP,
1.1344,14,STA,WIFI_DROP,
1.1368,14,STA,WIFI_DROP,
1.1392,14,STA,WIFI_DROP,
1.1416,14,STA,WIFI_DROP,
1.144,14,STA,WIFI_DROP,
1.1464,14,STA,WIFI_DROP,
1.1488,14,STA,WIFI_DROP,
1.1512,14,STA,WIFI_DROP,
1.1536,14,STA,WIFI_DROP,
1.156,14,STA,WIFI_DROP,
1.1584,14,STA,WIFI_DROP,
1.1608,14,STA,WIFI_DROP,
1.1632,14,STA,WIFI_DROP,
1.1656,14,STA,WIFI_DROP,
1.168,14,STA,WIFI_DROP,
1.1704,14,STA,WIFI_DROP,
1.1728,14,STA,WIFI_DROP,
1.1752,14,STA,WIFI_DROP,
1.1776,14,STA,WIFI_DROP,
1.18,14,STA,WIFI_DROP,
1.1824,14,STA,WIFI_DROP,
1.1848,14,STA,WIFI_DROP,
1.1872,14,STA,WIFI_DROP,
1.1896,14,STA,WIFI_DROP,
1.192,14,STA,WIFI_DROP,
1.1944,14,STA,WIFI_DROP,
1.1968,14,STA,WIFI_DROP,
1.1992,14,STA,WIFI_DROP,
1.2016,14,STA,WIFI_DROP,
1.204,14,STA,WIFI_DROP,
1.2064,14,STA,WIFI_DROP,
1.2088,14,STA,WIFI_DROP,
1.2112,14,STA,WIFI_DROP,
1.2136,14,STA,WIFI_DROP,
1.216,14,STA,WIFI_DROP,
1.2184,14,STA,WIFI_DROP,
1.2208,14,STA,WIFI_DROP,
1.2232,14,STA,WIFI_DROP,
1.2256,14,STA,WIFI_DROP,
1.228,14,STA,WIFI_DROP,
1.2304,14,STA,WIFI_DROP,
1.2328,14,STA,WIFI_DROP,
1.2352,14,STA,WIFI_DROP,
1.2376,14,STA,WIFI_DROP,
1.24,14,STA,WIFI_DROP,
1.2424,14,STA,WIFI_DROP,
1.2448,14,STA,WIFI_DROP,
1.2472,14,STA,WIFI_DROP,
1.2496,14,STA,WIFI_DROP,
1.252,14,STA,WIFI_DROP,
1.2544,14,STA,WIFI_DROP,
1.2568,14,STA,WIFI_DROP,
1.2592,14,STA,WIFI_DROP,
1.2616,14,STA,WIFI_DROP,
1.264,14,STA,WIFI_DROP,
1.2664,14,STA,WIFI_DROP,
1.2688,14,STA,WIFI_DROP,
1.2712,14,STA,WIFI_DROP,
1.2736,14,STA,WIFI_DROP,
1.276,14,STA,WIFI_DROP,
1.2784,14,STA,WIFI_DROP,
1.2808,14,STA,WIFI_DROP,
1.2832,14,STA,WIFI_DROP,
1.2856,14,STA,WIFI_DROP,
1.288,14,STA,WIFI_DROP,
1.2904,14,STA,WIFI_DROP,
1.2928,14,STA,WIFI_DROP,
1.2952,14,STA,WIFI_DROP,
1.2976,14,STA,WIFI_DROP,
1.3,14,STA,WIFI_DROP,
1.3024,14,STA,WIFI_DROP,
1.3048,14,STA,WIFI_DROP,
1.3072,14,STA,WIFI_DROP,
1.3096,14,STA,WIFI_DROP,
1.312,14,STA,WIFI_DROP,
1.3144,14,STA,WIFI_DROP,
1.3168,14,STA,WIFI_DROP,
1.3192,14,STA,WIFI_DROP,
1.3216,14,STA,WIFI_DROP,
1.324,14,STA,WIFI_DROP,
1.3264,14,STA,WIFI_DROP,
1.3288,14,STA,WIFI_DROP,
1.3312,14,STA,WIFI_DROP,
1.3336,14,STA,WIFI_DROP,
1.336,14,STA,WIFI_DROP,
1.3384,14,STA,WIFI_DROP,
1.3408,14,STA,WIFI_DROP,
1.3432,14,STA,WIFI_DROP,
1.3456,14,STA,WIFI_DROP,
1.348,14,STA,WIFI_DROP,
1.3504,14,STA,WIFI_DROP,
1.3528,14,STA,WIFI_DROP,
1.3552,14,STA,WIFI_DROP,
1.3576,14,STA,WIFI_DROP,
1.36,14,STA,WIFI_DROP,
1.3624,14,STA,WIFI_DROP,
1.3648,14,STA,WIFI_DROP,
1.3672,14,STA,WIFI_DROP,
1.3696,14,STA,WIFI_DROP,
1.372,14,STA,WIFI_DROP,
1.3744,14,STA,WIFI_DROP,
1.3768,14,STA,WIFI_DROP,
1.3792,14,STA,WIFI_DROP,
1.3816,14,STA,WIFI_DROP,
1.384,14,STA,WIFI_DROP,
1.3864,14,STA,WIFI_DROP,
1.3888,14,STA,WIFI_DROP,
1.3912,14,STA,WIFI_DROP,
1.3936,14,STA,WIFI_DROP,
1.396,14,STA,WIFI_DROP,
1.3984,14,STA,WIFI_DROP,
1.4008,14,STA,WIFI_DROP,
1.4032,14,STA,WIFI_DROP,
1.4056,14,STA,WIFI_DROP,
1.408,14,STA,WIFI_DROP,
1.4104,14,STA,WIFI_DROP,
1.4128,14,STA,WIFI_DROP,
1.4152,14,STA,WIFI_DROP,
1.4176,14,STA,WIFI_DROP,
1.42,14,STA,WIFI_DROP,
1.4224,14,STA,WIFI_DROP,
1.4248,14,STA,WIFI_DROP,
1.4272,14,STA,WIFI_DROP,
1.4296,14,STA,WIFI_DROP,
1.432,14,STA,WIFI_DROP,
1.4344,14,STA,WIFI_DROP,
1.4368,14,STA,WIFI_DROP,
1.4392,14,STA,WIFI_DROP,
1.4416,14,STA,WIFI_DROP,
1.444,14,STA,WIFI_DROP,
1.4464,14,STA,WIFI_DROP,
1.4488,14,STA,WIFI_DROP,
1.4512,14,STA,WIFI_DROP,
1.4536,14,STA,WIFI_DROP,
1.456,14,STA,WIFI_DROP,
1.4584,14,STA,WIFI_DROP,
1.4608,14,STA,WIFI_DROP,
1.4632,14,STA,WIFI_DROP,
1.4656,14,STA,WIFI_DROP,
1.468,14,STA,WIFI_DROP,
1.4704,14,STA,WIFI_DROP,
1.4728,14,STA,WIFI_DROP,
1.4752,14,STA,WIFI_DROP,
1.4776,14,STA,WIFI_DROP,
1.48,14,STA,WIFI_DROP,
1.4824,14,STA,WIFI_DROP,
1.4848,14,STA,WIFI_DROP,
1.4872,14,STA,WIFI_DROP,
1.4896,14,STA,WIFI_DROP,
1.492,14,STA,WIFI_DROP,
1.4944,14,STA,WIFI_DROP,
1.4968,14,STA,WIFI_DROP,
1.4992,14,STA,WIFI_DROP,
1.5016,14,STA,WIFI_DROP,
1.504,14,STA,WIFI_DROP,
1.5064,14,STA,WIFI_DROP,
1.5088,14,STA,WIFI_DROP,
1.5112,14,STA,WIFI_DROP,
1.5136,14,STA,WIFI_DROP,
1.516,14,STA,WIFI_DROP,
1.5184,14,STA,WIFI_DROP,
1.5208,14,STA,WIFI_DROP,
1.5232,14,STA,WIFI_DROP,
1.5256,14,STA,WIFI_DROP,
1.528,14,STA,WIFI_DROP,
1.5304,14,STA,WIFI_DROP,
1.5328,14,STA,WIFI_DROP,
1.5352,14,STA,WIFI_DROP,
1.5376,14,STA,WIFI_DROP,
1.54,14,STA,WIFI_DROP,
1.5424,14,STA,WIFI_DROP,
1.5448,14,STA,WIFI_DROP,
1.5472,14,STA,WIFI_DROP,
1.5496,14,STA,WIFI_DROP,
1.552,14,STA,WIFI_DROP,
1.5544,14,STA,WIFI_DROP,
1.5568,14,STA,WIFI_DROP,
1.5592,14,STA,WIFI_DROP,
1.5616,14,STA,WIFI_DROP,
1.564,14,STA,WIFI_DROP,
1.5664,14,STA,WIFI_DROP,
1.5688,14,STA,WIFI_DROP,
1.5712,14,STA,WIFI_DROP,
1.5736,14,STA,WIFI_DROP,
1.576,14,STA,WIFI_DROP,
1.5784,14,STA,WIFI_DROP,
1.5808,14,STA,WIFI_DROP,
1.5832,14,STA,WIFI_DROP,
1.5856,14,STA,WIFI_DROP,
1.588,14,STA,WIFI_DROP,
1.5904,14,STA,WIFI_DROP,
1.5928,14,STA,WIFI_DROP,
1.5952,14,STA,WIFI_DROP,
1.5976,14,STA,WIFI_DROP,
1.6,14,STA,WIFI_DROP,
1.6024,14,STA,WIFI_DROP,
1.6048,14,STA,WIFI_DROP,
1.6072,14,STA,WIFI_DROP,
1.6096,14,STA,WIFI_DROP,
1.612,14,STA,WIFI_DROP,
1.6144,14,STA,WIFI_DROP,
1.6168,14,STA,WIFI_DROP,
1.6192,14,STA,WIFI_DROP,
1.6216,14,STA,WIFI_DROP,
1.624,14,STA,WIFI_DROP,
1.6264,14,STA,WIFI_DROP,
1.6288,14,STA,WIFI_DROP,
1.6312,14,STA,WIFI_DROP,
1.6336,14,STA,WIFI_DROP,
1.636,14,STA,WIFI_DROP,
1.6384,14,STA,WIFI_DROP,
1.6408,14,STA,WIFI_DROP,
1.6432,14,STA,WIFI_DROP,
1.6456,14,STA,WIFI_DROP,
1.648,14,STA,WIFI_DROP,
1.6504,14,STA,WIFI_DROP,
1.6528,14,STA,WIFI_DROP,
1.6552,14,STA,WIFI_DROP,
1.6576,14,STA,WIFI_DROP,
1.66,14,STA,WIFI_DROP,
1.6624,14,STA,WIFI_DROP,
1.6648,14,STA,WIFI_DROP,
1.6672,14,STA,WIFI_DROP,
1.6696,14,STA,WIFI_DROP,
1.672,14,STA,WIFI_DROP,
1.6744,14,STA,WIFI_DROP,
1.6768,14,STA,WIFI_DROP,
1.6792,14,STA,WIFI_DROP,
1.6816,14,STA,WIFI_DROP,
1.684,14,STA,WIFI_DROP,
1.6864,14,STA,WIFI_DROP,
1.6888,14,STA,WIFI_DROP,
1.6912,14,STA,WIFI_DROP,
1.6936,14,STA,WIFI_DROP,
1.696,14,STA,WIFI_DROP,
1.6984,14,STA,WIFI_DROP,
1.7008,14,STA,WIFI_DROP,
1.7032,14,STA,WIFI_DROP,
1.7056,14,STA,WIFI_DROP,
1.708,14,STA,WIFI_DROP,
1.7104,14,STA,WIFI_DROP,
1.7128,14,STA,WIFI_DROP,
1.7152,14,STA,WIFI_DROP,
1.7176,14,STA,WIFI_DROP,
1.72,14,STA,WIFI_DROP,
1.7224,14,STA,WIFI_DROP,
1.7248,14,STA,WIFI_DROP,
1.8376,9,STA,WIFI_DROP,
1.84,9,STA,WIFI_DROP,
1.8424,9,STA,WIFI_DROP,
1.8448,9,STA,WIFI_DROP,
1.8472,9,STA,WIFI_DROP,
1.8496,9,STA,WIFI_DROP,
1.852,9,STA,WIFI_DROP,
1.8544,9,STA,WIFI_DROP,
1.8568,9,STA,WIFI_DROP,
1.8592,9,STA,WIFI_DROP,
1.8616,9,STA,WIFI_DROP,
1.864,9,STA,WIFI_DROP,
1.8664,9,STA,WIFI_DROP,
1.8688,9,STA,WIFI_DROP,
1.8712,9,STA,WIFI_DROP,
1.8736,9,STA,WIFI_DROP,
1.876,9,STA,WIFI_DROP,
1.8784,9,STA,WIFI_DROP,
1.8808,9,STA,WIFI_DROP,
1.8832,9,STA,WIFI_DROP,
1.8856,9,STA,WIFI_DROP,
2,2,STA,THROUGHPUT_MBPS,2.604000
2,3,STA,THROUGHPUT_MBPS,2.352000
2,4,STA,THROUGHPUT_MBPS,2.880000
2,5,STA,THROUGHPUT_MBPS,0.732000
2,6,STA,THROUGHPUT_MBPS,1.584000
2,7,STA,THROUGHPUT_MBPS,2.016000
2,8,STA,THROUGHPUT_MBPS,3.480000
2,9,STA,THROUGHPUT_MBPS,1.056000
2,10,STA,THROUGHPUT_MBPS,0.156000
2,11,STA,THROUGHPUT_MBPS,2.040000
2,13,STA,THROUGHPUT_MBPS,2.196000
2,14,STA,THROUGHPUT_MBPS,0.048000
2,15,STA,THROUGHPUT_MBPS,2.712000
2,16,STA,THROUGHPUT_MBPS,1.488000
2,17,STA,THROUGHPUT_MBPS,0.048000
2,18,STA,THROUGHPUT_MBPS,1.440000
2,19,STA,THROUGHPUT_MBPS,0.204000
2,20,STA,THROUGHPUT_MBPS,3.372000
2,21,STA,THROUGHPUT_MBPS,1.368000
2,1,AP,AGGREGATE_THROUGHPUT_MBPS,31.776000
2,1,AP,SENT_COUNT,8340.000000
2,1,AP,RECV_COUNT,2648.000000
2,1,AP,LATENCY_P95_MS,528.633722
2.1448,4,STA,WIFI_DROP,
2.1472,4,STA,WIFI_DROP,
2.1496,4,STA,WIFI_DROP,
2.152,4,STA,WIFI_DROP,
2.1544,4,STA,WIFI_DROP,
2.1568,4,STA,WIFI_DROP,
2.1592,4,STA,WIFI_DROP,
2.1616,4,STA,WIFI_DROP,
2.164,4,STA,WIFI_DROP,
2.1664,4,STA,WIFI_DROP,
2.1688,4,STA,WIFI_DROP,
2.1712,4,STA,WIFI_DROP,
2.1736,4,STA,WIFI_DROP,
2.176,4,STA,WIFI_DROP,
2.1784,4,STA,WIFI_DROP,
2.1808,4,STA,WIFI_DROP,
2.1832,4,STA,WIFI_DROP,
2.1856,4,STA,WIFI_DROP,
2.188,4,STA,WIFI_DROP,
2.1904,4,STA,WIFI_DROP,
2.1928,4,STA,WIFI_DROP,
2.1952,4,STA,WIFI_DROP,
2.1976,4,STA,WIFI_DROP,
2.2,4,STA,WIFI_DROP,
2.2024,4,STA,WIFI_DROP,
2.2048,4,STA,WIFI_DROP,
2.2072,4,STA,WIFI_DROP,
2.2096,4,STA,WIFI_DROP,
2.212,4,STA,WIFI_DROP,
2.2144,4,STA,WIFI_DROP,
2.2168,4,STA,WIFI_DROP,
2.2192,4,STA,WIFI_DROP,
2.2216,4,STA,WIFI_DROP,
2.224,4,STA,WIFI_DROP,
2.2264,4,STA,WIFI_DROP,
2.2288,4,STA,WIFI_DROP,
2.2312,4,STA,WIFI_DROP,
2.2336,4,STA,WIFI_DROP,
2.236,4,STA,WIFI_DROP,
2.2384,4,STA,WIFI_DROP,
2.2408,4,STA,WIFI_DROP,
2.2432,4,STA,WIFI_DROP,
2.2456,4,STA,WIFI_DROP,
2.248,4,STA,WIFI_DROP,
2.2504,4,STA,WIFI_DROP,
2.2528,4,STA,WIFI_DROP,
2.2552,4,STA,WIFI_DROP,
2.2576,4,STA,WIFI_DROP,
2.26,4,STA,WIFI_DROP,
2.2624,4,STA,WIFI_DROP,
2.2648,4,STA,WIFI_DROP,
2.2672,4,STA,WIFI_DROP,
2.2696,4,STA,WIFI_DROP,
2.272,4,STA,WIFI_DROP,
2.2744,4,STA,WIFI_DROP,
2.2768,4,STA,WIFI_DROP,
2.2792,4,STA,WIFI_DROP,
2.2816,4,STA,WIFI_DROP,
2.284,4,STA,WIFI_DROP,
2.2864,4,STA,WIFI_DROP,
2.2888,4,STA,WIFI_DROP,
2.2912,4,STA,WIFI_DROP,
2.2936,4,STA,WIFI_DROP,
2.296,4,STA,WIFI_DROP,
2.2984,4,STA,WIFI_DROP,
2.3008,4,STA,WIFI_DROP,
2.3032,4,STA,WIFI_DROP,
2.3056,4,STA,WIFI_DROP,
2.308,4,STA,WIFI_DROP,
2.3104,4,STA,WIFI_DROP,
2.3128,4,STA,WIFI_DROP,
2.3152,4,STA,WIFI_DROP,
2.3176,4,STA,WIFI_DROP,
2.32,4,STA,WIFI_DROP,
2.3224,4,STA,WIFI_DROP,
2.3248,4,STA,WIFI_DROP,
2.3272,4,STA,WIFI_DROP,
2.3296,4,STA,WIFI_DROP,
2.332,4,STA,WIFI_DROP,
2.3344,4,STA,WIFI_DROP,
2.3368,4,STA,WIFI_DROP,
2.3392,4,STA,WIFI_DROP,
2.3416,4,STA,WIFI_DROP,
2.344,4,STA,WIFI_DROP,
2.3464,4,STA,WIFI_DROP,
2.3488,4,STA,WIFI_DROP,
2.3512,4,STA,WIFI_DROP,
2.3536,4,STA,WIFI_DROP,
2.356,4,STA,WIFI_DROP,
2.3584,4,STA,WIFI_DROP,
2.3608,4,STA,WIFI_DROP,
2.3632,4,STA,WIFI_DROP,
2.3656,4,STA,WIFI_DROP,
2.368,4,STA,WIFI_DROP,
2.3704,4,STA,WIFI_DROP,
2.3728,4,STA,WIFI_DROP,
2.3752,4,STA,WIFI_DROP,
2.3776,4,STA,WIFI_DROP,
2.38,4,STA,WIFI_DROP,
2.3824,4,STA,WIFI_DROP,
2.3848,4,STA,WIFI_DROP,
2.3872,4,STA,WIFI_DROP,
2.3896,4,STA,WIFI_DROP,
2.392,4,STA,WIFI_DROP,
2.3944,4,STA,WIFI_DROP,
2.3968,4,STA,WIFI_DROP,
2.3992,4,STA,WIFI_DROP,
2.4016,4,STA,WIFI_DROP,
2.404,4,STA,WIFI_DROP,
2.4064,4,STA,WIFI_DROP,
2.4088,4,STA,WIFI_DROP,
2.4112,4,STA,WIFI_DROP,
2.4136,4,STA,WIFI_DROP,
2.416,4,STA,WIFI_DROP,
2.4184,4,STA,WIFI_DROP,
2.4208,4,STA,WIFI_DROP,
2.4232,4,STA,WIFI_DROP,
2.4256,4,STA,WIFI_DROP,
2.428,4,STA,WIFI_DROP,
2.4304,4,STA,WIFI_DROP,
2.4328,4,STA,WIFI_DROP,
2.4352,4,STA,WIFI_DROP,
2.4376,4,STA,WIFI_DROP,
2.44,4,STA,WIFI_DROP,
2.4424,4,STA,WIFI_DROP,
2.4448,4,STA,WIFI_DROP,
2.4472,4,STA,WIFI_DROP,
2.4496,4,STA,WIFI_DROP,
2.452,4,STA,WIFI_DROP,
2.4544,4,STA,WIFI_DROP,
2.4568,4,STA,WIFI_DROP,
2.4592,4,STA,WIFI_DROP,
2.4616,4,STA,WIFI_DROP,
2.464,4,STA,WIFI_DROP,
2.4664,4,STA,WIFI_DROP,
2.4688,4,STA,WIFI_DROP,
2.4712,4,STA,WIFI_DROP,
2.4736,4,STA,WIFI_DROP,
2.476,4,STA,WIFI_DROP,
2.4784,4,STA,WIFI_DROP,
2.4808,4,STA,WIFI_DROP,
2.4832,4,STA,WIFI_DROP,
2.4856,4,STA,WIFI_DROP,
2.488,4,STA,WIFI_DROP,
2.4904,4,STA,WIFI_DROP,
2.4928,4,STA,WIFI_DROP,
2.4952,4,STA,WIFI_DROP,
2.4976,4,STA,WIFI_DROP,
2.5,4,STA,WIFI_DROP,
2.5024,4,STA,WIFI_DROP,
2.5048,4,STA,WIFI_DROP,
2.5072,4,STA,WIFI_DROP,
2.5096,4,STA,WIFI_DROP,
2.512,4,STA,WIFI_DROP,
2.5144,4,STA,WIFI_DROP,
2.5168,4,STA,WIFI_DROP,
2.5192,4,STA,WIFI_DROP,
2.5216,4,STA,WIFI_DROP,
2.524,4,STA,WIFI_DROP,
2.5264,4,STA,WIFI_DROP,
2.5288,4,STA,WIFI_DROP,
2.5312,4,STA,WIFI_DROP,
2.5336,4,STA,WIFI_DROP,
2.536,4,STA,WIFI_DROP,
2.5384,4,STA,WIFI_DROP,
2.5408,4,STA,WIFI_DROP,
2.5432,4,STA,WIFI_DROP,
2.5456,4,STA,WIFI_DROP,
2.548,4,STA,WIFI_DROP,
2.5504,4,STA,WIFI_DROP,
2.5528,4,STA,WIFI_DROP,
2.5552,4,STA,WIFI_DROP,
2.5576,4,STA,WIFI_DROP,
2.56,4,STA,WIFI_DROP,
2.5624,4,STA,WIFI_DROP,
2.5648,4,STA,WIFI_DROP,
2.5672,4,STA,WIFI_DROP,
2.5696,4,STA,WIFI_DROP,
2.572,4,STA,WIFI_DROP,
2.5744,4,STA,WIFI_DROP,
2.5768,4,STA,WIFI_DROP,
2.5792,4,STA,WIFI_DROP,
2.5816,4,STA,WIFI_DROP,
2.584,4,STA,WIFI_DROP,
2.5864,4,STA,WIFI_DROP,
2.5888,4,STA,WIFI_DROP,
2.5912,4,STA,WIFI_DROP,
2.5936,4,STA,WIFI_DROP,
2.596,4,STA,WIFI_DROP,
2.5984,4,STA,WIFI_DROP,
2.6008,4,STA,WIFI_DROP,
2.6032,4,STA,WIFI_DROP,
2.6056,4,STA,WIFI_DROP,
2.608,4,STA,WIFI_DROP,
2.6104,4,STA,WIFI_DROP,
2.6128,4,STA,WIFI_DROP,
2.6152,4,STA,WIFI_DROP,
2.6176,4,STA,WIFI_DROP,
2.62,4,STA,WIFI_DROP,
2.6224,4,STA,WIFI_DROP,
2.6248,4,STA,WIFI_DROP,
2.6272,4,STA,WIFI_DROP,
2.6296,4,STA,WIFI_DROP,
2.632,4,STA,WIFI_DROP,
2.6344,4,STA,WIFI_DROP,
2.6368,4,STA,WIFI_DROP,
2.6392,4,STA,WIFI_DROP,
2.6416,4,STA,WIFI_DROP,
2.644,4,STA,WIFI_DROP,
2.6464,4,STA,WIFI_DROP,
2.6488,4,STA,WIFI_DROP,
2.6512,4,STA,WIFI_DROP,
2.6536,4,STA,WIFI_DROP,
2.656,4,STA,WIFI_DROP,
2.6584,4,STA,WIFI_DROP,
2.6608,4,STA,WIFI_DROP,
2.6632,4,STA,WIFI_DROP,
2.6656,4,STA,WIFI_DROP,
2.668,4,STA,WIFI_DROP,
2.6704,4,STA,WIFI_DROP,
2.6728,4,STA,WIFI_DROP,
2.6752,4,STA,WIFI_DROP,
2.6776,4,STA,WIFI_DROP,
2.68,4,STA,WIFI_DROP,
2.6824,4,STA,WIFI_DROP,
2.6848,4,STA,WIFI_DROP,
2.6872,4,STA,WIFI_DROP,
2.6896,4,STA,WIFI_DROP,
2.692,4,STA,WIFI_DROP,
2.6944,4,STA,WIFI_DROP,
2.6968,4,STA,WIFI_DROP,
2.6992,4,STA,WIFI_DROP,
2.7016,4,STA,WIFI_DROP,
2.704,4,STA,WIFI_DROP,
2.7064,4,STA,WIFI_DROP,
2.7088,4,STA,WIFI_DROP,
2.7112,4,STA,WIFI_DROP,
2.7136,4,STA,WIFI_DROP,
2.716,4,STA,WIFI_DROP,
2.7184,4,STA,WIFI_DROP,
2.7208,4,STA,WIFI_DROP,
2.7232,4,STA,WIFI_DROP,
2.7256,4,STA,WIFI_DROP,
2.728,4,STA,WIFI_DROP,
2.7304,4,STA,WIFI_DROP,
2.7328,4,STA,WIFI_DROP,
2.7352,4,STA,WIFI_DROP,
2.7376,4,STA,WIFI_DROP,
2.74,4,STA,WIFI_DROP,
2.7424,4,STA,WIFI_DROP,
2.7448,4,STA,WIFI_DROP,
2.7472,4,STA,WIFI_DROP,
2.7496,4,STA,WIFI_DROP,
2.752,4,STA,WIFI_DROP,
2.7544,4,STA,WIFI_DROP,
2.7568,4,STA,WIFI_DROP,
2.7592,4,STA,WIFI_DROP,
2.7592,14,STA,WIFI_DROP,
2.7616,4,STA,WIFI_DROP,
2.7616,14,STA,WIFI_DROP,
2.764,4,STA,WIFI_DROP,
2.764,14,STA,WIFI_DROP,
2.7664,4,STA,WIFI_DROP,
2.7664,14,STA,WIFI_DROP,
2.7688,4,STA,WIFI_DROP,
2.7688,14,STA,WIFI_DROP,
2.7712,4,STA,WIFI_DROP,
2.7712,14,STA,WIFI_DROP,
2.7736,4,STA,WIFI_DROP,
2.7736,14,STA,WIFI_DROP,
2.776,4,STA,WIFI_DROP,
2.776,14,STA,WIFI_DROP,
2.7784,4,STA,WIFI_DROP,
2.7784,14,STA,WIFI_DROP,
2.7808,4,STA,WIFI_DROP,
2.7808,14,STA,WIFI_DROP,
2.7832,4,STA,WIFI_DROP,
2.7832,14,STA,WIFI_DROP,
2.7856,4,STA,WIFI_DROP,
2.7856,14,STA,WIFI_DROP,
2.788,4,STA,WIFI_DROP,
2.788,14,STA,WIFI_DROP,
2.7904,4,STA,WIFI_DROP,
2.7904,14,STA,WIFI_DROP,
2.7928,4,STA,WIFI_DROP,
2.7928,14,STA,WIFI_DROP,
2.7952,4,STA,WIFI_DROP,
2.7952,14,STA,WIFI_DROP,
2.7976,4,STA,WIFI_DROP,
2.7976,14,STA,WIFI_DROP,
2.8,4,STA,WIFI_DROP,
2.8,14,STA,WIFI_DROP,
2.8024,4,STA,WIFI_DROP,
2.8024,14,STA,WIFI_DROP,
2.8048,4,STA,WIFI_DROP,
2.8048,14,STA,WIFI_DROP,
2.8072,4,STA,WIFI_DROP,
2.8072,14,STA,WIFI_DROP,
2.8096,4,STA,WIFI_DROP,
2.8096,14,STA,WIFI_DROP,
2.812,4,STA,WIFI_DROP,
2.8144,4,STA,WIFI_DROP,
2.8168,4,STA,WIFI_DROP,
2.8192,4,STA,WIFI_DROP,
2.8216,4,STA,WIFI_DROP,
2.824,4,STA,WIFI_DROP,
2.8264,4,STA,WIFI_DROP,
2.8288,4,STA,WIFI_DROP,
2.8312,4,STA,WIFI_DROP,
2.8336,4,STA,WIFI_DROP,
2.836,4,STA,WIFI_DROP,
2.8384,4,STA,WIFI_DROP,
2.8408,4,STA,WIFI_DROP,
2.8432,4,STA,WIFI_DROP,
2.8456,4,STA,WIFI_DROP,
2.848,4,STA,WIFI_DROP,
2.8504,4,STA,WIFI_DROP,
2.8528,4,STA,WIFI_DROP,
2.8552,4,STA,WIFI_DROP,
2.8576,4,STA,WIFI_DROP,
2.86,4,STA,WIFI_DROP,
2.8624,4,STA,WIFI_DROP,
2.8648,4,STA,WIFI_DROP,
2.8672,4,STA,WIFI_DROP,
2.8696,4,STA,WIFI_DROP,
2.872,4,STA,WIFI_DROP,
2.8744,4,STA,WIFI_DROP,
2.8768,4,STA,WIFI_DROP,
2.8792,4,STA,WIFI_DROP,
2.8816,4,STA,WIFI_DROP,
2.884,4,STA,WIFI_DROP,
2.8864,4,STA,WIFI_DROP,
2.8888,4,STA,WIFI_DROP,
2.8912,4,STA,WIFI_DROP,
2.8936,4,STA,WIFI_DROP,
2.896,4,STA,WIFI_DROP,
2.8984,4,STA,WIFI_DROP,
2.9008,4,STA,WIFI_DROP,
2.9032,4,STA,WIFI_DROP,
2.9056,4,STA,WIFI_DROP,
2.908,4,STA,WIFI_DROP,
2.9104,4,STA,WIFI_DROP,
2.9128,4,STA,WIFI_DROP,
2.9152,4,STA,WIFI_DROP,
2.9176,4,STA,WIFI_DROP,
2.92,4,STA,WIFI_DROP,
2.9224,4,STA,WIFI_DROP,
2.9248,4,STA,WIFI_DROP,
2.9272,4,STA,WIFI_DROP,
2.9296,4,STA,WIFI_DROP,
2.932,4,STA,WIFI_DROP,
2.9344,4,STA,WIFI_DROP,
2.9368,4,STA,WIFI_DROP,
2.9392,4,STA,WIFI_DROP,
2.9416,4,STA,WIFI_DROP,
2.944,4,STA,WIFI_DROP,
2.9464,4,STA,WIFI_DROP,
2.9488,4,STA,WIFI_DROP,
2.9512,4,STA,WIFI_DROP,
2.9536,4,STA,WIFI_DROP,
2.956,4,STA,WIFI_DROP,
2.9584,4,STA,WIFI_DROP,
2.9608,4,STA,WIFI_DROP,
2.9632,4,STA,WIFI_DROP,
2.9656,4,STA,WIFI_DROP,
2.968,4,STA,WIFI_DROP,
2.9704,4,STA,WIFI_DROP,
2.9728,4,STA,WIFI_DROP,
2.9752,4,STA,WIFI_DROP,
2.9776,4,STA,WIFI_DROP,
2.98,4,STA,WIFI_DROP,
2.9824,4,STA,WIFI_DROP,
2.9848,4,STA,WIFI_DROP,
2.9872,4,STA,WIFI_DROP,
2.9896,4,STA,WIFI_DROP,
2.992,4,STA,WIFI_DROP,
2.9944,4,STA,WIFI_DROP,
2.9968,4,STA,WIFI_DROP,
2.9992,4,STA,WIFI_DROP,
3,2,STA,THROUGHPUT_MBPS,2.508000
3,3,STA,THROUGHPUT_MBPS,2.064000
3,4,STA,THROUGHPUT_MBPS,0.492000
3,5,STA,THROUGHPUT_MBPS,1.284000
3,6,STA,THROUGHPUT_MBPS,2.748000
3,7,STA,THROUGHPUT_MBPS,3.516000
3,8,STA,THROUGHPUT_MBPS,3.684000
3,9,STA,THROUGHPUT_MBPS,1.428000
3,10,STA,THROUGHPUT_MBPS,0.744000
3,11,STA,THROUGHPUT_MBPS,2.556000
3,13,STA,THROUGHPUT_MBPS,3.108000
3,14,STA,THROUGHPUT_MBPS,1.068000
3,15,STA,THROUGHPUT_MBPS,3.564000
3,16,STA,THROUGHPUT_MBPS,1.896000
3,17,STA,THROUGHPUT_MBPS,2.400000
3,18,STA,THROUGHPUT_MBPS,2.076000
3,19,STA,THROUGHPUT_MBPS,2.400000
3,20,STA,THROUGHPUT_MBPS,4.440000
3,21,STA,THROUGHPUT_MBPS,1.560000
3,1,AP,AGGREGATE_THROUGHPUT_MBPS,43.536000
3,1,AP,SENT_COUNT,8340.000000
3,1,AP,RECV_COUNT,3628.000000
3,1,AP,LATENCY_P95_MS,534.222359
3.0016,4,STA,WIFI_DROP,
3.004,4,STA,WIFI_DROP,
3.0064,4,STA,WIFI_DROP,
3.0088,4,STA,WIFI_DROP,
3.0112,4,STA,WIFI_DROP,
3.0136,4,STA,WIFI_DROP,
3.016,4,STA,WIFI_DROP,
3.0184,4,STA,WIFI_DROP,
3.0208,4,STA,WIFI_DROP,
3.0232,4,STA,WIFI_DROP,
3.0256,4,STA,WIFI_DROP,
3.028,4,STA,WIFI_DROP,
3.0304,4,STA,WIFI_DROP,
3.0328,4,STA,WIFI_DROP,
3.0352,4,STA,WIFI_DROP,
3.0376,4,STA,WIFI_DROP,
3.04,4,STA,WIFI_DROP,
3.0424,4,STA,WIFI_DROP,
3.0448,4,STA,WIFI_DROP,
3.0472,4,STA,WIFI_DROP,
3.0496,4,STA,WIFI_DROP,
3.052,4,STA,WIFI_DROP,
3.0544,4,STA,WIFI_DROP,
3.0568,4,STA,WIFI_DROP,
3.0592,4,STA,WIFI_DROP,
3.0616,4,STA,WIFI_DROP,
3.064,4,STA,WIFI_DROP,
3.0664,4,STA,WIFI_DROP,
3.0688,4,STA,WIFI_DROP,
3.0712,4,STA,WIFI_DROP,
3.0736,4,STA,WIFI_DROP,
3.076,4,STA,WIFI_DROP,
3.0784,4,STA,WIFI_DROP,
3.0808,4,STA,WIFI_DROP,
3.0832,4,STA,WIFI_DROP,
3.0856,4,STA,WIFI_DROP,
3.088,4,STA,WIFI_DROP,
3.0904,4,STA,WIFI_DROP,
3.0928,4,STA,WIFI_DROP,
3.0952,4,STA,WIFI_DROP,
3.0976,4,STA,WIFI_DROP,
3.1,4,STA,WIFI_DROP,
3.1024,4,STA,WIFI_DROP,
3.1048,4,STA,WIFI_DROP,
3.1072,4,STA,WIFI_DROP,
3.1096,4,STA,WIFI_DROP,
3.112,4,STA,WIFI_DROP,
3.1144,4,STA,WIFI_DROP,
3.1168,4,STA,WIFI_DROP,
3.1192,4,STA,WIFI_DROP,
3.1216,4,STA,WIFI_DROP,
3.124,4,STA,WIFI_DROP,
3.1264,4,STA,WIFI_DROP,
3.1288,4,STA,WIFI_DROP,
3.1312,4,STA,WIFI_DROP,
3.1336,4,STA,WIFI_DROP,
3.136,4,STA,WIFI_DROP,
3.1384,4,STA,WIFI_DROP,
3.1408,4,STA,WIFI_DROP,
3.1432,4,STA,WIFI_DROP,
3.1456,4,STA,WIFI_DROP,
3.148,4,STA,WIFI_DROP,
3.1504,4,STA,WIFI_DROP,
3.1528,4,STA,WIFI_DROP,
3.1552,4,STA,WIFI_DROP,
3.1576,4,STA,WIFI_DROP,
3.16,4,STA,WIFI_DROP,
3.1624,4,STA,WIFI_DROP,
3.1648,4,STA,WIFI_DROP,
3.1672,4,STA,WIFI_DROP,
3.1696,4,STA,WIFI_DROP,
3.172,4,STA,WIFI_DROP,
3.1744,4,STA,WIFI_DROP,
3.1768,4,STA,WIFI_DROP,
3.1792,4,STA,WIFI_DROP,
3.1816,4,STA,WIFI_DROP,
3.184,4,STA,WIFI_DROP,
3.1864,4,STA,WIFI_DROP,
3.1888,4,STA,WIFI_DROP,
3.1912,4,STA,WIFI_DROP,
3.1936,4,STA,WIFI_DROP,
3.196,4,STA,WIFI_DROP,
3.1984,4,STA,WIFI_DROP,
3.2008,4,STA,WIFI_DROP,
3.2032,4,STA,WIFI_DROP,
3.2056,4,STA,WIFI_DROP,
3.208,4,STA,WIFI_DROP,
3.2104,4,STA,WIFI_DROP,
3.2128,4,STA,WIFI_DROP,
3.2152,4,STA,WIFI_DROP,
3.2176,4,STA,WIFI_DROP,
3.22,4,STA,WIFI_DROP,
3.2224,4,STA,WIFI_DROP,
3.2248,4,STA,WIFI_DROP,
3.2272,4,STA,WIFI_DROP,
3.2296,4,STA,WIFI_DROP,
3.232,4,STA,WIFI_DROP,
3.2344,4,STA,WIFI_DROP,
3.2368,4,STA,WIFI_DROP,
3.2392,4,STA,WIFI_DROP,
3.2416,4,STA,WIFI_DROP,
3.244,4,STA,WIFI_DROP,
3.2464,4,STA,WIFI_DROP,
3.2488,4,STA,WIFI_DROP,
3.2512,4,STA,WIFI_DROP,
3.2536,4,STA,WIFI_DROP,
3.256,4,STA,WIFI_DROP,
3.2584,4,STA,WIFI_DROP,
3.2608,4,STA,WIFI_DROP,
3.2632,4,STA,WIFI_DROP,
3.2656,4,STA,WIFI_DROP,
3.268,4,STA,WIFI_DROP,
3.2704,4,STA,WIFI_DROP,
3.2728,4,STA,WIFI_DROP,
3.2752,4,STA,WIFI_DROP,
3.2776,4,STA,WIFI_DROP,
3.28,4,STA,WIFI_DROP,
3.2824,4,STA,WIFI_DROP,
3.2848,4,STA,WIFI_DROP,
3.2872,4,STA,WIFI_DROP,
3.2896,4,STA,WIFI_DROP,
3.292,4,STA,WIFI_DROP,
3.2944,4,STA,WIFI_DROP,
3.2968,4,STA,WIFI_DROP,
3.2992,4,STA,WIFI_DROP,
3.3016,4,STA,WIFI_DROP,
3.304,4,STA,WIFI_DROP,
3.3064,4,STA,WIFI_DROP,
3.3088,4,STA,WIFI_DROP,
3.3112,4,STA,WIFI_DROP,
3.3136,4,STA,WIFI_DROP,
3.316,4,STA,WIFI_DROP,
3.3184,4,STA,WIFI_DROP,
3.3208,4,STA,WIFI_DROP,
3.3232,4,STA,WIFI_DROP,
3.3256,4,STA,WIFI_DROP,
3.328,4,STA,WIFI_DROP,
3.3304,4,STA,WIFI_DROP,
3.3328,4,STA,WIFI_DROP,
3.3352,4,STA,WIFI_DROP,
3.3376,4,STA,WIFI_DROP,
3.34,4,STA,WIFI_DROP,
3.3424,4,STA,WIFI_DROP,
3.3448,4,STA,WIFI_DROP,
3.3472,4,STA,WIFI_DROP,
3.3496,4,STA,WIFI_DROP,
3.352,4,STA,WIFI_DROP,
3.3544,4,STA,WIFI_DROP,
3.3568,4,STA,WIFI_DROP,
3.3592,4,STA,WIFI_DROP,
3.3616,4,STA,WIFI_DROP,
3.364,4,STA,WIFI_DROP,
3.3664,4,STA,WIFI_DROP,
3.3688,4,STA,WIFI_DROP,
3.3712,4,STA,WIFI_DROP,
4,2,STA,THROUGHPUT_MBPS,2.040000
4,3,STA,THROUGHPUT_MBPS,6.624000
4,4,STA,THROUGHPUT_MBPS,1.464000
4,5,STA,THROUGHPUT_MBPS,1.212000
4,6,STA,THROUGHPUT_MBPS,1.908000
4,7,STA,THROUGHPUT_MBPS,2.604000
4,8,STA,THROUGHPUT_MBPS,1.992000
4,9,STA,THROUGHPUT_MBPS,3.348000
4,10,STA,THROUGHPUT_MBPS,3.168000
4,11,STA,THROUGHPUT_MBPS,2.928000
4,13,STA,THROUGHPUT_MBPS,1.224000
4,14,STA,THROUGHPUT_MBPS,1.632000
4,15,STA,THROUGHPUT_MBPS,1.056000
4,16,STA,THROUGHPUT_MBPS,1.764000
4,17,STA,THROUGHPUT_MBPS,3.648000
4,18,STA,THROUGHPUT_MBPS,0.384000
4,19,STA,THROUGHPUT_MBPS,2.232000
4,20,STA,THROUGHPUT_MBPS,2.640000
4,21,STA,THROUGHPUT_MBPS,1.404000
4,1,AP,AGGREGATE_THROUGHPUT_MBPS,43.272000
4,1,AP,SENT_COUNT,8320.000000
4,1,AP,RECV_COUNT,3606.000000
4,1,AP,LATENCY_P95_MS,540.830974
4.192,12,STA,WIFI_DROP,
4.192,20,STA,WIFI_DROP,
4.1944,12,STA,WIFI_DROP,
4.1944,20,STA,WIFI_DROP,
4.1968,12,STA,WIFI_DROP,
4.1968,20,STA,WIFI_DROP,
4.1992,12,STA,WIFI_DROP,
4.1992,20,STA,WIFI_DROP,
4.2016,12,STA,WIFI_DROP,
4.2016,20,STA,WIFI_DROP,
4.204,12,STA,WIFI_DROP,
4.204,20,STA,WIFI_DROP,
4.2064,12,STA,WIFI_DROP,
4.2064,20,STA,WIFI_DROP,
4.2088,12,STA,WIFI_DROP,
4.2088,20,STA,WIFI_DROP,
4.2112,12,STA,WIFI_DROP,
4.2112,20,STA,WIFI_DROP,
4.2136,12,STA,WIFI_DROP,
4.2136,20,STA,WIFI_DROP,
4.216,12,STA,WIFI_DROP,
4.216,20,STA,WIFI_DROP,
4.2184,12,STA,WIFI_DROP,
4.2184,20,STA,WIFI_DROP,
4.2208,12,STA,WIFI_DROP,
4.2208,20,STA,WIFI_DROP,
4.2232,12,STA,WIFI_DROP,
4.2232,20,STA,WIFI_DROP,
4.2256,12,STA,WIFI_DROP,
4.2256,20,STA,WIFI_DROP,
4.228,12,STA,WIFI_DROP,
4.228,20,STA,WIFI_DROP,
4.2304,12,STA,WIFI_DROP,
4.2304,20,STA,WIFI_DROP,
4.2328,12,STA,WIFI_DROP,
4.2328,20,STA,WIFI_DROP,
4.2352,12,STA,WIFI_DROP,
4.2352,20,STA,WIFI_DROP,
4.2376,12,STA,WIFI_DROP,
4.2376,20,STA,WIFI_DROP,
4.24,12,STA,WIFI_DROP,
4.24,20,STA,WIFI_DROP,
4.2424,12,STA,WIFI_DROP,
4.2424,20,STA,WIFI_DROP,
4.2448,12,STA,WIFI_DROP,
4.2448,20,STA,WIFI_DROP,
4.2472,12,STA,WIFI_DROP,
4.2472,20,STA,WIFI_DROP,
4.2496,12,STA,WIFI_DROP,
4.2496,20,STA,WIFI_DROP,
4.252,12,STA,WIFI_DROP,
4.252,20,STA,WIFI_DROP,
4.2544,12,STA,WIFI_DROP,
4.2544,20,STA,WIFI_DROP,
4.2568,12,STA,WIFI_DROP,
4.2568,20,STA,WIFI_DROP,
4.2592,12,STA,WIFI_DROP,
4.2592,20,STA,WIFI_DROP,
4.2616,12,STA,WIFI_DROP,
4.2616,20,STA,WIFI_DROP,
4.264,12,STA,WIFI_DROP,
4.264,20,STA,WIFI_DROP,
4.2664,12,STA,WIFI_DROP,
4.2664,20,STA,WIFI_DROP,
4.2688,12,STA,WIFI_DROP,
4.2688,20,STA,WIFI_DROP,
4.2712,12,STA,WIFI_DROP,
4.2712,20,STA,WIFI_DROP,
4.2736,12,STA,WIFI_DROP,
4.2736,20,STA,WIFI_DROP,
4.276,12,STA,WIFI_DROP,
4.276,20,STA,WIFI_DROP,
4.2784,12,STA,WIFI_DROP,
4.2784,20,STA,WIFI_DROP,
4.2808,12,STA,WIFI_DROP,
4.2808,20,STA,WIFI_DROP,
4.2832,12,STA,WIFI_DROP,
4.2832,20,STA,WIFI_DROP,
4.2856,12,STA,WIFI_DROP,
4.2856,20,STA,WIFI_DROP,
4.288,12,STA,WIFI_DROP,
4.288,20,STA,WIFI_DROP,
4.2904,12,STA,WIFI_DROP,
4.2904,20,STA,WIFI_DROP,
4.2928,12,STA,WIFI_DROP,
4.2928,20,STA,WIFI_DROP,
4.2952,12,STA,WIFI_DROP,
4.2952,20,STA,WIFI_DROP,
4.2976,12,STA,WIFI_DROP,
4.2976,20,STA,WIFI_DROP,
4.3,12,STA,WIFI_DROP,
4.3,20,STA,WIFI_DROP,
4.3024,12,STA,WIFI_DROP,
4.3024,20,STA,WIFI_DROP,
4.3048,12,STA,WIFI_DROP,
4.3048,20,STA,WIFI_DROP,
4.3072,12,STA,WIFI_DROP,
4.3072,20,STA,WIFI_DROP,
4.3096,12,STA,WIFI_DROP,
4.3096,20,STA,WIFI_DROP,
4.312,12,STA,WIFI_DROP,
4.312,20,STA,WIFI_DROP,
4.3144,12,STA,WIFI_DROP,
4.3144,20,STA,WIFI_DROP,
4.3168,12,STA,WIFI_DROP,
4.3168,20,STA,WIFI_DROP,
4.3192,12,STA,WIFI_DROP,
4.3192,20,STA,WIFI_DROP,
4.3216,12,STA,WIFI_DROP,
4.3216,20,STA,WIFI_DROP,
4.324,12,STA,WIFI_DROP,
4.324,20,STA,WIFI_DROP,
4.3264,12,STA,WIFI_DROP,
4.3264,20,STA,WIFI_DROP,
4.3288,12,STA,WIFI_DROP,
4.3288,20,STA,WIFI_DROP,
4.3312,12,STA,WIFI_DROP,
4.3312,20,STA,WIFI_DROP,
4.3336,12,STA,WIFI_DROP,
4.3336,20,STA,WIFI_DROP,
4.336,12,STA,WIFI_DROP,
4.336,20,STA,WIFI_DROP,
4.3384,12,STA,WIFI_DROP,
4.3384,20,STA,WIFI_DROP,
4.3408,12,STA,WIFI_DROP,
4.3408,20,STA,WIFI_DROP,
4.3432,12,STA,WIFI_DROP,
4.3432,20,STA,WIFI_DROP,
4.3456,12,STA,WIFI_DROP,
4.3456,20,STA,WIFI_DROP,
4.348,12,STA,WIFI_DROP,
4.348,20,STA,WIFI_DROP,
4.3504,12,STA,WIFI_DROP,
4.3504,20,STA,WIFI_DROP,
4.3528,12,STA,WIFI_DROP,
4.3528,20,STA,WIFI_DROP,
4.3552,12,STA,WIFI_DROP,
4.3552,20,STA,WIFI_DROP,
4.3576,12,STA,WIFI_DROP,
4.3576,20,STA,WIFI_DROP,
4.36,12,STA,WIFI_DROP,
4.36,20,STA,WIFI_DROP,
4.3624,12,STA,WIFI_DROP,
4.3624,20,STA,WIFI_DROP,
4.3648,12,STA,WIFI_DROP,
4.3648,20,STA,WIFI_DROP,
4.3672,12,STA,WIFI_DROP,
4.3672,20,STA,WIFI_DROP,
4.3696,12,STA,WIFI_DROP,
4.3696,20,STA,WIFI_DROP,
4.372,12,STA,WIFI_DROP,
4.372,20,STA,WIFI_DROP,
4.3744,12,STA,WIFI_DROP,
4.3744,20,STA,WIFI_DROP,
4.3768,12,STA,WIFI_DROP,
4.3768,20,STA,WIFI_DROP,
4.3792,12,STA,WIFI_DROP,
4.3792,20,STA,WIFI_DROP,
4.3816,12,STA,WIFI_DROP,
4.3816,20,STA,WIFI_DROP,
4.384,12,STA,WIFI_DROP,
4.384,20,STA,WIFI_DROP,
4.3864,12,STA,WIFI_DROP,
4.3864,20,STA,WIFI_DROP,
4.3888,12,STA,WIFI_DROP,
4.3888,20,STA,WIFI_DROP,
4.3912,12,STA,WIFI_DROP,
4.3912,20,STA,WIFI_DROP,
4.3936,12,STA,WIFI_DROP,
4.3936,20,STA,WIFI_DROP,
4.396,12,STA,WIFI_DROP,
4.396,20,STA,WIFI_DROP,
4.3984,12,STA,WIFI_DROP,
4.3984,20,STA,WIFI_DROP,
4.4008,12,STA,WIFI_DROP,
4.4008,20,STA,WIFI_DROP,
4.4032,12,STA,WIFI_DROP,
4.4032,20,STA,WIFI_DROP,
4.4056,12,STA,WIFI_DROP,
4.4056,20,STA,WIFI_DROP,
4.408,12,STA,WIFI_DROP,
4.408,20,STA,WIFI_DROP,
4.4104,12,STA,WIFI_DROP,
4.4104,20,STA,WIFI_DROP,
4.4128,12,STA,WIFI_DROP,
4.4128,20,STA,WIFI_DROP,
4.4152,12,STA,WIFI_DROP,
4.4152,20,STA,WIFI_DROP,
4.4176,12,STA,WIFI_DROP,
4.4176,20,STA,WIFI_DROP,
4.42,12,STA,WIFI_DROP,
4.42,20,STA,WIFI_DROP,
4.4224,12,STA,WIFI_DROP,
4.4224,20,STA,WIFI_DROP,
4.4248,12,STA,WIFI_DROP,
4.4248,20,STA,WIFI_DROP,
4.4272,12,STA,WIFI_DROP,
4.4272,20,STA,WIFI_DROP,
4.4296,12,STA,WIFI_DROP,
4.4296,20,STA,WIFI_DROP,
4.432,12,STA,WIFI_DROP,
4.432,20,STA,WIFI_DROP,
4.4344,12,STA,WIFI_DROP,
4.4344,20,STA,WIFI_DROP,
4.4368,12,STA,WIFI_DROP,
4.4368,20,STA,WIFI_DROP,
4.4392,12,STA,WIFI_DROP,
4.4392,20,STA,WIFI_DROP,
4.4416,12,STA,WIFI_DROP,
4.4416,20,STA,WIFI_DROP,
4.444,12,STA,WIFI_DROP,
4.444,20,STA,WIFI_DROP,
4.4464,12,STA,WIFI_DROP,
4.4464,20,STA,WIFI_DROP,
4.4488,12,STA,WIFI_DROP,
4.4488,20,STA,WIFI_DROP,
4.4512,12,STA,WIFI_DROP,
4.4512,20,STA,WIFI_DROP,
4.4536,12,STA,WIFI_DROP,
4.4536,20,STA,WIFI_DROP,
4.456,12,STA,WIFI_DROP,
4.456,20,STA,WIFI_DROP,
4.4584,12,STA,WIFI_DROP,
4.4584,20,STA,WIFI_DROP,
4.4608,12,STA,WIFI_DROP,
4.4608,20,STA,WIFI_DROP,
4.4632,12,STA,WIFI_DROP,
4.4632,20,STA,WIFI_DROP,
4.4656,12,STA,WIFI_DROP,
4.4656,20,STA,WIFI_DROP,
4.468,12,STA,WIFI_DROP,
4.468,20,STA,WIFI_DROP,
4.4704,12,STA,WIFI_DROP,
4.4704,20,STA,WIFI_DROP,
4.4728,12,STA,WIFI_DROP,
4.4728,20,STA,WIFI_DROP,
4.4752,12,STA,WIFI_DROP,
4.4752,20,STA,WIFI_DROP,
4.4776,12,STA,WIFI_DROP,
4.4776,20,STA,WIFI_DROP,
4.48,12,STA,WIFI_DROP,
4.48,20,STA,WIFI_DROP,
4.4824,12,STA,WIFI_DROP,
4.4824,20,STA,WIFI_DROP,
4.4848,12,STA,WIFI_DROP,
4.4848,20,STA,WIFI_DROP,
4.4872,12,STA,WIFI_DROP,
4.4872,20,STA,WIFI_DROP,
4.4896,12,STA,WIFI_DROP,
4.4896,20,STA,WIFI_DROP,
4.492,12,STA,WIFI_DROP,
4.492,20,STA,WIFI_DROP,
4.4944,12,STA,WIFI_DROP,
4.4944,20,STA,WIFI_DROP,
4.4968,12,STA,WIFI_DROP,
4.4968,20,STA,WIFI_DROP,
4.4992,12,STA,WIFI_DROP,
4.4992,20,STA,WIFI_DROP,
4.5016,12,STA,WIFI_DROP,
4.5016,20,STA,WIFI_DROP,
4.504,12,STA,WIFI_DROP,
4.504,20,STA,WIFI_DROP,
4.5064,12,STA,WIFI_DROP,
4.5064,20,STA,WIFI_DROP,
4.5088,12,STA,WIFI_DROP,
4.5088,20,STA,WIFI_DROP,
4.5112,12,STA,WIFI_DROP,
4.5112,20,STA,WIFI_DROP,
4.5136,12,STA,WIFI_DROP,
4.5136,20,STA,WIFI_DROP,
4.516,12,STA,WIFI_DROP,
4.516,20,STA,WIFI_DROP,
4.5184,12,STA,WIFI_DROP,
4.5184,20,STA,WIFI_DROP,
4.5208,12,STA,WIFI_DROP,
4.5208,20,STA,WIFI_DROP,
4.5232,12,STA,WIFI_DROP,
4.5232,20,STA,WIFI_DROP,
4.5256,12,STA,WIFI_DROP,
4.5256,20,STA,WIFI_DROP,
4.528,12,STA,WIFI_DROP,
4.528,20,STA,WIFI_DROP,
4.5304,12,STA,WIFI_DROP,
4.5304,20,STA,WIFI_DROP,
4.5328,12,STA,WIFI_DROP,
4.5328,20,STA,WIFI_DROP,
4.5352,12,STA,WIFI_DROP,
4.5352,20,STA,WIFI_DROP,
4.5376,12,STA,WIFI_DROP,
4.5376,20,STA,WIFI_DROP,
4.54,12,STA,WIFI_DROP,
4.54,20,STA,WIFI_DROP,
4.5424,12,STA,WIFI_DROP,
4.5424,20,STA,WIFI_DROP,
4.5448,12,STA,WIFI_DROP,
4.5448,20,STA,WIFI_DROP,
4.5472,12,STA,WIFI_DROP,
4.5472,20,STA,WIFI_DROP,
4.5496,12,STA,WIFI_DROP,
4.5496,20,STA,WIFI_DROP,
4.552,12,STA,WIFI_DROP,
4.552,20,STA,WIFI_DROP,
4.5544,12,STA,WIFI_DROP,
4.5544,20,STA,WIFI_DROP,
4.5568,12,STA,WIFI_DROP,
4.5568,20,STA,WIFI_DROP,
4.5592,12,STA,WIFI_DROP,
4.5592,20,STA,WIFI_DROP,
4.5616,12,STA,WIFI_DROP,
4.5616,20,STA,WIFI_DROP,
4.564,12,STA,WIFI_DROP,
4.564,20,STA,WIFI_DROP,
4.5664,12,STA,WIFI_DROP,
4.5664,20,STA,WIFI_DROP,
4.5688,12,STA,WIFI_DROP,
4.5688,20,STA,WIFI_DROP,
4.5712,12,STA,WIFI_DROP,
4.5712,20,STA,WIFI_DROP,
4.5736,12,STA,WIFI_DROP,
4.5736,20,STA,WIFI_DROP,
4.576,12,STA,WIFI_DROP,
4.576,20,STA,WIFI_DROP,
4.5784,12,STA,WIFI_DROP,
4.5784,20,STA,WIFI_DROP,
4.5808,12,STA,WIFI_DROP,
4.5808,20,STA,WIFI_DROP,
4.5832,12,STA,WIFI_DROP,
4.5832,20,STA,WIFI_DROP,
4.5856,12,STA,WIFI_DROP,
4.5856,20,STA,WIFI_DROP,
4.588,12,STA,WIFI_DROP,
4.588,20,STA,WIFI_DROP,
4.5904,12,STA,WIFI_DROP,
4.5904,20,STA,WIFI_DROP,
4.5928,12,STA,WIFI_DROP,
4.5928,20,STA,WIFI_DROP,
4.5952,12,STA,WIFI_DROP,
4.5952,20,STA,WIFI_DROP,
4.5976,12,STA,WIFI_DROP,
4.5976,20,STA,WIFI_DROP,
4.6,20,STA,WIFI_DROP,
4.6024,20,STA,WIFI_DROP,
4.6048,20,STA,WIFI_DROP,
4.6072,20,STA,WIFI_DROP,
4.6096,20,STA,WIFI_DROP,
4.612,20,STA,WIFI_DROP,
4.6144,20,STA,WIFI_DROP,
4.6168,20,STA,WIFI_DROP,
4.6192,20,STA,WIFI_DROP,
4.6216,20,STA,WIFI_DROP,
4.624,20,STA,WIFI_DROP,
4.6264,20,STA,WIFI_DROP,
4.6288,20,STA,WIFI_DROP,
4.6312,20,STA,WIFI_DROP,
4.6336,20,STA,WIFI_DROP,
4.636,20,STA,WIFI_DROP,
4.6384,20,STA,WIFI_DROP,
4.6408,20,STA,WIFI_DROP,
4.6432,20,STA,WIFI_DROP,
4.6456,20,STA,WIFI_DROP,
4.648,20,STA,WIFI_DROP,
4.6504,20,STA,WIFI_DROP,
4.6528,20,STA,WIFI_DROP,
4.6552,20,STA,WIFI_DROP,
4.6576,20,STA,WIFI_DROP,
4.66,20,STA,WIFI_DROP,
4.6624,20,STA,WIFI_DROP,
4.6648,20,STA,WIFI_DROP,
4.6672,20,STA,WIFI_DROP,
4.6696,20,STA,WIFI_DROP,
4.672,20,STA,WIFI_DROP,
4.6744,20,STA,WIFI_DROP,
4.6768,20,STA,WIFI_DROP,
4.6792,20,STA,WIFI_DROP,
4.6816,20,STA,WIFI_DROP,
4.684,20,STA,WIFI_DROP,
4.6864,20,STA,WIFI_DROP,
4.6888,20,STA,WIFI_DROP,
4.6912,20,STA,WIFI_DROP,
4.6936,20,STA,WIFI_DROP,
4.696,20,STA,WIFI_DROP,
4.6984,20,STA,WIFI_DROP,
4.7008,20,STA,WIFI_DROP,
4.7032,20,STA,WIFI_DROP,
4.7056,20,STA,WIFI_DROP,
4.708,20,STA,WIFI_DROP,
4.7104,20,STA,WIFI_DROP,
4.7128,20,STA,WIFI_DROP,
4.7152,20,STA,WIFI_DROP,
4.7176,20,STA,WIFI_DROP,
4.72,20,STA,WIFI_DROP,
4.7224,20,STA,WIFI_DROP,
4.7248,20,STA,WIFI_DROP,
4.7272,20,STA,WIFI_DROP,
4.7296,20,STA,WIFI_DROP,
4.732,20,STA,WIFI_DROP,
4.7344,20,STA,WIFI_DROP,
4.7368,20,STA,WIFI_DROP,
4.7392,20,STA,WIFI_DROP,
4.7416,20,STA,WIFI_DROP,
4.744,20,STA,WIFI_DROP,
4.7464,20,STA,WIFI_DROP,
4.7488,20,STA,WIFI_DROP,
4.7512,20,STA,WIFI_DROP,
4.7536,20,STA,WIFI_DROP,
4.756,20,STA,WIFI_DROP,
4.7584,20,STA,WIFI_DROP,
4.7608,20,STA,WIFI_DROP,
4.7632,20,STA,WIFI_DROP,
4.7656,20,STA,WIFI_DROP,
4.768,20,STA,WIFI_DROP,
4.7704,20,STA,WIFI_DROP,
4.7728,20,STA,WIFI_DROP,
4.7752,20,STA,WIFI_DROP,
4.7776,20,STA,WIFI_DROP,
4.78,20,STA,WIFI_DROP,
4.7824,20,STA,WIFI_DROP,
4.7848,20,STA,WIFI_DROP,
4.7872,20,STA,WIFI_DROP,
4.7896,20,STA,WIFI_DROP,
4.792,20,STA,WIFI_DROP,
4.7944,20,STA,WIFI_DROP,
4.7968,20,STA,WIFI_DROP,
4.7992,20,STA,WIFI_DROP,
4.8016,20,STA,WIFI_DROP,
4.804,20,STA,WIFI_DROP,
4.8064,20,STA,WIFI_DROP,
4.8088,20,STA,WIFI_DROP,
4.8112,20,STA,WIFI_DROP,
4.8136,20,STA,WIFI_DROP,
4.816,20,STA,WIFI_DROP,
4.8184,20,STA,WIFI_DROP,
4.8208,20,STA,WIFI_DROP,
4.8232,20,STA,WIFI_DROP,
4.8256,20,STA,WIFI_DROP,
4.828,20,STA,WIFI_DROP,
4.8304,20,STA,WIFI_DROP,
4.8328,20,STA,WIFI_DROP,
4.8352,20,STA,WIFI_DROP,
4.8376,20,STA,WIFI_DROP,
4.84,20,STA,WIFI_DROP,
4.8424,20,STA,WIFI_DROP,
4.8448,20,STA,WIFI_DROP,
4.8472,20,STA,WIFI_DROP,
4.8496,20,STA,WIFI_DROP,
4.852,20,STA,WIFI_DROP,
4.8544,20,STA,WIFI_DROP,
4.8568,20,STA,WIFI_DROP,
4.8592,20,STA,WIFI_DROP,
4.8616,20,STA,WIFI_DROP,
4.864,20,STA,WIFI_DROP,
4.8664,20,STA,WIFI_DROP,
4.8688,20,STA,WIFI_DROP,
4.8712,20,STA,WIFI_DROP,
4.8736,20,STA,WIFI_DROP,
4.876,20,STA,WIFI_DROP,
4.8784,20,STA,WIFI_DROP,
4.8808,20,STA,WIFI_DROP,
4.8832,20,STA,WIFI_DROP,
4.8856,20,STA,WIFI_DROP,
4.888,20,STA,WIFI_DROP,
4.8904,20,STA,WIFI_DROP,
4.8928,20,STA,WIFI_DROP,
4.8952,20,STA,WIFI_DROP,
4.8976,20,STA,WIFI_DROP,
4.9,20,STA,WIFI_DROP,
4.9024,20,STA,WIFI_DROP,
4.9048,20,STA,WIFI_DROP,
4.9072,20,STA,WIFI_DROP,
4.9096,20,STA,WIFI_DROP,
4.912,20,STA,WIFI_DROP,
4.9144,20,STA,WIFI_DROP,
4.9168,20,STA,WIFI_DROP,
4.9192,20,STA,WIFI_DROP,
4.9216,20,STA,WIFI_DROP,
4.924,20,STA,WIFI_DROP,
4.9264,20,STA,WIFI_DROP,
4.9288,20,STA,WIFI_DROP,
4.9312,20,STA,WIFI_DROP,
4.9336,20,STA,WIFI_DROP,
4.936,20,STA,WIFI_DROP,
4.9384,20,STA,WIFI_DROP,
4.9408,20,STA,WIFI_DROP,
4.9432,20,STA,WIFI_DROP,
4.9456,20,STA,WIFI_DROP,
4.948,20,STA,WIFI_DROP,
4.9504,20,STA,WIFI_DROP,
4.9528,20,STA,WIFI_DROP,
4.9552,20,STA,WIFI_DROP,
4.9576,20,STA,WIFI_DROP,
4.96,20,STA,WIFI_DROP,
4.9624,20,STA,WIFI_DROP,
4.9648,20,STA,WIFI_DROP,
4.9672,20,STA,WIFI_DROP,
4.9696,20,STA,WIFI_DROP,
4.972,20,STA,WIFI_DROP,
4.9744,20,STA,WIFI_DROP,
4.9768,20,STA,WIFI_DROP,
4.9792,20,STA,WIFI_DROP,
4.9816,20,STA,WIFI_DROP,
4.984,20,STA,WIFI_DROP,
4.9864,20,STA,WIFI_DROP,
4.9888,20,STA,WIFI_DROP,
4.9912,20,STA,WIFI_DROP,
4.9936,20,STA,WIFI_DROP,
4.996,20,STA,WIFI_DROP,
4.9984,20,STA,WIFI_DROP,
5,2,STA,THROUGHPUT_MBPS,2.688000
5,3,STA,THROUGHPUT_MBPS,2.700000
5,4,STA,THROUGHPUT_MBPS,3.048000
5,5,STA,THROUGHPUT_MBPS,2.412000
5,6,STA,THROUGHPUT_MBPS,6.000000
5,7,STA,THROUGHPUT_MBPS,2.580000
5,8,STA,THROUGHPUT_MBPS,1.536000
5,9,STA,THROUGHPUT_MBPS,3.588000
5,10,STA,THROUGHPUT_MBPS,3.396000
5,11,STA,THROUGHPUT_MBPS,1.368000
5,13,STA,THROUGHPUT_MBPS,2.292000
5,14,STA,THROUGHPUT_MBPS,2.364000
5,15,STA,THROUGHPUT_MBPS,4.116000
5,16,STA,THROUGHPUT_MBPS,0.648000
5,17,STA,THROUGHPUT_MBPS,5.640000
5,18,STA,THROUGHPUT_MBPS,0.936000
5,19,STA,THROUGHPUT_MBPS,1.872000
5,20,STA,THROUGHPUT_MBPS,1.116000
5,21,STA,THROUGHPUT_MBPS,2.688000
5,1,AP,AGGREGATE_THROUGHPUT_MBPS,50.988000
5,1,AP,SENT_COUNT,8340.000000
5,1,AP,RECV_COUNT,4249.000000
5,1,AP,LATENCY_P95_MS,550.584308
5.0008,20,STA,WIFI_DROP,
5.0032,20,STA,WIFI_DROP,
5.0056,20,STA,WIFI_DROP,
5.008,20,STA,WIFI_DROP,
5.0104,20,STA,WIFI_DROP,
5.0128,20,STA,WIFI_DROP,
5.0152,20,STA,WIFI_DROP,
5.0176,20,STA,WIFI_DROP,
5.02,20,STA,WIFI_DROP,
5.0224,20,STA,WIFI_DROP,
5.0248,20,STA,WIFI_DROP,
5.0272,20,STA,WIFI_DROP,
5.0296,20,STA,WIFI_DROP,
5.032,20,STA,WIFI_DROP,
5.0344,20,STA,WIFI_DROP,
5.0368,20,STA,WIFI_DROP,
5.0392,20,STA,WIFI_DROP,
5.0416,20,STA,WIFI_DROP,
5.044,20,STA,WIFI_DROP,
5.0464,20,STA,WIFI_DROP,
5.0488,20,STA,WIFI_DROP,
5.0512,20,STA,WIFI_DROP,
5.0536,20,STA,WIFI_DROP,
5.056,20,STA,WIFI_DROP,
5.0584,20,STA,WIFI_DROP,
5.0608,20,STA,WIFI_DROP,
5.0632,20,STA,WIFI_DROP,
5.0656,20,STA,WIFI_DROP,
5.068,20,STA,WIFI_DROP,
5.0704,20,STA,WIFI_DROP,
5.0728,20,STA,WIFI_DROP,
5.0752,20,STA,WIFI_DROP,
5.0776,20,STA,WIFI_DROP,
5.08,20,STA,WIFI_DROP,
5.0824,20,STA,WIFI_DROP,
5.0848,20,STA,WIFI_DROP,
5.0872,20,STA,WIFI_DROP,
5.0896,20,STA,WIFI_DROP,
5.092,20,STA,WIFI_DROP,
5.0944,20,STA,WIFI_DROP,
5.0968,20,STA,WIFI_DROP,
5.0992,20,STA,WIFI_DROP,
5.1016,20,STA,WIFI_DROP,
5.104,20,STA,WIFI_DROP,
5.1064,20,STA,WIFI_DROP,
5.1088,20,STA,WIFI_DROP,
5.1112,20,STA,WIFI_DROP,
5.1136,20,STA,WIFI_DROP,
5.116,20,STA,WIFI_DROP,
5.1184,20,STA,WIFI_DROP,
5.1208,20,STA,WIFI_DROP,
5.1232,20,STA,WIFI_DROP,
5.1256,20,STA,WIFI_DROP,
5.128,20,STA,WIFI_DROP,
5.1304,20,STA,WIFI_DROP,
5.1328,20,STA,WIFI_DROP,
5.1352,20,STA,WIFI_DROP,
5.1376,20,STA,WIFI_DROP,
5.14,20,STA,WIFI_DROP,
5.1424,20,STA,WIFI_DROP,
5.1448,20,STA,WIFI_DROP,
5.1472,20,STA,WIFI_DROP,
5.1496,20,STA,WIFI_DROP,
5.152,20,STA,WIFI_DROP,
5.1544,20,STA,WIFI_DROP,
5.1568,20,STA,WIFI_DROP,
5.1592,20,STA,WIFI_DROP,
5.1616,20,STA,WIFI_DROP,
5.164,20,STA,WIFI_DROP,
5.1664,20,STA,WIFI_DROP,
5.1688,20,STA,WIFI_DROP,
5.1712,20,STA,WIFI_DROP,
5.1736,20,STA,WIFI_DROP,
5.176,20,STA,WIFI_DROP,
5.1784,20,STA,WIFI_DROP,
5.1808,20,STA,WIFI_DROP,
5.1832,20,STA,WIFI_DROP,
5.1856,20,STA,WIFI_DROP,
5.188,20,STA,WIFI_DROP,
5.1904,20,STA,WIFI_DROP,
5.1928,20,STA,WIFI_DROP,
5.1952,20,STA,WIFI_DROP,
5.1976,20,STA,WIFI_DROP,
5.2,20,STA,WIFI_DROP,
5.2024,20,STA,WIFI_DROP,
5.2048,20,STA,WIFI_DROP,
5.2072,20,STA,WIFI_DROP,
5.2096,20,STA,WIFI_DROP,
5.212,20,STA,WIFI_DROP,
5.2144,20,STA,WIFI_DROP,
5.2168,20,STA,WIFI_DROP,
5.2192,20,STA,WIFI_DROP,
5.2216,20,STA,WIFI_DROP,
5.224,20,STA,WIFI_DROP,
5.2264,20,STA,WIFI_DROP,
5.2288,20,STA,WIFI_DROP,
5.2312,20,STA,WIFI_DROP,
5.2336,20,STA,WIFI_DROP,
5.236,20,STA,WIFI_DROP,
5.2384,20,STA,WIFI_DROP,
5.2408,20,STA,WIFI_DROP,
5.272,20,STA,WIFI_DROP,
5.2744,20,STA,WIFI_DROP,
5.2768,20,STA,WIFI_DROP,
5.2792,20,STA,WIFI_DROP,
5.2816,20,STA,WIFI_DROP,
5.284,20,STA,WIFI_DROP,
5.2864,20,STA,WIFI_DROP,
5.2888,20,STA,WIFI_DROP,
5.2912,20,STA,WIFI_DROP,
5.2936,20,STA,WIFI_DROP,
5.296,20,STA,WIFI_DROP,
5.2984,20,STA,WIFI_DROP,
5.3008,20,STA,WIFI_DROP,
5.3032,20,STA,WIFI_DROP,
5.3056,20,STA,WIFI_DROP,
5.308,20,STA,WIFI_DROP,
5.3104,20,STA,WIFI_DROP,
5.3128,20,STA,WIFI_DROP,
5.3152,20,STA,WIFI_DROP,
5.3176,20,STA,WIFI_DROP,
5.32,20,STA,WIFI_DROP,
5.3224,20,STA,WIFI_DROP,
5.3248,20,STA,WIFI_DROP,
5.3272,20,STA,WIFI_DROP,
5.3296,20,STA,WIFI_DROP,
5.332,20,STA,WIFI_DROP,
5.3344,20,STA,WIFI_DROP,
5.3368,20,STA,WIFI_DROP,
5.3392,20,STA,WIFI_DROP,
5.3416,20,STA,WIFI_DROP,
5.344,20,STA,WIFI_DROP,
5.3464,20,STA,WIFI_DROP,
5.3488,20,STA,WIFI_DROP,
5.3512,20,STA,WIFI_DROP,
5.3536,20,STA,WIFI_DROP,
5.356,20,STA,WIFI_DROP,
5.3584,20,STA,WIFI_DROP,
5.3608,20,STA,WIFI_DROP,
5.3632,20,STA,WIFI_DROP,
5.3656,20,STA,WIFI_DROP,
5.368,20,STA,WIFI_DROP,
5.3704,20,STA,WIFI_DROP,
5.3728,20,STA,WIFI_DROP,
5.3752,20,STA,WIFI_DROP,
5.3776,20,STA,WIFI_DROP,
5.38,20,STA,WIFI_DROP,
5.3824,20,STA,WIFI_DROP,
5.3848,20,STA,WIFI_DROP,
5.3872,20,STA,WIFI_DROP,
5.3896,20,STA,WIFI_DROP,
5.392,20,STA,WIFI_DROP,
5.3944,20,STA,WIFI_DROP,
5.3968,20,STA,WIFI_DROP,
5.3992,20,STA,WIFI_DROP,
5.4016,20,STA,WIFI_DROP,
5.404,20,STA,WIFI_DROP,
5.4064,20,STA,WIFI_DROP,
5.4088,20,STA,WIFI_DROP,
5.4112,20,STA,WIFI_DROP,
5.4136,20,STA,WIFI_DROP,
5.416,20,STA,WIFI_DROP,
5.4184,20,STA,WIFI_DROP,
5.4208,20,STA,WIFI_DROP,
5.4232,20,STA,WIFI_DROP,
5.4256,20,STA,WIFI_DROP,
5.428,20,STA,WIFI_DROP,
5.4304,20,STA,WIFI_DROP,
5.4328,20,STA,WIFI_DROP,
5.4352,20,STA,WIFI_DROP,
5.4376,20,STA,WIFI_DROP,
5.44,20,STA,WIFI_DROP,
5.4424,20,STA,WIFI_DROP,
5.4448,20,STA,WIFI_DROP,
5.4472,20,STA,WIFI_DROP,
5.4496,20,STA,WIFI_DROP,
5.452,20,STA,WIFI_DROP,
5.4544,20,STA,WIFI_DROP,
5.4568,20,STA,WIFI_DROP,
5.4592,20,STA,WIFI_DROP,
5.4616,20,STA,WIFI_DROP,
5.464,20,STA,WIFI_DROP,
5.4664,20,STA,WIFI_DROP,
5.4688,20,STA,WIFI_DROP,
5.4712,20,STA,WIFI_DROP,
5.4736,20,STA,WIFI_DROP,
5.476,20,STA,WIFI_DROP,
5.4784,20,STA,WIFI_DROP,
5.4808,20,STA,WIFI_DROP,
5.4832,20,STA,WIFI_DROP,
5.4856,20,STA,WIFI_DROP,
5.488,20,STA,WIFI_DROP,
5.4904,20,STA,WIFI_DROP,
5.4928,20,STA,WIFI_DROP,
5.4952,20,STA,WIFI_DROP,
5.4976,20,STA,WIFI_DROP,
5.5,20,STA,WIFI_DROP,
5.5024,20,STA,WIFI_DROP,
5.5048,20,STA,WIFI_DROP,
5.5072,20,STA,WIFI_DROP,
5.5096,20,STA,WIFI_DROP,
5.512,20,STA,WIFI_DROP,
5.5144,20,STA,WIFI_DROP,
5.5168,20,STA,WIFI_DROP,
5.5192,20,STA,WIFI_DROP,
5.5216,20,STA,WIFI_DROP,
5.524,20,STA,WIFI_DROP,
5.5264,20,STA,WIFI_DROP,
5.5288,20,STA,WIFI_DROP,
5.5312,20,STA,WIFI_DROP,
5.5336,20,STA,WIFI_DROP,
5.536,20,STA,WIFI_DROP,
5.5384,20,STA,WIFI_DROP,
5.5408,20,STA,WIFI_DROP,
5.5432,20,STA,WIFI_DROP,
5.5456,20,STA,WIFI_DROP,
5.548,20,STA,WIFI_DROP,
5.5504,20,STA,WIFI_DROP,
5.5528,20,STA,WIFI_DROP,
5.5552,20,STA,WIFI_DROP,
5.5576,20,STA,WIFI_DROP,
5.56,20,STA,WIFI_DROP,
5.5624,20,STA,WIFI_DROP,
5.5648,20,STA,WIFI_DROP,
5.5672,20,STA,WIFI_DROP,
5.5696,20,STA,WIFI_DROP,
5.572,20,STA,WIFI_DROP,
5.5744,20,STA,WIFI_DROP,
5.5768,20,STA,WIFI_DROP,
5.5792,20,STA,WIFI_DROP,
5.5816,20,STA,WIFI_DROP,
5.584,20,STA,WIFI_DROP,
5.5864,20,STA,WIFI_DROP,
5.5888,20,STA,WIFI_DROP,
5.5912,20,STA,WIFI_DROP,
5.5936,20,STA,WIFI_DROP,
5.596,20,STA,WIFI_DROP,
5.5984,20,STA,WIFI_DROP,
5.6008,20,STA,WIFI_DROP,
5.6032,20,STA,WIFI_DROP,
5.6056,20,STA,WIFI_DROP,
5.608,20,STA,WIFI_DROP,
5.6104,20,STA,WIFI_DROP,
5.6128,20,STA,WIFI_DROP,
5.6152,20,STA,WIFI_DROP,
5.6176,20,STA,WIFI_DROP,
5.62,20,STA,WIFI_DROP,
5.6224,20,STA,WIFI_DROP,
5.6248,20,STA,WIFI_DROP,
5.6272,20,STA,WIFI_DROP,
5.6296,20,STA,WIFI_DROP,
5.632,20,STA,WIFI_DROP,
5.6344,20,STA,WIFI_DROP,
5.6368,20,STA,WIFI_DROP,
5.6392,20,STA,WIFI_DROP,
5.6416,20,STA,WIFI_DROP,
5.644,20,STA,WIFI_DROP,
5.6464,20,STA,WIFI_DROP,
5.6488,20,STA,WIFI_DROP,
5.6512,20,STA,WIFI_DROP,
5.6536,20,STA,WIFI_DROP,
5.656,20,STA,WIFI_DROP,
5.6584,20,STA,WIFI_DROP,
5.6608,20,STA,WIFI_DROP,
5.6632,20,STA,WIFI_DROP,
5.6656,20,STA,WIFI_DROP,
5.668,20,STA,WIFI_DROP,
5.6704,20,STA,WIFI_DROP,
5.6728,20,STA,WIFI_DROP,
5.6752,20,STA,WIFI_DROP,
5.6776,20,STA,WIFI_DROP,
5.68,20,STA,WIFI_DROP,
5.6824,20,STA,WIFI_DROP,
5.6848,20,STA,WIFI_DROP,
5.6872,20,STA,WIFI_DROP,
5.6896,20,STA,WIFI_DROP,
5.692,20,STA,WIFI_DROP,
5.6944,20,STA,WIFI_DROP,
5.6968,20,STA,WIFI_DROP,
5.6992,20,STA,WIFI_DROP,
5.7016,20,STA,WIFI_DROP,
5.704,20,STA,WIFI_DROP,
5.7064,20,STA,WIFI_DROP,
5.7088,20,STA,WIFI_DROP,
5.7112,20,STA,WIFI_DROP,
5.7136,20,STA,WIFI_DROP,
5.716,20,STA,WIFI_DROP,
5.7184,20,STA,WIFI_DROP,
5.7208,20,STA,WIFI_DROP,
5.7232,20,STA,WIFI_DROP,
5.7256,20,STA,WIFI_DROP,
5.728,20,STA,WIFI_DROP,
5.7304,20,STA,WIFI_DROP,
5.7328,20,STA,WIFI_DROP,
5.7352,20,STA,WIFI_DROP,
5.7376,20,STA,WIFI_DROP,
5.74,20,STA,WIFI_DROP,
5.7424,20,STA,WIFI_DROP,
5.7448,20,STA,WIFI_DROP,
5.7472,20,STA,WIFI_DROP,
5.7496,20,STA,WIFI_DROP,
5.752,20,STA,WIFI_DROP,
5.7544,20,STA,WIFI_DROP,
5.7568,20,STA,WIFI_DROP,
5.7592,20,STA,WIFI_DROP,
5.7616,20,STA,WIFI_DROP,
5.764,20,STA,WIFI_DROP,
5.7664,20,STA,WIFI_DROP,
5.7688,20,STA,WIFI_DROP,
5.7712,20,STA,WIFI_DROP,
5.7736,20,STA,WIFI_DROP,
5.776,20,STA,WIFI_DROP,
5.7784,20,STA,WIFI_DROP,
5.7808,20,STA,WIFI_DROP,
5.7832,20,STA,WIFI_DROP,
5.7856,20,STA,WIFI_DROP,
5.788,20,STA,WIFI_DROP,
5.7904,20,STA,WIFI_DROP,
5.7928,20,STA,WIFI_DROP,
5.7952,20,STA,WIFI_DROP,
5.7976,20,STA,WIFI_DROP,
5.8,20,STA,WIFI_DROP,
5.8024,20,STA,WIFI_DROP,
5.8048,20,STA,WIFI_DROP,
5.8072,20,STA,WIFI_DROP,
5.8096,20,STA,WIFI_DROP,
5.812,20,STA,WIFI_DROP,
5.8144,20,STA,WIFI_DROP,
5.8168,20,STA,WIFI_DROP,
5.8192,20,STA,WIFI_DROP,
5.8216,20,STA,WIFI_DROP,
5.824,20,STA,WIFI_DROP,
5.8264,20,STA,WIFI_DROP,
5.8288,20,STA,WIFI_DROP,
5.8312,20,STA,WIFI_DROP,
5.8336,20,STA,WIFI_DROP,
5.836,20,STA,WIFI_DROP,
5.8384,20,STA,WIFI_DROP,
5.8408,20,STA,WIFI_DROP,
5.8432,20,STA,WIFI_DROP,
5.8456,20,STA,WIFI_DROP,
5.848,20,STA,WIFI_DROP,
5.8504,20,STA,WIFI_DROP,
5.8528,20,STA,WIFI_DROP,
5.8552,20,STA,WIFI_DROP,
5.8576,20,STA,WIFI_DROP,
5.86,20,STA,WIFI_DROP,
5.8624,20,STA,WIFI_DROP,
5.8648,20,STA,WIFI_DROP,
5.8672,20,STA,WIFI_DROP,
5.8696,20,STA,WIFI_DROP,
5.872,20,STA,WIFI_DROP,
5.8744,20,STA,WIFI_DROP,
5.8768,20,STA,WIFI_DROP,
5.8792,20,STA,WIFI_DROP,
5.8816,20,STA,WIFI_DROP,
5.884,20,STA,WIFI_DROP,
5.8864,20,STA,WIFI_DROP,
5.8888,20,STA,WIFI_DROP,
5.8912,20,STA,WIFI_DROP,
5.8936,20,STA,WIFI_DROP,
5.896,20,STA,WIFI_DROP,
5.8984,20,STA,WIFI_DROP,
5.9008,20,STA,WIFI_DROP,
5.9032,20,STA,WIFI_DROP,
5.9056,20,STA,WIFI_DROP,
5.908,20,STA,WIFI_DROP,
5.9104,20,STA,WIFI_DROP,
5.9128,20,STA,WIFI_DROP,
5.9152,20,STA,WIFI_DROP,
5.9176,20,STA,WIFI_DROP,
5.92,20,STA,WIFI_DROP,
5.9224,20,STA,WIFI_DROP,
5.9248,20,STA,WIFI_DROP,
5.9272,20,STA,WIFI_DROP,
5.9296,20,STA,WIFI_DROP,
5.932,20,STA,WIFI_DROP,
5.9344,20,STA,WIFI_DROP,
5.9368,20,STA,WIFI_DROP,
5.9392,20,STA,WIFI_DROP,
5.9416,20,STA,WIFI_DROP,
5.944,20,STA,WIFI_DROP,
5.9464,20,STA,WIFI_DROP,
5.9488,20,STA,WIFI_DROP,
5.9512,20,STA,WIFI_DROP,
5.9536,20,STA,WIFI_DROP,
5.956,20,STA,WIFI_DROP,
5.9584,20,STA,WIFI_DROP,
5.9608,20,STA,WIFI_DROP,
5.9632,20,STA,WIFI_DROP,
5.9656,20,STA,WIFI_DROP,
5.968,20,STA,WIFI_DROP,
5.9704,20,STA,WIFI_DROP,
5.9728,20,STA,WIFI_DROP,
5.9752,20,STA,WIFI_DROP,
5.9776,20,STA,WIFI_DROP,
5.98,20,STA,WIFI_DROP,
5.9824,20,STA,WIFI_DROP,
5.9848,20,STA,WIFI_DROP,
5.9872,20,STA,WIFI_DROP,
5.9896,20,STA,WIFI_DROP,
5.992,20,STA,WIFI_DROP,
5.9944,20,STA,WIFI_DROP,
5.9968,20,STA,WIFI_DROP,
5.9992,20,STA,WIFI_DROP,
6,2,STA,THROUGHPUT_MBPS,1.656000
6,3,STA,THROUGHPUT_MBPS,6.744000
6,4,STA,THROUGHPUT_MBPS,2.580000
6,5,STA,THROUGHPUT_MBPS,0.732000
6,6,STA,THROUGHPUT_MBPS,2.664000
6,7,STA,THROUGHPUT_MBPS,0.876000
6,8,STA,THROUGHPUT_MBPS,3.936000
6,9,STA,THROUGHPUT_MBPS,2.784000
6,10,STA,THROUGHPUT_MBPS,2.424000
6,11,STA,THROUGHPUT_MBPS,3.228000
6,13,STA,THROUGHPUT_MBPS,2.868000
6,14,STA,THROUGHPUT_MBPS,4.116000
6,15,STA,THROUGHPUT_MBPS,1.728000
6,17,STA,THROUGHPUT_MBPS,1.524000
6,18,STA,THROUGHPUT_MBPS,2.316000
6,19,STA,THROUGHPUT_MBPS,4.980000
6,20,STA,THROUGHPUT_MBPS,0.024000
6,21,STA,THROUGHPUT_MBPS,4.464000
6,1,AP,AGGREGATE_THROUGHPUT_MBPS,49.644000
6,1,AP,SENT_COUNT,8340.000000
6,1,AP,RECV_COUNT,4137.000000
6,1,AP,LATENCY_P95_MS,543.263753
6.0016,20,STA,WIFI_DROP,
6.004,20,STA,WIFI_DROP,
6.0064,20,STA,WIFI_DROP,
6.0088,20,STA,WIFI_DROP,
6.0112,20,STA,WIFI_DROP,
6.0136,20,STA,WIFI_DROP,
6.016,20,STA,WIFI_DROP,
6.0184,20,STA,WIFI_DROP,
6.0208,20,STA,WIFI_DROP,
6.0232,20,STA,WIFI_DROP,
6.0256,20,STA,WIFI_DROP,
6.028,20,STA,WIFI_DROP,
6.0304,20,STA,WIFI_DROP,
6.0328,20,STA,WIFI_DROP,
6.0352,20,STA,WIFI_DROP,
6.0376,20,STA,WIFI_DROP,
6.04,20,STA,WIFI_DROP,
6.0424,20,STA,WIFI_DROP,
6.0448,20,STA,WIFI_DROP,
6.0472,20,STA,WIFI_DROP,
6.0496,20,STA,WIFI_DROP,
6.052,20,STA,WIFI_DROP,
6.0544,20,STA,WIFI_DROP,
6.0568,20,STA,WIFI_DROP,
6.0592,20,STA,WIFI_DROP,
6.0616,20,STA,WIFI_DROP,
6.064,20,STA,WIFI_DROP,
6.0664,20,STA,WIFI_DROP,
6.0688,20,STA,WIFI_DROP,
6.0712,20,STA,WIFI_DROP,
6.0736,20,STA,WIFI_DROP,
6.076,20,STA,WIFI_DROP,
6.0784,20,STA,WIFI_DROP,
6.0808,20,STA,WIFI_DROP,
6.0832,20,STA,WIFI_DROP,
6.0856,20,STA,WIFI_DROP,
6.088,20,STA,WIFI_DROP,
6.0904,20,STA,WIFI_DROP,
6.0928,20,STA,WIFI_DROP,
6.0952,20,STA,WIFI_DROP,
6.0976,20,STA,WIFI_DROP,
6.1,20,STA,WIFI_DROP,
6.1024,20,STA,WIFI_DROP,
6.1048,20,STA,WIFI_DROP,
6.1072,20,STA,WIFI_DROP,
6.1096,20,STA,WIFI_DROP,
6.112,20,STA,WIFI_DROP,
6.1144,20,STA,WIFI_DROP,
6.1168,20,STA,WIFI_DROP,
6.1192,20,STA,WIFI_DROP,
6.1216,20,STA,WIFI_DROP,
6.124,20,STA,WIFI_DROP,
6.1264,20,STA,WIFI_DROP,
6.1288,20,STA,WIFI_DROP,
6.1312,20,STA,WIFI_DROP,
6.1336,20,STA,WIFI_DROP,
6.136,20,STA,WIFI_DROP,
6.1384,13,STA,WIFI_DROP,
6.1384,20,STA,WIFI_DROP,
6.1408,13,STA,WIFI_DROP,
6.1408,20,STA,WIFI_DROP,
6.1432,13,STA,WIFI_DROP,
6.1432,20,STA,WIFI_DROP,
6.1456,13,STA,WIFI_DROP,
6.1456,20,STA,WIFI_DROP,
6.148,13,STA,WIFI_DROP,
6.148,20,STA,WIFI_DROP,
6.1504,13,STA,WIFI_DROP,
6.1504,20,STA,WIFI_DROP,
6.1528,13,STA,WIFI_DROP,
6.1528,20,STA,WIFI_DROP,
6.1552,13,STA,WIFI_DROP,
6.1552,20,STA,WIFI_DROP,
6.1576,13,STA,WIFI_DROP,
6.1576,20,STA,WIFI_DROP,
6.16,13,STA,WIFI_DROP,
6.16,20,STA,WIFI_DROP,
6.1624,13,STA,WIFI_DROP,
6.1624,20,STA,WIFI_DROP,
6.1648,13,STA,WIFI_DROP,
6.1648,20,STA,WIFI_DROP,
6.1672,13,STA,WIFI_DROP,
6.1672,20,STA,WIFI_DROP,
6.1696,13,STA,WIFI_DROP,
6.1696,20,STA,WIFI_DROP,
6.172,13,STA,WIFI_DROP,
6.172,20,STA,WIFI_DROP,
6.1744,13,STA,WIFI_DROP,
6.1744,20,STA,WIFI_DROP,
6.1768,13,STA,WIFI_DROP,
6.1768,20,STA,WIFI_DROP,
6.1792,13,STA,WIFI_DROP,
6.1792,20,STA,WIFI_DROP,
6.1816,13,STA,WIFI_DROP,
6.1816,20,STA,WIFI_DROP,
6.184,13,STA,WIFI_DROP,
6.184,20,STA,WIFI_DROP,
6.1864,13,STA,WIFI_DROP,
6.1864,20,STA,WIFI_DROP,
6.1888,13,STA,WIFI_DROP,
6.1888,20,STA,WIFI_DROP,
6.1912,13,STA,WIFI_DROP,
6.1912,20,STA,WIFI_DROP,
6.1936,13,STA,WIFI_DROP,
6.1936,20,STA,WIFI_DROP,
6.196,13,STA,WIFI_DROP,
6.196,20,STA,WIFI_DROP,
6.1984,13,STA,WIFI_DROP,
6.1984,20,STA,WIFI_DROP,
6.2008,13,STA,WIFI_DROP,
6.2008,20,STA,WIFI_DROP,
6.2032,13,STA,WIFI_DROP,
6.2032,20,STA,WIFI_DROP,
6.2056,13,STA,WIFI_DROP,
6.2056,20,STA,WIFI_DROP,
6.208,13,STA,WIFI_DROP,
6.208,20,STA,WIFI_DROP,
6.2104,13,STA,WIFI_DROP,
6.2104,20,STA,WIFI_DROP,
6.2128,13,STA,WIFI_DROP,
6.2128,20,STA,WIFI_DROP,
6.2152,13,STA,WIFI_DROP,
6.2152,20,STA,WIFI_DROP,
6.2176,13,STA,WIFI_DROP,
6.2176,20,STA,WIFI_DROP,
6.22,13,STA,WIFI_DROP,
6.22,20,STA,WIFI_DROP,
6.2224,13,STA,WIFI_DROP,
6.2224,20,STA,WIFI_DROP,
6.2248,13,STA,WIFI_DROP,
6.2248,20,STA,WIFI_DROP,
6.2272,13,STA,WIFI_DROP,
6.2272,20,STA,WIFI_DROP,
6.2296,13,STA,WIFI_DROP,
6.2296,20,STA,WIFI_DROP,
6.232,13,STA,WIFI_DROP,
6.232,20,STA,WIFI_DROP,
6.2344,13,STA,WIFI_DROP,
6.2344,20,STA,WIFI_DROP,
6.2368,13,STA,WIFI_DROP,
6.2368,20,STA,WIFI_DROP,
6.2392,20,STA,WIFI_DROP,
6.2416,20,STA,WIFI_DROP,
6.244,20,STA,WIFI_DROP,
6.2464,20,STA,WIFI_DROP,
6.2488,20,STA,WIFI_DROP,
6.2512,20,STA,WIFI_DROP,
6.2536,20,STA,WIFI_DROP,
6.256,20,STA,WIFI_DROP,
6.2584,20,STA,WIFI_DROP,
6.2608,20,STA,WIFI_DROP,
6.2632,20,STA,WIFI_DROP,
6.2656,20,STA,WIFI_DROP,
6.268,20,STA,WIFI_DROP,
6.2704,20,STA,WIFI_DROP,
6.2728,20,STA,WIFI_DROP,
6.2752,20,STA,WIFI_DROP,
6.2776,20,STA,WIFI_DROP,
6.28,20,STA,WIFI_DROP,
6.2824,20,STA,WIFI_DROP,
6.2848,20,STA,WIFI_DROP,
6.2872,20,STA,WIFI_DROP,
6.2896,20,STA,WIFI_DROP,
6.292,20,STA,WIFI_DROP,
6.2944,20,STA,WIFI_DROP,
6.2968,20,STA,WIFI_DROP,
6.2992,20,STA,WIFI_DROP,
6.3016,20,STA,WIFI_DROP,
6.304,20,STA,WIFI_DROP,
6.3064,20,STA,WIFI_DROP,
6.3088,20,STA,WIFI_DROP,
6.3112,20,STA,WIFI_DROP,
6.3136,20,STA,WIFI_DROP,
6.316,20,STA,WIFI_DROP,
6.3184,20,STA,WIFI_DROP,
6.3208,20,STA,WIFI_DROP,
6.3232,20,STA,WIFI_DROP,
6.3256,20,STA,WIFI_DROP,
6.328,20,STA,WIFI_DROP,
6.3304,20,STA,WIFI_DROP,
6.3328,20,STA,WIFI_DROP,
6.3352,20,STA,WIFI_DROP,
6.3376,20,STA,WIFI_DROP,
6.34,20,STA,WIFI_DROP,
6.3424,20,STA,WIFI_DROP,
6.3448,20,STA,WIFI_DROP,
6.3472,20,STA,WIFI_DROP,
6.3496,20,STA,WIFI_DROP,
6.352,20,STA,WIFI_DROP,
6.3544,20,STA,WIFI_DROP,
6.3568,20,STA,WIFI_DROP,
6.3592,20,STA,WIFI_DROP,
6.3616,20,STA,WIFI_DROP,
6.364,20,STA,WIFI_DROP,
6.3664,20,STA,WIFI_DROP,
6.3688,20,STA,WIFI_DROP,
6.3712,20,STA,WIFI_DROP,
6.3736,20,STA,WIFI_DROP,
6.376,20,STA,WIFI_DROP,
6.3784,20,STA,WIFI_DROP,
6.3808,20,STA,WIFI_DROP,
6.3832,20,STA,WIFI_DROP,
6.3856,20,STA,WIFI_DROP,
6.388,20,STA,WIFI_DROP,
6.3904,20,STA,WIFI_DROP,
6.3928,20,STA,WIFI_DROP,
6.3952,20,STA,WIFI_DROP,
6.3976,20,STA,WIFI_DROP,
6.4,20,STA,WIFI_DROP,
6.4024,20,STA,WIFI_DROP,
6.4048,20,STA,WIFI_DROP,
6.4072,20,STA,WIFI_DROP,
6.4096,20,STA,WIFI_DROP,
6.412,20,STA,WIFI_DROP,
6.4144,20,STA,WIFI_DROP,
6.4168,20,STA,WIFI_DROP,
6.4192,20,STA,WIFI_DROP,
6.4216,20,STA,WIFI_DROP,
6.4456,20,STA,WIFI_DROP,
6.448,20,STA,WIFI_DROP,
6.4504,20,STA,WIFI_DROP,
6.4528,20,STA,WIFI_DROP,
6.4552,20,STA,WIFI_DROP,
6.4576,20,STA,WIFI_DROP,
6.46,20,STA,WIFI_DROP,
6.4624,20,STA,WIFI_DROP,
6.4648,20,STA,WIFI_DROP,
6.4672,20,STA,WIFI_DROP,
6.4696,20,STA,WIFI_DROP,
6.472,20,STA,WIFI_DROP,
6.4744,20,STA,WIFI_DROP,
6.4768,20,STA,WIFI_DROP,
6.4792,20,STA,WIFI_DROP,
6.4816,20,STA,WIFI_DROP,
6.484,20,STA,WIFI_DROP,
6.4864,20,STA,WIFI_DROP,
6.4888,20,STA,WIFI_DROP,
6.4912,20,STA,WIFI_DROP,
6.4936,20,STA,WIFI_DROP,
6.496,20,STA,WIFI_DROP,
6.4984,20,STA,WIFI_DROP,
6.5008,20,STA,WIFI_DROP,
6.5032,20,STA,WIFI_DROP,
6.5056,20,STA,WIFI_DROP,
6.508,20,STA,WIFI_DROP,
6.5104,20,STA,WIFI_DROP,
6.5128,20,STA,WIFI_DROP,
6.5152,20,STA,WIFI_DROP,
6.5176,20,STA,WIFI_DROP,
6.52,20,STA,WIFI_DROP,
6.5224,20,STA,WIFI_DROP,
6.5248,20,STA,WIFI_DROP,
6.5272,20,STA,WIFI_DROP,
6.5296,20,STA,WIFI_DROP,
6.532,20,STA,WIFI_DROP,
6.5344,20,STA,WIFI_DROP,
6.5368,20,STA,WIFI_DROP,
6.5392,20,STA,WIFI_DROP,
6.5416,20,STA,WIFI_DROP,
6.544,20,STA,WIFI_DROP,
6.5464,20,STA,WIFI_DROP,
6.5488,20,STA,WIFI_DROP,
6.5512,20,STA,WIFI_DROP,
6.5536,20,STA,WIFI_DROP,
6.556,20,STA,WIFI_DROP,
6.5584,20,STA,WIFI_DROP,
6.5608,20,STA,WIFI_DROP,
6.5632,20,STA,WIFI_DROP,
6.5656,20,STA,WIFI_DROP,
6.568,20,STA,WIFI_DROP,
6.5704,20,STA,WIFI_DROP,
6.5728,20,STA,WIFI_DROP,
6.5752,20,STA,WIFI_DROP,
6.5776,20,STA,WIFI_DROP,
6.58,20,STA,WIFI_DROP,
6.5824,20,STA,WIFI_DROP,
6.5848,20,STA,WIFI_DROP,
6.5872,20,STA,WIFI_DROP,
6.5896,20,STA,WIFI_DROP,
6.592,20,STA,WIFI_DROP,
6.5944,20,STA,WIFI_DROP,
6.5968,20,STA,WIFI_DROP,
6.5992,20,STA,WIFI_DROP,
7,2,STA,THROUGHPUT_MBPS,5.160000
7,3,STA,THROUGHPUT_MBPS,3.936000
7,4,STA,THROUGHPUT_MBPS,2.388000
7,5,STA,THROUGHPUT_MBPS,3.864000
7,6,STA,THROUGHPUT_MBPS,1.848000
7,7,STA,THROUGHPUT_MBPS,2.184000
7,8,STA,THROUGHPUT_MBPS,2.760000
7,9,STA,THROUGHPUT_MBPS,1.452000
7,10,STA,THROUGHPUT_MBPS,2.256000
7,11,STA,THROUGHPUT_MBPS,0.840000
7,13,STA,THROUGHPUT_MBPS,4.284000
7,14,STA,THROUGHPUT_MBPS,2.844000
7,15,STA,THROUGHPUT_MBPS,2.640000
7,16,STA,THROUGHPUT_MBPS,3.348000
7,17,STA,THROUGHPUT_MBPS,3.648000
7,18,STA,THROUGHPUT_MBPS,2.256000
7,19,STA,THROUGHPUT_MBPS,2.628000
7,20,STA,THROUGHPUT_MBPS,0.804000
7,21,STA,THROUGHPUT_MBPS,1.176000
7,1,AP,AGGREGATE_THROUGHPUT_MBPS,50.316000
7,1,AP,SENT_COUNT,8320.000000
7,1,AP,RECV_COUNT,4193.000000
7,1,AP,LATENCY_P95_MS,541.696973
7.2688,5,STA,WIFI_DROP,
7.2712,5,STA,WIFI_DROP,
7.2736,5,STA,WIFI_DROP,
7.276,5,STA,WIFI_DROP,
7.2784,5,STA,WIFI_DROP,
7.2808,5,STA,WIFI_DROP,
7.2832,5,STA,WIFI_DROP,
7.2856,5,STA,WIFI_DROP,
7.288,5,STA,WIFI_DROP,
7.2904,5,STA,WIFI_DROP,
7.2928,5,STA,WIFI_DROP,
7.2952,5,STA,WIFI_DROP,
7.2976,5,STA,WIFI_DROP,
7.3,5,STA,WIFI_DROP,
7.3024,5,STA,WIFI_DROP,
7.3048,5,STA,WIFI_DROP,
7.3072,5,STA,WIFI_DROP,
7.3096,5,STA,WIFI_DROP,
7.312,5,STA,WIFI_DROP,
7.3144,5,STA,WIFI_DROP,
7.3168,5,STA,WIFI_DROP,
7.3192,5,STA,WIFI_DROP,
7.3216,5,STA,WIFI_DROP,
7.324,5,STA,WIFI_DROP,
7.3264,5,STA,WIFI_DROP,
7.3288,5,STA,WIFI_DROP,
7.3312,5,STA,WIFI_DROP,
7.3336,5,STA,WIFI_DROP,
7.336,5,STA,WIFI_DROP,
7.3384,5,STA,WIFI_DROP,
7.3408,5,STA,WIFI_DROP,
7.3432,5,STA,WIFI_DROP,
7.3456,5,STA,WIFI_DROP,
7.348,5,STA,WIFI_DROP,
7.3504,5,STA,WIFI_DROP,
7.3528,5,STA,WIFI_DROP,
7.3552,5,STA,WIFI_DROP,
7.3576,5,STA,WIFI_DROP,
7.36,5,STA,WIFI_DROP,
7.3624,5,STA,WIFI_DROP,
7.3648,5,STA,WIFI_DROP,
7.3672,5,STA,WIFI_DROP,
7.3696,5,STA,WIFI_DROP,
7.372,5,STA,WIFI_DROP,
7.3744,5,STA,WIFI_DROP,
7.3768,5,STA,WIFI_DROP,
7.3792,5,STA,WIFI_DROP,
7.3816,5,STA,WIFI_DROP,
7.384,5,STA,WIFI_DROP,
7.3864,5,STA,WIFI_DROP,
7.3888,5,STA,WIFI_DROP,
7.3912,5,STA,WIFI_DROP,
7.3936,5,STA,WIFI_DROP,
7.396,5,STA,WIFI_DROP,
7.3984,5,STA,WIFI_DROP,
7.4008,5,STA,WIFI_DROP,
7.4032,5,STA,WIFI_DROP,
7.4056,5,STA,WIFI_DROP,
7.408,5,STA,WIFI_DROP,
7.4104,5,STA,WIFI_DROP,
7.4128,5,STA,WIFI_DROP,
7.4152,5,STA,WIFI_DROP,
7.4176,5,STA,WIFI_DROP,
7.42,5,STA,WIFI_DROP,
7.4224,5,STA,WIFI_DROP,
7.4248,5,STA,WIFI_DROP,
7.4272,5,STA,WIFI_DROP,
7.4296,5,STA,WIFI_DROP,
7.432,5,STA,WIFI_DROP,
7.4344,5,STA,WIFI_DROP,
7.4368,5,STA,WIFI_DROP,
7.4392,5,STA,WIFI_DROP,
7.4416,5,STA,WIFI_DROP,
7.444,5,STA,WIFI_DROP,
7.4464,5,STA,WIFI_DROP,
7.4488,5,STA,WIFI_DROP,
7.4512,5,STA,WIFI_DROP,
7.4536,5,STA,WIFI_DROP,
7.456,5,STA,WIFI_DROP,
7.4584,5,STA,WIFI_DROP,
7.4608,5,STA,WIFI_DROP,
7.4632,5,STA,WIFI_DROP,
7.4656,5,STA,WIFI_DROP,
7.468,5,STA,WIFI_DROP,
7.4704,5,STA,WIFI_DROP,
7.4728,5,STA,WIFI_DROP,
7.4752,5,STA,WIFI_DROP,
7.4776,5,STA,WIFI_DROP,
7.48,5,STA,WIFI_DROP,
7.4824,5,STA,WIFI_DROP,
7.4848,5,STA,WIFI_DROP,
7.4872,5,STA,WIFI_DROP,
7.4896,5,STA,WIFI_DROP,
7.492,5,STA,WIFI_DROP,
7.4944,5,STA,WIFI_DROP,
7.4968,5,STA,WIFI_DROP,
7.4992,5,STA,WIFI_DROP,
7.5016,5,STA,WIFI_DROP,
7.504,5,STA,WIFI_DROP,
7.5064,5,STA,WIFI_DROP,
7.5088,5,STA,WIFI_DROP,
7.5112,5,STA,WIFI_DROP,
7.5136,5,STA,WIFI_DROP,
7.516,5,STA,WIFI_DROP,
7.5184,5,STA,WIFI_DROP,
7.5208,5,STA,WIFI_DROP,
7.5232,5,STA,WIFI_DROP,
7.5256,5,STA,WIFI_DROP,
7.528,5,STA,WIFI_DROP,
7.5304,5,STA,WIFI_DROP,
7.5328,5,STA,WIFI_DROP,
7.5352,5,STA,WIFI_DROP,
7.5376,5,STA,WIFI_DROP,
7.54,5,STA,WIFI_DROP,
7.5424,5,STA,WIFI_DROP,
7.5448,5,STA,WIFI_DROP,
7.5472,5,STA,WIFI_DROP,
7.5496,5,STA,WIFI_DROP,
7.552,5,STA,WIFI_DROP,
7.5544,5,STA,WIFI_DROP,
7.5568,5,STA,WIFI_DROP,
7.5592,5,STA,WIFI_DROP,
7.5616,5,STA,WIFI_DROP,
7.564,5,STA,WIFI_DROP,
7.5664,5,STA,WIFI_DROP,
7.5688,5,STA,WIFI_DROP,
7.5712,5,STA,WIFI_DROP,
7.5736,5,STA,WIFI_DROP,
7.576,5,STA,WIFI_DROP,
7.5784,5,STA,WIFI_DROP,
7.5808,5,STA,WIFI_DROP,
7.5832,5,STA,WIFI_DROP,
7.5856,5,STA,WIFI_DROP,
7.588,5,STA,WIFI_DROP,
7.5904,5,STA,WIFI_DROP,
7.5928,5,STA,WIFI_DROP,
7.5952,5,STA,WIFI_DROP,
7.5976,5,STA,WIFI_DROP,
7.6,5,STA,WIFI_DROP,
7.6024,5,STA,WIFI_DROP,
7.6048,5,STA,WIFI_DROP,
7.6072,5,STA,WIFI_DROP,
7.6096,5,STA,WIFI_DROP,
7.612,5,STA,WIFI_DROP,
7.6144,5,STA,WIFI_DROP,
7.6168,5,STA,WIFI_DROP,
7.6192,5,STA,WIFI_DROP,
7.6216,5,STA,WIFI_DROP,
7.624,5,STA,WIFI_DROP,
7.6264,5,STA,WIFI_DROP,
7.6288,5,STA,WIFI_DROP,
7.6312,5,STA,WIFI_DROP,
7.6336,5,STA,WIFI_DROP,
7.636,5,STA,WIFI_DROP,
7.6384,5,STA,WIFI_DROP,
7.6408,5,STA,WIFI_DROP,
7.6432,5,STA,WIFI_DROP,
7.6456,5,STA,WIFI_DROP,
7.648,5,STA,WIFI_DROP,
7.6504,5,STA,WIFI_DROP,
7.6528,5,STA,WIFI_DROP,
7.6552,5,STA,WIFI_DROP,
7.6576,5,STA,WIFI_DROP,
7.66,5,STA,WIFI_DROP,
7.6624,5,STA,WIFI_DROP,
7.6648,5,STA,WIFI_DROP,
7.6672,5,STA,WIFI_DROP,
7.6696,5,STA,WIFI_DROP,
7.672,5,STA,WIFI_DROP,
7.6744,5,STA,WIFI_DROP,
7.6768,5,STA,WIFI_DROP,
7.6792,5,STA,WIFI_DROP,
7.6816,5,STA,WIFI_DROP,
7.684,5,STA,WIFI_DROP,
7.6864,5,STA,WIFI_DROP,
7.6888,5,STA,WIFI_DROP,
7.6912,5,STA,WIFI_DROP,
7.6936,5,STA,WIFI_DROP,
7.696,5,STA,WIFI_DROP,
7.6984,5,STA,WIFI_DROP,
7.7008,5,STA,WIFI_DROP,
7.7032,5,STA,WIFI_DROP,
7.7056,5,STA,WIFI_DROP,
7.708,5,STA,WIFI_DROP,
7.7104,5,STA,WIFI_DROP,
7.7128,5,STA,WIFI_DROP,
7.7152,5,STA,WIFI_DROP,
7.7176,5,STA,WIFI_DROP,
7.72,5,STA,WIFI_DROP,
7.7224,5,STA,WIFI_DROP,
7.7248,5,STA,WIFI_DROP,
7.7272,5,STA,WIFI_DROP,
7.7296,5,STA,WIFI_DROP,
7.732,5,STA,WIFI_DROP,
7.7344,5,STA,WIFI_DROP,
7.7368,5,STA,WIFI_DROP,
7.7392,5,STA,WIFI_DROP,
7.7416,5,STA,WIFI_DROP,
7.744,5,STA,WIFI_DROP,
7.7464,5,STA,WIFI_DROP,
7.7488,5,STA,WIFI_DROP,
7.7512,5,STA,WIFI_DROP,
7.7536,5,STA,WIFI_DROP,
7.756,5,STA,WIFI_DROP,
7.7584,5,STA,WIFI_DROP,
7.7608,5,STA,WIFI_DROP,
7.7632,5,STA,WIFI_DROP,
7.7656,5,STA,WIFI_DROP,
7.768,5,STA,WIFI_DROP,
7.7704,5,STA,WIFI_DROP,
7.7728,5,STA,WIFI_DROP,
7.7752,5,STA,WIFI_DROP,
7.7776,5,STA,WIFI_DROP,
7.78,5,STA,WIFI_DROP,
7.7824,5,STA,WIFI_DROP,
7.7848,5,STA,WIFI_DROP,
7.7872,5,STA,WIFI_DROP,
7.7896,5,STA,WIFI_DROP,
7.792,5,STA,WIFI_DROP,
7.7944,5,STA,WIFI_DROP,
7.7968,5,STA,WIFI_DROP,
7.7992,5,STA,WIFI_DROP,
7.8016,5,STA,WIFI_DROP,
7.804,5,STA,WIFI_DROP,
7.8064,5,STA,WIFI_DROP,
7.8088,5,STA,WIFI_DROP,
7.8112,5,STA,WIFI_DROP,
7.8136,5,STA,WIFI_DROP,
7.816,5,STA,WIFI_DROP,
7.8184,5,STA,WIFI_DROP,
7.8208,5,STA,WIFI_DROP,
7.8232,5,STA,WIFI_DROP,
7.8256,5,STA,WIFI_DROP,
7.828,5,STA,WIFI_DROP,
7.8304,5,STA,WIFI_DROP,
7.8328,5,STA,WIFI_DROP,
7.8352,5,STA,WIFI_DROP,
7.8376,5,STA,WIFI_DROP,
7.84,5,STA,WIFI_DROP,
7.8424,5,STA,WIFI_DROP,
7.8448,5,STA,WIFI_DROP,
7.8472,5,STA,WIFI_DROP,
7.8496,5,STA,WIFI_DROP,
7.852,5,STA,WIFI_DROP,
7.8544,5,STA,WIFI_DROP,
7.8568,5,STA,WIFI_DROP,
7.8592,5,STA,WIFI_DROP,
7.8616,5,STA,WIFI_DROP,
7.864,5,STA,WIFI_DROP,
7.8664,5,STA,WIFI_DROP,
7.8688,5,STA,WIFI_DROP,
7.8712,5,STA,WIFI_DROP,
7.8736,5,STA,WIFI_DROP,
7.876,5,STA,WIFI_DROP,
7.8784,5,STA,WIFI_DROP,
7.8808,5,STA,WIFI_DROP,
7.8832,5,STA,WIFI_DROP,
7.8856,5,STA,WIFI_DROP,
7.888,5,STA,WIFI_DROP,
7.8904,5,STA,WIFI_DROP,
7.8928,5,STA,WIFI_DROP,
7.8952,5,STA,WIFI_DROP,
7.8976,5,STA,WIFI_DROP,
7.9,5,STA,WIFI_DROP,
7.9024,5,STA,WIFI_DROP,
7.9048,5,STA,WIFI_DROP,
7.9072,5,STA,WIFI_DROP,
7.9096,5,STA,WIFI_DROP,
7.912,5,STA,WIFI_DROP,
7.9144,5,STA,WIFI_DROP,
7.9168,5,STA,WIFI_DROP,
7.9192,5,STA,WIFI_DROP,
7.9216,5,STA,WIFI_DROP,
7.924,5,STA,WIFI_DROP,
7.9264,5,STA,WIFI_DROP,
7.9288,5,STA,WIFI_DROP,
7.9312,5,STA,WIFI_DROP,
7.9336,5,STA,WIFI_DROP,
7.936,5,STA,WIFI_DROP,
7.9384,5,STA,WIFI_DROP,
7.9408,5,STA,WIFI_DROP,
7.9432,5,STA,WIFI_DROP,
7.9456,5,STA,WIFI_DROP,
7.948,5,STA,WIFI_DROP,
7.9504,5,STA,WIFI_DROP,
7.9528,5,STA,WIFI_DROP,
7.9552,5,STA,WIFI_DROP,
7.9576,5,STA,WIFI_DROP,
7.96,5,STA,WIFI_DROP,
7.9624,5,STA,WIFI_DROP,
7.9648,5,STA,WIFI_DROP,
7.9672,5,STA,WIFI_DROP,
7.9696,5,STA,WIFI_DROP,
7.972,5,STA,WIFI_DROP,
7.9744,5,STA,WIFI_DROP,
7.9768,5,STA,WIFI_DROP,
7.9792,5,STA,WIFI_DROP,
7.9816,5,STA,WIFI_DROP,
7.984,5,STA,WIFI_DROP,
7.9864,5,STA,WIFI_DROP,
7.9888,5,STA,WIFI_DROP,
7.9912,5,STA,WIFI_DROP,
7.9936,5,STA,WIFI_DROP,
7.996,5,STA,WIFI_DROP,
7.9984,5,STA,WIFI_DROP,
8,2,STA,THROUGHPUT_MBPS,3.876000
8,3,STA,THROUGHPUT_MBPS,5.340000
8,4,STA,THROUGHPUT_MBPS,2.304000
8,5,STA,THROUGHPUT_MBPS,0.888000
8,6,STA,THROUGHPUT_MBPS,2.952000
8,7,STA,THROUGHPUT_MBPS,0.804000
8,8,STA,THROUGHPUT_MBPS,4.884000
8,9,STA,THROUGHPUT_MBPS,4.860000
8,10,STA,THROUGHPUT_MBPS,1.260000
8,11,STA,THROUGHPUT_MBPS,2.304000
8,13,STA,THROUGHPUT_MBPS,3.504000
8,14,STA,THROUGHPUT_MBPS,4.356000
8,15,STA,THROUGHPUT_MBPS,1.320000
8,16,STA,THROUGHPUT_MBPS,4.284000
8,17,STA,THROUGHPUT_MBPS,2.460000
8,18,STA,THROUGHPUT_MBPS,1.344000
8,19,STA,THROUGHPUT_MBPS,2.256000
8,20,STA,THROUGHPUT_MBPS,4.692000
8,21,STA,THROUGHPUT_MBPS,3.192000
8,1,AP,AGGREGATE_THROUGHPUT_MBPS,56.880000
8,1,AP,SENT_COUNT,8340.000000
8,1,AP,RECV_COUNT,4740.000000
8,1,AP,LATENCY_P95_MS,545.800398
8.0008,5,STA,WIFI_DROP,
8.0032,5,STA,WIFI_DROP,
8.0056,5,STA,WIFI_DROP,
8.008,5,STA,WIFI_DROP,
8.0104,5,STA,WIFI_DROP,
8.0128,5,STA,WIFI_DROP,
8.0152,5,STA,WIFI_DROP,
8.0176,5,STA,WIFI_DROP,
8.02,5,STA,WIFI_DROP,
8.0224,5,STA,WIFI_DROP,
8.0248,5,STA,WIFI_DROP,
8.0272,5,STA,WIFI_DROP,
8.0296,5,STA,WIFI_DROP,
8.032,5,STA,WIFI_DROP,
8.0344,5,STA,WIFI_DROP,
8.0368,5,STA,WIFI_DROP,
8.0392,5,STA,WIFI_DROP,
8.0416,5,STA,WIFI_DROP,
8.044,5,STA,WIFI_DROP,
8.0464,5,STA,WIFI_DROP,
8.0488,5,STA,WIFI_DROP,
8.0512,5,STA,WIFI_DROP,
8.0536,5,STA,WIFI_DROP,
8.056,5,STA,WIFI_DROP,
8.0584,5,STA,WIFI_DROP,
8.0608,5,STA,WIFI_DROP,
8.0632,5,STA,WIFI_DROP,
8.0656,5,STA,WIFI_DROP,
8.068,5,STA,WIFI_DROP,
8.0704,5,STA,WIFI_DROP,
8.0728,5,STA,WIFI_DROP,
8.0752,5,STA,WIFI_DROP,
8.0776,5,STA,WIFI_DROP,
8.08,5,STA,WIFI_DROP,
8.0824,5,STA,WIFI_DROP,
8.0824,19,STA,WIFI_DROP,
8.0848,5,STA,WIFI_DROP,
8.0848,19,STA,WIFI_DROP,
8.0872,5,STA,WIFI_DROP,
8.0872,19,STA,WIFI_DROP,
8.0896,5,STA,WIFI_DROP,
8.0896,19,STA,WIFI_DROP,
8.092,5,STA,WIFI_DROP,
8.092,19,STA,WIFI_DROP,
8.0944,5,STA,WIFI_DROP,
8.0944,19,STA,WIFI_DROP,
8.0968,5,STA,WIFI_DROP,
8.0968,19,STA,WIFI_DROP,
8.0992,5,STA,WIFI_DROP,
8.0992,19,STA,WIFI_DROP,
8.1016,5,STA,WIFI_DROP,
8.1016,19,STA,WIFI_DROP,
8.104,5,STA,WIFI_DROP,
8.104,19,STA,WIFI_DROP,
8.1064,5,STA,WIFI_DROP,
8.1064,19,STA,WIFI_DROP,
8.1088,5,STA,WIFI_DROP,
8.1088,19,STA,WIFI_DROP,
8.1112,5,STA,WIFI_DROP,
8.1112,19,STA,WIFI_DROP,
8.1136,5,STA,WIFI_DROP,
8.1136,19,STA,WIFI_DROP,
8.116,5,STA,WIFI_DROP,
8.116,19,STA,WIFI_DROP,
8.1184,5,STA,WIFI_DROP,
8.1184,19,STA,WIFI_DROP,
8.1208,5,STA,WIFI_DROP,
8.1208,19,STA,WIFI_DROP,
8.1232,5,STA,WIFI_DROP,
8.1232,19,STA,WIFI_DROP,
8.1256,5,STA,WIFI_DROP,
8.1256,19,STA,WIFI_DROP,
8.128,5,STA,WIFI_DROP,
8.128,19,STA,WIFI_DROP,
8.1304,5,STA,WIFI_DROP,
8.1304,19,STA,WIFI_DROP,
8.1328,5,STA,WIFI_DROP,
8.1328,19,STA,WIFI_DROP,
8.1352,5,STA,WIFI_DROP,
8.1352,19,STA,WIFI_DROP,
8.1376,5,STA,WIFI_DROP,
8.1376,19,STA,WIFI_DROP,
8.14,5,STA,WIFI_DROP,
8.14,19,STA,WIFI_DROP,
8.1424,5,STA,WIFI_DROP,
8.1424,19,STA,WIFI_DROP,
8.1448,5,STA,WIFI_DROP,
8.1448,19,STA,WIFI_DROP,
8.1472,5,STA,WIFI_DROP,
8.1472,19,STA,WIFI_DROP,
8.1496,5,STA,WIFI_DROP,
8.1496,19,STA,WIFI_DROP,
8.152,5,STA,WIFI_DROP,
8.152,19,STA,WIFI_DROP,
8.1544,5,STA,WIFI_DROP,
8.1544,19,STA,WIFI_DROP,
8.1568,5,STA,WIFI_DROP,
8.1568,19,STA,WIFI_DROP,
8.1592,5,STA,WIFI_DROP,
8.1592,19,STA,WIFI_DROP,
8.1616,5,STA,WIFI_DROP,
8.1616,19,STA,WIFI_DROP,
8.164,5,STA,WIFI_DROP,
8.164,19,STA,WIFI_DROP,
8.1664,5,STA,WIFI_DROP,
8.1664,19,STA,WIFI_DROP,
8.1688,5,STA,WIFI_DROP,
8.1688,19,STA,WIFI_DROP,
8.1712,5,STA,WIFI_DROP,
8.1712,19,STA,WIFI_DROP,
8.1736,5,STA,WIFI_DROP,
8.1736,19,STA,WIFI_DROP,
8.176,5,STA,WIFI_DROP,
8.176,19,STA,WIFI_DROP,
8.1784,5,STA,WIFI_DROP,
8.1784,19,STA,WIFI_DROP,
8.1808,5,STA,WIFI_DROP,
8.1808,19,STA,WIFI_DROP,
8.1832,5,STA,WIFI_DROP,
8.1832,19,STA,WIFI_DROP,
8.1856,5,STA,WIFI_DROP,
8.1856,18,STA,WIFI_DROP,
8.1856,19,STA,WIFI_DROP,
8.188,5,STA,WIFI_DROP,
8.188,18,STA,WIFI_DROP,
8.188,19,STA,WIFI_DROP,
8.1904,5,STA,WIFI_DROP,
8.1904,18,STA,WIFI_DROP,
8.1904,19,STA,WIFI_DROP,
8.1928,5,STA,WIFI_DROP,
8.1928,18,STA,WIFI_DROP,
8.1928,19,STA,WIFI_DROP,
8.1952,5,STA,WIFI_DROP,
8.1952,18,STA,WIFI_DROP,
8.1952,19,STA,WIFI_DROP,
8.1976,5,STA,WIFI_DROP,
8.1976,18,STA,WIFI_DROP,
8.1976,19,STA,WIFI_DROP,
8.2,5,STA,WIFI_DROP,
8.2,18,STA,WIFI_DROP,
8.2,19,STA,WIFI_DROP,
8.2024,5,STA,WIFI_DROP,
8.2024,18,STA,WIFI_DROP,
8.2024,19,STA,WIFI_DROP,
8.2048,5,STA,WIFI_DROP,
8.2048,18,STA,WIFI_DROP,
8.2048,19,STA,WIFI_DROP,
8.2072,5,STA,WIFI_DROP,
8.2072,18,STA,WIFI_DROP,
8.2072,19,STA,WIFI_DROP,
8.2096,5,STA,WIFI_DROP,
8.2096,18,STA,WIFI_DROP,
8.2096,19,STA,WIFI_DROP,
8.212,5,STA,WIFI_DROP,
8.212,18,STA,WIFI_DROP,
8.212,19,STA,WIFI_DROP,
8.2144,5,STA,WIFI_DROP,
8.2144,18,STA,WIFI_DROP,
8.2144,19,STA,WIFI_DROP,
8.2168,5,STA,WIFI_DROP,
8.2168,18,STA,WIFI_DROP,
8.2168,19,STA,WIFI_DROP,
8.2192,5,STA,WIFI_DROP,
8.2192,18,STA,WIFI_DROP,
8.2192,19,STA,WIFI_DROP,
8.2216,5,STA,WIFI_DROP,
8.2216,18,STA,WIFI_DROP,
8.2216,19,STA,WIFI_DROP,
8.224,5,STA,WIFI_DROP,
8.224,18,STA,WIFI_DROP,
8.224,19,STA,WIFI_DROP,
8.2264,5,STA,WIFI_DROP,
8.2264,18,STA,WIFI_DROP,
8.2264,19,STA,WIFI_DROP,
8.2288,5,STA,WIFI_DROP,
8.2288,18,STA,WIFI_DROP,
8.2288,19,STA,WIFI_DROP,
8.2312,5,STA,WIFI_DROP,
8.2312,18,STA,WIFI_DROP,
8.2312,19,STA,WIFI_DROP,
8.2336,5,STA,WIFI_DROP,
8.2336,18,STA,WIFI_DROP,
8.2336,19,STA,WIFI_DROP,
8.236,5,STA,WIFI_DROP,
8.236,18,STA,WIFI_DROP,
8.236,19,STA,WIFI_DROP,
8.2384,5,STA,WIFI_DROP,
8.2384,18,STA,WIFI_DROP,
8.2384,19,STA,WIFI_DROP,
8.2408,5,STA,WIFI_DROP,
8.2408,18,STA,WIFI_DROP,
8.2408,19,STA,WIFI_DROP,
8.2432,5,STA,WIFI_DROP,
8.2432,18,STA,WIFI_DROP,
8.2432,19,STA,WIFI_DROP,
8.2456,5,STA,WIFI_DROP,
8.2456,18,STA,WIFI_DROP,
8.2456,19,STA,WIFI_DROP,
8.248,5,STA,WIFI_DROP,
8.248,18,STA,WIFI_DROP,
8.248,19,STA,WIFI_DROP,
8.2504,5,STA,WIFI_DROP,
8.2504,18,STA,WIFI_DROP,
8.2504,19,STA,WIFI_DROP,
8.2528,5,STA,WIFI_DROP,
8.2528,18,STA,WIFI_DROP,
8.2528,19,STA,WIFI_DROP,
8.2552,5,STA,WIFI_DROP,
8.2552,18,STA,WIFI_DROP,
8.2552,19,STA,WIFI_DROP,
8.2576,5,STA,WIFI_DROP,
8.2576,18,STA,WIFI_DROP,
8.2576,19,STA,WIFI_DROP,
8.26,5,STA,WIFI_DROP,
8.26,18,STA,WIFI_DROP,
8.26,19,STA,WIFI_DROP,
8.2624,5,STA,WIFI_DROP,
8.2624,18,STA,WIFI_DROP,
8.2624,19,STA,WIFI_DROP,
8.2648,5,STA,WIFI_DROP,
8.2648,18,STA,WIFI_DROP,
8.2648,19,STA,WIFI_DROP,
8.2672,5,STA,WIFI_DROP,
8.2672,18,STA,WIFI_DROP,
8.2672,19,STA,WIFI_DROP,
8.2696,5,STA,WIFI_DROP,
8.2696,18,STA,WIFI_DROP,
8.2696,19,STA,WIFI_DROP,
8.272,5,STA,WIFI_DROP,
8.272,18,STA,WIFI_DROP,
8.272,19,STA,WIFI_DROP,
8.2744,5,STA,WIFI_DROP,
8.2744,18,STA,WIFI_DROP,
8.2744,19,STA,WIFI_DROP,
8.2768,5,STA,WIFI_DROP,
8.2768,18,STA,WIFI_DROP,
8.2768,19,STA,WIFI_DROP,
8.2792,5,STA,WIFI_DROP,
8.2792,18,STA,WIFI_DROP,
8.2792,19,STA,WIFI_DROP,
8.2816,5,STA,WIFI_DROP,
8.2816,18,STA,WIFI_DROP,
8.2816,19,STA,WIFI_DROP,
8.284,5,STA,WIFI_DROP,
8.284,18,STA,WIFI_DROP,
8.284,19,STA,WIFI_DROP,
8.2864,5,STA,WIFI_DROP,
8.2864,18,STA,WIFI_DROP,
8.2864,19,STA,WIFI_DROP,
8.2888,5,STA,WIFI_DROP,
8.2888,18,STA,WIFI_DROP,
8.2888,19,STA,WIFI_DROP,
8.2912,5,STA,WIFI_DROP,
8.2912,18,STA,WIFI_DROP,
8.2912,19,STA,WIFI_DROP,
8.2936,5,STA,WIFI_DROP,
8.2936,18,STA,WIFI_DROP,
8.2936,19,STA,WIFI_DROP,
8.296,5,STA,WIFI_DROP,
8.296,18,STA,WIFI_DROP,
8.296,19,STA,WIFI_DROP,
8.2984,5,STA,WIFI_DROP,
8.2984,18,STA,WIFI_DROP,
8.2984,19,STA,WIFI_DROP,
8.3008,5,STA,WIFI_DROP,
8.3008,18,STA,WIFI_DROP,
8.3008,19,STA,WIFI_DROP,
8.3032,5,STA,WIFI_DROP,
8.3032,18,STA,WIFI_DROP,
8.3032,19,STA,WIFI_DROP,
8.3056,5,STA,WIFI_DROP,
8.3056,18,STA,WIFI_DROP,
8.3056,19,STA,WIFI_DROP,
8.308,5,STA,WIFI_DROP,
8.308,18,STA,WIFI_DROP,
8.308,19,STA,WIFI_DROP,
8.3104,5,STA,WIFI_DROP,
8.3104,18,STA,WIFI_DROP,
8.3104,19,STA,WIFI_DROP,
8.3128,5,STA,WIFI_DROP,
8.3128,18,STA,WIFI_DROP,
8.3128,19,STA,WIFI_DROP,
8.3152,5,STA,WIFI_DROP,
8.3152,18,STA,WIFI_DROP,
8.3152,19,STA,WIFI_DROP,
8.3176,5,STA,WIFI_DROP,
8.3176,18,STA,WIFI_DROP,
8.3176,19,STA,WIFI_DROP,
8.32,5,STA,WIFI_DROP,
8.32,18,STA,WIFI_DROP,
8.32,19,STA,WIFI_DROP,
8.3224,5,STA,WIFI_DROP,
8.3224,18,STA,WIFI_DROP,
8.3224,19,STA,WIFI_DROP,
8.3248,5,STA,WIFI_DROP,
8.3248,18,STA,WIFI_DROP,
8.3248,19,STA,WIFI_DROP,
8.3272,5,STA,WIFI_DROP,
8.3272,18,STA,WIFI_DROP,
8.3272,19,STA,WIFI_DROP,
8.3296,5,STA,WIFI_DROP,
8.3296,18,STA,WIFI_DROP,
8.3296,19,STA,WIFI_DROP,
8.332,5,STA,WIFI_DROP,
8.332,18,STA,WIFI_DROP,
8.332,19,STA,WIFI_DROP,
8.3344,5,STA,WIFI_DROP,
8.3344,18,STA,WIFI_DROP,
8.3368,5,STA,WIFI_DROP,
8.3368,18,STA,WIFI_DROP,
8.3392,5,STA,WIFI_DROP,
8.3392,18,STA,WIFI_DROP,
8.3416,5,STA,WIFI_DROP,
8.3416,18,STA,WIFI_DROP,
8.344,5,STA,WIFI_DROP,
8.344,18,STA,WIFI_DROP,
8.3464,5,STA,WIFI_DROP,
8.3464,18,STA,WIFI_DROP,
8.3488,5,STA,WIFI_DROP,
8.3488,18,STA,WIFI_DROP,
8.3512,5,STA,WIFI_DROP,
8.3512,18,STA,WIFI_DROP,
8.3536,5,STA,WIFI_DROP,
8.3536,18,STA,WIFI_DROP,
8.356,5,STA,WIFI_DROP,
8.356,18,STA,WIFI_DROP,
8.3584,5,STA,WIFI_DROP,
8.3584,18,STA,WIFI_DROP,
8.3608,5,STA,WIFI_DROP,
8.3608,18,STA,WIFI_DROP,
8.3632,5,STA,WIFI_DROP,
8.3632,18,STA,WIFI_DROP,
8.3656,5,STA,WIFI_DROP,
8.3656,18,STA,WIFI_DROP,
8.368,5,STA,WIFI_DROP,
8.368,18,STA,WIFI_DROP,
8.3704,5,STA,WIFI_DROP,
8.3704,18,STA,WIFI_DROP,
8.3728,5,STA,WIFI_DROP,
8.3728,18,STA,WIFI_DROP,
8.3752,5,STA,WIFI_DROP,
8.3752,18,STA,WIFI_DROP,
8.3776,5,STA,WIFI_DROP,
8.3776,18,STA,WIFI_DROP,
8.38,5,STA,WIFI_DROP,
8.38,18,STA,WIFI_DROP,
8.3824,5,STA,WIFI_DROP,
8.3824,18,STA,WIFI_DROP,
8.3848,5,STA,WIFI_DROP,
8.3848,18,STA,WIFI_DROP,
8.3872,5,STA,WIFI_DROP,
8.3872,18,STA,WIFI_DROP,
8.3896,5,STA,WIFI_DROP,
8.3896,18,STA,WIFI_DROP,
8.392,5,STA,WIFI_DROP,
8.392,18,STA,WIFI_DROP,
8.3944,5,STA,WIFI_DROP,
8.3944,18,STA,WIFI_DROP,
8.3968,5,STA,WIFI_DROP,
8.3968,18,STA,WIFI_DROP,
8.3992,5,STA,WIFI_DROP,
8.3992,18,STA,WIFI_DROP,
8.4016,5,STA,WIFI_DROP,
8.4016,18,STA,WIFI_DROP,
8.404,5,STA,WIFI_DROP,
8.404,18,STA,WIFI_DROP,
8.4064,5,STA,WIFI_DROP,
8.4064,18,STA,WIFI_DROP,
8.4088,5,STA,WIFI_DROP,
8.4088,18,STA,WIFI_DROP,
8.4112,5,STA,WIFI_DROP,
8.4112,18,STA,WIFI_DROP,
8.4136,5,STA,WIFI_DROP,
8.4136,18,STA,WIFI_DROP,
8.416,5,STA,WIFI_DROP,
8.416,18,STA,WIFI_DROP,
8.4184,5,STA,WIFI_DROP,
8.4184,18,STA,WIFI_DROP,
8.4208,5,STA,WIFI_DROP,
8.4208,18,STA,WIFI_DROP,
8.4232,5,STA,WIFI_DROP,
8.4232,18,STA,WIFI_DROP,
8.4256,5,STA,WIFI_DROP,
8.4256,18,STA,WIFI_DROP,
8.428,5,STA,WIFI_DROP,
8.428,18,STA,WIFI_DROP,
8.4304,5,STA,WIFI_DROP,
8.4304,18,STA,WIFI_DROP,
8.4328,5,STA,WIFI_DROP,
8.4328,18,STA,WIFI_DROP,
8.4352,5,STA,WIFI_DROP,
8.4352,18,STA,WIFI_DROP,
8.4376,5,STA,WIFI_DROP,
8.4376,18,STA,WIFI_DROP,
8.44,5,STA,WIFI_DROP,
8.44,18,STA,WIFI_DROP,
8.4424,5,STA,WIFI_DROP,
8.4424,18,STA,WIFI_DROP,
8.4448,5,STA,WIFI_DROP,
8.4448,18,STA,WIFI_DROP,
8.4472,5,STA,WIFI_DROP,
8.4472,18,STA,WIFI_DROP,
8.4496,18,STA,WIFI_DROP,
8.452,18,STA,WIFI_DROP,
8.4544,18,STA,WIFI_DROP,
8.4568,18,STA,WIFI_DROP,
8.4592,18,STA,WIFI_DROP,
8.4616,18,STA,WIFI_DROP,
8.464,18,STA,WIFI_DROP,
8.4664,18,STA,WIFI_DROP,
8.4688,18,STA,WIFI_DROP,
8.4712,18,STA,WIFI_DROP,
8.4736,18,STA,WIFI_DROP,
8.476,18,STA,WIFI_DROP,
8.4784,18,STA,WIFI_DROP,
8.4808,18,STA,WIFI_DROP,
8.4832,18,STA,WIFI_DROP,
8.4856,18,STA,WIFI_DROP,
8.488,18,STA,WIFI_DROP,
8.4904,18,STA,WIFI_DROP,
8.4928,18,STA,WIFI_DROP,
8.4952,18,STA,WIFI_DROP,
8.4976,18,STA,WIFI_DROP,
8.5,18,STA,WIFI_DROP,
8.5024,18,STA,WIFI_DROP,
8.5048,18,STA,WIFI_DROP,
8.5072,18,STA,WIFI_DROP,
8.5096,18,STA,WIFI_DROP,
8.512,18,STA,WIFI_DROP,
8.5144,18,STA,WIFI_DROP,
8.5168,18,STA,WIFI_DROP,
8.5192,18,STA,WIFI_DROP,
8.5216,18,STA,WIFI_DROP,
8.524,18,STA,WIFI_DROP,
8.5264,18,STA,WIFI_DROP,
8.5288,18,STA,WIFI_DROP,
8.5312,18,STA,WIFI_DROP,
8.5336,18,STA,WIFI_DROP,
8.536,18,STA,WIFI_DROP,
8.5384,18,STA,WIFI_DROP,
8.5408,18,STA,WIFI_DROP,
8.5432,18,STA,WIFI_DROP,
8.5456,18,STA,WIFI_DROP,
8.548,18,STA,WIFI_DROP,
8.5504,18,STA,WIFI_DROP,
8.5528,18,STA,WIFI_DROP,
8.5552,18,STA,WIFI_DROP,
8.5576,18,STA,WIFI_DROP,
8.56,18,STA,WIFI_DROP,
8.5624,18,STA,WIFI_DROP,
8.5648,18,STA,WIFI_DROP,
8.5672,18,STA,WIFI_DROP,
8.5696,18,STA,WIFI_DROP,
8.572,18,STA,WIFI_DROP,
8.5744,18,STA,WIFI_DROP,
8.5768,18,STA,WIFI_DROP,
8.5792,18,STA,WIFI_DROP,
8.5816,18,STA,WIFI_DROP,
8.584,18,STA,WIFI_DROP,
8.5864,18,STA,WIFI_DROP,
8.5888,18,STA,WIFI_DROP,
8.5912,18,STA,WIFI_DROP,
8.5936,18,STA,WIFI_DROP,
8.596,18,STA,WIFI_DROP,
8.5984,18,STA,WIFI_DROP,
8.6008,18,STA,WIFI_DROP,
8.6032,18,STA,WIFI_DROP,
8.6056,18,STA,WIFI_DROP,
8.608,18,STA,WIFI_DROP,
8.6104,18,STA,WIFI_DROP,
8.6128,18,STA,WIFI_DROP,
8.6152,18,STA,WIFI_DROP,
8.6176,18,STA,WIFI_DROP,
8.62,18,STA,WIFI_DROP,
8.6224,18,STA,WIFI_DROP,
8.6248,18,STA,WIFI_DROP,
8.6272,18,STA,WIFI_DROP,
8.6296,18,STA,WIFI_DROP,
8.632,18,STA,WIFI_DROP,
8.6344,18,STA,WIFI_DROP,
8.6368,18,STA,WIFI_DROP,
8.6392,18,STA,WIFI_DROP,
8.6416,18,STA,WIFI_DROP,
8.644,18,STA,WIFI_DROP,
8.6464,18,STA,WIFI_DROP,
8.6488,18,STA,WIFI_DROP,
8.6512,18,STA,WIFI_DROP,
8.6536,18,STA,WIFI_DROP,
8.656,18,STA,WIFI_DROP,
8.6584,18,STA,WIFI_DROP,
8.6608,18,STA,WIFI_DROP,
8.6632,18,STA,WIFI_DROP,
8.6656,18,STA,WIFI_DROP,
8.668,18,STA,WIFI_DROP,
8.6704,18,STA,WIFI_DROP,
8.6728,18,STA,WIFI_DROP,
8.6752,18,STA,WIFI_DROP,
8.6776,18,STA,WIFI_DROP,
8.68,18,STA,WIFI_DROP,
8.6824,18,STA,WIFI_DROP,
8.6848,18,STA,WIFI_DROP,
8.6872,18,STA,WIFI_DROP,
8.6896,18,STA,WIFI_DROP,
8.692,18,STA,WIFI_DROP,
8.6944,18,STA,WIFI_DROP,
8.6968,18,STA,WIFI_DROP,
8.6992,18,STA,WIFI_DROP,
8.7016,18,STA,WIFI_DROP,
8.704,18,STA,WIFI_DROP,
8.7064,18,STA,WIFI_DROP,
8.7088,18,STA,WIFI_DROP,
8.7112,18,STA,WIFI_DROP,
8.7136,18,STA,WIFI_DROP,
8.716,18,STA,WIFI_DROP,
8.7184,18,STA,WIFI_DROP,
8.7208,18,STA,WIFI_DROP,
8.7232,18,STA,WIFI_DROP,
8.7256,18,STA,WIFI_DROP,
8.728,18,STA,WIFI_DROP,
8.7304,18,STA,WIFI_DROP,
8.7328,18,STA,WIFI_DROP,
8.7352,18,STA,WIFI_DROP,
8.7376,18,STA,WIFI_DROP,
8.74,18,STA,WIFI_DROP,
8.7424,18,STA,WIFI_DROP,
8.7448,18,STA,WIFI_DROP,
8.7472,18,STA,WIFI_DROP,
8.7496,18,STA,WIFI_DROP,
8.752,18,STA,WIFI_DROP,
8.7544,18,STA,WIFI_DROP,
8.7568,18,STA,WIFI_DROP,
8.7592,18,STA,WIFI_DROP,
8.7616,18,STA,WIFI_DROP,
8.764,18,STA,WIFI_DROP,
8.7664,18,STA,WIFI_DROP,
8.7688,18,STA,WIFI_DROP,
8.7712,18,STA,WIFI_DROP,
8.7736,18,STA,WIFI_DROP,
8.776,18,STA,WIFI_DROP,
8.7784,18,STA,WIFI_DROP,
8.7808,18,STA,WIFI_DROP,
8.7832,18,STA,WIFI_DROP,
8.7856,18,STA,WIFI_DROP,
8.788,18,STA,WIFI_DROP,
8.7904,18,STA,WIFI_DROP,
8.7928,18,STA,WIFI_DROP,
8.7952,18,STA,WIFI_DROP,
8.7976,18,STA,WIFI_DROP,
8.8,18,STA,WIFI_DROP,
8.8024,18,STA,WIFI_DROP,
8.8048,18,STA,WIFI_DROP,
8.8072,18,STA,WIFI_DROP,
8.8096,18,STA,WIFI_DROP,
8.812,18,STA,WIFI_DROP,
8.8144,18,STA,WIFI_DROP,
8.8168,18,STA,WIFI_DROP,
8.8192,18,STA,WIFI_DROP,
8.8216,18,STA,WIFI_DROP,
8.824,18,STA,WIFI_DROP,
8.8264,18,STA,WIFI_DROP,
8.8288,18,STA,WIFI_DROP,
8.8312,18,STA,WIFI_DROP,
8.8336,18,STA,WIFI_DROP,
8.836,18,STA,WIFI_DROP,
8.8384,18,STA,WIFI_DROP,
8.8408,18,STA,WIFI_DROP,
8.8432,18,STA,WIFI_DROP,
8.8456,18,STA,WIFI_DROP,
8.848,18,STA,WIFI_DROP,
8.8504,18,STA,WIFI_DROP,
8.8528,18,STA,WIFI_DROP,
8.8552,18,STA,WIFI_DROP,
8.8576,18,STA,WIFI_DROP,
8.86,18,STA,WIFI_DROP,
8.8624,18,STA,WIFI_DROP,
8.8648,18,STA,WIFI_DROP,
8.8672,18,STA,WIFI_DROP,
8.8696,18,STA,WIFI_DROP,
8.872,18,STA,WIFI_DROP,
8.8744,18,STA,WIFI_DROP,
8.8768,18,STA,WIFI_DROP,
8.8792,18,STA,WIFI_DROP,
8.8816,18,STA,WIFI_DROP,
8.884,18,STA,WIFI_DROP,
8.8864,18,STA,WIFI_DROP,
8.8888,18,STA,WIFI_DROP,
8.8912,18,STA,WIFI_DROP,
8.8936,18,STA,WIFI_DROP,
8.896,18,STA,WIFI_DROP,
8.8984,18,STA,WIFI_DROP,
8.9008,18,STA,WIFI_DROP,
8.9032,18,STA,WIFI_DROP,
8.9056,18,STA,WIFI_DROP,
8.908,18,STA,WIFI_DROP,
8.9104,18,STA,WIFI_DROP,
8.9128,18,STA,WIFI_DROP,
8.9152,18,STA,WIFI_DROP,
8.9176,18,STA,WIFI_DROP,
8.92,18,STA,WIFI_DROP,
8.9224,18,STA,WIFI_DROP,
8.9248,18,STA,WIFI_DROP,
8.9272,18,STA,WIFI_DROP,
8.9296,18,STA,WIFI_DROP,
8.932,18,STA,WIFI_DROP,
8.9344,18,STA,WIFI_DROP,
8.9368,18,STA,WIFI_DROP,
8.9392,18,STA,WIFI_DROP,
8.9416,18,STA,WIFI_DROP,
8.944,18,STA,WIFI_DROP,
8.9464,18,STA,WIFI_DROP,
8.9488,18,STA,WIFI_DROP,
8.9512,18,STA,WIFI_DROP,
8.9536,18,STA,WIFI_DROP,
8.956,18,STA,WIFI_DROP,
8.9584,18,STA,WIFI_DROP,
8.9608,18,STA,WIFI_DROP,
8.9632,18,STA,WIFI_DROP,
8.9656,18,STA,WIFI_DROP,
8.968,18,STA,WIFI_DROP,
8.9704,18,STA,WIFI_DROP,
8.9728,18,STA,WIFI_DROP,
8.9752,18,STA,WIFI_DROP,
8.9776,18,STA,WIFI_DROP,
8.98,18,STA,WIFI_DROP,
8.9824,18,STA,WIFI_DROP,
8.9848,18,STA,WIFI_DROP,
8.9872,18,STA,WIFI_DROP,
8.9896,18,STA,WIFI_DROP,
8.992,18,STA,WIFI_DROP,
8.9944,18,STA,WIFI_DROP,
8.9968,18,STA,WIFI_DROP,
8.9992,18,STA,WIFI_DROP,
9,2,STA,THROUGHPUT_MBPS,3.012000
9,3,STA,THROUGHPUT_MBPS,5.484000
9,4,STA,THROUGHPUT_MBPS,3.156000
9,5,STA,THROUGHPUT_MBPS,2.040000
9,6,STA,THROUGHPUT_MBPS,3.324000
9,7,STA,THROUGHPUT_MBPS,3.576000
9,8,STA,THROUGHPUT_MBPS,1.896000
9,9,STA,THROUGHPUT_MBPS,0.684000
9,10,STA,THROUGHPUT_MBPS,2.292000
9,11,STA,THROUGHPUT_MBPS,3.948000
9,13,STA,THROUGHPUT_MBPS,1.656000
9,14,STA,THROUGHPUT_MBPS,3.912000
9,15,STA,THROUGHPUT_MBPS,1.020000
9,16,STA,THROUGHPUT_MBPS,2.076000
9,17,STA,THROUGHPUT_MBPS,2.496000
9,18,STA,THROUGHPUT_MBPS,0.108000
9,19,STA,THROUGHPUT_MBPS,2.388000
9,20,STA,THROUGHPUT_MBPS,1.740000
9,21,STA,THROUGHPUT_MBPS,4.152000
9,1,AP,AGGREGATE_THROUGHPUT_MBPS,48.960000
9,1,AP,SENT_COUNT,8340.000000
9,1,AP,RECV_COUNT,4080.000000
9,1,AP,LATENCY_P95_MS,537.486817
9.0016,18,STA,WIFI_DROP,
9.004,18,STA,WIFI_DROP,
9.0064,18,STA,WIFI_DROP,
9.0088,18,STA,WIFI_DROP,
9.0112,18,STA,WIFI_DROP,
9.0136,18,STA,WIFI_DROP,
9.016,18,STA,WIFI_DROP,
9.0184,18,STA,WIFI_DROP,
9.0208,18,STA,WIFI_DROP,
9.0232,18,STA,WIFI_DROP,
9.0256,18,STA,WIFI_DROP,
9.028,18,STA,WIFI_DROP,
9.0304,18,STA,WIFI_DROP,
9.0328,18,STA,WIFI_DROP,
9.0352,18,STA,WIFI_DROP,
9.0376,18,STA,WIFI_DROP,
9.04,18,STA,WIFI_DROP,
9.0424,18,STA,WIFI_DROP,
9.0448,18,STA,WIFI_DROP,
9.0472,18,STA,WIFI_DROP,
9.0496,18,STA,WIFI_DROP,
9.052,18,STA,WIFI_DROP,
9.0544,18,STA,WIFI_DROP,
9.0568,18,STA,WIFI_DROP,
9.0592,18,STA,WIFI_DROP,
9.0616,18,STA,WIFI_DROP,
9.064,18,STA,WIFI_DROP,
9.0664,18,STA,WIFI_DROP,
9.0688,18,STA,WIFI_DROP,
9.0712,18,STA,WIFI_DROP,
9.0736,18,STA,WIFI_DROP,
9.076,18,STA,WIFI_DROP,
9.0784,18,STA,WIFI_DROP,
9.0808,18,STA,WIFI_DROP,
9.0832,18,STA,WIFI_DROP,
9.0856,18,STA,WIFI_DROP,
9.088,18,STA,WIFI_DROP,
9.0904,18,STA,WIFI_DROP,
9.0928,18,STA,WIFI_DROP,
9.0952,18,STA,WIFI_DROP,
9.0976,18,STA,WIFI_DROP,
9.1,18,STA,WIFI_DROP,
9.1024,18,STA,WIFI_DROP,
9.1048,18,STA,WIFI_DROP,
9.1072,18,STA,WIFI_DROP,
9.1096,18,STA,WIFI_DROP,
9.112,18,STA,WIFI_DROP,
9.1144,18,STA,WIFI_DROP,
9.1168,18,STA,WIFI_DROP,
9.1192,18,STA,WIFI_DROP,
9.1216,18,STA,WIFI_DROP,
9.124,18,STA,WIFI_DROP,
9.1264,18,STA,WIFI_DROP,
9.1288,18,STA,WIFI_DROP,
9.1312,18,STA,WIFI_DROP,
9.1336,18,STA,WIFI_DROP,
9.136,18,STA,WIFI_DROP,
9.1384,18,STA,WIFI_DROP,
9.1408,18,STA,WIFI_DROP,
9.1432,18,STA,WIFI_DROP,
9.1456,18,STA,WIFI_DROP,
9.148,18,STA,WIFI_DROP,
9.1504,18,STA,WIFI_DROP,
9.1528,18,STA,WIFI_DROP,
9.1552,18,STA,WIFI_DROP,
9.1576,18,STA,WIFI_DROP,
9.16,18,STA,WIFI_DROP,
9.1624,18,STA,WIFI_DROP,
9.1648,18,STA,WIFI_DROP,
9.1672,18,STA,WIFI_DROP,
9.1696,18,STA,WIFI_DROP,
9.172,18,STA,WIFI_DROP,
9.1744,18,STA,WIFI_DROP,
9.1768,18,STA,WIFI_DROP,
9.1792,18,STA,WIFI_DROP,
9.1816,18,STA,WIFI_DROP,
9.184,18,STA,WIFI_DROP,
9.1864,18,STA,WIFI_DROP,
9.1888,18,STA,WIFI_DROP,
9.1912,18,STA,WIFI_DROP,
9.1936,18,STA,WIFI_DROP,
9.196,18,STA,WIFI_DROP,
9.1984,18,STA,WIFI_DROP,
9.2008,18,STA,WIFI_DROP,
9.2032,18,STA,WIFI_DROP,
9.2056,18,STA,WIFI_DROP,
9.208,18,STA,WIFI_DROP,
9.2104,18,STA,WIFI_DROP,
9.2128,18,STA,WIFI_DROP,
9.2152,18,STA,WIFI_DROP,
9.2176,18,STA,WIFI_DROP,
9.22,18,STA,WIFI_DROP,
9.2224,18,STA,WIFI_DROP,
9.2248,18,STA,WIFI_DROP,
9.2272,18,STA,WIFI_DROP,
9.2296,18,STA,WIFI_DROP,
9.232,18,STA,WIFI_DROP,
9.2344,18,STA,WIFI_DROP,
9.2368,18,STA,WIFI_DROP,
9.2392,18,STA,WIFI_DROP,
9.2416,18,STA,WIFI_DROP,
9.244,18,STA,WIFI_DROP,
9.2464,18,STA,WIFI_DROP,
9.2488,18,STA,WIFI_DROP,
9.2512,18,STA,WIFI_DROP,
9.2536,18,STA,WIFI_DROP,
9.256,18,STA,WIFI_DROP,
9.2584,18,STA,WIFI_DROP,
9.2608,18,STA,WIFI_DROP,
9.2632,18,STA,WIFI_DROP,
9.2656,18,STA,WIFI_DROP,
9.268,18,STA,WIFI_DROP,
9.2704,18,STA,WIFI_DROP,
9.2728,18,STA,WIFI_DROP,
9.2752,18,STA,WIFI_DROP,
9.2776,18,STA,WIFI_DROP,
9.28,18,STA,WIFI_DROP,
9.2824,18,STA,WIFI_DROP,
9.2848,18,STA,WIFI_DROP,
9.2872,18,STA,WIFI_DROP,
9.2896,18,STA,WIFI_DROP,
9.292,18,STA,WIFI_DROP,
9.2944,18,STA,WIFI_DROP,
9.2968,18,STA,WIFI_DROP,
9.2992,18,STA,WIFI_DROP,
9.3016,18,STA,WIFI_DROP,
9.304,18,STA,WIFI_DROP,
9.3064,18,STA,WIFI_DROP,
9.3088,18,STA,WIFI_DROP,
9.3112,18,STA,WIFI_DROP,
9.3136,18,STA,WIFI_DROP,
9.316,18,STA,WIFI_DROP,
9.3184,18,STA,WIFI_DROP,
9.3208,18,STA,WIFI_DROP,
9.3232,18,STA,WIFI_DROP,
9.3256,18,STA,WIFI_DROP,
9.328,18,STA,WIFI_DROP,
9.3304,18,STA,WIFI_DROP,
9.3328,18,STA,WIFI_DROP,
9.3352,18,STA,WIFI_DROP,
9.3376,18,STA,WIFI_DROP,
9.34,18,STA,WIFI_DROP,
9.3424,18,STA,WIFI_DROP,
9.3448,18,STA,WIFI_DROP,
9.3472,18,STA,WIFI_DROP,
9.3496,18,STA,WIFI_DROP,
9.352,18,STA,WIFI_DROP,
9.3544,18,STA,WIFI_DROP,
9.3568,18,STA,WIFI_DROP,
9.3592,18,STA,WIFI_DROP,
9.3616,18,STA,WIFI_DROP,
9.364,18,STA,WIFI_DROP,
9.3664,18,STA,WIFI_DROP,
9.3688,18,STA,WIFI_DROP,
9.3712,18,STA,WIFI_DROP,
9.3736,18,STA,WIFI_DROP,
9.376,18,STA,WIFI_DROP,
9.3784,18,STA,WIFI_DROP,
9.3808,18,STA,WIFI_DROP,
9.3832,18,STA,WIFI_DROP,
9.3856,18,STA,WIFI_DROP,
9.388,18,STA,WIFI_DROP,
9.3904,18,STA,WIFI_DROP,
9.412,18,STA,WIFI_DROP,
9.4144,18,STA,WIFI_DROP,
9.4168,18,STA,WIFI_DROP,
9.4192,18,STA,WIFI_DROP,
9.4216,18,STA,WIFI_DROP,
9.424,18,STA,WIFI_DROP,
9.4264,18,STA,WIFI_DROP,
9.4288,18,STA,WIFI_DROP,
9.4312,18,STA,WIFI_DROP,
9.4336,18,STA,WIFI_DROP,
9.436,18,STA,WIFI_DROP,
9.4384,18,STA,WIFI_DROP,
9.4408,18,STA,WIFI_DROP,
9.4432,18,STA,WIFI_DROP,
9.4456,18,STA,WIFI_DROP,
9.448,18,STA,WIFI_DROP,
9.4504,18,STA,WIFI_DROP,
9.4528,18,STA,WIFI_DROP,
9.4552,18,STA,WIFI_DROP,
9.4576,18,STA,WIFI_DROP,
9.46,18,STA,WIFI_DROP,
9.4624,18,STA,WIFI_DROP,
9.4648,18,STA,WIFI_DROP,
9.4672,18,STA,WIFI_DROP,
9.4696,18,STA,WIFI_DROP,
9.472,18,STA,WIFI_DROP,
9.4744,18,STA,WIFI_DROP,
9.4768,18,STA,WIFI_DROP,
9.4792,18,STA,WIFI_DROP,
9.4816,18,STA,WIFI_DROP,
9.484,18,STA,WIFI_DROP,
9.4864,18,STA,WIFI_DROP,
9.4888,18,STA,WIFI_DROP,
9.4912,18,STA,WIFI_DROP,
9.4936,18,STA,WIFI_DROP,
9.496,18,STA,WIFI_DROP,
9.4984,18,STA,WIFI_DROP,
9.5008,18,STA,WIFI_DROP,
9.5032,18,STA,WIFI_DROP,
9.5056,18,STA,WIFI_DROP,
9.508,18,STA,WIFI_DROP,
9.5104,18,STA,WIFI_DROP,
9.5128,18,STA,WIFI_DROP,
9.5152,18,STA,WIFI_DROP,
9.5176,18,STA,WIFI_DROP,
9.52,18,STA,WIFI_DROP,
9.5224,18,STA,WIFI_DROP,
9.5248,18,STA,WIFI_DROP,
9.5272,18,STA,WIFI_DROP,
9.5296,18,STA,WIFI_DROP,
9.532,18,STA,WIFI_DROP,
9.5344,18,STA,WIFI_DROP,
9.5368,18,STA,WIFI_DROP,
9.5392,18,STA,WIFI_DROP,
9.5416,18,STA,WIFI_DROP,
9.544,18,STA,WIFI_DROP,
9.5464,18,STA,WIFI_DROP,
9.5488,18,STA,WIFI_DROP,
9.5512,18,STA,WIFI_DROP,
9.5536,18,STA,WIFI_DROP,
9.556,18,STA,WIFI_DROP,
9.5584,18,STA,WIFI_DROP,
9.5608,18,STA,WIFI_DROP,
9.5632,18,STA,WIFI_DROP,
9.5656,18,STA,WIFI_DROP,
9.568,18,STA,WIFI_DROP,
9.5704,18,STA,WIFI_DROP,
9.5728,18,STA,WIFI_DROP,
9.5752,18,STA,WIFI_DROP,
9.5776,18,STA,WIFI_DROP,
9.58,18,STA,WIFI_DROP,
9.5824,18,STA,WIFI_DROP,
9.5848,18,STA,WIFI_DROP,
9.5872,18,STA,WIFI_DROP,
9.5896,18,STA,WIFI_DROP,
9.592,18,STA,WIFI_DROP,
9.5944,18,STA,WIFI_DROP,
9.5968,18,STA,WIFI_DROP,
9.5992,18,STA,WIFI_DROP,
9.6016,18,STA,WIFI_DROP,
9.604,18,STA,WIFI_DROP,
9.6064,18,STA,WIFI_DROP,
9.6088,18,STA,WIFI_DROP,
9.6112,18,STA,WIFI_DROP,
9.6136,18,STA,WIFI_DROP,
9.616,18,STA,WIFI_DROP,
9.6184,18,STA,WIFI_DROP,
9.6208,18,STA,WIFI_DROP,
9.6232,18,STA,WIFI_DROP,
9.6256,18,STA,WIFI_DROP,
9.628,18,STA,WIFI_DROP,
9.6304,18,STA,WIFI_DROP,
9.6328,18,STA,WIFI_DROP,
9.6352,18,STA,WIFI_DROP,
9.6376,18,STA,WIFI_DROP,
9.64,18,STA,WIFI_DROP,
9.6424,18,STA,WIFI_DROP,
9.6448,18,STA,WIFI_DROP,
9.6472,18,STA,WIFI_DROP,
9.6496,18,STA,WIFI_DROP,
9.652,18,STA,WIFI_DROP,
9.6544,18,STA,WIFI_DROP,
9.6568,18,STA,WIFI_DROP,
9.6592,18,STA,WIFI_DROP,
9.6616,18,STA,WIFI_DROP,
9.664,18,STA,WIFI_DROP,
9.6664,18,STA,WIFI_DROP,
9.6688,18,STA,WIFI_DROP,
9.6712,18,STA,WIFI_DROP,
9.6736,18,STA,WIFI_DROP,
9.676,18,STA,WIFI_DROP,
9.6784,18,STA,WIFI_DROP,
9.6808,18,STA,WIFI_DROP,
9.6832,18,STA,WIFI_DROP,
9.6856,18,STA,WIFI_DROP,
9.688,18,STA,WIFI_DROP,
9.6904,18,STA,WIFI_DROP,
9.6928,18,STA,WIFI_DROP,
9.6952,18,STA,WIFI_DROP,
9.6976,18,STA,WIFI_DROP,
9.7,18,STA,WIFI_DROP,
9.7024,18,STA,WIFI_DROP,
9.7048,18,STA,WIFI_DROP,
9.7072,18,STA,WIFI_DROP,
9.7096,18,STA,WIFI_DROP,
9.712,18,STA,WIFI_DROP,
9.7144,18,STA,WIFI_DROP,
9.7168,18,STA,WIFI_DROP,
9.7192,18,STA,WIFI_DROP,
9.7216,18,STA,WIFI_DROP,
9.724,18,STA,WIFI_DROP,
9.7264,18,STA,WIFI_DROP,
9.7288,18,STA,WIFI_DROP,
9.7312,18,STA,WIFI_DROP,
9.7336,18,STA,WIFI_DROP,
9.736,18,STA,WIFI_DROP,
9.7384,18,STA,WIFI_DROP,
9.7408,18,STA,WIFI_DROP,
9.7432,18,STA,WIFI_DROP,
9.7456,18,STA,WIFI_DROP,
9.748,18,STA,WIFI_DROP,
9.7504,18,STA,WIFI_DROP,
9.7528,18,STA,WIFI_DROP,
9.7552,18,STA,WIFI_DROP,
9.7576,18,STA,WIFI_DROP,
9.76,18,STA,WIFI_DROP,
9.7624,18,STA,WIFI_DROP,
9.7648,18,STA,WIFI_DROP,
9.7672,18,STA,WIFI_DROP,
9.7696,18,STA,WIFI_DROP,
9.772,18,STA,WIFI_DROP,
9.7744,18,STA,WIFI_DROP,
9.7768,18,STA,WIFI_DROP,
9.7792,18,STA,WIFI_DROP,
9.7816,18,STA,WIFI_DROP,
9.784,18,STA,WIFI_DROP,
9.7864,18,STA,WIFI_DROP,
9.7888,18,STA,WIFI_DROP,
9.7912,18,STA,WIFI_DROP,
9.7936,18,STA,WIFI_DROP,
9.796,18,STA,WIFI_DROP,
9.7984,18,STA,WIFI_DROP,
9.8008,18,STA,WIFI_DROP,
9.8032,18,STA,WIFI_DROP,
9.8056,18,STA,WIFI_DROP,
9.808,18,STA,WIFI_DROP,
9.8104,18,STA,WIFI_DROP,
9.8128,18,STA,WIFI_DROP,
9.8152,18,STA,WIFI_DROP,
9.8176,18,STA,WIFI_DROP,
9.82,18,STA,WIFI_DROP,
9.8224,18,STA,WIFI_DROP,
9.8248,18,STA,WIFI_DROP,
9.8272,18,STA,WIFI_DROP,
9.8296,18,STA,WIFI_DROP,
9.832,18,STA,WIFI_DROP,
9.8344,18,STA,WIFI_DROP,
9.8368,18,STA,WIFI_DROP,
9.8392,18,STA,WIFI_DROP,
9.8416,18,STA,WIFI_DROP,
9.844,18,STA,WIFI_DROP,
9.8464,18,STA,WIFI_DROP,
9.8488,18,STA,WIFI_DROP,
9.8512,18,STA,WIFI_DROP,
9.8536,18,STA,WIFI_DROP,
9.856,18,STA,WIFI_DROP,
9.8584,18,STA,WIFI_DROP,
9.8608,18,STA,WIFI_DROP,
9.8632,18,STA,WIFI_DROP,
9.8656,18,STA,WIFI_DROP,
9.868,18,STA,WIFI_DROP,
9.8704,18,STA,WIFI_DROP,
9.8728,18,STA,WIFI_DROP,
9.8752,18,STA,WIFI_DROP,
9.8776,18,STA,WIFI_DROP,
9.88,18,STA,WIFI_DROP,
9.8824,18,STA,WIFI_DROP,
9.8848,18,STA,WIFI_DROP,
9.8872,18,STA,WIFI_DROP,
9.8896,18,STA,WIFI_DROP,
9.892,18,STA,WIFI_DROP,
9.8944,18,STA,WIFI_DROP,
9.8968,18,STA,WIFI_DROP,
9.8992,18,STA,WIFI_DROP,
9.9016,18,STA,WIFI_DROP,
9.904,18,STA,WIFI_DROP,
9.9064,18,STA,WIFI_DROP,
9.9088,18,STA,WIFI_DROP,
9.9112,18,STA,WIFI_DROP,
9.9136,18,STA,WIFI_DROP,
9.916,18,STA,WIFI_DROP,
9.9184,18,STA,WIFI_DROP,
9.9208,18,STA,WIFI_DROP,
9.9232,18,STA,WIFI_DROP,
9.9256,18,STA,WIFI_DROP,
9.928,14,STA,WIFI_DROP,
9.928,18,STA,WIFI_DROP,
9.9304,14,STA,WIFI_DROP,
9.9304,18,STA,WIFI_DROP,
9.9328,14,STA,WIFI_DROP,
9.9328,18,STA,WIFI_DROP,
9.9352,14,STA,WIFI_DROP,
9.9352,18,STA,WIFI_DROP,
9.9376,14,STA,WIFI_DROP,
9.9376,18,STA,WIFI_DROP,
9.94,14,STA,WIFI_DROP,
9.94,18,STA,WIFI_DROP,
9.9424,14,STA,WIFI_DROP,
9.9424,18,STA,WIFI_DROP,
9.9448,14,STA,WIFI_DROP,
9.9448,18,STA,WIFI_DROP,
9.9472,14,STA,WIFI_DROP,
9.9472,18,STA,WIFI_DROP,
9.9496,14,STA,WIFI_DROP,
9.9496,18,STA,WIFI_DROP,
9.952,14,STA,WIFI_DROP,
9.952,18,STA,WIFI_DROP,
9.9544,14,STA,WIFI_DROP,
9.9544,18,STA,WIFI_DROP,
9.9568,14,STA,WIFI_DROP,
9.9568,18,STA,WIFI_DROP,
9.9592,14,STA,WIFI_DROP,
9.9592,18,STA,WIFI_DROP,
9.9616,14,STA,WIFI_DROP,
9.9616,18,STA,WIFI_DROP,
9.964,14,STA,WIFI_DROP,
9.964,18,STA,WIFI_DROP,
9.9664,14,STA,WIFI_DROP,
9.9688,14,STA,WIFI_DROP,
9.9712,14,STA,WIFI_DROP,
9.9736,14,STA,WIFI_DROP,
9.976,14,STA,WIFI_DROP,
9.9784,14,STA,WIFI_DROP,
9.9808,14,STA,WIFI_DROP,
9.9832,14,STA,WIFI_DROP,
9.9856,14,STA,WIFI_DROP,
9.988,14,STA,WIFI_DROP,
9.9904,14,STA,WIFI_DROP,
9.9928,14,STA,WIFI_DROP,
9.9952,14,STA,WIFI_DROP,
9.9976,14,STA,WIFI_DROP,
10,2,STA,THROUGHPUT_MBPS,0.588000
10,3,STA,THROUGHPUT_MBPS,4.416000
10,4,STA,THROUGHPUT_MBPS,3.840000
10,5,STA,THROUGHPUT_MBPS,4.668000
10,6,STA,THROUGHPUT_MBPS,2.844000
10,7,STA,THROUGHPUT_MBPS,1.344000
10,8,STA,THROUGHPUT_MBPS,2.160000
10,9,STA,THROUGHPUT_MBPS,0.900000
10,11,STA,THROUGHPUT_MBPS,3.216000
10,13,STA,THROUGHPUT_MBPS,2.568000
10,14,STA,THROUGHPUT_MBPS,4.764000
10,15,STA,THROUGHPUT_MBPS,4.848000
10,16,STA,THROUGHPUT_MBPS,2.820000
10,17,STA,THROUGHPUT_MBPS,3.864000
10,19,STA,THROUGHPUT_MBPS,2.220000
10,20,STA,THROUGHPUT_MBPS,5.712000
10,21,STA,THROUGHPUT_MBPS,1.332000
10,1,AP,AGGREGATE_THROUGHPUT_MBPS,52.104000
10,1,AP,SENT_COUNT,8320.000000
10,1,AP,RECV_COUNT,4342.000000
10,1,AP,LATENCY_P95_MS,555.677987
10,14,STA,WIFI_DROP,
10.0024,14,STA,WIFI_DROP,
10.0048,14,STA,WIFI_DROP,
10.0072,14,STA,WIFI_DROP,
10.0096,14,STA,WIFI_DROP,
10.012,14,STA,WIFI_DROP,
10.0144,14,STA,WIFI_DROP,
10.0168,14,STA,WIFI_DROP,
10.0192,14,STA,WIFI_DROP,
10.0216,14,STA,WIFI_DROP,
10.024,14,STA,WIFI_DROP,
10.0264,14,STA,WIFI_DROP,
10.0288,14,STA,WIFI_DROP,
10.0312,14,STA,WIFI_DROP,
10.0336,14,STA,WIFI_DROP,
10.036,14,STA,WIFI_DROP,
10.0384,14,STA,WIFI_DROP,
10.0408,14,STA,WIFI_DROP,
10.0432,14,STA,WIFI_DROP,
10.0456,14,STA,WIFI_DROP,
10.048,14,STA,WIFI_DROP,
10.0504,14,STA,WIFI_DROP,
10.0528,14,STA,WIFI_DROP,
10.0552,14,STA,WIFI_DROP,
10.0576,14,STA,WIFI_DROP,
10.06,14,STA,WIFI_DROP,
10.0624,14,STA,WIFI_DROP,
10.0648,14,STA,WIFI_DROP,
10.0672,14,STA,WIFI_DROP,
10.0696,14,STA,WIFI_DROP,
10.072,14,STA,WIFI_DROP,
10.0744,14,STA,WIFI_DROP,
10.0768,14,STA,WIFI_DROP,
10.0792,14,STA,WIFI_DROP,
10.0816,14,STA,WIFI_DROP,
10.084,14,STA,WIFI_DROP,
10.0864,14,STA,WIFI_DROP,
10.0888,14,STA,WIFI_DROP,
10.0912,14,STA,WIFI_DROP,
10.0936,14,STA,WIFI_DROP,
10.096,14,STA,WIFI_DROP,
10.0984,14,STA,WIFI_DROP,
10.1008,14,STA,WIFI_DROP,
10.1032,14,STA,WIFI_DROP,
10.1056,14,STA,WIFI_DROP,
10.108,14,STA,WIFI_DROP,
10.1104,14,STA,WIFI_DROP,
10.1128,14,STA,WIFI_DROP,
10.1152,14,STA,WIFI_DROP,
10.1176,14,STA,WIFI_DROP,
10.12,14,STA,WIFI_DROP,
10.1224,14,STA,WIFI_DROP,
10.1248,14,STA,WIFI_DROP,
10.1272,14,STA,WIFI_DROP,
10.1296,14,STA,WIFI_DROP,
10.132,14,STA,WIFI_DROP,
10.1344,14,STA,WIFI_DROP,
10.1368,14,STA,WIFI_DROP,
10.1392,14,STA,WIFI_DROP,
10.1416,14,STA,WIFI_DROP,
10.144,14,STA,WIFI_DROP,
10.1464,14,STA,WIFI_DROP,
10.1488,14,STA,WIFI_DROP,
10.1512,14,STA,WIFI_DROP,
10.1536,14,STA,WIFI_DROP,
10.156,14,STA,WIFI_DROP,
10.1584,14,STA,WIFI_DROP,
10.1608,14,STA,WIFI_DROP,
10.1632,14,STA,WIFI_DROP,
10.1656,14,STA,WIFI_DROP,
10.168,14,STA,WIFI_DROP,
10.1704,14,STA,WIFI_DROP,
10.1728,14,STA,WIFI_DROP,
10.1752,14,STA,WIFI_DROP,
10.1776,14,STA,WIFI_DROP,
10.18,14,STA,WIFI_DROP,
10.1824,14,STA,WIFI_DROP,
10.1848,14,STA,WIFI_DROP,
10.1872,14,STA,WIFI_DROP,
10.1896,14,STA,WIFI_DROP,
10.192,14,STA,WIFI_DROP,
10.1944,14,STA,WIFI_DROP,
10.1968,14,STA,WIFI_DROP,
10.1992,14,STA,WIFI_DROP,
10.2016,14,STA,WIFI_DROP,
10.204,14,STA,WIFI_DROP,
10.2064,14,STA,WIFI_DROP,
10.2088,14,STA,WIFI_DROP,
10.2112,14,STA,WIFI_DROP,
10.2136,14,STA,WIFI_DROP,
10.216,14,STA,WIFI_DROP,
10.2184,14,STA,WIFI_DROP,
10.2208,14,STA,WIFI_DROP,
10.2232,14,STA,WIFI_DROP,
10.2256,14,STA,WIFI_DROP,
10.228,14,STA,WIFI_DROP,
10.2304,14,STA,WIFI_DROP,
10.2328,14,STA,WIFI_DROP,
10.2352,13,STA,WIFI_DROP,
10.2352,14,STA,WIFI_DROP,
10.2376,13,STA,WIFI_DROP,
10.2376,14,STA,WIFI_DROP,
10.24,13,STA,WIFI_DROP,
10.24,14,STA,WIFI_DROP,
10.2424,13,STA,WIFI_DROP,
10.2424,14,STA,WIFI_DROP,
10.2448,13,STA,WIFI_DROP,
10.2448,14,STA,WIFI_DROP,
10.2472,13,STA,WIFI_DROP,
10.2472,14,STA,WIFI_DROP,
10.2496,13,STA,WIFI_DROP,
10.2496,14,STA,WIFI_DROP,
10.252,13,STA,WIFI_DROP,
10.252,14,STA,WIFI_DROP,
10.2544,13,STA,WIFI_DROP,
10.2544,14,STA,WIFI_DROP,
10.2568,13,STA,WIFI_DROP,
10.2568,14,STA,WIFI_DROP,
10.2592,13,STA,WIFI_DROP,
10.2592,14,STA,WIFI_DROP,
10.2616,13,STA,WIFI_DROP,
10.2616,14,STA,WIFI_DROP,
10.264,13,STA,WIFI_DROP,
10.264,14,STA,WIFI_DROP,
10.2664,13,STA,WIFI_DROP,
10.2664,14,STA,WIFI_DROP,
10.2688,13,STA,WIFI_DROP,
10.2688,14,STA,WIFI_DROP,
10.2712,13,STA,WIFI_DROP,
10.2712,14,STA,WIFI_DROP,
10.2736,13,STA,WIFI_DROP,
10.2736,14,STA,WIFI_DROP,
10.276,13,STA,WIFI_DROP,
10.276,14,STA,WIFI_DROP,
10.2784,13,STA,WIFI_DROP,
10.2784,14,STA,WIFI_DROP,
10.2808,13,STA,WIFI_DROP,
10.2808,14,STA,WIFI_DROP,
10.2832,13,STA,WIFI_DROP,
10.2832,14,STA,WIFI_DROP,
10.2856,13,STA,WIFI_DROP,
10.2856,14,STA,WIFI_DROP,
10.288,13,STA,WIFI_DROP,
10.288,14,STA,WIFI_DROP,
10.2904,14,STA,WIFI_DROP,
10.2928,14,STA,WIFI_DROP,
10.2952,14,STA,WIFI_DROP,
10.2976,14,STA,WIFI_DROP,
10.3,14,STA,WIFI_DROP,
10.3024,14,STA,WIFI_DROP,
10.3048,14,STA,WIFI_DROP,
10.3072,14,STA,WIFI_DROP,
10.3096,14,STA,WIFI_DROP,
10.312,14,STA,WIFI_DROP,
10.3144,14,STA,WIFI_DROP,
10.3168,14,STA,WIFI_DROP,
10.3192,14,STA,WIFI_DROP,
10.3216,14,STA,WIFI_DROP,
10.324,14,STA,WIFI_DROP,
10.3264,14,STA,WIFI_DROP,
10.3288,14,STA,WIFI_DROP,
10.3312,14,STA,WIFI_DROP,
10.3336,14,STA,WIFI_DROP,
10.336,14,STA,WIFI_DROP,
10.3384,14,STA,WIFI_DROP,
10.3408,14,STA,WIFI_DROP,
10.3432,14,STA,WIFI_DROP,
10.3456,14,STA,WIFI_DROP,
10.348,14,STA,WIFI_DROP,
10.3504,14,STA,WIFI_DROP,
10.3528,14,STA,WIFI_DROP,
10.3552,14,STA,WIFI_DROP,
10.3576,14,STA,WIFI_DROP,
10.36,14,STA,WIFI_DROP,
10.3624,14,STA,WIFI_DROP,
10.3648,14,STA,WIFI_DROP,
10.3672,14,STA,WIFI_DROP,
10.3696,14,STA,WIFI_DROP,
10.372,14,STA,WIFI_DROP,
10.3744,14,STA,WIFI_DROP,
10.3768,14,STA,WIFI_DROP,
10.3792,14,STA,WIFI_DROP,
10.3816,14,STA,WIFI_DROP,
10.384,14,STA,WIFI_DROP,
10.3864,14,STA,WIFI_DROP,
10.3888,14,STA,WIFI_DROP,
10.3912,14,STA,WIFI_DROP,
10.3936,14,STA,WIFI_DROP,
10.396,14,STA,WIFI_DROP,
10.3984,14,STA,WIFI_DROP,
10.4008,14,STA,WIFI_DROP,
10.4032,14,STA,WIFI_DROP,
10.4056,14,STA,WIFI_DROP,
10.408,14,STA,WIFI_DROP,
10.4104,14,STA,WIFI_DROP,
10.4128,14,STA,WIFI_DROP,
10.4152,14,STA,WIFI_DROP,
10.4176,14,STA,WIFI_DROP,
10.42,14,STA,WIFI_DROP,
10.4224,14,STA,WIFI_DROP,
10.4248,14,STA,WIFI_DROP,
10.4272,14,STA,WIFI_DROP,
10.4296,14,STA,WIFI_DROP,
10.432,14,STA,WIFI_DROP,
10.4344,14,STA,WIFI_DROP,
10.4368,14,STA,WIFI_DROP,
10.4392,14,STA,WIFI_DROP,
10.4416,14,STA,WIFI_DROP,
10.444,14,STA,WIFI_DROP,
10.4464,14,STA,WIFI_DROP,
10.4488,14,STA,WIFI_DROP,
10.4512,14,STA,WIFI_DROP,
10.4536,14,STA,WIFI_DROP,
10.456,14,STA,WIFI_DROP,
10.4584,14,STA,WIFI_DROP,
10.4608,14,STA,WIFI_DROP,
10.4632,14,STA,WIFI_DROP,
10.4656,14,STA,WIFI_DROP,
10.468,14,STA,WIFI_DROP,
10.4704,14,STA,WIFI_DROP,
10.4728,14,STA,WIFI_DROP,
10.4752,14,STA,WIFI_DROP,
10.4776,14,STA,WIFI_DROP,
10.7464,19,STA,WIFI_DROP,
10.7488,19,STA,WIFI_DROP,
10.7512,19,STA,WIFI_DROP,
10.7536,19,STA,WIFI_DROP,
10.756,19,STA,WIFI_DROP,
10.7584,19,STA,WIFI_DROP,
10.7608,19,STA,WIFI_DROP,
10.7632,19,STA,WIFI_DROP,
10.7656,19,STA,WIFI_DROP,
10.768,19,STA,WIFI_DROP,
10.7704,19,STA,WIFI_DROP,
10.7728,19,STA,WIFI_DROP,
10.7752,19,STA,WIFI_DROP,
10.7776,19,STA,WIFI_DROP,
10.78,19,STA,WIFI_DROP,
10.7824,19,STA,WIFI_DROP,
10.7848,19,STA,WIFI_DROP,
10.7872,19,STA,WIFI_DROP,
10.7896,19,STA,WIFI_DROP,
10.792,19,STA,WIFI_DROP,
10.7944,19,STA,WIFI_DROP,
10.7968,19,STA,WIFI_DROP,
10.7992,19,STA,WIFI_DROP,
10.8016,19,STA,WIFI_DROP,
10.804,19,STA,WIFI_DROP,
10.8064,19,STA,WIFI_DROP,
10.8088,19,STA,WIFI_DROP,
10.8112,19,STA,WIFI_DROP,
10.8136,19,STA,WIFI_DROP,
10.816,19,STA,WIFI_DROP,
10.8184,19,STA,WIFI_DROP,
10.8208,19,STA,WIFI_DROP,
10.8232,19,STA,WIFI_DROP,
10.8256,19,STA,WIFI_DROP,
10.828,19,STA,WIFI_DROP,
10.8304,19,STA,WIFI_DROP,
10.8328,19,STA,WIFI_DROP,
10.8352,19,STA,WIFI_DROP,
10.8376,19,STA,WIFI_DROP,
10.84,19,STA,WIFI_DROP,
10.8424,19,STA,WIFI_DROP,
10.8448,19,STA,WIFI_DROP,
10.8472,17,STA,WIFI_DROP,
10.8472,19,STA,WIFI_DROP,
10.8496,17,STA,WIFI_DROP,
10.8496,19,STA,WIFI_DROP,
10.852,17,STA,WIFI_DROP,
10.852,19,STA,WIFI_DROP,
10.8544,17,STA,WIFI_DROP,
10.8544,19,STA,WIFI_DROP,
10.8568,17,STA,WIFI_DROP,
10.8568,19,STA,WIFI_DROP,
10.8592,17,STA,WIFI_DROP,
10.8592,19,STA,WIFI_DROP,
10.8616,17,STA,WIFI_DROP,
10.8616,19,STA,WIFI_DROP,
10.864,17,STA,WIFI_DROP,
10.864,19,STA,WIFI_DROP,
10.8664,17,STA,WIFI_DROP,
10.8664,19,STA,WIFI_DROP,
10.8688,17,STA,WIFI_DROP,
10.8688,19,STA,WIFI_DROP,
10.8712,17,STA,WIFI_DROP,
10.8712,19,STA,WIFI_DROP,
10.8736,17,STA,WIFI_DROP,
10.8736,19,STA,WIFI_DROP,
10.876,17,STA,WIFI_DROP,
10.876,19,STA,WIFI_DROP,
10.8784,17,STA,WIFI_DROP,
10.8784,19,STA,WIFI_DROP,
10.8808,17,STA,WIFI_DROP,
10.8808,19,STA,WIFI_DROP,
10.8832,17,STA,WIFI_DROP,
10.8832,19,STA,WIFI_DROP,
10.8856,17,STA,WIFI_DROP,
10.8856,19,STA,WIFI_DROP,
10.888,17,STA,WIFI_DROP,
10.888,19,STA,WIFI_DROP,
10.8904,17,STA,WIFI_DROP,
10.8904,19,STA,WIFI_DROP,
10.8928,17,STA,WIFI_DROP,
10.8928,19,STA,WIFI_DROP,
10.8952,17,STA,WIFI_DROP,
10.8952,19,STA,WIFI_DROP,
10.8976,17,STA,WIFI_DROP,
10.8976,19,STA,WIFI_DROP,
10.9,17,STA,WIFI_DROP,
10.9,19,STA,WIFI_DROP,
10.9024,17,STA,WIFI_DROP,
10.9024,19,STA,WIFI_DROP,
10.9048,17,STA,WIFI_DROP,
10.9048,19,STA,WIFI_DROP,
10.9072,17,STA,WIFI_DROP,
10.9072,19,STA,WIFI_DROP,
10.9096,17,STA,WIFI_DROP,
10.9096,19,STA,WIFI_DROP,
10.912,17,STA,WIFI_DROP,
10.912,19,STA,WIFI_DROP,
10.9144,17,STA,WIFI_DROP,
10.9144,19,STA,WIFI_DROP,
10.9168,17,STA,WIFI_DROP,
10.9168,19,STA,WIFI_DROP,
10.9192,17,STA,WIFI_DROP,
10.9192,19,STA,WIFI_DROP,
10.9216,17,STA,WIFI_DROP,
10.9216,19,STA,WIFI_DROP,
10.924,17,STA,WIFI_DROP,
10.924,19,STA,WIFI_DROP,
10.9264,17,STA,WIFI_DROP,
10.9264,19,STA,WIFI_DROP,
10.9288,17,STA,WIFI_DROP,
10.9288,19,STA,WIFI_DROP,
10.9312,17,STA,WIFI_DROP,
10.9312,19,STA,WIFI_DROP,
10.9336,17,STA,WIFI_DROP,
10.9336,19,STA,WIFI_DROP,
10.936,17,STA,WIFI_DROP,
10.936,19,STA,WIFI_DROP,
10.9384,17,STA,WIFI_DROP,
10.9384,19,STA,WIFI_DROP,
10.9408,17,STA,WIFI_DROP,
10.9408,19,STA,WIFI_DROP,
10.9432,17,STA,WIFI_DROP,
10.9432,19,STA,WIFI_DROP,
10.9456,17,STA,WIFI_DROP,
10.9456,19,STA,WIFI_DROP,
10.948,17,STA,WIFI_DROP,
10.948,19,STA,WIFI_DROP,
10.9504,17,STA,WIFI_DROP,
10.9528,17,STA,WIFI_DROP,
10.9552,17,STA,WIFI_DROP,
10.9576,17,STA,WIFI_DROP,
10.96,17,STA,WIFI_DROP,
10.9624,17,STA,WIFI_DROP,
10.9648,17,STA,WIFI_DROP,
10.9672,17,STA,WIFI_DROP,
10.9696,17,STA,WIFI_DROP,
10.972,17,STA,WIFI_DROP,
10.9744,17,STA,WIFI_DROP,
10.9768,17,STA,WIFI_DROP,
10.9792,17,STA,WIFI_DROP,
10.9816,17,STA,WIFI_DROP,
10.984,17,STA,WIFI_DROP,
10.9864,17,STA,WIFI_DROP,
10.9888,17,STA,WIFI_DROP,
10.9912,17,STA,WIFI_DROP,
10.9936,17,STA,WIFI_DROP,
10.996,17,STA,WIFI_DROP,
10.9984,17,STA,WIFI_DROP,
11,2,STA,THROUGHPUT_MBPS,1.452000
11,3,STA,THROUGHPUT_MBPS,5.292000
11,4,STA,THROUGHPUT_MBPS,1.080000
11,5,STA,THROUGHPUT_MBPS,3.516000
11,6,STA,THROUGHPUT_MBPS,2.568000
11,7,STA,THROUGHPUT_MBPS,4.224000
11,8,STA,THROUGHPUT_MBPS,1.596000
11,9,STA,THROUGHPUT_MBPS,1.176000
11,10,STA,THROUGHPUT_MBPS,0.948000
11,11,STA,THROUGHPUT_MBPS,2.880000
11,13,STA,THROUGHPUT_MBPS,5.340000
11,14,STA,THROUGHPUT_MBPS,1.188000
11,15,STA,THROUGHPUT_MBPS,1.680000
11,16,STA,THROUGHPUT_MBPS,2.796000
11,17,STA,THROUGHPUT_MBPS,2.772000
11,18,STA,THROUGHPUT_MBPS,1.524000
11,19,STA,THROUGHPUT_MBPS,0.888000
11,20,STA,THROUGHPUT_MBPS,4.752000
11,21,STA,THROUGHPUT_MBPS,2.436000
11,1,AP,AGGREGATE_THROUGHPUT_MBPS,48.108000
11,1,AP,SENT_COUNT,8340.000000
11,1,AP,RECV_COUNT,4009.000000
11,1,AP,LATENCY_P95_MS,534.802712
11.0008,17,STA,WIFI_DROP,
11.0032,17,STA,WIFI_DROP,
11.0056,17,STA,WIFI_DROP,
11.008,17,STA,WIFI_DROP,
11.0104,17,STA,WIFI_DROP,
11.0128,17,STA,WIFI_DROP,
11.0152,17,STA,WIFI_DROP,
11.0176,17,STA,WIFI_DROP,
11.02,17,STA,WIFI_DROP,
11.0224,17,STA,WIFI_DROP,
11.0248,17,STA,WIFI_DROP,
11.0272,17,STA,WIFI_DROP,
11.0296,17,STA,WIFI_DROP,
11.032,17,STA,WIFI_DROP,
11.0344,17,STA,WIFI_DROP,
11.0368,17,STA,WIFI_DROP,
11.0392,17,STA,WIFI_DROP,
11.0416,17,STA,WIFI_DROP,
11.044,17,STA,WIFI_DROP,
11.0464,17,STA,WIFI_DROP,
11.0488,17,STA,WIFI_DROP,
11.0512,17,STA,WIFI_DROP,
11.0536,17,STA,WIFI_DROP,
11.056,17,STA,WIFI_DROP,
11.0584,17,STA,WIFI_DROP,
11.0608,17,STA,WIFI_DROP,
11.0632,17,STA,WIFI_DROP,
11.0656,17,STA,WIFI_DROP,
11.068,17,STA,WIFI_DROP,
11.0704,17,STA,WIFI_DROP,
11.0728,17,STA,WIFI_DROP,
11.0752,17,STA,WIFI_DROP,
11.0776,17,STA,WIFI_DROP,
11.08,17,STA,WIFI_DROP,
11.0824,17,STA,WIFI_DROP,
11.0848,17,STA,WIFI_DROP,
11.0872,17,STA,WIFI_DROP,
11.0896,17,STA,WIFI_DROP,
11.092,17,STA,WIFI_DROP,
11.0944,17,STA,WIFI_DROP,
11.0968,17,STA,WIFI_DROP,
11.0992,17,STA,WIFI_DROP,
11.1016,17,STA,WIFI_DROP,
11.104,17,STA,WIFI_DROP,
11.1064,17,STA,WIFI_DROP,
11.1088,17,STA,WIFI_DROP,
11.1112,17,STA,WIFI_DROP,
11.1136,17,STA,WIFI_DROP,
11.116,17,STA,WIFI_DROP,
11.1184,17,STA,WIFI_DROP,
11.1208,17,STA,WIFI_DROP,
11.1232,17,STA,WIFI_DROP,
11.1256,17,STA,WIFI_DROP,
11.128,17,STA,WIFI_DROP,
11.1304,17,STA,WIFI_DROP,
11.1328,17,STA,WIFI_DROP,
11.1352,17,STA,WIFI_DROP,
11.1376,17,STA,WIFI_DROP,
11.14,17,STA,WIFI_DROP,
11.1424,17,STA,WIFI_DROP,
11.1448,17,STA,WIFI_DROP,
11.1472,17,STA,WIFI_DROP,
11.1496,17,STA,WIFI_DROP,
11.152,17,STA,WIFI_DROP,
11.1544,17,STA,WIFI_DROP,
11.1568,17,STA,WIFI_DROP,
11.1592,17,STA,WIFI_DROP,
11.1616,17,STA,WIFI_DROP,
11.164,17,STA,WIFI_DROP,
11.1664,17,STA,WIFI_DROP,
11.1688,17,STA,WIFI_DROP,
11.1712,17,STA,WIFI_DROP,
11.1736,17,STA,WIFI_DROP,
11.176,17,STA,WIFI_DROP,
11.1784,17,STA,WIFI_DROP,
11.1808,17,STA,WIFI_DROP,
11.1832,17,STA,WIFI_DROP,
11.1856,17,STA,WIFI_DROP,
11.188,17,STA,WIFI_DROP,
11.1904,17,STA,WIFI_DROP,
11.1928,17,STA,WIFI_DROP,
11.1952,17,STA,WIFI_DROP,
11.1976,17,STA,WIFI_DROP,
11.2,17,STA,WIFI_DROP,
11.2024,17,STA,WIFI_DROP,
11.2048,17,STA,WIFI_DROP,
11.2072,17,STA,WIFI_DROP,
11.2096,17,STA,WIFI_DROP,
11.212,17,STA,WIFI_DROP,
11.2144,17,STA,WIFI_DROP,
11.2168,17,STA,WIFI_DROP,
11.2192,17,STA,WIFI_DROP,
11.2216,17,STA,WIFI_DROP,
11.224,17,STA,WIFI_DROP,
11.2264,17,STA,WIFI_DROP,
11.2288,17,STA,WIFI_DROP,
11.2312,17,STA,WIFI_DROP,
11.2336,17,STA,WIFI_DROP,
11.236,17,STA,WIFI_DROP,
11.2384,17,STA,WIFI_DROP,
11.2408,17,STA,WIFI_DROP,
11.2432,17,STA,WIFI_DROP,
11.2456,17,STA,WIFI_DROP,
11.248,17,STA,WIFI_DROP,
11.2504,17,STA,WIFI_DROP,
11.2528,17,STA,WIFI_DROP,
11.2552,17,STA,WIFI_DROP,
11.2576,17,STA,WIFI_DROP,
11.26,17,STA,WIFI_DROP,
11.2624,17,STA,WIFI_DROP,
11.2648,17,STA,WIFI_DROP,
11.2672,17,STA,WIFI_DROP,
11.2696,17,STA,WIFI_DROP,
11.272,17,STA,WIFI_DROP,
11.2744,17,STA,WIFI_DROP,
11.2768,17,STA,WIFI_DROP,
11.2792,17,STA,WIFI_DROP,
11.2816,17,STA,WIFI_DROP,
11.284,17,STA,WIFI_DROP,
11.2864,17,STA,WIFI_DROP,
11.2888,17,STA,WIFI_DROP,
11.2912,17,STA,WIFI_DROP,
11.2936,17,STA,WIFI_DROP,
11.296,17,STA,WIFI_DROP,
11.2984,17,STA,WIFI_DROP,
11.3008,17,STA,WIFI_DROP,
11.3032,17,STA,WIFI_DROP,
11.3056,17,STA,WIFI_DROP,
11.308,17,STA,WIFI_DROP,
11.3104,17,STA,WIFI_DROP,
11.3128,17,STA,WIFI_DROP,
11.3152,17,STA,WIFI_DROP,
11.3176,17,STA,WIFI_DROP,
11.32,17,STA,WIFI_DROP,
11.3224,17,STA,WIFI_DROP,
11.3248,17,STA,WIFI_DROP,
11.3272,17,STA,WIFI_DROP,
11.3296,17,STA,WIFI_DROP,
11.332,17,STA,WIFI_DROP,
11.3344,17,STA,WIFI_DROP,
11.3368,17,STA,WIFI_DROP,
11.3392,17,STA,WIFI_DROP,
11.3416,17,STA,WIFI_DROP,
11.344,17,STA,WIFI_DROP,
11.3464,17,STA,WIFI_DROP,
11.3488,17,STA,WIFI_DROP,
11.3512,17,STA,WIFI_DROP,
11.3536,17,STA,WIFI_DROP,
11.356,17,STA,WIFI_DROP,
11.3584,17,STA,WIFI_DROP,
11.3608,17,STA,WIFI_DROP,
11.3632,17,STA,WIFI_DROP,
11.3656,17,STA,WIFI_DROP,
11.368,17,STA,WIFI_DROP,
11.3704,17,STA,WIFI_DROP,
11.3728,17,STA,WIFI_DROP,
11.3752,17,STA,WIFI_DROP,
11.3776,17,STA,WIFI_DROP,
11.38,17,STA,WIFI_DROP,
11.3824,17,STA,WIFI_DROP,
11.3848,17,STA,WIFI_DROP,
11.3872,17,STA,WIFI_DROP,
11.3896,17,STA,WIFI_DROP,
11.392,17,STA,WIFI_DROP,
11.3944,17,STA,WIFI_DROP,
11.3968,17,STA,WIFI_DROP,
11.3992,17,STA,WIFI_DROP,
11.4016,17,STA,WIFI_DROP,
11.404,17,STA,WIFI_DROP,
11.4064,17,STA,WIFI_DROP,
11.4088,17,STA,WIFI_DROP,
11.4112,17,STA,WIFI_DROP,
11.4136,17,STA,WIFI_DROP,
11.416,17,STA,WIFI_DROP,
11.4184,17,STA,WIFI_DROP,
11.4208,17,STA,WIFI_DROP,
11.4232,17,STA,WIFI_DROP,
11.4256,17,STA,WIFI_DROP,
11.428,17,STA,WIFI_DROP,
11.4304,17,STA,WIFI_DROP,
11.4328,17,STA,WIFI_DROP,
11.4352,17,STA,WIFI_DROP,
11.4376,17,STA,WIFI_DROP,
11.44,17,STA,WIFI_DROP,
11.4424,17,STA,WIFI_DROP,
11.4448,17,STA,WIFI_DROP,
11.4472,17,STA,WIFI_DROP,
11.4496,17,STA,WIFI_DROP,
11.452,17,STA,WIFI_DROP,
11.4544,17,STA,WIFI_DROP,
11.4568,17,STA,WIFI_DROP,
11.4592,17,STA,WIFI_DROP,
11.4616,17,STA,WIFI_DROP,
11.464,17,STA,WIFI_DROP,
11.4664,17,STA,WIFI_DROP,
11.4688,17,STA,WIFI_DROP,
11.4712,17,STA,WIFI_DROP,
11.4736,17,STA,WIFI_DROP,
11.476,17,STA,WIFI_DROP,
11.4784,17,STA,WIFI_DROP,
11.4808,17,STA,WIFI_DROP,
11.4832,17,STA,WIFI_DROP,
11.4856,17,STA,WIFI_DROP,
11.488,17,STA,WIFI_DROP,
11.4904,17,STA,WIFI_DROP,
11.4928,17,STA,WIFI_DROP,
11.4952,17,STA,WIFI_DROP,
11.4976,17,STA,WIFI_DROP,
11.5,17,STA,WIFI_DROP,
11.5024,17,STA,WIFI_DROP,
11.872,10,STA,WIFI_DROP,
11.8744,10,STA,WIFI_DROP,
11.8768,10,STA,WIFI_DROP,
11.8792,10,STA,WIFI_DROP,
11.8816,10,STA,WIFI_DROP,
11.884,10,STA,WIFI_DROP,
11.8864,10,STA,WIFI_DROP,
11.8888,10,STA,WIFI_DROP,
11.8912,10,STA,WIFI_DROP,
11.8936,10,STA,WIFI_DROP,
11.896,10,STA,WIFI_DROP,
11.8984,10,STA,WIFI_DROP,
11.9008,10,STA,WIFI_DROP,
11.9032,10,STA,WIFI_DROP,
11.9056,10,STA,WIFI_DROP,
11.908,10,STA,WIFI_DROP,
11.9104,10,STA,WIFI_DROP,
11.9128,10,STA,WIFI_DROP,
11.9152,10,STA,WIFI_DROP,
11.9176,10,STA,WIFI_DROP,
11.92,10,STA,WIFI_DROP,
11.9224,10,STA,WIFI_DROP,
11.9248,10,STA,WIFI_DROP,
11.9272,10,STA,WIFI_DROP,
11.9296,10,STA,WIFI_DROP,
11.932,10,STA,WIFI_DROP,
11.9344,10,STA,WIFI_DROP,
11.9368,10,STA,WIFI_DROP,
11.9392,10,STA,WIFI_DROP,
11.9416,10,STA,WIFI_DROP,
11.944,10,STA,WIFI_DROP,
11.9464,10,STA,WIFI_DROP,
11.9488,10,STA,WIFI_DROP,
11.9512,10,STA,WIFI_DROP,
11.9536,10,STA,WIFI_DROP,
11.956,10,STA,WIFI_DROP,
11.9584,10,STA,WIFI_DROP,
11.9608,10,STA,WIFI_DROP,
11.9632,10,STA,WIFI_DROP,
11.9656,10,STA,WIFI_DROP,
11.968,10,STA,WIFI_DROP,
11.9704,10,STA,WIFI_DROP,
11.9728,10,STA,WIFI_DROP,
11.9752,7,STA,WIFI_DROP,
11.9752,8,STA,WIFI_DROP,
11.9752,9,STA,WIFI_DROP,
11.9752,10,STA,WIFI_DROP,
11.9776,7,STA,WIFI_DROP,
11.9776,8,STA,WIFI_DROP,
11.9776,9,STA,WIFI_DROP,
11.9776,10,STA,WIFI_DROP,
11.98,7,STA,WIFI_DROP,
11.98,8,STA,WIFI_DROP,
11.98,9,STA,WIFI_DROP,
11.98,10,STA,WIFI_DROP,
11.9824,7,STA,WIFI_DROP,
11.9824,8,STA,WIFI_DROP,
11.9824,9,STA,WIFI_DROP,
11.9824,10,STA,WIFI_DROP,
11.9848,7,STA,WIFI_DROP,
11.9848,8,STA,WIFI_DROP,
11.9848,9,STA,WIFI_DROP,
11.9848,10,STA,WIFI_DROP,
11.9872,7,STA,WIFI_DROP,
11.9872,8,STA,WIFI_DROP,
11.9872,9,STA,WIFI_DROP,
11.9872,10,STA,WIFI_DROP,
11.9896,7,STA,WIFI_DROP,
11.9896,8,STA,WIFI_DROP,
11.9896,9,STA,WIFI_DROP,
11.9896,10,STA,WIFI_DROP,
11.992,7,STA,WIFI_DROP,
11.992,8,STA,WIFI_DROP,
11.992,9,STA,WIFI_DROP,
11.992,10,STA,WIFI_DROP,
11.9944,7,STA,WIFI_DROP,
11.9944,8,STA,WIFI_DROP,
11.9944,9,STA,WIFI_DROP,
11.9944,10,STA,WIFI_DROP,
11.9968,7,STA,WIFI_DROP,
11.9968,8,STA,WIFI_DROP,
11.9968,9,STA,WIFI_DROP,
11.9968,10,STA,WIFI_DROP,
11.9992,7,STA,WIFI_DROP,
11.9992,8,STA,WIFI_DROP,
11.9992,9,STA,WIFI_DROP,
11.9992,10,STA,WIFI_DROP,
12,2,STA,THROUGHPUT_MBPS,1.944000
12,3,STA,THROUGHPUT_MBPS,4.644000
12,4,STA,THROUGHPUT_MBPS,1.608000
12,5,STA,THROUGHPUT_MBPS,3.264000
12,6,STA,THROUGHPUT_MBPS,2.256000
12,7,STA,THROUGHPUT_MBPS,4.512000
12,8,STA,THROUGHPUT_MBPS,1.608000
12,9,STA,THROUGHPUT_MBPS,0.732000
12,10,STA,THROUGHPUT_MBPS,1.452000
12,11,STA,THROUGHPUT_MBPS,3.984000
12,13,STA,THROUGHPUT_MBPS,2.940000
12,14,STA,THROUGHPUT_MBPS,2.088000
12,15,STA,THROUGHPUT_MBPS,3.168000
12,16,STA,THROUGHPUT_MBPS,1.056000
12,17,STA,THROUGHPUT_MBPS,0.420000
12,18,STA,THROUGHPUT_MBPS,1.320000
12,20,STA,THROUGHPUT_MBPS,5.988000
12,21,STA,THROUGHPUT_MBPS,4.476000
12,1,AP,AGGREGATE_THROUGHPUT_MBPS,47.460000
12,1,AP,SENT_COUNT,8340.000000
12,1,AP,RECV_COUNT,3955.000000
12,1,AP,LATENCY_P95_MS,542.309016
12.0016,7,STA,WIFI_DROP,
12.0016,8,STA,WIFI_DROP,
12.0016,9,STA,WIFI_DROP,
12.0016,10,STA,WIFI_DROP,
12.004,7,STA,WIFI_DROP,
12.004,8,STA,WIFI_DROP,
12.004,9,STA,WIFI_DROP,
12.004,10,STA,WIFI_DROP,
12.0064,7,STA,WIFI_DROP,
12.0064,8,STA,WIFI_DROP,
12.0064,9,STA,WIFI_DROP,
12.0064,10,STA,WIFI_DROP,
12.0088,7,STA,WIFI_DROP,
12.0088,8,STA,WIFI_DROP,
12.0088,9,STA,WIFI_DROP,
12.0088,10,STA,WIFI_DROP,
12.0112,7,STA,WIFI_DROP,
12.0112,8,STA,WIFI_DROP,
12.0112,9,STA,WIFI_DROP,
12.0112,10,STA,WIFI_DROP,
12.0136,7,STA,WIFI_DROP,
12.0136,8,STA,WIFI_DROP,
12.0136,9,STA,WIFI_DROP,
12.0136,10,STA,WIFI_DROP,
12.016,7,STA,WIFI_DROP,
12.016,8,STA,WIFI_DROP,
12.016,9,STA,WIFI_DROP,
12.016,10,STA,WIFI_DROP,
12.0184,7,STA,WIFI_DROP,
12.0184,8,STA,WIFI_DROP,
12.0184,9,STA,WIFI_DROP,
12.0184,10,STA,WIFI_DROP,
12.0208,7,STA,WIFI_DROP,
12.0208,8,STA,WIFI_DROP,
12.0208,9,STA,WIFI_DROP,
12.0208,10,STA,WIFI_DROP,
12.0232,7,STA,WIFI_DROP,
12.0232,8,STA,WIFI_DROP,
12.0232,9,STA,WIFI_DROP,
12.0232,10,STA,WIFI_DROP,
12.0256,7,STA,WIFI_DROP,
12.0256,8,STA,WIFI_DROP,
12.0256,10,STA,WIFI_DROP,
12.028,7,STA,WIFI_DROP,
12.028,10,STA,WIFI_DROP,
12.0304,7,STA,WIFI_DROP,
12.0304,10,STA,WIFI_DROP,
12.0328,7,STA,WIFI_DROP,
12.0328,10,STA,WIFI_DROP,
12.0352,7,STA,WIFI_DROP,
12.0352,10,STA,WIFI_DROP,
12.0376,7,STA,WIFI_DROP,
12.0376,10,STA,WIFI_DROP,
12.04,7,STA,WIFI_DROP,
12.04,10,STA,WIFI_DROP,
12.0424,7,STA,WIFI_DROP,
12.0424,10,STA,WIFI_DROP,
12.0448,7,STA,WIFI_DROP,
12.0448,10,STA,WIFI_DROP,
12.0472,7,STA,WIFI_DROP,
12.0472,10,STA,WIFI_DROP,
12.0496,7,STA,WIFI_DROP,
12.0496,10,STA,WIFI_DROP,
12.052,7,STA,WIFI_DROP,
12.052,10,STA,WIFI_DROP,
12.0544,7,STA,WIFI_DROP,
12.0544,10,STA,WIFI_DROP,
12.0568,7,STA,WIFI_DROP,
12.0568,10,STA,WIFI_DROP,
12.0592,7,STA,WIFI_DROP,
12.0592,10,STA,WIFI_DROP,
12.0616,7,STA,WIFI_DROP,
12.0616,10,STA,WIFI_DROP,
12.064,7,STA,WIFI_DROP,
12.064,10,STA,WIFI_DROP,
12.0664,7,STA,WIFI_DROP,
12.0664,10,STA,WIFI_DROP,
12.0688,7,STA,WIFI_DROP,
12.0688,10,STA,WIFI_DROP,
12.0712,7,STA,WIFI_DROP,
12.0712,10,STA,WIFI_DROP,
12.0736,7,STA,WIFI_DROP,
12.0736,10,STA,WIFI_DROP,
12.076,5,STA,WIFI_DROP,
12.076,7,STA,WIFI_DROP,
12.076,10,STA,WIFI_DROP,
12.0784,5,STA,WIFI_DROP,
12.0784,7,STA,WIFI_DROP,
12.0784,10,STA,WIFI_DROP,
12.0808,5,STA,WIFI_DROP,
12.0808,7,STA,WIFI_DROP,
12.0808,10,STA,WIFI_DROP,
12.0832,5,STA,WIFI_DROP,
12.0832,7,STA,WIFI_DROP,
12.0832,10,STA,WIFI_DROP,
12.0856,5,STA,WIFI_DROP,
12.0856,7,STA,WIFI_DROP,
12.0856,10,STA,WIFI_DROP,
12.088,5,STA,WIFI_DROP,
12.088,7,STA,WIFI_DROP,
12.088,10,STA,WIFI_DROP,
12.0904,5,STA,WIFI_DROP,
12.0904,7,STA,WIFI_DROP,
12.0904,10,STA,WIFI_DROP,
12.0928,5,STA,WIFI_DROP,
12.0928,7,STA,WIFI_DROP,
12.0928,10,STA,WIFI_DROP,
12.0952,5,STA,WIFI_DROP,
12.0952,7,STA,WIFI_DROP,
12.0952,10,STA,WIFI_DROP,
12.0976,5,STA,WIFI_DROP,
12.0976,7,STA,WIFI_DROP,
12.0976,10,STA,WIFI_DROP,
12.1,5,STA,WIFI_DROP,
12.1,7,STA,WIFI_DROP,
12.1,10,STA,WIFI_DROP,
12.1024,5,STA,WIFI_DROP,
12.1024,7,STA,WIFI_DROP,
12.1024,10,STA,WIFI_DROP,
12.1048,5,STA,WIFI_DROP,
12.1048,7,STA,WIFI_DROP,
12.1048,10,STA,WIFI_DROP,
12.1072,5,STA,WIFI_DROP,
12.1072,7,STA,WIFI_DROP,
12.1072,10,STA,WIFI_DROP,
12.1096,5,STA,WIFI_DROP,
12.1096,7,STA,WIFI_DROP,
12.1096,10,STA,WIFI_DROP,
12.112,5,STA,WIFI_DROP,
12.112,7,STA,WIFI_DROP,
12.112,10,STA,WIFI_DROP,
12.1144,5,STA,WIFI_DROP,
12.1144,7,STA,WIFI_DROP,
12.1144,10,STA,WIFI_DROP,
12.1168,5,STA,WIFI_DROP,
12.1168,7,STA,WIFI_DROP,
12.1168,10,STA,WIFI_DROP,
12.1192,5,STA,WIFI_DROP,
12.1192,7,STA,WIFI_DROP,
12.1192,10,STA,WIFI_DROP,
12.1216,5,STA,WIFI_DROP,
12.1216,7,STA,WIFI_DROP,
12.1216,10,STA,WIFI_DROP,
12.124,5,STA,WIFI_DROP,
12.124,7,STA,WIFI_DROP,
12.1264,5,STA,WIFI_DROP,
12.1264,7,STA,WIFI_DROP,
12.1288,5,STA,WIFI_DROP,
12.1288,7,STA,WIFI_DROP,
12.1312,5,STA,WIFI_DROP,
12.1312,7,STA,WIFI_DROP,
12.1336,5,STA,WIFI_DROP,
12.1336,7,STA,WIFI_DROP,
12.136,5,STA,WIFI_DROP,
12.136,7,STA,WIFI_DROP,
12.1384,5,STA,WIFI_DROP,
12.1384,7,STA,WIFI_DROP,
12.1408,5,STA,WIFI_DROP,
12.1408,7,STA,WIFI_DROP,
12.1432,5,STA,WIFI_DROP,
12.1432,7,STA,WIFI_DROP,
12.1456,5,STA,WIFI_DROP,
12.1456,7,STA,WIFI_DROP,
12.148,5,STA,WIFI_DROP,
12.148,7,STA,WIFI_DROP,
12.1504,5,STA,WIFI_DROP,
12.1504,7,STA,WIFI_DROP,
12.1528,5,STA,WIFI_DROP,
12.1528,7,STA,WIFI_DROP,
12.1552,5,STA,WIFI_DROP,
12.1552,7,STA,WIFI_DROP,
12.1576,5,STA,WIFI_DROP,
12.1576,7,STA,WIFI_DROP,
12.16,5,STA,WIFI_DROP,
12.16,7,STA,WIFI_DROP,
12.1624,5,STA,WIFI_DROP,
12.1624,7,STA,WIFI_DROP,
12.1648,5,STA,WIFI_DROP,
12.1648,7,STA,WIFI_DROP,
12.1672,5,STA,WIFI_DROP,
12.1672,7,STA,WIFI_DROP,
12.1696,5,STA,WIFI_DROP,
12.1696,7,STA,WIFI_DROP,
12.172,5,STA,WIFI_DROP,
12.172,7,STA,WIFI_DROP,
12.1744,5,STA,WIFI_DROP,
12.1744,7,STA,WIFI_DROP,
12.1768,5,STA,WIFI_DROP,
12.1768,7,STA,WIFI_DROP,
12.1792,5,STA,WIFI_DROP,
12.1816,5,STA,WIFI_DROP,
12.184,5,STA,WIFI_DROP,
12.1864,5,STA,WIFI_DROP,
12.1888,5,STA,WIFI_DROP,
12.1912,5,STA,WIFI_DROP,
12.1936,5,STA,WIFI_DROP,
12.196,5,STA,WIFI_DROP,
12.1984,5,STA,WIFI_DROP,
12.2008,5,STA,WIFI_DROP,
12.2032,5,STA,WIFI_DROP,
12.2056,5,STA,WIFI_DROP,
12.208,5,STA,WIFI_DROP,
12.2104,5,STA,WIFI_DROP,
12.2128,5,STA,WIFI_DROP,
12.2152,5,STA,WIFI_DROP,
12.2176,5,STA,WIFI_DROP,
12.22,5,STA,WIFI_DROP,
12.2224,5,STA,WIFI_DROP,
12.2248,5,STA,WIFI_DROP,
12.2272,5,STA,WIFI_DROP,
12.2296,5,STA,WIFI_DROP,
12.232,5,STA,WIFI_DROP,
13,2,STA,THROUGHPUT_MBPS,3.144000
13,3,STA,THROUGHPUT_MBPS,3.180000
13,4,STA,THROUGHPUT_MBPS,1.872000
13,5,STA,THROUGHPUT_MBPS,3.888000
13,6,STA,THROUGHPUT_MBPS,3.048000
13,8,STA,THROUGHPUT_MBPS,0.312000
13,9,STA,THROUGHPUT_MBPS,3.288000
13,11,STA,THROUGHPUT_MBPS,3.648000
13,13,STA,THROUGHPUT_MBPS,1.860000
13,14,STA,THROUGHPUT_MBPS,3.048000
13,15,STA,THROUGHPUT_MBPS,3.792000
13,16,STA,THROUGHPUT_MBPS,3.216000
13,17,STA,THROUGHPUT_MBPS,1.392000
13,18,STA,THROUGHPUT_MBPS,2.556000
13,20,STA,THROUGHPUT_MBPS,2.448000
13,21,STA,THROUGHPUT_MBPS,3.108000
13,1,AP,AGGREGATE_THROUGHPUT_MBPS,43.800000
13,1,AP,SENT_COUNT,8320.000000
13,1,AP,RECV_COUNT,3650.000000
13,1,AP,LATENCY_P95_MS,543.300841
13.5112,19,STA,WIFI_DROP,
13.5136,19,STA,WIFI_DROP,
13.516,19,STA,WIFI_DROP,
13.5184,19,STA,WIFI_DROP,
13.5208,19,STA,WIFI_DROP,
13.5232,19,STA,WIFI_DROP,
13.5256,19,STA,WIFI_DROP,
13.528,19,STA,WIFI_DROP,
13.5304,19,STA,WIFI_DROP,
13.5328,19,STA,WIFI_DROP,
13.5352,19,STA,WIFI_DROP,
13.5376,19,STA,WIFI_DROP,
13.54,19,STA,WIFI_DROP,
13.5424,19,STA,WIFI_DROP,
13.5448,19,STA,WIFI_DROP,
13.5472,19,STA,WIFI_DROP,
13.5496,19,STA,WIFI_DROP,
13.552,19,STA,WIFI_DROP,
13.5544,19,STA,WIFI_DROP,
13.5568,19,STA,WIFI_DROP,
13.5592,19,STA,WIFI_DROP,
13.5616,19,STA,WIFI_DROP,
13.564,19,STA,WIFI_DROP,
13.5664,19,STA,WIFI_DROP,
13.5688,19,STA,WIFI_DROP,
13.5712,19,STA,WIFI_DROP,
13.5736,19,STA,WIFI_DROP,
13.576,19,STA,WIFI_DROP,
13.5784,19,STA,WIFI_DROP,
13.5808,19,STA,WIFI_DROP,
13.5832,19,STA,WIFI_DROP,
13.5856,19,STA,WIFI_DROP,
13.588,19,STA,WIFI_DROP,
13.5904,19,STA,WIFI_DROP,
13.5928,19,STA,WIFI_DROP,
13.5952,19,STA,WIFI_DROP,
13.5976,19,STA,WIFI_DROP,
13.6,19,STA,WIFI_DROP,
13.6024,19,STA,WIFI_DROP,
13.6048,19,STA,WIFI_DROP,
13.6072,19,STA,WIFI_DROP,
13.6096,19,STA,WIFI_DROP,
13.612,19,STA,WIFI_DROP,
13.6144,19,STA,WIFI_DROP,
13.6168,19,STA,WIFI_DROP,
13.6192,19,STA,WIFI_DROP,
13.6216,19,STA,WIFI_DROP,
13.624,19,STA,WIFI_DROP,
13.6264,19,STA,WIFI_DROP,
13.6288,19,STA,WIFI_DROP,
13.6312,19,STA,WIFI_DROP,
13.6336,19,STA,WIFI_DROP,
13.636,19,STA,WIFI_DROP,
13.6384,19,STA,WIFI_DROP,
13.6408,19,STA,WIFI_DROP,
13.6432,19,STA,WIFI_DROP,
13.6456,19,STA,WIFI_DROP,
13.648,19,STA,WIFI_DROP,
13.6504,19,STA,WIFI_DROP,
13.6528,19,STA,WIFI_DROP,
13.6552,19,STA,WIFI_DROP,
13.6576,19,STA,WIFI_DROP,
14,2,STA,THROUGHPUT_MBPS,2.688000
14,3,STA,THROUGHPUT_MBPS,3.924000
14,4,STA,THROUGHPUT_MBPS,2.364000
14,5,STA,THROUGHPUT_MBPS,2.640000
14,6,STA,THROUGHPUT_MBPS,1.596000
14,9,STA,THROUGHPUT_MBPS,2.364000
14,11,STA,THROUGHPUT_MBPS,2.040000
14,13,STA,THROUGHPUT_MBPS,1.716000
14,14,STA,THROUGHPUT_MBPS,3.000000
14,15,STA,THROUGHPUT_MBPS,5.064000
14,16,STA,THROUGHPUT_MBPS,0.996000
14,17,STA,THROUGHPUT_MBPS,3.696000
14,18,STA,THROUGHPUT_MBPS,1.776000
14,19,STA,THROUGHPUT_MBPS,0.060000
14,20,STA,THROUGHPUT_MBPS,3.708000
14,21,STA,THROUGHPUT_MBPS,4.968000
14,1,AP,AGGREGATE_THROUGHPUT_MBPS,42.600000
14,1,AP,SENT_COUNT,8340.000000
14,1,AP,RECV_COUNT,3550.000000
14,1,AP,LATENCY_P95_MS,559.132279
14.9464,6,STA,WIFI_DROP,
14.9488,6,STA,WIFI_DROP,
14.9512,6,STA,WIFI_DROP,
14.9536,6,STA,WIFI_DROP,
14.956,6,STA,WIFI_DROP,
14.9584,6,STA,WIFI_DROP,
14.9608,6,STA,WIFI_DROP,
14.9632,6,STA,WIFI_DROP,
14.9656,6,STA,WIFI_DROP,
14.968,6,STA,WIFI_DROP,
14.9704,6,STA,WIFI_DROP,
14.9728,6,STA,WIFI_DROP,
14.9752,6,STA,WIFI_DROP,
14.9776,6,STA,WIFI_DROP,
14.98,6,STA,WIFI_DROP,
14.9824,6,STA,WIFI_DROP,
14.9848,6,STA,WIFI_DROP,
14.9872,6,STA,WIFI_DROP,
14.9896,6,STA,WIFI_DROP,
14.992,6,STA,WIFI_DROP,
14.9944,6,STA,WIFI_DROP,
14.9968,6,STA,WIFI_DROP,
14.9992,6,STA,WIFI_DROP,
15,2,STA,THROUGHPUT_MBPS,1.164000
15,3,STA,THROUGHPUT_MBPS,3.996000
15,4,STA,THROUGHPUT_MBPS,1.428000
15,5,STA,THROUGHPUT_MBPS,2.832000
15,6,STA,THROUGHPUT_MBPS,4.320000
15,9,STA,THROUGHPUT_MBPS,4.176000
15,11,STA,THROUGHPUT_MBPS,2.052000
15,13,STA,THROUGHPUT_MBPS,1.908000
15,14,STA,THROUGHPUT_MBPS,5.244000
15,15,STA,THROUGHPUT_MBPS,2.904000
15,16,STA,THROUGHPUT_MBPS,2.568000
15,17,STA,THROUGHPUT_MBPS,0.636000
15,18,STA,THROUGHPUT_MBPS,2.592000
15,19,STA,THROUGHPUT_MBPS,3.744000
15,20,STA,THROUGHPUT_MBPS,0.720000
15,21,STA,THROUGHPUT_MBPS,1.464000
15,1,AP,AGGREGATE_THROUGHPUT_MBPS,41.748000
15,1,AP,SENT_COUNT,8340.000000
15,1,AP,RECV_COUNT,3479.000000
15,1,AP,LATENCY_P95_MS,561.585943
15.0016,6,STA,WIFI_DROP,
15.004,6,STA,WIFI_DROP,
15.0064,6,STA,WIFI_DROP,
15.0088,6,STA,WIFI_DROP,
15.0112,6,STA,WIFI_DROP,
15.0136,6,STA,WIFI_DROP,
15.016,6,STA,WIFI_DROP,
15.0184,6,STA,WIFI_DROP,
15.0208,6,STA,WIFI_DROP,
15.0232,6,STA,WIFI_DROP,
15.0256,6,STA,WIFI_DROP,
15.028,6,STA,WIFI_DROP,
15.0304,6,STA,WIFI_DROP,
15.0328,6,STA,WIFI_DROP,
15.0352,6,STA,WIFI_DROP,
15.0376,6,STA,WIFI_DROP,
15.04,6,STA,WIFI_DROP,
15.0424,6,STA,WIFI_DROP,
15.0448,6,STA,WIFI_DROP,
15.0472,6,STA,WIFI_DROP,
15.0496,6,STA,WIFI_DROP,
15.052,6,STA,WIFI_DROP,
15.0544,6,STA,WIFI_DROP,
15.0568,6,STA,WIFI_DROP,
15.0592,6,STA,WIFI_DROP,
15.0616,6,STA,WIFI_DROP,
15.064,6,STA,WIFI_DROP,
15.0664,6,STA,WIFI_DROP,
15.0688,6,STA,WIFI_DROP,
15.0712,6,STA,WIFI_DROP,
15.0736,6,STA,WIFI_DROP,
15.076,6,STA,WIFI_DROP,
15.0784,6,STA,WIFI_DROP,
15.0808,6,STA,WIFI_DROP,
15.0832,6,STA,WIFI_DROP,
15.0856,6,STA,WIFI_DROP,
15.088,6,STA,WIFI_DROP,
15.0904,6,STA,WIFI_DROP,
15.0928,6,STA,WIFI_DROP,
15.0952,6,STA,WIFI_DROP,
15.0976,6,STA,WIFI_DROP,
15.1,6,STA,WIFI_DROP,
15.1024,6,STA,WIFI_DROP,
15.1048,6,STA,WIFI_DROP,
15.1072,6,STA,WIFI_DROP,
15.1096,6,STA,WIFI_DROP,
15.112,6,STA,WIFI_DROP,
15.1144,6,STA,WIFI_DROP,
15.1168,6,STA,WIFI_DROP,
15.1192,6,STA,WIFI_DROP,
15.1216,6,STA,WIFI_DROP,
15.124,6,STA,WIFI_DROP,
15.1264,6,STA,WIFI_DROP,
15.1288,6,STA,WIFI_DROP,
15.1312,6,STA,WIFI_DROP,
15.1336,6,STA,WIFI_DROP,
15.136,6,STA,WIFI_DROP,
15.1384,6,STA,WIFI_DROP,
15.1408,6,STA,WIFI_DROP,
15.1432,6,STA,WIFI_DROP,
15.1456,6,STA,WIFI_DROP,
15.148,6,STA,WIFI_DROP,
15.4576,17,STA,WIFI_DROP,
15.46,17,STA,WIFI_DROP,
15.4624,17,STA,WIFI_DROP,
15.4648,17,STA,WIFI_DROP,
15.4672,17,STA,WIFI_DROP,
15.4696,17,STA,WIFI_DROP,
15.472,17,STA,WIFI_DROP,
15.4744,17,STA,WIFI_DROP,
15.4768,17,STA,WIFI_DROP,
15.4792,17,STA,WIFI_DROP,
15.4816,17,STA,WIFI_DROP,
15.484,17,STA,WIFI_DROP,
15.4864,17,STA,WIFI_DROP,
15.4888,17,STA,WIFI_DROP,
15.4912,17,STA,WIFI_DROP,
15.4936,17,STA,WIFI_DROP,
15.496,17,STA,WIFI_DROP,
15.4984,17,STA,WIFI_DROP,
15.5008,17,STA,WIFI_DROP,
15.5032,17,STA,WIFI_DROP,
15.5056,17,STA,WIFI_DROP,
15.508,17,STA,WIFI_DROP,
15.5104,17,STA,WIFI_DROP,
15.5128,17,STA,WIFI_DROP,
15.5152,17,STA,WIFI_DROP,
15.5176,17,STA,WIFI_DROP,
15.52,17,STA,WIFI_DROP,
15.5224,17,STA,WIFI_DROP,
15.5248,17,STA,WIFI_DROP,
15.5272,17,STA,WIFI_DROP,
15.5296,17,STA,WIFI_DROP,
15.532,17,STA,WIFI_DROP,
15.5344,17,STA,WIFI_DROP,
15.5368,17,STA,WIFI_DROP,
15.5392,17,STA,WIFI_DROP,
15.5416,17,STA,WIFI_DROP,
15.544,17,STA,WIFI_DROP,
15.5464,17,STA,WIFI_DROP,
15.5488,17,STA,WIFI_DROP,
15.5512,17,STA,WIFI_DROP,
15.5536,17,STA,WIFI_DROP,
15.556,17,STA,WIFI_DROP,
15.5584,17,STA,WIFI_DROP,
15.5608,17,STA,WIFI_DROP,
15.5632,17,STA,WIFI_DROP,
15.5656,17,STA,WIFI_DROP,
15.568,17,STA,WIFI_DROP,
15.5704,17,STA,WIFI_DROP,
15.5728,17,STA,WIFI_DROP,
15.5752,17,STA,WIFI_DROP,
15.5776,17,STA,WIFI_DROP,
15.58,17,STA,WIFI_DROP,
15.5824,17,STA,WIFI_DROP,
15.5848,17,STA,WIFI_DROP,
15.5872,17,STA,WIFI_DROP,
15.5896,17,STA,WIFI_DROP,
15.592,17,STA,WIFI_DROP,
15.5944,17,STA,WIFI_DROP,
15.5968,17,STA,WIFI_DROP,
15.5992,17,STA,WIFI_DROP,
15.6016,17,STA,WIFI_DROP,
15.604,17,STA,WIFI_DROP,
15.6064,17,STA,WIFI_DROP,
15.6088,17,STA,WIFI_DROP,
15.6112,17,STA,WIFI_DROP,
15.6136,17,STA,WIFI_DROP,
15.616,17,STA,WIFI_DROP,
15.6184,17,STA,WIFI_DROP,
15.6208,17,STA,WIFI_DROP,
15.6232,17,STA,WIFI_DROP,
15.6256,17,STA,WIFI_DROP,
15.628,17,STA,WIFI_DROP,
15.6304,17,STA,WIFI_DROP,
15.6328,17,STA,WIFI_DROP,
15.6352,17,STA,WIFI_DROP,
15.6376,17,STA,WIFI_DROP,
15.64,17,STA,WIFI_DROP,
15.6424,17,STA,WIFI_DROP,
15.6448,17,STA,WIFI_DROP,
15.6472,17,STA,WIFI_DROP,
15.6496,17,STA,WIFI_DROP,
15.652,17,STA,WIFI_DROP,
15.6544,17,STA,WIFI_DROP,
15.6568,17,STA,WIFI_DROP,
15.6592,17,STA,WIFI_DROP,
15.6616,17,STA,WIFI_DROP,
15.664,17,STA,WIFI_DROP,
15.6664,17,STA,WIFI_DROP,
15.6688,17,STA,WIFI_DROP,
15.6712,17,STA,WIFI_DROP,
15.6736,17,STA,WIFI_DROP,
15.676,17,STA,WIFI_DROP,
15.6784,17,STA,WIFI_DROP,
15.6808,17,STA,WIFI_DROP,
15.6832,17,STA,WIFI_DROP,
15.6856,17,STA,WIFI_DROP,
15.688,17,STA,WIFI_DROP,
15.6904,17,STA,WIFI_DROP,
15.6928,17,STA,WIFI_DROP,
15.6952,17,STA,WIFI_DROP,
15.6976,17,STA,WIFI_DROP,
15.7,17,STA,WIFI_DROP,
15.7024,17,STA,WIFI_DROP,
15.7048,17,STA,WIFI_DROP,
15.7072,17,STA,WIFI_DROP,
15.7096,17,STA,WIFI_DROP,
15.712,17,STA,WIFI_DROP,
15.7144,17,STA,WIFI_DROP,
15.7168,17,STA,WIFI_DROP,
15.7192,17,STA,WIFI_DROP,
15.7216,17,STA,WIFI_DROP,
15.724,17,STA,WIFI_DROP,
15.7264,17,STA,WIFI_DROP,
15.7288,17,STA,WIFI_DROP,
15.7312,17,STA,WIFI_DROP,
15.7336,17,STA,WIFI_DROP,
15.736,17,STA,WIFI_DROP,
15.7384,17,STA,WIFI_DROP,
15.7408,17,STA,WIFI_DROP,
15.7432,17,STA,WIFI_DROP,
15.7456,17,STA,WIFI_DROP,
15.748,17,STA,WIFI_DROP,
15.7504,17,STA,WIFI_DROP,
15.7528,17,STA,WIFI_DROP,
15.7552,17,STA,WIFI_DROP,
15.7576,17,STA,WIFI_DROP,
15.76,17,STA,WIFI_DROP,
15.7624,17,STA,WIFI_DROP,
15.7648,17,STA,WIFI_DROP,
15.7672,17,STA,WIFI_DROP,
15.7696,17,STA,WIFI_DROP,
15.772,17,STA,WIFI_DROP,
15.7744,17,STA,WIFI_DROP,
15.7768,17,STA,WIFI_DROP,
15.7792,17,STA,WIFI_DROP,
15.7816,17,STA,WIFI_DROP,
15.784,17,STA,WIFI_DROP,
15.7864,17,STA,WIFI_DROP,
15.7888,17,STA,WIFI_DROP,
15.7912,17,STA,WIFI_DROP,
15.7936,17,STA,WIFI_DROP,
15.796,17,STA,WIFI_DROP,
15.7984,17,STA,WIFI_DROP,
15.8008,17,STA,WIFI_DROP,
15.8032,17,STA,WIFI_DROP,
15.8056,17,STA,WIFI_DROP,
15.808,17,STA,WIFI_DROP,
15.8104,17,STA,WIFI_DROP,
15.8128,17,STA,WIFI_DROP,
15.8152,17,STA,WIFI_DROP,
15.8176,17,STA,WIFI_DROP,
15.82,17,STA,WIFI_DROP,
15.8224,17,STA,WIFI_DROP,
15.8248,17,STA,WIFI_DROP,
15.8272,17,STA,WIFI_DROP,
15.8296,17,STA,WIFI_DROP,
15.832,17,STA,WIFI_DROP,
15.8344,17,STA,WIFI_DROP,
15.8368,17,STA,WIFI_DROP,
15.8392,17,STA,WIFI_DROP,
15.8416,17,STA,WIFI_DROP,
15.844,17,STA,WIFI_DROP,
15.8464,17,STA,WIFI_DROP,
15.8488,17,STA,WIFI_DROP,
15.8512,17,STA,WIFI_DROP,
15.8536,17,STA,WIFI_DROP,
15.856,17,STA,WIFI_DROP,
15.8584,17,STA,WIFI_DROP,
15.8608,17,STA,WIFI_DROP,
15.8632,17,STA,WIFI_DROP,
15.8656,17,STA,WIFI_DROP,
15.868,17,STA,WIFI_DROP,
15.8704,17,STA,WIFI_DROP,
15.8728,17,STA,WIFI_DROP,
15.8752,17,STA,WIFI_DROP,
15.8776,17,STA,WIFI_DROP,
15.88,17,STA,WIFI_DROP,
15.8824,17,STA,WIFI_DROP,
15.8848,17,STA,WIFI_DROP,
15.8872,17,STA,WIFI_DROP,
15.8896,17,STA,WIFI_DROP,
15.892,17,STA,WIFI_DROP,
15.8944,17,STA,WIFI_DROP,
15.8968,17,STA,WIFI_DROP,
15.8992,17,STA,WIFI_DROP,
15.9016,17,STA,WIFI_DROP,
15.904,17,STA,WIFI_DROP,
15.9064,17,STA,WIFI_DROP,
15.9088,17,STA,WIFI_DROP,
15.9112,17,STA,WIFI_DROP,
15.9136,17,STA,WIFI_DROP,
15.916,17,STA,WIFI_DROP,
15.9184,17,STA,WIFI_DROP,
15.9208,17,STA,WIFI_DROP,
15.9232,17,STA,WIFI_DROP,
15.9256,17,STA,WIFI_DROP,
15.928,17,STA,WIFI_DROP,
15.9304,17,STA,WIFI_DROP,
15.9328,17,STA,WIFI_DROP,
15.9352,17,STA,WIFI_DROP,
15.9376,17,STA,WIFI_DROP,
15.94,17,STA,WIFI_DROP,
15.9424,17,STA,WIFI_DROP,
15.9448,17,STA,WIFI_DROP,
15.9472,17,STA,WIFI_DROP,
15.9496,17,STA,WIFI_DROP,
15.952,17,STA,WIFI_DROP,
15.9544,17,STA,WIFI_DROP,
15.9568,17,STA,WIFI_DROP,
15.9592,17,STA,WIFI_DROP,
15.9616,17,STA,WIFI_DROP,
15.964,17,STA,WIFI_DROP,
15.9664,17,STA,WIFI_DROP,
15.9688,17,STA,WIFI_DROP,
15.9712,17,STA,WIFI_DROP,
15.9736,17,STA,WIFI_DROP,
15.976,17,STA,WIFI_DROP,
15.9784,17,STA,WIFI_DROP,
15.9808,17,STA,WIFI_DROP,
15.9832,17,STA,WIFI_DROP,
15.9856,17,STA,WIFI_DROP,
15.988,17,STA,WIFI_DROP,
15.9904,17,STA,WIFI_DROP,
15.9928,17,STA,WIFI_DROP,
15.9952,17,STA,WIFI_DROP,
15.9976,17,STA,WIFI_DROP,
16,2,STA,THROUGHPUT_MBPS,5.100000
16,3,STA,THROUGHPUT_MBPS,4.956000
16,4,STA,THROUGHPUT_MBPS,2.424000
16,5,STA,THROUGHPUT_MBPS,1.632000
16,6,STA,THROUGHPUT_MBPS,0.828000
16,9,STA,THROUGHPUT_MBPS,3.372000
16,11,STA,THROUGHPUT_MBPS,4.692000
16,13,STA,THROUGHPUT_MBPS,2.004000
16,14,STA,THROUGHPUT_MBPS,0.996000
16,15,STA,THROUGHPUT_MBPS,2.220000
16,16,STA,THROUGHPUT_MBPS,4.776000
16,17,STA,THROUGHPUT_MBPS,0.180000
16,18,STA,THROUGHPUT_MBPS,2.616000
16,19,STA,THROUGHPUT_MBPS,2.844000
16,20,STA,THROUGHPUT_MBPS,1.116000
16,21,STA,THROUGHPUT_MBPS,3.612000
16,1,AP,AGGREGATE_THROUGHPUT_MBPS,43.368000
16,1,AP,SENT_COUNT,8320.000000
16,1,AP,RECV_COUNT,3614.000000
16,1,AP,LATENCY_P95_MS,537.166127
16,17,STA,WIFI_DROP,
16.0024,17,STA,WIFI_DROP,
16.0048,17,STA,WIFI_DROP,
16.0072,17,STA,WIFI_DROP,
16.0096,17,STA,WIFI_DROP,
16.012,17,STA,WIFI_DROP,
16.0144,17,STA,WIFI_DROP,
16.4824,20,STA,WIFI_DROP,
16.4848,20,STA,WIFI_DROP,
16.4872,20,STA,WIFI_DROP,
16.4896,20,STA,WIFI_DROP,
16.492,20,STA,WIFI_DROP,
16.4944,20,STA,WIFI_DROP,
16.4968,20,STA,WIFI_DROP,
16.4992,20,STA,WIFI_DROP,
16.5016,20,STA,WIFI_DROP,
16.504,20,STA,WIFI_DROP,
16.5064,20,STA,WIFI_DROP,
16.5088,20,STA,WIFI_DROP,
16.5112,20,STA,WIFI_DROP,
16.5136,20,STA,WIFI_DROP,
16.516,20,STA,WIFI_DROP,
16.5184,20,STA,WIFI_DROP,
16.5208,20,STA,WIFI_DROP,
16.5232,20,STA,WIFI_DROP,
16.5256,20,STA,WIFI_DROP,
16.528,20,STA,WIFI_DROP,
16.5304,20,STA,WIFI_DROP,
16.5328,20,STA,WIFI_DROP,
16.5352,20,STA,WIFI_DROP,
16.5376,20,STA,WIFI_DROP,
16.54,20,STA,WIFI_DROP,
16.5424,20,STA,WIFI_DROP,
16.5448,20,STA,WIFI_DROP,
16.5472,20,STA,WIFI_DROP,
16.5496,20,STA,WIFI_DROP,
16.552,20,STA,WIFI_DROP,
16.5544,20,STA,WIFI_DROP,
16.5568,20,STA,WIFI_DROP,
16.5592,20,STA,WIFI_DROP,
16.5616,20,STA,WIFI_DROP,
16.564,20,STA,WIFI_DROP,
16.5664,20,STA,WIFI_DROP,
16.5688,20,STA,WIFI_DROP,
16.5712,20,STA,WIFI_DROP,
16.5736,20,STA,WIFI_DROP,
16.576,20,STA,WIFI_DROP,
16.5784,20,STA,WIFI_DROP,
16.5808,20,STA,WIFI_DROP,
16.5832,20,STA,WIFI_DROP,
16.5856,20,STA,WIFI_DROP,
16.588,20,STA,WIFI_DROP,
16.5904,20,STA,WIFI_DROP,
16.5928,20,STA,WIFI_DROP,
16.5952,20,STA,WIFI_DROP,
16.5976,20,STA,WIFI_DROP,
16.6,20,STA,WIFI_DROP,
16.6024,20,STA,WIFI_DROP,
16.6048,20,STA,WIFI_DROP,
16.6072,20,STA,WIFI_DROP,
16.6096,20,STA,WIFI_DROP,
16.612,20,STA,WIFI_DROP,
16.6144,20,STA,WIFI_DROP,
16.6168,20,STA,WIFI_DROP,
16.6192,20,STA,WIFI_DROP,
16.6216,20,STA,WIFI_DROP,
16.624,20,STA,WIFI_DROP,
16.6264,20,STA,WIFI_DROP,
16.6288,20,STA,WIFI_DROP,
16.6312,20,STA,WIFI_DROP,
16.6336,20,STA,WIFI_DROP,
16.636,20,STA,WIFI_DROP,
16.6384,20,STA,WIFI_DROP,
16.6408,20,STA,WIFI_DROP,
16.6432,20,STA,WIFI_DROP,
16.6456,20,STA,WIFI_DROP,
16.648,20,STA,WIFI_DROP,
16.6504,20,STA,WIFI_DROP,
16.6528,20,STA,WIFI_DROP,
16.6552,20,STA,WIFI_DROP,
16.6576,20,STA,WIFI_DROP,
16.66,20,STA,WIFI_DROP,
16.6624,20,STA,WIFI_DROP,
16.6648,20,STA,WIFI_DROP,
16.6672,20,STA,WIFI_DROP,
16.6696,20,STA,WIFI_DROP,
16.672,20,STA,WIFI_DROP,
16.6744,20,STA,WIFI_DROP,
16.6768,20,STA,WIFI_DROP,
16.6792,20,STA,WIFI_DROP,
16.6816,20,STA,WIFI_DROP,
16.684,20,STA,WIFI_DROP,
16.6864,20,STA,WIFI_DROP,
16.6888,20,STA,WIFI_DROP,
16.6912,20,STA,WIFI_DROP,
16.6936,20,STA,WIFI_DROP,
16.696,20,STA,WIFI_DROP,
16.6984,20,STA,WIFI_DROP,
16.7008,20,STA,WIFI_DROP,
16.7032,20,STA,WIFI_DROP,
16.7056,20,STA,WIFI_DROP,
16.708,20,STA,WIFI_DROP,
16.7104,20,STA,WIFI_DROP,
16.7128,20,STA,WIFI_DROP,
16.7152,20,STA,WIFI_DROP,
16.7176,20,STA,WIFI_DROP,
16.72,20,STA,WIFI_DROP,
16.7224,20,STA,WIFI_DROP,
16.7248,20,STA,WIFI_DROP,
16.7272,20,STA,WIFI_DROP,
16.7296,20,STA,WIFI_DROP,
16.732,20,STA,WIFI_DROP,
16.7344,20,STA,WIFI_DROP,
16.7368,20,STA,WIFI_DROP,
16.7392,20,STA,WIFI_DROP,
16.7416,20,STA,WIFI_DROP,
16.744,20,STA,WIFI_DROP,
16.7464,20,STA,WIFI_DROP,
16.7488,20,STA,WIFI_DROP,
16.7512,20,STA,WIFI_DROP,
16.7536,20,STA,WIFI_DROP,
16.756,20,STA,WIFI_DROP,
16.7584,20,STA,WIFI_DROP,
16.7608,20,STA,WIFI_DROP,
16.7632,20,STA,WIFI_DROP,
16.7656,20,STA,WIFI_DROP,
16.768,20,STA,WIFI_DROP,
16.7704,20,STA,WIFI_DROP,
16.7728,20,STA,WIFI_DROP,
16.7752,20,STA,WIFI_DROP,
16.7776,20,STA,WIFI_DROP,
16.78,20,STA,WIFI_DROP,
16.7824,20,STA,WIFI_DROP,
16.7848,20,STA,WIFI_DROP,
16.7872,20,STA,WIFI_DROP,
16.7896,20,STA,WIFI_DROP,
16.792,20,STA,WIFI_DROP,
16.7944,20,STA,WIFI_DROP,
16.7968,16,STA,WIFI_DROP,
16.7968,20,STA,WIFI_DROP,
16.7992,16,STA,WIFI_DROP,
16.7992,20,STA,WIFI_DROP,
16.8016,16,STA,WIFI_DROP,
16.8016,20,STA,WIFI_DROP,
16.804,16,STA,WIFI_DROP,
16.804,20,STA,WIFI_DROP,
16.8064,16,STA,WIFI_DROP,
16.8064,20,STA,WIFI_DROP,
16.8088,16,STA,WIFI_DROP,
16.8088,20,STA,WIFI_DROP,
16.8112,16,STA,WIFI_DROP,
16.8112,20,STA,WIFI_DROP,
16.8136,16,STA,WIFI_DROP,
16.8136,20,STA,WIFI_DROP,
16.816,16,STA,WIFI_DROP,
16.816,20,STA,WIFI_DROP,
16.8184,16,STA,WIFI_DROP,
16.8184,20,STA,WIFI_DROP,
16.8208,16,STA,WIFI_DROP,
16.8208,20,STA,WIFI_DROP,
16.8232,16,STA,WIFI_DROP,
16.8232,20,STA,WIFI_DROP,
16.8256,16,STA,WIFI_DROP,
16.8256,20,STA,WIFI_DROP,
16.828,16,STA,WIFI_DROP,
16.828,20,STA,WIFI_DROP,
16.8304,16,STA,WIFI_DROP,
16.8304,20,STA,WIFI_DROP,
16.8328,16,STA,WIFI_DROP,
16.8328,20,STA,WIFI_DROP,
16.8352,16,STA,WIFI_DROP,
16.8352,20,STA,WIFI_DROP,
16.8376,16,STA,WIFI_DROP,
16.8376,20,STA,WIFI_DROP,
16.84,16,STA,WIFI_DROP,
16.84,20,STA,WIFI_DROP,
16.8424,16,STA,WIFI_DROP,
16.8424,20,STA,WIFI_DROP,
16.8448,16,STA,WIFI_DROP,
16.8448,20,STA,WIFI_DROP,
16.8472,16,STA,WIFI_DROP,
16.8472,20,STA,WIFI_DROP,
16.8496,16,STA,WIFI_DROP,
16.8496,20,STA,WIFI_DROP,
16.852,16,STA,WIFI_DROP,
16.852,20,STA,WIFI_DROP,
16.8544,16,STA,WIFI_DROP,
16.8544,20,STA,WIFI_DROP,
16.8568,16,STA,WIFI_DROP,
16.8568,20,STA,WIFI_DROP,
16.8592,16,STA,WIFI_DROP,
16.8592,20,STA,WIFI_DROP,
16.8616,16,STA,WIFI_DROP,
16.8616,20,STA,WIFI_DROP,
16.864,16,STA,WIFI_DROP,
16.864,20,STA,WIFI_DROP,
16.8664,16,STA,WIFI_DROP,
16.8664,20,STA,WIFI_DROP,
16.8688,16,STA,WIFI_DROP,
16.8688,20,STA,WIFI_DROP,
16.8712,16,STA,WIFI_DROP,
16.8712,20,STA,WIFI_DROP,
16.8736,16,STA,WIFI_DROP,
16.8736,20,STA,WIFI_DROP,
16.876,16,STA,WIFI_DROP,
16.876,20,STA,WIFI_DROP,
16.8784,16,STA,WIFI_DROP,
16.8784,20,STA,WIFI_DROP,
16.8808,16,STA,WIFI_DROP,
16.8808,20,STA,WIFI_DROP,
16.8832,16,STA,WIFI_DROP,
16.8832,20,STA,WIFI_DROP,
16.8856,16,STA,WIFI_DROP,
16.8856,20,STA,WIFI_DROP,
16.888,16,STA,WIFI_DROP,
16.888,20,STA,WIFI_DROP,
16.8904,16,STA,WIFI_DROP,
16.8904,20,STA,WIFI_DROP,
16.8928,16,STA,WIFI_DROP,
16.8928,20,STA,WIFI_DROP,
16.8952,16,STA,WIFI_DROP,
16.8952,20,STA,WIFI_DROP,
16.8976,16,STA,WIFI_DROP,
16.8976,20,STA,WIFI_DROP,
16.9,16,STA,WIFI_DROP,
16.9,20,STA,WIFI_DROP,
16.9024,16,STA,WIFI_DROP,
16.9024,20,STA,WIFI_DROP,
16.9048,16,STA,WIFI_DROP,
16.9048,20,STA,WIFI_DROP,
16.9072,20,STA,WIFI_DROP,
16.9096,20,STA,WIFI_DROP,
16.912,20,STA,WIFI_DROP,
16.9144,20,STA,WIFI_DROP,
16.9168,20,STA,WIFI_DROP,
16.9192,20,STA,WIFI_DROP,
16.9216,20,STA,WIFI_DROP,
16.924,20,STA,WIFI_DROP,
16.9264,20,STA,WIFI_DROP,
16.9288,20,STA,WIFI_DROP,
16.9312,20,STA,WIFI_DROP,
16.9336,20,STA,WIFI_DROP,
16.936,20,STA,WIFI_DROP,
16.9384,20,STA,WIFI_DROP,
16.9408,20,STA,WIFI_DROP,
16.9432,20,STA,WIFI_DROP,
16.9456,20,STA,WIFI_DROP,
16.948,20,STA,WIFI_DROP,
16.9504,20,STA,WIFI_DROP,
16.9528,20,STA,WIFI_DROP,
16.9552,20,STA,WIFI_DROP,
16.9576,20,STA,WIFI_DROP,
16.96,20,STA,WIFI_DROP,
16.9624,20,STA,WIFI_DROP,
16.9648,20,STA,WIFI_DROP,
16.9672,20,STA,WIFI_DROP,
16.9696,20,STA,WIFI_DROP,
16.972,20,STA,WIFI_DROP,
16.9744,20,STA,WIFI_DROP,
16.9768,20,STA,WIFI_DROP,
16.9792,20,STA,WIFI_DROP,
16.9816,20,STA,WIFI_DROP,
16.984,20,STA,WIFI_DROP,
16.9864,20,STA,WIFI_DROP,
16.9888,20,STA,WIFI_DROP,
16.9912,20,STA,WIFI_DROP,
16.9936,20,STA,WIFI_DROP,
16.996,20,STA,WIFI_DROP,
16.9984,20,STA,WIFI_DROP,
17,2,STA,THROUGHPUT_MBPS,1.296000
17,3,STA,THROUGHPUT_MBPS,6.708000
17,4,STA,THROUGHPUT_MBPS,1.752000
17,5,STA,THROUGHPUT_MBPS,2.616000
17,6,STA,THROUGHPUT_MBPS,0.180000
17,9,STA,THROUGHPUT_MBPS,2.784000
17,11,STA,THROUGHPUT_MBPS,2.484000
17,13,STA,THROUGHPUT_MBPS,1.968000
17,14,STA,THROUGHPUT_MBPS,0.816000
17,15,STA,THROUGHPUT_MBPS,4.596000
17,16,STA,THROUGHPUT_MBPS,1.416000
17,17,STA,THROUGHPUT_MBPS,2.268000
17,18,STA,THROUGHPUT_MBPS,2.196000
17,19,STA,THROUGHPUT_MBPS,2.292000
17,20,STA,THROUGHPUT_MBPS,0.708000
17,21,STA,THROUGHPUT_MBPS,1.464000
17,1,AP,AGGREGATE_THROUGHPUT_MBPS,35.544000
17,1,AP,SENT_COUNT,8340.000000
17,1,AP,RECV_COUNT,2962.000000
17,1,AP,LATENCY_P95_MS,558.460039
17.0008,20,STA,WIFI_DROP,
17.0032,20,STA,WIFI_DROP,
17.0056,20,STA,WIFI_DROP,
17.008,20,STA,WIFI_DROP,
17.0104,20,STA,WIFI_DROP,
17.0128,20,STA,WIFI_DROP,
17.0152,20,STA,WIFI_DROP,
17.0176,20,STA,WIFI_DROP,
17.02,20,STA,WIFI_DROP,
17.0224,20,STA,WIFI_DROP,
17.0248,20,STA,WIFI_DROP,
17.0272,20,STA,WIFI_DROP,
17.0296,20,STA,WIFI_DROP,
17.032,20,STA,WIFI_DROP,
17.0344,20,STA,WIFI_DROP,
17.0368,20,STA,WIFI_DROP,
17.0392,20,STA,WIFI_DROP,
17.0416,20,STA,WIFI_DROP,
17.044,20,STA,WIFI_DROP,
17.0464,20,STA,WIFI_DROP,
17.0488,20,STA,WIFI_DROP,
17.0512,20,STA,WIFI_DROP,
17.0536,20,STA,WIFI_DROP,
17.056,20,STA,WIFI_DROP,
17.0584,20,STA,WIFI_DROP,
17.0608,20,STA,WIFI_DROP,
17.0632,20,STA,WIFI_DROP,
17.0656,20,STA,WIFI_DROP,
17.068,20,STA,WIFI_DROP,
17.0704,20,STA,WIFI_DROP,
17.0728,20,STA,WIFI_DROP,
17.0752,20,STA,WIFI_DROP,
17.0776,20,STA,WIFI_DROP,
17.08,20,STA,WIFI_DROP,
17.0824,20,STA,WIFI_DROP,
17.0848,20,STA,WIFI_DROP,
17.0872,20,STA,WIFI_DROP,
17.0896,20,STA,WIFI_DROP,
17.092,20,STA,WIFI_DROP,
17.0944,20,STA,WIFI_DROP,
17.0968,20,STA,WIFI_DROP,
17.0992,20,STA,WIFI_DROP,
17.1016,20,STA,WIFI_DROP,
17.104,20,STA,WIFI_DROP,
17.1064,20,STA,WIFI_DROP,
17.1088,20,STA,WIFI_DROP,
17.1112,20,STA,WIFI_DROP,
17.1136,20,STA,WIFI_DROP,
17.116,20,STA,WIFI_DROP,
17.1184,20,STA,WIFI_DROP,
17.1208,20,STA,WIFI_DROP,
17.1232,20,STA,WIFI_DROP,
17.1256,20,STA,WIFI_DROP,
17.128,20,STA,WIFI_DROP,
17.1304,20,STA,WIFI_DROP,
17.1328,20,STA,WIFI_DROP,
17.1352,20,STA,WIFI_DROP,
17.1376,20,STA,WIFI_DROP,
17.14,20,STA,WIFI_DROP,
17.1424,20,STA,WIFI_DROP,
17.1448,20,STA,WIFI_DROP,
17.1472,20,STA,WIFI_DROP,
17.1496,20,STA,WIFI_DROP,
17.152,20,STA,WIFI_DROP,
17.1544,20,STA,WIFI_DROP,
17.1568,20,STA,WIFI_DROP,
17.1592,20,STA,WIFI_DROP,
17.1616,20,STA,WIFI_DROP,
17.164,20,STA,WIFI_DROP,
17.1664,20,STA,WIFI_DROP,
17.1688,20,STA,WIFI_DROP,
17.1712,20,STA,WIFI_DROP,
17.1736,20,STA,WIFI_DROP,
17.176,20,STA,WIFI_DROP,
17.1784,20,STA,WIFI_DROP,
17.1808,20,STA,WIFI_DROP,
17.1832,20,STA,WIFI_DROP,
17.1856,20,STA,WIFI_DROP,
17.188,20,STA,WIFI_DROP,
17.1904,20,STA,WIFI_DROP,
17.1928,20,STA,WIFI_DROP,
17.1952,20,STA,WIFI_DROP,
17.1976,20,STA,WIFI_DROP,
17.2,20,STA,WIFI_DROP,
17.2024,20,STA,WIFI_DROP,
17.2048,20,STA,WIFI_DROP,
17.2072,20,STA,WIFI_DROP,
17.2096,20,STA,WIFI_DROP,
17.212,20,STA,WIFI_DROP,
17.2144,20,STA,WIFI_DROP,
17.2168,20,STA,WIFI_DROP,
17.2192,20,STA,WIFI_DROP,
17.2216,20,STA,WIFI_DROP,
17.224,20,STA,WIFI_DROP,
17.2264,20,STA,WIFI_DROP,
17.2288,20,STA,WIFI_DROP,
17.2312,20,STA,WIFI_DROP,
17.2336,20,STA,WIFI_DROP,
17.236,20,STA,WIFI_DROP,
17.2384,20,STA,WIFI_DROP,
17.2408,20,STA,WIFI_DROP,
17.2432,20,STA,WIFI_DROP,
17.2456,20,STA,WIFI_DROP,
17.248,20,STA,WIFI_DROP,
17.2504,20,STA,WIFI_DROP,
17.2528,20,STA,WIFI_DROP,
17.2552,20,STA,WIFI_DROP,
17.2576,20,STA,WIFI_DROP,
17.26,20,STA,WIFI_DROP,
17.2624,20,STA,WIFI_DROP,
17.2648,20,STA,WIFI_DROP,
17.2672,20,STA,WIFI_DROP,
17.2696,20,STA,WIFI_DROP,
17.272,20,STA,WIFI_DROP,
17.2744,20,STA,WIFI_DROP,
17.2768,20,STA,WIFI_DROP,
17.2792,20,STA,WIFI_DROP,
17.2816,20,STA,WIFI_DROP,
17.284,20,STA,WIFI_DROP,
17.2864,20,STA,WIFI_DROP,
17.2888,20,STA,WIFI_DROP,
17.2912,20,STA,WIFI_DROP,
17.2936,20,STA,WIFI_DROP,
17.296,20,STA,WIFI_DROP,
17.2984,20,STA,WIFI_DROP,
17.3008,20,STA,WIFI_DROP,
17.3032,20,STA,WIFI_DROP,
17.3056,20,STA,WIFI_DROP,
17.308,20,STA,WIFI_DROP,
17.3104,20,STA,WIFI_DROP,
17.3128,20,STA,WIFI_DROP,
17.3152,20,STA,WIFI_DROP,
17.3176,20,STA,WIFI_DROP,
17.32,20,STA,WIFI_DROP,
17.3224,20,STA,WIFI_DROP,
17.3248,20,STA,WIFI_DROP,
17.3272,20,STA,WIFI_DROP,
17.3296,20,STA,WIFI_DROP,
17.332,20,STA,WIFI_DROP,
17.3344,20,STA,WIFI_DROP,
17.3368,20,STA,WIFI_DROP,
17.3392,20,STA,WIFI_DROP,
17.3416,20,STA,WIFI_DROP,
17.344,20,STA,WIFI_DROP,
17.3464,20,STA,WIFI_DROP,
17.3488,20,STA,WIFI_DROP,
17.3512,20,STA,WIFI_DROP,
17.3536,20,STA,WIFI_DROP,
17.356,20,STA,WIFI_DROP,
17.3584,20,STA,WIFI_DROP,
17.3608,20,STA,WIFI_DROP,
17.3632,20,STA,WIFI_DROP,
17.3656,20,STA,WIFI_DROP,
17.368,20,STA,WIFI_DROP,
17.3704,20,STA,WIFI_DROP,
17.3728,20,STA,WIFI_DROP,
17.3752,20,STA,WIFI_DROP,
17.3776,20,STA,WIFI_DROP,
17.38,20,STA,WIFI_DROP,
17.3824,20,STA,WIFI_DROP,
17.3848,20,STA,WIFI_DROP,
17.3872,20,STA,WIFI_DROP,
17.3896,20,STA,WIFI_DROP,
17.392,20,STA,WIFI_DROP,
17.3944,20,STA,WIFI_DROP,
17.3968,20,STA,WIFI_DROP,
17.3992,20,STA,WIFI_DROP,
17.4016,20,STA,WIFI_DROP,
17.404,20,STA,WIFI_DROP,
17.4064,20,STA,WIFI_DROP,
17.4088,20,STA,WIFI_DROP,
17.4112,20,STA,WIFI_DROP,
17.4136,20,STA,WIFI_DROP,
17.416,20,STA,WIFI_DROP,
17.4184,20,STA,WIFI_DROP,
17.4208,20,STA,WIFI_DROP,
17.4232,20,STA,WIFI_DROP,
17.4256,20,STA,WIFI_DROP,
17.428,20,STA,WIFI_DROP,
17.4304,20,STA,WIFI_DROP,
17.4328,20,STA,WIFI_DROP,
17.4352,20,STA,WIFI_DROP,
17.4376,20,STA,WIFI_DROP,
17.44,20,STA,WIFI_DROP,
17.4424,20,STA,WIFI_DROP,
17.4448,20,STA,WIFI_DROP,
17.4472,20,STA,WIFI_DROP,
17.4496,20,STA,WIFI_DROP,
17.452,20,STA,WIFI_DROP,
17.4544,20,STA,WIFI_DROP,
17.4568,20,STA,WIFI_DROP,
17.4592,20,STA,WIFI_DROP,
17.4616,20,STA,WIFI_DROP,
17.464,20,STA,WIFI_DROP,
17.4664,20,STA,WIFI_DROP,
17.4688,20,STA,WIFI_DROP,
17.4712,20,STA,WIFI_DROP,
17.4736,20,STA,WIFI_DROP,
17.476,20,STA,WIFI_DROP,
17.4784,20,STA,WIFI_DROP,
17.4808,20,STA,WIFI_DROP,
17.4832,20,STA,WIFI_DROP,
17.4856,20,STA,WIFI_DROP,
17.488,20,STA,WIFI_DROP,
17.4904,20,STA,WIFI_DROP,
17.4928,20,STA,WIFI_DROP,
17.4952,20,STA,WIFI_DROP,
17.4976,20,STA,WIFI_DROP,
17.5,20,STA,WIFI_DROP,
17.5024,20,STA,WIFI_DROP,
17.5048,20,STA,WIFI_DROP,
17.5072,20,STA,WIFI_DROP,
17.5096,20,STA,WIFI_DROP,
17.512,20,STA,WIFI_DROP,
17.5144,20,STA,WIFI_DROP,
17.5168,20,STA,WIFI_DROP,
17.5192,20,STA,WIFI_DROP,
17.5216,20,STA,WIFI_DROP,
17.524,20,STA,WIFI_DROP,
17.5264,20,STA,WIFI_DROP,
17.5288,20,STA,WIFI_DROP,
17.5312,20,STA,WIFI_DROP,
17.5336,20,STA,WIFI_DROP,
17.536,20,STA,WIFI_DROP,
17.5384,20,STA,WIFI_DROP,
17.5408,20,STA,WIFI_DROP,
17.5432,20,STA,WIFI_DROP,
17.5456,20,STA,WIFI_DROP,
17.548,20,STA,WIFI_DROP,
17.5504,20,STA,WIFI_DROP,
17.5528,20,STA,WIFI_DROP,
17.5552,20,STA,WIFI_DROP,
17.5576,20,STA,WIFI_DROP,
17.56,20,STA,WIFI_DROP,
17.5624,20,STA,WIFI_DROP,
17.5648,20,STA,WIFI_DROP,
17.5672,20,STA,WIFI_DROP,
17.5696,20,STA,WIFI_DROP,
17.572,20,STA,WIFI_DROP,
17.5744,20,STA,WIFI_DROP,
17.5768,20,STA,WIFI_DROP,
17.5792,20,STA,WIFI_DROP,
17.5816,20,STA,WIFI_DROP,
17.584,20,STA,WIFI_DROP,
17.5864,20,STA,WIFI_DROP,
17.5888,20,STA,WIFI_DROP,
17.5912,20,STA,WIFI_DROP,
17.5936,20,STA,WIFI_DROP,
17.596,20,STA,WIFI_DROP,
17.5984,20,STA,WIFI_DROP,
17.6008,20,STA,WIFI_DROP,
17.6032,20,STA,WIFI_DROP,
17.6056,20,STA,WIFI_DROP,
17.608,20,STA,WIFI_DROP,
17.6104,20,STA,WIFI_DROP,
17.6128,20,STA,WIFI_DROP,
17.6152,20,STA,WIFI_DROP,
17.6176,20,STA,WIFI_DROP,
17.62,20,STA,WIFI_DROP,
17.6224,20,STA,WIFI_DROP,
17.6248,20,STA,WIFI_DROP,
17.6272,20,STA,WIFI_DROP,
17.6296,20,STA,WIFI_DROP,
17.632,20,STA,WIFI_DROP,
17.6344,20,STA,WIFI_DROP,
17.6368,20,STA,WIFI_DROP,
17.6392,20,STA,WIFI_DROP,
17.6416,20,STA,WIFI_DROP,
17.644,20,STA,WIFI_DROP,
17.6464,20,STA,WIFI_DROP,
17.6488,20,STA,WIFI_DROP,
17.6512,20,STA,WIFI_DROP,
17.6536,20,STA,WIFI_DROP,
17.656,20,STA,WIFI_DROP,
17.6584,20,STA,WIFI_DROP,
17.6608,20,STA,WIFI_DROP,
17.6632,20,STA,WIFI_DROP,
17.6656,20,STA,WIFI_DROP,
17.668,20,STA,WIFI_DROP,
17.6704,20,STA,WIFI_DROP,
17.6728,20,STA,WIFI_DROP,
17.6752,20,STA,WIFI_DROP,
17.6776,20,STA,WIFI_DROP,
17.68,20,STA,WIFI_DROP,
17.6824,20,STA,WIFI_DROP,
17.6848,20,STA,WIFI_DROP,
17.6872,20,STA,WIFI_DROP,
17.6896,20,STA,WIFI_DROP,
17.692,20,STA,WIFI_DROP,
17.6944,20,STA,WIFI_DROP,
17.6968,20,STA,WIFI_DROP,
17.6992,20,STA,WIFI_DROP,
17.7016,20,STA,WIFI_DROP,
17.704,20,STA,WIFI_DROP,
17.7064,20,STA,WIFI_DROP,
17.7088,20,STA,WIFI_DROP,
17.7112,20,STA,WIFI_DROP,
17.7136,20,STA,WIFI_DROP,
17.716,20,STA,WIFI_DROP,
17.7184,20,STA,WIFI_DROP,
17.7208,20,STA,WIFI_DROP,
17.7232,20,STA,WIFI_DROP,
17.7256,20,STA,WIFI_DROP,
17.728,20,STA,WIFI_DROP,
17.7304,20,STA,WIFI_DROP,
17.7328,20,STA,WIFI_DROP,
17.7352,20,STA,WIFI_DROP,
17.7376,20,STA,WIFI_DROP,
17.74,20,STA,WIFI_DROP,
17.7424,20,STA,WIFI_DROP,
17.7448,20,STA,WIFI_DROP,
17.7472,20,STA,WIFI_DROP,
17.7496,20,STA,WIFI_DROP,
17.752,20,STA,WIFI_DROP,
17.7544,20,STA,WIFI_DROP,
17.7568,20,STA,WIFI_DROP,
17.7592,20,STA,WIFI_DROP,
17.7616,20,STA,WIFI_DROP,
17.764,20,STA,WIFI_DROP,
17.7664,20,STA,WIFI_DROP,
17.7688,20,STA,WIFI_DROP,
17.7712,20,STA,WIFI_DROP,
17.7736,20,STA,WIFI_DROP,
17.776,20,STA,WIFI_DROP,
17.7784,20,STA,WIFI_DROP,
17.7808,20,STA,WIFI_DROP,
17.7832,20,STA,WIFI_DROP,
17.7856,20,STA,WIFI_DROP,
17.788,20,STA,WIFI_DROP,
17.7904,20,STA,WIFI_DROP,
17.7928,20,STA,WIFI_DROP,
17.7952,20,STA,WIFI_DROP,
17.7976,20,STA,WIFI_DROP,
17.8,20,STA,WIFI_DROP,
17.8024,20,STA,WIFI_DROP,
17.8048,20,STA,WIFI_DROP,
17.8072,20,STA,WIFI_DROP,
17.8096,20,STA,WIFI_DROP,
17.812,20,STA,WIFI_DROP,
17.8144,20,STA,WIFI_DROP,
17.8168,20,STA,WIFI_DROP,
17.8192,20,STA,WIFI_DROP,
17.8216,20,STA,WIFI_DROP,
17.824,20,STA,WIFI_DROP,
17.8264,20,STA,WIFI_DROP,
17.8288,20,STA,WIFI_DROP,
17.8312,20,STA,WIFI_DROP,
17.8336,20,STA,WIFI_DROP,
17.836,20,STA,WIFI_DROP,
17.8384,20,STA,WIFI_DROP,
17.8408,20,STA,WIFI_DROP,
17.8432,20,STA,WIFI_DROP,
17.8456,20,STA,WIFI_DROP,
17.848,20,STA,WIFI_DROP,
17.8504,20,STA,WIFI_DROP,
17.8528,20,STA,WIFI_DROP,
17.8552,20,STA,WIFI_DROP,
17.8576,20,STA,WIFI_DROP,
17.86,20,STA,WIFI_DROP,
17.8624,20,STA,WIFI_DROP,
17.8648,20,STA,WIFI_DROP,
17.8672,20,STA,WIFI_DROP,
17.8696,20,STA,WIFI_DROP,
17.872,20,STA,WIFI_DROP,
17.8744,20,STA,WIFI_DROP,
17.8768,20,STA,WIFI_DROP,
17.8792,20,STA,WIFI_DROP,
17.8816,20,STA,WIFI_DROP,
17.884,20,STA,WIFI_DROP,
17.8864,20,STA,WIFI_DROP,
17.8888,20,STA,WIFI_DROP,
17.8912,20,STA,WIFI_DROP,
17.8936,20,STA,WIFI_DROP,
17.896,20,STA,WIFI_DROP,
17.8984,20,STA,WIFI_DROP,
17.9008,20,STA,WIFI_DROP,
17.9032,20,STA,WIFI_DROP,
17.9056,20,STA,WIFI_DROP,
17.908,20,STA,WIFI_DROP,
17.9104,20,STA,WIFI_DROP,
17.9128,20,STA,WIFI_DROP,
17.9152,20,STA,WIFI_DROP,
17.9176,20,STA,WIFI_DROP,
17.92,20,STA,WIFI_DROP,
17.9224,20,STA,WIFI_DROP,
17.9248,20,STA,WIFI_DROP,
17.9272,20,STA,WIFI_DROP,
17.9296,20,STA,WIFI_DROP,
17.932,20,STA,WIFI_DROP,
17.9344,20,STA,WIFI_DROP,
17.9368,20,STA,WIFI_DROP,
17.9392,20,STA,WIFI_DROP,
17.9416,20,STA,WIFI_DROP,
17.944,20,STA,WIFI_DROP,
17.9464,20,STA,WIFI_DROP,
17.9488,20,STA,WIFI_DROP,
17.9512,20,STA,WIFI_DROP,
17.9536,20,STA,WIFI_DROP,
17.956,20,STA,WIFI_DROP,
17.9584,20,STA,WIFI_DROP,
17.9608,20,STA,WIFI_DROP,
17.9632,20,STA,WIFI_DROP,
17.9656,20,STA,WIFI_DROP,
17.968,20,STA,WIFI_DROP,
17.9704,20,STA,WIFI_DROP,
17.9728,20,STA,WIFI_DROP,
17.9752,20,STA,WIFI_DROP,
17.9776,20,STA,WIFI_DROP,
17.98,20,STA,WIFI_DROP,
17.9824,20,STA,WIFI_DROP,
17.9848,20,STA,WIFI_DROP,
17.9872,20,STA,WIFI_DROP,
17.9896,20,STA,WIFI_DROP,
17.992,20,STA,WIFI_DROP,
17.9944,20,STA,WIFI_DROP,
17.9968,20,STA,WIFI_DROP,
17.9992,20,STA,WIFI_DROP,
18,2,STA,THROUGHPUT_MBPS,1.992000
18,3,STA,THROUGHPUT_MBPS,4.668000
18,4,STA,THROUGHPUT_MBPS,5.244000
18,5,STA,THROUGHPUT_MBPS,4.128000
18,6,STA,THROUGHPUT_MBPS,4.440000
18,9,STA,THROUGHPUT_MBPS,1.740000
18,11,STA,THROUGHPUT_MBPS,4.524000
18,13,STA,THROUGHPUT_MBPS,1.284000
18,14,STA,THROUGHPUT_MBPS,2.988000
18,15,STA,THROUGHPUT_MBPS,2.916000
18,17,STA,THROUGHPUT_MBPS,3.528000
18,18,STA,THROUGHPUT_MBPS,1.116000
18,19,STA,THROUGHPUT_MBPS,0.768000
18,21,STA,THROUGHPUT_MBPS,1.164000
18,1,AP,AGGREGATE_THROUGHPUT_MBPS,40.500000
18,1,AP,SENT_COUNT,8340.000000
18,1,AP,RECV_COUNT,3375.000000
18,1,AP,LATENCY_P95_MS,533.258055
18.0016,20,STA,WIFI_DROP,
18.004,20,STA,WIFI_DROP,
18.0064,20,STA,WIFI_DROP,
18.0088,20,STA,WIFI_DROP,
18.0112,20,STA,WIFI_DROP,
18.0136,20,STA,WIFI_DROP,
18.016,20,STA,WIFI_DROP,
18.0184,20,STA,WIFI_DROP,
18.0208,20,STA,WIFI_DROP,
18.0232,20,STA,WIFI_DROP,
18.0256,20,STA,WIFI_DROP,
18.028,20,STA,WIFI_DROP,
18.0304,20,STA,WIFI_DROP,
18.0328,20,STA,WIFI_DROP,
18.0352,20,STA,WIFI_DROP,
18.0376,20,STA,WIFI_DROP,
18.04,20,STA,WIFI_DROP,
18.0424,20,STA,WIFI_DROP,
18.0448,20,STA,WIFI_DROP,
18.0472,20,STA,WIFI_DROP,
18.0496,20,STA,WIFI_DROP,
18.052,20,STA,WIFI_DROP,
18.0544,20,STA,WIFI_DROP,
18.0568,20,STA,WIFI_DROP,
18.0592,20,STA,WIFI_DROP,
18.0616,20,STA,WIFI_DROP,
18.064,20,STA,WIFI_DROP,
18.0664,20,STA,WIFI_DROP,
18.0688,20,STA,WIFI_DROP,
18.0712,20,STA,WIFI_DROP,
18.0736,20,STA,WIFI_DROP,
18.076,20,STA,WIFI_DROP,
18.0784,20,STA,WIFI_DROP,
18.0808,20,STA,WIFI_DROP,
18.0832,20,STA,WIFI_DROP,
18.0856,20,STA,WIFI_DROP,
18.1072,20,STA,WIFI_DROP,
18.1096,20,STA,WIFI_DROP,
18.112,20,STA,WIFI_DROP,
18.1144,20,STA,WIFI_DROP,
18.1168,20,STA,WIFI_DROP,
18.1192,20,STA,WIFI_DROP,
18.1216,20,STA,WIFI_DROP,
18.124,20,STA,WIFI_DROP,
18.1264,20,STA,WIFI_DROP,
18.1288,20,STA,WIFI_DROP,
18.1312,20,STA,WIFI_DROP,
18.1336,20,STA,WIFI_DROP,
18.136,20,STA,WIFI_DROP,
18.1384,20,STA,WIFI_DROP,
18.1408,20,STA,WIFI_DROP,
18.1432,20,STA,WIFI_DROP,
18.1456,20,STA,WIFI_DROP,
18.148,20,STA,WIFI_DROP,
18.1504,20,STA,WIFI_DROP,
18.1528,20,STA,WIFI_DROP,
18.1552,20,STA,WIFI_DROP,
18.1576,20,STA,WIFI_DROP,
18.16,20,STA,WIFI_DROP,
19,2,STA,THROUGHPUT_MBPS,1.272000
19,3,STA,THROUGHPUT_MBPS,3.468000
19,4,STA,THROUGHPUT_MBPS,1.476000
19,5,STA,THROUGHPUT_MBPS,2.064000
19,6,STA,THROUGHPUT_MBPS,4.668000
19,9,STA,THROUGHPUT_MBPS,1.536000
19,11,STA,THROUGHPUT_MBPS,0.828000
19,13,STA,THROUGHPUT_MBPS,3.336000
19,14,STA,THROUGHPUT_MBPS,2.532000
19,15,STA,THROUGHPUT_MBPS,3.912000
19,17,STA,THROUGHPUT_MBPS,0.576000
19,18,STA,THROUGHPUT_MBPS,4.548000
19,19,STA,THROUGHPUT_MBPS,3.144000
19,21,STA,THROUGHPUT_MBPS,2.352000
19,1,AP,AGGREGATE_THROUGHPUT_MBPS,35.712000
19,1,AP,SENT_COUNT,8320.000000
19,1,AP,RECV_COUNT,2976.000000
19,1,AP,LATENCY_P95_MS,548.342150
19.0384,4,STA,WIFI_DROP,
19.0408,4,STA,WIFI_DROP,
19.0432,4,STA,WIFI_DROP,
19.0456,4,STA,WIFI_DROP,
19.048,4,STA,WIFI_DROP,
19.0504,4,STA,WIFI_DROP,
19.0528,4,STA,WIFI_DROP,
19.0552,4,STA,WIFI_DROP,
19.0576,4,STA,WIFI_DROP,
19.06,4,STA,WIFI_DROP,
19.0624,4,STA,WIFI_DROP,
19.0648,4,STA,WIFI_DROP,
19.0672,4,STA,WIFI_DROP,
19.0696,4,STA,WIFI_DROP,
19.072,4,STA,WIFI_DROP,
19.0744,4,STA,WIFI_DROP,
19.0768,4,STA,WIFI_DROP,
19.0792,4,STA,WIFI_DROP,
19.0816,4,STA,WIFI_DROP,
19.084,4,STA,WIFI_DROP,
19.0864,4,STA,WIFI_DROP,
19.0888,4,STA,WIFI_DROP,
19.0912,4,STA,WIFI_DROP,
19.0936,4,STA,WIFI_DROP,
19.096,4,STA,WIFI_DROP,
19.0984,4,STA,WIFI_DROP,
19.1008,4,STA,WIFI_DROP,
19.1032,4,STA,WIFI_DROP,
19.1056,4,STA,WIFI_DROP,
19.108,4,STA,WIFI_DROP,
19.1104,4,STA,WIFI_DROP,
19.1128,4,STA,WIFI_DROP,
19.1152,4,STA,WIFI_DROP,
19.1176,4,STA,WIFI_DROP,
19.12,4,STA,WIFI_DROP,
19.1224,4,STA,WIFI_DROP,
19.1248,4,STA,WIFI_DROP,
19.1272,4,STA,WIFI_DROP,
19.1296,4,STA,WIFI_DROP,
19.132,4,STA,WIFI_DROP,
19.1344,4,STA,WIFI_DROP,
19.1368,4,STA,WIFI_DROP,
19.1392,4,STA,WIFI_DROP,
19.1416,4,STA,WIFI_DROP,
19.144,4,STA,WIFI_DROP,
19.1464,4,STA,WIFI_DROP,
19.1488,4,STA,WIFI_DROP,
19.1512,4,STA,WIFI_DROP,
19.1536,4,STA,WIFI_DROP,
19.156,4,STA,WIFI_DROP,
19.1584,4,STA,WIFI_DROP,
19.1608,4,STA,WIFI_DROP,
19.1632,4,STA,WIFI_DROP,
19.1656,4,STA,WIFI_DROP,
19.168,4,STA,WIFI_DROP,
19.1704,4,STA,WIFI_DROP,
19.1728,4,STA,WIFI_DROP,
19.1752,4,STA,WIFI_DROP,
19.1776,4,STA,WIFI_DROP,
19.18,4,STA,WIFI_DROP,
19.1824,4,STA,WIFI_DROP,
19.1848,4,STA,WIFI_DROP,
19.1872,4,STA,WIFI_DROP,
19.1896,4,STA,WIFI_DROP,
19.192,4,STA,WIFI_DROP,
19.1944,4,STA,WIFI_DROP,
19.1968,4,STA,WIFI_DROP,
19.1992,4,STA,WIFI_DROP,
19.2016,4,STA,WIFI_DROP,
19.204,4,STA,WIFI_DROP,
19.2064,4,STA,WIFI_DROP,
19.2088,4,STA,WIFI_DROP,
19.2112,4,STA,WIFI_DROP,
19.2136,4,STA,WIFI_DROP,
19.216,4,STA,WIFI_DROP,
19.2184,4,STA,WIFI_DROP,
19.2208,4,STA,WIFI_DROP,
19.2232,4,STA,WIFI_DROP,
19.2256,4,STA,WIFI_DROP,
19.228,4,STA,WIFI_DROP,
19.2304,4,STA,WIFI_DROP,
19.2328,4,STA,WIFI_DROP,
19.2352,4,STA,WIFI_DROP,
19.2376,4,STA,WIFI_DROP,
19.24,4,STA,WIFI_DROP,
19.2424,4,STA,WIFI_DROP,
19.2448,4,STA,WIFI_DROP,
19.2472,4,STA,WIFI_DROP,
19.2496,4,STA,WIFI_DROP,
19.252,4,STA,WIFI_DROP,
19.2544,4,STA,WIFI_DROP,
19.2568,4,STA,WIFI_DROP,
19.2592,4,STA,WIFI_DROP,
19.2616,4,STA,WIFI_DROP,
19.264,4,STA,WIFI_DROP,
19.2664,4,STA,WIFI_DROP,
19.2688,4,STA,WIFI_DROP,
19.2712,4,STA,WIFI_DROP,
19.2736,4,STA,WIFI_DROP,
19.276,4,STA,WIFI_DROP,
19.2784,4,STA,WIFI_DROP,
19.2808,4,STA,WIFI_DROP,
19.2832,4,STA,WIFI_DROP,
19.2856,4,STA,WIFI_DROP,
19.288,4,STA,WIFI_DROP,
19.2904,4,STA,WIFI_DROP,
19.348,5,STA,WIFI_DROP,
19.3504,5,STA,WIFI_DROP,
19.3528,5,STA,WIFI_DROP,
19.3552,5,STA,WIFI_DROP,
19.3576,5,STA,WIFI_DROP,
19.36,5,STA,WIFI_DROP,
19.3624,5,STA,WIFI_DROP,
19.3648,5,STA,WIFI_DROP,
19.3672,5,STA,WIFI_DROP,
19.3696,5,STA,WIFI_DROP,
19.372,5,STA,WIFI_DROP,
19.3744,5,STA,WIFI_DROP,
19.3768,5,STA,WIFI_DROP,
19.3792,5,STA,WIFI_DROP,
19.3816,5,STA,WIFI_DROP,
19.384,5,STA,WIFI_DROP,
19.3864,5,STA,WIFI_DROP,
19.3888,5,STA,WIFI_DROP,
19.3912,5,STA,WIFI_DROP,
19.3936,5,STA,WIFI_DROP,
19.396,5,STA,WIFI_DROP,
19.3984,5,STA,WIFI_DROP,
19.4008,5,STA,WIFI_DROP,
19.4032,5,STA,WIFI_DROP,
19.4056,5,STA,WIFI_DROP,
19.408,5,STA,WIFI_DROP,
19.4104,5,STA,WIFI_DROP,
19.4128,5,STA,WIFI_DROP,
19.4152,5,STA,WIFI_DROP,
19.4176,5,STA,WIFI_DROP,
19.42,5,STA,WIFI_DROP,
19.4224,5,STA,WIFI_DROP,
19.4248,5,STA,WIFI_DROP,
19.4272,5,STA,WIFI_DROP,
19.4296,5,STA,WIFI_DROP,
19.432,5,STA,WIFI_DROP,
19.4344,5,STA,WIFI_DROP,
19.4368,5,STA,WIFI_DROP,
19.4392,5,STA,WIFI_DROP,
19.4416,5,STA,WIFI_DROP,
19.444,5,STA,WIFI_DROP,
19.4464,5,STA,WIFI_DROP,
19.4488,5,STA,WIFI_DROP,
19.4512,5,STA,WIFI_DROP,
19.4536,5,STA,WIFI_DROP,
19.456,5,STA,WIFI_DROP,
19.4584,5,STA,WIFI_DROP,
19.4608,5,STA,WIFI_DROP,
19.4632,5,STA,WIFI_DROP,
19.4656,5,STA,WIFI_DROP,
19.468,5,STA,WIFI_DROP,
19.4704,5,STA,WIFI_DROP,
19.4728,5,STA,WIFI_DROP,
19.4752,5,STA,WIFI_DROP,
19.4776,5,STA,WIFI_DROP,
19.48,5,STA,WIFI_DROP,
19.4824,5,STA,WIFI_DROP,
19.4848,5,STA,WIFI_DROP,
19.4872,5,STA,WIFI_DROP,
19.4896,5,STA,WIFI_DROP,
19.492,5,STA,WIFI_DROP,
19.4944,5,STA,WIFI_DROP,
19.4968,5,STA,WIFI_DROP,
19.4992,5,STA,WIFI_DROP,
19.5016,5,STA,WIFI_DROP,
19.504,5,STA,WIFI_DROP,
19.5064,5,STA,WIFI_DROP,
19.5088,5,STA,WIFI_DROP,
19.5112,5,STA,WIFI_DROP,
19.5136,5,STA,WIFI_DROP,
19.516,5,STA,WIFI_DROP,
19.5184,5,STA,WIFI_DROP,
19.5208,5,STA,WIFI_DROP,
19.5232,5,STA,WIFI_DROP,
19.5256,5,STA,WIFI_DROP,
19.528,5,STA,WIFI_DROP,
19.5304,5,STA,WIFI_DROP,
19.5328,5,STA,WIFI_DROP,
19.5352,5,STA,WIFI_DROP,
19.5376,5,STA,WIFI_DROP,
19.54,5,STA,WIFI_DROP,
19.5424,5,STA,WIFI_DROP,
19.5448,5,STA,WIFI_DROP,
19.5472,5,STA,WIFI_DROP,
19.5496,5,STA,WIFI_DROP,
19.552,5,STA,WIFI_DROP,
19.5544,5,STA,WIFI_DROP,
19.5568,5,STA,WIFI_DROP,
19.5592,5,STA,WIFI_DROP,
19.5616,5,STA,WIFI_DROP,
19.564,5,STA,WIFI_DROP,
19.5664,5,STA,WIFI_DROP,
19.5688,5,STA,WIFI_DROP,
19.5712,5,STA,WIFI_DROP,
19.5736,5,STA,WIFI_DROP,
19.576,5,STA,WIFI_DROP,
19.5784,5,STA,WIFI_DROP,
19.5808,5,STA,WIFI_DROP,
19.5832,5,STA,WIFI_DROP,
19.5856,5,STA,WIFI_DROP,
19.588,5,STA,WIFI_DROP,
19.5904,5,STA,WIFI_DROP,
19.5928,5,STA,WIFI_DROP,
19.5952,5,STA,WIFI_DROP,
19.5976,5,STA,WIFI_DROP,
19.6,5,STA,WIFI_DROP,
19.6024,5,STA,WIFI_DROP,
19.6048,5,STA,WIFI_DROP,
19.6072,5,STA,WIFI_DROP,
19.6096,5,STA,WIFI_DROP,
19.612,5,STA,WIFI_DROP,
19.6144,5,STA,WIFI_DROP,
19.6168,5,STA,WIFI_DROP,
19.6192,5,STA,WIFI_DROP,
19.6216,5,STA,WIFI_DROP,
19.624,5,STA,WIFI_DROP,
19.6264,5,STA,WIFI_DROP,
19.6288,5,STA,WIFI_DROP,
19.6312,5,STA,WIFI_DROP,
19.6336,5,STA,WIFI_DROP,
19.636,5,STA,WIFI_DROP,
19.6384,5,STA,WIFI_DROP,
19.6408,5,STA,WIFI_DROP,
19.6432,5,STA,WIFI_DROP,
19.6456,5,STA,WIFI_DROP,
19.648,5,STA,WIFI_DROP,
19.6504,5,STA,WIFI_DROP,
19.6528,5,STA,WIFI_DROP,
19.6552,5,STA,WIFI_DROP,
19.6576,5,STA,WIFI_DROP,
19.66,5,STA,WIFI_DROP,
19.6624,5,STA,WIFI_DROP,
19.6648,5,STA,WIFI_DROP,
19.6672,5,STA,WIFI_DROP,
19.6696,5,STA,WIFI_DROP,
19.672,5,STA,WIFI_DROP,
19.6744,5,STA,WIFI_DROP,
19.6768,5,STA,WIFI_DROP,
19.6792,5,STA,WIFI_DROP,
19.6816,5,STA,WIFI_DROP,
19.684,5,STA,WIFI_DROP,
19.6864,5,STA,WIFI_DROP,
19.6888,5,STA,WIFI_DROP,
19.6912,5,STA,WIFI_DROP,
19.6936,5,STA,WIFI_DROP,
19.696,5,STA,WIFI_DROP,
19.6984,5,STA,WIFI_DROP,
19.7008,5,STA,WIFI_DROP,
19.7032,5,STA,WIFI_DROP,
19.7056,5,STA,WIFI_DROP,
19.708,5,STA,WIFI_DROP,
19.7104,5,STA,WIFI_DROP,
19.7128,5,STA,WIFI_DROP,
19.7152,5,STA,WIFI_DROP,
19.7176,5,STA,WIFI_DROP,
19.72,5,STA,WIFI_DROP,
19.7224,5,STA,WIFI_DROP,
19.7248,5,STA,WIFI_DROP,
19.7272,5,STA,WIFI_DROP,
19.7296,5,STA,WIFI_DROP,
19.732,5,STA,WIFI_DROP,
19.7344,5,STA,WIFI_DROP,
19.7368,5,STA,WIFI_DROP,
19.7392,5,STA,WIFI_DROP,
19.7416,5,STA,WIFI_DROP,
19.744,5,STA,WIFI_DROP,
19.7464,5,STA,WIFI_DROP,
19.7488,5,STA,WIFI_DROP,
19.7512,5,STA,WIFI_DROP,
19.7536,5,STA,WIFI_DROP,
19.756,5,STA,WIFI_DROP,
19.7584,5,STA,WIFI_DROP,
19.7608,5,STA,WIFI_DROP,
19.7632,5,STA,WIFI_DROP,
19.7656,5,STA,WIFI_DROP,
19.768,5,STA,WIFI_DROP,
19.7704,5,STA,WIFI_DROP,
19.7728,5,STA,WIFI_DROP,
19.7752,5,STA,WIFI_DROP,
19.7776,5,STA,WIFI_DROP,
19.78,5,STA,WIFI_DROP,
19.7824,5,STA,WIFI_DROP,
19.7848,5,STA,WIFI_DROP,
19.7872,5,STA,WIFI_DROP,
19.7896,5,STA,WIFI_DROP,
19.792,5,STA,WIFI_DROP,
19.7944,5,STA,WIFI_DROP,
19.7968,5,STA,WIFI_DROP,
19.7992,5,STA,WIFI_DROP,
19.8016,5,STA,WIFI_DROP,
19.804,5,STA,WIFI_DROP,
19.8064,5,STA,WIFI_DROP,
19.8088,5,STA,WIFI_DROP,
19.8112,5,STA,WIFI_DROP,
19.8136,5,STA,WIFI_DROP,
19.816,5,STA,WIFI_DROP,
19.8184,5,STA,WIFI_DROP,
19.8208,5,STA,WIFI_DROP,
19.8232,5,STA,WIFI_DROP,
19.8256,5,STA,WIFI_DROP,
19.828,5,STA,WIFI_DROP,
19.8304,5,STA,WIFI_DROP,
19.8328,5,STA,WIFI_DROP,
19.8352,5,STA,WIFI_DROP,
19.8376,5,STA,WIFI_DROP,
19.84,5,STA,WIFI_DROP,
19.8424,5,STA,WIFI_DROP,
19.8448,5,STA,WIFI_DROP,
19.8472,5,STA,WIFI_DROP,
19.8496,5,STA,WIFI_DROP,
19.852,5,STA,WIFI_DROP,
19.8544,5,STA,WIFI_DROP,
19.8568,5,STA,WIFI_DROP,
19.8592,5,STA,WIFI_DROP,
19.8616,5,STA,WIFI_DROP,
19.864,5,STA,WIFI_DROP,
19.8664,5,STA,WIFI_DROP,
19.8688,5,STA,WIFI_DROP,
19.8712,5,STA,WIFI_DROP,
19.8736,5,STA,WIFI_DROP,
19.876,5,STA,WIFI_DROP,
19.8784,5,STA,WIFI_DROP,
19.8808,5,STA,WIFI_DROP,
19.8832,5,STA,WIFI_DROP,
19.8856,5,STA,WIFI_DROP,
19.888,5,STA,WIFI_DROP,
19.8904,5,STA,WIFI_DROP,
19.8928,5,STA,WIFI_DROP,
19.8952,5,STA,WIFI_DROP,
19.8976,5,STA,WIFI_DROP,
19.9,5,STA,WIFI_DROP,
19.9024,5,STA,WIFI_DROP,
19.9048,5,STA,WIFI_DROP,
19.9072,5,STA,WIFI_DROP,
19.9096,5,STA,WIFI_DROP,
19.912,5,STA,WIFI_DROP,
19.9144,5,STA,WIFI_DROP,
19.9168,5,STA,WIFI_DROP,
19.9192,5,STA,WIFI_DROP,
19.9216,5,STA,WIFI_DROP,
19.924,5,STA,WIFI_DROP,
19.9264,5,STA,WIFI_DROP,
19.9288,5,STA,WIFI_DROP,
19.9312,5,STA,WIFI_DROP,
19.9336,5,STA,WIFI_DROP,
19.936,5,STA,WIFI_DROP,
19.9384,5,STA,WIFI_DROP,
19.9408,5,STA,WIFI_DROP,
19.9432,5,STA,WIFI_DROP,
19.9456,5,STA,WIFI_DROP,
19.948,5,STA,WIFI_DROP,
19.9504,5,STA,WIFI_DROP,
19.9528,5,STA,WIFI_DROP,
19.9552,5,STA,WIFI_DROP,
19.9576,5,STA,WIFI_DROP,
19.96,5,STA,WIFI_DROP,
19.9624,5,STA,WIFI_DROP,
19.9648,5,STA,WIFI_DROP,
19.9672,5,STA,WIFI_DROP,
19.9696,5,STA,WIFI_DROP,
19.972,5,STA,WIFI_DROP,
19.9744,5,STA,WIFI_DROP,
19.9768,5,STA,WIFI_DROP,
19.9792,5,STA,WIFI_DROP,
19.9816,5,STA,WIFI_DROP,
19.984,5,STA,WIFI_DROP,
19.9864,5,STA,WIFI_DROP,
19.9888,5,STA,WIFI_DROP,
19.9912,5,STA,WIFI_DROP,
19.9936,5,STA,WIFI_DROP,
19.996,5,STA,WIFI_DROP,
19.9984,5,STA,WIFI_DROP,
